boshyoi	raw=অবশ্যই:DICTIONARY:0.96	lit=বশ্যৈ	valid=false	clean=false	freq=0	gate=null	commit=অবশ্যই
bosthit	raw=অবস্থিত:DICTIONARY:0.96	lit=বস্থিত	valid=false	clean=false	freq=0	gate=null	commit=অবস্থিত
bostha	raw=অবস্থা:DICTIONARY:0.96	lit=বস্থা	valid=false	clean=false	freq=0	gate=null	commit=অবস্থা
bosthan	raw=অবস্থান:DICTIONARY:0.96	lit=বস্থান	valid=false	clean=false	freq=0	gate=null	commit=অবস্থান
bosthay	raw=অবস্থায়:DICTIONARY:0.96	lit=বস্থায়	valid=false	clean=false	freq=0	gate=null	commit=অবস্থায়
boshy	raw=অবশ্য:DICTIONARY:0.96	lit=বশ্য	valid=true	clean=false	freq=20	gate=null	commit=অবশ্য
ishworer	raw=ঈশ্বরের:DICTIONARY:0.96	lit=ইশওয়রের	valid=false	clean=true	freq=0	gate=null	commit=ঈশ্বরের
bodan	raw=অবদান:DICTIONARY:0.96	lit=বদান	valid=false	clean=true	freq=0	gate=null	commit=অবদান
bosheshe	raw=অবশেষে:DICTIONARY:0.96	lit=বশেশে	valid=false	clean=true	freq=0	gate=null	commit=অবশেষে
phise	raw=অফিসে:DICTIONARY:0.96	lit=ফিসে	valid=false	clean=true	freq=0	gate=null	commit=অফিসে
bolombone	raw=অবলম্বনে:DICTIONARY:0.96	lit=বলম্বনে	valid=false	clean=true	freq=0	gate=null	commit=অবলম্বনে
bosthar	raw=অবস্থার:DICTIONARY:0.96	lit=বস্থার	valid=false	clean=false	freq=0	gate=null	commit=অবস্থার
boshisht	raw=অবশিষ্ট:DICTIONARY:0.96	lit=বশিশ্ত	valid=false	clean=false	freq=0	gate=null	commit=অবশিষ্ট
bosthane	raw=অবস্থানে:DICTIONARY:0.96	lit=বস্থানে	valid=false	clean=false	freq=0	gate=null	commit=অবস্থানে
phisiyal	raw=অফিসিয়াল:DICTIONARY:0.96	lit=ফিসিয়াল	valid=false	clean=true	freq=0	gate=null	commit=অফিসিয়াল
bokathamo	raw=অবকাঠামো:DICTIONARY:0.96	lit=বকাথাম	valid=false	clean=true	freq=0	gate=null	commit=অবকাঠামো
bodaner	raw=অবদানের:DICTIONARY:0.96	lit=বদানের	valid=false	clean=true	freq=0	gate=null	commit=অবদানের
bolombon	raw=অবলম্বন:DICTIONARY:0.96	lit=বলম্বন	valid=false	clean=true	freq=0	gate=null	commit=অবলম্বন
bosthaner	raw=অবস্থানের:DICTIONARY:0.96	lit=বস্থানের	valid=false	clean=false	freq=0	gate=null	commit=অবস্থানের
londaj	raw=ওলন্দাজ:DICTIONARY:0.96	lit=লন্দাজ	valid=false	clean=true	freq=0	gate=null	commit=ওলন্দাজ
toppor	raw=অতঃপর:DICTIONARY:0.96	lit=তপ্পর	valid=false	clean=false	freq=0	gate=null	commit=অতঃপর
phiser	raw=অফিসের:DICTIONARY:0.96	lit=ফিসের	valid=true	clean=true	freq=26	gate=ফিসের	commit=ফিসের
botoron	raw=অবতরণ:DICTIONARY:0.96	lit=বতরন	valid=false	clean=true	freq=0	gate=null	commit=অবতরণ
borodh	raw=অবরোধ:DICTIONARY:0.96	lit=বরধ	valid=false	clean=true	freq=0	gate=null	commit=অবরোধ
bogot	raw=অবগত:DICTIONARY:0.96	lit=বগত	valid=false	clean=true	freq=0	gate=null	commit=অবগত
botar	raw=অবতার:DICTIONARY:0.96	lit=বতার	valid=false	clean=true	freq=0	gate=null	commit=অবতার
botiirn	raw=অবতীর্ণ:DICTIONARY:0.96	lit=বতীর্ন	valid=false	clean=false	freq=0	gate=null	commit=অবতীর্ণ
bobahika	raw=অববাহিকা:DICTIONARY:0.96	lit=ববাহিকা	valid=false	clean=true	freq=0	gate=null	commit=অববাহিকা
boruddh	raw=অবরুদ্ধ:DICTIONARY:0.96	lit=বরুদ্ধ	valid=false	clean=true	freq=0	gate=null	commit=অবরুদ্ধ
bosoroprapt	raw=অবসরপ্রাপ্ত:DICTIONARY:0.96	lit=বসরপ্রাপ্ত	valid=false	clean=false	freq=0	gate=null	commit=অবসরপ্রাপ্ত
ishworoke	raw=ঈশ্বরকে:DICTIONARY:0.96	lit=ইশওয়রকে	valid=false	clean=true	freq=0	gate=null	commit=ঈশ্বরকে
ishworochondr	raw=ঈশ্বরচন্দ্র:DICTIONARY:0.96	lit=ইশওয়রচন্দ্র	valid=false	clean=true	freq=0	gate=null	commit=ঈশ্বরচন্দ্র
phisarer	raw=অফিসারের:DICTIONARY:0.96	lit=ফিসারের	valid=false	clean=true	freq=0	gate=null	commit=অফিসারের
bohela	raw=অবহেলা:DICTIONARY:0.96	lit=বহেলা	valid=false	clean=true	freq=0	gate=null	commit=অবহেলা
ishot	raw=ঈষৎ:DICTIONARY:0.96	lit=ইশত	valid=false	clean=true	freq=0	gate=null	commit=ঈষৎ
toman	raw=অটোমান:DICTIONARY:0.96	lit=তমান	valid=false	clean=true	freq=0	gate=null	commit=অটোমান
phishiyal	raw=অফিশিয়াল:DICTIONARY:0.96	lit=ফিশিয়াল	valid=false	clean=true	freq=0	gate=null	commit=অফিশিয়াল
phisaroder	raw=অফিসারদের:DICTIONARY:0.93	lit=ফিসারদের	valid=false	clean=true	freq=0	gate=null	commit=অফিসারদের
bokash	raw=অবকাশ:DICTIONARY:0.96	lit=বকাশ	valid=false	clean=true	freq=0	gate=null	commit=অবকাশ
bojekt	raw=অবজেক্ট:DICTIONARY:0.96	lit=বজেক্ত	valid=false	clean=true	freq=0	gate=null	commit=অবজেক্ট
boshishtangsh	raw=অবশিষ্টাংশ:DICTIONARY:0.96	lit=বশিশ্তাংশ	valid=false	clean=false	freq=0	gate=null	commit=অবশিষ্টাংশ
bosthanorot	raw=অবস্থানরত:DICTIONARY:0.96	lit=বস্থানরত	valid=false	clean=false	freq=0	gate=null	commit=অবস্থানরত
idogah	raw=ঈদগাহ:DICTIONARY:0.96	lit=ইদগাহ	valid=true	clean=true	freq=29	gate=null	commit=ঈদগাহ
bokathamogot	raw=অবকাঠামোগত:DICTIONARY:0.96	lit=বকাথামগত	valid=false	clean=true	freq=0	gate=null	commit=অবকাঠামোগত
bokathamor	raw=অবকাঠামোর:DICTIONARY:0.96	lit=বকাথামর	valid=false	clean=true	freq=0	gate=null	commit=অবকাঠামোর
bocheton	raw=অবচেতন:DICTIONARY:0.96	lit=বচেতন	valid=false	clean=true	freq=0	gate=null	commit=অবচেতন
bogya	raw=অবজ্ঞা:DICTIONARY:0.96	lit=বগ্যা	valid=false	clean=false	freq=0	gate=null	commit=অবজ্ঞা
botoroner	raw=অবতরণের:DICTIONARY:0.96	lit=বতরনের	valid=false	clean=true	freq=0	gate=null	commit=অবতরণের
bobahikar	raw=অববাহিকার:DICTIONARY:0.96	lit=ববাহিকার	valid=false	clean=true	freq=0	gate=null	commit=অববাহিকার
bobahikay	raw=অববাহিকায়:DICTIONARY:0.96	lit=ববাহিকায়	valid=false	clean=true	freq=0	gate=null	commit=অববাহিকায়
borodher	raw=অবরোধের:DICTIONARY:0.96	lit=বরধের	valid=false	clean=true	freq=0	gate=null	commit=অবরোধের
boshesh	raw=অবশেষ:DICTIONARY:0.96	lit=বশেশ	valid=false	clean=true	freq=0	gate=null	commit=অবশেষ
bosaner	raw=অবসানের:DICTIONARY:0.96	lit=বসানের	valid=false	clean=true	freq=0	gate=null	commit=অবসানের
bosthatei	raw=অবস্থাতেই:DICTIONARY:0.96	lit=বস্থাতেই	valid=false	clean=false	freq=0	gate=null	commit=অবস্থাতেই
bosthiti	raw=অবস্থিতি:DICTIONARY:0.96	lit=বস্থিতি	valid=false	clean=false	freq=0	gate=null	commit=অবস্থিতি
loredi	raw=অলরেডি:DICTIONARY:0.96	lit=লরেদি	valid=false	clean=true	freq=0	gate=null	commit=অলরেডি
irsha	raw=ঈর্ষা:DICTIONARY:0.96	lit=ইর্শা	valid=false	clean=false	freq=0	gate=null	commit=ঈর্ষা
ishworogonj	raw=ঈশ্বরগঞ্জ:DICTIONARY:0.96	lit=ইশওয়রগঞ্জ	valid=false	clean=true	freq=0	gate=null	commit=ঈশ্বরগঞ্জ
ishwore	raw=ঈশ্বরে:DICTIONARY:0.96	lit=ইশওয়রে	valid=false	clean=true	freq=0	gate=null	commit=ঈশ্বরে
tograph	raw=অটোগ্রাফ:DICTIONARY:0.96	lit=তগ্রাফ	valid=false	clean=false	freq=0	gate=null	commit=অটোগ্রাফ
torkit	raw=অতর্কিত:DICTIONARY:0.96	lit=তর্কিত	valid=true	clean=false	freq=0	gate=null	commit=অতর্কিত
phisaroke	raw=অফিসারকে:DICTIONARY:0.96	lit=ফিসারকে	valid=false	clean=true	freq=0	gate=null	commit=অফিসারকে
bonot	raw=অবনত:DICTIONARY:0.96	lit=বনত	valid=true	clean=true	freq=0	gate=বনত	commit=বনত
bontika	raw=অবন্তিকা:DICTIONARY:0.96	lit=বন্তিকা	valid=false	clean=true	freq=0	gate=null	commit=অবন্তিকা
boyob	raw=অবয়ব:DICTIONARY:0.96	lit=বয়ব	valid=false	clean=true	freq=0	gate=null	commit=অবয়ব
bolokon	raw=অবলোকন:DICTIONARY:0.96	lit=বলকন	valid=false	clean=true	freq=0	gate=null	commit=অবলোকন
boshyombhabii	raw=অবশ্যম্ভাবী:DICTIONARY:0.96	lit=বশ্যম্ভাবী	valid=false	clean=false	freq=0	gate=null	commit=অবশ্যম্ভাবী
bosonn	raw=অবসন্ন:DICTIONARY:0.96	lit=বসন্ন	valid=false	clean=false	freq=0	gate=null	commit=অবসন্ন
bosthanokale	raw=অবস্থানকালে:DICTIONARY:0.96	lit=বস্থানকালে	valid=false	clean=false	freq=0	gate=null	commit=অবস্থানকালে
bosthanoke	raw=অবস্থানকে:DICTIONARY:0.96	lit=বস্থানকে	valid=false	clean=false	freq=0	gate=null	commit=অবস্থানকে
bohelit	raw=অবহেলিত:DICTIONARY:0.96	lit=বহেলিত	valid=false	clean=true	freq=0	gate=null	commit=অবহেলিত
urdhb	raw=ঊর্ধ্ব:DICTIONARY:0.96	lit=উর্ধ্ব	valid=false	clean=false	freq=0	gate=null	commit=ঊর্ধ্ব
tometik	raw=অটোমেটিক:DICTIONARY:0.96	lit=তমেতিক	valid=false	clean=true	freq=0	gate=null	commit=অটোমেটিক
tomobail	raw=অটোমোবাইল:DICTIONARY:0.96	lit=তমবাইল	valid=false	clean=true	freq=0	gate=null	commit=অটোমোবাইল
torikosha	raw=অটোরিকশা:DICTIONARY:0.96	lit=তরিকশা	valid=false	clean=true	freq=0	gate=null	commit=অটোরিকশা
phisars	raw=অফিসার্স:DICTIONARY:0.96	lit=ফিসার্স	valid=false	clean=false	freq=0	gate=null	commit=অফিসার্স
bokkhoy	raw=অবক্ষয়:DICTIONARY:0.96	lit=বক্ষয়	valid=false	clean=true	freq=0	gate=null	commit=অবক্ষয়
botarona	raw=অবতারনা:DICTIONARY:0.93	lit=বতারনা	valid=false	clean=true	freq=0	gate=null	commit=অবতারনা
bodanokarii	raw=অবদানকারী:DICTIONARY:0.96	lit=বদানকারী	valid=false	clean=true	freq=0	gate=null	commit=অবদানকারী
bodhan	raw=অবধান:DICTIONARY:0.96	lit=বধান	valid=false	clean=true	freq=0	gate=null	commit=অবধান
bomanona	raw=বোমাননা:DICTIONARY:0.93	lit=বমাননা	valid=false	clean=true	freq=0	gate=null	commit=বোমাননা
bomukt	raw=অবমুক্ত:DICTIONARY:0.96	lit=বমুক্ত	valid=false	clean=true	freq=0	gate=null	commit=অবমুক্ত
borohii	raw=অবরোহী:DICTIONARY:0.96	lit=বরহী	valid=false	clean=true	freq=0	gate=null	commit=অবরোহী
bolupt	raw=অবলুপ্ত:DICTIONARY:0.96	lit=বলুপ্ত	valid=false	clean=true	freq=0	gate=null	commit=অবলুপ্ত
bolohit	raw=অবলোহিত:DICTIONARY:0.96	lit=বলহিত	valid=false	clean=true	freq=0	gate=null	commit=অবলোহিত
bosane	raw=অবসানে:DICTIONARY:0.96	lit=বসানে	valid=false	clean=true	freq=0	gate=null	commit=অবসানে
bosthao	raw=অবস্থাও:DICTIONARY:0.96	lit=বস্থাও	valid=false	clean=false	freq=0	gate=null	commit=অবস্থাও
bosthake	raw=অবস্থাকে:DICTIONARY:0.96	lit=বস্থাকে	valid=false	clean=false	freq=0	gate=null	commit=অবস্থাকে
bosthantor	raw=অবস্থান্তর:DICTIONARY:0.96	lit=বস্থান্তর	valid=false	clean=false	freq=0	gate=null	commit=অবস্থান্তর
bohelar	raw=অবহেলার:DICTIONARY:0.96	lit=বহেলার	valid=false	clean=true	freq=0	gate=null	commit=অবহেলার
igoler	raw=ঈগলের:DICTIONARY:0.96	lit=ইগলের	valid=true	clean=true	freq=14	gate=null	commit=ঈগলের
unosottorer	raw=ঊনসত্তরের:DICTIONARY:0.96	lit=উনসত্তরের	valid=false	clean=false	freq=0	gate=null	commit=ঊনসত্তরের
urdhboshwas	raw=ঊর্ধ্বশ্বাস:DICTIONARY:0.96	lit=উর্ধ্বশওয়াস	valid=false	clean=false	freq=0	gate=null	commit=ঊর্ধ্বশ্বাস
urdhoshwas	raw=ঊর্ধ্বশ্বাস:DICTIONARY:0.96	lit=উর্ধশওয়াস	valid=false	clean=false	freq=0	gate=null	commit=ঊর্ধ্বশ্বাস
pholain	raw=অফলাইন:DICTIONARY:0.96	lit=ফলাইন	valid=false	clean=true	freq=0	gate=null	commit=অফলাইন
phisarora	raw=অফিসাররা:DICTIONARY:0.93	lit=ফিসাররা	valid=false	clean=true	freq=0	gate=null	commit=অফিসাররা
phuront	raw=অফুরন্ত:DICTIONARY:0.96	lit=ফুরন্ত	valid=false	clean=true	freq=0	gate=null	commit=অফুরন্ত
bojarobhetori	raw=অবজারভেটরি:DICTIONARY:0.96	lit=বজারভেতরি	valid=false	clean=true	freq=0	gate=null	commit=অবজারভেটরি
botarer	raw=অবতারের:DICTIONARY:0.96	lit=বতারের	valid=false	clean=true	freq=0	gate=null	commit=অবতারের
bosthai	raw=অবস্থাই:DICTIONARY:0.96	lit=বস্থাই	valid=false	clean=false	freq=0	gate=null	commit=অবস্থাই
bosthata	raw=অবস্থাটা:DICTIONARY:0.96	lit=বস্থাতা	valid=false	clean=false	freq=0	gate=null	commit=অবস্থাটা
bosthanogot	raw=অবস্থানগত:DICTIONARY:0.96	lit=বস্থানগত	valid=false	clean=false	freq=0	gate=null	commit=অবস্থানগত
boitonik	raw=অবৈতনিক:DICTIONARY:0.96	lit=বৈতনিক	valid=true	clean=true	freq=19	gate=বৈতনিক	commit=বৈতনিক
irshanbit	raw=ঈর্ষান্বিত:DICTIONARY:0.96	lit=ইর্শান্বিত	valid=false	clean=false	freq=0	gate=null	commit=ঈর্ষান্বিত
irshannit	raw=ঈর্ষান্বিত:DICTIONARY:0.96	lit=ইর্শান্নিত	valid=false	clean=false	freq=0	gate=null	commit=ঈর্ষান্বিত
phoshor	raw=অফশোর:DICTIONARY:0.96	lit=ফশর	valid=false	clean=true	freq=0	gate=null	commit=অফশোর
phoset	raw=অফসেট:DICTIONARY:0.96	lit=ফসেত	valid=false	clean=true	freq=0	gate=null	commit=অফসেট
phisiyali	raw=অফিসিয়ালি:DICTIONARY:0.96	lit=ফিসিয়ালি	valid=false	clean=true	freq=0	gate=null	commit=অফিসিয়ালি
bochetoner	raw=অবচেতনের:DICTIONARY:0.96	lit=বচেতনের	valid=false	clean=true	freq=0	gate=null	commit=অবচেতনের
bodanoke	raw=অবদানকে:DICTIONARY:0.96	lit=বদানকে	valid=false	clean=true	freq=0	gate=null	commit=অবদানকে
bodharit	raw=অবধারিত:DICTIONARY:0.96	lit=বধারিত	valid=false	clean=true	freq=0	gate=null	commit=অবধারিত
boniindronath	raw=অবনীন্দ্রনাথ:DICTIONARY:0.96	lit=বনীন্দ্রনাথ	valid=false	clean=true	freq=0	gate=null	commit=অবনীন্দ্রনাথ
bomuulyayon	raw=অবমূল্যায়ন:DICTIONARY:0.96	lit=বমূল্যায়ন	valid=false	clean=false	freq=0	gate=null	commit=অবমূল্যায়ন
bosad	raw=অবসাদ:DICTIONARY:0.96	lit=বসাদ	valid=false	clean=true	freq=0	gate=null	commit=অবসাদ
bosthate	raw=অবস্থাতে:DICTIONARY:0.96	lit=বস্থাতে	valid=false	clean=false	freq=0	gate=null	commit=অবস্থাতে
bosthanokarii	raw=অবস্থানকারী:DICTIONARY:0.96	lit=বস্থানকারী	valid=false	clean=false	freq=0	gate=null	commit=অবস্থানকারী
longkrrit	raw=অলঙ্কৃত:DICTIONARY:0.96	lit=লংক্র্রিত	valid=false	clean=false	freq=0	gate=null	commit=অলঙ্কৃত
loraundar	raw=অলরাউন্ডার:DICTIONARY:0.96	lit=লরাউন্দার	valid=false	clean=true	freq=0	gate=null	commit=অলরাউন্ডার
losota	raw=অলসতা:DICTIONARY:0.96	lit=লসতা	valid=false	clean=true	freq=0	gate=null	commit=অলসতা
idogano	raw=ঈদগাঁও:DICTIONARY:0.96	lit=ইদগান	valid=false	clean=true	freq=0	gate=null	commit=ঈদগাঁও
torikoshay	raw=অটোরিকশায়:DICTIONARY:0.96	lit=তরিকশায়	valid=false	clean=true	freq=0	gate=null	commit=অটোরিকশায়
toriksa	raw=অটোরিক্সা:DICTIONARY:0.96	lit=তরিক্সা	valid=false	clean=false	freq=0	gate=null	commit=অটোরিক্সা
torkite	raw=অতর্কিতে:DICTIONARY:0.96	lit=তর্কিতে	valid=false	clean=false	freq=0	gate=null	commit=অতর্কিতে
phishiyali	raw=অফিশিয়ালি:DICTIONARY:0.96	lit=ফিশিয়ালি	valid=false	clean=true	freq=0	gate=null	commit=অফিশিয়ালি
bodanokariir	raw=অবদানকারীর:DICTIONARY:0.96	lit=বদানকারীর	valid=false	clean=true	freq=0	gate=null	commit=অবদানকারীর
bonomit	raw=অবনমিত:DICTIONARY:0.96	lit=বনমিত	valid=false	clean=true	freq=0	gate=null	commit=অবনমিত
bomanonakor	raw=অবমাননাকর:DICTIONARY:0.96	lit=বমাননাকর	valid=false	clean=true	freq=0	gate=null	commit=অবমাননাকর
boshishtangsher	raw=অবশিষ্টাংশের:DICTIONARY:0.96	lit=বশিশ্তাংশের	valid=false	clean=false	freq=0	gate=null	commit=অবশিষ্টাংশের
bosade	raw=অবসাদে:DICTIONARY:0.96	lit=বসাদে	valid=false	clean=true	freq=0	gate=null	commit=অবসাদে
bosthanoo	raw=অবস্থানও:DICTIONARY:0.96	lit=বস্থানু	valid=false	clean=false	freq=0	gate=null	commit=অবস্থানও
bohelay	raw=অবহেলায়:DICTIONARY:0.96	lit=বহেলায়	valid=false	clean=true	freq=0	gate=null	commit=অবহেলায়
longkarer	raw=অলংকারের:DICTIONARY:0.96	lit=লংকারের	valid=false	clean=true	freq=0	gate=null	commit=অলংকারের
lodrin	raw=অলড্রিন:DICTIONARY:0.96	lit=লদ্রিন	valid=false	clean=false	freq=0	gate=null	commit=অলড্রিন
loukikobhabe	raw=অলৌকিকভাবে:DICTIONARY:0.96	lit=লৌকিকভাবে	valid=false	clean=true	freq=0	gate=null	commit=অলৌকিকভাবে
ishworoi	raw=ঈশ্বরই:DICTIONARY:0.96	lit=ইশওয়রৈ	valid=false	clean=true	freq=0	gate=null	commit=ঈশ্বরই
ishworoprodott	raw=ঈশ্বরপ্রদত্ত:DICTIONARY:0.96	lit=ইশওয়রপ্রদত্ত	valid=false	clean=false	freq=0	gate=null	commit=ঈশ্বরপ্রদত্ত
tomeshon	raw=অটোমেশন:DICTIONARY:0.96	lit=তমেশন	valid=false	clean=true	freq=0	gate=null	commit=অটোমেশন
tomyan	raw=অটোম্যান:DICTIONARY:0.96	lit=তম্যান	valid=false	clean=false	freq=0	gate=null	commit=অটোম্যান
phosaider	raw=অফসাইডের:DICTIONARY:0.96	lit=ফসাইদের	valid=false	clean=true	freq=0	gate=null	commit=অফসাইডের
phisota	raw=অফিসটা:DICTIONARY:0.96	lit=ফিসতা	valid=false	clean=true	freq=0	gate=null	commit=অফিসটা
bokathamote	raw=অবকাঠামোতে:DICTIONARY:0.96	lit=বকাথামতে	valid=false	clean=true	freq=0	gate=null	commit=অবকাঠামোতে
bokashe	raw=অবকাশে:DICTIONARY:0.96	lit=বকাশে	valid=false	clean=true	freq=0	gate=null	commit=অবকাশে
bokkhoyer	raw=অবক্ষয়ের:DICTIONARY:0.96	lit=বক্ষয়ের	valid=false	clean=true	freq=0	gate=null	commit=অবক্ষয়ের
bogahon	raw=অবগাহন:DICTIONARY:0.96	lit=বগাহন	valid=false	clean=true	freq=0	gate=null	commit=অবগাহন
bojarobhar	raw=অবজারভার:DICTIONARY:0.96	lit=বজারভার	valid=false	clean=true	freq=0	gate=null	commit=অবজারভার
bojekoshon	raw=অবজেকশন:DICTIONARY:0.96	lit=বজেকশন	valid=false	clean=true	freq=0	gate=null	commit=অবজেকশন
bodanoo	raw=অবদানও:DICTIONARY:0.96	lit=বদানু	valid=false	clean=true	freq=0	gate=null	commit=অবদানও
bodane	raw=অবদানে:DICTIONARY:0.96	lit=বদানে	valid=false	clean=true	freq=0	gate=null	commit=অবদানে
bonomon	raw=অবনমন:DICTIONARY:0.96	lit=বনমন	valid=false	clean=true	freq=0	gate=null	commit=অবনমন
bomanonar	raw=অবমাননার:DICTIONARY:0.96	lit=বমাননার	valid=false	clean=true	freq=0	gate=null	commit=অবমাননার
boseshon	raw=অবসেশন:DICTIONARY:0.96	lit=বসেশন	valid=false	clean=true	freq=0	gate=null	commit=অবসেশন
longkoron	raw=অলংকরণ:DICTIONARY:0.96	lit=লংকরন	valid=false	clean=true	freq=0	gate=null	commit=অলংকরণ
lokkhune	raw=অলক্ষুণে:DICTIONARY:0.96	lit=লক্ষুনে	valid=false	clean=true	freq=0	gate=null	commit=অলক্ষুণে
ishworobad	raw=ঈশ্বরবাদ:DICTIONARY:0.96	lit=ইশওয়রবাদ	valid=false	clean=true	freq=0	gate=null	commit=ঈশ্বরবাদ
londajora	raw=ওলন্দাজরা:DICTIONARY:0.93	lit=লন্দাজরা	valid=false	clean=true	freq=0	gate=null	commit=ওলন্দাজরা
tolobhabe	raw=অটলভাবে:DICTIONARY:0.96	lit=তলভাবে	valid=false	clean=true	freq=0	gate=null	commit=অটলভাবে
torikoshar	raw=অটোরিকশার:DICTIONARY:0.96	lit=তরিকশার	valid=false	clean=true	freq=0	gate=null	commit=অটোরিকশার
totukui	raw=অতটুকুই:DICTIONARY:0.96	lit=ততুকুই	valid=false	clean=true	freq=0	gate=null	commit=অতটুকুই
tolantik	raw=অতলান্তিক:DICTIONARY:0.96	lit=তলান্তিক	valid=false	clean=true	freq=0	gate=null	commit=অতলান্তিক
phosaid	raw=অফসাইড:DICTIONARY:0.96	lit=ফসাইদ	valid=false	clean=true	freq=0	gate=null	commit=অফসাইড
pharota	raw=অফারটা:DICTIONARY:0.96	lit=ফারতা	valid=false	clean=true	freq=0	gate=null	commit=অফারটা
phisoke	raw=অফিসকে:DICTIONARY:0.96	lit=ফিসকে	valid=true	clean=true	freq=0	gate=ফিসকে	commit=ফিসকে
phisei	raw=অফিসেই:DICTIONARY:0.96	lit=ফিসেই	valid=false	clean=true	freq=0	gate=null	commit=অফিসেই
bogotir	raw=অবগতির:DICTIONARY:0.96	lit=বগতির	valid=false	clean=true	freq=0	gate=null	commit=অবগতির
bogunthon	raw=অবগুণ্ঠন:DICTIONARY:0.96	lit=বগুন্থন	valid=false	clean=true	freq=0	gate=null	commit=অবগুণ্ঠন
bogyar	raw=অবজ্ঞার:DICTIONARY:0.96	lit=বগ্যার	valid=false	clean=false	freq=0	gate=null	commit=অবজ্ঞার
botare	raw=বোঁটারে:DICTIONARY:0.93	lit=বতারে	valid=false	clean=true	freq=0	gate=null	commit=বোঁটারে
bodomit	raw=অবদমিত:DICTIONARY:0.96	lit=বদমিত	valid=false	clean=true	freq=0	gate=null	commit=অবদমিত
bontii	raw=অবন্তী:DICTIONARY:0.96	lit=বন্তী	valid=false	clean=true	freq=0	gate=null	commit=অবন্তী
boroh	raw=বরহ:CLEAN_TRANSLITERATION:0.6	lit=বরহ	valid=false	clean=true	freq=0	gate=null	commit=অবরোহ
bolomboner	raw=অবলম্বনের:DICTIONARY:0.96	lit=বলম্বনের	valid=false	clean=true	freq=0	gate=null	commit=অবলম্বনের
bolombit	raw=অবলম্বিত:DICTIONARY:0.96	lit=বলম্বিত	valid=false	clean=true	freq=0	gate=null	commit=অবলম্বিত
bosthanoi	raw=অবস্থানই:DICTIONARY:0.96	lit=বস্থানৈ	valid=false	clean=false	freq=0	gate=null	commit=অবস্থানই
bosthanota	raw=অবস্থানটা:DICTIONARY:0.96	lit=বস্থানতা	valid=false	clean=false	freq=0	gate=null	commit=অবস্থানটা
bosthanoti	raw=অবস্থানটি:DICTIONARY:0.96	lit=বস্থানতি	valid=false	clean=false	freq=0	gate=null	commit=অবস্থানটি
bosthayoo	raw=অবস্থায়ও:DICTIONARY:0.96	lit=বস্থায়ু	valid=false	clean=false	freq=0	gate=null	commit=অবস্থায়ও
longkare	raw=লঙ্কারে:DICTIONARY:0.93	lit=লংকারে	valid=false	clean=true	freq=0	gate=null	commit=লঙ্কারে
loaut	raw=অলআউট:DICTIONARY:0.96	lit=লআউত	valid=false	clean=true	freq=0	gate=null	commit=অলআউট
lokanonda	raw=অলকানন্দা:DICTIONARY:0.96	lit=লকানন্দা	valid=false	clean=true	freq=0	gate=null	commit=অলকানন্দা
longghoniiy	raw=অলঙ্ঘনীয়:DICTIONARY:0.96	lit=লঙ্ঘনীয়	valid=true	clean=true	freq=0	gate=লঙ্ঘনীয়	commit=লঙ্ঘনীয়
lobrait	raw=অলব্রাইট:DICTIONARY:0.96	lit=লব্রাইত	valid=false	clean=false	freq=0	gate=null	commit=অলব্রাইট
irshar	raw=ঈর্ষার:DICTIONARY:0.96	lit=ইর্শার	valid=false	clean=false	freq=0	gate=null	commit=ঈর্ষার
ishworoo	raw=ঈশ্বরও:DICTIONARY:0.96	lit=ইশওয়রু	valid=false	clean=true	freq=0	gate=null	commit=ঈশ্বরও
urdhbogamii	raw=ঊর্ধ্বগামী:DICTIONARY:0.96	lit=উর্ধ্বগামী	valid=false	clean=false	freq=0	gate=null	commit=ঊর্ধ্বগামী
urdhogamii	raw=ঊর্ধ্বগামী:DICTIONARY:0.96	lit=উর্ধগামী	valid=false	clean=false	freq=0	gate=null	commit=ঊর্ধ্বগামী
londajoder	raw=ওলন্দাজদের:DICTIONARY:0.93	lit=লন্দাজদের	valid=false	clean=true	freq=0	gate=null	commit=ওলন্দাজদের
tomeshoner	raw=অটোমেশনের:DICTIONARY:0.96	lit=তমেশনের	valid=false	clean=true	freq=0	gate=null	commit=অটোমেশনের
tomobailer	raw=অটোমোবাইলের:DICTIONARY:0.96	lit=তমবাইলের	valid=false	clean=true	freq=0	gate=null	commit=অটোমোবাইলের
togulo	raw=অতগুলো:DICTIONARY:0.96	lit=তগুল	valid=false	clean=true	freq=0	gate=null	commit=অতগুলো
tosii	raw=অতসী:DICTIONARY:0.96	lit=তসী	valid=false	clean=true	freq=0	gate=null	commit=অতসী
pholaine	raw=অফলাইনে:DICTIONARY:0.96	lit=ফলাইনে	valid=false	clean=true	freq=0	gate=null	commit=অফলাইনে
phisoti	raw=অফিসটি:DICTIONARY:0.96	lit=ফিসতি	valid=false	clean=true	freq=0	gate=null	commit=অফিসটি
phisarera	raw=অফিসারেরা:DICTIONARY:0.93	lit=ফিসারেরা	valid=false	clean=true	freq=0	gate=null	commit=অফিসারেরা
phiseo	raw=অফিসেও:DICTIONARY:0.96	lit=ফিসেও	valid=false	clean=true	freq=0	gate=null	commit=অফিসেও
bokashozapon	raw=অবকাশযাপন:DICTIONARY:0.96	lit=বকাশজাপন	valid=false	clean=true	freq=0	gate=null	commit=অবকাশযাপন
bokasher	raw=অবকাশের:DICTIONARY:0.96	lit=বকাশের	valid=false	clean=true	freq=0	gate=null	commit=অবকাশের
bokkhep	raw=অবক্ষেপ:DICTIONARY:0.96	lit=বক্ষেপ	valid=false	clean=true	freq=0	gate=null	commit=অবক্ষেপ
bokkhoyit	raw=অবক্ষয়িত:DICTIONARY:0.96	lit=বক্ষয়িত	valid=false	clean=true	freq=0	gate=null	commit=অবক্ষয়িত
bochoy	raw=অবচয়:DICTIONARY:0.96	lit=বচয়	valid=false	clean=true	freq=0	gate=null	commit=অবচয়
bochetone	raw=অবচেতনে:DICTIONARY:0.96	lit=বচেতনে	valid=false	clean=true	freq=0	gate=null	commit=অবচেতনে
bojarobhetorir	raw=অবজারভেটরির:DICTIONARY:0.96	lit=বজারভেতরির	valid=false	clean=true	freq=0	gate=null	commit=অবজারভেটরির
bogyasuuchok	raw=অবজ্ঞাসূচক:DICTIONARY:0.96	lit=বগ্যাসূচক	valid=false	clean=false	freq=0	gate=null	commit=অবজ্ঞাসূচক
bodhuut	raw=অবধূত:DICTIONARY:0.96	lit=বধূত	valid=false	clean=true	freq=0	gate=null	commit=অবধূত
bonomoner	raw=অবনমনের:DICTIONARY:0.96	lit=বনমনের	valid=false	clean=true	freq=0	gate=null	commit=অবনমনের
boniindronather	raw=অবনীন্দ্রনাথের:DICTIONARY:0.96	lit=বনীন্দ্রনাথের	valid=false	clean=true	freq=0	gate=null	commit=অবনীন্দ্রনাথের
borodhe	raw=অবরোধে:DICTIONARY:0.96	lit=বরধে	valid=false	clean=true	freq=0	gate=null	commit=অবরোধে
bolupti	raw=অবলুপ্তি:DICTIONARY:0.96	lit=বলুপ্তি	valid=false	clean=true	freq=0	gate=null	commit=অবলুপ্তি
bosthati	raw=অবস্থাটি:DICTIONARY:0.96	lit=বস্থাতি	valid=false	clean=false	freq=0	gate=null	commit=অবস্থাটি
bosthateo	raw=অবস্থাতেও:DICTIONARY:0.96	lit=বস্থাতেও	valid=false	clean=false	freq=0	gate=null	commit=অবস্থাতেও
bosthanokaliin	raw=অবস্থানকালীন:DICTIONARY:0.96	lit=বস্থানকালীন	valid=false	clean=false	freq=0	gate=null	commit=অবস্থানকালীন
bosthaponn	raw=অবস্থাপন্ন:DICTIONARY:0.96	lit=বস্থাপন্ন	valid=false	clean=false	freq=0	gate=null	commit=অবস্থাপন্ন
bosthayoi	raw=অবস্থায়ই:DICTIONARY:0.96	lit=বস্থায়ৈ	valid=false	clean=false	freq=0	gate=null	commit=অবস্থায়ই
bohele	raw=অবহেলে:DICTIONARY:0.96	lit=বহেলে	valid=false	clean=true	freq=0	gate=null	commit=অবহেলে
looyej	raw=অলওয়েজ:DICTIONARY:0.96	lit=লুয়েজ	valid=false	clean=true	freq=0	gate=null	commit=অলওয়েজ
longkaroshastr	raw=অলঙ্কারশাস্ত্র:DICTIONARY:0.96	lit=লংকারশাস্ত্র	valid=false	clean=true	freq=0	gate=null	commit=অলঙ্কারশাস্ত্র
idrrish	raw=ঈদৃশ:DICTIONARY:0.96	lit=ইদ্র্রিশ	valid=false	clean=false	freq=0	gate=null	commit=ঈদৃশ
ishita	raw=ঈশিতা:DICTIONARY:0.96	lit=ইশিতা	valid=true	clean=true	freq=28	gate=null	commit=ঈশিতা
beron	raw=ওবেরন:DICTIONARY:0.96	lit=বেরন	valid=true	clean=true	freq=21	gate=বেরন	commit=বেরন
londajer	raw=ওলন্দাজের:DICTIONARY:0.96	lit=লন্দাজের	valid=false	clean=true	freq=0	gate=null	commit=ওলন্দাজের
losen	raw=ওলসেন:DICTIONARY:0.96	lit=লসেন	valid=true	clean=true	freq=0	gate=লসেন	commit=লসেন
tonomas	raw=অটোনোমাস:DICTIONARY:0.96	lit=তনমাস	valid=false	clean=true	freq=0	gate=null	commit=অটোনোমাস
tobayographi	raw=অটোবায়োগ্রাফি:DICTIONARY:0.96	lit=তবায়গ্রাফি	valid=false	clean=false	freq=0	gate=null	commit=অটোবায়োগ্রাফি
torikoshati	raw=অটোরিকশাটি:DICTIONARY:0.96	lit=তরিকশাতি	valid=false	clean=true	freq=0	gate=null	commit=অটোরিকশাটি
tondr	raw=তন্দ্র:CLEAN_TRANSLITERATION:0.6	lit=তন্দ্র	valid=true	clean=true	freq=0	gate=null	commit=টোনার
pharer	raw=অফারের:DICTIONARY:0.96	lit=ফারের	valid=true	clean=true	freq=21	gate=ফারের	commit=ফারের
phisoo	raw=অফিসও:DICTIONARY:0.96	lit=ফিসু	valid=false	clean=true	freq=0	gate=null	commit=অফিসও
phendar	raw=অফেন্ডার:DICTIONARY:0.96	lit=ফেন্দার	valid=false	clean=true	freq=0	gate=null	commit=অফেন্ডার
bokathamoke	raw=অবকাঠামোকে:DICTIONARY:0.96	lit=বকাথামকে	valid=false	clean=true	freq=0	gate=null	commit=অবকাঠামোকে
bokashokendre	raw=অবকাশকেন্দ্রে:DICTIONARY:0.96	lit=বকাশকেন্দ্রে	valid=false	clean=true	freq=0	gate=null	commit=অবকাশকেন্দ্রে
bochetonoke	raw=অবচেতনকে:DICTIONARY:0.96	lit=বচেতনকে	valid=false	clean=true	freq=0	gate=null	commit=অবচেতনকে
botarogon	raw=অবতারগণ:DICTIONARY:0.96	lit=বতারগন	valid=false	clean=true	freq=0	gate=null	commit=অবতারগণ
bodomon	raw=অবদমন:DICTIONARY:0.96	lit=বদমন	valid=false	clean=true	freq=0	gate=null	commit=অবদমন
bodharon	raw=অবধারণ:DICTIONARY:0.96	lit=বধারন	valid=false	clean=true	freq=0	gate=null	commit=অবধারণ
bodharitobhabe	raw=অবধারিতভাবে:DICTIONARY:0.96	lit=বধারিতভাবে	valid=false	clean=true	freq=0	gate=null	commit=অবধারিতভাবে
bonotishiil	raw=অবনতিশীল:DICTIONARY:0.96	lit=বনতিশীল	valid=false	clean=true	freq=0	gate=null	commit=অবনতিশীল
boluptir	raw=অবলুপ্তির:DICTIONARY:0.96	lit=বলুপ্তির	valid=false	clean=true	freq=0	gate=null	commit=অবলুপ্তির
bolopon	raw=অবলোপন:DICTIONARY:0.96	lit=বলপন	valid=false	clean=true	freq=0	gate=null	commit=অবলোপন
boshishtangshe	raw=অবশিষ্টাংশে:DICTIONARY:0.96	lit=বশিশ্তাংশে	valid=false	clean=false	freq=0	gate=null	commit=অবশিষ্টাংশে
bosokiur	raw=অবসকিউর:DICTIONARY:0.96	lit=বসকিউর	valid=false	clean=true	freq=0	gate=null	commit=অবসকিউর
bosorokaliin	raw=অবসরকালীন:DICTIONARY:0.96	lit=বসরকালীন	valid=false	clean=true	freq=0	gate=null	commit=অবসরকালীন
bosorogrohon	raw=অবসরগ্রহণ:DICTIONARY:0.96	lit=বসরগ্রহন	valid=false	clean=false	freq=0	gate=null	commit=অবসরগ্রহণ
bosader	raw=বসাদের:DICTIONARY:0.93	lit=বসাদের	valid=false	clean=true	freq=0	gate=null	commit=বসাদের
bosayon	raw=অবসায়ন:DICTIONARY:0.96	lit=বসায়ন	valid=false	clean=true	freq=0	gate=null	commit=অবসায়ন
bosthatao	raw=অবস্থাটাও:DICTIONARY:0.96	lit=বস্থাতাও	valid=false	clean=false	freq=0	gate=null	commit=অবস্থাটাও
bosthanogulo	raw=অবস্থানগুলো:DICTIONARY:0.93	lit=বস্থানগুল	valid=false	clean=false	freq=0	gate=null	commit=অবস্থানগুলো
bosthaneo	raw=অবস্থানেও:DICTIONARY:0.96	lit=বস্থানেও	valid=false	clean=false	freq=0	gate=null	commit=অবস্থানেও
boshit	raw=বসিত:DICTIONARY:0.9500000000000001	lit=বশিত	valid=false	clean=true	freq=0	gate=null	commit=বসিত
longkoroner	raw=অলংকরণের:DICTIONARY:0.96	lit=লংকরনের	valid=false	clean=true	freq=0	gate=null	commit=অলংকরণের
lokanondar	raw=অলকানন্দার:DICTIONARY:0.96	lit=লকানন্দার	valid=false	clean=true	freq=0	gate=null	commit=অলকানন্দার
lokkhite	raw=অলক্ষিতে:DICTIONARY:0.96	lit=লক্ষিতে	valid=false	clean=true	freq=0	gate=null	commit=অলক্ষিতে
latochokr	raw=অলাতচক্র:DICTIONARY:0.96	lit=লাতচক্র	valid=false	clean=false	freq=0	gate=null	commit=অলাতচক্র
idogahe	raw=ঈদগাহে:DICTIONARY:0.96	lit=ইদগাহে	valid=false	clean=true	freq=0	gate=null	commit=ঈদগাহে
idogor	raw=ঈদগড়:DICTIONARY:0.96	lit=ইদগর	valid=false	clean=true	freq=0	gate=null	commit=ঈদগড়
unokoti	raw=ঊনকোটি:DICTIONARY:0.96	lit=উনকতি	valid=false	clean=true	freq=0	gate=null	commit=ঊনকোটি
unoponcash	raw=ঊনপঞ্চাশ:DICTIONARY:0.96	lit=উনপঞ্ছাশ	valid=false	clean=false	freq=0	gate=null	commit=ঊনপঞ্চাশ
urdhbogoti	raw=ঊর্ধ্বগতি:DICTIONARY:0.96	lit=উর্ধ্বগতি	valid=true	clean=false	freq=23	gate=null	commit=ঊর্ধ্বগতি
urdhogoti	raw=ঊর্ধ্বগতি:DICTIONARY:0.96	lit=উর্ধগতি	valid=false	clean=false	freq=0	gate=null	commit=ঊর্ধ্বগতি
ushosii	raw=ঊষসী:DICTIONARY:0.96	lit=উশসী	valid=false	clean=true	freq=0	gate=null	commit=ঊষসী
lotopalot	raw=ওলটপালট:DICTIONARY:0.96	lit=লতপালত	valid=false	clean=true	freq=0	gate=null	commit=ওলটপালট
lautha	raw=ওলাউঠা:DICTIONARY:0.96	lit=লাউথা	valid=false	clean=true	freq=0	gate=null	commit=ওলাউঠা
tamendir	raw=ওতামেন্দির:DICTIONARY:0.96	lit=তামেন্দির	valid=false	clean=true	freq=0	gate=null	commit=ওতামেন্দির
chhilay	raw=অছিলায়:DICTIONARY:0.96	lit=ছিলায়	valid=true	clean=true	freq=0	gate=ছিলায়	commit=ছিলায়
toimiun	raw=অটোইমিউন:DICTIONARY:0.96	lit=তৈমিউন	valid=false	clean=true	freq=0	gate=null	commit=অটোইমিউন
tophokas	raw=অটোফোকাস:DICTIONARY:0.96	lit=তফকাস	valid=false	clean=true	freq=0	gate=null	commit=অটোফোকাস
tometed	raw=অটোমেটেড:DICTIONARY:0.96	lit=তমেতেদ	valid=false	clean=true	freq=0	gate=null	commit=অটোমেটেড
tomotibh	raw=অটোমোটিভ:DICTIONARY:0.96	lit=তমতিভ	valid=false	clean=true	freq=0	gate=null	commit=অটোমোটিভ
torikoshachalok	raw=অটোরিকশাচালক:DICTIONARY:0.96	lit=তরিকশাচালক	valid=false	clean=true	freq=0	gate=null	commit=অটোরিকশাচালক
phosaide	raw=অফসাইডে:DICTIONARY:0.96	lit=ফসাইদে	valid=false	clean=true	freq=0	gate=null	commit=অফসাইডে
phisosoh	raw=অফিসসহ:DICTIONARY:0.96	lit=ফিসসহ	valid=false	clean=true	freq=0	gate=null	commit=অফিসসহ
phisarosoh	raw=অফিসারসহ:DICTIONARY:0.96	lit=ফিসারসহ	valid=false	clean=true	freq=0	gate=null	commit=অফিসারসহ
phuran	raw=অফুরান:DICTIONARY:0.96	lit=ফুরান	valid=true	clean=true	freq=16	gate=ফুরান	commit=ফুরান
pherotozogy	raw=অফেরতযোগ্য:DICTIONARY:0.96	lit=ফেরতজগ্য	valid=false	clean=false	freq=0	gate=null	commit=অফেরতযোগ্য
bokathamoy	raw=অবকাঠামোয়:DICTIONARY:0.96	lit=বকাথাময়	valid=false	clean=true	freq=0	gate=null	commit=অবকাঠামোয়
bogoti	raw=অবগতি:DICTIONARY:0.96	lit=বগতি	valid=false	clean=true	freq=0	gate=null	commit=অবগতি
botoronika	raw=অবতরণিকা:DICTIONARY:0.96	lit=বতরনিকা	valid=false	clean=true	freq=0	gate=null	commit=অবতরণিকা
botorone	raw=অবতরণে:DICTIONARY:0.96	lit=বতরনে	valid=false	clean=true	freq=0	gate=null	commit=অবতরণে
borohon	raw=অবরোহণ:DICTIONARY:0.96	lit=বরহন	valid=false	clean=true	freq=0	gate=null	commit=অবরোহণ
boliilakrome	raw=অবলীলাক্রমে:DICTIONARY:0.96	lit=বলীলাক্রমে	valid=false	clean=false	freq=0	gate=null	commit=অবলীলাক্রমে
boshyok	raw=অবশ্যক:DICTIONARY:0.96	lit=বশ্যক	valid=false	clean=false	freq=0	gate=null	commit=অবশ্যক
bosonnota	raw=অবসন্নতা:DICTIONARY:0.96	lit=বসন্নতা	valid=false	clean=false	freq=0	gate=null	commit=অবসন্নতা
bosayoner	raw=অবসায়নের:DICTIONARY:0.96	lit=বসায়নের	valid=false	clean=true	freq=0	gate=null	commit=অবসায়নের
bosrrit	raw=অবসৃত:DICTIONARY:0.96	lit=বস্র্রিত	valid=false	clean=false	freq=0	gate=null	commit=অবসৃত
lotaim	raw=অলটাইম:DICTIONARY:0.96	lit=লতাইম	valid=false	clean=true	freq=0	gate=null	commit=অলটাইম
ishoper	raw=ঈশপের:DICTIONARY:0.96	lit=ইশপের	valid=true	clean=true	freq=0	gate=null	commit=ঈশপের
urdhbopaton	raw=ঊর্ধ্বপাতন:DICTIONARY:0.96	lit=উর্ধ্বপাতন	valid=false	clean=false	freq=0	gate=null	commit=ঊর্ধ্বপাতন
urdhopaton	raw=ঊর্ধ্বপাতন:DICTIONARY:0.96	lit=উর্ধপাতন	valid=false	clean=false	freq=0	gate=null	commit=ঊর্ধ্বপাতন
urdhbosiima	raw=ঊর্ধ্বসীমা:DICTIONARY:0.96	lit=উর্ধ্বসীমা	valid=false	clean=false	freq=0	gate=null	commit=ঊর্ধ্বসীমা
urdhosiima	raw=ঊর্ধ্বসীমা:DICTIONARY:0.96	lit=উর্ধসীমা	valid=false	clean=false	freq=0	gate=null	commit=ঊর্ধ্বসীমা
bokashozaponokendre	raw=অবকাশযাপনকেন্দ্রে:DICTIONARY:0.96	lit=বকাশজাপনকেন্দ্রে	valid=false	clean=true	freq=0	gate=null	commit=অবকাশযাপনকেন্দ্রে
tometijom	raw=অটোমেটিজম:DICTIONARY:0.96	lit=তমেতিজম	valid=false	clean=true	freq=0	gate=null	commit=অটোমেটিজম
lojas	raw=ওলজাস:DICTIONARY:0.96	lit=লজাস	valid=false	clean=true	freq=0	gate=null	commit=ওলজাস
todesk	raw=অটোডেস্ক:DICTIONARY:0.96	lit=তদেস্ক	valid=false	clean=false	freq=0	gate=null	commit=অটোডেস্ক
torikoshachaloker	raw=অটোরিকশাচালকের:DICTIONARY:0.96	lit=তরিকশাচালকের	valid=false	clean=true	freq=0	gate=null	commit=অটোরিকশাচালকের
phokom	raw=অফকম:DICTIONARY:0.96	lit=ফকম	valid=false	clean=true	freq=0	gate=null	commit=অফকম
phokors	raw=অফকোর্স:DICTIONARY:0.96	lit=ফকর্স	valid=false	clean=false	freq=0	gate=null	commit=অফকোর্স
pharoo	raw=অফারও:DICTIONARY:0.96	lit=ফারু	valid=false	clean=true	freq=0	gate=null	commit=অফারও
pharoti	raw=অফারটি:DICTIONARY:0.96	lit=ফারতি	valid=false	clean=true	freq=0	gate=null	commit=অফারটি
phisokokkhe	raw=অফিসকক্ষে:DICTIONARY:0.96	lit=ফিসকক্ষে	valid=false	clean=true	freq=0	gate=null	commit=অফিসকক্ষে
phisogulo	raw=অফিসগুলো:DICTIONARY:0.93	lit=ফিসগুল	valid=false	clean=true	freq=0	gate=null	commit=অফিসগুলো
phisosomuuh	raw=অফিসসমূহ:DICTIONARY:0.96	lit=ফিসসমূহ	valid=false	clean=true	freq=0	gate=null	commit=অফিসসমূহ
phisaroo	raw=অফিসারও:DICTIONARY:0.96	lit=ফিসারু	valid=false	clean=true	freq=0	gate=null	commit=অফিসারও
bochetonobhabe	raw=অবচেতনভাবে:DICTIONARY:0.96	lit=বচেতনভাবে	valid=false	clean=true	freq=0	gate=null	commit=অবচেতনভাবে
bojarobhetorite	raw=অবজারভেটরিতে:DICTIONARY:0.96	lit=বজারভেতরিতে	valid=false	clean=true	freq=0	gate=null	commit=অবজারভেটরিতে
bogyat	raw=অবজ্ঞাত:DICTIONARY:0.96	lit=বগ্যাত	valid=false	clean=false	freq=0	gate=null	commit=অবজ্ঞাত
botoronokarii	raw=অবতরণকারী:DICTIONARY:0.96	lit=বতরনকারী	valid=false	clean=true	freq=0	gate=null	commit=অবতরণকারী
bomuulyayoner	raw=অবমূল্যায়নের:DICTIONARY:0.96	lit=বমূল্যায়নের	valid=false	clean=false	freq=0	gate=null	commit=অবমূল্যায়নের
bolomb	raw=অবলম্ব:DICTIONARY:0.96	lit=বলম্ব	valid=false	clean=true	freq=0	gate=null	commit=অবলম্ব
bolokoner	raw=অবলোকনের:DICTIONARY:0.96	lit=বলকনের	valid=false	clean=true	freq=0	gate=null	commit=অবলোকনের
bosorobhatar	raw=অবসরভাতার:DICTIONARY:0.96	lit=বসরভাতার	valid=false	clean=true	freq=0	gate=null	commit=অবসরভাতার
bosthanei	raw=অবস্থানেই:DICTIONARY:0.96	lit=বস্থানেই	valid=false	clean=false	freq=0	gate=null	commit=অবস্থানেই
bosthasoh	raw=অবস্থাসহ:DICTIONARY:0.96	lit=বস্থাসহ	valid=false	clean=false	freq=0	gate=null	commit=অবস্থাসহ
longkorone	raw=অলংকরণে:DICTIONARY:0.96	lit=লংকরনে	valid=false	clean=true	freq=0	gate=null	commit=অলংকরণে
longkarii	raw=অলংকারী:DICTIONARY:0.96	lit=লংকারী	valid=false	clean=true	freq=0	gate=null	commit=অলংকারী
loukikotar	raw=অলৌকিকতার:DICTIONARY:0.96	lit=লৌকিকতার	valid=true	clean=true	freq=0	gate=লৌকিকতার	commit=লৌকিকতার
igolos	raw=ঈগলস:DICTIONARY:0.96	lit=ইগলস	valid=true	clean=true	freq=14	gate=null	commit=ঈগলস
idogaher	raw=ঈদগাহের:DICTIONARY:0.96	lit=ইদগাহের	valid=false	clean=true	freq=0	gate=null	commit=ঈদগাহের
ishworogonjer	raw=ঈশ্বরগঞ্জের:DICTIONARY:0.96	lit=ইশওয়রগঞ্জের	valid=false	clean=true	freq=0	gate=null	commit=ঈশ্বরগঞ্জের
ishworodiya	raw=ঈশ্বরদিয়া:DICTIONARY:0.96	lit=ইশওয়রদিয়া	valid=false	clean=true	freq=0	gate=null	commit=ঈশ্বরদিয়া
longoa	raw=লঙ্গা:DICTIONARY:0.93	lit=লঙআ	valid=false	clean=true	freq=0	gate=null	commit=লঙ্গাই
bodhuutika	raw=অবধূতিকা:DICTIONARY:0.96	lit=বধূতিকা	valid=false	clean=true	freq=0	gate=null	commit=অবধূতিকা
urdhokoma	raw=ঊর্ধকমা:DICTIONARY:0.96	lit=উর্ধকমা	valid=false	clean=false	freq=0	gate=null	commit=ঊর্ধকমা
botoronozan	raw=অবতরণযান:DICTIONARY:0.96	lit=বতরনজান	valid=false	clean=true	freq=0	gate=null	commit=অবতরণযান
bokathamogulote	raw=অবকাঠামোগুলোতে:DICTIONARY:0.93	lit=বকাথামগুলতে	valid=false	clean=true	freq=0	gate=null	commit=অবকাঠামোগুলোতে
tomobailos	raw=অটোমোবাইলস:DICTIONARY:0.96	lit=তমবাইলস	valid=false	clean=true	freq=0	gate=null	commit=অটোমোবাইলস
tolosporsh	raw=অতলস্পর্শ:DICTIONARY:0.96	lit=তলস্পর্শ	valid=false	clean=false	freq=0	gate=null	commit=অতলস্পর্শ
phokomer	raw=অফকমের:DICTIONARY:0.96	lit=ফকমের	valid=false	clean=true	freq=0	gate=null	commit=অফকমের
phishiyaloder	raw=অফিশিয়ালদের:DICTIONARY:0.93	lit=ফিশিয়ালদের	valid=false	clean=true	freq=0	gate=null	commit=অফিশিয়ালদের
phisosomuuher	raw=অফিসসমূহের:DICTIONARY:0.96	lit=ফিসসমূহের	valid=false	clean=true	freq=0	gate=null	commit=অফিসসমূহের
phisare	raw=অফিসারে:DICTIONARY:0.96	lit=ফিসারে	valid=false	clean=true	freq=0	gate=null	commit=অফিসারে
bokashokaliin	raw=অবকাশকালীন:DICTIONARY:0.96	lit=বকাশকালীন	valid=false	clean=true	freq=0	gate=null	commit=অবকাশকালীন
bokashokendrer	raw=অবকাশকেন্দ্রের:DICTIONARY:0.96	lit=বকাশকেন্দ্রের	valid=false	clean=true	freq=0	gate=null	commit=অবকাশকেন্দ্রের
bokkhepon	raw=অবক্ষেপণ:DICTIONARY:0.96	lit=বক্ষেপন	valid=false	clean=true	freq=0	gate=null	commit=অবক্ষেপণ
bojarobheshon	raw=অবজারভেশন:DICTIONARY:0.96	lit=বজারভেশন	valid=false	clean=true	freq=0	gate=null	commit=অবজারভেশন
bojarbhod	raw=অবজার্ভড:DICTIONARY:0.96	lit=বজার্ভদ	valid=false	clean=false	freq=0	gate=null	commit=অবজার্ভড
bogyay	raw=অবজ্ঞায়:DICTIONARY:0.96	lit=বগ্যায়	valid=false	clean=false	freq=0	gate=null	commit=অবজ্ঞায়
botongs	raw=অবতংস:DICTIONARY:0.96	lit=বতংস	valid=false	clean=true	freq=0	gate=null	commit=অবতংস
botoronokale	raw=অবতরণকালে:DICTIONARY:0.96	lit=বতরনকালে	valid=false	clean=true	freq=0	gate=null	commit=অবতরণকালে
bodharitobhabei	raw=অবধারিতভাবেই:DICTIONARY:0.96	lit=বধারিতভাবেই	valid=false	clean=true	freq=0	gate=null	commit=অবধারিতভাবেই
bomukti	raw=অবমুক্তি:DICTIONARY:0.96	lit=বমুক্তি	valid=false	clean=true	freq=0	gate=null	commit=অবমুক্তি
bomuulyayit	raw=অবমূল্যায়িত:DICTIONARY:0.96	lit=বমূল্যায়িত	valid=false	clean=false	freq=0	gate=null	commit=অবমূল্যায়িত
borodhokale	raw=অবরোধকালে:DICTIONARY:0.96	lit=বরধকালে	valid=false	clean=true	freq=0	gate=null	commit=অবরোধকালে
bolombonei	raw=অবলম্বনেই:DICTIONARY:0.96	lit=বলম্বনেই	valid=false	clean=true	freq=0	gate=null	commit=অবলম্বনেই
boshyokoroniiy	raw=অবশ্যকরণীয়:DICTIONARY:0.96	lit=বশ্যকরনীয়	valid=false	clean=false	freq=0	gate=null	commit=অবশ্যকরণীয়
boshyokortoby	raw=অবশ্যকর্তব্য:DICTIONARY:0.96	lit=বশ্যকর্তব্য	valid=false	clean=false	freq=0	gate=null	commit=অবশ্যকর্তব্য
boshyombhabiibhabe	raw=অবশ্যম্ভাবীভাবে:DICTIONARY:0.96	lit=বশ্যম্ভাবীভাবে	valid=false	clean=false	freq=0	gate=null	commit=অবশ্যম্ভাবীভাবে
bosorojiibon	raw=অবসরজীবন:DICTIONARY:0.96	lit=বসরজীবন	valid=false	clean=true	freq=0	gate=null	commit=অবসরজীবন
bosorobhata	raw=অবসরভাতা:DICTIONARY:0.96	lit=বসরভাতা	valid=false	clean=true	freq=0	gate=null	commit=অবসরভাতা
bosesibh	raw=অবসেসিভ:DICTIONARY:0.96	lit=বসেসিভ	valid=false	clean=true	freq=0	gate=null	commit=অবসেসিভ
bosthagot	raw=অবস্থাগত:DICTIONARY:0.96	lit=বস্থাগত	valid=false	clean=false	freq=0	gate=null	commit=অবস্থাগত
bosthatai	raw=অবস্থাটাই:DICTIONARY:0.96	lit=বস্থাতাই	valid=false	clean=false	freq=0	gate=null	commit=অবস্থাটাই
bosthatir	raw=অবস্থাটির:DICTIONARY:0.96	lit=বস্থাতির	valid=false	clean=false	freq=0	gate=null	commit=অবস্থাটির
bosthanokalei	raw=অবস্থানকালেই:DICTIONARY:0.96	lit=বস্থানকালেই	valid=false	clean=false	freq=0	gate=null	commit=অবস্থানকালেই
bosthanosthol	raw=অবস্থানস্থল:DICTIONARY:0.96	lit=বস্থানস্থল	valid=false	clean=false	freq=0	gate=null	commit=অবস্থানস্থল
bosthasomponn	raw=অবস্থাসম্পন্ন:DICTIONARY:0.96	lit=বস্থাসম্পন্ন	valid=false	clean=false	freq=0	gate=null	commit=অবস্থাসম্পন্ন
bosthitir	raw=অবস্থিতির:DICTIONARY:0.96	lit=বস্থিতির	valid=false	clean=false	freq=0	gate=null	commit=অবস্থিতির
boshan	raw=বসান:DICTIONARY:0.9500000000000001	lit=বশান	valid=false	clean=true	freq=0	gate=null	commit=বসান
lodriner	raw=অলড্রিনের:DICTIONARY:0.96	lit=লদ্রিনের	valid=false	clean=false	freq=0	gate=null	commit=অলড্রিনের
lomaiti	raw=অলমাইটি:DICTIONARY:0.96	lit=লমাইতি	valid=false	clean=true	freq=0	gate=null	commit=অলমাইটি
loraund	raw=অলরাউন্ড:DICTIONARY:0.96	lit=লরাউন্দ	valid=false	clean=true	freq=0	gate=null	commit=অলরাউন্ড
losotar	raw=অলসতার:DICTIONARY:0.96	lit=লসতার	valid=false	clean=true	freq=0	gate=null	commit=অলসতার
igoloder	raw=ঈগলদের:DICTIONARY:0.96	lit=ইগলদের	valid=true	clean=true	freq=0	gate=null	commit=ঈগলদের
idoke	raw=ঈদকে:DICTIONARY:0.96	lit=ইদকে	valid=false	clean=true	freq=0	gate=null	commit=ঈদকে
idulophitor	raw=ঈদুলফিতর:DICTIONARY:0.96	lit=ইদুলফিতর	valid=false	clean=true	freq=0	gate=null	commit=ঈদুলফিতর
irshay	raw=ঈর্ষায়:DICTIONARY:0.96	lit=ইর্শায়	valid=false	clean=false	freq=0	gate=null	commit=ঈর্ষায়
ishworotb	raw=ঈশ্বরত্ব:DICTIONARY:0.96	lit=ইশওয়রত্ব	valid=false	clean=true	freq=0	gate=null	commit=ঈশ্বরত্ব
ishworott	raw=ঈশ্বরত্ব:DICTIONARY:0.96	lit=ইশওয়রত্ত	valid=false	clean=false	freq=0	gate=null	commit=ঈশ্বরত্ব
ishodushn	raw=ঈষদুষ্ণ:DICTIONARY:0.96	lit=ইশদুশ্ন	valid=false	clean=false	freq=0	gate=null	commit=ঈষদুষ্ণ
ushaton	raw=ঊষাতন:DICTIONARY:0.96	lit=উশাতন	valid=false	clean=true	freq=0	gate=null	commit=ঊষাতন
lokochu	raw=ওলকচু:DICTIONARY:0.96	lit=লকচু	valid=false	clean=true	freq=0	gate=null	commit=ওলকচু
lokopi	raw=ওলকপি:DICTIONARY:0.96	lit=লকপি	valid=false	clean=true	freq=0	gate=null	commit=ওলকপি
lophogyang	raw=ওলফগ্যাং:DICTIONARY:0.96	lit=লফগ্যাং	valid=false	clean=false	freq=0	gate=null	commit=ওলফগ্যাং
lamara	raw=ওলামারা:DICTIONARY:0.96	lit=লামারা	valid=true	clean=true	freq=21	gate=লামারা	commit=লামারা
laston	raw=ওলাস্টন:DICTIONARY:0.96	lit=লাস্তন	valid=false	clean=false	freq=0	gate=null	commit=ওলাস্টন
bordhok	raw=অবর্ধক:DICTIONARY:0.96	lit=বর্ধক	valid=true	clean=false	freq=40	gate=null	commit=অবর্ধক
bosthasomuuher	raw=অবস্থাসমূহের:DICTIONARY:0.96	lit=বস্থাসমূহের	valid=false	clean=false	freq=0	gate=null	commit=অবস্থাসমূহের
bochetonobhabei	raw=অবচেতনভাবেই:DICTIONARY:0.96	lit=বচেতনভাবেই	valid=false	clean=true	freq=0	gate=null	commit=অবচেতনভাবেই
bosorosubidha	raw=অবসরসুবিধা:DICTIONARY:0.96	lit=বসরসুবিধা	valid=false	clean=true	freq=0	gate=null	commit=অবসরসুবিধা
locheroman	raw=ওলচেরমান:DICTIONARY:0.96	lit=লচেরমান	valid=false	clean=true	freq=0	gate=null	commit=ওলচেরমান
bokathamoteo	raw=অবকাঠামোতেও:DICTIONARY:0.96	lit=বকাথামতেও	valid=false	clean=true	freq=0	gate=null	commit=অবকাঠামোতেও
bohitokoron	raw=অবহিতকরণ:DICTIONARY:0.96	lit=বহিতকরন	valid=false	clean=true	freq=0	gate=null	commit=অবহিতকরণ
imanodarogon	raw=ঈমানদারগণ:DICTIONARY:0.96	lit=ইমানদারগন	valid=false	clean=true	freq=0	gate=null	commit=ঈমানদারগণ
toriksar	raw=অটোরিক্সার:DICTIONARY:0.96	lit=তরিক্সার	valid=false	clean=false	freq=0	gate=null	commit=অটোরিক্সার
bosthadrrishte	raw=অবস্থাদৃষ্টে:DICTIONARY:0.96	lit=বস্থাদ্র্রিশ্তে	valid=false	clean=false	freq=0	gate=null	commit=অবস্থাদৃষ্টে
bosadogrost	raw=অবসাদগ্রস্ত:DICTIONARY:0.96	lit=বসাদগ্রস্ত	valid=false	clean=false	freq=0	gate=null	commit=অবসাদগ্রস্ত
tokyad	raw=অটোক্যাড:DICTIONARY:0.96	lit=তক্যাদ	valid=false	clean=false	freq=0	gate=null	commit=অটোক্যাড
boshyi	raw=অবশ্যি:DICTIONARY:0.96	lit=বশ্যি	valid=false	clean=false	freq=0	gate=null	commit=অবশ্যি
lotaronetibh	raw=অলটারনেটিভ:DICTIONARY:0.96	lit=লতারনেতিভ	valid=false	clean=true	freq=0	gate=null	commit=অলটারনেটিভ
phisogamii	raw=অফিসগামী:DICTIONARY:0.96	lit=ফিসগামী	valid=false	clean=true	freq=0	gate=null	commit=অফিসগামী
besiti	raw=ওবেসিটি:DICTIONARY:0.96	lit=বেসিতি	valid=false	clean=true	freq=0	gate=null	commit=ওবেসিটি
phisogulote	raw=অফিসগুলোতে:DICTIONARY:0.93	lit=ফিসগুলতে	valid=false	clean=true	freq=0	gate=null	commit=অফিসগুলোতে
bodomoner	raw=অবদমনের:DICTIONARY:0.96	lit=বদমনের	valid=false	clean=true	freq=0	gate=null	commit=অবদমনের
imanoke	raw=ঈমানকে:DICTIONARY:0.96	lit=ইমানকে	valid=true	clean=true	freq=0	gate=null	commit=ঈমানকে
lamaye	raw=ওলামায়ে:DICTIONARY:0.96	lit=লামায়ে	valid=false	clean=true	freq=0	gate=null	commit=ওলামায়ে
ishika	raw=ঈশিকা:DICTIONARY:0.96	lit=ইশিকা	valid=false	clean=true	freq=0	gate=null	commit=ঈশিকা
phobit	raw=অফবিট:DICTIONARY:0.96	lit=ফবিত	valid=false	clean=true	freq=0	gate=null	commit=অফবিট
bosthanosoh	raw=অবস্থানসহ:DICTIONARY:0.96	lit=বস্থানসহ	valid=false	clean=false	freq=0	gate=null	commit=অবস্থানসহ
losobhabe	raw=অলসভাবে:DICTIONARY:0.96	lit=লসভাবে	valid=false	clean=true	freq=0	gate=null	commit=অলসভাবে
phisogulor	raw=অফিসগুলোর:DICTIONARY:0.93	lit=ফিসগুলর	valid=false	clean=true	freq=0	gate=null	commit=অফিসগুলোর
bojarobharer	raw=অবজারভারের:DICTIONARY:0.96	lit=বজারভারের	valid=false	clean=true	freq=0	gate=null	commit=অবজারভারের
bomuktir	raw=অবমুক্তির:DICTIONARY:0.96	lit=বমুক্তির	valid=false	clean=true	freq=0	gate=null	commit=অবমুক্তির
bosthanokariider	raw=অবস্থানকারীদের:DICTIONARY:0.93	lit=বস্থানকারীদের	valid=false	clean=false	freq=0	gate=null	commit=অবস্থানকারীদের
urdhbogotir	raw=ঊর্ধ্বগতির:DICTIONARY:0.96	lit=উর্ধ্বগতির	valid=false	clean=false	freq=0	gate=null	commit=ঊর্ধ্বগতির
urdhogotir	raw=ঊর্ধ্বগতির:DICTIONARY:0.96	lit=উর্ধগতির	valid=false	clean=false	freq=0	gate=null	commit=ঊর্ধ্বগতির
lamader	raw=লামাদের:DICTIONARY:0.93	lit=লামাদের	valid=false	clean=true	freq=0	gate=null	commit=লামাদের
borodhokarii	raw=অবরোধকারী:DICTIONARY:0.96	lit=বরধকারী	valid=false	clean=true	freq=0	gate=null	commit=অবরোধকারী
irshaporayon	raw=ঈর্ষাপরায়ণ:DICTIONARY:0.931	lit=ইর্শাপরায়ন	valid=false	clean=false	freq=0	gate=null	commit=ঈর্ষাপরায়ণ
toyay	raw=অটোয়ায়:DICTIONARY:0.96	lit=তয়ায়	valid=false	clean=true	freq=0	gate=null	commit=অটোয়ায়
phisaroti	raw=অফিসারটি:DICTIONARY:0.96	lit=ফিসারতি	valid=false	clean=true	freq=0	gate=null	commit=অফিসারটি
bodanoi	raw=অবদানই:DICTIONARY:0.96	lit=বদানৈ	valid=false	clean=true	freq=0	gate=null	commit=অবদানই
bomanonakarii	raw=অবমাননাকারী:DICTIONARY:0.96	lit=বমাননাকারী	valid=false	clean=true	freq=0	gate=null	commit=অবমাননাকারী
tolant	raw=অতলান্ত:DICTIONARY:0.96	lit=তলান্ত	valid=false	clean=true	freq=0	gate=null	commit=অতলান্ত
borodhoke	raw=অবরোধকে:DICTIONARY:0.96	lit=বরধকে	valid=false	clean=true	freq=0	gate=null	commit=অবরোধকে
urdhbogotite	raw=ঊর্ধ্বগতিতে:DICTIONARY:0.96	lit=উর্ধ্বগতিতে	valid=false	clean=false	freq=0	gate=null	commit=ঊর্ধ্বগতিতে
urdhogotite	raw=ঊর্ধ্বগতিতে:DICTIONARY:0.96	lit=উর্ধগতিতে	valid=false	clean=false	freq=0	gate=null	commit=ঊর্ধ্বগতিতে
bojarobhare	raw=অবজারভারে:DICTIONARY:0.96	lit=বজারভারে	valid=false	clean=true	freq=0	gate=null	commit=অবজারভারে
borodhokariider	raw=অবরোধকারীদের:DICTIONARY:0.93	lit=বরধকারীদের	valid=false	clean=true	freq=0	gate=null	commit=অবরোধকারীদের
bolombonokarii	raw=অবলম্বনকারী:DICTIONARY:0.96	lit=বলম্বনকারী	valid=false	clean=true	freq=0	gate=null	commit=অবলম্বনকারী
boliilay	raw=অবলীলায়:DICTIONARY:0.96	lit=বলীলায়	valid=false	clean=true	freq=0	gate=null	commit=অবলীলায়
bostharoo	raw=অবস্থারও:DICTIONARY:0.96	lit=বস্থারু	valid=false	clean=false	freq=0	gate=null	commit=অবস্থারও
urdhbakashe	raw=ঊর্ধ্বাকাশে:DICTIONARY:0.96	lit=উর্ধ্বাকাশে	valid=false	clean=false	freq=0	gate=null	commit=ঊর্ধ্বাকাশে
urdhakashe	raw=ঊর্ধ্বাকাশে:DICTIONARY:0.96	lit=উর্ধাকাশে	valid=false	clean=false	freq=0	gate=null	commit=ঊর্ধ্বাকাশে
phisoi	raw=অফিসই:DICTIONARY:0.96	lit=ফিসৈ	valid=false	clean=true	freq=0	gate=null	commit=অফিসই
bokathamogulo	raw=অবকাঠামোগুলো:DICTIONARY:0.93	lit=বকাথামগুল	valid=false	clean=true	freq=0	gate=null	commit=অবকাঠামোগুলো
botaroke	raw=অবতারকে:DICTIONARY:0.96	lit=বতারকে	valid=false	clean=true	freq=0	gate=null	commit=অবতারকে
bosthanokariira	raw=অবস্থানকারীরা:DICTIONARY:0.93	lit=বস্থানকারীরা	valid=false	clean=false	freq=0	gate=null	commit=অবস্থানকারীরা
bosthabhede	raw=অবস্থাভেদে:DICTIONARY:0.96	lit=বস্থাভেদে	valid=false	clean=false	freq=0	gate=null	commit=অবস্থাভেদে
bohelai	raw=অবহেলাই:DICTIONARY:0.96	lit=বহেলাই	valid=false	clean=true	freq=0	gate=null	commit=অবহেলাই
bohelao	raw=অবহেলাও:DICTIONARY:0.96	lit=বহেলাও	valid=false	clean=true	freq=0	gate=null	commit=অবহেলাও
lomost	raw=অলমোস্ট:DICTIONARY:0.96	lit=লমস্ত	valid=false	clean=false	freq=0	gate=null	commit=অলমোস্ট
urdhbotonoder	raw=উর্ধ্বতনদের:DICTIONARY:0.93	lit=উর্ধ্বতনদের	valid=false	clean=false	freq=0	gate=null	commit=উর্ধ্বতনদের
urdhotonoder	raw=উর্ধ্বতনদের:DICTIONARY:0.93	lit=উর্ধতনদের	valid=false	clean=false	freq=0	gate=null	commit=উর্ধ্বতনদের
bodhio	raw=অবধিও:DICTIONARY:0.96	lit=বধিও	valid=false	clean=true	freq=0	gate=null	commit=অবধিও
bontiir	raw=অবন্তীর:DICTIONARY:0.96	lit=বন্তীর	valid=false	clean=true	freq=0	gate=null	commit=অবন্তীর
bomuktokoron	raw=অবমুক্তকরণ:DICTIONARY:0.96	lit=বমুক্তকরন	valid=false	clean=true	freq=0	gate=null	commit=অবমুক্তকরণ
boshyopaloniiy	raw=অবশ্যপালনীয়:DICTIONARY:0.96	lit=বশ্যপালনীয়	valid=false	clean=false	freq=0	gate=null	commit=অবশ্যপালনীয়
bosorogrohoner	raw=অবসরগ্রহণের:DICTIONARY:0.96	lit=বসরগ্রহনের	valid=false	clean=false	freq=0	gate=null	commit=অবসরগ্রহণের
lempik	raw=অলেম্পিক:DICTIONARY:0.96	lit=লেম্পিক	valid=false	clean=true	freq=0	gate=null	commit=অলেম্পিক
idoganh	raw=ঈদগাঁহ:DICTIONARY:0.96	lit=ইদগান্হ	valid=false	clean=false	freq=0	gate=null	commit=ঈদগাঁহ
irshakator	raw=ঈর্ষাকাতর:DICTIONARY:0.96	lit=ইর্শাকাতর	valid=false	clean=false	freq=0	gate=null	commit=ঈর্ষাকাতর
tomil	raw=ওটমিল:DICTIONARY:0.96	lit=তমিল	valid=false	clean=true	freq=0	gate=null	commit=ওটমিল
lomart	raw=ওলমার্ট:DICTIONARY:0.96	lit=লমার্ত	valid=false	clean=false	freq=0	gate=null	commit=ওলমার্ট
pholainer	raw=অফলাইনের:DICTIONARY:0.96	lit=ফলাইনের	valid=false	clean=true	freq=0	gate=null	commit=অফলাইনের
phospinar	raw=অফস্পিনার:DICTIONARY:0.96	lit=ফস্পিনার	valid=false	clean=false	freq=0	gate=null	commit=অফস্পিনার
phare	raw=ফ্যারে:DICTIONARY:0.93	lit=ফারে	valid=false	clean=true	freq=0	gate=null	commit=পাহাড়ে
bokkhoyii	raw=অবক্ষয়ী:DICTIONARY:0.96	lit=বক্ষয়ী	valid=false	clean=true	freq=0	gate=null	commit=অবক্ষয়ী
bochit	raw=অবচিত:DICTIONARY:0.96	lit=বচিত	valid=false	clean=true	freq=0	gate=null	commit=অবচিত
bojektoke	raw=অবজেক্টকে:DICTIONARY:0.96	lit=বজেক্তকে	valid=false	clean=true	freq=0	gate=null	commit=অবজেক্টকে
bomanonamuulok	raw=অবমাননামূলক:DICTIONARY:0.96	lit=বমাননামূলক	valid=false	clean=true	freq=0	gate=null	commit=অবমাননামূলক
bomuktokoroner	raw=অবমুক্তকরণের:DICTIONARY:0.96	lit=বমুক্তকরনের	valid=false	clean=true	freq=0	gate=null	commit=অবমুক্তকরণের
boloponer	raw=অবলোপনের:DICTIONARY:0.96	lit=বলপনের	valid=false	clean=true	freq=0	gate=null	commit=অবলোপনের
iubhukt	raw=ইইউভুক্ত:DICTIONARY:0.96	lit=ইউভুক্ত	valid=false	clean=true	freq=0	gate=null	commit=ইইউভুক্ত
bosthagulo	raw=অবস্থাগুলো:DICTIONARY:0.93	lit=বস্থাগুল	valid=false	clean=false	freq=0	gate=null	commit=অবস্থাগুলো
bosthanogulor	raw=অবস্থানগুলোর:DICTIONARY:0.93	lit=বস্থানগুলর	valid=false	clean=false	freq=0	gate=null	commit=অবস্থানগুলোর
urdhber	raw=ঊর্ধ্বের:DICTIONARY:0.96	lit=উর্ধ্বের	valid=false	clean=false	freq=0	gate=null	commit=ঊর্ধ্বের
urdher	raw=ঊর্ধ্বের:DICTIONARY:0.96	lit=উর্ধের	valid=false	clean=false	freq=0	gate=null	commit=ঊর্ধ্বের
toklebh	raw=অটোক্লেভ:DICTIONARY:0.96	lit=তক্লেভ	valid=false	clean=true	freq=0	gate=null	commit=অটোক্লেভ
torkitobhabe	raw=অতর্কিতভাবে:DICTIONARY:0.96	lit=তর্কিতভাবে	valid=false	clean=false	freq=0	gate=null	commit=অতর্কিতভাবে
phisopara	raw=অফিসপাড়া:DICTIONARY:0.96	lit=ফিসপারা	valid=false	clean=true	freq=0	gate=null	commit=অফিসপাড়া
phisiyalora	raw=অফিসিয়ালরা:DICTIONARY:0.93	lit=ফিসিয়ালরা	valid=false	clean=true	freq=0	gate=null	commit=অফিসিয়ালরা
bokathamoo	raw=অবকাঠামোও:DICTIONARY:0.96	lit=বকাথামু	valid=false	clean=true	freq=0	gate=null	commit=অবকাঠামোও
bokashoo	raw=অবকাশও:DICTIONARY:0.96	lit=বকাশু	valid=false	clean=true	freq=0	gate=null	commit=অবকাশও
bokashokendr	raw=অবকাশকেন্দ্র:DICTIONARY:0.96	lit=বকাশকেন্দ্র	valid=false	clean=true	freq=0	gate=null	commit=অবকাশকেন্দ্র
bokkhoyoke	raw=অবক্ষয়কে:DICTIONARY:0.96	lit=বক্ষয়কে	valid=false	clean=true	freq=0	gate=null	commit=অবক্ষয়কে
botaronar	raw=অবতারণার:DICTIONARY:0.96	lit=বতারনার	valid=false	clean=true	freq=0	gate=null	commit=অবতারণার
botaroder	raw=অবতারদের:DICTIONARY:0.93	lit=বতারদের	valid=false	clean=true	freq=0	gate=null	commit=অবতারদের
bomanit	raw=অবমানিত:DICTIONARY:0.96	lit=বমানিত	valid=false	clean=true	freq=0	gate=null	commit=অবমানিত
boshyombhabiiruupe	raw=অবশ্যম্ভাবীরূপে:DICTIONARY:0.96	lit=বশ্যম্ভাবীরূপে	valid=false	clean=false	freq=0	gate=null	commit=অবশ্যম্ভাবীরূপে
bosanokolpe	raw=অবসানকল্পে:DICTIONARY:0.96	lit=বসানকল্পে	valid=false	clean=true	freq=0	gate=null	commit=অবসানকল্পে
bosha	raw=বসা:DICTIONARY:0.97	lit=বশা	valid=false	clean=true	freq=0	gate=null	commit=বসা
ishworogonje	raw=ঈশ্বরগঞ্জে:DICTIONARY:0.96	lit=ইশওয়রগঞ্জে	valid=false	clean=true	freq=0	gate=null	commit=ঈশ্বরগঞ্জে
urdhbango	raw=ঊর্ধ্বাঙ্গ:DICTIONARY:0.96	lit=উর্ধ্বাঙ	valid=false	clean=false	freq=0	gate=null	commit=ঊর্ধ্বাঙ্গ
urdhango	raw=ঊর্ধ্বাঙ্গ:DICTIONARY:0.96	lit=উর্ধাঙ	valid=false	clean=false	freq=0	gate=null	commit=ঊর্ধ্বাঙ্গ
chhoman	raw=ওছমান:DICTIONARY:0.96	lit=ছমান	valid=false	clean=true	freq=0	gate=null	commit=ওছমান
phisokokkh	raw=অফিসকক্ষ:DICTIONARY:0.96	lit=ফিসকক্ষ	valid=false	clean=true	freq=0	gate=null	commit=অফিসকক্ষ
phenosibh	raw=অফেনসিভ:DICTIONARY:0.96	lit=ফেনসিভ	valid=false	clean=true	freq=0	gate=null	commit=অফেনসিভ
phisotir	raw=অফিসটির:DICTIONARY:0.96	lit=ফিসতির	valid=false	clean=true	freq=0	gate=null	commit=অফিসটির
phisosomuuhe	raw=অফিসসমূহে:DICTIONARY:0.96	lit=ফিসসমূহে	valid=false	clean=true	freq=0	gate=null	commit=অফিসসমূহে
phisarorao	raw=অফিসাররাও:DICTIONARY:0.96	lit=ফিসাররাও	valid=false	clean=true	freq=0	gate=null	commit=অফিসাররাও
bokathamoi	raw=অবকাঠামোই:DICTIONARY:0.96	lit=বকাথামৈ	valid=false	clean=true	freq=0	gate=null	commit=অবকাঠামোই
bochetonei	raw=অবচেতনেই:DICTIONARY:0.96	lit=বচেতনেই	valid=false	clean=true	freq=0	gate=null	commit=অবচেতনেই
botaroruupe	raw=অবতাররূপে:DICTIONARY:0.96	lit=বতাররূপে	valid=false	clean=true	freq=0	gate=null	commit=অবতাররূপে
bodanogulo	raw=অবদানগুলো:DICTIONARY:0.93	lit=বদানগুল	valid=false	clean=true	freq=0	gate=null	commit=অবদানগুলো
bomanonakariider	raw=অবমাননাকারীদের:DICTIONARY:0.93	lit=বমাননাকারীদের	valid=false	clean=true	freq=0	gate=null	commit=অবমাননাকারীদের
boshishtora	raw=অবশিষ্টরা:DICTIONARY:0.93	lit=বশিশ্তরা	valid=false	clean=false	freq=0	gate=null	commit=অবশিষ্টরা
boshyopathy	raw=অবশ্যপাঠ্য:DICTIONARY:0.96	lit=বশ্যপাথ্য	valid=false	clean=false	freq=0	gate=null	commit=অবশ্যপাঠ্য
bosokior	raw=অবসকিওর:DICTIONARY:0.96	lit=বসকিওর	valid=false	clean=true	freq=0	gate=null	commit=অবসকিওর
bosthanokal	raw=অবস্থানকাল:DICTIONARY:0.96	lit=বস্থানকাল	valid=false	clean=false	freq=0	gate=null	commit=অবস্থানকাল
bosthanokei	raw=অবস্থানকেই:DICTIONARY:0.96	lit=বস্থানকেই	valid=false	clean=false	freq=0	gate=null	commit=অবস্থানকেই
bosthaneroo	raw=অবস্থানেরও:DICTIONARY:0.96	lit=বস্থানেরু	valid=false	clean=false	freq=0	gate=null	commit=অবস্থানেরও
bohelitoder	raw=অবহেলিতদের:DICTIONARY:0.93	lit=বহেলিতদের	valid=false	clean=true	freq=0	gate=null	commit=অবহেলিতদের
boidhy	raw=অবৈধ্য:DICTIONARY:0.96	lit=বৈধ্য	valid=false	clean=true	freq=0	gate=null	commit=অবৈধ্য
loraundaroder	raw=অলরাউন্ডারদের:DICTIONARY:0.93	lit=লরাউন্দারদের	valid=false	clean=true	freq=0	gate=null	commit=অলরাউন্ডারদের
lochona	raw=অলোচনা:DICTIONARY:0.96	lit=লচনা	valid=false	clean=true	freq=0	gate=null	commit=অলোচনা
lochonay	raw=অলোচনায়:DICTIONARY:0.96	lit=লচনায়	valid=false	clean=true	freq=0	gate=null	commit=অলোচনায়
idogan	raw=ঈদগাঁ:DICTIONARY:0.96	lit=ইদগান	valid=false	clean=true	freq=0	gate=null	commit=ঈদগাঁ
idogahor	raw=ঈদগাহর:DICTIONARY:0.96	lit=ইদগাহর	valid=false	clean=true	freq=0	gate=null	commit=ঈদগাহর
imane	raw=ঈমানে:DICTIONARY:0.96	lit=ইমানে	valid=false	clean=true	freq=0	gate=null	commit=ঈমানে
ishworoputr	raw=ঈশ্বরপুত্র:DICTIONARY:0.96	lit=ইশওয়রপুত্র	valid=false	clean=false	freq=0	gate=null	commit=ঈশ্বরপুত্র
urdhboloke	raw=ঊর্ধ্বলোকে:DICTIONARY:0.96	lit=উর্ধ্বলকে	valid=false	clean=false	freq=0	gate=null	commit=ঊর্ধ্বলোকে
urdholoke	raw=ঊর্ধ্বলোকে:DICTIONARY:0.96	lit=উর্ধলকে	valid=false	clean=false	freq=0	gate=null	commit=ঊর্ধ্বলোকে
urdhboshwase	raw=ঊর্ধ্বশ্বাসে:DICTIONARY:0.96	lit=উর্ধ্বশওয়াসে	valid=false	clean=false	freq=0	gate=null	commit=ঊর্ধ্বশ্বাসে
urdhoshwase	raw=ঊর্ধ্বশ্বাসে:DICTIONARY:0.96	lit=উর্ধশওয়াসে	valid=false	clean=false	freq=0	gate=null	commit=ঊর্ধ্বশ্বাসে
urmilar	raw=ঊর্মিলার:DICTIONARY:0.96	lit=উর্মিলার	valid=false	clean=false	freq=0	gate=null	commit=ঊর্মিলার
laotha	raw=ওলাওঠা:DICTIONARY:0.96	lit=লাওথা	valid=false	clean=true	freq=0	gate=null	commit=ওলাওঠা
phisotike	raw=অফিসটিকে:DICTIONARY:0.96	lit=ফিসতিকে	valid=false	clean=true	freq=0	gate=null	commit=অফিসটিকে
bodanokei	raw=অবদানকেই:DICTIONARY:0.96	lit=বদানকেই	valid=false	clean=true	freq=0	gate=null	commit=অবদানকেই
bolokiteshwor	raw=অবলোকিতেশ্বর:DICTIONARY:0.96	lit=বলকিতেশওয়র	valid=false	clean=true	freq=0	gate=null	commit=অবলোকিতেশ্বর
boitonikobhabe	raw=অবৈতনিকভাবে:DICTIONARY:0.96	lit=বৈতনিকভাবে	valid=false	clean=true	freq=0	gate=null	commit=অবৈতনিকভাবে
irshabodh	raw=ঈর্ষাবোধ:DICTIONARY:0.96	lit=ইর্শাবধ	valid=false	clean=false	freq=0	gate=null	commit=ঈর্ষাবোধ
urdhbomukhe	raw=ঊর্ধ্বমুখে:DICTIONARY:0.96	lit=উর্ধ্বমুখে	valid=false	clean=false	freq=0	gate=null	commit=ঊর্ধ্বমুখে
urdhomukhe	raw=ঊর্ধ্বমুখে:DICTIONARY:0.96	lit=উর্ধমুখে	valid=false	clean=false	freq=0	gate=null	commit=ঊর্ধ্বমুখে
urdhbangsh	raw=ঊর্ধ্বাংশ:DICTIONARY:0.96	lit=উর্ধ্বাংশ	valid=false	clean=false	freq=0	gate=null	commit=ঊর্ধ্বাংশ
urdhangsh	raw=ঊর্ধ্বাংশ:DICTIONARY:0.96	lit=উর্ধাংশ	valid=false	clean=false	freq=0	gate=null	commit=ঊর্ধ্বাংশ
beroyer	raw=ওবেরয়ের:DICTIONARY:0.96	lit=বেরয়ের	valid=false	clean=true	freq=0	gate=null	commit=ওবেরয়ের
tographer	raw=অটোগ্রাফের:DICTIONARY:0.96	lit=তগ্রাফের	valid=false	clean=false	freq=0	gate=null	commit=অটোগ্রাফের
tomeshone	raw=অটোমেশনে:DICTIONARY:0.96	lit=তমেশনে	valid=false	clean=true	freq=0	gate=null	commit=অটোমেশনে
tosiir	raw=অতসীর:DICTIONARY:0.96	lit=তসীর	valid=false	clean=true	freq=0	gate=null	commit=অতসীর
phosait	raw=অফসাইট:DICTIONARY:0.96	lit=ফসাইত	valid=false	clean=true	freq=0	gate=null	commit=অফসাইট
phoskrin	raw=অফস্ক্রিন:DICTIONARY:0.96	lit=ফস্ক্রিন	valid=false	clean=false	freq=0	gate=null	commit=অফস্ক্রিন
phospine	raw=অফস্পিনে:DICTIONARY:0.96	lit=ফস্পিনে	valid=false	clean=false	freq=0	gate=null	commit=অফস্পিনে
phisoghor	raw=অফিসঘর:DICTIONARY:0.96	lit=ফিসঘর	valid=false	clean=true	freq=0	gate=null	commit=অফিসঘর
phisaroi	raw=অফিসারই:DICTIONARY:0.96	lit=ফিসারৈ	valid=false	clean=true	freq=0	gate=null	commit=অফিসারই
phiseroi	raw=অফিসেরই:DICTIONARY:0.96	lit=ফিসেরৈ	valid=false	clean=true	freq=0	gate=null	commit=অফিসেরই
bokathamosoh	raw=অবকাঠামোসহ:DICTIONARY:0.96	lit=বকাথামসহ	valid=false	clean=true	freq=0	gate=null	commit=অবকাঠামোসহ
bokashoi	raw=অবকাশই:DICTIONARY:0.96	lit=বকাশৈ	valid=false	clean=true	freq=0	gate=null	commit=অবকাশই
bogunthit	raw=অবগুণ্ঠিত:DICTIONARY:0.96	lit=বগুন্থিত	valid=false	clean=true	freq=0	gate=null	commit=অবগুণ্ঠিত
bojekotibh	raw=অবজেকটিভ:DICTIONARY:0.96	lit=বজেকতিভ	valid=false	clean=true	freq=0	gate=null	commit=অবজেকটিভ
botaron	raw=অবতারণ:DICTIONARY:0.96	lit=বতারন	valid=false	clean=true	freq=0	gate=null	commit=অবতারণ
bodanokeo	raw=অবদানকেও:DICTIONARY:0.96	lit=বদানকেও	valid=false	clean=true	freq=0	gate=null	commit=অবদানকেও
bodul	raw=অবদুল:DICTIONARY:0.96	lit=বদুল	valid=false	clean=true	freq=0	gate=null	commit=অবদুল
boniir	raw=অবনীর:DICTIONARY:0.96	lit=বনীর	valid=false	clean=true	freq=0	gate=null	commit=অবনীর
bontiike	raw=অবন্তীকে:DICTIONARY:0.96	lit=বন্তীকে	valid=false	clean=true	freq=0	gate=null	commit=অবন্তীকে
borodhobasinii	raw=অবরোধবাসিনী:DICTIONARY:0.96	lit=বরধবাসিনী	valid=false	clean=true	freq=0	gate=null	commit=অবরোধবাসিনী
bolombonoke	raw=অবলম্বনকে:DICTIONARY:0.96	lit=বলম্বনকে	valid=false	clean=true	freq=0	gate=null	commit=অবলম্বনকে
boshishtogulo	raw=অবশিষ্টগুলো:DICTIONARY:0.93	lit=বশিশ্তগুল	valid=false	clean=false	freq=0	gate=null	commit=অবশিষ্টগুলো
bosorojonit	raw=অবসরজনিত:DICTIONARY:0.96	lit=বসরজনিত	valid=false	clean=true	freq=0	gate=null	commit=অবসরজনিত
bosorobhogii	raw=অবসরভোগী:DICTIONARY:0.96	lit=বসরভগী	valid=false	clean=true	freq=0	gate=null	commit=অবসরভোগী
bosesod	raw=অবসেসড:DICTIONARY:0.96	lit=বসেসদ	valid=false	clean=true	freq=0	gate=null	commit=অবসেসড
bosthanogotobhabe	raw=অবস্থানগতভাবে:DICTIONARY:0.96	lit=বস্থানগতভাবে	valid=false	clean=false	freq=0	gate=null	commit=অবস্থানগতভাবে
bosthanogulote	raw=অবস্থানগুলোতে:DICTIONARY:0.93	lit=বস্থানগুলতে	valid=false	clean=false	freq=0	gate=null	commit=অবস্থানগুলোতে
bosthanojonit	raw=অবস্থানজনিত:DICTIONARY:0.96	lit=বস্থানজনিত	valid=false	clean=false	freq=0	gate=null	commit=অবস্থানজনিত
bosthanotai	raw=অবস্থানটাই:DICTIONARY:0.96	lit=বস্থানতাই	valid=false	clean=false	freq=0	gate=null	commit=অবস্থানটাই
bohelakarii	raw=অবহেলাকারী:DICTIONARY:0.96	lit=বহেলাকারী	valid=false	clean=true	freq=0	gate=null	commit=অবহেলাকারী
bohelake	raw=অবহেলাকে:DICTIONARY:0.96	lit=বহেলাকে	valid=false	clean=true	freq=0	gate=null	commit=অবহেলাকে
bedonobid	raw=অবেদনবিদ:DICTIONARY:0.96	lit=বেদনবিদ	valid=false	clean=true	freq=0	gate=null	commit=অবেদনবিদ
longkarosoh	raw=অলংকারসহ:DICTIONARY:0.96	lit=লংকারসহ	valid=false	clean=true	freq=0	gate=null	commit=অলংকারসহ
longghy	raw=অলঙ্ঘ্য:DICTIONARY:0.96	lit=লঙ্ঘ্য	valid=false	clean=false	freq=0	gate=null	commit=অলঙ্ঘ্য
loraundarer	raw=অলরাউন্ডারের:DICTIONARY:0.96	lit=লরাউন্দারের	valid=false	clean=true	freq=0	gate=null	commit=অলরাউন্ডারের
losotay	raw=অলসতায়:DICTIONARY:0.96	lit=লসতায়	valid=false	clean=true	freq=0	gate=null	commit=অলসতায়
idogahoke	raw=ঈদগাহকে:DICTIONARY:0.96	lit=ইদগাহকে	valid=false	clean=true	freq=0	gate=null	commit=ঈদগাহকে
idogahoti	raw=ঈদগাহটি:DICTIONARY:0.96	lit=ইদগাহতি	valid=false	clean=true	freq=0	gate=null	commit=ঈদগাহটি
idosongkhya	raw=ঈদসংখ্যা:DICTIONARY:0.96	lit=ইদসংখ্যা	valid=false	clean=true	freq=0	gate=null	commit=ঈদসংখ্যা
ishworopur	raw=ঈশ্বরপুর:DICTIONARY:0.96	lit=ইশওয়রপুর	valid=false	clean=true	freq=0	gate=null	commit=ঈশ্বরপুর
unosottore	raw=ঊনসত্তরে:DICTIONARY:0.96	lit=উনসত্তরে	valid=false	clean=false	freq=0	gate=null	commit=ঊনসত্তরে
urdhbokrom	raw=ঊর্ধ্বক্রম:DICTIONARY:0.96	lit=উর্ধ্বক্রম	valid=false	clean=false	freq=0	gate=null	commit=ঊর্ধ্বক্রম
urdhokrom	raw=ঊর্ধ্বক্রম:DICTIONARY:0.96	lit=উর্ধক্রম	valid=false	clean=false	freq=0	gate=null	commit=ঊর্ধ্বক্রম
urdhbogomon	raw=ঊর্ধ্বগমন:DICTIONARY:0.96	lit=উর্ধ্বগমন	valid=false	clean=false	freq=0	gate=null	commit=ঊর্ধ্বগমন
urdhogomon	raw=ঊর্ধ্বগমন:DICTIONARY:0.96	lit=উর্ধগমন	valid=false	clean=false	freq=0	gate=null	commit=ঊর্ধ্বগমন
tamendi	raw=ওতামেন্দি:DICTIONARY:0.96	lit=তামেন্দি	valid=false	clean=true	freq=0	gate=null	commit=ওতামেন্দি
tomobaile	raw=অটোমোবাইলে:DICTIONARY:0.96	lit=তমবাইলে	valid=false	clean=true	freq=0	gate=null	commit=অটোমোবাইলে
bokathamoti	raw=অবকাঠামোটি:DICTIONARY:0.96	lit=বকাথামতি	valid=false	clean=true	freq=0	gate=null	commit=অবকাঠামোটি
bolokit	raw=অবলোকিত:DICTIONARY:0.96	lit=বলকিত	valid=false	clean=true	freq=0	gate=null	commit=অবলোকিত
urdhbolok	raw=ঊর্ধ্বলোক:DICTIONARY:0.96	lit=উর্ধ্বলক	valid=false	clean=false	freq=0	gate=null	commit=ঊর্ধ্বলোক
urdholok	raw=ঊর্ধ্বলোক:DICTIONARY:0.96	lit=উর্ধলক	valid=false	clean=false	freq=0	gate=null	commit=ঊর্ধ্বলোক
urdhbangoe	raw=ঊর্ধ্বাঙ্গে:DICTIONARY:0.96	lit=উর্ধ্বাঙএ	valid=false	clean=false	freq=0	gate=null	commit=ঊর্ধ্বাঙ্গে
urdhangoe	raw=ঊর্ধ্বাঙ্গে:DICTIONARY:0.96	lit=উর্ধাঙএ	valid=false	clean=false	freq=0	gate=null	commit=ঊর্ধ্বাঙ্গে
bochetonay	raw=অবচেতনায়:DICTIONARY:0.96	lit=বচেতনায়	valid=false	clean=true	freq=0	gate=null	commit=অবচেতনায়
bodanogulor	raw=অবদানগুলোর:DICTIONARY:0.93	lit=বদানগুলর	valid=false	clean=true	freq=0	gate=null	commit=অবদানগুলোর
bontikar	raw=অবন্তিকার:DICTIONARY:0.96	lit=বন্তিকার	valid=false	clean=true	freq=0	gate=null	commit=অবন্তিকার
bobhas	raw=অবভাস:DICTIONARY:0.96	lit=বভাস	valid=false	clean=true	freq=0	gate=null	commit=অবভাস
bolombii	raw=অবলম্বী:DICTIONARY:0.96	lit=বলম্বী	valid=false	clean=true	freq=0	gate=null	commit=অবলম্বী
boshishtangshoo	raw=অবশিষ্টাংশও:DICTIONARY:0.96	lit=বশিশ্তাংশু	valid=false	clean=false	freq=0	gate=null	commit=অবশিষ্টাংশও
boshyombhabiibhabei	raw=অবশ্যম্ভাবীভাবেই:DICTIONARY:0.96	lit=বশ্যম্ভাবীভাবেই	valid=false	clean=false	freq=0	gate=null	commit=অবশ্যম্ভাবীভাবেই
bosadojonit	raw=অবসাদজনিত:DICTIONARY:0.96	lit=বসাদজনিত	valid=false	clean=true	freq=0	gate=null	commit=অবসাদজনিত
bosthakaliin	raw=অবস্থাকালীন:DICTIONARY:0.96	lit=বস্থাকালীন	valid=false	clean=false	freq=0	gate=null	commit=অবস্থাকালীন
bosthanotio	raw=অবস্থানটিও:DICTIONARY:0.96	lit=বস্থানতিও	valid=false	clean=false	freq=0	gate=null	commit=অবস্থানটিও
loukikotber	raw=অলৌকিকত্বের:DICTIONARY:0.96	lit=লৌকিকত্বের	valid=false	clean=true	freq=0	gate=null	commit=অলৌকিকত্বের
loukikotter	raw=অলৌকিকত্বের:DICTIONARY:0.96	lit=লৌকিকত্তের	valid=false	clean=false	freq=0	gate=null	commit=অলৌকিকত্বের
ishworotottb	raw=ঈশ্বরতত্ত্ব:DICTIONARY:0.96	lit=ইশওয়রতত্ত্ব	valid=false	clean=false	freq=0	gate=null	commit=ঈশ্বরতত্ত্ব
ishworotott	raw=ঈশ্বরতত্ত্ব:DICTIONARY:0.96	lit=ইশওয়রতত্ত	valid=false	clean=false	freq=0	gate=null	commit=ঈশ্বরতত্ত্ব
chhokhalii	raw=ওছখালী:DICTIONARY:0.96	lit=ছখালী	valid=false	clean=true	freq=0	gate=null	commit=ওছখালী
phisokokkher	raw=অফিসকক্ষের:DICTIONARY:0.96	lit=ফিসকক্ষের	valid=false	clean=true	freq=0	gate=null	commit=অফিসকক্ষের
bogyapuurn	raw=অবজ্ঞাপূর্ণ:DICTIONARY:0.96	lit=বগ্যাপূর্ন	valid=false	clean=false	freq=0	gate=null	commit=অবজ্ঞাপূর্ণ
bolik	raw=অবলিক:DICTIONARY:0.96	lit=বলিক	valid=false	clean=true	freq=0	gate=null	commit=অবলিক
bosthanotir	raw=অবস্থানটির:DICTIONARY:0.96	lit=বস্থানতির	valid=false	clean=false	freq=0	gate=null	commit=অবস্থানটির
bedonik	raw=অবেদনিক:DICTIONARY:0.96	lit=বেদনিক	valid=false	clean=true	freq=0	gate=null	commit=অবেদনিক
lokanond	raw=অলকানন্দ:DICTIONARY:0.96	lit=লকানন্দ	valid=false	clean=true	freq=0	gate=null	commit=অলকানন্দ
unotrishotom	raw=ঊনত্রিশতম:DICTIONARY:0.96	lit=উনত্রিশতম	valid=false	clean=false	freq=0	gate=null	commit=ঊনত্রিশতম
losener	raw=ওলসেনের:DICTIONARY:0.96	lit=লসেনের	valid=false	clean=true	freq=0	gate=null	commit=ওলসেনের
bosorozapon	raw=অবসরযাপন:DICTIONARY:0.96	lit=বসরজাপন	valid=false	clean=true	freq=0	gate=null	commit=অবসরযাপন
bosiniti	raw=অবসিনিটি:DICTIONARY:0.96	lit=বসিনিতি	valid=false	clean=true	freq=0	gate=null	commit=অবসিনিটি
bostetrik	raw=অবস্টেট্রিক:DICTIONARY:0.96	lit=বস্তেত্রিক	valid=false	clean=false	freq=0	gate=null	commit=অবস্টেট্রিক
bostetrikos	raw=অবস্টেট্রিকস:DICTIONARY:0.96	lit=বস্তেত্রিকস	valid=false	clean=false	freq=0	gate=null	commit=অবস্টেট্রিকস
urdhbosiimar	raw=ঊর্ধ্বসীমার:DICTIONARY:0.96	lit=উর্ধ্বসীমার	valid=false	clean=false	freq=0	gate=null	commit=ঊর্ধ্বসীমার
urdhosiimar	raw=ঊর্ধ্বসীমার:DICTIONARY:0.96	lit=উর্ধসীমার	valid=false	clean=false	freq=0	gate=null	commit=ঊর্ধ্বসীমার
phises	raw=অফিসেস:DICTIONARY:0.96	lit=ফিসেস	valid=false	clean=true	freq=0	gate=null	commit=অফিসেস
bomuktokrrit	raw=অবমুক্তকৃত:DICTIONARY:0.96	lit=বমুক্তক্র্রিত	valid=false	clean=false	freq=0	gate=null	commit=অবমুক্তকৃত
bolomboneo	raw=অবলম্বনেও:DICTIONARY:0.96	lit=বলম্বনেও	valid=false	clean=true	freq=0	gate=null	commit=অবলম্বনেও
bosthanostholer	raw=অবস্থানস্থলের:DICTIONARY:0.96	lit=বস্থানস্থলের	valid=false	clean=false	freq=0	gate=null	commit=অবস্থানস্থলের
bosthasomuuh	raw=অবস্থাসমূহ:DICTIONARY:0.96	lit=বস্থাসমূহ	valid=false	clean=false	freq=0	gate=null	commit=অবস্থাসমূহ
bohiti	raw=অবহিতি:DICTIONARY:0.96	lit=বহিতি	valid=false	clean=true	freq=0	gate=null	commit=অবহিতি
longkoronoo	raw=অলংকরণও:DICTIONARY:0.96	lit=লংকরনু	valid=false	clean=true	freq=0	gate=null	commit=অলংকরণও
longkarobohul	raw=অলংকারবহুল:DICTIONARY:0.96	lit=লংকারবহুল	valid=false	clean=true	freq=0	gate=null	commit=অলংকারবহুল
idujjoha	raw=ঈদুজ্জোহা:DICTIONARY:0.925	lit=ইদুজ্জহা	valid=false	clean=false	freq=0	gate=null	commit=ঈদুজ্জোহা
irshaboshot	raw=ঈর্ষাবশত:DICTIONARY:0.96	lit=ইর্শাবশত	valid=false	clean=false	freq=0	gate=null	commit=ঈর্ষাবশত
ishworoputrer	raw=ঈশ্বরপুত্রের:DICTIONARY:0.96	lit=ইশওয়রপুত্রের	valid=false	clean=false	freq=0	gate=null	commit=ঈশ্বরপুত্রের
ishworei	raw=ঈশ্বরেই:DICTIONARY:0.96	lit=ইশওয়রেই	valid=false	clean=true	freq=0	gate=null	commit=ঈশ্বরেই
urusondhi	raw=ঊরুসন্ধি:DICTIONARY:0.96	lit=উরুসন্ধি	valid=false	clean=true	freq=0	gate=null	commit=ঊরুসন্ধি
urddh	raw=ঊর্দ্ধ:DICTIONARY:0.96	lit=উর্দ্ধ	valid=false	clean=false	freq=0	gate=null	commit=ঊর্দ্ধ
urmilake	raw=ঊর্মিলাকে:DICTIONARY:0.96	lit=উর্মিলাকে	valid=false	clean=false	freq=0	gate=null	commit=ঊর্মিলাকে
ushao	raw=ঊষাও:DICTIONARY:0.96	lit=উশাও	valid=false	clean=true	freq=0	gate=null	commit=ঊষাও
idrrishong	raw=ঈদৃশং:DICTIONARY:0.96	lit=ইদ্র্রিশং	valid=false	clean=false	freq=0	gate=null	commit=ঈদৃশং
boniish	raw=অবনীশ:DICTIONARY:0.96	lit=বনীশ	valid=false	clean=true	freq=0	gate=null	commit=অনীশ
boniisher	raw=অবনীশের:DICTIONARY:0.96	lit=বনীশের	valid=false	clean=true	freq=0	gate=null	commit=অবনীশের
urddhoshwase	raw=ঊর্দ্ধশ্বাসে:DICTIONARY:0.96	lit=উর্দ্ধশওয়াসে	valid=false	clean=false	freq=0	gate=null	commit=ঊর্দ্ধশ্বাসে
chhimoddi	raw=অছিমদ্দি:DICTIONARY:0.96	lit=ছিমদ্দি	valid=false	clean=false	freq=0	gate=null	commit=অছিমদ্দি
bosorobartar	raw=অবসরবার্তার:DICTIONARY:0.96	lit=বসরবার্তার	valid=false	clean=false	freq=0	gate=null	commit=অবসরবার্তার
lephin	raw=অলেফিন:DICTIONARY:0.96	lit=লেফিন	valid=false	clean=true	freq=0	gate=null	commit=অলেফিন
chhiot	raw=অছিঅত:DICTIONARY:0.96	lit=ছিওত	valid=false	clean=true	freq=0	gate=null	commit=অছিঅত
chhiur	raw=অছিউর:DICTIONARY:0.96	lit=ছিউর	valid=false	clean=true	freq=0	gate=null	commit=অছিউর
chhiporishod	raw=অছিপরিষদ:DICTIONARY:0.96	lit=ছিপরিশদ	valid=false	clean=true	freq=0	gate=null	commit=অছিপরিষদ
chhimiyar	raw=অছিমিয়ার:DICTIONARY:0.96	lit=ছিমিয়ার	valid=false	clean=true	freq=0	gate=null	commit=চিয়ার
chhiyot	raw=অছিয়ত:DICTIONARY:0.96	lit=ছিয়ত	valid=false	clean=true	freq=0	gate=null	commit=অছিয়ত
chhiyotonama	raw=অছিয়তনামা:DICTIONARY:0.96	lit=ছিয়তনামা	valid=false	clean=true	freq=0	gate=null	commit=অছিয়তনামা
chhiyoti	raw=অছিয়তি:DICTIONARY:0.96	lit=ছিয়তি	valid=false	clean=true	freq=0	gate=null	commit=ছিয়ে
chhilai	raw=অছিলাই:DICTIONARY:0.96	lit=ছিলাই	valid=false	clean=true	freq=0	gate=null	commit=চিলাই
chhen	raw=ছেঁড়:DICTIONARY:0.968	lit=ছেন	valid=false	clean=true	freq=0	gate=null	commit=ছেঁড়
tobiyanoder	raw=অটবিয়ানদের:DICTIONARY:0.96	lit=তবিয়ানদের	valid=false	clean=true	freq=0	gate=null	commit=অটবিয়ানদের
tobiyanora	raw=অটবিয়ানরা:DICTIONARY:0.96	lit=তবিয়ানরা	valid=false	clean=true	freq=0	gate=null	commit=অটবিয়ানরা
tobii	raw=অটবী:DICTIONARY:0.96	lit=তবী	valid=false	clean=true	freq=0	gate=null	commit=অটবী
tolochondr	raw=অটলচন্দ্র:DICTIONARY:0.96	lit=তলচন্দ্র	valid=false	clean=true	freq=0	gate=null	commit=অটলচন্দ্র
tolothakun	raw=অটলথাকুন:DICTIONARY:0.96	lit=তলথাকুন	valid=false	clean=true	freq=0	gate=null	commit=অটলথাকুন
tolobihariibajopeyisoh	raw=অটলবিহারীবাজপেয়িসহ:DICTIONARY:0.96	lit=তলবিহারীবাজপেয়িসহ	valid=false	clean=true	freq=0	gate=null	commit=অটলবিহারীবাজপেয়িসহ
terikosha	raw=অটেরিকশা:DICTIONARY:0.96	lit=তেরিকশা	valid=false	clean=true	freq=0	gate=null	commit=অটেরিকশা
toinokuleshon	raw=অটোইনোকুলেশন:DICTIONARY:0.96	lit=তৈনকুলেশন	valid=false	clean=true	freq=0	gate=null	commit=অটোইনোকুলেশন
toimyun	raw=অটোইম্যুন:DICTIONARY:0.96	lit=তৈম্যুন	valid=false	clean=false	freq=0	gate=null	commit=অটোইমিউন
tokaros	raw=অটোকারস:DICTIONARY:0.96	lit=তকারস	valid=false	clean=true	freq=0	gate=null	commit=টোকার
tokalar	raw=অটোকালার:DICTIONARY:0.96	lit=তকালার	valid=false	clean=true	freq=0	gate=null	commit=অটোকালার
tokalarosoh	raw=অটোকালারসহ:DICTIONARY:0.96	lit=তকালারসহ	valid=false	clean=true	freq=0	gate=null	commit=অটোকালারসহ
tokebh	raw=অটোকেভ:DICTIONARY:0.96	lit=তকেভ	valid=false	clean=true	freq=0	gate=null	commit=অটোকেভ
tokyat	raw=অটোক্যাট:DICTIONARY:0.96	lit=তক্যাত	valid=false	clean=false	freq=0	gate=null	commit=অটোক্যাট
tokyadosoh	raw=অটোক্যাডসহ:DICTIONARY:0.96	lit=তক্যাদসহ	valid=false	clean=false	freq=0	gate=null	commit=অটোক্যাডসহ
tokyade	raw=অটোক্যাডে:DICTIONARY:0.96	lit=তক্যাদে	valid=false	clean=false	freq=0	gate=null	commit=অটোক্যাডে
tokyab	raw=অটোক্যাব:DICTIONARY:0.96	lit=তক্যাব	valid=false	clean=false	freq=0	gate=null	commit=অটোক্যাব
tokresir	raw=অটোক্রেসির:DICTIONARY:0.96	lit=তক্রেসির	valid=false	clean=false	freq=0	gate=null	commit=অটোক্রেসির
toklep	raw=অটোক্লেপ:DICTIONARY:0.96	lit=তক্লেপ	valid=false	clean=true	freq=0	gate=null	commit=অটোক্লেপ
togom	raw=অটোগম:DICTIONARY:0.96	lit=তগম	valid=false	clean=true	freq=0	gate=null	commit=অটোগম
tographooyala	raw=অটোগ্রাফওয়ালা:DICTIONARY:0.96	lit=তগ্রাফুয়ালা	valid=false	clean=false	freq=0	gate=null	commit=অটোগ্রাফওয়ালা
tographoshikari	raw=অটোগ্রাফশিকারি:DICTIONARY:0.96	lit=তগ্রাফশিকারি	valid=false	clean=false	freq=0	gate=null	commit=অটোগ্রাফশিকারি
tographoshikarider	raw=অটোগ্রাফশিকারিদের:DICTIONARY:0.96	lit=তগ্রাফশিকারিদের	valid=false	clean=false	freq=0	gate=null	commit=অটোগ্রাফশিকারিদের
tographosoh	raw=অটোগ্রাফসহ:DICTIONARY:0.96	lit=তগ্রাফসহ	valid=false	clean=false	freq=0	gate=null	commit=অটোগ্রাফসহ
tochokr	raw=অটোচক্র:DICTIONARY:0.96	lit=তচক্র	valid=false	clean=false	freq=0	gate=null	commit=অটোচক্র
tojer	raw=অটোজের:DICTIONARY:0.96	lit=তজের	valid=false	clean=true	freq=0	gate=null	commit=অটোজের
totempo	raw=অটোটেম্পো:DICTIONARY:0.96	lit=ততেম্প	valid=false	clean=true	freq=0	gate=null	commit=টোটেম
totempochalok	raw=অটোটেম্পোচালক:DICTIONARY:0.96	lit=ততেম্পচালক	valid=false	clean=true	freq=0	gate=null	commit=অটোটেম্পোচালক
totempor	raw=অটোটেম্পোর:DICTIONARY:0.96	lit=ততেম্পর	valid=false	clean=true	freq=0	gate=null	commit=অটোটেম্পোর
tonomik	raw=অটোনমিক:DICTIONARY:0.96	lit=তনমিক	valid=false	clean=true	freq=0	gate=null	commit=অটোনমিক
topailote	raw=অটোপাইলটে:DICTIONARY:0.96	lit=তপাইলতে	valid=false	clean=true	freq=0	gate=null	commit=অটোপাইলটে
topailoter	raw=অটোপাইলটের:DICTIONARY:0.96	lit=তপাইলতের	valid=false	clean=true	freq=0	gate=null	commit=অটোপাইলটের
topaoyar	raw=অটোপাওয়ার:DICTIONARY:0.96	lit=তপাওয়ার	valid=false	clean=true	freq=0	gate=null	commit=টাওয়ার
topartos	raw=অটোপার্টস:DICTIONARY:0.96	lit=তপার্তস	valid=false	clean=false	freq=0	gate=null	commit=অটোপার্টস
tobaik	raw=অটোবাইক:DICTIONARY:0.96	lit=তবাইক	valid=false	clean=true	freq=0	gate=null	commit=টাইক
tobayographite	raw=অটোবায়োগ্রাফিতে:DICTIONARY:0.96	lit=তবায়গ্রাফিতে	valid=false	clean=false	freq=0	gate=null	commit=অটোবায়োগ্রাফিতে
tobhon	raw=অটোভন:DICTIONARY:0.96	lit=তভন	valid=false	clean=true	freq=0	gate=null	commit=অটোভন
tobhyan	raw=অটোভ্যান:DICTIONARY:0.96	lit=তভ্যান	valid=false	clean=true	freq=0	gate=null	commit=অটোভ্যান
tobhyaner	raw=অটোভ্যানের:DICTIONARY:0.96	lit=তভ্যানের	valid=false	clean=true	freq=0	gate=null	commit=অটোভ্যানের
tomobil	raw=অটোমবিল:DICTIONARY:0.96	lit=তমবিল	valid=false	clean=true	freq=0	gate=null	commit=অটোমবিল
tomaigreshoner	raw=অটোমাইগ্রেশনের:DICTIONARY:0.96	lit=তমাইগ্রেশনের	valid=false	clean=false	freq=0	gate=null	commit=অটোমাইগ্রেশনের
tomiler	raw=অটোমিলের:DICTIONARY:0.96	lit=তমিলের	valid=false	clean=true	freq=0	gate=null	commit=অমিলের
tomekanik	raw=অটোমেকানিক:DICTIONARY:0.96	lit=তমেকানিক	valid=false	clean=true	freq=0	gate=null	commit=অটোমেকানিক
tomedet	raw=অটোমেডেট:DICTIONARY:0.96	lit=তমেদেত	valid=false	clean=true	freq=0	gate=null	commit=অটোমেডেট
tomeshonoti	raw=অটোমেশনটি:DICTIONARY:0.96	lit=তমেশনতি	valid=false	clean=true	freq=0	gate=null	commit=অটোমেশনটি
tomoted	raw=অটোমোটেড:DICTIONARY:0.96	lit=তমতেদ	valid=false	clean=true	freq=0	gate=null	commit=অটোমোটেড
tomobailososoh	raw=অটোমোবাইলসসহ:DICTIONARY:0.96	lit=তমবাইলসসহ	valid=false	clean=true	freq=0	gate=null	commit=অটোমোবাইলসসহ
tomobailosamogrii	raw=অটোমোবাইলসামগ্রী:DICTIONARY:0.96	lit=তমবাইলসামগ্রী	valid=false	clean=false	freq=0	gate=null	commit=অটোমোবাইলসামগ্রী
tomobailoser	raw=অটোমোবাইলসের:DICTIONARY:0.96	lit=তমবাইলসের	valid=false	clean=true	freq=0	gate=null	commit=অটোমোবাইলসের
toraisomiler	raw=অটোরাইসমিলের:DICTIONARY:0.96	lit=তরাইসমিলের	valid=false	clean=true	freq=0	gate=null	commit=অটোরাইসমিলের
torikoshai	raw=অটোরিকশাই:DICTIONARY:0.96	lit=তরিকশাই	valid=false	clean=true	freq=0	gate=null	commit=অটোরিকশাই
torikoshao	raw=অটোরিকশাও:DICTIONARY:0.96	lit=তরিকশাও	valid=false	clean=true	freq=0	gate=null	commit=অটোরিকশাও
torikoshaoyalake	raw=অটোরিকশাওয়ালাকে:DICTIONARY:0.96	lit=তরিকশাওয়ালাকে	valid=false	clean=true	freq=0	gate=null	commit=অটোরিকশাওয়ালাকে
torikoshake	raw=অটোরিকশাকে:DICTIONARY:0.96	lit=তরিকশাকে	valid=false	clean=true	freq=0	gate=null	commit=অটোরিকশাকে
torikoshagulo	raw=অটোরিকশাগুলো:DICTIONARY:0.93	lit=তরিকশাগুল	valid=false	clean=true	freq=0	gate=null	commit=অটোরিকশাগুলো
torikoshaguloo	raw=অটোরিকশাগুলোও:DICTIONARY:0.96	lit=তরিকশাগুলু	valid=false	clean=true	freq=0	gate=null	commit=অটোরিকশাগুলোও
torikoshaguloke	raw=অটোরিকশাগুলোকে:DICTIONARY:0.93	lit=তরিকশাগুলকে	valid=false	clean=true	freq=0	gate=null	commit=অটোরিকশাগুলোকে
torikoshagulote	raw=অটোরিকশাগুলোতে:DICTIONARY:0.93	lit=তরিকশাগুলতে	valid=false	clean=true	freq=0	gate=null	commit=অটোরিকশাগুলোতে
torikoshachalokoo	raw=অটোরিকশাচালকও:DICTIONARY:0.96	lit=তরিকশাচালকু	valid=false	clean=true	freq=0	gate=null	commit=অটোরিকশাচালকও
torikoshachalokoke	raw=অটোরিকশাচালককে:DICTIONARY:0.96	lit=তরিকশাচালককে	valid=false	clean=true	freq=0	gate=null	commit=অটোরিকশাচালককে
torikoshachalokokei	raw=অটোরিকশাচালককেই:DICTIONARY:0.96	lit=তরিকশাচালককেই	valid=false	clean=true	freq=0	gate=null	commit=অটোরিকশাচালককেই
torikoshachalokoder	raw=অটোরিকশাচালকদের:DICTIONARY:0.96	lit=তরিকশাচালকদের	valid=false	clean=true	freq=0	gate=null	commit=অটোরিকশাচালকদের
torikoshachalokoderoo	raw=অটোরিকশাচালকদেরও:DICTIONARY:0.96	lit=তরিকশাচালকদেরু	valid=false	clean=true	freq=0	gate=null	commit=অটোরিকশাচালকদেরও
torikoshachalokobeshii	raw=অটোরিকশাচালকবেশী:DICTIONARY:0.96	lit=তরিকশাচালকবেশী	valid=false	clean=true	freq=0	gate=null	commit=অটোরিকশাচালকবেশী
torikoshachalokosoh	raw=অটোরিকশাচালকসহ:DICTIONARY:0.96	lit=তরিকশাচালকসহ	valid=false	clean=true	freq=0	gate=null	commit=অটোরিকশাচালকসহ
torikoshachalokera	raw=অটোরিকশাচালকেরা:DICTIONARY:0.96	lit=তরিকশাচালকেরা	valid=false	clean=true	freq=0	gate=null	commit=অটোরিকশাচালকেরা
torikoshachalokerai	raw=অটোরিকশাচালকেরাই:DICTIONARY:0.96	lit=তরিকশাচালকেরাই	valid=false	clean=true	freq=0	gate=null	commit=অটোরিকশাচালকেরাই
torikoshachalokerao	raw=অটোরিকশাচালকেরাও:DICTIONARY:0.96	lit=তরিকশাচালকেরাও	valid=false	clean=true	freq=0	gate=null	commit=অটোরিকশাচালকের
torikoshachalak	raw=অটোরিকশাচালাক:DICTIONARY:0.96	lit=তরিকশাচালাক	valid=false	clean=true	freq=0	gate=null	commit=অটোরিকশাচালাক
torikoshatio	raw=অটোরিকশাটিও:DICTIONARY:0.96	lit=তরিকশাতিও	valid=false	clean=true	freq=0	gate=null	commit=অটোরিকশাটিও
torikoshatike	raw=অটোরিকশাটিকে:DICTIONARY:0.96	lit=তরিকশাতিকে	valid=false	clean=true	freq=0	gate=null	commit=অটোরিকশাটিকে
torikoshatite	raw=অটোরিকশাটিতে:DICTIONARY:0.96	lit=তরিকশাতিতে	valid=false	clean=true	freq=0	gate=null	commit=অটোরিকশাটিতে
torikoshatir	raw=অটোরিকশাটির:DICTIONARY:0.96	lit=তরিকশাতির	valid=false	clean=true	freq=0	gate=null	commit=অটোরিকশাটির
torikoshate	raw=অটোরিকশাতে:DICTIONARY:0.96	lit=তরিকশাতে	valid=false	clean=true	freq=0	gate=null	commit=অটোরিকশাতে
torikoshaproti	raw=অটোরিকশাপ্রতি:DICTIONARY:0.96	lit=তরিকশাপ্রতি	valid=false	clean=false	freq=0	gate=null	commit=অটোরিকশাপ্রতি
torikoshazatrii	raw=অটোরিকশাযাত্রী:DICTIONARY:0.96	lit=তরিকশাজাত্রী	valid=false	clean=false	freq=0	gate=null	commit=অটোরিকশাযাত্রী
torikoshazoge	raw=অটোরিকশাযোগে:DICTIONARY:0.96	lit=তরিকশাজগে	valid=false	clean=true	freq=0	gate=null	commit=অটোরিকশাযোগে
torikosharochalok	raw=অটোরিকশারচালক:DICTIONARY:0.96	lit=তরিকশারচালক	valid=false	clean=true	freq=0	gate=null	commit=অটোরিকশারচালক
torikoshashromik	raw=অটোরিকশাশ্রমিক:DICTIONARY:0.96	lit=তরিকশাশ্রমিক	valid=false	clean=true	freq=0	gate=null	commit=অটোরিকশাশ্রমিক
torikoshashromikoder	raw=অটোরিকশাশ্রমিকদের:DICTIONARY:0.96	lit=তরিকশাশ্রমিকদের	valid=false	clean=true	freq=0	gate=null	commit=অটোরিকশাশ্রমিকদের
torikoshasoh	raw=অটোরিকশাসহ:DICTIONARY:0.96	lit=তরিকশাসহ	valid=false	clean=true	freq=0	gate=null	commit=অটোরিকশাসহ
torikoshayoo	raw=অটোরিকশায়ও:DICTIONARY:0.96	lit=তরিকশায়ু	valid=false	clean=true	freq=0	gate=null	commit=অটোরিকশায়ও
toriksasoh	raw=অটোরিক্সাসহ:DICTIONARY:0.96	lit=তরিক্সাসহ	valid=false	clean=false	freq=0	gate=null	commit=অটোরিক্সাসহ
tolain	raw=অটোলাইন:DICTIONARY:0.96	lit=তলাইন	valid=false	clean=true	freq=0	gate=null	commit=তলানি
tolyaringgoloji	raw=অটোল্যারিংগোলজি:DICTIONARY:0.96	lit=তল্যারিঙ্গলজি	valid=false	clean=false	freq=0	gate=null	commit=অটোল্যারিংগোলজি
tolyaringgolojist	raw=অটোল্যারিংগোলজিস্ট:DICTIONARY:0.96	lit=তল্যারিঙ্গলজিস্ত	valid=false	clean=false	freq=0	gate=null	commit=অটোল্যারিংগোলজিস্ট
toskelorosis	raw=অটোস্কেলোরোসিস:DICTIONARY:0.96	lit=তস্কেলরসিস	valid=false	clean=false	freq=0	gate=null	commit=অটোস্কেলোরোসিস
tohyan	raw=অটোহ্যান:DICTIONARY:0.96	lit=তহ্যান	valid=false	clean=false	freq=0	gate=null	commit=অঁতোয়ান
tokkhone	raw=অতক্ষণে:DICTIONARY:0.96	lit=তক্ষনে	valid=false	clean=true	freq=0	gate=null	commit=অতক্ষণে
tokhan	raw=অতখান:DICTIONARY:0.96	lit=তখান	valid=false	clean=true	freq=0	gate=null	commit=অতখান
tokhanoi	raw=অতখানই:DICTIONARY:0.96	lit=তখানৈ	valid=false	clean=true	freq=0	gate=null	commit=অতখানই
togulor	raw=অতগুলোর:DICTIONARY:0.96	lit=তগুলর	valid=false	clean=true	freq=0	gate=null	commit=অতগুলোর
totukun	raw=অতটুকুন:DICTIONARY:0.96	lit=ততুকুন	valid=false	clean=true	freq=0	gate=null	commit=অতটুকুন
totsom	raw=তত্সম:DICTIONARY:0.9550000000000001	lit=তত্সম	valid=false	clean=false	freq=0	gate=null	commit=তত্সম
tondroprohorii	raw=অতন্দ্রপ্রহরী:DICTIONARY:0.96	lit=তন্দ্রপ্রহরী	valid=false	clean=false	freq=0	gate=null	commit=অতন্দ্রপ্রহরী
tondroprohoriir	raw=অতন্দ্রপ্রহরীর:DICTIONARY:0.96	lit=তন্দ্রপ্রহরীর	valid=false	clean=false	freq=0	gate=null	commit=অতন্দ্রপ্রহরীর
tondrita	raw=অতন্দ্রিতা:DICTIONARY:0.96	lit=তন্দ্রিতা	valid=false	clean=true	freq=0	gate=null	commit=অতন্দ্রিতা
tondrila	raw=অতন্দ্রিলা:DICTIONARY:0.96	lit=তন্দ্রিলা	valid=false	clean=true	freq=0	gate=null	commit=অতন্দ্রিলা
toprokar	raw=অতপ্রকার:DICTIONARY:0.96	lit=তপ্রকার	valid=false	clean=false	freq=0	gate=null	commit=অতপ্রকার
toprokare	raw=অতপ্রকারে:DICTIONARY:0.96	lit=তপ্রকারে	valid=false	clean=false	freq=0	gate=null	commit=অতপ্রকারে
tobhabe	raw=অতভাবে:DICTIONARY:0.96	lit=তভাবে	valid=false	clean=true	freq=0	gate=null	commit=অভাবে
tozoni	raw=অতযোনি:DICTIONARY:0.96	lit=তজনি	valid=false	clean=true	freq=0	gate=null	commit=অতযোনি
torokom	raw=অতরকম:DICTIONARY:0.96	lit=তরকম	valid=false	clean=true	freq=0	gate=null	commit=অতরকম
torokomobhabe	raw=অতরকমভাবে:DICTIONARY:0.96	lit=তরকমভাবে	valid=false	clean=true	freq=0	gate=null	commit=ওরকমভাবে
torokome	raw=অতরকমে:DICTIONARY:0.96	lit=তরকমে	valid=false	clean=true	freq=0	gate=null	commit=অতরকমে
torkoniiy	raw=অতর্কণীয়:DICTIONARY:0.96	lit=তর্কনীয়	valid=false	clean=false	freq=0	gate=null	commit=অতর্কণীয়
tolont	raw=অতলন্ত:DICTIONARY:0.96	lit=তলন্ত	valid=false	clean=true	freq=0	gate=null	commit=অতলন্ত
tolosporshoke	raw=অতলস্পর্শকে:DICTIONARY:0.96	lit=তলস্পর্শকে	valid=false	clean=false	freq=0	gate=null	commit=অতলস্পর্শকে
tolosporshe	raw=অতলস্পর্শে:DICTIONARY:0.96	lit=তলস্পর্শে	valid=false	clean=false	freq=0	gate=null	commit=অতলস্পর্শে
tolante	raw=অতলান্তে:DICTIONARY:0.96	lit=তলান্তে	valid=false	clean=true	freq=0	gate=null	commit=অতলান্তে
toshochondr	raw=অতশচন্দ্র:DICTIONARY:0.96	lit=তশচন্দ্র	valid=false	clean=true	freq=0	gate=null	commit=অতশচন্দ্র
toshii	raw=অতশী:DICTIONARY:0.96	lit=তশী	valid=false	clean=true	freq=0	gate=null	commit=অতশী
tachar	raw=অতাচার:DICTIONARY:0.96	lit=তাচার	valid=false	clean=true	freq=0	gate=null	commit=তাহার
phochhar	raw=অফছার:DICTIONARY:0.96	lit=ফছার	valid=false	clean=true	freq=0	gate=null	commit=অফছার
phojonit	raw=অফজনিত:DICTIONARY:0.96	lit=ফজনিত	valid=false	clean=true	freq=0	gate=null	commit=অফজনিত
photi	raw=অফটি:DICTIONARY:0.96	lit=ফতি	valid=false	clean=true	freq=0	gate=null	commit=অফটি
photryak	raw=অফট্র্যাক:DICTIONARY:0.96	lit=ফত্র্যাক	valid=false	clean=false	freq=0	gate=null	commit=অফট্র্যাক
photalomoloji	raw=অফতালমোলজি:DICTIONARY:0.96	lit=ফতালমলজি	valid=false	clean=true	freq=0	gate=null	commit=অফতালমোলজি
phothalomiya	raw=অফথালমিয়া:DICTIONARY:0.96	lit=ফথালমিয়া	valid=false	clean=true	freq=0	gate=null	commit=অফথালমিয়া
phothalomoloji	raw=অফথালমোলজি:DICTIONARY:0.96	lit=ফথালমলজি	valid=false	clean=true	freq=0	gate=null	commit=অফথালমোলজি
phothalomolojikel	raw=অফথালমোলজিকেল:DICTIONARY:0.96	lit=ফথালমলজিকেল	valid=false	clean=true	freq=0	gate=null	commit=অফথালমোলজিকেল
phothalomolojir	raw=অফথালমোলজির:DICTIONARY:0.96	lit=ফথালমলজির	valid=false	clean=true	freq=0	gate=null	commit=অফথালমোলজির
phopik	raw=অফপিক:DICTIONARY:0.96	lit=ফপিক	valid=false	clean=true	freq=0	gate=null	commit=অফপিক
phopike	raw=অফপিকে:DICTIONARY:0.96	lit=ফপিকে	valid=false	clean=true	freq=0	gate=null	commit=অফপিকে
phosoh	raw=অফসহ:DICTIONARY:0.96	lit=ফসহ	valid=false	clean=true	freq=0	gate=null	commit=অফসহ
phosaud	raw=অফসাউড:DICTIONARY:0.96	lit=ফসাউদ	valid=false	clean=true	freq=0	gate=null	commit=অফসাউড
phostamp	raw=অফস্টাম্প:DICTIONARY:0.96	lit=ফস্তাম্প	valid=false	clean=false	freq=0	gate=null	commit=অফস্টাম্প
phostamper	raw=অফস্টাম্পের:DICTIONARY:0.96	lit=ফস্তাম্পের	valid=false	clean=false	freq=0	gate=null	commit=অফস্টাম্পের
phostyamper	raw=অফস্ট্যাম্পের:DICTIONARY:0.96	lit=ফস্ত্যাম্পের	valid=false	clean=false	freq=0	gate=null	commit=অফস্ট্যাম্পের
phospinarer	raw=অফস্পিনারের:DICTIONARY:0.96	lit=ফস্পিনারের	valid=false	clean=false	freq=0	gate=null	commit=অফস্পিনারের
pharosoh	raw=অফারসহ:DICTIONARY:0.96	lit=ফারসহ	valid=false	clean=true	freq=0	gate=null	commit=ফারস
phirsas	raw=অফির্সাস:DICTIONARY:0.96	lit=ফির্সাস	valid=false	clean=false	freq=0	gate=null	commit=অফির্সাস
philouddiner	raw=অফিলউদ্দিনের:DICTIONARY:0.96	lit=ফিলৌদ্দিনের	valid=false	clean=false	freq=0	gate=null	commit=অফিলউদ্দিনের
phishiyalora	raw=অফিশিয়ালরা:DICTIONARY:0.93	lit=ফিশিয়ালরা	valid=false	clean=true	freq=0	gate=null	commit=অফিশিয়ালরা
phishiyalos	raw=অফিশিয়ালস:DICTIONARY:0.96	lit=ফিশিয়ালস	valid=false	clean=true	freq=0	gate=null	commit=অফিশিয়াল
phisokokkhogulor	raw=অফিসকক্ষগুলোর:DICTIONARY:0.96	lit=ফিসকক্ষগুলর	valid=false	clean=true	freq=0	gate=null	commit=অফিসকক্ষগুলোর
phisokokkhosoh	raw=অফিসকক্ষসহ:DICTIONARY:0.96	lit=ফিসকক্ষসহ	valid=false	clean=true	freq=0	gate=null	commit=অফিসকক্ষসহ
phisokormiider	raw=অফিসকর্মীদের:DICTIONARY:0.96	lit=ফিসকর্মীদের	valid=false	clean=false	freq=0	gate=null	commit=অফিসকর্মীদের
phisokormiira	raw=অফিসকর্মীরা:DICTIONARY:0.96	lit=ফিসকর্মীরা	valid=false	clean=false	freq=0	gate=null	commit=অফিসকর্মীরা
phisokale	raw=অফিসকালে:DICTIONARY:0.96	lit=ফিসকালে	valid=false	clean=true	freq=0	gate=null	commit=অফিসকালে
phisokei	raw=অফিসকেই:DICTIONARY:0.96	lit=ফিসকেই	valid=false	clean=true	freq=0	gate=null	commit=অফিসকেই
phisokeo	raw=অফিসকেও:DICTIONARY:0.96	lit=ফিসকেও	valid=false	clean=true	freq=0	gate=null	commit=অফিসকেও
phisogamiisoh	raw=অফিসগামীসহ:DICTIONARY:0.96	lit=ফিসগামীসহ	valid=false	clean=true	freq=0	gate=null	commit=অফিসগামীসহ
phisoguloke	raw=অফিসগুলোকে:DICTIONARY:0.93	lit=ফিসগুলকে	valid=false	clean=true	freq=0	gate=null	commit=অফিসগুলোকে
phisoguloy	raw=অফিসগুলোয়:DICTIONARY:0.96	lit=ফিসগুলয়	valid=false	clean=true	freq=0	gate=null	commit=অফিসগুলোয়
phisoguloyoo	raw=অফিসগুলোয়ও:DICTIONARY:0.96	lit=ফিসগুলয়ু	valid=false	clean=true	freq=0	gate=null	commit=অফিসগুলোয়ও
phisoghore	raw=অফিসঘরে:DICTIONARY:0.96	lit=ফিসঘরে	valid=false	clean=true	freq=0	gate=null	commit=অফিসঘরে
phisoghorer	raw=অফিসঘরের:DICTIONARY:0.96	lit=ফিসঘরের	valid=false	clean=true	freq=0	gate=null	commit=অফিসঘরের
phisoghater	raw=অফিসঘাটের:DICTIONARY:0.96	lit=ফিসঘাতের	valid=false	clean=true	freq=0	gate=null	commit=অফিসঘাটের
phisotao	raw=অফিসটাও:DICTIONARY:0.96	lit=ফিসতাও	valid=false	clean=true	freq=0	gate=null	commit=অফিসটাও
phisotikeo	raw=অফিসটিকেও:DICTIONARY:0.96	lit=ফিসতিকেও	valid=false	clean=true	freq=0	gate=null	commit=অফিসটিকেও
phisotite	raw=অফিসটিতে:DICTIONARY:0.96	lit=ফিসতিতে	valid=false	clean=true	freq=0	gate=null	commit=অফিসটিতে
phisot	raw=অফিসত:DICTIONARY:0.96	lit=ফিসত	valid=false	clean=true	freq=0	gate=null	commit=অফিসত
phisoparar	raw=অফিসপাড়ার:DICTIONARY:0.96	lit=ফিসপারার	valid=false	clean=true	freq=0	gate=null	commit=অফিসপাড়ার
phisoparay	raw=অফিসপাড়ায়:DICTIONARY:0.96	lit=ফিসপারায়	valid=false	clean=true	freq=0	gate=null	commit=অফিসপাড়ায়
phisoprodhan	raw=অফিসপ্রধান:DICTIONARY:0.96	lit=ফিসপ্রধান	valid=false	clean=false	freq=0	gate=null	commit=অফিসপ্রধান
phisoborishaler	raw=অফিসবরিশালের:DICTIONARY:0.96	lit=ফিসবরিশালের	valid=false	clean=true	freq=0	gate=null	commit=অফিসবরিশালের
phisobhobone	raw=অফিসভবনে:DICTIONARY:0.96	lit=ফিসভবনে	valid=false	clean=true	freq=0	gate=null	commit=অফিসভবনে
phisomukhii	raw=অফিসমুখী:DICTIONARY:0.96	lit=ফিসমুখী	valid=false	clean=true	freq=0	gate=null	commit=অফিসমুখী
phisomukho	raw=অফিসমুখো:DICTIONARY:0.96	lit=ফিসমুখ	valid=false	clean=true	freq=0	gate=null	commit=অফিসমুখো
phisozatrii	raw=অফিসযাত্রী:DICTIONARY:0.96	lit=ফিসজাত্রী	valid=false	clean=false	freq=0	gate=null	commit=অফিসযাত্রী
phisozatriider	raw=অফিসযাত্রীদের:DICTIONARY:0.96	lit=ফিসজাত্রীদের	valid=false	clean=false	freq=0	gate=null	commit=অফিসযাত্রীদের
phisozatriir	raw=অফিসযাত্রীর:DICTIONARY:0.96	lit=ফিসজাত্রীর	valid=false	clean=false	freq=0	gate=null	commit=অফিসযাত্রীর
phisozatriira	raw=অফিসযাত্রীরা:DICTIONARY:0.96	lit=ফিসজাত্রীরা	valid=false	clean=false	freq=0	gate=null	commit=অফিসযাত্রীরা
phisorum	raw=অফিসরুম:DICTIONARY:0.96	lit=ফিসরুম	valid=false	clean=true	freq=0	gate=null	commit=অফিসরুম
phisorumogulor	raw=অফিসরুমগুলোর:DICTIONARY:0.96	lit=ফিসরুমগুলর	valid=false	clean=true	freq=0	gate=null	commit=অফিসরুমগুলোর
phisorume	raw=অফিসরুমে:DICTIONARY:0.96	lit=ফিসরুমে	valid=false	clean=true	freq=0	gate=null	commit=অফিসরুমে
phisorumeo	raw=অফিসরুমেও:DICTIONARY:0.96	lit=ফিসরুমেও	valid=false	clean=true	freq=0	gate=null	commit=অফিসরুমেও
phisorumer	raw=অফিসরুমের:DICTIONARY:0.96	lit=ফিসরুমের	valid=false	clean=true	freq=0	gate=null	commit=অফিসরুমের
phisosonglogn	raw=অফিসসংলগ্ন:DICTIONARY:0.96	lit=ফিসসংলগ্ন	valid=false	clean=true	freq=0	gate=null	commit=অফিসসংলগ্ন
phisosuuchi	raw=অফিসসূচি:DICTIONARY:0.96	lit=ফিসসূচি	valid=false	clean=true	freq=0	gate=null	commit=অফিসসূচি
phisarooge	raw=অফিসারওগে:DICTIONARY:0.96	lit=ফিসারুগে	valid=false	clean=true	freq=0	gate=null	commit=অফিসারওগে
phisarodiger	raw=অফিসারদিগের:DICTIONARY:0.96	lit=ফিসারদিগের	valid=false	clean=true	freq=0	gate=null	commit=অফিসারদিগের
phisaroderoo	raw=অফিসারদেরও:DICTIONARY:0.96	lit=ফিসারদেরু	valid=false	clean=true	freq=0	gate=null	commit=অফিসারদেরও
phisaropara	raw=অফিসারপাড়া:DICTIONARY:0.96	lit=ফিসারপারা	valid=false	clean=true	freq=0	gate=null	commit=অফিসারপাড়া
phisaroparar	raw=অফিসারপাড়ার:DICTIONARY:0.96	lit=ফিসারপারার	valid=false	clean=true	freq=0	gate=null	commit=অফিসারপাড়ার
phisarorai	raw=অফিসাররাই:DICTIONARY:0.96	lit=ফিসাররাই	valid=false	clean=true	freq=0	gate=null	commit=অফিসাররাই
phisarerai	raw=অফিসারেরাই:DICTIONARY:0.96	lit=ফিসারেরাই	valid=false	clean=true	freq=0	gate=null	commit=অফিসারেরাই
phisi	raw=অফিসই:DICTIONARY:0.93	lit=ফিসি	valid=false	clean=true	freq=0	gate=null	commit=অফিসই
phisio	raw=অফিসিও:DICTIONARY:0.96	lit=ফিসিও	valid=false	clean=true	freq=0	gate=null	commit=ফিজিও
phisior	raw=অফিসিওর:DICTIONARY:0.96	lit=ফিসিওর	valid=false	clean=true	freq=0	gate=null	commit=অফিসিওর
phisiyaloke	raw=অফিসিয়ালকে:DICTIONARY:0.96	lit=ফিসিয়ালকে	valid=false	clean=true	freq=0	gate=null	commit=অফিসিয়ালকে
phisiyaler	raw=অফিসিয়ালের:DICTIONARY:0.96	lit=ফিসিয়ালের	valid=false	clean=true	freq=0	gate=null	commit=অফিসিয়ালের
phisiyenr	raw=অফিসিয়েঁর:DICTIONARY:0.96	lit=ফিসিয়েন্র	valid=false	clean=false	freq=0	gate=null	commit=অফিসিয়েঁর
phisiiy	raw=অফিসীয়:DICTIONARY:0.96	lit=ফিসীয়	valid=false	clean=true	freq=0	gate=null	commit=অফিসীয়
phisete	raw=অফিসেতে:DICTIONARY:0.96	lit=ফিসেতে	valid=false	clean=true	freq=0	gate=null	commit=অফিসেতে
phiseroo	raw=অফিসেরও:DICTIONARY:0.96	lit=ফিসেরু	valid=false	clean=true	freq=0	gate=null	commit=অফিসেরও
phiserochor	raw=অফিসেরচর:DICTIONARY:0.96	lit=ফিসেরচর	valid=false	clean=true	freq=0	gate=null	commit=অফিসেরচর
phisotoo	raw=অফিসোতও:DICTIONARY:0.96	lit=ফিসতু	valid=false	clean=true	freq=0	gate=null	commit=অফিসোতও
phunt	raw=ফুঁড়ত:DICTIONARY:0.96	lit=ফুন্ত	valid=false	clean=true	freq=0	gate=null	commit=ফুঁড়ত
phendars	raw=অফেন্ডার্স:DICTIONARY:0.96	lit=ফেন্দার্স	valid=false	clean=false	freq=0	gate=null	commit=অফেন্ডার
phensokeo	raw=অফেন্সকেও:DICTIONARY:0.96	lit=ফেন্সকেও	valid=false	clean=true	freq=0	gate=null	commit=অফেন্সকেও
phthalomoloji	raw=অফ্থালমোলজি:DICTIONARY:0.96	lit=ফ্থালমলজি	valid=false	clean=false	freq=0	gate=null	commit=অফ্থালমোলজি
boishyoi	raw=অবইশ্যই:DICTIONARY:0.96	lit=বৈশ্যৈ	valid=false	clean=false	freq=0	gate=null	commit=অবশ্যই
bokathomo	raw=অবকাঠমো:DICTIONARY:0.96	lit=বকাথম	valid=false	clean=true	freq=0	gate=null	commit=অবকাঠমো
bokathano	raw=অবকাঠানো:DICTIONARY:0.96	lit=বকাথান	valid=false	clean=true	freq=0	gate=null	commit=অবকাঠানো
bokathamagot	raw=অবকাঠামাগত:DICTIONARY:0.96	lit=বকাথামাগত	valid=false	clean=true	freq=0	gate=null	commit=অবকাঠামাগত
bokathamokeo	raw=অবকাঠামোকেও:DICTIONARY:0.96	lit=বকাথামকেও	valid=false	clean=true	freq=0	gate=null	commit=অবকাঠামোকেও
bokathamogotobhabe	raw=অবকাঠামোগতভাবে:DICTIONARY:0.96	lit=বকাথামগতভাবে	valid=false	clean=true	freq=0	gate=null	commit=অবকাঠামোগতভাবে
bokathamogulike	raw=অবকাঠামোগুলিকে:DICTIONARY:0.93	lit=বকাথামগুলিকে	valid=false	clean=true	freq=0	gate=null	commit=অবকাঠামোগুলিকে
bokathamoguloo	raw=অবকাঠামোগুলোও:DICTIONARY:0.96	lit=বকাথামগুলু	valid=false	clean=true	freq=0	gate=null	commit=অবকাঠামোগুলোও
bokathamogulor	raw=অবকাঠামোগুলোর:DICTIONARY:0.93	lit=বকাথামগুলর	valid=false	clean=true	freq=0	gate=null	commit=অবকাঠামোগুলোর
bokathamojonit	raw=অবকাঠামোজনিত:DICTIONARY:0.96	lit=বকাথামজনিত	valid=false	clean=true	freq=0	gate=null	commit=অবকাঠামোজনিত
bokathamotio	raw=অবকাঠামোটিও:DICTIONARY:0.96	lit=বকাথামতিও	valid=false	clean=true	freq=0	gate=null	commit=অবকাঠামোটিও
bokathamotir	raw=অবকাঠামোটির:DICTIONARY:0.96	lit=বকাথামতির	valid=false	clean=true	freq=0	gate=null	commit=অবকাঠামোটির
bokathamot	raw=অবকাঠামোত:DICTIONARY:0.96	lit=বকাথামত	valid=false	clean=true	freq=0	gate=null	commit=অবকাঠামোত
bokathamobishoyok	raw=অবকাঠামোবিষয়ক:DICTIONARY:0.96	lit=বকাথামবিশয়ক	valid=false	clean=true	freq=0	gate=null	commit=অবকাঠামোবিষয়ক
bokathamoroi	raw=অবকাঠামোরই:DICTIONARY:0.96	lit=বকাথামরৈ	valid=false	clean=true	freq=0	gate=null	commit=অবকাঠামোরই
bokathamoroo	raw=অবকাঠামোরও:DICTIONARY:0.96	lit=বকাথামরু	valid=false	clean=true	freq=0	gate=null	commit=অবকাঠামোরও
bokathamosomponn	raw=অবকাঠামোসম্পন্ন:DICTIONARY:0.96	lit=বকাথামসম্পন্ন	valid=false	clean=false	freq=0	gate=null	commit=অবকাঠামোসম্পন্ন
bokathamosubidha	raw=অবকাঠামোসুবিধা:DICTIONARY:0.96	lit=বকাথামসুবিধা	valid=false	clean=true	freq=0	gate=null	commit=অবকাঠামোসুবিধা
bokashokale	raw=অবকাশকালে:DICTIONARY:0.96	lit=বকাশকালে	valid=false	clean=true	freq=0	gate=null	commit=অবকাশকালে
bokashokendrogulo	raw=অবকাশকেন্দ্রগুলো:DICTIONARY:0.96	lit=বকাশকেন্দ্রগুল	valid=false	clean=true	freq=0	gate=null	commit=অবকাশকেন্দ্রগুলো
bokashokendrogulote	raw=অবকাশকেন্দ্রগুলোতে:DICTIONARY:0.96	lit=বকাশকেন্দ্রগুলতে	valid=false	clean=true	freq=0	gate=null	commit=অবকাশকেন্দ্রগুলোতে
bokashogrrih	raw=অবকাশগৃহ:DICTIONARY:0.96	lit=বকাশগ্র্রিহ	valid=false	clean=false	freq=0	gate=null	commit=অবকাশগৃহ
bokashota	raw=অবকাশটা:DICTIONARY:0.96	lit=বকাশতা	valid=false	clean=true	freq=0	gate=null	commit=অবকাশটা
bokashotukuo	raw=অবকাশটুকুও:DICTIONARY:0.96	lit=বকাশতুকুও	valid=false	clean=true	freq=0	gate=null	commit=অবকাশটুকুও
bokashozaponokarii	raw=অবকাশযাপনকারী:DICTIONARY:0.96	lit=বকাশজাপনকারী	valid=false	clean=true	freq=0	gate=null	commit=অবকাশযাপনকারী
bokashozaponokendrer	raw=অবকাশযাপনকেন্দ্রের:DICTIONARY:0.96	lit=বকাশজাপনকেন্দ্রের	valid=false	clean=true	freq=0	gate=null	commit=অবকাশযাপনকেন্দ্রের
bokashozaponer	raw=অবকাশযাপনের:DICTIONARY:0.96	lit=বকাশজাপনের	valid=false	clean=true	freq=0	gate=null	commit=অবকাশযাপনের
bokasholiin	raw=অবকাশলীন:DICTIONARY:0.96	lit=বকাশলীন	valid=false	clean=true	freq=0	gate=null	commit=অবকাশলীন
bokashosoh	raw=অবকাশসহ:DICTIONARY:0.96	lit=বকাশসহ	valid=false	clean=true	freq=0	gate=null	commit=অবকাশসহ
bokashosubidha	raw=অবকাশসুবিধা:DICTIONARY:0.96	lit=বকাশসুবিধা	valid=false	clean=true	freq=0	gate=null	commit=অবকাশসুবিধা
bokashohiin	raw=অবকাশহীন:DICTIONARY:0.96	lit=বকাশহীন	valid=false	clean=true	freq=0	gate=null	commit=অবকাশহীন
bokasheo	raw=অবকাশেও:DICTIONARY:0.96	lit=বকাশেও	valid=false	clean=true	freq=0	gate=null	commit=অবকাশ
bokiirn	raw=অবকীর্ণ:DICTIONARY:0.96	lit=বকীর্ন	valid=false	clean=false	freq=0	gate=null	commit=অবকীর্ণ
bokejotibh	raw=অবকেজটিভ:DICTIONARY:0.96	lit=বকেজতিভ	valid=false	clean=true	freq=0	gate=null	commit=অবকেজটিভ
bokkhon	raw=অবক্ষণ:DICTIONARY:0.96	lit=বক্ষন	valid=false	clean=true	freq=0	gate=null	commit=বক্ষঃ
bokkhipt	raw=অবক্ষিপ্ত:DICTIONARY:0.96	lit=বক্ষিপ্ত	valid=false	clean=true	freq=0	gate=null	commit=অবক্ষিপ্ত
bokkhoyoo	raw=অবক্ষয়ও:DICTIONARY:0.96	lit=বক্ষয়ু	valid=false	clean=true	freq=0	gate=null	commit=অবক্ষয়ও
bokkhoyokei	raw=অবক্ষয়কেই:DICTIONARY:0.96	lit=বক্ষয়কেই	valid=false	clean=true	freq=0	gate=null	commit=অবক্ষয়কেই
bokkhoyotio	raw=অবক্ষয়টিও:DICTIONARY:0.96	lit=বক্ষয়তিও	valid=false	clean=true	freq=0	gate=null	commit=অবক্ষয়টিও
bokkhoye	raw=অবক্ষয়ে:DICTIONARY:0.96	lit=বক্ষয়ে	valid=false	clean=true	freq=0	gate=null	commit=অবক্ষয়ে
bokkhoyei	raw=অবক্ষয়েই:DICTIONARY:0.96	lit=বক্ষয়েই	valid=false	clean=true	freq=0	gate=null	commit=অবক্ষয়েই
bokkhoyeroi	raw=অবক্ষয়েরই:DICTIONARY:0.96	lit=বক্ষয়েরৈ	valid=false	clean=true	freq=0	gate=null	commit=অবক্ষয়ের
bogotoo	raw=অবগতও:DICTIONARY:0.96	lit=বগতু	valid=false	clean=true	freq=0	gate=null	commit=অবগতও
bogotoder	raw=অবগতদের:DICTIONARY:0.93	lit=বগতদের	valid=false	clean=true	freq=0	gate=null	commit=অবগতদের
bogadh	raw=অবগাঢ:DICTIONARY:0.96	lit=বগাধ	valid=false	clean=true	freq=0	gate=null	commit=অবগাঢ
bogah	raw=অবগাহ:DICTIONARY:0.96	lit=বগাহ	valid=false	clean=true	freq=0	gate=null	commit=অবগাহ
bogahonoo	raw=অবগাহনও:DICTIONARY:0.96	lit=বগাহনু	valid=false	clean=true	freq=0	gate=null	commit=অবগাহন
bogahonorot	raw=অবগাহনরত:DICTIONARY:0.96	lit=বগাহনরত	valid=false	clean=true	freq=0	gate=null	commit=অবগাহনরত
bogahone	raw=অবগাহনে:DICTIONARY:0.96	lit=বগাহনে	valid=false	clean=true	freq=0	gate=null	commit=অবগাহনে
bogahoner	raw=অবগাহনের:DICTIONARY:0.96	lit=বগাহনের	valid=false	clean=true	freq=0	gate=null	commit=অবগাহনের
bogahi	raw=অবগাহি:DICTIONARY:0.96	lit=বগাহি	valid=false	clean=true	freq=0	gate=null	commit=অবগাহি
bogahit	raw=অবগাহিত:DICTIONARY:0.96	lit=বগাহিত	valid=false	clean=true	freq=0	gate=null	commit=অবগাহিত
bogun	raw=অবগুণ:DICTIONARY:0.96	lit=বগুন	valid=false	clean=true	freq=0	gate=null	commit=অবগুণ
bogunthone	raw=অবগুণ্ঠনে:DICTIONARY:0.96	lit=বগুন্থনে	valid=false	clean=true	freq=0	gate=null	commit=অবগুণ্ঠনে
bogunthoner	raw=অবগুণ্ঠনের:DICTIONARY:0.96	lit=বগুন্থনের	valid=false	clean=true	freq=0	gate=null	commit=অবগুণ্ঠনের
bogunthita	raw=অবগুণ্ঠিতা:DICTIONARY:0.96	lit=বগুন্থিতা	valid=false	clean=true	freq=0	gate=null	commit=অবগুণ্ঠিতা
bogroh	raw=বগয়রহ:DICTIONARY:0.96	lit=বগ্রহ	valid=false	clean=false	freq=0	gate=null	commit=বগয়রহ
bochetonoi	raw=অবচেতনই:DICTIONARY:0.96	lit=বচেতনৈ	valid=false	clean=true	freq=0	gate=null	commit=অবচেতন
bochetonota	raw=অবচেতনতা:DICTIONARY:0.96	lit=বচেতনতা	valid=false	clean=true	freq=0	gate=null	commit=অবচেতনতা
bochetonomone	raw=অবচেতনমনে:DICTIONARY:0.96	lit=বচেতনমনে	valid=false	clean=true	freq=0	gate=null	commit=অবচেতনমনে
bochetonomoner	raw=অবচেতনমনের:DICTIONARY:0.96	lit=বচেতনমনের	valid=false	clean=true	freq=0	gate=null	commit=অবচেতনমনের
bochetona	raw=অবচেতনা:DICTIONARY:0.96	lit=বচেতনা	valid=false	clean=true	freq=0	gate=null	commit=অবচেতনা
bochetoneo	raw=অবচেতনেও:DICTIONARY:0.96	lit=বচেতনেও	valid=false	clean=true	freq=0	gate=null	commit=অবচেতন
bochchinn	raw=অবচ্ছিন্ন:DICTIONARY:0.96	lit=বচ্চিন্ন	valid=false	clean=false	freq=0	gate=null	commit=অবচ্ছিন্ন
bochched	raw=অবচ্ছেদ:DICTIONARY:0.96	lit=বচ্চেদ	valid=false	clean=false	freq=0	gate=null	commit=অবচ্ছেদ
bochchedok	raw=অবচ্ছেদক:DICTIONARY:0.96	lit=বচ্চেদক	valid=false	clean=false	freq=0	gate=null	commit=অবচ্ছেদক
bochchede	raw=অবচ্ছেদে:DICTIONARY:0.96	lit=বচ্চেদে	valid=false	clean=false	freq=0	gate=null	commit=অবচ্ছেদে
bochoyosubidha	raw=অবচয়সুবিধা:DICTIONARY:0.96	lit=বচয়সুবিধা	valid=false	clean=true	freq=0	gate=null	commit=অবচয়সুবিধা
bochoyer	raw=অবচয়ের:DICTIONARY:0.96	lit=বচয়ের	valid=false	clean=true	freq=0	gate=null	commit=অবচয়ের
bojarobharos	raw=অবজারভারস:DICTIONARY:0.96	lit=বজারভারস	valid=false	clean=true	freq=0	gate=null	commit=অবজারভার
bojarobharoser	raw=অবজারভারসের:DICTIONARY:0.96	lit=বজারভারসের	valid=false	clean=true	freq=0	gate=null	commit=অবজারভারসের
bojarbh	raw=অবজার্ভ:DICTIONARY:0.96	lit=বজার্ভ	valid=false	clean=false	freq=0	gate=null	commit=অবজার্ভ
bojekotibhogulo	raw=অবজেকটিভগুলো:DICTIONARY:0.96	lit=বজেকতিভগুল	valid=false	clean=true	freq=0	gate=null	commit=অবজেকটিভগুলো
bojekotibhos	raw=অবজেকটিভস:DICTIONARY:0.96	lit=বজেকতিভস	valid=false	clean=true	freq=0	gate=null	commit=অবজেকটিভস
bogyai	raw=অবজ্ঞাই:DICTIONARY:0.96	lit=বগ্যাই	valid=false	clean=false	freq=0	gate=null	commit=অবজ্ঞা
bogyao	raw=অবজ্ঞাও:DICTIONARY:0.96	lit=বগ্যাও	valid=false	clean=false	freq=0	gate=null	commit=অবজ্ঞা
bogyabhore	raw=অবজ্ঞাভরে:DICTIONARY:0.96	lit=বগ্যাভরে	valid=false	clean=false	freq=0	gate=null	commit=অবজ্ঞাভরে
bogyaroi	raw=অবজ্ঞারই:DICTIONARY:0.96	lit=বগ্যারৈ	valid=false	clean=false	freq=0	gate=null	commit=অবজ্ঞার
bogyarthe	raw=অবজ্ঞার্থে:DICTIONARY:0.96	lit=বগ্যার্থে	valid=false	clean=false	freq=0	gate=null	commit=অবজ্ঞার্থে
bogyasulobh	raw=অবজ্ঞাসুলভ:DICTIONARY:0.96	lit=বগ্যাসুলভ	valid=false	clean=false	freq=0	gate=null	commit=অবজ্ঞাসুলভ
bogyey	raw=অবজ্ঞেয়:DICTIONARY:0.96	lit=বগ্যেয়	valid=false	clean=false	freq=0	gate=null	commit=অবজ্ঞেয়
bontonokrrit	raw=অবণ্টনকৃত:DICTIONARY:0.96	lit=বন্তনক্র্রিত	valid=false	clean=false	freq=0	gate=null	commit=অবণ্টনকৃত
botoronoo	raw=অবতরণও:DICTIONARY:0.96	lit=বতরনু	valid=false	clean=true	freq=0	gate=null	commit=অবতরণও
botoronokendr	raw=অবতরণকেন্দ্র:DICTIONARY:0.96	lit=বতরনকেন্দ্র	valid=false	clean=true	freq=0	gate=null	commit=অবতরণকেন্দ্র
botoronokendroti	raw=অবতরণকেন্দ্রটি:DICTIONARY:0.96	lit=বতরনকেন্দ্রতি	valid=false	clean=true	freq=0	gate=null	commit=অবতরণকেন্দ্রটি
botoronokendre	raw=অবতরণকেন্দ্রে:DICTIONARY:0.96	lit=বতরনকেন্দ্রে	valid=false	clean=true	freq=0	gate=null	commit=অবতরণকেন্দ্রে
botoronokendrer	raw=অবতরণকেন্দ্রের:DICTIONARY:0.96	lit=বতরনকেন্দ্রের	valid=false	clean=true	freq=0	gate=null	commit=অবতরণকেন্দ্রের
botoronota	raw=অবতরণটা:DICTIONARY:0.96	lit=বতরনতা	valid=false	clean=true	freq=0	gate=null	commit=অবতরণটা
botoronosoh	raw=অবতরণসহ:DICTIONARY:0.96	lit=বতরনসহ	valid=false	clean=true	freq=0	gate=null	commit=অবতরণসহ
botaronika	raw=অবতারণিকা:DICTIONARY:0.96	lit=বতারনিকা	valid=false	clean=true	freq=0	gate=null	commit=অবতারণিকা
botaronii	raw=অবতারণী:DICTIONARY:0.96	lit=বতারনী	valid=false	clean=true	freq=0	gate=null	commit=অবতারণী
botarotottb	raw=অবতারতত্ত্ব:DICTIONARY:0.96	lit=বতারতত্ত্ব	valid=false	clean=false	freq=0	gate=null	commit=অবতারতত্ত্ব
botarotott	raw=অবতারতত্ত্ব:DICTIONARY:0.96	lit=বতারতত্ত	valid=false	clean=false	freq=0	gate=null	commit=অবতারতত্ত্ব
botarototto	raw=অবতারতত্ত্ব:DICTIONARY:0.96	lit=বতারতত্ত	valid=false	clean=false	freq=0	gate=null	commit=অবতারতত্ত্ব
botarobhittik	raw=অবতারভিত্তিক:DICTIONARY:0.96	lit=বতারভিত্তিক	valid=false	clean=false	freq=0	gate=null	commit=অবতারভিত্তিক
botaroruupii	raw=অবতাররূপী:DICTIONARY:0.96	lit=বতাররূপী	valid=false	clean=true	freq=0	gate=null	commit=অবতাররূপী
botiirnoi	raw=অবতীর্ণই:DICTIONARY:0.96	lit=বতীর্নৈ	valid=false	clean=false	freq=0	gate=null	commit=অবতীর্ণ
bodongsh	raw=অবদংশ:DICTIONARY:0.96	lit=বদংশ	valid=false	clean=true	freq=0	gate=null	commit=অবদংশ
bodomonoke	raw=অবদমনকে:DICTIONARY:0.96	lit=বদমনকে	valid=false	clean=true	freq=0	gate=null	commit=অবদমনকে
bodolilozogy	raw=অবদলিলযোগ্য:DICTIONARY:0.96	lit=বদলিলজগ্য	valid=false	clean=false	freq=0	gate=null	commit=অবদলিলযোগ্য
bodat	raw=অবদাত:DICTIONARY:0.96	lit=বদাত	valid=false	clean=true	freq=0	gate=null	commit=অবদাত
bodanokendrik	raw=অবদানকেন্দ্রিক:DICTIONARY:0.96	lit=বদানকেন্দ্রিক	valid=false	clean=true	freq=0	gate=null	commit=অবদানকেন্দ্রিক
bodanotai	raw=অবদানটাই:DICTIONARY:0.96	lit=বদানতাই	valid=false	clean=true	freq=0	gate=null	commit=অবদানটাই
bodanotake	raw=অবদানটাকে:DICTIONARY:0.96	lit=বদানতাকে	valid=false	clean=true	freq=0	gate=null	commit=অবদানটাকে
bodanotakeo	raw=অবদানটাকেও:DICTIONARY:0.96	lit=বদানতাকেও	valid=false	clean=true	freq=0	gate=null	commit=অবদানটাকেও
bodanotuku	raw=অবদানটুকু:DICTIONARY:0.96	lit=বদানতুকু	valid=false	clean=true	freq=0	gate=null	commit=অবদানটুকু
bodanobhittik	raw=অবদানভিত্তিক:DICTIONARY:0.96	lit=বদানভিত্তিক	valid=false	clean=false	freq=0	gate=null	commit=অবদানভিত্তিক
bodanozukt	raw=অবদানযুক্ত:DICTIONARY:0.96	lit=বদানজুক্ত	valid=false	clean=true	freq=0	gate=null	commit=অবদানযুক্ত
bodanei	raw=অবদানেই:DICTIONARY:0.96	lit=বদানেই	valid=false	clean=true	freq=0	gate=null	commit=অবদানেই
bodaron	raw=অবদারণ:DICTIONARY:0.96	lit=বদারন	valid=false	clean=true	freq=0	gate=null	commit=অবদারণ
bodaronii	raw=অবদারণী:DICTIONARY:0.96	lit=বদারনী	valid=false	clean=true	freq=0	gate=null	commit=অবদারণী
bodallah	raw=অবদাল্লাহ:DICTIONARY:0.96	lit=বদাল্লাহ	valid=false	clean=false	freq=0	gate=null	commit=অবদাল্লাহ
bodiirn	raw=অবদীর্ণ:DICTIONARY:0.96	lit=বদীর্ন	valid=false	clean=false	freq=0	gate=null	commit=অবদীর্ণ
bodus	raw=অবদুস:DICTIONARY:0.96	lit=বদুস	valid=false	clean=true	freq=0	gate=null	commit=অবদুস
bodesh	raw=অবদেশ:DICTIONARY:0.96	lit=বদেশ	valid=false	clean=true	freq=0	gate=null	commit=অবদেশ
boddhota	raw=অবদ্ধতা:DICTIONARY:0.96	lit=বদ্ধতা	valid=false	clean=true	freq=0	gate=null	commit=অবদ্ধতা
bodhanozogy	raw=অবধানযোগ্য:DICTIONARY:0.96	lit=বধানজগ্য	valid=false	clean=false	freq=0	gate=null	commit=অবধানযোগ্য
bodhaner	raw=অবধানের:DICTIONARY:0.96	lit=বধানের	valid=false	clean=true	freq=0	gate=null	commit=অবধানের
bodhayok	raw=অবধায়ক:DICTIONARY:0.96	lit=বধায়ক	valid=false	clean=true	freq=0	gate=null	commit=অবধায়ক
bodharona	raw=অবধারণা:DICTIONARY:0.96	lit=বধারনা	valid=false	clean=true	freq=0	gate=null	commit=অবধারণা
bodharoner	raw=অবধারণের:DICTIONARY:0.96	lit=বধারনের	valid=false	clean=true	freq=0	gate=null	commit=অবধারণের
bodharitoi	raw=অবধারিতই:DICTIONARY:0.96	lit=বধারিতৈ	valid=false	clean=true	freq=0	gate=null	commit=অবধারিত
bodharitobhai	raw=অবধারিতভাই:DICTIONARY:0.96	lit=বধারিতভাই	valid=false	clean=true	freq=0	gate=null	commit=অবধারিতভাই
bodhary	raw=অবধার্য:DICTIONARY:0.96	lit=বধার্য	valid=false	clean=false	freq=0	gate=null	commit=অবধার্য
bodhash	raw=অবধাশ:DICTIONARY:0.96	lit=বধাশ	valid=false	clean=true	freq=0	gate=null	commit=অবধাশ
bodhibadhit	raw=অবধিবাধিত:DICTIONARY:0.96	lit=বধিবাধিত	valid=false	clean=true	freq=0	gate=null	commit=অবধিবাধিত
bodhis	raw=অবধিস:DICTIONARY:0.96	lit=বধিস	valid=false	clean=true	freq=0	gate=null	commit=অবধিস
bodhisoke	raw=অবধিসকে:DICTIONARY:0.96	lit=বধিসকে	valid=false	clean=true	freq=0	gate=null	commit=অবধিসকে
bodhey	raw=অবধেয়:DICTIONARY:0.96	lit=বধেয়	valid=false	clean=true	freq=0	gate=null	commit=অবধেয়
bodhout	raw=অবধৌত:DICTIONARY:0.96	lit=বধৌত	valid=false	clean=true	freq=0	gate=null	commit=অবধৌত
bodhoutik	raw=অবধৌতিক:DICTIONARY:0.96	lit=বধৌতিক	valid=false	clean=true	freq=0	gate=null	commit=অবধৌতিক
bodhya	raw=অবধ্যা:DICTIONARY:0.96	lit=বধ্যা	valid=false	clean=true	freq=0	gate=null	commit=অবধ্যা
bonotobhabe	raw=অবনতভাবে:DICTIONARY:0.96	lit=বনতভাবে	valid=false	clean=true	freq=0	gate=null	commit=অবনতভাবে
bonotomukhii	raw=অবনতমুখী:DICTIONARY:0.96	lit=বনতমুখী	valid=false	clean=true	freq=0	gate=null	commit=অবনতমুখী
bonotisongkrant	raw=অবনতিসংক্রান্ত:DICTIONARY:0.96	lit=বনতিসংক্রান্ত	valid=false	clean=false	freq=0	gate=null	commit=অবনতিসংক্রান্ত
bonotisoh	raw=অবনতিসহ:DICTIONARY:0.96	lit=বনতিসহ	valid=false	clean=true	freq=0	gate=null	commit=অবনতিসহ
bonomonoi	raw=অবনমনই:DICTIONARY:0.96	lit=বনমনৈ	valid=false	clean=true	freq=0	gate=null	commit=অবনমন
bonomonoo	raw=অবনমনও:DICTIONARY:0.96	lit=বনমনু	valid=false	clean=true	freq=0	gate=null	commit=অবনমন
bonoyon	raw=অবনয়ন:DICTIONARY:0.96	lit=বনয়ন	valid=false	clean=true	freq=0	gate=null	commit=অবনয়ন
bonitol	raw=অবনিতল:DICTIONARY:0.96	lit=বনিতল	valid=false	clean=true	freq=0	gate=null	commit=অবনিতল
bonitm	raw=অবনিত্ম:DICTIONARY:0.96	lit=বনিত্ম	valid=false	clean=true	freq=0	gate=null	commit=অবনিত্ম
bonipoti	raw=অবনিপতি:DICTIONARY:0.96	lit=বনিপতি	valid=false	clean=true	freq=0	gate=null	commit=অবনিপতি
bonimondol	raw=অবনিমণ্ডল:DICTIONARY:0.96	lit=বনিমন্দল	valid=false	clean=true	freq=0	gate=null	commit=অবনিমণ্ডল
boniitol	raw=অবনীতল:DICTIONARY:0.96	lit=বনীতল	valid=false	clean=true	freq=0	gate=null	commit=অবনীতল
boniipoti	raw=অবনীপতি:DICTIONARY:0.96	lit=বনীপতি	valid=false	clean=true	freq=0	gate=null	commit=অবনীপতি
boniibhuushon	raw=অবনীভূষণ:DICTIONARY:0.96	lit=বনীভূশন	valid=false	clean=true	freq=0	gate=null	commit=অবনীভূষণ
boniimondol	raw=অবনীমণ্ডল:DICTIONARY:0.96	lit=বনীমন্দল	valid=false	clean=true	freq=0	gate=null	commit=অবনীমণ্ডল
boniimohon	raw=অবনীমোহন:DICTIONARY:0.96	lit=বনীমহন	valid=false	clean=true	freq=0	gate=null	commit=অবনীমোহন
boniil	raw=বনিল:DICTIONARY:0.9500000000000001	lit=বনীল	valid=false	clean=true	freq=0	gate=null	commit=বনিল
bontora	raw=অবনতরা:DICTIONARY:0.93	lit=বন্তরা	valid=false	clean=true	freq=0	gate=null	commit=অবনতরা
bontikao	raw=অবন্তিকাও:DICTIONARY:0.96	lit=বন্তিকাও	valid=false	clean=true	freq=0	gate=null	commit=অবন্তিকাও
bontipurii	raw=অবন্তিপুরী:DICTIONARY:0.96	lit=বন্তিপুরী	valid=false	clean=true	freq=0	gate=null	commit=অবন্তিপুরী
bontiii	raw=অবন্তীই:DICTIONARY:0.96	lit=বন্তীই	valid=false	clean=true	freq=0	gate=null	commit=অবন্তীই
bontiider	raw=অবন্তীদের:DICTIONARY:0.93	lit=বন্তীদের	valid=false	clean=true	freq=0	gate=null	commit=অবন্তীদের
bontiipur	raw=অবন্তীপুর:DICTIONARY:0.96	lit=বন্তীপুর	valid=false	clean=true	freq=0	gate=null	commit=অবন্তীপুর
bondriinath	raw=অবন্দ্রীনাথ:DICTIONARY:0.96	lit=বন্দ্রীনাথ	valid=false	clean=true	freq=0	gate=null	commit=বদ্রীনাথ
bopat	raw=অবপাত:DICTIONARY:0.96	lit=বপাত	valid=false	clean=true	freq=0	gate=null	commit=অবপাত
boparomanobik	raw=অবপারমাণবিক:DICTIONARY:0.96	lit=বপারমানবিক	valid=false	clean=true	freq=0	gate=null	commit=অবপারমাণবিক
bobohikay	raw=অববহিকায়:DICTIONARY:0.96	lit=ববহিকায়	valid=false	clean=true	freq=0	gate=null	commit=অববহিকায়
bobahik	raw=অববাহিক:DICTIONARY:0.96	lit=ববাহিক	valid=false	clean=true	freq=0	gate=null	commit=বৈবাহিক
bobahikotar	raw=অববাহিকতার:DICTIONARY:0.96	lit=ববাহিকতার	valid=false	clean=true	freq=0	gate=null	commit=অববাহিকতার
bobahikai	raw=অববাহিকাই:DICTIONARY:0.96	lit=ববাহিকাই	valid=false	clean=true	freq=0	gate=null	commit=অববাহিকাই
bobahikagulote	raw=অববাহিকাগুলোতে:DICTIONARY:0.93	lit=ববাহিকাগুলতে	valid=false	clean=true	freq=0	gate=null	commit=অববাহিকাগুলোতে
bobahikagulor	raw=অববাহিকাগুলোর:DICTIONARY:0.93	lit=ববাহিকাগুলর	valid=false	clean=true	freq=0	gate=null	commit=অববাহিকাগুলোর
bobahikajure	raw=অববাহিকাজুড়ে:DICTIONARY:0.96	lit=ববাহিকাজুরে	valid=false	clean=true	freq=0	gate=null	commit=অববাহিকাজুড়ে
bobahikabhittik	raw=অববাহিকাভিত্তিক:DICTIONARY:0.96	lit=ববাহিকাভিত্তিক	valid=false	clean=false	freq=0	gate=null	commit=অববাহিকাভিত্তিক
bobahikamuulok	raw=অববাহিকামূলক:DICTIONARY:0.96	lit=ববাহিকামূলক	valid=false	clean=true	freq=0	gate=null	commit=অববাহিকামূলক
bobahikasongkrant	raw=অববাহিকাসংক্রান্ত:DICTIONARY:0.96	lit=ববাহিকাসংক্রান্ত	valid=false	clean=false	freq=0	gate=null	commit=অববাহিকাসংক্রান্ত
bobahikasoh	raw=অববাহিকাসহ:DICTIONARY:0.96	lit=ববাহিকাসহ	valid=false	clean=true	freq=0	gate=null	commit=অববাহিকাসহ
bobuddh	raw=অববুদ্ধ:DICTIONARY:0.96	lit=ববুদ্ধ	valid=false	clean=true	freq=0	gate=null	commit=অববুদ্ধ
bobodh	raw=অববোধ:DICTIONARY:0.96	lit=ববধ	valid=false	clean=true	freq=0	gate=null	commit=অববোধ
bobodhon	raw=অববোধন:DICTIONARY:0.96	lit=ববধন	valid=false	clean=true	freq=0	gate=null	commit=অববোধন
bobodhit	raw=অববোধিত:DICTIONARY:0.96	lit=ববধিত	valid=false	clean=true	freq=0	gate=null	commit=অববোধিত
bobhiyasoli	raw=অবভিয়াসলি:DICTIONARY:0.96	lit=বভিয়াসলি	valid=false	clean=true	freq=0	gate=null	commit=অবভিয়াসলি
bomot	raw=অবমত:DICTIONARY:0.96	lit=বমত	valid=false	clean=true	freq=0	gate=null	commit=অবমত
bomoti	raw=অবমতি:DICTIONARY:0.96	lit=বমতি	valid=false	clean=true	freq=0	gate=null	commit=অবমতি
bomonta	raw=অবমন্তা:DICTIONARY:0.96	lit=বমন্তা	valid=false	clean=true	freq=0	gate=null	commit=অবমন্তা
bomontrri	raw=অবমন্তৃ:DICTIONARY:0.96	lit=বমন্ত্র্রি	valid=false	clean=false	freq=0	gate=null	commit=অবমন্তৃ
bomordon	raw=অবমর্দন:DICTIONARY:0.96	lit=বমর্দন	valid=false	clean=false	freq=0	gate=null	commit=অবমর্দন
bomordit	raw=অবমর্দিত:DICTIONARY:0.96	lit=বমর্দিত	valid=false	clean=false	freq=0	gate=null	commit=অবমর্দিত
bomorsh	raw=অবমর্শ:DICTIONARY:0.96	lit=বমর্শ	valid=false	clean=false	freq=0	gate=null	commit=অবমর্শ
bomorshon	raw=অবমর্শন:DICTIONARY:0.96	lit=বমর্শন	valid=false	clean=false	freq=0	gate=null	commit=অবমর্শন
bomanon	raw=অবমানন:DICTIONARY:0.96	lit=বমানন	valid=false	clean=true	freq=0	gate=null	commit=অবমানন
bomanonai	raw=বোমাননাই:DICTIONARY:0.93	lit=বমাননাই	valid=false	clean=true	freq=0	gate=null	commit=বোমাননাই
bomanonakorobhabe	raw=অবমাননাকরভাবে:DICTIONARY:0.96	lit=বমাননাকরভাবে	valid=false	clean=true	freq=0	gate=null	commit=অবমাননাকরভাবে
bomanonakariir	raw=অবমাননাকারীর:DICTIONARY:0.96	lit=বমাননাকারীর	valid=false	clean=true	freq=0	gate=null	commit=অবমাননাকারীর
bomanonay	raw=অবমাননায়:DICTIONARY:0.96	lit=বমাননায়	valid=false	clean=true	freq=0	gate=null	commit=বোমাননা
bomanar	raw=অবমানার:DICTIONARY:0.96	lit=বমানার	valid=false	clean=true	freq=0	gate=null	commit=বোমানা
bomanita	raw=অবমানিতা:DICTIONARY:0.96	lit=বমানিতা	valid=false	clean=true	freq=0	gate=null	commit=অবমানিতা
bomamonar	raw=অবমামনার:DICTIONARY:0.96	lit=বমামনার	valid=false	clean=true	freq=0	gate=null	commit=অবমামনার
bomuulyayonoi	raw=অবমূল্যায়নই:DICTIONARY:0.96	lit=বমূল্যায়নৈ	valid=false	clean=false	freq=0	gate=null	commit=অবমূল্যায়ন
bomuulyayonokariira	raw=অবমূল্যায়নকারীরা:DICTIONARY:0.96	lit=বমূল্যায়নকারীরা	valid=false	clean=false	freq=0	gate=null	commit=অবমূল্যায়নকারীরা
bomuulyayonoke	raw=অবমূল্যায়নকে:DICTIONARY:0.96	lit=বমূল্যায়নকে	valid=false	clean=false	freq=0	gate=null	commit=অবমূল্যায়নকে
bomuulyayone	raw=অবমূল্যায়নে:DICTIONARY:0.96	lit=বমূল্যায়নে	valid=false	clean=false	freq=0	gate=null	commit=অবমূল্যায়নে
bomesh	raw=অবমেষ:DICTIONARY:0.96	lit=বমেশ	valid=false	clean=true	freq=0	gate=null	commit=অবমেষ
bomochon	raw=অবমোচন:DICTIONARY:0.96	lit=বমচন	valid=false	clean=true	freq=0	gate=null	commit=অবমোচন
bombone	raw=বোম্বনে:DICTIONARY:0.93	lit=বম্বনে	valid=false	clean=true	freq=0	gate=null	commit=বোম্বনে
boromnoddh	raw=অবরম্নদ্ধ:DICTIONARY:0.96	lit=বরম্নদ্ধ	valid=false	clean=true	freq=0	gate=null	commit=অবরম্নদ্ধ
boruddhoi	raw=অবরুদ্ধই:DICTIONARY:0.96	lit=বরুদ্ধৈ	valid=false	clean=true	freq=0	gate=null	commit=অবরুদ্ধ
boruddhoo	raw=অবরুদ্ধও:DICTIONARY:0.96	lit=বরুদ্ধু	valid=false	clean=true	freq=0	gate=null	commit=অবরুদ্ধ
borodhoi	raw=অবরোধই:DICTIONARY:0.96	lit=বরধৈ	valid=false	clean=true	freq=0	gate=null	commit=অবরোধই
borodhoo	raw=অবরোধও:DICTIONARY:0.96	lit=বরধু	valid=false	clean=true	freq=0	gate=null	commit=বুদ্ধু
borodhok	raw=অবরোধক:DICTIONARY:0.96	lit=বরধক	valid=false	clean=true	freq=0	gate=null	commit=অবরোধক
borodhokariira	raw=অবরোধকারীরা:DICTIONARY:0.93	lit=বরধকারীরা	valid=false	clean=true	freq=0	gate=null	commit=অবরোধকারীরা
borodhokei	raw=অবরোধকেই:DICTIONARY:0.96	lit=বরধকেই	valid=false	clean=true	freq=0	gate=null	commit=অবরোধকেই
borodhotike	raw=অবরোধটিকে:DICTIONARY:0.96	lit=বরধতিকে	valid=false	clean=true	freq=0	gate=null	commit=অবরোধটিকে
borodhoprotha	raw=অবরোধপ্রথা:DICTIONARY:0.96	lit=বরধপ্রথা	valid=false	clean=false	freq=0	gate=null	commit=অবরোধপ্রথা
borodhobasiniisoh	raw=অবরোধবাসিনীসহ:DICTIONARY:0.96	lit=বরধবাসিনীসহ	valid=false	clean=true	freq=0	gate=null	commit=অবরোধবাসিনীসহ
borodhobirodhii	raw=অবরোধবিরোধী:DICTIONARY:0.96	lit=বরধবিরধী	valid=false	clean=true	freq=0	gate=null	commit=অবরোধবিরোধী
borodhomukt	raw=অবরোধমুক্ত:DICTIONARY:0.96	lit=বরধমুক্ত	valid=false	clean=true	freq=0	gate=null	commit=অবরোধমুক্ত
borodhosoh	raw=অবরোধসহ:DICTIONARY:0.96	lit=বরধসহ	valid=false	clean=true	freq=0	gate=null	commit=অবরোধসহ
borodhostholer	raw=অবরোধস্থলের:DICTIONARY:0.96	lit=বরধস্থলের	valid=false	clean=false	freq=0	gate=null	commit=অবরোধস্থলের
borodheroo	raw=অবরোধেরও:DICTIONARY:0.96	lit=বরধেরু	valid=false	clean=true	freq=0	gate=null	commit=বড়দেরও
borohonii	raw=অবরোহণী:DICTIONARY:0.96	lit=বরহনী	valid=false	clean=true	freq=0	gate=null	commit=অবরোহণী
bornitoi	raw=অবর্ণিতই:DICTIONARY:0.96	lit=বর্নিতৈ	valid=false	clean=false	freq=0	gate=null	commit=বর্ণিত
bormod	raw=অবর্মদ:DICTIONARY:0.96	lit=বর্মদ	valid=false	clean=false	freq=0	gate=null	commit=অবর্মদ
bolombonoo	raw=অবলম্বনও:DICTIONARY:0.96	lit=বলম্বনু	valid=false	clean=true	freq=0	gate=null	commit=অবলম্বনও
bolombonokariike	raw=অবলম্বনকারীকে:DICTIONARY:0.96	lit=বলম্বনকারীকে	valid=false	clean=true	freq=0	gate=null	commit=অবলম্বনকারীকে
bolombonokariir	raw=অবলম্বনকারীর:DICTIONARY:0.96	lit=বলম্বনকারীর	valid=false	clean=true	freq=0	gate=null	commit=অবলম্বনকারীর
bolombonoti	raw=অবলম্বনটি:DICTIONARY:0.96	lit=বলম্বনতি	valid=false	clean=true	freq=0	gate=null	commit=অবলম্বনটি
bolombonotuku	raw=অবলম্বনটুকু:DICTIONARY:0.96	lit=বলম্বনতুকু	valid=false	clean=true	freq=0	gate=null	commit=অবলম্বনটুকু
bolombonotukuo	raw=অবলম্বনটুকুও:DICTIONARY:0.96	lit=বলম্বনতুকুও	valid=false	clean=true	freq=0	gate=null	commit=অবলম্বনটুকুও
bolombonomatr	raw=অবলম্বনমাত্র:DICTIONARY:0.96	lit=বলম্বনমাত্র	valid=false	clean=false	freq=0	gate=null	commit=অবলম্বনমাত্র
bolombonohiin	raw=অবলম্বনহীন:DICTIONARY:0.96	lit=বলম্বনহীন	valid=false	clean=true	freq=0	gate=null	commit=অবলম্বনহীন
bolombor	raw=অবলম্বর:DICTIONARY:0.96	lit=বলম্বর	valid=false	clean=true	freq=0	gate=null	commit=অবলম্বর
bolajati	raw=অবলাজাতি:DICTIONARY:0.96	lit=বলাজাতি	valid=false	clean=true	freq=0	gate=null	commit=অবলাজাতি
bolikhon	raw=অবলিখন:DICTIONARY:0.96	lit=বলিখন	valid=false	clean=true	freq=0	gate=null	commit=অবলিখন
bolikhonokrrit	raw=অবলিখনকৃত:DICTIONARY:0.96	lit=বলিখনক্র্রিত	valid=false	clean=false	freq=0	gate=null	commit=অবলিখনকৃত
bolipt	raw=অবলিপ্ত:DICTIONARY:0.96	lit=বলিপ্ত	valid=false	clean=true	freq=0	gate=null	commit=অবলিপ্ত
bolimbe	raw=অবলিম্বে:DICTIONARY:0.96	lit=বলিম্বে	valid=false	clean=true	freq=0	gate=null	commit=বলিবে
boliidh	raw=অবলীঢ:DICTIONARY:0.96	lit=বলীধ	valid=false	clean=true	freq=0	gate=null	commit=অবলীঢ
boliil	raw=বলিল:DICTIONARY:0.9500000000000001	lit=বলীল	valid=false	clean=true	freq=0	gate=null	commit=বলিল
boliila	raw=অবলীলা:DICTIONARY:0.96	lit=বলীলা	valid=false	clean=true	freq=0	gate=null	commit=অবলীলা
boliilakrrit	raw=অবলীলাকৃত:DICTIONARY:0.96	lit=বলীলাক্র্রিত	valid=false	clean=false	freq=0	gate=null	commit=অবলীলাকৃত
boliilakrom	raw=অবলীলাক্রম:DICTIONARY:0.96	lit=বলীলাক্রম	valid=false	clean=false	freq=0	gate=null	commit=অবলীলাক্রম
boliiyay	raw=অবলীয়ায়:DICTIONARY:0.96	lit=বলীয়ায়	valid=false	clean=true	freq=0	gate=null	commit=বলিয়া
bolunthon	raw=অবলুণ্ঠন:DICTIONARY:0.96	lit=বলুন্থন	valid=false	clean=true	freq=0	gate=null	commit=অবলুণ্ঠন
bolunthit	raw=অবলুণ্ঠিত:DICTIONARY:0.96	lit=বলুন্থিত	valid=false	clean=true	freq=0	gate=null	commit=অবলুণ্ঠিত
bolunthita	raw=অবলুণ্ঠিতা:DICTIONARY:0.96	lit=বলুন্থিতা	valid=false	clean=true	freq=0	gate=null	commit=অবলুণ্ঠিতা
boluptigot	raw=অবলুপ্তিগত:DICTIONARY:0.96	lit=বলুপ্তিগত	valid=false	clean=true	freq=0	gate=null	commit=অবলুপ্তিগত
bolep	raw=অবলেপ:DICTIONARY:0.96	lit=বলেপ	valid=false	clean=true	freq=0	gate=null	commit=অবলেপ
bolepon	raw=অবলেপন:DICTIONARY:0.96	lit=বলেপন	valid=false	clean=true	freq=0	gate=null	commit=অবলেপন
boleponer	raw=অবলেপনের:DICTIONARY:0.96	lit=বলেপনের	valid=false	clean=true	freq=0	gate=null	commit=অবলেপনের
boleh	raw=অবলেহ:DICTIONARY:0.96	lit=বলেহ	valid=false	clean=true	freq=0	gate=null	commit=অবলেহ
bolehon	raw=অবলেহন:DICTIONARY:0.96	lit=বলেহন	valid=false	clean=true	freq=0	gate=null	commit=অবলেহন
bolokonokarii	raw=অবলোকনকারী:DICTIONARY:0.96	lit=বলকনকারী	valid=false	clean=true	freq=0	gate=null	commit=অবলোকনকারী
bolokone	raw=অবলোকনে:DICTIONARY:0.96	lit=বলকনে	valid=false	clean=true	freq=0	gate=null	commit=অবলোকনে
bolop	raw=অবলোপ:DICTIONARY:0.96	lit=বলপ	valid=false	clean=true	freq=0	gate=null	commit=অবলোপ
boloponokrrit	raw=অবলোপনকৃত:DICTIONARY:0.96	lit=বলপনক্র্রিত	valid=false	clean=false	freq=0	gate=null	commit=অবলোপনকৃত
boshokoron	raw=অবশকরণ:DICTIONARY:0.96	lit=বশকরন	valid=false	clean=true	freq=0	gate=null	commit=অবশকরণ
boshokoronojonit	raw=অবশকরণজনিত:DICTIONARY:0.96	lit=বশকরনজনিত	valid=false	clean=true	freq=0	gate=null	commit=অবশকরণজনিত
boshoshti	raw=অবশষ্টি:DICTIONARY:0.96	lit=বশশ্তি	valid=false	clean=false	freq=0	gate=null	commit=বসছি
boshishtoo	raw=অবশিষ্টও:DICTIONARY:0.96	lit=বশিশ্তু	valid=false	clean=false	freq=0	gate=null	commit=অবশিষ্ট
boshishtogulor	raw=অবশিষ্টগুলোর:DICTIONARY:0.93	lit=বশিশ্তগুলর	valid=false	clean=false	freq=0	gate=null	commit=বৈশিষ্ট্যগুলোর
boshishtoderoke	raw=অবশিষ্টদেরকে:DICTIONARY:0.96	lit=বশিশ্তদেরকে	valid=false	clean=false	freq=0	gate=null	commit=অবশিষ্টদেরকে
boshishtobhogii	raw=অবশিষ্টভোগী:DICTIONARY:0.96	lit=বশিশ্তভগী	valid=false	clean=false	freq=0	gate=null	commit=অবশিষ্টভোগী
boshishter	raw=অবশিষ্টের:DICTIONARY:0.96	lit=বশিশ্তের	valid=false	clean=false	freq=0	gate=null	commit=অবশিষ্টের
boshishthangshe	raw=অবশিষ্ঠাংশে:DICTIONARY:0.96	lit=বশিশ্থাংশে	valid=false	clean=false	freq=0	gate=null	commit=অবশিষ্টাংশে
boshendriy	raw=অবশেন্দ্রিয়:DICTIONARY:0.96	lit=বশেন্দ্রিয়	valid=false	clean=true	freq=0	gate=null	commit=অবশেন্দ্রিয়
boshyoukkheponer	raw=অবশ্যউক্ষেপণের:DICTIONARY:0.96	lit=বশ্যৌক্ষেপনের	valid=false	clean=false	freq=0	gate=null	commit=অবশ্যউক্ষেপণের
boshyokortobyogulo	raw=অবশ্যকর্তব্যগুলো:DICTIONARY:0.93	lit=বশ্যকর্তব্যগুল	valid=false	clean=false	freq=0	gate=null	commit=অবশ্যকর্তব্যগুলো
boshyokary	raw=অবশ্যকার্য:DICTIONARY:0.96	lit=বশ্যকার্য	valid=false	clean=false	freq=0	gate=null	commit=অবশ্যকার্য
boshyodorshoniiy	raw=অবশ্যদর্শনীয়:DICTIONARY:0.96	lit=বশ্যদর্শনীয়	valid=false	clean=false	freq=0	gate=null	commit=অবশ্যদর্শনীয়
boshyodroshtoby	raw=অবশ্যদ্রষ্টব্য:DICTIONARY:0.96	lit=বশ্যদ্রশ্তব্য	valid=false	clean=false	freq=0	gate=null	commit=অবশ্যদ্রষ্টব্য
boshyodroshtobyer	raw=অবশ্যদ্রষ্টব্যের:DICTIONARY:0.96	lit=বশ্যদ্রশ্তব্যের	valid=false	clean=false	freq=0	gate=null	commit=অবশ্যদ্রষ্টব্যের
boshyoproyojon	raw=অবশ্যপ্রয়োজন:DICTIONARY:0.96	lit=বশ্যপ্রয়জন	valid=false	clean=false	freq=0	gate=null	commit=অবশ্যপ্রয়োজন
boshyoproyojoniiy	raw=অবশ্যপ্রয়োজনীয়:DICTIONARY:0.96	lit=বশ্যপ্রয়জনীয়	valid=false	clean=false	freq=0	gate=null	commit=অবশ্যপ্রয়োজনীয়
boshyomany	raw=অবশ্যমান্য:DICTIONARY:0.96	lit=বশ্যমান্য	valid=false	clean=false	freq=0	gate=null	commit=অবশ্যমান্য
boshyombhabita	raw=অবশ্যম্ভাবিতা:DICTIONARY:0.96	lit=বশ্যম্ভাবিতা	valid=false	clean=false	freq=0	gate=null	commit=অবশ্যম্ভাবিতা
boshyombhabiio	raw=অবশ্যম্ভাবীও:DICTIONARY:0.96	lit=বশ্যম্ভাবীও	valid=false	clean=false	freq=0	gate=null	commit=অবশ্যম্ভাবী
boshroyon	raw=অবশ্রয়ণ:DICTIONARY:0.96	lit=বশ্রয়ন	valid=false	clean=true	freq=0	gate=null	commit=অবশ্রয়ণ
bosokiurer	raw=অবসকিউরের:DICTIONARY:0.96	lit=বসকিউরের	valid=false	clean=true	freq=0	gate=null	commit=অবসকিউরের
bosonnotai	raw=অবসন্নতাই:DICTIONARY:0.96	lit=বসন্নতাই	valid=false	clean=false	freq=0	gate=null	commit=অবসন্নতা
bosorokale	raw=অবসরকালে:DICTIONARY:0.96	lit=বসরকালে	valid=false	clean=true	freq=0	gate=null	commit=অবসরকালে
bosorojiibonoke	raw=অবসরজীবনকে:DICTIONARY:0.96	lit=বসরজীবনকে	valid=false	clean=true	freq=0	gate=null	commit=অবসরজীবনকে
bosorojiibonota	raw=অবসরজীবনটা:DICTIONARY:0.96	lit=বসরজীবনতা	valid=false	clean=true	freq=0	gate=null	commit=অবসরজীবনটা
bosorojiibone	raw=অবসরজীবনে:DICTIONARY:0.96	lit=বসরজীবনে	valid=false	clean=true	freq=0	gate=null	commit=অবসরজীবনে
bosorojiiboner	raw=অবসরজীবনের:DICTIONARY:0.96	lit=বসরজীবনের	valid=false	clean=true	freq=0	gate=null	commit=অবসরজীবনের
bosorotuku	raw=অবসরটুকু:DICTIONARY:0.96	lit=বসরতুকু	valid=false	clean=true	freq=0	gate=null	commit=অবসরটুকু
bosorodaner	raw=অবসরদানের:DICTIONARY:0.96	lit=বসরদানের	valid=false	clean=true	freq=0	gate=null	commit=অবসরদানের
bosoropuurb	raw=অবসরপূর্ব:DICTIONARY:0.96	lit=বসরপূর্ব	valid=false	clean=false	freq=0	gate=null	commit=অবসরপূর্ব
bosoroprostuti	raw=অবসরপ্রস্তুতি:DICTIONARY:0.96	lit=বসরপ্রস্তুতি	valid=false	clean=false	freq=0	gate=null	commit=অবসরপ্রস্তুতি
bosoropraptoder	raw=অবসরপ্রাপ্তদের:DICTIONARY:0.93	lit=বসরপ্রাপ্তদের	valid=false	clean=false	freq=0	gate=null	commit=অবসরপ্রাপ্তদের
bosoropraptorai	raw=অবসরপ্রাপ্তরাই:DICTIONARY:0.96	lit=বসরপ্রাপ্তরাই	valid=false	clean=false	freq=0	gate=null	commit=অবসরপ্রাপ্তরাই
bosorobatikogrost	raw=অবসরবাতিকগ্রস্ত:DICTIONARY:0.96	lit=বসরবাতিকগ্রস্ত	valid=false	clean=false	freq=0	gate=null	commit=অবসরবাতিকগ্রস্ত
bosorobhatabhogii	raw=অবসরভাতাভোগী:DICTIONARY:0.96	lit=বসরভাতাভগী	valid=false	clean=true	freq=0	gate=null	commit=অবসরভাতাভোগী
bosorobhatabhogiira	raw=অবসরভাতাভোগীরা:DICTIONARY:0.96	lit=বসরভাতাভগীরা	valid=false	clean=true	freq=0	gate=null	commit=অবসরভাতাভোগীরা
bosorobhogiider	raw=অবসরভোগীদের:DICTIONARY:0.96	lit=বসরভগীদের	valid=false	clean=true	freq=0	gate=null	commit=অবসরভোগীদের
bosorobhogiira	raw=অবসরভোগীরা:DICTIONARY:0.96	lit=বসরভগীরা	valid=false	clean=true	freq=0	gate=null	commit=অবসরভোগীরা
bosoromoto	raw=অবসরমতো:DICTIONARY:0.96	lit=বসরমত	valid=false	clean=true	freq=0	gate=null	commit=অবসরমতো
bosorozaponokariider	raw=অবসরযাপনকারীদের:DICTIONARY:0.96	lit=বসরজাপনকারীদের	valid=false	clean=true	freq=0	gate=null	commit=অবসরযাপনকারীদের
bosorozaponokariir	raw=অবসরযাপনকারীর:DICTIONARY:0.96	lit=বসরজাপনকারীর	valid=false	clean=true	freq=0	gate=null	commit=অবসরযাপনকারীর
bosorosongkrant	raw=অবসরসংক্রান্ত:DICTIONARY:0.96	lit=বসরসংক্রান্ত	valid=false	clean=false	freq=0	gate=null	commit=অবসরসংক্রান্ত
bosadogrostotar	raw=অবসাদগ্রস্ততার:DICTIONARY:0.96	lit=বসাদগ্রস্ততার	valid=false	clean=false	freq=0	gate=null	commit=অবসাদগ্রস্ততার
bosadomukt	raw=অবসাদমুক্ত:DICTIONARY:0.96	lit=বসাদমুক্ত	valid=false	clean=true	freq=0	gate=null	commit=অবসাদমুক্ত
bosanokarii	raw=অবসানকারী:DICTIONARY:0.96	lit=বসানকারী	valid=false	clean=true	freq=0	gate=null	commit=অবসানকারী
bosanota	raw=অবসানটা:DICTIONARY:0.96	lit=বসানতা	valid=false	clean=true	freq=0	gate=null	commit=অবসানটা
bosanosongkrant	raw=অবসানসংক্রান্ত:DICTIONARY:0.96	lit=বসানসংক্রান্ত	valid=false	clean=false	freq=0	gate=null	commit=অবসানসংক্রান্ত
bosanosoh	raw=অবসানসহ:DICTIONARY:0.96	lit=বসানসহ	valid=false	clean=true	freq=0	gate=null	commit=অবসানসহ
bosaneroo	raw=অবসানেরও:DICTIONARY:0.96	lit=বসানেরু	valid=false	clean=true	freq=0	gate=null	commit=অবসানের
bosaroni	raw=অবসারণি:DICTIONARY:0.96	lit=বসারনি	valid=false	clean=true	freq=0	gate=null	commit=অবসারণি
bosayit	raw=অবসায়িত:DICTIONARY:0.96	lit=বসায়িত	valid=false	clean=true	freq=0	gate=null	commit=অবসায়িত
bosetotrik	raw=অবসেটট্রিক:DICTIONARY:0.96	lit=বসেতত্রিক	valid=false	clean=false	freq=0	gate=null	commit=অবসেটট্রিক
boseshonoke	raw=অবসেশনকে:DICTIONARY:0.96	lit=বসেশনকে	valid=false	clean=true	freq=0	gate=null	commit=অবসেশনকে
boseshone	raw=অবসেশনে:DICTIONARY:0.96	lit=বসেশনে	valid=false	clean=true	freq=0	gate=null	commit=অবসেশনে
bosesd	raw=অবসেস্ড:DICTIONARY:0.96	lit=বসেস্দ	valid=false	clean=false	freq=0	gate=null	commit=অবচ্ছেদ
bostetrikyal	raw=অবস্টেট্রিক্যাল:DICTIONARY:0.96	lit=বস্তেত্রিক্যাল	valid=false	clean=false	freq=0	gate=null	commit=অবস্টেট্রিক্যাল
bostetris	raw=অবস্টেট্রিস:DICTIONARY:0.96	lit=বস্তেত্রিস	valid=false	clean=false	freq=0	gate=null	commit=অবস্টেট্রিস
bostrakoting	raw=অবস্ট্রাকটিং:DICTIONARY:0.96	lit=বস্ত্রাকতিং	valid=false	clean=true	freq=0	gate=null	commit=অবস্ট্রাকটিং
bostrakotribh	raw=অবস্ট্রাকট্রিভ:DICTIONARY:0.96	lit=বস্ত্রাকত্রিভ	valid=false	clean=false	freq=0	gate=null	commit=অবস্ট্রাকট্রিভ
bostrakoshon	raw=অবস্ট্রাকশন:DICTIONARY:0.96	lit=বস্ত্রাকশন	valid=false	clean=true	freq=0	gate=null	commit=অবস্ট্রাকশন
bostrikyal	raw=অবস্ট্রিক্যাল:DICTIONARY:0.96	lit=বস্ত্রিক্যাল	valid=false	clean=false	freq=0	gate=null	commit=অবস্ট্রিক্যাল
bostretikyal	raw=অবস্ট্রেটিক্যাল:DICTIONARY:0.96	lit=বস্ত্রেতিক্যাল	valid=false	clean=false	freq=0	gate=null	commit=অবস্ট্রেটিক্যাল
bostunirbondh	raw=অবস্তুনির্বন্ধ:DICTIONARY:0.96	lit=বস্তুনির্বন্ধ	valid=false	clean=false	freq=0	gate=null	commit=অবস্তুনির্বন্ধ
bosthon	raw=অবস্থন:DICTIONARY:0.96	lit=বস্থন	valid=false	clean=false	freq=0	gate=null	commit=বস্টন
bosthagotike	raw=অবস্থাগতিকে:DICTIONARY:0.96	lit=বস্থাগতিকে	valid=false	clean=false	freq=0	gate=null	commit=অবস্থাগতিকে
bosthaguloy	raw=অবস্থাগুলোয়:DICTIONARY:0.96	lit=বস্থাগুলয়	valid=false	clean=false	freq=0	gate=null	commit=অবস্থাগুলোয়
bosthatake	raw=অবস্থাটাকে:DICTIONARY:0.96	lit=বস্থাতাকে	valid=false	clean=false	freq=0	gate=null	commit=অবস্থাটাকে
bosthatii	raw=অবস্থাটিই:DICTIONARY:0.96	lit=বস্থাতী	valid=false	clean=false	freq=0	gate=null	commit=অবস্থাটি
bosthatikeo	raw=অবস্থাটিকেও:DICTIONARY:0.96	lit=বস্থাতিকেও	valid=false	clean=false	freq=0	gate=null	commit=অবস্থাটিকেও
bosthadrrishtite	raw=অবস্থাদৃষ্টিতে:DICTIONARY:0.96	lit=বস্থাদ্র্রিশ্তিতে	valid=false	clean=false	freq=0	gate=null	commit=অবস্থাদৃষ্টিতে
bosthadrrishtei	raw=অবস্থাদৃষ্টেই:DICTIONARY:0.96	lit=বস্থাদ্র্রিশ্তেই	valid=false	clean=false	freq=0	gate=null	commit=অবস্থাদৃষ্টেই
bosthanokora	raw=অবস্থানকরা:DICTIONARY:0.96	lit=বস্থানকরা	valid=false	clean=false	freq=0	gate=null	commit=অবস্থানকরা
bosthanokariike	raw=অবস্থানকারীকে:DICTIONARY:0.96	lit=বস্থানকারীকে	valid=false	clean=false	freq=0	gate=null	commit=অবস্থানকারীকে
bosthanokaleo	raw=অবস্থানকালেও:DICTIONARY:0.96	lit=বস্থানকালেও	valid=false	clean=false	freq=0	gate=null	commit=অবস্থানকালে
bosthanokendr	raw=অবস্থানকেন্দ্র:DICTIONARY:0.96	lit=বস্থানকেন্দ্র	valid=false	clean=false	freq=0	gate=null	commit=অবস্থানকেন্দ্র
bosthanokrom	raw=অবস্থানক্রম:DICTIONARY:0.96	lit=বস্থানক্রম	valid=false	clean=false	freq=0	gate=null	commit=অবস্থানক্রম
bosthanotao	raw=অবস্থানটাও:DICTIONARY:0.96	lit=বস্থানতাও	valid=false	clean=false	freq=0	gate=null	commit=অবস্থানটাও
bosthanotake	raw=অবস্থানটাকে:DICTIONARY:0.96	lit=বস্থানতাকে	valid=false	clean=false	freq=0	gate=null	commit=অবস্থানটাকে
bosthanotii	raw=অবস্থানটিই:DICTIONARY:0.96	lit=বস্থানতী	valid=false	clean=false	freq=0	gate=null	commit=অবস্থানটি
bosthanotite	raw=অবস্থানটিতে:DICTIONARY:0.96	lit=বস্থানতিতে	valid=false	clean=false	freq=0	gate=null	commit=অবস্থানটিতে
bosthanodharii	raw=অবস্থানধারী:DICTIONARY:0.96	lit=বস্থানধারী	valid=false	clean=false	freq=0	gate=null	commit=অবস্থানধারী
bosthanopotr	raw=অবস্থানপত্র:DICTIONARY:0.96	lit=বস্থানপত্র	valid=false	clean=false	freq=0	gate=null	commit=অবস্থানপত্র
bosthanopotroo	raw=অবস্থানপত্রও:DICTIONARY:0.96	lit=বস্থানপত্রু	valid=false	clean=false	freq=0	gate=null	commit=অবস্থানপত্রও
bosthanopotre	raw=অবস্থানপত্রে:DICTIONARY:0.96	lit=বস্থানপত্রে	valid=false	clean=false	freq=0	gate=null	commit=অবস্থানপত্রে
bosthanobishoyok	raw=অবস্থানবিষয়ক:DICTIONARY:0.96	lit=বস্থানবিশয়ক	valid=false	clean=false	freq=0	gate=null	commit=অবস্থানবিষয়ক
bosthanosongbolit	raw=অবস্থানসংবলিত:DICTIONARY:0.96	lit=বস্থানসংবলিত	valid=false	clean=false	freq=0	gate=null	commit=অবস্থানসংবলিত
bosthanosomporkit	raw=অবস্থানসম্পর্কিত:DICTIONARY:0.96	lit=বস্থানসম্পর্কিত	valid=false	clean=false	freq=0	gate=null	commit=অবস্থানসম্পর্কিত
bosthanosthole	raw=অবস্থানস্থলে:DICTIONARY:0.96	lit=বস্থানস্থলে	valid=false	clean=false	freq=0	gate=null	commit=অবস্থানস্থলে
bosthanik	raw=অবস্থানিক:DICTIONARY:0.96	lit=বস্থানিক	valid=false	clean=false	freq=0	gate=null	commit=অস্থানিক
bosthanerrokarone	raw=অবস্থানের্রকারণে:DICTIONARY:0.96	lit=বস্থানের্রকারনে	valid=false	clean=false	freq=0	gate=null	commit=অবস্থানের্রকারণে
bosthaponnoder	raw=অবস্থাপন্নদের:DICTIONARY:0.93	lit=বস্থাপন্নদের	valid=false	clean=false	freq=0	gate=null	commit=অবস্থাপন্নদের
bosthaponnora	raw=অবস্থাপন্নরা:DICTIONARY:0.93	lit=বস্থাপন্নরা	valid=false	clean=false	freq=0	gate=null	commit=অবস্থাপন্নরা
bosthapit	raw=অবস্থাপিত:DICTIONARY:0.96	lit=বস্থাপিত	valid=false	clean=false	freq=0	gate=null	commit=অবস্থাপিত
bosthapuurn	raw=অবস্থাপূর্ণ:DICTIONARY:0.96	lit=বস্থাপূর্ন	valid=false	clean=false	freq=0	gate=null	commit=অবস্থাপূর্ণ
bosthabishesh	raw=অবস্থাবিশেষ:DICTIONARY:0.96	lit=বস্থাবিশেশ	valid=false	clean=false	freq=0	gate=null	commit=অবস্থাবিশেষ
bosthabisheshe	raw=অবস্থাবিশেষে:DICTIONARY:0.96	lit=বস্থাবিশেশে	valid=false	clean=false	freq=0	gate=null	commit=অবস্থাবিশেষে
bosthabishoyok	raw=অবস্থাবিষয়ক:DICTIONARY:0.96	lit=বস্থাবিশয়ক	valid=false	clean=false	freq=0	gate=null	commit=অবস্থাবিষয়ক
bosthabhed	raw=অবস্থাভেদ:DICTIONARY:0.96	lit=বস্থাভেদ	valid=false	clean=false	freq=0	gate=null	commit=অবস্থাভেদ
bosthamoto	raw=অবস্থামতো:DICTIONARY:0.96	lit=বস্থামত	valid=false	clean=false	freq=0	gate=null	commit=অবস্থামতো
bosthayii	raw=অবস্থায়ী:DICTIONARY:0.96	lit=বস্থায়ী	valid=false	clean=false	freq=0	gate=null	commit=অবস্থায়ী
bostharoi	raw=অবস্থারই:DICTIONARY:0.96	lit=বস্থারৈ	valid=false	clean=false	freq=0	gate=null	commit=অবস্থায়ই
bosthashalii	raw=অবস্থাশালী:DICTIONARY:0.96	lit=বস্থাশালী	valid=false	clean=false	freq=0	gate=null	commit=অবস্থাশালী
bosthasongkot	raw=অবস্থাসংকট:DICTIONARY:0.96	lit=বস্থাসংকত	valid=false	clean=false	freq=0	gate=null	commit=অবস্থাসংকট
bosthitoder	raw=অবস্থিতদের:DICTIONARY:0.93	lit=বস্থিতদের	valid=false	clean=false	freq=0	gate=null	commit=অবস্থিতদের
bosthitii	raw=অবস্থিতিই:DICTIONARY:0.96	lit=বস্থিতী	valid=false	clean=false	freq=0	gate=null	commit=অবস্থিতি
boshagotike	raw=অবস্হাগতিকে:DICTIONARY:0.96	lit=বশাগতিকে	valid=false	clean=true	freq=0	gate=null	commit=অবস্হাগতিকে
boshantor	raw=অবস্হান্তর:DICTIONARY:0.96	lit=বশান্তর	valid=false	clean=true	freq=0	gate=null	commit=অবস্হান্তর
boshapon	raw=অবস্হাপন:DICTIONARY:0.96	lit=বশাপন	valid=false	clean=true	freq=0	gate=null	commit=অবস্হাপন
boshaponn	raw=অবস্হাপন্ন:DICTIONARY:0.96	lit=বশাপন্ন	valid=false	clean=false	freq=0	gate=null	commit=অবস্হাপন্ন
boshapit	raw=অবস্হাপিত:DICTIONARY:0.96	lit=বশাপিত	valid=false	clean=true	freq=0	gate=null	commit=অবস্হাপিত
boshayii	raw=অবস্হায়ী:DICTIONARY:0.96	lit=বশায়ী	valid=false	clean=true	freq=0	gate=null	commit=অবস্হায়ী
boshasongkot	raw=অবস্হাসংকট:DICTIONARY:0.96	lit=বশাসংকত	valid=false	clean=true	freq=0	gate=null	commit=অবস্হাসংকট
boshiti	raw=অবস্হিতি:DICTIONARY:0.96	lit=বশিতি	valid=false	clean=true	freq=0	gate=null	commit=অবস্হিতি
boholor	raw=অবহলোর:DICTIONARY:0.96	lit=বহলর	valid=false	clean=true	freq=0	gate=null	commit=বহুর
bohaoyar	raw=অবহাওয়ার:DICTIONARY:0.96	lit=বহাওয়ার	valid=false	clean=true	freq=0	gate=null	commit=আবহাওয়ার
bohitoo	raw=অবহিতও:DICTIONARY:0.96	lit=বহিতু	valid=false	clean=true	freq=0	gate=null	commit=বনিতো
bohitokoronopotr	raw=অবহিতকরণপত্র:DICTIONARY:0.96	lit=বহিতকরনপত্র	valid=false	clean=false	freq=0	gate=null	commit=অবহিতকরণপত্র
bohitokoronosoh	raw=অবহিতকরণসহ:DICTIONARY:0.96	lit=বহিতকরনসহ	valid=false	clean=true	freq=0	gate=null	commit=অবহিতকরণসহ
bohitokoroner	raw=অবহিতকরণের:DICTIONARY:0.96	lit=বহিতকরনের	valid=false	clean=true	freq=0	gate=null	commit=অবহিতকরণের
bohitir	raw=অবহিতির:DICTIONARY:0.96	lit=বহিতির	valid=false	clean=true	freq=0	gate=null	commit=বইটির
bohrrit	raw=অবহৃত:DICTIONARY:0.96	lit=বহ্র্রিত	valid=false	clean=false	freq=0	gate=null	commit=অবহৃত
bohelon	raw=অবহেলন:DICTIONARY:0.96	lit=বহেলন	valid=false	clean=true	freq=0	gate=null	commit=অবহেলন
bohelakariider	raw=অবহেলাকারীদের:DICTIONARY:0.96	lit=বহেলাকারীদের	valid=false	clean=true	freq=0	gate=null	commit=অবহেলাকারীদের
bohelakei	raw=অবহেলাকেই:DICTIONARY:0.96	lit=বহেলাকেই	valid=false	clean=true	freq=0	gate=null	commit=অবহেলাকেই
bohelakeo	raw=অবহেলাকেও:DICTIONARY:0.96	lit=বহেলাকেও	valid=false	clean=true	freq=0	gate=null	commit=অবহেলাকেও
bohelajonit	raw=অবহেলাজনিত:DICTIONARY:0.96	lit=বহেলাজনিত	valid=false	clean=true	freq=0	gate=null	commit=অবহেলাজনিত
bohelapuurn	raw=অবহেলাপূর্ণ:DICTIONARY:0.96	lit=বহেলাপূর্ন	valid=false	clean=false	freq=0	gate=null	commit=অবহেলাপূর্ণ
bohelaboshot	raw=অবহেলাবশত:DICTIONARY:0.96	lit=বহেলাবশত	valid=false	clean=true	freq=0	gate=null	commit=অবহেলাবশত
bohelaroi	raw=অবহেলারই:DICTIONARY:0.96	lit=বহেলারৈ	valid=false	clean=true	freq=0	gate=null	commit=অবহেলার
bohelasoh	raw=অবহেলাসহ:DICTIONARY:0.96	lit=বহেলাসহ	valid=false	clean=true	freq=0	gate=null	commit=অবহেলাসহ
bohelitoi	raw=অবহেলিতই:DICTIONARY:0.96	lit=বহেলিতৈ	valid=false	clean=true	freq=0	gate=null	commit=অবহেলিত
bohelider	raw=অবহেলিদের:DICTIONARY:0.96	lit=বহেলিদের	valid=false	clean=true	freq=0	gate=null	commit=অবহেলিদের
bekkhok	raw=অবেক্ষক:DICTIONARY:0.96	lit=বেক্ষক	valid=false	clean=true	freq=0	gate=null	commit=অবেক্ষক
bekkhon	raw=অবেক্ষণ:DICTIONARY:0.96	lit=বেক্ষন	valid=false	clean=true	freq=0	gate=null	commit=অবেক্ষণ
bekkhoniiy	raw=অবেক্ষণীয়:DICTIONARY:0.96	lit=বেক্ষনীয়	valid=false	clean=true	freq=0	gate=null	commit=অবেক্ষণীয়
bekkhoman	raw=অবেক্ষমাণ:DICTIONARY:0.96	lit=বেক্ষমান	valid=false	clean=true	freq=0	gate=null	commit=অবেক্ষমাণ
bekkhomana	raw=অবেক্ষমাণা:DICTIONARY:0.96	lit=বেক্ষমানা	valid=false	clean=true	freq=0	gate=null	commit=অবেক্ষমাণা
bekkha	raw=অবেক্ষা:DICTIONARY:0.96	lit=বেক্ষা	valid=false	clean=true	freq=0	gate=null	commit=অবেক্ষা
bekkhadhiin	raw=অবেক্ষাধীন:DICTIONARY:0.96	lit=বেক্ষাধীন	valid=false	clean=true	freq=0	gate=null	commit=অবেক্ষাধীন
bekkhit	raw=অবেক্ষিত:DICTIONARY:0.96	lit=বেক্ষিত	valid=false	clean=true	freq=0	gate=null	commit=অবেক্ষিত
bekkhyoman	raw=অবেক্ষ্যমাণ:DICTIONARY:0.96	lit=বেক্ষ্যমান	valid=false	clean=false	freq=0	gate=null	commit=অবেক্ষ্যমাণ
beniboddh	raw=অবেণিবদ্ধ:DICTIONARY:0.96	lit=বেনিবদ্ধ	valid=false	clean=true	freq=0	gate=null	commit=অবেণিবদ্ধ
beniiboddh	raw=অবেণীবদ্ধ:DICTIONARY:0.96	lit=বেনীবদ্ধ	valid=false	clean=true	freq=0	gate=null	commit=অবেণীবদ্ধ
beniiy	raw=অবেণীয়:DICTIONARY:0.96	lit=বেনীয়	valid=false	clean=true	freq=0	gate=null	commit=বেণী
beniisongboddh	raw=অবেণীসংবদ্ধ:DICTIONARY:0.96	lit=বেনীসংবদ্ধ	valid=false	clean=true	freq=0	gate=null	commit=অবেণীসংবদ্ধ
bedonobidoke	raw=অবেদনবিদকে:DICTIONARY:0.96	lit=বেদনবিদকে	valid=false	clean=true	freq=0	gate=null	commit=অবেদনবিদকে
bedonobidoder	raw=অবেদনবিদদের:DICTIONARY:0.96	lit=বেদনবিদদের	valid=false	clean=true	freq=0	gate=null	commit=অবেদনবিদদের
bedonobider	raw=অবেদনবিদের:DICTIONARY:0.96	lit=বেদনবিদের	valid=false	clean=true	freq=0	gate=null	commit=অবেদনবিদের
bedonobidera	raw=অবেদনবিদেরা:DICTIONARY:0.96	lit=বেদনবিদেরা	valid=false	clean=true	freq=0	gate=null	commit=অবেদনবিদেরা
beshesh	raw=অবেশেষ:DICTIONARY:0.96	lit=বেশেশ	valid=false	clean=true	freq=0	gate=null	commit=এসেছ
beholay	raw=অবেহলায়:DICTIONARY:0.96	lit=বেহলায়	valid=false	clean=true	freq=0	gate=null	commit=ভোলায়
boidhokajer	raw=অবৈধকাজের:DICTIONARY:0.96	lit=বৈধকাজের	valid=false	clean=true	freq=0	gate=null	commit=অবৈধকাজের
boidhoder	raw=বৈধদের:DICTIONARY:0.93	lit=বৈধদের	valid=false	clean=true	freq=0	gate=null	commit=বৈধদের
boidhonirbisheshe	raw=অবৈধনির্বিশেষে:DICTIONARY:0.96	lit=বৈধনির্বিশেশে	valid=false	clean=false	freq=0	gate=null	commit=অবৈধনির্বিশেষে
boidhobhabredokhol	raw=অবৈধভাব্রেদখল:DICTIONARY:0.96	lit=বৈধভাব্রেদখল	valid=false	clean=false	freq=0	gate=null	commit=অবৈধভাব্রেদখল
boidhosongkrant	raw=অবৈধসংক্রান্ত:DICTIONARY:0.96	lit=বৈধসংক্রান্ত	valid=false	clean=false	freq=0	gate=null	commit=অবৈধসংক্রান্ত
bodhiin	raw=অবোধীন:DICTIONARY:0.96	lit=বধীন	valid=false	clean=true	freq=0	gate=null	commit=অবোধীন
longkorono	raw=অলংকরণঃ:DICTIONARY:0.96	lit=লংকরন	valid=false	clean=true	freq=0	gate=null	commit=অলঙ্করণ
longkoronotai	raw=অলংকরণটাই:DICTIONARY:0.96	lit=লংকরনতাই	valid=false	clean=true	freq=0	gate=null	commit=অলংকরণটাই
longkoronei	raw=অলংকরণেই:DICTIONARY:0.96	lit=লংকরনেই	valid=false	clean=true	freq=0	gate=null	commit=অলংকরণেই
longkorta	raw=অলংকর্তা:DICTIONARY:0.96	lit=লংকর্তা	valid=false	clean=false	freq=0	gate=null	commit=অলংকর্তা
longkortrri	raw=অলংকর্তৃ:DICTIONARY:0.96	lit=লংকর্ত্র্রি	valid=false	clean=false	freq=0	gate=null	commit=অলংকর্তৃ
longkortrii	raw=অলংকর্ত্রী:DICTIONARY:0.96	lit=লংকর্ত্রী	valid=false	clean=false	freq=0	gate=null	commit=অলংকর্ত্রী
longkarok	raw=অলংকারক:DICTIONARY:0.96	lit=লংকারক	valid=false	clean=true	freq=0	gate=null	commit=লঙ্কার
longkaroker	raw=অলংকারকের:DICTIONARY:0.96	lit=লংকারকের	valid=false	clean=true	freq=0	gate=null	commit=অলংকারকের
longkarodhormita	raw=অলংকারধর্মিতা:DICTIONARY:0.96	lit=লংকারধর্মিতা	valid=false	clean=false	freq=0	gate=null	commit=অলংকারধর্মিতা
longkaropriy	raw=অলংকারপ্রিয়:DICTIONARY:0.96	lit=লংকারপ্রিয়	valid=false	clean=false	freq=0	gate=null	commit=অলংকারপ্রিয়
longkaromatr	raw=অলংকারমাত্র:DICTIONARY:0.96	lit=লংকারমাত্র	valid=false	clean=false	freq=0	gate=null	commit=অলংকারমাত্র
longkaroshilp	raw=অলংকারশিল্প:DICTIONARY:0.96	lit=লংকারশিল্প	valid=false	clean=true	freq=0	gate=null	commit=অলংকারশিল্প
longkaroshilpoke	raw=অলংকারশিল্পকে:DICTIONARY:0.96	lit=লংকারশিল্পকে	valid=false	clean=true	freq=0	gate=null	commit=অলংকারশিল্পকে
longkaroshilper	raw=অলংকারশিল্পের:DICTIONARY:0.96	lit=লংকারশিল্পের	valid=false	clean=true	freq=0	gate=null	commit=অলংকারশিল্পের
longkarosworuup	raw=অলংকারস্বরূপ:DICTIONARY:0.96	lit=লংকারসওয়রূপ	valid=false	clean=true	freq=0	gate=null	commit=অলংকারস্বরূপ
longkrriti	raw=অলংকৃতি:DICTIONARY:0.96	lit=লংক্র্রিতি	valid=false	clean=false	freq=0	gate=null	commit=অলংকৃতি
longnabah	raw=অলংনাবাহ:DICTIONARY:0.96	lit=লংনাবাহ	valid=false	clean=true	freq=0	gate=null	commit=অলংনাবাহ
loait	raw=অলআইট:DICTIONARY:0.96	lit=লআইত	valid=false	clean=true	freq=0	gate=null	commit=অলআইট
loautoi	raw=অলআউটই:DICTIONARY:0.96	lit=লআউতৈ	valid=false	clean=true	freq=0	gate=null	commit=অলআউট
loauter	raw=অলআউটের:DICTIONARY:0.96	lit=লআউতের	valid=false	clean=true	freq=0	gate=null	commit=অলআউটের
loaundar	raw=অলআউন্ডার:DICTIONARY:0.96	lit=লআউন্দার	valid=false	clean=true	freq=0	gate=null	commit=অলআউন্ডার
louin	raw=অলউইন:DICTIONARY:0.96	lit=লৌইন	valid=false	clean=true	freq=0	gate=null	commit=অলউইন
loobhar	raw=অলওভার:DICTIONARY:0.96	lit=লুভার	valid=false	clean=true	freq=0	gate=null	commit=লুভা
lokokone	raw=অলককোণে:DICTIONARY:0.96	lit=লককনে	valid=false	clean=true	freq=0	gate=null	commit=অলককোণে
lokononda	raw=অলকনন্দা:DICTIONARY:0.96	lit=লকনন্দা	valid=false	clean=true	freq=0	gate=null	commit=অলকনন্দা
lokomegh	raw=অলকমেঘ:DICTIONARY:0.96	lit=লকমেঘ	valid=false	clean=true	freq=0	gate=null	commit=অলকমেঘ
lokatilok	raw=অলকাতিলক:DICTIONARY:0.96	lit=লকাতিলক	valid=false	clean=true	freq=0	gate=null	commit=অলকাতিলক
lokatiloka	raw=অলকাতিলকা:DICTIONARY:0.96	lit=লকাতিলকা	valid=false	clean=true	freq=0	gate=null	commit=অলকাতিলকা
lokanondai	raw=অলকানন্দাই:DICTIONARY:0.96	lit=লকানন্দাই	valid=false	clean=true	freq=0	gate=null	commit=অলকানন্দাই
lokanda	raw=অলকান্দা:DICTIONARY:0.96	lit=লকান্দা	valid=false	clean=true	freq=0	gate=null	commit=অলকান্দা
loktor	raw=অলক্তর:DICTIONARY:0.96	lit=লক্তর	valid=false	clean=true	freq=0	gate=null	commit=অলক্তর
loktorag	raw=অলক্তরাগ:DICTIONARY:0.96	lit=লক্তরাগ	valid=false	clean=true	freq=0	gate=null	commit=অলক্তরাগ
lokkhitobhabe	raw=অলক্ষিতভাবে:DICTIONARY:0.96	lit=লক্ষিতভাবে	valid=false	clean=true	freq=0	gate=null	commit=অলক্ষিতভাবে
lokkhete	raw=অলক্ষেতে:DICTIONARY:0.96	lit=লক্ষেতে	valid=false	clean=true	freq=0	gate=null	commit=লক্ষ্মী
lokkhmiite	raw=অলক্ষ্মীতে:DICTIONARY:0.96	lit=লক্ষ্মীতে	valid=false	clean=true	freq=0	gate=null	commit=অলক্ষ্মীতে
lokkhyete	raw=অলক্ষ্যেতে:DICTIONARY:0.96	lit=লক্ষ্যেতে	valid=false	clean=false	freq=0	gate=null	commit=অলক্ষ্যেতে
lokhojhora	raw=অলখঝোরা:DICTIONARY:0.96	lit=লখঝরা	valid=false	clean=true	freq=0	gate=null	commit=অলখঝোরা
lokhobiharii	raw=অলখবিহারী:DICTIONARY:0.96	lit=লখবিহারী	valid=false	clean=true	freq=0	gate=null	commit=অলখবিহারী
lokhosani	raw=অলখসাঁই:DICTIONARY:0.96	lit=লখসানি	valid=false	clean=true	freq=0	gate=null	commit=লোকসানি
lokhoswamii	raw=অলখস্বামী:DICTIONARY:0.96	lit=লখসওয়ামী	valid=false	clean=true	freq=0	gate=null	commit=অলখস্বামী
loguin	raw=অলগুইন:DICTIONARY:0.96	lit=লগুইন	valid=false	clean=true	freq=0	gate=null	commit=লগইন
loguiner	raw=অলগুইনের:DICTIONARY:0.96	lit=লগুইনের	valid=false	clean=true	freq=0	gate=null	commit=অলগুইনের
loguchh	raw=অলগুছ:DICTIONARY:0.96	lit=লগুছ	valid=false	clean=true	freq=0	gate=null	commit=অলগুছ
longkoroneo	raw=অলঙ্করণেও:DICTIONARY:0.96	lit=লংকরনেও	valid=false	clean=true	freq=0	gate=null	commit=অলঙ্করণেও
longkaromondit	raw=অলঙ্কারমণ্ডিত:DICTIONARY:0.96	lit=লংকারমন্দিত	valid=false	clean=true	freq=0	gate=null	commit=অলঙ্কারমণ্ডিত
longkriya	raw=অলঙ্ক্রিয়া:DICTIONARY:0.96	lit=লংক্রিয়া	valid=false	clean=false	freq=0	gate=null	commit=অলঙ্ক্রিয়া
lochyanel	raw=অলচ্যানেল:DICTIONARY:0.96	lit=লচ্যানেল	valid=false	clean=false	freq=0	gate=null	commit=অলচ্যানেল
lochh	raw=অলছ:DICTIONARY:0.96	lit=লছ	valid=false	clean=true	freq=0	gate=null	commit=অলছ
lotaronetibher	raw=অলটারনেটিভের:DICTIONARY:0.96	lit=লতারনেতিভের	valid=false	clean=true	freq=0	gate=null	commit=অলটারনেটিভের
lotarn	raw=অলটার্ন:DICTIONARY:0.96	lit=লতার্ন	valid=false	clean=false	freq=0	gate=null	commit=লতার
lotityud	raw=অলটিট্যুড:DICTIONARY:0.96	lit=লতিত্যুদ	valid=false	clean=false	freq=0	gate=null	commit=অলটিট্যুড
lotimitar	raw=অলটিমিটার:DICTIONARY:0.96	lit=লতিমিতার	valid=false	clean=true	freq=0	gate=null	commit=অলটিমিটার
loteks	raw=অলটেক্স:DICTIONARY:0.96	lit=লতেক্স	valid=false	clean=false	freq=0	gate=null	commit=অলটেক্স
lotendar	raw=অলটেন্ডার:DICTIONARY:0.96	lit=লতেন্দার	valid=false	clean=true	freq=0	gate=null	commit=অলটেন্ডার
loteyar	raw=অলটেয়ার:DICTIONARY:0.96	lit=লতেয়ার	valid=false	clean=true	freq=0	gate=null	commit=অলটেয়ার
lotyayar	raw=অলট্যায়ার:DICTIONARY:0.96	lit=লত্যায়ার	valid=false	clean=false	freq=0	gate=null	commit=অলট্যায়ার
lotred	raw=অলট্রেড:DICTIONARY:0.96	lit=লত্রেদ	valid=false	clean=false	freq=0	gate=null	commit=অলট্রেড
lodaromyan	raw=অলডারম্যান:DICTIONARY:0.96	lit=লদারম্যান	valid=false	clean=false	freq=0	gate=null	commit=অলডারম্যান
lodrich	raw=অলড্রিচ:DICTIONARY:0.96	lit=লদ্রিচ	valid=false	clean=false	freq=0	gate=null	commit=অলড্রিচ
lodrinosoh	raw=অলড্রিনসহ:DICTIONARY:0.96	lit=লদ্রিনসহ	valid=false	clean=false	freq=0	gate=null	commit=অলড্রিনসহ
lodrineroi	raw=অলড্রিনেরই:DICTIONARY:0.96	lit=লদ্রিনেরৈ	valid=false	clean=false	freq=0	gate=null	commit=অলড্রিনের
lodinii	raw=অলদিনী:DICTIONARY:0.96	lit=লদিনী	valid=false	clean=true	freq=0	gate=null	commit=অলদিনী
lonain	raw=অলনাইন:DICTIONARY:0.96	lit=লনাইন	valid=false	clean=true	freq=0	gate=null	commit=অলনাইন
londes	raw=অলন্দেস:DICTIONARY:0.96	lit=লন্দেস	valid=false	clean=true	freq=0	gate=null	commit=অলন্দেস
loppeye	raw=অলপ্পেয়ে:DICTIONARY:0.96	lit=লপ্পেয়ে	valid=false	clean=false	freq=0	gate=null	commit=অলপ্পেয়ে
lobodde	raw=অলবড্ডে:DICTIONARY:0.96	lit=লবদ্দে	valid=false	clean=false	freq=0	gate=null	commit=অলবড্ডে
lobodye	raw=অলবড্যে:DICTIONARY:0.96	lit=লবদ্যে	valid=false	clean=false	freq=0	gate=null	commit=অলবড্যে
lobikash	raw=অলবিকাশ:DICTIONARY:0.96	lit=লবিকাশ	valid=false	clean=true	freq=0	gate=null	commit=অলবিকাশ
lobiditibhi	raw=অলবিডিটিভি:DICTIONARY:0.96	lit=লবিদিতিভি	valid=false	clean=true	freq=0	gate=null	commit=অলবিডিটিভি
lobraitosoh	raw=অলব্রাইটসহ:DICTIONARY:0.96	lit=লব্রাইতসহ	valid=false	clean=false	freq=0	gate=null	commit=অলব্রাইটসহ
lobraiter	raw=অলব্রাইটের:DICTIONARY:0.96	lit=লব্রাইতের	valid=false	clean=false	freq=0	gate=null	commit=অলব্রাইটের
lomarita	raw=অলমারিটা:DICTIONARY:0.96	lit=লমারিতা	valid=false	clean=true	freq=0	gate=null	commit=অলমারিটা
lomik	raw=অলমিক:DICTIONARY:0.96	lit=লমিক	valid=false	clean=true	freq=0	gate=null	commit=অলমিক
lomiker	raw=অলমিকের:DICTIONARY:0.96	lit=লমিকের	valid=false	clean=true	freq=0	gate=null	commit=লেকের
lombush	raw=অলম্বুষ:DICTIONARY:0.96	lit=লম্বুশ	valid=false	clean=true	freq=0	gate=null	commit=অলম্বুষ
lombusha	raw=অলম্বুষা:DICTIONARY:0.96	lit=লম্বুশা	valid=false	clean=true	freq=0	gate=null	commit=অলম্বুষা
lombusher	raw=অলম্বুষের:DICTIONARY:0.96	lit=লম্বুশের	valid=false	clean=true	freq=0	gate=null	commit=অলম্বুষের
loraundaroi	raw=অলরাউন্ডারই:DICTIONARY:0.96	lit=লরাউন্দারৈ	valid=false	clean=true	freq=0	gate=null	commit=অলরাউন্ডারই
loraundaroo	raw=অলরাউন্ডারও:DICTIONARY:0.96	lit=লরাউন্দারু	valid=false	clean=true	freq=0	gate=null	commit=অলরাউন্ডারও
loraundaroke	raw=অলরাউন্ডারকে:DICTIONARY:0.96	lit=লরাউন্দারকে	valid=false	clean=true	freq=0	gate=null	commit=অলরাউন্ডারকে
loraundarokei	raw=অলরাউন্ডারকেই:DICTIONARY:0.96	lit=লরাউন্দারকেই	valid=false	clean=true	freq=0	gate=null	commit=অলরাউন্ডারকেই
loraundaroderoi	raw=অলরাউন্ডারদেরই:DICTIONARY:0.96	lit=লরাউন্দারদেরৈ	valid=false	clean=true	freq=0	gate=null	commit=অলরাউন্ডারদেরই
loraundarora	raw=অলরাউন্ডাররা:DICTIONARY:0.96	lit=লরাউন্দাররা	valid=false	clean=true	freq=0	gate=null	commit=অলরাউন্ডাররা
lored	raw=অলরেড:DICTIONARY:0.96	lit=লরেদ	valid=false	clean=true	freq=0	gate=null	commit=অলরেড
loredoder	raw=অলরেডদের:DICTIONARY:0.96	lit=লরেদদের	valid=false	clean=true	freq=0	gate=null	commit=লর্ডদের
losotom	raw=অলসতম:DICTIONARY:0.96	lit=লসতম	valid=false	clean=true	freq=0	gate=null	commit=অলসতম
losobhabei	raw=অলসভাবেই:DICTIONARY:0.96	lit=লসভাবেই	valid=false	clean=true	freq=0	gate=null	commit=অলসভাবেই
lostare	raw=অলসতারে:DICTIONARY:0.93	lit=লস্তারে	valid=false	clean=false	freq=0	gate=null	commit=অলসতারে
laikum	raw=অলাইকুম:DICTIONARY:0.96	lit=লাইকুম	valid=false	clean=true	freq=0	gate=null	commit=আলাইকুম
laikumoasosalam	raw=অলাইকুমআসসালাম:DICTIONARY:0.96	lit=লাইকুমআসসালাম	valid=false	clean=true	freq=0	gate=null	commit=অলাইকুমআসসালাম
laundar	raw=অলাউন্ডার:DICTIONARY:0.96	lit=লাউন্দার	valid=false	clean=true	freq=0	gate=null	commit=অলাউন্ডার
latoshila	raw=অলাতশিলা:DICTIONARY:0.96	lit=লাতশিলা	valid=false	clean=true	freq=0	gate=null	commit=অলাতশিলা
lahamida	raw=অলাহামিদা:DICTIONARY:0.96	lit=লাহামিদা	valid=false	clean=true	freq=0	gate=null	commit=অলাহামিদা
lendr	raw=অলেন্দ্র:DICTIONARY:0.96	lit=লেন্দ্র	valid=false	clean=true	freq=0	gate=null	commit=লেনের
lendropara	raw=অলেন্দ্রপাড়া:DICTIONARY:0.96	lit=লেন্দ্রপারা	valid=false	clean=true	freq=0	gate=null	commit=অলেন্দ্রপাড়া
lemost	raw=অলেমোস্ট:DICTIONARY:0.96	lit=লেমস্ত	valid=false	clean=false	freq=0	gate=null	commit=অলেমোস্ট
lempiyade	raw=অলেম্পিয়াডে:DICTIONARY:0.96	lit=লেম্পিয়াদে	valid=false	clean=true	freq=0	gate=null	commit=অলেম্পিয়াডে
lokochitr	raw=অলোকচিত্র:DICTIONARY:0.96	lit=লকচিত্র	valid=false	clean=false	freq=0	gate=null	commit=আলোকচিত্র
lokodrrishti	raw=অলোকদৃষ্টি:DICTIONARY:0.96	lit=লকদ্র্রিশ্তি	valid=false	clean=false	freq=0	gate=null	commit=অলোকদৃষ্টি
lokobigyane	raw=অলোকবিজ্ঞানে:DICTIONARY:0.96	lit=লকবিগ্যানে	valid=false	clean=false	freq=0	gate=null	commit=অলোকবিজ্ঞানে
lokosadharon	raw=অলোকসাধারণ:DICTIONARY:0.96	lit=লকসাধারন	valid=false	clean=true	freq=0	gate=null	commit=অলোকসাধারণ
lokosamany	raw=অলোকসামান্য:DICTIONARY:0.96	lit=লকসামান্য	valid=false	clean=false	freq=0	gate=null	commit=অলোকসামান্য
lokosamanya	raw=অলোকসামান্যা:DICTIONARY:0.96	lit=লকসামান্যা	valid=false	clean=false	freq=0	gate=null	commit=অলোকসামান্যা
lokosundor	raw=অলোকসুন্দর:DICTIONARY:0.96	lit=লকসুন্দর	valid=false	clean=true	freq=0	gate=null	commit=অলোকসুন্দর
lokosundorii	raw=অলোকসুন্দরী:DICTIONARY:0.96	lit=লকসুন্দরী	valid=false	clean=true	freq=0	gate=null	commit=অলোকসুন্দরী
lochok	raw=অলোচক:DICTIONARY:0.96	lit=লচক	valid=false	clean=true	freq=0	gate=null	commit=অলোচক
lonosor	raw=অলোনসোর:DICTIONARY:0.96	lit=লনসর	valid=false	clean=true	freq=0	gate=null	commit=অলোনসোর
loyasoh	raw=অলোয়াসহ:DICTIONARY:0.96	lit=লয়াসহ	valid=false	clean=true	freq=0	gate=null	commit=অলোয়াসহ
loukibhabe	raw=অলৌকিভাবে:DICTIONARY:0.96	lit=লৌকিভাবে	valid=false	clean=true	freq=0	gate=null	commit=অলৌকিভাবে
loulik	raw=অলৌলিক:DICTIONARY:0.96	lit=লৌলিক	valid=false	clean=true	freq=0	gate=null	commit=অলৌলিক
loulikobhabe	raw=অলৌলিকভাবে:DICTIONARY:0.96	lit=লৌলিকভাবে	valid=false	clean=true	freq=0	gate=null	commit=অলৌলিকভাবে
iuear	raw=ইইউএআর:DICTIONARY:0.96	lit=ইউএআর	valid=false	clean=true	freq=0	gate=null	commit=ইইউএআর
iuearer	raw=ইইউএআরের:DICTIONARY:0.96	lit=ইউএআরের	valid=false	clean=true	freq=0	gate=null	commit=ইইউএআরের
iubhuktobesh	raw=ইইউভুক্তবেশ:DICTIONARY:0.96	lit=ইউভুক্তবেশ	valid=false	clean=true	freq=0	gate=null	commit=ইইউভুক্তবেশ
ikkhon	raw=ঈক্ষণ:DICTIONARY:0.9400000000000001	lit=ইক্ষন	valid=false	clean=true	freq=0	gate=null	commit=ঈক্ষণ
ikkha	raw=ঈক্ষা:DICTIONARY:0.96	lit=ইক্ষা	valid=false	clean=true	freq=0	gate=null	commit=ঈক্ষা
ikkhit	raw=ঈক্ষিত:DICTIONARY:0.9400000000000001	lit=ইক্ষিত	valid=false	clean=true	freq=0	gate=null	commit=ঈক্ষিত
igolosoh	raw=ঈগলসহ:DICTIONARY:0.96	lit=ইগলসহ	valid=false	clean=true	freq=0	gate=null	commit=ঈগলসহ
igolo	raw=ঈগলো:DICTIONARY:0.96	lit=ইগল	valid=true	clean=true	freq=63	gate=null	commit=ঈগলো
idokotha	raw=ঈদকথা:DICTIONARY:0.96	lit=ইদকথা	valid=false	clean=true	freq=0	gate=null	commit=ঈদকথা
idokard	raw=ঈদকার্ড:DICTIONARY:0.96	lit=ইদকার্দ	valid=false	clean=false	freq=0	gate=null	commit=ঈদকার্ড
idokarder	raw=ঈদকার্ডের:DICTIONARY:0.96	lit=ইদকার্দের	valid=false	clean=false	freq=0	gate=null	commit=ঈদকার্ডের
idokendrik	raw=ঈদকেন্দ্রিক:DICTIONARY:0.96	lit=ইদকেন্দ্রিক	valid=false	clean=true	freq=0	gate=null	commit=ঈদকেন্দ্রিক
idogapara	raw=ঈদগাপাড়া:DICTIONARY:0.96	lit=ইদগাপারা	valid=false	clean=true	freq=0	gate=null	commit=ঈদগাপাড়া
idogahoo	raw=ঈদগাহও:DICTIONARY:0.96	lit=ইদগাহু	valid=false	clean=true	freq=0	gate=null	commit=ঈদগাহও
idogahotir	raw=ঈদগাহটির:DICTIONARY:0.96	lit=ইদগাহতির	valid=false	clean=true	freq=0	gate=null	commit=ঈদগাহটির
idogahotilar	raw=ঈদগাহটিলার:DICTIONARY:0.96	lit=ইদগাহতিলার	valid=false	clean=true	freq=0	gate=null	commit=ঈদগাহটিলার
idogahosoh	raw=ঈদগাহসহ:DICTIONARY:0.96	lit=ইদগাহসহ	valid=false	clean=true	freq=0	gate=null	commit=ঈদগাহসহ
idogahei	raw=ঈদগাহেই:DICTIONARY:0.96	lit=ইদগাহেই	valid=false	clean=true	freq=0	gate=null	commit=ঈদগাহেই
idogulo	raw=ঈদগুলো:DICTIONARY:0.96	lit=ইদগুল	valid=false	clean=true	freq=0	gate=null	commit=ঈদগুলো
idogorer	raw=ঈদগড়ের:DICTIONARY:0.96	lit=ইদগরের	valid=false	clean=true	freq=0	gate=null	commit=ঈদগড়ের
idota	raw=ঈদটা:DICTIONARY:0.96	lit=ইদতা	valid=false	clean=true	freq=0	gate=null	commit=ঈদটা
idotao	raw=ঈদটাও:DICTIONARY:0.96	lit=ইদতাও	valid=false	clean=true	freq=0	gate=null	commit=ঈদটাও
idoti	raw=ঈদটি:DICTIONARY:0.96	lit=ইদতি	valid=false	clean=true	freq=0	gate=null	commit=ঈদটি
idotri	raw=ঈদট্রি:DICTIONARY:0.96	lit=ইদত্রি	valid=false	clean=false	freq=0	gate=null	commit=ঈদট্রি
idotrir	raw=ঈদট্রির:DICTIONARY:0.96	lit=ইদত্রির	valid=false	clean=false	freq=0	gate=null	commit=ঈদট্রির
idopartite	raw=ঈদপার্টিতে:DICTIONARY:0.96	lit=ইদপার্তিতে	valid=false	clean=false	freq=0	gate=null	commit=ঈদপার্টিতে
idoprostuti	raw=ঈদপ্রস্তুতি:DICTIONARY:0.96	lit=ইদপ্রস্তুতি	valid=false	clean=false	freq=0	gate=null	commit=ঈদপ্রস্তুতি
idophyashon	raw=ঈদফ্যাশন:DICTIONARY:0.96	lit=ইদফ্যাশন	valid=false	clean=true	freq=0	gate=null	commit=ঈদফ্যাশন
idobajar	raw=ঈদবাজার:DICTIONARY:0.96	lit=ইদবাজার	valid=false	clean=true	freq=0	gate=null	commit=ঈদবাজার
idobajare	raw=ঈদবাজারে:DICTIONARY:0.96	lit=ইদবাজারে	valid=false	clean=true	freq=0	gate=null	commit=ঈদবাজারে
idobajarer	raw=ঈদবাজারের:DICTIONARY:0.96	lit=ইদবাজারের	valid=false	clean=true	freq=0	gate=null	commit=ঈদবাজারের
idomela	raw=ঈদমেলা:DICTIONARY:0.96	lit=ইদমেলা	valid=false	clean=true	freq=0	gate=null	commit=ঈদমেলা
idomelar	raw=ঈদমেলার:DICTIONARY:0.96	lit=ইদমেলার	valid=false	clean=true	freq=0	gate=null	commit=ঈদমেলার
idomelay	raw=ঈদমেলায়:DICTIONARY:0.96	lit=ইদমেলায়	valid=false	clean=true	freq=0	gate=null	commit=ঈদমেলায়
idozatra	raw=ঈদযাত্রা:DICTIONARY:0.96	lit=ইদজাত্রা	valid=false	clean=false	freq=0	gate=null	commit=ঈদযাত্রা
idolopashakantopur	raw=ঈদলপাশাকান্তপুর:DICTIONARY:0.96	lit=ইদলপাশাকান্তপুর	valid=false	clean=true	freq=0	gate=null	commit=ঈদলপাশাকান্তপুর
idolopur	raw=ঈদলপুর:DICTIONARY:0.96	lit=ইদলপুর	valid=false	clean=true	freq=0	gate=null	commit=ঈদলপুর
idosongkhyao	raw=ঈদসংখ্যাও:DICTIONARY:0.96	lit=ইদসংখ্যাও	valid=false	clean=true	freq=0	gate=null	commit=ঈদসংখ্যাও
idosongkhyata	raw=ঈদসংখ্যাটা:DICTIONARY:0.96	lit=ইদসংখ্যাতা	valid=false	clean=true	freq=0	gate=null	commit=ঈদসংখ্যাটা
idosongkhyatei	raw=ঈদসংখ্যাতেই:DICTIONARY:0.96	lit=ইদসংখ্যাতেই	valid=false	clean=true	freq=0	gate=null	commit=ঈদসংখ্যাতেই
idosongkhyar	raw=ঈদসংখ্যার:DICTIONARY:0.96	lit=ইদসংখ্যার	valid=false	clean=true	freq=0	gate=null	commit=ঈদসংখ্যার
idosongkhyay	raw=ঈদসংখ্যায়:DICTIONARY:0.96	lit=ইদসংখ্যায়	valid=false	clean=true	freq=0	gate=null	commit=ঈদসংখ্যায়
idosongkhyayoi	raw=ঈদসংখ্যায়ই:DICTIONARY:0.96	lit=ইদসংখ্যায়ৈ	valid=false	clean=true	freq=0	gate=null	commit=ঈদসংখ্যায়ই
idosondhya	raw=ঈদসন্ধ্যা:DICTIONARY:0.96	lit=ইদসন্ধ্যা	valid=false	clean=false	freq=0	gate=null	commit=ঈদসন্ধ্যা
idosoh	raw=ঈদসহ:DICTIONARY:0.96	lit=ইদসহ	valid=false	clean=true	freq=0	gate=null	commit=ঈদসহ
idoseba	raw=ঈদসেবা:DICTIONARY:0.96	lit=ইদসেবা	valid=false	clean=true	freq=0	gate=null	commit=ঈদসেবা
idosebay	raw=ঈদসেবায়:DICTIONARY:0.96	lit=ইদসেবায়	valid=false	clean=true	freq=0	gate=null	commit=ঈদসেবায়
idujjaman	raw=ঈদুজ্জামান:DICTIONARY:0.96	lit=ইদুজ্জামান	valid=false	clean=false	freq=0	gate=null	commit=ঈদুজ্জামান
idrrik	raw=ঈদৃক:DICTIONARY:0.9500000000000001	lit=ইদ্র্রিক	valid=false	clean=false	freq=0	gate=null	commit=ঈদৃক
indropule	raw=ঈন্দ্রপুলে:DICTIONARY:0.96	lit=ইন্দ্রপুলে	valid=false	clean=true	freq=0	gate=null	commit=ঈন্দ্রপুলে
imanoi	raw=ঈমানই:DICTIONARY:0.96	lit=ইমানৈ	valid=false	clean=true	freq=0	gate=null	commit=ঈমানই
imanodaroke	raw=ঈমানদারকে:DICTIONARY:0.96	lit=ইমানদারকে	valid=false	clean=true	freq=0	gate=null	commit=ঈমানদারকে
imanodarir	raw=ঈমানদারির:DICTIONARY:0.96	lit=ইমানদারির	valid=false	clean=true	freq=0	gate=null	commit=ঈমানদারির
imanoshuuny	raw=ঈমানশূন্য:DICTIONARY:0.96	lit=ইমানশূন্য	valid=false	clean=false	freq=0	gate=null	commit=ঈমানশূন্য
imanan	raw=ঈমানান:DICTIONARY:0.96	lit=ইমানান	valid=false	clean=true	freq=0	gate=null	commit=ঈমানান
imanin	raw=ঈমানিন:DICTIONARY:0.96	lit=ইমানিন	valid=false	clean=true	freq=0	gate=null	commit=ইমানি
imaneroi	raw=ঈমানেরই:DICTIONARY:0.96	lit=ইমানেরৈ	valid=false	clean=true	freq=0	gate=null	commit=ঈমানেরই
irshwanbit	raw=ঈর্শ্বান্বিত:DICTIONARY:0.96	lit=ইর্শওয়ান্বিত	valid=false	clean=false	freq=0	gate=null	commit=ঈর্ষান্বিত
irshwannit	raw=ঈর্শ্বান্বিত:DICTIONARY:0.96	lit=ইর্শওয়ান্নিত	valid=false	clean=false	freq=0	gate=null	commit=ঈর্ষান্বিত
irshai	raw=ঈর্ষাই:DICTIONARY:0.96	lit=ইর্শাই	valid=false	clean=false	freq=0	gate=null	commit=ঈর্ষাই
irshao	raw=ঈর্ষাও:DICTIONARY:0.96	lit=ইর্শাও	valid=false	clean=false	freq=0	gate=null	commit=ঈর্ষাও
irshajonit	raw=ঈর্ষাজনিত:DICTIONARY:0.96	lit=ইর্শাজনিত	valid=false	clean=false	freq=0	gate=null	commit=ঈর্ষাজনিত
irshatur	raw=ঈর্ষাতুর:DICTIONARY:0.925	lit=ইর্শাতুর	valid=false	clean=false	freq=0	gate=null	commit=ঈর্ষাতুর
irshanol	raw=ঈর্ষানল:DICTIONARY:0.9400000000000001	lit=ইর্শানল	valid=false	clean=false	freq=0	gate=null	commit=ঈর্ষানল
irshanbitoo	raw=ঈর্ষান্বিতও:DICTIONARY:0.96	lit=ইর্শান্বিতু	valid=false	clean=false	freq=0	gate=null	commit=ঈর্ষান্বিতও
irshannitoo	raw=ঈর্ষান্বিতও:DICTIONARY:0.96	lit=ইর্শান্নিতু	valid=false	clean=false	freq=0	gate=null	commit=ঈর্ষান্বিত
irshanbita	raw=ঈর্ষান্বিতা:DICTIONARY:0.925	lit=ইর্শান্বিতা	valid=false	clean=false	freq=0	gate=null	commit=ঈর্ষান্বিতা
irshannita	raw=ঈর্ষান্বিতা:DICTIONARY:0.96	lit=ইর্শান্নিতা	valid=false	clean=false	freq=0	gate=null	commit=ঈর্ষান্বিতা
irshaporayona	raw=ঈর্ষাপরায়ণা:DICTIONARY:0.925	lit=ইর্শাপরায়না	valid=false	clean=false	freq=0	gate=null	commit=ঈর্ষাপরায়ণা
irshaporayonota	raw=ঈর্ষাপরায়ণতা:DICTIONARY:0.96	lit=ইর্শাপরায়নতা	valid=false	clean=false	freq=0	gate=null	commit=ঈর্ষাপরায়ণতা
irshabhore	raw=ঈর্ষাভরে:DICTIONARY:0.96	lit=ইর্শাভরে	valid=false	clean=false	freq=0	gate=null	commit=ঈর্ষাভরে
irshamuulok	raw=ঈর্ষামূলক:DICTIONARY:0.925	lit=ইর্শামূলক	valid=false	clean=false	freq=0	gate=null	commit=ঈর্ষামূলক
irshambit	raw=ঈর্ষাম্বিত:DICTIONARY:0.925	lit=ইর্শাম্বিত	valid=false	clean=false	freq=0	gate=null	commit=ঈর্ষাম্বিত
irshalu	raw=ঈর্ষালু:DICTIONARY:0.9400000000000001	lit=ইর্শালু	valid=false	clean=false	freq=0	gate=null	commit=ঈর্ষালু
irshe	raw=ঈর্ষে:DICTIONARY:0.96	lit=ইর্শে	valid=false	clean=false	freq=0	gate=null	commit=ঈর্ষে
irshya	raw=ঈর্ষ্যা:DICTIONARY:0.9400000000000001	lit=ইর্শ্যা	valid=false	clean=false	freq=0	gate=null	commit=ঈর্ষ্যা
irshyatur	raw=ঈর্ষ্যাতুর:DICTIONARY:0.925	lit=ইর্শ্যাতুর	valid=false	clean=false	freq=0	gate=null	commit=ঈর্ষ্যাতুর
ishochintao	raw=ঈশচিন্তাও:DICTIONARY:0.96	lit=ইশচিন্তাও	valid=false	clean=true	freq=0	gate=null	commit=ঈশচিন্তাও
ishopoke	raw=ঈশপকে:DICTIONARY:0.96	lit=ইশপকে	valid=false	clean=true	freq=0	gate=null	commit=ঈশপকে
ishopranota	raw=ঈশপ্রাণতা:DICTIONARY:0.925	lit=ইশপ্রানতা	valid=false	clean=false	freq=0	gate=null	commit=ঈশপ্রাণতা
ishanochondronogor	raw=ঈশানচন্দ্রনগর:DICTIONARY:0.96	lit=ইশানচন্দ্রনগর	valid=false	clean=true	freq=0	gate=null	commit=ঈশানচন্দ্রনগর
ishanobariya	raw=ঈশানবাড়িয়া:DICTIONARY:0.96	lit=ইশানবারিয়া	valid=false	clean=true	freq=0	gate=null	commit=নিশানবাড়িয়া
ishamonir	raw=ঈশামণির:DICTIONARY:0.96	lit=ইশামনির	valid=false	clean=true	freq=0	gate=null	commit=ঈশামণির
ishitader	raw=ঈশিতাদের:DICTIONARY:0.93	lit=ইশিতাদের	valid=false	clean=true	freq=0	gate=null	commit=ঈশিতাদের
ishitara	raw=ঈশিতারা:DICTIONARY:0.93	lit=ইশিতারা	valid=false	clean=true	freq=0	gate=null	commit=ঈশিতারা
ishitb	raw=ঈশিত্ব:DICTIONARY:0.9400000000000001	lit=ইশিত্ব	valid=false	clean=true	freq=0	gate=null	commit=ঈশিত্ব
ishitt	raw=ঈশিত্ব:DICTIONARY:0.96	lit=ইশিত্ত	valid=false	clean=false	freq=0	gate=null	commit=ঈশিত্ব
ishitto	raw=ঈশিত্ব:DICTIONARY:0.96	lit=ইশিত্ত	valid=false	clean=false	freq=0	gate=null	commit=ঈশিত্ব
ishworochond	raw=ঈশ্বরচন্দ:DICTIONARY:0.96	lit=ইশওয়রচন্দ	valid=false	clean=true	freq=0	gate=null	commit=ঈশ্বরচন্দ
ishworochondroke	raw=ঈশ্বরচন্দ্রকে:DICTIONARY:0.96	lit=ইশওয়রচন্দ্রকে	valid=false	clean=true	freq=0	gate=null	commit=ঈশ্বরচন্দ্রকে
ishworochetona	raw=ঈশ্বরচেতনা:DICTIONARY:0.96	lit=ইশওয়রচেতনা	valid=false	clean=true	freq=0	gate=null	commit=ঈশ্বরচেতনা
ishworodiyar	raw=ঈশ্বরদিয়ার:DICTIONARY:0.96	lit=ইশওয়রদিয়ার	valid=false	clean=true	freq=0	gate=null	commit=ঈশ্বরদিয়ার
ishworonibedit	raw=ঈশ্বরনিবেদিত:DICTIONARY:0.96	lit=ইশওয়রনিবেদিত	valid=false	clean=true	freq=0	gate=null	commit=ঈশ্বরনিবেদিত
ishworonishth	raw=ঈশ্বরনিষ্ঠ:DICTIONARY:0.925	lit=ইশওয়রনিশ্থ	valid=false	clean=false	freq=0	gate=null	commit=ঈশ্বরনিষ্ঠ
ishworonishtha	raw=ঈশ্বরনিষ্ঠা:DICTIONARY:0.925	lit=ইশওয়রনিশ্থা	valid=false	clean=false	freq=0	gate=null	commit=ঈশ্বরনিষ্ঠা
ishworoporayon	raw=ঈশ্বরপরায়ণ:DICTIONARY:0.925	lit=ইশওয়রপরায়ন	valid=false	clean=true	freq=0	gate=null	commit=ঈশ্বরপরায়ণ
ishworoporayonota	raw=ঈশ্বরপরায়ণতা:DICTIONARY:0.925	lit=ইশওয়রপরায়নতা	valid=false	clean=true	freq=0	gate=null	commit=ঈশ্বরপরায়ণতা
ishworopathoshalalagoya	raw=ঈশ্বরপাঠশালালাগোয়া:DICTIONARY:0.96	lit=ইশওয়রপাথশালালাগয়া	valid=false	clean=true	freq=0	gate=null	commit=ঈশ্বরপাঠশালালাগোয়া
ishworoprapti	raw=ঈশ্বরপ্রাপ্তি:DICTIONARY:0.925	lit=ইশওয়রপ্রাপ্তি	valid=false	clean=false	freq=0	gate=null	commit=ঈশ্বরপ্রাপ্তি
ishworoprerit	raw=ঈশ্বরপ্রেরিত:DICTIONARY:0.96	lit=ইশওয়রপ্রেরিত	valid=false	clean=false	freq=0	gate=null	commit=ঈশ্বরপ্রেরিত
ishworobar	raw=ঈশ্বরবার:DICTIONARY:0.96	lit=ইশওয়রবার	valid=false	clean=true	freq=0	gate=null	commit=ঈশ্বরবার
ishworobot	raw=ঈশ্বরবৎ:DICTIONARY:0.96	lit=ইশওয়রবত	valid=false	clean=true	freq=0	gate=null	commit=ঈশ্বরবৎ
ishworobhokt	raw=ঈশ্বরভক্ত:DICTIONARY:0.96	lit=ইশওয়রভক্ত	valid=false	clean=true	freq=0	gate=null	commit=ঈশ্বরভক্ত
ishworosom	raw=ঈশ্বরসম:DICTIONARY:0.96	lit=ইশওয়রসম	valid=false	clean=true	freq=0	gate=null	commit=ঈশ্বরসম
ishworosadhonay	raw=ঈশ্বরসাধনায়:DICTIONARY:0.96	lit=ইশওয়রসাধনায়	valid=false	clean=true	freq=0	gate=null	commit=ঈশ্বরসাধনায়
ishworanond	raw=ঈশ্বরানন্দ:DICTIONARY:0.96	lit=ইশওয়রানন্দ	valid=false	clean=true	freq=0	gate=null	commit=ঈশ্বরানন্দ
ishodochch	raw=ঈষদচ্ছ:DICTIONARY:0.9400000000000001	lit=ইশদচ্চ	valid=false	clean=false	freq=0	gate=null	commit=ঈষদচ্ছ
ishoducc	raw=ঈষদুচ্চ:DICTIONARY:0.9400000000000001	lit=ইশদুচ্চ	valid=false	clean=false	freq=0	gate=null	commit=ঈষদুচ্চ
ishodutthit	raw=ঈষদুত্থিত:DICTIONARY:0.925	lit=ইশদুত্থিত	valid=false	clean=true	freq=0	gate=null	commit=ঈষদুত্থিত
ishodumbhinn	raw=ঈষদুম্ভিন্ন:DICTIONARY:0.925	lit=ইশদুম্ভিন্ন	valid=false	clean=false	freq=0	gate=null	commit=ঈষদুম্ভিন্ন
ishoduun	raw=ঈষদূণ:DICTIONARY:0.9400000000000001	lit=ইশদূন	valid=false	clean=true	freq=0	gate=null	commit=ঈষদূণ
ishoroposh	raw=ঈষরপশ:DICTIONARY:0.96	lit=ইশরপশ	valid=false	clean=true	freq=0	gate=null	commit=ঈষরপশ
ishanbit	raw=ঈষান্বিত:DICTIONARY:0.96	lit=ইশান্বিত	valid=false	clean=false	freq=0	gate=null	commit=ঈর্ষান্বিত
ishannit	raw=ঈষান্বিত:DICTIONARY:0.96	lit=ইশান্নিত	valid=false	clean=false	freq=0	gate=null	commit=ঈর্ষান্বিত
ishanbitobhabe	raw=ঈষান্বিতভাবে:DICTIONARY:0.96	lit=ইশান্বিতভাবে	valid=false	clean=false	freq=0	gate=null	commit=ঈষান্বিতভাবে
ishannitobhabe	raw=ঈষান্বিতভাবে:DICTIONARY:0.96	lit=ইশান্নিতভাবে	valid=false	clean=false	freq=0	gate=null	commit=ঈষান্বিতভাবে
ishikaithar	raw=ঈষিকাইথার:DICTIONARY:0.925	lit=ইশিকাইথার	valid=false	clean=true	freq=0	gate=null	commit=ঈষিকাইথার
isaiyeah	raw=ঈসাইয়েআহ:DICTIONARY:0.96	lit=ইসাইয়েআহ	valid=false	clean=true	freq=0	gate=null	commit=ঈসাইয়েআহ
ispit	raw=ঈস্পিত:DICTIONARY:0.9400000000000001	lit=ইস্পিত	valid=false	clean=false	freq=0	gate=null	commit=ঈস্পিত
irottbopo	raw=ঈড়ত্ত্বপঃ:DICTIONARY:0.96	lit=ইরত্ত্বপ	valid=false	clean=false	freq=0	gate=null	commit=ঈড়ত্ত্বপঃ
irottopo	raw=ঈড়ত্ত্বপঃ:DICTIONARY:0.96	lit=ইরত্তপ	valid=false	clean=false	freq=0	gate=null	commit=ঈড়ত্ত্বপঃ
utsobe	raw=ঊত্সবে:DICTIONARY:0.96	lit=উত্সবে	valid=false	clean=false	freq=0	gate=null	commit=উৎসবে
udhorb	raw=ঊধর্ব:DICTIONARY:0.96	lit=উধর্ব	valid=false	clean=false	freq=0	gate=null	commit=ঊধর্ব
udhorboton	raw=ঊধর্বতন:DICTIONARY:0.96	lit=উধর্বতন	valid=false	clean=false	freq=0	gate=null	commit=ঊধর্বতন
udhbocharii	raw=ঊধ্বচারী:DICTIONARY:0.96	lit=উধ্বচারী	valid=false	clean=false	freq=0	gate=null	commit=ঊধ্বচারী
udhbomukh	raw=ঊধ্বমুখ:DICTIONARY:0.96	lit=উধ্বমুখ	valid=false	clean=false	freq=0	gate=null	commit=ঊধ্বমুখ
udhbomukhii	raw=ঊধ্বমুখী:DICTIONARY:0.96	lit=উধ্বমুখী	valid=false	clean=false	freq=0	gate=null	commit=উর্ধ্বমুখী
unoashite	raw=ঊনআশিতে:DICTIONARY:0.96	lit=উনআশিতে	valid=false	clean=true	freq=0	gate=null	commit=ঊনআশিতে
unoashii	raw=ঊনআশী:DICTIONARY:0.96	lit=উনআশী	valid=false	clean=true	freq=0	gate=null	commit=ঊনআশী
unochollishoti	raw=ঊনচল্লিশটি:DICTIONARY:0.96	lit=উনচল্লিশতি	valid=false	clean=false	freq=0	gate=null	commit=ঊনচল্লিশটি
unotringsh	raw=ঊনত্রিংশ:DICTIONARY:0.96	lit=উনত্রিংশ	valid=false	clean=false	freq=0	gate=null	commit=ঊনত্রিংশ
unotrishei	raw=ঊনত্রিশেই:DICTIONARY:0.96	lit=উনত্রিশেই	valid=false	clean=false	freq=0	gate=null	commit=ঊনত্রিশেই
unodeh	raw=ঊনদেহ:DICTIONARY:0.96	lit=উনদেহ	valid=false	clean=true	freq=0	gate=null	commit=ঊনদেহ
unoponcashe	raw=ঊনপঞ্চাশে:DICTIONARY:0.96	lit=উনপঞ্ছাশে	valid=false	clean=false	freq=0	gate=null	commit=ঊনপঞ্চাশে
unoporomanu	raw=ঊনপরমাণু:DICTIONARY:0.96	lit=উনপরমানু	valid=false	clean=true	freq=0	gate=null	commit=ঊনপরমাণু
unobingshotom	raw=ঊনবিংশতম:DICTIONARY:0.96	lit=উনবিংশতম	valid=false	clean=true	freq=0	gate=null	commit=ঊনবিংশতম
unobingshoti	raw=ঊনবিংশতি:DICTIONARY:0.96	lit=উনবিংশতি	valid=false	clean=true	freq=0	gate=null	commit=ঊনবিংশতি
unobingshotitom	raw=ঊনবিংশতিতম:DICTIONARY:0.96	lit=উনবিংশতিতম	valid=false	clean=true	freq=0	gate=null	commit=ঊনবিংশতিতম
unobingshotitomii	raw=ঊনবিংশতিতমী:DICTIONARY:0.96	lit=উনবিংশতিতমী	valid=false	clean=true	freq=0	gate=null	commit=ঊনবিংশতিতমী
unobingshii	raw=ঊনবিংশী:DICTIONARY:0.96	lit=উনবিংশী	valid=false	clean=true	freq=0	gate=null	commit=ঊনবিংশী
unobish	raw=ঊনবিশ:DICTIONARY:0.96	lit=উনবিশ	valid=false	clean=true	freq=0	gate=null	commit=ঊনবিশ
unoshesh	raw=ঊনশেষ:DICTIONARY:0.96	lit=উনশেশ	valid=false	clean=true	freq=0	gate=null	commit=ঊনশেষ
unosottorei	raw=ঊনসত্তরেই:DICTIONARY:0.96	lit=উনসত্তরেই	valid=false	clean=false	freq=0	gate=null	commit=ঊনসত্তরের
unoswasthy	raw=ঊনস্বাস্থ্য:DICTIONARY:0.96	lit=উনসওয়াস্থ্য	valid=false	clean=false	freq=0	gate=null	commit=উপস্বাস্থ্য
unohar	raw=ঊনহার:DICTIONARY:0.96	lit=উনহার	valid=false	clean=true	freq=0	gate=null	commit=ঊনহার
unainopura	raw=ঊনাইনপুরা:DICTIONARY:0.96	lit=উনাইনপুরা	valid=false	clean=true	freq=0	gate=null	commit=ঊনাইনপুরা
unayonopura	raw=ঊনায়নপুরা:DICTIONARY:0.96	lit=উনায়নপুরা	valid=false	clean=true	freq=0	gate=null	commit=ঊনায়নপুরা
unishosho	raw=ঊনিশশো:DICTIONARY:0.96	lit=উনিশশ	valid=false	clean=true	freq=0	gate=null	commit=ঊনিশশো
uromnograh	raw=ঊরম্নগ্রাহ:DICTIONARY:0.96	lit=উরম্নগ্রাহ	valid=false	clean=false	freq=0	gate=null	commit=ঊরম্নগ্রাহ
urudesh	raw=ঊরুদেশ:DICTIONARY:0.96	lit=উরুদেশ	valid=false	clean=true	freq=0	gate=null	commit=ঊরুদেশ
urudesher	raw=ঊরুদেশের:DICTIONARY:0.96	lit=উরুদেশের	valid=false	clean=true	freq=0	gate=null	commit=ঊরুদেশের
urupeshir	raw=ঊরুপেশির:DICTIONARY:0.96	lit=উরুপেশির	valid=false	clean=true	freq=0	gate=null	commit=ঊরুপেশির
urubhongo	raw=ঊরুভঙ্গ:DICTIONARY:0.96	lit=উরুভঙ	valid=false	clean=true	freq=0	gate=null	commit=ঊরুভঙ্গ
urubhongoom	raw=ঊরুভঙ্গম:DICTIONARY:0.96	lit=উরুভঙুম	valid=false	clean=true	freq=0	gate=null	commit=ঊরুভঙ্গম
uruzugole	raw=ঊরুযুগলে:DICTIONARY:0.96	lit=উরুজুগলে	valid=false	clean=true	freq=0	gate=null	commit=ঊরুযুগলে
urustombh	raw=ঊরুস্তম্ভ:DICTIONARY:0.96	lit=উরুস্তম্ভ	valid=false	clean=false	freq=0	gate=null	commit=ঊরুস্তম্ভ
urjoswol	raw=ঊর্জস্বল:DICTIONARY:0.96	lit=উর্জসওয়ল	valid=false	clean=false	freq=0	gate=null	commit=ঊর্জস্বল
urjoswii	raw=ঊর্জস্বী:DICTIONARY:0.96	lit=উর্জসওয়ী	valid=false	clean=false	freq=0	gate=null	commit=ঊর্জস্বী
urnajal	raw=ঊর্ণাজাল:DICTIONARY:0.96	lit=উর্নাজাল	valid=false	clean=false	freq=0	gate=null	commit=ঊর্ণাজাল
urnabhiuthol	raw=ঊর্ণাভিউথল:DICTIONARY:0.96	lit=উর্নাভিউথল	valid=false	clean=false	freq=0	gate=null	commit=ঊর্ণাভিউথল
urdhbokonth	raw=ঊর্ধ্বকণ্ঠ:DICTIONARY:0.96	lit=উর্ধ্বকন্থ	valid=false	clean=false	freq=0	gate=null	commit=ঊর্ধ্বকণ্ঠ
urdhokonth	raw=ঊর্ধ্বকণ্ঠ:DICTIONARY:0.96	lit=উর্ধকন্থ	valid=false	clean=false	freq=0	gate=null	commit=ঊর্ধ্বকণ্ঠ
urdhbokal	raw=ঊর্ধ্বকাল:DICTIONARY:0.96	lit=উর্ধ্বকাল	valid=false	clean=false	freq=0	gate=null	commit=ঊর্ধ্বকাল
urdhokal	raw=ঊর্ধ্বকাল:DICTIONARY:0.96	lit=উর্ধকাল	valid=false	clean=false	freq=0	gate=null	commit=ঊর্ধ্বকাল
urdhbokale	raw=ঊর্ধ্বকালে:DICTIONARY:0.96	lit=উর্ধ্বকালে	valid=false	clean=false	freq=0	gate=null	commit=ঊর্ধ্বকালে
urdhokale	raw=ঊর্ধ্বকালে:DICTIONARY:0.96	lit=উর্ধকালে	valid=false	clean=false	freq=0	gate=null	commit=ঊর্ধ্বকালে
urdhbog	raw=ঊর্ধ্বগ:DICTIONARY:0.96	lit=উর্ধ্বগ	valid=false	clean=false	freq=0	gate=null	commit=ঊর্ধ্বগ
urdhog	raw=ঊর্ধ্বগ:DICTIONARY:0.96	lit=উর্ধগ	valid=false	clean=false	freq=0	gate=null	commit=ঊর্ধ্বগ
urdhbogogon	raw=ঊর্ধ্বগগন:DICTIONARY:0.96	lit=উর্ধ্বগগন	valid=false	clean=false	freq=0	gate=null	commit=ঊর্ধ্বগগন
urdhogogon	raw=ঊর্ধ্বগগন:DICTIONARY:0.96	lit=উর্ধগগন	valid=false	clean=false	freq=0	gate=null	commit=ঊর্ধ্বগগন
urdhbogogone	raw=ঊর্ধ্বগগনে:DICTIONARY:0.96	lit=উর্ধ্বগগনে	valid=false	clean=false	freq=0	gate=null	commit=ঊর্ধ্বগগনে
urdhogogone	raw=ঊর্ধ্বগগনে:DICTIONARY:0.96	lit=উর্ধগগনে	valid=false	clean=false	freq=0	gate=null	commit=ঊর্ধ্বগগনে
urdhbogotio	raw=ঊর্ধ্বগতিও:DICTIONARY:0.96	lit=উর্ধ্বগতিও	valid=false	clean=false	freq=0	gate=null	commit=ঊর্ধ্বগতিও
urdhogotio	raw=ঊর্ধ্বগতিও:DICTIONARY:0.96	lit=উর্ধগতিও	valid=false	clean=false	freq=0	gate=null	commit=ঊর্ধ্বগতি
urdhbogotishiil	raw=ঊর্ধ্বগতিশীল:DICTIONARY:0.96	lit=উর্ধ্বগতিশীল	valid=false	clean=false	freq=0	gate=null	commit=ঊর্ধ্বগতিশীল
urdhogotishiil	raw=ঊর্ধ্বগতিশীল:DICTIONARY:0.96	lit=উর্ধগতিশীল	valid=false	clean=false	freq=0	gate=null	commit=ঊর্ধ্বগতিশীল
urdhbogotisoh	raw=ঊর্ধ্বগতিসহ:DICTIONARY:0.96	lit=উর্ধ্বগতিসহ	valid=false	clean=false	freq=0	gate=null	commit=ঊর্ধ্বগতিসহ
urdhogotisoh	raw=ঊর্ধ্বগতিসহ:DICTIONARY:0.96	lit=উর্ধগতিসহ	valid=false	clean=false	freq=0	gate=null	commit=ঊর্ধ্বগতিসহ
urdhbogamita	raw=ঊর্ধ্বগামিতা:DICTIONARY:0.96	lit=উর্ধ্বগামিতা	valid=false	clean=false	freq=0	gate=null	commit=ঊর্ধ্বগামিতা
urdhogamita	raw=ঊর্ধ্বগামিতা:DICTIONARY:0.96	lit=উর্ধগামিতা	valid=false	clean=false	freq=0	gate=null	commit=ঊর্ধ্বগামিতা
urdhbogamiii	raw=ঊর্ধ্বগামীই:DICTIONARY:0.96	lit=উর্ধ্বগামীই	valid=false	clean=false	freq=0	gate=null	commit=ঊর্ধ্বগামীই
urdhogamiii	raw=ঊর্ধ্বগামীই:DICTIONARY:0.96	lit=উর্ধগামীই	valid=false	clean=false	freq=0	gate=null	commit=ঊর্ধ্বগামী
urdhbogriib	raw=ঊর্ধ্বগ্রীব:DICTIONARY:0.96	lit=উর্ধ্বগ্রীব	valid=false	clean=false	freq=0	gate=null	commit=ঊর্ধ্বগ্রীব
urdhogriib	raw=ঊর্ধ্বগ্রীব:DICTIONARY:0.96	lit=উর্ধগ্রীব	valid=false	clean=false	freq=0	gate=null	commit=ঊর্ধ্বগ্রীব
urdhbocharii	raw=ঊর্ধ্বচারী:DICTIONARY:0.96	lit=উর্ধ্বচারী	valid=false	clean=false	freq=0	gate=null	commit=ঊর্ধ্বচারী
urdhocharii	raw=ঊর্ধ্বচারী:DICTIONARY:0.96	lit=উর্ধচারী	valid=false	clean=false	freq=0	gate=null	commit=ঊর্ধ্বচারী
urdhbojogote	raw=ঊর্ধ্বজগতে:DICTIONARY:0.96	lit=উর্ধ্বজগতে	valid=false	clean=false	freq=0	gate=null	commit=ঊর্ধ্বজগতে
urdhojogote	raw=ঊর্ধ্বজগতে:DICTIONARY:0.96	lit=উর্ধজগতে	valid=false	clean=false	freq=0	gate=null	commit=ঊর্ধ্বজগতে
urdhbojogoter	raw=ঊর্ধ্বজগতের:DICTIONARY:0.96	lit=উর্ধ্বজগতের	valid=false	clean=false	freq=0	gate=null	commit=ঊর্ধ্বজগতের
urdhojogoter	raw=ঊর্ধ্বজগতের:DICTIONARY:0.96	lit=উর্ধজগতের	valid=false	clean=false	freq=0	gate=null	commit=ঊর্ধ্বজগতের
urdhbotonomohole	raw=ঊর্ধ্বতনমহলে:DICTIONARY:0.96	lit=উর্ধ্বতনমহলে	valid=false	clean=false	freq=0	gate=null	commit=ঊর্ধ্বতনমহলে
urdhotonomohole	raw=ঊর্ধ্বতনমহলে:DICTIONARY:0.96	lit=উর্ধতনমহলে	valid=false	clean=false	freq=0	gate=null	commit=ঊর্ধ্বতনমহলে
urdhbotone	raw=ঊর্ধ্বতনে:DICTIONARY:0.96	lit=উর্ধ্বতনে	valid=false	clean=false	freq=0	gate=null	commit=ঊর্ধ্বতনে
urdhotone	raw=ঊর্ধ্বতনে:DICTIONARY:0.96	lit=উর্ধতনে	valid=false	clean=false	freq=0	gate=null	commit=ঊর্ধ্বতনে
urdhbotoner	raw=ঊর্ধ্বতনের:DICTIONARY:0.96	lit=উর্ধ্বতনের	valid=false	clean=false	freq=0	gate=null	commit=ঊর্ধ্বতনের
urdhotoner	raw=ঊর্ধ্বতনের:DICTIONARY:0.96	lit=উর্ধতনের	valid=false	clean=false	freq=0	gate=null	commit=ঊর্ধ্বতনের
urdhbotom	raw=ঊর্ধ্বতম:DICTIONARY:0.96	lit=উর্ধ্বতম	valid=false	clean=false	freq=0	gate=null	commit=উর্ধ্বতন
urdhotom	raw=ঊর্ধ্বতম:DICTIONARY:0.96	lit=উর্ধতম	valid=false	clean=false	freq=0	gate=null	commit=উর্ধ্বতন
urdhbotol	raw=ঊর্ধ্বতল:DICTIONARY:0.96	lit=উর্ধ্বতল	valid=false	clean=false	freq=0	gate=null	commit=ঊর্ধ্বতল
urdhotol	raw=ঊর্ধ্বতল:DICTIONARY:0.96	lit=উর্ধতল	valid=false	clean=false	freq=0	gate=null	commit=ঊর্ধ্বতল
urdhbodrrishti	raw=ঊর্ধ্বদৃষ্টি:DICTIONARY:0.96	lit=উর্ধ্বদ্র্রিশ্তি	valid=false	clean=false	freq=0	gate=null	commit=ঊর্ধ্বদৃষ্টি
urdhodrrishti	raw=ঊর্ধ্বদৃষ্টি:DICTIONARY:0.96	lit=উর্ধদ্র্রিশ্তি	valid=false	clean=false	freq=0	gate=null	commit=ঊর্ধ্বদৃষ্টি
urdhodrishti	raw=ঊর্ধ্বদৃষ্টি:DICTIONARY:0.96	lit=উর্ধদ্রিশ্তি	valid=false	clean=false	freq=0	gate=null	commit=ঊর্ধ্বদৃষ্টি
urdhbodeh	raw=ঊর্ধ্বদেহ:DICTIONARY:0.96	lit=উর্ধ্বদেহ	valid=false	clean=false	freq=0	gate=null	commit=ঊর্ধ্বদেহ
urdhodeh	raw=ঊর্ধ্বদেহ:DICTIONARY:0.96	lit=উর্ধদেহ	valid=false	clean=false	freq=0	gate=null	commit=ঊর্ধ্বদেহ
urdhbonoyon	raw=ঊর্ধ্বনয়ন:DICTIONARY:0.96	lit=উর্ধ্বনয়ন	valid=false	clean=false	freq=0	gate=null	commit=ঊর্ধ্বনয়ন
urdhonoyon	raw=ঊর্ধ্বনয়ন:DICTIONARY:0.96	lit=উর্ধনয়ন	valid=false	clean=false	freq=0	gate=null	commit=ঊর্ধ্বনয়ন
urdhonoon	raw=ঊর্ধ্বনয়ন:DICTIONARY:0.96	lit=উর্ধনুন	valid=false	clean=false	freq=0	gate=null	commit=ঊর্ধ্বনয়ন
urdhbonetr	raw=ঊর্ধ্বনেত্র:DICTIONARY:0.96	lit=উর্ধ্বনেত্র	valid=false	clean=false	freq=0	gate=null	commit=ঊর্ধ্বনেত্র
urdhonetr	raw=ঊর্ধ্বনেত্র:DICTIONARY:0.96	lit=উর্ধনেত্র	valid=false	clean=false	freq=0	gate=null	commit=ঊর্ধ্বনেত্র
urdhbopokkhe	raw=ঊর্ধ্বপক্ষে:DICTIONARY:0.96	lit=উর্ধ্বপক্ষে	valid=false	clean=false	freq=0	gate=null	commit=ঊর্ধ্বপক্ষে
urdhopokkhe	raw=ঊর্ধ্বপক্ষে:DICTIONARY:0.96	lit=উর্ধপক্ষে	valid=false	clean=false	freq=0	gate=null	commit=ঊর্ধ্বপক্ষে
urdhbopatit	raw=ঊর্ধ্বপাতিত:DICTIONARY:0.96	lit=উর্ধ্বপাতিত	valid=false	clean=false	freq=0	gate=null	commit=ঊর্ধ্বপাতিত
urdhopatit	raw=ঊর্ধ্বপাতিত:DICTIONARY:0.96	lit=উর্ধপাতিত	valid=false	clean=false	freq=0	gate=null	commit=ঊর্ধ্বপাতিত
urdhbophona	raw=ঊর্ধ্বফণা:DICTIONARY:0.96	lit=উর্ধ্বফনা	valid=false	clean=false	freq=0	gate=null	commit=ঊর্ধ্বফণা
urdhophona	raw=ঊর্ধ্বফণা:DICTIONARY:0.96	lit=উর্ধফনা	valid=false	clean=false	freq=0	gate=null	commit=ঊর্ধ্বফণা
urdhbobahu	raw=ঊর্ধ্ববাহু:DICTIONARY:0.96	lit=উর্ধ্ববাহু	valid=false	clean=false	freq=0	gate=null	commit=ঊর্ধ্ববাহু
urdhobahu	raw=ঊর্ধ্ববাহু:DICTIONARY:0.96	lit=উর্ধবাহু	valid=false	clean=false	freq=0	gate=null	commit=ঊর্ধ্ববাহু
urdhboboyosiider	raw=ঊর্ধ্ববয়সীদের:DICTIONARY:0.96	lit=উর্ধ্ববয়সীদের	valid=false	clean=false	freq=0	gate=null	commit=ঊর্ধ্ববয়সীদের
urdhoboyosiider	raw=ঊর্ধ্ববয়সীদের:DICTIONARY:0.96	lit=উর্ধবয়সীদের	valid=false	clean=false	freq=0	gate=null	commit=ঊর্ধ্ববয়সীদের
urdhoboosiider	raw=ঊর্ধ্ববয়সীদের:DICTIONARY:0.96	lit=উর্ধবুসীদের	valid=false	clean=false	freq=0	gate=null	commit=ঊর্ধ্ববয়সীদের
urdhbobhag	raw=ঊর্ধ্বভাগ:DICTIONARY:0.96	lit=উর্ধ্বভাগ	valid=false	clean=false	freq=0	gate=null	commit=ঊর্ধ্বভাগ
urdhobhag	raw=ঊর্ধ্বভাগ:DICTIONARY:0.96	lit=উর্ধভাগ	valid=false	clean=false	freq=0	gate=null	commit=ঊর্ধ্বভাগ
urdhbomukh	raw=ঊর্ধ্বমুখ:DICTIONARY:0.96	lit=উর্ধ্বমুখ	valid=false	clean=false	freq=0	gate=null	commit=ঊর্ধ্বমুখ
urdhomukh	raw=ঊর্ধ্বমুখ:DICTIONARY:0.96	lit=উর্ধমুখ	valid=false	clean=false	freq=0	gate=null	commit=ঊর্ধ্বমুখ
urdhbomukhiii	raw=ঊর্ধ্বমুখীই:DICTIONARY:0.96	lit=উর্ধ্বমুখীই	valid=false	clean=false	freq=0	gate=null	commit=উর্ধ্বমুখী
urdhomukhiii	raw=ঊর্ধ্বমুখীই:DICTIONARY:0.96	lit=উর্ধমুখীই	valid=false	clean=false	freq=0	gate=null	commit=উর্ধ্বমুখী
urdhbomukhiibhabe	raw=ঊর্ধ্বমুখীভাবে:DICTIONARY:0.96	lit=উর্ধ্বমুখীভাবে	valid=false	clean=false	freq=0	gate=null	commit=ঊর্ধ্বমুখীভাবে
urdhomukhiibhabe	raw=ঊর্ধ্বমুখীভাবে:DICTIONARY:0.96	lit=উর্ধমুখীভাবে	valid=false	clean=false	freq=0	gate=null	commit=ঊর্ধ্বমুখীভাবে
urdhborekha	raw=ঊর্ধ্বরেখা:DICTIONARY:0.96	lit=উর্ধ্বরেখা	valid=false	clean=false	freq=0	gate=null	commit=ঊর্ধ্বরেখা
urdhorekha	raw=ঊর্ধ্বরেখা:DICTIONARY:0.96	lit=উর্ধরেখা	valid=false	clean=false	freq=0	gate=null	commit=ঊর্ধ্বরেখা
urdhboreta	raw=ঊর্ধ্বরেতা:DICTIONARY:0.96	lit=উর্ধ্বরেতা	valid=false	clean=false	freq=0	gate=null	commit=ঊর্ধ্বরেতা
urdhoreta	raw=ঊর্ধ্বরেতা:DICTIONARY:0.96	lit=উর্ধরেতা	valid=false	clean=false	freq=0	gate=null	commit=ঊর্ধ্বরেতা
urdhbortm	raw=ঊর্ধ্বর্ত্ম:DICTIONARY:0.96	lit=উর্ধ্বর্ত্ম	valid=false	clean=false	freq=0	gate=null	commit=ঊর্ধ্বর্ত্ম
urdhortm	raw=ঊর্ধ্বর্ত্ম:DICTIONARY:0.96	lit=উর্ধর্ত্ম	valid=false	clean=false	freq=0	gate=null	commit=ঊর্ধ্বর্ত্ম
urdhboloker	raw=ঊর্ধ্বলোকের:DICTIONARY:0.96	lit=উর্ধ্বলকের	valid=false	clean=false	freq=0	gate=null	commit=ঊর্ধ্বলোকের
urdholoker	raw=ঊর্ধ্বলোকের:DICTIONARY:0.96	lit=উর্ধলকের	valid=false	clean=false	freq=0	gate=null	commit=ঊর্ধ্বলোকের
urdhboshayii	raw=ঊর্ধ্বশায়ী:DICTIONARY:0.96	lit=উর্ধ্বশায়ী	valid=false	clean=false	freq=0	gate=null	commit=ঊর্ধ্বশায়ী
urdhoshayii	raw=ঊর্ধ্বশায়ী:DICTIONARY:0.96	lit=উর্ধশায়ী	valid=false	clean=false	freq=0	gate=null	commit=ঊর্ধ্বশায়ী
urdhoshaii	raw=ঊর্ধ্বশায়ী:DICTIONARY:0.96	lit=উর্ধশাঈ	valid=false	clean=false	freq=0	gate=null	commit=ঊর্ধ্বশায়ী
urdhbosth	raw=ঊর্ধ্বস্থ:DICTIONARY:0.96	lit=উর্ধ্বস্থ	valid=false	clean=false	freq=0	gate=null	commit=ঊর্ধ্বস্থ
urdhosth	raw=ঊর্ধ্বস্থ:DICTIONARY:0.96	lit=উর্ধস্থ	valid=false	clean=false	freq=0	gate=null	commit=ঊর্ধ্বস্থ
urdhbosthit	raw=ঊর্ধ্বস্থিত:DICTIONARY:0.96	lit=উর্ধ্বস্থিত	valid=false	clean=false	freq=0	gate=null	commit=ঊর্ধ্বস্থিত
urdhosthit	raw=ঊর্ধ্বস্থিত:DICTIONARY:0.96	lit=উর্ধস্থিত	valid=false	clean=false	freq=0	gate=null	commit=ঊর্ধ্বস্থিত
urdhbohare	raw=ঊর্ধ্বহারে:DICTIONARY:0.96	lit=উর্ধ্বহারে	valid=false	clean=false	freq=0	gate=null	commit=ঊর্ধ্বহারে
urdhohare	raw=ঊর্ধ্বহারে:DICTIONARY:0.96	lit=উর্ধহারে	valid=false	clean=false	freq=0	gate=null	commit=ঊর্ধ্বহারে
urdhbangsher	raw=ঊর্ধ্বাংশের:DICTIONARY:0.96	lit=উর্ধ্বাংশের	valid=false	clean=false	freq=0	gate=null	commit=ঊর্ধ্বাংশের
urdhangsher	raw=ঊর্ধ্বাংশের:DICTIONARY:0.96	lit=উর্ধাংশের	valid=false	clean=false	freq=0	gate=null	commit=ঊর্ধ্বাংশের
urdhbeo	raw=ঊর্ধ্বেও:DICTIONARY:0.96	lit=উর্ধ্বেও	valid=false	clean=false	freq=0	gate=null	commit=ঊর্ধ্বেও
urdheo	raw=ঊর্ধ্বেও:DICTIONARY:0.96	lit=উর্ধেও	valid=false	clean=false	freq=0	gate=null	commit=ঊর্ধ্ব
urbosthi	raw=ঊর্বস্থি:DICTIONARY:0.96	lit=উর্বস্থি	valid=false	clean=false	freq=0	gate=null	commit=ঊর্বস্থি
urmikeo	raw=ঊর্মিকেও:DICTIONARY:0.96	lit=উর্মিকেও	valid=false	clean=false	freq=0	gate=null	commit=ঊর্মিকেও
urmichhonda	raw=ঊর্মিছন্দা:DICTIONARY:0.96	lit=উর্মিছন্দা	valid=false	clean=false	freq=0	gate=null	commit=ঊর্মিছন্দা
urmibhongo	raw=ঊর্মিভঙ্গ:DICTIONARY:0.96	lit=উর্মিভঙ	valid=false	clean=false	freq=0	gate=null	commit=ঊর্মিভঙ্গ
urmimalake	raw=ঊর্মিমালাকে:DICTIONARY:0.96	lit=উর্মিমালাকে	valid=false	clean=false	freq=0	gate=null	commit=ঊর্মিমালাকে
urmimalay	raw=ঊর্মিমালায়:DICTIONARY:0.96	lit=উর্মিমালায়	valid=false	clean=false	freq=0	gate=null	commit=ঊর্মিমালায়
urmimalii	raw=ঊর্মিমালী:DICTIONARY:0.96	lit=উর্মিমালী	valid=false	clean=false	freq=0	gate=null	commit=ঊর্মিমালী
urmimukhor	raw=ঊর্মিমুখর:DICTIONARY:0.96	lit=উর্মিমুখর	valid=false	clean=false	freq=0	gate=null	commit=ঊর্মিমুখর
urmimukhorota	raw=ঊর্মিমুখরতা:DICTIONARY:0.96	lit=উর্মিমুখরতা	valid=false	clean=false	freq=0	gate=null	commit=ঊর্মিমুখরতা
urmil	raw=ঊর্মিল:DICTIONARY:0.96	lit=উর্মিল	valid=false	clean=false	freq=0	gate=null	commit=ঊর্মিল
urmilaroo	raw=ঊর্মিলারও:DICTIONARY:0.96	lit=উর্মিলারু	valid=false	clean=false	freq=0	gate=null	commit=ঊর্মিলারও
urmii	raw=ঊর্মী:DICTIONARY:0.96	lit=উর্মী	valid=false	clean=false	freq=0	gate=null	commit=ঊর্মী
urmesh	raw=ঊর্মেশ:DICTIONARY:0.96	lit=উর্মেশ	valid=false	clean=false	freq=0	gate=null	commit=উমেশ
ullezogy	raw=ঊল্লেযোগ্য:DICTIONARY:0.96	lit=উল্লেজগ্য	valid=false	clean=false	freq=0	gate=null	commit=ঊল্লেযোগ্য
ushorota	raw=ঊষরতা:DICTIONARY:0.96	lit=উশরতা	valid=false	clean=true	freq=0	gate=null	commit=ঊষরতা
ushatei	raw=ঊষাতেই:DICTIONARY:0.96	lit=উশাতেই	valid=false	clean=true	freq=0	gate=null	commit=ঊষাতেই
ushadebii	raw=ঊষাদেবী:DICTIONARY:0.96	lit=উশাদেবী	valid=false	clean=true	freq=0	gate=null	commit=ঊষাদেবী
ushabihiin	raw=ঊষাবিহীন:DICTIONARY:0.96	lit=উশাবিহীন	valid=false	clean=true	freq=0	gate=null	commit=ঊষাবিহীন
ushay	raw=ঊষায়:DICTIONARY:0.96	lit=উশায়	valid=false	clean=true	freq=0	gate=null	commit=ঊষায়
uhyoi	raw=ঊহ্যই:DICTIONARY:0.96	lit=উহ্যৈ	valid=false	clean=false	freq=0	gate=null	commit=ঊহ্যই
chhokhaliite	raw=ওছখালীতে:DICTIONARY:0.96	lit=ছখালীতে	valid=false	clean=true	freq=0	gate=null	commit=ওছখালীতে
chhiyar	raw=ওছিয়ার:DICTIONARY:0.96	lit=ছিয়ার	valid=false	clean=true	freq=0	gate=null	commit=চিয়ার
tokisitm	raw=ওটকিসিত্ম:DICTIONARY:0.96	lit=তকিসিত্ম	valid=false	clean=true	freq=0	gate=null	commit=ওটকিসিত্ম
tochhe	raw=ওটছে:DICTIONARY:0.96	lit=তছে	valid=false	clean=true	freq=0	gate=null	commit=ওটছে
tomendi	raw=ওটমেন্ডি:DICTIONARY:0.96	lit=তমেন্দি	valid=false	clean=true	freq=0	gate=null	commit=ওটমেন্ডি
tamendike	raw=ওটামেন্ডিকে:DICTIONARY:0.96	lit=তামেন্দিকে	valid=false	clean=true	freq=0	gate=null	commit=ওটামেন্ডিকে
topata	raw=ওতপাতা:DICTIONARY:0.96	lit=তপাতা	valid=false	clean=true	freq=0	gate=null	commit=ওতপাতা
topete	raw=ওতপেতে:DICTIONARY:0.96	lit=তপেতে	valid=false	clean=true	freq=0	gate=null	commit=ওতপেতে
torachch	raw=ওতরাচ্ছ:DICTIONARY:0.96	lit=তরাচ্চ	valid=false	clean=false	freq=0	gate=null	commit=ছড়াচ্ছ
torachchi	raw=ওতরাচ্ছি:DICTIONARY:0.96	lit=তরাচ্চি	valid=false	clean=false	freq=0	gate=null	commit=করাচ্ছি
torachchil	raw=ওতরাচ্ছিল:DICTIONARY:0.96	lit=তরাচ্চিল	valid=false	clean=false	freq=0	gate=null	commit=ছড়াচ্ছিল
torachchilam	raw=ওতরাচ্ছিলাম:DICTIONARY:0.96	lit=তরাচ্চিলাম	valid=false	clean=false	freq=0	gate=null	commit=ওতরাচ্ছিলাম
torachchili	raw=ওতরাচ্ছিলি:DICTIONARY:0.96	lit=তরাচ্চিলি	valid=false	clean=false	freq=0	gate=null	commit=ওতরাচ্ছিলি
torachchilum	raw=ওতরাচ্ছিলুম:DICTIONARY:0.96	lit=তরাচ্চিলুম	valid=false	clean=false	freq=0	gate=null	commit=ওতরাচ্ছিলুম
torachchile	raw=ওতরাচ্ছিলে:DICTIONARY:0.96	lit=তরাচ্চিলে	valid=false	clean=false	freq=0	gate=null	commit=ওতরাচ্ছিলে
torachchilen	raw=ওতরাচ্ছিলেন:DICTIONARY:0.96	lit=তরাচ্চিলেন	valid=false	clean=false	freq=0	gate=null	commit=করাচ্ছিলেন
torachchilem	raw=ওতরাচ্ছিলেম:DICTIONARY:0.96	lit=তরাচ্চিলেম	valid=false	clean=false	freq=0	gate=null	commit=ওতরাচ্ছিলেম
torachchis	raw=ওতরাচ্ছিস:DICTIONARY:0.96	lit=তরাচ্চিস	valid=false	clean=false	freq=0	gate=null	commit=করাচ্ছিস
torachche	raw=ওতরাচ্ছে:DICTIONARY:0.96	lit=তরাচ্চে	valid=false	clean=false	freq=0	gate=null	commit=ছড়াচ্ছে
torachchen	raw=ওতরাচ্ছেন:DICTIONARY:0.96	lit=তরাচ্চেন	valid=false	clean=false	freq=0	gate=null	commit=করাচ্ছেন
toratam	raw=ওতরাতাম:DICTIONARY:0.96	lit=তরাতাম	valid=false	clean=true	freq=0	gate=null	commit=ওতরাতাম
toratis	raw=ওতরাতিস:DICTIONARY:0.96	lit=তরাতিস	valid=false	clean=true	freq=0	gate=null	commit=ওতরাতিস
toratum	raw=ওতরাতুম:DICTIONARY:0.96	lit=তরাতুম	valid=false	clean=true	freq=0	gate=null	commit=ওতরাতুম
torate	raw=ওতরাতে:DICTIONARY:0.96	lit=তরাতে	valid=false	clean=true	freq=0	gate=null	commit=তাওরাতে
toraten	raw=ওতরাতেন:DICTIONARY:0.96	lit=তরাতেন	valid=false	clean=true	freq=0	gate=null	commit=ওতরাতেন
toratem	raw=ওতরাতেম:DICTIONARY:0.96	lit=তরাতেম	valid=false	clean=true	freq=0	gate=null	commit=ওতরাতেম
torabar	raw=ওতরাবার:DICTIONARY:0.96	lit=তরাবার	valid=false	clean=true	freq=0	gate=null	commit=তরবার
torabi	raw=ওতরাবি:DICTIONARY:0.96	lit=তরাবি	valid=false	clean=true	freq=0	gate=null	commit=তরাই
torabe	raw=ওতরাবে:DICTIONARY:0.96	lit=তরাবে	valid=false	clean=true	freq=0	gate=null	commit=ওতরাবে
toraben	raw=ওতরাবেন:DICTIONARY:0.96	lit=তরাবেন	valid=false	clean=true	freq=0	gate=null	commit=ওড়াবেন
torabo	raw=ওতরাবো:DICTIONARY:0.96	lit=তরাব	valid=true	clean=true	freq=0	gate=null	commit=তোরাও
toral	raw=ওতরাল:DICTIONARY:0.96	lit=তরাল	valid=false	clean=true	freq=0	gate=null	commit=ওতরাল
toralam	raw=ওতরালাম:DICTIONARY:0.96	lit=তরালাম	valid=false	clean=true	freq=0	gate=null	commit=ওতরালাম
torali	raw=ওতরালি:DICTIONARY:0.96	lit=তরালি	valid=false	clean=true	freq=0	gate=null	commit=তরাই
toralum	raw=ওতরালুম:DICTIONARY:0.96	lit=তরালুম	valid=false	clean=true	freq=0	gate=null	commit=ওতরালুম
torale	raw=ওতরালে:DICTIONARY:0.96	lit=তরালে	valid=false	clean=true	freq=0	gate=null	commit=ওড়ালে
toralen	raw=ওতরালেন:DICTIONARY:0.96	lit=তরালেন	valid=false	clean=true	freq=0	gate=null	commit=ওতরালেন
toralem	raw=ওতরালেম:DICTIONARY:0.96	lit=তরালেম	valid=false	clean=true	freq=0	gate=null	commit=ওতরালেম
tajonobha	raw=ওতাজোনোভা:DICTIONARY:0.96	lit=তাজনভা	valid=false	clean=true	freq=0	gate=null	commit=ওতাজোনোভা
phadari	raw=ওফাদারি:DICTIONARY:0.96	lit=ফাদারি	valid=false	clean=true	freq=0	gate=null	commit=ওফাদারি
phadarii	raw=ওফাদারী:DICTIONARY:0.96	lit=ফাদারী	valid=false	clean=true	freq=0	gate=null	commit=ওফাদারী
phapur	raw=ওফাপুর:DICTIONARY:0.96	lit=ফাপুর	valid=false	clean=true	freq=0	gate=null	commit=ওফাপুর
phapurer	raw=ওফাপুরের:DICTIONARY:0.96	lit=ফাপুরের	valid=false	clean=true	freq=0	gate=null	commit=ওফাপুরের
phenohaijar	raw=ওফেনহাইজার:DICTIONARY:0.96	lit=ফেনহাইজার	valid=false	clean=true	freq=0	gate=null	commit=ওফেনহাইজার
borang	raw=ওবরাং:DICTIONARY:0.96	lit=বরাং	valid=false	clean=true	freq=0	gate=null	commit=ওবরাং
boroy	raw=বরই:DICTIONARY:0.96	lit=বরয়	valid=false	clean=true	freq=0	gate=null	commit=বরই
bosetotrikyal	raw=ওবসেটট্রিক্যাল:DICTIONARY:0.96	lit=বসেতত্রিক্যাল	valid=false	clean=false	freq=0	gate=null	commit=ওবসেটট্রিক্যাল
beikan	raw=ওবেইকান:DICTIONARY:0.96	lit=বেইকান	valid=false	clean=true	freq=0	gate=null	commit=ওবেইকান
berohoph	raw=ওবেরহফ:DICTIONARY:0.96	lit=বেরহফ	valid=false	clean=true	freq=0	gate=null	commit=ওবেরহফ
berohausener	raw=ওবেরহাউসেনের:DICTIONARY:0.96	lit=বেরহাউসেনের	valid=false	clean=true	freq=0	gate=null	commit=ওবেরহাউসেনের
berohoyojen	raw=ওবেরহয়জেন:DICTIONARY:0.96	lit=বেরহয়জেন	valid=false	clean=true	freq=0	gate=null	commit=ওবেরহয়জেন
berohoyojene	raw=ওবেরহয়জেনে:DICTIONARY:0.96	lit=বেরহয়জেনে	valid=false	clean=true	freq=0	gate=null	commit=ওবেরহয়জেনে
beroyoo	raw=ওবেরয়ও:DICTIONARY:0.96	lit=বেরয়ু	valid=false	clean=true	freq=0	gate=null	commit=বেরোয়
beroyoke	raw=ওবেরয়কে:DICTIONARY:0.96	lit=বেরয়কে	valid=false	clean=true	freq=0	gate=null	commit=ওবেরয়কে
beroyojen	raw=ওবেরয়জেন:DICTIONARY:0.96	lit=বেরয়জেন	valid=false	clean=true	freq=0	gate=null	commit=ওবেরয়জেন
beroyosoh	raw=ওবেরয়সহ:DICTIONARY:0.96	lit=বেরয়সহ	valid=false	clean=true	freq=0	gate=null	commit=ওবেরয়সহ
beroye	raw=বেরিয়ে:DICTIONARY:0.9550000000000001	lit=বেরয়ে	valid=false	clean=true	freq=0	gate=null	commit=বেরিয়ে
belisker	raw=ওবেলিস্কের:DICTIONARY:0.96	lit=বেলিস্কের	valid=false	clean=false	freq=0	gate=null	commit=ওবেলিস্কের
beliskote	raw=ওবেলিস্কোতে:DICTIONARY:0.96	lit=বেলিস্কতে	valid=false	clean=false	freq=0	gate=null	commit=ওবেলিস্কোতে
besaite	raw=ওবেসাইটে:DICTIONARY:0.96	lit=বেসাইতে	valid=false	clean=true	freq=0	gate=null	commit=ওবেসাইটে
besitite	raw=ওবেসিটিতে:DICTIONARY:0.96	lit=বেসিতিতে	valid=false	clean=true	freq=0	gate=null	commit=ওবেসিটিতে
longgong	raw=ওলংগং:DICTIONARY:0.96	lit=লঙ্গং	valid=false	clean=true	freq=0	gate=null	commit=ওলংগং
logachh	raw=ওলগাছ:DICTIONARY:0.96	lit=লগাছ	valid=false	clean=true	freq=0	gate=null	commit=ওলগাছ
lotokombol	raw=ওলটকম্বল:DICTIONARY:0.96	lit=লতকম্বল	valid=false	clean=true	freq=0	gate=null	commit=ওলটকম্বল
lotokomol	raw=ওলটকোমল:DICTIONARY:0.96	lit=লতকমল	valid=false	clean=true	freq=0	gate=null	commit=ওলটকোমল
lotopaloter	raw=ওলটপালটের:DICTIONARY:0.96	lit=লতপালতের	valid=false	clean=true	freq=0	gate=null	commit=ওলটপালটের
lonodori	raw=ওলনদড়ি:DICTIONARY:0.96	lit=লনদরি	valid=false	clean=true	freq=0	gate=null	commit=লন্ড্রি
londajobhashii	raw=ওলন্দাজভাষী:DICTIONARY:0.96	lit=লন্দাজভাশী	valid=false	clean=true	freq=0	gate=null	commit=ওলন্দাজভাষী
loporter	raw=ওলপোর্টের:DICTIONARY:0.96	lit=লপর্তের	valid=false	clean=false	freq=0	gate=null	commit=ওলপোর্টের
lophomyan	raw=ওলফম্যান:DICTIONARY:0.96	lit=লফম্যান	valid=false	clean=false	freq=0	gate=null	commit=হফম্যান
lobharton	raw=ওলভার্টন:DICTIONARY:0.96	lit=লভার্তন	valid=false	clean=false	freq=0	gate=null	commit=ওলভার্টন
lomartoke	raw=ওলমার্টকে:DICTIONARY:0.96	lit=লমার্তকে	valid=false	clean=false	freq=0	gate=null	commit=ওলমার্টকে
lomarter	raw=ওলমার্টের:DICTIONARY:0.96	lit=লমার্তের	valid=false	clean=false	freq=0	gate=null	commit=ওলমার্টের
lomek	raw=ওলমেক:DICTIONARY:0.96	lit=লমেক	valid=false	clean=true	freq=0	gate=null	commit=ওলমেক
lomekoder	raw=ওলমেকদের:DICTIONARY:0.96	lit=লমেকদের	valid=false	clean=true	freq=0	gate=null	commit=ওলমেকদের
lomekora	raw=ওলমেকরা:DICTIONARY:0.96	lit=লমেকরা	valid=false	clean=true	freq=0	gate=null	commit=ওলমেকরা
lomekorai	raw=ওলমেকরাই:DICTIONARY:0.96	lit=লমেকরাই	valid=false	clean=true	freq=0	gate=null	commit=ওলমেকরাই
losar	raw=ওলসার:DICTIONARY:0.96	lit=লসার	valid=false	clean=true	freq=0	gate=null	commit=ওলসার
losenoi	raw=ওলসেনই:DICTIONARY:0.96	lit=লসেনৈ	valid=false	clean=true	freq=0	gate=null	commit=অলসেন
losenoke	raw=ওলসেনকে:DICTIONARY:0.96	lit=লসেনকে	valid=false	clean=true	freq=0	gate=null	commit=ওলসেনকে
laichondii	raw=ওলাইচণ্ডী:DICTIONARY:0.96	lit=লাইচন্দী	valid=false	clean=true	freq=0	gate=null	commit=ওলাইচণ্ডী
latunobosun	raw=ওলাতুনবসুন:DICTIONARY:0.96	lit=লাতুনবসুন	valid=false	clean=true	freq=0	gate=null	commit=ওলাতুনবসুন
ladipiupo	raw=ওলাদিপিউপো:DICTIONARY:0.96	lit=লাদিপিউপ	valid=false	clean=true	freq=0	gate=null	commit=ওলাদিপিউপো
ladipiupoo	raw=ওলাদিপিউপোও:DICTIONARY:0.96	lit=লাদিপিউপু	valid=false	clean=true	freq=0	gate=null	commit=ওলাদিপিউপোও
ladipiupoke	raw=ওলাদিপিউপোকে:DICTIONARY:0.96	lit=লাদিপিউপকে	valid=false	clean=true	freq=0	gate=null	commit=ওলাদিপিউপোকে
lanopara	raw=ওলানপাড়া:DICTIONARY:0.96	lit=লানপারা	valid=false	clean=true	freq=0	gate=null	commit=ওলানপাড়া
laniyabasii	raw=ওলানিয়াবাসী:DICTIONARY:0.96	lit=লানিয়াবাসী	valid=false	clean=true	freq=0	gate=null	commit=ওলানিয়াবাসী
laniyar	raw=ওলানিয়ার:DICTIONARY:0.96	lit=লানিয়ার	valid=false	clean=true	freq=0	gate=null	commit=উলানিয়ার
labibi	raw=ওলাবিবি:DICTIONARY:0.96	lit=লাবিবি	valid=false	clean=true	freq=0	gate=null	commit=লাবিব
lalekan	raw=ওলালেকান:DICTIONARY:0.96	lit=লালেকান	valid=false	clean=true	freq=0	gate=null	commit=ওলালেকান
lalekanoke	raw=ওলালেকানকে:DICTIONARY:0.96	lit=লালেকানকে	valid=false	clean=true	freq=0	gate=null	commit=ওলালেকানকে
lalekaner	raw=ওলালেকানের:DICTIONARY:0.96	lit=লালেকানের	valid=false	clean=true	freq=0	gate=null	commit=ওলালেকানের
lekam	raw=ওলেকাম:DICTIONARY:0.96	lit=লেকাম	valid=false	clean=true	freq=0	gate=null	commit=ওলেকাম
legedara	raw=ওলেগেদারা:DICTIONARY:0.96	lit=লেগেদারা	valid=false	clean=true	freq=0	gate=null	commit=ওলেগেদারা
legedarar	raw=ওলেগেদারার:DICTIONARY:0.96	lit=লেগেদারার	valid=false	clean=true	freq=0	gate=null	commit=ওলেগেদারার
lemir	raw=ওলেমির:DICTIONARY:0.96	lit=লেমির	valid=false	clean=true	freq=0	gate=null	commit=এমির
lelekan	raw=ওলেলেকান:DICTIONARY:0.96	lit=লেলেকান	valid=false	clean=true	freq=0	gate=null	commit=ওলেলেকান
bontiikumar	raw=অবন্তীকুমার:DICTIONARY:0.96	lit=বন্তীকুমার	valid=false	clean=true	freq=0	gate=null	commit=অবন্তীকুমার
bosoleta	raw=অবসোলেটা:DICTIONARY:0.96	lit=বসলেতা	valid=false	clean=true	freq=0	gate=null	commit=বসলেও
tokolimetor	raw=অটোকলিমেটর:DICTIONARY:0.96	lit=তকলিমেতর	valid=false	clean=true	freq=0	gate=null	commit=অটোকলিমেটর
lobarser	raw=অলবার্সের:DICTIONARY:0.96	lit=লবার্সের	valid=false	clean=false	freq=0	gate=null	commit=অলবার্সের
phisinal	raw=অফিসিনাল:DICTIONARY:0.96	lit=ফিসিনাল	valid=false	clean=true	freq=0	gate=null	commit=অফিসিনাল
lekosi	raw=ওলেকসি:DICTIONARY:0.96	lit=লেকসি	valid=false	clean=true	freq=0	gate=null	commit=লেকস
longkareo	raw=অলংকারেও:DICTIONARY:0.96	lit=লংকারেও	valid=false	clean=true	freq=0	gate=null	commit=লঙ্কার
bokashozaponokendr	raw=অবকাশযাপনকেন্দ্র:DICTIONARY:0.96	lit=বকাশজাপনকেন্দ্র	valid=false	clean=true	freq=0	gate=null	commit=অবকাশযাপনকেন্দ্র
ishanosoh	raw=ঈশানসহ:DICTIONARY:0.96	lit=ইশানসহ	valid=false	clean=true	freq=0	gate=null	commit=ঈশানসহ
longkarogulo	raw=লঙ্কারগুলো:DICTIONARY:0.93	lit=লংকারগুল	valid=false	clean=true	freq=0	gate=null	commit=লঙ্কারগুলো
urmikumar	raw=ঊর্মিকুমার:DICTIONARY:0.96	lit=উর্মিকুমার	valid=false	clean=false	freq=0	gate=null	commit=ঊর্মিকুমার
ishanogopalopur	raw=ঈশানগোপালপুর:DICTIONARY:0.96	lit=ইশানগপালপুর	valid=false	clean=true	freq=0	gate=null	commit=ঈশানগোপালপুর
