--------- beginning of main
08-26 16:20:43.632 D/BangluIME(14307): ime: runtime_policy_installed buffer=0 voice=IDLE
08-26 16:20:43.789 D/BangluIME(14307): onCreate: Initializing SmartEngine...
08-26 16:20:44.334 D/BangluIME(14307): onCreate: Seed dictionary loaded
08-26 16:20:44.337 D/BangluIME(14307): onCreate: Loading learned words...
08-26 16:20:44.357 E/BangluIME(14307): failure: strict_thread_DiskReadViolation
08-26 16:20:44.357 E/BangluIME(14307): android.os.strictmode.DiskReadViolation
08-26 16:20:44.357 E/BangluIME(14307): 	at android.os.StrictMode$AndroidBlockGuardPolicy.onReadFromDisk(StrictMode.java:1722)
08-26 16:20:44.357 E/BangluIME(14307): 	at android.database.sqlite.SQLiteConnection.applyBlockGuardPolicy(SQLiteConnection.java:1772)
08-26 16:20:44.357 E/BangluIME(14307): 	at android.database.sqlite.SQLiteConnection.executeForCursorWindow(SQLiteConnection.java:1376)
08-26 16:20:44.357 E/BangluIME(14307): 	at android.database.sqlite.SQLiteSession.executeForCursorWindow(SQLiteSession.java:873)
08-26 16:20:44.357 E/BangluIME(14307): 	at android.database.sqlite.SQLiteQuery.fillWindow(SQLiteQuery.java:62)
08-26 16:20:44.357 E/BangluIME(14307): 	at android.database.sqlite.SQLiteCursor.fillWindow(SQLiteCursor.java:157)
08-26 16:20:44.357 E/BangluIME(14307): 	at android.database.sqlite.SQLiteCursor.getCount(SQLiteCursor.java:144)
08-26 16:20:44.357 E/BangluIME(14307): 	at android.database.AbstractCursor.moveToPosition(AbstractCursor.java:252)
08-26 16:20:44.357 E/BangluIME(14307): 	at android.database.AbstractCursor.moveToFirst(AbstractCursor.java:291)
08-26 16:20:44.357 E/BangluIME(14307): 	at com.banglu.keyboard.SqlitePhoneticIndexStore.extendedAvailable_delegate$lambda$6(SqlitePhoneticIndexStore.kt:132)
08-26 16:20:44.357 E/BangluIME(14307): 	at com.banglu.keyboard.SqlitePhoneticIndexStore.$r8$lambda$vttT5DX4Piyn1OHcjWScb8rgB4o(SqlitePhoneticIndexStore.kt:0)
08-26 16:20:44.357 E/BangluIME(14307): 	at com.banglu.keyboard.SqlitePhoneticIndexStore$$ExternalSyntheticLambda0.invoke(D8$$SyntheticClass:0)
08-26 16:20:44.357 E/BangluIME(14307): 	at kotlin.SynchronizedLazyImpl.getValue(LazyJVM.kt:83)
08-26 16:20:44.357 E/BangluIME(14307): 	at com.banglu.keyboard.SqlitePhoneticIndexStore.getExtendedAvailable(SqlitePhoneticIndexStore.kt:127)
08-26 16:20:44.357 E/BangluIME(14307): 	at com.banglu.keyboard.SqlitePhoneticIndexStore.hasExtendedData(SqlitePhoneticIndexStore.kt:138)
08-26 16:20:44.357 E/BangluIME(14307): 	at com.banglu.engine.dictionary.SmartDictionary.attachExtendedStore(SmartDictionary.kt:43)
08-26 16:20:44.357 E/BangluIME(14307): 	at com.banglu.engine.SmartEngine.setPhoneticIndex(SmartEngine.kt:96)
08-26 16:20:44.357 E/BangluIME(14307): 	at com.banglu.engine.SmartEngineAdapter.setPhoneticIndex(SmartEngineAdapter.kt:211)
08-26 16:20:44.357 E/BangluIME(14307): 	at com.banglu.keyboard.BangluIMEService.attachPhoneticIndexStore(BangluIMEService.kt:1221)
08-26 16:20:44.357 E/BangluIME(14307): 	at com.banglu.keyboard.BangluIMEService.access$attachPhoneticIndexStore(BangluIMEService.kt:59)
08-26 16:20:44.357 E/BangluIME(14307): 	at com.banglu.keyboard.BangluIMEService$attachPhoneticIndexStore$1.invokeSuspend(BangluIMEService.kt:16)
08-26 16:20:44.357 E/BangluIME(14307): 	at kotlin.coroutines.jvm.internal.BaseContinuationImpl.resumeWith(ContinuationImpl.kt:33)
08-26 16:20:44.357 E/BangluIME(14307): 	at kotlinx.coroutines.DispatchedTask.run(DispatchedTask.kt:101)
08-26 16:20:44.357 E/BangluIME(14307): 	at android.os.Handler.handleCallback(Handler.java:995)
08-26 16:20:44.357 E/BangluIME(14307): 	at android.os.Handler.dispatchMessage(Handler.java:103)
08-26 16:20:44.357 E/BangluIME(14307): 	at android.os.Looper.loopOnce(Looper.java:273)
08-26 16:20:44.357 E/BangluIME(14307): 	at android.os.Looper.loop(Looper.java:363)
08-26 16:20:44.357 E/BangluIME(14307): 	at android.app.ActivityThread.main(ActivityThread.java:10060)
08-26 16:20:44.357 E/BangluIME(14307): 	at java.lang.reflect.Method.invoke(Native Method)
08-26 16:20:44.357 E/BangluIME(14307): 	at com.android.internal.os.RuntimeInit$MethodAndArgsCaller.run(RuntimeInit.java:632)
08-26 16:20:44.357 E/BangluIME(14307): 	at com.android.internal.os.ZygoteInit.main(ZygoteInit.java:975)
08-26 16:20:45.130 D/BangluIME(14307): ime: finish_input buffer=0 voice=IDLE
08-26 16:20:45.989 D/BangluIME(14307): ime: start_input_view buffer=0 voice=IDLE
08-26 16:20:45.989 D/BangluIME(14307): inputSafety: raw=false private=false inputType=180225 imeOptions=1073741830
08-26 16:20:47.621 D/BangluIME(14307): onVoiceInput: state=IDLE
08-26 16:20:47.628 D/BangluIME(14307): onVoiceInput: startListening bn-BD offline=false
08-26 16:20:47.849 D/BangluIME(14307): voice: ready
08-26 16:20:49.417 D/BangluIME(14307): voice: beginning
08-26 16:20:50.564 D/BangluIME(14307): voice: partial='ভয়েস'
08-26 16:20:50.694 D/BangluIME(14307): voice: partial='ভয়েস'
08-26 16:20:50.982 D/BangluIME(14307): voice: partial='ভয়েস টাইপিং'
08-26 16:20:51.155 D/BangluIME(14307): voice: partial='ভয়েস টাইপিং করার'
08-26 16:20:51.287 D/BangluIME(14307): voice: partial='ভয়েস টাইপিং করার জন্য'
08-26 16:20:51.354 D/BangluIME(14307): onCreate: Learned words loaded
08-26 16:20:51.668 D/BangluIME(14307): voice: partial='ভয়েস টাইপিং করার জন্য'
08-26 16:20:51.780 D/BangluIME(14307): voice: partial='ভয়েস টাইপিং করার জন্য আমি'
08-26 16:20:51.994 D/BangluIME(14307): voice: partial='ভয়েস টাইপিং করার জন্য আমি'
08-26 16:20:52.269 D/BangluIME(14307): voice: partial='ভয়েস টাইপিং করার জন্য আমি এই'
08-26 16:20:52.315 D/BangluIME(14307): voice: partial='ভয়েস টাইপিং করার জন্য আমি এই'
08-26 16:20:52.422 D/BangluIME(14307): voice: partial='ভয়েস টাইপিং করার জন্য আমি এই'
08-26 16:20:52.634 D/BangluIME(14307): voice: partial='ভয়েস টাইপিং করার জন্য আমি এই'
08-26 16:20:52.823 D/BangluIME(14307): voice: partial='ভয়েস টাইপিং করার জন্য আমি এই'
08-26 16:20:52.941 D/BangluIME(14307): voice: partial='ভয়েস টাইপিং করার জন্য আমি এই মেসেজটা'
08-26 16:20:53.207 D/BangluIME(14307): voice: partial='ভয়েস টাইপিং করার জন্য আমি এই মেসেজটা লিখছি'
08-26 16:20:53.309 D/BangluIME(14307): voice: partial='ভয়েস টাইপিং করার জন্য আমি এই মেসেজটা লিখছি'
08-26 16:20:53.388 D/BangluIME(14307): voice: partial='ভয়েস টাইপিং করার জন্য আমি এই মেসেজটা লিখছি কিন্তু'
08-26 16:20:53.641 D/BangluIME(14307): voice: partial='ভয়েস টাইপিং করার জন্য আমি এই মেসেজটা লিখছি কিন্তু'
08-26 16:20:53.832 D/BangluIME(14307): voice: partial='ভয়েস টাইপিং করার জন্য আমি এই মেসেজটা লিখছি কিন্তু'
08-26 16:20:53.896 D/BangluIME(14307): voice: partial='ভয়েস টাইপিং করার জন্য আমি এই মেসেজটা লিখছি কিন্তু ভয়েস'
08-26 16:20:54.174 D/BangluIME(14307): voice: partial='ভয়েস টাইপিং করার জন্য আমি এই মেসেজটা লিখছি কিন্তু ভয়েস'
08-26 16:20:54.395 D/BangluIME(14307): voice: partial='ভয়েস টাইপিং করার জন্য আমি এই মেসেজটা লিখছি কিন্তু ভয়েস টাইপিং'
08-26 16:20:54.798 D/BangluIME(14307): voice: partial='ভয়েস টাইপিং করার জন্য আমি এই মেসেজটা লিখছি কিন্তু ভয়েস টাইপিং ঠিক'
08-26 16:20:54.852 D/BangluIME(14307): voice: partial='ভয়েস টাইপিং করার জন্য আমি এই মেসেজটা লিখছি কিন্তু ভয়েস টাইপিং ঠিক'
08-26 16:20:55.051 D/BangluIME(14307): voice: partial='ভয়েস টাইপিং করার জন্য আমি এই মেসেজটা লিখছি কিন্তু ভয়েস টাইপিং ঠিক'
08-26 16:20:55.302 D/BangluIME(14307): voice: partial='ভয়েস টাইপিং করার জন্য আমি এই মেসেজটা লিখছি কিন্তু ভয়েস টাইপিং ঠিক'
08-26 16:20:55.451 D/BangluIME(14307): voice: partial='ভয়েস টাইপিং করার জন্য আমি এই মেসেজটা লিখছি কিন্তু ভয়েস টাইপিং ঠিক একই'
08-26 16:20:55.670 D/BangluIME(14307): voice: partial='ভয়েস টাইপিং করার জন্য আমি এই মেসেজটা লিখছি কিন্তু ভয়েস টাইপিং ঠিক একই ভাবে'
08-26 16:20:55.816 D/BangluIME(14307): voice: partial='ভয়েস টাইপিং করার জন্য আমি এই মেসেজটা লিখছি কিন্তু ভয়েস টাইপিং ঠিক একই ভাবে'
08-26 16:20:55.882 D/BangluIME(14307): voice: partial='ভয়েস টাইপিং করার জন্য আমি এই মেসেজটা লিখছি কিন্তু ভয়েস টাইপিং ঠিক একই ভাবে কাজ'
08-26 16:20:56.402 D/BangluIME(14307): voice: partial='ভয়েস টাইপিং করার জন্য আমি এই মেসেজটা লিখছি কিন্তু ভয়েস টাইপিং ঠিক একই ভাবে কাজ করতেছে'
08-26 16:20:56.512 D/BangluIME(14307): voice: partial='ভয়েস টাইপিং করার জন্য আমি এই মেসেজটা লিখছি কিন্তু ভয়েস টাইপিং ঠিক একই ভাবে কাজ করতেছে না'
08-26 16:20:56.889 D/BangluIME(14307): voice: partial='ভয়েস টাইপিং করার জন্য আমি এই মেসেজটা লিখছি কিন্তু ভয়েস টাইপিং ঠিক একই ভাবে কাজ করতেছে না'
08-26 16:20:56.963 D/BangluIME(14307): voice: partial='ভয়েস টাইপিং করার জন্য আমি এই মেসেজটা লিখছি কিন্তু ভয়েস টাইপিং ঠিক একই ভাবে কাজ করতেছে না'
08-26 16:20:57.472 D/BangluIME(14307): voice: partial='ভয়েস টাইপিং করার জন্য আমি এই মেসেজটা লিখছি কিন্তু ভয়েস টাইপিং ঠিক একই ভাবে কাজ করতেছে না'
08-26 16:20:57.542 D/BangluIME(14307): voice: partial='ভয়েস টাইপিং করার জন্য আমি এই মেসেজটা লিখছি কিন্তু ভয়েস টাইপিং ঠিক একই ভাবে কাজ করতেছে না'
08-26 16:20:57.693 D/BangluIME(14307): voice: partial='ভয়েস টাইপিং করার জন্য আমি এই মেসেজটা লিখছি কিন্তু ভয়েস টাইপিং ঠিক একই ভাবে কাজ করতেছে না যেভাবে'
08-26 16:20:57.797 D/BangluIME(14307): voice: partial='ভয়েস টাইপিং করার জন্য আমি এই মেসেজটা লিখছি কিন্তু ভয়েস টাইপিং ঠিক একই ভাবে কাজ করতেছে না যেভাবে'
08-26 16:20:58.118 D/BangluIME(14307): voice: partial='ভয়েস টাইপিং করার জন্য আমি এই মেসেজটা লিখছি কিন্তু ভয়েস টাইপিং ঠিক একই ভাবে কাজ করতেছে না যেভাবে'
08-26 16:20:58.237 D/BangluIME(14307): voice: partial='ভয়েস টাইপিং করার জন্য আমি এই মেসেজটা লিখছি কিন্তু ভয়েস টাইপিং ঠিক একই ভাবে কাজ করতেছে না যেভাবে স্টেবল'
08-26 16:20:58.436 D/BangluIME(14307): voice: partial='ভয়েস টাইপিং করার জন্য আমি এই মেসেজটা লিখছি কিন্তু ভয়েস টাইপিং ঠিক একই ভাবে কাজ করতেছে না যেভাবে স্টেবল ভাবে'
08-26 16:20:58.494 D/BangluIME(14307): voice: partial='ভয়েস টাইপিং করার জন্য আমি এই মেসেজটা লিখছি কিন্তু ভয়েস টাইপিং ঠিক একই ভাবে কাজ করতেছে না যেভাবে স্টেবল ভাবে'
08-26 16:20:58.564 D/BangluIME(14307): voice: partial='ভয়েস টাইপিং করার জন্য আমি এই মেসেজটা লিখছি কিন্তু ভয়েস টাইপিং ঠিক একই ভাবে কাজ করতেছে না যেভাবে স্টেবল ভাবে'
08-26 16:20:58.783 D/BangluIME(14307): voice: partial='ভয়েস টাইপিং করার জন্য আমি এই মেসেজটা লিখছি কিন্তু ভয়েস টাইপিং ঠিক একই ভাবে কাজ করতেছে না যেভাবে স্টেবল ভাবে কাজ'
08-26 16:20:59.134 D/BangluIME(14307): voice: end
08-26 16:20:59.258 D/BangluIME(14307): voice: beginning
08-26 16:20:59.324 D/BangluIME(14307): voice: partial='ভয়েস টাইপিং করার জন্য আমি এই মেসেজটা লিখছি কিন্তু ভয়েস টাইপিং ঠিক একই ভাবে কাজ করতেছে না যেভাবে স্টেবল ভাবে কাজ করা'
08-26 16:20:59.326 D/BangluIME(14307): voice: partial='ভয়েস টাইপিং করার জন্য আমি এই মেসেজটা লিখছি কিন্তু ভয়েস টাইপিং ঠিক একই ভাবে কাজ করতেছে না যেভাবে স্টেবল ভাবে কাজ করা দরকার'
08-26 16:20:59.607 D/BangluIME(14307): voice: partial='ভয়েস টাইপিং করার জন্য আমি এই মেসেজটা লিখছি কিন্তু ভয়েস টাইপিং ঠিক একই ভাবে কাজ করতেছে না যেভাবে স্টেবল ভাবে কাজ করা দরকার'
08-26 16:20:59.737 D/BangluIME(14307): voice: partial='ভয়েস টাইপিং করার জন্য আমি এই মেসেজটা লিখছি কিন্তু ভয়েস টাইপিং ঠিক একই ভাবে কাজ করতেছে না যেভাবে স্টেবল ভাবে কাজ করা দরকার'
08-26 16:21:00.230 D/BangluIME(14307): voice: partial='ভয়েস টাইপিং করার জন্য আমি এই মেসেজটা লিখছি কিন্তু ভয়েস টাইপিং ঠিক একই ভাবে কাজ করতেছে না যেভাবে স্টেবল ভাবে কাজ করা দরকার'
08-26 16:21:00.342 D/BangluIME(14307): voice: partial='ভয়েস টাইপিং করার জন্য আমি এই মেসেজটা লিখছি কিন্তু ভয়েস টাইপিং ঠিক একই ভাবে কাজ করতেছে না যেভাবে স্টেবল ভাবে কাজ করা দরকার সেভাবে'
08-26 16:21:00.744 D/BangluIME(14307): voice: partial='ভয়েস টাইপিং করার জন্য আমি এই মেসেজটা লিখছি কিন্তু ভয়েস টাইপিং ঠিক একই ভাবে কাজ করতেছে না যেভাবে স্টেবল ভাবে কাজ করা দরকার সেভাবে'
08-26 16:21:00.795 D/BangluIME(14307): voice: partial='ভয়েস টাইপিং করার জন্য আমি এই মেসেজটা লিখছি কিন্তু ভয়েস টাইপিং ঠিক একই ভাবে কাজ করতেছে না যেভাবে স্টেবল ভাবে কাজ করা দরকার সেভাবে কাজ'
08-26 16:21:00.878 D/BangluIME(14307): voice: partial='ভয়েস টাইপিং করার জন্য আমি এই মেসেজটা লিখছি কিন্তু ভয়েস টাইপিং ঠিক একই ভাবে কাজ করতেছে না যেভাবে স্টেবল ভাবে কাজ করা দরকার সেভাবে কাজ'
08-26 16:21:01.016 D/BangluIME(14307): voice: partial='ভয়েস টাইপিং করার জন্য আমি এই মেসেজটা লিখছি কিন্তু ভয়েস টাইপিং ঠিক একই ভাবে কাজ করতেছে না যেভাবে স্টেবল ভাবে কাজ করা দরকার সেভাবে কাজ'
08-26 16:21:01.314 D/BangluIME(14307): voice: end
08-26 16:21:01.704 D/BangluIME(14307): voice: partial='ভয়েস টাইপিং করার জন্য আমি এই মেসেজটা লিখছি কিন্তু ভয়েস টাইপিং ঠিক একই ভাবে কাজ করতেছে না যেভাবে স্টেবল ভাবে কাজ করা দরকার সেভাবে কাজ করতেছে না'
08-26 16:21:04.520 D/BangluIME(14307): voice: pause commit terminal='ভয়েস টাইপিং করার জন্য আমি এই মেসেজটা লিখছি কিন্তু ভয়েস টাইপিং ঠিক একই ভাবে কাজ করতেছে না যেভাবে স্টেবল ভাবে কাজ করা দরকার সেভাবে কাজ করতেছে না'
08-26 16:21:06.412 D/BangluIME(14307): voice: empty results
08-26 16:21:09.133 D/BangluIME(14307): onVoiceInput: state=ERROR
08-26 16:21:09.137 D/BangluIME(14307): onVoiceInput: startListening bn-BD offline=false
08-26 16:21:09.287 D/BangluIME(14307): voice: ready
08-26 16:21:10.409 D/BangluIME(14307): voice: beginning
08-26 16:21:11.394 D/BangluIME(14307): voice: partial='আমি'
08-26 16:21:11.436 D/BangluIME(14307): voice: partial='আমি'
08-26 16:21:11.501 D/BangluIME(14307): voice: partial='আমি যদি'
08-26 16:21:11.638 D/BangluIME(14307): voice: partial='আমি যদি'
08-26 16:21:12.032 D/BangluIME(14307): voice: partial='আমি যদি'
08-26 16:21:12.303 D/BangluIME(14307): voice: partial='আমি যদি কিছুক্ষণ'
08-26 16:21:12.610 D/BangluIME(14307): voice: partial='আমি যদি কিছুক্ষণ পরে'
08-26 16:21:12.859 D/BangluIME(14307): voice: partial='আমি যদি কিছুক্ষণ পরে'
08-26 16:21:13.136 D/BangluIME(14307): voice: partial='আমি যদি কিছুক্ষণ পরে'
08-26 16:21:13.266 D/BangluIME(14307): voice: partial='আমি যদি কিছুক্ষণ পরে ভয়েস'
08-26 16:21:13.322 D/BangluIME(14307): voice: partial='আমি যদি কিছুক্ষণ পরে ভয়েস'
08-26 16:21:13.542 D/BangluIME(14307): voice: partial='আমি যদি কিছুক্ষণ পরে ভয়েস'
08-26 16:21:13.677 D/BangluIME(14307): voice: partial='আমি যদি কিছুক্ষণ পরে ভয়েস টাইপিং'
08-26 16:21:13.864 D/BangluIME(14307): voice: partial='আমি যদি কিছুক্ষণ পরে ভয়েস টাইপিং বন্ধ'
08-26 16:21:13.938 D/BangluIME(14307): voice: partial='আমি যদি কিছুক্ষণ পরে ভয়েস টাইপিং বন্ধ'
08-26 16:21:13.998 D/BangluIME(14307): voice: partial='আমি যদি কিছুক্ষণ পরে ভয়েস টাইপিং বন্ধ'
08-26 16:21:14.214 D/BangluIME(14307): voice: partial='আমি যদি কিছুক্ষণ পরে ভয়েস টাইপিং বন্ধ করে'
08-26 16:21:14.581 D/BangluIME(14307): voice: partial='আমি যদি কিছুক্ষণ পরে ভয়েস টাইপিং বন্ধ করে দেই'
08-26 16:21:14.763 D/BangluIME(14307): voice: partial='আমি যদি কিছুক্ষণ পরে ভয়েস টাইপিং বন্ধ করে দেই তাহলে'
08-26 16:21:14.983 D/BangluIME(14307): voice: partial='আমি যদি কিছুক্ষণ পরে ভয়েস টাইপিং বন্ধ করে দেই তাহলে'
08-26 16:21:15.224 D/BangluIME(14307): voice: partial='আমি যদি কিছুক্ষণ পরে ভয়েস টাইপিং বন্ধ করে দেই তাহলে দেখা'
08-26 16:21:15.303 D/BangluIME(14307): voice: partial='আমি যদি কিছুক্ষণ পরে ভয়েস টাইপিং বন্ধ করে দেই তাহলে দেখা'
08-26 16:21:15.548 D/BangluIME(14307): voice: partial='আমি যদি কিছুক্ষণ পরে ভয়েস টাইপিং বন্ধ করে দেই তাহলে দেখা যাচ্ছে'
08-26 16:21:15.742 D/BangluIME(14307): voice: partial='আমি যদি কিছুক্ষণ পরে ভয়েস টাইপিং বন্ধ করে দেই তাহলে দেখা যাচ্ছে'
08-26 16:21:15.928 D/BangluIME(14307): voice: partial='আমি যদি কিছুক্ষণ পরে ভয়েস টাইপিং বন্ধ করে দেই তাহলে দেখা যাচ্ছে যে'
08-26 16:21:16.071 D/BangluIME(14307): voice: partial='আমি যদি কিছুক্ষণ পরে ভয়েস টাইপিং বন্ধ করে দেই তাহলে দেখা যাচ্ছে যে'
08-26 16:21:16.255 D/BangluIME(14307): voice: partial='আমি যদি কিছুক্ষণ পরে ভয়েস টাইপিং বন্ধ করে দেই তাহলে দেখা যাচ্ছে যে'
08-26 16:21:16.312 D/BangluIME(14307): voice: partial='আমি যদি কিছুক্ষণ পরে ভয়েস টাইপিং বন্ধ করে দেই তাহলে দেখা যাচ্ছে যে ভয়েস'
08-26 16:21:16.376 D/BangluIME(14307): voice: partial='আমি যদি কিছুক্ষণ পরে ভয়েস টাইপিং বন্ধ করে দেই তাহলে দেখা যাচ্ছে যে ভয়েস'
08-26 16:21:16.505 D/BangluIME(14307): voice: partial='আমি যদি কিছুক্ষণ পরে ভয়েস টাইপিং বন্ধ করে দেই তাহলে দেখা যাচ্ছে যে ভয়েস'
08-26 16:21:16.624 D/BangluIME(14307): voice: partial='আমি যদি কিছুক্ষণ পরে ভয়েস টাইপিং বন্ধ করে দেই তাহলে দেখা যাচ্ছে যে ভয়েস'
08-26 16:21:16.747 D/BangluIME(14307): voice: partial='আমি যদি কিছুক্ষণ পরে ভয়েস টাইপিং বন্ধ করে দেই তাহলে দেখা যাচ্ছে যে ভয়েস'
08-26 16:21:16.824 D/BangluIME(14307): voice: partial='আমি যদি কিছুক্ষণ পরে ভয়েস টাইপিং বন্ধ করে দেই তাহলে দেখা যাচ্ছে যে ভয়েস টাইপিং'
08-26 16:21:17.210 D/BangluIME(14307): voice: partial='আমি যদি কিছুক্ষণ পরে ভয়েস টাইপিং বন্ধ করে দেই তাহলে দেখা যাচ্ছে যে ভয়েস টাইপিং রিপিট'
08-26 16:21:17.329 D/BangluIME(14307): voice: partial='আমি যদি কিছুক্ষণ পরে ভয়েস টাইপিং বন্ধ করে দেই তাহলে দেখা যাচ্ছে যে ভয়েস টাইপিং রিপিট হচ্ছে'
08-26 16:21:17.867 D/BangluIME(14307): voice: partial='আমি যদি কিছুক্ষণ পরে ভয়েস টাইপিং বন্ধ করে দেই তাহলে দেখা যাচ্ছে যে ভয়েস টাইপিং রিপিট হচ্ছে'
08-26 16:21:17.962 D/BangluIME(14307): voice: partial='আমি যদি কিছুক্ষণ পরে ভয়েস টাইপিং বন্ধ করে দেই তাহলে দেখা যাচ্ছে যে ভয়েস টাইপিং রিপিট হচ্ছে কেন'
08-26 16:21:18.181 D/BangluIME(14307): voice: partial='আমি যদি কিছুক্ষণ পরে ভয়েস টাইপিং বন্ধ করে দেই তাহলে দেখা যাচ্ছে যে ভয়েস টাইপিং রিপিট হচ্ছে কেন'
08-26 16:21:18.439 D/BangluIME(14307): voice: partial='আমি যদি কিছুক্ষণ পরে ভয়েস টাইপিং বন্ধ করে দেই তাহলে দেখা যাচ্ছে যে ভয়েস টাইপিং রিপিট হচ্ছে কেন এমন'
08-26 16:21:18.668 D/BangluIME(14307): voice: end
08-26 16:21:19.149 D/BangluIME(14307): voice: partial='আমি যদি কিছুক্ষণ পরে ভয়েস টাইপিং বন্ধ করে দেই তাহলে দেখা যাচ্ছে যে ভয়েস টাইপিং রিপিট হচ্ছে কেন এমন হচ্ছে'
08-26 16:21:21.868 D/BangluIME(14307): voice: pause commit terminal='আমি যদি কিছুক্ষণ পরে ভয়েস টাইপিং বন্ধ করে দেই তাহলে দেখা যাচ্ছে যে ভয়েস টাইপিং রিপিট হচ্ছে কেন এমন হচ্ছে'
08-26 16:21:22.266 D/BangluIME(14307): voice: beginning
08-26 16:21:27.496 D/BangluIME(14307): voice: end
08-26 16:21:27.819 D/BangluIME(14307): voice: beginning
08-26 16:21:29.413 D/BangluIME(14307): voice: end
08-26 16:21:29.671 D/BangluIME(14307): voice: beginning
08-26 16:21:30.432 D/BangluIME(14307): voice: end
08-26 16:21:35.542 D/BangluIME(14307): voice: empty results
08-26 16:22:27.573 D/BangluIME(14307): ime: finish_input_view buffer=0 voice=ERROR
08-26 16:22:27.575 D/BangluIME(14307): ime: finish_input buffer=0 voice=IDLE
08-26 16:22:27.576 D/BangluIME(14307): ime: start_input_view buffer=0 voice=IDLE
08-26 16:22:27.576 D/BangluIME(14307): inputSafety: raw=true private=true inputType=0 imeOptions=0
08-26 16:22:27.581 D/BangluIME(14307): ime: finish_input_view buffer=0 voice=IDLE
08-26 16:22:27.582 D/BangluIME(14307): ime: window_hidden buffer=0 voice=IDLE
08-26 16:23:06.635 D/BangluIME(14307): ime: finish_input buffer=0 voice=IDLE
08-26 16:23:06.648 D/BangluIME(14307): ime: start_input_view buffer=0 voice=IDLE
08-26 16:23:06.649 D/BangluIME(14307): inputSafety: raw=false private=false inputType=180225 imeOptions=1073741830
08-26 16:23:58.362 D/BangluIME(15655): ime: runtime_policy_installed buffer=0 voice=IDLE
08-26 16:23:58.501 D/BangluIME(15655): onCreate: Initializing SmartEngine...
08-26 16:23:58.861 D/BangluIME(15655): ime: start_input_view buffer=0 voice=IDLE
08-26 16:23:58.862 D/BangluIME(15655): inputSafety: raw=false private=false inputType=180225 imeOptions=1073741830
08-26 16:23:59.223 D/BangluIME(15655): onCreate: Seed dictionary loaded
08-26 16:23:59.281 D/BangluIME(15655): onCreate: Loading learned words...
08-26 16:23:59.300 E/BangluIME(15655): failure: strict_thread_DiskReadViolation
08-26 16:23:59.300 E/BangluIME(15655): android.os.strictmode.DiskReadViolation
08-26 16:23:59.300 E/BangluIME(15655): 	at android.os.StrictMode$AndroidBlockGuardPolicy.onReadFromDisk(StrictMode.java:1722)
08-26 16:23:59.300 E/BangluIME(15655): 	at android.database.sqlite.SQLiteConnection.applyBlockGuardPolicy(SQLiteConnection.java:1772)
08-26 16:23:59.300 E/BangluIME(15655): 	at android.database.sqlite.SQLiteConnection.executeForCursorWindow(SQLiteConnection.java:1376)
08-26 16:23:59.300 E/BangluIME(15655): 	at android.database.sqlite.SQLiteSession.executeForCursorWindow(SQLiteSession.java:873)
08-26 16:23:59.300 E/BangluIME(15655): 	at android.database.sqlite.SQLiteQuery.fillWindow(SQLiteQuery.java:62)
08-26 16:23:59.300 E/BangluIME(15655): 	at android.database.sqlite.SQLiteCursor.fillWindow(SQLiteCursor.java:157)
08-26 16:23:59.300 E/BangluIME(15655): 	at android.database.sqlite.SQLiteCursor.getCount(SQLiteCursor.java:144)
08-26 16:23:59.300 E/BangluIME(15655): 	at android.database.AbstractCursor.moveToPosition(AbstractCursor.java:252)
08-26 16:23:59.300 E/BangluIME(15655): 	at android.database.AbstractCursor.moveToFirst(AbstractCursor.java:291)
08-26 16:23:59.300 E/BangluIME(15655): 	at com.banglu.keyboard.SqlitePhoneticIndexStore.extendedAvailable_delegate$lambda$6(SqlitePhoneticIndexStore.kt:132)
08-26 16:23:59.300 E/BangluIME(15655): 	at com.banglu.keyboard.SqlitePhoneticIndexStore.$r8$lambda$vttT5DX4Piyn1OHcjWScb8rgB4o(SqlitePhoneticIndexStore.kt:0)
08-26 16:23:59.300 E/BangluIME(15655): 	at com.banglu.keyboard.SqlitePhoneticIndexStore$$ExternalSyntheticLambda0.invoke(D8$$SyntheticClass:0)
08-26 16:23:59.300 E/BangluIME(15655): 	at kotlin.SynchronizedLazyImpl.getValue(LazyJVM.kt:83)
08-26 16:23:59.300 E/BangluIME(15655): 	at com.banglu.keyboard.SqlitePhoneticIndexStore.getExtendedAvailable(SqlitePhoneticIndexStore.kt:127)
08-26 16:23:59.300 E/BangluIME(15655): 	at com.banglu.keyboard.SqlitePhoneticIndexStore.hasExtendedData(SqlitePhoneticIndexStore.kt:138)
08-26 16:23:59.300 E/BangluIME(15655): 	at com.banglu.engine.dictionary.SmartDictionary.attachExtendedStore(SmartDictionary.kt:43)
08-26 16:23:59.300 E/BangluIME(15655): 	at com.banglu.engine.SmartEngine.setPhoneticIndex(SmartEngine.kt:96)
08-26 16:23:59.300 E/BangluIME(15655): 	at com.banglu.engine.SmartEngineAdapter.setPhoneticIndex(SmartEngineAdapter.kt:211)
08-26 16:23:59.300 E/BangluIME(15655): 	at com.banglu.keyboard.BangluIMEService.attachPhoneticIndexStore(BangluIMEService.kt:1221)
08-26 16:23:59.300 E/BangluIME(15655): 	at com.banglu.keyboard.BangluIMEService.access$attachPhoneticIndexStore(BangluIMEService.kt:59)
08-26 16:23:59.300 E/BangluIME(15655): 	at com.banglu.keyboard.BangluIMEService$attachPhoneticIndexStore$1.invokeSuspend(BangluIMEService.kt:16)
08-26 16:23:59.300 E/BangluIME(15655): 	at kotlin.coroutines.jvm.internal.BaseContinuationImpl.resumeWith(ContinuationImpl.kt:33)
08-26 16:23:59.300 E/BangluIME(15655): 	at kotlinx.coroutines.DispatchedTask.run(DispatchedTask.kt:101)
08-26 16:23:59.300 E/BangluIME(15655): 	at android.os.Handler.handleCallback(Handler.java:995)
08-26 16:23:59.300 E/BangluIME(15655): 	at android.os.Handler.dispatchMessage(Handler.java:103)
08-26 16:23:59.300 E/BangluIME(15655): 	at android.os.Looper.loopOnce(Looper.java:273)
08-26 16:23:59.300 E/BangluIME(15655): 	at android.os.Looper.loop(Looper.java:363)
08-26 16:23:59.300 E/BangluIME(15655): 	at android.app.ActivityThread.main(ActivityThread.java:10060)
08-26 16:23:59.300 E/BangluIME(15655): 	at java.lang.reflect.Method.invoke(Native Method)
08-26 16:23:59.300 E/BangluIME(15655): 	at com.android.internal.os.RuntimeInit$MethodAndArgsCaller.run(RuntimeInit.java:632)
08-26 16:23:59.300 E/BangluIME(15655): 	at com.android.internal.os.ZygoteInit.main(ZygoteInit.java:975)
08-26 16:24:00.594 D/BangluIME(15655): onVoiceInput: state=IDLE
08-26 16:24:00.598 D/BangluIME(15655): onVoiceInput: startListening bn-BD offline=false
08-26 16:24:00.738 D/BangluIME(15655): voice: ready
08-26 16:24:02.536 D/BangluIME(15655): voice: beginning
08-26 16:24:02.899 D/BangluIME(15655): voice: raw partial='' -> owed=''
08-26 16:24:03.499 D/BangluIME(15655): voice: raw partial='আমি' -> owed='আমি'
08-26 16:24:03.499 D/BangluIME(15655): voice: partial='আমি'
08-26 16:24:03.667 D/BangluIME(15655): voice: raw partial='আমি' -> owed='আমি'
08-26 16:24:03.668 D/BangluIME(15655): voice: partial='আমি'
08-26 16:24:03.866 D/BangluIME(15655): voice: raw partial='আমি' -> owed='আমি'
08-26 16:24:03.866 D/BangluIME(15655): voice: partial='আমি'
08-26 16:24:04.057 D/BangluIME(15655): voice: raw partial='আমি ভয়েস' -> owed='আমি ভয়েস'
08-26 16:24:04.057 D/BangluIME(15655): voice: partial='আমি ভয়েস'
08-26 16:24:04.185 D/BangluIME(15655): voice: raw partial='আমি ভয়েস' -> owed='আমি ভয়েস'
08-26 16:24:04.185 D/BangluIME(15655): voice: partial='আমি ভয়েস'
08-26 16:24:04.574 D/BangluIME(15655): voice: raw partial='আমি ভয়েস টাইপিং' -> owed='আমি ভয়েস টাইপিং'
08-26 16:24:04.574 D/BangluIME(15655): voice: partial='আমি ভয়েস টাইপিং'
08-26 16:24:04.576 D/BangluIME(15655): voice: raw partial='আমি ভয়েস টাইপিং' -> owed='আমি ভয়েস টাইপিং'
08-26 16:24:04.576 D/BangluIME(15655): voice: partial='আমি ভয়েস টাইপিং'
08-26 16:24:04.762 D/BangluIME(15655): voice: raw partial='আমি ভয়েস টাইপিং টেস্ট' -> owed='আমি ভয়েস টাইপিং টেস্ট'
08-26 16:24:04.762 D/BangluIME(15655): voice: partial='আমি ভয়েস টাইপিং টেস্ট'
08-26 16:24:05.084 D/BangluIME(15655): voice: raw partial='আমি ভয়েস টাইপিং টেস্ট' -> owed='আমি ভয়েস টাইপিং টেস্ট'
08-26 16:24:05.084 D/BangluIME(15655): voice: partial='আমি ভয়েস টাইপিং টেস্ট'
08-26 16:24:05.141 D/BangluIME(15655): voice: raw partial='আমি ভয়েস টাইপিং টেস্ট করতেছি' -> owed='আমি ভয়েস টাইপিং টেস্ট করতেছি'
08-26 16:24:05.141 D/BangluIME(15655): voice: partial='আমি ভয়েস টাইপিং টেস্ট করতেছি'
08-26 16:24:05.398 D/BangluIME(15655): voice: raw partial='আমি ভয়েস টাইপিং টেস্ট করতেছি' -> owed='আমি ভয়েস টাইপিং টেস্ট করতেছি'
08-26 16:24:05.398 D/BangluIME(15655): voice: partial='আমি ভয়েস টাইপিং টেস্ট করতেছি'
08-26 16:24:05.522 D/BangluIME(15655): voice: raw partial='আমি ভয়েস টাইপিং টেস্ট করতেছি' -> owed='আমি ভয়েস টাইপিং টেস্ট করতেছি'
08-26 16:24:05.522 D/BangluIME(15655): voice: partial='আমি ভয়েস টাইপিং টেস্ট করতেছি'
08-26 16:24:05.642 D/BangluIME(15655): voice: raw partial='আমি ভয়েস টাইপিং টেস্ট করতেছি ভয়েস' -> owed='আমি ভয়েস টাইপিং টেস্ট করতেছি ভয়েস'
08-26 16:24:05.642 D/BangluIME(15655): voice: partial='আমি ভয়েস টাইপিং টেস্ট করতেছি ভয়েস'
08-26 16:24:05.860 D/BangluIME(15655): voice: raw partial='আমি ভয়েস টাইপিং টেস্ট করতেছি ভয়েস' -> owed='আমি ভয়েস টাইপিং টেস্ট করতেছি ভয়েস'
08-26 16:24:05.860 D/BangluIME(15655): voice: partial='আমি ভয়েস টাইপিং টেস্ট করতেছি ভয়েস'
08-26 16:24:06.169 D/BangluIME(15655): voice: raw partial='আমি ভয়েস টাইপিং টেস্ট করতেছি ভয়েস টাইপিং' -> owed='আমি ভয়েস টাইপিং টেস্ট করতেছি ভয়েস টাইপিং'
08-26 16:24:06.169 D/BangluIME(15655): voice: partial='আমি ভয়েস টাইপিং টেস্ট করতেছি ভয়েস টাইপিং'
08-26 16:24:06.196 D/BangluIME(15655): onCreate: Learned words loaded
08-26 16:24:06.369 D/BangluIME(15655): voice: raw partial='আমি ভয়েস টাইপিং টেস্ট করতেছি ভয়েস টাইপিং' -> owed='আমি ভয়েস টাইপিং টেস্ট করতেছি ভয়েস টাইপিং'
08-26 16:24:06.370 D/BangluIME(15655): voice: partial='আমি ভয়েস টাইপিং টেস্ট করতেছি ভয়েস টাইপিং'
08-26 16:24:06.420 D/BangluIME(15655): voice: raw partial='আমি ভয়েস টাইপিং টেস্ট করতেছি ভয়েস টাইপিং' -> owed='আমি ভয়েস টাইপিং টেস্ট করতেছি ভয়েস টাইপিং'
08-26 16:24:06.420 D/BangluIME(15655): voice: partial='আমি ভয়েস টাইপিং টেস্ট করতেছি ভয়েস টাইপিং'
08-26 16:24:06.422 D/BangluIME(15655): voice: raw partial='আমি ভয়েস টাইপিং টেস্ট করতেছি ভয়েস টাইপিং একটু' -> owed='আমি ভয়েস টাইপিং টেস্ট করতেছি ভয়েস টাইপিং একটু'
08-26 16:24:06.423 D/BangluIME(15655): voice: partial='আমি ভয়েস টাইপিং টেস্ট করতেছি ভয়েস টাইপিং একটু'
08-26 16:24:06.500 D/BangluIME(15655): voice: raw partial='আমি ভয়েস টাইপিং টেস্ট করতেছি ভয়েস টাইপিং একটু' -> owed='আমি ভয়েস টাইপিং টেস্ট করতেছি ভয়েস টাইপিং একটু'
08-26 16:24:06.500 D/BangluIME(15655): voice: partial='আমি ভয়েস টাইপিং টেস্ট করতেছি ভয়েস টাইপিং একটু'
08-26 16:24:06.570 D/BangluIME(15655): voice: raw partial='আমি ভয়েস টাইপিং টেস্ট করতেছি ভয়েস টাইপিং একটু' -> owed='আমি ভয়েস টাইপিং টেস্ট করতেছি ভয়েস টাইপিং একটু'
08-26 16:24:06.570 D/BangluIME(15655): voice: partial='আমি ভয়েস টাইপিং টেস্ট করতেছি ভয়েস টাইপিং একটু'
08-26 16:24:07.082 D/BangluIME(15655): voice: raw partial='আমি ভয়েস টাইপিং টেস্ট করতেছি ভয়েস টাইপিং একটু' -> owed='আমি ভয়েস টাইপিং টেস্ট করতেছি ভয়েস টাইপিং একটু'
08-26 16:24:07.082 D/BangluIME(15655): voice: partial='আমি ভয়েস টাইপিং টেস্ট করতেছি ভয়েস টাইপিং একটু'
08-26 16:24:07.183 D/BangluIME(15655): voice: raw partial='আমি ভয়েস টাইপিং টেস্ট করতেছি ভয়েস টাইপিং একটু আনইন্সটল' -> owed='আমি ভয়েস টাইপিং টেস্ট করতেছি ভয়েস টাইপিং একটু আনইন্সটল'
08-26 16:24:07.183 D/BangluIME(15655): voice: partial='আমি ভয়েস টাইপিং টেস্ট করতেছি ভয়েস টাইপিং একটু আনইন্সটল'
08-26 16:24:07.255 D/BangluIME(15655): voice: raw partial='আমি ভয়েস টাইপিং টেস্ট করতেছি ভয়েস টাইপিং একটু আনইন্সটল' -> owed='আমি ভয়েস টাইপিং টেস্ট করতেছি ভয়েস টাইপিং একটু আনইন্সটল'
08-26 16:24:07.255 D/BangluIME(15655): voice: partial='আমি ভয়েস টাইপিং টেস্ট করতেছি ভয়েস টাইপিং একটু আনইন্সটল'
08-26 16:24:07.646 D/BangluIME(15655): voice: raw partial='আমি ভয়েস টাইপিং টেস্ট করতেছি ভয়েস টাইপিং একটু আনইন্সটল তাই' -> owed='আমি ভয়েস টাইপিং টেস্ট করতেছি ভয়েস টাইপিং একটু আনইন্সটল তাই'
08-26 16:24:07.646 D/BangluIME(15655): voice: partial='আমি ভয়েস টাইপিং টেস্ট করতেছি ভয়েস টাইপিং একটু আনইন্সটল তাই'
08-26 16:24:07.773 D/BangluIME(15655): voice: raw partial='আমি ভয়েস টাইপিং টেস্ট করতেছি ভয়েস টাইপিং একটু আনইন্সটল তাই' -> owed='আমি ভয়েস টাইপিং টেস্ট করতেছি ভয়েস টাইপিং একটু আনইন্সটল তাই'
08-26 16:24:07.773 D/BangluIME(15655): voice: partial='আমি ভয়েস টাইপিং টেস্ট করতেছি ভয়েস টাইপিং একটু আনইন্সটল তাই'
08-26 16:24:07.815 D/BangluIME(15655): voice: raw partial='আমি ভয়েস টাইপিং টেস্ট করতেছি ভয়েস টাইপিং একটু আনইন্সটল তাই টেস্ট' -> owed='আমি ভয়েস টাইপিং টেস্ট করতেছি ভয়েস টাইপিং একটু আনইন্সটল তাই টেস্ট'
08-26 16:24:07.815 D/BangluIME(15655): voice: partial='আমি ভয়েস টাইপিং টেস্ট করতেছি ভয়েস টাইপিং একটু আনইন্সটল তাই টেস্ট'
08-26 16:24:08.272 D/BangluIME(15655): voice: end
08-26 16:24:08.669 D/BangluIME(15655): voice: raw partial='আমি ভয়েস টাইপিং টেস্ট করতেছি ভয়েস টাইপিং একটু আনইন্সটল তাই টেস্ট করতেছি' -> owed='আমি ভয়েস টাইপিং টেস্ট করতেছি ভয়েস টাইপিং একটু আনইন্সটল তাই টেস্ট করতেছি'
08-26 16:24:08.669 D/BangluIME(15655): voice: partial='আমি ভয়েস টাইপিং টেস্ট করতেছি ভয়েস টাইপিং একটু আনইন্সটল তাই টেস্ট করতেছি'
08-26 16:24:11.479 D/BangluIME(15655): voice: pause commit terminal='আমি ভয়েস টাইপিং টেস্ট করতেছি ভয়েস টাইপিং একটু আনইন্সটল তাই টেস্ট করতেছি'
08-26 16:24:13.374 D/BangluIME(15655): voice: raw results n=0 first=''
08-26 16:24:13.374 D/BangluIME(15655): voice: empty results
08-26 16:24:15.787 D/BangluIME(15655): onVoiceInput: state=ERROR
08-26 16:24:15.791 D/BangluIME(15655): onVoiceInput: startListening bn-BD offline=false
08-26 16:24:15.950 D/BangluIME(15655): voice: ready
08-26 16:24:17.101 D/BangluIME(15655): voice: beginning
08-26 16:24:17.682 D/BangluIME(15655): voice: raw partial='' -> owed=''
08-26 16:24:17.929 D/BangluIME(15655): voice: raw partial='' -> owed=''
08-26 16:24:18.078 D/BangluIME(15655): voice: raw partial='' -> owed=''
08-26 16:24:18.206 D/BangluIME(15655): voice: raw partial='' -> owed=''
08-26 16:24:18.323 D/BangluIME(15655): voice: raw partial='ভয়েস' -> owed='ভয়েস'
08-26 16:24:18.323 D/BangluIME(15655): voice: partial='ভয়েস'
08-26 16:24:18.396 D/BangluIME(15655): voice: raw partial='ভয়েস' -> owed='ভয়েস'
08-26 16:24:18.397 D/BangluIME(15655): voice: partial='ভয়েস'
08-26 16:24:18.518 D/BangluIME(15655): voice: raw partial='ভয়েস' -> owed='ভয়েস'
08-26 16:24:18.518 D/BangluIME(15655): voice: partial='ভয়েস'
08-26 16:24:18.641 D/BangluIME(15655): voice: raw partial='ভয়েস টাইপিং' -> owed='ভয়েস টাইপিং'
08-26 16:24:18.641 D/BangluIME(15655): voice: partial='ভয়েস টাইপিং'
08-26 16:24:18.647 D/BangluIME(15655): voice: raw partial='ভয়েস টাইপিং' -> owed='ভয়েস টাইপিং'
08-26 16:24:18.647 D/BangluIME(15655): voice: partial='ভয়েস টাইপিং'
08-26 16:24:18.914 D/BangluIME(15655): voice: raw partial='ভয়েস টাইপিং' -> owed='ভয়েস টাইপিং'
08-26 16:24:18.914 D/BangluIME(15655): voice: partial='ভয়েস টাইপিং'
08-26 16:24:19.203 D/BangluIME(15655): voice: end
08-26 16:24:19.412 D/BangluIME(15655): voice: beginning
08-26 16:24:19.486 D/BangluIME(15655): voice: raw partial='ভয়েস টাইপিং ঠিকমতো' -> owed='ভয়েস টাইপিং ঠিকমতো'
08-26 16:24:19.486 D/BangluIME(15655): voice: partial='ভয়েস টাইপিং ঠিকমতো'
08-26 16:24:19.491 D/BangluIME(15655): voice: raw partial='ভয়েস টাইপিং ঠিকমতো ওয়ার্ড' -> owed='ভয়েস টাইপিং ঠিকমতো ওয়ার্ড'
08-26 16:24:19.491 D/BangluIME(15655): voice: partial='ভয়েস টাইপিং ঠিকমতো ওয়ার্ড'
08-26 16:24:19.859 D/BangluIME(15655): voice: raw partial='ভয়েস টাইপিং ঠিকমতো ওয়ার্ড' -> owed='ভয়েস টাইপিং ঠিকমতো ওয়ার্ড'
08-26 16:24:19.859 D/BangluIME(15655): voice: partial='ভয়েস টাইপিং ঠিকমতো ওয়ার্ড'
08-26 16:24:20.177 D/BangluIME(15655): voice: raw partial='ভয়েস টাইপিং ঠিকমতো ওয়ার্ড' -> owed='ভয়েস টাইপিং ঠিকমতো ওয়ার্ড'
08-26 16:24:20.177 D/BangluIME(15655): voice: partial='ভয়েস টাইপিং ঠিকমতো ওয়ার্ড'
08-26 16:24:20.436 D/BangluIME(15655): voice: raw partial='ভয়েস টাইপিং ঠিকমতো ওয়ার্ড পিক' -> owed='ভয়েস টাইপিং ঠিকমতো ওয়ার্ড পিক'
08-26 16:24:20.436 D/BangluIME(15655): voice: partial='ভয়েস টাইপিং ঠিকমতো ওয়ার্ড পিক'
08-26 16:24:20.562 D/BangluIME(15655): voice: raw partial='ভয়েস টাইপিং ঠিকমতো ওয়ার্ড পিক' -> owed='ভয়েস টাইপিং ঠিকমতো ওয়ার্ড পিক'
08-26 16:24:20.562 D/BangluIME(15655): voice: partial='ভয়েস টাইপিং ঠিকমতো ওয়ার্ড পিক'
08-26 16:24:21.005 D/BangluIME(15655): voice: raw partial='ভয়েস টাইপিং ঠিকমতো ওয়ার্ড পিক' -> owed='ভয়েস টাইপিং ঠিকমতো ওয়ার্ড পিক'
08-26 16:24:21.005 D/BangluIME(15655): voice: partial='ভয়েস টাইপিং ঠিকমতো ওয়ার্ড পিক'
08-26 16:24:21.006 D/BangluIME(15655): voice: raw partial='ভয়েস টাইপিং ঠিকমতো ওয়ার্ড পিক করতেছে' -> owed='ভয়েস টাইপিং ঠিকমতো ওয়ার্ড পিক করতেছে'
08-26 16:24:21.006 D/BangluIME(15655): voice: partial='ভয়েস টাইপিং ঠিকমতো ওয়ার্ড পিক করতেছে'
08-26 16:24:21.139 D/BangluIME(15655): voice: raw partial='ভয়েস টাইপিং ঠিকমতো ওয়ার্ড পিক করতেছে না' -> owed='ভয়েস টাইপিং ঠিকমতো ওয়ার্ড পিক করতেছে না'
08-26 16:24:21.139 D/BangluIME(15655): voice: partial='ভয়েস টাইপিং ঠিকমতো ওয়ার্ড পিক করতেছে না'
08-26 16:24:21.271 D/BangluIME(15655): voice: raw partial='ভয়েস টাইপিং ঠিকমতো ওয়ার্ড পিক করতেছে না' -> owed='ভয়েস টাইপিং ঠিকমতো ওয়ার্ড পিক করতেছে না'
08-26 16:24:21.271 D/BangluIME(15655): voice: partial='ভয়েস টাইপিং ঠিকমতো ওয়ার্ড পিক করতেছে না'
08-26 16:24:21.443 D/BangluIME(15655): voice: raw partial='ভয়েস টাইপিং ঠিকমতো ওয়ার্ড পিক করতেছে না' -> owed='ভয়েস টাইপিং ঠিকমতো ওয়ার্ড পিক করতেছে না'
08-26 16:24:21.443 D/BangluIME(15655): voice: partial='ভয়েস টাইপিং ঠিকমতো ওয়ার্ড পিক করতেছে না'
08-26 16:24:21.592 D/BangluIME(15655): voice: raw partial='ভয়েস টাইপিং ঠিকমতো ওয়ার্ড পিক করতেছে না ভয়েস' -> owed='ভয়েস টাইপিং ঠিকমতো ওয়ার্ড পিক করতেছে না ভয়েস'
08-26 16:24:21.592 D/BangluIME(15655): voice: partial='ভয়েস টাইপিং ঠিকমতো ওয়ার্ড পিক করতেছে না ভয়েস'
08-26 16:24:21.815 D/BangluIME(15655): voice: end
08-26 16:24:21.896 D/BangluIME(15655): voice: beginning
08-26 16:24:22.016 D/BangluIME(15655): voice: raw partial='ভয়েস টাইপিং ঠিকমতো ওয়ার্ড পিক করতেছে না ভয়েস টাইপিং' -> owed='ভয়েস টাইপিং ঠিকমতো ওয়ার্ড পিক করতেছে না ভয়েস টাইপিং'
08-26 16:24:22.016 D/BangluIME(15655): voice: partial='ভয়েস টাইপিং ঠিকমতো ওয়ার্ড পিক করতেছে না ভয়েস টাইপিং'
08-26 16:24:22.280 D/BangluIME(15655): voice: raw partial='ভয়েস টাইপিং ঠিকমতো ওয়ার্ড পিক করতেছে না ভয়েস টাইপিং' -> owed='ভয়েস টাইপিং ঠিকমতো ওয়ার্ড পিক করতেছে না ভয়েস টাইপিং'
08-26 16:24:22.280 D/BangluIME(15655): voice: partial='ভয়েস টাইপিং ঠিকমতো ওয়ার্ড পিক করতেছে না ভয়েস টাইপিং'
08-26 16:24:22.629 D/BangluIME(15655): voice: raw partial='ভয়েস টাইপিং ঠিকমতো ওয়ার্ড পিক করতেছে না ভয়েস টাইপিং' -> owed='ভয়েস টাইপিং ঠিকমতো ওয়ার্ড পিক করতেছে না ভয়েস টাইপিং'
08-26 16:24:22.629 D/BangluIME(15655): voice: partial='ভয়েস টাইপিং ঠিকমতো ওয়ার্ড পিক করতেছে না ভয়েস টাইপিং'
08-26 16:24:22.932 D/BangluIME(15655): voice: raw partial='ভয়েস টাইপিং ঠিকমতো ওয়ার্ড পিক করতেছে না ভয়েস টাইপিং' -> owed='ভয়েস টাইপিং ঠিকমতো ওয়ার্ড পিক করতেছে না ভয়েস টাইপিং'
08-26 16:24:22.932 D/BangluIME(15655): voice: partial='ভয়েস টাইপিং ঠিকমতো ওয়ার্ড পিক করতেছে না ভয়েস টাইপিং'
08-26 16:24:23.207 D/BangluIME(15655): voice: raw partial='ভয়েস টাইপিং ঠিকমতো ওয়ার্ড পিক করতেছে না ভয়েস টাইপিং ঠিকঠাক' -> owed='ভয়েস টাইপিং ঠিকমতো ওয়ার্ড পিক করতেছে না ভয়েস টাইপিং ঠিকঠাক'
08-26 16:24:23.207 D/BangluIME(15655): voice: partial='ভয়েস টাইপিং ঠিকমতো ওয়ার্ড পিক করতেছে না ভয়েস টাইপিং ঠিকঠাক'
08-26 16:24:23.245 D/BangluIME(15655): voice: raw partial='ভয়েস টাইপিং ঠিকমতো ওয়ার্ড পিক করতেছে না ভয়েস টাইপিং ঠিকঠাক' -> owed='ভয়েস টাইপিং ঠিকমতো ওয়ার্ড পিক করতেছে না ভয়েস টাইপিং ঠিকঠাক'
08-26 16:24:23.245 D/BangluIME(15655): voice: partial='ভয়েস টাইপিং ঠিকমতো ওয়ার্ড পিক করতেছে না ভয়েস টাইপিং ঠিকঠাক'
08-26 16:24:23.501 D/BangluIME(15655): voice: raw partial='ভয়েস টাইপিং ঠিকমতো ওয়ার্ড পিক করতেছে না ভয়েস টাইপিং ঠিকঠাক ওয়ার্ড' -> owed='ভয়েস টাইপিং ঠিকমতো ওয়ার্ড পিক করতেছে না ভয়েস টাইপিং ঠিকঠাক ওয়ার্ড'
08-26 16:24:23.501 D/BangluIME(15655): voice: partial='ভয়েস টাইপিং ঠিকমতো ওয়ার্ড পিক করতেছে না ভয়েস টাইপিং ঠিকঠাক ওয়ার্ড'
08-26 16:24:23.623 D/BangluIME(15655): voice: raw partial='ভয়েস টাইপিং ঠিকমতো ওয়ার্ড পিক করতেছে না ভয়েস টাইপিং ঠিকঠাক ওয়ার্ড' -> owed='ভয়েস টাইপিং ঠিকমতো ওয়ার্ড পিক করতেছে না ভয়েস টাইপিং ঠিকঠাক ওয়ার্ড'
08-26 16:24:23.624 D/BangluIME(15655): voice: partial='ভয়েস টাইপিং ঠিকমতো ওয়ার্ড পিক করতেছে না ভয়েস টাইপিং ঠিকঠাক ওয়ার্ড'
08-26 16:24:23.774 D/BangluIME(15655): voice: raw partial='ভয়েস টাইপিং ঠিকমতো ওয়ার্ড পিক করতেছে না ভয়েস টাইপিং ঠিকঠাক ওয়ার্ড' -> owed='ভয়েস টাইপিং ঠিকমতো ওয়ার্ড পিক করতেছে না ভয়েস টাইপিং ঠিকঠাক ওয়ার্ড'
08-26 16:24:23.774 D/BangluIME(15655): voice: partial='ভয়েস টাইপিং ঠিকমতো ওয়ার্ড পিক করতেছে না ভয়েস টাইপিং ঠিকঠাক ওয়ার্ড'
08-26 16:24:23.890 D/BangluIME(15655): voice: raw partial='ভয়েস টাইপিং ঠিকমতো ওয়ার্ড পিক করতেছে না ভয়েস টাইপিং ঠিকঠাক ওয়ার্ড পিক' -> owed='ভয়েস টাইপিং ঠিকমতো ওয়ার্ড পিক করতেছে না ভয়েস টাইপিং ঠিকঠাক ওয়ার্ড পিক'
08-26 16:24:23.890 D/BangluIME(15655): voice: partial='ভয়েস টাইপিং ঠিকমতো ওয়ার্ড পিক করতেছে না ভয়েস টাইপিং ঠিকঠাক ওয়ার্ড পিক'
08-26 16:24:24.141 D/BangluIME(15655): voice: end
08-26 16:24:24.530 D/BangluIME(15655): voice: raw partial='ভয়েস টাইপিং ঠিকমতো ওয়ার্ড পিক করতেছে না ভয়েস টাইপিং ঠিকঠাক ওয়ার্ড পিক করতেছে না' -> owed='ভয়েস টাইপিং ঠিকমতো ওয়ার্ড পিক করতেছে না ভয়েস টাইপিং ঠিকঠাক ওয়ার্ড পিক করতেছে না'
08-26 16:24:24.530 D/BangluIME(15655): voice: partial='ভয়েস টাইপিং ঠিকমতো ওয়ার্ড পিক করতেছে না ভয়েস টাইপিং ঠিকঠাক ওয়ার্ড পিক করতেছে না'
08-26 16:24:27.343 D/BangluIME(15655): voice: pause commit terminal='ভয়েস টাইপিং ঠিকমতো ওয়ার্ড পিক করতেছে না ভয়েস টাইপিং ঠিকঠাক ওয়ার্ড পিক করতেছে না'
08-26 16:24:28.211 D/BangluIME(15655): voice: beginning
08-26 16:24:28.692 D/BangluIME(15655): voice: raw partial='' -> owed=''
08-26 16:24:29.007 D/BangluIME(15655): voice: raw partial='' -> owed=''
08-26 16:24:29.075 D/BangluIME(15655): voice: raw partial='' -> owed=''
08-26 16:24:29.268 D/BangluIME(15655): voice: raw partial='বারবার' -> owed=''
08-26 16:24:29.437 D/BangluIME(15655): voice: raw partial='বারবার' -> owed=''
08-26 16:24:29.745 D/BangluIME(15655): voice: raw partial='বারবার' -> owed=''
08-26 16:24:29.839 D/BangluIME(15655): voice: raw partial='বারবার রিপিট' -> owed=''
08-26 16:24:29.964 D/BangluIME(15655): voice: raw partial='বারবার রিপিট' -> owed=''
08-26 16:24:30.035 D/BangluIME(15655): voice: raw partial='বারবার রিপিট ওয়ার্ড' -> owed=''
08-26 16:24:30.148 D/BangluIME(15655): voice: raw partial='বারবার রিপিট ওয়ার্ড' -> owed=''
08-26 16:24:30.303 D/BangluIME(15655): voice: raw partial='বারবার রিপিট ওয়ার্ড পিক' -> owed=''
08-26 16:24:30.469 D/BangluIME(15655): voice: raw partial='বারবার রিপিট ওয়ার্ড পিক' -> owed=''
08-26 16:24:30.599 D/BangluIME(15655): voice: raw partial='বারবার রিপিট ওয়ার্ড পিক' -> owed=''
08-26 16:24:30.720 D/BangluIME(15655): voice: raw partial='বারবার রিপিট ওয়ার্ড পিক করতেছে' -> owed=''
08-26 16:24:30.793 D/BangluIME(15655): voice: raw partial='বারবার রিপিট ওয়ার্ড পিক করতেছে' -> owed=''
08-26 16:24:30.921 D/BangluIME(15655): voice: raw partial='বারবার রিপিট ওয়ার্ড পিক করতেছে' -> owed=''
08-26 16:24:31.056 D/BangluIME(15655): voice: raw partial='বারবার রিপিট ওয়ার্ড পিক করতেছে এই' -> owed=''
08-26 16:24:31.245 D/BangluIME(15655): voice: raw partial='বারবার রিপিট ওয়ার্ড পিক করতেছে এই যে' -> owed=''
08-26 16:24:31.424 D/BangluIME(15655): voice: raw partial='বারবার রিপিট ওয়ার্ড পিক করতেছে এই যে এই' -> owed=''
08-26 16:24:31.570 D/BangluIME(15655): voice: raw partial='বারবার রিপিট ওয়ার্ড পিক করতেছে এই যে এই যে' -> owed=''
08-26 16:24:31.746 D/BangluIME(15655): voice: raw partial='বারবার রিপিট ওয়ার্ড পিক করতেছে এই যে এই যে' -> owed=''
08-26 16:24:32.005 D/BangluIME(15655): voice: raw partial='বারবার রিপিট ওয়ার্ড পিক করতেছে এই যে এই যে' -> owed=''
08-26 16:24:32.263 D/BangluIME(15655): voice: raw partial='বারবার রিপিট ওয়ার্ড পিক করতেছে এই যে এই যে' -> owed=''
08-26 16:24:32.414 D/BangluIME(15655): voice: raw partial='বারবার রিপিট ওয়ার্ড পিক করতেছে এই যে এই যে ভয়েস' -> owed=''
08-26 16:24:32.814 D/BangluIME(15655): voice: raw partial='বারবার রিপিট ওয়ার্ড পিক করতেছে এই যে এই যে ভয়েস' -> owed=''
08-26 16:24:32.836 D/BangluIME(15655): voice: raw partial='বারবার রিপিট ওয়ার্ড পিক করতেছে এই যে এই যে ভয়েস টাইপিং' -> owed=''
08-26 16:24:32.978 D/BangluIME(15655): voice: raw partial='বারবার রিপিট ওয়ার্ড পিক করতেছে এই যে এই যে ভয়েস টাইপিং' -> owed=''
08-26 16:24:33.099 D/BangluIME(15655): voice: raw partial='বারবার রিপিট ওয়ার্ড পিক করতেছে এই যে এই যে ভয়েস টাইপিং' -> owed=''
08-26 16:24:33.236 D/BangluIME(15655): voice: raw partial='বারবার রিপিট ওয়ার্ড পিক করতেছে এই যে এই যে ভয়েস টাইপিং' -> owed=''
08-26 16:24:33.550 D/BangluIME(15655): voice: raw partial='বারবার রিপিট ওয়ার্ড পিক করতেছে এই যে এই যে ভয়েস টাইপিং' -> owed=''
08-26 16:24:33.838 D/BangluIME(15655): voice: raw partial='বারবার রিপিট ওয়ার্ড পিক করতেছে এই যে এই যে ভয়েস টাইপিং করতেছে না' -> owed=''
08-26 16:24:33.923 D/BangluIME(15655): voice: raw partial='বারবার রিপিট ওয়ার্ড পিক করতেছে এই যে এই যে ভয়েস টাইপিং করতেছে না' -> owed=''
08-26 16:24:34.303 D/BangluIME(15655): voice: raw partial='বারবার রিপিট ওয়ার্ড পিক করতেছে এই যে এই যে ভয়েস টাইপিং করতেছে না ভয়েস' -> owed=''
08-26 16:24:34.502 D/BangluIME(15655): voice: raw partial='বারবার রিপিট ওয়ার্ড পিক করতেছে এই যে এই যে ভয়েস টাইপিং করতেছে না ভয়েস টাইপিং' -> owed='টাইপিং'
08-26 16:24:34.502 D/BangluIME(15655): voice: partial='টাইপিং'
08-26 16:24:34.570 D/BangluIME(15655): voice: raw partial='বারবার রিপিট ওয়ার্ড পিক করতেছে এই যে এই যে ভয়েস টাইপিং করতেছে না ভয়েস টাইপিং' -> owed='টাইপিং'
08-26 16:24:34.570 D/BangluIME(15655): voice: partial='টাইপিং'
08-26 16:24:35.044 D/BangluIME(15655): voice: raw partial='বারবার রিপিট ওয়ার্ড পিক করতেছে এই যে এই যে ভয়েস টাইপিং করতেছে না ভয়েস টাইপিং' -> owed='টাইপিং'
08-26 16:24:35.044 D/BangluIME(15655): voice: partial='টাইপিং'
08-26 16:24:35.206 D/BangluIME(15655): voice: raw partial='বারবার রিপিট ওয়ার্ড পিক করতেছে এই যে এই যে ভয়েস টাইপিং করতেছে না ভয়েস টাইপিং হ্যালো' -> owed='টাইপিং হ্যালো'
08-26 16:24:35.206 D/BangluIME(15655): voice: partial='টাইপিং হ্যালো'
08-26 16:24:35.599 D/BangluIME(15655): voice: raw partial='বারবার রিপিট ওয়ার্ড পিক করতেছে এই যে এই যে ভয়েস টাইপিং করতেছে না ভয়েস টাইপিং হ্যালো হ্যালো' -> owed='টাইপিং হ্যালো হ্যালো'
08-26 16:24:35.599 D/BangluIME(15655): voice: partial='টাইপিং হ্যালো হ্যালো'
08-26 16:24:35.683 D/BangluIME(15655): voice: raw partial='বারবার রিপিট ওয়ার্ড পিক করতেছে এই যে এই যে ভয়েস টাইপিং করতেছে না ভয়েস টাইপিং হ্যালো হ্যালো' -> owed='টাইপিং হ্যালো হ্যালো'
08-26 16:24:35.683 D/BangluIME(15655): voice: partial='টাইপিং হ্যালো হ্যালো'
08-26 16:24:36.217 D/BangluIME(15655): voice: end
08-26 16:24:36.626 D/BangluIME(15655): voice: raw partial='বারবার রিপিট ওয়ার্ড পিক করতেছে এই যে এই যে ভয়েস টাইপিং করতেছে না ভয়েস টাইপিং হ্যালো হ্যালো হ্যালো' -> owed='টাইপিং হ্যালো হ্যালো হ্যালো'
08-26 16:24:36.626 D/BangluIME(15655): voice: partial='টাইপিং হ্যালো হ্যালো হ্যালো'
08-26 16:24:37.507 D/BangluIME(15655): voice: beginning
08-26 16:24:38.223 D/BangluIME(15655): voice: end
08-26 16:24:38.676 D/BangluIME(15655): voice: raw partial='' -> owed=''
08-26 16:24:39.687 D/BangluIME(15655): voice: beginning
08-26 16:24:39.689 D/BangluIME(15655): voice: measured pause commit mark=',' pauseMs=1465 text='টাইপিং হ্যালো হ্যালো হ্যালো'
08-26 16:24:40.196 D/BangluIME(15655): voice: raw partial='' -> owed=''
08-26 16:24:40.466 D/BangluIME(15655): voice: raw partial='' -> owed=''
08-26 16:24:40.638 D/BangluIME(15655): voice: raw partial='' -> owed=''
08-26 16:24:40.836 D/BangluIME(15655): voice: raw partial='ভয়েস' -> owed=''
08-26 16:24:41.227 D/BangluIME(15655): voice: raw partial='ভয়েস টাইপিং' -> owed=''
08-26 16:24:41.287 D/BangluIME(15655): voice: raw partial='ভয়েস টাইপিং' -> owed=''
08-26 16:24:41.426 D/BangluIME(15655): voice: raw partial='ভয়েস টাইপিং' -> owed=''
08-26 16:24:41.492 D/BangluIME(15655): voice: raw partial='ভয়েস টাইপিং' -> owed=''
08-26 16:24:41.544 D/BangluIME(15655): voice: raw partial='ভয়েস টাইপিং' -> owed=''
08-26 16:24:41.922 D/BangluIME(15655): voice: end
08-26 16:24:42.387 D/BangluIME(15655): voice: beginning
08-26 16:24:42.456 D/BangluIME(15655): voice: raw partial='ভয়েস টাইপিং করতেছে না' -> owed=''
08-26 16:24:42.892 D/BangluIME(15655): voice: raw partial='ভয়েস টাইপিং' -> owed=''
08-26 16:24:42.960 D/BangluIME(15655): voice: raw partial='ভয়েস টাইপিং' -> owed=''
08-26 16:24:43.274 D/BangluIME(15655): voice: raw partial='ভয়েস টাইপিং' -> owed=''
08-26 16:24:43.398 D/BangluIME(15655): voice: raw partial='ভয়েস টাইপিং' -> owed=''
08-26 16:24:43.466 D/BangluIME(15655): voice: raw partial='ভয়েস টাইপিং' -> owed=''
08-26 16:24:43.584 D/BangluIME(15655): voice: raw partial='ভয়েস টাইপিং' -> owed=''
08-26 16:24:43.664 D/BangluIME(15655): voice: raw partial='ভয়েস টাইপিং' -> owed=''
08-26 16:24:43.739 D/BangluIME(15655): voice: raw partial='ভয়েস টাইপিং' -> owed=''
08-26 16:24:44.293 D/BangluIME(15655): voice: end
08-26 16:24:44.687 D/BangluIME(15655): voice: raw partial='ভয়েস টাইপিং' -> owed=''
08-26 16:24:46.988 D/BangluIME(15655): voice: beginning
08-26 16:24:47.889 D/BangluIME(15655): voice: raw partial='' -> owed=''
08-26 16:24:47.955 D/BangluIME(15655): voice: raw partial='' -> owed=''
08-26 16:24:48.520 D/BangluIME(15655): voice: raw partial='হ্যালো হ্যালো' -> owed=''
08-26 16:24:48.598 D/BangluIME(15655): voice: raw partial='হ্যালো হ্যালো হ্যালো' -> owed=''
08-26 16:24:48.705 D/BangluIME(15655): voice: raw partial='' -> owed=''
08-26 16:24:49.810 D/BangluIME(15655): voice: raw partial='' -> owed=''
08-26 16:24:50.448 D/BangluIME(15655): voice: raw partial='হ্যালো হ্যালো হ্যালো' -> owed=''
08-26 16:24:50.621 D/BangluIME(15655): voice: raw partial='' -> owed=''
08-26 16:24:50.935 D/BangluIME(15655): voice: raw partial='' -> owed=''
08-26 16:24:51.584 D/BangluIME(15655): voice: raw partial='হ্যালো হ্যালো হ্যালো' -> owed=''
08-26 16:24:53.327 D/BangluIME(15655): voice: end
08-26 16:24:53.633 D/BangluIME(15655): voice: beginning
08-26 16:24:56.014 D/BangluIME(15655): voice: end
08-26 16:24:56.384 D/BangluIME(15655): voice: raw partial='হ্যালো হ্যালো হ্যালো' -> owed=''
08-26 16:25:01.119 D/BangluIME(15655): voice: raw results n=0 first=''
08-26 16:25:01.120 D/BangluIME(15655): voice: empty results
08-26 16:29:15.772 D/BangluIME(15655): ime: finish_input_view buffer=0 voice=ERROR
08-26 16:29:15.775 D/BangluIME(15655): ime: finish_input buffer=0 voice=IDLE
08-26 16:31:09.562 D/BangluIME(15655): ime: start_input_view buffer=0 voice=IDLE
08-26 16:31:09.564 D/BangluIME(15655): inputSafety: raw=false private=false inputType=180225 imeOptions=1073741830
08-26 16:33:39.377 D/BangluIME(18368): ime: runtime_policy_installed buffer=0 voice=IDLE
08-26 16:33:39.478 D/BangluIME(18368): onCreate: Initializing SmartEngine...
08-26 16:33:39.861 D/BangluIME(18368): ime: start_input_view buffer=0 voice=IDLE
08-26 16:33:39.862 D/BangluIME(18368): inputSafety: raw=false private=false inputType=180225 imeOptions=1073741830
08-26 16:33:40.197 D/BangluIME(18368): onCreate: Seed dictionary loaded
08-26 16:33:40.241 D/BangluIME(18368): onCreate: Loading learned words...
08-26 16:33:40.259 E/BangluIME(18368): failure: strict_thread_DiskReadViolation
08-26 16:33:40.259 E/BangluIME(18368): android.os.strictmode.DiskReadViolation
08-26 16:33:40.259 E/BangluIME(18368): 	at android.os.StrictMode$AndroidBlockGuardPolicy.onReadFromDisk(StrictMode.java:1722)
08-26 16:33:40.259 E/BangluIME(18368): 	at android.database.sqlite.SQLiteConnection.applyBlockGuardPolicy(SQLiteConnection.java:1772)
08-26 16:33:40.259 E/BangluIME(18368): 	at android.database.sqlite.SQLiteConnection.executeForCursorWindow(SQLiteConnection.java:1376)
08-26 16:33:40.259 E/BangluIME(18368): 	at android.database.sqlite.SQLiteSession.executeForCursorWindow(SQLiteSession.java:873)
08-26 16:33:40.259 E/BangluIME(18368): 	at android.database.sqlite.SQLiteQuery.fillWindow(SQLiteQuery.java:62)
08-26 16:33:40.259 E/BangluIME(18368): 	at android.database.sqlite.SQLiteCursor.fillWindow(SQLiteCursor.java:157)
08-26 16:33:40.259 E/BangluIME(18368): 	at android.database.sqlite.SQLiteCursor.getCount(SQLiteCursor.java:144)
08-26 16:33:40.259 E/BangluIME(18368): 	at android.database.AbstractCursor.moveToPosition(AbstractCursor.java:252)
08-26 16:33:40.259 E/BangluIME(18368): 	at android.database.AbstractCursor.moveToFirst(AbstractCursor.java:291)
08-26 16:33:40.259 E/BangluIME(18368): 	at com.banglu.keyboard.SqlitePhoneticIndexStore.extendedAvailable_delegate$lambda$6(SqlitePhoneticIndexStore.kt:132)
08-26 16:33:40.259 E/BangluIME(18368): 	at com.banglu.keyboard.SqlitePhoneticIndexStore.$r8$lambda$vttT5DX4Piyn1OHcjWScb8rgB4o(SqlitePhoneticIndexStore.kt:0)
08-26 16:33:40.259 E/BangluIME(18368): 	at com.banglu.keyboard.SqlitePhoneticIndexStore$$ExternalSyntheticLambda0.invoke(D8$$SyntheticClass:0)
08-26 16:33:40.259 E/BangluIME(18368): 	at kotlin.SynchronizedLazyImpl.getValue(LazyJVM.kt:83)
08-26 16:33:40.259 E/BangluIME(18368): 	at com.banglu.keyboard.SqlitePhoneticIndexStore.getExtendedAvailable(SqlitePhoneticIndexStore.kt:127)
08-26 16:33:40.259 E/BangluIME(18368): 	at com.banglu.keyboard.SqlitePhoneticIndexStore.hasExtendedData(SqlitePhoneticIndexStore.kt:138)
08-26 16:33:40.259 E/BangluIME(18368): 	at com.banglu.engine.dictionary.SmartDictionary.attachExtendedStore(SmartDictionary.kt:43)
08-26 16:33:40.259 E/BangluIME(18368): 	at com.banglu.engine.SmartEngine.setPhoneticIndex(SmartEngine.kt:96)
08-26 16:33:40.259 E/BangluIME(18368): 	at com.banglu.engine.SmartEngineAdapter.setPhoneticIndex(SmartEngineAdapter.kt:211)
08-26 16:33:40.259 E/BangluIME(18368): 	at com.banglu.keyboard.BangluIMEService.attachPhoneticIndexStore(BangluIMEService.kt:1221)
08-26 16:33:40.259 E/BangluIME(18368): 	at com.banglu.keyboard.BangluIMEService.access$attachPhoneticIndexStore(BangluIMEService.kt:59)
08-26 16:33:40.259 E/BangluIME(18368): 	at com.banglu.keyboard.BangluIMEService$attachPhoneticIndexStore$1.invokeSuspend(BangluIMEService.kt:16)
08-26 16:33:40.259 E/BangluIME(18368): 	at kotlin.coroutines.jvm.internal.BaseContinuationImpl.resumeWith(ContinuationImpl.kt:33)
08-26 16:33:40.259 E/BangluIME(18368): 	at kotlinx.coroutines.DispatchedTask.run(DispatchedTask.kt:101)
08-26 16:33:40.259 E/BangluIME(18368): 	at android.os.Handler.handleCallback(Handler.java:995)
08-26 16:33:40.259 E/BangluIME(18368): 	at android.os.Handler.dispatchMessage(Handler.java:103)
08-26 16:33:40.259 E/BangluIME(18368): 	at android.os.Looper.loopOnce(Looper.java:273)
08-26 16:33:40.259 E/BangluIME(18368): 	at android.os.Looper.loop(Looper.java:363)
08-26 16:33:40.259 E/BangluIME(18368): 	at android.app.ActivityThread.main(ActivityThread.java:10060)
08-26 16:33:40.259 E/BangluIME(18368): 	at java.lang.reflect.Method.invoke(Native Method)
08-26 16:33:40.259 E/BangluIME(18368): 	at com.android.internal.os.RuntimeInit$MethodAndArgsCaller.run(RuntimeInit.java:632)
08-26 16:33:40.259 E/BangluIME(18368): 	at com.android.internal.os.ZygoteInit.main(ZygoteInit.java:975)
08-26 16:33:41.676 D/BangluIME(18368): onVoiceInput: state=IDLE
08-26 16:33:41.682 D/BangluIME(18368): onVoiceInput: startListening bn-BD offline=false
08-26 16:33:42.117 D/BangluIME(18368): voice: ready
08-26 16:33:42.870 D/BangluIME(18368): voice: beginning
08-26 16:33:43.077 D/BangluIME(18368): voice: raw partial='' -> owed='' reset=false
08-26 16:33:43.639 D/BangluIME(18368): voice: raw partial='' -> owed='' reset=false
08-26 16:33:43.713 D/BangluIME(18368): voice: raw partial='আমি' -> owed='আমি' reset=false
08-26 16:33:43.713 D/BangluIME(18368): voice: partial='আমি'
08-26 16:33:43.810 D/BangluIME(18368): voice: raw partial='আমি' -> owed='আমি' reset=false
08-26 16:33:43.810 D/BangluIME(18368): voice: partial='আমি'
08-26 16:33:43.974 D/BangluIME(18368): voice: raw partial='আমি' -> owed='আমি' reset=false
08-26 16:33:43.974 D/BangluIME(18368): voice: partial='আমি'
08-26 16:33:44.099 D/BangluIME(18368): voice: raw partial='আমি' -> owed='আমি' reset=false
08-26 16:33:44.099 D/BangluIME(18368): voice: partial='আমি'
08-26 16:33:44.212 D/BangluIME(18368): voice: raw partial='আমি ভয়েস' -> owed='আমি ভয়েস' reset=false
08-26 16:33:44.212 D/BangluIME(18368): voice: partial='আমি ভয়েস'
08-26 16:33:44.424 D/BangluIME(18368): voice: raw partial='আমি ভয়েস' -> owed='আমি ভয়েস' reset=false
08-26 16:33:44.424 D/BangluIME(18368): voice: partial='আমি ভয়েস'
08-26 16:33:44.593 D/BangluIME(18368): voice: raw partial='আমি ভয়েস টাইপিং' -> owed='আমি ভয়েস টাইপিং' reset=false
08-26 16:33:44.594 D/BangluIME(18368): voice: partial='আমি ভয়েস টাইপিং'
08-26 16:33:44.714 D/BangluIME(18368): voice: raw partial='আমি ভয়েস টাইপিং টেস্ট' -> owed='আমি ভয়েস টাইপিং টেস্ট' reset=false
08-26 16:33:44.714 D/BangluIME(18368): voice: partial='আমি ভয়েস টাইপিং টেস্ট'
08-26 16:33:44.916 D/BangluIME(18368): voice: raw partial='আমি ভয়েস টাইপিং টেস্ট' -> owed='আমি ভয়েস টাইপিং টেস্ট' reset=false
08-26 16:33:44.916 D/BangluIME(18368): voice: partial='আমি ভয়েস টাইপিং টেস্ট'
08-26 16:33:44.986 D/BangluIME(18368): voice: raw partial='আমি ভয়েস টাইপিং টেস্ট করতেছি' -> owed='আমি ভয়েস টাইপিং টেস্ট করতেছি' reset=false
08-26 16:33:44.986 D/BangluIME(18368): voice: partial='আমি ভয়েস টাইপিং টেস্ট করতেছি'
08-26 16:33:45.104 D/BangluIME(18368): voice: raw partial='আমি ভয়েস টাইপিং টেস্ট করতেছি' -> owed='আমি ভয়েস টাইপিং টেস্ট করতেছি' reset=false
08-26 16:33:45.104 D/BangluIME(18368): voice: partial='আমি ভয়েস টাইপিং টেস্ট করতেছি'
08-26 16:33:45.234 D/BangluIME(18368): voice: raw partial='আমি ভয়েস টাইপিং টেস্ট করতেছি' -> owed='আমি ভয়েস টাইপিং টেস্ট করতেছি' reset=false
08-26 16:33:45.234 D/BangluIME(18368): voice: partial='আমি ভয়েস টাইপিং টেস্ট করতেছি'
08-26 16:33:45.513 D/BangluIME(18368): voice: raw partial='আমি ভয়েস টাইপিং টেস্ট করতেছি ভয়েস' -> owed='আমি ভয়েস টাইপিং টেস্ট করতেছি ভয়েস' reset=false
08-26 16:33:45.513 D/BangluIME(18368): voice: partial='আমি ভয়েস টাইপিং টেস্ট করতেছি ভয়েস'
08-26 16:33:45.750 D/BangluIME(18368): voice: raw partial='আমি ভয়েস টাইপিং টেস্ট করতেছি ভয়েস' -> owed='আমি ভয়েস টাইপিং টেস্ট করতেছি ভয়েস' reset=false
08-26 16:33:45.750 D/BangluIME(18368): voice: partial='আমি ভয়েস টাইপিং টেস্ট করতেছি ভয়েস'
08-26 16:33:45.871 D/BangluIME(18368): voice: raw partial='আমি ভয়েস টাইপিং টেস্ট করতেছি ভয়েস টাইপিং' -> owed='আমি ভয়েস টাইপিং টেস্ট করতেছি ভয়েস টাইপিং' reset=false
08-26 16:33:45.871 D/BangluIME(18368): voice: partial='আমি ভয়েস টাইপিং টেস্ট করতেছি ভয়েস টাইপিং'
08-26 16:33:46.001 D/BangluIME(18368): voice: raw partial='আমি ভয়েস টাইপিং টেস্ট করতেছি ভয়েস টাইপিং' -> owed='আমি ভয়েস টাইপিং টেস্ট করতেছি ভয়েস টাইপিং' reset=false
08-26 16:33:46.001 D/BangluIME(18368): voice: partial='আমি ভয়েস টাইপিং টেস্ট করতেছি ভয়েস টাইপিং'
08-26 16:33:46.066 D/BangluIME(18368): voice: raw partial='আমি ভয়েস টাইপিং টেস্ট করতেছি ভয়েস টাইপিং ইজ' -> owed='আমি ভয়েস টাইপিং টেস্ট করতেছি ভয়েস টাইপিং ইজ' reset=false
08-26 16:33:46.067 D/BangluIME(18368): voice: partial='আমি ভয়েস টাইপিং টেস্ট করতেছি ভয়েস টাইপিং ইজ'
08-26 16:33:46.136 D/BangluIME(18368): voice: raw partial='আমি ভয়েস টাইপিং টেস্ট করতেছি ভয়েস টাইপিং ইজ' -> owed='আমি ভয়েস টাইপিং টেস্ট করতেছি ভয়েস টাইপিং ইজ' reset=false
08-26 16:33:46.136 D/BangluIME(18368): voice: partial='আমি ভয়েস টাইপিং টেস্ট করতেছি ভয়েস টাইপিং ইজ'
08-26 16:33:46.195 D/BangluIME(18368): voice: raw partial='আমি ভয়েস টাইপিং টেস্ট করতেছি ভয়েস টাইপিং ইজ' -> owed='আমি ভয়েস টাইপিং টেস্ট করতেছি ভয়েস টাইপিং ইজ' reset=false
08-26 16:33:46.195 D/BangluIME(18368): voice: partial='আমি ভয়েস টাইপিং টেস্ট করতেছি ভয়েস টাইপিং ইজ'
08-26 16:33:46.315 D/BangluIME(18368): voice: raw partial='আমি ভয়েস টাইপিং টেস্ট করতেছি ভয়েস টাইপিং ইজ ভেরি' -> owed='আমি ভয়েস টাইপিং টেস্ট করতেছি ভয়েস টাইপিং ইজ ভেরি' reset=false
08-26 16:33:46.315 D/BangluIME(18368): voice: partial='আমি ভয়েস টাইপিং টেস্ট করতেছি ভয়েস টাইপিং ইজ ভেরি'
08-26 16:33:46.391 D/BangluIME(18368): voice: raw partial='আমি ভয়েস টাইপিং টেস্ট করতেছি ভয়েস টাইপিং ইজ ভেরি' -> owed='আমি ভয়েস টাইপিং টেস্ট করতেছি ভয়েস টাইপিং ইজ ভেরি' reset=false
08-26 16:33:46.391 D/BangluIME(18368): voice: partial='আমি ভয়েস টাইপিং টেস্ট করতেছি ভয়েস টাইপিং ইজ ভেরি'
08-26 16:33:46.970 D/BangluIME(18368): voice: raw partial='আমি ভয়েস টাইপিং টেস্ট করতেছি ভয়েস টাইপিং ইজ ভেরি আনইস্টবল' -> owed='আমি ভয়েস টাইপিং টেস্ট করতেছি ভয়েস টাইপিং ইজ ভেরি আনইস্টবল' reset=false
08-26 16:33:46.970 D/BangluIME(18368): voice: partial='আমি ভয়েস টাইপিং টেস্ট করতেছি ভয়েস টাইপিং ইজ ভেরি আনইস্টবল'
08-26 16:33:47.171 D/BangluIME(18368): voice: raw partial='আমি ভয়েস টাইপিং টেস্ট করতেছি ভয়েস টাইপিং ইজ ভেরি আনইস্টবল' -> owed='আমি ভয়েস টাইপিং টেস্ট করতেছি ভয়েস টাইপিং ইজ ভেরি আনইস্টবল' reset=false
08-26 16:33:47.171 D/BangluIME(18368): voice: partial='আমি ভয়েস টাইপিং টেস্ট করতেছি ভয়েস টাইপিং ইজ ভেরি আনইস্টবল'
08-26 16:33:47.359 D/BangluIME(18368): voice: raw partial='আমি ভয়েস টাইপিং টেস্ট করতেছি ভয়েস টাইপিং ইজ ভেরি আনইস্টবল' -> owed='আমি ভয়েস টাইপিং টেস্ট করতেছি ভয়েস টাইপিং ইজ ভেরি আনইস্টবল' reset=false
08-26 16:33:47.359 D/BangluIME(18368): voice: partial='আমি ভয়েস টাইপিং টেস্ট করতেছি ভয়েস টাইপিং ইজ ভেরি আনইস্টবল'
08-26 16:33:47.594 D/BangluIME(18368): voice: raw partial='আমি ভয়েস টাইপিং টেস্ট করতেছি ভয়েস টাইপিং ইজ ভেরি আনইস্টবল' -> owed='আমি ভয়েস টাইপিং টেস্ট করতেছি ভয়েস টাইপিং ইজ ভেরি আনইস্টবল' reset=false
08-26 16:33:47.594 D/BangluIME(18368): voice: partial='আমি ভয়েস টাইপিং টেস্ট করতেছি ভয়েস টাইপিং ইজ ভেরি আনইস্টবল'
08-26 16:33:47.791 D/BangluIME(18368): onCreate: Learned words loaded
08-26 16:33:47.817 D/BangluIME(18368): voice: raw partial='আমি ভয়েস টাইপিং টেস্ট করতেছি ভয়েস টাইপিং ইজ ভেরি আনইস্টবল ভয়েস' -> owed='আমি ভয়েস টাইপিং টেস্ট করতেছি ভয়েস টাইপিং ইজ ভেরি আনইস্টবল ভয়েস' reset=false
08-26 16:33:47.817 D/BangluIME(18368): voice: partial='আমি ভয়েস টাইপিং টেস্ট করতেছি ভয়েস টাইপিং ইজ ভেরি আনইস্টবল ভয়েস'
08-26 16:33:47.828 D/BangluIME(18368): voice: raw partial='আমি ভয়েস টাইপিং টেস্ট করতেছি ভয়েস টাইপিং ইজ ভেরি আনইস্টবল ভয়েস' -> owed='আমি ভয়েস টাইপিং টেস্ট করতেছি ভয়েস টাইপিং ইজ ভেরি আনইস্টবল ভয়েস' reset=false
08-26 16:33:47.828 D/BangluIME(18368): voice: partial='আমি ভয়েস টাইপিং টেস্ট করতেছি ভয়েস টাইপিং ইজ ভেরি আনইস্টবল ভয়েস'
08-26 16:33:47.917 D/BangluIME(18368): voice: raw partial='আমি ভয়েস টাইপিং টেস্ট করতেছি ভয়েস টাইপিং ইজ ভেরি আনইস্টবল ভয়েস' -> owed='আমি ভয়েস টাইপিং টেস্ট করতেছি ভয়েস টাইপিং ইজ ভেরি আনইস্টবল ভয়েস' reset=false
08-26 16:33:47.917 D/BangluIME(18368): voice: partial='আমি ভয়েস টাইপিং টেস্ট করতেছি ভয়েস টাইপিং ইজ ভেরি আনইস্টবল ভয়েস'
08-26 16:33:47.995 D/BangluIME(18368): voice: raw partial='আমি ভয়েস টাইপিং টেস্ট করতেছি ভয়েস টাইপিং ইজ ভেরি আনইস্টবল ভয়েস' -> owed='আমি ভয়েস টাইপিং টেস্ট করতেছি ভয়েস টাইপিং ইজ ভেরি আনইস্টবল ভয়েস' reset=false
08-26 16:33:47.996 D/BangluIME(18368): voice: partial='আমি ভয়েস টাইপিং টেস্ট করতেছি ভয়েস টাইপিং ইজ ভেরি আনইস্টবল ভয়েস'
08-26 16:33:48.132 D/BangluIME(18368): voice: raw partial='আমি ভয়েস টাইপিং টেস্ট করতেছি ভয়েস টাইপিং ইজ ভেরি আনইস্টবল ভয়েস টাইপিং' -> owed='আমি ভয়েস টাইপিং টেস্ট করতেছি ভয়েস টাইপিং ইজ ভেরি আনইস্টবল ভয়েস টাইপিং' reset=false
08-26 16:33:48.132 D/BangluIME(18368): voice: partial='আমি ভয়েস টাইপিং টেস্ট করতেছি ভয়েস টাইপিং ইজ ভেরি আনইস্টবল ভয়েস টাইপিং'
08-26 16:33:48.318 D/BangluIME(18368): voice: raw partial='আমি ভয়েস টাইপিং টেস্ট করতেছি ভয়েস টাইপিং ইজ ভেরি আনইস্টবল ভয়েস টাইপিং' -> owed='আমি ভয়েস টাইপিং টেস্ট করতেছি ভয়েস টাইপিং ইজ ভেরি আনইস্টবল ভয়েস টাইপিং' reset=false
08-26 16:33:48.318 D/BangluIME(18368): voice: partial='আমি ভয়েস টাইপিং টেস্ট করতেছি ভয়েস টাইপিং ইজ ভেরি আনইস্টবল ভয়েস টাইপিং'
08-26 16:33:48.467 D/BangluIME(18368): voice: raw partial='আমি ভয়েস টাইপিং টেস্ট করতেছি ভয়েস টাইপিং ইজ ভেরি আনইস্টবল ভয়েস টাইপিং' -> owed='আমি ভয়েস টাইপিং টেস্ট করতেছি ভয়েস টাইপিং ইজ ভেরি আনইস্টবল ভয়েস টাইপিং' reset=false
08-26 16:33:48.467 D/BangluIME(18368): voice: partial='আমি ভয়েস টাইপিং টেস্ট করতেছি ভয়েস টাইপিং ইজ ভেরি আনইস্টবল ভয়েস টাইপিং'
08-26 16:33:48.500 D/BangluIME(18368): voice: raw partial='আমি ভয়েস টাইপিং টেস্ট করতেছি ভয়েস টাইপিং ইজ ভেরি আনইস্টবল ভয়েস টাইপিং ওয়ার্ড' -> owed='আমি ভয়েস টাইপিং টেস্ট করতেছি ভয়েস টাইপিং ইজ ভেরি আনইস্টবল ভয়েস টাইপিং ওয়ার্ড' reset=false
08-26 16:33:48.500 D/BangluIME(18368): voice: partial='আমি ভয়েস টাইপিং টেস্ট করতেছি ভয়েস টাইপিং ইজ ভেরি আনইস্টবল ভয়েস টাইপিং ওয়ার্ড'
08-26 16:33:48.555 D/BangluIME(18368): voice: raw partial='আমি ভয়েস টাইপিং টেস্ট করতেছি ভয়েস টাইপিং ইজ ভেরি আনইস্টবল ভয়েস টাইপিং ওয়ার্ড' -> owed='আমি ভয়েস টাইপিং টেস্ট করতেছি ভয়েস টাইপিং ইজ ভেরি আনইস্টবল ভয়েস টাইপিং ওয়ার্ড' reset=false
08-26 16:33:48.555 D/BangluIME(18368): voice: partial='আমি ভয়েস টাইপিং টেস্ট করতেছি ভয়েস টাইপিং ইজ ভেরি আনইস্টবল ভয়েস টাইপিং ওয়ার্ড'
08-26 16:33:48.634 D/BangluIME(18368): voice: raw partial='আমি ভয়েস টাইপিং টেস্ট করতেছি ভয়েস টাইপিং ইজ ভেরি আনইস্টবল ভয়েস টাইপিং ওয়ার্ড পিক' -> owed='আমি ভয়েস টাইপিং টেস্ট করতেছি ভয়েস টাইপিং ইজ ভেরি আনইস্টবল ভয়েস টাইপিং ওয়ার্ড পিক' reset=false
08-26 16:33:48.634 D/BangluIME(18368): voice: partial='আমি ভয়েস টাইপিং টেস্ট করতেছি ভয়েস টাইপিং ইজ ভেরি আনইস্টবল ভয়েস টাইপিং ওয়ার্ড পিক'
08-26 16:33:48.892 D/BangluIME(18368): voice: end
08-26 16:33:49.283 D/BangluIME(18368): voice: raw partial='আমি ভয়েস টাইপিং টেস্ট করতেছি ভয়েস টাইপিং ইজ ভেরি আনইস্টবল ভয়েস টাইপিং ওয়ার্ড পিক করতেছে না' -> owed='আমি ভয়েস টাইপিং টেস্ট করতেছি ভয়েস টাইপিং ইজ ভেরি আনইস্টবল ভয়েস টাইপিং ওয়ার্ড পিক করতেছে না' reset=false
08-26 16:33:49.283 D/BangluIME(18368): voice: partial='আমি ভয়েস টাইপিং টেস্ট করতেছি ভয়েস টাইপিং ইজ ভেরি আনইস্টবল ভয়েস টাইপিং ওয়ার্ড পিক করতেছে না'
08-26 16:33:52.094 D/BangluIME(18368): voice: pause commit terminal='আমি ভয়েস টাইপিং টেস্ট করতেছি ভয়েস টাইপিং ইজ ভেরি আনইস্টবল ভয়েস টাইপিং ওয়ার্ড পিক করতেছে না'
08-26 16:33:53.168 D/BangluIME(18368): voice: beginning
08-26 16:33:53.493 D/BangluIME(18368): voice: raw partial='' -> owed='' reset=false
08-26 16:33:53.672 D/BangluIME(18368): voice: raw partial='' -> owed='' reset=false
08-26 16:33:53.881 D/BangluIME(18368): voice: raw partial='' -> owed='' reset=false
08-26 16:33:54.110 D/BangluIME(18368): voice: raw partial='ভালো' -> owed='ভালো' reset=true
08-26 16:33:54.110 D/BangluIME(18368): voice: partial='ভালো'
08-26 16:33:54.157 D/BangluIME(18368): voice: raw partial='ভালো' -> owed='ভালো' reset=false
08-26 16:33:54.157 D/BangluIME(18368): voice: partial='ভালো'
08-26 16:33:54.260 D/BangluIME(18368): voice: raw partial='ভালো করে' -> owed='ভালো করে' reset=false
08-26 16:33:54.260 D/BangluIME(18368): voice: partial='ভালো করে'
08-26 16:33:54.336 D/BangluIME(18368): voice: raw partial='ভালো করে' -> owed='ভালো করে' reset=false
08-26 16:33:54.336 D/BangluIME(18368): voice: partial='ভালো করে'
08-26 16:33:54.518 D/BangluIME(18368): voice: raw partial='ভালো করে দেখো' -> owed='ভালো করে দেখো' reset=false
08-26 16:33:54.518 D/BangluIME(18368): voice: partial='ভালো করে দেখো'
08-26 16:33:54.576 D/BangluIME(18368): voice: raw partial='ভালো করে দেখো' -> owed='ভালো করে দেখো' reset=false
08-26 16:33:54.576 D/BangluIME(18368): voice: partial='ভালো করে দেখো'
08-26 16:33:54.704 D/BangluIME(18368): voice: raw partial='ভালো করে দেখো ভালো' -> owed='ভালো করে দেখো ভালো' reset=false
08-26 16:33:54.704 D/BangluIME(18368): voice: partial='ভালো করে দেখো ভালো'
08-26 16:33:54.780 D/BangluIME(18368): voice: raw partial='ভালো করে দেখো ভালো' -> owed='ভালো করে দেখো ভালো' reset=false
08-26 16:33:54.780 D/BangluIME(18368): voice: partial='ভালো করে দেখো ভালো'
08-26 16:33:54.918 D/BangluIME(18368): voice: raw partial='ভালো করে দেখো ভালো করে' -> owed='ভালো করে দেখো ভালো করে' reset=false
08-26 16:33:54.918 D/BangluIME(18368): voice: partial='ভালো করে দেখো ভালো করে'
08-26 16:33:54.979 D/BangluIME(18368): voice: raw partial='ভালো করে দেখো ভালো করে' -> owed='ভালো করে দেখো ভালো করে' reset=false
08-26 16:33:54.979 D/BangluIME(18368): voice: partial='ভালো করে দেখো ভালো করে'
08-26 16:33:55.157 D/BangluIME(18368): voice: raw partial='ভালো করে দেখো ভালো করে দেখো' -> owed='ভালো করে দেখো ভালো করে দেখো' reset=false
08-26 16:33:55.157 D/BangluIME(18368): voice: partial='ভালো করে দেখো ভালো করে দেখো'
08-26 16:33:55.232 D/BangluIME(18368): voice: raw partial='ভালো করে দেখো ভালো করে দেখো' -> owed='ভালো করে দেখো ভালো করে দেখো' reset=false
08-26 16:33:55.232 D/BangluIME(18368): voice: partial='ভালো করে দেখো ভালো করে দেখো'
08-26 16:33:55.431 D/BangluIME(18368): voice: raw partial='ভালো করে দেখো ভালো করে দেখো ভালো' -> owed='ভালো করে দেখো ভালো করে দেখো ভালো' reset=false
08-26 16:33:55.431 D/BangluIME(18368): voice: partial='ভালো করে দেখো ভালো করে দেখো ভালো'
08-26 16:33:55.550 D/BangluIME(18368): voice: raw partial='ভালো করে দেখো ভালো করে দেখো ভালো' -> owed='ভালো করে দেখো ভালো করে দেখো ভালো' reset=false
08-26 16:33:55.550 D/BangluIME(18368): voice: partial='ভালো করে দেখো ভালো করে দেখো ভালো'
08-26 16:33:55.555 D/BangluIME(18368): voice: raw partial='ভালো করে দেখো ভালো করে দেখো ভালো করে' -> owed='ভালো করে দেখো ভালো করে দেখো ভালো করে' reset=false
08-26 16:33:55.555 D/BangluIME(18368): voice: partial='ভালো করে দেখো ভালো করে দেখো ভালো করে'
08-26 16:33:55.597 D/BangluIME(18368): voice: raw partial='ভালো করে দেখো ভালো করে দেখো ভালো করে' -> owed='ভালো করে দেখো ভালো করে দেখো ভালো করে' reset=false
08-26 16:33:55.597 D/BangluIME(18368): voice: partial='ভালো করে দেখো ভালো করে দেখো ভালো করে'
08-26 16:33:55.811 D/BangluIME(18368): voice: raw partial='ভালো করে দেখো ভালো করে দেখো ভালো করে দেখো' -> owed='ভালো করে দেখো ভালো করে দেখো ভালো করে দেখো' reset=false
08-26 16:33:55.811 D/BangluIME(18368): voice: partial='ভালো করে দেখো ভালো করে দেখো ভালো করে দেখো'
08-26 16:33:55.869 D/BangluIME(18368): voice: raw partial='ভালো করে দেখো ভালো করে দেখো ভালো করে দেখো' -> owed='ভালো করে দেখো ভালো করে দেখো ভালো করে দেখো' reset=false
08-26 16:33:55.869 D/BangluIME(18368): voice: partial='ভালো করে দেখো ভালো করে দেখো ভালো করে দেখো'
08-26 16:33:56.117 D/BangluIME(18368): voice: raw partial='ভালো করে দেখো ভালো করে দেখো ভালো করে দেখো ভালো' -> owed='ভালো করে দেখো ভালো করে দেখো ভালো করে দেখো ভালো' reset=false
08-26 16:33:56.117 D/BangluIME(18368): voice: partial='ভালো করে দেখো ভালো করে দেখো ভালো করে দেখো ভালো'
08-26 16:33:56.191 D/BangluIME(18368): voice: raw partial='ভালো করে দেখো ভালো করে দেখো ভালো করে দেখো ভালো' -> owed='ভালো করে দেখো ভালো করে দেখো ভালো করে দেখো ভালো' reset=false
08-26 16:33:56.191 D/BangluIME(18368): voice: partial='ভালো করে দেখো ভালো করে দেখো ভালো করে দেখো ভালো'
08-26 16:33:56.237 D/BangluIME(18368): voice: raw partial='ভালো করে দেখো ভালো করে দেখো ভালো করে দেখো ভালো করে' -> owed='ভালো করে দেখো ভালো করে দেখো ভালো করে দেখো ভালো করে' reset=false
08-26 16:33:56.237 D/BangluIME(18368): voice: partial='ভালো করে দেখো ভালো করে দেখো ভালো করে দেখো ভালো করে'
08-26 16:33:56.301 D/BangluIME(18368): voice: raw partial='ভালো করে দেখো ভালো করে দেখো ভালো করে দেখো ভালো করে' -> owed='ভালো করে দেখো ভালো করে দেখো ভালো করে দেখো ভালো করে' reset=false
08-26 16:33:56.301 D/BangluIME(18368): voice: partial='ভালো করে দেখো ভালো করে দেখো ভালো করে দেখো ভালো করে'
08-26 16:33:56.510 D/BangluIME(18368): voice: raw partial='ভালো করে দেখো ভালো করে দেখো ভালো করে দেখো ভালো করে দেখো' -> owed='ভালো করে দেখো ভালো করে দেখো ভালো করে দেখো ভালো করে দেখো' reset=false
08-26 16:33:56.510 D/BangluIME(18368): voice: partial='ভালো করে দেখো ভালো করে দেখো ভালো করে দেখো ভালো করে দেখো'
08-26 16:33:56.519 D/BangluIME(18368): voice: raw partial='ভালো করে দেখো ভালো করে দেখো ভালো করে দেখো ভালো করে দেখো' -> owed='ভালো করে দেখো ভালো করে দেখো ভালো করে দেখো ভালো করে দেখো' reset=false
08-26 16:33:56.519 D/BangluIME(18368): voice: partial='ভালো করে দেখো ভালো করে দেখো ভালো করে দেখো ভালো করে দেখো'
08-26 16:33:56.777 D/BangluIME(18368): voice: raw partial='ভালো করে দেখো ভালো করে দেখো ভালো করে দেখো ভালো করে দেখো ভালো' -> owed='ভালো করে দেখো ভালো করে দেখো ভালো করে দেখো ভালো করে দেখো ভালো' reset=false
08-26 16:33:56.777 D/BangluIME(18368): voice: partial='ভালো করে দেখো ভালো করে দেখো ভালো করে দেখো ভালো করে দেখো ভালো'
08-26 16:33:56.888 D/BangluIME(18368): voice: raw partial='ভালো করে দেখো ভালো করে দেখো ভালো করে দেখো ভালো করে দেখো ভালো করে' -> owed='ভালো করে দেখো ভালো করে দেখো ভালো করে দেখো ভালো করে দেখো ভালো করে' reset=false
08-26 16:33:56.888 D/BangluIME(18368): voice: partial='ভালো করে দেখো ভালো করে দেখো ভালো করে দেখো ভালো করে দেখো ভালো করে'
08-26 16:33:56.942 D/BangluIME(18368): voice: raw partial='ভালো করে দেখো ভালো করে দেখো ভালো করে দেখো ভালো করে দেখো ভালো করে' -> owed='ভালো করে দেখো ভালো করে দেখো ভালো করে দেখো ভালো করে দেখো ভালো করে' reset=false
08-26 16:33:56.942 D/BangluIME(18368): voice: partial='ভালো করে দেখো ভালো করে দেখো ভালো করে দেখো ভালো করে দেখো ভালো করে'
08-26 16:33:57.138 D/BangluIME(18368): voice: raw partial='ভালো করে দেখো ভালো করে দেখো ভালো করে দেখো ভালো করে দেখো ভালো করে দেখো' -> owed='ভালো করে দেখো ভালো করে দেখো ভালো করে দেখো ভালো করে দেখো ভালো করে দেখো' reset=false
08-26 16:33:57.138 D/BangluIME(18368): voice: partial='ভালো করে দেখো ভালো করে দেখো ভালো করে দেখো ভালো করে দেখো ভালো করে দেখো'
08-26 16:33:57.394 D/BangluIME(18368): voice: raw partial='ভালো করে দেখো ভালো করে দেখো ভালো করে দেখো ভালো করে দেখো ভালো করে দেখো ভালো' -> owed='ভালো করে দেখো ভালো করে দেখো ভালো করে দেখো ভালো করে দেখো ভালো করে দেখো ভালো' reset=false
08-26 16:33:57.394 D/BangluIME(18368): voice: partial='ভালো করে দেখো ভালো করে দেখো ভালো করে দেখো ভালো করে দেখো ভালো করে দেখো ভালো'
08-26 16:33:57.561 D/BangluIME(18368): voice: end
08-26 16:33:57.999 D/BangluIME(18368): voice: raw partial='ভালো করে দেখো ভালো করে দেখো ভালো করে দেখো ভালো করে দেখো ভালো করে দেখো ভালো করে দেখ' -> owed='ভালো করে দেখো ভালো করে দেখো ভালো করে দেখো ভালো করে দেখো ভালো করে দেখো ভালো করে দেখ' reset=false
08-26 16:33:57.999 D/BangluIME(18368): voice: partial='ভালো করে দেখো ভালো করে দেখো ভালো করে দেখো ভালো করে দেখো ভালো করে দেখো ভালো করে দেখ'
08-26 16:33:59.433 D/BangluIME(18368): voice: beginning
08-26 16:33:59.434 D/BangluIME(18368): voice: measured pause commit mark=',' pauseMs=1873 text='ভালো করে দেখো ভালো করে দেখো ভালো করে দেখো ভালো করে দেখো ভালো করে দেখো ভালো করে দেখ'
08-26 16:34:00.090 D/BangluIME(18368): voice: raw partial='' -> owed='' reset=false
08-26 16:34:00.219 D/BangluIME(18368): voice: raw partial='' -> owed='' reset=false
08-26 16:34:00.294 D/BangluIME(18368): voice: raw partial='' -> owed='' reset=false
08-26 16:34:00.335 D/BangluIME(18368): voice: raw partial='' -> owed='' reset=false
08-26 16:34:00.344 D/BangluIME(18368): voice: raw partial='' -> owed='' reset=false
08-26 16:34:00.411 D/BangluIME(18368): voice: raw partial='' -> owed='' reset=false
08-26 16:34:02.530 D/BangluIME(18368): voice: raw partial='' -> owed='' reset=false
08-26 16:34:02.907 D/BangluIME(18368): voice: raw partial='' -> owed='' reset=false
08-26 16:34:03.107 D/BangluIME(18368): voice: raw partial='' -> owed='' reset=false
08-26 16:34:03.132 D/BangluIME(18368): voice: raw partial='' -> owed='' reset=false
08-26 16:34:03.168 D/BangluIME(18368): voice: raw partial='আমি রিপিট করেছি' -> owed='আমি রিপিট করেছি' reset=true
08-26 16:34:03.168 D/BangluIME(18368): voice: partial='আমি রিপিট করেছি'
08-26 16:34:03.799 D/BangluIME(18368): voice: raw partial='আমি রিপিট করেছি' -> owed='আমি রিপিট করেছি' reset=false
08-26 16:34:03.799 D/BangluIME(18368): voice: partial='আমি রিপিট করেছি'
08-26 16:34:03.861 D/BangluIME(18368): voice: raw partial='আমি রিপিট করেছি' -> owed='আমি রিপিট করেছি' reset=false
08-26 16:34:03.861 D/BangluIME(18368): voice: partial='আমি রিপিট করেছি'
08-26 16:34:04.693 D/BangluIME(18368): voice: end
08-26 16:34:05.094 D/BangluIME(18368): voice: raw partial='আমি রিপিট করেছি' -> owed='আমি রিপিট করেছি' reset=false
08-26 16:34:05.094 D/BangluIME(18368): voice: partial='আমি রিপিট করেছি'
08-26 16:34:05.653 D/BangluIME(18368): voice: beginning
08-26 16:34:06.486 D/BangluIME(18368): voice: raw partial='' -> owed='' reset=false
08-26 16:34:06.680 D/BangluIME(18368): voice: raw partial='' -> owed='' reset=false
08-26 16:34:07.957 D/BangluIME(18368): voice: raw partial='' -> owed='' reset=false
08-26 16:34:08.141 D/BangluIME(18368): voice: raw partial='' -> owed='' reset=false
08-26 16:34:08.294 D/BangluIME(18368): voice: raw partial='' -> owed='' reset=false
08-26 16:34:08.400 D/BangluIME(18368): voice: raw partial='' -> owed='' reset=false
08-26 16:34:08.458 D/BangluIME(18368): voice: raw partial='' -> owed='' reset=false
08-26 16:34:09.178 D/BangluIME(18368): voice: raw partial='' -> owed='' reset=false
08-26 16:34:09.382 D/BangluIME(18368): voice: raw partial='' -> owed='' reset=false
08-26 16:34:10.252 D/BangluIME(18368): voice: end
08-26 16:34:10.635 D/BangluIME(18368): voice: raw partial='' -> owed='' reset=false
08-26 16:34:13.464 D/BangluIME(18368): voice: pause commit terminal='আমি রিপিট করেছি'
08-26 16:34:15.367 D/BangluIME(18368): voice: raw results n=0 first=''
08-26 16:34:15.367 D/BangluIME(18368): voice: empty results — treated as no-speech (session ended on silence)
08-26 16:34:15.367 D/BangluIME(18368): voice: error=7
08-26 16:34:16.065 D/BangluIME(18368): onVoiceInput: startListening bn-BD offline=false
08-26 16:34:16.206 D/BangluIME(18368): voice: ready
08-26 16:34:21.295 D/BangluIME(18368): voice: raw partial='' -> owed='' reset=false
08-26 16:34:21.296 D/BangluIME(18368): voice: error=7
08-26 16:34:21.955 D/BangluIME(18368): onVoiceInput: startListening bn-BD offline=false
08-26 16:34:22.112 D/BangluIME(18368): voice: ready
08-26 16:34:24.068 D/BangluIME(18368): voice: beginning
08-26 16:34:24.343 D/BangluIME(18368): voice: raw partial='' -> owed='' reset=false
08-26 16:34:24.990 D/BangluIME(18368): voice: raw partial='হ্যালো' -> owed='হ্যালো' reset=true
08-26 16:34:24.990 D/BangluIME(18368): voice: partial='হ্যালো'
08-26 16:34:25.097 D/BangluIME(18368): voice: raw partial='হ্যালো' -> owed='হ্যালো' reset=false
08-26 16:34:25.097 D/BangluIME(18368): voice: partial='হ্যালো'
08-26 16:34:25.681 D/BangluIME(18368): voice: raw partial='হ্যালো হ্যালো' -> owed='হ্যালো হ্যালো' reset=false
08-26 16:34:25.681 D/BangluIME(18368): voice: partial='হ্যালো হ্যালো'
08-26 16:34:25.831 D/BangluIME(18368): voice: raw partial='হ্যালো হ্যালো' -> owed='হ্যালো হ্যালো' reset=false
08-26 16:34:25.831 D/BangluIME(18368): voice: partial='হ্যালো হ্যালো'
08-26 16:34:26.303 D/BangluIME(18368): voice: end
08-26 16:34:26.778 D/BangluIME(18368): voice: raw partial='হ্যালো হ্যালো হ্যালো' -> owed='হ্যালো হ্যালো হ্যালো' reset=false
08-26 16:34:26.778 D/BangluIME(18368): voice: partial='হ্যালো হ্যালো হ্যালো'
08-26 16:34:26.952 D/BangluIME(18368): voice: beginning
08-26 16:34:27.786 D/BangluIME(18368): voice: end
08-26 16:34:28.173 D/BangluIME(18368): voice: raw partial='' -> owed='' reset=false
08-26 16:34:28.832 D/BangluIME(18368): voice: beginning
08-26 16:34:29.123 D/BangluIME(18368): voice: raw partial='' -> owed='' reset=false
08-26 16:34:29.348 D/BangluIME(18368): voice: raw partial='' -> owed='' reset=false
08-26 16:34:29.519 D/BangluIME(18368): voice: raw partial='' -> owed='' reset=false
08-26 16:34:29.766 D/BangluIME(18368): voice: raw partial='দিস' -> owed='দিস' reset=false
08-26 16:34:29.766 D/BangluIME(18368): voice: partial='দিস'
08-26 16:34:29.832 D/BangluIME(18368): voice: raw partial='দিস' -> owed='দিস' reset=false
08-26 16:34:29.832 D/BangluIME(18368): voice: partial='দিস'
08-26 16:34:29.978 D/BangluIME(18368): voice: raw partial='দিস ইজ' -> owed='দিস ইজ' reset=false
08-26 16:34:29.978 D/BangluIME(18368): voice: partial='দিস ইজ'
08-26 16:34:30.034 D/BangluIME(18368): voice: raw partial='দিস ইজ' -> owed='দিস ইজ' reset=false
08-26 16:34:30.034 D/BangluIME(18368): voice: partial='দিস ইজ'
08-26 16:34:30.115 D/BangluIME(18368): voice: raw partial='দিস ইজ ভেরি' -> owed='দিস ইজ ভেরি' reset=false
08-26 16:34:30.115 D/BangluIME(18368): voice: partial='দিস ইজ ভেরি'
08-26 16:34:30.180 D/BangluIME(18368): voice: raw partial='দিস ইজ ভেরি' -> owed='দিস ইজ ভেরি' reset=false
08-26 16:34:30.181 D/BangluIME(18368): voice: partial='দিস ইজ ভেরি'
08-26 16:34:30.217 D/BangluIME(18368): voice: raw partial='দিস ইজ ভেরি' -> owed='দিস ইজ ভেরি' reset=false
08-26 16:34:30.217 D/BangluIME(18368): voice: partial='দিস ইজ ভেরি'
08-26 16:34:30.522 D/BangluIME(18368): voice: end
08-26 16:34:30.934 D/BangluIME(18368): voice: raw partial='দিস ইজ ভেরি আনইস্টবল' -> owed='দিস ইজ ভেরি আনইস্টবল' reset=false
08-26 16:34:30.934 D/BangluIME(18368): voice: partial='দিস ইজ ভেরি আনইস্টবল'
08-26 16:34:32.645 D/BangluIME(18368): voice: beginning
08-26 16:34:32.647 D/BangluIME(18368): voice: measured pause commit mark=',' pauseMs=2125 text='দিস ইজ ভেরি আনইস্টবল'
08-26 16:34:32.995 D/BangluIME(18368): voice: raw partial='' -> owed='' reset=false
08-26 16:34:33.495 D/BangluIME(18368): voice: end
08-26 16:34:33.926 D/BangluIME(18368): voice: raw partial='হ্যালো' -> owed='হ্যালো' reset=true
08-26 16:34:33.926 D/BangluIME(18368): voice: partial='হ্যালো'
08-26 16:34:36.698 D/BangluIME(18368): voice: pause commit terminal='হ্যালো'
08-26 16:34:38.583 D/BangluIME(18368): voice: raw results n=0 first=''
08-26 16:34:38.583 D/BangluIME(18368): voice: empty results — treated as no-speech (session ended on silence)
08-26 16:34:38.583 D/BangluIME(18368): voice: error=7
08-26 16:34:39.238 D/BangluIME(18368): onVoiceInput: startListening bn-BD offline=false
08-26 16:34:39.382 D/BangluIME(18368): voice: ready
08-26 16:34:44.464 D/BangluIME(18368): voice: raw partial='' -> owed='' reset=false
08-26 16:34:44.465 D/BangluIME(18368): voice: error=7
08-26 16:34:45.117 D/BangluIME(18368): onVoiceInput: startListening bn-BD offline=false
08-26 16:34:45.273 D/BangluIME(18368): voice: ready
08-26 16:34:50.360 D/BangluIME(18368): voice: raw partial='' -> owed='' reset=false
08-26 16:34:50.361 D/BangluIME(18368): voice: error=7
08-26 16:34:50.361 D/BangluIME(18368): voice: graceful stop after error=7
08-26 16:44:47.527 D/BangluIME(21608): ime: runtime_policy_installed buffer=0 voice=IDLE
08-26 16:44:47.712 D/BangluIME(21608): onCreate: Initializing SmartEngine...
08-26 16:44:47.786 D/BangluIME(21608): ime: start_input_view buffer=0 voice=IDLE
08-26 16:44:47.787 D/BangluIME(21608): inputSafety: raw=false private=false inputType=180225 imeOptions=1073741830
08-26 16:44:48.588 D/BangluIME(21608): onCreate: Seed dictionary loaded
08-26 16:44:48.643 D/BangluIME(21608): onCreate: Loading learned words...
08-26 16:44:48.665 E/BangluIME(21608): failure: strict_thread_DiskReadViolation
08-26 16:44:48.665 E/BangluIME(21608): android.os.strictmode.DiskReadViolation
08-26 16:44:48.665 E/BangluIME(21608): 	at android.os.StrictMode$AndroidBlockGuardPolicy.onReadFromDisk(StrictMode.java:1722)
08-26 16:44:48.665 E/BangluIME(21608): 	at android.database.sqlite.SQLiteConnection.applyBlockGuardPolicy(SQLiteConnection.java:1772)
08-26 16:44:48.665 E/BangluIME(21608): 	at android.database.sqlite.SQLiteConnection.executeForCursorWindow(SQLiteConnection.java:1376)
08-26 16:44:48.665 E/BangluIME(21608): 	at android.database.sqlite.SQLiteSession.executeForCursorWindow(SQLiteSession.java:873)
08-26 16:44:48.665 E/BangluIME(21608): 	at android.database.sqlite.SQLiteQuery.fillWindow(SQLiteQuery.java:62)
08-26 16:44:48.665 E/BangluIME(21608): 	at android.database.sqlite.SQLiteCursor.fillWindow(SQLiteCursor.java:157)
08-26 16:44:48.665 E/BangluIME(21608): 	at android.database.sqlite.SQLiteCursor.getCount(SQLiteCursor.java:144)
08-26 16:44:48.665 E/BangluIME(21608): 	at android.database.AbstractCursor.moveToPosition(AbstractCursor.java:252)
08-26 16:44:48.665 E/BangluIME(21608): 	at android.database.AbstractCursor.moveToFirst(AbstractCursor.java:291)
08-26 16:44:48.665 E/BangluIME(21608): 	at com.banglu.keyboard.SqlitePhoneticIndexStore.extendedAvailable_delegate$lambda$6(SqlitePhoneticIndexStore.kt:132)
08-26 16:44:48.665 E/BangluIME(21608): 	at com.banglu.keyboard.SqlitePhoneticIndexStore.$r8$lambda$vttT5DX4Piyn1OHcjWScb8rgB4o(SqlitePhoneticIndexStore.kt:0)
08-26 16:44:48.665 E/BangluIME(21608): 	at com.banglu.keyboard.SqlitePhoneticIndexStore$$ExternalSyntheticLambda0.invoke(D8$$SyntheticClass:0)
08-26 16:44:48.665 E/BangluIME(21608): 	at kotlin.SynchronizedLazyImpl.getValue(LazyJVM.kt:83)
08-26 16:44:48.665 E/BangluIME(21608): 	at com.banglu.keyboard.SqlitePhoneticIndexStore.getExtendedAvailable(SqlitePhoneticIndexStore.kt:127)
08-26 16:44:48.665 E/BangluIME(21608): 	at com.banglu.keyboard.SqlitePhoneticIndexStore.hasExtendedData(SqlitePhoneticIndexStore.kt:138)
08-26 16:44:48.665 E/BangluIME(21608): 	at com.banglu.engine.dictionary.SmartDictionary.attachExtendedStore(SmartDictionary.kt:43)
08-26 16:44:48.665 E/BangluIME(21608): 	at com.banglu.engine.SmartEngine.setPhoneticIndex(SmartEngine.kt:96)
08-26 16:44:48.665 E/BangluIME(21608): 	at com.banglu.engine.SmartEngineAdapter.setPhoneticIndex(SmartEngineAdapter.kt:211)
08-26 16:44:48.665 E/BangluIME(21608): 	at com.banglu.keyboard.BangluIMEService.attachPhoneticIndexStore(BangluIMEService.kt:1227)
08-26 16:44:48.665 E/BangluIME(21608): 	at com.banglu.keyboard.BangluIMEService.access$attachPhoneticIndexStore(BangluIMEService.kt:59)
08-26 16:44:48.665 E/BangluIME(21608): 	at com.banglu.keyboard.BangluIMEService$attachPhoneticIndexStore$1.invokeSuspend(BangluIMEService.kt:16)
08-26 16:44:48.665 E/BangluIME(21608): 	at kotlin.coroutines.jvm.internal.BaseContinuationImpl.resumeWith(ContinuationImpl.kt:33)
08-26 16:44:48.665 E/BangluIME(21608): 	at kotlinx.coroutines.DispatchedTask.run(DispatchedTask.kt:101)
08-26 16:44:48.665 E/BangluIME(21608): 	at android.os.Handler.handleCallback(Handler.java:995)
08-26 16:44:48.665 E/BangluIME(21608): 	at android.os.Handler.dispatchMessage(Handler.java:103)
08-26 16:44:48.665 E/BangluIME(21608): 	at android.os.Looper.loopOnce(Looper.java:273)
08-26 16:44:48.665 E/BangluIME(21608): 	at android.os.Looper.loop(Looper.java:363)
08-26 16:44:48.665 E/BangluIME(21608): 	at android.app.ActivityThread.main(ActivityThread.java:10060)
08-26 16:44:48.665 E/BangluIME(21608): 	at java.lang.reflect.Method.invoke(Native Method)
08-26 16:44:48.665 E/BangluIME(21608): 	at com.android.internal.os.RuntimeInit$MethodAndArgsCaller.run(RuntimeInit.java:632)
08-26 16:44:48.665 E/BangluIME(21608): 	at com.android.internal.os.ZygoteInit.main(ZygoteInit.java:975)
08-26 16:44:55.585 D/BangluIME(21608): onCreate: Learned words loaded
08-26 16:46:17.903 D/BangluIME(21608): onVoiceInput: state=IDLE
08-26 16:46:17.915 D/BangluIME(21608): onVoiceInput: startListening bn-BD offline=false
08-26 16:46:18.195 D/BangluIME(21608): voice: ready
08-26 16:46:19.438 D/BangluIME(21608): voice: beginning
08-26 16:46:20.032 D/BangluIME(21608): voice: raw partial='' -> owed='' reset=false
08-26 16:46:20.264 D/BangluIME(21608): voice: raw partial='' -> owed='' reset=false
08-26 16:46:20.458 D/BangluIME(21608): voice: raw partial='' -> owed='' reset=false
08-26 16:46:20.649 D/BangluIME(21608): voice: raw partial='ভয়েস' -> owed='ভয়েস' reset=false
08-26 16:46:20.649 D/BangluIME(21608): voice: partial='ভয়েস'
08-26 16:46:20.708 D/BangluIME(21608): voice: raw partial='ভয়েস' -> owed='ভয়েস' reset=false
08-26 16:46:20.708 D/BangluIME(21608): voice: partial='ভয়েস'
08-26 16:46:21.004 D/BangluIME(21608): voice: raw partial='ভয়েস' -> owed='ভয়েস' reset=false
08-26 16:46:21.004 D/BangluIME(21608): voice: partial='ভয়েস'
08-26 16:46:21.096 D/BangluIME(21608): voice: raw partial='ভয়েস টাইপিং' -> owed='ভয়েস টাইপিং' reset=false
08-26 16:46:21.096 D/BangluIME(21608): voice: partial='ভয়েস টাইপিং'
08-26 16:46:21.152 D/BangluIME(21608): voice: raw partial='ভয়েস টাইপিং' -> owed='ভয়েস টাইপিং' reset=false
08-26 16:46:21.152 D/BangluIME(21608): voice: partial='ভয়েস টাইপিং'
08-26 16:46:21.351 D/BangluIME(21608): voice: raw partial='ভয়েস টাইপিং টেস্ট' -> owed='ভয়েস টাইপিং টেস্ট' reset=false
08-26 16:46:21.351 D/BangluIME(21608): voice: partial='ভয়েস টাইপিং টেস্ট'
08-26 16:46:21.614 D/BangluIME(21608): voice: raw partial='ভয়েস টাইপিং টেস্ট করার' -> owed='ভয়েস টাইপিং টেস্ট করার' reset=false
08-26 16:46:21.614 D/BangluIME(21608): voice: partial='ভয়েস টাইপিং টেস্ট করার'
08-26 16:46:21.681 D/BangluIME(21608): voice: raw partial='ভয়েস টাইপিং টেস্ট করার' -> owed='ভয়েস টাইপিং টেস্ট করার' reset=false
08-26 16:46:21.682 D/BangluIME(21608): voice: partial='ভয়েস টাইপিং টেস্ট করার'
08-26 16:46:21.744 D/BangluIME(21608): voice: raw partial='ভয়েস টাইপিং টেস্ট করার জন্য' -> owed='ভয়েস টাইপিং টেস্ট করার জন্য' reset=false
08-26 16:46:21.744 D/BangluIME(21608): voice: partial='ভয়েস টাইপিং টেস্ট করার জন্য'
08-26 16:46:22.120 D/BangluIME(21608): voice: end
08-26 16:46:22.580 D/BangluIME(21608): voice: raw partial='ভয়েস টাইপিং টেস্ট করার জন্য আমি' -> owed='ভয়েস টাইপিং টেস্ট করার জন্য আমি' reset=false
08-26 16:46:22.580 D/BangluIME(21608): voice: partial='ভয়েস টাইপিং টেস্ট করার জন্য আমি'
08-26 16:46:24.495 D/BangluIME(21608): voice: beginning
08-26 16:46:24.496 D/BangluIME(21608): voice: measured pause commit mark=',' pauseMs=2376 text='ভয়েস টাইপিং টেস্ট করার জন্য আমি'
08-26 16:46:25.052 D/BangluIME(21608): voice: raw partial='' -> owed='' reset=false
08-26 16:46:25.322 D/BangluIME(21608): voice: raw partial='' -> owed='' reset=false
08-26 16:46:25.528 D/BangluIME(21608): voice: raw partial='' -> owed='' reset=false
08-26 16:46:25.642 D/BangluIME(21608): voice: raw partial='ভয়েস' -> owed='' reset=false
08-26 16:46:25.965 D/BangluIME(21608): voice: raw partial='ভয়েস' -> owed='' reset=false
08-26 16:46:26.089 D/BangluIME(21608): voice: raw partial='ভয়েস টাইপিং' -> owed='' reset=false
08-26 16:46:26.279 D/BangluIME(21608): voice: raw partial='ভয়েস টাইপিং টেস্ট' -> owed='' reset=false
08-26 16:46:26.541 D/BangluIME(21608): voice: raw partial='ভয়েস টাইপিং টেস্ট' -> owed='' reset=false
08-26 16:46:26.542 D/BangluIME(21608): voice: raw partial='ভয়েস টাইপিং টেস্ট করার' -> owed='' reset=false
08-26 16:46:26.664 D/BangluIME(21608): voice: raw partial='ভয়েস টাইপিং টেস্ট করার জন্য' -> owed='' reset=false
08-26 16:46:26.819 D/BangluIME(21608): voice: raw partial='ভয়েস টাইপিং টেস্ট করার জন্য' -> owed='' reset=false
08-26 16:46:27.131 D/BangluIME(21608): voice: raw partial='ভয়েস টাইপিং টেস্ট করার জন্য আমি' -> owed='' reset=false
08-26 16:46:27.363 D/BangluIME(21608): voice: raw partial='ভয়েস টাইপিং টেস্ট করার জন্য আমি' -> owed='' reset=false
08-26 16:46:27.428 D/BangluIME(21608): voice: raw partial='ভয়েস টাইপিং টেস্ট করার জন্য আমি কথা' -> owed='কথা' reset=false
08-26 16:46:27.429 D/BangluIME(21608): voice: partial='কথা'
08-26 16:46:27.746 D/BangluIME(21608): voice: end
08-26 16:46:28.138 D/BangluIME(21608): voice: raw partial='ভয়েস টাইপিং টেস্ট করার জন্য আমি কথা বলতেছি' -> owed='কথা বলতেছি' reset=false
08-26 16:46:28.139 D/BangluIME(21608): voice: partial='কথা বলতেছি'
08-26 16:46:30.951 D/BangluIME(21608): voice: pause commit terminal='কথা বলতেছি'
08-26 16:46:30.964 D/BangluIME(21608): voice: pause commit — ending this session for a fresh one
08-26 16:46:31.066 D/BangluIME(21608): voice: raw results n=0 first=''
08-26 16:46:31.066 D/BangluIME(21608): voice: session ended by pause commit (results) — fresh session
08-26 16:46:31.319 D/BangluIME(21608): onVoiceInput: startListening bn-BD offline=false
08-26 16:46:31.471 D/BangluIME(21608): voice: ready
08-26 16:46:33.310 D/BangluIME(21608): voice: beginning
08-26 16:46:33.893 D/BangluIME(21608): voice: raw partial='' -> owed='' reset=false
08-26 16:46:34.129 D/BangluIME(21608): voice: raw partial='' -> owed='' reset=false
08-26 16:46:34.267 D/BangluIME(21608): voice: raw partial='' -> owed='' reset=false
08-26 16:46:34.532 D/BangluIME(21608): voice: raw partial='ভয়েস' -> owed='ভয়েস' reset=false
08-26 16:46:34.532 D/BangluIME(21608): voice: partial='ভয়েস'
08-26 16:46:34.849 D/BangluIME(21608): voice: raw partial='ভয়েস টাইপিং' -> owed='ভয়েস টাইপিং' reset=false
08-26 16:46:34.849 D/BangluIME(21608): voice: partial='ভয়েস টাইপিং'
08-26 16:46:34.973 D/BangluIME(21608): voice: raw partial='ভয়েস টাইপিং' -> owed='ভয়েস টাইপিং' reset=false
08-26 16:46:34.973 D/BangluIME(21608): voice: partial='ভয়েস টাইপিং'
08-26 16:46:35.090 D/BangluIME(21608): voice: raw partial='ভয়েস টাইপিং খুবই' -> owed='ভয়েস টাইপিং খুবই' reset=false
08-26 16:46:35.091 D/BangluIME(21608): voice: partial='ভয়েস টাইপিং খুবই'
08-26 16:46:35.233 D/BangluIME(21608): voice: raw partial='ভয়েস টাইপিং খুবই' -> owed='ভয়েস টাইপিং খুবই' reset=false
08-26 16:46:35.233 D/BangluIME(21608): voice: partial='ভয়েস টাইপিং খুবই'
08-26 16:46:35.300 D/BangluIME(21608): voice: raw partial='ভয়েস টাইপিং খুবই' -> owed='ভয়েস টাইপিং খুবই' reset=false
08-26 16:46:35.300 D/BangluIME(21608): voice: partial='ভয়েস টাইপিং খুবই'
08-26 16:46:35.505 D/BangluIME(21608): voice: end
08-26 16:46:35.876 D/BangluIME(21608): voice: raw partial='ভয়েস টাইপিং খুবই onstable' -> owed='ভয়েস টাইপিং খুবই onstable' reset=false
08-26 16:46:35.876 D/BangluIME(21608): voice: partial='ভয়েস টাইপিং খুবই onstable'
08-26 16:46:38.102 D/BangluIME(21608): voice: beginning
08-26 16:46:38.103 D/BangluIME(21608): voice: measured pause commit mark=',' pauseMs=2598 text='ভয়েস টাইপিং খুবই ওন্স্তাব্লে'
08-26 16:46:38.433 D/BangluIME(21608): voice: raw partial='' -> owed='' reset=false
08-26 16:46:38.753 D/BangluIME(21608): voice: raw partial='' -> owed='' reset=false
08-26 16:46:38.872 D/BangluIME(21608): voice: raw partial='' -> owed='' reset=false
08-26 16:46:38.945 D/BangluIME(21608): voice: raw partial='' -> owed='' reset=false
08-26 16:46:39.075 D/BangluIME(21608): voice: raw partial='' -> owed='' reset=false
08-26 16:46:39.385 D/BangluIME(21608): voice: end
08-26 16:46:39.776 D/BangluIME(21608): voice: raw partial='আনস্টাবল' -> owed='আনস্টাবল' reset=true
08-26 16:46:39.776 D/BangluIME(21608): voice: partial='আনস্টাবল'
08-26 16:46:42.588 D/BangluIME(21608): voice: pause commit terminal='আনস্টাবল'
08-26 16:46:42.601 D/BangluIME(21608): voice: pause commit — ending this session for a fresh one
08-26 16:46:42.697 D/BangluIME(21608): voice: raw results n=0 first=''
08-26 16:46:42.697 D/BangluIME(21608): voice: session ended by pause commit (results) — fresh session
08-26 16:46:42.951 D/BangluIME(21608): onVoiceInput: startListening bn-BD offline=false
08-26 16:46:43.059 D/BangluIME(21608): voice: ready
08-26 16:46:43.978 D/BangluIME(21608): voice: beginning
08-26 16:46:44.249 D/BangluIME(21608): voice: raw partial='' -> owed='' reset=false
08-26 16:46:44.642 D/BangluIME(21608): voice: raw partial='' -> owed='' reset=false
08-26 16:46:44.887 D/BangluIME(21608): voice: raw partial='কেন' -> owed='কেন' reset=false
08-26 16:46:44.887 D/BangluIME(21608): voice: partial='কেন'
08-26 16:46:44.947 D/BangluIME(21608): voice: raw partial='কেন' -> owed='কেন' reset=false
08-26 16:46:44.947 D/BangluIME(21608): voice: partial='কেন'
08-26 16:46:45.212 D/BangluIME(21608): voice: raw partial='কেন এমন' -> owed='কেন এমন' reset=false
08-26 16:46:45.212 D/BangluIME(21608): voice: partial='কেন এমন'
08-26 16:46:45.331 D/BangluIME(21608): voice: raw partial='কেন এমন' -> owed='কেন এমন' reset=false
08-26 16:46:45.332 D/BangluIME(21608): voice: partial='কেন এমন'
08-26 16:46:45.520 D/BangluIME(21608): voice: raw partial='কেন এমন হচ্ছে' -> owed='কেন এমন হচ্ছে' reset=false
08-26 16:46:45.520 D/BangluIME(21608): voice: partial='কেন এমন হচ্ছে'
08-26 16:46:45.848 D/BangluIME(21608): voice: raw partial='কেন এমন হচ্ছে' -> owed='কেন এমন হচ্ছে' reset=false
08-26 16:46:45.848 D/BangluIME(21608): voice: partial='কেন এমন হচ্ছে'
08-26 16:46:45.959 D/BangluIME(21608): voice: raw partial='কেন এমন হচ্ছে কেন' -> owed='কেন এমন হচ্ছে কেন' reset=false
08-26 16:46:45.959 D/BangluIME(21608): voice: partial='কেন এমন হচ্ছে কেন'
08-26 16:46:46.167 D/BangluIME(21608): voice: raw partial='কেন এমন হচ্ছে কেন' -> owed='কেন এমন হচ্ছে কেন' reset=false
08-26 16:46:46.167 D/BangluIME(21608): voice: partial='কেন এমন হচ্ছে কেন'
08-26 16:46:46.425 D/BangluIME(21608): voice: raw partial='কেন এমন হচ্ছে কেন এমন' -> owed='কেন এমন হচ্ছে কেন এমন' reset=false
08-26 16:46:46.425 D/BangluIME(21608): voice: partial='কেন এমন হচ্ছে কেন এমন'
08-26 16:46:46.827 D/BangluIME(21608): voice: end
08-26 16:46:47.181 D/BangluIME(21608): voice: raw partial='কেন এমন হচ্ছে কেন এমন হচ্ছে' -> owed='কেন এমন হচ্ছে কেন এমন হচ্ছে' reset=false
08-26 16:46:47.181 D/BangluIME(21608): voice: partial='কেন এমন হচ্ছে কেন এমন হচ্ছে'
08-26 16:46:48.719 D/BangluIME(21608): voice: beginning
08-26 16:46:48.721 D/BangluIME(21608): voice: measured pause commit mark=',' pauseMs=1894 text='কেন এমন হচ্ছে কেন এমন হচ্ছে'
08-26 16:46:49.356 D/BangluIME(21608): voice: raw partial='' -> owed='' reset=false
08-26 16:46:49.634 D/BangluIME(21608): voice: raw partial='' -> owed='' reset=false
08-26 16:46:49.738 D/BangluIME(21608): voice: raw partial='' -> owed='' reset=false
08-26 16:46:49.954 D/BangluIME(21608): voice: raw partial='ভয়েস' -> owed='ভয়েস' reset=true
08-26 16:46:49.954 D/BangluIME(21608): voice: partial='ভয়েস'
08-26 16:46:50.323 D/BangluIME(21608): voice: raw partial='ভয়েস' -> owed='ভয়েস' reset=false
08-26 16:46:50.323 D/BangluIME(21608): voice: partial='ভয়েস'
08-26 16:46:50.391 D/BangluIME(21608): voice: raw partial='ভয়েস টাইপিং' -> owed='ভয়েস টাইপিং' reset=false
08-26 16:46:50.391 D/BangluIME(21608): voice: partial='ভয়েস টাইপিং'
08-26 16:46:50.528 D/BangluIME(21608): voice: raw partial='ভয়েস টাইপিং' -> owed='ভয়েস টাইপিং' reset=false
08-26 16:46:50.528 D/BangluIME(21608): voice: partial='ভয়েস টাইপিং'
08-26 16:46:50.642 D/BangluIME(21608): voice: raw partial='ভয়েস টাইপিং' -> owed='ভয়েস টাইপিং' reset=false
08-26 16:46:50.643 D/BangluIME(21608): voice: partial='ভয়েস টাইপিং'
08-26 16:46:50.728 D/BangluIME(21608): voice: raw partial='ভয়েস টাইপিং' -> owed='ভয়েস টাইপিং' reset=false
08-26 16:46:50.728 D/BangluIME(21608): voice: partial='ভয়েস টাইপিং'
08-26 16:46:51.142 D/BangluIME(21608): voice: end
08-26 16:46:51.615 D/BangluIME(21608): voice: raw partial='ভয়েস টাইপিং করতেছে না ভালো' -> owed='ভয়েস টাইপিং করতেছে না ভালো' reset=false
08-26 16:46:51.615 D/BangluIME(21608): voice: partial='ভয়েস টাইপিং করতেছে না ভালো'
08-26 16:46:54.276 D/BangluIME(21608): voice: beginning
08-26 16:46:54.278 D/BangluIME(21608): voice: measured pause commit mark='।' pauseMs=3135 text='ভয়েস টাইপিং করতেছে না ভালো'
08-26 16:46:54.669 D/BangluIME(21608): voice: raw partial='' -> owed='' reset=false
08-26 16:46:54.866 D/BangluIME(21608): voice: raw partial='' -> owed='' reset=false
08-26 16:46:55.192 D/BangluIME(21608): voice: raw partial='' -> owed='' reset=false
08-26 16:46:55.263 D/BangluIME(21608): voice: raw partial='ভালো' -> owed='ভালো' reset=true
08-26 16:46:55.264 D/BangluIME(21608): voice: partial='ভালো'
08-26 16:46:55.307 D/BangluIME(21608): voice: raw partial='ভালো' -> owed='ভালো' reset=false
08-26 16:46:55.307 D/BangluIME(21608): voice: partial='ভালো'
08-26 16:46:55.384 D/BangluIME(21608): voice: raw partial='ভালো' -> owed='ভালো' reset=false
08-26 16:46:55.385 D/BangluIME(21608): voice: partial='ভালো'
08-26 16:46:55.457 D/BangluIME(21608): voice: raw partial='ভালো করে' -> owed='ভালো করে' reset=false
08-26 16:46:55.458 D/BangluIME(21608): voice: partial='ভালো করে'
08-26 16:46:55.586 D/BangluIME(21608): voice: raw partial='ভালো করে' -> owed='ভালো করে' reset=false
08-26 16:46:55.586 D/BangluIME(21608): voice: partial='ভালো করে'
08-26 16:46:56.074 D/BangluIME(21608): voice: end
08-26 16:46:56.471 D/BangluIME(21608): voice: raw partial='ভালো করে বিক করা উচিত' -> owed='ভালো করে বিক করা উচিত' reset=false
08-26 16:46:56.471 D/BangluIME(21608): voice: partial='ভালো করে বিক করা উচিত'
08-26 16:46:59.034 D/BangluIME(21608): voice: beginning
08-26 16:46:59.035 D/BangluIME(21608): voice: measured pause commit mark='।' pauseMs=2961 text='ভালো করে বিক করা উচিত'
08-26 16:46:59.538 D/BangluIME(21608): voice: raw partial='' -> owed='' reset=false
08-26 16:46:59.688 D/BangluIME(21608): voice: raw partial='' -> owed='' reset=false
08-26 16:46:59.978 D/BangluIME(21608): voice: raw partial='' -> owed='' reset=false
08-26 16:47:00.001 D/BangluIME(21608): voice: raw partial='' -> owed='' reset=false
08-26 16:47:00.303 D/BangluIME(21608): voice: end
08-26 16:47:00.689 D/BangluIME(21608): voice: raw partial='স্টিল নট' -> owed='স্টিল নট' reset=true
08-26 16:47:00.690 D/BangluIME(21608): voice: partial='স্টিল নট'
08-26 16:47:00.824 D/BangluIME(21608): voice: beginning
08-26 16:47:01.209 D/BangluIME(21608): voice: raw partial='' -> owed='' reset=false
08-26 16:47:01.322 D/BangluIME(21608): voice: raw partial='' -> owed='' reset=false
08-26 16:47:01.395 D/BangluIME(21608): voice: raw partial='' -> owed='' reset=false
08-26 16:47:01.770 D/BangluIME(21608): voice: end
08-26 16:47:02.173 D/BangluIME(21608): voice: raw partial='স্টেবল' -> owed='স্টেবল' reset=false
08-26 16:47:02.173 D/BangluIME(21608): voice: partial='স্টেবল'
08-26 16:47:04.145 D/BangluIME(21608): voice: beginning
08-26 16:47:04.146 D/BangluIME(21608): voice: measured pause commit mark=',' pauseMs=2376 text='স্টেবল'
08-26 16:47:04.588 D/BangluIME(21608): voice: raw partial='' -> owed='' reset=false
08-26 16:47:04.841 D/BangluIME(21608): voice: raw partial='' -> owed='' reset=false
08-26 16:47:04.991 D/BangluIME(21608): voice: raw partial='' -> owed='' reset=false
08-26 16:47:05.218 D/BangluIME(21608): voice: raw partial='আচ্ছা' -> owed='আচ্ছা' reset=true
08-26 16:47:05.218 D/BangluIME(21608): voice: partial='আচ্ছা'
08-26 16:47:05.489 D/BangluIME(21608): voice: end
08-26 16:47:05.863 D/BangluIME(21608): voice: raw partial='আচ্ছা ঠিক আছে' -> owed='আচ্ছা ঠিক আছে' reset=false
08-26 16:47:05.863 D/BangluIME(21608): voice: partial='আচ্ছা ঠিক আছে'
08-26 16:47:07.918 D/BangluIME(21608): voice: beginning
08-26 16:47:07.920 D/BangluIME(21608): voice: measured pause commit mark=',' pauseMs=2430 text='আচ্ছা ঠিক আছে'
08-26 16:47:08.294 D/BangluIME(21608): voice: raw partial='' -> owed='' reset=false
08-26 16:47:08.423 D/BangluIME(21608): voice: raw partial='' -> owed='' reset=false
08-26 16:47:08.500 D/BangluIME(21608): voice: raw partial='' -> owed='' reset=false
08-26 16:47:08.617 D/BangluIME(21608): voice: raw partial='' -> owed='' reset=false
08-26 16:47:08.698 D/BangluIME(21608): voice: raw partial='' -> owed='' reset=false
08-26 16:47:08.827 D/BangluIME(21608): voice: raw partial='' -> owed='' reset=false
08-26 16:47:09.033 D/BangluIME(21608): voice: raw partial='' -> owed='' reset=false
08-26 16:47:09.315 D/BangluIME(21608): voice: raw partial='ইরাবতী' -> owed='ইরাবতী' reset=true
08-26 16:47:09.315 D/BangluIME(21608): voice: partial='ইরাবতী'
08-26 16:47:09.455 D/BangluIME(21608): voice: raw partial='ইরাবতী তুমি' -> owed='ইরাবতী তুমি' reset=false
08-26 16:47:09.455 D/BangluIME(21608): voice: partial='ইরাবতী তুমি'
08-26 16:47:09.707 D/BangluIME(21608): voice: end
08-26 16:47:10.105 D/BangluIME(21608): voice: raw partial='ইরাবতী তুমি কোথায়' -> owed='ইরাবতী তুমি কোথায়' reset=false
08-26 16:47:10.105 D/BangluIME(21608): voice: partial='ইরাবতী তুমি কোথায়'
08-26 16:47:12.093 D/BangluIME(21608): voice: beginning
08-26 16:47:12.094 D/BangluIME(21608): voice: measured pause commit mark=',' pauseMs=2387 text='ইরাবতী তুমি কোথায়'
08-26 16:47:12.467 D/BangluIME(21608): voice: raw partial='' -> owed='' reset=false
08-26 16:47:12.667 D/BangluIME(21608): voice: raw partial='' -> owed='' reset=false
08-26 16:47:12.671 D/BangluIME(21608): voice: raw partial='' -> owed='' reset=false
08-26 16:47:12.840 D/BangluIME(21608): voice: raw partial='' -> owed='' reset=false
08-26 16:47:12.987 D/BangluIME(21608): voice: raw partial='' -> owed='' reset=false
08-26 16:47:13.289 D/BangluIME(21608): voice: end
08-26 16:47:13.534 D/BangluIME(21608): voice: beginning
08-26 16:47:13.618 D/BangluIME(21608): voice: raw partial='ইরাবতী' -> owed='' reset=false
08-26 16:47:14.005 D/BangluIME(21608): voice: raw partial='ইরাবতী' -> owed='' reset=false
08-26 16:47:14.179 D/BangluIME(21608): voice: raw partial='ইরাবতী' -> owed='' reset=false
08-26 16:47:14.590 D/BangluIME(21608): voice: raw partial='ইরাবতী বাবার' -> owed='' reset=false
08-26 16:47:14.697 D/BangluIME(21608): voice: raw partial='ইরাবতী বাবার কাছে' -> owed='' reset=false
08-26 16:47:14.961 D/BangluIME(21608): voice: end
08-26 16:47:15.349 D/BangluIME(21608): voice: raw partial='ইরাবতী বাবার কাছে আসো' -> owed='আসো' reset=false
08-26 16:47:15.349 D/BangluIME(21608): voice: partial='আসো'
08-26 16:47:18.164 D/BangluIME(21608): voice: pause commit terminal='আসো'
08-26 16:47:18.177 D/BangluIME(21608): voice: pause commit — ending this session for a fresh one
08-26 16:47:18.337 D/BangluIME(21608): voice: raw results n=0 first=''
08-26 16:47:18.337 D/BangluIME(21608): voice: session ended by pause commit (results) — fresh session
08-26 16:47:18.595 D/BangluIME(21608): onVoiceInput: startListening bn-BD offline=false
08-26 16:47:18.727 D/BangluIME(21608): ime: start_input_view buffer=0 voice=PROCESSING
08-26 16:47:18.727 D/BangluIME(21608): inputSafety: raw=false private=false inputType=180225 imeOptions=1073741830
08-26 16:47:18.734 D/BangluIME(21608): voice: ready
08-26 16:47:20.748 D/BangluIME(21608): voice: beginning
08-26 16:47:21.710 D/BangluIME(21608): voice: end
08-26 16:47:22.167 D/BangluIME(21608): voice: beginning
08-26 16:47:22.293 D/BangluIME(21608): voice: raw partial='' -> owed='' reset=false
08-26 16:47:22.944 D/BangluIME(21608): voice: raw partial='হ্যালো' -> owed='হ্যালো' reset=false
08-26 16:47:22.944 D/BangluIME(21608): voice: partial='হ্যালো'
08-26 16:47:22.957 D/BangluIME(21608): voice: re-anchoring dictation to 6 (user cursor move)
08-26 16:47:22.996 D/BangluIME(21608): voice: raw partial='হ্যালো' -> owed='' reset=false
08-26 16:47:23.413 D/BangluIME(21608): voice: raw partial='হ্যালো' -> owed='' reset=false
08-26 16:47:23.599 D/BangluIME(21608): voice: raw partial='হ্যালো হ্যালো' -> owed='হ্যালো' reset=false
08-26 16:47:23.599 D/BangluIME(21608): voice: partial='হ্যালো'
08-26 16:47:24.036 D/BangluIME(21608): voice: raw partial='হ্যালো হ্যালো হ্যালো' -> owed='হ্যালো হ্যালো' reset=false
08-26 16:47:24.036 D/BangluIME(21608): voice: partial='হ্যালো হ্যালো'
08-26 16:47:24.355 D/BangluIME(21608): voice: raw partial='হ্যালো হ্যালো হ্যালো' -> owed='হ্যালো হ্যালো' reset=false
08-26 16:47:24.355 D/BangluIME(21608): voice: partial='হ্যালো হ্যালো'
08-26 16:47:24.603 D/BangluIME(21608): voice: raw partial='হ্যালো হ্যালো হ্যালো' -> owed='হ্যালো হ্যালো' reset=false
08-26 16:47:24.603 D/BangluIME(21608): voice: partial='হ্যালো হ্যালো'
08-26 16:47:24.804 D/BangluIME(21608): voice: raw partial='হ্যালো হ্যালো হ্যালো' -> owed='হ্যালো হ্যালো' reset=false
08-26 16:47:24.804 D/BangluIME(21608): voice: partial='হ্যালো হ্যালো'
08-26 16:47:24.996 D/BangluIME(21608): voice: raw partial='হ্যালো হ্যালো হ্যালো বাংলায়' -> owed='হ্যালো হ্যালো বাংলায়' reset=false
08-26 16:47:24.996 D/BangluIME(21608): voice: partial='হ্যালো হ্যালো বাংলায়'
08-26 16:47:25.083 D/BangluIME(21608): voice: raw partial='হ্যালো হ্যালো হ্যালো বাংলায়' -> owed='হ্যালো হ্যালো বাংলায়' reset=false
08-26 16:47:25.083 D/BangluIME(21608): voice: partial='হ্যালো হ্যালো বাংলায়'
08-26 16:47:25.172 D/BangluIME(21608): voice: raw partial='হ্যালো হ্যালো হ্যালো বাংলায় কথা' -> owed='হ্যালো হ্যালো বাংলায় কথা' reset=false
08-26 16:47:25.172 D/BangluIME(21608): voice: partial='হ্যালো হ্যালো বাংলায় কথা'
08-26 16:47:25.570 D/BangluIME(21608): voice: raw partial='হ্যালো হ্যালো হ্যালো বাংলায় কথা' -> owed='হ্যালো হ্যালো বাংলায় কথা' reset=false
08-26 16:47:25.571 D/BangluIME(21608): voice: partial='হ্যালো হ্যালো বাংলায় কথা'
08-26 16:47:25.646 D/BangluIME(21608): voice: raw partial='হ্যালো হ্যালো হ্যালো বাংলায় কথা বলতেছি' -> owed='হ্যালো হ্যালো বাংলায় কথা বলতেছি' reset=false
08-26 16:47:25.646 D/BangluIME(21608): voice: partial='হ্যালো হ্যালো বাংলায় কথা বলতেছি'
08-26 16:47:25.831 D/BangluIME(21608): voice: raw partial='হ্যালো হ্যালো হ্যালো বাংলায় কথা বলতেছি হ্যালো' -> owed='হ্যালো হ্যালো বাংলায় কথা বলতেছি হ্যালো' reset=false
08-26 16:47:25.832 D/BangluIME(21608): voice: partial='হ্যালো হ্যালো বাংলায় কথা বলতেছি হ্যালো'
08-26 16:47:26.041 D/BangluIME(21608): voice: raw partial='হ্যালো হ্যালো হ্যালো বাংলায় কথা বলতেছি হ্যালো' -> owed='হ্যালো হ্যালো বাংলায় কথা বলতেছি হ্যালো' reset=false
08-26 16:47:26.041 D/BangluIME(21608): voice: partial='হ্যালো হ্যালো বাংলায় কথা বলতেছি হ্যালো'
08-26 16:47:26.138 D/BangluIME(21608): voice: raw partial='হ্যালো হ্যালো হ্যালো বাংলায় কথা বলতেছি হ্যালো হ্যালো' -> owed='হ্যালো হ্যালো বাংলায় কথা বলতেছি হ্যালো হ্যালো' reset=false
08-26 16:47:26.139 D/BangluIME(21608): voice: partial='হ্যালো হ্যালো বাংলায় কথা বলতেছি হ্যালো হ্যালো'
08-26 16:47:26.276 D/BangluIME(21608): voice: raw partial='হ্যালো হ্যালো হ্যালো বাংলায় কথা বলতেছি হ্যালো হ্যালো' -> owed='হ্যালো হ্যালো বাংলায় কথা বলতেছি হ্যালো হ্যালো' reset=false
08-26 16:47:26.276 D/BangluIME(21608): voice: partial='হ্যালো হ্যালো বাংলায় কথা বলতেছি হ্যালো হ্যালো'
08-26 16:47:26.342 D/BangluIME(21608): voice: raw partial='হ্যালো হ্যালো হ্যালো বাংলায় কথা বলতেছি হ্যালো হ্যালো' -> owed='হ্যালো হ্যালো বাংলায় কথা বলতেছি হ্যালো হ্যালো' reset=false
08-26 16:47:26.342 D/BangluIME(21608): voice: partial='হ্যালো হ্যালো বাংলায় কথা বলতেছি হ্যালো হ্যালো'
08-26 16:47:26.402 D/BangluIME(21608): voice: raw partial='হ্যালো হ্যালো হ্যালো বাংলায় কথা বলতেছি হ্যালো হ্যালো হ্যালো' -> owed='হ্যালো হ্যালো বাংলায় কথা বলতেছি হ্যালো হ্যালো হ্যালো' reset=false
08-26 16:47:26.402 D/BangluIME(21608): voice: partial='হ্যালো হ্যালো বাংলায় কথা বলতেছি হ্যালো হ্যালো হ্যালো'
08-26 16:47:26.520 D/BangluIME(21608): voice: raw partial='হ্যালো হ্যালো হ্যালো বাংলায় কথা বলতেছি হ্যালো হ্যালো হ্যালো' -> owed='হ্যালো হ্যালো বাংলায় কথা বলতেছি হ্যালো হ্যালো হ্যালো' reset=false
08-26 16:47:26.520 D/BangluIME(21608): voice: partial='হ্যালো হ্যালো বাংলায় কথা বলতেছি হ্যালো হ্যালো হ্যালো'
08-26 16:47:26.594 D/BangluIME(21608): voice: raw partial='হ্যালো হ্যালো হ্যালো বাংলায় কথা বলতেছি হ্যালো হ্যালো হ্যালো হ্যালো' -> owed='হ্যালো হ্যালো বাংলায় কথা বলতেছি হ্যালো হ্যালো হ্যালো হ্যালো' reset=false
08-26 16:47:26.594 D/BangluIME(21608): voice: partial='হ্যালো হ্যালো বাংলায় কথা বলতেছি হ্যালো হ্যালো হ্যালো হ্যালো'
08-26 16:47:26.661 D/BangluIME(21608): voice: raw partial='হ্যালো হ্যালো হ্যালো বাংলায় কথা বলতেছি হ্যালো হ্যালো হ্যালো হ্যালো' -> owed='হ্যালো হ্যালো বাংলায় কথা বলতেছি হ্যালো হ্যালো হ্যালো হ্যালো' reset=false
08-26 16:47:26.661 D/BangluIME(21608): voice: partial='হ্যালো হ্যালো বাংলায় কথা বলতেছি হ্যালো হ্যালো হ্যালো হ্যালো'
08-26 16:47:26.845 D/BangluIME(21608): voice: raw partial='হ্যালো হ্যালো হ্যালো বাংলায় কথা বলতেছি হ্যালো হ্যালো হ্যালো হ্যালো' -> owed='হ্যালো হ্যালো বাংলায় কথা বলতেছি হ্যালো হ্যালো হ্যালো হ্যালো' reset=false
08-26 16:47:26.845 D/BangluIME(21608): voice: partial='হ্যালো হ্যালো বাংলায় কথা বলতেছি হ্যালো হ্যালো হ্যালো হ্যালো'
08-26 16:47:26.977 D/BangluIME(21608): voice: raw partial='হ্যালো হ্যালো হ্যালো বাংলায় কথা বলতেছি হ্যালো হ্যালো হ্যালো হ্যালো মাইক্রোফোন' -> owed='হ্যালো হ্যালো বাংলায় কথা বলতেছি হ্যালো হ্যালো হ্যালো হ্যালো মাইক্রোফোন' reset=false
08-26 16:47:26.977 D/BangluIME(21608): voice: partial='হ্যালো হ্যালো বাংলায় কথা বলতেছি হ্যালো হ্যালো হ্যালো হ্যালো মাইক্রোফোন'
08-26 16:47:27.232 D/BangluIME(21608): voice: end
08-26 16:47:27.403 D/BangluIME(21608): voice: beginning
08-26 16:47:27.445 D/BangluIME(21608): voice: raw partial='হ্যালো হ্যালো হ্যালো বাংলায় কথা বলতেছি হ্যালো হ্যালো হ্যালো হ্যালো মাইক্রোফোন টেস্টিং' -> owed='হ্যালো হ্যালো বাংলায় কথা বলতেছি হ্যালো হ্যালো হ্যালো হ্যালো মাইক্রোফোন টেস্টিং' reset=false
08-26 16:47:27.445 D/BangluIME(21608): voice: partial='হ্যালো হ্যালো বাংলায় কথা বলতেছি হ্যালো হ্যালো হ্যালো হ্যালো মাইক্রোফোন টেস্টিং'
08-26 16:47:27.451 D/BangluIME(21608): voice: raw partial='হ্যালো হ্যালো হ্যালো বাংলায় কথা বলতেছি হ্যালো হ্যালো হ্যালো হ্যালো মাইক্রোফোন টেস্টিং হ্যালো' -> owed='হ্যালো হ্যালো বাংলায় কথা বলতেছি হ্যালো হ্যালো হ্যালো হ্যালো মাইক্রোফোন টেস্টিং হ্যালো' reset=false
08-26 16:47:27.451 D/BangluIME(21608): voice: partial='হ্যালো হ্যালো বাংলায় কথা বলতেছি হ্যালো হ্যালো হ্যালো হ্যালো মাইক্রোফোন টেস্টিং হ্যালো'
08-26 16:47:27.992 D/BangluIME(21608): voice: end
08-26 16:47:28.441 D/BangluIME(21608): voice: raw partial='হ্যালো হ্যালো হ্যালো বাংলায় কথা বলতেছি হ্যালো হ্যালো হ্যালো হ্যালো মাইক্রোফোন টেস্টিং হ্যালো হ্যালো' -> owed='হ্যালো হ্যালো বাংলায় কথা বলতেছি হ্যালো হ্যালো হ্যালো হ্যালো মাইক্রোফোন টেস্টিং হ্যালো হ্যালো' reset=false
08-26 16:47:28.441 D/BangluIME(21608): voice: partial='হ্যালো হ্যালো বাংলায় কথা বলতেছি হ্যালো হ্যালো হ্যালো হ্যালো মাইক্রোফোন টেস্টিং হ্যালো হ্যালো'
08-26 16:47:30.753 D/BangluIME(21608): voice: beginning
08-26 16:47:30.754 D/BangluIME(21608): voice: measured pause commit mark=',' pauseMs=2762 text='হ্যালো হ্যালো বাংলায় কথা বলতেছি হ্যালো হ্যালো হ্যালো হ্যালো মাইক্রোফোন টেস্টিং হ্যালো হ্যালো'
08-26 16:47:36.376 D/BangluIME(21608): voice: end
08-26 16:47:36.752 D/BangluIME(21608): voice: raw partial='' -> owed='' reset=false
08-26 16:47:40.158 D/BangluIME(21608): voice: beginning
08-26 16:47:42.457 D/BangluIME(21608): voice: end
08-26 16:47:42.923 D/BangluIME(21608): voice: raw partial='' -> owed='' reset=false
08-26 16:47:44.255 D/BangluIME(21608): voice: beginning
08-26 16:47:46.119 D/BangluIME(21608): voice: end
08-26 16:47:46.493 D/BangluIME(21608): voice: raw partial='' -> owed='' reset=false
08-26 16:47:51.206 D/BangluIME(21608): voice: raw results n=0 first=''
08-26 16:47:51.207 D/BangluIME(21608): voice: empty results — treated as no-speech (session ended on silence)
08-26 16:47:51.207 D/BangluIME(21608): voice: error=7
08-26 16:47:51.900 D/BangluIME(21608): onVoiceInput: startListening bn-BD offline=false
08-26 16:47:52.066 D/BangluIME(21608): voice: ready
08-26 16:47:57.163 D/BangluIME(21608): voice: raw partial='' -> owed='' reset=false
08-26 16:47:57.164 D/BangluIME(21608): voice: error=7
08-26 16:47:57.815 D/BangluIME(21608): onVoiceInput: startListening bn-BD offline=false
08-26 16:47:57.957 D/BangluIME(21608): voice: ready
08-26 16:48:03.055 D/BangluIME(21608): voice: raw partial='' -> owed='' reset=false
08-26 16:48:03.059 D/BangluIME(21608): voice: error=7
08-26 16:48:03.711 D/BangluIME(21608): onVoiceInput: startListening bn-BD offline=false
08-26 16:48:03.850 D/BangluIME(21608): voice: ready
08-26 16:48:08.936 D/BangluIME(21608): voice: raw partial='' -> owed='' reset=false
08-26 16:48:08.939 D/BangluIME(21608): voice: error=7
08-26 16:48:09.590 D/BangluIME(21608): onVoiceInput: startListening bn-BD offline=false
08-26 16:48:09.680 D/BangluIME(21608): voice: ready
08-26 16:48:14.766 D/BangluIME(21608): voice: raw partial='' -> owed='' reset=false
08-26 16:48:14.766 D/BangluIME(21608): voice: error=7
08-26 16:48:15.418 D/BangluIME(21608): onVoiceInput: startListening bn-BD offline=false
08-26 16:48:15.541 D/BangluIME(21608): voice: ready
08-26 16:48:20.643 D/BangluIME(21608): voice: raw partial='' -> owed='' reset=false
08-26 16:48:20.644 D/BangluIME(21608): voice: error=7
08-26 16:48:20.644 D/BangluIME(21608): voice: graceful stop after error=7
08-26 16:49:08.006 D/BangluIME(21608): ime: finish_input_view buffer=0 voice=STOPPED
08-26 16:49:08.010 D/BangluIME(21608): stopVoiceInput: cancel=true state=STOPPED
08-26 16:49:08.013 D/BangluIME(21608): ime: finish_input buffer=0 voice=IDLE
08-26 16:49:08.023 D/BangluIME(21608): ime: start_input_view buffer=0 voice=IDLE
08-26 16:49:08.030 D/BangluIME(21608): inputSafety: raw=false private=false inputType=180225 imeOptions=1073741830
08-26 16:49:08.077 D/BangluIME(21608): ime: finish_input_view buffer=0 voice=IDLE
08-26 16:49:08.081 D/BangluIME(21608): ime: window_hidden buffer=0 voice=IDLE
08-26 16:49:12.801 D/BangluIME(21608): ime: start_input_view buffer=0 voice=IDLE
08-26 16:49:12.801 D/BangluIME(21608): inputSafety: raw=false private=false inputType=180225 imeOptions=1073741830
08-26 16:49:13.803 D/BangluIME(21608): latency: suggestions 111ms
08-26 16:49:13.804 D/BangluIME(21608): sugg 'm': ম/context_primary
08-26 16:49:14.198 D/BangluIME(21608): latency: suggestions 45ms
08-26 16:49:14.198 D/BangluIME(21608): sugg 'ma': মা/dictionary_exact, মাড়/dictionary, মায়/dictionary, মড়া/dictionary, ময়া/dictionary, এমএ/acronym_suggestion, মাং/section_filtered, মাই/section_filtered
08-26 16:49:14.927 D/BangluIME(21608): latency: suggestions 62ms
08-26 16:49:14.928 D/BangluIME(21608): sugg 'man': মান/dictionary_exact, ময়ান/dictionary, ম্যান/alternative, মান্য/alternative, মাং/narrowing, মানুষ/corpus_prefix, মানে/corpus_prefix, মানুষের/corpus_prefix
08-26 16:49:15.325 D/BangluIME(21608): latency: suggestions 56ms
08-26 16:49:15.325 D/BangluIME(21608): sugg 'mane': মানে/dictionary_exact, ম্যানে/alternative, মানের/corpus_prefix, মানেই/corpus_prefix, মানেন/corpus_prefix, মানেনা/corpus_prefix, মানই/bengali_variant, মানও/bengali_variant
08-26 16:49:17.004 D/BangluIME(21608): ime: start_input_view buffer=4 voice=IDLE
08-26 16:49:17.008 D/BangluIME(21608): inputSafety: raw=false private=false inputType=180225 imeOptions=1073741830
08-26 16:49:35.339 D/BangluIME(21608): latency: suggestions 145ms
08-26 16:49:35.445 D/BangluIME(21608): latency: suggestions 48ms
08-26 16:49:35.448 D/BangluIME(21608): sugg 'ki': কি/dictionary_exact, কী/ambiguous_variant, কড়ই/dictionary, কড়ি/dictionary, কিজ/narrowing, কিক/narrowing, কিম/narrowing, কিউ/section_filtered
08-26 16:49:36.221 D/BangluIME(21608): onSpacePress: mode=BANGLU, buffer='ki'
08-26 16:49:36.221 D/BangluIME(21608): commitBufferedWordFast: committing 'কি' cached=true
08-26 16:49:36.676 D/BangluIME(21608): latency: suggestions 47ms
08-26 16:49:36.687 D/BangluIME(21608): sugg 'k': ক/context_primary, কই/section_filtered, কংস/section_filtered, কইকা/section_filtered, কঁক/section_filtered, কঁচি/section_filtered, কইও/section_filtered, কইত/section_filtered
08-26 16:49:36.925 D/BangluIME(21608): latency: context_convert 54ms
08-26 16:49:36.966 D/BangluIME(21608): sugg 'kh': খ/dictionary_exact, খড়/alternative, ক্ষ/alternative, খয়/alternative, খয়/orthographic_variant
08-26 16:49:37.370 D/BangluIME(21608): latency: suggestions 44ms
08-26 16:49:37.375 D/BangluIME(21608): sugg 'khe': খে/dictionary_exact, খড়ে/dictionary, খৈ/ambiguous_variant, খেলা/corpus_prefix, খেলার/corpus_prefix, খেতে/corpus_prefix, খেয়ে/corpus_prefix, খেয়াল/corpus_prefix
08-26 16:49:39.544 D/BangluIME(21608): latency: suggestions 45ms
08-26 16:49:39.550 D/BangluIME(21608): sugg 'khel': খেল/dictionary_exact, খৈল/ambiguous_variant, খেলা/corpus_prefix, খেলার/corpus_prefix, খেলায়/corpus_prefix, খেলে/corpus_prefix, খেলতে/corpus_prefix, খেলাধুলা/corpus_prefix
08-26 16:49:40.029 D/BangluIME(21608): latency: suggestions 48ms
08-26 16:49:40.036 D/BangluIME(21608): sugg 'khela': খেলা/dictionary_exact, খেলায়/corpus_prefix, খেলার/corpus_prefix, খেলাই/narrowing, খেলাধুলা/corpus_prefix, খেলাটা/corpus_prefix, খেলাফত/corpus_prefix, খেলছ/bengali_variant
08-26 16:49:40.722 D/BangluIME(21608): ime: start_input_view buffer=5 voice=IDLE
08-26 16:49:40.723 D/BangluIME(21608): inputSafety: raw=false private=false inputType=180225 imeOptions=1073741830
08-26 16:49:42.368 D/BangluIME(21608): ime: finish_input_view buffer=0 voice=IDLE
08-26 16:49:42.370 D/BangluIME(21608): ime: window_hidden buffer=0 voice=IDLE
08-26 16:49:43.756 D/BangluIME(21608): ime: start_input_view buffer=0 voice=IDLE
08-26 16:49:43.757 D/BangluIME(21608): inputSafety: raw=false private=false inputType=180225 imeOptions=1073741830
08-26 16:49:46.890 D/BangluIME(21608): latency: context_convert 411ms
08-26 16:49:46.990 D/BangluIME(21608): latency: suggestions 99ms
08-26 16:49:47.081 D/BangluIME(21608): latency: suggestions 37ms
08-26 16:49:47.095 D/BangluIME(21608): sugg 'sh': শ/dictionary_exact, ষড়/alternative, সঃ/alternative, শ্ব/alternative, ষত্ব/section_filtered, ষ/alternative, ষয়/alternative, ষয়/orthographic_variant
08-26 16:49:47.408 D/BangluIME(21608): latency: suggestions 40ms
08-26 16:49:47.412 D/BangluIME(21608): sugg 'sho': শো/dictionary_exact, শোয়/dictionary, শোঁ/alternative, শব্দ/corpus_prefix, শহর/corpus_prefix, শক্তি/corpus_prefix, শহরে/corpus_prefix, শক্তিশালী/corpus_prefix
08-26 16:49:47.872 D/BangluIME(21608): latency: suggestions 43ms
08-26 16:49:47.872 D/BangluIME(21608): sugg 'shor': শর/dictionary_exact, সোর/dictionary, স্বর/dictionary, শোর/alternative, ষড়/alternative, শরীর/corpus_prefix, শরীরে/corpus_prefix, শর্ত/corpus_prefix
08-26 16:49:48.037 D/BangluIME(21608): latency: suggestions 37ms
08-26 16:49:48.048 D/BangluIME(21608): sugg 'short': শর্ত/dictionary_exact, শর্ট/ambiguous_variant, শর্টকাট/corpus_prefix, শর্তে/corpus_prefix, শর্তের/corpus_prefix, শর্করা/bengali_variant, শর্তাবলী/corpus_prefix, শর্তগুলো/corpus_prefix
08-26 16:49:49.239 D/BangluIME(21608): onSuggestionTap: 'শর্ট' (tier=tier0_ambiguous)
08-26 16:49:50.191 D/BangluIME(21608): latency: suggestions 47ms
08-26 16:49:50.196 D/BangluIME(21608): sugg 'k': ক/context_primary, কই/section_filtered, কংস/section_filtered, কইকা/section_filtered, কঁক/section_filtered, কঁচি/section_filtered, কইও/section_filtered, কইত/section_filtered
08-26 16:49:50.363 D/BangluIME(21608): latency: suggestions 35ms
08-26 16:49:50.376 D/BangluIME(21608): sugg 'ko': কো/dictionary_exact, কোয়/dictionary, কোঁ/alternative, কৌ/ambiguous_variant, কোঁকাতে/bengali_variant, কয়ো/dictionary, কোড়য়/dictionary, ক/candidate_lattice
08-26 16:49:50.818 D/BangluIME(21608): latency: suggestions 48ms
08-26 16:49:50.819 D/BangluIME(21608): sugg 'kor': কর/dictionary_exact, কোর/alternative, কড়/alternative, করে/corpus_prefix, করা/corpus_prefix, করতে/corpus_prefix, কর্জ/orthographic_variant, করেন/corpus_prefix
08-26 16:49:51.161 D/BangluIME(21608): latency: suggestions 37ms
08-26 16:49:51.166 D/BangluIME(21608): sugg 'korc': করছ/context_primary, করচ/ambiguous_variant, করছে/corpus_prefix, করছি/corpus_prefix, করই/bengali_variant, করছেন/corpus_prefix, করছো/dictionary_prefix, করছিনা/dictionary_prefix
08-26 16:49:51.552 D/BangluIME(21608): sugg 'korco': করছ/context_primary, করছো/alternative, করচ/ambiguous_variant, করছটা/corpus_prefix, করছোনা/corpus_prefix, করছস/corpus_prefix, করই/bengali_variant, করবো/dictionary_fuzzy
08-26 16:49:52.169 D/BangluIME(21608): onSpacePress: mode=BANGLU, buffer='korco'
08-26 16:49:52.169 D/BangluIME(21608): commitBufferedWordFast: committing 'করছ' cached=true
08-26 16:49:52.897 D/BangluIME(21608): latency: context_convert 90ms
08-26 16:49:52.958 D/BangluIME(21608): latency: suggestions 60ms
08-26 16:49:52.960 D/BangluIME(21608): sugg 'n': ন/context_primary, ণ/alternative
08-26 16:49:53.304 D/BangluIME(21608): latency: suggestions 35ms
08-26 16:49:53.305 D/BangluIME(21608): sugg 'na': না/dictionary_exact, নায়/dictionary, নড়া/dictionary, নয়া/dictionary, নাঃ/alternative, নাড়/dictionary, নড়ায়/dictionary, ণাবী/section_filtered
08-26 16:49:53.777 D/BangluIME(21608): latency: suggestions 34ms
08-26 16:49:53.777 D/BangluIME(21608): sugg 'nak': নাক/dictionary_exact, নায়ক/dictionary, ন্যাক/alternative, নাকি/corpus_prefix, নাকের/corpus_prefix, নাকে/corpus_prefix, নাকচ/corpus_prefix, নাক্ষত্রিক/corpus_prefix
08-26 16:49:53.979 D/BangluIME(21608): sugg 'naki': নাকি/dictionary_exact, নাকির/corpus_prefix, নাকও/root_dictionary, নাক/bengali_variant, নাই/dictionary_fuzzy, নদী/dictionary_fuzzy, নানী/dictionary_fuzzy, নাঃ/section_filtered
08-26 16:49:54.653 D/BangluIME(21608): ime: start_input_view buffer=4 voice=IDLE
08-26 16:49:54.654 D/BangluIME(21608): inputSafety: raw=false private=false inputType=180225 imeOptions=1073741830
08-26 16:50:09.027 D/BangluIME(21608): ime: finish_input_view buffer=0 voice=IDLE
08-26 16:50:09.029 D/BangluIME(21608): ime: window_hidden buffer=0 voice=IDLE
08-26 16:50:09.285 D/BangluIME(21608): ime: finish_input buffer=0 voice=IDLE
08-26 16:50:11.640 D/BangluIME(21608): ime: finish_input buffer=0 voice=IDLE
08-26 16:55:06.345 D/BangluIME(25803): ime: runtime_policy_installed buffer=0 voice=IDLE
08-26 16:55:06.495 D/BangluIME(25803): onCreate: Initializing SmartEngine...
08-26 16:55:07.100 D/BangluIME(25803): ime: finish_input buffer=0 voice=IDLE
08-26 16:55:07.161 D/BangluIME(25803): onCreate: Seed dictionary loaded
08-26 16:55:07.168 D/BangluIME(25803): onCreate: Loading learned words...
08-26 16:55:07.190 E/BangluIME(25803): failure: strict_thread_DiskReadViolation
08-26 16:55:07.190 E/BangluIME(25803): android.os.strictmode.DiskReadViolation
08-26 16:55:07.190 E/BangluIME(25803): 	at android.os.StrictMode$AndroidBlockGuardPolicy.onReadFromDisk(StrictMode.java:1722)
08-26 16:55:07.190 E/BangluIME(25803): 	at android.database.sqlite.SQLiteConnection.applyBlockGuardPolicy(SQLiteConnection.java:1772)
08-26 16:55:07.190 E/BangluIME(25803): 	at android.database.sqlite.SQLiteConnection.executeForCursorWindow(SQLiteConnection.java:1376)
08-26 16:55:07.190 E/BangluIME(25803): 	at android.database.sqlite.SQLiteSession.executeForCursorWindow(SQLiteSession.java:873)
08-26 16:55:07.190 E/BangluIME(25803): 	at android.database.sqlite.SQLiteQuery.fillWindow(SQLiteQuery.java:62)
08-26 16:55:07.190 E/BangluIME(25803): 	at android.database.sqlite.SQLiteCursor.fillWindow(SQLiteCursor.java:157)
08-26 16:55:07.190 E/BangluIME(25803): 	at android.database.sqlite.SQLiteCursor.getCount(SQLiteCursor.java:144)
08-26 16:55:07.190 E/BangluIME(25803): 	at android.database.AbstractCursor.moveToPosition(AbstractCursor.java:252)
08-26 16:55:07.190 E/BangluIME(25803): 	at android.database.AbstractCursor.moveToFirst(AbstractCursor.java:291)
08-26 16:55:07.190 E/BangluIME(25803): 	at com.banglu.keyboard.SqlitePhoneticIndexStore.extendedAvailable_delegate$lambda$6(SqlitePhoneticIndexStore.kt:132)
08-26 16:55:07.190 E/BangluIME(25803): 	at com.banglu.keyboard.SqlitePhoneticIndexStore.$r8$lambda$vttT5DX4Piyn1OHcjWScb8rgB4o(SqlitePhoneticIndexStore.kt:0)
08-26 16:55:07.190 E/BangluIME(25803): 	at com.banglu.keyboard.SqlitePhoneticIndexStore$$ExternalSyntheticLambda0.invoke(D8$$SyntheticClass:0)
08-26 16:55:07.190 E/BangluIME(25803): 	at kotlin.SynchronizedLazyImpl.getValue(LazyJVM.kt:83)
08-26 16:55:07.190 E/BangluIME(25803): 	at com.banglu.keyboard.SqlitePhoneticIndexStore.getExtendedAvailable(SqlitePhoneticIndexStore.kt:127)
08-26 16:55:07.190 E/BangluIME(25803): 	at com.banglu.keyboard.SqlitePhoneticIndexStore.hasExtendedData(SqlitePhoneticIndexStore.kt:138)
08-26 16:55:07.190 E/BangluIME(25803): 	at com.banglu.engine.dictionary.SmartDictionary.attachExtendedStore(SmartDictionary.kt:43)
08-26 16:55:07.190 E/BangluIME(25803): 	at com.banglu.engine.SmartEngine.setPhoneticIndex(SmartEngine.kt:96)
08-26 16:55:07.190 E/BangluIME(25803): 	at com.banglu.engine.SmartEngineAdapter.setPhoneticIndex(SmartEngineAdapter.kt:211)
08-26 16:55:07.190 E/BangluIME(25803): 	at com.banglu.keyboard.BangluIMEService.attachPhoneticIndexStore(BangluIMEService.kt:1240)
08-26 16:55:07.190 E/BangluIME(25803): 	at com.banglu.keyboard.BangluIMEService.access$attachPhoneticIndexStore(BangluIMEService.kt:59)
08-26 16:55:07.190 E/BangluIME(25803): 	at com.banglu.keyboard.BangluIMEService$attachPhoneticIndexStore$1.invokeSuspend(BangluIMEService.kt:16)
08-26 16:55:07.190 E/BangluIME(25803): 	at kotlin.coroutines.jvm.internal.BaseContinuationImpl.resumeWith(ContinuationImpl.kt:33)
08-26 16:55:07.190 E/BangluIME(25803): 	at kotlinx.coroutines.DispatchedTask.run(DispatchedTask.kt:101)
08-26 16:55:07.190 E/BangluIME(25803): 	at android.os.Handler.handleCallback(Handler.java:995)
08-26 16:55:07.190 E/BangluIME(25803): 	at android.os.Handler.dispatchMessage(Handler.java:103)
08-26 16:55:07.190 E/BangluIME(25803): 	at android.os.Looper.loopOnce(Looper.java:273)
08-26 16:55:07.190 E/BangluIME(25803): 	at android.os.Looper.loop(Looper.java:363)
08-26 16:55:07.190 E/BangluIME(25803): 	at android.app.ActivityThread.main(ActivityThread.java:10060)
08-26 16:55:07.190 E/BangluIME(25803): 	at java.lang.reflect.Method.invoke(Native Method)
08-26 16:55:07.190 E/BangluIME(25803): 	at com.android.internal.os.RuntimeInit$MethodAndArgsCaller.run(RuntimeInit.java:632)
08-26 16:55:07.190 E/BangluIME(25803): 	at com.android.internal.os.ZygoteInit.main(ZygoteInit.java:975)
08-26 16:55:08.306 D/BangluIME(25803): ime: start_input_view buffer=0 voice=IDLE
08-26 16:55:08.307 D/BangluIME(25803): inputSafety: raw=false private=false inputType=180225 imeOptions=1073741830
08-26 16:55:09.894 D/BangluIME(25803): onVoiceInput: state=IDLE
08-26 16:55:09.912 D/BangluIME(25803): onVoiceInput: startListening bn-BD offline=false
08-26 16:55:10.136 D/BangluIME(25803): voice: ready
08-26 16:55:12.495 D/BangluIME(25803): voice: beginning
08-26 16:55:12.884 D/BangluIME(25803): voice: raw partial='' -> owed='' reset=false
08-26 16:55:13.462 D/BangluIME(25803): voice: raw partial='আমি' -> owed='আমি' reset=false
08-26 16:55:13.462 D/BangluIME(25803): voice: partial='আমি'
08-26 16:55:13.583 D/BangluIME(25803): voice: raw partial='আমি' -> owed='আমি' reset=false
08-26 16:55:13.583 D/BangluIME(25803): voice: partial='আমি'
08-26 16:55:13.919 D/BangluIME(25803): voice: raw partial='আমি' -> owed='আমি' reset=false
08-26 16:55:13.919 D/BangluIME(25803): voice: partial='আমি'
08-26 16:55:14.025 D/BangluIME(25803): voice: raw partial='আমি' -> owed='আমি' reset=false
08-26 16:55:14.025 D/BangluIME(25803): voice: partial='আমি'
08-26 16:55:14.165 D/BangluIME(25803): voice: raw partial='আমি ভয়েস' -> owed='আমি ভয়েস' reset=false
08-26 16:55:14.165 D/BangluIME(25803): voice: partial='আমি ভয়েস'
08-26 16:55:14.350 D/BangluIME(25803): voice: raw partial='আমি ভয়েস' -> owed='আমি ভয়েস' reset=false
08-26 16:55:14.350 D/BangluIME(25803): voice: partial='আমি ভয়েস'
08-26 16:55:14.586 D/BangluIME(25803): onCreate: Learned words loaded
08-26 16:55:14.657 D/BangluIME(25803): voice: raw partial='আমি ভয়েস টাইপিং' -> owed='আমি ভয়েস টাইপিং' reset=false
08-26 16:55:14.657 D/BangluIME(25803): voice: partial='আমি ভয়েস টাইপিং'
08-26 16:55:14.938 D/BangluIME(25803): voice: raw partial='আমি ভয়েস টাইপিং টেস্ট' -> owed='আমি ভয়েস টাইপিং টেস্ট' reset=false
08-26 16:55:14.938 D/BangluIME(25803): voice: partial='আমি ভয়েস টাইপিং টেস্ট'
08-26 16:55:15.243 D/BangluIME(25803): voice: raw partial='আমি ভয়েস টাইপিং টেস্ট করার' -> owed='আমি ভয়েস টাইপিং টেস্ট করার' reset=false
08-26 16:55:15.243 D/BangluIME(25803): voice: partial='আমি ভয়েস টাইপিং টেস্ট করার'
08-26 16:55:15.610 D/BangluIME(25803): voice: end
08-26 16:55:16.014 D/BangluIME(25803): voice: raw partial='আমি ভয়েস টাইপিং টেস্ট করার জন্য' -> owed='আমি ভয়েস টাইপিং টেস্ট করার জন্য' reset=false
08-26 16:55:16.015 D/BangluIME(25803): voice: partial='আমি ভয়েস টাইপিং টেস্ট করার জন্য'
08-26 16:55:17.031 D/BangluIME(25803): voice: beginning
08-26 16:55:17.032 D/BangluIME(25803): voice: measured pause commit mark=',' pauseMs=1422 text='আমি ভয়েস টাইপিং টেস্ট করার জন্য'
08-26 16:55:17.742 D/BangluIME(25803): voice: raw partial='' -> owed='' reset=false
08-26 16:55:18.178 D/BangluIME(25803): voice: raw partial='' -> owed='' reset=false
08-26 16:55:18.322 D/BangluIME(25803): voice: raw partial='ভয়েস' -> owed='ভয়েস' reset=true
08-26 16:55:18.322 D/BangluIME(25803): voice: partial='ভয়েস'
08-26 16:55:18.695 D/BangluIME(25803): voice: raw partial='ভয়েস' -> owed='ভয়েস' reset=false
08-26 16:55:18.696 D/BangluIME(25803): voice: partial='ভয়েস'
08-26 16:55:18.761 D/BangluIME(25803): voice: raw partial='ভয়েস টেস্ট' -> owed='ভয়েস টেস্ট' reset=false
08-26 16:55:18.761 D/BangluIME(25803): voice: partial='ভয়েস টেস্ট'
08-26 16:55:19.125 D/BangluIME(25803): voice: end
08-26 16:55:19.533 D/BangluIME(25803): voice: raw partial='ভয়েস টেস্ট করতেছি' -> owed='ভয়েস টেস্ট করতেছি' reset=false
08-26 16:55:19.533 D/BangluIME(25803): voice: partial='ভয়েস টেস্ট করতেছি'
08-26 16:55:21.128 D/BangluIME(25803): voice: idle 2000ms after speech — ending session early
08-26 16:55:21.129 D/BangluIME(25803): voice: pause commit — ending this session for a fresh one
08-26 16:55:21.252 D/BangluIME(25803): voice: raw results n=0 first=''
08-26 16:55:21.253 D/BangluIME(25803): voice: session ended by pause commit (results) — fresh session
08-26 16:55:21.516 D/BangluIME(25803): onVoiceInput: startListening bn-BD offline=false
08-26 16:55:21.664 D/BangluIME(25803): voice: ready
08-26 16:55:22.563 D/BangluIME(25803): voice: beginning
08-26 16:55:23.321 D/BangluIME(25803): voice: raw partial='' -> owed='' reset=false
08-26 16:55:23.518 D/BangluIME(25803): voice: raw partial='' -> owed='' reset=false
08-26 16:55:23.897 D/BangluIME(25803): voice: raw partial='এটা' -> owed='এটা' reset=false
08-26 16:55:23.898 D/BangluIME(25803): voice: partial='এটা'
08-26 16:55:23.954 D/BangluIME(25803): voice: raw partial='এটা' -> owed='এটা' reset=false
08-26 16:55:23.954 D/BangluIME(25803): voice: partial='এটা'
08-26 16:55:24.152 D/BangluIME(25803): voice: raw partial='এটা কেন' -> owed='এটা কেন' reset=false
08-26 16:55:24.152 D/BangluIME(25803): voice: partial='এটা কেন'
08-26 16:55:24.281 D/BangluIME(25803): voice: raw partial='এটা কেন' -> owed='এটা কেন' reset=false
08-26 16:55:24.281 D/BangluIME(25803): voice: partial='এটা কেন'
08-26 16:55:24.493 D/BangluIME(25803): voice: raw partial='এটা কেন' -> owed='এটা কেন' reset=false
08-26 16:55:24.493 D/BangluIME(25803): voice: partial='এটা কেন'
08-26 16:55:24.544 D/BangluIME(25803): voice: raw partial='এটা কেন জানি' -> owed='এটা কেন জানি' reset=false
08-26 16:55:24.544 D/BangluIME(25803): voice: partial='এটা কেন জানি'
08-26 16:55:24.855 D/BangluIME(25803): voice: raw partial='এটা কেন জানি মাঝে' -> owed='এটা কেন জানি মাঝে' reset=false
08-26 16:55:24.855 D/BangluIME(25803): voice: partial='এটা কেন জানি মাঝে'
08-26 16:55:25.081 D/BangluIME(25803): voice: raw partial='এটা কেন জানি মাঝে' -> owed='এটা কেন জানি মাঝে' reset=false
08-26 16:55:25.081 D/BangluIME(25803): voice: partial='এটা কেন জানি মাঝে'
08-26 16:55:25.125 D/BangluIME(25803): voice: raw partial='এটা কেন জানি মাঝে মাঝে' -> owed='এটা কেন জানি মাঝে মাঝে' reset=false
08-26 16:55:25.125 D/BangluIME(25803): voice: partial='এটা কেন জানি মাঝে মাঝে'
08-26 16:55:25.309 D/BangluIME(25803): voice: raw partial='এটা কেন জানি মাঝে মাঝে' -> owed='এটা কেন জানি মাঝে মাঝে' reset=false
08-26 16:55:25.309 D/BangluIME(25803): voice: partial='এটা কেন জানি মাঝে মাঝে'
08-26 16:55:25.629 D/BangluIME(25803): voice: raw partial='এটা কেন জানি মাঝে মাঝে ভয়েস' -> owed='এটা কেন জানি মাঝে মাঝে ভয়েস' reset=false
08-26 16:55:25.629 D/BangluIME(25803): voice: partial='এটা কেন জানি মাঝে মাঝে ভয়েস'
08-26 16:55:25.698 D/BangluIME(25803): voice: raw partial='এটা কেন জানি মাঝে মাঝে ভয়েস' -> owed='এটা কেন জানি মাঝে মাঝে ভয়েস' reset=false
08-26 16:55:25.698 D/BangluIME(25803): voice: partial='এটা কেন জানি মাঝে মাঝে ভয়েস'
08-26 16:55:25.834 D/BangluIME(25803): voice: raw partial='এটা কেন জানি মাঝে মাঝে ভয়েস' -> owed='এটা কেন জানি মাঝে মাঝে ভয়েস' reset=false
08-26 16:55:25.834 D/BangluIME(25803): voice: partial='এটা কেন জানি মাঝে মাঝে ভয়েস'
08-26 16:55:25.892 D/BangluIME(25803): voice: raw partial='এটা কেন জানি মাঝে মাঝে ভয়েস পিক' -> owed='এটা কেন জানি মাঝে মাঝে ভয়েস পিক' reset=false
08-26 16:55:25.892 D/BangluIME(25803): voice: partial='এটা কেন জানি মাঝে মাঝে ভয়েস পিক'
08-26 16:55:25.947 D/BangluIME(25803): voice: raw partial='এটা কেন জানি মাঝে মাঝে ভয়েস পিক' -> owed='এটা কেন জানি মাঝে মাঝে ভয়েস পিক' reset=false
08-26 16:55:25.948 D/BangluIME(25803): voice: partial='এটা কেন জানি মাঝে মাঝে ভয়েস পিক'
08-26 16:55:26.397 D/BangluIME(25803): voice: raw partial='এটা কেন জানি মাঝে মাঝে ভয়েস পিক করতেছে' -> owed='এটা কেন জানি মাঝে মাঝে ভয়েস পিক করতেছে' reset=false
08-26 16:55:26.398 D/BangluIME(25803): voice: partial='এটা কেন জানি মাঝে মাঝে ভয়েস পিক করতেছে'
08-26 16:55:26.655 D/BangluIME(25803): voice: end
08-26 16:55:27.038 D/BangluIME(25803): voice: raw partial='এটা কেন জানি মাঝে মাঝে ভয়েস পিক করতেছে না' -> owed='এটা কেন জানি মাঝে মাঝে ভয়েস পিক করতেছে না' reset=false
08-26 16:55:27.038 D/BangluIME(25803): voice: partial='এটা কেন জানি মাঝে মাঝে ভয়েস পিক করতেছে না'
08-26 16:55:28.657 D/BangluIME(25803): voice: idle 2000ms after speech — ending session early
08-26 16:55:28.657 D/BangluIME(25803): voice: pause commit — ending this session for a fresh one
08-26 16:55:28.768 D/BangluIME(25803): voice: raw results n=0 first=''
08-26 16:55:28.768 D/BangluIME(25803): voice: session ended by pause commit (results) — fresh session
08-26 16:55:29.025 D/BangluIME(25803): onVoiceInput: startListening bn-BD offline=false
08-26 16:55:29.094 D/BangluIME(25803): voice: ready
08-26 16:55:31.257 D/BangluIME(25803): voice: beginning
08-26 16:55:31.595 D/BangluIME(25803): voice: raw partial='' -> owed='' reset=false
08-26 16:55:31.842 D/BangluIME(25803): voice: raw partial='' -> owed='' reset=false
08-26 16:55:32.034 D/BangluIME(25803): voice: raw partial='' -> owed='' reset=false
08-26 16:55:32.217 D/BangluIME(25803): voice: raw partial='এখন' -> owed='এখন' reset=false
08-26 16:55:32.217 D/BangluIME(25803): voice: partial='এখন'
08-26 16:55:32.277 D/BangluIME(25803): voice: raw partial='এখন' -> owed='এখন' reset=false
08-26 16:55:32.277 D/BangluIME(25803): voice: partial='এখন'
08-26 16:55:32.477 D/BangluIME(25803): voice: raw partial='এখন কি' -> owed='এখন কি' reset=false
08-26 16:55:32.477 D/BangluIME(25803): voice: partial='এখন কি'
08-26 16:55:32.558 D/BangluIME(25803): voice: raw partial='এখন কি' -> owed='এখন কি' reset=false
08-26 16:55:32.558 D/BangluIME(25803): voice: partial='এখন কি'
08-26 16:55:32.620 D/BangluIME(25803): voice: raw partial='এখন কি মনে' -> owed='এখন কি মনে' reset=false
08-26 16:55:32.621 D/BangluIME(25803): voice: partial='এখন কি মনে'
08-26 16:55:32.856 D/BangluIME(25803): voice: raw partial='এখন কি মনে হচ্ছে' -> owed='এখন কি মনে হচ্ছে' reset=false
08-26 16:55:32.856 D/BangluIME(25803): voice: partial='এখন কি মনে হচ্ছে'
08-26 16:55:32.981 D/BangluIME(25803): voice: raw partial='এখন কি মনে হচ্ছে' -> owed='এখন কি মনে হচ্ছে' reset=false
08-26 16:55:32.981 D/BangluIME(25803): voice: partial='এখন কি মনে হচ্ছে'
08-26 16:55:33.257 D/BangluIME(25803): voice: raw partial='এখন কি মনে হচ্ছে' -> owed='এখন কি মনে হচ্ছে' reset=false
08-26 16:55:33.257 D/BangluIME(25803): voice: partial='এখন কি মনে হচ্ছে'
08-26 16:55:33.502 D/BangluIME(25803): voice: raw partial='এখন কি মনে হচ্ছে জিনিসটা' -> owed='এখন কি মনে হচ্ছে জিনিসটা' reset=false
08-26 16:55:33.502 D/BangluIME(25803): voice: partial='এখন কি মনে হচ্ছে জিনিসটা'
08-26 16:55:33.556 D/BangluIME(25803): voice: raw partial='এখন কি মনে হচ্ছে জিনিসটা ঠিক' -> owed='এখন কি মনে হচ্ছে জিনিসটা ঠিক' reset=false
08-26 16:55:33.556 D/BangluIME(25803): voice: partial='এখন কি মনে হচ্ছে জিনিসটা ঠিক'
08-26 16:55:33.926 D/BangluIME(25803): voice: end
08-26 16:55:34.341 D/BangluIME(25803): voice: raw partial='এখন কি মনে হচ্ছে জিনিসটা ঠিক হয়ে গেছে' -> owed='এখন কি মনে হচ্ছে জিনিসটা ঠিক হয়ে গেছে' reset=false
08-26 16:55:34.341 D/BangluIME(25803): voice: partial='এখন কি মনে হচ্ছে জিনিসটা ঠিক হয়ে গেছে'
08-26 16:55:35.928 D/BangluIME(25803): voice: idle 2000ms after speech — ending session early
08-26 16:55:35.928 D/BangluIME(25803): voice: pause commit — ending this session for a fresh one
08-26 16:55:36.019 D/BangluIME(25803): voice: raw results n=0 first=''
08-26 16:55:36.019 D/BangluIME(25803): voice: session ended by pause commit (results) — fresh session
08-26 16:55:36.271 D/BangluIME(25803): onVoiceInput: startListening bn-BD offline=false
08-26 16:55:36.411 D/BangluIME(25803): voice: ready
08-26 16:55:36.854 D/BangluIME(25803): voice: beginning
08-26 16:55:37.690 D/BangluIME(25803): voice: raw partial='' -> owed='' reset=false
08-26 16:55:37.800 D/BangluIME(25803): voice: raw partial='' -> owed='' reset=false
08-26 16:55:38.019 D/BangluIME(25803): voice: raw partial='' -> owed='' reset=false
08-26 16:55:38.266 D/BangluIME(25803): voice: raw partial='ওয়াজ' -> owed='ওয়াজ' reset=false
08-26 16:55:38.266 D/BangluIME(25803): voice: partial='ওয়াজ'
08-26 16:55:38.450 D/BangluIME(25803): voice: raw partial='ওয়াজ কি' -> owed='ওয়াজ কি' reset=false
08-26 16:55:38.450 D/BangluIME(25803): voice: partial='ওয়াজ কি'
08-26 16:55:38.666 D/BangluIME(25803): voice: raw partial='ওয়াজ কি বেশি' -> owed='ওয়াজ কি বেশি' reset=false
08-26 16:55:38.666 D/BangluIME(25803): voice: partial='ওয়াজ কি বেশি'
08-26 16:55:38.844 D/BangluIME(25803): voice: end
08-26 16:55:39.232 D/BangluIME(25803): voice: raw partial='ওয়াজ কি বেশি লাগতেছে' -> owed='ওয়াজ কি বেশি লাগতেছে' reset=false
08-26 16:55:39.232 D/BangluIME(25803): voice: partial='ওয়াজ কি বেশি লাগতেছে'
08-26 16:55:40.846 D/BangluIME(25803): voice: idle 2000ms after speech — ending session early
08-26 16:55:40.846 D/BangluIME(25803): voice: pause commit — ending this session for a fresh one
08-26 16:55:40.953 D/BangluIME(25803): voice: raw results n=0 first=''
08-26 16:55:40.953 D/BangluIME(25803): voice: session ended by pause commit (results) — fresh session
08-26 16:55:41.206 D/BangluIME(25803): onVoiceInput: startListening bn-BD offline=false
08-26 16:55:41.347 D/BangluIME(25803): voice: ready
08-26 16:55:45.677 D/BangluIME(25803): voice: beginning
08-26 16:55:46.130 D/BangluIME(25803): voice: raw partial='' -> owed='' reset=false
08-26 16:55:46.410 D/BangluIME(25803): voice: raw partial='' -> owed='' reset=false
08-26 16:55:46.505 D/BangluIME(25803): voice: raw partial='' -> owed='' reset=false
08-26 16:55:46.583 D/BangluIME(25803): voice: raw partial='' -> owed='' reset=false
08-26 16:55:46.703 D/BangluIME(25803): voice: raw partial='হ্যালো' -> owed='হ্যালো' reset=false
08-26 16:55:46.703 D/BangluIME(25803): voice: partial='হ্যালো'
08-26 16:55:46.758 D/BangluIME(25803): voice: raw partial='হ্যালো' -> owed='হ্যালো' reset=false
08-26 16:55:46.758 D/BangluIME(25803): voice: partial='হ্যালো'
08-26 16:55:46.887 D/BangluIME(25803): voice: raw partial='হ্যালো' -> owed='হ্যালো' reset=false
08-26 16:55:46.887 D/BangluIME(25803): voice: partial='হ্যালো'
08-26 16:55:47.238 D/BangluIME(25803): voice: raw partial='হ্যালো' -> owed='হ্যালো' reset=false
08-26 16:55:47.238 D/BangluIME(25803): voice: partial='হ্যালো'
08-26 16:55:47.287 D/BangluIME(25803): voice: raw partial='হ্যালো' -> owed='হ্যালো' reset=false
08-26 16:55:47.287 D/BangluIME(25803): voice: partial='হ্যালো'
08-26 16:55:47.545 D/BangluIME(25803): voice: raw partial='হ্যালো' -> owed='হ্যালো' reset=false
08-26 16:55:47.545 D/BangluIME(25803): voice: partial='হ্যালো'
08-26 16:55:47.789 D/BangluIME(25803): voice: raw partial='হ্যালো ইরাবতী,' -> owed='হ্যালো ইরাবতী,' reset=false
08-26 16:55:47.790 D/BangluIME(25803): voice: partial='হ্যালো ইরাবতী,'
08-26 16:55:47.845 D/BangluIME(25803): voice: raw partial='হ্যালো ইরাবতী, তুমি' -> owed='হ্যালো ইরাবতী, তুমি' reset=false
08-26 16:55:47.845 D/BangluIME(25803): voice: partial='হ্যালো ইরাবতী, তুমি'
08-26 16:55:48.108 D/BangluIME(25803): voice: raw partial='হ্যালো ইরাবতী, তুমি কোথায়' -> owed='হ্যালো ইরাবতী, তুমি কোথায়' reset=false
08-26 16:55:48.108 D/BangluIME(25803): voice: partial='হ্যালো ইরাবতী, তুমি কোথায়'
08-26 16:55:48.414 D/BangluIME(25803): voice: end
08-26 16:55:48.806 D/BangluIME(25803): voice: raw partial='হ্যালো ইরাবতী, তুমি কোথায়' -> owed='হ্যালো ইরাবতী, তুমি কোথায়' reset=false
08-26 16:55:48.806 D/BangluIME(25803): voice: partial='হ্যালো ইরাবতী, তুমি কোথায়'
08-26 16:55:49.446 D/BangluIME(25803): voice: beginning
08-26 16:55:49.848 D/BangluIME(25803): voice: raw partial='' -> owed='' reset=false
08-26 16:55:50.158 D/BangluIME(25803): voice: raw partial='' -> owed='' reset=false
08-26 16:55:50.349 D/BangluIME(25803): voice: raw partial='' -> owed='' reset=false
08-26 16:55:50.350 D/BangluIME(25803): voice: raw partial='' -> owed='' reset=false
08-26 16:55:50.407 D/BangluIME(25803): voice: raw partial='হ্যালো' -> owed='হ্যালো' reset=false
08-26 16:55:50.407 D/BangluIME(25803): voice: partial='হ্যালো'
08-26 16:55:50.677 D/BangluIME(25803): voice: raw partial='হ্যালো' -> owed='হ্যালো' reset=false
08-26 16:55:50.677 D/BangluIME(25803): voice: partial='হ্যালো'
08-26 16:55:50.727 D/BangluIME(25803): voice: raw partial='হ্যালো' -> owed='হ্যালো' reset=false
08-26 16:55:50.727 D/BangluIME(25803): voice: partial='হ্যালো'
08-26 16:55:51.114 D/BangluIME(25803): voice: end
08-26 16:55:51.499 D/BangluIME(25803): voice: raw partial='হ্যালো ইরাবতী' -> owed='হ্যালো ইরাবতী' reset=false
08-26 16:55:51.499 D/BangluIME(25803): voice: partial='হ্যালো ইরাবতী'
08-26 16:55:53.158 D/BangluIME(25803): voice: beginning
08-26 16:55:53.159 D/BangluIME(25803): voice: measured pause commit mark=',' pauseMs=2045 text='হ্যালো ইরাবতী'
08-26 16:55:53.598 D/BangluIME(25803): voice: raw partial='' -> owed='' reset=false
08-26 16:55:53.866 D/BangluIME(25803): voice: raw partial='' -> owed='' reset=false
08-26 16:55:54.002 D/BangluIME(25803): voice: raw partial='' -> owed='' reset=false
08-26 16:55:54.070 D/BangluIME(25803): voice: raw partial='' -> owed='' reset=false
08-26 16:55:54.240 D/BangluIME(25803): voice: raw partial='হ্যালো' -> owed='' reset=false
08-26 16:55:54.380 D/BangluIME(25803): voice: raw partial='হ্যালো' -> owed='' reset=false
08-26 16:55:54.845 D/BangluIME(25803): voice: raw partial='হ্যালো' -> owed='' reset=false
08-26 16:55:54.961 D/BangluIME(25803): voice: raw partial='হ্যালো ইরাবতী' -> owed='' reset=false
08-26 16:55:55.416 D/BangluIME(25803): voice: raw partial='হ্যালো' -> owed='' reset=false
08-26 16:55:55.482 D/BangluIME(25803): voice: raw partial='হ্যালো ইরাবতী' -> owed='' reset=false
08-26 16:55:56.065 D/BangluIME(25803): voice: raw partial='হ্যালো ইরাবতী' -> owed='' reset=false
08-26 16:55:56.149 D/BangluIME(25803): voice: raw partial='হ্যালো ইরাবতী হ্যালো হ্যালো' -> owed='হ্যালো হ্যালো' reset=false
08-26 16:55:56.150 D/BangluIME(25803): voice: partial='হ্যালো হ্যালো'
08-26 16:55:56.197 D/BangluIME(25803): voice: raw partial='হ্যালো ইরাবতী হ্যালো হ্যালো' -> owed='হ্যালো হ্যালো' reset=false
08-26 16:55:56.197 D/BangluIME(25803): voice: partial='হ্যালো হ্যালো'
08-26 16:55:56.750 D/BangluIME(25803): voice: end
08-26 16:55:57.131 D/BangluIME(25803): voice: raw partial='হ্যালো ইরাবতী হ্যালো হ্যালো হ্যালো হ্যালো' -> owed='হ্যালো হ্যালো হ্যালো হ্যালো' reset=false
08-26 16:55:57.131 D/BangluIME(25803): voice: partial='হ্যালো হ্যালো হ্যালো হ্যালো'
08-26 16:55:58.789 D/BangluIME(25803): voice: idle 2000ms after speech — ending session early
08-26 16:55:58.789 D/BangluIME(25803): voice: pause commit — ending this session for a fresh one
08-26 16:55:58.899 D/BangluIME(25803): voice: raw results n=0 first=''
08-26 16:55:58.899 D/BangluIME(25803): voice: session ended by pause commit (results) — fresh session
08-26 16:55:59.150 D/BangluIME(25803): onVoiceInput: startListening bn-BD offline=false
08-26 16:55:59.288 D/BangluIME(25803): voice: ready
08-26 16:56:00.613 D/BangluIME(25803): voice: beginning
08-26 16:56:00.989 D/BangluIME(25803): voice: raw partial='' -> owed='' reset=false
08-26 16:56:01.126 D/BangluIME(25803): voice: raw partial='' -> owed='' reset=false
08-26 16:56:01.195 D/BangluIME(25803): voice: raw partial='' -> owed='' reset=false
08-26 16:56:01.399 D/BangluIME(25803): voice: raw partial='' -> owed='' reset=false
08-26 16:56:01.449 D/BangluIME(25803): voice: raw partial='' -> owed='' reset=false
08-26 16:56:01.564 D/BangluIME(25803): voice: raw partial='' -> owed='' reset=false
08-26 16:56:02.041 D/BangluIME(25803): voice: raw partial='ইরাবতী' -> owed='ইরাবতী' reset=false
08-26 16:56:02.041 D/BangluIME(25803): voice: partial='ইরাবতী'
08-26 16:56:02.094 D/BangluIME(25803): voice: raw partial='ইরাবতী' -> owed='ইরাবতী' reset=false
08-26 16:56:02.094 D/BangluIME(25803): voice: partial='ইরাবতী'
08-26 16:56:02.175 D/BangluIME(25803): voice: raw partial='ইরাবতী তুমি' -> owed='ইরাবতী তুমি' reset=false
08-26 16:56:02.175 D/BangluIME(25803): voice: partial='ইরাবতী তুমি'
08-26 16:56:02.681 D/BangluIME(25803): voice: end
08-26 16:56:03.045 D/BangluIME(25803): voice: raw partial='ইরাবতী তুমি কোথায়' -> owed='ইরাবতী তুমি কোথায়' reset=false
08-26 16:56:03.045 D/BangluIME(25803): voice: partial='ইরাবতী তুমি কোথায়'
08-26 16:56:04.684 D/BangluIME(25803): voice: idle 2000ms after speech — ending session early
08-26 16:56:04.684 D/BangluIME(25803): voice: pause commit — ending this session for a fresh one
08-26 16:56:04.792 D/BangluIME(25803): voice: raw results n=0 first=''
08-26 16:56:04.792 D/BangluIME(25803): voice: session ended by pause commit (results) — fresh session
08-26 16:56:05.045 D/BangluIME(25803): onVoiceInput: startListening bn-BD offline=false
08-26 16:56:05.187 D/BangluIME(25803): voice: ready
08-26 16:56:06.983 D/BangluIME(25803): voice: beginning
08-26 16:56:07.357 D/BangluIME(25803): voice: raw partial='' -> owed='' reset=false
08-26 16:56:07.423 D/BangluIME(25803): voice: raw partial='' -> owed='' reset=false
08-26 16:56:07.539 D/BangluIME(25803): voice: raw partial='' -> owed='' reset=false
08-26 16:56:07.940 D/BangluIME(25803): voice: raw partial='' -> owed='' reset=false
08-26 16:56:08.061 D/BangluIME(25803): voice: raw partial='' -> owed='' reset=false
08-26 16:56:08.324 D/BangluIME(25803): voice: end
08-26 16:56:08.696 D/BangluIME(25803): voice: raw partial='ইরাবতী' -> owed='ইরাবতী' reset=false
08-26 16:56:08.696 D/BangluIME(25803): voice: partial='ইরাবতী'
08-26 16:56:10.357 D/BangluIME(25803): voice: idle 2000ms after speech — ending session early
08-26 16:56:10.357 D/BangluIME(25803): voice: pause commit — ending this session for a fresh one
08-26 16:56:10.463 D/BangluIME(25803): voice: raw results n=0 first=''
08-26 16:56:10.463 D/BangluIME(25803): voice: session ended by pause commit (results) — fresh session
08-26 16:56:10.754 D/BangluIME(25803): onVoiceInput: startListening bn-BD offline=false
08-26 16:56:10.910 D/BangluIME(25803): voice: ready
08-26 16:56:11.335 D/BangluIME(25803): voice: beginning
08-26 16:56:11.532 D/BangluIME(25803): voice: raw partial='' -> owed='' reset=false
08-26 16:56:11.850 D/BangluIME(25803): voice: raw partial='' -> owed='' reset=false
08-26 16:56:12.160 D/BangluIME(25803): voice: raw partial='তুমি' -> owed='তুমি' reset=false
08-26 16:56:12.161 D/BangluIME(25803): voice: partial='তুমি'
08-26 16:56:12.365 D/BangluIME(25803): voice: raw partial='তুমি' -> owed='তুমি' reset=false
08-26 16:56:12.365 D/BangluIME(25803): voice: partial='তুমি'
08-26 16:56:12.422 D/BangluIME(25803): voice: raw partial='তুমি এখানে' -> owed='তুমি এখানে' reset=false
08-26 16:56:12.423 D/BangluIME(25803): voice: partial='তুমি এখানে'
08-26 16:56:12.867 D/BangluIME(25803): voice: end
08-26 16:56:13.253 D/BangluIME(25803): voice: raw partial='তুমি এখানে আসো' -> owed='তুমি এখানে আসো' reset=false
08-26 16:56:13.253 D/BangluIME(25803): voice: partial='তুমি এখানে আসো'
08-26 16:56:14.873 D/BangluIME(25803): voice: idle 2000ms after speech — ending session early
08-26 16:56:14.873 D/BangluIME(25803): voice: pause commit — ending this session for a fresh one
08-26 16:56:14.980 D/BangluIME(25803): voice: raw results n=0 first=''
08-26 16:56:14.980 D/BangluIME(25803): voice: session ended by pause commit (results) — fresh session
08-26 16:56:15.232 D/BangluIME(25803): onVoiceInput: startListening bn-BD offline=false
08-26 16:56:15.348 D/BangluIME(25803): voice: ready
08-26 16:56:16.166 D/BangluIME(25803): voice: beginning
08-26 16:56:16.565 D/BangluIME(25803): voice: raw partial='' -> owed='' reset=false
08-26 16:56:16.805 D/BangluIME(25803): voice: raw partial='' -> owed='' reset=false
08-26 16:56:17.050 D/BangluIME(25803): voice: raw partial='' -> owed='' reset=false
08-26 16:56:17.190 D/BangluIME(25803): voice: raw partial='আচ্ছা' -> owed='আচ্ছা' reset=false
08-26 16:56:17.190 D/BangluIME(25803): voice: partial='আচ্ছা'
08-26 16:56:17.319 D/BangluIME(25803): voice: raw partial='আচ্ছা' -> owed='আচ্ছা' reset=false
08-26 16:56:17.319 D/BangluIME(25803): voice: partial='আচ্ছা'
08-26 16:56:17.459 D/BangluIME(25803): voice: raw partial='আচ্ছা এটা' -> owed='আচ্ছা এটা' reset=false
08-26 16:56:17.460 D/BangluIME(25803): voice: partial='আচ্ছা এটা'
08-26 16:56:17.538 D/BangluIME(25803): voice: raw partial='আচ্ছা এটা' -> owed='আচ্ছা এটা' reset=false
08-26 16:56:17.539 D/BangluIME(25803): voice: partial='আচ্ছা এটা'
08-26 16:56:17.624 D/BangluIME(25803): voice: raw partial='আচ্ছা এটা কি' -> owed='আচ্ছা এটা কি' reset=false
08-26 16:56:17.624 D/BangluIME(25803): voice: partial='আচ্ছা এটা কি'
08-26 16:56:17.825 D/BangluIME(25803): voice: raw partial='আচ্ছা এটা কি' -> owed='আচ্ছা এটা কি' reset=false
08-26 16:56:17.825 D/BangluIME(25803): voice: partial='আচ্ছা এটা কি'
08-26 16:56:17.946 D/BangluIME(25803): voice: raw partial='আচ্ছা এটা কি' -> owed='আচ্ছা এটা কি' reset=false
08-26 16:56:17.946 D/BangluIME(25803): voice: partial='আচ্ছা এটা কি'
08-26 16:56:18.006 D/BangluIME(25803): voice: raw partial='আচ্ছা এটা কি স্লো' -> owed='আচ্ছা এটা কি স্লো' reset=false
08-26 16:56:18.007 D/BangluIME(25803): voice: partial='আচ্ছা এটা কি স্লো'
08-26 16:56:18.161 D/BangluIME(25803): voice: raw partial='আচ্ছা এটা কি স্লো কাজ' -> owed='আচ্ছা এটা কি স্লো কাজ' reset=false
08-26 16:56:18.161 D/BangluIME(25803): voice: partial='আচ্ছা এটা কি স্লো কাজ'
08-26 16:56:18.322 D/BangluIME(25803): voice: end
08-26 16:56:18.797 D/BangluIME(25803): voice: raw partial='আচ্ছা এটা কি স্লো কাজ করতেছে' -> owed='আচ্ছা এটা কি স্লো কাজ করতেছে' reset=false
08-26 16:56:18.797 D/BangluIME(25803): voice: partial='আচ্ছা এটা কি স্লো কাজ করতেছে'
08-26 16:56:18.898 D/BangluIME(25803): voice: beginning
08-26 16:56:19.162 D/BangluIME(25803): voice: raw partial='' -> owed='' reset=false
08-26 16:56:19.546 D/BangluIME(25803): voice: raw partial='' -> owed='' reset=false
08-26 16:56:19.620 D/BangluIME(25803): voice: raw partial='' -> owed='' reset=false
08-26 16:56:19.687 D/BangluIME(25803): voice: raw partial='' -> owed='' reset=false
08-26 16:56:19.816 D/BangluIME(25803): voice: raw partial='এটা' -> owed='এটা' reset=false
08-26 16:56:19.816 D/BangluIME(25803): voice: partial='এটা'
08-26 16:56:20.075 D/BangluIME(25803): voice: raw partial='এটা' -> owed='এটা' reset=false
08-26 16:56:20.075 D/BangluIME(25803): voice: partial='এটা'
08-26 16:56:20.195 D/BangluIME(25803): voice: raw partial='এটা' -> owed='এটা' reset=false
08-26 16:56:20.195 D/BangluIME(25803): voice: partial='এটা'
08-26 16:56:20.253 D/BangluIME(25803): voice: raw partial='এটা স্লো' -> owed='এটা স্লো' reset=false
08-26 16:56:20.253 D/BangluIME(25803): voice: partial='এটা স্লো'
08-26 16:56:20.404 D/BangluIME(25803): voice: raw partial='এটা স্লো যদি' -> owed='এটা স্লো যদি' reset=false
08-26 16:56:20.404 D/BangluIME(25803): voice: partial='এটা স্লো যদি'
08-26 16:56:20.505 D/BangluIME(25803): voice: raw partial='এটা স্লো যদি' -> owed='এটা স্লো যদি' reset=false
08-26 16:56:20.506 D/BangluIME(25803): voice: partial='এটা স্লো যদি'
08-26 16:56:20.641 D/BangluIME(25803): voice: raw partial='এটা স্লো যদি কাজ' -> owed='এটা স্লো যদি কাজ' reset=false
08-26 16:56:20.641 D/BangluIME(25803): voice: partial='এটা স্লো যদি কাজ'
08-26 16:56:20.770 D/BangluIME(25803): voice: raw partial='এটা স্লো যদি কাজ' -> owed='এটা স্লো যদি কাজ' reset=false
08-26 16:56:20.770 D/BangluIME(25803): voice: partial='এটা স্লো যদি কাজ'
08-26 16:56:20.826 D/BangluIME(25803): voice: raw partial='এটা স্লো যদি কাজ করে' -> owed='এটা স্লো যদি কাজ করে' reset=false
08-26 16:56:20.826 D/BangluIME(25803): voice: partial='এটা স্লো যদি কাজ করে'
08-26 16:56:20.971 D/BangluIME(25803): voice: raw partial='এটা স্লো যদি কাজ করে' -> owed='এটা স্লো যদি কাজ করে' reset=false
08-26 16:56:20.971 D/BangluIME(25803): voice: partial='এটা স্লো যদি কাজ করে'
08-26 16:56:21.033 D/BangluIME(25803): voice: raw partial='এটা স্লো যদি কাজ করে' -> owed='এটা স্লো যদি কাজ করে' reset=false
08-26 16:56:21.033 D/BangluIME(25803): voice: partial='এটা স্লো যদি কাজ করে'
08-26 16:56:21.094 D/BangluIME(25803): voice: raw partial='এটা স্লো যদি কাজ করে তাহলে' -> owed='এটা স্লো যদি কাজ করে তাহলে' reset=false
08-26 16:56:21.094 D/BangluIME(25803): voice: partial='এটা স্লো যদি কাজ করে তাহলে'
08-26 16:56:21.408 D/BangluIME(25803): voice: end
08-26 16:56:21.794 D/BangluIME(25803): voice: raw partial='এটা স্লো যদি কাজ করে তাহলে তো হবে না' -> owed='এটা স্লো যদি কাজ করে তাহলে তো হবে না' reset=false
08-26 16:56:21.794 D/BangluIME(25803): voice: partial='এটা স্লো যদি কাজ করে তাহলে তো হবে না'
08-26 16:56:23.410 D/BangluIME(25803): voice: idle 2000ms after speech — ending session early
08-26 16:56:23.410 D/BangluIME(25803): voice: pause commit — ending this session for a fresh one
08-26 16:56:23.524 D/BangluIME(25803): voice: raw results n=0 first=''
08-26 16:56:23.524 D/BangluIME(25803): voice: session ended by pause commit (results) — fresh session
08-26 16:56:23.777 D/BangluIME(25803): onVoiceInput: startListening bn-BD offline=false
08-26 16:56:23.907 D/BangluIME(25803): voice: ready
08-26 16:56:28.997 D/BangluIME(25803): voice: raw partial='' -> owed='' reset=false
08-26 16:56:29.000 D/BangluIME(25803): voice: error=7
08-26 16:56:29.652 D/BangluIME(25803): onVoiceInput: startListening bn-BD offline=false
08-26 16:56:29.808 D/BangluIME(25803): voice: ready
08-26 16:56:34.893 D/BangluIME(25803): voice: raw partial='' -> owed='' reset=false
08-26 16:56:34.894 D/BangluIME(25803): voice: error=7
08-26 16:56:35.546 D/BangluIME(25803): onVoiceInput: startListening bn-BD offline=false
08-26 16:56:35.620 D/BangluIME(25803): voice: ready
08-26 16:56:40.710 D/BangluIME(25803): voice: raw partial='' -> owed='' reset=false
08-26 16:56:40.711 D/BangluIME(25803): voice: error=7
08-26 16:56:41.362 D/BangluIME(25803): onVoiceInput: startListening bn-BD offline=false
08-26 16:56:41.503 D/BangluIME(25803): voice: ready
08-26 16:56:46.599 D/BangluIME(25803): voice: raw partial='' -> owed='' reset=false
08-26 16:56:46.600 D/BangluIME(25803): voice: error=7
08-26 16:56:47.253 D/BangluIME(25803): onVoiceInput: startListening bn-BD offline=false
08-26 16:56:47.348 D/BangluIME(25803): voice: ready
08-26 16:56:52.438 D/BangluIME(25803): voice: raw partial='' -> owed='' reset=false
08-26 16:56:52.439 D/BangluIME(25803): voice: error=7
08-26 16:56:53.091 D/BangluIME(25803): onVoiceInput: startListening bn-BD offline=false
08-26 16:56:53.202 D/BangluIME(25803): voice: ready
08-26 16:56:58.297 D/BangluIME(25803): voice: raw partial='' -> owed='' reset=false
08-26 16:56:58.301 D/BangluIME(25803): voice: error=7
08-26 16:56:58.302 D/BangluIME(25803): voice: graceful stop after error=7
08-26 16:59:11.411 D/BangluIME(26729): ime: runtime_policy_installed buffer=0 voice=IDLE
08-26 16:59:11.577 D/BangluIME(26729): onCreate: Initializing SmartEngine...
08-26 16:59:12.041 D/BangluIME(26729): ime: start_input_view buffer=0 voice=IDLE
08-26 16:59:12.042 D/BangluIME(26729): inputSafety: raw=false private=false inputType=180225 imeOptions=1073741830
08-26 16:59:12.456 D/BangluIME(26729): onCreate: Seed dictionary loaded
08-26 16:59:12.513 D/BangluIME(26729): onCreate: Loading learned words...
08-26 16:59:12.530 E/BangluIME(26729): failure: strict_thread_DiskReadViolation
08-26 16:59:12.530 E/BangluIME(26729): android.os.strictmode.DiskReadViolation
08-26 16:59:12.530 E/BangluIME(26729): 	at android.os.StrictMode$AndroidBlockGuardPolicy.onReadFromDisk(StrictMode.java:1722)
08-26 16:59:12.530 E/BangluIME(26729): 	at android.database.sqlite.SQLiteConnection.applyBlockGuardPolicy(SQLiteConnection.java:1772)
08-26 16:59:12.530 E/BangluIME(26729): 	at android.database.sqlite.SQLiteConnection.executeForCursorWindow(SQLiteConnection.java:1376)
08-26 16:59:12.530 E/BangluIME(26729): 	at android.database.sqlite.SQLiteSession.executeForCursorWindow(SQLiteSession.java:873)
08-26 16:59:12.530 E/BangluIME(26729): 	at android.database.sqlite.SQLiteQuery.fillWindow(SQLiteQuery.java:62)
08-26 16:59:12.530 E/BangluIME(26729): 	at android.database.sqlite.SQLiteCursor.fillWindow(SQLiteCursor.java:157)
08-26 16:59:12.530 E/BangluIME(26729): 	at android.database.sqlite.SQLiteCursor.getCount(SQLiteCursor.java:144)
08-26 16:59:12.530 E/BangluIME(26729): 	at android.database.AbstractCursor.moveToPosition(AbstractCursor.java:252)
08-26 16:59:12.530 E/BangluIME(26729): 	at android.database.AbstractCursor.moveToFirst(AbstractCursor.java:291)
08-26 16:59:12.530 E/BangluIME(26729): 	at com.banglu.keyboard.SqlitePhoneticIndexStore.extendedAvailable_delegate$lambda$6(SqlitePhoneticIndexStore.kt:132)
08-26 16:59:12.530 E/BangluIME(26729): 	at com.banglu.keyboard.SqlitePhoneticIndexStore.$r8$lambda$vttT5DX4Piyn1OHcjWScb8rgB4o(SqlitePhoneticIndexStore.kt:0)
08-26 16:59:12.530 E/BangluIME(26729): 	at com.banglu.keyboard.SqlitePhoneticIndexStore$$ExternalSyntheticLambda0.invoke(D8$$SyntheticClass:0)
08-26 16:59:12.530 E/BangluIME(26729): 	at kotlin.SynchronizedLazyImpl.getValue(LazyJVM.kt:83)
08-26 16:59:12.530 E/BangluIME(26729): 	at com.banglu.keyboard.SqlitePhoneticIndexStore.getExtendedAvailable(SqlitePhoneticIndexStore.kt:127)
08-26 16:59:12.530 E/BangluIME(26729): 	at com.banglu.keyboard.SqlitePhoneticIndexStore.hasExtendedData(SqlitePhoneticIndexStore.kt:138)
08-26 16:59:12.530 E/BangluIME(26729): 	at com.banglu.engine.dictionary.SmartDictionary.attachExtendedStore(SmartDictionary.kt:43)
08-26 16:59:12.530 E/BangluIME(26729): 	at com.banglu.engine.SmartEngine.setPhoneticIndex(SmartEngine.kt:96)
08-26 16:59:12.530 E/BangluIME(26729): 	at com.banglu.engine.SmartEngineAdapter.setPhoneticIndex(SmartEngineAdapter.kt:211)
08-26 16:59:12.530 E/BangluIME(26729): 	at com.banglu.keyboard.BangluIMEService.attachPhoneticIndexStore(BangluIMEService.kt:1240)
08-26 16:59:12.530 E/BangluIME(26729): 	at com.banglu.keyboard.BangluIMEService.access$attachPhoneticIndexStore(BangluIMEService.kt:59)
08-26 16:59:12.530 E/BangluIME(26729): 	at com.banglu.keyboard.BangluIMEService$attachPhoneticIndexStore$1.invokeSuspend(BangluIMEService.kt:16)
08-26 16:59:12.530 E/BangluIME(26729): 	at kotlin.coroutines.jvm.internal.BaseContinuationImpl.resumeWith(ContinuationImpl.kt:33)
08-26 16:59:12.530 E/BangluIME(26729): 	at kotlinx.coroutines.DispatchedTask.run(DispatchedTask.kt:101)
08-26 16:59:12.530 E/BangluIME(26729): 	at android.os.Handler.handleCallback(Handler.java:995)
08-26 16:59:12.530 E/BangluIME(26729): 	at android.os.Handler.dispatchMessage(Handler.java:103)
08-26 16:59:12.530 E/BangluIME(26729): 	at android.os.Looper.loopOnce(Looper.java:273)
08-26 16:59:12.530 E/BangluIME(26729): 	at android.os.Looper.loop(Looper.java:363)
08-26 16:59:12.530 E/BangluIME(26729): 	at android.app.ActivityThread.main(ActivityThread.java:10060)
08-26 16:59:12.530 E/BangluIME(26729): 	at java.lang.reflect.Method.invoke(Native Method)
08-26 16:59:12.530 E/BangluIME(26729): 	at com.android.internal.os.RuntimeInit$MethodAndArgsCaller.run(RuntimeInit.java:632)
08-26 16:59:12.530 E/BangluIME(26729): 	at com.android.internal.os.ZygoteInit.main(ZygoteInit.java:975)
08-26 16:59:14.900 D/BangluIME(26729): onVoiceInput: state=IDLE
08-26 16:59:14.905 D/BangluIME(26729): onVoiceInput: startListening bn-BD offline=false
08-26 16:59:15.068 D/BangluIME(26729): voice: ready
08-26 16:59:16.523 D/BangluIME(26729): voice: beginning
08-26 16:59:17.370 D/BangluIME(26729): voice: raw partial='' -> owed='' reset=false
08-26 16:59:17.552 D/BangluIME(26729): voice: raw partial='' -> owed='' reset=false
08-26 16:59:17.665 D/BangluIME(26729): voice: raw partial='' -> owed='' reset=false
08-26 16:59:17.889 D/BangluIME(26729): voice: raw partial='' -> owed='' reset=false
08-26 16:59:17.918 D/BangluIME(26729): voice: raw partial='ভয়েস' -> owed='ভয়েস' reset=false
08-26 16:59:17.918 D/BangluIME(26729): voice: partial='ভয়েস'
08-26 16:59:18.185 D/BangluIME(26729): voice: raw partial='ভয়েস' -> owed='ভয়েস' reset=false
08-26 16:59:18.185 D/BangluIME(26729): voice: partial='ভয়েস'
08-26 16:59:18.306 D/BangluIME(26729): voice: raw partial='ভয়েস টাইপিং' -> owed='ভয়েস টাইপিং' reset=false
08-26 16:59:18.306 D/BangluIME(26729): voice: partial='ভয়েস টাইপিং'
08-26 16:59:18.386 D/BangluIME(26729): voice: raw partial='ভয়েস টাইপিং' -> owed='ভয়েস টাইপিং' reset=false
08-26 16:59:18.386 D/BangluIME(26729): voice: partial='ভয়েস টাইপিং'
08-26 16:59:18.495 D/BangluIME(26729): voice: raw partial='ভয়েস টাইপিং টেস্ট' -> owed='ভয়েস টাইপিং টেস্ট' reset=false
08-26 16:59:18.495 D/BangluIME(26729): voice: partial='ভয়েস টাইপিং টেস্ট'
08-26 16:59:18.787 D/BangluIME(26729): voice: raw partial='ভয়েস টাইপিং টেস্ট করার' -> owed='ভয়েস টাইপিং টেস্ট করার' reset=false
08-26 16:59:18.788 D/BangluIME(26729): voice: partial='ভয়েস টাইপিং টেস্ট করার'
08-26 16:59:18.945 D/BangluIME(26729): voice: raw partial='ভয়েস টাইপিং টেস্ট করার জন্য' -> owed='ভয়েস টাইপিং টেস্ট করার জন্য' reset=false
08-26 16:59:18.945 D/BangluIME(26729): voice: partial='ভয়েস টাইপিং টেস্ট করার জন্য'
08-26 16:59:19.105 D/BangluIME(26729): voice: raw partial='ভয়েস টাইপিং টেস্ট করার জন্য' -> owed='ভয়েস টাইপিং টেস্ট করার জন্য' reset=false
08-26 16:59:19.106 D/BangluIME(26729): voice: partial='ভয়েস টাইপিং টেস্ট করার জন্য'
08-26 16:59:19.199 D/BangluIME(26729): voice: raw partial='ভয়েস টাইপিং টেস্ট করার জন্য' -> owed='ভয়েস টাইপিং টেস্ট করার জন্য' reset=false
08-26 16:59:19.199 D/BangluIME(26729): voice: partial='ভয়েস টাইপিং টেস্ট করার জন্য'
08-26 16:59:19.400 D/BangluIME(26729): voice: raw partial='ভয়েস টাইপিং টেস্ট করার জন্য আমি' -> owed='ভয়েস টাইপিং টেস্ট করার জন্য আমি' reset=false
08-26 16:59:19.400 D/BangluIME(26729): voice: partial='ভয়েস টাইপিং টেস্ট করার জন্য আমি'
08-26 16:59:19.473 D/BangluIME(26729): voice: raw partial='ভয়েস টাইপিং টেস্ট করার জন্য আমি' -> owed='ভয়েস টাইপিং টেস্ট করার জন্য আমি' reset=false
08-26 16:59:19.475 D/BangluIME(26729): voice: partial='ভয়েস টাইপিং টেস্ট করার জন্য আমি'
08-26 16:59:19.780 D/BangluIME(26729): voice: raw partial='ভয়েস টাইপিং টেস্ট করার জন্য আমি লং' -> owed='ভয়েস টাইপিং টেস্ট করার জন্য আমি লং' reset=false
08-26 16:59:19.780 D/BangluIME(26729): voice: partial='ভয়েস টাইপিং টেস্ট করার জন্য আমি লং'
08-26 16:59:19.932 D/BangluIME(26729): voice: raw partial='ভয়েস টাইপিং টেস্ট করার জন্য আমি লং' -> owed='ভয়েস টাইপিং টেস্ট করার জন্য আমি লং' reset=false
08-26 16:59:19.932 D/BangluIME(26729): voice: partial='ভয়েস টাইপিং টেস্ট করার জন্য আমি লং'
08-26 16:59:20.102 D/BangluIME(26729): voice: raw partial='ভয়েস টাইপিং টেস্ট করার জন্য আমি লং মেসেজ' -> owed='ভয়েস টাইপিং টেস্ট করার জন্য আমি লং মেসেজ' reset=false
08-26 16:59:20.102 D/BangluIME(26729): voice: partial='ভয়েস টাইপিং টেস্ট করার জন্য আমি লং মেসেজ'
08-26 16:59:20.429 D/BangluIME(26729): voice: raw partial='ভয়েস টাইপিং টেস্ট করার জন্য আমি লং মেসেজ' -> owed='ভয়েস টাইপিং টেস্ট করার জন্য আমি লং মেসেজ' reset=false
08-26 16:59:20.430 D/BangluIME(26729): voice: partial='ভয়েস টাইপিং টেস্ট করার জন্য আমি লং মেসেজ'
08-26 16:59:20.484 D/BangluIME(26729): voice: raw partial='ভয়েস টাইপিং টেস্ট করার জন্য আমি লং মেসেজ টাইপ' -> owed='ভয়েস টাইপিং টেস্ট করার জন্য আমি লং মেসেজ টাইপ' reset=false
08-26 16:59:20.484 D/BangluIME(26729): voice: partial='ভয়েস টাইপিং টেস্ট করার জন্য আমি লং মেসেজ টাইপ'
08-26 16:59:20.866 D/BangluIME(26729): voice: end
08-26 16:59:20.922 D/BangluIME(26729): onCreate: Learned words loaded
08-26 16:59:21.009 D/BangluIME(26729): voice: beginning
08-26 16:59:21.010 D/BangluIME(26729): voice: raw partial='ভয়েস টাইপিং টেস্ট করার জন্য আমি লং মেসেজ টাইপ করতেছি' -> owed='ভয়েস টাইপিং টেস্ট করার জন্য আমি লং মেসেজ টাইপ করতেছি' reset=false
08-26 16:59:21.010 D/BangluIME(26729): voice: partial='ভয়েস টাইপিং টেস্ট করার জন্য আমি লং মেসেজ টাইপ করতেছি'
08-26 16:59:21.508 D/BangluIME(26729): voice: raw partial='ভয়েস টাইপিং টেস্ট করার জন্য আমি লং মেসেজ টাইপ করতেছি' -> owed='ভয়েস টাইপিং টেস্ট করার জন্য আমি লং মেসেজ টাইপ করতেছি' reset=false
08-26 16:59:21.508 D/BangluIME(26729): voice: partial='ভয়েস টাইপিং টেস্ট করার জন্য আমি লং মেসেজ টাইপ করতেছি'
08-26 16:59:21.758 D/BangluIME(26729): voice: raw partial='ভয়েস টাইপিং টেস্ট করার জন্য আমি লং মেসেজ টাইপ করতেছি' -> owed='ভয়েস টাইপিং টেস্ট করার জন্য আমি লং মেসেজ টাইপ করতেছি' reset=false
08-26 16:59:21.758 D/BangluIME(26729): voice: partial='ভয়েস টাইপিং টেস্ট করার জন্য আমি লং মেসেজ টাইপ করতেছি'
08-26 16:59:21.993 D/BangluIME(26729): voice: raw partial='ভয়েস টাইপিং টেস্ট করার জন্য আমি লং মেসেজ টাইপ করতেছি' -> owed='ভয়েস টাইপিং টেস্ট করার জন্য আমি লং মেসেজ টাইপ করতেছি' reset=false
08-26 16:59:21.994 D/BangluIME(26729): voice: partial='ভয়েস টাইপিং টেস্ট করার জন্য আমি লং মেসেজ টাইপ করতেছি'
08-26 16:59:22.146 D/BangluIME(26729): voice: raw partial='ভয়েস টাইপিং টেস্ট করার জন্য আমি লং মেসেজ টাইপ করতেছি দেখি' -> owed='ভয়েস টাইপিং টেস্ট করার জন্য আমি লং মেসেজ টাইপ করতেছি দেখি' reset=false
08-26 16:59:22.146 D/BangluIME(26729): voice: partial='ভয়েস টাইপিং টেস্ট করার জন্য আমি লং মেসেজ টাইপ করতেছি দেখি'
08-26 16:59:22.347 D/BangluIME(26729): voice: raw partial='ভয়েস টাইপিং টেস্ট করার জন্য আমি লং মেসেজ টাইপ করতেছি দেখি কেমন' -> owed='ভয়েস টাইপিং টেস্ট করার জন্য আমি লং মেসেজ টাইপ করতেছি দেখি কেমন' reset=false
08-26 16:59:22.348 D/BangluIME(26729): voice: partial='ভয়েস টাইপিং টেস্ট করার জন্য আমি লং মেসেজ টাইপ করতেছি দেখি কেমন'
08-26 16:59:22.514 D/BangluIME(26729): voice: end
08-26 16:59:23.003 D/BangluIME(26729): voice: raw partial='ভয়েস টাইপিং টেস্ট করার জন্য আমি লং মেসেজ টাইপ করতেছি দেখি কেমন হয়' -> owed='ভয়েস টাইপিং টেস্ট করার জন্য আমি লং মেসেজ টাইপ করতেছি দেখি কেমন হয়' reset=false
08-26 16:59:23.003 D/BangluIME(26729): voice: partial='ভয়েস টাইপিং টেস্ট করার জন্য আমি লং মেসেজ টাইপ করতেছি দেখি কেমন হয়'
08-26 16:59:24.517 D/BangluIME(26729): voice: idle 2000ms after speech — ending session early
08-26 16:59:24.517 D/BangluIME(26729): voice: pause commit — ending this session for a fresh one
08-26 16:59:24.619 D/BangluIME(26729): voice: raw results n=0 first=''
08-26 16:59:24.619 D/BangluIME(26729): voice: session ended by pause commit (results) — fresh session
08-26 16:59:24.939 D/BangluIME(26729): onVoiceInput: startListening bn-BD offline=false
08-26 16:59:25.064 D/BangluIME(26729): voice: ready
08-26 16:59:25.363 D/BangluIME(26729): voice: deferred punctuation '।'
08-26 16:59:26.902 D/BangluIME(26729): voice: beginning
08-26 16:59:27.484 D/BangluIME(26729): voice: raw partial='' -> owed='' reset=false
08-26 16:59:27.653 D/BangluIME(26729): voice: raw partial='' -> owed='' reset=false
08-26 16:59:27.710 D/BangluIME(26729): voice: raw partial='' -> owed='' reset=false
08-26 16:59:27.865 D/BangluIME(26729): voice: raw partial='' -> owed='' reset=false
08-26 16:59:27.970 D/BangluIME(26729): voice: raw partial='' -> owed='' reset=false
08-26 16:59:28.042 D/BangluIME(26729): voice: raw partial='' -> owed='' reset=false
08-26 16:59:28.361 D/BangluIME(26729): voice: raw partial='' -> owed='' reset=false
08-26 16:59:28.561 D/BangluIME(26729): voice: raw partial='' -> owed='' reset=false
08-26 16:59:28.621 D/BangluIME(26729): voice: raw partial='আপজ করার' -> owed='আপজ করার' reset=false
08-26 16:59:28.621 D/BangluIME(26729): voice: partial='আপজ করার'
08-26 16:59:28.670 D/BangluIME(26729): voice: raw partial='আপজ করার পরে' -> owed='আপজ করার পরে' reset=false
08-26 16:59:28.670 D/BangluIME(26729): voice: partial='আপজ করার পরে'
08-26 16:59:28.810 D/BangluIME(26729): voice: raw partial='আপজ করার পরে' -> owed='আপজ করার পরে' reset=false
08-26 16:59:28.810 D/BangluIME(26729): voice: partial='আপজ করার পরে'
08-26 16:59:28.939 D/BangluIME(26729): voice: raw partial='আপজ করার পরে আবার' -> owed='আপজ করার পরে আবার' reset=false
08-26 16:59:28.939 D/BangluIME(26729): voice: partial='আপজ করার পরে আবার'
08-26 16:59:29.079 D/BangluIME(26729): voice: raw partial='আপজ করার পরে আবার' -> owed='আপজ করার পরে আবার' reset=false
08-26 16:59:29.079 D/BangluIME(26729): voice: partial='আপজ করার পরে আবার'
08-26 16:59:29.141 D/BangluIME(26729): voice: raw partial='আপজ করার পরে আবার কথা' -> owed='আপজ করার পরে আবার কথা' reset=false
08-26 16:59:29.142 D/BangluIME(26729): voice: partial='আপজ করার পরে আবার কথা'
08-26 16:59:29.451 D/BangluIME(26729): voice: raw partial='আপজ করার পরে আবার কথা' -> owed='আপজ করার পরে আবার কথা' reset=false
08-26 16:59:29.452 D/BangluIME(26729): voice: partial='আপজ করার পরে আবার কথা'
08-26 16:59:29.749 D/BangluIME(26729): voice: raw partial='আপজ করার পরে আবার কথা বলতেছি' -> owed='আপজ করার পরে আবার কথা বলতেছি' reset=false
08-26 16:59:29.749 D/BangluIME(26729): voice: partial='আপজ করার পরে আবার কথা বলতেছি'
08-26 16:59:29.835 D/BangluIME(26729): voice: raw partial='আপজ করার পরে আবার কথা বলতেছি' -> owed='আপজ করার পরে আবার কথা বলতেছি' reset=false
08-26 16:59:29.836 D/BangluIME(26729): voice: partial='আপজ করার পরে আবার কথা বলতেছি'
08-26 16:59:30.039 D/BangluIME(26729): voice: raw partial='আপজ করার পরে আবার কথা বলতেছি কিন্তু' -> owed='আপজ করার পরে আবার কথা বলতেছি কিন্তু' reset=false
08-26 16:59:30.039 D/BangluIME(26729): voice: partial='আপজ করার পরে আবার কথা বলতেছি কিন্তু'
08-26 16:59:30.097 D/BangluIME(26729): voice: raw partial='আপজ করার পরে আবার কথা বলতেছি কিন্তু' -> owed='আপজ করার পরে আবার কথা বলতেছি কিন্তু' reset=false
08-26 16:59:30.097 D/BangluIME(26729): voice: partial='আপজ করার পরে আবার কথা বলতেছি কিন্তু'
08-26 16:59:30.279 D/BangluIME(26729): voice: raw partial='আপজ করার পরে আবার কথা বলতেছি কিন্তু' -> owed='আপজ করার পরে আবার কথা বলতেছি কিন্তু' reset=false
08-26 16:59:30.279 D/BangluIME(26729): voice: partial='আপজ করার পরে আবার কথা বলতেছি কিন্তু'
08-26 16:59:30.601 D/BangluIME(26729): voice: end
08-26 16:59:31.088 D/BangluIME(26729): voice: raw partial='আপজ করার পরে আবার কথা বলতেছি কিন্তু কাজ' -> owed='আপজ করার পরে আবার কথা বলতেছি কিন্তু কাজ' reset=false
08-26 16:59:31.088 D/BangluIME(26729): voice: partial='আপজ করার পরে আবার কথা বলতেছি কিন্তু কাজ'
08-26 16:59:31.098 D/BangluIME(26729): voice: raw partial='আপজ করার পরে আবার কথা বলতেছি কিন্তু কাজ হচ্ছে না' -> owed='আপজ করার পরে আবার কথা বলতেছি কিন্তু কাজ হচ্ছে না' reset=false
08-26 16:59:31.098 D/BangluIME(26729): voice: partial='আপজ করার পরে আবার কথা বলতেছি কিন্তু কাজ হচ্ছে না'
08-26 16:59:32.609 D/BangluIME(26729): voice: idle 2000ms after speech — ending session early
08-26 16:59:32.609 D/BangluIME(26729): voice: pause commit — ending this session for a fresh one
08-26 16:59:32.695 D/BangluIME(26729): voice: raw results n=0 first=''
08-26 16:59:32.695 D/BangluIME(26729): voice: session ended by pause commit (results) — fresh session
08-26 16:59:33.000 D/BangluIME(26729): onVoiceInput: startListening bn-BD offline=false
08-26 16:59:33.150 D/BangluIME(26729): voice: ready
08-26 16:59:33.449 D/BangluIME(26729): voice: deferred punctuation '।'
08-26 16:59:34.271 D/BangluIME(26729): voice: beginning
08-26 16:59:34.792 D/BangluIME(26729): voice: raw partial='' -> owed='' reset=false
08-26 16:59:34.947 D/BangluIME(26729): voice: raw partial='' -> owed='' reset=false
08-26 16:59:35.050 D/BangluIME(26729): voice: raw partial='' -> owed='' reset=false
08-26 16:59:35.328 D/BangluIME(26729): voice: raw partial='' -> owed='' reset=false
08-26 16:59:35.512 D/BangluIME(26729): voice: raw partial='আয়না' -> owed='আয়না' reset=false
08-26 16:59:35.512 D/BangluIME(26729): voice: partial='আয়না'
08-26 16:59:35.627 D/BangluIME(26729): voice: raw partial='আয়না' -> owed='আয়না' reset=false
08-26 16:59:35.627 D/BangluIME(26729): voice: partial='আয়না'
08-26 16:59:35.683 D/BangluIME(26729): voice: raw partial='আয়না এবার' -> owed='আয়না এবার' reset=false
08-26 16:59:35.684 D/BangluIME(26729): voice: partial='আয়না এবার'
08-26 16:59:35.943 D/BangluIME(26729): voice: raw partial='আয়না এবার মনে' -> owed='আয়না এবার মনে' reset=false
08-26 16:59:35.944 D/BangluIME(26729): voice: partial='আয়না এবার মনে'
08-26 16:59:36.082 D/BangluIME(26729): voice: raw partial='আয়না এবার মনে হচ্ছে' -> owed='আয়না এবার মনে হচ্ছে' reset=false
08-26 16:59:36.082 D/BangluIME(26729): voice: partial='আয়না এবার মনে হচ্ছে'
08-26 16:59:36.233 D/BangluIME(26729): voice: raw partial='আয়না এবার মনে হচ্ছে যে' -> owed='আয়না এবার মনে হচ্ছে যে' reset=false
08-26 16:59:36.234 D/BangluIME(26729): voice: partial='আয়না এবার মনে হচ্ছে যে'
08-26 16:59:36.521 D/BangluIME(26729): voice: raw partial='আয়না এবার মনে হচ্ছে যে' -> owed='আয়না এবার মনে হচ্ছে যে' reset=false
08-26 16:59:36.521 D/BangluIME(26729): voice: partial='আয়না এবার মনে হচ্ছে যে'
08-26 16:59:36.849 D/BangluIME(26729): voice: raw partial='আয়না এবার মনে হচ্ছে যে' -> owed='আয়না এবার মনে হচ্ছে যে' reset=false
08-26 16:59:36.850 D/BangluIME(26729): voice: partial='আয়না এবার মনে হচ্ছে যে'
08-26 16:59:37.120 D/BangluIME(26729): voice: raw partial='আয়না এবার মনে হচ্ছে যে' -> owed='আয়না এবার মনে হচ্ছে যে' reset=false
08-26 16:59:37.120 D/BangluIME(26729): voice: partial='আয়না এবার মনে হচ্ছে যে'
08-26 16:59:37.403 D/BangluIME(26729): voice: raw partial='আয়না এবার মনে হচ্ছে যে জিনিসটা' -> owed='আয়না এবার মনে হচ্ছে যে জিনিসটা' reset=false
08-26 16:59:37.403 D/BangluIME(26729): voice: partial='আয়না এবার মনে হচ্ছে যে জিনিসটা'
08-26 16:59:37.738 D/BangluIME(26729): voice: raw partial='আয়না এবার মনে হচ্ছে যে জিনিসটা ঠিক' -> owed='আয়না এবার মনে হচ্ছে যে জিনিসটা ঠিক' reset=false
08-26 16:59:37.738 D/BangluIME(26729): voice: partial='আয়না এবার মনে হচ্ছে যে জিনিসটা ঠিক'
08-26 16:59:37.871 D/BangluIME(26729): voice: raw partial='আয়না এবার মনে হচ্ছে যে জিনিসটা ঠিক' -> owed='আয়না এবার মনে হচ্ছে যে জিনিসটা ঠিক' reset=false
08-26 16:59:37.871 D/BangluIME(26729): voice: partial='আয়না এবার মনে হচ্ছে যে জিনিসটা ঠিক'
08-26 16:59:37.991 D/BangluIME(26729): voice: raw partial='আয়না এবার মনে হচ্ছে যে জিনিসটা ঠিক কাজ' -> owed='আয়না এবার মনে হচ্ছে যে জিনিসটা ঠিক কাজ' reset=false
08-26 16:59:37.991 D/BangluIME(26729): voice: partial='আয়না এবার মনে হচ্ছে যে জিনিসটা ঠিক কাজ'
08-26 16:59:38.292 D/BangluIME(26729): voice: end
08-26 16:59:38.697 D/BangluIME(26729): voice: raw partial='আয়না এবার মনে হচ্ছে যে জিনিসটা ঠিক কাজ করতেছে' -> owed='আয়না এবার মনে হচ্ছে যে জিনিসটা ঠিক কাজ করতেছে' reset=false
08-26 16:59:38.697 D/BangluIME(26729): voice: partial='আয়না এবার মনে হচ্ছে যে জিনিসটা ঠিক কাজ করতেছে'
08-26 16:59:40.294 D/BangluIME(26729): voice: idle 2000ms after speech — ending session early
08-26 16:59:40.294 D/BangluIME(26729): voice: pause commit — ending this session for a fresh one
08-26 16:59:40.403 D/BangluIME(26729): voice: raw results n=0 first=''
08-26 16:59:40.403 D/BangluIME(26729): voice: session ended by pause commit (results) — fresh session
08-26 16:59:40.699 D/BangluIME(26729): onVoiceInput: startListening bn-BD offline=false
08-26 16:59:40.808 D/BangluIME(26729): voice: ready
08-26 16:59:41.130 D/BangluIME(26729): voice: deferred punctuation '।'
08-26 16:59:41.367 D/BangluIME(26729): voice: beginning
08-26 16:59:41.979 D/BangluIME(26729): voice: raw partial='' -> owed='' reset=false
08-26 16:59:42.030 D/BangluIME(26729): voice: raw partial='' -> owed='' reset=false
08-26 16:59:42.089 D/BangluIME(26729): voice: raw partial='' -> owed='' reset=false
08-26 16:59:42.198 D/BangluIME(26729): voice: raw partial='' -> owed='' reset=false
08-26 16:59:42.389 D/BangluIME(26729): voice: raw partial='' -> owed='' reset=false
08-26 16:59:42.596 D/BangluIME(26729): voice: raw partial='' -> owed='' reset=false
08-26 16:59:42.663 D/BangluIME(26729): voice: raw partial='মনে আছে' -> owed='মনে আছে' reset=false
08-26 16:59:42.663 D/BangluIME(26729): voice: partial='মনে আছে'
08-26 16:59:42.778 D/BangluIME(26729): voice: raw partial='মনে আছে যে' -> owed='মনে আছে যে' reset=false
08-26 16:59:42.778 D/BangluIME(26729): voice: partial='মনে আছে যে'
08-26 16:59:43.051 D/BangluIME(26729): voice: raw partial='মনে আছে যে ভয়েস' -> owed='মনে আছে যে ভয়েস' reset=false
08-26 16:59:43.051 D/BangluIME(26729): voice: partial='মনে আছে যে ভয়েস'
08-26 16:59:43.434 D/BangluIME(26729): voice: end
08-26 16:59:43.784 D/BangluIME(26729): voice: beginning
08-26 16:59:43.855 D/BangluIME(26729): voice: raw partial='মনে আছে যে ভয়েস টাইপিং' -> owed='মনে আছে যে ভয়েস টাইপিং' reset=false
08-26 16:59:43.855 D/BangluIME(26729): voice: partial='মনে আছে যে ভয়েস টাইপিং'
08-26 16:59:44.211 D/BangluIME(26729): voice: raw partial='মনে আছে যে ভয়েস টাইপিং' -> owed='মনে আছে যে ভয়েস টাইপিং' reset=false
08-26 16:59:44.212 D/BangluIME(26729): voice: partial='মনে আছে যে ভয়েস টাইপিং'
08-26 16:59:44.742 D/BangluIME(26729): voice: raw partial='মনে আছে যে ভয়েস টাইপিং ঠিক' -> owed='মনে আছে যে ভয়েস টাইপিং ঠিক' reset=false
08-26 16:59:44.743 D/BangluIME(26729): voice: partial='মনে আছে যে ভয়েস টাইপিং ঠিক'
08-26 16:59:44.891 D/BangluIME(26729): voice: raw partial='মনে আছে যে ভয়েস টাইপিং ঠিক' -> owed='মনে আছে যে ভয়েস টাইপিং ঠিক' reset=false
08-26 16:59:44.891 D/BangluIME(26729): voice: partial='মনে আছে যে ভয়েস টাইপিং ঠিক'
08-26 16:59:45.462 D/BangluIME(26729): voice: end
08-26 16:59:45.854 D/BangluIME(26729): voice: raw partial='মনে আছে যে ভয়েস টাইপিং ঠিক হয়েছে' -> owed='মনে আছে যে ভয়েস টাইপিং ঠিক হয়েছে' reset=false
08-26 16:59:45.854 D/BangluIME(26729): voice: partial='মনে আছে যে ভয়েস টাইপিং ঠিক হয়েছে'
08-26 16:59:47.465 D/BangluIME(26729): voice: idle 2000ms after speech — ending session early
08-26 16:59:47.465 D/BangluIME(26729): voice: pause commit — ending this session for a fresh one
08-26 16:59:47.564 D/BangluIME(26729): voice: raw results n=0 first=''
08-26 16:59:47.564 D/BangluIME(26729): voice: session ended by pause commit (results) — fresh session
08-26 16:59:47.827 D/BangluIME(26729): onVoiceInput: startListening bn-BD offline=false
08-26 16:59:47.981 D/BangluIME(26729): voice: ready
08-26 16:59:48.275 D/BangluIME(26729): voice: deferred punctuation '।'
08-26 16:59:48.461 D/BangluIME(26729): voice: beginning
08-26 16:59:48.995 D/BangluIME(26729): voice: raw partial='' -> owed='' reset=false
08-26 16:59:49.166 D/BangluIME(26729): voice: raw partial='' -> owed='' reset=false
08-26 16:59:49.286 D/BangluIME(26729): voice: raw partial='' -> owed='' reset=false
08-26 16:59:49.554 D/BangluIME(26729): voice: raw partial='ভয়েস' -> owed='ভয়েস' reset=false
08-26 16:59:49.554 D/BangluIME(26729): voice: partial='ভয়েস'
08-26 16:59:49.615 D/BangluIME(26729): voice: raw partial='ভয়েস' -> owed='ভয়েস' reset=false
08-26 16:59:49.616 D/BangluIME(26729): voice: partial='ভয়েস'
08-26 16:59:49.936 D/BangluIME(26729): voice: raw partial='ভয়েস টাইপিং' -> owed='ভয়েস টাইপিং' reset=false
08-26 16:59:49.937 D/BangluIME(26729): voice: partial='ভয়েস টাইপিং'
08-26 16:59:50.187 D/BangluIME(26729): voice: raw partial='ভয়েস টাইপিং' -> owed='ভয়েস টাইপিং' reset=false
08-26 16:59:50.187 D/BangluIME(26729): voice: partial='ভয়েস টাইপিং'
08-26 16:59:50.250 D/BangluIME(26729): voice: raw partial='ভয়েস টাইপিং কি' -> owed='ভয়েস টাইপিং কি' reset=false
08-26 16:59:50.250 D/BangluIME(26729): voice: partial='ভয়েস টাইপিং কি'
08-26 16:59:50.456 D/BangluIME(26729): voice: raw partial='ভয়েস টাইপিং কি' -> owed='ভয়েস টাইপিং কি' reset=false
08-26 16:59:50.456 D/BangluIME(26729): voice: partial='ভয়েস টাইপিং কি'
08-26 16:59:50.906 D/BangluIME(26729): voice: end
08-26 16:59:51.274 D/BangluIME(26729): voice: raw partial='ভয়েস টাইপিং কি সুন্দর ভাবে' -> owed='ভয়েস টাইপিং কি সুন্দর ভাবে' reset=false
08-26 16:59:51.275 D/BangluIME(26729): voice: partial='ভয়েস টাইপিং কি সুন্দর ভাবে'
08-26 16:59:51.664 D/BangluIME(26729): voice: beginning
08-26 16:59:52.313 D/BangluIME(26729): voice: raw partial='' -> owed='' reset=false
08-26 16:59:52.553 D/BangluIME(26729): voice: raw partial='' -> owed='' reset=false
08-26 16:59:52.865 D/BangluIME(26729): voice: raw partial='মেসেজ' -> owed='মেসেজ' reset=true
08-26 16:59:52.865 D/BangluIME(26729): voice: recognizer reset — closing live segment mark=',' pauseMs=1959 text='ভয়েস টাইপিং কি সুন্দর ভাবে'
08-26 16:59:52.872 D/BangluIME(26729): voice: partial='মেসেজ'
08-26 16:59:53.036 D/BangluIME(26729): voice: raw partial='মেসেজ' -> owed='মেসেজ' reset=false
08-26 16:59:53.036 D/BangluIME(26729): voice: partial='মেসেজ'
08-26 16:59:53.189 D/BangluIME(26729): voice: raw partial='মেসেজ পিকআপ' -> owed='মেসেজ পিকআপ' reset=false
08-26 16:59:53.189 D/BangluIME(26729): voice: partial='মেসেজ পিকআপ'
08-26 16:59:53.598 D/BangluIME(26729): voice: end
08-26 16:59:53.972 D/BangluIME(26729): voice: raw partial='মেসেজ পিকআপ করতেছে' -> owed='মেসেজ পিকআপ করতেছে' reset=false
08-26 16:59:53.972 D/BangluIME(26729): voice: partial='মেসেজ পিকআপ করতেছে'
08-26 16:59:55.640 D/BangluIME(26729): voice: idle 2000ms after speech — ending session early
08-26 16:59:55.640 D/BangluIME(26729): voice: pause commit — ending this session for a fresh one
08-26 16:59:55.733 D/BangluIME(26729): voice: raw results n=0 first=''
08-26 16:59:55.733 D/BangluIME(26729): voice: session ended by pause commit (results) — fresh session
08-26 16:59:56.029 D/BangluIME(26729): onVoiceInput: startListening bn-BD offline=false
08-26 16:59:56.179 D/BangluIME(26729): voice: ready
08-26 16:59:56.438 D/BangluIME(26729): voice: deferred punctuation '।'
08-26 16:59:56.781 D/BangluIME(26729): voice: beginning
08-26 16:59:57.186 D/BangluIME(26729): voice: raw partial='' -> owed='' reset=false
08-26 16:59:57.371 D/BangluIME(26729): voice: raw partial='' -> owed='' reset=false
08-26 16:59:57.489 D/BangluIME(26729): voice: raw partial='' -> owed='' reset=false
08-26 16:59:57.554 D/BangluIME(26729): voice: raw partial='' -> owed='' reset=false
08-26 16:59:57.752 D/BangluIME(26729): voice: raw partial='হ্যালো' -> owed='হ্যালো' reset=false
08-26 16:59:57.752 D/BangluIME(26729): voice: partial='হ্যালো'
08-26 16:59:57.822 D/BangluIME(26729): voice: raw partial='হ্যালো' -> owed='হ্যালো' reset=false
08-26 16:59:57.822 D/BangluIME(26729): voice: partial='হ্যালো'
08-26 16:59:58.141 D/BangluIME(26729): voice: end
08-26 16:59:58.507 D/BangluIME(26729): voice: raw partial='হ্যালো ইরাবতী' -> owed='হ্যালো ইরাবতী' reset=false
08-26 16:59:58.507 D/BangluIME(26729): voice: partial='হ্যালো ইরাবতী'
08-26 17:00:00.179 D/BangluIME(26729): voice: idle 2000ms after speech — ending session early
08-26 17:00:00.179 D/BangluIME(26729): voice: pause commit — ending this session for a fresh one
08-26 17:00:00.277 D/BangluIME(26729): voice: raw results n=0 first=''
08-26 17:00:00.277 D/BangluIME(26729): voice: session ended by pause commit (results) — fresh session
08-26 17:00:00.539 D/BangluIME(26729): onVoiceInput: startListening bn-BD offline=false
08-26 17:00:00.674 D/BangluIME(26729): voice: ready
08-26 17:00:00.958 D/BangluIME(26729): voice: deferred punctuation '।'
08-26 17:00:01.094 D/BangluIME(26729): voice: beginning
08-26 17:00:01.757 D/BangluIME(26729): voice: raw partial='' -> owed='' reset=false
08-26 17:00:02.249 D/BangluIME(26729): voice: end
08-26 17:00:02.638 D/BangluIME(26729): voice: raw partial='কোথায়' -> owed='কোথায়' reset=false
08-26 17:00:02.638 D/BangluIME(26729): voice: partial='কোথায়'
08-26 17:00:02.839 D/BangluIME(26729): voice: beginning
08-26 17:00:03.223 D/BangluIME(26729): voice: raw partial='' -> owed='' reset=false
08-26 17:00:03.482 D/BangluIME(26729): voice: raw partial='' -> owed='' reset=false
08-26 17:00:03.600 D/BangluIME(26729): voice: raw partial='' -> owed='' reset=false
08-26 17:00:03.668 D/BangluIME(26729): voice: raw partial='' -> owed='' reset=false
08-26 17:00:03.806 D/BangluIME(26729): voice: raw partial='' -> owed='' reset=false
08-26 17:00:03.870 D/BangluIME(26729): voice: raw partial='হ্যালো' -> owed='হ্যালো' reset=false
08-26 17:00:03.870 D/BangluIME(26729): voice: partial='হ্যালো'
08-26 17:00:03.983 D/BangluIME(26729): voice: raw partial='হ্যালো' -> owed='হ্যালো' reset=false
08-26 17:00:03.983 D/BangluIME(26729): voice: partial='হ্যালো'
08-26 17:00:04.183 D/BangluIME(26729): voice: raw partial='হ্যালো' -> owed='হ্যালো' reset=false
08-26 17:00:04.183 D/BangluIME(26729): voice: partial='হ্যালো'
08-26 17:00:04.453 D/BangluIME(26729): voice: raw partial='হ্যালো ইরাবতী' -> owed='হ্যালো ইরাবতী' reset=false
08-26 17:00:04.453 D/BangluIME(26729): voice: partial='হ্যালো ইরাবতী'
08-26 17:00:04.562 D/BangluIME(26729): voice: raw partial='হ্যালো ইরাবতী তুমি' -> owed='হ্যালো ইরাবতী তুমি' reset=false
08-26 17:00:04.562 D/BangluIME(26729): voice: partial='হ্যালো ইরাবতী তুমি'
08-26 17:00:04.879 D/BangluIME(26729): voice: end
08-26 17:00:05.260 D/BangluIME(26729): voice: raw partial='হ্যালো ইরাবতী তুমি কোথায়' -> owed='হ্যালো ইরাবতী তুমি কোথায়' reset=false
08-26 17:00:05.260 D/BangluIME(26729): voice: partial='হ্যালো ইরাবতী তুমি কোথায়'
08-26 17:00:06.881 D/BangluIME(26729): voice: idle 2000ms after speech — ending session early
08-26 17:00:06.881 D/BangluIME(26729): voice: pause commit — ending this session for a fresh one
08-26 17:00:06.987 D/BangluIME(26729): voice: raw results n=0 first=''
08-26 17:00:06.987 D/BangluIME(26729): voice: session ended by pause commit (results) — fresh session
08-26 17:00:07.291 D/BangluIME(26729): onVoiceInput: startListening bn-BD offline=false
08-26 17:00:07.435 D/BangluIME(26729): voice: ready
08-26 17:00:07.725 D/BangluIME(26729): voice: deferred punctuation '।'
08-26 17:00:07.990 D/BangluIME(26729): voice: beginning
08-26 17:00:08.425 D/BangluIME(26729): voice: raw partial='' -> owed='' reset=false
08-26 17:00:08.624 D/BangluIME(26729): voice: raw partial='' -> owed='' reset=false
08-26 17:00:08.952 D/BangluIME(26729): voice: raw partial='' -> owed='' reset=false
08-26 17:00:09.024 D/BangluIME(26729): voice: raw partial='দিয়ে' -> owed='দিয়ে' reset=false
08-26 17:00:09.024 D/BangluIME(26729): voice: partial='দিয়ে'
08-26 17:00:09.199 D/BangluIME(26729): voice: raw partial='দিয়ে তুমি' -> owed='দিয়ে তুমি' reset=false
08-26 17:00:09.199 D/BangluIME(26729): voice: partial='দিয়ে তুমি'
08-26 17:00:09.576 D/BangluIME(26729): voice: end
08-26 17:00:09.967 D/BangluIME(26729): voice: raw partial='দিয়ে তুমি কোথায়' -> owed='দিয়ে তুমি কোথায়' reset=false
08-26 17:00:09.967 D/BangluIME(26729): voice: partial='দিয়ে তুমি কোথায়'
08-26 17:00:11.578 D/BangluIME(26729): voice: idle 2000ms after speech — ending session early
08-26 17:00:11.578 D/BangluIME(26729): voice: pause commit — ending this session for a fresh one
08-26 17:00:11.676 D/BangluIME(26729): voice: raw results n=0 first=''
08-26 17:00:11.676 D/BangluIME(26729): voice: session ended by pause commit (results) — fresh session
08-26 17:00:11.982 D/BangluIME(26729): onVoiceInput: startListening bn-BD offline=false
08-26 17:00:12.111 D/BangluIME(26729): voice: ready
08-26 17:00:12.422 D/BangluIME(26729): voice: deferred punctuation '।'
08-26 17:00:13.567 D/BangluIME(26729): voice: beginning
08-26 17:00:13.893 D/BangluIME(26729): voice: raw partial='' -> owed='' reset=false
08-26 17:00:14.534 D/BangluIME(26729): voice: raw partial='আমার' -> owed='আমার' reset=false
08-26 17:00:14.534 D/BangluIME(26729): voice: partial='আমার'
08-26 17:00:14.608 D/BangluIME(26729): voice: raw partial='আমার' -> owed='আমার' reset=false
08-26 17:00:14.608 D/BangluIME(26729): voice: partial='আমার'
08-26 17:00:14.655 D/BangluIME(26729): voice: raw partial='আমার' -> owed='আমার' reset=false
08-26 17:00:14.655 D/BangluIME(26729): voice: partial='আমার'
08-26 17:00:14.877 D/BangluIME(26729): voice: raw partial='আমার' -> owed='আমার' reset=false
08-26 17:00:14.877 D/BangluIME(26729): voice: partial='আমার'
08-26 17:00:14.973 D/BangluIME(26729): voice: raw partial='আমার' -> owed='আমার' reset=false
08-26 17:00:14.973 D/BangluIME(26729): voice: partial='আমার'
08-26 17:00:15.059 D/BangluIME(26729): voice: raw partial='আমার' -> owed='আমার' reset=false
08-26 17:00:15.060 D/BangluIME(26729): voice: partial='আমার'
08-26 17:00:15.361 D/BangluIME(26729): voice: raw partial='আমার' -> owed='আমার' reset=false
08-26 17:00:15.362 D/BangluIME(26729): voice: partial='আমার'
08-26 17:00:15.558 D/BangluIME(26729): voice: raw partial='আমার ইরাবতী' -> owed='আমার ইরাবতী' reset=false
08-26 17:00:15.558 D/BangluIME(26729): voice: partial='আমার ইরাবতী'
08-26 17:00:15.610 D/BangluIME(26729): voice: raw partial='আমার ইরাবতী কি' -> owed='আমার ইরাবতী কি' reset=false
08-26 17:00:15.610 D/BangluIME(26729): voice: partial='আমার ইরাবতী কি'
08-26 17:00:15.941 D/BangluIME(26729): voice: raw partial='আমার ইরাবতী কি' -> owed='আমার ইরাবতী কি' reset=false
08-26 17:00:15.941 D/BangluIME(26729): voice: partial='আমার ইরাবতী কি'
08-26 17:00:16.137 D/BangluIME(26729): voice: raw partial='আমার ইরাবতী কি' -> owed='আমার ইরাবতী কি' reset=false
08-26 17:00:16.138 D/BangluIME(26729): voice: partial='আমার ইরাবতী কি'
08-26 17:00:16.261 D/BangluIME(26729): voice: raw partial='আমার ইরাবতী কি করতেছে' -> owed='আমার ইরাবতী কি করতেছে' reset=false
08-26 17:00:16.262 D/BangluIME(26729): voice: partial='আমার ইরাবতী কি করতেছে'
08-26 17:00:16.459 D/BangluIME(26729): voice: raw partial='আমার ইরাবতী কি করতেছে' -> owed='আমার ইরাবতী কি করতেছে' reset=false
08-26 17:00:16.459 D/BangluIME(26729): voice: partial='আমার ইরাবতী কি করতেছে'
08-26 17:00:16.519 D/BangluIME(26729): voice: raw partial='আমার ইরাবতী কি করতেছে কি' -> owed='আমার ইরাবতী কি করতেছে কি' reset=false
08-26 17:00:16.520 D/BangluIME(26729): voice: partial='আমার ইরাবতী কি করতেছে কি'
08-26 17:00:16.690 D/BangluIME(26729): voice: raw partial='আমার ইরাবতী কি করতেছে কি খেলা' -> owed='আমার ইরাবতী কি করতেছে কি খেলা' reset=false
08-26 17:00:16.690 D/BangluIME(26729): voice: partial='আমার ইরাবতী কি করতেছে কি খেলা'
08-26 17:00:16.902 D/BangluIME(26729): voice: raw partial='আমার ইরাবতী কি করতেছে কি খেলা' -> owed='আমার ইরাবতী কি করতেছে কি খেলা' reset=false
08-26 17:00:16.902 D/BangluIME(26729): voice: partial='আমার ইরাবতী কি করতেছে কি খেলা'
08-26 17:00:17.280 D/BangluIME(26729): voice: end
08-26 17:00:17.659 D/BangluIME(26729): voice: raw partial='আমার ইরাবতী কি করতেছে কি খেলা করতেছে' -> owed='আমার ইরাবতী কি করতেছে কি খেলা করতেছে' reset=false
08-26 17:00:17.659 D/BangluIME(26729): voice: partial='আমার ইরাবতী কি করতেছে কি খেলা করতেছে'
08-26 17:00:19.281 D/BangluIME(26729): voice: idle 2000ms after speech — ending session early
08-26 17:00:19.282 D/BangluIME(26729): voice: pause commit — ending this session for a fresh one
08-26 17:00:19.386 D/BangluIME(26729): voice: raw results n=0 first=''
08-26 17:00:19.386 D/BangluIME(26729): voice: session ended by pause commit (results) — fresh session
08-26 17:00:19.657 D/BangluIME(26729): onVoiceInput: startListening bn-BD offline=false
08-26 17:00:19.795 D/BangluIME(26729): voice: ready
08-26 17:00:20.099 D/BangluIME(26729): voice: deferred punctuation '।'
08-26 17:00:21.160 D/BangluIME(26729): voice: beginning
08-26 17:00:21.565 D/BangluIME(26729): voice: raw partial='' -> owed='' reset=false
08-26 17:00:21.632 D/BangluIME(26729): voice: raw partial='' -> owed='' reset=false
08-26 17:00:21.750 D/BangluIME(26729): voice: raw partial='' -> owed='' reset=false
08-26 17:00:21.957 D/BangluIME(26729): voice: raw partial='' -> owed='' reset=false
08-26 17:00:21.965 D/BangluIME(26729): voice: raw partial='' -> owed='' reset=false
08-26 17:00:22.076 D/BangluIME(26729): voice: raw partial='' -> owed='' reset=false
08-26 17:00:22.275 D/BangluIME(26729): voice: raw partial='' -> owed='' reset=false
08-26 17:00:22.449 D/BangluIME(26729): voice: raw partial='' -> owed='' reset=false
08-26 17:00:22.597 D/BangluIME(26729): voice: raw partial='ইরাবতী' -> owed='ইরাবতী' reset=false
08-26 17:00:22.597 D/BangluIME(26729): voice: partial='ইরাবতী'
08-26 17:00:22.659 D/BangluIME(26729): voice: raw partial='ইরাবতী' -> owed='ইরাবতী' reset=false
08-26 17:00:22.659 D/BangluIME(26729): voice: partial='ইরাবতী'
08-26 17:00:22.729 D/BangluIME(26729): voice: raw partial='ইরাবতী তুমি' -> owed='ইরাবতী তুমি' reset=false
08-26 17:00:22.729 D/BangluIME(26729): voice: partial='ইরাবতী তুমি'
08-26 17:00:22.854 D/BangluIME(26729): voice: raw partial='ইরাবতী তুমি' -> owed='ইরাবতী তুমি' reset=false
08-26 17:00:22.854 D/BangluIME(26729): voice: partial='ইরাবতী তুমি'
08-26 17:00:22.922 D/BangluIME(26729): voice: raw partial='ইরাবতী তুমি কি' -> owed='ইরাবতী তুমি কি' reset=false
08-26 17:00:22.922 D/BangluIME(26729): voice: partial='ইরাবতী তুমি কি'
08-26 17:00:23.280 D/BangluIME(26729): voice: end
08-26 17:00:23.673 D/BangluIME(26729): voice: raw partial='ইরাবতী তুমি কি পার্কে যাবে' -> owed='ইরাবতী তুমি কি পার্কে যাবে' reset=false
08-26 17:00:23.674 D/BangluIME(26729): voice: partial='ইরাবতী তুমি কি পার্কে যাবে'
08-26 17:00:25.289 D/BangluIME(26729): voice: idle 2000ms after speech — ending session early
08-26 17:00:25.290 D/BangluIME(26729): voice: pause commit — ending this session for a fresh one
08-26 17:00:25.397 D/BangluIME(26729): voice: raw results n=0 first=''
08-26 17:00:25.397 D/BangluIME(26729): voice: session ended by pause commit (results) — fresh session
08-26 17:00:25.666 D/BangluIME(26729): onVoiceInput: startListening bn-BD offline=false
08-26 17:00:25.814 D/BangluIME(26729): voice: ready
08-26 17:00:26.086 D/BangluIME(26729): voice: deferred punctuation '।'
08-26 17:00:26.552 D/BangluIME(26729): voice: beginning
08-26 17:00:26.637 D/BangluIME(26729): voice: raw partial='' -> owed='' reset=false
08-26 17:00:27.034 D/BangluIME(26729): voice: raw partial='' -> owed='' reset=false
08-26 17:00:27.202 D/BangluIME(26729): voice: raw partial='তুমি' -> owed='তুমি' reset=false
08-26 17:00:27.202 D/BangluIME(26729): voice: partial='তুমি'
08-26 17:00:27.409 D/BangluIME(26729): voice: raw partial='তুমি' -> owed='তুমি' reset=false
08-26 17:00:27.409 D/BangluIME(26729): voice: partial='তুমি'
08-26 17:00:27.518 D/BangluIME(26729): voice: raw partial='তুমি' -> owed='তুমি' reset=false
08-26 17:00:27.518 D/BangluIME(26729): voice: partial='তুমি'
08-26 17:00:27.596 D/BangluIME(26729): voice: raw partial='তুমি কি' -> owed='তুমি কি' reset=false
08-26 17:00:27.596 D/BangluIME(26729): voice: partial='তুমি কি'
08-26 17:00:27.786 D/BangluIME(26729): voice: raw partial='তুমি কি খেলে' -> owed='তুমি কি খেলে' reset=false
08-26 17:00:27.787 D/BangluIME(26729): voice: partial='তুমি কি খেলে'
08-26 17:00:28.158 D/BangluIME(26729): voice: end
08-26 17:00:28.630 D/BangluIME(26729): voice: raw partial='তুমি কি খেলে খেলি করবে' -> owed='তুমি কি খেলে খেলি করবে' reset=false
08-26 17:00:28.631 D/BangluIME(26729): voice: partial='তুমি কি খেলে খেলি করবে'
08-26 17:00:30.159 D/BangluIME(26729): voice: idle 2000ms after speech — ending session early
08-26 17:00:30.159 D/BangluIME(26729): voice: pause commit — ending this session for a fresh one
08-26 17:00:30.264 D/BangluIME(26729): voice: raw results n=0 first=''
08-26 17:00:30.264 D/BangluIME(26729): voice: session ended by pause commit (results) — fresh session
08-26 17:00:30.524 D/BangluIME(26729): onVoiceInput: startListening bn-BD offline=false
08-26 17:00:30.644 D/BangluIME(26729): voice: ready
08-26 17:00:30.963 D/BangluIME(26729): voice: deferred punctuation '।'
08-26 17:00:32.493 D/BangluIME(26729): ime: start_input_view buffer=0 voice=LISTENING
08-26 17:00:32.493 D/BangluIME(26729): inputSafety: raw=false private=false inputType=180225 imeOptions=1073741830
08-26 17:00:34.768 D/BangluIME(26729): stopVoiceInput: cancel=true state=LISTENING
08-26 17:00:34.839 D/BangluIME(26729): voice: error=5
08-26 17:00:34.839 D/BangluIME(26729): voice: error=5 after cancel, ignoring
08-26 17:03:18.845 D/BangluIME(27797): ime: runtime_policy_installed buffer=0 voice=IDLE
08-26 17:03:19.018 D/BangluIME(27797): onCreate: Initializing SmartEngine...
08-26 17:03:19.503 D/BangluIME(27797): ime: finish_input buffer=0 voice=IDLE
08-26 17:03:19.666 D/BangluIME(27797): onCreate: Seed dictionary loaded
08-26 17:03:19.672 D/BangluIME(27797): onCreate: Loading learned words...
08-26 17:03:19.689 E/BangluIME(27797): failure: strict_thread_DiskReadViolation
08-26 17:03:19.689 E/BangluIME(27797): android.os.strictmode.DiskReadViolation
08-26 17:03:19.689 E/BangluIME(27797): 	at android.os.StrictMode$AndroidBlockGuardPolicy.onReadFromDisk(StrictMode.java:1722)
08-26 17:03:19.689 E/BangluIME(27797): 	at android.database.sqlite.SQLiteConnection.applyBlockGuardPolicy(SQLiteConnection.java:1772)
08-26 17:03:19.689 E/BangluIME(27797): 	at android.database.sqlite.SQLiteConnection.executeForCursorWindow(SQLiteConnection.java:1376)
08-26 17:03:19.689 E/BangluIME(27797): 	at android.database.sqlite.SQLiteSession.executeForCursorWindow(SQLiteSession.java:873)
08-26 17:03:19.689 E/BangluIME(27797): 	at android.database.sqlite.SQLiteQuery.fillWindow(SQLiteQuery.java:62)
08-26 17:03:19.689 E/BangluIME(27797): 	at android.database.sqlite.SQLiteCursor.fillWindow(SQLiteCursor.java:157)
08-26 17:03:19.689 E/BangluIME(27797): 	at android.database.sqlite.SQLiteCursor.getCount(SQLiteCursor.java:144)
08-26 17:03:19.689 E/BangluIME(27797): 	at android.database.AbstractCursor.moveToPosition(AbstractCursor.java:252)
08-26 17:03:19.689 E/BangluIME(27797): 	at android.database.AbstractCursor.moveToFirst(AbstractCursor.java:291)
08-26 17:03:19.689 E/BangluIME(27797): 	at com.banglu.keyboard.SqlitePhoneticIndexStore.extendedAvailable_delegate$lambda$6(SqlitePhoneticIndexStore.kt:132)
08-26 17:03:19.689 E/BangluIME(27797): 	at com.banglu.keyboard.SqlitePhoneticIndexStore.$r8$lambda$vttT5DX4Piyn1OHcjWScb8rgB4o(SqlitePhoneticIndexStore.kt:0)
08-26 17:03:19.689 E/BangluIME(27797): 	at com.banglu.keyboard.SqlitePhoneticIndexStore$$ExternalSyntheticLambda0.invoke(D8$$SyntheticClass:0)
08-26 17:03:19.689 E/BangluIME(27797): 	at kotlin.SynchronizedLazyImpl.getValue(LazyJVM.kt:83)
08-26 17:03:19.689 E/BangluIME(27797): 	at com.banglu.keyboard.SqlitePhoneticIndexStore.getExtendedAvailable(SqlitePhoneticIndexStore.kt:127)
08-26 17:03:19.689 E/BangluIME(27797): 	at com.banglu.keyboard.SqlitePhoneticIndexStore.hasExtendedData(SqlitePhoneticIndexStore.kt:138)
08-26 17:03:19.689 E/BangluIME(27797): 	at com.banglu.engine.dictionary.SmartDictionary.attachExtendedStore(SmartDictionary.kt:43)
08-26 17:03:19.689 E/BangluIME(27797): 	at com.banglu.engine.SmartEngine.setPhoneticIndex(SmartEngine.kt:96)
08-26 17:03:19.689 E/BangluIME(27797): 	at com.banglu.engine.SmartEngineAdapter.setPhoneticIndex(SmartEngineAdapter.kt:211)
08-26 17:03:19.689 E/BangluIME(27797): 	at com.banglu.keyboard.BangluIMEService.attachPhoneticIndexStore(BangluIMEService.kt:1242)
08-26 17:03:19.689 E/BangluIME(27797): 	at com.banglu.keyboard.BangluIMEService.access$attachPhoneticIndexStore(BangluIMEService.kt:59)
08-26 17:03:19.689 E/BangluIME(27797): 	at com.banglu.keyboard.BangluIMEService$attachPhoneticIndexStore$1.invokeSuspend(BangluIMEService.kt:16)
08-26 17:03:19.689 E/BangluIME(27797): 	at kotlin.coroutines.jvm.internal.BaseContinuationImpl.resumeWith(ContinuationImpl.kt:33)
08-26 17:03:19.689 E/BangluIME(27797): 	at kotlinx.coroutines.DispatchedTask.run(DispatchedTask.kt:101)
08-26 17:03:19.689 E/BangluIME(27797): 	at android.os.Handler.handleCallback(Handler.java:995)
08-26 17:03:19.689 E/BangluIME(27797): 	at android.os.Handler.dispatchMessage(Handler.java:103)
08-26 17:03:19.689 E/BangluIME(27797): 	at android.os.Looper.loopOnce(Looper.java:273)
08-26 17:03:19.689 E/BangluIME(27797): 	at android.os.Looper.loop(Looper.java:363)
08-26 17:03:19.689 E/BangluIME(27797): 	at android.app.ActivityThread.main(ActivityThread.java:10060)
08-26 17:03:19.689 E/BangluIME(27797): 	at java.lang.reflect.Method.invoke(Native Method)
08-26 17:03:19.689 E/BangluIME(27797): 	at com.android.internal.os.RuntimeInit$MethodAndArgsCaller.run(RuntimeInit.java:632)
08-26 17:03:19.689 E/BangluIME(27797): 	at com.android.internal.os.ZygoteInit.main(ZygoteInit.java:975)
08-26 17:03:20.526 D/BangluIME(27797): ime: start_input_view buffer=0 voice=IDLE
08-26 17:03:20.529 D/BangluIME(27797): inputSafety: raw=false private=false inputType=180225 imeOptions=1073741830
08-26 17:03:23.980 D/BangluIME(27797): onVoiceInput: state=IDLE
08-26 17:03:23.988 D/BangluIME(27797): onVoiceInput: startListening bn-BD offline=false
08-26 17:03:24.145 D/BangluIME(27797): voice: ready
08-26 17:03:25.824 D/BangluIME(27797): voice: beginning
08-26 17:03:26.358 D/BangluIME(27797): voice: raw partial='' -> owed='' reset=false
08-26 17:03:26.638 D/BangluIME(27797): voice: raw partial='' -> owed='' reset=false
08-26 17:03:26.745 D/BangluIME(27797): voice: raw partial='' -> owed='' reset=false
08-26 17:03:26.945 D/BangluIME(27797): voice: raw partial='ভয়েস' -> owed='ভয়েস' reset=false
08-26 17:03:26.945 D/BangluIME(27797): voice: partial='ভয়েস'
08-26 17:03:27.054 D/BangluIME(27797): voice: raw partial='ভয়েস' -> owed='ভয়েস' reset=false
08-26 17:03:27.054 D/BangluIME(27797): voice: partial='ভয়েস'
08-26 17:03:27.381 D/BangluIME(27797): voice: raw partial='ভয়েস টাইপিং' -> owed='ভয়েস টাইপিং' reset=false
08-26 17:03:27.381 D/BangluIME(27797): voice: partial='ভয়েস টাইপিং'
08-26 17:03:27.514 D/BangluIME(27797): voice: raw partial='ভয়েস টাইপিং' -> owed='ভয়েস টাইপিং' reset=false
08-26 17:03:27.514 D/BangluIME(27797): voice: partial='ভয়েস টাইপিং'
08-26 17:03:27.631 D/BangluIME(27797): voice: raw partial='ভয়েস টাইপিং টেস্ট' -> owed='ভয়েস টাইপিং টেস্ট' reset=false
08-26 17:03:27.631 D/BangluIME(27797): voice: partial='ভয়েস টাইপিং টেস্ট'
08-26 17:03:27.784 D/BangluIME(27797): voice: raw partial='ভয়েস টাইপিং টেস্ট' -> owed='ভয়েস টাইপিং টেস্ট' reset=false
08-26 17:03:27.784 D/BangluIME(27797): voice: partial='ভয়েস টাইপিং টেস্ট'
08-26 17:03:27.968 D/BangluIME(27797): voice: raw partial='ভয়েস টাইপিং টেস্ট করার' -> owed='ভয়েস টাইপিং টেস্ট করার' reset=false
08-26 17:03:27.968 D/BangluIME(27797): voice: partial='ভয়েস টাইপিং টেস্ট করার'
08-26 17:03:28.109 D/BangluIME(27797): voice: raw partial='ভয়েস টাইপিং টেস্ট করার জন্য' -> owed='ভয়েস টাইপিং টেস্ট করার জন্য' reset=false
08-26 17:03:28.109 D/BangluIME(27797): voice: partial='ভয়েস টাইপিং টেস্ট করার জন্য'
08-26 17:03:28.216 D/BangluIME(27797): voice: raw partial='ভয়েস টাইপিং টেস্ট করার জন্য' -> owed='ভয়েস টাইপিং টেস্ট করার জন্য' reset=false
08-26 17:03:28.216 D/BangluIME(27797): voice: partial='ভয়েস টাইপিং টেস্ট করার জন্য'
08-26 17:03:28.278 D/BangluIME(27797): onCreate: Learned words loaded
08-26 17:03:28.418 D/BangluIME(27797): voice: raw partial='ভয়েস টাইপিং টেস্ট করার জন্য আমি' -> owed='ভয়েস টাইপিং টেস্ট করার জন্য আমি' reset=false
08-26 17:03:28.418 D/BangluIME(27797): voice: partial='ভয়েস টাইপিং টেস্ট করার জন্য আমি'
08-26 17:03:28.502 D/BangluIME(27797): voice: raw partial='ভয়েস টাইপিং টেস্ট করার জন্য আমি' -> owed='ভয়েস টাইপিং টেস্ট করার জন্য আমি' reset=false
08-26 17:03:28.502 D/BangluIME(27797): voice: partial='ভয়েস টাইপিং টেস্ট করার জন্য আমি'
08-26 17:03:28.563 D/BangluIME(27797): voice: raw partial='ভয়েস টাইপিং টেস্ট করার জন্য আমি কথা' -> owed='ভয়েস টাইপিং টেস্ট করার জন্য আমি কথা' reset=false
08-26 17:03:28.563 D/BangluIME(27797): voice: partial='ভয়েস টাইপিং টেস্ট করার জন্য আমি কথা'
08-26 17:03:28.850 D/BangluIME(27797): voice: end
08-26 17:03:29.247 D/BangluIME(27797): voice: raw partial='ভয়েস টাইপিং টেস্ট করার জন্য আমি কথা বলতেছি' -> owed='ভয়েস টাইপিং টেস্ট করার জন্য আমি কথা বলতেছি' reset=false
08-26 17:03:29.247 D/BangluIME(27797): voice: partial='ভয়েস টাইপিং টেস্ট করার জন্য আমি কথা বলতেছি'
08-26 17:03:30.352 D/BangluIME(27797): voice: idle 1500ms after speech — ending session early
08-26 17:03:30.352 D/BangluIME(27797): voice: pause commit — ending this session for a fresh one
08-26 17:03:30.439 D/BangluIME(27797): voice: raw results n=0 first=''
08-26 17:03:30.439 D/BangluIME(27797): voice: session ended by pause commit (results) — fresh session
08-26 17:03:30.453 D/BangluIME(27797): onVoiceInput: startListening bn-BD offline=false
08-26 17:03:30.461 D/BangluIME(27797): voice: error=11
08-26 17:03:30.462 D/BangluIME(27797): voice: network-class error=11, plain online retry first
08-26 17:03:31.113 D/BangluIME(27797): onVoiceInput: startListening bn-BD offline=false
08-26 17:03:31.242 D/BangluIME(27797): voice: ready
08-26 17:03:31.659 D/BangluIME(27797): voice: deferred punctuation '।'
08-26 17:03:33.137 D/BangluIME(27797): voice: beginning
08-26 17:03:33.668 D/BangluIME(27797): voice: raw partial='' -> owed='' reset=false
08-26 17:03:33.747 D/BangluIME(27797): voice: raw partial='' -> owed='' reset=false
08-26 17:03:33.839 D/BangluIME(27797): voice: raw partial='' -> owed='' reset=false
08-26 17:03:34.124 D/BangluIME(27797): voice: raw partial='' -> owed='' reset=false
08-26 17:03:34.225 D/BangluIME(27797): voice: raw partial='' -> owed='' reset=false
08-26 17:03:34.371 D/BangluIME(27797): voice: raw partial='' -> owed='' reset=false
08-26 17:03:34.452 D/BangluIME(27797): voice: raw partial='ভয়েস' -> owed='ভয়েস' reset=false
08-26 17:03:34.452 D/BangluIME(27797): voice: partial='ভয়েস'
08-26 17:03:34.504 D/BangluIME(27797): voice: raw partial='ভয়েস' -> owed='ভয়েস' reset=false
08-26 17:03:34.505 D/BangluIME(27797): voice: partial='ভয়েস'
08-26 17:03:34.770 D/BangluIME(27797): voice: raw partial='ভয়েস' -> owed='ভয়েস' reset=false
08-26 17:03:34.771 D/BangluIME(27797): voice: partial='ভয়েস'
08-26 17:03:34.799 D/BangluIME(27797): voice: raw partial='ভয়েস টাইপিং' -> owed='ভয়েস টাইপিং' reset=false
08-26 17:03:34.799 D/BangluIME(27797): voice: partial='ভয়েস টাইপিং'
08-26 17:03:34.993 D/BangluIME(27797): voice: raw partial='ভয়েস টাইপিং এ' -> owed='ভয়েস টাইপিং এ' reset=false
08-26 17:03:34.994 D/BangluIME(27797): voice: partial='ভয়েস টাইপিং এ'
08-26 17:03:35.087 D/BangluIME(27797): voice: raw partial='ভয়েস টাইপিং এ' -> owed='ভয়েস টাইপিং এ' reset=false
08-26 17:03:35.087 D/BangluIME(27797): voice: partial='ভয়েস টাইপিং এ'
08-26 17:03:35.115 D/BangluIME(27797): voice: raw partial='ভয়েস টাইপিং এ একটু' -> owed='ভয়েস টাইপিং এ একটু' reset=false
08-26 17:03:35.116 D/BangluIME(27797): voice: partial='ভয়েস টাইপিং এ একটু'
08-26 17:03:35.327 D/BangluIME(27797): voice: raw partial='ভয়েস টাইপিং এ একটু প্রবলেম' -> owed='ভয়েস টাইপিং এ একটু প্রবলেম' reset=false
08-26 17:03:35.327 D/BangluIME(27797): voice: partial='ভয়েস টাইপিং এ একটু প্রবলেম'
08-26 17:03:35.572 D/BangluIME(27797): voice: end
08-26 17:03:35.957 D/BangluIME(27797): voice: raw partial='ভয়েস টাইপিং এ একটু প্রবলেম' -> owed='ভয়েস টাইপিং এ একটু প্রবলেম' reset=false
08-26 17:03:35.958 D/BangluIME(27797): voice: partial='ভয়েস টাইপিং এ একটু প্রবলেম'
08-26 17:03:35.963 D/BangluIME(27797): voice: raw partial='ভয়েস টাইপিং এ একটু প্রবলেম হচ্ছে' -> owed='ভয়েস টাইপিং এ একটু প্রবলেম হচ্ছে' reset=false
08-26 17:03:35.963 D/BangluIME(27797): voice: partial='ভয়েস টাইপিং এ একটু প্রবলেম হচ্ছে'
08-26 17:03:37.073 D/BangluIME(27797): voice: idle 1500ms after speech — ending session early
08-26 17:03:37.073 D/BangluIME(27797): voice: pause commit — ending this session for a fresh one
08-26 17:03:37.176 D/BangluIME(27797): voice: raw results n=0 first=''
08-26 17:03:37.176 D/BangluIME(27797): voice: session ended by pause commit (results) — fresh session
08-26 17:03:37.240 D/BangluIME(27797): onVoiceInput: startListening bn-BD offline=false
08-26 17:03:37.280 D/BangluIME(27797): voice: error=11
08-26 17:03:37.280 D/BangluIME(27797): voice: network-class error=11, retrying once with offline preference
08-26 17:03:37.932 D/BangluIME(27797): onVoiceInput: startListening bn-BD offline=true
08-26 17:03:38.049 D/BangluIME(27797): voice: error=12
08-26 17:03:38.049 D/BangluIME(27797): voice: offline pack missing after forced-offline retry (error=12), returning to online
08-26 17:03:38.425 D/BangluIME(27797): voice: deferred punctuation '।'
08-26 17:03:38.702 D/BangluIME(27797): onVoiceInput: startListening bn-BD offline=false
08-26 17:03:38.831 D/BangluIME(27797): voice: ready
08-26 17:03:39.701 D/BangluIME(27797): voice: beginning
08-26 17:03:40.352 D/BangluIME(27797): voice: raw partial='' -> owed='' reset=false
08-26 17:03:40.525 D/BangluIME(27797): voice: raw partial='' -> owed='' reset=false
08-26 17:03:40.758 D/BangluIME(27797): voice: raw partial='' -> owed='' reset=false
08-26 17:03:40.933 D/BangluIME(27797): voice: raw partial='ভয়েস' -> owed='ভয়েস' reset=false
08-26 17:03:40.933 D/BangluIME(27797): voice: partial='ভয়েস'
08-26 17:03:41.105 D/BangluIME(27797): voice: end
08-26 17:03:41.493 D/BangluIME(27797): voice: raw partial='ভয়েস টাইপিং' -> owed='ভয়েস টাইপিং' reset=false
08-26 17:03:41.493 D/BangluIME(27797): voice: partial='ভয়েস টাইপিং'
08-26 17:03:42.025 D/BangluIME(27797): voice: beginning
08-26 17:03:42.706 D/BangluIME(27797): voice: raw partial='' -> owed='' reset=false
08-26 17:03:43.036 D/BangluIME(27797): voice: raw partial='' -> owed='' reset=false
08-26 17:03:43.352 D/BangluIME(27797): voice: raw partial='কথা' -> owed='কথা' reset=true
08-26 17:03:43.352 D/BangluIME(27797): voice: recognizer reset — closing live segment mark=',' pauseMs=2247 text='ভয়েস টাইপিং'
08-26 17:03:43.358 D/BangluIME(27797): voice: partial='কথা'
08-26 17:03:43.427 D/BangluIME(27797): voice: raw partial='কথা' -> owed='কথা' reset=false
08-26 17:03:43.428 D/BangluIME(27797): voice: partial='কথা'
08-26 17:03:43.555 D/BangluIME(27797): voice: raw partial='কথা' -> owed='কথা' reset=false
08-26 17:03:43.555 D/BangluIME(27797): voice: partial='কথা'
08-26 17:03:43.607 D/BangluIME(27797): voice: raw partial='কথা' -> owed='কথা' reset=false
08-26 17:03:43.607 D/BangluIME(27797): voice: partial='কথা'
08-26 17:03:43.747 D/BangluIME(27797): voice: raw partial='কথা' -> owed='কথা' reset=false
08-26 17:03:43.747 D/BangluIME(27797): voice: partial='কথা'
08-26 17:03:43.878 D/BangluIME(27797): voice: raw partial='কথা' -> owed='কথা' reset=false
08-26 17:03:43.879 D/BangluIME(27797): voice: partial='কথা'
08-26 17:03:44.242 D/BangluIME(27797): voice: raw partial='কথা ঠিকমতো' -> owed='কথা ঠিকমতো' reset=false
08-26 17:03:44.242 D/BangluIME(27797): voice: partial='কথা ঠিকমতো'
08-26 17:03:44.373 D/BangluIME(27797): voice: raw partial='কথা ঠিকমতো পিকাপ' -> owed='কথা ঠিকমতো পিকাপ' reset=false
08-26 17:03:44.373 D/BangluIME(27797): voice: partial='কথা ঠিকমতো পিকাপ'
08-26 17:03:44.529 D/BangluIME(27797): voice: raw partial='কথা ঠিকমতো পিকাপ করতে' -> owed='কথা ঠিকমতো পিকাপ করতে' reset=false
08-26 17:03:44.529 D/BangluIME(27797): voice: partial='কথা ঠিকমতো পিকাপ করতে'
08-26 17:03:44.532 D/BangluIME(27797): voice: raw partial='কথা ঠিকমতো পিকাপ করতে' -> owed='কথা ঠিকমতো পিকাপ করতে' reset=false
08-26 17:03:44.533 D/BangluIME(27797): voice: partial='কথা ঠিকমতো পিকাপ করতে'
08-26 17:03:44.947 D/BangluIME(27797): voice: end
08-26 17:03:45.338 D/BangluIME(27797): voice: raw partial='কথা ঠিকমতো পিকাপ করতে পারতেছে না' -> owed='কথা ঠিকমতো পিকাপ করতে পারতেছে না' reset=false
08-26 17:03:45.338 D/BangluIME(27797): voice: partial='কথা ঠিকমতো পিকাপ করতে পারতেছে না'
08-26 17:03:46.450 D/BangluIME(27797): voice: idle 1500ms after speech — ending session early
08-26 17:03:46.450 D/BangluIME(27797): voice: pause commit — ending this session for a fresh one
08-26 17:03:46.549 D/BangluIME(27797): voice: raw results n=0 first=''
08-26 17:03:46.549 D/BangluIME(27797): voice: session ended by pause commit (results) — fresh session
08-26 17:03:46.559 D/BangluIME(27797): onVoiceInput: startListening bn-BD offline=false
08-26 17:03:46.573 D/BangluIME(27797): voice: error=11
08-26 17:03:51.120 D/BangluIME(27797): onVoiceInput: state=ERROR
08-26 17:03:51.125 D/BangluIME(27797): onVoiceInput: startListening bn-BD offline=false
08-26 17:03:51.281 D/BangluIME(27797): voice: ready
08-26 17:03:52.751 D/BangluIME(27797): voice: beginning
08-26 17:03:53.140 D/BangluIME(27797): voice: raw partial='' -> owed='' reset=false
08-26 17:03:53.336 D/BangluIME(27797): voice: raw partial='' -> owed='' reset=false
08-26 17:03:53.524 D/BangluIME(27797): voice: raw partial='' -> owed='' reset=false
08-26 17:03:53.720 D/BangluIME(27797): voice: raw partial='আর' -> owed='আর' reset=false
08-26 17:03:53.720 D/BangluIME(27797): voice: partial='আর'
08-26 17:03:53.772 D/BangluIME(27797): voice: raw partial='আর' -> owed='আর' reset=false
08-26 17:03:53.772 D/BangluIME(27797): voice: partial='আর'
08-26 17:03:53.893 D/BangluIME(27797): voice: raw partial='আর একটা' -> owed='আর একটা' reset=false
08-26 17:03:53.893 D/BangluIME(27797): voice: partial='আর একটা'
08-26 17:03:54.285 D/BangluIME(27797): voice: end
08-26 17:03:54.673 D/BangluIME(27797): voice: raw partial='আর একটা প্রবলেম হচ্ছে' -> owed='আর একটা প্রবলেম হচ্ছে' reset=false
08-26 17:03:54.673 D/BangluIME(27797): voice: partial='আর একটা প্রবলেম হচ্ছে'
08-26 17:03:55.684 D/BangluIME(27797): voice: beginning
08-26 17:03:55.686 D/BangluIME(27797): voice: measured pause commit mark=',' pauseMs=1400 text='আর একটা প্রবলেম হচ্ছে'
08-26 17:03:56.005 D/BangluIME(27797): voice: raw partial='' -> owed='' reset=false
08-26 17:03:56.119 D/BangluIME(27797): voice: raw partial='' -> owed='' reset=false
08-26 17:03:56.594 D/BangluIME(27797): voice: raw partial='সেটা' -> owed='সেটা' reset=true
08-26 17:03:56.594 D/BangluIME(27797): voice: partial='সেটা'
08-26 17:03:56.762 D/BangluIME(27797): voice: raw partial='সেটা হচ্ছে' -> owed='সেটা হচ্ছে' reset=false
08-26 17:03:56.763 D/BangluIME(27797): voice: partial='সেটা হচ্ছে'
08-26 17:03:56.903 D/BangluIME(27797): voice: raw partial='সেটা হচ্ছে' -> owed='সেটা হচ্ছে' reset=false
08-26 17:03:56.903 D/BangluIME(27797): voice: partial='সেটা হচ্ছে'
08-26 17:03:56.973 D/BangluIME(27797): voice: raw partial='সেটা হচ্ছে' -> owed='সেটা হচ্ছে' reset=false
08-26 17:03:56.973 D/BangluIME(27797): voice: partial='সেটা হচ্ছে'
08-26 17:03:57.082 D/BangluIME(27797): voice: raw partial='সেটা হচ্ছে' -> owed='সেটা হচ্ছে' reset=false
08-26 17:03:57.082 D/BangluIME(27797): voice: partial='সেটা হচ্ছে'
08-26 17:03:57.150 D/BangluIME(27797): voice: raw partial='সেটা হচ্ছে বারবার' -> owed='সেটা হচ্ছে বারবার' reset=false
08-26 17:03:57.150 D/BangluIME(27797): voice: partial='সেটা হচ্ছে বারবার'
08-26 17:03:57.664 D/BangluIME(27797): voice: end
08-26 17:03:58.130 D/BangluIME(27797): voice: raw partial='সেটা হচ্ছে বারবার রিপিট হচ্ছে' -> owed='সেটা হচ্ছে বারবার রিপিট হচ্ছে' reset=false
08-26 17:03:58.130 D/BangluIME(27797): voice: partial='সেটা হচ্ছে বারবার রিপিট হচ্ছে'
08-26 17:03:59.168 D/BangluIME(27797): voice: idle 1500ms after speech — ending session early
08-26 17:03:59.168 D/BangluIME(27797): voice: pause commit — ending this session for a fresh one
08-26 17:03:59.269 D/BangluIME(27797): voice: raw results n=0 first=''
08-26 17:03:59.269 D/BangluIME(27797): voice: session ended by pause commit (results) — fresh session
08-26 17:03:59.276 D/BangluIME(27797): onVoiceInput: startListening bn-BD offline=false
08-26 17:03:59.288 D/BangluIME(27797): voice: error=11
08-26 17:03:59.288 D/BangluIME(27797): voice: network-class error=11, plain online retry first
08-26 17:03:59.940 D/BangluIME(27797): onVoiceInput: startListening bn-BD offline=false
08-26 17:04:00.092 D/BangluIME(27797): voice: ready
08-26 17:04:00.474 D/BangluIME(27797): voice: deferred punctuation '।'
08-26 17:04:00.526 D/BangluIME(27797): voice: beginning
08-26 17:04:00.980 D/BangluIME(27797): voice: raw partial='' -> owed='' reset=false
08-26 17:04:01.617 D/BangluIME(27797): voice: raw partial='বারবার' -> owed='বারবার' reset=false
08-26 17:04:01.617 D/BangluIME(27797): voice: partial='বারবার'
08-26 17:04:01.734 D/BangluIME(27797): voice: raw partial='' -> owed='' reset=false
08-26 17:04:01.763 D/BangluIME(27797): voice: raw partial='' -> owed='' reset=false
08-26 17:04:02.081 D/BangluIME(27797): voice: raw partial='' -> owed='' reset=false
08-26 17:04:02.207 D/BangluIME(27797): voice: raw partial='' -> owed='' reset=false
08-26 17:04:02.335 D/BangluIME(27797): voice: raw partial='' -> owed='' reset=false
08-26 17:04:02.434 D/BangluIME(27797): voice: raw partial='এটা' -> owed='এটা' reset=false
08-26 17:04:02.434 D/BangluIME(27797): voice: partial='এটা'
08-26 17:04:02.517 D/BangluIME(27797): voice: raw partial='এটা' -> owed='এটা' reset=false
08-26 17:04:02.518 D/BangluIME(27797): voice: partial='এটা'
08-26 17:04:02.750 D/BangluIME(27797): voice: end
08-26 17:04:03.221 D/BangluIME(27797): voice: raw partial='এটা বোঝা যাচ্ছে না' -> owed='এটা বোঝা যাচ্ছে না' reset=false
08-26 17:04:03.221 D/BangluIME(27797): voice: partial='এটা বোঝা যাচ্ছে না'
08-26 17:04:04.252 D/BangluIME(27797): voice: idle 1500ms after speech — ending session early
08-26 17:04:04.252 D/BangluIME(27797): voice: pause commit — ending this session for a fresh one
08-26 17:04:04.356 D/BangluIME(27797): voice: raw results n=0 first=''
08-26 17:04:04.356 D/BangluIME(27797): voice: session ended by pause commit (results) — fresh session
08-26 17:04:04.363 D/BangluIME(27797): onVoiceInput: startListening bn-BD offline=false
08-26 17:04:04.381 D/BangluIME(27797): voice: error=11
08-26 17:04:04.381 D/BangluIME(27797): voice: network-class error=11, retrying once with offline preference
08-26 17:04:05.032 D/BangluIME(27797): onVoiceInput: startListening bn-BD offline=true
08-26 17:04:05.167 D/BangluIME(27797): voice: error=12
08-26 17:04:05.167 D/BangluIME(27797): voice: offline pack missing after forced-offline retry (error=12), returning to online
08-26 17:04:05.554 D/BangluIME(27797): voice: deferred punctuation '।'
08-26 17:04:05.820 D/BangluIME(27797): onVoiceInput: startListening bn-BD offline=false
08-26 17:04:05.999 D/BangluIME(27797): voice: ready
08-26 17:04:09.055 D/BangluIME(27797): voice: beginning
08-26 17:04:09.569 D/BangluIME(27797): voice: raw partial='' -> owed='' reset=false
08-26 17:04:09.767 D/BangluIME(27797): voice: raw partial='' -> owed='' reset=false
08-26 17:04:09.890 D/BangluIME(27797): voice: raw partial='' -> owed='' reset=false
08-26 17:04:10.009 D/BangluIME(27797): voice: raw partial='' -> owed='' reset=false
08-26 17:04:10.079 D/BangluIME(27797): voice: raw partial='' -> owed='' reset=false
08-26 17:04:10.132 D/BangluIME(27797): voice: raw partial='এখনো' -> owed='এখনো' reset=false
08-26 17:04:10.132 D/BangluIME(27797): voice: partial='এখনো'
08-26 17:04:10.583 D/BangluIME(27797): voice: end
08-26 17:04:10.974 D/BangluIME(27797): voice: raw partial='এখনো রিপিট হচ্ছে' -> owed='এখনো রিপিট হচ্ছে' reset=false
08-26 17:04:10.974 D/BangluIME(27797): voice: partial='এখনো রিপিট হচ্ছে'
08-26 17:04:12.084 D/BangluIME(27797): voice: idle 1500ms after speech — ending session early
08-26 17:04:12.085 D/BangluIME(27797): voice: pause commit — ending this session for a fresh one
08-26 17:04:12.196 D/BangluIME(27797): voice: raw results n=0 first=''
08-26 17:04:12.196 D/BangluIME(27797): voice: session ended by pause commit (results) — fresh session
08-26 17:04:12.210 D/BangluIME(27797): onVoiceInput: startListening bn-BD offline=false
08-26 17:04:12.216 D/BangluIME(27797): voice: error=11
08-26 17:04:17.921 D/BangluIME(27797): onVoiceInput: state=ERROR
08-26 17:04:17.924 D/BangluIME(27797): onVoiceInput: startListening bn-BD offline=false
08-26 17:04:18.074 D/BangluIME(27797): voice: ready
08-26 17:04:19.873 D/BangluIME(27797): voice: beginning
08-26 17:04:20.360 D/BangluIME(27797): voice: raw partial='' -> owed='' reset=false
08-26 17:04:20.901 D/BangluIME(27797): voice: raw partial='' -> owed='' reset=false
08-26 17:04:20.932 D/BangluIME(27797): voice: raw partial='এখনো' -> owed='এখনো' reset=false
08-26 17:04:20.932 D/BangluIME(27797): voice: partial='এখনো'
08-26 17:04:21.078 D/BangluIME(27797): voice: raw partial='এখনো' -> owed='এখনো' reset=false
08-26 17:04:21.078 D/BangluIME(27797): voice: partial='এখনো'
08-26 17:04:21.214 D/BangluIME(27797): voice: raw partial='এখনো' -> owed='এখনো' reset=false
08-26 17:04:21.214 D/BangluIME(27797): voice: partial='এখনো'
08-26 17:04:21.320 D/BangluIME(27797): voice: raw partial='এখনো' -> owed='এখনো' reset=false
08-26 17:04:21.320 D/BangluIME(27797): voice: partial='এখনো'
08-26 17:04:21.536 D/BangluIME(27797): voice: raw partial='এখনো কথা' -> owed='এখনো কথা' reset=false
08-26 17:04:21.536 D/BangluIME(27797): voice: partial='এখনো কথা'
08-26 17:04:22.090 D/BangluIME(27797): voice: end
08-26 17:04:22.476 D/BangluIME(27797): voice: raw partial='এখনো কথা রিপিট' -> owed='এখনো কথা রিপিট' reset=false
08-26 17:04:22.476 D/BangluIME(27797): voice: partial='এখনো কথা রিপিট'
08-26 17:04:22.480 D/BangluIME(27797): voice: raw partial='এখনো কথা রিপিট হচ্ছে' -> owed='এখনো কথা রিপিট হচ্ছে' reset=false
08-26 17:04:22.480 D/BangluIME(27797): voice: partial='এখনো কথা রিপিট হচ্ছে'
08-26 17:04:23.590 D/BangluIME(27797): voice: idle 1500ms after speech — ending session early
08-26 17:04:23.590 D/BangluIME(27797): voice: pause commit — ending this session for a fresh one
08-26 17:04:23.766 D/BangluIME(27797): voice: raw results n=0 first=''
08-26 17:04:23.766 D/BangluIME(27797): voice: session ended by pause commit (results) — fresh session
08-26 17:04:23.774 D/BangluIME(27797): onVoiceInput: startListening bn-BD offline=false
08-26 17:04:23.894 D/BangluIME(27797): voice: ready
08-26 17:04:24.461 D/BangluIME(27797): voice: beginning
08-26 17:04:24.465 D/BangluIME(27797): voice: deferred punctuation ','
08-26 17:04:24.906 D/BangluIME(27797): voice: raw partial='' -> owed='' reset=false
08-26 17:04:25.436 D/BangluIME(27797): voice: raw partial='' -> owed='' reset=false
08-26 17:04:25.485 D/BangluIME(27797): voice: raw partial='বারবার' -> owed='বারবার' reset=false
08-26 17:04:25.485 D/BangluIME(27797): voice: partial='বারবার'
08-26 17:04:25.561 D/BangluIME(27797): voice: raw partial='বারবার' -> owed='বারবার' reset=false
08-26 17:04:25.561 D/BangluIME(27797): voice: partial='বারবার'
08-26 17:04:26.005 D/BangluIME(27797): voice: end
08-26 17:04:26.380 D/BangluIME(27797): voice: raw partial='বারবার একই জিনিস' -> owed='বারবার একই জিনিস' reset=false
08-26 17:04:26.380 D/BangluIME(27797): voice: partial='বারবার একই জিনিস'
08-26 17:04:27.451 D/BangluIME(27797): voice: beginning
08-26 17:04:27.453 D/BangluIME(27797): voice: measured pause commit mark=',' pauseMs=1447 text='বারবার একই জিনিস'
08-26 17:04:27.849 D/BangluIME(27797): voice: raw partial='' -> owed='' reset=false
08-26 17:04:28.066 D/BangluIME(27797): voice: raw partial='' -> owed='' reset=false
08-26 17:04:28.368 D/BangluIME(27797): voice: end
08-26 17:04:28.760 D/BangluIME(27797): voice: raw partial='উঠছে' -> owed='উঠছে' reset=true
08-26 17:04:28.760 D/BangluIME(27797): voice: partial='উঠছে'
08-26 17:04:29.872 D/BangluIME(27797): voice: idle 1500ms after speech — ending session early
08-26 17:04:29.872 D/BangluIME(27797): voice: pause commit — ending this session for a fresh one
08-26 17:04:29.896 D/BangluIME(27797): voice: beginning
08-26 17:04:29.897 D/BangluIME(27797): voice: measured pause commit mark=',' pauseMs=1528 text='উঠছে'
08-26 17:04:29.988 D/BangluIME(27797): voice: raw partial='' -> owed='' reset=false
08-26 17:04:29.997 D/BangluIME(27797): voice: raw partial='কেন' -> owed='কেন' reset=true
08-26 17:04:29.997 D/BangluIME(27797): voice: partial='কেন'
08-26 17:04:30.001 D/BangluIME(27797): voice: raw results n=0 first=''
08-26 17:04:30.001 D/BangluIME(27797): voice: session ended by pause commit (results) — fresh session
08-26 17:04:30.028 D/BangluIME(27797): onVoiceInput: startListening bn-BD offline=false
08-26 17:04:30.067 D/BangluIME(27797): voice: error=11
08-26 17:04:30.067 D/BangluIME(27797): voice: network-class error=11, plain online retry first
08-26 17:04:30.736 D/BangluIME(27797): onVoiceInput: startListening bn-BD offline=false
08-26 17:04:30.935 D/BangluIME(27797): voice: ready
08-26 17:04:31.179 D/BangluIME(27797): voice: deferred punctuation '।'
08-26 17:04:36.026 D/BangluIME(27797): voice: raw partial='' -> owed='' reset=false
08-26 17:04:36.026 D/BangluIME(27797): voice: error=7
08-26 17:04:36.677 D/BangluIME(27797): onVoiceInput: startListening bn-BD offline=false
08-26 17:04:36.816 D/BangluIME(27797): voice: ready
08-26 17:04:37.868 D/BangluIME(27797): voice: beginning
08-26 17:04:38.343 D/BangluIME(27797): voice: raw partial='' -> owed='' reset=false
08-26 17:04:38.653 D/BangluIME(27797): voice: raw partial='' -> owed='' reset=false
08-26 17:04:38.776 D/BangluIME(27797): voice: raw partial='' -> owed='' reset=false
08-26 17:04:38.980 D/BangluIME(27797): voice: raw partial='অন্য' -> owed='অন্য' reset=false
08-26 17:04:38.980 D/BangluIME(27797): voice: partial='অন্য'
08-26 17:04:39.054 D/BangluIME(27797): voice: raw partial='অন্য' -> owed='অন্য' reset=false
08-26 17:04:39.054 D/BangluIME(27797): voice: partial='অন্য'
08-26 17:04:39.159 D/BangluIME(27797): voice: raw partial='অন্য' -> owed='অন্য' reset=false
08-26 17:04:39.159 D/BangluIME(27797): voice: partial='অন্য'
08-26 17:04:39.441 D/BangluIME(27797): voice: raw partial='অন্য' -> owed='অন্য' reset=false
08-26 17:04:39.441 D/BangluIME(27797): voice: partial='অন্য'
08-26 17:04:39.612 D/BangluIME(27797): voice: raw partial='অন্য অ্যাপগুলোতে' -> owed='অন্য অ্যাপগুলোতে' reset=false
08-26 17:04:39.612 D/BangluIME(27797): voice: partial='অন্য অ্যাপগুলোতে'
08-26 17:04:39.694 D/BangluIME(27797): voice: raw partial='অন্য অ্যাপগুলোতে' -> owed='অন্য অ্যাপগুলোতে' reset=false
08-26 17:04:39.694 D/BangluIME(27797): voice: partial='অন্য অ্যাপগুলোতে'
08-26 17:04:39.746 D/BangluIME(27797): voice: raw partial='অন্য অ্যাপগুলোতে কি' -> owed='অন্য অ্যাপগুলোতে কি' reset=false
08-26 17:04:39.746 D/BangluIME(27797): voice: partial='অন্য অ্যাপগুলোতে কি'
08-26 17:04:40.059 D/BangluIME(27797): voice: raw partial='অন্য অ্যাপগুলোতে কি একই' -> owed='অন্য অ্যাপগুলোতে কি একই' reset=false
08-26 17:04:40.059 D/BangluIME(27797): voice: partial='অন্য অ্যাপগুলোতে কি একই'
08-26 17:04:40.136 D/BangluIME(27797): voice: raw partial='অন্য অ্যাপগুলোতে কি একই' -> owed='অন্য অ্যাপগুলোতে কি একই' reset=false
08-26 17:04:40.136 D/BangluIME(27797): voice: partial='অন্য অ্যাপগুলোতে কি একই'
08-26 17:04:40.263 D/BangluIME(27797): voice: raw partial='অন্য অ্যাপগুলোতে কি একই ধরনের' -> owed='অন্য অ্যাপগুলোতে কি একই ধরনের' reset=false
08-26 17:04:40.263 D/BangluIME(27797): voice: partial='অন্য অ্যাপগুলোতে কি একই ধরনের'
08-26 17:04:40.621 D/BangluIME(27797): voice: end
08-26 17:04:41.022 D/BangluIME(27797): voice: raw partial='অন্য অ্যাপগুলোতে কি একই ধরনের প্রবলেম' -> owed='অন্য অ্যাপগুলোতে কি একই ধরনের প্রবলেম' reset=false
08-26 17:04:41.022 D/BangluIME(27797): voice: partial='অন্য অ্যাপগুলোতে কি একই ধরনের প্রবলেম'
08-26 17:04:42.124 D/BangluIME(27797): voice: idle 1500ms after speech — ending session early
08-26 17:04:42.124 D/BangluIME(27797): voice: pause commit — ending this session for a fresh one
08-26 17:04:42.226 D/BangluIME(27797): voice: raw results n=0 first=''
08-26 17:04:42.226 D/BangluIME(27797): voice: session ended by pause commit (results) — fresh session
08-26 17:04:42.262 D/BangluIME(27797): onVoiceInput: startListening bn-BD offline=false
08-26 17:04:42.284 D/BangluIME(27797): voice: error=11
08-26 17:04:42.284 D/BangluIME(27797): voice: network-class error=11, retrying once with offline preference
08-26 17:04:42.940 D/BangluIME(27797): onVoiceInput: startListening bn-BD offline=true
08-26 17:04:43.035 D/BangluIME(27797): voice: error=12
08-26 17:04:43.035 D/BangluIME(27797): voice: offline pack missing after forced-offline retry (error=12), returning to online
08-26 17:04:43.449 D/BangluIME(27797): voice: deferred punctuation '।'
08-26 17:04:43.687 D/BangluIME(27797): onVoiceInput: startListening bn-BD offline=false
08-26 17:04:43.821 D/BangluIME(27797): voice: ready
08-26 17:04:43.904 D/BangluIME(27797): ime: start_input_view buffer=0 voice=LISTENING
08-26 17:04:43.904 D/BangluIME(27797): inputSafety: raw=false private=false inputType=180225 imeOptions=1073741830
08-26 17:04:47.673 D/BangluIME(27797): stopVoiceInput: cancel=true state=LISTENING
08-26 17:04:47.736 D/BangluIME(27797): voice: error=5
08-26 17:04:47.736 D/BangluIME(27797): voice: error=5 after cancel, ignoring
08-26 17:10:20.428 D/BangluIME(30453): ime: runtime_policy_installed buffer=0 voice=IDLE
08-26 17:10:20.590 D/BangluIME(30453): onCreate: Initializing SmartEngine...
08-26 17:10:21.343 D/BangluIME(30453): onCreate: Seed dictionary loaded
08-26 17:10:21.347 D/BangluIME(30453): onCreate: Loading learned words...
08-26 17:10:21.367 E/BangluIME(30453): failure: strict_thread_DiskReadViolation
08-26 17:10:21.367 E/BangluIME(30453): android.os.strictmode.DiskReadViolation
08-26 17:10:21.367 E/BangluIME(30453): 	at android.os.StrictMode$AndroidBlockGuardPolicy.onReadFromDisk(StrictMode.java:1722)
08-26 17:10:21.367 E/BangluIME(30453): 	at android.database.sqlite.SQLiteConnection.applyBlockGuardPolicy(SQLiteConnection.java:1772)
08-26 17:10:21.367 E/BangluIME(30453): 	at android.database.sqlite.SQLiteConnection.executeForCursorWindow(SQLiteConnection.java:1376)
08-26 17:10:21.367 E/BangluIME(30453): 	at android.database.sqlite.SQLiteSession.executeForCursorWindow(SQLiteSession.java:873)
08-26 17:10:21.367 E/BangluIME(30453): 	at android.database.sqlite.SQLiteQuery.fillWindow(SQLiteQuery.java:62)
08-26 17:10:21.367 E/BangluIME(30453): 	at android.database.sqlite.SQLiteCursor.fillWindow(SQLiteCursor.java:157)
08-26 17:10:21.367 E/BangluIME(30453): 	at android.database.sqlite.SQLiteCursor.getCount(SQLiteCursor.java:144)
08-26 17:10:21.367 E/BangluIME(30453): 	at android.database.AbstractCursor.moveToPosition(AbstractCursor.java:252)
08-26 17:10:21.367 E/BangluIME(30453): 	at android.database.AbstractCursor.moveToFirst(AbstractCursor.java:291)
08-26 17:10:21.367 E/BangluIME(30453): 	at com.banglu.keyboard.SqlitePhoneticIndexStore.extendedAvailable_delegate$lambda$6(SqlitePhoneticIndexStore.kt:132)
08-26 17:10:21.367 E/BangluIME(30453): 	at com.banglu.keyboard.SqlitePhoneticIndexStore.$r8$lambda$vttT5DX4Piyn1OHcjWScb8rgB4o(SqlitePhoneticIndexStore.kt:0)
08-26 17:10:21.367 E/BangluIME(30453): 	at com.banglu.keyboard.SqlitePhoneticIndexStore$$ExternalSyntheticLambda0.invoke(D8$$SyntheticClass:0)
08-26 17:10:21.367 E/BangluIME(30453): 	at kotlin.SynchronizedLazyImpl.getValue(LazyJVM.kt:83)
08-26 17:10:21.367 E/BangluIME(30453): 	at com.banglu.keyboard.SqlitePhoneticIndexStore.getExtendedAvailable(SqlitePhoneticIndexStore.kt:127)
08-26 17:10:21.367 E/BangluIME(30453): 	at com.banglu.keyboard.SqlitePhoneticIndexStore.hasExtendedData(SqlitePhoneticIndexStore.kt:138)
08-26 17:10:21.367 E/BangluIME(30453): 	at com.banglu.engine.dictionary.SmartDictionary.attachExtendedStore(SmartDictionary.kt:43)
08-26 17:10:21.367 E/BangluIME(30453): 	at com.banglu.engine.SmartEngine.setPhoneticIndex(SmartEngine.kt:96)
08-26 17:10:21.367 E/BangluIME(30453): 	at com.banglu.engine.SmartEngineAdapter.setPhoneticIndex(SmartEngineAdapter.kt:211)
08-26 17:10:21.367 E/BangluIME(30453): 	at com.banglu.keyboard.BangluIMEService.attachPhoneticIndexStore(BangluIMEService.kt:1242)
08-26 17:10:21.367 E/BangluIME(30453): 	at com.banglu.keyboard.BangluIMEService.access$attachPhoneticIndexStore(BangluIMEService.kt:59)
08-26 17:10:21.367 E/BangluIME(30453): 	at com.banglu.keyboard.BangluIMEService$attachPhoneticIndexStore$1.invokeSuspend(BangluIMEService.kt:16)
08-26 17:10:21.367 E/BangluIME(30453): 	at kotlin.coroutines.jvm.internal.BaseContinuationImpl.resumeWith(ContinuationImpl.kt:33)
08-26 17:10:21.367 E/BangluIME(30453): 	at kotlinx.coroutines.DispatchedTask.run(DispatchedTask.kt:101)
08-26 17:10:21.367 E/BangluIME(30453): 	at android.os.Handler.handleCallback(Handler.java:995)
08-26 17:10:21.367 E/BangluIME(30453): 	at android.os.Handler.dispatchMessage(Handler.java:103)
08-26 17:10:21.367 E/BangluIME(30453): 	at android.os.Looper.loopOnce(Looper.java:273)
08-26 17:10:21.367 E/BangluIME(30453): 	at android.os.Looper.loop(Looper.java:363)
08-26 17:10:21.367 E/BangluIME(30453): 	at android.app.ActivityThread.main(ActivityThread.java:10060)
08-26 17:10:21.367 E/BangluIME(30453): 	at java.lang.reflect.Method.invoke(Native Method)
08-26 17:10:21.367 E/BangluIME(30453): 	at com.android.internal.os.RuntimeInit$MethodAndArgsCaller.run(RuntimeInit.java:632)
08-26 17:10:21.367 E/BangluIME(30453): 	at com.android.internal.os.ZygoteInit.main(ZygoteInit.java:975)
08-26 17:10:22.838 D/BangluIME(30453): ime: finish_input buffer=0 voice=IDLE
08-26 17:10:27.424 D/BangluIME(30453): ime: finish_input buffer=0 voice=IDLE
08-26 17:10:29.020 D/BangluIME(30453): ime: finish_input buffer=0 voice=IDLE
08-26 17:10:29.907 D/BangluIME(30453): onCreate: Learned words loaded
08-26 17:10:30.378 D/BangluIME(30453): ime: start_input_view buffer=0 voice=IDLE
08-26 17:10:30.379 D/BangluIME(30453): inputSafety: raw=false private=false inputType=180225 imeOptions=1073741830
08-26 17:10:32.267 D/BangluIME(30453): onVoiceInput: state=IDLE
08-26 17:10:32.275 D/BangluIME(30453): onVoiceInput: startListening bn-BD offline=false
08-26 17:10:32.449 D/BangluIME(30453): voice: ready
08-26 17:10:34.432 D/BangluIME(30453): voice: beginning
08-26 17:10:34.770 D/BangluIME(30453): voice: raw partial='' -> owed='' reset=false
08-26 17:10:35.358 D/BangluIME(30453): voice: raw partial='আমি' -> owed='আমি' reset=false
08-26 17:10:35.358 D/BangluIME(30453): voice: partial='আমি'
08-26 17:10:35.676 D/BangluIME(30453): voice: raw partial='আমি' -> owed='আমি' reset=false
08-26 17:10:35.676 D/BangluIME(30453): voice: partial='আমি'
08-26 17:10:35.876 D/BangluIME(30453): voice: raw partial='আমি' -> owed='আমি' reset=false
08-26 17:10:35.876 D/BangluIME(30453): voice: partial='আমি'
08-26 17:10:35.971 D/BangluIME(30453): voice: raw partial='আমি ভয়েস' -> owed='আমি ভয়েস' reset=false
08-26 17:10:35.971 D/BangluIME(30453): voice: partial='আমি ভয়েস'
08-26 17:10:36.381 D/BangluIME(30453): voice: raw partial='আমি ভয়েস' -> owed='আমি ভয়েস' reset=false
08-26 17:10:36.381 D/BangluIME(30453): voice: partial='আমি ভয়েস'
08-26 17:10:36.414 D/BangluIME(30453): voice: raw partial='আমি ভয়েস টাইপিং' -> owed='আমি ভয়েস টাইপিং' reset=false
08-26 17:10:36.414 D/BangluIME(30453): voice: partial='আমি ভয়েস টাইপিং'
08-26 17:10:36.827 D/BangluIME(30453): voice: raw partial='আমি ভয়েস টাইপিং' -> owed='আমি ভয়েস টাইপিং' reset=false
08-26 17:10:36.827 D/BangluIME(30453): voice: partial='আমি ভয়েস টাইপিং'
08-26 17:10:37.018 D/BangluIME(30453): voice: raw partial='আমি ভয়েস টাইপিং টেস্ট' -> owed='আমি ভয়েস টাইপিং টেস্ট' reset=false
08-26 17:10:37.018 D/BangluIME(30453): voice: partial='আমি ভয়েস টাইপিং টেস্ট'
08-26 17:10:37.390 D/BangluIME(30453): voice: end
08-26 17:10:37.825 D/BangluIME(30453): voice: beginning
08-26 17:10:37.870 D/BangluIME(30453): voice: raw partial='আমি ভয়েস টাইপিং টেস্ট করতেছি' -> owed='আমি ভয়েস টাইপিং টেস্ট করতেছি' reset=false
08-26 17:10:37.870 D/BangluIME(30453): voice: partial='আমি ভয়েস টাইপিং টেস্ট করতেছি'
08-26 17:10:38.162 D/BangluIME(30453): voice: raw partial='আমি ভয়েস টাইপিং টেস্ট করতেছি' -> owed='আমি ভয়েস টাইপিং টেস্ট করতেছি' reset=false
08-26 17:10:38.162 D/BangluIME(30453): voice: partial='আমি ভয়েস টাইপিং টেস্ট করতেছি'
08-26 17:10:38.470 D/BangluIME(30453): voice: raw partial='আমি ভয়েস টাইপিং টেস্ট করতেছি' -> owed='আমি ভয়েস টাইপিং টেস্ট করতেছি' reset=false
08-26 17:10:38.470 D/BangluIME(30453): voice: partial='আমি ভয়েস টাইপিং টেস্ট করতেছি'
08-26 17:10:38.642 D/BangluIME(30453): voice: raw partial='আমি ভয়েস টাইপিং টেস্ট করতেছি' -> owed='আমি ভয়েস টাইপিং টেস্ট করতেছি' reset=false
08-26 17:10:38.643 D/BangluIME(30453): voice: partial='আমি ভয়েস টাইপিং টেস্ট করতেছি'
08-26 17:10:38.726 D/BangluIME(30453): voice: raw partial='আমি ভয়েস টাইপিং টেস্ট করতেছি চেক' -> owed='আমি ভয়েস টাইপিং টেস্ট করতেছি চেক' reset=false
08-26 17:10:38.726 D/BangluIME(30453): voice: partial='আমি ভয়েস টাইপিং টেস্ট করতেছি চেক'
08-26 17:10:39.100 D/BangluIME(30453): voice: raw partial='আমি ভয়েস টাইপিং টেস্ট করতেছি চেক করার' -> owed='আমি ভয়েস টাইপিং টেস্ট করতেছি চেক করার' reset=false
08-26 17:10:39.100 D/BangluIME(30453): voice: partial='আমি ভয়েস টাইপিং টেস্ট করতেছি চেক করার'
08-26 17:10:39.134 D/BangluIME(30453): voice: raw partial='আমি ভয়েস টাইপিং টেস্ট করতেছি চেক করার' -> owed='আমি ভয়েস টাইপিং টেস্ট করতেছি চেক করার' reset=false
08-26 17:10:39.134 D/BangluIME(30453): voice: partial='আমি ভয়েস টাইপিং টেস্ট করতেছি চেক করার'
08-26 17:10:39.228 D/BangluIME(30453): voice: raw partial='আমি ভয়েস টাইপিং টেস্ট করতেছি চেক করার জন্য' -> owed='আমি ভয়েস টাইপিং টেস্ট করতেছি চেক করার জন্য' reset=false
08-26 17:10:39.228 D/BangluIME(30453): voice: partial='আমি ভয়েস টাইপিং টেস্ট করতেছি চেক করার জন্য'
08-26 17:10:39.612 D/BangluIME(30453): voice: raw partial='আমি ভয়েস টাইপিং টেস্ট করতেছি চেক করার জন্য' -> owed='আমি ভয়েস টাইপিং টেস্ট করতেছি চেক করার জন্য' reset=false
08-26 17:10:39.613 D/BangluIME(30453): voice: partial='আমি ভয়েস টাইপিং টেস্ট করতেছি চেক করার জন্য'
08-26 17:10:39.755 D/BangluIME(30453): voice: raw partial='আমি ভয়েস টাইপিং টেস্ট করতেছি চেক করার জন্য যে' -> owed='আমি ভয়েস টাইপিং টেস্ট করতেছি চেক করার জন্য যে' reset=false
08-26 17:10:39.755 D/BangluIME(30453): voice: partial='আমি ভয়েস টাইপিং টেস্ট করতেছি চেক করার জন্য যে'
08-26 17:10:39.918 D/BangluIME(30453): voice: raw partial='আমি ভয়েস টাইপিং টেস্ট করতেছি চেক করার জন্য যে' -> owed='আমি ভয়েস টাইপিং টেস্ট করতেছি চেক করার জন্য যে' reset=false
08-26 17:10:39.918 D/BangluIME(30453): voice: partial='আমি ভয়েস টাইপিং টেস্ট করতেছি চেক করার জন্য যে'
08-26 17:10:40.079 D/BangluIME(30453): voice: raw partial='আমি ভয়েস টাইপিং টেস্ট করতেছি চেক করার জন্য যে' -> owed='আমি ভয়েস টাইপিং টেস্ট করতেছি চেক করার জন্য যে' reset=false
08-26 17:10:40.079 D/BangluIME(30453): voice: partial='আমি ভয়েস টাইপিং টেস্ট করতেছি চেক করার জন্য যে'
08-26 17:10:40.182 D/BangluIME(30453): voice: raw partial='আমি ভয়েস টাইপিং টেস্ট করতেছি চেক করার জন্য যে ভয়েস' -> owed='আমি ভয়েস টাইপিং টেস্ট করতেছি চেক করার জন্য যে ভয়েস' reset=false
08-26 17:10:40.182 D/BangluIME(30453): voice: partial='আমি ভয়েস টাইপিং টেস্ট করতেছি চেক করার জন্য যে ভয়েস'
08-26 17:10:40.451 D/BangluIME(30453): voice: raw partial='আমি ভয়েস টাইপিং টেস্ট করতেছি চেক করার জন্য যে ভয়েস' -> owed='আমি ভয়েস টাইপিং টেস্ট করতেছি চেক করার জন্য যে ভয়েস' reset=false
08-26 17:10:40.451 D/BangluIME(30453): voice: partial='আমি ভয়েস টাইপিং টেস্ট করতেছি চেক করার জন্য যে ভয়েস'
08-26 17:10:40.699 D/BangluIME(30453): voice: raw partial='আমি ভয়েস টাইপিং টেস্ট করতেছি চেক করার জন্য যে ভয়েস টাইপিং' -> owed='আমি ভয়েস টাইপিং টেস্ট করতেছি চেক করার জন্য যে ভয়েস টাইপিং' reset=false
08-26 17:10:40.699 D/BangluIME(30453): voice: partial='আমি ভয়েস টাইপিং টেস্ট করতেছি চেক করার জন্য যে ভয়েস টাইপিং'
08-26 17:10:40.986 D/BangluIME(30453): voice: raw partial='আমি ভয়েস টাইপিং টেস্ট করতেছি চেক করার জন্য যে ভয়েস টাইপিং' -> owed='আমি ভয়েস টাইপিং টেস্ট করতেছি চেক করার জন্য যে ভয়েস টাইপিং' reset=false
08-26 17:10:40.986 D/BangluIME(30453): voice: partial='আমি ভয়েস টাইপিং টেস্ট করতেছি চেক করার জন্য যে ভয়েস টাইপিং'
08-26 17:10:41.033 D/BangluIME(30453): voice: raw partial='আমি ভয়েস টাইপিং টেস্ট করতেছি চেক করার জন্য যে ভয়েস টাইপিং' -> owed='আমি ভয়েস টাইপিং টেস্ট করতেছি চেক করার জন্য যে ভয়েস টাইপিং' reset=false
08-26 17:10:41.033 D/BangluIME(30453): voice: partial='আমি ভয়েস টাইপিং টেস্ট করতেছি চেক করার জন্য যে ভয়েস টাইপিং'
08-26 17:10:41.037 D/BangluIME(30453): voice: raw partial='আমি ভয়েস টাইপিং টেস্ট করতেছি চেক করার জন্য যে ভয়েস টাইপিং কতটা' -> owed='আমি ভয়েস টাইপিং টেস্ট করতেছি চেক করার জন্য যে ভয়েস টাইপিং কতটা' reset=false
08-26 17:10:41.037 D/BangluIME(30453): voice: partial='আমি ভয়েস টাইপিং টেস্ট করতেছি চেক করার জন্য যে ভয়েস টাইপিং কতটা'
08-26 17:10:41.155 D/BangluIME(30453): voice: raw partial='আমি ভয়েস টাইপিং টেস্ট করতেছি চেক করার জন্য যে ভয়েস টাইপিং কতটা' -> owed='আমি ভয়েস টাইপিং টেস্ট করতেছি চেক করার জন্য যে ভয়েস টাইপিং কতটা' reset=false
08-26 17:10:41.155 D/BangluIME(30453): voice: partial='আমি ভয়েস টাইপিং টেস্ট করতেছি চেক করার জন্য যে ভয়েস টাইপিং কতটা'
08-26 17:10:41.404 D/BangluIME(30453): voice: end
08-26 17:10:41.794 D/BangluIME(30453): voice: raw partial='আমি ভয়েস টাইপিং টেস্ট করতেছি চেক করার জন্য যে ভয়েস টাইপিং কতটা স্টাবল' -> owed='আমি ভয়েস টাইপিং টেস্ট করতেছি চেক করার জন্য যে ভয়েস টাইপিং কতটা স্টাবল' reset=false
08-26 17:10:41.794 D/BangluIME(30453): voice: partial='আমি ভয়েস টাইপিং টেস্ট করতেছি চেক করার জন্য যে ভয়েস টাইপিং কতটা স্টাবল'
08-26 17:10:42.906 D/BangluIME(30453): voice: idle 1500ms after speech — ending session early
08-26 17:10:42.906 D/BangluIME(30453): voice: pause commit — ending this session for a fresh one
08-26 17:10:43.006 D/BangluIME(30453): voice: raw results n=0 first=''
08-26 17:10:43.006 D/BangluIME(30453): voice: session ended by pause commit (results) — fresh session
08-26 17:10:43.264 D/BangluIME(30453): onVoiceInput: startListening bn-BD offline=false
08-26 17:10:43.436 D/BangluIME(30453): voice: ready
08-26 17:10:44.214 D/BangluIME(30453): voice: deferred punctuation '।'
08-26 17:10:45.340 D/BangluIME(30453): voice: beginning
08-26 17:10:45.948 D/BangluIME(30453): voice: raw partial='' -> owed='' reset=false
08-26 17:10:46.123 D/BangluIME(30453): voice: raw partial='' -> owed='' reset=false
08-26 17:10:46.505 D/BangluIME(30453): voice: raw partial='না' -> owed='না' reset=false
08-26 17:10:46.505 D/BangluIME(30453): voice: partial='না'
08-26 17:10:46.681 D/BangluIME(30453): voice: raw partial='না তুমি' -> owed='না তুমি' reset=false
08-26 17:10:46.681 D/BangluIME(30453): voice: partial='না তুমি'
08-26 17:10:47.069 D/BangluIME(30453): voice: raw partial='না তুমি' -> owed='না তুমি' reset=false
08-26 17:10:47.070 D/BangluIME(30453): voice: partial='না তুমি'
08-26 17:10:47.148 D/BangluIME(30453): voice: raw partial='না তুমি এখন' -> owed='না তুমি এখন' reset=false
08-26 17:10:47.148 D/BangluIME(30453): voice: partial='না তুমি এখন'
08-26 17:10:47.586 D/BangluIME(30453): voice: raw partial='না তুমি এখন' -> owed='না তুমি এখন' reset=false
08-26 17:10:47.586 D/BangluIME(30453): voice: partial='না তুমি এখন'
08-26 17:10:47.668 D/BangluIME(30453): voice: raw partial='না তুমি এখন বাইরে' -> owed='না তুমি এখন বাইরে' reset=false
08-26 17:10:47.668 D/BangluIME(30453): voice: partial='না তুমি এখন বাইরে'
08-26 17:10:47.787 D/BangluIME(30453): voice: raw partial='না তুমি এখন বাইরে' -> owed='না তুমি এখন বাইরে' reset=false
08-26 17:10:47.787 D/BangluIME(30453): voice: partial='না তুমি এখন বাইরে'
08-26 17:10:48.348 D/BangluIME(30453): voice: end
08-26 17:10:48.744 D/BangluIME(30453): voice: raw partial='না তুমি এখন বাইরে যাবে না' -> owed='না তুমি এখন বাইরে যাবে না' reset=false
08-26 17:10:48.744 D/BangluIME(30453): voice: partial='না তুমি এখন বাইরে যাবে না'
08-26 17:10:49.896 D/BangluIME(30453): voice: idle 1500ms after speech — ending session early
08-26 17:10:49.896 D/BangluIME(30453): voice: pause commit — ending this session for a fresh one
08-26 17:10:50.001 D/BangluIME(30453): voice: raw results n=0 first=''
08-26 17:10:50.001 D/BangluIME(30453): voice: session ended by pause commit (results) — fresh session
08-26 17:10:50.257 D/BangluIME(30453): onVoiceInput: startListening bn-BD offline=false
08-26 17:10:50.386 D/BangluIME(30453): voice: ready
08-26 17:10:50.967 D/BangluIME(30453): voice: beginning
08-26 17:10:50.983 D/BangluIME(30453): voice: deferred punctuation ','
08-26 17:10:51.406 D/BangluIME(30453): voice: raw partial='' -> owed='' reset=false
08-26 17:10:51.916 D/BangluIME(30453): voice: raw partial='' -> owed='' reset=false
08-26 17:10:51.974 D/BangluIME(30453): voice: raw partial='এখন' -> owed='এখন' reset=false
08-26 17:10:51.974 D/BangluIME(30453): voice: partial='এখন'
08-26 17:10:52.298 D/BangluIME(30453): voice: raw partial='এখন' -> owed='এখন' reset=false
08-26 17:10:52.298 D/BangluIME(30453): voice: partial='এখন'
08-26 17:10:52.566 D/BangluIME(30453): voice: raw partial='এখন বাইরে' -> owed='এখন বাইরে' reset=false
08-26 17:10:52.567 D/BangluIME(30453): voice: partial='এখন বাইরে'
08-26 17:10:52.745 D/BangluIME(30453): voice: raw partial='এখন বাইরে' -> owed='এখন বাইরে' reset=false
08-26 17:10:52.745 D/BangluIME(30453): voice: partial='এখন বাইরে'
08-26 17:10:52.879 D/BangluIME(30453): voice: raw partial='এখন বাইরে যাওয়ার' -> owed='এখন বাইরে যাওয়ার' reset=false
08-26 17:10:52.879 D/BangluIME(30453): voice: partial='এখন বাইরে যাওয়ার'
08-26 17:10:52.932 D/BangluIME(30453): voice: raw partial='এখন বাইরে যাওয়ার' -> owed='এখন বাইরে যাওয়ার' reset=false
08-26 17:10:52.932 D/BangluIME(30453): voice: partial='এখন বাইরে যাওয়ার'
08-26 17:10:53.458 D/BangluIME(30453): voice: end
08-26 17:10:53.838 D/BangluIME(30453): voice: raw partial='এখন বাইরে যাওয়ার সময় না' -> owed='এখন বাইরে যাওয়ার সময় না' reset=false
08-26 17:10:53.838 D/BangluIME(30453): voice: partial='এখন বাইরে যাওয়ার সময় না'
08-26 17:10:55.003 D/BangluIME(30453): voice: idle 1500ms after speech — ending session early
08-26 17:10:55.003 D/BangluIME(30453): voice: pause commit — ending this session for a fresh one
08-26 17:10:55.114 D/BangluIME(30453): voice: raw results n=0 first=''
08-26 17:10:55.114 D/BangluIME(30453): voice: session ended by pause commit (results) — fresh session
08-26 17:10:55.412 D/BangluIME(30453): onVoiceInput: startListening bn-BD offline=false
08-26 17:10:55.564 D/BangluIME(30453): voice: ready
08-26 17:10:56.305 D/BangluIME(30453): voice: deferred punctuation '।'
08-26 17:10:57.777 D/BangluIME(30453): voice: beginning
08-26 17:10:58.175 D/BangluIME(30453): voice: raw partial='' -> owed='' reset=false
08-26 17:10:58.257 D/BangluIME(30453): voice: raw partial='' -> owed='' reset=false
08-26 17:10:58.377 D/BangluIME(30453): voice: raw partial='' -> owed='' reset=false
08-26 17:10:58.509 D/BangluIME(30453): voice: raw partial='' -> owed='' reset=false
08-26 17:10:58.634 D/BangluIME(30453): voice: raw partial='' -> owed='' reset=false
08-26 17:10:58.943 D/BangluIME(30453): voice: end
08-26 17:10:59.331 D/BangluIME(30453): voice: raw partial='ইরাবতী' -> owed='ইরাবতী' reset=false
08-26 17:10:59.331 D/BangluIME(30453): voice: partial='ইরাবতী'
08-26 17:11:00.446 D/BangluIME(30453): voice: idle 1500ms after speech — ending session early
08-26 17:11:00.448 D/BangluIME(30453): voice: pause commit — ending this session for a fresh one
08-26 17:11:00.588 D/BangluIME(30453): voice: raw results n=0 first=''
08-26 17:11:00.588 D/BangluIME(30453): voice: session ended by pause commit (results) — fresh session
08-26 17:11:00.905 D/BangluIME(30453): onVoiceInput: startListening bn-BD offline=false
08-26 17:11:01.062 D/BangluIME(30453): voice: ready
08-26 17:11:01.487 D/BangluIME(30453): voice: beginning
08-26 17:11:01.491 D/BangluIME(30453): voice: deferred punctuation ','
08-26 17:11:01.965 D/BangluIME(30453): voice: raw partial='' -> owed='' reset=false
08-26 17:11:02.328 D/BangluIME(30453): voice: raw partial='' -> owed='' reset=false
08-26 17:11:02.596 D/BangluIME(30453): voice: raw partial='' -> owed='' reset=false
08-26 17:11:02.597 D/BangluIME(30453): voice: raw partial='এখন' -> owed='এখন' reset=false
08-26 17:11:02.597 D/BangluIME(30453): voice: partial='এখন'
08-26 17:11:02.649 D/BangluIME(30453): voice: raw partial='এখন' -> owed='এখন' reset=false
08-26 17:11:02.649 D/BangluIME(30453): voice: partial='এখন'
08-26 17:11:02.767 D/BangluIME(30453): voice: raw partial='এখন' -> owed='এখন' reset=false
08-26 17:11:02.767 D/BangluIME(30453): voice: partial='এখন'
08-26 17:11:02.919 D/BangluIME(30453): voice: raw partial='এখন বাইরে' -> owed='এখন বাইরে' reset=false
08-26 17:11:02.919 D/BangluIME(30453): voice: partial='এখন বাইরে'
08-26 17:11:02.969 D/BangluIME(30453): voice: raw partial='এখন বাইরে' -> owed='এখন বাইরে' reset=false
08-26 17:11:02.969 D/BangluIME(30453): voice: partial='এখন বাইরে'
08-26 17:11:03.224 D/BangluIME(30453): voice: end
08-26 17:11:03.665 D/BangluIME(30453): voice: raw partial='এখন বাইরে যেও না মা' -> owed='এখন বাইরে যেও না মা' reset=false
08-26 17:11:03.666 D/BangluIME(30453): voice: partial='এখন বাইরে যেও না মা'
08-26 17:11:04.779 D/BangluIME(30453): voice: idle 1500ms after speech — ending session early
08-26 17:11:04.779 D/BangluIME(30453): voice: pause commit — ending this session for a fresh one
08-26 17:11:04.889 D/BangluIME(30453): voice: raw results n=0 first=''
08-26 17:11:04.889 D/BangluIME(30453): voice: session ended by pause commit (results) — fresh session
08-26 17:11:05.145 D/BangluIME(30453): onVoiceInput: startListening bn-BD offline=false
08-26 17:11:05.284 D/BangluIME(30453): voice: ready
08-26 17:11:05.695 D/BangluIME(30453): voice: beginning
08-26 17:11:05.699 D/BangluIME(30453): voice: deferred punctuation ','
08-26 17:11:06.164 D/BangluIME(30453): voice: raw partial='' -> owed='' reset=false
08-26 17:11:06.803 D/BangluIME(30453): voice: raw partial='' -> owed='' reset=false
08-26 17:11:06.816 D/BangluIME(30453): voice: raw partial='বাইরে' -> owed='বাইরে' reset=false
08-26 17:11:06.816 D/BangluIME(30453): voice: partial='বাইরে'
08-26 17:11:07.373 D/BangluIME(30453): voice: raw partial='বাইরে' -> owed='বাইরে' reset=false
08-26 17:11:07.373 D/BangluIME(30453): voice: partial='বাইরে'
08-26 17:11:07.391 D/BangluIME(30453): voice: raw partial='বাইরে যাবে' -> owed='বাইরে যাবে' reset=false
08-26 17:11:07.391 D/BangluIME(30453): voice: partial='বাইরে যাবে'
08-26 17:11:07.534 D/BangluIME(30453): voice: raw partial='বাইরে যাবে' -> owed='বাইরে যাবে' reset=false
08-26 17:11:07.534 D/BangluIME(30453): voice: partial='বাইরে যাবে'
08-26 17:11:07.714 D/BangluIME(30453): voice: raw partial='বাইরে যাবে' -> owed='বাইরে যাবে' reset=false
08-26 17:11:07.714 D/BangluIME(30453): voice: partial='বাইরে যাবে'
08-26 17:11:08.088 D/BangluIME(30453): voice: raw partial='বাইরে যাবে ছয়টা' -> owed='বাইরে যাবে ছয়টা' reset=false
08-26 17:11:08.088 D/BangluIME(30453): voice: partial='বাইরে যাবে ছয়টা'
08-26 17:11:08.225 D/BangluIME(30453): voice: raw partial='বাইরে যাবে ছয়টা' -> owed='বাইরে যাবে ছয়টা' reset=false
08-26 17:11:08.225 D/BangluIME(30453): voice: partial='বাইরে যাবে ছয়টা'
08-26 17:11:08.305 D/BangluIME(30453): voice: raw partial='বাইরে যাবে ছয়টা অথবা' -> owed='বাইরে যাবে ছয়টা অথবা' reset=false
08-26 17:11:08.305 D/BangluIME(30453): voice: partial='বাইরে যাবে ছয়টা অথবা'
08-26 17:11:08.409 D/BangluIME(30453): voice: raw partial='বাইরে যাবে ছয়টা অথবা' -> owed='বাইরে যাবে ছয়টা অথবা' reset=false
08-26 17:11:08.410 D/BangluIME(30453): voice: partial='বাইরে যাবে ছয়টা অথবা'
08-26 17:11:08.543 D/BangluIME(30453): voice: raw partial='বাইরে যাবে ছয়টা অথবা' -> owed='বাইরে যাবে ছয়টা অথবা' reset=false
08-26 17:11:08.543 D/BangluIME(30453): voice: partial='বাইরে যাবে ছয়টা অথবা'
08-26 17:11:08.592 D/BangluIME(30453): voice: raw partial='বাইরে যাবে ছয়টা অথবা' -> owed='বাইরে যাবে ছয়টা অথবা' reset=false
08-26 17:11:08.592 D/BangluIME(30453): voice: partial='বাইরে যাবে ছয়টা অথবা'
08-26 17:11:08.732 D/BangluIME(30453): voice: raw partial='বাইরে যাবে ছয়টা অথবা' -> owed='বাইরে যাবে ছয়টা অথবা' reset=false
08-26 17:11:08.732 D/BangluIME(30453): voice: partial='বাইরে যাবে ছয়টা অথবা'
08-26 17:11:08.995 D/BangluIME(30453): voice: raw partial='বাইরে যাবে ছয়টা অথবা' -> owed='বাইরে যাবে ছয়টা অথবা' reset=false
08-26 17:11:08.995 D/BangluIME(30453): voice: partial='বাইরে যাবে ছয়টা অথবা'
08-26 17:11:09.180 D/BangluIME(30453): voice: raw partial='বাইরে যাবে ছয়টা অথবা সাড়ে ছয়টার' -> owed='বাইরে যাবে ছয়টা অথবা সাড়ে ছয়টার' reset=false
08-26 17:11:09.180 D/BangluIME(30453): voice: partial='বাইরে যাবে ছয়টা অথবা সাড়ে ছয়টার'
08-26 17:11:09.313 D/BangluIME(30453): voice: raw partial='বাইরে যাবে ছয়টা অথবা সাড়ে ছয়টার দিকে' -> owed='বাইরে যাবে ছয়টা অথবা সাড়ে ছয়টার দিকে' reset=false
08-26 17:11:09.313 D/BangluIME(30453): voice: partial='বাইরে যাবে ছয়টা অথবা সাড়ে ছয়টার দিকে'
08-26 17:11:09.366 D/BangluIME(30453): voice: raw partial='বাইরে যাবে ছয়টা অথবা সাড়ে ছয়টার দিকে' -> owed='বাইরে যাবে ছয়টা অথবা সাড়ে ছয়টার দিকে' reset=false
08-26 17:11:09.366 D/BangluIME(30453): voice: partial='বাইরে যাবে ছয়টা অথবা সাড়ে ছয়টার দিকে'
08-26 17:11:09.484 D/BangluIME(30453): voice: raw partial='বাইরে যাবে ছয়টা অথবা সাড়ে ছয়টার দিকে' -> owed='বাইরে যাবে ছয়টা অথবা সাড়ে ছয়টার দিকে' reset=false
08-26 17:11:09.484 D/BangluIME(30453): voice: partial='বাইরে যাবে ছয়টা অথবা সাড়ে ছয়টার দিকে'
08-26 17:11:09.623 D/BangluIME(30453): voice: raw partial='বাইরে যাবে ছয়টা অথবা সাড়ে ছয়টার দিকে তোমার' -> owed='বাইরে যাবে ছয়টা অথবা সাড়ে ছয়টার দিকে তোমার' reset=false
08-26 17:11:09.623 D/BangluIME(30453): voice: partial='বাইরে যাবে ছয়টা অথবা সাড়ে ছয়টার দিকে তোমার'
08-26 17:11:09.687 D/BangluIME(30453): voice: raw partial='বাইরে যাবে ছয়টা অথবা সাড়ে ছয়টার দিকে তোমার' -> owed='বাইরে যাবে ছয়টা অথবা সাড়ে ছয়টার দিকে তোমার' reset=false
08-26 17:11:09.687 D/BangluIME(30453): voice: partial='বাইরে যাবে ছয়টা অথবা সাড়ে ছয়টার দিকে তোমার'
08-26 17:11:10.067 D/BangluIME(30453): voice: end
08-26 17:11:10.458 D/BangluIME(30453): voice: raw partial='বাইরে যাবে ছয়টা অথবা সাড়ে ছয়টার দিকে তোমার আম্মুর সাথে' -> owed='বাইরে যাবে ছয়টা অথবা সাড়ে ছয়টার দিকে তোমার আম্মুর সাথে' reset=false
08-26 17:11:10.458 D/BangluIME(30453): voice: partial='বাইরে যাবে ছয়টা অথবা সাড়ে ছয়টার দিকে তোমার আম্মুর সাথে'
08-26 17:11:11.569 D/BangluIME(30453): voice: idle 1500ms after speech — ending session early
08-26 17:11:11.569 D/BangluIME(30453): voice: pause commit — ending this session for a fresh one
08-26 17:11:11.658 D/BangluIME(30453): voice: raw results n=0 first=''
08-26 17:11:11.658 D/BangluIME(30453): voice: session ended by pause commit (results) — fresh session
08-26 17:11:11.915 D/BangluIME(30453): onVoiceInput: startListening bn-BD offline=false
08-26 17:11:12.033 D/BangluIME(30453): voice: ready
08-26 17:11:12.871 D/BangluIME(30453): voice: deferred punctuation '।'
08-26 17:11:14.454 D/BangluIME(30453): voice: beginning
08-26 17:11:15.294 D/BangluIME(30453): voice: end
08-26 17:11:15.736 D/BangluIME(30453): voice: raw partial='' -> owed='' reset=false
08-26 17:11:16.834 D/BangluIME(30453): voice: idle 1500ms after speech — ending session early
08-26 17:11:16.834 D/BangluIME(30453): voice: pause commit — ending this session for a fresh one
08-26 17:11:16.949 D/BangluIME(30453): voice: error=7
08-26 17:11:16.950 D/BangluIME(30453): voice: session ended by pause commit (error=7) — fresh session
08-26 17:11:17.205 D/BangluIME(30453): onVoiceInput: startListening bn-BD offline=false
08-26 17:11:17.360 D/BangluIME(30453): voice: ready
08-26 17:11:20.153 D/BangluIME(30453): voice: beginning
08-26 17:11:21.220 D/BangluIME(30453): voice: end
08-26 17:11:21.695 D/BangluIME(30453): voice: raw partial='' -> owed='' reset=false
08-26 17:11:22.260 D/BangluIME(30453): voice: beginning
08-26 17:11:22.515 D/BangluIME(30453): voice: raw partial='' -> owed='' reset=false
08-26 17:11:23.013 D/BangluIME(30453): voice: end
08-26 17:11:23.403 D/BangluIME(30453): voice: raw partial='হ্যালো' -> owed='হ্যালো' reset=false
08-26 17:11:23.404 D/BangluIME(30453): voice: partial='হ্যালো'
08-26 17:11:23.857 D/BangluIME(30453): voice: beginning
08-26 17:11:24.054 D/BangluIME(30453): voice: raw partial='' -> owed='' reset=false
08-26 17:11:24.628 D/BangluIME(30453): voice: end
08-26 17:11:25.012 D/BangluIME(30453): voice: raw partial='হ্যালো' -> owed='হ্যালো' reset=false
08-26 17:11:25.012 D/BangluIME(30453): voice: partial='হ্যালো'
08-26 17:11:26.131 D/BangluIME(30453): voice: idle 1500ms after speech — ending session early
08-26 17:11:26.132 D/BangluIME(30453): voice: pause commit — ending this session for a fresh one
08-26 17:11:26.221 D/BangluIME(30453): voice: beginning
08-26 17:11:26.221 D/BangluIME(30453): voice: measured pause commit mark=',' pauseMs=1593 text='হ্যালো'
08-26 17:11:26.271 D/BangluIME(30453): voice: raw partial='' -> owed='' reset=false
08-26 17:11:26.271 D/BangluIME(30453): voice: raw results n=0 first=''
08-26 17:11:26.272 D/BangluIME(30453): voice: session ended by pause commit (results) — fresh session
08-26 17:11:26.526 D/BangluIME(30453): onVoiceInput: startListening bn-BD offline=false
08-26 17:11:26.653 D/BangluIME(30453): voice: ready
08-26 17:11:27.084 D/BangluIME(30453): voice: beginning
08-26 17:11:27.676 D/BangluIME(30453): voice: raw partial='' -> owed='' reset=false
08-26 17:11:27.872 D/BangluIME(30453): voice: raw partial='' -> owed='' reset=false
08-26 17:11:28.134 D/BangluIME(30453): voice: raw partial='' -> owed='' reset=false
08-26 17:11:28.259 D/BangluIME(30453): voice: raw partial='এখন' -> owed='এখন' reset=false
08-26 17:11:28.259 D/BangluIME(30453): voice: partial='এখন'
08-26 17:11:28.369 D/BangluIME(30453): voice: raw partial='এখন' -> owed='এখন' reset=false
08-26 17:11:28.369 D/BangluIME(30453): voice: partial='এখন'
08-26 17:11:28.650 D/BangluIME(30453): voice: raw partial='এখন' -> owed='এখন' reset=false
08-26 17:11:28.650 D/BangluIME(30453): voice: partial='এখন'
08-26 17:11:28.651 D/BangluIME(30453): voice: raw partial='এখন ভালোভাবে' -> owed='এখন ভালোভাবে' reset=false
08-26 17:11:28.651 D/BangluIME(30453): voice: partial='এখন ভালোভাবে'
08-26 17:11:29.084 D/BangluIME(30453): voice: end
08-26 17:11:29.479 D/BangluIME(30453): voice: raw partial='এখন ভালোভাবে পিক হচ্ছে' -> owed='এখন ভালোভাবে পিক হচ্ছে' reset=false
08-26 17:11:29.479 D/BangluIME(30453): voice: partial='এখন ভালোভাবে পিক হচ্ছে'
08-26 17:11:30.585 D/BangluIME(30453): voice: idle 1500ms after speech — ending session early
08-26 17:11:30.586 D/BangluIME(30453): voice: pause commit — ending this session for a fresh one
08-26 17:11:30.697 D/BangluIME(30453): voice: raw results n=0 first=''
08-26 17:11:30.698 D/BangluIME(30453): voice: session ended by pause commit (results) — fresh session
08-26 17:11:30.958 D/BangluIME(30453): onVoiceInput: startListening bn-BD offline=false
08-26 17:11:31.055 D/BangluIME(30453): voice: ready
08-26 17:11:31.889 D/BangluIME(30453): voice: deferred punctuation '।'
08-26 17:11:32.005 D/BangluIME(30453): voice: beginning
08-26 17:11:32.308 D/BangluIME(30453): voice: raw partial='' -> owed='' reset=false
08-26 17:11:32.575 D/BangluIME(30453): voice: raw partial='' -> owed='' reset=false
08-26 17:11:32.895 D/BangluIME(30453): voice: raw partial='মনে' -> owed='মনে' reset=false
08-26 17:11:32.895 D/BangluIME(30453): voice: partial='মনে'
08-26 17:11:33.071 D/BangluIME(30453): voice: raw partial='মনে' -> owed='মনে' reset=false
08-26 17:11:33.071 D/BangluIME(30453): voice: partial='মনে'
08-26 17:11:33.219 D/BangluIME(30453): voice: raw partial='মনে হচ্ছে' -> owed='মনে হচ্ছে' reset=false
08-26 17:11:33.220 D/BangluIME(30453): voice: partial='মনে হচ্ছে'
08-26 17:11:33.334 D/BangluIME(30453): voice: raw partial='মনে হচ্ছে' -> owed='মনে হচ্ছে' reset=false
08-26 17:11:33.334 D/BangluIME(30453): voice: partial='মনে হচ্ছে'
08-26 17:11:33.646 D/BangluIME(30453): voice: raw partial='মনে হচ্ছে এখন' -> owed='মনে হচ্ছে এখন' reset=false
08-26 17:11:33.646 D/BangluIME(30453): voice: partial='মনে হচ্ছে এখন'
08-26 17:11:33.800 D/BangluIME(30453): voice: raw partial='মনে হচ্ছে এখন' -> owed='মনে হচ্ছে এখন' reset=false
08-26 17:11:33.800 D/BangluIME(30453): voice: partial='মনে হচ্ছে এখন'
08-26 17:11:33.927 D/BangluIME(30453): voice: raw partial='মনে হচ্ছে এখন একটু' -> owed='মনে হচ্ছে এখন একটু' reset=false
08-26 17:11:33.928 D/BangluIME(30453): voice: partial='মনে হচ্ছে এখন একটু'
08-26 17:11:34.165 D/BangluIME(30453): voice: end
08-26 17:11:34.553 D/BangluIME(30453): voice: raw partial='মনে হচ্ছে এখন একটু স্টাবল' -> owed='মনে হচ্ছে এখন একটু স্টাবল' reset=false
08-26 17:11:34.553 D/BangluIME(30453): voice: partial='মনে হচ্ছে এখন একটু স্টাবল'
08-26 17:11:35.678 D/BangluIME(30453): voice: idle 1500ms after speech — ending session early
08-26 17:11:35.679 D/BangluIME(30453): voice: pause commit — ending this session for a fresh one
08-26 17:11:35.795 D/BangluIME(30453): voice: raw results n=0 first=''
08-26 17:11:35.796 D/BangluIME(30453): voice: session ended by pause commit (results) — fresh session
08-26 17:11:36.074 D/BangluIME(30453): onVoiceInput: startListening bn-BD offline=false
08-26 17:11:36.218 D/BangluIME(30453): voice: ready
08-26 17:11:36.604 D/BangluIME(30453): voice: beginning
08-26 17:11:36.606 D/BangluIME(30453): voice: deferred punctuation ','
08-26 17:11:37.078 D/BangluIME(30453): voice: raw partial='' -> owed='' reset=false
08-26 17:11:37.208 D/BangluIME(30453): voice: raw partial='' -> owed='' reset=false
08-26 17:11:37.257 D/BangluIME(30453): voice: raw partial='' -> owed='' reset=false
08-26 17:11:37.452 D/BangluIME(30453): voice: raw partial='' -> owed='' reset=false
08-26 17:11:37.458 D/BangluIME(30453): voice: raw partial='' -> owed='' reset=false
08-26 17:11:37.718 D/BangluIME(30453): voice: raw partial='তো' -> owed='তো' reset=false
08-26 17:11:37.718 D/BangluIME(30453): voice: partial='তো'
08-26 17:11:38.093 D/BangluIME(30453): voice: end
08-26 17:11:38.495 D/BangluIME(30453): voice: raw partial='তো রিপিট কি হচ্ছে' -> owed='তো রিপিট কি হচ্ছে' reset=false
08-26 17:11:38.495 D/BangluIME(30453): voice: partial='তো রিপিট কি হচ্ছে'
08-26 17:11:39.628 D/BangluIME(30453): voice: idle 1500ms after speech — ending session early
08-26 17:11:39.629 D/BangluIME(30453): voice: pause commit — ending this session for a fresh one
08-26 17:11:39.722 D/BangluIME(30453): voice: raw results n=0 first=''
08-26 17:11:39.722 D/BangluIME(30453): voice: session ended by pause commit (results) — fresh session
08-26 17:11:39.979 D/BangluIME(30453): onVoiceInput: startListening bn-BD offline=false
08-26 17:11:40.132 D/BangluIME(30453): voice: ready
08-26 17:11:40.543 D/BangluIME(30453): voice: beginning
08-26 17:11:40.546 D/BangluIME(30453): voice: deferred punctuation ','
08-26 17:11:41.253 D/BangluIME(30453): voice: raw partial='' -> owed='' reset=false
08-26 17:11:41.434 D/BangluIME(30453): voice: raw partial='' -> owed='' reset=false
08-26 17:11:41.581 D/BangluIME(30453): voice: raw partial='' -> owed='' reset=false
08-26 17:11:41.762 D/BangluIME(30453): voice: raw partial='' -> owed='' reset=false
08-26 17:11:42.082 D/BangluIME(30453): voice: raw partial='' -> owed='' reset=false
08-26 17:11:42.141 D/BangluIME(30453): voice: raw partial='repet' -> owed='repet' reset=false
08-26 17:11:42.141 D/BangluIME(30453): voice: partial='repet'
08-26 17:11:42.400 D/BangluIME(30453): voice: raw partial='repet কি' -> owed='repet কি' reset=false
08-26 17:11:42.400 D/BangluIME(30453): voice: partial='repet কি'
08-26 17:11:42.712 D/BangluIME(30453): voice: end
08-26 17:11:43.095 D/BangluIME(30453): voice: raw partial='repet কি হচ্ছে' -> owed='repet কি হচ্ছে' reset=false
08-26 17:11:43.095 D/BangluIME(30453): voice: partial='repet কি হচ্ছে'
08-26 17:11:43.874 D/BangluIME(30453): voice: beginning
08-26 17:11:44.222 D/BangluIME(30453): voice: raw partial='' -> owed='' reset=false
08-26 17:11:44.766 D/BangluIME(30453): voice: end
08-26 17:11:45.159 D/BangluIME(30453): voice: raw partial='কিন্তু' -> owed='কিন্তু' reset=true
08-26 17:11:45.159 D/BangluIME(30453): voice: recognizer reset — sealing live segment mark=' ' pauseMs=393 live='রেপেত কি হচ্ছে রিট কি হচ্ছে'
08-26 17:11:45.166 D/BangluIME(30453): voice: partial='কিন্তু'
08-26 17:11:46.271 D/BangluIME(30453): voice: idle 1500ms after speech — ending session early
08-26 17:11:46.271 D/BangluIME(30453): voice: pause commit — ending this session for a fresh one
08-26 17:11:46.372 D/BangluIME(30453): voice: raw results n=0 first=''
08-26 17:11:46.372 D/BangluIME(30453): voice: session ended by pause commit (results) — fresh session
08-26 17:11:46.630 D/BangluIME(30453): onVoiceInput: startListening bn-BD offline=false
08-26 17:11:46.759 D/BangluIME(30453): voice: ready
08-26 17:11:47.571 D/BangluIME(30453): voice: deferred punctuation '।'
08-26 17:11:47.761 D/BangluIME(30453): voice: beginning
08-26 17:11:47.952 D/BangluIME(30453): voice: raw partial='' -> owed='' reset=false
08-26 17:11:48.598 D/BangluIME(30453): voice: raw partial='কিন্তু' -> owed='কিন্তু' reset=false
08-26 17:11:48.599 D/BangluIME(30453): voice: partial='কিন্তু'
08-26 17:11:48.865 D/BangluIME(30453): voice: raw partial='কিন্তু' -> owed='কিন্তু' reset=false
08-26 17:11:48.865 D/BangluIME(30453): voice: partial='কিন্তু'
08-26 17:11:49.422 D/BangluIME(30453): voice: raw partial='কিন্তু কথাটা' -> owed='কিন্তু কথাটা' reset=false
08-26 17:11:49.422 D/BangluIME(30453): voice: partial='কিন্তু কথাটা'
08-26 17:11:49.493 D/BangluIME(30453): voice: raw partial='কিন্তু কথাটা' -> owed='কিন্তু কথাটা' reset=false
08-26 17:11:49.494 D/BangluIME(30453): voice: partial='কিন্তু কথাটা'
08-26 17:11:49.566 D/BangluIME(30453): voice: raw partial='কিন্তু কথাটা' -> owed='কিন্তু কথাটা' reset=false
08-26 17:11:49.566 D/BangluIME(30453): voice: partial='কিন্তু কথাটা'
08-26 17:11:49.741 D/BangluIME(30453): voice: raw partial='কিন্তু কথাটা' -> owed='কিন্তু কথাটা' reset=false
08-26 17:11:49.741 D/BangluIME(30453): voice: partial='কিন্তু কথাটা'
08-26 17:11:50.139 D/BangluIME(30453): voice: end
08-26 17:11:50.517 D/BangluIME(30453): voice: raw partial='কিন্তু কথাটা আসতেছে না' -> owed='কিন্তু কথাটা আসতেছে না' reset=false
08-26 17:11:50.517 D/BangluIME(30453): voice: partial='কিন্তু কথাটা আসতেছে না'
08-26 17:11:51.640 D/BangluIME(30453): voice: idle 1500ms after speech — ending session early
08-26 17:11:51.640 D/BangluIME(30453): voice: pause commit — ending this session for a fresh one
08-26 17:11:51.726 D/BangluIME(30453): voice: raw results n=0 first=''
08-26 17:11:51.726 D/BangluIME(30453): voice: session ended by pause commit (results) — fresh session
08-26 17:11:52.014 D/BangluIME(30453): onVoiceInput: startListening bn-BD offline=false
08-26 17:11:52.095 D/BangluIME(30453): voice: ready
08-26 17:11:52.974 D/BangluIME(30453): voice: deferred punctuation '।'
08-26 17:11:53.479 D/BangluIME(30453): voice: beginning
08-26 17:11:53.804 D/BangluIME(30453): voice: raw partial='' -> owed='' reset=false
08-26 17:11:54.260 D/BangluIME(30453): voice: raw partial='' -> owed='' reset=false
08-26 17:11:54.371 D/BangluIME(30453): voice: raw partial='কথা' -> owed='কথা' reset=false
08-26 17:11:54.372 D/BangluIME(30453): voice: partial='কথা'
08-26 17:11:54.459 D/BangluIME(30453): voice: raw partial='কথা' -> owed='কথা' reset=false
08-26 17:11:54.459 D/BangluIME(30453): voice: partial='কথা'
08-26 17:11:54.907 D/BangluIME(30453): voice: raw partial='কথা' -> owed='কথা' reset=false
08-26 17:11:54.907 D/BangluIME(30453): voice: partial='কথা'
08-26 17:11:55.087 D/BangluIME(30453): voice: raw partial='কথা ভালোভাবে' -> owed='কথা ভালোভাবে' reset=false
08-26 17:11:55.087 D/BangluIME(30453): voice: partial='কথা ভালোভাবে'
08-26 17:11:55.287 D/BangluIME(30453): voice: raw partial='কথা ভালোভাবে' -> owed='কথা ভালোভাবে' reset=false
08-26 17:11:55.288 D/BangluIME(30453): voice: partial='কথা ভালোভাবে'
08-26 17:11:55.484 D/BangluIME(30453): voice: raw partial='কথা ভালোভাবে বললে' -> owed='কথা ভালোভাবে বললে' reset=false
08-26 17:11:55.484 D/BangluIME(30453): voice: partial='কথা ভালোভাবে বললে'
08-26 17:11:56.043 D/BangluIME(30453): voice: end
08-26 17:11:56.442 D/BangluIME(30453): voice: raw partial='কথা ভালোভাবে বললে কাজ হচ্ছে' -> owed='কথা ভালোভাবে বললে কাজ হচ্ছে' reset=false
08-26 17:11:56.442 D/BangluIME(30453): voice: partial='কথা ভালোভাবে বললে কাজ হচ্ছে'
08-26 17:11:57.546 D/BangluIME(30453): voice: idle 1500ms after speech — ending session early
08-26 17:11:57.546 D/BangluIME(30453): voice: pause commit — ending this session for a fresh one
08-26 17:11:57.645 D/BangluIME(30453): voice: raw results n=0 first=''
08-26 17:11:57.646 D/BangluIME(30453): voice: session ended by pause commit (results) — fresh session
08-26 17:11:57.957 D/BangluIME(30453): onVoiceInput: startListening bn-BD offline=false
08-26 17:11:58.081 D/BangluIME(30453): voice: ready
08-26 17:11:58.851 D/BangluIME(30453): voice: deferred punctuation '।'
08-26 17:11:59.991 D/BangluIME(30453): ime: start_input_view buffer=0 voice=LISTENING
08-26 17:11:59.992 D/BangluIME(30453): inputSafety: raw=false private=false inputType=180225 imeOptions=1073741830
08-26 17:12:03.165 D/BangluIME(30453): voice: raw partial='' -> owed='' reset=false
08-26 17:12:03.166 D/BangluIME(30453): voice: error=7
08-26 17:12:03.818 D/BangluIME(30453): onVoiceInput: startListening bn-BD offline=false
08-26 17:12:03.939 D/BangluIME(30453): voice: ready
08-26 17:12:06.099 D/BangluIME(30453): stopVoiceInput: cancel=true state=LISTENING
08-26 17:12:06.157 D/BangluIME(30453): voice: error=5
08-26 17:12:06.157 D/BangluIME(30453): voice: error=5 after cancel, ignoring
