word	count	sources	reason	engine
কেওলিন	1	people+science	normalized_variant	কলিন
নছীম	13	people+places	already_resolves	নছীম
আথার	1	people	normalized_variant	আঠার
স্নায়ুবিদ	1	people	normalized_variant	স্নায়ুবিদ্যা
চীং	6	people+places	normalized_variant	চীন
লাভার্স	1	people	normalized_variant	লাভারস
শামসউল	5	people+places	normalized_variant	শামসুল
চুরুলিয়ার	1	people	already_resolves	চুরুলিয়ার
মুহাম্মদুল্লাহ	1	people	normalized_variant	মোহাম্মদুল্লাহ
জুনুনি	1	people	already_resolves	জুনুনি
মবিনউদ্দিন	1	people	normalized_variant	মইনউদ্দিন
নিউজিল্যান্ডীয়	1	people	normalized_variant	নিউজিল্যান্ড
মার্কিনী	1	people	already_resolves	মার্কিনী
সক্রিয়কর্মী	1	people	already_resolves	সক্রিয়কর্মী
বসুনীয়া	1	people+places	normalized_variant	বসুনিয়া
মোবিনুল	1	people	normalized_variant	মবিনুল
কুশারী	1	people	normalized_variant	কুশ্রী
মাশির	1	people	normalized_variant	মাসির
শানাজ	1	people	normalized_variant	শানা
ইনতেসার	1	people	already_resolves	ইনতেসার
আলিস	1	people	normalized_variant	লাইস
জাইমুল	1	people	normalized_variant	জামিউল
নাদিমুদ্দিন	1	people	normalized_variant	নাজিমুদ্দিন
মাইশুকুর	1	people	normalized_variant	মাইসুকুর
মাশরাফী	1	people+places	normalized_variant	মাশরাফিই
আভিষেক	1	people	normalized_variant	অভিষেক
রুয়েল	1	people	normalized_variant	রুয়ে
মুকিদুল	1	people+places	already_resolves	মুকিদুল
মেহেরব	1	people	normalized_variant	মেহের
অতিক	1	people	normalized_variant	ওটিকে
নিয়ামুর	1	people	normalized_variant	নিয়াম
শরিফুল্লাহ	1	people	normalized_variant	শরীফুল্লাহ
শাকিনুল	1	people	already_resolves	শাকিনুল
আরিফুরজ্জামান	1	people	already_resolves	আরিফুরজ্জামান
সাবিবুল	1	people	already_resolves	সাবিবুল
মাহেদী	1	people+places	normalized_variant	মাহ্দী
সাঘির	1	people	already_resolves	সাঘির
মুফাসির	1	people	normalized_variant	মুফাচ্ছির
ইশমা	1	people	already_resolves	ইশমা
খবিরুদ্দিন	1	people	normalized_variant	খবিরউদ্দিন
পাঁচবাগী	1	people	normalized_variant	পাঁচবাগ
শোভারানি	1	people	normalized_variant	শোভারানী
নেয়ামাতুল্লাহ	1	people	normalized_variant	নেয়ামতুল্লাহ
ফনীভূষণ	1	people	normalized_variant	ফণীভূষণ
খাঁজা	1	people	normalized_variant	খাজা
রবিনা	1	people	already_resolves	রবিনা
মন্ওয়ার	1	people	normalized_variant	মনোয়ার
মাসঊদ	1	people+places	normalized_variant	মাসউদ
আজহারী	1	people	already_resolves	আজহারী
মাশরেকী	1	people	normalized_variant	মাশরেক
এষ	1	people	normalized_variant	এস
শিবদাস	1	people	already_resolves	শিবদাস
অনম	1	people	normalized_variant	নোম
হবিবুল্লাহ	1	people	normalized_variant	হবীবুল্লাহ
করিমুন্নেসা	1	people	normalized_variant	করিমুন্নেছা
তাহেরন	1	people	already_resolves	তাহেরন
রহিমুন্নিসা	1	people	normalized_variant	রহিমুননেছা
নারমীন	1	people	normalized_variant	নারমিন
গুরুনাথ	1	people	already_resolves	গুরুনাথ
জমিরুদ্দীন	1	people	normalized_variant	জমিরুদ্দিন
নেয়ামাল	1	people	already_resolves	নেয়ামাল
ছটকু	1	people	normalized_variant	ছোটো
বান্নাহ	1	people	normalized_variant	হান্নাহ
আওকাত	1	people	already_resolves	আওকাত
শাওকী	1	people	normalized_variant	সাকী
মকসুদুস	1	people	already_resolves	মকসুদুস
জয়ীগিরদার	1	people	already_resolves	জয়ীগিরদার
তশনা	1	people	normalized_variant	তোশনা
ফালগুনী	1	people	normalized_variant	ফাল্গুনী
রাধাপদ	1	people+places	already_resolves	রাধাপদ
সেজুল	1	people	already_resolves	সেজুল
নানুপুরী	1	people	normalized_variant	নানুপুর
জালালাবাদী	1	people	normalized_variant	জালালাবাদ
কিসমতী	1	people	already_resolves	কিসমতী
ভূমেন্দ্র	1	people	already_resolves	ভূমেন্দ্র
ফিরদৌসী	1	people	already_resolves	ফিরদৌসী
মান্দ	1	people	normalized_variant	মান্দ্য
শায়না	1	people	normalized_variant	সায়না
মিসবাহুন	1	people	normalized_variant	মিসবাহ
রাফিয়াথ	1	people	already_resolves	রাফিয়াথ
সাদনিমা	1	people	already_resolves	সাদনিমা
ফারিণ	6	people+news	normalized_variant	ফারিন
নেহরিন	1	people	normalized_variant	নেহ্রীন
ফাযিল	67	places	normalized_variant	ফাজিল
ডাঃ	39	places+people	normalized_variant	দা
গৌড়স্থান	24	places	normalized_variant	গোরস্থান
বহুমূখী	16	places	already_resolves	বহুমূখী
চন্ডী	6	places	normalized_variant	চণ্ডী
মগিনি	2	places	normalized_variant	মগিনী
হরিণাকুন্ডু	7	places	normalized_variant	হরিণাকুণ্ডু
তেঘরীয়া	11	places	normalized_variant	তেঘরিয়া
নারায়নপুর	18	places+unions	normalized_variant	নারায়ণপুর
নৈয়ারী	1	places	normalized_variant	নিয়ার
পুরকুইল	10	places	already_resolves	পুরকুইল
মহিষকুন্ডি	39	places+unions	normalized_variant	মহিষকুণ্ডি
ভূজপূর	1	places	normalized_variant	ভূজপুর
পলাশকান্দি	1	places	normalized_variant	পলাশকান্দী
আমেরিক্যান	9	places	normalized_variant	আমেরিকান
জামিনপুর	7	places	already_resolves	জামিনপুর
বহলবাড়ীয়া	13	places+unions	normalized_variant	বহলবাড়িয়া
শালঘর	5	places	normalized_variant	সালঘর
মধুয়া	5	places	normalized_variant	মহুয়া
দতিনাখালী	1	places	already_resolves	দতিনাখালী
পরাগলপুর	1	places	already_resolves	পরাগলপুর
টিকইল	1	places	normalized_variant	টিকল
দেওতলা	1	places	normalized_variant	দোতলা
উমাজুরী	1	places	normalized_variant	উমাজুড়ি
পাংতুমাই	1	places	already_resolves	পাংতুমাই
বিছানাকান্দি	1	places	normalized_variant	বিছনাকান্দি
সিধলা	1	places+unions	already_resolves	সিধলা
লামচর	6	places	already_resolves	লামচর
কেপিজে	1	places	already_resolves	কেপিজে
লাউতলী	1	places	already_resolves	লাউতলী
আলিনগর	1	places	normalized_variant	আলীনগর
আ্যন্ড	1	places	normalized_variant	অ্যন্ড
স্মরনী	1	places	normalized_variant	স্মরণী
মোহবুল্লাহ	1	places	normalized_variant	মহিবুল্লাহ
আক্কেলপুরী	1	places	normalized_variant	আক্কেলপুর
রাহাতননেছা	1	places	already_resolves	রাহাতননেছা
মাহ্তাব	1	places	normalized_variant	মাহতাব
রুবেয়া	1	places	already_resolves	রুবেয়া
দত	7	places+people	normalized_variant	ডট
দারুচ্ছুন্নাত	1	places	normalized_variant	দারুচ্ছুন্নাহ
ইনজিনিয়ারিং	1	places	normalized_variant	ইঞ্জিনিয়ারিং
সাইন্স	5	places+people	already_resolves	সাইন্স
সিদ্দীকিয়া	1	places	normalized_variant	সিদ্দিকিয়া
নুমানিয়া	1	places	already_resolves	নুমানিয়া
ইকনমিক্স	1	places	normalized_variant	ইকোনমিক্স
সূয়াপুর	1	places	normalized_variant	সুয়াপুর
কাসেমিয়া	1	places	normalized_variant	কাশেমিয়া
সুসং	6	places	normalized_variant	সুসঙ্গ
নাঙ্গুলী	1	places	normalized_variant	নাঙ্গল
খন্ডল	10	places	normalized_variant	খোঁদল
করমজি	1	places	already_resolves	করমজি
স্কলাস্টিক	1	places	normalized_variant	স্কলাস্টিকা
রশীদিয়া	1	places	normalized_variant	রশিদিয়া
চরফ্যাসন	1	places	normalized_variant	চরফ্যাশন
জিন্নাগড়	1	places+unions	normalized_variant	জিন্নাহর
নুরীয়া	1	places	normalized_variant	নুরিয়া
বুনাগাতী	1	places+unions	normalized_variant	বুনাগাতি
হাঁসাড়া	1	places	normalized_variant	হাসাড়া
রেসিডেনসিয়্যাল	1	places	normalized_variant	রেসিডেনসিয়াল
রউফিয়া	1	places	normalized_variant	রহিয়া
আমিনিয়া	6	places	already_resolves	আমিনিয়া
বিল্লী	1	places	normalized_variant	বিলি
বারিন্দ	1	places	normalized_variant	বারিদ
ফাকল	1	places	normalized_variant	ফাঁক
জসমুদ্দিন	1	places	normalized_variant	জসিমুদ্দিন
বানিয়াগাঁতি	1	places	normalized_variant	বানিয়াগাতী
শেরখালী	1	places	normalized_variant	সাহেরখালী
বাদেদেওরাইল	1	places	already_resolves	বাদেদেওরাইল
বড়খাল	1	places	normalized_variant	বোরখা
সাদরা	1	places	normalized_variant	সাদর
হামীদিয়া	1	places	normalized_variant	হামিদিয়া
তানযীমুল	1	places	normalized_variant	তানজিমুল
মিছবাহুল	1	places	already_resolves	মিছবাহুল
উলূম	6	places	already_resolves	উলূম
করিমিয়া	1	places	normalized_variant	ক্রিমিয়া
বুজর্গ	1	places	normalized_variant	বুজুর্গ
পিয়ারিয়া	1	places	already_resolves	পিয়ারিয়া
কাদেরীয়া	1	places	normalized_variant	কাদেরিয়া
বয়রাট	1	places	normalized_variant	বয়রা
ছারছিনা	1	places	normalized_variant	ছাড়ছিনা
এনপিআই	1	places	normalized_variant	এনপি
ধীপুর	1	places	normalized_variant	দীপুর
বছিরননেছা	1	places	already_resolves	বছিরননেছা
আযহার	1	places	normalized_variant	আজহার
আফফান	1	places	already_resolves	আফফান
মুছলিম	1	places	already_resolves	মুছলিম
মৃত্তিকাবিজ্ঞানী	1	places	normalized_variant	মৃত্তিকাবিজ্ঞান
আজীমুদ্দীন	1	places	normalized_variant	আজিমুদ্দিন
হানাফী	1	places	already_resolves	হানাফী
জালিয়ার	1	places	already_resolves	জালিয়ার
ব্যাংডেপা	1	places	normalized_variant	ব্যাংদাহ
শিরীণ	1	places	normalized_variant	শিরীন
হামযাহ	1	places	normalized_variant	হামযা
তীর্থধাম	1	places	normalized_variant	তীর্থভূমি
পাঞ্জিরি	6	places+objects	normalized_variant	পাঁজির
চন্ডীমুড়া	1	places	normalized_variant	চণ্ডীমূড়া
চিতোড্ডা	1	places	normalized_variant	চিতড্ডা
ভাউকসার	8	places	already_resolves	ভাউকসার
রাজকালী	1	places	normalized_variant	রায়কালী
রূপবানী	1	places	already_resolves	রূপবানী
লতিকোট	1	places	normalized_variant	লতিকা
লধ	1	places	normalized_variant	লোধ
উদদিন	1	places	normalized_variant	উদদীন
এআরএম	1	places	normalized_variant	এআরএ
পীরজী	1	places	already_resolves	পীরজী
সফিকউল্লাহ	1	places	normalized_variant	শফিকউল্ল্যাহ
আমীমী	1	places	normalized_variant	আমিই
শাদাত	1	places	normalized_variant	শাদা
সত্যসাধন	1	places	normalized_variant	সত্যসাধক
সাক্কু	1	places	normalized_variant	সেক
চাদউইক	1	places	normalized_variant	চ্যাডউইক
আসেলা	1	places	normalized_variant	সেলা
গুণারত্নে	1	places	normalized_variant	গুনারত্নে
আসহার	1	places	normalized_variant	আশার
নারাইন	1	places	already_resolves	নারাইন
ডোয়েন	1	places	normalized_variant	ডয়েন
মানরো	1	places	normalized_variant	ম্যানর
মিরে	1	places	normalized_variant	মাইর
এভিন	1	places	already_resolves	এভিন
কৃষমার	1	places	normalized_variant	কারিশমার
স্যান্তোকি	1	places	normalized_variant	স্যান্তোস
বানিয়াকান্দী	1	places	already_resolves	বানিয়াকান্দী
গ্রামবার্ত্তা	1	places	normalized_variant	গ্রামবার্তা
তকবাক	1	places	already_resolves	তকবাক
তুয়ারি	1	places	already_resolves	তুয়ারি
মাইরাং	1	places	already_resolves	মাইরাং
তৈছামা	1	places	already_resolves	তৈছামা
তৈলাফাং	1	places	already_resolves	তৈলাফাং
পুখিরি	1	places	already_resolves	পুখিরি
তৈসা	1	places	normalized_variant	টয়সা
আনুচিং	1	places	already_resolves	আনুচিং
সুপ্রদীপ	1	places	normalized_variant	সুপ্রতিম
কাজিবাছা	1	places	normalized_variant	কাজীবাছা
শোলমারি	1	places	normalized_variant	শোলমারী
ধামালিয়া	5	places+unions	normalized_variant	ঢালিয়া
চান্নির	1	places	normalized_variant	চেয়ার
সেনহাটী	1	places	normalized_variant	সেনহাটি
কর্ণপুর	1	places	normalized_variant	কর্ণপূরক
সামন্তসেনা	1	places	normalized_variant	সামোন্তসেনা
মাস্তা	5	places	already_resolves	মাস্তা
নাবিব	1	places	normalized_variant	আবিব
কাকশিয়ালী	1	places	already_resolves	কাকশিয়ালী
কালজানি	1	places	already_resolves	কালজানি
কোহেলিয়া	5	places	normalized_variant	খেলিয়া
খিরো	1	places	normalized_variant	হিরো
ঠেগা	1	places	normalized_variant	থেটা
তোর্ষা	1	places	normalized_variant	বর্ষা
আন্তঃসীমান্ত	1	places	normalized_variant	আন্তসীমান্ত
রহমতখালি	1	places	normalized_variant	রহমতখালী
রাংপানি	1	places	already_resolves	রাংপানি
অর্জুনদাড়া	1	places	normalized_variant	অর্জুনতলার
আগরপুল	1	places	already_resolves	আগরপুল
আঠারবাঁকি	1	places	normalized_variant	আঠারোবাঁকি
আনৈতারা	1	places	normalized_variant	আনাইতারা
আমজুরি	1	places	normalized_variant	মজুরি
আরমাল	1	places	normalized_variant	আরমা
আলোকছত্রা	1	places	normalized_variant	আলোকছটা
আশাউড়া	1	places	normalized_variant	আশুরা
আসালং	1	places	normalized_variant	আশালং
কগাবগা	1	places	already_resolves	কগাবগা
কহেরা	1	places	already_resolves	কহেরা
গন্দর	1	places	normalized_variant	অন্দর
জিডাই	1	places	normalized_variant	জিডিআই
তিরনই	1	places	normalized_variant	তীরনই
ধূপিখালী	1	places	already_resolves	ধূপিখালী
ধূলিয়া	1	places	normalized_variant	ধুলিয়া
নোয়াখাল	1	places	normalized_variant	নয়াখাল
বাজুরা	1	places	already_resolves	বাজুরা
রাইলান	1	places	already_resolves	রাইলান
লাউরী	1	places	already_resolves	লাউরী
কংসাবতী	1	places	already_resolves	কংসাবতী
কেলেঘাই	1	places	already_resolves	কেলেঘাই
দ্বারকেশ্বর	1	places	normalized_variant	দ্বারকেশ
রাম্মাম	1	places	normalized_variant	রামা
শিলাই	1	places	normalized_variant	সিলাই
ইরামতি	1	places	already_resolves	ইরামতি
গুকসী	1	places	already_resolves	গুকসী
আফ্রা	1	places	already_resolves	আফ্রা
বেসানী	1	places	normalized_variant	বোসন
ভাদাই	1	places+unions	normalized_variant	বাদাই
ঘড়িয়া	1	places	normalized_variant	গড়িয়া
ঘাসিয়াখালী	1	places	already_resolves	ঘাসিয়াখালী
জঙ্গমু	1	places	already_resolves	জঙ্গমু
বগীবিল	1	places	already_resolves	বগীবিল
হিশনা	5	places	normalized_variant	হিসনা
ঝাঞ্চা	5	places	normalized_variant	ঝাঁটা
কম্পো	1	places	normalized_variant	কম্প
দেওলা	1	places	already_resolves	দেওলা
প্রাণসায়র	1	places	normalized_variant	প্রাণসংহার
কালুদাহা	1	places	already_resolves	কালুদাহা
বান্নী	1	places	normalized_variant	ন্যানি
বৈরান	1	places	normalized_variant	বিরান
নওয়াজেস	1	places	normalized_variant	নওয়াজেশ
মুহিউল	1	places	already_resolves	মুহিউল
রণিখাই	2	unions	normalized_variant	রনিখাই
দীর্ঘাপাড়	7	unions	normalized_variant	দীর্ঘাকার
বরাহীপুর	1	unions	already_resolves	বরাহীপুর
বাঞ্চানগর	1	unions	normalized_variant	বাঞ্ছানগর
বাটাজোড়া	8	unions	normalized_variant	বাটাজোর
হরণী	1	unions	normalized_variant	হরনী
হুদ্রাখালী	7	unions	already_resolves	হুদ্রাখালী
জিয়ারখি	6	unions	normalized_variant	জিয়ারখী
খলিষাকুন্ডি	1	unions	normalized_variant	খলিশাকুন্ডি
রেফাইতপুর	1	unions	already_resolves	রেফাইতপুর
তালবাড়ীয়া	1	unions	normalized_variant	তালবাড়িয়া
ধুবইল	1	unions	normalized_variant	ধুবিল
ভান্ডারপাড়া	1	unions	normalized_variant	ভাণ্ডারপাড়া
রুদাঘরা	1	unions	already_resolves	রুদাঘরা
আইলহাঁস	5	unions	normalized_variant	আইলহাস
চিৎলা	5	unions	normalized_variant	চিতলা
ভাংবাড়ীয়া	1	unions	normalized_variant	ভাংবাড়িয়া
আন্দুলবাড়ীয়া	11	unions	normalized_variant	আন্দুলবাড়িয়া
কেডিকে	1	unions	already_resolves	কেডিকে
কুড়ুলগাছী	1	unions	normalized_variant	কুড়ুলগাছি
বারবাজার	1	unions	normalized_variant	বারোবাজার
দোড়া	1	unions	normalized_variant	ডরা
পোড়াহাটী	1	unions	normalized_variant	পরাহত
ফুরসন্দি	1	unions	already_resolves	ফুরসন্দি
হরিশংকরপুর	1	unions	normalized_variant	হরিশঙ্করপুর
কাপাশহাটিয়া	1	unions	normalized_variant	কাপাসহাটিয়া
ফলসী	1	unions	already_resolves	ফলসী
হাচলা	1	unions	already_resolves	হাচলা
মাউলী	1	unions	normalized_variant	মৌলী
হবখালি	1	unions	normalized_variant	হবখালী
লক্ষীপাশা	1	unions	normalized_variant	লক্ষ্মীপাশা
চরবানিয়ারী	1	unions	already_resolves	চরবানিয়ারী
নলধা	1	unions	already_resolves	নলধা
পুটিখালী	1	unions	normalized_variant	পুঁটিখালী
মল্লিকেরবেড়	1	unions	normalized_variant	মল্লিকপুরের
গোপালগ্রাম	1	unions	normalized_variant	গোয়ালগ্রাম
মঘী	1	unions	normalized_variant	মহী
শত্রুজিৎপুর	1	unions	normalized_variant	শত্রুজিত্পুর
ধনেশ্বরগাতী	1	unions	normalized_variant	ধনেশ্বরগাতি
সব্দালপুর	1	unions	already_resolves	সব্দালপুর
তেতুঁলবাড়ীয়া	1	unions	normalized_variant	তেঁতুলবাড়ীয়া
বামন্দী	1	unions	normalized_variant	বামনী
মোনখালী	1	unions	normalized_variant	মনখালী
আমদহ	1	unions	normalized_variant	আমদাহ
ধুলিয়ানী	1	unions	already_resolves	ধুলিয়ানী
সিংহঝুলী	1	unions	normalized_variant	সিংহঝুলি
স্বরুপদাহ	1	unions	normalized_variant	স্বরূপদাহ
ধলগ্রাম	1	unions	normalized_variant	হলোগ্রাম
বাসুয়াড়ী	1	unions	normalized_variant	বাউয়ার
দুর্বাডাঙ্গা	1	unions	normalized_variant	দূর্বাডাঙ্গা
ভোজগাতি	1	unions	normalized_variant	ভোজগাতী
চুড়ামনকাটি	1	unions	normalized_variant	চূড়ামনকাটি
দেয়ারা	1	unions	normalized_variant	দেয়াড়া
আওরাবুনিয়া	5	unions+places	normalized_variant	আওড়াবুনিয়া
সিদ্ধকাঠী	1	unions	normalized_variant	সিদ্ধকাঠি
জৈনকাঠী	1	unions	normalized_variant	জৈনকাঠি
সূর্য্যমনি	1	unions	normalized_variant	সূর্যকান্দি
কাঁকড়াবুনিয়া	1	unions	normalized_variant	কাকড়াবুনিয়া
পত্তাশি	1	unions	normalized_variant	পত্তাশী
শ্রীরামকাঠী	1	unions	normalized_variant	শ্রীরামকাঠি
দৈহারী	1	unions	normalized_variant	দৈহারি
ইকড়ী	1	unions	normalized_variant	ইকরী
চাঁদপুরা	1	unions	normalized_variant	চাঁদপুর
কড়াপুর	1	unions	normalized_variant	করাপুর
সায়েস্তাবাদ	1	unions	normalized_variant	শায়েস্তাবাদ
চরাদি	1	unions	normalized_variant	চড়াই
দুর্গাপাশা	1	unions	normalized_variant	দুর্গাপাড়ায়
ইলুহার	1	unions	already_resolves	ইলুহার
উদয়কাঠী	1	unions	normalized_variant	উদয়কাঠি
সলিয়াবাকপুর	1	unions	already_resolves	সলিয়াবাকপুর
দেহেরগতি	1	unions	normalized_variant	ধীরগতি
কালেখাঁ	1	unions	normalized_variant	কালেখা
দড়িরচর	1	unions	normalized_variant	দরিরচর
ভাষাণচর	1	unions	normalized_variant	ভাসানচর
গৌরাব্দি	1	unions	already_resolves	গৌরাব্দি
কুকরী	1	unions	normalized_variant	কুকরি
মুকরী	1	unions	normalized_variant	মুকরি
টবগী	1	unions	normalized_variant	টবগি
সাচড়া	1	unions	normalized_variant	ছ্যাঁচড়া
পাথর্শী	1	unions	normalized_variant	পাথরখণ্ডটি
বেলগাছা	1	unions	already_resolves	বেলগাছা
সাপধরী	1	unions	already_resolves	সাপধরী
ইটাইল	1	unions	normalized_variant	টাইল
তুলশীরচর	1	unions	normalized_variant	তুলসীরচর
চুকাইবাড়ী	1	unions	normalized_variant	চুকাইবার
হাতীভাঙ্গা	1	unions	normalized_variant	হাতিভাঙ্গা
গুনারীতলা	1	unions	normalized_variant	গুনারিতলা
বানিপাকুরিয়া	1	unions	normalized_variant	বাণীপাকুরিয়া
ফুলকোচা	1	unions	normalized_variant	ফুলকোঁচা
দুওজ	1	unions	normalized_variant	দুঅজ
লুনেশ্বর	1	unions	normalized_variant	লুন্ডবার্গ
সুখারী	1	unions	already_resolves	সুখারী
দলপা	1	unions	already_resolves	দলপা
সান্দিকোণা	1	unions	normalized_variant	সান্দিকোনা
মেন্দিপুর	1	unions	already_resolves	মেন্দিপুর
কুল্লাগড়া	1	unions	normalized_variant	কুল্লাপাড়া
চণ্ডিগড়	1	unions	normalized_variant	চণ্ডীগড়
কাইলাটি	1	unions	already_resolves	কাইলাটি
বিশিউরা	1	unions	already_resolves	বিশিউরা
মেদনী	1	unions	normalized_variant	মেদান
বিশকাকুনী	1	unions	normalized_variant	বিশকাকুনি
চিরাম	1	unions	normalized_variant	চিড়া
তিয়শ্রী	1	unions	already_resolves	তিয়শ্রী
গাগলাজুর	1	unions	already_resolves	গাগলাজুর
বানিহারী	1	unions	normalized_variant	বানিহাড়ী
সিয়াদার	1	unions	already_resolves	সিয়াদার
মাইজবাগ	1	unions	already_resolves	মাইজবাগ
বারবাড়িয়া	1	unions	normalized_variant	বারবারিয়া
যশরা	1	unions	already_resolves	যশরা
রাওনা	1	unions	normalized_variant	রায়না
অচিন্তপুর	1	unions	normalized_variant	অচিন্ত্যপুর
ভাংনামারী	1	unions	already_resolves	ভাংনামারী
বানিহালা	1	unions	already_resolves	বানিহালা
বালিখা	1	unions	normalized_variant	বালিকা
বিসকা	1	unions	normalized_variant	বিশোকা
টাংগাব	1	unions	normalized_variant	টাঙাব
দত্তেরবাজার	1	unions	normalized_variant	দত্তপরিবারের
পাইথল	1	unions	already_resolves	পাইথল
মুশুল্লী	1	unions	normalized_variant	মুসুল্লি
কালাদহ	1	unions	already_resolves	কালাদহ
দেওখোলা	1	unions	normalized_variant	দেখলা
বাক্তা	1	unions	normalized_variant	বাঁকটা
উথুরা	1	unions	already_resolves	উথুরা
বিরুনিয়া	1	unions	already_resolves	বিরুনিয়া
অষ্টধার	1	unions	normalized_variant	অষ্টধর
নিলক্ষিয়া	1	unions	normalized_variant	নিলক্ষ্যা
পরাণগঞ্জ	1	unions	normalized_variant	পরানগঞ্জ
সিরতা	1	unions	normalized_variant	শিরোটা
বাঁশাটি	1	unions	normalized_variant	বাসাটি
কৈচাপুর	1	unions	already_resolves	কৈচাপুর
জুগলী	1	unions	already_resolves	জুগলী
শাকুয়াই	1	unions	already_resolves	শাকুয়াই
মালিঝিকান্দা	1	unions	already_resolves	মালিঝিকান্দা
টালকী	1	unions	already_resolves	টালকী
ঘুঘুরাকান্দি	1	unions	already_resolves	ঘুঘুরাকান্দি
লছমনপুর	1	unions	already_resolves	লছমনপুর
তাতীহাটি	1	unions	normalized_variant	তাঁতীহাটি
রনচন্ডি	1	unions	normalized_variant	রণচণ্ডী
খগা	1	unions	normalized_variant	হোগা
পাংগা	1	unions	normalized_variant	পাঙ্গা
ভোগডাবুড়ী	1	unions	normalized_variant	ভোগডাবুরী
তোড়িয়া	1	unions	normalized_variant	ওড়িয়া
ধামোর	1	unions	normalized_variant	ধামার
পামুলী	1	unions	already_resolves	পামুলী
গড়িনাবাড়ী	1	unions	normalized_variant	গরিনাবাড়ি
আলমবিদিতর	1	unions	already_resolves	আলমবিদিতর
শানেরহাট	1	unions	normalized_variant	সানেরহাট
রাণীপুকুর	1	unions	normalized_variant	রানীপুকুর
সদ্যপুস্করণী	1	unions	normalized_variant	সদ্যপুষ্করিণী
গোড়ল	1	unions	normalized_variant	গরল
চলবলা	1	unions	already_resolves	চলবলা
তুষভান্ডার	10	unions+places	normalized_variant	তুষভাণ্ডার
দলগ্রাম	1	unions	normalized_variant	হলোগ্রাম
মদাতী	1	unions	already_resolves	মদাতী
কুচলীবাড়ী	1	unions	normalized_variant	কুচলিবাড়ী
গোকুন্ডা	1	unions	normalized_variant	গোকুণ্ডা
গোতামারী	1	unions	normalized_variant	গোটার
সিংগীমারী	1	unions	normalized_variant	সিংগিমারী
আলাতুলী	1	unions	already_resolves	আলাতুলী
রাণীহাটি	1	unions	normalized_variant	রানীহাটি
দলদলী	1	unions	already_resolves	দলদলী
চককীর্তি	1	unions	normalized_variant	চককীর্তির
তুলশীগংগা	1	unions	normalized_variant	তুলসীগঙ্গা
আমদই	1	unions	normalized_variant	আমোদই
ধলাহার	1	unions	already_resolves	ধলাহার
মোহাম্মাদাবাদ	1	unions	normalized_variant	মহামন্দাবস্থা
মনিয়ারী	1	unions	normalized_variant	মনিয়ার
শাহাগোলা	1	unions	normalized_variant	সাহাগোলা
আড়ানগর	1	unions	normalized_variant	তারানগর
ইসবপুর	1	unions	normalized_variant	ইছবপুর
কীর্ত্তিপুর	1	unions	normalized_variant	কীর্ত্তিপাশা
দুবলহাটী	1	unions	normalized_variant	দুবলহাটি
শৈলগাছী	1	unions	normalized_variant	শৈলগাছি
পাঁড়ইল	1	unions	normalized_variant	পারইল
শিহাড়া	1	unions	normalized_variant	শিয়ারা
ছাওড়	1	unions	normalized_variant	ছাওর
আধাইপুর	1	unions	normalized_variant	আধায়পুর
উত্তরগ্রাম	1	unions	normalized_variant	উত্তরক্রিয়া
খাজুর	1	unions	normalized_variant	খাজুড়
রাইগাঁ	6	unions+news	normalized_variant	রাগা
সফাপুর	1	unions	already_resolves	সফাপুর
কুশুম্বা	1	unions	normalized_variant	কুসুম্বা
গনেশপুর	1	unions	normalized_variant	গণেশপুর
নূরুল্লাবাদ	1	unions	normalized_variant	নূরুল্লাহ
ভারশোঁ	1	unions	normalized_variant	ভারসো
মৈনম	1	unions	normalized_variant	মনোময়
শিরন্টি	1	unions	normalized_variant	শিরনি
বিপ্রবেলঘড়িয়া	1	unions	normalized_variant	বিপ্রবেলঘরিয়া
জোয়াড়ী	1	unions	normalized_variant	জোয়ারী
কদিমচিলান	1	unions	already_resolves	কদিমচিলান
দুড়দুরিয়া	1	unions	normalized_variant	দুড়দুড়িয়া
চামারী	1	unions	already_resolves	চামারী
হাতিয়ান্দহ	1	unions	already_resolves	হাতিয়ান্দহ
দাঁতিয়া	1	unions	normalized_variant	আটিয়া
জাতসাখিনি	1	unions	already_resolves	জাতসাখিনি
পাইকড়	1	unions	normalized_variant	পাইকর
নেপালতলী	1	unions	already_resolves	নেপালতলী
থালতা	1	unions	normalized_variant	থালাটা
ভাটগ্রাম	1	unions	normalized_variant	ভাতগ্রাম
কর্ণিবাড়ী	1	unions	normalized_variant	কর্ণিকার
চুকাইনগর	1	unions	already_resolves	চুকাইনগর
আষাড়িয়াদহ	1	unions	normalized_variant	আষাঢ়িয়াদহ
পাকড়ী	1	unions	normalized_variant	পাকার
সরঞ্জাই	1	unions	already_resolves	সরঞ্জাই
গণকৈড়	1	unions	normalized_variant	গণকের
ভালুকগাছী	1	unions	normalized_variant	ভালুকগাছি
কোয়ালিপাড়া	1	unions	normalized_variant	কোয়ালীপাড়া
ঘাসিগ্রাম	1	unions	normalized_variant	ঘাসিরদা
ধুরইল	1	unions	normalized_variant	ধুরাইল
রায়ঘাটি	1	unions	normalized_variant	রাজগাতী
দুর্গানগর	1	unions	normalized_variant	দুর্গানগরে
উমারপুর	1	unions	already_resolves	উমারপুর
খাষকাউলিয়া	1	unions	normalized_variant	খাসকাউলিয়া
খাষপুকুরিয়া	1	unions	normalized_variant	খাসপুকুরিয়া
ঘোড়জান	1	unions	normalized_variant	ঘোরজান
বহুলী	1	unions	already_resolves	বহুলী
মেছড়া	1	unions	normalized_variant	মেছরা
আশিদ্রোন	1	unions	normalized_variant	আশিদ্রোণ
বুধবারী	1	unions	normalized_variant	বুধবার
বারঠাকুরী	1	unions	normalized_variant	বারঠাকুরি
চরখাই	1	unions	normalized_variant	চোরখাই
ছৈলা	1	unions	normalized_variant	ছইলা
ফেনারবাক	1	unions	normalized_variant	ফেনারবাঁক
কাঠইর	1	unions	normalized_variant	কাঠের
রংগারচর	1	unions	normalized_variant	রঙ্গারচর
কাকাইলছেও	1	unions	already_resolves	কাকাইলছেও
মিরাশী	1	unions	normalized_variant	মিয়াসহ
শানখলা	1	unions	normalized_variant	সানখোলা
দেবপাড়া	1	unions	normalized_variant	দেওপাড়া
লামাতাশী	1	unions	already_resolves	লামাতাশী
ব্রাহ্মণডুরা	1	unions	normalized_variant	ব্রাহ্মণদের
গোপায়া	1	unions	normalized_variant	গোপা
রাজিউরা	1	unions	normalized_variant	রাজিউর
সমযোজী	94	science	normalized_variant	সময়েই
বলবিজ্ঞান	100	science+objects	already_resolves	বলবিজ্ঞান
সংদীপ্ত	16	science	normalized_variant	সন্দীপ্ত
গ্যালিয়াম	24	science	already_resolves	গ্যালিয়াম
যুক্তিবিজ্ঞান	3	science	already_resolves	যুক্তিবিজ্ঞান
কক্ষীয়	3	science	normalized_variant	অক্ষীয়
অন্তরজ	25	science	normalized_variant	অন্তর
ধারকত্ব	14	science	already_resolves	ধারকত্ব
নিউক্লিয়	50	science	normalized_variant	নিউক্লীয়
ফ্রিদমান	2	science	normalized_variant	ফ্রিডম্যান
সূত্রায়ন	6	science	normalized_variant	সূত্রানুযায়ী
সদিক	13	science	normalized_variant	ওদিক
জীবজ	7	science	normalized_variant	জীবই
পারক্সাইড	14	science	normalized_variant	পারঅক্সাইড
ফেরিক	6	science	normalized_variant	ফেরি
কুরিয়াম	9	science	normalized_variant	কুরিয়া
বিকারক	19	science+objects	normalized_variant	বিকার
জার্মেনিয়াম	10	science	already_resolves	জার্মেনিয়াম
ক্যাটায়ন	27	science	normalized_variant	কাত্যায়ন
কক্ষক	5	science	already_resolves	কক্ষক
লুইজা	2	science+objects	already_resolves	লুইজা
ক্রিস্পার	2	science	normalized_variant	কৃস্টাল
বিমূর্তন	2	science	normalized_variant	বিমূর্ত
প্রতিমান	11	science	normalized_variant	প্রতীয়মান
শারীরস্থানিক	2	science	already_resolves	শারীরস্থানিক
প্রসূতিবিজ্ঞান	2	science	normalized_variant	প্রসূতিবিশেষজ্ঞ
লেবিয়া	2	science	already_resolves	লেবিয়া
এসজিআর	2	science	already_resolves	এসজিআর
বর্ণালীবীক্ষণ	11	science	normalized_variant	বর্ণালিবীক্ষণ
হুরহুরে	3	science+objects	already_resolves	হুরহুরে
ক্যালাথিয়া	2	science+objects	normalized_variant	ক্যালাব্রিয়ান
স্পেকট্রোস্কোপি	8	science	normalized_variant	স্পেকট্রসকপি
অদিক	12	science	normalized_variant	ওদিক
অপবর্তন	14	science	normalized_variant	অপবর্জন
অস্তরক	58	science	normalized_variant	অসতর্ক
আবেশক	5	science	normalized_variant	আবেশ
ওজমা	1	science	normalized_variant	আজমা
ত্বরক	19	science	normalized_variant	তরক
ক্যালাবি	8	science	already_resolves	ক্যালাবি
ক্লেরো	16	science+objects	normalized_variant	কলের
বোডে	1	science	normalized_variant	বোড
ট্রায়োড	7	science	normalized_variant	ত্রাণকার্য
ডোপায়ন	1	science	normalized_variant	দ্বৈপায়ন
ব্যতিচার	22	science	already_resolves	ব্যতিচার
ত্রৈধ	42	science	normalized_variant	ট্রেড
নিউক্লিয়ন	11	science	normalized_variant	নিউক্লীয়
বৈশিষ্ট্যাবলীর	1	science	normalized_variant	বৈশিষ্ট্যগুলির
মেট্রিক্স	7	science	normalized_variant	মেট্রিক
পিঞ্চ	1	science	normalized_variant	পিন
প্লাংকের	16	science	already_resolves	প্লাংকের
প্ল্যাঙ্কের	14	science	already_resolves	প্ল্যাঙ্কের
বায়ারফ্রিঞ্জেন্স	5	science	already_resolves	বায়ারফ্রিঞ্জেন্স
ল্যাকারটি	1	science	normalized_variant	ল্যাকরিমাল
ব্যারিয়ন	9	science	normalized_variant	ব্যাংকঋণ
মুক্তিবেগ	1	science	already_resolves	মুক্তিবেগ
ম্যাগনিট্রন	8	science	normalized_variant	ম্যাগনিটস্কির
তুল্যাঙ্ক	6	science	normalized_variant	তুল্যাকৃতি
রূপান্তরক	9	science	normalized_variant	রূপান্তরকে
লাপ্লাস	18	science	already_resolves	লাপ্লাস
সংনম্যতা	8	science	normalized_variant	সংন্যস্ত
সমদৈশিকতা	8	science	already_resolves	সমদৈশিকতা
উড়ুপি	1	science	normalized_variant	রুপি
কনওয়েল	1	science	normalized_variant	কনওয়ে
ক্যাটজ	1	science	normalized_variant	কাৎজ
গ্র্যাটজেল	5	science	normalized_variant	গ্যাঁজে
পাইভি	1	science	normalized_variant	আইভি
টরমা	1	science	normalized_variant	ট্রমা
এভাঞ্জেলিস্তা	1	science	already_resolves	এভাঞ্জেলিস্তা
রিচেল্লি	1	science	already_resolves	রিচেল্লি
আকিলিস	1	science	already_resolves	আকিলিস
পাপাপেত্রু	10	science	normalized_variant	পাপানদ্রু
ফার্ট	1	science	already_resolves	ফার্ট
ব্লেজ	7	science	normalized_variant	ব্লেই
পাস্কাল	7	science	normalized_variant	পাসকাল
হেরমান	9	science	normalized_variant	হার্মান
সিবেক	1	science	already_resolves	সিবেক
আলোকবিজ্ঞানের	22	science	already_resolves	আলোকবিজ্ঞানের
মোসলের	9	science	normalized_variant	মোসলে
ফুকোর	14	science	normalized_variant	ফুকর
কুলম্বের	36	science	already_resolves	কুলম্বের
ভিরিয়াল	6	science	already_resolves	ভিরিয়াল
স্থানকালের	17	science	already_resolves	স্থানকালের
শ্রোডিঙ্গারের	1	science	normalized_variant	শ্রডিঙ্গারের
অভিস্রবণিক	16	science	normalized_variant	অভিস্রবনিক
মোলীয়	10	science	normalized_variant	মলি
ওরস্টেড	1	science	normalized_variant	ফ্রস্টেড
মাতেউচি	1	science	already_resolves	মাতেউচি
ব্রেকথ্রু	1	science	normalized_variant	ব্রেকারগুলো
ৎস	1	science	normalized_variant	টস
অপঘর্ষক	8	science	normalized_variant	অপকর্ষ
অ্যালোট্রপি	7	science	normalized_variant	অযাত্রা
আয়নিকরণ	27	science	normalized_variant	আয়নীকরণ
আয়নীয়	19	science	normalized_variant	ইনিই
ইউপ্যাক	23	science	normalized_variant	ইউপ্যাকের
ক্লাউজিউস	10	science	already_resolves	ক্লাউজিউস
ক্লাপেরোঁ	13	science	normalized_variant	কলাপের
জিওস্মিন	10	science	normalized_variant	যস্মিন
ডানাবর্ত	5	science	normalized_variant	দানাযুক্ত
দ্রাব্যতা	32	science	normalized_variant	দ্রাব্য
পানিবিকর্ষী	14	science	normalized_variant	পানিবর্ষণ
ল্য	11	science+news	already_resolves	ল্য
সক্রিয়ন	19	science	normalized_variant	সৃজন
কিউপ্রিক	1	science	already_resolves	কিউপ্রিক
টার্বিয়াম	1	science	normalized_variant	টারবিয়াম
ফেরাইট	6	science	normalized_variant	ফেরাই
হ্যালাইড	11	science	normalized_variant	অ্যালাইড
বাইকার্বোনেট	5	science	normalized_variant	বাইকার্বনেট
অধাতব	11	science	normalized_variant	ধাতব
সেলেনিয়াম	24	science+objects+news	already_resolves	সেলেনিয়াম
অম্লের	13	science	normalized_variant	অমলের
অ্যামিন	14	science	normalized_variant	অ্যামিনো
মেবেভেরিন	1	science	already_resolves	মেবেভেরিন
হিস্টামিন	1	science	normalized_variant	হিস্টাসিন
বিলাস্টিন	1	science	normalized_variant	বিলাসব্যসন
সহতামাত্রা	1	science	already_resolves	সহতামাত্রা
মাইক্রোটমোগ্রাফী	1	science	normalized_variant	মাইক্রোগ্রাম
লিগ্যান্ড	1	science	normalized_variant	লিল্যান্ড
কেলাসীভবন	1	science	already_resolves	কেলাসীভবন
দেহকলা	1	science	already_resolves	দেহকলা
পরিশ্রুতন	1	science	normalized_variant	পরিস্রুত
ফেহলিং	1	science	already_resolves	ফেহলিং
ফোরস্টার	1	science	normalized_variant	ফরস্টার
মুরাসিজ	1	science+objects	already_resolves	মুরাসিজ
স্কুগ	1	science+objects	normalized_variant	স্কুল
দ্রবণীকরণ	1	science	normalized_variant	দ্রবীকরণ
লেখ্যরুপ	1	science	normalized_variant	লেখ্যরূপ
ল্যান্থানাইড	13	science	normalized_variant	ল্যান্থম্যান
অসমিয়াম	8	science	normalized_variant	উমিয়াম
আনবিউনিয়াম	1	science	already_resolves	আনবিউনিয়াম
আমেরিসিয়াম	1	science	already_resolves	আমেরিসিয়াম
আরবিয়াম	1	science	normalized_variant	টারবিয়াম
ইউরেনিয়ামোত্তর	1	science	normalized_variant	ইউরেনিয়ামের
ইউরোপিয়াম	15	science	normalized_variant	ইউরোপিয়
ইন্ডিয়াম	31	science	normalized_variant	ইন্ডিয়া
ওগানেসন	9	science	already_resolves	ওগানেসন
ক্যালিফোর্নিয়াম	14	science	normalized_variant	ক্যালিফোর্নিয়া
টেনেসিন	1	science	normalized_variant	টেনেসি
থুলিয়াম	6	science	already_resolves	থুলিয়াম
থ্যালিয়াম	33	science	already_resolves	থ্যালিয়াম
ফার্মিয়াম	1	science	normalized_variant	ফার্মিল্যাব
রিনিয়াম	5	science	already_resolves	রিনিয়াম
ল্যান্থানাম	35	science	normalized_variant	ল্যান্থম্যান
সিবর্গিয়াম	1	science	already_resolves	সিবর্গিয়াম
স্ট্রনশিয়াম	45	science	normalized_variant	স্ট্রনসিয়াম
হ্যাফনিয়াম	9	science	normalized_variant	হ্যাফারন্যান
হ্যাসিয়াম	1	science	normalized_variant	হ্যাসেলব্যাক
অ্যানায়ন	10	science	normalized_variant	ওয়াইন
আনবিনিলিয়াম	1	science	already_resolves	আনবিনিলিয়াম
রসায়নবিজ্ঞানীদের	1	science	already_resolves	রসায়নবিজ্ঞানীদের
বিক্ষেপণ	11	science	normalized_variant	বিক্ষেপ
বাজেল	1	science	normalized_variant	বাজে
থিপাইন	1	science	already_resolves	থিপাইন
পাইপেরিন	1	science	already_resolves	পাইপেরিন
গ্যালভানাইজেশন	1	science	already_resolves	গ্যালভানাইজেশন
ব্রাইনের	7	science	normalized_variant	রেনার
ভলকানাইজেশন	1	science	already_resolves	ভলকানাইজেশন
আউফবাউ	5	science	already_resolves	আউফবাউ
ইলেক্ট্রন	116	science	already_resolves	ইলেক্ট্রন
শক্তিস্তর	22	science	normalized_variant	শক্তিস্তরে
কক্ষকীয়	1	science	already_resolves	কক্ষকীয়
যোজ্যতা	32	science	normalized_variant	যজ্ঞকর্তা
উইটিগ	1	science	normalized_variant	উইগ
হফ্ম্যান	1	science	normalized_variant	হফম্যান
ক্ষুদ্রাংশকরণ	1	science	normalized_variant	ক্ষুদ্রাকার
ইমবাইবিশন	1	science	already_resolves	ইমবাইবিশন
বংশজাততা	1	science	already_resolves	বংশজাততা
কলাস্থানবিদ্যা	1	science	already_resolves	কলাস্থানবিদ্যা
ক্রেপাসকুলার	1	science	already_resolves	ক্রেপাসকুলার
পরজীবিতা	1	science	already_resolves	পরজীবিতা
পলিসোম	1	science	normalized_variant	পোলিশ
প্রোটিস্ট	1	science	normalized_variant	প্রতীত
বাইভালভিয়া	1	science+objects	already_resolves	বাইভালভিয়া
বাস্তুবিজ্ঞান	1	science	normalized_variant	বাস্তবজ্ঞানের
ভেসিকল	1	science	already_resolves	ভেসিকল
মলাস্কা	1	science+objects	normalized_variant	মোলাস্কা
দ্বিরূপতা	1	science	already_resolves	দ্বিরূপতা
ইমাজিনাল	1	science	already_resolves	ইমাজিনাল
এফিড	5	science+objects	normalized_variant	ফিড
এলিট্রন	1	science	normalized_variant	এলিগ্রো
প্রসেশনারী	1	science	normalized_variant	প্রসেশনের
পুঞ্জাক্ষি	1	science+objects	normalized_variant	পুঞ্জাক্ষী
মিলিবাগ	1	science	already_resolves	মিলিবাগ
মুরিনা	1	science+objects	normalized_variant	মারিনা
রাইনিয়েলা	1	science	already_resolves	রাইনিয়েলা
সন্ধিপদী	1	science+objects	already_resolves	সন্ধিপদী
সাইপারমেথ্রিন	1	science	already_resolves	সাইপারমেথ্রিন
স্ক্লেরাইট	1	science+objects	normalized_variant	স্কটেরই
ট্যাক্সন	1	science	normalized_variant	ট্যাক্স
বাস্তুসংস্থানিক	1	science	normalized_variant	বাস্তুসংস্থান
সিস্টেমা	1	science	normalized_variant	সিসটেমা
ন্যাচারাই	1	science	normalized_variant	ন্যাচারাল
অকোষীয়	1	science	normalized_variant	কোষীয়
রুডল্ফ	1	science	normalized_variant	রুডলফ
এরিচ	1	science	normalized_variant	এরিক
চ্যারম্যাক	1	science	already_resolves	চ্যারম্যাক
শ্রেণিবিন্যাসের	6	science	normalized_variant	শ্রেণীবিন্যাসের
হাইয়াওয়ান	1	science+objects	already_resolves	হাইয়াওয়ান
শারীরস্থানের	1	science	already_resolves	শারীরস্থানের
হিস্টোরিয়া	1	science	normalized_variant	হিস্টিরিয়া
প্রজননবাদ	1	science	normalized_variant	প্রজননবিদ
ব্রায়োলজি	1	science+objects	normalized_variant	ব্রাউজারটি
শারীরতত্ত্ব	1	science	normalized_variant	শারীরবৃত্ত
চিল্লাল	1	science	normalized_variant	চিল
উইনবার্গ	1	science	normalized_variant	উইনার্স
নাইজারসরাস	1	science+objects	already_resolves	নাইজারসরাস
জৈবসূচক	1	science	normalized_variant	জয়সূচক
পৃষ্ঠতল	26	science	normalized_variant	পৃষ্ঠতলে
জৈবখনিজায়ন	1	science	already_resolves	জৈবখনিজায়ন
পক্ষিবিজ্ঞান	1	science+objects	normalized_variant	পক্ষীবিজ্ঞানী
আলুলা	1	science+objects	normalized_variant	আল্লা
পরিযান	1	science+objects	normalized_variant	পরিযাণ
বায়াতকারী	1	science+objects	already_resolves	বায়াতকারী
রাখালীয়া	1	science	normalized_variant	রাখালিয়া
কাষ্ঠল	1	science+objects	normalized_variant	কাষ্ঠ
প্রতিবিষ	1	science	normalized_variant	প্রতিবিস্ব
বহিঃবিষ	1	science	normalized_variant	বহির্বিশ্ব
ড্রিলিয়ন	1	science	normalized_variant	ট্রিলিয়ন
জ্যাকবি	1	science	normalized_variant	জ্যাকব
টাউ	5	science	normalized_variant	তাড়ু
প্যাসকেলের	1	science	already_resolves	প্যাসকেলের
সিমপ্লিসিয়াল	1	science	already_resolves	সিমপ্লিসিয়াল
হাইগেনের	1	science	already_resolves	হাইগেনের
আদামার	1	science	already_resolves	আদামার
ফাদল	1	science	normalized_variant	ফাঁদল
হারাবী	1	science	normalized_variant	হারাবি
বেরুনি	1	science	normalized_variant	বেরুনী
মাসিহী	1	science	normalized_variant	মাসী
আর্নেস্টো	1	science	normalized_variant	আর্নেস্ট
সিসারো	1	science	normalized_variant	সিসার
মাহানী	1	science	normalized_variant	মানী
উইটেন	1	science	normalized_variant	উড়িতে
স্ট্রা	1	science	normalized_variant	স্টার
এভারিস্ত	1	science	normalized_variant	এভারেস্ট
গালোয়া	1	science	normalized_variant	গালায়
আর্টিন	1	science	normalized_variant	মার্টিন
রিশ	1	science	normalized_variant	ঋষ
কিম্বার্লিং	1	science	normalized_variant	কিম্বার্লি
দাইলামী	1	science	normalized_variant	দায়লামী
গুইন্যান্ড	1	science	normalized_variant	গুইন্যা
ফ্রেডরিচ	1	science	normalized_variant	ফ্রেডরিখ
জেরোল্ড	1	science	normalized_variant	জেরাল্ড
গ্রোমভ	1	science	normalized_variant	গ্রমের
ভিলহেল্ম	7	science	already_resolves	ভিলহেল্ম
লাইব	1	science	normalized_variant	লাই
নিৎস	1	science	normalized_variant	নিটস
শরীয়া	1	science	already_resolves	শরীয়া
লেখচিত্রের	1	science	already_resolves	লেখচিত্রের
বলবিজ্ঞানে	22	science	normalized_variant	বলবিজ্ঞানের
ত্রিকোণমিতিক	5	science	normalized_variant	ত্রিকোণমিতি
সমাকলনের	5	science	already_resolves	সমাকলনের
চিহ্নাদি	1	science	already_resolves	চিহ্নাদি
হ্যারোস	1	science	normalized_variant	হ্যারিস
লগারিদমের	1	science	already_resolves	লগারিদমের
ফিউটার	1	science	already_resolves	ফিউটার
পোলিয়া	1	science	normalized_variant	পলিয়া
বুদানের	1	science	already_resolves	বুদানের
শ্রেণিবিভাজন	1	science	normalized_variant	শ্রেণীবিভাজন
অনাদর্শ	1	science	normalized_variant	অনাদর
ব্যবকলনীয়	9	science	normalized_variant	ব্যবকলন
আবেলীয়	1	science	already_resolves	আবেলীয়
পরিক্রিয়াদি	1	science	already_resolves	পরিক্রিয়াদি
সহবর্তমানতা	1	science	already_resolves	সহবর্তমানতা
গুণজ	1	science	normalized_variant	গুঞ্জ
আপেরির	1	science	normalized_variant	পেরির
এরদশ	1	science	normalized_variant	রোডস
এর্ডশ	1	science	normalized_variant	আর্দশ
কোপল্যান্ড	1	science	normalized_variant	কপল্যান্ড
এরডশ	1	science	normalized_variant	রোডস
ফাইগেনবাম	1	science	already_resolves	ফাইগেনবাম
ফেইগেনবাউম	1	science	already_resolves	ফেইগেনবাউম
টর্নিয়ার	1	science	normalized_variant	তর্কবিদ্যা
ফ্রানসেন	1	science	already_resolves	ফ্রানসেন
বেরাহ	1	science	normalized_variant	বেড়া
ফর্মুলারিও	1	science	normalized_variant	ফর্মুলার
প্রসেক্টর	1	science	normalized_variant	প্রজেক্টর
প্রতিবর্ত	1	science	normalized_variant	প্রতিবর্তন
প্রতিরোধ্যতা	1	science	normalized_variant	প্রতিকর্তা
ওকুনিউস্কা	1	science	already_resolves	ওকুনিউস্কা
জেমেলভাইস	1	science	already_resolves	জেমেলভাইস
পিঁয়েরে	1	science	normalized_variant	পিয়েরে
ক্লাকিন	1	science	normalized_variant	ক্লাইন
বরদলৈ	1	science	normalized_variant	বোরদোলোই
ওগাই	1	science	normalized_variant	গাই
ক্রিয়জ	1	science	normalized_variant	ক্রিয়া
তন্ত্রীয়	1	science	already_resolves	তন্ত্রীয়
ম্যালিগন্যান্সি	1	science	normalized_variant	ম্যালিগন্যান্ট
সংক্রমণী	1	science	already_resolves	সংক্রমণী
ফিততিব	1	science	normalized_variant	ফিততিব্ব
তাসরিফ	21	science+news	normalized_variant	তাশরিফ
সল্ক	1	science	normalized_variant	শল্ক
পুনর্গাঠনিক	1	science	normalized_variant	পুনর্গঠনবিষয়ক
শল্যবিদ্যা	1	science	already_resolves	শল্যবিদ্যা
অ্যাট্রোপিন	1	science	normalized_variant	অযাত্রা
ভালভা	1	science	already_resolves	ভালভা
সারোগেসি	1	science	normalized_variant	সারগেই
ছিকুং	1	science	already_resolves	ছিকুং
মিউইং	1	science	normalized_variant	মাইনিং
সূচিবেধী	1	science	already_resolves	সূচিবেধী
ফ্রিৎস	1	science	normalized_variant	ফ্রিটস
প্রেগ্ল	1	science	normalized_variant	প্রেগো
ইউরেথ্রাল	1	science	already_resolves	ইউরেথ্রাল
কাহুন	1	science	normalized_variant	খুন
প্রসোবত্তর	1	science	normalized_variant	প্রসবোত্তর
ব্রুগশ	1	science	normalized_variant	ব্রুগে
রজোনিবৃত্তি	1	science	normalized_variant	রজঃনিবৃত্তি
রামেসিয়াম	1	science	already_resolves	রামেসিয়াম
উর্ট	1	science	normalized_variant	উড়ত
ভার্জিনিস	1	science	normalized_variant	ভার্জিনিয়া
ডিমোস	1	science	already_resolves	ডিমোস
দিগংশ	1	science+objects	already_resolves	দিগংশ
ফাওলার	1	science	normalized_variant	ফোলার
ভেনেরা	1	science	already_resolves	ভেনেরা
সুবিন্দু	1	science	already_resolves	সুবিন্দু
সৌরপাদ	1	science	already_resolves	সৌরপাদ
পারসেক	1	science	already_resolves	পারসেক
থিয়া	1	science	normalized_variant	উঠিয়া
আক্ষিক	1	science	normalized_variant	পাক্ষিক
নক্ষত্রবাদ	1	science	normalized_variant	নক্ষত্রবাড়ি
উদ্বিন্দুর	1	science	already_resolves	উদ্বিন্দুর
ভূস্থির	1	science	normalized_variant	ভূস্বামীর
জুনিভার্স	1	science	already_resolves	জুনিভার্স
আবীল	1	science	normalized_variant	আবিল
সাগানী	1	science	already_resolves	সাগানী
রয়মা	1	science	normalized_variant	রুমা
মাউমুন	1	science	normalized_variant	মামুন
গ্যালিলেই	1	science	normalized_variant	গ্যালিলি
সাগান	1	science	normalized_variant	সেগান
হোল্মস	1	science	normalized_variant	হলমস
ট্যুকো	1	science	normalized_variant	ইউকো
বোক	1	science	normalized_variant	বক
জ্যোতির্বিজ্ঞানীয়	1	science	already_resolves	জ্যোতির্বিজ্ঞানীয়
মুস্তেরিয়ুম	1	science	already_resolves	মুস্তেরিয়ুম
রুডলফীয়	1	science	normalized_variant	রুডলফ
মহাজগৎ	1	science	normalized_variant	মহাজগত
আর্যভটীয়	1	science	normalized_variant	আর্যজাতি
মুন্দি	1	science	normalized_variant	মুন্ডি
স্ফীতিশীলতা	1	science	normalized_variant	স্ফীতিজনিত
বহির্গ্রহ	1	science	normalized_variant	বহিরঙ্গের
হাউমেয়া	1	science	already_resolves	হাউমেয়া
বর্ণালীবীক্ষণিক	1	science	normalized_variant	বর্ণালিবীক্ষণ
বেথলেহেমের	1	science	already_resolves	বেথলেহেমের
রাশিফলক	1	science	normalized_variant	রাশিফল
অণুতরঙ্গ	5	science	normalized_variant	অন্তরঙ্গ
ইৎজা	1	science	normalized_variant	পিৎজা
তিওয়ানাকু	1	science	already_resolves	তিওয়ানাকু
বাখেং	1	science	already_resolves	বাখেং
কারদাশেভ	1	science	already_resolves	কারদাশেভ
আলফার	1	science	already_resolves	আলফার
গ্যামফ	1	science	already_resolves	গ্যামফ
পর্যবেক্ষণযোগ্য	20	science	normalized_variant	পর্যবেক্ষণযন্ত্র
কালানুক্রম	1	science	already_resolves	কালানুক্রম
কার্মান	1	science	normalized_variant	হার্মান
টহিল	1	science	normalized_variant	তৈল
মন্স	1	science	normalized_variant	মনস
অতিবেগুনী	19	science	normalized_variant	অতিবেগুনি
সঁত্র	1	science	normalized_variant	ছত্র
নাসিওনাল	1	science	normalized_variant	ন্যাসিওনাল
দেত্যুদ	1	science	already_resolves	দেত্যুদ
স্পাসিয়াল	1	science	normalized_variant	স্পাসিবা
সিম্প্লেক্স	1	science	normalized_variant	সিমপ্লেক্স
ঊর্দ্ধসীমা	1	science	normalized_variant	ঊর্ধ্বসীমা
ওঅথ	1	science	normalized_variant	উঠ
রিকার্শন	1	science	already_resolves	রিকার্শন
ভার্চুয়ালাইজেশন	1	science	already_resolves	ভার্চুয়ালাইজেশন
লেস্ক	1	science	normalized_variant	লেক
ওয়ার্স্ট	1	science	normalized_variant	অ্যারেস্ট
ডীপ	1	science	normalized_variant	দ্বীপ
প্রতিস্থাপক	9	science	normalized_variant	প্রতিস্থাপনকে
রাস্পবেরি	1	science	already_resolves	রাস্পবেরি
অরবট	1	science	normalized_variant	রোবট
ওনিয়ন	1	science	normalized_variant	অনিয়ন
টর	7	science+news	normalized_variant	তোর
ডিইএস	1	science	normalized_variant	দিয়েছ
তথ্যগুপ্তিবিদ্যা	1	science	already_resolves	তথ্যগুপ্তিবিদ্যা
নালক্রিউ	1	science	already_resolves	নালক্রিউ
হ্যাকার্স	1	science	normalized_variant	হ্যাকার
পাদুলা	1	science	already_resolves	পাদুলা
লালজ	1	science	normalized_variant	লাল
ওএসআই	1	science	normalized_variant	এসআই
বিকনিং	1	science	already_resolves	বিকনিং
বৈদ্যুতিন	9	science	already_resolves	বৈদ্যুতিন
ওজনিয়াক	1	science	already_resolves	ওজনিয়াক
নোসেক	1	science	normalized_variant	নোজ
কার্নিংহান	1	science	already_resolves	কার্নিংহান
ভালেন্তিনা	1	science	normalized_variant	ভ্যালেন্তিনা
রোসেনস্টাইন	1	science	normalized_variant	রোটেনস্টাইন
স্মেল	1	science	normalized_variant	সেল
গেরিট	1	science	normalized_variant	গেইট
নকলপত্র	1	science	normalized_variant	নকলপ্রবণ
পিকল	1	science	normalized_variant	পিকো
ফুবার	1	science	normalized_variant	হুবার
কার্পাথি	1	science	normalized_variant	কার্পেথিয়ান
বাখমান	1	science	normalized_variant	বাহমান
নিউলি	1	science	normalized_variant	নিলি
নেওয়েল	1	science	normalized_variant	নোয়েল
ভ্রান্দেচিচ	1	science	already_resolves	ভ্রান্দেচিচ
হেনেসি	1	science	normalized_variant	হেনেছি
এনিয়াক	1	science	already_resolves	এনিয়াক
মাইমো	1	science	normalized_variant	মাইম
অ্যালগোরিদম	1	science	normalized_variant	অ্যালগরিদম
গ্নু	1	science	already_resolves	গ্নু
টিন্ডার	1	science	normalized_variant	তিন্দারো
নপকমার্স	1	science	already_resolves	নপকমার্স
মিফস	1	science	already_resolves	মিফস
বিষয়শ্রেণী	11	science+places	already_resolves	বিষয়শ্রেণী
উইমেড	1	science	normalized_variant	উমেদ
ডোক্সিং	1	science	normalized_variant	ডকিং
পর্ন	1	science	normalized_variant	পর্ণ
স্প্যামিং	1	science	already_resolves	স্প্যামিং
লামো	1	science	normalized_variant	লামা
উইভ	1	science	normalized_variant	ইভ
এলবাকান	1	science	already_resolves	এলবাকান
কোটল	1	science	normalized_variant	কতল
বেনদেলাজ	1	science	already_resolves	বেনদেলাজ
ক্রিস্টিয়েন	1	science	normalized_variant	ক্রিস্টিয়ান
রিওক্স	1	science	normalized_variant	রিওস
অধিবর্ধ	1	science	normalized_variant	অধিবর্ষ
অন্ননালি	1	science	normalized_variant	অন্ননালী
বস্তুকাম	1	science	normalized_variant	বস্তুকণা
ব্রুনারের	1	science	already_resolves	ব্রুনারের
ভিত্রুভিয়ানো	1	science	normalized_variant	ভিত্রুভিয়ান
অক্ষিগোলকের	1	science	already_resolves	অক্ষিগোলকের
প্যারিটাল	1	science	normalized_variant	প্যাঁচাল
ফোভিয়া	1	science	normalized_variant	ফোবিয়া
ম্যাকুলা	1	science	normalized_variant	ম্যাকুলে
সিলিয়ারি	1	science	already_resolves	সিলিয়ারি
স্ক্লেরা	1	science	normalized_variant	স্কলারের
দেহরূপবিকার	1	science	already_resolves	দেহরূপবিকার
দেহভর	1	science	already_resolves	দেহভর
আলোকচিত্রশিল্প	1	science+objects	normalized_variant	আলোকচিত্রশিল্পী
বাতিকতা	1	science+objects	normalized_variant	বাতিকটা
ভীতকর	1	science+objects	normalized_variant	ভীতুর
সিভার	1	science	normalized_variant	ইভার
ম্যাককর্ম্যাক	1	science	normalized_variant	ম্যাককরম্যাক
সালকাস	1	science	normalized_variant	সালোক
শ্বাসকুঠুরী	1	science+objects	normalized_variant	শ্বাসক্রিয়া
সংবাহী	1	science+objects	already_resolves	সংবাহী
সুবেরিন	1	science+objects	already_resolves	সুবেরিন
টেরিস	1	science+objects	normalized_variant	এরিস
হার্বেরিওরাম	1	science	normalized_variant	হার্বেরিয়াম
ট্রপিকোস	1	science	normalized_variant	টপিকস
অ্যাডারস	1	science+objects	normalized_variant	ওয়াদার
আরওয়া	1	science+objects	normalized_variant	আরুয়া
টেনেরে	1	science+objects	already_resolves	টেনেরে
আশশেওড়া	1	science+objects	normalized_variant	আসশেওড়া
ইকমিয়া	1	science+objects	normalized_variant	কমিয়া
সিংহদন্তী	1	science+objects	already_resolves	সিংহদন্তী
পলিফাইলা	1	science+objects	already_resolves	পলিফাইলা
বড়লা	1	science+objects	normalized_variant	বওলা
ন্যায়ল	1	science+objects	normalized_variant	ন্যায়ত
য়স্য	1	science+objects	normalized_variant	যস্য
পানিকলা	1	science+objects	already_resolves	পানিকলা
বিলিম্বি	1	science+objects	already_resolves	বিলিম্বি
সবীজী	1	science+objects	already_resolves	সবীজী
অ্যারিল	1	science+objects	normalized_variant	ওয়ারি
সিলকা	1	science+objects	normalized_variant	ছিলকা
বৃত্যংশ	1	science+objects	normalized_variant	বৃত্যাংশ
মরুজ	1	science+objects	normalized_variant	মরু
স্ত্রীস্তবক	1	science+objects	normalized_variant	স্ত্রীস্তবকে
হলিস	1	science	normalized_variant	হোলস
জেনেরা	1	science	already_resolves	জেনেরা
প্যালিনোলজি	1	science	normalized_variant	প্যালিকন
সংকরায়ন	1	science+objects	normalized_variant	সংকরায়ণ
আছাছা	1	science+objects	normalized_variant	আচ্ছা
উকোয়া	1	science+objects	normalized_variant	কয়া
নাসিকের	1	science+objects	already_resolves	নাসিকের
একাঙ্গী	1	science+objects	normalized_variant	একাঙ্গ
হিবিস্কাস	1	science+objects	already_resolves	হিবিস্কাস
ফেমারেল	1	science	already_resolves	ফেমারেল
হিবিসকাস	1	science+objects	already_resolves	হিবিসকাস
আর্কিওলেপিস	1	science+objects	normalized_variant	আর্কিওলজিস্ট
ওকাপি	1	science+objects	normalized_variant	কাঁপি
বিনারীকরন	1	science+objects	already_resolves	বিনারীকরন
রজ্জুকী	1	science+objects	normalized_variant	রজ্জুটি
প্রভ্রূণ	1	science	normalized_variant	প্রভাকরণ
ব্লাস্টুলা	1	science	normalized_variant	ব্লাস্টার
স্পার্মাটোজেনেসিস	1	science+objects	normalized_variant	স্পার্মিওজেনেসিসে
প্যানিজার	1	science+objects	normalized_variant	প্যানথার
ম্যামালজি	1	science+objects	normalized_variant	ম্যামলিয়া
অন্ত্রীয়	1	science	normalized_variant	অন্তরীয়
আম্বিলিকাল	1	science	already_resolves	আম্বিলিকাল
তুন্ড	1	science	normalized_variant	তুণ্ড
লর্ডোসিস	1	science+objects	normalized_variant	লর্ডসসহ
পর্শুকা	1	science	normalized_variant	পর্টুলেকা
ভিজিবল	1	science	already_resolves	ভিজিবল
মধ্যকর্ণ	1	science	normalized_variant	মধ্যকর্ণে
রোবটিক্স	1	science	already_resolves	রোবটিক্স
হিউম্যানওয়্যার	1	science	normalized_variant	হিউম্যানিট্যারিয়া
মাপনীর	5	science	already_resolves	মাপনীর
উইঙ্ক	1	science	normalized_variant	উইং
পালসিং	1	science	already_resolves	পালসিং
টেলিগ্রাফি	1	science	already_resolves	টেলিগ্রাফি
সাজিটা	1	science	normalized_variant	সাজিতা
উল্কাসেমি	1	science	already_resolves	উল্কাসেমি
পরিগ্রহণ	1	science	normalized_variant	পরিগ্রহ
পেজার	1	science	normalized_variant	এজার
হ্যারাসম্যাপ	1	science	normalized_variant	হ্যারম্যান
স্টেলথ	1	science	normalized_variant	স্তেলিওস
রন্ধনশৈলী	377	objects	normalized_variant	রন্ধনশৈলীর
মালুরাস	6	objects	already_resolves	মালুরাস
চেওয়া	6	objects	normalized_variant	চেয়ো
একঠোঁটা	4	objects	normalized_variant	কথাটা
করভাস	3	objects	already_resolves	করভাস
প্যাসার	3	objects	normalized_variant	পাছার
ফাসা	3	objects	normalized_variant	ফ্যাসা
খইলশা	3	objects	normalized_variant	খইলসা
ফিও	6	objects	normalized_variant	ফি
গুকসু	12	objects	already_resolves	গুকসু
মালসুকা	9	objects	already_resolves	মালসুকা
ভাটোরা	2	objects	normalized_variant	ভাটরা
ওফে	2	objects	normalized_variant	অফে
মুন্ডুম	2	objects	normalized_variant	মুন্ডু
চিকারা	2	objects	already_resolves	চিকারা
গালওয়ালা	2	objects	normalized_variant	গালুয়া
পিট্টা	2	objects	normalized_variant	পিতা
আরাপাইমা	2	objects	already_resolves	আরাপাইমা
বাইল্ল্যা	2	objects	normalized_variant	বাইল্যা
ডারকিনা	2	objects	normalized_variant	দাঁড়কিনা
শিংঘী	2	objects	normalized_variant	সিংহী
ছেবলি	2	objects	already_resolves	ছেবলি
ওলুয়া	2	objects	normalized_variant	অলুয়া
জ্যান্থিয়াম	2	objects	normalized_variant	জ্যানোভ্যালী
ঝাঁঝি	2	objects	normalized_variant	ঝাঝি
কমজাইলকা	2	objects	already_resolves	কমজাইলকা
আদালু	1	objects	already_resolves	আদালু
আয়ামাসে	1	objects	already_resolves	আয়ামাসে
আরুক	1	objects	normalized_variant	আর্ক
লৌজ	1	objects	normalized_variant	লোজ
কাসাদো	1	objects	normalized_variant	আসাদ
ক্রেপোনে	1	objects	normalized_variant	ক্রেপে
খলিয়া	1	objects	normalized_variant	খৈয়া
চাকেরি	1	objects	already_resolves	চাকেরি
তামোল	20	objects	normalized_variant	তামিল
বিবিমবাপ	26	objects	already_resolves	বিবিমবাপ
বোপিস	1	objects	normalized_variant	অপিস
বোর্শ	6	objects	normalized_variant	বর্ষ
পিদেসি	1	objects	already_resolves	পিদেসি
রাম্প	1	objects	normalized_variant	র্যাম্প
লাপা	1	objects	normalized_variant	আপা
শিরমল	1	objects	already_resolves	শিরমল
সমুসা	7	objects	normalized_variant	সুজা
প্যারাগুয়া	5	objects	normalized_variant	প্যারাগুয়ে
হায়দ্রাবাদি	1	objects	normalized_variant	হায়দ্রাবাদী
ওকয়	7	objects	already_resolves	ওকয়
লিঙ্গমূর্তি	5	objects	normalized_variant	লিঙ্গবৃত্তি
নারগেসি	5	objects	already_resolves	নারগেসি
সয়াদুধ	5	objects	already_resolves	সয়াদুধ
ঈস্ট	34	objects	normalized_variant	ইস্ট
গারুধিয়া	8	objects	already_resolves	গারুধিয়া
লাইকোপিন	40	objects	normalized_variant	লাইকেন
চিজকেক	9	objects	already_resolves	চিজকেক
ধকনে	1	objects	already_resolves	ধকনে
দিদুখ	6	objects	already_resolves	দিদুখ
পেস্টি	77	objects	already_resolves	পেস্টি
বিটার্স	1	objects	normalized_variant	বিতার্কিক
ভেন্নার	5	objects	normalized_variant	ভেঞ্চার
কেসিন	50	objects	normalized_variant	কেভিন
ব্যান্ডেল	5	objects	normalized_variant	ব্যান্ডে
জাঞ্চি	1	objects	normalized_variant	জানছি
থুকপা	8	objects	already_resolves	থুকপা
বিবিম	7	objects	normalized_variant	বিবি
বেশবারমাক	1	objects	already_resolves	বেশবারমাক
হালুশকি	8	objects	already_resolves	হালুশকি
আগকুদ	5	objects	already_resolves	আগকুদ
আপং	9	objects	normalized_variant	আপন
নাবিধ	8	objects	normalized_variant	নাবিহ
নাবীধ	1	objects	normalized_variant	নাবিহ
স্মুথি	1	objects	already_resolves	স্মুথি
কিবেহ	5	objects	normalized_variant	কিভ
গুয়ানিমে	6	objects	already_resolves	গুয়ানিমে
পাথিরি	14	objects	already_resolves	পাথিরি
পাম্পুশকা	1	objects	already_resolves	পাম্পুশকা
মুর্তাবাক	8	objects	normalized_variant	মুর্তাজা
সেফফা	5	objects	already_resolves	সেফফা
এগবো	1	objects	normalized_variant	এগোব
তোরতিয়া	12	objects	normalized_variant	টুটিয়া
সাম্পা	17	objects	normalized_variant	সামা
কায়মাক	10	objects	already_resolves	কায়মাক
ছিরকা	8	objects	normalized_variant	চরকা
মেয়োনিজ	9	objects	normalized_variant	মেয়নেজ
শোলকা	5	objects	normalized_variant	ছলকা
সিদল	12	objects	normalized_variant	সিডল
বিশি	9	objects+places	normalized_variant	বিষয়ই
আকনাদি	1	objects	already_resolves	আকনাদি
ক্রেটিগাস	1	objects	normalized_variant	ক্রেতাসহ
স্প্রাউট	6	objects	already_resolves	স্প্রাউট
সারায়া	1	objects	normalized_variant	সারায়
গজক	20	objects	normalized_variant	গজাক
তুশা	1	objects	normalized_variant	তুষা
গুপো	22	objects	normalized_variant	গুঁপো
ম্যাচা	11	objects	already_resolves	ম্যাচা
মালদ্বীপীয়	1	objects	normalized_variant	মালদ্বীপ
পিংকেল	1	objects	normalized_variant	পিংকে
কালিহিম	1	objects	normalized_variant	কালিম
টিংমো	1	objects	normalized_variant	টিং
ভাক্রি	21	objects	normalized_variant	ভারি
মোঘলাই	1	objects	normalized_variant	মোগলাই
সেনোরিতা	7	objects	normalized_variant	সেনোরিটা
উষনি	6	objects	normalized_variant	শনি
ঘেট	1	objects	normalized_variant	ঘেঁটে
পাথুনি	1	objects	already_resolves	পাথুনি
পেলকা	1	objects	already_resolves	পেলকা
বথুয়া	1	objects	already_resolves	বথুয়া
পমেটো	1	objects	normalized_variant	পোয়েট
পার্সনিপ	1	objects	already_resolves	পার্সনিপ
কুলুবান	1	objects	already_resolves	কুলুবান
মিজেরিয়া	1	objects	already_resolves	মিজেরিয়া
রোজাক	1	objects	normalized_variant	রজ্জাক
শাকারাপ	1	objects	already_resolves	শাকারাপ
সিংজু	1	objects	already_resolves	সিংজু
স্টু	28	objects	already_resolves	স্টু
চ্রাইম	1	objects	normalized_variant	চাইম
শিরো	1	objects	normalized_variant	শিরঃ
কোশার	8	objects	normalized_variant	কোষার
চুইঝালের	1	objects	already_resolves	চুইঝালের
ছিকর	1	objects	normalized_variant	চিকো
জলফ্রেজি	1	objects	already_resolves	জলফ্রেজি
তেলানী	1	objects	normalized_variant	তেলানি
দুরুস	1	objects	normalized_variant	দুরু
নাখাম	1	objects	already_resolves	নাখাম
পরোট্টা	1	objects	normalized_variant	পরোটা
বিলপাড়ার	1	objects	already_resolves	বিলপাড়ার
মুঘলাই	7	objects	already_resolves	মুঘলাই
রসকদম্ব	14	objects	normalized_variant	রসকদম
ম্যান্দা	1	objects	normalized_variant	মান্দা
টেনশি	1	objects	normalized_variant	এনসি
খন্ডলের	1	objects	normalized_variant	কোন্দলের
জহা	1	objects	normalized_variant	জোহা
নুনেতে	1	objects	already_resolves	নুনেতে
ভাতেতে	1	objects	already_resolves	ভাতেতে
বাবরসা	1	objects	already_resolves	বাবরসা
রেস্টুরেন্টারস	1	objects	normalized_variant	রেস্টুরেন্টটার
ডেফলের	1	objects	already_resolves	ডেফলের
হুটকি	1	objects	normalized_variant	শুটকি
ম্যাঙ্গিফেরা	1	objects	normalized_variant	ম্যাঙ্গালোরের
লক্ষণভোগ	1	objects	normalized_variant	লক্ষ্মণভোগ
পিছন্দি	1	objects	normalized_variant	পছন্দই
বৈঁচি	1	objects	normalized_variant	বৈচি
এলাহাবাদী	1	objects	normalized_variant	এলাহাবাদ
সুরখা	1	objects	normalized_variant	সুরক্ষা
লকুত	1	objects	normalized_variant	লৌট
চিভ	1	objects	normalized_variant	চিবা
টেঙা	1	objects	normalized_variant	টেংগা
বিউলির	1	objects	normalized_variant	বিলির
ডুলসিস	1	objects	normalized_variant	দুলচ্ছিস
কারোয়া	1	objects	normalized_variant	কাওয়া
কোয়াকোকো	1	objects	normalized_variant	কোয়াকু
বুনিয়াম	1	objects	normalized_variant	বুনিয়া
উন্ধিয়ু	1	objects	already_resolves	উন্ধিয়ু
থীয়াল	1	objects	already_resolves	থীয়াল
বাটাটা	1	objects	already_resolves	বাটাটা
মাঞ্চুরিয়ান	1	objects	normalized_variant	মাঞ্চুরিয়া
রাতাতুই	1	objects	already_resolves	রাতাতুই
আম্মামা	1	objects	normalized_variant	আমারা
ক্যামিসা	1	objects	normalized_variant	ক্যামিলা
ঘরারা	1	objects	normalized_variant	ঘোড়ারা
ঘারারা	1	objects	already_resolves	ঘারারা
ডির্ন্ডল	1	objects	normalized_variant	দীর্ঘছন্দের
বস্ত্রাদি	1	objects	already_resolves	বস্ত্রাদি
পাসপালি	1	objects	already_resolves	পাসপালি
ফর্শি	1	objects	normalized_variant	পড়ছি
মিতপাহাত	1	objects	already_resolves	মিতপাহাত
নেরিয়াথুম	1	objects	already_resolves	নেরিয়াথুম
সরশি	1	objects	normalized_variant	সরসী
শিইন	1	objects	normalized_variant	সীন
জামাওয়ার	1	objects	already_resolves	জামাওয়ার
থং	1	objects	already_resolves	থং
ফারজি	1	objects	normalized_variant	ফারজী
হিমাচলি	1	objects	already_resolves	হিমাচলি
দুকুলা	1	objects	normalized_variant	দুলা
লাহোরি	1	objects	already_resolves	লাহোরি
চাদ্দার	1	objects	normalized_variant	চাদর
মুহাম্মাদের	1	objects	already_resolves	মুহাম্মাদের
বিমানচালনাবিদ্যা	1	objects	already_resolves	বিমানচালনাবিদ্যা
নৌবিমান	1	objects	already_resolves	নৌবিমান
ইমপালস	1	objects	already_resolves	ইমপালস
ইউজিনিয়া	1	objects	already_resolves	ইউজিনিয়া
ওপেনসিম্যাপ	1	objects	already_resolves	ওপেনসিম্যাপ
ঘূর্ণনবীক্ষক	1	objects	normalized_variant	ঘূর্ণনক্ষমতা
নৌচালনবিদ্যার	1	objects	already_resolves	নৌচালনবিদ্যার
মার্টেলিওয়ের	1	objects	normalized_variant	মার্তিনেল্লির
মেরুতারা	1	objects	already_resolves	মেরুতারা
রাম্ব	1	objects	normalized_variant	রাম
বিমানচালনা	1	objects	already_resolves	বিমানচালনা
অটোকার	1	objects	normalized_variant	টোকার
হুইলড	1	objects	normalized_variant	হুইল
এমেকো	1	objects	normalized_variant	মিকো
মেজানাইন	1	objects	already_resolves	মেজানাইন
রাণীনগরের	1	objects	normalized_variant	রানীনগরের
চেওবুর	1	objects	already_resolves	চেওবুর
নীলাভিলাক্কু	1	objects	already_resolves	নীলাভিলাক্কু
ঐকবাদনদল	1	objects	already_resolves	ঐকবাদনদল
সিস্ত্রাম	1	objects	already_resolves	সিস্ত্রাম
স্টিলপ্যান	1	objects	normalized_variant	স্তিমিতপ্রাণ
ইদাক্কা	1	objects	normalized_variant	ডাক্কা
ঘুমট	1	objects	normalized_variant	ঘুমত
তাইকো	1	objects	normalized_variant	টাইকো
ধদ	1	objects	normalized_variant	ধো
পাম্বাই	1	objects	already_resolves	পাম্বাই
ক্ল্যারিওনেট	1	objects	normalized_variant	ক্ল্যারিনেট
ইলতালম	1	objects	already_resolves	ইলতালম
সিম্বাল	1	objects	normalized_variant	সিম্বল
গুবগুবা	1	objects	already_resolves	গুবগুবা
কামানছেহ	1	objects	already_resolves	কামানছেহ
কিউরা	1	objects	already_resolves	কিউরা
জৌরাস	1	objects	normalized_variant	জরাস
তাউস	1	objects	normalized_variant	টস
ষ্টীল	1	objects	normalized_variant	স্টীল
সুরমণ্ডল	1	objects	normalized_variant	সৌরমণ্ডল
এক্কালাম	1	objects	already_resolves	এক্কালাম
অ্যাডিলি	1	objects	normalized_variant	ওয়াইল
কাকাপো	1	objects	normalized_variant	কাকাও
ম্যাকোর্নি	1	objects	normalized_variant	ম্যাকরনি
রেইল	1	objects	normalized_variant	রেলি
কোরাক্স	1	objects	normalized_variant	কোরাস
রুফিসেপস	1	objects	already_resolves	রুফিসেপস
স্টারনা	1	objects	already_resolves	স্টারনা
গুয়ানো	1	objects	normalized_variant	গুয়ান
স্কোপ্স	1	objects	normalized_variant	শপস
পুটিয়াল	1	objects	normalized_variant	পুটিয়া
উদয়ী	1	objects	already_resolves	উদয়ী
কুচকুচি	1	objects	already_resolves	কুচকুচি
তানজানিয়ান	1	objects	normalized_variant	তানজানিয়া
পালাবান	1	objects	normalized_variant	প্লাবন
ঝুটিওয়ালা	1	objects	normalized_variant	ঝুঁটিওয়ালা
ব্রল্গা	1	objects	normalized_variant	বল্গা
ভিসায়ন	1	objects	normalized_variant	ভিসায়
লালবক	1	objects	already_resolves	লালবক
সুলাওয়েসি	1	objects	already_resolves	সুলাওয়েসি
স্ল্যাটি	1	objects	normalized_variant	ছায়াটি
বান্টিং	1	objects	normalized_variant	ব্যাংকিং
হ্যামপ্রিকের	1	objects	already_resolves	হ্যামপ্রিকের
আকিকিকি	1	objects	already_resolves	আকিকিকি
রেইডি	1	objects	already_resolves	রেইডি
কুকাবুরা	1	objects	already_resolves	কুকাবুরা
অ্যানাস	1	objects	normalized_variant	অ্যানা
কর্ভাস	1	objects	normalized_variant	করাস
কাইরিনা	1	objects	normalized_variant	কারিনা
ক্যাকাটুয়া	1	objects	normalized_variant	কাকাতুয়া
গ্রুস	1	objects	normalized_variant	রুশ
তালবাতাসি	1	objects	already_resolves	তালবাতাসি
ভিডুয়া	1	objects	normalized_variant	বিদ্যা
মার্গাস	1	objects	normalized_variant	ভার্গাস
সাসিয়া	1	objects	normalized_variant	আসিয়া
কেটযাল	1	objects	normalized_variant	কেওয়াল
ডোডো	1	objects	already_resolves	ডোডো
আরবিকাম	1	objects	already_resolves	আরবিকাম
ব্রাজ্জাই	1	objects	normalized_variant	ব্রাজিলখ্যাত
এলেগ্যান্স	1	objects	already_resolves	এলেগ্যান্স
ল্যাম্বার্টি	1	objects	normalized_variant	ল্যাম্বার্ট
পুন্তিয়াস	1	objects	normalized_variant	পুঁতিয়া
সিলেই	1	objects	normalized_variant	ছিলেই
বাল্বাস	1	objects	already_resolves	বাল্বাস
পিরানা	1	objects	already_resolves	পিরানা
প্লাটি	1	objects	already_resolves	প্লাটি
ম্যাকরেল	1	objects	normalized_variant	ম্যাকরিল
অ্যাংগ্রা	1	objects	normalized_variant	অযাত্রা
খারিশ	1	objects	normalized_variant	হারিশ
কাবাশী	1	objects	normalized_variant	কাবাসী
কুইচা	1	objects	normalized_variant	কুইচ্যা
কুশ্তি	1	objects	normalized_variant	কুস্তি
ক্রান্তিয়	1	objects	normalized_variant	ক্রান্তীয়
খল্ল্যা	1	objects	normalized_variant	খল্লা
খুতনী	1	objects	normalized_variant	কুটনি
গুতুম	1	objects	already_resolves	গুতুম
ঘাঘড়া	1	objects	normalized_variant	ঘাঘরা
গারুয়া	1	objects	normalized_variant	গাড়ুয়া
গুজি	1	objects	normalized_variant	গুঁজি
গুলসা	1	objects	normalized_variant	গুলশা
গোঁফালো	1	objects	normalized_variant	গোপাল
নিপাতী	1	objects	already_resolves	নিপাতী
চোলা	1	objects	normalized_variant	চলা
পইয়া	1	objects	normalized_variant	পিয়া
খরোল	1	objects	normalized_variant	খোড়ল
পিয়ালী	1	objects	already_resolves	পিয়ালী
শিংঘি	1	objects	normalized_variant	সিংহী
ডানডি	1	objects	normalized_variant	ডান্ডি
গুরামী	1	objects	already_resolves	গুরামী
সরপুটি	1	objects	normalized_variant	সরপুঁটি
থুইতা	1	objects	normalized_variant	থিটা
দাড়কিনা	1	objects	normalized_variant	দাঁড়কিনা
লাউবুছা	1	objects	already_resolves	লাউবুছা
সুইয়া	1	objects	normalized_variant	শুইয়া
ধাইন	1	objects	normalized_variant	ড্রেন
তিতারী	1	objects	already_resolves	তিতারী
নানচিল	1	objects	already_resolves	নানচিল
নানদিনা	1	objects	normalized_variant	নান্দিনা
কার্পু	1	objects	already_resolves	কার্পু
বড়মুখা	1	objects	normalized_variant	বড়মুখ
কুনচি	1	objects	normalized_variant	কুঁচি
খারু	1	objects	normalized_variant	খাড়ু
বাচুয়া	1	objects	already_resolves	বাচুয়া
বাজুরী	1	objects	normalized_variant	বাউরি
ভুট	1	objects	normalized_variant	ভুত
বিভানী	1	objects	already_resolves	বিভানী
বোডার্টের	1	objects	normalized_variant	বদান্যতার
ভেলেন্সিনেসের	1	objects	already_resolves	ভেলেন্সিনেসের
বাইল্লা	1	objects	normalized_variant	বালা
বেচী	1	objects	normalized_variant	বেচি
রাটা	1	objects	normalized_variant	রাতটা
কাচনি	1	objects	normalized_variant	কাচান
স্কেলী	1	objects	already_resolves	স্কেলী
লোকতাক	1	objects	normalized_variant	লোকটাক
সিলোন্দ	1	objects	normalized_variant	সিলন
আপুইয়া	1	objects	normalized_variant	আপিয়া
স্যভন	1	objects	normalized_variant	স্যমন্তক
খোরকা	1	objects	normalized_variant	খড়কা
দারাক	1	objects	normalized_variant	দাঁড়াক
অ্যাবাকা	1	objects	normalized_variant	অ্যাবাকাস
কোডিট	1	objects	normalized_variant	অডিট
সবাত	1	objects	normalized_variant	সবা
পোয়াসি	1	objects	normalized_variant	পোয়াচ্ছি
কাভাক	1	objects	normalized_variant	কাভা
গালানগল	1	objects	already_resolves	গালানগল
ব্যলেতে	1	objects	normalized_variant	বলেতে
কানোকা	1	objects	normalized_variant	কানকা
জেফিরান্থেস	1	objects	already_resolves	জেফিরান্থেস
ক্যারিনাটা	1	objects	normalized_variant	ক্যারিনা
টিউলিপা	1	objects	normalized_variant	টিউলিপ
আরমেনা	1	objects	normalized_variant	রোমেনা
বৌদ্ধহস্তদম্ভ	1	objects	already_resolves	বৌদ্ধহস্তদম্ভ
লিনাম	1	objects	normalized_variant	ইনাম
ফিস্টুলোসাস	1	objects	normalized_variant	ফিস্টুলাসহ
আইলান্থাস	1	objects	already_resolves	আইলান্থাস
আলতিসসিমা	1	objects	already_resolves	আলতিসসিমা
ইচিনেসিয়া	1	objects	already_resolves	ইচিনেসিয়া
ঈশের	1	objects	normalized_variant	ঈষের
মেরিয়ানা	1	objects	normalized_variant	মেরিয়ান
কন্টিকারি	1	objects	normalized_variant	কণ্টিকারি
কপসিয়া	1	objects	already_resolves	কপসিয়া
কলকাসুন্দা	1	objects	already_resolves	কলকাসুন্দা
কল্কাসুন্দা	1	objects	already_resolves	কল্কাসুন্দা
কামুদিনী	1	objects	already_resolves	কামুদিনী
কুকসিমা	1	objects	normalized_variant	কুকশিমা
কুলঞ্জন	1	objects	already_resolves	কুলঞ্জন
কোথ	1	objects	normalized_variant	কঠ
সাইনেনসিস	1	objects	already_resolves	সাইনেনসিস
গন্ধভাদালি	1	objects	already_resolves	গন্ধভাদালি
মরুয়া	1	objects	already_resolves	মরুয়া
ট্রেমা	1	objects	normalized_variant	ট্রমা
ডিজিটালিস	1	objects	normalized_variant	ডিজিটালি
তার্খুন	1	objects	normalized_variant	তার্পিণ
দৌম	1	objects	normalized_variant	ডোম
পলিগালা	1	objects	already_resolves	পলিগালা
পাপরিকা	5	objects	already_resolves	পাপরিকা
ফনীমনসা	1	objects	normalized_variant	ফণীমনসা
বিষকাটালী	1	objects	normalized_variant	বিষকাটালি
বুনিফল	1	objects	already_resolves	বুনিফল
ওকরা	1	objects	normalized_variant	ওকড়া
মিশ্রিদানা	1	objects	already_resolves	মিশ্রিদানা
শিকোরি	1	objects	normalized_variant	শিকড়
স্যালিক্স	1	objects	normalized_variant	স্যালি
সিনেরিয়া	1	objects	already_resolves	সিনেরিয়া
হরিতকী	1	objects	normalized_variant	হরিতকি
কলভিলিয়া	1	objects	already_resolves	কলভিলিয়া
আগরা	1	objects	normalized_variant	আগোরা
নাগবল্লী	1	objects	normalized_variant	নাগবলস্নী
ঢেকিশাক	1	objects	normalized_variant	ঢেঁকিশাক
তিলান্দসিয়া	1	objects	already_resolves	তিলান্দসিয়া
পিতরাজ	1	objects	already_resolves	পিতরাজ
কপিচিং	1	objects	already_resolves	কপিচিং
কারনোসা	1	objects	normalized_variant	কারনোস
গনিডিয়া	1	objects	normalized_variant	গণীয়
স্পিরুলিনা	1	objects	normalized_variant	স্পিরিটটা
মালভেসি	1	objects	already_resolves	মালভেসি
লালপাতা	1	objects	already_resolves	লালপাতা
রেখাযুক্ত	1	objects	already_resolves	রেখাযুক্ত
আবরাসাস	1	objects	already_resolves	আবরাসাস
স্পোরোক্র্যা	1	objects	normalized_variant	স্পর্শক্রামী
গ্লাইসেরা	1	objects	already_resolves	গ্লাইসেরা
শেখমুজিবি	1	objects	normalized_variant	শেখমুজিব
মিলিটারিস	1	objects	normalized_variant	মিলিটারি
বক্রকৃমি	1	objects	normalized_variant	বক্রদৃষ্টি
ইকথাইওফিস	1	objects	already_resolves	ইকথাইওফিস
কনড্রিন	1	objects	normalized_variant	কোনদিন
অর্নিথোপোডা	1	objects	normalized_variant	অর্ণিকা
ক্যানসেইগনাথাস	1	objects	already_resolves	ক্যানসেইগনাথাস
রাজাসরাস	1	objects	already_resolves	রাজাসরাস
সরিস্কিয়া	1	objects	normalized_variant	সৃস্টি
কুগার	1	objects	normalized_variant	ক্রুগার
পশুকামিতা	1	objects	already_resolves	পশুকামিতা
মানসোল্লাস	1	objects	normalized_variant	মানউল্লাহ
ত্রিতরকুইস	1	objects	already_resolves	ত্রিতরকুইস
লিমুলাস	1	objects	already_resolves	লিমুলাস
আর্ডভার্ক	1	objects	normalized_variant	আর্দ্রক
ইয়াফুর	1	objects	already_resolves	ইয়াফুর
কিটির	1	objects	already_resolves	কিটির
ক্যাংগারু	1	objects	normalized_variant	ক্যাঙ্গারু
ঘরখুদিনি	1	objects	already_resolves	ঘরখুদিনি
বীভার	1	objects	normalized_variant	বিভার
অ্যাপ্টোস	1	objects	normalized_variant	ওয়াটস
টেন্টা	1	objects	normalized_variant	টেঁটা
এফএন	1	objects	normalized_variant	ইএফএন
এফএএল	1	objects	normalized_variant	এফএএ
এ্যাসাল্ট	1	objects	normalized_variant	ব্যাসাল্ট
পিপার	1	objects	already_resolves	পিপার
ককটেইল	1	objects	normalized_variant	ককটেল
মাউসার	1	objects	normalized_variant	মুসার
হাইপারসনিক	1	objects	already_resolves	হাইপারসনিক
বিলহুক	1	objects	already_resolves	বিলহুক
হাশি	1	objects	normalized_variant	হাসি
ডিবার	1	objects	normalized_variant	দিবার
টর্চবাতি	1	objects	normalized_variant	তর্কবাগীশ
অসিলোস্কোপ	1	objects	normalized_variant	অসীমসংখ্যক
ইন্সট্রুমেন্টেশন	1	objects	normalized_variant	ইন্সট্রুমেন্ট
ডোকো	1	objects	normalized_variant	ডক
সুজুরী	1	objects	normalized_variant	সূরী
বাকো	1	objects	normalized_variant	বাকা
কিরপি	1	objects	already_resolves	কিরপি
গ্রাফটার	1	objects	already_resolves	গ্রাফটার
স্টিচার	1	objects	normalized_variant	টিচার
মাচেতে	1	objects	normalized_variant	মাছেতে
পিরোগ	1	objects	normalized_variant	পীর
বুচনা	1	objects	already_resolves	বুচনা
শেপার	1	objects	normalized_variant	শেপার্ড
লিপোগ্রাম	1	objects	normalized_variant	লীগপ্রধান
কিরিগেমি	1	objects	already_resolves	কিরিগেমি
উপাখ্যা	1	objects	normalized_variant	উপাখ্যান
আর্কাইভকৃত	141	people+places+unions+science+objects	normalized_variant	আর্কাইভকর্মী
ওয়েব্যাক	117	people+places+unions+science+objects	already_resolves	ওয়েব্যাক
অবদানেন	17	people	normalized_variant	অবদানে
খ্রীস্টাব্দে	14	people+places	normalized_variant	খ্রিস্টাব্দে
জন্মঃ	13	people	normalized_variant	জন্ম
এডভোকেট	21	people+places	already_resolves	এডভোকেট
মাইমের	8	people	already_resolves	মাইমের
করোনাভাইরাসে	7	people	already_resolves	করোনাভাইরাসে
অবজার্ভার	7	people	already_resolves	অবজার্ভার
তাপিশ্রীর	7	people	already_resolves	তাপিশ্রীর
মৃত্যুঃ	6	people	normalized_variant	মৃত্যু
রবীন্দ্রসঙ্গীতের	6	people	already_resolves	রবীন্দ্রসঙ্গীতের
হোছাইনের	5	people	already_resolves	হোছাইনের
সম্পাদকমন্ডলীর	5	people	normalized_variant	সম্পাদকমণ্ডলীর
ভুষিত	5	people	normalized_variant	ভূষিত
সাভেরা	5	people	normalized_variant	সাবেরা
খুদাকে	5	people	already_resolves	খুদাকে
স্বীকৃতিস্বরুপ	5	people	normalized_variant	স্বীকৃতিস্বরূপ
হলোঃ	33	people+places+science	normalized_variant	হলো
কাব্যগ্রন্থগুলো	5	people	already_resolves	কাব্যগ্রন্থগুলো
এ্যাওয়ার্ড	5	people	normalized_variant	অ্যাওয়ার্ড
পিএএফ	5	people	normalized_variant	পিএফ
ইং	15	people+places+unions	normalized_variant	ইয়ং
সংখ্যাঃ	62	places	normalized_variant	সংখ্যা
আদমশুমারী	57	places+unions	normalized_variant	আদমশুমারি
পাকারাস্তা	55	places	normalized_variant	পাকারমাথা
খ্রিঃ	52	places	normalized_variant	খ্রি
কিঃ	52	places+unions	normalized_variant	কি
লিঃ	50	places	normalized_variant	লি
মুজাবর্ণী	46	places	normalized_variant	মুজাবনীর
রহঃ	31	places	normalized_variant	রহো
পূর্ণমতি	31	places	normalized_variant	পূর্ণমতী
শুমারী	29	places	already_resolves	শুমারী
রপ্তানিদ্রব্য	29	places	normalized_variant	রপ্তানিদ্রব্যের
প্রাঃ	28	places	normalized_variant	প্রায়
বিদ্যালয়ঃ	24	places+unions	normalized_variant	বিদ্যালয়ও
হলঃ	21	places+science	normalized_variant	হলো
নিদর্শনাদি	21	places	normalized_variant	নিদর্শনাদির
রয়েছেঃ	21	places	normalized_variant	রয়েছে
সংষ্কৃতি	20	places	normalized_variant	সংস্কৃতি
রঃ	19	places	normalized_variant	রো
ইবতেদায়ী	18	places	already_resolves	ইবতেদায়ী
সমূহের	18	places+science	already_resolves	সমূহের
জমিদারীর	17	places	already_resolves	জমিদারীর
ভূট্টা	16	places	normalized_variant	ভূতটা
চন্দ্রদ্বীপের	16	places	already_resolves	চন্দ্রদ্বীপের
মাদ্রাসাতে	16	places	already_resolves	মাদ্রাসাতে
প্রাথিমক	16	places	normalized_variant	প্রাথমিক
তৎকালিন	15	places	normalized_variant	তৎকালীন
আটিগ্রামে	15	places	already_resolves	আটিগ্রামে
জনসংখ্যাঃ	14	places	normalized_variant	জনসংখ্যা
ব্যাক্তিত্ব	13	places	already_resolves	ব্যাক্তিত্ব
কাঁচারী	13	places	normalized_variant	কাচারী
মূখী	13	places	normalized_variant	মুখী
পল্লিবিদ্যুতায়ন	13	places	normalized_variant	পল্লীবিদ্যুতায়ন
বানিয়াচঙ্গ	13	places	normalized_variant	বানিয়াচং
রাণীরবন্দর	12	places	normalized_variant	রানীরবন্দর
শতাব্দির	12	places+science	normalized_variant	শতাব্দীর
হেঃ	12	places	normalized_variant	হে
মাদারিপুর	12	places	normalized_variant	মাদারীপুর
ভেলামারী	11	places	normalized_variant	ভেলার
মেঃ	11	places	normalized_variant	মে
টুংগীপাড়া	11	places	normalized_variant	টুঙ্গিপাড়া
ভূক্ত	11	places	already_resolves	ভূক্ত
পথঃ	11	places	normalized_variant	পথ
আরাকানী	10	places	normalized_variant	আরাকান
খন্ডের	10	places	normalized_variant	খণ্ডের
রেজিষ্টার্ড	10	places	normalized_variant	রেজিস্টার্ড
আরাগ	10	places	normalized_variant	আরাগঁ
পরাগল	10	places	normalized_variant	পরাগ
রাঃ	10	places	normalized_variant	রা
মুন্ডারী	10	places	normalized_variant	মুন্ডারি
মিরেরখীল	10	places	normalized_variant	মীরেরখীল
লক্ষীছড়ি	9	places	normalized_variant	লক্ষ্মীছড়ি
ফেরীঘাট	9	places	normalized_variant	ফেরিঘাট
অর্ন্তভূক্ত	9	places	already_resolves	অর্ন্তভূক্ত
নদিয়া	9	places	normalized_variant	নদীয়া
ভগদত্ত	9	places	normalized_variant	ভগবদদত্ত
ম্রো	9	places+news	already_resolves	ম্রো
একস্থান	8	places+science	normalized_variant	একস্থানে
ইউনিয়নঃ	8	places	normalized_variant	ইউনিয়ন
ওরশ	8	places	normalized_variant	ওরস
বন্যপ্রাণ	8	places	normalized_variant	বন্যপ্রাণী
সমূহঃ	8	places	normalized_variant	সমূহ
বাজারঃ	8	places	normalized_variant	বাজারো
মাওঃ	8	places	normalized_variant	মাও
জুমল	8	places	normalized_variant	জুমলা
আসউস	8	places	normalized_variant	আসোস
জানকুপাথর	8	places	already_resolves	জানকুপাথর
বিজবাগ	8	places	normalized_variant	বীজবাগ
হচ্ছেঃ	8	places	normalized_variant	হচ্ছে
চৌহালির	8	places	normalized_variant	চৌহালীর
প্রাগপুরে	8	places	already_resolves	প্রাগপুরে
ফসলঃ	7	places	normalized_variant	ফসলও
কামরুপ	7	places	normalized_variant	কামরূপ
বিঃ	7	places	normalized_variant	বি
ধানকল	7	places	already_resolves	ধানকল
ইব্রাহিমাবাদ	7	places+news	normalized_variant	ইব্রাহীমরা
হরিশচন্দ্রের	7	places	already_resolves	হরিশচন্দ্রের
কলেজঃ	7	places	normalized_variant	কলেজও
বিদ্যালয	7	places	normalized_variant	বিদ্যালয়
মাদ্রাসাঃ	7	places	normalized_variant	মাদ্রাসা
সমুহ	7	places	normalized_variant	সমূহ
দয়ারাম	7	places	normalized_variant	দ্বারা
প্রতিষ্ঠানঃ	7	places	normalized_variant	প্রতিষ্ঠানও
কলাউ	7	places	normalized_variant	কলা
গংগা	7	places	normalized_variant	গঙ্গা
ব্যক্তিত্ত্ব	7	places	normalized_variant	ব্যক্তিত্ব
মধ্যাংশে	6	places	already_resolves	মধ্যাংশে
চাকরোয়া	6	places	normalized_variant	চাকুয়া
সুপারী	6	places	already_resolves	সুপারী
কেন্দ্রীক	6	places	normalized_variant	কেন্দ্রিক
খারুভাঞ্জ	6	places	normalized_variant	খারুভাঁজ
সতন্ত্র	6	places	normalized_variant	স্বতন্ত্র
উল্ল্যেখযোগ্য	6	places	normalized_variant	উল্লেখযোগ্য
ব্রি	6	places+news	already_resolves	ব্রি
তম্মধ্যে	6	places	normalized_variant	তন্মধ্যে
আয়তনঃ	6	places	normalized_variant	আয়তন
বরেন্দ্রী	6	places	already_resolves	বরেন্দ্রী
খরকা	6	places	normalized_variant	খড়কা
কর্দমের	6	places	already_resolves	কর্দমের
কম্পরাম	6	places	already_resolves	কম্পরাম
এতদ	6	places	normalized_variant	এতদ্‌
পুরুষঃ	6	places+literature	normalized_variant	পুরুষও
অফিসঃ	6	places	normalized_variant	অফিসও
মহীপালের	6	places	already_resolves	মহীপালের
কিঃমিঃ	6	places	normalized_variant	কিম
স্কুলঃ	6	places	normalized_variant	স্কুলও
আড়হর	6	places	normalized_variant	অড়হর
সেইসময়	6	places	already_resolves	সেইসময়
ধূয়া	6	places	normalized_variant	ধুয়া
সাকাম	6	places	normalized_variant	আকাম
সংগঠনঃ	6	places	normalized_variant	সংগঠনও
কল্যান্দি	6	places	normalized_variant	কল্যান্দী
জিএমহাট	6	places	normalized_variant	জিএমআর
দ্দিন	6	places	normalized_variant	দিন
আড়িয়ল	6	places	normalized_variant	আরিয়ল
মৈতেই	6	places	already_resolves	মৈতেই
খামারঃ	6	places	normalized_variant	খামার
পশ্চিমবন্দ	6	places	normalized_variant	পশ্চিমবঙ্গ
মহিষকুণ্ডী	6	places	normalized_variant	মহিষকুণ্ডি
ইআইআইএন	6	places	already_resolves	ইআইআইএন
হরিনারায়ণপুরে	6	places	already_resolves	হরিনারায়ণপুরে
মুয়াজ্জামবাদ	6	places	normalized_variant	মুয়াজ্জামাবাদে
জমিদারবাড়ী	5	places	normalized_variant	জমিদারবাড়ি
সী	5	places	normalized_variant	সিই
রাস্তাঃ	5	places	normalized_variant	রাস্তা
তারাবরে	5	places	already_resolves	তারাবরে
পৌরসভাঃ	5	places	normalized_variant	পৌরসভা
বুড্ডি	5	places	normalized_variant	বুদ্দ
ভারেল্লা	5	places	normalized_variant	ভারেঙ্গা
জরুইন	5	places	normalized_variant	জৈন
জরইন	5	places	normalized_variant	ঝরেন
বাইতুন	5	places	already_resolves	বাইতুন
বাকই	5	places	normalized_variant	বাক্যই
পরিচালনায়ঃ	5	places	normalized_variant	পরিচালনায়
হারঃ	5	places	normalized_variant	হারো
পুন্ড্র	5	places	normalized_variant	পুণ্ড্র
পরগণায়	5	places	normalized_variant	পরগনায়
পন্য	5	places	normalized_variant	পণ্য
বৈন্যগুপ্ত	5	places	already_resolves	বৈন্যগুপ্ত
ধর্মাদিত্য	5	places	normalized_variant	ধর্মানুমোদিত
ফতেহাবাদের	5	places	already_resolves	ফতেহাবাদের
ধুয়াগান	5	places	already_resolves	ধুয়াগান
হেয়ালি	5	places	normalized_variant	হেঁয়ালি
তুলপাই	5	places	already_resolves	তুলপাই
গর্ভমেন্ট	5	places	normalized_variant	গর্ভমুণ্ড
নদীঃ	5	places	normalized_variant	নদী
হাসপাতালঃ	5	places	normalized_variant	হাসপাতালও
ক্লিনিকঃ	5	places	normalized_variant	ক্লিনিক
যেমনঃ	37	places+science+objects	normalized_variant	যেমন
পাতিলাদহ	5	places	already_resolves	পাতিলাদহ
বেসরাকারি	5	places	already_resolves	বেসরাকারি
ডনো	5	places	normalized_variant	দোনো
নামকরন	5	places	normalized_variant	নামকরণ
পদ্মপুরাণের	5	places	already_resolves	পদ্মপুরাণের
আটাকল	5	places	normalized_variant	আকল
সমাধী	5	places	normalized_variant	সমাধি
এলুমিনিয়াম	5	places	already_resolves	এলুমিনিয়াম
মহিলাঃ	5	places	normalized_variant	মহিলা
ব্যাংকঃ	5	places	normalized_variant	ব্যাংক
আগমণ	5	places	normalized_variant	আগমন
বদলগাছীকে	5	places	already_resolves	বদলগাছীকে
সেঃ	5	places	normalized_variant	সে
পাটুল	5	places	normalized_variant	পল
এলাকাঃ	5	places	normalized_variant	এলাকা
চন্ডির	5	places	normalized_variant	চণ্ডীর
ঘনত্বঃ	5	places	normalized_variant	ঘনত্ব
মিরগঞ্জ	5	places	normalized_variant	মীরগঞ্জ
সাগরকান্দী	5	places	normalized_variant	সাগরকান্দি
প্রাথ	5	places	normalized_variant	পার্থ
কল্পে	5	places	already_resolves	কল্পে
হজরৎ	5	places	normalized_variant	হজরত
অর্থকারী	5	places	normalized_variant	অর্থকরী
ফলঃ	5	places	normalized_variant	ফলো
ফান্দাউক	5	places	normalized_variant	ফান্ডাউক
ভূতত্ত্ববিদরা	5	places	already_resolves	ভূতত্ত্ববিদরা
অধিনে	5	places	normalized_variant	অধীনে
বর্গাকারে	5	places	already_resolves	বর্গাকারে
তথ্যঃ	5	places	normalized_variant	তথ্য
মুঘলরা	5	places	already_resolves	মুঘলরা
ভুরুলিয়া	5	places	normalized_variant	ভূরুলিয়া
চৌহালিকে	5	places	already_resolves	চৌহালিকে
ভগদত্তের	5	places	normalized_variant	ভগবদদত্ত
খুলু	5	places	already_resolves	খুলু
মির্জ্জানগর	5	places	normalized_variant	মির্জানগর
শাহারপাড়ার	5	places	already_resolves	শাহারপাড়ার
চুয়াডাঙ্গাতে	5	places	already_resolves	চুয়াডাঙ্গাতে
ইউনিয়নটিতে	134	unions	already_resolves	ইউনিয়নটিতে
আদমশুমারীর	131	unions	normalized_variant	আদমশুমারির
কাটেংগা	9	unions	normalized_variant	কাটেঙ্গা
ওয়ার্ডঃ	9	unions	normalized_variant	ওয়ার্ড
নওলামারী	6	unions	normalized_variant	উলামার
অণুগুলির	50	science	normalized_variant	ওগুলির
যাইহোক	50	science+objects	already_resolves	যাইহোক
পৃষ্ঠতলের	45	science	already_resolves	পৃষ্ঠতলের
তাপগতিবিদ্যা	45	science	normalized_variant	তাপগতিবিদ্যার
উপাদানগুলির	45	science+objects	already_resolves	উপাদানগুলির
ধ্রুবকের	38	science	already_resolves	ধ্রুবকের
কণাগুলির	37	science	already_resolves	কণাগুলির
বেরিয়ামের	36	science	already_resolves	বেরিয়ামের
অরবিটালে	34	science	already_resolves	অরবিটালে
ভরকে	33	science	normalized_variant	ভড়কে
মৌলগুলো	33	science	already_resolves	মৌলগুলো
কণাগুলি	30	science	already_resolves	কণাগুলি
ভ্যালেন্স	30	science	normalized_variant	ব্যালেন্স
ভেক্টরকে	29	science	normalized_variant	হেক্টরকে
অরবিটালের	29	science	already_resolves	অরবিটালের
স্পর্শকোণ	29	science	normalized_variant	স্পর্শক
উপাদানগুলি	28	science+objects	already_resolves	উপাদানগুলি
তড়িৎক্ষেত্রের	27	science	already_resolves	তড়িৎক্ষেত্রের
তরঙ্গগুলি	26	science	already_resolves	তরঙ্গগুলি
সিন্থেটিক	26	science+objects	normalized_variant	সিনথেটিক
রসায়নবিদরা	24	science	already_resolves	রসায়নবিদরা
খ্রিস্টপূর্বাব্দ	23	science+objects	normalized_variant	খ্রিষ্টপূর্বাব্দ
ইলেক্ট্রনের	23	science	normalized_variant	ইলেকট্রনের
অণুগুলি	23	science	already_resolves	অণুগুলি
সারণীর	23	science	normalized_variant	সারণির
হাইড্রক্সাইড	23	science	normalized_variant	হাইড্রোক্সাইড
মৌলগুলির	23	science	already_resolves	মৌলগুলির
পরিবাহীতে	22	science	already_resolves	পরিবাহীতে
ফ্লাক্সের	22	science	already_resolves	ফ্লাক্সের
বিক্রিয়াটি	21	science	already_resolves	বিক্রিয়াটি
পরমাণুগুলি	21	science	already_resolves	পরমাণুগুলি
পদ্ধতিগুলি	20	science	already_resolves	পদ্ধতিগুলি
ক্রিয়ারত	20	science	normalized_variant	ক্রিয়ারই
হিলবার্ট	20	science	normalized_variant	গিলবার্ট
ডিওআই	20	science+objects	normalized_variant	ডিওয়াই
পৃষ্ঠটানের	20	science	already_resolves	পৃষ্ঠটানের
যৌগগুলি	20	science	already_resolves	যৌগগুলি
কিউমুলাস	19	science	already_resolves	কিউমুলাস
সারণীতে	19	science	normalized_variant	সারণিতে
ধারণাগুলি	18	science	already_resolves	ধারণাগুলি
হয়ঃ	17	science	normalized_variant	হয়ো
পদার্থগুলি	17	science	already_resolves	পদার্থগুলি
সমবর্তিত	17	science	normalized_variant	সমবর্তিতা
কণাগুলিকে	17	science	normalized_variant	কোনগুলিকে
সমীকরণগুলি	17	science	already_resolves	সমীকরণগুলি
বোসনের	17	science	normalized_variant	বসনের
যৌগকে	17	science	already_resolves	যৌগকে
শব্দোচ্চতা	17	science	normalized_variant	শব্দচ্ছটা
সমস্থানিকের	17	science	normalized_variant	সমসাময়িকদের
দ্রবের	17	science	normalized_variant	দ্রব্যের
দ্বিতীয়ক	17	science	normalized_variant	দ্বিতীয়কে
বর্ণমিতিক	17	science	normalized_variant	বর্ণমিছিল
তত্ত্বগুলি	16	science	already_resolves	তত্ত্বগুলি
দ্বিমেরু	16	science	already_resolves	দ্বিমেরু
যৌগগুলির	16	science	already_resolves	যৌগগুলির
পদার্থগুলির	16	science	normalized_variant	পদার্থগুলোর
কনার	16	science	normalized_variant	কণার
ইথারের	16	science	already_resolves	ইথারের
ইলেকট্রনগুলি	16	science	already_resolves	ইলেকট্রনগুলি
যায়ঃ	16	science	normalized_variant	যায়ো
এনট্রপির	16	science	already_resolves	এনট্রপির
ফিকের	16	science	already_resolves	ফিকের
আসন্নায়ন	16	science	normalized_variant	আসন্নকাল
সিরাস	16	science	normalized_variant	সাইরাস
ইনিশিও	16	science	already_resolves	ইনিশিও
মৌলগুলোকে	16	science	already_resolves	মৌলগুলোকে
নাইট্রাইড	16	science	normalized_variant	নাইওরযাত্রা
বিজারিত	16	science	already_resolves	বিজারিত
উপাংশ	15	science	already_resolves	উপাংশ
পদার্থবিদরা	15	science	already_resolves	পদার্থবিদরা
আয়নে	15	science	already_resolves	আয়নে
লেখকগণের	15	science	already_resolves	লেখকগণের
বিক্রিয়কের	15	science	already_resolves	বিক্রিয়কের
সংযুতি	15	science	normalized_variant	সংযুক্তি
পলিইথিলিন	15	science	normalized_variant	পলিথিন
কোয়াণ্টাম	15	science	normalized_variant	কোয়ান্টাম
পরামিতি	14	science	already_resolves	পরামিতি
আপেক্ষিকতায়	14	science	already_resolves	আপেক্ষিকতায়
সহগের	14	science	already_resolves	সহগের
সীসার	14	science	already_resolves	সীসার
ন্যানোকণা	14	science	normalized_variant	ন্যাকাপনা
থিওরিটি	14	science	already_resolves	থিওরিটি
কৌশলগুলি	14	science+objects	already_resolves	কৌশলগুলি
যৌগটি	14	science	normalized_variant	যোগটি
স্লিটের	13	science	already_resolves	স্লিটের
ল্যাটিস	13	science	normalized_variant	ল্যাতিন
বিচ্ছুরণের	13	science	already_resolves	বিচ্ছুরণের
ক্ষেত্রফলে	13	science	already_resolves	ক্ষেত্রফলে
ক্ষেত্রগুলির	13	science	normalized_variant	ক্ষেত্রগুলোর
করেঃ	13	science	normalized_variant	করে
মৌলটির	13	science	normalized_variant	মৌলের
চাক্রিক	13	science	normalized_variant	চাকরি
বিশতলীয়	13	science	already_resolves	বিশতলীয়
সুত্র	13	science	normalized_variant	সূত্র
স্পেসটাইমের	13	science	normalized_variant	স্পেকট্রামের
মৌলকে	13	science	already_resolves	মৌলকে
মৌলগুলি	13	science	already_resolves	মৌলগুলি
কাইরাল	13	science	already_resolves	কাইরাল
এব	39	science+literature	already_resolves	এব
রেডক্স	13	science	normalized_variant	রেডস
পরমাণুক	13	science	normalized_variant	পরমাণুকে
অ্যারেতে	13	science	already_resolves	অ্যারেতে
ফুরিয়ার	12	science	already_resolves	ফুরিয়ার
বর্ণালির	12	science	normalized_variant	বর্ণালীর
পরমাণুগুলির	12	science	already_resolves	পরমাণুগুলির
কণাটি	12	science	normalized_variant	কন্যাটি
সূত্রানুসারে	12	science	already_resolves	সূত্রানুসারে
বিক্রিয়াতে	12	science	already_resolves	বিক্রিয়াতে
পরমাণুগুলোর	12	science	already_resolves	পরমাণুগুলোর
স্ট্র্যাটিফর্ম	12	science	normalized_variant	স্ত্রীজাতির
অ্যাডএস	12	science	normalized_variant	অ্যাডস
কার্বক্সিলিক	12	science	normalized_variant	কার্বলিক
কোএ	12	science	normalized_variant	কয়ে
ক্যালকুলাসের	11	science	already_resolves	ক্যালকুলাসের
কোয়াড্রপোল	11	science	normalized_variant	কোয়াড্রপল
ক্ষেত্রগুলি	11	science	already_resolves	ক্ষেত্রগুলি
প্রভাবগুলি	11	science	already_resolves	প্রভাবগুলি
তাপগতিগত	11	science	already_resolves	তাপগতিগত
বিক্রিয়াকে	11	science	already_resolves	বিক্রিয়াকে
স্ফটিকে	11	science	already_resolves	স্ফটিকে
কাপলিং	11	science	already_resolves	কাপলিং
বায়ুমন্ডলীয়	11	science	normalized_variant	বায়ুমণ্ডলীয়
স্পেসটাইম	11	science	normalized_variant	স্পেসফ্লাইট
টেনসর	11	science+news	already_resolves	টেনসর
প্রত্যয়নী	11	science	already_resolves	প্রত্যয়নী
ব্যাক্সটার	11	science	already_resolves	ব্যাক্সটার
প্রতিতুলনা	11	science	normalized_variant	প্রতিতুলনায়
বস্তুসমূহের	10	science	normalized_variant	বস্তুসামগ্রী
প্রক্রিয়াগুলি	10	science	already_resolves	প্রক্রিয়াগুলি
ডাইপোল	10	science	normalized_variant	ডাইপল
পরমানুর	10	science	normalized_variant	পরমাণুর
ধর্মাবলী	10	science	normalized_variant	ধর্মাবলি
স্থানকাল	10	science	normalized_variant	স্থানকালে
সূত্রটিকে	10	science	already_resolves	সূত্রটিকে
ইএএসটি	10	science	normalized_variant	ইএসটি
শক্তিস্তরের	10	science	already_resolves	শক্তিস্তরের
মিশ্রণকে	10	science+objects	normalized_variant	মিশনকে
ফলাফলগুলি	10	science	already_resolves	ফলাফলগুলি
গোলকাকার	10	science	normalized_variant	গোলাকার
মাইক্রোস্কোপিক	10	science	normalized_variant	মাইক্রোস্কপিক
পরমাণুগুলো	10	science	already_resolves	পরমাণুগুলো
গাউসীয়	10	science	already_resolves	গাউসীয়
পৃষ্ঠশক্তির	10	science	normalized_variant	পৃষ্ঠপোষকতার
উপাদানসমূহের	10	science	already_resolves	উপাদানসমূহের
এনথালপি	10	science	already_resolves	এনথালপি
মৌলে	10	science	normalized_variant	মউলে
আইসোমার	10	science	normalized_variant	আসমার
ইলেকট্রনগুলোর	9	science	already_resolves	ইলেকট্রনগুলোর
অস্তরকের	9	science	normalized_variant	অস্তপারের
অরৈখিক	9	science	normalized_variant	রৈখিক
শীট	9	science	normalized_variant	শীত
তত্ত্বগুলোর	9	science	already_resolves	তত্ত্বগুলোর
আয়নকে	9	science	normalized_variant	অয়নকে
আয়নগুলি	9	science	already_resolves	আয়নগুলি
আয়নগুলির	9	science	already_resolves	আয়নগুলির
সংঘর্ষক	9	science	normalized_variant	সংঘর্ষকে
প্রতিপ্রভ	9	science	normalized_variant	প্রতিপক্ষের
অবিশুদ্ধি	9	science	already_resolves	অবিশুদ্ধি
পরিভাষাটি	9	science	already_resolves	পরিভাষাটি
পরীক্ষাগুলি	9	science	already_resolves	পরীক্ষাগুলি
পরিচলনের	9	science	already_resolves	পরিচলনের
লেপটন	9	science	normalized_variant	লেপটান
আলকেমির	9	science	already_resolves	আলকেমির
সমস্যাগুলি	9	science	already_resolves	সমস্যাগুলি
তত্ত্বগুলির	9	science	already_resolves	তত্ত্বগুলির
বস্তুগুলি	9	science	already_resolves	বস্তুগুলি
সিস্টেমগুলি	9	science	already_resolves	সিস্টেমগুলি
বেল্টগুলির	9	science	already_resolves	বেল্টগুলির
দ্রবণটি	9	science+objects	normalized_variant	দ্রবণীয়
গ্লুওন	9	science	normalized_variant	গ্লুয়ন
বাষ্পচাপ	9	science	normalized_variant	বাষ্পচালিত
বিকর্ষণের	9	science	already_resolves	বিকর্ষণের
উপাদানগুলিকে	9	science	already_resolves	উপাদানগুলিকে
দ্রাবকে	9	science	already_resolves	দ্রাবকে
আর্সেনাইড	9	science	normalized_variant	আর্সেনালই
ইউর্যানাইল	9	science	already_resolves	ইউর্যানাইল
বন্ধনগুলি	9	science	already_resolves	বন্ধনগুলি
অর্বিটাল	9	science	already_resolves	অর্বিটাল
ডায়াগ্রামে	9	science	already_resolves	ডায়াগ্রামে
অরবিটালগুলোর	9	science	already_resolves	অরবিটালগুলোর
ইন্যানশিওমার	9	science	already_resolves	ইন্যানশিওমার
ইলেকট্রনীয়	9	science	normalized_variant	ইলেকট্রনিকপণ্য
কোয়ান্টা	8	science	normalized_variant	কোয়ান্টাম
বায়ুমন্ডলে	8	science	normalized_variant	বায়ুমণ্ডলে
সমমিতি	8	science	normalized_variant	সময়টি
অন্তরকের	8	science	already_resolves	অন্তরকের
ক্র্যাকল	8	science	normalized_variant	ক্র্যাক
ভেদ্যতা	8	science	normalized_variant	ভেদ্য
আম্পিয়ার	8	science	already_resolves	আম্পিয়ার
অশূন্য	8	science	normalized_variant	শূন্য
আইসোট্রপিক	8	science	normalized_variant	আইসক্রিমকে
স্নেলের	8	science	already_resolves	স্নেলের
নিওবিয়াম	8	science	already_resolves	নিওবিয়াম
তরঙ্গগুলির	8	science	already_resolves	তরঙ্গগুলির
উত্স	14	science+objects	already_resolves	উত্স
বর্ণালীতে	8	science	already_resolves	বর্ণালীতে
খ্রিস্টপূর্বাব্দে	16	science+objects	normalized_variant	খ্রিষ্টপূর্বাব্দে
ধাতুগুলির	8	science	already_resolves	ধাতুগুলির
ফ্রিডরিখ	8	science	normalized_variant	ফ্রেডরিখ
মেকানিক্সে	8	science	already_resolves	মেকানিক্সে
হ্যামিলটনের	8	science	already_resolves	হ্যামিলটনের
গ্লুয়নের	8	science	already_resolves	গ্লুয়নের
ক্যালোরিমিটার	8	science	normalized_variant	ক্যালরিমিটার
সিলার্ড	8	science	normalized_variant	সিলার
ঋণাত্বক	8	science	normalized_variant	ঋণাত্মক
এন্ট্রপি	8	science	normalized_variant	এনট্রপি
রিসিভারের	8	science	already_resolves	রিসিভারের
মড্যুলেশন	8	science	normalized_variant	মডুলেশন
সুত্রের	8	science	normalized_variant	সূত্রের
মিথস্ক্রিয়াগুলির	8	science	already_resolves	মিথস্ক্রিয়াগুলির
কিউমুলিফর্ম	8	science	already_resolves	কিউমুলিফর্ম
প্যারালাক্স	8	science	normalized_variant	প্যারালাইসিস
তত্ত্বগুলিতে	8	science	already_resolves	তত্ত্বগুলিতে
পাউলিং	8	science	already_resolves	পাউলিং
আইজেন	8	science	normalized_variant	আইএন
কৌশলগুলির	8	science	already_resolves	কৌশলগুলির
বছরগুলিতে	8	science	already_resolves	বছরগুলিতে
মসফেট	8	science	already_resolves	মসফেট
বিশিষ্টের	8	science	already_resolves	বিশিষ্টের
অবিনিময়	8	science	normalized_variant	বিনিময়
মোলের	8	science	normalized_variant	মলের
আর্গনের	8	science	already_resolves	আর্গনের
বিক্রিয়াগুলি	8	science	already_resolves	বিক্রিয়াগুলি
রসায়নবিদদের	8	science	already_resolves	রসায়নবিদদের
কোবল্ট	8	science	normalized_variant	কবলিত
রেনিয়াম	8	science	already_resolves	রেনিয়াম
মূলকগুলো	8	science	already_resolves	মূলকগুলো
সংখ্যায়িত	8	science	normalized_variant	সংখ্যায়
স্টেরল	8	science	normalized_variant	স্টেরোল
বামাবর্তী	8	science	already_resolves	বামাবর্তী
সালফাইডের	8	science	already_resolves	সালফাইডের
নিউল্যান্ডস	8	science	normalized_variant	নিউল্যান্ডসে
ওয়েঞ্জেল	8	science	already_resolves	ওয়েঞ্জেল
ক্যাসি	8	science	already_resolves	ক্যাসি
শিলাগুলিতে	8	science	already_resolves	শিলাগুলিতে
ফা	7	science+objects	normalized_variant	ফ্যা
গ্রাফিন	7	science	normalized_variant	গ্রাফিক
অগার	7	science	normalized_variant	ওগার
সনাক্তকরণের	7	science	normalized_variant	শনাক্তকরণের
পেনরোজ	7	science	already_resolves	পেনরোজ
অস্তরকীয়	7	science	normalized_variant	অস্তরবির
আলোকবিজ্ঞানে	7	science	normalized_variant	আলোকবিজ্ঞান
থার্মো	7	science	normalized_variant	থামো
প্রক্রিয়াগুলির	7	science	normalized_variant	প্রক্রিয়াগুলোর
উত্পাদিত	12	science+objects	already_resolves	উত্পাদিত
অরবিটালগুলি	7	science	already_resolves	অরবিটালগুলি
অ্যালোট্রপ	7	science	normalized_variant	অযাত্রা
অর্ধপরিবাহীর	7	science	normalized_variant	অর্ধপৃষ্ঠার
ইউলার	7	science	already_resolves	ইউলার
সমীকরণগুলির	7	science	already_resolves	সমীকরণগুলির
কেন্দ্রবিমুখী	7	science	already_resolves	কেন্দ্রবিমুখী
সমীকরণটিকে	7	science	already_resolves	সমীকরণটিকে
কোয়ার্কের	7	science	already_resolves	কোয়ার্কের
ধর্মগুলি	7	science	already_resolves	ধর্মগুলি
পারিপার্শ্বিকের	7	science	already_resolves	পারিপার্শ্বিকের
কোসাইন	7	science	normalized_variant	কসাই
পিএমআইডি	7	science	normalized_variant	পিএমআরই
সিস্টেমটিকে	7	science	already_resolves	সিস্টেমটিকে
দন্ডের	7	science	normalized_variant	দণ্ডের
আদিবেগ	7	science	already_resolves	আদিবেগ
গুনাঙ্ক	7	science	normalized_variant	গুণাঙ্ক
পদার্থগুলিকে	7	science	already_resolves	পদার্থগুলিকে
অনুতে	7	science	normalized_variant	অণুতে
উপরিতল	7	science	normalized_variant	উপরিতলে
ইয়ু	7	science	already_resolves	ইয়ু
রিসিভারে	7	science	already_resolves	রিসিভারে
এট	7	science	normalized_variant	এত
কিউমিলিফর্ম	7	science	already_resolves	কিউমিলিফর্ম
উত্পাদন	9	science+objects	normalized_variant	উৎপাদন
মডেলগুলি	7	science	already_resolves	মডেলগুলি
বৃষ্টিকণার	7	science	normalized_variant	বৃষ্টিধারা
ইউকাওয়া	7	science	already_resolves	ইউকাওয়া
মৌলগুলিকে	7	science	already_resolves	মৌলগুলিকে
ফার্মিয়নের	7	science	normalized_variant	ফার্মভিলের
স্থিরতড়িৎ	7	science	normalized_variant	স্থিরকৃত
এমওএস	7	science	normalized_variant	এমআইএস
বোজন	7	science	normalized_variant	ব্যজন
বর্ণালিঃ	7	science	normalized_variant	বর্ণালি
দ্রাবের	7	science	normalized_variant	ড্রর
আলকেমিস্টরা	7	science	normalized_variant	আলকেমিস্ট
ক্রোমেট	7	science	normalized_variant	ক্রমে
এডিপিক	7	science	normalized_variant	এডিপি
কার্বক্সিল	7	science	normalized_variant	কার্বনকপি
লেখের	7	science	already_resolves	লেখের
প্রোপিলিন	7	science	normalized_variant	প্রপিওলিক
অরবিটালগুলো	7	science	already_resolves	অরবিটালগুলো
ব্যারাইট	7	science	normalized_variant	ব্যারাজ
গতিবিজ্ঞানের	6	science	already_resolves	গতিবিজ্ঞানের
সূত্রগুলোকে	6	science	already_resolves	সূত্রগুলোকে
ইলেকট্রনগুলোকে	6	science	already_resolves	ইলেকট্রনগুলোকে
স্পেকট্রোস্কপি	6	science	normalized_variant	স্পেকট্রসকপি
কঠিনে	6	science	already_resolves	কঠিনে
পরিমাপিত	6	science	already_resolves	পরিমাপিত
আন্তঃক্রিয়ার	6	science	already_resolves	আন্তঃক্রিয়ার
সমতূল্য	6	science	already_resolves	সমতূল্য
অণুগুলোতে	6	science	already_resolves	অণুগুলোতে
উদাঃ	6	science	normalized_variant	উডায়
লিবিগ	6	science	normalized_variant	লীগ
যথাঃ	6	science	normalized_variant	যথা
স্বজ্ঞাত	6	science	normalized_variant	স্বজ্ঞানে
অভিলম্বের	6	science	already_resolves	অভিলম্বের
বাইনারী	6	science	normalized_variant	বাইনারি
বান্ডেলের	6	science	already_resolves	বান্ডেলের
চুল্লীর	6	science	already_resolves	চুল্লীর
আরোও	6	science	normalized_variant	আরও
সমস্থানিকগুলির	6	science	already_resolves	সমস্থানিকগুলির
ব্যাস্তানুপাতিক	6	science	normalized_variant	ব্যস্তানুপাতিক
রঙটি	6	science	normalized_variant	রঙ্গটি
তাপগতিবিদ্যায়	6	science	normalized_variant	তাপগতিবিদ্যার
টাক্সেডো	6	science	normalized_variant	ট্যাক্সেডো
কেলাসীয়	6	science	already_resolves	কেলাসীয়
কোষটি	6	science	normalized_variant	কষ্টই
সূচকগুলি	6	science	already_resolves	সূচকগুলি
ধর্মগুলির	6	science	normalized_variant	ধর্মগুলোর
পলিমরফিজম	6	science	already_resolves	পলিমরফিজম
স্পন্দনরত	6	science	normalized_variant	স্পন্দনরহিত
বর্গমূলের	6	science	already_resolves	বর্গমূলের
কোঅর্ডিনেট	6	science	normalized_variant	কুর্দিস্তানে
গতিবিজ্ঞানে	6	science	already_resolves	গতিবিজ্ঞানে
আর্গ	6	science	normalized_variant	অর্গ
মিথষ্ক্রিয়ার	6	science	normalized_variant	মিথস্ক্রিয়ার
মানগুলি	6	science	already_resolves	মানগুলি
সেইসাথে	20	science+objects	already_resolves	সেইসাথে
সাম্যাবস্থাকে	6	science	already_resolves	সাম্যাবস্থাকে
চলরাশি	6	science	normalized_variant	চুরাশি
কাজগুলি	6	science	already_resolves	কাজগুলি
তরঙ্গদৈর্ঘ্যে	6	science	already_resolves	তরঙ্গদৈর্ঘ্যে
পরমানু	6	science	normalized_variant	পরমাণু
অণুগুলিকে	6	science	already_resolves	অণুগুলিকে
চক্রীয়	6	science	already_resolves	চক্রীয়
মাইক্রোস্কোপি	6	science	already_resolves	মাইক্রোস্কোপি
রূপান্তরকের	6	science	already_resolves	রূপান্তরকের
স্টেশনগুলি	6	science	already_resolves	স্টেশনগুলি
স্টেশনগুলির	6	science	normalized_variant	স্টেশনগুলোর
রের	6	science	normalized_variant	রয়ের
ব্যাপনে	6	science	already_resolves	ব্যাপনে
দ্রবনের	6	science	normalized_variant	দ্রবণের
অনুগুলির	6	science	normalized_variant	ওগুলির
আইসোটোপগুলির	6	science	already_resolves	আইসোটোপগুলির
মেঘগুলিকে	6	science	already_resolves	মেঘগুলিকে
আনুষাঙ্গিক	6	science	already_resolves	আনুষাঙ্গিক
পৃষ্ঠতলীয়	6	science	normalized_variant	পৃষ্ঠতলে
গ্রুপগুলি	6	science	already_resolves	গ্রুপগুলি
বেক্যরেল	6	science	normalized_variant	বেকরেল
আরজাইভ	6	science	already_resolves	আরজাইভ
আইওপি	6	science	normalized_variant	আইপি
অ্যাজাইড	6	science	normalized_variant	ওয়াজিদ
সেরিয়াম	6	science	already_resolves	সেরিয়াম
আজাইড	6	science	normalized_variant	আজাদি
বোরাইড	6	science	normalized_variant	বড়াই
ধাতুগুলি	6	science	already_resolves	ধাতুগুলি
যৌগগুলিতে	6	science	already_resolves	যৌগগুলিতে
ইলেক্ট্রোলাইট	6	science	normalized_variant	ইলেকট্রোলাইট
হাইড্রোক্সি	6	science	normalized_variant	হাইড্রক্সি
ডাইইন	6	science	normalized_variant	ডাইন
এলকোহল	6	science	already_resolves	এলকোহল
সাইটোক্রোম	6	science	normalized_variant	সাঁইত্রিশ
লীনতাপ	6	science	already_resolves	লীনতাপ
সংকরে	6	science	normalized_variant	শংকরে
সংযুতির	6	science	normalized_variant	সংযুক্তির
ক্ষূদ্র	6	science	normalized_variant	ক্ষুদ্র
হারট্রি	6	science	normalized_variant	হারটি
ডেন্সিটি	6	science	normalized_variant	ডেনসিটি
সাবশেল	6	science	already_resolves	সাবশেল
সর্ববহিঃস্থ	6	science	normalized_variant	সর্ববাদিসম্মত
ইথিলিনের	6	science	already_resolves	ইথিলিনের
উৎপাদে	6	science	already_resolves	উৎপাদে
উবন	6	science	normalized_variant	বন
প্রোটিনগুলি	6	science	already_resolves	প্রোটিনগুলি
সেন্সরগুলো	6	science	already_resolves	সেন্সরগুলো
মহাকাশীয়	5	science	already_resolves	মহাকাশীয়
ইলেকট্রনসমূহের	5	science	normalized_variant	ইলেকট্রনিক্সের
ভেক্টরটি	5	science	normalized_variant	ভেক্টর
ফার্মির	5	science	already_resolves	ফার্মির
অপবর্তনের	5	science	normalized_variant	অপবিজ্ঞানের
মাইক্রোমিটার	5	science	normalized_variant	মাইক্রোলিটার
মডেলগুলির	5	science	already_resolves	মডেলগুলির
তড়িৎক্ষেত্রে	5	science	already_resolves	তড়িৎক্ষেত্রে
বিন্যাস্ত	5	science	normalized_variant	বিন্যাস
যৌগগুলো	5	science	already_resolves	যৌগগুলো
দৈর্ঘ্যর	5	science	already_resolves	দৈর্ঘ্যর
বেশীরভাগ	5	science	already_resolves	বেশীরভাগ
ভরটি	5	science	normalized_variant	ভরতি
জাস্টাস	5	science	normalized_variant	জাসাস
প্রোবের	5	science	normalized_variant	প্রবের
ধ্রুবকগুলোর	5	science	already_resolves	ধ্রুবকগুলোর
প্রতিসরাঙ্কের	5	science	already_resolves	প্রতিসরাঙ্কের
মডেলগুলিতে	5	science	already_resolves	মডেলগুলিতে
প্লাজমাকে	5	science	already_resolves	প্লাজমাকে
অতিপারমানবিক	5	science	normalized_variant	অতিপারমাণবিক
ইংরেজিঃ	5	science	normalized_variant	ইংরেজি
রঞ্জকগুলো	5	science	already_resolves	রঞ্জকগুলো
পৃষ্ঠগুলো	5	science	already_resolves	পৃষ্ঠগুলো
বিন্দুগুলির	5	science	already_resolves	বিন্দুগুলির
ওসিএলসি	5	science	already_resolves	ওসিএলসি
শ্রোডিঙারের	5	science	normalized_variant	শ্রডিঙ্গারের
ব্রোগলি	5	science	normalized_variant	ব্রকলি
কিউইডি	5	science	normalized_variant	কিউই
সমীকরনটি	5	science	normalized_variant	সমীকরণটি
সহগকে	5	science	already_resolves	সহগকে
এনথ্যালপি	5	science	already_resolves	এনথ্যালপি
ব্রাউনিয়ান	5	science	normalized_variant	ব্রাউনমিলারের
রিজারভার	5	science	already_resolves	রিজারভার
বলসমূহের	5	science	already_resolves	বলসমূহের
ভরকেন্দ্রের	5	science	already_resolves	ভরকেন্দ্রের
প্রাসের	5	science	normalized_variant	প্রেয়ার
ঋনাত্মক	5	science	normalized_variant	ঋণাত্মক
ফিশনের	5	science	already_resolves	ফিশনের
সের্ন	5	science	normalized_variant	ছেঁড়
প্রভাবগুলির	5	science	already_resolves	প্রভাবগুলির
গ্রাভিটন	5	science	normalized_variant	গ্রাভিটি
টলেমির	5	science	already_resolves	টলেমির
সমস্যাগুলির	5	science	normalized_variant	সমস্যাগুলোর
পরমাণুগুলিকে	5	science	already_resolves	পরমাণুগুলিকে
ইলেক্ট্রনকে	5	science	normalized_variant	ইলেকট্রনকে
গেইগার	5	science	already_resolves	গেইগার
ইথানলের	5	science	already_resolves	ইথানলের
বস্তুটিতে	5	science	already_resolves	বস্তুটিতে
ডাইমার	5	science	normalized_variant	আইমার
প্লাজমনিক্স	5	science	already_resolves	প্লাজমনিক্স
ধনাত্নক	5	science	already_resolves	ধনাত্নক
গতিসূত্রের	5	science	already_resolves	গতিসূত্রের
তড়িৎচুম্বক	5	science	normalized_variant	তড়িৎচৌম্বক
গ্যাসগুলি	5	science	already_resolves	গ্যাসগুলি
ফিকিয়ান	5	science	already_resolves	ফিকিয়ান
ওন্সাগরের	5	science	already_resolves	ওন্সাগরের
গুনাংক	5	science	normalized_variant	গুণাঙ্ক
বেল্টগুলি	5	science	already_resolves	বেল্টগুলি
বেষ্টনীগুলিতে	5	science	already_resolves	বেষ্টনীগুলিতে
রেখাগুলির	5	science	already_resolves	রেখাগুলির
মেরুগুলির	5	science	already_resolves	মেরুগুলির
দিকগুলি	5	science	already_resolves	দিকগুলি
জেনারা	5	science	already_resolves	জেনারা
মেঘগুলির	5	science	already_resolves	মেঘগুলির
ফ্র্যাকটাস	5	science	normalized_variant	ফর্কেতা
সিরাসের	5	science	already_resolves	সিরাসের
লেনজ	5	science	normalized_variant	লেনো
আবেশিত	5	science	already_resolves	আবেশিত
ক্যালবি	5	science	normalized_variant	ক্যালগারি
সমানুতা	5	science	already_resolves	সমানুতা
পাস্কালের	5	science	normalized_variant	পাস্তানের
ক্যানোনিকাল	5	science	normalized_variant	ক্যানকান
অপটিকাল	5	science	normalized_variant	অপটিক্যাল
সুত্রটি	5	science	normalized_variant	সূত্রটি
পুনর্নবীকরণ	5	science	already_resolves	পুনর্নবীকরণ
সারণিটি	5	science	already_resolves	সারণিটি
সোয়ার্জচাইল্ড	5	science	normalized_variant	শোয়ার্জচাইল্ড
বিচলনধর্মী	5	science	already_resolves	বিচলনধর্মী
ভেক্টরও	5	science	normalized_variant	ভেক্টর
গুনফল	5	science	normalized_variant	গুণফল
বাকিয়ে	5	science	normalized_variant	বাঁকিয়ে
ভ্যান্ট	5	science	normalized_variant	ভ্যান
সূত্রাবলী	5	science	normalized_variant	সূত্রাবলি
এইভাবেই	5	science	already_resolves	এইভাবেই
আর্সেনেট	5	science	normalized_variant	আর্সেনালের
এরবিয়াম	5	science	already_resolves	এরবিয়াম
অ্যামাইড	5	science	normalized_variant	ওয়াইড
নাইট্রাইট	8	science+objects	normalized_variant	নাইওরযাত্রা
ল্যাকটিক	19	science+objects	normalized_variant	ল্যাক্সিকন
অ্যাসিটোন	5	science	normalized_variant	অ্যাস্টন
ফসফেটের	5	science	already_resolves	ফসফেটের
শিকিমেট	5	science	normalized_variant	সিকিমে
হাইড্রোকার্বনে	5	science	already_resolves	হাইড্রোকার্বনে
কোর্টোইস	5	science	normalized_variant	করতিস
দ্র	5	science	normalized_variant	ড্র
যৌগটির	5	science	normalized_variant	যৌগের
ব্রোমো	5	science	normalized_variant	ব্রুম
প্রোপেন	5	science	normalized_variant	প্রপেণ
নাইট্রাইল	5	science	normalized_variant	নাইওরযাত্রা
পদ্ধতিগুলির	5	science	already_resolves	পদ্ধতিগুলির
অতিবেগুণী	5	science	normalized_variant	অতিবেগুনি
অর্বিটালের	5	science	normalized_variant	অর্বিটার
মিনিমা	5	science	normalized_variant	মিনিমাল
হারট্রী	5	science	normalized_variant	হারতার
বিযোজন	5	science	normalized_variant	ব্যজন
ফার্মাকোগনোসি	5	science	normalized_variant	ফার্মাসি
হাইড্রক্সিল	5	science	normalized_variant	হাইড্রোক্সিল
নেফেলিন	5	science	already_resolves	নেফেলিন
অজাইট	5	science	normalized_variant	অজিত
সমসত্ব	5	science	normalized_variant	সমসত্ত্ব
লিগেশন	5	science	already_resolves	লিগেশন
ফসফরিলেশন	5	science	already_resolves	ফসফরিলেশন
এপিমার	5	science	already_resolves	এপিমার
কর্নিশ	45	objects	already_resolves	কর্নিশ
পেস্টির	38	objects	normalized_variant	পেস্টার
কিমচির	36	objects	already_resolves	কিমচির
গ্লুটেন	27	objects	already_resolves	গ্লুটেন
শুকরের	25	objects	normalized_variant	শূকরের
গ্রা	23	objects	normalized_variant	গয়রা
মটরশুটি	20	objects	normalized_variant	মটরশুঁটি
রন্ধনপ্রণালীতে	20	objects	already_resolves	রন্ধনপ্রণালীতে
কাসাভা	20	objects	already_resolves	কাসাভা
মশলাযুক্ত	19	objects	normalized_variant	মসলাযুক্ত
চাউমিনের	19	objects	already_resolves	চাউমিনের
ডাম্পলিং	19	objects	already_resolves	ডাম্পলিং
টমেটোকে	19	objects	already_resolves	টমেটোকে
স্ক্যাফোল্ড	19	objects	normalized_variant	স্কটল্যাল্ডের
কর্ণওয়ালের	17	objects	normalized_variant	কর্নওয়ালের
হথর্ন	15	objects	already_resolves	হথর্ন
সিঙাড়ার	14	objects	normalized_variant	শিঙাড়ার
কেসিনের	14	objects	normalized_variant	কেইনের
জনাইয়ের	14	objects	already_resolves	জনাইয়ের
টোফু	13	objects	normalized_variant	তফু
মার্জারিন	13	objects	already_resolves	মার্জারিন
জাফরন	13	objects	already_resolves	জাফরন
খাবারগুলির	12	objects	already_resolves	খাবারগুলির
স্নাক	12	objects	normalized_variant	সনাক
দেশগুলি	12	objects	already_resolves	দেশগুলি
খ্রিস্টপূর্বাব্দের	12	objects	normalized_variant	খ্রিষ্টপূর্বাব্দের
মাতৃদুগ্ধের	12	objects	already_resolves	মাতৃদুগ্ধের
গাছগুলি	12	objects	already_resolves	গাছগুলি
মনোহরার	12	objects	already_resolves	মনোহরার
পণ্যগুলির	11	objects	normalized_variant	পণ্যগুলোর
স্ট্যাক	11	objects	normalized_variant	স্টেক
উত্সব	11	objects	normalized_variant	উৎসব
রুবাস	11	objects	normalized_variant	রুবা
সাগো	10	objects	normalized_variant	ছাগ
বাস্তুতন্ত্রে	10	objects	already_resolves	বাস্তুতন্ত্রে
বাদামে	10	objects	already_resolves	বাদামে
উমামি	10	objects	normalized_variant	মামি
কার্বোহাইড্রেটের	10	objects	already_resolves	কার্বোহাইড্রেটের
অজ্ঞি	10	objects	already_resolves	অজ্ঞি
কুসকুসের	10	objects	already_resolves	কুসকুসের
ক্যান্টোনিজ	10	objects	normalized_variant	ক্যান্টনিজ
স্ক্যাফোল্ডের	10	objects	normalized_variant	স্কটল্যাল্ডের
জেলাটিন	10	objects	normalized_variant	জেলাটি
কিমচিতে	9	objects	already_resolves	কিমচিতে
গাঁজনের	9	objects	normalized_variant	গাজনের
স্টার্চের	9	objects	already_resolves	স্টার্চের
সেলারি	9	objects	normalized_variant	সেলাই
দেশগুলির	9	objects	already_resolves	দেশগুলির
খাবারগুলি	9	objects	already_resolves	খাবারগুলি
ফ্যালাস	9	objects	normalized_variant	প্যালাস
ক্রোকাস	9	objects	normalized_variant	প্রকাশ
গোরেং	9	objects	normalized_variant	গড়েন
টডলার	9	objects	normalized_variant	তুলার
ওভালটিনের	9	objects	already_resolves	ওভালটিনের
ম্যাচার	9	objects	normalized_variant	মাচার
পোরিজ	8	objects	normalized_variant	পড়ি
কিমচিকে	8	objects	already_resolves	কিমচিকে
উপকরণগুলি	8	objects	already_resolves	উপকরণগুলি
ক্যাভিয়ার	8	objects	normalized_variant	ক্যাভালরি
ডোলমা	8	objects	normalized_variant	দোলমা
অ্যারাবিকের	8	objects	already_resolves	অ্যারাবিকের
উদ্ভিদভিত্তিক	8	objects	normalized_variant	উদ্ভিদতাত্ত্বিক
টার্ট	8	objects	normalized_variant	তার্ত
বোভাইন	8	objects	normalized_variant	বভাজন
কর্ণওয়াল	8	objects	normalized_variant	কর্নওয়াল
চিকেনঃ	8	objects	normalized_variant	চিকেন
পাস্তুরায়ন	8	objects	normalized_variant	পাস্তুরায়ণ
ক্যাসিন	8	objects	normalized_variant	ইয়াসিন
চোউ	8	objects	normalized_variant	চৌ
কাঁচাগোল্লার	8	objects	normalized_variant	কাঁচাগোল্লা
কাখরা	8	objects	normalized_variant	আখড়া
দেগ	8	objects	normalized_variant	ডেগ
পরিবেশণ	7	objects	normalized_variant	পরিবেশন
ইমালসিফায়ার	7	objects	already_resolves	ইমালসিফায়ার
রুটিটি	7	objects	already_resolves	রুটিটি
যোনির	7	objects	normalized_variant	জনির
সুমাক	7	objects	normalized_variant	সুমা
মশলায়	7	objects	normalized_variant	মসলায়
লরিক	7	objects	normalized_variant	লড়ি
কার্সিনোজেনিক	7	objects	normalized_variant	কার্সিনোজেনিকের
কপরা	7	objects	normalized_variant	কোপরা
চাউমিনে	7	objects	already_resolves	চাউমিনে
দুগ্ধজাতীয়	7	objects	normalized_variant	দুগ্ধজাত
বুলগুর	7	objects	already_resolves	বুলগুর
মার্তাবাক	7	objects	normalized_variant	মার্তা
জইয়ের	7	objects	normalized_variant	জয়ের
জুচিনি	7	objects	already_resolves	জুচিনি
অনুঘটকগুলো	7	objects	already_resolves	অনুঘটকগুলো
তাহিনি	7	objects	normalized_variant	টাইনি
গামবাং	7	objects	already_resolves	গামবাং
ক্যাপসাইসিন	6	objects	normalized_variant	ক্যাপসিকামসহ
স্কোভিল	6	objects	normalized_variant	স্কভিল
স্ক্যালিয়ন	6	objects	already_resolves	স্ক্যালিয়ন
স্বাদগ্রহণ	6	objects	normalized_variant	স্বাক্ষরবিহীন
গ্লাইসেমিক	6	objects	already_resolves	গ্লাইসেমিক
ওট	6	objects	normalized_variant	অত
প্যাকড	6	objects	normalized_variant	ব্যাকড
মিশরীয়রা	6	objects	already_resolves	মিশরীয়রা
শিরমাল	6	objects	already_resolves	শিরমাল
পোর্ক	6	objects	already_resolves	পোর্ক
ফালাফেল	6	objects	already_resolves	ফালাফেল
গ্রীস	6	objects	already_resolves	গ্রীস
পনিরে	6	objects	already_resolves	পনিরে
অভিজাতরা	6	objects	already_resolves	অভিজাতরা
তৌফু	6	objects	already_resolves	তৌফু
প্রাচীরগুলো	6	objects	already_resolves	প্রাচীরগুলো
প্রোটিজ	6	objects	normalized_variant	প্রতি
ভিটাম	6	objects	normalized_variant	ভিটা
প্রস্তুতকারকরা	6	objects	already_resolves	প্রস্তুতকারকরা
প্যানকেকের	6	objects	already_resolves	প্যানকেকের
মিশ্রণটিকে	6	objects	already_resolves	মিশ্রণটিকে
সালোকসংশ্লেষী	6	objects	already_resolves	সালোকসংশ্লেষী
রেনেট	6	objects	normalized_variant	রেন্ট
কোশের	6	objects	normalized_variant	কোষের
ডেভনে	6	objects	normalized_variant	ডেভন
অ্যালাইল	6	objects	normalized_variant	ওয়াইল
ফর্মুলাগুলো	6	objects	already_resolves	ফর্মুলাগুলো
বিশবারমাক	6	objects	already_resolves	বিশবারমাক
গিগাজুল	6	objects	already_resolves	গিগাজুল
পিঠাকে	6	objects	already_resolves	পিঠাকে
ভর্তায়	6	objects	already_resolves	ভর্তায়
কোরমাহ	6	objects	normalized_variant	কোরমা
কিরিবাথ	6	objects	already_resolves	কিরিবাথ
কুলচার	6	objects	already_resolves	কুলচার
কালাদি	6	objects	normalized_variant	কালাই
কিমজাং	5	objects	already_resolves	কিমজাং
মাসগুলিতে	5	objects	already_resolves	মাসগুলিতে
শেলফিশ	5	objects	normalized_variant	সেলফিশ
মাংসটি	5	objects	already_resolves	মাংসটি
সুক্রোজের	5	objects	already_resolves	সুক্রোজের
মিষ্টান্নটি	5	objects	normalized_variant	মিষ্টান্নজাতীয়
রেস্তোরায়	5	objects	normalized_variant	রেস্তোরাঁয়
এইধরনের	5	objects	already_resolves	এইধরনের
পর্তুগীজদের	5	objects	already_resolves	পর্তুগীজদের
তালমিছরিতে	5	objects	already_resolves	তালমিছরিতে
নর্স	5	objects	normalized_variant	নড়ছ
স্টেকগুলি	5	objects	already_resolves	স্টেকগুলি
পণ্যগুলি	5	objects	already_resolves	পণ্যগুলি
রেসিপিগুলি	5	objects	already_resolves	রেসিপিগুলি
ফারমেন্টেশন	5	objects	normalized_variant	ফারমেনটেশন
রেসিপিটি	5	objects	normalized_variant	রেসিপি
যোনিকে	5	objects	normalized_variant	জনিকে
গ্রেভি	5	objects	already_resolves	গ্রেভি
ঈস্টের	5	objects	normalized_variant	ইন্টার
প্রোবায়োটিক	5	objects	normalized_variant	প্রবাদপ্রতিম
আন্তঃসরকারি	5	objects	normalized_variant	আন্তঃসরকার
পণ্যগুলোতে	5	objects	already_resolves	পণ্যগুলোতে
পলিমারাইজেশন	5	objects	already_resolves	পলিমারাইজেশন
করতেঃ	5	objects	normalized_variant	করতে
ইঁদুরগুলি	5	objects	already_resolves	ইঁদুরগুলি
কার্লিতে	5	objects	already_resolves	কার্লিতে
কিগ্রাম	5	objects	already_resolves	কিগ্রাম
ম্যাপেল	5	objects	normalized_variant	ম্যাপে
ওটস	5	objects	normalized_variant	অটোস
পণ্যটিকে	5	objects	already_resolves	পণ্যটিকে
পরিজ	5	objects	normalized_variant	পড়ি
ডেয়ারী	5	objects	normalized_variant	ডেয়ারি
ননীের	5	objects	already_resolves	ননীের
পিজিআই	5	objects	already_resolves	পিজিআই
তেলুর	5	objects	already_resolves	তেলুর
কেজিন	5	objects	normalized_variant	কেভিন
সুগন্ধিযুক্ত	5	objects	normalized_variant	সুগন্ধীযুক্ত
কন্দে	5	objects	normalized_variant	কোণে
এলাজিক	5	objects	already_resolves	এলাজিক
ঘণ্টে	5	objects	normalized_variant	ঘোঁটে
গড়গড়ে	5	objects	normalized_variant	গরগরে
বেলিয়াতোড়ের	5	objects	already_resolves	বেলিয়াতোড়ের
হথর্নগুলি	5	objects	already_resolves	হথর্নগুলি
সরপুরিয়ার	5	objects	already_resolves	সরপুরিয়ার
ক্যাসেরোল	5	objects	normalized_variant	ক্যাসেল
আপ্পাম	5	objects	normalized_variant	অ্যাডাম
ধ্রু	316	literature	normalized_variant	ধুর
সুচরিতার	188	literature	already_resolves	সুচরিতার
বল্লে	145	literature	normalized_variant	বললে
ভবতি	112	literature	already_resolves	ভবতি
মাণিকলাল	108	literature	normalized_variant	মানিকলাল
উন্নিসা	94	literature	normalized_variant	উন্নতিটা
পংক্তির	82	literature	already_resolves	পংক্তির
টী	82	literature	normalized_variant	টিই
কপিলার	74	literature	already_resolves	কপিলার
পূর্ব্বে	73	literature	already_resolves	পূর্ব্বে
সর্ব্বজয়া	69	literature	normalized_variant	সর্বজয়া
অমিতর	67	literature	already_resolves	অমিতর
পার্ব্বতীর	66	literature	already_resolves	পার্ব্বতীর
সুচরিতাকে	65	literature	already_resolves	সুচরিতাকে
ধর্ম্মদাস	64	literature	already_resolves	ধর্ম্মদাস
বিপ্রদাসের	64	literature	already_resolves	বিপ্রদাসের
কুবেরকে	62	literature	already_resolves	কুবেরকে
করোতি	62	literature	normalized_variant	করতি
রাসুর	61	literature	already_resolves	রাসুর
ওস্মান	59	literature	normalized_variant	অসমান
কতলু	58	literature	normalized_variant	কত
কালীপদর	55	literature	normalized_variant	কালীপুর
সর্ব্বং	53	literature	normalized_variant	সর্ব্বোচ
কুমুকে	50	literature	already_resolves	কুমুকে
মহে	47	literature	normalized_variant	মোহে
ড়ে	45	literature	normalized_variant	রে
মুরারে	45	literature	normalized_variant	মুররে
আয়েষা	44	literature	normalized_variant	আয়েশা
পুনর্ব্বার	43	literature	normalized_variant	পুনর্ব্যবহার
পর্ব্বত	42	literature	normalized_variant	পর্বত
উন্নিসার	41	literature	normalized_variant	উন্নীতকরণ
এসেচে	39	literature	normalized_variant	এসেছে
ভবানীচরণের	38	literature	already_resolves	ভবানীচরণের
বাটীর	37	literature	normalized_variant	বাতির
পূর্ব্ব	37	literature	normalized_variant	পূর্ব
পর্ব্বতের	37	literature	normalized_variant	পর্বতের
পূর্ব্বেই	36	literature	normalized_variant	পূর্ব্বের
কুতঃ	36	literature	normalized_variant	কুটা
কথং	35	literature	normalized_variant	কঠন
ডোম্বী	35	literature	normalized_variant	দমব
ভারেজ	35	literature	normalized_variant	ভারে
এতবড়ো	34	literature	normalized_variant	এতবড়
মহেন্দ্রের	34	literature	already_resolves	মহেন্দ্রের
কর্ম্ম	34	literature	normalized_variant	করা
পীতম	34	literature	normalized_variant	প্রীতম
বীও	34	literature	normalized_variant	বিইও
আপিসে	32	literature	already_resolves	আপিসে
কাণে	32	literature	normalized_variant	কানে
চন্দ্রমুখীর	31	literature	already_resolves	চন্দ্রমুখীর
উঠেচে	31	literature	normalized_variant	উঠেছে
বাং	31	literature	normalized_variant	ব্যাঙ
তি	30	literature+news	normalized_variant	টি
আমিনুদ্দি	30	literature	normalized_variant	আমিনুদ্দিন
রাত্রেই	29	literature	normalized_variant	রাত্রি
রাত্রের	29	literature	already_resolves	রাত্রের
যজ্ঞনাথ	29	literature	normalized_variant	জগন্নাথ
পড়েচে	29	literature	normalized_variant	পড়েছে
আপিসের	28	literature	normalized_variant	অপিসের
বিসর্জ্জন	28	literature	normalized_variant	বিসর্জন
গায়িতে	27	literature	normalized_variant	গাইতে
রাজপুত্ত্র	27	literature	normalized_variant	রাজপুত্র
কাহ্নু	27	literature	already_resolves	কাহ্নু
মৃন্ময়ীর	26	literature	already_resolves	মৃন্ময়ীর
সেইজন্যেই	26	literature	normalized_variant	সেজন্যেই
করিলেই	26	literature	normalized_variant	করিলে
আসচে	26	literature	normalized_variant	আসছে
হইবেক	26	literature	normalized_variant	হইবে
কপালকুণ্ডলাকে	26	literature	already_resolves	কপালকুণ্ডলাকে
সরহ	26	literature	normalized_variant	সরো
তং	26	literature	normalized_variant	টং
অপরাহ্ণে	25	literature	normalized_variant	অপরাহ্নে
সেইজন্যই	25	literature	normalized_variant	সেইজন্য
ইত্যাহ	25	literature	normalized_variant	ইয়াহ
সবরো	25	literature	normalized_variant	সবর
তমেবার্থং	25	literature	already_resolves	তমেবার্থং
হরিহরের	24	literature	already_resolves	হরিহরের
চিত্তং	24	literature	normalized_variant	চিত্ত
মাতরং	24	literature	already_resolves	মাতরং
আনন্দময়ীকে	24	literature	already_resolves	আনন্দময়ীকে
ছাতে	23	literature	normalized_variant	ছাড়তে
নির্জ্জন	23	literature	normalized_variant	নির্জন
সর্ব্বদা	23	literature	normalized_variant	সর্বদা
সঅল	23	literature	normalized_variant	সল
ডোম্বি	23	literature	normalized_variant	দমবি
বদতি	23	literature	normalized_variant	বড়টি
পুথিতে	23	literature	normalized_variant	পুঁথিতে
করিতেও	22	literature	normalized_variant	করিতে
অদৃষ্টে	22	literature	normalized_variant	অদৃষ্ট
দিয়েচে	22	literature	normalized_variant	দিয়েছে
কোনমতেই	22	literature	normalized_variant	কোনোমতেই
দিচ্চি	22	literature	normalized_variant	দিচ্ছি
কর্ত্তৃক	22	literature	normalized_variant	কর্তৃক
জীবানন্দের	22	literature	already_resolves	জীবানন্দের
আমিনুদ্দির	22	literature	normalized_variant	আমিনুদ্দিন
কৃষ্ণাচার্য্য	22	literature	normalized_variant	কৃষ্ণামাচারী
প্রতিপাদয়তি	22	literature	normalized_variant	প্রতিপাদ্যটি
অয়মর্থঃ	22	literature	normalized_variant	অযথার্থ
অন্নদাবাবুর	22	literature	normalized_variant	অন্নদানকারিণী
বড়োবউ	21	literature	normalized_variant	বড়বা
পরিবর্ত্তে	21	literature	normalized_variant	পরিবর্তে
রুণ	21	literature	normalized_variant	রান
পূর্ব্ববৎ	21	literature	normalized_variant	পূর্ববৎ
কাপালিকের	21	literature	already_resolves	কাপালিকের
সর্ব্বত্র	21	literature	normalized_variant	সর্বক্ষেত্রে
বিমলাকে	21	literature	already_resolves	বিমলাকে
ণিঅ	21	literature	normalized_variant	নিও
নৈরাত্মা	21	literature	already_resolves	নৈরাত্মা
ইদং	21	literature	normalized_variant	ইদন
তদেব	21	literature	already_resolves	তদেব
ণউ	21	literature	normalized_variant	নৌ
তত্ত্বং	21	literature	already_resolves	তত্ত্বং
রাজসিংহের	21	literature	already_resolves	রাজসিংহের
মেজের	20	literature	normalized_variant	মেঝের
রাসমণির	20	literature	normalized_variant	রাসমণি
গর্জ্জন	20	literature	normalized_variant	গর্ডন
বাঙ্গালার	20	literature	already_resolves	বাঙ্গালার
ভবানন্দের	20	literature	already_resolves	ভবানন্দের
ধর্ম্মে	20	literature	normalized_variant	ধর্মে
সম্বাদ	20	literature	already_resolves	সম্বাদ
পীতমের	20	literature	already_resolves	পীতমের
একখানির	20	literature	already_resolves	একখানির
মহাসুহ	20	literature	normalized_variant	মহাসুখ
তয়া	20	literature	normalized_variant	টয়া
তহি	20	literature	normalized_variant	তঁহি
চতুর্থপদেন	20	literature	normalized_variant	চতুর্থদিন
ভাবঃ	20	literature	normalized_variant	ভাবো
মনুষ্যের	19	literature	already_resolves	মনুষ্যের
মেজোবউ	19	literature	normalized_variant	মেজবউ
তাহাকেই	19	literature	normalized_variant	তাহাকে
ইতিপূর্ব্বে	19	literature	normalized_variant	ইতিপূর্বে
বর্ত্তমান	19	literature	normalized_variant	বর্তমান
লোঅ	19	literature	normalized_variant	লও
পরং	19	literature	normalized_variant	পরন
রূঅ	19	literature	normalized_variant	রূঢ়
স্যাৎ	19	literature	normalized_variant	স্যাট
শুনিয়াই	18	literature	normalized_variant	শুনিয়া
যজ্ঞনাথের	18	literature	normalized_variant	জগন্নাথের
জুলিখা	18	literature	already_resolves	জুলিখা
কর্ত্তা	18	literature	normalized_variant	করা
মুহূর্ত্তে	18	literature	normalized_variant	মুহূর্তে
মুহূর্ত্ত	18	literature	normalized_variant	মুহূর্ত
বুড়ীর	18	literature	normalized_variant	বুড়ির
সর্ব্বজয়ার	18	literature	normalized_variant	সর্বজয়ার
ধর্ম্মের	18	literature	normalized_variant	ধর্মের
পানুবাবু	18	literature	already_resolves	পানুবাবু
শশিমুখীর	18	literature	already_resolves	শশিমুখীর
ব্রাহ্মণবেশী	18	literature	normalized_variant	ব্রাহ্মণবাড়িয়া
আয়েষার	18	literature	normalized_variant	আয়েশার
জ্যাঠাইমার	18	literature	already_resolves	জ্যাঠাইমার
কপিলাকে	18	literature	already_resolves	কপিলাকে
চিঅ	18	literature	normalized_variant	চিও
সিদ্ধাচার্য্য	18	literature	normalized_variant	সিদ্ধাচার্যদের
গঅণত	18	literature	normalized_variant	গুনত
পর্ব্বতে	18	literature	normalized_variant	পর্বতকে
এহু	18	literature	already_resolves	এহু
দ্বিতীয়পদেন	18	literature	already_resolves	দ্বিতীয়পদেন
ধুণি	18	literature	normalized_variant	ধুনি
প্রাতঃকালে	17	literature	already_resolves	প্রাতঃকালে
খনো	17	literature	normalized_variant	খনা
দিয়েচি	17	literature	normalized_variant	দিয়েছি
সর্ব্বাঙ্গ	17	literature	normalized_variant	সর্ব্বাপেক্ষা
সর্ব্বনাশ	17	literature	normalized_variant	সর্বনাশ
কার্য্যে	17	literature	already_resolves	কার্য্যে
চতুর্দ্দশ	17	literature	normalized_variant	চতুর্দশ
মাটীতে	17	literature	normalized_variant	মাতিতে
পার্ব্বত্য	17	literature	normalized_variant	পার্বত্য
যঃ	17	literature	normalized_variant	যো
পউ	17	literature	normalized_variant	পৌঢ়
যতঃ	17	literature	normalized_variant	যতো
ধ্রুবপদেন	17	literature	already_resolves	ধ্রুবপদেন
এতেন	17	literature	normalized_variant	এটিএন
চারিটি	16	literature	normalized_variant	চ্যারিটি
শিয়রের	16	literature	already_resolves	শিয়রের
পৌঁছিয়া	16	literature	normalized_variant	পচিয়া
হৈমর	16	literature	already_resolves	হৈমর
পার্ব্বতীকে	16	literature	already_resolves	পার্ব্বতীকে
পরিবর্ত্তন	16	literature	normalized_variant	পরিবর্তন
হৌক	16	literature	normalized_variant	হউক
গায়িল	16	literature	normalized_variant	গাইল
কথাগুলির	16	literature	already_resolves	কথাগুলির
লুৎফ	16	literature	normalized_variant	লুৎফা
দিল্লীশ্বরের	16	literature	already_resolves	দিল্লীশ্বরের
কেতুপুরে	16	literature	already_resolves	কেতুপুরে
সংকীর্ত্তনের	16	literature	normalized_variant	সংকীর্তনের
পুথির	16	literature	normalized_variant	পুঁথির
টর্চ্চ	16	literature	normalized_variant	টর্চ
মৃন্ময়ীকে	15	literature	already_resolves	মৃন্ময়ীকে
খিড়কির	15	literature	already_resolves	খিড়কির
অন্তঃপুরের	15	literature	already_resolves	অন্তঃপুরের
ছাতের	15	literature	normalized_variant	ছাঁটের
নিকটবর্ত্তী	15	literature	normalized_variant	নিকটবর্তী
ভজুয়া	15	literature	already_resolves	ভজুয়া
চণ্ডালী	15	literature	already_resolves	চণ্ডালী
জাণ	15	literature	normalized_variant	জান
সরূঅ	15	literature	normalized_variant	সরু
এথু	15	literature	normalized_variant	থু
টর্চ্চের	15	literature	normalized_variant	তর্করত্নের
কোলকাতায়	15	literature	normalized_variant	কলকাতায়
পুষ্করিণীর	14	literature	already_resolves	পুষ্করিণীর
এইজন্যে	14	literature	already_resolves	এইজন্যে
মেরেচে	14	literature	normalized_variant	মেরেছে
ত্বয়া	14	literature	normalized_variant	বোয়া
শ্যা	14	literature	normalized_variant	ছ্যা
রাজপুতেরা	14	literature	already_resolves	রাজপুতেরা
কৃতং	14	literature	normalized_variant	কৃতজ্ঞ
গত্বা	14	literature	normalized_variant	গটা
কৃষ্ণাচার্য	14	literature	normalized_variant	কৃষ্ণামাচারী
জানাতি	14	literature	normalized_variant	জান্নাতি
গঅণ	14	literature	normalized_variant	গুণ
বলিতেই	13	literature	already_resolves	বলিতেই
জুলিখার	13	literature	already_resolves	জুলিখার
রসিককে	13	literature	already_resolves	রসিককে
অমিয়ার	13	literature	already_resolves	অমিয়ার
মাসীর	13	literature	normalized_variant	মাসির
দেবদাদা	13	literature	already_resolves	দেবদাদা
বলচি	13	literature	normalized_variant	বলছি
বড়বৌ	13	literature	normalized_variant	বড়বা
নিন্দে	13	literature	already_resolves	নিন্দে
লেও	13	literature	normalized_variant	লেড়ো
সতু	13	literature	normalized_variant	ছোটু
পড়চে	13	literature	normalized_variant	পড়ছে
সিপাহীর	13	literature	already_resolves	সিপাহীর
চটীতে	13	literature	normalized_variant	চটিতে
কল্যাণীকে	13	literature	already_resolves	কল্যাণীকে
বহির্ব্বিষয়ক	13	literature	normalized_variant	বহির্বিশ্বকে
পরেশবাবুকে	13	literature	already_resolves	পরেশবাবুকে
সুচরিতাও	13	literature	normalized_variant	সুচরিতা
রাজপুতের	13	literature	already_resolves	রাজপুতের
নেওয়ারী	13	literature	normalized_variant	নেওয়ার
ঘরিণী	13	literature	normalized_variant	ঘোরিনি
মহাসুহে	13	literature	normalized_variant	মহাসুখে
স্থিতং	13	literature	normalized_variant	স্থিত
ভিন্নি	13	literature	normalized_variant	ভিনি
কুর্ব্বন্তি	13	literature	already_resolves	কুর্ব্বন্তি
জানন্তি	13	literature	normalized_variant	জানতি
শিলঙ	13	literature	normalized_variant	শিলং
শয়নগৃহে	12	literature	already_resolves	শয়নগৃহে
আহারান্তে	12	literature	already_resolves	আহারান্তে
কৃষ্ণগোপাল	12	literature	normalized_variant	কৃষ্ণকমল
যান্তি	12	literature	normalized_variant	যাঁতি
পণ্ডিতমশায়ের	12	literature	already_resolves	পণ্ডিতমশায়ের
পেয়েচে	12	literature	normalized_variant	পেয়েছে
সাহিত্যকর্মগুলি	12	literature	already_resolves	সাহিত্যকর্মগুলি
কর্ত্তব্য	12	literature	normalized_variant	কর্তব্য
বিশ্বেশ্বরীর	12	literature	already_resolves	বিশ্বেশ্বরীর
নির্ব্বাণ	12	literature	normalized_variant	নির্বাণ
বী	12	literature	normalized_variant	বিই
অবিনাশের	12	literature	already_resolves	অবিনাশের
মান্দারণ	12	literature	normalized_variant	মান্দারিন
রাজপুত্ত্রের	12	literature	normalized_variant	রাজপুত্রের
ওস্মানের	12	literature	normalized_variant	ওসমানের
তিলোত্তমাকে	12	literature	already_resolves	তিলোত্তমাকে
রমাকে	12	literature	normalized_variant	রোমাকে
গাঙুলী	12	literature	normalized_variant	গাঙ্গুলী
কুবিরদা	12	literature	already_resolves	কুবিরদা
মেজোবাবুর	12	literature	normalized_variant	মেজবাউর
কৃষ্ণাচার্য্যের	12	literature	normalized_variant	কৃষ্ণাচতুর্দশীর
সর্ব্বেষাং	12	literature	normalized_variant	সর্ব্বাপেক্ষা
ভবন্তি	12	literature	normalized_variant	ভবনটি
ট্রেণ	12	literature	normalized_variant	ট্রেন
রাণার	12	literature	normalized_variant	রানার
চীৎকারে	11	literature	already_resolves	চীৎকারে
তাহারাই	11	literature	normalized_variant	তাহারা
জানিতেও	11	literature	normalized_variant	জানিতে
চারিজন	11	literature	already_resolves	চারিজন
এড়াইয়া	11	literature	normalized_variant	এরিয়া
হার্মোনিয়ম	11	literature	normalized_variant	হার্মোনিয়াম
এসেচ	11	literature	normalized_variant	এসেছ
দেখেচি	11	literature	normalized_variant	দেখেছি
সর্ব্বস্ব	11	literature	normalized_variant	সর্বস্ব
যাচ্চি	11	literature	normalized_variant	যাচ্ছি
মেজদার	11	literature	already_resolves	মেজদার
প্রত্যাবর্ত্তন	11	literature	normalized_variant	প্রত্যাবর্তন
দুটী	11	literature	normalized_variant	দুটিই
খ্রীঃ	11	literature	normalized_variant	খর
জীবা	11	literature	normalized_variant	যীবা
কামিনীর	11	literature	already_resolves	কামিনীর
কর্ম্মে	11	literature	normalized_variant	কর্মে
ব্রাহ্মসমাজে	11	literature	already_resolves	ব্রাহ্মসমাজে
য়া	11	literature	already_resolves	য়া
জীবন্তে	11	literature	already_resolves	জীবন্তে
ণাহি	11	literature	normalized_variant	নাহি
দিট	11	literature	normalized_variant	দিত
সহাব	11	literature	normalized_variant	আসহাব
তেষু	11	literature	normalized_variant	তছু
কথ্যতে	11	literature	already_resolves	কথ্যতে
বোহি	11	literature	normalized_variant	বহি
তচ্চ	11	literature	normalized_variant	অচ্ছ
জাঅ	11	literature	normalized_variant	যাও
এতদেব	11	literature	already_resolves	এতদেব
জহি	11	literature	normalized_variant	ওহি
পর্ব্বতমালা	11	literature	normalized_variant	পর্বতমালা
কর্তামা	11	literature	normalized_variant	করতাম
ুলো	11	literature	normalized_variant	উলা
ূপ	11	literature	normalized_variant	ঊপ
বলিলেও	10	literature	normalized_variant	বলিলে
তৎপ্রতি	10	literature	normalized_variant	ততপরতা
তুলিলেন	10	literature	already_resolves	তুলিলেন
তাহাতেও	10	literature	normalized_variant	তাহাতে
দ্বিজদাস	10	literature	already_resolves	দ্বিজদাস
দেখেচে	10	literature	normalized_variant	দেখেছে
সহরে	10	literature	normalized_variant	শহরে
সুমুখের	10	literature	already_resolves	সুমুখের
পরবর্ত্তী	10	literature	normalized_variant	পরবর্তী
চতুর্দ্দিকে	10	literature	normalized_variant	চতুর্দিকে
অনির্ব্বচনীয়	10	literature	normalized_variant	অনির্বচনীয়
এনেচে	10	literature	normalized_variant	এনেছে
ময়ি	10	literature	normalized_variant	ময়ী
ভক্তিভাবে	10	literature	normalized_variant	ভক্তিভাব
পদচিহ্নে	10	literature	already_resolves	পদচিহ্নে
সত্যানন্দের	10	literature	already_resolves	সত্যানন্দের
কিমপি	10	literature	already_resolves	কিমপি
মহিমের	10	literature	already_resolves	মহিমের
উন্নিসাকে	10	literature	normalized_variant	উন্নতিকে
মৃণ্ময়ি	10	literature	normalized_variant	মৃন্ময়ী
চতুরে	10	literature	normalized_variant	চতুর
ঘোষালদের	10	literature	already_resolves	ঘোষালদের
শীতলের	10	literature	already_resolves	শীতলের
ময়নাদ্বীপি	10	literature	already_resolves	ময়নাদ্বীপি
অপণে	10	literature	normalized_variant	পণে
কিম্পি	10	literature	normalized_variant	কিমি
লইআ	10	literature	normalized_variant	লইয়া
কিঅ	10	literature	normalized_variant	কড়িও
নিচ্চল	10	literature	normalized_variant	নিকোল
কুলেঁ	10	literature	normalized_variant	কুলে
প্রভাস্বর	10	literature	normalized_variant	প্রভাসচন্দ্র
তহিঁ	10	literature	normalized_variant	তঁহি
শ্রীহেবজ্রে	10	literature	already_resolves	শ্রীহেবজ্রে
কশ্চিৎ	10	literature	normalized_variant	কষছিল
অনেন	10	literature	normalized_variant	অন্নে
জ্ঞানমুদ্রা	10	literature	normalized_variant	জ্ঞানমূলকের
বাহতু	10	literature	normalized_variant	বাহাত
উঠচে	10	literature	normalized_variant	উঠছে
গাত্তি	10	literature	normalized_variant	গাট্টি
যোগমায়াকে	10	literature	already_resolves	যোগমায়াকে
চক্ষুতে	9	literature	already_resolves	চক্ষুতে
সকালবেলাকার	9	literature	normalized_variant	সকালবেলার
সারারাত্রি	9	literature	already_resolves	সারারাত্রি
শৈলবালার	9	literature	already_resolves	শৈলবালার
চকিতের	9	literature	already_resolves	চকিতের
দাড়াইয়া	9	literature	normalized_variant	দাঁড়াইয়া
তাঁহাকেই	9	literature	normalized_variant	তাহাকে
তাহাকেও	9	literature	normalized_variant	তাহাকে
মুদীর	9	literature	normalized_variant	মুদির
বলেচি	9	literature	normalized_variant	বলেছি
সহরের	9	literature	normalized_variant	শহরের
হইবামাত্র	9	literature	normalized_variant	হওয়ামাত্র
গণিয়া	9	literature	normalized_variant	গনিয়া
গাড়ীতে	9	literature	already_resolves	গাড়ীতে
সর্ব্ব	9	literature	normalized_variant	সব
কাজকর্ম্ম	9	literature	normalized_variant	কাজকর্ম
চণ্ডীমণ্ডপের	9	literature	already_resolves	চণ্ডীমণ্ডপের
নেবুর	9	literature	already_resolves	নেবুর
মর্তে	9	literature	normalized_variant	মরতে
নন্দর	9	literature	normalized_variant	নন্দার
পাঠানেরা	9	literature	already_resolves	পাঠানেরা
মতিবিবি	9	literature	already_resolves	মতিবিবি
পুত্ত্র	9	literature	normalized_variant	পাট
কছিলেন	9	literature	already_resolves	কছিলেন
বিমলাও	9	literature	normalized_variant	বিমলা
কেতুপুর	9	literature	already_resolves	কেতুপুর
উলুপী	9	literature	normalized_variant	উলূপী
শান্তিদেবের	9	literature	already_resolves	শান্তিদেবের
অবধূতী	9	literature	already_resolves	অবধূতী
জইসা	9	literature	normalized_variant	জয়া
সুণ	9	literature	normalized_variant	সুন
ধমণ	9	literature	normalized_variant	ধমনি
একু	9	literature	already_resolves	একু
জুতুও	9	literature	normalized_variant	জুতো
তসু	9	literature	normalized_variant	তছু
কুর্য্যাৎ	9	literature	normalized_variant	কূর্মাবতার
কথিতং	9	literature	already_resolves	কথিতং
অস্য	9	literature	normalized_variant	আস্য
ভ্রান্ত্যা	9	literature	already_resolves	ভ্রান্ত্যা
সবরী	9	literature	normalized_variant	শবরী
সিদ্ধাচার্য্যো	9	literature	normalized_variant	সিদ্ধাচার্যদের
জ্বলচে	9	literature	normalized_variant	জ্বলছে
ভারেজের	9	literature	already_resolves	ভারেজের
চিমানিমানি	9	literature	already_resolves	চিমানিমানি
মবারকের	9	literature	normalized_variant	মোবারকের
হতবুদ্ধির	8	literature	already_resolves	হতবুদ্ধির
ইহাতেই	8	literature	already_resolves	ইহাতেই
যোলো	8	literature	normalized_variant	জ্বলো
অত্যুচ্চ	8	literature	normalized_variant	অত্যুক্তি
হাস্যের	8	literature	already_resolves	হাস্যের
গৃহদ্বারে	8	literature	already_resolves	গৃহদ্বারে
নীচেই	8	literature	normalized_variant	নিচেই
বিপিনের	8	literature	already_resolves	বিপিনের
শ্রীপতির	8	literature	already_resolves	শ্রীপতির
বুঢ়া	8	literature	normalized_variant	বুরা
সৈরি	8	literature	normalized_variant	স্বৈরী
পারিলেই	8	literature	normalized_variant	পারিলে
দেখিয়াও	8	literature	normalized_variant	দেখিয়া
গিয়াই	8	literature	normalized_variant	গিজায়
দেখচি	8	literature	normalized_variant	দেখছি
করেচ	8	literature	normalized_variant	করেছ
অধোবদনে	8	literature	already_resolves	অধোবদনে
পেয়েচি	8	literature	normalized_variant	পেয়েছি
চারিদিকের	8	literature	already_resolves	চারিদিকের
চাহিয়াও	8	literature	normalized_variant	চাহিয়া
সর্ব্বাগ্রে	8	literature	normalized_variant	সর্বক্ষেত্রে
ইন্দ্রকে	8	literature	already_resolves	ইন্দ্রকে
নির্ব্বিঘ্নে	8	literature	normalized_variant	নির্বিঘ্নে
প্রধাবিত	8	literature	normalized_variant	প্রভাবিত
বাড়ীতেই	8	literature	normalized_variant	বাড়িতেই
মার্জ্জনা	8	literature	normalized_variant	মার্জনা
নিরুত্তরে	8	literature	already_resolves	নিরুত্তরে
পর্য্যন্তও	8	literature	normalized_variant	পর্য্যন্ত
গুরুজীর	8	literature	normalized_variant	গুরুজির
খুকীর	8	literature	normalized_variant	খুকির
বেরিয়েচে	8	literature	normalized_variant	বেরিয়েছে
গর্ত্ত	8	literature	normalized_variant	গট
ত্বং	8	literature	normalized_variant	টং
যোড়হাত	8	literature	normalized_variant	জোড়হাত
উর্দ্ধশ্বাসে	8	literature	normalized_variant	রুদ্ধশ্বাসে
পরেশবাবুদের	8	literature	already_resolves	পরেশবাবুদের
শৈলেশ্বরের	8	literature	already_resolves	শৈলেশ্বরের
পীরপুরের	8	literature	already_resolves	পীরপুরের
শেতলবাবু	8	literature	already_resolves	শেতলবাবু
পদকর্ত্তাদের	8	literature	normalized_variant	পদকর্তাদের
ভণতি	8	literature	normalized_variant	বোনটি
অর্থার্ষ	8	literature	normalized_variant	অর্থার
পদকর্ত্তা	8	literature	normalized_variant	পদকর্তা
ভুসু	8	literature	already_resolves	ভুসু
কীস	8	literature	normalized_variant	কিইস
চমণ	8	literature	normalized_variant	চমন
এঅং	8	literature	normalized_variant	অং
যস্মাৎ	8	literature	normalized_variant	জমাট
দদাতি	8	literature	already_resolves	দদাতি
তর্হি	8	literature	normalized_variant	তরি
সিদ্ধং	8	literature	already_resolves	সিদ্ধং
তস্যা	8	literature	already_resolves	তস্যা
এতদেবাহ	8	literature	already_resolves	এতদেবাহ
তমাহ	8	literature	normalized_variant	তোমা
মোক্ষং	8	literature	normalized_variant	মোক্ষণ
পবণ	8	literature	normalized_variant	পবন
পইসই	8	literature	normalized_variant	পেসে
যং	8	literature	normalized_variant	জং
অপণা	8	literature	normalized_variant	অপনা
কহিঁ	8	literature	normalized_variant	কহি
উমত	8	literature	normalized_variant	উম্মত
শবরো	8	literature	normalized_variant	শবর
দাহিণ	8	literature	normalized_variant	ডাহিন
মাঝেঁ	8	literature	normalized_variant	মাঝে
চিঅরাঅ	8	literature	normalized_variant	চড়াও
তাহোলে	8	literature	normalized_variant	তাহলে
কুলীরা	8	literature	already_resolves	কুলীরা
পর্টুগিজ	8	literature	normalized_variant	পর্তুগিজ
লিসি	8	literature	normalized_variant	লিচ্ছি
উদয়পুরে	8	literature	already_resolves	উদয়পুরে
চাটুজ্যেদের	8	literature	already_resolves	চাটুজ্যেদের
কালুদা	8	literature	already_resolves	কালুদা
হেমনলিনীকে	8	literature	already_resolves	হেমনলিনীকে
পহরে	8	literature	normalized_variant	ফোরে
শুপুরির	8	literature	normalized_variant	সুপুরির
একরাত্রি	7	literature	normalized_variant	একরাত্রী
চুলগুলি	7	literature	already_resolves	চুলগুলি
রাত্রিও	7	literature	normalized_variant	রেশিও
বিবাহটা	7	literature	already_resolves	বিবাহটা
নৌকাগুলি	7	literature	already_resolves	নৌকাগুলি
মকদ্দমায়	7	literature	normalized_variant	মোকদ্দমায়
আঁকড়িয়া	7	literature	normalized_variant	আকড়িয়া
গবর্মেণ্টের	7	literature	normalized_variant	গবর্নমেন্ট
বনমালীর	7	literature	already_resolves	বনমালীর
মাস্টারমশায়	7	literature	normalized_variant	মাস্টারমশাই
কুলীনের	7	literature	already_resolves	কুলীনের
হিমাংশুদের	7	literature	already_resolves	হিমাংশুদের
রাত্রিটা	7	literature	already_resolves	রাত্রিটা
থাকিলেই	7	literature	normalized_variant	থাকিলে
থাকিতেই	7	literature	already_resolves	থাকিতেই
ষে	7	literature	normalized_variant	শে
তক্তাপোশের	7	literature	already_resolves	তক্তাপোশের
চন্দ্রমুখীকে	7	literature	already_resolves	চন্দ্রমুখীকে
মরেচে	7	literature	normalized_variant	মরেছে
মূর্চ্ছিত	7	literature	normalized_variant	মূর্ছিত
স্ত্রীলোকে	7	literature	normalized_variant	স্ত্রীলোক
ছোটবাবুর	7	literature	already_resolves	ছোটবাবুর
হুঁকাটা	7	literature	normalized_variant	হুক্কাটা
চাহিতেই	7	literature	already_resolves	চাহিতেই
দুর্জ্জয়	7	literature	normalized_variant	দুর্জয়
মুহূর্ত্তের	7	literature	normalized_variant	মুহূর্তের
জীকে	7	literature	normalized_variant	জয়ীকে
বিক্রী	7	literature	normalized_variant	বিক্রিি
খিড়কীর	7	literature	normalized_variant	খিড়কি
বেই	7	literature	normalized_variant	বেড়ি
ঘেঁসিয়া	7	literature	normalized_variant	ঘেঁষিয়া
শকুনির	7	literature	already_resolves	শকুনির
বঙ্কুর	7	literature	already_resolves	বঙ্কুর
রেখেচে	7	literature	normalized_variant	রেখেছে
হুঁস	7	literature	normalized_variant	হুস
বেড়িয়া	7	literature	normalized_variant	বেরিয়া
বইচে	7	literature	normalized_variant	বইছে
নির্জ্জনে	7	literature	normalized_variant	নির্জনে
দিচ্চে	7	literature	normalized_variant	দিচ্ছে
চড়িলে	7	literature	normalized_variant	চরিলে
তিলার্দ্ধ	7	literature	normalized_variant	তিলার্ধ
বৈকালের	7	literature	already_resolves	বৈকালের
বঙ্গদর্শনে	7	literature	already_resolves	বঙ্গদর্শনে
দুর্ব্বল	7	literature	normalized_variant	দুর্বল
হৃষ্টচিত্তে	7	literature	already_resolves	হৃষ্টচিত্তে
টুমি	7	literature	normalized_variant	তুমি
তৎপরে	7	literature	already_resolves	তৎপরে
মূঢ়ের	7	literature	already_resolves	মূঢ়ের
হিঁদু	7	literature	normalized_variant	হিউ
গোরাদের	7	literature	normalized_variant	গরাদের
বক্তিয়ার	7	literature	normalized_variant	বকতিয়ার
মনোরমাকে	7	literature	already_resolves	মনোরমাকে
প্রধানা	7	literature	already_resolves	প্রধানা
ইহাঁর	7	literature	normalized_variant	ইহার
শিবিকার	7	literature	already_resolves	শিবিকার
সৈদ	7	literature	normalized_variant	সৈয়দ
সেখজী	7	literature	already_resolves	সেখজী
তিলোত্তম	7	literature	normalized_variant	তিলোত্তমা
তাম	7	literature	normalized_variant	টাম
আপিমের	7	literature	normalized_variant	আফিমের
গণশা	7	literature	normalized_variant	গুছা
দুগা	7	literature	normalized_variant	দুগ্গা
বৌদ্ধধর্ম্মের	7	literature	normalized_variant	বৌদ্ধধর্মের
রাউতু	7	literature	already_resolves	রাউতু
জগু	7	literature	already_resolves	জগু
কইসেঁ	7	literature	normalized_variant	কইসে
চীএ	7	literature	normalized_variant	চে
করিঅ	7	literature	normalized_variant	করিও
করিঅই	7	literature	normalized_variant	করিও
করণক	7	literature	normalized_variant	করুক
দিঠা	7	literature	normalized_variant	দিতা
বারাহী	7	literature	normalized_variant	বারী
জ্ঞায়তে	7	literature	normalized_variant	যাইতে
বহই	7	literature	normalized_variant	বহয়ি
উঅন্তি	7	literature	normalized_variant	অন্তি
তিঅ	7	literature	normalized_variant	টিও
প্রভাস্বরে	7	literature	normalized_variant	প্রভাসচন্দ্র
মহু	7	literature	normalized_variant	মোহ
সহজং	7	literature	already_resolves	সহজং
ত্যাদি	7	literature	normalized_variant	ইত্যাদি
ণা	7	literature	normalized_variant	না
তদপি	7	literature	normalized_variant	টুপি
বিহায়	7	literature	normalized_variant	ভায়
তদাহ	7	literature	normalized_variant	টুডে
প্রাপ্যতে	7	literature	already_resolves	প্রাপ্যতে
তেনৈব	7	literature	already_resolves	তেনৈব
গুরূপদেশং	7	literature	already_resolves	গুরূপদেশং
জাণী	7	literature	normalized_variant	জানিই
কাহেরে	7	literature	normalized_variant	আখেরে
সদ্গুরু	7	literature	already_resolves	সদ্গুরু
এবেঁ	7	literature	normalized_variant	এবে
নাগার্জ্জুন	7	literature	normalized_variant	নাগার্জুন
কল্লোলঃ	7	literature	normalized_variant	কল্লোল
কাঅ	7	literature	normalized_variant	কাড়ো
তিরুমলের	7	literature	already_resolves	তিরুমলের
চলেচে	7	literature	normalized_variant	চলেছে
পর্ব্বতশ্রেণীর	7	literature	normalized_variant	পর্বতশ্রেণীর
জানোয়ারটার	7	literature	already_resolves	জানোয়ারটার
শিলঙে	7	literature	normalized_variant	শিলংয়ে
ুধু	7	literature	normalized_variant	উহু
শয়নগৃহের	6	literature	already_resolves	শয়নগৃহের
খোকাবাবুর	6	literature	already_resolves	খোকাবাবুর
অপূর্বকৃষ্ণ	6	literature	normalized_variant	অপূর্বদৃষ্ট
পাৎলা	6	literature	normalized_variant	পাতলা
দৌড়িয়া	6	literature	normalized_variant	দরিয়া
পড়িলেই	6	literature	normalized_variant	পড়িলে
সতেজে	6	literature	already_resolves	সতেজে
অঙ্গুলিতে	6	literature	already_resolves	অঙ্গুলিতে
শুনিলেই	6	literature	normalized_variant	শুনিলে
রাগিণীতে	6	literature	normalized_variant	রাগিনীতে
চক্রবর্তীদের	6	literature	already_resolves	চক্রবর্তীদের
প্রত্যূষে	6	literature	normalized_variant	প্রত্যুষে
তুলিতেই	6	literature	already_resolves	তুলিতেই
তুলিলে	6	literature	already_resolves	তুলিলে
রাধামুকুন্দের	6	literature	already_resolves	রাধামুকুন্দের
শশিভূষণের	6	literature	normalized_variant	শশীভূষণের
রাসমণিকে	6	literature	already_resolves	রাসমণিকে
শৈলবালাকে	6	literature	already_resolves	শৈলবালাকে
আসিবামাত্র	6	literature	already_resolves	আসিবামাত্র
উঠিয়াই	6	literature	normalized_variant	উঠিয়া
সর্পের	6	literature	already_resolves	সর্পের
আসিয়াও	6	literature	normalized_variant	আসিয়া
মহামায়াকে	6	literature	already_resolves	মহামায়াকে
পিসিকে	6	literature	already_resolves	পিসিকে
টেঁকে	6	literature	normalized_variant	টেকে
দেখিতেই	6	literature	already_resolves	দেখিতেই
প্যারীমোহন	6	literature	normalized_variant	প্যারীচরণ
মন্ত্রণার	6	literature	already_resolves	মন্ত্রণার
জানিয়াও	6	literature	normalized_variant	জানিয়া
কলিকার	6	literature	already_resolves	কলিকার
মন্মথর	6	literature	already_resolves	মন্মথর
কাশীশ্বরী	6	literature	already_resolves	কাশীশ্বরী
চিত্রগুলি	6	literature	already_resolves	চিত্রগুলি
পারিলেও	6	literature	normalized_variant	পারিলে
শুনেচি	6	literature	normalized_variant	শুনেছি
বুঝেচি	6	literature	normalized_variant	বুঝেছি
যাচ্চ	6	literature	normalized_variant	যাচ্ছ
দিয়েচ	6	literature	normalized_variant	দিয়েছ
শুনিয়াও	6	literature	normalized_variant	শুনিয়া
শুনেচ	6	literature	normalized_variant	শুনেছ
বলেচে	6	literature	normalized_variant	বলেছে
পিসীমা	6	literature	normalized_variant	পিসিমা
ষ্টীমার	6	literature	normalized_variant	স্টীমার
ঐখানে	6	literature	normalized_variant	ওইখানে
মর্ম্ম	6	literature	normalized_variant	মম
মর্ম্মান্তিক	6	literature	normalized_variant	মর্মান্তিক
সর্ব্বাঙ্গে	6	literature	normalized_variant	সর্ব্বাপেক্ষা
সর্ব্বত্রই	6	literature	normalized_variant	সর্বক্ষেত্রে
পর্দ্দা	6	literature	normalized_variant	পরোটা
সগর্ব্বে	6	literature	normalized_variant	সগর্বে
করেচেন	6	literature	normalized_variant	করেছেন
চতুর্দ্দিক	6	literature	normalized_variant	চতুর্দিক
নিয়েচে	6	literature	normalized_variant	নিয়েছে
চাহিয়াই	6	literature	normalized_variant	চাহিয়া
ছোটলোকদের	6	literature	already_resolves	ছোটলোকদের
বর্দ্ধমান	6	literature	normalized_variant	বর্ধমান
শ্বশুরবাড়ী	6	literature	normalized_variant	শ্বশুরবাড়ি
নিশ্চিন্দিপুর	6	literature	normalized_variant	নিশ্চিন্দিপুরের
তুলিবে	6	literature	already_resolves	তুলিবে
সন্দে	6	literature	normalized_variant	সনদে
সর্ব্বশরীর	6	literature	normalized_variant	সর্বক্ষেত্রেই
পুরোণো	6	literature	normalized_variant	পুরনো
তাহ	6	literature	normalized_variant	টাহ
কথাবার্ত্তায়	6	literature	normalized_variant	কথাবার্তায়
খ্রীষ্টাব্দে	6	literature	already_resolves	খ্রীষ্টাব্দে
সর্ব্বপ্রথম	6	literature	normalized_variant	সর্ব্বপ্রধান
সুজলাং	6	literature	already_resolves	সুজলাং
নমামি	6	literature	already_resolves	নমামি
লুঠিয়া	6	literature	normalized_variant	উঠিয়া
পর্ব্বতশ্রেণী	6	literature	normalized_variant	পর্বতশ্রেণী
কার্য্যোদ্ধার	6	literature	normalized_variant	কার্যউপদেষ্টা
পরিবর্ত্তিত	6	literature	normalized_variant	পরিবর্তিত
হিঁ	6	literature	normalized_variant	হি
রোষে	6	literature	normalized_variant	রোশে
ভারতভাগ্যবিধাতা	6	literature	already_resolves	ভারতভাগ্যবিধাতা
গবাক্ষের	6	literature	already_resolves	গবাক্ষের
গোরাও	6	literature	normalized_variant	গড়াও
শশিমুখীকে	6	literature	already_resolves	শশিমুখীকে
মহিমকে	6	literature	normalized_variant	মহিমাকে
খুড়ার	6	literature	already_resolves	খুড়ার
দুর্ভাগ্যবশতঃ	6	literature	normalized_variant	দুর্ভাগ্যবশত
চর্ব্বণ	6	literature	normalized_variant	চর্বণ
হর্ষোৎফুল্ল	6	literature	normalized_variant	হর্ষোত্ফুল্ল
প্রসাদে	6	literature	already_resolves	প্রসাদে
সন্নিধানে	6	literature	already_resolves	সন্নিধানে
সপ্তগ্রামের	6	literature	already_resolves	সপ্তগ্রামের
বেড়াচ্চে	6	literature	normalized_variant	বেড়াচ্ছে
মাসীকে	6	literature	normalized_variant	মাসিকে
রামাই	6	literature	normalized_variant	রামা
জেহি	6	literature	normalized_variant	ঝি
ণামে	6	literature	normalized_variant	নামে
অম্ভে	6	literature	already_resolves	অম্ভে
তইসো	6	literature	normalized_variant	টোর্স
বিশেসো	6	literature	normalized_variant	বিশেষ
করউ	6	literature	normalized_variant	করো
কংখা	6	literature	already_resolves	কংখা
মধ্যদেশে	6	literature	already_resolves	মধ্যদেশে
মহাযানের	6	literature	already_resolves	মহাযানের
সরহপাদের	6	literature	already_resolves	সরহপাদের
তেঙ্গুর	6	literature	normalized_variant	টেগোর
অদঅ	6	literature	normalized_variant	অদু
জানমি	6	literature	normalized_variant	জানোই
অইস	6	literature	normalized_variant	ঐশ
রঅণ	6	literature	normalized_variant	রান
ভণ	6	literature	normalized_variant	ভন
কাআ	6	literature	normalized_variant	কায়া
পইঠো	6	literature	normalized_variant	পিঠা
পুচ্ছিঅ	6	literature	normalized_variant	পুচ্ছ
এড়িএউ	6	literature	normalized_variant	এড়িয়ে
ছান্দক	6	literature	already_resolves	ছান্দক
কিন্তো	6	literature	normalized_variant	কিন্ত
রাআ	6	literature	normalized_variant	রায়া
পদকর্ত্তার	6	literature	already_resolves	পদকর্ত্তার
সুণু	6	literature	normalized_variant	সুনু
তত্রৈব	6	literature	normalized_variant	তত্র
মূলং	6	literature	already_resolves	মূলং
পুণো	6	literature	normalized_variant	পুনঃ
মন্তো	6	literature	normalized_variant	মন্তা
চউ	6	literature	normalized_variant	চৌ
গউ	6	literature	normalized_variant	গৌড়
তিম	6	literature	normalized_variant	টিম
খাঅ	6	literature	normalized_variant	খাও
করোষি	6	literature	normalized_variant	কড়সি
ঘরেঁ	6	literature	normalized_variant	ঘরে
ভবেৎ	6	literature	normalized_variant	ভবে
সিধ্যতি	6	literature	already_resolves	সিধ্যতি
স্যাদিতি	6	literature	already_resolves	স্যাদিতি
নিশ্চয়ঃ	6	literature	normalized_variant	নিশ্চয়
চেৎ	6	literature	normalized_variant	চেত
পরিজ্ঞানে	6	literature	already_resolves	পরিজ্ঞানে
চাহন্তে	6	literature	normalized_variant	চাহনিতে
আত্মনা	6	literature	already_resolves	আত্মনা
পশ্যতি	6	literature	already_resolves	পশ্যতি
হিঅ	6	literature	normalized_variant	হিয়া
পু	6	literature	normalized_variant	পুড়
তমেব	6	literature	normalized_variant	টোমে
কুম্ভীরে	6	literature	already_resolves	কুম্ভীরে
চর্য্যা	6	literature	normalized_variant	চর্যা
সএল	6	literature	normalized_variant	সয়েল
অতঃ	6	literature	normalized_variant	অটো
চিহ্ণ	6	literature	normalized_variant	চিহ্ন
বিমন	6	literature	normalized_variant	বিমান
আর্য্যদেব	6	literature	normalized_variant	আর্যদেব
ধুনিয়া	6	literature	normalized_variant	উধুনিয়া
অরণ্যানীর	6	literature	already_resolves	অরণ্যানীর
ইউকা	6	literature	already_resolves	ইউকা
গুহাটা	6	literature	already_resolves	গুহাটা
রাণাকে	6	literature	normalized_variant	রানাকে
নুরনগরে	6	literature	normalized_variant	নূরনগরে
ভালোবাসিতেন	5	literature	normalized_variant	ভালবাসিতেন
চারিবার	5	literature	normalized_variant	ছাড়িবার
পশ্চাতের	5	literature	already_resolves	পশ্চাতের
উর্ধ্বশ্বাসে	5	literature	normalized_variant	ঊর্ধ্বশ্বাসে
পৌছিল	5	literature	already_resolves	পৌছিল
হেনকালে	5	literature	already_resolves	হেনকালে
সবগুলিই	5	literature	normalized_variant	সবগুলি
শরৎকালের	5	literature	already_resolves	শরৎকালের
মত্যুর	5	literature	normalized_variant	মতিয়ুর
তাহদের	5	literature	normalized_variant	তাহাদের
পঞ্জরে	5	literature	already_resolves	পঞ্জরে
সন্ধ্যাবেলাকার	5	literature	normalized_variant	সন্ধ্যাবেলার
সর্বশরীর	5	literature	normalized_variant	সর্বশ্রেণীর
জোগাইল	5	literature	normalized_variant	জগাই
রামলোচনের	5	literature	already_resolves	রামলোচনের
চন্দরাকে	5	literature	already_resolves	চন্দরাকে
শরীরটি	5	literature	normalized_variant	শরীরটাই
কিছুকালের	5	literature	already_resolves	কিছুকালের
ছোটোবড়ো	5	literature	normalized_variant	ছোটবড়
উন্মত্তের	5	literature	already_resolves	উন্মত্তের
পৌছাইয়া	5	literature	normalized_variant	পৌঁছাইয়া
ঢুকিতেই	5	literature	already_resolves	ঢুকিতেই
ভতা	5	literature	normalized_variant	ভোঁতা
নিস্তব্ধে	5	literature	already_resolves	নিস্তব্ধে
সাতমহলা	5	literature	normalized_variant	সাতমহল
দৃষ্টিপাতে	5	literature	already_resolves	দৃষ্টিপাতে
দালিয়ার	5	literature	normalized_variant	ডালিয়ার
হৈমকে	5	literature	already_resolves	হৈমকে
কোটালের	5	literature	normalized_variant	কোতালের
অন্তর্যামীই	5	literature	normalized_variant	অন্তর্যামী
আলন্দি	5	literature	already_resolves	আলন্দি
শ্যামাচরণের	5	literature	already_resolves	শ্যামাচরণের
বহিগুলি	5	literature	already_resolves	বহিগুলি
মেসোর	5	literature	normalized_variant	মেসো
বিধুমুখীর	5	literature	already_resolves	বিধুমুখীর
সুকুমারীর	5	literature	already_resolves	সুকুমারীর
পিস্তলটা	5	literature	normalized_variant	পিস্তলটি
বুলোতে	5	literature	normalized_variant	বুলতে
ন্যায়শাস্ত্রের	5	literature	already_resolves	ন্যায়শাস্ত্রের
পার্ব্বতীও	5	literature	normalized_variant	পার্ব্বতী
যুক্তকরে	5	literature	already_resolves	যুক্তকরে
ধর্ম্মদাসকে	5	literature	already_resolves	ধর্ম্মদাসকে
কোনদিনই	5	literature	normalized_variant	কোনোদিনই
বেশীক্ষণ	5	literature	already_resolves	বেশীক্ষণ
লেগেচে	5	literature	normalized_variant	লেগেছে
কক্ষান্তরে	5	literature	already_resolves	কক্ষান্তরে
তুলিয়াই	5	literature	normalized_variant	তুলিয়া
পেরেচে	5	literature	normalized_variant	পেরেছে
হয়েচ	5	literature	normalized_variant	হয়েছ
এণ্ড	5	literature	normalized_variant	এন্ড
তর্জ্জন	5	literature	normalized_variant	তর্জনগর্জন
নির্ব্বাক	5	literature	normalized_variant	নির্বাক
দেখেচো	5	literature	normalized_variant	দেখেছ
আর্ত্তনাদ	5	literature	normalized_variant	আর্তনাদ
সজিনার	5	literature	normalized_variant	শজিনার
কুটীরের	5	literature	normalized_variant	কুটিরের
সহধর্ম্মিণী	5	literature	normalized_variant	সহধর্মিণী
সর্ব্বদাই	5	literature	normalized_variant	সর্ব্বপ্রধান
এনেচি	5	literature	normalized_variant	এনেছি
ভাবচি	5	literature	normalized_variant	ভাবছি
পেরেচি	5	literature	normalized_variant	পেরেছি
ঢিপির	5	literature	already_resolves	ঢিপির
কিতে	5	literature	normalized_variant	কাইট
আশীর্ব্বাদে	5	literature	already_resolves	আশীর্ব্বাদে
পুরাণো	5	literature	normalized_variant	পুরানো
ড়া	5	literature	normalized_variant	রা
লইতেই	5	literature	normalized_variant	লইতে
পূর্ব্বেও	5	literature	normalized_variant	পূর্ব্বের
সংসর্গে	5	literature	already_resolves	সংসর্গে
সাধুজী	5	literature	already_resolves	সাধুজী
একঠো	5	literature	normalized_variant	একথা
বেহারী	5	literature	normalized_variant	ভারী
একখানিতে	5	literature	already_resolves	একখানিতে
কথাবার্ত্তার	5	literature	already_resolves	কথাবার্ত্তার
খিড়কী	5	literature	normalized_variant	খিড়কি
খেও	5	literature	normalized_variant	খেয়ো
হোত	5	literature	normalized_variant	হত
এইগুলো	5	literature	already_resolves	এইগুলো
প্রাণরক্ষার	5	literature	already_resolves	প্রাণরক্ষার
শীগগির	5	literature	normalized_variant	শিগগির
বিশ্বেস	5	literature	normalized_variant	বিশ্বে
ঢুকলো	5	literature	normalized_variant	ঢুকল
বীরভূমি	5	literature	normalized_variant	বীরভূম
ক্ব	5	literature	normalized_variant	কব
ঊর্দ্ধে	5	literature	normalized_variant	ঊর্ধে
মর্ম্মর	5	literature	normalized_variant	মর্মন
ক্ষীণালোকে	5	literature	already_resolves	ক্ষীণালোকে
ব্র	5	literature	normalized_variant	বড়র
মেয়েটী	5	literature	normalized_variant	মেয়েটিই
গর্ত্তে	5	literature	normalized_variant	গড়ে
চটীর	5	literature	normalized_variant	চটির
সেইখান	5	literature	normalized_variant	সেইখানে
পশ্চাদ্বর্ত্তী	5	literature	normalized_variant	পশ্চাদ্বর্তী
গায়িতেছিল	5	literature	already_resolves	গায়িতেছিল
পংক্তিতে	5	literature	already_resolves	পংক্তিতে
অর্দ্ধ	5	literature	normalized_variant	অর্ধ
ব্যস্তে	5	literature	already_resolves	ব্যস্তে
মায়ি	5	literature	normalized_variant	মায়ী
কোরবাণী	5	literature	normalized_variant	কোরবানী
বন্দার	5	literature	normalized_variant	বোনার
এইগুলি	5	literature	already_resolves	এইগুলি
পরমং	5	literature	normalized_variant	পরমাণ
বেহারাকে	5	literature	already_resolves	বেহারাকে
হারানবাবুও	5	literature	already_resolves	হারানবাবুও
এইজন্যেই	5	literature	normalized_variant	এজন্যেই
পাঁচশো	5	literature	normalized_variant	পাঁচশ
সেখানি	5	literature	already_resolves	সেখানি
কয়েকটী	5	literature	normalized_variant	কয়েকটি
ভগিনি	5	literature	normalized_variant	ভগিনী
এপর্য্যন্ত	5	literature	normalized_variant	এপর্যন্ত
লক্ষ্যতে	5	literature	already_resolves	লক্ষ্যতে
শয়নাগারে	5	literature	already_resolves	শয়নাগারে
পূর্ব্বদিকে	5	literature	normalized_variant	পূর্বদিকে
পাতর	5	literature	normalized_variant	পাতোর
মেহে	5	literature	already_resolves	মেহে
পুত্ত্রের	5	literature	normalized_variant	পাটার
বিমলে	5	literature	already_resolves	বিমলে
তল্লাস	5	literature	normalized_variant	তল্লাশ
রূপবর্ণন	5	literature	normalized_variant	রূপবর্ণনা
স্থিতা	5	literature	already_resolves	স্থিতা
দিয়েচেন	5	literature	normalized_variant	দিয়েছেন
ণি	5	literature	normalized_variant	নি
হেডমাষ্টার	5	literature	normalized_variant	হেডমাস্টার
হাঁসপাতালে	5	literature	normalized_variant	হাসপাতালে
বসেচে	5	literature	normalized_variant	বসেছে
নকুলদা	5	literature	already_resolves	নকুলদা
গোপির	5	literature	already_resolves	গোপির
স্যায়	5	literature	normalized_variant	স্যাজ
আপিম	5	literature	normalized_variant	পাইম
বিয়ানে	5	literature	already_resolves	বিয়ানে
বিত্তান্ত	5	literature	normalized_variant	বিত্তবান
আলেন	5	literature	normalized_variant	আইলেন
ব্যানুন	5	literature	normalized_variant	ব্যানানা
চর্য্যাপদ	5	literature	normalized_variant	চর্যাপদ
তেহি	5	literature	normalized_variant	তেহাই
ধরই	5	literature	normalized_variant	ধোরই
মিছেঁ	5	literature	normalized_variant	মিছে
কইসণ	5	literature	normalized_variant	কইসন
মঅলেঁ	5	literature	normalized_variant	মূল্যে
জাএথু	5	literature	already_resolves	জাএথু
নালন্দায়	5	literature	already_resolves	নালন্দায়
জাহোর	5	literature	normalized_variant	ঝড়
খালেঁ	5	literature	normalized_variant	খালে
বাহিউ	5	literature	normalized_variant	বাহু
লেলী	5	literature	normalized_variant	লেই
নিঅ	5	literature	normalized_variant	নিও
লোঅহ	5	literature	normalized_variant	লওহ
গব্ব	5	literature	normalized_variant	গব্য
হউ	5	literature	normalized_variant	হোউ
পরমথে	5	literature	already_resolves	পরমথে
জসু	5	literature	normalized_variant	যছু
উএসই	5	literature	normalized_variant	এসই
কাহিব	5	literature	normalized_variant	খাইব
বোব	5	literature	normalized_variant	বব
সমাহিঅ	5	literature	normalized_variant	সমাধিও
নিচিত	5	literature	normalized_variant	নিহিত
সাণে	5	literature	normalized_variant	সেন
রাঅ	5	literature	normalized_variant	রাও
সম্ভবো	5	literature	normalized_variant	সম্ভবও
কায়ং	5	literature	normalized_variant	কাইং
স্থিতঃ	5	literature	normalized_variant	স্থিত
জায়ন্তে	5	literature	normalized_variant	জায়ান
কহণ	5	literature	normalized_variant	কহন
চক্কু	5	literature	normalized_variant	ছক্কু
জুবই	5	literature	normalized_variant	জুবি
জুইনি	5	literature	normalized_variant	জিনি
নউ	5	literature	normalized_variant	নৌ
সত্ত	5	literature	normalized_variant	ছোট্ট
স্ফুটং	5	literature	normalized_variant	স্ফুটন
তুম্মি	5	literature	normalized_variant	তামি
করহু	5	literature	already_resolves	করহু
জিণ	5	literature	normalized_variant	জিন
বিশ্বং	5	literature	normalized_variant	বিস্বন
রূপং	5	literature	normalized_variant	রূপন
টালত	5	literature	normalized_variant	তালত
বুধী	5	literature	normalized_variant	বুদ্ধি
নৈরাত্মে	5	literature	already_resolves	নৈরাত্মে
জানামি	5	literature	normalized_variant	জানাই
জলং	5	literature	normalized_variant	জলন-
ভ্রমন্তি	5	literature	normalized_variant	ভ্রমণটি
উচ্যতে	5	literature	already_resolves	উচ্যতে
সাধ্যতে	5	literature	already_resolves	সাধ্যতে
বিস্তরঃ	5	literature	normalized_variant	বিস্তর
ফলং	5	literature	normalized_variant	ফলন
কুতো	5	literature	normalized_variant	কুটা
মোক্খ	5	literature	normalized_variant	মোক্ষ
কিংপি	5	literature	normalized_variant	কিংপিন
ভগবতা	5	literature	already_resolves	ভগবতা
অণ্ণ	5	literature	normalized_variant	অন্ন
যোগিনঃ	5	literature	normalized_variant	জৈন
ভাবার্থঃ	5	literature	normalized_variant	ভাবার্থ
চিত্তহ	5	literature	normalized_variant	চিত্ত
অণা	5	literature	normalized_variant	ওনা
আত্মানং	5	literature	already_resolves	আত্মানং
ক্ষয়ং	5	literature	already_resolves	ক্ষয়ং
মনসি	5	literature	already_resolves	মনসি
ত্বা	5	literature	normalized_variant	তোবা
বিসঅ	5	literature	normalized_variant	বিশ্বও
ত্রৈধাতুকং	5	literature	already_resolves	ত্রৈধাতুকং
প্রাপ্নোতি	5	literature	normalized_variant	প্রাপ্তি
প্রলয়ঃ	5	literature	normalized_variant	প্রলয়
জত্ত	5	literature	normalized_variant	জট
এত্থ	5	literature	normalized_variant	এত্ত
কথয়তি	5	literature	normalized_variant	কথায়
গমঃ	5	literature	normalized_variant	গম
আঙ্গন	5	literature	normalized_variant	অঙ্গন
নির্ব্বিকল্পং	5	literature	already_resolves	নির্ব্বিকল্পং
গরুআ	5	literature	normalized_variant	গরুড়া
চাপী	5	literature	normalized_variant	চাপড়ী
জানীহি	5	literature	normalized_variant	জানিই
দ্বিকল্পে	5	literature	normalized_variant	বিকল্পে
ষষহর	5	literature	normalized_variant	শশধর
এবংকার	5	literature	already_resolves	এবংকার
কসণ	5	literature	normalized_variant	কোসন
অণ	5	literature	normalized_variant	অন
চিত্তরাজ	5	literature	normalized_variant	চিত্তরঞ্জন
বিষয়ো	5	literature	normalized_variant	বিষয়ও
অপা	5	literature	normalized_variant	অপায়
চালিঅ	5	literature	normalized_variant	চালিও
মাতেল	5	literature	normalized_variant	মেট
পইঠ	5	literature	normalized_variant	ওপিঠ
চলচে	5	literature	normalized_variant	চলছে
কুলীদের	5	literature	already_resolves	কুলীদের
বুলাওয়েও	5	literature	already_resolves	বুলাওয়েও
ট্রেণের	5	literature	normalized_variant	ট্রেনের
প্ল্যাটফর্ম্মে	5	literature	normalized_variant	প্ল্যাটফর্মে
বিমি	5	literature	already_resolves	বিমি
অমিট	5	literature	normalized_variant	অমিত
শিপাহী	5	literature	normalized_variant	সিপাহী
নির্ম্মলের	5	literature	normalized_variant	নির্মলের
পিসীর	5	literature	normalized_variant	পিসির
বেঙ্কট	5	literature	normalized_variant	ভেঙ্কট
ুপুরির	5	literature	normalized_variant	পুরির
ূপালি	5	literature	normalized_variant	উপালি
ম্যাকাইয়ে	55	news	normalized_variant	ম্যাকাইকে
পিএসজি	45	news	normalized_variant	পিএসজির
মরিনিও	38	news	normalized_variant	মরিনি
রনজিলা	33	news	already_resolves	রনজিলা
গীতু	33	news	already_resolves	গীতু
ফিঞ্চারের	29	news	normalized_variant	ফিচারের
রসুয়া	27	news	normalized_variant	রোয়া
রাসুয়া	26	news	already_resolves	রাসুয়া
রিচারের	25	news	already_resolves	রিচারের
কামিন্স	25	news	already_resolves	কামিন্স
বাফলার	25	news	already_resolves	বাফলার
ইকিউ	24	news	normalized_variant	আইকিউ
কৃত্তিকার	24	news	already_resolves	কৃত্তিকার
মাশিয়াত	23	news	normalized_variant	মাসিয়া
কুসামার	22	news	already_resolves	কুসামার
লারাক	22	news	normalized_variant	লারাকে
ল্যান্টার্নস	21	news	normalized_variant	ল্যান্ডমার্কস
আতলেতিকোর	21	news	already_resolves	আতলেতিকোর
চিং	20	news	already_resolves	চিং
সিমেলের	20	news	already_resolves	সিমেলের
মরিনিওর	19	news	already_resolves	মরিনিওর
বালেন্দ্র	19	news	already_resolves	বালেন্দ্র
লিপার	19	news	already_resolves	লিপার
আগনেজ	18	news	normalized_variant	আগ্নেয়
মেলিসার	18	news	already_resolves	মেলিসার
আশিতা	18	news	normalized_variant	আশিটা
আনাস্তাসিয়ার	18	news	already_resolves	আনাস্তাসিয়ার
এক্সিলারেটের	17	news	normalized_variant	এক্সিলারেটর
কামিন্সের	17	news	already_resolves	কামিন্সের
শুভশ্রী	16	news	already_resolves	শুভশ্রী
হরিদাসের	16	news	already_resolves	হরিদাসের
সুকেশের	16	news	already_resolves	সুকেশের
উৎপাদকের	16	news	already_resolves	উৎপাদকের
চ্যাপো	16	news	normalized_variant	চাপ
স্ক্যাম	15	news	normalized_variant	স্যাম
হেসন	15	news	normalized_variant	হেসো
লেন্দে	15	news	normalized_variant	লেনে
দিনুশার	15	news	already_resolves	দিনুশার
রাখিবন্ধনের	15	news	already_resolves	রাখিবন্ধনের
তায়াম্মুম	15	news	already_resolves	তায়াম্মুম
অভয়ার	14	news	normalized_variant	অভয়া
চার্মিলা	14	news	normalized_variant	চার্মি
ইসিএইচ	14	news	normalized_variant	সিএইচ
গ্যোতের	14	news	normalized_variant	ঘটের
ওডিবিএল	14	news	normalized_variant	অদিবাসী
টিকটকে	13	news	already_resolves	টিকটকে
সিরাতুন	13	news	normalized_variant	সিরাত
রদ্রির	13	news	already_resolves	রদ্রির
সুতারিয়া	13	news	already_resolves	সুতারিয়া
সেতারুজ্জামানের	13	news	already_resolves	সেতারুজ্জামানের
রেউত	13	news	normalized_variant	রুট
ল্যান্টার্ন	12	news	normalized_variant	ল্যানটার্ন
বাবাতুন্দে	12	news	already_resolves	বাবাতুন্দে
জয়সোয়ালের	12	news	already_resolves	জয়সোয়ালের
অ্যাভোকাডোর	12	news	already_resolves	অ্যাভোকাডোর
সিরাতের	12	news	already_resolves	সিরাতের
টার্নাস	12	news	normalized_variant	তাড়াশ
হুইপদের	12	news	already_resolves	হুইপদের
নাসরের	12	news	normalized_variant	নাছোড়ের
মাট্টি	12	news	normalized_variant	ম্যাটি
বাগমাতি	12	news	already_resolves	বাগমাতি
টিআরসি	12	news	normalized_variant	টিয়ার্স
গ্যাব্রিয়েলার	12	news	already_resolves	গ্যাব্রিয়েলার
নুসবাম	11	news	already_resolves	নুসবাম
চেঞ্জে	11	news	already_resolves	চেঞ্জে
ওনি	11	news	normalized_variant	অনি
ফিদান	11	news	normalized_variant	ফিদা
স্টেইনেম	11	news	normalized_variant	স্টেইনের
স্ক্যাল্প	11	news	already_resolves	স্ক্যাল্প
বোর্নমাউথ	11	news	normalized_variant	বর্নমাউথ
পারেদেসের	11	news	already_resolves	পারেদেসের
শারা	11	news	normalized_variant	সারা
ইনফান্তিনোকে	11	news	already_resolves	ইনফান্তিনোকে
বিদেশফেরতদের	11	news	already_resolves	বিদেশফেরতদের
ইউন	11	news	normalized_variant	ইয়ুন
আদিয়ালা	11	news	normalized_variant	দিয়ালা
আগনেজের	11	news	already_resolves	আগনেজের
লিলার	11	news	normalized_variant	লীলার
ফরমানুল	11	news	already_resolves	ফরমানুল
বাফলা	11	news	already_resolves	বাফলা
জাহালাতের	11	news	already_resolves	জাহালাতের
হেগসেথ	10	news	already_resolves	হেগসেথ
রিচার্লিসন	10	news	already_resolves	রিচার্লিসন
বার্তাসংক্ষেপ	10	news	normalized_variant	বার্তাসংস্থাকে
আইগামো	10	news	normalized_variant	আগাম
সুপ্রিয়ার	10	news	already_resolves	সুপ্রিয়ার
প্যাক্টে	10	news	normalized_variant	প্যাকেট
ফুজুল	10	news	normalized_variant	ফুযুল
কিতাবিল	10	news	already_resolves	কিতাবিল
বাইহাকি	10	news	normalized_variant	বায়হাকি
গীতুর	10	news	already_resolves	গীতুর
জিরং	10	news	normalized_variant	জিরন
জোলিন	10	news	normalized_variant	জয়েন
কুরোসাওয়ার	10	news	normalized_variant	কুরোসাওয়া
পন্ত	10	news	normalized_variant	পন্ট
কাতাওকা	10	news	already_resolves	কাতাওকা
ইসাক	9	news	normalized_variant	ইশাক
বিগিন	9	news	already_resolves	বিগিন
ডিওবির	9	news	normalized_variant	ডিবির
টার্নাসের	9	news	normalized_variant	তাড়াশের
অ্যানথ্রোপিকের	9	news	normalized_variant	অ্যানথ্রপিকের
ম্যাকাইতে	9	news	already_resolves	ম্যাকাইতে
ধাদিং	9	news	already_resolves	ধাদিং
ঋতুপর্ণর	9	news	normalized_variant	ঋতুপর্ণ
নিশাপুর	9	news	normalized_variant	ইছাপুর
সেন্টিনেল	9	news	already_resolves	সেন্টিনেল
ক্তি	9	news	normalized_variant	কয়টি
গিরং	9	news	normalized_variant	গিরণ
জালাপেনিও	9	news	already_resolves	জালাপেনিও
পার্টন	9	news	normalized_variant	পারতন
বিআইএফএফএলের	9	news	already_resolves	বিআইএফএফএলের
শেরকি	9	news	already_resolves	শেরকি
জ্যাভেলিন	9	news	normalized_variant	জ্যাভলিন
হিবার্ট	9	news	normalized_variant	হোবার্ট
ফায়জা	9	news	normalized_variant	ফাইজা
ক্রাউস	9	news	already_resolves	ক্রাউস
মোনাকোয়	9	news	normalized_variant	মোনাকো
টুইংক	9	news	normalized_variant	টুইন
সিউকের	9	news	normalized_variant	ইউকের
আমরোহি	9	news	normalized_variant	আমরোহী
ঝুরাভলেভ	9	news	already_resolves	ঝুরাভলেভ
এক্সপ্লেইনার	8	news	already_resolves	এক্সপ্লেইনার
এনরিকের	8	news	already_resolves	এনরিকের
কিরিওস	8	news	normalized_variant	কিরোস
মোনেমের	8	news	already_resolves	মোনেমের
কাকতালের	8	news	already_resolves	কাকতালের
পপুলিজমের	8	news	already_resolves	পপুলিজমের
মারেসকা	8	news	already_resolves	মারেসকা
ইয়ামাগাতা	8	news	normalized_variant	ইয়ামাগাটা
রেসিনের	8	news	already_resolves	রেসিনের
কুসামা	8	news	normalized_variant	উসামা
টিজারে	8	news	already_resolves	টিজারে
কিশা	8	news	normalized_variant	কিইশা
শুভশ্রীর	8	news	already_resolves	শুভশ্রীর
নাবাবিয়্যাহ	8	news	already_resolves	নাবাবিয়্যাহ
ফটোকার্ডে	8	news	already_resolves	ফটোকার্ডে
রাসুয়ার	8	news	already_resolves	রাসুয়ার
ড্রিসকল	8	news	normalized_variant	দৃশ্যকল্প
ন্যুতে	8	news	normalized_variant	স্যুটে
ইউএপির	8	news	already_resolves	ইউএপির
ইউনিশা	8	news	normalized_variant	ইউনিসা
নবীপ্রেম	8	news	normalized_variant	নবীপ্রেমিক
অতিথিশালাটি	8	news	already_resolves	অতিথিশালাটি
ঘান্দ্রুক	8	news	already_resolves	ঘান্দ্রুক
সেগমেন্টে	8	news	already_resolves	সেগমেন্টে
এমআরসিএ	8	news	normalized_variant	এমআরসি
জুলুসে	8	news	already_resolves	জুলুসে
শামের	8	news	normalized_variant	শ্যামের
কার্সের	8	news	normalized_variant	কার্শের
দেবনুর	8	news	already_resolves	দেবনুর
ফ্রিফল	8	news	normalized_variant	ত্রিফল
তৈলের	8	news	already_resolves	তৈলের
কৃত্তিকাকে	8	news	already_resolves	কৃত্তিকাকে
গ্যাসটির	8	news	already_resolves	গ্যাসটির
উবারের	7	news	already_resolves	উবারের
উৎকণ্ঠার	7	news	already_resolves	উৎকণ্ঠার
বেতিস	7	news	normalized_variant	বেটিস
অনারবি	7	news	normalized_variant	অনারব
নায়াব	7	news	normalized_variant	নাওয়াব
রাফীর	7	news	already_resolves	রাফীর
ইউনিসক	7	news	normalized_variant	ইউনিস
অনে	7	news	normalized_variant	ওয়ান
শুস্টার	7	news	normalized_variant	সুস্টার
আওয়াইস	7	news	normalized_variant	ওয়াইস
মুইজ্জু	7	news	already_resolves	মুইজ্জু
জিবিএসের	7	news	normalized_variant	সিবিএসের
রাফাল	7	news	normalized_variant	রাফা
চেসিং	7	news	already_resolves	চেসিং
সুড়সুড়ির	7	news	already_resolves	সুড়সুড়ির
মকতব	7	news	normalized_variant	মক্তব
হামাবি	7	news	normalized_variant	হামাভি
হ্যাজলউডের	7	news	normalized_variant	হ্যাজেলের
হ্যাজলউড	7	news	normalized_variant	হ্যাজেল
টেকনোর	7	news	already_resolves	টেকনোর
বিপিএলের	7	news	already_resolves	বিপিএলের
ভাগনির	7	news	already_resolves	ভাগনির
ইজাজাহ	7	news	normalized_variant	ইয়াহ
ভাগ্যশ্রীর	7	news	already_resolves	ভাগ্যশ্রীর
দোদির	7	news	already_resolves	দোদির
জফরা	7	news	already_resolves	জফরা
রদ্রিকে	7	news	already_resolves	রদ্রিকে
কায়স	7	news	normalized_variant	কায়স্হ
অধিনায়করা	7	news	already_resolves	অধিনায়করা
এফএসএসএআই	7	news	already_resolves	এফএসএসএআই
রুক্মিণীর	7	news	already_resolves	রুক্মিণীর
ম্লাদিচের	7	news	already_resolves	ম্লাদিচের
আজুরার	7	news	already_resolves	আজুরার
জয়সোয়ালও	7	news	normalized_variant	জয়সোয়াল
চ্যাপোর	7	news	normalized_variant	চাপড়
অ্যানটেনা	7	news	normalized_variant	অ্যান্টেনা
অর্জনমূল্য	7	news	normalized_variant	অর্জনলক্ষ্য
ইলাহির	7	news	normalized_variant	ইলাহীর
নুলিয়াস	7	news	already_resolves	নুলিয়াস
বেজা	7	news	normalized_variant	বেজায়
অ্যালিসিন	7	news	normalized_variant	ওয়ালিস
পাওয়ারাস	7	news	normalized_variant	পাওয়ার্স
আওরাপন	7	news	already_resolves	আওরাপন
হার্পকে	7	news	normalized_variant	হারকে
পুনর্জবানবন্দি	7	news	already_resolves	পুনর্জবানবন্দি
ছুরাইয়া	7	news	normalized_variant	ছুঁড়িয়া
ইউড্রেন	7	news	normalized_variant	ইউক্রেন
অ্যাপোলা	7	news	normalized_variant	অ্যাপল
মাছুদা	7	news	already_resolves	মাছুদা
এথেল	7	news	already_resolves	এথেল
মাতসে	7	news	normalized_variant	মাতছে
রেবতীর	7	news	already_resolves	রেবতীর
নাটালির	7	news	already_resolves	নাটালির
শুভ্রার	7	news	already_resolves	শুভ্রার
মিউরার	7	news	already_resolves	মিউরার
সমরনায়কের	7	news	already_resolves	সমরনায়কের
ইসাকের	6	news	already_resolves	ইসাকের
ইরাওলার	6	news	already_resolves	ইরাওলার
জেলেনস্কির	6	news	already_resolves	জেলেনস্কির
রণতরিটি	6	news	normalized_variant	রণতরীটি
বেতিসের	6	news	already_resolves	বেতিসের
অন্তর্লিখিত	6	news	normalized_variant	অন্তর্লীনতায়
সেজদার	6	news	already_resolves	সেজদার
দুসেই	6	news	normalized_variant	দুষেই
লেটোর	6	news	already_resolves	লেটোর
সেভয়	6	news	already_resolves	সেভয়
ইউনিকো	6	news	normalized_variant	ইউনিক
নাকভির	6	news	already_resolves	নাকভির
ডিওবি	6	news	normalized_variant	দিবই
ওনির	6	news	normalized_variant	অনির
জিওজে	6	news	normalized_variant	জেজে
ইয়াহো	6	news	normalized_variant	ইয়াহ
মোমোর	6	news	normalized_variant	মমর
খাঁনকে	6	news	normalized_variant	খানকে
জাইমার	6	news	already_resolves	জাইমার
হারবুল	6	news	normalized_variant	হারল
হামান	6	news	normalized_variant	হামানি
দেখায়া	6	news	normalized_variant	দেখাইয়া
বুমরা	6	news	already_resolves	বুমরা
মুগ্ধকে	6	news	already_resolves	মুগ্ধকে
থ্রাইভ	6	news	already_resolves	থ্রাইভ
স্টেরয়েডের	6	news	already_resolves	স্টেরয়েডের
রিখি	6	news	normalized_variant	রিকি
তাওয়াক্কুল	6	news	already_resolves	তাওয়াক্কুল
অবসরবার্তায়	6	news	normalized_variant	অবসরবাতিকগ্রস্ত
আলড্রিচ	6	news	normalized_variant	অলড্রিচ
ডেং	6	news	already_resolves	ডেং
হান্সি	6	news	normalized_variant	হাঁসি
লাংটাং	6	news	normalized_variant	ল্যাংটাং
রাজদ্রোহের	6	news	already_resolves	রাজদ্রোহের
সুসমিতা	6	news	normalized_variant	সুস্মিতা
জেসুসের	6	news	already_resolves	জেসুসের
জুভা	6	news	already_resolves	জুভা
রহমানেল	6	news	normalized_variant	রহমানে
উকাজের	6	news	normalized_variant	কাজের
কাফেলাটি	6	news	already_resolves	কাফেলাটি
বেসেন্টের	6	news	already_resolves	বেসেন্টের
হিকসের	6	news	already_resolves	হিকসের
জুর্গ	6	news	normalized_variant	যুগ
পিআইএমএস	6	news	normalized_variant	পিআইএমএসের
কেজিএফ	6	news	normalized_variant	কেজি
অ্যাভিনিউয়ের	6	news	already_resolves	অ্যাভিনিউয়ের
খফি	6	news	normalized_variant	কফি
আরএসএসএসএফের	6	news	already_resolves	আরএসএসএসএফের
মারনাস	6	news	normalized_variant	মারোনা
ইএসজি	6	news	normalized_variant	ইএসই
বরইতলীতে	6	news	already_resolves	বরইতলীতে
আদেয়েমি	6	news	already_resolves	আদেয়েমি
হেযবুত	6	news	already_resolves	হেযবুত
নিহারকলিকে	6	news	already_resolves	নিহারকলিকে
য়াতের	6	news	normalized_variant	জাতের
ট্রেইটর	6	news	normalized_variant	ট্রেটার
নাটালিকে	6	news	already_resolves	নাটালিকে
ওয়াইইএস	6	news	normalized_variant	ওয়াইস
ক্লেমঁ	6	news	normalized_variant	ক্লেম
এসএনএ	6	news	normalized_variant	এসএন
তাজদার	6	news	already_resolves	তাজদার
তাপসীর	6	news	already_resolves	তাপসীর
ললকারা	6	news	already_resolves	ললকারা
ব্যারনেস	6	news	normalized_variant	ব্যারোনেস
বিভুদার	6	news	already_resolves	বিভুদার
আলেমুল্লাহ	6	news	normalized_variant	আলীমুল্লাহ
মাসেহ	6	news	normalized_variant	মাসে
উবারকে	5	news	already_resolves	উবারকে
প্রতিরক্ষাচুক্তি	5	news	normalized_variant	প্রতিরক্ষামন্ত্রী
তাজভীদ	5	news	normalized_variant	তাজবিদ
তাওরাতের	5	news	already_resolves	তাওরাতের
ব্ল্যাকপিংকের	5	news	already_resolves	ব্ল্যাকপিংকের
সাদাপাথরের	5	news	already_resolves	সাদাপাথরের
প্রমাণক	5	news	normalized_variant	প্রমাণকে
সিবিহা	5	news	already_resolves	সিবিহা
নারীশক্তির	5	news	already_resolves	নারীশক্তির
নেবুলাইজ	5	news	already_resolves	নেবুলাইজ
দলদাসের	5	news	already_resolves	দলদাসের
ফকিরেরপুলও	5	news	normalized_variant	ফকিরেরপুল
ঢলটি	5	news	normalized_variant	ঢোলটি
নমিনির	5	news	already_resolves	নমিনির
শানাকা	5	news	normalized_variant	শঙ্কা
এক্সিনস	5	news	already_resolves	এক্সিনস
রিয়েলমি	5	news	already_resolves	রিয়েলমি
আইটিএফসির	5	news	normalized_variant	আইআইডিএফসির
ইউকেইএফ	5	news	already_resolves	ইউকেইএফ
ইউকেইএফের	5	news	already_resolves	ইউকেইএফের
ভালভের	5	news	already_resolves	ভালভের
হাকিকত	5	news	already_resolves	হাকিকত
হাকিকতকে	5	news	already_resolves	হাকিকতকে
আরএলএস	5	news	already_resolves	আরএলএস
আবেদনপ্রক্রিয়ায়	5	news	already_resolves	আবেদনপ্রক্রিয়ায়
নাগোয়ায়	5	news	already_resolves	নাগোয়ায়
দূরযাত্রা	5	news	normalized_variant	দুরতিক্রম্যা
তুরাসিল	5	news	already_resolves	তুরাসিল
ফাজল	5	news	normalized_variant	পাজল
বাখ	5	news	normalized_variant	বাহ
কুসুম্বি	5	news	normalized_variant	কুসুম্বী
বিএজে	5	news	normalized_variant	বেজে
জেসুসকে	5	news	already_resolves	জেসুসকে
সেড্রিকের	5	news	already_resolves	সেড্রিকের
প্রাইমটাইম	5	news	normalized_variant	প্রাইজমানিই
ইজিবাই	5	news	normalized_variant	ইজিবাইক
আনআমের	5	news	already_resolves	আনআমের
যাহিন	5	news	normalized_variant	জাহিন
জিবিএসে	5	news	normalized_variant	জিবিএস
হেম্মাতি	5	news	normalized_variant	হেম্মাত
খোবাইবের	5	news	already_resolves	খোবাইবের
সতর্কব্যবস্থা	5	news	normalized_variant	সতর্কব্যবস্থার
তাজুরা	5	news	already_resolves	তাজুরা
দুহুর	5	news	normalized_variant	ধূর
তওবার	5	news	normalized_variant	তুবার
পিসিটিতে	5	news	already_resolves	পিসিটিতে
কারাবাও	5	news	already_resolves	কারাবাও
জিএসইএ	5	news	normalized_variant	জিএসএ
কান্তজিউ	5	news	already_resolves	কান্তজিউ
পরাজুলি	5	news	already_resolves	পরাজুলি
স্টারবাকসের	5	news	already_resolves	স্টারবাকসের
রওলসের	5	news	normalized_variant	রুলসের
নিশ্চায়ন	5	news	normalized_variant	নিশ্চলতা
রামবাসকের	5	news	already_resolves	রামবাসকের
প্রতিরোধক্ষমতার	5	news	normalized_variant	প্রতিরোধক্ষমতা
হ্যাথাওয়ে	5	news	normalized_variant	হ্যাথঅ্যাওয়ে
রির	5	news	normalized_variant	রীর
টেম্পার্ড	5	news	normalized_variant	তেম্বার
মার্তিনেজকে	5	news	normalized_variant	মার্টিনেজকে
এসইএল	5	news	normalized_variant	এসআইবিএল
সিনেমাটিকে	5	news	already_resolves	সিনেমাটিকে
কিনানা	5	news	already_resolves	কিনানা
সিয়ার	5	news	already_resolves	সিয়ার
মজলুমদের	5	news	already_resolves	মজলুমদের
বালিয়ানের	5	news	already_resolves	বালিয়ানের
উসার	5	news	normalized_variant	উষার
সেলেনিয়ামের	5	news	already_resolves	সেলেনিয়ামের
সিটিজেনের	5	news	already_resolves	সিটিজেনের
ছানাউল্যা	5	news	normalized_variant	ছানাউল্যাহ
পোস্তেকোগলু	5	news	normalized_variant	পস্তেছিলুম
শামলিতে	5	news	normalized_variant	শ্যামলীতে
হাম্পব্যাক	5	news	normalized_variant	হাম্বাকে
কোমোর	5	news	normalized_variant	কোমর
ব্রুগা	5	news	normalized_variant	ব্রাগা
লাঁস	5	news	normalized_variant	লাস
লাস্ক	5	news	normalized_variant	লাক্স
উনাই	5	news	already_resolves	উনাই
গালাতাসারাই	5	news	normalized_variant	গ্যালাতাসারাই
শায়খের	5	news	already_resolves	শায়খের
শেমিং	5	news	already_resolves	শেমিং
দেংয়ের	5	news	normalized_variant	ডেংয়ের
খাঁটিহাতা	5	news	normalized_variant	খাটিহাতা
কোয়াহা	5	news	normalized_variant	কোয়া
কুশসহ	5	news	already_resolves	কুশসহ
রিলেটিভের	5	news	already_resolves	রিলেটিভের
এলচের	5	news	already_resolves	এলচের
বুয়াদ্দি	5	news	already_resolves	বুয়াদ্দি
স্পোর্তিং	5	news	normalized_variant	স্পোর্টিং
রসেনা	5	news	already_resolves	রসেনা
শুবমান	5	news	already_resolves	শুবমান
ডিআরএসে	5	news	already_resolves	ডিআরএসে
লাবুশেন	5	news	already_resolves	লাবুশেন
পিলিয়ন	5	news	normalized_variant	পিয়ন
মেলিসাকে	5	news	already_resolves	মেলিসাকে
মোটোকর্পের	5	news	already_resolves	মোটোকর্পের
আর্যবীর	5	news	normalized_variant	আরইবির
মেমোতে	5	news	already_resolves	মেমোতে
স্বভাবকবির	5	news	already_resolves	স্বভাবকবির
অরাম	5	news	normalized_variant	ওরাম
অ্যাপয়েন্টমেন্টের	5	news	already_resolves	অ্যাপয়েন্টমেন্টের
স্ট্র্যানক্যালি	5	news	normalized_variant	স্তন্যদানকারিণী
জাকারবার্গের	5	news	already_resolves	জাকারবার্গের
আসাবুলের	5	news	already_resolves	আসাবুলের
ব্রাইব	5	news	normalized_variant	ব্রেন
আদেনো	5	news	normalized_variant	আদেন
হিঞ্জ	5	news	normalized_variant	হেইঞ্জ
বুসরা	5	news	normalized_variant	বুশরা
মুজফ্ফর	5	news	normalized_variant	মুজাফফর
আউলিয়াকে	5	news	already_resolves	আউলিয়াকে
দাহম	5	news	normalized_variant	ধম
রিনাউন্স	5	news	already_resolves	রিনাউন্স
বিজেআইএমের	5	news	already_resolves	বিজেআইএমের
জগদলা	5	news	already_resolves	জগদলা
ডাউনির	5	news	already_resolves	ডাউনির
গনসালভেস	5	news	already_resolves	গনসালভেস
লাইভলির	5	news	normalized_variant	লাইভের
আবওয়ার	5	news	normalized_variant	আবুজার
জুরেল	5	news	normalized_variant	জুড়ে
রব্বী	5	news	normalized_variant	রবি
পিআইসির	5	news	already_resolves	পিআইসির
ইউবিএফ	5	news	already_resolves	ইউবিএফ
দাওল	5	news	normalized_variant	আদল
ইঁদুরেরা	5	news	already_resolves	ইঁদুরেরা
কোয়ালিফায়ারে	5	news	already_resolves	কোয়ালিফায়ারে
স্লাভিন	5	news	already_resolves	স্লাভিন
নিকলিন	5	news	normalized_variant	নিকলি
স্টেথস্কোপ	5	news	normalized_variant	স্টেথোস্কোপ
সেতারুজ্জামানকে	5	news	already_resolves	সেতারুজ্জামানকে
স্টারলিংকের	5	news	already_resolves	স্টারলিংকের
ভাদিমের	5	news	already_resolves	ভাদিমের
সিররে	5	news	normalized_variant	স্যাররে
তায়াম্মুমের	5	news	already_resolves	তায়াম্মুমের
