ং	অংশ	89	ongsh	TOP1	অংশ
ং	অংশগ্রহণ	81	ongshogrohon	TOP1	অংশগ্রহণ
ং	অংশে	82	ongshe	TOP1	অংশে
ং	অধিকাংশ	83	odhikangsh	TOP1	অধিকাংশ
ং	অসংখ্য	82	osongkhy	TOP1	অসংখ্য
ং	ইংরেজ	85	ingrej	TOP1	ইংরেজ
ং	ইংরেজি	86	ingreji	TOP1	ইংরেজি
ং	ইংল্যান্ড	82	inglyand	TOP1	ইংল্যান্ড
ং	এবং	99	ebong	TOP1	এবং
ং	কিংবা	84	kingba	TOP1	কিংবা
ং	জনসংখ্যা	87	jonosongkhya	TOP1	জনসংখ্যা
ং	জনসংখ্যার	86	jonosongkhyar	TOP1	জনসংখ্যার
ং	জাতিসংঘ	81	jatisonggh	TOP1	জাতিসংঘ
ং	জাতিসংঘের	82	jatisonggher	TOP1	জাতিসংঘের
ং	ধ্বংস	84	dhbongs	TOP1	ধ্বংস
ং	নং	83	nong	TOP1	নং
ং	পুং	82	pung	TOP1	পুং
ং	প্রথমাংশ	83	prothomangsh	TOP1	প্রথমাংশ
ং	প্রশংসা	81	proshongsa	TOP1	প্রশংসা
ং	বংশোদ্ভূত	82	bongshodbhuut	TOP1	বংশোদ্ভূত
ং	বরং	85	borong	TOP1	বরং
ং	বহিঃসংযোগ	86	bohissongzog	TOP1	বহিঃসংযোগ
ং	বাংলা	89	bangla	TOP1	বাংলা
ং	বাংলাদেশ	90	bangladesh	TOP1	বাংলাদেশ
ং	বাংলাদেশি	81	bangladeshi	TOP1	বাংলাদেশি
ং	বাংলাদেশী	84	bangladeshii	TOP1	বাংলাদেশী
ং	বাংলাদেশে	84	bangladeshe	TOP1	বাংলাদেশে
ং	বাংলাদেশের	90	bangladesher	TOP1	বাংলাদেশের
ং	বাংলার	84	banglar	TOP1	বাংলার
ং	বাংলায়	81	banglay	TOP1	বাংলায়
ং	ব্যাংক	85	byangk	TOP1	ব্যাংক
ং	ব্যাংকের	81	byangker	TOP1	ব্যাংকের
ং	মাংস	81	mangs	TOP1	মাংস
ং	ময়মনসিংহ	82	moyomonosingh	TOP1	ময়মনসিংহ
ং	রং	82	rong	TOP1	রং
ং	রংপুর	81	rongpur	TOP1	রংপুর
ং	শতাংশ	85	shotangsh	TOP1	শতাংশ
ং	শেষাংশ	83	sheshangsh	TOP1	শেষাংশ
ং	সংক্রান্ত	82	songkrant	TOP1	সংক্রান্ত
ং	সংখ্যা	87	songkhya	TOP1	সংখ্যা
ং	সংগঠন	81	songgothon	TOP1	সংগঠন
ং	সংগীত	81	songgiit	TOP1	সংগীত
ং	সংগ্রহ	83	songgroh	TOP1	সংগ্রহ
ং	সংগ্রহের	85	songgroher	TOP1	সংগ্রহের
ং	সংবাদ	84	songbad	TOP1	সংবাদ
ং	সংবিধান	81	songbidhan	TOP1	সংবিধান
ং	সংযুক্ত	82	songzukt	TOP1	সংযুক্ত
ং	সংযোগ	83	songzog	TOP1	সংযোগ
ং	সংরক্ষণ	81	songrokkhon	TOP1	সংরক্ষণ
ং	সংশ্লিষ্ট	81	songshlisht	TOP1	সংশ্লিষ্ট
ং	সংসদ	87	songsod	TOP1	সংসদ
ং	সংসদীয়	81	songsodiiy	TOP1	সংসদীয়
ং	সংস্করণ	82	songskoron	TOP1	সংস্করণ
ং	সংস্কার	81	songskar	TOP1	সংস্কার
ং	সংস্কৃত	82	songskrrit	TOP1	সংস্কৃত
ং	সংস্কৃতি	84	songskrriti	TOP1	সংস্কৃতি
ং	সংস্কৃতির	81	songskrritir	TOP1	সংস্কৃতির
ং	সংস্থা	84	songstha	TOP1	সংস্থা
ং	সাংবাদিক	82	sangbadik	TOP1	সাংবাদিক
ং	সাংস্কৃতিক	83	sangskrritik	TOP1	সাংস্কৃতিক
অ	অংশগ্রহণ	81	ongshogrohon	TOP1	অংশগ্রহণ
অ	অকার্যকর	80	okaryokor	TOP1	অকার্যকর
অ	অক্টোবর	87	oktobor	TOP1	অক্টোবর
অ	অক্ষাংশ	78	okkhangsh	TOP1	অক্ষাংশ
অ	অক্সফোর্ড	78	oksophord	TOP1	অক্সফোর্ড
অ	অক্সিজেন	79	oksijen	TOP1	অক্সিজেন
অ	অগ্নি	78	ogni	TOP1	অগ্নি
অ	অগ্রগতি	78	ogrogoti	TOP1	অগ্রগতি
অ	অগ্রসর	79	ogrosor	TOP1	অগ্রসর
অ	অঙ্গ	79	ongo	TOP1	অঙ্গ
অ	অঙ্গরাজ্য	79	ongoorajy	TOP1	অঙ্গরাজ্য
অ	অঙ্গরাজ্যের	78	ongoorajyer	TOP1	অঙ্গরাজ্যের
অ	অঞ্চল	87	oncol	TOP1	অঞ্চল
অ	অঞ্চলটি	79	oncoloti	TOP1	অঞ্চলটি
অ	অঞ্চলে	85	oncole	TOP1	অঞ্চলে
অ	অঞ্চলের	85	oncoler	TOP1	অঞ্চলের
অ	অতিক্রম	81	otikrom	TOP1	অতিক্রম
অ	অতিরিক্ত	83	otirikt	TOP1	অতিরিক্ত
অ	অত্যন্ত	85	otyont	TOP1	অত্যন্ত
অ	অদৃশ্য	79	odrrishy	TOP1	অদৃশ্য
অ	অদ্ভুত	83	odbhut	TOP1	অদ্ভুত
অ	অধ্যাপক	84	odhyapok	TOP1	অধ্যাপক
অ	অধ্যায়	80	odhyay	TOP1	অধ্যায়
অ	অধ্যয়ন	80	odhyoyon	TOP1	অধ্যয়ন
অ	অনন্ত	80	onont	TOP1	অনন্ত
অ	অনন্য	78	onony	TOP1	অনন্য
অ	অনুগ্রহ	78	onugroh	TOP1	অনুগ্রহ
অ	অনুষ্ঠান	82	onushthan	TOP1	অনুষ্ঠান
অ	অনুষ্ঠানে	82	onushthane	TOP1	অনুষ্ঠানে
অ	অনুষ্ঠানের	79	onushthaner	TOP1	অনুষ্ঠানের
অ	অনুষ্ঠিত	84	onushthit	TOP1	অনুষ্ঠিত
অ	অনুসন্ধান	80	onusondhan	TOP1	অনুসন্ধান
অ	অনূর্ধ্ব	78	onuurdhb	TOP1	অনূর্ধ্ব
অ	অন্ত	78	ont	TOP1	অন্ত
অ	অন্তত	83	ontot	TOP1	অন্তত
অ	অন্তর	78	ontor	TOP1	অন্তর
অ	অন্তর্গত	82	ontorgot	TOP1	অন্তর্গত
অ	অন্তর্ভুক্ত	85	ontorbhukt	TOP1	অন্তর্ভুক্ত
অ	অন্ধ	80	ondh	TOP1	অন্ধ
অ	অন্ধকার	81	ondhokar	TOP1	অন্ধকার
অ	অন্ধকারে	79	ondhokare	TOP1	অন্ধকারে
অ	অন্য	89	ony	TOP1	অন্য
অ	অন্যতম	86	onyotom	TOP1	অন্যতম
অ	অন্যদিকে	83	onyodike	TOP1	অন্যদিকে
অ	অন্যদের	80	onyoder	TOP1	অন্যদের
অ	অন্যান্য	89	onyany	TOP1	অন্যান্য
অ	অন্যায়	78	onyay	TOP1	অন্যায়
অ	অন্যের	78	onyer	TOP1	অন্যের
অ	অপেক্ষা	86	opekkha	TOP1	অপেক্ষা
অ	অপেক্ষায়	80	opekkhay	TOP1	অপেক্ষায়
অ	অবলম্বন	78	obolombon	TOP1	অবলম্বন
অ	অবলম্বনে	80	obolombone	TOP1	অবলম্বনে
অ	অবশিষ্ট	79	oboshisht	TOP1	অবশিষ্ট
অ	অবশ্য	83	oboshy	TOP1	অবশ্য
অ	অবশ্যই	88	oboshyoi	TOP1	অবশ্যই
অ	অবস্থা	87	obostha	TOP1	অবস্থা
অ	অবস্থান	87	obosthan	TOP1	অবস্থান
অ	অবস্থানে	79	obosthane	TOP1	অবস্থানে
অ	অবস্থার	80	obosthar	TOP1	অবস্থার
অ	অবস্থায়	85	obosthay	TOP1	অবস্থায়
অ	অবস্থিত	88	obosthit	TOP1	অবস্থিত
অ	অব্যাহত	80	obyahot	TOP1	অব্যাহত
অ	অভিজ্ঞতা	81	obhigyota	TOP1	অভিজ্ঞতা
অ	অভিনন্দন	79	obhinondon	TOP1	অভিনন্দন
অ	অভিনেত্রী	84	obhinetrii	TOP1	অভিনেত্রী
অ	অভিযুক্ত	79	obhizukt	TOP1	অভিযুক্ত
অ	অভ্যন্তরীণ	81	obhyontoriin	TOP1	অভ্যন্তরীণ
অ	অর্জন	85	orjon	TOP1	অর্জন
অ	অর্ডার	81	ordar	TOP1	অর্ডার
অ	অর্থ	87	orth	TOP1	অর্থ
অ	অর্থনীতি	84	orthoniiti	TOP1	অর্থনীতি
অ	অর্থনীতিতে	79	orthoniitite	TOP1	অর্থনীতিতে
অ	অর্থনীতির	80	orthoniitir	TOP1	অর্থনীতির
অ	অর্থনৈতিক	85	orthonoitik	TOP1	অর্থনৈতিক
অ	অর্থাৎ	85	orthat	TOP1	অর্থাৎ
অ	অর্থে	79	orthe	TOP1	অর্থে
অ	অর্ধেক	81	ordhek	TOP1	অর্ধেক
অ	অলিম্পিক	82	olimpik	TOP1	অলিম্পিক
অ	অল্প	83	olp	TOP1	অল্প
অ	অষ্টম	79	oshtom	TOP1	অষ্টম
অ	অসংখ্য	82	osongkhy	TOP1	অসংখ্য
অ	অসম্পূর্ণ	79	osompuurn	TOP1	অসম্পূর্ণ
অ	অসম্ভব	82	osombhob	TOP1	অসম্ভব
অ	অসুস্থ	81	osusth	TOP1	অসুস্থ
অ	অস্ট্রেলিয়া	80	ostreliya	TOP1	অস্ট্রেলিয়া
অ	অস্তিত্ব	81	ostitb	TOP1	অস্তিত্ব
অ	অস্ত্র	84	ostr	TOP1	অস্ত্র
অ	অস্বীকার	80	oswiikar	TOP1	অস্বীকার
অ	অ্যান্ড	85	oyand	TOP1	অ্যান্ড
অ	অ্যালবাম	79	oyalobam	TOP1	অ্যালবাম
আ	আইনশৃঙ্খলা	76	ainoshrringkhola	TOP1	আইনশৃঙ্খলা
আ	আইনস্টাইন	77	ainostain	TOP1	আইনস্টাইন
আ	আইল্যান্ড	76	ailyand	TOP1	আইল্যান্ড
আ	আকর্ষণ	80	akorshon	TOP1	আকর্ষণ
আ	আকর্ষণীয়	78	akorshoniiy	TOP1	আকর্ষণীয়
আ	আকৃষ্ট	77	akrrisht	TOP1	আকৃষ্ট
আ	আক্তার	76	aktar	TOP1	আক্তার
আ	আক্রমণ	84	akromon	TOP1	আক্রমণ
আ	আক্রমণের	79	akromoner	TOP1	আক্রমণের
আ	আক্রমন	77	akromon	TOP6	আক্রমণ
আ	আক্রান্ত	82	akrant	TOP1	আক্রান্ত
আ	আক্ষরিক	76	akkhorik	TOP1	আক্ষরিক
আ	আখ্যায়িত	78	akhyayit	TOP1	আখ্যায়িত
আ	আগস্ট	85	agost	TOP1	আগস্ট
আ	আগস্টে	76	agoste	TOP1	আগস্টে
আ	আগ্রহ	80	agroh	TOP1	আগ্রহ
আ	আগ্রহী	80	agrohii	TOP1	আগ্রহী
আ	আঙ্কেল	76	angkel	TOP1	আঙ্কেল
আ	আঙ্গুল	77	angoul	TOP1	আঙ্গুল
আ	আচার্য	76	achary	TOP1	আচার্য
আ	আচ্ছা	88	achcha	TOP1	আচ্ছা
আ	আজ্ঞা	77	agya	TOP1	আজ্ঞা
আ	আঞ্চলিক	82	ancolik	TOP1	আঞ্চলিক
আ	আটলান্টিক	79	atolantik	TOP1	আটলান্টিক
আ	আড্ডা	76	adda	TOP1	আড্ডা
আ	আত্মপ্রকাশ	77	atmoprokash	TOP1	আত্মপ্রকাশ
আ	আত্মসমর্পণ	77	atmosomorpon	TOP1	আত্মসমর্পণ
আ	আত্মহত্যা	79	atmohotya	TOP1	আত্মহত্যা
আ	আত্মা	80	atma	TOP1	আত্মা
আ	আত্মার	77	atmar	TOP1	আত্মার
আ	আত্মীয়	77	atmiiy	TOP1	আত্মীয়
আ	আদর্শ	82	adorsh	TOP1	আদর্শ
আ	আধিপত্য	78	adhipoty	TOP1	আধিপত্য
আ	আধ্যাত্মিক	78	adhyatmik	TOP1	আধ্যাত্মিক
আ	আনন্দ	83	anond	TOP1	আনন্দ
আ	আনন্দিত	78	anondit	TOP1	আনন্দিত
আ	আনন্দে	78	anonde	TOP1	আনন্দে
আ	আনন্দের	78	anonder	TOP1	আনন্দের
আ	আনুষ্ঠানিক	80	anushthanik	TOP1	আনুষ্ঠানিক
আ	আনুষ্ঠানিকভাবে	80	anushthanikobhabe	TOP1	আনুষ্ঠানিকভাবে
আ	আন্তর্জাতিক	88	antorjatik	TOP1	আন্তর্জাতিক
আ	আন্দোলন	84	andolon	TOP1	আন্দোলন
আ	আন্দোলনে	78	andolone	TOP1	আন্দোলনে
আ	আন্দোলনের	82	andoloner	TOP1	আন্দোলনের
আ	আপত্তি	77	apotti	TOP1	আপত্তি
আ	আপেক্ষিক	76	apekkhik	TOP1	আপেক্ষিক
আ	আফগানিস্তান	79	aphoganistan	TOP1	আফগানিস্তান
আ	আফগানিস্তানে	76	aphoganistane	TOP1	আফগানিস্তানে
আ	আফগানিস্তানের	78	aphoganistaner	TOP1	আফগানিস্তানের
আ	আফ্রিকা	82	afrika	TOP1	আফ্রিকা
আ	আফ্রিকান	81	afrikan	TOP1	আফ্রিকান
আ	আফ্রিকার	82	afrikar	TOP1	আফ্রিকার
আ	আফ্রিকায়	76	afrikay	TOP1	আফ্রিকায়
আ	আবদুল্লাহ	79	abodullah	TOP1	আবদুল্লাহ
আ	আবদ্ধ	80	aboddh	TOP1	আবদ্ধ
আ	আবর্জনা	76	aborjona	TOP1	আবর্জনা
আ	আবশ্যক	77	aboshyok	TOP1	আবশ্যক
আ	আবাসস্থল	77	abasosthol	TOP1	আবাসস্থল
আ	আবির্ভাব	76	abirbhab	TOP1	আবির্ভাব
আ	আবির্ভূত	76	abirbhuut	TOP1	আবির্ভূত
আ	আবিষ্কার	83	abishkar	TOP1	আবিষ্কার
আ	আবিষ্কারের	79	abishkarer	TOP1	আবিষ্কারের
আ	আবিষ্কৃত	79	abishkrrit	TOP1	আবিষ্কৃত
আ	আব্দুল	81	abdul	TOP1	আব্দুল
আ	আব্বু	79	abbu	TOP1	আব্বু
আ	আমন্ত্রণ	78	amontron	TOP1	আমন্ত্রণ
আ	আম্মু	80	ammu	TOP1	আম্মু
আ	আরম্ভ	80	arombh	TOP1	আরম্ভ
আ	আর্কাইভের	84	arkaibher	TOP1	আর্কাইভের
আ	আর্জেন্টিনা	81	arjentina	TOP1	আর্জেন্টিনা
আ	আর্জেন্টিনার	80	arjentinar	TOP1	আর্জেন্টিনার
আ	আর্ট	79	art	TOP1	আর্ট
আ	আর্টস	77	artos	TOP1	আর্টস
আ	আর্থার	79	arthar	TOP1	আর্থার
আ	আর্থিক	82	arthik	TOP1	আর্থিক
আ	আর্দ্র	77	ardr	TOP1	আর্দ্র
আ	আর্মি	78	armi	TOP1	আর্মি
আ	আর্য	78	ary	TOP1	আর্য
আ	আলবার্ট	77	alobart	TOP1	আলবার্ট
আ	আলেকজান্ডার	78	alekojandar	TOP1	আলেকজান্ডার
আ	আল্লাহ	83	allah	TOP1	আল্লাহ
আ	আল্লাহর	81	allahor	TOP1	আল্লাহর
আ	আল্লাহ্	77	allah	MISS	আল্লাহ
আ	আশঙ্কা	78	ashongka	TOP1	আশঙ্কা
আ	আশ্চর্য	78	ashchory	TOP1	আশ্চর্য
আ	আশ্রয়	80	ashroy	TOP1	আশ্রয়
আ	আস্তে	83	aste	TOP6	আসতে
আ	আস্থা	78	astha	TOP1	আস্থা
আ	আহ্বান	81	ahban	TOP1	আহ্বান
আ	আয়ারল্যান্ড	77	ayarolyand	TOP1	আয়ারল্যান্ড
ই	ইংল্যান্ড	82	inglyand	TOP1	ইংল্যান্ড
ই	ইংল্যান্ডে	77	inglyande	TOP1	ইংল্যান্ডে
ই	ইংল্যান্ডের	80	inglyander	TOP1	ইংল্যান্ডের
ই	ইউক্রেন	77	iukren	TOP1	ইউক্রেন
ই	ইউক্রেনীয়	78	iukreniiy	TOP1	ইউক্রেনীয়
ই	ইউক্রেনে	71	iukrene	TOP1	ইউক্রেনে
ই	ইউক্রেনের	76	iukrener	TOP1	ইউক্রেনের
ই	ইউক্লিডীয়	71	iuklidiiy	TOP1	ইউক্লিডীয়
ই	ইউনিক্স	72	iuniks	TOP1	ইউনিক্স
ই	ইউনিফর্ম	74	iuniphorm	TOP1	ইউনিফর্ম
ই	ইউনিভার্সিটি	82	iunibharsiti	TOP1	ইউনিভার্সিটি
ই	ইউনিভার্সিটির	74	iunibharsitir	TOP1	ইউনিভার্সিটির
ই	ইউনেস্কো	75	iunesko	TOP1	ইউনেস্কো
ই	ইউনেস্কোর	72	iuneskor	TOP1	ইউনেস্কোর
ই	ইঙ্গ	72	ingo	TOP1	ইঙ্গ
ই	ইঙ্গিত	79	ingoit	TOP1	ইঙ্গিত
ই	ইচ্ছা	84	ichcha	TOP1	ইচ্ছা
ই	ইচ্ছাকৃতভাবে	74	ichchakrritobhabe	TOP1	ইচ্ছাকৃতভাবে
ই	ইচ্ছামত	73	ichchamot	TOP1	ইচ্ছামত
ই	ইচ্ছার	75	ichchar	TOP1	ইচ্ছার
ই	ইচ্ছায়	74	ichchay	TOP1	ইচ্ছায়
ই	ইচ্ছুক	76	ichchuk	TOP1	ইচ্ছুক
ই	ইচ্ছে	79	ichche	TOP1	ইচ্ছে
ই	ইঞ্চি	79	inci	TOP1	ইঞ্চি
ই	ইঞ্জিন	80	injin	TOP1	ইঞ্জিন
ই	ইঞ্জিনিয়ার	76	injiniyar	TOP1	ইঞ্জিনিয়ার
ই	ইঞ্জিনিয়ারিং	80	injiniyaring	TOP1	ইঞ্জিনিয়ারিং
ই	ইঞ্জিনের	75	injiner	TOP1	ইঞ্জিনের
ই	ইতিবৃত্ত	73	itibrritt	TOP1	ইতিবৃত্ত
ই	ইতিমধ্যে	80	itimodhye	TOP1	ইতিমধ্যে
ই	ইতিমধ্যেই	76	itimodhyei	TOP1	ইতিমধ্যেই
ই	ইতোমধ্যে	77	itomodhye	TOP1	ইতোমধ্যে
ই	ইতোমধ্যেই	75	itomodhyei	TOP1	ইতোমধ্যেই
ই	ইত্তেফাক	73	ittephak	TOP1	ইত্তেফাক
ই	ইত্যাদি	85	ityadi	TOP1	ইত্যাদি
ই	ইত্যাদিতে	72	ityadite	TOP1	ইত্যাদিতে
ই	ইত্যাদির	76	ityadir	TOP1	ইত্যাদির
ই	ইনডেক্স	72	inodeks	TOP1	ইনডেক্স
ই	ইনস্টিটিউট	82	inostitiut	TOP1	ইনস্টিটিউট
ই	ইনস্টিটিউটের	74	inostitiuter	TOP1	ইনস্টিটিউটের
ই	ইনস্টিটিউশন	73	inostitiushon	TOP1	ইনস্টিটিউশন
ই	ইন্টার	73	intar	TOP1	ইন্টার
ই	ইন্টারনেট	80	intaronet	TOP1	ইন্টারনেট
ই	ইন্টারনেটে	73	intaronete	TOP1	ইন্টারনেটে
ই	ইন্টারনেটের	74	intaroneter	TOP1	ইন্টারনেটের
ই	ইন্টারন্যাশনাল	80	intaronyashonal	TOP1	ইন্টারন্যাশনাল
ই	ইন্টারফেস	74	intarophes	TOP1	ইন্টারফেস
ই	ইন্টারভিউ	72	intarobhiu	TOP1	ইন্টারভিউ
ই	ইন্টেল	75	intel	TOP1	ইন্টেল
ই	ইন্টেলিজেন্স	74	intelijens	TOP1	ইন্টেলিজেন্স
ই	ইন্ডাস্ট্রিয়াল	72	indastriyal	TOP1	ইন্ডাস্ট্রিয়াল
ই	ইন্ডিজ	74	indij	TOP1	ইন্ডিজ
ই	ইন্ডিয়া	81	indiya	TOP1	ইন্ডিয়া
ই	ইন্ডিয়ান	79	indiyan	TOP1	ইন্ডিয়ান
ই	ইন্ডিয়ার	73	indiyar	TOP1	ইন্ডিয়ার
ই	ইন্দিরা	77	indira	TOP1	ইন্দিরা
ই	ইন্দো	80	indo	TOP1	ইন্দো
ই	ইন্দোনেশিয়া	77	indoneshiya	TOP1	ইন্দোনেশিয়া
ই	ইন্দোনেশিয়ার	75	indoneshiyar	TOP1	ইন্দোনেশিয়ার
ই	ইন্দোনেশীয়	74	indoneshiiy	TOP1	ইন্দোনেশীয়
ই	ইন্দ্র	76	indr	TOP1	ইন্দ্র
ই	ইন্দ্রনাথ	72	indronath	TOP1	ইন্দ্রনাথ
ই	ইন্দ্রিয়	73	indriy	TOP1	ইন্দ্রিয়
ই	ইন্সটিটিউট	76	insotitiut	TOP1	ইন্সটিটিউট
ই	ইন্সপেক্টর	75	insopektor	TOP1	ইন্সপেক্টর
ই	ইব্রাহিম	77	ibrahim	TOP1	ইব্রাহিম
ই	ইব্রাহিমের	72	ibrahimer	TOP1	ইব্রাহিমের
ই	ইব্রাহীম	72	ibrahiim	TOP1	ইব্রাহীম
ই	ইভেন্ট	73	ibhent	TOP1	ইভেন্ট
ই	ইম্পেরিয়াল	74	imperiyal	TOP1	ইম্পেরিয়াল
ই	ইরিত্রিয়া	73	iritriya	TOP1	ইরিত্রিয়া
ই	ইলেকট্রন	79	ilekotron	TOP1	ইলেকট্রন
ই	ইলেকট্রনিক	77	ilekotronik	TOP1	ইলেকট্রনিক
ই	ইলেকট্রনিক্স	74	ilekotroniks	TOP1	ইলেকট্রনিক্স
ই	ইলেকট্রনের	74	ilekotroner	TOP1	ইলেকট্রনের
ই	ইলেকট্রিক	74	ilekotrik	TOP1	ইলেকট্রিক
ই	ইলেকট্রিক্যাল	72	ilekotrikyal	TOP1	ইলেকট্রিক্যাল
ই	ইলেক্ট্রনিক	72	ilektronik	TOP1	ইলেক্ট্রনিক
ই	ইশ্বর	73	ishwor	TOP6	ঈশ্বর
ই	ইষ্ট	72	isht	TOP1	ইষ্ট
ই	ইস্ট	80	ist	TOP1	ইস্ট
ই	ইস্টার্ন	75	istarn	TOP1	ইস্টার্ন
ই	ইস্তাম্বুল	74	istambul	TOP1	ইস্তাম্বুল
ই	ইস্পাত	74	ispat	TOP1	ইস্পাত
ই	ইস্যু	74	isyu	TOP1	ইস্যু
ই	ইস্যুতে	72	isyute	TOP1	ইস্যুতে
ই	ইয়র্ক	82	iyork	TOP1	ইয়র্ক
ই	ইয়র্কে	75	iyorke	TOP1	ইয়র্কে
ই	ইয়র্কের	76	iyorker	TOP1	ইয়র্কের
ই	ইয়ার্ড	72	iyard	TOP1	ইয়ার্ড
ঈ	ঈদগাহ্	26	iidogah	MISS	ঈদগাহ
ঈ	ঈপ্সিত	35	iipsit	TOP1	ঈপ্সিত
ঈ	ঈর্ষণীয়	60	iirshoniiy	TOP1	ঈর্ষণীয়
ঈ	ঈর্ষা	72	iirsha	TOP1	ঈর্ষা
ঈ	ঈর্ষাকাতর	26	iirshakator	TOP1	ঈর্ষাকাতর
ঈ	ঈর্ষান্বিত	69	iirshanbit	TOP1	ঈর্ষান্বিত
ঈ	ঈর্ষাপরায়ণ	31	iirshaporayon	TOP1	ঈর্ষাপরায়ণ
ঈ	ঈর্ষার	65	iirshar	TOP1	ঈর্ষার
ঈ	ঈর্ষায়	60	iirshay	TOP1	ঈর্ষায়
ঈ	ঈশ্বর	85	iishwor	TOP1	ঈশ্বর
ঈ	ঈশ্বরই	67	iishworoi	TOP1	ঈশ্বরই
ঈ	ঈশ্বরও	65	iishworoo	TOP1	ঈশ্বরও
ঈ	ঈশ্বরকে	75	iishworoke	TOP1	ঈশ্বরকে
ঈ	ঈশ্বরগঞ্জ	72	iishworogonj	TOP1	ঈশ্বরগঞ্জ
ঈ	ঈশ্বরগঞ্জে	23	iishworogonje	TOP1	ঈশ্বরগঞ্জে
ঈ	ঈশ্বরগঞ্জের	61	iishworogonjer	TOP1	ঈশ্বরগঞ্জের
ঈ	ঈশ্বরচন্দ্র	75	iishworochondr	TOP1	ঈশ্বরচন্দ্র
ঈ	ঈশ্বরত্ব	60	iishworotb	TOP1	ঈশ্বরত্ব
ঈ	ঈশ্বরদিয়া	61	iishworodiya	TOP1	ঈশ্বরদিয়া
ঈ	ঈশ্বরদী	74	iishworodii	TOP1	ঈশ্বরদী
ঈ	ঈশ্বরদীকে	60	iishworodiike	TOP1	ঈশ্বরদীকে
ঈ	ঈশ্বরদীতে	66	iishworodiite	TOP1	ঈশ্বরদীতে
ঈ	ঈশ্বরদীর	61	iishworodiir	TOP1	ঈশ্বরদীর
ঈ	ঈশ্বরপুত্র	21	iishworoputr	TOP1	ঈশ্বরপুত্র
ঈ	ঈশ্বরপ্রদত্ত	67	iishworoprodott	TOP1	ঈশ্বরপ্রদত্ত
ঈ	ঈশ্বরবাদ	66	iishworobad	TOP1	ঈশ্বরবাদ
ঈ	ঈশ্বরবাদী	63	iishworobadii	TOP1	ঈশ্বরবাদী
ঈ	ঈশ্বরী	67	iishworii	TOP1	ঈশ্বরী
ঈ	ঈশ্বরীপুর	64	iishworiipur	TOP1	ঈশ্বরীপুর
ঈ	ঈশ্বরে	72	iishwore	TOP1	ঈশ্বরে
ঈ	ঈশ্বরের	83	iishworer	TOP1	ঈশ্বরের
ঈ	ঈষদুষ্ণ	60	iishodushn	TOP1	ঈষদুষ্ণ
ঈ	নঈমুদ্দিন	60	noiimuddin	TOP1	নঈমুদ্দিন
ঈ	নঈমুদ্দীন	60	noiimuddiin	TOP1	নঈমুদ্দীন
ঈ	নাঈমুজ্জামান	60	naiimujjaman	TOP1	নাঈমুজ্জামান
ঈ	মঈনউদ্দীন	61	moiinouddiin	TOP1	মঈনউদ্দীন
ঈ	মঈনুদ্দিন	62	moiinuddin	TOP1	মঈনুদ্দিন
ঈ	মঈনুদ্দীন	62	moiinuddiin	TOP1	মঈনুদ্দীন
উ	উইন্ডোজ	79	uindoj	TOP1	উইন্ডোজ
উ	উক্ত	81	ukt	TOP1	উক্ত
উ	উক্তি	78	ukti	TOP1	উক্তি
উ	উচ্চ	88	ucc	TOP1	উচ্চ
উ	উচ্চতর	78	uccotor	TOP1	উচ্চতর
উ	উচ্চতা	81	uccota	TOP1	উচ্চতা
উ	উচ্চতার	75	uccotar	TOP1	উচ্চতার
উ	উচ্চতায়	78	uccotay	TOP1	উচ্চতায়
উ	উচ্চশিক্ষা	75	uccoshikkha	TOP1	উচ্চশিক্ষা
উ	উচ্চারণ	80	uccaron	TOP1	উচ্চারণ
উ	উচ্চারিত	75	uccarit	TOP1	উচ্চারিত
উ	উজ্জ্বল	80	ujjbol	TOP1	উজ্জ্বল
উ	উত্তপ্ত	75	uttopt	TOP1	উত্তপ্ত
উ	উত্তম	81	uttom	TOP1	উত্তম
উ	উত্তর	90	uttor	TOP1	উত্তর
উ	উত্তরপ্রদেশ	75	uttoroprodesh	TOP1	উত্তরপ্রদেশ
উ	উত্তরা	76	uttora	TOP1	উত্তরা
উ	উত্তরাধিকার	77	uttoradhikar	TOP1	উত্তরাধিকার
উ	উত্তরাধিকারী	76	uttoradhikarii	TOP1	উত্তরাধিকারী
উ	উত্তরে	84	uttore	TOP1	উত্তরে
উ	উত্তরের	78	uttorer	TOP1	উত্তরের
উ	উত্তীর্ণ	77	uttiirn	TOP1	উত্তীর্ণ
উ	উত্তেজনা	77	uttejona	TOP1	উত্তেজনা
উ	উত্তেজিত	77	uttejit	TOP1	উত্তেজিত
উ	উত্তোলন	76	uttolon	TOP1	উত্তোলন
উ	উত্থান	77	utthan	TOP1	উত্থান
উ	উদাহরণস্বরূপ	80	udahoronosworuup	TOP1	উদাহরণস্বরূপ
উ	উদ্দিন	82	uddin	TOP1	উদ্দিন
উ	উদ্দীন	76	uddiin	TOP1	উদ্দীন
উ	উদ্দেশে	78	uddeshe	TOP1	উদ্দেশে
উ	উদ্দেশ্য	82	uddeshy	TOP1	উদ্দেশ্য
উ	উদ্দেশ্যে	83	uddeshye	TOP1	উদ্দেশ্যে
উ	উদ্ধার	83	uddhar	TOP1	উদ্ধার
উ	উদ্ধৃত	76	uddhrrit	TOP1	উদ্ধৃত
উ	উদ্ধৃতি	86	uddhrriti	TOP1	উদ্ধৃতি
উ	উদ্বিগ্ন	76	udbign	TOP1	উদ্বিগ্ন
উ	উদ্বেগ	77	udbeg	TOP1	উদ্বেগ
উ	উদ্বোধন	79	udbodhon	TOP1	উদ্বোধন
উ	উদ্ভব	77	udbhob	TOP1	উদ্ভব
উ	উদ্ভাবক	76	udbhabok	TOP1	উদ্ভাবক
উ	উদ্ভাবন	79	udbhabon	TOP1	উদ্ভাবন
উ	উদ্ভিদ	81	udbhid	TOP1	উদ্ভিদ
উ	উদ্ভিদের	76	udbhider	TOP1	উদ্ভিদের
উ	উদ্ভূত	79	udbhuut	TOP1	উদ্ভূত
উ	উদ্যান	79	udyan	TOP1	উদ্যান
উ	উদ্যোক্তা	77	udyokta	TOP1	উদ্যোক্তা
উ	উদ্যোগ	81	udyog	TOP1	উদ্যোগ
উ	উদ্যোগে	78	udyoge	TOP1	উদ্যোগে
উ	উন্নত	82	unnot	TOP1	উন্নত
উ	উন্নতি	80	unnoti	TOP1	উন্নতি
উ	উন্নতির	76	unnotir	TOP1	উন্নতির
উ	উন্নীত	79	unniit	TOP1	উন্নীত
উ	উন্নয়ন	85	unnoyon	TOP1	উন্নয়ন
উ	উন্নয়নশীল	76	unnoyonoshiil	TOP1	উন্নয়নশীল
উ	উন্নয়নে	77	unnoyone	TOP1	উন্নয়নে
উ	উন্নয়নের	79	unnoyoner	TOP1	উন্নয়নের
উ	উন্মাদ	77	unmad	TOP1	উন্মাদ
উ	উন্মুক্ত	80	unmukt	TOP1	উন্মুক্ত
উ	উন্মোচন	76	unmochon	TOP1	উন্মোচন
উ	উপগ্রহ	79	upogroh	TOP1	উপগ্রহ
উ	উপত্যকা	78	upotyoka	TOP1	উপত্যকা
উ	উপত্যকায়	76	upotyokay	TOP1	উপত্যকায়
উ	উপদেষ্টা	80	upodeshta	TOP1	উপদেষ্টা
উ	উপদ্বীপ	76	upodbiip	TOP1	উপদ্বীপ
উ	উপন্যাস	84	uponyas	TOP1	উপন্যাস
উ	উপন্যাসের	78	uponyaser	TOP1	উপন্যাসের
উ	উপপাদ্য	76	upopady	TOP1	উপপাদ্য
উ	উপযুক্ত	81	upozukt	TOP1	উপযুক্ত
উ	উপলক্ষে	80	upolokkhe	TOP1	উপলক্ষে
উ	উপলব্ধি	78	upolobdhi	TOP1	উপলব্ধি
উ	উপসর্গ	77	uposorg	TOP1	উপসর্গ
উ	উপস্থাপন	81	uposthapon	TOP1	উপস্থাপন
উ	উপস্থিত	84	uposthit	TOP1	উপস্থিত
উ	উপস্থিতি	80	uposthiti	TOP1	উপস্থিতি
উ	উপাচার্য	78	upachary	TOP1	উপাচার্য
উ	উপাত্ত	81	upatt	TOP1	উপাত্ত
উ	উপেক্ষা	76	upekkha	TOP1	উপেক্ষা
উ	উর্দু	78	urdu	TOP1	উর্দু
উ	উর্বর	76	urbor	TOP1	উর্বর
উ	উল্টো	77	ulto	TOP1	উল্টো
উ	উল্লাহ	76	ullah	TOP1	উল্লাহ
উ	উল্লিখিত	77	ullikhit	TOP1	উল্লিখিত
উ	উল্লেখ	86	ullekh	TOP1	উল্লেখ
উ	উল্লেখযোগ্য	86	ullekhozogy	TOP1	উল্লেখযোগ্য
উ	উল্লেখযোগ্যভাবে	77	ullekhozogyobhabe	TOP1	উল্লেখযোগ্যভাবে
উ	উল্লেখ্য	78	ullekhy	TOP1	উল্লেখ্য
উ	উষ্ণ	79	ushn	TOP1	উষ্ণ
উ	উৎপত্তি	81	utopotti	TOP1	উৎপত্তি
উ	উৎপন্ন	81	utoponn	TOP1	উৎপন্ন
উ	উৎসর্গ	78	utosorg	TOP1	উৎসর্গ
ঊ	ঊনচল্লিশ	25	uunochollish	TOP1	ঊনচল্লিশ
ঊ	ঊনত্রিশ	30	uunotrish	TOP1	ঊনত্রিশ
ঊ	ঊনপঞ্চাশ	63	uunoponcash	TOP1	ঊনপঞ্চাশ
ঊ	ঊনসত্তর	28	uunosottor	TOP1	ঊনসত্তর
ঊ	ঊনসত্তরের	70	uunosottorer	TOP1	ঊনসত্তরের
ঊ	ঊর্ধকমা	61	uurdhokoma	TOP1	ঊর্ধকমা
ঊ	ঊর্ধে	32	uurdhe	TOP6	ঊর্ধ্বে
ঊ	ঊর্ধ্ব	71	uurdhb	TOP1	ঊর্ধ্ব
ঊ	ঊর্ধ্বগতি	63	uurdhbogoti	TOP1	ঊর্ধ্বগতি
ঊ	ঊর্ধ্বগতিতে	29	uurdhbogotite	TOP1	ঊর্ধ্বগতিতে
ঊ	ঊর্ধ্বগতির	32	uurdhbogotir	TOP1	ঊর্ধ্বগতির
ঊ	ঊর্ধ্বগামী	65	uurdhbogamii	TOP1	ঊর্ধ্বগামী
ঊ	ঊর্ধ্বতন	74	uurdhboton	TOP1	ঊর্ধ্বতন
ঊ	ঊর্ধ্বতনদের	27	uurdhbotonoder	TOP1	ঊর্ধ্বতনদের
ঊ	ঊর্ধ্বপাতন	62	uurdhbopaton	TOP1	ঊর্ধ্বপাতন
ঊ	ঊর্ধ্বমুখী	68	uurdhbomukhii	TOP1	ঊর্ধ্বমুখী
ঊ	ঊর্ধ্বলোকে	21	uurdhboloke	TOP1	ঊর্ধ্বলোকে
ঊ	ঊর্ধ্বশ্বাস	70	uurdhboshwas	TOP1	ঊর্ধ্বশ্বাস
ঊ	ঊর্ধ্বশ্বাসে	21	uurdhboshwase	TOP1	ঊর্ধ্বশ্বাসে
ঊ	ঊর্ধ্বসীমা	62	uurdhbosiima	TOP1	ঊর্ধ্বসীমা
ঊ	ঊর্ধ্বাকাশে	28	uurdhbakashe	TOP1	ঊর্ধ্বাকাশে
ঊ	ঊর্ধ্বাঙ্গ	23	uurdhbango	TOP1	ঊর্ধ্বাঙ্গ
ঊ	ঊর্ধ্বে	72	uurdhbe	TOP1	ঊর্ধ্বে
ঊ	ঊর্ধ্বের	24	uurdhber	TOP1	ঊর্ধ্বের
ঊ	ঊর্বর	24	uurbor	TOP1	ঊর্বর
ঊ	ঊর্বশী	26	uurboshii	TOP1	ঊর্বশী
ঊ	ঊর্মি	63	uurmi	TOP1	ঊর্মি
ঊ	ঊর্মিমালা	21	uurmimala	TOP1	ঊর্মিমালা
ঊ	ঊর্মিলা	61	uurmila	TOP1	ঊর্মিলা
ঊ	ঊর্মিলার	21	uurmilar	TOP1	ঊর্মিলার
ঊ	ঊষালগ্ন	26	uushalogn	TOP1	ঊষালগ্ন
ঊ	ঊহ্য	63	uuhy	TOP1	ঊহ্য
ঋ	অর্থঋণ	61	orthorrin	TOP1	অর্থঋণ
ঋ	ঋক্ষ	60	rrikkh	TOP1	ঋক্ষ
ঋ	ঋগ্বেদ	70	rrigbed	TOP1	ঋগ্বেদ
ঋ	ঋগ্বেদের	68	rrigbeder	TOP1	ঋগ্বেদের
ঋ	ঋণগ্রস্ত	67	rrinogrost	TOP1	ঋণগ্রস্ত
ঋ	ঋণগ্রহণ	25	rrinogrohon	TOP1	ঋণগ্রহণ
ঋ	ঋণগ্রহীতা	63	rrinogrohiita	TOP1	ঋণগ্রহীতা
ঋ	ঋণগ্রহীতাকে	21	rrinogrohiitake	TOP1	ঋণগ্রহীতাকে
ঋ	ঋণগ্রহীতাদের	63	rrinogrohiitader	TOP1	ঋণগ্রহীতাদের
ঋ	ঋণগ্রহীতার	63	rrinogrohiitar	TOP1	ঋণগ্রহীতার
ঋ	ঋণগ্রহীতারা	21	rrinogrohiitara	TOP1	ঋণগ্রহীতারা
ঋ	ঋণনির্ভর	64	rrinonirbhor	TOP1	ঋণনির্ভর
ঋ	ঋণনির্ভরতা	61	rrinonirbhorota	TOP1	ঋণনির্ভরতা
ঋ	ঋণপণ্য	60	rrinopony	TOP1	ঋণপণ্য
ঋ	ঋণপত্র	66	rrinopotr	TOP1	ঋণপত্র
ঋ	ঋণপত্রের	28	rrinopotrer	TOP1	ঋণপত্রের
ঋ	ঋণপ্রবাহ	61	rrinoprobah	TOP1	ঋণপ্রবাহ
ঋ	ঋণমুক্ত	26	rrinomukt	TOP1	ঋণমুক্ত
ঋ	ঋণাত্মক	75	rrinatmok	TOP1	ঋণাত্মক
ঋ	ঋতব্রত	67	rritobrot	TOP1	ঋতব্রত
ঋ	ঋতব্রতকে	62	rritobrotoke	TOP1	ঋতব্রতকে
ঋ	ঋতব্রতর	60	rritobrotor	TOP1	ঋতব্রতর
ঋ	ঋতুচক্র	62	rrituchokr	TOP1	ঋতুচক্র
ঋ	ঋতুচক্রের	21	rrituchokrer	TOP1	ঋতুচক্রের
ঋ	ঋতুপর্ণ	67	rrituporn	TOP1	ঋতুপর্ণ
ঋ	ঋতুপর্ণা	67	rrituporna	TOP1	ঋতুপর্ণা
ঋ	ঋতুবৈচিত্র্য	61	rrituboichitry	TOP1	ঋতুবৈচিত্র্য
ঋ	ঋতুবৈচিত্র্যের	21	rrituboichitryer	TOP1	ঋতুবৈচিত্র্যের
ঋ	ঋতুভিত্তিক	64	rritubhittik	TOP1	ঋতুভিত্তিক
ঋ	ঋতুস্রাব	62	rritusrab	TOP1	ঋতুস্রাব
ঋ	ঋতুস্রাবে	21	rritusrabe	TOP1	ঋতুস্রাবে
ঋ	ঋত্বিক	72	rritbik	TOP1	ঋত্বিক
ঋ	ঋত্বিকের	26	rritbiker	TOP1	ঋত্বিকের
ঋ	ঋদ্ধ	65	rriddh	TOP1	ঋদ্ধ
ঋ	ঋদ্ধি	63	rriddhi	TOP1	ঋদ্ধি
ঋ	ঋদ্ধিমান	30	rriddhiman	TOP1	ঋদ্ধিমান
ঋ	ঋষ্যশৃঙ্গ	60	rrishyoshrringo	TOP1	ঋষ্যশৃঙ্গ
ঋ	ক্ষুদ্রঋণ	68	kkhudrorrin	TOP1	ক্ষুদ্রঋণ
ঋ	ক্ষুদ্রঋণের	64	kkhudrorriner	TOP1	ক্ষুদ্রঋণের
ঋ	ব্যাংকঋণ	60	byangkorrin	TOP1	ব্যাংকঋণ
ঋ	ব্যাংকঋণের	63	byangkorriner	TOP1	ব্যাংকঋণের
এ	এইজন্য	76	eijony	TOP1	এইজন্য
এ	এইমাত্র	78	eimatr	TOP1	এইমাত্র
এ	এওয়ার্ড	70	eoyard	TOP1	এওয়ার্ড
এ	এককেন্দ্রিক	72	ekokendrik	TOP1	এককেন্দ্রিক
এ	একগুচ্ছ	70	ekoguchch	TOP1	একগুচ্ছ
এ	একচ্ছত্র	70	ekochchotr	TOP1	একচ্ছত্র
এ	একটিমাত্র	73	ekotimatr	TOP1	একটিমাত্র
এ	একত্র	79	ekotr	TOP1	একত্র
এ	একত্রিত	80	ekotrit	TOP1	একত্রিত
এ	একত্রীকরণ	70	ekotriikoron	TOP1	একত্রীকরণ
এ	একত্রে	78	ekotre	TOP1	একত্রে
এ	একনায়কতন্ত্র	70	ekonayokotontr	TOP1	একনায়কতন্ত্র
এ	একনিষ্ঠ	70	ekonishth	TOP1	একনিষ্ঠ
এ	একপর্যায়ে	76	ekoporyaye	TOP1	একপর্যায়ে
এ	একপ্রকার	75	ekoprokar	TOP1	একপ্রকার
এ	একমাত্র	86	ekomatr	TOP1	একমাত্র
এ	একসঙ্গে	80	ekosongoe	TOP1	একসঙ্গে
এ	একাউন্ট	74	ekaunt	TOP1	একাউন্ট
এ	একাউন্টে	71	ekaunte	TOP1	একাউন্টে
এ	একাত্তরের	72	ekattorer	TOP1	একাত্তরের
এ	একান্ত	75	ekant	TOP1	একান্ত
এ	একান্তই	70	ekantoi	TOP1	একান্তই
এ	একান্তে	71	ekante	TOP1	একান্তে
এ	একেশ্বরবাদী	70	ekeshworobadii	TOP1	একেশ্বরবাদী
এ	এক্কেবারে	72	ekkebare	TOP1	এক্কেবারে
এ	এক্কেরে	70	ekkere	TOP1	এক্কেরে
এ	এক্ষণ	72	ekkhon	TOP1	এক্ষণ
এ	এক্ষণে	76	ekkhone	TOP1	এক্ষণে
এ	এক্ষুণি	75	ekkhuni	TOP6	এক্ষুনি
এ	এক্ষুনি	79	ekkhuni	TOP1	এক্ষুনি
এ	এক্ষেত্রে	77	ekkhetre	TOP1	এক্ষেত্রে
এ	এক্স	79	eks	TOP1	এক্স
এ	এক্সও	70	eksoo	TOP1	এক্সও
এ	এক্সকিউজ	79	eksokiuj	TOP1	এক্সকিউজ
এ	এক্সচেঞ্জ	75	eksochenj	TOP1	এক্সচেঞ্জ
এ	এক্সট্রা	70	eksotra	TOP1	এক্সট্রা
এ	এক্সপার্ট	70	eksopart	TOP1	এক্সপার্ট
এ	এক্সপেরিমেন্ট	70	eksoperiment	TOP1	এক্সপেরিমেন্ট
এ	এক্সপ্রেস	79	eksopres	TOP1	এক্সপ্রেস
এ	এক্সপ্লোরার	72	eksoplorar	TOP1	এক্সপ্লোরার
এ	এক্সিকিউটিভ	71	eksikiutibh	TOP1	এক্সিকিউটিভ
এ	এক্সিডেন্ট	73	eksident	TOP1	এক্সিডেন্ট
এ	এক্সে	72	ekse	TOP1	এক্সে
এ	এক্সেল	71	eksel	TOP1	এক্সেল
এ	এগোচ্ছে	71	egochche	TOP1	এগোচ্ছে
এ	এঙ্গেল	71	engoel	TOP1	এঙ্গেল
এ	এজন্য	80	ejony	TOP1	এজন্য
এ	এজন্যই	80	ejonyoi	TOP1	এজন্যই
এ	এজন্যেই	73	ejonyei	TOP1	এজন্যেই
এ	এজেন্ট	81	ejent	TOP1	এজেন্ট
এ	এজেন্টের	72	ejenter	TOP1	এজেন্টের
এ	এজেন্সি	75	ejensi	TOP1	এজেন্সি
এ	এজেন্সির	71	ejensir	TOP1	এজেন্সির
এ	এডওয়ার্ড	79	edooyard	TOP1	এডওয়ার্ড
এ	এডওয়ার্ডস	74	edooyardos	TOP1	এডওয়ার্ডস
এ	এডমন্ড	74	edomond	TOP1	এডমন্ড
এ	এডমান্ড	75	edomand	TOP1	এডমান্ড
এ	এতক্ষণ	75	etokkhon	TOP1	এতক্ষণ
এ	এতক্ষণে	75	etokkhone	TOP1	এতক্ষণে
এ	এথেন্স	72	ethens	TOP1	এথেন্স
এ	এথেন্সের	71	ethenser	TOP1	এথেন্সের
এ	এনগেজমেন্ট	71	enogejoment	TOP1	এনগেজমেন্ট
এ	এনট্রপি	71	enotropi	TOP1	এনট্রপি
এ	এনসাইক্লোপিডিয়া	74	enosaiklopidiya	TOP1	এনসাইক্লোপিডিয়া
এ	এনার্জি	74	enarji	TOP1	এনার্জি
এ	এন্টারপ্রাইজ	72	entaropraij	TOP1	এন্টারপ্রাইজ
এ	এন্টি	72	enti	TOP1	এন্টি
এ	এন্ট্রি	72	entri	TOP1	এন্ট্রি
এ	এন্ড	82	end	TOP1	এন্ড
এ	এন্ডারসন	74	endaroson	TOP1	এন্ডারসন
এ	এপ্রিল	87	epril	TOP1	এপ্রিল
এ	এপ্রিলে	76	eprile	TOP1	এপ্রিলে
এ	এপ্রিলের	72	epriler	TOP1	এপ্রিলের
এ	এভারেস্ট	74	ebharest	TOP1	এভারেস্ট
এ	এমবাপ্পে	74	emobappe	TOP1	এমবাপ্পে
এ	এমবাপ্পের	72	emobapper	TOP1	এমবাপ্পের
এ	এম্পায়ার	74	empayar	TOP1	এম্পায়ার
এ	এরজন্য	72	erojony	TOP1	এরজন্য
এ	এরমধ্যে	73	eromodhye	TOP1	এরমধ্যে
এ	এরিস্টটল	72	eristotol	TOP1	এরিস্টটল
এ	এলেক্স	77	eleks	TOP1	এলেক্স
এ	এলেঙ্গা	71	elengoa	TOP1	এলেঙ্গা
এ	এস্টেট	74	estet	TOP1	এস্টেট
এ	এস্তাদিও	73	estadio	TOP1	এস্তাদিও
এ	এস্তোনিয়া	74	estoniya	TOP1	এস্তোনিয়া
এ	এস্তোনিয়ার	72	estoniyar	TOP1	এস্তোনিয়ার
এ	এস্তোনীয়	73	estoniiy	TOP1	এস্তোনীয়
এ	এয়ারপোর্ট	75	eyaroport	TOP1	এয়ারপোর্ট
এ	এয়ারপোর্টে	73	eyaroporte	TOP1	এয়ারপোর্টে
এ	এয়ারলাইন্স	74	eyarolains	TOP1	এয়ারলাইন্স
ঐ	ঐকমত্য	72	oikomoty	TOP1	ঐকমত্য
ঐ	ঐকমত্যে	66	oikomotye	TOP1	ঐকমত্যে
ঐ	ঐকমত্যের	67	oikomotyer	TOP1	ঐকমত্যের
ঐ	ঐকান্তিক	67	oikantik	TOP1	ঐকান্তিক
ঐ	ঐকান্তিকতা	29	oikantikota	TOP1	ঐকান্তিকতা
ঐ	ঐকান্তিকভাবে	25	oikantikobhabe	TOP1	ঐকান্তিকভাবে
ঐ	ঐক্য	75	oiky	TOP1	ঐক্য
ঐ	ঐক্যকে	64	oikyoke	TOP1	ঐক্যকে
ঐ	ঐক্যজোট	68	oikyojot	TOP1	ঐক্যজোট
ঐ	ঐক্যজোটের	64	oikyojoter	TOP1	ঐক্যজোটের
ঐ	ঐক্যতান	25	oikyotan	TOP1	ঐক্যতান
ঐ	ঐক্যফ্রন্ট	60	oikyofront	TOP1	ঐক্যফ্রন্ট
ঐ	ঐক্যবদ্ধ	74	oikyoboddh	TOP1	ঐক্যবদ্ধ
ঐ	ঐক্যবদ্ধতা	28	oikyoboddhota	TOP1	ঐক্যবদ্ধতা
ঐ	ঐক্যবদ্ধভাবে	65	oikyoboddhobhabe	TOP1	ঐক্যবদ্ধভাবে
ঐ	ঐক্যমঞ্চ	21	oikyomonc	TOP1	ঐক্যমঞ্চ
ঐ	ঐক্যমত	62	oikyomot	TOP1	ঐক্যমত
ঐ	ঐক্যমতে	61	oikyomote	TOP1	ঐক্যমতে
ঐ	ঐক্যমতের	64	oikyomoter	TOP1	ঐক্যমতের
ঐ	ঐক্যমত্যের	63	oikyomotyer	TOP1	ঐক্যমত্যের
ঐ	ঐক্যে	60	oikye	TOP1	ঐক্যে
ঐ	ঐক্যের	72	oikyer	TOP1	ঐক্যের
ঐ	ঐচ্ছিক	72	oichchik	TOP1	ঐচ্ছিক
ঐ	ঐচ্ছিকভাবে	60	oichchikobhabe	TOP1	ঐচ্ছিকভাবে
ঐ	ঐতিহ্য	81	oitihy	TOP1	ঐতিহ্য
ঐ	ঐতিহ্যই	60	oitihyoi	TOP1	ঐতিহ্যই
ঐ	ঐতিহ্যও	62	oitihyoo	TOP1	ঐতিহ্যও
ঐ	ঐতিহ্যকে	71	oitihyoke	TOP1	ঐতিহ্যকে
ঐ	ঐতিহ্যগত	75	oitihyogot	TOP1	ঐতিহ্যগত
ঐ	ঐতিহ্যগতভাবে	75	oitihyogotobhabe	TOP1	ঐতিহ্যগতভাবে
ঐ	ঐতিহ্যগতভাবেই	60	oitihyogotobhabei	TOP1	ঐতিহ্যগতভাবেই
ঐ	ঐতিহ্যগুলো	62	oitihyogulo	TOP1	ঐতিহ্যগুলো
ঐ	ঐতিহ্যগুলোকে	26	oitihyoguloke	TOP1	ঐতিহ্যগুলোকে
ঐ	ঐতিহ্যপূর্ণ	61	oitihyopuurn	TOP1	ঐতিহ্যপূর্ণ
ঐ	ঐতিহ্যবাদী	61	oitihyobadii	TOP1	ঐতিহ্যবাদী
ঐ	ঐতিহ্যবাহি	38	oitihyobahi	TOP6	ঐতিহ্যবাহী
ঐ	ঐতিহ্যবাহী	81	oitihyobahii	TOP1	ঐতিহ্যবাহী
ঐ	ঐতিহ্যমণ্ডিত	61	oitihyomondit	TOP1	ঐতিহ্যমণ্ডিত
ঐ	ঐতিহ্যময়	31	oitihyomoy	TOP1	ঐতিহ্যময়
ঐ	ঐতিহ্যর	33	oitihyor	TOP1	ঐতিহ্যর
ঐ	ঐতিহ্যিক	23	oitihyik	TOP1	ঐতিহ্যিক
ঐ	ঐতিহ্যে	72	oitihye	TOP1	ঐতিহ্যে
ঐ	ঐতিহ্যের	77	oitihyer	TOP1	ঐতিহ্যের
ঐ	ঐন্দ্র	60	oindr	TOP1	ঐন্দ্র
ঐ	ঐন্দ্রজালিক	69	oindrojalik	TOP1	ঐন্দ্রজালিক
ঐ	ঐন্দ্রিলা	32	oindrila	TOP1	ঐন্দ্রিলা
ঐ	ঐশ্বরিক	75	oishworik	TOP1	ঐশ্বরিক
ঐ	ঐশ্বরিয়া	70	oishworiya	TOP1	ঐশ্বরিয়া
ঐ	ঐশ্বরিয়াকে	65	oishworiyake	TOP1	ঐশ্বরিয়াকে
ঐ	ঐশ্বরিয়ার	67	oishworiyar	TOP1	ঐশ্বরিয়ার
ঐ	ঐশ্বর্য	68	oishwory	TOP1	ঐশ্বর্য
ঐ	ঐশ্বর্যময়	21	oishworyomoy	TOP1	ঐশ্বর্যময়
ঐ	ঐশ্বর্যশালী	63	oishworyoshalii	TOP1	ঐশ্বর্যশালী
ঐ	ঐশ্বর্যে	64	oishworye	TOP1	ঐশ্বর্যে
ঐ	ঐশ্বর্যের	66	oishworyer	TOP1	ঐশ্বর্যের
ঐ	ঐহিত্য	60	oihity	TOP1	ঐহিত্য
ঐ	ঐহিত্যবাহী	28	oihityobahii	TOP1	ঐহিত্যবাহী
ও	ওকল্যান্ড	67	okolyand	TOP6	অকল্যান্ড
ও	ওঙ্কার	67	ongkar	TOP1	ওঙ্কার
ও	ওতপ্রোতভাবে	68	otoprotobhabe	TOP1	ওতপ্রোতভাবে
ও	ওনার্স	64	onars	TOP6	অনার্স
ও	ওবায়দুল্লাহ	68	obayodullah	TOP1	ওবায়দুল্লাহ
ও	ওভারল্যাপ	66	obharolyap	TOP1	ওভারল্যাপ
ও	ওভারল্যাপিং	64	obharolyaping	TOP1	ওভারল্যাপিং
ও	ওম্যান	67	omyan	TOP1	ওম্যান
ও	ওরল্যান্ডো	66	orolyando	TOP6	অরল্যান্ডো
ও	ওরিয়েন্ট	64	oriyent	TOP1	ওরিয়েন্ট
ও	ওরিয়েন্টাল	70	oriyental	TOP1	ওরিয়েন্টাল
ও	ওরিয়েন্টেড	71	oriyented	TOP1	ওরিয়েন্টেড
ও	ওরিয়েন্টেশন	65	oriyenteshon	TOP1	ওরিয়েন্টেশন
ও	ওর্ডার	64	ordar	TOP6	অর্ডার
ও	ওলন্দাজ	78	olondaj	TOP1	ওলন্দাজ
ও	ওলন্দাজদের	65	olondajoder	TOP1	ওলন্দাজদের
ও	ওলন্দাজরা	66	olondajora	TOP1	ওলন্দাজরা
ও	ওলন্দাজের	64	olondajer	TOP1	ওলন্দাজের
ও	ওল্ড	76	old	TOP1	ওল্ড
ও	ওষ্ঠ	70	oshth	TOP1	ওষ্ঠ
ও	ওষ্ঠাধর	66	oshthadhor	TOP1	ওষ্ঠাধর
ও	ওষ্ঠে	64	oshthe	TOP1	ওষ্ঠে
ও	ওষ্ঠ্য	70	oshthy	TOP1	ওষ্ঠ্য
ও	ওস্তাদ	77	ostad	TOP1	ওস্তাদ
ও	ওস্তাদের	67	ostader	TOP1	ওস্তাদের
ও	ওয়াইল্ড	72	oyaild	TOP1	ওয়াইল্ড
ও	ওয়াইল্ডলাইফ	65	oyaildolaiph	TOP1	ওয়াইল্ডলাইফ
ও	ওয়াক্	70	oyak	MISS	ওয়াক
ও	ওয়াক্কাস	66	oyakkas	TOP1	ওয়াক্কাস
ও	ওয়াক্ত	70	oyakt	TOP6	অ্যাক্ট
ও	ওয়াক্ফ	65	oyakph	TOP1	ওয়াক্ফ
ও	ওয়াদ্দেদার	69	oyaddedar	TOP1	ওয়াদ্দেদার
ও	ওয়ান্টেড	68	oyanted	TOP1	ওয়ান্টেড
ও	ওয়ান্ডারফুল	64	oyandarophul	TOP1	ওয়ান্ডারফুল
ও	ওয়ান্ডারল্যান্ড	65	oyandarolyand	TOP1	ওয়ান্ডারল্যান্ড
ও	ওয়ান্ডারার্স	66	oyandarars	TOP1	ওয়ান্ডারার্স
ও	ওয়ান্স	65	oyans	TOP1	ওয়ান্স
ও	ওয়ারিয়র্স	67	oyariyors	TOP1	ওয়ারিয়র্স
ও	ওয়ারেন্ট	73	oyarent	TOP1	ওয়ারেন্ট
ও	ওয়ারেন্টি	64	oyarenti	TOP1	ওয়ারেন্টি
ও	ওয়ার্ক	71	oyark	TOP1	ওয়ার্ক
ও	ওয়ার্কশপ	70	oyarkoshop	TOP1	ওয়ার্কশপ
ও	ওয়ার্কশপে	67	oyarkoshope	TOP1	ওয়ার্কশপে
ও	ওয়ার্কস	70	oyarkos	TOP1	ওয়ার্কস
ও	ওয়ার্কার্স	69	oyarkars	TOP1	ওয়ার্কার্স
ও	ওয়ার্কিং	69	oyarking	TOP1	ওয়ার্কিং
ও	ওয়ার্ড	81	oyard	TOP1	ওয়ার্ড
ও	ওয়ার্ডস	65	oyardos	TOP1	ওয়ার্ডস
ও	ওয়ার্ডে	72	oyarde	TOP1	ওয়ার্ডে
ও	ওয়ার্ডেন	71	oyarden	TOP1	ওয়ার্ডেন
ও	ওয়ার্ডেনের	64	oyardener	TOP1	ওয়ার্ডেনের
ও	ওয়ার্ডের	74	oyarder	TOP1	ওয়ার্ডের
ও	ওয়ার্থ	67	oyarth	TOP1	ওয়ার্থ
ও	ওয়ার্ন	68	oyarn	TOP1	ওয়ার্ন
ও	ওয়ার্নার	73	oyarnar	TOP1	ওয়ার্নার
ও	ওয়ার্নিং	69	oyarning	TOP1	ওয়ার্নিং
ও	ওয়ার্নের	64	oyarner	TOP1	ওয়ার্নের
ও	ওয়ার্ম	66	oyarm	TOP1	ওয়ার্ম
ও	ওয়ার্মহোল	69	oyarmohol	TOP1	ওয়ার্মহোল
ও	ওয়ার্ল্ড	80	oyarld	TOP1	ওয়ার্ল্ড
ও	ওয়ার্ল্ডস	70	oyarldos	TOP1	ওয়ার্ল্ডস
ও	ওয়ার্ল্ডে	67	oyarlde	TOP1	ওয়ার্ল্ডে
ও	ওয়ার্ল্ডের	67	oyarlder	TOP1	ওয়ার্ল্ডের
ও	ওয়ার্স	69	oyars	TOP1	ওয়ার্স
ও	ওয়ার্সি	64	oyarsi	TOP1	ওয়ার্সি
ও	ওয়ালিউল্লাহ	67	oyaliullah	TOP1	ওয়ালিউল্লাহ
ও	ওয়ালীউল্লাহ	64	oyaliiullah	TOP1	ওয়ালীউল্লাহ
ও	ওয়ালীউল্লাহর	64	oyaliiullahor	TOP1	ওয়ালীউল্লাহর
ও	ওয়াল্ট	70	oyalt	TOP1	ওয়াল্ট
ও	ওয়াল্টজ	64	oyaltoj	TOP1	ওয়াল্টজ
ও	ওয়াল্টার	75	oyaltar	TOP1	ওয়াল্টার
ও	ওয়াশব্লক	66	oyashoblok	TOP1	ওয়াশব্লক
ও	ওয়াস্তে	70	oyaste	TOP1	ওয়াস্তে
ও	ওয়াহিদউদ্দিন	65	oyahidouddin	TOP1	ওয়াহিদউদ্দিন
ও	ওয়াহ্	65	oyah	MISS	ওয়াহ
ও	ওয়েন্ডি	65	oyendi	TOP1	ওয়েন্ডি
ও	ওয়েন্স	66	oyens	TOP1	ওয়েন্স
ও	ওয়েবক্যাম	64	oyebokyam	TOP1	ওয়েবক্যাম
ও	ওয়েবস্টার	67	oyebostar	TOP1	ওয়েবস্টার
ও	ওয়েম্বলি	65	oyemboli	TOP1	ওয়েম্বলি
ও	ওয়েল্ডিং	69	oyelding	TOP1	ওয়েল্ডিং
ও	ওয়েস্ট	79	oyest	TOP1	ওয়েস্ট
ও	ওয়েস্টমিনস্টার	70	oyestominostar	TOP1	ওয়েস্টমিনস্টার
ও	ওয়েস্টমিনস্টারের	64	oyestominostarer	TOP1	ওয়েস্টমিনস্টারের
ও	ওয়েস্টমিনিস্টার	66	oyestoministar	TOP1	ওয়েস্টমিনিস্টার
ও	ওয়েস্টার্ন	75	oyestarn	TOP1	ওয়েস্টার্ন
ও	ওয়েস্টে	64	oyeste	TOP1	ওয়েস্টে
ও	ওয়েস্টের	65	oyester	TOP1	ওয়েস্টের
ও	ওয়্যার	72	oyyar	TOP1	ওয়্যার
ও	ওয়্যারলেস	70	oyyaroles	TOP1	ওয়্যারলেস
ঔ	ঔচিত্য	23	ouchity	TOP1	ঔচিত্য
ঔ	ঔজ্জ্বল্য	67	oujjboly	TOP1	ঔজ্জ্বল্য
ঔ	ঔজ্জ্বল্যে	21	oujjbolye	TOP1	ঔজ্জ্বল্যে
ঔ	ঔজ্জ্বল্যের	60	oujjbolyer	TOP1	ঔজ্জ্বল্যের
ঔ	ঔদার্য	62	oudary	TOP1	ঔদার্য
ঔ	ঔদাসিন্য	27	oudasiny	TOP6	ঔদাসীন্য
ঔ	ঔদাসীন্য	63	oudasiiny	TOP1	ঔদাসীন্য
ঔ	ঔদ্ধত্য	65	ouddhoty	TOP1	ঔদ্ধত্য
ঔ	ঔদ্ধত্যপূর্ণ	60	ouddhotyopuurn	TOP1	ঔদ্ধত্যপূর্ণ
ঔ	ঔদ্ধত্যের	32	ouddhotyer	TOP1	ঔদ্ধত্যের
ঔ	ঔপন্যাসিক	81	ouponyasik	TOP1	ঔপন্যাসিক
ঔ	ঔপন্যাসিকদের	63	ouponyasikoder	TOP1	ঔপন্যাসিকদের
ঔ	ঔপন্যাসিকের	63	ouponyasiker	TOP1	ঔপন্যাসিকের
ঔ	ঔরঙ্গাবাদ	65	ourongoabad	TOP1	ঔরঙ্গাবাদ
ঔ	ঔষধপত্র	34	oushodhopotr	TOP1	ঔষধপত্র
ঔ	ঔষধশিল্প	60	oushodhoshilp	TOP1	ঔষধশিল্প
ঔ	ঔৎসুক্য	65	outosuky	TOP1	ঔৎসুক্য
ক	কংগ্রেস	80	konggres	TOP1	কংগ্রেস
ক	কংগ্রেসের	78	konggreser	TOP1	কংগ্রেসের
ক	কক্ষ	78	kokkh	TOP1	কক্ষ
ক	কক্সবাজার	79	koksobajar	TOP1	কক্সবাজার
ক	কঙ্গো	78	kongoo	TOP1	কঙ্গো
ক	কণ্ঠ	79	konth	TOP1	কণ্ঠ
ক	কতক্ষণ	78	kotokkhon	TOP1	কতক্ষণ
ক	কথাবার্তা	78	kothabarta	TOP1	কথাবার্তা
ক	কথ্য	78	kothy	TOP1	কথ্য
ক	কন্ট্রোল	79	kontrol	TOP1	কন্ট্রোল
ক	কন্যা	81	konya	TOP1	কন্যা
ক	কমপক্ষে	79	komopokkhe	TOP1	কমপক্ষে
ক	কমান্ডার	80	komandar	TOP1	কমান্ডার
ক	কমিউনিস্ট	80	komiunist	TOP1	কমিউনিস্ট
ক	কম্পিউটার	84	kompiutar	TOP1	কম্পিউটার
ক	কর্তব্য	78	kortoby	TOP1	কর্তব্য
ক	কর্তৃক	84	kortrrik	TOP1	কর্তৃক
ক	কর্তৃপক্ষ	80	kortrripokkh	TOP1	কর্তৃপক্ষ
ক	কর্নেল	80	kornel	TOP1	কর্নেল
ক	কর্পোরেশন	81	korporeshon	TOP1	কর্পোরেশন
ক	কর্ম	81	korm	TOP1	কর্ম
ক	কর্মকর্তা	84	kormokorta	TOP1	কর্মকর্তা
ক	কর্মকর্তাদের	78	kormokortader	TOP1	কর্মকর্তাদের
ক	কর্মকর্তারা	78	kormokortara	TOP1	কর্মকর্তারা
ক	কর্মচারী	78	kormocharii	TOP1	কর্মচারী
ক	কর্মজীবন	78	kormojiibon	TOP1	কর্মজীবন
ক	কর্মরত	78	kormorot	TOP1	কর্মরত
ক	কর্মসূচি	80	kormosuuchi	TOP1	কর্মসূচি
ক	কর্মী	81	kormii	TOP1	কর্মী
ক	কর্মীদের	78	kormiider	TOP1	কর্মীদের
ক	কল্পনা	80	kolpona	TOP1	কল্পনা
ক	কল্যাণ	78	kolyan	TOP1	কল্যাণ
ক	কষ্ট	84	kosht	TOP1	কষ্ট
ক	কাউন্টি	78	kaunti	TOP1	কাউন্টি
ক	কাউন্সিল	79	kaunsil	TOP1	কাউন্সিল
ক	কান্না	78	kanna	TOP1	কান্না
ক	কাব্য	78	kaby	TOP1	কাব্য
ক	কার্ড	82	kard	TOP1	কার্ড
ক	কার্বন	79	karbon	TOP1	কার্বন
ক	কার্যকর	83	karyokor	TOP1	কার্যকর
ক	কার্যক্রম	83	karyokrom	TOP1	কার্যক্রম
ক	কার্যালয়	79	karyaloy	TOP1	কার্যালয়
ক	কার্ল	81	karl	TOP1	কার্ল
ক	কিংবদন্তি	78	kingbodonti	TOP1	কিংবদন্তি
ক	কিচ্ছু	80	kichchu	TOP1	কিচ্ছু
ক	কিছুক্ষণ	78	kichhukkhon	TOP1	কিছুক্ষণ
ক	কিন্ত	88	kint	TOP1	কিন্ত
ক	কিন্তু	95	kintu	TOP1	কিন্তু
ক	কিশোরগঞ্জ	78	kishorogonj	TOP1	কিশোরগঞ্জ
ক	কুমিল্লা	81	kumilla	TOP1	কুমিল্লা
ক	কুষ্টিয়া	79	kushtiya	TOP1	কুষ্টিয়া
ক	কৃত্রিম	80	krritrim	TOP1	কৃত্রিম
ক	কৃষ্ণ	81	krrishn	TOP1	কৃষ্ণ
ক	কেন্দ্র	86	kendr	TOP1	কেন্দ্র
ক	কেন্দ্রশাসিত	78	kendroshasit	TOP1	কেন্দ্রশাসিত
ক	কেন্দ্রীয়	84	kendriiy	TOP1	কেন্দ্রীয়
ক	কেন্দ্রে	80	kendre	TOP1	কেন্দ্রে
ক	কেন্দ্রের	78	kendrer	TOP1	কেন্দ্রের
ক	কেবলমাত্র	78	kebolomatr	TOP1	কেবলমাত্র
ক	কোন্	78	kon	MISS	কোন
ক	কোম্পানি	83	kompani	TOP1	কোম্পানি
ক	কোম্পানির	81	kompanir	TOP1	কোম্পানির
ক	কোর্ট	79	kort	TOP1	কোর্ট
ক	কোয়ান্টাম	79	koyantam	TOP1	কোয়ান্টাম
ক	ক্যাডেট	78	kyadet	TOP1	ক্যাডেট
ক	ক্যাথলিক	80	kyatholik	TOP1	ক্যাথলিক
ক	ক্যাপ্টেন	84	kyapten	TOP1	ক্যাপ্টেন
ক	ক্যামেরা	81	kyamera	TOP1	ক্যামেরা
ক	ক্যাম্প	78	kyamp	TOP1	ক্যাম্প
ক	ক্যালিফোর্নিয়া	79	kyaliphorniya	TOP1	ক্যালিফোর্নিয়া
ক	ক্রম	81	krom	TOP1	ক্রম
ক	ক্রমবর্ধমান	78	kromobordhoman	TOP1	ক্রমবর্ধমান
ক	ক্রমে	80	krome	TOP1	ক্রমে
ক	ক্রিকেট	84	kriket	TOP1	ক্রিকেট
ক	ক্রিকেটার	84	kriketar	TOP1	ক্রিকেটার
ক	ক্রিয়া	79	kriya	TOP1	ক্রিয়া
ক	ক্রীড়া	80	kriira	TOP1	ক্রীড়া
ক	ক্লান্ত	79	klant	TOP1	ক্লান্ত
ক	ক্লাব	84	klab	TOP1	ক্লাব
ক	ক্লাবের	80	klaber	TOP1	ক্লাবের
ক	ক্লাস	79	klas	TOP1	ক্লাস
ক	ক্ষতি	82	kkhoti	TOP1	ক্ষতি
ক	ক্ষতিগ্রস্ত	79	kkhotigrost	TOP1	ক্ষতিগ্রস্ত
ক	ক্ষমতা	85	kkhomota	TOP1	ক্ষমতা
ক	ক্ষমতার	80	kkhomotar	TOP1	ক্ষমতার
ক	ক্ষমতায়	79	kkhomotay	TOP1	ক্ষমতায়
ক	ক্ষমা	84	kkhoma	TOP1	ক্ষমা
ক	ক্ষুদ্র	83	kkhudr	TOP1	ক্ষুদ্র
ক	ক্ষেত্র	80	kkhetr	TOP1	ক্ষেত্র
ক	ক্ষেত্রে	87	kkhetre	TOP1	ক্ষেত্রে
খ	খচ্চর	68	khoccor	TOP1	খচ্চর
খ	খঞ্জন	66	khonjon	TOP1	খঞ্জন
খ	খণ্ড	82	khond	TOP1	খণ্ড
খ	খণ্ডকালীন	69	khondokaliin	TOP1	খণ্ডকালীন
খ	খণ্ডন	70	khondon	TOP1	খণ্ডন
খ	খণ্ডবাক্য	67	khondobaky	TOP1	খণ্ডবাক্য
খ	খণ্ডিত	72	khondit	TOP1	খণ্ডিত
খ	খণ্ডে	76	khonde	TOP1	খণ্ডে
খ	খণ্ডের	73	khonder	TOP1	খণ্ডের
খ	খদ্দের	68	khodder	TOP1	খদ্দের
খ	খন্ড	74	khond	TOP6	খণ্ড
খ	খন্দকার	76	khondokar	TOP1	খন্দকার
খ	খন্দকের	68	khondoker	TOP1	খন্দকের
খ	খপ্পরে	67	khoppore	TOP1	খপ্পরে
খ	খরস্রোতা	66	khorosrota	TOP1	খরস্রোতা
খ	খর্ব	71	khorb	TOP1	খর্ব
খ	খলচরিত্রে	66	kholochoritre	TOP1	খলচরিত্রে
খ	খাচ্ছ	70	khachch	TOP1	খাচ্ছ
খ	খাচ্ছি	74	khachchi	TOP1	খাচ্ছি
খ	খাচ্ছিল	66	khachchil	TOP1	খাচ্ছিল
খ	খাচ্ছিলাম	68	khachchilam	TOP1	খাচ্ছিলাম
খ	খাচ্ছিস	66	khachchis	TOP1	খাচ্ছিস
খ	খাচ্ছে	75	khachche	TOP1	খাচ্ছে
খ	খাচ্ছেন	68	khachchen	TOP1	খাচ্ছেন
খ	খাচ্ছো	66	khachcho	TOP1	খাচ্ছো
খ	খাত্তাব	73	khattab	TOP1	খাত্তাব
খ	খাত্তাবের	70	khattaber	TOP1	খাত্তাবের
খ	খাদ্য	83	khady	TOP1	খাদ্য
খ	খাদ্যতালিকা	67	khadyotalika	TOP1	খাদ্যতালিকা
খ	খাদ্যতালিকায়	66	khadyotalikay	TOP1	খাদ্যতালিকায়
খ	খাদ্যদ্রব্য	69	khadyodroby	TOP1	খাদ্যদ্রব্য
খ	খাদ্যনালী	69	khadyonalii	TOP1	খাদ্যনালী
খ	খাদ্যনিরাপত্তা	67	khadyonirapotta	TOP1	খাদ্যনিরাপত্তা
খ	খাদ্যপণ্য	66	khadyopony	TOP1	খাদ্যপণ্য
খ	খাদ্যমন্ত্রী	66	khadyomontrii	TOP1	খাদ্যমন্ত্রী
খ	খাদ্যশস্য	72	khadyoshosy	TOP1	খাদ্যশস্য
খ	খাদ্যাভ্যাস	70	khadyabhyas	TOP1	খাদ্যাভ্যাস
খ	খাদ্যাভ্যাসের	66	khadyabhyaser	TOP1	খাদ্যাভ্যাসের
খ	খাদ্যে	71	khadye	TOP1	খাদ্যে
খ	খাদ্যের	75	khadyer	TOP1	খাদ্যের
খ	খানিকক্ষণ	68	khanikokkhon	TOP1	খানিকক্ষণ
খ	খান্না	70	khanna	TOP1	খান্না
খ	খালাম্মা	67	khalamma	TOP1	খালাম্মা
খ	খিচ্চা	67	khicca	TOP1	খিচ্চা
খ	খৃষ্ট	67	khrrisht	TOP1	খৃষ্ট
খ	খৃষ্টান	68	khrrishtan	TOP1	খৃষ্টান
খ	খৃষ্টাব্দ	68	khrrishtabd	TOP1	খৃষ্টাব্দ
খ	খৃষ্টাব্দে	74	khrrishtabde	TOP1	খৃষ্টাব্দে
খ	খৃষ্টীয়	69	khrrishtiiy	TOP1	খৃষ্টীয়
খ	খৃস্টান	67	khrristan	TOP1	খৃস্টান
খ	খেতাবপ্রাপ্ত	73	khetaboprapt	TOP1	খেতাবপ্রাপ্ত
খ	খোন্দকার	71	khondokar	TOP6	খন্দকার
খ	খোস্ত	67	khost	TOP1	খোস্ত
খ	খ্যাত	76	khyat	TOP1	খ্যাত
খ	খ্যাতনামা	76	khyatonama	TOP1	খ্যাতনামা
খ	খ্যাতি	79	khyati	TOP1	খ্যাতি
খ	খ্যাতিমান	75	khyatiman	TOP1	খ্যাতিমান
খ	খ্যাতির	70	khyatir	TOP1	খ্যাতির
খ	খ্যাতিসম্পন্ন	71	khyatisomponn	TOP1	খ্যাতিসম্পন্ন
খ	খ্রি	75	khri	TOP1	খ্রি
খ	খ্রিষ্ট	69	khrisht	TOP1	খ্রিষ্ট
খ	খ্রিষ্টধর্ম	68	khrishtodhorm	TOP1	খ্রিষ্টধর্ম
খ	খ্রিষ্টপূর্ব	74	khrishtopuurb	TOP1	খ্রিষ্টপূর্ব
খ	খ্রিষ্টপূর্বাব্দ	71	khrishtopuurbabd	TOP1	খ্রিষ্টপূর্বাব্দ
খ	খ্রিষ্টপূর্বাব্দে	68	khrishtopuurbabde	TOP1	খ্রিষ্টপূর্বাব্দে
খ	খ্রিষ্টান	75	khrishtan	TOP1	খ্রিষ্টান
খ	খ্রিষ্টানদের	70	khrishtanoder	TOP1	খ্রিষ্টানদের
খ	খ্রিষ্টাব্দ	77	khrishtabd	TOP1	খ্রিষ্টাব্দ
খ	খ্রিষ্টাব্দে	82	khrishtabde	TOP1	খ্রিষ্টাব্দে
খ	খ্রিষ্টাব্দের	79	khrishtabder	TOP1	খ্রিষ্টাব্দের
খ	খ্রিষ্টীয়	72	khrishtiiy	TOP1	খ্রিষ্টীয়
খ	খ্রিস্ট	74	khrist	TOP1	খ্রিস্ট
খ	খ্রিস্টধর্ম	77	khristodhorm	TOP1	খ্রিস্টধর্ম
খ	খ্রিস্টপূর্ব	81	khristopuurb	TOP1	খ্রিস্টপূর্ব
খ	খ্রিস্টান	81	khristan	TOP1	খ্রিস্টান
খ	খ্রিস্টানদের	73	khristanoder	TOP1	খ্রিস্টানদের
খ	খ্রিস্টাব্দ	78	khristabd	TOP1	খ্রিস্টাব্দ
খ	খ্রিস্টাব্দে	80	khristabde	TOP1	খ্রিস্টাব্দে
খ	খ্রিস্টাব্দের	77	khristabder	TOP1	খ্রিস্টাব্দের
খ	খ্রিস্টীয়	78	khristiiy	TOP1	খ্রিস্টীয়
খ	খ্রিস্টের	70	khrister	TOP1	খ্রিস্টের
খ	খ্রীষ্ট	68	khriisht	TOP1	খ্রীষ্ট
খ	খ্রীষ্টপূর্ব	70	khriishtopuurb	TOP1	খ্রীষ্টপূর্ব
খ	খ্রীষ্টপূর্বাব্দ	68	khriishtopuurbabd	TOP1	খ্রীষ্টপূর্বাব্দ
খ	খ্রীষ্টান	71	khriishtan	TOP1	খ্রীষ্টান
খ	খ্রীষ্টাব্দ	67	khriishtabd	TOP1	খ্রীষ্টাব্দ
খ	খ্রীষ্টাব্দের	67	khriishtabder	TOP1	খ্রীষ্টাব্দের
খ	খ্রীস্টপূর্ব	67	khriistopuurb	TOP1	খ্রীস্টপূর্ব
খ	খ্রীস্টান	68	khriistan	TOP1	খ্রীস্টান
খ	খড়্গ	67	khorg	TOP1	খড়্গ
গ	গঙ্গা	79	gongoa	TOP1	গঙ্গা
গ	গঙ্গার	76	gongoar	TOP1	গঙ্গার
গ	গঙ্গোপাধ্যায়	75	gongoopadhyay	TOP1	গঙ্গোপাধ্যায়
গ	গণতন্ত্র	78	gonotontr	TOP1	গণতন্ত্র
গ	গণতন্ত্রের	75	gonotontrer	TOP1	গণতন্ত্রের
গ	গণতান্ত্রিক	80	gonotantrik	TOP1	গণতান্ত্রিক
গ	গণপ্রজাতন্ত্রী	76	gonoprojatontrii	TOP1	গণপ্রজাতন্ত্রী
গ	গণমাধ্যম	77	gonomadhyom	TOP1	গণমাধ্যম
গ	গণহত্যা	78	gonohotya	TOP1	গণহত্যা
গ	গণ্য	80	gony	TOP1	গণ্য
গ	গন্তব্য	76	gontoby	TOP1	গন্তব্য
গ	গন্ধ	80	gondh	TOP1	গন্ধ
গ	গভর্নর	81	gobhornor	TOP1	গভর্নর
গ	গম্বুজ	75	gombuj	TOP1	গম্বুজ
গ	গম্ভীর	75	gombhiir	TOP1	গম্ভীর
গ	গর্জন	77	gorjon	TOP1	গর্জন
গ	গর্ডন	75	gordon	TOP1	গর্ডন
গ	গর্ত	77	gort	TOP1	গর্ত
গ	গর্তে	75	gorte	TOP1	গর্তে
গ	গর্ব	76	gorb	TOP1	গর্ব
গ	গর্বিত	77	gorbit	TOP1	গর্বিত
গ	গর্ভে	76	gorbhe	TOP1	গর্ভে
গ	গল্প	85	golp	TOP1	গল্প
গ	গল্পটা	76	golpota	TOP1	গল্পটা
গ	গল্পটি	75	golpoti	TOP1	গল্পটি
গ	গল্পে	76	golpe	TOP1	গল্পে
গ	গল্পের	78	golper	TOP1	গল্পের
গ	গাইবান্ধা	76	gaibandha	TOP1	গাইবান্ধা
গ	গাঙ্গেয়	75	gangoey	TOP1	গাঙ্গেয়
গ	গান্ধী	79	gandhii	TOP1	গান্ধী
গ	গান্ধীর	75	gandhiir	TOP1	গান্ধীর
গ	গার্ড	78	gard	TOP1	গার্ড
গ	গার্ডেন	75	garden	TOP1	গার্ডেন
গ	গার্লস	75	garlos	TOP1	গার্লস
গ	গির্জা	77	girja	TOP1	গির্জা
গ	গির্জার	75	girjar	TOP1	গির্জার
গ	গুপ্ত	80	gupt	TOP1	গুপ্ত
গ	গুপ্তচর	76	guptochor	TOP1	গুপ্তচর
গ	গুরুত্ব	82	gurutb	TOP1	গুরুত্ব
গ	গুরুত্বপূর্ণ	87	gurutbopuurn	TOP1	গুরুত্বপূর্ণ
গ	গুরুত্বের	75	gurutber	TOP1	গুরুত্বের
গ	গৃহযুদ্ধ	76	grrihozuddh	TOP1	গৃহযুদ্ধ
গ	গৃহযুদ্ধের	75	grrihozuddher	TOP1	গৃহযুদ্ধের
গ	গোত্র	76	gotr	TOP1	গোত্র
গ	গোত্রের	78	gotrer	TOP1	গোত্রের
গ	গোপালগঞ্জ	78	gopalogonj	TOP1	গোপালগঞ্জ
গ	গোবিন্দ	77	gobind	TOP1	গোবিন্দ
গ	গোল্ড	75	gold	TOP1	গোল্ড
গ	গোল্ডেন	79	golden	TOP1	গোল্ডেন
গ	গোষ্ঠী	80	goshthii	TOP1	গোষ্ঠী
গ	গোষ্ঠীর	78	goshthiir	TOP1	গোষ্ঠীর
গ	গোয়েন্দা	81	goyenda	TOP1	গোয়েন্দা
গ	গ্যারান্টি	75	gyaranti	TOP1	গ্যারান্টি
গ	গ্যালারি	75	gyalari	TOP1	গ্যালারি
গ	গ্যাস	82	gyas	TOP1	গ্যাস
গ	গ্যাসের	77	gyaser	TOP1	গ্যাসের
গ	গ্রন্থ	81	gronth	TOP1	গ্রন্থ
গ	গ্রন্থাগার	77	gronthagar	TOP1	গ্রন্থাগার
গ	গ্রন্থাবলী	77	gronthabolii	TOP1	গ্রন্থাবলী
গ	গ্রন্থে	79	gronthe	TOP1	গ্রন্থে
গ	গ্রন্থের	77	gronther	TOP1	গ্রন্থের
গ	গ্রহ	81	groh	TOP1	গ্রহ
গ	গ্রহণ	87	grohon	TOP1	গ্রহণ
গ	গ্রহণযোগ্য	77	grohonozogy	TOP1	গ্রহণযোগ্য
গ	গ্রহণের	79	grohoner	TOP1	গ্রহণের
গ	গ্রহন	77	grohon	TOP6	গ্রহণ
গ	গ্রহে	76	grohe	TOP1	গ্রহে
গ	গ্রহের	79	groher	TOP1	গ্রহের
গ	গ্রাম	84	gram	TOP1	গ্রাম
গ	গ্রামীণ	80	gramiin	TOP1	গ্রামীণ
গ	গ্রামে	83	grame	TOP1	গ্রামে
গ	গ্রামের	83	gramer	TOP1	গ্রামের
গ	গ্রাহক	76	grahok	TOP1	গ্রাহক
গ	গ্রিক	83	grik	TOP1	গ্রিক
গ	গ্রিন	76	grin	TOP1	গ্রিন
গ	গ্রীক	78	griik	TOP1	গ্রীক
গ	গ্রীষ্মকালীন	81	griishmokaliin	TOP1	গ্রীষ্মকালীন
গ	গ্রুপ	83	grup	TOP1	গ্রুপ
গ	গ্রুপে	76	grupe	TOP1	গ্রুপে
গ	গ্রুপের	80	gruper	TOP1	গ্রুপের
গ	গ্রে	77	gre	TOP1	গ্রে
গ	গ্রেগরীয়	82	gregoriiy	TOP1	গ্রেগরীয়
গ	গ্রেট	81	gret	TOP1	গ্রেট
গ	গ্রেড	80	gred	TOP1	গ্রেড
গ	গ্রেপ্তার	82	greptar	TOP1	গ্রেপ্তার
গ	গ্রেফতার	80	grephotar	TOP1	গ্রেফতার
গ	গ্রেস	78	gres	TOP1	গ্রেস
গ	গ্র্যান্ড	79	gryand	TOP1	গ্র্যান্ড
গ	গ্লাস	78	glas	TOP1	গ্লাস
গ	গ্লোবাল	77	global	TOP1	গ্লোবাল
ঘ	ঘটনাক্রমে	69	ghotonakrome	TOP1	ঘটনাক্রমে
ঘ	ঘটনাচক্রে	66	ghotonachokre	TOP1	ঘটনাচক্রে
ঘ	ঘটনাপঞ্জি	65	ghotonaponji	TOP1	ঘটনাপঞ্জি
ঘ	ঘটনাপ্রবাহ	67	ghotonaprobah	TOP1	ঘটনাপ্রবাহ
ঘ	ঘটনাপ্রবাহে	63	ghotonaprobahe	TOP1	ঘটনাপ্রবাহে
ঘ	ঘটনাস্থল	74	ghotonasthol	TOP1	ঘটনাস্থল
ঘ	ঘটনাস্থলে	77	ghotonasthole	TOP1	ঘটনাস্থলে
ঘ	ঘটনাস্থলেই	70	ghotonastholei	TOP1	ঘটনাস্থলেই
ঘ	ঘটনাস্থলের	66	ghotonastholer	TOP1	ঘটনাস্থলের
ঘ	ঘটাচ্ছে	67	ghotachche	TOP1	ঘটাচ্ছে
ঘ	ঘণ্ট	65	ghont	TOP6	ঘোঁৎ
ঘ	ঘণ্টা	83	ghonta	TOP1	ঘণ্টা
ঘ	ঘণ্টাই	67	ghontai	TOP1	ঘণ্টাই
ঘ	ঘণ্টাও	64	ghontao	TOP1	ঘণ্টাও
ঘ	ঘণ্টাখানেক	69	ghontakhanek	TOP1	ঘণ্টাখানেক
ঘ	ঘণ্টাধ্বনি	64	ghontadhboni	TOP1	ঘণ্টাধ্বনি
ঘ	ঘণ্টাব্যাপী	66	ghontabyapii	TOP1	ঘণ্টাব্যাপী
ঘ	ঘণ্টার	79	ghontar	TOP1	ঘণ্টার
ঘ	ঘণ্টারও	64	ghontaroo	TOP1	ঘণ্টারও
ঘ	ঘণ্টায়	77	ghontay	TOP1	ঘণ্টায়
ঘ	ঘণ্টি	65	ghonti	TOP1	ঘণ্টি
ঘ	ঘনক্ষেত্র	63	ghonokkhetr	TOP1	ঘনক্ষেত্র
ঘ	ঘনত্ব	79	ghonotb	TOP1	ঘনত্ব
ঘ	ঘনত্বও	62	ghonotboo	TOP1	ঘনত্বও
ঘ	ঘনত্বে	66	ghonotbe	TOP1	ঘনত্বে
ঘ	ঘনত্বের	73	ghonotber	TOP1	ঘনত্বের
ঘ	ঘনবসতিপূর্ণ	72	ghonobosotipuurn	TOP1	ঘনবসতিপূর্ণ
ঘ	ঘনবস্তু	63	ghonobostu	TOP1	ঘনবস্তু
ঘ	ঘনশ্যাম	66	ghonoshyam	TOP1	ঘনশ্যাম
ঘ	ঘনিষ্ট	66	ghonisht	TOP1	ঘনিষ্ট
ঘ	ঘনিষ্ঠ	79	ghonishth	TOP1	ঘনিষ্ঠ
ঘ	ঘনিষ্ঠতম	62	ghonishthotom	TOP1	ঘনিষ্ঠতম
ঘ	ঘনিষ্ঠতা	69	ghonishthota	TOP1	ঘনিষ্ঠতা
ঘ	ঘনিষ্ঠতার	64	ghonishthotar	TOP1	ঘনিষ্ঠতার
ঘ	ঘনিষ্ঠভাবে	74	ghonishthobhabe	TOP1	ঘনিষ্ঠভাবে
ঘ	ঘন্টা	81	ghonta	TOP6	ঘণ্টা
ঘ	ঘন্টাখানেকের	66	ghontakhaneker	TOP1	ঘন্টাখানেকের
ঘ	ঘন্টার	78	ghontar	TOP6	ঘণ্টার
ঘ	ঘন্টায়	73	ghontay	TOP6	ঘণ্টায়
ঘ	ঘরকন্নার	63	ghorokonnar	TOP1	ঘরকন্নার
ঘ	ঘর্ঘর	62	ghorghor	TOP1	ঘর্ঘর
ঘ	ঘর্ঘরা	64	ghorghora	TOP1	ঘর্ঘরা
ঘ	ঘর্ম	63	ghorm	TOP1	ঘর্ম
ঘ	ঘর্মাক্ত	63	ghormakt	TOP1	ঘর্মাক্ত
ঘ	ঘর্ষণ	72	ghorshon	TOP1	ঘর্ষণ
ঘ	ঘর্ষণজনিত	63	ghorshonojonit	TOP1	ঘর্ষণজনিত
ঘ	ঘর্ষণে	64	ghorshone	TOP1	ঘর্ষণে
ঘ	ঘর্ষণের	64	ghorshoner	TOP1	ঘর্ষণের
ঘ	ঘামাচ্ছি	64	ghamachchi	TOP1	ঘামাচ্ছি
ঘ	ঘাড়ব্যথা	63	gharobyotha	TOP1	ঘাড়ব্যথা
ঘ	ঘিঞ্জি	66	ghinji	TOP1	ঘিঞ্জি
ঘ	ঘুড্ডি	64	ghuddi	TOP1	ঘুড্ডি
ঘ	ঘুণাক্ষরেও	63	ghunakkhoreo	TOP1	ঘুণাক্ষরেও
ঘ	ঘুমন্ত	72	ghumont	TOP1	ঘুমন্ত
ঘ	ঘুমাচ্ছ	66	ghumachch	TOP1	ঘুমাচ্ছ
ঘ	ঘুমাচ্ছি	66	ghumachchi	TOP1	ঘুমাচ্ছি
ঘ	ঘুমাচ্ছিল	66	ghumachchil	TOP1	ঘুমাচ্ছিল
ঘ	ঘুমাচ্ছিলাম	66	ghumachchilam	TOP1	ঘুমাচ্ছিলাম
ঘ	ঘুমাচ্ছিলেন	64	ghumachchilen	TOP1	ঘুমাচ্ছিলেন
ঘ	ঘুমাচ্ছে	73	ghumachche	TOP1	ঘুমাচ্ছে
ঘ	ঘুমাচ্ছেন	67	ghumachchen	TOP1	ঘুমাচ্ছেন
ঘ	ঘুমোচ্ছে	65	ghumochche	TOP1	ঘুমোচ্ছে
ঘ	ঘূর্ণন	74	ghuurnon	TOP1	ঘূর্ণন
ঘ	ঘূর্ণনরত	64	ghuurnonorot	TOP1	ঘূর্ণনরত
ঘ	ঘূর্ণনের	71	ghuurnoner	TOP1	ঘূর্ণনের
ঘ	ঘূর্ণাবর্ত	64	ghuurnabort	TOP1	ঘূর্ণাবর্ত
ঘ	ঘূর্ণায়মান	73	ghuurnayoman	TOP1	ঘূর্ণায়মান
ঘ	ঘূর্ণি	70	ghuurni	TOP1	ঘূর্ণি
ঘ	ঘূর্ণিঝড়	76	ghuurnijhor	TOP1	ঘূর্ণিঝড়
ঘ	ঘূর্ণিঝড়কে	63	ghuurnijhoroke	TOP1	ঘূর্ণিঝড়কে
ঘ	ঘূর্ণিঝড়ে	70	ghuurnijhore	TOP1	ঘূর্ণিঝড়ে
ঘ	ঘূর্ণিঝড়ের	71	ghuurnijhorer	TOP1	ঘূর্ণিঝড়ের
ঘ	ঘূর্ণিত	64	ghuurnit	TOP1	ঘূর্ণিত
ঘ	ঘূর্ণির	63	ghuurnir	TOP1	ঘূর্ণির
ঘ	ঘৃণ্য	71	ghrriny	TOP1	ঘৃণ্য
ঘ	ঘৃষ্ট	68	ghrrisht	TOP1	ঘৃষ্ট
ঘ	ঘেন্না	68	ghenna	TOP1	ঘেন্না
ঘ	ঘোষণাপত্র	71	ghoshonapotr	TOP1	ঘোষণাপত্র
ঘ	ঘোষণাপত্রটি	63	ghoshonapotroti	TOP1	ঘোষণাপত্রটি
ঘ	ঘোষণাপত্রে	67	ghoshonapotre	TOP1	ঘোষণাপত্রে
ঘ	ঘোষণাপত্রের	65	ghoshonapotrer	TOP1	ঘোষণাপত্রের
ঘ	ঘোস্ট	67	ghost	TOP6	গোস্ট
ঘ	ঘোড়াউত্রা	66	ghorautra	TOP1	ঘোড়াউত্রা
ঘ	ঘ্যানঘ্যান	66	ghyanoghyan	TOP1	ঘ্যানঘ্যান
ঘ	ঘ্রাণ	75	ghran	TOP1	ঘ্রাণ
ঘ	ঘ্রাণটা	66	ghranota	TOP1	ঘ্রাণটা
ঘ	ঘ্রাণশক্তি	63	ghranoshokti	TOP1	ঘ্রাণশক্তি
ঘ	ঘ্রাণে	63	ghrane	TOP1	ঘ্রাণে
ঘ	ঘ্রাণের	67	ghraner	TOP1	ঘ্রাণের
ঘ	ঘ্রান	63	ghran	TOP6	ঘ্রাণ
ঙ	অঙ্গ	79	ongo	TOP1	অঙ্গ
ঙ	অঙ্গরাজ্য	79	ongoorajy	TOP1	অঙ্গরাজ্য
ঙ	অঙ্গরাজ্যের	78	ongoorajyer	TOP1	অঙ্গরাজ্যের
ঙ	আঙ্গুল	77	angoul	TOP1	আঙ্গুল
ঙ	আশঙ্কা	78	ashongka	TOP1	আশঙ্কা
ঙ	ইঙ্গিত	79	ingoit	TOP1	ইঙ্গিত
ঙ	একসঙ্গে	80	ekosongoe	TOP1	একসঙ্গে
ঙ	কঙ্গো	78	kongoo	TOP1	কঙ্গো
ঙ	গঙ্গা	79	gongoa	TOP1	গঙ্গা
ঙ	জঙ্গল	78	jongool	TOP1	জঙ্গল
ঙ	জঙ্গলে	78	jongoole	TOP1	জঙ্গলে
ঙ	জাহাঙ্গীর	77	jahangoiir	TOP1	জাহাঙ্গীর
ঙ	টাঙ্গাইল	79	tangoail	TOP1	টাঙ্গাইল
ঙ	তরঙ্গ	80	torongo	TOP1	তরঙ্গ
ঙ	দৃষ্টিভঙ্গি	79	drrishtibhongoi	TOP1	দৃষ্টিভঙ্গি
ঙ	পশ্চিমবঙ্গ	83	poshchimobongo	TOP1	পশ্চিমবঙ্গ
ঙ	পশ্চিমবঙ্গের	82	poshchimobongoer	TOP1	পশ্চিমবঙ্গের
ঙ	পূর্ণাঙ্গ	77	puurnango	TOP1	পূর্ণাঙ্গ
ঙ	প্রসঙ্গে	78	prosongoe	TOP1	প্রসঙ্গে
ঙ	ফ্রাঙ্ক	77	frangk	TOP1	ফ্রাঙ্ক
ঙ	ফ্র্যাঙ্ক	79	fryangk	TOP1	ফ্র্যাঙ্ক
ঙ	বঙ্গ	79	bongo	TOP1	বঙ্গ
ঙ	বঙ্গবন্ধু	78	bongoobondhu	TOP1	বঙ্গবন্ধু
ঙ	বেঙ্গল	81	bengool	TOP1	বেঙ্গল
ঙ	ভঙ্গ	77	bhongo	TOP1	ভঙ্গ
ঙ	ভাঙ্গা	78	bhangoa	TOP1	ভাঙ্গা
ঙ	ভেঙ্গে	82	bhengoe	TOP1	ভেঙ্গে
ঙ	ভয়ঙ্কর	78	bhoyongkor	TOP6	ভয়ংকর
ঙ	মঙ্গল	80	mongool	TOP1	মঙ্গল
ঙ	মঙ্গলবার	80	mongoolobar	TOP1	মঙ্গলবার
ঙ	রাঙ্গামাটি	78	rangoamati	TOP1	রাঙ্গামাটি
ঙ	লঙ্ঘন	77	longghon	TOP1	লঙ্ঘন
ঙ	লিঙ্গ	77	lingo	TOP1	লিঙ্গ
ঙ	শৃঙ্খলা	77	shrringkhola	TOP1	শৃঙ্খলা
ঙ	সঙ্গী	79	songoii	TOP1	সঙ্গী
ঙ	সঙ্গীত	84	songoiit	TOP1	সঙ্গীত
ঙ	সঙ্গীতশিল্পী	79	songoiitoshilpii	TOP1	সঙ্গীতশিল্পী
ঙ	সঙ্গীতের	78	songoiiter	TOP1	সঙ্গীতের
ঙ	সঙ্গে	91	songoe	TOP1	সঙ্গে
ঙ	স্থানাঙ্ক	82	sthanangk	TOP1	স্থানাঙ্ক
চ	চক্র	78	chokr	TOP1	চক্র
চ	চক্রবর্তী	79	chokrobortii	TOP1	চক্রবর্তী
চ	চক্রের	75	chokrer	TOP1	চক্রের
চ	চক্ষু	78	chokkhu	TOP1	চক্ষু
চ	চক্ষে	74	chokkhe	TOP1	চক্ষে
চ	চঞ্চল	76	choncol	TOP1	চঞ্চল
চ	চট্টগ্রাম	86	chottogram	TOP1	চট্টগ্রাম
চ	চট্টগ্রামে	77	chottograme	TOP1	চট্টগ্রামে
চ	চট্টগ্রামের	80	chottogramer	TOP1	চট্টগ্রামের
চ	চট্টোপাধ্যায়	81	chottopadhyay	TOP1	চট্টোপাধ্যায়
চ	চতুর্থ	82	choturth	TOP1	চতুর্থ
চ	চতুর্থাংশ	74	choturthangsh	TOP1	চতুর্থাংশ
চ	চতুর্দশ	75	choturdosh	TOP1	চতুর্দশ
চ	চত্বর	74	chotbor	TOP1	চত্বর
চ	চন্দনাইশ	74	chondonaish	TOP1	চন্দনাইশ
চ	চন্দ্র	81	chondr	TOP1	চন্দ্র
চ	চব্বিশ	78	chobbish	TOP1	চব্বিশ
চ	চরিত্র	82	choritr	TOP1	চরিত্র
চ	চরিত্রে	81	choritre	TOP1	চরিত্রে
চ	চরিত্রের	78	choritrer	TOP1	চরিত্রের
চ	চর্চা	78	chorcha	TOP1	চর্চা
চ	চর্চার	74	chorchar	TOP1	চর্চার
চ	চর্বি	74	chorbi	TOP1	চর্বি
চ	চলচ্চিত্র	89	choloccitr	TOP1	চলচ্চিত্র
চ	চলচ্চিত্রটি	77	choloccitroti	TOP1	চলচ্চিত্রটি
চ	চলচ্চিত্রে	80	choloccitre	TOP1	চলচ্চিত্রে
চ	চলচ্চিত্রের	82	choloccitrer	TOP1	চলচ্চিত্রের
চ	চলন্ত	74	cholont	TOP1	চলন্ত
চ	চল্লিশ	75	chollish	TOP1	চল্লিশ
চ	চাচ্ছ	79	chachch	TOP1	চাচ্ছ
চ	চাচ্ছি	82	chachchi	TOP1	চাচ্ছি
চ	চাচ্ছিলাম	78	chachchilam	TOP1	চাচ্ছিলাম
চ	চাচ্ছে	78	chachche	TOP1	চাচ্ছে
চ	চাচ্ছেন	78	chachchen	TOP1	চাচ্ছেন
চ	চার্চ	79	charch	TOP1	চার্চ
চ	চার্চে	74	charche	TOP1	চার্চে
চ	চার্চের	75	charcher	TOP1	চার্চের
চ	চার্জ	78	charj	TOP1	চার্জ
চ	চার্লস	81	charlos	TOP1	চার্লস
চ	চার্লি	79	charli	TOP1	চার্লি
চ	চালাচ্ছে	75	chalachche	TOP1	চালাচ্ছে
চ	চিকিৎসাবিজ্ঞান	74	chikitosabigyan	TOP1	চিকিৎসাবিজ্ঞান
চ	চিকিৎসাবিজ্ঞানে	74	chikitosabigyane	TOP1	চিকিৎসাবিজ্ঞানে
চ	চিত্ত	76	chitt	TOP1	চিত্ত
চ	চিত্তাকর্ষক	74	chittakorshok	TOP1	চিত্তাকর্ষক
চ	চিত্র	91	chitr	TOP1	চিত্র
চ	চিত্রকর	74	chitrokor	TOP1	চিত্রকর
চ	চিত্রকর্ম	74	chitrokorm	TOP1	চিত্রকর্ম
চ	চিত্রগ্রাহক	75	chitrograhok	TOP1	চিত্রগ্রাহক
চ	চিত্রনাট্য	76	chitronaty	TOP1	চিত্রনাট্য
চ	চিত্রনাট্যকার	79	chitronatyokar	TOP1	চিত্রনাট্যকার
চ	চিত্রশালা	76	chitroshala	TOP1	চিত্রশালা
চ	চিত্রশিল্পী	79	chitroshilpii	TOP1	চিত্রশিল্পী
চ	চিত্রা	74	chitra	TOP1	চিত্রা
চ	চিত্রিত	77	chitrit	TOP1	চিত্রিত
চ	চিত্রের	82	chitrer	TOP1	চিত্রের
চ	চিন্তা	87	chinta	TOP1	চিন্তা
চ	চিন্তাবিদ	74	chintabid	TOP1	চিন্তাবিদ
চ	চিন্তাভাবনা	75	chintabhabona	TOP1	চিন্তাভাবনা
চ	চিন্তার	79	chintar	TOP1	চিন্তার
চ	চিন্তায়	75	chintay	TOP1	চিন্তায়
চ	চিন্তিত	79	chintit	TOP1	চিন্তিত
চ	চিরস্থায়ী	74	chirosthayii	TOP1	চিরস্থায়ী
চ	চিহ্ন	82	chihn	TOP1	চিহ্ন
চ	চিহ্নিত	82	chihnit	TOP1	চিহ্নিত
চ	চিয়ার্স	75	chiyars	TOP1	চিয়ার্স
চ	চুক্তি	85	chukti	TOP1	চুক্তি
চ	চুক্তিতে	78	chuktite	TOP1	চুক্তিতে
চ	চুক্তির	80	chuktir	TOP1	চুক্তির
চ	চুয়াডাঙ্গা	76	chuyadangoa	TOP1	চুয়াডাঙ্গা
চ	চূর্ণ	74	chuurn	TOP1	চূর্ণ
চ	চূড়ান্ত	81	chuurant	TOP1	চূড়ান্ত
চ	চেন্নাই	77	chennai	TOP1	চেন্নাই
চ	চেম্বার	76	chembar	TOP1	চেম্বার
চ	চেষ্টা	89	cheshta	TOP1	চেষ্টা
চ	চেষ্টার	74	cheshtar	TOP1	চেষ্টার
চ	চেষ্টায়	74	cheshtay	TOP1	চেষ্টায়
চ	চেয়ারম্যান	83	cheyaromyan	TOP1	চেয়ারম্যান
চ	চৈতন্য	74	choitony	TOP1	চৈতন্য
চ	চৈত্র	75	choitr	TOP1	চৈত্র
চ	চৌদ্দ	74	choudd	TOP1	চৌদ্দ
চ	চৌম্বক	76	choumbok	TOP1	চৌম্বক
চ	চ্যানেল	80	chyanel	TOP1	চ্যানেল
চ	চ্যান্সেলর	75	chyanselor	TOP1	চ্যান্সেলর
চ	চ্যাপলিন	77	chyapolin	TOP1	চ্যাপলিন
চ	চ্যাম্পিয়ন	79	chyampiyon	TOP1	চ্যাম্পিয়ন
চ	চ্যাম্পিয়নশিপ	77	chyampiyonoship	TOP1	চ্যাম্পিয়নশিপ
চ	চ্যাম্পিয়নস	77	chyampiyonos	TOP1	চ্যাম্পিয়নস
চ	চ্যালেঞ্জ	79	chyalenj	TOP1	চ্যালেঞ্জ
ছ	ছক্কা	69	chhokka	TOP1	ছক্কা
ছ	ছক্কায়	63	chhokkay	TOP1	ছক্কায়
ছ	ছট্	66	chhot	MISS	ছোট
ছ	ছত্তিশগড়	69	chhottishogor	TOP1	ছত্তিশগড়
ছ	ছত্তিশগড়ের	65	chhottishogorer	TOP1	ছত্তিশগড়ের
ছ	ছত্র	69	chhotr	TOP1	ছত্র
ছ	ছত্রখান	67	chhotrokhan	TOP1	ছত্রখান
ছ	ছত্রছায়ায়	65	chhotrochhayay	TOP1	ছত্রছায়ায়
ছ	ছত্রপতি	69	chhotropoti	TOP1	ছত্রপতি
ছ	ছত্রভঙ্গ	68	chhotrobhongo	TOP1	ছত্রভঙ্গ
ছ	ছত্রাক	74	chhotrak	TOP1	ছত্রাক
ছ	ছত্রাকের	69	chhotraker	TOP1	ছত্রাকের
ছ	ছত্রিশ	64	chhotrish	TOP1	ছত্রিশ
ছ	ছত্রে	66	chhotre	TOP1	ছত্রে
ছ	ছত্রের	64	chhotrer	TOP1	ছত্রের
ছ	ছদ্ম	70	chhodm	TOP1	ছদ্ম
ছ	ছদ্মনাম	73	chhodmonam	TOP1	ছদ্মনাম
ছ	ছদ্মনামধারী	67	chhodmonamodharii	TOP1	ছদ্মনামধারী
ছ	ছদ্মনামে	71	chhodmoname	TOP1	ছদ্মনামে
ছ	ছদ্মবেশ	73	chhodmobesh	TOP1	ছদ্মবেশ
ছ	ছদ্মবেশী	69	chhodmobeshii	TOP1	ছদ্মবেশী
ছ	ছদ্মবেশে	72	chhodmobeshe	TOP1	ছদ্মবেশে
ছ	ছন্দ	76	chhond	TOP1	ছন্দ
ছ	ছন্দটা	64	chhondota	TOP1	ছন্দটা
ছ	ছন্দবদ্ধ	64	chhondoboddh	TOP6	ছন্দোবদ্ধ
ছ	ছন্দময়	67	chhondomoy	TOP1	ছন্দময়
ছ	ছন্দে	74	chhonde	TOP1	ছন্দে
ছ	ছন্দের	73	chhonder	TOP1	ছন্দের
ছ	ছন্দোবদ্ধ	65	chhondoboddh	TOP1	ছন্দোবদ্ধ
ছ	ছন্ন	65	chhonn	TOP1	ছন্ন
ছ	ছন্নছাড়া	64	chhonnochhara	TOP1	ছন্নছাড়া
ছ	ছাত্র	83	chhatr	TOP1	ছাত্র
ছ	ছাত্রকল্যাণ	66	chhatrokolyan	TOP1	ছাত্রকল্যাণ
ছ	ছাত্রকে	69	chhatroke	TOP1	ছাত্রকে
ছ	ছাত্রছাত্রী	70	chhatrochhatrii	TOP1	ছাত্রছাত্রী
ছ	ছাত্রছাত্রীদের	71	chhatrochhatriider	TOP1	ছাত্রছাত্রীদের
ছ	ছাত্রছাত্রীরা	65	chhatrochhatriira	TOP1	ছাত্রছাত্রীরা
ছ	ছাত্রজীবন	67	chhatrojiibon	TOP1	ছাত্রজীবন
ছ	ছাত্রজীবনে	64	chhatrojiibone	TOP1	ছাত্রজীবনে
ছ	ছাত্রদল	72	chhatrodol	TOP1	ছাত্রদল
ছ	ছাত্রদলের	73	chhatrodoler	TOP1	ছাত্রদলের
ছ	ছাত্রদের	77	chhatroder	TOP1	ছাত্রদের
ছ	ছাত্রদেরকে	66	chhatroderoke	TOP1	ছাত্রদেরকে
ছ	ছাত্রনেতা	70	chhatroneta	TOP1	ছাত্রনেতা
ছ	ছাত্ররা	74	chhatrora	TOP1	ছাত্ররা
ছ	ছাত্ররাজনীতি	64	chhatrorajoniiti	TOP1	ছাত্ররাজনীতি
ছ	ছাত্রলীগ	74	chhatroliig	TOP1	ছাত্রলীগ
ছ	ছাত্রলীগের	73	chhatroliiger	TOP1	ছাত্রলীগের
ছ	ছাত্রশিবির	70	chhatroshibir	TOP1	ছাত্রশিবির
ছ	ছাত্রশিবিরের	71	chhatroshibirer	TOP1	ছাত্রশিবিরের
ছ	ছাত্রসংখ্যা	66	chhatrosongkhya	TOP1	ছাত্রসংখ্যা
ছ	ছাত্রসংগঠন	66	chhatrosonggothon	TOP1	ছাত্রসংগঠন
ছ	ছাত্রাবস্থায়	66	chhatrabosthay	TOP1	ছাত্রাবস্থায়
ছ	ছাত্রাবাস	73	chhatrabas	TOP1	ছাত্রাবাস
ছ	ছাত্রাবাসে	64	chhatrabase	TOP1	ছাত্রাবাসে
ছ	ছাত্রাবাসের	64	chhatrabaser	TOP1	ছাত্রাবাসের
ছ	ছাত্রী	76	chhatrii	TOP1	ছাত্রী
ছ	ছাত্রীকে	68	chhatriike	TOP1	ছাত্রীকে
ছ	ছাত্রীদের	73	chhatriider	TOP1	ছাত্রীদের
ছ	ছাত্রীনিবাস	65	chhatriinibas	TOP1	ছাত্রীনিবাস
ছ	ছাত্রীর	68	chhatriir	TOP1	ছাত্রীর
ছ	ছাত্রীরা	67	chhatriira	TOP1	ছাত্রীরা
ছ	ছাত্রের	72	chhatrer	TOP1	ছাত্রের
ছ	ছাপচিত্র	66	chhapochitr	TOP1	ছাপচিত্র
ছ	ছাপ্পা	69	chhappa	TOP1	ছাপ্পা
ছ	ছাব্বিশ	65	chhabbish	TOP1	ছাব্বিশ
ছ	ছাড়পত্র	72	chharopotr	TOP1	ছাড়পত্র
ছ	ছায়াবৃক্ষ	64	chhayabrrikkh	TOP1	ছায়াবৃক্ষ
ছ	ছায়ামূর্তি	64	chhayamuurti	TOP1	ছায়ামূর্তি
ছ	ছিদ্দিক	68	chhiddik	TOP1	ছিদ্দিক
ছ	ছিদ্র	76	chhidr	TOP1	ছিদ্র
ছ	ছিদ্রটা	64	chhidrota	TOP1	ছিদ্রটা
ছ	ছিদ্রযুক্ত	67	chhidrozukt	TOP1	ছিদ্রযুক্ত
ছ	ছিদ্রে	65	chhidre	TOP1	ছিদ্রে
ছ	ছিদ্রের	67	chhidrer	TOP1	ছিদ্রের
ছ	ছিন্ন	76	chhinn	TOP1	ছিন্ন
ছ	ছিন্নভিন্ন	71	chhinnobhinn	TOP1	ছিন্নভিন্ন
ছ	ছিয়াত্তরের	67	chhiyattorer	TOP1	ছিয়াত্তরের
ছ	ছেদবিন্দু	64	chhedobindu	TOP1	ছেদবিন্দু
ছ	ছেষট্টি	64	chheshotti	TOP1	ছেষট্টি
ছ	ছোট্ট	64	chhott	MISS	ছোট্ট
ছ	ছোটগল্প	76	chhotogolp	TOP1	ছোটগল্প
ছ	ছোটগল্পকার	76	chhotogolpokar	TOP1	ছোটগল্পকার
ছ	ছোটগল্পে	65	chhotogolpe	TOP1	ছোটগল্পে
ছ	ছোটগল্পের	68	chhotogolper	TOP1	ছোটগল্পের
ছ	ছোট্ট	82	chhott	TOP1	ছোট্ট
ছ	ছোট্টো	70	chhotto	TOP6	ছোট
ছ	ছড়াচ্ছে	70	chhorachche	TOP1	ছড়াচ্ছে
ছ	ছড়াচ্ছেন	64	chhorachchen	TOP1	ছড়াচ্ছেন
জ	জগন্নাথ	77	jogonnath	TOP1	জগন্নাথ
জ	জগন্নাথপুর	74	jogonnathopur	TOP1	জগন্নাথপুর
জ	জঘন্য	78	joghony	TOP1	জঘন্য
জ	জঙ্গল	78	jongool	TOP1	জঙ্গল
জ	জঙ্গলে	78	jongoole	TOP1	জঙ্গলে
জ	জঙ্গলের	76	jongooler	TOP1	জঙ্গলের
জ	জঙ্গি	74	jongoi	TOP1	জঙ্গি
জ	জনগোষ্ঠী	78	jonogoshthii	TOP1	জনগোষ্ঠী
জ	জনগোষ্ঠীর	78	jonogoshthiir	TOP1	জনগোষ্ঠীর
জ	জনপ্রিয়	85	jonopriy	TOP1	জনপ্রিয়
জ	জনপ্রিয়তা	79	jonopriyota	TOP1	জনপ্রিয়তা
জ	জনশ্রুতি	74	jonoshruti	TOP1	জনশ্রুতি
জ	জনসংখ্যা	87	jonosongkhya	TOP1	জনসংখ্যা
জ	জনসংখ্যার	86	jonosongkhyar	TOP1	জনসংখ্যার
জ	জন্তু	75	jontu	TOP1	জন্তু
জ	জন্ম	89	jonm	TOP1	জন্ম
জ	জন্মগ্রহণ	82	jonmogrohon	TOP1	জন্মগ্রহণ
জ	জন্মগ্রহণকারী	74	jonmogrohonokarii	TOP1	জন্মগ্রহণকারী
জ	জন্মদিন	79	jonmodin	TOP1	জন্মদিন
জ	জন্মদিনে	74	jonmodine	TOP1	জন্মদিনে
জ	জন্মদিনের	74	jonmodiner	TOP1	জন্মদিনের
জ	জন্মস্থান	76	jonmosthan	TOP1	জন্মস্থান
জ	জন্মায়	75	jonmay	TOP1	জন্মায়
জ	জন্মে	78	jonme	TOP1	জন্মে
জ	জন্মের	79	jonmer	TOP1	জন্মের
জ	জন্য	96	jony	TOP1	জন্য
জ	জন্যই	83	jonyoi	TOP1	জন্যই
জ	জন্যও	79	jonyoo	TOP1	জন্যও
জ	জন্যে	84	jonye	TOP1	জন্যে
জ	জন্যেই	75	jonyei	TOP1	জন্যেই
জ	জন্যেও	74	jonyeo	TOP1	জন্যেও
জ	জব্দ	75	jobd	TOP1	জব্দ
জ	জব্বার	74	jobbar	TOP1	জব্বার
জ	জম্মু	74	jommu	TOP1	জম্মু
জ	জর্জ	83	jorj	TOP1	জর্জ
জ	জর্জিয়া	76	jorjiya	TOP1	জর্জিয়া
জ	জর্ডান	76	jordan	TOP1	জর্ডান
জ	জর্ডানের	75	jordaner	TOP1	জর্ডানের
জ	জলদস্যু	75	jolodosyu	TOP1	জলদস্যু
জ	জলপ্রপাত	75	jolopropat	TOP1	জলপ্রপাত
জ	জাগ্রত	74	jagrot	TOP1	জাগ্রত
জ	জাতিগোষ্ঠী	77	jatigoshthii	TOP1	জাতিগোষ্ঠী
জ	জানাচ্ছি	77	janachchi	TOP1	জানাচ্ছি
জ	জার্নাল	75	jarnal	TOP1	জার্নাল
জ	জার্মান	85	jarman	TOP1	জার্মান
জ	জার্মানি	82	jarmani	TOP1	জার্মানি
জ	জার্মানিতে	76	jarmanite	TOP1	জার্মানিতে
জ	জার্মানির	80	jarmanir	TOP1	জার্মানির
জ	জার্সি	78	jarsi	TOP1	জার্সি
জ	জাহাঙ্গীর	77	jahangoiir	TOP1	জাহাঙ্গীর
জ	জাহাঙ্গীরনগর	75	jahangoiironogor	TOP1	জাহাঙ্গীরনগর
জ	জাহান্নাম	74	jahannam	TOP1	জাহান্নাম
জ	জাহান্নামে	75	jahanname	TOP1	জাহান্নামে
জ	জিগ্যেস	76	jigyes	TOP6	জিজ্ঞেস
জ	জিজ্ঞাসা	83	jigyasa	TOP1	জিজ্ঞাসা
জ	জিজ্ঞাসাবাদ	75	jigyasabad	TOP1	জিজ্ঞাসাবাদ
জ	জিজ্ঞেস	83	jigyes	TOP1	জিজ্ঞেস
জ	জিনিসপত্র	77	jinisopotr	TOP1	জিনিসপত্র
জ	জিন্নাহ	75	jinnah	TOP1	জিন্নাহ
জ	জিম্বাবুয়ে	74	jimbabuye	TOP1	জিম্বাবুয়ে
জ	জিম্মি	74	jimmi	TOP1	জিম্মি
জ	জীবদ্দশায়	74	jiiboddoshay	TOP1	জীবদ্দশায়
জ	জীবনযাত্রার	75	jiibonozatrar	TOP1	জীবনযাত্রার
জ	জীবনানন্দ	75	jiibonanond	TOP1	জীবনানন্দ
জ	জীবন্ত	78	jiibont	TOP1	জীবন্ত
জ	জীববিজ্ঞান	78	jiibobigyan	TOP1	জীববিজ্ঞান
জ	জীববিজ্ঞানী	74	jiibobigyanii	TOP1	জীববিজ্ঞানী
জ	জীববিদ্যা	74	jiibobidya	TOP1	জীববিদ্যা
জ	জীবাশ্ম	74	jiibashm	TOP1	জীবাশ্ম
জ	জোন্স	75	jons	TOP1	জোন্স
জ	জ্ঞাত	75	gyat	TOP1	জ্ঞাত
জ	জ্ঞান	83	gyan	TOP1	জ্ঞান
জ	জ্ঞানী	75	gyanii	TOP1	জ্ঞানী
জ	জ্ঞানের	78	gyaner	TOP1	জ্ঞানের
জ	জ্বর	77	jbor	TOP1	জ্বর
জ	জ্বলন্ত	74	jbolont	TOP1	জ্বলন্ত
জ	জ্বলে	76	jbole	TOP1	জ্বলে
জ	জ্বালা	74	jbala	TOP1	জ্বালা
জ	জ্বালানি	79	jbalani	TOP1	জ্বালানি
জ	জ্বালিয়ে	76	jbaliye	TOP1	জ্বালিয়ে
জ	জ্বি	80	jbi	TOP1	জ্বি
জ	জ্বীন	75	jbiin	TOP1	জ্বীন
জ	জ্যাক	84	jyak	TOP1	জ্যাক
জ	জ্যাজ	76	jyaj	TOP1	জ্যাজ
জ	জ্যামিতি	75	jyamiti	TOP1	জ্যামিতি
জ	জ্যামিতিক	75	jyamitik	TOP1	জ্যামিতিক
জ	জ্যেষ্ঠ	78	jyeshth	TOP1	জ্যেষ্ঠ
জ	জ্যোতি	75	jyoti	TOP1	জ্যোতি
জ	জ্যোতির্বিজ্ঞান	77	jyotirbigyan	TOP1	জ্যোতির্বিজ্ঞান
জ	জ্যোতির্বিজ্ঞানী	75	jyotirbigyanii	TOP1	জ্যোতির্বিজ্ঞানী
ঝ	কুজ্ঝটিকা	60	kujjhotika	TOP1	কুজ্ঝটিকা
ঝ	কোষঝিল্লি	66	koshojhilli	TOP1	কোষঝিল্লি
ঝ	ঘূর্ণিঝড়	76	ghuurnijhor	TOP1	ঘূর্ণিঝড়
ঝ	ঘূর্ণিঝড়কে	63	ghuurnijhoroke	TOP1	ঘূর্ণিঝড়কে
ঝ	ঘূর্ণিঝড়টি	42	ghuurnijhoroti	TOP1	ঘূর্ণিঝড়টি
ঝ	ঘূর্ণিঝড়ে	70	ghuurnijhore	TOP1	ঘূর্ণিঝড়ে
ঝ	ঘূর্ণিঝড়ের	71	ghuurnijhorer	TOP1	ঘূর্ণিঝড়ের
ঝ	ঝক্কি	63	jhokki	TOP1	ঝক্কি
ঝ	ঝক্কড়	29	jhokkor	TOP1	ঝক্কড়
ঝ	ঝঙ্কার	68	jhongkar	TOP1	ঝঙ্কার
ঝ	ঝঙ্কারে	64	jhongkare	TOP1	ঝঙ্কারে
ঝ	ঝঞ্ঝা	63	jhonjha	TOP1	ঝঞ্ঝা
ঝ	ঝঞ্ঝাট	60	jhonjhat	TOP1	ঝঞ্ঝাট
ঝ	ঝঞ্ঝাবিক্ষুব্ধ	27	jhonjhabikkhubdh	TOP1	ঝঞ্ঝাবিক্ষুব্ধ
ঝ	ঝঞ্ঝার	61	jhonjhar	TOP1	ঝঞ্ঝার
ঝ	ঝন্	66	jhon	MISS	ঝন
ঝ	ঝন্টু	61	jhontu	TOP1	ঝন্টু
ঝ	ঝন্টুর	25	jhontur	TOP1	ঝন্টুর
ঝ	ঝম্প	60	jhomp	TOP1	ঝম্প
ঝ	ঝরাচ্ছে	28	jhorachche	TOP1	ঝরাচ্ছে
ঝ	ঝর্	66	jhor	MISS	ঝড়
ঝ	ঝর্ণা	73	jhorna	TOP1	ঝর্ণা
ঝ	ঝর্ণাকে	62	jhornake	TOP1	ঝর্ণাকে
ঝ	ঝর্ণাটি	29	jhornati	TOP1	ঝর্ণাটি
ঝ	ঝর্ণাধারা	31	jhornadhara	TOP1	ঝর্ণাধারা
ঝ	ঝর্ণার	66	jhornar	TOP1	ঝর্ণার
ঝ	ঝর্না	66	jhorna	TOP6	ঝর্ণা
ঝ	ঝর্নার	66	jhornar	TOP6	ঝর্ণার
ঝ	ঝর্নায়	21	jhornay	TOP1	ঝর্নায়
ঝ	ঝলসাচ্ছে	61	jholosachche	TOP1	ঝলসাচ্ছে
ঝ	ঝাউডাঙ্গা	64	jhaudangoa	TOP1	ঝাউডাঙ্গা
ঝ	ঝাক্কাস	69	jhakkas	TOP1	ঝাক্কাস
ঝ	ঝাণ্ডা	63	jhanda	TOP1	ঝাণ্ডা
ঝ	ঝান্ডা	61	jhanda	TOP6	ঝাণ্ডা
ঝ	ঝাপ্টা	63	jhapta	TOP6	ঝাপটা
ঝ	ঝামেলাপূর্ণ	60	jhamelapuurn	TOP1	ঝামেলাপূর্ণ
ঝ	ঝামেলামুক্ত	61	jhamelamukt	TOP1	ঝামেলামুক্ত
ঝ	ঝাড়খণ্ড	74	jharokhond	TOP1	ঝাড়খণ্ড
ঝ	ঝাড়খণ্ডে	61	jharokhonde	TOP1	ঝাড়খণ্ডে
ঝ	ঝাড়খণ্ডের	71	jharokhonder	TOP1	ঝাড়খণ্ডের
ঝ	ঝাড়খন্ড	40	jharokhond	TOP6	ঝাড়খণ্ড
ঝ	ঝাড়খন্ডে	28	jharokhonde	TOP6	ঝাড়খণ্ডে
ঝ	ঝাড়খন্ডের	32	jharokhonder	TOP6	ঝাড়খণ্ডের
ঝ	ঝাড়গ্রাম	68	jharogram	TOP1	ঝাড়গ্রাম
ঝ	ঝাড়গ্রামে	25	jharograme	TOP1	ঝাড়গ্রামে
ঝ	ঝাড়গ্রামের	27	jharogramer	TOP1	ঝাড়গ্রামের
ঝ	ঝিঙ্গা	23	jhingoa	TOP1	ঝিঙ্গা
ঝ	ঝিঙ্গাবাড়ি	61	jhingoabari	TOP1	ঝিঙ্গাবাড়ি
ঝ	ঝিঙ্গাবাড়ী	63	jhingoabarii	TOP1	ঝিঙ্গাবাড়ী
ঝ	ঝিন্দের	67	jhinder	TOP1	ঝিন্দের
ঝ	ঝিম্	63	jhim	MISS	ঝিম
ঝ	ঝিল্লি	74	jhilli	TOP1	ঝিল্লি
ঝ	ঝিল্লিতে	66	jhillite	TOP1	ঝিল্লিতে
ঝ	ঝিল্লির	71	jhillir	TOP1	ঝিল্লির
ঝ	ঝিল্লিরবে	60	jhillirobe	TOP1	ঝিল্লিরবে
ঝ	ঝিল্লী	66	jhillii	TOP1	ঝিল্লী
ঝ	ঝুকিপূর্ণ	64	jhukipuurn	TOP6	ঝুঁকিপূর্ণ
ঝ	ঝুম্	61	jhum	MISS	ঝুম
ঝ	ঝুম্পা	60	jhumpa	TOP1	ঝুম্পা
ঝ	ঝুলন্ত	73	jhulont	TOP1	ঝুলন্ত
ঝ	ঝ্যাং	37	jhyang	TOP1	ঝ্যাং
ঝ	ঝড়ঝঞ্ঝা	21	jhorojhonjha	TOP1	ঝড়ঝঞ্ঝা
ঝ	ঝড়বৃষ্টি	64	jhorobrrishti	TOP1	ঝড়বৃষ্টি
ঝ	ঝড়বৃষ্টির	60	jhorobrrishtir	TOP1	ঝড়বৃষ্টির
ঝ	নিঝুমদ্বীপ	62	nijhumodbiip	TOP1	নিঝুমদ্বীপ
ঝ	নির্ঝঞ্ঝাট	60	nirjhonjhat	TOP1	নির্ঝঞ্ঝাট
ঝ	নির্ঝর	70	nirjhor	TOP1	নির্ঝর
ঝ	নির্ঝরিণী	64	nirjhorinii	TOP1	নির্ঝরিণী
ঝ	নির্ঝরের	61	nirjhorer	TOP1	নির্ঝরের
ঝ	বজ্রঝড়	68	bojrojhor	TOP1	বজ্রঝড়
ঝ	বজ্রঝড়ের	64	bojrojhorer	TOP1	বজ্রঝড়ের
ঝ	বোঝাচ্ছ	65	bojhachch	TOP1	বোঝাচ্ছ
ঝ	বোঝাচ্ছি	69	bojhachchi	TOP1	বোঝাচ্ছি
ঝ	বোঝাচ্ছিলাম	64	bojhachchilam	TOP1	বোঝাচ্ছিলাম
ঝ	বোঝাচ্ছে	67	bojhachche	TOP1	বোঝাচ্ছে
ঝ	বোঝাচ্ছেন	66	bojhachchen	TOP1	বোঝাচ্ছেন
ঝ	মাঝগ্রাম	63	majhogram	TOP1	মাঝগ্রাম
ঝ	মাঝেমধ্যে	76	majhemodhye	TOP1	মাঝেমধ্যে
ঝ	মাঝেমধ্যেই	66	majhemodhyei	TOP1	মাঝেমধ্যেই
ঝ	রক্তঝরা	62	roktojhora	TOP1	রক্তঝরা
ঞ	অঞ্চল	87	oncol	TOP1	অঞ্চল
ঞ	অঞ্চলটি	79	oncoloti	TOP1	অঞ্চলটি
ঞ	অঞ্চলে	85	oncole	TOP1	অঞ্চলে
ঞ	অঞ্চলের	85	oncoler	TOP1	অঞ্চলের
ঞ	অভিজ্ঞতা	81	obhigyota	TOP1	অভিজ্ঞতা
ঞ	আঞ্চলিক	82	ancolik	TOP1	আঞ্চলিক
ঞ	ইঞ্চি	79	inci	TOP1	ইঞ্চি
ঞ	ইঞ্জিন	80	injin	TOP1	ইঞ্জিন
ঞ	ইঞ্জিনিয়ারিং	80	injiniyaring	TOP1	ইঞ্জিনিয়ারিং
ঞ	কিশোরগঞ্জ	78	kishorogonj	TOP1	কিশোরগঞ্জ
ঞ	গোপালগঞ্জ	78	gopalogonj	TOP1	গোপালগঞ্জ
ঞ	চ্যালেঞ্জ	79	chyalenj	TOP1	চ্যালেঞ্জ
ঞ	জিজ্ঞাসা	83	jigyasa	TOP1	জিজ্ঞাসা
ঞ	জিজ্ঞেস	83	jigyes	TOP1	জিজ্ঞেস
ঞ	জীববিজ্ঞান	78	jiibobigyan	TOP1	জীববিজ্ঞান
ঞ	জ্ঞান	83	gyan	TOP1	জ্ঞান
ঞ	জ্ঞানের	78	gyaner	TOP1	জ্ঞানের
ঞ	দ্বীপপুঞ্জ	80	dbiipopunj	TOP1	দ্বীপপুঞ্জ
ঞ	নারায়ণগঞ্জ	78	narayonogonj	TOP1	নারায়ণগঞ্জ
ঞ	নিষেধাজ্ঞা	78	nishedhagya	TOP1	নিষেধাজ্ঞা
ঞ	পঞ্চগড়	78	poncogor	TOP1	পঞ্চগড়
ঞ	পঞ্চম	81	poncom	TOP1	পঞ্চম
ঞ	পঞ্জিকার	78	ponjikar	TOP1	পঞ্জিকার
ঞ	পদার্থবিজ্ঞান	80	podarthobigyan	TOP1	পদার্থবিজ্ঞান
ঞ	পদার্থবিজ্ঞানী	79	podarthobigyanii	TOP1	পদার্থবিজ্ঞানী
ঞ	পাঞ্জাব	78	panjab	TOP1	পাঞ্জাব
ঞ	প্রতিজ্ঞা	79	protigya	TOP1	প্রতিজ্ঞা
ঞ	ফ্রেঞ্চ	79	frenc	TOP1	ফ্রেঞ্চ
ঞ	বর্ষপঞ্জি	81	borshoponji	TOP1	বর্ষপঞ্জি
ঞ	বিজ্ঞান	85	bigyan	TOP1	বিজ্ঞান
ঞ	বিজ্ঞানী	82	bigyanii	TOP1	বিজ্ঞানী
ঞ	বিজ্ঞানের	80	bigyaner	TOP1	বিজ্ঞানের
ঞ	বিশেষজ্ঞ	79	bisheshogy	TOP1	বিশেষজ্ঞ
ঞ	বৈজ্ঞানিক	82	boigyanik	TOP1	বৈজ্ঞানিক
ঞ	ব্যঞ্জনধ্বনি	78	byonjonodhboni	TOP1	ব্যঞ্জনধ্বনি
ঞ	ভাষাবিজ্ঞান	78	bhashabigyan	TOP1	ভাষাবিজ্ঞান
ঞ	সংজ্ঞা	79	songgya	TOP1	সংজ্ঞা
ঞ	সংজ্ঞায়িত	79	songgyayit	TOP1	সংজ্ঞায়িত
ঞ	সিরাজগঞ্জ	79	sirajogonj	TOP1	সিরাজগঞ্জ
ঞ	সুনামগঞ্জ	79	sunamogonj	TOP1	সুনামগঞ্জ
ট	টঙ্গী	70	tongoii	TOP1	টঙ্গী
ট	টরন্টো	73	toronto	TOP1	টরন্টো
ট	টর্নেডো	74	tornedo	TOP1	টর্নেডো
ট	টর্নেডোর	70	tornedor	TOP1	টর্নেডোর
ট	টাইব্রেকারে	73	taibrekare	TOP1	টাইব্রেকারে
ট	টাঙ্গাইল	79	tangoail	TOP1	টাঙ্গাইল
ট	টাঙ্গাইলের	73	tangoailer	TOP1	টাঙ্গাইলের
ট	টার্গেট	78	target	TOP1	টার্গেট
ট	টার্গেটে	70	targete	TOP1	টার্গেটে
ট	টার্গেটের	70	targeter	TOP1	টার্গেটের
ট	টার্নার	74	tarnar	TOP1	টার্নার
ট	টার্মিনাল	76	tarminal	TOP1	টার্মিনাল
ট	টার্মিনালে	72	tarminale	TOP1	টার্মিনালে
ট	টার্মিনালের	70	tarminaler	TOP1	টার্মিনালের
ট	টাস্ক	75	task	TOP1	টাস্ক
ট	টিস্যু	75	tisyu	TOP1	টিস্যু
ট	টুঙ্গিপাড়া	72	tungoipara	TOP1	টুঙ্গিপাড়া
ট	টুর্নামেন্ট	76	turnament	TOP1	টুর্নামেন্ট
ট	টুর্নামেন্টে	74	turnamente	TOP1	টুর্নামেন্টে
ট	টুর্নামেন্টের	73	turnamenter	TOP1	টুর্নামেন্টের
ট	টুয়েন্টি	72	tuyenti	TOP1	টুয়েন্টি
ট	টেকনিক্যাল	76	tekonikyal	TOP1	টেকনিক্যাল
ট	টেক্কা	70	tekka	TOP1	টেক্কা
ট	টেক্সট	73	teksot	TOP1	টেক্সট
ট	টেক্সটাইল	75	teksotail	TOP1	টেক্সটাইল
ট	টেক্সাস	75	teksas	TOP1	টেক্সাস
ট	টেক্সাসের	74	teksaser	TOP1	টেক্সাসের
ট	টেমপ্লেট	78	temoplet	TOP1	টেমপ্লেট
ট	টেম্পল	72	tempol	TOP1	টেম্পল
ট	টেলিগ্রাফ	74	teligraph	TOP1	টেলিগ্রাফ
ট	টেলিগ্রাম	70	teligram	TOP1	টেলিগ্রাম
ট	টেলিস্কোপ	73	teliskop	TOP1	টেলিস্কোপ
ট	টেস্ট	81	test	TOP1	টেস্ট
ট	টেস্টিং	71	testing	TOP1	টেস্টিং
ট	টেস্টে	72	teste	TOP1	টেস্টে
ট	টেস্টের	70	tester	TOP6	টেস্টার
ট	টোঙ্গা	73	tongoa	TOP1	টোঙ্গা
ট	টোঙ্গার	70	tongoar	TOP1	টোঙ্গার
ট	ট্যাংক	76	tyangk	TOP1	ট্যাংক
ট	ট্যাক্স	75	tyaks	TOP1	ট্যাক্স
ট	ট্যাক্সি	77	tyaksi	TOP1	ট্যাক্সি
ট	ট্যাগ	73	tyag	TOP6	ত্যাগ
ট	ট্যাঙ্ক	73	tyangk	TOP6	ট্যাংক
ট	ট্যাটু	72	tyatu	TOP1	ট্যাটু
ট	ট্যাপ	72	tyap	TOP1	ট্যাপ
ট	ট্যাবলেট	72	tyabolet	TOP1	ট্যাবলেট
ট	ট্যুর	74	tyur	TOP1	ট্যুর
ট	ট্রফি	75	trophi	TOP1	ট্রফি
ট	ট্রাই	72	trai	TOP1	ট্রাই
ট	ট্রাইব্যুনাল	75	traibyunal	TOP1	ট্রাইব্যুনাল
ট	ট্রাইব্যুনালে	71	traibyunale	TOP1	ট্রাইব্যুনালে
ট	ট্রাইব্যুনালের	71	traibyunaler	TOP1	ট্রাইব্যুনালের
ট	ট্রাক	77	trak	TOP1	ট্রাক
ট	ট্রাকে	73	trake	TOP1	ট্রাকে
ট	ট্রাকের	74	traker	TOP1	ট্রাকের
ট	ট্রাঙ্ক	71	trangk	TOP1	ট্রাঙ্ক
ট	ট্রানজিট	74	tranojit	TOP1	ট্রানজিট
ট	ট্রানজিস্টর	71	tranojistor	TOP1	ট্রানজিস্টর
ট	ট্রান্সপোর্ট	72	transoport	TOP1	ট্রান্সপোর্ট
ট	ট্রান্সফার	74	transophar	TOP1	ট্রান্সফার
ট	ট্রান্সমিটার	72	transomitar	TOP1	ট্রান্সমিটার
ট	ট্রান্সমিশন	73	transomishon	TOP1	ট্রান্সমিশন
ট	ট্রাফিক	76	traphik	TOP1	ট্রাফিক
ট	ট্রাভেল	73	trabhel	TOP1	ট্রাভেল
ট	ট্রাম	73	tram	TOP1	ট্রাম
ট	ট্রাম্প	81	tramp	TOP1	ট্রাম্প
ট	ট্রাম্পের	78	tramper	TOP1	ট্রাম্পের
ট	ট্রাস্ট	76	trast	TOP1	ট্রাস্ট
ট	ট্রাস্টি	71	trasti	TOP1	ট্রাস্টি
ট	ট্রাস্টের	72	traster	TOP1	ট্রাস্টের
ট	ট্রায়াল	71	trayal	TOP1	ট্রায়াল
ট	ট্রি	71	tri	TOP6	ত্রি
ট	ট্রিগার	72	trigar	TOP1	ট্রিগার
ট	ট্রিনিটি	76	triniti	TOP1	ট্রিনিটি
ট	ট্রিপ	72	trip	TOP1	ট্রিপ
ট	ট্রিপল	71	tripol	TOP1	ট্রিপল
ট	ট্রিলিয়ন	75	triliyon	TOP1	ট্রিলিয়ন
ট	ট্রেক	73	trek	TOP1	ট্রেক
ট	ট্রেড	75	tred	TOP1	ট্রেড
ট	ট্রেন	81	tren	TOP1	ট্রেন
ট	ট্রেনিং	78	trening	TOP1	ট্রেনিং
ট	ট্রেনে	78	trene	TOP1	ট্রেনে
ট	ট্রেনের	77	trener	TOP1	ট্রেনের
ট	ট্রেভর	72	trebhor	TOP1	ট্রেভর
ট	ট্রেস	72	tres	TOP1	ট্রেস
ট	ট্রোজান	71	trojan	TOP1	ট্রোজান
ট	ট্র্যাক	76	tryak	TOP1	ট্র্যাক
ট	ট্র্যাকিং	72	tryaking	TOP1	ট্র্যাকিং
ট	ট্র্যাফিক	72	tryaphik	TOP1	ট্র্যাফিক
ট	ট্রয়	72	troy	TOP1	ট্রয়
ঠ	অধিষ্ঠিত	75	odhishthit	TOP1	অধিষ্ঠিত
ঠ	অনানুষ্ঠানিক	74	onanushthanik	TOP1	অনানুষ্ঠানিক
ঠ	অনুষ্ঠান	82	onushthan	TOP1	অনুষ্ঠান
ঠ	অনুষ্ঠানে	82	onushthane	TOP1	অনুষ্ঠানে
ঠ	অনুষ্ঠানের	79	onushthaner	TOP1	অনুষ্ঠানের
ঠ	অনুষ্ঠিত	84	onushthit	TOP1	অনুষ্ঠিত
ঠ	আনুষ্ঠানিক	80	anushthanik	TOP1	আনুষ্ঠানিক
ঠ	আনুষ্ঠানিকভাবে	80	anushthanikobhabe	TOP1	আনুষ্ঠানিকভাবে
ঠ	কণ্ঠ	79	konth	TOP1	কণ্ঠ
ঠ	কণ্ঠশিল্পী	76	konthoshilpii	TOP1	কণ্ঠশিল্পী
ঠ	কণ্ঠস্বর	74	konthoswor	TOP1	কণ্ঠস্বর
ঠ	কণ্ঠে	76	konthe	TOP1	কণ্ঠে
ঠ	কনিষ্ঠ	74	konishth	TOP1	কনিষ্ঠ
ঠ	গোষ্ঠী	80	goshthii	TOP1	গোষ্ঠী
ঠ	গোষ্ঠীর	78	goshthiir	TOP1	গোষ্ঠীর
ঠ	ঘনিষ্ঠ	79	ghonishth	TOP1	ঘনিষ্ঠ
ঠ	জনগোষ্ঠী	78	jonogoshthii	TOP1	জনগোষ্ঠী
ঠ	জনগোষ্ঠীর	78	jonogoshthiir	TOP1	জনগোষ্ঠীর
ঠ	জাতিগোষ্ঠী	77	jatigoshthii	TOP1	জাতিগোষ্ঠী
ঠ	জ্যেষ্ঠ	78	jyeshth	TOP1	জ্যেষ্ঠ
ঠ	ঠকাচ্ছে	63	thokachche	TOP1	ঠকাচ্ছে
ঠ	ঠক্	69	thok	MISS	ঠক
ঠ	ঠন্	65	thon	MISS	ঠন
ঠ	ঠাকুর্দা	27	thakurda	TOP1	ঠাকুর্দা
ঠ	ঠাকুর্দার	25	thakurdar	TOP1	ঠাকুর্দার
ঠ	ঠাট্টা	73	thatta	TOP1	ঠাট্টা
ঠ	ঠাট্টাচ্ছলে	26	thattachchole	TOP1	ঠাট্টাচ্ছলে
ঠ	ঠাট্টার	65	thattar	TOP1	ঠাট্টার
ঠ	ঠাণ্ডা	79	thanda	TOP6	ঠান্ডা
ঠ	ঠাণ্ডায়	70	thanday	TOP1	ঠাণ্ডায়
ঠ	ঠান্ডা	80	thanda	TOP1	ঠান্ডা
ঠ	ঠান্ডাই	61	thandai	TOP1	ঠান্ডাই
ঠ	ঠান্ডাও	23	thandao	TOP1	ঠান্ডাও
ঠ	ঠান্ডাজনিত	28	thandajonit	TOP1	ঠান্ডাজনিত
ঠ	ঠান্ডার	68	thandar	TOP1	ঠান্ডার
ঠ	ঠান্ডায়	70	thanday	TOP6	ঠাণ্ডায়
ঠ	ঠান্ডু	63	thandu	TOP1	ঠান্ডু
ঠ	ঠাম্মা	25	thamma	TOP1	ঠাম্মা
ঠ	ঠাস্	60	thas	MISS	ঠাস
ঠ	ঠেঙ্গামারা	60	thengoamara	TOP1	ঠেঙ্গামারা
ঠ	ঠোঙ্গা	64	thongoa	TOP1	ঠোঙ্গা
ঠ	ঠ্যাং	69	thyang	TOP1	ঠ্যাং
ঠ	ঠ্যাংয়ের	63	thyangyer	TOP1	ঠ্যাংয়ের
ঠ	ঠ্যাঙা	64	thyanga	TOP1	ঠ্যাঙা
ঠ	ঠ্যালা	64	thyala	TOP1	ঠ্যালা
ঠ	নিষ্ঠুর	76	nishthur	TOP1	নিষ্ঠুর
ঠ	পুনর্গঠন	76	punorgothon	TOP1	পুনর্গঠন
ঠ	পৃষ্ঠ	75	prrishth	TOP1	পৃষ্ঠ
ঠ	পৃষ্ঠা	81	prrishtha	TOP1	পৃষ্ঠা
ঠ	পৃষ্ঠের	75	prrishther	TOP1	পৃষ্ঠের
ঠ	প্রতিষ্ঠা	84	protishtha	TOP1	প্রতিষ্ঠা
ঠ	প্রতিষ্ঠাতা	82	protishthata	TOP1	প্রতিষ্ঠাতা
ঠ	প্রতিষ্ঠান	84	protishthan	TOP1	প্রতিষ্ঠান
ঠ	প্রতিষ্ঠানটি	75	protishthanoti	TOP1	প্রতিষ্ঠানটি
ঠ	প্রতিষ্ঠানে	77	protishthane	TOP1	প্রতিষ্ঠানে
ঠ	প্রতিষ্ঠানের	81	protishthaner	TOP1	প্রতিষ্ঠানের
ঠ	প্রতিষ্ঠার	84	protishthar	TOP1	প্রতিষ্ঠার
ঠ	প্রতিষ্ঠিত	86	protishthit	TOP1	প্রতিষ্ঠিত
ঠ	প্রাতিষ্ঠানিক	78	pratishthanik	TOP1	প্রাতিষ্ঠানিক
ঠ	শিক্ষাপ্রতিষ্ঠান	78	shikkhaprotishthan	TOP1	শিক্ষাপ্রতিষ্ঠান
ঠ	শ্রেষ্ঠ	84	shreshth	TOP1	শ্রেষ্ঠ
ঠ	ষষ্ঠ	80	shoshth	TOP1	ষষ্ঠ
ঠ	সংখ্যাগরিষ্ঠ	78	songkhyagorishth	TOP1	সংখ্যাগরিষ্ঠ
ঠ	সংখ্যাগরিষ্ঠতা	75	songkhyagorishthota	TOP1	সংখ্যাগরিষ্ঠতা
ঠ	সর্বশ্রেষ্ঠ	76	sorboshreshth	TOP1	সর্বশ্রেষ্ঠ
ড	ডকুমেন্ট	72	dokument	TOP1	ডকুমেন্ট
ড	ডকুমেন্টারি	71	dokumentari	TOP1	ডকুমেন্টারি
ড	ডক্টর	80	doktor	TOP1	ডক্টর
ড	ডক্টরেট	74	doktoret	TOP1	ডক্টরেট
ড	ডব্লিউ	77	dobliu	TOP1	ডব্লিউ
ড	ডাইরেক্টর	70	dairektor	TOP1	ডাইরেক্টর
ড	ডাক্তার	83	daktar	TOP1	ডাক্তার
ড	ডাক্তারকে	71	daktaroke	TOP1	ডাক্তারকে
ড	ডাক্তারদের	70	daktaroder	TOP1	ডাক্তারদের
ড	ডাক্তাররা	72	daktarora	TOP1	ডাক্তাররা
ড	ডাক্তারি	72	daktari	TOP1	ডাক্তারি
ড	ডাক্তারের	76	daktarer	TOP1	ডাক্তারের
ড	ডানপন্থী	75	danoponthii	TOP1	ডানপন্থী
ড	ডার্ক	75	dark	TOP1	ডার্ক
ড	ডার্লিং	75	darling	TOP1	ডার্লিং
ড	ডাল্টন	73	dalton	TOP1	ডাল্টন
ড	ডায়মন্ড	74	dayomond	TOP1	ডায়মন্ড
ড	ডায়াগনস্টিক	70	dayagonostik	TOP1	ডায়াগনস্টিক
ড	ডিগ্রি	82	digri	TOP1	ডিগ্রি
ড	ডিগ্রির	70	digrir	TOP1	ডিগ্রির
ড	ডিগ্রী	80	digrii	TOP1	ডিগ্রী
ড	ডিপার্টমেন্ট	75	dipartoment	TOP1	ডিপার্টমেন্ট
ড	ডিপার্টমেন্টে	71	dipartomente	TOP1	ডিপার্টমেন্টে
ড	ডিপার্টমেন্টের	71	dipartomenter	TOP1	ডিপার্টমেন্টের
ড	ডিপ্লোমা	74	diploma	TOP1	ডিপ্লোমা
ড	ডিফেন্ডার	73	diphendar	TOP1	ডিফেন্ডার
ড	ডিফেন্স	75	diphens	TOP1	ডিফেন্স
ড	ডিভোর্স	72	dibhors	TOP1	ডিভোর্স
ড	ডিম্বাশয়	70	dimbashoy	TOP1	ডিম্বাশয়
ড	ডিরেক্টর	76	direktor	TOP1	ডিরেক্টর
ড	ডিসপ্লে	71	disople	TOP1	ডিসপ্লে
ড	ডিসিপ্লিন	70	disiplin	TOP1	ডিসিপ্লিন
ড	ডিসেম্বর	87	disembor	TOP1	ডিসেম্বর
ড	ডিসেম্বরে	77	disembore	TOP1	ডিসেম্বরে
ড	ডিসেম্বরের	73	disemborer	TOP1	ডিসেম্বরের
ড	ডিস্ক	76	disk	TOP1	ডিস্ক
ড	ডিস্টার্ব	71	distarb	TOP1	ডিস্টার্ব
ড	ডিস্ট্রিক্ট	73	distrikt	TOP1	ডিস্ট্রিক্ট
ড	ডিস্ট্রিবিউশন	72	distribiushon	TOP1	ডিস্ট্রিবিউশন
ড	ডেঙ্গু	76	dengou	TOP1	ডেঙ্গু
ড	ডেঙ্গুর	72	dengour	TOP1	ডেঙ্গুর
ড	ডেজার্ট	70	dejart	TOP1	ডেজার্ট
ড	ডেনমার্ক	75	denomark	TOP1	ডেনমার্ক
ড	ডেনমার্কের	73	denomarker	TOP1	ডেনমার্কের
ড	ডেন্ট	74	dent	TOP1	ডেন্ট
ড	ডেন্টাল	71	dental	TOP1	ডেন্টাল
ড	ডেন্টের	70	denter	TOP1	ডেন্টের
ড	ডেভেলপমেন্ট	75	debhelopoment	TOP1	ডেভেলপমেন্ট
ড	ডেমোক্রেটিক	76	demokretik	TOP1	ডেমোক্রেটিক
ড	ডেমোক্র্যাট	73	demokryat	TOP1	ডেমোক্র্যাট
ড	ডেমোক্র্যাটিক	74	demokryatik	TOP1	ডেমোক্র্যাটিক
ড	ডেল্টা	73	delta	TOP6	ডেলটা
ড	ডেসমন্ড	72	desomond	TOP1	ডেসমন্ড
ড	ডেস্ক	71	desk	TOP1	ডেস্ক
ড	ডেস্কটপ	74	deskotop	TOP1	ডেস্কটপ
ড	ডেস্কটপের	70	deskotoper	TOP1	ডেস্কটপের
ড	ডেস্কের	70	desker	TOP1	ডেস্কের
ড	ডোনাল্ড	78	donald	TOP1	ডোনাল্ড
ড	ড্যাড	74	dyad	TOP1	ড্যাড
ড	ড্যাডি	74	dyadi	TOP1	ড্যাডি
ড	ড্যান	74	dyan	TOP1	ড্যান
ড	ড্যানি	76	dyani	TOP1	ড্যানি
ড	ড্যানিয়েল	76	dyaniyel	TOP1	ড্যানিয়েল
ড	ড্যান্স	74	dyans	TOP1	ড্যান্স
ড	ড্যাফোডিল	73	dyaphodil	TOP1	ড্যাফোডিল
ড	ড্যাম	71	dyam	TOP1	ড্যাম
ড	ড্যারেন	71	dyaren	TOP1	ড্যারেন
ড	ড্যাশ	74	dyash	TOP1	ড্যাশ
ড	ড্র	77	dr	TOP1	ড্র
ড	ড্রপ	74	drop	TOP1	ড্রপ
ড	ড্রাইভ	77	draibh	TOP1	ড্রাইভ
ড	ড্রাইভার	76	draibhar	TOP1	ড্রাইভার
ড	ড্রাইভারের	70	draibharer	TOP1	ড্রাইভারের
ড	ড্রাইভিং	75	draibhing	TOP1	ড্রাইভিং
ড	ড্রাক	70	drak	TOP1	ড্রাক
ড	ড্রাকুলা	72	drakula	TOP1	ড্রাকুলা
ড	ড্রাগ	76	drag	TOP1	ড্রাগ
ড	ড্রাগন	78	dragon	TOP1	ড্রাগন
ড	ড্রাগনের	72	dragoner	TOP1	ড্রাগনের
ড	ড্রাগস	71	dragos	TOP1	ড্রাগস
ড	ড্রাগান	71	dragan	TOP1	ড্রাগান
ড	ড্রাম	74	dram	TOP1	ড্রাম
ড	ড্রামস	70	dramos	TOP1	ড্রামস
ড	ড্রামা	72	drama	TOP1	ড্রামা
ড	ড্রামের	70	dramer	TOP1	ড্রামের
ড	ড্রিংক	76	dringk	TOP1	ড্রিংক
ড	ড্রিঙ্কস	70	dringkos	TOP1	ড্রিঙ্কস
ড	ড্রিল	70	dril	TOP1	ড্রিল
ড	ড্রেস	74	dres	TOP1	ড্রেস
ড	ড্রোন	76	dron	TOP1	ড্রোন
ঢ	আঢ্য	62	adhy	TOP1	আঢ্য
ঢ	ঢক্	63	dhok	MISS	ঢোক
ঢ	ঢঙ্গে	60	dhongoe	TOP1	ঢঙ্গে
ঢ	ঢপযাত্রা	60	dhopozatra	TOP1	ঢপযাত্রা
ঢ	ঢাকনাযুক্ত	22	dhakonazukt	TOP1	ঢাকনাযুক্ত
ঢ	ঢাকাকেন্দ্রিক	64	dhakakendrik	TOP1	ঢাকাকেন্দ্রিক
ঢ	ঢাকাভিত্তিক	24	dhakabhittik	TOP1	ঢাকাভিত্তিক
ঢ	ঢাকাস্থ	65	dhakasth	TOP1	ঢাকাস্থ
ঢ	ঢাকেশ্বরী	71	dhakeshworii	TOP1	ঢাকেশ্বরী
ঢ	ঢাকেশ্বরীর	60	dhakeshworiir	TOP1	ঢাকেশ্বরীর
ঢ	ঢালবিশিষ্ট	61	dhalobishisht	TOP1	ঢালবিশিষ্ট
ঢ	ঢোকামাত্রই	61	dhokamatroi	TOP1	ঢোকামাত্রই
ঢ	ধনাঢ্য	69	dhonadhy	TOP1	ধনাঢ্য
ঢ	প্রাণঢালা	37	pranodhala	TOP1	প্রাণঢালা
ঢ	বর্ণাঢ্য	69	bornadhy	TOP1	বর্ণাঢ্য
ণ	অংশগ্রহণ	81	ongshogrohon	TOP1	অংশগ্রহণ
ণ	অভ্যন্তরীণ	81	obhyontoriin	TOP1	অভ্যন্তরীণ
ণ	আকর্ষণ	80	akorshon	TOP1	আকর্ষণ
ণ	আক্রমণ	84	akromon	TOP1	আক্রমণ
ণ	উচ্চারণ	80	uccaron	TOP1	উচ্চারণ
ণ	উদাহরণস্বরূপ	80	udahoronosworuup	TOP1	উদাহরণস্বরূপ
ণ	কৃষ্ণ	81	krrishn	TOP1	কৃষ্ণ
ণ	খণ্ড	82	khond	TOP1	খণ্ড
ণ	গণতান্ত্রিক	80	gonotantrik	TOP1	গণতান্ত্রিক
ণ	গণ্য	80	gony	TOP1	গণ্য
ণ	গুরুত্বপূর্ণ	87	gurutbopuurn	TOP1	গুরুত্বপূর্ণ
ণ	গ্রহণ	87	grohon	TOP1	গ্রহণ
ণ	গ্রামীণ	80	gramiin	TOP1	গ্রামীণ
ণ	ঘণ্টা	83	ghonta	TOP1	ঘণ্টা
ণ	জন্মগ্রহণ	82	jonmogrohon	TOP1	জন্মগ্রহণ
ণ	ণত্ব	65	notb	TOP1	ণত্ব
ণ	ণিজন্ত	64	nijont	TOP1	ণিজন্ত
ণ	দক্ষিণ	89	dokkhin	TOP1	দক্ষিণ
ণ	দক্ষিণে	84	dokkhine	TOP1	দক্ষিণে
ণ	নির্ধারণ	82	nirdharon	TOP1	নির্ধারণ
ণ	নির্মাণ	84	nirman	TOP1	নির্মাণ
ণ	নির্মাণের	80	nirmaner	TOP1	নির্মাণের
ণ	নিয়ন্ত্রণ	84	niyontron	TOP1	নিয়ন্ত্রণ
ণ	নিয়ন্ত্রণে	80	niyontrone	TOP1	নিয়ন্ত্রণে
ণ	পণ্ডিত	81	pondit	TOP1	পণ্ডিত
ণ	পণ্য	82	pony	TOP1	পণ্য
ণ	পর্যবেক্ষণ	80	poryobekkhon	TOP1	পর্যবেক্ষণ
ণ	পূর্ণ	83	puurn	TOP1	পূর্ণ
ণ	প্রমাণ	85	proman	TOP1	প্রমাণ
ণ	প্রশিক্ষণ	81	proshikkhon	TOP1	প্রশিক্ষণ
ণ	প্রাণ	83	pran	TOP1	প্রাণ
ণ	প্রাণী	82	pranii	TOP1	প্রাণী
ণ	বর্ণনা	84	bornona	TOP1	বর্ণনা
ণ	বাণিজ্য	82	banijy	TOP1	বাণিজ্য
ণ	বাণিজ্যিক	81	banijyik	TOP1	বাণিজ্যিক
ণ	বিশ্লেষণ	81	bishleshon	TOP1	বিশ্লেষণ
ণ	ভ্রমণ	82	bhromon	TOP1	ভ্রমণ
ণ	মন্ত্রণালয়	81	montronaloy	TOP1	মন্ত্রণালয়
ণ	যতক্ষণ	81	zotokkhon	TOP1	যতক্ষণ
ণ	সংরক্ষণ	81	songrokkhon	TOP1	সংরক্ষণ
ণ	সংস্করণ	82	songskoron	TOP1	সংস্করণ
ণ	সম্পূর্ণ	85	sompuurn	TOP1	সম্পূর্ণ
ত	তঞ্চঙ্গ্যা	72	toncongoya	TOP1	তঞ্চঙ্গ্যা
ত	ততক্ষণ	76	totokkhon	TOP1	ততক্ষণ
ত	ততক্ষণে	74	totokkhone	TOP1	ততক্ষণে
ত	তত্ত্ব	83	tottb	TOP1	তত্ত্ব
ত	তত্ত্বটি	72	tottboti	TOP1	তত্ত্বটি
ত	তত্ত্বাবধান	73	tottbabodhan	TOP1	তত্ত্বাবধান
ত	তত্ত্বাবধানে	76	tottbabodhane	TOP1	তত্ত্বাবধানে
ত	তত্ত্বাবধায়ক	78	tottbabodhayok	TOP1	তত্ত্বাবধায়ক
ত	তত্ত্বে	73	tottbe	TOP1	তত্ত্বে
ত	তত্ত্বের	78	tottber	TOP1	তত্ত্বের
ত	তথ্য	87	tothy	TOP1	তথ্য
ত	তথ্যগুলো	73	tothyogulo	TOP1	তথ্যগুলো
ত	তথ্যচিত্র	72	tothyochitr	TOP1	তথ্যচিত্র
ত	তথ্যপ্রযুক্তি	72	tothyoprozukti	TOP1	তথ্যপ্রযুক্তি
ত	তথ্যমতে	73	tothyomote	TOP1	তথ্যমতে
ত	তথ্যসূত্র	87	tothyosuutr	TOP1	তথ্যসূত্র
ত	তথ্যের	78	tothyer	TOP1	তথ্যের
ত	তদন্ত	82	todont	TOP1	তদন্ত
ত	তদন্তকারী	73	todontokarii	TOP1	তদন্তকারী
ত	তদন্তে	75	todonte	TOP1	তদন্তে
ত	তদন্তের	77	todonter	TOP1	তদন্তের
ত	তদানীন্তন	72	todaniinton	TOP1	তদানীন্তন
ত	তদ্রুপ	73	todrup	TOP1	তদ্রুপ
ত	তন্ত্র	74	tontr	TOP1	তন্ত্র
ত	তন্ন	73	tonn	TOP1	তন্ন
ত	তন্মধ্যে	76	tonmodhye	TOP1	তন্মধ্যে
ত	তপস্বী	72	toposwii	TOP1	তপস্বী
ত	তপ্ত	72	topt	TOP1	তপ্ত
ত	তরঙ্গ	80	torongo	TOP1	তরঙ্গ
ত	তরঙ্গদৈর্ঘ্য	73	torongoodoirghy	TOP1	তরঙ্গদৈর্ঘ্য
ত	তরঙ্গে	72	torongoe	TOP1	তরঙ্গে
ত	তরঙ্গের	75	torongoer	TOP1	তরঙ্গের
ত	তর্ক	76	tork	TOP1	তর্ক
ত	তল্লাশি	75	tollashi	TOP1	তল্লাশি
ত	তাজউদ্দীন	73	tajouddiin	TOP1	তাজউদ্দীন
ত	তাজিকিস্তান	72	tajikistan	TOP1	তাজিকিস্তান
ত	তাত্ত্বিক	78	tattbik	TOP1	তাত্ত্বিক
ত	তান্ত্রিক	72	tantrik	TOP1	তান্ত্রিক
ত	তাপপ্রবাহ	72	tapoprobah	TOP1	তাপপ্রবাহ
ত	তাপমাত্রা	82	tapomatra	TOP1	তাপমাত্রা
ত	তাপমাত্রার	76	tapomatrar	TOP1	তাপমাত্রার
ত	তাপমাত্রায়	76	tapomatray	TOP1	তাপমাত্রায়
ত	তারতম্য	72	tarotomy	TOP1	তারতম্য
ত	তারামণ্ডল	75	taramondol	TOP1	তারামণ্ডল
ত	তারাশঙ্কর	72	tarashongkor	TOP1	তারাশঙ্কর
ত	তালব্য	72	taloby	TOP1	তালব্য
ত	তালিকাভুক্ত	78	talikabhukt	TOP1	তালিকাভুক্ত
ত	তাৎক্ষণিক	75	tatokkhonik	TOP1	তাৎক্ষণিক
ত	তাৎক্ষণিকভাবে	74	tatokkhonikobhabe	TOP1	তাৎক্ষণিকভাবে
ত	তাৎপর্য	74	tatopory	TOP1	তাৎপর্য
ত	তাৎপর্যপূর্ণ	73	tatoporyopuurn	TOP1	তাৎপর্যপূর্ণ
ত	তিক্ত	74	tikt	TOP1	তিক্ত
ত	তিব্বত	75	tibbot	TOP1	তিব্বত
ত	তিব্বতি	76	tibboti	TOP1	তিব্বতি
ত	তিব্বতী	72	tibbotii	TOP1	তিব্বতী
ত	তিরস্কার	72	tiroskar	TOP1	তিরস্কার
ত	তিস্তা	77	tista	TOP1	তিস্তা
ত	তীক্ষ্ণ	73	tiikkhn	TOP1	তীক্ষ্ণ
ত	তীব্র	81	tiibr	TOP1	তীব্র
ত	তীব্রতা	74	tiibrota	TOP1	তীব্রতা
ত	তীরবর্তী	74	tiirobortii	TOP1	তীরবর্তী
ত	তীর্থ	73	tiirth	TOP1	তীর্থ
ত	তুচ্ছ	75	tuchch	TOP1	তুচ্ছ
ত	তুরস্ক	78	turosk	TOP1	তুরস্ক
ত	তুরস্কের	78	turosker	TOP1	তুরস্কের
ত	তুর্কমেনিস্তান	74	turkomenistan	TOP1	তুর্কমেনিস্তান
ত	তুর্কি	80	turki	TOP1	তুর্কি
ত	তুল্য	75	tuly	TOP1	তুল্য
ত	তেজস্ক্রিয়	76	tejoskriy	TOP1	তেজস্ক্রিয়
ত	তেজস্ক্রিয়তা	73	tejoskriyota	TOP1	তেজস্ক্রিয়তা
ত	ত্বক	74	tbok	TOP1	ত্বক
ত	ত্বকের	74	tboker	TOP1	ত্বকের
ত	ত্বরণ	73	tboron	TOP1	ত্বরণ
ত	ত্বরান্বিত	74	tboranbit	TOP1	ত্বরান্বিত
ত	ত্যাগ	82	tyag	TOP1	ত্যাগ
ত	ত্রাণ	74	tran	TOP6	ট্রান
ত	ত্রি	82	tri	TOP1	ত্রি
ত	ত্রিনিদাদ	75	trinidad	TOP1	ত্রিনিদাদ
ত	ত্রিপুরা	79	tripura	TOP1	ত্রিপুরা
ত	ত্রিপুরার	74	tripurar	TOP1	ত্রিপুরার
ত	ত্রিপুরী	73	tripurii	TOP1	ত্রিপুরী
ত	ত্রিভুজ	75	tribhuj	TOP1	ত্রিভুজ
ত	ত্রিভুজের	76	tribhujer	TOP1	ত্রিভুজের
ত	ত্রিমাত্রিক	74	trimatrik	TOP1	ত্রিমাত্রিক
ত	ত্রিশ	76	trish	TOP1	ত্রিশ
ত	ত্রিশাল	74	trishal	TOP1	ত্রিশাল
ত	ত্রিশূল	73	trishuul	TOP1	ত্রিশূল
ত	ত্রুটি	77	truti	TOP1	ত্রুটি
ত	ত্রয়োদশ	76	troyodosh	TOP1	ত্রয়োদশ
ত	তৎক্ষণাৎ	75	totokkhonat	TOP1	তৎক্ষণাৎ
থ	থম্পসন	71	thomposon	TOP1	থম্পসন
থ	থর্ন	67	thorn	TOP1	থর্ন
থ	থর্নটন	69	thornoton	TOP1	থর্নটন
থ	থর্প	63	thorp	TOP1	থর্প
থ	থাইক্যা	61	thaikya	TOP1	থাইক্যা
থ	থাইরক্সিন	63	thairoksin	TOP1	থাইরক্সিন
থ	থাইল্যান্ড	76	thailyand	TOP1	থাইল্যান্ড
থ	থাইল্যান্ডকে	62	thailyandoke	TOP1	থাইল্যান্ডকে
থ	থাইল্যান্ডসহ	25	thailyandosoh	TOP1	থাইল্যান্ডসহ
থ	থাইল্যান্ডে	70	thailyande	TOP1	থাইল্যান্ডে
থ	থাইল্যান্ডেও	23	thailyandeo	TOP1	থাইল্যান্ডেও
থ	থাইল্যান্ডের	74	thailyander	TOP1	থাইল্যান্ডের
থ	থাউজেন্ড	63	thaujend	TOP1	থাউজেন্ড
থ	থাউজ্যান্ড	31	thaujyand	TOP1	থাউজ্যান্ড
থ	থাকাবস্থায়	66	thakabosthay	TOP1	থাকাবস্থায়
থ	থাক্	73	thak	MISS	থাক
থ	থানাভিত্তিক	60	thanabhittik	TOP1	থানাভিত্তিক
থ	থান্ট	64	thant	TOP1	থান্ট
থ	থান্ডার	67	thandar	TOP6	ঠান্ডার
থ	থান্ডারবার্ড	60	thandarobard	TOP1	থান্ডারবার্ড
থ	থান্ডারবোল্ট	64	thandarobolt	TOP1	থান্ডারবোল্ট
থ	থান্ত	62	thant	TOP6	থান্ট
থ	থাপ্পর	68	thappor	TOP6	থাপ্পড়
থ	থাপ্পড়	71	thappor	TOP1	থাপ্পড়
থ	থামাচ্ছি	65	thamachchi	TOP1	থামাচ্ছি
থ	থাম্	64	tham	MISS	থাম
থ	থাম্ব	87	thamb	TOP1	থাম্ব
থ	থাম্বনেইল	63	thamboneil	TOP1	থাম্বনেইল
থ	থারম্যান	63	tharomyan	TOP1	থারম্যান
থ	থারাঙ্গা	36	tharangoa	TOP1	থারাঙ্গা
থ	থার্টি	69	tharti	TOP1	থার্টি
থ	থার্টিন	63	thartin	TOP1	থার্টিন
থ	থার্ড	72	thard	TOP1	থার্ড
থ	থার্ডম্যান	21	thardomyan	TOP1	থার্ডম্যান
থ	থার্ডে	62	tharde	TOP1	থার্ডে
থ	থার্মাল	69	tharmal	TOP1	থার্মাল
থ	থার্মোমিটার	67	tharmomitar	TOP1	থার্মোমিটার
থ	থার্মোমিটারে	61	tharmomitare	TOP1	থার্মোমিটারে
থ	থার্মোমিটারের	62	tharmomitarer	TOP1	থার্মোমিটারের
থ	থিংকপ্যাড	60	thingkopyad	TOP1	থিংকপ্যাড
থ	থিওফ্রাস্টাস	60	thiofrastas	TOP1	থিওফ্রাস্টাস
থ	থিওরিটিক্যাল	27	thioritikyal	TOP1	থিওরিটিক্যাল
থ	থিঙ্ক	38	thingk	TOP6	থিংক
থ	থিঙ্কিং	62	thingking	TOP1	থিঙ্কিং
থ	থিম্পু	63	thimpu	TOP1	থিম্পু
থ	থিম্পুতে	39	thimpute	TOP1	থিম্পুতে
থ	থিম্পুর	27	thimpur	TOP1	থিম্পুর
থ	থুক্কু	61	thukku	TOP1	থুক্কু
থ	থুপ্পাক্কি	60	thuppakki	TOP1	থুপ্পাক্কি
থ	থেরাপিস্ট	66	therapist	TOP6	থেরিপিস্ট
থ	থেরাপিস্টের	23	therapister	TOP1	থেরাপিস্টের
থ	থ্যাংক	70	thyangk	TOP1	থ্যাংক
থ	থ্যাংকস	70	thyangkos	TOP1	থ্যাংকস
থ	থ্যাকারে	25	thyakare	TOP1	থ্যাকারে
থ	থ্যাঙ্ক	68	thyangk	TOP6	থ্যাংক
থ	থ্যাঙ্কস	67	thyangkos	TOP6	থ্যাংকস
থ	থ্যাচার	69	thyachar	TOP1	থ্যাচার
থ	থ্যাচারের	66	thyacharer	TOP1	থ্যাচারের
থ	থ্যালামাস	62	thyalamas	TOP1	থ্যালামাস
থ	থ্যালাসেমিয়া	72	thyalasemiya	TOP1	থ্যালাসেমিয়া
থ	থ্যালাসেমিয়ার	67	thyalasemiyar	TOP1	থ্যালাসেমিয়ার
থ	থ্রটল	63	throtol	TOP1	থ্রটল
থ	থ্রম্বোসিস	62	thrombosis	TOP1	থ্রম্বোসিস
থ	থ্রাস্ট	68	thrast	TOP1	থ্রাস্ট
থ	থ্রি	76	thri	TOP1	থ্রি
থ	থ্রিজি	49	thriji	TOP1	থ্রিজি
থ	থ্রিডি	66	thridi	TOP1	থ্রিডি
থ	থ্রিতে	64	thrite	TOP1	থ্রিতে
থ	থ্রির	60	thrir	TOP1	থ্রির
থ	থ্রিল	61	thril	TOP1	থ্রিল
থ	থ্রিলার	71	thrilar	TOP1	থ্রিলার
থ	থ্রিলারের	60	thrilarer	TOP1	থ্রিলারের
থ	থ্রিলিং	27	thriling	TOP1	থ্রিলিং
থ	থ্রিস্টার	62	thristar	TOP1	থ্রিস্টার
থ	থ্রী	67	thrii	TOP1	থ্রী
থ	থ্রু	67	thru	TOP1	থ্রু
থ	থ্রেট	64	thret	TOP1	থ্রেট
থ	থ্রেড	68	thred	TOP1	থ্রেড
থ	থ্রেডিং	27	threding	TOP1	থ্রেডিং
থ	থ্রেসিয়ান	60	thresiyan	TOP1	থ্রেসিয়ান
থ	থ্রো	66	thro	TOP1	থ্রো
থ	থ্রোট	23	throt	TOP1	থ্রোট
থ	থ্রোতে	27	throte	TOP1	থ্রোতে
থ	থ্রোন	64	thron	TOP1	থ্রোন
থ	থ্রোনস	64	thronos	TOP1	থ্রোনস
থ	থ্রোয়িং	23	throying	TOP1	থ্রোয়িং
থ	থ্র্যাশ	62	thryash	TOP1	থ্র্যাশ
দ	দক্ষ	80	dokkh	TOP1	দক্ষ
দ	দক্ষতা	80	dokkhota	TOP1	দক্ষতা
দ	দক্ষতার	76	dokkhotar	TOP1	দক্ষতার
দ	দক্ষিণ	89	dokkhin	TOP1	দক্ষিণ
দ	দক্ষিণে	84	dokkhine	TOP1	দক্ষিণে
দ	দক্ষিণের	77	dokkhiner	TOP1	দক্ষিণের
দ	দণ্ড	76	dond	TOP1	দণ্ড
দ	দত্ত	81	dott	TOP1	দত্ত
দ	দপ্তর	79	doptor	TOP1	দপ্তর
দ	দম্পতি	75	dompoti	TOP1	দম্পতি
দ	দরিদ্র	78	doridr	TOP1	দরিদ্র
দ	দর্শক	78	dorshok	TOP1	দর্শক
দ	দর্শকদের	78	dorshokoder	TOP1	দর্শকদের
দ	দর্শকের	75	dorshoker	TOP1	দর্শকের
দ	দর্শন	83	dorshon	TOP1	দর্শন
দ	দর্শনীয়	79	dorshoniiy	TOP1	দর্শনীয়
দ	দর্শনের	78	dorshoner	TOP1	দর্শনের
দ	দাঙ্গা	75	dangoa	TOP1	দাঙ্গা
দ	দাপ্তরিক	76	daptorik	TOP1	দাপ্তরিক
দ	দারিদ্র্য	76	daridry	TOP1	দারিদ্র্য
দ	দার্জিলিং	75	darjiling	TOP1	দার্জিলিং
দ	দার্শনিক	83	darshonik	TOP1	দার্শনিক
দ	দাশগুপ্ত	75	dashogupt	TOP1	দাশগুপ্ত
দ	দায়িত্ব	86	dayitb	TOP1	দায়িত্ব
দ	দায়িত্বে	79	dayitbe	TOP1	দায়িত্বে
দ	দিগন্ত	75	digont	TOP1	দিগন্ত
দ	দিচ্ছ	77	dichch	TOP1	দিচ্ছ
দ	দিচ্ছি	84	dichchi	TOP1	দিচ্ছি
দ	দিচ্ছে	82	dichche	TOP1	দিচ্ছে
দ	দিচ্ছেন	78	dichchen	TOP1	দিচ্ছেন
দ	দিচ্ছো	75	dichcho	TOP1	দিচ্ছো
দ	দিব্য	75	diby	TOP1	দিব্য
দ	দিল্লি	80	dilli	TOP1	দিল্লি
দ	দিল্লির	76	dillir	TOP1	দিল্লির
দ	দিল্লী	75	dillii	TOP1	দিল্লী
দ	দীর্ঘ	84	diirgh	TOP1	দীর্ঘ
দ	দীর্ঘতম	75	diirghotom	TOP1	দীর্ঘতম
দ	দীর্ঘদিন	79	diirghodin	TOP1	দীর্ঘদিন
দ	দীর্ঘদিনের	75	diirghodiner	TOP1	দীর্ঘদিনের
দ	দীর্ঘমেয়াদি	76	diirghomeyadi	TOP1	দীর্ঘমেয়াদি
দ	দীর্ঘস্থায়ী	76	diirghosthayii	TOP1	দীর্ঘস্থায়ী
দ	দুর্গ	79	durg	TOP1	দুর্গ
দ	দুর্গম	75	durgom	TOP1	দুর্গম
দ	দুর্গা	76	durga	TOP1	দুর্গা
দ	দুর্গাপুর	76	durgapur	TOP1	দুর্গাপুর
দ	দুর্ঘটনা	79	durghotona	TOP1	দুর্ঘটনা
দ	দুর্ঘটনার	76	durghotonar	TOP1	দুর্ঘটনার
দ	দুর্ঘটনায়	77	durghotonay	TOP1	দুর্ঘটনায়
দ	দুর্দান্ত	77	durdant	TOP1	দুর্দান্ত
দ	দুর্নীতি	77	durniiti	TOP1	দুর্নীতি
দ	দুর্নীতির	76	durniitir	TOP1	দুর্নীতির
দ	দুর্বল	82	durbol	TOP1	দুর্বল
দ	দুর্বলতা	77	durbolota	TOP1	দুর্বলতা
দ	দুর্যোগ	76	duryog	TOP1	দুর্যোগ
দ	দুর্লভ	76	durlobh	TOP1	দুর্লভ
দ	দুষ্ট	77	dusht	TOP1	দুষ্ট
দ	দূরত্ব	80	duurotb	TOP1	দূরত্ব
দ	দৃশ্য	81	drrishy	TOP1	দৃশ্য
দ	দৃশ্যমান	79	drrishyoman	TOP1	দৃশ্যমান
দ	দৃষ্টি	81	drrishti	TOP1	দৃষ্টি
দ	দৃষ্টিকোণ	76	drrishtikon	TOP1	দৃষ্টিকোণ
দ	দৃষ্টিতে	78	drrishtite	TOP1	দৃষ্টিতে
দ	দৃষ্টিভঙ্গি	79	drrishtibhongoi	TOP1	দৃষ্টিভঙ্গি
দ	দেখাচ্ছি	76	dekhachchi	TOP1	দেখাচ্ছি
দ	দেখাচ্ছে	80	dekhachche	TOP1	দেখাচ্ছে
দ	দৈত্য	78	doity	TOP1	দৈত্য
দ	দৈনন্দিন	77	doinondin	TOP1	দৈনন্দিন
দ	দৈর্ঘ্য	81	doirghy	TOP1	দৈর্ঘ্য
দ	দৈর্ঘ্যের	76	doirghyer	TOP1	দৈর্ঘ্যের
দ	দোস্ত	81	dost	TOP1	দোস্ত
দ	দ্বন্দ্ব	76	dbondb	TOP1	দ্বন্দ্ব
দ	দ্বাদশ	78	dbadosh	TOP1	দ্বাদশ
দ	দ্বার	78	dbar	TOP1	দ্বার
দ	দ্বারা	90	dbara	TOP1	দ্বারা
দ	দ্বিগুণ	77	dbigun	TOP1	দ্বিগুণ
দ	দ্বিতীয়	88	dbitiiy	TOP1	দ্বিতীয়
দ	দ্বিতীয়ত	76	dbitiiyot	TOP1	দ্বিতীয়ত
দ	দ্বীপ	83	dbiip	TOP1	দ্বীপ
দ	দ্বীপপুঞ্জ	80	dbiipopunj	TOP1	দ্বীপপুঞ্জ
দ	দ্বীপপুঞ্জের	77	dbiipopunjer	TOP1	দ্বীপপুঞ্জের
দ	দ্বীপে	80	dbiipe	TOP1	দ্বীপে
দ	দ্বীপের	80	dbiiper	TOP1	দ্বীপের
দ	দ্বৈত	77	dboit	TOP1	দ্বৈত
দ	দ্য	87	dy	TOP1	দ্য
দ	দ্যা	81	dya	TOP1	দ্যা
দ	দ্যাখো	77	dyakho	TOP1	দ্যাখো
দ	দ্রব্য	79	droby	TOP1	দ্রব্য
দ	দ্রাঘিমাংশ	76	draghimangsh	TOP1	দ্রাঘিমাংশ
দ	দ্রুত	86	drut	TOP1	দ্রুত
দ	দ্রুতগামী	76	drutogamii	TOP1	দ্রুতগামী
ধ	ধনঞ্জয়	73	dhononjoy	TOP1	ধনঞ্জয়
ধ	ধনাঢ্য	69	dhonadhy	TOP1	ধনাঢ্য
ধ	ধনাত্মক	75	dhonatmok	TOP1	ধনাত্মক
ধ	ধন্য	75	dhony	TOP1	ধন্য
ধ	ধন্যবাদ	89	dhonyobad	TOP1	ধন্যবাদ
ধ	ধর্ম	85	dhorm	TOP1	ধর্ম
ধ	ধর্মই	69	dhormoi	TOP1	ধর্মই
ধ	ধর্মকে	72	dhormoke	TOP1	ধর্মকে
ধ	ধর্মগুরু	73	dhormoguru	TOP1	ধর্মগুরু
ধ	ধর্মগুরুদের	69	dhormoguruder	TOP1	ধর্মগুরুদের
ধ	ধর্মগ্রন্থ	74	dhormogronth	TOP1	ধর্মগ্রন্থ
ধ	ধর্মগ্রন্থের	68	dhormogronther	TOP1	ধর্মগ্রন্থের
ধ	ধর্মঘট	74	dhormoghot	TOP1	ধর্মঘট
ধ	ধর্মঘটের	68	dhormoghoter	TOP1	ধর্মঘটের
ধ	ধর্মতত্ত্ব	74	dhormotottb	TOP1	ধর্মতত্ত্ব
ধ	ধর্মতত্ত্ববিদ	70	dhormotottbobid	TOP1	ধর্মতত্ত্ববিদ
ধ	ধর্মতত্ত্বের	68	dhormotottber	TOP1	ধর্মতত্ত্বের
ধ	ধর্মতাত্ত্বিক	71	dhormotattbik	TOP1	ধর্মতাত্ত্বিক
ধ	ধর্মনিরপেক্ষ	74	dhormoniropekkh	TOP1	ধর্মনিরপেক্ষ
ধ	ধর্মনিরপেক্ষতা	69	dhormoniropekkhota	TOP1	ধর্মনিরপেক্ষতা
ধ	ধর্মপাল	71	dhormopal	TOP1	ধর্মপাল
ধ	ধর্মপাশা	71	dhormopasha	TOP1	ধর্মপাশা
ধ	ধর্মপুর	70	dhormopur	TOP1	ধর্মপুর
ধ	ধর্মপ্রচারক	72	dhormoprocharok	TOP1	ধর্মপ্রচারক
ধ	ধর্মপ্রচারের	69	dhormoprocharer	TOP1	ধর্মপ্রচারের
ধ	ধর্মপ্রাণ	69	dhormopran	TOP1	ধর্মপ্রাণ
ধ	ধর্মবিশ্বাস	75	dhormobishwas	TOP1	ধর্মবিশ্বাস
ধ	ধর্মভিত্তিক	71	dhormobhittik	TOP1	ধর্মভিত্তিক
ধ	ধর্মযাজক	69	dhormozajok	TOP1	ধর্মযাজক
ধ	ধর্মসভা	68	dhormosobha	TOP1	ধর্মসভা
ধ	ধর্মহীন	68	dhormohiin	TOP1	ধর্মহীন
ধ	ধর্মান্তরিত	74	dhormantorit	TOP1	ধর্মান্তরিত
ধ	ধর্মাবলম্বী	76	dhormabolombii	TOP1	ধর্মাবলম্বী
ধ	ধর্মাবলম্বীদের	71	dhormabolombiider	TOP1	ধর্মাবলম্বীদের
ধ	ধর্মীয়	84	dhormiiy	TOP1	ধর্মীয়
ধ	ধর্মীয়ভাবে	68	dhormiiyobhabe	TOP1	ধর্মীয়ভাবে
ধ	ধর্মে	76	dhorme	TOP1	ধর্মে
ধ	ধর্মের	82	dhormer	TOP1	ধর্মের
ধ	ধর্ষণ	77	dhorshon	TOP1	ধর্ষণ
ধ	ধর্ষণের	75	dhorshoner	TOP1	ধর্ষণের
ধ	ধর্ষন	69	dhorshon	TOP6	ধর্ষণ
ধ	ধর্ষিত	68	dhorshit	TOP1	ধর্ষিত
ধ	ধলেশ্বরী	74	dholeshworii	TOP1	ধলেশ্বরী
ধ	ধাক্কা	79	dhakka	TOP1	ধাক্কা
ধ	ধাক্কায়	71	dhakkay	TOP1	ধাক্কায়
ধ	ধাত্রী	68	dhatrii	TOP1	ধাত্রী
ধ	ধানমন্ডি	73	dhanomondi	TOP1	ধানমন্ডি
ধ	ধানমন্ডির	70	dhanomondir	TOP1	ধানমন্ডির
ধ	ধান্দা	69	dhanda	TOP1	ধান্দা
ধ	ধান্দায়	69	dhanday	TOP1	ধান্দায়
ধ	ধারণক্ষমতা	73	dharonokkhomota	TOP1	ধারণক্ষমতা
ধ	ধারণক্ষমতার	68	dharonokkhomotar	TOP1	ধারণক্ষমতার
ধ	ধারাভাষ্যকার	72	dharabhashyokar	TOP1	ধারাভাষ্যকার
ধ	ধার্মিক	73	dharmik	TOP1	ধার্মিক
ধ	ধার্মিকতা	68	dharmikota	TOP1	ধার্মিকতা
ধ	ধার্য	73	dhary	TOP1	ধার্য
ধ	ধিক্কার	68	dhikkar	TOP1	ধিক্কার
ধ	ধীরেন্দ্রনাথ	69	dhiirendronath	TOP1	ধীরেন্দ্রনাথ
ধ	ধূর্ত	70	dhuurt	TOP1	ধূর্ত
ধ	ধৃতরাষ্ট্র	70	dhrritorashtr	TOP1	ধৃতরাষ্ট্র
ধ	ধৃষ্টতা	68	dhrrishtota	TOP1	ধৃষ্টতা
ধ	ধৈর্য	77	dhoiry	TOP1	ধৈর্য
ধ	ধৈর্যের	69	dhoiryer	TOP1	ধৈর্যের
ধ	ধৈর্য্য	73	dhoiryy	TOP1	ধৈর্য্য
ধ	ধ্বংস	84	dhbongs	TOP1	ধ্বংস
ধ	ধ্বংসকারী	70	dhbongsokarii	TOP1	ধ্বংসকারী
ধ	ধ্বংসপ্রাপ্ত	71	dhbongsoprapt	TOP1	ধ্বংসপ্রাপ্ত
ধ	ধ্বংসযজ্ঞ	71	dhbongsozogy	TOP1	ধ্বংসযজ্ঞ
ধ	ধ্বংসস্তূপ	71	dhbongsostuup	TOP1	ধ্বংসস্তূপ
ধ	ধ্বংসস্তূপে	71	dhbongsostuupe	TOP1	ধ্বংসস্তূপে
ধ	ধ্বংসস্তূপের	73	dhbongsostuuper	TOP1	ধ্বংসস্তূপের
ধ	ধ্বংসাত্মক	72	dhbongsatmok	TOP1	ধ্বংসাত্মক
ধ	ধ্বংসাবশেষ	76	dhbongsaboshesh	TOP1	ধ্বংসাবশেষ
ধ	ধ্বংসের	76	dhbongser	TOP1	ধ্বংসের
ধ	ধ্বনি	79	dhboni	TOP1	ধ্বনি
ধ	ধ্বনিত	69	dhbonit	TOP1	ধ্বনিত
ধ	ধ্বনিতত্ত্ব	73	dhbonitottb	TOP1	ধ্বনিতত্ত্ব
ধ	ধ্বনিবিজ্ঞান	72	dhbonibigyan	TOP1	ধ্বনিবিজ্ঞান
ধ	ধ্বনিমূলক	74	dhbonimuulok	TOP1	ধ্বনিমূলক
ধ	ধ্বনির	74	dhbonir	TOP1	ধ্বনির
ধ	ধ্যাত	77	dhyat	TOP1	ধ্যাত
ধ	ধ্যাত্তেরি	71	dhyatteri	TOP1	ধ্যাত্তেরি
ধ	ধ্যান	77	dhyan	TOP1	ধ্যান
ধ	ধ্যানে	71	dhyane	TOP1	ধ্যানে
ধ	ধ্যানের	72	dhyaner	TOP1	ধ্যানের
ধ	ধ্যাৎ	72	dhyat	TOP6	ধ্যাত
ধ	ধ্রুপদি	72	dhrupodi	TOP1	ধ্রুপদি
ধ	ধ্রুপদী	78	dhrupodii	TOP1	ধ্রুপদী
ধ	ধ্রুব	74	dhrub	TOP1	ধ্রুব
ধ	ধ্রুবক	77	dhrubok	TOP1	ধ্রুবক
ন	নক্ষত্র	78	nokkhotr	TOP1	নক্ষত্র
ন	নব্য	76	noby	TOP1	নব্য
ন	নভেম্বর	85	nobhembor	TOP1	নভেম্বর
ন	নভেম্বরে	76	nobhembore	TOP1	নভেম্বরে
ন	নম্বর	83	nombor	TOP1	নম্বর
ন	নর্থ	78	north	TOP1	নর্থ
ন	নষ্ট	84	nosht	TOP1	নষ্ট
ন	নাগরিকত্ব	77	nagorikotb	TOP1	নাগরিকত্ব
ন	নাট্য	78	naty	TOP1	নাট্য
ন	নাট্যকার	79	natyokar	TOP1	নাট্যকার
ন	নাম্বার	84	nambar	TOP1	নাম্বার
ন	নাম্বারে	76	nambare	TOP1	নাম্বারে
ন	নারায়ণগঞ্জ	78	narayonogonj	TOP1	নারায়ণগঞ্জ
ন	নাস্তিক	76	nastik	TOP1	নাস্তিক
ন	নিঃশ্বাস	77	nisshwas	TOP1	নিঃশ্বাস
ন	নিঃসন্দেহে	77	nissondehe	TOP1	নিঃসন্দেহে
ন	নিউইয়র্ক	78	niuiyork	TOP1	নিউইয়র্ক
ন	নিউক্লিয়ার	76	niukliyar	TOP1	নিউক্লিয়ার
ন	নিউক্লিয়াস	76	niukliyas	TOP1	নিউক্লিয়াস
ন	নিউজিল্যান্ড	78	niujilyand	TOP1	নিউজিল্যান্ড
ন	নিউজিল্যান্ডের	76	niujilyander	TOP1	নিউজিল্যান্ডের
ন	নিউট্রন	78	niutron	TOP1	নিউট্রন
ন	নিকটবর্তী	78	nikotobortii	TOP1	নিকটবর্তী
ন	নিক্ষেপ	77	nikkhep	TOP1	নিক্ষেপ
ন	নিগ্রো	76	nigro	TOP1	নিগ্রো
ন	নিচ্ছি	80	nichchi	TOP1	নিচ্ছি
ন	নিচ্ছে	79	nichche	TOP1	নিচ্ছে
ন	নিজস্ব	83	nijosw	TOP1	নিজস্ব
ন	নিত্য	77	nity	TOP1	নিত্য
ন	নিদর্শন	79	nidorshon	TOP1	নিদর্শন
ন	নিন্দা	76	ninda	TOP1	নিন্দা
ন	নিবন্ধ	82	nibondh	TOP1	নিবন্ধ
ন	নিবন্ধন	77	nibondhon	TOP1	নিবন্ধন
ন	নিবন্ধে	76	nibondhe	TOP1	নিবন্ধে
ন	নিবন্ধের	77	nibondher	TOP1	নিবন্ধের
ন	নিমিত্ত	78	nimitt	TOP1	নিমিত্ত
ন	নিম্ন	81	nimn	TOP1	নিম্ন
ন	নিম্নলিখিত	76	nimnolikhit	TOP1	নিম্নলিখিত
ন	নিযুক্ত	82	nizukt	TOP1	নিযুক্ত
ন	নিরপেক্ষ	79	niropekkh	TOP1	নিরপেক্ষ
ন	নিরাপত্তা	84	nirapotta	TOP1	নিরাপত্তা
ন	নিরাপত্তার	78	nirapottar	TOP1	নিরাপত্তার
ন	নির্গত	77	nirgot	TOP1	নির্গত
ন	নির্ণয়	79	nirnoy	TOP1	নির্ণয়
ন	নির্দিষ্ট	84	nirdisht	TOP1	নির্দিষ্ট
ন	নির্দেশ	83	nirdesh	TOP1	নির্দেশ
ন	নির্দেশক	76	nirdeshok	TOP1	নির্দেশক
ন	নির্দেশনা	79	nirdeshona	TOP1	নির্দেশনা
ন	নির্দেশে	76	nirdeshe	TOP1	নির্দেশে
ন	নির্দোষ	78	nirdosh	TOP1	নির্দোষ
ন	নির্ধারণ	82	nirdharon	TOP1	নির্ধারণ
ন	নির্ধারিত	81	nirdharit	TOP1	নির্ধারিত
ন	নির্বাচন	84	nirbachon	TOP1	নির্বাচন
ন	নির্বাচনী	80	nirbachonii	TOP1	নির্বাচনী
ন	নির্বাচনে	82	nirbachone	TOP1	নির্বাচনে
ন	নির্বাচনের	80	nirbachoner	TOP1	নির্বাচনের
ন	নির্বাচিত	84	nirbachit	TOP1	নির্বাচিত
ন	নির্বাহী	82	nirbahii	TOP1	নির্বাহী
ন	নির্বোধ	76	nirbodh	TOP1	নির্বোধ
ন	নির্ভর	83	nirbhor	TOP1	নির্ভর
ন	নির্ভরযোগ্য	77	nirbhorozogy	TOP1	নির্ভরযোগ্য
ন	নির্ভরশীল	79	nirbhoroshiil	TOP1	নির্ভরশীল
ন	নির্মাণ	84	nirman	TOP1	নির্মাণ
ন	নির্মাণের	80	nirmaner	TOP1	নির্মাণের
ন	নির্মাতা	78	nirmata	TOP1	নির্মাতা
ন	নির্মিত	83	nirmit	TOP1	নির্মিত
ন	নির্যাতন	78	niryaton	TOP1	নির্যাতন
ন	নির্যাতনের	76	niryatoner	TOP1	নির্যাতনের
ন	নিশ্চিত	87	nishchit	TOP1	নিশ্চিত
ন	নিশ্চয়	79	nishchoy	TOP1	নিশ্চয়
ন	নিশ্চয়ই	84	nishchoyoi	TOP1	নিশ্চয়ই
ন	নিশ্চয়তা	77	nishchoyota	TOP1	নিশ্চয়তা
ন	নিষিদ্ধ	82	nishiddh	TOP1	নিষিদ্ধ
ন	নিষেধাজ্ঞা	78	nishedhagya	TOP1	নিষেধাজ্ঞা
ন	নিষ্ক্রিয়	76	nishkriy	TOP1	নিষ্ক্রিয়
ন	নিষ্ঠুর	76	nishthur	TOP1	নিষ্ঠুর
ন	নিয়ন্ত্রণ	84	niyontron	TOP1	নিয়ন্ত্রণ
ন	নিয়ন্ত্রণে	80	niyontrone	TOP1	নিয়ন্ত্রণে
ন	নিয়ন্ত্রণের	77	niyontroner	TOP1	নিয়ন্ত্রণের
ন	নিয়ন্ত্রিত	78	niyontrit	TOP1	নিয়ন্ত্রিত
ন	নৃত্য	79	nrrity	TOP1	নৃত্য
ন	নেটওয়ার্ক	80	netooyark	TOP1	নেটওয়ার্ক
ন	নেতৃত্ব	81	netrritb	TOP1	নেতৃত্ব
ন	নেতৃত্বাধীন	77	netrritbadhiin	TOP1	নেতৃত্বাধীন
ন	নেতৃত্বে	82	netrritbe	TOP1	নেতৃত্বে
ন	নেত্রকোণা	78	netrokona	TOP1	নেত্রকোণা
ন	নেদারল্যান্ডস	77	nedarolyandos	TOP1	নেদারল্যান্ডস
ন	ন্যাশনাল	82	nyashonal	TOP1	ন্যাশনাল
ন	ন্যায়	80	nyay	TOP1	ন্যায়
ন	ন্যূনতম	77	nyuunotom	TOP1	ন্যূনতম
প	পক্ষ	82	pokkh	TOP1	পক্ষ
প	পক্ষে	84	pokkhe	TOP1	পক্ষে
প	পছন্দ	87	pochhond	TOP1	পছন্দ
প	পঞ্চম	81	poncom	TOP1	পঞ্চম
প	পণ্ডিত	81	pondit	TOP1	পণ্ডিত
প	পণ্য	82	pony	TOP1	পণ্য
প	পদার্থ	82	podarth	TOP1	পদার্থ
প	পদ্ধতি	84	poddhoti	TOP1	পদ্ধতি
প	পবিত্র	83	pobitr	TOP1	পবিত্র
প	পরবর্তী	85	porobortii	TOP1	পরবর্তী
প	পরবর্তীতে	84	porobortiite	TOP1	পরবর্তীতে
প	পরামর্শ	82	poramorsh	TOP1	পরামর্শ
প	পরিকল্পনা	85	porikolpona	TOP1	পরিকল্পনা
প	পরিবর্তন	86	poriborton	TOP1	পরিবর্তন
প	পরিবর্তে	82	poriborte	TOP1	পরিবর্তে
প	পরিষ্কার	84	porishkar	TOP1	পরিষ্কার
প	পরিস্থিতি	82	poristhiti	TOP1	পরিস্থিতি
প	পরীক্ষা	85	poriikkha	TOP1	পরীক্ষা
প	পর্যন্ত	91	poryont	TOP1	পর্যন্ত
প	পর্যায়ে	83	poryaye	TOP1	পর্যায়ে
প	পশ্চিম	86	poshchim	TOP1	পশ্চিম
প	পশ্চিমবঙ্গ	83	poshchimobongo	TOP1	পশ্চিমবঙ্গ
প	পশ্চিমবঙ্গের	82	poshchimobongoer	TOP1	পশ্চিমবঙ্গের
প	পশ্চিমে	84	poshchime	TOP1	পশ্চিমে
প	পাকিস্তান	85	pakistan	TOP1	পাকিস্তান
প	পাকিস্তানের	83	pakistaner	TOP1	পাকিস্তানের
প	পাচ্ছি	83	pachchi	TOP1	পাচ্ছি
প	পার্ক	82	park	TOP1	পার্ক
প	পার্টি	83	parti	TOP1	পার্টি
প	পার্থক্য	82	parthoky	TOP1	পার্থক্য
প	পুত্র	85	putr	TOP1	পুত্র
প	পুরস্কার	89	puroskar	TOP1	পুরস্কার
প	পূর্ণ	83	puurn	TOP1	পূর্ণ
প	পূর্ব	88	puurb	TOP1	পূর্ব
প	পূর্বে	86	puurbe	TOP1	পূর্বে
প	প্রকার	82	prokar	TOP1	প্রকার
প	প্রকাশ	87	prokash	TOP1	প্রকাশ
প	প্রকাশক	84	prokashok	TOP1	প্রকাশক
প	প্রকাশিত	86	prokashit	TOP1	প্রকাশিত
প	প্রকৃত	82	prokrrit	TOP1	প্রকৃত
প	প্রকৌশল	82	prokoushol	TOP1	প্রকৌশল
প	প্রক্রিয়া	82	prokriya	TOP1	প্রক্রিয়া
প	প্রচলিত	84	procholit	TOP1	প্রচলিত
প	প্রচুর	83	prochur	TOP1	প্রচুর
প	প্রজাতন্ত্র	83	projatontr	TOP1	প্রজাতন্ত্র
প	প্রতি	89	proti	TOP1	প্রতি
প	প্রতিটি	85	protiti	TOP1	প্রতিটি
প	প্রতিদিন	83	protidin	TOP1	প্রতিদিন
প	প্রতিষ্ঠা	84	protishtha	TOP1	প্রতিষ্ঠা
প	প্রতিষ্ঠাতা	82	protishthata	TOP1	প্রতিষ্ঠাতা
প	প্রতিষ্ঠান	84	protishthan	TOP1	প্রতিষ্ঠান
প	প্রতিষ্ঠার	84	protishthar	TOP1	প্রতিষ্ঠার
প	প্রতিষ্ঠিত	86	protishthit	TOP1	প্রতিষ্ঠিত
প	প্রতীক	83	protiik	TOP1	প্রতীক
প	প্রত্যেক	82	protyek	TOP1	প্রত্যেক
প	প্রথম	92	prothom	TOP1	প্রথম
প	প্রথমাংশ	83	prothomangsh	TOP1	প্রথমাংশ
প	প্রথমে	85	prothome	TOP1	প্রথমে
প	প্রদান	85	prodan	TOP1	প্রদান
প	প্রদেশ	83	prodesh	TOP1	প্রদেশ
প	প্রধান	90	prodhan	TOP1	প্রধান
প	প্রধানমন্ত্রী	86	prodhanomontrii	TOP1	প্রধানমন্ত্রী
প	প্রফেসর	82	prophesor	TOP1	প্রফেসর
প	প্রবেশ	85	probesh	TOP1	প্রবেশ
প	প্রভাব	85	probhab	TOP1	প্রভাব
প	প্রভু	82	probhu	TOP1	প্রভু
প	প্রভৃতি	83	probhrriti	TOP1	প্রভৃতি
প	প্রমাণ	85	proman	TOP1	প্রমাণ
প	প্রযুক্তি	84	prozukti	TOP1	প্রযুক্তি
প	প্রশাসনিক	85	proshasonik	TOP1	প্রশাসনিক
প	প্রশ্ন	86	proshn	TOP1	প্রশ্ন
প	প্রস্তাব	84	prostab	TOP1	প্রস্তাব
প	প্রস্তুত	85	prostut	TOP1	প্রস্তুত
প	প্রাকৃতিক	84	prakrritik	TOP1	প্রাকৃতিক
প	প্রাক্তন	84	prakton	TOP1	প্রাক্তন
প	প্রাচীন	86	prachiin	TOP1	প্রাচীন
প	প্রাণ	83	pran	TOP1	প্রাণ
প	প্রাণী	82	pranii	TOP1	প্রাণী
প	প্রাথমিক	86	prathomik	TOP1	প্রাথমিক
প	প্রাপ্ত	83	prapt	TOP1	প্রাপ্ত
প	প্রার্থনা	82	prarthona	TOP1	প্রার্থনা
প	প্রায়	91	pray	TOP1	প্রায়
প	প্রায়ই	82	prayoi	TOP1	প্রায়ই
প	প্রিয়	83	priy	TOP1	প্রিয়
প	প্রেম	83	prem	TOP1	প্রেম
প	প্রেসিডেন্ট	84	president	TOP1	প্রেসিডেন্ট
প	প্রয়োগ	82	proyog	TOP1	প্রয়োগ
প	প্রয়োজন	87	proyojon	TOP1	প্রয়োজন
প	প্রয়োজনীয়	82	proyojoniiy	TOP1	প্রয়োজনীয়
প	প্লিজ	87	plij	TOP1	প্লিজ
ফ	ফক্স	75	phoks	TOP1	ফক্স
ফ	ফটোগ্রাফার	72	photographar	TOP1	ফটোগ্রাফার
ফ	ফরম্যাট	73	phoromyat	TOP1	ফরম্যাট
ফ	ফরিদগঞ্জ	72	phoridogonj	TOP1	ফরিদগঞ্জ
ফ	ফরেস্ট	78	phorest	TOP1	ফরেস্ট
ফ	ফরোয়ার্ড	73	phoroyard	TOP1	ফরোয়ার্ড
ফ	ফর্ম	75	phorm	TOP1	ফর্ম
ফ	ফর্মুলা	72	phormula	TOP1	ফর্মুলা
ফ	ফলপ্রসূ	71	pholoprosuu	TOP1	ফলপ্রসূ
ফ	ফলশ্রুতিতে	75	pholoshrutite	TOP1	ফলশ্রুতিতে
ফ	ফলস্বরূপ	77	pholosworuup	TOP1	ফলস্বরূপ
ফ	ফাউন্টেন	71	phaunten	TOP1	ফাউন্টেন
ফ	ফাউন্ডেশন	78	phaundeshon	TOP1	ফাউন্ডেশন
ফ	ফাউন্ডেশনের	75	phaundeshoner	TOP1	ফাউন্ডেশনের
ফ	ফান্ড	73	phand	TOP6	ফাঁদ
ফ	ফারাক্কা	72	pharakka	TOP1	ফারাক্কা
ফ	ফার্নান্দো	71	pharnando	TOP1	ফার্নান্দো
ফ	ফার্ম	75	pharm	TOP1	ফার্ম
ফ	ফার্মেসি	74	pharmesi	TOP1	ফার্মেসি
ফ	ফার্সি	80	pharsi	TOP1	ফার্সি
ফ	ফার্স্ট	78	pharst	TOP1	ফার্স্ট
ফ	ফাল্গুন	74	phalgun	TOP1	ফাল্গুন
ফ	ফাস্ট	74	phast	TOP1	ফাস্ট
ফ	ফায়ারফক্স	71	phayarophoks	TOP1	ফায়ারফক্স
ফ	ফিজিক্স	72	phijiks	TOP1	ফিজিক্স
ফ	ফিটজেরাল্ড	72	phitojerald	TOP1	ফিটজেরাল্ড
ফ	ফিনল্যান্ড	75	phinolyand	TOP1	ফিনল্যান্ড
ফ	ফিনল্যান্ডের	75	phinolyander	TOP1	ফিনল্যান্ডের
ফ	ফিনিক্স	72	phiniks	TOP1	ফিনিক্স
ফ	ফিলিস্তিন	74	philistin	TOP1	ফিলিস্তিন
ফ	ফিলিস্তিনি	74	philistini	TOP1	ফিলিস্তিনি
ফ	ফিলিস্তিনের	72	philistiner	TOP1	ফিলিস্তিনের
ফ	ফিল্টার	72	philtar	TOP1	ফিল্টার
ফ	ফিল্ড	77	phild	TOP1	ফিল্ড
ফ	ফিল্ডস	72	phildos	TOP1	ফিল্ডস
ফ	ফিল্ম	79	philm	TOP1	ফিল্ম
ফ	ফিল্মফেয়ার	78	philmopheyar	TOP1	ফিল্মফেয়ার
ফ	ফুর্তি	72	phurti	TOP1	ফুর্তি
ফ	ফেঞ্চুগঞ্জ	72	phencugonj	TOP1	ফেঞ্চুগঞ্জ
ফ	ফেব্রুয়ারি	85	phebruyari	TOP1	ফেব্রুয়ারি
ফ	ফেব্রুয়ারিতে	77	phebruyarite	TOP1	ফেব্রুয়ারিতে
ফ	ফেব্রুয়ারির	72	phebruyarir	TOP1	ফেব্রুয়ারির
ফ	ফেব্রুয়ারী	73	phebruyarii	TOP1	ফেব্রুয়ারী
ফ	ফেলিক্স	73	pheliks	TOP1	ফেলিক্স
ফ	ফেস্টিভ্যাল	72	phestibhyal	TOP1	ফেস্টিভ্যাল
ফ	ফোর্ট	76	phort	TOP1	ফোর্ট
ফ	ফোর্ড	74	phord	TOP1	ফোর্ড
ফ	ফোর্স	78	phors	TOP1	ফোর্স
ফ	ফোর্সের	72	phorser	TOP1	ফোর্সের
ফ	ফ্যাক্টর	72	phyaktor	TOP1	ফ্যাক্টর
ফ	ফ্যাক্টরি	75	phyaktori	TOP1	ফ্যাক্টরি
ফ	ফ্যাক্স	75	phyaks	TOP1	ফ্যাক্স
ফ	ফ্যান	74	phyan	TOP1	ফ্যান
ফ	ফ্যামিলি	74	phyamili	TOP1	ফ্যামিলি
ফ	ফ্যাশন	76	phyashon	TOP1	ফ্যাশন
ফ	ফ্রন্ট	75	front	TOP1	ফ্রন্ট
ফ	ফ্রম	73	from	TOP1	ফ্রম
ফ	ফ্রাই	73	frai	TOP1	ফ্রাই
ফ	ফ্রাঙ্ক	77	frangk	TOP1	ফ্রাঙ্ক
ফ	ফ্রাঙ্কলিন	74	frangkolin	TOP1	ফ্রাঙ্কলিন
ফ	ফ্রান্স	83	frans	TOP1	ফ্রান্স
ফ	ফ্রান্সিস	77	fransis	TOP1	ফ্রান্সিস
ফ	ফ্রান্সিসকো	75	fransisoko	TOP1	ফ্রান্সিসকো
ফ	ফ্রান্সে	77	franse	TOP1	ফ্রান্সে
ফ	ফ্রান্সের	82	franser	TOP1	ফ্রান্সের
ফ	ফ্রি	79	fri	TOP1	ফ্রি
ফ	ফ্রিকোয়েন্সি	73	frikoyensi	TOP1	ফ্রিকোয়েন্সি
ফ	ফ্রিজ	73	frij	TOP1	ফ্রিজ
ফ	ফ্রিডম	74	fridom	TOP1	ফ্রিডম
ফ	ফ্রেঞ্চ	79	frenc	TOP1	ফ্রেঞ্চ
ফ	ফ্রেড	74	fred	TOP1	ফ্রেড
ফ	ফ্রেডি	72	fredi	TOP1	ফ্রেডি
ফ	ফ্রেডেরিক	72	frederik	TOP1	ফ্রেডেরিক
ফ	ফ্রেন্ড	73	frend	TOP1	ফ্রেন্ড
ফ	ফ্রেম	72	frem	TOP1	ফ্রেম
ফ	ফ্র্যাঙ্ক	79	fryangk	TOP1	ফ্র্যাঙ্ক
ফ	ফ্লাইট	79	flait	TOP1	ফ্লাইট
ফ	ফ্লাইটে	72	flaite	TOP1	ফ্লাইটে
ফ	ফ্লাইটের	72	flaiter	TOP1	ফ্লাইটের
ফ	ফ্লাওয়ার	72	flaoyar	TOP1	ফ্লাওয়ার
ফ	ফ্লাগ	73	flag	TOP1	ফ্লাগ
ফ	ফ্লেমিং	72	fleming	TOP1	ফ্লেমিং
ফ	ফ্লোর	74	flor	TOP1	ফ্লোর
ফ	ফ্লোরিডা	72	florida	TOP6	ফ্লরিডা
ফ	ফ্লোরে	73	flore	TOP1	ফ্লোরে
ফ	ফ্ল্যাট	74	flyat	TOP1	ফ্ল্যাট
ফ	ফ্ল্যাটে	72	flyate	TOP1	ফ্ল্যাটে
ফ	ফ্ল্যাশ	74	flyash	TOP1	ফ্ল্যাশ
ফ	ফ্লয়েড	75	floyed	TOP1	ফ্লয়েড
ফ	ফ্লয়েডের	72	floyeder	TOP1	ফ্লয়েডের
ব	বংশোদ্ভূত	82	bongshodbhuut	TOP1	বংশোদ্ভূত
ব	বক্তব্য	81	boktoby	TOP1	বক্তব্য
ব	বন্দর	81	bondor	TOP1	বন্দর
ব	বন্দী	81	bondii	TOP1	বন্দী
ব	বন্দুক	81	bonduk	TOP1	বন্দুক
ব	বন্দ্যোপাধ্যায়	80	bondyopadhyay	TOP1	বন্দ্যোপাধ্যায়
ব	বন্ধ	89	bondh	TOP1	বন্ধ
ব	বন্ধু	87	bondhu	TOP1	বন্ধু
ব	বন্ধুরা	81	bondhura	TOP1	বন্ধুরা
ব	বর্গ	82	borg	TOP1	বর্গ
ব	বর্ণনা	84	bornona	TOP1	বর্ণনা
ব	বর্তমান	87	bortoman	TOP1	বর্তমান
ব	বর্তমানে	86	bortomane	TOP1	বর্তমানে
ব	বর্ষপঞ্জি	81	borshoponji	TOP1	বর্ষপঞ্জি
ব	বস্তু	81	bostu	TOP1	বস্তু
ব	বাচ্চা	84	bacca	TOP1	বাচ্চা
ব	বাচ্চাদের	81	baccader	TOP1	বাচ্চাদের
ব	বাণিজ্য	82	banijy	TOP1	বাণিজ্য
ব	বাণিজ্যিক	81	banijyik	TOP1	বাণিজ্যিক
ব	বাধ্য	83	badhy	TOP1	বাধ্য
ব	বার্তা	81	barta	TOP1	বার্তা
ব	বার্ষিক	81	barshik	TOP1	বার্ষিক
ব	বাস্তব	82	bastob	TOP1	বাস্তব
ব	বিক্রি	84	bikri	TOP1	বিক্রি
ব	বিখ্যাত	85	bikhyat	TOP1	বিখ্যাত
ব	বিচ্ছিন্ন	81	bichchinn	TOP1	বিচ্ছিন্ন
ব	বিজ্ঞান	85	bigyan	TOP1	বিজ্ঞান
ব	বিজ্ঞানী	82	bigyanii	TOP1	বিজ্ঞানী
ব	বিদ্যমান	82	bidyoman	TOP1	বিদ্যমান
ব	বিদ্যালয়	88	bidyaloy	TOP1	বিদ্যালয়
ব	বিদ্যুৎ	82	bidyut	TOP1	বিদ্যুৎ
ব	বিদ্রোহ	81	bidroh	TOP1	বিদ্রোহ
ব	বিপক্ষে	83	bipokkhe	TOP1	বিপক্ষে
ব	বিপ্লবী	81	biplobii	TOP1	বিপ্লবী
ব	বিভক্ত	83	bibhokt	TOP1	বিভক্ত
ব	বিভিন্ন	90	bibhinn	TOP1	বিভিন্ন
ব	বিমানবন্দর	82	bimanobondor	TOP1	বিমানবন্দর
ব	বিরক্ত	81	birokt	TOP1	বিরক্ত
ব	বিরুদ্ধে	87	biruddhe	TOP1	বিরুদ্ধে
ব	বিশিষ্ট	83	bishisht	TOP1	বিশিষ্ট
ব	বিশ্ব	85	bishw	TOP1	বিশ্ব
ব	বিশ্বকাপ	84	bishwokap	TOP1	বিশ্বকাপ
ব	বিশ্বকাপে	82	bishwokape	TOP1	বিশ্বকাপে
ব	বিশ্বকাপের	82	bishwokaper	TOP1	বিশ্বকাপের
ব	বিশ্ববিদ্যালয়	88	bishwobidyaloy	TOP1	বিশ্ববিদ্যালয়
ব	বিশ্ববিদ্যালয়ে	81	bishwobidyaloye	TOP1	বিশ্ববিদ্যালয়ে
ব	বিশ্ববিদ্যালয়ের	86	bishwobidyaloyer	TOP1	বিশ্ববিদ্যালয়ের
ব	বিশ্বাস	89	bishwas	TOP1	বিশ্বাস
ব	বিশ্বের	86	bishwer	TOP1	বিশ্বের
ব	বিশ্লেষণ	81	bishleshon	TOP1	বিশ্লেষণ
ব	বিস্তার	81	bistar	TOP1	বিস্তার
ব	বিস্তারিত	83	bistarit	TOP1	বিস্তারিত
ব	বিস্তৃত	83	bistrrit	TOP1	বিস্তৃত
ব	বুদ্ধি	81	buddhi	TOP1	বুদ্ধি
ব	বৃদ্ধি	85	brriddhi	TOP1	বৃদ্ধি
ব	বৃষ্টি	81	brrishti	TOP1	বৃষ্টি
ব	বৃহত্তম	85	brrihottom	TOP1	বৃহত্তম
ব	বৃহত্তর	81	brrihottor	TOP1	বৃহত্তর
ব	বেঙ্গল	81	bengool	TOP1	বেঙ্গল
ব	বৈজ্ঞানিক	82	boigyanik	TOP1	বৈজ্ঞানিক
ব	বৈশিষ্ট্য	82	boishishty	TOP1	বৈশিষ্ট্য
ব	বোর্ড	81	bord	TOP1	বোর্ড
ব	বৌদ্ধ	82	bouddh	TOP1	বৌদ্ধ
ব	ব্যক্তি	87	byokti	TOP1	ব্যক্তি
ব	ব্যক্তিগত	84	byoktigot	TOP1	ব্যক্তিগত
ব	ব্যক্তিত্ব	82	byoktitb	TOP1	ব্যক্তিত্ব
ব	ব্যক্তিদের	81	byoktider	TOP1	ব্যক্তিদের
ব	ব্যক্তির	82	byoktir	TOP1	ব্যক্তির
ব	ব্যথা	81	byotha	TOP1	ব্যথা
ব	ব্যবসা	83	byobosa	TOP1	ব্যবসা
ব	ব্যবস্থা	87	byobostha	TOP1	ব্যবস্থা
ব	ব্যবস্থার	81	byobosthar	TOP1	ব্যবস্থার
ব	ব্যবহার	90	byobohar	TOP1	ব্যবহার
ব	ব্যবহারকারী	82	byoboharokarii	TOP1	ব্যবহারকারী
ব	ব্যবহারের	81	byoboharer	TOP1	ব্যবহারের
ব	ব্যবহৃত	86	byobohrrit	TOP1	ব্যবহৃত
ব	ব্যর্থ	82	byorth	TOP1	ব্যর্থ
ব	ব্যস্ত	81	byost	TOP1	ব্যস্ত
ব	ব্যাংক	85	byangk	TOP1	ব্যাংক
ব	ব্যাংকের	81	byangker	TOP1	ব্যাংকের
ব	ব্যাখ্যা	83	byakhya	TOP1	ব্যাখ্যা
ব	ব্যাপক	83	byapok	TOP1	ব্যাপক
ব	ব্যাপার	86	byapar	TOP1	ব্যাপার
ব	ব্যাপারটা	83	byaparota	TOP1	ব্যাপারটা
ব	ব্যাপারে	87	byapare	TOP1	ব্যাপারে
ব	ব্যয়	82	byoy	TOP1	ব্যয়
ব	ব্রাজিল	82	brajil	TOP1	ব্রাজিল
ব	ব্রাজিলের	81	brajiler	TOP1	ব্রাজিলের
ব	ব্রিটিশ	87	british	TOP1	ব্রিটিশ
ব	ব্লক	81	blok	TOP1	ব্লক
ভ	ভক্ত	78	bhokt	TOP1	ভক্ত
ভ	ভক্তদের	75	bhoktoder	TOP1	ভক্তদের
ভ	ভক্তরা	72	bhoktora	TOP1	ভক্তরা
ভ	ভক্তি	77	bhokti	TOP1	ভক্তি
ভ	ভক্ষণ	73	bhokkhon	TOP1	ভক্ষণ
ভ	ভগ্ন	74	bhogn	TOP1	ভগ্ন
ভ	ভগ্নাংশ	72	bhognangsh	TOP1	ভগ্নাংশ
ভ	ভঙ্গ	77	bhongo	TOP1	ভঙ্গ
ভ	ভঙ্গি	73	bhongoi	TOP1	ভঙ্গি
ভ	ভঙ্গুর	73	bhongour	TOP1	ভঙ্গুর
ভ	ভট্টাচার্য	78	bhottachary	TOP1	ভট্টাচার্য
ভ	ভদ্র	78	bhodr	TOP1	ভদ্র
ভ	ভদ্রতা	72	bhodrota	TOP1	ভদ্রতা
ভ	ভদ্রমহিলা	73	bhodromohila	TOP1	ভদ্রমহিলা
ভ	ভদ্রলোক	75	bhodrolok	TOP1	ভদ্রলোক
ভ	ভবিষ্যত	77	bhobishyot	TOP6	ভবিষ্যৎ
ভ	ভবিষ্যতে	80	bhobishyote	TOP1	ভবিষ্যতে
ভ	ভবিষ্যতের	78	bhobishyoter	TOP1	ভবিষ্যতের
ভ	ভবিষ্যদ্বাণী	77	bhobishyodbanii	TOP1	ভবিষ্যদ্বাণী
ভ	ভবিষ্যৎ	82	bhobishyot	TOP1	ভবিষ্যৎ
ভ	ভর্তি	83	bhorti	TOP1	ভর্তি
ভ	ভর্তির	74	bhortir	TOP1	ভর্তির
ভ	ভাগ্য	81	bhagy	TOP1	ভাগ্য
ভ	ভাগ্যবান	78	bhagyoban	TOP1	ভাগ্যবান
ভ	ভাগ্যে	75	bhagye	TOP1	ভাগ্যে
ভ	ভাগ্যের	76	bhagyer	TOP1	ভাগ্যের
ভ	ভাঙ্গা	78	bhangoa	TOP1	ভাঙ্গা
ভ	ভাঙ্গার	74	bhangoar	TOP1	ভাঙ্গার
ভ	ভাণ্ডার	74	bhandar	TOP1	ভাণ্ডার
ভ	ভাদ্র	74	bhadr	TOP1	ভাদ্র
ভ	ভারতবর্ষ	73	bharotoborsh	TOP1	ভারতবর্ষ
ভ	ভারতবর্ষে	74	bharotoborshe	TOP1	ভারতবর্ষে
ভ	ভারতবর্ষের	75	bharotoborsher	TOP1	ভারতবর্ষের
ভ	ভারতরত্ন	74	bharotorotn	TOP1	ভারতরত্ন
ভ	ভারপ্রাপ্ত	79	bharoprapt	TOP1	ভারপ্রাপ্ত
ভ	ভারসাম্য	78	bharosamy	TOP1	ভারসাম্য
ভ	ভার্চুয়াল	73	bharchuyal	TOP1	ভার্চুয়াল
ভ	ভার্জিনিয়া	76	bharjiniya	TOP1	ভার্জিনিয়া
ভ	ভার্দে	73	bharde	TOP1	ভার্দে
ভ	ভার্ন	74	bharn	TOP1	ভার্ন
ভ	ভাল্লুক	73	bhalluk	TOP1	ভাল্লুক
ভ	ভাষাতাত্ত্বিক	74	bhashatattbik	TOP1	ভাষাতাত্ত্বিক
ভ	ভাষাবিজ্ঞান	78	bhashabigyan	TOP1	ভাষাবিজ্ঞান
ভ	ভাষাবিজ্ঞানী	76	bhashabigyanii	TOP1	ভাষাবিজ্ঞানী
ভ	ভাষাবিজ্ঞানের	73	bhashabigyaner	TOP1	ভাষাবিজ্ঞানের
ভ	ভাষ্য	77	bhashy	TOP1	ভাষ্য
ভ	ভাস্কর	75	bhaskor	TOP1	ভাস্কর
ভ	ভাস্কর্য	78	bhaskory	TOP1	ভাস্কর্য
ভ	ভাস্কো	73	bhasko	TOP1	ভাস্কো
ভ	ভিক্টর	78	bhiktor	TOP1	ভিক্টর
ভ	ভিক্টোরিয়া	76	bhiktoriya	TOP1	ভিক্টোরিয়া
ভ	ভিক্ষা	77	bhikkha	TOP1	ভিক্ষা
ভ	ভিত্তি	84	bhitti	TOP1	ভিত্তি
ভ	ভিত্তিক	81	bhittik	TOP1	ভিত্তিক
ভ	ভিত্তিতে	82	bhittite	TOP1	ভিত্তিতে
ভ	ভিনসেন্ট	75	bhinosent	TOP1	ভিনসেন্ট
ভ	ভিন্ন	85	bhinn	TOP1	ভিন্ন
ভ	ভিন্নতা	74	bhinnota	TOP1	ভিন্নতা
ভ	ভুক্তভোগী	74	bhuktobhogii	TOP1	ভুক্তভোগী
ভ	ভুট্টা	76	bhutta	TOP1	ভুট্টা
ভ	ভুট্টো	73	bhutto	TOP1	ভুট্টো
ভ	ভূখণ্ড	76	bhuukhond	TOP1	ভূখণ্ড
ভ	ভূখণ্ডে	75	bhuukhonde	TOP1	ভূখণ্ডে
ভ	ভূখণ্ডের	76	bhuukhonder	TOP1	ভূখণ্ডের
ভ	ভূগর্ভস্থ	75	bhuugorbhosth	TOP1	ভূগর্ভস্থ
ভ	ভূতত্ত্ব	73	bhuutottb	TOP1	ভূতত্ত্ব
ভ	ভূতাত্ত্বিক	75	bhuutattbik	TOP1	ভূতাত্ত্বিক
ভ	ভূমধ্যসাগর	74	bhuumodhyosagor	TOP1	ভূমধ্যসাগর
ভ	ভূমধ্যসাগরীয়	75	bhuumodhyosagoriiy	TOP1	ভূমধ্যসাগরীয়
ভ	ভূমিকম্প	78	bhuumikomp	TOP1	ভূমিকম্প
ভ	ভূমিকম্পে	77	bhuumikompe	TOP1	ভূমিকম্পে
ভ	ভূমিকম্পের	77	bhuumikomper	TOP1	ভূমিকম্পের
ভ	ভেক্টর	74	bhektor	TOP1	ভেক্টর
ভ	ভেঙ্গে	82	bhengoe	TOP1	ভেঙ্গে
ভ	ভেস্তে	74	bheste	TOP1	ভেস্তে
ভ	ভোক্তা	73	bhokta	TOP1	ভোক্তা
ভ	ভ্যাট	74	bhyat	TOP1	ভ্যাট
ভ	ভ্যাটিকান	76	bhyatikan	TOP1	ভ্যাটিকান
ভ	ভ্যান	80	bhyan	TOP1	ভ্যান
ভ	ভ্যান্স	74	bhyans	TOP1	ভ্যান্স
ভ	ভ্যালি	75	bhyali	TOP1	ভ্যালি
ভ	ভ্রম	73	bhrom	TOP1	ভ্রম
ভ	ভ্রমণ	82	bhromon	TOP1	ভ্রমণ
ভ	ভ্রমণে	74	bhromone	TOP1	ভ্রমণে
ভ	ভ্রমণের	77	bhromoner	TOP1	ভ্রমণের
ভ	ভ্রাতা	75	bhrata	TOP1	ভ্রাতা
ভ	ভ্রান্ত	73	bhrant	TOP1	ভ্রান্ত
ভ	ভ্রাম্যমাণ	73	bhramyoman	TOP1	ভ্রাম্যমাণ
ভ	ভ্লাদিমির	74	bhladimir	TOP1	ভ্লাদিমির
ভ	ভয়ঙ্কর	78	bhoyongkor	TOP6	ভয়ংকর
ম	মক্কা	77	mokka	TOP1	মক্কা
ম	মঙ্গল	80	mongool	TOP1	মঙ্গল
ম	মঙ্গলবার	80	mongoolobar	TOP1	মঙ্গলবার
ম	মঞ্চ	78	monc	TOP1	মঞ্চ
ম	মঞ্চে	77	monce	TOP1	মঞ্চে
ম	মধ্য	86	modhy	TOP1	মধ্য
ম	মধ্যকার	78	modhyokar	TOP1	মধ্যকার
ম	মধ্যবর্তী	80	modhyobortii	TOP1	মধ্যবর্তী
ম	মধ্যযুগীয়	79	modhyozugiiy	TOP1	মধ্যযুগীয়
ম	মধ্যে	94	modhye	TOP1	মধ্যে
ম	মধ্যেই	83	modhyei	TOP1	মধ্যেই
ম	মধ্যেও	78	modhyeo	TOP1	মধ্যেও
ম	মন্তব্য	81	montoby	TOP1	মন্তব্য
ম	মন্ত্র	79	montr	TOP1	মন্ত্র
ম	মন্ত্রণালয়	81	montronaloy	TOP1	মন্ত্রণালয়
ম	মন্ত্রণালয়ের	80	montronaloyer	TOP1	মন্ত্রণালয়ের
ম	মন্ত্রী	82	montrii	TOP1	মন্ত্রী
ম	মন্দ	79	mond	TOP1	মন্দ
ম	মন্দির	84	mondir	TOP1	মন্দির
ম	মন্দিরে	78	mondire	TOP1	মন্দিরে
ম	মন্দিরের	79	mondirer	TOP1	মন্দিরের
ম	মর্যাদা	81	moryada	TOP1	মর্যাদা
ম	মস্তিষ্ক	77	mostishk	TOP1	মস্তিষ্ক
ম	মস্তিষ্কের	77	mostishker	TOP1	মস্তিষ্কের
ম	মহাকর্ষ	77	mohakorsh	TOP1	মহাকর্ষ
ম	মহাবিদ্যালয়	78	mohabidyaloy	TOP1	মহাবিদ্যালয়
ম	মহাবিশ্বের	77	mohabishwer	TOP1	মহাবিশ্বের
ম	মাউন্ট	78	maunt	TOP1	মাউন্ট
ম	মাত্র	87	matr	TOP1	মাত্র
ম	মাত্রা	81	matra	TOP1	মাত্রা
ম	মাত্রার	78	matrar	TOP1	মাত্রার
ম	মাদ্রাসা	83	madrasa	TOP1	মাদ্রাসা
ম	মাধ্যম	79	madhyom	TOP1	মাধ্যম
ম	মাধ্যমিক	84	madhyomik	TOP1	মাধ্যমিক
ম	মাধ্যমে	89	madhyome	TOP1	মাধ্যমে
ম	মানচিত্র	82	manochitr	TOP1	মানচিত্র
ম	মানচিত্রে	80	manochitre	TOP1	মানচিত্রে
ম	মানচিত্রের	79	manochitrer	TOP1	মানচিত্রের
ম	মারাত্মক	79	maratmok	TOP1	মারাত্মক
ম	মার্ক	79	mark	TOP1	মার্ক
ম	মার্কিন	90	markin	TOP1	মার্কিন
ম	মার্চ	87	march	TOP1	মার্চ
ম	মার্টিন	78	martin	TOP1	মার্টিন
ম	মাস্টার	81	mastar	TOP1	মাস্টার
ম	মিত্র	80	mitr	TOP1	মিত্র
ম	মিথ্যা	84	mithya	TOP1	মিথ্যা
ম	মিথ্যে	78	mithye	TOP1	মিথ্যে
ম	মির্জা	78	mirja	TOP1	মির্জা
ম	মিশ্র	78	mishr	TOP1	মিশ্র
ম	মিষ্টি	81	mishti	TOP1	মিষ্টি
ম	মিস্টার	82	mistar	TOP1	মিস্টার
ম	মুক্ত	85	mukt	TOP1	মুক্ত
ম	মুক্তি	83	mukti	TOP1	মুক্তি
ম	মুক্তিযুদ্ধের	79	muktizuddher	TOP1	মুক্তিযুদ্ধের
ম	মুক্তিযোদ্ধা	80	muktizoddha	TOP1	মুক্তিযোদ্ধা
ম	মুক্তির	80	muktir	TOP1	মুক্তির
ম	মুখোপাধ্যায়	80	mukhopadhyay	TOP1	মুখোপাধ্যায়
ম	মুখ্য	78	mukhy	TOP1	মুখ্য
ম	মুগ্ধ	79	mugdh	TOP1	মুগ্ধ
ম	মুদ্রা	79	mudra	TOP1	মুদ্রা
ম	মুন্নি	78	munni	TOP1	মুন্নি
ম	মুহম্মদ	78	muhommod	TOP1	মুহম্মদ
ম	মুহাম্মদ	82	muhammod	TOP1	মুহাম্মদ
ম	মুহাম্মাদ	81	muhammad	TOP1	মুহাম্মাদ
ম	মুহূর্ত	78	muhuurt	TOP1	মুহূর্ত
ম	মুহূর্তে	80	muhuurte	TOP1	মুহূর্তে
ম	মূর্তি	80	muurti	TOP1	মূর্তি
ম	মূল্য	82	muuly	TOP1	মূল্য
ম	মূল্যবান	79	muulyoban	TOP1	মূল্যবান
ম	মূল্যায়ন	78	muulyayon	TOP1	মূল্যায়ন
ম	মৃত্যু	88	mrrityu	TOP1	মৃত্যু
ম	মৃত্যুবরণ	79	mrrityuboron	TOP1	মৃত্যুবরণ
ম	মৃত্যুর	85	mrrityur	TOP1	মৃত্যুর
ম	মেক্সিকো	79	meksiko	TOP1	মেক্সিকো
ম	মেট্রো	80	metro	TOP1	মেট্রো
ম	মেট্রোপলিটন	78	metropoliton	TOP1	মেট্রোপলিটন
ম	মেডিক্যাল	78	medikyal	TOP1	মেডিক্যাল
ম	মোস্তফা	78	mostopha	TOP1	মোস্তফা
ম	মোহাম্মদ	85	mohammod	TOP1	মোহাম্মদ
ম	ম্যাক্স	78	myaks	TOP1	ম্যাক্স
ম	ম্যাচ	82	myach	TOP1	ম্যাচ
ম	ম্যাচে	82	myache	TOP1	ম্যাচে
ম	ম্যাচের	80	myacher	TOP1	ম্যাচের
ম	ম্যাডাম	80	myadam	TOP1	ম্যাডাম
ম	ম্যান	82	myan	TOP1	ম্যান
ম	ম্যানচেস্টার	79	myanochestar	TOP1	ম্যানচেস্টার
ম	ম্যানেজার	79	myanejar	TOP1	ম্যানেজার
ম	ম্যাপ	79	myap	TOP1	ম্যাপ
ম	ম্যাম	78	myam	TOP1	ম্যাম
ম	মৎস্য	78	motosy	TOP1	মৎস্য
য	যক্ষ্মা	76	zokkhma	TOP1	যক্ষ্মা
য	যক্ষ্মার	72	zokkhmar	TOP1	যক্ষ্মার
য	যক্ষ্মায়	72	zokkhmay	TOP1	যক্ষ্মায়
য	যজ্ঞ	75	zogy	TOP6	যোগ্য
য	যজ্ঞের	71	zogyer	TOP1	যজ্ঞের
য	যতক্ষণ	81	zotokkhon	TOP1	যতক্ষণ
য	যতক্ষন	75	zotokkhon	TOP6	যতক্ষণ
য	যত্তসব	73	zottosob	TOP1	যত্তসব
য	যত্ন	80	zotn	TOP1	যত্ন
য	যত্নে	72	zotne	TOP1	যত্নে
য	যত্র	71	zotr	TOP1	যত্র
য	যথাক্রমে	80	zothakrome	TOP1	যথাক্রমে
য	যথার্থ	75	zotharth	TOP1	যথার্থ
য	যথাসম্ভব	71	zothasombhob	TOP1	যথাসম্ভব
য	যথাসাধ্য	72	zothasadhy	TOP1	যথাসাধ্য
য	যথেষ্ট	85	zothesht	TOP1	যথেষ্ট
য	যথেষ্ঠ	72	zotheshth	TOP1	যথেষ্ঠ
য	যন্ত্র	82	zontr	TOP1	যন্ত্র
য	যন্ত্রকৌশল	71	zontrokoushol	TOP1	যন্ত্রকৌশল
য	যন্ত্রটা	72	zontrota	TOP1	যন্ত্রটা
য	যন্ত্রটি	71	zontroti	TOP1	যন্ত্রটি
য	যন্ত্রণা	77	zontrona	TOP1	যন্ত্রণা
য	যন্ত্রণায়	71	zontronay	TOP1	যন্ত্রণায়
য	যন্ত্রপাতি	77	zontropati	TOP1	যন্ত্রপাতি
য	যন্ত্রপাতির	72	zontropatir	TOP1	যন্ত্রপাতির
য	যন্ত্রাংশ	73	zontrangsh	TOP1	যন্ত্রাংশ
য	যন্ত্রে	73	zontre	TOP1	যন্ত্রে
য	যন্ত্রের	77	zontrer	TOP1	যন্ত্রের
য	যাচ্ছ	82	zachch	TOP1	যাচ্ছ
য	যাচ্ছি	87	zachchi	TOP1	যাচ্ছি
য	যাচ্ছিল	77	zachchil	TOP1	যাচ্ছিল
য	যাচ্ছিলাম	76	zachchilam	TOP1	যাচ্ছিলাম
য	যাচ্ছিলে	72	zachchile	TOP1	যাচ্ছিলে
য	যাচ্ছিলেন	73	zachchilen	TOP1	যাচ্ছিলেন
য	যাচ্ছিস	75	zachchis	TOP1	যাচ্ছিস
য	যাচ্ছে	88	zachche	TOP1	যাচ্ছে
য	যাচ্ছেন	80	zachchen	TOP1	যাচ্ছেন
য	যাচ্ছেনা	73	zachchena	TOP1	যাচ্ছেনা
য	যাচ্ছো	79	zachcho	TOP1	যাচ্ছো
য	যাত্রা	83	zatra	TOP1	যাত্রা
য	যাত্রার	75	zatrar	TOP1	যাত্রার
য	যাত্রায়	74	zatray	TOP1	যাত্রায়
য	যাত্রী	79	zatrii	TOP1	যাত্রী
য	যাত্রীদের	74	zatriider	TOP1	যাত্রীদের
য	যাত্রীবাহী	73	zatriibahii	TOP1	যাত্রীবাহী
য	যাত্রীর	71	zatriir	TOP1	যাত্রীর
য	যাত্রীরা	73	zatriira	TOP1	যাত্রীরা
য	যান্ত্রিক	77	zantrik	TOP1	যান্ত্রিক
য	যাবজ্জীবন	72	zabojjiibon	TOP1	যাবজ্জীবন
য	যুক্ত	85	zukt	TOP1	যুক্ত
য	যুক্তফ্রন্ট	73	zuktofront	TOP1	যুক্তফ্রন্ট
য	যুক্তরাজ্য	82	zuktorajy	TOP1	যুক্তরাজ্য
য	যুক্তরাজ্যে	76	zuktorajye	TOP1	যুক্তরাজ্যে
য	যুক্তরাজ্যের	80	zuktorajyer	TOP1	যুক্তরাজ্যের
য	যুক্তরাষ্ট্র	86	zuktorashtr	TOP1	যুক্তরাষ্ট্র
য	যুক্তরাষ্ট্রকে	71	zuktorashtroke	TOP1	যুক্তরাষ্ট্রকে
য	যুক্তরাষ্ট্রীয়	74	zuktorashtriiy	TOP1	যুক্তরাষ্ট্রীয়
য	যুক্তরাষ্ট্রে	81	zuktorashtre	TOP1	যুক্তরাষ্ট্রে
য	যুক্তরাষ্ট্রের	86	zuktorashtrer	TOP1	যুক্তরাষ্ট্রের
য	যুক্তি	81	zukti	TOP1	যুক্তি
য	যুক্তিবাদী	71	zuktibadii	TOP1	যুক্তিবাদী
য	যুক্তিযুক্ত	72	zuktizukt	TOP1	যুক্তিযুক্ত
য	যুক্তির	73	zuktir	TOP1	যুক্তির
য	যুক্তিসঙ্গত	72	zuktisongoot	TOP1	যুক্তিসঙ্গত
য	যুগান্তকারী	72	zugantokarii	TOP1	যুগান্তকারী
য	যুগান্তর	73	zugantor	TOP1	যুগান্তর
য	যুগোস্লাভিয়া	72	zugoslabhiya	TOP1	যুগোস্লাভিয়া
য	যুগ্ম	76	zugm	TOP1	যুগ্ম
য	যুদ্ধ	88	zuddh	TOP1	যুদ্ধ
য	যুদ্ধকালীন	72	zuddhokaliin	TOP1	যুদ্ধকালীন
য	যুদ্ধক্ষেত্র	72	zuddhokkhetr	TOP1	যুদ্ধক্ষেত্র
য	যুদ্ধক্ষেত্রে	75	zuddhokkhetre	TOP1	যুদ্ধক্ষেত্রে
য	যুদ্ধজাহাজ	71	zuddhojahaj	TOP1	যুদ্ধজাহাজ
য	যুদ্ধটা	71	zuddhota	TOP1	যুদ্ধটা
য	যুদ্ধবিরতি	76	zuddhobiroti	TOP1	যুদ্ধবিরতি
য	যুদ্ধবিরতির	73	zuddhobirotir	TOP1	যুদ্ধবিরতির
য	যুদ্ধে	84	zuddhe	TOP1	যুদ্ধে
য	যুদ্ধের	85	zuddher	TOP1	যুদ্ধের
য	যুধিষ্ঠির	74	zudhishthir	TOP1	যুধিষ্ঠির
য	যোগসূত্র	74	zogosuutr	TOP1	যোগসূত্র
য	যোগাযোগমাধ্যম	75	zogazogomadhyom	TOP1	যোগাযোগমাধ্যম
য	যোগাযোগমাধ্যমে	78	zogazogomadhyome	TOP1	যোগাযোগমাধ্যমে
য	যোগ্য	81	zogy	TOP1	যোগ্য
য	যোগ্যতা	78	zogyota	TOP1	যোগ্যতা
য	যোগ্যতার	72	zogyotar	TOP1	যোগ্যতার
য	যোদ্ধা	79	zoddha	TOP1	যোদ্ধা
য	যোদ্ধাদের	74	zoddhader	TOP1	যোদ্ধাদের
য	যোদ্ধার	72	zoddhar	TOP1	যোদ্ধার
য	যোদ্ধারা	72	zoddhara	TOP1	যোদ্ধারা
য	যৌক্তিক	76	zouktik	TOP1	যৌক্তিক
র	রক্ত	84	rokt	TOP1	রক্ত
র	রক্তচাপ	73	roktochap	TOP1	রক্তচাপ
র	রক্তপাত	74	roktopat	TOP1	রক্তপাত
র	রক্তাক্ত	73	roktakt	TOP1	রক্তাক্ত
র	রক্তে	77	rokte	TOP1	রক্তে
র	রক্তের	80	rokter	TOP1	রক্তের
র	রক্ষক	76	rokkhok	TOP1	রক্ষক
র	রক্ষণশীল	75	rokkhonoshiil	TOP1	রক্ষণশীল
র	রক্ষণাবেক্ষণ	74	rokkhonabekkhon	TOP1	রক্ষণাবেক্ষণ
র	রক্ষা	85	rokkha	TOP1	রক্ষা
র	রক্ষাকারী	76	rokkhakarii	TOP1	রক্ষাকারী
র	রক্ষার	78	rokkhar	TOP1	রক্ষার
র	রক্ষায়	75	rokkhay	TOP1	রক্ষায়
র	রক্ষিত	74	rokkhit	TOP1	রক্ষিত
র	রজার্স	74	rojars	TOP1	রজার্স
র	রঞ্জন	74	ronjon	TOP1	রঞ্জন
র	রঞ্জিত	76	ronjit	TOP1	রঞ্জিত
র	রত্ন	75	rotn	TOP1	রত্ন
র	রপ্তানি	80	roptani	TOP1	রপ্তানি
র	রপ্তানির	74	roptanir	TOP1	রপ্তানির
র	রবার্ট	81	robart	TOP1	রবার্ট
র	রবীন্দ্র	77	robiindr	TOP1	রবীন্দ্র
র	রবীন্দ্রনাথ	81	robiindronath	TOP1	রবীন্দ্রনাথ
র	রবীন্দ্রনাথের	77	robiindronather	TOP1	রবীন্দ্রনাথের
র	রবীন্দ্রসঙ্গীত	75	robiindrosongoiit	TOP1	রবীন্দ্রসঙ্গীত
র	রশ্মি	78	roshmi	TOP1	রশ্মি
র	রশ্মির	74	roshmir	TOP1	রশ্মির
র	রহস্য	80	rohosy	TOP1	রহস্য
র	রহস্যময়	76	rohosyomoy	TOP1	রহস্যময়
র	রহস্যের	73	rohosyer	TOP1	রহস্যের
র	রাউন্ড	76	raund	TOP1	রাউন্ড
র	রাউন্ডে	75	raunde	TOP1	রাউন্ডে
র	রাক্ষস	74	rakkhos	TOP1	রাক্ষস
র	রাগান্বিত	74	raganbit	TOP1	রাগান্বিত
র	রাঙ্গামাটি	78	rangoamati	TOP1	রাঙ্গামাটি
র	রাঙ্গুনিয়া	76	rangouniya	TOP1	রাঙ্গুনিয়া
র	রাজকন্যা	75	rajokonya	TOP1	রাজকন্যা
র	রাজতন্ত্র	77	rajotontr	TOP1	রাজতন্ত্র
র	রাজতন্ত্রের	73	rajotontrer	TOP1	রাজতন্ত্রের
র	রাজত্ব	79	rajotb	TOP1	রাজত্ব
র	রাজত্বকালে	74	rajotbokale	TOP1	রাজত্বকালে
র	রাজত্বের	74	rajotber	TOP1	রাজত্বের
র	রাজপুত্র	76	rajoputr	TOP1	রাজপুত্র
র	রাজস্ব	80	rajosw	TOP1	রাজস্ব
র	রাজ্জাক	75	rajjak	TOP1	রাজ্জাক
র	রাজ্য	86	rajy	TOP1	রাজ্য
র	রাজ্যটি	74	rajyoti	TOP1	রাজ্যটি
র	রাজ্যে	81	rajye	TOP1	রাজ্যে
র	রাজ্যের	85	rajyer	TOP1	রাজ্যের
র	রাত্রি	80	ratri	TOP1	রাত্রি
র	রাত্রে	76	ratre	TOP1	রাত্রে
র	রান্না	81	ranna	TOP1	রান্না
র	রামকৃষ্ণ	77	ramokrrishn	TOP1	রামকৃষ্ণ
র	রাষ্ট্র	86	rashtr	TOP1	রাষ্ট্র
র	রাষ্ট্রদূত	75	rashtroduut	TOP1	রাষ্ট্রদূত
র	রাষ্ট্রপতি	86	rashtropoti	TOP1	রাষ্ট্রপতি
র	রাষ্ট্রপতির	78	rashtropotir	TOP1	রাষ্ট্রপতির
র	রাষ্ট্রপ্রধান	74	rashtroprodhan	TOP1	রাষ্ট্রপ্রধান
র	রাষ্ট্রভাষা	76	rashtrobhasha	TOP1	রাষ্ট্রভাষা
র	রাষ্ট্রীয়	81	rashtriiy	TOP1	রাষ্ট্রীয়
র	রাষ্ট্রের	81	rashtrer	TOP1	রাষ্ট্রের
র	রাস্তা	84	rasta	TOP1	রাস্তা
র	রাস্তার	80	rastar	TOP1	রাস্তার
র	রাস্তায়	81	rastay	TOP1	রাস্তায়
র	রায়গঞ্জ	74	rayogonj	TOP1	রায়গঞ্জ
র	রিচার্ড	79	richard	TOP1	রিচার্ড
র	রিজার্ভ	75	rijarbh	TOP1	রিজার্ভ
র	রিটার্ন	75	ritarn	TOP1	রিটার্ন
র	রিপোর্ট	81	riport	TOP1	রিপোর্ট
র	রিপোর্টে	74	riporte	TOP1	রিপোর্টে
র	রিসার্চ	78	risarch	TOP1	রিসার্চ
র	রিসেপ্টর	75	riseptor	TOP1	রিসেপ্টর
র	রুদ্ধ	74	ruddh	TOP1	রুদ্ধ
র	রুদ্র	74	rudr	TOP1	রুদ্র
র	রূপান্তর	81	ruupantor	TOP1	রূপান্তর
র	রূপান্তরিত	80	ruupantorit	TOP1	রূপান্তরিত
র	রূপান্তরের	74	ruupantorer	TOP1	রূপান্তরের
র	রেকর্ড	83	rekord	TOP1	রেকর্ড
র	রেকর্ডিং	75	rekording	TOP1	রেকর্ডিং
র	রেজিমেন্ট	75	rejiment	TOP1	রেজিমেন্ট
র	রেঞ্জ	75	renj	TOP1	রেঞ্জ
র	রেঞ্জার	74	renjar	TOP1	রেঞ্জার
র	রোনাল্ড	74	ronald	TOP6	রনেলড
র	রোমাঞ্চকর	74	romancokor	TOP1	রোমাঞ্চকর
র	রোমান্টিক	76	romantik	TOP1	রোমান্টিক
র	রোমান্স	75	romans	TOP1	রোমান্স
র	রোহিঙ্গা	74	rohingoa	TOP1	রোহিঙ্গা
র	রৌপ্য	75	roupy	TOP1	রৌপ্য
র	রয়্যাল	77	royyal	TOP1	রয়্যাল
ল	লক্ষ	83	lokkh	TOP1	লক্ষ
ল	লক্ষণ	80	lokkhon	TOP1	লক্ষণ
ল	লক্ষণীয়	74	lokkhoniiy	TOP1	লক্ষণীয়
ল	লক্ষন	71	lokkhon	TOP6	লক্ষণ
ল	লক্ষাধিক	71	lokkhadhik	TOP1	লক্ষাধিক
ল	লক্ষিত	71	lokkhit	TOP1	লক্ষিত
ল	লক্ষী	73	lokkhii	TOP1	লক্ষী
ল	লক্ষীপুর	72	lokkhiipur	TOP1	লক্ষীপুর
ল	লক্ষে	71	lokkhe	TOP1	লক্ষে
ল	লক্ষের	70	lokkher	TOP1	লক্ষের
ল	লক্ষ্মণ	73	lokkhmon	TOP1	লক্ষ্মণ
ল	লক্ষ্মী	76	lokkhmii	TOP1	লক্ষ্মী
ল	লক্ষ্মীপুর	77	lokkhmiipur	TOP1	লক্ষ্মীপুর
ল	লক্ষ্মীপুরের	70	lokkhmiipurer	TOP1	লক্ষ্মীপুরের
ল	লক্ষ্য	84	lokkhy	TOP1	লক্ষ্য
ল	লক্ষ্যবস্তু	72	lokkhyobostu	TOP1	লক্ষ্যবস্তু
ল	লক্ষ্যমাত্রা	73	lokkhyomatra	TOP1	লক্ষ্যমাত্রা
ল	লক্ষ্যে	80	lokkhye	TOP1	লক্ষ্যে
ল	লক্ষ্যের	71	lokkhyer	TOP1	লক্ষ্যের
ল	লগ্ন	70	logn	TOP1	লগ্ন
ল	লঙ্ঘন	77	longghon	TOP1	লঙ্ঘন
ল	লঙ্ঘনের	73	longghoner	TOP1	লঙ্ঘনের
ল	লজ্জা	79	lojja	TOP1	লজ্জা
ল	লজ্জাজনক	73	lojjajonok	TOP1	লজ্জাজনক
ল	লজ্জার	73	lojjar	TOP1	লজ্জার
ল	লজ্জায়	73	lojjay	TOP1	লজ্জায়
ল	লজ্জিত	75	lojjit	TOP1	লজ্জিত
ল	লঞ্চ	76	lonc	TOP1	লঞ্চ
ল	লন্ডন	81	london	TOP1	লন্ডন
ল	লন্ডনে	78	londone	TOP1	লন্ডনে
ল	লন্ডনের	78	londoner	TOP1	লন্ডনের
ল	লবণাক্ত	73	lobonakt	TOP1	লবণাক্ত
ল	লব্ধ	70	lobdh	TOP1	লব্ধ
ল	লভ্যাংশ	72	lobhyangsh	TOP1	লভ্যাংশ
ল	লম্ব	71	lomb	TOP1	লম্ব
ল	লম্বা	82	lomba	TOP1	লম্বা
ল	লরেন্স	75	lorens	TOP1	লরেন্স
ল	লর্ড	82	lord	TOP1	লর্ড
ল	লস্ট	70	lost	TOP1	লস্ট
ল	লাইগ্যা	72	laigya	TOP1	লাইগ্যা
ল	লাইব্রেরি	78	laibreri	TOP1	লাইব্রেরি
ল	লাইব্রেরিতে	71	laibrerite	TOP1	লাইব্রেরিতে
ল	লাইব্রেরির	71	laibrerir	TOP1	লাইব্রেরির
ল	লাইব্রেরী	72	laibrerii	TOP1	লাইব্রেরী
ল	লাইসেন্স	78	laisens	TOP1	লাইসেন্স
ল	লাইসেন্সের	72	laisenser	TOP1	লাইসেন্সের
ল	লাক্ষা	70	lakkha	TOP1	লাক্ষা
ল	লাঙ্গল	70	langool	TOP1	লাঙ্গল
ল	লাঞ্চ	75	lanc	TOP1	লাঞ্চ
ল	লাঞ্চের	71	lancer	TOP6	ল্যান্সার
ল	লাবণ্য	70	labony	TOP1	লাবণ্য
ল	লার্নিং	71	larning	TOP1	লার্নিং
ল	লার্ভা	71	larbha	TOP1	লার্ভা
ল	লাস্ট	74	last	TOP1	লাস্ট
ল	লিওনার্ড	71	lionard	TOP1	লিওনার্ড
ল	লিওনার্দো	73	lionardo	TOP1	লিওনার্দো
ল	লিঙ্ক	73	lingk	TOP6	লিংক
ল	লিঙ্কন	70	lingkon	TOP6	লিংকন
ল	লিঙ্গ	77	lingo	TOP1	লিঙ্গ
ল	লিঙ্গের	71	lingoer	TOP1	লিঙ্গের
ল	লিনাক্স	77	linaks	TOP1	লিনাক্স
ল	লিপিবদ্ধ	76	lipiboddh	TOP1	লিপিবদ্ধ
ল	লিপ্ত	77	lipt	TOP1	লিপ্ত
ল	লিবার্টি	72	libarti	TOP1	লিবার্টি
ল	লিস্ট	76	list	TOP1	লিস্ট
ল	লিস্টে	75	liste	TOP1	লিস্টে
ল	লুক্সেমবার্গ	75	luksemobarg	TOP1	লুক্সেমবার্গ
ল	লুক্সেমবার্গের	73	luksemobarger	TOP1	লুক্সেমবার্গের
ল	লুঙ্গি	73	lungoi	TOP1	লুঙ্গি
ল	লুণ্ঠন	71	lunthon	TOP1	লুণ্ঠন
ল	লুপ্ত	73	lupt	TOP1	লুপ্ত
ল	লেন্স	75	lens	TOP1	লেন্স
ল	লেন্সের	71	lenser	TOP1	লেন্সের
ল	লেফটেন্যান্ট	79	lephotenyant	TOP1	লেফটেন্যান্ট
ল	লোকসংখ্যা	72	lokosongkhya	TOP1	লোকসংখ্যা
ল	লোকসঙ্গীত	72	lokosongoiit	TOP1	লোকসঙ্গীত
ল	ল্যাংডন	71	lyangdon	TOP1	ল্যাংডন
ল	ল্যাংড়া	71	lyangra	TOP1	ল্যাংড়া
ল	ল্যাঙ্গুয়েজ	72	lyangouyej	TOP1	ল্যাঙ্গুয়েজ
ল	ল্যাটিন	77	lyatin	TOP1	ল্যাটিন
ল	ল্যান্ড	75	lyand	TOP1	ল্যান্ড
ল	ল্যান্ডার	71	lyandar	TOP1	ল্যান্ডার
ল	ল্যান্ডিং	74	lyanding	TOP1	ল্যান্ডিং
ল	ল্যান্স	72	lyans	TOP1	ল্যান্স
ল	ল্যাপটপ	75	lyapotop	TOP1	ল্যাপটপ
ল	ল্যাপটপের	73	lyapotoper	TOP1	ল্যাপটপের
ল	ল্যাব	77	lyab	TOP1	ল্যাব
ল	ল্যাবরেটরি	74	lyaboretori	TOP1	ল্যাবরেটরি
ল	ল্যাবে	74	lyabe	TOP1	ল্যাবে
ল	ল্যারি	75	lyari	TOP1	ল্যারি
শ	শক্ত	82	shokt	TOP1	শক্ত
শ	শক্তি	86	shokti	TOP1	শক্তি
শ	শক্তিকে	75	shoktike	TOP1	শক্তিকে
শ	শক্তিতে	75	shoktite	TOP1	শক্তিতে
শ	শক্তির	82	shoktir	TOP1	শক্তির
শ	শক্তিশালী	85	shoktishalii	TOP1	শক্তিশালী
শ	শঙ্কর	76	shongkor	TOP1	শঙ্কর
শ	শঙ্কু	75	shongku	TOP1	শঙ্কু
শ	শতাব্দী	84	shotabdii	TOP1	শতাব্দী
শ	শতাব্দীতে	81	shotabdiite	TOP1	শতাব্দীতে
শ	শতাব্দীর	87	shotabdiir	TOP1	শতাব্দীর
শ	শত্রু	80	shotru	TOP1	শত্রু
শ	শত্রুদের	77	shotruder	TOP1	শত্রুদের
শ	শত্রুর	76	shotrur	TOP1	শত্রুর
শ	শনাক্ত	79	shonakt	TOP1	শনাক্ত
শ	শব্দ	87	shobd	TOP1	শব্দ
শ	শব্দটি	82	shobdoti	TOP1	শব্দটি
শ	শব্দটির	77	shobdotir	TOP1	শব্দটির
শ	শব্দে	78	shobde	TOP1	শব্দে
শ	শব্দের	83	shobder	TOP1	শব্দের
শ	শরণার্থী	76	shoronarthii	TOP1	শরণার্থী
শ	শর্ট	75	short	TOP1	শর্ট
শ	শর্ত	79	short	TOP6	শর্ট
শ	শর্তে	75	shorte	TOP1	শর্তে
শ	শস্য	76	shosy	TOP1	শস্য
শ	শান্ত	84	shant	TOP1	শান্ত
শ	শান্তি	84	shanti	TOP1	শান্তি
শ	শান্তিতে	77	shantite	TOP1	শান্তিতে
শ	শান্তিনিকেতন	75	shantiniketon	TOP1	শান্তিনিকেতন
শ	শান্তির	77	shantir	TOP1	শান্তির
শ	শার্ট	77	shart	TOP1	শার্ট
শ	শার্লক	79	sharlok	TOP1	শার্লক
শ	শাস্তি	82	shasti	TOP1	শাস্তি
শ	শাস্তির	75	shastir	TOP1	শাস্তির
শ	শাস্ত্র	76	shastr	TOP1	শাস্ত্র
শ	শাস্ত্রী	75	shastrii	TOP1	শাস্ত্রী
শ	শাস্ত্রীয়	78	shastriiy	TOP1	শাস্ত্রীয়
শ	শাহ্	76	shah	MISS	শাহ
শ	শায়েস্তা	75	shayesta	TOP1	শায়েস্তা
শ	শিক্ষক	84	shikkhok	TOP1	শিক্ষক
শ	শিক্ষকদের	76	shikkhokoder	TOP1	শিক্ষকদের
শ	শিক্ষকের	76	shikkhoker	TOP1	শিক্ষকের
শ	শিক্ষা	88	shikkha	TOP1	শিক্ষা
শ	শিক্ষাপ্রতিষ্ঠান	78	shikkhaprotishthan	TOP1	শিক্ষাপ্রতিষ্ঠান
শ	শিক্ষাবিদ	80	shikkhabid	TOP1	শিক্ষাবিদ
শ	শিক্ষামন্ত্রী	76	shikkhamontrii	TOP1	শিক্ষামন্ত্রী
শ	শিক্ষার	82	shikkhar	TOP1	শিক্ষার
শ	শিক্ষার্থী	84	shikkharthii	TOP1	শিক্ষার্থী
শ	শিক্ষার্থীদের	81	shikkharthiider	TOP1	শিক্ষার্থীদের
শ	শিক্ষার্থীর	76	shikkharthiir	TOP1	শিক্ষার্থীর
শ	শিক্ষার্থীরা	78	shikkharthiira	TOP1	শিক্ষার্থীরা
শ	শিক্ষিত	78	shikkhit	TOP1	শিক্ষিত
শ	শিল্প	85	shilp	TOP1	শিল্প
শ	শিল্পকলা	78	shilpokola	TOP1	শিল্পকলা
শ	শিল্পী	83	shilpii	TOP1	শিল্পী
শ	শিল্পীদের	76	shilpiider	TOP1	শিল্পীদের
শ	শিল্পে	77	shilpe	TOP1	শিল্পে
শ	শিল্পের	80	shilper	TOP1	শিল্পের
শ	শিষ্য	77	shishy	TOP1	শিষ্য
শ	শীঘ্রই	81	shiighroi	TOP1	শীঘ্রই
শ	শীর্ষ	81	shiirsh	TOP1	শীর্ষ
শ	শীর্ষক	76	shiirshok	TOP1	শীর্ষক
শ	শীর্ষস্থানীয়	76	shiirshosthaniiy	TOP1	শীর্ষস্থানীয়
শ	শীর্ষে	77	shiirshe	TOP1	শীর্ষে
শ	শুক্রবার	80	shukrobar	TOP1	শুক্রবার
শ	শুদ্ধ	77	shuddh	TOP1	শুদ্ধ
শ	শুধুমাত্র	85	shudhumatr	TOP1	শুধুমাত্র
শ	শুভেচ্ছা	77	shubhechcha	TOP1	শুভেচ্ছা
শ	শুল্ক	77	shulk	TOP1	শুল্ক
শ	শুষ্ক	80	shushk	TOP1	শুষ্ক
শ	শূন্য	81	shuuny	TOP1	শূন্য
শ	শৃঙ্খলা	77	shrringkhola	TOP1	শৃঙ্খলা
শ	শ্বাস	80	shwas	TOP1	শ্বাস
শ	শ্বেত	77	shwet	TOP1	শ্বেত
শ	শ্রদ্ধা	79	shroddha	TOP1	শ্রদ্ধা
শ	শ্রবণ	76	shrobon	TOP1	শ্রবণ
শ	শ্রম	78	shrom	TOP1	শ্রম
শ	শ্রমিক	81	shromik	TOP1	শ্রমিক
শ	শ্রমিকদের	77	shromikoder	TOP1	শ্রমিকদের
শ	শ্রাবণ	76	shrabon	TOP1	শ্রাবণ
শ	শ্রী	78	shrii	TOP1	শ্রী
শ	শ্রীপুর	76	shriipur	TOP1	শ্রীপুর
শ	শ্রীলঙ্কা	77	shriilongka	TOP1	শ্রীলঙ্কা
শ	শ্রেণি	78	shreni	TOP1	শ্রেণি
শ	শ্রেণিতে	76	shrenite	TOP1	শ্রেণিতে
শ	শ্রেণির	78	shrenir	TOP1	শ্রেণির
শ	শ্রেণী	78	shrenii	TOP1	শ্রেণী
শ	শ্রেণীর	80	shreniir	TOP1	শ্রেণীর
শ	শ্রেষ্ঠ	84	shreshth	TOP1	শ্রেষ্ঠ
শ	শ্লোক	76	shlok	TOP1	শ্লোক
ষ	অনুষ্ঠান	82	onushthan	TOP1	অনুষ্ঠান
ষ	অনুষ্ঠানে	82	onushthane	TOP1	অনুষ্ঠানে
ষ	অনুষ্ঠিত	84	onushthit	TOP1	অনুষ্ঠিত
ষ	অপেক্ষা	86	opekkha	TOP1	অপেক্ষা
ষ	আবিষ্কার	83	abishkar	TOP1	আবিষ্কার
ষ	কষ্ট	84	kosht	TOP1	কষ্ট
ষ	ক্ষতি	82	kkhoti	TOP1	ক্ষতি
ষ	ক্ষমতা	85	kkhomota	TOP1	ক্ষমতা
ষ	ক্ষমা	84	kkhoma	TOP1	ক্ষমা
ষ	ক্ষুদ্র	83	kkhudr	TOP1	ক্ষুদ্র
ষ	ক্ষেত্রে	87	kkhetre	TOP1	ক্ষেত্রে
ষ	চেষ্টা	89	cheshta	TOP1	চেষ্টা
ষ	দক্ষিণ	89	dokkhin	TOP1	দক্ষিণ
ষ	দক্ষিণে	84	dokkhine	TOP1	দক্ষিণে
ষ	নষ্ট	84	nosht	TOP1	নষ্ট
ষ	নির্দিষ্ট	84	nirdisht	TOP1	নির্দিষ্ট
ষ	পক্ষে	84	pokkhe	TOP1	পক্ষে
ষ	পরিষ্কার	84	porishkar	TOP1	পরিষ্কার
ষ	পরীক্ষা	85	poriikkha	TOP1	পরীক্ষা
ষ	প্রতিষ্ঠা	84	protishtha	TOP1	প্রতিষ্ঠা
ষ	প্রতিষ্ঠান	84	protishthan	TOP1	প্রতিষ্ঠান
ষ	প্রতিষ্ঠার	84	protishthar	TOP1	প্রতিষ্ঠার
ষ	প্রতিষ্ঠিত	86	protishthit	TOP1	প্রতিষ্ঠিত
ষ	বিপক্ষে	83	bipokkhe	TOP1	বিপক্ষে
ষ	বিশিষ্ট	83	bishisht	TOP1	বিশিষ্ট
ষ	যথেষ্ট	85	zothesht	TOP1	যথেষ্ট
ষ	যুক্তরাষ্ট্র	86	zuktorashtr	TOP1	যুক্তরাষ্ট্র
ষ	যুক্তরাষ্ট্রের	86	zuktorashtrer	TOP1	যুক্তরাষ্ট্রের
ষ	রক্ষা	85	rokkha	TOP1	রক্ষা
ষ	রাষ্ট্র	86	rashtr	TOP1	রাষ্ট্র
ষ	রাষ্ট্রপতি	86	rashtropoti	TOP1	রাষ্ট্রপতি
ষ	লক্ষ	83	lokkh	TOP1	লক্ষ
ষ	লক্ষ্য	84	lokkhy	TOP1	লক্ষ্য
ষ	শিক্ষক	84	shikkhok	TOP1	শিক্ষক
ষ	শিক্ষা	88	shikkha	TOP1	শিক্ষা
ষ	শিক্ষার্থী	84	shikkharthii	TOP1	শিক্ষার্থী
ষ	শ্রেষ্ঠ	84	shreshth	TOP1	শ্রেষ্ঠ
ষ	ষত্ব	65	shotb	TOP1	ষত্ব
ষ	ষষ্ট	40	shosht	TOP1	ষষ্ট
ষ	ষষ্টি	64	shoshti	TOP1	ষষ্টি
ষ	ষষ্ঠ	80	shoshth	TOP1	ষষ্ঠ
ষ	ষষ্ঠতম	64	shoshthotom	TOP1	ষষ্ঠতম
ষ	ষষ্ঠদশ	27	shoshthodosh	TOP1	ষষ্ঠদশ
ষ	ষষ্ঠবারের	63	shoshthobarer	TOP1	ষষ্ঠবারের
ষ	ষষ্ঠাংশ	65	shoshthangsh	TOP1	ষষ্ঠাংশ
ষ	ষষ্ঠী	67	shoshthii	TOP1	ষষ্ঠী
ষ	ষাটগম্বুজ	63	shatogombuj	TOP1	ষাটগম্বুজ
ষ	ষাটোর্ধ	23	shatordh	TOP6	ষাটোর্ধ্ব
ষ	ষাটোর্ধ্ব	60	shatordhb	TOP1	ষাটোর্ধ্ব
ষ	ষাণ্মাসিক	63	shanmasik	TOP1	ষাণ্মাসিক
ষ	ষান্মাসিক	61	shanmasik	TOP6	ষাণ্মাসিক
ষ	ষ্টাফ	63	shtaph	TOP1	ষ্টাফ
ষ	ষ্টার	64	shtar	TOP1	ষ্টার
ষ	ষ্টি	61	shti	TOP1	ষ্টি
ষ	ষ্টুডিও	64	shtudio	TOP1	ষ্টুডিও
ষ	ষ্টেডিয়াম	61	shtediyam	TOP1	ষ্টেডিয়াম
ষ	ষ্টেশন	73	shteshon	TOP1	ষ্টেশন
ষ	ষ্টেশনে	72	shteshone	TOP1	ষ্টেশনে
ষ	ষ্টেশনের	67	shteshoner	TOP1	ষ্টেশনের
ষ	ষড়দর্শন	60	shorodorshon	TOP1	ষড়দর্শন
ষ	ষড়যন্ত্র	77	shorozontr	TOP1	ষড়যন্ত্র
ষ	ষড়যন্ত্রও	21	shorozontroo	TOP1	ষড়যন্ত্রও
ষ	ষড়যন্ত্রকারী	69	shorozontrokarii	TOP1	ষড়যন্ত্রকারী
ষ	ষড়যন্ত্রকারীদের	65	shorozontrokariider	TOP1	ষড়যন্ত্রকারীদের
ষ	ষড়যন্ত্রকারীরা	60	shorozontrokariira	TOP1	ষড়যন্ত্রকারীরা
ষ	ষড়যন্ত্রকারীরাই	61	shorozontrokariirai	TOP1	ষড়যন্ত্রকারীরাই
ষ	ষড়যন্ত্রকে	60	shorozontroke	TOP1	ষড়যন্ত্রকে
ষ	ষড়যন্ত্রটি	21	shorozontroti	TOP1	ষড়যন্ত্রটি
ষ	ষড়যন্ত্রমূলক	65	shorozontromuulok	TOP1	ষড়যন্ত্রমূলক
ষ	ষড়যন্ত্রে	69	shorozontre	TOP1	ষড়যন্ত্রে
ষ	ষড়যন্ত্রের	72	shorozontrer	TOP1	ষড়যন্ত্রের
ষ	সক্ষম	83	sokkhom	TOP1	সক্ষম
ষ	সাক্ষরতার	84	sakkhorotar	TOP1	সাক্ষরতার
ষ	সৃষ্টি	86	srrishti	TOP1	সৃষ্টি
স	সংক্রান্ত	82	songkrant	TOP1	সংক্রান্ত
স	সংখ্যা	87	songkhya	TOP1	সংখ্যা
স	সংগ্রহ	83	songgroh	TOP1	সংগ্রহ
স	সংগ্রহের	85	songgroher	TOP1	সংগ্রহের
স	সংযুক্ত	82	songzukt	TOP1	সংযুক্ত
স	সংরক্ষণ	81	songrokkhon	TOP1	সংরক্ষণ
স	সংশ্লিষ্ট	81	songshlisht	TOP1	সংশ্লিষ্ট
স	সংস্করণ	82	songskoron	TOP1	সংস্করণ
স	সংস্কার	81	songskar	TOP1	সংস্কার
স	সংস্কৃত	82	songskrrit	TOP1	সংস্কৃত
স	সংস্কৃতি	84	songskrriti	TOP1	সংস্কৃতি
স	সংস্কৃতির	81	songskrritir	TOP1	সংস্কৃতির
স	সংস্থা	84	songstha	TOP1	সংস্থা
স	সংস্থার	81	songsthar	TOP1	সংস্থার
স	সক্রিয়	81	sokriy	TOP1	সক্রিয়
স	সক্ষম	83	sokkhom	TOP1	সক্ষম
স	সঙ্গীত	84	songoiit	TOP1	সঙ্গীত
স	সঙ্গে	91	songoe	TOP1	সঙ্গে
স	সতর্ক	82	sotork	TOP1	সতর্ক
স	সত্ত্বেও	81	sottbeo	TOP1	সত্ত্বেও
স	সত্য	85	soty	TOP1	সত্য
স	সত্যি	86	sotyi	TOP1	সত্যি
স	সত্যিই	85	sotyii	TOP1	সত্যিই
স	সদস্য	88	sodosy	TOP1	সদস্য
স	সদস্যদের	81	sodosyoder	TOP1	সদস্যদের
স	সন্তান	84	sontan	TOP1	সন্তান
স	সন্দেহ	82	sondeh	TOP1	সন্দেহ
স	সপ্তাহ	82	soptah	TOP1	সপ্তাহ
স	সমগ্র	82	somogr	TOP1	সমগ্র
স	সমর্থন	83	somorthon	TOP1	সমর্থন
স	সমস্ত	87	somost	TOP1	সমস্ত
স	সমস্যা	88	somosya	TOP1	সমস্যা
স	সমস্যার	81	somosyar	TOP1	সমস্যার
স	সমুদ্র	82	somudr	TOP1	সমুদ্র
স	সমৃদ্ধ	81	somrriddh	TOP1	সমৃদ্ধ
স	সম্পদ	82	sompod	TOP1	সম্পদ
স	সম্পন্ন	83	somponn	TOP1	সম্পন্ন
স	সম্পর্ক	85	sompork	TOP1	সম্পর্ক
স	সম্পর্কিত	83	somporkit	TOP1	সম্পর্কিত
স	সম্পর্কে	88	somporke	TOP1	সম্পর্কে
স	সম্পাদক	83	sompadok	TOP1	সম্পাদক
স	সম্পূর্ণ	85	sompuurn	TOP1	সম্পূর্ণ
স	সম্প্রতি	81	somproti	TOP1	সম্প্রতি
স	সম্প্রদায়ের	81	somprodayer	TOP1	সম্প্রদায়ের
স	সম্ভব	86	sombhob	TOP1	সম্ভব
স	সম্ভবত	85	sombhobot	TOP1	সম্ভবত
স	সম্ভাবনা	82	sombhabona	TOP1	সম্ভাবনা
স	সম্মান	83	somman	TOP1	সম্মান
স	সম্রাট	83	somrat	TOP1	সম্রাট
স	সর্বোচ্চ	85	sorbocc	TOP1	সর্বোচ্চ
স	সাংস্কৃতিক	83	sangskrritik	TOP1	সাংস্কৃতিক
স	সাক্ষরতার	84	sakkhorotar	TOP1	সাক্ষরতার
স	সামান্য	83	samany	TOP1	সামান্য
স	সাম্রাজ্য	84	samrajy	TOP1	সাম্রাজ্য
স	সাম্রাজ্যের	82	samrajyer	TOP1	সাম্রাজ্যের
স	সাহায্য	89	sahazy	TOP1	সাহায্য
স	সাহিত্য	85	sahity	TOP1	সাহিত্য
স	সাহিত্যিক	82	sahityik	TOP1	সাহিত্যিক
স	সিদ্ধান্ত	85	siddhant	TOP1	সিদ্ধান্ত
স	সিস্টেম	82	sistem	TOP1	সিস্টেম
স	সুন্দর	87	sundor	TOP1	সুন্দর
স	সূত্র	84	suutr	TOP1	সূত্র
স	সূর্য	82	suury	TOP1	সূর্য
স	সৃষ্টি	86	srrishti	TOP1	সৃষ্টি
স	সেকেন্ড	82	sekend	TOP1	সেকেন্ড
স	সেন্ট	82	sent	TOP1	সেন্ট
স	সেপ্টেম্বর	87	septembor	TOP1	সেপ্টেম্বর
স	স্কুল	86	skul	TOP1	স্কুল
স	স্কুলে	83	skule	TOP1	স্কুলে
স	স্টেশন	83	steshon	TOP1	স্টেশন
স	স্ত্রী	86	strii	TOP1	স্ত্রী
স	স্থান	87	sthan	TOP1	স্থান
স	স্থানাঙ্ক	82	sthanangk	TOP1	স্থানাঙ্ক
স	স্থানীয়	87	sthaniiy	TOP1	স্থানীয়
স	স্থানে	85	sthane	TOP1	স্থানে
স	স্থাপন	84	sthapon	TOP1	স্থাপন
স	স্থায়ী	82	sthayii	TOP1	স্থায়ী
স	স্থির	82	sthir	TOP1	স্থির
স	স্পষ্ট	82	sposht	TOP1	স্পষ্ট
স	স্বপ্ন	83	swopn	TOP1	স্বপ্ন
স	স্বাগতম	82	swagotom	TOP1	স্বাগতম
স	স্বাধীন	84	swadhiin	TOP1	স্বাধীন
স	স্বাধীনতা	87	swadhiinota	TOP1	স্বাধীনতা
স	স্বাভাবিক	83	swabhabik	TOP1	স্বাভাবিক
স	স্বামী	82	swamii	TOP1	স্বামী
স	স্বাস্থ্য	83	swasthy	TOP1	স্বাস্থ্য
স	স্বীকার	82	swiikar	TOP1	স্বীকার
স	স্বীকৃতি	82	swiikrriti	TOP1	স্বীকৃতি
স	স্মৃতি	82	smrriti	TOP1	স্মৃতি
স	স্যার	90	syar	TOP1	স্যার
হ	হচ্ছ	72	hochch	TOP1	হচ্ছ
হ	হচ্ছি	78	hochchi	TOP1	হচ্ছি
হ	হচ্ছিল	80	hochchil	TOP1	হচ্ছিল
হ	হচ্ছিলো	75	hochchilo	TOP1	হচ্ছিলো
হ	হচ্ছে	92	hochche	TOP1	হচ্ছে
হ	হচ্ছেটা	74	hochcheta	TOP1	হচ্ছেটা
হ	হচ্ছেন	78	hochchen	TOP1	হচ্ছেন
হ	হচ্ছেনা	77	hochchena	TOP1	হচ্ছেনা
হ	হচ্ছো	73	hochcho	TOP1	হচ্ছো
হ	হতবুদ্ধি	72	hotobuddhi	TOP1	হতবুদ্ধি
হ	হত্যা	85	hotya	TOP1	হত্যা
হ	হত্যাকাণ্ড	76	hotyakand	TOP1	হত্যাকাণ্ড
হ	হত্যাকাণ্ডের	76	hotyakander	TOP1	হত্যাকাণ্ডের
হ	হত্যাকারী	74	hotyakarii	TOP1	হত্যাকারী
হ	হত্যার	80	hotyar	TOP1	হত্যার
হ	হবিগঞ্জ	78	hobigonj	TOP1	হবিগঞ্জ
হ	হর্ন	73	horn	TOP1	হর্ন
হ	হলান্ড	72	holand	TOP1	হলান্ড
হ	হল্যান্ড	72	holyand	TOP1	হল্যান্ড
হ	হস্ত	78	host	TOP6	হোস্ট
হ	হস্তক্ষেপ	77	hostokkhep	TOP1	হস্তক্ষেপ
হ	হস্তক্ষেপের	73	hostokkheper	TOP1	হস্তক্ষেপের
হ	হস্তগত	73	hostogot	TOP1	হস্তগত
হ	হস্তান্তর	77	hostantor	TOP1	হস্তান্তর
হ	হস্তে	77	hoste	TOP1	হস্তে
হ	হাইকোর্ট	76	haikort	TOP1	হাইকোর্ট
হ	হাইকোর্টের	74	haikorter	TOP1	হাইকোর্টের
হ	হাইড্রোজেন	78	haidrojen	TOP1	হাইড্রোজেন
হ	হাইব্রিড	73	haibrid	TOP1	হাইব্রিড
হ	হাইস্কুল	74	haiskul	TOP1	হাইস্কুল
হ	হাওয়ার্ড	78	haoyard	TOP1	হাওয়ার্ড
হ	হাঙ্গামা	72	hangoama	TOP1	হাঙ্গামা
হ	হাঙ্গেরি	76	hangoeri	TOP1	হাঙ্গেরি
হ	হাঙ্গেরির	74	hangoerir	TOP1	হাঙ্গেরির
হ	হাঙ্গেরিয়ান	74	hangoeriyan	TOP1	হাঙ্গেরিয়ান
হ	হাঙ্গেরীয়	75	hangoeriiy	TOP1	হাঙ্গেরীয়
হ	হাজীগঞ্জ	72	hajiigonj	TOP1	হাজীগঞ্জ
হ	হাড্ডি	74	haddi	TOP1	হাড্ডি
হ	হান্ট	72	hant	TOP1	হান্ট
হ	হান্নান	73	hannan	TOP1	হান্নান
হ	হার্ট	78	hart	TOP1	হার্ট
হ	হার্ড	75	hard	TOP1	হার্ড
হ	হার্ডওয়্যার	74	hardooyyar	TOP1	হার্ডওয়্যার
হ	হার্ভার্ড	77	harbhard	TOP1	হার্ভার্ড
হ	হার্ভি	77	harbhi	TOP1	হার্ভি
হ	হাল্কা	73	halka	TOP1	হাল্কা
হ	হাস্যকর	77	hasyokor	TOP1	হাস্যকর
হ	হাস্যরসাত্মক	74	hasyorosatmok	TOP1	হাস্যরসাত্মক
হ	হায়দ্রাবাদ	75	hayodrabad	TOP1	হায়দ্রাবাদ
হ	হিংস্র	75	hingsr	TOP1	হিংস্র
হ	হিউম্যান	74	hiumyan	TOP1	হিউম্যান
হ	হিউস্টন	75	hiuston	TOP1	হিউস্টন
হ	হিজবুল্লাহ	72	hijobullah	TOP1	হিজবুল্লাহ
হ	হিন্দ	74	hind	TOP1	হিন্দ
হ	হিন্দি	82	hindi	TOP1	হিন্দি
হ	হিন্দী	75	hindii	TOP1	হিন্দী
হ	হিন্দু	85	hindu	TOP1	হিন্দু
হ	হিন্দুদের	75	hinduder	TOP1	হিন্দুদের
হ	হিন্দুধর্ম	78	hindudhorm	TOP1	হিন্দুধর্ম
হ	হিন্দুধর্মের	74	hindudhormer	TOP1	হিন্দুধর্মের
হ	হিন্দুরা	73	hindura	TOP1	হিন্দুরা
হ	হিন্দুস্তানি	74	hindustani	TOP1	হিন্দুস্তানি
হ	হিব্রু	77	hibru	TOP1	হিব্রু
হ	হিমোগ্লোবিন	75	himoglobin	TOP1	হিমোগ্লোবিন
হ	হৃৎপিণ্ড	73	hrritopind	TOP1	হৃৎপিণ্ড
হ	হেক্টর	78	hektor	TOP1	হেক্টর
হ	হেমন্ত	75	hemont	TOP1	হেমন্ত
হ	হেলিকপ্টার	77	helikoptar	TOP1	হেলিকপ্টার
হ	হোস্ট	73	host	TOP1	হোস্ট
হ	হ্যাক	75	hyak	TOP1	হ্যাক
হ	হ্যাঙ্ক	76	hyangk	TOP1	হ্যাঙ্ক
হ	হ্যাট	74	hyat	TOP1	হ্যাট
হ	হ্যাটট্রিক	73	hyatotrik	TOP1	হ্যাটট্রিক
হ	হ্যান্ড	74	hyand	TOP1	হ্যান্ড
হ	হ্যান্ডসাম	73	hyandosam	TOP1	হ্যান্ডসাম
হ	হ্যান্ডেল	74	hyandel	TOP1	হ্যান্ডেল
হ	হ্যান্স	73	hyans	TOP1	হ্যান্স
হ	হ্যাপি	76	hyapi	TOP1	হ্যাপি
হ	হ্যাম	74	hyam	TOP1	হ্যাম
হ	হ্যারল্ড	73	hyarold	TOP1	হ্যারল্ড
হ	হ্যারি	84	hyari	TOP1	হ্যারি
হ	হ্যারির	74	hyarir	TOP1	হ্যারির
হ	হ্যারিসন	74	hyarison	TOP1	হ্যারিসন
হ	হ্যালো	85	hyalo	TOP1	হ্যালো
হ	হ্যায়	75	hyay	TOP1	হ্যায়
হ	হ্রদ	79	hrod	TOP1	হ্রদ
হ	হ্রদের	75	hroder	TOP1	হ্রদের
হ	হ্রাস	81	hras	TOP1	হ্রাস
হ	হ্রাসের	73	hraser	TOP1	হ্রাসের
ৎ	অর্থাৎ	85	orthat	TOP1	অর্থাৎ
ৎ	ঈষৎ	74	iishot	TOP1	ঈষৎ
ৎ	উচিৎ	84	uchit	TOP6	উচিত
ৎ	উৎকৃষ্ট	75	utokrrisht	TOP1	উৎকৃষ্ট
ৎ	উৎপত্তি	81	utopotti	TOP1	উৎপত্তি
ৎ	উৎপন্ন	81	utoponn	TOP1	উৎপন্ন
ৎ	উৎপাদক	74	utopadok	TOP1	উৎপাদক
ৎ	উৎপাদন	84	utopadon	TOP1	উৎপাদন
ৎ	উৎপাদনকারী	74	utopadonokarii	TOP1	উৎপাদনকারী
ৎ	উৎপাদনে	76	utopadone	TOP1	উৎপাদনে
ৎ	উৎপাদনের	78	utopadoner	TOP1	উৎপাদনের
ৎ	উৎপাদিত	79	utopadit	TOP1	উৎপাদিত
ৎ	উৎস	84	utos	TOP1	উৎস
ৎ	উৎসব	82	utosob	TOP1	উৎসব
ৎ	উৎসবে	77	utosobe	TOP1	উৎসবে
ৎ	উৎসবের	78	utosober	TOP1	উৎসবের
ৎ	উৎসর্গ	78	utosorg	TOP1	উৎসর্গ
ৎ	উৎসাহ	77	utosah	TOP1	উৎসাহ
ৎ	উৎসাহিত	78	utosahit	TOP1	উৎসাহিত
ৎ	উৎসের	76	utoser	TOP1	উৎসের
ৎ	কিঞ্চিৎ	75	kincit	TOP1	কিঞ্চিৎ
ৎ	কুৎসিত	75	kutosit	TOP1	কুৎসিত
ৎ	চমৎকার	84	chomotokar	TOP1	চমৎকার
ৎ	চিকিৎসক	81	chikitosok	TOP1	চিকিৎসক
ৎ	চিকিৎসকের	74	chikitosoker	TOP1	চিকিৎসকের
ৎ	চিকিৎসা	83	chikitosa	TOP1	চিকিৎসা
ৎ	চিকিৎসাধীন	75	chikitosadhiin	TOP1	চিকিৎসাধীন
ৎ	চিকিৎসাবিজ্ঞান	74	chikitosabigyan	TOP1	চিকিৎসাবিজ্ঞান
ৎ	চিকিৎসাবিজ্ঞানে	74	chikitosabigyane	TOP1	চিকিৎসাবিজ্ঞানে
ৎ	চিকিৎসার	79	chikitosar	TOP1	চিকিৎসার
ৎ	চিকিৎসায়	74	chikitosay	TOP1	চিকিৎসায়
ৎ	চিৎকার	81	chitokar	TOP1	চিৎকার
ৎ	জগৎ	78	jogot	TOP1	জগৎ
ৎ	তাৎক্ষণিক	75	tatokkhonik	TOP1	তাৎক্ষণিক
ৎ	তাৎক্ষণিকভাবে	74	tatokkhonikobhabe	TOP1	তাৎক্ষণিকভাবে
ৎ	তাৎপর্য	74	tatopory	TOP1	তাৎপর্য
ৎ	তৎ	79	tot	TOP1	তৎ
ৎ	তৎকালীন	83	totokaliin	TOP1	তৎকালীন
ৎ	তৎকালে	75	totokale	TOP1	তৎকালে
ৎ	তৎক্ষণাৎ	75	totokkhonat	TOP1	তৎক্ষণাৎ
ৎ	তড়িৎ	80	torit	TOP1	তড়িৎ
ৎ	নাৎসি	76	natosi	TOP1	নাৎসি
ৎ	পশ্চাৎ	77	poshchat	TOP1	পশ্চাৎ
ৎ	বিদ্যুৎ	82	bidyut	TOP1	বিদ্যুৎ
ৎ	বৃহৎ	82	brrihot	TOP1	বৃহৎ
ৎ	ব্যুৎপত্তি	76	byutopotti	TOP1	ব্যুৎপত্তি
ৎ	বৎস	75	botos	TOP1	বৎস
ৎ	বৎসর	80	botosor	TOP1	বৎসর
ৎ	বৎসরের	75	botosorer	TOP1	বৎসরের
ৎ	ভবিষ্যৎ	82	bhobishyot	TOP1	ভবিষ্যৎ
ৎ	মহৎ	77	mohot	TOP1	মহৎ
ৎ	মৎস্য	78	motosy	TOP1	মৎস্য
ৎ	যাবৎ	76	zabot	TOP6	যাবত
ৎ	সত্যজিৎ	80	sotyojit	TOP1	সত্যজিৎ
ৎ	সর্ববৃহৎ	76	sorbobrrihot	TOP1	সর্ববৃহৎ
ৎ	সাক্ষাৎ	80	sakkhat	TOP1	সাক্ষাৎ
ৎ	সাক্ষাৎকার	76	sakkhatokar	TOP1	সাক্ষাৎকার
ৎ	সাক্ষাৎকারে	76	sakkhatokare	TOP1	সাক্ষাৎকারে
ৎ	সৎ	78	sot	TOP1	সৎ
ৎ	হঠাৎ	82	hothat	TOP1	হঠাৎ
