হয়	না	661
এর	জন্য	601
ভাই	আমার	504
ইউজার	ভাই	467
ভাই	আমি	465
করতে	হবে	463
ভাই	আপনার	427
ট্রিকবিডি	তে	425
হবে	না	416
একটা	পোস্ট	412
আপনি	কি	398
কাজ	করে	374
করার	জন্য	364
প্লিজ	হেল্প	359
করা	যায়	356
অনেক	ভালো	323
হচ্ছে	না	322
ভালো	লাগে	303
করে	না	297
পোস্ট	টা	294
ভাই	আপনি	289
হেল্প	মি	289
ভালো	পোস্ট	284
কি	করবো	271
এই	পোস্ট	269
মনে	হয়	267
দেন	প্লিজ	267
করা	যাবে	267
এফবি	তে	265
পোস্ট	করেন	264
ভালো	হতো	263
নাইস	পোস্ট	259
না	ভাই	255
প্লিজ	প্লিজ	254
পোস্ট	এ	251
এফবি	আইডি	248
করতে	পারবেন	247
আপনার	এফবি	245
খুব	ভালো	245
করা	হয়	241
আমার	ফোন	235
পারছি	না	231
ফোন	এ	227
যায়	না	226
ফ্রি	নেট	226
করতে	পারেন	225
গুড	পোস্ট	220
হয়ে	গেছে	218
তুমি	কি	217
ট্রাই	করে	212
পাওয়া	যায়	211
থ্যাংক	ইউ	210
আমি	তো	209
এটা	কি	206
লিংক	টা	202
দিতে	পারবেন	202
করবো	কিভাবে	202
নিয়ে	পোস্ট	198
ডাউনলোড	করতে	194
ভাই	প্লিজ	194
দিয়ে	কি	193
করার	পর	192
হয়ে	যায়	187
না	কেন	185
আমি	আমার	185
কি	ভাবে	184
কাজ	করবে	182
আমার	পোস্ট	181
ভালো	করে	180
পোস্ট	করার	179
ডাউনলোড	লিংক	178
দিলে	ভালো	177
টা	দেন	177
পোস্ট	এর	172
পোস্ট	করা	170
কি	হবে	169
প্লিজ	ভাই	169
এখন	কি	168
করতে	পারি	168
আমার	কাছে	167
আমার	সাথে	166
চলে	না	163
লাগে	না	163
ইউসার	ভাই	161
করতে	হয়	160
ট্রিকবিডি	এর	160
অনেক	আগে	158
ভাই	এটা	157
পোস্ট	করে	156
আপনার	সাথে	156
ইউজ	করতে	154
পাওয়া	যাবে	153
করেন	প্লিজ	153
না	প্লিজ	152
ভালো	লাগলো	152
আপনার	পোস্ট	151
নিয়ে	একটা	150
থ্যাংকস	ফর	150
বুঝলাম	না	150
থ্যাংকস	ভাই	149
লিংক	দেন	149
ট্রাই	করেন	146
আমি	আপনার	146
ভাই	এই	145
আশা	করি	144
থ্যাংকস	ব্রো	144
পোস্ট	করতে	142
ভাই	আমাকে	141
কষ্ট	করে	141
আমি	অনেক	141
না	তো	141
অনেক	সুন্দর	141
না	হলে	139
হেল্প	করেন	139
আসে	না	139
ঠিক	আছে	137
থেকে	ডাউনলোড	135
কথা	বলে	134
অনেক	দিন	133
করে	দেখেন	133
এর	মতো	132
টা	কি	130
এর	লিংক	130
আমি	কি	129
আমার	ছোট	129
সব	কিছু	128
করতে	পারবো	127
হয়ে	যাবে	126
করতে	পারছি	126
ফোন	এর	124
কি	করে	123
এর	মধ্যে	122
করবেন	না	122
এর	সাথে	122
করলে	কি	121
হতে	পারে	121
সাথে	কথা	121
দেখতে	পারেন	120
আমার	তো	120
দিয়ে	ট্রাই	119
ভালো	হয়	119
যাবে	না	119
লাগবে	না	118
এফবি	লিংক	117
না	আর	117
আমার	একটা	117
এটা	নিয়ে	116
সিম	এ	116
না	কি	116
এ	কি	115
না	করে	115
একটু	বলবেন	113
প্লিজ	বলেন	112
ইউজ	করি	112
ডাউনলোড	করে	111
দয়া	করে	111
দেখা	যায়	110
সাইট	এ	109
ব্রো	আমি	109
পোস্ট	করলে	109
পোস্ট	করবেন	106
গুগল	এ	105
আমি	একটা	105
করতে	চাই	105
করবো	প্লিজ	105
দিবেন	প্লিজ	104
আগে	থেকেই	103
এখন	আর	103
পেয়ে	যাবেন	103
কি	করব	103
দিতে	হবে	102
পারি	না	102
কাস্টম	রম	102
পোস্ট	আছে	101
এটা	তো	101
ভালো	না	100
আমার	স্বামী	100
অনেক	আগেই	99
ফালতু	পোস্ট	99
না	করলে	98
হবে	নাকি	98
একটু	হেল্প	97
দিন	পর	97
আমার	জন্য	95
বলবেন	প্লিজ	94
না	ব্রো	94
জানি	না	93
ঠিক	করেন	93
রুট	করতে	93
হয়	নাই	93
করতে	পারে	93
এ	কাজ	92
ইউজ	করেন	92
আগে	থেকে	92
আমার	অনেক	92
কি	এই	92
হা	হা	91
প্লিজ	আমাকে	91
কি	আমাকে	91
ভালো	হবে	91
ট্রাই	করছি	91
হেল্প	করবেন	91
প্লে	স্টোর	91
ব্রো	আপনার	91
না	আমি	90
ইউজ	করে	90
এটা	দিয়ে	90
ভাই	অনেক	89
করলে	ভালো	88
কাজ	করছে	88
মাঝে	মাঝে	88
পোস্ট	করবো	88
কি	কোনো	88
ব্রো	আমার	88
দিন	প্লিজ	87
পোস্ট	দেন	87
কথা	বলতে	86
করা	হয়েছে	86
টাকা	দিয়ে	86
ভাই	এর	85
এর	নাম	85
কাজ	হয়	85
শেয়ার	করার	85
পোস্ট	করছি	84
কি	আমার	84
এই	রকম	84
আর	আমার	84
রুট	করবো	84
না	তাই	84
অনেক	কিছু	84
ইউজ	করা	84
এর	কথা	83
কিভাবে	করবো	83
টা	পোস্ট	83
আমাকে	টিউনার	83
আর	আপনি	83
ট্রাই	করবো	83
আইডি	টা	83
কপি	পোস্ট	83
কি	করতে	82
পারলাম	না	82
আপনি	যে	82
করে	দেন	82
আপনার	কি	81
ট্রাই	করলাম	81
ভাই	একটা	81
হয়	তাহলে	81
এ	ক্লিক	80
বার	বার	80
সবাই	জানে	80
অ্যাপ	এর	80
হয়ে	গেসে	80
পোস্ট	গুলা	80
ট্রাই	করুন	80
এ	গিয়ে	79
আপনার	কাছে	79
মোবাইল	এ	79
পাই	নাই	79
এই	অ্যাপ	78
সাইট	এর	78
কাস্টম	রোম	78
আপনার	ফোন	78
নাম	কি	78
আছে	কি	78
করে	পোস্ট	77
না	থাকলে	77
অনেক	বড়	77
করব	কিভাবে	77
না	এটা	76
করবে	না	76
আমার	খুব	76
না	হয়	76
টা	ভালো	76
আমি	নিজে	76
বলেন	প্লিজ	76
না	আমার	76
তো	আর	75
থাকতে	হবে	75
ভাইয়া	আমি	75
ভাই	পোস্ট	75
করার	সময়	75
ভাইয়া	আমার	75
মনে	হচ্ছে	74
এর	থেকে	74
করা	লাগবে	74
করি	নাই	74
কাজ	হবে	74
তাহলে	কি	74
আরো	ভালো	74
ক্লিক	করলে	73
মোবাইল	দিয়ে	73
আমি	পোস্ট	73
ভাইয়া	আপনার	73
অ্যাপ	এ	73
আমি	আর	73
আছে	বাট	73
করার	কোনো	73
আমার	বড়	73
এর	মত	72
এর	একটা	72
পোস্ট	বাট	72
আচ্ছা	ভাই	72
আর	আমি	72
ইউটিউব	এ	72
পোস্ট	ভাই	72
আমি	জানি	72
প্লিজ	একটু	72
ভাই	একটু	72
কানেক্ট	হয়	72
সব	সময়	71
লিংক	ঠিক	71
আপনার	জন্য	71
সুন্দর	পোস্ট	71
করছে	না	71
করে	দিতে	71
করা	আছে	71
মোবাইল	এর	71
চায়	না	71
না	আপনি	71
আপনি	তো	71
আমার	আব্বু	71
কাজ	করতে	70
আমি	এখন	70
বাট	আমি	70
১	জিবি	70
কি	কি	70
হলো	না	70
পেলাম	না	70
তোমার	সাথে	70
আমার	বন্ধু	70
আমার	আম্মু	70
যাচ্ছে	না	69
আমি	এই	69
সাথে	দেখা	69
অ্যাপ	টা	68
করতে	গেলে	68
হবে	কি	68
কেউ	কি	68
দেয়া	যাবে	68
ঠিক	করে	68
ইউস	করতে	68
করছি	বাট	68
পাচ্ছি	না	68
জানে	না	67
এ	হবে	67
এমবি	এর	67
এর	পোস্ট	67
আমার	মোবাইল	67
দেওয়ার	জন্য	67
আমার	বাবা	67
কোনো	ওয়ে	66
পারে	না	66
কি	আর	65
এইটা	কি	65
টা	একটু	65
দেওয়া	যাবে	65
চেঞ্জ	করে	65
আরে	ভাই	65
পড়ালেখা	করতে	65
তে	পোস্ট	64
সব	ঠিক	64
এই	টা	64
পিসি	দিয়ে	64
চেষ্টা	করবো	64
ইউজার	ব্রো	64
একটা	কথা	63
যাবে	কি	63
বাট	আমার	63
হ্যাক	করা	63
খুব	সুন্দর	63
আমার	মনে	63
টা	দিবেন	63
পোস্ট	ব্রো	63
প্লিজ	আমার	63
ফ্রি	তে	62
জন্য	থ্যাংকস	62
আমাকে	একটা	62
আর	কি	62
হ্যাক	করার	62
অফ	করে	62
করে	কি	62
এর	কোনো	62
কাস্টম	রিকভারি	62
করা	উচিত	62
ওয়াইফাই	হ্যাক	61
এর	চেয়ে	61
ভালো	ভালো	61
শেয়ার	করেন	61
২	টা	61
কোথায়	পাবো	61
করে	দেখতে	61
এর	মেয়াদ	61
করেন	না	61
করে	দেয়	61
ব্রো	প্লিজ	61
হেল্প	প্লিজ	61
ভাল	লাগে	61
সাথে	সাথে	61
হ্যাক	করতে	60
তাদের	জন্য	60
দিয়ে	হবে	60
টিউনার	বানান	60
ভাই	কি	60
ডিলিট	করে	60
থাকলে	দেন	60
দিকে	তাকিয়ে	60
অ্যাপ	দিয়ে	59
আইডি	তে	59
অনেক	সময়	59
ডাউনলোড	হয়	59
জন্য	একটা	59
ইউজ	করলে	59
পারবেন	না	59
আপনার	ফেসবুক	59
এই	সাইট	59
পিসি	তে	59
পোস্ট	আমি	59
করি	না	59
কোনো	প্রব্লেম	59
আমি	তোমার	59
নেক্সট	পোস্ট	58
ট্রাই	করসি	58
না	বাট	58
পারবো	না	58
কোড	টা	58
লাগবে	নাকি	58
এ	তো	58
না	যে	58
প্লে	স্টোরে	58
আর	আপনার	57
অনেক	অনেক	57
এর	আগে	57
চেক	করে	57
পোস্ট	না	57
ফ্রী	নেট	57
লগ	ইন	57
গুগল	ড্রাইভ	57
প্লিজ	বলবেন	57
ভাই	এখন	57
ভালো	একটা	57
প্রব্লেম	হবে	57
ছোট	বোন	57
আর	একটা	56
কি	না	56
আমার	আইডি	56
নাম্বার	টা	56
কি	কাজ	56
ভাই	এইটা	56
করে	দেখুন	56
পোস্ট	গুলো	56
কমেন্ট	এর	56
চেক	করেন	56
আপনি	যদি	56
ফেসবুক	আইডি	56
কিছু	করতে	55
কাজ	না	55
ভালো	কিছু	55
করে	নাই	55
ভালো	হত	55
ওয়ে	আছে	55
এ	সার্চ	55
থাকে	না	55
কি	পোস্ট	55
পোস্ট	করুন	55
করবেন	প্লিজ	55
কিছু	দিন	55
লিংক	এ	55
শো	করে	55
করতে	পারবে	55
কাছ	থেকে	54
আমাকে	অথর	54
পোস্ট	করেছি	54
তে	আসেন	54
টা	অনেক	54
লিংক	দিলে	54
পোস্ট	টি	54
আইডি	হ্যাক	54
এর	মাধ্যমে	54
আর	কিছু	54
লিংক	দিন	54
পারবে	না	54
প্লিজ	ব্রো	54
জানেন	না	54
আইডি	লিংক	54
মনের	কথা	54
দিন	আগে	53
হয়ে	থাকে	53
ভিপিএন	এর	53
খুব	দরকার	53
ডাউনলোড	করা	53
বানান	প্লিজ	53
ট্রাই	করতে	53
কি	করা	53
এই	অফার	53
ছোট	ভাই	53
দেন	ভাই	53
এখন	আমি	53
বিয়ে	করে	53
তুই	কি	53
ঘুম	থেকে	53
ফোন	দিয়ে	52
অন্য	কোন	52
পোস্ট	ভালো	52
লিংক	থেকে	52
একটা	আইডি	52
বন্ধ	করে	52
করে	দিবেন	52
থেকে	কপি	52
সাথেই	থাকুন	52
আর	কত	52
দরকার	নাই	52
আছে	নাকি	52
হতে	হবে	52
বাট	এখন	52
কি	দরকার	52
ব্রো	আপনি	52
মি	প্লিজ	52
আমি	তাকে	52
আমি	একজন	52
৩	টা	51
ভিপিএন	দিয়ে	51
সবার	জন্য	51
ভালো	ভাবে	51
অনেক	ধন্যবাদ	51
আছে	ভাই	51
ফাইল	টা	51
তাই	না	51
জন্য	কি	51
ফোন	রুট	51
রুট	করার	51
হুম	ভাই	51
ট্রিক	টা	51
শুরু	হয়	51
ইউজার	ভাইয়া	51
দায়িত্ব	পালন	51
কপি	করে	50
অনেক	কষ্ট	50
দেখা	যাবে	50
নাই	ভাই	50
না	এখন	50
করে	দিন	50
কিভাবে	রুট	50
নিতে	হবে	50
দিয়ে	কিভাবে	50
করা	হবে	50
লাভ	নাই	50
ছিল	না	50
দেয়	না	50
কথা	বলা	50
আমি	আজকে	50
আমার	স্বামীর	50
আমার	প্রিয়	50
কাজ	করলে	49
ভাই	হেল্প	49
তো	অনেক	49
এ	অনেক	49
হবে	আর	49
সাইট	থেকে	49
উপায়	আছে	49
একটা	হেল্প	49
সাপোর্ট	করে	49
আর	ভাই	49
অফ	হয়ে	49
একটা	ভালো	49
কোনো	পোস্ট	49
একাউন্ট	এ	49
কাজ	হচ্ছে	49
অন্য	কোনো	49
না	কেনো	49
আমি	ট্রিকবিডি	48
ভাই	আর	48
আপনার	এই	48
ডাউনলোড	করার	48
ট্রিক	বিডি	48
এই	সব	48
যদি	না	48
করুন	প্লিজ	48
নাই	তাই	48
সিম	দিয়ে	48
তার	পর	48
অনেক	ট্রাই	48
যে	কোনো	48
ওকে	ব্রো	48
মেনি	মেনি	48
মনে	পড়ে	48
মেয়াদ	বাড়ানো	47
পোস্ট	চাই	47
সাথে	যোগাযোগ	47
করলাম	বাট	47
আমি	ও	47
তো	হয়	47
প্রবলেম	হবে	47
হ্যাক	করে	47
কাজ	করেনা	47
কিভাবে	প্লিজ	47
ভাই	ডাউনলোড	47
তার	সাথে	47
আমি	যে	47
হয়ে	গেলো	47
করার	চেষ্টা	47
এ	টাকা	46
জি	ভাই	46
টা	তো	46
টা	দিন	46
আমি	কিভাবে	46
ফর	কমেন্ট	46
সাপোর্ট	করবে	46
পোস্ট	আর	46
কি	কোন	46
জন্য	ভালো	46
হওয়ার	পর	46
ভাই	এফবি	46
জন্য	ধন্যবাদ	46
লিখে	সার্চ	46
লিঙ্ক	টা	46
দিলে	কি	46
পিসি	এর	46
সাথে	আমার	46
এপ	টা	46
বিয়ের	পর	46
পছন্দ	করি	46
নিতে	পারবেন	45
কমেন্ট	এ	45
বাড়ানো	যাবে	45
লেখা	আসে	45
ভাইয়া	প্লিজ	45
ড্রাইভ	লিংক	45
প্লিজ	কেউ	45
চেঞ্জ	করতে	45
আর	এটা	45
ডাউনলোড	হচ্ছে	45
আমি	খুব	45
করবো	কি	45
ফাইল	ডাউনলোড	45
জিপ	ফাইল	45
অ্যাড	করতে	45
আপনার	কথা	45
আমি	এটা	45
ইউজ	করছি	45
কথা	শুনে	45
আমার	বিয়ে	45
আমার	মা	45
অনেক	পোস্ট	44
বিকাশ	এ	44
থাকে	তাহলে	44
ব্রাউজার	দিয়ে	44
রুট	করা	44
না	বুঝে	44
ভাই	কিভাবে	44
দরকার	ছিল	44
আপনি	পোস্ট	44
কেন	ভাই	44
ফর	শেয়ার	44
হয়	বাট	44
আগের	পোস্ট	44
১	টা	44
করেন	এবং	44
আমি	আগে	44
আপনি	আমার	44
নেয়া	যাবে	44
আমি	ভালো	44
না	ভাইয়া	44
সে	আমার	44
নেক্সট	টাইম	43
পোস্ট	ডিলিট	43
আমি	যদি	43
নেক্সট	পার্ট	43
টাকা	কাটবে	43
এর	পর	43
কানেক্ট	করতে	43
কি	আপনার	43
আমার	টা	43
হলে	কি	43
ইউটিউব	চ্যানেল	43
আইডি	এর	43
খুব	খারাপ	43
নট	ওয়ার্কিং	43
নেওয়া	যাবে	43
কি	হয়	43
ভাইয়া	আপনি	43
কমেন্ট	করে	43
তুমি	আমার	43
লাভ	করেন	43
তে	কি	42
ঠিক	হবে	42
টা	ডাউনলোড	42
ভাই	আপনাকে	42
কমেন্ট	করার	42
জিপি	সিম	42
ভাই	কাজ	42
কিছু	না	42
গেম	টা	42
আবার	ট্রাই	42
হয়ে	গেল	42
না	শুধু	42
এটা	অনেক	42
কথা	ছিল	42
করে	ট্রাই	42
ট্রাই	করেছি	42
করেন	ভাই	42
কিছু	করার	42
ভাই	ট্রিকবিডি	42
বড়	ভাই	42
ওয়েলকাম	ব্রো	42
এখান	থেকে	42
বিয়ে	করতে	42
ভাই	কে	41
করার	কোন	41
শেয়ার	করবো	41
জানানোর	জন্য	41
এমবি	লাগবে	41
শেষ	হয়ে	41
এপিকে	এডিটর	41
দেয়া	আছে	41
এর	বেশি	41
তাহলে	তো	41
কি	ভাই	41
না	হেল্প	41
চলবে	না	41
ব্যবহার	করে	41
আমি	কিছু	41
তার	জন্য	41
থেকে	কি	41
আমার	বাসার	41
সে	তার	41
করে	আবার	40
ভালো	বাট	40
আমি	আপনাকে	40
এ	কিভাবে	40
হেল্প	করতে	40
নাম্বার	দিয়ে	40
ভালো	লাগছে	40
আমার	এই	40
এখন	ও	40
একটু	বলেন	40
হয়	এবং	40
করে	দেখি	40
আর	কোন	40
সবাই	পাবে	40
শুরু	করে	40
পেজ	এ	40
কথা	আছে	40
বলতে	পারেন	40
একটু	কষ্ট	40
স্টোর	থেকে	40
যে	আমি	40
পছন্দ	করে	40
কিন্তু	আমি	40
ভাই	ভালো	40
করলে	তো	40
পর	পর	40
আমি	তোমাকে	40
বন্ধুদের	সাথে	40
বিয়ে	হয়েছে	40
সরিষার	তেল	40
আমার	ও	39
ওকে	ভাই	39
যে	কোন	39
লিংক	দিয়ে	39
এর	কাজ	39
না	দিয়ে	39
এ	চলবে	39
কোন	অ্যাপ	39
লিংক	দিতে	39
করার	আগে	39
পাইলাম	না	39
লিংক	কাজ	39
পোস্ট	ভাইয়া	39
কি	আমি	39
এই	ট্রিক	39
এর	উপর	39
যাই	হোক	39
করতে	কি	39
থেকে	ভালো	39
অনেক	বার	39
দেওয়া	আছে	39
না	এই	39
না	আপনার	39
দেয়া	হয়	39
কোনো	উপায়	39
এরকম	পোস্ট	39
তো	সব	39
করসি	বাট	39
তোমার	কি	39
দিন	দিন	39
সব	কথা	39
দেখা	করতে	39
গ্রুপ	এ	38
পেন্ডিং	এ	38
এরর	দেখায়	38
ভাই	সব	38
লিংক	দেওয়া	38
মেনি	থ্যাংকস	38
আর	এই	38
হতে	চাই	38
গুগল	সার্চ	38
পাই	না	38
আইডি	দিয়ে	38
আমি	নিজেই	38
করতে	পারছিনা	38
পোস্ট	করি	38
টাইটেল	এ	38
ইউস	করেন	38
সার্চ	করে	38
হওয়ার	কথা	38
ধন্যবাদ	ভাই	38
ডাটা	অন	38
ভিপিএন	কানেক্ট	38
করবো	কেমনে	38
কোনো	সমস্যা	38
ফোন	নাম্বার	38
তো	আমি	38
১০০	এমবি	38
আপনার	মতো	38
মাস	আগে	38
লগইন	করতে	38
ভাইয়া	আমাকে	38
জন্য	আমি	38
এমন	কোনো	38
করে	এবং	38
ইউ	ভাই	38
বের	করে	38
আইডি	দেন	38
পোস্ট	করসি	38
পারেন	না	37
দিন	ধরে	37
অনেক	গুলা	37
আর	পোস্ট	37
অপেরা	মিনি	37
ডাউনলোড	করবো	37
সমস্যা	হবে	37
ভিপিএন	ইউজ	37
সার্চ	দেন	37
ফেসবুক	এ	37
কথা	বলেন	37
করে	আর	37
মনে	করেন	37
আপনি	আপনার	37
এর	টা	37
চলে	যায়	37
ওই	মিয়া	37
হয়ে	যাচ্ছে	37
আর	কোনো	37
শো	করবে	37
আমি	ট্রাই	37
থেকে	আমার	37
যে	আমার	37
কাজ	করেন	37
আমার	বোন	37
মানে	কি	36
হ্যাক	করবো	36
আপনি	আমাকে	36
আইডি	কার্ড	36
এটা	আমি	36
কত	টাকা	36
কাজ	হয়না	36
আসে	নাই	36
করে	দিসে	36
আর	ভালো	36
করলে	হবে	36
পারেন	তাহলে	36
একটা	ভিডিও	36
এর	কি	36
সম্ভব	না	36
এ	আপলোড	36
দিয়ে	রুট	36
করা	যাচ্ছে	36
ইউ	আর	36
ডাউনলোড	লিঙ্ক	36
পর	আবার	36
স্ক্রিন	শট	36
ব্রো	এটা	36
লিঙ্ক	দেন	36
নিতে	পারবো	36
না	অনেক	36
আমাকে	অনেক	36
ওপেন	করলে	36
এফবি	লিঙ্ক	36
পারি	নাই	35
জন্য	কোন	35
ভাই	থ্যাংকস	35
একটু	দেখেন	35
আর	ও	35
নাম্বার	এ	35
আমার	সব	35
কোন	প্রবলেম	35
অনেক	উপকার	35
এ	একটা	35
পর	থেকে	35
করবো	না	35
আগে	পোস্ট	35
টা	দিলে	35
হলে	ভালো	35
এ	পোস্ট	35
করেন	আমি	35
বলেন	ভাই	35
চলছে	না	35
থেকেই	জানি	35
হবে	ভাই	35
বলে	মনে	35
সব	কাজ	35
ভার্সন	এ	35
টা	ঠিক	35
পোস্ট	কপি	35
ওল্ড	পোস্ট	35
চেষ্টা	করে	35
আমার	কিছু	35
কাজ	করা	35
দিন	আমি	35
নাই	এখন	35
দেয়ার	জন্য	35
পোস্ট	করব	35
ছেলের	সাথে	35
আমার	বাবার	35
আমার	বন্ধুরা	35
আমার	পরিবারের	35
কি	এখন	34
এ	আসে	34
ডাউনলোড	করেন	34
শেয়ার	করবেন	34
আপনার	আইডি	34
ইউস	করি	34
বাট	এটা	34
কোন	পোস্ট	34
এডিট	করে	34
এ	চলে	34
এইটা	তো	34
তাহলে	আপনার	34
দিচ্ছে	না	34
বুঝি	না	34
কি	আছে	34
দের	জন্য	34
পাবেন	না	34
বুঝতে	পারবেন	34
আরো	অনেক	34
করে	কিভাবে	34
না	তবে	34
চালিয়ে	যান	34
আমাকে	হেল্প	34
করে	নেন	34
করে	নিন	34
আর	না	34
কিন্তু	আমার	34
এখন	আমার	34
করে	আমি	34
করে	দিলে	34
সরি	ব্রো	34
কি	ফোন	34
ওয়েট	করেন	34
ফোন	টা	34
জন্য	আমার	34
আমি	একটি	34
আমাকে	একটি	34
সাপোর্ট	টিম	33
এটা	আমার	33
নতুন	করে	33
তো	ভাই	33
অপশন	নাই	33
উপকার	হবে	33
পোস্ট	করলাম	33
অফার	টা	33
কেউ	জানলে	33
ইউস	করে	33
করার	সিস্টেম	33
আপনি	কোন	33
যায়	আর	33
পেমেন্ট	দেয়	33
দিতে	পারি	33
না	বলে	33
এ	নিয়ে	33
এর	উপরে	33
পোস্ট	ও	33
এ	আছে	33
ভাই	সিম্ফনি	33
জানতাম	না	33
এক	পোস্ট	33
করে	নিতে	33
নেক্সট	এ	33
আমার	ফোনে	33
সরি	ভাই	33
সব	থেকে	33
থাকতে	পারে	33
তার	পরিবার	33
আর	কাজ	32
এই	অ্যাপস	32
টা	দিয়ে	32
যাবে	নাকি	32
দিয়ে	ডাউনলোড	32
১০	টাকা	32
আপনার	সাইট	32
নাই	আমি	32
করে	আমার	32
জানি	বাট	32
পোর্ট	করে	32
ডাউনলোড	হয়না	32
৭	দিন	32
থাকা	লাগবে	32
দিতে	পারবে	32
জন্য	পোস্ট	32
নেট	এর	32
তো	নাই	32
থেকে	টাকা	32
আমার	জানা	32
এখন	তো	32
এফবি	প্যাক	32
এই	নিয়ে	32
ভালো	লাগবে	32
এর	কাস্টম	32
সাইন	আপ	32
দিতে	পারেন	32
আপনি	এই	32
কাজে	লাগবে	32
আসবে	না	32
এ	কোনো	32
এটা	কিভাবে	32
এই	ভাবে	32
আছে	কিন্তু	32
সব	পোস্ট	32
ইউজ	করবো	32
কপি	করা	32
ঠিক	হয়ে	32
দেয়া	যায়	32
ইউজ	করার	32
নিয়ে	আমি	32
থেকে	বের	32
দেখি	নাই	32
ফেইসবুক	আইডি	32
রে	ভাই	32
ভালো	মানুষ	32
কী	করবো	32
বিষয়	নিয়ে	32
কেউ	নেই	32
তুই	আমার	32
কাজ	করবো	31
বাজে	কমেন্ট	31
আপনার	নাম্বার	31
দিবেন	না	31
ভাই	কিছু	31
একটি	পোস্ট	31
আমার	আগের	31
ভিডিও	টা	31
জানা	নাই	31
করেছি	বাট	31
একটা	সাইট	31
মার্কা	পোস্ট	31
কি	ফ্রি	31
কেউ	আমাকে	31
শেয়ার	করা	31
কি	এখনো	31
করতে	পারলে	31
জন্য	এই	31
সিম	এর	31
কি	বলেন	31
কি	সব	31
কি	প্লিজ	31
এই	লিংক	31
না	তাদের	31
করা	ভালো	31
যদি	একটু	31
শুধু	শুধু	31
অথর	বানান	31
ব্যবহার	করা	31
ব্যবহার	করতে	31
আমার	আর	31
ইনস্টল	করতে	31
কপি	পেস্ট	31
অসাম	পোস্ট	31
আমার	ভাই	31
এডু	মেইল	31
এটা	কোনো	31
প্লিজ	আপনার	31
স্যামসাং	গ্যালাক্সি	31
জানাবেন	প্লিজ	31
নাই	আর	31
করার	কি	31
ঠিক	করা	31
জন্য	কিছু	31
আজ	সকালে	31
দেখে	খুব	31
পড়াশোনা	করে	31
নিয়ে	অনেক	30
পেমেন্ট	প্রুফ	30
একটা	অ্যাপ	30
আমার	নিজের	30
করেন	তাহলে	30
না	দিলে	30
সুন্দর	করে	30
এ	এই	30
হয়	আর	30
না	লাগলে	30
টা	ডিলিট	30
করা	লাগে	30
টেলিগ্রাম	এ	30
পোস্ট	দেখে	30
পারসি	না	30
এই	কোড	30
চলে	যাবে	30
নতুন	কিছু	30
আইডি	থেকে	30
করে	দিবে	30
এই	এমবি	30
কিছু	পোস্ট	30
ভাই	কেউ	30
গুগল	প্লে	30
করতে	বলে	30
হয়ে	গেছি	30
চ্যানেল	এ	30
হয়	নি	30
ইউস	করলে	30
সার্চ	দিয়ে	30
প্লিজ	একটা	30
কিংরুট	দিয়ে	30
ওয়েবসাইট	এ	30
আমার	সাইট	30
হ্যাক	হবে	30
ভাই	লিংক	30
আর	যদি	30
জন্য	কোনো	30
কাজ	করার	30
কোথা	থেকে	30
কি	হলো	30
কথা	মনে	30
এই	কাজ	30
আছে	আমি	30
ঠিক	বলছেন	30
করবো	ভাই	30
কি	এটা	30
১	ইয়ার	30
উচিত	ছিল	30
লেখা	আছে	30
কি	ঠিক	30
২	জিবি	30
বছর	আগে	30
আমার	প্রোফাইল	30
আজকে	সকালে	30
সারা	জীবন	30
কি	প্রব্লেম	30
একটা	কাজ	30
দিতে	চাই	30
অনলাইন	এ	30
তুমি	ছাড়া	30
এই	পৃথিবীতে	30
অনেক	ভালবাসে	30
মুখের	দিকে	30
আমার	গ্রামের	30
বেশী	কথা	30
গায়ে	হাত	30
অসুস্থ	হয়ে	30
খেতে	খুব	30
রান্না	করছে	30
আমি	ফুটবল	30
ভিডিও	ডাউনলোড	29
ভার্সন	টা	29
কোন	উপায়	29
আপনার	মোবাইল	29
টাকা	রিচার্জ	29
খুব	কম	29
করতে	পারলাম	29
আপনাকে	অনেক	29
সার্চ	করেন	29
না	তাহলে	29
থাকলে	বলেন	29
কি	সমস্যা	29
গেম	এর	29
গুগল	থেকে	29
রুট	লাগবে	29
আর	এ	29
পাবে	না	29
আমার	কথা	29
পোস্ট	করছেন	29
এর	কিছু	29
দেখতে	হবে	29
এর	সব	29
নষ্ট	হয়ে	29
ড্রাইভ	এ	29
প্লিজ	টিউনার	29
নাই	বাট	29
নিতে	পারেন	29
কার্ড	দিয়ে	29
একটা	একাউন্ট	29
ইনকাম	করতে	29
আমাকে	একটু	29
থাকলে	শেয়ার	29
এর	ভিতর	29
নিউ	পোস্ট	29
না	অন্য	29
অথর	হতে	29
রেডমি	নোট	29
কই	পাবো	29
আমি	আজ	29
হুম	ব্রো	29
ওয়ার্কিং	পোস্ট	29
থ্যাংকস	ইউজার	29
তোমার	জন্য	29
নিজের	মত	29
একা	একা	29
মন	খারাপ	29
কথা	বলো	29
বলা	হয়	29
একটি	ছোট	29
কথা	বলি	28
লাভ	কি	28
করার	ওয়ে	28
আপনার	নাম	28
ব্লক	করে	28
এইটা	দিয়ে	28
আপনি	একটু	28
দিয়ে	পোস্ট	28
কাজ	করি	28
তার	কাছে	28
করতে	হলে	28
এয়ারটেল	এ	28
তো	আমার	28
বের	হয়ে	28
আপনার	রেফার	28
কেউ	হেল্প	28
অনেক	বেশি	28
তে	হবে	28
এয়ারটেল	সিম	28
প্লিজ	আমি	28
বন্ধ	হয়ে	28
এ	লট	28
তাহলে	আপনি	28
ভাই	খুব	28
দরকার	কি	28
শেয়ার	করতে	28
বাট	এই	28
না	যদি	28
কোনো	কাজ	28
দেন	না	28
ইনবক্স	মি	28
ই	তো	28
কানেক্ট	হচ্ছে	28
থ্যাঙ্ক	ইউ	28
কাছে	আমার	28
কথা	না	28
আছে	প্লিজ	28
করা	সম্ভব	28
আমরা	সবাই	28
থ্যাংকস	ইউ	28
অনেক	চেষ্টা	28
তাই	আমি	28
পারতেছি	না	28
ভার্সন	এর	28
যদি	আমি	28
এপ	এর	28
আমার	এফবি	28
এই	বিষয়ে	28
ইউ	ব্রো	28
ফেইসবুক	এ	28
বলা	যাবে	28
করেন	হবে	27
বলতে	পারবেন	27
ইনবক্স	এ	27
আমার	কাজ	27
এটা	সবাই	27
খুব	উপকার	27
কেটে	নিবে	27
লিংক	প্লিজ	27
আপনার	মত	27
এটা	ইউজ	27
টাকা	ইনকাম	27
করলেই	তো	27
অ্যাপ	ডাউনলোড	27
সমস্যা	নাই	27
ইউটিউব	ভিডিও	27
চালানো	যাবে	27
কি	শুধু	27
আপনার	টা	27
কমেন্ট	করেন	27
হেল্প	করুন	27
বাদ	দিয়ে	27
দেন	আমি	27
জন্য	না	27
অ্যাপস	এর	27
নেওয়া	যায়	27
দিয়ে	তো	27
ব্রো	এই	27
যায়	কিন্তু	27
না	কোনো	27
তাই	পোস্ট	27
এখন	পর্যন্ত	27
করেন	কেন	27
ব্রো	পোস্ট	27
অনেক	আগের	27
প্লিজ	ভাইয়া	27
এমবি	মেয়াদ	27
ক্যারি	অন	27
রিকভারি	ইমেজ	27
সিস্টেম	আছে	27
করি	তাহলে	27
ট্রিকবিডি	থেকে	27
ঠিক	মতো	27
করতে	চায়	27
আছে	আর	27
অ্যাপ	থেকে	27
কারো	কাছে	27
টা	কপি	27
ফ্রি	ফায়ার	27
দিতে	হয়	27
দিলে	হবে	27
খুশি	হতাম	27
করতে	পারসি	27
কোনো	কিছু	27
সকালে	ঘুম	27
সে	এখন	27
প্রোফাইল	এ	26
দিয়ে	কানেক্ট	26
অ্যাপস	টা	26
এ	আসেন	26
হবে	প্লিজ	26
কাজ	হইছে	26
শেষ	হলে	26
কি	আবার	26
চাই	প্লিজ	26
বিডি	তে	26
হওয়ার	জন্য	26
কোন	ওয়ে	26
যেতে	পারে	26
ভিডিও	তে	26
পোস্ট	করলেন	26
সার্ভার	এ	26
শেয়ার	করুন	26
দিয়ে	করতে	26
জানা	থাকলে	26
জিপি	তে	26
ড্রয়েড	ভিপিএন	26
করে	কাজ	26
এমন	একটা	26
অ্যাড	করবো	26
বললে	ভালো	26
আমার	সিম্ফনি	26
আপনার	ফোনের	26
থ্যাংকস	ভাইয়া	26
অন	করলে	26
দেয়	নাই	26
করার	নাই	26
আর	কেউ	26
কাজ	করতেছে	26
লাকি	প্যাচার	26
হয়	কিন্তু	26
অল	টাইম	26
প্লিজ	জানাবেন	26
ওয়েবসাইট	থেকে	26
ঠিক	ভাবে	26
কি	এমবি	26
নট	ফাউন্ড	26
যেতে	হবে	26
নাই	তো	26
যাওয়ার	পর	26
ক্লিয়ার	করে	26
আপনি	চাইলে	26
ইনস্টল	হয়	26
তুমি	আমাকে	26
পর	আর	26
নেট	কানেকশন	26
কথা	বলার	26
কিছু	নাই	26
কেমন	করে	26
বিক্রি	করে	26
রানা	ভাই	26
টাকা	লাগবে	26
পোস্ট	পাবলিশ	26
ধুর	মিয়া	26
মানসম্মত	পোস্ট	26
পেপাল	একাউন্ট	26
আইডি	কি	26
এমবি	লাগে	26
জাভা	ফোন	26
কিছু	কিছু	26
খুব	বেশি	26
আমি	সব	26
থ্যাংক্স	ব্রো	26
তো	তাই	26
শেয়ার	করে	26
মুভি	টা	26
থাকতে	চাই	26
খুব	খুশি	26
বড়	হয়ে	26
দেখার	জন্য	26
বড়	ভাইয়ের	26
আমাদের	সাথে	26
কিভাবে	করব	26
থাঙ্কস	ফর	26
ভাত	খেতে	26
আমাকে	দয়া	26
ফুটবল	খেলতে	26
আমি	নাকি	26
ফুটবল	দল	26
তার	পরিবারের	26
কে	বলছে	25
না	কিন্তু	25
ট্রিকবিডি	সাপোর্ট	25
কানেক্ট	করে	25
কোন	কিছু	25
সিস্টেম	টা	25
ও	ভালো	25
দেন	আমার	25
দিলেন	না	25
ডাউনলোড	হবে	25
পোস্ট	থ্যাংকস	25
পোস্ট	করো	25
না	সব	25
যদি	আমার	25
হবে	তো	25
পোস্ট	করছে	25
বাট	কাজ	25
সময়	লাগে	25
চেঞ্জ	করবো	25
কিছু	থাকলে	25
দিবে	না	25
দেন	তো	25
নাই	আমার	25
এমবি	দিয়ে	25
থেকে	যাবে	25
না	পারলে	25
একটু	বেশি	25
সব	গুলা	25
আপনি	ট্রাই	25
এ	আর	25
পোস্ট	দিয়েন	25
২	বার	25
এই	গেম	25
থেকে	জানি	25
অনেক	থ্যাংকস	25
ভাই	যে	25
এখন	থেকে	25
না	বুঝলে	25
জন্য	আর	25
ভালো	কথা	25
ভালো	স্পিড	25
ভাইয়ের	সাথে	25
যে	এই	25
পোস্ট	অনেক	25
করার	কথা	25
তো	কোনো	25
ভিডিও	টিউটোরিয়াল	25
রুট	ছাড়া	25
আমি	ইউজ	25
খেলা	যাবে	25
নাই	কেন	25
থাকলে	প্লিজ	25
করেন	আর	25
ছাড়া	অন্য	25
বুঝতে	পারছি	25
কিছু	শেয়ার	25
বলতে	চাই	25
নিয়ে	আসে	25
অনেক	মানুষ	25
অ্যাপ	আছে	25
পোস্ট	তো	25
না	আবার	25
আগের	মতো	25
কোনো	দিন	25
প্রব্লেম	হয়	25
ভাই	এ	25
ফর	ইউর	25
বেশি	কিছু	25
ইউসার	ব্রো	25
রুট	করব	25
এর	জন্যে	25
ফর	ইওর	25
করা	হইছে	25
হেল্প	লাগবে	25
অ্যাপ	ইউজ	25
নেট	ইউজ	25
বেশি	দিন	25
জন্মগ্রহণ	করেন	25
ভালো	নেই	25
বিদ্যালয়ে	যেতে	25
যেতে	চায়	25
রান্না	করে	25
আমার	স্ত্রী	25
তোমাকে	নিয়ে	25
গরম	লাগছে	25
কিনে	এনেছে	25
প্রেম	করে	25
বিয়েতে	রাজি	25
করে	বিয়ে	25
সাথে	বিয়ে	25
প্রিয়	ফল	25
গাছে	পানি	25
একটি	ছেলে	25
বিশ্বাস	করতে	25
একটি	মেয়ে	25
এই	বইটি	25
বইটি	পড়তে	25
গান	গাইতে	25
সকালে	পড়াশোনা	25
তার	মানে	24
ডিলিট	করেন	24
থিম	টা	24
তে	চলবে	24
যাবে	প্লিজ	24
না	কারণ	24
এর	ভিডিও	24
এ	দেখেন	24
কোন	দিন	24
টা	আমি	24
আরো	কিছু	24
৪	টা	24
আমি	এখানে	24
কেউ	যদি	24
অন	করে	24
তো	আপনি	24
রবি	সিম	24
বের	করতে	24
এ	গেলে	24
করার	দরকার	24
তাই	নাকি	24
ভাই	ফ্রি	24
কার্ড	এর	24
পাসওয়ার্ড	চেঞ্জ	24
বাড়ানো	যায়	24
ঠিক	নাই	24
একটা	ট্রিক	24
অনেক	কম	24
কেমনে	করবো	24
নিয়ে	যায়	24
তো	কাজ	24
এ	কিছু	24
এখন	কাজ	24
কিছু	একটা	24
করছি	কিন্তু	24
নিয়ে	আমার	24
টিউনার	করেন	24
দিলে	খুব	24
তো	আপনার	24
দিয়ে	করা	24
খারাপ	না	24
করলেই	হবে	24
সেটিং	এ	24
অলরেডি	পোস্ট	24
যারা	জানে	24
অ্যাড	করে	24
বেশি	ভালো	24
ঠিক	করুন	24
বছর	ধরে	24
মেয়াদ	বাড়ানোর	24
ও	তো	24
খারাপ	লাগছে	24
এ	সব	24
দিয়ে	দেখেন	24
আমাকে	কি	24
ভিপিএন	টা	24
অনেক	ভাল	24
আপনি	কিভাবে	24
প্লিজ	বলুন	24
করেন	আমার	24
হাজার	হাজার	24
হবে	ব্রো	24
আমার	স্যামসাং	24
কোনো	ট্রিক	24
আছে	আমার	24
থ্যাংকস	ব্রাদার	24
জিমেইল	দিয়ে	24
চেষ্টা	করুন	24
পর	কি	24
বাবা	মা	24
তো	সবাই	24
তো	পোস্ট	24
আমার	বয়স	24
পারতেসি	না	24
এপ	দিয়ে	24
যেতে	চাই	24
আমি	কী	24
অমুক	ভাই	24
লাভ	করে	24
হাহাহা	হাহাহা	24
জীবন	থেকে	24
১	মাস	23
করলাম	কিন্তু	23
টা	নিয়ে	23
করে	দিছি	23
থাকলে	কি	23
টা	শেয়ার	23
এক	সাথে	23
সো	মাচ	23
ভাই	কোন	23
জানতে	পারি	23
না	করাই	23
ওয়ে	থাকলে	23
রেফার	করলে	23
কত	দিন	23
কার্ড	এ	23
পারবেন	প্লিজ	23
ইজি	নেট	23
তা	নিয়ে	23
ভাই	এমবি	23
পর	ও	23
কি	রুট	23
প্যাক	দিয়ে	23
পোর্ট	করতে	23
এডিটর	দিয়ে	23
দিয়ে	একটা	23
কাজ	করছি	23
দিয়ে	কাজ	23
করবো	এখন	23
এর	কাছে	23
ঠিক	করবো	23
তো	মনে	23
কিছু	শিখতে	23
কিভাবে	পাবো	23
না	কিছু	23
ও	কি	23
তৈরি	করা	23
চালানো	যায়	23
করাই	ভালো	23
কোন	সাইট	23
এর	কোন	23
অন্য	কোথাও	23
ট্রেইনার	রিকোয়েস্ট	23
ইউটিউব	এর	23
করতে	পারো	23
হয়েছে	এখন	23
আজ	পর্যন্ত	23
চ্যানেল	এর	23
আমি	নিউ	23
শেয়ার	করলাম	23
আমি	ডাউনলোড	23
বুঝতে	পারি	23
টাকা	কেটে	23
তো	এখন	23
প্লিজ	রিপ্লাই	23
কাছে	আছে	23
করে	দিবো	23
কিছু	মনে	23
করা	হয়েছিল	23
দিয়া	কি	23
আমার	থেকে	23
দেয়ার	পর	23
ইচ্ছে	করে	23
সার্চ	করলে	23
ইউজার	নেম	23
আমার	ভালো	23
ডাউনলোড	করলে	23
হয়	এমন	23
এ	ও	23
লেটেস্ট	ভার্সন	23
ভার্সন	কত	23
ক্রিয়েট	করে	23
ঠিক	হয়	23
নাই	আপনি	23
কোন	বিষয়	23
এমন	কি	23
ট্রিক	দেন	23
এখনো	কি	23
পোস্ট	আরো	23
তোমার	কথা	23
করার	একটা	23
ক্রিয়েট	করতে	23
ছাড়া	আর	23
করে	ভালো	23
একাউন্ট	খুলতে	23
কেমন	লাগে	23
কি	টাকা	23
করতে	ভালো	23
আপনি	নিজে	23
পারব	না	23
ফোন	নম্বর	23
ছাড়া	আমি	23
করতে	পারব	23
আমাকে	বলে	23
কি	বাংলা	23
পড়ে	যায়	23
ঠিক	আসে	22
একটা	লিংক	22
রেফার	লিংক	22
ফোন	কি	22
চেঞ্জ	করা	22
মিনি	দিয়ে	22
ললিপপ	এ	22
পোস্ট	আসে	22
বাদ	দেন	22
ডাউনলোড	এ	22
বাট	পোস্ট	22
এমএক্স	প্লেয়ার	22
তাহলে	ভালো	22
আপডেট	করে	22
রাখতে	হবে	22
এ	পাবেন	22
ডাটা	ক্লিয়ার	22
দিয়ে	আমি	22
নাকি	ভাই	22
অ্যাডমিন	ভাই	22
হয়	এই	22
উপকৃত	হতাম	22
পোস্ট	দেখেন	22
মোড	এ	22
দিন	এর	22
ওয়েবসাইট	এর	22
ডাউনলোড	এর	22
হয়	তা	22
সেটা	তো	22
সাইট	টা	22
এ	না	22
থ্যাংকস	বাট	22
আজকে	আমার	22
করা	হলো	22
কিছু	বলার	22
অ্যান্ড্রয়েড	এর	22
বাট	এখনো	22
করে	ও	22
কি	লাভ	22
কইরেন	না	22
ওয়াইফাই	পাসওয়ার্ড	22
করেন	নাই	22
যদি	বলতেন	22
নাই	প্লিজ	22
ভাইয়া	এই	22
সব	ই	22
কিং	রুট	22
কি	আপনি	22
দেওয়া	হয়েছে	22
সাথে	কন্টাক্ট	22
আমার	এক	22
ভাইয়া	এটা	22
এটা	কোন	22
আমার	ফোনের	22
বছর	পর	22
আমার	রেফার	22
এনআইডি	কার্ড	22
এইটা	নিয়ে	22
৩০	দিন	22
এর	ভার্সন	22
স্ক্রিনশট	দিলে	22
না	কিভাবে	22
ব্রো	কাজ	22
টা	ইউজ	22
পোস্ট	প্লিজ	22
কথা	বলবে	22
বাট	আপনি	22
আছে	কিনা	22
দেওয়া	উচিত	22
আপলোড	করে	22
কত	এমবি	22
এডিট	করতে	22
একটু	কথা	22
জন্য	অপেক্ষা	22
পোস্ট	দিন	22
একটু	জানাবেন	22
নেই	আমি	22
স্টক	রম	22
না	জেনে	22
কিছু	করা	22
কাজের	না	22
আর্ন	করতে	22
একাউন্ট	খুলে	22
কিভাবে	ডাউনলোড	22
ফ্রেন্ড	এর	22
তে	মেসেজ	22
বিদেশ	থেকে	22
করে	তারা	22
একটা	অ্যাকাউন্ট	22
ভুলে	গেছি	22
ক্লিক	করে	22
আইডি	খুলে	22
কিছু	বুঝতে	22
কী	ভাবে	22
ইউজ	করব	22
করতে	পারতেছি	22
এর	মাঝে	22
এপ	এ	22
স্যামসাঙ	গ্যালাক্সি	22
এর	ভিতরে	22
এই	এপ	22
মাস্টার	কার্ড	22
নিউ	একাউন্ট	22
এটার	জন্য	22
এ	ভাই	22
এ	প্রব্লেম	22
দিন	পরে	22
বুজলাম	না	22
পছন্দ	হয়	22
আমার	সঙ্গে	22
হয়ে	যেত	22
নামে	পরিচিত	22
এখন	আবার	22
আপনার	সঙ্গে	22
কাছে	অনেক	22
কোন	কোন	22
পোষ্ট	টা	22
কিন্তু	সে	22
চাই	না	22
এর	লিঙ্ক	22
অনেক	খারাপ	22
আমি	তখন	22
শুরু	করেন	22
বসে	আছি	22
আমার	মনের	22
বাড়ি	থেকে	22
বার	ট্রাই	21
দিতে	পারবো	21
উপকার	হতো	21
পাবো	না	21
ইউটিউব	থেকে	21
কিনতে	হবে	21
ভাই	রুট	21
এমন	পোস্ট	21
একটু	ভালো	21
হয়	ভাই	21
এ	ডাউনলোড	21
সবাই	কে	21
দা	ওয়ে	21
সময়	লাগবে	21
শুরু	করা	21
নিয়ে	কাজ	21
থাকলে	পোস্ট	21
করে	প্লিজ	21
দিন	হলো	21
দেওয়ার	পর	21
অপেরা	দিয়ে	21
তে	নক	21
রিচার্জ	করলে	21
ফেক	আইডি	21
যায়	কি	21
নিউ	কিছু	21
ভিপিএন	এ	21
টা	তে	21
ঠিক	না	21
এ	নাই	21
আপনার	সব	21
বুঝতে	পারলাম	21
জিমেইল	এ	21
করে	থাকে	21
টা	কোথায়	21
আমি	৩	21
শেয়ার	করলে	21
দেখতে	পারবেন	21
কথা	বলবেন	21
রুট	করলে	21
কাজের	পোস্ট	21
এ	যে	21
হ্যাক	হয়	21
করলে	আর	21
বলবেন	না	21
আপনি	হয়তো	21
টিউনার	হতে	21
কি	দিয়ে	21
জন্য	অনেক	21
ওল্ড	ভার্সন	21
৩	দিন	21
নিতে	হয়	21
বানানো	যায়	21
মিথ্যা	কথা	21
যায়	তাহলে	21
কি	মোবাইল	21
করবো	কীভাবে	21
আমি	এর	21
আমি	মনে	21
মনে	করি	21
আমাদের	জন্য	21
বাট	অনেক	21
সিস্টেম	নাই	21
এসডি	কার্ড	21
রিকভারি	মোড	21
সেটা	নিয়ে	21
আমার	কোন	21
এই	ওয়েবসাইট	21
থ্যাংক্স	ফর	21
পরিবারের	সাথে	21
খুঁজে	পাওয়া	21
যায়	বাট	21
বলেন	যে	21
আসে	বাট	21
থেকে	অনেক	21
২০	টাকা	21
অনেকদিন	পর	21
পোস্ট	পেন্ডিং	21
আগেই	পোস্ট	21
অথর	আইডি	21
তার	কি	21
থাকবে	না	21
৩	বছর	21
টাকা	কি	21
আমি	কিন্তু	21
আছে	আপনার	21
ইউ	সো	21
বলে	আমি	21
ভাই	কোনো	21
দিয়ে	ইউজ	21
করতে	চাইলে	21
থেকে	অন্য	21
এ	মেসেজ	21
ভুল	আছে	21
খুব	ভাল	21
করব	প্লিজ	21
করতেসে	না	21
আই	এম	21
ফর	শেয়ারিং	21
ব্রো	অনেক	21
প্রব্লেম	হচ্ছে	21
খুব	ই	21
আমি	আগেই	21
কত	সময়	21
যে	কেউ	21
মেয়াদ	বাড়াবো	21
কোনো	কথা	21
চলে	যাই	21
আমি	চাই	21
অপশন	আসে	21
সব	ফোন	21
কোন	ধরনের	21
থেকে	শুরু	21
একটা	ছেলে	21
আমি	সকালে	21
কি	আমায়	21
তুমি	অনেক	21
সে	আমাকে	21
একজন	মেয়ে	21
পালন	করে	21
অবাক	হয়ে	21
বড়	বোন	21
নানা	রকম	21
কি	একটি	21
বিয়ে	ঠিক	21
পড়ালেখা	করে	21
তিন	ভাই	21
জোর	করে	21
বাজার	থেকে	21
ভাই	বোন	21
পোস্ট	দেখতে	20
তো	ঠিক	20
এর	অনেক	20
ডাউনলোড	দিলে	20
একটা	জিনিস	20
আপনার	দেওয়া	20
এই	জন্য	20
ঠিক	মত	20
পোস্ট	ট্রিকবিডি	20
রিভিউ	করে	20
না	ভালো	20
তে	অনেক	20
ভাই	ভিডিও	20
করা	যায়না	20
কিভাবে	ভাই	20
দিতে	পারে	20
এরকম	কিছু	20
ফোন	থেকে	20
হবে	যদি	20
থেকে	কিভাবে	20
দরকার	আছে	20
২	দিন	20
এর	রিভিউ	20
নাম	বলেন	20
কাজ	টা	20
নিয়ে	যাবে	20
এমবি	না	20
আই	মিন	20
উপায়	নাই	20
জানলে	প্লিজ	20
ভিপিএন	ইউস	20
থেকে	বেশি	20
আবার	কি	20
এর	সময়	20
করতে	করতে	20
ভাই	গুগল	20
১০০	টাকা	20
এর	আইডি	20
আপনি	একটা	20
ডিলিট	হয়ে	20
৫০	টাকা	20
ডায়াল	করলে	20
তে	একটা	20
আপনাকে	এফবি	20
কথা	বলবো	20
ফাউল	পোস্ট	20
মজা	পাইলাম	20
ছাড়া	কি	20
দিলাম	বাট	20
পোর্ট	করা	20
এর	কোড	20
বেশি	সময়	20
না	করতে	20
নাইস	ব্রো	20
এবং	তার	20
করতেছে	না	20
এফবি	গ্রুপ	20
নাই	ব্রো	20
কাজের	জন্য	20
সার্চ	দিলে	20
কোনো	প্রবলেম	20
না	এর	20
বন্ধ	সিম	20
ভুয়া	পোস্ট	20
দেখতে	পাবেন	20
স্কাই	ভিপিএন	20
নেয়া	যায়	20
ভালো	লেগেছে	20
পোস্ট	কিন্তু	20
ইন্সটল	হয়	20
তাহলে	আমি	20
ভাই	আগে	20
কি	দিবো	20
দুই	বছর	20
এ	পাওয়া	20
বলে	না	20
করা	হয়ে	20
ভাল	পোস্ট	20
কমেন্ট	করতে	20
চেয়ে	ভালো	20
যাবে	আর	20
কিন্তু	এখন	20
কোনো	সিস্টেম	20
পোস্ট	হলো	20
ওই	পোস্ট	20
করতে	তো	20
টা	খুব	20
দিয়া	ট্রাই	20
ডাউনলোড	করব	20
সেখান	থেকে	20
দিবো	না	20
ওপেন	হয়	20
কিছু	করেন	20
ডাটা	কানেকশন	20
কাজ	করসে	20
থ্যাংক্স	ভাই	20
কি	হইছে	20
আপনার	ফেইসবুক	20
করতে	চান	20
৫	টা	20
করে	নিবেন	20
একটু	কম	20
ইনস্টল	করে	20
ভাই	জিপি	20
বলে	যে	20
চলে	আসে	20
নিয়ে	কিছু	20
বিশেষ	করে	20
হঠাৎ	করে	20
ছোট	ভাইয়ের	20
ডিরেক্ট	ডাউনলোড	20
ইউজ	না	20
সালে	তিনি	20
মন	ভালো	20
ঘুরতে	গিয়েছে	20
বিদ্যালয়ে	গিয়ে	20
গিয়ে	পড়ালেখা	20
বিদ্যালয়ের	মাঠে	20
ঝগড়া	হয়	20
চোখে	পানি	20
পানি	চলে	20
আবেগের	ভালোবাসা	20
পাশে	থাকতে	20
ঘুরতে	যাব	20
হাজার	কথার	20
কথার	মাঝে	20
বিয়ে	করার	20
দুজনে	মিলে	20
চাকরি	করে	20
পরিবার	নিয়ে	20
বিয়ে	হওয়ার	20
আমার	পছন্দ	20
পরিবারের	পছন্দে	20
পছন্দে	বিয়ে	20
বিয়ে	করেছে	20
সাথে	ঘুরতে	20
ছাড়া	আমার	20
খেলার	মাঠে	20
খাবারে	লবণ	20
কথা	বুঝে	20
ব্যাথা	করছে	20
বিয়ে	করবে	20
গ্রামের	বাড়িতে	20
নারিকেল	পানি	20
দিয়ে	ভাত	20
একটি	বিড়াল	20
বারান্দার	গাছে	20
খেতে	আমার	20
দুইদিন	ধরে	20
সিলেট	থেকে	20
একদমই	ভাল	20
খেতে	ভালো	20
সে	অনেক	20
তোমায়	ছাড়া	20
এই	গান	20
সাথে	ঝগড়া	20
ব্রাজিল	ফুটবল	20
তোর	বড়	20
চাকরি	করছো	20
গ্রামের	বাড়ি	20
তোমার	প্রিয়	20
বৃষ্টির	দিনে	20
বাবার	বাসায়	20
আজাইরা	পোস্ট	19
আমি	কিছুই	19
টা	দিতে	19
হয়	এটা	19
কোড	দিয়ে	19
করে	যে	19
কমেন্ট	করবেন	19
আবার	পোস্ট	19
হবে	নাহ	19
থ্যাংকস	এ	19
করতে	পারতেসি	19
কেউ	একটু	19
মুভি	এর	19
১টা	পোস্ট	19
করে	অন্য	19
ডাউনলোড	করলাম	19
নিয়ে	কথা	19
এ	আমার	19
নাই	যে	19
ফোন	ইউজ	19
বলুন	প্লিজ	19
কথা	বলছেন	19
ইউস	করা	19
না	ফোন	19
কি	ডাউনলোড	19
এর	ফোন	19
এ	কথা	19
এটা	শুধু	19
অন্য	সিম	19
দিয়ে	ফ্রি	19
করে	থাকেন	19
করি	আর	19
করবেন	আমি	19
করে	সব	19
অ্যাপস	দিয়ে	19
কাজ	শুরু	19
এ	ভিডিও	19
আসে	কি	19
এফবি	থেকে	19
আবাল	মার্কা	19
তাহলে	আমার	19
আছে	না	19
প্লেস্টোর	থেকে	19
করে	দিয়েন	19
এমন	কিছু	19
কথা	টা	19
১	মান্থ	19
টা	যদি	19
পারবেন	আমি	19
ভাই	মোবাইল	19
না	পোস্ট	19
পোস্ট	ই	19
পাওয়ার	জন্য	19
এটা	ঠিক	19
কিভাবে	এই	19
টাকা	আছে	19
তো	দেখি	19
এমবি	ছাড়া	19
তো	হচ্ছে	19
অন্য	কিছু	19
ইট	আপ	19
ভালো	লাগলে	19
ভাই	ইউটিউব	19
তবে	আমি	19
দেখেন	ভাই	19
ওয়াইফাই	এর	19
আগে	আমি	19
নিয়ে	আর	19
আমার	চ্যানেল	19
প্লিজ	আর	19
পর	একটা	19
কানেক্টেড	হয়	19
ইনস্টল	করার	19
আছে	এই	19
পরে	কি	19
তো	ভালো	19
এখন	যদি	19
বলতে	পারি	19
ভিডিও	দিলে	19
হবে	আপনার	19
ওই	টা	19
বুঝা	যায়	19
আমার	পোস্টগুলো	19
কিছু	ভালো	19
এ	লগইন	19
লিঙ্ক	দিন	19
যদি	কোনো	19
করবো	হেল্প	19
পোস্ট	দিলে	19
বোঝা	যায়	19
তো	এই	19
অন	হয়	19
সময়	পর	19
অপেক্ষা	করুন	19
তে	কিভাবে	19
ব্রো	আমাকে	19
ভালো	কাজ	19
করুন	আর	19
আরো	পোস্ট	19
এর	জায়গায়	19
দিয়ে	দিবো	19
কি	যে	19
রকম	পোস্ট	19
লাগতে	পারে	19
কম	হলে	19
করবো	বলেন	19
ট্রাই	করি	19
ইনস্টল	করা	19
এটা	সবার	19
আনইনস্টল	করে	19
আপনার	কমেন্ট	19
সাল	থেকে	19
থেকে	এই	19
দেওয়া	হয়	19
করে	দেয়া	19
ড্রইড	ভিপিএন	19
তারপর	ও	19
দিয়েন	প্লিজ	19
ভালো	কোনো	19
কেমন	আছেন	19
তো	একটা	19
পোস্ট	করসেন	19
তাদের	সাথে	19
মতো	কথা	19
পোস্ট	এই	19
করা	হইসে	19
মে	বি	19
এখানে	অনেক	19
আবার	ডাউনলোড	19
সমস্যার	সমাধান	19
কে	কে	19
খুঁজে	বের	19
আমি	করি	19
সুযোগ	করে	19
লাগছে	না	19
থেকে	কোন	19
তোমার	সব	19
মানুষ	হতে	19
একজন	মানুষ	19
জন্য	একটি	19
কত	বার	19
ওমক	ভাই	19
পালন	করেন	19
খারাপ	হয়ে	18
কোন	সমাধান	18
বুঝতে	পারেন	18
ডাউনলোড	দিতে	18
এটা	কাজ	18
ইউজ	করেছি	18
টা	কাজ	18
মোবাইল	থেকে	18
কাটবে	না	18
প্লিজ	দেন	18
ভাই	টাকা	18
যদি	আপনার	18
তো	কোন	18
ওয়াইফাই	দিয়ে	18
রিভিউ	করেন	18
ধরনের	পোস্ট	18
ভালো	হইতো	18
আর	সব	18
তে	গিয়ে	18
এই	ভিপিএন	18
টা	দেওয়া	18
করে	দিছে	18
ভাই	ফেসবুক	18
করা	হোক	18
আমাকে	নিয়ে	18
না	জাস্ট	18
জন্য	সব	18
করে	নাকি	18
আর	একটু	18
কিছুই	বুঝতে	18
হয়না	তো	18
দেখে	নিন	18
লাভ	ইউ	18
এডিট	করা	18
লাভ	হবে	18
এই	খানে	18
করে	তাহলে	18
আপনি	যেই	18
স্টোর	এ	18
আছে	থাকলে	18
পোস্ট	দিয়ে	18
পোস্ট	দিবেন	18
টার	লিংক	18
হবে	আমি	18
এত	কষ্ট	18
ইউস	করবো	18
প্লেস্টোর	এ	18
এখন	নাই	18
পোস্ট	করেছেন	18
কথা	বলছি	18
টা	আমার	18
এটা	একটা	18
অন্য	কেউ	18
ডাউনলোড	করছি	18
অ্যাপ	টার	18
ডার্ক	ওয়েব	18
কোন	কথা	18
কয়েক	দিন	18
হয়	নাকি	18
এ	আমি	18
নক	দেন	18
না	একটু	18
দিয়েন	না	18
কিছু	কথা	18
পোস্ট	তা	18
যোগাযোগ	করতে	18
স্পিড	কম	18
আর	এখন	18
অস্থির	পোস্ট	18
টা	দেখেন	18
আমার	টাকা	18
আমার	কোনো	18
ডাউনলোড	দিলাম	18
একটু	বুঝিয়ে	18
করে	অনেক	18
দেওয়ার	চেষ্টা	18
ও	আছে	18
ও	অনেক	18
এ	ট্রাই	18
লিংক	দিবেন	18
আছে	ট্রিকবিডি	18
কি	পাবো	18
এবং	আমার	18
আমি	করছি	18
আগে	এই	18
বাট	আপনার	18
বানানো	যাবে	18
করতে	গিয়ে	18
দেন	তাহলে	18
কি	ধরনের	18
আমাদের	এখানে	18
আর	যারা	18
এই	সিস্টেম	18
থ্যাঙ্কস	ফর	18
তৈরি	করতে	18
না	তারা	18
দেখা	যাচ্ছে	18
ট্রাই	না	18
ব্রো	তুমি	18
চেঞ্জ	করার	18
করার	নিয়ম	18
না	দেখে	18
কোনো	সমাধান	18
কোনো	অ্যাপ	18
থেকে	যে	18
জিপি	এর	18
দেখেন	প্লিজ	18
মেইল	দিয়ে	18
রুট	হবে	18
চেষ্টা	করেন	18
যেতে	পারি	18
ভাই	টিউনার	18
বললেন	না	18
মিনিট	এর	18
ভাল	হয়	18
কাজ	করতেসে	18
কোনো	ভাবে	18
ব্রাউসার	দিয়ে	18
কোনো	লাভ	18
ভাই	এমন	18
একাউন্ট	এর	18
ভাইয়া	একটা	18
কাজ	শেষ	18
এই	বিষয়	18
এই	গুলা	18
দেয়া	হবে	18
এ	ইনস্টল	18
আপনার	কাসে	18
ফাইল	এ	18
বিডি	এর	18
করে	তার	18
চুপ	করে	18
আমি	এখনো	18
আমার	পিসি	18
অপেক্ষা	করতে	18
ভেরিফাই	করা	18
হারিয়ে	যায়	18
কিভাবে	ইউজ	18
ডিরেক্ট	লিংক	18
নেওয়ার	জন্য	18
ভাই	ইউজার	18
ভুল	করে	18
এখন	কী	18
হারিয়ে	গেছে	18
পর	থেকেই	18
ছিল	এবং	18
আগে	একটা	17
মনে	করবেন	17
ঠিক	ই	17
ছিল	কিন্তু	17
আমি	এক	17
ইউ	ভাইয়া	17
মোবাইল	টা	17
করেন	তারপর	17
নাকি	অন্য	17
করে	বাট	17
এটা	আবার	17
ভাই	অ্যাপ	17
দেওয়া	যায়	17
যোগাযোগ	করুন	17
অ্যাকাউন্ট	এ	17
কি	সত্যি	17
অ্যাপস	এ	17
তো	পাইলাম	17
কম	এ	17
করে	একটা	17
একটু	সময়	17
করো	না	17
প্রায়	সব	17
ট্রাই	করবেন	17
ডাউনলোড	দিয়ে	17
কি	জানেন	17
এ	থাকে	17
যদি	পারেন	17
টা	আবার	17
কোন	ব্রাউজার	17
ফাইল	আপলোড	17
হবে	বাট	17
করে	আপনার	17
ভাই	যদি	17
করার	অপশন	17
থাকার	জন্য	17
পরে	আর	17
৫১২	এমবি	17
তো	বুঝলাম	17
এ	আপনার	17
মা	বাবা	17
নিজে	ট্রাই	17
দেন	আপনার	17
একটু	ওয়েট	17
ভিডিও	লিংক	17
তে	এই	17
ও	কাজ	17
জিমেইল	এর	17
করলে	আপনার	17
টা	কিভাবে	17
২	ইয়ার	17
ডাউনলোড	করুন	17
ও	করতে	17
দিয়ে	হ্যাক	17
কি	পেমেন্ট	17
নাম্বার	দেন	17
গুলা	কি	17
তবে	আমার	17
করার	উপায়	17
দেওয়া	হবে	17
নাকি	শুধু	17
উইথ	ট্রিকবিডি	17
তা	না	17
তে	ক্লিক	17
মোবাইল	ভার্সন	17
সবাই	তো	17
করা	থাকলে	17
পোস্ট	আমার	17
ভাই	ফোন	17
১০	মিনিট	17
ভাই	এত	17
এত	সুন্দর	17
কপি	মুক্ত	17
আচ্ছা	ভাইয়া	17
রিমুভ	করে	17
অনেক	গুলো	17
ক্যাশ	আউট	17
এর	পাসওয়ার্ড	17
দিয়ে	আবার	17
আমার	ফেসবুক	17
দিক	থেকে	17
আসছে	না	17
একটা	কাস্টম	17
আর	জন্য	17
কোন	ভিপিএন	17
বক্স	এ	17
আগে	একবার	17
বাংলাদেশ	থেকে	17
কী	করতে	17
হয়	প্লিজ	17
হয়	তাই	17
ভাই	কত	17
ইচ্ছা	ছিল	17
না	হলেও	17
এডিট	করার	17
নিয়া	পোস্ট	17
আমি	২	17
সুন্দর	সুন্দর	17
ভাই	কিন্তু	17
হওয়ার	সম্ভাবনা	17
রিপ্লাই	দেন	17
আছে	দেখেন	17
এখানে	পোস্ট	17
ইন্সটল	করা	17
কিছু	করে	17
প্রথম	থেকে	17
দিলে	অনেক	17
এখনো	পেন্ডিং	17
আমার	মতো	17
আমার	প্রথম	17
সাথে	একমত	17
হেল্পফুল	পোস্ট	17
আপনার	ইচ্ছা	17
সুন্দর	একটা	17
সাথে	আছি	17
আই	থিঙ্ক	17
এ	হয়	17
মেসেজ	দিছি	17
চেক	করুন	17
বাবা	মার	17
বলবেন	কি	17
তাহলে	পোস্ট	17
মন	চায়	17
জানান	প্লিজ	17
ইউজ	করছেন	17
দেন	নাই	17
কন্টাক্ট	করতে	17
পান	নাই	17
কি	কখনো	17
একাউন্ট	আছে	17
করেন	যে	17
এ	একাউন্ট	17
ব্রো	হেল্প	17
এ	অ্যাড	17
সাথে	কি	17
পরে	একটা	17
দিসি	বাট	17
বের	করা	17
লাগে	নাহ	17
কিভাবে	হ্যাক	17
ইউসি	মিনি	17
ভালো	লাগসে	17
ও	না	17
কিছু	মানুষ	17
স্পিড	নাই	17
সময়	অনেক	17
খেলার	জন্য	17
পোস্ট	লিংক	17
হুম	ঠিক	17
কানেকশন	অন	17
লাগে	আমার	17
ইউসি	ব্রাউজার	17
আমার	মন	17
খুব	কষ্ট	17
আজকে	আমি	17
আগেই	বলেছি	17
আমার	বোনের	17
জন্য	বেশি	17
ভালো	হয়ে	17
টা	প্লিজ	17
এই	ফোন	17
থাকলে	আমি	17
কেমন	আছো	17
মানুষের	কাছে	17
যাওয়ার	কথা	17
ফোনে	কথা	17
আপনি	খুব	17
যদি	তুমি	17
হয়ে	না	17
পছন্দ	না	17
চলে	যান	17
বেশ	কয়েকটি	17
বিয়ের	জন্য	17
একটি	বাংলা	17
আমি	যা	16
প্রবলেম	হচ্ছে	16
খুব	তাড়াতাড়ি	16
পোস্ট	দিব	16
না	তার	16
টা	দেখুন	16
এ	ভালো	16
কি	একটু	16
টাকা	থাকলে	16
তৈরি	করে	16
এ	এমবি	16
হয়	সে	16
ওয়ালটন	প্রিমো	16
এর	আগেও	16
করবো	একটু	16
নিয়ে	ট্রিকবিডি	16
না	ট্রাই	16
না	না	16
কিছুই	তো	16
১০	এ	16
আমি	পাই	16
ঠিক	কথা	16
দিতে	পারলে	16
অপশন	এ	16
টাকায়	১	16
বলেন	তো	16
বুঝি	নাই	16
করলে	অনেক	16
ডিলিট	করতে	16
এফবি	লাইট	16
প্রবলেম	হয়	16
ভাই	দেখেন	16
ও	হয়	16
না	কেউ	16
না	এইটা	16
কেমনে	কি	16
রিভিউ	মাই	16
রেফার	বোনাস	16
কি	রকম	16
তো	চলে	16
ওয়েট	করুন	16
করার	পোস্ট	16
আমার	লাগবে	16
হেল্প	আমার	16
ভাই	নেক্সট	16
রবি	তে	16
রিভিউ	করুন	16
ঠিক	করতে	16
বেশ	কিছু	16
কাছে	একটা	16
করে	ভাই	16
করেছি	কিন্তু	16
আর	ট্রিকবিডি	16
আমার	ওয়াইফাই	16
জানতে	চাই	16
রুট	করে	16
এ	কত	16
আর	কথা	16
বা	অন্য	16
থাকলে	ভালো	16
অন	করতে	16
না	পেলে	16
পাই	নি	16
অন্য	কারো	16
নিউ	আপডেট	16
করলে	আবার	16
গুগল	ক্রোম	16
কাজ	কি	16
এই	পোস্টটা	16
যাবে	ভাই	16
ভাই	১	16
আছে	আপনি	16
কথা	বললে	16
ব্রো	বাট	16
যেটা	দিয়ে	16
তো	কিছু	16
খেলা	যায়	16
আবার	নতুন	16
সব	জায়গায়	16
তে	তো	16
আর	চলে	16
আসে	এই	16
সাথে	সম্পর্ক	16
আছে	তো	16
লগইন	করলে	16
আমি	যখন	16
সে	তো	16
আমি	কোনো	16
কপি	ফ্রম	16
পরে	আবার	16
কমেন্ট	করলাম	16
তো	ডাউনলোড	16
নিজে	কিছু	16
করার	পরে	16
আপনি	ভালো	16
ক্লিক	করুন	16
কি	তোমার	16
করে	একটু	16
চালু	হয়	16
কিন্তু	এটা	16
কমে	যায়	16
কোনো	ভুল	16
যায়	এই	16
হয়	একটু	16
কাটবে	নাকি	16
জিপি	ফ্রি	16
লিংক	দেয়া	16
সাইট	আছে	16
শেষ	পর্যন্ত	16
আপনার	একটা	16
চলে	আসছে	16
করছি	ভাই	16
কপি	করছেন	16
সাথে	থাকুন	16
মেক	করে	16
হয়না	কেন	16
ইউসি	দিয়ে	16
আমাকে	আর	16
ইউজ	করবেন	16
বুঝলাম	যে	16
ইন্সটল	করতে	16
রম	দেন	16
গ্রুপ	এর	16
আগে	ইউজ	16
দেখেন	তো	16
এর	নিচে	16
ভাইয়া	একটু	16
আমি	৪	16
ভাই	পিসি	16
ইনবক্স	চেক	16
এ	সাপোর্ট	16
কিন্তু	কিছু	16
কাজ	ও	16
ভাই	এগুলা	16
বানান	ভুল	16
লিখতে	পারেন	16
হবে	ট্রাই	16
আইডি	ব্যান	16
কেন	আর	16
হয়ে	যাই	16
খুব	কঠিন	16
টা	দাও	16
ললিপপ	ভার্সন	16
ভালো	লাগতো	16
আইডি	নষ্ট	16
থেকে	ট্রাই	16
হইয়া	গেসে	16
তো	একটু	16
থেকে	পোস্ট	16
পার	হয়ে	16
দেখে	আমি	16
একটা	টিউটোরিয়াল	16
হয়	আবার	16
এতো	কিছু	16
ইনস্টল	দিতে	16
না	বুঝতে	16
আপনি	গুগল	16
ইয়ার	আগে	16
সমস্যা	আছে	16
ভাই	এটার	16
ফোন	মেমরি	16
খারাপ	হয়	16
যায়	আমার	16
পাওয়া	গেছে	16
একটু	দেখবেন	16
টাকা	মেরে	16
আমি	বললাম	16
আমাদের	মধ্যে	16
চলে	যাবো	16
সাথে	প্রেম	16
আপনার	কোনো	16
কী	করে	16
উপহার	দিতে	16
শোনা	যায়	16
মারা	গেছেন	16
৬	মাস	16
আমি	অবাক	16
কষ্টের	কথা	16
কারো	কথা	16
শুনে	আমরা	16
একটি	ছোট্ট	16
আমাকে	চিনতে	16
রাজি	না	16
আমি	কেন	16
ছেলে	মেয়ে	16
করে	ফেলো	16
কিছু	লিখতে	16
অর্জন	করেন	16
বড়	বোনের	16
বছর	বয়সে	16
বাবার	সাথে	16
ক্রিকেট	খেলা	16
পরে	বিয়ে	16
বাংলাদেশের	একটি	16
খেতে	পছন্দ	16
দুর্বল	হয়ে	16
বন্ধুর	সাথে	16
গ্রাম	থেকে	16
সমস্যা	নিয়ে	16
খারাপ	ছিল	16
রাস্তা	দিয়ে	16
বসে	আছে	16
অনেক	ভালবাসি	16
ভালো	ছিল	15
করবো	আমি	15
কাজ	হইসে	15
রিকুয়েস্ট	দিছি	15
আসার	পর	15
তাইলে	কি	15
করার	ট্রিক	15
কারণ	কি	15
করি	নি	15
করা	পোস্ট	15
ইউর	কমেন্ট	15
দিন	মেয়াদ	15
চেক	করবো	15
পোস্ট	করিস	15
আমি	বুঝতে	15
কোড	ইউজ	15
তে	নিউ	15
ইউজ	করসি	15
ভাই	অথর	15
নিয়ে	আসেন	15
ফাইল	এর	15
না	করার	15
এখানে	কি	15
হয়	আমি	15
১০	টা	15
আপনি	কত	15
ফেসবুক	লিংক	15
হলেই	হবে	15
ধন্যবাদ	আপনার	15
খুব	উপকৃত	15
একটা	করে	15
কেমন	হবে	15
পাবো	কিভাবে	15
ফেসবুক	এর	15
অ্যাপ	নিয়ে	15
এক	টা	15
তা	ঠিক	15
৩	জিবি	15
দিয়ে	করলে	15
অন্য	একটা	15
পোস্ট	পাবলিশড	15
বের	করার	15
করেন	আপনার	15
পসিবল	না	15
মি	আমার	15
কি	করমু	15
তাহলে	আর	15
কমেন্ট	টা	15
নেট	চলে	15
বলছেন	ভাই	15
বিকাশ	অ্যাপ	15
এ	ঢুকে	15
নাইস	বাট	15
চেঞ্জ	করেন	15
বাই	দা	15
প্লিজ	রিভিউ	15
জানা	নেই	15
দিয়ে	দেখতে	15
তোমার	মত	15
জিমেইল	আইডি	15
কিছুদিন	পর	15
কিভাবে	নিবো	15
বলা	যায়	15
নাম	এ	15
অথর	করেন	15
দিয়েন	ভাই	15
এর	মধ্যেই	15
যায়	প্লিজ	15
এ	কমেন্ট	15
এর	অ্যাডমিন	15
প্রো	ভার্সন	15
বুটলোডার	আনলক	15
নাই	এই	15
অপশন	আছে	15
রবি	ফ্রি	15
ফুল	পোস্ট	15
করে	তাদের	15
হবে	তার	15
২৪	আওয়ার	15
ভিডিও	দেখে	15
কোন	লাভ	15
লাভ	হলো	15
তাই	আর	15
বলি	নাই	15
এক	কথায়	15
এ	কানেক্ট	15
বাট	ভাই	15
ক্রিয়েট	করা	15
অ্যাড	করা	15
কেমন	হয়	15
এই	তো	15
কারণ	আমি	15
অথর	না	15
সেটিং	টা	15
করে	কোনো	15
অ্যাড	করার	15
আপলোড	করতে	15
ইউজ	করতেছি	15
এ	এটা	15
কেউ	প্লিজ	15
ব্রো	তোমার	15
ও	নাই	15
জাস্ট	একটা	15
নাই	জাস্ট	15
ভাই	বাট	15
এর	এমবি	15
নাই	তাহলে	15
পারছিলাম	না	15
আরও	ভালো	15
থ্যাঙ্কস	ভাই	15
ভাই	ওয়াইফাই	15
পূরণ	করতে	15
থ্যাঙ্কস	ব্রো	15
আর	অন্য	15
কিভাবে	পাব	15
টাকা	এর	15
তাহলে	হবে	15
আছে	তাই	15
গেম	এ	15
রিকভারি	টা	15
করে	কথা	15
আছে	এটা	15
এখন	ঠিক	15
ঠিক	করছি	15
ট্রিকবিডিতে	পোস্ট	15
অফ	করলে	15
থেকে	আর	15
এইটা	কোনো	15
পোস্ট	থেকে	15
কিন্তু	কোনো	15
তো	কি	15
সেটা	বলেন	15
বালের	পোস্ট	15
হয়	তখন	15
বুট	ইমেজ	15
ক্রেডিট	কার্ড	15
সার্চ	দিলেই	15
মোবাইল	ডাটা	15
আমার	সিম	15
৫০০	এমবি	15
আর	তোমার	15
আমার	একাউন্ট	15
ওকে	থ্যাংকস	15
৩	মাস	15
লাইভ	টিভি	15
কিছুই	বুঝলাম	15
মেসেজ	দিন	15
লিংক	তো	15
যে	কি	15
পেমেন্ট	নিতে	15
আমি	এফবি	15
হ্যাক	নিয়ে	15
নাই	শুধু	15
অনেক	কাজ	15
সাপোর্ট	করেনা	15
তে	লগইন	15
ওয়েট	করতে	15
হচ্ছে	কেন	15
অসংখ্য	ধন্যবাদ	15
হুম	আমি	15
আর	কারো	15
এমন	করে	15
কপি	করলে	15
এম	বি	15
ইউসার	ভাইয়া	15
প্রয়োজন	হয়	15
করব	কি	15
এত	কিছু	15
দিলেই	হবে	15
টিউটোরিয়াল	দেন	15
এপিকে	দিয়ে	15
যদি	কেউ	15
বলার	জন্য	15
ইসি	নেট	15
করেন	ভালো	15
আমি	পারবো	15
আমি	এরকম	15
ব্রো	কি	15
এড	করবো	15
একসেপ্ট	করেন	15
ক্যাটাগরি	তে	15
ইমেইল	এ	15
হুম	বাট	15
ইওর	কমেন্ট	15
এই	প্রব্লেম	15
টা	নষ্ট	15
এমন	ভাবে	15
২০০	এমবি	15
বিষয়	টা	15
আমাকে	প্লিজ	15
ল্যাপটপ	এ	15
নাই	এটা	15
এই	কথা	15
ইনস্টল	করবো	15
টাইটেল	ঠিক	15
মাই	পোস্ট	15
কথা	বলেছি	15
কি	তার	15
হয়	যে	15
লিংক	দাও	15
তার	কোনো	15
ব্যাংক	একাউন্ট	15
আইডি	কিভাবে	15
সকাল	থেকে	15
দিতে	পারব	15
ব্রো	একটু	15
মেইল	করে	15
মাথা	ব্যথা	15
হইছে	বাট	15
মারা	যায়	15
তা	তো	15
মাস	পর	15
টা	চেঞ্জ	15
যার	সাথে	15
আমার	পোষ্ট	15
রম	ইনস্টল	15
আপনি	জানেন	15
নম্বর	টা	15
ইচ্ছা	করে	15
করে	আমাদের	15
ভাল	না	15
সাল	পর্যন্ত	15
মধ্যে	একটি	15
তার	পিতা	15
পালন	করা	15
ব্যবহৃত	হয়	15
গতকাল	একটা	15
একটা	ছেলের	15
একদমই	ভালো	15
বিয়ে	হবে	15
বাসার	দারওয়ান	15
বিদেশে	গিয়ে	15
আমার	সকালে	15
বই	পরতে	15
করতে	ভাল	15
ভালো	রান্না	15
করতে	এসেছিল	15
এখন	তাঁর	15
আমাকে	আগে	15
ছোট	শিশু	15
আমার	বান্ধুবি	15
খুব	ভালবাসে	15
আমার	ভাইয়ের	15
হেরে	যাবে	15
মনের	ভালোবাসা	15
তোমার	পাশে	15
আমার	বন্ধুর	15
আম্মু	আমার	15
লাল	গোলাপ	15
জীবনে	সুখ	15
সুখ	এনে	15
এনে	দেবে	15
এই	মন	15
তোমার	মনের	15
এই	গানটি	15
এই	ছবির	15
নীল	আকাশ	15
আমি	বড়	15
বড়	হয়েছি	15
সত্যিই	খুব	15
আমার	কোলে	15
আমার	পরিবার	15
তোমার	পরিবারের	15
জানাজানি	হলে	15
তিন	বছরের	15
বিয়েটা	করে	15
তোমার	ভালোর	15
মানতে	পারছি	15
ঘুরতে	যেতে	15
আমার	বন্ধুদের	15
ঝগড়া	নেই	15
পাতলা	মেয়ে	15
সিনেমা	দেখতে	15
তোমার	ছোট	15
একটি	গান	15
একজন	ভালো	15
অনেক	বেশী	15
এই	বিয়েতে	15
সকালে	চা	15
হাত	তুলে	15
খোঁচা	মেরে	15
মেরে	কথা	15
কথা	বলেনি	15
মেয়ে	মানুষ	15
চেয়েও	বেশি	15
রান্না	করেছে	15
অন্য	মেয়েদের	15
কাছে	ক্ষমা	15
শুনে	আমি	15
তাকে	বিয়ে	15
সম্পত্তি	বিক্রি	15
বাংলাদেশে	এসে	15
ঠিক	করেছে	15
কেরোসিন	তেলের	15
রান্নাঘরে	বসে	15
গ্রামের	মানুষরা	15
এই	শিশুটি	15
আমাদের	গ্রামের	15
মুরগির	বাচ্চা	15
বাচ্চা	আছে	15
গ্রামের	বাড়ীতে	15
গ্রামের	বাড়ীর	15
অনেক	অসুস্থ	15
পানি	দেওয়ার	15
দেওয়ার	প্রয়োজন	15
বৃষ্টি	হয়েছে	15
তরকারি	রান্না	15
গরমের	দিনে	15
খেতে	অনেক	15
অনেক	সুস্বাদু	15
তেল	দিয়ে	15
আমার	নানা	15
তেতুল	খেলে	15
শিম	ভাজি	15
মা	আমার	15
মুরগির	মাংস	15
কবুতর	পালন	15
থেকে	ঢাকায়	15
সবাই	একসাথে	15
বাসার	কাজের	15
করতে	একদমই	15
কি	পড়ালেখা	15
আমার	বিদ্যালয়ে	15
তার	গ্রামের	15
একটি	বিদ্যালয়ে	15
খুব	ভালোবাসে	15
আমাকে	দেখে	15
কারো	জন্য	15
গান	গুলো	15
এই	গানটা	15
এসব	কিছু	15
মেয়ের	সাথে	15
বিয়ে	করেছি	15
ছবি	তুলতে	15
আমার	জীবনের	15
তিনি	আমার	15
ব্যথা	করছে	15
প্রশ্নের	জবাব	15
কবিতা	লিখতে	15
আমার	পছন্দের	15
খুব	ভালোবাসি	15
দলকে	সমর্থন	15
সমর্থন	করি	15
একটি	বই	15
তারা	তিন	15
দেখতে	সুন্দর	15
আমাদের	বাসায়	15
বেশি	পছন্দ	15
ছেলে	অনেক	15
বউ	এর	15
আমার	দিকে	15
সাথে	সংসার	15
তুমি	এত	15
আপনারা	বলেন	15
আমার	স্বামীকে	15
অনেক	ভালোবাসি	15
আমার	গার্লফ্রেন্ড	15
বাসায়	যাই	15
মেয়ের	মা	15
স্বামী	আমার	15
আমার	বিয়ের	15
তাকে	নিয়ে	15
থেকে	এসেছেন	15
সবাই	মিলে	15
ভাষা	এক	15
এক	রকমের	15
রকমের	নয়	15
বইটা	পাওয়া	15
রাস্তার	পাশে	15
পাশে	একটি	15
একটি	ফুলের	15
ফুলের	দোকান	15
কিছু	পেয়ারা	15
পেয়ারা	কিনল	15
তাকিয়ে	ছিলাম	15
পড়তে	বসে	15
এলোমেলো	হচ্ছে	15
তে	কাজ	14
এ	কোন	14
ক্লিক	করেন	14
কি	প্রবলেম	14
না	তা	14
কিছু	ডাউনলোড	14
থেকেই	জানতাম	14
ইউজ	করুন	14
আপনি	মনে	14
আমি	শুধু	14
লাভা	আইরিস	14
অথর	হওয়ার	14
ভালো	তবে	14
মিল	নাই	14
এটা	ট্রাই	14
এই	ধরনের	14
দিয়ে	আর	14
কি	চলবে	14
করে	দিব	14
থ্যাংকস	ব্র	14
ভাই	ঠিক	14
লাগে	নাকি	14
যদি	কাজ	14
থাকলে	বলবেন	14
আইডি	দিন	14
প্লিজ	অথর	14
বাংলা	সাবটাইটেল	14
রুট	ফোন	14
এটা	আপনার	14
ভাইয়া	পোস্ট	14
থাকেন	তাহলে	14
করেন	নি	14
বাট	থ্যাংকস	14
পোস্ট	হচ্ছে	14
পারছেন	না	14
তা	হলে	14
কি	কেউ	14
লাগবে	আমি	14
কারো	সাথে	14
হয়	কি	14
আপনি	ট্রিকবিডি	14
লিংক	আছে	14
অ্যাকাউন্ট	খুলতে	14
এ	১	14
ডাইরেক্ট	লিংক	14
সার্ভার	ফুল	14
একদম	ঠিক	14
দিবেন	ভাই	14
দিয়ে	ভালো	14
ও	পোস্ট	14
দিয়ে	ও	14
ফুল	দেখায়	14
বেশির	ভাগ	14
এ	শুধু	14
কিভাবে	করতে	14
কয়েকদিন	আগে	14
এক	মাস	14
কোনটা	ভালো	14
কোন	সিস্টেম	14
করলে	কোন	14
জন্য	আলাদা	14
টা	বেশি	14
কি	অফ	14
না	সো	14
ভেরি	ভেরি	14
আছে	পোস্ট	14
লিংক	তা	14
করতে	অনেক	14
ফোন	অফ	14
পোস্ট	রিভিউ	14
প্লিজ	চেক	14
নিতে	পারছি	14
অ্যান্ড্রয়েড	ভার্সন	14
ফোন	রুটেড	14
হ্যাক	করব	14
সাথে	কানেক্ট	14
মোড	এপিকে	14
সার্চ	করুন	14
না	ট্রিকবিডি	14
গুড	বাট	14
পারবো	প্লিজ	14
আমার	কি	14
কেন	কি	14
খুব	একটা	14
করে	দিসি	14
কি	একটা	14
করার	ট্রাই	14
থাকলে	হবে	14
কথা	বলসেন	14
আপডেট	করতে	14
মেইল	এ	14
একটা	মেইল	14
লিংকটা	দেন	14
বানানোর	জন্য	14
চলে	গেছে	14
আমি	অথর	14
বাট	স্পিড	14
১	মিনিট	14
পোস্ট	করতেন	14
প্রব্লেম	টা	14
একটা	ভিপিএন	14
হয়	আমার	14
আছে	তাদের	14
পর	পোস্ট	14
জানা	ছিল	14
ভিডিও	এর	14
হ্যালো	ব্রো	14
হবে	তাই	14
লিংক	শেয়ার	14
স্পিড	বেশি	14
কিছু	আছে	14
জিবি	নিলাম	14
লিংক	কই	14
কমেন্ট	করলে	14
থ্যাংকস	আমি	14
কিছু	বলতে	14
করে	লাভ	14
বাট	এমবি	14
এড	করতে	14
জানি	তবুও	14
ফলো	করেন	14
ভাই	কানেক্ট	14
পাসওয়ার্ড	হ্যাক	14
ট্রিকবিডি	কে	14
পাশে	আছি	14
ফাউন্ড	দেখায়	14
হবে	এটা	14
পারে	তাই	14
আমি	ট্রিকবিডিতে	14
আপনার	দেয়া	14
২	বছর	14
না	আগের	14
অনেক	ভুল	14
দেন	আর	14
ব্রো	এখন	14
যায়	এটা	14
১৫	দিন	14
ভাই	স্যামসাং	14
আপনি	কেমন	14
ওটিজি	সাপোর্ট	14
ব্যবহার	করেন	14
টা	হলো	14
ওয়াপকা	তে	14
আনলক	করতে	14
প্লিজ	পোস্ট	14
হয়	কিনা	14
দেন	ব্রো	14
ট্রাই	করো	14
কিছু	তো	14
করবো	সেটা	14
আমাকে	এই	14
আছে	অনেক	14
ভাই	আপনাদের	14
চেষ্টা	করেছি	14
মডারেটর	ভাই	14
করছি	এখন	14
সমাধান	আছে	14
আমি	জাস্ট	14
ফোন	ব্রিক	14
তোমার	কাছে	14
সবার	সাথে	14
কি	এখানে	14
থেকে	ইউজ	14
যে	আপনি	14
হ্যাক	এর	14
হয়	তবে	14
বের	করেন	14
লিমিট	আছে	14
বলে	লাভ	14
লিংক	এর	14
গুগল	এর	14
আপনি	অন্য	14
ঠিক	করার	14
আমি	যেই	14
সেল	করবো	14
এক	সময়	14
আমি	৫	14
একটু	বিস্তারিত	14
করা	হচ্ছে	14
কেমন	পোস্ট	14
কাজ	এ	14
কলেজ	এ	14
উপায়	কি	14
ভাল	করে	14
আপনার	বাসা	14
কাস্টম	রুম	14
অ্যাপস	আছে	14
জায়গা	থেকে	14
দেখায়	প্লিজ	14
এফবি	এর	14
দিয়ে	ফ্ল্যাশ	14
ভালো	মানের	14
এমবি	থাকলে	14
থাকুন	থ্যাংকস	14
২০	এমবি	14
দারুন	পোস্ট	14
কত	কষ্ট	14
এ	জয়েন	14
পোস্ট	করসে	14
না	হয়ে	14
লিংক	নাই	14
ফার্স্ট	টাইম	14
এ	এড	14
সময়	কি	14
এর	স্পিড	14
আপনাকে	আমি	14
পেতে	পারি	14
কি	বলবেন	14
এগুলা	কি	14
করে	তারপর	14
আগেই	জানি	14
না	করলেও	14
নো	প্রব্লেম	14
দেয়ার	চেষ্টা	14
দিয়ে	চলে	14
করবে	আর	14
এখনো	আছে	14
করা	যাই	14
আর	এমবি	14
থেকে	আপনি	14
মেসেজ	দেন	14
আপনি	অনেক	14
আছে	যা	14
এমন	একটি	14
ব্রো	ফর	14
কিভাবে	কাজ	14
আমার	১টা	14
যার	জন্য	14
দিলে	তো	14
ই	ভালো	14
যোগাযোগ	করেন	14
ইনস্টল	দিয়ে	14
করবো	আর	14
টাইটেল	দেখে	14
থেকে	উঠে	14
না	সে	14
একাউন্ট	ক্রিয়েট	14
থাকা	যায়	14
চেষ্টা	করব	14
রম	টা	14
আমি	চাচ্ছি	14
কোন	রকম	14
সিস্টেম	এ	14
কোনো	এক	14
কোড	গুলা	14
এন্ড্রয়েড	ভার্সন	14
আপনি	কী	14
তার	থেকে	14
একে	অপরের	14
এবং	তাদের	14
পর	তার	14
আপনার	কাছ	13
আমি	ঠিক	13
নিজের	সাইট	13
আমি	পাইছি	13
কোন	ভুল	13
রোম	টা	13
রোম	এর	13
ডাউনলোড	দেন	13
না	এমন	13
এ	বলে	13
ভাবে	ট্রাই	13
লিখলে	ভালো	13
ভালো	কমেন্ট	13
জানতাম	বাট	13
দরকার	প্লিজ	13
না	একটা	13
আমার	এমবি	13
ফ্রী	তে	13
পোস্ট	আপনার	13
আশা	করছি	13
পেপাল	অ্যাকাউন্ট	13
পোস্ট	দিতে	13
এখন	অফ	13
ভাই	এক	13
কম	এমবি	13
পায়	না	13
ক্লিয়ার	ডাটা	13
শেষ	করে	13
ট্রিক	শেয়ার	13
এ	ইউজ	13
সেভ	করে	13
বাংলালিংক	এ	13
কাস্টমার	কেয়ার	13
এটাই	তো	13
নাই	তাদের	13
দিন	আর	13
পোস্ট	আপডেট	13
হয়ে	গেলাম	13
অ্যাপ	ইন্সটল	13
হবে	আমার	13
এমন	কোন	13
থেকে	কিছু	13
অ্যান্ড্রয়েড	এ	13
ইএস	ফাইল	13
ফাইল	এক্সপ্লোরার	13
করে	এই	13
পারি	আমার	13
এটা	খুব	13
ডিভাইস	এ	13
একটু	চেক	13
ইন্সটল	করে	13
কি	অ্যাপ	13
লাগবে	কি	13
পারছিনা	প্লিজ	13
এমবি	চেক	13
না	হইলে	13
দিয়ে	নেট	13
কবে	দিবেন	13
দিনের	জন্য	13
আরো	একটা	13
বাড়ানোর	জন্য	13
জন্য	ট্রিকবিডি	13
কোন	অ্যাপস	13
কমেন্ট	করা	13
ভাই	এখানে	13
চাই	আমি	13
টাকা	না	13
পোস্ট	ছিল	13
পোস্ট	কইরেন	13
বাজে	পোস্ট	13
থাকলে	লিংক	13
একটু	দিবেন	13
গেছে	এখন	13
ফোন	অন	13
পাবজি	লাইট	13
এর	মোড	13
অনেক	উপকৃত	13
এডিট	করবো	13
কাজ	হলে	13
শুধু	একটা	13
অথর	দের	13
কনফিগ	ফাইল	13
করে	দেখলাম	13
দেওয়া	আসে	13
পাসওয়ার্ড	কি	13
আমার	এখানে	13
জন্য	আপনাকে	13
উপকার	হত	13
যে	সব	13
ভিডিও	আপলোড	13
হোম	পেজ	13
কোন	অপশন	13
অফার	টি	13
রিকোয়েস্ট	দিছি	13
এর	কমেন্ট	13
বলে	কি	13
জানা	মতে	13
চিপসেট	এর	13
করুন	আমি	13
মেয়াদ	কয়দিন	13
এরপর	থেকে	13
না	করেই	13
ডাউনলোড	তো	13
এই	সফটওয়্যার	13
আর	আগের	13
এমবি	আর	13
তা	কি	13
কি	করবেন	13
হুম	থ্যাংকস	13
বাট	একটা	13
কি	বিকাশ	13
সব	সিম	13
থেকে	দূরে	13
ভাই	আপনে	13
স্লো	হয়ে	13
আমি	পাইসি	13
অনেকদিন	আগে	13
কেরি	অন	13
এটা	তে	13
না	যারা	13
প্রোফাইল	পিক	13
ডাউনলোড	হয়ে	13
ভাই	শুধু	13
করা	না	13
ই	না	13
ফ্রি	বেসিক	13
আপনি	আবার	13
এর	থিম	13
এর	ডাউনলোড	13
দেন	একটু	13
পাগল	নাকি	13
জন্য	এখন	13
১	বার	13
ঠিক	বলেছেন	13
কাজ	করুন	13
আরো	বেশি	13
কাজ	তো	13
বেশি	পাওয়া	13
ধন্যবাদ	আপনাকে	13
টিউনার	আইডি	13
মনে	হলো	13
একাউন্ট	খুলুন	13
এরকম	একটা	13
একাউন্ট	নাই	13
এর	দরকার	13
যদি	একটা	13
করলে	অন্য	13
মানুষের	সাথে	13
খোলা	যায়	13
প্রিমিয়াম	একাউন্ট	13
এটা	সব	13
পাওয়া	যাচ্ছে	13
জন্য	প্লিজ	13
লাগে	আর	13
বিডি	থেকে	13
করে	দেওয়া	13
আপলোড	দিলে	13
অনেক	খুশি	13
ইন	করতে	13
তে	শেয়ার	13
এ	খেলা	13
করে	দিয়েছে	13
আমার	ফ্রেন্ড	13
নষ্ট	করে	13
হবে	একটু	13
আমার	মতে	13
এটা	পোস্ট	13
করবো	ব্রো	13
কেউ	না	13
লাগলো	না	13
তাও	আবার	13
করছি	না	13
ওপেন	করার	13
বাট	নাইস	13
টা	কে	13
ডিসকানেক্ট	হয়ে	13
অফিস	থেকে	13
হইসে	বাট	13
মোবাইল	রিচার্জ	13
পরে	আপনার	13
গুলা	দেখেন	13
করতে	পারিনি	13
করে	দিলাম	13
মানে	হয়	13
এ	ফ্রি	13
আর	নেই	13
পোস্ট	দেখলাম	13
একটু	দেন	13
আছে	যেটা	13
কাজ	হলো	13
ভেরিফাই	করতে	13
করার	সুযোগ	13
লিঙ্ক	ঠিক	13
আপনি	না	13
সহজ	সরল	13
কিন্তু	কাজ	13
কাছে	থাকলে	13
নাম	দিয়ে	13
থেকে	তো	13
গালি	দেওয়ার	13
কোনো	কাস্টম	13
আর	ওয়েলকাম	13
পেন্ডিং	আছে	13
কোন	কিছুই	13
এর	সমাধান	13
কিপ	ইট	13
করলে	কোনো	13
আছে	এখন	13
দরকার	নেই	13
দেই	নাই	13
আছে	সেটা	13
হয়েছে	ভাই	13
ব্রাউজার	ইউজ	13
সব	শেষ	13
আপনার	কাজ	13
হুম	ভালো	13
বিটকয়েন	এড্রেস	13
দিলে	আরো	13
করে	করে	13
কিছু	হবে	13
গুগলে	সার্চ	13
হলে	আরো	13
১	দিন	13
কথা	বলতাম	13
আসলো	না	13
ভার্সন	লাগবে	13
অপশন	টা	13
চলে	আসবে	13
মতো	করে	13
ভাই	কোড	13
কিছু	নেই	13
রুট	এর	13
টাইপ	এর	13
করে	ইনস্টল	13
সার্চ	দিন	13
ডোন্ট	মাইন্ড	13
টা	কেমন	13
টাকা	করে	13
নষ্ট	হবে	13
এখন	এই	13
আর	তার	13
সবার	আগে	13
ফর	পোস্ট	13
ভাই	তাড়াতাড়ি	13
অফ	লাক	13
বাট	টাকা	13
আজকে	অনেক	13
নিউ	একটা	13
পাবলিশ	হয়	13
এরকম	আরো	13
আরো	চাই	13
সেটা	কি	13
আমার	শুধু	13
রেফার	এ	13
না	থাকে	13
খুলতে	হবে	13
হাউ	টু	13
আমি	যেটা	13
কই	ভাই	13
আপনার	মনে	13
মি	ব্রো	13
বুঝেন	না	13
তো	ব্রো	13
ফোন	রিসেট	13
করলে	ভাল	13
ট্রেনার	রিকোয়েস্ট	13
করা	খুব	13
আমার	নাম	13
ডায়াল	করে	13
ভাই	রবি	13
ইনস্টল	করলে	13
লিংক	দিছেন	13
ডিলিট	করলে	13
ভুল	হলে	13
যোগ্য	না	13
টা	আপনার	13
ফ্রি	চলে	13
ওয়াল্টন	প্রিমো	13
এতো	কষ্ট	13
আসে	কিন্তু	13
ই	হয়	13
এপ	দিয়া	13
আমার	কাসে	13
উপকৃত	হবো	13
সাথে	খেলতে	13
অনেক	মজা	13
কিরে	ভাই	13
আমি	আরো	13
একাউন্ট	দিয়ে	13
আগে	করা	13
ভাই	ওই	13
থেকে	পেমেন্ট	13
যায়	নাকি	13
সুন্দর	একটি	13
দেয়া	উচিত	13
কে	বলসে	13
করসে	না	13
কোনো	ভালো	13
ঠিক	বলসেন	13
একাউন্ট	কিভাবে	13
সহ	পোস্ট	13
সরি	ভাইয়া	13
থেকে	কাজ	13
পারেন	নাই	13
বাড়াবো	কিভাবে	13
পোস্ট	করতাম	13
লিংক	আপডেট	13
চেঞ্জ	করলে	13
কি	ইউটিউব	13
পিসি	নাই	13
ভালো	মতো	13
প্লিজ	মেক	13
হলে	আপনার	13
পরের	দিন	13
ব্রো	একটা	13
ওকে	ভাইয়া	13
মাস	পরে	13
তোমার	নাম	13
নাম	চেঞ্জ	13
এই	সমস্যা	13
আমার	ইউটিউব	13
যাবে	ব্রো	13
সমাধান	হয়ে	13
জাভা	মোবাইল	13
কোনো	ভাবেই	13
পাচ্ছে	না	13
আর	কিভাবে	13
পরে	পোস্ট	13
ভাই	কই	13
প্রতি	মাসে	13
তো	পেলাম	13
থাকে	তবে	13
এর	এই	13
খুশি	হলাম	13
সাইন	ইন	13
আমার	দুই	13
ঘুরে	আসতে	13
কিছুদিন	আগে	13
করে	দেখে	13
ইনবক্স	করেন	13
মধ্যে	দিয়ে	13
না	করা	13
নিয়ে	পোষ্ট	13
আসে	আর	13
করে	বলবেন	13
কাল	থেকে	13
থেকে	চলে	13
কিনে	দিতে	13
সত্যি	কথা	13
তার	বাবা	13
ভালোর	জন্য	13
করেন	ব্রো	13
আমার	বাংলা	13
দেখতে	ভালো	13
এই	বিষয়টা	13
আগে	দেখিনি	13
আগে	সব	13
মধ্যে	কোন	13
সারা	রাত	13
আমি	তার	13
অভিনয়	করেন	13
পানি	দিয়ে	13
পাবেন	আর	12
বাংলাদেশ	এর	12
আমি	ওয়াইফাই	12
আপনি	বুঝতে	12
বড়	বড়	12
এটা	করলে	12
পিছি	তে	12
এ	প্রবলেম	12
কানেক্ট	হবে	12
তাদের	মধ্যে	12
তে	আমি	12
না	আগে	12
আপনি	বলেন	12
জি	ভাইয়া	12
মোস্ট	ওয়েলকাম	12
হবে	আপনি	12
দিতে	পারছি	12
আইডি	নাম	12
আগে	ট্রাই	12
ভার্সন	কি	12
ভাই	ভাই	12
বলবেন	ভাই	12
সবচেয়ে	ভালো	12
অথর	পোস্ট	12
আসে	আমি	12
এমবি	কাটবে	12
কিভাবে	একটু	12
ভাবে	করবো	12
টা	সিম	12
আপনি	নিজের	12
কাজ	করবেনা	12
এইচটিএমএল	কোড	12
টা	হবে	12
টা	দেয়া	12
দেয়া	হয়েছে	12
পারবেন	বাট	12
সব	অ্যাপ	12
হয়ে	গেলে	12
পারে	কিন্তু	12
ইন্টারনেট	প্যাক	12
ও	আপনার	12
বলেন	নাই	12
নাম	বলুন	12
টাকা	নাই	12
ফোল্ডার	এ	12
থ্যাংকস	ট্রিকবিডি	12
বাট	একটু	12
থিম	এর	12
দিয়ে	কেমনে	12
আর	এখানে	12
বিটকয়েন	এ	12
কাস্টম	রিকোভারি	12
করছে	বাট	12
রিমুভ	করবো	12
আপলোড	দিয়ে	12
আপনি	বলছেন	12
পোস্ট	হইছে	12
আগের	মত	12
হা	ভাই	12
ভালো	আমি	12
এ	নক	12
প্লিজ	হ্লেপ	12
তুমি	কোন	12
ও	চলে	12
ভাই	নিউ	12
করছিলাম	বাট	12
টা	আর	12
কেন	আমি	12
না	লিংক	12
গুলা	অনেক	12
কিভাবে	করে	12
হলে	তো	12
এখন	কিভাবে	12
কিভাবে	ঠিক	12
কম্পিউটার	এর	12
করছি	আর	12
ভাই	রেফার	12
তার	নাম	12
স্টক	রোম	12
একটু	পর	12
হবে	তখন	12
মোবাইল	রুট	12
লাগবে	প্লিজ	12
এ	পেমেন্ট	12
করি	বাট	12
পর	আপনার	12
গুলো	কি	12
ওয়ালেট	এ	12
ঠিক	ঠাক	12
কয়েনবেস	এ	12
হবে	এখন	12
এক্সাম	এর	12
আছে	যারা	12
তে	আসে	12
লাস্ট	এ	12
ডলার	ইনকাম	12
তোমার	এফবি	12
পোস্ট	তবে	12
এ	কল	12
রুট	দিয়ে	12
করি	আমার	12
করার	ইচ্ছা	12
অ্যাড	করলে	12
করতে	পারিনা	12
কিভাবে	ইউস	12
এ	ঢুকতে	12
স্টে	উইথ	12
দেখায়	না	12
দেখতে	পাবে	12
করে	ডাউনলোড	12
গুড	লাক	12
বলে	দেন	12
অ্যাড	করেন	12
গুড	জব	12
লিংক	দিসেন	12
আর	হয়	12
ট্রাই	করছিলাম	12
ভাই	তোমার	12
স্পিড	পাবেন	12
ফোন	এই	12
সোশ্যাল	প্যাক	12
জানাতে	চাই	12
করেন	এফবি	12
মুক্ত	পোস্ট	12
তাহলে	এই	12
চালিয়ে	যাও	12
সব	গুলো	12
কিভাবে	নিব	12
ওই	অ্যাপ	12
দেখি	না	12
পিক	টা	12
লেখার	জন্য	12
বাংলাদেশ	এ	12
ইচ্ছা	মতো	12
এর	ভালো	12
পারলে	পোস্ট	12
হয়	অনেক	12
একটু	দেখুন	12
আপনি	এত	12
এফবি	একাউন্ট	12
করলাম	এখন	12
কাজে	লাগে	12
ব্যবহার	করি	12
গেমস	এর	12
তাই	আপনি	12
ছাড়া	পোস্ট	12
ছাড়া	এই	12
নাম	টা	12
হতে	পারলাম	12
স্ক্রিনশট	অ্যাড	12
আর	কানেক্ট	12
এক্সেপ্ট	করেন	12
তো	প্লিজ	12
অনেক	টাইম	12
তোর	মার	12
করে	আপনি	12
দিয়ে	এই	12
সব	তো	12
জিমেইল	হ্যাক	12
টা	আইডি	12
চেষ্টা	করবেন	12
আপনি	নিজেই	12
আমি	জানিনা	12
ভেরি	নাইস	12
থেকে	অ্যাপ	12
কোড	আসে	12
রম	এর	12
একটা	গেম	12
ঝামেলা	নাই	12
ট্রিক	বিডিতে	12
ফ্রি	ট্রায়াল	12
নেট	আছে	12
দিন	থেকে	12
ক্লিক	করতে	12
জন্য	কোনটা	12
আপনি	এখন	12
আবার	ইনস্টল	12
কিটক্যাট	এ	12
বেশি	না	12
না	টাকা	12
দিয়ে	টাকা	12
কথা	বলেছে	12
এপিকে	এর	12
লিংক	হবে	12
পোস্ট	কি	12
লাগবে	ভাই	12
প্যাক	কিনতে	12
নেই	ভাই	12
আমি	জানতাম	12
হয়না	ভাই	12
ভাই	ট্রাই	12
কোনো	রিপ্লাই	12
দিয়ে	অনেক	12
ক্লিক	করলেই	12
ভাল	লাগলো	12
চেঞ্জ	হবে	12
ট্রেইনার	রিকুয়েস্ট	12
একটু	সাহায্য	12
কত	হলে	12
পাবো	প্লিজ	12
পোস্ট	হবে	12
কি	বলতে	12
কিন্তু	পোস্ট	12
করতাম	না	12
কিনতে	চাই	12
নিয়ে	ব্যস্ত	12
তো	হবে	12
জন্য	মনে	12
এক	বছর	12
আমার	ট্রিকবিডি	12
কিছু	উপহার	12
ভাই	তাহলে	12
দিবো	কিভাবে	12
তাই	এখন	12
এর	স্ক্রিনশট	12
দিয়ে	বানানো	12
আর	আমাকে	12
না	আপনাকে	12
মি	অন	12
কিন্তু	তাদের	12
দিয়ে	সার্চ	12
আপনাকে	কিছু	12
চেষ্টা	করি	12
পোস্ট	যদি	12
এমন	অনেক	12
ওই	সাইট	12
ওয়েব	টানেল	12
পোস্ট	দিবো	12
প্রবলেম	হলে	12
ব্রো	এফবি	12
এসএস	দিলে	12
দেয়	আমি	12
হ্যাঁ	ভাই	12
কেমন	যেন	12
না	নাকি	12
কি	বলবো	12
আমি	বিশ্বাস	12
বেশি	হবে	12
বেস্ট	অফ	12
উপায়	থাকলে	12
সুন্দর	লাগছে	12
ফ্রেন্ড	রিকোয়েস্ট	12
এই	কারণে	12
করবো	নাকি	12
চালাতে	পারবো	12
চেষ্টা	করছি	12
পোস্ট	আগে	12
এপিকে	টা	12
ভালো	থাকে	12
ব্রো	এইটা	12
এটা	দিয়া	12
কথা	হলো	12
কাছে	সব	12
হচ্ছে	বাট	12
তো	এমবি	12
ইউ	ফর	12
করা	হয়নি	12
আর্নিং	পোস্ট	12
ইনফিনিক্স	হট	12
এর	অ্যাড	12
কি	এক	12
কি	চলে	12
ভাই	ভিপিএন	12
পিসি	দিয়া	12
ডাউনলোড	স্পিড	12
জিবি	রেম	12
ভিডিও	দেখা	12
এর	সাথেই	12
দিয়ে	হয়	12
টা	লাগবে	12
অথর	করে	12
কানেকশন	লাগবে	12
আইডি	ঠিক	12
একটা	মেসেজ	12
স্পিড	কেমন	12
কন্টাক্ট	করেন	12
প্রব্লেম	নাই	12
না	আসলে	12
এমবি	শেষ	12
এপ	আছে	12
বার	এ	12
অনেক	কিসু	12
আমি	কাজ	12
আর	এইটা	12
ভাই	ফেইসবুক	12
ভুল	বুঝতে	12
ফোন	আর	12
আচ্ছা	ব্রো	12
টাইম	লাগবে	12
যে	পোস্ট	12
ফেইসবুক	লিংক	12
স্ক্রিপ্ট	টা	12
বাংলা	ফন্ট	12
এর	কারণে	12
সব	ট্রাই	12
টা	বলেন	12
বুঝলাম	নাহ	12
আছে	ওই	12
দেয়া	আসে	12
টা	করে	12
মনে	নাই	12
না	করেন	12
দেই	না	12
একটা	এফবি	12
গেম	হ্যাক	12
অথর	এর	12
তখন	কি	12
সবচেয়ে	বড়	12
হয়	আপনার	12
ইউসার	রা	12
শুধু	তাদের	12
চাই	হেল্প	12
লিখা	আছে	12
এটা	কেমনে	12
আছে	ব্রো	12
যায়	নাহ	12
দেখতে	আমার	12
না	এমবি	12
করিয়েন	না	12
মেয়াদ	বাড়বে	12
এই	গুলো	12
আরো	আগে	12
প্রব্লেম	আছে	12
থাকলেই	হবে	12
সকালে	উঠে	12
তুমি	আর	12
আর	সে	12
এই	পোস্টটি	12
সিম	কি	12
কি	ব্রো	12
কথা	ঠিক	12
তোমাকে	আমি	12
প্লিজ	শেয়ার	12
কোনো	খবর	12
করবে	কি	12
হাইড	করা	12
টা	ওপেন	12
আমার	জীবন	12
একটা	ওয়েবসাইট	12
অ্যাপ	দিয়া	12
প্লিজ	ইউজার	12
হবে	কিন্তু	12
আগে	কেন	12
অনেক	মজার	12
এ	কেমন	12
গান	শুনলে	12
ভাল	হত	12
স্ক্রিন	রেকর্ডার	12
সিম	থেকে	12
শেয়ার	করব	12
তখন	অনেক	12
সে	ভালো	12
যাবেন	না	12
প্রবলেম	নাই	12
রিমুভ	করতে	12
এটা	আমাদের	12
দাম	বেড়ে	12
টিউনার	প্লিজ	12
ঠিক	বুঝলাম	12
করে	পড়েন	12
প্লিজ	জানান	12
আবার	নিউ	12
এই	প্রথম	12
মারা	গেছে	12
পড়তে	পারেন	12
একটা	পোষ্ট	12
এত	তাড়াতাড়ি	12
মধ্যে	একটা	12
আমি	নিজের	12
আপনাকেও	ধন্যবাদ	12
কি	পড়া	12
ভালো	আছি	12
সবচেয়ে	বেশি	12
রম	পোর্ট	12
জন্য	কী	12
পোষ্ট	করেন	12
হতে	থাকে	12
হবে	এবং	12
খুলে	বলেন	12
এড	করে	12
মাথা	গরম	12
আমার	বাসায়	12
আমি	জেনে	12
না	যাই	12
হলে	কী	12
বার	যে	12
মনে	করা	12
৫	বছর	12
কথা	হয়	12
একটা	বই	12
ভাল	ভাবে	12
কমেন্ট	না	12
তুমি	তোমার	12
বুঝে	নিতে	12
খুব	উপকারী	12
দেখা	শুরু	12
৪	মাস	12
তোমরা	কি	12
চলে	যেতে	12
দেওয়া	যায়না	12
থেকেই	আমার	12
আমার	এখন	12
সবার	সামনে	12
একটা	বড়ো	12
আমাদের	দেশে	12
থেকে	আসা	12
এসব	নিয়ে	12
প্রতিষ্ঠিত	হয়	12
একটি	জনপ্রিয়	12
চার	বছর	12
স্বামীর	সাথে	12
অবস্থিত	একটি	12
নির্বাচিত	হন	12
আক্রমণ	করে	12
তার	মা	12
ছিলেন	তিনি	12
সাথে	তার	12
বিয়ে	করেন	12
রাখা	হয়	12
যেতে	হয়	12
পরিচিত	হয়ে	12
বিয়ের	সময়	12
সঙ্গে	একটি	12
একটু	বেশী	12
নিয়েও	পোস্ট	11
কোন	সফটওয়্যার	11
হইছে	ভাই	11
দোয়া	করে	11
মোড	ভার্সন	11
মত	না	11
আর	অনেক	11
ইন্সটল	দিতে	11
ব্রাউজার	এ	11
এ	দিলে	11
অনেক	অ্যাপ	11
কি	হেল্প	11
কি	হ্যাক	11
চলে	বাট	11
আইডি	চেঞ্জ	11
নেট	এ	11
টার	পর	11
ইনকাম	হবে	11
পোস্ট	আশা	11
অ্যাপ	লিংক	11
ভিডিও	আছে	11
দিয়ে	চেক	11
আপনার	তো	11
দেওয়া	লাগবে	11
যত	সব	11
পারবেন	আর	11
বাট	ট্রিকবিডি	11
করেন	পেয়ে	11
রুট	হচ্ছে	11
এটা	ভালো	11
ইনকাম	এর	11
কাজ	এর	11
এ	এর	11
হবে	আমাদের	11
কল	দিয়ে	11
এই	অপশন	11
অফলাইন	এ	11
এক	ভাই	11
আপনার	ভালো	11
সুন্দর	কমেন্ট	11
ফেসবুক	পেজ	11
তো	এটা	11
মুভি	ডাউনলোড	11
থাকে	কিন্তু	11
টা	আপনি	11
সফটওয়্যার	দিয়ে	11
কুপন	কোড	11
এর	অ্যাপ	11
আমি	একটু	11
টা	বুঝলাম	11
এই	আইডি	11
টা	এখন	11
কয়	দিন	11
নিয়ে	কি	11
আমি	দেখতে	11
না	পাইলে	11
কি	লিংক	11
নাই	ভাইয়া	11
আমি	আসলে	11
ওপেন	করে	11
এ	লিংক	11
এই	ফাইল	11
কি	ট্রিকবিডি	11
৩০	টাকা	11
ভাবে	কাজ	11
যাবে	আমি	11
পোস্ট	টার	11
রেফার	কোড	11
দিয়ে	আইডি	11
ছাড়া	হবে	11
কিছুই	না	11
এ	এসএমএস	11
ওপেন	হচ্ছে	11
যদি	আপনি	11
দিছি	বাট	11
বাট	আর	11
বলেন	আর	11
তো	ট্রিকবিডি	11
উল্লেখ	করা	11
আছে	যে	11
হয়	যেমন	11
বুঝলাম	বাট	11
খুঁজে	পাচ্ছি	11
জরুরি	কথা	11
কথা	থেকে	11
কাজ	হয়েছে	11
এক	বার	11
এর	রিপ্লাই	11
এ	কোড	11
ম্যানেজার	দিয়ে	11
দিব	কিভাবে	11
টাকা	দিলে	11
আগের	অবস্থায়	11
ভাইস	সিটি	11
ভাই	অ্যান্ড্রয়েড	11
বুঝে	না	11
কি	করেন	11
বলতে	পারবো	11
রুট	করছি	11
টাকা	তুলবো	11
কাইন্ডলি	একটু	11
ট্রাই	করলে	11
কেয়ার	এ	11
আলাদা	করে	11
এই	প্রবলেম	11
রবি	এর	11
টা	দেখতে	11
টাকা	পাবো	11
ওকে	বাট	11
আস্তে	আস্তে	11
ও	আসে	11
তাকে	ছেড়ে	11
দিস	পোস্ট	11
দিয়ে	অ্যাপ	11
এর	পরের	11
বিষয়ে	পোস্ট	11
আমার	মত	11
ওয়েব	এ	11
হয়	কেমনে	11
খুব	সহজে	11
কেউ	বলেন	11
না	পারি	11
শেষ	হওয়ার	11
দিন	তো	11
থ্যাংকস	কমেন্ট	11
ফুল	কপি	11
এক	এক	11
করা	শুরু	11
টিউনার	মি	11
কোথায়	পাব	11
বাংলা	সাপোর্ট	11
৬	টা	11
আর	এর	11
হবে	থ্যাংকস	11
করবে	নাকি	11
আর	ডাউনলোড	11
শুধু	আপনার	11
আগে	নিজে	11
নো	প্রবলেম	11
ভাই	বাংলা	11
পারবো	নাকি	11
কারো	বিশ্বাস	11
করতে	থাকেন	11
মানুষ	কে	11
আপনাকে	ধন্যবাদ	11
এমনি	এমনি	11
পারলে	একটা	11
২৫০	এমবি	11
আগেই	করা	11
এটা	থেকে	11
ফেক	এনআইডি	11
থেকেই	ইউজ	11
ভেরি	গুড	11
হোস্টিং	এ	11
পোস্ট	বা	11
ব্রো	আর	11
না	পারেন	11
গুলো	দেখেন	11
এ	এখন	11
করা	ছাড়া	11
খায়	না	11
বুঝো	না	11
পোস্ট	দাও	11
ডিভাইস	এর	11
কি	লাগবে	11
ওয়ার্ডপ্রেস	এ	11
বেশি	হয়	11
তেমন	কিছু	11
করার	মতো	11
তারা	কি	11
ও	আচ্ছা	11
আচ্ছা	আমি	11
লিস্ট	এ	11
পাসওয়ার্ড	ভুলে	11
হতো	না	11
সাথে	শেয়ার	11
সমস্যা	হচ্ছে	11
চালু	করলে	11
হট	পোস্ট	11
দেখে	না	11
অনেক	কিছুই	11
একটা	ও	11
এখনো	কাজ	11
করে	এটা	11
ভাই	হ্যাক	11
দিয়ে	করেন	11
আপনার	লিংক	11
মতো	কোনো	11
শেষ	করলাম	11
বের	করবো	11
করা	বন্ধ	11
পোস্ট	পোস্ট	11
অনেক	আছে	11
পর	আমার	11
তাই	এই	11
এ	ফোন	11
তো	শুধু	11
কিন্তু	এই	11
এ	টু	11
দিন	হয়ে	11
কার্ড	নাই	11
কে	বলে	11
ইউজ	করছে	11
ভালো	কিন্তু	11
ঠিকই	আছে	11
ব্রো	থ্যাংকস	11
কিন্তু	আপনি	11
গেম	খেলতে	11
কি	ইউজ	11
করে	কিন্তু	11
কিভাবে	আমি	11
ভাই	ট্রিকবিডিতে	11
নেট	বের	11
দিয়ে	শুধু	11
এমবি	নষ্ট	11
আমি	কপি	11
থেকে	আমাকে	11
ভাই	হয়	11
না	কোন	11
ফোনের	মডেল	11
নাই	কিন্তু	11
মাঝে	মধ্যে	11
বুঝলাম	কিন্তু	11
কি	করবে	11
আছে	দেখুন	11
বিষয়	এ	11
না	ফালতু	11
মাস	ধরে	11
কি	ওই	11
তো	হয়ে	11
করে	লিংক	11
এরকম	কোনো	11
এখন	এটা	11
রম	দিতে	11
কতো	বার	11
না	থাকলেও	11
জন্য	পোর্ট	11
এখন	অনেক	11
কেউ	কিছু	11
আনলক	করবো	11
তার	প্রতি	11
বেশি	স্পিড	11
টা	দিয়েন	11
ফলো	করতে	11
রিভিউ	দেন	11
আইডি	আছে	11
লিমিট	শেষ	11
ভাই	সরি	11
করেন	একটু	11
থাকলে	জানাবেন	11
ক্লিক	করার	11
কোড	চাই	11
করি	আপনি	11
মেক	মি	11
সো	স্যাড	11
ডলার	দিয়ে	11
ছিল	বাট	11
ইউজ	করবে	11
কষ্ট	হয়	11
নাকি	আমি	11
দিলে	খুশি	11
ডাউনলোড	সাইট	11
পোস্ট	নিয়ে	11
ওকে	আমি	11
একাউন্ট	করতে	11
হ্যাক	হয়ে	11
হয়ে	আছে	11
ভাই	স্পিড	11
করলে	টাকা	11
কিছু	ঠিক	11
দিয়ে	কথা	11
আসলে	আমি	11
করে	নিয়ে	11
কথা	নয়	11
সবাই	রিপোর্ট	11
আমার	টেলিগ্রাম	11
টার	নাম	11
এটা	কেমন	11
নাকি	এই	11
তারপর	পোস্ট	11
কিভাবে	অ্যাড	11
করেন	যদি	11
চলে	আসলো	11
যে	এটা	11
করে	ঠিক	11
পোস্ট	করলেই	11
কি	দিতে	11
টাকা	১	11
ট্রাই	এগেইন	11
করে	এমন	11
এফ	বি	11
ক্লিক	এ	11
রোম	আছে	11
লিঙ্ক	থেকে	11
নাই	তারা	11
ডাটা	লাগবে	11
ব্যান	করে	11
গুলা	একটু	11
কথা	বলব	11
তে	অ্যাড	11
কথা	কি	11
এন্ড্রোইড	ভার্সন	11
নাই	কারণ	11
আমার	নাম্বার	11
নাই	তবে	11
হেল্প	দরকার	11
একটা	কমেন্ট	11
সাবস্ক্রাইব	করে	11
এন্ড্রোইড	এ	11
একটা	এপ	11
কবে	যে	11
তো	ফ্রি	11
থেকে	বিরত	11
হয়ে	যাচ্ছি	11
জিটিএ	৫	11
টাইম	নষ্ট	11
ই	হবে	11
কেনো	ভাই	11
ভাই	টাইটেল	11
উল্লেখ	করে	11
বাজে	ব্যবহার	11
তাই	বলে	11
এপস	টা	11
হবে	এর	11
থেকে	একটি	11
ইজ	নট	11
সব	চেয়ে	11
সাইট	নিয়ে	11
করলে	আমার	11
পারতাম	না	11
আবেদন	করতে	11
খুব	স্লো	11
বাট	ফোন	11
কাজ	করসি	11
অফ	করবো	11
আমার	প্রতিদিন	11
হলো	বাট	11
এপস	এর	11
চেক	করতে	11
আপনি	অথর	11
আমি	গুগল	11
এইটা	অনেক	11
যদি	এই	11
ভয়	লাগছে	11
মেয়াদ	৭	11
জন্য	থ্যাংক্স	11
আসার	কথা	11
পছন্দ	করেন	11
পূরণ	হবে	11
রিকোয়েস্ট	করছি	11
টা	একাউন্ট	11
বাট	কিছু	11
পোস্ট	হলে	11
কি	নেট	11
নিচে	পরে	11
তোমাকে	অনেক	11
করসি	হয়	11
মনে	আছে	11
আমাকে	এফবি	11
পোস্ট	কেন	11
সেটিংস	এ	11
ই	নাই	11
কাজ	নাই	11
আজে	বাজে	11
থাকে	আর	11
এর	গেম	11
বুঝা	যাচ্ছে	11
ব্রো	ভালো	11
করার	সাথে	11
গেম	আছে	11
আপনার	চ্যানেল	11
রেফার	করা	11
দিতে	পারতেন	11
করার	জায়গা	11
বলতে	পারছি	11
জানা	যায়	11
নাকি	ব্রো	11
দেন	পোস্ট	11
ওয়ান	ড্রাইভ	11
যাবে	বাট	11
এ	করে	11
সার্ভার	এর	11
বাদে	অন্য	11
ভাই	নতুন	11
দিবেন	একটু	11
যে	লিংক	11
পোস্ট	ইউজার	11
শুধু	মাত্র	11
একবার	ট্রাই	11
এড	করা	11
হলে	আমি	11
জন্য	এত	11
আপনার	সুন্দর	11
রাখা	ভালো	11
এরর	আসে	11
কেন	জানি	11
কাজ	আমি	11
কলেজ	থেকে	11
এর	একটি	11
পারছে	না	11
অনেক	দূরে	11
সে	পারবে	11
নাইস	পোষ্ট	11
আরেকটু	বড়ো	11
ক্রেডিট	দিয়ে	11
মনোযোগ	দিয়ে	11
তুলতে	পারেন	11
আপনার	নম্বর	11
ও	ঠিক	11
না	এন্ড	11
আপনি	কপি	11
লাগে	ভাই	11
ইউজার	এর	11
একটা	মুভি	11
বলে	দেওয়া	11
মন	খুব	11
থাংকস	ভাই	11
মেয়েটাকে	ভালো	11
হাত	ধরে	11
কে	মেইল	11
আমরা	এখানে	11
হলো	সবাই	11
বাট	কোনো	11
আমার	কথার	11
কখনো	ঠিক	11
ভাই	রে	11
বের	হবে	11
কথা	বলেছেন	11
আমাদের	আর	11
তো	জানি	11
প্রসেস	টা	11
আমরা	তো	11
বিশ্বাস	হবে	11
বুঝতে	পারা	11
ভালো	লাগার	11
পর	৩	11
করে	ফেলতে	11
হয়ে	গেছিলাম	11
আজ	আমি	11
এক	পাশে	11
আগে	তার	11
কথা	শোনা	11
কমানোর	জন্য	11
সাত	মাস	11
গতকাল	রাতে	11
ঢাকায়	থাকি	11
আপনি	এতো	11
না	দেখার	11
যোগাযোগ	করে	11
কথা	বলছে	11
তারা	আমাকে	11
বড়ো	বড়ো	11
এ	পর্যন্ত	11
ঠকে	গেছি	11
নেই	তুমি	11
করে	প্রতিদিন	11
গল্পের	বই	11
শুনে	মনে	11
করে	অন্যের	11
এখন	তুমি	11
তুমি	যদি	11
করে	ফেলেছি	11
তমুক	ভাই	11
না	কী	11
আসতে	চাই	11
একটা	উপহার	11
আসলেই	খুব	11
বলে	অনেক	11
আমাকে	সবাই	11
করতে	রাজি	11
রাত	জেগে	11
জেনে	খুশি	11
অনেক	পছন্দ	11
বাংলা	নাটক	11
দেখার	বিষয়	11
তোমাকে	ছাড়া	11
আমার	মাথা	11
আমাকে	এক	11
অংশ	নেন	11
ডিগ্রি	অর্জন	11
ভূমিকা	পালন	11
প্রদান	করে	11
অভিনয়	করে	11
সাথে	পরিচয়	11
বাংলাদেশ	ক্রিকেট	11
এক	পর্যায়ে	11
বিয়ে	হয়েছিল	11
এবং	একটি	11
প্রতিষ্ঠা	করেন	11
হিসাবে	পরিচিত	11
বাস্তব	জীবনে	11
ছুটির	দিন	11
তার	মায়ের	11
মাংস	খেতে	11
গড়ে	উঠেছে	11
পেয়ে	যায়	11
আগের	দিন	11
বছর	পরে	11
রাজি	হয়	11
বেশ	কয়েকদিন	11
পালন	করছে	11
মানুষ	অনেক	11
এটা	মানতে	11
করে	গেছেন	11
জন্য	ঢাকায়	11
সময়	পার	11
সমস্ত	সম্পত্তি	11
একটি	প্রধান	11
বড়	একটি	11
তখন	সে	11
সেখানে	অনেক	11
পাঁচ	বছর	11
একটি	গাড়ি	11
দ্বিতীয়	বিয়ে	11
তারা	তা	11
লাল	রঙের	11
স্কুল	জীবন	11
সাথে	পরিচিত	11
একটা	মেয়ে	11
বাঁচার	জন্য	11
প্রিয়	একটা	11
ওজন	কমানোর	11
হারিয়ে	যেতে	11
হেরে	গেলেন	11
খুব	পছন্দ	11
পোস্ট	থ্যাংক	10
আমার	ডিভাইস	10
টেলিগ্রাম	গ্রুপ	10
এ	দেখুন	10
এইরকম	পোস্ট	10
ঐ	পোস্ট	10
কে	কি	10
আসে	ভাই	10
সফটওয়্যার	টা	10
দেয়	তাহলে	10
ফোন	তো	10
ভুল	হয়েছে	10
টা	রুট	10
রুট	হয়	10
মিনিট	পর	10
১	বছর	10
দিয়ে	এক	10
থেকে	ডিলিট	10
ভেরিফিকেশন	কোড	10
টিউনার	করে	10
হ্যাক	হওয়ার	10
ওইটা	নিয়ে	10
নেট	কি	10
ব্র	আপনার	10
শেষ	এ	10
প্লিজ	টেল	10
আমার	ওয়ালটন	10
ভাই	নাম্বার	10
নিউ	ভার্সন	10
যায়	আমি	10
তে	ভালো	10
অনেক	ভিডিও	10
দিয়ে	যদি	10
খানকির	পোলা	10
৫	মিনিট	10
পাবলিশ	করে	10
প্রিমিয়াম	ভার্সন	10
এর	ফাইল	10
করবো	তার	10
ওয়ে	নাই	10
পেজ	টা	10
খুলবো	কিভাবে	10
এটা	যদি	10
ট্রাই	করতেছি	10
আমি	কথা	10
ডাটা	ফাইল	10
আমার	কমেন্ট	10
জিএফ	এর	10
শুধু	এই	10
ও	কিছু	10
সিম	টা	10
কালি	লিনাক্স	10
থাঙ্কস	ভাই	10
কিভাবে	বানাবো	10
এর	আগের	10
চেঞ্জ	হয়	10
আপনি	ঠিক	10
ভাই	এরকম	10
এর	মানে	10
দেখতে	পারবে	10
কম	বেশি	10
সেম	প্রবলেম	10
করছি	কাজ	10
সেল	করতে	10
আমি	ফোন	10
করে	দেই	10
কেউ	আমার	10
আপনার	থেকে	10
৭	দিনের	10
শিখতে	চাই	10
কাজ	করলো	10
করতে	বাধ্য	10
আমি	সিম্ফনি	10
অল	সিম	10
টাকা	নিয়ে	10
এমবি	নাই	10
এ	ওয়াইফাই	10
পোস্ট	কাজ	10
৩০০	এমবি	10
প্লে	সার্ভিস	10
আপলোড	দেন	10
অ্যাপ	টি	10
ব্রাউজার	এর	10
ক্রিয়েট	করার	10
মেসেঞ্জার	লাইট	10
ভাবে	পোস্ট	10
৩টা	পোস্ট	10
মনে	হয়না	10
করতে	আর	10
ভাই	পাসওয়ার্ড	10
বলার	নাই	10
এর	পিক	10
এ	নিতে	10
এমবি	তো	10
এ	যদি	10
তে	ও	10
ভাই	এসব	10
করলে	কিছু	10
কি	এফবি	10
আর	হ্যাঁ	10
ভেরি	থ্যাংকস	10
ফর	দা	10
বিস্তারিত	পোস্ট	10
প্যাচার	দিয়ে	10
তা	দেন	10
ফার্স্ট	এ	10
না	এফবি	10
খুঁজে	পাই	10
করে	আমাকে	10
প্লিজ	লিংক	10
সব	কিছুই	10
রিমুভ	করার	10
রিচার্জ	নিতে	10
পেপাল	এ	10
এর	ট্রিক	10
করতে	না	10
এত	ভালো	10
অটো	লাইক	10
সিস্টেম	থাকলে	10
এটা	কে	10
হবে	এমন	10
হবে	এই	10
এর	এটা	10
নিউ	অ্যাকাউন্ট	10
নাম্বার	দিন	10
ভার্সন	কতো	10
দিতে	গেলে	10
কি	মনে	10
কি	অন্য	10
ভাই	এখনো	10
সব	ফালতু	10
অফার	এর	10
ইন্সটল	করার	10
লাগবে	আর	10
নিউ	আইডি	10
এর	ডাটা	10
না	আশা	10
নেক্সট	পোস্টে	10
দেওয়ার	সময়	10
না	দিতে	10
এসব	পোস্ট	10
এই	নিয়মে	10
তাহলে	ভাই	10
লাগে	নি	10
হিন্দি	ডাবড	10
দিয়ে	আপনি	10
অন্য	নাম্বার	10
অ্যাপ	কি	10
সেন্ড	করতে	10
করবে	আমি	10
ক্ষতি	হবে	10
দরকার	ছিলো	10
করছি	আমার	10
৩০০	টাকা	10
পোস্ট	ফলো	10
এ	ঢুকলে	10
সুন্দর	হয়েছে	10
ভাই	একাউন্ট	10
যেটা	ভালো	10
লাগবে	আপনার	10
অন্য	অ্যাপ	10
ফ্রি	হোস্টিং	10
আমি	পারি	10
আইডি	নেম	10
নাই	কি	10
টা	না	10
অনেকেই	জানে	10
জন্যই	ট্রিকবিডি	10
ভাই	তুমি	10
নেট	থাকলে	10
যারা	জানেনা	10
জানেনা	তাদের	10
করতেছি	বাট	10
দেখায়	কেন	10
করলো	না	10
আগেই	জানতাম	10
আপনার	টেলিগ্রাম	10
ইসলামিক	পোস্ট	10
করলে	পাবেন	10
তাই	তো	10
করিস	না	10
স্ক্রিনশট	দেন	10
থেকে	ফ্রি	10
পরের	পোস্ট	10
এফবি	এমবি	10
জন্য	আপনি	10
ফাইল	ম্যানেজার	10
এমবি	কাটে	10
পারি	প্লিজ	10
করলাম	কাজ	10
সাহায্য	করতে	10
জন্য	বেস্ট	10
দিবো	ভাই	10
ওয়েলকাম	ভাই	10
আপনি	যেটা	10
ভাই	বুঝলাম	10
প্রবলেম	আছে	10
টা	ইন্সটল	10
কোনো	অ্যাপস	10
কিছু	আসে	10
আমি	প্রায়	10
আগে	কাজ	10
অনেক	ওল্ড	10
নিয়ে	হাজির	10
দেন	কথা	10
নিয়ে	অলরেডি	10
আজ	একটা	10
আমার	১	10
ভাই	একটি	10
টেক্সট	নাও	10
নিয়ে	চলে	10
পেমেন্ট	পাইছেন	10
সম্ভাবনা	আছে	10
এসএমএস	এর	10
তো	আসে	10
এত	দিন	10
পেমেন্ট	দেই	10
ভালো	লাগেনি	10
বুঝেন	নাই	10
লাইট	এ	10
এখন	সব	10
ডিলিট	করবো	10
ছাড়া	কিভাবে	10
ডাউনলোড	লিংকটা	10
চেক	করলাম	10
কথা	বলুন	10
ফ্ল্যাশ	দিলে	10
চাই	আপনার	10
আনরুট	ফোন	10
এডমিন	ভাই	10
হুম	হবে	10
দেন	তারপর	10
আপনাকে	কে	10
অনেকদিন	ধরে	10
দিয়ে	কী	10
যায়	তাই	10
আপনার	ওই	10
অনেক	কাজের	10
হেল্প	করবো	10
ভাই	মনে	10
করে	সেই	10
ন্যাশনাল	আইডি	10
আবোল	তাবোল	10
করে	এখানে	10
হলে	পেমেন্ট	10
পেতে	পারেন	10
দিন	এ	10
একটু	ক্লিয়ার	10
করতে	থাকে	10
ওকে	ট্রাই	10
কোড	কি	10
তারা	আমার	10
ফেসবুক	হ্যাক	10
ফ্রি	ডাউনলোড	10
বলুন	তো	10
এই	সাইটে	10
করলেন	না	10
ট্রান্সফার	করতে	10
ট্রিকবিডি	অথর	10
দেখে	মনে	10
এন্ড্রয়েড	দিয়ে	10
চলবে	কি	10
করবো	বাট	10
দিবো	প্লিজ	10
এ	আসবে	10
নতুন	কোনো	10
আমি	রুট	10
করে	দেখো	10
কিভাবে	দিবো	10
ভিডিও	মেক	10
হতো	আর	10
আনলিমিটেড	জিমেইল	10
না	আজ	10
জন্য	এটা	10
কি	হয়েছে	10
গেলে	কি	10
করে	শেয়ার	10
ও	ট্রাই	10
রোম	ইনস্টল	10
আর	রুট	10
ট্রাই	ইট	10
নেট	থেকে	10
একটা	ফাইল	10
স্পিড	কত	10
এর	দাম	10
আগে	জানি	10
একটা	নিউ	10
দিয়ে	লগইন	10
ইয়েস	ব্রো	10
কি	মেয়াদ	10
খুশি	হবো	10
বিরক্ত	লাগে	10
যাবে	এই	10
না	থ্যাংকস	10
দেন	কেন	10
এর	শেষে	10
ভালো	কাজে	10
আমি	গতকাল	10
যে	ভাবে	10
কানেক্ট	হয়না	10
আই	লাভ	10
কোড	গুলো	10
নিতে	চাই	10
সমস্যা	হয়	10
মুভি	গুলা	10
করব	আর	10
আপনি	যেভাবে	10
ফ্ল্যাশ	দিতে	10
কোনো	অপশন	10
কি	নিউ	10
খুবই	খারাপ	10
করবো	যদি	10
করা	নিয়ে	10
দেখি	কি	10
আজকে	থেকে	10
কারো	কি	10
কপি	করার	10
আমার	জিমেইল	10
পাবো	নাকি	10
ভালো	ভাই	10
দেখেন	অনেক	10
বাট	হচ্ছে	10
ট্রিক	আছে	10
সব	চাইতে	10
হেল্প	করব	10
কবে	থেকে	10
উপকার	হয়	10
ব্রো	পিসি	10
বাসা	কোথায়	10
না	আসে	10
করবেন	আমার	10
ফ্ল্যাশ	করতে	10
পেমেন্ট	করে	10
যার	কারণে	10
তোমার	পোস্ট	10
থ্যাংকস	ইউসার	10
টার্গেট	আইডি	10
কেন	এই	10
পোস্ট	দেয়া	10
বাট	পেমেন্ট	10
না	হওয়ার	10
এক	ধরনের	10
এপস	এ	10
থ্যাংক	ব্রো	10
সমাধান	দেন	10
চাই	বাট	10
কিন্তু	অনেক	10
বিকাশ	এর	10
ভাই	চেষ্টা	10
এটা	এখন	10
অনেক	স্লো	10
এর	প্রব্লেম	10
একাউন্ট	ব্লক	10
ইনস্টল	দিলে	10
স্পিড	পাই	10
করে	নিজের	10
এপ	ডাউনলোড	10
স্পিড	বাড়ানোর	10
আর	লিংক	10
করে	কেউ	10
জন্য	ওয়েট	10
ফালতু	একটা	10
অপসন	টা	10
মনে	করে	10
অনেক	কষ্টে	10
একটু	প্রব্লেম	10
করে	যায়	10
টি	ভালো	10
দাও	প্লিজ	10
নাই	এমন	10
মেসেঞ্জার	এ	10
হয়	নাহ	10
করে	টাকা	10
ই	আছে	10
সিম্ফনি	এর	10
লগইন	করা	10
করতে	কত	10
যেকোনো	একটা	10
লিংক	কিভাবে	10
এখনো	কোনো	10
কি	করলে	10
লিনাক্স	ইনস্টল	10
থেকে	আমি	10
আপডেট	করা	10
নেট	চালাতে	10
কোনো	মানে	10
ট্রাই	করার	10
দেন	একটা	10
স্পিড	এ	10
এফবি	টা	10
আবার	আগের	10
থেকে	কোনো	10
বোকার	মতো	10
তাও	তো	10
ভালো	থ্যাংকস	10
ওরা	আমাকে	10
প্লিজ	অনেক	10
বেশি	এমবি	10
ভালো	হইসে	10
কারণ	আমার	10
আপনাদের	জন্য	10
বাট	আজ	10
কি	আসে	10
এগুলা	পোস্ট	10
নাকি	আপনার	10
টা	ভালোই	10
তুমি	তো	10
ইটস	ওয়ার্কিং	10
একটা	করেন	10
আইপি	এড্রেস	10
কয়েনবেস	একাউন্ট	10
কত	লাগবে	10
ইনস্টল	করলাম	10
আর	কিছুই	10
এটা	অফ	10
খালি	লিনাক্স	10
লগইন	করে	10
হবে	নাতো	10
কিভাবে	হেল্প	10
করেন	এই	10
অফার	আছে	10
নিতে	পারবে	10
পারেন	আমি	10
আপনি	ওই	10
একই	পোস্ট	10
দিতেন	তাহলে	10
ড্রোইড	ভিপিএন	10
করলে	খুশি	10
এই	আছে	10
কেউ	আর	10
কয়েক	বার	10
আমাকে	দেন	10
৫	টাকা	10
এ	ফাইল	10
আগে	এক	10
ইডিট	করে	10
দিয়ে	যে	10
করেন	এটা	10
আনলিমিটেড	করার	10
আলাদা	ভাবে	10
কবে	পাবো	10
আপনার	পোস্টে	10
তাহলে	তার	10
যাবে	কিন্তু	10
আপনার	লেখা	10
টেস্ট	করে	10
করুন	তাহলে	10
তার	মধ্যে	10
তো	এখনো	10
যা	ইচ্ছা	10
প্লিজ	জয়েন	10
থেকে	ট্রিকবিডি	10
কবে	আসবে	10
আমি	না	10
তারপর	আবার	10
তার	একটা	10
জায়গা	না	10
প্লেয়ার	এর	10
আইডি	প্লিজ	10
একটু	ট্রাই	10
আর	কাউকে	10
কার্ড	টা	10
২৫	এমবি	10
ইউজার	ভাইকে	10
ওয়েবসাইট	আছে	10
ভাইকে	অনেক	10
দ্যা	ওয়ে	10
স্ক্রিনশট	এড	10
এড	করব	10
কেন	প্লিজ	10
কোড	কাজ	10
রয়ে	গেছে	10
পোস্ট	শেয়ার	10
স্টোর	এর	10
হচ্ছে	আমি	10
তে	ইউজ	10
ভার্সন	ইউজ	10
পারে	বাট	10
তেমন	ভালো	10
শেষের	দিকে	10
একটু	তাড়াতাড়ি	10
স্পিড	পাওয়া	10
প্রো	এর	10
আছে	শুধু	10
এমবি	ইউজ	10
ইউজ	করতাম	10
করি	কিন্তু	10
ইউ	ইউজার	10
স্ক্রিনশট	এ	10
জন্য	আপনার	10
কয়দিন	আগে	10
থ্যাংকস	টু	10
পাশে	থাকার	10
মাই	এফবি	10
ফেইক	আইডি	10
ফোন	মেমোরি	10
করা	দরকার	10
মত	কাজ	10
টাকা	দেয়	10
থাকলে	বলুন	10
পোষ্ট	এ	10
আপডেট	ভার্সন	10
এই	রম	10
পর	এক	10
এইটা	কিভাবে	10
এইটা	দিয়া	10
দিয়ে	নিজের	10
পোস্ট	হইসে	10
রাইট	ব্রো	10
সিম	নাই	10
আলাদা	আলাদা	10
টাইম	এ	10
টা	কী	10
দিয়ে	সব	10
যা	যা	10
করলে	কাজ	10
কাজ	হয়ে	10
দিলো	না	10
এর	রিকভারি	10
বেশ	কিছুদিন	10
১	টাকা	10
আমাকে	কেউ	10
আমার	নাই	10
তাই	আপনার	10
ব্রো	ডাউনলোড	10
আমি	আবার	10
আর	তুমি	10
না	মনে	10
এইটা	আমার	10
সব	ধরনের	10
কোন	জায়গা	10
আপনার	পোষ্ট	10
সেই	সময়	10
থাঙ্কস	ব্রো	10
হতে	হয়	10
বিশ্বাস	করেন	10
এটি	একটি	10
ফিরে	আসেন	10
নাম	ছিল	10
হন	এবং	10
তিনি	তার	10
মৃত্যুর	পর	10
দখল	করে	10
সাহায্য	করে	10
এই	গরমে	10
বাহিরে	বের	10
খারাপ	ছেলে	10
আম্মা	আমার	10
আমাকে	গতকাল	10
ছেলেটিকে	আমার	10
আমার	একদমই	10
শাড়ি	পরে	10
পরে	এসেছিল	10
আমার	দুইদিন	10
ছেলেটি	এখন	10
থেকে	উঠেই	10
আমার	চাচা	10
ঘুরতে	অনেক	10
আমি	বিদেশে	10
ঘুরতে	চাই	10
বিরক্ত	করো	10
অনেক	অপমান	10
পরতে	অনেক	10
ভাই	বিদ্যালয়ে	10
মাঠে	মাথা	10
মাথা	ঘুরিয়ে	10
ঘুরিয়ে	পরে	10
আমাকে	কোনদিনও	10
সকালে	ফুটবল	10
আম্মু	অনেক	10
এখন	ঘুমাতে	10
ঘুমাতে	যাবে	10
এইবার	ছুটিতে	10
ঘুরতে	যাবে	10
রাজশাহী	থেকে	10
মেয়েটি	এখন	10
তাঁর	বন্ধুদের	10
সাথে	সিগারেট	10
সিগারেট	খায়	10
চিনতে	পারল	10
পারল	না	10
তোমাকে	চিনতে	10
পড়ালেখা	করা	10
অনেক	রাত	10
রাত	হয়েছে	10
গিয়ে	বন্ধুদের	10
সাথে	গল্প	10
গল্প	করে	10
মাঠে	প্রতিদিন	10
প্রতিদিন	ক্রিকেট	10
ক্রিকেট	খেলে	10
শিশু	ফুটপাতে	10
সাথে	তোমার	10
প্রেম	ছিলো	10
প্রচণ্ড	মাথা	10
ব্যথা	করছিলো	10
তোমার	কোন	10
কথা	কিছুই	10
হাশির	কাছে	10
কিছু	হার	10
হার	মেনে	10
মেনে	যায়	10
তোমার	চোখ	10
চোখ	দুটো	10
পড়ালেখা	করার	10
করার	স্বপ্ন	10
হয়ে	ভালো	10
মধ্যে	জায়গা	10
জায়গা	জমি	10
জমি	নিয়ে	10
নিয়ে	ঝগড়া	10
তোমাকে	একটি	10
একটি	বইয়ের	10
দোকানে	যেতে	10
আবেগে	চোখে	10
দেওয়ার	সুযোগ	10
লাইনে	দাঁড়িয়ে	10
দাঁড়িয়ে	আছে	10
এত	গরীব	10
গরীব	আগে	10
পৃথিবীতে	আমার	10
আম্মু	আমাকে	10
আমাকে	সবার	10
সামনে	মারতে	10
মারতে	মারতে	10
মারতে	বাসায়	10
বাসায়	নিয়ে	10
কমেন্ট	পড়তে	10
পড়তে	আসবে	10
একদিন	বিবেকের	10
বিবেকের	কাছে	10
ভালোবাসা	চিরদিন	10
করে	বুঝাবো	10
কতটা	ভালবাসি	10
আপনাকে	দেখে	10
দেখে	থমকে	10
থমকে	দারিয়ে	10
দারিয়ে	ছিলাম	10
খুব	কষ্টে	10
কষ্টে	নিজেকে	10
নিজেকে	সামলে	10
কিছু	ভাবতে	10
আপনাকে	ছাড়া	10
নাম	ছাড়া	10
বলা	বাকি	10
আমার	আব্বুর	10
খুব	গরম	10
ছোট	বোনের	10
অনেক	ঠাণ্ডা	10
ঠাণ্ডা	লাগছে	10
খুব	মন	10
শাড়ি	কিনে	10
একটি	লাল	10
গোলাপ	কিনে	10
পার্কে	ঘুরতে	10
ভালোবাসা	দেওয়াতেই	10
দেওয়াতেই	বেশি	10
বেশি	আনন্দ	10
কাছে	ফিরে	10
ছেড়ে	দাও	10
সে	তোমার	10
যে	মানুষটিকে	10
তাকে	যদি	10
এই	প্রেমের	10
প্রেমের	কোনো	10
কোনো	অর্থ	10
নিজে	অসুখী	10
অসুখী	হয়ে	10
অন্যকে	ভালোবেসে	10
ভালোবেসে	সুখী	10
কারো	জীবনে	10
অন্য	কারও	10
কারও	ভালোবাসাকে	10
ভালোবাসাকে	ছিনিয়ে	10
ছিনিয়ে	নিতে	10
অন্যের	ভালো	10
লাগার	মানুষ	10
আগামিকাল	সকালবেলা	10
কোনও	নিশ্চয়তা	10
নিশ্চয়তা	নেই	10
গোলাপ	ফুল	10
কথা	লুকিয়ে	10
মানুষের	সব	10
মুখে	বলে	10
মাঝে	ওই	10
ওই	একটা	10
যতদিন	বেঁছে	10
বেঁছে	থাকি	10
মনে	রাখবো	10
যত	কষ্ট	10
কষ্ট	হোক	10
চাঁদের	মিষ্টি	10
মিষ্টি	আলো	10
আলো	দেখতে	10
আমাদের	ঘরের	10
সাজিয়ে	রেখেছি	10
সবাই	এসে	10
আরেকটা	দিন	10
দিন	এগিয়েছে	10
আসতে	পারি	10
আকাশের	নীলে	10
তোমায়	নিয়ে	10
মনে	আমার	10
আমার	অফুরন্ত	10
পেতে	চাই	10
আমি	এবং	10
সাঁতার	কাটি	10
সুখের	পৃথিবী	10
বৃষ্টি	হবে	10
মিথ্যা	ভালবাসা	10
সত্যের	ভালবাসা	10
অসম্ভব	সুন্দরী	10
সুন্দরী	লাগে	10
ভালোবাসার	মানুষটার	10
মানুষটার	কথা	10
পুরাতন	ইতিহাস	10
ইতিহাস	মনে	10
এক	সন্ধ্যায়	10
সন্ধ্যায়	অফিস	10
থেকে	বাসায়	10
বাসায়	ফিরে	10
তোমার	কন্যা	10
চিৎকার	করে	10
করে	কাঁদতে	10
কাঁদতে	ইচ্ছে	10
তুমি	চলে	10
চলে	যাওয়ার	10
জীবন	থেমে	10
যেন	শান্ত	10
শান্ত	হয়ে	10
মার	আদর	10
আদর	ভালোবাসা	10
ভালোবাসা	ছাড়া	10
পার	করছ	10
বাবা	হয়ে	10
হয়ে	মায়ের	10
মায়ের	দায়িত্ব	10
একমাত্র	তার	10
মায়ের	কোলেই	10
কোলেই	মানায়	10
কোলে	এসে	10
খোঁজে	মনে	10
তাকিয়ে	অনেক	10
এই	কঠিন	10
ভালো	চাকরি	10
এই	মাসে	10
মাসে	ছেলে	10
ছেলে	তার	10
ঘুরতে	যাওয়ার	10
দুজনের	বিয়ে	10
রাতের	বেলা	10
মানুষেরা	কখনো	10
ছেলেটি	তার	10
মেয়েটির	সাথে	10
ছেলে	কোন	10
মামলা	চায়	10
সে	বিবাহিত	10
বিষয়টা	জানাজানি	10
সংসার	টিকবে	10
টিকবে	না	10
মেয়েদের	সাথে	10
সাথে	সারা	10
জেগে	কথা	10
কাবিনের	টাকা	10
মাসে	মাসে	10
মাস	প্রেম	10
করে	একজনকে	10
একজনকে	বিয়ে	10
ক্লাসের	সব	10
সাথেই	মিশতাম	10
বলেছিলাম	বিয়েটা	10
শুধু	তোমার	10
বলতে	চায়	10
আমরা	খুব	10
বন্ধুরা	সত্যিই	10
সত্যিই	ভালো	10
ভালো	হৃদয়ের	10
হৃদয়ের	মানুষ	10
বন্ধুরা	সবাই	10
সবাই	খুব	10
খুব	মেধাবী	10
কোন	ঝগড়া	10
গ্রামের	মানুষদের	10
রকম	ঝগড়া	10
সুন্দর	ছবিগুলো	10
ছবিগুলো	দেখে	10
খুব	আনন্দ	10
আনন্দ	পেয়েছি	10
ভদ্র	ছেলে	10
লাগছে	কোনো	10
আমি	কিডন্যাপ	10
কিডন্যাপ	হয়ে	10
আজ	সিঙ্গেল	10
সিঙ্গেল	বলে	10
জীবনে	বিয়ের	10
বিয়ের	পরই	10
আজ	গরিব	10
গরিব	বলে	10
আমাকে	ভালবাসে	10
একমাত্র	মেয়েরাই	10
মেয়েরাই	পারে	10
ছেলেদের	সহজ	10
সরল	মনটা	10
গাড়ির	নিচে	10
আমার	জীবনটা	10
জীবনটা	অন্ধকার	10
চুল	পরার	10
নিয়ে	ডাক্তারের	10
ডাক্তারের	কাছে	10
দিন	বাঁচে	10
বাঁচে	না	10
ভালো	লেগেছিল	10
ছুটির	দিনেও	10
দিনেও	কলেজে	10
কলেজে	যায়	10
বাংলা	সিনেমা	10
ধন্যবাদ	জানাতে	10
জন্মদিন	কবে	10
একটি	ছবি	10
পরামর্শ	চাই	10
খেলতে	মাঠে	10
একটু	এইদিকে	10
অনেক	স্বার্থপর	10
স্বার্থপর	হয়	10
রাগ	অনেক	10
গরম	থাকে	10
বদমেজাজি	লোক	10
ছেলেটি	অনেক	10
আমার	আম্মুর	10
কথা	খুবই	10
খুবই	মনোযোগ	10
বিড়াল	আছে	10
লোক	দেখানো	10
দেখানো	শেষ	10
আমার	বউ	10
ভালো	মেয়ে	10
দুইবেলা	ভাত	10
আমি	কল্পনার	10
কল্পনার	চেয়েও	10
বেশি	সুখী	10
লবণ	কম	10
আম্মু	সব	10
সময়	বেশ	10
বেশ	হাসি	10
হাসি	খুশি	10
কত	অবাক	10
লবণ	একটু	10
বেশী	হয়ে	10
বাহিরে	ঘুরতে	10
জোস	মেকআপ	10
বুঝে	বেশী	10
চোখ	থাকে	10
থাকে	অন্য	10
মেয়েদের	দিকে	10
মদ	খায়	10
সাথে	আড্ডা	10
আড্ডা	দেয়	10
বিয়ে	বাড়িতে	10
কাছে	ধরা	10
ধরা	পড়ার	10
পড়ার	পরেও	10
একটা	বিবাহিত	10
আমার	পড়াশোনার	10
পড়াশোনার	খরচ	10
খরচ	দিতে	10
দিতে	চায়	10
মা	অনেক	10
আগে	নেশায়	10
নেশায়	আসক্ত	10
আসক্ত	ছিল	10
সারাদিন	বাহিরে	10
বাহিরে	বাহিরে	10
বাহিরে	থাকে	10
আমার	ফুফু	10
ফুফু	চাচারাও	10
আগের	তুলনায়	10
বাসায়	ঘুরতে	10
এতো	সকালে	10
থেকে	উঠতে	10
উঠতে	পারে	10
প্রচন্ড	অলস	10
অলস	একটা	10
কাজ	সময়মতো	10
সময়মতো	করতে	10
তাড়াতাড়ি	উঠে	10
বাগানের	মধ্যে	10
ক্রিকেট	খেলায়	10
খেলায়	জিতলে	10
ক্ষমা	চাও	10
একটু	ঘুমিয়ে	10
রেগে	গেছিলেন	10
আমার	হাত	10
খারাপ	আচরন	10
আচরন	করে	10
যেই	ছেলেকে	10
পরিবারের	কাউকে	10
কাউকে	সম্মান	10
সম্মান	করেনা	10
জন্য	মেয়ে	10
শুরু	করলো	10
সবাইকে	বুঝিয়ে	10
বুঝিয়ে	বুঝিয়ে	10
বুঝিয়ে	ক্লান্ত	10
ক্লান্ত	যে	10
পারিবারিক	ভাবেই	10
তাদের	প্রেম	10
আমার	শাশুড়ি	10
বিয়ে	দিতে	10
দিতে	চেয়েছিল	10
মান	সন্মানের	10
সন্মানের	ভয়ে	10
চাচার	ভয়ে	10
মা	মারা	10
করে	পরামর্শ	10
পরামর্শ	দিন	10
ভালোবাসতাম	না	10
সপ্তাহখানেক	আগে	10
আমরা	তাকে	10
ঈদের	আগের	10
তেলের	দাম	10
পেয়ারা	খেতে	10
বাড়ীর	পিছনে	10
একটি	পেয়ারা	10
গাছ	আছে	10
আম্মু	রান্নাঘরে	10
মোরগের	মাংস	10
মাংস	রান্না	10
মাটির	পাতিলে	10
শিমের	তরকারী	10
আসার	সময়	10
জাম্বুরা	কিনে	10
শিশুটি	একটি	10
একটি	মুরগির	10
আমি	একা	10
ড্রয়িংরুমে	বসে	10
ঘরের	স্টোররুমটি	10
লাকড়ির	চুলায়	10
চুলায়	রান্না	10
বেগুন	তরকারির	10
দুপুরে	ভাত	10
লাউ	দিয়ে	10
দিয়ে	চিংড়ি	10
চিংড়ি	মাছের	10
মাছের	ঝোল	10
দিনে	গোসল	10
পুকুরে	গোসল	10
খেলে	আমার	10
থেকে	আমাদের	10
বাড়ীর	উঠানে	10
উঠানে	খেলছে	10
আহত	শিশুটি	10
আব্বু	বলেছে	10
বৃষ্টি	হলেও	10
অতিরিক্ত	পানি	10
লবণ	দিয়ে	10
শশা	খেতে	10
দিয়ে	মাছ	10
মাছ	ভাজা	10
চুল	পড়া	10
পড়া	কমায়	10
এক	কৃষক	10
টমেটো	বিক্রি	10
থুথু	ফেলা	10
শরীরের	রক্ত	10
রক্ত	পানি	10
পানি	হয়ে	10
ধরে	সর্দি	10
সর্দি	কাশি	10
ভাত	খেয়েছি	10
শখের	বশে	10
ধরে	আমার	10
পরিষ্কার	করতে	10
মা	রান্নাঘরে	10
ঢাকায়	এসেছি	10
কাঁচা	আমের	10
আমের	শরবত	10
জন্য	শসার	10
শসার	সুপ	10
একসাথে	খেলা	10
বিশ্বকাপ	ক্রিকেট	10
গান	গাই	10
পানি	এনে	10
পানি	দিতে	10
তোমার	ভাই	10
মেয়েটি	অনেক	10
মেয়েটি	লাল	10
ঢাকায়	এসেছে	10
ছেলেটি	মেয়েটাকে	10
মা	আমাকে	10
কাজের	মেয়েটি	10
অপমান	করে	10
অভ্যাস	আছে	10
আমাকে	পড়ালেখা	10
বিদ্যালয়ে	পড়ালেখা	10
সে	বিদ্যালয়ে	10
সে	বিদ্যালয়ের	10
একটি	বিদ্যালয়	10
অল্পবয়সী	একটি	10
ছেলে	বাইরে	10
বাইরে	ফুটপাতে	10
ফুটপাতে	দৌড়াচ্ছে	10
ছেলে	এক	10
একজন	ছেলে	10
স্বামী	আমাকে	10
ভাল	ছবি	10
বহুদিন	পরে	10
লাল	শাড়ি	10
দাড়িয়ে	আছে	10
মাঝে	মনে	10
তোমার	হয়ে	10
তোমাকে	দেখে	10
দেখার	ভান	10
খুব	মনে	10
আমার	জীবনে	10
বুঝে	তখন	10
যে	কখন	10
তা	নিজেও	10
নিজেও	জানেনা	10
কিছু	নয়	10
বন্ধু	হতে	10
কি	মন	10
বন্ধু	আমাকে	10
কিনে	দিয়েছে	10
ভালোবাসা	মানে	10
তোমার	ওই	10
আজ	আমাকে	10
আমার	হাতটা	10
অনেক	প্রিয়	10
ভরে	যায়	10
আমার	ভালোবাসার	10
গান	শুনি	10
আমার	ছেলে	10
এসব	গান	10
দিনের	কথা	10
শুনে	চোখে	10
গানটা	শুনে	10
আমি	বাংলাদেশ	10
কষ্ট	করেছে	10
আমরা	জীবনে	10
শুনে	আমার	10
তোমার	কন্যাকে	10
কন্যাকে	নিয়ে	10
তুমি	আছো	10
মেয়ে	তার	10
দম	বন্ধ	10
আমি	ছাড়া	10
কিন্তু	ছেলে	10
মেয়েটি	তার	10
আমাদের	তিন	10
আর	উনার	10
ভালো	আছো	10
তাকে	ছাড়া	10
পরিচয়	গোপন	10
গোপন	রাখবেন	10
ঝগড়া	করে	10
সুখী	হতে	10
মেয়ের	পরিবার	10
অন্য	ছেলের	10
পানি	দিচ্ছে	10
সাথে	ভালো	10
ভালো	সম্পর্ক	10
সন্দেহ	করে	10
নামে	চিনে	10
আমাদের	পরিবারে	10
সবসময়	আমার	10
তোমার	বন্ধুরা	10
খেলা	করতে	10
মানুষ	নাকি	10
শোনার	পর	10
মরে	যাবে	10
গ্রামে	একজন	10
অনেক	ব্যথা	10
ছেলে	ছিল	10
গল্প	শুনতে	10
এখানে	আসতে	10
এখানে	আছি	10
জবাব	দিতে	10
নাটক	দেখতে	10
পছন্দের	ফুটবল	10
ফুটবল	ম্যাচ	10
ফুটবল	খেলার	10
ফুটবল	ম্যাচে	10
খেলতে	যাই	10
ফুটবল	দলকে	10
নীল	আকাশের	10
আকাশের	নিচে	10
আব্বু	বিদেশে	10
বিদেশে	থাকে	10
আমার	ছোটো	10
বিয়ে	হয়ে	10
বিদেশে	ঘুরতে	10
পড়াশোনা	করা	10
সকালের	শুরুতেই	10
শুরুতেই	পড়াশোনা	10
পড়াশোনা	শুরু	10
তুমি	গান	10
মধ্যে	পড়ে	10
আকাশ	দেখতে	10
দেখতে	অনেক	10
পরীক্ষা	দিতে	10
সরকারি	চাকরি	10
কি	চাকরি	10
কোথায়	চাকরি	10
যেখানে	কেউ	10
ভাই	ছিল	10
ঢাকার	মিরপুরে	10
তার	পরিবারকে	10
ভালোবাসো	না	10
ওই	মেয়েটি	10
আমাকে	কেমন	10
ঘাসের	মধ্যে	10
কালো	কুকুর	10
উপহার	দিয়েছে	10
আমার	জন্মদিন	10
তুমি	বিয়ে	10
বই	পড়তে	10
তোমাদের	প্রিয়	10
প্রিয়	লেখক	10
অনেক	বড়লোক	10
পড়াশোনা	করছো	10
চা	খেতে	10
চলে	এলাম	10
প্রিয়	খাদ্য	10
পড়তে	বসবো	10
তোমার	কেমন	10
প্রিয়	সবজি	10
চলো	একসাথে	10
পরিবার	সহ	10
অনেক	মেধাবী	10
আমি	আম	10
তোমার	পরিবারে	10
পছন্দ	করো	10
তোমার	মনে	10
আমি	তোমায়	10
তোমায়	ভালবাসি	10
বড়ই	অদ্ভুত	10
আমার	কালো	10
কালো	জামা	10
অনেক	মোটা	10
আমার	মায়ের	10
তুমি	ভালো	10
একজন	খারাপ	10
কি	চাও	10
আমি	চলে	10
রঙ	আমার	10
খাই	নাই	10
সকালে	আমার	10
আমার	বিড়ালের	10
দুই	বিয়ে	10
আপন	লোক	10
তুমি	যাও	10
আমি	বেশ	10
হাত	তোলে	10
সঠিক	পরার্মশ	10
মায়ের	সাথে	10
পড়াশোনা	করছি	10
ঐ	মহিলা	10
নানার	বাসায়	10
বড়	করছে	10
আমার	খালামুনির	10
ছেলে	আছে	10
তুমি	ঘুম	10
এত	ঘুমায়	10
খাওয়ার	অভ্যাস	10
কিছুই	মনে	10
ছোটো	বোন	10
আকাশে	উড়ছে	10
আমরা	হেরে	10
আমার	প্রশ্নের	10
আমি	অসুস্থ	10
দেখে	অসুস্থ	10
অসুস্থ	বলে	10
আমার	খিদে	10
বিয়ে	হয়	10
সম্পর্ক	রাখবে	10
কথা	বলেনা	10
করবে	বউ	10
বউ	কে	10
বড়	মেয়ে	10
সমাধান	কোথায়	10
করে	আছি	10
বাসায়	চলে	10
বাবা	অসুস্থ	10
মানসিক	ভাবে	10
আমাকে	বিয়ে	10
১	বছরের	10
নিজ	বাড়ি	10
থেকে	সরিয়ে	10
বিক্রি	করিয়ে	10
আমাদের	বিয়ে	10
সে	তাঁর	10
গার্লফ্রেন্ড	এর	10
লুকিয়ে	বিয়ে	10
বিয়ে	করি	10
সমস্যা	করতে	10
আমি	গ্রামের	10
বিশ্ববিদ্যালয়ে	পড়াশোনা	10
হলেও	আমি	10
ওই	ছেলেকে	10
বাংলাদেশে	আসে	10
ছেলে	বাংলাদেশে	10
সাথে	ঘটে	10
ঘটে	যাওয়া	10
যাওয়া	ঘটনা	10
ছেলেকে	খুঁজে	10
পরিবারকে	জানায়	10
বছরের	ছোট	10
একে	অপরকে	10
নাকি	বেইমান	10
বলে	দিলো	10
বসে	খায়	10
আজকে	রাতে	10
আমাকে	নিতে	10
প্রতি	আমার	10
কথায়	আসি	10
ছেলের	সম্পর্ক	10
উনি	সেইটা	10
ঘুরতে	নিয়ে	10
স্বামী	বাসায়	10
মার	কাছে	10
আমার	জামাই	10
বাবা	খুব	10
তার	দায়িত্ব	10
বাসায়	যাওয়ার	10
আলাদা	হয়ে	10
এরপর	সে	10
কথা	বলতো	10
আমার	বোনকে	10
জেনে	গেছি	10
গেছি	শুনে	10
খাওয়ার	সময়	10
আম্মু	কে	10
একটা	কষ্টের	10
সাথে	এটা	10
বিয়ের	বয়স	10
বাবু	আছে	10
সময়	বলছিলো	10
শিক্ষার্থী	নতুন	10
নতুন	ভর্তি	10
ভর্তি	হয়েছে	10
রোগীকে	হাসপাতালে	10
খুশি	হলো	10
কথা	বলছিলেন	10
জায়গায়	ঘুরতে	10
মানুষের	ভাষা	10
কত	বড়ো	10
বড়ো	গাছ	10
ভালো	আছ	10
আছ	জেনে	10
সাঁতার	কাটতে	10
বড়ো	বোনের	10
দেশের	টাকা	10
তোমাকে	একটা	10
বই	হারিয়ে	10
ব্যাপারে	নিশ্চিত	10
সে	হয়তো	10
হয়তো	পড়ার	10
পড়ার	জন্যই	10
জন্যই	নিয়েছে	10
বুঝে	অন্যদের	10
অন্যদের	দোষ	10
দোষ	দিচ্ছিল	10
রকম	ফুল	10
বড়ো	বোন	10
বোন	কিছু	10
কী	করব	10
আমি	অন্যের	10
অন্যের	সাথে	10
দিন	অপেক্ষা	10
বাসার	কাছে	10
কাছে	রাস্তার	10
ফুল	আছে	10
চোখের	আড়াল	10
আড়াল	হয়ে	10
আমগাছের	দিকে	10
তাকিয়ে	একটি	10
মেয়ে	বলল	10
সবাই	যখন	10
যখন	পড়তে	10
কাজ	এমন	10
এমন	এলোমেলো	10
বড়ো	হলে	10
কী	করবে	10
পাকা	হয়	10
সকাল	হয়ে	10
তোমাদের	কারো	10
কথার	জবাবে	10
আমি	সাগর	10
আমি	মুগ্ধ	10
কি	রাতে	10
কোরবানি	ঈদ	10
জনপ্রিয়	ফল	10
আমি	সাঁতার	10
লাউ	চাষের	10
চাষের	জন্য	10
সময়	কাটাই	10
খেলে	ভালো	10
আম	দিয়ে	10
তাকে	অনেক	10
বাড়িতে	ঘুরতে	10
করলে	মানুষ	10
কি	গরম	10
চলোনা	দুজনে	10
আমি	বাংলা	10
বাংলা	গান	10
কি	গান	10
গান	শুনতে	10
সে	বিদেশে	10
বিদেশে	যেতে	10
নিয়ে	আলোচনা	9
থেকে	বিকাশ	9
পোস্ট	কইরা	9
আর	ঐ	9
মি	আমি	9
ভুল	হয়ে	9
ফ্রি	সার্ভার	9
তে	ট্রাই	9
সুবিধা	কি	9
প্রিমিয়াম	অ্যাকাউন্ট	9
করবেন	কি	9
জানার	জন্য	9
অফ	হবে	9
কিন্তু	একটা	9
খুঁজে	পাওয়ার	9
আর	পরে	9
বলেন	কিভাবে	9
গুলা	ভালো	9
দেখেন	আমার	9
করে	কিনা	9
করে	সেটা	9
আমি	টিউনার	9
না	যা	9
এর	নাম্বার	9
নেট	পোস্ট	9
কতো	এমবি	9
কোন	লিংক	9
টেল	মি	9
ভিডিও	থেকে	9
হয়না	প্লিজ	9
সবাই	না	9
চেক	করা	9
আর	অ্যাপ	9
কতো	দিন	9
আরও	বেশি	9
আবাল	পোস্ট	9
না	জানলে	9
এ	অ্যাকাউন্ট	9
করলাম	আর	9
গত	কাল	9
দেখে	নিতে	9
বললাম	না	9
ভিপিএন	ছাড়া	9
ঠিক	করেছি	9
করা	যেতে	9
কাজ	করছেন	9
নাম্বার	থেকে	9
এ	যাবে	9
হলে	ও	9
ঠিক	এ	9
দিতে	কি	9
এর	সিস্টেম	9
সার্চ	করলেই	9
কল	দিলে	9
ভাইয়া	ফোন	9
আরেকটা	পোস্ট	9
আসে	কেন	9
আমার	স্যামসাঙ	9
প্লিজ	এফবি	9
এমটিকে	৬৫৭২	9
যদি	থাকে	9
করে	শুধু	9
এর	বাংলা	9
ভাই	আমায়	9
গেলে	তো	9
ইমেজ	টা	9
সময়	লেগেছে	9
যায়	এমন	9
কিছু	বুঝি	9
কি	পাওয়া	9
পর	এ	9
কিভাবে	কি	9
নেট	চালানো	9
করলে	ও	9
অ্যাপ	ক্লোন	9
দিয়ে	না	9
এডিটর	প্রো	9
সমাধান	কি	9
আওয়ার	এর	9
এমবি	ফ্রি	9
ফন্ট	চেঞ্জ	9
এ	নিজের	9
তে	আর	9
ভাই	আপনারা	9
তাহলে	অনেক	9
কেউ	বলবেন	9
থ্যাংকস	পোস্ট	9
দিয়ে	আপনার	9
অ্যান্ড্রয়েড	দিয়ে	9
প্রবলেম	কি	9
সমস্যা	টা	9
৩	বার	9
বেশি	বেশি	9
চাচ্ছে	না	9
করে	যদি	9
অসাধারণ	পোস্ট	9
টি	শেয়ার	9
চালু	আছে	9
করে	রাখা	9
অন	করলেই	9
করলেই	হয়	9
আমার	আগে	9
সময়	সব	9
মানুষ	এর	9
ভাই	নাইস	9
হবে	তা	9
এমটি	ম্যানেজার	9
থ্যাংকস	আর	9
হলে	হবে	9
ফাইল	কিভাবে	9
কপি	না	9
বলেন	না	9
করলে	আমি	9
ভিডিও	দেখুন	9
খেলতে	পারবো	9
গেম	খেলা	9
বলতে	গেলে	9
টাকা	কিভাবে	9
বাট	রুট	9
ওয়ার্ডপ্রেস	এর	9
জিনিস	টা	9
দিয়ে	করে	9
কিন্তু	ভাই	9
টা	ও	9
এই	এপিকে	9
ট্রাই	করছেন	9
ভাই	অন্য	9
টা	অফ	9
নেয়ার	জন্য	9
পাবো	কি	9
ইউস	করার	9
পোস্ট	হয়েছে	9
ফাইল	আছে	9
এর	যে	9
করে	দেখছি	9
কি	হইলো	9
ফ্রী	ফায়ার	9
করব	না	9
ভালো	হইছে	9
হওয়া	লাগবে	9
ইনকাম	করবো	9
কিছু	বুঝলাম	9
অনেক	প্রবলেম	9
ডাটা	দিয়ে	9
পোস্টগুলো	রিভিউ	9
সবার	উপকার	9
ভাই	কাস্টম	9
দিয়ে	এডিট	9
একটু	পরে	9
চালানোর	জন্য	9
নেট	দেন	9
ক্ষতি	হয়ে	9
দেন	এই	9
কোন	সিম	9
লগ	আউট	9
পারি	তাহলে	9
কতদিন	পর	9
এ	দেওয়া	9
যোগ	হবে	9
৩	ইয়ার	9
আমাদের	দেশের	9
আজ	থেকে	9
একটা	অ্যাপস	9
কোন	সমস্যা	9
৪	জিবি	9
খুজে	পাচ্ছি	9
আমরা	কি	9
আপনার	প্রোফাইল	9
আমি	বেশি	9
এ	যেতে	9
থেকে	ভিডিও	9
আর	বেশি	9
আটকে	থাকে	9
যে	ট্রিকবিডি	9
ভালো	ফোন	9
আনইন্সটল	করে	9
না	লাগে	9
বলেন	কেন	9
তাহলে	প্লিজ	9
আপনার	ওয়েবসাইট	9
বললেই	তো	9
করার	মানে	9
ভাই	সবাই	9
কাজে	দিবে	9
দেওয়ার	ট্রাই	9
মেয়াদ	শেষ	9
করি	ভালো	9
করে	দেখান	9
স্টোরে	এ	9
অ্যাডমিন	প্যানেল	9
স্পিড	খুব	9
আপনি	ভুল	9
আগেও	করা	9
লাগে	তাহলে	9
আর	কতবার	9
ইউ	ভেরি	9
করে	অথর	9
এটা	ইনস্টল	9
করলে	কী	9
ভাল	হতো	9
ভাইয়া	যদি	9
কিছু	নিয়ে	9
এ	২	9
এ	এসে	9
স্যামসাং	এ	9
থেকে	একটা	9
কোনো	একটা	9
হয়েছে	তাই	9
এর	অবস্থা	9
এটা	করতে	9
এই	সম্পর্কে	9
তে	এমন	9
বুঝতেছি	না	9
বলা	আছে	9
আমি	কাস্টম	9
উইন্ডোজ	১০	9
ঠিক	করো	9
তাহলে	খুব	9
আমি	বলছি	9
পাওয়া	যায়না	9
হুম	গুড	9
তাদের	কে	9
ইউটিউব	প্রিমিয়াম	9
থেকে	ঘুরে	9
কোন	ওয়েবসাইট	9
করতে	পারছিলাম	9
হ্যাকিং	নিয়ে	9
কানেক্ট	করা	9
লিংক	থাকলে	9
সার্ভার	টা	9
এড	করেন	9
পাবো	কই	9
এই	মাত্র	9
কত	পয়েন্ট	9
গ্রুপ	থেকে	9
লাস্ট	এর	9
রিকভারি	তে	9
আমি	অন্য	9
এটা	আগে	9
দিয়ে	দেখা	9
দিয়ে	ট্রিকবিডি	9
ট্রিকবিডি	টা	9
বলতে	হবে	9
দেই	তাহলে	9
ভালো	আর	9
পর	এখন	9
নিয়া	একটা	9
সেটা	আর	9
৪	বার	9
৫০০	টাকা	9
কেটে	নিয়ে	9
পারি	বাট	9
নিতে	হলে	9
তো	হবেই	9
চালু	করে	9
নেই	তাহলে	9
তা	আমি	9
জন্য	অনুরোধ	9
করার	অনুরোধ	9
যত	তাড়াতাড়ি	9
এ	রকম	9
করে	রাখলে	9
কোন	ভার্সন	9
লাইট	এর	9
ওয়ে	টা	9
দিতে	চাইলে	9
২৫	টাকা	9
পেমেন্ট	দিবে	9
আমি	নতুন	9
নিজের	আইডি	9
টু	জেড	9
কিন্তু	আপনার	9
দিয়ে	শুরু	9
আমি	এত	9
ইনস্টল	দেন	9
করে	লিখেছেন	9
সাহায্য	করুন	9
একটু	আগে	9
ফেসবুক	আইডিটা	9
কী	হবে	9
ভাই	পেপাল	9
কিভাবে	খুলবো	9
কোড	দিলে	9
করবেন	আশা	9
আই	নো	9
তাই	আমার	9
তো	২	9
এমবি	কিনতে	9
কি	সিম	9
এসডি	কার্ডে	9
শো	করছে	9
কথা	ভাই	9
করে	বেশি	9
ভাই	এপিকে	9
ভাই	স্ক্রিনশট	9
কপি	করি	9
একটা	রম	9
কিনতে	ডায়াল	9
১	ডলার	9
করসি	আর	9
আগে	অনেক	9
উল্টা	পাল্টা	9
শাওমি	রেডমি	9
মিউজিক	প্লেয়ার	9
কোনো	সাইট	9
আমার	জাভা	9
স্যামসাং	জে১	9
ফাজলামি	করেন	9
তাদের	কি	9
রম	ডাউনলোড	9
ভাই	টা	9
করে	কেমনে	9
থাকলে	তো	9
করি	তাই	9
দিয়ে	কিছু	9
শুধু	আমি	9
মাফ	করবেন	9
আমি	পাইনি	9
করা	নাই	9
এই	অফারটা	9
পিসি	ছাড়া	9
কোড	কিভাবে	9
ডাউনলোড	করেছি	9
করার	পরও	9
লাভ	নেই	9
পাশে	থাকলে	9
করতে	পারছেন	9
আমার	ভিডিও	9
ব্রো	ট্রাই	9
রেফারেল	কোড	9
যদি	কিছু	9
ডিলিট	করুন	9
কি	কিছু	9
কম	হবে	9
ভাই	অ্যাপস	9
কিভাবে	চালাবো	9
৫	দিন	9
না	সেটা	9
কোনো	লিংক	9
পর	এই	9
বেটার	হতো	9
তে	আসুন	9
তোর	কি	9
জানা	আছে	9
সময়	তো	9
তে	আমার	9
এ	দেয়া	9
মেসেজ	আসে	9
বাট	ডাউনলোড	9
ওখান	থেকে	9
হলো	কিভাবে	9
যদি	সময়	9
গুড	কমেন্ট	9
হলো	আর	9
উপর	নির্ভর	9
ফুল	ভার্সন	9
লিঙ্ক	এ	9
শেয়ার	করি	9
ভুল	ছিল	9
আছে	তার	9
সাইট	লিংক	9
এত	বড়	9
ফ্লেক্সি	প্ল্যান	9
চাই	ভাই	9
করে	দিলো	9
দোয়া	করবেন	9
দিয়ে	এফবি	9
এমবি	পাইছি	9
কোনো	ভিডিও	9
কে	জানে	9
একটা	ফোন	9
দের	সাথে	9
গেলে	অনেক	9
আপলোড	দেওয়া	9
সফটওয়্যার	এর	9
হবে	বলে	9
কাজে	ব্যবহার	9
হলো	আমি	9
কিনতে	পাওয়া	9
করতে	পারতেন	9
ভিডিও	দেখার	9
সেটা	আমার	9
আর	যে	9
হতে	পারেন	9
ইনভেস্ট	করে	9
করেন	তাইলে	9
আপনাদের	মতো	9
অন্য	সাইট	9
ভাই	চালিয়ে	9
এই	টাইপ	9
ব্রো	ট্রিকবিডি	9
খেলতে	পারবেন	9
এর	অফার	9
করে	দেখেছেন	9
খারাপ	কমেন্ট	9
ছোট	ছোট	9
ওয়েটিং	ফর	9
দেখতে	পেলাম	9
টাইটেল	এর	9
মেয়াদ	কিভাবে	9
কানেক্টেড	করতে	9
করলে	অটোমেটিক	9
দিলে	ভাল	9
জিমেইল	টা	9
১	এমবি	9
সেম	ভাবে	9
এর	একাউন্ট	9
ইউসি	ব্রাউসার	9
আর	১	9
আমার	জন্ম	9
কে	বলেছে	9
আপনার	হেল্প	9
রেফার	করে	9
না	রে	9
করার	কিছু	9
হয়	ব্রো	9
উইথড্র	করতে	9
স্ক্রিনশট	দিয়ে	9
ওহ	আচ্ছা	9
গুলা	তো	9
না	ঠিক	9
মানে	বুঝলাম	9
ডাউনলোড	দিবো	9
ভালো	অনেক	9
হলে	আমার	9
ভালো	লিখেছেন	9
কি	সমাধান	9
কোনো	ফাইল	9
আশা	করে	9
আবার	চালু	9
এপ	থেকে	9
নাই	পোস্ট	9
তেমন	কোনো	9
বাড়ানোর	ট্রিক	9
ভালো	এপ	9
এপস	দিয়ে	9
ভাই	ইউসার	9
হয়	এ	9
শেষ	করা	9
থাকবে	নাকি	9
পর	যখন	9
টাকা	দিয়া	9
থাকার	কারণে	9
লগইন	করার	9
ভাই	আমাদের	9
থাকলে	দিয়েন	9
সব	সিমে	9
না	এটার	9
এই	মোবাইল	9
ঠিক	ভাই	9
আপলোড	করা	9
করসে	বাট	9
করে	ফেলে	9
ওপেন	হয়না	9
করসি	এখন	9
এর	সেটিং	9
এক	জন	9
আর	আমরা	9
আর	নতুন	9
করতে	যে	9
হবে	মানে	9
করতে	হচ্ছে	9
পিসি	থেকে	9
নাই	কেনো	9
বলতে	কি	9
বাকি	গুলা	9
নেম	চেঞ্জ	9
দেখে	পোস্ট	9
ব্রো	আপনাকে	9
এ	যান	9
পোস্ট	একটা	9
নেট	ট্রিক	9
ইউটিউব	লিংক	9
পোস্ট	আপনি	9
থ্যাংকস	আমার	9
করতে	এমবি	9
কিভাবে	ইনস্টল	9
থ্যাংক	ফর	9
ছাড়া	কিছু	9
প্রথম	বার	9
হলে	সব	9
তে	সার্চ	9
গুলা	দিয়ে	9
এন্ড্রোইড	ফোন	9
করা	থেকে	9
তাই	শেয়ার	9
হলো	কেমনে	9
ভাবে	প্লিজ	9
যে	আপনার	9
খুবই	ভালো	9
আমার	এটা	9
এর	নেম	9
ই	হয়না	9
এতো	দিন	9
সময়	নষ্ট	9
কানেক্ট	হওয়ার	9
দেয়া	লাগবে	9
আমি	সেটা	9
নাকি	আবার	9
কত	ভাই	9
একটা	মনের	9
ভুল	না	9
নাই	আপনার	9
কিছু	ই	9
বলা	উচিত	9
এর	টাকা	9
যাওয়া	লাগে	9
রিং	আইডি	9
না	নিয়ে	9
দেখায়	কেনো	9
তাই	বললাম	9
দেখার	পর	9
উপকার	হইলো	9
দিলেই	তো	9
কোনো	কাজের	9
স্ক্রিনশট	এর	9
ভাইয়া	এইটা	9
এ	লগ	9
গালি	দেয়	9
করা	আসে	9
টাকা	বা	9
দেখি	কেমন	9
আমি	টাকা	9
থ্যংক্স	ফর	9
তো	এক	9
হবার	পর	9
না	অফ	9
পাইছি	বাট	9
দিয়ে	এখন	9
আবার	ভুল	9
একটা	জিমেইল	9
ভিপিএন	আছে	9
করেন	কাজ	9
করতে	আসেন	9
এ	আপনি	9
অথর	ভাই	9
ক্ষমা	করে	9
আমি	আপনাদের	9
দেওয়ার	কি	9
কি	গাছে	9
বানিয়ে	নিতে	9
১	আওয়ার	9
যদি	ভালো	9
থেকে	কথা	9
কথা	গুলো	9
থাকলে	কানেক্ট	9
আছে	একটা	9
যে	যে	9
এ	ডাটা	9
খোলা	যাবে	9
সুন্দর	ভাবে	9
একাউন্ট	ভেরিফাই	9
ঠিক	বলতে	9
অনেক	লাভ	9
দেখে	ভালো	9
প্লিজ	ট্রাই	9
আমি	তোর	9
লিখা	আসে	9
অন্য	জায়গায়	9
ড্রাইভ	থেকে	9
ভাই	হচ্ছে	9
বিষয়ে	একটা	9
এডসেন্স	একাউন্ট	9
তাই	এটা	9
রিপ্লাই	দিতে	9
হবে	ভাইয়া	9
যখন	আমি	9
কেটে	যায়	9
আপনার	সাইটের	9
জিপি	ইজি	9
আপনার	প্রতি	9
এমবি	দেয়	9
না	আজকে	9
ইউজার	ইউজার	9
আমার	একটু	9
ইউজ	করো	9
আমি	আমি	9
কিছু	দিয়ে	9
আমার	মাথায়	9
বিষয়টা	নিয়ে	9
তা	এখন	9
ওয়াইফাই	ইউজার	9
আমি	কত	9
চলে	নাকি	9
একটিভ	করে	9
চ্যানেল	টা	9
অপেক্ষায়	রইলাম	9
অনেক	হেল্পফুল	9
না	ইউজার	9
করার	মত	9
কিছু	পান	9
চাষ	করা	9
রবি	দিয়ে	9
এমন	অবস্থা	9
আপনি	আজ	9
দেয়	নি	9
কি	করেছেন	9
কাছে	কি	9
করা	গেলে	9
এর	কনফিগ	9
কি	আমাদের	9
ভাইয়া	এখন	9
কালার	কোড	9
বের	হয়	9
তার	চেয়ে	9
পোষ্ট	এর	9
কথা	আমার	9
এ	আসুন	9
একের	পর	9
মনে	পরে	9
পোস্ট	দেওয়ার	9
ভাই	ওয়াপকা	9
বাট	চলে	9
তাঁদের	জন্য	9
অ্যাপ	গুলা	9
হলে	কিভাবে	9
করে	বুঝিয়ে	9
ড্রাইভ	এর	9
বিক্রি	করতে	9
করে	ইউজ	9
গিয়ে	আমার	9
আপনি	যা	9
করে	নাহ	9
কি	ওয়াইফাই	9
কীভাবে	করবো	9
এখন	ভালো	9
জানলে	বলবেন	9
প্রথম	প্রথম	9
আগে	কখনো	9
ও	আমার	9
কিছু	বলে	9
প্রশ্ন	আছে	9
করে	আমরা	9
ব্রো	নেক্সট	9
চাই	তাহলে	9
এই	মুভি	9
মনে	রাখবেন	9
হলে	কিছু	9
সব	মিলিয়ে	9
ইউজার	দের	9
ইন্টারনেট	কানেকশন	9
ঠিক	নয়	9
বলে	আমার	9
যাওয়া	হয়	9
যায়	যে	9
থেকে	বড়	9
অনেক	এ	9
রকম	একটা	9
সারা	দিন	9
নেয়ার	পর	9
আমি	দিতে	9
এই	পোষ্ট	9
হই	না	9
পাঠানো	হয়	9
খুব	মজা	9
এবং	এর	9
এছাড়াও	তিনি	9
সদস্য	ছিলেন	9
তৈরি	হয়	9
জেলার	অন্তর্গত	9
যার	নাম	9
প্রদান	করেন	9
পরিচালনা	করেন	9
করেন	তিনি	9
সালে	এই	9
অংশগ্রহণ	করেন	9
প্রথম	দিকে	9
করে	নেয়	9
অভিনয়	করেছেন	9
যোগদান	করেন	9
গ্রহণ	করেন	9
নামে	একটি	9
বলে	তাকে	9
তরকারির	ঝোল	9
আমার	স্বপ্নটা	9
ঐ	মিয়া	8
আর	এক	8
দিবে	আর	8
ভাই	আইডি	8
মোবাইলের	জন্য	8
করলে	থ্যাংকস	8
এর	প্রিমিয়াম	8
লিংক	না	8
পোর্ট	করার	8
প্লে	হয়	8
হয়	ডাউনলোড	8
টা	কেউ	8
কেউ	বলতে	8
টা	এডিট	8
পরে	গিয়েছিল	8
ফিউচার	এ	8
পোস্ট	করলেও	8
সিম্ফনি	আই১০	8
আমার	লাভা	8
এর	ও	8
ধরে	ইউজ	8
বাট	এইটা	8
আমার	পেপাল	8
দেয়	নাকি	8
অবশ্যই	পোস্ট	8
এর	ক্ষতি	8
স্কিটো	সিম	8
আপনি	লিংক	8
দেওয়া	লিংক	8
কেউ	একটা	8
রিচার্জ	করতে	8
প্লিজ	কি	8
অ্যাপস	ডাউনলোড	8
ছিল	তাই	8
করে	দিয়ে	8
কল	মি	8
করে	রাখি	8
অন্য	মোবাইল	8
মিনিট	এ	8
আর	করার	8
কয়টা	পোস্ট	8
গুলো	রিভিউ	8
মনে	হল	8
ট্রাই	করেসি	8
এর	সাইজ	8
না	কইরা	8
ভালো	আমার	8
যে	ফোন	8
এমন	মানুষ	8
এই	মেথড	8
টিউনার	করুন	8
উইথড্র	দিতে	8
সবার	চলে	8
অ্যাকাউন্ট	খুলবো	8
ইমেইল	আইডি	8
এ	যায়	8
স্লো	হবে	8
ডিলিট	করা	8
কপি	করেছি	8
পারবেন	ভাই	8
পোস্ট	করছিলাম	8
একটু	বললে	8
এত	ঝামেলা	8
হয়	আপনি	8
চ্যানেল	থেকে	8
এ	বিষয়ে	8
টাকা	টা	8
যেটা	আছে	8
ভাবে	পাবো	8
লাগলো	ভাই	8
থেকে	এ	8
এ	অ্যাপ	8
আমার	লিংক	8
অফার	কি	8
সেট	করবো	8
ব্যাপার	টা	8
জানি	ভাই	8
কি	কথা	8
টা	সবার	8
প্রো	দিয়ে	8
এইচটিটিপি	কাস্টম	8
আমার	অ্যাকাউন্ট	8
ট্রাই	করা	8
পাসওয়ার্ড	বের	8
করেন	পোস্ট	8
কমেন্ট	গুলা	8
মেয়াদ	কয়	8
হয়	ট্রিকবিডি	8
অ্যাডমিন	এর	8
করা	বাদ	8
প্রবলেম	সলভ	8
রুটেড	ফোন	8
ফোন	লাগবে	8
টিভি	তে	8
না	ওকে	8
না	পরে	8
করুন	না	8
রাখা	যায়	8
মোড	অন	8
এনআইডি	দিয়ে	8
জিমেইল	ক্রিয়েট	8
এমবি	গুলা	8
দেয়	আর	8
কিছু	দেন	8
রবি	এয়ারটেল	8
এয়ারটেল	এর	8
করলে	বেশি	8
আসে	প্লিজ	8
একটা	একটা	8
রিকোয়েস্ট	দিসি	8
মোড	করা	8
হলে	থ্যাংকস	8
পোস্টটা	ডিলিট	8
ফেক	পোস্ট	8
জানলে	বলেন	8
এক	ফোন	8
দিয়েছি	বাট	8
ফ্রেন্ড	রিকুয়েস্ট	8
ও	হচ্ছে	8
পাবো	আর	8
থ্যাংকস	অনেক	8
না	ব্র	8
এর	সাইট	8
ইউস	করসেন	8
বা	না	8
হবে	কেন	8
এই	ট্রিকটা	8
এখনো	চলে	8
ভালো	হলে	8
তারা	অবশ্যই	8
ক্রেডিট	তো	8
তাই	মনে	8
টা	ফোন	8
উচিত	না	8
ভাইয়া	এফবি	8
বলতে	চাচ্ছি	8
আমার	টায়	8
ভিডিও	দেখতে	8
লেখা	পোস্ট	8
এক্সপোসড	ফ্রেমওয়ার্ক	8
ডাইরেক্ট	ডাউনলোড	8
কি	নিজের	8
রিভিউ	না	8
কিনতে	হয়	8
হতে	চায়	8
ভাই	এয়ারটেল	8
নাম্বার	এর	8
এডিটর	এর	8
এর	চাইতে	8
চালাতে	পারবেন	8
কেউ	দিতে	8
গেম	খেলে	8
থাকলে	দিন	8
একটু	ভুল	8
আর	হবে	8
ইনকাম	করা	8
বাই	করে	8
১২	টা	8
আছে	সব	8
বাড়াবো	কি	8
আপনি	কিছু	8
না	ভিডিও	8
একটা	সিম	8
সিম	আর	8
আপনার	সিম	8
লিমিট	হ্যাক	8
এর	মডেল	8
তো	দূরের	8
দূরের	কথা	8
মাই	ফোন	8
২	টাই	8
দেখলাম	না	8
ওইটা	দিয়ে	8
লিংক	দিসি	8
কিভাবে	দিব	8
ফাইল	তো	8
থাকে	কি	8
কানেক্ট	করার	8
ভাই	আগের	8
আগের	টা	8
টাইটেল	টা	8
ভাই	খালি	8
এ	ইউস	8
কপি	করসেন	8
জাভা	দিয়ে	8
রেফার	করতে	8
লেখেন	নাই	8
সময়	ভালো	8
হতে	পারবেন	8
হবে	আগে	8
স্ক্রিনশট	গুলা	8
এমন	কেন	8
এর	রুলস	8
ট্রিকবিডি	টিম	8
করলে	কত	8
সঠিক	বলতে	8
হ্যালো	ভাই	8
কথা	অনেক	8
এর	তো	8
মেক	করার	8
রেজিস্ট্রেশন	করা	8
ইংলিশ	এ	8
ওয়াইফাই	ইউজ	8
ইমেইল	দিয়ে	8
দিন	আপনার	8
সাথে	সাথেই	8
নতুন	একটা	8
ভালো	মনে	8
৪	বছর	8
ধরে	ট্রিকবিডি	8
আপনার	আর	8
অনেক	প্রব্লেম	8
আউট	করবো	8
বংশের	পরিচয়	8
আপ	করলে	8
আমি	অল	8
বাড়ানোর	কোনো	8
ওপেন	করতে	8
পাবলিশ	হলো	8
হলো	ভাই	8
দেন	অনেক	8
পাবেন	কিনা	8
তো	টাকা	8
না	এগুলো	8
না	ওই	8
না	জানে	8
ওই	অপশন	8
রিকভারি	ইনস্টল	8
যদি	কোন	8
কোন	ভিডিও	8
ও	কম	8
এক	মাসের	8
এরকম	কোন	8
অনেকে	জানে	8
আমি	পিসি	8
পাবলিশড	হবে	8
ক্ষমা	করবেন	8
ভিডিও	দেন	8
স্ক্রিপ্ট	দিয়ে	8
পারতেছে	না	8
হলেও	কি	8
যদি	অন্য	8
আমি	১	8
সিম্ফনি	এক্সপ্লোরার	8
সুপার	পোস্ট	8
হতো	ভাই	8
নাইস	গেম	8
কেমনে	হলো	8
হইয়া	যাবে	8
দিয়ে	ফোন	8
অ্যাপ	না	8
আপনার	পোস্টের	8
টা	নাই	8
হয়তো	আপনার	8
ডাউনলোড	করলেই	8
ট্রিকবিডি	আর	8
ফ্ল্যাশ	করার	8
ভাই	যারা	8
কিন্তু	টাকা	8
টাকা	কাটে	8
হ্যাঁ	আমি	8
বাড়ানোর	উপায়	8
স্টক	রিকভারি	8
দেখেন	আপনার	8
অন্য	আইডি	8
কি	হইসে	8
বাট	সেটা	8
কথা	আমি	8
আপনি	শুধু	8
অথর	হয়ে	8
ভিডিও	থাকলে	8
যে	কবে	8
টা	মানসম্মত	8
আপনাকে	তো	8
হলে	কত	8
এর	২	8
৪০০	মিনিট	8
দেবেন	প্লিজ	8
ফিশিং	সাইট	8
আমি	কালকে	8
একটা	ফ্রি	8
ছিলো	না	8
মতো	কাজ	8
আইডি	লিঙ্ক	8
দিন	ভাই	8
নাকি	না	8
নিতে	পারি	8
লিংক	দিলেন	8
এর	পরে	8
দেবার	জন্য	8
আমার	২	8
চেঞ্জ	করব	8
ইনস্টল	দেওয়ার	8
ভালো	গেম	8
এখন	প্রায়	8
পেমেন্ট	পাবো	8
সুবিধা	হতো	8
রিকভারি	পোর্ট	8
শুরু	থেকে	8
এমবি	কি	8
দিলে	ফোন	8
আইপি	চেঞ্জ	8
ভাই	লিঙ্ক	8
না	সবাই	8
কিভাবে	বুঝবো	8
আর	হচ্ছে	8
ও	তার	8
না	কাজ	8
হবে	সেটা	8
কী	দরকার	8
আমি	করতে	8
এক	না	8
আচ্ছা	ঠিক	8
অ্যাপ	ইনস্টল	8
তাহলে	এটা	8
অন	করা	8
২	মাস	8
পিক	এর	8
না	দিলেও	8
লাভ	হয়নি	8
সাবজেক্ট	এ	8
হয়েছে	কিন্তু	8
কিন্তু	আমাদের	8
এটা	করা	8
কোন	কাজ	8
টিম	কে	8
কি	উইথড্র	8
করলে	ট্রিকবিডি	8
এটা	হয়তো	8
ঢুকতে	পারছি	8
থেকে	শেষ	8
না	আরো	8
পোস্ট	এটা	8
কোড	এর	8
তারপর	আমি	8
প্রুফ	কই	8
নেই	কারণ	8
এরকম	অনেক	8
করেছি	প্লিজ	8
আচ্ছা	আপনি	8
হেল্প	চাই	8
এ	নাকি	8
অন্য	জনের	8
থেকে	সব	8
জানি	ব্রো	8
কমেন্ট	করি	8
যদি	সে	8
কোনো	ফ্রি	8
থেকে	ও	8
ক্রোম	ব্রাউজার	8
আল্লাহর	কাছে	8
দেশের	বাইরে	8
ফলো	করি	8
একেক	রকম	8
কি	সুবিধা	8
পাওয়ার	বাটন	8
ভাই	সবার	8
আর	কে	8
ব্যবহার	করলে	8
এরপর	তিনি	8
ভিপিএন	নিয়ে	8
২টা	পোস্ট	8
থাকলে	এই	8
কি	সুন্দর	8
অ্যাপস	ইন্সটল	8
কি	বন্ধ	8
তো	কমেন্ট	8
কি	বলে	8
কাছে	থেকে	8
ফাইল	গুলো	8
সেকেন্ড	এ	8
রিপ্লাই	প্লিজ	8
গ্যালাক্সি	ভি	8
আর	অন	8
কল	দিবো	8
এই	অবস্থা	8
নিলে	কি	8
ব্যান	করা	8
ডিসকানেক্ট	হয়	8
ট্রাই	করিনি	8
এ	যা	8
হবে	সো	8
অনেকের	উপকার	8
ব্লগার	এ	8
ডিজেবল	হয়ে	8
কিভাবে	সেটা	8
আপডেট	এর	8
পোস্ট	দিছি	8
টা	হ্যাক	8
দিয়ে	ই	8
যায়	তার	8
ব্লক	হয়ে	8
অন	এফবি	8
মুখ	খারাপ	8
যদি	হয়	8
চ্যানেল	আছে	8
পাবো	কোথায়	8
না	গেলে	8
কিছু	বলা	8
করলে	হয়	8
ভাই	পারলে	8
সব	ফোনে	8
আমার	দেখা	8
এখন	ভাই	8
২	জন	8
আমি	প্রতিদিন	8
রা	কি	8
যাবে	এমন	8
তো	বেশি	8
আগে	ট্রিকবিডি	8
ভাই	ওইটা	8
টা	আমাকে	8
কার	কাছে	8
ট্রিক	থাকলে	8
না	কারন	8
করবে	ভাই	8
নাই	ট্রিকবিডি	8
করবেন	ভাই	8
আছে	তা	8
এর	মোবাইল	8
বিশ্বাস	না	8
তাই	এমন	8
যোগাযোগ	করবো	8
এতো	সুন্দর	8
খবর	নাই	8
যে	এত	8
ইয়ার	এর	8
কোনো	জায়গায়	8
ভর্তি	হতে	8
আর	পাসওয়ার্ড	8
তাহলে	ডাউনলোড	8
পর	দেখা	8
এটা	হ্যাক	8
পিক	আপলোড	8
পোস্ট	লিখতে	8
করব	ভাই	8
পারেন	আর	8
অনলাইন	থেকে	8
সবাই	আমার	8
আরে	মিয়া	8
প্লিজ	দিবেন	8
ভাই	বলেন	8
নক	করুন	8
ব্রো	তাহলে	8
হবে	তাহলে	8
কিভাবে	বিকাশ	8
সেই	পোস্ট	8
কেমনে	করব	8
বলেন	ভাইয়া	8
আমার	এত	8
করে	দিচ্ছে	8
নাইস	আমি	8
আগেই	ট্রাই	8
সেটা	আপনার	8
নিয়ে	ভিডিও	8
পর	আমি	8
ভাবে	করতে	8
৬৪	বিট	8
এইসব	পোস্ট	8
অপসন	এ	8
ভার্সন	ডাউনলোড	8
করেন	কেউ	8
এই	একাউন্ট	8
জানতে	ডায়াল	8
কই	থেকে	8
থেকে	আসে	8
দিবো	আমি	8
এ	আছি	8
মেসেজ	দিসি	8
কি	অনেক	8
হুম	ভাইয়া	8
ভুলে	গেছিলাম	8
করছি	সব	8
৪	জি	8
এর	বদলে	8
বেঁচে	আছি	8
নিলে	ভালো	8
ইউসার	আইডি	8
ভাবে	না	8
বিরত	থাকুন	8
দেখেন	না	8
করেন	এন্ড	8
তো	করতে	8
ভাইয়ের	পোস্ট	8
কোনো	এপ	8
খুবই	সুন্দর	8
একটা	প্রব্লেম	8
দিয়ে	তারপর	8
তে	আছে	8
অনেক	হেল্প	8
আমার	ওই	8
পোস্ট	হইলো	8
এমবি	বেশি	8
লিংক	দেয়	8
কত	টাইম	8
এমন	হয়	8
ভাই	চলে	8
কি	রিয়েল	8
রিয়েল	আইডি	8
ইউস	করতেসি	8
স্পিড	ও	8
আমার	নোকিয়া	8
সাথে	অনেক	8
ফাইল	আসে	8
শেষ	হয়	8
ওয়াও	নাইস	8
কাজ	করতেসেনা	8
রিক	দিসি	8
ব্যাকগ্রাউন্ড	এ	8
আপনে	তো	8
আমার	ইচ্ছা	8
গুলা	পোস্ট	8
সবার	তো	8
আপ	করতে	8
শেয়ার	করো	8
ইনস্টল	দিবেন	8
আমি	এইটা	8
একাউন্ট	টা	8
সল্যুশন	দেন	8
মতো	কিছু	8
সেটাই	তো	8
দিবো	আপনি	8
জন্য	টাকা	8
করে	তাই	8
করা	পসিবল	8
১২	টাকা	8
করতে	পারতাম	8
ও	খুব	8
লিংক	দিয়েছি	8
প্রকাশ	করে	8
করতে	পারসিনা	8
তাও	হয়না	8
করা	হয়েসে	8
আবার	ফিরে	8
নির্ভর	করে	8
রুট	হয়না	8
বানান	আমি	8
২৪	আওয়ার্স	8
নেট	স্পিড	8
এর	ওপর	8
লেখা	থাকে	8
অ্যাডমিন	কে	8
টা	কই	8
দিয়া	হয়	8
কি	দেয়া	8
এক	ক্লিক	8
এ	ঠিক	8
সময়	আছে	8
আপনার	ইউটিউব	8
আমি	দেখে	8
পোস্ট	করেসি	8
দিসি	একসেপ্ট	8
উইন্ডোস	১০	8
ক্যাশ	ব্যাক	8
ইউটিউব	নিয়ে	8
মিউই	রোম	8
কিছুই	নাই	8
সত্যি	সত্যি	8
একই	কথা	8
জন্য	আগে	8
থেকে	ইনস্টল	8
কারণ	সে	8
রেম	এ	8
আর	মোবাইল	8
তুই	তো	8
ট্রিকবিডি	তেই	8
আছে	তাহলে	8
সেকশন	এ	8
ওয়েবসাইট	টা	8
করে	তো	8
একটু	প্লিজ	8
তোর	বাপ	8
থ্যাংক্স	ভাইয়া	8
ভাইয়া	আপনাকে	8
অনেক	এর	8
এর	আর	8
না	বুজলে	8
একাউন্ট	করে	8
না	প্রব্লেম	8
বলবে	না	8
করে	অন	8
আমার	বাড়ি	8
সময়	দিতে	8
যাবে	আপনার	8
ভালো	তো	8
তো	কানেক্ট	8
বাটন	ফোন	8
গ্রেট	পোস্ট	8
করবো	ইনশাল্লাহ	8
স্প্যাম	করেন	8
কি	থাকলে	8
আমাকে	মেসেজ	8
আমার	এক্সাম	8
আপনি	বললেন	8
এতো	টাকা	8
বাট	ওপেন	8
টা	কত	8
পায়	নি	8
করতো	না	8
আর	মেয়াদ	8
এ	ঢুকার	8
ফলো	করুন	8
হেল্প	আমি	8
টা	ট্রাই	8
এ	যাওয়া	8
এড	দিতে	8
সাথে	কন্ট্রাক্ট	8
প্লিজ	কিছু	8
থ্যংক্স	ভাই	8
করে	বুঝবো	8
তে	না	8
ভাই	এটাই	8
এভাবে	কাজ	8
ক্ষণ	পর	8
ফেইসবুক	কম	8
করা	কি	8
কি	পসিবল	8
করা	ঠিক	8
দিয়ে	ভেরিফাই	8
সরি	বাট	8
ক্লাস	অফ	8
ক্রোম	এর	8
একাউন্ট	ও	8
ও	করা	8
ভাই	আই	8
শুধু	এক	8
আজ	রাতে	8
নো	ব্রো	8
কয়েক	মাস	8
অফিস	এ	8
করে	এতো	8
কই	ব্রো	8
বুঝতে	পারছে	8
তাহলে	অবশ্যই	8
এসব	ফালতু	8
টু	ইউ	8
কেন	হয়	8
পোস্ট	এরকম	8
থেকে	গেছে	8
থেকে	ইনকাম	8
নিউ	নাম্বার	8
দিসে	এখন	8
যার	যার	8
হ্যাক	করবে	8
সাবমিট	করতে	8
করেন	মিয়া	8
হইলো	না	8
করে	যাবে	8
কোড	ঠিক	8
সাথে	আর	8
আলোচনা	করা	8
একাউন্ট	খুলার	8
ভাই	কমেন্ট	8
এ	স্ক্রিনশট	8
আবুল	মার্কা	8
না	মিয়া	8
এর	থেকেও	8
লাগে	নাই	8
মতো	পোস্ট	8
প্যানেল	এর	8
কিভাবে	করলেন	8
চান	আমি	8
জয়েন	করেন	8
কোন	এপ	8
তবে	এই	8
বুঝতে	অসুবিধা	8
ভিডিও	লেয়ার	8
ঠিক	কর	8
কাজ	করেছেন	8
এ	করা	8
টপিক	নিয়ে	8
মজা	লাগে	8
হয়	পোস্ট	8
সময়	করে	8
অন	না	8
কল	করা	8
কিভাবে	পোস্ট	8
তো	খুব	8
ওয়াপকিজ	এ	8
ট্রিক	এ	8
একাউন্ট	খুললে	8
স্ক্রিন	এর	8
হবে	তারপর	8
দিতে	পারিনি	8
তে	এখন	8
একটিভ	করতে	8
টাকা	দিবে	8
খোলার	পর	8
কোড	ডায়াল	8
বলতে	পারে	8
দিনের	মধ্যে	8
বাই	দ্যা	8
টার্বো	ভিপিএন	8
কি	লাগে	8
৬	বছর	8
রিপ্লেস	করে	8
এখানে	দেন	8
আমার	কিটক্যাট	8
আপনার	অনেক	8
গিয়ে	দেখেন	8
দিয়ে	পিসি	8
ভাই	আরো	8
পারবো	কি	8
করেছি	এখন	8
টা	হচ্ছে	8
ভাইয়া	নাইস	8
দেওয়া	ঠিক	8
উপকৃত	হব	8
ইউজ	করিনা	8
ইন	করার	8
এর	এডমিন	8
করলে	সেটা	8
এই	কার্ড	8
নিতে	পারব	8
ইউজার	ভাইয়ের	8
পরিচিত	ছিল	8
সে	ব্যাপারে	8
জানতে	চাচ্ছি	8
করে	এখন	8
ভাই	জাভা	8
আবার	আমার	8
এখন	চলে	8
করেন	আবার	8
সাহায্যের	জন্য	8
ডায়াল	করলেই	8
অফ	করতে	8
লেখা	ছিল	8
মেইল	চেক	8
এফবি	মেসেজ	8
আইডি	নিয়ে	8
আমি	ইউটিউব	8
টাকা	লাগে	8
ফ্রি	নাকি	8
ভালো	অ্যাপ	8
অনেক	দেরি	8
আছে	একটু	8
নেন	না	8
দেয়	কিভাবে	8
লিঙ্ক	প্লিজ	8
হাসতে	হাসতে	8
হাত	থেকে	8
করি	সব	8
তোমাকে	কি	8
এখানে	তো	8
গিয়ে	দেখি	8
সামনের	দিকে	8
অনেক	জায়গায়	8
এন্ড	আমি	8
রাখার	চেষ্টা	8
অ্যাপ	হ্যাক	8
দেখেন	আমি	8
খুব	সুন্দরভাবে	8
কেন	ব্রো	8
এই	কমেন্ট	8
কোন	কাজের	8
যে	করছে	8
মিস	করি	8
জন্য	ও	8
রিসেট	দিলে	8
এমবিপিএস	স্পিড	8
নি	আপনি	8
আসবো	না	8
যা	হয়	8
করে	ওই	8
করছেন	নাকি	8
অ্যাপ	নট	8
আমি	আপলোড	8
হবে	কিনা	8
যেমন	তার	8
করে	শান্তি	8
তুমি	একটা	8
যে	কিভাবে	8
করতে	বেশি	8
না	আমায়	8
বড়	সমস্যায়	8
কিছু	বললে	8
মজার	মজার	8
এনআইডি	এর	8
মেমরি	কার্ড	8
প্রয়োজন	নাই	8
পোষ্ট	গুলো	8
আসা	করি	8
ও	তাই	8
এফবি	ইনবক্স	8
অফ	হইয়া	8
পাইসি	বাট	8
পর	সব	8
আসে	নাকি	8
লিংক	দেয়ার	8
বিকাশ	থেকে	8
কি	জানতে	8
জন্য	আবার	8
দিয়ে	একাউন্ট	8
তার	কথা	8
আমি	চেষ্টা	8
খেলার	সময়	8
লাইক	কমেন্ট	8
কোন	জায়গায়	8
ভাই	আমারে	8
প্লেস্টোর	এর	8
উনি	মনে	8
কি	সবাই	8
থেকে	হবে	8
হচ্ছে	নাহ	8
গেইম	টা	8
আপনাদের	কি	8
আমরা	আমাদের	8
দেখবেন	প্লিজ	8
করবো	কী	8
জন্য	গুগল	8
নাহ	তো	8
করে	এ	8
কোথায়	থেকে	8
২	তে	8
কাজ	হয়নি	8
হয়ে	গেছিলো	8
কে	কত	8
সংগ্রহ	করে	8
পোস্ট	বার	8
শুরু	হয়ে	8
জানতে	পারলাম	8
ভালো	হইত	8
আছে	বলে	8
ইনভেস্ট	করতে	8
কিন্তু	তারা	8
বানাতে	চায়	8
কিভাবে	এতো	8
নিজে	ইউজ	8
কথা	উল্লেখ	8
করে	ফেলেছেন	8
কি	এমনি	8
গেলো	নাকি	8
নিয়ে	একটি	8
ক্রিয়েট	করবো	8
উপর	চাপ	8
মিনিট	কথা	8
এর	ওয়েবসাইট	8
আসার	জন্য	8
প্রথম	থেকেই	8
করতে	হবেনা	8
বেশি	কথা	8
হতে	পারছি	8
চিনেন	না	8
ও	করেন	8
একটু	আগেই	8
পারে	নাহ	8
কেউ	বুঝতে	8
করে	নাম	8
কোনো	ক্ষতি	8
দিন	ধরেই	8
নাকি	একটা	8
করে	রেখেছে	8
ইউজ	করতেসি	8
দেই	নি	8
হেল্প	মে	8
সত্যি	খুব	8
কেন	যে	8
কেউ	আপনার	8
পোস্ট	হয়ে	8
ভিত্তি	করে	8
করেন	ও	8
না	জানিয়ে	8
জন্য	কত	8
কথা	গুলা	8
আমি	একদিন	8
করেন	যার	8
যাওয়ার	জন্য	8
পাশ	দিয়ে	8
গিয়ে	অনেক	8
২০১১	সালে	8
মারা	যান	8
পুরস্কার	লাভ	8
এগিয়ে	যেতে	8
দলে	তিনি	8
তিনি	মূলতঃ	8
বাংলা	ভাষা	8
থেকে	তিনি	8
গুরুত্বপূর্ণ	ভূমিকা	8
একটি	বিশেষ	8
স্থাপন	করা	8
এবং	এই	8
ও	অন্যান্য	8
ছেড়ে	চলে	8
অভিনয়ের	জন্য	8
এই	তিন	8
দশ	বছর	8
বাংলাদেশ	সরকার	8
মধ্যে	অন্যতম	8
তার	প্রথম	8
ক্রিকেট	দলের	8
যোগাযোগ	মাধ্যম	8
ঘোষণা	করেন	8
মুক্তি	পায়	8
ডাকা	হয়	8
প্রদান	করা	8
প্রকাশিত	হয়	8
যোগ	দেন	8
মঙ্গল	গ্রহে	8
যান	এবং	8
বাংলাদেশ	ও	8
পাকিস্তান	সেনাবাহিনীর	8
এই	অঞ্চলের	8
তাঁর	বাবার	8
বাবার	নাম	8
সাথে	জড়িত	8
করতে	পছন্দ	8
যা	তার	8
একটি	নতুন	8
জন্য	তিনি	8
ভাগ	করা	8
আয়োজন	করে	8
করে	গড়ে	8
স্বীকার	করে	8
বুদ্ধি	কমে	8
আমি	পেমেন্ট	7
এর	এক	7
করলে	বেটার	7
মাথা	খারাপ	7
সুবিধা	আছে	7
যদি	পোস্ট	7
অভাব	নাই	7
আপনাকে	যদি	7
ব্র	প্লিজ	7
মেক	করা	7
পিছি	দিয়ে	7
রুট	করেন	7
ভাই	রিকুয়েস্ট	7
ফোন	চার্জ	7
সবার	কাজ	7
আগে	এ	7
করার	টিউটোরিয়াল	7
আপনাকে	একটা	7
বিশ্বাস	করা	7
শেয়ার	করেছি	7
পার্ট	এ	7
দেখুন	প্লিজ	7
সবার	কাছে	7
ক্ষতি	করে	7
একটা	মোবাইল	7
রিভিউ	পোস্ট	7
প্লিজ	জিপি	7
১	এমবিপিএস	7
১০	টার	7
এমবি	আসে	7
ভিসিট	করি	7
সময়	আমার	7
টা	যে	7
আমার	কিন্তু	7
অ্যাড	হয়	7
৩	নাম্বার	7
লাইফ	এ	7
দিন	ফোন	7
এপিকে	ডাউনলোড	7
এ	খুব	7
বানিয়ে	দেন	7
লিংক	কোথায়	7
উপকারে	আসবে	7
একটা	পেপাল	7
৬	মান্থ	7
তো	আছে	7
কিছু	জানার	7
টা	দেখে	7
অ্যাকাউন্ট	খুলছি	7
করা	লাগবো	7
করসি	কিন্তু	7
আর	টাইটেল	7
২৪	ঘন্টা	7
করি	পোস্ট	7
এ	লিখে	7
টা	ট্রিকবিডি	7
পার্ট	প্লিজ	7
অ্যাপ	ট্রাই	7
ভাই	একজন	7
থেকে	ফোন	7
১	ক্লিক	7
এটা	আর	7
করে	রাখতে	7
উপরের	কমেন্ট	7
কিভাবে	আইডি	7
তো	এরকম	7
দেন	যাতে	7
আমিও	জানি	7
৬৫৭২	এর	7
আমি	জানতে	7
নাম	এর	7
যায়	কেন	7
ভাই	সার্ভার	7
দেখাচ্ছে	কেন	7
কানেক্ট	করলে	7
করা	করা	7
এসএস	সহ	7
কারো	জানা	7
এটা	কিছু	7
জানে	এটা	7
ভাই	পেয়ে	7
রিকোভারি	ইমেজ	7
টা	থাকলে	7
ডিরেক্ট	লিঙ্ক	7
এ	যেটা	7
তো	কেউ	7
পারি	নি	7
অবশ্যই	শেয়ার	7
ভাই	মিনিট	7
টা	মোবাইল	7
বেশি	সবাই	7
ভিডিও	ডাউনলোডার	7
দেখতে	চাই	7
ভালো	হয়তো	7
সময়ের	জন্য	7
কথা	মত	7
চলার	কথা	7
কিভাবে	সেট	7
সেট	করব	7
বাট	অনলি	7
অটো	কমেন্ট	7
সিম	অফার	7
করা	অনেক	7
বার	করা	7
একটা	ছোট	7
যদি	ফোন	7
মিনিমাম	উইথড্র	7
স্যামসাঙ	এর	7
এর	ইমেইল	7
থ্যাংকস	কাজ	7
চায়	নাই	7
এমবি	লিমিট	7
এ	নিউ	7
থেকে	করেন	7
ভিডমেট	এর	7
এ	শেয়ার	7
১১	টা	7
থ্যাংক	ভাই	7
একটা	মোড	7
আপনি	ইউটিউব	7
ভাবে	কি	7
দিয়ে	দিব	7
আর	ফোন	7
কোথায়	আমি	7
ইউস	করছি	7
সব	ইনফরমেশন	7
হয়	সেটা	7
লাগলো	পোস্ট	7
ভাইয়া	কাজ	7
পারবো	আর	7
খেলতে	গেলে	7
না	তবুও	7
লিখে	গুগল	7
অ্যান্ড্রয়েড	ফোন	7
করতে	সময়	7
পল্লী	সিম	7
লিংক	দিছি	7
দিয়ে	ওপেন	7
টা	হয়	7
রোম	লাগবে	7
তো	দেখছি	7
করলে	আইডি	7
তার	পরে	7
পরে	ও	7
বানান	ঠিক	7
ভেরিফাই	করবো	7
ভাই	টেলিগ্রাম	7
বেশি	খারাপ	7
আমি	এ	7
ডোমেইন	নিয়ে	7
কি	জিমেইল	7
করবে	তখন	7
আপনি	ভিডিও	7
নিজে	নিজে	7
আমি	খেয়াল	7
খেয়াল	করি	7
ফটো	ভেরিফাই	7
রাউটার	এ	7
প্রবলেম	টা	7
আছে	কিছু	7
কমেন্ট	গুলো	7
যায়	তখন	7
একটা	ডাউনলোড	7
এই	নাম্বার	7
করে	তা	7
দিন	না	7
অফ	হয়	7
অ্যাড	না	7
হয়না	আর	7
করলে	পোস্ট	7
নেট	চলবে	7
অ্যাপ	ক্লোনার	7
কিন্তু	রুট	7
দিয়ে	হচ্ছে	7
রুট	অ্যাপ	7
লেখা	উঠে	7
ভাই	বলবেন	7
এফবি	পেজ	7
করলে	তার	7
ও	বেশি	7
সেই	বিষয়ে	7
বলতে	পারতেন	7
নিয়ে	তো	7
তবে	এটা	7
হলে	এটা	7
এটা	ইউস	7
ওকে	পোস্ট	7
যখন	আমার	7
এই	কথাটি	7
লিখার	জন্য	7
ইন	করলে	7
ছাড়া	কোন	7
নাই	নাকি	7
এর	রোম	7
তাই	দিলাম	7
কি	সম্ভব	7
পোস্ট	যে	7
নেট	টা	7
সার্ভার	দিয়ে	7
পোস্ট	হয়	7
১৫	টাকা	7
কিভাবে	একটা	7
ওয়ে	আসে	7
বলেন	এখন	7
লিঙ্ক	কাজ	7
আমাকে	বলবেন	7
দেখে	আবার	7
নট	সাপোর্টেড	7
করলে	এই	7
এখানে	থেকে	7
জিমেইল	চেঞ্জ	7
আর	কতো	7
ডাউনলোড	দিব	7
এই	পর্যন্ত	7
এ	এফবি	7
হ্যা	ভাই	7
টাকা	আসে	7
প্যাক	কিনে	7
কে	আমার	7
করছি	হয়	7
কে	বলছি	7
নিয়ে	আসতে	7
কি	ডাটা	7
আপনি	অ্যাপ	7
আর	কয়টা	7
কম্পিউটার	এ	7
ভাই	কপি	7
এমবি	প্যাক	7
করে	ইউটিউব	7
টা	অ্যাড	7
করসিলাম	বাট	7
বলেন	আপনি	7
পোস্ট	করবে	7
আরো	বিস্তারিত	7
টিপি	লিংক	7
খুলতে	পারবেন	7
না	মানে	7
না	ডাটা	7
দিয়ে	চেষ্টা	7
ওয়েলকাম	টু	7
এখন	একটু	7
কথা	ছিলো	7
ভাই	প্লে	7
নাইট	প্যাক	7
মডেল	এর	7
যে	নাম্বার	7
করলে	ফোন	7
আর	চলবে	7
আমাকে	ট্রেনার	7
জন্য	এ	7
ভালো	হয়েছে	7
যাবে	এটা	7
না	আমরা	7
পোস্ট	এডিট	7
দেখেন	তাহলে	7
তাহলে	বুঝবেন	7
টা	আগে	7
করবো	এটা	7
ইউ	হেল্প	7
এখনো	অনেক	7
খুব	ইচ্ছা	7
ইচ্ছা	আমার	7
পেপ্যাল	একাউন্ট	7
টাকা	পেমেন্ট	7
থেকে	যা	7
৫	বার	7
ওয়াও	ব্রো	7
কোনো	গেম	7
চেক	করো	7
তো	কিছুই	7
এক	ফ্রেন্ড	7
সব	অ্যাপস	7
অ্যাপস	ইউজ	7
কম্পিউটার	দিয়ে	7
ভিডিও	দেখেন	7
কি	হতো	7
দিয়ে	এমবি	7
প্যাক	এর	7
বলছে	যে	7
কিন্তু	না	7
কিন্তু	পরে	7
রুট	করেছি	7
সব	পার্ট	7
অ্যাপ	শেয়ার	7
পোস্ট	লেখার	7
নিবেন	না	7
করবেন	আর	7
ফোন	সিম্ফনি	7
জন্য	আছে	7
আনলক	করে	7
সেই	সাইট	7
কোড	আছে	7
টাকা	ক্যাশ	7
দেওয়া	ভালো	7
দিয়ে	ওয়াইফাই	7
আপনার	অ্যাকাউন্ট	7
করেন	তাই	7
কমেন্ট	বক্স	7
একটা	অপশন	7
সেটিং	থেকে	7
দেখা	দেয়	7
সেট	করতে	7
২০০	টাকা	7
থাকলে	কেউ	7
ইস	বেস্ট	7
যারা	জানেন	7
পোস্ট	কর	7
এর	জন্যই	7
গ্রুপ	আছে	7
পাওয়ার	পর	7
কয়দিন	পর	7
তো	দেয়া	7
রিপোর্ট	করে	7
দেওয়া	থাকে	7
তো	করা	7
করুন	ভাই	7
চেষ্টা	করেও	7
সফল	হতে	7
না	আমাকে	7
পোস্ট	পেলাম	7
আমি	কমেন্ট	7
দিয়ে	ফেসবুক	7
মোবাইল	আঙ্কেল	7
আপনি	পারেন	7
বেস্ট	অ্যাপ	7
ভিজিট	করে	7
জন্য	থ্যাঙ্কস	7
আয়	হয়	7
হয়	কিভাবে	7
পাবলিশ	করেন	7
চেক	প্লিজ	7
করে	ইনকাম	7
এইটার	জন্য	7
ইন্সটল	দিয়ে	7
তে	নতুন	7
ও	মনে	7
হইসে	ভাই	7
অ্যাপ	ইউস	7
না	অনলি	7
কি	নাকি	7
পোস্ট	এখন	7
অপেক্ষা	করছি	7
তাড়াতাড়ি	সম্ভব	7
ভালোই	তো	7
আসলে	কি	7
খারাপ	লাগলো	7
কেন	তা	7
অথর	মি	7
পারলেন	না	7
টাকা	পাওয়া	7
মোবাইল	দিয়া	7
নিউ	অথর	7
এটা	ডাউনলোড	7
ডিজাইন	করা	7
যায়	একটু	7
কি	করো	7
এসএস	এর	7
আমি	একবার	7
হলে	আবার	7
সাথে	কিছু	7
কোনো	ঝামেলা	7
আমাকে	নক	7
ফেরত	পাওয়া	7
ওই	আইডি	7
পোস্ট	পাবেন	7
জেনে	পোস্ট	7
খুব	বড়	7
সময়	নাই	7
পেলে	পোস্ট	7
এর	টিডব্লিউআরপি	7
ভালো	কাস্টম	7
কেমনে	করে	7
তো	না	7
টিউনার	না	7
জন্য	থ্যাংক	7
বোঝে	না	7
দেখতে	পাচ্ছি	7
করতে	পারছে	7
ব্যাপার	না	7
আসবে	তখন	7
কত	ভালো	7
থ্যাংকস	থ্যাংকস	7
বছর	আগের	7
নাকি	ফ্রি	7
সব	ভিডিও	7
চেক	করবেন	7
ট্রান্সফার	করা	7
ডাউনলোড	করবেন	7
অনুরোধ	করা	7
করি	বুঝতে	7
করলে	সবাই	7
কি	অথর	7
হতে	কত	7
রুট	করসি	7
আছে	তারা	7
এফবি	আইডিটা	7
বেটার	হবে	7
ভাই	আজকে	7
এখন	ট্রিকবিডি	7
হ্যাং	করে	7
ভার্সন	দিয়ে	7
দিতেন	ভালো	7
অ্যাকাউন্ট	খুলে	7
মতামতের	জন্য	7
বা	কোন	7
এ	যোগাযোগ	7
নিয়ে	একটু	7
কত	পোস্ট	7
এটা	ফ্রি	7
কোনো	সফটওয়্যার	7
তার	পরেও	7
করবেন	নাকি	7
পোর্ট	করবো	7
পোস্ট	থাকলে	7
লিংক	দিয়েছেন	7
তারপর	থেকে	7
এখন	আপনার	7
বিশ্বাস	করি	7
একটু	বলুন	7
আমি	স্যামসাং	7
পারি	আমি	7
আমি	মোবাইল	7
ফর	দিস	7
একটা	বিষয়	7
জন্য	নাকি	7
অ্যাডমিন	দের	7
কি	নিয়ে	7
জমা	হবে	7
হবে	কারণ	7
আসবে	আর	7
আর	ফ্রি	7
টাকা	কোথায়	7
পারে	তাহলে	7
যায়	ভাই	7
করে	লিখে	7
আর	নাই	7
কিছু	হয়	7
আপলোড	দিবো	7
কত	ডলার	7
২	এর	7
আমার	আপনার	7
খুব	সহজেই	7
দিয়ে	মোবাইল	7
ভালো	এটা	7
এটা	কপি	7
আছে	ভালো	7
লাগে	তাই	7
বাট	এর	7
তাহলে	একটু	7
এমবি	করে	7
ট্রিকবিডি	ভিজিট	7
ফ্রি	এমবি	7
রিভিউ	করতে	7
টা	আছে	7
অনেক	ঝামেলা	7
সেট	এর	7
পেস্ট	করলে	7
অনেক	ছোট	7
ছোট	থেকে	7
ডিলিট	করবেন	7
ব্রো	এখানে	7
আইডি	খুলতে	7
করছেন	আপনি	7
তো	সবার	7
এ	থাকবে	7
আইডি	লাগবে	7
থেকে	ফুল	7
কন্টাক্ট	মি	7
এই	একটা	7
হ্যাক	হয়েছে	7
অ্যাপ	থাকলে	7
পর	তো	7
ইউজ	করছিলাম	7
এইচটিএমএল	সিএসএস	7
অবশ্যই	হবে	7
তে	পাবেন	7
এ	কম	7
গুগল	এডসেন্স	7
রোম	দিতে	7
ব্রো	লিংক	7
লেভেল	এর	7
ট্রিকবিডি	পোস্ট	7
হলে	এফবি	7
করো	ব্রো	7
ফার্স্ট	পোস্ট	7
ভাই	সত্যি	7
পেমেন্ট	করবে	7
জানার	কথা	7
না	এখানে	7
এমবি	পাইলাম	7
এর	জায়গা	7
আমি	জিপি	7
কোনো	কপি	7
করে	১	7
ফটোশপ	সিসি	7
হওয়ার	সময়	7
কিভাবে	চেঞ্জ	7
তো	রুট	7
টাকা	পাবেন	7
বুঝিয়ে	বললে	7
কি	আনলিমিটেড	7
মান্থ	আগে	7
এর	বাইরে	7
দেন	ডাউনলোড	7
তো	ভালোই	7
ভাই	থ্যাংক	7
ভাই	হবে	7
কপি	করছে	7
ওহ	সরি	7
করে	আইডি	7
ফ্রি	ফেসবুক	7
দিয়ে	কয়টা	7
এমবি	খরচ	7
আপনার	কোড	7
রেজিস্ট্রেশন	করতে	7
ফোনে	হবে	7
হি	হি	7
সিস্টেম	অ্যাপ	7
করছি	অনেক	7
পেজ	থেকে	7
কিভাবে	টাকা	7
এসব	কি	7
অফ	করা	7
করছেন	কেন	7
করার	কারণে	7
কোন	ওয়েব	7
হেল্প	করে	7
তাও	থ্যাংকস	7
কাজে	আসবে	7
টাইম	এর	7
নিজে	এই	7
বুঝলেন	না	7
তা	ও	7
বাট	অন্য	7
তো	কেমনে	7
বসে	বসে	7
বাড়বে	না	7
আমি	তাদের	7
ভাই	আসলে	7
আনলক	করার	7
কোনো	ভিপিএন	7
ফলো	করে	7
ভাই	ওটা	7
কেবি	স্পিড	7
একজনের	সাথে	7
করো	আর	7
ওই	গুলা	7
ওয়েব	সাইট	7
গিয়ে	একটা	7
যে	এরকম	7
এ	করতে	7
কয়েনবেস	এর	7
করবো	কোন	7
কল	করতে	7
পেতে	পারে	7
জানেন	তাহলে	7
কি	সিউর	7
হতে	কি	7
তে	লগ	7
একটা	টিউন	7
আর	নিজের	7
কেমনে	সম্ভব	7
লিংক	দেওয়ার	7
তে	অথর	7
জিপ	কোড	7
নোটিফিকেশন	সিস্টেম	7
এর	ক্ষেত্রে	7
আমাদের	সাথেই	7
করব	ব্রো	7
অর্ডার	করতে	7
বুঝতে	পারবে	7
চেক	করলে	7
কি	এখনও	7
কথা	বললেন	7
করে	কেন	7
কোন	ট্রিক	7
অনেক	হার্ড	7
বিষয়	না	7
এ	একটু	7
করতেসে	কেন	7
জিবি	এর	7
আমি	নিজেও	7
একদম	বাজে	7
নাহ	আর	7
ট্রিকবিডি	আইডি	7
পি	এন	7
অথর	রা	7
৭	টা	7
বাংলা	পিডিএফ	7
ওয়াইফাই	স্পিড	7
সাথে	একটু	7
অনেক	দরকার	7
কাইন্ডলি	যদি	7
যদি	কপি	7
তে	১০০	7
আপনি	এটা	7
নাকি	অফলাইন	7
এ	কাস্টম	7
ভাই	পাইসি	7
আইফোন	এর	7
ফেইসবুক	একাউন্ট	7
ছিল	এখন	7
এর	ফ্রি	7
আপনার	ইমেইল	7
নিয়ে	কোনো	7
দিয়ে	আমার	7
এ	অন্য	7
কিছু	জানতে	7
চান	তাহলে	7
দিছিলাম	বাট	7
করবো	কেন	7
কিছু	করবো	7
আপনাদের	গ্রুপ	7
পর	ট্রিকবিডি	7
যত্ত	সব	7
টাকা	তুলতে	7
ইয়ার	ধরে	7
৭	এ	7
থেকে	জানা	7
আমার	ফেইসবুক	7
১০	বার	7
অনেক	এই	7
থিম	ইনস্টল	7
ওয়ে	থ্যাংকস	7
তো	পুরা	7
করে	কমেন্ট	7
করুন	কাজ	7
এম	নট	7
দিয়ে	দিলে	7
এখন	পোস্ট	7
প্রবলেম	এ	7
বেড়ে	গেছে	7
ইমেজ	ফাইল	7
আর	রিকভারি	7
নিয়ে	এত	7
বলছি	যে	7
লিংক	দিয়েন	7
ব্রো	এর	7
করতাম	বাট	7
স্টেপ	বাই	7
বাই	স্টেপ	7
দিলেও	হবে	7
সব	ফাইল	7
ভাইয়া	অনেক	7
পাগল	ছাগল	7
কপি	করতে	7
পোস্ট	কতবার	7
ট্রিক	বের	7
ভাই	কাল	7
করসি	আমার	7
না	এ	7
মনে	করো	7
জানো	না	7
কেনো	পোস্ট	7
তবুও	থ্যাংকস	7
ভাই	কেমন	7
একটা	লিমিট	7
আপনার	হয়তো	7
ব্রো	ভিডিও	7
পোস্ট	পরে	7
যা	জানি	7
কাজ	ই	7
ভেরি	মাচ	7
ভাই	হয়না	7
কোন	ভাই	7
আপনার	আগের	7
তো	আরো	7
আমি	করসিলাম	7
ই	কাজ	7
ভালো	কিসু	7
মোড	করার	7
সাথে	আবার	7
এর	আবার	7
টা	দিয়া	7
তবে	এর	7
প্রাইস	কত	7
হচ্চে	না	7
হুম	এই	7
না	ও	7
করবে	কিভাবে	7
করে	কিছু	7
এক্সপ্রেস	ভিপিএন	7
ও	একটা	7
অ্যাড	হবে	7
পোস্ট	করসিলাম	7
সিলেক্ট	করুন	7
হবে	কিভাবে	7
নতুন	নতুন	7
এর	ভেতর	7
ব্রো	আপনে	7
এ	থাকতে	7
ভাই	না	7
ডাটা	ছাড়া	7
মেয়াদ	কতদিন	7
রোম	পোর্ট	7
করা	ছিল	7
থাকুন	থ্যাংক্স	7
ভালো	সার্ভিস	7
এই	এপস	7
প্রথম	আলো	7
একটা	গান	7
খুব	ছোট	7
তখন	আমি	7
খেলি	না	7
অ্যাডমিন	ভাইয়া	7
ডলার	লাগে	7
এ	আপডেট	7
কয়েনবেস	থেকে	7
তো	অথর	7
না	পিসি	7
এসএমএস	দেন	7
করেন	এর	7
আমার	দরকার	7
আপনি	চেক	7
তো	বলতে	7
ব্রো	সব	7
রাখা	যাবে	7
এক্টিভ	করতে	7
এসএমএস	আসবে	7
আসবে	কি	7
নাকি	ভাইয়া	7
খুব	ভয়	7
পর	আমাকে	7
কি	মাথা	7
সেটিংস	থেকে	7
কই	পাইলেন	7
কোন	টা	7
নিয়ে	আসবো	7
দেখুন	আমি	7
আমি	সবার	7
নেট	অফ	7
সময়	হবে	7
এ	ওই	7
খুলে	দিবেন	7
ইনকাম	করার	7
থাকবে	শুধু	7
আপনার	না	7
করে	নিউ	7
গুগল	একাউন্ট	7
ভাই	ট্রিক	7
স্পিড	কি	7
এই	ভাই	7
এখন	সে	7
নিজেই	তো	7
এখন	শুধু	7
নাই	সো	7
বুঝতে	পারে	7
আমাকে	আজ	7
একটা	দেন	7
লিংক	ই	7
এরকম	আর	7
অনেক	ভাবে	7
এর	ট্রিকস	7
তো	নেট	7
বলেন	আমি	7
ভিপিএন	থাকলে	7
বলবে	আমি	7
মড	এপিকে	7
তারিখ	এ	7
আবালের	মতো	7
প্রব্লেম	হলে	7
জিমেইল	একাউন্ট	7
সেল	করে	7
কিন্তু	এইটা	7
কারণ	আপনি	7
এ	আইডি	7
বাড়ানোর	ধান্দা	7
বাট	ভাইয়া	7
আগে	কি	7
লগইন	হচ্ছে	7
ইমেইল	করতে	7
হায়রে	মানুষ	7
এইটা	তে	7
টা	কেমনে	7
পোস্ট	পাইলাম	7
এক	বড়	7
৩	মান্থ	7
এসএমএস	আসছে	7
টা	মনে	7
দেখা	যেত	7
করুন	এই	7
অনেক	এমবি	7
ওয়াপকিজ	লাইভ	7
এখন	এমবি	7
কোড	কোথায়	7
উইজ	করেন	7
ওই	সিম	7
তাহলে	হয়তো	7
কোনো	সম্পর্ক	7
খারাপ	লাগে	7
এটা	হলো	7
সেই	ক্ষেত্রে	7
ট্রিক	দিয়ে	7
ওই	মোবাইল	7
কোনো	এমবি	7
এই	পোস্টের	7
পর	ফোন	7
ট্রিকবিডি	তো	7
হ্যাকিং	এর	7
আপডেট	দেন	7
ভাই	এতো	7
না	থাকার	7
জানি	একটা	7
জিবি	পাইসি	7
একটা	সমাধান	7
প্লিজ	ওই	7
ভাষা	বুঝি	7
এমবি	থাকা	7
না	নিউ	7
আমি	কেমন	7
এটা	একটু	7
পর	খুব	7
দেখবো	কিভাবে	7
একটা	এডু	7
দিবে	নাকি	7
ফোন	রিভিউ	7
কল	দিতে	7
সংগ্রহ	করা	7
এই	যে	7
তো	১	7
আমার	প্লে	7
এ	অফার	7
কেমন	হইসে	7
দূরে	থাকুন	7
পোস্ট	গুলি	7
করলে	আরো	7
জাভা	তে	7
টাকা	পাইসি	7
হইছে	নাকি	7
হয়তো	জানেন	7
কারো	কাজ	7
কম	না	7
পর	পেমেন্ট	7
ফুল	দিয়ে	7
ছোট	পোস্ট	7
পোস্ট	দিছেন	7
চেষ্টা	করলাম	7
নিউ	টিপস	7
এর	ব্যাকআপ	7
দিয়ে	দিয়ে	7
এক	জায়গায়	7
আমি	মাত্র	7
ফর	নাইস	7
ভালোই	চলছে	7
পেয়ে	যাবে	7
তে	প্রব্লেম	7
করবে	এইটা	7
এর	অপশন	7
তো	তাহলে	7
তুমি	জানো	7
তো	কথা	7
টাকা	খরচ	7
আইডি	সেল	7
একই	অবস্থা	7
না	প্লে	7
করে	রাখেন	7
সমাধান	পাবেন	7
মানুষ	এখনো	7
কষ্ট	করতে	7
তো	ঠিকই	7
প্লিজ	এই	7
ভালো	হয়না	7
থাকা	অনেক	7
দরকার	ভাই	7
আমাদের	অনেক	7
ভাই	আবার	7
কাজ	করতো	7
কিছু	করলে	7
সরি	ফর	7
হাতের	লেখা	7
এ	এইটা	7
ওয়াপকিজ	সাইট	7
আমি	শেয়ার	7
নক	দিয়েন	7
দিয়ে	১	7
আরো	কত	7
কেউ	এটা	7
৪জি	সাপোর্টেড	7
৪জি	চালু	7
কত	তারিখ	7
সোশ্যাল	এমবি	7
বিকাশ	একাউন্ট	7
একটা	বোকা	7
আমাকে	দোষ	7
ভাই	আমিও	7
১	উইক	7
আই	হোপ	7
টাইম	থেকে	7
দেখতে	খুব	7
একটু	দরকার	7
তাতে	কি	7
কেন	এটা	7
এখন	কোন	7
দা	বেস্ট	7
এমবি	দিয়া	7
শেষ	হইয়া	7
কে	বললো	7
বন্ধ	করার	7
সেটা	দেখার	7
অনেকের	কাজে	7
আমি	একাউন্ট	7
আমার	যে	7
সমস্যা	হলে	7
বাগ	আছে	7
কয়েকদিন	আমার	7
গেম	নিয়ে	7
পিক	দিয়ে	7
ফ্রেমওয়ার্ক	ইনস্টল	7
নিয়ে	নিলাম	7
অন	করুন	7
এমটিকে	৬৫৮২	7
মতো	এতো	7
করে	ফ্ল্যাশ	7
ম্যানেজার	এর	7
করে	করবো	7
গেম	ওপেন	7
সিস্টেম	নিয়ে	7
কাউকে	দিবে	7
জন্যই	আমি	7
অনলি	ফর	7
বিছানায়	শুয়ে	7
আর	ভিডিও	7
ডাউনলোড	দিন	7
জানি	আমি	7
হয়	যার	7
লিঙ্ক	হবে	7
ইউজ	করতেছেন	7
কোন	সাইটে	7
ডাউনলোড	দেয়া	7
তিন	দিন	7
এসএমএস	আসে	7
ডাকবেন	না	7
প্রুফ	দেন	7
হবেন	না	7
ইচ্ছা	নাই	7
ছোট	ছিলাম	7
মিথ্যে	কথা	7
থ্যাংকস	জানানোর	7
অন	করেন	7
কার	কার	7
ইমেইল	করেন	7
পর	যে	7
সন্ধ্যায়	আমার	7
ফ্রি	নেটের	7
আর	চলছে	7
শুরু	করবে	7
কিভাবে	এড	7
আর	অ্যাকাউন্ট	7
করতে	পারতেছে	7
দেখায়	ভাই	7
করতে	পারেনা	7
এফবিতে	মেসেজ	7
প্লিজ	আনসার	7
ভিডিও	এডিট	7
পোস্টগুলো	একটু	7
ভাই	কনফিগ	7
আপনি	ডাউনলোড	7
না	ফ্রি	7
রম	লাগবে	7
এন্ড	পাস	7
কষ্ট	হচ্ছে	7
স্ক্রিন	রেকর্ড	7
ইউজ	করেছেন	7
তো	ইন্সটল	7
নাম্বারে	এসএমএস	7
ফালতু	অ্যাপ	7
দিয়ে	বানিয়ে	7
শুরু	করতে	7
বেশি	পোস্ট	7
চলে	আসছি	7
এটার	কোন	7
আরও	এক	7
তুলে	গালি	7
বৃষ্টি	হওয়ার	7
টাইম	লাগে	7
আবার	ওই	7
কোন	ঝামেলা	7
যারা	আমাকে	7
নাকি	যে	7
এখন	দেখি	7
জানতে	পারলে	7
আইডি	দাও	7
শুধু	তারা	7
দেখি	যে	7
দেখে	তারপর	7
দেখাচ্ছে	কি	7
একটা	সমস্যা	7
তো	অফ	7
ভালো	ফলাফল	7
আইডিয়া	নাই	7
ফোন	কিভাবে	7
দেন	হেল্প	7
এখন	এটার	7
ভাই	দেখি	7
কিভাবে	ফ্রি	7
আপনি	টিউনার	7
তাও	কয়েন	7
ফাইল	দেন	7
জানা	যাবে	7
হলে	এই	7
একটু	বিজি	7
কাজ	আছে	7
তাই	খুব	7
কেউ	পোস্ট	7
ভাই	অ্যাকাউন্ট	7
বা	আপনার	7
দেখেন	নাই	7
ডাউনলোড	না	7
লিখে	দিলে	7
কাছে	হেল্প	7
কুত্তার	বাচ্চা	7
এখন	টাকা	7
টাকা	দিচ্ছে	7
লাকি	প্যাচের	7
আইডি	ইউজার	7
হারায়	গেছে	7
পর	ওই	7
ব্রো	ঠিক	7
জন্য	খুব	7
অনেক	খুঁজেছি	7
আপলোড	হয়	7
ভাল	হবে	7
যে	এখন	7
এখন	নিজেই	7
নাকি	জাস্ট	7
ফ্লেক্সিপ্ল্যান	থেকে	7
বাইরে	কিছুই	7
দেখতে	পারবো	7
তো	কম	7
দেখলাম	বাট	7
সময়	এই	7
লেখা	অনেক	7
কি	করার	7
করা	যেত	7
করেন	এরপর	7
পোস্ট	কয়বার	7
ব্রো	ইউজার	7
কিভাবে	করা	7
অন	করার	7
না	১	7
আমি	সাত	7
যারা	নিউ	7
জানে	তাদের	7
করছে	অনেক	7
এখন	ট্রাই	7
আপনার	পোষ্টের	7
ফোন	ও	7
লো	কোয়ালিটি	7
রিপ্লাই	নাই	7
হইছে	থ্যাংকস	7
দাম	বাড়ছে	7
করে	রুট	7
কাউকে	বলে	7
ইউনিক	পোস্ট	7
নাম	বলতে	7
জন্য	তো	7
আজকে	রাতের	7
করছে	আমি	7
কি	দেখায়	7
সেল	দিতে	7
প্যাক	কিনলে	7
কথা	কিন্তু	7
করেছেন	এবং	7
জানতে	পারবেন	7
যদি	কাউকে	7
প্লিজ	খুব	7
ফ্ল্যাশ	দিয়ে	7
ব্যবহার	হয়	7
দারুণ	পোস্ট	7
না	তাও	7
সমস্যায়	আছি	7
এত	খারাপ	7
দিয়ে	একটু	7
পোষ্ট	গুলা	7
চেয়ে	অনেক	7
পাবলিশড	হয়	7
দরকার	সিলো	7
পোষ্ট	করার	7
বুট	ইমেজে	7
ফালতু	পোষ্ট	7
এসএমএস	দিন	7
নম্বর	এ	7
করার	জন্যে	7
এতো	খারাপ	7
কিন্তু	আজ	7
দেখুন	আর	7
স্ক্রিনশট	গুলো	7
করে	তাঁদের	7
আমাকে	কল	7
টা	ইনস্টল	7
ইনস্টল	দিবো	7
কিভাবে	আপনার	7
যাই	না	7
টাকা	দেওয়া	7
করে	টা	7
হলে	অনেক	7
মাথা	নষ্ট	7
হিংসা	করে	7
কেন	কাজ	7
স্টেপ	এ	7
টাকা	নষ্ট	7
পারেন	এর	7
সব	গুলাই	7
নম্বর	দিয়ে	7
ইমো	তে	7
দিবা	না	7
হওয়ার	আগে	7
আমি	কোন	7
ভালো	ব্যবহার	7
এভাবে	চলে	7
অ্যাপ	ছাড়া	7
করি	আমি	7
দেখায়	কি	7
পাসওয়ার্ড	টা	7
দ্যা	বেস্ট	7
ড্রাইভ	লিঙ্ক	7
টাকা	আর্ন	7
বসে	থাকে	7
মধ্যে	অনেক	7
থাংকস	ব্রো	7
পারছি	নাহ	7
এর	এর	7
কোনো	সময়	7
চলে	নাহ	7
পোস্ট	দেয়	7
থাংকস	ফর	7
দিনের	মধ্যেই	7
চলতে	থাকবে	7
আগে	ভাবি	7
ঘন	ঘন	7
করে	সময়	7
তাহলে	সেই	7
আপনি	নিউ	7
না	কীভাবে	7
বানাতে	হয়	7
বলে	দিয়েছি	7
সময়	থাকতে	7
একটা	এসএমএস	7
লাগে	তার	7
না	চলে	7
মেয়াদ	কি	7
একটাও	কাজ	7
আরও	পোস্ট	7
আপনার	জানা	7
যারা	না	7
একটি	করে	7
ঢাকা	থেকে	7
শুনতে	পাবে	7
শুরু	করবো	7
এ	দেখলাম	7
পাইলে	শেয়ার	7
অনেক	লম্বা	7
বোর্ড	এর	7
কেমন	হয়েছে	7
ভাই	পেমেন্ট	7
লাইফ	টাইম	7
ব্রাদার	আমার	7
আমি	পরে	7
ইউজারদের	জন্য	7
ডাউনলোড	দিছি	7
মেসেজ	চেক	7
নোটিফিকেশন	বার	7
অনেক	রকম	7
আপনার	মা	7
ছিলো	সে	7
হয়ে	আসে	7
সময়	এমন	7
আপনি	সব	7
বাড়ি	কোথায়	7
নেম	টা	7
কিছু	দিতে	7
কি	আসলেই	7
আমি	খারাপ	7
এইটা	ইউজ	7
মিথ্যা	বলে	7
বেশি	বলে	7
রাখবো	না	7
মজা	করে	7
পেজ	এর	7
বয়স	কত	7
করে	আরো	7
নাকি	আমার	7
আবার	একটা	7
কি	সাথে	7
থেকে	বিদায়	7
উচিত	হয়নি	7
রিকভারি	ইমেজে	7
হয়	বলেন	7
কি	ছিলো	7
কিছু	সমাধান	7
ভালোর	জন্যই	7
সম্মুখীন	হতে	7
যে	তিনি	7
দিতে	পারিস	7
পড়ে	না	7
হয়	তো	7
সাথে	সব	7
কিছু	বলবো	7
ঈদ	মুবারক	7
ম্যাচ	খেলতে	7
এই	জায়গায়	7
একমত	হতে	7
আমার	সাইকেল	7
বের	হতে	7
হয়ে	যাবেন	7
জানেন	এখানে	7
ভাল	লেগেছে	7
আমি	হয়তো	7
আছে	আমাদের	7
আমরা	অনেক	7
বাট	তাও	7
চাইলে	আমি	7
কিন্তু	সমস্যা	7
করেন	যাতে	7
ছিলো	আমি	7
চিনি	না	7
লাগলে	এড়িয়ে	7
এড়িয়ে	যান	7
সাত	বছর	7
তাহলে	আমাকে	7
ইন্সটল	হয়না	7
আমি	ভুল	7
বলার	আগেই	7
জানি	মনে	7
রাখে	না	7
ইনস্টল	ই	7
বলে	টাকা	7
বলেন	আপনার	7
তখন	খুব	7
আমাকে	এখনো	7
একটা	ভাল	7
ভাল	মত	7
বলে	কিন্তু	7
তোমার	কোনো	7
করে	গুছিয়ে	7
ভাবি	নাই	7
এই	সময়	7
অনেক	টাকা	7
টিভি	চ্যানেল	7
এ	কী	7
প্রয়োজন	নেই	7
বহুদিন	ধরে	7
আমি	এখনই	7
ভালো	এইটা	7
আমি	বিকালে	7
একটা	সময়	7
সময়	আমি	7
করে	এত	7
দেখতে	পায়	7
মনে	হয়ে	7
জন্য	থাঙ্কস	7
বলো	কেন	7
শেষ	হবার	7
প্রায়	৪	7
সে	কি	7
বলেছি	যে	7
আমার	৭	7
কথা	বুঝি	7
ছোটো	করে	7
কালকে	থেকে	7
দূরে	থাকতে	7
আসার	আগেই	7
বেশি	সুন্দর	7
হিসেবে	কাজ	7
জন্য	প্রস্তুত	7
যায়	এবং	7
পরিণত	হয়	7
আমাকে	দিতে	7
তারপর	থেকেই	7
আমি	খুশি	7
বাড়তে	থাকে	7
ঘোষণা	করা	7
২০১০	সালে	7
সালে	বাংলাদেশ	7
ইউনিয়ন	পরিষদ	7
নামক	একটি	7
পরিবারে	জন্মগ্রহণ	7
১৯৪৮	সালে	7
হতে	পারবে	7
ও	তাঁর	7
নয়	বরং	7
২০০৫	সালে	7
অবদানের	জন্য	7
এবং	তিনি	7
সাথে	সহসরকারী	7
মার্কিন	যুক্তরাষ্ট্রে	7
দলের	অন্যতম	7
তারা	একটি	7
স্ত্রীর	সাথে	7
ছিলেন	একজন	7
সরে	যান	7
২০১২	সালে	7
পাওয়া	যায়নি	7
২০১২	সালের	7
২০০৯	সালে	7
তিনি	আমাকে	7
দেয়া	হয়েছিল	7
করার	কাজে	7
মেনে	নিতে	7
পর	তিনি	7
ওয়েস্ট	ইন্ডিজের	7
বেছে	নেন	7
অসুস্থতার	কারণে	7
একটি	শক্তিশালী	7
নিয়ে	যেতে	7
করতে	সক্ষম	7
মহিলা	মারা	7
বিয়ে	দেয়া	7
পড়া	যায়	7
রান্না	করা	7
খোলা	হয়	7
ক্রিকেট	দলকে	7
মানুষের	মধ্যে	7
ভাষায়	কথা	7
কফি	খাই	7
ঝোল	দিয়ে	7
দিয়ে	দুপুরে	7
এডিট	করেন	6
বলছে	আপনাকে	6
এ	জইন	6
জন্য	অ্যাপ	6
আগেই	এই	6
ভাই	শেয়ার	6
নাকি	আপনি	6
যদি	নিজের	6
ইউস	করসি	6
করে	এর	6
কানেক্ট	না	6
রুট	না	6
যাবে	আপনি	6
সেটা	জানি	6
দিয়ে	কোন	6
যেখানে	মানুষ	6
আবার	আপনি	6
করবো	কিন্তু	6
ভিডিও	দিবো	6
তারপর	বলেন	6
স্পীড	ভালো	6
ভালো	অফার	6
জন্য	কমেন্ট	6
কিভাবে	আমার	6
ভাই	অবশ্যই	6
অনেক	ফোন	6
পোস্ট	দিলেন	6
মত	ফ্রি	6
বাংলা	কোর্স	6
অ্যাপ	তৈরি	6
করে	লাইন	6
করি	তাইলে	6
কিছু	বলেন	6
করেন	কোন	6
খুজে	পাওয়া	6
দিচ্ছেন	না	6
ক্যান	ইউ	6
নিয়ে	১টা	6
কিন্তু	কোন	6
দিয়ে	এ	6
এত	কম	6
আমাদের	সবাই	6
বাট	যদি	6
না	সরি	6
পাই	কিনা	6
দিয়ে	অ্যাকাউন্ট	6
থাকলে	টাকা	6
পেপাল	ভেরিফাই	6
ও	হ্যাক	6
কিন্তু	এখানে	6
কিছু	বললাম	6
করে	ট্রিকবিডি	6
কোন	মিল	6
ব্র	এটা	6
বাট	ওয়াইফাই	6
দেন	কেউ	6
বেশি	হলে	6
এ	বেশি	6
আমাকে	না	6
মানুষ	খুব	6
আর	টাকা	6
করলে	শুধু	6
কি	ভালো	6
ব্লগ	এ	6
অ্যাপ	লাগে	6
আসে	থাকলে	6
একটু	শেয়ার	6
সবাই	কথা	6
কোন	টাকা	6
তাহলে	আপনাকে	6
কি	ভাইয়া	6
নেট	অন	6
ব্র	আপনি	6
বড়	হবে	6
মন্তব্যের	জন্য	6
দেখায়	বাট	6
আর	২	6
ব্র	আমার	6
চলে	নাই	6
ভালো	সাইট	6
দেখে	ভাইয়ের	6
ফ্রি	ইন্টারনেট	6
তো	চেঞ্জ	6
করতে	বলছে	6
থেকে	আপনার	6
কতো	সময়	6
বিটকয়েন	এর	6
অ্যাপ	মোড	6
মোড	করতে	6
কি	দেখতে	6
আছে	ওটা	6
ভাই	আমাক	6
কোথায়	ভাই	6
ভাই	দোয়া	6
করে	চেক	6
এটা	জানি	6
গেলে	ভালো	6
ধন্যবাদ	পোস্ট	6
এর	লেটেস্ট	6
ফোন	নিয়ে	6
তুমি	যে	6
টাকা	ফেরত	6
টা	ইউস	6
এসএমএস	এ	6
অ্যাকাউন্ট	নিয়ে	6
অ্যাড	করবেন	6
এটা	নিউ	6
ওকে	ওয়েট	6
করতেন	তাহলে	6
কথা	হচ্ছে	6
হয়ে	যাব	6
১০০০	টাকা	6
এর	অ্যাকাউন্ট	6
করলে	পেমেন্ট	6
যে	ভাই	6
টার	বেশি	6
ফর	নেক্সট	6
মেয়াদ	বাড়াতে	6
জানতে	চায়	6
এর	নিয়ম	6
ফোনের	নাম	6
পাবো	ভাই	6
ইচ্ছা	না	6
করলে	কিভাবে	6
নাই	যদি	6
ঠিক	এই	6
আরো	একটু	6
করেন	তো	6
দেয়ার	সময়	6
ইউস	করলেই	6
না	লিখে	6
বলে	দিসি	6
আইডি	আর	6
পাস	চেঞ্জ	6
সব	মেনে	6
টা	পরে	6
অ্যান্ড	অনেক	6
হয়	যদি	6
আর	এটার	6
টা	খেলতে	6
এখনো	পাই	6
করেন	ব্র	6
জিটিএ	ভাইস	6
ইউজার	নাম	6
আপনি	এখানে	6
করেছি	কাজ	6
আমার	লেখা	6
বুঝে	যাবেন	6
থেকে	আলাদা	6
সিস্টেম	তো	6
কখন	দিবেন	6
লিংক	ও	6
দিলে	উপকার	6
পেমেন্ট	এর	6
জন্য	দেন	6
পোস্ট	কেমনে	6
জানেন	কি	6
তখন	আপনি	6
সব	পাবেন	6
লিংক	কেউ	6
অফ	থাকলে	6
বিটকয়েন	থেকে	6
নাই	থ্যাংকস	6
ভাই	এইগুলা	6
খেলতে	পারি	6
হলেও	চলবে	6
হয়	কেউ	6
কমেন্ট	করবো	6
ভাই	গুড	6
দেখুন	না	6
সবার	ই	6
দিয়ে	এর	6
ও	হয়না	6
হয়	অন্য	6
তবুও	শেয়ার	6
বাংলালিংক	এর	6
নিউ	মুভি	6
টা	গুগল	6
আমাদের	সবার	6
অ্যাপ	ওপেন	6
ওপেন	করলেই	6
চাইতে	ভালো	6
কি	হচ্ছে	6
এর	নাই	6
দিন	আগেই	6
ট্রাই	কইরা	6
ঘুরে	আসি	6
করছি	প্লিজ	6
কথাটি	বলা	6
এটা	রুট	6
যে	সকল	6
সকল	পোস্ট	6
একটা	আছে	6
থ্যাংকস	আপনাকে	6
আপনাকে	ও	6
রেকর্ড	হয়	6
করেন	রুট	6
না	এমনি	6
চেঞ্জার	দিয়ে	6
এটা	দিলে	6
অ্যাকাউন্ট	করে	6
অ্যাকাউন্ট	করলে	6
পারচেজ	করা	6
এর	কেউ	6
বাট	আমাদের	6
ভাই	আজ	6
নেট	চলছে	6
ডিলিট	করার	6
টা	কোন	6
এ	আগে	6
এখন	দেখেন	6
জন্য	ট্রাই	6
নেট	ইউস	6
কি	জানো	6
হচ্ছে	কয়েক	6
কিছু	হেল্প	6
সিস্টেম	দেন	6
আমাকে	খুব	6
থেকে	দেখতে	6
করলাম	তাও	6
একটা	জরুরি	6
কি	ফেসবুক	6
কি	অফার	6
আপনার	পরিবার	6
যে	কারো	6
তে	যা	6
কেউ	জানেন	6
বিবি	কোড	6
মেইল	করেন	6
এ	থাকা	6
চেঞ্জ	করবেন	6
আসতে	হবে	6
আপনাকে	বলি	6
অথর	কে	6
আপনার	নিজের	6
এটা	জাস্ট	6
ফর	ইউ	6
তে	একটু	6
তে	চলে	6
থেকে	যদি	6
কেন	আমার	6
আপনার	ধারণা	6
ভাইয়া	থ্যাংকস	6
করা	আর	6
কিছু	দেওয়ার	6
করলে	১	6
উনি	কি	6
আর	গুগল	6
নিতে	গেলে	6
কাজের	একটা	6
তাইলে	এই	6
১৫	তারিখ	6
টু	অল	6
কেন	করতে	6
অথর	হইলেন	6
তাদের	কাজে	6
লাগবে	তাই	6
আগে	ভালো	6
হয়	শুধু	6
দিয়ে	দিন	6
মেয়াদ	আছে	6
কপি	করলাম	6
ভাই	কল	6
যে	ভিডিও	6
করে	নিজ	6
করে	আপলোড	6
দিয়ে	পেমেন্ট	6
এরকম	হলে	6
ফর্ম	টা	6
সাজেস্ট	করবো	6
করতে	পেরে	6
টেলিগ্রাম	আইডি	6
রাউটার	এর	6
সাথে	কাজ	6
থেকে	আপডেট	6
একটা	প্রশ্ন	6
তারাই	পাবে	6
এগুলো	তো	6
পোস্ট	খুব	6
ভাই	রিপ্লাই	6
এখনও	আছে	6
ভাই	১৩	6
টাকা	পেলাম	6
চালু	হবে	6
এ	উইথড্র	6
উইথড্র	করা	6
পাগল	হয়ে	6
ভাই	কীভাবে	6
করতে	প্লিজ	6
ট্রাই	করছে	6
এ	গুড	6
কিভাবে	দেখবো	6
আপনার	ডিভাইস	6
খুব	প্রয়োজন	6
জানতাম	কিন্তু	6
হা	ব্রো	6
থেকে	ক্লাস	6
ক্লাস	শুরু	6
গুলো	ভালো	6
দিয়ে	কিন্তু	6
দেখি	কোনো	6
ক্রিয়েট	করলে	6
আর	কোথাও	6
নিয়ে	যদি	6
গেলে	আমার	6
কে	ভালো	6
করা	অ্যাপ	6
না	কোনটা	6
মাসের	জন্য	6
তো	ফোন	6
ভালো	থাকলে	6
আমি	স্মার্ট	6
আনইনস্টল	দিয়ে	6
জন্য	এবং	6
ভিডিও	করে	6
কিন্তু	সেই	6
নিচ্ছে	না	6
করিস	কেন	6
এখন	রেফার	6
পোস্ট	লিখবেন	6
ও	এই	6
১৯	টাকা	6
নিতে	চাইলে	6
ভুলে	যাওয়ার	6
এস	এ	6
টাকায়	১জিবি	6
না	এরর	6
করেন	কি	6
ট্র্যাক	করতে	6
দিন	ওয়েট	6
ব্যবহার	করবো	6
তো	পিসি	6
বেসিক	থেকে	6
কী	কী	6
ব্যবহার	করছি	6
নামে	একটা	6
বুঝিয়ে	বলবেন	6
লিংক	অ্যাড	6
আমাকে	ব্লক	6
সঠিক	জানি	6
ওই	ভাই	6
তো	দিলাম	6
দিলাম	এখন	6
আমাকে	তো	6
আমার	নেই	6
না	গুগল	6
সেটা	কিভাবে	6
তো	বুঝতে	6
কমেন্টের	জন্য	6
দেখায়	কিন্তু	6
ওয়াইফাই	অন	6
কোন	দোষ	6
আপনি	ও	6
ডাটা	অফ	6
পর	তুমি	6
এই	অ্যাপটা	6
হয়	সব	6
বলেছেন	ভাই	6
তাকে	আমার	6
আর	আগে	6
এ	কেমনে	6
বার	এর	6
কি	ব্যাকআপ	6
দুই	মাস	6
অন্য	ব্রাউজার	6
কিছু	শিখবো	6
আমি	কল	6
প্রিমিয়াম	ভিপিএন	6
বাট	এফবি	6
কিভাবে	বের	6
এগুলা	অনেক	6
খুঁজে	দেখেন	6
করেন	অথবা	6
সময়	পেলে	6
যাবে	একটু	6
ভিপিএন	ব্যবহার	6
আল্লাহ	আপনাকে	6
ব্রো	আগে	6
আগে	জানতাম	6
আমার	একটি	6
করুন	তারপর	6
কি	পাগল	6
করছি	আবার	6
ভালো	হয়নি	6
একাউন্ট	করলে	6
কি	কাজে	6
আমার	আসে	6
এই	মিয়া	6
মনে	রাখব	6
কল	রেট	6
স্মার্ট	কার্ড	6
ফোনের	জন্য	6
বেস্ট	ফোন	6
করো	প্লিজ	6
ফোনে	রুট	6
লিংকটা	দিলে	6
আমার	ললিপপ	6
ইউজারনেম	পাসওয়ার্ড	6
নাম্বারটা	দেন	6
হচ্ছে	আপনার	6
দোকান	আছে	6
আর	আর	6
করে	থাকলে	6
বেশি	দেয়	6
আমার	কেউ	6
করি	এখন	6
আর	ওই	6
ইনস্টল	হয়েছে	6
মজা	নাই	6
এয়ারটেল	ফ্রি	6
জানাবেন	আর	6
ঝামেলা	থাকে	6
চাই	কি	6
দিলে	আরও	6
লিংক	আর	6
একবার	করে	6
পেলাম	থ্যাংকস	6
পোস্টটা	ভালো	6
পোস্ট	এপ্রুভ	6
সবাই	বলে	6
ভাই	বিটকয়েন	6
বেস্ট	পোস্ট	6
বড়	ব্যাপার	6
কিছু	শিখলাম	6
কিনতে	কিনতে	6
বিষয়	কি	6
পাবো	একটু	6
কষ্ট	কইরা	6
আর	পেমেন্ট	6
সবাই	ডাউনলোড	6
আমাকে	ট্রেইনার	6
ইনস্টল	হবে	6
ট্রাই	করেছেন	6
পেন্ডিং	হয়ে	6
নষ্ট	হয়	6
টাকার	জন্য	6
করে	ট্রেইনার	6
টাকা	পাওয়ার	6
ওয়েট	ব্রো	6
কাকে	বলে	6
পারবেন	যদি	6
লিংক	দিবো	6
খুব	খুব	6
দিন	লাগবে	6
কিংগো	রুট	6
আগের	থেকে	6
থেকে	ইন্সটল	6
করছেন	না	6
আর	এসএমএস	6
পেজ	আসে	6
আপডেট	করার	6
কিভাবে	এটা	6
এই	প্রসেস	6
সিওসি	তে	6
ফোনে	কি	6
উনি	একটা	6
আচ্ছা	আপনার	6
আমার	পোস্টে	6
করবে	প্লিজ	6
পারলে	আপনার	6
দিন	ব্রো	6
৮	জিবি	6
একবারের	বেশি	6
দরকার	আপনার	6
ইন্সটল	দিলে	6
তার	ডাউনলোড	6
লিংক	কি	6
অন্য	যে	6
দেখেন	যদি	6
আইডি	কিনতে	6
আর	একটাও	6
আমার	মোবাইলে	6
রেডমি	৯	6
সে	কেমন	6
নিউ	তাই	6
আপনার	ফোনে	6
এই	জন্যই	6
বলেন	কি	6
অ্যাপ	এই	6
নেটফ্লিক্স	প্রিমিয়াম	6
জানে	আর	6
আপনার	ট্রিক	6
উঠবে	না	6
গুড	ভাই	6
অ্যাপ	এটা	6
করেন	ডাউনলোড	6
থাকলে	জানান	6
আপনার	উচিত	6
দিয়ে	চালানো	6
আপডেট	করেন	6
সাথে	আছেন	6
করেছে	এবং	6
চলবে	নাকি	6
শার্ট	পরে	6
আইডি	ছিল	6
ঈদ	মোবারক	6
থেকে	নিতে	6
সার্চ	করতে	6
যার	ফলে	6
না	দরকার	6
ভাই	মেসেজ	6
ঘৃণা	করি	6
সময়	খুব	6
হয়ে	ওঠে	6
তোমার	অনেক	6
এই	২	6
না	ডাউনলোড	6
করা	কোনো	6
চাই	কিন্তু	6
থ্যাংকস	শেয়ার	6
দিয়ে	স্ক্রিনশট	6
হতে	পারি	6
খুলতে	পারি	6
থার্ড	পার্টি	6
পারে	আবার	6
অনেকের	ভালো	6
করে	পোস্টটা	6
সিম্ফনি	আর১০০	6
অ্যাকাউন্ট	ভেরিফাই	6
আমার	বিরুদ্ধে	6
তারা	তো	6
টিভি	কোড	6
আর্ন	হবে	6
সাথে	আমি	6
ইনস্টল	দেয়ার	6
সার্ভার	চেঞ্জ	6
ভাই	ইংলিশ	6
কেন	আপনি	6
২০	ডলার	6
কি	জাস্ট	6
টাকা	দিবো	6
রেফার	এর	6
এর	পাশাপাশি	6
কি	বিদেশ	6
দিয়ে	সাইন	6
দিয়ে	লাভ	6
ভাই	অ্যাডমিন	6
এনে	দিতে	6
এখনো	ট্রাই	6
আপনি	কিসের	6
কিসের	লিংক	6
তা	জানি	6
নাম্বার	কিভাবে	6
একটু	পোস্ট	6
আগে	সার্চ	6
আপনার	ভিডিও	6
দিলে	সব	6
ট্রিকবিডি	ইউজ	6
আর	পিসি	6
না	করি	6
দিয়ে	এটা	6
ব্যাকআপ	করে	6
ইনস্টল	এর	6
আইডি	খোলা	6
এখন	রাজশাহী	6
না	বা	6
এ	ই	6
আর	স্পিড	6
পাওয়ার	সম্ভাবনা	6
বুঝিয়ে	বলুন	6
থাকতে	পারেন	6
পারলে	ভালো	6
টেম্প	মেইল	6
এ	আবার	6
নিজের	সাইটের	6
তার	আগে	6
একটু	যদি	6
তাকে	আর	6
দিছি	একসেপ্ট	6
নির্ভর	করবে	6
সম্ভব	হয়	6
যে	লিঙ্ক	6
শেয়ার	করতাম	6
বাট	আগে	6
আইডি	ব্যাক	6
থেকে	ইউস	6
করছে	নাকি	6
গো	অ্যাহেড	6
তাহলে	এর	6
নতুন	বের	6
ভাই	নাকি	6
আগে	তো	6
ফেসবুক	একাউন্ট	6
আমি	কাল	6
হিন্দি	ডাব	6
অফ	বার্থ	6
রিচার্জ	করে	6
করেন	পাবেন	6
করে	যান	6
ললিপপ	এর	6
কি	দেখে	6
না	দিয়া	6
এখন	আপনি	6
যা	তা	6
ফুল	টিউটোরিয়াল	6
টুলস	এর	6
জানি	তাও	6
সো	আমি	6
কম	দামে	6
বা	এর	6
হেল্প	করার	6
মা	কে	6
দেন	দেখি	6
তে	গেলে	6
টিপস	টা	6
সহ্য	হয়না	6
পেপাল	এর	6
হয়	কেন	6
মজার	কথা	6
কম	কি	6
বড়	পোস্ট	6
কিভাবে	স্ক্রিনশট	6
বিস্তারিত	বলবেন	6
ক্ল্যাশ	অফ	6
একটু	জানান	6
দেখি	আমার	6
পিসি	লাগবে	6
টাকা	পাইছি	6
ভাগ	ভাগ	6
দিয়ে	দিচ্ছি	6
কিছু	স্ক্রিনশট	6
অনলাইন	আর্নিং	6
নাইস	কমেন্ট	6
চেয়ে	আপনি	6
তো	দেখলাম	6
পয়েন্ট	পাবেন	6
টাকা	বিকাশ	6
জন্য	আজ	6
ভিজিট	করতে	6
অ্যাপ	তো	6
এটার	সমাধান	6
বুঝিয়ে	দেন	6
কোড	ও	6
ভাই	আনলিমিটেড	6
ওয়েট	করছি	6
হুম	অনেক	6
পাবো	কিনা	6
করে	সো	6
তো	জাস্ট	6
কোড	কপি	6
টিউটোরিয়াল	ভিডিও	6
ফ্রি	ইউজ	6
বিট	কয়েন	6
একটু	এফবি	6
মানের	পোস্ট	6
কাউকে	যদি	6
নাম্বার	কই	6
ক্র্যাক	ভার্সন	6
গুলা	রিভিউ	6
এ	দেখতে	6
দেখেন	এটা	6
করার	আগেই	6
ভাল	ছিল	6
ছিল	আমি	6
ব্রো	মোবাইল	6
বাসা	কই	6
করতে	গিয়া	6
বেশি	চিন্তা	6
অপেক্ষা	করব	6
১৮	টাকা	6
কোন	কাস্টম	6
বানায়	দিতে	6
প্লিজ	আপনি	6
কি	তোর	6
লেখক	কে	6
একটা	স্ক্রিনশট	6
দিয়া	ডাউনলোড	6
টাকায়	২	6
জানলে	একটু	6
তেমন	সুন্দর	6
এই	লিঙ্ক	6
বললে	ভাল	6
ডাউনলোড	অপশন	6
বলি	না	6
করে	আপনাকে	6
করতে	ইচ্ছা	6
থাকবে	কেন	6
এস	এস	6
অনলাইন	নাকি	6
অ্যাডমিন	রা	6
থাকে	ভালো	6
জন্য	ফ্রি	6
আপনি	দেখতে	6
করেন	দেন	6
দেন	যে	6
থিম	ডাউনলোড	6
কোনো	কোড	6
সাথে	এফবি	6
তে	কন্টাক্ট	6
স্ক্রিনশট	দিতে	6
১	সেকেন্ড	6
এ	১০০০	6
চ্যানেল	লিংক	6
এ	গেলেই	6
ইনভ্যালিড	দেখায়	6
পোস্ট	নাইস	6
ভাই	৩	6
দরকার	আমি	6
বলছি	আমার	6
সেট	রুট	6
এপ	ইউজ	6
এর	এপ	6
নেট	আর	6
আর	ট্রিক	6
আমার	লেনোভো	6
ফর	ইনফো	6
এ	রিপোর্ট	6
অনেক	কষ্টের	6
ম্যানেজার	এ	6
আমি	রাজি	6
ভাই	ললিপপ	6
যত	টুকু	6
ট্রিকবিডি	একাউন্ট	6
তে	আসতে	6
নাকি	নিউ	6
কিছু	হলেই	6
ওকে	নেক্সট	6
হতে	হলে	6
এ	খুঁজে	6
ছিল	যে	6
যে	এইটা	6
এইটা	শুধু	6
কোনো	টিপস	6
সার্চ	দাও	6
কার্ড	অ্যাড	6
খারাপ	মানুষ	6
ভাই	২	6
তো	বললেন	6
ব্রো	জাস্ট	6
৫	জিবি	6
ও	ইউস	6
আগেই	দেখছি	6
ই	বলে	6
জন্যই	তো	6
বিকাশ	এপ	6
পারে	কিনা	6
আপনি	জাস্ট	6
সব	হয়	6
সাথে	১	6
অপসন	আছে	6
ট্রাই	করসেন	6
চালু	করতে	6
করো	কেন	6
খারাপ	এর	6
তৈরী	করতে	6
প্রব্লেম	এ	6
ব্যাংক	এ	6
সাইজ	কত	6
আপনার	ফ্রেন্ড	6
আমার	সনি	6
দিন	তারপর	6
হেল্প	ব্রো	6
নিবো	কিভাবে	6
রাখতে	পারেন	6
বলসেন	ভাই	6
সব	ডিলিট	6
আমি	সিউর	6
সেগুলো	কি	6
গুগল	অ্যাড	6
উপর	ক্লিক	6
থ্যাংক্স	ইউসার	6
আরো	সহজ	6
এক	ই	6
ঠিক	বের	6
বিল্ড	প্রপ	6
কোনো	দরকার	6
ভাবে	রুট	6
ছাড়তে	চাই	6
খুঁজে	পেলাম	6
আপনার	আগে	6
ডাউনলোড	করসি	6
উপকার	হইতো	6
হমমম	ভাই	6
সিম	ই	6
লিখতে	পারিনা	6
আগে	করসি	6
টা	দিলাম	6
ফেইসবুক	লাইট	6
স্পিড	অনেক	6
করসেন	নাকি	6
কি	পিসি	6
ভার্সন	আছে	6
প্লেয়ার	দিয়ে	6
রাজশাহী	বোর্ড	6
এই	ধরণের	6
রকম	বাজে	6
গালি	দেওয়া	6
রাগ	করে	6
ব্রো	কেউ	6
একটা	কাজের	6
ব্রো	ফ্রি	6
কি	স্যামসাঙ	6
করেন	কেনো	6
ফোন	রিস্টার্ট	6
কার্ড	নাম্বার	6
ভাইয়া	কিছু	6
ছাড়া	কাজ	6
মানুষ	এত	6
হইলে	তো	6
এ	ট্রিকবিডি	6
এত	টাকা	6
গুলা	নিয়ে	6
কত	সুন্দর	6
যে	কপি	6
মোড	করে	6
শেষ	হইলে	6
জানানো	হবে	6
প্রব্লেম	হতে	6
আর	ভিপিএন	6
সম্পর্কে	ধারণা	6
এইটা	করে	6
কে	বললাম	6
অল	পার্ট	6
স্পিড	পায়	6
হবে	ট্রিকবিডি	6
দুই	টা	6
টা	আনইনস্টল	6
ইয়ার	থেকে	6
এই	এসএমএস	6
গেম	থেকে	6
প্রুফ	সহ	6
শিখতে	পেরেছি	6
গেসে	এখন	6
আমি	লিংক	6
কিন্তু	সব	6
কারণ	টা	6
নট	ইনস্টলড	6
ই	আসে	6
নিয়েন	না	6
নাকি	মোবাইল	6
তাড়াতাড়ি	দেন	6
সুবিধা	হয়	6
বেশি	হয়ে	6
ঢোকা	যায়	6
দিসে	ভাই	6
পোস্ট	করবা	6
রুট	এ	6
সল্ভ	করতে	6
পেমেন্ট	পাই	6
সরি	আমার	6
টেলিটক	সিম	6
ভাই	এপ	6
নিজের	মতো	6
ইয়ার্স	আগে	6
ফাইল	ওপেন	6
এখন	ফ্রি	6
প্রব্লেম	সলভ	6
থ্যাংক্স	বাট	6
ব্যালান্স	চেক	6
তোমার	ফোন	6
করে	নিয়েন	6
নাকি	ফোন	6
কিটক্যাট	এর	6
মনে	না	6
ভাবে	কথা	6
কথা	বল	6
তো	থেকে	6
আর	সাইট	6
করে	সে	6
কে	না	6
ডলার	উইথড্র	6
কিসু	না	6
উনার	পোস্ট	6
কানেক্ট	হয়ে	6
আমি	অ্যাডমিন	6
দিন	শেষ	6
করলাম	না	6
তারা	বলে	6
৬০	টাকা	6
ব্রো	রুট	6
করো	আমি	6
কি	থাকবে	6
থাকবে	বাট	6
দিয়ে	কত	6
এইটা	সবাই	6
প্রব্লেম	ভাই	6
আপনারা	যারা	6
দা	পোস্ট	6
টা	আরো	6
ডায়াল	ইন্টারনেট	6
নিউ	পেজ	6
এতো	বছর	6
কি	অরিজিনাল	6
ওয়ার্কিং	থ্যাংকস	6
আরেকজন	কে	6
পরে	আমার	6
মিয়া	এটা	6
সে	আগে	6
ভাইয়া	রা	6
করতে	গেলাম	6
মেইল	করলাম	6
চান	তারা	6
কেপিএন	টানেল	6
কমেন্ট	পরে	6
এর	ফুল	6
করতে	যাবেন	6
ইউ	ব্রাদার	6
তাদের	মা	6
ঠিক	হইছে	6
এ	এরকম	6
করছি	আমি	6
ভিপিএন	ও	6
লাগছে	তাই	6
অন্য	লিংক	6
এপ	ইউস	6
নিয়ে	বসে	6
হুম	আমিও	6
বাট	নিউ	6
নাম্বার	তো	6
সাহায্য	করবেন	6
দিয়া	ফ্রি	6
চলে	প্লিজ	6
প্যারালাল	স্পেস	6
এর	চ্যানেল	6
ফেইসবুক	এর	6
নক	দিন	6
এডিট	করলে	6
তাই	যারা	6
কোনো	কোনো	6
প্রিমিয়াম	সার্ভার	6
ব্রো	যদি	6
আগে	আনইনস্টল	6
মেসেজ	এর	6
সেম	প্রব্লেম	6
আর্ন	করবো	6
লিংক	দিচ্ছি	6
আমি	কাজে	6
এখন	আমাকে	6
এতটাও	ভালো	6
মতো	হয়	6
কি	দিবে	6
নাকি	এখন	6
করলে	ওই	6
সুপার	সু	6
মিয়া	এইটা	6
করলে	প্রব্লেম	6
বিকজ	আমি	6
এর	টাইটেল	6
না	ব্রাদার	6
করুন	আপনার	6
না	মেনে	6
সব	করসি	6
একটা	ফোল্ডার	6
আর	এইসব	6
সেটা	আমি	6
আমাকে	আপনার	6
২৮	দিন	6
অনলাইন	গেম	6
১৬	তে	6
বলেন	নি	6
ওহ	থ্যাংকস	6
ভালো	লেখা	6
কেনো	কি	6
সাথে	কোনো	6
হেল্প	করো	6
কমেন্ট	আর	6
পেয়ে	গেলাম	6
দেন	আমাকে	6
মানুষ	কি	6
নিউ	সার্ভার	6
সাইজ	টা	6
নাহ	ভাই	6
এন্ড	পোস্ট	6
কিছু	ভুল	6
ওই	নাম্বার	6
কথা	কাটাকাটি	6
ফালতু	কমেন্ট	6
সম্পর্ক	নাই	6
মাথা	ঠিক	6
ঢুকার	পর	6
পোস্ট	গুলাও	6
বন্ধ	সিমের	6
মতন	করে	6
তার	উপর	6
কি	থাকা	6
করতে	লাগবে	6
ভিডিও	হবে	6
হইতাছে	না	6
পাইসি	ভাই	6
আমার	প্রব্লেম	6
ওই	সব	6
জানলে	পোস্ট	6
কেন	করেন	6
গালি	খাওয়ার	6
ফটো	তে	6
জায়গায়	কাজ	6
আই	ডোন্ট	6
ডোন্ট	নো	6
উইজ	করতে	6
করে	ফাইল	6
একাউন্ট	করলাম	6
বাট	ইট	6
তার	তো	6
কে	এর	6
মেইল	দিবেন	6
অন	রেখে	6
চালু	করবো	6
টাকা	থাকে	6
হয়	ও	6
আমি	একটাই	6
হয়	তাইলে	6
কেউ	নাই	6
তার	ফোন	6
ব্রো	নাইস	6
বা	তার	6
প্লাগইন	ইনস্টল	6
যে	মেইল	6
আগে	একাউন্ট	6
যার	আইডি	6
কিভাবে	বলেন	6
পোস্ট	অফিস	6
বাট	অনেকেই	6
আছে	ঐটা	6
ঐটা	তে	6
ইনকাম	হয়	6
এর	পেমেন্ট	6
পেমেন্ট	পাইসেন	6
কে	ইমেইল	6
দিবো	কি	6
রিপোর্ট	করেন	6
নট	রোবট	6
এটা	ভাই	6
এমবি	রাখা	6
যদি	আমাকে	6
আবাল	এর	6
আইএমইআই	চেঞ্জ	6
এন্ড	প্লে	6
অফার	এ	6
তাই	সবাই	6
নিয়ম	টা	6
ভাইয়া	হেল্প	6
দাও	তো	6
কপি	কইরা	6
ভালো	পাবেন	6
চালাতে	পারেন	6
এপস	গুলো	6
দিয়ে	আনরুট	6
বিডিআইএক্স	স্পিড	6
লেখা	গুলো	6
করে	দেখবো	6
পর	যদি	6
কি	তা	6
আপনার	যদি	6
খরচ	করে	6
পোস্ট	খারাপ	6
মজা	পেলাম	6
টা	থেকে	6
লেখা	গুলা	6
টাকা	লাভ	6
এমবি	টা	6
ওয়েব	থেকে	6
পোস্ট	দিসি	6
ভাই	রেডমি	6
আমি	দেখি	6
হয়	তারপর	6
আইডি	গুলা	6
এটার	মানে	6
অনেক	নতুন	6
হলে	ক্ষমা	6
জয়েন	আওয়ার	6
ব্রো	তবে	6
একাউন্ট	ওপেন	6
কাষ্টম	রোম	6
ওয়ার্ডেপ্রেস	সাইট	6
ভালো	ভাবেই	6
তাই	করে	6
এখন	বলেন	6
তারা	সবাই	6
না	আইপি	6
হবে	ওইটা	6
করে	দিলেন	6
করবো	১	6
দিয়া	রুট	6
ও	আবার	6
বলুন	কিভাবে	6
জিপি	জিপি	6
তোর	বাপে	6
প্লিজ	এনসার	6
এক	কাজ	6
ইন	করে	6
যে	নাম	6
সার্চ	দিতে	6
নতুন	পোস্ট	6
থাকে	যে	6
যায়	তবে	6
লিংক	ভাই	6
আপনার	একাউন্ট	6
বি	কেয়ারফুল	6
রাখি	নাই	6
আজ	সকাল	6
গিফট	কার্ড	6
এডসেন্স	এর	6
সাইট	গুলা	6
বাট	মোবাইল	6
পোস্ট	ডিলেট	6
কিছু	থাকবে	6
পোস্ট	ঠিক	6
আপনি	এক	6
এক	কমেন্ট	6
ভেরিফাই	করার	6
যে	সিম	6
২	টার	6
মি	এফবি	6
পারিস	না	6
ওই	বেটা	6
৩	এর	6
করে	ফেলসি	6
ভাই	এন্ড্রোইড	6
এই	বই	6
একটা	রোম	6
করেন	অনেক	6
করে	নিলে	6
আপনি	আমাদের	6
কিছুই	আসে	6
একাউন্ট	দেন	6
পোস্টের	অপেক্ষায়	6
বোকা	না	6
পরে	তো	6
এফবি	প্রোফাইল	6
গেছে	তাই	6
তাই	দিতে	6
আপনার	কন্টাক্ট	6
অন্য	ভিপিএন	6
আর	স্ক্রিনশট	6
আপলোড	এর	6
মত	করে	6
ইন্সটল	করেন	6
আনইন্সটল	করতে	6
আগেই	দেখেছি	6
পারেন	একটু	6
এন্ড	আপনি	6
এন্ড	আমার	6
অন	করব	6
অনেক	ওয়েবসাইট	6
বাট	রিভিউ	6
কি	আগে	6
আমি	ফার্স্ট	6
ভাই	কেমনে	6
না	এটাই	6
লাগবো	নাকি	6
রিকুয়েস্ট	একসেপ্ট	6
মনে	করবে	6
মিনি	দিয়া	6
আপনি	শিওর	6
এডমিন	কে	6
কোন	সার্ভার	6
আমার	সাইটে	6
দেয়া	লিংক	6
জিবি	পাইছি	6
গরম	হয়ে	6
করতে	মন	6
করার	নেই	6
করি	ইউজার	6
২	এমবিপিএস	6
সেইম	প্রবলেম	6
র‍্যাম	এর	6
মেসেজ	দিচ্ছি	6
অ্যাকাউন্ট	ক্রিয়েট	6
থাকলে	বইলেন	6
হুম	আপনার	6
এখানে	ক্লিক	6
নাই	একটা	6
মাচ	ভাইয়া	6
থাকলে	আমাকে	6
ফরম	পূরণ	6
কোন	সিমে	6
না	আই	6
দেন	কি	6
কিছু	পেলাম	6
দরকার	হয়	6
না	দেয়া	6
আর	দরকার	6
আপনার	পিক	6
যায়	এন্ড	6
আসে	তাই	6
অ্যাপ	রিভিউ	6
ইউজার	প্লিজ	6
কি	এডসেন্স	6
লিঙ্ক	শেয়ার	6
বেটা	ভার্সন	6
মি	ইউজার	6
এখনো	এই	6
করে	দেব	6
বিটকয়েন	ওয়ালেট	6
কার্ড	এড	6
পোস্ট	ফর	6
লোড	হবে	6
কোন	দেশের	6
লিখতে	গেলে	6
আশায়	বসে	6
না	ইউটিউব	6
বাতিল	করা	6
দিয়ে	জয়েন	6
পিসিতে	কিভাবে	6
এখনো	পোস্ট	6
যারা	এসএমএস	6
পোস্ট	করেছে	6
যদি	দিতেন	6
তো	এর	6
আবাল	কোথাকার	6
অপশন	থাকে	6
কম	বাট	6
ডার্ক	মোড	6
না	জানা	6
জন্য	এর	6
আপনাকেও	থ্যাংকস	6
সবচেয়ে	জনপ্রিয়	6
বাই	সেল	6
আর	এত	6
হলে	অবশ্যই	6
হবে	এন্ড	6
লাভ	ট্রিকবিডি	6
হয়	বা	6
কেউ	ডাউনলোড	6
ট্রাই	করেই	6
দিয়ে	ইনস্টল	6
ইউজার	কি	6
কি	বেশি	6
আমার	কাছেও	6
ফাইল	দিতে	6
আবার	প্রথম	6
আসে	আবার	6
কত	মিনিট	6
আসে	ট্রিকবিডি	6
দিয়ে	আপলোড	6
এর	পাশে	6
ফুল	পার্ট	6
জেলা	থেকে	6
একটা	ওয়াইফাই	6
বের	করবেন	6
চলে	এন্ড	6
এন্ড	প্লিজ	6
ইনস্টল	দেয়া	6
স্পিড	কমে	6
শেয়ার	করছেন	6
কিছু	কমেন্ট	6
ফ্রি	কল	6
মানুষের	টাইম	6
বুঝতে	না	6
ব্রো	এরকম	6
নেম	দেন	6
লাগবে	ব্রো	6
পোস্ট	ব্র	6
অ্যাপ	নাই	6
অনেক	আইডি	6
শট	সহ	6
অ্যান্ড্রয়েড	১০	6
একটা	দিয়েন	6
বানিয়ে	দিতে	6
অ্যাপ	মেক	6
৪৫	টাকা	6
দিছি	ভাই	6
পোস্ট	সব	6
যদি	পাই	6
ভাই	জাস্ট	6
আমি	অ্যাপ	6
আগে	ডাউনলোড	6
এন্ড	পাসওয়ার্ড	6
হতেও	পারে	6
কোনটা	ইউজ	6
ফোনে	ইউজ	6
জন্য	অন্য	6
আইডি	একটিভ	6
অ্যাকাউন্ট	দিয়ে	6
দেখে	তো	6
পাবলিশ	করা	6
গেছে	তারা	6
বই	নিয়ে	6
লিখতে	পারিস	6
দিয়ে	দেন	6
হয়	আমাদের	6
ভালো	আছেন	6
আপনার	লেখার	6
বাট	সব	6
খুলে	বলুন	6
ভিপিএন	লাগবে	6
পায়ে	পড়ি	6
ওইটা	তো	6
তে	দেখেন	6
নেট	দিয়ে	6
সাথে	মিল	6
এইটা	আমি	6
টা	পাবো	6
তে	ইনবক্স	6
রাতের	পর	6
পর	রাত	6
স্টোরেজ	এ	6
তার	পাশে	6
ভাই	দিয়ে	6
ভাইয়া	আর	6
তো	কিভাবে	6
বিষয়ে	কি	6
আসে	যেটা	6
থেকে	কম	6
এগুলা	কিভাবে	6
একাউন্ট	করসি	6
যুগ	হবে	6
ভাই	বুট	6
আপনার	পাসওয়ার্ড	6
কেন	এত	6
রম	ফ্ল্যাশ	6
হুম	ওকে	6
পার্ট	এর	6
কোনো	অফার	6
না	তাঁদের	6
অন	হবে	6
তার	লিংক	6
তে	এসএমএস	6
কি	এর	6
কি	বললেন	6
কিংরুট	ইউজ	6
নোট	৭	6
নাইস	ভাই	6
ফেইক	পোস্ট	6
ভিডিও	বানানোর	6
ইন	শাহ	6
শাহ	আল্লাহ	6
থেকে	ওদের	6
ওবিবি	ফাইল	6
চাই	তোমার	6
মুভি	রিভিউ	6
হওয়ার	কারণে	6
প্রিমিয়াম	এ	6
একটুও	ভালো	6
প্রব্লেম	কি	6
টিউটোরিয়াল	চাই	6
এ	লিখা	6
কোথায়	থাকো	6
তো	ইউটিউব	6
আসলে	কিছুই	6
মিলিয়ে	তার	6
আমার	একটাই	6
একাউন্ট	লাগবে	6
জানাতে	পারেন	6
নিজের	লেখা	6
হতো	থ্যাংকস	6
ইউজ	করসেন	6
সাসপেন্ড	করে	6
সে	শুধু	6
পর্যন্ত	আমার	6
নাহ	প্লিজ	6
আপনার	মেইল	6
করে	ফোন	6
দোষ	কোথায়	6
দুইটা	পোস্ট	6
খারাপ	পোস্ট	6
একটা	চ্যানেল	6
গেছি	মনে	6
এ	গিয়া	6
কেনো	জানি	6
স্ক্রিনশট	টা	6
দেখা	হয়	6
রিমুভ	করা	6
দিছি	এখন	6
হচ্ছে	আপনি	6
পড়ে	গেল	6
নাম্বার	নাই	6
এন্ড্রয়েড	এর	6
কোন	বিষয়ে	6
কেটে	দিছে	6
এর	দিকে	6
মনে	হতো	6
এখন	এমন	6
বুঝিয়ে	বলেন	6
বাটন	এ	6
নেয়	না	6
হিসেবে	ব্যবহার	6
এর	এফবি	6
এই	সেটিংস	6
দেখে	বিয়ে	6
গেছে	অনেক	6
ভাই	ফুল	6
করার	অ্যাপ	6
তো	আসলে	6
ফুটবল	খেলায়	6
সোর্স	কোড	6
আমার	উপর	6
গেলে	তার	6
দেখুন	ভাই	6
আর	তা	6
আগে	নিজের	6
নিজের	দোষ	6
অন্যের	দোষ	6
দিলো	আমার	6
ঘুম	আসে	6
রিপ্লাই	দিবেন	6
ভালো	ছিলো	6
হলো	ট্রিকবিডি	6
পেমেন্ট	করতে	6
পোস্ট	করেছিলাম	6
এর	মেসেজ	6
তুলতে	হবে	6
পোস্ট	অ্যাপ্রুভ	6
আগে	সবাই	6
ও	আমাকে	6
অ্যাপ্স	এর	6
ডলার	হলে	6
অনেক	দূরের	6
কোনো	টাকা	6
দ্বিতীয়	বার	6
তুমি	এতো	6
স্যামসাং	মোবাইল	6
আজ	আর	6
আমি	শুনবো	6
এমনিতেই	আমার	6
না	পারে	6
নিউ	ইউজার	6
নিয়ে	ভেবে	6
ফ্ল্যাশ	ফাইল	6
লাগবে	নাহ	6
তাই	কমেন্ট	6
এসে	আমাকে	6
এফবি	ইউজার	6
আগেও	পোস্ট	6
আমি	ইউজার	6
টাকা	ধার	6
ছাড়া	বাকি	6
গুলা	ইউজ	6
কাছে	যেতে	6
চেষ্টা	করেছিলাম	6
এর	অপেক্ষায়	6
এর	প্রবলেম	6
করা	তো	6
হয়তো	আপনি	6
ইউডিপি	পোর্ট	6
করে	সাহায্য	6
হইয়া	গেলাম	6
কাজে	ইউজ	6
কাজ	নিয়ে	6
যদি	বলে	6
বললাম	আমি	6
১	পোস্ট	6
নিজে	অনেক	6
এই	মেইল	6
সময়	শেষ	6
বাইপাস	করার	6
আর্নিং	এর	6
গুলো	অনেক	6
আজকে	দুপুরে	6
কি	কম্পিউটার	6
যারা	যারা	6
তোমাদের	জন্য	6
একটি	ভালো	6
এড্রেস	টা	6
তার	ই	6
হলেই	সব	6
দেখা	হলেই	6
আগে	ঘুম	6
সর্বনাশ	হয়ে	6
বিয়ের	আগে	6
করে	থেকে	6
রাখবেন	আপনার	6
কখনো	দেখি	6
অনুরোধ	রইলো	6
কোন	কথাই	6
পড়ে	গেছি	6
কিছু	করেও	6
এ	বেস্ট	6
করছে	তা	6
ফেলতে	চাই	6
অ্যাকাউন্ট	এর	6
পালন	করব	6
এটা	নিয়া	6
উনার	কাছে	6
একটা	কোশ্চেন	6
থেকে	এটা	6
ধরে	শুধু	6
সবার	মাঝে	6
খুশি	করে	6
এরকম	কথা	6
তা	ছাড়া	6
তে	কোনো	6
না	চোখ	6
যতদিন	এই	6
পড়ে	অনেক	6
আর	লাগবে	6
পাশে	থাকা	6
ফোন	করে	6
রিভিউ	দিয়েন	6
খুব	টেনশনে	6
টেনশনে	আছি	6
আমি	সকাল	6
হয়ে	কিভাবে	6
এ	সময়	6
ভাবে	বুঝাতে	6
কমে	যাবে	6
ডিলেট	করে	6
যদি	তার	6
ভুল	করেছেন	6
২৮	বছর	6
হতো	কিন্তু	6
দিয়ে	বলে	6
অল্প	সময়	6
আমি	ঠিকই	6
ক্লোন	করে	6
করলাম	সবকিছু	6
মানে	তো	6
সব	মানুষের	6
শুরু	করেছি	6
স্ক্রিনশট	কিভাবে	6
হয়েছে	এবং	6
আমি	ওর	6
ভাই	কোথায়	6
আজকে	অনেকদিন	6
করতে	আসে	6
কথা	বলবা	6
বলবা	না	6
তবুও	আমি	6
লেখার	ধরণ	6
আমি	সবাইকে	6
হয়ে	গেলেন	6
কথা	সবাই	6
ব্যবহার	করতাম	6
নাম	জানি	6
দিবো	আর	6
নামাজ	কালাম	6
বোকা	হয়ে	6
ঠিক	আর	6
প্রথম	কথা	6
ফাইল	ছাড়া	6
করবো	ক্যামনে	6
তুমি	এখানে	6
বলবো	না	6
বলুক	এটা	6
কল	দিয়েন	6
এখনো	ভালো	6
আমি	ব্রাজিল	6
ফ্যামিলি	থেকে	6
এ	যাওয়ার	6
যাওয়ার	অনুমতি	6
কিছুদিন	পরেই	6
এসএমএস	দিয়ে	6
আমি	অলরেডি	6
প্লিজ	সিম্ফনি	6
কি	মারা	6
কেউ	কেউ	6
পাইনা	কি	6
খরচ	লাগে	6
সবকিছু	ঠিকমতো	6
তুমি	কোথায়	6
সে	কিভাবে	6
এর	বয়স	6
করছো	না	6
কোন	ক্লাসে	6
কয়েক	বছর	6
এ	ভুল	6
করবেন	কিন্তু	6
কি	পরীক্ষা	6
না	করো	6
পর	আপনাকে	6
প্রশ্নের	সঠিক	6
সঠিক	উত্তর	6
বলে	তার	6
আর	ভয়	6
আমি	বার	6
কী	যে	6
মানে	আমাকে	6
২০০৭	সালে	6
দোষ	নেই	6
নেবে	না	6
কি	করবা	6
ছোটো	ভাই	6
টাকা	আমার	6
তাইতো	আমি	6
বড়	ভুল	6
এটি	অনেক	6
করে	যা	6
যা	বলার	6
তাকে	আমি	6
বলে	বুঝাতে	6
বুঝাতে	পারবো	6
এত	বড়ো	6
পড়তে	ইচ্ছা	6
আসে	তার	6
অনেক	গান	6
এ	নেয়া	6
আমার	ভাল	6
নি	আমি	6
আমার	পকেট	6
সে	নাকি	6
মত	হতে	6
তো	কী	6
আমার	প্রতি	6
নেই	এই	6
কিছু	করছি	6
এতো	কথা	6
কতটা	খারাপ	6
মাঝে	একটা	6
দেখা	হয়ে	6
ফোন	কেটে	6
ছাড়া	ভালো	6
ভাববেন	না	6
আমি	আরও	6
দেখি	ততবার	6
হয়	যাতে	6
জন্য	বাংলাদেশ	6
যখন	তুমি	6
জন্য	যে	6
এই	সেই	6
করেন	যেন	6
একটি	কথা	6
আগে	আমাদের	6
হয়	জরুরি	6
ও	লাভ	6
মারা	গেলো	6
তা	জানিনা	6
অনেক	হাসি	6
যা	হলো	6
দেখতে	পাচ্ছেন	6
বসে	থাকবে	6
ভাইয়া	সব	6
ভয়	পাচ্ছে	6
আরো	ভাল	6
কি	আপনাকে	6
ভর্তি	হয়ে	6
তেমন	কেউ	6
চেয়ে	আমার	6
প্রথম	৩	6
না	পাওয়া	6
ঝাল	মুড়ি	6
মত	তেমন	6
পাইতে	হলে	6
যাবো	না	6
গেলাম	তো	6
গুলা	কই	6
পোষ্ট	করছি	6
মি	টিউনার	6
ডিফেন্স	এর	6
সিম্ফোনি	ভি৭৫	6
তুমি	চাইলে	6
জানাবো	কিভাবে	6
এটাও	বলেন	6
এমনি	খারাপ	6
খারাপ	কথা	6
তার	জন্যে	6
পড়তে	আমার	6
পাওয়া	খুব	6
করেছি	যে	6
তার	যোগ্য	6
গুলো	আমাকে	6
ও	কথা	6
গুলো	নিয়ে	6
দিতে	ভালো	6
রাগ	করি	6
সকালে	আমি	6
শুধু	আমাদের	6
এসে	শুধু	6
দেওয়া	হলো	6
এখন	কথা	6
চান	না	6
বাংলাদেশ	সার্ভার	6
নি	যে	6
হয়ে	গিয়েছে	6
কথা	কয়	6
এই	দুই	6
এর	মাঝখানে	6
খুব	করে	6
না	সঠিক	6
এটা	শুনে	6
কয়টা	বাজে	6
আজ	অনেক	6
অবশ্যই	আপনি	6
সবাই	এক	6
কোথাও	আমি	6
থেকে	তারা	6
এই	দুনিয়াতে	6
কিন্তু	বড়	6
বুঝে	গেছি	6
আমি	ওদের	6
কি	কর	6
তুমি	বুঝো	6
করেন	যা	6
মানুষ	কোনো	6
এমন	কাজ	6
কোনো	খেলা	6
শেষ	বার	6
বুঝে	উঠতে	6
আমি	সবসময়	6
চিনতে	পারলাম	6
সব	শুনে	6
তুমি	বলছো	6
ছোট	খাটো	6
আমি	ক্ষমা	6
টা	শুনে	6
আমি	বেঁচে	6
এতে	যদি	6
আপনি	বেঁচে	6
আরেক	টু	6
কেউ	বুঝে	6
আইডি	তা	6
ভাই	দুই	6
কোন	ইচ্ছা	6
কথা	হয়েছে	6
দুনিয়া	তে	6
সে	না	6
প্রথমে	আপনাকে	6
বলছে	আমি	6
হয়ে	আসলেই	6
রাখবে	না	6
হয়ে	গিয়ে	6
কেমন	জানি	6
আমাদের	এলাকায়	6
তাই	করতে	6
আমি	বলে	6
হাত	ব্যাথা	6
নিজের	জীবন	6
তখন	আমার	6
আপনাকে	কিভাবে	6
মত	হয়ে	6
কেউ	থাকলে	6
লাগলো	আপনার	6
আমার	মাঝে	6
ঢুকতে	পারে	6
জন্য	তোমাকে	6
করে	তুমি	6
আমি	বলব	6
বলব	আপনি	6
তাকে	ভালো	6
তো	মানুষের	6
আমার	বিষয়	6
যে	ও	6
আমার	মধ্যে	6
তার	ঠিক	6
কাউকে	দোষ	6
কারণে	আমার	6
পর	যা	6
কিছু	জানে	6
আলোচনা	করার	6
তাই	জন্য	6
নিষেধ	করে	6
কথা	শোনে	6
উপর	দিয়ে	6
তো	এলোমেলো	6
শিখতে	পারবে	6
আমার	এসব	6
অনেক	কঠিন	6
তা	দিয়ে	6
সতর্ক	হবে	6
রাখলেই	তো	6
জানি	তুমি	6
করা	নয়	6
নয়	আমাকে	6
আমি	এতো	6
মনে	রাখতে	6
ছিলাম	আর	6
এটা	দেখে	6
ছাদের	উপর	6
প্রাথমিক	বিদ্যালয়	6
গ্রহণ	করে	6
ছড়িয়ে	পড়ে	6
অর্থ	আছে	6
পড়াশোনা	করেন	6
অন্যতম	জনপ্রিয়	6
এ	ইউনিয়নের	6
বিয়ের	আয়োজন	6
পাশ	করেন	6
অপরের	প্রেমে	6
এবং	পরে	6
হয়	যা	6
ডিগ্রি	লাভ	6
জাতীয়	দলের	6
কখনও	কখনও	6
এবং	আরো	6
গোল্ডেন	গ্লোব	6
পরিচালনা	করে	6
চরিত্রে	অভিনয়	6
জয়লাভ	করেন	6
২০১৫	সালে	6
২০১৪	সালের	6
ঘটনা	ঘটে	6
সৃষ্টি	হয়	6
স্ত্রীকে	নিয়ে	6
করা	এবং	6
মধ্য	দিয়ে	6
ছোটবেলা	থেকে	6
খেলায়	অংশ	6
মার্কিন	যুক্তরাষ্ট্রের	6
বলে	ঘোষণা	6
একটি	সম্পূর্ণ	6
বিজ্ঞান	ও	6
অন্যতম	সদস্য	6
এবং	অন্যান্য	6
বিবেচনা	করা	6
বাসা	থেকে	6
চট্টগ্রাম	জেলার	6
পান	করে	6
বিশ্বকাপ	জয়	6
একসাথে	বসে	6
২০১১	সালের	6
ধর্ষণ	করে	6
করে	বললেন	6
প্রকাশ	করা	6
তিনি	ছিলেন	6
মোস্তফা	কামাল	6
স্বামী	এবং	6
পরিবার	থেকে	6
সন্ধান	পাওয়া	6
অনেক	বন্ধু	6
কারণ	তার	6
আশা	করছে	6
হয়ে	পড়েছে	6
২০০৩	সালে	6
উপর	ভিত্তি	6
জন্য	দেশে	6
২০০৯	সালের	6
সাথে	ও	6
পরাজিত	করে	6
প্রধান	নদী	6
আরও	একটি	6
বছরের	জন্য	6
বাধ্য	হয়ে	6
থেকে	আসার	6
পানি	পান	6
গঠিত	হয়	6
২০০৮	সালে	6
প্রায়	দেড়	6
জানানো	হয়	6
চিন্তা	করা	6
খেলায়	অংশগ্রহণ	6
থেকে	যখন	6
বহন	করেন	6
সৃষ্টি	করতে	6
বৃদ্ধি	পায়	6
কাছে	হেরে	6
হেরে	যায়	6
তাঁর	সাথে	6
খেলাধুলা	করতে	6
রান	তুলেন	6
কয়েকজন	লোক	6
পাথর	দিয়ে	6
আরো	বলে	6
এলাকার	মানুষের	6
হালকা	পাতলা	6
স্ত্রী	তার	6
করে	খেলে	6
এই	কাজের	6
করতে	চাচ্ছে	6
ঠিক	তখনই	6
তার	অন্য	6
১৯৫৩	সালে	6
একটি	পুকুর	6
প্রতি	দুর্বল	6
নদীর	ধারে	6
বাইরে	চলে	6
ব্যয়	করতে	6
সাদা	রঙের	6
বর্তমান	প্রধানমন্ত্রী	6
পালন	করছেন	6
কর্মরত	ছিলেন	6
গ্রামে	এক	6
থেকে	তাড়াতাড়ি	6
চিৎকার	দিয়ে	6
শরীর	থেকে	6
মা	সব	6
ও	প্রশান্ত	6
সে	কোন	6
পরিবার	অনেক	6
দাবি	করেছিল	6
হাজার	বছর	6
সরকারি	কর্মকর্তা	6
নদী	বাংলাদেশের	6
স্বামীর	প্রতি	6
রাস্তার	মাঝে	6
১৩	বছর	6
থেকেই	আলাদা	6
ভাবে	খুব	6
তাঁর	এই	6
এই	দিনে	6
ভালো	লাগত	6
আরও	দুই	6
অভিনয়	করতে	6
যাতে	তার	6
পর্যন্ত	এই	6
থেকে	সরে	6
ব্যস্ত	সময়	6
কিন্তু	কিছুদিন	6
সপ্তাহের	মধ্যে	6
অভিনয়	শুরু	6
একদিন	নদীর	6
সিদ্ধ	করে	6
মুখে	মুখে	6
সকাল	বেলা	6
বিপদ	বলে	6
কার	বউ	6
চোখের	সামনে	6
হচ্ছে	মাছের	6
করেছেন	তিনি	6
বরের	বাড়ি	6
চাকরি	করেন	6
মনে	হয়েছিল	6
খাওয়ার	জন্য	6
খেলার	মাঠ	6
এক	প্রকার	6
ডিসেম্বর	মাসে	6
ফুটবল	খেলোয়াড়	6
ফুটবল	ক্লাব	6
উপস্থিত	হতে	6
অপর	নাম	6
বাইরে	গিয়ে	6
১৯	বছর	6
কোন	কাজে	6
এই	সিনেমা	6
পড়তে	হবে	6
খুব	জনপ্রিয়	6
ঘন্টা	ধরে	6
হলুদ	রঙ	6
আমার	পাশে	6
একজন	লোক	6
মাত্র	এক	6
খুব	কষ্টকর	6
বাংলাদেশের	বর্তমান	6
শেখ	হাসিনা	6
আমাকে	পছন্দ	6
প্রতি	তার	6
১৪	টি	6
আবার	তাদের	6
করার	ব্যাপারে	6
জয়	করা	6
সাধারণ	মানুষের	6
তিনি	কোন	6
এগিয়ে	চলার	6
সন্দেহ	নেই	6
দিয়ে	তার	6
হয়ে	গেলেও	6
বিদ্যালয়	থেকে	6
অপেক্ষা	করে	6
জন্য	সময়	6
ভাত	খেয়ে	6
জড়িয়ে	আছে	6
গড়ে	তুলতে	6
মধ্যে	এক	6
বছরের	একটি	6
স্বপ্নের	মধ্যে	6
জীবন	বদলে	6
থাকতেই	পারে	6
থাকতে	চায়	6
আমার	খারাপ	6
দেখেছি	সে	6
নিজেই	অনেক	6
আমি	যেতে	6
১৫	দিনের	6
কীভাবে	হয়	6
আমি	দেখেছি	6
নেই	বলে	6
অনেক	চালাক	6
মনে	নেই	6
আবার	ও	6
ওর	নাম	6
তো	হেরে	6
ভালো	একজন	6
একজন	ডাক্তার	6
গুলো	তে	5
সিলেক্ট	করে	5
করে	সেভ	5
সফটওয়্যার	আছে	5
দেখতে	দেখতে	5
পেপাল	থেকে	5
টাকা	নেওয়া	5
ব্লগার	দিয়ে	5
এ	আসতে	5
এর	ফার্স্ট	5
বড়	কথা	5
তাহলে	মনে	5
করবেন	যে	5
করলে	ব্যান	5
কি	জিনিস	5
তো	এমনিতেই	5
পিএইচপি	স্ক্রিপ্ট	5
ব্যাকগ্রাউন্ড	এর	5
নাই	হেল্প	5
কি	দিব	5
কাজ	করবেন	5
দিলে	হয়	5
বা	ভিডিও	5
নবীজির	মানব	5
মানব	সভ্যতা	5
মানুষ	জান্নাত	5
জান্নাত	জাহান্নামে	5
কিভাবে	খেলবো	5
নিয়ে	খুব	5
হওয়া	যাবে	5
অফার	পাবো	5
এমবি	পাবো	5
টাকার	মধ্যে	5
লাগলে	বলেন	5
সময়	ধরে	5
কিনা	আর	5
ইনকাম	করে	5
হেল্প	হবে	5
কোড	চায়	5
গিয়ে	দেখুন	5
তারা	পোস্ট	5
ইন্সটল	করলেই	5
আর	জীবনেও	5
চেস্টা	করবো	5
করে	কোন	5
কোনটা	থেকে	5
পেইড	ভার্সন	5
এ	এ	5
গিভ	মি	5
পেপাল	তো	5
হওয়ার	কারণ	5
এরকম	হয়	5
দিয়ে	নাকি	5
ডাউনলোড	কি	5
এ	অপশন	5
আগেই	করেছি	5
এ	ছিল	5
হোক	না	5
টা	অ্যাপ	5
ভুল	আর	5
পাগল	এর	5
ল্যাপটপ	এর	5
খুলছি	বাট	5
বাট	কিছুই	5
আর	পেপাল	5
আইডি	ও	5
লাগলে	এফবি	5
আসেন	এফবি	5
হলে	ট্রাই	5
আমি	ট্রিক	5
এর	শেষ	5
পোস্ট	নাই	5
দেখার	কোন	5
টা	তাড়াতাড়ি	5
করতে	মানা	5
যায়	অনেক	5
কোন	ক্ষতি	5
আবুল	পোস্ট	5
করে	দেখ	5
ট্রিকবিডি	অ্যাডমিন	5
আপলোড	দেয়া	5
ওয়াইফাই	না	5
লিখে	ভালো	5
হত	ভাই	5
আমার	পিছি	5
টা	পারলে	5
সেটা	দিয়ে	5
টেস্ট	করি	5
ফোন	কে	5
এখন	আপডেট	5
জাস্ট	১	5
যাদের	ফোন	5
মেথড	এ	5
টা	লিংক	5
ক্লিয়ার	করেন	5
আমার	এ	5
কি	১০	5
আমার	কয়েনবেস	5
এমন	অ্যাপ	5
সবার	এ	5
এর	অভাবে	5
অ্যাপস	আসে	5
বা	পোস্ট	5
কোর	প্রসেসর	5
হেল্প	আপনার	5
আপনার	অ্যাপ	5
থ্যাংকস	এই	5
অপেক্ষায়	ছিলাম	5
কি	কাস্টম	5
তো	বাট	5
যদি	ও	5
রোম	এ	5
টা	জিপ	5
আপলোড	করলে	5
আবার	নেট	5
নক	করছি	5
টা	কানেক্ট	5
করলে	তা	5
কিছু	ডিলিট	5
করা	বা	5
আমার	হুয়াওয়ে	5
জাভা	অ্যাপ	5
আগে	ও	5
পোস্ট	করেছিল	5
কিছু	বাট	5
চালু	করার	5
চরম	পোস্ট	5
অন্য	পোস্ট	5
কেমনে	হেল্প	5
অ্যাড	রিমুভ	5
না	রুট	5
নন	রুট	5
পাইছি	ভাই	5
এডিট	এ	5
ভাইয়া	ভিডিও	5
ভিডিও	এম্বেড	5
অথর	করুন	5
ও	ভুল	5
আর	করবো	5
ও	করেছি	5
মোড	অ্যাপ	5
ইউটিউব	দেখে	5
নিউ	ভিপিএন	5
যদি	সব	5
এর	দেওয়া	5
আছে	ওইটা	5
বাকি	সব	5
নিয়ে	আগে	5
হলিউড	মুভি	5
বিক্রি	করবেন	5
অনুযায়ী	কাজ	5
করে	ফেলছি	5
খারাপ	নাকি	5
ওয়েট	করে	5
আসসালামু	আলাইকুম	5
রিচার্জ	এ	5
এ	মেয়াদ	5
নেভিগেশন	বার	5
জানলে	জানাবেন	5
সেটিং	এর	5
৪জি	তে	5
তে	ডাউনলোড	5
নক	দিসি	5
তো	ওপেন	5
বাট	ফ্রি	5
ইয়ার	এ	5
তাইলে	তো	5
তো	আমিও	5
সিম	কোম্পানি	5
কোন	ভাবে	5
ডিজাইন	করে	5
এটা	সমাধান	5
দিছি	তাও	5
ও	পাই	5
ব্রাউজ	করে	5
সব	এ	5
তো	পাওয়া	5
আরেক	টা	5
কিভাবে	এডিট	5
টা	নাকি	5
হবে	মাই	5
ভালো	লিখছেন	5
শুরু	করার	5
খুলতে	চাই	5
এরা	কি	5
ট্রিক্স	টা	5
তে	আসো	5
করেন	ওর	5
এ	হেল্প	5
পোস্ট	কোন	5
না	বললে	5
ইউটিউব	সার্চ	5
ইউস	এর	5
ইটস	ওকে	5
মডেল	টা	5
জন্য	করা	5
আপডেট	দিতে	5
এ	থেকে	5
দিয়ে	দিসি	5
পোস্ট	নেক্সট	5
লাইক	দিয়ে	5
সলভ	করে	5
থাকলে	আর	5
এপিকে	ফাইল	5
সাজেস্ট	করুন	5
দিয়ে	বিকাশ	5
একই	প্রবলেম	5
ঢুকে	না	5
তো	খুঁজে	5
ভাই	১০০	5
আর	দেয়	5
নিজের	রেফার	5
হয়ে	থাকেন	5
তে	সব	5
বাট	পেন্ডিং	5
নাই	গুগল	5
ভাই	আপডেট	5
রিপ্লাই	দিয়েন	5
করবো	বুঝতে	5
দিসি	প্লিজ	5
এ	পিক	5
দেয়ার	সিস্টেম	5
সিস্টেম	চালু	5
টা	ভাই	5
টিউনার	হয়ে	5
পোস্ট	আপ্রুভ	5
আর	এমন	5
কে	অথর	5
অথর	বানায়	5
এর	মুভি	5
দিয়ে	আনলিমিটেড	5
প্লিজ	ট্রেইনার	5
ওয়ে	কি	5
যে	গেম	5
নাম	লিখে	5
নিজে	বানিয়ে	5
খুলে	দিতে	5
তো	বলেন	5
এ	এমন	5
অবস্থায়	ফিরে	5
কাল	কে	5
এইটা	আবার	5
আপনার	মতে	5
পাসওয়ার্ড	দিয়ে	5
টাকা	লোড	5
কতো	টাকা	5
নাই	আবার	5
দেখেন	সব	5
কেউ	এই	5
ইউস	কইরেন	5
যদি	এটা	5
আমার	অ্যান্ড্রয়েড	5
আর	যা	5
কোয়ালিটি	কেমন	5
সময়	এর	5
আসুস	এর	5
দেখাতে	পারেন	5
আর	একবার	5
মোড	আছে	5
থেকে	রক্ষা	5
ট্রাই	করেছিলেন	5
ইন্সটল	দিব	5
এ	পাইসি	5
ঐ	খানে	5
অন্য	জিমেইল	5
সিম্ফনি	এইচ১২০	5
হ্যাক	সিস্টেম	5
২	টাকা	5
টাকা	আর	5
কথা	হবে	5
বাট	ঐ	5
থেকে	রিকোয়েস্ট	5
তখন	তো	5
দিয়ে	খেলতে	5
দেখতে	পান	5
কি	লেখা	5
সেটা	বললে	5
ফায়ার	এর	5
৭	দিনে	5
আমাকে	আরেকবার	5
কথা	দিচ্ছি	5
থেকে	এর	5
করলেন	ভাই	5
থ্যাংকস	নাইস	5
এইসব	ফালতু	5
এলাও	করে	5
দিয়ে	প্লিজ	5
সো	প্লিজ	5
টার	ডাউনলোড	5
দেন	ভাইয়া	5
এ	লাইক	5
দিয়ে	ফ্রী	5
টাকা	তে	5
জিপি	ফ্রী	5
তারপর	এই	5
কেউ	একজন	5
তারা	এই	5
আপনি	যখন	5
তখন	থেকে	5
থেকে	আপনাকে	5
ফেসবুক	থেকে	5
এনিওয়ে	থ্যাংকস	5
তে	ম্যাসেজ	5
সেল	দিয়ে	5
দিয়ে	খুব	5
এটা	মোবাইল	5
আর	যাদের	5
কোর্স	আছে	5
ভার্সন	হবে	5
রেফার	ছাড়া	5
এ	লাভ	5
৫	ডলার	5
ফাউন্ড	আসে	5
একটা	সিম্ফনি	5
তো	লিংক	5
ছাড়া	লিংক	5
দিতে	পারছিনা	5
আইডি	দেয়া	5
পোকো	এম৩	5
না	মেবি	5
ভাইয়া	রবি	5
এর	ফ্রী	5
তাহলে	আরো	5
ঢুকতে	পারি	5
করার	অনেক	5
অনেক	ইচ্ছা	5
এর	ট্রায়াল	5
টা	অন	5
দিয়ে	আগে	5
বাকি	গুলো	5
অন্য	ফোন	5
খুলা	যাবে	5
তুই	এখানে	5
আর	কোড	5
অন্য	দেশে	5
করবো	ভাইয়া	5
কোন	সময়	5
তুলবো	কিভাবে	5
নাই	ভালো	5
ইগনোর	করবেন	5
আমার	এয়ারটেল	5
দিসে	আর	5
ক্রোম	দিয়ে	5
অফ	করার	5
না	এরকম	5
কোন	মুভি	5
দিছি	কিন্তু	5
এ	মেসেঞ্জার	5
লগইন	করলাম	5
এটার	কাজ	5
লাগে	আমি	5
ব্র	আমি	5
বলবেন	আপনার	5
হয়েছে	এই	5
টা	দেওয়ার	5
লোড	নিয়ে	5
টা	খারাপ	5
তাহলে	কিভাবে	5
পাবো	এই	5
রোম	ইন্সটল	5
দেওয়ার	দরকার	5
থাকলে	হেল্প	5
ব্লক	হবে	5
করেন	আমাকে	5
পোস্ট	কেরি	5
আবাল	চুদা	5
না	তাইলে	5
সার্চ	অন	5
ভাই	ফাইল	5
বুঝার	জন্য	5
ফেসবুক	প্যাক	5
আপডেট	আসছে	5
রোম	নিয়ে	5
টা	চেক	5
বাট	কানেক্ট	5
ভাই	আমারো	5
জানি	অনেক	5
করছি	তাও	5
পোস্ট	টাইটেল	5
কপি	হলেও	5
টি	অনেক	5
অনেক	কথা	5
টিউনার	বানাবেন	5
করতে	পারতেছিনা	5
উপকৃত	হইতাম	5
যদি	ডাউনলোড	5
পোস্ট	কে	5
সব	বুঝলাম	5
দেখতে	পারে	5
এরর	কোড	5
না	সাইট	5
খুব	বাজে	5
আর	এফবি	5
বেসিক	এ	5
কমেন্ট	করছে	5
মেসেজ	টা	5
সম্পর্কে	কিছু	5
এই	লেখা	5
করে	কানেক্ট	5
ব্রাউসার	ইউস	5
পেজ	অ্যাড	5
শো	না	5
আমি	গেম	5
সমস্যা	হয়েছে	5
করছেন	তো	5
একটা	রিভিউ	5
সামনে	আরো	5
গুলা	ঠিক	5
কিছু	এ	5
হবে	অ্যান্ড	5
ওদের	কাছে	5
আপনাকে	অথর	5
ভিডিও	আসে	5
ব্রো	ইউটিউব	5
এ	করসি	5
পোস্ট	কেউ	5
হইলেন	কিভাবে	5
করা	যাবেনা	5
ট্রিকবিডি	অনেক	5
আইডি	দেওয়া	5
জিপি	রবি	5
কোনো	কারণ	5
সব	ভার্সন	5
লাগবে	আমাকে	5
আওয়ার	ধরে	5
ধরে	পোস্ট	5
সাজেস্ট	করেন	5
নিয়ে	কেউ	5
হয়	প্রব্লেম	5
সাইনআপ	করতে	5
না	তারপর	5
একাউন্ট	খোলার	5
করে	নতুন	5
প্লিজ	এর	5
সেন্ড	মানি	5
টা	পড়ে	5
বানাবেন	না	5
বানাতে	হবে	5
কাজ	গুলো	5
অন্যের	পোস্ট	5
এ	সেট	5
একটা	ডোমেইন	5
করলে	ডাটা	5
টিউটোরিয়াল	লিংক	5
ভাই	রিকোয়েস্ট	5
স্কুল	এর	5
পোস্ট	আগেও	5
এ	সেন্ড	5
দিলে	বলে	5
এরকম	করে	5
না	পড়ে	5
ব্রো	চালিয়ে	5
বোর্ড	চ্যালেঞ্জ	5
এর	রেজাল্ট	5
পাস	কি	5
দেখেন	তারপর	5
ব্রো	রবি	5
থাকলে	সেটা	5
সম্পর্কে	জানতে	5
থেকে	১৫	5
ভালো	রম	5
ইউজার	থ্যাংকস	5
বন্ধ	করা	5
চালু	করা	5
এক্সট্র্যাক্ট	করে	5
এই	ব্যাপারে	5
বাট	হয়	5
জটিল	পোস্ট	5
তাহলে	কমেন্ট	5
ই	কি	5
হুম	কি	5
মাস	থেকে	5
শুরু	হবে	5
করে	লেখার	5
পারি	কিনা	5
মতো	একটা	5
কিভাবে	ট্রিকবিডি	5
শেষ	হবে	5
কমপ্লিট	করতে	5
পারলে	আমার	5
পাছায়	লাথি	5
তাহলে	বুঝতে	5
ইউ	ক্যান	5
ওয়াইফাই	হ্যাকিং	5
আমিও	পাইছি	5
ব্রো	সরি	5
চলতেছে	না	5
পাসওয়ার্ড	রিসেট	5
রুট	লাগে	5
যোগ	করবো	5
তো	সমস্যা	5
ভাই	আমরা	5
বলতে	চাচ্ছেন	5
এক	মিনিট	5
বা	কি	5
সেটার	একটা	5
টা	করেন	5
প্লিজ	দিন	5
আমার	রবি	5
লিস্ট	এর	5
দিয়ে	চলবে	5
হলে	চলবে	5
মেসেজ	দিলে	5
করবো	আমার	5
জানি	এটা	5
ট্রান্সলেট	করা	5
আছে	খুঁজে	5
দিয়েও	করা	5
যায়	মোবাইল	5
যায়	যদি	5
আপনি	যেকোনো	5
কানেক্ট	ছাড়া	5
ডেইলি	কত	5
ডাউনলোড	ছাড়া	5
কেউ	শেয়ার	5
পাস	দিয়ে	5
তো	জেনে	5
কোনটা	ভাই	5
সম্পর্কে	বিস্তারিত	5
প্লিজ	ঠিক	5
ব্যাকআপ	করা	5
থাকলে	একটু	5
দিন	আমার	5
কিভাবে	কিনবো	5
আর	সেটা	5
কিন্তু	ভিডিও	5
আপনার	কমেন্টের	5
দিয়ে	কমেন্ট	5
কোনটা	বেস্ট	5
কপি	তো	5
মতো	না	5
আপনার	ভার্সন	5
আবার	ঠিক	5
ভিডিও	বানান	5
মোড	টা	5
শুরুর	দিকে	5
হুম	আপনি	5
লিখে	দেন	5
না	বললাম	5
অ্যাকাউন্ট	কি	5
আর	এয়ারটেল	5
আমি	ডিলিট	5
কীবোর্ড	এর	5
জিপি	দিয়ে	5
ব্লগার	এর	5
লোগো	আপলোড	5
যাবে	কিনা	5
হয়েছে	কি	5
ব্যবহার	করুন	5
জাভা	ফোনের	5
ধন্যবাদ	ভাইয়া	5
চালাতে	পারছি	5
আপনার	ডাউনলোড	5
ফোন	নষ্ট	5
ভাই	দয়া	5
প্লিজ	ইনবক্স	5
সঠিক	ভাবে	5
এমবি	টাকা	5
ট্রাই	করেও	5
ব্যান	হবে	5
কিছু	জানলাম	5
বানাতে	চাই	5
কি	পয়েন্ট	5
পোস্টের	জন্য	5
কিভাবে	তৈরি	5
দিলেন	ভাই	5
রিকভারি	থেকে	5
ফ্রি	ডোমেইন	5
ছিল	আর	5
কে	রুট	5
নোট	৯	5
করলে	বুঝতে	5
সুবিধা	হবে	5
কিন্তু	ডাউনলোড	5
বাংলা	ডাব	5
কোথায়	আছে	5
প্রব্লেম	ফেস	5
কেটে	যাবে	5
এসব	সাইট	5
থেকে	আরো	5
দেখেন	হবে	5
পারে	তবে	5
হতো	প্লিজ	5
এপ্রুভ	করেন	5
যদি	আগে	5
থেকে	নেওয়া	5
নাইস	আমিও	5
রিকভারি	মোডে	5
এই	যুগে	5
হার্ড	রিসেট	5
রিসেট	দিতে	5
আপনি	আমি	5
ইনভেস্ট	করলে	5
কথা	তো	5
আইডি	খুলছি	5
দিয়ে	কোনো	5
কিন্তু	অন্য	5
এ	এনআইডি	5
কনফিগ	দেন	5
সেটিং	করতে	5
আমার	ট্রিক	5
যায়	আপনার	5
দিয়ে	কেউ	5
অ্যাকাউন্ট	কিভাবে	5
এই	নতুন	5
ইনবক্সে	আসেন	5
থেকে	আছে	5
ঝামেলা	ছাড়াই	5
ভালো	ব্রো	5
স্টার্ট	করলাম	5
করেন	তার	5
পোস্ট	রিপোর্ট	5
ফেসবুকে	আসুন	5
নাকি	এটা	5
কি	সবার	5
ডাউনলোড	করো	5
বের	হইছে	5
কোড	দিন	5
ট্রেইনার	বানান	5
আমি	ফ্রি	5
থেকে	আবার	5
অন্য	সার্ভার	5
করেছি	ভাই	5
নট	ব্যাড	5
একদম	ইজি	5
একটা	কল	5
যাবেন	ইনশাআল্লাহ	5
আর	আপনারা	5
টাকা	নিতে	5
করা	কিভাবে	5
নাই	যা	5
করলে	আপনি	5
সম্ভব	নয়	5
বার	নেওয়া	5
আপনার	নামটা	5
মতো	ভালো	5
হয়	এখন	5
কোডটা	কিভাবে	5
সরি	আমি	5
করেন	গুগল	5
তে	আগে	5
এসএমএস	না	5
তো	আছেই	5
করতে	লাগে	5
নতুন	ট্রিক	5
কিভাবে	ফোন	5
সাপোর্ট	না	5
নাম্বার	অ্যাড	5
প্রক্সি	সার্ভার	5
গ্রুপ	লিংক	5
দেখেন	লিংক	5
করুন	আমার	5
পারবেন	এই	5
নাইস	ট্রিক	5
যেকোনো	ফাইল	5
এন্স	মি	5
টিউটোরিয়াল	দিলে	5
সেই	সাথে	5
করে	উইথড্র	5
আচ্ছা	আমার	5
দেখেন	কি	5
আপনার	মতামতের	5
থেকে	করি	5
সব	চলে	5
প্রতিদিন	একবার	5
কি	থেকে	5
দেওয়া	যাচ্ছে	5
মেসেজ	দিয়ে	5
কপি	করবো	5
তো	দিলেন	5
এর	না	5
সফটওয়্যার	থাকলে	5
ইনভেস্ট	করা	5
আপনার	স্ক্রিনশট	5
ভিপিএন	অফ	5
মেনশন	করে	5
পাওয়ার	ব্যাংক	5
আপনার	আমার	5
স্ক্রিনশট	দেখে	5
রিয়াদ	ভাই	5
হয়	হেল্প	5
রম	কি	5
এটার	থেকে	5
নাকি	সব	5
অ্যাডমিন	না	5
হলো	এই	5
যে	ডাউনলোড	5
এ	জানে	5
এক	জনের	5
কান্ট্রি	লক	5
নেট	চালাই	5
এরকম	হবে	5
একটিভ	করবো	5
যদি	একাউন্ট	5
শুধু	হয়রানি	5
পার্ট	২	5
করবো	এই	5
গুলো	কিভাবে	5
মাত্র	৬	5
না	খুব	5
আপনি	ভিপিএন	5
জন্য	দোয়া	5
চেষ্টা	করা	5
মোবাইল	কি	5
কয়	টাকা	5
থেকে	এমবি	5
যে	রুট	5
রুট	হয়েছে	5
ভাই	যা	5
লিঙ্ক	দেওয়া	5
করুন	হবে	5
রিভিউ	টা	5
লাগলো	বাট	5
বলতেন	তাহলে	5
করে	পেস্ট	5
পেস্ট	করে	5
মোবাইল	নিয়ে	5
পোস্ট	রিলেটেড	5
সাবটাইটেল	আছে	5
এমবি	ডাউনলোড	5
করান	প্লিজ	5
আর	কাস্টম	5
আছে	স্পিড	5
না	ফুল	5
করে	নিজে	5
লিংকটা	দিবেন	5
আর্ন	করা	5
আমি	৬	5
লিখতে	হয়	5
পোস্ট	করেও	5
নিজে	একটা	5
করবে	এই	5
অ্যাড	আসে	5
একটা	টাইটেল	5
কোনো	পিক	5
উপকার	হলো	5
ক্লিক	করবেন	5
করতে	আমি	5
হয়ে	আমি	5
নাই	আজ	5
তিন	বছর	5
সাইট	বানানো	5
জি	আমি	5
চুরি	করে	5
দিয়ে	রিকভারি	5
আমি	একমত	5
এই	লেখাটা	5
লেখার	সময়	5
ভাই	১০	5
অপশন	নেই	5
করছেন	কিভাবে	5
করতে	কোন	5
ভি	এর	5
না	ওয়েব	5
কি	নতুন	5
মেসেজ	করুন	5
ফটো	ভেরিফিকেশন	5
মাই	জিপি	5
কোথায়	পাওয়া	5
করেছেন	আর	5
আর	তাছাড়া	5
এক্সএমএল	ফাইল	5
৪	এমবি	5
সার্ভার	প্রব্লেম	5
বাট	পাবলিশ	5
এক	জিনিস	5
টা	বাট	5
রিপোর্ট	করুন	5
আনবো	কিভাবে	5
কি	ব্লগার	5
এর	সার্ভার	5
ভাই	এসএস	5
আপডেট	দিলে	5
বাট	তার	5
মানে	এটা	5
এটা	না	5
সেটা	একটু	5
অ্যাপ	ডাটা	5
ট্রিক	থ্যাংকস	5
আবার	কেমন	5
ওয়াওবক্স	থেকে	5
সমস্যা	না	5
ছাড়া	ডাউনলোড	5
ইমেইল	পাসওয়ার্ড	5
ও	সেম	5
কিসের	জন্য	5
দেয়া	ঠিক	5
কে	একটু	5
অ্যাড	মি	5
ভাই	রা	5
দূর	থেকে	5
ফটোশপ	এর	5
এ	একবার	5
পারি	কিন্তু	5
ওয়েট	ফর	5
তো	লগইন	5
আমি	লগইন	5
ধরে	এই	5
এটা	ডায়াল	5
অপেক্ষা	করেন	5
দিয়ে	অন্য	5
বাড়ে	না	5
দিচ্ছি	না	5
করেছি	অনেক	5
এ	ইন্সটল	5
ভাবেই	রুট	5
ও	দিসি	5
এটা	আনইন্সটল	5
ফলো	করলে	5
প্রকাশ	করেন	5
কালার	চেঞ্জ	5
করতে	কে	5
বাট	কম	5
মতো	কি	5
রিভিউ	দিলে	5
নতুন	আইডি	5
টিউনার	করা	5
কে	অনেক	5
ভাই	ইনবক্স	5
উপায়	বলেন	5
করতে	পারবেনা	5
কত	দিনের	5
সিএসএস	জেএস	5
করা	কোন	5
এর	ডলার	5
কিছু	চেঞ্জ	5
অ্যাডস	এর	5
কাছে	আসে	5
কোনো	নাম্বার	5
যদি	ভবিষ্যতে	5
টাইম	ট্রাভেল	5
এসএসসি	এক্সাম	5
লোডিং	দেখায়	5
দেখা	যাক	5
যেটা	সেটা	5
এতো	বড়	5
তো	বলছি	5
আমার	দুইটা	5
মোবাইল	ফ্ল্যাশ	5
করে	তাইলে	5
কোথায়	কিনতে	5
অ্যাপস	এটা	5
না	ওটা	5
নাকি	এফবি	5
দেখবে	না	5
কোনো	ব্রাউজার	5
লিখে	পোস্ট	5
ইমেইল	পাস	5
এক্সাম	শেষ	5
এয়ারটেল	দিয়ে	5
ব্রো	ফোন	5
ব্যাক	আপ	5
ওয়াইফাই	আছে	5
পোস্ট	পড়েন	5
মেয়াদ	না	5
ভিডিও	তো	5
সেইম	পোস্ট	5
চলতে	পারে	5
টা	দরকার	5
ই	পোস্ট	5
পাবলিশ	করবো	5
ভাবে	দেখেন	5
চেঞ্জ	হচ্ছে	5
এ	ভর্তি	5
অন	করবো	5
আপনি	তাইলে	5
গিয়ে	কি	5
গুলো	দিয়ে	5
ভাই	সাথে	5
জন	এর	5
থাকা	অবস্থায়	5
হলে	আর	5
মানুষ	না	5
পেমেন্ট	পাইছি	5
শো	করতেছে	5
অনেক	বানান	5
সিডব্লিউএম	রিকভারি	5
হলো	বুঝলাম	5
যেটা	দিছি	5
ও	করে	5
আমায়	হেল্প	5
দেখান	তো	5
ফাইল	ফ্ল্যাশ	5
যেকোনো	সময়	5
সেরা	গেম	5
আপনি	প্লিজ	5
তো	এফবি	5
সত্যি	কি	5
জানি	আপনি	5
কই	পাব	5
ভাল	কিছু	5
ঝামেলা	আছে	5
এর	ট্রিকবিডি	5
ভিপিএন	দিয়া	5
মেমোরি	কার্ড	5
করতে	থাকুন	5
ট্রাই	করব	5
দেখা	যায়না	5
এন	এস	5
সিরিজ	এর	5
কথা	বলতেসেন	5
জন্য	ভাই	5
অ্যাপ	চালাতে	5
সেকেন্ড	পার্ট	5
পার্ট	টা	5
কি	গুগল	5
রিকভার	করতে	5
আমি	হেল্প	5
তো	হয়না	5
সেভ	করার	5
ওপেন	হবে	5
ফোন	কাস্টম	5
বি	বি	5
ওখানে	সব	5
যেটা	দিয়া	5
বার	থেকে	5
আই	উইল	5
সমস্যা	কি	5
পাসওয়ার্ড	লিস্ট	5
আমি	একদম	5
কিভাবে	বাড়াবো	5
১৫০	টাকা	5
ভিডিও	লিঙ্ক	5
ক্লেশ	অফ	5
বললেন	যে	5
আনতে	হবে	5
মেইল	আইডি	5
এইটা	ইউস	5
স্লো	কাজ	5
ওয়াইফাই	কানেক্ট	5
ডি	এর	5
থাকে	তাই	5
কত	খন	5
কপি	হয়	5
করলে	সাথে	5
দিবে	তার	5
এই	কাস্টম	5
নি	প্লিজ	5
এপ	ইনস্টল	5
কি	অফিসিয়াল	5
আমার	অ্যাড	5
কোনো	অপসন	5
বানাতে	পারি	5
পারেন	আমার	5
ভাই	দিলে	5
লাগবে	কেউ	5
ওয়ালপেপার	টা	5
ওয়াও	পোস্ট	5
বাট	কমেন্ট	5
এর	অথর	5
কোনো	সুবিধা	5
যে	কোড	5
এ	বলুন	5
পাইজা	একাউন্ট	5
তোমার	বাসা	5
২	মান্থ	5
তুলতে	পারবো	5
এতদিন	ধরে	5
আপনি	কয়টা	5
বাট	স্ক্রিনশট	5
ভুলে	গেসি	5
আমাকে	ট্রিকবিডি	5
নিয়ম	এ	5
আপনার	ই	5
আর	কপি	5
দিতে	ভুলে	5
এই	থিম	5
দিলে	আমি	5
ট্রেনার	বানান	5
আগেই	আমি	5
আমি	ইউসার	5
আমি	ইউসি	5
ভাই	গেম	5
পয়েন্ট	দেয়	5
ওদের	কিছু	5
দিবো	আমার	5
শেষ	করছি	5
এ	দেখা	5
এর	ধান্দা	5
দেখেন	কিভাবে	5
লাগে	এখন	5
পেতে	হলে	5
এই	সময়ে	5
পোস্ট	তার	5
স্প্যাম	কমেন্ট	5
আছে	ডাউনলোড	5
নেট	তো	5
পেমেন্ট	পাইসি	5
পরে	দেখি	5
এই	জিমেইল	5
টুল	দিয়ে	5
ব্যান্ড	করে	5
আসে	তবে	5
না	কোথাও	5
সবাই	পায়	5
আমি	অনেকদিন	5
যে	তোমার	5
আর	টা	5
ধরে	ইউস	5
কোন	অফার	5
দিয়ে	দেই	5
মান্থ	আগেই	5
প্রোফাইল	চেক	5
ভাইয়া	গুগল	5
একাউন্ট	করা	5
ওয়েব	এর	5
রিপ্লায়	দেন	5
করে	এফবি	5
হবে	কেনো	5
ওই	খানে	5
একটা	হলেই	5
রুট	নাই	5
লিংক	গুলা	5
তাও	ভালো	5
ফেইসবুক	প্রোফাইল	5
ভেরিফাই	করে	5
এর	ইমোজি	5
দিলেন	তো	5
ভাইয়া	এক	5
পোস্ট	আগেই	5
এন্ড্রোইড	দিয়ে	5
প্লিজ	অ্যাড	5
করেছি	তবে	5
এপিকে	টি	5
মনের	মতো	5
আমার	এন্ড্রোইড	5
হবার	কথা	5
তাই	লিংক	5
এমবি	পাই	5
এমবি	ট্রান্সফার	5
কিভাবে	কেউ	5
ব্রো	রিপ্লাই	5
ঐটা	দিয়ে	5
সব	কিসু	5
ওকে	ইউসার	5
হওয়ার	সাথে	5
আমার	সেট	5
দেখেন	আর	5
বলে	কোনো	5
কথা	আর	5
অফলাইন	গেম	5
পাসওয়ার্ড	দেন	5
বাট	কিভাবে	5
পার্ট	১	5
দিসি	দেখেন	5
দিলে	আর	5
করার	আর	5
১৬	জিবি	5
মানে	আপনার	5
আপনার	পার্সোনাল	5
রেফার	লাগবে	5
আইডি	দিয়া	5
আছে	দেখে	5
ইনস্টল	দিসি	5
কত	গুলা	5
করসি	তাও	5
কিভাবে	কোন	5
না	এইসব	5
এর	এক্সেস	5
ট্রিকবিডি	ছাড়া	5
আপনার	বিট	5
ভাই	ফটো	5
মতো	স্পিড	5
গুলা	ইউস	5
এন্ড্রোইড	এর	5
করবে	তো	5
ডায়াল	করতে	5
ওয়েলকাম	অলওয়েজ	5
এর	রিয়েল	5
রেজিস্ট্রেশন	করলে	5
কোড	এ	5
করবো	কেমন	5
ইয়ার	আগেই	5
কি	লিখে	5
যেকোনো	কিছু	5
ভিসিট	করে	5
টা	আসে	5
উইন্ডোস	৭	5
ইনকাম	করলে	5
ভাই	স্যামসাঙ	5
দিছে	ভাই	5
কি	বের	5
এটা	আরো	5
ভাবে	করা	5
তুলে	ধরা	5
টিউনর	বানান	5
ফার্মওয়্যার	টা	5
ডাউনলোড	করছিলাম	5
এফবি	দিয়ে	5
ভাই	তবে	5
সিওসি	এর	5
ফোল্ডার	এর	5
একটা	কি	5
ভার্সন	ইউস	5
যায়	হোক	5
হইছে	এখন	5
মি	ভাই	5
ইনস্টল	হচ্ছে	5
আইডি	খুলার	5
এপ	আমি	5
লাগে	সেটা	5
হয়	এইটা	5
যায়	সো	5
দিয়েও	ট্রাই	5
লল	পোস্ট	5
আপনার	যে	5
ভালো	এপস	5
স্ক্রিনশট	আপলোড	5
বাকিটা	আপনার	5
সব	দিক	5
মধ্যে	পার্থক্য	5
খুলতে	পারবো	5
বাট	তারপর	5
বাল	এর	5
আপনার	নেট	5
নাইস	মুভি	5
পিক	দেখা	5
দিলে	আবার	5
কোম্পানি	এর	5
তো	বলেই	5
তারপর	ডাউনলোড	5
ভাই	সিম	5
চ্যানেল	সাবস্ক্রাইব	5
টু	ট্রিকবিডি	5
১	এ	5
পারবেন	কেউ	5
এর	চিপসেট	5
নাম	গুলা	5
ঐটা	নিয়ে	5
হবে	মোবাইল	5
আবার	কোনো	5
থেকে	ঠিক	5
হুম	এটা	5
বুঝতে	পারসি	5
আমার	কাছ	5
হইসে	তাই	5
হবে	আবার	5
কত	টুকু	5
করে	পোর্ট	5
যায়না	তাই	5
ব্রো	টা	5
এর	অল	5
নিয়ে	আবার	5
আপনার	থিম	5
একসেপ্ট	করুন	5
কিছু	কি	5
আনইনস্টল	করলে	5
আলতু	ফালতু	5
টা	বলে	5
গো	টু	5
থেকে	স্টার্ট	5
ভাই	অন্যের	5
ট্রান্সফার	করে	5
অন	থাকতে	5
কাস্টমাইজ	করা	5
আপডেট	আসে	5
পাওয়া	সম্ভব	5
এর	বুট	5
কোনো	রিভিউ	5
সেটা	আগে	5
তো	একই	5
টা	বের	5
করে	দিতেন	5
নিয়ে	বাট	5
তাহলেই	তো	5
ইমেইল	এড্রেস	5
পারেন	বাট	5
নেম	এ	5
লিখে	দিবেন	5
জিবি	৩০	5
প্লেস্টোরে	এ	5
নাম	হলো	5
নেট	লাগবে	5
অন্য	কে	5
যখন	আপনি	5
দিয়ে	রেজিস্ট্রেশন	5
হবে	যে	5
এপ	টার	5
টুলস	টা	5
কিছু	ডলার	5
কি	জিপি	5
অফ	কোর্স	5
শিখতে	পারবেন	5
থেকে	বেটার	5
ভাই	তো	5
সবাই	ই	5
কারণ	এটা	5
জিমেইল	দিয়া	5
আসে	আপনি	5
মেক	করতে	5
জানিনা	আমি	5
করলাম	এটা	5
করেনা	কেন	5
টা	একদম	5
আসতে	পারেন	5
কিন্তু	তাও	5
কয়	বার	5
হাসাইলেন	ভাই	5
আছে	এমন	5
গুগল	ড্রাইভে	5
টা	আপলোড	5
করলে	পেয়ে	5
একি	পোস্ট	5
যে	একটা	5
দেখার	কোনো	5
আমি	ভিপিএন	5
ট্রাই	করসে	5
সার্টিফিকেট	এ	5
টা	বুঝা	5
টা	রেফার	5
পারে	এটা	5
চলে	কিন্তু	5
আমার	হলো	5
দিলাম	দেখেন	5
করা	থাকে	5
ডেট	অফ	5
ওই	ফোন	5
কেমন	কথা	5
আর	বাকি	5
ভিডিও	না	5
এনি	সল্যুশন	5
২৫	টাকার	5
করে	জানিয়ে	5
আমার	ইনবক্স	5
লাগে	এই	5
ডিটেলস	বলেন	5
এর	স্টাইল	5
স্টাইল	টা	5
আমার	আইপি	5
একাউন্ট	দিবেন	5
কিভাবে	উইথড্র	5
চাই	ব্রো	5
রিয়েল	পোস্ট	5
হেল্প	করতেন	5
মোবাইল	তো	5
মেসেজ	দেয়া	5
অথর	করা	5
আর	ব্রো	5
অনেক	সাইট	5
আর	অ্যাডমিন	5
তো	এয়ারটেল	5
ভাই	দরকার	5
নেট	শেয়ার	5
বাগ	নাই	5
টিভি	এর	5
এখন	ডাউনলোড	5
ভার্সন	হলে	5
টেক্সট	ফাইল	5
বলসে	আমার	5
নাই	সরি	5
ফেইসবুক	পেজ	5
একটা	কোড	5
কোড	শেয়ার	5
আসে	এখন	5
যদি	মনে	5
করি	তখন	5
আমি	প্লে	5
এড্রেস	কোথায়	5
মোবাইল	নষ্ট	5
স্পিড	বাইপাস	5
নেম	কি	5
রিভিউ	দিয়ে	5
অব	ফাইল	5
হুম	ট্রাই	5
ডাউনলোড	হইসে	5
হাই	কোয়ালিটি	5
জন্য	হবে	5
প্রব্লেম	এর	5
মেক	করবো	5
ভাইয়া	কি	5
টাইম	ভালো	5
ডিএক্টিভ	করে	5
টা	করলাম	5
চার্জ	এর	5
আরো	আগেই	5
করে	একাউন্ট	5
কোনো	একাউন্ট	5
ব্যাড	কমেন্ট	5
কিনতে	পারেন	5
ভালো	লেগেসে	5
সো	আপনার	5
টিউনার	ভাই	5
ডেস্কটপ	মোড	5
গুগল	ফটোস	5
না	থেকে	5
হইলো	কেমনে	5
টা	এখানে	5
তে	দিয়ে	5
জানে	বাট	5
আমি	আপনারে	5
কম	টাকায়	5
এমবি	কিভাবে	5
দিলে	আপনার	5
ইউটিউব	দেখতে	5
ব্রো	থ্যাংক্স	5
ভাই	মেগা	5
তো	এমন	5
তে	এরকম	5
এটা	আপনি	5
বাংলা	পোস্ট	5
ফাস্ট	পোস্ট	5
অথর	বানাইসে	5
হয়েছে	কিনা	5
কোড	শো	5
জন্য	রিকোয়েস্ট	5
আমি	ফালতু	5
এন্ড	যদি	5
তো	এমনেই	5
লিখেন	নাই	5
সম্পূর্ণ	কপি	5
বালের	ট্রিক	5
মাই	ওয়েবসাইট	5
কিছু	ক্ষণ	5
পর	অটো	5
দারাজ	এ	5
টা	কিন্তু	5
প্রতিদিন	কি	5
কি	ক্রেডিট	5
ক্রেডিট	দিবে	5
না	আপনে	5
বিষয়	টি	5
সত্যি	তাই	5
ফোন	আমি	5
সেই	রকম	5
দেন	কেনো	5
পাইলাম	ভাই	5
হবার	জন্য	5
আছে	যার	5
কোন	ব্রাউসার	5
ভালো	চলে	5
রিপোর্ট	মারেন	5
হাত	দূরে	5
প্রুভ	কই	5
অনেকে	আছে	5
ভাষা	খারাপ	5
ভাই	জিবি	5
কিছুক্ষন	পর	5
আসে	এর	5
এর	এক্সটেনশন	5
ব্রাউসার	এ	5
না	নেক্সট	5
রিপোর্ট	দিতে	5
কি	কারো	5
দিবেন	ব্রো	5
কাম	কাজ	5
আগেই	দেখসি	5
হয়না	ব্রো	5
চেষ্টা	না	5
করে	বললে	5
বললে	কি	5
করেই	পোস্ট	5
এর	সাউন্ড	5
বলতে	আপনি	5
আপডেট	করসি	5
৪০৪	নট	5
আল্লাহ	এর	5
ভালো	কইরা	5
আমি	দিবো	5
ফটো	এর	5
করার	চেয়ে	5
প্লিজ	মি	5
ফর	হেল্প	5
শুধু	টাইম	5
শেয়ার	করসেন	5
করসেন	ওইটা	5
আওয়ার	হয়ে	5
২০	জিবি	5
এপস	আছে	5
উইথড্র	দিলে	5
কানেক্ট	হওয়া	5
নাই	কিভাবে	5
শুধু	ইউসি	5
জন্য	কাস্টম	5
আনরুট	করতে	5
পরে	ঠিক	5
মিনি	তে	5
তারপর	যদি	5
থাকলে	কাজ	5
লাগবে	আপনি	5
ব্রো	বলেন	5
তোরে	কে	5
থ্যাংক্স	অল	5
অল	ব্রো	5
লাগবে	দিতে	5
জিএফ	নাই	5
ও	তা	5
কোনো	সার্ভার	5
ভাই	বুঝতে	5
কোনো	এপস	5
বলা	হয়ে	5
আপনার	দেখানো	5
জন্য	কোড	5
পোস্ট	করতেই	5
কিছু	টাকা	5
লোগো	বানিয়ে	5
বানিয়ে	দিন	5
এনি	হেল্প	5
এর	আমার	5
কপি	করলেন	5
টাকা	উঠাবো	5
ভাই	ড্রাইভ	5
আপলোড	এ	5
বাট	আপলোড	5
নিউ	সাইট	5
আইডি	পেলাম	5
আবার	৩	5
বোনাস	এমবি	5
ডাউনলোড	দাও	5
ওয়ার্কিং	ব্রো	5
আমাকে	ফলো	5
এর	দোষ	5
এ	ডিটেলস	5
ডিটেলস	পোস্ট	5
হইয়া	গেলো	5
দিসি	এখন	5
ফোনের	ভার্সন	5
যদি	কষ্ট	5
একটু	বলতেন	5
বার	করার	5
ভাষা	ঠিক	5
ইচ্ছা	তাই	5
আরো	সুন্দর	5
পক্ষ	থেকে	5
দিয়া	অনেক	5
টা	পর্যন্ত	5
২০১৩	থেকে	5
কথা	বলসি	5
সাইট	মেক	5
একটা	দিয়ে	5
পাইনি	তাই	5
দিন	পোস্ট	5
কি	খুব	5
আমি	সার্চ	5
দিয়ে	খেলা	5
কোনো	মিল	5
আপনি	যেহেতু	5
শেয়ার	ইট	5
স্পিড	আমি	5
ফোন	হ্যাক	5
আমি	কই	5
দিন	প্রাইস	5
একটিভ	হচ্ছে	5
একটিভ	হয়	5
ভুল	হবে	5
ব্রুট	ফোর্স	5
করে	হ্যাক	5
এর	কম	5
কেমনে	পাবো	5
ভালো	এক	5
মি	কিভাবে	5
ভাই	ওদের	5
কিভাবে	বসাবো	5
উইক	এর	5
না	এতো	5
আইকন	টা	5
কে	পোস্ট	5
আজব	তো	5
আমি	মুভি	5
মুভি	টার	5
বলেই	তো	5
১০	দিন	5
আপনার	ফ্রেন্ডস	5
সমর্থন	করে	5
এর	কথায়	5
এ	নেই	5
থেকে	সাবধান	5
ভাই	ডিলিট	5
মেইল	এড্রেস	5
কই	গেলো	5
প্রক্সি	পোর্ট	5
ভিডিও	দিয়ে	5
তা	আমার	5
এর	আছে	5
এই	পিক	5
ফেক	আইএমইআই	5
গুলা	আবার	5
এর	সাবস্ক্রাইবার	5
তোর	পোস্ট	5
এর	পিসি	5
মেসেজ	করে	5
এ	কয়টা	5
আপনার	মেইন	5
দিন	পেয়ে	5
সাথে	আরো	5
সাবমিট	করার	5
করস	কেন	5
প্রুফ	ছাড়া	5
নিয়ম	নাই	5
তার	টা	5
যদিও	জানতাম	5
যায়	এতো	5
ডাউনলোড	থেকে	5
এক্সাম	তাই	5
দিয়ে	নিউ	5
নিউ	নিউ	5
আবার	একাউন্ট	5
প্রক্সি	হোস্ট	5
তখন	এই	5
শেষ	এখন	5
বলে	দিন	5
রেফার	দিয়ে	5
আছে	তবুও	5
মাত্র	৭	5
একদম	ফালতু	5
ভিডিও	গুলা	5
যা	দিয়ে	5
আপনি	ই	5
সি	দিস	5
পাসওয়ার্ড	শো	5
করসি	রুট	5
থেকে	মেসেজ	5
একটা	ক্যাটাগরি	5
দেখুন	আপনার	5
রিকভারি	আছে	5
আগে	বের	5
ভাই	অর	5
রিয়েল	নাকি	5
সিলেক্ট	করেন	5
এতো	কম	5
অপেক্ষায়	আছি	5
না	ভার্সন	5
হয়ে	কি	5
১০	প্রো	5
কাছে	রিকোয়েস্ট	5
বুঝা	যাবে	5
যাবে	যদি	5
এক	জিমেইল	5
করে	নি	5
সাথে	এড	5
নেটফ্লিক্স	একাউন্ট	5
দেখেন	যে	5
মাত্র	আপনার	5
ফুল	গেম	5
ফোন	এখন	5
আছে	এন্ড	5
নিয়ে	আসুন	5
সেটিং	ঠিক	5
জন্য	কিভাবে	5
হয়	এন্ড	5
যার	কাছে	5
মেইল	করেছি	5
ডিভাইস	থেকে	5
না	বরং	5
করল	না	5
ভিতর	থেকে	5
পোস্ট	গুলোর	5
ইউজার	আইডি	5
ডায়াল	করলাম	5
মেইল	টা	5
সে	ক্ষেত্রে	5
আমার	রেফারেল	5
ডাটা	করে	5
নিবেন	আর	5
করছে	ভাই	5
আইডি	কে	5
পাইছি	থ্যাংকস	5
সাইটে	গিয়ে	5
গিয়ে	দেখে	5
হইল	না	5
একটু	টাইম	5
করলাম	তো	5
ললিপপ	রুট	5
ব্রো	অথর	5
পোস্ট	পাবলিস্ট	5
ধরে	কাজ	5
আর	নেট	5
আপনি	পোর্ট	5
ফোন	স্লো	5
ভুল	ইনফরমেশন	5
করবেন	ব্রো	5
যাবেন	আশা	5
আমারও	সেইম	5
এ	ললিপপ	5
দিচ্ছি	একটু	5
ওপেন	সোর্স	5
এদের	জন্য	5
হতো	তাহলে	5
নেই	আপনি	5
করেন	খুব	5
কিছু	অফার	5
হচ্ছে	প্লিজ	5
একটু	দেখে	5
ওদের	সার্ভার	5
ইন্ডিয়া	তে	5
হুম	নাইস	5
ফোন	সাপোর্ট	5
পর	অটোমেটিক	5
যাদের	দরকার	5
নেই	বাট	5
ঠিক	হয়নি	5
তা	বলবেন	5
পেমেন্ট	রিকোয়েস্ট	5
এপিকে	টার	5
পারবেন	আমার	5
হবে	ইনশাল্লাহ	5
ইউসি	এর	5
ভিডিও	প্লে	5
একটু	ফাস্ট	5
ছাড়া	যদি	5
দিয়া	কেমনে	5
পোস্ট	করস	5
নেই	থ্যাংকস	5
না	পেমেন্ট	5
পেমেন্ট	নেওয়া	5
আইপি	দিয়ে	5
ওয়ার্কিং	বাট	5
জিপি	এমবি	5
স্যামসাং	এফ১২	5
সত্যি	কাজ	5
দেখব	কিভাবে	5
এন্ড	দেন	5
রেকর্ড	করার	5
আওয়ার	এফবি	5
ভাই	কষ্ট	5
যাচ্ছে	কি	5
অ্যাপস	থাকলে	5
বলতেন	উপকার	5
একসেপ্ট	করো	5
ব্রো	ফেসবুক	5
চালাই	বাট	5
চার্জ	হয়	5
শেয়ার	হয়	5
পার	করে	5
পেয়ে	গেছি	5
আপনি	মোবাইল	5
হলেন	কিভাবে	5
একটু	কাজ	5
মত	কিছু	5
পারেন	এটা	5
যেটা	শেয়ার	5
একটা	ইমেইল	5
করার	প্রসেস	5
ইনকাম	কম	5
পোস্টটা	ভালই	5
কেন	ট্রিকবিডি	5
থেকে	রেগুলার	5
ইন্সটল	করব	5
হচ্ছে	কি	5
কি	ওইটা	5
কি	রেফার	5
ফোন	কাজ	5
আর	ইউ	5
মজা	করলাম	5
কয়েকটা	স্ক্রিনশট	5
তারা	পাবে	5
ঢুকা	যায়	5
থাকতো	তাহলে	5
নেওয়ার	সময়	5
থাকা	দরকার	5
বললাম	তো	5
পায়	তাই	5
মুহাম্মদ	সাঃ	5
ফ্রি	কলিং	5
গুড	অ্যাপ	5
কোন	রম	5
কোন	রুট	5
নিউ	জিমেইল	5
ঝামেলা	হয়	5
বাট	পরে	5
ভিপিএন	অ্যাপ	5
সাইটের	থিম	5
কিনা	চেক	5
দান	প্লিজ	5
আপনার	রিভিউ	5
রিভিউ	করা	5
আগে	আবার	5
থেকে	ডিরেক্ট	5
আমাকে	এডমিন	5
টিউনার	করতে	5
বানায়	না	5
ব্রো	শুধু	5
অফ	ক্ল্যান্স	5
আগে	ফ্রি	5
মেরে	দিছে	5
সিম্ফনি	ভি৪৯	5
আই	থিংক	5
করে	পয়েন্ট	5
হাহা	মজা	5
এড	করছে	5
খুব	শীঘ্রই	5
তাহলে	এমবি	5
ওপেন	ভিপিএন	5
১০	জিবি	5
এটা	কোথায়	5
বললাম	আর	5
ইন্সটল	দিন	5
মত	কি	5
এই	করতে	5
এপ্রুভ	হয়	5
ইনস্টল	করব	5
করলে	নো	5
অ্যাপ	আমার	5
এ	পি	5
পি	কে	5
লিঙ্ক	কই	5
ছাড়া	এটা	5
আইডি	পেয়ে	5
বেড়ে	যায়	5
ইন্সটল	দিলেই	5
স্যামসাং	জে২	5
জিবি	র‍্যাম	5
দেরি	হবে	5
হবার	সম্ভাবনা	5
বলতে	পারলাম	5
ক্রিয়েট	হয়	5
জায়গা	করে	5
প্যাচের	দিয়ে	5
ফর	কমেন্টস	5
কাজ	করতাছে	5
ভাই	মেইল	5
থাকেন	ভাই	5
তো	প্রবলেম	5
আবার	সব	5
তার	হাত	5
কি	পাবজি	5
তিন	পাত্তি	5
ফোনের	প্রবলেম	5
কিন্তু	পাই	5
সাইট	থাকলে	5
পোস্ট	আসবে	5
থ্যাংকস	গুড	5
আপনাদের	মাঝে	5
নিজের	নাম	5
ও	হতে	5
লাগলো	থ্যাংকস	5
আমার	এন্ড্রয়েড	5
দিবেন	কি	5
হোম	পেজে	5
কি	জন্য	5
জন্য	করেন	5
ওয়ে	আপনি	5
নাই	১	5
না	এনি	5
আপনাদের	ভালো	5
বছরের	বেশি	5
আবার	ওয়াইফাই	5
কানেক্ট	হইছে	5
যান	ভাই	5
করা	এখন	5
করেন	আপনি	5
কমেন্ট	দেখে	5
এটা	কেউ	5
বলতে	পারবে	5
আই	ডি	5
নাম	উল্লেখ	5
আপনার	পিসিতে	5
নিউ	ট্রিক	5
আপনার	পিসি	5
সুন্দর	মন্তব্যের	5
নাইস	থ্যাংকস	5
থ্যাংকস	নেক্সট	5
দেখলাম	যে	5
প্রবলেম	হলো	5
অ্যাপ	ক্রিয়েট	5
কয়েকটা	পোস্ট	5
জানি	থ্যাংকস	5
থাকলে	কাটবে	5
পেলে	শেয়ার	5
করে	আনলিমিটেড	5
এমন	ট্রিক	5
আর্ন	করছি	5
জন্য	এন্ড	5
নষ্ট	করার	5
উধাও	হয়ে	5
না	জানি	5
কারণ	ট্রিকবিডি	5
আমার	মোবাইলের	5
না	স্ক্রিনশট	5
পারলে	কিছু	5
থাকলে	লিঙ্ক	5
চেঞ্জ	হলে	5
ব্রো	কানেক্ট	5
মেসেজ	করা	5
লেনদেন	করা	5
কথা	এখানে	5
তে	মুভি	5
আর	তারা	5
একটা	প্রবলেম	5
রুট	দিয়া	5
পেমেন্ট	পাইলেন	5
বুট	আইএমজি	5
ভালো	চ্যানেল	5
হয়	সবাই	5
ভেরিফাই	আইডি	5
পেমেন্ট	পাবেন	5
কি	আবেদন	5
যেটা	দিছেন	5
এর	যদি	5
টা	পাওয়া	5
স্যামসাং	এর	5
লিঙ্ক	দেয়া	5
আমার	সিওসি	5
জানার	ছিল	5
ব্রো	কিছু	5
ভার্সন	ললিপপ	5
এইচটিএমএল	ভিউয়ার	5
হয়	তাছাড়া	5
ওটা	দিয়ে	5
করছি	সেটা	5
ফ্রেন্ড	আমার	5
রান	করার	5
দেন	দেন	5
করছেন	ভালো	5
পাই	তাহলে	5
আমাকে	একবার	5
নাকি	ইউজার	5
ইউজার	আমার	5
তারপর	কি	5
সমাধান	থাকলে	5
অনেক	পরে	5
করে	তবে	5
কেন	ভাইয়া	5
করবো	কোথায়	5
না	ইউজ	5
তাও	ঠিক	5
করার	কোড	5
আছে	ইউটিউব	5
হবে	দেন	5
রবি	সিমে	5
লাভ	ফ্রম	5
অনেকদিন	থেকে	5
হয়ে	যান	5
করে	দিচ্ছি	5
কি	ভিপিএন	5
ইট	ইস	5
নাকি	এমনি	5
পোষ্ট	করে	5
পোষ্ট	টি	5
আপনি	পোষ্ট	5
পড়েন	নাই	5
জন	কে	5
ইমো	বেটা	5
কপি	করসে	5
আমার	হেল্প	5
পোষ্ট	করতে	5
কিন্তু	পারছি	5
গুলা	দেখুন	5
কোনো	সল্যুশন	5
এর	পোষ্ট	5
শো	করতেসে	5
আর	এরকম	5
পোষ্ট	দেখে	5
দিয়া	কাজ	5
টা	কম	5
এটা	কিন্তু	5
৭	ডেস	5
অনেক	বড়ো	5
সুন্দর	হইছে	5
জন্য	সরি	5
ফ্রি	চলবে	5
আপনার	এলাকার	5
বেস্ট	হতো	5
এ	আসি	5
তাড়াতাড়ি	দিয়েন	5
এইটা	না	5
করলে	পরে	5
বার	নেয়া	5
কাল	পোস্ট	5
জানেন	ভাই	5
বাট	ইনস্টল	5
সফটওয়্যার	ডাউনলোড	5
হইসে	এখন	5
মেমরি	তে	5
বলে	কিছু	5
ফ্ল্যাশ	করেন	5
ও	পাওয়া	5
সব	ফ্রি	5
ইনফরমেশন	দিয়ে	5
নেম	ইউজার	5
আমার	জিপি	5
কিভাবে	ক্রিয়েট	5
ভার্সন	আপডেট	5
এর	রম	5
রিভিউ	নিয়ে	5
ফাইল	নট	5
রিপ্লাই	পাই	5
তো	মোবাইল	5
ফ্রি	ফেইসবুক	5
কপি	করেন	5
করেন	বাট	5
আগে	যে	5
কি	একবার	5
অনেক	বেটার	5
আমিও	পেমেন্ট	5
রকেট	একাউন্ট	5
ভিডিও	দেখলে	5
করে	ব্রো	5
খুঁজে	পাইনা	5
ডলার	সেল	5
যাবে	নাহ	5
নতুন	সাইট	5
দিন	থাকবে	5
রুট	কিভাবে	5
সব	অথর	5
ভাই	দের	5
না	এখনো	5
এখনো	ইউজ	5
কি	বালের	5
হবে	টাকা	5
ও	করলাম	5
ব্ল্যাক	স্ক্রিন	5
নম্বর	দেন	5
ওয়ার্ক	করবে	5
আমার	বিকাশ	5
গুলো	তো	5
মোবাইল	রিভিউ	5
অপারেটিং	সিস্টেম	5
হতে	পারবো	5
সেটিংস	টা	5
টা	ভুল	5
ওখানে	তো	5
এ	নেট	5
রিপ্লাই	তে	5
কত	আর	5
কার্ড	নিয়ে	5
ও	হবে	5
পেইড	কোর্স	5
কিন্তু	চলে	5
হইতেছে	না	5
কি	যেকোনো	5
করবেন	আপনার	5
থাংক	ইউ	5
করে	দিয়েছি	5
তাই	একটু	5
আর	হ্যা	5
কি	সেটা	5
এ	বিষয়	5
এ	জন্য	5
মেইক	করে	5
পারবেন	কি	5
অনুরোধ	করছি	5
৩০০	মিনিট	5
কেনা	যাবে	5
এর	এডস	5
অন	অফ	5
কিছু	টা	5
একাউন্ট	খুলবো	5
হবে	অনেক	5
আমি	কীভাবে	5
করলে	খুব	5
তো	আমাকে	5
একটা	ক্রিয়েট	5
কাছে	ভালো	5
পর	টাকা	5
কেমনে	বলেন	5
চাই	কিভাবে	5
করে	চালাতে	5
ইস	নট	5
হয়	তার	5
রুট	থাকলে	5
দেওয়া	নাই	5
হবে	কোনো	5
কীভাবে	প্লিজ	5
থেকে	নিয়ে	5
আর্ন	করার	5
স্লো	করে	5
যদি	ট্রিকবিডি	5
প্যাক	টা	5
আমি	পাবো	5
দেবার	পর	5
করে	কী	5
সাবস্ক্রাইব	মাই	5
তামিল	মুভি	5
ওয়ার্ক	করে	5
কাজ	করছেনা	5
এ	থাকলে	5
সেল	করা	5
খুব	নাইস	5
ওপেন	করবো	5
অ্যাপ	সাইজ	5
লিংক	দিলাম	5
সবার	পোস্ট	5
৩০	মিনিট	5
দিলাম	তারপর	5
হাইড	করার	5
৪	দিন	5
করে	দিলেই	5
আপনার	বা	5
কথার	সাথে	5
টা	আমিও	5
টিম	এর	5
এটা	বলেন	5
কি	তাহলে	5
ডোমেইন	নাম	5
করবো	কেউ	5
ও	কোনো	5
ইউজার	আপনি	5
এর	আগেই	5
পেমেন্ট	সিস্টেম	5
দেখতে	পারছি	5
ইউজার	কে	5
শেয়ার	করিয়েন	5
তো	দেওয়া	5
পার্ট	৩	5
হইছে	কিন্তু	5
আসে	তা	5
তবু	ও	5
তে	আপনার	5
করলেও	কি	5
নাম	দেয়া	5
করা	আমার	5
সিম	৪জি	5
করে	করেন	5
স্পিড	একদম	5
ডিলিট	করো	5
করে	ওইটা	5
থ্যাংকস	অল	5
আপডেট	এ	5
টা	বেস্ট	5
টাকা	দিতে	5
পিসি	ভার্সন	5
বলেন	কেউ	5
ভালো	অ্যাপস	5
খেলার	সুযোগ	5
কোড	বানাতে	5
এফবি	আইডির	5
ছিলাম	না	5
লিমিট	এর	5
সার্ভার	আছে	5
আইডি	কোড	5
দিলে	ই	5
করে	অ্যাপ	5
দিয়া	তো	5
ভালো	লাগেনা	5
কেমনে	ভাই	5
অ্যাপ	আসে	5
আছে	যেখানে	5
তবে	মনে	5
আসতেছে	না	5
অ্যাকাউন্ট	খোলার	5
তো	হলো	5
আপনি	এফবি	5
এই	না	5
তো	ইউজ	5
ভাই	কবে	5
একাউন্ট	কি	5
তৈরি	করেন	5
থেকে	ডোমেইন	5
থেকে	কালেক্ট	5
বলে	দিবে	5
আপলোড	করেন	5
স্বাধীন	ভাই	5
চান্স	আছে	5
প্রক্সি	ইউজ	5
হবে	ওই	5
ফোন	স্যামসাং	5
করে	এক	5
স্টপ	করে	5
এ	দিয়ে	5
চ্যানেল	নাই	5
সহ	কত	5
হইয়া	গেছে	5
অনলাইন	কপি	5
আপনার	কাজে	5
তবে	কি	5
সেট	করে	5
বিডি	নাম্বার	5
থেকে	ই	5
একটা	ইউটিউব	5
আইডি	লগইন	5
আমি	বলতে	5
বলে	দিলাম	5
অ্যাকাউন্ট	আছে	5
দলের	হয়ে	5
থেকে	৫০	5
এই	ভার্সন	5
প্রোফাইল	পিকচার	5
নিয়ে	আগেও	5
আবার	চেষ্টা	5
থেকে	নিউ	5
কোন	প্রব্লেম	5
গুলা	আমার	5
কে	আমি	5
ওমক	ব্রো	5
পাইপাল	একাউন্ট	5
মেথড	টা	5
শেয়ার	কইরেন	5
এই	পদ্ধতি	5
এ	এক্সপোসড	5
মড	ভার্সন	5
বানিয়ে	দিবেন	5
জিপি	বন্ধ	5
ই	কম	5
গুলা	খুব	5
তাই	বুঝি	5
এখন	ওই	5
হয়নি	তাই	5
চেয়ে	বেশি	5
এ	জমা	5
১৮	বছর	5
যে	ফ্রি	5
নিজের	হাতে	5
অনেক	কাজে	5
সেই	টা	5
করুন	দেন	5
কারো	পোস্ট	5
বা	এমবি	5
কাজে	লাগলো	5
লোড	হয়ে	5
বার	পোস্ট	5
ওয়ার্ডপ্রেস	সাইট	5
দুই	দিন	5
করার	কোনও	5
৩২	বিট	5
একটা	এপিকে	5
টুলস	দিয়ে	5
চাই	আমার	5
দুই	বার	5
বাট	১	5
ভেরিফাই	না	5
করব	এখন	5
কোনো	পোষ্ট	5
চলে	তাহলে	5
৫	এ	5
ও	ইউজ	5
এক	মোবাইল	5
আগের	পোষ্ট	5
নিয়ে	আরো	5
টা	ট্রিক	5
কিন্তু	তার	5
করতে	চলে	5
উল্লেখ	করেন	5
ডোমেইন	অ্যাড	5
শুরু	করসেন	5
ইউটুব	এর	5
ব্রো	থাঙ্কস	5
দরকার	হবে	5
পায়	কিন্তু	5
চলতে	থাকে	5
কিছুই	করতে	5
ড্রোয়েড	ভিপিএন	5
ইন	শা	5
শা	আল্লাহ	5
এটি	ছিল	5
নরেন্দ্রনাথ	দত্ত	5
রোম্যান্স	উপন্যাসের	5
ব্যাটসম্যান	হিসেবে	5
হিসেবে	খেলতেন	5
তিনি	একটি	5
নেতৃত্বপ্রদানকারী	গোষ্ঠী	5
উইকেট	পান	5
ও	প্রযুক্তি	5
তিনি	প্রথম	5
এই	অঞ্চলে	5
স্থানান্তরিত	হয়	5
এবং	পরবর্তীতে	5
পরিচিতি	লাভ	5
২০১৩	সালের	5
আসেন	এবং	5
বাংলা	ও	5
সালের	৫	5
জাতীয়	সংসদ	5
পরিণত	হয়েছে	5
ঘোষণা	করে	5
আবদ্ধ	হন	5
করে	তিনি	5
পরিচালক	হিসেবে	5
দলের	বিপক্ষে	5
কাউন্টি	ক্রিকেটে	5
প্রতিনিধিত্ব	করেছেন	5
শুরু	করেছিলেন	5
এবং	নতুন	5
একদিনের	আন্তর্জাতিকে	5
অংশগ্রহণ	করেছেন	5
জয়	করে	5
সালের	দিকে	5
ওঠে	এবং	5
অন্যতম	প্রধান	5
যাত্রা	শুরু	5
সমর্থ	হয়	5
দেখতে	পাওয়া	5
সালে	তাঁর	5
আয়োজন	করা	5
১৯৫৮	সালে	5
বাণিজ্য	ও	5
এর	রাজধানী	5
শহরে	অবস্থিত	5
কারণে	তিনি	5
উচ্চ	শিক্ষা	5
১৯৭১	সালে	5
পরে	তিনি	5
তাঁর	বাবা	5
হয়ে	উঠে	5
গড়ে	ওঠে	5
২০০৪	সালে	5
অভিষেক	ঘটে	5
ভারত	সরকার	5
তিনি	এই	5
অনুষ্ঠিত	হয়	5
পরিচালনা	করেছেন	5
নিষিদ্ধ	করা	5
মোস্তফা	কামালের	5
বছরের	মধ্যে	5
এছাড়া	তিনি	5
ভূমিকায়	অভিনয়	5
এই	তিনটি	5
জড়িত	ছিলেন	5
১৯৮০	সালে	5
তখন	তিনি	5
সোভিয়েত	সৈন্যরা	5
কিংবদন্তি	কিংবদন্তি	5
ইলিশ	মাছ	5
ও	এর	5
১৯৬১	সালে	5
কেন্দ্র	করে	5
মধ্যে	রয়েছে	5
স্বাধীনতা	আন্দোলনের	5
নামক	এক	5
সালে	প্রতিষ্ঠিত	5
দখল	করেন	5
বিভিন্ন	ধরনের	5
ও	ভারতে	5
বর্তমান	বাংলাদেশ	5
বয়সে	তিনি	5
১৯৭১	সালের	5
নামকরণ	করা	5
এন্ড্রোয়েড	ভার্সন	5
তোমার	আব্বু	5
আব্বু	কেমন	5
কেমন	আছে	5
বোনের	আজকে	5
আজকে	মন	5
এই	কাজটি	5
কাজটি	করে	5
গরমে	বাহিরে	5
হতে	ইচ্ছা	5
সব	কথাই	5
কথাই	ভুল	5
মত	খারাপ	5
ছেলে	আমি	5
একটাও	দেখিনি	5
জন্য	আম্মা	5
জন্য	ছেলে	5
ছেলে	খুজতাসে	5
আব্বা	আমাকে	5
করতে	বলেছিল	5
মেয়েটি	গোলাপি	5
গোলাপি	রঙের	5
রঙের	শাড়ি	5
দুইদিন	পরে	5
আর	বিকালে	5
বিকালে	খেলতে	5
খেলতে	বের	5
মেয়েটি	সকালে	5
উঠেই	পরতে	5
পরতে	বসে	5
চাচা	বিদেশ	5
থেকে	গতকাল	5
গতকাল	বাংলাদেশে	5
বাংলাদেশে	এসেছে	5
দারওয়ান	অনেক	5
বন্ধু	খুলনা	5
খুলনা	ঘুরতে	5
আমার	ঘুরতে	5
অনেক	ঘুরতে	5
আমাকে	বিরক্ত	5
অপমান	করেছে	5
উঠে	বই	5
ভাই	একদমই	5
একদমই	পড়ালেখা	5
ভাইয়ের	বিদ্যালয়ে	5
একদিন	বিদ্যালয়ের	5
পরে	গিয়েছিলাম	5
কোনদিনও	ভালবাসবেন	5
ভালবাসবেন	না	5
বন্ধু	আজকে	5
ফুটবল	খেলেছে	5
কথা	একদমই	5
একদমই	বুঝো	5
বন্ধু	এখন	5
বোন	নাচতে	5
নাচতে	পারে	5
বন্ধু	এইবার	5
ছুটিতে	রাজশাহী	5
রাজশাহী	ঘুরতে	5
বন্ধু	যাকে	5
যাকে	ভালবাসে	5
ভালবাসে	সে	5
সে	রাজশাহী	5
রাজশাহী	থাকে	5
মেয়েটি	রাজশাহী	5
এখন	সিলেট	5
সিলেট	যাবে	5
আগে	কোনদিন	5
কোনদিন	দেখেছেন	5
চিনতে	পেরেছেন	5
ছেলেটি	আমাকে	5
মেয়েটি	তোমাকে	5
এখন	পড়ালেখা	5
বোন	ঘুমাতে	5
আমাকে	পরিক্ষার	5
পরিক্ষার	আগে	5
নিয়ে	পড়ালেখা	5
বন্ধু	বিদ্যালয়ের	5
ফুটপাতে	লাফাচ্ছে	5
বান্ধুবি	তার	5
তার	স্বামীকে	5
স্বামীকে	খুব	5
স্ত্রী	আমাকে	5
আমাকে	ভালোবাসে	5
ভালোবাসে	না	5
তোমার	বোনের	5
বোনের	প্রেম	5
আমার	গতকাল	5
গতকাল	প্রচণ্ড	5
তোমার	হাশির	5
দুটো	অনেক	5
ছেলেটি	বিদেশে	5
স্বপ্ন	দেখে	5
তোমার	বন্ধুর	5
আব্বু	আর	5
আর	চাচার	5
চাচার	মধ্যে	5
লোকটি	কিছু	5
আগে	বিয়ে	5
প্রথমে	তোমাকে	5
বইয়ের	দোকানে	5
আগেই	আবেগে	5
আপনার	বন্ধুদের	5
বন্ধুদের	গালি	5
এখনো	পেছনে	5
পেছনে	লাইনে	5
একজন	মহিলা	5
কেন	বলেননি	5
বলেছি	তোমাকে	5
নিয়ে	বিদেশ	5
বিদেশ	ঘুরতে	5
অনেক	ছেলে	5
ছেলে	কমেন্ট	5
ভালোবাসা	কাউকে	5
কাউকে	দেওয়া	5
কাছে	আবেগের	5
ভালোবাসা	হেরে	5
চিরদিন	তোমার	5
জন্য	থেকে	5
জীবনে	একা	5
একা	পথ	5
পথ	চলা	5
চলা	অনেক	5
জীবন	আমি	5
নিয়ে	বাঁচার	5
জন্য	দিব	5
আমার	ভালবাসা	5
ভালবাসা	দিয়ে	5
দিয়ে	সারাজীবন	5
সারাজীবন	তোমার	5
বুঝাবো	তোমাকে	5
তোমাকে	কতটা	5
সামলে	নিয়েছেন	5
বান্ধুবি	কিছু	5
ভাবতে	পারেনা	5
পারেনা	আপনাকে	5
বন্ধু	কিছু	5
লিখতে	পারেনা	5
পারেনা	আপনার	5
আপনাকে	ভালোবাসি	5
ভালোবাসি	এই	5
আব্বুর	খুব	5
বোনের	গরম	5
এই	শিশুটির	5
শিশুটির	অনেক	5
বন্ধুর	খুব	5
জন্য	নীল	5
নীল	শাড়ি	5
আমার	বন্ধুকে	5
বন্ধুকে	একটি	5
কিনে	উপহার	5
উপহার	দিয়েছি	5
সাথে	বিকালে	5
বিকালে	পার্কে	5
কাউকে	ভালোবাসা	5
আনন্দ	লাগে	5
ফিরে	আস	5
আস	তবে	5
তবে	তাকে	5
মানুষটিকে	ভালবাসবেন	5
ভালবাসবেন	তাকে	5
অর্থ	নেই	5
কিভাবে	অন্যকে	5
সুখী	করবেন	5
তুমি	কারো	5
দেবে	এই	5
এই	ভেবে	5
ভেবে	তোমার	5
তোমার	প্রেম	5
প্রেম	করা	5
আপনার	মনের	5
আজ	খুলে	5
তুমি	কখনই	5
কখনই	পারবে	5
তুমি	জোর	5
সকালবেলা	তাদেরকে	5
তাদেরকে	দেখতে	5
কোন	কথাতেই	5
কথাতেই	কোনও	5
লাগে	কালো	5
কালো	ওই	5
ওই	চোখ	5
দুটো	তোমার	5
একটি	গোলাপ	5
ফুল	কিনে	5
কিনে	দিবো	5
মন	তোমাকে	5
তোমাকে	দিলাম	5
তোমার	হাজার	5
মাঝে	তোমার	5
লুকিয়ে	ছিল	5
একটা	মানুষের	5
কথা	একদিনে	5
একদিনে	মুখে	5
আমার	হাজার	5
কথা	তোমাকে	5
তোমাকে	বুঝে	5
আমি	যতদিন	5
থাকি	আপনাকে	5
আপনাকে	মনে	5
আমার	যত	5
হোক	তোমাকে	5
আমি	জীবন	5
জীবন	সাজাবোই	5
তোমার	পড়াশোনা	5
তুমি	যাকে	5
যাকে	ভালোবাসো	5
ভালোবাসো	তাকেই	5
তাকেই	না	5
না	পাও	5
ঘরের	প্রতিটি	5
প্রতিটি	রুম	5
রুম	ফুল	5
দিয়ে	সাজিয়ে	5
মাছের	বাজারে	5
বাজারে	সবাই	5
এসে	বড়	5
বড়	মাছটি	5
মাছটি	দেখার	5
জন্য	ভিড়	5
ভিড়	জমালো	5
জন্য	আরেকটা	5
মিলে	দুরে	5
দুরে	কোথাও	5
কোথাও	ঘুরে	5
নীলে	হারিয়ে	5
চাই	তোমায়	5
অফুরন্ত	ভালবাসা	5
আমি	সারা	5
জীবন	আপনার	5
আপনার	ভালবাসা	5
ভালবাসা	পেতে	5
বোন	একসাথে	5
একসাথে	সাঁতার	5
নিয়ে	সুখের	5
পৃথিবী	সাজাতে	5
সাজাতে	চাই	5
আজ	সিলেটে	5
সিলেটে	বৃষ্টি	5
তোমার	মিথ্যা	5
ভালবাসা	একদিন	5
একদিন	হেরে	5
আমার	সত্যের	5
ভালবাসা	কোনদিনও	5
কোনদিনও	হারবে	5
হারবে	না	5
গানটি	আমার	5
তোমাকে	অসম্ভব	5
এখনও	আপনার	5
আপনার	ভালোবাসার	5
হলেই	পুরাতন	5
ছবির	নীল	5
আকাশ	অনেক	5
তুমি	এক	5
ফিরে	দেখবে	5
দেখবে	আমি	5
কন্যা	তোমাকে	5
মাঝে	চিৎকার	5
থেমে	গেছে	5
বোন	কেমন	5
তুমি	সত্যিই	5
কঠিন	সময়	5
একটি	শিশুকে	5
শিশুকে	একমাত্র	5
এসে	শিশুটি	5
শিশুটি	তার	5
তার	মাকে	5
মাকে	খোঁজে	5
যে	মা	5
মা	তাই	5
আমার	বাচ্চার	5
বাচ্চার	মুখের	5
কঠিন	বাস্তবের	5
বাস্তবের	সাথে	5
সাথে	তোমাকে	5
তোমাকে	মানিয়ে	5
মানিয়ে	নিয়ে	5
নিয়ে	চলতে	5
চলতে	হবে	5
মেয়েটি	একটি	5
নিয়ে	ঘুরতে	5
পরিবার	আজকে	5
আজকে	বিকালে	5
বিকালে	তোমার	5
আমাদের	দুজনের	5
কথা	চলছে	5
মেয়েটি	এই	5
এই	ছেলেকে	5
ছেলেকে	বিয়ে	5
রাজি	হচ্ছে	5
স্বামী	আমাদেরকে	5
আমাদেরকে	নিয়ে	5
নিয়ে	রাতের	5
বেলা	ঘুরতে	5
ঘুরতে	বের	5
এমন	ছেলে	5
ছেলে	আমার	5
বাবা	মায়ের	5
মায়ের	পছন্দ	5
মত	মানুষেরা	5
ভাই	মেয়েটির	5
সাথে	গতকাল	5
গতকাল	যোগাযোগ	5
ধরনের	মামলা	5
বিবাহিত	তাই	5
তাই	মামলা	5
মামলা	করতে	5
হলে	মহিলাটির	5
মহিলাটির	সংসার	5
বন্ধু	মেয়েদের	5
আমার	কাবিনের	5
টাকা	তোমাকে	5
তোমাকে	প্রতি	5
মাসে	দিতে	5
ভাই	সাত	5
আমি	ক্লাসের	5
সব	ছেলেদের	5
ছেলেদের	সাথেই	5
বছরের	শিশুটির	5
শিশুটির	দোষ	5
তোমাকে	বলেছিলাম	5
জন্য	বিয়েটা	5
ফেলতে	বললাম	5
তোমাকে	ছেড়ে	5
ছেড়ে	দূরে	5
দূরে	চলে	5
তুমি	একসাথে	5
একসাথে	নেই	5
স্বপ্নটা	যে	5
কবে	পূরণ	5
তোমার	পরিবার	5
পরিবার	আমার	5
তোমার	বিয়ে	5
হবে	শুনে	5
বোন	তার	5
তার	বন্ধুর	5
ঘুরতে	খুব	5
তাদের	পরিবারে	5
পরিবারে	কোন	5
ভাই	বোনের	5
বোনের	খুব	5
ভালো	ছবি	5
ছবি	আঁকে	5
মানুষদের	মধ্যে	5
তোমার	সুন্দর	5
পর	অনেক	5
অনেক	পাতলা	5
মেয়ে	মোটা	5
মোটা	হয়ে	5
মেয়েরা	বিয়ে	5
জন্য	ভদ্র	5
ছেলে	খুঁজে	5
বলে	ঘুরতে	5
পরই	ঝগড়া	5
ঝগড়া	শুরু	5
বলে	কেউ	5
ভালবাসে	না	5
পৃথিবীতে	থাকব	5
থাকব	তোমাকে	5
তোমাকে	মনে	5
পারে	সংসার	5
সংসার	গুছিয়ে	5
গুছিয়ে	রাখতে	5
মনটা	নিয়ে	5
নিয়ে	মেয়েরা	5
মেয়েরা	ফুটবল	5
ফুটবল	খেলে	5
ছেলেটি	গাড়ির	5
পরে	মারা	5
একবার	তোমার	5
তোমার	হাঁট	5
হাঁট	ধরলে	5
ধরলে	আর	5
আর	কোনদিনও	5
কোনদিনও	ছাড়বনা	5
তোমার	চুল	5
পরার	এই	5
মানুষ	এই	5
পৃথিবীতে	বেশি	5
গ্রামের	বাড়ির	5
বাড়ির	এই	5
এই	মেয়েটাকে	5
মেয়েটাকে	খুব	5
ছেলেটি	ছুটির	5
আমি	ধন্যবাদ	5
ভাইয়ের	জন্মদিন	5
ছবি	তুলে	5
তুলে	দিতে	5
আম্মু	কথা	5
কাছে	আমি	5
একটি	পরামর্শ	5
গান	গেয়ে	5
গেয়ে	শুনাতে	5
শুনাতে	পারবেন	5
তোমার	ভুল	5
বুঝতে	পেরেছ	5
গান	লিখে	5
লিখে	দিতে	5
প্রতিদিন	খেলাধুলা	5
বন্ধুরা	সকাল	5
বেলা	ফুটবল	5
মাঠে	যায়	5
তোমার	বয়স	5
চাঁদের	আলো	5
কি	সকালে	5
উঠে	চা	5
চা	খাবে	5
এইদিকে	আসতে	5
আসতে	পারবেন	5
তোর	পরিক্ষা	5
পরিক্ষা	কবে	5
আমাকে	বিকালে	5
বিকালে	খেলার	5
মাঠে	যেতে	5
পরিবার	তোমাকে	5
তোমাকে	কোনদিনও	5
কোনদিনও	মেনে	5
মেনে	নেবে	5
বান্ধুবি	ভালো	5
মেয়েটির	রাগ	5
কি	চান	5
আমি	এখান	5
রাজি	হয়েছেন	5
আব্বুর	মাথা	5
একজন	বদমেজাজি	5
যেই	মেয়ে	5
মেয়ে	বেশী	5
চা	খান	5
খান	নাই	5
বন্ধুরা	ফুটবল	5
মাঠে	গিয়েছি	5
আম্মুর	সব	5
দিয়ে	শুনি	5
আমার	বান্ধুবির	5
বান্ধুবির	একটি	5
ছোট	বিড়াল	5
লোকটি	তার	5
তার	বউয়ের	5
বউয়ের	গায়ে	5
কি	লোক	5
বউ	আমাকে	5
কোনদিনও	খোঁচা	5
তুমি	একজন	5
তোমাকে	জোর	5
তিনি	দুইবেলা	5
খেতে	পারেন	5
সুখী	থাকি	5
আম্মু	আজকে	5
আজকে	খাবারে	5
কম	দিয়েছে	5
খুশি	থাকে	5
করেও	কোন	5
অবাক	করবেন	5
কম	চাপাবাজি	5
চাপাবাজি	করেন	5
বোন	রান্না	5
আমি	বাহিরে	5
বাহিরে	যাবোই	5
আপনি	একা	5
একা	বাহিরে	5
ঘুরতে	যান	5
খুব	জোস	5
মেকআপ	করি	5
তুমি	একদমই	5
একদমই	না	5
বলা	লাগে	5
আপনি	এমনিতেই	5
বুঝে	যান	5
তোমার	বিবাহিত	5
বিবাহিত	জীবন	5
জীবন	সুখের	5
সুখের	হোক	5
আমাদের	বাসার	5
দারওয়ান	রাতে	5
রাতে	মদ	5
স্বামী	রাতে	5
রাতে	বন্ধুদের	5
আব্বু	বিয়ে	5
বাড়িতে	যাচ্ছি	5
পরেও	পরকীয়া	5
পরকীয়া	করার	5
কথা	স্বীকার	5
স্বীকার	করছ	5
করছ	না	5
বিবাহিত	মহিলা	5
মহিলা	রাস্তা	5
দিয়ে	হেতে	5
হেতে	যাচ্ছে	5
আমাদের	বড়	5
বড়	করেছেন	5
ছেলেটি	সারাদিন	5
চাচারাও	আমাকে	5
আম্মু	আগের	5
তুলনায়	এখন	5
বোন	আজকে	5
আজকে	খালামুনির	5
খালামুনির	বাসায়	5
ঘুরতে	যাবো	5
বোন	এতো	5
বোন	প্রচন্ড	5
সকালে	তাড়াতাড়ি	5
উঠে	বাহিরে	5
বাহিরে	একটু	5
একটু	হেঁটে	5
হেঁটে	আসা	5
আসা	খুব	5
কি	আমটি	5
আমটি	খেয়েছিলে	5
মধ্যে	গিয়ে	5
ভাই	দৌড়াল	5
আপনি	ফুটবল	5
খেলায়	হেরে	5
তুমি	ক্রিকেট	5
তুই	এখান	5
করে	বিশ্বাস	5
ছোট	শিশুটি	5
শিশুটি	অসুস্থ	5
হয়ে	পরেছে	5
বিকালে	একটু	5
ঘুমিয়ে	নিলাম	5
আব্বু	বড়	5
ভাইয়ের	উপর	5
উপর	রেগে	5
খুব	অবাক	5
মাথা	ব্যাথা	5
হাত	খরচের	5
খরচের	টাকা	5
আব্বু	দেয়	5
বোন	ইদানীং	5
ইদানীং	অনেক	5
ছেলেকে	পছন্দ	5
করি	সে	5
মেয়েটি	তাকে	5
বলে	দিয়েছে	5
থেকে	বিয়ের	5
মেয়ে	দেখা	5
বিয়ে	তোমার	5
বোনের	সাথে	5
সাথে	ঠিক	5
ঠিক	হয়েছে	5
ছেলেটি	আরও	5
বাবা	আমাদের	5
আমাদের	সমস্ত	5
আমাদের	নিয়ে	5
নিয়ে	গ্রামের	5
বাড়িতে	চলে	5
আম্মু	এরকম	5
তাদের	পারিবারিক	5
ভাবেই	বিয়ে	5
শাশুড়ি	অনেক	5
বাবা	অশিক্ষিত	5
অশিক্ষিত	একটা	5
আব্বু	মান	5
ভয়ে	মামলা	5
মামলা	করেননি	5
ছেলেটি	চাচার	5
ভয়ে	তার	5
তার	বাবাকে	5
বাবাকে	সত্যি	5
বলতে	পারেনি	5
ছোট	যখন	5
মারা	গিয়েছিল	5
গ্রামের	থেকে	5
আসা	ছেলেটি	5
এখন	ঢাকায়	5
ঢাকায়	পড়াশুনা	5
পড়াশুনা	করছে	5
তার	পরিচয়	5
পরিচয়	হয়েছে	5
হয়েছে	স্কুলে	5
স্কুলে	গিয়ে	5
আমার	বাহিরে	5
যাওয়ার	কোন	5
ছেলেটা	সিগারেট	5
সিগারেট	পর্যন্ত	5
পর্যন্ত	খায়	5
প্রথমদিকে	আপনাকে	5
এত	ভালোবাসতাম	5
ছেলেটি	সপ্তাহখানেক	5
দেখা	করেছে	5
ওই	মেয়েকে	5
মেয়েকে	যেভাবেই	5
যেভাবেই	হোক	5
হোক	খুঁজে	5
ছেলেটির	ঘটনা	5
ঘটনা	শুনে	5
তাকে	সাহায্য	5
সাহায্য	করি	5
তার	পরিবারসহ	5
পরিবারসহ	ঈদের	5
দিন	আমাদের	5
মেয়েটি	বাংলাদেশে	5
এসে	তার	5
তার	পছন্দের	5
পছন্দের	ছেলের	5
এলাকায়	কেরোসিন	5
প্রতিদিন	পেয়ারা	5
পেয়ারা	আমার	5
আব্বু	প্রতিদিন	5
প্রতিদিন	নারিকেল	5
আমার	দাদার	5
দাদার	বাড়ীর	5
পিছনে	একটি	5
পেয়ারা	গাছ	5
বসে	মোরগের	5
মানুষরা	মাটির	5
পাতিলে	রান্না	5
তরকারী	দিয়ে	5
শিশুটি	পাকা	5
পাকা	পেঁপে	5
পেঁপে	খাচ্ছে	5
আব্বু	গ্রাম	5
বড়	জাম্বুরা	5
আম্মু	জামরুল	5
জামরুল	খাচ্ছে	5
ভাই	বিকালে	5
বিকালে	ছাদে	5
ছাদে	উঠে	5
উঠে	পাশের	5
পাশের	বাসার	5
বাসার	ছাদের	5
ছাদের	কবুতর	5
কবুতর	দেখে	5
বাড়িতে	অনেক	5
গুলা	মুরগির	5
বাচ্চা	কলে	5
কলে	নিয়েছে	5
বোন	খুবই	5
খুবই	বোকা	5
গ্রামের	বারি	5
বারি	গিয়ে	5
গিয়ে	আমি	5
একা	সাঁতার	5
সাঁতার	কেটেছি	5
আব্বু	আম্মু	5
আম্মু	ভাই	5
বোন	ড্রয়িংরুমে	5
স্টোররুমটি	অনেক	5
বিড়াল	ছানাকে	5
ছানাকে	আদর	5
আদর	করছে	5
করা	খাবার	5
খাবার	খুব	5
ভাই	বেগুন	5
ভাত	খেয়েছে	5
আব্বু	লাউ	5
ঝোল	খুব	5
আমার	শীতের	5
শীতের	দিনে	5
গোসল	করতে	5
বোন	গ্রামের	5
বাড়ীতে	গিয়ে	5
গিয়ে	পুকুরে	5
গোসল	করে	5
আম্মু	বলে	5
যে	তেঁতুল	5
তেঁতুল	খেলে	5
আব্বু	বাজার	5
জন্য	তেঁতুল	5
তেঁতুল	কিনে	5
বাড়ীর	উঠান	5
উঠান	অনেক	5
শিশুটি	গ্রামের	5
ছোট	বাচ্চাটি	5
বাচ্চাটি	অনেক	5
একটি	আহত	5
শিশুটি	রাস্তায়	5
রাস্তায়	দাঁড়িয়ে	5
দাঁড়িয়ে	কাঁদছে	5
ছোট	বোনকে	5
বোনকে	আজকে	5
সকালে	হাসপাতালে	5
হাসপাতালে	নেয়া	5
নেয়া	হয়েছে	5
বলেছে	বৃষ্টি	5
বৃষ্টি	হলে	5
হলে	বারান্দার	5
আম্মু	বৃষ্টি	5
হলেও	বারান্দার	5
পানি	দেয়	5
বলেছে	গাছে	5
গাছে	অতিরিক্ত	5
পানি	দিলে	5
দিলে	গাছ	5
গাছ	মারা	5
গতকাল	বিকালে	5
বিকালে	আমাদের	5
অনেক	বৃষ্টি	5
আম্মু	আজক	5
আজক	শশার	5
শশার	তরকারি	5
দিনে	লবণ	5
দিয়ে	শশা	5
আব্বু	আজকে	5
সকালে	বাজার	5
থেকে	টমেটো	5
টমেটো	কিনে	5
দিন	টমেটোর	5
টমেটোর	দাম	5
বেড়ে	চলছে	5
আমার	সরিষার	5
ভাজা	খেতে	5
আমার	দাদা	5
দাদা	চুলে	5
চুলে	সরিষার	5
তেল	দেয়	5
নানা	বলেছে	5
বলেছে	সরিষার	5
তেল	চুল	5
কৃষক	বাজারে	5
বাজারে	টমেটো	5
আব্বু	গায়ে	5
গায়ে	সরিষার	5
তেল	মালিশ	5
মালিশ	করে	5
খুব	অসুস্থ	5
যেখানে	সেখানে	5
সেখানে	থুথু	5
ফেলা	একদম	5
একদম	নিষেধ	5
আম্মু	বলেছে	5
বলেছে	প্রতিদিন	5
প্রতিদিন	তেতুল	5
আমার	শরীরের	5
ভাইয়ের	প্রিয়	5
ফল	হলো	5
হলো	জামরুল	5
শিশুটির	কিছু	5
গ্রামের	বাজারে	5
বাজারে	অনেক	5
একটি	দেশী	5
দেশী	মুরগীর	5
মুরগীর	দোকান	5
উঠে	নারিকেল	5
পানি	খেতে	5
আজকে	শিম	5
ভাজি	দিয়ে	5
জন্য	শিম	5
ভাজি	রান্না	5
বসে	মাটির	5
পাতিলে	মুরগির	5
অনেক	মানুষই	5
মানুষই	শখের	5
বশে	ছাদের	5
উপর	কবুতর	5
উঠেই	ঘরের	5
স্টোররুমটি	পরিষ্কার	5
দিয়ে	পেয়ারা	5
বোন	খুব	5
বসে	আমার	5
বাবার	জন্য	5
জন্য	শিমের	5
শিমের	তরকারি	5
আর	আব্বু	5
আব্বু	গতকাল	5
গতকাল	সিলেট	5
আম্মু	লাকড়ির	5
বড়	বোনটি	5
বোনটি	কাঁচা	5
শরবত	খেতে	5
এই	বকা	5
বকা	ছেলেটি	5
ছেলেটি	দুইদিন	5
ধরে	পড়ালেখা	5
পড়ালেখা	করছে	5
বিকালে	আম্মু	5
সুপ	রান্না	5
আমার	স্কুলে	5
স্কুলে	কোনো	5
কোনো	খেলার	5
মাঠ	নেই	5
খেলা	দেখছিলাম	5
খেলা	আজকে	5
আজকে	ইংল্যান্ড	5
ইংল্যান্ড	বিশ্বকাপ	5
খেলায়	জিতে	5
জিতে	গেছে	5
চল	আমরা	5
সবাই	গান	5
এক	গ্লাস	5
গ্লাস	পানি	5
না	পানি	5
ভাই	পড়ালেখাতে	5
পড়ালেখাতে	অনেক	5
অনেক	মেধাবি	5
আচ্ছা	বলো	5
বলো	দেখি	5
দেখি	বাংলাদেশে	5
বাংলাদেশে	কয়টি	5
কয়টি	জেলা	5
দিকে	যেয়ে	5
যেয়ে	মেয়েটি	5
অনেক	হাসবে	5
গরমে	আমার	5
ছেলেটি	সাদা	5
সাদা	রঙয়ের	5
রঙয়ের	একটি	5
একটি	শার্ট	5
লাল	রঙয়ের	5
রঙয়ের	শাড়ি	5
ছেলেটি	সিলেট	5
মেয়েটি	সিলেট	5
আসা	এই	5
এই	ছেলেটিকে	5
ছেলেটিকে	অনেক	5
মেয়েটাকে	এখনো	5
এখনো	ভালবাসার	5
ভালবাসার	চোখে	5
চোখে	দেখেনি	5
মেয়েটি	তাঁর	5
তাঁর	সব	5
সব	স্বপ্নের	5
মধ্যে	ছেলেটাকে	5
ছেলেটাকে	কল্পনা	5
কল্পনা	করে	5
একবার	বিয়ে	5
আমাকে	বলেছিল	5
বলেছিল	বিয়ে	5
বিয়ে	হলে	5
হলে	জীবন	5
জীবন	পরিবর্তন	5
পরিবর্তন	হয়ে	5
আম্মু	ঐদিন	5
ঐদিন	ঠিক	5
ঠিক	কথাই	5
কথাই	বলেছিলও	5
এখন	ভাল	5
মেয়েটি	দুইদিন	5
ধরে	পলাতক	5
দারওয়ান	এখন	5
তাঁর	গ্রামে	5
গ্রামে	ঘুরতে	5
এই	জিনিষটা	5
জিনিষটা	খুবই	5
খুবই	বিরক্তিকর	5
বিরক্তিকর	ছিল	5
সে	সিলেট	5
রাজশাহী	চলে	5
সে	একদমই	5
একদমই	হাসে	5
হাসে	না	5
আমাকে	অপমান	5
তাঁর	বই	5
পরতে	একদমই	5
কি	বই	5
বই	পড়ার	5
পড়ার	অভ্যাস	5
আমাকে	চিনো	5
তোমাকে	আগে	5
আপনার	পড়ালেখা	5
আপনাকে	পড়ালেখা	5
তোর	পড়ালেখা	5
পড়ালেখা	কোরতে	5
কোরতে	হবে	5
আর	পড়ালেখা	5
পড়ালেখা	করবি	5
করবি	নাহ	5
পড়ালেখা	ছেড়ে	5
ছেড়ে	দিতে	5
দিতে	চাস	5
এখন	খেতে	5
খেতে	বসবা	5
আমার	খেতে	5
বিদ্যালয়ে	অনেক	5
বন্ধু	আছে	5
বোন	বিদ্যালয়ে	5
যেতে	অনেক	5
গ্রামের	একটি	5
তার	বিদ্যালয়ে	5
তার	বিদ্যালয়ের	5
বিদ্যালয়ের	একটি	5
একটি	মেয়েকে	5
মেয়েকে	ভালোবাসতো	5
ছেলেটি	তাঁর	5
তাঁর	গ্রামের	5
গ্রামের	ছোটো	5
ছোটো	একটি	5
থেকে	পড়ালেখা	5
করে	এসএসসি	5
এসএসসি	পাশ	5
পাশ	করেছে	5
তোমাদের	বাসা	5
ঢাকা	বাংলাদেশের	5
বাংলাদেশের	রাজধানী	5
প্রেম	করবা	5
ফুটবল	খেলেছি	5
আমাদের	স্বপ্ন	5
স্বপ্ন	অনেক	5
শিশু	বিছানায়	5
বিছানায়	লাফিয়ে	5
লাফিয়ে	উঠছে	5
ছেলে	বিছানায়	5
বিছানায়	লাফাচ্ছে	5
এক	বিছানা	5
বিছানা	থেকে	5
অন্য	বিছানায়	5
বিছানায়	লাফ	5
লাফ	দিচ্ছে	5
ফুটপাতে	হাঁটছে	5
থেকে	তাদের	5
আমি	বিবাহ	5
বিবাহ	করেছি	5
করেছি	দশ	5
বছর	হয়	5
অসম্ভব	ভাল	5
ছবি	দেখলাম	5
অসম্ভব	ভালো	5
লেখা	পড়লাম	5
তিনি	এটা	5
দেখে	জ্ঞান	5
জ্ঞান	হারিয়ে	5
হারিয়ে	ফেললেন	5
কথায়	অনেক	5
লাগছে	আপনাকে	5
আপনার	ছবির	5
ছবির	চেয়ে	5
আপনি	বাস্তবে	5
বাস্তবে	বেশি	5
আপনার	হাশির	5
আপনার	চোখ	5
চোখ	অনেক	5
আপনাকে	দেখছি	5
দু	ভাইয়ের	5
ভাইয়ের	মধ্যে	5
পরে	এক	5
ভাই	কুয়েত	5
কুয়েত	চলে	5
যায়	আরেক	5
আরেক	ভাই	5
ভাই	সুদান	5
সুদান	চলে	5
পর	সুদান	5
সুদান	ফেরত	5
ফেরত	লোকটি	5
লোকটি	বিয়ে	5
মোবাইল	ছাড়া	5
ছাড়া	বাথরুমে	5
বাথরুমে	গেলে	5
গেলে	মনে	5
জরুরি	ফাইল	5
ছাড়া	অফিসে	5
অফিসে	বসে	5
যাদের	গালি	5
দেওয়া	হয়ে	5
তারা	দয়া	5
লাইন	থেকে	5
পেছনে	এখনো	5
মানুষ	লাইনে	5
তাদেরকে	গালি	5
কারন	আবেগে	5
বলছো	যে	5
যে	থাকার	5
থাকার	সে	5
সে	এমনিই	5
এমনিই	থেকে	5
আপনাকে	একটি	5
একটি	দোকানে	5
নিজের	পছন্দের	5
পছন্দের	বিয়েতে	5
বিয়েতে	বাবা	5
বাবা	মাকে	5
মাকে	রাজি	5
রাজি	করানো	5
করানো	হলো	5
শাড়ি	পড়ে	5
পড়ে	দাড়িয়ে	5
বউয়ের	জন্য	5
আর	বন্ধুদের	5
বন্ধুদের	মাঝে	5
মাঝে	মুখ	5
মুখ	দেখানোর	5
দেখানোর	উপায়	5
জানি	এখানে	5
অনেক	মেয়ে	5
মেয়ে	কমেন্ট	5
হয়	ঘরবাড়ী	5
ঘরবাড়ী	সব	5
সব	মশার	5
মশার	নামে	5
নামে	লিখে	5
লিখে	দিয়ে	5
আমি	জঙ্গলে	5
জঙ্গলে	চলে	5
হয়ে	আছি	5
আছি	আমি	5
হয়ে	থাকবো	5
জীবন	তোমায়	5
তোমায়	আমি	5
আমি	ভালবেসে	5
ভালবেসে	যাবো	5
পাশে	থেকো	5
থেকো	সারা	5
জীবন	দূরে	5
দূরে	যেয়ো	5
যেয়ো	না	5
ছাড়া	একটুও	5
একটুও	আমার	5
কাউকে	আবেগের	5
ভালোবাসা	দিওনা	5
দিওনা	মনের	5
ভালোবাসা	দিও	5
কারন	আবেগের	5
ভালোবাসা	একদিন	5
বুঝাবো	তারে	5
তারে	আমি	5
আমি	কতটা	5
পর	তোমাকে	5
তোমাকে	দেখলাম	5
সামলে	নিলাম	5
ভান	করলে	5
করলে	তখন	5
আমার	দারুন	5
দারুন	লেগেছে	5
তোমাকে	সেই	5
সেই	অনুভুতির	5
অনুভুতির	কথা	5
তোমাকে	খুব	5
মনে	পড়ছে	5
পড়ছে	দিব	5
দিব	তোমায়	5
তোমায়	লাল	5
জীবনে	কেউ	5
জীবনে	কোন	5
কোন	স্বপ্ন	5
স্বপ্ন	নেই	5
আমার	দুচোখ	5
দুচোখ	কিছু	5
কিছু	খোজেনা	5
খোজেনা	তোমায়	5
যখন	মেয়ে	5
মেয়ে	বুঝে	5
তখন	ছেলে	5
ছেলে	বুঝেনা	5
তুমি	শুধু	5
শুধু	মনে	5
মনে	রেখো	5
রেখো	আমায়	5
আমায়	সারা	5
সারা	বেলা	5
চোখের	কান্না	5
কান্না	মুছে	5
মুছে	দেব	5
দেব	তোমায়	5
তোমায়	হাসি	5
আমি	বন্ধু	5
বন্ধু	তোমায়	5
তোমায়	এতো	5
এতো	ভালবাসি	5
সুন্দর	পড়েছি	5
পড়েছি	আমি	5
ছেলেরা	ভালোবাসার	5
ভালোবাসার	অভিনয়	5
কখন	সত্যি	5
সত্যি	ভালোবেসে	5
ভালোবেসে	ফেলে	5
ফেলে	তারা	5
মেয়েরা	সত্যিকার	5
সত্যিকার	ভালোবাসতে	5
ভালোবাসতে	বাসতে	5
বাসতে	যে	5
কখন	অভিনয়	5
পৃথিবীতে	প্রিয়	5
প্রিয়	মানুষগুলোকে	5
মানুষগুলোকে	ছাড়া	5
ছাড়া	বেঁচে	5
বেঁচে	থাকাটা	5
থাকাটা	কষ্টকর	5
কষ্টকর	কিন্তু	5
কিন্তু	অসম্ভব	5
অসম্ভব	কিছু	5
জন্য	কারো	5
কারো	জীবন	5
থেমে	থাকে	5
কাউকে	প্রচন্ডভাবে	5
প্রচন্ডভাবে	ভালবাসার	5
ভালবাসার	মধ্যে	5
ধরনের	দুর্বলতা	5
দুর্বলতা	আছে	5
ছেলে	এবং	5
এবং	মেয়ে	5
মেয়ে	বন্ধু	5
অবশ্যই	একে	5
প্রেমে	পড়বে	5
ছেলেদের	জন্য	5
জন্য	পৃথিবীতে	5
পৃথিবীতে	সব	5
চাইতে	মূল্যবান	5
মূল্যবান	হল	5
হল	মেয়েদের	5
মেয়েদের	হাসি	5
তোমাকে	দুচোখ	5
দুচোখ	ভরে	5
ভরে	দেখা	5
দেখা	এখনও	5
এখনও	বাকি	5
তোমাকে	কাছে	5
কাছে	এসে	5
এসে	জড়িয়ে	5
জড়িয়ে	ধরা	5
ধরা	বাকি	5
আব্বু	আমার	5
জন্য	লাল	5
লাল	জামা	5
জামা	কিনে	5
আমাকে	লাল	5
নিয়ে	পার্কে	5
যে	ভালবাসা	5
ভালবাসা	যত	5
যত	গোপন	5
গোপন	সেই	5
সেই	ভালবাসা	5
ভালবাসা	তত	5
তত	গভীর	5
ভালোবাসা	পাওয়ার	5
পাওয়ার	চাইতে	5
চাইতে	ভালোবাসা	5
কাউকে	তাকে	5
ফিরে	সে	5
সে	তোমারই	5
তোমারই	ছিল	5
যদি	ফিরে	5
ফিরে	না	5
সে	কখনই	5
কখনই	তোমার	5
তোমার	ছিল	5
যখন	কোন	5
কোন	পুরুষ	5
পুরুষ	কোন	5
কোন	নারীকে	5
নারীকে	সে	5
মুখে	সবসময়	5
সবসময়	ভালোবাসি	5
ভালোবাসি	ভালোবাসি	5
ভালোবাসি	বলার	5
বলার	চেয়ে	5
হয়	ভালোবাসার	5
ভালোবাসার	মানুষটাকে	5
মানুষটাকে	বুঝতে	5
পারা	অনেক	5
মানে	পরস্পরকে	5
পরস্পরকে	বুঝতে	5
মানুষটিকে	ভালোবাসব	5
ভালোবাসব	তাকে	5
হয়ে	অন্যকে	5
সুখী	করা	5
আপনার	জীবনে	5
দেবে	ভেবে	5
ভেবে	কারো	5
সাথে	প্রেমে	5
প্রেমে	জড়াবেন	5
জড়াবেন	না	5
আপনি	কারো	5
এনে	দেবেন	5
দেবেন	ভেবে	5
ভেবে	প্রেম	5
প্রেম	করুন	5
সত্যিকারের	ভালোবাসা	5
ভালোবাসা	শুধু	5
শুধু	ভালোবাসার	5
ভালোবাসার	মানুষটিকে	5
মানুষটিকে	সুখী	5
সুখী	করতে	5
চায়	তার	5
কোনো	প্রতিদান	5
প্রতিদান	আশা	5
ভালবাসা	মানে	5
মানে	কাউকে	5
কাউকে	জয়	5
বরং	নিজেই	5
নিজেই	কারো	5
জন্য	হেরে	5
হেরে	যাওয়া	5
আপনি	কখনই	5
কখনই	পারবেন	5
নিতে	কিংবা	5
কিংবা	জোর	5
সামনে	যাদেরকে	5
যাদেরকে	দেখছেন	5
দেখছেন	তাদেরকে	5
তাদেরকে	আগামিকাল	5
সকালবেলা	আর	5
আর	দেখতে	5
কিনা	তার	5
তার	কোনও	5
লাগে	তোমার	5
ওই	কাজল	5
কাজল	কালো	5
কালো	চোখ	5
কথা	আজ	5
আমাকে	খুলে	5
খুলে	বলো	5
হাতটা	ধরে	5
ধরে	সামনের	5
সামনের	পথে	5
পথে	এগিয়ে	5
এগিয়ে	চলো	5
চলো	পেছন	5
পেছন	ফিরে	5
ফিরে	আর	5
আমরা	দেখবো	5
দেখবো	না	5
ফুল	দিবো	5
তোমার	হাতে	5
মন	আজ	5
আজ	তোমায়	5
তোমায়	দিলাম	5
ওই	মন	5
মন	আমি	5
আমি	নিয়ে	5
লুকিয়ে	থাকে	5
কথা	মুখে	5
থাকি	তোমায়	5
তোমায়	মনে	5
হোক	সব	5
মেনে	চিরদিন	5
চিরদিন	তোমাকেই	5
তোমাকেই	ভালোবাসবো	5
দেখো	কি	5
সুন্দর	মিষ্টি	5
মিষ্টি	চাঁদের	5
ফুলে	ফুলে	5
ফুলে	সাজিয়ে	5
রেখেছি	আমার	5
মন	তুমি	5
তুমি	আসলে	5
আসলে	দুজন	5
দুজন	মিলে	5
মিলে	সাজাবো	5
সাজাবো	জীবন	5
যদি	তোমাকেই	5
তোমাকেই	না	5
মেয়েদের	পোস্ট	5
মাছের	বাজার	5
বাজার	সবাই	5
এসে	ভিড়	5
ভিড়	জমায়	5
ছেলেদের	পোস্ট	5
হচ্ছে	সোনার	5
সোনার	দোকান	5
দোকান	তাই	5
কম	লোকই	5
লোকই	এখানে	5
এখানে	আসে	5
প্রতিদিন	ঘুমিয়ে	5
ঘুমিয়ে	পড়ার	5
পড়ার	আগে	5
ভাবি	যাই	5
হোক	বিয়ে	5
করার	আরেকটা	5
বিয়েতে	ছেলে	5
ছেলে	পক্ষ	5
পক্ষ	দাবি	5
করেছিল	দুটি	5
দুটি	সোনার	5
সোনার	জিনিস	5
জিনিস	চাই	5
চাই	মেয়ে	5
মেয়ে	পক্ষ	5
পক্ষ	তাতেই	5
তাতেই	রাজি	5
রাজি	হয়ে	5
বর্তমানে	প্রেম	5
প্রেম	হীন	5
হীন	মানুষ	5
মানুষ	খুঁজে	5
খুঁজে	পাওয়াটা	5
পাওয়াটা	কষ্টকর	5
মিষ্টি	হেসে	5
হেসে	কথা	5
বলে	পাগল	5
পাগল	করে	5
নিয়ে	হারিয়ে	5
হারিয়ে	যাবো	5
যাবো	আকাশের	5
চলোনা	কিছু	5
মেনে	ভালোবাসি	5
চলো	দুজনে	5
মিলে	সুখের	5
পৃথিবী	সাজাই	5
সব	কল্পনা	5
তোমায়	হৃদয়ে	5
হৃদয়ে	রাখবো	5
রাখবো	সারাক্ষণ	5
যদি	চাও	5
চাও	বৃষ্টি	5
হবে	আজ	5
চল	দুজনে	5
দুজনে	হাত	5
ধরে	হারাবো	5
তোমাকে	ছুয়ে	5
ছুয়ে	দিতে	5
চাই	অনুমতি	5
ছবির	প্রতিটি	5
প্রতিটি	গান	5
গান	অনেক	5
প্রিয়	ছিল	5
এবং	এখনো	5
ভালবাসা	হারে	5
হারে	না	5
না	মিথ্যা	5
ভালবাসা	হেরে	5
সেই	সোনালী	5
সোনালী	যুগের	5
যুগের	সেই	5
সেই	প্রাচীন	5
প্রাচীন	গান	5
গান	যে	5
যে	গান	5
শুনলে	বুকটা	5
বুকটা	ভরে	5
যতবার	দেখি	5
ততবার	ভালো	5
লাগে	মৌসুমিকে	5
মৌসুমিকে	গানটাতে	5
গানটাতে	অসম্ভব	5
অসম্ভব	সুন্দর	5
লাগে	গানটা	5
কালো	আর	5
আর	লাল	5
লাল	শাড়িতে	5
শাড়িতে	মৌসুমী	5
মৌসুমী	আপু	5
আপু	কে	5
কে	অসম্ভব	5
গানটা	শুনলেই	5
শুনলেই	পুরাতন	5
ছবির	সব	5
সব	গানগুলো	5
গানগুলো	অনেক	5
সব	সময়ে	5
সময়ে	গান	5
গুলো	বেশ	5
বেশ	সুন্দর	5
সুন্দর	ভালো	5
লাগে	শুনতে	5
মৌসুমি	আপুকে	5
আপুকে	বলছি	5
বলছি	এরকম	5
একটা	ছবি	5
ছবি	আমাদেরকে	5
আমাদেরকে	আবার	5
আবার	উপরহার	5
উপরহার	দিন	5
মৌসুমী	আসলেই	5
খুব	সুন্দরী	5
সুন্দরী	আমি	5
আমি	কাছ	5
থেকে	দেখেছি	5
একদিন	হয়তো	5
হয়তো	পৃথিবীর	5
পৃথিবীর	মায়া	5
মায়া	কাটিয়ে	5
কাটিয়ে	চলে	5
যাবো	পরপারে	5
চোখ	মেললেই	5
মেললেই	দেখি	5
দেখি	তোমাকে	5
তোমাকে	চোখ	5
চোখ	বুজলেই	5
বুজলেই	পাই	5
পাই	আরো	5
আরো	কাছে	5
বেশি	ভালবাসা	5
ভালবাসা	আমি	5
গান	আমার	5
এত	প্রিয়	5
প্রিয়	এখনো	5
এখনো	শুনি	5
শুনি	অনেক	5
একটা	অনুভুতী	5
অনুভুতী	কাজ	5
যৌবন	আসার	5
আগেই	তাকে	5
ভালো	বেসেছিলাম	5
বেসেছিলাম	আবার	5
আবার	যৌবন	5
যৌবন	শেষ	5
হবার	পরেও	5
পরেও	তাকেই	5
তাকেই	ভালো	5
ভালো	বাসবো	5
পর	খুজে	5
খুজে	পেয়েছি	5
পেয়েছি	আমার	5
প্রিয়	গানটা	5
জীবনে	অনেক	5
শুনি	তারপরেও	5
তারপরেও	কেন	5
গান	গুলোর	5
গুলোর	মত	5
মত	এত	5
যখন	গানটা	5
গানটা	নতুন	5
বের	হয়েছিলো	5
হয়েছিলো	তখন	5
অনেক	শুনেছি	5
গানটা	যে	5
যে	কতো	5
যে	শুনেছি	5
শুনেছি	তার	5
কোনো	হিসেব	5
হিসেব	নেই	5
ছোটবেলার	স্মৃতিগুলো	5
স্মৃতিগুলো	মনে	5
পরে	যায়	5
পর	গানটার	5
গানটার	বয়স	5
বয়স	এক	5
এক	যুগ	5
হবে	যাবে	5
ভবিষ্যতে	আমার	5
মেয়ে	যখন	5
যখন	এসব	5
গান	দেখবে	5
দেখবে	তার	5
বাবা	কতটা	5
কতটা	রোমান্টিক	5
রোমান্টিক	ছিল	5
গানটা	কতবার	5
কতবার	শুনিছি	5
শুনিছি	আমি	5
নিজেই	জানি	5
যাবে	সময়	5
সময়	কিন্তু	5
কিন্তু	থেকে	5
যাবে	এসব	5
কিছু	গান	5
তাদেরকে	অনেক	5
ধন্যবাদ	যারা	5
যারা	গান	5
গুলো	উপহার	5
উপহার	দিয়ে	5
দিয়ে	গেছেন	5
রুমি	ভাইয়া	5
ভাইয়া	আবার	5
ফিরে	আসো	5
আসো	সবার	5
মাঝে	নতুন	5
নতুন	গান	5
গান	নিয়ে	5
পুরনো	দিনের	5
গেছে	কতকিছু	5
কতকিছু	কত	5
কত	আপনজন	5
শুধু	গানটি	5
গানটি	যেমন	5
যেমন	ছিলো	5
ছিলো	তেমনেই	5
তেমনেই	রয়ে	5
অনেক	আবেগ	5
আবেগ	আছে	5
এ	গান	5
গান	টা	5
গান	ছোটবেলা	5
থেকে	শুনে	5
শুনে	বড়	5
হল	আমি	5
ঘুরে	এলাম	5
এই	ছবিটা	5
ছবিটা	দেখলে	5
দেখলে	বোঝা	5
যায়	আমাদের	5
দেশের	জন্য	5
জন্য	কতো	5
কতো	কষ্ট	5
করেছে	মুক্তিযোদ্ধা	5
মুক্তিযোদ্ধা	ভাইয়েরা	5
জীবনে	ভুলতে	5
ভুলতে	পারব	5
যতদিন	পৃথিবীর	5
পৃথিবীর	বুকে	5
বুকে	বাংলাদেশ	5
বাংলাদেশ	নামটি	5
নামটি	থাকবে	5
থাকবে	ততদিন	5
ততদিন	পর্যন্ত	5
গানটি	চলতে	5
মুক্তিযুদ্ধের	ভাইয়েরা	5
ভাইয়েরা	আমাদের	5
গানটি	শুনে	5
আসলো	সত্যি	5
ভারতীয়	হয়েও	5
হয়েও	যেন	5
যেন	কোথাও	5
আমি	বাংলাদেশি	5
বাংলাদেশি	অনুভব	5
অনুভব	করছি	5
আজকের	এই	5
দিনে	বাংলাদেশকে	5
বাংলাদেশকে	খুব	5
সেই	ছোটবেলার	5
ছোটবেলার	কথা	5
যায়	যতবার	5
যতবার	গানটা	5
গানটা	শুনি	5
শুনি	অতীতে	5
অতীতে	ফিরে	5
ফিরে	যাই	5
এই	ছোট	5
ছোট	ছেলেটি	5
ছেলেটি	একটি	5
একটি	বল	5
বল	দিয়ে	5
দিয়ে	খেলছে	5
লোকটি	ফোনে	5
বাইরে	বেশ	5
মানুষ	ঘুরে	5
ঘুরে	বেড়াচ্ছে	5
রাতে	একদল	5
একদল	লোক	5
লোক	একসাথে	5
একসাথে	বাইরে	5
বাইরে	বসে	5
তুমিহীন	সময়টা	5
সময়টা	নিজেদের	5
নিজেদের	মতো	5
গুছিয়ে	নেওয়ার	5
নেওয়ার	চেষ্টা	5
আজ	তোমার	5
নিয়ে	সারা	5
সারা	বই	5
বই	মেলা	5
মেলা	ঘুরেছি	5
ঘুরেছি	কিন্তু	5
কোনো	আনন্দ	5
আনন্দ	পায়নি	5
তোমার	পছন্দের	5
পছন্দের	বেশ	5
কয়েকটি	বই	5
বই	কিনেছি	5
কিছু	কেমন	5
কেমন	শান্ত	5
শান্ত	আর	5
আর	ফাঁকা	5
ফাঁকা	লেগেছে	5
জানি	আমাদের	5
দিন	এপারে	5
এপারে	একসাথে	5
একসাথে	বই	5
বই	পড়া	5
পড়া	হবেনা	5
তুমি	নেই	5
কঠিন	সত্যিটা	5
সত্যিটা	আমি	5
আমি	আজও	5
আজও	বিশ্বাস	5
হয়	বেলা	5
বেলা	শেষে	5
শেষে	তুমি	5
তুমি	ঘরে	5
ঘরে	ফিরবে	5
ফিরে	দেখবো	5
দেখবো	তুমি	5
আছো	সত্যিই	5
সত্যিই	তুমি	5
আমি	কোনদিন	5
কোনদিন	চিন্তাও	5
চিন্তাও	করিনি	5
করিনি	আমার	5
আমার	মেয়ে	5
তার	মার	5
ছাড়া	বড়	5
হবে	বাসার	5
কাজের	মানুষের	5
আসে	চিৎকার	5
জানো	সত্যিই	5
কঠিন	বাবা	5
সন্তানকে	একমাত্র	5
কন্যা	আমার	5
শুধু	তোমাকে	5
তোমাকে	খোঁজে	5
পর	তোমার	5
তোমার	মেয়ে	5
মেয়ে	কেমন	5
হয়তো	কেউ	5
যে	বাবা	5
বাবা	আমি	5
আমার	কন্যার	5
কন্যার	মুখের	5
রকম	মানুষেরা	5
তাদের	দুজনের	5
ছেলে	হঠাৎ	5
করে	তরুণীকে	5
তরুণীকে	না	5
জানিয়ে	দেশের	5
মাঝে	মেয়েটি	5
সে	মেয়েটির	5
মেয়েটি	কাউকে	5
কাউকে	বিয়ে	5
ওই	ছেলে	5
কিছুই	শুনতে	5
শুনতে	চায়	5
মেয়ে	মামলা	5
বিবাহিত	মামলার	5
মামলার	বিষয়টা	5
হলে	সংসার	5
স্বামী	বিভিন্ন	5
বিভিন্ন	মেয়ের	5
আমি	কাবিনের	5
দিবো	প্রতি	5
এখন	বিয়ের	5
পর	জানতে	5
স্বামী	আগে	5
আগে	দুইটি	5
দুইটি	বিয়ে	5
বিয়ে	করেছিল	5
আমি	মনসিক	5
মনসিক	ভাবে	5
খুব	সমস্যার	5
সমস্যার	মধ্যে	5
মধ্যে	আছি	5
একটাই	কথা	5
কথা	ছেলে	5
ছেলে	মানুষের	5
কাছে	কিসের	5
কিসের	প্রয়োজন	5
প্রয়োজন	থাকতে	5
সব	মেয়েদের	5
মেয়েদের	সাথেই	5
আমি	ধরে	5
ধরে	নিলাম	5
নিলাম	আমার	5
অনেক	দোষ	5
দোষ	অনেক	5
বছরের	বাচ্চা	5
বাচ্চা	তার	5
তার	কোথায়	5
কোথায়	দোষ	5
আমরা	বলি	5
বলি	একটু	5
সময়	নেওয়ার	5
উনার	স্ত্রীকে	5
নিয়ে	আসার	5
তোমাকে	যেদিন	5
যেদিন	বলেছিলাম	5
সেদিন	কথাটা	5
কথাটা	বলেছিলাম	5
বলেছিলাম	শুধু	5
কিন্তু	তুমি	5
তুমি	এখন	5
এখন	এতোই	5
এতোই	ভালো	5
আছো	যে	5
সেটা	মানতে	5
পছন্দ	করেই	5
করেই	পরিবারের	5
পরিবারের	মাধ্যমে	5
মাধ্যমে	বিয়ে	5
করে	এনেছে	5
ভালোবাসার	মানুষের	5
হয়তো	বাচঁতে	5
বাচঁতে	পারবো	5
আর	মানুষের	5
মধ্যে	মায়া	5
মায়া	বিষয়টা	5
বিষয়টা	খুব	5
একটা	নেই	5
ছোট	বাচ্চাকে	5
বাচ্চাকে	নিয়ে	5
নিয়ে	বাবার	5
বাবার	বাড়িতে	5
বাড়িতে	যাই	5
নিজের	পরিবার	5
নিয়ে	বসুন	5
পরিবারে	ছোট	5
খাটো	ঝামেলা	5
নাম	পরিচয়	5
একটি	কঠিন	5
কঠিন	সমস্যা	5
হাজির	হয়েছি	5
একসময়	ছেলের	5
ছেলের	মেয়েটাকে	5
তাদের	চার	5
চার	বছরের	5
মেয়ে	বাচ্চা	5
গত	এক	5
আগে	স্ত্রীর	5
করে	স্বামী	5
স্বামী	দেশে	5
দেশে	চলে	5
মেয়ে	একজন	5
একজন	আরেকজন	5
কে	প্রচন্ড	5
প্রচন্ড	ভালোবাসে	5
সে	বিয়ে	5
করে	সুখী	5
ছেলে	ইউরোপে	5
ইউরোপে	পড়াশোনা	5
কিন্তু	মেয়ের	5
পরিবার	রাজিনা	5
মেয়েকে	অন্য	5
বিয়ে	দেওয়ার	5
দেওয়ার	আয়োজন	5
হয়ে	ছেলে	5
মেয়ে	নিজেদের	5
নিজেদের	ইচ্ছায়	5
ইচ্ছায়	বিয়ে	5
আজকে	দেয়ালে	5
দেয়ালে	পিঠ	5
পিঠ	থেকে	5
আজকে	প্রায়	5
প্রায়	৮	5
৮	দিন	5
দিন	পানি	5
পানি	নেই	5
অথচ	আসে	5
আসে	পাশের	5
পাশের	সব	5
সব	বাড়ি	5
বাড়ি	তেই	5
তেই	পানি	5
দিয়ে	দিচ্ছে	5
দিচ্ছে	শুধু	5
আমাদের	বাড়িতেই	5
বাড়িতেই	পানি	5
যাদের	সাথে	5
সম্পর্ক	রয়েছে	5
রয়েছে	শুধু	5
তাদের	পানি	5
পানি	দিবে	5
জানিনা	পানি	5
পানি	পাবো	5
নাকি	পাবো	5
পাশ	করা	5
করা	ডাক্তাররা	5
ডাক্তাররা	এখন	5
ভালো	অবস্থায়	5
অবস্থায়	নেই	5
ধার	করে	5
করে	ডাক্তারি	5
ডাক্তারি	পড়তে	5
যেহেতু	ভর্তি	5
হয়ে	গেছেন	5
গেছেন	পড়াশোনা	5
পড়াশোনা	চালিয়ে	5
অভিযোগ	স্ত্রী	5
তার	সংসারের	5
সংসারের	দায়িত্ব	5
দুজনেই	দুজনকে	5
দুজনকে	সন্দেহ	5
স্ত্রী	ধারণা	5
ধারণা	স্বামী	5
স্বামী	পরকীয়ায়	5
পরকীয়ায়	আছে	5
চাচ্ছি	না	5
আজকাল	ছোটরাও	5
ছোটরাও	পাত্তা	5
পাত্তা	দিচ্ছে	5
এসব	আর	5
আর	একটুও	5
যারা	ভেবেছিলেন	5
ভেবেছিলেন	বড়	5
হয়ে	গরীবদের	5
গরীবদের	সেবা	5
সেবা	করবেন	5
হয়ে	দেখেন	5
দেখেন	নিজেই	5
নিজেই	গরীব	5
মহিলার	বয়স	5
বয়স	হবে	5
হবে	৮০	5
৮০	এর	5
একটাই	পৃথিবী	5
পৃথিবী	কিন্তু	5
কিন্তু	একেক	5
একেক	এলাকার	5
মানুষের	চিন্তা	5
চিন্তা	একেক	5
নতুনরা	অনেক	5
পারবে	আশা	5
হোকনা	ভালো	5
ভালো	কিছুর	5
কিছুর	শুরুটা	5
শুরুটা	এভাবেই	5
রাজকুমারির	মায়া	5
মায়া	পৃথিবী	5
পৃথিবী	যায়নি	5
যায়নি	আজও	5
আজও	ভুলে	5
থেকে	রঙ	5
রঙ	হারায়	5
একটা	রঙিন	5
রঙিন	ছবি	5
কত	ছুটি	5
ছুটি	কাটাবো	5
পুরোটা	দেখার	5
দেখার	অপেক্ষায়	5
অপেক্ষায়	বসে	5
বেঁচে	আছেন	5
আশেপাশে	কেউ	5
থাকলে	কল	5
দেখা	করা	5
কিছু	পাইতে	5
কিছু	ছাড়তে	5
ছাড়তে	হবে	5
বাংলাদেশে	আমাকে	5
আমার	ডাক	5
ডাক	নামে	5
দুই	ঘন্টা	5
ধরে	বিদ্যুৎ	5
বিদ্যুৎ	যায়নি	5
বিদ্যুৎ	অফিসের	5
অফিসের	লোকটা	5
লোকটা	কি	5
সেইবার	আমি	5
পরে	বাসায়	5
বাসায়	গিয়েছি	5
বাবার	মুখের	5
তাকিয়ে	কেমন	5
একটা	শূন্যতা	5
শূন্যতা	অনুভব	5
অনুভব	করলাম	5
স্বপ্নটা	পূরণ	5
আপনার	হাত	5
হাত	ধুতে	5
ধুতে	জানেন	5
কি	খামারের	5
খামারের	পশু	5
পশু	পছন্দ	5
পরিবারের	কথা	5
আমার	পরিবারে	5
পরিবারে	আমি	5
আমি	মা	5
বাবা	এবং	5
ছোট্ট	বোন	5
সবাই	একসময়ে	5
একসময়ে	একসাথে	5
একসাথে	আছি	5
পরিবারে	আনন্দের	5
আনন্দের	বাইরে	5
বাইরে	কোন	5
বন্ধুরা	আমার	5
জীবনের	অনেক	5
অনেক	গুরুত্বপূর্ণ	5
গুরুত্বপূর্ণ	অংশ	5
মানুষদের	পাশে	5
লেখা	অসাধারণ	5
আপনার	ছবি	5
ছবি	দেখে	5
ভালো	লেগছে	5
অসাধারণ	করে	5
কথা	পড়ে	5
পোস্টটি	খুব	5
দেখে	আনন্দ	5
সুন্দরভাবে	সমস্যাটি	5
সমস্যাটি	সমাধান	5
সমাধান	করেছেন	5
আপনার	ব্লগটি	5
ব্লগটি	পড়ে	5
আপনার	কাজকে	5
কাজকে	ভালোবাসি	5
ধরণ	খুব	5
আপনার	ছবিটি	5
ছবিটি	দেখে	5
দেখে	মন	5
মন	ভরে	5
ভরে	গেলো	5
সুন্দর	কথা	5
আপনার	মজার	5
কথা	শুনলে	5
শুনলে	সারা	5
দিন	মন	5
একদিন	সুন্দর	5
একটি	বাগানে	5
বাগানে	একটি	5
মেয়ে	হাঁটছিল	5
সে	আকাশে	5
আকাশে	উড়ন্ত	5
উড়ন্ত	পাখির	5
পাখির	গান	5
গান	শোনতেই	5
শোনতেই	মন	5
মন	খুশি	5
খুশি	হয়ে	5
হয়ে	উঠত	5
সে	ফুলগুলোর	5
ফুলগুলোর	রঙিন	5
রঙিন	মেলা	5
মেলা	দেখে	5
দেখে	হৃদয়	5
হৃদয়	ভরে	5
থাকা	পুতুলগুলো	5
পুতুলগুলো	সেই	5
সেই	মেয়ের	5
খেলতে	আসে	5
সে	আরও	5
একটি	বন্ধু	5
বন্ধু	বানাতে	5
চায়	যার	5
ছিল	রাহাত	5
তোমার	বন্ধুদের	5
বন্ধুদের	কাছে	5
কাছে	থাকতে	5
থাকতে	খুব	5
পর	মোটা	5
মোটা	হবে	5
এমন	স্বপ্ন	5
স্বপ্ন	নিয়ে	5
নিয়ে	বেঁচে	5
বেঁচে	আছে	5
আছে	হাজারো	5
হাজারো	পাতলা	5
মেয়েরা	যে	5
যে	হারে	5
হারে	ভদ্র	5
ছেলে	খুঁজছে	5
খুঁজছে	ভয়	5
খন	তোমার	5
তোমার	একা	5
একা	লাগবে	5
লাগবে	তুমি	5
তুমি	চারদিকে	5
চারদিকে	কিছুই	5
কিছুই	দেখতে	5
বলে	কারো	5
জন্য	হাত	5
হাত	কাটতে	5
কাটতে	পারি	5
সিনেমায়	বিয়ের	5
পর	গল্প	5
গল্প	শেষ	5
আর	বাস্তব	5
পরই	সিনেমা	5
সিনেমা	শুরু	5
বলে	পৃথিবীতে	5
পৃথিবীতে	হলে	5
হলে	মঙ্গল	5
গ্রহে	থাকতাম	5
পারে	অবলা	5
অবলা	ছেলেদের	5
মনটা	কে	5
কে	ফুটবল	5
ফুটবল	ভেবে	5
ভেবে	খেলা	5
মাঝে	মন	5
চায়	থেমে	5
থেমে	থাকা	5
থাকা	গাড়ির	5
পরে	মরে	5
মরে	যাই	5
বউকে	ভালোবাসতে	5
ভালোবাসতে	শিখুন	5
শিখুন	কিন্তু	5
কিন্তু	কার	5
বউ	সেটা	5
একবার	ধরলে	5
ধরলে	হাত	5
হাত	ছাড়বেনা	5
ছাড়বেনা	কখনো	5
কখনো	রোগা	5
রোগা	পাতলা	5
মেয়ে	গুলোকে	5
গুলোকে	দেখে	5
হয়	ভিটামিনের	5
ভিটামিনের	বোতল	5
বোতল	কিনে	5
কিনে	দিই	5
স্বপ্ন	দেখলাম	5
দেখলাম	ক্রাশের	5
ক্রাশের	সাথে	5
ঘুরতে	গেছি	5
গেছি	তার	5
হলো	সব	5
সব	ইতিহাস	5
যখন	ভাবি	5
ভাবি	তুমি	5
অন্ধকার	ঠিক	5
তখনই	কারেন্ট	5
কারেন্ট	চলে	5
বউ	হারালে	5
হারালে	বউ	5
বউ	পাওয়া	5
কিন্তু	বন্ধুকে	5
বন্ধুকে	টাকা	5
দিলে	সেটা	5
আর	ফেরত	5
পরার	সমস্যা	5
কাছে	গেছিলাম	5
গেছিলাম	গিয়ে	5
দেখি	ডাক্তার	5
ডাক্তার	নিজেই	5
নিজেই	টাক	5
নাকি	বেশি	5
এটা	শোনার	5
তোকে	ভুলে	5
আমি	ভালোবাসিনি	5
নিজেকে	কখনো	5
কখনো	বেকার	5
বেকার	ভাববেন	5
আপনার	শরীরের	5
রক্ত	দিয়ে	5
দিয়ে	হাজারো	5
হাজারো	মশার	5
মশার	সংসার	5
সংসার	চলে	5
বাবু	খেয়েছো	5
খেয়েছো	বলার	5
বলার	মানুষটা	5
মানুষটা	নেই	5
বলে	আজ	5
এতো	রোগা	5
পাশের	বাড়ির	5
বাড়ির	মেয়েটাকে	5
লেগেছিল	পরে	5
পরে	জানতে	5
পারলাম	মেয়েটা	5
মেয়েটা	ছুটির	5
আমি	রোগা	5
রোগা	তাই	5
জন্য	মানুষ	5
মানুষ	আমাকে	5
নিয়ে	উল্টোপাল্টা	5
উল্টোপাল্টা	সন্দেহ	5
আমার	মাকে	5
মাকে	বলে	5
বলে	দিও	5
দিও	আমি	5
আমি	বিয়ে	5
বিয়ে	করবো	5
হাসতে	সিগারেট	5
সিগারেট	খাওয়া	5
খাওয়া	ছেলেটা	5
ছেলেটা	একদিন	5
একদিন	কাশতে	5
কাশতে	কাশতে	5
কাশতে	মরে	5
এক	রাতে	5
রাতে	তুমি	5
আমি	পাশাপাশি	5
পাশাপাশি	বসে	5
কি	শুক্রবার	5
শুক্রবার	সকালে	5
সকালে	সময়	5
ভুল	করি	5
করে	শুধরে	5
শুধরে	দিবেন	5
জিনিস	বলতে	5
পারি	দয়া	5
কোনো	প্রশ্ন	5
একটা	কথাও	5
কথাও	আর	5
আর	বলবে	5
এখনো	চিনেন	5
দেখা	করলেন	5
আমি	পাঁচ	5
বছর	চাকরি	5
চাকরি	করেছিলাম	5
কিন্তু	সোভিয়েত	5
সোভিয়েত	দেশ	5
দেশ	ভালো	5
অনেকগুলো	রাশিয়ান	5
রাশিয়ান	শব্দ	5
শব্দ	শিখেছিলাম	5
হঠাৎ	শীত	5
শীত	করে	5
করে	উঠল	5
উঠল	আমার	5
শুয়ে	টিভি	5
টিভি	দেখছিলাম	5
আমরাই	কিছু	5
কিছু	বুঝতাম	5
বুঝতাম	না	5
সে	রকম	5
বাজে	ছেলের	5
ছেলের	পাল্লায়	5
পাল্লায়	পড়লে	5
পড়লে	সর্বনাশ	5
ছোট্ট	গ্রামে	5
মেয়ে	ছিল	5
মেয়েটির	একজন	5
ভালো	বন্ধু	5
বন্ধু	ছিল	5
তাঁদের	প্রতিদিন	5
প্রতিদিন	একসাথে	5
পছন্দ	ছিল	5
আমরা	সেখানে	5
মজা	করব	5
একটি	দূর	5
দূর	পাহাড়ের	5
পাহাড়ের	দিকে	5
দিকে	যাবার	5
যাবার	পথে	5
পথে	একটি	5
পুকুর	দেখল	5
পুকুরে	খুবই	5
একটি	পাখি	5
পাখি	দেখতে	5
দেখতে	পেলো	5
তো	পাখির	5
পাখির	মতো	5
মতো	উড়তে	5
উড়তে	পারিনা	5
আমার	দাঁত	5
দাঁত	অনেক	5
মাথা	অনেক	5
সোহাগ	নামক	5
হাজারো	স্মৃতি	5
স্মৃতি	জড়িয়ে	5
এই	গানের	5
গানের	মধ্যে	5
কত	বড়	5
একটা	মেয়েকে	5
মেয়েকে	অনেক	5
কান্না	এসে	5
এসে	যায়	5
তাড়াতাড়ি	দিনগুলো	5
দিনগুলো	কেঁটে	5
কেঁটে	গেল	5
গেল	হিসাব	5
হিসাব	মিলাতে	5
মিলাতে	পারিনা	5
মানুষের	জীবন	5
এই	ভালোবাসা	5
ভালোবাসা	না	5
থাকলে	মানুষের	5
মানুষের	জীবনের	5
জীবনের	সুখের	5
সুখের	আশা	5
আশা	করাটাই	5
করাটাই	ভুল	5
কিছুই	খুব	5
সহজে	হারিয়ে	5
গল্পের	কথা	5
কথা	যখনই	5
যখনই	আসে	5
আসে	তখনই	5
তখনই	আমাদের	5
আমাদের	শিশুদের	5
শিশুদের	কথা	5
শিশুরা	প্রধানত	5
প্রধানত	গল্প	5
শুনতে	খুব	5
এখানে	শেষ	5
সময়	পাওয়া	5
যায়	আমরা	5
আমরা	আরো	5
আরো	দেখবো	5
আমাকে	এখন	5
ঘুমাতে	দিন	5
সাথে	পরে	5
পরে	দেখা	5
দেখা	করব	5
চলো	পড়াশুনা	5
পড়াশুনা	করি	5
চলো	একটা	5
একটা	বিরতি	5
বিরতি	নেই	5
চলো	বিশ্রাম	5
বিশ্রাম	নেয়া	5
নেয়া	যাক	5
কি	দয়া	5
যেহেতু	সবাই	5
সবাই	এখানে	5
এখানে	আছে	5
আমাদের	শুরু	5
উচিত	এখন	5
আছি	আলোচনা	5
এখানে	আজ	5
আজ	উপস্থিত	5
উপস্থিত	আছি	5
আছি	কথা	5
দেখতে	ভালোবাসেন	5
আপনার	জন্মদিন	5
এখানে	থাকতে	5
পারেন	ইংরেজিতে	5
এই	প্রশ্নের	5
কোনো	কবিতা	5
কোনো	গানে	5
গানে	নাচতে	5
নাচতে	পারেন	5
পড়তে	পারিস	5
গাইতে	পারবি	5
থাকতে	চাস	5
দেখতে	চাস	5
কী	ভালোবাসতে	5
ভালোবাসতে	পারবি	5
কখনো	বাংলাদেশে	5
বাংলাদেশে	ঘুরতে	5
ঘুরতে	গিয়েছিলি	5
কোনো	সুন্দর	5
সুন্দর	উপহার	5
উপহার	কিনতে	5
কিনতে	পারবি	5
গানটি	শুনতে	5
শুনতে	ভালোবাসবি	5
কখনো	কবিতা	5
সঙ্গে	কী	5
কী	ছবি	5
ছবি	তোলতে	5
তোলতে	পারবি	5
কাছে	এসব	5
শিখতে	চাস	5
লিখতে	পারবি	5
সঙ্গে	বাংলায়	5
বাংলায়	কথা	5
বলতে	পারবি	5
এই	স্কুলে	5
স্কুলে	পড়তে	5
পড়তে	আসতে	5
আসতে	চাস	5
রোনালদো	ভালোবাসার	5
ভালোবাসার	চেয়েও	5
আমরা	মেসিকে	5
মেসিকে	ঘৃণা	5
আমি	ফুটবলের	5
ফুটবলের	বিশ্বকাপ	5
বিশ্বকাপ	দেখতে	5
দেখতে	যাচ্ছি	5
ফুটবল	আমার	5
প্রিয়	খেলা	5
খেলতে	ভালোবাসি	5
কলকাতা	মোহনবাগানের	5
মোহনবাগানের	ফুটবল	5
দল	অনেক	5
অনেক	জনপ্রিয়	5
খেলতে	আমার	5
বন্ধুদের	সঙ্গে	5
সঙ্গে	যাচ্ছি	5
খেলোয়াড়	লিওনেল	5
লিওনেল	মেসি	5
বন্ধুরা	সপ্তাহের	5
মধ্যে	দুইটি	5
দুইটি	ফুটবল	5
খেলতে	পারে	5
দল	আর্জেন্টিনা	5
ম্যাচে	বিশ্বকাপ	5
জয়	করেছে	5
করেছে	ফ্রান্স	5
আমি	ফুটবলে	5
ফুটবলে	একটি	5
একটি	গোল	5
গোল	করেছি	5
ফুটবল	খেলা	5
খেলা	আমার	5
জীবনের	অংশ	5
প্রতিদিন	ফুটবল	5
বার্সেলোনা	ফুটবল	5
ক্লাব	খুব	5
ম্যাচ	দেখতে	5
বাংলাদেশের	জনপ্রিয়	5
জনপ্রিয়	ফুটবলারগুলি	5
ফুটবলারগুলি	অনেক	5
অনেক	উচ্চ	5
উচ্চ	মানের	5
মানের	খেলোয়াড়	5
আমি	আনন্দ	5
আনন্দ	পাই	5
ফুটবল	ম্যাচগুলি	5
ম্যাচগুলি	দেখতে	5
দেখতে	ভালোবাসি	5
ম্যাচে	উপস্থিত	5
দল	বিশ্বসেরা	5
দল	একটি	5
শক্তিশালী	দল	5
দল	বিশ্বকাপ	5
বিশ্বকাপ	চ্যাম্পিয়ন	5
আমি	আর্জেন্টিনা	5
আর্জেন্টিনা	ফুটবল	5
ক্রিকেট	দল	5
দল	শক্তিশালী	5
শক্তিশালী	দলের	5
দলের	মধ্যে	5
মেঘনা	নদী	5
নীল	নদী	5
নদী	আফ্রিকার	5
আফ্রিকার	প্রধান	5
প্রধান	নদীর	5
নদীর	একটি	5
নিচে	তোমার	5
তোমার	হাত	5
ধরে	হেঁটে	5
হেঁটে	যেতে	5
সাথে	নীল	5
নিচে	বসে	5
বসে	গল্প	5
গল্প	করতে	5
আমাজন	নদী	5
নদী	দুনিয়ার	5
দুনিয়ার	সবচেয়ে	5
বড়	নদী	5
নদী	হিসাবে	5
আকাশের	নীল	5
নীল	রঙটি	5
রঙটি	অসাধারণ	5
আকাশে	তারাগুলি	5
তারাগুলি	আমাদেরকে	5
আমাদেরকে	আশা	5
আশা	দেয়	5
আকাশে	মেঘের	5
মেঘের	কারণে	5
কারণে	বৃষ্টি	5
বৃষ্টি	পড়ে	5
মাছগুলি	পানির	5
পানির	মধ্যে	5
মধ্যে	সুন্দর	5
এখানে	থাকলে	5
সকালে	ঘুমিয়ে	5
ঘুমিয়ে	উঠি	5
আমার	লাল	5
রঙের	গাড়িটি	5
গাড়িটি	গতকাল	5
গতকাল	চুরি	5
চুরি	হয়ে	5
বাসায়	গতকাল	5
রাতে	চুরি	5
চুরি	হয়েছে	5
আমার	গাড়ির	5
গাড়ির	রঙ	5
রঙ	হলো	5
হলো	লাল	5
সহজ	ভাষায়	5
সঙ্গে	আছি	5
পর	বিদেশে	5
বিদেশে	পড়ালেখা	5
করতে	যাবে	5
বোন	আমাকে	5
বড়	বোনকে	5
বোনকে	আমি	5
আপনার	বড়	5
বোনের	কি	5
কি	বিয়ে	5
ভাইয়ের	নাম	5
কথা	চলতাসে	5
ঘুরতে	যাওয়া	5
যাওয়া	আমার	5
আমার	স্বপ্ন	5
আমি	কখনই	5
কখনই	তোমাকে	5
তোমাকে	ভুলবো	5
ভুলবো	না	5
জীবনের	আলো	5
ভালো	উপায়	5
পরীক্ষার	জন্য	5
জন্য	সকালে	5
প্রতিদিন	শুরু	5
আমি	আরামে	5
আরামে	মনোযোগ	5
মনোযোগ	দিতে	5
এক	গ্রামে	5
এক	টুপি	5
টুপি	বিক্রেতা	5
বিক্রেতা	ছিলেন	5
তিনি	একদিন	5
একদিন	পাশের	5
পাশের	গ্রামে	5
গ্রামে	গিয়ে	5
গিয়ে	টুপি	5
টুপি	বিক্রি	5
বিক্রি	করছিলেন	5
তিনি	রাস্তা	5
গ্রামের	দিকে	5
দিকে	ফিরছিলেন	5
সময়	পাশ	5
এক	শিয়াল	5
শিয়াল	যাচ্ছিল	5
আমাকে	সেখানে	5
সেখানে	নিয়ে	5
নিয়ে	চলো	5
তারা	দুজনই	5
দুজনই	সবজি	5
সবজি	বাগানে	5
বাগানে	গিয়ে	5
গিয়ে	পেট	5
পেট	ভরে	5
ভরে	খাবার	5
খাবার	খেতো	5
গাইতে	পারবে	5
আমি	গান	5
গাইতে	চাই	5
গান	গাও	5
গাও	তবে	5
তবে	চাষী	5
চাষী	শুনতে	5
ধারে	একটি	5
একটি	গাছে	5
গাছে	কাঠ	5
কাঠ	কাটার	5
কাটার	সময়	5
সময়	তার	5
তার	কুড়ালটি	5
কুড়ালটি	নদীর	5
নদীর	জলের	5
জলের	মধ্যে	5
আমার	নীল	5
কি	নীল	5
আমার	পরীক্ষা	5
দিতে	একদমই	5
কী	করছেন	5
বই	পড়ছি	5
কী	অন্যান্য	5
অন্যান্য	বই	5
বই	পড়েছেন	5
কি	সরকারি	5
একজন	সরকারি	5
একজন	প্রফেশনাল	5
প্রফেশনাল	ব্লগার	5
ব্লগার	হয়ে	5
হয়ে	কাজ	5
দূরে	কোথাও	5
কোথাও	যেখানে	5
কেন	সবসময়	5
সবসময়	কষ্ট	5
কষ্ট	পাই	5
আমার	ভালোবাসায়	5
ভালোবাসায়	কম	5
তাদের	মদ্ধে	5
মদ্ধে	মিল	5
মিল	ছিলো	5
সাথে	এভাবে	5
এভাবে	কথা	5
আমরা	ঢাকায়	5
আমি	ঢাকার	5
মিরপুরে	থাকি	5
তার	চোথের	5
চোথের	মায়ায়	5
মায়ায়	পড়েছি	5
তার	হাসি	5
হাসি	অনেক	5
পরিবারকে	ভালবাসে	5
তাকে	ভালবাসি	5
তার	চুলগুলি	5
চুলগুলি	অনেক	5
তাকে	কাজল	5
কাজল	দিলে	5
আমায়	ভালোবাসো	5
সে	গান	5
গাইতে	পছন্দ	5
সে	যেই	5
যেই	মেয়েটিকে	5
মেয়েটিকে	ভালবাসে	5
ভালবাসে	ওই	5
মেয়েটি	ঢাকায়	5
ঢাকায়	থাকে	5
ছেলেকে	ভালবাসেন	5
ভালবাসেন	সেই	5
সেই	ছেলেটি	5
ছেলেটি	কি	5
আপনাকে	ভালবাসে	5
সে	একটি	5
গাড়ি	চুরি	5
চুরি	করেছে	5
সাথে	পৃথিবী	5
পৃথিবী	ঘুরে	5
কিন্তু	আমিতো	5
আমিতো	তোমার	5
সাথে	যাবো	5
শুনে	খুব	5
তোমার	ভালো	5
লাগলে	কিছু	5
ছবি	তোলার	5
তোলার	পর	5
সে	দেখতে	5
কিন্তু	সৌন্দর্যই	5
সৌন্দর্যই	সবকিছু	5
সবকিছু	না	5
তার	চোখ	5
চোখ	হরিণের	5
হরিণের	মতো	5
মেয়ে	আর	5
ছেলে	একসাথে	5
একসাথে	খেলছে	5
কালো	কুকুরটা	5
কুকুরটা	ঘাসের	5
দিয়ে	ছুটছে	5
একটা	কালো	5
কুকুর	ঘাসের	5
মধ্যে	দৌড়াচ্ছে	5
ছোট	কালো	5
কুকুর	ঘাসে	5
ঘাসে	মধ্যে	5
মধ্যে	শুয়ে	5
শুয়ে	আছে	5
একদল	মহিলা	5
মহিলা	রাস্তায়	5
রাস্তায়	হাঁটছে	5
দরজার	কাছে	5
কাছে	দুইজন	5
দুইজন	বসে	5
বসে	গিটার	5
গিটার	বাজাচ্ছে	5
ফুটপাতে	একসঙ্গে	5
একসঙ্গে	হাঁটছেন	5
হাঁটছেন	তিন	5
তিন	মহিলা	5
আম্মুর	জন্য	5
পরিবারে	আম্মুর	5
আম্মুর	অবদানই	5
অবদানই	বেশি	5
তো	পারলামই	5
পারলামই	না	5
না	উল্টো	5
উল্টো	পরিবারকে	5
পরিবারকে	শেষ	5
সবসময়	ভয়ে	5
ভয়ে	ভয়ে	5
ভয়ে	থাকতাম	5
থাকতাম	গলা	5
গলা	দিয়ে	5
দিয়ে	খাবার	5
খাবার	নামতো	5
নামতো	না	5
যদিও	ক্ষমার	5
ক্ষমার	যোগ্য	5
আমি	পারলে	5
পারলে	ক্ষমা	5
আপনাদের	অযোগ্য	5
অযোগ্য	সন্তান	5
আল্লাহ	রহমতের	5
রহমতের	বৃষ্টি	5
বৃষ্টি	দাও	5
বৃষ্টির	জন্য	5
ঢাকায়	কোথাও	5
কোথাও	নামাজ	5
নামাজ	পড়া	5
পড়া	হবে	5
পানির	জন্য	5
জন্য	হাহাকার	5
হাহাকার	আর	5
উত্তরাতে	আমাদের	5
আমাদের	ভবনে	5
ভবনে	কোনোভাবেই	5
কোনোভাবেই	পানি	5
পানি	পাচ্ছি	5
এক	গাড়ি	5
গাড়ি	পানি	5
পানি	হলেও	5
হলেও	২টা	5
২টা	দিন	5
দিন	চলা	5
চলা	যেতো	5
কোনোভাবেই	ওয়াসা	5
ওয়াসা	পানি	5
পারি	বলুন	5
বলুন	এখন	5
বিদ্যুৎ	ছাড়া	5
ছাড়া	না	5
হয়	থাকা	5
কিন্তু	পানি	5
পানি	ছাড়া	5
কিভাবে	থাকে	5
থাকে	মানুষ	5
আজকে	জুম্মার	5
জুম্মার	দিন	5
আমি	শুক্রবার	5
শুক্রবার	অনেক	5
অনেক	সকালে	5
সকালে	উঠি	5
অনেক	বেলা	5
বেলা	করে	5
করে	ঘুমায়	5
একটি	উপহার	5
বয়স	বেশি	5
চেয়ে	আমি	5
এইবার	কুরবানিতে	5
কুরবানিতে	লাল	5
লাল	গরু	5
গরু	কিনবো	5
সবকিছু	একসাথে	5
একসাথে	করা	5
বিয়ে	করছো	5
মেয়ে	পাচ্ছি	5
ঘড়িতে	কয়টা	5
দুপুরে	আমাদের	5
আমাদের	দাওয়াত	5
দাওয়াত	আছে	5
সবাই	কেমন	5
আজকে	কত	5
ভালো	করতে	5
করতে	তোমরা	5
আমি	মাঝেমধ্যে	5
মাঝেমধ্যে	গান	5
আজকাল	পড়াশোনার	5
পড়াশোনার	চাপ	5
চাপ	অনেক	5
কি	গল্পের	5
পড়তে	পছন্দ	5
পছন্দ	কর	5
লেখক	হুমায়ুন	5
হুমায়ুন	আহমেদ	5
ফুটবলে	তোমাদের	5
প্রিয়	দল	5
দল	কোনটি	5
ব্রাজিল	ফুটবলের	5
ফুটবলের	সেরা	5
সেরা	দল	5
শুক্র	এবং	5
এবং	শনি	5
শনি	সাপ্তাহিক	5
সাপ্তাহিক	ছুটির	5
রবিবার	থেকে	5
আমাদের	বিশ্ববিদ্যালয়	5
বিশ্ববিদ্যালয়	ক্লাস	5
তুমি	ঢাকার	5
ঢাকার	কোথায়	5
তোমাদের	গ্রামের	5
কি	সাঁতার	5
সাঁতার	জানো	5
ক্লাসে	পড়ো	5
বাংলাদেশের	প্রধানমন্ত্রীর	5
প্রধানমন্ত্রীর	নাম	5
প্রধানমন্ত্রী	শেখ	5
বড়লোক	হতে	5
বিষয়	পড়াশোনা	5
বাহিরে	প্রচুর	5
প্রচুর	গরম	5
গরম	পড়েছে	5
আজকে	সারাদিন	5
সারাদিন	বৃষ্টি	5
ফেসবুক	একটি	5
জনপ্রিয়	যোগাযোগ	5
জীবনে	উন্নতি	5
উন্নতি	করতে	5
অনেক	বাঁধার	5
বাঁধার	সম্মুখীন	5
সকল	বাধা	5
বাধা	পেরিয়ে	5
পেরিয়ে	জীবনে	5
জীবনে	সফল	5
আমি	চা	5
তাের	বইটা	5
বইটা	কি	5
তােকে	ধন্যবাদ	5
ধন্যবাদ	এমন	5
এমন	ভালাে	5
ভালাে	একটি	5
বইয়ের	খোজ	5
খোজ	দেওয়ার	5
অসাধারণ	একটি	5
বই	পড়েছি	5
এবারের	ছুটিতে	5
ছুটিতে	কক্সবাজার	5
কক্সবাজার	যাবো	5
বাড়ি	যাব	5
যাব	ঠিক	5
গ্রামের	প্রকৃতি	5
প্রকৃতি	অনেক	5
নদীর	দুপাড়ের	5
দুপাড়ের	মনোরম	5
মনোরম	দৃশ্যে	5
দৃশ্যে	চোখ	5
চোখ	জুড়িয়ে	5
জুড়িয়ে	যায়	5
তোমার	মূল্যবান	5
মূল্যবান	বক্তব্যের	5
বক্তব্যের	জন্য	5
তোমাদের	সকলের	5
সকলের	দোয়া	5
দোয়া	চাই	5
সময়	যেন	5
যেন	আজ	5
আর	কাটছেই	5
কাটছেই	না	5
ছোটোবেলা	থেকেই	5
সাইকেল	চালানোর	5
চালানোর	অভ্যাস	5
স্কুলেও	সাইকেল	5
সাইকেল	চালিয়ে	5
চালিয়ে	যেতাম	5
যেতাম	মাঝে	5
ক্লাসে	আজ	5
আজ	কিছুতেই	5
কিছুতেই	মন	5
মন	বসছে	5
বসছে	না	5
ছয়	ঋতুর	5
ঋতুর	দেশ	5
দেশ	বাংলাদেশ	5
বিদ্যুৎবিহীন	ঘরে	5
ঘরে	মােমবাতি	5
মােমবাতি	জ্বেলে	5
জ্বেলে	বসে	5
তােমার	বাসায়	5
বাসায়	বিদ্যুৎ	5
বিদ্যুৎ	থাকতে	5
তাই	এদিকে	5
এদিকে	চলে	5
করে	বিদ্যুৎ	5
বিদ্যুৎ	চলে	5
চলে	গেল	5
আধুনিক	সভ্যতাকে	5
সভ্যতাকে	বিজ্ঞান	5
বিজ্ঞান	উপহার	5
দিয়েছে	অনেক	5
কম্পিউটার	আধুনিক	5
আধুনিক	বিজ্ঞান	5
বিজ্ঞান	জগৎকে	5
জগৎকে	বিশেষভাবে	5
বিশেষভাবে	সহজ	5
সহজ	করেছে	5
বাংলাদেশ	গ্রামপ্রধান	5
গ্রামপ্রধান	দেশ	5
গ্রামের	জনসংখ্যা	5
জনসংখ্যা	প্রায়	5
প্রায়	চার	5
চার	হাজার	5
বিড়ালের	প্রিয়	5
খাদ্য	দুধ	5
বিড়াল	খুব	5
খুব	আরামপ্রিয়	5
আরামপ্রিয়	প্রাণী	5
বাংলাদেশের	জনসংখ্যার	5
জনসংখ্যার	অর্ধেকই	5
অর্ধেকই	নারী	5
পলিথিনের	ব্যবহার	5
ব্যবহার	মারাত্মক	5
মারাত্মক	রোগের	5
রোগের	সৃষ্টি	5
ইলিশ	আমার	5
প্রিয়	মাছ	5
পদ্মার	ইলিশ	5
ইলিশ	খেতে	5
ব্যস্ত	একটি	5
একটি	দিন	5
দিন	কাটালাম	5
রাতের	খাবারটি	5
খাবারটি	সেরেই	5
সেরেই	ঘুমিয়ে	5
ঘুমিয়ে	পড়লাম	5
এখন	পড়তে	5
সকলের	কাছ	5
বিদায়	নিচ্ছি	5
আবার	দেখা	5
দেখা	হবে	5
বাংলাদেশে	বিভিন্ন	5
বিভিন্ন	দুর্যোগপ্রবণ	5
দুর্যোগপ্রবণ	অঞ্চল	5
অঞ্চল	রয়েছে	5
বিষয়টি	আসলেই	5
আসলেই	দুশ্চিন্তার	5
ইচ্ছা	করতেসে	5
প্রিয়	বিষয়	5
গণিত	তোমার	5
আমি	পড়াশোনায়	5
পড়াশোনায়	কাঁচা	5
এক	নামে	5
কি	গিয়েছিলে	5
তোমাার	প্রিয়	5
সবজি	কি	5
সবজি	টোমেটো	5
একসাথে	গান	5
একসাথে	মাছ	5
মাছ	ধরি	5
সহ	আমাদের	5
বাসায়	আসবেন	5
আগে	দেখেছো	5
সাথে	নাচবা	5
প্রিয়	গান	5
গান	কোনটি	5
প্রিয়	গায়ক	5
গায়ক	কে	5
কালকে	ঘুড়ি	5
ঘুড়ি	উরাবো	5
আমায়	ভালবাসো	5
চলো	ঘুড়ি	5
ঘুড়ি	উরাই	5
আমি	ছোটবেলায়	5
ছোটবেলায়	অনেক	5
মেধাবী	ছিলাম	5
আমার	নৌকায়	5
নৌকায়	ঘুরতে	5
জেলেরা	মাছ	5
মাছ	ধরছে	5
আম	খাবো	5
আম	আমার	5
আজকে	তোমার	5
তোমার	ভাইকে	5
ভাইকে	দেখলাম	5
তোমার	গানের	5
গানের	গলা	5
গলা	অনেক	5
তোমার	হাসির	5
হাসির	প্রেমে	5
প্রেমে	পড়েছি	5
পরিবারে	কে	5
কে	আছে	5
তোমার	বাদামী	5
বাদামী	চোখ	5
চোখ	জোড়া	5
জোড়া	ভালোবাসি	5
করবে	কতো	5
কতো	বছর	5
খেলা	তোমার	5
তোমার	বাবা	5
বাবা	কি	5
আমি	মুরগির	5
মাংস	বেশি	5
কি	খেতে	5
আমি	চিংড়ী	5
চিংড়ী	মাছ	5
মাছ	খেতে	5
সাথে	রাতে	5
রাতে	সাগর	5
সাগর	পাড়ে	5
পাড়ে	দাঁড়ায়	5
দাঁড়ায়	থাকতে	5
আজকে	তোমায়	5
তোমায়	দেখতে	5
দেখতে	আসবে	5
করে	দিও	5
দিও	ছেলে	5
ছেলে	পক্ষকে	5
মনে	চাইলে	5
চাইলে	গিয়ে	5
গিয়ে	না	5
আমাকেে	একটা	5
গান	শুনাবা	5
কি	গল্প	5
গল্প	লেখো	5
চা	অথবা	5
অথবা	কফি	5
কফি	কোনটা	5
কোনটা	বেশি	5
আমার	কফি	5
কফি	বেশি	5
দিনে	রিক্সাতে	5
রিক্সাতে	ঘুরতে	5
ঘুরতে	ভালো	5
দিনে	গরম	5
গরম	গরম	5
গরম	খিচুড়ি	5
খিচুড়ি	আর	5
আর	গরু	5
গরু	মাংস	5
দিনে	চা	5
আমি	ছবি	5
তুলতে	পছন্দ	5
বই	উপহার	5
উপহার	দিও	5
মানুষ	আসলে	5
আসলে	বড়ই	5
আমি	ছাতা	5
ছাতা	আনতে	5
আনতে	ভুলে	5
রাস্তায়	আজকে	5
জামা	নাই	5
জামা	আছে	5
কী	বেশি	5
বেশি	বিরক্ত	5
বিরক্ত	করি	5
আমাকেতো	আর	5
তোমাকে	চিনি	5
প্রথম	বন্ধু	5
আজকের	আবহাওয়টা	5
আবহাওয়টা	অনেক	5
উনি	ভালো	5
ভালো	মনের	5
মনের	মানুষ	5
আমরা	এতটাও	5
শীতের	সকাল	5
সকাল	অনেক	5
বন্ধুর	বিয়ে	5
বিয়ে	আজ	5
সময়	ছিলো	5
সে	তাতেই	5
তাতেই	মায়ায়	5
মায়ায়	পরে	5
পরে	আছি	5
তুমি	বদলে	5
বদলে	গেছো	5
কবিতা	পড়তে	5
মানুষ	বড়ই	5
কী	অনেক	5
হ্যাঁ	তুমি	5
কি	দেখছো	5
তোমার	দিকে	5
তাকিয়ে	আছি	5
তোমার	সৌন্দর্যোতা	5
সৌন্দর্যোতা	দেখছি	5
পানির	অপর	5
নাম	জীবন	5
মজা	হল	5
আমার	বিয়েতে	5
বিয়েতে	দাওয়াত	5
দাওয়াত	রইলো	5
সবাই	হারিয়ে	5
কোনো	বন্ধু	5
বন্ধু	নেই	5
পৃথিবীতে	আমি	5
আমি	বড্ড	5
বড্ড	একা	5
তুমি	রান্না	5
রান্না	করতে	5
তোমার	হাতের	5
আমি	গল্পের	5
বই	কিনবো	5
আজকে	ঢাকায়	5
ঢাকায়	যাবো	5
ঢাকায়	আমার	5
আমার	চাকরি	5
চাকরি	হয়েছে	5
চাকরি	করতে	5
অনেক	যত্ন	5
যত্ন	নেয়	5
মায়ের	রান্না	5
রান্না	অনেক	5
বিয়েতে	আমার	5
মত	নাই	5
পাহাড়ের	চূড়ায়	5
চূড়ায়	উঠতে	5
উঠতে	চাই	5
পাশে	সাগর	5
সাগর	এক	5
পাশে	বালি	5
তোমার	ছেলে	5
অনেক	দুষ্টু	5
থেকে	পড়তে	5
আমার	ঘড়ীটা	5
ঘড়ীটা	খুজে	5
মানুুষ	অনেক	5
আমি	তাদেরই	5
তাদেরই	একজন	5
একজন	হতে	5
পরিবারে	কি	5
আমায়	মেনে	5
মেনে	নিবে	5
অনেক	যত্নশীল	5
তোমাদের	পরীক্ষা	5
পরীক্ষা	কবে	5
মাঠে	আজকে	5
বলে	কয়ে	5
কয়ে	আসে	5
ছেলেটির	রাগ	5
চাও	আমি	5
চাই	তুমি	5
তুমি	সবসময়	5
সাথে	থাকো	5
এইটা	কোনদিনও	5
কোনদিনও	সম্ভব	5
কি	বিয়েতে	5
পাখিটা	দেখতে	5
রঙের	শাড়িতে	5
শাড়িতে	তোমায়	5
তোমায়	ভালো	5
ভালো	মানাবে	5
নীল	রঙ	5
ভালবাসি	না	5
কেন	ভালোবাসো	5
মধ্যে	সমস্যা	5
আমি	বদমেজাজি	5
তুমি	বোকা	5
বোকা	একজন	5
তুমি	বেশী	5
তুমি	অল্প	5
অল্প	কথা	5
চা	খাই	5
ঘুরতে	গিয়েছিলাম	5
ঝগড়া	করেছি	5
বন্ধু	আমার	5
দিয়ে	শুনে	5
বন্ধু	হয়ত	5
হয়ত	আমাকে	5
বিড়ালের	নাম	5
নাম	মিনু	5
বিড়ালের	সাথে	5
খেলতে	অনেক	5
এই	১৪	5
টি	বছরে	5
বছরে	আজও	5
আজও	কোন	5
কোন	কারনে	5
কারনে	উনি	5
উনি	আমাকে	5
আমাকে	তুই	5
তুই	বলে	5
বলে	ডাকেনি	5
কখনো	গায়ে	5
তুলে	নি	5
তাড়াতাড়ি	শেষ	5
বুঝতেছিনা	কি	5
আমার	দ্বিতীয়	5
বিয়ে	নিয়ে	5
নিজের	কাকারা	5
কাকারা	মামারা	5
মামারা	খোঁচা	5
আমাকে	খোঁচা	5
ভাবছি	আপন	5
লোক	কি	5
কি	এমনই	5
এমনই	হয়	5
আমার	আপন	5
লোক	গুলোই	5
গুলোই	এমন	5
আর	বাঁচতে	5
বাঁচতে	ইচ্ছে	5
ইচ্ছে	করেনা	5
করেনা	জানেন	5
প্রথম	বিয়ে	5
বিয়ে	আমাকে	5
আমাকে	জোর	5
সেখানে	ছেলে	5
অনেক	কিপটা	5
কিপটা	ছিলো	5
আমি	দুইবেলা	5
খেতে	পারতাম	5
দ্বিতীয়	বিয়েতে	5
বিয়েতে	আমি	5
এইগুলো	দেখেও	5
দেখেও	সবাই	5
ভান	করে	5
খোঁচা	মারার	5
মারার	মতো	5
কথা	আছেই	5
আছেই	যে	5
আমার	সুখ	5
সুখ	দেখে	5
তাদের	সহ্য	5
করার	পাঁচ	5
স্মার্ট	হইসি	5
প্রথম	বউ	5
অনেক	প্রশ্নের	5
উত্তর	দিয়ে	5
দিয়ে	বিপদে	5
বিপদে	পড়তাম	5
বিশাল	ক্যাচাল	5
ক্যাচাল	লেগে	5
লেগে	যেতো	5
এরপর	ঠিক	5
ঠিক	করলাম	5
করলাম	তেল	5
তেল	মারা	5
মারা	উত্তর	5
উত্তর	দিবো	5
এতে	ও	5
ক্যাচাল	থামলো	5
থামলো	না	5
পাতলা	লাভ	5
লাভ	হচ্ছে	5
বউ	খাবার	5
খাবার	সময়	5
হাসি	মুখে	5
মুখে	বল্লো	5
বল্লো	রান্না	5
রান্না	কেমন	5
খাবারে	আরেকটু	5
আরেকটু	রসুন	5
রসুন	দিলে	5
দিলে	বেশী	5
বেশী	মজা	5
মজা	হতো	5
কম	হয়েছে	5
তোমার	খাওয়া	5
খাওয়া	লাগবে	5
কিছুই	পারি	5
এর	চোখ	5
চোখ	ছলছল	5
অবাক	করবা	5
এক	চামচ	5
চামচ	খেয়েই	5
খেয়েই	এতো	5
বলে	দিলা	5
চাপাবাজি	টা	5
একটু	কমাও	5
তুমি	রেঁধেছো	5
তো	ভাবলাম	5
ভাবলাম	শাশুড়ি	5
শাশুড়ি	আম্মা	5
জন্য	রান্না	5
করে	পাঠিয়েছেন	5
তোমার	রান্না	5
রান্না	তো	5
পুরা	আম্মার	5
আম্মার	মতো	5
টু	খাও	5
খাও	এক	5
এক	চামুচ	5
চামুচ	দেই	5
মেকআপ	টা	5
গেসে	কম	5
বউ	মেকআপ	5
মেকআপ	তুলতে	5
তুলতে	তুলতে	5
তুলতে	যাবোই	5
যাবোই	না	5
তো	মেকআপই	5
মেকআপই	দিতে	5
যাও	একা	5
পার্টি	তে	5
গিয়ে	সুন্দরি	5
সুন্দরি	দের	5
সাথে	ঢং	5
ঢং	করে	5
করে	আসো	5
এতো	জোস	5
মেকআপ	করো	5
দিকে	তো	5
আর	তাকাও	5
তাকাও	না	5
বেশ	কিছুক্ষন	5
কিছুক্ষন	তাঁর	5
তাঁর	মুখের	5
তাকিয়ে	থাকলাম	5
কিছু	বুঝো	5
বুঝো	কিভাবে	5
শাড়িটা	আমাকে	5
কেমন	মানিয়েছে	5
সবুজ	শাড়িটা	5
শাড়িটা	পড়লে	5
পড়লে	দারুন	5
দারুন	লাগতো	5
সবুজ	শাড়ি	5
শাড়ি	কি	5
তোমার	এক্স	5
এক্স	কোনো	5
কোনো	গার্লফ্রেন্ডের	5
গার্লফ্রেন্ডের	পছন্দের	5
পছন্দের	রঙ	5
সব	তেল	5
তেল	আমাকে	5
আমাকে	দিবা	5
না	বিরক্ত	5
মাথায়	রেখো	5
রেখো	বিয়ে	5
বাড়িতে	যাচ্ছো	5
চেয়ে	তোমাকে	5
তোমাকে	বেশী	5
বেশী	সুন্দর	5
সুন্দর	লাগলে	5
লাগলে	কিন্তু	5
বিবাহিত	জীবনে	5
জীবনে	সুখে	5
সুখে	থাকুন	5
স্বামী	মদ	5
খায়	রাতের	5
রাত	বন্ধুদের	5
এটা	স্বাভাবিকভাবে	5
স্বাভাবিকভাবে	নিয়েছিলাম	5
পরেও	স্বীকার	5
স্বীকার	না	5
করে	উল্টা	5
উল্টা	আমার	5
আমার	গায়ে	5
এখন	তাকে	5
আর	ছাড়	5
ছাড়	দেওয়া	5
যে	মানুষ	5
মানুষ	গায়ে	5
তোলে	অন্য	5
বলে	ঘরে	5
ঘরে	বউ	5
বউ	রেখে	5
এমন	পুরুষদের	5
পুরুষদের	সাথে	5
সংসার	যায়	5
কোন	মানুষের	5
মানুষের	প্রতি	5
প্রতি	একবার	5
একবার	বিশ্বাস	5
বিশ্বাস	উঠে	5
উঠে	গেলে	5
গেলে	অভিনয়	5
দিন	সেখানে	5
সেখানে	থাকা	5
আর	সহ্য	5
সহ্য	না	5
পেরে	আপনাদের	5
আপনাদের	কাছে	5
কাছে	সঠিক	5
পরার্মশ	চাচ্ছি	5
বাবা	পুলিশে	5
পুলিশে	আছেন	5
আছেন	তো	5
তো	মায়ের	5
সাথে	বিয়ের	5
থেকেই	তিনি	5
তিনি	পরকীয়ায়	5
পরকীয়ায়	আসক্ত	5
আসক্ত	ছিলেন	5
অনেক	সহ্য	5
সহ্য	করে	5
বছর	সংসার	5
সংসার	করে	5
যেত	আবার	5
আবার	খারাপ	5
শেষ	বয়সে	5
বয়সে	এসে	5
এসে	সে	5
একটা	জঘন্য	5
জঘন্য	কাজ	5
সে	২য়	5
২য়	বিয়ে	5
বিয়ে	করছে	5
করছে	একটা	5
বিবাহিত	মহিলাকে	5
সে	দ্বিতীয়	5
শান্তি	পায়	5
বাবার	কাছে	5
মায়ের	নামে	5
নামে	অনেক	5
অনেক	উল্টা	5
উল্টা	পল্টা	5
পল্টা	কথা	5
একটা	পাবলিক	5
পাবলিক	বিশ্ববিদ্যায়ের	5
বিশ্ববিদ্যায়ের	পড়াশোনা	5
মহিলা	আর	5
সে	মিলে	5
মিলে	আমাকে	5
আমাকে	গালিগালাজ	5
গালিগালাজ	করতে	5
তোর	পড়াশোনার	5
পড়াশোনার	কোনো	5
কোনো	খরচ	5
খরচ	দিবো	5
করে	সঠিক	5
পরার্মশ	দিয়ে	5
মা	কষ্ট	5
অন্যদিকে	এতো	5
এতো	অন্যায়	5
অন্যায়	করার	5
পরও	আমার	5
বাবা	আর	5
মহিলা	অনেক	5
অনেক	সুখে	5
সুখে	আছেন	5
আপনাদের	থেকে	5
ভালো	পরামর্শ	5
পরামর্শ	নিতে	5
নিতে	আসলাম	5
একজন	অবিবাহিতা	5
থেকে	নানার	5
বাসায়	বড়	5
এখন	নানার	5
নানার	বাসায়ই	5
বাসায়ই	থাকি	5
আমাদের	যৌথ	5
যৌথ	পরিবার	5
পরিবার	ছিল	5
ছিল	নানার	5
আব্বু	আগে	5
আব্বু	তেমন	5
তেমন	সময়	5
সময়	কাটাতো	5
কাটাতো	না	5
আব্বু	সারাদিন	5
বাহিরে	থাকত	5
চাচারাও	আমাদের	5
আমাদের	দেখতে	5
দেখতে	পারত	5
পারত	না	5
আম্মুই	আমাকে	5
আর	ভাইকে	5
ভাইকে	বড়	5
সবাই	আদর	5
আদর	করত	5
যত	বড়	5
বড়	হলাম	5
হলাম	সবার	5
সবার	চোখে	5
চোখে	এক	5
প্রকার	বিশ	5
বিশ	এর	5
গেলাম	আমি	5
তুলনায়	আব্বু	5
আব্বু	অনেক	5
ভালো	হয়ছেন	5
খালামুনির	বিয়ে	5
বিয়ে	হইছে	5
হইছে	২০১৫তে	5
খালামুনির	দুইটা	5
দুইটা	ছেলে	5
আগে	খালামুনিই	5
খালামুনিই	আমাকে	5
আমাকে	বড়	5
আম্মু	কিছু	5
হলেই	আমাকে	5
আমাকে	মার	5
মার	ধর	5
ধর	করে	5
আব্বু	যে	5
খারাপ	কখনো	5
কখনো	ফুলের	5
ফুলের	টোকাও	5
টোকাও	দেয়	5
ছেলে	বর্তমানে	5
বর্তমানে	বাংলাদেশ	5
বাংলাদেশ	নেভীতে	5
নেভীতে	কর্মরত	5
কর্মরত	আছি	5
আগে	পরিবারের	5
সকাল	৮	5
৮	টাই	5
টাই	ডিউটিতে	5
ডিউটিতে	চলে	5
স্ত্রী	একদিনও	5
একদিনও	সময়মতো	5
সময়মতো	টেবিলে	5
টেবিলে	খাবার	5
খাবার	দিতে	5
সময়	বাইরে	5
গিয়ে	নাস্তা	5
নাস্তা	করি	5
সে	এতো	5
সকালে	নাকি	5
নাকি	উঠতে	5
তার	বাপের	5
বাপের	বাড়িতে	5
বাড়িতে	থাকতে	5
থাকতে	নাকি	5
নাকি	১০	5
টার	আগে	5
থেকে	উঠতো	5
উঠতো	নাহ	5
সে	প্রচন্ড	5
সারাদিন	বাসায়	5
বাসায়	বসে	5
বসে	ফেইসবুক	5
ফেইসবুক	টিকটকে	5
টিকটকে	সময়	5
সময়	কাটে	5
কাটে	তার	5
মধ্যে	প্রায়সময়	5
প্রায়সময়	ঝগড়া	5
খুব	সমস্যায়	5
দিন	হতাশার	5
হতাশার	মধ্যে	5
মধ্যে	ডুবে	5
ডুবে	যাচ্ছি	5
যাচ্ছি	এর	5
এর	মুক্তি	5
মুক্তি	পাবো	5
আমি	সত্যিই	5
খুব	অসহায়	5
অসহায়	বোধ	5
বোধ	করতেছি	5
মেয়ে	ছয়টা	5
ছয়টা	ছেলের	5
প্রেম	করছে	5
বানানোর	কী	5
হয়	মেয়েদের	5
মেয়েদের	একাধিক	5
একাধিক	ডেট	5
ডেট	করা	5
এমন	করতেসে	5
কেন	বসে	5
তিনি	হিসেব	5
হিসেব	মেলাতে	5
মেলাতে	পারছেন	5
করে	সম্ভব	5
উঠে	আমাকে	5
কল	দিও	5
ঘুমায়	কেন	5
তোমার	এত	5
এত	ঘুম	5
আমার	জরুরি	5
একটা	স্বাভাবিক	5
স্বাভাবিক	মানুষ	5
ঘুমায়	না	5
সকালে	উঠেই	5
উঠেই	চা	5
চা	খাওয়ার	5
আমার	সন্ধায়	5
সন্ধায়	কফি	5
কফি	খাওয়ার	5
তুমি	দুপুরে	5
দুপুরে	কি	5
ভাত	খেয়েছ	5
কি	রাতের	5
বেলা	বাহিরে	5
থেকে	কাছে	5
কাছে	মানুষটি	5
মানুষটি	কে	5
বলতে	অনেক	5
রাখতে	পারছি	5
বোন	নানার	5
নানার	বাড়ীতে	5
বাড়ীতে	ঘুরতে	5
সে	পরের	5
পরের	মাসে	5
মাসে	বিদেশ	5
বিদেশ	চলে	5
মেয়েটি	খুবই	5
খুবই	বেয়াদপ	5
মেয়েটি	সারাক্ষন	5
সারাক্ষন	মিথ্যে	5
ছেলেটি	রাস্তা	5
দিয়ে	হেঁটে	5
হেঁটে	যাচ্ছে	5
বিড়াল	দরজার	5
দরজার	সামনে	5
সামনে	বসে	5
একটি	কুকুর	5
কুকুর	রাস্তায়	5
রাস্তায়	বসে	5
একটি	সাদা	5
রঙের	পাখি	5
পাখি	আকাশে	5
কাজে	যেতে	5
এই	কলমটি	5
কলমটি	নিন	5
আমাকে	সত্যি	5
উঠে	যাও	5
আপনি	ঘুম	5
উঠতে	চান	5
সকালে	নাস্তা	5
নাস্তা	করে	5
করে	স্কুলে	5
স্কুলে	যাই	5
সকালে	কিছু	5
কিছু	খেতে	5
হেরে	গেছি	5
হেরে	গেছিলাম	5
আমটি	কে	5
কে	খেয়েছিল	5
আমি	হারিয়ে	5
হারিয়ে	গেছি	5
ঠিক	আছি	5
আমাকে	বিশ্বাস	5
বিশ্বাস	করো	5
জবাব	দিন	5
তাকে	দখতে	5
দখতে	পেলাম	5
আমাকে	ঢুকতে	5
ঢুকতে	দিন	5
আমাকে	যেতে	5
যেতে	দাও	5
এখানে	অপেক্ষা	5
হয়ে	পরেছিলাম	5
ওদের	দেখতে	5
আমরা	অপেক্ষা	5
তিনি	উঠে	5
উঠে	দাঁড়ালেন	5
বেশি	লম্বা	5
ক্ষমা	চাইছি	5
আমি	ফিরে	5
ফিরে	এলাম	5
আমি	কেক	5
কেক	পছন্দ	5
ঘুমিয়ে	নাও	5
একা	ছিলাম	5
সঙ্গে	আসুন	5
তিনি	রেগে	5
হাতটা	ধরুন	5
আমি	আসবো	5
আমি	হারবো	5
হারবো	না	5
আমার	পা	5
পা	ব্যাথা	5
কে	পাঠিয়েছে	5
আপনারা	আগে	5
আগে	যান	5
আমাকে	ডাকবেন	5
আমার	হলুদ	5
রঙ	পছন্দ	5
আমি	আপেল	5
আপেল	পছন্দ	5
আমার	ঠান্ডা	5
ঠান্ডা	লেগেছে	5
খিদে	পাচ্ছে	5
বিদেশে	গেছিলাম	5
আমি	ভেতরে	5
ভেতরে	গেলাম	5
সে	রেগে	5
রেগে	গেছিলো	5
আমাকে	ওখানে	5
ওখানে	নিয়ে	5
নিয়ে	চলুন	5
আমাদের	বিয়ের	5
থেকেই	নানা	5
নানা	ছোটখাটো	5
ছোটখাটো	কারনে	5
কারনে	ঝগড়া	5
ঝগড়া	লেগে	5
লেগে	থাকতো	5
বুঝতে	পারতাম	5
পারতাম	তার	5
কোথাও	সম্পর্কে	5
সম্পর্কে	আছে	5
দিন	স্বীকার	5
এভাবে	নানা	5
রকম	ঝামেলা	5
ঝামেলা	হতে	5
আমাদের	পারিবারিক	5
পারিবারিক	ভাবে	5
ভাবে	বিয়ে	5
যখন	বাড়ীতে	5
বাড়ীতে	জানাই	5
জানাই	তখন	5
তখন	নানা	5
রকম	কথা	5
বেশ	কয়েক	5
বার	তাকে	5
তাকে	সু্যোগ	5
সু্যোগ	দেয়া	5
দিন	বাবার	5
বাসায়	ছিলাম	5
ছাড়া	বাচবো	5
বাচবো	তোমার	5
তোমার	বিয়েতেও	5
বিয়েতেও	নাচবো	5
সে	তখন	5
তখন	আবারো	5
আবারো	ফিরে	5
ফিরে	চায়	5
চায়	আমাকে	5
পর্যায়ে	এমন	5
অবস্থা	করে	5
করে	মে	5
মে	আমিও	5
আমিও	দূবল	5
দূবল	হয়ে	5
দিন	সে	5
তারপর	একের	5
এক	অশান্তি	5
অশান্তি	বাড়তে	5
সে	যার	5
সাথে	সম্পর্কে	5
সম্পর্কে	জড়িয়ে	5
জড়িয়ে	তাকে	5
কিন্তু	সম্পর্ক	5
শুধু	আমাকে	5
আমাকে	খাবার	5
খাবার	টুকু	5
টুকু	ঠিক	5
মত	দেয়	5
দেয়	যেন	5
যেন	কাউকে	5
কাউকে	বলতে	5
বলতে	না	5
একটা	হাত	5
হাত	খরচ	5
লাগে	তাও	5
তাও	সে	5
সে	দেয়না	5
বাবা	হিসেবে	5
হিসেবে	ছেলেকে	5
ছেলেকে	ভালবাসে	5
ভালবাসে	অনেক	5
চুপ	ছিলাম	5
ছিলাম	বুঝাইছি	5
বুঝাইছি	অনেক	5
পর্যায়ে	আবারো	5
আবারো	বাড়িতে	5
বাড়িতে	জানানো	5
সে	কারো	5
বলেনা	কারো	5
কারো	বাসায়	5
বাসায়	যায়না	5
মা	সামনে	5
সামনে	আসলে	5
আসলে	সালাম	5
সালাম	পর্যন্ত	5
পর্যন্ত	দেয়না	5
সে	তাদের	5
সম্পর্ক	রাখবো	5
তখন	বলি	5
বলি	কেন	5
অপমান	করছে	5
বলেন	সে	5
সে	পরকিয়া	5
পরকিয়া	করবে	5
কে	মারবে	5
মারবে	আর	5
আর	বাবা	5
মা	চুপ	5
চুপ	থাকবে	5
ভাই	নেই	5
আমাদের	মধ্যেবিও	5
মধ্যেবিও	পরিবার	5
কিছু	কাউকে	5
বলে	কোন	5
সমাধান	নাই	5
বলে	আমরা	5
আমাদের	বউ	5
কত	মারি	5
মারি	কোন	5
দিন	মুখ	5
মুখ	দিয়ে	5
কথা	বের	5
আমার	শাশুড়িও	5
শাশুড়িও	নেই	5
নেই	মারা	5
আমরা	বিয়ের	5
আলাদা	থাকি	5
শশুরবাড়ি	আমার	5
স্বামীর	কিছু	5
মা	নাই	5
বাবা	বিয়ে	5
করেছে	সেখানে	5
সেখানে	বছরে	5
বছরে	একবার	5
একবার	যাওয়া	5
তোমাকে	খাবার	5
খাবার	দেই	5
যে	স্বামী	5
স্বামী	ভালোবেসে	5
ভালোবেসে	কথা	5
এসব	সমস্যার	5
সে	সবাই	5
তো	ওর	5
ওর	সাথেই	5
সাথেই	সংসার	5
সংসার	করি	5
এমন	না	5
দেখতে	অসুন্দর	5
এক	দেখা	5
দেখা	তে	5
তে	পছন্দ	5
পছন্দ	করবে	5
উপায়	পাইনা	5
শুধু	ছেলের	5
ছেলের	মুখের	5
তাকিয়ে	চুপ	5
বেঁচে	থেকে	5
থেকে	মরে	5
মরে	আছি	5
স্বামীর	ভালবাসা	5
ভালবাসা	চাই	5
পরিবারের	সবার	5
কথা	বলুক	5
এটা	চাই	5
বার	মাফ	5
মাফ	চাইছে	5
যা	হইছে	5
হইছে	হয়ে	5
গেছে	তোমার	5
তোমার	কথাই	5
কথাই	মানলাম	5
মানলাম	আমাদের	5
আমাদের	দোষ	5
আমি	চাইলেই	5
চাইলেই	আমার	5
সমাজের	মানুষ	5
মানুষ	নানান	5
নানান	কথা	5
এখন	নিজে	5
নিজে	মুখেই	5
মুখেই	বলে	5
বলে	তোমার	5
ও	সব	5
কোথাও	বিয়ে	5
ভালো	থাকবা	5
থাকবা	তা	5
তা	কীভাবে	5
সে	বাহিরে	5
বাহিরে	যা	5
ইচ্ছা	করবে	5
বউ	হিসাবে	5
হিসাবে	আমাকে	5
আমাকে	রাখবে	5
এদিকে	আমার	5
অনেক	মারত	5
ছেলেটার	ভবিষ্যতের	5
ভবিষ্যতের	কথা	5
কথা	ভেবে	5
ভেবে	চুপ	5
বাবা	মাও	5
মাও	এটা	5
কষ্ট	পাচ্ছে	5
মেয়ে	আমার	5
বোন	আছে	5
আপনার	পরামর্শ	5
পরামর্শ	দেন	5
দিন	মানসিক	5
ভাবে	অসুস্থ	5
কথা	খারাপ	5
খারাপ	লাগলে	5
লাগলে	দয়া	5
করে	মাফ	5
আমি	প্রেম	5
স্বামীকে	অনেক	5
বয়স	উনিশ	5
উনিশ	বছর	5
করবো	যাতে	5
কাছে	আমাকে	5
না	যেতে	5
আমি	কার	5
কাছে	চাইবো	5
আপনি	থানায়	5
থানায়	গিয়ে	5
একটা	মামলা	5
মামলা	করেন	5
পুলিশকে	সবকিছু	5
সবকিছু	প্রথম	5
পর্যন্ত	খুলে	5
সাথে	যা	5
যা	হয়েছে	5
পুলিশকে	এটাও	5
আমার	সমস্যার	5
সমস্যার	কোন	5
সমাধান	পাইনি	5
কিন্তু	আত্মহত্যা	5
আত্মহত্যা	করতে	5
বাধ্য	হব	5
এতে	পুলিশের	5
পুলিশের	উপর	5
চাপ	আসবে	5
মা	এবং	5
এবং	স্বামী	5
স্বামী	দুজনেই	5
দুজনেই	সতর্ক	5
যদি	পুলিশকে	5
পুলিশকে	সবটা	5
সবটা	খুলে	5
বলেন	তাহলেই	5
তাহলেই	দেখবেন	5
দেখবেন	সমস্যার	5
একটা	সাহায্য	5
সাহায্য	পাচ্ছেন	5
পাচ্ছেন	পুলিশের	5
পুলিশের	কাছ	5
আপনি	বিবাহবিচ্ছেদ	5
বিবাহবিচ্ছেদ	পথ	5
পথ	বেছে	5
নিজের	মতন	5
করে	বাঁচুন	5
দুই	বেলা	5
বেলা	ডাল	5
ডাল	ভাত	5
খেয়ে	নিজের	5
মত	একা	5
একা	থাকা	5
হোক	মায়ের	5
মায়ের	কাছে	5
কিছু	পাওয়ার	5
পাওয়ার	থাকলেও	5
থাকলেও	আপনি	5
আপনি	তেমন	5
অন্যদিকে	আপনার	5
আপনার	স্বামীও	5
স্বামীও	লোক	5
লোক	হিসেবে	5
হিসেবে	ভাল	5
আপনার	দুই	5
দুই	দিকেই	5
দিকেই	জ্বালা	5
জ্বালা	হইছে	5
কিছু	বিষয়ের	5
বিষয়ের	কোন	5
সমাধান	থাকে	5
আপনি	নিয়মিত	5
নিয়মিত	নামাজ	5
নামাজ	পড়ে	5
পড়ে	আল্লাহর	5
কাছে	শান্তি	5
শান্তি	প্রার্থনা	5
প্রার্থনা	করতে	5
নিজেকে	যোগ্য	5
যোগ্য	করে	5
নিজেই	নিজের	5
জীবন	পরিচালনা	5
পরিচালনা	করতে	5
জন্য	শুভকামনা	5
শুভকামনা	রইল	5
যেন	পরিবারের	5
পরিবারের	সাহায্য	5
সাহায্য	হয়	5
একসাথে	খারাপ	5
ওরা	আপনাকে	5
কিভাবে	চায়	5
চায়	ওদের	5
ওদের	মতো	5
মতো	হবার	5
হবার	চেষ্টা	5
সমাধান	হবে	5
হয়েছে	৯	5
৯	বছর	5
বিয়ে	কিন্তু	5
কিন্তু	পারিবারিক	5
ভাবেই	হয়েছে	5
শাশুড়ি	আমাকে	5
ওনারা	আমার	5
স্বামীকে	অশিক্ষিত	5
অশিক্ষিত	মেয়ের	5
তাদের	ঘরের	5
ঘরের	কাজের	5
কাজের	মানুষ	5
মানুষ	হিসেবে	5
হিসেবে	রাখতে	5
রাখতে	চেয়েছিল	5
স্বামী	নিজ	5
নিজ	পছন্দে	5
পছন্দে	আমাকে	5
গত	৯	5
৯	বছরে	5
বছরে	একটানা	5
একটানা	৯	5
৯	দিনের	5
দিনের	জন্যও	5
জন্যও	তারা	5
কোনো	আত্মীয়	5
আত্মীয়	আমার	5
বাসায়	এলে	5
এলে	তাদের	5
তাদের	সাথেও	5
সাথেও	সম্পর্ক	5
সম্পর্ক	নষ্ট	5
নষ্ট	করতো	5
আমরা	পারিবারিক	5
পারিবারিক	কারনে	5
কারনে	১	5
এখন	নিজ	5
জায়গায়	ছিলাম	5
নিজ	বাড়িতে	5
বাড়িতে	এসে	5
এসে	শুনি	5
শুনি	পুরো	5
পুরো	এলাকাতে	5
এলাকাতে	আমাদের	5
আমাদের	নামে	5
নামে	খারাপ	5
বিরুদ্ধে	বুঝিয়েছে	5
বুঝিয়েছে	যে	5
স্বামীর	কে	5
কে	তাবিজ	5
তাবিজ	করে	5
সরিয়ে	ফেলেছি	5
করিয়ে	স্বামীকে	5
স্বামীকে	ছেড়ে	5
তোমার	বৌ	5
বৌ	নাকি	5
নাকি	তোমাকে	5
তোমাকে	সম্পত্তি	5
করিয়ে	ফেলতেছে	5
স্বামী	সবাইকে	5
ভয়ে	কেউ	5
আমাদের	৩	5
৩	বছরের	5
বছরের	প্রেম	5
ছেলেটি	বাবা	5
বাবা	চাচার	5
ভয়ে	বাড়িতে	5
বাড়িতে	কিছু	5
কাছে	আরও	5
আরও	সময়	5
সময়	চাইতো	5
বয়স	আমার	5
আমার	তখন	5
তখন	১৬	5
তে	পড়লো	5
তখনকার	সময়	5
সময়	মেয়েদের	5
মেয়েদের	জন্যে	5
জন্যে	এটি	5
অনেক	বয়স	5
থেকে	ছেলে	5
ছেলে	দেখা	5
ঠিক	হইল	5
এখন	তোর	5
তোর	ভাইকে	5
ভাইকে	বিয়ে	5
ছেলেটি	আমার	5
বলে	আমাদের	5
এরই	মাঝে	5
মাঝে	একটি	5
একটি	অঘটন	5
অঘটন	ঘটে	5
ঘটে	গেলো	5
বাবার	ভয়ে	5
ভয়ে	কোন	5
কথাই	বলতে	5
বলতে	পারলো	5
পারলো	না	5
এখনই	বিয়ে	5
এই	সাহস	5
সাহস	আমার	5
আমাকে	ভালোবাসলে	5
ভালোবাসলে	এইটুকু	5
এইটুকু	উপকার	5
উপকার	করো	5
করো	পায়ে	5
পড়ি	তোমার	5
কিছু	শুনে	5
শুনে	বুঝলাম	5
বড়	ভাইকেই	5
ভাইকেই	বিয়ে	5
বাড়ীতে	বললাম	5
সম্ভব	বিয়ের	5
বিয়ের	ব্যবস্থা	5
ব্যবস্থা	করো	5
মধ্যেই	আমাদের	5
বিয়ে	হইলো	5
এই	কাহিনী	5
কাহিনী	পুরোটা	5
পুরোটা	শুনে	5
একটা	খুব	5
সমস্যায়	পড়েছি	5
পড়েছি	দয়া	5
কেউ	হাসাহাসি	5
হাসাহাসি	করবেন	5
এর	পরিবারের	5
পরিবারের	ডিফেন্স	5
এর	জব	5
জব	নাকি	5
নাকি	পছন্দ	5
গার্লফ্রেন্ড	আমাকে	5
আমাকে	বলেছে	5
বলেছে	আমি	5
তাকে	যেভাবে	5
যেভাবে	রাখবো	5
রাখবো	সে	5
সে	সেভাবেই	5
সেভাবেই	থাকবে	5
তাকে	লুকিয়ে	5
বয়স	১৯	5
চাচ্ছি	ট্রেনিং	5
ট্রেনিং	থেকে	5
থেকে	ফিরেই	5
ফিরেই	তাকে	5
যদি	লুকিয়ে	5
করি	পরবর্তীতে	5
পরবর্তীতে	কি	5
তার	ফ্যামিলি	5
ফ্যামিলি	কোনো	5
আমাদের	ফ্যামিলি	5
ওদের	ফ্যামিলি	5
ফ্যামিলি	অনেক	5
গ্রামের	ছেলে	5
ছেলে	ঢাকাতে	5
ঢাকাতে	একটা	5
একটা	প্রাইভেট	5
প্রাইভেট	বিশ্ববিদ্যালয়ে	5
পড়াশোনা	করি	5
পরিচয়	তাকে	5
তাকে	প্রাইভেট	5
প্রাইভেট	পড়াতে	5
পড়াতে	গিয়ে	5
দিন	বিয়ের	5
বিয়ের	পরে	5
পরিবার	কোনো	5
আমার	বয়ফ্রেন্ড	5
বয়ফ্রেন্ড	একি	5
একি	স্কুলে	5
স্কুলে	পড়তাম	5
ক্লাস	নাইনে	5
নাইনে	আমাদের	5
আমাদের	প্রথম	5
হয়	ফেসবুকে	5
ক্লাস	টেনে	5
টেনে	রিলেশনে	5
রিলেশনে	যাই	5
আমার	বন্ধুত্ব	5
বন্ধুত্ব	ছাড়া	5
অন্য	কিছুর	5
কিছুর	ইচ্ছা	5
কিন্তু	ছেলেটা	5
ছেলেটা	অনেক	5
কোনো	নেশা	5
নেশা	নাই	5
আমি	সবকিছু	5
সবকিছু	বুঝে	5
বুঝে	প্রেম	5
প্রেম	করতে	5
প্রথমদিকে	অত	5
অত	ভালোবাসতাম	5
আমাদের	ম্যাক্সিমাম	5
ম্যাক্সিমাম	কথা	5
হয়েছে	অনলাইনে	5
ততদিনে	আমি	5
অনেক	ভালোবেসে	5
ভালোবেসে	ফেলেছি	5
ফেলেছি	ওকে	5
ওর	আর	5
আমার	স্কুল	5
স্কুল	ফ্রেন্ডরা	5
ফ্রেন্ডরা	সব	5
সব	জানত	5
পছন্দ	করত	5
করত	চাইত	5
চাইত	আমাদের	5
আমাদের	সম্পর্ক	5
সম্পর্ক	আবার	5
আবার	জোড়া	5
জোড়া	লাগুক	5
এভাবে	গেঞ্জাম	5
গেঞ্জাম	হয়	5
আবার	মিল	5
মিল	এরকম	5
এরকম	করতে	5
করতে	৫	5
বছর	হয়েছে	5
আমার	অসুস্থতার	5
বছর	গ্যাপ	5
গ্যাপ	গিয়েছে	5
এখন	সুস্থ	5
সুস্থ	অনেক	5
কিভাবে	এখন	5
এখন	ওকে	5
ওকে	ভুলে	5
ভুলে	যাই	5
বয়স	২৫	5
২৫	হলেও	5
বছর	কন্সিডার	5
কন্সিডার	করতাম	5
আমিও	তাকে	5
কিছু	ভাবি	5
নাই	৫	5
৫	বছরে	5
ছেলের	কথা	5
তাকে	চেতাইছি	5
চেতাইছি	অনেক	5
তাকেই	ভালোবাসি	5
ভালোবাসি	আমি	5
তাকে	ছাড়তে	5
আমি	বুঝে	5
গেছি	ওই	5
ছেলেকে	ছাড়া	5
আমি	থাকতে	5
থাকতে	পারব	5
তার	লাইফ	5
লাইফ	থেকে	5
অনেক	চিন্তার	5
চিন্তার	মধ্যে	5
গেছি	আমি	5
সময়	গিয়ে	5
গিয়ে	যদি	5
যে	ধরে	5
ধরে	রাখলেই	5
তো	পারতা	5
আসলে	করব	5
বাংলাদেশী	মেয়েটি	5
মেয়েটি	পরিবার	5
সহ	নিউজিল্যান্ড	5
নিউজিল্যান্ড	থাকে	5
ওখানেই	এক	5
এক	বাংলাদেশী	5
বাংলাদেশী	ছেলের	5
পরিচয়	তারপর	5
তারপর	সম্পর্ক	5
বিয়েটা	ওই	5
ওই	দেশে	5
দেশে	করতে	5
করতে	চেয়েছিল	5
চেয়েছিল	মেয়ে	5
মেয়ে	কিন্তু	5
কিন্তু	ছেলের	5
ছেলের	ইচ্ছা	5
ইচ্ছা	বাংলাদেশে	5
এসে	দুজন	5
দুজন	বিয়ে	5
আগে	বাংলাদেশে	5
এই	ঈদে	5
ঈদে	তাদের	5
তাদের	বিয়ে	5
নিয়ে	ঈদের	5
ঈদের	কয়েকদিন	5
আগে	দেশে	5
দেশে	আসার	5
বাংলাদেশে	আসার	5
মেয়েটি	সাথে	5
যোগাযোগ	বন্ধ	5
মেয়েটি	বিভিন্নভাবে	5
বিভিন্নভাবে	চেষ্টা	5
সাথে	কোন	5
ধরনের	যোগাযোগ	5
করতে	পারছিল	5
পারছিল	না	5
মেয়েটি	সপ্তাহখানেক	5
ঘটনা	আমাদের	5
ব্যাপারে	আমাদের	5
আমাদের	সাহায্য	5
সাহায্য	চায়	5
মেয়েটির	ঘটনার	5
ঘটনার	শুনে	5
আমরা	উনাকে	5
উনাকে	দেশে	5
দেশে	আসতে	5
আসতে	বলি	5
পরিবার	ছাড়া	5
ছাড়া	ঈদের	5
দিন	বাংলাদেশে	5
পাওয়ার	মতো	5
মতো	শুধু	5
শুধু	উনার	5
কাছে	ছেলের	5
ছেলের	পাসপোর্ট	5
পাসপোর্ট	কপি	5
কপি	ছিল	5
ছিল	একটা	5
আমরা	মেয়েটিকে	5
মেয়েটিকে	নিয়ে	5
নিয়ে	ছেলের	5
ছেলের	বাসায়	5
বাসায়	ছেলে	5
পরিবারের	সমস্ত	5
সমস্ত	সদস্যরা	5
সদস্যরা	ছিল	5
মেয়েটিকে	দেখে	5
দেখে	ছেলে	5
ছেলে	ভয়	5
ভয়	পেয়ে	5
এসে	বিয়ে	5
এই	শুক্রবারে	5
শুক্রবারে	তার	5
তার	বিয়ে	5
বিয়ে	তার	5
পরিবারের	পছন্দ	5
রেখেছে	মেয়ে	5
ঘটনা	সম্পূর্ণ	5
সম্পূর্ণ	ছেলেটির	5
ছেলেটির	পরিবারকে	5
ছেলের	পরিবার	5
থেকে	মেয়ের	5
মেয়েটি	দেখতে	5
দেখতে	যথেষ্ট	5
যথেষ্ট	সুন্দরী	5
ছেলের	মা	5
বাবা	বিয়েতে	5
মেয়ের	পরিবারের	5
সাথে	ফোনে	5
তারা	দুজনে	5
দুজনে	আবার	5
আবার	নিউজিল্যান্ড	5
নিউজিল্যান্ড	ফিরে	5
ফিরে	যাবে	5
আমি	বিবাহিত	5
নিজের	পছন্দেই	5
পছন্দেই	বিয়ে	5
বিয়ে	করেছিলাম	5
স্ত্রী	আমার	5
থেকে	বয়সে	5
বয়সে	৮	5
৮	বছরের	5
স্ত্রী	দেখতেও	5
দেখতেও	সুন্দরী	5
আমি	বেকার	5
টুকটাক	টিউশনি	5
টিউশনি	করে	5
করে	যেটুকু	5
যেটুকু	আয়	5
নিজের	হাতখরচই	5
হাতখরচই	ঠিকমতো	5
ঠিকমতো	চলে	5
তার	যাবতীয়	5
যাবতীয়	খরচ	5
খরচ	তার	5
ই	বহন	5
সে	কখনো	5
কখনো	আমার	5
আমার	সামর্থ্যের	5
সামর্থ্যের	বাইরে	5
কিছুই	চায়	5
মধ্যে	ভালোবাসার	5
ভালোবাসার	কোনো	5
কোনো	কমতি	5
কমতি	নেই	5
আমাকে	সবসময়	5
সবসময়	এগিয়ে	5
চলার	অনুপ্রেরণা	5
অনুপ্রেরণা	যোগায়	5
ভালোবাসা	থাকলে	5
থাকলে	সবকিছুই	5
সবকিছুই	সুন্দর	5
যেকোনো	পরিস্থিতি	5
পরিস্থিতি	মোকাবেলা	5
মোকাবেলা	করা	5
আপনারাও	আপনাদের	5
আপনাদের	জীবনসঙ্গীকে	5
জীবনসঙ্গীকে	ভালোবাসুন	5
তাদের	চাওয়া	5
চাওয়ার	গুরুত্ব	5
গুরুত্ব	দিন	5
অপরকে	পাশে	5
পাশে	থেকে	5
থেকে	সাহস	5
সাহস	যোগান	5
আমি	২০১৬	5
২০১৬	থেকে	5
থেকে	তাহুরা	5
তাহুরা	কে	5
কে	ভালবাসি	5
নাকি	তার	5
নাকি	মারা	5
মারা	গেলে	5
তার	একটি	5
একটি	আফসোস	5
আফসোস	থাকবে	5
নাকি	তাকে	5
তাকে	বুঝিনি	5
বুঝিনি	কখনো	5
বললাম	চলো	5
চলো	কাজী	5
কাজী	অফিসে	5
অফিসে	গিয়ে	5
গিয়ে	বিয়ে	5
আমাকে	আল্লাহর	5
আল্লাহর	কসম	5
কসম	দিয়ে	5
দিলো	এসব	5
এসব	সে	5
নম্বর	ব্লক	5
পরিবারের	অর্থনৈতিক	5
অর্থনৈতিক	অবস্থা	5
অবস্থা	বর্তমানে	5
বর্তমানে	খুব	5
আমি	টুকটাক	5
টুকটাক	অনলাইনে	5
অনলাইনে	কাজ	5
বার	তাঁর	5
তাঁর	কাছে	5
ক্ষমা	চেয়েছি	5
অনেক	বলেছি	5
আর	ভুলেও	5
ভুলেও	হবেনা	5
হবেনা	কখনো	5
সে	রাগ	5
তার	মন	5
মন	মতোই	5
অসুস্থ	আমাকে	5
আমাকে	একবারও	5
একবারও	জিগ্গেস	5
জিগ্গেস	করেনা	5
করেনা	আমি	5
কেমন	আছি	5
রাতে	আমাকে	5
দিলো	আমি	5
জন্য	পরিবার	5
পরিবার	মানলে	5
মানলে	বিয়ে	5
হলে	সে	5
৭	বছরের	5
বছরের	সব	5
কিছু	শেষ	5
বছরের	সংসার	5
সংসার	বাচ্চা	5
বাচ্চা	হয়নি	5
একটা	সরকারি	5
চাকরি	করি	5
সে	কিছু	5
বাবার	টাকার	5
টাকার	উপরে	5
উপরে	বসে	5
খায়	নেশা	5
নেশা	করে	5
প্রতিদিন	ঝগড়া	5
ঝগড়া	তার	5
তার	নিয়মিত	5
নিয়মিত	কাজ	5
রাতে	গায়ে	5
হাত	তুলেছে	5
বোনের	বিয়ে	5
হয়েছে	১৩	5
বিয়ের	১	5
বছরের	পরপরই	5
পরপরই	ওদের	5
ওদের	মেয়ে	5
মেয়ে	হয়	5
পরেই	তাদের	5
মধ্যে	ঝামেলা	5
ঝামেলা	শুরু	5
অনেকবার	সবাই	5
বলেছে	বোঝাতে	5
বোঝাতে	চেয়েছে	5
চেয়েছে	যে	5
সমস্যা	কিন্তু	5
সমাধান	হয়নি	5
আমার	বোনও	5
বোনও	চাইতো	5
চাইতো	না	5
কোনো	ছাড়াছাড়িতে	5
ছাড়াছাড়িতে	যেতে	5
মেয়ের	মুখের	5
তাকিয়ে	ঝগড়া	5
ঝগড়া	করেই	5
করেই	থাকতো	5
মেয়ের	পড়ার	5
পড়ার	খরচ	5
খরচ	দেয়না	5
দেয়না	ঠিকমত	5
পরিবারের	সবাইকে	5
সবাইকে	নিয়ে	5
নিয়ে	আজেবাজে	5
আজেবাজে	কথা	5
সে	বোনের	5
বোনের	গায়ে	5
তোলে	এই	5
তাকে	বলেছি	5
বলেছি	একসাথে	5
একসাথে	কথা	5
বল	কি	5
সে	বলেছে	5
বলেছে	যা	5
বলার	ডিভোর্স	5
ডিভোর্স	লেটারে	5
লেটারে	বলবে	5
এখন	আমরা	5
একজন	মা	5
মা	মেয়ের	5
মেয়ের	সংসারে	5
সংসারে	এইভাবেই	5
এইভাবেই	কি	5
কি	অশান্তি	5
অশান্তি	করতে	5
ভাই	আমদের	5
আমদের	পুরো	5
পুরো	পরিবার	5
পরিবার	দেখাশোনা	5
দেখাশোনা	করে	5
আব্বু	রাজি	5
রাজি	ছিল	5
আর	আম্মু	5
আম্মু	জোর	5
জোর	বিয়ে	5
বিয়ে	করাই	5
মেয়েকে	দেখে	5
ভাইয়ের	পছন্দ	5
পছন্দ	হয়েছিল	5
বিয়ের	প্রথম	5
মাস	ভালোই	5
ভাইয়ের	অবস্থা	5
অবস্থা	ওতো	5
ওতো	ভালো	5
মা	এগুলো	5
এগুলো	দেখেই	5
দেখেই	বিয়ে	5
বিয়ে	দিছে	5
থেকেই	মেয়ের	5
মেয়ের	আচরনে	5
আচরনে	পরিবর্তন	5
পরিবর্তন	দেখা	5
কাজ	একা	5
একা	করছে	5
মা	একদিনও	5
একদিনও	আমাদের	5
আমাদের	বাড়ীতে	5
বাড়ীতে	আসে	5
আম্মুর	সাথে	5
ভাইয়ের	বউ	5
দুনিয়াতে	আম্মু	5
আম্মু	আব্বু	5
আব্বু	ভাই	5
ভাই	ছাড়া	5
আমার	কেও	5
কেও	নাই	5
এই	মেয়ে	5
মেয়ে	রীতিমতো	5
রীতিমতো	আমার	5
আর	মাকে	5
মাকে	কষ্ট	5
কষ্ট	দিচ্ছে	5
ভাই	আম্মুকে	5
আম্মুকে	ধরে	5
শুধু	কান্না	5
কান্না	করে	5
মা	কেন	5
এই	জাগায়	5
জাগায়	গেলাম	5
আমার	আম্মুকে	5
আম্মুকে	বলছিল	5
বলছিল	যে	5
যে	আপনাদের	5
আপনাদের	টিনের	5
টিনের	ঘড়	5
ঘড়	দেখে	5
বিয়ে	দিছি	5
স্বামী	হাসপাতাল	5
হাসপাতাল	এসেছে	5
এসেছে	আমার	5
আমার	বাবাকে	5
বাবাকে	দেখতে	5
দেখতে	নয়	5
হাসপাতালে	এসেই	5
এসেই	আমাকে	5
বলে	চলো	5
চলো	বাসায়	5
কালকে	আমাদের	5
বাসায়	মেহমান	5
মেহমান	আসবে	5
মানুষের	বিবেকবুদ্ধি	5
বিবেকবুদ্ধি	কতটা	5
খারাপ	হতে	5
অসুস্থ	হাসপাতালে	5
হাসপাতালে	আর	5
সে	এসেছে	5
এসেছে	আমাকে	5
আমি	ওকে	5
ওকে	বলে	5
দিয়েছি	আমি	5
সংসার	করবো	5
তোমার	সংসারের	5
সংসারের	প্রয়োজন	5
প্রয়োজন	মেটানোর	5
মেটানোর	জন্য	5
জন্ম	হয়নি	5
বাবার	প্রতি	5
কিছু	দায়িত্ববোধ	5
দায়িত্ববোধ	আছে	5
অনেক	তোমার	5
তোমার	সংসারে	5
সংসারে	দায়িত্ব	5
পালন	করেছি	5
বাবা	দায়িত্ব	5
শুনে	রাগে	5
রাগে	হাসপাতাল	5
হাসপাতাল	থেকে	5
আমার	একটুও	5
একটুও	কষ্ট	5
করে	পরিচয়	5
অনেক	পরিচিত	5
পরিচিত	লোকজন	5
লোকজন	আছেন	5
কীভাবে	শুরু	5
কখনো	ভাবিও	5
ভাবিও	নাই	5
সাহায্য	চাইতে	5
চাইতে	হবে	5
অনেক	জনকে	5
জনকে	উপদেশ	5
উপদেশ	দিয়েছি	5
নিজেই	আর	5
আর	পারছি	5
যাইহোক	আসল	5
আসল	কথায়	5
হয়েছে	দেড়	5
দেড়	বছর	5
বলে	রাখা	5
আমার	এবং	5
স্বামীর	২	5
২	জনেরই	5
জনেরই	দ্বিতীয়	5
দ্বিতীয়	সংসার	5
বিয়ের	২	5
২	মাসের	5
মাসের	মাথায়	5
মাথায়	আব্বু	5
আব্বু	মারা	5
শুধু	আম্মু	5
আম্মু	আছেন	5
প্রথমে	আমার	5
স্বামীর	কথায়	5
আলহামদুলিল্লাহ	সে	5
সে	খুব	5
স্বামী	হিসেবে	5
হিসেবে	একদম	5
একদম	নিখুঁত	5
আমার	অভিযোগ	5
অভিযোগ	এর	5
জায়গা	নেই	5
আমার	শাশুড়ী	5
শাশুড়ী	মাকে	5
মাকে	নিয়ে	5
খেয়াল	করছি	5
করছি	উনি	5
উনি	আর	5
উনার	ছেলের	5
সম্পর্ক	খুব	5
স্বামীর	একটা	5
আছে	ও	5
ও	একটু	5
একটু	চিল্লায়	5
চিল্লায়	কথা	5
দেখেছি	সব	5
জন্য	উনার	5
উনার	ছেলে	5
অনেক	রাগ	5
রাগ	করেন	5
বললে	উনি	5
সেইটা	অন্যভাবে	5
অন্যভাবে	নিয়ে	5
নিয়ে	চিল্লাচিল্লি	5
চিল্লাচিল্লি	করেন	5
উনি	যেইটা	5
যেইটা	বলবে	5
বলবে	সেইটাই	5
সেইটাই	ঠিক	5
আর	সেইটাই	5
সেইটাই	করবে	5
কথা	উনি	5
উনি	শুনেন	5
শুনেন	না	5
উনার	কারো	5
সম্পর্ক	নেই	5
স্বামীর	সবকিছুতে	5
সবকিছুতে	উনি	5
উনি	দোষ	5
দোষ	দেখেন	5
সবাইকে	বলেন	5
বলেন	ইদানীং	5
ইদানীং	আমার	5
ছেলে	বদলে	5
বদলে	গেছে	5
ছোট	বিষয়	5
নিয়ে	বলেন	5
বলেন	বিয়ের	5
পর	ছেলেরা	5
ছেলেরা	কেমন	5
কেমন	বদলে	5
বদলে	যায়	5
উনাদের	মা	5
মা	ছেলের	5
সম্পর্ক	খারাপ	5
এর	প্রভাব	5
প্রভাব	আমার	5
উপর	আসে	5
সাথে	রাগ	5
করি	কেনো	5
কেনো	তাদের	5
তাদের	এরকম	5
কাটাকাটি	হয়	5
আমাকে	কোন	5
কাজে	সাহায্য	5
কিছু	কিনে	5
দিতে	ঘুরতে	5
যেতে	চাইলে	5
চাইলে	উনি	5
সেইটা	ভালোভাবে	5
ভালোভাবে	নেন	5
উনার	আমলের	5
আমলের	উদাহরণ	5
উদাহরণ	দেন	5
দেন	উনি	5
আর	উনাদের	5
উনাদের	সময়	5
বাসার	কেউ	5
কেউ	আসলে	5
আসলে	উনি	5
উনি	বাসায়	5
বাসায়	ঝগড়াঝাটি	5
ঝগড়াঝাটি	শুরু	5
বাসায়	কিছু	5
কিছু	আনলে	5
আনলে	সবার	5
জন্য	নিয়ে	5
তাও	মার	5
মার	অভিযোগ	5
অভিযোগ	ও	5
কিছু	আনে	5
আনে	না	5
নিজেই	দেখেছি	5
দেখেছি	ও	5
ও	মাকে	5
মাকে	কত	5
কত	ভালোবাসে	5
এইটা	ওইটা	5
ওইটা	কিনে	5
চাইলে	বলে	5
নষ্ট	করিস	5
আম্মু	আসছে	5
আসছে	আমাদের	5
বাসায়	৬	5
আম্মুর	সামনে	5
সামনে	উনারা	5
উনারা	যা	5
তা	ঝগড়া	5
ঝগড়া	করেন	5
খায়	ও	5
আম্মু	এসব	5
এসব	দেখে	5
কষ্ট	পাচ্ছেন	5
পাচ্ছেন	যেহেতু	5
যেহেতু	আমার	5
বাবা	নেই	5
স্বামী	এসব	5
গেলে	উনি	5
করেন	বউ	5
বউ	ছেলের	5
ছেলের	হয়ে	5
উনার	আরো	5
সে	চাকরি	5
বিয়ে	বিয়ে	5
কাছে	ছোটো	5
ছোটো	ছেলেই	5
ছেলেই	সব	5
তার	ছোটো	5
ছোটো	ছেলের	5
ছেলের	কোন	5
নিজে	দেখেছি	5
কেমন	বাজে	5
করে	মায়ের	5
সংসার	এর	5
সব	খরচ	5
খরচ	আমার	5
জামাই	দেয়	5
করি	উনি	5
তাও	আমরা	5
আমরা	খারাপ	5
চাচা	শ্বশুর	5
শ্বশুর	সবাই	5
সবাই	আলহামদুলিল্লাহ	5
আলহামদুলিল্লাহ	নিজেদের	5
নিজেদের	বাড়ি	5
বাড়ি	গাড়ি	5
গাড়ি	করে	5
উনি	নামাজ	5
কালাম	ও	5
মত	পড়েন	5
পড়েন	না	5
এখন	এইগুলো	5
এইগুলো	মেনে	5
চাচ্ছি	আলাদা	5
আলাদা	বাসায়	5
যাবো	আমরা	5
ঠিক	সিদ্ধান্ত	5
সিদ্ধান্ত	হবে	5
হয়েছে	চার	5
গেছে	আট	5
আট	মাস	5
মার	একমাত্র	5
একমাত্র	সন্তান	5
মা	মরে	5
মরে	যাওয়ার	5
পর	বাবা	5
খুব	একা	5
একা	হয়ে	5
তাকে	দেখার	5
দেখার	মত	5
আমার	সাধ্য	5
সাধ্য	অনুযায়ী	5
অনুযায়ী	চেষ্টা	5
করি	বাবার	5
বাবার	খোঁজ	5
খোঁজ	খবর	5
খবর	নিতে	5
আমার	শ্বশুরবাড়ির	5
শ্বশুরবাড়ির	লোকজন	5
লোকজন	এটা	5
এটা	একেবারেই	5
একেবারেই	পছন্দ	5
বাবার	খোঁজখবর	5
খোঁজখবর	রাখার	5
তার	বাড়ির	5
বাড়ির	লোকজন	5
লোকজন	কোনভাবেই	5
কোনভাবেই	রাজি	5
একটা	মেয়ের	5
মেয়ের	বিয়ে	5
বিয়ে	যাওয়ার	5
পরিবারের	প্রতি	5
কোন	দায়িত্ব	5
দায়িত্ব	থাকতে	5
ছেলে	যেমন	5
একটা	মেয়েও	5
মেয়েও	যদি	5
তার	বাবার	5
বাবার	দায়িত্ব	5
ক্ষেত্রে	সমস্যাটা	5
সমস্যাটা	কোথায়	5
ঈদ	গেছে	5
গেছে	দুইদিন	5
দুইদিন	পার	5
অনুমতি	পাচ্ছি	5
তাদের	অনুমতির	5
অনুমতির	অপেক্ষা	5
সবাই	ঢাকায়	5
আমাদের	পুরা	5
পুরা	বাড়ি	5
বাড়ি	জুড়ে	5
জুড়ে	বাবা	5
বাবা	একা	5
একা	দুই	5
দুই	তিনজন	5
তিনজন	কাজের	5
কাজের	লোক	5
লোক	আছে	5
আছে	সাথে	5
করে	চাচ্ছিল	5
চাচ্ছিল	যেন	5
যেন	আমি	5
আমি	বাসায়	5
রাতে	বাবা	5
বাবা	হঠাৎ	5
করে	অসুস্থ	5
পড়েছে	খবর	5
খবর	শুনে	5
শুনে	হাসপাতালে	5
হাসপাতালে	এলাম	5
রাতের	বেলায়	5
বেলায়	হাসপাতালে	5
হাসপাতালে	আসতে	5
আসতে	চাইলাম	5
চাইলাম	সেখানেও	5
সেখানেও	বাধা	5
সব	বাধাকে	5
বাধাকে	পিছনে	5
পিছনে	ফেলে	5
ফেলে	আমি	5
আমি	একাই	5
একাই	হাসপাতালে	5
হাসপাতালে	এসেছি	5
সাথে	আসেনি	5
তাদের	কথাবার্তা	5
কথাবার্তা	শুনে	5
হয়েছিল	আমাকে	5
করেছে	মানে	5
আমাকে	কিনে	5
কিনে	নিয়েছে	5
বাবাকে	হাসপাতালে	5
হাসপাতালে	দেখে	5
হচ্ছে	ভুল	5
ভুল	মানুষের	5
সংসার	শুরু	5
নিজের	পছন্দ	5
পছন্দ	বিয়ে	5
বিয়ে	করাটা	5
করাটা	উচিত	5
থেকে	সিদ্ধান্ত	5
সিদ্ধান্ত	নিয়েছি	5
নিয়েছি	আর	5
শুনবো	না	5
যতদিন	ইচ্ছা	5
ইচ্ছা	বাবার	5
বাসায়	থাকবো	5
থাকবো	বাবার	5
বাবার	সেবা	5
সেবা	যত্ন	5
যত্ন	করব	5
স্বামীর	খুব	5
বেশি	সমস্যা	5
সাথে	আলাদা	5
আমার	সিদ্ধান্ত	5
সিদ্ধান্ত	ভুল	5
সঠিক	তা	5
আমার	সম্পর্কের	5
সম্পর্কের	৪	5
বছর	হতে	5
হতে	চলল	5
ছেলে	আর	5
না	আমারই	5
আমারই	খালাতো	5
খালাতো	ভাই	5
উনি	দেশের	5
দেশের	বাহিরে	5
থাকে	খুব	5
খুব	ঘন	5
ঘন	আসা	5
আসা	যাওয়া	5
যাওয়া	করত	5
তাই	সম্পর্কটা	5
সম্পর্কটা	বেশ	5
বেশ	ভালই	5
ভালই	ছিল	5
উনি	দেশে	5
দেশে	আসলে	5
আসলে	আমাকে	5
আমাকে	এয়ার্পোটে	5
এয়ার্পোটে	যাইতে	5
যাইতে	হইত	5
সে	আরেকটা	5
আরেকটা	ফ্লাইটে	5
ফ্লাইটে	করে	5
করে	বাসায়	5
বাসায়	যাইত	5
সাথে	সে	5
আগে	দেখা	5
দেখা	করত	5
উনি	শুধুমাত্র	5
শুধুমাত্র	আমার	5
দেখা	করার	5
দেশে	আসছে	5
তাঁর	বাসায়ও	5
বাসায়ও	যায়নি	5
উনার	কাজ	5
কাজ	বাদে	5
বাদে	যেইটুকু	5
যেইটুকু	সময়	5
সময়	থাকত	5
থাকত	আমার	5
আমি	তাঁর	5
সাথে	সারারাত	5
সারারাত	জেগে	5
জেগে	ফোনে	5
মাসে	সে	5
জানায়	আমার	5
পরিবার	কোনোমতেই	5
কোনোমতেই	এই	5
যোগাযোগ	রাখেনি	5
এইটাই	আমার	5
তার	শেষ	5
শেষ	কথা	5
দেয়	সবখান	5
সবখান	থেকেই	5
আমি	বিগত	5
বিগত	৬	5
মাস	রাতে	5
রাতে	ঘুমাতে	5
ঘুমাতে	পারি	5
কিছুদিন	আগেই	5
আগেই	জানতে	5
বোন	পরোকিয়ায়	5
পরোকিয়ায়	লিপ্ত	5
তার	অফিসের	5
অফিসের	বিবাহিত	5
বিবাহিত	এক	5
এক	লোকের	5
লোকের	সাথে	5
বোন	অবিবাহিত	5
বোনের	কাজ	5
কাজ	কথা	5
ধরেই	সন্দেহজনক	5
সন্দেহজনক	মনে	5
মনে	হওয়ায়	5
হওয়ায়	আমি	5
তাকে	নজরে	5
নজরে	রাখছিলাম	5
বোন	এই	5
সে	নানান	5
নানান	বাহানায়	5
বাহানায়	বাসায়	5
বাসায়	একা	5
একা	থাকতে	5
থাকতে	চাইতো	5
বাসায়	আমি	5
ছাড়া	কেও	5
কেও	কিছু	5
বাবা	বেচে	5
বেচে	নেই	5
সমাজে	সবাই	5
সবাই	আমাদের	5
অনেক	সম্মান	5
সম্মান	দিয়ে	5
বোন	কেন	5
এই	পথে	5
পথে	পা	5
পা	বাড়ালো	5
বাড়ালো	জানাজানি	5
কিভাবে	মুখ	5
মুখ	দেখাবো	5
দেখাবো	সেই	5
সেই	চিন্তায়	5
চিন্তায়	ঘুমাতে	5
ঘুমাতে	পারছি	5
বাসায়	কাকে	5
কাকে	জানাবো	5
কিভাবে	জানাবো	5
জানাবো	বুঝতেছিনা	5
বোনের	চেয়ে	5
অনেক	বছরের	5
বোনকে	কিভাবে	5
এই	পথ	5
পথ	থেকে	5
সরিয়ে	আনবো	5
আনবো	কিছুই	5
বাসায়	ভয়ে	5
ভয়ে	বলতে	5
আমার	ক্ষতি	5
ক্ষতি	করার	5
ঐ	লোক	5
লোক	যদি	5
বোনের	কোনো	5
উচিত	এমন	5
এমন	পরিস্থিতিতে	5
শুনে	ওরা	5
আমাকে	খুন	5
খুন	করতেও	5
করতেও	দুইবার	5
দুইবার	ভাববে	5
ভাববে	না	5
এতো	এতো	5
এতো	সংসারের	5
সংসারের	ঝামেলা	5
ঝামেলা	দেখে	5
মা	এসে	5
আমাকে	অভিযোগ	5
অভিযোগ	দিলো	5
ঝগড়া	হয়েছে	5
হয়েছে	আবার	5
আগে	পরের	5
পরের	হিসাব	5
হিসাব	বাদ	5
বাদ	আজকে	5
আজকে	ঝগড়ার	5
ঝগড়ার	বিষয়	5
বিষয়	আব্বু	5
সে	সারাদিন	5
সারাদিন	কত	5
এক	বেলা	5
বেলা	খাওয়ার	5
সময়	পায়	5
পায়	এসব	5
এসব	আম্মু	5
আম্মু	তখন	5
তখন	উলটে	5
উলটে	বলছে	5
ও	সারাদিন	5
সারাদিন	অনেক	5
কাল	না	5
না	খেয়ে	5
খেয়ে	রোজা	5
রোজা	ছিলাম	5
শুনে	আব্বু	5
আব্বু	রেগে	5
রেগে	ফোন	5
আমি	আম্মু	5
বললাম	আব্বু	5
আব্বু	শুনতে	5
শুনতে	চাইছে	5
চাইছে	একটু	5
একটু	সান্ত্বনা	5
আমিও	বুঝি	5
বুঝি	তুমি	5
কষ্ট	করো	5
আম্মুর	কথা	5
কথা	কয়দিন	5
তাকে	একটা	5
কি	করলো	5
করলো	আমাকে	5
আমাকে	ও	5
এমন	মনোভাব	5
মনোভাব	নিয়ে	5
নিয়ে	সংসারে	5
সংসারে	কখনো	5
কখনো	সুখ	5
সুখ	আসে	5
আমার	মার	5
জামাই	খুব	5
কথায়	সোনার	5
সোনার	টুকরো	5
টুকরো	স্বামী	5
আমাকে	বোঝে	5
বোঝে	আমার	5
আমার	হয়ে	5
হয়ে	প্রতিবাদ	5
প্রতিবাদ	করে	5
কত	গুন	5
তাকে	এইগুলো	5
এইগুলো	শিখাইছি	5
আমি	রেগে	5
রেগে	থাকলেও	5
থাকলেও	সে	5
সে	বুঝতো	5
বুঝতো	না	5
আমি	পাশে	5
পাশে	বসায়ে	5
বসায়ে	বলছি	5
তাকে	কখনো	5
কখনো	তার	5
নিয়ে	খোটা	5
খোটা	দেই	5
বললে	সে	5
সে	নিজের	5
নিজের	কষ্টের	5
বিষয়	সাইডে	5
সাইডে	রেখে	5
রেখে	তাকে	5
তাকে	সান্ত্বনা	5
সান্ত্বনা	দিছি	5
সে	যেভাবে	5
যেভাবে	আমাকে	5
আমাকে	আশা	5
আমি	নিজেকে	5
নিজেকে	সেভাবে	5
সেভাবে	উপস্থাপন	5
উপস্থাপন	করছি	5
আমার	কখনো	5
কখনো	মনে	5
কেন	ছোট	5
ছোট	হবো	5
এটা	করছে	5
করছে	আমিও	5
আমিও	ওর	5
ওর	সাথে	5
এটা	করবো	5
ও	বোঝে	5
আমার	ঠেকা	5
ঠেকা	নাই	5
নাই	বুঝানোর	5
মানুষ	যার	5
যার	নিজের	5
করি	কাউকে	5
মত	চাই	5
তাহলে	নিজের	5
মত	বানিয়ে	5
কাউকে	নিজের	5
মত	বানানোর	5
আগে	আমাকে	5
আমাকে	তার	5
তার	মত	5
এটা	জরুরি	5
জরুরি	না	5
কিছু	অপর	5
অপর	জন	5
জন	করবে	5
স্বামী	পর	5
বছর	আমার	5
জন্মদিন	মনেও	5
মনেও	রাখে	5
রাখে	নি	5
আমি	পর	5
বছর	তাকে	5
তাকে	সারপ্রাইজ	5
সারপ্রাইজ	দিয়েছি	5
দিয়েছি	জন্মদিনে	5
এটা	ভাবি	5
ভাবি	নি	5
মনে	রাখে	5
করতে	যাবো	5
আর	এবছর	5
এবছর	সে	5
সে	বিশাল	5
বিশাল	করে	5
করে	সারপ্রাইজ	5
সারপ্রাইজ	দিয়েছে	5
দিয়েছে	আমাকে	5
কেক	এর	5
উপর	লেখা	5
ছিল	শুভ	5
শুভ	জন্মদিন	5
জন্মদিন	আমার	5
লেগেছে	কিন্তু	5
থেকে	চাই	5
চাই	সেটা	5
সেটা	কিন্তু	5
কিন্তু	ঠিক	5
করে	এনেছি	5
কাউকে	তোমার	5
কথা	শুনাতে	5
শুনাতে	হতে	5
হতে	আগে	5
আগে	তুমি	5
তুমি	তার	5
কথা	শোনো	5
আমরা	তিন	5
বোন	আমি	5
সবার	বড়	5
মা	ভাই	5
বোন	বরিশালে	5
বরিশালে	থাকে	5
আমি	সিলেট	5
সিলেট	থাকি	5
এসেছি	এসএসসি	5
এসএসসি	পরীক্ষা	5
পরীক্ষা	দিয়ে	5
ছোট	খালার	5
খালার	বাসায়	5
বাসায়	থেকেই	5
থেকেই	পড়ালেখা	5
করে	এইচএসসি	5
এইচএসসি	পরীক্ষা	5
পরীক্ষা	দিয়েছি	5
আমার	খালার	5
খালার	বাসাতে	5
বাসাতে	ফেরা	5
ফেরা	কি	5
আম্মু	খালা	5
খালা	লেখাপড়ার	5
লেখাপড়ার	জন্য	5
ঢাকায়	ফিরতে	5
ফিরতে	বলবে	5
যেতে	পারবো	5
ঐ	লোকের	5
লোকের	সামনে	5
সামনে	আমি	5
আমি	দাঁড়াতে	5
দাঁড়াতে	পারবোনা	5
এতো	ভুল	5
ভুল	মনে	5
কেউ	করে	5
তো	সত্যি	5
সত্যি	ভেবেই	5
ভেবেই	ভুলে	5
ভুলে	জড়ায়	5
জড়ায়	পরতাম	5
কিভাবে	বুঝতাম	5
বুঝতাম	যে	5
যে	মানুষগুলো	5
মানুষগুলো	সঠিক	5
সঠিক	না	5
প্রথম	ভালোবাসার	5
ভালোবাসার	মানুষটা	5
মানুষটা	ছিলো	5
ছিলো	ভুল	5
সে	পুরো	5
পুরো	৬	5
বছর	আমাকে	5
আমাকে	ঠকাইছে	5
প্রতিবারই	আশা	5
আশা	করতাম	5
করতাম	যে	5
যে	ভালো	5
যে	মেয়ের	5
মেয়ের	জন্য	5
জন্য	আমায়	5
আমায়	ছেড়ে	5
ছেড়ে	গেছিলো	5
গেছিলো	শুনছি	5
শুনছি	সে	5
নাকি	অনেক	5
তে	আসলে	5
আসলে	চেহারার	5
চেহারার	সুন্দরই	5
সুন্দরই	সব	5
আমার	মনটা	5
মনটা	কেউ	5
বুঝে	নাহ	5
ভুল	করছিলাম	5
এক	ভাবে	5
ভাবে	আমাদের	5
আমাদের	কথা	5
কথা	শুরু	5
ধিরে	ধিরে	5
ধিরে	দুর্বল	5
হয়ে	পড়লাম	5
পড়লাম	তার	5
সেও	আমার	5
পর	বুঝলাম	5
যে	আমরা	5
আমরা	একে	5
অপরকে	চাই	5
দিকে	আমি	5
খারাপ	ব্যবহার	5
প্রথমবার	ঠকার	5
ঠকার	পর	5
একটা	ভয়	5
ভয়	ঢুকে	5
ঢুকে	গেছিলো	5
গেছিলো	ভিতরে	5
বলে	নিছিলাম	5
নিছিলাম	যে	5
আমার	তোমাকে	5
তোমাকে	বিশ্বাস	5
সে	বলছিলো	5
বলছিলো	সমস্যা	5
কথা	মেনে	5
মেনে	নিবো	5
ঝে	মাঝে	5
মাঝে	ঝগড়া	5
ঝগড়া	হতো	5
কিন্তু	সেইদিনই	5
সেইদিনই	সব	5
হয়ে	যাইতো	5
ছোট	পছন্দের	5
পছন্দের	জিনিসও	5
জিনিসও	খেয়াল	5
খেয়াল	রাখতো	5
দ্বিতীয়	জনকে	5
জনকে	পেয়ে	5
পেয়ে	নিজেকে	5
নিজেকে	খুব	5
খুব	ভাগ্যবতী	5
ভাগ্যবতী	মনে	5
সাথে	বাজে	5
করতে	থাকলো	5
ততোদিনে	আমি	5
প্রতি	অনেকটাই	5
অনেকটাই	দুর্বল	5
আমাকে	ঝগড়া	5
ঝগড়া	হলেই	5
সময়	অপমান	5
পরিবার	তুলে	5
আমি	দ্বিতীয়	5
বার	ভালোবেসেও	5
ভালোবেসেও	ঠকে	5
তাকে	এখনো	5
এখনো	ভালোবাসি	5
তার	দেয়া	5
দেয়া	কথা	5
গুলা	মাঝে	5
মনে	পড়লে	5
পড়লে	অনেক	5
হাসি	আসে	5
কি	একটুও	5
একটুও	মনে	5
আগের	দিনের	5
কিভাবে	পারলো	5
পারলো	এতো	5
এতো	স্বপ্ন	5
স্বপ্ন	দেখানোর	5
দেখানোর	পরে	5
পরে	আমাকে	5
আমাকে	ঠকাইতে	5
এখন	নিজেকেই	5
নিজেকেই	আর	5
আর	বিশ্বাস	5
কি	ছিলাম	5
কি	হলাম	5
বয়স	২২	5
২২	মাস	5
আমার	৮	5
৮	মাসের	5
মাসের	একটা	5
ছেলে	বাবু	5
এই	করোনায়	5
করোনায়	অনার্স	5
অনার্স	ফাইনাল	5
ফাইনাল	ইয়ারে	5
ইয়ারে	থাকাকালীন	5
থাকাকালীন	বিয়ে	5
আমি	গনিতে	5
গনিতে	অনার্স	5
অনার্স	করতেছিলাম	5
এদিকে	যার	5
সে	অশিক্ষিত	5
সে	স্কুলেই	5
স্কুলেই	যাইনি	5
যাইনি	কখনো	5
বলছিলো	ছেলে	5
ছেলে	চাকরি	5
আমার	বর	5
বর	ছোটবেলায়	5
ছোটবেলায়	তার	5
মা	হারায়	5
বলছিলো	বরের	5
বাড়ি	আছে	5
আমি	সমস্যা	5
সমস্যা	করি	5
বোনকে	বাসায়	5
বাসায়	পাঠিয়ে	5
পাঠিয়ে	দিয়েছি	5
এক	কাপড়ে	5
কাপড়ে	বাসা	5
হয়ে	এসেছি	5
কাল	ঘটনাটা	5
ঘটনাটা	শোনার	5
আমার	দম	5
বন্ধ	লাগছিল	5
বাসায়	ফিরলেই	5
ফিরলেই	আমার	5
কোলে	মাথা	5
মাথা	রাখে	5
মেয়ে	বয়স	5
বয়স	২৩	5
২৩	বছর	5
হয়েছে	১	5
স্বামী	ভালো	5
কিছুই	জানতাম	5
জন্য	কেঁদে	5
তো	বুঝবেনা	5
তুমি	বোকার	5
মতো	তাকে	5
ভেবে	বসে	5
ইচ্ছা	আমি	5
আমি	ভাব্বো	5
তো	বোকাই	5
কি	বোকা	5
বার	ভালোবেসে	5
ভালোবেসে	ঠকে	5
ভালোবাসা	অনেক	5
তোমার	এক	5
এক	ফোটা	5
ফোটা	হাসি	5
হাসি	দেখার	5
জন্য	বসে	5
আগেই	ঝাড়ু	5
ঝাড়ু	দেওয়া	5
দিয়ে	মুছে	5
মুছে	দেওয়া	5
এলাকায়	আগুন	5
আগুন	লেগেছে	5
নানা	অসুস্থ	5
অনেক	শিক্ষার্থী	5
হাসপাতালে	থাকতে	5
নানাকে	দেখতে	5
দেখতে	গিয়েছিলাম	5
নানা	আমাকে	5
সেটা	একধরনের	5
একধরনের	যোগাযোগ	5
গতকাল	স্কুলে	5
স্কুলে	আসিনি	5
তাদেও	কেও	5
কেও	স্কুলে	5
স্কুলে	আসেনি	5
তাদের	জানার	5
বড়ো	মামা	5
মামা	বিদেশ	5
ক্লাসে	কোন	5
কেন	পলাশের	5
পলাশের	কথায়	5
কথায়	বিরক্ত	5
বিরক্ত	হয়েছিল	5
ছিল	কোনো	5
অনেকবার	লালবাগ	5
লালবাগ	কেল্লার	5
কেল্লার	কথা	5
কথা	শুনেছি	5
মিলে	সেখানে	5
সেখানে	যাব	5
আমার	মামাতো	5
মামাতো	বোনও	5
বোনও	যেতে	5
যেতে	চাইল	5
লিখে	শিক্ষকের	5
শিক্ষকের	কাছে	5
কাছে	জমা	5
জমা	দাও	5
সব	অঞ্চলের	5
অঞ্চলের	মানুষের	5
অনেক	শব্দের	5
শব্দের	উচ্চারণ	5
উচ্চারণ	আলাদা	5
আলাদা	হয়	5
দক্ষিণের	জেলা	5
জেলা	কক্সবাজার	5
সাড়ে	চারটায়	5
চারটায়	সবার	5
সবার	মাঠে	5
মাঠে	আসার	5
আজ	কোনো	5
খেলা	হবে	5
একটা	পোড়োবাড়ি	5
পোড়োবাড়ি	আছে	5
এখানে	কী	5
কী	করছো	5
করছো	তোমরা	5
চারপাশে	কত	5
দিনের	বেলাতেও	5
বেলাতেও	বাড়ির	5
বাড়ির	ভিতরটা	5
ভিতরটা	অন্ধকার	5
অন্ধকার	হয়ে	5
রেলগাড়ি	চলে	5
চলে	রেললাইনের	5
রেললাইনের	উপর	5
উপহার	পেতে	5
পেতে	প্রত্যেকের	5
প্রত্যেকের	ভালো	5
অচেনা	লোকের	5
লোকের	উপহার	5
উপহার	গ্রহণ	5
গ্রহণ	করি	5
দিতে	অনেকের	5
মাঠে	আমরা	5
আমরা	রোজ	5
রোজ	খেলতে	5
এক	চানাচুরওয়ালাকে	5
চানাচুরওয়ালাকে	দেখা	5
তিনি	চানাচুর	5
চানাচুর	বিক্রি	5
চিঠি	সাধারণত	5
সাধারণত	খামে	5
খামে	ভরে	5
ভরে	পাঠানো	5
নেই	দুঃখ	5
দুঃখ	পাবে	5
তবে	বেঁচে	5
আছি	ও	5
তোমরা	ভালো	5
চিন্তা	কোরো	5
কোরো	না	5
এখন	ঘরে	5
ঘরে	ঘরে	5
ঘরে	টেলিভিশন	5
টেলিভিশন	দেখা	5
টেলিভিশনে	কথা	5
যায়	ছবিও	5
ছবিও	দেখা	5
রেডিওতে	কেবল	5
কেবল	কথা	5
সব	পুরুষই	5
পুরুষই	পরত	5
পরত	ধুতি	5
ধুতি	পরত	5
তখনো	মেয়েরা	5
মেয়েরা	আঁচল	5
আঁচল	টেনে	5
টেনে	ঘোমটা	5
ঘোমটা	দিত	5
ভাত	বাঙালির	5
বাঙালির	বহুকালের	5
বহুকালের	প্রিয়	5
মেয়েরা	বাগান	5
বাগান	করতে	5
করতে	ভালোবাসত	5
মেয়েরা	সাঁতার	5
কাটতে	ভালোবাসত	5
ধনী	লোকেরা	5
লোকেরা	ঘোড়া	5
ঘোড়া	আর	5
আর	হাতির	5
হাতির	খেলা	5
খেলা	দেখত	5
যাতায়াতের	প্রধান	5
প্রধান	উপায়	5
উপায়	ছিল	5
ছিল	নৌকা	5
বোনের	ঘরে	5
ঘরে	তার	5
জন্যে	ছোটো	5
ছোটো	খাট	5
খাট	দেওয়া	5
সব	দেশের	5
সে	তোকে	5
তোকে	কিছু	5
উপহার	দিলো	5
আম্মা	নানাকে	5
নানাকে	একটা	5
একটা	চিঠি	5
চিঠি	লিখছেন	5
আমাদের	নামের	5
নামের	প্রয়োজন	5
আমরা	এমনিতেই	5
এমনিতেই	পরিচয়	5
পরিচয়	রাখতে	5
রাখতে	পারি	5
সেটি	টেবিলের	5
টেবিলের	উপরে	5
উপরে	রাখা	5
রাখা	ছিল	5
করে	জানাল	5
তার	প্রিয়	5
কে	নিয়েছে	5
নিশ্চিত	নই	5
কোনো	ব্যাপারে	5
নিশ্চিত	না	5
হয়ে	কাউকে	5
দোষ	দেওয়া	5
যে	নিয়েছে	5
নিয়েছে	সে	5
বাবা	বইটা	5
বইটা	বুকশেলফে	5
বুকশেলফে	তুলে	5
তুলে	রেখেছিলেন	5
তিনি	বুঝতেও	5
বুঝতেও	পারেননি	5
আর	পারুলও	5
পারুলও	না	5
দোষ	দিচ্ছ	5
দিচ্ছ	কেন	5
সে	রাতের	5
রাতের	ট্রেনে	5
ট্রেনে	রাজশাহী	5
থেকে	রওনা	5
রওনা	দিয়েছিল	5
প্রথম	সে	5
সে	ঢাকায়	5
যাওয়ার	পথে	5
পথে	ফ্লাইওভার	5
ফ্লাইওভার	দেখে	5
দেখে	হাবিব	5
হাবিব	অবাক	5
এটাকে	তার	5
তার	মনে	5
হলো	দোতলা	5
দোতলা	রাস্তা	5
ফুল	থরে	5
থরে	থরে	5
থরে	সাজানো	5
সাজানো	রয়েছে	5
ঠিক	পাশেই	5
পাশেই	একটা	5
একটা	ফলের	5
ফলের	দোকান	5
থেকে	বড়ো	5
সাথে	কুশল	5
কুশল	বিনিময়	5
বিনিময়	হলো	5
টেবিলে	নাশতা	5
নাশতা	দেওয়া	5
দেওয়া	ছিল	5
ধুয়ে	সে	5
সে	নাশতা	5
নাশতা	করতে	5
করতে	বসল	5
সেদিন	ছিল	5
ছিল	বাংলাদেশ	5
বাংলাদেশ	দলের	5
দলের	ক্রিকেট	5
খাওয়া	শেষ	5
শেষ	করেই	5
করেই	টেলিভিশনের	5
টেলিভিশনের	সামনে	5
সামনে	গিয়ে	5
গিয়ে	বসল	5
তার	খুব	5
আনন্দ	হচ্ছিল	5
মেয়ে	কী	5
কী	কাণ্ড	5
কাণ্ড	করেছে	5
করেছে	জানো	5
সোনার	চুড়িটা	5
চুড়িটা	ভেঙে	5
ভেঙে	করেছে	5
করে	ভেঙেছি	5
ভেঙেছি	নাকি	5
পা	পিছলে	5
পিছলে	পড়ে	5
পড়ে	গেলাম	5
যে	ব্যথা	5
ব্যথা	লাগল	5
লাগল	সেটা	5
সেটা	বুঝি	5
বুঝি	কিছু	5
মেয়েকে	পরতে	5
পরতে	দিয়েছিলেন	5
নানা	সুস্থ	5
হাসপাতালে	ভর্তি	5
বড়ো	হাসপাতাল	5
হাসপাতাল	আমি	5
তিনি	বিদেশ	5
চলো	ঐতিহাসিক	5
ঐতিহাসিক	জায়গাইয়	5
জায়গাইয়	ঘুরতে	5
মিলে	যাব	5
আমাদের	যাওয়ার	5
শুনে	সেও	5
সেও	যাইতে	5
যাইতে	চাইল	5
সে	মাঠে	5
মাঠে	আসেনি	5
জরুরি	সভা	5
সভা	হবে	5
হাসপাতালে	আমি	5
আগে	যাইনি	5
তিনি	কি	5
সবার	ভাষা	5
অপেক্ষা	করো	5
অনেক	দেশের	5
পরে	পারুল	5
পারুল	নিজেই	5
নিজেই	জানাল	5
জানাল	বইটা	5
এক	বই	5
এত	ঘটনা	5
ঘটে	যাবে	5
কমলাপুর	রেলস্টেশন	5
রেলস্টেশন	থেকে	5
থেকে	বোনের	5
বোনের	বাসায়	5
বাসায়	যাচ্ছি	5
বোনের	বাসার	5
রজনীগন্ধা	গোলাপ	5
গোলাপ	নানা	5
আছে	দোকানে	5
বোনের	জন্য	5
সমান	দুটো	5
দুটো	টুকরো	5
টুকরো	হয়ে	5
হলো	কী	5
আমাদের	বাড়ি	5
এই	বাড়িটা	5
বাড়িটা	আমাদের	5
প্রথমে	বালিশের	5
বালিশের	তলাটা	5
তলাটা	হাতড়ালেন	5
সুন্দর	লাগে	5
শুধু	তাকিয়ে	5
তাকিয়ে	থাকতে	5
থাকতে	ইচ্ছে	5
তাদের	বাগান	5
বাগান	অন্যদের	5
অন্যদের	বাগানের	5
বাগানের	মতো	5
মতো	নয়	5
বিশাল	বড়ো	5
পুতুলের	এই	5
এই	জন্যেই	5
জন্যেই	খুব	5
গাছগুলোর	দিকে	5
দিকে	তাকালেই	5
তাকালেই	তার	5
তার	কান্না	5
কান্না	পেয়ে	5
ছোটোরা	অনেক	5
করে	যেগুলো	5
যেগুলো	বড়োরা	5
বড়োরা	পছন্দ	5
তাছাড়া	আরেকটা	5
আরেকটা	কারণও	5
কারণও	আছে	5
ঘরে	তেমন	5
তেমন	ঢুকতে	5
আমাদের	চলতেই	5
চলতেই	পারে	5
হাতে	তালি	5
তালি	দিয়ে	5
কোথাও	যাওয়ার	5
যাওয়ার	রাস্তা	5
এখানে	নাকি	5
একটা	শিশুপার্ক	5
শিশুপার্ক	হবে	5
তোমাদের	কথা	5
শুনে	হাসছি	5
কথা	বোলো	5
বোলো	না	5
যে	অত্যাচার	5
অত্যাচার	করে	5
মেঠো	পথের	5
পথের	দুপাশে	5
দুপাশে	সবুজ	5
সবুজ	ধানখেত	5
হঠাৎ	সামনের	5
সামনের	মেয়েটি	5
মেয়েটি	থমকে	5
থমকে	দাঁড়াল	5
ধানখেত	পার	5
পার	হতেই	5
হতেই	একটা	5
বড়ো	পুকুর	5
আমার	চোখের	5
সেখানকার	পানি	5
পানি	টলটলে	5
পুকুরের	ধারে	5
ধারে	একটা	5
বড়ো	আমগাছ	5
হচ্ছে	এবার	5
এবার	অনেক	5
অনেক	আম	5
আম	ধরবে	5
আম	খেতে	5
খেতে	ভালোবাসি	5
সেই	আমগাছের	5
সবাই	তাকিয়ে	5
তাকিয়ে	দেখল	5
আমগাছে	প্রচুর	5
প্রচুর	মুকুল	5
মুকুল	এসেছে	5
সাদা	মুকুলে	5
মুকুলে	আমগাছের	5
আমগাছের	সবুজ	5
সবুজ	পাতা	5
পাতা	ঢাকা	5
ঢাকা	পড়েছে	5
তাঁর	বয়স	5
বয়স	সত্তর	5
সত্তর	বছর	5
তিনি	ওদের	5
ওদের	কথা	5
শুনে	বললেন	5
ও	ঠিকই	5
ঠিকই	বলেছে	5
যে	বছর	5
বছর	ধান	5
ধান	ভালো	5
সে	বছর	5
বছর	আমের	5
আমের	ফলনও	5
ফলনও	ভালো	5
বসে	রাজীব	5
রাজীব	তখন	5
তখন	ঘুমায়	5
বসে	আমি	5
তখন	ঘুমাই	5
সকালে	দেড়ি	5
দেড়ি	করে	5
করে	ঘুম	5
থেকে	উঠি	5
ঠিকই	বলেছি	5
ভাই	তখন	5
তখন	পড়তে	5
আমি	সকাালে	5
সকাালে	পড়তে	5
পড়তে	বসি	5
আজকাল	কী	5
করছে	ছেলেটা	5
বয়স	সবে	5
সবে	চার	5
বছর	পূর্ণ	5
পূর্ণ	হলো	5
সবকিছুতেই	তার	5
তার	এলোমেলো	5
এলোমেলো	আচরণ	5
বাবা	একদিন	5
একদিন	কথায়	5
কথায়	কথায়	5
কথায়	মাকে	5
মাকে	বললেন	5
ছেলেটার	সব	5
মেয়েটার	সব	5
আমি	খাইয়ে	5
খাইয়ে	দিলে	5
দিলে	রাজীব	5
রাজীব	সময়মতো	5
সময়মতো	খায়	5
মার	কথা	5
শুনে	বাবা	5
বাবা	হাসলেন	5
করবে	সেটাই	5
সেটাই	দেখার	5
তখন	সময়মতো	5
সময়মতো	পড়বে	5
পড়বে	ঘুমাবে	5
ঘুমাবে	আর	5
আর	খেলবে	5
দাদির	কাছে	5
একটা	পুরাতন	5
পুরাতন	সিন্দুক	5
সিন্দুক	আছে	5
সেই	সিন্দুক	5
সিন্দুক	সবসময়ে	5
সবসময়ে	তালা	5
তালা	দিয়ে	5
দিয়ে	আটকানো	5
আটকানো	থাকে	5
ধরে	ওটা	5
ওটা	খোলা	5
এই	সিন্দুকের	5
সিন্দুকের	ভেতরে	5
ভেতরে	কী	5
কী	আছে	5
দাদি	অবাক	5
অবাক	চোখে	5
চোখে	আমার	5
দিকে	তাকালেন	5
চাবি	দিয়ে	5
দিয়ে	তালা	5
তালা	খোলার	5
সব	দেখতে	5
তোমার	মার	5
মার	অনেক	5
অনেক	গয়না	5
গয়না	আছে	5
থেকে	চাবি	5
চাবি	বানানোর	5
বানানোর	লোক	5
লোক	আনালেন	5
তিশার	জন্য	5
জন্য	সিন্দুক	5
সিন্দুক	খোলা	5
খোলা	হলো	5
পলাশের	নানা	5
নানা	ও	5
ও	নানি	5
নানি	একইদিনে	5
একইদিনে	মারা	5
নানার	কঠিন	5
কঠিন	অসুখ	5
অসুখ	হয়েছিল	5
অসুখে	তিনি	5
তিনি	কয়েক	5
বছর	ভুগেছিলেন	5
তাঁকে	হাসপাতালে	5
হাসপাতালে	নেওয়া	5
নেওয়া	হয়েছিল	5
কিন্তু	বাঁচানো	5
বাঁচানো	যায়নি	5
কয়েকদিন	পলাশের	5
পলাশের	মন	5
তাই	তখন	5
সে	কারও	5
কারও	সাথে	5
কথা	বলত	5
বলত	না	5
মানুষের	বার্ধক্য	5
বার্ধক্য	আর	5
আর	মৃত্যুকে	5
মৃত্যুকে	ঠেকানো	5
ঠেকানো	যায়	5
তবু	প্রতিটি	5
প্রতিটি	মৃত্যু	5
মৃত্যু	মানুষকে	5
মানুষকে	কষ্ট	5
কষ্ট	দেয়	5
শেষ	বলে	5
বলে	ছয়	5
ছয়	মেরে	5
মেরে	বাংলাদেশ	5
বাংলাদেশ	জিতে	5
জিতে	গেল	5
আহ্	কী	5
কী	চমৎকার	5
চমৎকার	খেলাই	5
খেলাই	না	5
না	দেখলাম	5
বোন	চিৎকার	5
দিয়ে	উঠল	5
উঠল	দারুণ	5
বাহ্	এমন	5
এমন	খেলা	5
খেলা	বহুদিন	5
বহুদিন	দেখিনি	5
আহা	যারা	5
যারা	হেরে	5
হেরে	গেল	5
গেল	ওদের	5
ওদের	মনে	5
মনে	অনেক	5
খেলায়	হারজিত	5
হারজিত	থাকতেই	5
আরে	এর	5
মধ্যেই	দেখি	5
দেখি	বিজয়	5
বিজয়	মিছিল	5
মিছিল	শুরু	5
বাপরে	বাপ	5
বাপ	কত	5
বড়ো	মিছিল	5
একটি	শব্দের	5
শব্দের	অনেক	5
রকম	অর্থ	5
অর্থ	থাকতে	5
আম	পাকে	5
পাকে	বৈশাখে	5
বৈশাখে	কুল	5
কুল	পাকে	5
পাকে	ফাগুনে	5
কাঁচা	ইট	5
ইট	পাকা	5
হয়	পোড়ালে	5
পোড়ালে	তা	5
তা	আগুনে	5
রোদে	জলে	5
জলে	টিকে	5
টিকে	রং	5
রং	পাকা	5
পাকা	কই	5
কই	তাহারে	5
ফলারটি	পাকা	5
হয়	লুচি	5
লুচি	দই	5
দই	আহারে	5
চুল	পাকে	5
পাকে	বয়সে	5
পাকা	ছেলে	5
ছেলে	বেশি	5
কয়	সে	5
কান	পাকে	5
পাকে	ফোড়া	5
ফোড়া	পাকে	5
বুদ্ধি	পাকিয়ে	5
পাকিয়ে	তোলে	5
তোলে	লেখাপড়া	5
লেখাপড়া	গিলিয়ে	5
কথা	যার	5
যার	পাকা	5
পাকা	নয়	5
নয়	কাজে	5
কাজে	তার	5
তার	ঠনঠন	5
দূরের	পথ	5
বাসে	করেই	5
করেই	তাঁকে	5
তাঁকে	রওনা	5
রওনা	দিতে	5
দিতে	হলো	5
বাস	থেকে	5
যখন	নামলেন	5
নামলেন	তখন	5
তখন	সকাল	5
কথাটি	তোমাদের	5
অনেকগুলো	নতুন	5
নতুন	বই	5
বই	দেখে	5
হয়ে	বললাম	5
আমাদের	বাড়িতে	5
বাড়িতে	এসেছেন	5
জবাবে	কিছু	5
কিছু	বললেন	5
জবাবে	ছোটো	5
বললেন	হ্যাঁ	5
বইগুলোর	দিকে	5
শুধু	তাঁর	5
তাঁর	হাতের	5
হাতের	দিকে	5
পরে	আমরা	5
আমরা	লাইব্রেরি	5
লাইব্রেরি	দেখতে	5
দেখতে	যাই	5
খুবই	বড়ো	5
বড়ো	লাইব্রেরি	5
লাইব্রেরি	সন্দেহ	5
নেই	ব্যবস্থাও	5
ব্যবস্থাও	খুব	5
রিডিং	রুমগুলো	5
রুমগুলো	ভাগ	5
করা	রয়েছে	5
শিক্ষকরাও	তাদের	5
যাওয়ার	সাথে	5
সাথে	কী	5
কী	একটা	5
একটা	শব্দ	5
শব্দ	করল	5
আর	সকল	5
সকল	ছেলেমেয়ে	5
ছেলেমেয়ে	লাইন	5
লাইন	বেঁধে	5
বেঁধে	দাঁড়িয়ে	5
দাঁড়িয়ে	গেল	5
আমরা	সালাম	5
সালাম	গ্রহণ	5
গ্রহণ	করলাম	5
তারা	স্লোগান	5
স্লোগান	আরম্ভ	5
আরম্ভ	করল	5
আমরা	বিদায়	5
বিদায়	নিয়ে	5
সাগর	পাড়ি	5
পাড়ি	দেবো	5
সব	দিনের	5
দিনের	মতো	5
মতো	সেদিনও	5
সেদিনও	ওরা	5
ওরা	খেলতে	5
খেলতে	গিয়েছিল	5
লোক	ফিতা	5
ফিতা	নিয়ে	5
নিয়ে	মাপজোখ	5
মাপজোখ	করছে	5
একজনের	হাতে	5
হাতে	আবার	5
আবার	মোটা	5
মোটা	একটা	5
একটা	খাতা	5
সেখানে	কলম	5
কলম	দিয়ে	5
দিয়ে	কীসব	5
কীসব	টুকে	5
টুকে	রাখছে	5
কী	করছে	5
কয়েকজন	একসঙ্গে	5
একসঙ্গে	বলে	5
বলে	ওঠে	5
বদলে	যাচ্ছে	5
যাচ্ছে	আমাদের	5
আমাদের	খেলার	5
খেলার	মাঠটা	5
মাঠটা	তাই	5
আমার	রাগ	5
রাগ	থাকলে	5
কিছু	বললেও	5
বললেও	উনি	5
উনি	চুপ	5
আমাকে	বুঝায়	5
নিজেকে	উনি	5
উনি	দূর্বল	5
দূর্বল	ভেবে	5
ভেবে	এমন	5
উনি	মানুষটাই	5
মানুষটাই	এমন	5
এমন	সবাই	5
অনেক	ভাগ্য	5
ভাগ্য	করে	5
নাকি	এমন	5
এমন	স্বামী	5
স্বামী	পাইছি	5
আসলেই	মানুষটার	5
মানুষটার	প্রতি	5
প্রতি	আমি	5
এই	মুগ্ধতায়	5
মুগ্ধতায়	বিভোর	5
বিভোর	থাকতে	5
আমি	আজীবন	5
আমার	বিন্দুমাত্র	5
বিন্দুমাত্র	কোন	5
কোন	অভিযোগ	5
অভিযোগ	নেই	5
চলো	একদিন	5
একদিন	দেখা	5
দেখা	করি	5
করি	পুরো	5
পুরো	শহর	5
শহর	রিক্সায়	5
রিক্সায়	ঘুরবো	5
মাঝখানে	চাকরির	5
চাকরির	পড়াশোনায়	5
পড়াশোনায়	বেশ	5
বেশ	খানিকটা	5
খানিকটা	ক্ষতি	5
আজকে	কফি	5
মাথায়	অনেক	5
অনেক	ব্যাথা	5
তোমার	সৌন্দর্যে	5
সৌন্দর্যে	আমি	5
সকালে	তার	5
আমায়	ঘুরতে	5
স্বামী	৩	5
ধরে	বিদেশে	5
বিদেশে	আছেন	5
রাতে	খেয়েছো	5
রাতে	খেয়েছেন	5
ছেলেটির	নানার	5
নানার	বাড়ি	5
বাড়ি	বরিশালে	5
ছেলেটির	গ্রামের	5
বাড়ি	রাজশাহীতে	5
আইডিটা	যদি	5
যদি	চিড়িয়াখানা	5
চিড়িয়াখানা	হতো	5
মিরপুরে	কাল	5
থেকে	বিদ্যুৎ	5
বিদ্যুৎ	যাচ্ছে	5
বিদ্যুৎ	সমস্যার	5
সমস্যার	কি	5
পৃথিবীতে	বাবার	5
বাবার	পরেই	5
পরেই	দ্বিতীয়	5
দ্বিতীয়	বীর	5
বীর	যোদ্ধা	5
যোদ্ধা	হলেন	5
হলেন	বড়ভাই	5
খিদে	পেয়েছে	5
সামনে	কোরবানি	5
ঈদ	আসছে	5
ঈদ	হলো	5
হলো	ইসলামিক	5
ইসলামিক	ধর্মের	5
ধর্মের	একটি	5
প্রধান	উৎসব	5
রেগে	গেলেন	5
গেলেন	তো	5
সুস্থ	দেহ	5
দেহ	ও	5
প্রশান্ত	মন	5
মন	একজন	5
একজন	মানুষের	5
বড়	সম্পদ	5
ও	ব্যস্ততা	5
ব্যস্ততা	বাড়ছে	5
দোষ	সহজেই	5
সহজেই	খুঁজে	5
দোষ	খুঁজে	5
প্রতিদিন	আমি	5
হলে	অপ্রয়োজনীয়	5
অপ্রয়োজনীয়	অনেক	5
কিছু	ভুলে	5
ভুলে	যেতে	5
সবাই	ভালোবাসা	5
ভালোবাসা	পেতে	5
পেতে	চায়	5
দৃষ্টিভঙ্গি	বদলালে	5
বদলালে	জীবন	5
বদলে	যাবে	5
আজ	ছুটির	5
সবার	জীবনে	5
জীবনে	একটি	5
একটি	লক্ষ্য	5
লক্ষ্য	থাকতে	5
লক্ষ্য	ঠিক	5
জীবনে	এগিয়ে	5
সবাইকে	স্বাগতম	5
দাম	কমার	5
কমার	ফলে	5
ফলে	অক্টোবরে	5
অক্টোবরে	চাহিদা	5
চাহিদা	কিছুটা	5
কিছুটা	বেড়েছিল	5
প্রতিদিন	অন্তত	5
অন্তত	একটি	5
পেয়ারা	করে	5
খেলে	পেতে	5
পারেন	অনেক	5
বিভিন্ন	ফলের	5
ফলের	মধ্যে	5
মধ্যে	পেয়ারা	5
পেয়ারা	অন্যতম	5
জন্য	পেয়ারা	5
পেয়ারা	অত্যন্ত	5
অত্যন্ত	উপকারী	5
দিনে	তাজা	5
তাজা	নারিকেল	5
নারিকেল	পান	5
পান	করা	5
খুব	আনন্দদায়ক	5
আমার	বাড়ীর	5
পিছনে	অনেক	5
একটি	নারিকেল	5
নারিকেল	গাছ	5
রান্নাঘরে	কে	5
কে	দাড়িয়ে	5
মাটির	পাতিল	5
পাতিল	গুলা	5
মাংস	দিয়ে	5
তরকারী	ডিয়ে	5
ডিয়ে	ভাত	5
পেঁপে	খেতে	5
পেঁপে	বাংলাদেশের	5
থেকে	শহরে	5
শহরে	আসার	5
গুলা	জাম্বুরা	5
কিনে	আনবা	5
কি	জামরুল	5
জামরুল	খাও	5
সে	ছাদে	5
ছাদে	অনেক	5
গুলো	কবুতর	5
কবুতর	পালে	5
আমাদের	খামারে	5
খামারে	৫০০০টির	5
৫০০০টির	বেশি	5
বেশি	মুরগি	5
মুরগি	আছে	5
বাচ্চা	পালি	5
বিড়াল	ছানা	5
ছানা	পালার	5
পালার	খুব	5
সাঁতার	কাটবো	5
কাটবো	না	5
বোকা	মেয়ে	5
সবাই	ড্রয়িংরুমে	5
ড্রয়িংরুমে	বসছে	5
স্টোররুমটি	নোংরা	5
নোংরা	হয়ে	5
ফ্লোর	গুলি	5
গুলি	মার্বেল	5
মার্বেল	পাথর	5
মানুষরা	লাকড়ির	5
লাকড়ির	চুলা	5
চুলা	ব্যবহার	5
আমি	দুপুরে	5
দুপুরে	শুধু	5
শুধু	বেগুন	5
ঝোল	আমার	5
খুব	প্রিয়	5
প্রিয়	তরকারি	5
গোসল	করা	5
ছাড়া	একটি	5
একটি	দিনও	5
দিনও	টিকা	5
টিকা	মুশকিল	5
বাড়ীতে	গেলে	5
গেলে	পুকুরে	5
গোসল	করি	5
যদি	জিভে	5
জিভে	পানি	5
দেবে	এমন	5
একটি	ফলের	5
ফলের	নাম	5
বলতে	বলা	5
মনে	তেঁতুলের	5
তেঁতুলের	নাম	5
নাম	আসবেই	5
ছোটবেলায়	বাবা	5
মা	তেতুল	5
তেতুল	খেতে	5
খেতে	নিষেধ	5
এমন	কাওকে	5
কাওকে	মনে	5
না	খুঁজে	5
খেলে	বুদ্ধি	5
তেতুল	নিয়ে	5
নিয়ে	শুধুমাত্র	5
শুধুমাত্র	আমাদের	5
দেশে	নয়	5
নয়	সারা	5
সারা	উপমহাদেশেই	5
উপমহাদেশেই	প্রচুর	5
প্রচুর	ভুল	5
ভুল	ধারনা	5
ধারনা	আছে	5
আমাদের	বাড়ির	5
বাড়ির	উঠান	5
ছোটো	বাচ্চারা	5
বাচ্চারা	গ্রামের	5
শিশুটি	অনেক	5
দেড়	মাস	5
মাস	হয়ে	5
গেলেও	শিশুটির	5
শিশুটির	কোনো	5
কোনো	অভিভাবকের	5
অভিভাবকের	সন্ধান	5
হাসপাতালে	কাঁদছে	5
কাঁদছে	আহত	5
দিনে	কি	5
কি	বারান্দার	5
প্রয়োজন	আছে	5
পানি	পেয়ে	5
পেয়ে	গাছগুলো	5
গাছগুলো	মরে	5
যেদিন	বৃষ্টি	5
হয়েছে	সেদিন	5
সেদিন	বারান্দার	5
শশা	এক	5
এক	প্রকারের	5
প্রকারের	ফল	5
গরমের	সময়	5
সময়	শশা	5
শশা	বেশি	5
টমেটোর	বাজারে	5
বাজারে	যে	5
যে	আগুন	5
আগুন	সাধারণ	5
কাছে	তা	5
খবর	নয়	5
এই	বাজারেই	5
বাজারেই	টমেটো	5
করে	কোটিপতি	5
কোটিপতি	হয়ে	5
গেলেন	এক	5
ভাজা	খাবো	5
তেল	রান্নার	5
রান্নার	জন্যে	5
জন্যে	এবং	5
এবং	গায়ে	5
গায়ে	মালিশ	5
মালিশ	করার	5
তেল	অকালে	5
অকালে	চুল	5
চুল	সাদা	5
সাদা	হওয়া	5
হওয়া	রোধ	5
রোধ	করে	5
ও	চুল	5
তেলের	দিন	5
দিন	দাম	5
এখানে	থুথু	5
খেলে	রক্ত	5
আমি	বাজার	5
থেকে	পেয়ারা	5
পেয়ারা	কিনে	5
কিনে	আসলাম	5
দাদু	নারিকেল	5
পানি	পছন্দ	5
রান্নাঘরে	তরকারি	5
ছোট	ভাইটি	5
ভাইটি	মুরগির	5
ভাজি	আমার	5
পছন্দের	সবজি	5
জাম্বুরা	ঠান্ডা	5
ঠান্ডা	জনিত	5
জনিত	সমস্যার	5
সমস্যার	জন্য	5
জন্য	খেলে	5
খেলে	ভাল	5
ভাল	ফলাফল	5
ফলাফল	পাওয়া	5
জামরুল	আমার	5
অনেকেই	শখের	5
বশে	কবুতর	5
পালন	করতে	5
বেশি	জায়গারও	5
জায়গারও	প্রয়োজন	5
দেশীয়	মুরগী	5
মুরগী	বছরে	5
বছরে	ডিম	5
ডিম	দেয়	5
মানুষ	দিনের	5
দিনের	বেলা	5
বেলা	যতোটা	5
যতোটা	পরিষ্কার	5
পরিষ্কার	দেখে	5
দেখে	বিড়ালেরা	5
বিড়ালেরা	রাতে	5
রাতে	তার	5
তার	চেয়েও	5
চেয়েও	ভালো	5
ভালো	দেখতে	5
আমাকে	বোকা	5
বোকা	মনে	5
আমি	ড্রয়িংরুমে	5
বসে	ছবি	5
ছবি	আঁকতে	5
আঁকতে	ভালোবাসি	5
ঘরের	আসবাবপত্র	5
আসবাবপত্র	রেখে	5
রেখে	দেওয়ার	5
জন্য	স্টোররুম	5
স্টোররুম	দরকার	5
ঘরের	ফ্লোর	5
ফ্লোর	পরিষ্কার	5
বাংলাদেশের	শীতকালটা	5
শীতকালটা	লাউ	5
বেশি	উপযোগী	5
বেশি	শীতও	5
শীতও	না	5
আবার	বেশি	5
বেশি	গরমও	5
গরমও	না	5
এমন	আবহাওয়া	5
আবহাওয়া	লাউ	5
জন্য	উত্তম	5
উঠান	থেকে	5
বলে	তিনি	5
তিনি	চলে	5
চলে	গেলেন	5
মা	ঝারু	5
ঝারু	দিয়ে	5
দিয়ে	ঘরটি	5
ঘরটি	পরিষ্কার	5
পরিষ্কার	করছে	5
তেতুলের	কচি	5
কচি	পাতা	5
পাতা	সিদ্ধ	5
করে	পানি	5
পানি	সেবন	5
সেবন	করলে	5
আমি	খাবারে	5
খাবারে	টক	5
টক	খুব	5
থেকে	উঠার	5
উঠার	পর	5
কাজে	পর্যাপ্ত	5
পর্যাপ্ত	সময়	5
সময়	ব্যয়	5
চাষাবাদ	করে	5
আমি	সময়	5
সর্দি	হলে	5
হলে	গরম	5
গরম	রং	5
রং	চা	5
চা	খেলে	5
পেয়ারা	একটি	5
একটি	মিষ্টি	5
মিষ্টি	ফল	5
নারিকেল	থেকে	5
থেকে	নারিকেল	5
পানি	পাওয়া	5
রান্নাঘরে	আমি	5
আমি	রান্না	5
রান্না	করি	5
ভাত	রান্নার	5
রান্নার	পাত্রটি	5
পাত্রটি	শক্ত	5
শক্ত	করে	5
করে	ঢেকে	5
ঢেকে	রাখতে	5
শিম	সব	5
ধরনের	মাটিতেই	5
মাটিতেই	চাষ	5
পেঁপে	একটি	5
একটি	সুস্বাদু	5
সুস্বাদু	ফল	5
অনেকগুলো	কবুতর	5
কবুতর	আকাশে	5
সম্পূর্ণ	নতুন	5
নতুন	স্টোররুম	5
স্টোররুম	ডিজাইন	5
ডিজাইন	তৈরি	5
সিলেট	নগরের	5
নগরের	শেখঘাট	5
শেখঘাট	এলাকায়	5
এলাকায়	গড়ে	5
উঠেছে	বেশ	5
কয়েকটি	লাকড়ি	5
লাকড়ি	তৈরির	5
তৈরির	কারখানা	5
তেতুল	এর	5
এর	টক	5
টক	দিয়ে	5
দিয়ে	ফুসকা	5
ফুসকা	খাবো	5
শরবত	অনেক	5
অনেক	টক	5
দিয়ে	ঝাল	5
মুড়ি	বানাও	5
এই	বোকা	5
বোকা	কোন	5
বিষয়ে	জানে	5
ঘামে	শরীর	5
যে	পানি	5
পানি	ও	5
ও	খনিজ	5
খনিজ	লবণ	5
লবণ	বের	5
তার	অনেকটাই	5
অনেকটাই	পূরণ	5
পারে	লাউ	5
বাংলাদেশে	জনপ্রিয়	5
জনপ্রিয়	সবজির	5
সবজির	অন্যতম	5
অন্যতম	লাউ	5
লাউ	যেটি	5
যেটি	এখন	5
প্রায়	সারা	5
সারা	বছরই	5
বছরই	পাওয়া	5
সুপ	খাওয়া	5
খাওয়া	যেতে	5
এই	তেতুলের	5
তেতুলের	নাম	5
নাম	শুনলেই	5
শুনলেই	জিভে	5
জিভে	জল	5
জল	আসেনা	5
আসেনা	এমন	5
মানুষ	খুজে	5
পাওয়া	কঠিন	5
আবেগ	প্রবন	5
প্রবন	মানুষ	5
খুব	বোকা	5
প্রথম	দেখায়	5
দেখায়	কাউকে	5
কাউকে	খুব	5
খুব	সরল	5
সরল	মনে	5
মনে	বিশ্বাস	5
লবন	ছাড়া	5
ছাড়া	তরকারি	5
তরকারি	যেমন	5
যেমন	স্বাদহীন	5
স্বাদহীন	বিশ্বাস	5
বিশ্বাস	ছাড়া	5
ছাড়া	সম্পর্কও	5
সম্পর্কও	তেমন	5
তেমন	মূল্যহীন	5
কাউকে	মিথ্যা	5
বলে	খুশী	5
খুশী	করার	5
করার	থেকে	5
থেকে	সত্যি	5
সত্যি	বলে	5
বলে	কাঁদানো	5
কাঁদানো	ভালো	5
অপরের	প্রতি	5
প্রতি	যতো	5
যতো	বেশী	5
বেশী	বিশ্বাস	5
বিশ্বাস	থাকবে	5
থাকবে	তাদের	5
তাদের	ভালোবাসার	5
ভালোবাসার	পাল্লা	5
পাল্লা	ততো	5
ততো	ভারী	5
ভারী	হবে	5
বৃষ্টি	বেড়ে	5
বেড়ে	তাপমাত্রা	5
তাপমাত্রা	কমার	5
কমার	সুখবর	5
সুখবর	দিয়েছে	5
দিয়েছে	আবহাওয়া	5
আবহাওয়া	অফিস	5
পুরো	বর্ষা	5
বর্ষা	মৌসুমে	5
মৌসুমে	হাতে	5
হাতে	গোনা	5
গোনা	কয়েকদিন	5
কয়েকদিন	মাত্র	5
মাত্র	বৃষ্টি	5
আর	মেঘের	5
মেঘের	দেখা	5
দেখা	নেই	5
খাওয়ার	অনেক	5
আগেই	যদি	5
যদি	ভাত	5
ভাত	রান্না	5
রান্না	শেষ	5
গিয়ে	থাকে	5
তবে	ঢাকনা	5
ঢাকনা	সরিয়ে	5
সরিয়ে	একটা	5
একটা	তোয়ালে	5
তোয়ালে	দিয়ে	5
দিয়ে	ঢেকে	5
ঢেকে	রাখুন	5
বাংলাদেশে	৬৪	5
৬৪	টা	5
টা	জেলা	5
সবাই	গতকাল	5
গতকাল	বাহিরে	5
বাহিরে	গিয়েছিলাম	5
বলার	ধরন	5
ধরন	অনেক	5
বরিশালের	মানুষ	5
মানুষ	কেমন	5
খুলনা	জেলা	5
জেলা	কি	5
খুলনার	মানুষ	5
মানুষ	তেমন	5
সুন্দর	হয়	5
কখনো	ভেবে	5
ভেবে	দেখেছ	5
দেখেছ	আমি	5
থাকলে	তোমার	5
এতো	ভাবার	5
ভাবার	সময়	5
সময়	কই	5
দুপুরের	রোদে	5
রোদে	আমি	5
আমি	কালো	5
কালো	হয়ে	5
তুমি	চিঠিটা	5
চিঠিটা	এখনি	5
এখনি	পড়তে	5
পড়তে	শুরু	5
বানিয়ে	ফেলতে	5
ফেলতে	পারেন	5
পারেন	শরবত	5
আজকে	স্কুলে	5
স্কুলে	তোমাদের	5
তোমাদের	কি	5
কি	পড়িয়েছে	5
আগের	কোনো	5
এত	অমনোযোগী	5
অমনোযোগী	হলে	5
হলে	পরিক্ষায়	5
পরিক্ষায়	ভালো	5
ফলাফল	করবে	5
মানুষ	একজন	5
একজন	আরেকজনের	5
আরেকজনের	প্রতি	5
প্রতি	হিংসা	5
বাসার	সামনের	5
সামনের	খেলার	5
মাঠে	খেলি	5
দিয়ে	শরবত	5
শরবত	বানিয়ে	5
বানিয়ে	খাও	5
ঠাণ্ডা	শরবত	5
শরবত	খেলে	5
লাগবে	তোমার	5
এতো	চিন্তা	5
না	নিজেরে	5
নিজেরে	নিয়ে	5
নিয়ে	ভাবো	5
আমকে	আমাদের	5
দেশে	বলা	5
তুমি	দেখতে	5
সুন্দর	না	5
আমি	তোমাকেই	5
তোমাকেই	চাই	5
অনেক	পুলিশ	5
পুলিশ	দেখে	5
দেখে	বাসার	5
বাসার	দিকে	5
দিকে	ফিরছিলাম	5
চলে	যাচ্ছি	5
যাচ্ছি	তোমাকে	5
তোমাকে	আর	5
দিয়ে	বলবোনা	5
বলবোনা	একটু	5
সময়	দাও	5
উঠতে	পারছিলাম	5
ভালো	ছেলে	5
জন্য	আব্বা	5
আব্বা	আমার	5
মেয়ে	খুজতাসে	5
আম্মা	আমাকে	5
করতে	বলেছিলও	5
ছেলেটি	হয়ত	5
হয়ত	অন্য	5
অন্য	কোনও	5
কোনও	মেয়েকে	5
মেয়েকে	ভালবাসে	5
মেয়েটি	ছেলেটার	5
ছেলেটার	অপেক্ষায়	5
অপেক্ষায়	থাকে	5
ছেলেটি	কেন	5
যে	মেয়েটার	5
মেয়েটার	মনের	5
মেয়েটি	হয়ত	5
হয়ত	ছেলেটাকে	5
ছেলেটাকে	তাঁর	5
তাঁর	মনের	5
কথা	ভাল	5
বুঝাতে	পারেনাই	5
হয়ত	কোন	5
কোন	একদিন	5
একদিন	ছেলেটি	5
মেয়েটাকে	ভালবাসবে	5
আর	বিরক্ত	5
সে	তাকে	5
অনেক	বিরক্ত	5
বিরক্ত	করে	5
ছুটিতে	সিলেট	5
সিলেট	ঘুরতে	5
আমি	যাকে	5
যাকে	ভালবাসি	5
ভালবাসি	সে	5
সে	সিলেটে	5
সিলেটে	থাকে	5
এখন	বইটা	5
বইটা	লাগবে	5
পড়তে	চাও	5
পড়তে	চায়	5
পড়তে	চান	5
আমার	বই	5
তোমার	আমাকে	5
চিনতে	হবে	5
এখন	ঘুমিয়ে	5
ঘুমিয়ে	যাও	5
তোমাকে	পড়ালেখা	5
তোমার	পড়ালেখা	5
বিদ্যালয়	পড়ালেখা	5
পড়ালেখা	করি	5
বোন	একটি	5
বিদ্যালয়ে	পড়ে	5
যেতে	ভাল	5
বয়স	পার	5
আহারে	তোমার	5
মনে	কতো	5
কতো	দুঃখ	5
আমি	ঘুমাতে	5
ঘুমাতে	যাবো	5
আমি	নাচতে	5
নাচতে	পারি	5
কাটতে	পছন্দ	5
তোমার	বাসায়	5
ঘুরতে	আসবো	5
বন্ধু	মানসিক	5
ভাবে	দুর্বল	5
এমন	অবস্থায়	5
অবস্থায়	তার	5
আমার	দুইটি	5
দুইটি	বাবু	5
স্বামীকে	আমি	5
আছে	এখনও	5
আমার	পড়ালেখা	5
আমার	বিদেশে	5
অনেকে	বলে	5
বলে	প্রেম	5
প্রেম	করলে	5
মানুষ	বোকা	5
বোকা	হয়	5
অনেকে	আরো	5
যে	বিয়ে	5
বিয়ে	করলে	5
নাকি	গাধা	5
গাধা	হয়	5
লোক	মারা	5
কেন	বলোনি	5
বলেছি	তুমি	5
চিরদিন	থেকে	5
জীবনের	কিছুটা	5
কিছুটা	পথ	5
পথ	একা	5
একা	চলা	5
চলা	তেমন	5
তেমন	কঠিন	5
কঠিন	নয়	5
জীবন	হলো	5
হলো	বাঁচার	5
মন	হলো	5
হলো	দেবার	5
ভালবাসা	হলো	5
হলো	সারা	5
জীবন	পাশে	5
ভাবতে	পারিনা	5
পারিনা	তোমায়	5
পারিনা	তোমার	5
বুঝতে	চাইনা	5
চাইনা	তোমায়	5
ভালবাসায়	এমন	5
যখন	ছেলে	5
ছেলে	বুঝে	5
তখন	মেয়ে	5
মেয়ে	বুঝেনা	5
ভালোবাসি	তোমাকে	5
তোমাকে	বলা	5
আমাকে	ভালবাসেন	5
অফুরন্ত	আশা	5
জীবন	পেতে	5
তোমার	ভালবাসা	5
যেতে	ইচ্ছে	5
মিলে	ঘুরে	5
মিলে	সাঁতার	5
বাস্তব	কঠিন	5
কঠিন	হলেও	5
হলেও	মেনে	5
মেনে	নিয়ে	5
নিয়ে	মানিয়ে	5
মানিয়ে	চলতে	5
চলতে	হয়	5
ফেসবুকে	তার	5
তার	একজনের	5
সম্পর্ক	হয়	5
ছেলেটা	ভালো	5
এই	পাঁচ	5
পাঁচ	মাসে	5
নিয়ে	মেয়ের	5
মেয়ের	বাসায়	5
বাসায়	যায়	5
মেয়ে	বলে	5
বলে	প্রয়োজন	5
প্রয়োজন	পড়লে	5
পড়লে	আমার	5
পরিবার	তোমার	5
পরিবার	বলতে	5
বলতে	মা	5
বাবা	ভাই	5
বোন	নিয়ে	5
স্বামী	দুই	5
আগে	আমাদেরকে	5
আমাদেরকে	রেখে	5
রেখে	এসে	5
এসে	আলাদা	5
এমন	মেয়ে	5
মেয়ে	তাদের	5
তাদের	পছন্দ	5
আপনার	বাবা	5
মার	যেহেতু	5
যেহেতু	স্বপ্ন	5
অনেক	আফসোস	5
আফসোস	হবে	5
তাদের	একটি	5
একটি	বাচ্চা	5
আছে	পাঁচ	5
পাঁচ	বছরের	5
দুজনেই	তাদেরকে	5
তাদেরকে	চাকরি	5
চাকরি	নিয়ে	5
সংসারে	কেউ	5
কেউ	ঠিকঠাকমতো	5
ঠিকঠাকমতো	সময়	5
দিতে	পারেনা	5
স্ত্রীর	অভিযোগ	5
অভিযোগ	স্বামী	5
স্বামী	তার	5
দায়িত্ব	ঠিকমতো	5
ঠিকমতো	পালন	5
তোর	নাম	5
তোর	গ্রামের	5
বাড়ি	কোঁথায়	5
তোর	বাবার	5
মার	নাম	5
পরে	খুঁজে	5
খুঁজে	নাও	5
নাও	পেতে	5
তাদের	সঙ্গে	5
সঙ্গে	আমি	5
সময়	আনন্দে	5
আনন্দে	ভরে	5
ভরে	থাকি	5
বন্ধুরা	আমাকে	5
আমাকে	ভালবাসা	5
ভালবাসা	দেয়	5
একসাথে	হাসি	5
বোন	আমার	5
আমার	ভাইকে	5
বোনকে	অনেক	5
একটি	গ্রামে	5
ছেলে	থাকতো	5
সে	সবসময়	5
সবসময়	মিথ্যা	5
সবাই	তাকে	5
অনেক	ভয়	5
ভয়	পেতো	5
কেউ	তাকে	5
তাকে	ভালোবাসতো	5
ভালোবাসতো	নাহ	5
সে	খুবই	5
মানুষরা	ছেলেটির	5
ছেলেটির	থেকে	5
থাকতে	চেষ্টা	5
চেষ্টা	করত	5
হয়ে	কেন	5
কেন	আছেন	5
বেশি	ব্যথা	5
করছে	দাঁতে	5
ধরনের	প্রশ্ন	5
তুমি	থাকো	5
থাকো	কোথায়	5
আমরা	কেন	5
কেন	যাচ্ছি	5
যাচ্ছি	না	5
কাজে	ফাঁকি	5
ফাঁকি	দিও	5
দিও	না	5
আপনাকে	কেমন	5
কেমন	ভাবে	5
ভাবে	সাহায্য	5
গাইতে	পারেন	5
আপনাকে	কখনো	5
কখনো	ভুলব	5
ভুলব	না	5
এখানে	রাস্তা	5
রাস্তা	দেখতে	5
কাছে	আসতে	5
পড়া	লিখা	5
লিখা	করতে	5
একটি	গল্প	5
শুনতে	চাই	5
বাংলা	বই	5
কাছে	পরামর্শ	5
আপনার	পাশে	5
ঘুরতে	পারেন	5
গান	লিখতে	5
প্রেম	করি	5
কাছে	শিক্ষা	5
শিক্ষা	নিতে	5
সঙ্গে	মজা	5
মজা	করতে	5
সঙ্গে	সময়	5
সময়	কাটাতে	5
কাটাতে	চাই	5
বাংলা	কবিতা	5
বাংলা	বুঝতে	5
অসুবিধা	হচ্ছে	5
বাংলা	কথা	5
আমার	বাচ্চা	5
বাচ্চা	একটি	5
মেয়ে	আছে	5
একটি	শহরে	5
শহরে	যাবেন	5
এখানে	থাকবো	5
বাড়ি	দূরে	5
দূরে	আছে	5
বাবা	একজন	5
কখনো	এখানে	5
আসতে	পারবে	5
সাথে	যাবে	5
শুনতে	পারো	5
আমার	বইটা	5
বইটা	কোথায়	5
কি	খেলতে	5
খেলতে	ভালোবাসো	5
আমার	বাড়িতে	5
বাড়িতে	বড়ই	5
বড়ই	সুন্দর	5
সুন্দর	ফুল	5
হতে	চাও	5
এখানে	প্রতিদিন	5
প্রতিদিন	আসি	5
কি	খেলাধুলায়	5
খেলাধুলায়	ভালো	5
কি	খাওয়ার	5
শুনতে	পছন্দ	5
ফল	আম	5
নিয়ে	বিদেশে	5
ঘুরতে	যাবা	5
বিদেশে	যাবে	5
মাসে	বিদেশে	5
বিদেশে	যাওয়ার	5
কি	বিদেশে	5
যেতে	চান	5
বনের	মধ্যে	5
ছোট্ট	জায়গায়	5
জায়গায়	তারা	5
ভাই	একসঙ্গে	5
একসঙ্গে	থাকতেন	5
একসময়	এক	5
এক	রাজার	5
রাজার	এক	5
এক	হাতি	5
হাতি	ছিল	5
করে	মন	5
মন	সচেতন	5
সচেতন	রাখি	5
রাতের	খাবার	5
খাবার	খাবো	5
খাবো	না	5
কেন	আজকে	5
রাতে	খাবা	5
খাবা	না	5
আমার	ক্ষুধা	5
ক্ষুধা	লাগে	5
চলো	সবাই	5
মিলে	ঘুরতে	5
ঘুরতে	যাই	5
দূরে	যেখানে	5
তুমি	কেমন	5
করছো	এখনো	5
কি	পড়াশোনা	5
এখন	বিশ্ববিদ্যালয়ে	5
আমি	বিজ্ঞানে	5
বিজ্ঞানে	মাস্টার্স	5
মাস্টার্স	ডিগ্রি	5
অর্জন	করেছি	5
যেভাবে	এগিয়ে	5
এগিয়ে	যাচ্ছেন	5
যাচ্ছেন	তা	5
তা	খুবই	5
খুবই	গর্বের	5
গর্বের	বিষয়	5
আপনার	দোকানে	5
দোকানে	আসব	5
বড়	মেয়ের	5
মেয়ের	বিয়ের	5
আয়োজন	চলছে	5
বিয়ের	তারিখ	5
তারিখ	কখন	5
কখন	ঠিক	5
পর্যন্ত	সবকিছু	5
ঠিকমতো	আয়োজন	5
আয়োজন	করছি	5
সাগর	অনেক	5
কেন	তুমি	5
তুমি	সাগর	5
সাগর	পছন্দ	5
সাগরের	পানি	5
পানি	অনেক	5
অনেক	নীল	5
চলো	পালিয়ে	5
পালিয়ে	যাই	5
পকেট	মানি	5
মানি	লাগবে	5
গাড়ি	কিনবো	5
কালো	রঙ	5
প্রিয়	রঙ	5
রঙ	কি	5
কি	দেখেছো	5
আমাকে	ছাড়া	5
ভালো	থেকো	5
বয়স	কম	5
আমি	চাঁদ	5
চাঁদ	এনে	5
এনে	দিবো	5
চা	খাবা	5
এইদিকে	আসো	5
মেয়েটি	ছেলেটিকে	5
ছেলেটিকে	ভালোবাসতো	5
অনেক	বুদ্ধিমতী	5
মেয়েটি	অংকে	5
অংকে	কাঁচা	5
বাড়ীতে	এসেছিল	5
উনি	গ্রাম	5
ঢাকায়	এসেছিলেন	5
ও	ঢাকা	5
থেকে	গ্রামে	5
গ্রামে	গিয়েছিল	5
তিনি	রাতে	5
রাতে	ঘুমতে	5
ঘুমতে	গিয়েছিলেন	5
সে	বাগানে	5
বাগানে	দৌড়ায়	5
উনি	রাস্তার	5
মাঝে	দৌড়ায়	5
আমাকে	বইটি	5
বইটি	দেখান	5
কথা	বলেছ	5
দিয়ে	কে	5
কে	দৌড়াল	5
আপনি	খেলায়	5
খেলায়	জিতলেন	5
তুমি	খেলায়	5
যাও	এখান	5
আপনি	যান	5
যান	এখান	5
তুই	যা	5
যা	এখান	5
আপনারা	পার্কে	5
পার্কে	ঘুরে	5
ঘুরে	বেড়ান	5
উনি	চেষ্টা	5
না	টাইটেল	4
এক	রকম	4
ফোন	হবে	4
ভালো	লিখসেন	4
ডাটা	টাইপ	4
এসএমএস	সেন্ড	4
সেন্ড	করা	4
দিয়ে	থাকে	4
আছে	হয়তো	4
৭	ডেইস	4
আইডি	ফিরিয়ে	4
তো	এমনি	4
বিএল	ফ্রি	4
শেয়ার	করতেন	4
এইখান	থেকে	4
সহ	আর	4
বইলেন	না	4
চার্জ	এ	4
না	ঐটা	4
তোলার	জন্য	4
অ্যাড	এর	4
সভ্যতা	ধ্বংসের	4
জাহান্নামে	ছিল	4
ছিল	এটা	4
আমরা	যে	4
সিস্টেম	করা	4
করলাম	আপনার	4
বলুন	কি	4
টাইম	শেষ	4
করে	কেমন	4
একটা	ল্যাপটপ	4
আপনি	যত	4
পারবেন	নো	4
আর	কোথায়	4
অনলাইন	ইনকাম	4
চাইলে	ইনবক্স	4
সাইট	অনেক	4
এ	ফুল	4
ডিলিট	হবে	4
১৪	দিন	4
অ্যাড	করছি	4
ইজিনেট	এ	4
আসে	এটা	4
নিয়ে	দেখি	4
দিয়ে	ভিডিও	4
করা	টা	4
করেন	বা	4
কি	কেটে	4
আরও	সুন্দর	4
এসেছে	আমি	4
৯টা	পোস্ট	4
দেখে	দেন	4
লাইন	এ	4
আই১০	রুট	4
এখনো	চালু	4
কেটে	নেয়	4
মধ্যে	বেস্ট	4
পাওয়া	যাই	4
এখানে	আপনি	4
ফ্রি	থাকলে	4
ব্র	এখন	4
অফার	গুলো	4
ফোন	ই	4
সিম	অফ	4
অফ	কইরা	4
না	চেক	4
নিয়ে	লাভ	4
গুলা	কিভাবে	4
জন্য	ভিপিএন	4
জানি	শেয়ার	4
মডেল	এ	4
আপনার	লাভ	4
ছোট	করে	4
মেয়াদ	কতো	4
আসে	এবং	4
নিজের	পোস্ট	4
দেখি	নি	4
সব	আবাল	4
না	কল	4
এগুলো	সবাই	4
আমি	করে	4
আগের	কমেন্ট	4
অ্যাকাউন্ট	খোলা	4
তে	কম	4
এ	পাই	4
গতকাল	থেকে	4
জিবি	নেট	4
অ্যাপ	টির	4
৫০০০	টাকা	4
কিছুই	করা	4
করার	ভাই	4
টা	এফবি	4
থাক	কিছু	4
হবে	বলবেন	4
দিক	টা	4
আপনার	কোন	4
অথর	বানাতে	4
টাইটেল	কি	4
এর	নিউ	4
দিলে	বেশি	4
প্লে	করতে	4
একটু	ডিটেইলস	4
সহজ	হয়	4
২	এ	4
এ	রুট	4
রিকোভারি	টা	4
পারলে	দেন	4
দিয়ে	নেন	4
মেগা	থেকে	4
আপনাকে	থ্যাংকস	4
আমি	সাইট	4
নাই	না	4
করলেন	কেন	4
কম	আছে	4
এই	বার	4
ব্যাকগ্রাউন্ড	চেঞ্জ	4
মাস্টার	কপি	4
ভাই	যাদের	4
আপনার	ফ্যান	4
ফ্যান	হয়ে	4
এই	মডেলের	4
কবে	দিবে	4
ও	দিয়ে	4
দিয়ে	দিতে	4
যাবে	তাই	4
বাট	ফুল	4
যেকোনো	ফোন	4
হুমম	ভাই	4
কোয়েসচেন	এর	4
কানেক্ট	করুন	4
সব	এক	4
এক	একটা	4
পারেন	তো	4
সবাই	ইউজ	4
তো	ললিপপ	4
ফাইল	শো	4
করলে	পাওয়া	4
চালু	করুন	4
ইন্সটল	দেওয়ার	4
থেকে	কেউ	4
১জিবি	র‍্যাম	4
অ্যাকসেপ্ট	করেন	4
ছাড়া	হয়	4
কে	জানানোর	4
স্যামসাঙ	গালাক্সি	4
নিড	হেল্প	4
ঠিকমত	কাজ	4
করে	করা	4
কোনটা	ডাউনলোড	4
এ	সেটিং	4
ফাউন্ড	দেখাচ্ছে	4
আমার	জিএফ	4
কিছু	কাজ	4
দিয়ে	করি	4
বিস্তারিত	ভাবে	4
কপি	করেছেন	4
টা	চালু	4
কেউ	ইউজ	4
ইউজ	করলেই	4
ধন্যবাদ	সুন্দর	4
লিনাক্স	দিয়ে	4
কি	পাইসেন	4
নাম	আর	4
এমনি	তে	4
আমায়	একটু	4
আইরিস	৫০৫	4
টিভি	অ্যাপ	4
নো	ডাটা	4
কিছুই	হয়	4
নাই	এইটা	4
হতেই	থাকে	4
বিষয়ে	কথা	4
কি	অফলাইন	4
অফলাইন	নাকি	4
নাকি	অনলাইন	4
হবে	গেম	4
ডিপোজিট	করতে	4
নিবে	না	4
ওকে	তাহলে	4
অ্যাপ	বা	4
অরিজিনাল	আইডি	4
আমি	আইডি	4
ভাই	অ্যাড	4
অপশন	কি	4
বলছেন	এটা	4
আবাল	দের	4
করলো	কেন	4
কোন	ভালো	4
অ্যাপ	নাম	4
এক্সটেনশন	অ্যাড	4
লেট	করে	4
এখনো	বের	4
যদি	এক	4
কি	শেষ	4
এর	সাহায্যে	4
ডাউনলোড	স্পীড	4
আর	থেকে	4
দিসি	ভাই	4
গুগল	লেন্স	4
ভালো	কোয়ালিটি	4
ওপেন	ই	4
সিম্ফনি	ভি৪৬	4
টোকেন	দিয়ে	4
করেন	কিভাবে	4
প্লিজ	ইউটিউব	4
বাট	বুট	4
এ	ম্যাসেজ	4
ড্রপ	এ	4
রে	না	4
আইটেল	এ	4
ফাইল	এডিট	4
হয়ে	গেসি	4
টা	অন্য	4
টা	চলে	4
গুলোর	লিংক	4
জাভা	গেম	4
আচ্ছা	ব্র	4
অ্যাকাউন্ট	লিমিটেড	4
এটা	ফালতু	4
সরি	আপনার	4
কীবোর্ড	এ	4
আর	তো	4
না	অ্যাড	4
ফ্রি	এফবি	4
রেফার	বাড়ানোর	4
রিপোর্ট	করতে	4
দিয়ে	এসএস	4
করার	চান্স	4
করেন	কমেন্ট	4
হলে	আপনি	4
আপনি	কেমনে	4
সিম্ফনি	পি৬	4
ট্রেনার	রিকুয়েস্ট	4
রিকুয়েস্ট	দিসি	4
থেকে	এখন	4
এইগুলা	সবাই	4
শো	করতে	4
কি	অ্যাপস	4
কি	তো	4
ভাই	বেশি	4
ওকে	আর	4
বাট	এখনও	4
সাইট	আর	4
ভাই	প্রক্সি	4
পারেন	পোস্ট	4
শো	করবো	4
ডাউনলোড	দিসিলাম	4
রুট	করেছেন	4
টি	ডাউনলোড	4
টির	নাম	4
টিভি	রিমোট	4
এ	আরো	4
লাভস্পট	এমএল	4
সাথে	থাকার	4
না	চললে	4
কেউ	ট্রাই	4
দিসেন	কেন	4
রুট	ট্রাই	4
একটু	ছোট	4
তে	আইডি	4
এমন	কথা	4
ইউসার	দের	4
স্ক্রীন	রেকর্ডার	4
দিলে	পোস্ট	4
একটা	বাজে	4
ভাই	ফ্রী	4
পোস্ট	কাজের	4
ছিল	আমার	4
টা	জিমেইল	4
তাইলে	কেমনে	4
অপশন	তো	4
ফ্রী	হোস্টিং	4
হোস্টিং	এর	4
দিক	দিয়ে	4
হবে	এ	4
আপডেট	আসলে	4
ফোন	নো	4
এটা	ফোন	4
ক্ষতি	হয়	4
দেরি	করে	4
ফটো	দেখতে	4
আর	আজকে	4
আর	নিউ	4
নিজে	করতে	4
করেন	তা	4
উপকৃত	হলাম	4
গুলো	পেন্ডিং	4
প্লিজ	কমেন্ট	4
মত	হবে	4
ভাই	বলে	4
অ্যান্ড্রয়েড	মোবাইল	4
একটা	বিকাশ	4
যারা	ভালো	4
তাদের	ভালো	4
কে	যে	4
আমি	দেখছি	4
ক্লাস	৮	4
৮	এর	4
ট্রিক	পেলাম	4
সব	করছি	4
কি	নিজে	4
ভাই	ক্যাপচা	4
রিকুয়েস্ট	দিয়েছি	4
ট্রাই	প্লিজ	4
খারাপ	কাজে	4
মাস	এ	4
আগের	নিয়মে	4
ভালো	আপনার	4
যদি	আর	4
চেক	ইনবক্স	4
সফটওয়্যার	ইন্সটল	4
প্লে	স্টোরের	4
মত	কোন	4
এরকম	করলে	4
এই	পাসওয়ার্ড	4
টা	শুধু	4
ফাইল	এক্সট্রাক্ট	4
সব	মোবাইল	4
লোড	করলে	4
সিস্টেম	কি	4
নট	ওয়ারকিং	4
যায়	সেটা	4
যে	এ	4
আসে	ওটা	4
সব	বুঝে	4
অনেক	ই	4
এর	প্রক্সি	4
পেমেন্ট	দিচ্ছে	4
এর	নেট	4
সিম	নিতে	4
থ্যাংকস	কিন্তু	4
এই	ভুল	4
এই	কপি	4
কপি	বাজ	4
কথা	বাট	4
এফবি	গুগল	4
এনিওয়ান	হেল্প	4
এ	ড্রাইভ	4
প্রবলেম	হবেনা	4
বাট	পাই	4
দিয়ে	কিনতে	4
ভালো	স্পীড	4
বলেন	দিয়ে	4
দিসি	আর	4
ভিসিট	করলে	4
জানলে	হেল্প	4
এর	ঐ	4
এত	ছোট	4
টাচ	কাজ	4
বাট	মাঝে	4
অপশন	থেকে	4
টি	এখন	4
হবে	ইনশাআল্লাহ	4
ভাই	ট্রেইনার	4
হয়েছে	আমার	4
৫১২	তে	4
ব্যাক	পাবো	4
পাই	এখন	4
ব্যাক	পাওয়া	4
ভুল	করছেন	4
পা	ধরে	4
গেম	এটা	4
দেওয়ার	কোন	4
মানেই	হয়	4
গুলো	পরে	4
তে	আছি	4
করতে	চাচ্ছিলাম	4
ভিসিট	করা	4
খেলতে	হয়	4
হল	না	4
পাঠাতে	হবে	4
বিশ্বাস	করে	4
অ্যাপ	গুলো	4
আসে	কোন	4
কি	মানে	4
একটা	ভুল	4
প্লিজ	ডাউনলোড	4
এই	নিয়া	4
তো	দেখতে	4
আমাকে	আবার	4
আবার	অথর	4
অ্যাপস	রিভিউ	4
বাট	ডাটা	4
হওয়া	যায়	4
সেট	ব্রিক	4
ব্রিক	হবে	4
শুধু	এফবি	4
ফালতু	ট্রিক	4
কানেক্টেড	থাকতে	4
ভাই	এগুলো	4
ভালো	কোন	4
থেকে	কিনতে	4
তো	ওয়াইফাই	4
ডিটেইলস	এ	4
তাই	আবার	4
পরে	দেখবেন	4
কি	এইসব	4
কি	পাব	4
নেট	ক্যাটাগরি	4
বড়	একটা	4
খেলতে	পারেন	4
বলা	হয়েছে	4
ভিডিও	অ্যাড	4
কস্ট	করে	4
কি	ভিডিও	4
পাবলিশ	হবে	4
করলে	লগ	4
না	আইডি	4
কার্ড	ভেরিফাই	4
উপায়	টা	4
করুন	ট্রিকবিডি	4
বিকল্প	নাই	4
এ	যোগ	4
ভাইয়া	৩	4
লিংক	গুগল	4
যা	আছে	4
কি	অটো	4
গেছে	আমি	4
অ্যাডমিন	কি	4
দিয়েন	আর	4
করে	বলতে	4
বাট	মজা	4
থেকে	জিবি	4
অ্যান্ড	কোন	4
ইউটিউব	ছাড়া	4
কি	চলছে	4
আমি	আছি	4
আমি	ইউস	4
অফার	নাই	4
রাখার	জন্য	4
হ্লেপ	মি	4
দেখেন	আমাকে	4
আবার	৪	4
তো	সেই	4
শুরু	করছি	4
দিয়ে	ফ্লাশ	4
কানেক্ট	করবো	4
ভালো	রোম	4
ওকে	কাল	4
অ্যাকাউন্ট	টা	4
দেখতে	পাবো	4
হেল্প	এফবি	4
অন	ট্রিকবিডি	4
ছিল	আপনি	4
কইরা	না	4
করে	ভিডিও	4
করবো	থ্যাংকস	4
স্পীড	পাই	4
পর	তা	4
পাইসি	থ্যাংকস	4
এ	বাংলা	4
ভার্সন	দেন	4
নাই	তাইলে	4
আমার	অপ্পো	4
লিংক	পাবেন	4
ফালতু	ছেলের	4
ছেলের	ফালতু	4
পহেলা	বৈশাখ	4
অন	ফেসবুক	4
করলে	আপনাকে	4
এর	লোগো	4
এর	বিষয়ে	4
কোড	আসতেছে	4
ওয়েটিং	এ	4
মাউস	কীবোর্ড	4
খুব	প্রবলেম	4
গিয়ে	নিয়ে	4
আউট	করে	4
করবো	তাহলে	4
ইউস	করো	4
টাইম	লস	4
করবে	তাদের	4
করেছি	আপনার	4
আউট	করতে	4
করতে	আপনাকে	4
অ্যাকাউন্ট	সাইন	4
আবার	কেন	4
ফ্রী	চলবে	4
আপনারা	কি	4
উইথ	গুগল	4
করলেই	ডাউনলোড	4
এ	চলছে	4
আনতে	পারবো	4
না	যায়	4
পোস্ট	বলে	4
রাগ	করবেন	4
অ্যাকাউন্ট	তো	4
ওপেন	করলাম	4
ভাইয়া	ডাউনলোড	4
ভালো	আরো	4
আপনার	জাভা	4
সাইট	ক্রিয়েট	4
এখন	বন্ধ	4
ভিসিট	করতে	4
কি	কমেন্ট	4
ভাই	আশা	4
অনুসরণ	করে	4
করে	মানুষের	4
করছিলাম	অনেক	4
অ্যান্ড	আমার	4
দেবো	না	4
ইনফো	তে	4
হ্যাকিং	টিউটোরিয়াল	4
তুই	আবার	4
করে	পড়ে	4
টাকা	হবে	4
করবে	ভালো	4
না	বলেই	4
অফ	থাকে	4
কি	আপডেট	4
রুলস	অনুযায়ী	4
রিকোয়েস্ট	সেন্ড	4
তাহলে	ট্রিকবিডি	4
হিসেবে	গ্রহণ	4
ক্রিয়েট	করব	4
ভাই	ট্রেনার	4
ইচ্ছে	মতো	4
এত	কাহিনী	4
ইনশাল্লাহ	ভাই	4
তোমার	মতো	4
টা	আগেই	4
ডিলিট	করছি	4
সার্চ	কইরা	4
বাট	শেয়ার	4
যায়	কেউ	4
এন্ড	অনেক	4
ইনভাইট	করলে	4
হয়েছে	বাট	4
এখন	কোনো	4
সলিউশন	আছে	4
অ্যাপ	হয়	4
কোড	দেখায়	4
৫	টাকায়	4
একটা	রিকোয়েস্ট	4
আমরা	যারা	4
অনেক	আশা	4
জন্য	আরো	4
থিম	এ	4
ক্রেডিট	দেওয়ার	4
অ্যাপস	নিয়ে	4
কল	যাচ্ছে	4
হলো	আপনার	4
ফিচারস	আছে	4
খোলার	সাথে	4
পান	তাহলে	4
দিয়ে	নতুন	4
কাছে	যেটা	4
ভাই	৪	4
অথর	কি	4
কি	দোষ	4
শট	দিয়ে	4
প্লিজ	দেখেন	4
হতো	ব্রো	4
লাইক	নেওয়া	4
কি	এমন	4
টা	দারুণ	4
পোস্ট	দেখুন	4
আমি	কেনো	4
ফিল	আপ	4
গুলো	আমার	4
কাছে	আসবে	4
গুগল	ফর্ম	4
হেল্প	এই	4
এই	আর	4
দিছি	আমি	4
পোস্ট	চেক	4
চেক	কর	4
এটা	ই	4
প্রো	এপিকে	4
এইটার	মেয়াদ	4
থেকে	৩	4
চলে	আর	4
আপনার	চলে	4
আজ	পাবলিশ	4
চালাই	না	4
পোস্ট	বারবার	4
কাছে	এসএমএস	4
পেমেন্ট	করলে	4
মতো	হবে	4
তে	কথা	4
জন্য	নয়	4
আমি	১৮	4
টা	সব	4
ইজিনেট	চালু	4
যাইয়েন	না	4
ও	যায়	4
আর	হা	4
আমি	ট্রেইনার	4
ভালো	এমবি	4
কোড	দেন	4
এটা	ফেসবুক	4
নিউ	মেম্বার	4
কিভাবে	লগইন	4
করবো	ওই	4
টা	কার	4
তার	উপরে	4
দেখতে	গেলে	4
জাস্ট	নিজের	4
টাস্ক	কমপ্লিট	4
জেলি	বিন	4
আর	ফালতু	4
তো	করে	4
ম্যাচ	খেলার	4
খেলার	পর	4
সব	কপি	4
তাই	আপনাকে	4
হয়তো	কাজে	4
হলো	আপনি	4
আপনি	কোনো	4
ব্লক	করা	4
এই	স্ক্রিপ্ট	4
কিন্তু	সেটা	4
ইট	ইজ	4
আমারটা	তো	4
করব	হেল্প	4
একটু	কাইন্ডলি	4
টারমাক্স	দিয়ে	4
হ্যাকিং	পোস্ট	4
এসব	কমেন্ট	4
কার্ড	দিবে	4
স্প্যাম	না	4
হবে	ওকে	4
পোস্ট	রিপোর্টেড	4
এখন	খুব	4
স্ক্রীন	শট	4
দিয়ে	দেখুন	4
চালু	হয়েছে	4
দেখে	দেখে	4
লিঙ্কটা	ঠিক	4
থেকে	এটাই	4
ভাই	ধন্যবাদ	4
ভাই	জান	4
করলে	কমেন্ট	4
এর	পাস	4
ওল্ড	এন্ড	4
লোল	এটা	4
থেকে	থ্যাংকস	4
পারে	আমার	4
নেই	আর	4
ও	লাগে	4
করলে	সব	4
খুঁজে	দেখুন	4
এরকম	তো	4
আজ	কে	4
ভাই	হয়তো	4
না	ডিভাইস	4
আগে	ওই	4
দিবেন	আশা	4
আমার	স্টক	4
অ্যাপটা	ডাউনলোড	4
এখন	নিউ	4
তবুও	থ্যাঙ্কস	4
আমাকে	যদি	4
কোনো	হেল্প	4
লাগলে	বলবেন	4
ভালোভাবে	ট্রাই	4
আইডি	দিবেন	4
ভাই	পরে	4
আনইনস্টল	করবো	4
লাইক	নিতে	4
গত	১৫	4
গ্রেট	ভাই	4
কাইন্ডলি	বলবেন	4
বলবেন	আমি	4
আমার	প্রশ্ন	4
আমার	তে	4
তে	রিকুয়েস্ট	4
দিছি	এক্সেপ্ট	4
আমি	এমবি	4
এমবি	নিতে	4
পোস্টে	কি	4
পড়ে	দেখুন	4
কমেন্ট	করছি	4
মার	ভোদা	4
দেখাবে	না	4
টা	ব্যবহার	4
লাগবে	সেটা	4
লিঙ্ক	দিলে	4
দিয়ে	পাওয়া	4
ব্রো	অসাম	4
তো	আবার	4
পারলে	প্লিজ	4
কয়েক	টা	4
আছে	এফবি	4
এটা	জানে	4
রুট	পারমিশন	4
দেখি	হয়	4
এখন	চলছে	4
আপনি	যাই	4
অবশ্যই	ট্রাই	4
করে	হবে	4
ঝামেলা	করা	4
বাট	গুড	4
আর	হলো	4
এই	ডাটা	4
তো	পেমেন্ট	4
আর	উইথড্র	4
বিন	দিয়ে	4
দেখে	আমার	4
আগে	এটা	4
বাট	ওই	4
টি	করা	4
পেজ	পোস্ট	4
হবে	কেউ	4
করলেন	প্লিজ	4
বলবেন	একটু	4
হেডার	এ	4
থাকি	তাহলে	4
জানি	কি	4
নিয়ম	মেনে	4
ব্লু	রে	4
আপনার	টিউনার	4
অনুগ্রহ	করে	4
টিউনার	বানায়	4
দেখে	ডাউনলোড	4
কি	৩	4
পাইছি	আমি	4
পেমেন্ট	নেয়ার	4
পোস্ট	ধন্যবাদ	4
আজকে	আর	4
ভিপিএন	আমার	4
ভাই	এন্ড্রয়েড	4
জন্য	লাগবে	4
ধরেন	আমি	4
বাট	কেউ	4
ভাই	পিএইচপি	4
করছিলাম	এখন	4
এখনো	পেমেন্ট	4
আমার	এর	4
আসে	তারা	4
পয়েন্ট	দিবে	4
আর	সার্ভে	4
নাম্বার	১	4
কোন	মানে	4
কোন	নিয়ম	4
ভাই	সিম্বিয়ান	4
এখনো	আসে	4
বুঝতে	সুবিধা	4
ইজিনেট	চলে	4
গেম	চলে	4
একবার	এই	4
আপনার	লিঙ্ক	4
বাট	ওইটা	4
আর	ডলার	4
এডিট	করবেন	4
কিভাবে	জানলেন	4
টা	পাচ্ছি	4
রিস্টার্ট	দিলে	4
ডাটা	চালু	4
ফালতু	সব	4
ওটা	কোথায়	4
আবার	কল	4
দিয়ে	১০	4
বানান	ভাই	4
ইউজারনেম	আর	4
আছে	সেখানে	4
তবে	অবশ্যই	4
ললিপপ	কাস্টম	4
দিবে	কি	4
ভাই	নিজের	4
আর	ফাইল	4
অথার	হতে	4
আবার	নিতে	4
করি	আরো	4
থেকে	ব্লক	4
সাইট	দিয়ে	4
তাহলে	সেটা	4
গেম	না	4
অভিজ্ঞতা	আছে	4
দিলে	সুবিধা	4
খুলছি	এখন	4
টাকা	গুলো	4
গুগল	ক্যামেরা	4
সেন্সর	আছে	4
তাদের	জন্যই	4
কৃতজ্ঞ	থাকবো	4
কিছু	কনফিগ	4
নাই	পেপাল	4
এই	সেটিং	4
করে	লিখছেন	4
না	অথর	4
এপ্রুভ	করে	4
সব	পাগল	4
বলে	চলে	4
২জি	তে	4
আমার	ল্যাপটপ	4
নো	থ্যাংকস	4
করে	ওয়াইফাই	4
ওয়াইফাই	তে	4
একটা	না	4
লিঙ্ক	দিয়ে	4
ফেসবুক	প্রোফাইল	4
কেমনে	বানাবো	4
সামথিং	ওয়েন্ট	4
ওয়েন্ট	রং	4
পে	করা	4
করে	নিবে	4
কিন্তু	স্ক্রিনশট	4
এই	কোডটা	4
চলছে	আমার	4
দেখেন	ভালো	4
ট্রান্সলেট	করে	4
শুধু	এমবি	4
অফার	আসবে	4
তারা	ঠিকই	4
করতে	সমস্যা	4
এক্সট্র্যাক্ট	করতে	4
বলবেন	যে	4
১১	টাকায়	4
বুঝে	যাবে	4
যে	টাকা	4
ডেভেলপার	অপশন	4
করতে	একটা	4
জন্য	যেই	4
এ	মোবাইল	4
নেটওয়ার্ক	এর	4
নেই	তাই	4
এতো	কাহিনী	4
তে	স্পিড	4
একবার	পোস্ট	4
প্যাক	কি	4
করা	যা	4
সবাই	একটু	4
এখন	নেই	4
লিংক	লাগবে	4
স্যামসাং	ফোন	4
জিপড	অ্যাপস	4
উইথড্র	করার	4
করলাম	হয়	4
এ	ফেক	4
খেললে	কি	4
লং	টাইম	4
কেউ	লিংক	4
এর	মতোই	4
করলাম	হলো	4
১৫	এমবি	4
থাকলে	দাও	4
১০	এমবি	4
মতো	আর	4
আমার	রকেট	4
করার	যদি	4
ধন্যবাদ	আমি	4
আইডি	কার্ডের	4
করা	কিন্তু	4
হাইড	হয়ে	4
প্রশ্ন	হলো	4
এতে	কি	4
কি	ফোনের	4
কোনো	প্যাকেজ	4
লিমিট	১০০	4
আসে	নি	4
এডমিন	প্লিজ	4
যেটা	ট্রিকবিডি	4
এনসি	পোস্ট	4
ব্যবহার	করার	4
রিপোর্ট	করার	4
নাকি	পোস্ট	4
ও	একই	4
দেখতে	পারছেন	4
হলে	পরে	4
টাইম	ওয়েস্ট	4
এক্সপোজড	ইনস্টলার	4
তবুও	কাজ	4
দিবো	ইনশাআল্লাহ	4
দিতে	বলে	4
মতো	ভিডিও	4
পোস্ট	লাইক	4
ব্যবহার	করলাম	4
নয়	আর	4
হ্যাক	পোস্ট	4
করলে	উপকার	4
আমি	আশা	4
৫০	এর	4
জন্য	এরকম	4
লস	হয়	4
ঠিক	কিন্তু	4
তো	পুরাই	4
আর	রাইট	4
পরের	বার	4
দিলে	বা	4
ফ্যাক্টরি	রিসেট	4
থেকে	এমন	4
বানানোর	পোস্ট	4
না	ডাইরেক্ট	4
আপনি	এমন	4
যে	সে	4
স্যামসাং	গ্র্যান্ড	4
৮	বল	4
সম্পূর্ণ	পোস্ট	4
হোক	তারপর	4
ভাই	পেজ	4
বট	থেকে	4
যাবে	ফ্রি	4
জন্য	ব্যবহার	4
তা	একটু	4
থাকলে	দিবেন	4
কার্ড	ও	4
অ্যাপ	অনেক	4
করছি	তার	4
লেখা	আসছে	4
তে	ইউস	4
কারণ	সবাই	4
১১	টাকা	4
ভাই	নেটফ্লিক্স	4
ভয়	লাগে	4
নিয়ে	গঠিত	4
তাদের	জন্যে	4
কোনো	ফ্রী	4
ট্রিক	বাট	4
কারণ	আমরা	4
ডাটা	ইউজার	4
সময়	না	4
সরি	প্লিজ	4
ট্রিকবিডির	সাথে	4
ট্রিকবিডিতে	আমি	4
রম	দিন	4
করবো	ইনশাআল্লাহ	4
মাঝে	শেয়ার	4
দেন	হবে	4
উইন্ডোজ	১১	4
ভালো	ভাইয়া	4
কিসের	মাধ্যমে	4
তা	কিভাবে	4
তাই	হয়	4
৯	টা	4
ব্যালেন্স	এ	4
অফার	আর	4
তবে	আপনি	4
করলেন	আমার	4
কতবার	নেওয়া	4
১	এর	4
রুট	হলে	4
এভাবে	কি	4
ভাইয়া	কিভাবে	4
কোন	ফাইল	4
দিতে	পারলাম	4
ছাড়া	রুট	4
অন	ব্রো	4
প্লিজ	এটা	4
এটা	সম্পর্কে	4
বেশি	জানে	4
প্রথম	কমেন্ট	4
নাকি	৪জি	4
নামে	কোন	4
মডিফাই	করে	4
আপনি	এ	4
দেখেন	বুঝতে	4
ভাই	এভাবে	4
না	প্রবলেম	4
যে	পিক	4
গুলো	ডাউনলোড	4
ডাউনলোড	লেখা	4
কি	স্ক্রিনশট	4
করব	বলেন	4
ভাইয়া	টাকা	4
থেকেও	ভালো	4
এর	কালার	4
করে	নেয়া	4
আসে	তাদের	4
ভাই	করবে	4
গেম	রিভিউ	4
তাও	হচ্ছে	4
তা	কেমনে	4
ইউস	করুন	4
পাইলে	দিবো	4
ডাউনলোড	দেওয়ার	4
রানা	ভাইকে	4
পর	ট্রিকবিডিতে	4
কিভাবে	লিখবো	4
একটা	ফেসবুক	4
আইডি	ফটো	4
কম	তাই	4
পোস্টের	কোন	4
আসে	হেল্প	4
তৈরি	করুন	4
কিন্তু	পেন্ডিং	4
সবার	হবে	4
একটা	তে	4
সব	ঠিকভাবে	4
আপলোড	দিতে	4
মেসেজ	দিয়েছি	4
হবে	যাতে	4
আমি	প্রুফ	4
কেন	বলতে	4
ভাই	নোকিয়া	4
পার্টি	অ্যাপ	4
ফাস্ট	আপনার	4
এটা	আগেই	4
লিখেছেন	তাই	4
দেখে	কি	4
করতে	চাচ্ছি	4
আমি	জিমেইল	4
চেক	ইট	4
আছে	ওখানে	4
যেটা	জানেন	4
করে	টিউনার	4
আপগ্রেড	করতে	4
গেছে	ভাই	4
না	দেখি	4
করছে	তাদের	4
এগুলো	কি	4
দিলে	এরর	4
করলে	রুট	4
লিংকে	ক্লিক	4
তো	স্ক্রিনশট	4
থেকে	ব্যাকআপ	4
রোম	টি	4
না	কে	4
পাবেন	ভাই	4
তাই	আমিও	4
বাচ্চা	তোর	4
করি	সেই	4
থিম	লাগবে	4
ফ্ল্যাশ	দেওয়ার	4
রেজাল্ট	দেখার	4
এর	মেম্বার	4
ভাই	২০	4
আমিও	ইউজ	4
নি	তাই	4
কিছুই	হবে	4
আপ	করা	4
দিয়ে	ইউটিউব	4
আমাদের	মতো	4
এর	কত	4
সেটার	লিংক	4
বেশি	পয়েন্ট	4
টেক্সট	এ	4
কম	কেন	4
ভালো	করার	4
ভিডিও	গুলো	4
না	কারো	4
এটা	জানার	4
কি	রে	4
৫০	এমবি	4
থেকে	ব্যান	4
আইডি	নাম্বার	4
পাসওয়ার্ড	জানি	4
পোস্ট	কোনো	4
ইজি	ভাবে	4
ভাবে	ডাউনলোড	4
গুলা	আসে	4
করার	ক্ষমতা	4
ডেট	এর	4
চেঞ্জ	করেছি	4
কিন্তু	ফোন	4
এর	মজা	4
উপর	এ	4
পারফেক্ট	মানি	4
কত	পাবো	4
আমার	মেসেজ	4
পরে	এই	4
এই	মুহূর্তে	4
এফবি	ইউজ	4
সরি	আসলে	4
ফেসবুক	তে	4
করেই	দেখুন	4
বার	ডিসকানেক্ট	4
রকম	কোনো	4
এভাবে	হবে	4
কোড	ছাড়া	4
এর	যেকোনো	4
সকাল	এ	4
সার্ভার	প্রবলেম	4
তোমার	আগে	4
সাইটের	লিংক	4
এটা	সমস্যা	4
কিন্তু	উনি	4
না	পাসওয়ার্ড	4
করেন	তাদের	4
যদি	আবার	4
অথবা	আমাকে	4
১৯	টাকায়	4
না	নো	4
কানেকশন	দিয়ে	4
মেয়াদ	এ	4
এস	ফাইল	4
অ্যাকাউন্ট	থেকে	4
যদি	সম্ভব	4
করছে	আমার	4
হয়	সবার	4
ইউটিউব	চলে	4
ফোনে	কাজ	4
পাবলিশ	করতে	4
৪	আওয়ার	4
করি	এই	4
ভাই	আমারও	4
থেকেই	জানে	4
যদি	যায়	4
পারলে	আপনি	4
আপনি	করে	4
প্রক্সি	নিয়ে	4
বিষয়	জানতে	4
তাহলে	আবার	4
এমনি	একটা	4
আগের	কথা	4
ফটো	এডিট	4
আনলিমিটেড	কয়েন	4
হয়	থ্যাংকস	4
এটা	কিসের	4
করতে	থাকবেন	4
মেয়াদ	বাড়ে	4
চার্জ	দিয়ে	4
করেন	এ	4
উদ্ধার	করে	4
পর	হবে	4
কোন	ভাবেই	4
ব্যাড	লাক	4
আমারে	কেউ	4
তোর	মা	4
করে	দেখবেন	4
ভাই	স্ক্রীনশট	4
থ্যাংকস	এগেইন	4
লগইন	থাকলে	4
এ	রা	4
বুঝতে	পারলে	4
লিংকটা	ঠিক	4
আপনি	আজকে	4
এখনো	করছি	4
তো	ট্রাই	4
আগের	মতোই	4
কে	শুধু	4
পিক	সহ	4
এক্সচেঞ্জ	করে	4
আইডি	ব্লক	4
ব্লগার	সাইট	4
স্পিড	এর	4
উঠে	না	4
এ	পাবজি	4
টা	ওই	4
করবে	আমার	4
তাই	নিউ	4
পে	না	4
আর	ডাটা	4
কি	বুঝলেন	4
ছাড়া	চলবে	4
করে	ক্রেডিট	4
এমবি	পর্যন্ত	4
লাগে	বাট	4
তে	খুব	4
হেল্প	করবে	4
খাওয়ার	মতো	4
হতো	এখন	4
জন্য	কাজ	4
যায়	কিছু	4
২	আমি	4
পারবে	আর	4
কথা	শুনতে	4
প্লিজ	আন্সার	4
করা	শেষ	4
না	যত	4
ভাই	মাঝে	4
কিনা	জানিনা	4
জানিনা	তবে	4
ঝামেলা	নেই	4
অ্যান্ড্রয়েড	ইউজার	4
ইউজার	আর	4
পেমেন্ট	পাওয়ার	4
বা	যে	4
দিবো	কেমনে	4
কেউ	দেখবে	4
করুন	এখানে	4
কোনো	কাম	4
পাইতেছি	না	4
তা	জানা	4
হচ্ছে	ট্রিকবিডি	4
রবি	আর	4
৩৬	টাকায়	4
আইপি	গুলা	4
ভাগ	করে	4
ব্রো	আরো	4
আছে	তবে	4
টিউনার	আমি	4
কল	করবো	4
হায়রে	ভাই	4
অ্যাপ	আর	4
নতুন	রা	4
আমি	বিকাশ	4
কে	তুমি	4
হচ্ছে	আর	4
বড়	হেল্প	4
টেলিটক	এ	4
বুঝলে	ভিডিও	4
বুঝলে	কমেন্ট	4
কমেন্ট	কইরেন	4
পাবেন	আপনি	4
১০০০	পয়েন্ট	4
পারবো	আমার	4
এগুলো	নিয়ে	4
পাসওয়ার্ড	কিভাবে	4
ট্রিক	দিন	4
চালু	হচ্ছে	4
আপনি	ফেক	4
মেইল	ক্রিয়েট	4
দেখায়	আমার	4
আপডেট	করলাম	4
কিন্তু	স্পিড	4
থেকে	অফ	4
ওয়াটারমার্ক	রিমুভ	4
লিখেছেন	থ্যাংকস	4
পিক	এডিট	4
প্রাইম	রুট	4
হয়েছে	না	4
৩০	সেকেন্ড	4
না	৩	4
আপনারা	চাইলে	4
সবাই	ভালো	4
থেকে	নোটিফিকেশন	4
আমার	বাসা	4
এর	ফিশিং	4
সাইট	বানিয়ে	4
এর	বিভিন্ন	4
কি	পোর্ট	4
স্পিড	ভিপিএন	4
ভিডিও	সহ	4
তে	চলছে	4
করছি	ব্রো	4
প্রবলেম	হয়েছে	4
করবো	আপনি	4
টা	ভাল	4
স্পাম	করা	4
অন্য	দের	4
করলেই	টাকা	4
যেটা	দিচ্ছি	4
ডেইলি	চেক	4
ট্রাই	করলেন	4
থেকে	সিম	4
সিম	কার্ড	4
ফেইলড	টু	4
চিন্তা	ভাবনা	4
কি	সফটওয়্যার	4
এর	প্রয়োজন	4
দিয়ে	অল	4
আগের	বার	4
প্রায়	বছর	4
আপনি	লিঙ্ক	4
আরে	এইটা	4
এইটা	পোস্ট	4
মেসেজ	এ	4
কিভাবে	বাড়ানো	4
টাইম	নাই	4
নাম	করে	4
একদম	নিউ	4
ভি	পি	4
আইডি	নাই	4
ইম্পরট্যান্ট	পোস্ট	4
কানেকশন	আছে	4
বাড়াবো	প্লিজ	4
জাভা	স্ক্রিপ্ট	4
সবাই	যানে	4
করলে	ডাউনলোড	4
হ্যাক	অ্যাপ	4
জি	মেইল	4
আপনি	এইটা	4
কিছু	বলবেন	4
এই	নিয়ম	4
আপনার	এফ	4
মুভি	দেখা	4
আমি	বুঝি	4
ও	যদি	4
কোয়ালিটি	তে	4
কি	অনলাইন	4
নাই	অনেক	4
ইনস্টল	হয়না	4
করবো	সেই	4
স্ক্যাম	করসে	4
টার	জন্য	4
লাগবে	কেন	4
ফ্রি	ভার্সন	4
এপ্প্রুভ	করেন	4
সিং	আপ	4
পেজ	নট	4
সিম্ফনি	ভি	4
আগেও	এই	4
তো	লাগবে	4
কেন	এসব	4
ব্রো	সিম্ফনি	4
কিন্তু	রবি	4
নিজের	উপর	4
আমি	এপিকে	4
প্ল্যান	দিয়ে	4
গুগল	ট্রান্সলেট	4
নেট	থাকে	4
রকম	কিছু	4
দেন	নাহ	4
নাহ	কেন	4
ব্যালান্স	জানতে	4
লাস্ট	পার্ট	4
আর	বলবো	4
দেখায়	আর	4
১০	জন	4
চেয়ে	না	4
আছি	আপনার	4
যে	ট্রিক	4
করে	পাবো	4
রেফার	করার	4
করার	ব্যবস্থা	4
ব্যবস্থা	আছে	4
৫	ইয়ার	4
কম	করে	4
দিছি	আমার	4
রিপোর্ট	দেন	4
এম	আই	4
করেছি	আমি	4
পর	চেঞ্জ	4
এস	সি	4
গুলা	তে	4
কিভাবে	নিতে	4
নষ্ট	করতে	4
টিউটোরিয়াল	পোস্ট	4
এর	পয়েন্ট	4
সাথে	কিভাবে	4
আপনার	জন্যে	4
ওয়েট	এ	4
আগেই	শেষ	4
মডেল	কত	4
পাওয়ার	এ	4
পার	ডে	4
করে	সার্চ	4
সময়ে	তিনি	4
এখন	এইটা	4
কয়েন	এ	4
ইন্টারনেট	থেকে	4
ওই	জিমেইল	4
এমটি	৬৫৭২	4
অনেক	সুবিধা	4
পুরাতন	পোস্ট	4
হ্যাক	হইছে	4
খুলবো	প্লিজ	4
যে	ব্যক্তি	4
কিন্তু	যে	4
বাট	পাইনাই	4
আগের	গুলা	4
টাকা	হলে	4
স্টেপ	কাজ	4
দেখি	এই	4
ইয়ার	পর	4
তো	বলি	4
করলে	মনে	4
দেখে	কথা	4
আপনার	ফটো	4
এ	দেয়	4
দেয়	এমন	4
গুলা	অফ	4
শেষ	করেন	4
আমার	ফন	4
আঙ্কেল	টুল	4
বেটা	ডাউনলোড	4
যাদের	নাই	4
ইউসার	ভাইয়ের	4
৫	এর	4
কানেকশন	অফ	4
সেট	এ	4
গেমস	টি	4
সৌদি	আরব	4
কই	কোনো	4
ব্রো	নিউ	4
করসি	এখনো	4
ফাইল	করে	4
অপসন	থেকে	4
অফার	থাকলে	4
আগেই	করসি	4
তে	ইনস্টল	4
তো	বিকাশ	4
করে	নিবো	4
লেখা	নাই	4
ব্রাউসার	দিয়া	4
সব	এপ	4
দিলে	ঠিক	4
ভয়	পাই	4
শালা	তোর	4
ভিপিএন	কি	4
সবার	জন্যে	4
একাউন্ট	থেকে	4
১	থেকে	4
করলেই	পাবেন	4
ছিলাম	এই	4
বাট	চলছে	4
যাচ্ছে	এখন	4
হবে	হেল্প	4
দিবে	আমি	4
পরে	ভালো	4
ফোন	মডেল	4
এড্রেস	বার	4
আইপি	ঠিক	4
একটা	সিস্টেম	4
কষ্ট	করার	4
ইনবক্স	করুন	4
সার্ভিস	এপিকে	4
ই	আমি	4
সহজ	কোনো	4
রাইজেন	প্রসেসর	4
কিনে	নিতে	4
ব্রাদার	আমি	4
তো	এডিট	4
ফাইল	ই	4
ই	খুঁজে	4
ঠিক	থাকে	4
ইমো	হ্যাক	4
এ	অটো	4
স্টপ	হয়ে	4
সেল	এর	4
এ	কন্টাক্ট	4
লাইট	ভার্সন	4
কপি	করবেন	4
প্লিজ	ইউসার	4
দিয়ে	পেপাল	4
করেন	ওটা	4
ওয়ার্ডেপ্রেস	এর	4
এর	ই	4
ভাবে	কেউ	4
হেল্প	করলে	4
প্লিস	হেল্প	4
পাবো	কেমনে	4
ভাই	পোস্টটা	4
মতো	নাই	4
করতে	বলসে	4
ফাইল	টি	4
আপলোড	করবো	4
গাঁজা	খেয়ে	4
করে	টাইম	4
প্রাইম	ভার্সন	4
এ	কেনো	4
তো	চলছে	4
ভাই	এইভাবে	4
আমি	ভাবসিলাম	4
চাই	এই	4
আপনার	সকল	4
টা	পাবলিশ	4
নিজে	থেকে	4
টা	করসি	4
পাগলের	মতো	4
ব্রো	কমেন্ট	4
এটা	নাকি	4
এপ	নিয়ে	4
৩জি	স্পিড	4
ফর	ইনফরমেশন	4
আইডি	পাসওয়ার্ড	4
না	টা	4
ভাই	মজা	4
কোন	ধরণের	4
ড্রাইভার	ইনস্টল	4
ব্যালান্স	এ	4
গ্যালাক্সি	জে২	4
ভালো	গেমস	4
পোস্টে	দেয়া	4
রোম	দেন	4
ব্রো	কোনো	4
অর	ফোন	4
চেঞ্জ	হয়ে	4
মিনিটস	এর	4
অন্য	যেকোনো	4
কাজ	করতাসে	4
আমার	মাস্টার	4
এ	ট্রান্সফার	4
জানার	দরকার	4
মনে	হবে	4
রোম	ইউস	4
ভাই	সাথেই	4
প্রচার	করে	4
নষ্ট	করবেন	4
করলে	যে	4
চিন্তা	করে	4
আরেক	জন	4
নেক্সট	থেকে	4
ট্রিকবিডি	ভিসিট	4
ফেইসবুক	প্যাক	4
ও	দেয়া	4
টাকা	জমা	4
আগে	জাভা	4
কাউকে	দিয়ে	4
দিয়ে	আর্ন	4
ইমেজ	ডিলিট	4
ও	টাকা	4
কি	কারণে	4
ব্রো	না	4
নাহলে	আমি	4
ফিক্স	করবো	4
এর	টিডাবলিউআরপি	4
টা	ফ্রি	4
বোনাস	পাবো	4
কিছু	নিজে	4
আছে	সেই	4
কোনো	প্রক্সি	4
কেমন	হলো	4
আমি	শিহরিত	4
এপ্প্রুভ	হবে	4
একটু	আমার	4
আমার	করা	4
ভাই	থেকে	4
হচ্ছে	কোনো	4
একটা	নাম্বার	4
একাউন্ট	খুলা	4
করা	যাচ্ছেনা	4
লাগবে	আমার	4
পর্যন্ত	চলবে	4
এসএমএস	করলে	4
স্ক্রিন	শর্ট	4
হইসে	না	4
টা	শো	4
গ্যালাক্সি	উইন	4
খুঁজে	পাচ্ছিনা	4
কোনো	পাসওয়ার্ড	4
সনি	এক্সপেরিয়া	4
হইসে	কি	4
ভাই	বাংলালিংক	4
এর	ইউসি	4
প্রোফাইল	লিংক	4
পোস্ট	নাকি	4
সেট	আপ	4
অ্যাড	ব্লক	4
টু	স্টেপ	4
হয়ে	থাকবে	4
প্লিজ	তাড়াতাড়ি	4
ই	আপনি	4
মেনি	থ্যাংক্স	4
পারে	আর	4
এইটা	ট্রিকবিডি	4
ট্রিকবিডি	রুলস	4
কি	রিকভারি	4
লাগবো	না	4
অথর	প্লিজ	4
প্লিজজজ	হেল্প	4
ব্রো	ইনবক্স	4
ডাউনলোড	করছে	4
তাহলে	কোনো	4
ফিরে	আসতে	4
এপ	প্লে	4
কত	দিবো	4
বাট	আগের	4
কাছে	নাই	4
সার্ভে	কমপ্লিট	4
কেমনে	এটা	4
হয়	কেনো	4
করা	হইসিলো	4
না	দেন	4
মতো	হয়ে	4
পিএসডি	ফাইল	4
তো	একটাও	4
পার্থক্য	কি	4
কন্টাক্ট	করুন	4
এটা	আছে	4
আবার	আসে	4
ডিসকানেক্ট	প্রব্লেম	4
এটা	বলতে	4
গ্রামারলি	প্রিমিয়াম	4
তে	কবে	4
কত	কি	4
কিছুদিন	পরে	4
রুট	ও	4
এমন	হবে	4
আপনিও	কি	4
একজন	পোস্ট	4
সিম্ফনি	ভি৫৫	4
বাংলা	লিংক	4
বাইপাস	হয়	4
চাই	একটা	4
৩২	জিবি	4
গেম	ডাউনলোড	4
আপলোড	দিসে	4
বুঝবো	কিভাবে	4
দাম	বেশি	4
ওল্ড	বাট	4
কেউ	ই	4
অল্প	অল্প	4
নাকি	এইটা	4
না	একাউন্ট	4
এটার	মধ্যে	4
তাহলে	আগের	4
জন্য	রুট	4
ভুল	ধারণা	4
রাত	এ	4
কাজ	করসেন	4
ওয়ান	টাইম	4
দিলেন	কেনো	4
বার	ক্লিক	4
এ	বার	4
পর	ঠিক	4
পারো	নাই	4
বাট	কয়েনবেস	4
পেন্ডিং	দেখাচ্ছে	4
জন্য	এতো	4
টেস্ট	পেপার	4
পারতাসি	না	4
নাই	পারলে	4
টিপস	দেন	4
কোনো	রেসপন্স	4
বাট	সবাই	4
জন্য	দিসে	4
বলে	দিসে	4
আছে	টোকেন	4
পাইলে	অবশ্যই	4
করসি	কাজ	4
সুযোগ	দেন	4
ভালো	করেই	4
জানি	আর	4
আমার	চলে	4
হা	লল	4
এটা	চলবে	4
কেন	আপনার	4
গালি	দেন	4
থাকলে	আরো	4
ই	করা	4
হইছে	এটা	4
পিক	দিলে	4
খুশি	হইতাম	4
থিম	আছে	4
এমবি	কিনলে	4
নিজে	মেক	4
কইরেন	প্লিজ	4
কিনা	যায়	4
যখন	কোনো	4
একটু	খুঁজে	4
ডাউনলোড	করসেন	4
পোস্ট	বাদ	4
আপনি	চালিয়ে	4
এই	অনেক	4
প্রেস	করে	4
আরেহ	ভাই	4
কোড	কেমনে	4
হেল্প	হতো	4
কোয়ালিটি	এর	4
পোস্ট	এইটা	4
গেলে	কিছু	4
ভাই	ভুল	4
বুঝবে	না	4
পর্যন্ত	একটা	4
থ্যাংক্স	বস	4
গুলো	আছে	4
অরিজিনাল	মিউই	4
হচ্ছে	পোস্ট	4
টাকা	পাইছেন	4
যেমন	আমার	4
রেফার	লাগে	4
এ	বিকাশ	4
এপ্স	এর	4
চলে	ভালো	4
ভুল	হইসে	4
রিভিউ	দিতে	4
করেন	নাকি	4
এড	শো	4
তাহলে	কেমন	4
থ্যাংকস	এইটা	4
রেফারেল	লিংক	4
ভাই	ল্যাপটপ	4
সব	সাইট	4
তাই	কি	4
প্লিজ	রিপ্লায়	4
রিপ্লায়	দিবেন	4
বাজে	কথা	4
মেসেজ	মি	4
ভাই	রিয়েলমি	4
আমি	মেইল	4
বাট	রিপ্লায়	4
একটা	খারাপ	4
ওই	লিংক	4
অনেক	সফটওয়্যার	4
পোস্ট	দেখসি	4
আসছে	বাট	4
কোনো	টা	4
ইউ	টু	4
ঐটা	এখনো	4
তো	আগেই	4
তো	প্রব্লেম	4
ডাটা	চুরি	4
না	কপি	4
কেউ	কথা	4
করতে	আসছে	4
মেয়াদ	টা	4
ওই	একই	4
এ	সমস্যা	4
বাংলা	সাব	4
সাইবার	৭১	4
ডাউন	করে	4
করি	অনেক	4
চাচ্ছে	আমি	4
আমার	ব্যালান্স	4
করতে	হেল্প	4
হলে	নিতে	4
দেন	পেয়ে	4
দিন	এই	4
হয়না	কেনো	4
কথা	মতো	4
আশা	করসি	4
কি	এইটা	4
আপডেট	করুন	4
কোন	ক্যাটাগরি	4
তো	তাইলে	4
ক্রিয়েট	এর	4
চেষ্টা	করসি	4
বাটন	কাজ	4
অসাম	ব্রো	4
ব্রো	আই	4
কি	বলদ	4
কেন	রে	4
অন্য	কাজ	4
টেলিগ্রাম	লিংক	4
সিম	আপনার	4
ইমেইল	টা	4
দিতেই	হবে	4
ফর	পিসি	4
এখানে	সব	4
হলো	ব্রো	4
প্রব্লেম	থাকলে	4
আপনার	সার্টিফিকেট	4
তে	যে	4
যে	ওয়াইফাই	4
তাই	ট্রিকবিডি	4
চলে	আবার	4
আমার	রিকোয়েস্ট	4
রিকোয়েস্ট	একসেপ্ট	4
বলার	কিছু	4
দিলেই	হয়	4
বাট	হোয়াই	4
যায়	কারণ	4
আপডেট	হবে	4
এর	ঝামেলা	4
প্লিজ	ভিসিট	4
টিপস	আছে	4
পরের	কথা	4
করা	যাইতো	4
একাউন্ট	হ্যাক	4
প্লিজ	দরকার	4
হমমম	ব্রো	4
কে	করতে	4
না	তখন	4
এতো	গুলা	4
দেখেন	আপনি	4
লাভা	৫০৫	4
কিনা	দেখেন	4
থাকে	আপনার	4
তে	দেখতে	4
তে	কমেন্ট	4
করবো	তো	4
ভাই	অটো	4
ভাই	যেই	4
রিকভারি	ফ্ল্যাশ	4
সার্ভার	থেকে	4
সবাই	দেখেন	4
নিয়ে	এখন	4
আপডেট	করছি	4
করসি	ভাই	4
রেগুলার	পোস্ট	4
সিউর	না	4
আমাদের	কে	4
কে	আরো	4
কিছু	দেয়ার	4
এ	লাগে	4
জন্য	ব্রো	4
হবে	অর	4
তাহলে	বলেন	4
এন্ড	কিভাবে	4
লেগ	করে	4
না	বিকজ	4
না	করলেই	4
একাউন্ট	অ্যাড	4
থেকে	কমেন্ট	4
বাট	এক	4
কাসে	আসে	4
এ	ওয়েব	4
তারা	আপনার	4
এর	কিসুই	4
দিয়ে	দিবে	4
পোস্ট	০	4
বাট	প্রব্লেম	4
১১	এর	4
ওয়েব	ডেভেলপমেন্ট	4
লাইন	এর	4
করলাম	তবুও	4
হয়	এপস	4
এক্সট্র্যাক্ট	করার	4
এ	স্পিড	4
কে	এভাবে	4
দেয়ার	কি	4
আর	নাহলে	4
পোস্ট	দেয়ার	4
দেয়ার	দরকার	4
আর	সবচেয়ে	4
ইউসার	আপনার	4
না	লগইন	4
না	ফাইল	4
সেটা	ভালো	4
করেনা	আবার	4
ভাই	বলছে	4
এমন	টা	4
আর	কমেন্ট	4
প্রব্লেম	হইসে	4
সেটিং	করেন	4
আপনার	সেটিং	4
ট্রিকবিডি	টীম	4
পারেন	কিনা	4
এই	নিন	4
না	উল্টা	4
আমি	আগের	4
টা	দারুন	4
দেন	প্লিজজজ	4
মি	অথর	4
লিংক	দিয়া	4
কানেক্টেড	হচ্ছে	4
এমবি	এন্ড	4
লিখতে	হবে	4
উইক	এ	4
করলেও	হবে	4
পোস্ট	কেনো	4
ভার্সন	থাকলে	4
এমটিকে	৬৫৯২	4
মড	এপ	4
কেনো	তাহলে	4
মিথ্যা	বলা	4
একাউন্ট	এক্টিভ	4
কেন	সবাই	4
আইডি	না	4
ডাউনলোড	ই	4
কি	একই	4
সো	এটা	4
টা	ছিল	4
নেই	তো	4
ইচ্ছা	করলে	4
দিকে	নজর	4
প্রমোট	করতে	4
হলে	পোস্ট	4
টা	করার	4
আমি	অফলাইন	4
মি	মি	4
সবাই	কি	4
প্যানেল	এ	4
ভাইয়া	ট্রাই	4
এ	পেয়ে	4
এত	বেশি	4
ভাই	প্রতিদিন	4
ক্রোম	কি	4
মোবাইলে	তো	4
পোস্ট	এও	4
হোম	বাটন	4
একটা	থিম	4
দিসে	বাট	4
কমেন্ট	করলেন	4
তাদের	পোস্ট	4
আপনাকে	ফ্রেন্ড	4
পাইথন	দিয়ে	4
দিয়ে	বাট	4
বাট	যে	4
যে	ফাইল	4
প্লিজ	আবার	4
সাথে	যদি	4
করতে	যাই	4
খবর	রাখেন	4
কিনা	ভালো	4
এটার	সাথে	4
দুঃখের	কথা	4
কোনো	পয়েন্ট	4
এটাই	ভালো	4
খুলে	পরে	4
আসলে	আমার	4
সাইট	আসে	4
যদি	হ্যাক	4
হইছে	পোস্ট	4
করসি	ব্রো	4
এমন	আবাল	4
আপনার	মূল্যবান	4
নাই	কোনো	4
এ	শো	4
অনেক	অফার	4
যা	এই	4
ষ্টার	জলসা	4
না	ইনস্টল	4
স্টপ	করা	4
পায়	নাই	4
সিরিজ	টা	4
তাই	যদি	4
টা	দিতেন	4
পোস্ট	এখনো	4
নিয়ে	দেন	4
যেই	লিংক	4
দিবেন	আর	4
টি	দেখুন	4
ওয়ালেট	এর	4
এড্রেস	দিলে	4
সাবস্ক্রাইব	এর	4
কয়েন	আছে	4
কিছু	বুঝতেছিনা	4
ব্রো	কম	4
তো	ওল্ড	4
দিতে	দিতে	4
হবে	ঠিক	4
সময়	অপেরা	4
কমেন্ট	ব্রো	4
থাকলে	আপনার	4
করে	উইজ	4
মোবাইল	থাকলে	4
আমার	প্লেস্টোর	4
আমি	নরমাল	4
তো	পেইড	4
উইজ	করে	4
কি	ভুল	4
থ্যংক্স	ইউসার	4
পরে	রুট	4
একটা	বাংলা	4
আর	রেফার	4
বানাইসে	কে	4
কে	রে	4
নামাতে	হবে	4
ভুল	হইছে	4
সেটা	ঠিক	4
টা	সুন্দর	4
কেনো	হেল্প	4
ভাই	৩টা	4
গুলা	বুঝা	4
ফন্ট	ইউস	4
দেন	এটা	4
নেট	উইজ	4
এর	খুব	4
ছিল	আপনার	4
টা	দেখার	4
তো	বাঁশ	4
বাইরে	থেকেও	4
পোস্ট	১	4
১	কে	4
পেলাম	আমি	4
এখন	একাউন্ট	4
টাইম	ঠিক	4
ট্রিক	না	4
বলসেন	নাকি	4
ব্রো	ডাটা	4
কি	রুটেড	4
কিভাবে	চালু	4
ইনফরমেশন	দেন	4
তো	চলবে	4
সেটিংস	করে	4
ওয়েলকাম	ইউসার	4
এইটা	জাস্ট	4
ফান	করার	4
পর্যন্ত	প্রায়	4
প্রায়	২	4
মান্থ	হলো	4
১টা	এফবি	4
করে	ফেলেসি	4
করেসি	বাট	4
এটার	কারণ	4
কপি	করুন	4
পোস্ট	অন	4
২	৩	4
লাগবে	সিম	4
ক্রেডিট	সংগ্রহ	4
কি	একেবারে	4
একেবারে	২০০	4
২০০	ক্রেডিট	4
আপনার	বিষয়	4
কেনো	আমি	4
তে	এটা	4
আপনি	কোথায়	4
আপনাকে	মেসেজ	4
এর	ডোমেইন	4
নেট	টিপস	4
এপ	কি	4
রকম	করবো	4
গেলো	এখনো	4
তারা	না	4
কিছু	বুজলাম	4
১	টাকায়	4
এপিকে	সাইজ	4
অথর	হবার	4
হত	না	4
মানে	আছে	4
করে	কার্ড	4
বসাতে	হবে	4
ব্যবহার	করসি	4
উপরে	দেওয়া	4
আছি	ভাই	4
করি	কোনো	4
তে	বাগ	4
মাস্টারকার্ড	এর	4
মেগা	পোস্ট	4
অফ	ক্লেন্স	4
ঘন্টার	মধ্যে	4
কে	হয়রানি	4
মাঝে	ডিসটার্ব	4
অথর	হলে	4
ইমেইল	করো	4
আছে	এপ	4
কোড	আসেনা	4
করবো	আনরুট	4
আনরুট	এর	4
হ্যাক	হইসে	4
মিনিট	তো	4
কেমন	পারে	4
টা	কেটে	4
আসেই	না	4
ইয়ানডেক্স	ব্রাউসার	4
আইডি	তৈরী	4
যে	ইমেইল	4
যায়	আপনি	4
এটার	মতো	4
মতো	অনেক	4
প্রুভ	দেখান	4
একটা	রিপোর্ট	4
ব্রো	ইউ	4
টা	দেখি	4
ভাই	পোস্টে	4
ক্রেডিট	দিসেন	4
ব্রো	এপিকে	4
একাউন্ট	ডিসএবল	4
করে	অনেকেই	4
আর	পর	4
পেমেন্ট	দেবে	4
স্টার্ট	হবে	4
নি	আবার	4
সিঙ্গার	টিভি	4
বোনাস	পাবেন	4
পোস্ট	তাহলে	4
রেম	কত	4
এর	দেয়া	4
এই	ক্রেডিট	4
না	দেখেন	4
বাপ	লাগে	4
ডিভাইস	রুটেড	4
এর	মান	4
সাইট	থেকেই	4
যায়	প্লে	4
পাবলিশড	না	4
খালি	এমবি	4
এমবি	খায়	4
টিপস	পোস্ট	4
ভেজাল	করার	4
মাধ্যমে	আপনি	4
ওএস	এ	4
স্টার্ট	দেয়ার	4
চালাতে	চাইলে	4
চাইলে	কিভাবে	4
আপনি	জিমেইল	4
সেল	করেন	4
ভাইয়া	সরি	4
এ	যাইয়া	4
মাই	এয়ারটেল	4
এপিকে	পিওর	4
কেমনে	আপলোড	4
করতে	বাট	4
মাত্র	৫০০	4
হায়রে	কপাল	4
পারলে	জানান	4
পরে	ফোন	4
চেষ্টা	করো	4
কিছু	কম	4
কিঙ্গ	রুট	4
কোর	আই৫	4
আপনি	সার্চ	4
কোড	উইজ	4
হলে	শেয়ার	4
কত	করে	4
পোস্ট	দেখার	4
এফ	এফ	4
জাস্ট	একাউন্ট	4
অনেক	বের	4
বের	করসি	4
বাট	খুব	4
দেখলাম	আর	4
এ	পরে	4
আছে	যদি	4
কারণ	আপনার	4
এটা	বুঝা	4
হয়তো	ভুল	4
ইম্প্রেশন	এ	4
রাইট	আমি	4
ভুল	হয়	4
লাগে	তা	4
তা	দেখে	4
যদি	সিম্ফনি	4
হয়	বলে	4
করেন	ফোন	4
নাই	রিপোর্ট	4
করবো	সাথেই	4
হম	ব্রো	4
বিকাশ	নাম্বার	4
ও	ভাই	4
দিয়ে	জাস্ট	4
পর্যন্ত	হয়	4
হলো	তোমরা	4
আমাদের	এই	4
সাধারণ	জ্ঞান	4
দিবে	ভাই	4
টাকায়	৩	4
কই	দিন	4
ওটা	আবার	4
চেয়ে	কিছু	4
ব্র্যান্ড	এর	4
রিকোয়েস্ট	আপনি	4
তাহলে	টিউনার	4
ভাই	৭	4
করুন	আপনি	4
খুজতে	ছিলাম	4
এমবি	থেকে	4
অনেকবার	ট্রাই	4
ক্যানসেল	করে	4
স্পিড	পাবে	4
কতবার	করা	4
দিসি	তার	4
দিয়ে	দেওয়া	4
অনেক	ভিপিএন	4
কাইন্ডলি	এই	4
করে	ইউস	4
ট্রাস্ট	না	4
সময়	ও	4
ভিউ	এ	4
এ	সাইন	4
দিছেন	নাকি	4
থার্ড	ক্লাস	4
আসেন	কেন	4
হবে	পোস্ট	4
কষ্ট	হবে	4
এর	সফটওয়্যার	4
হাই	গ্রাফিক্স	4
ভাই	শেষের	4
ভাই	হচ্ছেনা	4
ক্রেডিট	ছাড়া	4
পোস্ট	করিনা	4
ডোমেইন	তো	4
একাউন্ট	লক	4
হইসে	থ্যাংকস	4
এ	কে	4
ফোন	চালু	4
হবে	থ্যাংক্স	4
গেমিং	প্রসেসর	4
আপনার	ইমু	4
দিয়ে	সম্ভব	4
হবে	যা	4
কিভাবে	ইউটিউব	4
দিছি	দেখেন	4
কোড	দিবো	4
এই	শালা	4
না	শেয়ার	4
আওয়ার	পরে	4
না	করেও	4
পাসপোর্ট	দিয়ে	4
তুমি	আবার	4
করো	কোড	4
দিয়ে	দেয়	4
আমি	৩টা	4
হইতে	পারে	4
নিজে	তো	4
লিখতে	পারবেন	4
ভিসিট	করুন	4
কইরা	পোস্ট	4
করার	আমি	4
টেনক্স	ভাই	4
ভাই	ডাটা	4
ডট	কম	4
গাছে	ধরে	4
কেন	আগে	4
এইটা	নাই	4
বলে	দাবি	4
টাকা	রাখবেন	4
রাখবেন	না	4
এইটা	হলো	4
যদি	কারো	4
লিমিট	কত	4
সবাই	আমাকে	4
সব	অফ	4
জন্য	গিফট	4
হ্যাক	মড	4
গেম	প্লে	4
প্লে	করেন	4
আরো	কমে	4
নাম্বার	দিলে	4
নেট	একটিভ	4
দেন	আগের	4
ব্যাবহার	করি	4
সাপোর্টেড	কিন্তু	4
দিলে	তারা	4
হেল্প	আর	4
তারা	একটু	4
লক	হয়ে	4
আপনার	মাথা	4
ন্ড্রোইড	ভিপিএন	4
শুধু	জিপি	4
জিপি	এ	4
গুলা	ট্রাই	4
আবার	আরেকটা	4
আরেকটা	কথা	4
যাবে	তারপর	4
টি	আমি	4
ফাইল	নাই	4
১০	বছর	4
বালের	এপ	4
আমায়	একটা	4
নাও	করতে	4
মেসেজ	করলাম	4
দিসেন	বাট	4
কীপ	ইট	4
রিচার্জ	দিসি	4
ভাই	তাইলে	4
বন্ধ	করলে	4
এ	ইনকাম	4
আপনি	ভাই	4
তো	আগের	4
দিয়া	এ	4
দিলাম	তখন	4
তখন	আবার	4
টেলিগ্রাম	বট	4
কেউ	পেমেন্ট	4
করে	করার	4
ভাই	এইসব	4
এমবি	হলে	4
হলে	৩	4
৩	মিনিট	4
থেকে	নিন	4
এ	ফটো	4
ফটো	অ্যাড	4
একটা	পদ্ধতি	4
বাট	এইসব	4
এইসব	টাইটেল	4
টাইটেল	না	4
লোকেশন	টা	4
করে	যেই	4
রাখতে	চাই	4
রুট	করলাম	4
ওকে	করে	4
রিদমিক	কিবোর্ড	4
ভাই	তোমাকে	4
করবেন	তা	4
একবার	হলেও	4
ইনভেস্ট	ছাড়া	4
সাইট	তো	4
ভাই	চেক	4
চেক	করছি	4
পোস্ট	১০	4
আগে	করসিলাম	4
করলে	ক্রেডিট	4
জন	কয়	4
করলে	বিপদ	4
পাচ্ছি	তো	4
এ	ভাবেই	4
রিকভার	করা	4
ভাই	পরের	4
দিয়া	একটা	4
গুলো	আসে	4
আসে	বা	4
গুলা	আপনার	4
ফ্রেন্ডস	দের	4
থেকে	সার্চ	4
দিতে	বলেন	4
সাথে	একটা	4
কি	হয়ে	4
আনফরচুনাটলি	দেখায়	4
চেক	ইওর	4
প্লিজ	ওয়াপকিজ	4
একাউন্ট	করেছি	4
বিটিসি	২৫০০০	4
২৫০০০	বেশি	4
ওয়ার্কিং	ভাই	4
আমাকে	এসএমএস	4
দের	কোনো	4
ডিসাইন	দিবেন	4
পারেন	ওইটুকুই	4
কে	কপি	4
কপি	ডিসাইন	4
পেমেন্ট	নেয়া	4
মতো	আবার	4
কল	দেন	4
তে	নেওয়া	4
কেমনে	একটু	4
লিংক	নট	4
করে	আপডেট	4
কিনতে	পারবেন	4
কোড	প্লিজ	4
এবং	তা	4
খালি	কপি	4
২০১৭	সাল	4
ভাবে	উপস্থাপন	4
বুঝে	তারপর	4
অ্যাড	ইউনিট	4
আগের	মোবাইল	4
এর	এপলক	4
এপলক	এ	4
এ	হাইড	4
করা	ইমেজ	4
ওই	ইমেজ	4
ইমেজ	অন্য	4
দিয়ে	আনতে	4
দেখাচ্ছে	না	4
কোড	পেস্ট	4
বুঝলাম	ভাই	4
কি	ডিভাইস	4
ডিভাইস	ব্যান	4
১	ঘণ্টা	4
সময়	দিন	4
টিউটোরিয়াল	দিয়েন	4
তোর	চ্যানেল	4
সাবস্ক্রাইব	করতে	4
বাট	এসএস	4
যায়	কেনো	4
টা	এমন	4
করে	দাও	4
নাকি	অল	4
আর	কখনো	4
পারবো	নাহ	4
বুঝেন	নি	4
মেইন	ইমেইল	4
ওই	মেইল	4
থেকে	মোবাইল	4
প্লিজ	কন্টাক্ট	4
মানে	কী	4
লেখার	পর	4
ফর	মডারেশন	4
নাম্বার	আর	4
নিন	ব্রো	4
প্রিমো	জিএফ	4
জন্য	নিউ	4
ব্যাকআপ	করার	4
না	বললেন	4
হলেই	তো	4
এতো	ঝামেলা	4
এই	প্রক্সি	4
তাহলে	কাজ	4
ট্যাব	এর	4
জাস্ট	অ্যামেজিং	4
বিডি	হয়ে	4
থ্যাংক্স	থ্যাংক্স	4
এখানে	শেয়ার	4
ভিন্ন	ভিন্ন	4
সেটা	আবার	4
রিসেন্ট	পোস্ট	4
ই	করবোনা	4
সব	ওই	4
আপডেট	দিবো	4
প্রাইস	টা	4
জন্য	ফোন	4
অথর	করলে	4
অর	এফবি	4
পোস্ট	এফবি	4
ওয়াইফাই	ছাড়া	4
জয়েন	করতে	4
থেকে	৫	4
থেকে	না	4
কিভাবে	বানায়	4
আমি	থেকে	4
বন্ধ	করুন	4
এ	২০	4
কোনো	ব্রাউসার	4
এর	অর্থ	4
কি	কল	4
যাবে	সেই	4
কেউ	থ্যাংকস	4
এসে	আটকে	4
পার্সোনাল	ওয়াইফাই	4
সেল	করলে	4
করলে	ইনবক্স	4
খেলতে	পারছি	4
টিউনার	রিকোয়েস্ট	4
এত	কষ্টের	4
আমার	হচ্ছে	4
সুবিধা	পাবো	4
টাকা	তুলা	4
তুলা	যাবে	4
সার্ভিস	এর	4
জাভা	এর	4
জীবন	কাহিনী	4
মোবাইল	আরো	4
নাই	কোড	4
টা	ডায়াল	4
ব্রিক	করলে	4
ফোন	ঠিক	4
হাইলি	কমপ্রেসেড	4
অনেকেই	পাইসে	4
১৫	টা	4
সার্ভার	লিস্ট	4
কপাল	ভালো	4
ভালো	আছে	4
আছে	সে	4
সার্চ	বক্স	4
সার্চ	ইঞ্জিন	4
করো	তাহলে	4
আনজিপ	করবো	4
আরো	ফাস্ট	4
ব্যান	হয়	4
ওপেন	হয়ে	4
দেয়	শুধু	4
আছে	চাইলে	4
উইন	১০	4
কন্টাক্ট	নাম্বার	4
করলেন	থ্যাংকস	4
বাট	যারা	4
এড	ও	4
বলেন	ইউজার	4
মুভ	করে	4
গিয়ে	সার্চ	4
থাকার	কথা	4
দিয়ে	একটিভ	4
দিয়া	করতে	4
আপনি	ফুল	4
সুপার	ইউজার	4
ফ্ল্যাশ	দেন	4
এমবি	বাট	4
প্লিজ	অথার	4
জায়গায়	আপনার	4
ফ্ল্যাশ	দিন	4
নন	রুটেড	4
লাভ	হয়	4
না	প্রিমিয়াম	4
মেসেজ	দিয়েন	4
মতো	করলে	4
অন	করবে	4
করতেছেন	নাকি	4
টাকা	২০	4
এড	করেছি	4
থাকলে	কিভাবে	4
রিকভারি	দিয়ে	4
রিকোয়েস্ট	পাঠাইছি	4
লিংক	ক্লিক	4
যদি	পারে	4
কাজ	করল	4
রিকভারি	আইএমজি	4
আইএমজি	টা	4
থেকে	প্লিজ	4
লাকি	পেচার	4
ঠিক	করি	4
দুই	তিন	4
নিয়া	প্রায়	4
বাট	ইউজ	4
করছি	পোস্ট	4
দরকার	না	4
লাগে	সেই	4
বেশি	টাইম	4
মজার	একটা	4
সাইটে	তো	4
পোস্ট	দিতেন	4
করে	আনতে	4
লোডিং	নিবে	4
এখন	এফবি	4
ডলার	ফ্রি	4
দিয়া	শুধু	4
ওয়ার্ড	প্রেস	4
সাসপেন্ড	হবে	4
ভাই	অনলি	4
ড্রইট	ভিপিএন	4
এসএমএস	দিচ্ছি	4
দেখুন	তো	4
লোডিং	হয়ে	4
লোডিং	হচ্ছে	4
কয়েন	সেল	4
টাকা	নিবেন	4
রিপ্লাই	দেয়	4
হেল্প	করা	4
পোস্ট	আপনারা	4
কয়	এমবি	4
রুটেড	হওয়া	4
করতে	পারতাছি	4
ডাউনলোড	দেয়ার	4
প্রাইস	এন্ড	4
রয়েছে	যা	4
যা	আমার	4
শেয়ার	করছি	4
নাই	আসলে	4
বাড়তে	থাকবে	4
এর	ব্যাপার	4
একটা	ইউজ	4
জন্য	নিজের	4
কিভাবে	রিচার্জ	4
করেছি	যাতে	4
জাস্ট	এফবি	4
ভিউ	বাড়ানোর	4
আসলে	আপনি	4
হসসে	না	4
কোন	কারণে	4
৪	টাকা	4
প্যাক	আবার	4
চালু	করেন	4
ভিডিও	দেখো	4
আমি	তিনটা	4
ব্রো	ঈদ	4
জন্যই	পোস্ট	4
পোস্ট	কাজে	4
এটা	বন্ধ	4
দিয়ে	দিলাম	4
লাইট	ওয়েট	4
কার্ড	লাগে	4
হলে	ভাল	4
চান্স	নাই	4
সব	পোস্টে	4
এক	সিমে	4
করেন	হয়ে	4
যাবে	এ	4
এমটিকে	কোন	4
কোন	হ্যাণ্ডলার	4
আপনার	পোস্টটা	4
দিয়েই	চালানো	4
একাউন্ট	খুলছি	4
পেমেন্ট	রিসিভড	4
কারো	উপকার	4
তে	দেখা	4
আ্যপ	ইন্সটল	4
ইন্সটল	করলে	4
নাই	যেটা	4
ভাই	সেই	4
ডিসকভারি	বাংলা	4
ইউজার	নাকি	4
একটি	একাউন্ট	4
হ্যাঁ	ভাইয়া	4
অপশন	আসবে	4
এ	দিব	4
স্ক্রিনশট	দেখুন	4
আরেকটা	জিমেইল	4
কিসু	হবে	4
আসবে	প্লিজ	4
ভাই	বিস্তারিত	4
ট্রিকবিডিতে	একটা	4
করি	প্লিজ	4
চলছিল	এখন	4
ঠিক	তাই	4
টার	একটা	4
আমার	তাতে	4
মিনিটের	ভিডিও	4
খুলতে	পারছি	4
কারো	কাসে	4
অ্যাকাউন্ট	করতে	4
মাঝে	হয়	4
এত	কিছুর	4
এতে	আপনার	4
বেড়ে	যাবে	4
কানেক্ট	করি	4
রেডমি	৫	4
নিউ	এন্ড	4
এন্ড	ভালো	4
এমন	অ্যাপস	4
কার	সাথে	4
আপনি	মেবি	4
ইউজার	ট্রাই	4
দিয়ে	খুলে	4
সাবমিট	করে	4
সত্যি	বলতে	4
নিব	কেমনে	4
ভাই	কথা	4
কথা	এড	4
পাবজি	হ্যাক	4
একটা	রবি	4
আর	কেমনে	4
সেটা	বলা	4
লাগবে	হেল্প	4
সিওসি	হ্যাক	4
আচ্ছা	তাহলে	4
তাহলে	ভিডিও	4
ভিডিও	দেখব	4
কোন	কনটেন্ট	4
কনটেন্ট	এ	4
করলে	সোজা	4
দেন	সেখানে	4
পাস	লাগে	4
লাগে	সাইন	4
ভার্শন	কত	4
করতে	খুব	4
সব	করা	4
আমি	খেলছি	4
যদি	থাকতো	4
পোস্টে	কোন	4
কষ্ট	না	4
ওর	ইউজার	4
কি	যার	4
কোন	নাম্বারে	4
এসএমএস	যাচ্ছে	4
কি	এসএমএস	4
বলো	প্লিজ	4
তে	থাকি	4
প্লিজ	পোস্টটা	4
উপকার	হইত	4
কই	আমি	4
ইট	ব্রো	4
সেটা	পেন্ডিং	4
একটাও	তো	4
তো	বাংলাদেশে	4
পে	আউট	4
এখন	যে	4
কোড	এরর	4
সাইট	বানাবো	4
বোরিং	লাগে	4
আমি	কাউকে	4
পিসি	থাকলে	4
প্লিজ	লিঙ্ক	4
জেনে	নিবেন	4
স্পিড	হবে	4
শেয়ার	হবে	4
কয়জন	এটা	4
আর্ন	করব	4
দিয়ে	যাবেন	4
সুযোগ	দাও	4
আর	ভুল	4
আরেকবার	সুযোগ	4
ভাই	এম	4
এম	এ	4
শুধু	আমাদেরকে	4
নোকিয়া	২	4
থেকে	নেট	4
গেমটা	অনেক	4
কল	বাট	4
এসএস	দেয়ার	4
আপনার	বাসায়	4
বুঝতেছেন	না	4
আজ	আবার	4
আপনার	বিটকয়েন	4
এড	করার	4
ওয়ে	দেন	4
থেকেই	আমি	4
বা	এটা	4
লাফালাফি	করেন	4
দিসি	এখনো	4
এগুলা	সবাই	4
দরকার	হলেও	4
হলেও	আপনার	4
আপনার	বুঝিয়ে	4
আনইন্সটল	করার	4
অনেক	আনন্দিত	4
আনন্দিত	হচ্ছিলাম	4
এই	টাইপের	4
আসি	জাস্ট	4
পোস্ট	হয়েছিল	4
পেলে	অবশ্যই	4
এর	ইউটিউব	4
আমিও	জাভা	4
আমি	টেস্ট	4
করেছি	আপনি	4
এন্ড	আপনার	4
ওয়াইফাই	লাইন	4
ফোনে	ইন্সটল	4
হলে	আপনাকে	4
এর	দিন	4
তো	শো	4
নাম্বার	হাইড	4
হাইড	করে	4
কিভাবে	ইন্সটল	4
কেটে	দিবেন	4
লাইক	করে	4
বাট	প্রবলেম	4
প্রবলেম	নেই	4
১০০	টা	4
ভেরিফাই	ও	4
দিয়ে	বাড়ানো	4
হলে	একটা	4
পরের	পার্ট	4
অনেকদিন	হলো	4
২০১২	থেকে	4
করলাম	আমাকে	4
লিংকটা	এখানে	4
হইলে	হবে	4
পাসওয়ার্ড	থাকলে	4
আছে	আগে	4
চলছিল	না	4
থ্যাংকস	ট্রাই	4
এখন	কে	4
কে	করব	4
ভাই	নাই	4
নয়	এবং	4
বিকাশ	নাই	4
চলে	কি	4
মানে	এখন	4
নেট	না	4
যায়	আশা	4
হযরত	মুহাম্মদ	4
বলছেন	যে	4
যদি	হেল্প	4
৪৯	টাকা	4
নাই	আবাল	4
রম	আর	4
ফোল্ডারে	আছে	4
রিকভারি	ডট	4
আপনার	পেজ	4
হতে	টাইম	4
দিলে	প্রবলেম	4
অ্যাপ	ফ্রি	4
আমার	অন্য	4
এমবি	আছে	4
আগে	কাটবে	4
ভেরিফাই	করলে	4
ফন্ট	গুলা	4
আমাকে	কথার	4
অনেক	স্পিড	4
মনিটর	মোড	4
থাকে	ডাবলুল্যান০	4
দেখি	পোস্ট	4
যাতে	সবার	4
মোবাইল	নাম্বারে	4
এখন	কোথায়	4
পাসওয়ার্ড	কই	4
ভিজিট	করলে	4
অ্যাড	করব	4
ইন্সটল	দেন	4
মেয়াদ	৫	4
সিম্ফনি	ই৬০	4
পোর্ট	স্ক্যানার	4
আমি	তেমন	4
দিছেন	ভালো	4
লাইক	নেয়া	4
আমার	কার্ড	4
তাদের	অ্যাপ	4
হোক	আর	4
এইসব	জিনিস	4
রিয়েল	লাইফ	4
করছি	একটু	4
ওয়াইফাই	ওর	4
সেই	টাকা	4
রেফার	ও	4
ভি৪৯	এর	4
বাট	টিডব্লিউআরপি	4
প্লিজ	গিভ	4
ভাই	পাইছি	4
জন্য	এসএমএস	4
কিছুক্ষণ	পরপর	4
ধন্যবাদ	অনেক	4
কিভাবে	খুলব	4
শেষ	না	4
হতে	একটু	4
রিভিউ	হচ্ছে	4
নেট	চালাচ্ছি	4
অফিসিয়াল	ওপেন	4
তো	১০	4
করলেন	কিভাবে	4
এ	সো	4
করে	পোস্টটি	4
গুলা	রিমুভ	4
যে	অনেক	4
আসতেছে	বারবার	4
হেয়ার	ট্রান্সপ্লান্ট	4
প্লিজ	আই	4
নাই	বা	4
অফিসিয়াল	টা	4
মিয়া	কি	4
হলেও	হবে	4
ব্লুটুথ	ডিভাইস	4
কই	আপনার	4
জিবি	বা	4
ফোনে	এখনো	4
ভাই	ক্যাশ	4
ফাইল	ক্রিয়েট	4
ইস	দা	4
ব্ল্যাক	মারট	4
আবার	এফবি	4
লিংক	আমার	4
অনেক	পরিমাণ	4
থ্যাংকস	এন্ড	4
ব্লক	করতে	4
সিমে	চলবে	4
প্রিমো	ডি৮এস	4
ওরে	ভাই	4
চেক	না	4
পাত্তি	গোল্ড	4
নোকিয়া	ছাড়া	4
এরোর	দেখায়	4
টা	ফাইল	4
ট্রাস্টেড	সাইট	4
টাকা	আসবে	4
পজ	হয়ে	4
আছি	ব্রো	4
গেলে	আবার	4
সুযোগ	দিন	4
মেক	মিট	4
মিট	টিউনার	4
করার	আছে	4
পোষ্টের	জন্য	4
যে	উইন্ডোজ	4
তার	কোন	4
সুন্দর	ভাই	4
দুইটা	অ্যাপস	4
হয়ে	চলে	4
হেল্প	কর	4
হল	আমার	4
তাহলে	যদি	4
সার্ভে	দেয়	4
করিয়েন	আমার	4
ভাই	টাইম	4
অসুবিধা	হবে	4
ইনবক্স	প্লিজ	4
সার্ভার	ইউজ	4
চাই	থ্যাংকস	4
ভিতর	দিয়ে	4
জাস্ট	লেখা	4
ওয়াইফাই	থেকে	4
অ্যাংরি	পোর্ট	4
পোর্ট	দিয়ে	4
হলেই	চলবে	4
এক্সট্রাস	১০৮০পি	4
না	ওইটা	4
দেখলেই	বুঝা	4
ভিডমেট	থেকে	4
এই	পোষ্টের	4
সাথে	মিলে	4
আমি	১১	4
আইআর	সেন্সর	4
রিসেট	দিয়ে	4
দিয়ে	খুলতে	4
খুলতে	হয়	4
ওয়েব	ডিজাইনিং	4
নিউ	কিসু	4
সমাধান	বের	4
ইন্সটল	দেয়ার	4
এ	করেন	4
আমাকে	অ্যাড	4
ফ্রি	থাকে	4
সময়	কোন	4
কাজে	লাগতে	4
আপনাকে	পোস্ট	4
দেয়	কিনা	4
থাকত	না	4
তাহলে	অন্য	4
সফটওয়্যার	টি	4
ব্যালেন্স	শো	4
ভালো	অন্য	4
কারণ	যে	4
কমে	যাচ্ছে	4
এসএমএস	পাইসে	4
পাইসে	৯	4
এর	আনসার	4
এটা	লিখে	4
আসতে	পারে	4
মার্কা	পোষ্ট	4
টিউনার	বানানোর	4
অন্য	সিমে	4
এ	জেড	4
জেড	স্ক্রিন	4
ইসলাম	চলে	4
অসাম	অসাম	4
ভাই	টেক্সট	4
নষ্ট	করব	4
ওয়ে	বের	4
যাবে	জানাবেন	4
থেকে	আর্ন	4
দিয়ে	কিছুই	4
দিন	ট্রাই	4
না	বেশি	4
দেন	এখন	4
থেকে	তার	4
আর	ওপেন	4
কিন্তু	বেশি	4
আছে	এটার	4
টাকা	পেয়ে	4
গিটার	বাজাতে	4
ব্রো	ব্রো	4
ইউজার	এ	4
আছে	কোনটা	4
কি	এগুলা	4
এত	ভাল	4
লিংক	কারো	4
পেমেন্ট	যে	4
কোন	গ্রুপ	4
৮০০	টাকা	4
তখন	ওই	4
এর	সেরা	4
পেপার	অ্যাকাউন্ট	4
ওইটা	ইউজ	4
আমার	ভুল	4
এখন	উপায়	4
চার্জ	ছিল	4
ভালই	আছে	4
অনেক	দূর	4
ছিল	তাও	4
করে	নিয়েছে	4
নিয়ে	দেখলাম	4
ওর	এমবি	4
কি	নাম	4
করবে	সে	4
ফোন	আমাকে	4
পোষ্ট	দেন	4
তে	আসি	4
স্ক্রিনশট	দিয়েন	4
সি	হেয়ার	4
করে	পাশে	4
তবে	ভাই	4
কোন	রিপ্লাই	4
ইনস্টল	দিব	4
প্রযোজ্য	নয়	4
কি	টিউনার	4
আপনাদের	কমেন্ট	4
সম্পর্কে	জানেন	4
ভাই	প্রিমিয়াম	4
পোস্ট	লিঙ্ক	4
কোন	টপিক	4
৫	এমবি	4
হয়ে	আপনার	4
একসেপ্ট	করবেন	4
করবেন	তাছাড়া	4
এই	কথাটা	4
গিফ	মেকার	4
এগিয়ে	যাও	4
নাকি	ওয়াইফাই	4
টি	উনার	4
মিয়া	আমি	4
করা	যাইত	4
কিভাবে	ব্যাক	4
নেম	বলুন	4
না	অটোমেটিক	4
সেই	আগের	4
ও	নিউ	4
ভাই	ওকে	4
টিপস	গুলা	4
ব্রো	পি	4
নেক্সাস	পে	4
সময়	যে	4
পোস্ট	যারা	4
কাজে	না	4
গেছি	এখন	4
লাগবে	থ্যাংকস	4
যায়	তো	4
এডমিন	প্যানেলের	4
লাগবে	বাট	4
জিবি	কিভাবে	4
ছোট	হয়ে	4
স্পিড	কিভাবে	4
তুমি	পোস্ট	4
ড্রাইভ	বিজনেস	4
করেন	আপনাকে	4
ব্যাক	করব	4
কার্ড	আছে	4
ব্রো	ওয়াইফাই	4
করার	সবচেয়ে	4
অ্যান্ড্রয়েড	অ্যাপ	4
জানলে	বইলেন	4
এই	ইউজার	4
সাথে	এই	4
ফোন	আনরুট	4
কেউ	করতে	4
স্পিড	এখন	4
এই	ট্রিক্স	4
দেখেন	পেয়ে	4
চেঞ্জ	করছে	4
নাম	দিতে	4
ইউটিউব	চ্যানেলে	4
দিন	আগেও	4
এটা	দেখতে	4
ভালো	আইডিয়া	4
দেখছি	অনেক	4
করে	রাখছি	4
ট্রিকবিডি	এত	4
লোড	হয়	4
আপনার	ঠিক	4
গুগল	আছে	4
পর	অন্য	4
আপনি	তা	4
সাইটের	নাম	4
কামিং	সুন	4
ইউজার	এটা	4
এটা	ইউজার	4
বলে	তাহলে	4
তো	নিজের	4
পাইলেন	ভাই	4
হয়	কোন	4
কোন	মোবাইল	4
ঝামেলা	না	4
কেন	যদি	4
বাট	ইউজার	4
করলেই	অথর	4
আপনাদের	মত	4
লোকদের	জন্য	4
কেমন	কাজ	4
কিছু	পাই	4
কমেন্ট	ও	4
বুট	এনিমেশন	4
১০	টাকায়	4
ফ্লেক্সিপ্লান	থেকে	4
করেছি	আমার	4
ভাই	আমিতো	4
বাটন	প্রেস	4
ব্যবহার	ঠিক	4
অনলি	জিপি	4
হবে	১	4
ওয়ান	অফ	4
অফ	দি	4
ডাইরেক্ট	ফ্ল্যাশ	4
খুলে	দেন	4
আর	সবাই	4
নাই	আগে	4
দেখুন	তারপর	4
হাশরের	ময়দানে	4
থাকবে	এলিয়েন	4
এলিয়েন	না	4
আর	নবীজি	4
নবীজি	আজরাইল	4
কে	যাদের	4
যাদের	হিসাব	4
হিসাব	নিতে	4
তারা	মানুষ	4
ধ্বংসের	অনেক	4
করে	বা	4
গ্রুপ	আর	4
কাজ	কর	4
নাই	কথা	4
পাব	কোথায়	4
করেন	আগে	4
জন্য	২০	4
আর	প্লেস্টোর	4
আগে	১	4
থ্যাঙ্কস	ইউজার	4
বাইপাস	করা	4
কিভাবে	যে	4
পাব	আর	4
তো	আইপি	4
কনফিগ	দিয়েন	4
পাইনি	আজ	4
কি	খালি	4
এড	হবে	4
করবো	তা	4
টিপস	দিবেন	4
ওয়েলকাম	ইউজার	4
এই	শালার	4
বাইর	করা	4
পোস্ট	দেখলে	4
ডাটা	ইউজ	4
তাই	খারাপ	4
মডেম	দিয়ে	4
দেখাচ্ছে	প্লিজ	4
এটাতে	কি	4
করবেন	এর	4
জীবন	সমস্যার	4
জন্য	ইউজ	4
নিউ	করে	4
ইউজার	তোমার	4
যে	বললেন	4
পোস্ট	থ্যাঙ্কস	4
থ্যাঙ্কস	ভাইয়া	4
পারবেন	থ্যাংকস	4
ছাড়া	উপায়	4
চাইলে	পোস্ট	4
বাট	নট	4
বাট	পিসি	4
সিমে	টাকা	4
অন	থাকা	4
সবাই	পারে	4
করে	পরে	4
নাই	এখনো	4
কোনো	রম	4
নেওয়ার	পর	4
আপনার	চিপসেট	4
সাথে	থাকেন	4
ইউটুব	এ	4
রিকভারি	লাগবে	4
মাই	প্লেজার	4
এ	কিসু	4
টা	পোষ্ট	4
করতে	টাকা	4
৫	প্রো	4
সাথে	যুগাযুগ	4
রেফার	না	4
ইউটুব	ভিডিও	4
ভালো	পোষ্ট	4
পিক	শো	4
সাল্লাল্লাহু	আলাইহি	4
বলতে	হয়	4
একজন	এর	4
পাসওয়ার্ড	দিলে	4
হেল্প	ভাই	4
সম্পর্কে	আমার	4
পাওয়ার	উপায়	4
অন্য	এক	4
থ্যাংকস	ভালো	4
আবার	বলেন	4
মানে	হলো	4
লাইক	করি	4
করি	তো	4
এ	গেম	4
টিউটোরিয়াল	দিয়ে	4
একটা	ওয়ে	4
কিন্তু	ভুল	4
আমাকে	জানান	4
প্রুভ	দেন	4
দিয়ে	রিচার্জ	4
অনেকেই	জানেনা	4
ফ্লেক্সি	করতে	4
একাউন্ট	খুলবে	4
নি	কারণ	4
গুলো	দেখুন	4
কি	আইডি	4
পাবো	আমার	4
এর	স্টোরেজ	4
কি	আলাদা	4
লিংক	ইউজ	4
জন্য	রিকুয়েস্ট	4
একটা	অনলাইন	4
নোট	ফাউন্ড	4
করে	এন্ড	4
গেসে	তাই	4
টোটাল	সাইজ	4
আপনার	প্রবলেম	4
ইউজার	একটা	4
আমিও	অনেক	4
দিবো	ব্রো	4
কোনো	মোড	4
আমি	১স্ট	4
আর	আইডি	4
বুট	লোগো	4
করবে	আপনি	4
ওয়ার্ডেপ্রেস	এ	4
কোনো	কিছুই	4
আইডি	ভেরিফাই	4
ভেরিফাইড	পেপাল	4
এমন	কেউ	4
নাইস	আপনার	4
দেখি	কাজ	4
আবার	স্টার্ট	4
পারেন	আপনার	4
নিয়ে	আপনার	4
যাবে	তাহলে	4
আসে	আপনার	4
প্রাইস	এ	4
আসে	আমার	4
কিবোর্ড	ইউজ	4
এরকম	সাইট	4
১৫০	এমবি	4
কি	ভার্সন	4
করলে	এইটা	4
ছিলাম	কিন্তু	4
আর	নিচের	4
টা	হলে	4
হ্যা	ভাইয়া	4
করার	ট্রিকস	4
একদম	এ	4
যে	কাজ	4
কিভাবে	বুঝলেন	4
হিসাব	করে	4
তো	ভাইয়া	4
দের	ও	4
বক্স	এর	4
এটা	ট্রিকবিডি	4
ট্রিক	নাই	4
ফোন	লাভা	4
হয়েছে	আপনার	4
একজন	অথর	4
এ	নতুন	4
সিলেক্ট	করার	4
দিয়ে	দিবেন	4
অপারেটর	এ	4
না	সবার	4
ফাইল	গুলা	4
হয়	সেই	4
চলার	পর	4
অ্যানড্রয়েড	এ	4
কি	এভাবে	4
অনলাইন	ক্লাস	4
নাম	ইউজার	4
লিংক	আসে	4
আরে	না	4
টাইম	টা	4
এ	আমাকে	4
করতে	প্রব্লেম	4
এইটা	কেমন	4
ভাই	মানুষ	4
যে	এসএমএস	4
স্পিড	ভালোই	4
এর	রুট	4
আবার	অন	4
পেমেন্ট	রিকুয়েস্ট	4
না	পাই	4
মার্কেট	এ	4
বার	নিতে	4
নাম	বলে	4
পারেন	এই	4
ভালো	জিনিস	4
মডেল	লিখে	4
ও	দেখতে	4
সিম	বন্ধ	4
করবেন	তখন	4
এনেমি	এর	4
কেন	এতে	4
ভাই	ওয়েট	4
টাকার	মতো	4
ফিক্স	ইট	4
এ	৫	4
গুলা	দেন	4
আপনার	পেমেন্ট	4
রিপোর্ট	খাবেন	4
করে	ফ্রি	4
দরকার	আমার	4
ট্রিক	দিয়েন	4
সার্চ	দিয়া	4
লাগবে	এফবি	4
এর	টাইম	4
ও	থ্যাংকস	4
মোবাইল	আর	4
টাইম	আর	4
সেল	দিবো	4
গুলা	বেশি	4
দিয়া	লগইন	4
হইসে	এই	4
মি	কি	4
কিভাবে	অথর	4
সব	আইডি	4
বাল	পোস্ট	4
রিকুয়েস্ট	করুন	4
কি	আগের	4
ভাই	সিওসি	4
এপিকে	টুল	4
টাকা	উইথড্র	4
উপকারী	পোস্ট	4
এটাই	আমার	4
অনেক	সার্চ	4
আসে	ফোন	4
এর	নেটওয়ার্ক	4
আমি	করেছি	4
ভালো	এর	4
আসে	শুধু	4
তাও	কাজ	4
ই	একটা	4
মানুষ	ই	4
হুম	আমার	4
এ	উল্লেখ	4
কি	ডিলিট	4
অন্য	একজন	4
আপলোড	করার	4
হইয়া	যায়	4
শেষ	করতে	4
করবে	নাহ	4
যাচ্ছে	নাহ	4
৪০০	টাকা	4
হ্যাক	করলে	4
থেকে	ডাইনলোড	4
তো	কালকে	4
অন্য	অ্যাপস	4
কী	আপনি	4
সে	সকল	4
প্লিজ	প্লিজপ্লিজ	4
দেয়	তখন	4
কেমনে	নিবো	4
দিয়ে	কীভাবে	4
এ	বিস্তারিত	4
থ্যাংকস	ওয়ার্কিং	4
এডমিন	প্যানেল	4
আগে	গুগল	4
আমি	১০০	4
মেনু	তে	4
ওয়াও	ভাই	4
বন্ধ	আছে	4
কেউ	ভালো	4
ব্রাউজার	দিয়া	4
বললে	খুশি	4
৩০	দিনের	4
হয়ে	পোস্ট	4
গুলো	ট্রাই	4
থেকে	করে	4
দিয়ে	করছেন	4
টা	ফলো	4
না	করবো	4
এটা	কী	4
তো	আগে	4
স্ক্রিন	সাইজ	4
হেল্প	নিতে	4
থাকে	আমি	4
বলার	পর	4
মধ্যে	প্রায়	4
দিচ্ছি	আপনি	4
এর	অরিজিনাল	4
থেকে	নামালে	4
গো	এহেড	4
দিয়ে	এখানে	4
লাইক	দিয়েন	4
প্রব্লেম	হইলে	4
ট্রাই	এ	4
তাইলে	আপনার	4
এ	রিপ্লাই	4
করছি	ভালোই	4
পড়ার	জন্য	4
কনফিগ	বানাতে	4
তে	এড	4
অ্যাক্টিভ	করতে	4
সিম	এই	4
নাম	থেকে	4
এর	এড	4
এর	কী	4
অ্যান্ড	ফোন	4
ফর	গুড	4
হ্যাক	আর	4
সাজেস্ট	করতে	4
মিনিমাম	কত	4
কম	ইউজ	4
এর	সুবিধা	4
টাকা	ও	4
আমি	রিভিউ	4
পেইজ	এ	4
আপনি	ইউজ	4
পোস্ট	করসো	4
ই	চলবে	4
আই	লাইক	4
কোনো	কার্ড	4
একটা	চোর	4
মতো	কমেন্ট	4
ক্লিক	এই	4
থেকে	গুগল	4
সব	মুভি	4
এর	প্রো	4
দেখেন	পোস্ট	4
এবং	এ	4
না	তুমি	4
টাকা	কাজ	4
কোড	ভুল	4
এতো	ভালো	4
তে	কেমনে	4
কেনো	আমার	4
শুরু	হলে	4
ই	যদি	4
আমাকে	অথোর	4
কবে	হবে	4
অ্যাপ্স	টা	4
আগে	করছি	4
তে	অল	4
খেলা	দেখা	4
এ	ভিপিএন	4
এড	আসে	4
আসে	এইটা	4
একই	রকম	4
পাবলিশড	করে	4
এ	দেন	4
থাকে	তাইলে	4
দিতাম	বাট	4
অ্যাপস	তো	4
সেটিং	চেঞ্জ	4
করে	রিপ্লাই	4
করে	রেখে	4
তারপর	আর	4
আমি	সিম	4
পোর্ট	ফরওয়ার্ডিং	4
টাকা	রাখা	4
পয়েন্ট	দিয়ে	4
তে	কোন	4
দিয়েই	ট্রাই	4
হোয়াট	এ	4
নিউ	ভাবে	4
যাবে	কিভাবে	4
এর	মেইন	4
ক্লেইম	এ	4
বিজি	আছি	4
আপনি	তাহলে	4
এ	ওপেন	4
পাইনা	কেন	4
কিছু	ইউজ	4
দিসে	নাকি	4
অপশন	পাবেন	4
দের	পোস্ট	4
ঠিক	বাট	4
সত্যি	ভাই	4
যায়	অ্যান্ড	4
কী	পোস্ট	4
আপনি	সবার	4
স্প্যাম	করবেন	4
এ	হয়তো	4
এটা	অনলি	4
প্রবলেম	না	4
পোস্ট	কত	4
থাকলে	চলে	4
এমনি	এ	4
বিবেচনা	করে	4
চেষ্টা	করলে	4
আপনি	এখনো	4
আপনি	বুঝেন	4
হল	একটি	4
নাই	অন্য	4
আর	কী	4
রোম	ডাউনলোড	4
পাওয়া	যেত	4
কমেন্ট	পড়ে	4
না	জিপি	4
ইন্টারনেট	এ	4
না	আমিও	4
এ	নাম্বার	4
৬	জিবি	4
করেন	ইউজার	4
এ	ব্যালেন্স	4
ওই	টাকা	4
এর	বাট	4
সিলেক্ট	করলে	4
ভাই	এইটার	4
আছে	ফ্রি	4
এ	নাম	4
আই	নিড	4
এন্ড্রয়েড	ফোন	4
ও	আমি	4
ধীরে	ধীরে	4
দিয়ে	পিক	4
আমাকে	বলেন	4
থেকে	আগে	4
টা	সেই	4
দিয়ে	বের	4
আল্লাহ	জানে	4
ঠিক	জানি	4
টা	বলবেন	4
এর	বেস্ট	4
সাইট	কিভাবে	4
ভিপিএন	গুলো	4
ভাই	কী	4
ওয়ালেট	থেকে	4
স্ট্যাটাস	বার	4
করানোর	জন্য	4
এর	হিন্দি	4
করছি	এই	4
এর	এমটিকে	4
স্ক্রিনশট	নিতে	4
ব্লুটুথ	দিয়ে	4
সাইট	ইউজ	4
দে	না	4
জানতে	হবে	4
ফুল	এইচডি	4
করে	রাখবেন	4
এতো	বেশি	4
কপি	করছি	4
যে	করে	4
সে	অবশ্যই	4
সময়	দেখায়	4
বাধ্য	হয়	4
আনইনস্টল	করার	4
দেয়ার	ট্রাই	4
সেকেন্ড	এর	4
পাবো	তো	4
দিয়ে	হবেনা	4
চলে	কিনা	4
কি	বুঝলাম	4
কিনলে	কি	4
করতেই	হবে	4
স্পিড	তো	4
ওই	মেয়ে	4
মেয়ে	তুমি	4
নাকি	৭	4
টা	একবার	4
করে	পারলাম	4
ফুল	ব্ল্যাংক	4
প্রথম	এই	4
না	কোড	4
হবে	এইটা	4
মানে	এই	4
এ	রিভিউ	4
করলে	ইনভ্যালিড	4
কাজ	করলেই	4
ব্যবস্থা	করেন	4
স্ক্রিপ্ট	ডাউনলোড	4
এটা	কেনো	4
কোন	ফোন	4
যদি	ভিডিও	4
এ	ফেসবুক	4
জ্বী	ভাই	4
এন্ড	থ্যাংকস	4
আজকে	আবার	4
করতে	মিনিমাম	4
লিখলেন	না	4
হ	ভাই	4
গুগল	অ্যাডসেন্স	4
আপনাদের	সাথে	4
প্রুফ	দিতে	4
এ	হয়না	4
দিয়া	আমার	4
নো	মার্সি	4
তে	যোগাযোগ	4
ফুল	স্ক্রিন	4
হচ্ছেনা	কেন	4
অ্যাপ	আনইনস্টল	4
সার্ভার	হ্যাক	4
রিপ্লাই	দিন	4
করলাম	কোনো	4
পোস্ট	টাও	4
ইউজার	আমি	4
দেয়া	হইসে	4
থেকে	এসএস	4
তার	আইডি	4
মানায়	না	4
ঠিক	নেই	4
ভ্যাট	সহ	4
ইচ্ছা	মত	4
দিছি	সেটা	4
টরেন্ট	সাইট	4
হয়না	কি	4
করছেন	ভাই	4
পারেন	আপনি	4
রে	অনেক	4
করে	পেমেন্ট	4
আমার	আগেই	4
ইউজ	করেই	4
খুব	দ্রুত	4
মিনিট	কি	4
যদি	চলে	4
ভাবে	একটু	4
কথা	আসে	4
এখন	ই	4
আগে	ই	4
কিছু	ফোন	4
প্রব্লেম	নেই	4
দেন	এবং	4
আর	দেখুন	4
শট	এ	4
চ্যানেল	না	4
তা	কিন্তু	4
থেকে	২	4
প্রো	ডাউনলোড	4
টার	লিঙ্ক	4
এইচটিটিপি	ইঞ্জেক্টর	4
স্পিড	একটু	4
সিম	দিয়া	4
ওটা	কি	4
পাই	কি	4
নেট	বন্ধ	4
একটু	প্রবলেম	4
করে	এমবি	4
এর	মিল	4
হবে	আপনাকে	4
একটা	অথর	4
মিনিট	ফ্রি	4
ব্রাউজার	আছে	4
ভাইয়া	খুব	4
লিখুন	আর	4
অথর	হবো	4
জয়েন	হয়ে	4
সোহাগ	ভাই	4
২	মিনিট	4
রম	থাকলে	4
কাছে	না	4
থেকে	বিকাশে	4
ফোন	নাই	4
ইউজার	আপনার	4
আপনি	কই	4
১০০০	ক্রেডিট	4
করছে	তাই	4
বিটকইন	এড্রেস	4
সল্যুশন	আছে	4
ভালো	ফ্রি	4
লাগে	অন্য	4
বানানো	যাই	4
সময়	টাকা	4
দিন	হেল্প	4
তাই	বলেন	4
সো	এই	4
ম্যাসেজ	দিছি	4
আমাকে	টানার	4
যারা	এই	4
আপলোড	দিবেন	4
ই	এই	4
এডড	করে	4
ভাই	এতদিন	4
একটা	অফার	4
কমেন্ট	করবে	4
এখন	একদম	4
টা	পাবেন	4
সম্পর্কে	অনেক	4
তা	হলো	4
কইরা	দেন	4
রিয়াদ	ব্রো	4
অথর	হয়	4
নিয়ে	না	4
২	উইক	4
যারা	পোস্ট	4
ওই	রকম	4
এমবি	এ	4
করবেন	কেউ	4
থেকে	সংগ্রহ	4
মড	করে	4
দেয়	বাট	4
স্টোরে	থেকে	4
অসম	পোস্ট	4
প্রবেশ	করে	4
উচিত	ছিলো	4
ফোন	তার	4
কিছু	লাগে	4
গুলো	ঠিক	4
এরর	দেখাচ্ছে	4
হুম	যাবে	4
গুলো	একটু	4
যে	তার	4
করছি	কোনো	4
এর	প্রথম	4
যা	আসে	4
যে	সবাই	4
ইনশা	আল্লাহ	4
মেসেজ	দিলাম	4
যে	যাই	4
ভিপিএন	চলে	4
গুলো	ইনস্টল	4
এন্ড্রোইড	১০	4
বের	করুন	4
সিম	তুলতে	4
ট্রিকবিডি	কি	4
গেম	খেললে	4
এর	লাইন	4
ইউসি	হ্যান্ডলার	4
তে	একাউন্ট	4
ভালো	করেন	4
ভালো	ই	4
প্রব্লেম	হলো	4
গুলো	দেখা	4
প্লেয়ার	প্রো	4
চালু	হইছে	4
ট্রিক	নিয়ে	4
ইউজ	এ	4
থেকে	যায়	4
ওয়ার্ডপ্রেস	থিম	4
সেম	পোস্ট	4
ব্যাপার	এ	4
দিয়ে	১০০	4
যে	টা	4
প্রব্লেম	হয়ে	4
আমার	৩০	4
করতে	ইউজ	4
এপিকে	লিংক	4
করে	পোষ্ট	4
পারেন	নি	4
তোর	মতো	4
বাট	না	4
মিনিট	ওয়েট	4
টা	পিসি	4
নক	দিছি	4
এ	এক	4
এফবি	এ	4
তে	বেশি	4
চেক	করার	4
রম	তা	4
আমি	ভাই	4
এডসেন্স	এ	4
নিবে	নাকি	4
এর	এ	4
করসে	কিন্তু	4
যেখান	থেকে	4
আসে	ব্রো	4
বিশ্বের	সবচেয়ে	4
১	মান্ত	4
আগ	পর্যন্ত	4
আপনার	সমস্যা	4
টা	বুঝতে	4
অ্যাপ	দেন	4
থাকলে	আবার	4
জানলে	তো	4
বাট	ডিসকানেক্ট	4
থ্যাংকস	পাইসি	4
ভার্শন	এর	4
নিজের	নেম	4
আবার	ট্রিকবিডি	4
অ্যাপ	বানানো	4
১৯৭২	সালে	4
ঐ	টা	4
বাট	অ্যাপ	4
কি	সাপোর্ট	4
হার্ড	ব্রিক	4
নোটিফিকেশন	প্যানেল	4
কিসু	নাই	4
নিউ	কোনো	4
আমি	চালাই	4
উপর	থেকে	4
অনেক	পুরানো	4
বলে	এই	4
প্রসেসর	এ	4
যায়	সেই	4
ওইটা	কি	4
তে	করতে	4
আমি	বলসি	4
গেসে	প্লিজ	4
নাও	হতে	4
রম	ব্যাকআপ	4
তে	ফ্রি	4
পেন্ডিং	পোস্ট	4
দিয়েন	তো	4
১৩	টা	4
কাজ	হচ্ছেনা	4
আইডি	হারাবেন	4
করতে	বলেন	4
বন্ধ	করেন	4
দিন	বা	4
বেস্ট	হবে	4
আমরা	জানি	4
ইউটুব	চ্যানেল	4
এ	লেখা	4
এমবি	এই	4
রিকোয়েস্ট	পাঠাইসি	4
ব্লগ	সাইট	4
এন্ড্রোয়েড	এ	4
গ্র্যান্ড	প্রাইম	4
ছিল	অনেক	4
গেলো	না	4
করি	কাজ	4
আরো	একটি	4
টেকনো	স্পার্ক	4
টা	রিমুভ	4
জানলে	বলুন	4
কেওয়াইসি	ভেরিফাই	4
গুড	আইডিয়া	4
ভার্সন	থেকে	4
আ	লট	4
এন্ড্রোয়েড	এর	4
অপেক্ষায়	থাকলাম	4
দিতে	পারলেন	4
এ	পাসওয়ার্ড	4
থেকে	মুক্তি	4
অ্যাকাউন্ট	করা	4
নাম্বার	হলে	4
এর	সেট	4
করে	ওপেন	4
অ্যাড	শো	4
ভাল	স্পিড	4
এ	ব্লক	4
আমার	সিম্ফোনি	4
পাঠানো	যায়	4
টা	রিভিউ	4
অ্যাপস	বানাতে	4
পাশে	থাকবেন	4
ওল্ড	পোষ্ট	4
পোষ্ট	করবেন	4
আলোচনা	করে	4
পোষ্ট	করলে	4
হুম	অবশ্যই	4
এই	টাই	4
ভাই	পোষ্ট	4
ওপর	ভিত্তি	4
নতুন	ভাবে	4
পিক্সেল	লঞ্চার	4
করতে	কোনো	4
এইটা	ঠিক	4
ওই	পেজ	4
ক্রোম	এ	4
ভাল	পোষ্ট	4
এ	পাবো	4
এমএস	ভিপিএন	4
রম	ইউজ	4
মেনি	থ্যাঙ্কস	4
কি	ইউসি	4
তবে	তাদের	4
থেকে	নেয়া	4
যা	ছিল	4
নাইস	ভাইয়া	4
টিপস	শেয়ার	4
এর	উদ্দেশ্য	4
এখন	কিছু	4
ভালো	মোবাইল	4
একই	সাথে	4
ট্রিক	টি	4
হুম	তাও	4
এর	উপরের	4
থেকে	৬	4
পোস্ট	চালিয়ে	4
প্রিমিয়াম	এর	4
আশে	নাকি	4
হলে	উইথড্র	4
ভার্সন	আমি	4
ফোন	স্টোরেজ	4
আর	তেমন	4
কপি	এর	4
তবে	তারা	4
ভেভেভেভেভেভেভেভেভেভেভেভেভেভেভেভেভেভেভেভেভেভে	ভেভেভেভেভেভেভেভেভেভেভেভেভেভেভেভেভেভেভেভেভেভে	4
রিস্টোর	করবো	4
হয়	প্রথম	4
ডেবিট	কার্ড	4
একটু	দিতেন	4
এখানে	একটি	4
অরে	ভাই	4
২০১৩	সালে	4
হুম	থাঙ্কস	4
নেয়	এবং	4
অমুক	ব্রো	4
এড	করলে	4
উঠে	আসে	4
মন্তব্য	করেন	4
উচ্চ	মাধ্যমিক	4
এই	জেলার	4
ভূমিকায়	অবতীর্ণ	4
হন	তিনি	4
হিট	হয়	4
কেন্দ্রীয়	নেতৃত্বপ্রদানকারী	4
নামকরণ	করেন	4
প্রতিনিধিত্ব	করে	4
বাস	করে	4
তার	বিরুদ্ধে	4
ও	পরে	4
রোমান	ক্যাথলিক	4
জাতীয়	সংসদের	4
পিতার	নাম	4
প্রথম	ভারতীয়	4
নারীকে	ধর্ষণ	4
পরিচিত	হন	4
গ্রামে	জন্মগ্রহণ	4
হয়ে	পড়ে	4
১৯৯৬	সালে	4
উপজেলার	একটি	4
একটি	ইউনিয়ন	4
বিবেচিত	হয়	4
এর	ফলে	4
পুরস্কার	অর্জন	4
সৃষ্টি	করেন	4
রচনা	করেন	4
বাংলাদেশের	স্বাধীনতা	4
স্বাধীনতা	যুদ্ধের	4
উন্নীত	করা	4
মেডিকেল	কলেজ	4
একটি	বেসরকারি	4
তিনি	তাঁর	4
এবং	তাঁর	4
পাকিস্তানি	সেনারা	4
আহত	হয়	4
করে	তুলে	4
চলে	আসেন	4
করা	একটি	4
খেলায়	তিনি	4
১৯৯৮	সালে	4
লক্ষ্য	করা	4
করার	মাধ্যমে	4
১১	ডিসেম্বর	4
ইউনিভার্সিটি	অফ	4
ধারণা	করা	4
সারে	দলের	4
দলের	প্রতিনিধিত্ব	4
১৯৮৩	সালে	4
মায়ানমার	সরকার	4
সরকার	কর্তৃক	4
করে	একটি	4
১৯৪৫	সালে	4
শিক্ষা	প্রতিষ্ঠান	4
একটি	ভারতীয়	4
সঙ্গে	যুক্ত	4
১৯৮৯	সালে	4
ওয়েস্ট	ইন্ডিজ	4
সক্ষম	হন	4
গণ্য	করা	4
সফর	করেন	4
ফখর	উদ্দিন	4
উদ্দিন	আহমেদ	4
নিউ	ইয়র্কের	4
বাংলাদেশের	চট্টগ্রাম	4
রাজধানী	ছিল	4
সমাপ্তি	ঘটে	4
নামেও	পরিচিত	4
অর্জন	করে	4
সদর	উপজেলা	4
নির্মাণের	জন্য	4
পরবর্তীতে	তিনি	4
জনপ্রিয়তা	লাভ	4
সাথে	যৌথভাবে	4
২০০১	সালে	4
একটি	নদী	4
সকল	প্রকার	4
মধ্যে	তিনি	4
১৯৭০	সালের	4
পরের	বছর	4
খেলোয়াড়	হিসেবে	4
শিক্ষক	হিসেবে	4
বাধ্য	হন	4
বিভিন্ন	স্থানে	4
চলচ্চিত্রে	অভিনয়	4
২০০৮	সালের	4
জন্য	তাকে	4
আখ্যায়িত	করা	4
পশ্চিমবঙ্গ	রাজ্যের	4
শান্তি	ও	4
একটি	মূল	4
বছর	বয়সী	4
সুযোগ	পান	4
নামক	স্থানে	4
স্থাপন	করেন	4
এবং	অনেক	4
হিসেবে	দায়িত্ব	4
নেতৃত্ব	দেন	4
গঠন	করে	4
যেতে	থাকে	4
করেন	যেখানে	4
একই	বছর	4
১৯৬৪	সালে	4
অংশ	নিয়েছেন	4
সালে	তার	4
হিসেবে	তিনি	4
রোম্যান্স	উপন্যাস	4
গায়ে	হলুদের	4
২০০০	সালে	4
দিয়ে	প্রবাহিত	4
দক্ষিণ	আফ্রিকার	4
নির্দেশ	করে	4
মৃত্যুবরণ	করেন	4
ত্যাগ	করে	4
ন্যাশনাল	জিওগ্রাফিক	4
বিশ্ববিদ্যালয়	থেকে	4
ভারতীয়	চলচ্চিত্র	4
অধ্যয়ন	করেন	4
পুরস্কারের	মনোনয়ন	4
মনোনয়ন	লাভ	4
ভর্তি	হন	4
নারী	ও	4
জয়লাভ	করে	4
এদেরকে	প্রধানত	4
এবং	এরপর	4
ব্যবহৃত	দ্রব্য	4
হিসেবে	গণ্য	4
সৃষ্টি	করে	4
অংশ	নিয়ে	4
এই	দ্বীপে	4
একটি	জাতীয়	4
পাওয়া	গিয়েছে	4
অব	দ্য	4
স্ক্রিন	অ্যাক্টরস	4
অ্যাক্টরস	গিল্ড	4
না	এবং	4
উল্লেখ	করেছেন	4
শহর	ও	4
ছিলেন	এবং	4
করা	হত	4
বৎসর	পূর্ণ	4
এই	কলেজে	4
উইকেট	দখল	4
একটি	প্রাচীন	4
এবং	এক	4
২০০০	সালের	4
হিসেবে	কর্মরত	4
হিসাবে	তিনি	4
তুলে	ধরে	4
এবং	সেই	4
উচ্চ	বিদ্যালয়	4
প্রভাব	বিস্তার	4
রাজশাহী	বিশ্ববিদ্যালয়ের	4
যার	মধ্যে	4
বিনিময়	ভারসাম্য	4
হন	ও	4
ও	দুই	4
তাদের	প্রতি	4
২ন্ড	লাইন	4
ভাই	শিমের	4
আমারা	সবাই	4
স্বামীরে	অভিযোগ	4
চাওয়া	চাওয়ার	4
ফেলা	নিশেধ	4
মা	ছিলনা	4
আবার	কাজ	3
সাইট	গুলো	3
কার্ড	তো	3
হবে	সেই	3
তবে	পোস্ট	3
সব	আপডেট	3
আপডেট	পাবেন	3
শেষ	হলেই	3
পোস্ট	দিবে	3
ব্র	একটু	3
টাইপ	নিয়ে	3
দিয়ে	এসএমএস	3
নাম্বার	ইউজ	3
হয়তো	কোন	3
লাভ	টা	3
ক্লান	এ	3
বাটন	দিয়ে	3
এর	চে	3
থ্যাংকস	বস	3
একদম	নতুন	3
করে	বলেন	3
ফিরিয়ে	দিন	3
লিনাক্স	এ	3
ফ্লেক্সিলোড	এর	3
ব্যান	খাবেন	3
তে	ইউজার	3
গেলে	ফাইল	3
এক	এ	3
পারি	এখন	3
পারবেন	ফর	3
ফর	সিম্ফনি	3
ফরম্যাট	এ	3
গেম	অনেক	3
মিক্স	করে	3
টাইপ	হচ্ছে	3
ভাবে	সম্ভব	3
কি	টোয়ারপ	3
কোথাও	ভুল	3
তা	দিলে	3
জন্য	দিছি	3
কনফিগ	আছে	3
দিতে	পারিনা	3
সরাসরি	কোন	3
অনলি	১	3
আমার	ইনকাম	3
মানে	নবীজির	3
গিয়েছিল	যেখানে	3
করা	উচিৎ	3
এক	মত	3
ছিল	তার	3
টাকা	পাবে	3
কিন্তু	হয়	3
কে	টা	3
এখন	নতুন	3
নাকি	টাইম	3
এই	কোন	3
পয়েন্ট	আরন	3
খবর	আসে	3
সেল	দেওয়ার	3
মনে	থাকবে	3
ফুল	কোড	3
জাস্ট	আপনার	3
আবার	ভালো	3
২	টাকায়	3
তাইলে	আমি	3
করবেন	যাতে	3
লাগলে	অথর	3
গ্রাভিটি	বক্স	3
অ্যাপ্লাই	করা	3
আমি	তাই	3
জীবনেও	পাবো	3
হ্যান্ডেলার	দিয়ে	3
ভিডিও	নামানো	3
একটু	বুঝায়	3
সব	মিলে	3
এইটা	শেয়ার	3
কোন	বাংলা	3
আপনার	ব্লগার	3
থেকে	পেইড	3
ভাইয়ার	সাথে	3
বেস্ট	কোনটা	3
কোনটা	হবে	3
পয়েন্ট	লাগে	3
কথা	বলতেছেন	3
কিনলে	ভালো	3
হ্যালো	ব্র	3
বাইপাস	হবে	3
টেকটিউন্স	এর	3
করি	সামনে	3
ভালো	একটি	3
ইউকে	নাম্বার	3
২	আর	3
আমার	থ্যাংকস	3
আপনার	হোয়াটসঅ্যাপ	3
বলছিলাম	কিন্তু	3
কিবোর্ড	এর	3
কথা	কেউ	3
আমার	লাইফ	3
শুধু	ভিডিও	3
একটু	ডিটেলস	3
অফ	আছে	3
কম	পয়েন্ট	3
হয়	করবো	3
এমবি	তে	3
করুন	এবং	3
থাকবে	আর	3
থ্যাংকস	ডিয়ার	3
ভাইয়া	বাট	3
এইগুলা	দিয়ে	3
আমি	যেভাবে	3
চেয়ে	কানা	3
কানা	মামা	3
ওপেন	করেন	3
এবং	৬	3
পোস্ট	গুড	3
কি	লাভা	3
টার	দিকে	3
পারতেসে	না	3
নোকিয়া	২৭০০	3
পোলা	তোর	3
কথা	কোন	3
তোর	মুখে	3
ভাইয়া	এগুলো	3
মোবাইল	ব্যাংক	3
হলেও	ভালো	3
কালার	করা	3
চেস্টা	করে	3
হ্যাক	করলাম	3
এ	অল	3
অল	টাইপ	3
পারলে	না	3
মোডেড	ভার্সন	3
করলে	৫	3
ক্লিয়ার	দেখা	3
এখানে	কাজ	3
এ	কতো	3
হয়	টা	3
টা	দেখা	3
দেখা	যাই	3
দিয়েন	আমি	3
ছাড়া	ও	3
কিভাবে	কালার	3
কালার	করে	3
করে	রাখলাম	3
পরে	ডাউনলোড	3
৬টা	পোস্ট	3
একটু	রিভিউ	3
ঘন্টা	পর	3
দিব	কেমনে	3
নিউ	ফিচার	3
পোস্ট	শেষ	3
কেন	এমন	3
এমন	মনে	3
কেয়ার	থেকে	3
তো	ডাটা	3
এ	প্লে	3
থাকলে	ট্রাই	3
ডিটেইলস	পোস্ট	3
আগে	পাইছিলাম	3
স্যামসাঙ	আছে	3
আছে	নেক্সট	3
নেক্সট	২	3
সাইজ	বেশি	3
ড্রপ	করে	3
ইউটিউবে	সার্চ	3
তখন	ফোন	3
অর্ডার	করবো	3
আউট	অফ	3
ব্যাংক	ডাকাতি	3
৪৯	এমবি	3
ধন্যবাদ	কমেন্ট	3
সেন্সর	নাই	3
বেশ	ভালো	3
এখন	১০	3
অ্যাপ্লাই	করতে	3
অফলাইন	হয়	3
করলে	সাইট	3
অ্যান্ড	পোস্ট	3
রেজাল্ট	কবে	3
দিব	আর	3
দিব	নাকি	3
জন্য	বাট	3
ফুল	কাজ	3
না	ললিপপ	3
হবো	কেমনে	3
এ	ঢুকলাম	3
না	অ্যাপ	3
এক্সাম	এ	3
এ	রেখে	3
ভুত	এফএম	3
কয়েনবেস	ওয়ালেট	3
আপগ্রেড	করবো	3
অ্যাপ	দিতে	3
সবার	অনেক	3
দিয়ে	সবার	3
বিএল	সিম	3
যাতে	সবাই	3
ললিপপ	বাট	3
ওয়েব	পেজ	3
টিউন	করেন	3
তাহলে	আমাদের	3
টিউনার	এর	3
আছে	সো	3
কি	ইউস	3
হলো	ইউজ	3
লাগতো	না	3
কোয়াড	কোর	3
কিছু	আশা	3
চলে	থ্যাংকস	3
জানি	ব্র	3
এফবি	কম	3
কিটক্যাট	ভার্সন	3
ইউছি	মিনি	3
যদি	ডাটা	3
বাট	কি	3
কেন	ফাইল	3
এর	গুগল	3
কাজ	আমার	3
আপনি	বলসেন	3
ওল্ড	ফোন	3
একটু	স্লো	3
হবে	কিছু	3
অন্য	সব	3
এই	বছর	3
অ্যাপ	অ্যান্ড্রয়েড	3
বাট	লিংক	3
গুলার	লিংক	3
রিচার্জ	হয়	3
শুধু	এর	3
ব্র	আপনাকে	3
ওর	এফবি	3
পাইসেন	ভাই	3
রিমুভ	করলে	3
ফেইল	দেখায়	3
ভাইয়া	লাভা	3
৫০৫	কাস্টম	3
কোড	দিতে	3
আমাক	একটা	3
ভাই	এডিট	3
৪০০	এমবি	3
তো	ইজি	3
গুলো	খুব	3
কিছু	হইলো	3
অ্যাডস	রিমুভ	3
করবো	সেটার	3
সলিউশন	দিন	3
সাইট	কোনটা	3
খেলতে	হবে	3
এর	আন্সার	3
ভাই	তাই	3
যাবে	গুগল	3
করে	ইন্সটল	3
করে	ফেলুন	3
অফার	না	3
টা	হারিয়ে	3
ফেলছি	এখন	3
এখন	ওটা	3
সাথে	কনটাক্ট	3
তে	নাকি	3
কিভাবে	অ্যাপ	3
এবং	কি	3
পাবো	সেটা	3
সাথে	না	3
নাম	অ্যান্ড	3
ওর	ফেসবুক	3
শুরু	করছে	3
তাহলে	লিংক	3
আবার	পাসওয়ার্ড	3
মুভি	পাওয়া	3
অথর	বানানো	3
পোস্ট	অনুযায়ী	3
লাইক	এর	3
কেন	অন্য	3
হয়তো	আগে	3
যদি	পারি	3
অ্যাপ	ভাই	3
সব	ইন্সটল	3
এর	শুরুতে	3
সব	গুলার	3
মুভির	লিংক	3
ভাই	রিপোর্ট	3
না	বাকি	3
পে	তে	3
ব্র	তুমি	3
কন্ট্রিবিউটর	হইলে	3
হ্লেপ	লাগবে	3
ভাই	লাস্ট	3
রাউন্ড	এ	3
মা	এর	3
এমবি	লস	3
এ	আপনাকে	3
বলে	এটা	3
এই	ভিডিও	3
করা	হয়ছে	3
বাট	কবে	3
টাকার	মেয়াদ	3
ট্রিক	কি	3
তাও	যদি	3
তাহলে	এপিকে	3
লাগছে	পোস্ট	3
ক্লোন	দিয়ে	3
না	এপিকে	3
একটা	জিপ	3
বাট	জিপ	3
এনজয়	ব্রো	3
দেখি	এটা	3
না	রেখে	3
আবার	ওপেন	3
লেআউট	এ	3
আপনার	আপনার	3
খানে	ক্লিক	3
লিংক	সহ	3
কেউ	আমারে	3
আমার	টাইম	3
জন্য	ডাউনলোড	3
আপনি	আগে	3
আগে	বুঝেন	3
দেন	কমেন্ট	3
রেপ্লাই	দেন	3
সিম্বিয়ান	এ	3
সেখানে	তো	3
হল	কিভাবে	3
ডিফল্ট	ফন্ট	3
করছেন	আমি	3
দিয়ে	ব্রাউজ	3
ভাইয়া	পেপাল	3
টাকা	অনেক	3
কেমনে	দিলেন	3
পারবো	বাট	3
আমি	৭	3
বাট	হয়তো	3
আসবে	তাই	3
কোন	ইমেইল	3
কেউ	পারেন	3
আপনারা	যদি	3
ট্রিকবিডি	রুল	3
অথর	পদ	3
মাই	সাইট	3
নিয়া	যায়	3
যায়	তা	3
ট্রিক	দিলে	3
লেটেস্ট	অল	3
ডাবলুপিএস	এনাবেল	3
ইজি	বাট	3
আমার	কম্পিউটার	3
ক্ষতি	না	3
ও	চেঞ্জ	3
আইডি	খুলেন	3
চাই	এটা	3
থাকলে	তাহলে	3
টা	নিতে	3
খরচ	হবে	3
কিভাবে	বলবেন	3
ভাইয়া	জিমেইল	3
ইন্টারনেট	স্পীড	3
ফোন	ছাড়া	3
কিভাবে	আপলোড	3
বেশি	করতে	3
বাট	কেন	3
শুধু	কমেন্ট	3
বানানোর	একটা	3
এসএমএস	করেন	3
লিংক	দিব	3
ভাই	ডাইরেক্ট	3
পোস্ট	কই	3
থ্যাংকস	সুন্দর	3
অ্যাপস	লিংক	3
হেল্প	লাগে	3
অনেক	জোস	3
মিথ্যা	না	3
আপনার	হয়	3
নাম	মডেল	3
বাট	ব্র	3
প্রাইভেসি	এর	3
বেশি	তাই	3
হয়ে	সাইট	3
কিভাবে	সেই	3
আমার	গুগল	3
সার্ভিস	আপডেট	3
ব্রাউজার	থেকে	3
নিড	টু	3
বসে	না	3
প্রিমিয়াম	টা	3
টা	এ	3
জন্য	এফবি	3
নষ্ট	হল	3
দেখছি	বাট	3
আপনি	পেমেন্ট	3
পেমেন্ট	পেয়ে	3
উইথ	মি	3
দিয়ে	আমাকে	3
আমাকে	ম্যাসেজ	3
দেন	প্রবলেম	3
ডাউনলোড	হচ্ছেনা	3
ইটস	ওয়ারকিং	3
এপিকে	আছে	3
আমি	এস	3
থিম	তো	3
পেজ	এসএমএস	3
এসএমএস	করুন	3
করুন	এসশট	3
করে	পাবেন	3
না	পুরা	3
মিশন	খেলতে	3
৪	টাকায়	3
টাকায়	৫১২	3
এমবি	অফার	3
ডাউনলোড	ও	3
আমার	ভার্সন	3
সহজ	ভাবে	3
ভাবে	হয়	3
আব্বুর	এনআইডি	3
দিল	না	3
এত্ত	দিন	3
এক্সাম	চলতেছে	3
কি	পাইছেন	3
আপনার	মতামত	3
হ্লেপ	আমার	3
এখন	ফোন	3
রিকোভারি	মোড	3
বলে	এখন	3
করার	তো	3
এর	দিক	3
কি	মেসেঞ্জার	3
চলে	আমি	3
করবে	তার	3
সেটা	বলে	3
কাজ	হয়ছে	3
নো	টা	3
করেন	সব	3
আমি	স্প্যাম	3
করে	ফেলছেন	3
এসশট	দিতে	3
হুমম	ভালো	3
আইডি	অ্যাক্টিভ	3
অ্যাক্টিভ	করা	3
দিন	এফবি	3
জানলে	ভালো	3
মোড	না	3
সেটা	আপনি	3
আপনি	পারলে	3
পারলে	তো	3
এরকম	কমেন্ট	3
বেশি	সুবিধা	3
সুবিধা	পাওয়া	3
ভাগ	মানুষ	3
এসব	কাজ	3
পর্যন্ত	অপেক্ষা	3
পেন্ডিং	আসে	3
প্রজেক্ট	এর	3
টা	কিসের	3
বলে	দিছে	3
এর	স্ক্রীনশট	3
স্ক্রীনশট	দিলে	3
পোস্ট	সম্পূর্ণ	3
হোক	পোস্ট	3
এর	অ্যাপস	3
দের	কে	3
রেফার	হবে	3
নাম	ভেরিফাই	3
যদি	সেটা	3
সেটা	শেয়ার	3
সেটার	নাম	3
করার	ধান্দা	3
পিক	গুলাতে	3
গুলাতে	ক্লিক	3
করলে	পিক	3
সাথে	করে	3
তাই	ফ্রী	3
নাকি	এমবি	3
নেক্সট	ট্রাই	3
প্লিজ	আমাদের	3
আমাদের	গ্রুপে	3
কিভাবে	বুঝব	3
যদি	খারাপ	3
সার্চ	করবো	3
করবো	একটা	3
দেন	উইথআউট	3
ভালো	নাকি	3
জিটিএ	সান	3
তাদের	সব	3
অ্যান্ড	এই	3
পারলে	ভিডিও	3
বট	টা	3
কয়েক	সেকেন্ড	3
রকম	কোন	3
করলে	১০০০	3
আবার	টাকা	3
আমি	পল্লী	3
বাল	ছাল	3
একটা	হ্লেপ	3
দের	কাছে	3
শোটাইমবিডি	এফটিপি	3
রুট	আর	3
যা	কাজ	3
সাউন্ড	কোয়ালিটি	3
আলাদা	জিনিস	3
সাইট	আমার	3
দিব	ইনশাআল্লাহ	3
আইডি	ব্যানড	3
আপনার	টার	3
চাইতে	অনেক	3
ঐ	অ্যাপ	3
স্টোরেজ	এর	3
দিয়ে	কেনা	3
কেনা	লাগবে	3
তাহলে	পাবেন	3
কিছু	যায়	3
করে	গেম	3
তাই	থ্যাংকস	3
পরবর্তী	তে	3
বাট	থিম	3
হতে	অনেক	3
পি৬	এ	3
আসতেছে	সব	3
হ্লেপ	করেন	3
কিভাবে	পিছি	3
কেবি	এর	3
১২	দিন	3
রিচার্জ	ও	3
বাট	পেলাম	3
সব	গুলাতে	3
এ	আসো	3
দেন	কিছু	3
কেমনে	ইউস	3
থাম্বনেইল	এর	3
এর	কনটেন্ট	3
গরুর	গাড়ি	3
পেজ	লোড	3
দিলে	এ	3
দেখতে	চায়	3
ভালোবাসা	রইলো	3
টাই	সব	3
সব	ওকে	3
সরি	এই	3
ফ্রী	ডাউনলোড	3
অ্যাকাউন্ট	লাগে	3
করতে	অ্যাকাউন্ট	3
আই	ওয়ান্ট	3
ফোন	নাকি	3
এফবি	চালানো	3
ইয়ার	আগেও	3
নিসিলাম	বাট	3
নিয়ে	রিভিউ	3
রিভিউ	দেওয়ার	3
কোন	মানেই	3
শুটিং	গেম	3
তে	রিকোয়েস্ট	3
কিন্তু	পারছিনা	3
অনেক	অভিজ্ঞতা	3
এটার	মাধ্যমে	3
বানাতে	পারবো	3
এ	অ্যাপস	3
অ্যাপস	টার	3
না	বুঝেন	3
ট্রিকবিডি	তেমন	3
হটস্পট	দিয়ে	3
যার	কারনে	3
আমি	পাগল	3
এর	আপনি	3
ফুল	ডিটেইলস	3
অ্যান্ড্রয়েড	নাকি	3
পাগল	না	3
সবার	কাছেই	3
রোম	আর	3
করলে	যদি	3
পরে	তাইলে	3
কালার	করবো	3
এর	লাস্ট	3
রুলস	মেনে	3
ভালো	ভিডিও	3
আমাকে	দিয়েন	3
নাকি	নেট	3
অ্যাপ	বানাবো	3
বানাবো	কি	3
ট্রিক	পোস্ট	3
গিটহাব	অ্যাকাউন্ট	3
প্রায়	সবাই	3
ছোটবেলা	থেকেই	3
আর	রিভিউ	3
মানসিকতা	নষ্ট	3
ভিকটিম	এর	3
রিস্ক	আছে	3
তবে	ভালো	3
টা	খুঁজে	3
জাস্ট	একটু	3
একটু	কস্ট	3
তো	আমাদের	3
আমায়	টিউনার	3
স্টপ	লেখা	3
বলেন	খুব	3
রেডমি	৪	3
একটা	এসএস	3
করবে	মানে	3
আমার	ডাউনলোড	3
সিম্বিয়ান	এর	3
নিজের	ইচ্ছায়	3
সত্যি	আপনি	3
মিনিট	আর	3
যায়	ঐ	3
অফিসিয়াল	অ্যাপ	3
কিছুই	চলে	3
আসছে	এখন	3
এখন	কই	3
অনেক	নিউ	3
নিউ	ইউসার	3
ইউসার	এর	3
আবার	একটু	3
কত	৳	3
বাগস	একটু	3
নেট	নিয়ে	3
এখন	গেম	3
আপনাকে	ফলো	3
সামনেও	করে	3
ভাই	লাভা	3
৫	হবে	3
পারমিশন	দেওয়া	3
বাংলালিংক	ফ্রি	3
ভাই	ইউছি	3
বড়	ক্ষতি	3
পোস্ট	পরেন	3
টা	ভিডিও	3
কাছে	সেল	3
জানি	তবে	3
করে	লিখার	3
তে	নাই	3
আসে	যারা	3
ভাই	কাইন্ডলি	3
নাকি	থাকলে	3
তাইলে	আর	3
কোন	বিকল্প	3
কর	নাই	3
বের	কর	3
টায়	না	3
পারি	এ	3
পর	অ্যাকাউন্ট	3
আছে	এরকম	3
এরকম	ভাবে	3
খুলে	পেমেন্ট	3
রোম	দিন	3
পুরাই	ফালতু	3
বলবেন	কেউ	3
স্প্যাম	স্প্যাম	3
দেখি	ট্রাই	3
এমন	তো	3
কথা	নাই	3
ওর	আইডি	3
ওটিজি	সাপোর্টেড	3
কয়েন	বেস	3
আজ	আমার	3
অন	হচ্ছে	3
না	এমনকি	3
রিসিভ	করার	3
সাথে	যোগ	3
এ	টাচ	3
একটা	অ্যান্ড্রয়েড	3
অপশনস	এ	3
ভাই	ইমেইল	3
ভিক্টিম	এর	3
তে	যেটা	3
আইডি	চেঞ্জার	3
পিক	তুলে	3
সেটিং	করবো	3
মানুষ	আছে	3
নিজে	করছি	3
গুড	অন	3
একটি	দেশের	3
ভেরিফাইড	করতে	3
টি	তো	3
ভাই	২৪	3
কয়	জিবি	3
নিয়ে	দিতে	3
কমান্ড	গুলা	3
এসএমএস	করে	3
হল	এ	3
কাল	পেয়ে	3
আমি	অ্যাকাউন্ট	3
কিন্তু	হচ্ছে	3
জাস্ট	ওয়েট	3
১০০০	হাজার	3
টাকা	কামান	3
আবার	অনেক	3
দিন	একটু	3
ভাগ	এ	3
ডিস্টার্ব	করে	3
আমার	বেশি	3
আমি	ডেইলি	3
অ্যাকাউন্ট	ব্লক	3
এখন	অ্যাপ	3
তে	নিতে	3
আপনার	টাইটেল	3
ভুল	হয়ছে	3
আওয়ার	কাজ	3
আপনে	কি	3
এর	জিমেইল	3
ডোমেইন	এ	3
রেফার	ইউস	3
তাও	আমার	3
পারেন	তবে	3
ইউছি	হ্যান্ডলার	3
একবার	টিউনার	3
ফেইলড	দেখায়	3
আপনার	এইটা	3
টা	চালাতে	3
সাইট	ফুল	3
অনেক	ডাউনলোড	3
দিয়ে	গেম	3
পোস্ট	হট	3
বিল্ট	ইন	3
আপনার	টাকা	3
আসে	ওইটা	3
পাবলিশ	করলে	3
আমার	লাভ	3
থাকুন	ভাই	3
২৫০	টাকা	3
থ্যাংকস	অ্যা	3
অ্যা	লট	3
পর	ডাটা	3
ভাই	ইন্সটল	3
আমিও	আপনার	3
নিবেন	তখন	3
নিজের	নাম্বার	3
নাম্বার	টি	3
আমি	রোম	3
তাহলে	এ	3
আরেকটা	ট্রিক	3
ট্রিক	হলো	3
হয়ে	যাওয়ার	3
আবার	কানেক্ট	3
বলে	নাই	3
না	লেখা	3
না	এটি	3
আপনি	একটি	3
তে	এইটা	3
আসে	দেখে	3
বাট	লগ	3
করে	লাগবে	3
স্কাইভিপিএন	এর	3
আবার	এমবি	3
লাগবে	কানেক্ট	3
এমবি	কোথায়	3
উপকার	হতে	3
দূর	মিয়া	3
মজা	করেন	3
এনি	প্রবলেম	3
না	টাইম	3
যার	ফোন	3
ভিপিএন	চলবে	3
শুধু	যারা	3
টা	নেক্সট	3
হেল্প	এ	3
টা	এখনো	3
ইউ	২	3
চাই	পোস্ট	3
যদি	নিউ	3
করেন	কিছু	3
কিন্তু	বাংলা	3
টাইপ	করতে	3
ক্রস	করলেই	3
আপনাকে	ফোর্স	3
ফোর্স	করি	3
চাইলে	অফিসিয়ালি	3
অফিসিয়ালি	বাই	3
টাকা	অ্যাড	3
ভাই	বলতে	3
ফটো	আপলোড	3
আপলোড	দিসি	3
শুরু	করলেন	3
শুধু	পোস্ট	3
ভাই	কেন	3
এর	মিনিং	3
পাসওয়ার্ড	দেখতে	3
পারে	আপনি	3
তা	আপনি	3
ভাই	সাপোর্ট	3
নাই	সেটা	3
জে২	তে	3
ধারণা	ভুল	3
দিলেই	কি	3
করা	যাইবো	3
যাইবো	না	3
জেএস	পিএইচপি	3
লিংক	হ্যাক	3
দিবে	থ্যাংকস	3
উইথড্র	দিলাম	3
বাজে	সাইট	3
ওর	ফেক	3
আসার	আগে	3
ইনশাআল্লাহ	ভাই	3
প্রতিষ্ঠানের	সাথে	3
যখন	মানুষ	3
আবার	এখন	3
মানে	আমার	3
একটা	রিকুয়েস্ট	3
ডাটা	ক্যাবল	3
ইউএসবি	দিয়ে	3
ধন্যবাদ	আর	3
করে	নাও	3
সব	ফেক	3
এ	পেজ	3
এ	কাজের	3
লাগলো	আমার	3
তো	অল	3
বাট	কাস্টম	3
ওই	শালা	3
বলেই	পোস্ট	3
এই	বাল	3
অফ	ট্রিকবিডি	3
পোস্ট	কখন	3
সাথে	আপনার	3
ব্রো	এটার	3
কিসুই	বুঝলাম	3
এর	এসশট	3
এফবি	লিংকটা	3
না	জানাবেন	3
হইতে	চাই	3
করে	ফেললে	3
অলসো	থ্যাংকস	3
প্যাক	থাকলে	3
থাকলে	প্রবলেম	3
এ	টা	3
আই	ফোন	3
করে	লল	3
আমাকে	বলো	3
আনা	যায়	3
কিছু	জিনিস	3
সকল	সিম	3
আমি	সঠিক	3
অফ	তাই	3
তাই	অন্য	3
আগে	দিলে	3
বেশি	মানুষ	3
না	তাছাড়া	3
পোস্টটা	আমি	3
আমার	আইডিটা	3
শুধু	এটা	3
ইনভ্যালিড	কোড	3
বার	ও	3
ও	পেলাম	3
ভাইরাস	ডিটেক্টেড	3
তে	পাওয়া	3
পাওয়া	গেলে	3
আপনার	ট্রিকবিডি	3
পর	নিচে	3
দেওয়ার	অপশন	3
আপনার	স্ক্রিপ্ট	3
স্পেস	বাদ	3
কত	ক্রেডিট	3
ফিচার	টা	3
যদি	ফ্রি	3
ছাড়া	সম্ভব	3
এই	টাকা	3
জনকে	রেফার	3
টাকা	৫০০	3
দেওয়ার	জন্যে	3
প্লেয়ার	এ	3
ট্রিকবিডি	অ্যাপ	3
এ	সেভ	3
চালানোর	কোনো	3
কোনো	ব্যবস্থা	3
ভাই	ফ্ল্যাশ	3
মোবাইল	স্লো	3
ভাইয়া	আরেকটা	3
ধুর	ভাই	3
ভাই	অস্থির	3
কেন	শুধু	3
করছিলাম	কিন্তু	3
আমার	গ্যালাক্সি	3
ভিডিও	টি	3
তারপর	আপনি	3
সাথেই	তো	3
দেয়	আপনি	3
করলেই	কি	3
করার	বাট	3
লাস্ট	পোস্ট	3
তার	সমাধান	3
পেমেন্ট	হয়	3
এ	দিয়েছি	3
একাই	খান	3
এর	টিউনার	3
পাসওয়ার্ড	দেখা	3
আসলে	আপনার	3
মাইন্ড	ইট	3
করলাম	একটা	3
ওই	ফর্ম	3
আসবে	গুগল	3
ফর্ম	এর	3
কেন	ইউ	3
লেখার	ভিতর	3
ভিতর	লিংক	3
ছি	না	3
আমি	সাজেস্ট	3
করো	তোমার	3
এর	আপডেট	3
জাভা	মোবাইলে	3
জাভা	ইউজার	3
তুমি	পারলে	3
পারেন	তাইলে	3
করে	আগে	3
দিবে	একটু	3
এবং	ভাই	3
করার	খুব	3
রংপুর	এ	3
এ	থাকি	3
নিব	একটু	3
করছিলাম	আজ	3
আর	রবি	3
অফার	আসে	3
সেটা	দেন	3
আমি	প্রুভ	3
চাই	আর	3
যাদের	কাছে	3
কিন্তু	এফবি	3
চিটার	আমার	3
কি	সিম্ফনি	3
থেকেই	ব্যবহার	3
এটা	শেয়ার	3
শেয়ার	না	3
ভাইয়া	সিম্ফনি	3
সিম্ফনি	ভি৪৫	3
তাহলে	শেয়ার	3
ভাগ	ই	3
১৩	দিন	3
দিন	হয়েছে	3
অপশন	চালু	3
কাজ	করেছে	3
কাছে	শুধু	3
শুধু	খারাপ	3
ছাড়া	তাই	3
এ	খেলতে	3
জিবি	নিয়েছি	3
খুলবো	কীভাবে	3
হচ্ছে	করবো	3
সিম্ফনি	ভি৭৫	3
ভি৭৫	ইউজ	3
ইউজ	করতো	3
না	কম্পিউটার	3
তাই	গুগল	3
বাইপাস	করতে	3
চালু	থাকলে	3
এ	ব্রাইটনেস	3
আমাদের	এরিয়া	3
দাও	ভাই	3
কি	যেটা	3
বিটিসি	সেল	3
সেল	দিবেন	3
কিভাবে	চেক	3
দেন	এর	3
ডিসকভারি	চ্যানেল	3
জানে	আমি	3
পরে	অনেক	3
টাইম	পোস্ট	3
লগইন	করবো	3
হচ্ছে	হেল্প	3
গেম	তা	3
ব্রো	এক্সপোসড	3
ভাই	বাংলাদেশ	3
ভাই	ওয়ার্ডপ্রেস	3
কিভাবে	কাস্টম	3
অনেক	কে	3
ব্রো	ওটা	3
পার্ট	চাই	3
হবে	লিংক	3
থ্যাংকস	কিছু	3
কেউ	পারলে	3
কমেন্ট	ডিলিট	3
রিপ্লেস	করেন	3
সি	প্রোগ্রামিং	3
রং	পোস্ট	3
তুই	নিজে	3
ট্রাই	কর	3
টা	ম্যাচ	3
এফবিতে	আসেন	3
থাকলে	স্পিড	3
সবার	পোস্টে	3
ই	দেখি	3
কি	একসাথে	3
এর	উপকার	3
১০০	জিবি	3
হয়	১	3
এ	তাহলে	3
অনেক	ইউজ	3
কিন্তু	কেউ	3
দিয়ে	সাইট	3
এর	দেখা	3
ইউজ	করতাসি	3
ক্যাশ	ইন	3
গুলা	রেফার	3
আনলিমিটেড	এফবি	3
কি	বোনাস	3
না	ফর	3
মান্থ	এর	3
যারা	সিম	3
কোম্পানি	থেকে	3
দিলে	১	3
১	জন	3
মিয়া	সব	3
জায়গায়	পাওয়া	3
অ্যাডমব	এ	3
সবচেয়ে	ভাল	3
একটা	৩জি	3
কল	দিন	3
কার্ড	লাগবে	3
ই৬০	এর	3
কিন্তু	আজকে	3
থেকে	ডাটা	3
টারমাক্স	এ	3
হয়	এস	3
যাতে	না	3
না	দেখা	3
ব্রাদার	থ্যাংকস	3
আপনি	সেল	3
আছে	কাজ	3
চালাবো	কিভাবে	3
গেম	ভাই	3
অল্প	টাকায়	3
আমরা	আবার	3
কি	সাবজেক্ট	3
নিবো	ভাই	3
টি	ইউস	3
তাদের	নিয়ে	3
লাগে	তো	3
আমি	১০	3
আর্টিকেল	লিখেন	3
করলে	অবশ্যই	3
ফোর্স	স্টপ	3
আইএসপি	তে	3
সম্পর্ক	ছিল	3
পোস্ট	আসা	3
হা	রাইট	3
কেউ	মেসেজ	3
হয়েছে	ক্যারি	3
আর	ইনভাইট	3
করলে	এখন	3
পোস্টের	জন্যে	3
কোন	আইডিয়া	3
আইডিয়া	নেই	3
বুঝতে	সমস্যা	3
পিসি	দিয়েও	3
নেট	চালানোর	3
প্রিমিয়াম	করা	3
এই	সার্ভার	3
হবে	কত	3
রবি	বন্ধ	3
ট্রিকবিডি	সাইট	3
প্লিজ	অ্যাডমিন	3
দেখেন	একটু	3
টা	প্লে	3
ছাড়া	কানেক্ট	3
গিয়ে	আপনার	3
লিংক	নিয়ে	3
ওই	টপিক	3
কমে	গেছে	3
বাইর	করে	3
বিকাশ	অ্যাকাউন্ট	3
রিকোয়েস্ট	দিচ্ছি	3
নেই	না	3
পোস্ট	উপহার	3
ওয়েলকাম	ব্যাক	3
সেই	নিয়ে	3
এখন	ইউজ	3
আবার	অ্যান্ড্রয়েড	3
ভাই	কানেক্টেড	3
হয়	চলে	3
কপি	মারছেন	3
এমবি	কেমন	3
একটু	দিন	3
পর	ডিলিট	3
বোনাস	দেয়	3
স্ক্রিনশট	নেয়া	3
ইমেজ	আপনার	3
এক্টিভ	করার	3
পারেন	প্লিজ	3
প্লিজ	সাহায্য	3
জানে	তাই	3
করলেই	দেখতে	3
ওটিপি	কোড	3
সঠিক	দেওয়ার	3
প্রব্লেম	ঠিক	3
ধরিয়ে	দেওয়ার	3
শুধু	ওয়াইফাই	3
কি	উল্লেখ	3
উল্লেখ	করেছি	3
শুধু	লোডিং	3
ওইটার	জন্য	3
পোস্টগুলো	ফলো	3
পোস্টটা	অনেক	3
মানুষকে	বিভ্রান্ত	3
এটাতে	সাবস্ক্রাইব	3
থিম	শেয়ার	3
আবার	রিভিউ	3
আরও	কিছু	3
কিছু	অ্যাপ	3
এতো	দিনে	3
কিসু	দিন	3
প্লিজ	ভিডিও	3
সবাই	এটা	3
টেলিটক	এর	3
একটু	ও	3
মনে	ছিল	3
বলুন	আমার	3
আসে	যায়	3
হয়	সমস্যা	3
নিব	ভাই	3
থ্যাংকস	ইটস	3
ওয়াইফাই	এ	3
এমন	হলে	3
সাবজেক্ট	নিয়ে	3
আরও	একটু	3
বলছেন	আমি	3
ইটিসি	সব	3
সব	অফার	3
অফার	এখন	3
ভিডিও	দেখি	3
তারপর	না	3
এর	ইউসার	3
ব্যাকআপ	ডাটা	3
রিস্টোর	করতে	3
ডাটা	টা	3
যিপ	ফাইল	3
রাখা	দরকার	3
কাজ	করবা	3
আমার	কানেক্টেড	3
হয়	যখন	3
মিনিমাইজ	করে	3
এ	যাই	3
যাই	তখন	3
পেয়েছি	থ্যাংকস	3
সোর্স	থেকে	3
টেক	সাইট	3
এই	মাস	3
প্যাকেজ	এরর	3
ভাইয়া	লিংক	3
এটা	জিপি	3
এমবি	খালি	3
সম্পর্কে	একটি	3
না	খালি	3
কানেক্ট	হইসে	3
লাইভ	কার্ড	3
নেয়	তাহলে	3
পোস্ট	আমিও	3
এটা	দেখায়	3
আপনার	গুগল	3
মোবাইল	নাম্বার	3
তে	খুঁজে	3
ভাই	সবই	3
টাকা	মোবাইল	3
এ	অ্যাডমিন	3
না	আসুস	3
রিপোর্ট	করবো	3
কমেন্ট	ভাই	3
ভাই	সময়	3
ভুয়া	ভুয়া	3
এ	ঢুকেন	3
নিউ	লোগো	3
ফোনে	এই	3
আমি	আমাকে	3
রিভিউ	তো	3
কিনা	তা	3
তাই	প্লিজ	3
এর	কোর্স	3
জন্য	টেলিগ্রাম	3
আপনাকে	ভালো	3
মিস্টার	পারফেক্ট	3
করেছি	তাই	3
টিউনার	রা	3
অবশ্যই	আপনার	3
ক্যাটাগরি	এর	3
জেনে	নিন	3
নিন	তারপর	3
৩	নং	3
আপনাকে	ফেসবুকে	3
সাইট	সম্পর্কে	3
ডাউনলোড	হয়নি	3
তো	পাইছি	3
সব	জায়গাতে	3
নেয়ার	সময়	3
করলে	বলে	3
সাইজ	এমবি	3
ভালো	ব্রাউজার	3
ফেসবুকে	রিকুয়েস্ট	3
আমি	২০০	3
টাকা	নিছি	3
আপনি	আগের	3
ই	বুঝলাম	3
আমাকে	দিন	3
এ	দেখ	3
সব	কমেন্ট	3
হয়ছে	বাট	3
করে	পাই	3
কি	দেখা	3
বেসিক	জিনিস	3
কতবার	নেয়া	3
এক	দিনে	3
ব্লার	করে	3
তো	নিউ	3
তাই	ডিলিট	3
ফোন	চলবে	3
কিন্তু	কোথাও	3
আগেও	অনেক	3
সার্ভে	করতে	3
রম	দেওয়া	3
কার্ড	ব্যবহার	3
তৈরি	করবো	3
হটস্পট	অন	3
এখন	সবার	3
নাকি	আগে	3
নাই	রে	3
যায়	মানে	3
৯	প্রো	3
ফ্রেন্ড	কে	3
হলে	নাকি	3
পাসওয়ার্ড	তো	3
২৫	ডলার	3
ডলার	লাগবে	3
করলাম	আবার	3
খারাপ	ভাষা	3
ভাষা	ব্যবহার	3
স্কিপ	করতে	3
হিসাবে	ব্যবহার	3
ব্যবহার	করছে	3
অ্যাকাউন্ট	আর	3
এ	ফ্রী	3
কয়েক	ঘন্টা	3
আবার	কে	3
করবে	বাট	3
চিট	ইঞ্জিন	3
আপনার	যেটা	3
আপনি	সেটা	3
থেকে	জানতাম	3
ভাবে	ঠিক	3
মিনিট	করে	3
যাবে	আবার	3
যদি	জানা	3
জানা	থাকে	3
ধন্যবাদ	আমার	3
দারুণ	একটা	3
আর	পাস	3
লোগো	চেঞ্জ	3
কিছু	সুন্দর	3
হবে	মানুষ	3
কাজ	দিবে	3
বেশি	হতে	3
আপনার	নামের	3
পারিনা	তাই	3
বলে	দিলে	3
আমি	নিয়েছি	3
ভালো	থাকবেন	3
কতদিন	থাকবে	3
এটা	কই	3
কোনো	অ্যাকশন	3
গেমস	আছে	3
লাগে	প্লিজ	3
ফ্রি	কথা	3
ট্রায়াল	নিয়ে	3
নিয়ে	নেক্সট	3
হলো	কোনো	3
অ্যাক্সেস	করতে	3
এখানে	ফ্রি	3
কারো	মোবাইলে	3
আনইনস্টল	দেন	3
তারপর	এটা	3
আমার	বিটকয়েন	3
এপিকে	ইউজ	3
করুন	যদি	3
ফেক	রেফার	3
বিশ্বাস	নাই	3
অনেক	কমে	3
দেন	দরকার	3
এড	না	3
করা	তাহলে	3
আমাকে	ওয়ালটন	3
ট্রিকবিডিতে	নতুন	3
দেখে	অবাক	3
টাকা	কত	3
জন্যই	এই	3
আইডিটা	একটু	3
কিভাবে	ওয়াইফাই	3
হচ্ছে	এমবি	3
আবার	শুরু	3
ডাউনলোড	স্টার্ট	3
ভুল	থাকলে	3
সেটা	ও	3
বলবেন	ভাইয়া	3
চাই	এখন	3
করছে	আর	3
অ্যাকাউন্ট	হবে	3
অ্যাপ	মডিফাই	3
অথর	ছিলেন	3
কিনতো	না	3
কেমনে	জানা	3
থাকে	অনেক	3
পেইড	অ্যাপস	3
ফ্রি	পাওয়া	3
রেফার	হ্যাক	3
আমার	দেয়া	3
করা	এই	3
তার	টাকা	3
নিয়ে	চিন্তা	3
করে	নেক্সট	3
লট	ব্রো	3
দিবো	নেক্সট	3
পাসওয়ার্ড	যদি	3
তাহলে	কয়	3
পারেন	কি	3
রোম	কি	3
জানলেন	নাকি	3
আর	ভাল	3
ইউএসবি	পোর্ট	3
প্লিজ	ব্রাদার	3
দিন	লাগে	3
বাংলা	নট	3
কথা	বললাম	3
একা	না	3
ফ্রী	থাকলে	3
বানাইয়া	পোস্ট	3
এর	নাকি	3
নাকি	কেউ	3
করুন	ট্রিকবিডিতে	3
যত	খুশি	3
বলছি	ভাই	3
ব্যাকআপ	দিয়ে	3
নেই	তারপর	3
কার্ড	থেকে	3
উপরে	একটা	3
হল	এটা	3
পোস্ট	আরও	3
এখন	পাওয়া	3
কিন্তু	উনার	3
আসি	আপনার	3
বললে	তো	3
হচ্ছে	ভাই	3
পোস্ট	করিনি	3
পর	এরর	3
টাইটেল	দেখলে	3
টেলিগ্রাম	চ্যানেল	3
তো	ট্রিকবিডিতে	3
ট্রিকবিডিতে	আছি	3
কয়েন	দিয়ে	3
টাকা	ট্রান্সফার	3
অ্যাটাক	দিলে	3
একটা	আর	3
ভাই	জিটিএ	3
প্রয়োজন	মনে	3
প্লিজ	টা	3
সেন্ড	করলে	3
এক্সচেঞ্জ	করতে	3
ওয়াইফাই	নেই	3
নয়	তাই	3
এবং	কোন	3
বেশি	টাকা	3
কাহিনী	এটা	3
না	কিনে	3
করলে	স্পিড	3
লাগবে	ফ্রি	3
এয়ারটেল	এফবি	3
টুলকিট	ফর	3
ফর	এফবি	3
মড	করা	3
থেকে	করা	3
মুগ্ধ	হয়ে	3
আপনাকে	টিউনার	3
অনেকগুলো	আছে	3
এই	অফারটি	3
দিবো	একটু	3
ডলার	আর্ন	3
নামের	একটা	3
চলে	১টা	3
কিন্তু	ইউজার	3
আর	ইউজার	3
পার্ট	৫	3
আমি	পেয়েছি	3
কি	কাটবে	3
যাবে	কিছু	3
স্যামসাং	এস৩	3
করে	খেললে	3
সার্ভিস	দেয়	3
ভার্শন	এ	3
একাউন্ট	করবো	3
পাল্টা	পোস্ট	3
এমবি	নেওয়া	3
অন্য	পেজ	3
কিন্তু	ক্রেডিট	3
তো	পাই	3
নিউজ	থাকলে	3
কি	সাইন	3
বেস্ট	এর	3
থেকে	ওই	3
আব্বুর	নাম	3
এই	ক্ষেত্রে	3
নিয়ে	যাচ্ছে	3
আর	বিকাশ	3
ফাইল	থেকে	3
পেমেন্ট	কিভাবে	3
থেকে	কাটবে	3
ক্লিয়ার	হয়ে	3
ভাইয়া	নাম্বার	3
কোনো	হ্যাক	3
আমার	কুপন	3
কিভাবে	জানবো	3
থেকেই	করি	3
আপনি	কোনটা	3
সেখানে	ক্লিক	3
ফ্রি	ইন্টারনেটের	3
কিছুটা	হ্যাং	3
কিন্তু	তারপর	3
ফোনের	কোনো	3
নি	আর	3
আর	কতদিন	3
বন্ধ	কর	3
প্লিজ	এডমিন	3
কিন্তু	শুধু	3
ভাই	এইটাই	3
দিলে	সবার	3
সাথে	পেমেন্ট	3
আমি	৫টা	3
মোড	থেকে	3
আপনার	কথায়	3
যারা	ভিডিও	3
টিউটোরিয়াল	দেখতে	3
ওয়েবটানেল	হ্যাক	3
আর	অথর	3
ভালো	অথর	3
না	বার	3
লেনোভো	এ৩৬৯আই	3
ব্রো	কথা	3
আপনার	নাম্বারটা	3
ওয়েবসাইট	নিয়ে	3
জন্য	হেল্প	3
করলে	অফ	3
কিভাবে	রিভিউ	3
করেন	কিন্তু	3
আমাকে	ফেসবুকে	3
ফেসবুকে	মেসেজ	3
খুঁজে	পেলে	3
করছেন	আর	3
ধন্যবাদ	তবে	3
আইএমইআই	ঠিক	3
সমস্যা	সমাধান	3
করি	তুমি	3
ফ্রি	কাজ	3
করেন	মিনিট	3
লস	হবে	3
বলা	ঠিক	3
লাগলে	করবেন	3
হলে	না	3
হয়	আমাকে	3
রিকুয়েস্ট	দিয়ে	3
আটকে	যাচ্ছে	3
আমার	ইজিনেট	3
আগের	পোস্টটা	3
আমি	রবি	3
কিন্তু	তা	3
করে	লিখতে	3
বা	ভুল	3
অ্যাড্রেস	কি	3
টিউটোরিয়াল	বানান	3
কই	আর	3
এটা	যে	3
কাজে	লাগাতে	3
আমি	এমন	3
এক্টিভ	করলে	3
পর	মোবাইল	3
মোবাইল	মডেল	3
বল	পুল	3
পুল	এর	3
এর	হ্যাক	3
যদি	কয়েন	3
কিছু	জানেন	3
এই	গেমের	3
নামে	একজন	3
একজন	আমার	3
যায়	যেমন	3
আর	মনে	3
কে	তো	3
দিয়েন	ব্রো	3
ফর	পসিটিভ	3
করবো	সবাই	3
ওকে	আমার	3
কিভাবে	হবে	3
খুজে	পাইনা	3
মাইনিং	বট	3
না	নেটওয়ার্ক	3
তে	আপডেট	3
আপডেট	দেই	3
পিসি	তেও	3
জন্য	বিভিন্ন	3
অফার	আবার	3
ইনবক্সে	নক	3
কোডটা	কি	3
ফেসবুক	লিঙ্ক	3
এই	খান	3
খান	থেকে	3
নাকি	প্লে	3
বড়	কমেন্ট	3
কমেন্ট	করেছেন	3
করেছেন	ভাই	3
বলছি	যারা	3
পয়েন্ট	আছে	3
আর	এগুলা	3
রিভিউ	করলে	3
করলে	কথা	3
স্পীড	কম	3
হয়ে	যেতে	3
করিনি	পোস্ট	3
পোস্ট	ভিউ	3
ভিউ	করার	3
দেখলেই	তো	3
হাইলি	কমপ্রেসড	3
সব	গেমস	3
নাই	এত	3
ইওর	পোস্ট	3
পোস্ট	নট	3
ওয়েবটানেল	এ	3
আপনার	নম্বরটা	3
অ্যাকাউন্ট	করার	3
একটা	পোস্টের	3
মেমোরি	থেকে	3
কোনো	ফোন	3
অন্য	রম	3
আপনি	পারবেন	3
বন্ধ	সিমে	3
সিমে	পাওয়া	3
কি	এগুলো	3
পোস্টে	উল্লেখ	3
ভাই	রিভিউ	3
পিসির	জন্য	3
না	গ্যারান্টি	3
এ	দিবেন	3
তারা	যদি	3
কিন্তু	যদি	3
নিলে	কিছু	3
পারিনি	তবে	3
রবির	ফ্রি	3
স্পিড	এই	3
ভাই	কয়েনবেস	3
রিদমিক	কীবোর্ড	3
ছিল	আগে	3
আগে	লেখা	3
সেটআপ	নিয়ে	3
কিভাবে	ব্রো	3
পোস্ট	লাগবে	3
এটাও	খারাপ	3
ধৈর্য	ধরে	3
নাকি	কম	3
এন্স	টা	3
বি	টিভি	3
অনেকেই	এটা	3
দেওয়া	লাগে	3
এই	গেমটা	3
ভুলে	গেলে	3
ভেরিফাই	এর	3
ফেসবুক	লিংকটা	3
৩জি	সিম	3
৪জি	লাগবে	3
থাকলেও	হবে	3
ডাউনলোড	দেওয়া	3
ভাই	আইফোন	3
যে	বিটকয়েন	3
এড্রেস	দিয়ে	3
বিটিসি	এড্রেস	3
এড্রেস	দিতে	3
এখন	নাকি	3
নাকি	আনলিমিটেড	3
জিমেইল	খোলা	3
আপনার	ভুল	3
কিভাবে	আবেদন	3
পয়েন্ট	গুলা	3
আমার	না	3
বাংলা	লিখলে	3
ছিল	ভাই	3
বাট	আইডি	3
এগুলো	পোস্ট	3
পিক	গুলো	3
ওয়েবসাইটের	নাম	3
স্ক্রিনশট	দেখতে	3
ভার্সন	কে	3
আছে	গুগলে	3
টিউটোরিয়াল	ফলো	3
করলাম	তারপর	3
অসাম	গেম	3
বাট	আরো	3
হাদিস	এর	3
চালানোর	মজা	3
লক্ষ্য	করে	3
বার	টা	3
ভাই	এতে	3
হেল্পফুল	হবে	3
হয়েছে	আর	3
ক্যাটাগরি	আছে	3
আমি	ব্যবহার	3
দরকার	হলে	3
পোস্ট	দেখবেন	3
সবাইকে	বলি	3
ভাই	৩০	3
৩০	এমবি	3
সাথে	পোস্টের	3
মিল	পাওয়া	3
করেছি	পিসি	3
দিয়েছি	ভাইয়া	3
নিজের	ভাষায়	3
ওয়েবসাইট	আর	3
না	নিজে	3
তো	নেই	3
ব্রো	৩	3
করে	রিভিউ	3
লাখ	সাতোশি	3
লাগে	আমাকে	3
আর্ন	করেন	3
এর	কানেক্ট	3
দিয়ে	চালাইতে	3
একাউন্ট	ডিলিট	3
এর	চেয়েও	3
হেল্প	অনেক	3
দোকানে	গিয়ে	3
পোস্ট	শুরু	3
করার	লিংক	3
ঠিক	ভিপিএন	3
ভিপিএন	ডাউনলোড	3
আলাদা	অ্যাপ	3
অ্যাপ	লাগবে	3
রেফার	নাম্বার	3
টাকা	নেই	3
৩০	টা	3
করেও	অথর	3
হল	প্রিন্ট	3
চাই	আমাকে	3
করলে	ব্যাটারি	3
১	সপ্তাহ	3
আপনাকে	না	3
থাকলে	ইউজ	3
পিং	কম	3
প্লাস	এ	3
হবে	তত	3
ডাটা	লস	3
একটা	পোস্টে	3
যেকোনো	ব্রাউজার	3
দিয়েছি	দেখেন	3
পোস্টটা	দেখতে	3
আপনার	পোস্টগুলো	3
পোস্টগুলো	অনেক	3
চাচ্ছি	কিন্তু	3
সোশ্যাল	মিডিয়া	3
চালাবো	প্লিজ	3
প্রোডাক্ট	কিনে	3
ভাই	যেটা	3
ভাই	ওয়ার্কিং	3
অ্যাড	আসবে	3
বাটন	আছে	3
ওখানে	ক্লিক	3
অনেকগুলো	পোস্ট	3
ট্রিকটা	কাজ	3
ব্রো	বাংলা	3
বাংলা	ফন্টস	3
আমি	গত	3
করেছি	তারপর	3
কোড	লিখে	3
দিলেই	পাবেন	3
ভাই	আপাতত	3
ওটিপি	আসে	3
করে	ফেললাম	3
নিতে	পারে	3
পালন	করার	3
তাদের	থেকে	3
দেখায়	কিভাবে	3
শর্ট	করে	3
ওয়াপকা	থেকে	3
বুঝে	কমেন্ট	3
না	নিজের	3
ফরম্যাট	দিয়ে	3
আর	জিপ	3
ক্যাটেগরি	তে	3
করতে	চেয়েছিলাম	3
বাল	ও	3
তোর	মাকে	3
বিজি	দেখায়	3
ফন্ট	এ	3
১০	সেকেন্ড	3
রেজিস্ট্রেশন	করে	3
কিন্তু	একটু	3
ও	সেটা	3
জমা	দিতে	3
লাগবে	তখন	3
করে	ঢুকেন	3
মি	আপনার	3
সাইট	কিছু	3
কিছু	অথর	3
ভিপিএন	ইনস্টল	3
সাইট	গিয়ে	3
এর	একবার	3
একবার	করা	3
ডিলিট	প্লিজ	3
করেছেন	তার	3
বাট	রেজাল্ট	3
ট্রিকবিডি	এফবি	3
২০	টা	3
আইডি	এক্টিভ	3
এক্টিভ	করে	3
একটু	বুঝাই	3
খুলে	খুলে	3
খুলে	দিবে	3
তাকে	বিকাশ	3
ফ্রি	লিংক	3
তাই	ভাবলাম	3
এক্সিলেন্ট	পোস্ট	3
জিপি	অ্যাপ	3
এই	জিপি	3
থেকে	কল	3
নাইস	একটা	3
১৫	মিনিট	3
বিস্তারিত	দিলে	3
গ্রাফিক্স	ভালো	3
তো	অনলি	3
দিন	বাট	3
ইনকাম	অনেক	3
নিউ	টা	3
সিম্ফনি	ফোন	3
হয়	খুব	3
থেকে	নামানো	3
কেউ	দেখতে	3
জিনিস	আগে	3
করলে	এটা	3
রে	বোকা	3
ট্রিক	কোথায়	3
যারা	ট্রিকবিডি	3
আমি	পিসিতে	3
থ্যাংকস	আশা	3
রে	ট্রিকবিডি	3
শেয়ার	এর	3
দের	না	3
যে	ইউজ	3
নাম্বার	পাসওয়ার্ড	3
ভাই	বললে	3
উদ্দেশ্য	কি	3
এর	টিউটোরিয়াল	3
এই	মুভিটা	3
অনেকের	এই	3
অফার	গুলা	3
কিভাবে	ফিরিয়ে	3
ই	এটা	3
যদি	ইউজ	3
হ্যাঁ	পারবেন	3
লিখতে	গিয়ে	3
ভুল	ধরিয়ে	3
ফটো	এডিটর	3
তো	অবশ্যই	3
ভাই	একবার	3
কাজ	করেই	3
সিস্টেম	নেই	3
বললে	উপকার	3
পেরেছি	আমি	3
ইনভাইট	কোড	3
৭	টাকা	3
৪০	টাকা	3
হাজার	টাকা	3
ইনফরমেটিভ	পোস্ট	3
তো	নিতে	3
আবার	১	3
প্রবলেম	হয়েছিল	3
লিখতে	কষ্ট	3
এই	২টা	3
পারেন	যদি	3
মেনে	পোস্ট	3
সাথে	ডাউনলোড	3
আগে	না	3
বলিনি	যে	3
বার	ডায়াল	3
পর	আগের	3
ভালো	টিউন	3
ইউস	করতাম	3
করতাম	এখন	3
পোস্ট	সিস্টেম	3
স্ক্যাম	করেছে	3
গেছে	নাকি	3
এসএমএস	করতে	3
আমার	ইমেইল	3
তে	গুগল	3
গুগল	অ্যাসিস্ট্যান্ট	3
ভাই	জিপিতে	3
বলবো	যে	3
সুযোগ	সুবিধা	3
তুলে	দিলে	3
ফোন	রিস্টোর	3
এমটিকে৬৫৮২	এর	3
গ্যালাক্সি	জে৭	3
এ	ভাবে	3
জন্য	যদি	3
কোন	গেম	3
আবার	আর	3
আইডি	আপনি	3
করে	যেমন	3
শুধু	ইউটিউব	3
গিয়ে	ওই	3
করতে	দেরি	3
আগেই	থেকে	3
বানাবো	কিভাবে	3
থ্যাংকস	কষ্ট	3
নাকি	আর	3
কিন্তু	পেইড	3
কেনা	যায়	3
কোথায়	ছিলেন	3
করেন	পারলে	3
কপিড	ফ্রম	3
স্ক্রিনশট	দেখান	3
নর্ড	ভিপিএন	3
ভিপিএন	প্রিমিয়াম	3
জানতে	পারবো	3
তে	কোড	3
কোড	আসবে	3
লগইন	কিভাবে	3
আবার	আমি	3
মুভির	হিন্দি	3
পোস্ট	দিয়েছি	3
সেটা	যদি	3
মেকার	দিয়ে	3
প্লিজ	সব	3
ওয়েট	করো	3
দেখানো	উচিত	3
কিভাবে	একাউন্ট	3
ভালো	উদ্যোগ	3
টানেল	দিয়ে	3
স্পিড	পাচ্ছি	3
না	বলাই	3
বলাই	ভালো	3
তে	কেউ	3
২টা	আইডি	3
করে	দেবো	3
নাম্বারে	২	3
লাগবে	একটু	3
একটু	অপেক্ষা	3
প্ল্যান	এর	3
অন্য	এমবি	3
পোস্ট	এক	3
এক	হয়	3
ফেসবুক	লগইন	3
দিয়ে	দেখলে	3
সব	চেঞ্জ	3
ভিডিও	ডিলিট	3
গেছে	প্লিজ	3
করি	ট্রিকবিডি	3
কোন	রিভিউ	3
রিভিউ	নাই	3
শুধু	পেন্ডিং	3
ব্লার	হয়	3
তখন	আপনার	3
দিলো	নাকি	3
থেকে	দেখে	3
ডিসপ্লে	অ্যাডাপ্টার	3
আপডেট	দিসি	3
প্রবলেম	ঠিক	3
আমি	চাইলে	3
৪	মান্থ	3
মা	বোন	3
দেখবেন	আর	3
একটা	লাইক	3
করি	দেখি	3
করলে	দেখতে	3
না	এসব	3
চেপে	ধরে	3
দিলেই	ভালো	3
করেন	এখন	3
বড়	সাহায্য	3
সাহায্য	করলেন	3
করলেন	এটা	3
এটা	ভুলার	3
দেখানোর	জন্য	3
কম	সাহস	3
সাহস	পাইছি	3
পাইছি	আপনার	3
অফিসিয়াল	স্টক	3
ভাবে	ভাই	3
অনেক	জন	3
পোস্ট	কিছু	3
দিন	নতুন	3
ব্লক	হয়	3
ইন	দিলে	3
ভাই	আছেন	3
আসে	ওই	3
ভালো	থিম	3
থিম	দিতে	3
টা	সাপোর্ট	3
ভাই	প্লিজজজ	3
কিভাবে	আর	3
ব্র	বাট	3
এ	বলসি	3
তো	বলাই	3
রিনেম	করে	3
আপনার	টিপস	3
ক্রিয়েট	করছে	3
ফাইল	তা	3
তা	কপি	3
টু	ক্রিয়েট	3
হবে	কে	3
এই	ব্যাপার	3
ফুল	ডিটেলস	3
আমিও	এক	3
কিছু	কয়	3
কয়	না	3
নেম	করব	3
আমার	কানেক্ট	3
আরো	মুভি	3
বাট	ফাইল	3
অথর	কিভাবে	3
আগে	আপনার	3
আর	ওইখানে	3
মাত্র	কয়েকটা	3
মানুষ	আমাদের	3
যদিও	আমার	3
তেমন	কোন	3
কারন	আমার	3
গরুর	গাড়ির	3
ইউস	করবেন	3
দেখে	আমাকে	3
একটু	নক	3
নক	করেন	3
এখানে	আমার	3
দেখে	আমিও	3
ডাউনলোড	করি	3
জ্ঞান	নাই	3
পোস্ট	আজকে	3
টাইপ	করে	3
অ্যাড	দিতে	3
ভাই	লিঙ্কটা	3
অবশ্যই	পাবেন	3
পাবেন	আমি	3
ইমেইল	এর	3
বেস্ট	টিপস	3
কিছু	রুলস	3
রুলস	আছে	3
এ	বলেছি	3
হয়	ভালো	3
করছিলাম	কাজ	3
ব্যাকআপ	রাখবেন	3
রিকভারি	ইন্সটল	3
দেওয়ার	কোনো	3
নাম	দেওয়া	3
ইউ	এই	3
শেয়ারইট	থেকে	3
বড়	চোখ	3
চোখ	বিশিষ্ট	3
বিশিষ্ট	সুন্দর	3
সুন্দর	মানুষ	3
হবে	থ্যাংক	3
মতো	এমবি	3
এমবি	থাকে	3
হবে	কাজ	3
করার	সাইট	3
তবে	এটার	3
যে	গুলো	3
শুধু	আপনি	3
আপনি	বলতেছেন	3
তাহলে	রবি	3
বলিয়েন	না	3
লেখা	উচিত	3
নিচে	লিংক	3
কি	জাভা	3
থাকলে	চলবে	3
চলবে	ভাই	3
এর	বিটকয়েন	3
নাও	চলতে	3
পারে	কারণ	3
করতেন	না	3
২০২০	এ	3
বিকাশ	বা	3
আমার	চেয়ে	3
উপরের	লিংক	3
কি	বুঝো	3
পাসপোর্ট	ছাড়া	3
উইথড্র	করবো	3
থেকে	নিলে	3
ভাই	ওটিপি	3
ভাইরে	ভাই	3
অ্যাপ	পাবলিশ	3
খরচ	ও	3
কোনটা	কোনটা	3
দিয়ে	করুন	3
বিটিসি	ইনভেস্ট	3
লিংক	ভুল	3
দেখাচ্ছে	হেল্প	3
করবো	ওয়েট	3
মতো	অথর	3
আজ	এই	3
দিলেও	পারতেন	3
করবেন	কবে	3
তে	নিয়ে	3
এ	ডলার	3
ভার্চুয়াল	কার্ড	3
কার্ড	নেই	3
একবার	ট্রিকবিডি	3
থেকে	উইথড্র	3
না	থাকা	3
আমার	যদি	3
মেইল	এর	3
কিভাবে	তার	3
তার	পোস্ট	3
ভুল	দেখায়	3
পেন্ডিং	দেখায়	3
কিন্তু	পাবলিশ	3
এ	স্ক্রিন	3
কাজ	করেছি	3
ভাইয়া	এর	3
মধ্যে	ভালো	3
আছে	গুড	3
টু	পোস্ট	3
এক্সপায়ার্ড	হয়ে	3
কোর	প্রাইম	3
দেখে	কমেন্ট	3
কমেন্ট	করুন	3
না	চাইলে	3
বিস্তারিত	লিখতে	3
বুঝবো	যে	3
আনইন্সটল	করবেন	3
ভাইয়া	আপনারা	3
চাইলে	আমার	3
কনভার্ট	করতে	3
ব্যবহার	করবে	3
কিনা	সেটা	3
সেটা	চেক	3
আমিও	পোস্ট	3
কি	পিএইচপি	3
হেল্প	লাইন	3
এর	হেল্প	3
দিয়ে	খেলুন	3
ফোন	আপনার	3
ইউটিউব	ভ্যান্সড	3
নোটিফিকেশন	আসে	3
আপনি	১টা	3
তাহলে	কোড	3
মুভি	আছে	3
এসএস	কপি	3
আর	এসএস	3
নেই	এটা	3
আমি	স্পিড	3
ফ্ল্যাশ	মারতে	3
আইপি	অ্যাড্রেস	3
পে	করবো	3
এটা	এডিট	3
জানি	আমার	3
ব্যালেন্স	কিভাবে	3
আর	গ্রেট	3
মেইল	করছি	3
২০	এর	3
পিসি	গেমস	3
তাই	প্রব্লেম	3
প্রব্লেম	হইছে	3
এ	ব্লগ	3
আমার	প্রোফাইলে	3
বাট	ওয়েলকাম	3
চার্জ	আছে	3
করলে	অথর	3
হতে	পারব	3
আবার	ভাল	3
এরকম	হচ্ছে	3
একদম	নিচে	3
এর	ক্র্যাক	3
ভার্সন	নিয়ে	3
কমেন্ট	করলা	3
নো	কপি	3
কোন	কান্ট্রি	3
চেক	মাই	3
এ	এসএস	3
এসএস	দেওয়ার	3
কোন	দরকার	3
কেমনে	হ্যাক	3
ও	এস	3
শেয়ার	দেন	3
করে	বুঝতে	3
দিচ্ছি	সবাই	3
এটা	গুড	3
করলে	১৫	3
১৫	দিবে	3
দিবে	ডেইলি	3
ট্রাই	দেখেন	3
হয়	ছোট	3
এর	কারনে	3
এর	এমন	3
এর	গুলো	3
পারলে	খুব	3
বেস্ট	ট্রাই	3
ভার্সন	চেঞ্জ	3
ডি	এন	3
নেম	ইউসার	3
ওয়েব	সিরিজ	3
তাও	হয়	3
বাগলেস	রোম	3
না	কিসের	3
ভাই	থাঙ্কস	3
তো	পাচ্ছি	3
ডিজাইন	করতে	3
একটা	উপায়	3
এ	১৮	3
১	মিন	3
সেকেন্ড	টাইম	3
অ্যাপ	বাট	3
এর	পাওয়ার	3
তাহলে	সব	3
রকেট	এ	3
মেবি	হবে	3
কোথায়	ব্রো	3
ভাল	কোন	3
ফ্রেম	আপলোড	3
আপলোড	দিব	3
ওকে	আবার	3
এই	এম	3
সাথে	পোস্ট	3
এগুলা	কে	3
বি	তে	3
এর	আমি	3
ও	ভাল	3
করার	বাটন	3
সাথেই	থাকেন	3
রকম	অনেক	3
৩০	জিবি	3
কাইন্ডলি	ঠিক	3
পারে	আমি	3
ভলিউম	বাটন	3
উইল	বি	3
হা	মজা	3
যাবে	অ্যান্ড	3
গুলার	মেয়াদ	3
লিঙ্ক	উইথ	3
থেকে	যেকোনো	3
গেম	ও	3
মোড	করলে	3
অফ	ক্লেন	3
আরে	আমি	3
ওয়াই	ফাই	3
আপনার	ওয়াইফাই	3
প্লিজ	রিপ্লে	3
না	অ্যান্ড	3
আসল	কথা	3
কিভাবে	ভিডিও	3
সম্ভাবনা	বেশি	3
হয়	অফ	3
ইনভ্যালিড	আইএমইআই	3
করছি	হয়না	3
ইনকাম	করেন	3
আবার	করার	3
আবার	ডিসকানেক্ট	3
৩২	এন্ড	3
গ্যালাক্সি	আছে	3
আছে	স্টাইল	3
থেকে	ভাই	3
বলদ	না	3
সেই	ট্রিক	3
চেঞ্জ	করসি	3
উইথড্র	নিতে	3
একাউন্ট	লাগে	3
ভার্সন	৭	3
রোম	থাকলে	3
করবো	কোনো	3
ট্রিক	টার	3
একটা	পাগল	3
পারলে	আমাকে	3
ওদের	সাথে	3
আপ	এ	3
কোনো	ধরণের	3
কোনো	সন্দেহ	3
প্রবলেম	দেখা	3
আচ্ছা	এই	3
আছে	আই	3
কিছু	যে	3
এসএমএস	দিচ্ছে	3
বা	আমার	3
কেউ	কল	3
বা	এসএমএস	3
জানতে	চান	3
ভাই	সার্চ	3
পাবলিশ	করার	3
ব্রো	হ্যাক	3
মান্থ	পর	3
ক্যাপচা	পূরণ	3
সম্পূর্ণ	আমার	3
সাথেই	আছি	3
এই	বেপারে	3
বেপারে	পোস্ট	3
নাকি	এমটিকে	3
তাও	মেয়াদ	3
এই	ফ্রি	3
নেট	তা	3
এটা	কেন	3
এ	লেখসেন	3
ভুইলা	গেছেন	3
এন্স	দেন	3
মেয়াদ	২	3
আপ	করেন	3
কিছু	দরকার	3
টুল	ইউজ	3
পার	রেফার	3
১০	মিনিটস	3
সেই	জন্য	3
ভাই	বাংলায়	3
পোস্ট	দেখি	3
ইউজ	এর	3
ফাইল	লাগে	3
ইউটিউব	ই	3
বাট	এম	3
ইউ	আই	3
কার্ড	বানানোর	3
লেয়ার্স	ম্যানেজার	3
উপরে	দেয়া	3
ট্রেনার	করেন	3
টা	এপ	3
শুধু	জাস্ট	3
৫	মিনিটস	3
চ্যানেল	গুলা	3
আমি	বলসিলাম	3
পোস্ট	তাই	3
ক্রেডিট	দেন	3
যায়	সব	3
কমান্ড	দিলে	3
ইউসি	হ্যান্ডেলর	3
ক্রোম	ইউজ	3
অল	পোস্ট	3
বাট	কপি	3
পোস্ট	ছাড়া	3
দিছি	তো	3
আপনার	হোয়াটস্যাপ	3
রেফার	থেকে	3
নট	এ	3
বলি	নি	3
যাচ্ছে	আপনি	3
দিছি	প্লিজ	3
প্লিজ	একসেপ্ট	3
গুড	আগে	3
সিস্টেম	কাজ	3
আগে	ঠিক	3
অন্য	এপ	3
আর	ওখানে	3
ব্রো	ফেইসবুক	3
আপ	হইছে	3
আর	নেক্সট	3
স্টেপ	এর	3
একটা	হাদিস	3
জাতি	সৃষ্টি	3
সৃষ্টি	করবেন	3
একটা	ফালতু	3
দিয়ে	ইন্টারনেট	3
একটা	রিকভারি	3
মোড	ওপেন	3
করে	কই	3
একটু	করে	3
এখন	বলবেন	3
টা	২	3
জিবি	তো	3
পর্যন্ত	যত	3
ইউসার	প্লিজ	3
একাউন্ট	কীভাবে	3
কীভাবে	খুলবো	3
বুঝতে	চায়	3
ফ্রি	বেসিকস	3
বেসিকস	এর	3
ডিরিয়ড	ভিপিএন	3
আনলিমিটেড	কিভাবে	3
হয়	নাতো	3
ব্রো	আপনিও	3
দেখি	ব্রো	3
আইপি	ব্লকড	3
ব্লকড	দেখায়	3
এপ	ছাড়া	3
টাকা	ফ্লেক্সি	3
দিয়ে	যেকোনো	3
তো	স্পিড	3
কাজ	কইরা	3
দিয়েন	এই	3
এন্ড্রোইড	টিপস	3
এপ	ওপেন	3
নেট	কানেক্ট	3
রবি	কি	3
এতো	ঝামেলার	3
অর	সফটওয়্যার	3
ব্যাক	পেতে	3
হয়	যায়	3
করেন	ই	3
এই	ভাবেই	3
এন্ড	এ	3
ভাই	কিসু	3
বসানো	যাবে	3
হোক	এই	3
আইডির	লিংক	3
দেখে	কিছু	3
এর	কোথায়	3
লাগবে	থাকলে	3
দেখে	আর	3
মিস	করলাম	3
দিন	ই	3
ই	এনাফ	3
১১	তারিখ	3
ভাই	ইসি	3
আগের	অফার	3
আমি	পেলাম	3
কি	একাউন্ট	3
প্লিজ	বলে	3
টা	আগেও	3
আছে	কানেক্ট	3
জিবি	কি	3
আর	দিচ্ছে	3
কাম	নাই	3
করে	লেখা	3
লেখা	পড়া	3
অন্য	ভাবে	3
কি	কপিরাইট	3
একাউন্ট	ছাড়া	3
পাবে	কি	3
আছে	প্লে	3
স্টোরে	পাবেন	3
আর	টাইম	3
অনেক	এপস	3
শখ	হইসে	3
হইসে	নাকি	3
যায়	পরে	3
আর	পাওয়া	3
না	রেফার	3
স্পেস	দিয়ে	3
ইউসার	এই	3
আমি	কয়েক	3
কে	আপনি	3
ভাই	থ্যাংক্স	3
করসি	আপনি	3
নিজের	নামে	3
এ	এপস	3
পেজা	একাউন্ট	3
একাউন্ট	কেমনে	3
পাবেন	সেটা	3
সেটা	ডাউনলোড	3
ইনস্টল	করুন	3
এই	বলদ	3
কন্ট্রিবিউটর	এর	3
নিজেই	ফেক	3
ভিসিটর	রা	3
দিয়া	এডিট	3
থেকে	পাবো	3
না	চেঞ্জ	3
ব্রো	ইউসার	3
পেইড	এপস	3
বাট	ভিডিও	3
করে	ট্রেনার	3
রিকোয়েস্ট	পাঠান	3
তে	যদি	3
নাইস	এই	3
সবাই	এই	3
সবার	কাজে	3
দরকার	যে	3
তো	লাইভ	3
হয়ে	গেসিলো	3
রিকভারি	করতে	3
নাহ	আমি	3
আইডি	পাওয়া	3
ব্রিক	করার	3
তো	লাইসেন্স	3
আর	এইটার	3
পাইসি	ব্রো	3
সরি	কিসু	3
দিলে	হতো	3
জে২	প্রাইম	3
করে	আছে	3
এগুলো	দিয়ে	3
আপনার	এডিট	3
প্রসেসর	এর	3
পেমেন্টস	প্রুফ	3
এবার	থেকে	3
উপকার	হইসে	3
হইলো	আমার	3
এডিট	করছেন	3
করছেন	বলেন	3
করে	ইউসার	3
একাউন্ট	একাউন্ট	3
করলে	থ্যাংক্স	3
থ্যাংক্স	না	3
ক্রেডিট	নিতে	3
আপনে	যে	3
জানতে	চাইলে	3
হলে	এর	3
জন্য	থাকলে	3
পর	ডাউনলোড	3
না	হয়তো	3
বারোটা	বাজিয়ে	3
টাইম	আমার	3
টাইম	লাগতে	3
আইডি	দরকার	3
হবে	জাস্ট	3
এইটা	প্রথম	3
শুনে	পোস্ট	3
ফর	মি	3
করতে	চাইসিলাম	3
চাইসিলাম	বাট	3
ট্রান্সফার	করবো	3
এই	হয়	3
আমাকে	টিউনর	3
কি	সেম	3
আর	জিমেইল	3
টা	নামান	3
ফোনের	স্টক	3
ফোন	কেনার	3
ভিভো	ভি১৫	3
করলে	উপকৃত	3
আমার	একাউন্টে	3
এডিএম	ছাড়া	3
কীবোর্ড	দিয়ে	3
দিয়ে	বাংলা	3
ভার্সন	কিংরুট	3
আমারটা	এখনো	3
করে	রাখছেন	3
করেন	একটা	3
আপনি	ফার্স্ট	3
করেন	থেকে	3
লাইট	ফ্রি	3
চালানোর	ওয়ে	3
ভাইয়া	ঠিক	3
এ	দিবো	3
আপনি	গাঁজা	3
মাই	আইডি	3
মেথড	দিয়ে	3
চলছে	আর	3
দেয়া	দরকার	3
আসতে	আসতে	3
করবো	বলবেন	3
যাদের	আছে	3
ব্রো	এপ	3
বাট	হলো	3
মডারেশন	এ	3
ভাই	মিনি	3
আমার	এসএসসি	3
ফ্রি	তো	3
আবার	দেন	3
দিয়ে	আরামসে	3
তে	করা	3
করবো	যে	3
এইচ৪০০	রুট	3
নিজস্ব	কোনো	3
কোনো	ওয়েবসাইট	3
ঘণ্টা	হয়ে	3
গেল	এখনো	3
তো	দিয়েই	3
পিএসপি	এমুলেটর	3
কিভাবে	করেন	3
একাউন্ট	ছিল	3
স্পিড	হ্যাক	3
তে	দেখি	3
ডলার	টাকা	3
নাই	সব	3
এ	গেলাম	3
ভাই	সেল	3
হা	ঠিক	3
ব্রো	গেম	3
আছে	কার্ড	3
ক্লিয়ার	হয়	3
ঘুরে	আসুন	3
দিতে	পারসি	3
আবার	সেম	3
আপনার	জন্যই	3
তে	ফ্রেন্ড	3
রিলিজ	হইসে	3
ফোন	ভার্সন	3
অন	আছে	3
সেন্ড	করার	3
গেমস	খেলতে	3
কোনো	কারণে	3
লগআউট	হয়ে	3
থেকে	এপ	3
একাউন্ট	লগইন	3
করলে	কার্ড	3
নাম্বার	চেঞ্জ	3
আপনি	আইডি	3
দিতে	পারো	3
হয়	২	3
ফিক্স	করার	3
আর	পোর্ট	3
ভাই	এইটাতে	3
আছে	যেগুলা	3
আমি	পাবজি	3
ধান্দা	বাজ	3
আপহোল্ড	একাউন্ট	3
অনলি	গেম	3
জিবি	প্যাক	3
প্লিজ	জাস্ট	3
আপনার	প্রব্লেম	3
নিয়ে	ট্রিকবিডিতে	3
লক্ষ	টাকা	3
টাকা	ইনভেস্ট	3
২৯	টাকা	3
পেপাল	নাই	3
দিয়ে	করার	3
অফার	অফ	3
থাকলে	ট্রিকবিডি	3
ক্রেডিট	লাগে	3
পাসওয়ার্ড	কে	3
ডাটা	ওয়াইফাই	3
ভাই	এটাতে	3
শট	নিয়ে	3
অনেক	সিকিউর	3
এরকম	১টা	3
বিট	এড্রেস	3
আমাদের	জন্যই	3
দেখেন	এই	3
কেমনে	প্লিজ	3
টাকা	আসলো	3
ক্লিক	দিয়ে	3
জিপ	থেকে	3
জিনিস	বানানোর	3
জন্য	নাই	3
টা	বাজে	3
দেখেন	কাজ	3
ঐটা	কি	3
করলাম	ব্রো	3
ভুলে	গেছেন	3
এপ	আমার	3
দিস	ইজ	3
অংশ	থাকে	3
কমে	গেসে	3
আসে	সেটা	3
সেটা	হলো	3
লাইফ	এর	3
রুট	এক্সপোসড	3
এক্টিভ	করবো	3
পার্ট	দেবেন	3
ডলার	এর	3
কি	সেটাই	3
একটু	বুঝাইয়া	3
এগুলো	তে	3
আর	কেমন	3
টা	অপশন	3
এফটিপি	সার্ভার	3
আমি	তোহ	3
সেটাই	বলেন	3
এপস	ওপেন	3
ভিডিও	ও	3
ও	ডাউনলোড	3
করলে	গুড	3
ডিফল্ট	ব্রাউসার	3
সব	প্রিমিয়াম	3
এপস	টি	3
করলে	দেখায়	3
ভাই	আছে	3
আছে	বলবেন	3
তে	যারা	3
পোস্ট	গুলাতে	3
বললেই	চলে	3
এনআইডি	ক্রিয়েট	3
এটা	হচ্ছে	3
জিনিস	না	3
বাট	এখানে	3
সি	মোর	3
থেকে	রুট	3
আসে	লাগলে	3
তে	দিবো	3
৭	এর	3
আমি	টিউনর	3
এর	বেপার	3
দরকার	আর	3
ইজ	বেস্ট	3
কি	চলতাসে	3
মেবি	ট্রিকবিডি	3
পোস্ট	করছিলো	3
ইওর	রিপ্লায়	3
পসিবল	হবে	3
আগের	গেম	3
কিছু	আপডেট	3
ধরা	হয়েছে	3
ছিল	তখন	3
যদি	এতই	3
এতই	পারেন	3
ভালোই	হলো	3
করতে	নিষেধ	3
অ্যাড	হয়ে	3
ব্রাজিল	এর	3
কালেক্ট	করবো	3
বার্থ	দিয়ে	3
প্লে	করা	3
কিন্তু	কি	3
সমস্যার	কারণে	3
কারণে	এটা	3
করে	থাকি	3
পারি	ভাই	3
এ	আবেদন	3
না	মেইল	3
নরমাল	এপ	3
ব্রো	মজা	3
সেই	একটা	3
কি	বোর্ড	3
পোস্ট	এটাই	3
এটাই	দরকার	3
দিয়া	থাকলে	3
নাইস	এন্ড	3
আমি	গ্রাফিক্স	3
গ্রাফিক্স	ডিসাইন	3
কে	বলেন	3
এই	সাথে	3
নষ্ট	হইছে	3
পারসে	না	3
ভাই	চলবে	3
করে	পড়ুন	3
পারবেন	তবে	3
ভুল	ত্রুটি	3
ভালো	মান	3
আমি	কখনো	3
আমি	বলেসি	3
যত	বার	3
কথা	মতোই	3
থ্যাংকস	রিয়েলি	3
ভাইয়া	লিমিট	3
কি	জানলে	3
প্লিজ	বইলেন	3
ওই	স্ক্রিপ্ট	3
এ	সাইট	3
ফাইল	কপি	3
মেইন	কথা	3
কিভাবে	ফ্ল্যাশ	3
করি	এন্ড	3
হয়	সেটাই	3
এপ	সম্পর্কে	3
দিয়ে	ঢোকা	3
৩০	পয়েন্ট	3
গুলা	থেকে	3
খারাপ	হলে	3
সেন্টার	এ	3
ব্রো	এপস	3
এপস	ইনস্টল	3
রোজার	দিন	3
রুট	হচ্ছেনা	3
তাহলে	এন্ড্রোইড	3
ফ্ল্যাশ	করবেন	3
যদি	রিকভারি	3
তখন	পোস্ট	3
রিচার্জ	আর	3
আমার	রুট	3
রুট	সেট	3
স্যামসাঙ	জে	3
মুখে	লাগাম	3
লাগাম	দে	3
এর	পারমিশন	3
কানেক্ট	করেন	3
করে	পরেন	3
জানবে	না	3
আমি	সরাসরি	3
দেখেন	ফ্রি	3
করছি	একটাও	3
বলসেন	আপনি	3
আমি	দেখসি	3
কিসু	তো	3
হাহাহা	মজা	3
লাগবে	এটা	3
থ্যংক্স	ব্রো	3
পেনড্রাইভ	এ	3
কানেক্ট	হলো	3
এ	চালানো	3
লজ্জা	লাগে	3
এটা	দিয়েই	3
ভাই	ড্রইড	3
কোনো	জায়গা	3
নিজে	লিখসি	3
পাইসি	কিন্তু	3
চেঞ্জ	এর	3
ভাই	মাই	3
৩জি	নাই	3
আমি	অ্যাড	3
বের	হওয়া	3
পোস্ট	বন্ধ	3
আগে	রিক	3
এগুলো	ফলো	3
করলো	কেনো	3
আমার	টাও	3
দিন	টাকা	3
বাট	ইনকাম	3
৪জি	কিন্তু	3
ইউস	করসে	3
কমেন্ট	দেখেন	3
জিবি	ফাইল	3
কি	এন্ড	3
আগের	জায়গায়	3
হুম	ট্রিকবিডি	3
তে	ভিসিট	3
ভাই	মড	3
মড	এ	3
ব্রো	বিকজ	3
সাথে	তো	3
জন্য	প্রযোজ্য	3
সিম্ফনি	ইউসার	3
সব	গেম	3
সিম	রেজিস্ট্রেশন	3
কোনো	এসএমএস	3
ট্রিকবিডি	মোবাইল	3
পয়েন্ট	হ্যাক	3
যাবে	আমার	3
করে	রাখুন	3
দিবো	ইনশাল্লাহ	3
অথবা	আমার	3
শাওমি	এর	3
আমাদের	তো	3
করতাসে	না	3
ই	সুন্দর	3
মধ্যে	কোনো	3
এটা	আসে	3
এক্টিভ	করা	3
ধারণা	টা	3
নো	কানেকশন	3
করে	প্লে	3
করবো	ঐটা	3
ট্রিকস	টা	3
মধ্যে	পেমেন্ট	3
আপনে	পোস্ট	3
সেইটার	লিংক	3
না	ভালোই	3
পোস্ট	একটু	3
এ	এপ	3
লাইক	নিয়ে	3
গেসে	আমি	3
কিভাবে	খুঁজে	3
আমা	কে	3
কে	টিউনার	3
বানান	আমার	3
আমি	দিয়ে	3
দিয়ে	দেবো	3
লাগেনা	জাস্ট	3
সিওসি	কিভাবে	3
দিন	রাত	3
আছে	মাত্র	3
মাত্র	৫	3
যাতে	করে	3
সার্ভিস	দিবে	3
খারাপ	করলাম	3
এপস	টার	3
আপনি	প্লে	3
হইসে	আমি	3
এই	টোকেন	3
এ	দেখো	3
তে	লিংক	3
অবশ্যই	দিবো	3
তো	কেনো	3
তো	কপি	3
করেসি	ভাই	3
পোস্ট	ইউসার	3
হয়নি	প্লিজ	3
লক	হইলে	3
হইলে	লক	3
লক	খুলার	3
খুলার	টাকা	3
জানেন	আমি	3
হুম	কিসু	3
কোনো	টিউন	3
প্রোফাইল	থেকে	3
প্লেস্টোরে	সার্চ	3
নোকিয়া	তে	3
সবাইকে	জানানোর	3
রেড	কালার	3
আমি	১জিবি	3
চলে	এমন	3
চলেনা	আপনি	3
পোস্ট	নিজে	3
আমাকে	১টা	3
ভডি	আইও	3
আইও	হবে	3
টিউনার	থেকে	3
থাকে	আপনি	3
কত	জন	3
জন	পাবেন	3
বাঁশ	খাইসি	3
ট্রানসাকশান	আইডি	3
এইটা	নিউ	3
আমার	ইমো	3
হওয়ার	কোনো	3
শেয়ারইট	এ	3
পোস্ট	থ্যাংক্স	3
করেন	তারা	3
কি	বলসেন	3
ইন্টারনেট	ব্যালান্স	3
নিয়ম	নিয়ে	3
একটু	নিচে	3
স্টার্ট	হয়	3
করে	লাগে	3
২৪	টাকা	3
যায়	তাছাড়া	3
কানেকশন	না	3
ল্যাঙ্গুয়েজ	টা	3
হলো	কেনো	3
আজ	টিউনার	3
নাকি	অফ	3
রোম	গুলো	3
মত	থিম	3
গুলোর	মতো	3
ফ্রি	কি	3
করা	রোম	3
আর	শেষ	3
রোম	কিভাবে	3
জানে	ভালো	3
ব্রাউসার	এর	3
লিংক	পাওয়া	3
মতোই	হবে	3
মতো	একই	3
রিভিউ	হলো	3
ই	দেয়া	3
তো	এড	3
না	মোবাইল	3
ইন্টারনেট	এর	3
ভাই	যেহেতু	3
কাইন্ডলি	আপনি	3
আর	শেয়ার	3
ব্রো	একটি	3
একটি	ফোন	3
করেন	দেখেন	3
দেখেন	কেমন	3
না	বললেই	3
নাই	কিছু	3
দিয়ে	এক্সট্র্যাক্ট	3
হবে	যেমন	3
ওহ	তাই	3
ক্রিয়েট	নিউ	3
আসলে	একটা	3
অ্যাড	দেন	3
জেনে	শুনে	3
করে	বসে	3
আমি	উইন্ডোস	3
হলো	এখনো	3
বিন	এর	3
করবেন	কিভাবে	3
কই	পামু	3
খারাপ	ব্যাপার	3
কিনতে	চান	3
এ	রাখসি	3
ডি	কে	3
তাই	কোড	3
হেল্প	প্লিজজ	3
হমমম	বাট	3
শুনতে	হয়	3
কাজ	হইলে	3
হইলে	থ্যাংক্স	3
আনরুট	এ	3
লিংক	টি	3
তবুও	থ্যাংক্স	3
প্রব্লেম	ছিল	3
চুরি	করার	3
সবাই	যে	3
কে	ছোট	3
তো	আমারই	3
ভাই	উনি	3
সরি	ব্রাদার	3
মিস্টেক	হয়ে	3
টার	কথা	3
মানুষ	ভুলে	3
ভুলে	গেছে	3
ব্রো	ডার্ক	3
সার্ভার	ডাউন	3
এমন	হচ্ছে	3
পর	ইনস্টল	3
একটা	গিফট	3
প্রাইভেট	কি	3
আপনি	অনলাইন	3
এই	গ্রুপ	3
অটো	রিনিউ	3
বন্ধ	করবো	3
তবে	আর	3
তো	দিচ্ছি	3
পেজ	ক্রিয়েট	3
হয়	সেটাও	3
টিউটোরিয়াল	আছে	3
খুলতে	গেলে	3
গেলে	দিস	3
যাবেন	দেন	3
মজিলা	তে	3
তে	হয়	3
দিলে	কত	3
সময়	মাঝে	3
আগেই	তো	3
অসাম	ভাই	3
কি	ফেইসবুক	3
ভাই	সেকেন্ড	3
রিভিউ	করেনা	3
করসি	হয়না	3
কিছু	হবেনা	3
ব্রিক	হয়ে	3
সেম	টু	3
টু	সেম	3
ওই	ওয়েবসাইট	3
দেখে	আসতে	3
বললে	হবে	3
৩	এমবি	3
যায়	ভাইয়া	3
তো	পাবলিশ	3
বানাই	না	3
বলে	দিবো	3
সেটিংস	এর	3
ব্রো	এ	3
নতুনদের	জন্য	3
সময়	হয়	3
একটা	ডিটেলস	3
থাকলে	সব	3
বাসা	কি	3
কাজ	করতেসি	3
হইসে	আপনার	3
ওয়েবসাইট	লিংক	3
তো	দিতেই	3
ভাবে	টাকা	3
বাট	থ্যাংক্স	3
পিক	এ	3
করি	কি	3
ভাই	পয়েন্ট	3
প্রায়	১	3
রাত	থেকে	3
দিয়ে	করসি	3
হচ্ছেনা	কি	3
সব	রুট	3
ভালো	তাই	3
এরিয়া	তে	3
এপ	না	3
ভাই	দেন	3
এই	চলে	3
কষ্ট	হলেও	3
৮	তারিখ	3
আরো	২	3
কোনো	মুভি	3
বাংলা	ডাবড	3
যে	যার	3
ব্রো	বুঝলাম	3
সাপোর্ট	টীম	3
ডাউনলোড	পোর্টাল	3
তো	পরের	3
হোক	এর	3
এর	সিকিউরিটি	3
ফাস্ট	ডাউনলোড	3
এসশট	সহ	3
মার্কেট	প্রাইস	3
পোস্ট	দিয়া	3
একটু	গুগল	3
আমিও	এই	3
তো	খালি	3
বানাতে	পারবেন	3
খেলে	তাদের	3
ভাই	এমটি	3
কোনো	অথর	3
আরো	১	3
জন্য	সেটাই	3
আমাকে	সিম্ফনি	3
জিপি	থেকে	3
এজ	ইউ	3
ইউ	গো	3
দেখায়	তাহলে	3
হলো	কি	3
যেই	ফোন	3
ক্লিয়ার	ভাবে	3
করসিলাম	কিন্তু	3
শো	করসে	3
প্রব্লেম	ব্রো	3
এগুলা	তে	3
বেশি	মজা	3
একাউন্ট	নিয়ে	3
কইরেন	আমি	3
১জিবি	করে	3
এ	১০	3
ফোন	ওয়াইফাই	3
ওয়াইফাই	কানেক্টেড	3
এ	করবো	3
খাবে	না	3
আমি	শিখতে	3
এই	হলো	3
হবে	বুঝলাম	3
করেন	লিংক	3
আমার	ইউসার	3
কার্টুন	এর	3
পারে	নাই	3
কিছু	তে	3
ক্লিক	করা	3
দিলে	সাথে	3
ইয়ার	ওয়েট	3
সামনে	এক্সাম	3
ডাউনলোড	পেজ	3
প্লিজ	কারণ	3
লাইসেন্স	ভেরিফিকেশন	3
ভাই	সুপার	3
না	কিংরুট	3
সমস্যা	নেই	3
প্লিজ	আপডেট	3
কি	ফ্রী	3
ডট	দিয়ে	3
দিয়ে	ঢুকা	3
টাকায়	১০০	3
হয়	বেশি	3
এপ	গুলোর	3
৩জি	ফোন	3
এমবি	ইউস	3
চাই	আশা	3
তা	দিবেন	3
থাঙ্কস	ইউ	3
বিরক্ত	হয়ে	3
ভাই	কান্ট্রি	3
কান্ট্রি	চেঞ্জ	3
এইটা	কেমনে	3
আমার	পার্সোনাল	3
পুরাই	কপি	3
ঢুকে	দেখেন	3
উইথড্র	দেওয়ার	3
মিন	পর	3
পর	ডিসকানেক্টেড	3
ডিসকানেক্টেড	হয়ে	3
সমাধান	দিন	3
টা	ব্যাকআপ	3
ভাই	স্টক	3
যোগাযোগ	করো	3
টাই	নাই	3
এই	ইনফরমেশন	3
মানে	ওরা	3
১০	মিন	3
পেমেন্ট	দিয়ে	3
বললে	আরো	3
কি	দিবেন	3
দিবেন	তো	3
হইলে	পোস্ট	3
জীবনে	কি	3
এইসব	করা	3
ভাবে	দিন	3
আমি	এবার	3
ইমাম	আবু	3
আবু	হানিফার	3
রাসূল	স	3
স	এর	3
নাকি	কানেক্ট	3
ভিডিও	ডাউনলোডের	3
দিলে	উপকৃত	3
আপ	এর	3
ফ্লোটিং	উইন্ডো	3
তাইলে	আমার	3
কোনটা	প্লিজ	3
কি	ভেবে	3
সময়	টাইম	3
দিয়ে	পারলে	3
নাহলে	পোস্ট	3
হয়	গুগল	3
ফালতু	এপ	3
এইসব	এপ	3
এড	এর	3
একই	আইপি	3
আইপি	থেকে	3
না	এপস	3
ব্রো	তোমাকে	3
ধন্যবাদ	এই	3
পারে	সেটা	3
ওয়ান	ক্লিক	3
আবার	ট্রেনার	3
করসে	সেটা	3
দেয়া	ছিল	3
হচ্ছে	যে	3
সিমবিয়ান	এ	3
যায়	নতুন	3
এ	অথর	3
অথর	দেন	3
থ্যাংক্স	ইউ	3
বাট	মেয়াদ	3
এইভাবে	পোস্ট	3
চলবে	সেটা	3
সেটা	বলবেন	3
কার্ড	ক্রিয়েট	3
তবে	এইটা	3
বেশি	খায়	3
না	পারার	3
কানেকশন	লাগে	3
ফালতু	অফার	3
জানা	লাগে	3
পোস্ট	তে	3
এ	এয়ারড্রপ	3
ওল্ড	সিস্টেম	3
গ্যালাক্সি	কোর	3
এর	অফিসিয়াল	3
আগে	বলেন	3
কিসু	পোস্ট	3
প্লিজ	৬	3
কি	ফুল	3
ডায়াল	করলেও	3
হেল্প	নেন	3
আপনাকে	জানিয়ে	3
এটা	লেখা	3
ভাই	ফালতু	3
করে	দিতাম	3
আর	মিথ্যা	3
সেটা	বলুন	3
এ	যখন	3
ইনস্টল	ফেলড	3
উচিত	সিলো	3
এইটা	কাজ	3
করুন	ধন্যবাদ	3
করো	পোস্ট	3
স্টোরে	ঢুকতে	3
যাবে	এরকম	3
অর	ডলার	3
তো	সিস্টেম	3
নষ্ট	হইসে	3
হইসিলো	এখন	3
নজর	দেওয়া	3
আগে	চলতো	3
অ্যাডমিন	আমার	3
টা	ব্লক	3
মারসে	এখন	3
আপনি	লাকি	3
নেম	এন্ড	3
বিস্তারিত	বললে	3
করলাম	আমার	3
কমেন্ট	আমি	3
বের	হইসে	3
সিম্ফনি	এক্সপ্লরের	3
বাট	লাস্ট	3
বলে	যাবে	3
প্রায়	৩০	3
কোয়ালিটি	ভিডিও	3
জন্য	এমন	3
তে	কনভার্ট	3
আমি	কিংরুট	3
ভাই	এইচটিএমএল	3
অফিসিয়াল	ওয়েবসাইট	3
প্রতি	দিন	3
গুলা	আর	3
ফার্স্ট	যে	3
নি	তারা	3
কি	নিতে	3
ব্রো	এত	3
মড	এর	3
ভালো	ট্রিক	3
নিয়ে	তাহলে	3
ইজ	বেটার	3
বলছে	আপনি	3
জি	আপনি	3
আর	ফ্রী	3
নাই	টাকা	3
হেল্প	করছি	3
কোনো	মানেই	3
তো	বলিনি	3
নাম্বার	ও	3
ব্রো	কিভাবে	3
টা	ফিরিয়ে	3
ধারণা	আছে	3
যাই	তবে	3
রিভিউ	দিলেই	3
আইটি	এক্সপার্ট	3
বুঝতে	পেরেছেন	3
বাদে	আর	3
আর	কই	3
আমিও	একটা	3
তো	কন্ট্রিবিউটর	3
বাট	তাহলে	3
টা	এপস	3
করতে	মাত্র	3
২০	মিনিট	3
মতে	এই	3
হ্যাক	বলে	3
হতাম	তাহলে	3
প্রুফ	আছে	3
কত	কাটবে	3
সিস্টেম	এই	3
করো	ভাই	3
ভাই	পুরা	3
ব্যাংক	এর	3
পারি	যদি	3
ইসলামী	ব্যাংক	3
ফোন	ইউস	3
এডসেন্স	থেকে	3
এর	জিনিস	3
যাবে	সো	3
করে	রাখসে	3
পোস্ট	দেস	3
মতামত	এর	3
দোকান	থেকে	3
থেকে	ফ্ল্যাশ	3
আসছে	ভাই	3
এখন	স্পিড	3
ভাই	আর্নিং	3
কি	খারাপ	3
তাদের	ও	3
টা	দেখবেন	3
ওই	এপ	3
ভার্সন	রুট	3
না	এপ	3
মিনি	দিয়েই	3
আগে	দেখসি	3
আপনি	সেটিং	3
কি	দিসেন	3
বিএল	এ	3
এ	পে	3
পে	এজ	3
নট	ইনস্টল	3
অ্যাডভান্স	থ্যাংকস	3
কেমনে	স্টপ	3
শুরু	করি	3
সিমের	অফার	3
অফার	তা	3
এ	বলা	3
ব্রো	এটাই	3
২০০	টাকায়	3
এখন	সেই	3
ভিডিওডার	এ	3
সোর্স	লিংক	3
একটা	কিছু	3
করা	হলে	3
কিছু	অ্যাড	3
অ্যাড	করেছি	3
ব্রো	আসলে	3
পরে	এপ	3
সাইজ	কম	3
খুব	জরুরি	3
অ্যারো	কি	3
কইরা	দিসে	3
নাম্বার	নিয়ে	3
বেশি	এফবি	3
সিম	আছে	3
পেমেন্ট	দিতে	3
ফকির	হয়ে	3
হয়ে	যাবো	3
পর	দেখে	3
বাট	অথর	3
না	তে	3
১টা	দিলেই	3
এর	১০	3
ডে	ট্রায়াল	3
এ	বুঝতে	3
করেন	বুঝতে	3
থাকলে	কোনো	3
গুলোর	কথা	3
কি	সে	3
তারপর	কথা	3
ভুল	করলেন	3
ব্রো	দিয়ে	3
এ	বলেন	3
দেখসি	বলতাসে	3
প্লিজ	আরে	3
আরে	পিসি	3
পোস্ট	ওপেন	3
করবেন	সবাই	3
মানুষের	গালি	3
ব্যাটারী	চার্জ	3
ফেরত	দিবে	3
বিন	কাজ	3
টি	এ	3
প্রব্লেম	তো	3
অর	গুগল	3
ফ্রী	না	3
গ্ৰুপ	লিংক	3
কেউ	জানাবেন	3
দিয়ে	তাহলে	3
থাকবে	নি	3
সুন্দর	হইসে	3
মতে	৫	3
গুগল	ট্রান্সলেটেড	3
থ্যাংক্স	পাইসি	3
অভ্র	ইউস	3
ডিপোজিট	না	3
বাট	মনে	3
হয়	সিম্ফনি	3
ও	কোড	3
কোয়ালিটি	নাই	3
এনআইডি	লিখে	3
এটাও	পোস্ট	3
করা	বাকি	3
আজ	এ	3
নেভি	নিয়ে	3
রিকোয়েস্ট	রইলো	3
দেখে	নেন	3
ই	দরকার	3
পারবো	ইনশাল্লাহ	3
না	টিকলে	3
বুট	এ	3
আমিও	৪	3
না	কালকে	3
কালকে	ট্রাই	3
ট্রাই	করিয়েন	3
ফেইসবুক	ফলোয়ার	3
চলবে	এতো	3
করমু	ফোন	3
এর	রিস্টার্ট	3
প্রো	তে	3
তে	দিলেই	3
থেকেও	আসবে	3
দেখসি	ট্রিকবিডি	3
সফল	হয়েছি	3
করলে	দিবে	3
করেন	টাইম	3
মাস্ট	বি	3
লিমিট	ক্রস	3
এটাই	ভেজাল	3
হলে	আরেকটা	3
আর	সার্ভার	3
সার্ভার	ইজ	3
ভিসিট	মাই	3
জন্য	দয়া	3
যেন	আরো	3
দেখায়	লগইন	3
যে	ওরা	3
ফুল	ইনফরমেশন	3
যায়	এইটা	3
এইটা	ফিক্স	3
কিভাবে	মানে	3
এট	লিস্ট	3
সবার	হয়	3
মতো	সেটিংস	3
ইনস্টল	হইসে	3
টিপতে	হবে	3
ভাই	নোটিফিকেশন	3
প্রুভ	দিবো	3
এসএমএস	গুলা	3
তাইলে	ট্রিকবিডি	3
তে	আসবোনা	3
ডিসএবলড	আইডি	3
উইথড্র	দিসি	3
পর	জিমেইল	3
আসতো	এখন	3
মেসেজ	ও	3
অ্যাডমিন	মডারেটর	3
আমার	পেজ	3
এমবি	ভাই	3
জি	আপনার	3
আমরা	বুঝি	3
অনেক	পরিশ্রম	3
পরিশ্রম	করেন	3
তাহলে	কেনো	3
এন্ড	অল	3
স্টোরে	পাওয়া	3
যায়	হেল্প	3
টি	আপনি	3
নিয়ে	ডিটেলস	3
অপশন	আসেনা	3
কি	আমারে	3
যেমন	মুভি	3
মানা	করি	3
যা	সত্যি	3
টিপস	এ	3
না	যাওয়াই	3
পাবো	আপনার	3
আগের	ভার্সন	3
মানে	নিউ	3
যখন	ফোন	3
ভাই	চাই	3
টা	করসিলাম	3
১৮	তারিখ	3
নিউ	এফবি	3
নাকি	১	3
আর	প্লাগইন	3
ভাইয়া	দেওয়ার	3
যারা	আগে	3
আবার	কেনো	3
কেনো	এই	3
টাকা	১জিবি	3
এসএমএস	বোমবিং	3
পাইসে	ভাই	3
গুলা	কানেক্টেড	3
কানেক্টেড	করা	3
আইডি	আমি	3
ইউস	করাটাই	3
এ	সিস্টেম	3
জন্য	১টা	3
নাম	ঠিকানা	3
আগেও	তো	3
এ	হত	3
অফার	কে	3
অফিস	এর	3
ওই	হালা	3
বার	কোড	3
কোড	বসাতে	3
মধ্যে	অটো	3
ভাই	ওয়ালটন	3
এনএইচ	লাইট	3
লাইট	রুট	3
কি	দেখলেন	3
দিয়া	করবো	3
ভার্সন	ট্রাই	3
দাম	এখনো	3
ভাইরাস	হিসেবে	3
ওওওও	তাই	3
এ	জানাবেন	3
একটা	বাগলেস	3
এর	দিয়ে	3
যায়	ভালো	3
রোম	লিংক	3
এও	কাজ	3
তো	পরে	3
মিথ্যা	পোস্ট	3
বা	মানুষ	3
হয়রানি	করবেন	3
সত্য	কথা	3
জিপি	এবং	3
এ	তবে	3
তবে	জিপি	3
সমাধান	ও	3
পাইসেন	কেউ	3
রা	প্লিজ	3
১০০০০	হাত	3
দেখতে	বিরক্ত	3
কই	আপনি	3
লাগে	আপনি	3
নাও	এ	3
ইয়ারলি	প্যাক	3
কোড	কই	3
ফালতু	কোথাকার	3
এ	ড্রইড	3
হয়না	রে	3
টা	তৈরি	3
সার্চ	অপশন	3
আরো	বেটার	3
কোড	দেয়ার	3
কেটে	দিলে	3
পর	কোড	3
প্লিজ	সল্ভ	3
উইথড্র	দিবো	3
ডোমেইন	কি	3
এ	পসিবল	3
করিনি	আজ	3
দরকার	তাই	3
রে	ব্রো	3
ব্রো	সবাই	3
কন্টাক্ট	করো	3
সেই	খানে	3
তো	সময়	3
দিবেন	ভাইয়া	3
ফর্ম	নাম্বার	3
যে	কত	3
না	শালা	3
নাই	তোর	3
কোড	বসান	3
আপডেট	কোড	3
আসছে	যে	3
বলেন	চেষ্টা	3
যদি	ফেইসবুক	3
করেন	পারবেন	3
পারবেন	কাজ	3
অনেকেই	বলে	3
রেজাল্ট	পাবো	3
দিয়ে	দিলেন	3
কিছু	প্রব্লেম	3
পরে	কাজ	3
তারা	কিভাবে	3
কিভাবে	কার্ড	3
কার্ড	পেতে	3
ট্রায়াল	নেওয়া	3
তো	যদি	3
করতেন	ভাই	3
ধুরু	মিয়া	3
থেকে	এফবি	3
না	সাবস্ক্রাইব	3
আপনি	আলাদা	3
রেফার	যুক্ত	3
করসি	এই	3
সাইট	বাদ	3
ছিল	ওইটা	3
ওইটা	যদি	3
দেন	ভালো	3
যাতে	কোনো	3
পেয়ে	গেসি	3
ভাই	পিক	3
পরেন	নি	3
রাখা	লাগে	3
ভুল	তো	3
অন্য	রা	3
কে	অফ	3
করবে	এটা	3
প্লেয়ার	আপডেট	3
ফেলা	হয়	3
পরে	যদি	3
কাস	থেকে	3
ওয়াইফাই	ও	3
দেখেন	ট্রাই	3
করসেন	ভাই	3
এ	রিপ্লায়	3
তে	আইসা	3
না	স্যামসাঙ	3
দারুন	একটা	3
এর	ফটো	3
হবে	আশা	3
এগুলা	সব	3
দিয়া	লাগবে	3
আল্লাহর	কাসে	3
উপরের	নিয়ম	3
নিয়ম	অনুসারে	3
টাকা	কে	3
এ	নো	3
পাস	ওয়ার্ড	3
বাট	নেট	3
এত	ভেজাল	3
ও	অন	3
ব্রো	২টা	3
কিভাবে	উইন	3
কম্পিউটার	কি	3
কি	স্লো	3
জিমেইল	সেল	3
মোড	নিয়ে	3
ওইটা	কাজ	3
ভাই	দিসি	3
দিসি	লিংক	3
আমিতো	কিছু	3
থ্যাংকস	উইথ	3
নতুন	কি	3
গুছিয়ে	লিখার	3
চালাতে	পারে	3
বাট	২৪	3
টাকা	পাঠাতে	3
ভাইয়া	অনলাইন	3
ব্রিক	খাইসে	3
ট্রাস্টেড	কেউ	3
কেউ	আসেন	3
দিয়ে	এক্টিভ	3
উঠে	কি	3
লাস্ট	যেই	3
ডিপোজিট	করার	3
আমি	ই	3
গুলো	পোস্ট	3
পোস্ট	ইন	3
ইন	ফ্যাক্ট	3
এই	বট	3
এর	এপস	3
ভাই	হাই	3
হাই	এন্ড	3
দেন	তাইলে	3
ও	টিউনার	3
ভাবে	কোড	3
টা	দিসেন	3
এর	টাও	3
আমি	কবে	3
পরে	যা	3
যা	মানুষ	3
মানুষ	হজ	3
থাকবেনা	আর	3
ও	হয়ে	3
যদি	এইটা	3
নামাজ	ও	3
এন্ড	যে	3
তা	কেউ	3
দিয়ে	গিফট	3
আপনাদের	কে	3
থেকেই	কাজ	3
কোনো	মোবাইল	3
পোস্টটি	দেখুন	3
ই	খারাপ	3
সব	কিছুর	3
খুঁজে	পাবো	3
৫০০	পয়েন্ট	3
আপনার	এমবি	3
চালু	হইসে	3
একবার	দেখেন	3
রোম	ব্যাকআপ	3
আপনার	কাস্টম	3
একটা	ওয়েব	3
ই	ওয়ালেট	3
ওয়ালেট	চেক	3
ইনকাম	কি	3
বেশি	এড	3
গুলা	করা	3
হয়েছে	সেগুলো	3
ফোন	হয়	3
স্টাইল	এর	3
সিম্ফনি	এইচ৩০০	3
থাকলে	লাগবে	3
অফিসিয়াল	এফবি	3
একটিভ	হলে	3
মেম্বার	রা	3
ভাই	লল	3
ভাই	ব্যালান্স	3
আগের	অথর	3
মত	কোনো	3
অথর	হইসেন	3
ভালো	যে	3
ক্রেডিট	দেয়া	3
বলার	দরকার	3
রুট	এপস	3
আপ	টু	3
তে	ওটা	3
ওটা	আগেই	3
এইভাবে	দিতে	3
স্ক্রিনশট	দিতেন	3
শালা	পাগলের	3
দিন	এটা	3
রা	কিছু	3
প্রব্লেম	হওয়ার	3
হওয়ার	তো	3
ব্যাংক	কে	3
একাউন্ট	বাদে	3
কাসে	আমার	3
পেরেসি	তাহলে	3
৭	মাস	3
না	বানান	3
করলেন	কি	3
কি	বললাম	3
তো	যে	3
কি	ফ্লেক্সিলোড	3
ফ্লেক্সিলোড	এ	3
এ	লোড	3
পূরণ	করসি	3
পাবলিশড	হয়নি	3
আজকে	ট্রিকবিডি	3
গুলা	কপি	3
ভিপিএন	ভার্সন	3
কত	এন্ড	3
দেখে	কিভাবে	3
তে	১২০০	3
দেখেন	চলে	3
এইগুলা	আর	3
ফেলড	হয়ে	3
দিমু	কেমনে	3
টিউনার	ক্যানসেল	3
গুলো	এপ	3
দিয়ে	সেটা	3
এফটিপি	বেস্ট	3
ভালোই	কাজ	3
হবে	আরো	3
বোঝলাম	না	3
১৮	টা	3
ওইগুলা	কাজ	3
হলে	আমাদের	3
দেখে	ভাই	3
ওহ	আমি	3
এতো	বোকা	3
বিডিটুইস্ট	কম	3
এ	১০০টাকা	3
১০০টাকা	আপনিও	3
আপনিও	এখন	3
ইনকাম	শুরু	3
দিন	বিডিটুইস্ট	3
বিডিটুইস্ট	এ	3
কারা	কারা	3
দেয়াই	আছে	3
এসব	অথর	3
লজ্জা	বলে	3
ব্রো	আপলোড	3
আপনি	দিছেন	3
পারেন	তারপর	3
খুলসি	বাট	3
ট্রেনার	হওয়ার	3
সময়	একটু	3
পোস্ট	খুঁজে	3
তে	যেই	3
তাই	বন্ধ	3
এই	সাবজেক্ট	3
করসেন	সেটা	3
ছাড়া	প্লিজ	3
অন্য	কিসু	3
নামানো	যাবে	3
সাইট	স্ক্যাম	3
সাতোশি	লস	3
ইনভেস্ট	করসি	3
করসি	এটা	3
স্ক্যাম	করলে	3
বাঁশ	খাবো	3
কিছু	এসএস	3
চালু	থাকবে	3
অফলাইন	এই	3
গেম	দিয়া	3
চালাইতে	পারবেন	3
করতে	পারতাসি	3
হাইড	অপশন	3
সামনে	নিয়ে	3
নাহ	বলেন	3
প্রসেসর	ভালো	3
করলাম	অনেক	3
এর	থাকা	3
ব্রাদার	এটা	3
একবার	দেখে	3
আপনি	সরাসরি	3
এ	যার	3
ভাই	আপনিতো	3
ফর	টেলিং	3
টেলিং	মি	3
বলতে	এটার	3
কে	একটা	3
এতো	বার	3
এসএস	দিবো	3
স্টার্ট	হইসে	3
চোখ	এ	3
প্রব্লেম	আর	3
আর	নেম	3
পিক	কিভাবে	3
আমাদের	কিছু	3
আবার	কিন্তু	3
সাবজেক্ট	আর	3
আর	সাজেশন	3
আমার	পক্ষ	3
বিষয়	একটু	3
আওয়ার	গ্রুপ	3
বলতে	পারিনা	3
আইডি	সাবমিট	3
গুড	রুলস	3
নাই	শালা	3
অ্যাডমিন	ডিলিট	3
নাই	তারপর	3
ব্রো	কত	3
আমার	কষ্টের	3
মোডিফাইড	করা	3
দিয়ে	তুমি	3
ফ্রি	না	3
করার	আমার	3
কিছুই	হইলো	3
জন্য	২০১৩	3
ব্যানড	হয়ে	3
নক	দিলে	3
হেল্প	কইরেন	3
পার্ট	দিবেন	3
আর	ইউসার	3
কাসে	কি	3
ডাউনলোডার	স্ক্রিপ্ট	3
ফাজলামো	করে	3
আপনাদের	কথা	3
শুধু	কষ্ট	3
বার	হলেও	3
আপডেট	চাই	3
করে	ফেলসে	3
এর	মার্কেটিং	3
মার্কেটিং	টা	3
পর	কেটে	3
নোটিফিকেশন	টা	3
হাজার	লাইক	3
দেখলাম	ব্রো	3
যাক	ট্রিকবিডি	3
করবো	অনেক	3
না	অন্যের	3
এ	বাজে	3
ভাইয়া	এইটাতে	3
ততো	এমবি	3
দেখলাম	শুধু	3
শুধু	দারাজ	3
এ	বলছে	3
কম	থেকে	3
কিছু	আবুল	3
অফ	অন	3
ডেইলি	কি	3
আর	টেলিগ্রাম	3
ই	জানে	3
করসেন	তাই	3
স্টাইল	পাস	3
এর	কাছ	3
তো	দিতে	3
বিসনেস	একাউন্ট	3
থেকে	বা	3
বা	নিজে	3
এটা	ওয়াপকিজ	3
হুম	থ্যাংক্স	3
ই	অথর	3
জেনে	ও	3
কারো	থাকে	3
এমবি	স্পিড	3
কেনো	কেউ	3
এ	কানেক্টেড	3
কানেক্টেড	থাকা	3
ছিল	ট্রিকবিডি	3
করেনা	একটু	3
একটু	ঠিক	3
করেন	ট্রিক	3
১৫	জন	3
কমেন্ট	করসে	3
বলসে	তারা	3
তাহলে	বলুন	3
পর	৫	3
করে	ই	3
মাই	কোড	3
ভাই	দিলেন	3
করুন	কিভাবে	3
কারনেল	পোর্ট	3
১	ম্যাচ	3
এফবি	প্লিজ	3
না	সেজন্য	3
ভেরিফাই	হবে	3
কিভাবে	ওরা	3
ওই	নিউ	3
ফাইল	এই	3
আবার	চলে	3
সল্যুশন	থাকলে	3
ভাই	যখন	3
কমান্ড	ভুল	3
করলে	৪জি	3
না	রবি	3
রবি	কাস্টমার	3
ফোন	দিলে	3
মোবাইল	নাকি	3
সঙ্গে	যোগাযোগ	3
এনিমে	সিরিজ	3
সব	টাইম	3
৩২	টাকা	3
এপ	নেম	3
দিয়েই	হ্যাক	3
টাইম	ট্রিকবিডি	3
ভাই	ওয়ান	3
ওয়ান	প্লাস	3
থেকেও	খারাপ	3
বিষয়	মনে	3
ফেইসবুক	ট্রিক	3
এ	পিসি	3
পিসি	নেই	3
নেই	এমন	3
নিজের	পিসি	3
এর	আসে	3
এর	এখানে	3
যেতে	হলে	3
আপনার	ব্যবহার	3
আমারও	একই	3
করে	উনার	3
টা	করলো	3
নাই	যার	3
বিডি	সাপোর্ট	3
সপ্তাহ	২	3
তো	গালি	3
আরো	১০	3
করুন	তার	3
ফোন	ব্রেক	3
এ	দিসে	3
অফার	শেষ	3
ফুল	একটা	3
করতে	২০	3
আওয়ার্স	লাগবে	3
উপরের	সবার	3
আপনার	করে	3
ইন	হবে	3
রিভিউ	দেখলাম	3
পুরা	অস্থির	3
নাইস	শেয়ার	3
বাট	তাই	3
৭	মিন	3
কত	সাতশি	3
কেউ	দেয়	3
আর	করবে	3
ফর	লাইক	3
রিভিউ	এর	3
এর	ক্যাটাগরি	3
নাই	নিজে	3
মন	মানসিকতা	3
তাইলে	বলেন	3
ভাই	আসলেও	3
যখন	কমেন্ট	3
দিলেন	আর	3
যে	টেলিগ্রাম	3
কথা	এ	3
এ	বুঝেন	3
পাইলাম	তাই	3
কে	থ্যাংকস	3
মিনিট	পরে	3
পরে	বার	3
হাজার	ফোন	3
মেমরি	খালি	3
এমবি	ফোন	3
দেয়া	ট্রাই	3
মাশাল্লাহ	অনেক	3
এটা	বাট	3
এ	কেন	3
হবে	একটা	3
আল্লাহ	ভালো	3
ভালো	জানে	3
জন্য	এইসব	3
বার	করতে	3
ই	ফ্রী	3
ফাইল	পাবেন	3
রিকভারি	পোস্ট	3
এয়ারটেল	রবি	3
তে	ই	3
উপরে	কমেন্ট	3
ট্রিকবিডি	এগিয়ে	3
এগিয়ে	যাক	3
এ	পয়েন্ট	3
তো	এগুলা	3
আবার	দিতে	3
ইন্ট্রো	মেকার	3
ভাইয়া	মুভি	3
এ	ডিরেক্ট	3
হয়	যেন	3
বেশি	পাবেন	3
নরমাল	সার্ভার	3
নিচে	হবে	3
আমি	কিনসি	3
শেষ	পর্ব	3
দিসি	এফবি	3
পেআউট	ব্যালান্স	3
স্ক্রিনশট	গুলাও	3
জন্য	দুঃখিত	3
কিন্তু	ট্রিক	3
হেল্প	তো	3
চার্জ	খাবে	3
সমস্যা	হলো	3
যদি	রুট	3
ওয়েবসাইট	থেকেই	3
হোক	ভালো	3
আমি	চুদি	3
কি	কানেক্ট	3
পারবো	এফবি	3
নো	কি	3
এর	কাজটা	3
হত	আর	3
অল	দা	3
আবার	প্রথমে	3
প্রথমে	চলে	3
এমবি	হইলো	3
বললো	আমার	3
১	ইয়ার্স	3
একাউন্ট	করবেন	3
করবেন	থ্যাংকস	3
যে	ফটো	3
দেখুন	যে	3
নামের	সাথে	3
মিলে	যাবে	3
গেল	আপনার	3
সম্পর্কে	ভালো	3
কিন্তু	এ	3
রকম	ভুয়া	3
ভুয়া	কাজ	3
ওয়ে	বলেন	3
থেকে	একটু	3
দিছেন	ডাউনলোড	3
হয়েসে	সেটা	3
করবো	দেখি	3
কি	লক	3
টিউনার	করবে	3
করেছি	বিটিসি	3
না	কাইন্ডলি	3
না	আপডেট	3
দিলাম	চেক	3
জানি	তারপর	3
ও	গুড	3
এমবি	এক	3
ভাই	সমস্যা	3
হলে	আমাকে	3
দেন	টেলিগ্রাম	3
ভাবে	চালানো	3
ফেক	মেইল	3
করলে	আনলিমিটেড	3
আছে	লিংক	3
বায়ার	কে	3
পারে	আপনার	3
দিবো	সো	3
সো	বি	3
চার্জ	প্রযোজ্য	3
প্রযোজ্য	না	3
না	কেবল	3
তো	এপ	3
মেক	করছি	3
লেভেল	কত	3
ভুল	করসেন	3
দিয়া	২টা	3
দেখায়	এনি	3
কয়েকটা	একাউন্ট	3
কি	পেইড	3
আর	থাকবেনা	3
কিভাবে	আনলক	3
বুঝতে	পারিনি	3
কমেন্ট	কি	3
করলাম	হয়না	3
১	ঘন্টা	3
আমার	আইএসপি	3
দিলে	সবাই	3
অফিসিয়াল	ভাবে	3
ভাইয়া	আমারও	3
গুগল	গিফট	3
বার	এমন	3
ইউনিভার্সিটি	এর	3
কিভাবে	ওয়েবসাইট	3
তাইলে	আপনাকে	3
তুমি	চিনো	3
অন্যান্য	সাইট	3
ব্রো	২০১৭	3
অপেক্ষায়	সিলাম	3
রেজিস্ট্রেশন	করবো	3
ইউনিট	কিভাবে	3
বলতেন	আপনার	3
খুঁজে	এমন	3
এমন	ভিডিও	3
ভিডিও	পাই	3
ব্রো	টাইটেল	3
কিসু	শিখলাম	3
একি	অবস্থা	3
কার্ড	জেনারেট	3
কিভাবে	ডলার	3
দিলে	কোনো	3
কোনো	রেজাল্ট	3
বলসে	যে	3
আবার	করবো	3
করে	দেখাবো	3
ম্যাসেজ	দিন	3
আইডি	সাসপেন্ড	3
সাসপেন্ড	হয়	3
তোরা	কি	3
আবাল	তোর	3
কর	আর	3
ধান্দাবাজি	বাদ	3
ভাইয়া	ভিভো	3
আসেন	সব	3
দিয়ে	করবেন	3
কমেন্ট	বার	3
এই	চিপসেট	3
কবে	পোস্ট	3
তাই	এতো	3
লাভ	আমি	3
কয়টা	ক্রিয়েট	3
গাধা	মার্কা	3
এমন	হয়ে	3
তুমি	একটু	3
জন্য	মিনিমাম	3
৮	লাগে	3
থাকলে	জানায়েন	3
যখন	যে	3
ভাই	কেনো	3
তে	লাইক	3
কিছু	এপস	3
দেন	নাহলে	3
আপনি	বিষয়	3
টা	বুঝেন	3
ইমেইল	গুলা	3
মেইল	আসবে	3
সন্দেহ	থাকলে	3
পারেন	থ্যাংক	3
যাবেন	পোস্ট	3
যারা	নগদ	3
নগদ	নিউ	3
খুলে	২৫	3
টাকার	সাথে	3
আরো	২০	3
টাকা	টোটাল	3
তারা	প্লিজ	3
বুঝিয়ে	বলতেন	3
২০১৩	এর	3
ইমেজ	দেখে	3
ফর্ম	সাবমিট	3
কত	ক্ষণ	3
ভালো	করা	3
মডারেশন	দেখায়	3
কিন্তু	এপ	3
নাকি	বাজে	3
কমেন্ট	করস	3
কেন	নিজে	3
করতে	পারিস	3
সেটা	বল	3
যার	নাম্বার	3
তার	নাম্বার	3
কোথায়	দিবো	3
দেখসি	বাট	3
এ	ক্যাটাগরি	3
একি	কথা	3
থেকে	করসি	3
ফাউল	করে	3
হুম	তাই	3
গুলা	জিপ	3
কম	সব	3
আগে	অনেকবার	3
পোস্ট	পাইনি	3
অসাধারণ	ভাই	3
ভাইয়া	ওয়াল্টন	3
ভালো	১টা	3
নিউ	দের	3
কিভাবে	বলে	3
কি	স্ক্রিনশর্ট	3
নিয়া	যাবে	3
টি	এমন	3
নোকিয়া	হয়	3
জন্য	ওয়েবটানেল	3
করেন	ভাইয়া	3
ভিউ	করতে	3
পারতেসি	বাট	3
ইওর	লোকেশন	3
দেখতে	কেমন	3
এটা	লিখা	3
স্টার্ট	করছি	3
মেবি	আর	3
এইটা	খুব	3
কোনো	নাই	3
পোস্ট	আজ	3
বলার	মতো	3
হইসে	সবাই	3
সবাই	উপকৃত	3
ফুল	এসইও	3
এসইও	করতে	3
তাই	এফবি	3
আপনার	প্রয়োজন	3
হাইরে	ট্রিকবিডি	3
সময়	ই	3
উপকার	করার	3
বাট	এরর	3
বোকা	নাকি	3
তে	থাকার	3
আর	মুভি	3
বেশি	টাই	3
পোস্ট	গুলায়	3
প্রথম	কাজ	3
এন	আইডি	3
বাকি	কাজ	3
করে	দিতেসি	3
মধ্যে	পাবেন	3
ফিঙ্গারপ্রিন্ট	লক	3
টা	জেনে	3
কেউ	অথর	3
আসেন	আমি	3
দিয়ে	রেজি	3
ওটিজি	থাকলে	3
হবে	ডাবল	3
করে	দেখলেই	3
বাটন	অ্যাড	3
নাই	এমবি	3
গেলেই	তো	3
হচ্ছিলো	না	3
এর	ব্রাউসার	3
যায়না	কেন	3
কিভাবে	পাবেন	3
সেম	কাজ	3
কাজ	ওয়াইফাই	3
মাধ্যমে	করা	3
না	হাহা	3
দিসে	কে	3
কাল	সকালে	3
বই	এর	3
এর	পিডিএফ	3
ভাই	এটাতো	3
ভাই	জয়েন	3
না	মেইবি	3
জায়গা	নাই	3
ভাইয়া	ট্রেনার	3
হতে	৩	3
মিনিট	সময়	3
করসে	তো	3
ডাউনলোড	কেমনে	3
কেমনে	দিবো	3
তাই	জানি	3
হেল্প	আমাকে	3
আমাকে	পোস্ট	3
জিপি	এফবি	3
নাম্বার	দিয়া	3
টা	লেনদেন	3
লেনদেন	করে	3
আল্লাহ	কথা	3
রিকোয়েস্ট	টা	3
টা	রাখেন	3
ফাস্ট	নিড	3
ব্রো	কেমন	3
আছেন	অনেক	3
ভিডিও	শেয়ার	3
স্টার্ট	ই	3
হা	খুব	3
কাজে	লাগান	3
রেম	সাপোর্ট	3
গ্রাফিক্স	কার্ড	3
জানালে	উপকৃত	3
দিবেন	কেউ	3
বুট	অ্যানিমেশন	3
থাকে	ফোন	3
নিও	প্লাস	3
দেখায়	শুধু	3
ই	বলেন	3
ভাইয়া	এপ	3
রিকোয়েস্ট	করুন	3
কষ্টের	কি	3
ফর	সাজেশন	3
কাছে	এর	3
ফ্লেক্সি	করবো	3
এডসেন্স	এপ্প্রুভ	3
খোঁজে	দেখুন	3
আপনার	রিকভারি	3
হইসে	এটা	3
করসে	তাই	3
আগে	চেক	3
আমাদের	আগের	3
করলে	একটা	3
ব্রো	পাইসি	3
করলে	ফ্ল্যাশ	3
দিকে	নিয়ে	3
ভাই	আইবাডি	3
নাকি	ফাও	3
গেলো	কেনো	3
আমার	১৫	3
হয়	জাস্ট	3
তাদের	হবে	3
চাপ	দিলে	3
ওয়ান্ডারফুল	পোস্ট	3
সে	পাবে	3
আমার	সাইটের	3
সাইটের	জন্য	3
বক্স	ও	3
ও	অ্যাড	3
কিছু	সার্চ	3
করে	কপি	3
কপি	করো	3
নাইস	ফর	3
ফাস্ট	হয়	3
ফোনের	এর	3
স্পিড	বাড়বে	3
অনেক	অপশন	3
আসে	যেমন	3
বাহির	করবো	3
রিকভারি	দরকার	3
সব	চলবে	3
সিউর	আপনি	3
ব্রো	ওয়েট	3
ভাই	টেম্পলেট	3
বাইরে	থাকে	3
হয়ে	বের	3
যায়	সাথে	3
লঞ্চ	হবে	3
অ্যাড	করসি	3
কোড	আসেনি	3
কোনটা	এটা	3
দেখি	ট্রিকবিডি	3
ট্রিকবিডি	রে	3
ট্রিক	ও	3
বেপার	আর	3
হাসি	পাচ্ছে	3
অটোমেটিক	চলে	3
অনেক	টিউটোরিয়াল	3
টিউটোরিয়াল	দেওয়া	3
চাইলে	দেখতে	3
ভাইয়া	এ	3
একটা	মেগা	3
করলে	বুঝা	3
এটাই	খুঁজতেসিলাম	3
জব	ব্রো	3
আছে	অনলি	3
নিজেই	বানাতে	3
গেসে	কি	3
মতো	ওয়েবসাইট	3
একটু	এক্সপ্লেইন	3
দাও	তোমার	3
এ	সাবস্ক্রাইব	3
একাউন্ট	কে	3
কই	প্লিজ	3
না	মে	3
নি	আগে	3
এমবি	ও	3
ভিপিএন	ট্রাই	3
আপনি	রোম	3
এর	বাগ	3
প্লিজ	এড	3
জানলে	ও	3
ও	অনেকে	3
যে	রিপোর্ট	3
রিপোর্ট	টু	3
টু	ডেভেলপার	3
লাইভ	টিভির	3
কষ্ট	পাইলাম	3
শিখান	প্লিজ	3
এটা	কমেন্ট	3
অফলাইন	চলে	3
গেম	ইন্সটল	3
বলছি	কি	3
আপনি	ওনার	3
ইউজার	অ্যাপ	3
আনইন্সটল	করা	3
করতে	আবার	3
আবার	ফোন	3
রিপ্লেস	হয়ে	3
আছে	থ্যাংকস	3
আর	কখন	3
এটা	মনে	3
হয়	রুট	3
জন্য	মেইল	3
ডাউন	হবে	3
কোন	নাম	3
দেখুন	আমার	3
আমার	ইনস্টল	3
দিলাম	সেটা	3
কেন	দিবে	3
দিবে	সেটা	3
মাইন্ড	কইরেন	3
ওয়েব	ডেভেলপার	3
ফ্রি	নম্বর	3
না	রিপ্লাই	3
করলে	চলার	3
আমরা	কিছু	3
করলে	যত	3
লেখা	আসতেছে	3
এক্সেস	পয়েন্ট	3
কিছু	সেটিং	3
করা	পয়েন্ট	3
বিডিতে	অনেক	3
সাজেশন	দেন	3
ফায়ার	কি	3
সাইটে	আপলোড	3
একদম	বেসিক	3
মেইল	করার	3
পিডিএফ	এর	3
রিড	করতে	3
পারবেনা	সো	3
সাথে	থাকলে	3
হওয়ার	পরও	3
নিজে	হ্যাক	3
ইউজার	বাট	3
বাঁশ	দিয়া	3
এক্সট্র্যাক্ট	করবো	3
হবে	রুট	3
হলে	ইউজ	3
পোস্ট	ভালোভাবে	3
দেখুন	দেয়া	3
গালি	দিয়ে	3
পেলেন	না	3
এ	গালি	3
কত	পাইছেন	3
কার	আগে	3
পারে	এই	3
ইমেজ	কিচেন	3
পর	ফাইল	3
ভেরি	ওল্ড	3
আবার	পরের	3
দিন	সকালে	3
হয়ে	গিয়েছিল	3
অনেকবার	মেইল	3
নাইস	খুব	3
নেব	কিভাবে	3
কমেন্ট	কেন	3
দিয়ে	নেয়া	3
টাইম	অনেক	3
বেশি	লাগে	3
করতে	১৫	3
মিনিট	লাগছে	3
স্টার্ট	হলো	3
এখন	জাস্ট	3
করেন	তিন	3
মধ্যে	আবার	3
ইয়াসিন	ভাই	3
নিউ	সাইটে	3
ব্যাকআপ	নেই	3
কিছুই	বুঝতেছিনা	3
বুঝতেছিনা	যদি	3
পোস্টটা	করার	3
গেছে	বাট	3
নাকি	এমনিই	3
ভাই	ক্রেডিট	3
কোন	নিউ	3
৪০৪	এরর	3
তাছাড়া	আমার	3
তো	থাকছেই	3
চান	তো	3
সিম	রিপ্লেস	3
এটাই	মেইন	3
কখনো	সাসপেন্ড	3
মরতে	হবে	3
ফালতু	এটা	3
গ্রেট	আমি	3
আসতেছে	এটা	3
দিয়েছি	তাও	3
এর	প্লেয়ার	3
ওয়েব	সাইটে	3
গেছে	কালকে	3
আমি	এটাতে	3
নাকি	অনলি	3
অ্যাপ	ছাড়াই	3
এটা	বিকাশ	3
অ্যাপ	আপনি	3
নাই	ইউজার	3
অথার	মি	3
কেমন	হ্যাক	3
মেথড	ট্রাই	3
করেন	পরে	3
হেল্পের	জন্য	3
তো	করছে	3
অভাব	আছে	3
হলে	জানাবো	3
পোস্ট	লিখেন	3
যে	গলা	3
গুড	গেমস	3
টাইম	নেই	3
নেই	তাইলে	3
কেমন	একটু	3
হবে	এরকম	3
লিঙ্ক	কোথায়	3
ফুল	পেজ	3
ইনকাম	করব	3
দেন	অন্যের	3
টিম	কি	3
নিবেন	এই	3
সব	টাকা	3
পেমেন্ট	নিচ্ছি	3
রিকুয়েস্ট	দেন	3
২য়	টাইম	3
আপনার	মোবাইলে	3
ইমেইল	প্রটেক্টেড	3
ইনকাম	করি	3
মানসিক	চাপ	3
থেকে	কিছুটা	3
এসএসসি	ক্যান্ডিডেট	3
অফ	থ্যাংকস	3
শুধু	এপিকে	3
দেব	পোস্ট	3
কি	বাবে	3
নেট	প্যাক	3
মনে	করছি	3
দেখি	পুরাই	3
দেখতে	পারতেছি	3
কে	কিভাবে	3
করে	ফুল	3
ইয়েস	আমি	3
নাকি	আরো	3
চলতে	চলতে	3
সেই	দিন	3
ওই	প্যাক	3
পাবো	আমি	3
মে	থেকে	3
গুলো	দেখলে	3
কিছু	আবাল	3
এখন	সেম	3
এখনো	পেলাম	3
কয়েন	উইথড্র	3
তাহলে	কিছু	3
মাসে	এক	3
আয়	করে	3
করেন	উনি	3
কিন্তু	আপনারা	3
লেনোভো	এ৩১৯	3
বাসার	ওয়াইফাই	3
সো	ফাইল	3
ইন্সটল	দিলাম	3
তাই	পিসি	3
আনইন্সটল	দিয়ে	3
লো	র‍্যাম	3
করলেন	আপনি	3
ভাইয়া	রুট	3
কিছু	লোক	3
হবার	চান্স	3
করে	এদের	3
না	যখন	3
আমার	লোকেশন	3
যদি	৬৫৭২	3
৬৫৭২	হয়	3
ধন্যবাদ	ইউজার	3
টি	আছে	3
বাট	লাভ	3
আবার	একই	3
সেন্ট	হবে	3
পরিচিত	কেউ	3
কোয়ালিটি	খুবই	3
বাংলা	কি	3
ভাই	রাইট	3
দেন	প্লীজ	3
সময়	এমবি	3
না	ওদের	3
রিপোর্ট	করব	3
সেই	ভাই	3
আগের	মতই	3
দিছে	কিন্তু	3
টুনার	বানান	3
রেম	লাগবে	3
আপনাকে	এফবিতে	3
দেখাসসে	কেন	3
প্রমো	কোড	3
থ্যাংকস	পোস্টটা	3
নিলাম	ঠিক	3
যারা	ডাউনলোড	3
করছে	তারা	3
ইমোজি	ইউজ	3
সবাই	চায়	3
আমি	নেক্সট	3
এইচটিএমএল	দিয়ে	3
আগে	গ্রুপ	3
পিক	দেওয়া	3
কি	তাই	3
এমবি	কম	3
পদ্ধতি	কি	3
ভাই	পেইড	3
বাংলা	সং	3
সং	আছে	3
এখন	রিচার্জ	3
ঠিকভাবে	করতে	3
ঢাকার	বাইরে	3
বাইরে	অন্য	3
দিলেন	কিছুই	3
টিম	আমার	3
৫০৫	এর	3
করলাম	আরকি	3
এখানে	পেমেন্ট	3
ভাই	ড্রয়েড	3
ভাইয়া	এখানে	3
ইন্সটল	কর	3
জি	কিন্তু	3
প্লে	করলে	3
বাট	আগা	3
আগা	থেকেই	3
ঠিক	বুঝি	3
কেমনে	নিব	3
কিছুর	দরকার	3
এই	সিস্টেমে	3
ট্রিকবিডি	অল	3
অল	ইউজার	3
ক্লিয়ারলি	বলেন	3
মিন	এমবি	3
পারি	এটা	3
প্রতিদিন	ফ্রি	3
তুই	কপি	3
এয়ারটেল	টু	3
টু	এয়ারটেল	3
কারণ	অনেক	3
পেমেন্ট	করছে	3
ভাই	কিংরুট	3
প্লিজ	সনি	3
আমাকে	টুনার	3
টু	ইউজ	3
টাকা	নিব	3
দের	মত	3
পোস্ট	কয়	3
রবি	নাম্বার	3
করমু	প্লিজ	3
আপনি	শেয়ার	3
করতে	ভুলে	3
মারবো	কিভাবে	3
হেল্প	ভাইয়া	3
টাকা	উঠানো	3
আছে	প্রায়	3
আছে	ফিক্স	3
মোবাইল	ইউজ	3
বলতাম	আপনার	3
এই	জন্যে	3
আপনি	স্ক্রিন	3
থ্যাংক	প্লিজ	3
খেলছি	অনেক	3
থাকতো	না	3
একটা	লঞ্চার	3
ক্যাটেগরি	অ্যাপ	3
মেলে	না	3
বল	এর	3
সেটআপ	দেওয়ার	3
আপনাকে	অসংখ্য	3
দ্বারা	অন্য	3
বাংলালিংক	সিম	3
এসএস	দিয়ে	3
করতে	আচ্ছা	3
আচ্ছা	এটা	3
করবে	ট্রাই	3
ফেসবুকে	নক	3
কি	ভেরিফাই	3
কি	এ	3
হইছে	কারো	3
জানো	জানলে	3
দিলে	স্প্যাম	3
করছি	এবং	3
পারবো	এমন	3
পোস্ট	করিয়েন	3
সেটাই	বললাম	3
আয়	করেন	3
পেন্ডিং	থাকে	3
যে	সিস্টেম	3
লিংক	দিছে	3
সিস্টেম	না	3
ভাই	কোর্স	3
কাউকে	ফলো	3
সিম্ফনি	এইচ৫০	3
কথা	দ্বারা	3
থাকলে	করতে	3
জন্য	উইন্ডোজ	3
লিনাক্স	ইউজ	3
তাহলে	কেমনে	3
কেমনে	করমু	3
আমি	জিবি	3
এমন	অনেকগুলো	3
থেকে	জেনে	3
মেবি	পাবেন	3
প্লিজ	বল	3
তত	ভালো	3
বাট	এরকম	3
ভাবে	শেয়ার	3
ঝামেলা	করে	3
সবাই	তাদের	3
তাদের	ফোনে	3
যদিও	ওই	3
করে	চলে	3
বুঝতে	পারেননি	3
পোস্ট	ব্রাদার	3
কিভাবে	আরো	3
ডাউনলোড	দেই	3
কাজ	হবেনা	3
মোবাইলে	কাজ	3
আপলোড	থেকে	3
কিভাবে	এন্ড	3
অলরেডি	ভিডিও	3
ভিডিও	দের	3
জিমেইল	লগইন	3
আরো	অনেকে	3
কোন	স্ক্রিনশট	3
এর	অর্ধেক	3
শুধু	তারাই	3
অন	রাখি	3
ইন্সটল	করছি	3
বুঝলে	জানান	3
কন্ট্রাক্ট	করার	3
কপিরাইট	ধরবে	3
ব্লক	মারলে	3
আপনাকে	সব	3
সব	বুঝায়	3
আছি	প্লিজ	3
তাইলে	ভিডিও	3
আপনার	জিমেইল	3
থেকে	বন্ধ	3
বন্ধ	করেছে	3
চালিয়ে	আসছে	3
বিভ্রান্ত	করবেন	3
আপনি	পুরো	3
পোস্ট	আনপাবলিশ	3
পারফেক্টলি	ওয়ার্কিং	3
থ্যাংকস	আপনার	3
এই	এপ্স	3
পিকচার	দেখা	3
বাপ	মা	3
যাবো	তখন	3
ভাই	গ্রামীণফোন	3
অঞ্চলের	জন্য	3
হয়	ট্রিকবিডিতে	3
ফ্রি	নাই	3
আবার	দেখলাম	3
দেখলাম	থ্যাঙ্কস	3
ফেক	ভাবে	3
ফর	এমবি	3
তো	আরও	3
টাকা	এন্ড	3
স্পোর্টস	এর	3
ডিটেলস	দিয়েছি	3
বোন	নাই	3
প্রসেস	আছে	3
ভাই	সম্পূর্ণ	3
কইরা	টাকা	3
লেখা	তো	3
সিডাব্লিউএম	রিকভারি	3
সেই	লেভেলের	3
লেভেলের	পোস্ট	3
জাস্ট	অসাম	3
এর	ইউজার	3
যা	পোস্ট	3
হলো	তাই	3
একটু	ওয়ার্কিং	3
কি	তাইলে	3
ঢাকা	বোর্ডের	3
নোকিয়া	এর	3
ব্রো	আমিও	3
দিলে	একটা	3
থ্যাংকস	৪	3
ফ্রি	কাটবে	3
হ্যাঁ	এটা	3
লিখতে	কত	3
লাইন	দিয়ে	3
শুধু	ফেইসবুক	3
মেসেঞ্জার	চলে	3
ট্রিকবিডি	নিয়ে	3
নিয়ে	পড়ে	3
জানাবো	আর	3
হলে	মেসেজ	3
মেসেজ	করবে	3
ট্রিকবিডিতে	টিউন	3
অ্যান্ড	গুড	3
হুবহু	কপি	3
পদ	বাতিল	3
প্রবলেম	তো	3
আপনি	লিখছেন	3
তা	আপনার	3
মোবাইল	অ্যাপস	3
না	আসছে	3
সেইম	জিমেইল	3
ফোন	লগইন	3
করব	একটু	3
একটু	বলতে	3
এ	পড়ছে	3
কাছে	এই	3
না	থাকায়	3
কিছু	দেয়া	3
থেকে	ভিপিএন	3
কয়েন	তো	3
কোন	সলিউশন	3
ভাই	অসাম	3
২০১৮	সালের	3
কারণে	এমন	3
হসসে	বাট	3
এক	দিনের	3
দিনের	ভিতরে	3
পাব	নাকি	3
আমার	ক্রেডিট	3
তাই	জানতে	3
কোন	একটা	3
ওইটা	না	3
পাব	যদি	3
জয়েন	হয়	3
আর	ডিরেক্ট	3
এ	বোনাস	3
আবার	করেন	3
বাড়তে	পারে	3
করেই	কাজ	3
প্রো	নিয়ে	3
কিছু	বইলেন	3
এমএল	এর	3
থেকে	আছি	3
নেট	দিয়া	3
পারলে	অবশ্যই	3
বাট	রবিতে	3
দেওয়া	কার্ড	3
নাই	নিজের	3
যেকোনো	সিমেই	3
কোথা	পাবো	3
অ্যান্ড	রুট	3
জায়গায়	ভুল	3
ছিল	ট্রাই	3
হেব্বি	পোস্ট	3
অফার	করছে	3
যারা	এফবি	3
হয়েছে	আপনি	3
দেতে	পারবেন	3
চালিয়ে	জান	3
এসএমএস	পাবে	3
পাবে	শুধু	3
পারে	অথবা	3
এটা	দেখেন	3
করে	এম	3
আমার	আইডিতে	3
ইন্সটল	থাকলে	3
আগের	ইউজার	3
এবং	একবার	3
হতাশ	হয়ে	3
প্লিজ	কিভাবে	3
ওইটা	আর	3
এইটা	১	3
১	কি	3
ডিপোজিট	করা	3
সেম	বাট	3
বাট	স্যামসাং	3
প্রেস	করার	3
হলো	আবার	3
এটা	বেশি	3
বেশি	পাই	3
লিংক	প্রবলেম	3
করেন	দেখি	3
করি	ব্যাপারটা	3
তাই	প্রিমিয়াম	3
জানা	কথা	3
ভাই	ওয়াপকিজ	3
টিভি	এন্ড	3
লাইভ	রেডিও	3
রেডিও	কোড	3
কিন্তু	দিনের	3
ভাই	টপ	3
জিবি	৪৯	3
তোর	মত	3
বলবেন	ব্রো	3
তারপর	মোবাইল	3
ফিশিং	লিংক	3
তৈরি	করব	3
কত	লাইক	3
খেয়ে	পোস্ট	3
বাট	এটার	3
কানেক্টেড	হতে	3
কলিং	অ্যাপ	3
কাটবে	প্লিজ	3
সম্পূর্ণ	ভিন্ন	3
টা	রম	3
এফবি	ভেরিফাই	3
রুট	হইছে	3
টাকা	তুলব	3
তুলব	কিভাবে	3
ফ্রেন্ডকে	আনফ্রেন্ড	3
আনফ্রেন্ড	করলে	3
তো	একজন	3
পারলে	ফ্রি	3
নেটের	পোস্ট	3
করলেই	হ্যাক	3
ফিশিং	এর	3
অন্যান্য	ভিপিএন	3
কোন	স্পিড	3
স্পিড	থাকে	3
রবি	৩জি	3
কথাই	নেই	3
ব্লগার	সাইটের	3
হয়	তাও	3
ডিটেক্ট	করতে	3
বাড়ার	কোনো	3
কন্টাক	করেন	3
টারমাক্স	এর	3
নাই	বলে	3
বলে	আপনার	3
এটার	নাম	3
করব	ভাইয়া	3
হেল্প	না	3
হুম	প্লে	3
করছি	এর	3
জন্য	মোবাইল	3
অপশন	আসছে	3
তো	পাচ্ছে	3
বাট	ফল	3
ফল	পাইনি	3
মোড	নাই	3
বাট	পাসওয়ার্ড	3
থেকে	ভিজিট	3
জিমেইল	এড	3
রিকভারি	করছি	3
ভালোভাবে	জেনে	3
ওয়েব	ডিজাইনার	3
ওর	ওয়েব	3
রম	দরকার	3
করে	ডিরেক্ট	3
হইতাম	প্লিজ	3
ব্রো	আবার	3
হলে	প্লে	3
জন্য	সবাইকে	3
একক	ইনবক্স	3
করেন	এফবিতে	3
আমার	আইটেল	3
চিন্তা	করি	3
আনইন্সটল	করলে	3
বন্ধ	হবে	3
জানা	অজানা	3
কল	করেন	3
রেগুলার	অফার	3
টাকা	৩০০	3
৩০০	জিবি	3
সব	স্টেপ	3
স্টেপ	ফলো	3
কিছু	হল	3
কিনা	কিভাবে	3
ফাইল	কি	3
কয়েকটা	অ্যাপ	3
আর	সবই	3
কন্ট্রিবিউটর	রাখা	3
না	স্যামসাং	3
ট্র্যাশ	করুন	3
আপনি	তাও	3
কয়েন	কিনতে	3
রম	নাকি	3
নাকি	ফোনের	3
কমেন্ট	ছাড়া	3
পড়ে	তো	3
দিয়ে	ছোট	3
ছোট	করবো	3
কাজ	দেখি	3
শুরু	করব	3
তো	লাগলো	3
উপর	ডিপেন্ড	3
ডিপেন্ড	করে	3
জিনিস	কে	3
শেষ	দিন	3
নেট	চলছিল	3
কার্ড	চাচ্ছে	3
আমি	প্রোফাইল	3
আপলোড	করছি	3
তারপরেও	হচ্ছে	3
মোবাইল	ডেটা	3
ফেরত	দেন	3
তাহলে	করবো	3
টিডব্লিউআরপি	এর	3
টিডব্লিউআরপি	ও	3
মাই	নিউ	3
নিউ	ওয়েবসাইট	3
ওয়েবসাইট	নিড	3
নিড	সাপোর্ট	3
অ্যাপ	হলে	3
ডিলিট	দিয়ে	3
তোরে	কি	3
করছে	কিছু	3
তোর	আমার	3
পাইছি	এখন	3
এসএমএস	কিনে	3
সাইট	থেকেও	3
না	ওরা	3
ওরা	তো	3
নেয়	এই	3
সিস্টেম	করলে	3
ভালো	এফবি	3
না	হ্যাক	3
মেসেজ	ডিসি	3
ভাইয়া	ভিপিএন	3
কোথায়	গেলে	3
জিমেইল	রিমুভ	3
পারছিনা	ভাই	3
বেশি	করব	3
কেমনে	দেয়	3
দিতে	দেরি	3
টিউন	এর	3
লিঙ্ক	আছে	3
পাবেন	ফ্রি	3
হয়	এখানে	3
এখানে	এর	3
আসা	হয়	3
আর	পার্সোনাল	3
পেপাল	নিয়ে	3
এড	প্যাক	3
কিভাবে	কনফিগ	3
সিপিএ	মার্কেটিং	3
দরকার	আইডি	3
কি	রিচার্জ	3
পোস্ট	বাই	3
স্পিড	পাফিন	3
সো	ব্যাড	3
এটা	ছাড়া	3
ট্রাই	দিসি	3
দিসি	তো	3
একটিভ	থাকেন	3
রং	প্লিজ	3
আপ	করার	3
মহানবী	মুহাম্মদ	3
খারাপ	ভাষায়	3
ভার্শন	টা	3
না	বুঝেই	3
কিভাবে	দিতে	3
শেখার	মত	3
উই	আর	3
ইউ	হ্যাভ	3
শুধু	ওই	3
দের	কাজ	3
রেগুলার	ভিজিটর	3
সিম্ফনি	আই৬৮	3
১	জিপি	3
ফন্ট	ইনস্টল	3
তো	এনআইডি	3
হবে	নতুন	3
আপনি	কাজ	3
ফোন	ভাই	3
তাইলে	এর	3
ডাউনলোড	তে	3
করলে	নট	3
করেন	এটাতে	3
এইচটিটিপি	টা	3
এম	ফেইসবুক	3
দিয়ে	কালি	3
এন্ড	ওয়াইফাই	3
না	দিয়েই	3
করুন	আইডি	3
করেন	দেখবে	3
তোমাদের	কাছে	3
দিলেই	এই	3
হেল্প	নিতাম	3
তে	এসে	3
ডোমেইন	লাগবে	3
এপিকে	আর	3
চার	জিবি	3
বাড়ালে	কি	3
বাচ্চা	এটা	3
ও	আসবে	3
চালাতে	হবে	3
আমি	খুলতে	3
খুলতে	পারিনা	3
পারিনা	প্লিজ	3
সিলেক্ট	করছি	3
হয়	ইন্সটল	3
জেন	ইউটিউব	3
এ	থিম	3
থিম	আপলোড	3
দেখায়	কাজ	3
দেয়ার	ওয়াজ	3
সাইট	শুধু	3
জানে	নিউ	3
ঐ	রকমই	3
দেয়া	আপনি	3
এড	হয়	3
কারণে	অনেক	3
করব	কোন	3
পারেন	এখন	3
পার্সোনাল	ইমেইল	3
দেয়া	পসিবল	3
অক্সিজেন	ওএস	3
কার্নেল	এর	3
কয়েন	হলে	3
মারা	উচিত	3
করবেন	ভিডিও	3
অফ	ক্লান্স	3
ক্লান্স	এর	3
ফিশিং	কোড	3
বেশি	কাটে	3
অন্য	উপায়	3
তো	ইউজার	3
বুঝবেন	না	3
হবে	ইউটিউব	3
চাই	যা	3
সিমে	যদি	3
অনুমতি	দেন	3
সমস্যা	অন্য	3
সব	ঠিকই	3
করে	মাই	3
লাইট	ও	3
কারণে	এড	3
এড	বেশি	3
সুন্দর	পোস্টের	3
তাই	ওসব	3
ক্লাশ	অফ	3
ক্ল্যান	এর	3
কি	ফলোয়ার	3
নেওয়ার	কোন	3
দেখলাম	ওটা	3
আসবে	আমার	3
কোনটা	আর	3
যে	থিম	3
থিম	গুলা	3
হতে	পারলে	3
ভার্সন	তাহলে	3
কোথায়	আছি	3
ফুল	এ	3
কি	বলুন	3
যাবে	ভাইয়া	3
ভাইয়া	আমায়	3
আমার	স্লিপ	3
গেছে	কি	3
যাব	কেন	3
তো	সার্চ	3
খুব	মজার	3
আবার	হ্যাক	3
ওকে	আমাকে	3
অথার	বানাবেন	3
টাইম	আপনার	3
অফ	করব	3
আমি	কিছুদিন	3
পয়েন্ট	করতে	3
হলে	১	3
তো	হতে	3
বিটকয়েন	মাইন	3
উপহার	দেওয়ার	3
ফোন	দুইটা	3
অটো	ইনস্টল	3
এভাবে	তো	3
লাগবে	যদি	3
আপলোড	হবে	3
আজাইরা	মানুষদের	3
মানুষদের	জন্য	3
আমি	অন্যভাবে	3
করা	আইডি	3
ভেরিফাইড	হয়	3
সার্ভে	আসে	3
ডেইলি	কয়টা	3
কয়টা	সার্ভে	3
কার্ড	আর	3
কেউ	পারবে	3
নিউ	ইউটিউব	3
আমার	চ্যানেলে	3
আমার	চ্যানেলটা	3
টাইম	এক	3
এক	বছরের	3
তো	থ্যাংকস	3
সবাই	রিপোর্টেড	3
রিপোর্টেড	করো	3
নয়	ব্রো	3
শালা	আবুল	3
সাইটে	পাওয়া	3
ড্যাশবোর্ড	থেকে	3
চিকেন	শুটিং	3
বার্থ	সার্টিফিকেটে	3
ওইটা	অন্য	3
করব	তাইলে	3
মিনি	মিলিশিয়া	3
বিক্রি	হয়ে	3
গেছে	যে	3
লোকেশন	কি	3
এ	টেস্ট	3
মূলত	একটা	3
থেকে	আইপি	3
এড্রেস	বের	3
দিয়ে	স্ক্যান	3
স্ক্যান	করবেন	3
যে	আইপি	3
গুলা	পাবেন	3
ঢুকে	পাসওয়ার্ড	3
ওইটা	আলাদা	3
আলাদা	আমি	3
তাহলে	কোনটা	3
এটা	এখনো	3
অনেকে	জানেনা	3
কতদিন	লাগে	3
মিলে	না	3
এই	স্প্যাম	3
স্প্যাম	আমার	3
জন্য	কেউ	3
কথা	বলছিলাম	3
করতে	পারতাছে	3
পারতাছে	না	3
আছে	ফটো	3
বানানো	একদম	3
করছি	আশা	3
করা	থাকলেও	3
দেখতে	পারলে	3
কেন	দেখতে	3
তো	ওয়েব	3
এটা	চলে	3
তাইলে	ডাউনলোড	3
মুসলিম	না	3
সার্চ	দেয়ার	3
কিসু	দেওয়ার	3
বুঝলেন	ব্রো	3
দেখেন	করতে	3
আওয়ার	লাগবে	3
আর	হ্যাক	3
হবে	সময়	3
নেইম	টা	3
এফবিতে	আসুন	3
কি	চোখে	3
দিয়ে	দেখলাম	3
পোস্ট	দরকার	3
প্লিজ	নেক্সট	3
করলে	আমাকে	3
লাইক	এ	3
আর	পায়জা	3
সিম্ফনি	ফোনে	3
পড়ে	পোস্ট	3
ব্রো	জাভা	3
ভাই	প্রাইভেট	3
কি	গাধা	3
এটা	নাই	3
যেত	তাহলে	3
নাই	ওয়েট	3
কোন	ব্র্যান্ডের	3
কম্পিউটারে	গিয়ে	3
ফোন	কানেক্ট	3
কেউ	ইনভেস্ট	3
আমি	২৮	3
আগে	হওয়া	3
হওয়া	লাগবি	3
৫০	টা	3
পিক	অ্যাড	3
প্রথম	কোন	3
কোথায়	গেল	3
একসাথে	ইনস্টল	3
কি	ফাস্ট	3
গেট	ফেসবুক	3
তো	৩টা	3
লিখতে	লিখতে	3
লিখতে	ভুল	3
ব্রো	এসএমএস	3
কন্টাক	মি	3
আর	থাকে	3
ভালো	টপিক	3
আমি	কোনটা	3
নাকি	যদি	3
হতো	আমি	3
একটি	কবিতা	3
কোশ্চেন	এর	3
আনসার	দিতে	3
অনেকের	উপকারে	3
অফার	অনেক	3
ফোনের	সেটিং	3
কারন	আমি	3
কিনলাম	টাকা	3
এই	৪	3
এমবি	কাটছে	3
সাথে	ট্রাই	3
পেজ	খুলে	3
তে	ইদানিং	3
না	ইসলাম	3
লাইক	ইট	3
পর	আপনি	3
যে	আমাদের	3
আমাদের	টাকা	3
একটা	এস	3
প্লিজ	আন্স	3
মিনিট	চেক	3
এডসেন্স	পাওয়া	3
আপডেট	নিউজ	3
ইউজার	কিছু	3
বস্তি	হয়ে	3
গেছে	ট্রিকবিডি	3
আমি	আর্নিং	3
হবে	শুধু	3
আইডিটা	দিবেন	3
আবার	পুনরায়	3
নিয়ম	কি	3
সাত	দিন	3
এটা	দেখার	3
পারলাম	আপনাকে	3
আমি	২০১৩	3
ভিজিট	করি	3
সাইফন	দিয়ে	3
এর	রুল	3
দেওয়া	অফ	3
এসব	থাকে	3
আমি	১০০০	3
নিউ	তারা	3
জিবি	মেয়াদ	3
ওই	এমবি	3
লগইন	করি	3
বাট	এয়ারটেল	3
বিক্রি	করার	3
পেমেন্ট	নিয়েছি	3
দেখে	বুঝতে	3
নাই	যারা	3
জিজ্ঞেস	করিস	3
ডাউনলোড	হতো	3
সুপার	ব্রো	3
লিখেছেন	আমি	3
জি	ক্যাম	3
করি	তাও	3
সেইম	টু	3
এই	কথার	3
পিকচার	শো	3
ব্রো	এফবিতে	3
আগে	কোন	3
করে	ফেসবুক	3
একটাও	নাই	3
আছে	বাংলাদেশ	3
তো	লস	3
ওই	পেপাল	3
মিস	করেছি	3
থেকে	কেমনে	3
ব্রো	টাইম	3
ক্রিয়েট	হয়ে	3
বোর্ড	দিয়ে	3
করব	বাট	3
নিউজ	বিডি	3
আর	তখন	3
জানেন	ভালো	3
ভাই	থ্যাঙ্কস	3
এখন	এর	3
যা	সরাসরি	3
কিন্তু	ফুল	3
১৫	ইয়ার	3
থেকে	চালিয়ে	3
চালিয়ে	আসছি	3
আসছি	আমার	3
তাও	ইউজার	3
নিয়েছে	আর	3
হাত	পা	3
ধরে	আমি	3
দেখলাম	আইডি	3
জন্য	কন্ট্রিবিউটর	3
শুধু	বলে	3
আমি	ফেইল	3
ফেইল	এই	3
পোস্ট	চাইলে	3
চাইলে	রিভিউ	3
একটাই	বলব	3
বলব	আমাকে	3
কি	সেকেন্ড	3
মধ্যে	আসবে	3
অনেক	পুরান	3
করি	কপি	3
তো	পেপাল	3
এসএমএস	পাঠানো	3
কোথায়	পেলেন	3
বিষয়ে	এ	3
সাইট	আমি	3
আমি	দেখলাম	3
হবে	এডসেন্স	3
এডসেন্স	পেতে	3
অন্যের	আইডি	3
আমাকে	দিবে	3
করতে	তাই	3
হুম	ইউজার	3
একটা	এর	3
থাকলে	নেক্সট	3
মুভি	দেখার	3
দেখাই	ভালো	3
তারা	এমবি	3
এমবি	নিয়ে	3
প্রব্লেম	করে	3
ব্রো	আমারও	3
প্রবলেম	হল	3
ব্রো	কবে	3
দেখে	ভাবলাম	3
পর	দেখি	3
কেউ	থাম্বনেইল	3
আমি	সেল	3
সবার	ভালো	3
কিভাবে	টিডব্লিউআরপি	3
আপলোড	প্লিজ	3
হুম	খুব	3
হয়	এডসেন্স	3
এডসেন্স	সম্পর্কে	3
করবেন	একটু	3
কিনা	একটু	3
ভাই	এইচটিটিপি	3
চলে	আপনার	3
প্রিমিয়াম	করবো	3
শালা	তোরে	3
দিছে	এই	3
তাই	ডাউনলোড	3
তাই	হয়তো	3
আসতে	লেট	3
মেসেজ	দিয়া	3
আইডি	নেইম	3
পারলে	অনেক	3
ট্রাস্টেড	মানুষকে	3
মানুষকে	একসেপ্ট	3
এন্ড	কাস্টম	3
বাট	উপরের	3
সিজন	৩	3
জানে	সব	3
আছে	আবার	3
আবার	স্টক	3
ঠিক	করব	3
আর	ভেরিফাই	3
আসুন	পেমেন্ট	3
মিনিট	শুধু	3
ইউ	আপনি	3
পোস্ট	দারুণ	3
এমবি	রেম	3
আপনাকে	বলছিলাম	3
করি	তা	3
দিয়ে	কিংরুট	3
ডিটেলস	লিখে	3
আগেই	জানা	3
বলছেন	বাট	3
নাই	তাছাড়া	3
ক্লোনার	দিয়ে	3
যাবে	যে	3
টাকা	চাচ্ছে	3
করি	আবার	3
উচিত	হয়	3
কত	দেওয়া	3
গেলে	এটা	3
নিয়ে	লিখবেন	3
পারি	ব্রো	3
সুপার	পোষ্ট	3
ভার্শন	ডাউনলোড	3
নাই	কেউ	3
বেশি	লাগবে	3
বাংলা	আছে	3
তো	একদম	3
এমবি	নেই	3
এ	চ্যানেল	3
চ্যানেল	খুলবো	3
আপনি	৮	3
দেখে	নাকি	3
নাকি	অথর	3
যদি	এমন	3
এ	অবস্থা	3
অবস্থা	কেমন	3
পোস্টে	দেখেন	3
সিম্ফনি	ডাব্লিউ৩২	3
ও	আর	3
ক্লোন	করছি	3
উইন্ডোজ	টা	3
জাস্ট	ইন্সটল	3
একাউন্ট	দিয়া	3
তোমার	নিজের	3
নিজের	তো	3
সাইট	নাই	3
বলার	ইচ্ছা	3
পোস্ট	করতেছেন	3
করতেছেন	না	3
ফইন্নির	পুত	3
ইউজার	তোর	3
কেন	টিউনার	3
মিনি	ইউজ	3
করো	কাজ	3
কিটক্যাট	এমটিকে৬৫৭২	3
ভাই	রিকভারি	3
রিভিউ	করার	3
লোক	লাগবে	3
পারেন	কারণ	3
এটা	এমন	3
অ্যাপ	ভালো	3
কে	যেন	3
লোগো	লিংক	3
আস্ক	করেন	3
দিবেন	ভালো	3
করা	বাজে	3
তবে	সেইম	3
ইমেজ	এটা	3
ভালো	ট্রাই	3
থাকে	এটা	3
এটাও	জানেন	3
চালাতে	কি	3
এয়ার	ড্রপ	3
এখন	পার	3
দেখেন	১০০০	3
প্রিন্ট	করে	3
কিভাবে	মেসেজ	3
অ্যাকাউন্ট	দিতে	3
ব্রো	আচ্ছা	3
আপনি	করুন	3
ফ্রি	ডমেইন	3
গিয়ে	আর	3
বাট	সেটিং	3
এ	গুগল	3
বাদ	দিছি	3
সরি	নেক্সট	3
করবো	বুঝানোর	3
সেখানে	আপলোড	3
করেন	আজাইরা	3
আর	মানুষ	3
এত	বোকা	3
লিংকে	ঢুকে	3
দিচ্ছি	আমার	3
কপি	হয়ে	3
ট্রিকবিডি	এন্ড	3
চালাবো	না	3
দিয়ে	দেখে	3
একটা	স্পেস	3
দেন	কাজ	3
এখানে	দিন	3
একটিভ	করলাম	3
দেয়	মানে	3
রাখতে	চাচ্ছি	3
হুম	এফবি	3
এক্সপায়ারড	হয়ে	3
দিলে	যদি	3
আমার	ব্লগ	3
ব্লগ	সাইটে	3
আমাকে	ইনবক্স	3
আনসার	করেন	3
করতেছেন	আর	3
নাইস	আরো	3
তো	জিপ	3
আগে	অ্যাড	3
জাস্ট	ইনস্টল	3
ইনস্টল	এন্ড	3
এইচ১২০	এর	3
নাকি	ফেইক	3
এডস	রিমুভ	3
আমাকে	জানাও	3
হতো	কিছু	3
কমেন্ট	করেছিলাম	3
মিস	ইউ	3
কিছু	অ্যান্ড্রয়েড	3
রেজিস্ট্রেশন	করলেই	3
আনরুট	করলে	3
হিসেবে	থাকে	3
তাহলে	ট্রাই	3
করে	দেখব	3
দেখছি	নতুন	3
যেত	না	3
সফটওয়্যার	থেকে	3
ওই	মডেল	3
মত	লোকদের	3
আমি	দুইটা	3
অন্য	ব্রাউজারে	3
এই	অ্যাপের	3
তো	আগেও	3
জি	ড্রাইভে	3
পারমিশন	চায়	3
জন্যে	দেন	3
জাস্ট	কোড	3
ব্রো	আইডি	3
এটা	সল্ভ	3
হট	১২	3
ভাই	তারপর	3
ব্যাকআপ	রাখতে	3
আবার	আনরুট	3
ব্রো	ফার্স্ট	3
জন্য	এমবি	3
৩	পোস্ট	3
বেশি	ইনকাম	3
দেই	যদি	3
তাহলে	এফবি	3
ক্লাস	১০	3
ছাড়া	রম	3
পাইছি	সব	3
সব	টিপি	3
সিমের	মধ্যে	3
একটা	কথাই	3
তারা	অন্য	3
সফটওয়্যার	আনইন্সটল	3
সেকেন্ড	কথা	3
এপিআই	কি	3
দি	বেস্ট	3
ভিডিও	দেখলাম	3
বাট	পয়েন্ট	3
এ	এডসেন্স	3
একটা	টিপস	3
এডু	ইমেইল	3
দিস	অ্যাপ	3
ইওর	কান্ট্রি	3
করবো	কিনা	3
না	ডিরেক্ট	3
ডিরেক্ট	ইনস্টল	3
টু	লার্ন	3
পোস্ট	হলেও	3
দোয়া	রাখবেন	3
দিবেন	তা	3
আপলোড	দেই	3
কিভাবে	পেমেন্ট	3
নাম্বার	চায়	3
পাইছেন	বলেন	3
সেটা	এলিয়েনদের	3
পাসওয়ার্ড	আছে	3
এর	পূর্বে	3
এগুলো	শেয়ার	3
জানিনা	ট্রাই	3
করুন	ব্রো	3
কোয়ালিটি	খারাপ	3
খারাপ	হলেও	3
এই	অথর	3
ইউটিউবে	সাপোর্ট	3
সাপোর্ট	এর	3
৬	টাকায়	3
দুইটা	লিংক	3
এ	টি	3
করিস	নাকি	3
আসলে	ভাই	3
যে	যেমন	3
অনলি	আপনার	3
লেখা	কেউ	3
চুরি	করলে	3
ট্রিকবিডি	টিমকে	3
কি	বিকাশে	3
পাসওয়ার্ড	দিব	3
কিন্তু	ইন্সটল	3
ভাই	পাবজি	3
আপনার	এমন	3
স্টেপ	ভেরিফিকেশন	3
ভেরিফিকেশন	বাইপাস	3
ভাই	রিয়েলি	3
দিবেন	খুব	3
হলো	ফালতু	3
এফবিতে	কন্টাক্ট	3
মেইল	নিয়ে	3
টিউটোরিয়াল	ইউটিউব	3
দিয়া	সার্চ	3
ভাই	কেপিএন	3
কেপিএন	এর	3
প্লিজ	ওয়ার্কিং	3
বা	ক্রোম	3
ক্রোম	থেকে	3
সিম্ফনি	কি	3
আমার	শাওমি	3
অ্যাপ	যেটা	3
এসব	বালের	3
আমি	তিনবার	3
গুলো	সেল	3
আবার	অফার	3
এইচডি	না	3
টাকা	এড	3
সেই	হয়েছে	3
তো	দেয়	3
গেমের	জন্য	3
হ্যাকিং	টিপস	3
মত	ফালতু	3
ভার্সনে	সাপোর্ট	3
অনেক	কমেন্ট	3
একটু	ভেবে	3
ভেবে	দেখুন	3
আপনি	একাই	3
তো	মেইল	3
খোলার	চেষ্টা	3
চেষ্টা	করবে	3
সিসি	এর	3
৩টা	ভালো	3
দেখলে	বুঝতে	3
জানালেন	না	3
লাগতেই	পারে	3
ধরে	একটা	3
জিপি	মডেম	3
কয়েকদিন	ধরে	3
কি	নোটিফিকেশন	3
সিস্টেম	হবে	3
ভাই	কারো	3
ললিপপ	রাম	3
ব্রো	মেসেঞ্জার	3
রেকর্ড	করতে	3
বাংলাদেশী	নাম্বার	3
কোড	পাব	3
১	ডে	3
করে	বুঝে	3
করে	দেখিয়ে	3
দিতে	পারবা	3
টা	দেও	3
এক্স	ফাইল	3
একাউন্ট	এই	3
দিন	লাগছে	3
এড	করছি	3
করছি	ও	3
ও	তাদের	3
রেসপন্স	নাই	3
৬০	এমবি	3
কি	২৪	3
পোস্ট	করলা	3
থ্যাংকস	প্লিজ	3
মেইল	করতে	3
অন্য	সিস্টেম	3
খুব	ইজি	3
থেকে	আজ	3
হবে	অন্য	3
আমি	ভিডিও	3
দ্যাটস	ইট	3
ভাইয়া	এরকম	3
এইটাই	তো	3
না	যার	3
এইটা	কে	3
অথর	হলেন	3
এই	কীবোর্ড	3
সমস্যা	করে	3
কিটক্যাট	এমটিকে	3
দেন	পারলে	3
বা	কিভাবে	3
ব্লু	কালার	3
ভাই	কার	3
কার	কাছ	3
গুগল	আমার	3
ভাই	যেমন	3
তো	সেটা	3
থেকে	রিচার্জ	3
সাথে	তুলনা	3
দেয়না	কেন	3
রিকোয়েস্ট	ও	3
যে	পোষ্ট	3
এটার	কোনো	3
এ	৩জি	3
নোকিয়া	জাভা	3
চেঞ্জ	করুন	3
শো	করেনা	3
সুন্দর	পোষ্ট	3
অবশ্যই	জানাবো	3
কেন	আমাদের	3
তোমার	ফেইসবুক	3
আসে	যে	3
বললে	খুব	3
হোসে	না	3
এর	কয়েক	3
নেই	বা	3
এ	দিতে	3
সম্ভাবনা	আসে	3
বার	এক	3
কি	এরকম	3
কেমনে	চালামু	3
চিপসেট	আর	3
ভেরি	স্যাড	3
নিজে	যা	3
বার	বাট	3
ক্লিক	করো	3
কোনো	প্রয়োজন	3
জাস্ট	ওয়াও	3
ফেইসবুক	এমবি	3
হয়তো	আর	3
মানতে	হবে	3
আলাইহি	ওয়াসাল্লাম	3
এ	ছাড়া	3
স্যামসাঙ	ফোন	3
ভাবে	করার	3
পাস	লাগবে	3
পোষ্ট	করা	3
টাকা	এমবি	3
বাট	কোন	3
স্ক্রিন	লক	3
দিছি	চেক	3
আমিও	একটু	3
কেমনে	আমার	3
এই	সবগুলা	3
বানিয়ে	নিন	3
দিয়ে	হয়না	3
হয়না	আমার	3
পাইজা	তে	3
দেখতে	পারি	3
ট্রিকবিডি	থিম	3
ভালো	নেট	3
পান্ডা	ভিপিএন	3
অনেক	মেইল	3
বা	কোনো	3
রিভিউ	হয়নি	3
একাউন্ট	ব্যান	3
ব্যান	করবে	3
টা	জাস্ট	3
সত্যি	অসাধারণ	3
করসি	পেন্ডিং	3
মানুষ	মাত্রই	3
করা	এটা	3
একটু	চেষ্টা	3
ভিতরে	লিংক	3
শুধু	কি	3
টেক	লাভ	3
দিবেন	নাকি	3
না	প্লিস	3
ফ্রি	টিভি	3
আসে	তো	3
ওই	নম্বর	3
পাবে	নাহ	3
এটা	দেখুন	3
বুটলোদের	আনলক	3
ওয়াইফি	হ্যাক	3
হলে	রিচার্জ	3
করি	হবে	3
প্রব্লেম	আসে	3
এরকম	টাইটেল	3
বেশি	মনে	3
মনে	হচ্চে	3
করে	জিমেইল	3
হইসে	ট্রিকবিডি	3
আপগ্রেড	করা	3
চ্যাট	এর	3
করা	হতো	3
না	ফাউল	3
পাচ্ছেন	না	3
স্টোরেজ	পারমিশন	3
নাইস	আর	3
সময়	এ	3
বন্ধ	হয়	3
ভাই	অনেকেই	3
পারেন	তার	3
হেল্প	কারো	3
সবাই	পোস্ট	3
হুম	আমারো	3
বিজিবক্স	ইনস্টল	3
ইনস্টল	দেখায়	3
করলে	ওজু	3
আছে	এইটা	3
থাকে	কপি	3
নোকিয়া	১১০০	3
ফোন	না	3
আপনি	ইউজার	3
ধন্যবাদ	জানানোর	3
অপশন	টি	3
উচিত	যে	3
উপর	ভরসা	3
থাকা	যাবে	3
আপনার	ইউজারনেম	3
ইউজারনেম	এন্ড	3
প্রবলেম	সল্ভ	3
অনেক	কিসুই	3
আপডেট	দেওয়ার	3
সিলো	না	3
টা	পড়তেসিলাম	3
পড়তেসিলাম	এন্ড	3
পোস্ট	কিভাবে	3
করবো	তে	3
ভার্সন	করে	3
আর	মতো	3
আমার	২টা	3
ভালো	নাহ	3
তাহলে	ভুল	3
পুরো	পোস্ট	3
পরে	না	3
তো	দেখা	3
ইনকাম	আর	3
দেখায়	হেল্প	3
মোডিফাই	করতে	3
এইটা	বলে	3
নাহ	এটা	3
এইগুলা	তো	3
হোপ	ট্রিকবিডি	3
বাট	ভালো	3
ইউজার	ভাইয়ার	3
ভাইয়ার	পোস্ট	3
পর	সেই	3
টা	একটা	3
উইথড্র	দিয়ে	3
ভেরিফাই	হইসে	3
আপনাকে	কি	3
ফুল	ভেরিফাইড	3
কি	পেপাল	3
জাস্ট	এই	3
মোড	ইউজ	3
বলবেন	আশা	3
ক্র্যাক	করা	3
আমিও	পাইসি	3
আরেকটা	একাউন্ট	3
দিয়ে	আনজিপ	3
ইমেজে	টা	3
হবেই	এটা	3
কাজ	পোস্ট	3
এফএফ	এ	3
হয়	বন্ধ	3
অথর	ভাইয়া	3
স্ক্রিনশট	কই	3
ঠিক	ভাবেই	3
আগে	২৪	3
আচ্ছা	ইউজার	3
এফআরপি	লক	3
এর	নম্বর	3
সঠিক	কথা	3
কিছু	আসেনা	3
বেস্ট	হলো	3
ফ্ল্যাশ	দিবো	3
বুঝলেন	এটা	3
আপনাদের	জন্যই	3
অথর	করবেন	3
আমি	ট্রেনার	3
কোনো	কোর্স	3
মেয়াদ	১৫	3
দিলাম	আর	3
বানানোর	টিউটোরিয়াল	3
পান	না	3
আপনারা	তো	3
সেটা	জানেন	3
ডিলিট	দেন	3
দিবেন	আপনার	3
হেড	ট্যাগ	3
চলতেসে	না	3
কই	পাবেন	3
জানি	আপনার	3
এর	পারফরমেন্স	3
আনলিমিটেড	এমবি	3
এমবি	নেয়া	3
গুলা	ডাউনলোড	3
ঠিক	দিতে	3
ট্রিকবিডি	তাই	3
ফাইল	একটা	3
এ	বা	3
ওয়াও	গুড	3
আর	মাঝে	3
ফোন	লক	3
ছোট	ফাইল	3
না	এয়ারটেল	3
নিবেন	তারপর	3
আইপি	পোর্ট	3
প্রসেস	এ	3
এ	করলে	3
করিনি	বাট	3
মিয়া	লিংক	3
দামি	ফোন	3
প্রব্লেম	হবেনা	3
হবেনা	আর	3
আমার	বানানো	3
শুধু	এমটিকে	3
ধরণের	পোস্ট	3
হলে	জানাবেন	3
খারাপ	কইরেন	3
ওয়াও	ওয়ার্কিং	3
ভাই	সেম	3
কোনো	ওয়াইফাই	3
আমি	২৫	3
২৫	দিন	3
তো	কিংরুট	3
আউট	অপশন	3
থাকে	প্লিজ	3
দিন	যাবৎ	3
নিয়ে	প্রব্লেম	3
লাগলে	ইনবক্স	3
এগুলা	আবার	3
আবার	লগ	3
বিল	পে	3
যদি	পিসি	3
কোনো	চান্স	3
পেমেন্ট	ও	3
কিভাবে	খুলে	3
আর	অনেকেই	3
নিজের	টা	3
করবো	এইটা	3
না	রাখাই	3
রাখাই	ভালো	3
পারেন	বা	3
উল্লেখ	করলে	3
অন্য	গুলা	3
আর	রিপ্লাই	3
একবার	এ	3
এ	নেওয়া	3
আমি	মেসেজ	3
এ	পড়ি	3
ও	খেলতে	3
দখল	করবে	3
কি	কপি	3
করে	ঐসব	3
অপশন	অন	3
আপগ্রেড	টা	3
একাউন্ট	দেয়া	3
পয়েন্ট	পাবো	3
লিখি	নাই	3
ফোন	নেই	3
তে	কিন্তু	3
মিল	আছে	3
বাচ্চা	তোরে	3
সাথে	মিলিয়ে	3
মিল	আসে	3
ডলার	বাই	3
অফার	বন্ধ	3
টপআপ	করতে	3
এফবি	রিকুয়েস্ট	3
আইডি	বিক্রি	3
আপনি	রবি	3
বারের	বেশি	3
আপডেট	টা	3
ইউজ	কইরেন	3
কন্টাক্ট	করবো	3
ঐটার	লিংক	3
হবে	ডিরেক্ট	3
কোনো	ব্যাংক	3
পারবে	বলে	3
দিয়া	দেন	3
অ্যাড	দিছি	3
গুগল	প্লেস্টোর	3
নেই	কেন	3
করে	হইসে	3
সবাই	এর	3
লাভা	আইরিশ	3
তো	পারেন	3
এ	যাও	3
না	ভুয়া	3
কার্ড	পাওয়া	3
আচ্ছা	ধন্যবাদ	3
এ	১০০	3
আমার	টিউনার	3
দেওয়ার	মতো	3
কি	বুঝাতে	3
থ্যাংকস	এটা	3
আমারে	একটা	3
টাকা	বাট	3
রা	তো	3
ইজিনেট	এর	3
ভয়	নাই	3
ব্রো	যারা	3
ভাই	একদম	3
এখানে	কিছু	3
আইডি	আসে	3
নেটওয়ার্ক	এ	3
জন্য	রম	3
ইস	ওয়ার্কিং	3
পারলে	এই	3
যে	লেখা	3
ভাইয়া	দেন	3
কালেক্ট	করার	3
সত্যি	ভাইয়া	3
নাইস	অ্যাপ	3
এইটা	ভাই	3
এপিকে	মোড	3
এমবি	সাইজ	3
আর	ভাইয়া	3
রাইট	বাট	3
কাছে	জানতে	3
যে	আইডি	3
ব্যান	হওয়ার	3
সম্ভব	হবে	3
এর	ডিটেলস	3
নাই	এর	3
টিভি	দেখা	3
করসে	ভালো	3
কাছে	সহজ	3
ট্রিক	আসে	3
কোনো	প্রকার	3
এর	পিন	3
ডিফল্ট	ভাবে	3
করলে	এর	3
টা	বন্ধ	3
টা	ব্রিক	3
করুন	ঠিক	3
হবে	যখন	3
প্রথম	দিন	3
১	পয়েন্ট	3
সিলেক্ট	করবো	3
নিয়ে	সামনে	3
লেখার	ভিতরে	3
ইনকাম	করবেন	3
যদি	অ্যাপ	3
তৈরী	করা	3
টা	লাগে	3
লিস্ট	আপডেট	3
লিঙ্ক	গুলো	3
কি	প্লেস্টোর	3
টা	করছি	3
আপনি	যার	3
আপনাকে	টাকা	3
না	ঐ	3
বলতে	পারতাম	3
টার	কাজ	3
পোস্ট	ছিলো	3
করে	বিভিন্ন	3
হওয়ার	কারনে	3
কী	এমবি	3
থ্যাংক	পোস্ট	3
নাহ	আমার	3
লিঙ্ক	কীভাবে	3
কি	চালু	3
ঐ	লিঙ্ক	3
পিডিএফ	ডাউনলোড	3
ইউর	পোস্ট	3
যায়	কোনো	3
দেখি	আর	3
আমার	টাতে	3
টাতে	তো	3
এন্ড্রয়েড	এ	3
সেটিং	করার	3
জন্যে	থ্যাংকস	3
করতে	ইউ	3
ছিলো	তাই	3
ফাইল	লাগবে	3
প্লিজ	একবার	3
এপ্রুভ	প্লিজ	3
প্রবলেম	করে	3
হয়	অ্যান্ড	3
গেইম	এর	3
গুলা	কোন	3
এ	রাখলে	3
থাংকস	ভাইয়া	3
মান	সম্মত	3
যে	তাদের	3
টা	এপ্রুভ	3
পোস্ট	থাংকস	3
কী	ভাই	3
ডিএসএলআর	এর	3
করছে	এখন	3
রকম	ফন্ট	3
নাম্বার	দিতে	3
কী	হয়	3
করেন	যেমন	3
প্লিজপ্লিজ	প্লিজ	3
তে	এফবি	3
গেলে	পাবেন	3
নিজের	ই	3
একটি	অংশ	3
বাট	ওয়েবসাইট	3
সহজ	করে	3
রিকুয়েষ্ট	দিছি	3
টার	মধ্যে	3
নতুন	একাউন্ট	3
রিডার	ভালো	3
বার	কাজ	3
সাইট	এই	3
নিয়ে	আরেকটা	3
টু	নো	3
ব্রো	আমাদের	3
হতেই	পারে	3
ভাই	বিএল	3
হট	১০এস	3
কিনতে	পারবো	3
সাপোর্ট	করাবো	3
ভাবে	বলেন	3
হই	নাই	3
আপলোড	দিয়া	3
রিভিউ	তে	3
করলে	করেন	3
হলে	একটু	3
ওটিজি	ছাড়া	3
এর	লিঙ্কটা	3
এখন	হয়	3
আপনার	মোবাইলের	3
মুভি	সাইট	3
ডাউনলোড	হওয়ার	3
হইছে	অনেক	3
দিলে	একটু	3
বাংলাদেশি	নাম্বার	3
চলছিল	বাট	3
প্রক্সি	এর	3
স্টাইলিশ	ফন্ট	3
একটা	লোগো	3
দোকান	এ	3
নিয়ে	যান	3
দিলাম	আমার	3
ইয়ান্ডেক্স	ব্রাউজার	3
খালি	আছে	3
ক্রেডিট	না	3
তবে	সেটা	3
হয়ে	আর	3
কোনো	কি	3
কয়টা	রেফার	3
সরি	আপনি	3
থাকে	আমার	3
চলে	শুধু	3
ইডু	মেইল	3
ফ্ল্যাশ	দিব	3
নেক্সট	স্টেপ	3
আছে	কী	3
কী	হলো	3
কী	করা	3
পিক	আর	3
আই	অ্যাম	3
আপনার	এলাকায়	3
মডারেটর	এর	3
হলে	সাইট	3
জানে	নাহ	3
গুলোর	মধ্যে	3
অ্যাপ্স	দিয়ে	3
নোট	১০	3
দেখে	আসেন	3
আপনার	এরকম	3
কানেক্ট	এ	3
টা	তাহলে	3
কি	হল	3
এ	লিঙ্ক	3
জিনিস	পোস্ট	3
কোনো	অ্যপ্স	3
করছেন	কিন্তু	3
কাইন্ডলি	একটা	3
ইজ	দ্যা	3
রাগ	এ	3
ভয়	করেন	3
ডেমো	এর	3
মানুষের	জন্য	3
পারলাম	নাহ	3
ব্রো	অ্যাপ	3
করসি	প্লিজ	3
নাহ	আপনার	3
মাধ্যমে	নিতে	3
এ	মিয়া	3
ভাই	অল	3
তা	নাহলে	3
দরকার	একটা	3
যতবার	খুশি	3
খুশি	ততবার	3
ফোন	ফ্ল্যাশ	3
হয়ে	আমার	3
আচ্ছা	এইটা	3
এইটা	থেকে	3
কে	হ্যাক	3
কি	মজা	3
আমি	জয়েন	3
টা	তারপর	3
পর্যন্ত	ওয়েট	3
বানাবেন	প্লিজ	3
ইউ	টিউব	3
তে	সবাই	3
লিঙ্ক	দিতে	3
এর	ঠিক	3
উইথড্র	কিভাবে	3
গেলে	দেখায়	3
ভাইবার	আউট	3
টা	নিবো	3
কী	লাগবে	3
কেমন	অ্যাপ	3
থাংকস	ইউজার	3
করতে	১	3
টাইম	এই	3
কনফিগ	এর	3
থাকলে	ইনবক্স	3
না	পড়েই	3
এনাবল	করে	3
কয়েন	আর	3
কিছু	জানলে	3
জানিনা	আপনি	3
ভাই	উপরের	3
ডিজাইন	টা	3
অথোর	করেন	3
জন্য	এইটা	3
কোথাও	খুঁজে	3
ভালো	হবেনা	3
মারতে	হবে	3
এটা	ডিলিট	3
তোদের	জন্য	3
মোটামুটি	ভালোই	3
প্রবলেম	হওয়ার	3
থেকে	সাবস্ক্রাইব	3
এই	গেইম	3
বলছি	এন্ড	3
রেফার	টা	3
আপনি	ফ্রি	3
ও	ফ্রি	3
ডিটেইলস	বলেন	3
চাই	আপনি	3
গেলেই	পাবেন	3
৮	টা	3
মেম্বার	দের	3
আনলিমিটেড	করতে	3
অপশনস	আছে	3
সিস্টেম	এর	3
তার	আর	3
টা	কীভাবে	3
প্লিজ	কাইন্ডলি	3
প্রব্লেম	দেখায়	3
এ	করার	3
হয়ে	এই	3
করে	বুঝানোর	3
বুঝানোর	জন্য	3
কীভাবে	টাকা	3
আমাকে	কোনো	3
রিপোর্ট	দিলাম	3
করা	শিখান	3
টা	কোনো	3
ভাবে	ই	3
আগেই	আপনার	3
ক্লিক	করছি	3
ক্লিক	করবো	3
সার্চ	ইন	3
ইন	গুগল	3
পর	ইন্সটল	3
স্টপড	লেখা	3
কমেন্টস	গুলা	3
কিটক্যাট	একটা	3
বাগলেস	কাস্টম	3
অল	ওকে	3
এর	বাটন	3
কীভাবে	ঠিক	3
থাকে	বাট	3
অ্যাপ্স	আছে	3
টা	পূরণ	3
পূরণ	করেন	3
জিপি	একটা	3
অ্যাপ্রুভ	করার	3
করুন	অথবা	3
সৌন্দর্য	নষ্ট	3
এর	একটু	3
থেকে	কীভাবে	3
প্লেস্টোরে	থেকে	3
গুড	কিন্তু	3
কীভাবে	একটা	3
কি	চেঞ্জ	3
সব	জানেন	3
যা	এখানে	3
না	মাঝে	3
কষ্ট	লাগে	3
আইডি	খুললে	3
মাত্র	চেক	3
থাকে	তার	3
তো	অ্যাপ	3
ম্যাচ	মেকিং	3
নাইট	মোড	3
এক্টিভেশন	কোড	3
সহ	আরো	3
রিকোয়েস্ট	ভাই	3
ভাই	ঝগড়া	3
নোকিয়া	ফোন	3
দিলেই	পেয়ে	3
এরকম	আরও	3
এডসেন্স	পাবো	3
প্রাইজ	এ	3
হ্যাজ	স্টপড	3
চলতো	বাট	3
আলোচনা	করবো	3
শুধু	গুগল	3
স্লো	ডিএনএস	3
সবার	কমেন্ট	3
এর	ডিএনএস	3
গেছে	আপনি	3
দিয়া	কী	3
গুলো	কী	3
নাই	থাকলেও	3
এসএমএস	ও	3
আর	সেই	3
করবো	তাই	3
ভাই	ইমেজ	3
করে	নেই	3
এই	অ্যাপ্স	3
দিয়ে	সেটিং	3
এর	ছবি	3
জ্বি	ভাই	3
বলে	প্লিজ	3
এডিট	অ্যাপ	3
বিটকয়েন	একাউন্ট	3
আসতে	মন	3
পোস্টের	সাথে	3
আপডেট	চায়	3
বাট	অনেকে	3
তারা	টাকা	3
দিয়ে	কিনে	3
পোস্ট	ফুল	3
এমন	কমেন্ট	3
নাম্বার	লাগবে	3
সহজ	নয়	3
লেআউট	থেকে	3
এ	কীভাবে	3
পোস্ট	মানসম্মত	3
মুক্ত	করে	3
লোডিং	হতে	3
এপ্রুভ	হবে	3
দেয়া	কি	3
এটা	হবে	3
থাকলে	তখন	3
করেছি	দেখেন	3
চেয়ে	সহজ	3
টা	তেই	3
অসাম	একটা	3
আমি	ফুল	3
নট	ইন্সটলড	3
করেছি	তাও	3
ও	দিছি	3
থাকেন	তো	3
কিনলে	কী	3
আপনার	যা	3
বাংলা	লেখা	3
ফর	দ্যা	3
ডাউনলোড	কিভাবে	3
হইলে	ভালো	3
ভাইয়া	নেক্সট	3
পর	ট্রাই	3
কী	করবেন	3
৬০	মিনিট	3
মাথায়	প্রব্লেম	3
এখনো	ডাউনলোড	3
ভুল	কিছু	3
অনেক	মিস	3
চাইলে	এই	3
দিসি	তাই	3
টিউনার	পোস্ট	3
ব্রাউজিং	করা	3
বুঝতে	পেরেছি	3
মোড	অ্যাপ্স	3
কিনা	আপনি	3
কিন্তু	খুব	3
কী	চলবে	3
না	ভেরি	3
করে	জাস্ট	3
থেকে	অন	3
টোয়ার্প	রিকোভারি	3
এই	মুড	3
আর্ন	করে	3
স্ক্রিনশট	নেওয়া	3
ইন্টারনেট	ব্যালেন্স	3
ব্যালেন্স	জানতে	3
কোনো	এড	3
যায়	সে	3
এমবি	দেখায়	3
সিম্ফনি	জেডভি	3
জেডভি	প্রো	3
৩	তে	3
প্লিজ	যদি	3
হয়	ভিডিও	3
স্পিড	ভালো	3
এর	সেটিংস	3
আর	ফেইসবুক	3
নি	কেন	3
কমেন্ট	করছেন	3
তোমার	আইডি	3
টা	নিলে	3
ভাই	এইখানে	3
আর	ইউজ	3
লোডিং	এ	3
এ	এমবিপিএস	3
টা	করতে	3
আছে	ঠিক	3
আপনার	কথার	3
আইপি	বের	3
আমি	স্টক	3
ব্যাকআপ	করতে	3
ডায়াল	করুন	3
তে	স্ক্রিনশট	3
কি	এন্ড্রয়েড	3
এইটা	করলে	3
থিম	কপি	3
আর	আপনাদের	3
পেমেন্ট	কিসে	3
চলতেছে	তাই	3
হবে	ইউজার	3
না	মানুষ	3
দরকারি	পোস্ট	3
বাড়ানোর	কোন	3
রিভিউ	দিবো	3
যান	আর	3
না	চান	3
ভেরিফিকেশন	করতে	3
করতে	পারবোনা	3
৫	টি	3
ফার্স্ট	কমেন্ট	3
খুলার	পর	3
আসলে	অনেক	3
নিজে	কে	3
ভলিউম	আপ	3
ট্রিকবিডি	র	3
ভাবে	বুঝলাম	3
ভিডিও	কিভাবে	3
ডোমেইন	কিনতে	3
থেকে	কিনলে	3
তে	খেলা	3
তোমার	স্ক্রিনশট	3
তুমি	না	3
জাস্ট	আমার	3
আপনি	ফোন	3
অ্যান্ড	আমি	3
তো	বন্ধ	3
অন্য	কাজে	3
সবাই	যদি	3
বাট	সাইজ	3
এ	মিন	3
ভাবে	হবে	3
দিয়ে	রাখছি	3
জানি	তা	3
করে	শিখে	3
ভাই	বিকাশ	3
ট্রিক	আর	3
এ	হ্যাক	3
সো	আপনি	3
পাইছেন	ভাই	3
এই	আবুল	3
তে	নিয়মিত	3
টাইম	ফ্রি	3
হচ্ছে	তাই	3
যদি	জানেন	3
এইরকম	কোনো	3
ফিরিয়ে	আনবো	3
পাস	না	3
একটা	ট্যাগ	3
তেই	তো	3
আগে	কোনো	3
বেশি	দরকার	3
ফাইল	কোথায়	3
হওয়ার	চান্স	3
এইটার	কাজ	3
তো	গুগলে	3
আপনার	চলছে	3
অপেরা	তে	3
ভালোই	হতো	3
সিম্ফনি	এইচ৪০০	3
ডেন্ট	অ্যাপ	3
পয়েন্ট	ঠিক	3
এর	লিমিট	3
ফ্রি	তেই	3
অস্থির	হইছে	3
মোবাইল	সিম্ফনি	3
আইওএস	এর	3
হলে	অন্য	3
ভালো	লিংক	3
আনজিপ	করার	3
ভাই	জিপ	3
তো	হচ্ছেনা	3
একবার	রুট	3
এ	যেই	3
পাসওয়ার্ড	কাজ	3
গেছে	ব্রো	3
আর	পিক	3
আপনার	আপলোড	3
হলো	এটা	3
এ	বলছেন	3
এ	বলতে	3
করে	ব্যান	3
দিয়ে	আপনাকে	3
করে	আগেই	3
সব	নিয়ে	3
থাকলে	এমবি	3
সব	আছে	3
লাগছে	ভাই	3
ফ্রি	চালাতে	3
আপনার	ব্যাপার	3
ফর	সাপোর্ট	3
ওয়েব	ডিজাইন	3
করা	প্লিজ	3
পেমেন্ট	কি	3
আপনাকে	বলছি	3
শিখানো	হচ্ছে	3
ওখানে	গেলে	3
একটা	নিউজ	3
কী	হয়েছে	3
বেশি	করে	3
ফালতু	কথা	3
১৭	টাকায়	3
পর	আপডেট	3
ভালো	এন্ড	3
কি	মেইন	3
নিয়ে	কোন	3
থেকে	এড	3
পূরণ	করে	3
রকম	হবে	3
বলেই	দিসি	3
করা	অফ	3
অথর	করবে	3
দেখানো	হয়েছে	3
গুগলে	খুঁজে	3
২ন্ড	পার্ট	3
বিটিসি	ওয়ালেট	3
হিন্দি	ডাবিং	3
চলে	ভাই	3
করে	২	3
আদান	প্রদান	3
অথোর	হওয়ার	3
এ	রাখছেন	3
অস্থির	একটা	3
বা	হেল্প	3
আর	চলেনা	3
করছি	এন্ড	3
আছে	নিয়ে	3
আউট	হয়ে	3
আপনার	ক্রেডিট	3
সহজ	পদ্ধতি	3
আগা	মাথা	3
পাইছেন	আপনি	3
অন্য	অন্য	3
বলেন	এটা	3
এখন	যেকোনো	3
এ	জিমেইল	3
জিমেইল	থেকে	3
ওওও	তাই	3
যেকোনো	সাইট	3
সাইট	কি	3
ছিলো	এফবি	3
থ্যাংকস	আমাদের	3
এড্রেস	কি	3
ই	লাগবে	3
তে	সাপোর্ট	3
সব	কোড	3
হইছে	ট্রিকবিডি	3
পোস্ট	আবার	3
দিয়ে	ফাইল	3
ফাইল	সাইজ	3
থাকে	যা	3
আমার	রেম	3
না	দেওয়াই	3
তত	বেশি	3
যে	ওই	3
ভাবে	একটা	3
এ	কপি	3
টা	নিবেন	3
ক্রেডিট	আর্ন	3
মাসে	এর	3
অ্যাপ	আপডেট	3
ফেইল্ড	দেখাচ্ছে	3
বাহির	হয়ে	3
টার	ক্রেডিট	3
দিয়া	ইনস্টল	3
থেকে	রিমুভ	3
ভোটার	আইডি	3
দিলে	কোন	3
ভেরিফাই	হয়	3
মোড	এর	3
না	এত	3
ভাই	ও	3
আনলিমিটেড	নেট	3
ভাই	লাকি	3
তাদের	নাম	3
তুমি	আমারে	3
আমারে	এয়ারড্রপ	3
পর্যন্ত	কয়টা	3
কয়টা	থেকে	3
অথর	ছিলাম	3
লাগলে	রিপোর্ট	3
পর্ব	গুলা	3
তাহলে	ঠিক	3
টেলিগ্রাম	থেকে	3
প্লিজ	প্রমোট	3
প্রমোট	মি	3
ক্রোম	দিয়া	3
ভাই	টারমাক্স	3
ব্ল্যাংক	তো	3
কি	সিওর	3
এত	ঝামেলার	3
ঝামেলার	দরকার	3
আপনার	বাড়ি	3
আইডি	খুলবো	3
উপকৃত	হবে	3
টিউনার	বানানো	3
সবাই	ফ্রি	3
১	নম্বর	3
তিন	টা	3
রিলিজ	হয়নি	3
সেকেন্ড	পর	3
ডিসকানেক্ট	প্রবলেম	3
হবে	হলে	3
হলে	খুব	3
পোস্ট	হেল্প	3
হয়	ওইটা	3
কয়বার	করেন	3
আমার	পোস্টগুলা	3
তাড়াতাড়ি	করেন	3
স্টপড	দেখায়	3
অনেক	অ্যাপস	3
অ্যাপস	থেকে	3
হয়	এর	3
বাটন	মোবাইল	3
হুম	এর	3
লিংক	করেন	3
দিন	ও	3
একটু	সার্চ	3
এফবি	হ্যাকিং	3
সিকিউরিটি	কোড	3
হচ্ছে	অনেক	3
দিন	ইউজ	3
ভাই	জানেন	3
একজন	মুসলিম	3
জন্য	হলেও	3
হলে	কমেন্ট	3
থিম	নিয়ে	3
এটা	ব্যবহার	3
থেকে	আরও	3
এমবি	র‍্যাম	3
অনেক	গেম	3
পোস্ট	এসব	3
ওয়াজ	এ	3
এবং	আমি	3
হিন্দি	তে	3
ভালোই	হবে	3
কি	কিভাবে	3
এক	সিম	3
না	দেওয়া	3
তা	ইউজ	3
আইবাডি	অ্যাপ	3
ছাড়া	হয়না	3
পোস্ট	ফ্রি	3
হেল্প	ফোন	3
আপনার	অন্য	3
না	খেলে	3
গালি	দেয়ার	3
এর	এসএস	3
খেয়াল	করে	3
ট্রাই	করিনাই	3
হলে	আগে	3
ইউর	এফবি	3
এফবি	নাম	3
স্ক্রীনশট	দিয়ে	3
হইসে	আর	3
আবারো	থ্যাংকস	3
হয়	আলাদা	3
ফাইল	দিয়ে	3
নিউ	আমি	3
কিছু	রিয়েল	3
পর	ভিডিও	3
রিচার্জ	করছি	3
ফাইল	এক্সট্র্যাক্ট	3
আইডি	ভেরিফাইড	3
করছেন	এই	3
ভাই	তোমরা	3
বাট	আমরা	3
চার্জ	হবে	3
রেম	৫১২	3
এটার	মেয়াদ	3
মেয়াদ	কত	3
আপনাকে	মেইল	3
উল্লেখ	করার	3
কন্ট্রিবিউটর	হলেন	3
এখন	হইসে	3
যোগাযোগ	নাই	3
গুলো	দেখতে	3
অ্যাকাউন্ট	খুললে	3
ফ্রি	হলে	3
তা	বলতে	3
স্প্যাম	কইরেন	3
কথা	বললেই	3
কিছুই	হয়না	3
কন্ট্রিবিউটর	হয়ে	3
মোবাইলে	এ	3
এ	হবেনা	3
বেঁচে	যাবে	3
ভাই	বার	3
ডাইরেক্ট	লিঙ্ক	3
তাই	কাজ	3
করবো	এফবি	3
তা	আর	3
এখানে	এই	3
আমার	এফবিতে	3
তে	বাংলা	3
পারলে	হেল্প	3
তাহলে	ফ্রি	3
দেখুন	পোস্ট	3
ই	যথেষ্ট	3
ফোনের	র‍্যাম	3
নিতে	কত	3
তাহলে	ই	3
না	দেখায়	3
ট্যাঙ্কস্‌	ইউজার	3
বিভিন্ন	দেশের	3
হ্যাকার	এর	3
চার্জ	দিলে	3
লগইন	হয়	3
অ্যাপস	দিয়া	3
হয়	ফুল	3
গেছে	আর	3
মানে	টা	3
পিডিএফ	রিডার	3
চালাই	কিন্তু	3
না	কজ	3
ভিসা	কার্ড	3
আজকে	সকাল	3
যাচ্ছে	এটা	3
রিকুয়েস্ট	করতে	3
দিয়ে	পারবেন	3
আসতেসে	না	3
রেজিস্টার	করলেই	3
ট্যাঙ্কস্‌	ব্রো	3
ই	জানি	3
অ্যাপ	কাজ	3
মাত্র	৪	3
একটু	মজা	3
উনি	তো	3
সমাধান	নিয়ে	3
কিছু	মেম্বার	3
২টা	তেই	3
তেই	করা	3
ইন	এডভান্স	3
নোট	৮	3
হিন্দি	ডাবড্‌	3
বাংলা	ডোমেইন	3
দিব	ইনশাল্লাহ	3
যদি	দিতে	3
যায়	অন্য	3
ফ্রি	অফ	3
ট্রিকবিডি	ইউজার	3
মেমোরি	তে	3
২	মিন	3
কেউ	কে	3
না	১০	3
নোট	৪	3
আমাকে	কে	3
লিঙ্ক	দান	3
পপ	আপ	3
ইন্সটল	হচ্ছে	3
ট্রিকবিডি	এখন	3
একটা	পেজ	3
আইডি	ডিসেবল	3
প্রবলেম	এর	3
করি	নেক্সট	3
থেকে	চালাচ্ছি	3
এ	আসছে	3
দিয়ে	পেজ	3
নিজে	ভালো	3
এ	করলাম	3
তো	অন্য	3
বাট	ডায়াল	3
কোন	অথর	3
তখন	থেকেই	3
রাখলে	কি	3
ভাই	মেয়াদ	3
তাহলে	পরে	3
ফর	এডভাইস	3
প্রচার	করা	3
তা	শেয়ার	3
ভাই	ফেস	3
পোষ্ট	ভাই	3
করব	কেমনে	3
অ্যাপস	ওপেন	3
আপনাকে	এডিটর	3
আমিও	ট্রাই	3
আমার	বিএল	3
পেস্ট	করতে	3
গুগলে	দেখেন	3
সার্ভার	কি	3
পদ্ধতি	আছে	3
ভালো	হতে	3
বলছি	আপনি	3
নিউ	কনফিগ	3
ইনভাইটেশন	কোড	3
কানেক্ট	করবেন	3
করবেন	দেন	3
৭	প্রো	3
এটাই	বেস্ট	3
যাতে	সব	3
বুঝতে	হবে	3
করেছে	যে	3
সম্ভব	নাকি	3
কোটি	কোটি	3
দেশ	থেকে	3
ঢোকে	না	3
কিছুক্ষণ	পর	3
গেম	বাট	3
বাচ্চাও	জানে	3
কিছু	জানা	3
মাস	এর	3
কোনো	ইন্টারনেট	3
জমা	হয়েছে	3
এর	অন্য	3
১০০	বার	3
তারা	আবার	3
রাফি	ভাই	3
ইউজ	কম	3
এড্রেস	এ	3
দেখুন	কি	3
রেফার	জয়েন	3
স্পিড	স্লো	3
ফেসবুক	অ্যাপস	3
অ্যাপ	পাওয়া	3
আপনাদের	এই	3
৫১২	জিবি	3
দরকার	একটু	3
ভাই	পিছি	3
মত	পোস্ট	3
হলে	ইউটিউব	3
জিমেইল	পাসওয়ার্ড	3
ইনস্টল	হয়ে	3
কিছু	হচ্ছে	3
আপডেট	করলে	3
আমার	নিউ	3
কি	বুঝেন	3
৮	টাকা	3
১৪	টাকা	3
টাকা	২	3
পোস্টে	স্ক্রিনশট	3
স্ক্রিনশট	সহ	3
এখনো	পর্যন্ত	3
যায়	আবার	3
এসব	করে	3
লগইন	হয়ে	3
দেয়া	যাচ্ছে	3
ট্রাই	কাজ	3
৫০	ডলার	3
ভাইয়া	কোড	3
জিপি	সিমে	3
সাপোর্ট	করতো	3
ভিডিও	ছিল	3
কপি	করছো	3
কোডিং	এর	3
নিয়ে	নিতে	3
নাম্বার	পাওয়ার	3
১০০	ক্রেডিট	3
শুধু	ফ্রি	3
কোনো	কমেন্ট	3
কিনা	জানি	3
তো	দিয়ে	3
হ্যাক	হলো	3
টা	পাওয়ার	3
আরো	কম	3
এ	রিচার্জ	3
রিচার্জ	করা	3
না	ব্যান	3
কম	থাকে	3
কিছু	ফ্রি	3
এর	পার্থক্য	3
পার্থক্য	নিয়ে	3
পোস্ট	করছো	3
ধরে	ট্রাই	3
জন্য	ব্যান	3
বাট	আপডেট	3
এতো	বড়ো	3
কে	বিস্বাস	3
নতুন	কোন	3
ব্রো	গুগল	3
করছি	আপনার	3
এডড	করা	3
প্রব্লেম	সল্ভড	3
এমবি	গুলার	3
টানার	বানান	3
এই	নম্বর	3
যারা	কাজ	3
আবাল	নাকি	3
কোনো	আইডিয়া	3
ব্রো	এন্ড	3
এডড	হবে	3
তমক	ভাই	3
পরে	থাকি	3
কি	ইউজার	3
যায়	তাইলে	3
পাই	নাহ	3
৩র্ড	পার্টি	3
এতদিন	পর	3
বিস্তারিত	জানতে	3
এই	ভালো	3
আমার	জান	3
ব্রাউজার	তো	3
আপনাকে	ক্রেডিট	3
নিজেই	পোস্ট	3
৬৫৮২	এর	3
এফবি	এড্রেস	3
অনেক	হ্যাপি	3
এপ্পস	টা	3
এ	হলে	3
হইছে	তাই	3
টা	বললে	3
বললে	উপকৃত	3
তো	বেস্ট	3
যারা	এসব	3
পরীক্ষা	করে	3
জানেন	তো	3
কারণ	এর	3
অন্য	রকম	3
কথা	কে	3
করলে	নেট	3
যাবেন	থ্যাংকস	3
পাসওয়ার্ড	এর	3
আমাদের	মত	3
ভাইয়া	অন্য	3
আশা	করিনি	3
এতো	ছোট	3
করুন	ইনশাআল্লাহ	3
টা	এই	3
লাইসেন্স	কি	3
কেউ	তার	3
স্বার্থের	জন্য	3
সাইট	কত	3
আমার	ফার্স্ট	3
ভাই	লিমিট	3
দেখা	যাচ্ছেনা	3
ইন্টারনাল	স্টোরেজ	3
করছি	ভালো	3
হতে	হেল্প	3
ট্রাই	ও	3
অল	অথর	3
আমার	হুয়াওয়েই	3
রকম	আরো	3
তারা	অথর	3
নিউজ	দেয়	3
রুলস	গুলো	3
মতো	আবাল	3
ভিভো	ওয়াই৯০	3
করছেন	কি	3
দিয়ে	আরো	3
মেজাজ	খারাপ	3
ভাই	রবির	3
দারুন	গেম	3
ফোনে	ই	3
অথর	থেকে	3
দেওয়ার	কথা	3
আপনি	এর	3
কি	পরে	3
এর	জন্যও	3
থাকে	সো	3
সাথে	এডড	3
ধূর	মিয়া	3
এন্ড	ট্রিকবিডি	3
ভুল	হতে	3
একটা	মেমরি	3
ইজি	আর্ন	3
তো	আপনাকে	3
করুন	আশা	3
টা	ফেক	3
অন্য	মেইল	3
ট্রিকবিডি	ভালো	3
পর	শুধু	3
বাট	কল	3
গেম	থাকলে	3
ইওর	ডিভাইস	3
ডিভাইস	নট	3
তাই	বলা	3
কি	এন্ড্রোইড	3
করবে	শুধু	3
করি	আপনার	3
তারপর	শেয়ার	3
ভাই	অফ	3
কেমনে	ঠিক	3
ভালোই	স্পিড	3
যাই	বলুক	3
রোবট	না	3
৪০	এর	3
আমি	করছিলাম	3
জন্য	কম	3
কিনতে	পারি	3
আমাকে	১	3
দিতে	বলছে	3
করেন	ঠিক	3
তো	ফিলিজ	3
তাইলে	একটু	3
এটার	কি	3
সেল	দিলে	3
একাউন্ট	সেল	3
এডড	করবো	3
এক্সপোসড	ইনস্টলার	3
ওকে	আপনি	3
সার্চ	এ	3
তাই	ওকে	3
তারপর	দেখেন	3
ছিল	ও	3
কল	যায়	3
সাবস্ক্রাইব	করবেন	3
ইউ	এন্ড	3
পর	কিছু	3
দেখবো	কি	3
কিভাবে	ব্যবহার	3
পাবজি	মোবাইল	3
ভাই	সকল	3
কেনো	আর	3
কিভাবে	সাপোর্ট	3
ট্রাই	কইরেন	3
মেবি	১	3
ট্রিকস	শেয়ার	3
আমি	ওয়েট	3
শুধু	আমার	3
এগুলার	জন্য	3
অথর	আমি	3
আলাদা	পোস্ট	3
কোনো	কিছুর	3
কোনো	টিউটোরিয়াল	3
করুন	এটা	3
মড	করার	3
অন্য	একটি	3
কোনো	সিম	3
আমরা	পোস্ট	3
প্রো	প্লেয়ার	3
একটা	ইউনিক	3
সময়	নিয়ে	3
১টা	রেফার	3
না	ইনভ্যালিড	3
না	কেরে	3
একাউন্ট	খুলি	3
করলে	১০	3
না	রিকভারি	3
হবেনা	ব্রো	3
রিভিউ	মায়	3
একসেপ্ট	প্লিজ	3
আপনার	ও	3
আপনি	সেই	3
এর	ওয়াইফাই	3
আরো	আছে	3
মানে	বুজলাম	3
এন্ড্রোইড	তে	3
ফেইল্ড	দেখায়	3
ভাই	পারবেন	3
ডায়াল	করা	3
বলছি	বাট	3
বাট	আমাকে	3
আমি	১টা	3
একটু	ডাউনলোড	3
তো	আনলিমিটেড	3
আমি	বলছিলাম	3
হুম	তবে	3
সুবিধা	হত	3
এ	৪জি	3
তো	টেক্সট	3
করে	অফ	3
একটিভ	করুন	3
যা	শুধু	3
করতে	এটা	3
দেয়	তার	3
কেও	জানলে	3
কি	মানুষ	3
গ্রেট	ব্রো	3
হতো	কারণ	3
কি	প্রতিদিন	3
রা	আমি	3
করি	তবুও	3
আপনি	ওল্ড	3
এ	ইমো	3
নাম্বর	দেয়া	3
ইমো	একাউন্ট	3
থেকে	অ্যাপস	3
রম	আছে	3
এটা	এর	3
খুলা	যায়	3
অ্যাড	আর	3
এসব	আবাল	3
পাবলিক	করেন	3
পার্মানেন্টলি	ডিলিট	3
আমার	এন্ড্রোয়েড	3
যাবে	এর	3
ভাই	জিমেইল	3
ট্রিকবিডি	এ	3
দিতেন	তাইলে	3
তাইলে	ভালো	3
চলবে	তো	3
মাত্র	১	3
দিয়ে	সিওসি	3
ক্রিয়েট	করেন	3
সবাই	শুধু	3
আমি	ল্যাপটপ	3
কেমনে	ডাউনলোড	3
জন্য	ইউজার	3
কে	করে	3
ইমেজ	লাগবে	3
একটা	কম্পিউটার	3
সিঙ্গেল	নাম	3
ফোন	সিম	3
ওই	ফোল্ডার	3
কয়	মাস	3
সাইট	দিবো	3
জানা	আসে	3
ইউজার	তুমি	3
তে	কিছু	3
করলে	এমবি	3
থেকে	হয়	3
এ	যেয়ে	3
ও	পেন্ডিং	3
না	করতেই	3
ইন	করা	3
কিছু	পেলে	3
ব্যাকআপ	নিয়ে	3
ও	করবে	3
এ	রাখা	3
এর	ভাই	3
বড়ো	ভাই	3
ফোন	রেডমি	3
প্রো	আছে	3
দেয়া	থাকে	3
যারা	ইউজ	3
এগুলো	ফ্রি	3
ইমেজ	এর	3
জন্যে	এমবি	3
দরকার	পরে	3
দেওয়া	যাবেনা	3
থ্যাংকস	দিবো	3
পারবেন	একাউন্ট	3
৫	ভার্সন	3
বার	পাইছি	3
আর	হবেনা	3
কোর্স	করেন	3
কালেক্ট	করে	3
দেখেন	কোনো	3
নম্বর	আছে	3
এই	নাম	3
সেই	ফাইল	3
ভাবে	বাড়াবো	3
ডিলিট	কর	3
একসেপ্ট	করবে	3
ট্রিক	তো	3
মাত্র	কয়েক	3
দিন	কাজ	3
ওয়েট	দিবো	3
তে	এর	3
ফর্ম	পূরণ	3
অ্যাক্সেস	নেয়া	3
কিন্তু	ব্রো	3
যায়	তারপর	3
জনি	ভাই	3
আলহামদুলিল্লাহ	আমার	3
তো	দিসি	3
আপনি	কে	3
কাটবে	কি	3
ছিলো	বাট	3
তখন	আর	3
তে	ঢুকলে	3
অ্যাকাউন্ট	খুলবেন	3
করা	হয়না	3
কাসে	থাকলে	3
যে	গুলা	3
একটু	সমাধান	3
স্পুফিং	ইমেইল	3
বের	করো	3
ফন্ট	এর	3
নয়	আপনার	3
ফন্ট	অপশন	3
তারা	ও	3
আরো	৩	3
এ	আগেই	3
পোস্ট	করলো	3
অথর	হইতে	3
করচ্ছি	বাট	3
খাইয়া	পোস্ট	3
করলেই	হয়ে	3
ইনস্টল	নেয়	3
পিটিসি	সাইট	3
কখনো	দেখিনি	3
মডেল	নোকিয়া	3
কি	মোড	3
কপি	মেরে	3
সাইটে	পোস্ট	3
যে	এতো	3
টা	পার্ট	3
টাও	ভালো	3
বার	চেঞ্জ	3
এর	নোটিফিকেশন	3
দিবা	প্লিজ	3
হয়	তারা	3
টাই	তো	3
টেকটিউনস	থেকে	3
আসে	ঐটা	3
আমার	হইসে	3
কম	দাম	3
ধরার	জন্য	3
ভালো	হলেও	3
কিসু	করতে	3
সালে	যখন	3
ভাই	ওয়েবসাইট	3
আর	কিসু	3
টিউটোরিয়াল	টা	3
ফ্ল্যাশ	করা	3
ব্রিক	হতে	3
টাকা	পার	3
হুম	পাবেন	3
কানেক্ট	দিলে	3
ফুল	স্পিড	3
অফ	দ্য	3
এ	ওয়ার্ক	3
কোনো	টুল	3
কনফিগ	শেয়ার	3
শুরু	করছেন	3
হুম	আছে	3
মাস	আগের	3
কিন্তু	এখনো	3
করছি	ঠিক	3
বাই	ইউজার	3
নেম	বলেন	3
এড	করবেন	3
অ্যাপস	দেন	3
সিম্ফোনি	এইচ৩০০	3
করলাম	ভাই	3
ইউ	ট্রিকবিডি	3
এ	রিকুয়েস্ট	3
তো	নাম্বার	3
আমার	সেটিং	3
সিডব্লিউএম	ইনস্টল	3
বাট	বাংলা	3
টা	থাকে	3
ডিজাইন	এর	3
এমবি	নেয়ার	3
নক	মি	3
আগে	শেয়ার	3
করে	জানান	3
এড	অ্যাকাউন্ট	3
করেছিলাম	বাট	3
লিঙ্কটা	দেন	3
মিনিটস	কথা	3
কনফিগ	ইউজ	3
বিষয়ে	একটি	3
অ্যাপ	নিয়া	3
আবুল	এর	3
আমারো	সেম	3
ফোন	কোন	3
কখন	দিবে	3
কিসু	করার	3
পার্ট	হবে	3
অফ	করছে	3
পাচ্ছি	হেল্প	3
যে	রিকভারি	3
দিছি	একটু	3
করতাছে	না	3
গুগল	ড্রাইভের	3
ঠিক	বুঝতে	3
খুলতে	পারছিনা	3
বার	পেমেন্ট	3
ওয়ার্ল্ড	কাপ	3
গুলা	চেক	3
কোনও	উপায়	3
সঙ্গে	সঙ্গে	3
আরন	করা	3
হ্যাক	করবেন	3
কোন	চ্যানেল	3
সামনে	থেকে	3
তাই	আগে	3
রক্ষা	করার	3
সিম	রেজিস্ট্রেশান	3
হস্টিং	সাইট	3
প্রত্যেক	বার	3
এগুলা	তো	3
ভাবেই	ডাউনলোড	3
হিসেবে	ইউজ	3
পারতাছি	না	3
মেগা	লিংক	3
আছে	কেউ	3
করলে	কেমনে	3
সাইট	ভিসিট	3
পোর্ট	টা	3
এপপ্স	টা	3
এন্ড্রোইড	১১	3
নট	গুড	3
রুট	এপিকে	3
ভাই	ডোমেইন	3
করলে	আপনাদের	3
নোকিয়া	ই৫	3
কে	বলল	3
নেই	যে	3
হাজার	টা	3
ফাইল	ইন্সটল	3
বলল	না	3
পোস্ট	করছ	3
জন্য	আমরা	3
পার্ট	গুলা	3
হ্যাক	করুন	3
আবার	কেউ	3
এ	নাও	3
তুমি	অথর	3
কন্টাক্ট	হয়	3
ভালো	হচ্ছে	3
অনেকে	অনেক	3
থেকে	বেরিয়ে	3
এইরকম	একটা	3
উপকার	করতে	3
ফেইলড	দেখাচ্ছে	3
টাইম	হলে	3
প্রাইম	ললিপপ	3
থেকে	প্রায়	3
ব্রো	খুব	3
কারো	লাগলে	3
অনেকে	তো	3
ফ্রি	ভিপিএন	3
গ্যালাক্সি	জে৫	3
লেখা	হয়	3
এপপ্স	দিয়ে	3
পারেন	যে	3
কি	ছিল	3
ঠিক	তার	3
সপ্তাহ	ধরে	3
বন্ধ	হইয়া	3
করা	আমি	3
তা	নয়	3
টায়	আমার	3
ফোন	ভাইরাস	3
ভাইরাস	ডিটেক্ট	3
ডিটেক্ট	করছে	3
স্টপ	দেখায়	3
ভাই	অনেকে	3
নামিয়ে	নেন	3
আমার	হইছে	3
এয়ার	ফোর্স	3
জিনিস	জানার	3
এ	দেখসি	3
সেল	করবেন	3
ও	ভিডিও	3
হচ্ছেনা	প্লিজ	3
এক্সপোসড	ইনস্টল	3
এ	ব্যাক	3
থেকে	ডলার	3
এসএস	অ্যাড	3
ফুল	প্রসেস	3
থ্যাংকস	আ	3
যারা	রিকুয়েস্ট	3
ক্রেডিট	এর	3
খেলা	দিয়ে	3
হালা	বলদ	3
যায়	এখন	3
গেম	দিয়ে	3
রম	শেয়ার	3
ছিল	যা	3
কেটে	দিন	3
রিডিরেক্ট	হয়	3
পোস্ট	হল	3
ইমেইল	দেন	3
কাইনমাস্টার	প্রো	3
কি	কম	3
তে	কত	3
করে	অ্যাডমিন	3
আমি	ভাল	3
করেন	নাহলে	3
এ	দিছি	3
পরের	ভার্সন	3
এক	অ্যাপ	3
তে	লাগবে	3
অ্যাক্টিভ	থাকে	3
রম	ট্রাই	3
নানা	ধরনের	3
সার্চ	দিলাম	3
নাকি	পিসি	3
এইটা	নিয়া	3
আমার	বিটিসি	3
রিদমিক	এর	3
সুন্দর	মুভি	3
অন্য	ফোনের	3
ভাই	সিম্ফোনি	3
আপনার	মুভি	3
তাই	এসব	3
ইন্টার্নাল	স্টোরেজ	3
যা	করতে	3
রম	এ	3
পেপাল	আইডি	3
যাবে	এইটা	3
একটা	ব্লগ	3
তো	যেকোনো	3
সিওসি	খেলা	3
মাইইথারওয়ালেট	এ	3
আর	বেস্ট	3
এ	ফার্স্ট	3
লেটেস্ট	আপডেট	3
ইউটিউব	বাংলা	3
জেনারেট	করে	3
উপরে	পাঠানো	3
করে	অ্যাপস	3
প্রদান	করতে	3
বিস্তারিত	আলোচনা	3
ভিপিএন	দিতে	3
এ	পোষ্ট	3
পরে	আপনি	3
স্টোর	ওপেন	3
বায়োস্কোপ	প্যাক	3
দিচ্ছি	কিন্তু	3
এন্ড	ইউজার	3
ই	ইউজ	3
তাও	হয়নি	3
এর	আলাদা	3
ফোনের	রম	3
অ্যাড	আছে	3
যায়	ব্রো	3
গুগল	অ্যাকাউন্ট	3
খুব	অল্প	3
লিংক	ওপেন	3
এটা	ওল্ড	3
কয়েক	কেবি	3
পোষ্ট	করো	3
অ্যাডসেন্স	পাওয়া	3
সেম	ভাই	3
হুয়াওয়েই	ওয়াই৩	3
আপনাকে	উত্তম	3
উত্তম	প্রতিদান	3
ট্রিকবিডি	প্রোফাইল	3
কে	এগিয়ে	3
গুলো	দেখে	3
ইন্ডিয়ান	সার্ভার	3
কেন	বলেন	3
টিপস	গুলো	3
ইন	প্রগ্রেস	3
অপশন	ই	3
সেই	ভাবেই	3
এইটা	ছাড়া	3
ধন্যবাদ	ব্রো	3
কি	১	3
দেন	বা	3
পর	পোষ্ট	3
যা	সব	3
ভার্সন	দিতে	3
কনফিগ	ক্রিয়েট	3
যে	পিক্সেল	3
লঞ্চার	এ	3
১০	পয়েন্ট	3
থেকে	টেক্সট	3
তাহলে	এখন	3
দেরি	হয়ে	3
মিয়া	আপনি	3
গুলো	দেখি	3
জন্য	এক	3
নিচে	দেখেন	3
৮	এ	3
মার্শমেলো	ভার্সন	3
এ	দেখাচ্ছে	3
সাথে	কন্ট্যাক্ট	3
আমি	নোকিয়া	3
ডিয়ার	ইউজার	3
প্ল্যান	এ	3
করতে	পাচ্ছি	3
ট্রিকবিডি	মডারেটর	3
পোষ্ট	আমি	3
দিবেন	আমি	3
বেশি	লিংক	3
মাধ্যমে	কিভাবে	3
বেশি	ভাল	3
পোষ্ট	করছেন	3
কি	ওটিজি	3
দিয়ে	জানিয়ে	3
জানিয়ে	দিবে	3
আছে	হেল্প	3
ডাটা	ইউসেজ	3
ল্যাপটপ	দিয়ে	3
ওপেন	করবে	3
১০	ফ্রি	3
এর	এডিটর	3
সুবিধার	জন্য	3
থেকে	বঞ্চিত	3
অন্য	কনফিগ	3
এই	৩টা	3
নিতে	থাকে	3
অনেক	থ্যাঙ্কস	3
থ্যাঙ্কস	কাজ	3
তবে	মাঝে	3
তাড়াতাড়ি	একটা	3
আগেই	করে	3
ধ্বংস	করে	3
ক্লিক	করলাম	3
করেন	অ্যান্ড	3
বাট	থ্যাঙ্কস	3
ফ্রি	দিলেও	3
কেমনে	বুঝবো	3
কেন	করলেন	3
বাড়ানোর	সিস্টেম	3
গ্যালাক্সি	গ্র্যান্ড	3
এই	বছরের	3
বছরের	শেষের	3
রিভিউ	দেয়ার	3
ভাইয়া	আপনের	3
এইরকম	আরো	3
আপনাকেও	থ্যাঙ্কস	3
করে	৪	3
বানাবো	কীভাবে	3
করে	মেরে	3
কি	২	3
অনলি	মি	3
থ্যাঙ্কস	বাট	3
থ্যাঙ্কস	আমার	3
মডারেটর	ব্রো	3
টিডব্লিউআরপি	ফ্ল্যাশ	3
চাইলে	অন্য	3
জানেন	ই	3
এইটা	ডাউনলোড	3
আপনা	আপনি	3
নোট	৫	3
মুভি	তো	3
হবেনা	জাস্ট	3
লোডার	দিয়ে	3
অ্যান্ড্রয়েড	ইউজ	3
বন্ধ	করতে	3
হয়েছিল	বাট	3
ভাই	প্লেস্টোর	3
একটা	বানিয়ে	3
একাউন্ট	করার	3
এইটা	বলা	3
এ	কয়	3
আমার	নলেজ	3
মিয়া	আপনে	3
ও	করি	3
গুলা	সবার	3
এটা	জানতাম	3
কোড	লাগবে	3
দিলে	হবেনা	3
খুলার	সাথে	3
ভাইয়া	রিভিউ	3
অ্যাপ	আমি	3
তমুক	ব্রো	3
একাউন্ট	ই	3
করে	ফেলসেন	3
রিয়েলমি	সি২এস	3
কত	কয়েন	3
আসে	করবো	3
দিলে	প্রব্লেম	3
হুম	জানি	3
পোস্ট	নিজের	3
দিয়া	ট্রিকবিডি	3
কী	প্রব্লেম	3
হয়	ড্রাইভ	3
কিনে	নেন	3
সময়	নিবে	3
কিছু	গেম	3
সেন্ড	করে	3
তাই	ট্রাই	3
অ্যাপস	গুলো	3
দাম	কম	3
আপনের	এফবি	3
র‍্যাম	ইউজ	3
আমার	ওয়ান	3
দেশ	এর	3
জন্য	যারা	3
ভালোই	লাগলো	3
অ্যাডস	আছে	3
জন্য	তাদের	3
বাম	পাশে	3
চ্যাট	হেড	3
লাগবে	তবে	3
থেকে	ব্রিলিয়ান্ট	3
এ	প্রায়	3
আপনার	এ	3
হয়ে	নাই	3
এ	ইউজার	3
আসবে	আমি	3
ফেইসবুক	গ্রুপ	3
পর	নাকি	3
স্কিপ	অপশন	3
নোট	ওয়ার্কিং	3
আপনি	পাসওয়ার্ড	3
এতো	কষ্টে	3
মাই	চ্যানেল	3
উইথড্র	নেয়া	3
কিভাবে	যাবো	3
৩টা	রেফার	3
না	৭	3
করলে	এরর	3
মেনি	থাঙ্কস	3
১টা	প্রশ্ন	3
যখন	তারা	3
করে	যাবো	3
দিলে	নাকি	3
করসে	আপনি	3
মানুষ	আর	3
কোড	টি	3
অথার	আইডি	3
এক	বন্ধুর	3
এ	সেটা	3
ওয়ে	থাঙ্কস	3
বাদ	দেয়া	3
আবাল	তো	3
করবেন	তার	3
টিভি	দেখতে	3
নিয়ে	কিসু	3
টাই	ভালো	3
পোস্ট	থাঙ্কস	3
সিস্টেম	আপডেট	3
বাট	পারি	3
ভিশন	১	3
কেও	আমাকে	3
ট্রিক	এর	3
কপি	বের	3
ফায়ার	ফ্রি	3
টু	গেট	3
বানানো	হচ্ছে	3
যেখানে	তারা	3
ইনকাম	অ্যাপস	3
কে	রেফার	3
ইউ	থ্যাংক	3
পাসওয়ার্ড	দেয়া	3
সমাধান	করা	3
করে	এইটা	3
পোস্ট	এন্ড	3
এই	অপসন	3
তা	বলেন	3
এর	সমস্যা	3
যেই	অ্যাপ	3
মিন	কথা	3
কিভাবে	মোড	3
যখন	দরকার	3
করে	যাতে	3
নাম্বার	তা	3
ভালো	মত	3
মেগা	তে	3
যায়	এ	3
করে	চালু	3
বট	এ	3
মডেল	কতো	3
৪	মিনিট	3
আপনা	দের	3
হ্লেপ	প্লিজ	3
বাকি	পোস্ট	3
১০০	জনের	3
জনের	মধ্যে	3
ক্রম	ব্রাউজার	3
অর্জন	করতে	3
জন্ম	ও	3
হয়েছে	যে	3
প্রবেশ	করতে	3
মুখোমুখি	হতে	3
কিন্তু	এর	3
৩০২০	নাম্বার	3
এ	ইনবক্স	3
এই	কি	3
ছিলেন	না	3
ওল্ড	আইডি	3
বাট	নাম	3
হলে	৬০০০	3
৬০০০	মিনিটস	3
থাকে	তখন	3
টাইম	নেয়	3
সায়ানোজেন	মড	3
ত্যাগ	করেন	3
যাবে	মানে	3
চালিয়ে	যায়	3
থ্যাংকইউ	থ্যাংকইউ	3
ভার্সন	অ্যাপ	3
নন	এমটিকে	3
একসেপ্ট	করে	3
হুম	পারবো	3
হলেও	গুড	3
গেমিং	ডিভাইস	3
সাথে	এক	3
প্লাগিন	টা	3
সার্চ	করার	3
কারণ	হল	3
আসে	ও	3
ইটা	অনেক	3
আমি	টাইটেল	3
অবশ্যই	কাজ	3
তা	দেখেন	3
এপ	তা	3
সাথে	বিভিন্ন	3
করেন	সেই	3
ফেনা	উঠে	3
উঠে	গেছে	3
হুম	সব	3
টিপিলিংক	এ	3
একুশে	পদক	3
বসতি	স্থাপন	3
লেখক	ও	3
যুদ্ধে	অংশ	3
ডিগ্রী	লাভ	3
হচ্ছে	এই	3
জেলার	সদরদপ্তর	3
একটি	স্টার্লিং	3
স্টার্লিং	হলিডেস	3
হলিডেস	রিসোর্ট	3
উত্তর	আমেরিকার	3
ভূষিত	করে	3
যা	বর্তমানে	3
উপর	অবস্থিত	3
বলে	পরিচিত	3
কলকাতা	বিশ্ববিদ্যালয়ের	3
এলাকায়	অবস্থিত	3
মার্চ	মাসে	3
মাতার	নাম	3
তার	পিতার	3
সঙ্গে	মিলিত	3
চ্যালেঞ্জ	কাপ	3
অংশগ্রহণ	করার	3
একজন	সদস্য	3
চাটখিল	উপজেলার	3
ক্ষমতা	লাভ	3
তিনি	একাধারে	3
প্রতিষ্ঠা	করা	3
ধরা	হয়	3
দিকে	অগ্রসর	3
লাভ	করেছে	3
হিসেবে	বিবেচিত	3
গ্লোব	পুরস্কার	3
১৯১৯	সালে	3
দূরে	অবস্থিত	3
১৯৫১	সালে	3
মেজর	জেনারেল	3
প্রধানমন্ত্রী	হিসেবে	3
সালে	প্রথম	3
ও	পরিচালনা	3
পুরান	ভারেঙ্গা	3
ভারেঙ্গা	ইউনিয়ন	3
একত্রিত	করে	3
উনিশ	শতকের	3
এই	ধারার	3
বিপক্ষে	খেলার	3
সীতাকে	নিয়ে	3
থাকে	এবং	3
প্রভাব	ফেলে	3
ও	দক্ষিণ	3
পড়ার	সময়	3
সময়	তিনি	3
সাথে	যুক্ত	3
সালের	জুলাইয়ে	3
হিসেবে	নিয়োগ	3
মমতা	বন্দ্যোপাধ্যায়	3
উড়িয়ে	দেয়	3
থেকে	অবসর	3
করে	যাচ্ছেন	3
বসবাস	করে	3
আন্তর্জাতিক	বিমানবন্দর	3
হত্যা	করে	3
একটি	পৃথক	3
এবং	দক্ষিণ	3
দক্ষিণ	এশিয়ার	3
ও	লেখক	3
বিবাহ	বন্ধনে	3
বন্ধনে	আবদ্ধ	3
উদ্দেশ্য	ছিল	3
শেল	স্ক্রিপ্ট	3
২০০২	সালে	3
মাঝামাঝি	সময়ে	3
সেঞ্চুরি	হাঁকান	3
জড়িয়ে	পড়েন	3
রাজনৈতিক	ও	3
ও	সামাজিক	3
সালের	১১	3
নিয়োগ	দেন	3
ও	অন্য	3
পরিচয়	দেন	3
শিক্ষা	এবং	3
নির্মাণ	করেন	3
একত্র	করে	3
সম্প্রচার	করে	3
ঘরোয়া	ইংরেজ	3
ইংরেজ	কাউন্টি	3
গভীর	প্রভাব	3
একটি	মুসলিম	3
বর	ও	3
১৮৯৮	সালে	3
তাঁর	পিতার	3
বানৌজা	মধুমতি	3
শিক্ষা	দেয়া	3
উদ্বোধনী	ব্যাটসম্যান	3
হিসেবে	পরিচিত	3
রাম	ও	3
রচিত	একটি	3
সর্বোচ্চ	আয়কারী	3
এই	বিমানবন্দর	3
ভারতের	বিভিন্ন	3
তার	ভাই	3
১৯৬৯	সালে	3
সালে	একটি	3
জুলাই	মাসে	3
রাজ্যের	রাজধানী	3
কলেজ	ও	3
তা	সত্ত্বেও	3
২০১৪	সালে	3
যায়	তাঁর	3
করে	তোলে	3
তার	মাতা	3
১৯৫২	সালে	3
ইউনিয়নে	যোগাযোগের	3
যোগাযোগের	প্রধান	3
প্রধান	সড়ক	3
সড়ক	সড়ক	3
প্রত্যন্ত	অঞ্চলে	3
অবলম্বনে	নির্মিত	3
যান	ও	3
স্থানান্তরিত	হন	3
সিরিজের	দ্বিতীয়	3
নোবেল	পুরস্কার	3
এবং	পশ্চিমে	3
দ্য	টাইম	3
টাইম	মেশিন	3
প্রচলন	দেখা	3
এ	রোগ	3
জন্য	তারা	3
করে	যার	3
অবতীর্ণ	হয়েছিলেন	3
বর	দিতে	3
তিনি	একজন	3
এই	অঞ্চল	3
সামরিক	শক্তি	3
অংশ	ছিল	3
ক্যাথলিক	চার্চ	3
মৃত্যু	হয়	3
হিসেবে	বিবেচনা	3
থেকে	এসেছে	3
সেগুলো	হল	3
সরকার	এবং	3
হল	ভারতের	3
ব্যর্থ	হন	3
সালে	মুক্তি	3
প্রস্তাব	দেন	3
আবু	সাদ	3
ফুটবল	এসোসিয়েশন	3
বেশ	কয়েকজন	3
১৯৮৬	সালে	3
পাকিস্তানি	সেনা	3
কিছু	সংখ্যক	3
একটি	দল	3
এবং	এদের	3
এদের	মধ্যে	3
১৯৫৭	সালে	3
স্বাধীনতা	যুদ্ধে	3
সম্পর্ক	গড়ে	3
সাথে	সংযোগ	3
বর্তমানে	এটি	3
মাধ্যমিক	শিক্ষা	3
ঐতিহাসিক	রোম্যান্সের	3
চরিত্রে	ছিলেন	3
এবং	দুই	3
অংশ	নিয়েছিলেন	3
নরেন্দ্র	নাথের	3
একটি	বিশাল	3
আসেন	ও	3
দুই	ভাই	3
ভ্রমণ	করেন	3
স্টারলিং	হলিডে	3
হলিডে	রিসোর্টস	3
রিসোর্টস	লিমিটেড	3
ক্রিকেটার	হিসেবে	3
হিসেবে	মনোনীত	3
মনোনীত	হন	3
খ্রিষ্টাব্দে	তিনি	3
প্রাথমিক	ভাবে	3
মূল	উদ্দেশ্য	3
হলো	একটি	3
একজন	নারী	3
অনুষ্ঠান	সম্প্রচার	3
গান	ও	3
এবং	সেখানে	3
দেওয়া	হয়েছিল	3
সংরক্ষণ	ও	3
হয়	তাকে	3
ও	উচ্চ	3
সালের	জুলাই	3
১৯৩৮	সালে	3
দলের	পক্ষে	3
চুক্তিবদ্ধ	হন	3
ভাষা	আন্দোলন	3
সালে	বাংলাদেশের	3
করেন	তখন	3
একটি	বাংলাদেশী	3
বাংলাদেশী	চলচ্চিত্র	3
কারণ	তারা	3
পশ্চিমাঞ্চলীয়	সবুজ	3
যেখানে	তিনি	3
ছিল	একটি	3
হত্যা	করা	3
সাহসিকতার	সঙ্গে	3
করে	তাকে	3
কার্নিভাল	উদযাপন	3
উনিশ	শতকে	3
তৈরি	হয়েছে	3
দায়িত্ব	নেন	3
১৯৬০	সালে	3
১৯৮১	সালে	3
লরা	বাসুকি	3
২০০৬	সালে	3
১৯২৯	সালে	3
হাওয়াই	মিঠাই	3
অভিষেক	হয়	3
করার	কৌশল	3
এর	পাতা	3
রক্ষা	করতে	3
বছর	এই	3
কার্যক্রম	শুরু	3
উপস্থিত	হলেন	3
পরিবর্তন	করা	3
নেয়া	হয়	3
উত্তর	ও	3
প্রবাহিত	হচ্ছে	3
বিয়ের	প্রস্তাব	3
কমন	বিন্দু	3
ফেস	বা	3
নদীর	তীরে	3
বসবাস	করতে	3
১৯৯৩	সালে	3
ঢাকা	বিশ্ববিদ্যালয়ের	3
পরিচালনা	ও	3
এতে	অভিনয়	3
হলেন	একজন	3
সংসদ	সদস্য	3
সদস্য	নির্বাচিত	3
বাংলা	ভাষার	3
ক্যাপ্টেন	নরেন্দ্রনাথ	3
দুই	ভাগে	3
ভাগে	বিভক্ত	3
দাবি	করেন	3
এইজ	অব	3
অব	কনসেন্ট	3
কমিটির	সদস্য	3
সৈয়দ	হক	3
তিনি	নিজের	3
ও	নিরাপত্তা	3
অতিক্রম	করে	3
আনা	হয়	3
১৯৩০	সালের	3
এই	মিষ্টি	3
প্রায়	তিন	3
হয়ে	আছেন	3
২০০৭	সালের	3
তাদের	প্রথম	3
সাধারণত	একজন	3
অভিনেতা	বিভাগে	3
বিভাগে	একাডেমি	3
বর্তমানে	এই	3
থেকেই	তাঁর	3
পিএইচডি	ডিগ্রি	3
নির্মিত	এই	3
এই	চলচ্চিত্রের	3
এছাড়াও	ডানহাতে	3
ও	শিশু	3
যৌন	সম্পর্ক	3
যে	এটি	3
তাকে	ঢাকার	3
প্রতিরোধ	করে	3
সময়ের	সাথে	3
এবং	এটি	3
নেতা	হিসেবে	3
সংগ্রহের	জন্য	3
বিভিন্ন	অঞ্চলে	3
জেলার	একটি	3
শাহ	দুররানির	3
এবং	মায়ের	3
মায়ের	নাম	3
একটি	সাধারণ	3
আংশিক	অন্তরক	3
অন্তরক	সমীকরণ	3
প্রস্তাব	প্রত্যাখ্যান	3
পাকিস্তান	সরকারের	3
এটি	দেশের	3
মওলানা	ভাসানী	3
অনুমান	করা	3
অংশগ্রহণ	করে	3
ঘটে	তাঁর	3
বলে	আখ্যায়িত	3
১৯৯১	সালে	3
স্থাপন	করে	3
প্রতি	বছর	3
১৯৯৪	সালে	3
করে	ডিম	3
জাতীয়	উদ্যান	3
বিমান	বাহিনীর	3
১৯১৩	সালে	3
প্রথম	স্থান	3
একটি	গুরুত্বপূর্ণ	3
প্রথম	মহিলা	3
রেল	স্টেশন	3
গ্রহণ	করা	3
পর	তাঁর	3
পছন্দ	করতেন	3
করতেন	এবং	3
বছর	বয়স	3
বয়স	পর্যন্ত	3
মেনহাজ	হুদা	3
চলচ্চিত্র	ও	3
অধিকার	করেন	3
দিকে	তিনি	3
করে	নেয়ার	3
এবং	উত্তর	3
বেরিয়ে	আসেন	3
হয়েছিল	এবং	3
তৎকালীন	পাকিস্তান	3
ভারতের	পশ্চিমবঙ্গ	3
একই	নামের	3
বাংলাদেশের	সবচেয়ে	3
এই	এলাকার	3
নির্মাণ	কাজ	3
২০০৪	সালের	3
কোনো	পুরুষ	3
গিল্ড	পুরস্কার	3
গরম	করে	3
রাজধানী	হিসেবে	3
দৃষ্টিকোণ	থেকে	3
বাঙলা	কলেজ	3
এবং	যথাক্রমে	3
যথাক্রমে	কোন	3
কোন	কাঠামোর	3
অবস্থান	বুঝায়	3
অবস্থান	করে	3
ডাবল	স্ট্র্যান্ড	3
যোগদান	করে	3
অংশগ্রহণের	সুযোগ	3
হয়ে	তিনি	3
১৯৫৪	সালে	3
ক্রিকেট	বিশ্বকাপে	3
ও	রাজনৈতিক	3
নানা	রকমের	3
যশোর	জেলার	3
ভূমিকা	রাখে	3
পুরুষ	এবং	3
হিসেবে	উল্লেখ	3
প্রথমবারের	মতো	3
রেড	ক্রিসেন্ট	3
হচ্ছে	একটি	3
এই	ধারায়	3
তার	নামে	3
তার	পুত্র	3
সে	সময়	3
রচিত	হয়	3
তাঁকে	উদ্ধার	3
দলের	বাইরে	3
এই	স্তরের	3
প্রায়	৫০	3
গঠন	করেন	3
বলে	উল্লেখ	3
পোল্ড	ডরসেট	3
রেল	পথ	3
জাভা	দ্বীপ	3
সালের	মধ্যে	3
বৃদ্ধি	পাওয়ার	3
করতে	ব্যবহৃত	3
দাতব্য	সংস্থা	3
সক্ষম	হয়েছিল	3
এবং	পূর্ব	3
নিয়ে	যাওয়া	3
লক্ষ্য	ছিল	3
সোপ	অপেরা	3
ঢাকা	বিশ্ববিদ্যালয়	3
প্রথম	বিভাগে	3
অধীনে	ছিল	3
সম্পর্কে	অবগত	3
লেখক	ছিলেন	3
ব্রিটিশ	ভারতের	3
প্রধান	উপনদী	3
স্থান	দখল	3
শহর	থেকে	3
অবসর	গ্রহণ	3
সক্ষম	হয়	3
যানবাহনের	সংখ্যা	3
পরিণত	করা	3
রালুং	বৌদ্ধবিহারের	3
ইংল্যান্ড	ও	3
তখন	তার	3
১৯২৬	সালে	3
সালে	ইংল্যান্ড	3
ধারণ	করে	3
অতিবাহিত	করেন	3
১৯৪৭	সালের	3
আবদুল	কাদির	3
পতাকা	উত্তোলন	3
টাঙ্গাইল	জেলার	3
এই	মন্দিরের	3
হত্যা	করেন	3
২১	বছর	3
তাঁর	এ	3
ফতেহ	লোহানীর	3
সম্মুখীন	হয়	3
পর্যন্ত	তিনি	3
খেলোয়াড়ী	জীবনে	3
করতে	দেখা	3
জন্ম	হয়	3
পারে	যা	3
দুই	টেস্টে	3
১৯৪১	সালে	3
মূলতঃ	ডানহাতি	3
আক্রান্ত	হয়ে	3
এটি	উত্তর	3
প্রবেশ	করেন	3
স্টার	ওয়ান	3
তলা	বিশিষ্ট	3
ধলঘাট	ইউনিয়ন	3
হিসেবে	ঘোষণা	3
২০১৩	তারিখে	3
ঃ	প্রাক্তন	3
লালবাগ	কেল্লা	3
এক	একটি	3
অপর	দিকে	3
স্বীকৃতি	পায়	3
পূর্ব	পাকিস্তান	3
থেকে	সকল	3
নামে	নামকরণ	3
সাথে	সম্পর্কিত	3
সমুদ্র	সৈকত	3
এ	ইউনিয়নে	3
ইউনিয়নে	১টি	3
মাধ্যমিক	বিদ্যালয়	3
বিদ্যালয়	ও	3
নতুন	ধরনের	3
পুরস্কার	একটি	3
তা	এই	3
চিনির	রসে	3
টেস্টে	অংশগ্রহণ	3
শিশুদের	জন্য	3
কুবলাই	খানের	3
মাসের	মধ্যে	3
১৯৪৯	সালে	3
একটি	নির্দিষ্ট	3
যুক্ত	করার	3
সালে	ওয়েস্ট	3
অধিকার	করে	3
নেন	এবং	3
সঙ্গে	যুদ্ধ	3
সম্প্রচার	করা	3
জন্য	তাঁকে	3
কর্মজীবন	শুরু	3
ছাত্র	সংগ্রাম	3
অঞ্চলের	বিয়েতে	3
জন্ম	নেয়	3
এক	কন্যা	3
আঘাতপ্রাপ্ত	হন	3
২০০৬	সালের	3
হওয়ায়	এই	3
এই	উৎসব	3
২৪	ঘণ্টা	3
ও	গুলা	3
এর	বুটলোডার	3
অ্যামাজন	প্রাইম	3
এস৭	এজ	3
ইমো	এইচডি	3
অ্যাকাউন্ট	খুলা	3
আচ্ছা	ব্যাকআপ	3
ব্যাকআপ	হওয়া	3
হওয়া	পিক	3
গেলে	গুগল	3
ফটোস	থেকে	3
থেকে	মান	3
মান	হীন	3
হীন	পোস্ট	3
গুলো	ডিলিট	3
ডিলিট	করিয়ে	3
করিয়ে	আসুন	3
ফেইসবুক	লিঙ্ক	3
গুগল	দেখেন	3
দেখেন	ওল্ড	3
বাংলাদেশ	আছে	3
আইসক্রিম	টা	3
আমার	বুদ্ধি	3
ঝোল	দুপুরে	3
বসে	চাঁদ	3
চাঁদ	দেখবো	3
করলে	সাবস্ক্রাইব	2
সাবস্ক্রাইব	হবে	2
টাইটেল	এডিট	2
এখানে	গিয়ে	2
ভাই	এটাও	2
যাবেনা	আপনার	2
সেই	ফোন	2
দিয়ে	প্রোডাক্ট	2
রিকোভারি	ইন্সটল	2
ইন্সটল	থাকতে	2
তাদের	টেলিগ্রাম	2
ফ্রি	দিয়ে	2
আলোচনা	করতেন	2
উপকার	হইছে	2
দিয়ে	ওয়েবসাইট	2
ওয়েবসাইট	করতে	2
কইরা	লাভ	2
ছিল	আজাইরা	2
ডলার	পাবেন	2
আমার	ক্লান	2
ফিল্ম	টা	2
ছিল	এর	2
কিন্তু	১০০	2
কালেক্টেড	লিখা	2
এ	বড়	2
বলতে	আসেন	2
যে	বাটন	2
কালি	নেটহান্টার	2
মোবাইল	লাগবে	2
৪	প্রাইম	2
ভিপিএন	কানেক্টেড	2
নবী	কে	2
নতুন	অনেক	2
এখনও	পেন্ডিং	2
আসে	যদি	2
টাইম	হবে	2
প্রমাণ	দিলে	2
দিলে	ভাই	2
ভাই	এফবিতে	2
এর	অভাব	2
যে	ঐটা	2
আমার	ড্যাশবোর্ড	2
তে	দিবেন	2
ভিসিটর	কমে	2
সার্ভার	নিয়ে	2
হচ্ছে	রুফাস	2
করাতে	পারবো	2
যাদের	ডাউনলোড	2
দেন	লিংক	2
এর	লেখা	2
তুলতে	পারছি	2
না	সেটিং	2
সেটিং	তো	2
টোয়ারপ	ইন্সটল	2
আনলিমিটেড	হলো	2
২২	প্রকার	2
নিজেই	নিজেকে	2
ভাষার	আর	2
টা	বুঝলেন	2
বা	আর	2
সুপারপে	তে	2
আমি	পিছি	2
আরন	করতে	2
লিঙ্ক	তা	2
দিয়ে	যাবে	2
আপনি	পুরা	2
গরম	হয়	2
তা	জানার	2
এসএস	দিতে	2
এর	হ্যাকিং	2
হ্যাকিং	কোড	2
আসে	ভালো	2
দিয়ে	পোর্ট	2
ভাই	ক্লিক	2
মেয়াদ	অনলি	2
লাস্ট	৭	2
জিনিস	কমন	2
মানে	আমরা	2
যে	স্তরে	2
স্তরে	আছি	2
আছি	অন্য	2
অন্য	প্রাণীরাও	2
প্রাণীরাও	এই	2
আমরা	যেহেতু	2
আমাদের	বিশ্বাস	2
যে	আলোর	2
আলোর	চেয়ে	2
বিলিয়ন	বছর	2
বছর	সামনে	2
সামনে	গিয়েও	2
গিয়েও	নিজের	2
নিজের	এক	2
মানে	তিনি	2
এ	গেসেন	2
গেসেন	আর	2
পরে	তার	2
তার	বর্তমানে	2
বর্তমানে	এসেছেন	2
পার	পোস্ট	2
পয়েন্ট	সিস্টেম	2
হয়েছে	পোস্ট	2
আই১০	এ	2
রিকুয়েস্ট	অ্যাকচেপ্ট	2
অ্যাকচেপ্ট	করেন	2
লাভা	আইরিস৫০৫	2
ভাইয়া	দিয়ে	2
জিড্রাইভ	এর	2
ল্যাপটপ	কিন্তু	2
ভালো	বা	2
ভিডিও	লাগলে	2
নো	লিমিট	2
দিছি	এফবি	2
করেছি	১	2
করেছি	আগে	2
বলেন	কাজ	2
করে	তে	2
আমাদের	একটা	2
থ্যাংকস	২	2
মিডিয়াটেক	না	2
লগিন	হয়না	2
অ্যাকাউন্ট	আসে	2
ঐখানে	ডেটেইলস	2
টা	জানে	2
রা	যারা	2
পোস্ট	লিখলে	2
হওয়ার	সম্ভবনা	2
বেশি	থাকে	2
যারা	বলে	2
জন্য	বললাম	2
অথর	ভাইদের	2
ডিলিট	করবে	2
কাছে	এটাই	2
মন্সটার	ইউআই	2
করলেই	চলে	2
থিম	ম্যানেজার	2
না	রেপ্লাই	2
কি	আইটেল	2
বাট	ডিভাইস	2
ডিভাইস	আইডি	2
ভাই	এইডা	2
কি	ইউছি	2
এ	কিনতে	2
আর	ঠিক	2
জিপি	বিএল	2
আমার	পারসোনাল	2
সুন্দর	কিছু	2
স্ক্রীনশট	ঠিক	2
রাত	১০	2
করলেও	তো	2
১০	আওয়ার	2
ব্লগার	থিম	2
কাজ	আর	2
আনলিমিটেড	ডাউনলোড	2
ইয়ানডেক্স	অপেরা	2
যায়	নি	2
স্বাধীন	ভাইয়ার	2
থেকেও	কাজ	2
ডাউনলোড	দিচ্ছি	2
এমবি	যদি	2
আবার	ফ্রী	2
স্পীড	বেশি	2
বেশি	করার	2
ডিসকানেক্ট	না	2
সে	ট্রিক	2
মাউস	পয়েন্টার	2
যাই	নি	2
লাগে	একটু	2
আপনি	ফাইল	2
থাকলে	কিছু	2
দিয়েন	ব্র	2
আইফোন	দিয়ে	2
ওয়াইফাই	স্পীড	2
ইউ	গিভ	2
কাছে	আর	2
সাড়া	দিন	2
দিন	করেও	2
পোস্ট	পাইসি	2
এখন	অফার	2
আসছেনা	কেন	2
এ	সেন্ট	2
কি	ব্র	2
করে	বলো	2
আর	৩	2
অথর	আমার	2
হাহা	এটা	2
তে	৩	2
করে	সমস্যা	2
কেউ	বিশ্বাস	2
এটা	ওর	2
ই	ইউস	2
নাকি	এপিকে	2
নাইস	একটু	2
ডিটেলস	দিলে	2
চেয়ে	তো	2
এ	হতে	2
এবং	আপনার	2
ভাই	সাবস্ক্রাইব	2
এ	মডেল	2
করেছি	পেন্ডিং	2
পাবলিশ	হয়নি	2
জইন	হইতে	2
থ্যাংকইউ	সো	2
আছে	দেখতে	2
পারেন	ভাই	2
ভালো	আসে	2
যদি	সবাই	2
কাজ	বলেন	2
অ্যাপ	পাবেন	2
ইন্সটল	করছেন	2
করছেন	সেটা	2
সেটা	ওপেন	2
কতো	দিয়ে	2
গুড	বলে	2
দিতে	এ	2
স্পীড	পায়	2
না	সাবস্ক্রিপশন	2
বলতেছে	যে	2
সব	কমপ্লিট	2
কমপ্লিট	এখন	2
আমি	প্রথম	2
১	টার	2
পাইছি	পোস্ট	2
তোর	বাল	2
অ্যাড	দেই	2
দেই	অনেক	2
জাভা	নোকিয়া	2
হাই	ভাই	2
তোর	মায়েরে	2
মত	কথা	2
তোর	বাপের	2
জন্য	পাই	2
চার্জ	শেষ	2
দেখি	৩	2
দেখে	নিও	2
নিও	এর	2
টাকা	উঠাতে	2
উঠাতে	পারবেন	2
লাগছে	আমার	2
আমার	পয়েন্ট	2
লাগবো	কি	2
আমিও	কতো	2
অ্যাকাউন্ট	হ্যাক	2
বুঝতে	পারসেন	2
ভার্সন	লাগলে	2
১০০৪৬২৪	এই	2
টাকা	হয়ে	2
কাল	একটা	2
করছি	তো	2
তো	দেন	2
দেন	ঐটা	2
ঐটা	আর	2
আর	চেঞ্জ	2
জন্য	কয়টা	2
ব্লুস্টাক	এ	2
ভিউ	হয়	2
লাগবে	তো	2
পেলোড	ক্রিয়েট	2
পর্ণ	থেকে	2
মানা	করবেন	2
দিয়ে	পরে	2
বাট	পাবলিশড	2
মত	অথর	2
করে	পাবলিশ	2
ট্রিকবিডি	মেম্বারদের	2
রিপোর্ট	দিব	2
ফিচার	নিয়ে	2
হয়ছে	ভাই	2
এ	জাস্ট	2
হয়েছে	ফ্রি	2
লোল	লোল	2
অ্যাডমিন	হতে	2
টা	পেজ	2
সময়	সাপেক্ষ	2
স্পীড	পাওয়া	2
হুমমম	ভাই	2
ইন	মাই	2
করাই	বেটার	2
ভালো	লাগা	2
আসতে	হয়	2
হয়	টাকা	2
ব্লগিং	করলে	2
কিভাবে	২	2
আবার	বলে	2
ভাই	ইউটিউবে	2
আজ	বিকালে	2
করলাম	তখন	2
এয়ারটেল	নাম্বার	2
জানেনা	এমন	2
তে	বলছি	2
কিছু	অর্ডার	2
তার	ও	2
কোন	প্রোডাক্ট	2
অফ	স্টক	2
ইয়েস	এই	2
বার	আমি	2
ব্র	তবে	2
তবে	অ্যাপ	2
ক্লিক	ব্যাকগ্রাউন্ড	2
পারবেন	ধন্যবাদ	2
এর	মাস্টার	2
ক্রেডিট	টা	2
করে	যাদের	2
বেশি	তাদের	2
এ	ইন্সপেক্ট	2
মডেলের	ফোন	2
তবে	ট্রাই	2
পুরোনো	হলে	2
উচিৎ	ছিল	2
ছিল	সাইট	2
যে	পেজ	2
সাইট	অল	2
পোস্ট	অফলাইন	2
আসবে	ভাই	2
ওয়ালেট	অ্যাড্রেস	2
দেখায়	তারা	2
নয়তো	আপনার	2
খুজে	পাবো	2
সিস্টেম	বলেন	2
কৈ	আমি	2
হবে	ব্র	2
২	১	2
৮	৮	2
আসে	এইখানে	2
করুন	দেখুন	2
ড্রয়েডভিপিএন	দিয়ে	2
স্পীড	যদি	2
প্রায়	সবার	2
এ	জিপি	2
কিছু	পাইলে	2
পাইলে	পোস্ট	2
শুধু	স্যামসাঙ	2
স্যামসাঙ	এ	2
টি	তে	2
তে	টিউন	2
আমাদের	খুব	2
আমাদের	ওয়েবপেজ	2
ওয়েবপেজ	টি	2
রেজিস্ট্রেশান	করুন	2
শো	করলে	2
দিলে	কল	2
কল	আসে	2
থেকে	ফটো	2
হতো	তাইলে	2
২০১৮	সালে	2
হয়	ট্রাই	2
তাহলে	আরেকটা	2
আইডি	বিকাশ	2
অ্যাপ	নাম্বার	2
বস	আমি	2
আমার	স্মাইল	2
জানতে	চেয়েছি	2
চেয়েছি	এই	2
ইন	ব্লগার	2
রেজ	করলে	2
প্রুফ	আমি	2
আমি	দিলাম	2
সার্ভার	আইডি	2
করে	স্পীড	2
এ	যাবেন	2
যুক্ত	করে	2
টাকার	অফার	2
যতবার	ইচ্ছা	2
নাইস	তবে	2
মেসেঞ্জার	এর	2
তোমার	পোস্টগুলো	2
আমার	পেনড্রাইভ	2
পেনড্রাইভ	টা	2
তা	থেকে	2
তাতে	কিছু	2
আপনি	যেখানে	2
যেখানে	থেকে	2
থেকেই	কপি	2
এই	২টার	2
নিয়ে	এর	2
তে	এক	2
কি	সেই	2
পোস্ট	এসএস	2
পারি	কারো	2
আপনি	উপরের	2
আগে	অন্য	2
নাম্বার	বের	2
ওয়েলকাম	ব্র	2
শেয়ার	দিন	2
থ্যাংকস	সাথেই	2
বলছে	প্লিজ	2
অথর	বানিয়ে	2
বাট	ওয়াপকা	2
দিছে	আবার	2
করলে	আইপি	2
সাবটাইটেল	কিভাবে	2
বললে	আপনার	2
রুট	আসে	2
এর	সঙ্গে	2
সঙ্গে	জড়িত	2
রবি	টিভি	2
ডাটা	চার্জ	2
ঝামেলা	করার	2
মধ্যে	সবার	2
করলে	কিছুই	2
এমবি	পেলাম	2
ভাই	এসশর্ট	2
দিলে	পেন্ডিং	2
এটা	ভাইয়া	2
ভাই	হবেই	2
জন্য	কয়েকটা	2
সেফ	ওয়েবসাইট	2
ভাই	এক্সাম	2
নকল	করে	2
কিন্তু	আসে	2
টা	পুরা	2
তো	পুরো	2
ফ্রি	চালাবো	2
চালাবো	কেমনে	2
ছিওছি	খেলতে	2
এক্সপার্ট	অথর	2
চালানোর	একটা	2
এটা	স্বাভাবিক	2
এইডা	কি	2
টাই	হচ্ছে	2
নিউ	ভিডিও	2
ফ্রি	টা	2
থাকলে	ঠিক	2
খেলে	দেখেন	2
লেগেছে	প্লিজ	2
হারিয়ে	ফেলছি	2
কতক্ষণ	সময়	2
টি	কিন্তু	2
কিন্তু	কিভাবে	2
মানে	জানেন	2
আমার	অরিজিনাল	2
অ্যান্ড	আইডি	2
কার্ড	আপলোড	2
দিয়ে	নাম	2
আমার	বাট	2
বাট	বাকি	2
ঐ	অপশন	2
হইছে	তাহলে	2
দিতে	পারছেন	2
নিজেই	মোডিফাই	2
মোডিফাই	করছি	2
এইচটিএমএল	এর	2
সো	ভাই	2
আমাক	এ	2
দিলে	কৃতজ্ঞ	2
এর	লাইক	2
আপনার	মাথায়	2
একটু	লেট	2
নি	যদি	2
নাকি	কে	2
নিজ	হাতে	2
সেটিং	কোথায়	2
ভাই	এখনও	2
নিয়ে	আপনি	2
টা	টিউটোরিয়াল	2
টিউটোরিয়াল	দিতেন	2
ভার্সন	এইটা	2
রা	দেখতে	2
ঠিক	করলে	2
স্পীড	কেমন	2
হাজার	গুন	2
গুন	ভালো	2
করি	ডেইলি	2
এ	কোথায়	2
তুমি	কন্ট্রিবিউটর	2
আমি	ফেসবুক	2
ইউটিউব	ডাউনলোড	2
৭৩এমবি	অ্যাপ	2
বাদ	পরে	2
পরে	যাবে	2
ভাইস	ছিটি	2
টোকেন	কতো	2
সাতসি	আর	2
ক্রম	দিয়ে	2
নস্ট	হয়ে	2
ঐ	অফার	2
কমেন্ট	করিয়েন	2
আপনাকে	নিয়ে	2
আমাক	কেউ	2
একটু	বুঝায়ে	2
একটা	স্ক্রিপ্ট	2
ভিডিও	প্যাক	2
সিম্ফনি	ডাবলু৮৫	2
তো	পোর্ট	2
সবার	সিম	2
করায়	পোস্ট	2
তারপর	কমেন্টস	2
প্রবলেম	হয়নি	2
এ	টাকার	2
ভাবে	ইউস	2
করা	যাইব	2
যাইব	না	2
ভাই	ওটিজি	2
এ	ওটিজি	2
দিয়ে	ক্লোন	2
জাস্ট	নোকিয়া	2
আর	পাই	2
গেলে	ইনভ্যালিড	2
ডিভাইস	অ্যাডমিনিস্ট্রেটর	2
পাসওয়ার্ড	লাগে	2
হলো	একটা	2
রেখে	ট্রাই	2
সময়	ওয়েট	2
করে	দেখছিলেন	2
কি	সাইট	2
জিনিস	এর	2
করলে	এমন	2
বুঝছি	না	2
আজকের	পোস্ট	2
সহ	দিলে	2
কিছু	সময়ের	2
বললাম	আপনি	2
বুঝেন	দেন	2
৪৮	আওয়ার	2
যাবে	আই	2
ঘর	ঘর	2
ছাড়া	কেউ	2
কিভাবে	যাই	2
আর	ফিরে	2
ফিরে	পাব	2
হাত	এ	2
নিজের	পিক	2
পিক	কেমনে	2
রা৮	বাট	2
হয়তো	আরো	2
টারবো	ভিপিএন	2
ইমেইল	অ্যাড	2
দিতে	পারিনাই	2
কপাল	খারাপ	2
চাই	কেউ	2
স্ক্রিপ্ট	এর	2
দরকার	এটা	2
যদি	কমেন্ট	2
যোগ	করার	2
টিউনার	ও	2
সো	নেক্সট	2
টাইম	খেয়াল	2
তে	রিপোর্ট	2
সাইট	গুলাতে	2
ভাই	আসেন	2
এসএস	এডিট	2
যায়	জানলে	2
এনাবেল	থাকলে	2
থাকলে	ওয়াইফাই	2
বাট	কম্পিউটার	2
ডিকশোনারি	অ্যাটাক	2
তে	সেই	2
পাস	নাই	2
নাই	থাকলে	2
পারসন	কে	2
কে	চাই	2
কারো	ক্ষতি	2
হচ্ছে	তার	2
তার	কিছু	2
আইডি	পাস	2
পাস	ও	2
একটা	ছিল	2
তে	অ্যাকাউন্ট	2
এমবি	বা	2
বা	টাকা	2
মিয়া	মজা	2
মজা	নেন	2
টা	বলুন	2
বাট	র‍্যাম	2
ইমেইল	চেঞ্জ	2
দেখেন	ইন্টারনেট	2
স্পীড	মিটার	2
আপলোড	করব	2
ওয়েবসাইট	বানানোর	2
করেন	সেখানে	2
লিংক	ডিলিট	2
মোডিং	নিয়ে	2
অনেকের	ফোন	2
কিছুই	ওপেন	2
আপনার	আরনিং	2
আরনিং	পোস্ট	2
অ্যাক্টিভ	না	2
ট্রিকবিডি	আগের	2
আগের	সেই	2
ফিরে	পাবো	2
ভাইয়া	প্রোফাইল	2
প্লাগইন	টা	2
কেউ	টাকা	2
আলাদা	একটা	2
একটা	ক্যাটেগরি	2
টিউনার	দের	2
বার	নিছি	2
৩০০	মিন	2
অপশন	নিয়ে	2
কেউ	জানতে	2
৭	ডে	2
একজন	ট্রেনার	2
করে	সাইট	2
সেই	টিপস	2
প্রক্সি	দিতে	2
থাকলে	আপলোড	2
থ্যাংকসসসস	এ	2
যদি	অথর	2
তাহলে	ব্লক	2
থেকে	তাহলে	2
এন্স	দিবেন	2
ভাই	হিসাবে	2
একটা	বার	2
ইউ	হেভ	2
এফবি	অ্যান্ড	2
অ্যান্ড	গুগল	2
যোগ	হয়	2
অনেক	দেখছি	2
রিমুভ	দিছি	2
এই	পেজ	2
ম্যাসেজ	দেন	2
ধরে	এমন	2
কাউন্ট	হবে	2
কিছু	আমার	2
এটা	থাকলে	2
আর	মাউস	2
ফাইলে	শেয়ার	2
স্পীড	এ	2
আরো	কয়েকটা	2
তাই	দেখে	2
দেখে	বলতে	2
বলতে	পারছিনা	2
ট্রিকবিডি	আছে	2
ক্যাটাগরি	চেক	2
আগেই	এটা	2
এটা	খেলছি	2
আর	দিবে	2
কোন	ফ্রী	2
মাথা	নস্ট	2
না	এইগুলা	2
কতো	৳	2
এই	ফার্স্ট	2
আইডি	লগ	2
ইন	করলাম	2
করলাম	খুব	2
পরে	এমন	2
যে	এপিকে	2
রুট	ইউসার	2
হুমম	থ্যাংকস	2
ভালো	এডিট	2
মিয়া	একটা	2
বাজে	ফোন	2
১টাকা	ও	2
তারপর	ট্রাই	2
ঠিক	ছিল	2
টার	এ	2
এ	একই	2
শুধু	লোগো	2
লোগো	আসে	2
যদি	পরে	2
চাই	তাইলে	2
এইটা	একটু	2
খরচ	না	2
তো	নাকি	2
ফ্রী	চলে	2
আমি	সেইটা	2
তার	এই	2
হয়ছে	কি	2
পোস্টগুলা	দেখেন	2
বুঝি	কি	2
আসলে	দিয়ে	2
স্প্যাম	করছে	2
টা	আমাক	2
থেকে	ফাস্ট	2
এমবি	লোড	2
লোড	করে	2
অ্যাডমিন	প্লিজ	2
মাই	পোস্টস	2
রিকুয়েস্ট	করছি	2
তারপরে	ও	2
ও	আইডি	2
অ্যাক্টিভ	করে	2
একটা	করছি	2
হবে	কখন	2
আপনি	জানলে	2
দিয়ে	ইউস	2
কয়েন	আরন	2
থেকে	ডিএল	2
ডিএল	করেন	2
এর	পোস্টটা	2
ভাই	থিম	2
আপডেট	না	2
না	আসা	2
করে	অ্যাড	2
পাসওয়ার্ড	টেক্সট	2
বুঝায়ে	বলেন	2
গিটহাব	এ	2
একটা	সফল	2
করি	কমেন্ট	2
আর	পোস্টটা	2
দিয়েন	ভাইয়া	2
হয়ে	দেখা	2
কমু	না	2
খারাপ	কোন	2
কমেন্টস	করার	2
নাই	নতুন	2
অ্যাপস	পিছি	2
ইন্সটল	করবো	2
এমন	অথর	2
এ	দা	2
ফ্রীবেসিক	এ	2
শেখানোর	জন্য	2
তারা	দেখুন	2
বই	থেকে	2
ভালো	হয়নাই	2
করলে	রেফার	2
জিটিএ	৩	2
মিশন	গুলা	2
জিটিএ	এসএ	2
আপনার	মন্তব্যের	2
খেলতে	চান	2
মত	সব	2
টোকেন	পাচ্ছি	2
আনইন্সটল	করুন	2
এ	নিউজ	2
ক্যাপচা	এর	2
আমি	কয়েকদিন	2
নাকি	ফ্রী	2
জইন	করেন	2
কাজে	ইউস	2
ম্যাসেজ	এ	2
ফিরে	আসবো	2
কিভাবে	সার্চ	2
এত	হট	2
কি	চলতেছে	2
রবি	ফ্রী	2
ইমেই	চেঞ্জ	2
উইথআউট	রুট	2
তো	দিচ্ছে	2
সান	আন্দ্রেস	2
যেই	ওয়াইফাই	2
সাথে	কানেক্টেড	2
সব	কি	2
কি	ডিসকানেক্ট	2
ডিসকানেক্ট	করে	2
থেকে	আসছেন	2
কার্ড	মেকার	2
ও	প্লে	2
আপনারা	এরকম	2
তো	আসলো	2
এই	জিনিস	2
গুলো	আর	2
ইজি	হয়	2
ভাবে	হ্যাক	2
লোড	করার	2
দিয়ে	সময়	2
তে	কানেক্টেড	2
আগে	একটু	2
দেখলাম	এখন	2
পারবেন	এ	2
কোথায়	আসবে	2
একটা	যে	2
ওটা	দেখেন	2
তোর	এফবি	2
চুদির	ভাই	2
নেট	কানেক্টেড	2
ওপেন	করুন	2
করুন	রুট	2
আবুল	না	2
কিছু	হয়না	2
কিছুই	হয়নি	2
এটা	ওয়ার্ডপ্রেস	2
নো	ব্র	2
সাইট	হোস্ট	2
করবে	সাইট	2
দিয়ে	করছি	2
ইউছি	দিয়ে	2
ভাই	বাংলাদেশি	2
অনেক	পুরাতন	2
ওরা	পেমেন্ট	2
টার	চাইতে	2
আছে	ঐ	2
আপনার	টায়	2
দেখছি	না	2
ফোন	গুলা	2
পাইসেন	না	2
তাহলে	সিম	2
অ্যাপ্লাই	করলে	2
আর	কোনদিন	2
ডোমেইন	হবে	2
পার্ট	কখন	2
করছি	মোবাইল	2
করে	কষ্ট	2
সুপার	ভিপিএন	2
দিয়ে	যান	2
ভুল	করবেন	2
কোন	মোড	2
আছে	দেখলে	2
সব	বুঝতে	2
ভাল	কথা	2
ভিতরে	আবার	2
গুগল	ইউটিউব	2
চার্জ	হতে	2
কথা	শুনার	2
ট্রিকটা	ট্রাই	2
অ্যাডসেন্স	এ	2
পিছি	ছাড়া	2
এর	ব্যবস্থা	2
ভাই	স্পীড	2
আজাইরা	কথা	2
কেউ	কই	2
করতে	পার	2
একটু	ইনবক্স	2
সিম	কিভাবে	2
নিবো	যদি	2
চলে	তবে	2
পোস্ট	ওয়েট	2
গুলা	যদি	2
জিবি	হবে	2
অভ্র	কিবোর্ড	2
করলে	তাদের	2
ভিডিও	শো	2
ভিউ	করবে	2
এর	নিছে	2
দিয়ে	রবি	2
তে	ফ্রী	2
লিঙ্ক	শর্ট	2
শর্ট	করার	2
শর্ট	করা	2
করা	লিংক	2
কেউ	ভিসিট	2
আরনিং	হবে	2
দিবে	বাট	2
বাট	ক্রেডিট	2
সো	যা	2
নিয়ে	ফেলেন	2
পার্ট	দিলে	2
সারা	বছর	2
বছর	লাগবে	2
কেমন	ভাই	2
ডেস	ভ্যালিডিটি	2
মাঝে	নেট	2
নেট	কানেক্টশন	2
প্রিমিয়াম	ব্লগার	2
ব্লগার	টেমপ্লেট	2
লাগে	এটা	2
এটা	মোড	2
তাও	পোস্ট	2
এপিকে	দিছি	2
সবাই	জানা	2
কি	বানাবেন	2
দেখলাম	এই	2
এই	সেম	2
সেম	টপিক	2
টপিক	এর	2
চেক	দিস	2
সেটাও	কি	2
কি	ব্যাক	2
ঐ	টোকেন	2
করছেন	তাই	2
করা	জায়েজ	2
হয়তো	জানেনা	2
ফালতু	গেম	2
ওয়ারকিং	থ্যাংকস	2
প্লিজ	কথা	2
আমার	১স্ট	2
১স্ট	পোস্ট	2
তো	সাপোর্ট	2
মাধ্যমে	কি	2
বলছি	না	2
না	বলতে	2
ফটো	দিয়ে	2
গুগল	তে	2
হুমম	আমার	2
আরন	করবো	2
ফোন	দেখলাম	2
হয়না	বাট	2
স্টার্ট	করে	2
কিছু	দেখা	2
পান	তো	2
মডেল	কি	2
লেখা	কি	2
করে	অনেকের	2
গুলো	সবার	2
করবে	সেটা	2
পোস্ট	সুন্দর	2
এইটুকু	জেনে	2
ফোন	কিনলে	2
অনেক	রোম	2
তাইলে	লাভ	2
কালার	লেখা	2
কিভাবে	জাস্ট	2
লেখা	কালার	2
যেন	না	2
আল্লাহর	নাম	2
কসম	করে	2
তা	ভঙ্গ	2
ভুল	করেছি	2
কিন্তু	এভাবে	2
আজীবনের	জন্য	2
না	আল্লাহ	2
টা	পড়ুন	2
আসে	দেখুন	2
দেখুন	ভালো	2
যায়	ভিডিও	2
এ	ক্যামেরা	2
ক্যামেরা	২	2
২	এপিআই	2
কার	কি	2
বিডি	কে	2
কে	খুব	2
যাব	না	2
সেটাও	তো	2
কথা	দিলাম	2
দিয়ে	ডলার	2
আমার	খুবই	2
আই	সাজেস্ট	2
এম্বেড	করে	2
ডিলিট	দিস	2
ভাই	এমনি	2
করলে	কানেক্ট	2
চলেই	না	2
অ্যাপ	প্রমোট	2
সেভ	করা	2
ঝামেলা	ও	2
এটা	অ্যাপ	2
আইডি	দেও	2
স্যামসাঙ	এসএম	2
মিডিয়াফায়ার	থেকে	2
প্যাক	নাকি	2
ট্রিক	এখন	2
করেনা	আর	2
যেইটা	দিয়ে	2
পাওয়ার	ভলিউম	2
দিয়ে	ধরলে	2
টোয়ারপ	রিকোভারি	2
মোড	আসে	2
অন	হয়ে	2
এটা	প্রায়	2
এখানে	কেউ	2
শেয়ার	করবে	2
মত	এই	2
সাপোর্ট	করি	2
অপারেটর	নিউস	2
একসাথে	দিলে	2
কি	প্রতিবার	2
শুধু	নেট	2
তো	করছি	2
এর	মতই	2
সেশন	এ	2
গিয়ে	করতে	2
ই	ঠিক	2
ভাবে	করলাম	2
না	কিং	2
এ	বলবেন	2
বলবেন	থ্যাংকস	2
সিম	কোথায়	2
প্রাইম	এ	2
বলে	বাট	2
হচ্ছে	এসব	2
পোস্ট	কবে	2
গুড	এফবি	2
তার	সুবিধা	2
না	জানতে	2
জাভা	টা	2
আপনি	মহান	2
ইউছি	ব্রাউজার	2
ফ্রী	এফবি	2
বেশি	নেওয়া	2
টাকা	তেই	2
ফটো	গুলা	2
আইডি	দেবেন	2
যান	পোস্ট	2
দেওয়ার	আগে	2
ভেবে	দেখবেন	2
তো	প্রায়	2
আছে	তারপর	2
তারপর	কেমনে	2
ফন্ট	কি	2
হলেও	আমার	2
খেলে	মরতেসে	2
দেন	সব	2
জন্য	কারণ	2
কারণ	এটার	2
ইউস	না	2
করা	শিখাইতেন	2
শিখাইতেন	তখন	2
থেকে	১	2
সব	ফ্রেন্ড	2
ফ্রেন্ড	রিমুভ	2
আপনার	সবগুলো	2
সবগুলো	পোস্ট	2
এ	মানসম্মত	2
হয়েছে	এনিওয়ে	2
ফর	গিভিং	2
এ	বিউটিফুল	2
বিউটিফুল	পোস্ট	2
দিয়ে	চালানোর	2
হয়ে	ডিলিট	2
পোস্ট	টাতে	2
পরেন	নাই	2
কমপক্ষে	টা	2
পয়েন্ট	অ্যাড	2
অ্যাড	হইসে	2
করা	টাকা	2
কাছে	বা	2
তাদের	কাছে	2
ভিডিও	পাবলিশ	2
কিন্তু	পেপাল	2
বলে	চালিয়ে	2
সব	পোর্ট	2
কিভাবে	কুকি	2
জেনারেট	করবো	2
বাংলা	করুন	2
উইথড্র	কি	2
অ্যাড	কর	2
নাকি	উইথড্র	2
বলেন	ওকে	2
তাহলে	শেষ	2
পর	কিভাবে	2
আমার	৫	2
বুট	হয়	2
লিংক	ছাড়া	2
মুভি	আবার	2
রুট	করছিলাম	2
পারছিনা	কি	2
সেটা	দেওয়া	2
দেখান	না	2
মাফ	করে	2
স্বাধীন	ব্র	2
স্ক্রীন	রেকর্ড	2
কিছুই	করার	2
হায়	হায়	2
তে	ওটিজি	2
এ	মাউস	2
আছে	সার্চ	2
কন্টাক্ট	লিংক	2
কয়েনবেস	এই	2
না	কোথায়	2
গেসে	অন	2
করার	সাথেই	2
থেকে	অ্যাকাউন্ট	2
অ্যাকাউন্ট	খুলুন	2
জানি	রে	2
রে	ভাও	2
সিটিং	আর	2
এসএমএস	ফরওয়ার্ড	2
ফরওয়ার্ড	হবে	2
তখন	টাকা	2
দেখানো	হইছে	2
হ্যাঁ	হবে	2
আগে	আইডি	2
রাখেন	বা	2
লেখার	কি	2
বিকাশ	খুলা	2
ভিসিটর	বাড়ানোর	2
হয়	আমরা	2
ইউ	ব্র	2
ইয়ার	আগের	2
মাই	প্লান	2
কোন	প্যাক	2
উঠাতে	পারবো	2
সেন্ড	কোড	2
কোড	তা	2
জাভা	পোস্ট	2
কাজে	মিল	2
আপনি	এখনও	2
আছি	তবে	2
অ্যান্ড্রয়েড	অ্যাপস	2
অ্যাপস	ইউস	2
কাইন্ডলি	জানাবেন	2
এই	প্লাটফর্ম	2
করা	প্রয়োজন	2
এখন	ফ্রী	2
অ্যাডসেন্স	আপ্রুভ	2
আপ্রুভ	হবে	2
জন্য	করি	2
করবেন	বাট	2
কমেন্ট	থেকে	2
আগে	১জিবি	2
জিবি	ফ্রী	2
তার	মেয়াদ	2
মেয়াদ	১	2
কন্টাক্ট	এফবি	2
ক্রাশ	করে	2
ব্যাবহার	করতে	2
কি	আজাইরা	2
আজাইরা	সব	2
ডার্ক	মোডে	2
অন	করেছি	2
করেছি	শুধু	2
অপশন	ছিল	2
কিন্তু	খুঁজে	2
অ্যাডমিন	তো	2
দেখি	কপি	2
তাইলে	মোবাইল	2
ঐদিন	দিয়ে	2
ফ্লাশ	করতে	2
এরকম	কি	2
ছাড়া	ভিপিএন	2
ফোনের	একটা	2
হাও	ফানি	2
হাজার	পয়েন্ট	2
অনেক	বছর	2
লিনাক্স	এর	2
আইডি	ঐ	2
যাইতে	পারে	2
মাঝে	খুব	2
নেটওয়ার্ক	ফী	2
খাজনা	থেকে	2
থেকে	বাজনা	2
বাজনা	বেশি	2
দিয়ে	টরেন্ট	2
টরেন্ট	থেকে	2
ফার্স্ট	অন	2
ট্রিকবিডি	এই	2
দেখায়	যে	2
সলভ	করতে	2
সাইনড	হলেও	2
হয়ে	অ্যাপ	2
গেলে	ফোন	2
এর	ডেট	2
এ	আমরা	2
মত	আমার	2
অনেক	খুজছি	2
অ্যাট	লাস্ট	2
জাস্ট	আপনি	2
মাইন্ড	একটা	2
আপনার	কতো	2
ভাই	সুযোগ	2
আমিও	আর	2
করতে	পারবা	2
ফেইল	মারে	2
খুবি	কম	2
করে	পার	2
রিস্ক	আসে	2
এমটি	৬৫৮২	2
মি	থ্যাংকস	2
থ্যাংকস	ইন	2
ইন্সটল	হয়েছে	2
অন	হয়না	2
পোর্ট	করলাম	2
আমার	আবার	2
টা	খুজে	2
একটা	ফ্রেন্ড	2
ফ্রেন্ড	রেকু	2
বাংলালিংক	থেকে	2
থেকে	ফ্রী	2
গুলি	কি	2
কারো	মোবাইল	2
বারাকাল্লাহু	লানা	2
অ্যাড	করছেন	2
হুমম	আপনি	2
গিয়ে	ঐ	2
ঐ	আইডি	2
আমার	হাতে	2
দেখায়	এখন	2
বিভিন্ন	রকম	2
সাপোর্ট	করবো	2
ইস	মাই	2
আপনি	কিসে	2
কিসে	পড়েন	2
অপ্পো	এ৭১	2
দিসি	কোন	2
কারো	টা	2
প্রোফাইল	দেখলাম	2
ফুল	ভাবে	2
ভাবে	করেন	2
যান	কেন	2
কেন	যা	2
শেষ	করবেন	2
টিউনার	হয়	2
লিংক	ওয়েবসাইট	2
তে	পাবো	2
না	কাজের	2
হট	এ	2
ভাই	সিমে	2
সিমে	এমবি	2
বিশ্বাস	হচ্ছে	2
আপনাকে	ইউটিউব	2
বাট	আমায়	2
যেভাবে	লিংক	2
তে	থেকে	2
অর্গানিক	ট্রাফিক	2
এসএমএস	মি	2
দিন	পাঠিয়ে	2
পাঠিয়ে	দিচ্ছি	2
দিয়ে	পিছি	2
লোগো	কিভাবে	2
নাই	লিংক	2
করবো	২৫০	2
ফাক	করে	2
আপনারা	একটা	2
অনেকে	চায়	2
চায়	এটা	2
ভাই	জানি	2
রা	অনেক	2
নি	জাস্ট	2
দেন	অ্যাপ	2
হেল্প	প্লিজজজ	2
মেয়াদ	বাড়বো	2
রিস্টোর	দিয়ে	2
এ	দিন	2
ব্যাপারে	একটু	2
সাজেস্ট	করবেন	2
কোয়ালিটি	সম্পন্ন	2
সম্পন্ন	পোস্ট	2
কত	দেখমু	2
করা	কে	2
প্রব্লেমস	নাই	2
যখন	এমবি	2
এমবি	নিবেন	2
করবো	কত	2
দিবেন	তাহলে	2
কে	দিতে	2
গুলাতে	তো	2
গল্প	পোস্ট	2
প্রবলেম	করছে	2
যদি	এনআইডি	2
কিভাবে	নিউ	2
দিয়ে	লগ	2
ক্লিয়ার	করলে	2
দিসেন	আবার	2
বড়লোক	না	2
না	বলছেন	2
অ্যাট	লিস্ট	2
নাই	অথর	2
চুরি	করা	2
দিবে	তা	2
তা	তে	2
প্যাক	শেয়ার	2
করেন	থ্যাংকস	2
দেখাবো	কিভাবে	2
টা	আনইন্সটল	2
করে	ঐ	2
ডাউনলোড	করবে	2
টাইম	এমন	2
ব্র	ডাউনলোড	2
লাইকড	ইট	2
অ্যাড	করলাম	2
পোস্টে	দিব	2
ফাইন্ড	আউট	2
আপ	তো	2
সফটওয়ার	এর	2
নাই	ফাউল	2
ওয়েলকাম	আমার	2
প্যাক	কিনেন	2
আজ	কাল	2
পায়ে	ধরি	2
দিব	কিন্তু	2
বাংলায়	পোস্ট	2
পাফিন	এ	2
থেকেই	ডাউনলোড	2
বাট	লোগো	2
এমন	আর	2
ওয়েবসাইট	এই	2
থাকে	ওইগুলা	2
৫০	জিবি	2
কি	শুরু	2
২ইয়ার	আগের	2
না	লিখতে	2
মিনিং	কি	2
ইউসারনেম	পাসওয়ার্ড	2
আপনি	দেখবেন	2
দেখবেন	না	2
কিভাবে	বিএল	2
বিএল	দিয়ে	2
গুলায়	কাজ	2
পোস্ট	এইচটিএমএল	2
দিলাম	কিন্তু	2
লিখে	ইউটিউব	2
দিয়ে	এইটা	2
পুরাই	ভুয়া	2
দেয়া	এখন	2
জিপি	আর	2
আগে	দেখছি	2
এর	বিষয়	2
কিটক্যাট	তে	2
নামাজ	পড়লে	2
গিয়ে	ট্রিকবিডি	2
ট্রিকবিডি	লিখে	2
সার্চ	দিবেন	2
অ্যান্ড	তারপর	2
তারপর	অ্যাড	2
করে	ভিসিট	2
এভাবে	করলে	2
ক্রেডিট	ও	2
হারাবে	না	2
আসসালামুআলাইকুম	ভাই	2
লাগলে	টিউনার	2
করা	কাজ	2
চেষ্টা	করসিলাম	2
কিভাবে	আপনাকে	2
সাইট	ই	2
চেক	দেন	2
দেন	এগেইন	2
বান	করে	2
আসছে	কিন্তু	2
ফোন	রিবুট	2
ফর	টি	2
ছিলো	একটু	2
অন	আপনি	2
করলে	হয়ে	2
করা	গ্রুপ	2
গ্রুপ	ইনফো	2
তে	পেজ	2
আপনি	অ্যাডমিন	2
হুম	ভাইয়ের	2
কাজের	কিছু	2
কীবোর্ড	ইউস	2
কী	আসে	2
এগুলো	আসে	2
আমার	কাজে	2
প্যাক	নাই	2
ওয়েলকাম	তো	2
হয়েছে	ব্রো	2
ব্রো	ভিপিএন	2
ভিপিএন	ভালো	2
কেউ	পাইসেন	2
তুই	দেখিস	2
তা	ভালো	2
পড়ে	নিন	2
অনুপ্রেরণার	জন্য	2
প্লিজ	স্ক্রিনশট	2
যদি	নাম্বার	2
টি	যদি	2
যদি	বন্ধ	2
যদি	অফ	2
থাকে	অ্যান্ড	2
নাম্বার	যদি	2
প্রোগ্রাম	এর	2
এ	বুঝি	2
মেইল	সেন্ড	2
সেন্ড	করবেন	2
কাছে	যদি	2
করেছি	তার	2
বাংলা	তে	2
কিভাবে	পারলে	2
ও	করছি	2
না	কেমনে	2
আগে	ইউস	2
চলবে	কেমনে	2
বার	করবো	2
কীভাবে	বলবেন	2
৪৫	জিবি	2
জিবি	পাওয়া	2
অল	অফ	2
বাচ্চাদের	জন্য	2
কেউ	করেনা	2
করা	হয়েছিলো	2
এটা	দরকার	2
কিভাবে	যোগাযোগ	2
খেলে	মজা	2
বাট	স্পীড	2
তো	আসল	2
নাম	ধরে	2
পারছিনা	কারণ	2
নাকি	৫০০০	2
সেই	গুলা	2
গুলা	আসছে	2
জানি	এন্ড	2
করে	নিজেকে	2
রুটেড	বাট	2
করবো	কিছু	2
ফ্লেক্সিপ্লান	দিয়ে	2
দিয়ে	৩০	2
ব্যাক	করবো	2
হয়	দেখি	2
কারণ	কাল	2
এক	ছোট	2
কোনো	সলিউশন	2
ম্যাথ	করা	2
আমারো	এক	2
এক	অবস্থা	2
ভাই	রেজাল্ট	2
রেজাল্ট	কিভাবে	2
বাট	পেইড	2
প্রোফাইলে	যান	2
যান	তার	2
টাও	কাজ	2
করতে	টা	2
টাকায়	১০	2
হয়নি	বাট	2
কারণ	দেখিনা	2
কারণ	এই	2
আছি	তাদের	2
করি	আমাদের	2
আমাদের	কষ্ট	2
জন্য	আশা	2
৩	জনকে	2
করলে	৩০০	2
কিভাবে	হয়	2
ভিডিও	লাইভ	2
লাইভ	ওয়ালপেপার	2
মাস্টারকার্ড	লাগবে	2
ভাইয়া	মেবি	2
মেবি	থিম	2
এ	ওয়ার্ডপ্রেস	2
ও	ধন্যবাদ	2
মিয়া	আপনার	2
কোথায়	কপি	2
২	আওয়ার	2
কিছু	আর্নিং	2
আর্নিং	অ্যাপস	2
ফ্ল্যাশ	করলে	2
করলে	২	2
আবার	স্লো	2
পারলে	বলেন	2
কোনো	টোকেন	2
ই	জন্য	2
লেখা	উঠছে	2
এ	চার্জ	2
ইনস্টল	করছিলাম	2
টাইপ	হয়	2
হবে	বা	2
নিজ	থেকে	2
কাজ	দেয়	2
না	পান	2
সার্ভার	কানেক্ট	2
নতুন	ইমেইল	2
ইনশাল্লাহ	সামনে	2
সামনে	পোস্ট	2
আমার	লাস্ট	2
কিছু	সমস্যা	2
বের	করেছি	2
ভিসা	দিয়ে	2
মাস্টারকার্ড	দিয়ে	2
মনে	হয়েছে	2
হবে	থেকে	2
থেকে	যাই	2
ভাই	স্ক্রিন	2
হতো	কাজ	2
জিটি	এস৭৫৮২	2
কালার	কিভাবে	2
নিজে	ও	2
এই	ওল্ড	2
আগে	২	2
একজন	করেছে	2
আর	একজন	2
ভাইয়া	ট্রিকবিডি	2
করি	সত্যি	2
প্লেয়ার	টা	2
ডেমো	লিংক	2
আপনার	কথাটা	2
আবার	দিন	2
ডোমেইন	নিলাম	2
নিলাম	তারপর	2
রা	ওই	2
টা	ফিল	2
ডাটা	গুলো	2
মত	এটা	2
করতে	বোধহয়	2
বোধহয়	পিএইচপি	2
পিএইচপি	লাগবে	2
সম্পর্কে	কোনো	2
লিংক	সাইট	2
কিভাবে	দেবো	2
এভাবে	পোস্ট	2
পারো	আমি	2
রিকোয়েস্ট	দিয়েছি	2
আবার	সেই	2
পারছিনা	কিভাবে	2
রেফারেল	নাম্বার	2
এর	আওতায়	2
ভেরিফিকেশন	এই	2
আর	ট্রিকবিডিতে	2
ইউজার	আছে	2
বাহ	বাহ	2
করে	দেখাও	2
ডিজাইনার	নাম	2
পড়ে	কমেন্ট	2
২	র	2
অনেক	ডিভাইস	2
চেক	করেছি	2
চ্যালেঞ্জ	এর	2
একটু	জানালে	2
ভাবে	বললে	2
অবস্থা	কি	2
ভাই	৬	2
করেছি	সব	2
ভাই	এবং	2
মধ্যে	কি	2
যদি	টাকা	2
বানাও	ভাই	2
এফবি	ইউজারনেম	2
ওয়েটিং	নেক্সট	2
এ	দিমু	2
এফবি	নিয়ে	2
অ্যান্ড্রয়েড	নিয়ে	2
দিন	ফ্রি	2
ফ্রি	চালাই	2
স্টুডেন্ট	ভিসা	2
যাওয়া	যায়	2
এসএমএস	গেছে	2
করলে	ক্যাশব্যাক	2
ক্যাশব্যাক	পাবো	2
রিপ্লাই	দেওয়ার	2
হুম	চেষ্টা	2
রেজাল্ট	পাবেন	2
কোয়ালিটি	ডাউনলোড	2
টাকা	দে	2
আগেই	থেকেই	2
ব্যবহার	করতেছি	2
করলে	হয়তো	2
জানি	কিন্তু	2
বাট	রাতে	2
ওয়াইফাই	চালু	2
হলে	পাবলিশ	2
১৮	জিবি	2
তে	চেক	2
হা	লোল	2
করা	ফোন	2
নাম্বার	দেখবো	2
ফেসবুক	টুলকিট	2
কিছুই	জানি	2
আনলিমিটেড	ইনকাম	2
পারবেন	ভাইয়া	2
ওয়াপকা	সাইট	2
ব্লক	দেখায়	2
দিন	পরেই	2
হেল্প	এর	2
কোনোটাই	হচ্ছে	2
রোম	ইউজ	2
করেছে	বাট	2
যায়	ইউটিউব	2
কিভাবে	পিসি	2
টিপস	বাট	2
ভাই	উইন্ডোজ	2
এরিয়া	এখনো	2
না	করলো	2
থ্যাংকস	মামা	2
টিডব্লিউআরপি	দিয়ে	2
ব্রিক	করবে	2
কি	বিটিসি	2
কি	নষ্ট	2
ট্রেইনার	না	2
ডে	ম্যাক্স	2
একটা	পিকচার	2
যে	এনআইডি	2
এখানে	না	2
না	বুঝার	2
প্রোগ্রামিং	ল্যাঙ্গুয়েজ	2
এর	শোগুলা	2
শোগুলা	আছে	2
মেম্বার	তো	2
শেয়ার	অ্যান্ড	2
ডাকে	না	2
প্রো	পাওয়া	2
নক	দিয়ে	2
এসএস	দেন	2
না	কাস্টম	2
ইনস্টল	করলেও	2
ব্রো	দেখি	2
লিংক	হয়	2
তাহলে	দেখি	2
দিয়ে	ধরে	2
ডাউনলোড	প্লিজ	2
ফিচারড	পোস্ট	2
রাখবো	কিভাবে	2
ভাই	সাইট	2
চেয়ে	ইজি	2
ওয়ে	আর	2
আপনার	আসল	2
আসল	নাম	2
যা	বলে	2
বলে	শেষ	2
মেমরি	কি	2
আপনাকে	কেউ	2
ডেভেলপ	করা	2
ফ্ল্যাশ	লাইট	2
করবে	দেখুন	2
থাকেন	থ্যাংকস	2
রজব	মাসে	2
যায়না	কে	2
চালু	করেছে	2
জানে	আমিও	2
তা	আমাদের	2
অল	টাস্ক	2
কমপ্লিট	করলে	2
দিয়ে	বানাতে	2
ভিডিও	বানিয়ে	2
বানিয়ে	লিংক	2
আমি	সি	2
দেবো	সালা	2
কর	ফালতু	2
আগে	তুই	2
ফালতু	ফালতু	2
সাবটাইটেল	হবে	2
যেকোনো	জায়গায়	2
আর	খেলা	2
রিপ্লাই	পোস্ট	2
নিজের	হাতেই	2
আমি	বলছিনা	2
বলছিনা	যে	2
আলহামদুলিল্লাহ	ভাই	2
একটু	হার্ড	2
এটাই	বেটার	2
না	আনইনস্টল	2
কাজে	ই	2
এটা	আপনাকে	2
দের	কথা	2
দেখুন	কিছু	2
ভাই	ফরগেট	2
মেরে	আবার	2
নতুন	পাসওয়ার্ড	2
পাসওয়ার্ড	দিতে	2
ট্রেনার	এর	2
একটু	স্ক্রিনশট	2
ফায়ারফক্স	ব্রাউজার	2
ব্রাউজার	আর	2
আরও	সহজ	2
পোস্টে	একটা	2
সাইট	বানাইছি	2
জি	অবশ্যই	2
রাইট	ভাই	2
ভাই	চরম	2
চরম	একটা	2
দেখা	বেস্ট	2
বেস্ট	আবাল	2
এ	সেল	2
ভাই	আমারটা	2
ফোন	টিডব্লিউআরপি	2
খোলার	কোনো	2
আপনি	টারমাক্স	2
যাদের	সিম	2
পারতো	না	2
নেট	ওপেন	2
কি	কার্ড	2
ফর	ইয়োর	2
আচ্ছা	যদি	2
কোন	রোম	2
এ	খন	2
নিবে	আমি	2
তো	সাসপেন্ড	2
সেল	দেব	2
ভিডিও	কল	2
নিতে	চান	2
আশায়	রইলাম	2
তাই	হবে	2
খুঁজে	পাবে	2
একটা	টোয়ারপ	2
টোয়ারপ	দিন	2
তো	কাজে	2
ই	করে	2
ভিমোস	প্রো	2
নেয়ার	ওয়ে	2
ওয়েবসাইট	নাই	2
তে	আজকে	2
আজকে	নতুন	2
কিন্তু	পাসওয়ার্ড	2
যাওয়ার	কারণে	2
লগিন	করতে	2
লগিন	করলাম	2
আপনি	কবে	2
নিয়েছিলাম	আবার	2
সময়ের	ব্যাপার	2
সবাই	দেখতে	2
তাহলেই	বুঝবেন	2
বাট	রিকোভারি	2
হাহা	লল	2
ছিল	নতুন	2
৭এমবি	আর	2
পোস্টের	ভিতরে	2
লিঙ্ক	সেট	2
আনার	পর	2
আনলিমিটেড	মেয়াদ	2
গুলা	ড্রাইভ	2
থেকে	জিপি	2
কে	বান	2
কেউ	বলো	2
শেয়ার	করিও	2
করতে	এই	2
এটা	যারা	2
জানেন	তাদের	2
বের	বের	2
গুগল	দিয়ে	2
দেখতে	এর	2
এর	বিট	2
কে	কোথায়	2
কাজ	নেই	2
হ্যাক	কিভাবে	2
এতে	সবার	2
ভার্সন	১০	2
বেশিরভাগ	মানুষ	2
গালাগালি	করে	2
প্লিজ	গুগল	2
গুগল	অনেক	2
অ্যান্ড	ইউটিউব	2
ডাউনলোড	প্রব্লেম	2
ইউস	করেছি	2
সব	দেশে	2
আর	সাথে	2
হিন্দুর	বাচ্চা	2
গালি	দেবেন	2
চলবে	আর	2
অসাধারণ	হয়েছে	2
অন	ভাই	2
কেয়ার	এর	2
ওয়েট	করবো	2
আমার	অ্যাপ	2
না	সিউর	2
কোর্স	গুলা	2
ডেইলি	বোনাস	2
এখনও	লঞ্চ	2
কিনে	অনেক	2
অনেক	ডলার	2
অ্যাপ্লাই	করার	2
অ্যাপ্রুভ	হয়েছে	2
জন্যে	অপেক্ষা	2
এর	স্ক্রিপ্ট	2
বানানো	শিখতে	2
টা	সাইট	2
বট	দিয়ে	2
এসব	করতে	2
করতে	অ্যাপ	2
পোস্ট	দিসে	2
জাপানি	আইপি	2
কন্টাক্ট	করার	2
ওয়েলকাম	স্টে	2
যদি	সিস্টেম	2
অ্যাপটি	ইনস্টল	2
থেকে	প্রিমিয়াম	2
এ	ডেইলি	2
এমবি	ব্যবহার	2
তা	পেতে	2
আগে	ব্যবহার	2
সাইট	চ্যাট	2
মোড	চালু	2
যেটা	ছাড়া	2
আজ	তো	2
কোন	ফ্রি	2
কোন	ফোনে	2
হলে	সমস্যা	2
ডিভাইস	রেডমি	2
ডুয়াল	বুট	2
বেটার	লাগে	2
ইন্সটল	দেওয়া	2
কিন্তু	গেম	2
তখন	ছিল	2
কাটে	কেন	2
অ্যাকাউন্ট	ছাড়া	2
ধন্যবাদ	ফর	2
ওল্ড	ইস	2
ইস	গোল্ড	2
তবে	বেশ	2
বেশ	কয়েকবার	2
সরি	হবে	2
ম্যানি	ম্যানি	2
করছি	সে	2
জেনে	যাবে	2
যাবে	তখন	2
যে	আমাকে	2
ব্লক	করলে	2
রিপ্লাই	ভাই	2
এটা	সঠিক	2
ব্রাদার	বাট	2
৮	ভালো	2
বিস্তারিত	জেনে	2
এর	কার্যক্রম	2
মোড	দিয়ে	2
পয়েন্ট	লাগবে	2
টাকায়	সেল	2
এ	চেষ্টা	2
করলাম	পেন্ডিং	2
পেন্ডিং	থাকা	2
ভিতরে	তাহলে	2
পেয়েছি	বাট	2
বাট	ওরা	2
ফেসবুক	চলে	2
মাসে	কত	2
ফোনের	আইএমইআই	2
ডাউনলোড	ফ্রম	2
ভাই	গান	2
বা	অ্যাপ	2
ভাই	এক্টিভ	2
৳	কিভাবে	2
তে	এক্টিভ	2
এক্টিভ	হবে	2
রিস্টোর	এর	2
পারে	প্লিজ	2
উপকার	হলে	2
আশা	রাখি	2
লা	লিগার	2
অ্যাপ	কিছু	2
কিনা	দেখুন	2
নিউ	ইয়ার	2
তাইলে	ঠিক	2
তাই	কেউ	2
দেখতে	এটা	2
ঐ	মোবাইল	2
বলদ	মার্কা	2
দেওয়া	লিঙ্ক	2
লিঙ্ক	ভিজিট	2
স্ক্রিপ্ট	ইনস্টল	2
করার	ঝামেলা	2
দেওয়ার	পরেও	2
ভুলটা	ধরিয়ে	2
ভাইরে	এটা	2
আপনার	স্টক	2
ইমেজ	দিন	2
করে	দেওয়ার	2
এফবি	অ্যাকাউন্ট	2
অ্যাকাউন্ট	প্লিজ	2
তোর	কথা	2
মজা	লাগছে	2
না	তোর	2
আইডি	ওপেন	2
ওপেন	না	2
কথায়	অসাধারণ	2
পোস্ট	১০০	2
১০০	লাইক	2
করসো	ব্রো	2
কিন্তু	কিছুই	2
চালাতে	পারি	2
দিবেন	এতে	2
এতে	করে	2
লিঙ্কটা	পোস্টে	2
কিন্তু	অ্যাডমিন	2
আমি	কোনোভাবেই	2
অনেক	পুরনো	2
দাও	কেন	2
কেন	এর	2
টাইম	না	2
করে	মানুষকে	2
আর	অযথা	2
সব	সার্ভার	2
সার্ভার	অফ	2
তাই	ওখানে	2
পেয়ে	যাবা	2
এটায়	খুঁজছিলাম	2
সাবস্ক্রাইব	করলে	2
বোনাস	পাওয়া	2
কি	লাকি	2
দেখলে	তাকে	2
তাও	হতো	2
হতো	এটা	2
এটা	দেখি	2
করে	বলছেন	2
পারেন	পারলে	2
টা	করা	2
আছে	চেক	2
ভাইরাল	হইসে	2
মধ্যে	অফ	2
সবাই	এগুলা	2
এর	সবাই	2
জানে	নতুন	2
পারমিশন	দিলাম	2
দিলাম	ট্রাই	2
পারমিশন	দেওয়ার	2
মিনিমাইজ	করতে	2
কেমনে	বলবেন	2
করলে	আরও	2
জুম	করলে	2
করলে	একটু	2
একটু	মনযোগ	2
যাই	বলুন	2
ট্রায়াল	এর	2
আবার	কিভাবে	2
যেন	এমবি	2
নিয়ে	সেটা	2
হতো	বাট	2
পেলে	জানাবেন	2
হা	কি	2
ভাইয়া	কেউ	2
ডাটা	ব্যাকআপ	2
ডাটা	রিস্টোর	2
স্পীড	কি	2
যাকে	আমরা	2
সাইলেন্ট	ভার্সন	2
ভার্সন	প্লিজ	2
পেমেন্ট	পাইনি	2
অল	রুলস	2
প্লিজ	রেপ্লাই	2
দেখতেছি	আপনি	2
নয়	অন্য	2
কোনো	সোর্স	2
থেকে	কিন্তু	2
অ্যান্ড	ট্রিক	2
দেওয়া	তো	2
এটা	তাদের	2
হা	এটা	2
এটা	বুঝি	2
কিছু	হলো	2
কোনো	প্রিমিয়াম	2
ইয়াহ	ব্রো	2
ব্রো	আমরা	2
কার্ড	কিভাবে	2
কাজ	করতেছেনা	2
লল	এগুলা	2
ওল্ড	হয়ে	2
ট্রিক	গুলা	2
নাইছ	পোস্ট	2
এটার	ভিডিও	2
টিপস	নিয়ে	2
হাজির	হবো	2
পাশেই	থাকবেন	2
জাস্ট	এইচটিএমএল	2
যায়	আসে	2
টিম	কোনো	2
ডেইলি	টা	2
বেসিক	দিয়ে	2
প্রবেশ	করার	2
কি	ব্যান	2
ব্যান	খাইসে	2
যেমন	আমি	2
জিনিস	আছে	2
বাট	আপনাকে	2
পাবো	১০	2
থ্যাংক	কমেন্ট	2
লেখা	যায়	2
এ	আর্ন	2
আর্ন	করলেন	2
ওয়ার্কিং	ভাইয়া	2
দিয়ে	স্পিড	2
আপলোড	দেওয়ার	2
দেওয়ার	সিস্টেম	2
বাসায়	যদি	2
আইডি	এবং	2
করেছি	নাম	2
নাম	তো	2
কি	আবোল	2
দিয়ে	নিজেই	2
ফালতু	এডিট	2
টিউনার	বানাতে	2
ট্রিকবিডির	নিয়ম	2
নিয়ম	অনুযায়ী	2
৩টি	মানসম্মত	2
টিউনার	হওয়া	2
করবেন	তাই	2
কোর্স	এর	2
টেলিগ্রাম	গ্রুপে	2
গ্রুপে	যোগ	2
যোগ	দিতে	2
অনুরোধ	রয়েছে	2
নাম্বার	দেয়া	2
এটা	আসলে	2
রয়েছে	যে	2
প্রতি	সপ্তাহে	2
ভাইকে	বলেন	2
পোস্টগুলি	পেন্ডিং	2
বেশি	তাড়াতাড়ি	2
ট্রিকবিডি	নোটিস	2
নিজেই	বুঝবেন	2
তা	আপনাকে	2
দিন	ইউস	2
আমার	লাগতো	2
না	সাবধান	2
সময়	সাপোর্ট	2
যোগাযোগ	করলে	2
ট্রাই	করলেই	2
অফ	করুন	2
অনেকদিন	পরে	2
কালকে	ফ্রি	2
করে	দেয়ার	2
তে	সমস্যা	2
আগের	২	2
নষ্ট	করছে	2
করছে	এই	2
ভাই	সঠিক	2
পোস্ট	দিসো	2
ওয়েবসাইট	অনেক	2
কাইন	মাস্টার	2
কেমনে	এডিট	2
তখন	বাংলা	2
সব	পারফেক্ট	2
যদি	এসএমএস	2
দেয়	সেটা	2
কাজ	করলেন	2
করলেন	আর	2
কানেক্ট	তো	2
মতো	তো	2
ভাই	ভাষা	2
যে	রেফার	2
অপেক্ষা	করতেছি	2
শেয়ার	করছিলাম	2
মেইল	দেয়	2
খাওয়া	লাগে	2
রাখতে	পারবেন	2
পড়েছেন	নাকি	2
করেও	লগইন	2
ভাইরাস	আছে	2
কিছুই	জানে	2
দেখায়	আপনি	2
ভিপিএস	লাগবে	2
দেওয়া	মানে	2
থেকে	সিম্ফনি	2
মোবাইলের	হটস্পট	2
মার্শমেলো	কিভাবে	2
করছেন	এটা	2
পেয়েছি	এবং	2
রিকভারি	তৈরি	2
না	নিলে	2
বহুদিন	পর	2
লিমিট	নাই	2
এখন	আগের	2
স্লো	না	2
ফোন	তাই	2
আগের	জিনিস	2
জিনিস	বার	2
হলো	নাকি	2
হয়েছে	এটা	2
জন্য	সেরা	2
সেরা	একটা	2
লিঙ্ক	এখন	2
করবে	চেক	2
কি	বানানো	2
আস্তে	পারে	2
সিম্বিয়ান	ফোনের	2
আপনি	কিছুই	2
কিছুই	জানেন	2
এসএএস	এসএস	2
মত	হয়েছে	2
কেটে	দিয়ে	2
ইজিয়েস্ট	ওয়ে	2
টা	এটাই	2
আমি	দিচ্ছি	2
টা	পাসওয়ার্ড	2
করব	কিন্তু	2
ভাই	পাস	2
রিসেট	করতে	2
বাট	লগইন	2
করতে	ট্রিকবিডি	2
পোস্ট	নয়	2
কি	ইনকাম	2
কে	এডিট	2
একটা	কিন্তু	2
করতে	প্রবলেম	2
যাচ্ছে	প্লিজ	2
আছে	কিভাবে	2
কিভাবে	আপনি	2
আর	কল	2
থাকে	একটু	2
আমার	হয়েছে	2
কখনই	সম্ভব	2
ভিতর	এমন	2
ভাই	অনেকগুলো	2
নিউ	তো	2
টি	পোস্ট	2
গিগ	হচ্ছে	2
আপনাকে	কাজ	2
সিম্ফনি	এক্সপ্লোর	2
এর	ললিপপ	2
একটু	ইনস্টল	2
পাই	তাও	2
বিডি	সিম	2
কিভাবে	ডিলিট	2
অন্য	সাইটের	2
করবো	ভালো	2
মোট	কত	2
রেজিস্ট্রেশন	করার	2
পর	বোনাস	2
ডিলিট	হওয়া	2
কি	কোনোভাবে	2
কোনোভাবে	ফেরত	2
পাওয়া	ডিলিট	2
বাংলা	লেখার	2
কই	পাইছেন	2
হয়নি	ভাই	2
ভাই	হুয়াওয়ে	2
পাবেন	ইনশাআল্লাহ	2
কোনো	ওয়েব	2
মোবাইল	ললিপপ	2
থেকেই	ইনস্টল	2
দেন	হয়ে	2
না	মজা	2
এত	স্পিড	2
গুলা	অন্য	2
করছি	চেক	2
আমিও	জানতাম	2
এপ্লাই	করবো	2
বিটকয়েন	আছে	2
বিকাশ	করে	2
ফোন	নাম্বারটা	2
আপনি	এপিকে	2
এই	ফ্যাক্টরি	2
ফ্যাক্টরি	সেই	2
সেই	ফ্যাক্টরি	2
ফ্যাক্টরি	না	2
করে	রিকভারি	2
খুবই	কম	2
নাই	করলেও	2
আমি	ইনভেস্ট	2
টাইম	দিতে	2
নাই	হ্যাক	2
সিকিউরিটি	অনেক	2
ভাই	থাকলে	2
একাউন্ট	এড	2
কিভাবে	ভিডিওতে	2
অ্যাপটা	দিয়ে	2
কোড	বানানো	2
দিয়েছে	প্লিজ	2
নেই	তাদের	2
করি	ক্লিয়ার	2
অসুবিধা	নাই	2
প্রতি	টা	2
নাকি	একবার	2
রাখলে	আর	2
এটা	অনেকদিন	2
থাকবে	আপনি	2
আপনি	ব্রাউজারে	2
রতনে	রতন	2
আর	রিপোর্ট	2
ফেক	না	2
এগেইন	এটা	2
হ্যাক	প্লিজ	2
পেপাল	বাংলাদেশ	2
থেকে	ভেরিফাইড	2
পার্সোনাল	অ্যাকাউন্ট	2
আনসাকসেসফুল	দেখায়	2
আমি	শিওর	2
ইউসফুল	পোস্ট	2
ই১০	রুট	2
জানিয়ে	দিন	2
আর	ফ্লেক্সি	2
হয়	বুট	2
কিন্তু	স্ক্রিন	2
ব্ল্যাক	হয়ে	2
পিএইচপি	কোড	2
আপনার	নিয়মে	2
নেই	আপনার	2
আপনার	ড্রাইভ	2
কি	ব্লুটুথ	2
লিঙ্ক	তো	2
সরি	আপনাকে	2
এখানে	আমি	2
আমি	অনেকগুলো	2
সার্ভার	ও	2
তার	লিঙ্ক	2
লিঙ্ক	দিয়েছি	2
দিয়েছি	যারা	2
আলহামদুলিল্লাহ	ভালো	2
ফ্লাশ	দিতে	2
স্ক্রিনশট	ছাড়া	2
গেছে	আপনার	2
জন্য	নতুন	2
শিখলাম	ব্রো	2
টাইম	দিবো	2
খাবেন	না	2
টোকেন	কিভাবে	2
১০০	এর	2
এর	কাছাকাছি	2
করার	কী	2
আপনি	৪জিবি	2
এইচডি	গেম	2
ব্রো	কাস্টম	2
মিডিয়াটেক	এর	2
যদি	তারা	2
পোর্ট	কিন্তু	2
বা	কেমনে	2
রং	দেখায়	2
প্লিজ	টুনার	2
টুনার	মি	2
কিন্তু	এক	2
জিপি	থাকলে	2
ঝামেলা	পোহাতে	2
কইরা	কমেন্ট	2
হইলো	কিভাবে	2
কি	বানাইয়া	2
দিবা	আর	2
পেমেন্ট	কত	2
সময়ের	মধ্যে	2
লিংক	আবার	2
খেয়াল	থাকবে	2
স্পিড	নাকি	2
তাহলে	লিংকটা	2
খুশি	তত	2
ভাবে	করবেন	2
বলছেন	আমার	2
এই	করে	2
একাউন্ট	একটিভ	2
কিভাবে	দেখা	2
রেজিস্টার	করা	2
যদি	প্লেস্টোর	2
ইনস্টল	দেই	2
দিয়ে	এসডি	2
লিখেছেন	কিন্তু	2
স্টার্ক	ভিপিএন	2
মাঝে	কানেক্ট	2
আপনি	নিশ্চয়	2
ভালোই	আছে	2
আরও	চাই	2
একদম	হবে	2
নিয়ে	বলে	2
আপনার	অপেক্ষায়	2
পোস্ট	আবাল	2
অফার	আসছে	2
মানুষ	কিছু	2
এক	নাম্বার	2
না	কম	2
আপনি	কন্ট্রিবিউটর	2
কাজ	এই	2
এই	কাজটা	2
নন	ব্র্যান্ড	2
এর	সলিউশন	2
টাকা	দিলেও	2
আছি	না	2
টাকা	দেন	2
তে	টাকা	2
কাজ	করছিলাম	2
ভাই	ইসলাম	2
এটা	ইসলাম	2
এ	খারাপ	2
মডেল	অনুযায়ী	2
হয়েছে	সেই	2
সেই	লিংক	2
হ্যাক	এ	2
তাই	কম	2
২জি	স্পিড	2
কম	ই	2
ই	থাকবে	2
টাকা	হয়	2
কেনার	সময়	2
থ্যাংকস	ওয়েট	2
পোস্ট	কাকে	2
এ	মাত্র	2
কিন্তু	এরকম	2
এফবি	এটা	2
করলে	আসে	2
অ্যাপ	মড	2
করা	শেখানো	2
দেখান	পোস্ট	2
যা	মানুষের	2
দেখে	মুগ্ধ	2
তো	পিক	2
অফারটি	এখন	2
কে	জিমেইল	2
এয়ারটেল	বন্ধ	2
আর্ন	হয়	2
ডলার	হতে	2
তাই	মাঝে	2
অ্যাপস	নামের	2
আছে	ওইটার	2
জন্য	একটু	2
হুমমম	তবে	2
থ্যাঙ্কস	পাবেন	2
সবই	বুঝলাম	2
আজ	করবো	2
থ্যাঙ্কস	আমি	2
আমার	এমএক্স	2
নাকি	থাকবে	2
তো	পেন্ডিং	2
হয়না	এই	2
ট্রিকবিডি	মতো	2
ইনপুট	করে	2
কি	কিটক্যাট	2
আসুস	জেনফোন	2
রিপ্লাই	আপনি	2
ডিবিবিএল	এর	2
করে	কনফার্ম	2
করে	বলবা	2
অফার	পাবে	2
পোস্ট	দেখলেই	2
তাই	ভালো	2
আমি	শাওমি	2
কিনতে	চাচ্ছি	2
টেকটিউন	থেকে	2
টা	বসান	2
না	লোল	2
শুধু	অন্য	2
দিয়ে	এবং	2
ফ্রি	কিভাবে	2
অফার	থেকে	2
প্লিজ	নতুন	2
প্যাচার	অ্যাপ	2
দুপুরের	পর	2
ক্ষেত্রে	আমার	2
কিভাবে	আনবো	2
ব্লগার	সাইটে	2
কীভাবে	সেট	2
তো	রেজিস্ট্রেশন	2
হবে	ইএস	2
অ্যাপ	দিয়েও	2
সবার	ক্লিয়ার	2
কিন্তু	ভাইয়া	2
নাম্বার	মেক	2
কোনো	পেজ	2
বা	গ্রুপ	2
কোনটা	ব্যবহার	2
আমি	থাকি	2
ব্যাকগ্রাউন্ড	প্রসেস	2
প্রসেস	অফ	2
অফ	রাখলে	2
কম	হয়	2
সিমে	কি	2
থেকে	কিংরুট	2
নিজেই	পারবেন	2
কি	কিনতে	2
অ্যাপ	কোনো	2
পাবো	যদি	2
একটা	রেফার	2
লিংক	দিতেন	2
ভাই	অ্যাপটা	2
অ্যাপটা	অনেক	2
তে	ঢুকতে	2
সেট	করলেন	2
আমাকে	করে	2
জেনে	কথা	2
সব	সিমের	2
সব	করলে	2
ফেসবুকে	আসেন	2
তোমার	নাম্বার	2
সাইট	আপলোড	2
সাপোর্ট	এ	2
করবো	এবং	2
বলে	ট্রিক	2
ট্রিক	ভাই	2
ধরে	ব্যবহার	2
এই	ফোনে	2
৫টা	পোস্ট	2
সেফ	মোড	2
আবার	বের	2
হবো	কিভাবে	2
আগের	ভাই	2
খুঁজে	নিতে	2
অন্য	অ্যাকাউন্ট	2
খুলে	তাহলে	2
বুড়ো	হয়ে	2
যায়	কিনা	2
আমার	লজ্জা	2
করতে	দেখেন	2
ভাই	মানেই	2
আপনার	ওখানে	2
ফি	কত	2
কত	এখন	2
করুন	এরপর	2
সেটা	বুঝলাম	2
কিন্তু	আমরা	2
কিভাবে	রেড	2
দিয়ে	ফন্ট	2
ওকে	আপনার	2
পোস্টে	দেখুন	2
এখানে	যান	2
পড়া	শেষ	2
না	সকালে	2
খুঁজে	পাবেন	2
কি	লেনোভো	2
কালকে	দিবো	2
এই	পোস্টে	2
একটা	রুম	2
এমবি	আসবে	2
ইউটিউব	ইউজ	2
কোন	প্রকার	2
সেটিংসে	গিয়ে	2
ভালো	পোস্টগুলি	2
রাখছেন	কেন	2
এমনকি	অনেক	2
করার	পরেও	2
করে	ব্যবহার	2
হলো	মোবাইল	2
মোবাইল	বন্ধ	2
বন্ধ	রাখা	2
৩জি	নাকি	2
নাকি	২জি	2
আর	ওটা	2
ভাই	দিন	2
জী	ভাইয়া	2
ডাউনলোড	ট্রিক	2
রিভিউ	দেইনি	2
অ্যান্ড্রয়েড	আমি	2
মুভি	তার	2
চাইলে	বা	2
পারবো	আশা	2
থাকবে	ভাই	2
যদি	ইনভেস্ট	2
করা	লাগতো	2
তখন	না	2
তো	টাইম	2
কোনো	লস	2
আমাকে	গালি	2
থেকে	তোলা	2
বুট	পোর্ট	2
পোর্ট	করেও	2
তারপর	রিকভারি	2
স্প্রেডট্রাম	চিপসেট	2
এর	ফোনের	2
কিভাবে	রম	2
পোর্টিং	গাইড	2
গাইড	আছে	2
কিন্তু	বুট	2
হুম	দিবো	2
তো	আলোচনা	2
আলোচনা	করছি	2
অন	রাখলে	2
ধন্যবাদ	চেষ্টা	2
থাকলে	করতাম	2
আপনাদের	কথার	2
কথার	কারণে	2
কারণে	আমি	2
হাসি	পেলো	2
থেকে	জেনারেট	2
যেটা	বললেন	2
অফার	সম্পর্কে	2
সম্পর্কে	একটা	2
তা	এখনো	2
ভাইয়া	টাইটেল	2
টাইটেল	ভালো	2
টিউন	ইমেজ	2
বিটকয়েন	অ্যাড্রেস	2
মোবাইল	দিয়েই	2
ডাইরেক্ট	রেফার	2
পোস্ট	বিশ্বাস	2
অ্যাড	ক্লিক	2
দেখলেই	হবে	2
প্লিজ	মোবাইল	2
অথর	কোনো	2
কোনো	পেমেন্ট	2
গ্যালাক্সি	এই	2
রিকানেক্টিং	হয়	2
ভাই	৮	2
জানেন	যদি	2
বা	ডলার	2
জানেন	প্লিজ	2
বলবেন	নোট	2
নিচে	দেখুন	2
কপি	করেছে	2
করেছে	সে	2
যেমন	থেকে	2
ঠিক	করবেন	2
এমটিকে	না	2
ওকে	চেষ্টা	2
যুক্ত	করতে	2
কি	পারবো	2
যেভাবে	সুবিধা	2
সে	পোস্ট	2
হয়	লল	2
ফাদার	নাম	2
দিয়ে	কাস্টম	2
রিকভারি	বানানোর	2
সবাই	অপেক্ষা	2
নম্বর	কিভাবে	2
আগে	হ্যাক	2
করে	দেবেন	2
থেকে	কতবার	2
কতবার	উইথড্র	2
লিমন	ভাই	2
একটা	কারণে	2
বট	কাজ	2
হয়	অ্যাপ	2
আপডেট	আছে	2
ওই	লেখা	2
পারবেন	পিসি	2
পারবেন	অ্যান্ড্রয়েড	2
বাট	এগুলা	2
এগুলা	আসলে	2
কম	ইউস	2
করে	মানুষ	2
সবই	ঠিক	2
নো	অফার	2
মিনিট	বাই	2
তাই	এরকম	2
ফোনে	যে	2
দিয়েছেন	তার	2
বস	আপনার	2
যাবে	একটা	2
চাইবে	নাকি	2
সুপার	নাইস	2
এর	ফেক	2
খেয়াল	রাখতে	2
মেবি	অনেক	2
বাট	ভয়	2
জাভার	জন্য	2
কোথায়	জমা	2
ইউটিউভ	এ	2
দিলেই	সব	2
লোক	এ	2
কাজ	তা	2
তা	বুঝতে	2
লিঙ্ক	ও	2
হিন্দি	নাকি	2
এরিয়ে	জান	2
ওল্ড	ট্রিক	2
বাট	অনেকের	2
ভালো	সবাই	2
সবাই	জানতো	2
এটা	দেখা	2
তাহলেই	হবে	2
মাই	ফেসবুক	2
ভালো	মুভি	2
মুভি	থাকলে	2
ছিল	বলে	2
মাইন্ড	ইওর	2
করলে	এমনি	2
ট্রিক	প্রথম	2
গত	২	2
করলাম	এত	2
নেট	একটা	2
চলে	গেলে	2
থেকে	খেলতে	2
ফোন	মেমোরিতে	2
আরো	নতুন	2
কঠিন	পাস	2
পাস	হ্যাক	2
জন্য	কঠিন	2
মানুষ	সব	2
ব্রো	তবুও	2
অপশন	কোথায়	2
আমি	সাধারণত	2
সাধারণত	কোনো	2
কোনো	পোস্টে	2
পোস্টে	কমেন্ট	2
ব্রো	শুরু	2
৩টা	ডাউনলোড	2
বাদ	হবে	2
কত	ইনকাম	2
করলাম	তা	2
তাহলে	নাম্বার	2
সে	একাউন্ট	2
মানুষ	আমার	2
থেকে	কিছুই	2
ফ্রি	নেটটা	2
রবির	নতুন	2
এ	চোখ	2
চোখ	রাখুন	2
আগে	বলবেন	2
ক্যান্সেল	করে	2
বা	১	2
ফ্রি	হয়ে	2
ক্যানভা	এডু	2
শুধু	রুট	2
ব্রো	এভাবে	2
কি	লাইক	2
হোস্ট	করবো	2
ব্যাপারে	একটা	2
ফোন	আপডেট	2
আমার	লোডিং	2
হয়	আসে	2
ভাই	৫০০	2
সেটা	কই	2
লগইন	ফেইল্ড	2
৬	টাকা	2
টাকা	এই	2
যাবে	তো	2
সাড়া	দিলে	2
আমাকে	আমার	2
টাকা	আমি	2
না	৪০৪	2
রম	এমটিকে	2
ব্রো	সাইট	2
নিয়ে	ফুল	2
ভাই	ক্রোম	2
খারাপ	তাই	2
আল্লাহ	বলেছেন	2
দোয়া	করতে	2
এবং	চেষ্টা	2
রাস্তা	খুলে	2
চ্যালেঞ্জ	করলে	2
কমাবে	না	2
হচ্ছে	কাজ	2
এটা	নেটফ্লিক্স	2
নেটফ্লিক্স	না	2
টিভি	এপিকে	2
কমেন্ট	অনেক	2
গেম	এই	2
যাবে	যেমন	2
গেলে	আর	2
আমি	ভার্চুয়াল	2
দেখাই	দিলে	2
আপনি	পাগল	2
সাথে	ফেসবুকে	2
করবেন	অনেক	2
সিম	বা	2
কাছে	এবং	2
হোক	তাকে	2
এইসব	সাইট	2
সাইট	না	2
আর	ইনকাম	2
থেকে	বাট	2
হিসাব	করা	2
করা	মুশকিল	2
মোবাইলটা	রুট	2
কোন	এপস	2
দেখাচ্ছে	যে	2
পাশে	পাবেন	2
এমন	সব	2
যে	কয়েন	2
হয়েছে	তার	2
তার	প্রমাণ	2
পরীক্ষা	করা	2
তার	কারণে	2
এখন	দেয়া	2
যেমন	কোনো	2
বানাতে	অনেক	2
অনেক	দিনের	2
দিনে	একটা	2
সাইজ	দেওয়া	2
যেমন	আপনি	2
পরে	আছেন	2
পরবেন	না	2
করুন	ভাইয়া	2
১১	তে	2
তে	হচ্ছে	2
দেখাচ্ছে	আর	2
আর	প্লে	2
নিতে	বলছে	2
আচ্ছা	চেষ্টা	2
ভাই	তার	2
পরে	এরর	2
এরর	আসছে	2
কে	প্লিজ	2
চাইলে	ইউটিউব	2
টাকা	পে	2
তারপর	কোন	2
রিসিভ	করে	2
হোয়াটসঅ্যাপ	এ	2
ট্রিকবিডির	পোস্ট	2
বাংলাদেশে	এ	2
লাইক	নিব	2
নিব	কীভাবে	2
পানি	ঢেলে	2
ব্লু	লাইট	2
নো	নিডেড	2
রিমুভ	হয়	2
আইডি	রিমুভ	2
করার	একটি	2
ফাইল	অ্যাড	2
ভিজিট	করুন	2
সার্ভিস	অন	2
ব্যালেন্স	চেক	2
আমার	ফ্রি	2
আজ	দিন	2
আগে	২টা	2
ঘণ্টার	মধ্যে	2
ভাইয়া	লেখা	2
লেখা	লেখির	2
সাজিয়ে	গুছিয়ে	2
ওঠে	না	2
আমার	ফোনটা	2
না	এডমিন	2
প্রিমো	রুট	2
চায়না	ল্যাঙ্গুয়েজ	2
পাবলিশ	করান	2
কাস্টম	টেমপ্লেট	2
লাইট	না	2
চাই	তাই	2
একটা	সিমে	2
হয়নি	অন্য	2
করেন	১	2
১	লাখ	2
কোনো	ব্যাপার	2
করলে	৩	2
কারো	যদি	2
নক	দিতে	2
কানেক্ট	দিয়ে	2
কতবার	বলবো	2
চেয়েও	সহজ	2
সহজ	উপায়	2
সামনে	কোনো	2
অনেক	কোড	2
ডাউনলোড	দিয়েছি	2
করলে	গেম	2
স্টোর	সার্চ	2
৪জি	নিতে	2
হলে	হয়তো	2
নাম্বার	প্লিজ	2
স্ক্রিনশট	এডিট	2
বলা	লাগবে	2
আপনার	ইচ্ছে	2
রেজিস্ট্রেশন	করুন	2
খুব	হেল্পফুল	2
ইনশাআল্লাহ	আমি	2
ভাই	ফেসবুকে	2
দিতে	পারতেছি	2
খরচ	করবে	2
এবং	শেষ	2
শেষ	একটা	2
গেম	কিভাবে	2
সপ্তাহ	আগে	2
ওই	ছাগল	2
তোকে	কে	2
কি	বলেছে	2
আপডেট	দিব	2
বলছি	আপনাকে	2
আপনি	থার্ড	2
বলে	অন্য	2
পারতেন	আর	2
না	লাগতে	2
ম্যাক	অ্যাড্রেস	2
থ্যাংকস	চালিয়ে	2
না	প্লাস	2
যত	কম	2
ট্রিকবিডির	একটা	2
ট্রেইনার	আইডি	2
করে	পড়েছেন	2
বাংলা	ডাবিং	2
ডাবিং	নাই	2
দিয়ে	ডাটা	2
অনলি	এ	2
ফেসবুক	জিমেইল	2
২টার	মধ্যে	2
হুম	কিন্তু	2
তো	গ্রুপ	2
পিক	নাই	2
জাভা	ফোনে	2
জিমেইল	অ্যাকাউন্ট	2
জন্য	আইডি	2
ভালো	উপকার	2
ওয়েবটানেল	দিয়ে	2
ভাই	ক্যাশআউট	2
জন্য	কিন্তু	2
এই	কুপন	2
কিছু	চালাই	2
চালাই	এবং	2
ইউআই	তে	2
ভিডিও	দেখান	2
মড	আছে	2
অফার	টাকায়	2
প্লিজ	রানা	2
ভাইকে	বলুন	2
আজ	কি	2
দিলে	পাবেন	2
২টা	করে	2
ফন্ট	ডাউনলোড	2
ট্রিকবিডিতে	এই	2
এই	এই	2
প্রবলেমে	আছি	2
না	পারছি	2
দিতে	না	2
কিভাবে	আপগ্রেড	2
আইডি	যদি	2
নেই	পেলে	2
এ	গুলা	2
কিছুই	আসলো	2
তার	মৃত্যু	2
যখন	ইউজ	2
করছিলাম	তখন	2
তাহলে	তারা	2
পদক্ষেপ	নিতে	2
জন্য	ট্রিকবিডির	2
থেকে	দিলে	2
লিংক	শর্ট	2
রমের	সাথে	2
করলে	সমস্যা	2
পিএইচপি	দিয়ে	2
দিয়ে	তৈরি	2
তৈরি	তাহলে	2
কিভাবে	এইচটিএমএল	2
সিএসএস	দিয়ে	2
অফ	কেন	2
কেন	দেখায়	2
থেকে	ওয়ার্ডপ্রেস	2
ফ্লাশিফাই	দিয়ে	2
স্ক্রিনশট	দেওয়া	2
ভাই	কিটক্যাট	2
ভাই	পুরাতন	2
সাব	ডোমেইন	2
যত	টা	2
আপনি	কাস্টম	2
টা	সিলেক্ট	2
টি	আপনার	2
ব্রিক	হলে	2
আপ	না	2
কাছে	লিঙ্ক	2
ছোট	তাই	2
এ	লেখার	2
এ	ওইসব	2
কম	হলেও	2
কি	লেটেস্ট	2
যাওয়াই	লাগবে	2
টাকা	নিবে	2
ব্যাপক	বিনোদন	2
ভাইয়া	এইগুলা	2
মাই	প্লিজ	2
মাই	লিংক	2
হুয়াওয়ে	রুট	2
কিভাবে	দিয়ে	2
কোন	প্রক্সি	2
পেস্ট	করলেই	2
ব্লগ	থিম	2
করা	তাই	2
তার	ইনকাম	2
আর	১০	2
দিন	ট্রিক	2
আনলিমিটেড	এর	2
আল	আমিন	2
থেকেই	ট্রিকবিডি	2
করুন	নাহলে	2
আমি	প্লেস্টোর	2
যদি	কাস্টম	2
রোম	রুট	2
জাস্ট	রেফার	2
সল্ভ	করার	2
দিবে	তাকে	2
ফার্স্ট	লিংক	2
তবে	ট্রিকবিডি	2
কোন	কিছুর	2
ভাবলাম	হয়তো	2
করতে	জানি	2
ভয়েস	এসএমএস	2
সব	ইউজ	2
রেট	কেমন	2
না	তোমার	2
অ্যান্ড	পাস	2
করা	থাকবে	2
ওয়েবসাইট	এখন	2
আলাদা	আর	2
স্ক্রিনশট	না	2
ভাই	আসবে	2
আসবে	ইনশাআল্লাহ	2
করতে	কারণ	2
কারণ	১৫	2
১জিবি	শেষ	2
দিলে	বেটার	2
কত	নাম্বার	2
ছোট	গেম	2
গেম	গ্রাফিক্স	2
যাবে	পোকো	2
শপ	এ	2
অ্যাড্রেস	টা	2
দিয়েন	আমার	2
রিডিম	করতে	2
সেটা	করতে	2
ভাইই	আপনার	2
অনেক	লো	2
কেন	একটু	2
আপলোড	করুন	2
অথবা	লিংক	2
রেফারেন্স	নাম্বার	2
নেট	কিভাবে	2
সেটিং	অপশন	2
থাকে	নিউ	2
টা	পাই	2
এ	গ্রুপ	2
টাকা	পাইনি	2
ইউটিউব	কি	2
আমি	এটাই	2
সময়	ইউজ	2
ইউজ	দিস	2
ব্রো	হবে	2
সত্যি	ই	2
আনপাবলিশ	করার	2
ওয়ে	আমার	2
কাছে	খারাপ	2
তো	তোর	2
জানবে	কেমনে	2
বেশি	করা	2
এগুলা	ট্রাই	2
পোলাপান	রে	2
কে	রেস্পেক্ট	2
রেস্পেক্ট	করতে	2
করতে	জানে	2
স্বার্থপর	দের	2
আপনাকে	ফেসবুক	2
কোয়ালিটি	খুব	2
অফ	নাকি	2
এই	পাগল	2
ভাই	আমারটায়	2
অথর	দিন	2
৩৪	টাকায়	2
অ্যাডোবি	ফটোশপ	2
অ্যানিমেশন	গুলা	2
এখন	অথর	2
হতে	গেলে	2
এ	রয়েছে	2
বা	সাইট	2
না	যেটা	2
নিজের	বংশের	2
বিটিসি	এর	2
এর	রেট	2
রেট	অনেক	2
কম	দেয়	2
দিলে	চলবে	2
প্রবলেম	আর	2
সেটা	কিসের	2
বাট	ডিলিট	2
করে	দিয়েছিলাম	2
তাইলে	এ	2
ব্রাউজিং	করতে	2
পারবেন	কোনো	2
১স্ট	টাইম	2
টাইম	কোনো	2
ক্লিয়ার	করা	2
ধরিয়ে	দেয়ার	2
২০	দিন	2
পর	সাইট	2
দেখাতে	পারবেন	2
জন্য	ধন্য	2
ধন্য	বাদ	2
একবার	কাজ	2
নিজের	করে	2
ভাই	ডোন্ট	2
লিংক	দিলেও	2
তো	হত	2
আপনি	কোড	2
করতে	পেরেছি	2
ছাড়া	৭	2
ফোন	অবশ্যই	2
অবশ্যই	রুট	2
করা	থাকতে	2
চান্স	কম	2
নিছি	এখন	2
না	আপনারা	2
নিতে	পারছেন	2
কেমন	অথর	2
মিন	এর	2
মেয়াদ	৩০	2
দিন	বাড়ানো	2
ডেটা	প্যাক	2
দাম	সব	2
তে	১৪	2
১৪	জিবি	2
জিবি	পাইছিলাম	2
২টা	অ্যাপস	2
সময়	দেন	2
জন্য	তার	2
অ্যাডস	সাইট	2
দেখা	লাগে	2
কেউ	আইডি	2
করলে	বলো	2
আমি	বলিনি	2
থ্যাংকস	বার	2
১০০০	এমবি	2
পাইলাম	১০	2
করেন	নেক্সট	2
আগের	ফোন	2
খেলতে	চাইলে	2
করে	ইমেইল	2
নিজের	দেশের	2
করার	মজা	2
ফর	ইয়র	2
ভাইয়া	ব্লগ	2
কি	সম্পূর্ণ	2
ইংরেজি	ব্লগ	2
হয়	প্রায়	2
জন্য	হয়	2
আমাকে	রিপ্লাই	2
ব্র	ফেসবুক	2
আইডিটা	দিন	2
সিস্টেম	কিভাবে	2
তো	এসএমএস	2
এগুলো	কই	2
অ্যাকাউন্ট	দিবেন	2
নেটফ্লিক্স	মোড	2
ফেসবুক	মিনিট	2
নিবো	প্লিজ	2
সুবিধা	দেয়া	2
করে	পাবলিক	2
পাবলিক	কে	2
আমি	পারছিনা	2
টাকা	তুলে	2
হবো	ভাই	2
আওয়াল	ব্রাউজার	2
ভাই	এমটিকে৬৫৮২	2
বিগ	করে	2
করে	দেখাবে	2
করা	দেখা	2
রিকভার	করে	2
কিভাবে	চালানো	2
তাহলে	এটার	2
এটার	দরকার	2
এসে	দেখেন	2
রুট	এক্সপ্লোরার	2
পারবেন	জাস্ট	2
থাকলে	ইনকাম	2
ইনকাম	আরও	2
হলো	এর	2
লিঙ্ক	দিয়েছেন	2
কি	ইন্সটল	2
লাগবে	আবার	2
একবার	ডাউনলোড	2
এখন	দেখলাম	2
জানলে	অবশ্যই	2
রিয়েল	নাম	2
আমার	নামে	2
আপনি	থেকে	2
ব্লকচেইন	এ	2
আশা	এ	2
বাট	শুধু	2
না	লিঙ্ক	2
নতুন	নাকি	2
এইচডি	স্ট্রিমজ	2
পারেন	সব	2
এটা	তোমার	2
রিকভারি	বানাবো	2
পেপাল	ভালো	2
খরচ	কম	2
পাইছি	আর	2
ব্যাক	করে	2
মেসেঞ্জার	ওর	2
পারবো	কিন্তু	2
টু	মেক	2
পেপাল	পাবো	2
আগের	থেকেই	2
দিন	কোথায়	2
গা	তো	2
করছেন	নতুন	2
বোঝার	জন্য	2
কোন	লিমিট	2
নাকি	যত	2
করেন	ইনশাআল্লাহ	2
আর	অফার	2
ডার্ক	ওয়েবে	2
এর	অনলি	2
লেগেছে	তাই	2
ফিঙ্গারপ্রিন্ট	কাজ	2
করে	এমনি	2
সমস্যা	হওয়ার	2
১টি	পোস্ট	2
কিন্তু	পেমেন্ট	2
পুরাই	লোল	2
২টা	লিংক	2
আছে	ওকে	2
অ্যাপ	খুঁজছিলাম	2
এটাতে	হবে	2
যদি	শেয়ার	2
পর	অফ	2
এডিট	কি	2
দিয়ে	করেছেন	2
স্পেশাল	কি	2
একটু	জানাতেন	2
জানাতেন	এই	2
এই	ধরুন	2
ধরুন	আনলিমিটেড	2
কয়েন	ক্যাশ	2
ক্যাশ	বক্স	2
বক্স	কিউ	2
যাবে	সুবিধা	2
বোঝানোর	জন্য	2
নেট	ভালো	2
এগুলো	পাওয়া	2
নাম	এবং	2
আছে	সেটাই	2
ও	বাট	2
অনেক	ফোনে	2
অনেকেই	তো	2
আর	আছে	2
এখানে	বলে	2
মানসম্পন্ন	৩	2
করুন	অ্যান্ড	2
৫জি	প্রসেসর	2
এখানে	এগুলো	2
সামওয়ান	এর	2
হয়ে	কেউ	2
জিবি	পাবেন	2
কি	পারবেন	2
করার	লাগবে	2
করে	রেজিস্ট্রেশন	2
আপনি	চেষ্টা	2
চেষ্টা	করতে	2
বার	চেষ্টা	2
হয়	এরকম	2
দিয়ে	চার্জ	2
পোস্ট	ওই	2
যদি	করেন	2
বেশি	চলে	2
কেউ	কিনবেন	2
কিনবেন	না	2
সময়	বেশি	2
বেশি	দেখায়	2
কিন্তু	রিয়েল	2
তোর	মায়ের	2
ভোদা	চুদি	2
বাংলা	তো	2
নাকি	নাকি	2
নাকি	ভিডিও	2
লাগলে	লাইক	2
ট্রিকবিডি	টিউনার	2
যান	আশা	2
প্রদান	করবে	2
আর	দিচ্ছি	2
নতুন	বাট	2
হলো	কিন্তু	2
এ	চালাতে	2
এটা	তখনই	2
ব্রাইটনেস	কমে	2
কমে	ওনা	2
ওনা	বাড়ে	2
বাড়ে	ওনা	2
নোটিফিকেশন	এ	2
পারি	পোস্ট	2
কুত্তার	মতো	2
ভাল	ব্যবহার	2
আমার	সিমফোনি	2
স্যামসাং	জে৫	2
কোনদিন	দেখি	2
ওয়ে	নাইস	2
কাল	ডাউনলোড	2
কি	প্লে	2
মাদারচোদ	তোর	2
বোন	রে	2
করেন	কিংরুট	2
আর	দয়া	2
দেখে	ফেলছি	2
হচ্ছেনা	তো	2
থ্যাংকইউ	ভাই	2
করুন	এডমিন	2
তে	এসব	2
ধরে	রাখলে	2
নিয়ম	ভঙ্গ	2
এনি	ওয়ে	2
এর	লিংকটা	2
আনলক	করা	2
বিগ	ফাইল	2
ভুয়া	ট্রিক	2
এমটিকে	ড্রয়েড	2
কানেক্ট	হচ্ছেনা	2
ভিডিও	পাওয়া	2
মন্তব্য	করার	2
যারা	এগুলা	2
হুম	আগের	2
শুধু	রিপোর্ট	2
দিচ্ছেন	কেন	2
ফোনের	রিভিউ	2
সহ	এফবি	2
কোনো	কাজে	2
ট্রেইনার	হওয়ার	2
জন্য	লিখতে	2
লিখতে	পারছি	2
থেকে	আইডি	2
আমি	লগ	2
করার	কারনে	2
বাট	তারা	2
রে	কম	2
উপরে	তো	2
তো	উঠে	2
সময়	পাই	2
পাই	তখন	2
রিকভারিতে	ক্লিক	2
করলে	যেগুলান	2
তে	করছি	2
জন্য	বানাতে	2
বাগ	ছাড়া	2
হলে	সাপোর্ট	2
ফোন	টার	2
পাবজি	গেম	2
বিষয়টা	একটু	2
এ	কয়েকবার	2
আমি	আবারো	2
ফায়ার	এ	2
আওয়ার	ব্যাকআপ	2
পরে	নিতে	2
নাইস	রিভিউ	2
মেয়াদ	বাড়াই	2
কিভাবে	সম্ভব	2
হটস্পট	রিজার্ভড	2
করছি	ওই	2
আপনি	রুট	2
পারবেন	অন্য	2
দিয়ে	গুগলে	2
দিবে	কত	2
কে	ট্রিকবিডি	2
মেরে	বের	2
টার	পোস্ট	2
ঘুরে	ঘুরে	2
দিস	না	2
না	অন্যরা	2
সব	বলবো	2
আমাকে	শেয়ার	2
ঠাক	মতো	2
মতো	করার	2
প্লে	হচ্ছে	2
ফোল্ডার	ক্রিয়েট	2
বাট	স্টিল	2
মিয়া	ভাই	2
কার	টা	2
কপি	হবে	2
কপি	হয়না	2
পর্যন্ত	ডাউনলোড	2
৪জি	ইউস	2
কোন	ব্যাপার	2
গুলা	সেল	2
বা	বিকাশ	2
আনার	কোনো	2
করলে	সবার	2
সবাই	জানেনা	2
কী	বলতে	2
উচিত	নয়	2
কল	লিস্ট	2
ভাবে	দেখবো	2
আমি	ফটোশপ	2
চাই	কোথা	2
দেখেছি	বাট	2
অন্য	সফটওয়্যার	2
বছর	থেকে	2
থেকে	আসি	2
তবে	এগুলা	2
সময়	ইউস	2
দিয়ে	বসে	2
অবস্থা	খুব	2
কেন	এরকম	2
গুলা	পড়লে	2
এমটিকে	৬৫৮০	2
আমার	লাগবো	2
সিঙ্গেল	নেম	2
কি	সিমের	2
মুভি	লাগে	2
কিভাবে	হবো	2
টা	দেই	2
বিয়ে	না	2
নিয়ে	যাব	2
আর	তাদের	2
সেটা	হল	2
আমি	টাইম	2
পরীক্ষা	করতে	2
বেশি	ওয়েট	2
করতে	যায়	2
যায়	তারা	2
যদি	ট্রিক	2
তাহলে	তাদের	2
আমার	তেমন	2
কাছে	কিছু	2
ভবিষ্যতে	যাই	2
দিতে	যাব	2
যাই	তাহলে	2
আমি	ইউটিউবে	2
ইউটিউবে	এ	2
গাড়ির	মতো	2
স্পীড	বাড়ানোর	2
ম্যানেজার	ইউস	2
হলো	কাজ	2
কাজ	করতেছি	2
যাক	কি	2
দিলাম	যেটা	2
আর	এড	2
আপনি	সঠিক	2
মোবাইল	ফোন	2
মুভি	দেখে	2
দিয়ে	মুভি	2
পোস্ট	পড়তে	2
পড়তে	পড়তে	2
চালায়	যাও	2
আসলে	ট্রিকবিডি	2
অ্যাড	দিব	2
এক	জিমেল	2
আইডির	সাথে	2
অফ	ক্ল্যানস	2
থেকে	আরেক	2
এ	কনেক্ট	2
দেখে	বলবো	2
এ	পিএম	2
পিএম	করুন	2
দিচ্ছি	আপনাকে	2
আপনাকে	আমার	2
ইন্টারনেট	মাত্র	2
ব্রো	আনরুট	2
ভাইয়া	আজকের	2
আজকের	দিনে	2
দিনে	এর	2
জাভা	নিয়ে	2
কি	ট্রু	2
সেগুলা	দিয়ে	2
পারছিনা	হেল্প	2
আপডেট	করেছে	2
করেছে	তাদের	2
তাদের	কিছু	2
জন্য	অ্যাকাউন্ট	2
পেমেন্ট	পেন্ডিং	2
মধ্যে	পেয়ে	2
থাকা	সত্ত্বেও	2
ভালো	পেইড	2
পেইড	কোনো	2
নয়তো	আপনি	2
করেন	সেটা	2
করছি	২	2
অনেক	মোবাইল	2
দিতে	হয়েছিল	2
যারা	এটা	2
অনলাইন	অ্যাপস	2
আপনি	বলতে	2
দেখায়	এটা	2
এন	এ	2
হলে	গুগল	2
করা	বিভিন্ন	2
বিভিন্ন	নাম	2
শেয়ার	করছে	2
স্পিড	ডাউনলোড	2
ভাইয়া	এমন	2
শুধু	একজনের	2
করবো	অন্য	2
জন্য	বড়	2
হয়	কারণ	2
দেখার	মতো	2
তে	প্লিজ	2
দেখবেন	থ্যাংকস	2
পোস্ট	আই	2
চুজ	করো	2
এক্সচেঞ্জ	করার	2
পাস	ভুল	2
এরর	আসবে	2
লেখার	টাইম	2
থেকে	বাঁচার	2
দিয়ে	ছবি	2
আবার	হচ্ছে	2
ব্রো	একবার	2
করি	পেয়ে	2
আপ	করে	2
১৮	টাকায়	2
তা	নাই	2
এই	টপিক	2
টপিক	এ	2
হয়	এগুলা	2
এ	দিবে	2
জাভা	মোবাইলের	2
কি	করতাম	2
কি	এডিটর	2
ভিজিট	নাউ	2
সব	বুঝ	2
বুঝ	তে	2
আমাকে	আমি	2
বিটকয়েন	সেল	2
কাস্টমার	কেয়ারে	2
ফোনে	টাকা	2
পোস্ট	ভিডিও	2
মনে	টা	2
ভুয়া	অ্যাপ	2
পোস্ট	অফার	2
যদি	পয়েন্ট	2
প্রোফাইল	দেখেন	2
সবাই	পেতে	2
পোস্ট	যখন	2
ইউর	নাইস	2
ভালো	জানেন	2
বিস্তারিত	তো	2
তো	উপরের	2
সং	কি	2
বুঝো	নাই	2
যারা	কপি	2
হেল্প	ইউ	2
আপলোড	দিলাম	2
বাট	প্রোফাইল	2
এ	চলবেনা	2
কয়টা	সিম	2
গভর্নমেন্ট	কলেজ	2
করেন	এমবি	2
ও	উঠবে	2
না	অর	2
দিন	বাই	2
পাবলিশ	হয়েছে	2
ইনভেস্ট	করেন	2
পাসওয়ার্ড	দিন	2
আপনাকে	কয়েন	2
কয়েন	গুলো	2
টেলিগ্রাম	নাই	2
ভুল	দেখাচ্ছে	2
হুমম	বাট	2
নিয়ে	আজকাল	2
আজকাল	পোস্ট	2
ওয়াইফাই	আর	2
কোড	না	2
জমা	দেওয়ার	2
দেওয়ার	ডেট	2
ডেট	শেষ	2
ওয়িক	এর	2
একটা	প্রিমিয়াম	2
অ্যাকাউন্ট	দেন	2
ডলার	আছে	2
করতে	চাইলাম	2
নেই	এখন	2
ব্রো	তো	2
ট্রিক	ইউজ	2
এক	সাইট	2
সুপারসু	জিপ	2
টাকা	তো	2
করা	আপনি	2
ক্রিয়েট	করবেন	2
করবেন	তাও	2
নাম্বার	রুল	2
ডায়াল	করবো	2
মানে	নাম্বার	2
প্রেস	করবো	2
আমার	কোড	2
ভাই	ভিডমেট	2
ভিডমেট	দিয়ে	2
দিলে	স্পিড	2
করতে	চাইছিলাম	2
হওয়ার	কি	2
ভেরিফিকেশন	এ	2
থ্যাংকস	পেমেন্ট	2
ও	অফার	2
তুলে	ধরো	2
কিন্তু	নাই	2
আসসা	ভাইয়া	2
ডিজিটাল	মার্কেটিং	2
মার্কেটিং	এর	2
টপ	এ	2
৯	এ	2
ক্যাপচা	কি	2
ফুটার	ওয়াটারমার্ক	2
মতো	নোটিফিকেশন	2
ডাউনলোড	শুরু	2
দেখে	বুঝবো	2
বুঝবো	প্লিজ	2
দিয়ে	অ্যাপস	2
সেকেন্ড	ওয়েট	2
ওয়েট	করবেন	2
৩	ডেয়েস	2
পরে	পয়েন্ট	2
না	থ্যাংক	2
অফারটা	পাবো	2
গ্লু	ওয়াল	2
থেকে	১২১	2
১২১	এ	2
অপারেটর	এর	2
করতে	ভাই	2
নিয়ে	করতে	2
বাংলা	মুভি	2
করতে	জানেন	2
রিপোর্ট	করলে	2
অ্যাপ	থ্যাংকস	2
এরকম	আসে	2
ভাই	কন্ট্রিবিউটর	2
ভাই	গুগলে	2
রিপোর্ট	করেছি	2
করেছি	আশা	2
গেছি	আর	2
মিয়া	ফাজলামি	2
গুড	তবে	2
লিখতে	চাই	2
কতক্ষণ	লাগে	2
আরও	আছে	2
সাপোর্ট	আমি	2
ডিএনএস	চেঞ্জার	2
পারলে	দিব	2
কি	ভাল	2
জিনিস	বলেন	2
মনে	আপনার	2
ব্রো	আইডিএম	2
আইডিএম	এর	2
করলা	কেন	2
পরে	তাই	2
করেছি	নো	2
জব	করেন	2
দিচ্ছি	ট্রিকবিডি	2
টিউনার	আপনার	2
রেফার	বানানো	2
অনেক	অন্য	2
দের	রেফার	2
থেকে	অর্ডার	2
কেম্নে	করমু	2
এইছ	এম	2
আমার	লিঙ্ক	2
করতে	ঝামেলা	2
আ	চলে	2
নিবে	আর	2
টি	বন্ধ	2
ভাইয়া	এইবার	2
পি	ডি	2
এস	ডি	2
হইছে	থাঙ্কস	2
ইউসার	ব্যাক	2
এ	ভাল	2
ভাল	তো	2
গুলো	পাবলিশ	2
যেটা	বলবে	2
পেজ	করা	2
সিরিয়াসলি	কার	2
কার	পোস্ট	2
আপনার	টিউটোরিয়াল	2
কিসের	ওয়ার্নিং	2
জি	সিম	2
জানানর	জন্য	2
রেজিস্টার	করে	2
মিন	এই	2
হাই	তে	2
৪কে	ওয়াচ	2
গুড	এটা	2
বার	লিমিট	2
ধন্যবাদ	কাজ	2
কাজ	সব	2
সব	দেয়া	2
মনিটাইজেশন	অন	2
ক্যাশ	থেকে	2
এ	নিব	2
আন	রুট	2
আমি	স্পীড	2
এইগুলা	করে	2
৪৫	মিনিট	2
লাইক	দেন	2
আইরিস	৬০৫	2
৬০৫	এর	2
মিউই	এর	2
রুম	দিতে	2
আমি	দিব	2
বল	আমি	2
করে	তারাই	2
সাথে	উইথড্র	2
উইথড্র	করে	2
দিয়ে	টা	2
তে	যান	2
তাই	কাস্টম	2
আমি	যাদের	2
ফলো	করছি	2
আপনি	১	2
জিবি	ইউজ	2
মানে	টাকা	2
১২৯	টাকায়	2
দেখছি	ভাই	2
বাট	টাইটেল	2
হেড	ফোন	2
এয়ার	ফোন	2
এ	ভলিউম	2
বাটন	নষ্ট	2
থেকে	ভলিউম	2
ভি৩২	রিকভারি	2
থ্যাংকস	ভেরি	2
ভেরি	মাছ	2
রিসেট	দিলেই	2
একি	সমস্যা	2
না	ইউ	2
করার	টাইম	2
সময়	পাসওয়ার্ড	2
ম্যাচ	এ	2
পাসওয়ার্ড	না	2
থাকলে	হ্যাক	2
পারলে	ভাল	2
কোন	কি	2
কি	অ্যাকাউন্ট	2
রা	পোস্ট	2
আর	আরেকটা	2
আরেকটা	তে	2
যাদের	আইডি	2
পারবে	একজন	2
সাপোর্ট	করলে	2
কলেজ	এর	2
টাকা	ফি	2
ফি	দিতে	2
শুধু	একবার	2
টাকা	অর	2
এইটা	অ্যাড	2
করেন	ডিরেক্ট	2
যেকোনো	জায়গা	2
তো	কষ্ট	2
কইরা	নিয়েন	2
নিয়েন	ভাই	2
ক্লোন	করলে	2
এ	বললেন	2
মেন	কপি	2
কপি	হলে	2
ফিরত	দিবে	2
এসএসসি	সার্টিফিকেট	2
দিয়ে	ফ্রেশ	2
বোর্ড	থেকে	2
মত	ছোট	2
রেম	আর	2
অ্যাডাপটার	কানেক্ট	2
সি	ডি	2
কম	মানুষই	2
সাপোর্টেড	না	2
সুপার	রক্স	2
বছর	আগেই	2
ইচ্ছা	করেনা	2
বলব	আপনার	2
খন	পরে	2
কোন	চার্জ	2
চার্জ	কাটবে	2
বোধ	হয়	2
পাস	দেই	2
আনলক	হয়	2
আনলক	নিয়ে	2
লিঙ্ক	ডাউনলোড	2
নাও	ক্লিক	2
দিতেন	প্লিজ	2
ফর	রিপ্লে	2
করব	আমার	2
এক	প্রব্লেম	2
প্রব্লেম	দেখা	2
গুলা	মুভি	2
আগেই	খেলছি	2
তো	রিচার্জ	2
অপশন	ও	2
সব	রকম	2
কয়টা	এপ	2
এপ	বানাবো	2
নিউ	টাই	2
চালাতে	পারিনি	2
দেখায়	আপনার	2
সব	মিথ্যা	2
ইউটউব	এ	2
এন্ড	৬৪	2
আপনি	সিস্টেম	2
৮	প্রো	2
হবে	কবে	2
না	তুই	2
চিনস	আমি	2
কিভাবে	গুগল	2
এবার	ট্রাই	2
ব্রো	কোড	2
পেস্ট	করা	2
করা	ইম্পসিবল	2
যাতে	ভিসিটর	2
করসে	নাকি	2
আছে	ইনভেস্ট	2
ওই	ভালো	2
জন্য	সেই	2
রা	সব	2
এপ্প্রুভ	করে	2
সিম	নেই	2
গড	মোড	2
করতে	বললো	2
কাজ	টাই	2
জিবি	আপলোড	2
আপলোড	দেয়ার	2
টাকা	দেবো	2
হলো	সিম্ফনি	2
ভি	৪৯	2
অথর	হওয়ায়	2
লাভ	আছে	2
ইউসার	তোমার	2
কল	বা	2
সার্চ	দিছিলাম	2
পিসি	তো	2
এসব	কপিরাইট	2
কপিরাইট	দরবে	2
দরবে	আমি	2
কিছু	প্রতিবন্ধী	2
প্রতিবন্ধী	আমি	2
করবো	কষ্ট	2
৫০	জন	2
ভিতরে	কিছু	2
লিনাক্স	নিয়ে	2
মোডিফাই	করার	2
প্যাক	কিনছি	2
কিনছি	তাও	2
বাড়ে	নাই	2
কোথায়	করতে	2
দিতে	লেট	2
ট্রান্সলেট	ইউস	2
কেমনে	ব্রো	2
ধরে	খুজছিলাম	2
যে	বলছেন	2
রুট	নাহ	2
দিবেন	পিক	2
২০এমবি	ফ্রি	2
প্যাক	চালু	2
ভাই	ভেরি	2
লক	ভুলে	2
একটা	লক	2
একটা	ফেক	2
তা	দিলেন	2
এ	ইংলিশ	2
এখানে	১	2
করা	কঠিন	2
এদের	কে	2
লিখে	দিছি	2
আসে	তাহলে	2
মতো	হচ্ছে	2
রে	দিলে	2
ডলার	দিবে	2
রিভিউ	লেখার	2
জানি	সেটা	2
মানি	না	2
অনেক	রেফার	2
হইছে	প্লিজ	2
গুলা	না	2
না	সেই	2
৪	সেট	2
দেওয়া	দরকার	2
তে	আজ	2
নাই	তা	2
আজ	দেখলাম	2
ভাইয়া	ওটা	2
ওটা	আপনার	2
কপি	আর	2
নিজের	এপ	2
আইকন	এর	2
এপ	লাগবে	2
পিকেজি	ইনস্টল	2
৯	তা	2
আবার	ভাব	2
এন্ড্রোইড	ফাইল	2
ফাইল	টাই	2
কে	৯	2
করতে	পারতেসেনা	2
ই	গিয়ে	2
কিন্তু	প্রবলেম	2
পোস্ট	টাই	2
খুঁজতে	হবে	2
যে	৩	2
গুলো	পেমেন্ট	2
টাইপ	মেশিন	2
পর	২	2
জি	ক্লিয়ার	2
৩	জি	2
এখন	কপি	2
করে	রাখসি	2
ইউসার	আমি	2
পুরা	পোস্ট	2
মাঝে	মাঝেই	2
কিছু	পাইলাম	2
পাইলাম	নাহ	2
দিলে	নট	2
কিছুদিন	অপেক্ষা	2
তো	দেখেন	2
টার	পরেও	2
বসে	থাকবো	2
ভাই	ইসলামিক	2
নিউ	রেজিস্ট্রেশন	2
করতে	চাইনা	2
টেলিগ্রাম	একাউন্ট	2
আমিতো	অনেক	2
থেকে	একাউন্ট	2
এপস	ইউজ	2
কিভাবে	পিক	2
এর	ওয়ে	2
আমার	নেক্সট	2
এর	ওয়েট	2
টিপিলিংক	হ্যাক	2
হ্যাক	করেছি	2
একটা	অপসন	2
কাজ	হতে	2
বিকজ	আই	2
ফুটবল	এর	2
আপনার	সেট	2
৫০	কে	2
স্পিন	করতে	2
ডে	৫	2
কি	এডু	2
ওহ	ব্রো	2
অভাবে	পোস্ট	2
নিচের	লিংক	2
আর	দেখেন	2
গালাগালি	কেন	2
পেলে	দিবো	2
যায়না	কেনো	2
এপ	গুলা	2
ওখানে	ওখানে	2
পয়েন্ট	পেতে	2
একটু	বইলেন	2
রুট	থাকা	2
জন্য	সাইট	2
নেক্সট	আপডেট	2
১	নং	2
ভ্রমণ	কেবল	2
তিনি	ভবিষ্যতে	2
ভবিষ্যতে	চলে	2
চলে	গেছিলেন	2
গেছিলেন	যার	2
কারণে	জাহান্নামের	2
জাহান্নামের	শাস্তি	2
শাস্তি	জানতে	2
জানতে	এক	2
এক	সাহাবার	2
সাহাবার	পায়ের	2
আওয়াজ	শুনতে	2
সূরা	আস	2
আস	সূরা	2
সূরা	আয়াত	2
২৯	সেখানে	2
তায়ালা	আমাদের	2
আমাদের	পর	2
পর	পারহাপ্স	2
পারহাপ্স	আরো	2
আরো	জাতি	2
করবেন	কিংবা	2
কিংবা	করে	2
করে	রেখেছেন	2
রেখেছেন	যারা	2
যারা	হয়তো	2
হয়তো	আমাদের	2
খেলবো	কেমনে	2
ব্রো	নোট	2
এক্সচেঞ্জ	করা	2
মতো	লিংক	2
ছিলেন	নাকি	2
টপ	১০	2
১০	জনের	2
ভালো	পরিমান	2
আগে	খেলে	2
কাছে	এ	2
এ	বেপারে	2
টিপস	থাকলে	2
অনেক	বেড়ে	2
ফ্ল্যাশ	দিছি	2
আরো	জানতে	2
আইডি	থাকলে	2
হোয়াটস্যাপ	নাম্বার	2
রিপোর্ট	করবা	2
একটু	একটু	2
যে	কাস্টম	2
প্রো	এপস	2
লক্ষ্য	করেন	2
যে	জিমেইল	2
এ	কার্ড	2
করেন	আরে	2
পেমেন্ট	আনসাকসেসফুল	2
পারলে	ওই	2
তবে	ফোন	2
সুবিধা	পাবেন	2
জিপ	এ	2
তো	একবারে	2
পাবেন	কিন্তু	2
তাইলে	প্লিজ	2
মেসেজ	এফবি	2
দিছেন	আমি	2
এ	আনলিমিটেড	2
আনরুট	মোবাইল	2
৫৬	টাকা	2
পারেন	ভালো	2
আপনিও	পোস্ট	2
শিখতে	পারবো	2
ধরতে	না	2
মানি	ট্রান্সফার	2
কেমন	ব্রো	2
এখন	আইপি	2
হবেই	ব্রো	2
আজ	পেমেন্ট	2
পোস্ট	পইড়া	2
জিমেইল	মেক	2
কোনো	কাজেই	2
কাজেই	আসবে	2
দেখুন	আশা	2
করি	কাজে	2
না	হবে	2
কেন	থ্যাংকস	2
সরি	পোস্ট	2
পর	এডিট	2
জন্মের	ঠিক	2
কইলাম	না	2
তো	একবারও	2
যাবে	ভালো	2
বলা	থেকে	2
করতে	হয়নি	2
নাম্বার	দিলেও	2
দেখুন	অন্য	2
ভাইয়া	আসলে	2
এগুলা	হয়	2
আগেই	পাইসি	2
চেক	করি	2
হাজার	এর	2
না	অন্যদের	2
আবাল	পোলা	2
আপনা	কে	2
কে	এফবি	2
হবে	সেখানে	2
পাবেন	নেমচিপ	2
দেন	কাস্টম	2
তাহলে	মোবাইল	2
অ্যাড	বসানো	2
এনসার	দিতে	2
তে	নেট	2
ইনশাল্লাহ	আবার	2
টা	আমরা	2
আমরা	চাই	2
লিংক	দিসোস	2
একটু	জটিল	2
কথা	বুঝলাম	2
এর	অপসন	2
অপসন	তো	2
নাই	ই	2
ই	মানুষ	2
থেকে	এক্সিট	2
এক্সিট	করলেই	2
পিকচার	কোয়ালিটি	2
কোয়ালিটি	কি	2
তো	সেটাই	2
পোস্ট	করসোস	2
আর	আবোল	2
স্পিন	করলে	2
তাহলে	আপনে	2
নেট	চালু	2
৯৮	টাকা	2
পাবো	এটা	2
হলে	অথর	2
একাউন্ট	ব্যান্ড	2
তো	বিটকয়েন	2
বিটকয়েন	কি	2
আমি	কিনি	2
বাট	রেট	2
করসে	কে	2
কে	জানেনা	2
১৫	জিবি	2
ভাবে	পাইলেন	2
পারবো	কন্টাক্ট	2
প্রসেস	প্লিজ	2
স্ন্যাপড্রাগন	৪৩৯	2
৪৩৯	১২	2
কেন	বুঝি	2
৭৫	এমবি	2
ফন	নাম্বার	2
সবার	ফ্রি	2
এখন	ইউস	2
করসেন	কাজ	2
সাইট	তৈরী	2
এ	সেফ	2
এই	গেমস	2
টি	পাবো	2
ইওর	ফ্রিডম	2
রেসিডেন্সিয়াল	আইপি	2
অফার	পাবেন	2
এখনো	এপ্প্রুভ	2
৭	বার	2
বার	দেখছি	2
কেও	একটু	2
এক্সপার্টরা	প্লিজ	2
গেম	সাইজ	2
এন্ড্রোইড	এপ	2
থেকে	দেখুন	2
ব্রো	হইসে	2
তো	পেজ	2
ওয়েট	থ্যাংকস	2
যদি	মোবাইল	2
তারপর	পিসি	2
কারো	কথায়	2
ইওর	ইনফরমেশন	2
ফুল	ইনফো	2
সিঙ্গেল	করে	2
না	২	2
টেলিগ্রাম	এর	2
আছে	জাস্ট	2
ভাই	পেজা	2
পোস্টে	তো	2
তো	বলে	2
ঢুকতেসে	না	2
কেমনে	হইলো	2
বা	যেকোনো	2
গুগল	কম	2
শেষ	সব	2
এটা	ফন	2
নিজেকে	অনেক	2
আপনে	নিজেই	2
মতো	এটা	2
করে	করতে	2
হয়	জানা	2
ভাবে	আপনি	2
আপনি	ইউস	2
প্রব	এটা	2
হাসির	কি	2
ইউসার	নেম	2
ইনবক্স	করসি	2
অল	এপস	2
এপস	ডাউনলোড	2
অনেক	পেইড	2
সং	করতে	2
হওয়া	উচিত	2
না	স্কাই	2
ওটা	তে	2
প্রব্লেম	না	2
ইনশাআল্লাহ	হবে	2
করে	অযথা	2
অযথা	এমবি	2
ট্রুকলার	বট	2
টা	সিম্ফনি	2
ইমেজ	দরকার	2
হবে	প্লিস	2
ইউ	অনেক	2
ধরে	খুঁজতে	2
ক্র্যাক	ফাইল	2
সিস্টেম	ফলো	2
না	হচ্ছে	2
টা	নামিয়ে	2
যাইতো	না	2
পর	ই	2
ডিসকানেক্টেড	হয়	2
করতে	পাসওয়ার্ড	2
জন্য	পারেন	2
দিন	প্লিজজজ	2
আরো	জিনিস	2
জিনিস	আসে	2
পেলে	আপনাকে	2
বিল্ড	নাম্বার	2
ব্যাক	এ	2
এ	পেস্ট	2
কেনো	কাজ	2
অনেক	বাট	2
বাট	টাইম	2
গুলা	ও	2
করে	তাও	2
মুভি	দেখেন	2
২৫০০	এর	2
ভিতরে	কোন	2
আল্লাহ	আপনার	2
আপনার	সহায়	2
ট্রিকবিডি	কোন	2
এড	নেটওয়ার্ক	2
মিয়া	দেয়না	2
হয়না	একটু	2
কেও	দিতে	2
পোস্ট	কইবার	2
কয়েকটা	ভিডিও	2
অফ	হবেই	2
আমাকে	ওয়াল্টন	2
ভিপিএন	নাকি	2
দরকার	আসে	2
ফ্রি	চালান	2
স্যামসাঙ	জে২	2
দেন	ইনস্টল	2
ওয়াপকিজ	এর	2
ডাউনলোড	টা	2
কী	রে	2
থ্যাংক্স	এ	2
কিন্তু	এগুলো	2
টি	আপলোড	2
একটা	ফিক্স	2
ফিক্স	দেন	2
দেন	রাইজেন	2
আরো	আশা	2
ওয়েট	করতাসি	2
তো	১২	2
এক্সপায়ার	হইয়া	2
ও	থ্যাংক্স	2
ঠিক	হইসে	2
করার	অপসন	2
ভি	বি	2
এইটা	কোন	2
বুঝে	আসেনা	2
ভিডিও	প্লেয়ার	2
দিতে	ভাই	2
হ্যাক	হওয়া	2
ফোন	বা	2
দেরি	হয়	2
অটো	ক্লিকার	2
ভাই	হলে	2
করার	রিকোয়েস্ট	2
হয়ে	যাও	2
ওয়েব	আসে	2
উপায়	নিয়ে	2
১১	দিন	2
হয়তো	তাই	2
ই	করতে	2
ওপেন	করসি	2
মাইনিং	এর	2
যান	ব্রো	2
নি	কত	2
পারে	ভাই	2
দরকার	থাকলে	2
ক্রোম	ব্রাউসার	2
ডেস্কটপ	ভার্সন	2
ওকে	দেন	2
বাট	ট্রিক	2
যাবে	বাংলালিংক	2
আসেন	একটু	2
ইউটিউব	এই	2
বানাতে	সাহায্য	2
হ্যাক	করসে	2
করসে	সে	2
লেটেস্ট	উপায়	2
সফ্ট	টা	2
তারা	আপনাকে	2
কীবোর্ড	ইস	2
যার	এই	2
সাথে	কিসু	2
এইটার	কি	2
তাই	আপডেট	2
স্ক্রিনশট	দেয়ার	2
দেয়ার	কারণে	2
করে	হয়েছে	2
হয়েছে	টা	2
ভালো	হলো	2
লাগে	এর	2
এ	লাগবে	2
একটা	জিপি	2
ই	পাইলাম	2
করতে	শিখুন	2
করার	আগ্রহ	2
কি	ট্রান্সফার	2
আমার	কীবোর্ড	2
কথা	বুঝা	2
থেকে	ভিসিটর	2
ভিতরে	গিয়ে	2
মেগা	এপ	2
ফ্রি	চালানোর	2
পাইলে	অনেক	2
খেয়ে	এই	2
টাইম	শুরু	2
আপনার	১০	2
আসলো	আমার	2
৫	মিন	2
আইডি	লক	2
বুঝতেসি	না	2
আমি	যথা	2
পেপাল	খুলে	2
পোস্টের	মধ্যে	2
অনুযায়ী	২টা	2
বাল	হয়	2
হয়	ঠিক	2
আমার	প্রাইম	2
ভার্সন	দরকার	2
কমেন্ট	মডারেশন	2
কি	এপ	2
অন্য	সকল	2
টাই	ডাউনলোড	2
উচ্চারণ	করে	2
অন্য	দিকে	2
এমসিকিউ	খারাপ	2
এপ	ডেভেলপার	2
জাস্ট	ফান	2
ফন	এ	2
হচ্ছেই	না	2
নোকিয়া	সিমবিয়ান	2
সিমবিয়ান	ফোন	2
ফোন	দিয়া	2
দিয়া	এক	2
কোন	মডেল	2
এ	ইউটিউব	2
ভাই	এরর	2
পাস	টা	2
মিন	এ	2
স্ক্রিনশট	নিয়ে	2
কমেন্ট	ট্রিকবিডি	2
এন্ড	কোনো	2
থাকেন	তাইলে	2
ওই	টাতে	2
হেল্প	সেট	2
হেল্প	পোস্ট	2
করলেও	কেউ	2
রিপ্লায়	দেয়	2
আমার	নিজস্ব	2
ওয়েবসাইট	নেই	2
এখনো	পাইনাই	2
ওকে	এফবি	2
তে	রিকু	2
কত	জিবি	2
ওয়েলকাম	ভাইয়া	2
বুঝে	পোস্ট	2
নিউ	সিম	2
হবে	লাক	2
টিজি	তে	2
সরি	খেয়াল	2
খেয়াল	করিনি	2
পর	সেভ	2
করছি	তা	2
মজা	লন	2
হইল	কেমনে	2
আবার	এইটা	2
কাজের	এপ	2
রবি	থেকে	2
সেল	করার	2
হয়	জানেন	2
গুছিয়ে	লিখুন	2
ভাই	ছবি	2
ভিডিও	ডেসক্রিপশন	2
ডেসক্রিপশন	বক্স	2
এ	ইউসার	2
আপনি	ড্রাইভ	2
না	অল্প	2
অল্প	একটু	2
কে	আবার	2
আর	রোম	2
এপ	কোম্পানি	2
ধরে	নিয়ে	2
না	তেমন	2
ভাই	সার্ভে	2
আমার	ডাটা	2
স্ক্রিন	অফ	2
দিলে	ও	2
যাই	করেন	2
সেন্ড	হয়	2
আর	সল্যুশন	2
কিভাবে	মোবাইল	2
এ	গেমস	2
দেই	তাইলে	2
করে	এপ	2
ওই	একাউন্ট	2
নাকি	চেঞ্জ	2
এর	ব্যালান্স	2
আমার	রেফাররাল	2
কোড	এইটা	2
অর	হাই	2
পোর্ট	চেঞ্জ	2
পোর্ট	তে	2
এইটা	কনফার্ম	2
কিছু	এপ	2
সাপোর্ট	করানো	2
করানো	যাবে	2
পিসি	দেয়া	2
নিজে	ঠিক	2
বিষয়	আরো	2
অথর	যে	2
লাগবে	তাইলে	2
শুধু	কোড	2
কোড	লাগলে	2
এসএমএস	দিয়েন	2
অস্থির	ছিল	2
যখন	সিম	2
তখন	মনে	2
হবে	ফ্রি	2
নেট	কেন	2
ক্রেডিট	পাইলাম	2
ঠিক	থাকবে	2
গুলো	আপনার	2
দের	থেকে	2
শিখে	নিতে	2
ট্রিকবিডি	চলে	2
ফ্রি	এর	2
তাও	অথর	2
ডিকমপ্রেসেড	করবো	2
গ্রপ	এ	2
মিয়া	এই	2
কিসুই	না	2
আউল	ফাউল	2
অফার	নিয়ে	2
কইরা	ট্রিকবিডি	2
এর	হোস্ট	2
ভাই	হইছে	2
২৯	এমবি	2
কপি	মারসে	2
করেন	ইউসার	2
থাকলে	ও	2
ও	পাবেন	2
পাবেন	ট্রাই	2
একটু	চিন্তা	2
গ্রাফিক্স	এর	2
এতো	সহজ	2
সহজ	না	2
আমার	ফাইল	2
সাইটের	ইউআরএল	2
থেকে	দেওয়া	2
হতে	থাকলে	2
কয়দিন	হইসে	2
তে	১	2
জেনে	রাখেন	2
কাজ	চলতেসে	2
হইলে	আমি	2
ট্রিক	পাইলে	2
ফর	বাংলা	2
নিউস	পেপার	2
শুধু	নাম্বার	2
নোকিয়া	৫	2
বেশি	দেখা	2
আইডি	হয়	2
হওয়ার	কিছু	2
নিয়ে	আমাকে	2
কাছে	কপি	2
ভাই	ঐটা	2
০	দেখায়	2
এখানে	আইডি	2
আইডি	খুলুন	2
বিট	ওয়ালেট	2
ওয়ালেট	এটা	2
জমা	রাখবেন	2
রাখবেন	এটা	2
১টা	এড্রেস	2
করবে	বলেন	2
জাভা	ক্যাটাগরি	2
পিসি	টা	2
টা	চলবে	2
অন	৯	2
অনেক	আগায়	2
হাহাহা	ঠিক	2
নিছি	মেয়াদ	2
থেকে	কাস্টম	2
তোমার	রেফার	2
কারণে	সেই	2
টা	ফুল	2
ফুল	দেখেন	2
লিংক	দিলো	2
হম	ভাইয়া	2
বাট	আজকে	2
না	দিস	2
ফাস্ট	কমেন্ট	2
কমেন্ট	অন	2
ট্রিকবিডি	কম	2
কে	এসএমএস	2
ছিল	ফোন	2
উপরে	যে	2
সেইটা	একটু	2
ফ্ল্যাশ	করসি	2
এটার	সল্যুশন	2
জিবি	এফবি	2
প্যাক	নিতে	2
প্রতি	পোস্ট	2
টাকা	দেয়া	2
ব্রাদার	ইউসার	2
লিখে	দিলেন	2
রিস্টোর	দিসিলেন	2
করলে	ডেইলি	2
আসছে	কি	2
কিভাবে	১	2
সেটা	বাদ	2
স্যান্ডবক্স	এ	2
আপনার	বানান	2
বাদ	দিন	2
ইনস্টল	করেছি	2
স্পিড	৮০০	2
প্রক্সি	সেটিং	2
করিস	কুত্তা	2
ইমেজ	কিভাবে	2
জিপি	বাংলালিংক	2
বাংলালিংক	রবি	2
তে	রিচার্জ	2
রিচার্জ	এর	2
বুজতাসি	না	2
স্পিড	দেখে	2
শিহরিত	সর্বোচ্চ	2
সর্বোচ্চ	৫৫৭	2
৫৫৭	কেবিপিএস	2
মুভি	লিংক	2
ঢুকতে	পারতেসি	2
খন	লাগবে	2
আলাদা	কি	2
রেফারাল	সিস্টেম	2
বিটকোয়েন	এ	2
কতক্ষন	লাগবে	2
ছাড়া	একাউন্ট	2
কপি	করসি	2
মেসেজ	করলে	2
জিমেইল	কি	2
ওয়াইফাই	পাস	2
করার	মেথড	2
কোনো	মেথড	2
আপ	ডাউন	2
ডাউন	হয়	2
হয়	সাথেই	2
মেমরি	থেকে	2
টি	একটু	2
কোনো	ভাই	2
কনফার্ম	করলে	2
প্রব্লেম	হয়েছে	2
ইয়েস	ভাই	2
কিভাবে	অনলাইন	2
হয়েসে	ভাই	2
থেকে	ফেক	2
করে	পিক্সারট	2
পিক্সারট	দিয়ে	2
ভুল	তথ্য	2
অন্য	জিনিস	2
কোনো	প্রজেক্ট	2
সেম	জিনিস	2
যাদের	চলে	2
লিংক	গেসে	2
ভাই	পাফিন	2
পাফিন	দিয়ে	2
ওয়ার্কিং	একটা	2
এইচটিএমএল	ফাইল	2
ডোমেইন	হোস্টিং	2
এক্সট্রা	একটা	2
ডোমইন	হোস্টিং	2
ফর	রিভিউ	2
মেইন	ব্যালান্স	2
গান	এর	2
বানাইতে	পারবো	2
বেপার	এ	2
আর	ঝামেলা	2
দিয়ে	স্ক্রিন	2
বোঝা	যায়না	2
চেয়ে	বেস্ট	2
শাওমি	এ১	2
ট্রিকবিডি	টায়	2
বুক	থেকে	2
চান	সেই	2
প্যাক	নিয়ে	2
দেখেন	এফবি	2
আর	আসবে	2
ভাই	উপরে	2
উপরে	দেখেন	2
ভাইয়া	আর্নিং	2
আপডেট	হইসে	2
থাকতেন	না	2
সব	চেক	2
দেওয়া	হইসে	2
প্রুফ	ও	2
ও	দেওয়া	2
গ্রুপ	এড	2
করলাম	ওই	2
হাহাহা	এই	2
শো	করার	2
খেলবো	না	2
গেম	টাই	2
কিছুই	শিখতে	2
এখন	গুগল	2
শর্ট	লিংক	2
করি	সেখানে	2
পরে	কিন্তু	2
ইনকাম	ও	2
অন্য	একাউন্ট	2
বললে	লিংক	2
শুধু	আপনাকে	2
লিংক	পরে	2
উইন	জিটি	2
এর	স্টক	2
স্টক	ফার্মওয়্যার	2
ক্যামেরা	ওপেন	2
জানালে	খুব	2
পার্ট	০২	2
ওয়ালেট	খুলতে	2
দিয়ে	খুলেছেন	2
বা	এফবি	2
এর	বিজ্ঞাপন	2
ফাস্ট	হবে	2
মোড	লিংক	2
টা	হওয়ার	2
এর	ডিফল্ট	2
এপিকে	লেটেস্ট	2
ইউসি	হ্যান্ডেলার	2
সফটওয়ার	আছে	2
সেটিং	নাই	2
হোক	ভাই	2
মনে	কিছু	2
কিছু	নিয়েন	2
চাই	তার	2
ব্লক	দেওয়া	2
এখন	ফেইসবুক	2
করতে	পারসে	2
আর	আপনাকে	2
বিস্তারিত	বলেন	2
বলসেন	ঠিক	2
তেমন	কাজ	2
দেখেন	সার্ভার	2
হা	পারবেন	2
তারিখ	এর	2
আইডি	ওরা	2
কারণ	ওরা	2
জানে	পোস্ট	2
নিয়ম	কারণ	2
আমরা	নতুন	2
কোনো	সুযোগ	2
নতুন	আর	2
টা	৫	2
ভাইয়া	কষ্ট	2
ততবার	ই	2
মতোই	কাজ	2
ভাই	মেনি	2
বেন	হবে	2
মানে	ওই	2
এ	যেন	2
যেন	আর	2
ড্রাইভ	ফাইল	2
করেছে	আর	2
ওয়াইফাই	কি	2
রুট	থাকে	2
ইগনোর	করতে	2
এসব	এপ	2
হচ্ছে	তারপর	2
করতে	পারসেন	2
তাদের	বলসি	2
অক্টোবর	মাসের	2
ভাবে	অ্যাড	2
ট্রিকস	গুলা	2
পেমেন্ট	নেওয়ার	2
রুট	আইরুট	2
আইরুট	ভিরুট	2
মোবাইল	দিয়েও	2
তো	সেটিং	2
এপ	ডাটা	2
ব্লক	দেখাচ্ছে	2
কিভাবে	কোড	2
না	রেকভারি	2
নেই	কি	2
করবো	এমন	2
প্রো	ফ্রি	2
করছে	আপনার	2
আগে	করে	2
আনজিপ	হচ্ছে	2
কিছু	পরিবর্তন	2
ফ্রি	হলো	2
জনের	উপর	2
আমি	খুঁজে	2
এরপর	তাকে	2
নাই	এমনকি	2
এমন	জিনিস	2
পুরাই	লুল	2
উপহার	দিবো	2
ও	রিচার্জ	2
ফেলড	দেখায়	2
জে	৪	2
ই	দেখায়	2
মাস	কাজ	2
করে	কোড	2
লেজেন্ড	অথর	2
ফেইসবুক	গেম	2
নিউ	গেম	2
কি	জানতেন	2
প্রতিদিন	টাকা	2
কমেন্ট	হয়	2
যেখানে	আমি	2
ক্লিক	করেছি	2
করেছি	মাত্র	2
হইসে	তবে	2
করতে	পারসিলাম	2
পারসিলাম	না	2
মাচ	বেটার	2
এন্ড	সিকিউরিটি	2
পোস্ট	২	2
ডাবড	এখন	2
ব্যালান্স	থেকে	2
এটাই	খুজসিলাম	2
আমাকে	জানাবেন	2
কেমনে	ফ্রি	2
কোনো	পরিবর্তন	2
সাবমিট	করবো	2
টি	কোনো	2
কিন্তু	পয়েন্ট	2
সময়	কিভাবে	2
এ	যেগুলা	2
মাই	ইমেইল	2
পিক	আছে	2
সেই	গুলাও	2
গুলাও	দিয়েন	2
যেমন	এফবি	2
ইমো	হোয়াটস্যাপ	2
কিছু	মোবাইল	2
এখানে	৩জি	2
টেক্সট	টা	2
আর	বের	2
রা	এর	2
এর	কিছুদিন	2
কিভাবে	জিপি	2
নাই	ইটস	2
দিবে	তো	2
না	স্পিড	2
স্পিড	আপনার	2
টা	সফটওয়্যার	2
কথা	ই	2
কি	লেখসে	2
অথর	হইয়া	2
সময়	জিমেইল	2
জিমেইল	দিলেও	2
দিলেও	পাসওয়ার্ড	2
পাসওয়ার্ড	চায়না	2
৩দিন	আগে	2
আগে	দেখসিলাম	2
করসিলো	বাট	2
থেকে	এন্ড	2
বাবার	টা	2
টা	রবি	2
লাইট	এপ	2
দিয়া	আর	2
স্ন্যাপটিউব	থেকে	2
বলেই	দিচ্ছি	2
যদি	এটি	2
এটি	মোবাইল	2
তো	সিম্ফনি	2
আর	মেসেজ	2
মেসেজ	কি	2
কি	ভি২৫	2
ভি২৫	লিখবে	2
লিখবে	নাকি	2
ব্রো	কালকে	2
আমিও	সব	2
বলে	সব	2
হলে	বুঝবো	2
ভেরিফায়েড	পেপাল	2
বেশি	থেকে	2
করলে	এফবি	2
আইডি	দিতে	2
একটা	নক	2
ভদ্র	ভাবে	2
থেকে	লাত্থি	2
বেশি	কেউ	2
গুলা	দেখতে	2
ইন্টারনেট	চালানো	2
একাউন্ট	থাকলে	2
বলেন	শুনি	2
আবার	মাঝে	2
টাইম	কানেক্ট	2
ভাই	সত্য	2
কোনো	পার্থক্য	2
পার্থক্য	নাই	2
স্ক্রিপ্ট	দিলে	2
৬৭৩৫	এর	2
রুট	দরকার	2
নিউ	জানলেন	2
বুজানোর	জন্য	2
ইনস্টল	কিভাবে	2
টা	হইসিলো	2
সেই	ভিডিও	2
তো	নো	2
এড	রিমুভ	2
করেন	প্লিজজজ	2
বিল্ড	ইন	2
আছে	ওইটাতে	2
হইলো	নাকি	2
টার্গেট	পূরণ	2
পূরণ	করার	2
ব্রো	গুড	2
ঠিক	বলসো	2
আছে	সবাই	2
তো	খারাপ	2
তো	মাঝে	2
গেলে	এ	2
আমারও	তো	2
পাবেন	কোথায়	2
গো	ফর	2
মিডিয়া	ফাইল	2
গিয়ে	অটো	2
করবেন	এন্ড	2
থেকে	এপস	2
এরকম	করার	2
ব্লকচেইন	এর	2
স্পিড	এটা	2
দুঃখের	বিষয়	2
টাইম	এরকম	2
দেখাচ্ছে	এখন	2
এর	ওয়াটারমার্ক	2
দেয়া	থাকলে	2
শেষ	আমি	2
ইউ	ইউসার	2
ও	পড়া	2
দিন	আজকে	2
৩০০০	টাকা	2
অল	সাব	2
করে	সবাই	2
জন্য	ভিডিও	2
ধরতে	পারবো	2
ধরে	কোনো	2
তাই	আজ	2
কিভাবে	ভেরিফাই	2
ইংলিশ	আর	2
বক	বক	2
লোক	তা	2
তা	বুঝে	2
একটা	করলে	2
রে	রবি	2
আর	কেনো	2
টার	রিভিউ	2
দিসে	ইমেইল	2
এ	তারা	2
বিটিসি	তে	2
আমি	পাইলে	2
দিয়ে	খেললে	2
আগে	করছিলাম	2
করে	হয়নি	2
রিপ্লায়	দিবো	2
জয়েন	করে	2
জেনে	নিতে	2
টুকু	জানেন	2
করেছিলেন	সেটা	2
তবে	এক	2
উইন্ডোস	১১	2
ভাই	বিডিএক্স	2
অফ	করেন	2
টিউন	হলো	2
আর	রিপ্লায়	2
গালি	দিচ্ছেন	2
বাট	৪	2
পছন্দ	হলো	2
ডিসএবল	করে	2
প্লিজ	বলবে	2
ভালো	সফটওয়্যার	2
এমবি	ই	2
কপি	করেসেন	2
নিছি	এটা	2
আগে	রিমুভ	2
এর	বিটিসি	2
এড্রেস	কোনটা	2
ভাবে	বলে	2
মার্শমেলো	এর	2
কি	উইন্ডোস	2
এ	চলেনা	2
আগে	হতো	2
এই	টিউনার	2
নিজে	লিখে	2
ভাবে	ইনকাম	2
রিপোর্ট	দাও	2
তারা	তারি	2
থেকে	বাদ	2
টোকেন	নিয়ে	2
এমবি	কিনা	2
এক্সপোসড	এর	2
সেটাই	করতে	2
পারবেন	এটা	2
ফ্রি	চলার	2
ভিপিএন	আনইনস্টল	2
পর	না	2
করুন	অথর	2
খুঁজে	দেখতে	2
হবে	রিপ্লায়	2
বলসেন	আমি	2
ডাউনলোড	করসিলাম	2
বসিয়ে	ইনকাম	2
যান	পাশে	2
সবার	ফোন	2
কোনো	হ্যাকার	2
এ	মেবি	2
কেমনে	দেখবো	2
টা	হইসে	2
ভাই	পাশে	2
হয়	কালার	2
করেন	নাহ	2
সবার	মতো	2
তাহলে	নিউ	2
এসএস	টা	2
না	হতে	2
আগে	মাথা	2
অপসন	নাই	2
যে	অথর	2
লাগলে	পোস্ট	2
কয়েন	অনলি	2
ভাই	জোশ	2
প্রিমিয়াম	ফিচারস	2
বিভিন্ন	জায়গায়	2
লাইন	নাম্বার	2
বলে	দিবেন	2
দিবেন	যেখানে	2
লং	প্রেস	2
ফার্স্ট	থেকে	2
প্লিজ	নিউ	2
ফিল	করছি	2
আমার	২৪	2
আর	ওইটাই	2
এটা	গুগল	2
ট্রিক	কাজে	2
করা	ভুল	2
সেম	এপ	2
থ্যাংক্স	এর	2
লোকেশন	অন	2
ট্রান্সলেট	করতে	2
টানেল	এ	2
বছর	হয়ে	2
প্রব্লেম	ই	2
এমটিকে	ফোন	2
করা	মিউই	2
টাইম	টু	2
এও	কি	2
কিভাবে	পোর্ট	2
কাল	ট্রাই	2
প্রব্লেম	করসে	2
ও	জানে	2
আপনি	টাকা	2
আই	এ	2
আছে	ট্রিক	2
করার	কিছুই	2
ফটো	ডাউনলোড	2
দুপুর	থেকে	2
প্রব	হচ্ছে	2
আগে	পাইসি	2
ওয়েবসাইট	টি	2
টি	আমার	2
ঐসব	সাইট	2
আইডিএম	দিয়ে	2
পেমেন্ট	পেতে	2
একই	ফোন	2
করে	রেফার	2
আপনি	জিপ	2
ডিলিট	দিলে	2
রিপ্লেস	হবে	2
আমি	মাস্টার	2
না	একবার	2
যেহেতু	নিউ	2
বুঝিয়ে	দেয়ার	2
বাট	তা	2
কে	সাপোর্ট	2
তার	মতো	2
ডেমো	সাইট	2
এমবি	লাগলে	2
কেবিপিএস	এর	2
জিবি	দেয়	2
কিছুই	বলার	2
বাট	বেটার	2
লাক	ফর	2
তে	সেন্ড	2
কি	দুইটা	2
দুইটা	আইডি	2
গুগল	এই	2
এই	হাজার	2
আপনাকে	এই	2
দিন	টাইম	2
ব্রো	তার	2
ফরমেট	এর	2
স্ক্রিনশর্ট	দিলে	2
এ	বিশাল	2
হেল্প	সেন্টার	2
টেকটুনে	এ	2
এ	আজ	2
বা	গেম	2
কোড	থাকলে	2
আর	এতো	2
এই	থেকে	2
লট	ভাইয়া	2
শুভ	কামনা	2
এফবি	নেম	2
পক	পক	2
এই	অবস্থায়	2
হাই	স্পিড	2
এক্সপোসড	দিয়ে	2
খেয়াল	করবেন	2
বলেন	কেনো	2
ভিডিও	দেইখা	2
কপি	মাইরা	2
অন	টেলিগ্রাম	2
রিয়েলমি	৫আই	2
টা	নিউ	2
বাট	জিএফ	2
এর	টেক্সট	2
হোস্টিং	কিনতে	2
সরি	জাস্ট	2
তোহ	অনেক	2
আসে	কোনটা	2
২	পেজ	2
দেখসি	নাম	2
নিচের	বাটন	2
বাটন	আনুন	2
আনুন	ঐখান	2
ঐখান	থেকে	2
প্রপ	ফাইল	2
তারপর	ফোন	2
রেবুট	করসি	2
আর	রেবুট	2
রেবুট	এর	2
নিচে	বাটন	2
বাটন	আসছে	2
শুধু	আনফর্তুনাটলি	2
চলেনা	আর	2
ও	চলেনা	2
চলেনা	তাই	2
কোড	ডিলিট	2
রিসেট	ও	2
দিসি	ঠিক	2
অ্যাড	হচ্ছে	2
বিটিডাবলিউ	নাইস	2
না	কেপিএন	2
সহজ	মনে	2
কোড	ঐখানে	2
আজকে	কিনে	2
ঠিক	করসি	2
ক্যান	ট্রাই	2
ট্রাই	কিংরুট	2
কিংরুট	অর	2
কিছু	শিখাতে	2
পোস্ট	লেখে	2
এসব	শুনতে	2
কথা	শুনবেন	2
এখনো	রানিং	2
ঈদ	এর	2
আগে	রেজাল্ট	2
ফায়ার	তো	2
না	করিস	2
পারে	সেই	2
পেস্ট	ছাড়া	2
দাবি	করে	2
জটিল	ভাই	2
সেটা	এখানে	2
যাবেন	আর	2
রিটার্ন	করবে	2
ব্রাদার	আপনার	2
দেখেন	বাংলা	2
থ্যাংক্স	আপনার	2
গেছে	এইটা	2
প্রোমোট	করা	2
ওয়েব	নিয়ে	2
টাকা	ডাউনলোড	2
ইনস্টল	হলো	2
বার	শুনলাম	2
জিটিএ	ভি	2
১	টাইম	2
সিউর	বলতে	2
আনলিমিটেড	কি	2
ভাই	ক্লাসিক	2
২	পিসি	2
এই	কনফিগ	2
একটু	টিউনার	2
ডলার	আসে	2
টু	ভাই	2
এ	অর্ডার	2
আজকে	পোস্ট	2
পাবেন	অনেক	2
কিছুই	পাবেন	2
কিভাবে	বন্ধ	2
বোনাস	আছে	2
পে	করতে	2
দেন	দিয়ে	2
নাকি	কালকে	2
কেউ	জানান	2
অল	কাজ	2
এ	১টা	2
লাইক	ও	2
করসি	১	2
না	আপনাদের	2
দিয়েই	হবে	2
এরপর	আপনি	2
৪	ঘন্টা	2
মধ্যে	ডিফারেন্স	2
ডিফারেন্স	কি	2
আসেন	প্লিজ	2
এটা	আপডেট	2
কোনো	সেটিং	2
তারা	ডিলিট	2
জিনিস	নিয়ে	2
দিয়া	একাউন্ট	2
এপ	মেক	2
প্লিজজ	বলেন	2
কিছুই	জানো	2
দিসি	তাও	2
নাম্বার	ছাড়া	2
যায়না	আপনি	2
করে	যখন	2
এখন	যেটা	2
জানি	সেটাই	2
পারলে	জানাবো	2
জানাবো	আপনাদের	2
ব্যাক	বাটন	2
কোনো	সফটওয়ার	2
একটু	অন্য	2
চায়	তাই	2
জিপি	তো	2
মোড	১	2
চেক	পোস্ট	2
পোস্টগুলা	রিভিউ	2
পাবে	নাকি	2
হলে	মোবাইল	2
মোবাইল	ব্রিক	2
সেম	ট্রিকবিডি	2
জাস্ট	শেয়ার	2
৩১০০০	সাতসি	2
হয়	১০	2
সাতসি	ইনকাম	2
পারেন	বিটকয়েন	2
বিটকয়েন	ইনকাম	2
ফ্লেক্সি	পাওয়া	2
তো	সারাদিন	2
অথর	বানাই	2
না	প্লিজজ	2
করে	বিস্তারিত	2
বিস্তারিত	বলে	2
সবথেকে	ভালো	2
দেখি	পেমেন্ট	2
দেয়	কি	2
ভাই	গরুর	2
ক্লিন	মাস্টার	2
আনইনস্টল	করুন	2
দেখি	একটা	2
দিলাম	গুগল	2
আজাইরা	টাইম	2
নাকি	ফেক	2
হইসে	নিউ	2
ভাই	ফ্রেম	2
আপলোড	হচ্ছে	2
সার্চ	অপশনে	2
অপশনে	গিয়ে	2
তাইলে	আপনি	2
মান্থ	থেকে	2
ভাইয়া	সাপোর্ট	2
টার্মিনাল	আছে	2
পার্সেন্ট	যে	2
লাইভ	দেখার	2
থাকলেও	চলবে	2
আসে	পোস্ট	2
রোল	নাম্বার	2
রেজাল্ট	আসবে	2
কিন্তু	দেখা	2
২	নাম্বার	2
নাম্বার	পিক	2
করার	ভিডিও	2
ভিডিও	কি	2
নাও	আমি	2
টা	প্রায়	2
কাল	রাত	2
না	চেষ্টা	2
করি	নিউ	2
কি	পব্লেম	2
পারে	ব্রো	2
ওয়াইফাই	হবে	2
নিয়ে	প্লিজ	2
করার	এপ	2
এপ	গুলো	2
করসি	অনেক	2
এখনো	অথর	2
মাঝে	চলে	2
একসেপ্ট	করার	2
চলে	সেটার	2
সেটার	মড	2
চাই	যেন	2
যেন	ফ্রি	2
নেট	অল	2
সার্ভার	এই	2
হলেও	আমাদের	2
পাস	এর	2
অন্য	টুলস	2
এ	ফাস্ট	2
পর	আরো	2
গুলা	আমি	2
তে	প্রায়	2
আছে	কোনো	2
অফ	রাখেন	2
তো	ওটাই	2
প্রিমিয়াম	দিয়েন	2
সো	ফানি	2
ফানি	পোস্ট	2
কি	এতই	2
এ	হাত	2
হাত	দিতে	2
দিতে	দিবে	2
বাট	আমিতো	2
হলে	দিতে	2
করার	আশা	2
রকেট	দিয়ে	2
ব্রো	এমবি	2
করে	দেখা	2
৩	নো	2
পেমেন্ট	টা	2
হওয়া	তো	2
কথা	আগে	2
যাওয়ার	কোনো	2
কাজ	আগে	2
করেনা	প্লিজ	2
দিচ্ছেন	তাই	2
কি	এয়ারটেল	2
যোগ	করেন	2
হ্যাক	কইরা	2
যদি	এত	2
এত	না	2
না	দেই	2
তখন	তুমি	2
করে	দিবা	2
গুগল	নলেজ	2
নলেজ	প্যানেল	2
করলেও	পারতেন	2
স্ক্যাম	করবে	2
ক্লোন	করা	2
ভালো	আমিও	2
উপকার	করলেন	2
দিয়ে	এপ	2
করলে	ইনস্টল	2
যাবেন	ওকে	2
করলে	কে	2
ইচ্ছা	হয়	2
যারা	খেলে	2
করসি	আপনার	2
পারতাম	বাট	2
অথর	বলে	2
আপনি	বলতেসেন	2
৪৫০	এমবি	2
বাকি	কোনো	2
করতেছি	কিন্তু	2
সিম্ফনি	জেড	2
প্লিজ	ওয়েট	2
একাউন্ট	হবে	2
এইটা	দেখায়	2
দিবো	ওই	2
করে	টিডাবলিউআরপি	2
টিডাবলিউআরপি	রিকভারি	2
১৫০০	টাকা	2
সবই	তো	2
বাড়াতে	চাইলে	2
আপনি	মেসেজ	2
ভাবে	কমেন্ট	2
দিয়ে	কোড	2
কোড	সহ	2
ইনকারেক্ট	দেখায়	2
ফলো	মি	2
আইডি	খুলসি	2
সিওসি	একাউন্ট	2
ওয়ার্কিং	কোনো	2
হলে	জানান	2
আছে	এখনো	2
দিয়ে	বুঝানোর	2
ছিল	থ্যাংক্স	2
এফবি	খুলে	2
ইউ	আমি	2
ডাবল	এমবি	2
দিয়ে	মেয়াদ	2
মেয়াদ	বাড়ালে	2
আই	হেব	2
হলো	সেই	2
থেকে	২৫	2
টাকার	বিটিসি	2
বিটিসি	ধার	2
ধার	নিয়ে	2
আমাকে	ফেইসবুক	2
ডিএনএস	দিয়ে	2
আপডেট	দেয়ার	2
পর	কাজ	2
টিউনার	দিন	2
এটা	এপ	2
প্রাণীর	মৃত্যু	2
মৃত্যু	ও	2
টা	করবেন	2
পোস্ট	মিয়া	2
মিয়া	এতো	2
তোমাকে	হেল্প	2
করে	এডিট	2
পর	কোনো	2
সিমে	মেয়াদ	2
ব্লু	লেখা	2
লেখা	টার	2
উপরে	ক্লিক	2
কি	করণীয়	2
করতে	গেলেই	2
এন্স	দিতে	2
ওকে	ব্রাদার	2
টোকেন	সেল	2
এটিএম	থেকে	2
এসএসসি	এর	2
টা	পেইড	2
ঢুকা	লাগবে	2
থ্যাংক্স	কমেন্ট	2
ভাই	এনি	2
অর	টাকা	2
ভিপিএন	তো	2
আমিও	চালাই	2
চালাই	এই	2
স্পিড	দেখায়	2
স্পিড	আর	2
তো	হওয়ার	2
আপনার	প্রিয়	2
তো	৩জি	2
না	৪	2
৪	সিম	2
লিংক	২	2
২	টির	2
টির	বেশি	2
বেশি	দেওয়া	2
দেওয়া	নিষেধ	2
মান্থ	এ	2
কি	বলা	2
করে	টিউনর	2
দেন	অথবা	2
পারেন	এ	2
ভাই	ভার্সন	2
সাবমিট	দেন	2
খুব	এ	2
বাট	লেগ	2
করে	খুব	2
আইপি	দেয়া	2
যে	এমন	2
টাইটেল	ও	2
ও	দেখে	2
এর	৩	2
ফোন	করবো	2
না	কানেক্ট	2
সেম	নেম	2
ওহ	গুড	2
ফ্রী	বেসিক	2
এইটার	সমাধান	2
অনেকেরই	চলছে	2
করলে	মেইল	2
স্টক	বুট	2
পাবো	হেল্প	2
লাগলে	যোগাযোগ	2
হেল্প	হেল্প	2
পিএস	টাচ	2
গেলো	আর	2
আইফোন	৬	2
কম	আর	2
লিখার	পর	2
আপনার	অ্যাড	2
হ্যাস	আইডি	2
পেমেন্ট	পাইলে	2
ওটা	আর	2
কয়েনবেস	এপ	2
নাম্বার	বা	2
নিবেন	সেটা	2
হোক	এখন	2
এক্সচেঞ্জ	শুরু	2
আপনি	জীবনে	2
ও	ইনকাম	2
হবে	৭	2
৭	টি	2
আমার	ই	2
ইয়েস	হবে	2
কি	ওয়েব	2
এর	উত্তর	2
বাদ	দিলাম	2
আদেশ	টা	2
ডাউনলোডের	স্ক্রিপ্ট	2
সিমে	পাবো	2
মান্থ	ধরে	2
বাট	নাম্বার	2
এর	কল	2
টাচ	ফোন	2
ফোন	বাট	2
আর	বাটন	2
কিভাবে	যদি	2
দিন	যেটা	2
বার্ন	করবো	2
করবো	কোনটা	2
ধোঁকা	দেয়ার	2
পারলে	একটু	2
উপকার	করেন	2
এর	ডেভেলপার	2
এপ	তো	2
কি	বাল	2
বাল	হইয়া	2
দিন	সময়	2
ব্যাকগ্রাউন্ড	রিমুভ	2
রিমুভ	বিজি	2
রা	খুব	2
রিকোয়েস্ট	রিভিউ	2
ডিলিট	করসে	2
আমি	রাতে	2
বলছে	তো	2
বাট	জিপি	2
আসছে	এন্ড	2
দেখে	তার	2
স্ক্রিনশট	দেয়া	2
ভিউ	আর	2
পোস্ট	যেন	2
থাকে	সেই	2
এখনো	ঠিক	2
জন্য	জিটিএ	2
জিটিএ	ভিসি	2
এর	অনলাইন	2
এ	যেমন	2
কোয়ালিটি	পাবেন	2
করে	দিচ্চি	2
পারেন	তাহলেই	2
করবো	অপেক্ষা	2
চেয়ে	বড়	2
বলবো	আপনার	2
টানেল	কানেক্টেড	2
না	কারণটা	2
সিম	হতে	2
ও	স্মার্ট	2
করে	যাই	2
বাট	ওল্ড	2
কিনতে	বলে	2
বলে	আমাকে	2
ইয়েস	ব্রাদার	2
মাথায়	সমস্যা	2
তো	স্প্যাম	2
করলে	গুগল	2
এর	সো	2
আবার	উইন্ডোস	2
উইন্ডোস	এর	2
করতে	ফোন	2
এটা	বাজে	2
কার্ড	সাবমিট	2
দারুন	আমার	2
যত	কনফিগ	2
নাই	অ্যাডমিন	2
দিলে	ইনভ্যালিড	2
অনেক	থ্যাংক্স	2
এটা	সুবিধা	2
কেন	ভালো	2
ভাবে	চেক	2
টাকা	মারার	2
আপ	দেয়া	2
নি	কেনো	2
ফোন	এও	2
আমি	কিসু	2
সব	হবে	2
দিসেন	একটু	2
ফাইল	দিসেন	2
ভাই	ফোনে	2
নিউস	পোস্ট	2
থিম	গুলো	2
মেবি	আপনি	2
কারো	হেল্প	2
পাবলিশ	হতে	2
আমি	পারতেসি	2
জানিয়ে	দেওয়া	2
থাকলে	অবশ্যই	2
অবশ্যই	করে	2
মতো	সব	2
যা	আপনি	2
বললেন	আপনার	2
আপনার	কেমন	2
দেখেন	এবং	2
এবং	আমাকে	2
৪০৩	ফরবিডেন	2
ওপেন	হলে	2
দিয়ে	ইউএসবি	2
কে	করবো	2
করছি	এইটা	2
লাগসে	ভাইয়া	2
একটা	দারুন	2
কিছু	নতুন	2
পারলে	নতুন	2
কি	যেন	2
উইথড্র	করলে	2
আওয়ার্স	এর	2
আইপি	কলিং	2
কলিং	এপস	2
এখানে	দেখি	2
হইসে	আমার	2
কাস্টম	কেয়ার	2
চলতো	এখন	2
সবার	টা	2
আমার	ধারণা	2
আমাদের	হবে	2
আইডি	নিতে	2
লেখা	কপি	2
এন্ড	ইউটিউব	2
এখন	রুট	2
তো	ব্যানড	2
নিজে	রাই	2
যদি	মুভি	2
এসএস	দিসেন	2
করার	কারণ	2
জিবি	স্টোরেজ	2
আমি	খুলে	2
খুলে	দিবো	2
হেল্প	হয়	2
হইসে	এর	2
ব্রো	স্যামসাঙ	2
গ্যালাক্সি	জে	2
তো	ইনস্টল	2
ইনস্টল	এ	2
এমবি	নাকি	2
সার্চ	কনসোলে	2
৩০	ডলার	2
মতো	বাট	2
ইটস	টোটালি	2
কনভার্ট	করুন	2
আপনার	কত	2
লক	দেয়া	2
করবো	মোবাইল	2
এ	রেজিস্ট্রেশন	2
মি	এন	2
পার্ট	তাড়াতাড়ি	2
আনার	জন্য	2
আর	আজ	2
ফাউন্ড	লিখা	2
আনজিপ	করলে	2
অ্যাডস	এ	2
আপনার	ব্যালান্স	2
পয়েন্ট	কি	2
কি	প্রতি	2
২৫	তারিখ	2
ফার্স্ট	পিকচার	2
এমবি	২০	2
এটা	ডায়েল	2
পারলে	কোনো	2
পাইলাম	থ্যাংকস	2
তো	তোমার	2
বলতে	পারো	2
দিয়ে	ফেইসবুক	2
এ	চালানোর	2
জিক্যাম	না	2
১০	লাখ	2
এখানে	সবাই	2
পোর্ট	করি	2
করি	তার	2
বাটন	পাওয়ার	2
এ	আপ	2
আপ	দিলে	2
থেকে	সার্ভিস	2
সাপোর্ট	পাবেন	2
গানের	আলো	2
যারা	কমেন্ট	2
ধরণ	কথা	2
বলার	স্টাইল	2
স্টাইল	আর	2
কিছুই	বলছে	2
আগেও	আপনার	2
এই	বড়	2
এন্ড	ওয়েলকাম	2
জেনারেট	করা	2
প্রব্লেম	দেখাচ্ছে	2
বাট	ওটা	2
হিস্টোরি	দেখতে	2
কোড	যাবে	2
টার	মতো	2
নেট	ও	2
প্রব্লেম	প্লিজ	2
তো	কম্পিউটার	2
কম্পিউটার	নাই	2
এক্টিভ	থাকতে	2
দিয়া	আমাকে	2
ফিরিয়ে	আনা	2
মতো	মানুষের	2
হ্যাকার্স	কীবোর্ড	2
বলার	আগে	2
দেখবেন	যত্তসব	2
বলছেন	সেই	2
কি	এবং	2
থাকবেন	আশা	2
তা	বলুন	2
গুলা	দিয়া	2
ওওও	আপনার	2
আপনার	হবে	2
ঘন্টায়	২	2
২	এই	2
এই	২০০	2
প্রত্যেক	দিন	2
কম	পক্ষে	2
তাহলে	জিমেইল	2
বলে	পোস্ট	2
দেখে	কেউ	2
কমেন্ট	করতো	2
ও	কিনতে	2
আমি	ইনকাম	2
পাইসেন	তার	2
কমপ্লিমেন্ট	এর	2
গুলো	সাইট	2
ইনফো	দিয়ে	2
এফটিপি	সাইট	2
প্রশ্ন	ছিল	2
কই	মজা	2
মজা	ভাই	2
করবা	না	2
পোস্ট	ভাবে	2
গুছিয়ে	লিখেছেন	2
রান	করতে	2
চাই	সেই	2
কোন	ব্যাংক	2
এর	কার্ড	2
তাকে	তাহলে	2
তাহলে	জানাবেন	2
কতদিন	চলবে	2
এন্ড	এর	2
কই	মিয়া	2
২জি	তাও	2
ও	একি	2
আবাল	রে	2
ব্যাকআপ	নেওয়া	2
আমার	ফেন	2
ফেন	টা	2
টা	রিকভারি	2
পোস্ট	আসছে	2
ব্লগার	টেম্পলেট	2
দেখবো	ওই	2
আপলোড	না	2
কিনা	লাগবে	2
লাগবে	যেমন	2
হ্যাক	পসিবল	2
তারপরও	থ্যাংকস	2
যে	এমবি	2
দিয়া	আপডেট	2
রুট	করুন	2
কোনো	১	2
মারার	পর	2
মতো	কেমনে	2
এফবি	এসএমএস	2
ভাইয়া	লিখবো	2
নো	টেনশন	2
সেম	ব্রো	2
আগে	রেজিস্ট্রেশন	2
করসে	আমি	2
যদি	কোনোদিন	2
আর	গ্রুপ	2
এইটা	যে	2
ভুল	আপনি	2
আপনি	করেছেন	2
মুসলিম	রা	2
করো	নাকি	2
২৪	ঘন্টার	2
বার	পাইসি	2
টাকায়	আনলিমিটেড	2
না	বুঝিয়ে	2
মতো	কিছুই	2
এখন	এখন	2
গুলার	মতো	2
এর	দৃস্টি	2
দৃস্টি	আকর্ষণ	2
করসি	আপনাদের	2
আপনারা	এই	2
কয়বার	নিতে	2
হলে	ট্রিকবিডি	2
জন্য	জিপ	2
পেয়েসি	তাই	2
কেমন	আর	2
সব	কেটে	2
করে	ডিলিট	2
সার্চ	বার	2
এ	লিখুন	2
গিফট	দেওয়ার	2
হুম	প্লেস্টোর	2
প্লেস্টোর	আপডেট	2
কাহিনী	আছে	2
আছে	জানে	2
বাট	করেনা	2
করেনা	কিছু	2
টানেল	অথবা	2
অথবা	এইচটিটিপি	2
এইচটিটিপি	ইনজ্যাক্টর	2
ইনজ্যাক্টর	দিয়ে	2
কি	ইসি	2
নেট	ছাড়া	2
ছাড়া	কনফিগ	2
ফাইল	কাজ	2
উপর	তো	2
এখন	ড্রোইড	2
ও	কনফিগ	2
কনফিগ	সাপোর্ট	2
সাপোর্ট	পারলে	2
এর	এথ	2
এথ	এড্রেস	2
এতো	সাধু	2
সাধু	ভালো	2
ভালো	টাইটেল	2
আসলে	প্লে	2
বেশি	হয়েই	2
হয়েই	থাকে	2
ব্রো	উপরে	2
উপরে	নাম্বার	2
নাম্বার	কি	2
থাকা	খুব	2
জরুরি	করতে	2
করতে	সহজ	2
হয়	অ্যারো	2
কি	চেপে	2
চেপে	চেপে	2
চেপে	অন্য	2
আপনারে	রিক	2
দিসি	ইউসার	2
এই	টায়	2
টায়	মেসেজ	2
মেসেজ	দেওয়া	2
আমি	এইটাই	2
এইটাই	খুজতেসিলাম	2
খুজতেসিলাম	এমবি	2
কারণে	ডাউনলোড	2
এখন	পরে	2
জয়	ট্রিকবিডি	2
আমার	৯কে	2
৯কে	সাবস্ক্রাইব	2
ডাব	চ্যানেল	2
চ্যানেল	গায়েব	2
গায়েব	কইরা	2
দিসে	ওয়াইটি	2
কেউ	রিং	2
আইডি	কয়েন	2
কয়েন	নিতে	2
চাইলে	কন্টাক্ট	2
করেন	কয়েন	2
ভয়েস	নাম্বার	2
টাকায়	বেশি	2
কিভাবে	কেনে	2
আছে	এক্টিভ	2
এপ	চেঞ্জ	2
চেঞ্জ	দিলে	2
নাম	বলব	2
ইউস	এপিকে	2
দেখি	ফেক	2
আর্ন	তো	2
না	এড	2
দিতে	আসবে	2
সো	মাঝখানে	2
মাঝখানে	আমি	2
দিতে	ফকির	2
এটা	ভিডিও	2
মতো	হইতাছে	2
থ্যাংক্স	২	2
এসএসএল	কানেকশন	2
কানেকশন	ফেলড	2
ফেলড	এরর	2
কোড	২৯	2
২৯	এসএসএল	2
এসএসএল	ইজ	2
সাপোর্টেড	ইউটিসি	2
ইউটিসি	ইওর	2
ইওর	সার্ভার	2
সার্ভার	পাওয়ার্ড	2
পাওয়ার্ড	বাই	2
বাই	ইনক্যাপসুলা	2
এখন	ইউটিউব	2
ব্রো	হেইজন্যে	2
হেইজন্যে	তো	2
থ্যাংক্স	পরীক্ষার	2
পরীক্ষার	পর	2
দেখে	নিবো	2
আমি	থাম্বয়েল	2
থাম্বয়েল	এর	2
আসো	আমি	2
মেগা	সম্পর্কে	2
সম্পর্কে	আইডিয়া	2
আইডিয়া	না	2
সেকেন্ড	কর্ম	2
কর্ম	দিবস	2
দিবস	কবে	2
কোনো	১টা	2
হা	৩ডট	2
৩ডট	এ	2
সব	বেরিয়ে	2
বেরিয়ে	আসবে	2
আসবে	অনেক	2
অনেক	পোর	2
পোর	অ্যাপ	2
অ্যাপ	পাওরাম্প	2
পাওরাম্প	এর	2
১০	ভাগের	2
ভাগের	১	2
১	ভাগ	2
ভাগ	ফীচার	2
ফীচার	ও	2
নাই	পাম্প	2
পাম্প	১৪	2
১৪	ডে	2
ট্রায়াল	এ	2
বুঝতে	পারবেননা	2
পারবেননা	পার্চেজ	2
পার্চেজ	করে	2
একটি	একা	2
একা	একাই	2
একাই	এসেছে	2
কিছুই	বুঝি	2
বুঝি	এটা	2
কিভাবে	সরাবো	2
সরাবো	এটা	2
যায়	জানতে	2
বলেছি	সবাই	2
পেইড	উইজ	2
বিষয়	ভাইজান	2
আপনি	করেসেন	2
করেসেন	আর	2
আর	মাল্টি	2
মাল্টি	উইন্ডো	2
উইন্ডো	আছে	2
সে	মার্শাম্যালো	2
মার্শাম্যালো	তে	2
স্পিড	বরানির	2
বরানির	কোনো	2
ভাবে	করসেন	2
নাম	শান্তির	2
শান্তির	আঁধারের	2
আঁধারের	বান্দা	2
বান্দা	কাম	2
কাম	অশান্তিপূর্ণ	2
নাইস	এপিকে	2
এপিকে	এন্ড	2
এন্ড	থ্যংক্স	2
যে	দেখা	2
দেখা	কেউ	2
কেউ	যে	2
যে	৫০জিবি	2
৫০জিবি	কোর্স	2
কোর্স	দেখে	2
দেখে	নি	2
নি	এটা	2
জানলেন	আর	2
কাছে	আছেই	2
সেরবা	তে	2
না	নেট	2
ভিডিও	দেখসি	2
বলতাসে	বুটলোড্যার	2
বুটলোড্যার	আনলক	2
করতে	পরে	2
করতে	কম্পিউটার	2
কম্পিউটার	আমার	2
মোবাইল	হলো	2
হলো	সনি	2
সনি	এম৪একিউইউএ	2
এম৪একিউইউএ	প্লিজ	2
সব	ভাষা	2
দিয়ে	সিডব্লিউএন	2
সিডব্লিউএন	ইনস্টল	2
দেয়ার	নিওম	2
নিওম	টা	2
কন্ট্রাক্ট	এর	2
এর	হোয়াই	2
হোয়াই	বলেন	2
ওপেন	মানেই	2
মানেই	যেন	2
যেন	কেউ	2
ডেন্ট	নিয়ে	2
জানে	এই	2
সম্পর্কে	আর	2
যে	আর্ন	2
সেটাও	জানে	2
জানে	আপনি	2
জন্য	ওল্ড	2
এই	মাদারচোদ	2
মাদারচোদ	রে	2
রে	কেউ	2
কয়	নাহ	2
রে	এর	2
আছে	শালা	2
শালা	কপিবাজ	2
কপিবাজ	সেই	2
সেই	ফাস্ট	2
পোস্ট	থেকেই	2
থেকেই	দেখছি	2
দেখছি	মানুষের	2
খাওয়ার	হুপ	2
হুপ	উইঠা	2
উইঠা	থাকে	2
থাকে	সব	2
সময়	নাকি	2
এই	তোরে	2
তোরে	অথর	2
কানেক্ট	থাকতে	2
এ	বসাবো	2
বসাবো	কেমনে	2
ডাউনলোড	করতেসি	2
করতেসি	মজা	2
মজা	না	2
পাইলে	মোবাইলের	2
মোবাইলের	ব্যাটারী	2
চার্জ	ফেরত	2
ইউস	করলেও	2
করলেও	অথবা	2
অথবা	নাহ	2
নাহ	করলেও	2
করলেও	বিন	2
আপনি	রিস্ক	2
রিস্ক	না	2
নিয়ে	ওয়েট	2
করুন	জি	2
জি	টি	2
এ	ভাইস	2
সিটি	লাইট	2
লাইট	শেয়ার	2
ঐটা	হবেই	2
তো	অবশ্যয়	2
অবশ্যয়	উপায়	2
উপায়	হইতোনা	2
হইতোনা	আসে	2
আমি	দেখতিসি	2
ফায়ার	ফটো	2
কি	পিক্সারট	2
পিক্সারট	এই	2
আছে	অর	2
থেকে	নামাতে	2
প্যাকেজ	কিনতে	2
সুপাররক্স	ভাই	2
ভাই	জন	2
জন	ইউসার	2
ভাইয়ের	নিউ	2
নিউ	গ্ৰুপ	2
গিয়ে	সাইড	2
সাইড	বার	2
থেকে	আনইনস্টল	2
আনইনস্টল	লেয়ার্স	2
লেয়ার্স	দিন	2
তারপর	রেবুট	2
রেবুট	দিন	2
ভাইয়া	সামনে	2
সামনে	আর	2
ও	শেয়ার	2
কারো	এসএমএস	2
এসএমএস	লিস্ট	2
লিস্ট	হ্যাক	2
সরি	একটা	2
একটা	ডিজিট	2
ডিজিট	ভুল	2
হ্যা	হবে	2
হবে	আর১৩ট্রাই	2
আর১৩ট্রাই	করে	2
হবে	ইন্টারনেট	2
ইন্টারনেট	নাকি	2
নাকি	এমএসএস	2
ঠিক	জানা	2
আসে	বলসে	2
ফন	যে	2
যে	আসলেই	2
আসলেই	রুট	2
কিনা	সেট	2
সেট	আমি	2
আমার	টিউব	2
টিউব	কিন্তু	2
আগে	ওয়েবসাইট	2
পরে	কোনো	2
করে	তোমার	2
তোমার	কিন্তু	2
কিন্তু	খবর	2
আসে	মিয়া	2
যদি	কোনটা	2
কোনটা	নিয়ে	2
নিয়ে	রেজিস্টার্ড	2
রেজিস্টার্ড	করে	2
তাহলে	এপস	2
টা	থাকবে	2
কেনো	রুট	2
করলে	মরবো	2
মরবো	কেমনে	2
আরো	গর্জেয়াস	2
গর্জেয়াস	হলে	2
ডলার	ভাই	2
ভাই	ডলার	2
ডলার	ক্যামনে	2
ক্যামনে	দেয়	2
থাকা	ভালো	2
উত্তর	আর	2
আর	মিল	2
নাই	প্রশ্ন	2
প্রশ্ন	অনুসারে	2
ব্রো	স্টাইল	2
স্টাইল	একটু	2
কম	করো	2
ভাই	ম্যাসেজ	2
ম্যাসেজ	এরর	2
জি	ডে	2
ফ্ল্যাশবল	ইমোজি	2
ইমোজি	পাইসি	2
আমি	১মাস	2
১মাস	আগেই	2
আমি	অভ্র	2
ম্যাক্সিমাম	কইবার	2
কইবার	নেওয়া	2
ওওও	আপনি	2
আপনি	এক্টিভ	2
এক্টিভ	থেকে	2
থেকে	পাইসেন	2
পাইসেন	ডিপোজিট	2
করে	তাইতো	2
করেসি	২তারিখে	2
২তারিখে	রিক	2
বাট	এপ্প্রুভ	2
এপ্প্রুভ	ও	2
আবার	ক্যানসেল	2
ক্যানসেল	ও	2
তো	করসেন	2
করসেন	না	2
না	মাস	2
দেখবেন	পোস্ট	2
ব্রো	স্ক্রিন	2
শট	গুলা	2
বুঝা	যাচ্ছেনা	2
যাচ্ছেনা	এমনি	2
এমনি	ডিফল্ট	2
করে	স্ক্রিন	2
শট	আপডেট	2
একটু	বুঝতে	2
ওহ	বাট	2
সিম্ফনি	ফোনের	2
কোনো	সিক্রেট	2
সিক্রেট	কোড	2
কোড	নেই	2
পোস্ট	ইগনোর	2
রোজার	মাস	2
মাস	না	2
হইলে	নিতাম	2
ওয়াপকা	নিয়ে	2
যেমন	কোড	2
না	তেমনি	2
তেমনি	তোমার	2
তোমার	ও	2
তাও	শেয়ার	2
ক্ষেত্রে	আমাকে	2
৭২০পি	কোয়ালিটি	2
বাকি	ছিল	2
ছিল	লল	2
থ্যাংক্স	আই	2
নো	এবাউট	2
এবাউট	ইট	2
ইট	রবি	2
রবি	গিভস	2
গিভস	আজ	2
এ	লিটল	2
লিটল	ডিসকাউন্ট	2
ডিসকাউন্ট	ট্রিকরান	2
ট্রিকরান	কম	2
কম	থ্যাংক্স	2
শুধু	আর্মি	2
আর্মি	না	2
না	এয়ারফোর্স	2
এয়ারফোর্স	নেভি	2
একটা	একউন্ট	2
একউন্ট	এ	2
এ	২০০	2
এমবি	ডেইলি	2
পাগল	জানি	2
জানি	পুরাতন	2
থাকলে	অবভিয়াসলি	2
অবভিয়াসলি	পাবলিকলি	2
পাবলিকলি	সাইট	2
সাইট	শেয়ার	2
আজব	হলো	2
হলো	জিপি	2
জিপি	কোনো	2
গেলে	ই	2
ই	২	2
মধ্যে	বন্ধ	2
বড়	ভায়ের	2
ভায়ের	পা	2
পা	দুইটা	2
দুইটা	দেন	2
একটু	সালাম	2
সালাম	আমার	2
টিকলে	তো	2
বাঁশ	পুরা	2
টিডাবলিউআরপি	অটোমেটিক	2
অটোমেটিক	বুট	2
হবে	আলাদা	2
ফাইল	মোবাইলআঙ্কেল	2
মোবাইলআঙ্কেল	এইসব	2
জিপ	এক্সএমএল	2
এক্সএমএল	করবো	2
আমি	রেগুলারলি	2
রেগুলারলি	পোস্ট	2
বাট	মাঝখানে	2
মাঝখানে	অনেকদিন	2
অনেকদিন	মিস	2
মিস	হইসে	2
হইসে	দেটস	2
দেটস	অল	2
করলাম	সেম	2
সেম	কাহিনী	2
কাহিনী	এখন	2
বোনাস	টা	2
টা	দিচ্ছে	2
করিয়েন	আজকে	2
আজকে	কেউ	2
আর	করিয়েন	2
ফালতু	হইলে	2
চলে	টাকে	2
টাকে	বলতেসেন	2
বলতেসেন	এন্ড	2
যদি	চলতো	2
চলতো	তাইলে	2
তাইলে	বলতেন	2
বলতেন	থ্যাংকস	2
ফলোয়ার	দেখবো	2
চাই	আপনাকে	2
আপনাকে	প্লিজ	2
সকল	ধারনা	2
ধারনা	ভূল	2
ভূল	টাউকয়েন	2
টাউকয়েন	এন্ড	2
এন্ড	ল্যামবেন	2
ল্যামবেন	ডিফারেন্ট	2
ডিফারেন্ট	ল্যামবেন	2
ল্যামবেন	এর	2
এর	নিকনেম	2
নিকনেম	টাও	2
টাও	বাট	2
নট	টাউকয়েন	2
আলহামদুলিল্লাহ	ইউসার	2
থেকে	কিক	2
কিক	করলো	2
ভাইয়া	মড	2
মড	শিখার	2
শিখার	কোনো	2
বোকা	টিউনর	2
টিউনর	যার	2
যার	ইসি	2
চলে	তার	2
এমনেই	চলবে	2
রোবট	তো	2
নাই	রিস্টার্ট	2
রিস্টার্ট	আছে	2
অন	করমু	2
করমু	আর	2
রিস্টার্ট	কি	2
ওই	পিন	2
পিন	দিয়ে	2
দিয়ে	ডাবলিউপিএস	2
ডাবলিউপিএস	প্রো	2
বেশি	দেখসি	2
ট্রিকবিডি	ফালতু	2
গ্যালাক্সি	এম০২	2
এম০২	ফোনে	2
করবো	লিখেন	2
করেন	সম্পূর্ণ	2
পেস্ট	মুক্ত	2
মুক্ত	নিজের	2
নিজের	লিখা	2
লিখা	প্লিজ	2
মি	টিউনর	2
গ্যালাক্সি	এস৫৮৩০আই	2
এস৫৮৩০আই	এর	2
জন্য	স্যামসাঙ	2
জে	২এর	2
২এর	কাস্টম	2
লাগবে	খুব	2
একটা	কাছের	2
কাছের	ট্রিক	2
আমি	সফল	2
হয়েছি	মেনি	2
নাকি	রিয়েলি	2
রিয়েলি	কয়েন	2
টাইম	মাস্ট	2
ট্রিক	দিসেন	2
দিসেন	সেম	2
সেম	স্পিড	2
এ	বিভ্রান্ত	2
বিভ্রান্ত	করেন	2
কেন	টি	2
টি	লিমিট	2
ক্রস	করার	2
না	উইজ	2
উইজ	আমার	2
আমার	ফর্মুলা	2
ফর্মুলা	উইজ	2
ভেজাল	কম	2
হবে	ড্রইডভিপিন	2
ড্রইডভিপিন	এ	2
এ	৫০টা	2
৫০টা	আইডি	2
আইডি	খুলবেন	2
খুলবেন	১টা	2
১টা	শেষ	2
আরেকটা	উইজ	2
উইজ	করবেন	2
ট্রিক	কোনো	2
কাজের	নয়	2
নয়	আগের	2
আগের	বেশি	2
বেশি	ডিসকানেক্ট	2
ডিসকানেক্ট	হচ্ছে	2
ইজ	ফুল	2
ফুল	বেশি	2
বেশি	দেখাচ্ছে	2
দেখাচ্ছে	ফালতু	2
করেন	অযথা	2
কি	গেমস	2
এর	এক্স	2
এক্স	মড	2
নাকি	ক্সপোসড	2
ক্সপোসড	এক্সপোসড	2
এক্সপোসড	হলে	2
হলে	এখানে	2
এখানে	এপিকে	2
রেখে	লগ	2
দয়া	রইলো	2
রইলো	ফিউচার	2
ফিউচার	যেন	2
আগেই	যান	2
এটা	ফিউচারড	2
ফিউচারড	দেয়ার	2
ডিএক্টিভেটেড	দেখায়	2
সময়	ওদের	2
বলে	এক্টিভেশন	2
এক্টিভেশন	যে	2
ওরা	লিংক	2
শুধু	ঢুকতে	2
ঢুকতে	লগ	2
পারিনা	এভাবে	2
নিউ	অ্যাক	2
অ্যাক	খুলবো	2
খুলবো	আরেকটা	2
পেপাল	একাউন্টস	2
একাউন্টস	কিভাবে	2
করবো	একাউন্ট	2
লাগবে	ফুল	2
অটো	কাট	2
কাট	হয়ে	2
মানে	ডিরেক্ট	2
ডিরেক্ট	হোম	2
ইউস	কেপিএন	2
লিস্ট	৪	2
৪	মিনিটস	2
মিনিটস	তো	2
তাহলে	কেটে	2
হয়	স্ক্রিনশট	2
দেখেন	হয়ে	2
কি	টিপতে	2
একটাই	ফোন	2
রিভিউ	করসি	2
বাট	সবাইকে	2
সবাইকে	জানাইলাম	2
বস	বাট	2
নোটিফিকেশন	তোমার	2
নাম	দেখলেই	2
দেখলেই	ভয়	2
পাই	করবা	2
করবা	নাকি	2
নাকি	উৎসাহ	2
উৎসাহ	দিবে	2
দিবে	টেনশন	2
টেনশন	এ	2
থাকি	হাহাহা	2
এইটাও	কোনো	2
আপনি	এমএসভিপিএন	2
এমএসভিপিএন	এগুলার	2
এগুলার	সার্ভার	2
সার্ভার	কোন	2
থেকে	বানাইসেন	2
আনলিমিটেড	টিডাবলিউটি	2
টিডাবলিউটি	টোকেন	2
টোকেন	বাই	2
বাই	করা	2
হয়	বিকাশ	2
ভাই	শোনেন	2
শোনেন	আমি	2
ইনবক্স	এর	2
এর	এসএমএস	2
দিয়ে	কবে	2
কবে	কাকে	2
কাকে	দিয়েসি	2
দিয়েসি	যদি	2
যদি	ইউসার	2
ইউসার	চোরের	2
চোরের	আগে	2
জাস্ট	ফ্রেন্ড	2
সাথে	ফান	2
জন্য	ফেক	2
এনআইডি	আইডি	2
দিয়ে	ডিসএবলড	2
সব	মাইনার	2
মাইনার	এ	2
ইন	কইরা	2
কইরা	উইথড্র	2
দিসি	পর্যন্ত	2
হলো	পেমেন্ট	2
পেমেন্ট	পায়নি	2
পায়নি	পেন্ডিং	2
আছি	ওদের	2
ওদের	কবে	2
কবে	দয়া	2
দয়া	হয়	2
আইডি	৬০দিন	2
৬০দিন	এর	2
আগে	নাম	2
গিয়ে	নষ্ট	2
ফেলেসি	জাস্ট	2
নিজের	ফটো	2
ফটো	দিয়েই	2
দিয়েই	করেসি	2
জন্য	কয়েক	2
করেছি	ট্রাই	2
মেসেজ	আসতো	2
এখন	মেসেজ	2
বাংলাদেশে	কি	2
নিউ	আবার	2
আসুস	না	2
কিভাবে	অ্যাডমিনশিপ	2
অ্যাডমিনশিপ	ক্লেম	2
ক্লেম	করবো	2
করবো	গ্রূপে	2
গ্রূপে	অ্যাডমিন	2
মডারেটর	কেউ	2
বুজলে	আমার	2
সহ	বুঝিয়া	2
বুঝিয়া	দিবো	2
কি	অফিলিয়েত	2
অফিলিয়েত	সিস্টেম	2
আরে	একটা	2
পেইড	লিংক	2
এক্সটাচ	ই	2
ই	১	2
১	চিপসেট	2
চিপসেট	এমটি৬৭৩৫পি	2
এমটি৬৭৩৫পি	এর	2
এখানে	পাই	2
পাই	আর	2
এ	প্রতিদিন	2
দিবে	এপ	2
বিষয়	টাও	2
টাও	আমরা	2
বুঝি	আপনারা	2
আপনারা	অনেক	2
আপনে	আপডেট	2
করতে	বলসিলেন	2
বলসিলেন	এন্ড	2
এন্ড	বলসিলেন	2
বলসিলেন	পোস্ট	2
ভালো	তাহলে	2
হতে	পারসিনা	2
পারসিনা	আশা	2
করসি	বিষয়	2
টি	দেখবেন	2
আমার	সি৫	2
সি৫	এন্ড	2
অল	সিমবিয়ান	2
সিমবিয়ান	এই	2
হুম	সিম্ফনি	2
সিম্ফনি	তে	2
তে	ইউসি	2
ইউসি	সাপোর্ট	2
এনি	থিম	2
থিম	সুইচ	2
সুইচ	প্লাগইন	2
প্লাগইন	দিয়ে	2
২	মান্থস	2
মান্থস	আছে	2
আছে	তুই	2
টা	করসিলি	2
করসিলি	সেইটায়	2
সেইটায়	কেউ	2
কেউ	গালি	2
এখন	করছস	2
করছস	তাই	2
ওই	স্পিড	2
স্পিড	মিটার	2
মিটার	টা	2
করুন	টিউনার	2
টিউনার	হবেন	2
হবেন	ডোন্ট	2
ডোন্ট	কপি	2
ইনস্টল	করসে	2
তো	চলতেসেনা	2
চলতেসেনা	ওপেন	2
অটোমেটিক	ফাইনাশড	2
ফাইনাশড	হয়ে	2
কোথায়	পাইসেন	2
পাইসেন	লিংক	2
কিসের	বাটপারি	2
বাটপারি	ব্রো	2
এপস	ম্যাপ্স	2
ভাই	ট্রিটস	2
ট্রিটস	আপ	2
আপ	নিয়ে	2
ডিটেলস	একটা	2
কাইন্ডলি	ফেইসবুক	2
আসেন	আপনাকে	2
দিয়েছি	আমার	2
আমার	ফ্রম	2
ফ্রম	ব্যালান্স	2
ব্যালান্স	অপশন	2
আসেনা	ভিপিএন	2
আমারে	বলবে	2
বলবে	ইউসি	2
হ্যান্ডেলর	থেকে	2
থেকে	বিগ	2
বিগ	ভিডিও	2
ভিডিও	যেমন	2
মুভি	কিভাবে	2
প্লিজ	করো	2
হুম	আনরুট	2
আনরুট	নিয়ে	2
আসবো	মে	2
তাই	বলেছি	2
ডোমেইন	তাড়াতাড়ি	2
তাড়াতাড়ি	হ্যাক	2
হবে	বি	2
বি	এলার্ট	2
এলার্ট	ইউসার	2
বাংলা১	এইখান	2
এইখান	বাট	2
বাট	বাংলা২	2
বাংলা২	কই	2
আছে	নিচে	2
নিচে	ফ্রী	2
এ	গেয়ে	2
গেয়ে	দেখেন	2
কিশোর	গ্যাং	2
গ্যাং	দিন	2
দিন	বাড়তাছে	2
বাড়তাছে	একা	2
যাওয়াই	ভালো	2
স্পেমার	নট	2
নট	এলাউড	2
ট্রিক	এপ	2
আমার	ডব্লিউ৬৭	2
ডব্লিউ৬৭	ফোন	2
এখনো	এস৬	2
এস৬	রোম	2
রোম	ব্যবহার	2
ব্যবহার	করতেসে	2
করতেসে	কিন্তু	2
কিন্তু	আরপিএম	2
আরপিএম	তো	2
আমি	সেট	2
সেট	করসি	2
ভার্সন	মানে	2
নিউ	যখন	2
ফোন	কিনসিলাম	2
কিনসিলাম	সেই	2
কেমনে	সব	2
আসে	ব্যাকআপ	2
এত	ভুয়া	2
কেনো	পুরা	2
পুরা	২৪আওয়ারে	2
২৪আওয়ারে	ট্রাই	2
করসি	চলে	2
না	পাইলাম	2
করসিলাম	১৮	2
আনলিমিটেড	ইন্টারনেট	2
ইন্টারনেট	ইউস	2
পারবে	জানাবেন	2
প্রতিবার	এর	2
পেজ	বার	2
বার	খুললেই	2
খুললেই	হবে	2
কথা	লিখতে	2
লিখতে	হতো	2
হতো	যে	2
যে	ব্যালান্স	2
ব্যালান্স	এ১০	2
এ১০	টাকা	2
উপরে	থাকলে	2
২১	আওয়ার্স	2
আওয়ার্স	হয়	2
এ	গেলো	2
এখনো	পাইলামনা	2
রা	ওয়ার্ডেপ্রেস	2
ওয়ার্ডেপ্রেস	ইনস্টল	2
ডাউনলোডার	নাই	2
নাই	এফবি	2
এফবি	দেখে	2
দেখে	ভিডিও	2
করলাম	তারা	2
তারা	রিপ্লায়	2
রিপ্লায়	দিবে	2
দিবে	কতদিন	2
কিন্তু	কথা	2
থেকে	রিকভারি	2
রিকভারি	করবো	2
একটু	বলেদেন	2
বলেদেন	অনেক	2
একাউন্ট	নিসিলেন	2
নিসিলেন	তারা	2
না	নিলেও	2
নিলেও	হবে	2
আইডি	লিংকস	2
এইটারেই	বলে	2
বলে	আবুইল্লা	2
টাকায়	১০০এমবি	2
১০০এমবি	বন্ধ	2
দিয়েছে	আবার	2
৫০	টাকার	2
টাকার	প্যাক	2
কিনে	কইবার	2
কইবার	৫	2
১জিবি	নিতে	2
কেউ	এসএমএস	2
বোমবিং	করলে	2
তার	লোকেশন	2
লোকেশন	কোনো	2
ভাবে	ট্রেস	2
ট্রেস	করা	2
আমি	পাইসে	2
টাকা	ইনকামের	2
ইনকামের	জন্য	2
জন্য	ইউসারআপলোড	2
ইউসারআপলোড	এ	2
দিসে	থার্ড	2
থার্ড	লিংক	2
এ	ড্রোইড	2
এর	ডাইরেক্ট	2
আছে	তাছাড়া	2
তাছাড়া	উনার	2
উনার	স্ক্রিনশট	2
নাই	অন্যটা	2
অন্যটা	কোনো	2
অ্যাকশন	নিবেন	2
আমি	ফেন্ড	2
ফেন্ড	রিক	2
রিক	পাঠাইতেছি	2
পাঠাইতেছি	এক্সেপ্ট	2
ওয়েব	ভার্সন	2
করাটাই	ইসি	2
ইসি	এখন	2
এখন	এপিকে	2
সাইজ	বারতাসে	2
বারতাসে	দিন	2
আইডি	পেয়েছেন	2
পেয়েছেন	এন্স	2
দিছি	দেন	2
রিপোর্ট	এই	2
উইন	এ	2
সিস্টেম	সার্ভিস	2
সার্ভিস	এ	2
যায়	সফটয়ারে	2
সফটয়ারে	লাগে	2
করবো	নাম	2
ঠিকানা	কি	2
তার	দিতে	2
পারমিশন	এর	2
কথা	লেখেন	2
কোন	সেটিংস	2
স্টোর	এক্সেস	2
এক্সেস	হয়না	2
হয়না	প্লেসে	2
প্লেসে	আপনার	2
নামটা	বলেন	2
বলেন	উদাহরণ	2
উদাহরণ	এপিকে	2
থ্যাংক	ডেভেলপমেন্ট	2
ডেভেলপমেন্ট	শেষ	2
হলে	দিনেও	2
দিনেও	কথা	2
মাস্টারকার্ড	করবো	2
কে	এখনো	2
যখন	এ	2
অফার	ইউস	2
করসে	তখন	2
তখন	১জিবি	2
১জিবি	নেট	2
নেট	১০০০এসএমএস	2
১০০০এসএমএস	দেতো	2
আমাকে	খুঁজে	2
খুঁজে	না	2
এর	পিয়ন	2
পিয়ন	কি	2
দিয়ে	খোঁজ	2
খোঁজ	করে	2
এইচডি	করতে	2
যাদের	কনফিগ	2
কনফিগ	লাগবে	2
লাগবে	অ্যাসএসএইচ	2
অ্যাসএসএইচ	টিউনাল	2
টিউনাল	এইচটিটিপি	2
কাস্টম	তারা	2
তারা	নক	2
পিএনজি	ফরমেট	2
ফরমেট	কি	2
ভালো	করসেন	2
করসেন	পোস্ট	2
তে	ডার্ক	2
ঢুকার	ওয়ে	2
জন	অথর	2
হালা	কি	2
কি	লিখসোস	2
লিখসোস	এই	2
কেউ	কখনো	2
কখনো	পেইমেন্ট	2
পেইমেন্ট	পাইছিলেন	2
হবে	স্ক্রিপ্ট	2
স্ক্রিপ্ট	নির্মাতা	2
নির্মাতা	বলেসেন	2
বলেসেন	দিন	2
অটো	কোড	2
কোড	স্ক্রিপ্ট	2
স্ক্রিপ্ট	দেয়া	2
ওয়ালটন	এনএইচ	2
হয়না	কিভাবে	2
করবো	আরো	2
সফটওয়্যার	ব্যবহার	2
আবার	স্পাম	2
স্পাম	এর	2
অন্য	ডেস	2
ডেস	সিলেক্ট	2
রকম	কাজের	2
কাজের	কথা	2
বলসেন	এই	2
টা	বোমবিং	2
বোমবিং	আর	2
আর	বোমবিং	2
বোমবিং	নিয়ে	2
অনেক	লেখা	2
কিছু	লিখিনি	2
কাজটা	কোন	2
করবো	অপেরা	2
অপেরা	ইউসি	2
ইউসি	দিয়া	2
ব্রো	আমারটা	2
আমারটা	এর	2
এমটিকে	ড্রোইড	2
ড্রোইড	টুলস	2
এখনো	জানা	2
নেই	জানা	2
জানা	গেলে	2
গেলে	ইডিট	2
আমি	যেইটা	2
যেইটা	উইজ	2
উইজ	করতেছি	2
করতেছি	সেইটা	2
সেইটা	গুগল	2
গুগল	ভাইরাস	2
হিসেবে	ধরে	2
ধরে	এর	2
আগে	সেইটার	2
এ	দিছিলাম	2
অনেকেই	ডাউনলোড	2
দিতে	পারছিলোনা	2
পারছিলোনা	সেজন্য	2
সেজন্য	অন্য	2
তাই	থ্যাংক্স	2
ফর	এ	2
আমি	পিক্স্যাল্যাব	2
পিক্স্যাল্যাব	দিয়ে	2
দিয়ে	ইডিট	2
ইডিট	করেসি	2
এসএস	ভালো	2
পোস্ট	কেমন	2
হইসে	জানান	2
জানান	নি	2
নি	কিন্তু	2
কিন্তু	আশা	2
করি	পরবর্তী	2
পরবর্তী	কমেন্ট	2
গুগল	যদি	2
আপনার	এডসেন্স	2
এডসেন্স	এপ্রোভ	2
এপ্রোভ	করি	2
করি	আশা	2
নাই	ইনবক্স	2
আসেন	রোম	2
টা	দিবো	2
দিবো	আপনাকে	2
এ	বিন	2
বিন	দিলেন	2
দিলেন	মাস্টারকার্ড	2
দিয়ে	চেকার	2
চেকার	থেকে	2
থেকে	লাইভ	2
লাইভ	ও	2
ও	বের	2
বের	করলেন	2
করলেন	মাস্টারকার্ড	2
কাস্টমাইজ	কিভাবে	2
করবো	এন্ড	2
এন্ড	রোম	2
এইগুলা	মেগা	2
ডিলিট	দেখায়	2
আপনার	কম্পিউটার	2
কম্পিউটার	আপগ্রেড	2
পারবেন	ডলার	2
ডলার	অনলি	2
এখানে	ফ্রী	2
একটা	ইনকাম	2
হয়	রেফার	2
আর	ইনভেস্টমেন্ট	2
ইনভেস্টমেন্ট	কে	2
সিম্ফনি	ডাবলিউ৩১	2
ডাবলিউ৩১	এর	2
ধন্যবাদ	ক্লাস	2
ক্লেন্স	কিভাবে	2
হ্যাক	করবি	2
করবি	বলেন	2
পোস্ট	শিখাইলো	2
শিখাইলো	কেডা	2
হিহিহি	বুদ্ধি	2
বুদ্ধি	১০০০০০০০	2
১০০০০০০০	এও	2
করবেনা	ভাই	2
এটা	আধুনিক	2
আধুনিক	যুগ	2
যুগ	ব্যাটারী	2
ব্যাটারী	খোলা	2
খোলা	থাকলেও	2
থাকলেও	ধরবে	2
ধরবে	আপনি	2
করেন	যারা	2
যারা	ব্যাংক	2
ডাকাতি	করে	2
তারা	ফোন	2
নিয়ে	ঘরে	2
ঘরে	ধরা	2
ধরা	তো	2
পরে	ঘন্টার	2
আরেহ	এটা	2
তো	পিএসপি	2
এমুলেটর	জাভা	2
জাভা	এপস	2
এপস	চলবে	2
আশাকরি	ট্রিকবিডি	2
না	সত্য	2
কথা	লিখবেন	2
সরি	কাজ	2
হইসে	থ্যাংক্স	2
আমার	চলসে	2
চলসে	জিপি	2
এবং	রবি	2
তে	মাঝে	2
ডিসটার্ব	করতেসে	2
করতেসে	গতকাল	2
থেকে	সমাধান	2
হলে	বিস্তারিত	2
বিস্তারিত	জানানো	2
জানানো	যেত	2
যেত	দেখি	2
লিংক	দেব	2
ভাই	নানোহাশ	2
নানোহাশ	এর	2
হম্মম	রা	2
প্লিজ	১০০০০	2
পোস্ট	কয়জনে	2
কয়জনে	করবা	2
করবা	এফবি	2
এটার	কোয়ালিটি	2
গেসি	এত	2
ছোট	আর্টিকেল	2
আর্টিকেল	আর	2
আর	প্রুভ	2
আপনি	পাইসেন	2
করো	সুন্দর	2
দেখেন	দিছে	2
এপ	তাদের	2
আপনি	স্কিপ	2
মি	প্লিজজ	2
ভাইয়া	লাইন	2
লাইন	বা	2
বা	টেক্সট	2
আসেনা	বলে	2
যে	ইয়ারলি	2
খারাপ	করলে	2
রুলস	লঙ্গন	2
লঙ্গন	হবে	2
সো	আগে	2
আগে	দেখুন	2
দেখুন	দেন	2
দেন	রিভিউ	2
রিভিউ	ফালতু	2
পারি	কি	2
জিবি	নাকি	2
নাকি	৫১২	2
এমবি	ঠিক	2
সম্ভবত	আনরুট	2
গুলি	কথায়	2
দিন	হ্যাক	2
হইসে	চেঞ্জ	2
করে	নিসে	2
নিসে	হ্যাকার	2
হ্যাকার	হেল্প	2
কথা	৫	2
৫	মিনিটও	2
মিনিটও	কাজ	2
ভাই	আজকের	2
আজকের	কলম	2
কলম	এই	2
গুলো	কেমনে	2
কেমনে	রিমুভ	2
জিবি	সেন্ড	2
সেন্ড	করবো	2
এহ	ভাই	2
ভাই	পাওয়ার	2
পাওয়ার	সাপ্লাই	2
সাপ্লাই	কই	2
কই	জিপিও	2
জিপিও	টা	2
দেন	ই	2
হবে	এপ	2
তৈরি	করলে	2
করলে	সার্চ	2
সুন্দর	থ্যাংক	2
ভালো	বলেছেন	2
বলেছেন	তাহলে	2
তাহলে	একি	2
পোস্ট	জন	2
জন	করতে	2
পারবেন	তাই	2
বি	ভাই	2
করলেন	ফ্যামিলি	2
ফ্যামিলি	এপ	2
প্রুফ	দেখাইলেন	2
দেখাইলেন	ভিডিয়াপ	2
ভিডিয়াপ	কো	2
কো	এর	2
এর	কেমনে	2
ভাই	ইনডেশেয়ার	2
ইনডেশেয়ার	এ	2
করতে	হইলে	2
হইলে	অপেরা	2
অপেরা	ইউস	2
না	মেইন	2
মেইন	ব্রাউসার	2
ওয়েলকাম	আমি	2
ও	এইসব	2
এইসব	অনেক	2
ভাই	এতক্ষন	2
এতক্ষন	কোড	2
কোড	আসছিলো	2
আসছিলো	আর	2
এখন	কোড	2
দেয়ার	অপসন	2
দিলে	কিছুক্ষন	2
আগে	আসেই	2
সল্ভ	দেন	2
দেন	ক্লিয়ার	2
ডাটা	সব	2
অ্যাডমব	এর	2
ডলার	কিভাবে	2
টা	ডোমেইন	2
কি	ইচ্ছে	2
করেন	যেহেতু	2
যেহেতু	আপনার	2
একটা	হ্যাকিং	2
হোয়াটস্যাপ	নাই	2
ইউস	ইয়ানডেক্স	2
ব্রাউসার	হবে	2
কারন	ক্রোম	2
যে	ইয়ানডেক্স	2
হেল্প	স্টেটাস	2
স্টেটাস	লাইক	2
লাইক	পাচ্ছি	2
পাচ্ছি	কিন্তু	2
কিন্তু	ফটো	2
তে	কোনোভাবেই	2
কোনোভাবেই	লাইক	2
লাইক	দেয়	2
পেপালে	পেজা	2
পেজা	বিকাশ	2
আমি	সারাদিনে	2
সারাদিনে	৪৫০	2
৪৫০	টাকা	2
টাকা	পায়সি	2
পায়সি	থ্যাংকস	2
তে	কখনো	2
কখনো	স্প্যাম	2
স্প্যাম	করিনি	2
আজ	খুব	2
তাই	হেল্প	2
হেল্প	এভাবে	2
এভাবে	কমেন্ট	2
আমি	আন্তরিক	2
আন্তরিক	ভাবে	2
ভাবে	দুঃখিত	2
দুঃখিত	দুঃখিত	2
গরিবের	আর	2
তে	ওয়ার্কিং	2
পাইসি	২	2
বার	বিকাশ	2
জিমেইল	করতে	2
লিংক	কে	2
জানে	সেই	2
খানে	ডি	2
ডি	টাস্ক	2
কমপ্লিট	আর	2
ট্রিক	দেয়া	2
মাত্র	৪১কেবি	2
৪১কেবি	দেয়া	2
প্রথম	কুইয়েসেন	2
কুইয়েসেন	এ	2
নেক্সট	কুইয়েসেন	2
কুইয়েসেন	গুলায়	2
গুলায়	থাকে	2
তৈরী	ইমেইল	2
তাইলে	কয়েনবেস	2
ও	খুলতে	2
কি	আপ	2
নাকি	এ	2
তো	আবেদন	2
আবেদন	হওয়ার	2
দিয়ে	ফ্লেক্সি	2
ফ্লেক্সি	ও	2
অনেক	এপ	2
এপ	দেয়ার	2
দেয়ার	এ	2
গিয়ে	প্রুভ	2
দেখান	হতে	2
পারে	এগুলা	2
এগুলা	আপনি	2
আপনি	শর্টকাট	2
শর্টকাট	করে	2
করে	এনেছেন	2
এত	আজাইরা	2
আজাইরা	না	2
রিপোর্ট	এ	2
দিবেন	কজ	2
কজ	এই	2
কোনো	রুলস	2
রুলস	নাই	2
মোবাইল	ডাউনলোড	2
হচ্ছে	নাকি	2
করলাম	আসলো	2
এই	ভোটার	2
ভোটার	ফর্ম	2
কত	গুলো	2
গুলো	লিংক	2
আর	অ্যাডস	2
অ্যাডস	দেখলাম	2
দেখলাম	এগুলো	2
এগুলো	বাল	2
বাল	আরো	2
আগে	ফালাইসিই	2
ফালাইসিই	এডসেন্স	2
এডসেন্স	টা	2
টা	ডিসএবল	2
ডিসএবল	লোলললললললললললল	2
ভাব	কম	2
শালা	দাইয়া	2
দাইয়া	কাম	2
সেকেন্ড	মুভি	2
দেখসি	আর	2
আর	ফাস্ট	2
ফাস্ট	মুভি	2
আপনি	বলাতে	2
বলাতে	দেখার	2
দেখার	ইচ্ছা	2
ইচ্ছা	হইতেসে	2
হইতেসে	থ্যংক্স	2
সময়	লিংক	2
পোস্টে	আছে	2
১০৪১০৫৮	এই	2
বসান	বসালে	2
বসালে	২২০	2
২২০	টাকা	2
টাকা	বাড়বে	2
বাড়বে	আপডেট	2
সময়টিভি	তে	2
তে	নিউস	2
নিউস	আসছে	2
এ	যারাই	2
যারাই	ঢুকবে	2
ঢুকবে	তাদের	2
সব	তথ্য	2
তথ্য	চলে	2
যাবে	আমেরিকান	2
আমেরিকান	হ্যাকারদের	2
হ্যাকারদের	হাতে	2
ওহ	থ্যাংক	2
ফর	ওনাকে	2
ওনাকে	ক্রেডিট	2
বলসে	আপনাকে	2
আপনাকে	ফেইসবুক	2
ফেইসবুক	তে	2
দিলে	ফেইসবুক	2
আইডি	ডিসএবল	2
ডিসএবল	হবে	2
লিংক	ফেইসবুক	2
ফেইসবুক	টুইটার	2
টুইটার	পিন্টারেস্ট	2
পিন্টারেস্ট	ইনস্টাগ্রাম	2
ইনস্টাগ্রাম	হোয়াটস্যাপ	2
হোয়াটস্যাপ	সেন্ড	2
সেন্ড	করসি	2
করসি	কই	2
তো	চেষ্টা	2
আগে	চেষ্টা	2
ঠিক	বলেন	2
এ	অ্যাডাল্ট	2
অ্যাডাল্ট	কোনো	2
তো	ফেইসবুক	2
ডিসএবল	হবেই	2
হবেই	কাজ	2
বলে	থাকে	2
এমবি	লাগবেই	2
লাগবেই	ব্রো	2
আর	কমান্ড	2
দিলেন	সাথে	2
সাথে	কমান্ড	2
দিলে	যে	2
যে	রেজাল্ট	2
পাবো	টাও	2
টাও	দিয়ে	2
ভাই	সিএম১১	2
সিএম১১	কাস্টম	2
কি	পাইলা	2
পাইলা	না	2
না	ইউসার	2
দিয়ে	এড্রেস	2
থ্যাংক্স	এসব	2
এসব	জানানোর	2
ওরা	ওদের	2
কিছু	টোকেন	2
টোকেন	বিক্রয়	2
বিক্রয়	করবে	2
মধ্যে	ইনস্টল	2
দিতে	পারসে	2
এর	করেন	2
কাজ	স্টার্ট	2
হবে	পেজা	2
পেজা	তাকে	2
২জি	এখনো	2
এখনো	পায়	2
আবার	৪জি	2
অনেক	টিভি	2
রিমোট	ডাউনলোড	2
ডাউনলোড	সিঙ্গার	2
টিভি	পাই	2
পাই	তাছাড়া	2
তাছাড়া	কাজ	2
দেখেন	সিঙ্গার	2
টিভি	পাওয়া	2
যায়	ডাউনলোড	2
নিয়ে	প্রোফাইলে	2
প্রোফাইলে	ইউস	2
সাউন্ড	ফুল	2
দিয়ে	রাখবেন	2
যাদের	অলরেডি	2
অলরেডি	পাওনিয়ার	2
পাওনিয়ার	একাউন্ট	2
ইনভেস্ট	বলতে	2
টাকা	ফ্রী	2
তে	পাইছেন	2
পাইছেন	এন্ড	2
এন্ড	বোনাস	2
পাবেন	তা	2
তা	ইনভেস্ট	2
করে	রোবট	2
রোবট	কিনেন	2
অন্য	এপ্স	2
খুলতে	অনেক	2
যেমন	আই	2
রোবট	আর	2
যদি	ভাই	2
রোবট	বা	2
বা	ক্যাপচা	2
ক্যাপচা	কোড	2
কোড	টোটালি	2
টোটালি	ড্রোইড	2
লাগে	একাউন্ট	2
করতে	তা	2
যারা	শেয়ারইট	2
শেয়ারইট	চালায়	2
চালায়	কম	2
মিয়া	এগুলা	2
করে	কম	2
গেলে	দোষ	2
ভাইয়া	আনলিমিটেড	2
ট্রিক	নেই	2
এইটা	ছোট	2
তাহলে	বড়টা	2
বড়টা	তো	2
তো	কয়েক	2
কয়েক	কিমি	2
কিমি	হবে	2
সময়	বুঝলাম	2
ভাবে	রেফার	2
কেনো	ডিরেক্ট	2
ডিরেক্ট	রেফার	2
যুক্ত	লিংক	2
আগে	কোথাও	2
কোথাও	আছে	2
আছে	বাজে	2
ভাই	ওয়াপকার	2
ওয়াপকার	একটা	2
বাদ	ছিল	2
যদি	দেন	2
মানে	খুব	2
খুব	ফানি	2
ফানি	হইসে	2
কোনো	এমুলেটর	2
এমুলেটর	ছাড়াই	2
ছাড়াই	চলে	2
বলি	মাই	2
জিপি	এপ	2
আমায়	অথর	2
কত	রেম	2
খালি	থাকতে	2
করে	ভুয়া	2
ভুয়া	খবর	2
খবর	বানানো	2
নি	এই	2
গিয়ে	এর	2
এর	স্কলারশিপ	2
স্কলারশিপ	রেজাল্ট	2
রেজাল্ট	দেয়া	2
পুস্ট	নয়	2
নয়	পোস্ট	2
লাগে	হালার	2
হালার	গাদা	2
গাদা	ই	2
১৫	তো	2
এক	হাদিস	2
হাদিস	বলসেন	2
জাস্ট	ভুলে	2
ভুলে	আরেকটা	2
আরেকটা	বলে	2
বলে	বসেন	2
ভিডিও	প্রাইভেট	2
প্রাইভেট	করলে	2
রা	দেখবে	2
দেখবে	কেমনে	2
নিয়ে	নিছি	2
নিছি	এর	2
একটা	কে	2
দিছি	পি	2
এরর	৪০৪	2
কি	এরর	2
মতো	সাইট	2
আপলোড	দিলেন	2
আপডেট	দিলেই	2
দিলেই	সমস্যার	2
সমাধান	পাওয়া	2
এইতো	বলো	2
বলো	মুসলিম	2
মুসলিম	হয়	2
হয়	জন্মাতে	2
জন্মাতে	পারো	2
কেন	পরে	2
পরে	কেন	2
কেন	মুসলিম	2
মুসলিম	করা	2
হয়	আল্লাহ	2
দেয়া	দান	2
দান	কেন	2
কেন	কেটে	2
কেটে	ফেলা	2
হয়	মায়ের	2
মায়ের	৭তালাক	2
৭তালাক	হবার	2
ভাবে	মা	2
কে	বিয়ে	2
বিয়ে	করা	2
করুন	পরে	2
আমাকে	খারাপ	2
আমাকে	ডিলিট	2
খোদার	ফার্স্ট	2
ফার্স্ট	এই	2
ক্রেডিট	দেখেন	2
কইরা	দেইখা	2
দেইখা	দেইখাই	2
দেইখাই	আবাল	2
মতো	আজে	2
ফেইসবুক	টার্গেট	2
সব	প্ল্যান	2
প্ল্যান	আমি	2
জাস্ট	টুলস	2
টা	মেক	2
দিবেন	ওকে	2
দিছেন	ললিপপ	2
একবার	চেক	2
নিতে	লাগতো	2
লাগতো	পোস্ট	2
একটি	চূড়ায়	2
চূড়ায়	মোবাইল	2
মোবাইল	কিনসি	2
কিনসি	অন্যজনের	2
অন্যজনের	কাস	2
এখন	আইএমইআই	2
নিজের	ইচ্ছামতো	2
ইচ্ছামতো	বসাইতেই	2
বসাইতেই	চাই	2
চাই	কেমনে	2
নিয়ে	ওপেন	2
ওপেন	ওয়াইফাই	2
এ	প্রক্সি	2
প্রক্সি	কিছু	2
রিপ্লায়	দেও	2
দেও	গেম	2
আনলিমিটেড	গোল্ড	2
গোল্ড	কিভাবে	2
পাবো	অনেক	2
জানে	টাও	2
টাও	থাক	2
আগে	যেভাবে	2
যেভাবে	নিতেন	2
নিতেন	নিবেন	2
মনে	চায়না	2
চায়না	বকা	2
বকা	দিতে	2
দিতে	তাও	2
তাও	বকা	2
বকা	কি	2
তোমার	বাপ	2
লাগে	কইলে	2
কইলে	আর	2
আর	হইয়া	2
হইয়া	মিন	2
মিন	ট্রাই	2
রুটেড	তাও	2
তাও	বান্দরের	2
বান্দরের	তে	2
আইসা	ট্রিকবিডি	2
মান	কমাস	2
আমার	পুন	2
পুন	রুট	2
নেক্সট	কিভাবে	2
করবো	কিং	2
ভাই	২৩	2
২৩	টাকায়	2
ব্রো	মি	2
হচ্ছেনা	ট্রাই	2
আপনার	পোস	2
পোস	দারুন	2
একটা	কুইয়েসেন	2
কুইয়েসেন	ছিল	2
ছিল	আইডি	2
এর	সিগন্যাচার	2
সিগন্যাচার	যেটা	2
ঐটা	থাকলেই	2
নাকি	ওইটা	2
ওইটা	ও	2
ও	ইডিট	2
করে	চেঞ্জ	2
করি	রিপ্লায়	2
এপবিল্ডার	মেকরোইড	2
মেকরোইড	কুড়ুল্যার	2
কুড়ুল্যার	থানকএবল	2
থানকএবল	এগুলা	2
সব	ওয়েব	2
থেকেই	বানানো	2
স্টোরে	পাবলিশড	2
করেই	এন্ড	2
স্টোরে	একাউন্ট	2
থ্যাংকস	দিয়া	2
না	আল্লাহর	2
কাসে	প্রে	2
প্রে	করি	2
তুমি	যেন	2
যেন	অনেক	2
টা	বলতে	2
পারবেন	সব	2
কিছু	উপরের	2
অনুসারে	করেসি	2
এক্সাক্ট	কি	2
হয়েছে	সেটা	2
বলুন	এপ	2
করে	রিইনস্টল	2
রিইনস্টল	করুন	2
করুন	সমস্যাটা	2
সমস্যাটা	সমাধান	2
কে	দিবো	2
ডাউনলোড	হতেই	2
আর	খালি	2
খায়	কি	2
ডায়াল	আছে	2
আছে	থিঙ্ক	2
থিঙ্ক	আমি	2
নো	নিউ	2
পোস্ট	ট্রাই	2
ট্রাই	ট্রিকবিডি	2
ব্রো	পাস	2
ওয়ার্ড	পাবো	2
কাহিনী	না	2
কইরা	আব্বুর	2
দিয়ে	চালাইতাসি	2
চালাইতাসি	ওইটাই	2
ওইটাই	ভালো	2
ধরনের	লিখা	2
লিখা	লিখলে	2
লিখলে	কমেন্ট	2
কমেন্ট	হয়না	2
হয়না	জানতে	2
তাছাড়া	এপ	2
মেসেজ	পাইছি	2
নেট	পায়	2
অফিসিয়াল	না	2
কোনো	রোম	2
লাগবে	মার্শাম্যালো	2
মার্শাম্যালো	বা	2
বা	ললিপপ	2
ললিপপ	নাগেট	2
হাহা	কন্টাক	2
কন্টাক	মোড	2
চেয়ে	১এমবি	2
১এমবি	এর	2
ব্যাকআপ	এপ	2
ওয়াইফাই	অর	2
অর	হটস্পট	2
হটস্পট	একসাথে	2
একসাথে	কখন	2
কখন	ও	2
না	অন	2
অন	করলেন	2
করলেন	টা	2
হলো	ওয়াইফাই	2
ওয়াইফাই	ডিরেক্ট	2
পোস্ট	মেইবি	2
পোস্ট	যিনি	2
যিনি	করেসে	2
করেসে	এয়ারড্রপ	2
এয়ারড্রপ	সম্পর্কে	2
সম্পর্কে	তার	2
তার	সঠিক	2
সঠিক	ধারণা	2
ধারণা	নেই	2
সো	বাগস	2
২টা	ওএস	2
এখন	কম্পিউটার	2
কম্পিউটার	স্টার্ট	2
পর	উইন্ডোস	2
উইন্ডোস	চালাতে	2
উইন	চালাবো	2
চালাবো	আর	2
আর	স্টার্ট	2
পর	জোরিন	2
জোরিন	চালাতে	2
চালাবো	কম্পিউটার	2
করেন	কিনবো	2
ভাই	পিডিএফ	2
পিডিএফ	দেন	2
দেন	টেক্সট	2
টেক্সট	দিয়েন	2
জানিনা	ভাইয়া	2
ডাবলিউপিএস	অফিস	2
অফিস	মোড	2
তে	করুন	2
যেই	টাকে	2
টাকে	সাইট	2
করতেসেনা	তাই	2
লিংক	ডেড	2
ডেড	বলসি	2
যাইয়া	কোড	2
কোড	কোর্ট	2
কোর্ট	করে	2
এন্ড	৪টাকা	2
৪টাকা	ক্যাশব্যাক	2
ক্যাশব্যাক	দিতো	2
এক্সট্রাক্ট	করছিলেন	2
আপনিও	আনসিওসি	2
আনসিওসি	পাগল	2
পাগল	ওহ	2
ওহ	আমিতো	2
কিছু	খেলেই	2
খেলেই	বাদ	2
কাজ	এটাক	2
আপনার	মাইজিপি	2
মাইজিপি	ভার্সন	2
এয়ারটেল	এপ	2
এপ	এপিকে	2
পিওর	লিখে	2
মান্থ	ইউস	2
মতে	এটাও	2
এটাও	ওরজিনাল	2
ওরজিনাল	ব্রো	2
হইসে	তার	2
ও	গুছিয়ে	2
পোস্ট	আমারো	2
আমারো	চলে	2
ভাই	ওকিমিডিয়া	2
ওকিমিডিয়া	তে	2
চেয়ে	আপলোড	2
ফাইল	কেমনে	2
লিংক	কালার	2
কালার	করতে	2
পারসিনা	কিভাবে	2
ডগ	অল	2
অল	হি	2
স্পিড	স্ক্রিট	2
স্ক্রিট	সেটিং	2
সেটিং	তাই	2
সবাই	চালাতে	2
ফ্রেন্ড	জানে	2
কালকে	বিকাশ	2
ইন	করসিলাম	2
করসিলাম	আমাকে	2
আমাকে	বলা	2
বলা	হইসিলো	2
হইসিলো	এক	2
এক	কার্য	2
কার্য	দিবস	2
দিবস	অপেক্ষা	2
গেলো	কিছু	2
ই	দিলো	2
দিলো	নাতো	2
ভাই	দেখুন	2
দেখুন	সবগুলা	2
সবগুলা	নিয়ে	2
নিয়ে	ই	2
পোস্ট	রেজাল্ট	2
শুধু	পল্লি	2
পল্লি	বিদ্যুৎ	2
বিদ্যুৎ	এর	2
ফ্রেন্ড	২০	2
জিবি	পাইছে	2
পাইছে	আর	2
পাইলাম	হায়রে	2
আপডেট	কিসুদিন	2
কিসুদিন	পর	2
লাথি	মারুম	2
মারুম	শালা	2
কলেজ	নিশ্চ্য়ন	2
নিশ্চ্য়ন	করার	2
জানান	টেলিটক	2
টেলিটক	থেকে	2
প্লেস্টোর	অনেক	2
অনলাইন	আর্ন	2
আর্ন	নিউ	2
ভাই	সাবধান	2
সাবধান	আমি	2
করসিলাম	এই	2
ভাবে	পরে	2
ফোন	সফ্ট	2
সফ্ট	ব্রিক	2
পেপাল	ইউএসডি	2
ইউএসডি	সেল	2
করেন	ট্রাস্টেড	2
আসেন	রেগুলার	2
ঢুকতে	পারসিনা	2
পারসিনা	ড্রাইভ	2
রাতে	প্লিজ	2
ভালো	থেকে	2
করো	টিউনার	2
আপনি	সকালে	2
কি	খাইসেন	2
খাইসেন	তা	2
করে	টিপস	2
টিপস	দিয়ে	2
কোন	সোশ্যাল	2
সোশ্যাল	হচ্ছে	2
যেই	কথা	2
কথা	উইথড্র	2
উইথড্র	আর	2
অ্যাডমিন	ডিপোজিট	2
কারণে	কিছু	2
কম	ডলার	2
কত	কেটে	2
ইউসার	এক্সপ্লোরার	2
এক্সপ্লোরার	ডব্লিউ১২	2
ডব্লিউ১২	কি	2
কি	ভাবার	2
ভাবার	রুট	2
আমি	কিং	2
রুট	কিঙ্গ	2
রুট	সব	2
ট্রাই	ভাইয়া	2
সাথে	এ	2
যাবে	ওয়েব	2
ডেভেলপমেন্ট	পারি	2
বাট	কোনোদিন	2
কোনোদিন	হোস্টিং	2
হোস্টিং	ডোমেইন	2
এইটা	২বার	2
২বার	করা	2
হয়ে	নিয়ে	2
নিয়ে	তুমি	2
কইরা	নেন	2
সিউর	এরকম	2
গুড	থ্যাংক্স	2
অনেক	ফ্রেন্ডস	2
ফ্রেন্ডস	এইটা	2
ইউস	করতেসে	2
পুরাতন	রা	2
রা	ফিরতেসে	2
ফিরতেসে	আরেক	2
আরেক	নেম	2
নেম	রিয়াড্রোক্স	2
ই	করতাম	2
করতাম	ভাই	2
গুলা	বটস	2
বটস	নিয়ে	2
ফ্যাক্ট	এই	2
বট	নিয়েও	2
আগেই	কয়েক	2
জিবি	চালাতে	2
চালাতে	গেলে	2
গেলে	পিসি	2
পিসি	কোর	2
কোর	আই৯	2
আই৯	লাগবে	2
লাগবে	পি	2
পি	রিয়েলি	2
রিয়েলি	কোর	2
আই৫	এর	2
নিচে	ভালো	2
হয়না	আপনি	2
দেন	ফটোশপ	2
ফটোশপ	৭	2
৭	লিখে	2
লিখে	ফটোশপ	2
ফটোশপ	লিখে	2
পাবেন	সিএস	2
সিএস	৫	2
৫	চালাতে	2
পারেন	সাইজ	2
সাইজ	সব	2
গুলো	প্রত্যেকটা	2
প্রত্যেকটা	৩০০	2
মিনি	হ্যান্ডেলর	2
হ্যান্ডেলর	দিয়ে	2
এখানে	এসডি	2
গুলো	চলবে	2
এন্ড	গেম	2
মান	এর	2
গেম	মিডিয়াম	2
মিডিয়াম	পিসি	2
তাইলে	খুশি	2
আমার	অল	2
এর	চেক	2
করো	পেয়ে	2
টিউনার	হইতে	2
হইতে	পারলাম	2
ব্রো	টিউনার	2
করবো	অল	2
তাদের	অফিস	2
কেউ	লেনোভো	2
লেনোভো	এর	2
ইনস্টল	অপসন	2
দিসেন	এর	2
স্ক্রিনশট	অপসন	2
অপসন	বিবি	2
উইজ	করসেন	2
ওয়েবটার্নেল	এর	2
স্পিড	এরকম	2
ইনস্টল	দিলাম	2
দিলাম	এফ	2
এফ	বাদ	2
এখন	থাকি	2
থাকি	এফ	2
এফ	ম্যাক্স	2
ম্যাক্স	খেলবো	2
ফর	মেসেজ	2
দুর	কানেক্টেড	2
কানেক্টেড	হয়না	2
খুলুন	১৫	2
দিলে	বিকাশ	2
টাও	দিবো	2
ওহ	আবার	2
ওপেন	করেছে	2
করেছে	জানানোর	2
গুগল	এপ	2
এপ	ডিসএবল	2
ডিসএবল	করলে	2
করলে	সি	2
সি	ও	2
ও	সি	2
সি	এর	2
মতো	গেম	2
খেলতে	সমস্যা	2
ফ্রেমরুট	এপটি	2
এপটি	ইনস্টল	2
টা	১টা	2
হইলো	ঘরে	2
ঘরে	কারেন্ট	2
কারেন্ট	এর	2
এর	করার	2
খুব	রিস্কি	2
রিস্কি	ডিলিট	2
ডিলিট	পোস্ট	2
পোস্টে	আসে	2
আসে	প্রোফাইলে	2
প্রোফাইলে	দেখলাম	2
যে	লেখসেন	2
লেখসেন	এফবি	2
দিসেন	কেমনে	2
জন্ম	১৯৯৮	2
১৯৯৮	আমি	2
নাহ	কোড	2
আসেন	এমডিএমআরবিডি	2
এমডিএমআরবিডি	লিখে	2
লিখে	চেক	2
তাড়াতাড়ি	ডব্লিউ৭০	2
ডব্লিউ৭০	এর	2
স্যাডলি	বিডিআইএক্স	2
যদি	সেজদায়	2
সেজদায়	গিয়ে	2
ওই	দুআ	2
দুআ	টি	2
টি	পরে	2
হজ	এ	2
পরে	তাহলে	2
কোনো	অভাব	2
অভাব	থাকবেনা	2
সে	আল্লাহর	2
আল্লাহর	অলি	2
অলি	ও	2
কিন্তু	এইবার	2
এইবার	আপনারকথা	2
আপনারকথা	ঠিক	2
করে	কারণ	2
লেখা	কাজ	2
গুলো	যে	2
যে	করেনা	2
করেনা	সে	2
সে	নামাজ	2
ও	পড়েনা	2
পড়েনা	এটা	2
যাচ্ছে	এন্ড	2
যে	নামাজ	2
নামাজ	পরে	2
ভাবে	সে	2
সে	আপনার	2
গুলো	অটো	2
অটো	মেনে	2
মেনে	চলে	2
চলে	পরা	2
পরা	লাগেনা	2
লাগেনা	কিন্তু	2
কিন্তু	আমিযেটা	2
আমিযেটা	বললাম	2
বললাম	তা	2
কেউ	অটো	2
অটো	মানেনা	2
মানেনা	পরা	2
পরা	জানা	2
রিচার্জ	নিবো	2
ফেক্সিপ্লান	দিয়ে	2
গিফট	করতে	2
ওরজিনাল	প্রিন্ট	2
প্রিন্ট	দিলে	2
দিলে	একই	2
কথা	আপনাদের	2
যে	টিউনার	2
ভুল	এজ	2
এজ	আমি	2
মান্থ	থেকেই	2
আর	ইম্প্রেশন	2
ইম্প্রেশন	এর	2
জন্য	ডলার	2
ডলার	১০০০	2
১০০০	ইম্প্রেশন	2
ব্রাউসার	চালাচ্ছেন	2
চালাচ্ছেন	অপেরা	2
প্লিজ	যেন	2
যেন	সবার	2
ভাই	তাইতো	2
তাইতো	আপনার	2
মোবাইল	সাপোর্ট	2
দেখুন	ঠিকমতই	2
ঠিকমতই	কাজ	2
করবে	থ্যাংকস	2
কি	ওয়াল্টন	2
ওয়াল্টন	ফ্রিমো	2
ফ্রিমো	এফ	2
এফ	৬	2
৬	ইউস	2
নেক্সট	প্রমাণ	2
প্রমাণ	বিডি	2
বিডি	আই	2
আই	এক্স	2
এক্স	এর	2
এর	এখনো	2
এখনো	নিজের	2
নিজের	বলা	2
বলা	দাবি	2
দাবি	করবেন	2
আসেন	আমারও	2
আমারও	নোকিয়া	2
নোকিয়া	ই৫২	2
ইউসার	সব	2
কিছুর	কিন্তু	2
লিমিট	থাকে	2
এস	শর্ট	2
শর্ট	কই	2
ভাই	পল্লী	2
এখন	অর্ডার	2
অর্ডার	দিয়ে	2
যেভাবে	আপনার	2
আপনার	এন্ড্রোইড	2
এন্ড্রোইড	মোবাইলে	2
মোবাইলে	কোয়ালিটি	2
ভিডিও	তৈরি	2
তৈরি	করবেন	2
ওয়েট	দেখছে	2
দেখছে	সার্চ	2
কিন্তু	সবগুলার	2
সবগুলার	১৪৪পি	2
১৪৪পি	তো	2
মোড	প্লিজ	2
চেটের	দিয়ে	2
এই	সিন	2
সিন	শুটগুলা	2
শুটগুলা	ইডিট	2
ইডিট	করলেন	2
অনলাইন	তো	2
আছে	অফলাইন	2
অফলাইন	থাকলে	2
জানিনা	রিপ্লায়	2
রিপ্লায়	পাবো	2
কিনা	তবুও	2
তবুও	কমেন্ট	2
কমেন্ট	এক	2
এক	ব্লগসাইটে	2
ব্লগসাইটে	এপ্প্রুভ	2
এপ্প্রুভ	হয়েসে	2
হয়েসে	১	2
মান্থ	সেটা	2
সেটা	ফ্রীব্যাসিক্স	2
ফ্রীব্যাসিক্স	এ	2
হ	রাইট	2
৫	দিনে	2
দিনে	৫০০	2
পয়েন্ট	গ্যালাক্সি	2
গ্যালাক্সি	ট্যাব	2
ট্যাব	৩	2
৩	অর্ডার	2
অর্ডার	আমি	2
এমবি	কমে	2
কমে	আর	2
আমার	৩৬৭এমবি	2
৩৬৭এমবি	থেকে	2
জিবি	হয়ে	2
কেমন	এপিকে	2
ইয়েস	আবার	2
করসি	একবার	2
হয়	বইলেন	2
বইলেন	প্লিস	2
রাখা	করার	2
হলে	আগের	2
নাম্বার	অফ	2
ওয়েব	কিনতে	2
কিনতে	এন্ড	2
এন্ড	টিউনার	2
টিউনার	লাগবে	2
আপনি	হবেন	2
হবেন	কি	2
ফার্স্ট	ই	2
এ	থাকবেন	2
থাকবেন	টোকেন	2
টোকেন	দেখার	2
জন্য	ওয়ালেট	2
হেই	বোকা	2
বোকা	তোরে	2
করতে	রেফার	2
রেফার	ইনকাম	2
কথা	বলিস	2
পোস্ট	গট	2
গট	২	2
২	রিপোর্টস	2
রিপোর্টস	বেশি	2
এড	এবং	2
এবং	এসএস	2
এসএস	কম	2
কম	দিসে	2
দিসে	গেম	2
কিসুই	বোঝা	2
না	গেম	2
দেওয়া	হয়নি	2
হম	এই	2
তে	কিসু	2
কিসু	নিউ	2
নিউ	পিপল	2
পিপল	দেখতেসি	2
দেখতেসি	যারা	2
যারা	কথা	2
মতো	বলে	2
বলে	ডিফল্ট	2
হয়	জানিনা	2
টিডব্লিউআরপি	লাগবে	2
এইচ৩০০	ফোন	2
ব্যাকআপ	রোম	2
রোম	কারো	2
আমারও	জিএফ	2
গ্রুপ	টার	2
দেওয়া	প্রয়োজন	2
প্রয়োজন	এফবি	2
গ্রুপ	ভালো	2
মতো	একটিভ	2
হলে	মেম্বার	2
রা	সর্ট	2
সর্ট	প্রব্লেম	2
প্রব্লেম	সম্পর্কে	2
সম্পর্কে	হেল্প	2
হেল্প	পেতে	2
পেতে	পারবেন	2
লল	যে	2
এই	ভুত	2
এফএম	শোনবে	2
শোনবে	তার	2
টাকা	ডেইলি	2
ডেইলি	অনলাইন	2
অনলাইন	রেডিও	2
রেডিও	ও	2
তা	গুগল	2
দিলে	পাওয়া	2
ব্যালান্স	চেইক	2
চেইক	পোস্ট	2
অথর	হারিয়েছিলাম	2
হারিয়েছিলাম	আপনার	2
ভুল	কাজ	2
কোথায়	বিকাশ	2
ব্রো	ইসি	2
সার্ভার	বের	2
বের	হবার	2
হবার	সম্ভবনা	2
সম্ভবনা	আছে	2
ইউসার	নই	2
ওয়াও	থ্যাংকস	2
হইসেন	ভালো	2
করসে	তারে	2
তারে	ক্রেডিট	2
ছিল	যাইহোক	2
যাইহোক	কপি	2
পারছে	ভাই	2
ভাই	বলার	2
নিন	কোনো	2
জাস্ট	পর্যন্ত	2
হয়	নট	2
নট	আপ	2
আজকে	কি	2
কেউ	এভাবে	2
এভাবে	নিছো	2
নিছো	বলো	2
এপ	ফোল্ডার	2
ফোল্ডার	ডা	2
ডা	কি	2
কি	খাকি	2
খাকি	রাখমু	2
আগেই	বলা	2
আলহামদুলিল্লাহ	তোমাকে	2
আমি	চিনতে	2
চিনতে	কথা	2
কথা	হইলো	2
হইলো	তোমাদের	2
তোমাদের	বৈশিষ্ট	2
বৈশিষ্ট	হলো	2
তোমরা	অলওয়েজ	2
অলওয়েজ	থেকে	2
থেকে	হাদীদ	2
হাদীদ	আমল	2
আমল	হাদিসের	2
হাদিসের	আমল	2
আমল	এই	2
তো	মুসলমানের	2
মুসলমানের	কর্তব্য	2
কর্তব্য	এখন	2
আমার	কোয়েশ্চেন	2
কোয়েশ্চেন	হলো	2
তোমরা	তো	2
অবশ্যই	কুরআন	2
কুরআন	মানো	2
তারা	পেআউট	2
পেআউট	এর	2
সময়	আমাকে	2
আমাকে	কন্টাক্ট	2
কন্টাক্ট	করলেই	2
দেখানো	২	2
কিভাবে	দিসিলেন	2
দিসিলেন	০১৭	2
০১৭	এইভাবে	2
পেজিং	অ্যাড	2
করবো	সাইট	2
ডাউনলোড	কিছুই	2
কিছুই	নয়া	2
নয়া	ভিডিও	2
ভিডিও	রিসেন্ট	2
রিসেন্ট	আপডেট	2
কোড	পেজিং	2
পেজিং	টা	2
পাগলের	দল	2
দল	এটা	2
এটা	ভুয়া	2
ভুয়া	আমাদের	2
এই	টুকু	2
টুকু	সাধারণ	2
আমি	৩০০০	2
৩০০০	নেবার	2
নেবার	পর	2
পর	এডসেন্স	2
এডসেন্স	এপলাই	2
এপলাই	করলে	2
দিয়ে	টাকায়	2
এখনো	দেয়	2
এই	ড্রোইড	2
ভিপিএন	যতদিন	2
যতদিন	অফ	2
নিয়ে	এইসব	2
এইসব	নির্লজ্জ	2
নির্লজ্জ	অথর	2
করতেই	থাকবে	2
থাকবে	ট্রিকবিডি	2
ট্রিকবিডি	এরাই	2
এরাই	নষ্ট	2
করে	ফেলতেসে	2
ফেলতেসে	অ্যাডমিন	2
কিছু	দেখে	2
দেখে	রিপোর্ট	2
রিপোর্ট	অল	2
রাউটার	কনফিগারেশন	2
কনফিগারেশন	প্রব্লেম	2
কথা	নেটওয়ার্ক	2
নেটওয়ার্ক	কভারেজ	2
কভারেজ	তো	2
তো	চলতো	2
চলতো	ই	2
আপনার	সিস্টেমটা	2
সিস্টেমটা	এখনো	2
মেয়াদ	কই	2
আপনি	জানুন	2
জানুন	বাস	2
বাস	ভালো	2
ভালো	ওটা	2
আবার	কমেন্ট	2
করে	দাম	2
দাম	বাড়াই	2
বাড়াই	দিছেন	2
দিছেন	করে	2
ব্রো	নষ্ট	2
রুট	ওয়াইফাই	2
দিয়ে	কিনবে	2
কিনবে	এসব	2
ফালতু	পাওয়ার	2
করে	ব্র্যান্ড	2
জিনিস	নেয়া	2
নেয়া	নোট	2
নোট	এ	2
মতো	মেইল	2
দিবেন	জাস্ট	2
জাস্ট	অরিজিনাল	2
অরিজিনাল	একাউন্ট	2
সব	একাউন্ট	2
একাউন্ট	ভাইয়া	2
ভাইয়া	মেইল	2
মেইল	নেম	2
নেম	এক্সাম্পল	2
মাস্তি	বাজ	2
বাজ	গা	2
গা	এর	2
সেল	দেবেন	2
এখান	টাকা	2
টাকা	পিসি	2
মতো	হ্যাকিং	2
হ্যাকিং	প্রাকটিস	2
প্রাকটিস	করতে	2
ফেইসবুক	এনি	2
হেল্প	ত	2
ত	কন্টাক্ট	2
গুলো	দেখবেন	2
দেখবেন	এন্ড	2
যদি	টপিক	2
টপিক	ভালো	2
ভালো	দিতে	2
দিতে	পেরেসি	2
দিসি	এর	2
খারাপ	ও	2
বেপক	বিনোদন	2
বিনোদন	এর	2
ইউসার	পোস্ট	2
থেকে	চ্যানেল	2
চ্যানেল	৯	2
৯	বাদ	2
বাদ	দিসে	2
দিসে	পোস্ট	2
এপ	লিংক	2
এমন	হইলে	2
কেউ	২	2
২	দিনেই	2
দিনেই	বড়	2
বড়	লোকক্স	2
উঠাবো	কিভাবে	2
কিভাবে	লেখবো	2
লেখবো	তাহলে	2
ব্রো	একই	2
অবস্থা	কেন	2
বলে	জিবি	2
জিবি	শুধু	2
শুধু	মার	2
মার	দিলাম	2
দিলাম	ইউসার	2
ব্রো	স্কিটো	2
লোড	দেয়া	2
না	ক্যাপচা	2
আপলোড	ক্লিক	2
করলাম	পাবলিশড	2
রিস্টোর	দিন	2
সাইট	ডিসাইন	2
ডিসাইন	করে	2
সাইট	খুলতে	2
খুলতে	চাচ্ছি	2
পেলাম	তাও	2
ওয়েট	করার	2
কইরা	সেভ	2
আপনার	ড্রইড	2
এন্ড	সেটিং	2
এমবি	দেখে	2
হুম	হইসে	2
হইসে	ডাউনলোড	2
ডাউনলোড	এখন	2
এখন	চললেই	2
চললেই	হইবো	2
পোস্ট	খুজতে	2
১০০০০০০০০০০০০	তে	2
১২০০	ইউএসডি	2
এমবি	দেখেন	2
গেছে	তবে	2
কিছু	বোনাস	2
গেছে	৩টা	2
৩টা	সিম	2
সিম	মিলে	2
মিলে	৯৪	2
৯৪	জিবি	2
জিবি	এইগুলা	2
আর	কাটবে	2
যখন	ব্রেকাপ	2
ব্রেকাপ	নিবেন	2
তখন	যে	2
যে	ইন্টারনাল	2
ইন্টারনাল	মেমরি	2
মেমরি	দেখায়	2
দেখায়	সেখানে	2
তাহলে	এসডি	2
ও	দেখাবে	2
দেখেন	অবস্থা	2
ফেলড	অনেকবার	2
বাট	ফেলড	2
তো	মেমরি	2
মেমরি	পার্মানেন্টলি	2
পার্মানেন্টলি	ফরমেট	2
ফরমেট	দিমু	2
ট্রাই	করছো	2
তে	ওল্ড	2
ওল্ড	টিউনার	2
কিছু	টিউনার	2
হোক	কারণ	2
কারণ	ওল্ড	2
ওল্ড	গুলো	2
ভিসিট	করতেই	2
করতেই	ইচ্ছে	2
অ্যাডমিন	দিয়ে	2
দাও	অবশ্যই	2
অবশ্যই	স্পিড	2
ইসেট	নড	2
নড	৩২	2
৩২	আর	2
আর	স্মার্ট	2
স্মার্ট	সিকিউরিটি	2
সিকিউরিটি	৯	2
৯	এর	2
মধ্যে	তোফায়	2
তোফায়	টা	2
মধ্যে	ইমোজি	2
ইমোজি	আনতে	2
আনতে	পারেন	2
ভাইয়া	সাইনাপ	2
সাইনাপ	করবেন	2
করবেন	এমনি	2
সেটা	দিয়েই	2
দিয়েই	ওয়েব	2
থেকে	কন্ট্রোল	2
কন্ট্রোল	করবেন	2
ডিসকভারি	এফটিপি	2
ভার্সন	দিলে	2
হবে	বোঝলাম	2
ভাই	মিলায়ে	2
মিলায়ে	আমি	2
মধ্যে	৫	2
টা	স্ক্রিনশর্ট	2
স্ক্রিনশর্ট	দিয়ে	2
দেওয়া	ভাই	2
বানান	ভাইয়া	2
আপনাদের	সাথেই	2
তো	ছিলাম	2
এমন	ওইগুলা	2
অনেক	খুঁজে	2
বের	করছি	2
করছি	কাইন্ডলি	2
রেডমি	এস২	2
এস২	তে	2
হবে	থিম	2
জানাবেন	একটু	2
পারবেন	তার	2
আলাদা	কোড	2
ভাই	এইচডি	2
এইচডি	মুভি	2
মুভি	ট্রাস্ট	2
আমাদের	গ্রুপ	2
গ্রুপ	অর	2
অর	পেজ	2
আসুন	কাটিং	2
কাটিং	ফাইল	2
আছে	এসশট	2
এসশট	দেখে	2
ভাই	বুঝেন	2
বুঝেন	গ্রুপ	2
গ্রুপ	ফলো	2
ফলো	প্ৰব	2
প্ৰব	এর	2
পোখসো	মানে	2
মানে	বসন্ত	2
বসন্ত	ঠিক	2
তাই	দিসিলাম	2
পাসওয়ার্ড	নেই	2
নেই	লগইন	2
ও	ওটিপি	2
ওটিপি	দিয়ে	2
দেয়	এগুলা	2
করতে	১০০	2
১০০	টাকার	2
টাকার	পরিশ্রম	2
পরিশ্রম	করতে	2
এখনো	এতো	2
বোকা	আছে	2
পোস্ট	বিডিটুইস্ট	2
এখন	১০০০	2
১০০০	ভিউ	2
ভাই	কারা	2
কারা	আমাকে	2
ফলো	করসে	2
করসে	তা	2
তা	লুকাবো	2
লুকাবো	কিভাবে	2
অপেরা	আনলক	2
আপ	হচ্ছে	2
না	রোবট	2
রোবট	কানেক্টেড	2
কানেক্টেড	করার	2
এর	লজ্জা	2
নাই	গালি	2
খাওয়ার	কাজ	2
করলে	পাবলিক	2
পাবলিক	এর	2
দোষ	কি	2
আপলোড	কি	2
মতো	থার্ড	2
ক্লাস	মার্কা	2
মার্কা	লোকগুলা	2
লোকগুলা	এমন	2
এমন	ই	2
ই	বলবে	2
বলবে	কিসু	2
জেনে	আমার	2
সব	প্রুফ	2
প্রুফ	করেন	2
তারপর	আপনার	2
আপনার	খবর	2
খবর	ঐটা	2
ঐটা	শপ	2
শপ	ভাউচার	2
ভাউচার	হলেও	2
হলেও	অল	2
অল	জায়গায়	2
নাম্বার	সাইট	2
সাইট	খুলসি	2
হয়	হইলে	2
সাথে	পাবলিশড	2
এ	ট্যাগ	2
ট্যাগ	ইউস	2
করবেন	ট্যাগ	2
ট্যাগ	না	2
খুঁজে	পেতে	2
পেতে	কষ্ট	2
প্রায়	৩৫	2
৩৫	লাখের	2
লাখের	উপরে	2
উপরে	অ্যানড্রয়েড	2
অ্যানড্রয়েড	এপ্লিকেশন	2
এপ্লিকেশন	রয়েছে	2
রয়েছে	গুগল	2
স্টোরে	তো	2
সফটওয়্যার	গুলো	2
কি	হ্যা	2
হ্যা	কম্পিউটার	2
সফটওয়্যার	মোবাইল	2
এ	কইরেন	2
কইরেন	তে	2
যেই	হাই	2
গ্রাফিক্স	গেম	2
আছে	একেকটা	2
একেকটা	এ	2
আপনি	২৫জিবি	2
২৫জিবি	এর	2
গেম	খেলবেন	2
ঠিকই	পাইতাসি	2
বিডি	কনটেন্ট	2
কনটেন্ট	খারাপ	2
শেষের	লাইন	2
লাইন	গুলা	2
গুলা	খেয়াল	2
খেয়াল	ছিলোনা	2
ক্লিয়ার	না	2
ডাটা	ক্যাবলড	2
ক্যাবলড	দিয়ে	2
হয়	ক্যাবল	2
ক্যাবল	কানেক্ট	2
ছাড়া	টিমভীওয়ার	2
টিমভীওয়ার	এর	2
করসি	তাই	2
ভাই	স্পেয়ারড্রাম	2
স্পেয়ারড্রাম	এসসি৭৭৩১	2
এসসি৭৭৩১	চিপসেট	2
চিপসেট	হাউ	2
টু	ক্রিয়েটেড	2
ক্রিয়েটেড	কাস্টম	2
কাস্টম	একটা	2
ডিটেলস	কোনো	2
ভাই	পুরাটাই	2
পুরাটাই	ঠিক	2
টাও	হইছে	2
হচ্ছেনা	আপনি	2
প্লিজ	যেভাবে	2
যেভাবে	করসেন	2
সেটা	আপলোড	2
দিন	ক্রেডিট	2
কথা	টাকা	2
ডিসিএমআই	ভাবলাম	2
ভাবলাম	অন্য	2
কিসু	ফাঙ্কশন	2
ফাঙ্কশন	কিন্তু	2
কিন্তু	দেখি	2
দেখি	এইটা	2
এইটা	ফোল্ডার	2
ফোল্ডার	নিয়ে	2
নিয়ে	লেখসেন	2
দেন	ইন্টারনেটড	2
ইন্টারনেটড	নেক্সট	2
পার্ট	দেন	2
দেন	যত	2
তাড়াতাড়ি	পসিবল	2
পসিবল	গুড	2
৫	নামানো	2
আপনার	ডোমেইন	2
এখনো	কিনা	2
কিনা	হয়	2
কেউ	কিনে	2
কিনে	নেই	2
আমি	ব্যাকআপ	2
ব্যাকআপ	রেখে	2
রেখে	নিয়ে	2
মোবাইল	ব্রেক	2
ব্রেক	মারসে	2
আমি	এমনি	2
এমনি	বললাম	2
দিছেন	ভুয়া	2
করসে	আমার	2
আমার	৫০০০০	2
৫০০০০	সাতোশি	2
লস	হইয়া	2
গেলো	বাট	2
এটা	স্ক্যাম	2
করলে	বাঁশ	2
সার্ভার	ফেইসবুক	2
ফেইসবুক	এটা	2
কেন	গুগল	2
গুগল	ক্রোমে	2
ক্রোমে	আসে	2
লক	ভেরিফাই	2
ভেরিফাই	দিসি	2
ফোন	চেঞ্জ	2
তারপর	ইউস	2
বাট	প্রথম	2
প্রথম	বক্স	2
কে	লিখবো	2
এরকম	আপনার	2
কমেন্ট	কালার	2
কালার	আর	2
কথা	বলসে	2
এপ	টাতো	2
টাতো	অল	2
টাইম	ফোন	2
দিছি	তা	2
তা	অফলাইন	2
যায়	দেখুন	2
এই	খেলসি	2
পিএসপি	গেম	2
দিয়া	চালাইতে	2
কি	হাইড	2
আছে	আলাদা	2
আলাদা	এপ	2
হবে	করার	2
এটাও	গুগল	2
সার্চ	মেশিন	2
মেশিন	যেটা	2
যেটা	মেশিন	2
মেশিন	সব	2
সব	ইমেজ	2
আপনার	সামনে	2
হাজির	হবে	2
হমমম	রুট	2
সেট	থাকলে	2
থাকলে	আনলিমিটেড	2
আনলিমিটেড	করা	2
ধন্যবাদ	সাথেই	2
কি	বুঝলান	2
বুঝলান	নাহ	2
জি	সিরিজ	2
এর	প্রসেসর	2
প্রসেসর	মানে	2
মানে	বুঝেন	2
বুঝেন	এইগুলো	2
এইগুলো	গেমিং	2
প্রসেসর	গেমিং	2
ইমু	ফোন	2
কিভাবে	বানিয়েসেন	2
ব্রো	এগুলাকি	2
এগুলাকি	এপিকে	2
ভাই	লেক্সিস	2
লেক্সিস	এডিটর	2
একটা	আপেল	2
আপেল	আইডি	2
এগুলা	ব্রাউসার	2
ব্রাউসার	করবো	2
ইউটিউব	প্লে	2
স্টোরে	চলবে	2
দেখে	সেম	2
ভডি	এপস	2
টি	তার	2
তার	কেমনে	2
কেমনে	আর্ন	2
করে	বানানোর	2
বানানোর	থেকে	2
সরাসরি	এপস	2
টার	এই	2
দিন	তাইলেই	2
তাইলেই	তো	2
যার	আধুনিট	2
আধুনিট	আইডি	2
গুলা	বসাবে	2
তে	টানেল	2
টানেল	গুরু	2
গুরু	দিয়ে	2
আপনিতো	টিউনার	2
টিউনার	ছিলেন	2
নো	ইট	2
ইট	থ্যাংকস	2
আমাকে	হ্যাক	2
করবে	বলতে	2
কি	বুঝাইলেন	2
বুঝাইলেন	যদি	2
অনেক	ক্ষণ	2
ক্ষণ	ট্রাই	2
কিন্তু	কানেক্টেড	2
যে	অফার	2
করবেন	যেটা	2
যেটা	সবাই	2
পাবে	ঐটাই	2
ঐটাই	পোস্ট	2
করবেন	বাকি	2
বাকি	আপনার	2
আপনার	অফার	2
অফার	এইখানে	2
এইখানে	শেয়ার	2
ছাগল	দের	2
দের	সাবস্ক্রাইবার	2
সাবস্ক্রাইবার	কে	2
কমেন্ট	এতো	2
ওয়েট	আপনার	2
তে	এসএস	2
কিছু	ক্লাস	2
ক্লাস	স্টার্ট	2
হইসে	আমরা	2
আমরা	করতেসি	2
শুধু	কুরআন	2
কুরআন	এর	2
বলেছি	চোখ	2
এ	চশমা	2
চশমা	পড়ুন	2
পড়ুন	ভাষা	2
করুন	ভাষা	2
ভাষা	এমন	2
এমন	জিনিশ	2
জিনিশ	যে	2
যে	পরিবার	2
পরিবার	এর	2
এর	রূপ	2
রূপ	প্রকাশ	2
করবো	দেওয়ার	2
নোকিয়া	দিয়ে	2
দিয়ে	সশট	2
সশট	নিসি	2
নিসি	তো	2
তাই	নেন	2
নেম	গন্ধ	2
গন্ধ	নাই	2
অল	ট্রিকসবিডি	2
ট্রিকসবিডি	তোমার	2
কে	স্প্রেডট্রাম	2
আমি	শিকব	2
শিকব	আপনি	2
নাইস	হিসেবে	2
হিসেবে	অন্য	2
অন্য	পিক	2
পিক	দিতে	2
দিতে	৬টা	2
৬টা	পিক	2
কিভাবে	ইডিট	2
ইডিট	করতে	2
নাতো	এমনি	2
এমনি	সময়	2
সময়	টুকু	2
টুকু	নষ্ট	2
নষ্ট	করাইলেন	2
কিছু	আরো	2
পরে	এসএসসি	2
এক্সাম	প্লিজ	2
কিন্তু	অল	2
অল	সাবজেক্ট	2
সাজেশন	দেওয়া	2
দেওয়া	বোর্ড	2
বোর্ড	আর	2
আর	সাজেস্টেড	2
সাজেস্টেড	অথর	2
রিকোয়েস্ট	প্লিজ	2
ওই	বিষয়	2
একটু	মনোযোগ	2
মনোযোগ	দিয়া	2
উপকৃত	ভুল	2
ফোন	এএপিএন	2
এএপিএন	টাইপ	2
টাইপ	নাই	2
সেটা	সঠিক	2
পারিনা	ব্রো	2
তবে	থাকবে	2
থাকবে	কিসুদিন	2
কিসুদিন	মেইবি	2
পোস্ট	লাক	2
নাম	আইডি	2
এখন	ন্যাশনাল	2
রুলস	ফর	2
ফর	কন্ট্রোল	2
কন্ট্রোল	ইটিসি	2
ইটিসি	চেষ্টা	2
করবো	সাজেস্ট	2
হ্যা	কপি	2
কপি	মাস্টার	2
আইফোনের	জন্যে	2
জন্যে	পায়	2
শালা	বাদাইমা	2
বাদাইমা	গোরের	2
গোরের	বাদাইমা	2
বাদাইমা	এখানে	2
এখানে	স্পাম	2
স্পাম	করতে	2
টিউবমেট	ইউস	2
করে	দিস	2
দিস	আমার	2
চ্যানেল	জানবো	2
জানবো	ফাস্ট	2
ফাস্ট	পার্ট	2
পার্ট	আসে	2
তো	মানসম্মতো	2
মানসম্মতো	হয়	2
তারপর	ওপরে	2
ওপরে	পোস্ট	2
নাই	লল	2
কষ্টের	মোডিফাইড	2
করা	জিনিস	2
জিনিস	তুমি	2
তুমি	ফ্রি	2
তুমি	টাকা	2
দিয়ে	কিনছিলা	2
কিনছিলা	তোমার	2
তোমার	উচিত	2
ছিল	ফ্রি	2
পর্যন্ত	দিলে	2
দিলে	না	2
না	বাহ্	2
বাহ্	বাহ্	2
এইচটিএমএল	ক্যারেক্টার	2
ক্যারেক্টার	এন্টিটিস	2
এন্টিটিস	ইউস	2
হুম	ড্রোইডভিপিএন	2
ড্রোইডভিপিএন	এখন	2
হ্যা	ওয়ার্কিং	2
মিয়া	কত	2
খন	চেপে	2
ধরে	রাখলাম	2
রাখলাম	কিছুই	2
ট্রিকবিডি	কমেন্ট	2
সুযোগ	দেওয়ার	2
করলেই	আওয়ার	2
পরে	ব্যানড	2
যাচ্ছে	এমন	2
খুলে	কিসু	2
করেও	ব্যানড	2
ব্যানড	কি	2
কনফিগ	তো	2
তো	ক্রিয়েট	2
ক্রিয়েট	হলো	2
দিয়ে	রাখলাম	2
রাখলাম	নক	2
দিলে	হেল্প	2
হইসে	সব	2
আমার	কুলপ্যাড	2
কুলপ্যাড	ডাজেন	2
ডাজেন	১	2
নোকিয়া	২৬৯০	2
২৬৯০	জাভা	2
মোবাইল	আমি	2
কিভাবে	টুইটার	2
টুইটার	এর	2
এর	প্রোফাইলে	2
প্রোফাইলে	পিকচার	2
পিকচার	চেঞ্জ	2
এপ	ক্লোনার	2
ক্লোনার	দিয়া	2
দিয়া	জীবনেও	2
জীবনেও	হবে	2
তাই	ফাজলামো	2
অনেককন	ট্রাই	2
বাট	১০১টাকার	2
১০১টাকার	কোনো	2
বলসি	শুধু	2
টাকা	যাবেনা	2
ফর	আন্ডারস্ট্যান্ডিং	2
আন্ডারস্ট্যান্ডিং	প্রচারে	2
প্রচারে	আসুন্নাহট্রাস্ট	2
আসুন্নাহট্রাস্ট	গুগল	2
পারেন	উপকৃত	2
উপকৃত	হবেন	2
হবেন	ইনশাল্লাহ	2
আমি	ডব্লিউ৬৮কিউ	2
ডব্লিউ৬৮কিউ	রুট	2
আর	কাষ্টম	2
রোম	মিস্টিক	2
মিস্টিক	ওএস	2
ওএস	উইজ	2
উইজ	অনেক	2
ভালো	কাষ্টম	2
রোম	পাইতাসি	2
পাইতাসি	নাহ	2
নাহ	পাইলেও	2
পাইলেও	ডাউনলোড	2
এ	৪০৪	2
ভাই	ডব্লিউ৬৮কিউ	2
ডব্লিউ৬৮কিউ	আর	2
একটা	কাষ্টম	2
আর	সংবাদ	2
সংবাদ	দেন	2
দিয়ে	ভেরিফায়েড	2
ভেরিফায়েড	করতে	2
পুটকি	মারানীর	2
মারানীর	পোস্ট	2
পোস্ট	চোদনা	2
চোদনা	এই	2
বাল	মানুষে	2
মানুষে	খেলায়	2
করে	লিখেসেন	2
লিখেসেন	এই	2
গুলো	এক	2
হলেও	দেখেন	2
ভাই	প্রুভ	2
রোম	ছিল	2
ছিল	ডিলিট	2
১টা	ওয়ার্ডেপ্রেস	2
সাইট	ইডিট	2
ই	সাইট	2
মেক	করতাছে	2
করতাছে	বুঝছো	2
বুঝছো	আর	2
কারো	প্রব্লেম	2
পাসওয়ার্ড	নাই	2
কোনো	ফকিন্নি	2
ফকিন্নি	সাইন	2
সাইন	আউট	2
পেজা	থেকে	2
আমার	ব্যাংক	2
নিজের	ইউটিউব	2
ভাবেই	ছেড়ে	2
ছেড়ে	নিলেন	2
নিলেন	ভাও	2
৮৮১১	এ	2
কল	দাও	2
দাও	এন্ড	2
এন্ড	রিসিভ	2
কেটে	নোটিফিকেশন	2
দেখি	তাহলেই	2
তাহলেই	বোনাস	2
বোনাস	দেখা	2
দিয়ে	৫	2
৫	হাজার	2
লাইক	নিলাম	2
নিলাম	নো	2
পুরা	প্লেস্টোরে	2
প্লেস্টোরে	টাই	2
টাই	দিয়ে	2
ব্রো	সার্চ	2
করে	পাইনি	2
ফেলেসি	ওখানে	2
ওখানে	১টা	2
১টা	ফীচার	2
ফীচার	নিয়ে	2
৩টা	নিয়েই	2
নিয়েই	আর	2
আর	ডিলিট	2
ডিলিট	করসিনা	2
করসিনা	সরি	2
আর	আসলে	2
আসলে	প্রাইস	2
কত	হইতে	2
কোড	আসছে	2
এন্ড্রোইড	ষ্টুডিও	2
ষ্টুডিও	দিয়া	2
দিয়া	কেমন	2
কেমন	বানাবো	2
বানাবো	করেন	2
নাইস	মোবি	2
মোবি	রেনার	2
রেনার	ইউসার	2
খুলার	সময়	2
সময়	কান্ট্রি	2
হাসাইলেন	তাই	2
হয়	যাক	2
তে	আপনাদের	2
আপনাদের	পছন্দ	2
অনেক	ফ্যাশন	2
ফ্যাশন	থাকবে	2
থাকবে	ফান	2
কোনো	ওপেন	2
ওপেন	নাই	2
অন্যের	নিজের	2
নিজের	হাতের	2
কমেন্ট	করাই	2
করাই	আপনাদের	2
আপনাদের	কাজ	2
এইটাতে	এসএস	2
কি	উল্টাপাল্টা	2
উল্টাপাল্টা	লিখসেন	2
এম	ভিসিট	2
করুন	আজকেই	2
আজকেই	পোস্ট	2
তাই	ফাপর	2
ফাপর	মারি	2
মারি	আমার	2
খুব	শখ	2
হইসে	কষ্ট	2
কইরা	ডিলিটও	2
ডিলিটও	করার	2
কইরা	দেখসি	2
দিয়ে	হাজার	2
হাজার	ফন্ট	2
ফন্ট	ঢুকানো	2
ঢুকানো	যায়	2
যত	ফন্ট	2
ফন্ট	ততো	2
পোস্টে	যেটা	2
আছে	এসএস	2
এসএস	তে	2
তে	সেটা	2
সেটা	দেয়া	2
কাছে	একটাই	2
একটাই	এপিকে	2
কানেকশন	তো	2
কাসে	এমটি৬৫৮০	2
এমটি৬৫৮০	ললিপপ	2
কাস্টম	আছে	2
করবো	আপডেট	2
আপডেট	কিসু	2
কিসু	দেয়ার	2
ফর	গাইড	2
বলছে	এম	2
এম	এক্স	2
এক্স	প্লেয়ার	2
খেলা	পোস্ট	2
এ	দেখালো	2
দেখালো	এইচডি	2
এইচডি	স্ট্রিম	2
স্ট্রিম	টাইটেল	2
এপসগেইসের	ডট	2
ও	বানাতে	2
অপশন	দিলে	2
দিন	কিছু	2
আবুল	বাড়তেছে	2
বাড়তেছে	ট্রিকবিডি	2
সানকি৯৪	প্ল্যান	2
প্ল্যান	অফ	2
অন	৯৯৯	2
৯৯৯	ফলস	2
ফলস	সাবস্ক্রিপশন	2
সাবস্ক্রিপশন	অ্যাক্টিভেটেড	2
অ্যাক্টিভেটেড	এক্সপায়ারি	2
আমি	করেসি	2
করেসি	ব্রো	2
এইচ৪০০	এর	2
বাট	তোমারে	2
তোমারে	আর	2
মতো	হাসেন	2
হাসেন	কেন	2
আগে	বললেন	2
বললেন	ডিএক্টিভ	2
ডিএক্টিভ	এখন	2
বলেন	অফ	2
অফ	আজব	2
আজব	মেন	2
যাদের	এইটা	2
এইটা	আছে	2
আর	স্টক	2
স্টক	এন্ড্রোইড	2
যেহেতু	কপি	2
দাবি	করসেন	2
তাই	প্রুফ	2
প্রুফ	হিসাবে	2
হিসাবে	লিংক	2
দিলে	সবচেয়ে	2
সবচেয়ে	বেটার	2
ম্যাক	স্টাইল	2
কি	আনজিপ	2
আনজিপ	করতে	2
এখন	ক্লাস	2
ক্লেন্স	খেলতে	2
খেলতে	মজা	2
মজা	পাইমু	2
থেকে	শিখসেন	2
শিখসেন	ক্রেডিট	2
জিবি	কোর	2
আই৫	২ন্ড	2
২ন্ড	যেফোর্স	2
যেফোর্স	জিটিএক্স	2
জিটিএক্স	৩১০এম	2
৩১০এম	কোনটা	2
কোনটা	খুশি	2
হলো	মেইন	2
মেইন	রুল	2
তো	২জিবি	2
২জিবি	পাওয়া	2
পি	প্লিজ	2
আইডি	৭৬৬৭৮	2
করলাম	খুবই	2
খুবই	ইন্টারস্টিং	2
রবি	থাকলে	2
আগে	মাইক্রোসফট	2
মাইক্রোসফট	ফ্রী	2
তে	বিসনেস	2
একাউন্ট	দিচ্ছিলো	2
দিচ্ছিলো	তখন	2
তখন	নেক্সটছিলাম	2
নেক্সটছিলাম	জেনেরালি	2
জেনেরালি	অনড্রভ	2
অনড্রভ	স্টোরেজ	2
স্টোরেজ	দেই	2
এগুলা	বেশিক্ষন	2
বেশিক্ষন	থাকে	2
আগের	নেটফ্লিক্স	2
নেটফ্লিক্স	কাজ	2
তো	বাচ্চা	2
বাচ্চা	আর	2
জেনে	ই	2
অথর	হইসি	2
হইসি	আর	2
ও	কিসু	2
কিসু	হতে	2
ইট	কোনো	2
কিছু	কারো	2
থাকে	নেই	2
তাহলে	১	2
কারো	দেয়	2
আমি	নিলে	2
নিলে	স্পিড	2
কম	পায়	2
পায়	কেনো	2
কেউ	যেন	2
যেন	হেল্প	2
সেম	এ	2
থাকা	ফোন	2
ট্রিক	জানা	2
তে	কারো	2
কাইন্ডলি	নক	2
টার	লিমিট	2
থেকে	বলেসি	2
বলেসি	১৫	2
জন	কমেন্ট	2
করসে	৯	2
৯	জন	2
জন	বলসে	2
তারা	জানেনা	2
জানেনা	তাহলে	2
হেলো	অথর	2
অথর	ইউসি	2
ব্রাউসার	৪১০০	2
৪১০০	হবার	2
৫	করে	2
টাকা	আসতাছে	2
আসতাছে	কেন	2
কোড	ব্যবহার	2
কই	কজন	2
কজন	কে	2
কে	শেয়ার	2
শেয়ার	নিবো	2
নিবো	৫০০০	2
৫০০০	হলে	2
হলে	ভাগ	2
ই	নিবো	2
নিবো	ইউস	2
ইউস	মাই	2
কোড	১০২৪৪৭৫	2
অফ	করাইয়া	2
করাইয়া	ভালো	2
ভালো	করছেন	2
করছেন	মানুষ	2
মানুষ	আরাম	2
আরাম	এ	2
এ	চালাইতেসিলো	2
চালাইতেসিলো	এখানে	2
কইরা	দিলেন	2
দিলেন	সব	2
শেষ	কইরা	2
কিভাবে	কারনেল	2
গিফট	করলাম	2
একটা	হ্যাক	2
মড	দিয়ে	2
ম্যাচ	গেম	2
প্লিজ	গো	2
গো	মাসেজ	2
মাসেজ	মি	2
রেজিস্ট্রেশন	ই	2
হয়না	ফেল	2
ফেল	দেখায়	2
দেখায়	বাদ	2
বাদ	এটা	2
ভালো	প্রিমিয়াম	2
বাঁশ	না	2
মিয়া	এটার	2
এটার	প্রাইস	2
প্রাইস	আরো	2
কমে	যাইবে	2
যাইবে	কেউ	2
এটা	বাই	2
সেজন্য	প্রাইস	2
প্রাইস	একদম	2
একদম	লো	2
লো	দিন	2
প্রাইস	কমতেছে	2
কত	এন্স	2
দিলে	ভেরিফাই	2
ওরা	কে	2
কে	ওই	2
নিউ	ইউকে	2
কোড	দিবে	2
গুগল	ব্লগার	2
থিম	এক্সএমএল	2
ফোন	ইসি	2
নেট	হঠাৎ	2
হঠাৎ	চলে	2
এড্রেস	গুলা	2
বাট	ইসি	2
প্রব্লেম	সল্যুশন	2
নিয়মে	কাজ	2
করসি	একটিভ	2
যখন	একটা	2
একটা	কমান্ড	2
ওইটা	কাটবো	2
কাটবো	কেমনে	2
আর১০০	ব্যাবহার	2
করি	এটি	2
এটি	৪জি	2
আমি	৪জি	2
তারা	বলসে	2
মোবাইল	টু	2
টু	৪জি	2
সাপোর্টেড	এখন	2
কিভাবে	৪জি	2
যারা	সিম্ফনি	2
আর১০০	উইজ	2
গেলো	এখন	2
করবো	বর্তমান	2
বর্তমান	ঠিকানা	2
ঠিকানা	স্থায়ী	2
স্থায়ী	ঠিকানা	2
ঠিকানা	সঠিক	2
দেওয়ার	পরও	2
পরও	এমন	2
এমন	হলো	2
হবে	এ২০১০	2
স্টেইনস	গেট	2
গেট	একটা	2
একটা	এনিমে	2
সিরিজ	আছে	2
ট্রাভেল	এর	2
এর	নাটস	2
নাটস	ফুটবে	2
ফুটবে	ব্রেন	2
ব্রেন	এর	2
ব্রো	ভডি	2
হবে	ইমেইল	2
ইমেইল	টি	2
টি	লেখার	2
সময়	ভুল	2
গেছে	সরি	2
২৮৭২	কমপ্লেন্ট	2
কমপ্লেন্ট	সেন্টার	2
সেন্টার	বিটিআরসি	2
বিটিআরসি	এর	2
ট্যাক্স	সহ	2
সহ	৩০	2
নাকি	৩২	2
এন্ড্রোইড	একটা	2
নেম	এয়ারন্ড্রোইড	2
এয়ারন্ড্রোইড	এই	2
প্রিমিয়াম	লাগবো	2
জিড্রাইভে	লিংক	2
হত	এনিওয়ে	2
দেখুন	ব্রুট	2
ফোর্স	টাইটেল	2
ই	গেলে	2
গেলে	পাসওয়ার্ড	2
হ্যাক	আমি	2
তো	নিজেরটা	2
নিজেরটা	দিয়েই	2
করা	হ্যাক	2
ধরণের	উপন্যাস	2
উপন্যাস	লিখি	2
আছে	ন্ড্রোইড	2
ভিপিএন	শুধু	2
চলে	রবি	2
আপনি	আইপিএস	2
আইপিএস	ও	2
পারবেন	আইপিএস	2
আইপিএস	এর	2
এর	এসি	2
এসি	আউটপুট	2
আউটপুট	এর	2
সাথে	পিসি	2
পিসি	পসু	2
পসু	মাল্টি	2
মাল্টি	প্লাগ	2
প্লাগ	দিয়ে	2
রান	হইসে	2
হইসে	প্রোভ	2
প্রোভ	কই	2
চেক	উইথ	2
উইথ	ইসিসি	2
ইসিসি	সিপূজ	2
সিপূজ	এপিকে	2
প্লাস	১০টি	2
১০টি	এর	2
হবে	প্রসেসর	2
প্রসেসর	জেন	2
জেন	১	2
১	অনেক	2
বাট	স্টক	2
স্টক	কেম	2
কেম	এর	2
কানেকশন	স্লো	2
আওয়ার	দেন	2
কথা	সাইন	2
বার	এক্সিট	2
এক্সিট	কম্যান্ড	2
কম্যান্ড	দিলে	2
দিলে	ব্যাক	2
ব্যাক	হয়ে	2
তারপর	নিউ	2
নিউ	এনভায়রনমেন্ট	2
এনভায়রনমেন্ট	ক্রিয়েট	2
৪র্থ	এপটা	2
এপটা	ডাউনলোড	2
করলাম	থ্যাংক্স	2
দেখেন	ফেইসবুক	2
ট্রিক	ক্যাটাগরি	2
এই	মডার্ণ	2
মডার্ণ	সাইন্স	2
সাইন্স	এ	2
মানুষ	থাকলেও	2
থাকলেও	কিন্তু	2
কিন্তু	সবার	2
সবার	হাতের	2
হাতের	নাগালেই	2
নাগালেই	কোনো	2
কোনো	ক্লোজ	2
ক্লোজ	ফেন্ড	2
ফেন্ড	এর	2
এর	অথবা	2
অথবা	প্রতিবেশী	2
প্রতিবেশী	আমারও	2
আমারও	নিজের	2
কিন্তু	কাসিন	2
কাসিন	এর	2
আমি	৫১৩০	2
৫১৩০	আর	2
আর	সি১	2
সি১	ফ্ল্যাশ	2
আপনার	৫০০টাকার	2
৫০০টাকার	জায়গায়	2
জায়গায়	১৭০০	2
১৭০০	টাকা	2
টাকা	হলো	2
আপনার	ফার্স্ট	2
ফার্স্ট	স্ক্রিন	2
শট	এর	2
এখানে	যেতে	2
হবে	ডিটেলস	2
ব্যবহার	টার	2
টার	ভালো	2
আর	এরা	2
সিউর	ডেলিভারি	2
ডেলিভারি	করে	2
চ্যানেল	কেমনে	2
প্যাক	বলতে	2
বলতে	আগে	2
আগে	দিয়ে	2
তারপর	ডায়াল	2
আমি	উনার	2
উনার	আগে	2
আগে	করেসি	2
করেসি	ট্রিকবিডি	2
তে	তাহলে	2
আমার	পাবলিশড	2
উনার	টা	2
অনেক	ফাইল	2
ফাইল	পেয়ে	2
যাবেন	আমাকে	2
আমাকে	কাসে	2
কাসে	অফিসিয়াল	2
অফিসিয়াল	ফাইল	2
জন্য	দিচ্ছি	2
বিকল্প	আছে	2
তো	সপ্তাহ	2
বার	যাই	2
যাই	টেক্সট	2
নাও	তে	2
তে	১৫	2
আমার	জে৫০০এফ	2
জে৫০০এফ	কাজ	2
সে	গালি	2
গালি	খাবে	2
থেকে	টেস্ট	2
করি	চলেসি	2
চলেসি	কিন্তু	2
কিন্তু	একটাও	2
একটাও	হ্যাক	2
না	বালের	2
টিউনার	বাতিল	2
বাতিল	করুন	2
ও	কাজের	2
ব্রেক	মারছে	2
মারছে	ফ্ল্যাশ	2
এইটা	কত	2
জি	চেষ্টা	2
কেন	পুরাতন	2
পুরাতন	অফার	2
পারলে	শিখে	2
শিখে	নিয়েন	2
আমার	মির্কাসয়স	2
মির্কাসয়স	করলে	2
ও	একটিভ	2
হচ্ছে	চলসে	2
চলসে	ইউটিউব	2
ইউটিউব	প্লাস	2
প্লাস	পোস্ট	2
দেখসি	অনেক	2
হয়	ইয়েলো	2
ইয়েলো	এরর	2
এরর	আইকন	2
আইকন	এসে	2
এসে	ফুল	2
পোস্ট	আমায়	2
হেল্প	কাজ	2
কন্টিনিউ	থাকসা	2
থাকসা	সিরিজ	2
ডেকোম্প্রেস	করতে	2
২০	আওয়ার্স	2
কাজ	করতসে	2
করতসে	আমার	2
করতেসে	আপনার	2
না	লল	2
লল	ওকে	2
ওকে	নো	2
প্রব্লেম	নাও	2
আমিও	মেসেজ	2
করলাম	স্ক্রিন	2
রিপ্লায়	করসে	2
না	লেট	2
করে	রিপ্লায়	2
রিপ্লায়	করে	2
করতে	সোশ্যাল	2
করেন	অবশ্যয়	2
অবশ্যয়	লগ	2
উমমম	ওকেই	2
ওকেই	রিলিজ	2
রিলিজ	হলে	2
যে	রিভিউ	2
দেখলাম	পুরা	2
অস্থির	হবে	2
১৫০টাকা	১৫জিবি	2
১৫জিবি	কিভাবে	2
আপনার	এপস	2
এপস	তো	2
শেয়ার	ভাই	2
মানলাম	ক্রেডিট	2
বলে	একবারে	2
একবারে	ফুল	2
পাবে	১বার	2
থ্যাংক্স	টু	2
ভাই	টেরমুক্স	2
টেরমুক্স	এর	2
করলেও	পাওয়া	2
আমাদের	ওয়ার্ডেপ্রেস	2
ফুল	ট্রিকবিডি	2
মতো	ভিসিট	2
হুম	পাইসি	2
পাইসি	৪০০	2
গুগল	মামার	2
মামার	হেল্প	2
হেল্প	নিন	2
করসেন	থ্যাংকস	2
ট্রুকলার	দিবেন	2
পর	কত	2
সাতশি	দেই	2
কেউ	হলে	2
আপনার	এসি	2
এসি	তে	2
টাকা	ইনক্লুড	2
ইনক্লুড	করায়	2
করায়	দিতাম	2
দিতাম	কীপ	2
ফেইসবুক	চালাও	2
চালাও	না	2
আস্সালামুআলাইকুম	থ্যাংক	2
দেয়	কোনো	2
হ্যালো	১০০	2
আসে	কত	2
এ	পেতে	2
পেতে	আশা	2
করি	এন্স	2
একটু	ড্রাইভ	2
মাই	স্যামসাঙ	2
স্যামসাঙ	ভি	2
ভি	প্লাস	2
প্লাস	রুট	2
ক্যাটাগরি	কিসের	2
ওদের	কাম	2
কাম	এ	2
এ	এগুলা	2
এগুলা	বলে	2
করতে	ই	2
ই	পারেনা	2
পারেনা	আর	2
কিছু	মানুষকে	2
মানুষকে	শিখাতে	2
শিখাতে	চায়	2
চায়	তাদের	2
তাদের	মন	2
তো	ডিলিট	2
ডিলিট	বন্ধ	2
করলে	খুলবে	2
খুলবে	কিভাবে	2
কিভাবে	সিস্টেম	2
সিস্টেম	ডিলিট	2
ডিলিট	আগের	2
মতো	হেল্প	2
হেল্প	১টা	2
১টা	প্রব্লেম	2
একাউন্ট	যোগ	2
ওইখানে	ট্রানসাকশান	2
বসাবো	প্লিজজজ	2
প্লিজজজ	কেউ	2
দিলেন	পুরাই	2
পুরাই	ফাউল	2
বেশি	সিঙ্গাপুরে	2
সিপিসি	মার্কেটিং	2
মার্কেটিং	সাইট	2
সাইট	রেজিস্ট্রেশন	2
রেজিস্ট্রেশন	করো	2
আর	প্রতি	2
প্রতি	ক্লিক	2
ইনকাম	করো	2
আসলেও	একটা	2
বোকা	টাইপ	2
টাইপ	ইউসার	2
ইউসার	আপনি	2
এ	এভেইল্যাবলে	2
এভেইল্যাবলে	ব্যালান্স	2
ব্যালান্স	দিয়া	2
উইথড্র	কথা	2
কথা	বলেসিলেন	2
বলেসিলেন	তারপর	2
তারপর	যখন	2
এ	ঝাড়ি	2
ঝাড়ি	দিলাম	2
পোস্ট	ইডিট	2
দোষ	দিচ্ছেন	2
দিচ্ছেন	আমি	2
বলসি	যে	2
বট	ফেক	2
ফেক	আপনি	2
কাজ	করিয়েন	2
আমিও	পাইলাম	2
এইসব	এপ্রোভ	2
এপ্রোভ	হয়	2
কেমনে	কে	2
জানে	টীম	2
টীম	কই	2
এটা	খেলার	2
জন্য	রেম	2
রেম	৭৬৮	2
৭৬৮	হতে	2
হবে	৫১২	2
পরে	পরে	2
বার	করে	2
খালি	রাইখা	2
রাইখা	১০০	2
মেমরি	ব্যবহার	2
ব্রো	আপডেট	2
আপডেট	দেয়া	2
করেন	ইনশাল্লাহ	2
ইনশাল্লাহ	স্পিড	2
লেইখা	বড্ড	2
বড্ড	দৌষ	2
দৌষ	কইরা	2
কইরা	ফেলসি	2
ফেলসি	রে	2
ম্যাচমেকিং	ফিক্স	2
ফিক্স	হবে	2
ইনশাআল্লাহ	চেষ্টা	2
ভিতরে	নিয়ে	2
যে	নেভিগেশন	2
পদ্ধতি	এটা	2
বাট	বন্ধুদের	2
বন্ধুদের	চমকানোর	2
চমকানোর	বিষয়	2
এতো	মানুষ	2
মানুষ	থাকতে	2
থাকতে	বন্ধুদের	2
বন্ধুদের	এ	2
কেন	চমকাতে	2
চমকাতে	হবে	2
টাইটেল	অ্যাড	2
সেটা	পড়তে	2
পড়তে	আরো	2
টাইটেল	পড়লে	2
পড়লে	নিজের	2
নিজের	এ	2
এ	লজ্জা	2
আপনারা	লেখেন	2
লেখেন	কিভাবে	2
কিভাবে	আল্লাহ	2
জানে	ভিউস	2
ভিউস	কামানোর	2
কামানোর	জন্য	2
টাইটেল	দেন	2
দেন	ভিউস	2
ভিউস	এমনিই	2
এমনিই	হবে	2
হবে	আই	2
হোপ	নেক্সট	2
গুলো	মাথায়	2
মাথায়	রেখে	2
রেখে	পোস্ট	2
হুম	১টা	2
১টা	সেই	2
সেই	আনলিমিটেড	2
আনলিমিটেড	বার	2
আপনার	ডিসপ্লের	2
ডিসপ্লের	আইকন	2
লেগেসে	কিভাবে	2
করলেন	কাইন্ডলি	2
ব্রো	লোকেশন	2
যেই	নাহ	2
নাহ	জাস্ট	2
জাস্ট	হেডশট	2
হেডশট	টা	2
টা	রাখতে	2
চাই	লোকেশন	2
লোকেশন	দরকার	2
নেই	লোকেশন	2
এমনিতেই	গিটহাব	2
গিটহাব	ই	2
ফ্রী	আরডিপি	2
আরডিপি	সার্চ	2
মোবাইল	হবে	2
তে	কে	2
আপনাদের	পোস্ট	2
করবো	কন্টাক্ট	2
মার্সম্যালোও	কোনো	2
হবে	পিস	2
পিস	রিকভারি	2
করতাম	যদি	2
যদি	ট্রেইনার	2
ট্রেইনার	আমার	2
আমার	ভি৭৫	2
ভি৭৫	রুট	2
করলাম	কয়েকদিন	2
কয়েকদিন	তে	2
তে	ফার্স্ট	2
ফার্স্ট	আমি	2
করছি	ভি৭৫	2
না	রেকানেকটিং	2
রেকানেকটিং	দেখায়	2
দেখায়	প্রতিবার	2
প্রতিবার	এয়ারটেল	2
রবি	দুইটা	2
দুইটা	তে	2
ই	প্লিজ	2
কিছু	হিংসুটে	2
হিংসুটে	লোক	2
লোক	উপরে	2
কমেন্ট	করেসে	2
করেসে	পোস্ট	2
করতে	মানে	2
ওরা	চায়	2
আমাকে	পয়েন্ট	2
পয়েন্ট	দিসে	2
ইনভাইট	এ	2
কেনো	কম	2
পয়েন্ট	পাচ্ছি	2
মেকার	ভালো	2
এপ	থাকলে	2
ডিরেক্ট	ড্রাইভ	2
প্লিজ	মুভি	2
দেন	এইচডি	2
এইচডি	হয়	2
সিউর	ভাই	2
ইউটিউব	হলো	2
হলো	গুগল	2
এর	আপনার	2
আপনার	ব্রডব্যান্ড	2
ব্রডব্যান্ড	প্রোভাইডার	2
প্রোভাইডার	হয়তো	2
হয়তো	ইউটিউব	2
ইউটিউব	এফটিপি	2
এফটিপি	করে	2
রাখসে	কারণ	2
সবাই	ইউটিউব	2
দেখে	এইজন্য	2
এইজন্য	ওইটাই	2
ওইটাই	স্পিড	2
বেশি	পান	2
পান	আর	2
আর	১এমবি	2
১এমবি	ওয়াইফাই	2
এ	এভারেজ	2
এভারেজ	এর	2
না	নরমাল	2
হোয়াটস্যাপ	কি	2
২৮০	টাকার	2
টাকার	নিচে	2
হবে	২৭০	2
২৭০	টাকা	2
এ	হইতে	2
হইতে	কয়টা	2
কয়টা	ক্লিক	2
ক্লিক	লাগে	2
ব্রো	রিদমিক	2
কিবোর্ড	আমার	2
আমার	পিক	2
পিক	ঝাপসা	2
ঝাপসা	হয়	2
তোমাকে	মিনিট	2
মিনিট	নিলাম	2
নিলাম	ক্রেডিট	2
ক্রেডিট	৯৮২৮৩৬৮০	2
পর্ব	মানে	2
মাঝে	সুযোগ	2
তা	মাস	2
হলেও	প্লিজ	2
ব্রো	রিকোয়েস্ট	2
রিকোয়েস্ট	মেসেজ	2
আসেন	একসেপ্ট	2
করেন	নেম	2
জি	বলুন	2
আমার	ইনভেস্ট	2
ছাড়া	ক্যাশআউট	2
ক্যাশআউট	হচ্ছে	2
না	অথচ	2
অথচ	পেআউট	2
ব্যালান্স	হইসে	2
তে	দেখেনি	2
দেখেনি	ভাই	2
টা	লিখেসি	2
লিখেসি	স্ক্রিনশট	2
গুলাও	নিজের	2
নিজের	ওল্ড	2
ওল্ড	হোক	2
এর	যাই	2
হোক	আমি	2
টা	করেসি	2
দিন	রুট	2
রুট	নিয়ে	2
খাইসে	রে	2
রে	কি	2
মোবাইল	বানাইতাসে	2
বানাইতাসে	রে	2
এইভাবে	বলার	2
দুঃখিত	ভাইয়া	2
ভাইয়া	কিন্তু	2
বিডি	তো	2
তো	হেল্পিং	2
হেল্পিং	ফ্যামিলি	2
ফ্যামিলি	সাইট	2
তো	চাইতেই	2
চাইতেই	পারি	2
না	চলুক	2
চলুক	তাতে	2
বের	হইসি	2
হইসি	করবোনা	2
করবোনা	বলেই	2
তো	ফাও	2
ফাও	চার্জ	2
খাবে	কেন	2
হলো	ভালোই	2
মতো	আমিও	2
আমিও	একি	2
একি	সমস্যায়	2
সমস্যায়	ভুগসি	2
ভুগসি	যদি	2
জানাবেন	আমারও	2
আমারও	একি	2
একি	ডিভাইস	2
নট	অথর	2
হম্মম্ম	এইবার	2
এইবার	আমার	2
থেকে	শিখে	2
শিখে	পোস্ট	2
ক্রেডিট	দিবেন	2
অফ	এখন	2
বিপদ	আরেক	2
কয়	করলে	2
বিপদ	আমরা	2
আমরা	এখন	2
কোন	দিকে	2
দিকে	যাবো	2
এডগার্ড	এডব্লকের	2
এডব্লকের	এক্সটেনশন	2
এক্সটেনশন	ইউস	2
হয়	ওয়াইটি	2
ওয়াইটি	এর	2
পাশাপাশি	সব	2
সব	ওয়েবসাইট	2
থেকেই	এডব্লক	2
এডব্লক	করে	2
কিউই	এগুলো	2
আরামসে	ইউস	2
ছিল	পোস্ট	2
ভোদার	আবাল	2
আবাল	ডিস্ক	2
ডিস্ক	ডিগার	2
ডিগার	নামানোর	2
নামানোর	পর	2
পর	৯এপস	2
৯এপস	হয়ে	2
গেসে	কেন	2
বাংলার	সেরা	2
সেরা	আবাল	2
আওওওও	বেটাই	2
বেটাই	কই	2
কই	কি	2
দেখতেই	পাচ্ছি	2
জিপি	প্লিজ	2
বাপে	গোয়া	2
গোয়া	মারা	2
মারা	দেয়	2
দেয়	মারে	2
মারে	আমি	2
ভাই	ভি৮০	2
ভি৮০	ঐভাবেও	2
ঐভাবেও	হবে	2
আগেও	দেখেসি	2
দেখেসি	তবুও	2
ভাবেই	হয়	2
ভাবেই	রিকভার	2
যায়	হ্যাক	2
কানেক্ট	হইসি	2
হইসি	বাট	2
ডাটা	না	2
আপনে	কোন	2
সিম	ইউস	2
এন্ড	ডাটা	2
কতদিন	জানাবেন	2
আমি	সল্ভ	2
এফবি	ইউজার্নামে	2
পরের	স্ক্রিনে	2
স্ক্রিনে	রেবট	2
রেবট	চাইতেসে	2
চাইতেসে	ইয়েস	2
ইয়েস	অর	2
অর	নো	2
সব	ভালো	2
লাগলো	কিন্তু	2
কিন্তু	ফ্রেম	2
ফ্রেম	এর	2
কাজটা	যদি	2
যদি	স্ক্রিন	2
শট	দিয়া	2
দিয়া	বুঝাইয়া	2
বুঝাইয়া	দিতেন	2
আর	পারলে	2
বানান	অল	2
আমি	ফ্রেম	2
হুম	পোস্ট	2
ভাই	হুশিয়ার	2
হুশিয়ার	এই	2
হইলো	ভুয়া	2
ভুয়া	এমবি	2
এমবি	কেউ	2
কেউ	নিয়েন	2
এমবি	১০০	2
দিয়া	২০	2
এমবি	ফাইল	2
ডাটা	শেষ	2
যাবে	জিপি	2
জিপি	সুয়ারের	2
সুয়ারের	বাচ্চা	2
বাচ্চা	চিটার	2
করসেন	ইউসার	2
একটা	১	2
ইয়ার্স	থেকে	2
থ্যাংকস	করার	2
ইন্সপারেশনাল	পোস্ট	2
এসশট	দেওয়া	2
ফ্রেন্ডস	কি	2
নিয়ে	এন্ড্রোইড	2
ফোন	টাকে	2
টাকে	আপনে	2
আপনে	আপনার	2
ফটো	গুলো	2
আসে	সে	2
সে	নাম	2
দের	এফবি	2
বলেন	দেখুন	2
একটা	নামের	2
একটা	ফটো	2
ফটো	মিলে	2
করে	দিভ	2
দিভ	নো	2
নো	পিসি	2
পিসি	নো	2
নো	টিডব্লিউআরপি	2
জিমেইল	খুলার	2
খুলার	পোস্ট	2
ভাই	ওয়ার্ডেপ্রেস	2
ওয়ার্ডেপ্রেস	যারা	2
যারা	ইউস	2
ঠিকই	বুঝবে	2
বুঝবে	বিগইনার	2
বিগইনার	দের	2
জন্য	নই	2
নই	আগে	2
আগে	ওয়ার্ডেপ্রেস	2
ওয়ার্ডেপ্রেস	সম্পর্কে	2
করে	জানুন	2
ট্রিকবিডি	কিন্তু	2
কাজ	সমর্থন	2
এই	কয়দিন	2
কয়দিন	থেকে	2
করলে	তাড়াতাড়ি	2
তাড়াতাড়ি	কেটে	2
কেটে	বন্ধ	2
উপায়	কোন	2
এপ	বেশি	2
এমবি	টানছে	2
টানছে	সেটা	2
ফ্রী	বেসিকস	2
তো	আজ	2
আজ	ফকির	2
ফকির	থেকে	2
কম	ফকির	2
ফকির	তে	2
তে	পড়লাম	2
নাইস	দেখেন	2
দেখেন	কমেন্ট	2
গুলা	অনেকের	2
কাজে	আসতেসে	2
কি	নিয়েছেন	2
নিয়েছেন	অফারটা	2
অফারটা	সত্যি	2
যে	দিছেন	2
যে	ঝামেলা	2
ঝামেলা	আর	2
আর	আনফরচুনাটলি	2
কথায়	আমি	2
একমত	শুধু	2
শুধু	দোআ	2
দোআ	পাঠ	2
পাঠ	করলেই	2
করলেই	হবেনা	2
হবেনা	৫	2
৫	স্তম্ভ	2
স্তম্ভ	সম্পর্কে	2
সম্পর্কে	আগে	2
দেখতে	সেন্স	2
সেন্স	এর	2
কেন	টাইটেল	2
তো	লেখাই	2
লেখাই	আছে	2
আছে	ওল্ড	2
বলাই	মিসবিহেভ	2
মিসবিহেভ	করার	2
কোনো	কোয়েশ্চেন	2
কোয়েশ্চেন	এ	2
নেই	টেনক্স	2
এফবিআই	থেকে	2
নেটফ্লিক্স	কুকিস	2
কুকিস	শেয়ার	2
দেখি	প্রাইভেটলি	2
আপনার	মিমস	2
মিমস	টা	2
টা	সেরা	2
তাহলে	টাইটেল	2
এ	লেখেন	2
কেনো	আবাল	2
আবাল	নং	2
নং	১	2
২৪ঘন্টা	পরপর	2
পরপর	আসে	2
ইওর	ইনবক্স	2
লক	থাকে	2
এ	ওইগোলায়	2
ওইগোলায়	এভাবে	2
এভাবে	ফরমেট	2
ফরমেট	করলে	2
লক	খোলা	2
যাবে	কান্ট্রি	2
লক	খোলায়	2
খোলায়	কোনো	2
মতো	মেম্বার	2
মেম্বার	কে	2
কে	ই	2
ই	টিউনার	2
হা	স্টাইল	2
স্টাইল	আপনি	2
আপনি	সিএসএস	2
সিএসএস	দিবো	2
দিবো	কেডা	2
কেডা	আবার	2
আবার	স্টাইল	2
স্টাইল	বলেন	2
বেশি	হইসে	2
কিছু	বুঝলামনা	2
থ্যাংক্স	ফোর	2
ফোর	শেয়ার	2
দেখুন	সব	2
সব	বুঝবেন	2
বললে	ডিরেক্ট	2
ডিরেক্ট	বলে	2
বলে	দিতাম	2
দিতাম	ইটস	2
বাট	ইউসার	2
কে	বললেন	2
বললেন	কেমন	2
হবে	মাত্র	2
মাত্র	আল্লাহ	2
আল্লাহ	জানেন	2
যারা	পারবেন	2
পারবেন	ভালো	2
করেন	এত	2
এত	ঝাড়ি	2
ঝাড়ি	দেওয়ার	2
ডিলিট	অপশন	2
নাই	নইলে	2
নইলে	ডিলিট	2
ডিলিট	দিতাম	2
দিতাম	আসলে	2
ছিল	কি	2
বিটিসি	এরকম	2
এরকম	লিখে	2
ফালতু	সফটওয়্যার	2
সফটওয়্যার	সেকেন্ড	2
সেকেন্ড	পার	2
পার	৬০০কেবি	2
৬০০কেবি	আপ	2
আপ	খায়	2
খায়	এর	2
এর	চাইস	2
চাইস	জাগোবিডি	2
জাগোবিডি	কত	2
এক	দমি	2
দমি	কম	2
কম	খায়	2
ইনকোগনিতো	ট্যাব	2
ট্যাব	ইউস	2
করলে	অলওয়েজ	2
অলওয়েজ	ডিফারেন্ট	2
ডিফারেন্ট	ফেক	2
এড্রেস	ইউস	2
আনলিমিটেড	ব্যাস	2
ব্যাস	এর	2
এর	টিউন	2
টিউন	সেপারেট	2
সেপারেট	করতে	2
পারবেন	সিউর	2
সিউর	আমি	2
নিজেই	৪বার	2
৪বার	করলাম	2
পর্যন্ত	টিউটোরিয়াল	2
টিউটোরিয়াল	দেখেন	2
যদি	বুঝতে	2
অসুবিধা	হয়	2
ভাই	বায়ার	2
বায়ার	দের	2
দিন	অন্যের	2
অন্যের	ডিসাইন	2
নিজে	যত	2
টুকু	পারেন	2
ওইটুকুই	যথেষ্ট	2
যথেষ্ট	নিজের	2
নিজের	ক্রিয়েটিভিটি	2
ক্রিয়েটিভিটি	দিয়ে	2
দিয়ে	যতটুকু	2
যতটুকু	পারেন	2
ওইটুকুই	এনাফ	2
এনাফ	ডিসাইন	2
ডিসাইন	পারেন	2
হইসে	শিখে	2
শিখে	নিবেন	2
নিবেন	তাও	2
তাও	বায়ার	2
না	বায়ার	2
বায়ার	যদি	2
ভাবেই	বুঝতে	2
ডিসাইন	তাহলে	2
একাউন্ট	হারাইলেন	2
হারাইলেন	আর	2
আর	ফাইভর	2
ফাইভর	যদি	2
যদি	ধরে	2
ধরে	ফেলি	2
ফেলি	তাইলে	2
তাইলে	ডিরেক্ট	2
ডিরেক্ট	ওয়ার্নিং	2
ওয়ার্নিং	দিয়ে	2
ব্রো	চার্জ	2
কেবল	রিসিভড	2
রিসিভড	করলে	2
নো	অ্যাডস	2
অ্যাডস	ভাই	2
করছি	এপস	2
এপস	কোনো	2
কোনো	অ্যাডস	2
ঝামেলা	রাখি	2
ক্লেন	লেভেল	2
করসেন	করতাসেন	2
ব্রো	কোন	2
২টা	একই	2
একই	এপ	2
এপ	একখানে	2
একখানে	করসো	2
এই	হালার	2
হালার	পো	2
পো	ট্রিকবিডি	2
তে	এখনো	2
সময়	৪টা	2
৪টা	ফাইল	2
ফাইল	এরর	2
দেখুন	সাথেই	2
আপাতত	কোনো	2
সার্ভার	পাচ্ছে	2
পেলে	ইনশাল্লাহ	2
ইনশাল্লাহ	দিবো	2
কিভাবে	টার্গেট	2
আছে	বেশিদিন	2
বেশিদিন	ইউস	2
দিয়া	কয়েকটা	2
ভার্সন	কবে	2
পাবো	ভার্সন	2
পেইড	হবে	2
ইউস	ফ্রেশ	2
ফ্রেশ	ভাচুয়াল	2
ভাচুয়াল	এপিকে	2
এপিকে	টু	2
টু	প্লে	2
হ্যালো	মিতাই	2
মিতাই	কিনেমাস্টার	2
কিনেমাস্টার	প্রো	2
প্রো	প্যাচ	2
প্যাচ	করার	2
আর	কয়েকদিন	2
লেয়ার	আর	2
৩জি	পে	2
জি	আনছে	2
তারপর	লেখা	2
ব্রো	আননোন	2
আননোন	বুটলোডার	2
বুটলোডার	কিভাবে	2
করবো	হুয়াওয়ে	2
হুয়াওয়ে	ওয়াই৩আইই	2
ওয়াই৩আইই	ইউ	2
ইউ	২২	2
মেবি	বুঝতে	2
পারিনি	ব্রো	2
নাকি	অন্যের	2
পোস্ট	তেও	2
তেও	অটো	2
কমেন্ট	হবে	2
এটার	দাম	2
দাম	আর	2
বেশি	দোকানে	2
দোকানে	নেট	2
কম	পাইসি	2
আপনার	রেফার্ড	2
রেফার্ড	এপস	2
গুলো	সত্যই	2
সত্যই	ভালো	2
পোস্ট	হইছিলো	2
হইছিলো	গেম	2
নিয়ে	কই	2
ই	করলাম	2
দেখায়	এপিকে	2
এপিকে	রিবিল্ড	2
রিবিল্ড	করলে	2
ঘন্টা	মাইক	2
মাইক	ছাড়া	2
ছাড়া	খেললে	2
খেললে	২০এমবি	2
২০এমবি	সহ	2
সহ	মানে	2
মানে	কথা	2
বলে	খেললে	2
খেললে	৫০এমবি	2
আইএসপি	শোটাইমবিডি	2
এফটিপি	সাপোর্টড	2
সাপোর্টড	আমার	2
আমার	প্রক্সি	2
পোর্ট	ইউস	2
পারেন	স্লো	2
টা	৫এমবিপিএস	2
৫এমবিপিএস	প্রক্সি	2
তাইলে	লাগবে	2
এরকম	ট্রিকবিডি	2
সবাই	আপনাকে	2
আপনাকে	রিপোর্ট	2
রিপোর্ট	দিবে	2
করতেসেনা	কেনো	2
ভাবে	বন্ধ	2
ওওও	সরি	2
সরি	করা	2
হইসে	তা	2
ফিচারস	কি	2
কি	মড	2
মড	করছেন	2
মেসেজ	হাইড	2
হাইড	বাটন	2
বাটন	লিংক	2
ডিটেলস	দেওয়া	2
হবে	থাকুন	2
আসছে	নতুন	2
সাথে	২৫০এমবি	2
২৫০এমবি	যত	2
বার	খুশি	2
খুশি	কিনতে	2
পারবেন	শেষ	2
আবার	কিনবেন	2
কিনবো	কোড	2
আমারও	মাস্টার	2
কার্ড	গুগল	2
কেমনে	ইনস্টল	2
ইনস্টল	দিমু	2
ফুল	স্পাম	2
স্পাম	এটা	2
এটা	স্পাম	2
স্পাম	করার	2
না	পরের	2
হলে	ডিরেক্ট	2
ডিরেক্ট	ব্লক	2
গিয়ে	খুলুন	2
ওপেন	ইউনিভার্সিটি	2
টা	কবে	2
দিবে	ঐটা	2
শেষ	কইরেন	2
কইরেন	নাহ	2
কিভাবে	এডসেন্স	2
অ্যাড	গুলা	2
গুলা	বানায়	2
বানায়	এবং	2
আমার	এপ	2
মতো	যাতে	2
যাতে	ফিট	2
ফিট	হয়য়	2
হয়য়	এগুলাও	2
এগুলাও	ক্লিয়ারলি	2
ক্লিয়ারলি	বলতে	2
ওয়েবসাইট	বানাইসেন	2
ব্রাদার	ডাউনলোড	2
বাট	চলেনা	2
এখন	১বার	2
১বার	ট্রাই	2
এন্ড	কমেন্ট	2
এ	জানান	2
না	আন্ডার	2
আন্ডার	১৮	2
এটা	খালি	2
ওটা	এই	2
এই	যদি	2
যদি	করবো	2
করবো	তাইলে	2
আপনাকে	জিগালাম	2
জিগালাম	কেন	2
করেসি	ঐটা	2
এখনো	পেইন্ডিং	2
আমাকে	হইতো	2
হইতো	তুমি	2
চিনো	নাই	2
ছাড়া	অন্যান্য	2
গুলা	ভিসিট	2
করলে	কাওকে	2
কাওকে	দলে	2
দলে	ই	2
ই	রাখি	2
নাই	জীবনে	2
জীবনে	ও	2
থেকে	অপেক্ষায়	2
সিলাম	কবে	2
কবে	রেজিস্ট্রেশন	2
করবো	অবশেষে	2
অবশেষে	আজকে	2
আজকে	পারলাম	2
পারলাম	থ্যাংক্স	2
ফেসবুকে	আসো	2
উপস্থাপন	করেছেন	2
করেছেন	সত্যিই	2
সত্যিই	প্রশংসাণীয়	2
এনভিডিয়া	শিল্ড	2
শিল্ড	টিভি	2
গেম	কোনোটাই	2
কোনোটাই	মোবাইল	2
তবে	রুটেড	2
রুটেড	ইউসার	2
রা	জিটুলস	2
জিটুলস	দিয়া	2
যারা	ডাউনলাড	2
ডাউনলাড	করবে	2
করবে	বুঝে	2
তারপর	ডাউনলাড	2
ডাউনলাড	করো	2
ফাউন্ড	দেখাসে	2
দেখাসে	ডাউনলোড	2
ফ্রী	চলসে	2
আমি	অনেক্ষণ	2
অনেক্ষণ	দয়া	2
দয়া	ট্রাই	2
করলাম	পাচ্ছি	2
দিয়ে	অপারেমিনি	2
অপারেমিনি	এমএক্স	2
মতো	এপস	2
এপস	এডিট	2
দিবো	কাইন্ডলি	2
চ্যানেল	ই	2
ইমেজ	ছিল	2
এ	লিখেদিসি	2
লিখেদিসি	মার্শাম্যালো	2
মার্শাম্যালো	ট্রিক	2
ব্লগ	নাই	2
নাই	ওয়ার্ডেপ্রেস	2
জন্য	এভাইলেবেল	2
এভাইলেবেল	দেখাচ্ছে	2
ইসস	এই	2
করছি	ভাবছি	2
ভাবছি	আমার	2
বাট	একি	2
অ্যাড	টু	2
টু	কার্ড	2
জেনারেট	কোড	2
করলে	সিভিসি	2
সিভিসি	অ্যাড	2
হয়	বিস্তারিত	2
বিস্তারিত	জানাবেন	2
ফলো	করার	2
জন্য	কাউকে	2
কাউকে	সার্চ	2
রেজাল্ট	আসে	2
তো	বলসে	2
যে	নট	2
আইএমইআই	ইউস	2
প্লিজ	১	2
ঘণ্টা	সময়	2
যেই	দুই	2
ডিলেট	করতেছি	2
করতেছি	ওই	2
ঘণ্টা	পরে	2
যদি	বৃষ্টি	2
বৃষ্টি	না	2
হলে	অবশই	2
অবশই	করে	2
আপাতত	যেটা	2
যেটা	ডিফল্ট	2
ডিফল্ট	আছে	2
সেটা	তেই	2
তেই	খুলে	2
পরে	সেটিং	2
বুস্টার	ইউস	2
অনেক	দেখসি	2
থ্যাংক	নাইস	2
সিম্ফনি	জেড৩৫	2
জেড৩৫	রুট	2
কি	বলবি	2
বলবি	এমন	2
দিলে	তোরা	2
তোরা	শুধু	2
শুধু	শুনবি	2
শুনবি	বলার	2
উল্টা	কিক	2
কিক	খাবি	2
খাবি	কেনো	2
কেনো	জানোস	2
জানোস	তুই	2
এখানে	তোর	2
সাবস্ক্রাইবার	বাড়াতে	2
বাড়াতে	এসেসিস	2
এসেসিস	নেক্সট	2
পোস্ট	করবি	2
করবি	তার	2
জন্য	তোর	2
কেনো	এটার	2
এটার	এন্স	2
এন্স	দে	2
দে	আর	2
আর	মান্থলি	2
মান্থলি	২৮০০০	2
২৮০০০	টাকা	2
ইনকাম	করসিস	2
করসিস	আবাল	2
আর	ধান্দাবাজি	2
বাদ	দে	2
লেজেন্ড	কাম	2
কাম	ব্যাক	2
ব্যাক	ব্রাদার	2
ব্রাদার	মাঝে	2
মাঝে	হারিয়ে	2
ভিভো	এর	2
টাইম	রেজিস্ট্রেশন	2
সব	সমাধান	2
অন্য	কার্ড	2
অবশ্যই	লাইভ	2
মামা	করে	2
করে	মেনি	2
বার	কেনো	2
কেনো	করসেন	2
গুগল	পাই	2
সাউন্ড	টা	2
ভালো	স্পিকার	2
স্পিকার	এর	2
মতো	যেহেতু	2
যেহেতু	ব্যাটারী	2
ব্যাটারী	দিয়ে	2
চালানো	হবে	2
এতো	অল্প	2
অল্প	খরচে	2
খরচে	অনেক	2
টা	তৈরী	2
তৈরী	করেছিলাম	2
করেছিলাম	সবগুলো	2
সবগুলো	সাউন্ড	2
সাউন্ড	ভালোই	2
নিজেই	জানেন	2
আসে	নাহহ	2
নাহহ	কেনো	2
কেনো	ভেরিফাই	2
ক্রিয়েট	করসেন	2
ব্রো	ট্যাম্পোরারি	2
ট্যাম্পোরারি	মেইল	2
মেইল	দিয়া	2
কি	কয়েনবেস	2
বালের	অফার	2
টা	নেট	2
নামানো	না	2
নেওয়া	লাগলে	2
পুরাই	গাধা	2
মেসেজ	করবো	2
একটু	মেসেজ	2
দাও	আমার	2
বুটলুপ	এ	2
এ	আটকে	2
থাকে	অলওয়েজ	2
অলওয়েজ	এক্সপোসড	2
এক্সপোসড	ম্যানেজার	2
ঢুকলে	দেখায়	2
দেখায়	স্যামসাঙ	2
এর	টাচওইজ	2
টাচওইজ	উইআই	2
উইআই	এর	2
জন্য	চলবে	2
না	এক্সপোসড	2
ফ্রেমওয়ার্ক	এদিকে	2
এদিকে	এক্সপোসড	2
এক্সপোসড	লস্পস্ড	2
লস্পস্ড	এর	2
মিনিমাম	এন্ড্রোইড	2
এন্ড্রোইড	৮	2
লাগে	এক্সপোসড	2
এর	অল্টারনেটিভ	2
অল্টারনেটিভ	কোনো	2
জানায়েন	প্লিজ	2
চলবে	ওই	2
কেনো	এগুলো	2
এগুলো	করেন	2
থ্যাংকস	এটাই	2
এটাই	জানতে	2
জানতে	চেয়ে	2
চেয়ে	ছিলাম	2
ছিলাম	যেই	2
যেই	আইডি	2
লাইক	নেবো	2
নেবো	ওটার	2
ওটার	কিছু	2
করেছেন	তো	2
টার	ভিতর	2
ভিতর	তো	2
বেশি	ব্যাবধান	2
ব্যাবধান	পাই	2
কারণে	আসে	2
আসে	ওগুলো	2
ওগুলো	আনইনস্টল	2
আনইনস্টল	করেদিন	2
মিনিমাম	রেম	2
অল	ল্যাপটপ	2
খুব	সরি	2
প্লিজ	ফরগিভ	2
ফরগিভ	মি	2
কখনো	বেশি	2
বেশি	মেইল	2
মেইল	বারবার	2
বারবার	করবো	2
প্লিজ	আনস্প্যাম	2
আনস্প্যাম	করে	2
কয়টা	অ্যাড	2
অ্যাড	নেটওয়ার্ক	2
নেটওয়ার্ক	বসানো	2
বসানো	যায়	2
নি	ওই	2
ওই	ইমেইল	2
গুলা	কোথাও	2
কোথাও	ইউস	2
করলে	ওখান	2
আসবে	সেই	2
সেই	মেসেজ	2
মেসেজ	গুলা	2
এ	ফরওয়ার্ড	2
ফরওয়ার্ড	করবে	2
করবে	কোনো	2
এনলতে	স্টোর	2
এও	লিংক	2
লিংক	দিয়েছে	2
বালের	একটা	2
মোবাইল	পুরা	2
পুরা	স্লো	2
স্লো	হইয়াগেসে	2
কই	আচ্ছা	2
আচ্ছা	লিংক	2
টোটাল	৪৫টাকা	2
৪৫টাকা	নিতে	2
নিতে	ক্যান	2
ক্যান	তারা	2
ভাইয়া	কিপরো	2
কিপরো	কারেন্সি	2
কারেন্সি	মানে	2
কী	যদি	2
এর	ইমেজ	2
লাগলো	ফীল	2
ফীল	ইট	2
ইট	হেয়ার	2
দেখে	নিয়ে	2
নিলাম	থ্যাংক	2
করার	কত	2
পর	কনফার্ম	2
কনফার্ম	হবে	2
করা	ট্রাই	2
ব্রো	সিডি	2
সিডি	লেখার	2
পর	এন্টার	2
এন্টার	দিলে	2
দিলে	নো	2
নো	সাচ	2
সাচ	ফাইল	2
ফাইল	সামথিং	2
সামথিং	দেখায়	2
ওয়েবসাইট	দিয়া	2
দিয়া	অন্য	2
কমেন্ট	অ্যাওয়েটিং	2
অ্যাওয়েটিং	ফর	2
দিয়া	কমেন্ট	2
করলাম	সেটা	2
আর	দেখালো	2
দেখালো	না	2
হইলে	এবার	2
এবার	এটাতে	2
সাবস্ক্রাইব	হতে	2
হতে	চাস	2
চাস	নাকি	2
নিজে	কন্টাক্ট	2
জিপিইউ	পাওয়ার	2
পাওয়ার	ভি	2
ভি	আর	2
আর	এটাই	2
এটাই	খেলা	2
এসএমএস	ট্র্যাক	2
ট্র্যাক	করবো	2
নাম্বার	কোথায়	2
পাইলাম	ধন্যবাদ	2
বাট	পেমেন্টস	2
করসিলাম	ট্রেনার	2
কোথায়	শুধু	2
পাসওয়ার্ড	আসলে	2
আসলে	কেমনে	2
ডিভাইস	প্রব্লেম	2
ভারত	চাইনার	2
চাইনার	কাছে	2
কাছে	বাঁশ	2
বাঁশ	খেয়ে	2
খেয়ে	শেষ	2
পর্যন্ত	এপ	2
এপ	ব্যানড	2
ক্যাটাগরি	থেকে	2
থেকে	পর্ব	2
পর্ব	২	2
২	দেখে	2
জাস্ট	ক্লিক	2
করলে	বার	2
বার	একি	2
বলে	প্রিপারিং	2
প্রিপারিং	অ্যাডস	2
অ্যাডস	প্লিজ	2
ট্রাই	ল্যাটার	2
ল্যাটার	কি	2
আসে	শর্ট	2
শর্ট	ভিডিও	2
অনেক	লেগ	2
লেগ	করবে	2
অ্যাডমিনিস্ট্রেটর	প্লিজ	2
প্লিজ	রিভিও	2
রিভিও	মাই	2
এগুলো	কেউ	2
কেউ	চাইবে	2
চাইবে	এই	2
বেটা	তার	2
তোর	পাসায়	2
পাসায়	লাগাবো	2
লাগাবো	নাকি	2
ভাই	ডিকশেনারী	2
ডিকশেনারী	গুলা	2
আপলোড	দিলেই	2
দিলেই	অনেক	2
ইউটিউব	ব্লগার	2
ব্লগার	এডসেন্স	2
এডসেন্স	ডাটা	2
ডাটা	এন্ট্রি	2
এন্ট্রি	এসইও	2
এসইও	সম্মান	2
সম্মান	কাজ	2
করতে	ক্যান	2
ক্যান	সো	2
সো	ভিসিট	2
ভিসিট	ফ্রীল্যান্সিরবিডি	2
ফ্রীল্যান্সিরবিডি	ব্লগস্পট	2
ব্লগস্পট	কম	2
সব	বাংলায়	2
বাংলায়	পরুন	2
কপি	করিনি	2
করিনি	আর	2
অনেকবার	সার্চ	2
সার্চ	করেসি	2
করেসি	কোনো	2
পাইনি	আর	2
আর	হুম	2
ঠিক	বলেসেন	2
বলেসেন	আমাদের	2
ট্রিকবিডি	মানহীন	2
মানহীন	হয়ে	2
ডলার	হয়তে	2
হয়তে	১	2
ইয়ার	লাগবো	2
টাইম	ম্যাটার্স	2
ম্যাটার্স	ভয়েস	2
ভয়েস	বেটার	2
ব্রো	লাভা	2
রিকভারি	নিয়ে	2
বাট	অসাধারণ	2
ময়মেনসিংহ	থানা	2
থানা	নান্দাইল	2
জিএফ	৩	2
১টা	ললিপপ	2
লিনাক্স	প্রো	2
প্রো	দের	2
কল	বাটন	2
বাটন	ছাড়া	2
কিছু	চেপে	2
চেপে	কি	2
স্ক্রিনশর্ট	নিয়া	2
থ্যংকক	কমেন্ট	2
জন্য	বি	2
বি	ইউ	2
ইউ	টি	2
ওয়েট	আপনাদের	2
ওয়েবটানেল	দেয়ার	2
দেয়ার	ফ্রী	2
নেট	আনতেসে	2
না	অবশেষে	2
অবশেষে	পিসি	2
এপ	ভালো	2
ওল্ড	সাইট	2
হইসিলো	এটা	2
নিয়ে	প্লাস	2
প্লাস	এখন	2
আর	ঠিকভাবে	2
ঠিকভাবে	এসব	2
বললেন	ড্রপ	2
ড্রপ	যাবে	2
না	ড্রপ	2
ড্রপ	হবে	2
হবে	এতো	2
করে	আর্টিকেল	2
লিখেন	ইউনিক	2
ইউনিক	টপিক	2
একটা	ম্যাজিক	2
ম্যাজিক	মেডিউল	2
মেডিউল	হলেই	2
হার্ড	পাস	2
পাস	দেওয়া	2
দেওয়া	থাকলে	2
না	কম্পেটিশন	2
কম্পেটিশন	কম	2
হলে	মজা	2
ওই	প্রক্সি	2
প্রক্সি	আজকে	2
প্রক্সি	ইউস	2
করলে	জাস্ট	2
জাস্ট	ভিউ	2
লেটেস্ট	দিলে	2
আইডি	নিলো	2
নিলো	কেমনে	2
কাজ	করবোনা	2
করবোনা	পারমিশন	2
পারমিশন	তো	2
দেয়া	হলোনা	2
আপনাকেতো	রিকোয়েস্ট	2
পাঠান	যায়না	2
তাই	মেসেজ	2
একসেপ্ট	কিছু	2
কিছু	দরকারি	2
দরকারি	কথা	2
ফুডপান্ডা	ওয়ান্টস	2
ওয়ান্টস	নো	2
নো	ইওর	2
কেমন	এফবি	2
কয়েনবেস	এড্রেস	2
পাবো	বুঝতাসিনা	2
আপনারা	স্লো	2
স্লো	বলতে	2
কি	মিন	2
মিন	করসেন	2
হেল্প	এখন	2
এখন	ক্রেডিট	2
দিস	অর্ডার	2
অর্ডার	হেড	2
হেড	বিন	2
বিন	এডেড	2
এডেড	এটা	2
প্লিজ	ফর	2
গ্রেভিটি	সেন্সর	2
সেন্সর	কাইন্ডলি	2
কাইন্ডলি	গুগল	2
হম্মম্ম	স্টার্ট	2
করছি	ডাউনলোড	2
ডাউনলোড	হলে	2
হলে	মেবি	2
খুব	ইসি	2
ইসি	ভাই	2
পরে	ফোনেক্স	2
ফোনেক্স	ওএস	2
ওএস	যখন	2
যখন	চালু	2
তখন	ইউস	2
ইউস	কানেক্ট	2
করে	সেটের	2
সেটের	অন	2
কাসে	ভালো	2
কিভাবে	মার্শাম্যালো	2
মার্শাম্যালো	রুট	2
কার	আমার	2
আমার	নাকি	2
আসলে	এক	2
এক	ট্যাব	2
কমেন্ট	অন্য	2
জায়গায়	করে	2
ফেলসি	থ্যাংকস	2
ফর	থেকে	2
এইভাবে	বেশি	2
বেশি	গবেষণার	2
গবেষণার	কারণে	2
কারণে	ইসিনেট	2
ইসিনেট	ফ্রি	2
ইন্টারনেট	হারাইসি	2
হারাইসি	শুরু	2
শুরু	হইসে	2
হইসে	যেন	2
যেন	স্কাই	2
স্কাই	বিডি	2
যাচ্ছে	সমস্যা	2
সমস্যা	হইসে	2
সবাই	নিয়ে	2
পোস্ট	সল্যুশন	2
সল্যুশন	আসবে	2
তখন	জানালে	2
জানালে	সবাই	2
তো	মিস্টার	2
মিস্টার	এক্স	2
এক্স	ভাই	2
আপনে	বড়	2
বড়	হলেন	2
হলেন	কবে	2
কবে	এখন	2
তো	বাসায়	2
বাসায়	আসেন	2
ভাবে	ওয়াপকা	2
ওয়াপকা	কে	2
কে	ফুল	2
বলুন	না	2
ভাই	এডিএম	2
ছাড়া	গুগল	2
হয়	নিচে	2
নিচে	ডাউনলোড	2
এ	টাইপ	2
কিভাবে	টুট	2
টুট	চাই	2
৬৫৮২	এন্ড	2
এন্ড	ললিপপ	2
ললিপপ	হতে	2
ভাইজান	আগামী	2
আগামী	আমার	2
এফবি	ডিসেবেল্ড	2
ডিসেবেল্ড	যদিওবা	2
যদিওবা	এক্সাম	2
এর	তেমন	2
তেমন	রিপ্লায়	2
রিপ্লায়	করতে	2
না	তারপরেও	2
তারপরেও	আপনার	2
প্রয়োজন	টা	2
আমি	যথাসাধ্য	2
যথাসাধ্য	চেষ্টা	2
ওয়েলকাম	ভিন্ন	2
ভিন্ন	ইমেইল	2
ইমেইল	উজার্নাম	2
উজার্নাম	দিয়ে	2
ট্রিকবিডি	হট	2
পোস্ট	যেটা	2
যেটা	ফিউচার	2
ফিউচার	পোস্ট	2
আবার	রিসেন্ট	2
ও	সেটাই	2
সেটাই	এমন	2
এমন	বালের	2
এ	অ্যাভেইল	2
অ্যাভেইল	অ্যাভেইল	2
অ্যাভেইল	এখন	2
করি	ওই	2
এপ	নেয়া	2
নেয়া	তাহলে	2
তাহলে	হট	2
কথা	এপ্প্রুভড	2
এপ্প্রুভড	ই	2
কি	আরেকটু	2
আরেকটু	দেখবেন	2
কি	১৩দিন	2
১৩দিন	পর	2
থ্যাংকস	লট	2
লট	প্রেমিক	2
প্রেমিক	পুরুষদের	2
পুরুষদের	উপকার	2
হোস্ট	বাট	2
ওপপ্স	বোকা	2
আপনি	৩০ডে	2
৩০ডে	ডিএক্টিভ	2
রাখেন	না	2
না	১ইয়ার	2
১ইয়ার	রাখোনি	2
রাখোনি	সেটা	2
বিষয়	এফবি	2
থাকার	কি	2
ওয়ার্কিং	প্লিজ	2
ওই	আপডেট	2
দিবো	আসতে	2
আসতে	বাট	2
একটু	সাউথ	2
সাউথ	আর	2
মুভি	দেখি	2
দেখি	বেশি	2
টাই	সাউথ	2
সাউথ	এর	2
গুলায়	করি	2
ঠিক	অরিজিনাল	2
অরিজিনাল	খেলতে	2
খেলতে	খেলতে	2
খেলতে	যখন	2
মানুষ	বড়	2
এই	খেলে	2
খেলে	মানুষ	2
মানুষ	হ্যাক	2
জানি	এগেইন	2
এগেইন	থ্যাংক্স	2
শুধু	এন	2
কাজ	বাকি	2
বাকি	আছে	2
কার্ড	হলে	2
হলে	বাকি	2
দিতেসি	থাকুন	2
টেলিগ্রাম	উজার্নাম	2
উজার্নাম	নট	2
নট	এক্সিস্টিং	2
এক্সিস্টিং	দেখাচ্ছে	2
একটা	টেক্সট	2
আপনার	হোস্টিং	2
ওই	মধ্যে	2
পাবেন	যেই	2
যেই	পি	2
পি	এইচ	2
এইচ	পি	2
পি	ফাইল	2
ফাইল	দিসি	2
দিসি	ওটাই	2
ওটাই	সেটকরা	2
সেটকরা	আছে	2
এতো	কমেন্ট	2
পেআউট	পয়েন্টস	2
পয়েন্টস	কিভাবে	2
এটা	চেক	2
এন্ড্রোইড	ফিঙ্গারপ্রিন্ট	2
লক	এর	2
জেনে	দেন	2
পাবলিশড	করলে	2
না	আবাল	2
কাছে	জিপি	2
আছে	অথর	2
করলে	শেয়ার	2
করবো	অর	2
অথর	থাকলে	2
থাকলে	আসেন	2
তাকে	ফ্রী	2
ট্রিকস	টি	2
টি	দিয়ে	2
রেজি	করলাম	2
লোকেশন	আর	2
থাকলে	ট্রেস	2
ট্রেস	করবে	2
করবে	কেমনে	2
ওকে	তাই	2
তাই	করবো	2
হা	ওটিজি	2
থাকলে	মাউস	2
কীবোর্ড	ব্যবহার	2
তবে	কেবল	2
কেবল	কিনতে	2
ডাবল	মাথা	2
প্লিজ	ওয়েবসাইট	2
এসএস	তো	2
দিলাম	ই	2
ই	কোথায়	2
কোথায়	ডাউনলোড	2
দেখলেই	বা	2
বা	দেখবো	2
দেখবো	কোথায়	2
এটাকি	ট্রিকবিডি	2
ট্রিকবিডি	এলাও	2
আর	লাগবেনা	2
লাগবেনা	পরে	2
মেইল	করেসি	2
করেসি	দেখেন	2
গুলা	শেষ	2
হয়ে	গেলেই	2
তো	ভিডিও	2
ভিডিও	অফ	2
আসলে	অপেরা	2
মিনি	ইউসি	2
দিয়ে	হচ্ছিলো	2
তাই	ফোন	2
দিয়ে	হইসে	2
করসি	শুধু	2
পেন্ডিং	এপ্প্রুভ	2
আরডিপি	ই	2
ই	ভরসা	2
ভরসা	আপনার	2
আপনিতো	ভিপিএন	2
আমার	এটারই	2
এটারই	আছে	2
তবুও	ও	2
তা	যায়না	2
প্লাটু	এর	2
রুলস	না	2
না	মানলে	2
মানলে	পেমেন্ট	2
আই	মাইফোন	2
মাইফোন	লকউইপের	2
লকউইপের	এন্ড্রোইড	2
এন্ড্রোইড	ক্র্যাক	2
কই	ইমেজ	2
ইমেজ	তো	2
তো	যুক্ত	2
যুক্ত	হলোনা	2
হলোনা	ব্যাকগ্রাউন্ড	2
ব্যাকগ্রাউন্ড	একটু	2
আছে	সেম	2
ছাড়া	ব্লুটুথ	2
ব্লুটুথ	এর	2
ওপপ্স	ব্যাড	2
ব্যাড	নিউস	2
তাইতো	বুঝি	2
হাহা	আমিতো	2
আমিতো	ভাবতেসি	2
ভাবতেসি	ওরে	2
ওরে	ফোন	2
ফোন	চালাইতে	2
চালাইতে	দিসে	2
এক্সপ্লরের	জেড৮	2
জেড৮	এর	2
রিকভারি	কোথাও	2
কোথাও	পাচ্ছি	2
সকালে	পিসি	2
তে	বানাবো	2
ব্রো	কে	2
বাট	ভেরিফাই	2
করা	কিনা	2
কিনা	বুঝতে	2
বুঝতে	পারতেসিনা	2
পারতেসিনা	একাউন্ট	2
ভেরিফাই	কিনা	2
কিনা	বুঝার	2
বুঝার	মতো	2
পিডিএফ	টাই	2
টাই	গুগল	2
করতে	যাচ্ছিলাম	2
যাচ্ছিলাম	আর	2
আর	পেয়ে	2
এটাতো	মাত্র	2
করতে	পারতা	2
পারতা	সি	2
সি	না	2
মেইবি	জায়গা	2
পোস্ট	গেমস	2
জি	এজন্য	2
এজন্য	শেয়ার	2
রিকোয়েস্ট	করে	2
বলবেন	একসেপ্ট	2
পাবলিশড	হওয়ার	2
পর	পাবেন	2
ভাই	হতে	2
ভিডিও	দেখিও	2
দেখিও	অনেক	2
পর	রোম	2
ওপেন	হতে	2
৩	থেকে	2
সময়	নেই	2
এসশর্ট	ছাড়া	2
মানুষ	ভিউ	2
ভিউ	করসে	2
তাই	ওয়ার্ক	2
ওয়ার্ক	করতেসে	2
না	ড্রাইভ	2
ফুল	ফাইল	2
ফাইল	এক	2
দিবো	ওয়ান	2
ড্রাইভ	ইউস	2
পচা	পোস্ট	2
পোস্ট	একদম	2
ভাই	ডাবলিউপি	2
ডাবলিউপি	ইউস	2
ভালো	ডেমো	2
করলে	ফী	2
ফী	কত	2
দেখে	খুলেন	2
ও	পাবলিশ	2
এই	আজকেও	2
আজকেও	একটা	2
একটা	করলাম	2
করার	রাইট	2
রাইট	টা	2
বক্স	করে	2
আচ্ছা	কেউ	2
দিয়ে	৩জিবি	2
৩জিবি	কিনা	2
কিনা	দিতে	2
পারবেন	ফোন	2
এ	এপটা	2
এপটা	চালাতে	2
চালাতে	পারসিনা	2
আপনি	পশিফোন	2
পশিফোন	ভিপিএন	2
দিয়ে	জিপি	2
কিনে	চালান	2
চালান	১৮টাকা	2
১৮টাকা	১জিবি	2
১জিবি	৩ডেস	2
তবে	যে	2
এ	খেলবেন	2
খেলবেন	ওই	2
দিয়া	কুইজ	2
কুইজ	খেলার	2
পর	এপস	2
নিবেন	তাইলে	2
তাইলে	ই	2
চালানো	ভালো	2
ইন	আল্লাহ	2
তে	বাবায়	2
বাবায়	স্পেস	2
দিয়ে	লেখাটায়	2
লেখাটায়	হয়ে	2
হয়ে	তা	2
অর্থ	ডিফেস	2
ডিফেস	হয়ে	2
চাই	যাদের	2
যাদের	ভাইবার	2
ভাইবার	এপস	2
এপস	নাই	2
বাট	যায়	2
আপনার	ফেসবুকে	2
ফেসবুকে	আইডি	2
প্লিজ	আর্জেন্ট	2
আর্জেন্ট	দরকার	2
ভাই	এখনই	2
এখনই	রিকোয়েস্ট	2
পারবেন	ফাস্ট	2
সুপেরা	রক্স	2
রক্স	ব্রো	2
পর	পেলাম	2
এগুলা	এতো	2
এতো	সহজে	2
সহজে	শেখা	2
শেখা	গেলে	2
তো	হতোই	2
হতোই	মানুষ	2
মানুষ	২০০০০	2
২০০০০	টাকা	2
দিয়ে	শিখতে	2
শিখতে	পারেনা	2
পারেনা	হাতে	2
হাতে	ধরে	2
ধরে	দেখিয়ে	2
দেখিয়ে	শিখাতে	2
শিখাতে	চাইলাম	2
চাইলাম	একজনকে	2
একজনকে	খুব	2
খুব	শিখতে	2
শিখতে	চাইলো	2
চাইলো	যখন	2
যখন	মাত্রও	2
মাত্রও	২০০	2
টাকা	চাইলাম	2
চাইলাম	তাও	2
তাও	ডাটা	2
ডাটা	খরচ	2
খরচ	যা	2
দিয়ে	তাকে	2
তাকে	ভিডিও	2
করে	শেখানো	2
শেখানো	যাবে	2
সেই	দৌড়	2
দৌড়	রিমুভ	2
রিমুভ	এরেই	2
এরেই	বলে	2
বলে	বললে	2
বললে	পারতো	2
পারতো	যে	2
যে	নাহ	2
নাহ	দেবো	2
না	বেটার	2
বেটার	আয়	2
আয়	কিন্তু	2
কিন্তু	১০০০	2
১০০০	ডলার	2
ডলার	প্রতি	2
মাসে	শিক্ষা	2
শিক্ষা	হলো	2
কাউকে	আগেই	2
আগেই	কোস্ট	2
কোস্ট	না	2
নিয়ে	স্টার্ট	2
এপস	সবাই	2
সবাই	কাজে	2
ভাই	এসোনিক৪১	2
এসোনিক৪১	মাদারবোর্ড	2
মাদারবোর্ড	এ	2
এ	৪জিবি	2
৪জিবি	রেম	2
এন্ড	হাইস্ট	2
হাইস্ট	কোন	2
কোন	গ্রাফিক্স	2
করবে	জানালে	2
হইচই	প্রিমিয়াম	2
তে	সুইচ	2
সুইচ	করেন	2
ভাইয়া	এটাই	2
এটাই	লাস্ট	2
প্রিমো	ডি	2
কে	পোর্ট	2
ফ্ল্যাশ	করলাম	2
অ্যানিমেশন	এ	2
স্যামসাঙ	গ্রেন্ড	2
গ্রেন্ড	নিও	2
প্লাস	আর	2
আর	সিডাবলিউএম	2
সিডাবলিউএম	আমি	2
পাইনি	আপনার	2
টার	নিয়ম	2
নিয়ম	গুলা	2
হয়েছে	নাম্বারে	2
নাম্বারে	এক্সেস	2
এক্সেস	আছে	2
এটা	পার্সোনাল	2
না	আউট	2
আউট	ওয়াইফাই	2
ওয়েবসাইট	সেল	2
থ্যাংক্স	গুড	2
ইমার্জেন্সি	টাকা	2
টাকা	দরকার	2
দরকার	কিনলে	2
কিনলে	ফাস্ট	2
ফাস্ট	নক	2
গেলো	রিপ্লায়	2
রিপ্লায়	কই	2
কই	লোডিং	2
যত	অ্যাড	2
অ্যাড	দেখবেন	2
মানে	বুজতেছিনা	2
বুজতেছিনা	না	2
বলেন	কাস্টম	2
নিয়ে	কিভাবে	2
কি	পেজ	2
রুট	অর	2
অর	ননরুট	2
ননরুট	ভাইয়া	2
দরকার	ওয়াইফাই	2
শো	দিয়ে	2
সহজে	দেখা	2
বট	নিলে	2
শালা	বাহিনচোদ	2
বাহিনচোদ	শালা	2
কিসু	টা	2
টা	এরকম	2
এরকম	ই	2
ই	ফর	2
চেয়ে	ইসি	2
ইসি	সিস্টেম	2
সিস্টেম	শিখে	2
শিখে	যেও	2
এন্ড্রোইড	অনেক	2
হুম	ফেসবুকে	2
গুড	এপস	2
এপস	করে	2
টা	ইউসার	2
মেসেজ	দিছে	2
দিছে	রিপ্লাই	2
টা	বললেই	2
বললেই	ডাউনলোড	2
ডাউনলোড	দেবো	2
দেবো	তাড়াতাড়ি	2
তাড়াতাড়ি	বলুন	2
আমারও	ইউসার	2
মতো	রিকভারি	2
রিকভারি	আসে	2
ফুল	নাকি	2
নাকি	ট্রায়াল	2
ট্রায়াল	ট্রায়াল	2
ট্রায়াল	হলে	2
দিনের	জন্যে	2
ভাই	আমিই	2
আমিই	এক্সট্রা	2
এক্সট্রা	সার্ভিসেস	2
সার্ভিসেস	দিয়া	2
ক্যাটাগরি	বানাইসি	2
বানাইসি	এখন	2
এখন	কনটেন্ট	2
কনটেন্ট	ম্যানেজার	2
কথায়	এক্সট্রা	2
এক্সট্রা	সার্ভিস	2
এর	ক্রিয়েট	2
নিউ	ক্যাটাগরি	2
ক্যাটাগরি	বানাবো	2
আপডেট	লেটেস্ট	2
বিভিন্ন	হ্যাকিং	2
হ্যাকিং	গেমস	2
এর	বাপ	2
এর	ডোমিন	2
ডোমিন	এডসেন্স	2
আপনার	জীবন	2
কাহিনী	আমার	2
কাহিনী	সেম	2
গুগল	আগে	2
আগে	খোঁজে	2
থ্যাংক্স	পোস্ট	2
আপনি	দিন	2
পোস্টটা	দেখুন	2
ভাই	পাই	2
একটা	মেনু	2
মেনু	শো	2
কম্প্রোসেড	ইজ	2
বেটার	দেন	2
দেন	হাইলি	2
কমপ্রেসেড	কারন	2
কারন	হাইলি	2
হাইলি	কম্প্রোসেড	2
কম্প্রোসেড	সবসময়	2
সবসময়	কাজ	2
অর	জায়গা	2
জায়গা	তে	2
তে	আমারে	2
আমারে	অথর	2
অথর	দিলে	2
দিলে	ট্রিকবিডি	2
আরো	সাফ্যলের	2
সাফ্যলের	দিকে	2
নিয়ে	যেতাম	2
করলাম	পিসি	2
বাট	পর	2
পর	হয়	2
মাত্র	দিলাম	2
দিলাম	পাইলে	2
দিবো	অনেকেই	2
পাইসে	আপনিও	2
আপনিও	ট্রাই	2
করুন	ট্রাই	2
টাকা	লাগছে	2
মধ্যেই	পেয়ে	2
কোম্পানি	কি	2
আপনার	বাপের	2
বাপের	নাকি	2
নাকি	আইসে	2
আইসে	আজীবন	2
আজীবন	অফার	2
অফার	খুঁজতে	2
আইবাডি	হ্যাক	2
হ্যাক	রিয়েল	2
পর	১০৩০	2
১০৩০	সেন্টমনি	2
সেন্টমনি	হয়ে	2
বেশি	একাউন্ট	2
খুলুন	একটায়	2
একটায়	লিমিট	2
হইলে	আরেক	2
দিয়ে	চালাবেন	2
চালাবেন	আমার	2
ফাটাফাটি	বোতল	2
যাদের	রেডাইরেক্ট	2
রেডাইরেক্ট	হয়	2
জাস্ট	তাদের	2
লিস্ট	থেকে	2
থেকে	রেনডম	2
রেনডম	সিলেক্ট	2
রাইট	এ	2
এ	চাপ	2
ভার্চুয়াল	এ	2
এ	ম্যাচমেকিং	2
ম্যাচমেকিং	নিবে	2
নিবে	ফেক	2
আইএমইআই	দেখসেন	2
যার	কপাল	2
এম	রেবট	2
রেবট	এটা	2
এটা	পূরণ	2
পারসিনা	কি	2
ওয়েবসাইট	ডাউনলোডিং	2
ডাউনলোডিং	এখন	2
এখন	সার্চ	2
অ্যাড	সার্চ	2
আসে	ইন্টারনাল	2
ইন্টারনাল	সার্চ	2
ইঞ্জিন	কিভাবে	2
কাজ	বিষয়ে	2
হুম	হলো	2
স্পিড	এতো	2
আই১০	জন্য	2
কোনটা	রেম	2
রেম	২জিবি	2
আনরুট	দেন	2
দেন	এপস	2
এপস	ইউস	2
প্রিমিয়াম	হবে	2
আপনি	হইতো	2
হইতো	নোকিয়া	2
নোকিয়া	ইউসার	2
রুট	এক্সপ্লরের	2
এক্সপ্লরের	ওপেন	2
তো	অবাক	2
এটা	পারি	2
পারি	রিচার্জ	2
রিচার্জ	নেয়া	2
নেয়া	যাচ্ছেনা	2
যাচ্ছেনা	লিমিটেড	2
লিমিটেড	দেখাচ্ছে	2
দিয়ে	টিডাবলিউআরপি	2
টিডাবলিউআরপি	কি	2
আজকে	আপনার	2
পারলাম	এই	2
রকম	হেল্পফুল	2
৩টি	পোস্টস	2
পোস্টস	করে	2
এখানে	ট্রেনার	2
সেন্ড	করেছে	2
থ্যাংক্স	নাইস	2
কিভাবে	আনজিপ	2
০	এক্স	2
এক্স	করলে	2
এ	ফোনের	2
বাড়বে	বাট	2
এর	অ্যানিমেশন	2
অ্যানিমেশন	কমে	2
কমে	হয়ে	2
সো	পারফরমেন্স	2
পারফরমেন্স	বাড়াতে	2
বাড়াতে	গেলে	2
গেলে	ভিজ্যুয়ালিজাশন	2
ভিজ্যুয়ালিজাশন	কমে	2
বাট	ওর্থ	2
ওর্থ	ইট	2
ভাইয়া	এডসেন্স	2
যেমন	সিপিসি	2
সিপিসি	পেজ	2
পেজ	সিটির	2
সিটির	পেজ	2
পেজ	আরএমপি	2
আরএমপি	ইম্প্রেশন	2
ইম্প্রেশন	এগুলা	2
এগুলা	নিয়া	2
রবি	সার্কল	2
সার্কল	আইডি	2
আইডি	থেকেই	2
থেকেই	নাম্বার	2
নাম্বার	বাহির	2
হুয়াওয়ে	ওয়াই৬	2
ওয়াই৬	কাস্টম	2
ভাই	বাইস্কোপে	2
বাইস্কোপে	এমবি	2
দিয়া	সব	2
চলবে	আপনি	2
আপনি	সিউর	2
আপনি	চালাইসেন	2
চালাইসেন	ডোন্ট	2
ওয়েট	পোস্ট	2
কোন	লোগো	2
লোগো	এর	2
জাস্ট	বুঝতে	2
বুঝতে	হেল্প	2
হেল্প	করসি	2
ইনফিনিটি	ভালো	2
আমি	কয়েকমাস	2
কয়েকমাস	ধরে	2
ধরে	খুলসি	2
খুলসি	ব্যান	2
খুললে	সমস্যা	2
ম্যাক	ফিল্টারিং	2
ফিল্টারিং	থাকলেও	2
থাকলেও	কাজ	2
টেম্পলেট	ভালো	2
লাগসে	কিন্তু	2
কিন্তু	লেআউট	2
অনেক	মেনুর	2
মেনুর	ইডিট	2
ইডিট	অপশন	2
অপশন	স্ক্রিন	2
পাবনায়	সিট	2
সিট	নাই	2
থ্যংক্স	ব্রাদার	2
কিছুই	করলাম	2
বাট	গেম	2
সাথে	খেলতেইতো	2
খেলতেইতো	পারলামনা	2
পারলামনা	ব্রো	2
আমার	স্মুথলি	2
স্মুথলি	চলসে	2
চলসে	এখন	2
ফাইল	দিলে	2
তো	আপনারা	2
আপনারা	শিখতে	2
ব্রো	এয়ারক্র্যাক	2
এয়ারক্র্যাক	দিয়ে	2
এন্ড্রোইড	রুট	2
অর	ইউসার	2
সাইট	লঞ্চ	2
তারপর	ভাই	2
করবো	মেবি	2
করসি	তারপরেও	2
তারপরেও	কোড	2
ব্রো	ওয়্যারলেস	2
ওয়্যারলেস	এডাপ্টার	2
এডাপ্টার	কোনটা	2
অশানোফএপিকে	ওয়েবসাইট	2
নিন	গুগল	2
ফাইল	রেস্ট্রিকশন	2
রেস্ট্রিকশন	করে	2
হালায়	তো	2
রে	এফবি	2
এফবি	ইনস্টাগ্রাম	2
ইনস্টাগ্রাম	বানায়	2
বানায়	নিসে	2
নিসে	আবাল	2
চুদা	মার্কা	2
মার্কা	পিক	2
পিক	দেয়	2
শুধু	বালের	2
ও	বাল	2
বাল	কাজ	2
বলসেন	ফালতু	2
কিভাবে	করসে	2
সেটা	অর	2
অর	বেপার	2
আর	মেয়েরা	2
মেয়েরা	ওতো	2
ওতো	বোকা	2
যে	ফেসবুকে	2
ফেসবুকে	কোড	2
কোড	কাউকে	2
দিবে	এসএমএস	2
এসএমএস	লিখা	2
লিখা	থাকে	2
যে	ওটা	2
ওটা	ফেইসবুক	2
ফেইসবুক	কোড	2
কোড	কমেন্ট	2
আমারই	হাসি	2
কষ্টের	ফেরিয়ালা	2
ফেরিয়ালা	আইডি	2
থেকে	অ্যাড	2
অ্যাড	দিসি	2
করেছি	তারপরও	2
তারপরও	রুট	2
ওই	এক	2
ই	লোগো	2
লোগো	তে	2
তে	যায়	2
যায়	আটকে	2
যাচ্ছে	রিকভারি	2
তে	অটোমেটিক	2
চলে	আসতাছে	2
আসতাছে	ফোল্ডার	2
ফোল্ডার	ট্রাই	2
করেও	দেখসি	2
ইমেজ	মোবাইল	2
আনতে	হেল্প	2
দেখতে	পারো	2
টিউনর	ইউসার	2
আমায়	একটি	2
একটি	পার্সোনাল	2
পার্সোনাল	দেন	2
ভাইয়া	উইন	2
প্রো	ইনস্টল	2
ইনস্টল	তো	2
তো	এক্টিভেট	2
এক্টিভেট	এন্ড	2
এন্ড	ড্রাইভার	2
ড্রাইভার	সেটআপ	2
কিটক্যাট	আর	2
করসেন	১	2
১	নাকি	2
নাকি	২	2
ভাইয়া	মেইন	2
মেইন	ভিডিও	2
তবে	পিক	2
চোদানী	মাগীর	2
মাগীর	পুত	2
পুত	বলে	2
মালওয়্যার	বাইন্ড	2
বাইন্ড	করে	2
নাইস	গ্রেট	2
গ্রেট	জব	2
কাছে	এন্ড্রোইড	2
এন্ড্রোইড	কাস্টম	2
ফর	এমটিকে৬৫৭২	2
এমটিকে৬৫৭২	কিটক্যাট	2
খানে	এসএস	2
কি	হত	2
হত	ব্রো	2
ব্রো	এইসব	2
করলে	কোটি	2
কোটি	পতি	2
পতি	হইয়া	2
হইয়া	যাবো	2
মেমরি	৪জিবি	2
৪জিবি	থেকে	2
থেকে	২জিবি	2
২জিবি	তে	2
আসে	গেসে	2
পোস্ট	জেড	2
জেড	এক্স	2
দারুন	জিনিশ	2
জিনিশ	শেয়ার	2
শেয়ার	করলেন	2
থাকলে	আজ	2
আজ	বিছানায়	2
শুয়ে	মানুষের	2
মানুষের	ওয়াইফাই	2
ওয়াইফাই	চালানোর	2
মজা	পেতাম	2
পেতাম	না	2
ওয়েবসাইট	বানানো	2
যদি	বানানো	2
এক্সপ্লেইন	করেন	2
অন্যকে	মেরেই	2
মেরেই	আপনাকে	2
আপনাকে	দেয়	2
সাথে	ইউটিউব	2
দিয়ে	সাবস্ক্রাইব	2
করে	আরেক	2
আরেক	জিমেইল	2
সাবস্ক্রাইব	নেওয়া	2
এখন	করলেও	2
করলেও	কিছু	2
হবেনা	ভাই	2
একাউন্ট	খুলতিসি	2
খুলতিসি	কিন্তু	2
কিন্তু	ফ্লেক্সিলোড	2
ফ্লেক্সিলোড	কিভাবে	2
বেশি	দেরি	2
দেরি	করেন	2
না	ধৈর্য	2
ধৈর্য	হারিয়ে	2
হলে	বলব	2
বাসা	কি‌	2
কি‌	জয়পুরহাট	2
এসএসএইচ	একাউন্ট	2
কে	লাগবে	2
হমমম	সেটাই	2
সেটাই	বলসিলাম	2
বলসিলাম	শীঘ্রয়	2
শীঘ্রয়	আপলোড	2
আপলোড	হয়ে	2
ভাই	প্লীজ	2
প্লীজ	উপকার	2
ভূয়া	পোস্ট	2
আগে	বলতে	2
বলতে	পার	2
পার	না	2
মে	তারা	2
তারা	ইউজ	2
আগে	শুধু	2
আমি	নিয়েসি	2
নিয়েসি	বাট	2
এক	এমবি	2
সরি	করবো	2
ট্যাব	কি	2
বুঝা	যায়না	2
যায়না	আর	2
কি	হয়েসে	2
হয়েসে	বাই	2
ফর	ইনফরম	2
৩টা	করসে	2
করসে	এসএস	2
বাগ	ফিক্স	2
ফিক্স	করতে	2
লগইন	হলে	2
হলে	পাসওয়ার্ড	2
নিয়েন	আর‌	2
আর‌	না	2
কিবোর্ড	আইফোন	2
আইফোন	থিম	2
পর	লোগো	2
টু	জীবনগা	2
জীবনগা	কাটেনগা	2
কাটেনগা	আর	2
আর	ঔ	2
ঔ	লেখার	2
লেখার	সাথে	2
ও	কাটে	2
কাটে	না	2
ফাক	জনি	2
জনি	ফাক	2
সরি	যে	2
আপনি	একটো	2
একটো	কষ্ট	2
করে	টেলিগ্ৰামে	2
টেলিগ্ৰামে	বলেন	2
এড	নেটফ্লিক্স	2
এটা	আপনে	2
আপনে	জানলে	2
ডেভেলপার	তাহলে	2
তাহলে	ডেভলপার	2
ডেভলপার	লাইভ	2
টিভির	লিংক	2
পার্সোনাল	ড্রাইভ	2
থেকে	মুভ	2
এসি	মার্কেটে	2
মার্কেটে	গিয়ে	2
দিলেই	এরকম	2
অনেক	মদ	2
মদ	গেমস	2
গেমস	পাওয়া	2
ক্র্যাক	ছাড়া	2
ছাড়া	বাট	2
লাইসেন্স	থাকার	2
কথা	আপনি	2
আপনি	কেগেন	2
কেগেন	দিয়ে	2
করতে	বললেন	2
বললেন	কেন	2
কেন	এনিওয়ে	2
এনিওয়ে	গুড	2
অ্যাপের	ডেভলপার	2
ডেভলপার	কেডা	2
কেডা	দেখ	2
পোস্টে	কমেন্টে	2
কমেন্টে	ভাইয়া	2
ভাইয়া	রিমিনি	2
রিমিনি	অ্যাপ	2
অ্যাপ	তারই	2
তারই	মত	2
করে	শিখান	2
জন্য	আসছিলাম	2
আসছিলাম	আর	2
আর	এখনই	2
এখনই	আপনার	2
দেখলাম	বললেন	2
বললেন	অফলাইন	2
চলে	যাবেন	2
অ্যান্ড্রয়েড	ছাড়া	2
লিংক	ব্রাউজার	2
দিয়ে	প্রিমিয়ার	2
প্রিমিয়ার	নিতে	2
শুধু	অ্যাপ	2
পানিতে	এক	2
এক	আওয়ার	2
আওয়ার	ভিজিয়ে	2
ভিজিয়ে	রাখেন	2
হয়তোবা	আপনি	2
কি	ফ্রিতে	2
ফ্রিতে	ওএসই	2
ওএসই	সার্ভিস	2
সার্ভিস	দিচ্ছে	2
দিচ্ছে	আর	2
আর	উপরে	2
উপরে	ওনাদের	2
ওনাদের	মিউজিক	2
মিউজিক	বানানোর	2
বানানোর	ব্যাপারটা	2
ব্যাপারটা	ক্লিয়ার	2
অনেকেই	ইন্টারেস্টেড	2
ওনার	প্রবলেম	2
প্রবলেম	বুঝেন	2
নাই	উনার	2
উনার	ফোন	2
এখন	নন	2
নন	রোটেট	2
রোটেট	কিন্তু	2
উনার	সুপার	2
অ্যাপ	হিস্টাম	2
হিস্টাম	হিসেবে	2
হিসেবে	ইন্সটল	2
ইন্সটল	হইয়া	2
হইয়া	আছে	2
জন্য	সুপার	2
সু	ফ্ল্যাশ	2
আগের	অ্যাপ	2
অ্যাপ	রিপ্লেস	2
যাবে	এরপর	2
এরপর	সুপার	2
সু	দিয়ে	2
আনরুট	কর	2
পাইলাম	অনলি	2
অনলি	২৫	2
বাট	আব্বুর	2
আব্বুর	সিমে	2
সিমে	১০০	2
সো	নাইস	2
মেয়াদ	আর	2
কখন	ইউজ	2
তো	হইল	2
পড়েন	বুঝবেন	2
অনেকেই	পাইছে	2
পাইছে	আবার	2
আবার	অনেকেই	2
অনেকেই	পায়	2
ইয়েস	সবাই	2
কোথাও	রাখা	2
রাখা	হয়নি	2
রহমান	রহমান	2
রহমান	এর	2
আপনার	ইউজারনেইম	2
ইউজারনেইম	দেন	2
এল	ওআইসি	2
ওআইসি	আছে	2
রুট	ফেল্ড	2
ফেল্ড	স্যামসাং	2
উইন	জিটিআই৮৫৫২	2
হুম	সলভ	2
সলভ	হবে	2
হবে	পারলে	2
পারলে	নিজেই	2
নিজেই	ফ্ল্যাশ	2
আমার	বিওগ্রাফি	2
বিওগ্রাফি	আর	2
একটা	টেম্পলেট	2
টেম্পলেট	লাগবে	2
গুড	ডিজিটাল	2
ডিজিটাল	দেশের	2
দেশের	তাল	2
তাল	নাগরিক	2
নিউ	অল	2
টাইপ	মুভিজ	2
মুভিজ	অ্যাভেলেবল	2
অ্যাভেলেবল	ইন	2
ইন	এমএল	2
এমএল	ডাব্লিউ	2
ডাব্লিউ	বিডি	2
বিডি	ওয়ার্ক	2
ওয়ার্ক	উইথ	2
লিংক	এন্ড	2
এন্ড	এইচ	2
এইচ	এ	2
এ	ভিসি	2
ভিসি	মুভিজ	2
মুভিজ	ওয়েব	2
ওয়েব	ডিজায়ার	2
ভাই	জিএ	2
জিএ	এমএল	2
এমএল	জিকিউ	2
জিকিউ	এসব	2
এসব	ডমিনো	2
ডমিনো	হবে	2
ঠিকমত	না	2
পারলে	জরিমানাতো	2
জরিমানাতো	দিতেই	2
দিতেই	আর	2
পল্লী	বিদ্যুৎ	2
বিদ্যুৎ	অফিসে	2
অফিসে	কল	2
কল	দিছিলাম	2
দিছিলাম	এটা	2
এটা	সেফ	2
সেফ	বলছে	2
বলদ	পোলাপান	2
পোলাপান	এফবি	2
কিছু	তুই	2
তুই	বোঝেনা	2
বোঝেনা	পোস্ট	2
করছে	এডমিন	2
এডমিন	হবে	2
না	জীবনে	2
পাব	ট্রাই	2
করলাম	ছয়	2
ছয়	দিন	2
দিন	হল	2
হল	কোন	2
কোন	অ্যান্সার	2
অ্যান্সার	নাই	2
ইউটিউব	ইউজার	2
নেম	সেট	2
কথা	অ্যাটাক	2
তো	ডাউন	2
ওয়েবসাইট	ডাউন	2
সেই	ওয়েবসাইটের	2
ওয়েবসাইটের	হোমপেজে	2
হোমপেজে	হ্যাকার	2
হ্যাকার	আর	2
আর	নিজস্ব	2
নিজস্ব	কোন	2
নাম	বা	2
বা	মেসেজ	2
মেসেজ	ঝুলিয়ে	2
ঝুলিয়ে	রাখাটা	2
রাখাটা	কিভাবে	2
ফোন	নন	2
রুটেড	ভিডিওতে	2
ভিডিওতে	দেখুন	2
দিবে	বুঝলাম	2
সেটা	বুঝতেছি	2
মানে	তাদের	2
দিবে	যদি	2
বলেন	মাইন্ড	2
কি	অ্যান্ড্রয়েডে	2
অ্যান্ড্রয়েডে	নেট	2
নাকি	পিসিতে	2
পিসিতে	নেট	2
চালাতে	পারব	2
মুভি	নাই	2
একটা	পেইড	2
পেইড	অ্যাপ	2
অ্যাপ	খুব	2
নাও	অ্যাপের	2
অ্যাপের	ফ্রি	2
নম্বর	বেশিদিন	2
বেশিদিন	থাকে	2
প্রিমিয়াম	নিয়ে	2
আসুন	থ্যাংকস	2
রিভিউটা	অনেক	2
আজকে	পেজ	2
পেজ	কেউ	2
এগুলো	নিয়েই	2
নিয়েই	ইউটিউব	2
ইউটিউব	খালি	2
খালি	ভিডিও	2
এর	আমরা	2
যত	রুলস	2
রুলস	প্রয়োগ	2
প্রয়োগ	আমি	2
শুধু	ডিসকানেক্ট	2
ডিসকানেক্ট	লেখা	2
সব	ঠিকমতই	2
ঠিকমতই	সেটিং	2
সেটিং	করলাম	2
করলাম	এক্সেস	2
পয়েন্ট	একই	2
একই	আলাদা	2
আলাদা	কিছু	2
সেকেন্ড	পরপর	2
পরপর	স্পিনে	2
স্পিনে	ক্লিক	2
হবে	এরপর	2
এরপর	ডেলি	2
ডেলি	চেক	2
পাবেন	ভিডিও	2
ভিডিও	এক্স	2
এক্স	দেখতে	2
থাকলে	রেকর্ড	2
রেকর্ড	হয়ে	2
থাকবে	যখন	2
যখন	ডাটা	2
তখন	সেন্ড	2
সেন্ড	হবে	2
হবে	অটো	2
নিয়ে	ট্রিক	2
শুক্ল	পক্ষের	2
পক্ষের	লিঙ্ক	2
ভাইয়া	সাজেশন	2
নিব	ট্রিট	2
ট্রিট	শেয়ার	2
হয়	ওয়ান	2
ওয়ান	ডেস	2
ডেস	প্রিমিয়াম	2
প্রিমিয়াম	ট্রেল	2
ট্রেল	নিয়া	2
নিয়া	কোন	2
কোন	লাভই	2
লাভই	নাই	2
মিডিয়া	ফায়ার	2
নিউ	ইউজ	2
ভাই	সিরিয়াসলি	2
সিরিয়াসলি	এখন	2
এখন	ট্রিক	2
বিডিতে	এমন	2
হয়	এটাতো	2
এটাতো	একদম	2
আই	চেঞ্জার	2
তোমারটা	লেটেস্ট	2
লেটেস্ট	প্লেস্টোর	2
পোস্টটা	আগেই	2
বলে	যাবা	2
দারুন	বই	2
বই	আগে	2
আগে	পড়েছিলাম	2
করার	৫	2
৫	ডেইজ	2
ডেইজ	পর	2
পর	রিপ্লাই	2
রিপ্লাই	পাইছি	2
৫	দেন	2
ফ্লেক্সিপ্লান	টাকা	2
বাট	পিডিএফ	2
মধ্যে	টেক্সট	2
টেক্সট	থাকতে	2
কিন্তু	প্রায়	2
সব	বাংলা	2
পিডিএফ	ফটো	2
ফটো	তোলে	2
তোলে	তৈরি	2
তাই	অ্যাপ	2
অ্যাপ	রিড	2
এমবিএলএ	টাকা	2
টাকা	কেমনে	2
কেমনে	আসবে	2
করেছি	ইউজার	2
ভাইকে	মেইল	2
ইচ্ছা	টিউনার	2
টিউনার	হব	2
হব	প্লিজ	2
প্লিজ	রিসিভড	2
রিসিভড	মি	2
ব্যাটারি	৬০০০	2
৬০০০	প্লাস	2
প্লাস	হলে	2
সাইট	প্রবলেম	2
সাইট	খোলা	2
খোলা	অনেক	2
অনেক	দশ	2
দশ	গুণ	2
গুণ	এভাবে	2
এভাবে	আমাদের	2
লাগে	আমাদের	2
আরডিপিএর	মেয়াদ	2
দিয়েছি	এড	2
পরও	এমবি	2
করব	মানুষের	2
মানুষের	হ্যাক	2
হ্যাক	গেম	2
গেম	নিব	2
নিব	কেন	2
করলে	সেটাও	2
সেটাও	দেখাবেনা	2
ডাটা	স্টপ	2
স্টপ	থাকলে	2
কিভাবে	অন	2
এয়ারটেল	এভাবে	2
এভাবে	বাঁশ	2
দিয়া	দিল	2
ফোন	হুয়াওয়ে	2
হুয়াওয়ে	ওয়াই৬০০	2
ওয়াই৬০০	এমটিকে৬৫৭২	2
এমটিকে৬৫৭২	ওপরে	2
ওপরে	রিকভারি	2
ইমেজ	এক্সট্র্যাক্ট	2
নাকি	বুট	2
মেইন	ডিভাইস	2
পাঠাইছি	এক্সেপ্ট	2
পোস্ট	ডাউনলোড	2
লিংক	হোয়ের	2
হোয়ের	ডাউনলোড	2
করুন	আদারওয়াইজ	2
আদারওয়াইজ	রিপোর্টেড	2
মাগির	পোলারে	2
পোলারে	ব্লক	2
ব্লক	মারেন	2
মারেন	এডমিন	2
ভালোভাবে	দেখুন	2
লাভ	পেলেন	2
বরং	ওর	2
ওর	গোনা	2
গোনা	হল	2
গালি	থেকে	2
১৩০০	ক্রিপসোলে	2
ক্রিপসোলে	কত	2
নেট	পাইলা	2
পাইলা	অথবা	2
অথবা	বইয়া	2
বইয়া	থাকবা	2
থাকবা	কার	2
আগে	কে	2
টা	ইমেজ	2
কিচেন	অ্যাপস	2
ভিতর	দা	2
দা	নিউ	2
নিউ	আইএমজি	2
টা	রি	2
রি	নেম	2
করব	নাকি	2
নাকি	এক্সপোর্ট	2
এক্সপোর্ট	করার	2
ফাইল	ম্যানেজারের	2
ম্যানেজারের	ভিতর	2
আজকেই	দিব	2
পেচার	দিয়া	2
লেখা	লিখবেন	2
লিখবেন	ব্র্যাকেটের	2
ব্র্যাকেটের	পরিবর্তে	2
পরিবর্তে	হবে	2
এন্ড	ভেরি	2
আইডি	আজ	2
আজ	ঠিক	2
করি	সকালে	2
উঠে	দেখি	2
দেখি	ফেস	2
ফেস	লক	2
লক	ফটো	2
ভেরিফাই	চাই	2
চাই	ফটো	2
ফটো	দিলাম	2
দিলাম	দুই	2
সকালে	হয়েছিল	2
হয়েছিল	আবারো	2
আবারো	ফটো	2
ফটো	চায়	2
চায়	এই	2
প্রায়	হয়েছে	2
হয়েছে	একবার	2
একবার	ডিজেবল	2
গিয়েছিল	খোলার	2
থেকে	শুধু	2
শুধু	ভেরিফাই	2
ভেরিফাই	করতেছি	2
অনেক	রিকোয়েস্ট	2
গুলোর	দেখার	2
দেখার	অনেকবার	2
মেইল	দিয়েছি	2
নাই	রিকোয়েস্ট	2
রিকোয়েস্ট	করব	2
ওল্ড	মেম্বার	2
মেম্বার	ট্রাস্ট	2
আমার	ইউজার	2
আইডি	দেখুন	2
দেখুন	আবার	2
আবার	হলেও	2
যদি	রবি	2
সিম	থাকে	2
থাকে	ট্রাই	2
করুন	হবেই	2
আমিও	নামিয়ে	2
নামিয়ে	দেখছি	2
কোন	এসএমএস	2
দিলাম	ওই	2
ওই	মেইলটা	2
মেইলটা	কি	2
থেকেই	ক্রিয়েট	2
আপনি	সাইটে	2
সাইটে	বানানোর	2
বানানোর	আগে	2
কেন	ডোমেন	2
ডোমেন	নিয়ে	2
করলেন	জানা	2
যদি	সাইটে	2
সাইটে	না	2
তবে	ডোমেইন	2
ডোমেইন	নেব	2
ভাই	খারাপ	2
কোড	দরকার	2
আপনার	দরকার	2
হলে	ডাকবেন	2
ইচ্ছা	হারান	2
হারান	কেন	2
মানে	ফেক	2
ভাই	তোমাগোর	2
তোমাগোর	মাথায়	2
মাথায়	যে	2
এত	বুদ্ধি	2
বুদ্ধি	জানতাম	2
আমি	ঘণ্টা	2
ঘণ্টা	একটা	2
একটা	টাইম	2
টাইম	বলছি	2
বলছি	সেটা	2
সেটা	সর্বোচ্চ	2
সর্বোচ্চ	টাইম	2
টাইম	বেশি	2
সেই	হিসাবে	2
হিসাবে	টাইম	2
টাইম	বাড়িয়ে	2
বাড়িয়ে	বলছি	2
তো	বলবো	2
বলবো	এখন	2
এখন	একজনের	2
একজনের	তিন	2
তিন	ঘন্টা	2
ঘন্টা	লাগল	2
লাগল	সে	2
করব	যাই	2
হোক	থ্যাঙ্কস	2
থ্যাঙ্কস	তোমার	2
রবি	প্রুফ	2
মেজ	ওয়ান্স	2
হুম	মজার	2
ব্রো	স্পেস	2
ভাইয়া	সাইট	2
সাইট	মাত্র	2
মাত্র	স্টার্ট	2
হলো	এখন	2
জাস্ট	জয়েন	2
তিন	দিনের	2
জানিয়ে	দেয়া	2
ভালোভাবে	বুঝলাম	2
আচ্ছা	ইয়াসিন	2
তো	কাস্টম	2
রিকভারি	গুগলে	2
গুগলে	পাওয়া	2
ক্ষেত্রে	যদি	2
তাহলে	হবেন	2
হলে	কেন	2
কেন	ওখানে	2
ওখানে	তরীকা	2
তরীকা	বাড়ি	2
বাড়ি	এন্ড	2
এন্ড	রিস্টার্ট	2
রিস্টার্ট	ফাংশন	2
ফাংশন	আছে	2
আছে	বুঝিয়ে	2
সাইট	আসলেই	2
আসলেই	সাইটটা	2
সাইটটা	অনেক	2
মজার	বাই	2
করব	কিছুই	2
লাগলো	হিট	2
হিট	হবে	2
আগেই	নিছি	2
খালার	মনও	2
মনও	ইচ্ছা	2
গেম	পিসিটা	2
পিসিটা	৩	2
ইয়ার	খেলছি	2
খেলছি	যখন	2
আমি	ছোট	2
ছিলাম	সব	2
সব	মুখস্ত	2
মুখস্ত	হয়ে	2
বাট	পোস্টটা	2
হুম	এয়ারটেল	2
এয়ারটেল	কমবেশ	2
কমবেশ	সবাই	2
জানে	নারাই	2
নারাই	সম্ভব	2
সম্ভব	বিডি	2
বিডি	বেস্ট	2
বেস্ট	অফার	2
অফার	সিম	2
এমনিই	ডাউনলোড	2
ছাড়া	ই	2
ই	লোডিং	2
করছি	প্রিটেন্ডিং	2
প্রিটেন্ডিং	এ	2
আছে	অ্যাকসেপ্ট	2
আর	আমায়	2
নবীর	নাম	2
নাম	মিথ্যে	2
বললেন	ভাই	2
ভাই	নবী	2
নবী	আর	2
আর	পড়তেন	2
পড়তেন	আজহারী	2
আজহারী	হুজুরের	2
হুজুরের	লেকচার	2
লেকচার	শুনেন	2
বলে	তোর	2
তোর	মিয়া	2
অনেক	নিয়েছিলাম	2
নিয়েছিলাম	এখন	2
নিউ	ইনকাম	2
ইনকাম	সিস্টেম	2
সিস্টেম	দিতে	2
পারে	মেটা	2
মেটা	কোম্পানি	2
জাস্ট	খেলাম	2
খেলাম	কোন	2
ভিপিএন	লাগেনি	2
লাগেনি	মোবাইল	2
ডাটা	দিয়েই	2
দিয়েই	সিম	2
সিম	ছিল	2
ছিল	বাংলালিংক	2
পোস্টটি	দেওয়া	2
আছে	চশমা	2
চশমা	লাগে	2
লাগে	দেখেন	2
আমাকে	চিনছেন	2
১মটা	ডাউনলোড	2
কিন্তু	৪০৪	2
৫০০	টাকায়	2
টাকায়	পায়োনিয়ার	2
পায়োনিয়ার	মাস্টার	2
কার্ড	বানাতে	2
বানাতে	ইনবক্সে	2
ইনবক্সে	আসুন	2
আসুন	তাছাড়া	2
রেফারেল	দিলে	2
দিলে	২৫	2
থাকছেই	আর	2
যদি	ডলার	2
ডলার	কিনতে	2
তো	ইনবক্সে	2
ইনবক্সে	আসতে	2
আসতে	ওম	2
ওম	পেপালে	2
পেপালে	অ্যাকাউন্ট	2
এটাতো	আমার	2
আমার	কানেক্টেডই	2
কানেক্টেডই	হয়	2
বাট	এমনিতো	2
এমনিতো	অ্যাপসে	2
অ্যাপসে	খুঁজে	2
পাচ্ছিনা	ইউজ	2
লিংক	সিম	2
রিপ্লেস	করতে	2
জিপিতে	হবে	2
ভাও	তারমাক্সে	2
তারমাক্সে	হবে	2
আমাকে	এর	2
অল	বিবিকোড	2
বিবিকোড	টা	2
মেইন	সমস্যা	2
হয়েছে	লোল	2
শুধু	ওয়ার্ড	2
ওয়ার্ড	পাস	2
পাস	সাইড	2
সাইড	বানান	2
বানান	অন্য	2
না	ওয়ার্ড	2
প্রেস	কখনো	2
না	গ্যারান্টেড	2
এই	গেমটি	2
গেমটি	বেঁচে	2
বেঁচে	থাকলে	2
থাকলে	খেলেন	2
খেলেন	না	2
ভুল	করেও	2
করেও	লিংকটিতে	2
লিংকটিতে	ঢুকেন	2
ঢুকেন	না	2
না	লিংকটিতে	2
লিংকটিতে	ঢুকলে	2
ঢুকলে	আপনাকে	2
আপনাকে	মরতে	2
ফলো	বুটিন	2
বুটিন	অন	2
এটা	কাজের	2
অনলি	ড্রইট	2
ভিপিএন	লাগবো	2
নাকি	স্কাই	2
স্কাই	পক্সে	2
পক্সে	ইউজ	2
শেষ	একাউন্ট	2
মেইল	একদিনে	2
একদিনে	সেন্ড	2
সেন্ড	হলে	2
হলে	স্পামে	2
স্পামে	ভাবেই	2
দেটস	গ্রেট	2
পেপাল	যে	2
যে	আসতেছে	2
এটা	কোত্থেকে	2
কোত্থেকে	শুনলেন	2
জিয়ার৫	২০১৭	2
২০১৭	রুট	2
ব্রো	কানেক্টেড	2
আমার	রেজিস্টার	2
রেজিস্টার	হয়	2
প্লিজ	ফেসবুকে	2
করুন	এসএমএস	2
আপনার	পোস্টিংয়ে	2
পোস্টিংয়ে	ঝামেলা	2
আছে	ফোল্ডারটা	2
ফোল্ডারটা	রিপ্লেস	2
যাচ্ছে	১০	2
মিনিট	রেখে	2
রেখে	দিয়েছি	2
তাও	লোডিং	2
এন্ড	এপ	2
প্লেয়ার	ডাটা	2
ঢুকেন	নেট	2
নেট	থাকতে	2
ও	ব্রো	2
ভাই	কানেক্টিং	2
কানেক্টিং	আর	2
আর	কানেক্টিং	2
কানেক্টিং	হেল্প	2
হুম	অস্থির	2
অস্থির	সেট	2
কোন	দেশে	2
দেশে	যাবেন	2
নাই	পাইলে	2
পাইলে	এখানে	2
হ্যাঁ	যাবে	2
যাবে	দুইটা	2
দুইটা	উপায়	2
আছে	এক	2
এক	কোন	2
কোন	ব্যক্তির	2
ব্যক্তির	কাছে	2
কাছে	আপনি	2
আপনি	কয়েন	2
আর	অনলাইনে	2
অনলাইনে	কোন	2
সাইটে	সেল	2
স্যামসাং	জে৭	2
জে৭	দিয়ে	2
খেলুন	কিছুই	2
না	নরমার	2
নরমার	মোবাইলে	2
মোবাইলে	ব্যাটারি	2
ব্যাটারি	যাবে	2
এড	ফাইবার	2
ফাইবার	কি	2
জি	আছে	2
আছে	অনলাইন	2
অনলাইন	করা	2
ভাল	হইত	2
উইথড্র	করব	2
৩০	ডেইজ	2
ডেইজ	পার	2
এটাতে	দুই	2
দুই	এমবি	2
স্পিড	পাইছি	2
পাইছি	ওই	2
ওই	স্ক্রিনশটগুলো	2
স্ক্রিনশটগুলো	দিলে	2
দিলে	মনে	2
করবে	ভুলাটা	2
ভুলাটা	টাই	2
টাই	দিনি	2
দিনি	এখনকার	2
এখনকার	গুলা	2
গুলা	দিলাম	2
জন্য	দিছেন	2
অনলি	রিডাইরেক্ট	2
রিডাইরেক্ট	করার	2
জন্য	লিংক	2
দিয়েছেন	লিংক	2
এক্সিলেন্ট	অ্যাপস	2
অ্যাপস	ভাইয়া	2
হলো	বিস্তারিত	2
বিস্তারিত	কই	2
এসব	লাগে	2
লাগে	অ্যাপ	2
ছাড়াই	অটো	2
অটো	রিপ্লাই	2
দেয়	জানো	2
সাপোর্ট	গ্রুপে	2
গ্রুপে	মেসেজ	2
করুন	যতটুকু	2
যতটুকু	সম্ভব	2
সম্ভব	হেল্প	2
ট্রিক	কার	2
কার	কাজ	2
করছে	বলবেন	2
বিকাশ	কম্পানি	2
কম্পানি	অ্যাপ	2
শিওর	হবার	2
জন্য	১৬২৪৭	2
১৬২৪৭	কল	2
কিটক্যাট	অ্যান্ড	2
অ্যান্ড	ললিপপ	2
সিলেট	সদর	2
এনবি	কুকিজ	2
কুকিজ	লিংকিত	2
লিংকিত	নাই	2
ডাউনলোড	করিয়া	2
করিয়া	টাকা	2
ইনকাম	করছেন	2
দেই	কার	2
কার	মাধ্যমে	2
একটা	পোজ	2
পোজ	দিন	2
প্লিজ	সবার	2
অস্থির	প্লিজ	2
একবার	লগইন	2
লগইন	দিলেই	2
মাই	বিএল	2
বিএল	কেয়ার	2
আমি	মালয়েশিয়া	2
মালয়েশিয়া	থাকি	2
থাকি	আমি	2
কিন্তু	স্টক	2
পারিনি	প্লিজ	2
পরে	আমি	2
আরো	অ্যান্ড্রয়েড	2
অ্যান্ড্রয়েড	টিপস	2
টিপস	পাবেন	2
পাবেন	আপনারা	2
আপনারা	কমেন্টে	2
কমেন্টে	জানাবেন	2
জানাবেন	কোন	2
আপনারা	আমার	2
থেকে	চাইবেন	2
চাইবেন	বেস্ট	2
করবো	হেল্পের	2
কিন্তু	এটাই	2
এটাই	কোন	2
কোন	চিতকোড	2
চিতকোড	ইউজ	2
না	নোকিয়ার	2
নোকিয়ার	মত	2
দিয়ে	পার	2
পার	করা	2
হয়েছে	মানে	2
লিখে	দোয়া	2
ভাবে	লিখুন	2
লিখুন	যেন	2
যেন	অন্যরা	2
অন্যরা	বুঝতে	2
অন্যরাও	তো	2
এটাই	ফ্ল্যাগকে	2
ফ্ল্যাগকে	ডিফেন্স	2
ডিফেন্স	করা	2
অনেক	জেনারেল	2
জেনারেল	নলেজ	2
নলেজ	অভাব	2
তাই	বলতেছেন	2
সিম্ফনি	আর	2
কি	ম্যাপিং	2
ম্যাপিং	এর	2
লিখেন	আপনার	2
গলা	জমায়েত	2
জমায়েত	থাকায়	2
থাকায়	না	2
না	বোঝলে	2
বোঝলে	ভিডিও	2
কে	ফেসবুক	2
পেজ	করার	2
পারতাছি	কেউ	2
জানলে	ভলুন	2
ওটা	বাদ	2
বাদ	দেসে	2
ব্রাউজার	ভালো	2
পেমেন্ট	ফেইলড	2
ফেইলড	নট	2
ওয়ার্কিং	এমবি	2
গুলা	গেল	2
গেল	খালি	2
খালি	মিয়া	2
যদি‌	আনপ্যাকিং	2
আনপ্যাকিং	বেশি	2
তাইলে	ডাইরেক্ট	2
ডাইরেক্ট	এসডি	2
কার্ডে	রেখে	2
রেখে	আনপ্যাক	2
আনপ্যাক	করবেন	2
করবেন	কুনু	2
কুনু	ফোল্ডারে	2
ফোল্ডারে	নয়	2
ট্রিক	ড্রাইভার	2
ড্রাইভার	প্যাক	2
প্যাক	১৬	2
জিবি	কমায়ে	2
কমায়ে	ডাউনলোড	2
দেয়ার	কোন	2
সার্ভার	জানা	2
শেষেরটা	মজার	2
আই	ফ্লিক্সে	2
ফ্লিক্সে	এমবির	2
এমবির	প্রাইস	2
এন্ড	মেয়াদ	2
মেয়াদ	কেমন	2
থ্যাংকস	পাইছি	2
বিষয়ে	নিও	2
নিও	আমার	2
পোস্ট	রয়েছে	2
গ্রামীণফোন	চলে	2
বাট	বাংলালিংক	2
বাংলালিংক	চলতেছে	2
থেকেও	সহজ	2
সহজ	একটা	2
একটা	ঠিক	2
ঠিক	শেয়ার	2
করছি	অথচ	2
অথচ	পাবলিশই	2
পাবলিশই	হইল	2
ঐটা	একটা	2
একটা	কয়েন	2
কয়েন	সিস্টেম	2
সিস্টেম	কয়েন্টার	2
কয়েন্টার	প্রাইস	2
প্রাইস	১	2
১	কয়েন	2
কয়েন	কয়েন	2
কয়েন	গলার	2
গলার	দাম	2
দাম	বাড়লে	2
বাড়লে	ভালো	2
হবে	কয়েন্টটা	2
কয়েন্টটা	এখনো	2
এখনো	মার্কেটে	2
মার্কেটে	আসে	2
আসলে	হয়ে	2
আপনাকে	ওয়েট	2
করে	কয়েন	2
কয়েন	আর্ন	2
হবে	কয়েনটা	2
কয়েনটা	এখনো	2
এখনো	জুলাইয়ের	2
জুলাইয়ের	দিকে	2
দিকে	হবে	2
করে	আস্তে	2
আস্তে	বাড়তে	2
কোথায়	রুশ	2
রুশ	অনুযায়ী	2
অনুযায়ী	ডাইরেক্ট	2
লিংক	ইনক্লুড	2
ইনক্লুড	করেন	2
ক্রিহ্যাক	ফ্রিডম	2
ফ্রিডম	লাকি	2
প্যাচার	তিনটাই	2
তিনটাই	আছে	2
না	ক্যামনে	2
ক্যামনে	ইউজ	2
করে	জানিনা	2
কি	কমান্ড	2
কমান্ড	দিতে	2
পেজ	লেখা	2
মাঝে	হালকা	2
হালকা	কেটে	2
তাড়াতাড়ি	টিভি	2
টিভি	স্ক্রিনশট	2
সাকুরার	মতই	2
মতই	ট্র্যাশ	2
ট্র্যাশ	টেমপ্লেট	2
ব্রো	ডিজাইন	2
ডিজাইন	করবো	2
এসফল্ট	নাইন	2
নাইন	অনলাইন	2
অনলাইন	অনলাইন	2
অনলাইন	কিন্তু	2
কিন্তু	অফলাইন	2
অনেক	হলো	2
হলো	বাদ	2
অন্যের	জন্য	2
নিজের	ভাষা	2
ভালো	টিম	2
কিনা	না	2
না	দেখেই	2
দেখেই	অথর	2
টিপিনের	রেজ	2
রেজ	দেখলাম	2
দেখলাম	পোস্ট	2
তো	টোনার	2
টোনার	হতে	2
আজ	সন্ধ্যায়	2
পোস্টই	দিলাম	2
কোন	টিপস	2
টিপস	দিতে	2
মাথায়	ঢুকলো	2
ঢুকলো	না	2
নিচ্ছি	অ্যারাউন্ড	2
অ্যারাউন্ড	আমি	2
আমি	ওনাদের	2
ওনাদের	দেয়া	2
থেকে	ডাইরেক্ট	2
ডাইরেক্ট	পেওনের	2
পেওনের	কম	2
ওপেন	করেছি	2
যাতে	বিকাশে	2
বিকাশে	উইথড্রহ	2
উইথড্রহ	করা	2
নেটের	ক্যাটাগরিতে	2
ক্যাটাগরিতে	গিয়ে	2
পোস্টের	চাইতেও	2
চাইতেও	ভালো	2
তো	শর্ট	2
শর্ট	একটা	2
দিয়ে	বলতেছেন	2
বলতেছেন	যে	2
জন্য	ভিউ	2
বাড়ানোর	ডান্ডা	2
ডান্ডা	সেইম	2
রেডউল্ফ	রিকভারি	2
রিকভারি	ইউজ	2
যাবে	সিম্ফোনি	2
সিম্ফোনি	ফোন	2
আপনি	ফালতু	2
কিভাবে	বুঝতে	2
বুঝতে	পারব	2
পারব	আমাকে	2
ইমেইল	সেন্ড	2
গুড	পোস্টস	2
পোস্টস	ইউজার	2
হয়েছে	পাঁচ	2
পাঁচ	ওয়াক্ত	2
ওয়াক্ত	নামাজের	2
নামাজের	মাঝে	2
মাঝে	লক্ষ্য	2
লক্ষ্য	লাগায়	2
লাগায়	দিচ্ছেন	2
ভাই	ধানমন্ডি	2
ধানমন্ডি	হ্যাক	2
প্রথমবার	জেনারেল	2
জেনারেল	ভাবে	2
ভাবে	মেইল	2
করে	চাইছিলাম	2
চাইছিলাম	বলছিলেন	2
বলছিলেন	শেষ	2
গেছে	২য়	2
টাইম	ফরম	2
ফরম	ফিলাপ	2
ফিলাপ	করলাম	2
তাও	দিলেন	2
স্কাইপি	নাই	2
ভাইয়া	ইমো	2
ইমো	আছে	2
ইমু	আইডি	2
পাবলিস্ট	হসসে	2
কিন্তু	ইউজারনেমেন	2
ইউজারনেমেন	পাসওয়ার্ডের	2
পাসওয়ার্ডের	এখানে	2
এখানে	যায়	2
যায়	দি	2
দি	আপনার	2
লাইসেন্স	চায়	2
চায়	মানে	2
মানে	লাইসেন্স	2
লাইসেন্স	কেন	2
কেন	চাইবে	2
চাইবে	এটা	2
এটা	কারো	2
মোবাইলে	চায়না	2
চায়না	হয়তো	2
মোবাইলে	কোন	2
কারণে	হচ্ছে	2
আসলে	পেমেন্ট	2
পাইছেন	কিভাবে	2
আপনার	টেলিকিট	2
টেলিকিট	ওয়েবসাইট	2
কি	পাচ্ছিনা	2
নেট	দিবি	2
দিবি	পোস্ট	2
পোস্ট	দিবি	2
দিবি	না	2
ফিচারস	বেশি	2
বেশি	হাইছে	2
ভাই	আমাকেও	2
আমাকেও	দেন	2
দেন	ইমেইল	2
পাইলাম	আপনি	2
আপনি	দুই	2
দুই	ঘন্টারও	2
ঘন্টারও	বেশি	2
করে	৮০০	2
৮০০	কয়েন	2
কয়েন	করছেন	2
করছেন	তাও	2
তাও	১০০০	2
১০০০	১০০০	2
১০০০	কয়েনের	2
কয়েনের	প্রাইস	2
প্রাইস	হুদা	2
হুদা	এখানে	2
এখানে	লিখছেন	2
লিখছেন	এক	2
এক	মিনিটে	2
মিনিটে	১০০০	2
১০০০	পুরাই	2
পুরাই	আওয়ার	2
কইরা	যদি	2
যদি	৪	2
কয়	বসর	2
বসর	লাগবো	2
লাগবো	এক	2
এক	ডলার	2
করতে	আল্লাহই	2
আল্লাহই	জানে	2
এডোবি	প্রিমিয়ার	2
প্রিমিয়ার	প্রো	2
কথা	আরো	2
আরো	তিন	2
আগে	দেতার	2
দেতার	দরকার	2
আপনার	কান্ট্রি	2
কান্ট্রি	কোনটা	2
টিডব্লিউআরপি	কই	2
বস	লাভ	2
ইউ	বস	2
একটু	গান	2
শুনলে	আর	2
নেট	চালাইলে	2
চালাইলে	মানসিক	2
চাপ	থেকে	2
কিছুটা	মুক্ত	2
মুক্ত	থাকা	2
যায়	থ্যাঙ্কস	2
থ্যাঙ্কস	আই	2
এম	অলসো	2
অলসো	আ	2
আ	এসএসসি	2
লট	অফ	2
যত	খোশি	2
খোশি	ততু	2
ততু	বার	2
ওবিবি	আছেনি	2
আছেনি	কোন	2
কোন	টায়	2
হ্যাঁ	তাড়াতাড়ি	2
তাড়াতাড়ি	পোস্টটা	2
পোস্টটা	করব	2
আপনি	এইভাবে	2
এইভাবে	করতে	2
সেকেন্ড	লাগে	2
লাগে	হায়েস্ট	2
হুম	ভয়েস	2
ভয়েস	টা	2
আইস	ভাই	2
ভাই	আমির	2
আমির	কাছে	2
আছে	প্রো	2
প্রো	ভার্সনের	2
ভার্সনের	দাম	2
দাম	আমি	2
আমি	এফটিতে	2
এফটিতে	দেব	2
পোর্ট	খালি	2
খালি	রাখে	2
রাখে	কানেক্টে	2
কানেক্টে	ক্লিক	2
ওর	ইজি	2
আবার	দেখান	2
নতুন	ব্র্যান্ড	2
ব্র্যান্ড	মনে	2
করছি	আসলে	2
আসলে	ওয়ালটন	2
কয়েন	জিতেন	2
জিতেন	সহজে	2
সহজে	জানতে	2
জানতে	গো	2
এটি	ট্রায়াল	2
ট্রায়াল	ভার্শন	2
ওমা	৬৪কে	2
৬৪কে	দিয়ে	2
পিসি	বানিয়ে	2
বানিয়ে	তো	2
পুরাই	মাঠে	2
মাঠে	মারা	2
মারা	গেলাম	2
দেখো	করে	2
আপনার	নতুন	2
নতুন	পোস্টটা	2
আমার	খুবব	2
খুবব	দরকার	2
বিক্রয়	উৎসব	2
উৎসব	বুঝাবেন	2
বুঝাবেন	কে	2
তিনটা	সিমে	2
সিমে	২৪	2
২৪	জিবি	2
না	বাল	2
ওয়াও	গেম	2
প্লে	দেন	2
আমার	কাইনমাস্টারে	2
কাইনমাস্টারে	নাই	2
নাই	এএসএ	2
এএসএ	আমি	2
চলতে	আর	2
বলেন	ভাইজান	2
একটা	বিরাট	2
বিরাট	প্রবলেম	2
প্রবলেম	এখন	2
বাড়ানো	আপনি	2
পারেন	মেয়াদ	2
মেয়াদ	যেদিন	2
যেদিন	শেষ	2
দিন	ওই	2
আবার	কিনে	2
কিনে	ফেলুন	2
বিডি	হবা	2
হবা	নাকি	2
কি	ইসসা	2
ইসসা	মত	2
মত	দেয়া	2
ছয়টা	রেফার	2
কপি	পোস্টও	2
পোস্টও	আবার	2
ইনফরমেশন	এখনো	2
এখনো	সম্প্রচার	2
সম্প্রচার	শুরু	2
নাই	১৯	2
১৯	মে	2
মোবারক	২	2
দেখলে	মেজাজটা	2
মেজাজটা	গরম	2
আবাল	মাগা	2
মাগা	কমেন্টের	2
কমেন্টের	জন্যই	2
আপনারও	কি	2
১৩	ঘণ্টা	2
আমি	১৬	2
১৬	কে	2
কে	কয়েন	2
উইথড্র	দিয়াছি	2
কিছু	বলতেই	2
বলতেই	পারেনা	2
পারেনা	শুধু	2
শুধু	মানুষকে	2
মানুষকে	ভয়	2
ভয়	দেখাতে	2
কংগ্রাচুলেশন্স	ভাই	2
বেশি	আর্ন	2
আর্ন	করো	2
করো	দোয়া	2
দোয়া	করি	2
স্ক্রিনশট	লাগবে	2
হারামি	কপি	2
সিস্টেম	দে	2
আই	ওয়ানা	2
ওয়ানা	নেক্সট	2
এক	হাজার	2
হাজার	ট্যুর	2
ট্যুর	দেড়	2
দেড়	হাজার	2
হাজার	আয়	2
করে	বেকারত্ব	2
বেকারত্ব	দূর	2
দূর	করবেন	2
ব্রো	হা	2
তাহলে	গ্রুপের	2
গ্রুপের	এডমিন	2
এডমিন	এর	2
উনি	আন	2
আন	মিউট	2
মিউট	করে	2
আগেও	ট্রেইনার	2
রিকোয়েস্ট	দিয়েছিলাম	2
দিয়েছিলাম	কিন্তু	2
আপনারা	নানি	2
নানি	আমাকে	2
কোন	অথরের	2
অথরের	হেল্প	2
এ৩১৯	রুটেড	2
রুটেড	মোবাইল	2
আমি	রকম	2
রকম	নেক্সট	2
স্পিড	২	2
এমবিপিএস	কিন্তু	2
কিন্তু	লিংক	2
গেলে	স্পিড	2
স্পিড	মাত্র	2
মাত্র	পাই	2
গেমসটা	ভালো	2
লাগেনি	আরো	2
ভালো	দাও	2
হলাম	ট্রিকবিডির	2
থাকুন	আরো	2
অনেক	জাদুই	2
জাদুই	দেখতে	2
যাপ	ছাড়া	2
যারা	কমেন্টে	2
কমেন্টে	উৎসাহ	2
উৎসাহ	দেয়	2
না	সবাইকে	2
সবাইকে	বলেছে	2
বলেছে	উনি	2
উনি	ট্রিকবিডি	2
মন	মত	2
মত	ভিপিএন	2
বলদ	অথর	2
অথর	এটা	2
অফার	সেটা	2
সেটা	টাইটেলে	2
টাইটেলে	নাই	2
যে	ভিউ	2
তো	পেয়ে	2
হয়েছিল	কিছুদিন	2
কিছুদিন	রেনসামওয়ার	2
রেনসামওয়ার	এটাক	2
এটাক	করছিল	2
করছিল	সো	2
ফাইল	ইনক্রিপটেড	2
ইনক্রিপটেড	হয়ে	2
গেল	পরে	2
পরে	সব	2
করা	লাগছে	2
লাগছে	তারপর	2
তারপর	আভাস্ট	2
আভাস্ট	ইন্সটল	2
বাট	অবাস্ত	2
অবাস্ত	অনেক	2
অনেক	মেমোরি	2
মেমোরি	ইজ	2
ইজ	এ	2
পিসি	কিছুটা	2
তাই	আভাস্ট	2
আভাস্ট	আনইন্সটল	2
এখন	লো	2
একটা	অ্যান্টিভাইরাস	2
অ্যান্টিভাইরাস	খুজতেছি	2
খুজতেছি	যেটা	2
যেটা	কম	2
কম	মেমোরি	2
মেমোরি	ইউজ	2
করবে	ম্যাকাফি	2
ম্যাকাফি	ও	2
করছিলাম	কোন	2
কোন	লাইট	2
ওয়েট	এন্টিভাইরাস	2
এন্টিভাইরাস	জানা	2
বেসিক	চালালে	2
চালালে	হবেনা	2
আমার	জিবি	2
জিবি	নষ্ট	2
নষ্ট	করলেন	2
স্টোরে	না	2
নিয়ে	মোড	2
করেছেন	ঠিক	2
লোক	পোস্ট	2
করে	একটানা	2
পেজ	ইউজার	2
নেম	কিভাবে	2
খালি	সার্ভার	2
করতে	ক্রেডিট	2
সোর্স	হলে	2
ফেইল্ড	হবার	2
পুরাতন	পোস্টে	2
পোস্টে	কাজ	2
এর	দুর্নাম	2
দুর্নাম	হয়	2
এমবি	অনলি	2
মত	হতো	2
আমার	ভিডিওতে	2
ভিডিওতে	এতক্ষণে	2
এতক্ষণে	ভিউজ	2
ভিউজ	হয়েছে	2
যখন	দেখেন	2
তো	কত	2
কত	ভিউ	2
ভিউ	হয়েছে	2
মিয়া	গাঞ্জা	2
গাঞ্জা	খাইছেন	2
খাইছেন	সব	2
পোস্টে	১	2
১	কমেন্ট	2
সাইটের	বিজ্ঞাপন	2
বিজ্ঞাপন	করার	2
সিমে	সর্বোচ্চ	2
সর্বোচ্চ	১০০	2
১০০	ডেলি	2
ডেলি	এমবি	2
এমবি	তাইলে	2
কেমনে	২	2
জিবি	নিব	2
নিব	ব্রো	2
এ	সাইটের	2
সাইটের	পোস্টগুলো	2
লোকেশন	ট্র্যাক	2
রিপ্লাই	একজন	2
একজন	কেএল	2
কেএল	করব	2
১৬৬৪	এমটিকে	2
রুম	নেই	2
করে	পর্ট	2
পর্ট	করে	2
নিন	ইউজার	2
নাইস	আর্টিকেল	2
ব্রো	কনফিক্স	2
কনফিক্স	ছাড়া	2
হ্যাণ্ডলার	ভিপিএন	2
হুম	করছি	2
সব	ভার্সনের	2
ভার্সনের	টি	2
এটা	দিছি	2
পারফেক্ট	ভাই	2
সিম্বিয়ান	স্ক্রিন	2
রেকর্ডার	নিয়ে	2
ডাবড	নাকি	2
পোস্টটা	ফুল	2
ফুল	ডিটেইলসহ	2
ডিটেইলসহ	বাট	2
নাই	কিছুদিন	2
পর	দেখবেন	2
দেখবেন	আরো	2
একই	বিষয়ে	2
করছে	একই	2
লস্ট	বয়	2
বয়	আরিফ	2
আরিফ	প্লিজ	2
এতদিনে	কামের	2
কামের	কাম	2
কাম	করছেন	2
করছেন	থাঙ্কস	2
হামমমম	ইউজার	2
ইউজার	৫১৫৯	2
৫১৫৯	ভাই	2
যাবে	প্লে	2
ব্রো	অনেকদিন	2
পর	টিনার	2
টিনার	হতে	2
হতে	পেরেছি	2
পেরেছি	থ্যাংকস	2
আমি	পেপ্যাল	2
খুলছি	বিডি	2
নম্বর	ভেরিফাই	2
ভেরিফাই	করেছি	2
রিসিভড	আ্যন্ড	2
আ্যন্ড	সেন্ট	2
আপনার	পরিচিত	2
কেউ	পেয়েছে	2
এর	কোয়ালিটি	2
এর	স্যোশাল	2
স্যোশাল	এমবি	2
কিভাবে	রেগুলার	2
রেগুলার	ইউজ	2
কোনো	নিউ	2
এর	৮০	2
৮০	বাদে	2
অন্য	পোর্ট	2
পোর্ট	ওপেন	2
ওপেন	থাকলে	2
থাকলে	এর	2
করেন	এখানে	2
হয়ে	ডাউনলোড	2
হমম	আপনাকেও	2
আপনাকেও	থ্যানকস	2
থ্যানকস	১ম	2
১ম	কারো	2
কিছু	ট্রিক	2
ট্রিক	লিখার	2
লিখার	ট্রাই	2
থ্যানকস	ইউজার	2
ডব্লিউ৬৮কিউ	বেস্ট	2
বেস্ট	হিরো	2
এই	শাওমি	2
কি	এডমব	2
এডমব	থেকেও	2
থেকেও	টাকা	2
পিলাম	না	2
ভাইয়া	ডরাই	2
ডরাই	দিয়েন	2
ভাই	তাও	2
তো	সিনটেক্স	2
সিনটেক্স	এরর	2
রাইট	কোড	2
আমাকে	আ্যপ	2
আ্যপ	দেন	2
কালার	ইনর্ভারশন	2
ইনর্ভারশন	ওপশান	2
ওপশান	টাই	2
দেখে	বুঝে	2
বুঝে	কিনবেন	2
কিনবেন	অনেক	2
জিপি	কুত্তা	2
কুত্তা	বাঁশ	2
বাঁশ	মারতেই	2
মারতেই	আছে	2
আছে	রিপোর্ট	2
কি	এই‌	2
এই‌	আ্যপ	2
কোনো	আ্যপ	2
আ্যপ	নাই	2
যেটা	৭দিনে	2
৭দিনে	একবারও	2
একবারও	ইউজ	2
একটা	অপ্রয়জনীয়	2
অপ্রয়জনীয়	আ্যপ	2
ইন্সটল	তো	2
কথা	ফাইল	2
এ	ওপশান	2
ওপশান	টা	2
হইছে	এরকম	2
এরকম	হাজারটা	2
হাজারটা	পোষ্ট	2
পোষ্ট	আহসে	2
আহসে	ট্রিকবিডিতে	2
ট্রিকবিডিতে	এক	2
এক	২	2
২	খুঁজে	2
খুঁজে	দেখবেন	2
আমার	আনরুটেড	2
আনরুটেড	গ্রীনিফাই	2
গ্রীনিফাই	ফোন	2
বাট	সাকসেসফুল	2
সাকসেসফুল	হয়নি	2
হয়নি	চার্জার	2
চার্জার	আগের	2
মতই	কাটে	2
বাংলা	চ্যানেলটা	2
চ্যানেলটা	লাইভ	2
টিভি	দেখবো	2
ব্রো	কিপ	2
আপ	ইটস	2
পোস্ট	থ্যাঙ্ক	2
পোস্ট	দিছে	2
কিন্তু	ওটা	2
ওটা	এ্যাকনো	2
এ্যাকনো	প্যান্ডিং	2
প্যান্ডিং	ওইটা	2
ওইটা	আমি	2
গতকাল	দিছে	2
বাহ	একজন	2
একজন	জ্ঞানী	2
জ্ঞানী	পাওয়া	2
পাওয়া	গেল	2
গেল	যিনি	2
যিনি	স্প্যাম	2
স্প্যাম	দরতে	2
দরতে	পারছেন	2
নাকি	আনইন্সটল	2
পারেনা	হা	2
ভাই	আমকা	2
আমকা	দূয়া	2
দূয়া	করা	2
করা	টুনার	2
মিনিমাম	কয়	2
লাইকড	আগে	2
আমার	ফেল	2
ফেল	দেখাসসে	2
মাথা	আপনার	2
আপনার	গেছে	2
গেছে	রমজান	2
রমজান	মাসে	2
মাসে	এত	2
এত	মিথ্যা	2
বস	ভেরিফাইড	2
ভেরিফাইড	করান	2
না	এক্সপায়ারড	2
এক্সপায়ারড	মে	2
বি	কেউ	2
কেউ	একাধিক	2
একাধিক	অ্যাকাউন্ট	2
নিয়ে	থাকলে	2
নেট	ক্যাল	2
ক্যাল	ইউ	2
ইউ	করার	2
পর	ফোনকে	2
ফোনকে	ডাটা	2
ডাটা	রিস্টার্ট	2
রিস্টার্ট	মারবো	2
মারবো	নাকি	2
পোস্টটা	জন্য	2
জন্য	বিস্তারিত	2
বিস্তারিত	আরো	2
আরো	দিলে	2
দিলে	বালো	2
বালো	হলো	2
ভাই	ফাইলবিনফার	2
ফাইলবিনফার	লিংকটা	2
যতসব	ফালতুর	2
ফালতুর	দল	2
দল	লিংক	2
লিংক	ফলস	2
ফলস	টিক	2
টিক	করেন	2
ফোন	এক্সপোসড	2
ভাইয়া	সৌদি	2
আরব	থেকে	2
শুধু	বিডি	2
বিডি	নাম্বারে	2
নাম্বারে	কাজ	2
কেবলমাত্র	আপডেট	2
করলাম	দেই	2
দেই	নাটো	2
যে২এমি	সব	2
সাপোর্ট	করবা	2
তিনটা	পোস্ট	2
অটোমেটিক	অপশন	2
দরকার	তাদের	2
ফালতু	টপিক	2
টপিক	নিলাম	2
তারা	কারা	2
কারা	আমার	2
কাছে	ডাউনলোড	2
ডাউনলোড	রিপোর্ট	2
রিপোর্ট	আছে	2
পিসিতে	রান	2
রান	করে	2
নাই	পা	2
পা	চলবে	2
চলবে	আই	2
ড্রাইভ	লিংককে	2
লিংককে	তাদের	2
তাদের	০	2
০	পয়সাও	2
পয়সাও	লাভ	2
আপনি	ওয়েবসাইটের	2
ওয়েবসাইটের	ক্রেডিট	2
ক্রেডিট	দিলে	2
দিলে	হয়তো	2
হয়তো	কিছু	2
কিছু	ভিজিটার	2
ভিজিটার	পাবে	2
পাবে	ওয়েবসাইটটা	2
ওয়েবসাইটটা	আর	2
জায়গায়	ইমোজি	2
বলছেন	সবাই	2
চায়	হ্যাক	2
এই	গুলোই	2
গুলোই	চলে	2
ফেইসবুক	কি	2
গুড	একটা	2
ভিডিও	দেলে	2
দেলে	ভালো	2
এনসি	মাই	2
মুহূর্তে	আমার	2
কাছে	নেই	2
পোস্টে	আমি	2
আমি	অবশ্যই	2
অবশ্যই	বইটা	2
বইটা	দিব	2
আমারটা	নিবেন	2
ভাই	ইনডেক্সের	2
ইনডেক্সের	এইচটিএমএল	2
দিয়ে	ইউআরএল	2
ইউআরএল	এড	2
এড	হচ্ছে	2
হিম	ফুল	2
মুই	অম্পুরার	2
অম্পুরার	চাঙ্রা	2
আপনার	ব্লগের	2
ব্লগের	থেমস	2
থেমস	কোড	2
৩৪টার	মত	2
ভাইয়া	দিবো	2
পোস্টে	পাবেন	2
পাবেন	সবার	2
দিব	আমার	2
আমার	দেন	2
দেন	এখানে	2
১	দেখেন	2
যত	ইস্সা	2
ইস্সা	তত	2
হয়নি	পারলে	2
পারলে	ডিলিট	2
ডাউনলোড	করোতে	2
করোতে	পারো	2
পারো	তাচিনা	2
হাহা	কেউ	2
কেউ	বলছে	2
বলছে	ফিটফাট	2
ফিটফাট	ভিতরে	2
ভিতরে	আসলে	2
ভাই	আইফোনে	2
আইফোনে	কিভাবে	2
কিভাবে	অ্যান্ড্রয়েডের	2
অ্যান্ড্রয়েডের	অ্যাপস	2
কম	কাটার	2
কাটার	পদ্ধতি	2
নাইস	আপডেট	2
আপডেট	তাহলে	2
তাহলে	করতেই	2
করতেই	হয়	2
আমার	এডমন	2
এডমন	এসিসিএ	2
এসিসিএ	২০	2
ডলার	হয়েছিল	2
হয়েছিল	তারপর	2
তারপর	ডায়াবেল	2
ডায়াবেল	করে	2
দিছে	সেই	2
সেই	মোবাইল	2
কি	আরেকটা	2
জিমেইল	খুললে	2
খুললে	কিসু	2
পেইড	ভিপিএন	2
ভিপিএন	কিভাবে	2
পাব	ফ্রিতে	2
ফ্রিতে	এফবি	2
কত	পয়েন্টে	2
পয়েন্টে	কত	2
টাকা	এখন	2
রিচার্জ	রেকিউ	2
রেকিউ	দেয়া	2
যখন	প্রোডাক্ট	2
প্রোডাক্ট	অর্ডার	2
করবো	তখন	2
তখন	যেইভাবে	2
যেইভাবে	ফরম	2
তাহলে	প্রোডাক্ট	2
প্রোডাক্ট	অর্ডারের	2
অর্ডারের	সময়	2
পারতাম	প্লিজ	2
আনসার	দিবেন	2
হ্যাঁ	ঢাকার	2
অন্য	শহরে	2
শহরে	কিভাবে	2
কিভাবে	প্রোডাক্ট	2
প্রোডাক্ট	আসবে	2
বিস্তারিত	তা	2
বলবেন	বাট	2
বাট	ট্রিকবিডিতে	2
টিউন	করবেন	2
ভাই	আনস	2
আনস	দিয়েন	2
রিকোয়েস্ট	দেওয়ার	2
দেওয়ার	কত	2
নিক	বহিত	2
বহিত	বাড়িয়া	2
কপি	পোষ্টটাও	2
পোষ্টটাও	একবার	2
একবার	একটা	2
পোস্ট	করেসো	2
করেসো	তাও	2
তাও	কপি	2
কপি	এরাই	2
এরাই	টা	2
নষ্ট	করল	2
১ম	দিন	2
দিন	চলছিল	2
এখন	কলে	2
কলে	না	2
সিমে	দিলেন	2
যাই	অন্য	2
অন্য	নিয়মে	2
যদি	কাইনমাস্টার	2
কাইনমাস্টার	হয়	2
তাতে	মিনিটের	2
ভিডিও	এক্সপোর্ট	2
এক্সপোর্ট	হয়	2
আমার	শেষ	2
শেষ	পোস্টটা	2
পোস্টটা	কেন	2
কেন	ট্র্যাশ	2
ট্র্যাশ	করলেন	2
হা	হাহহহহহহ	2
ও	অ্যাডমব	2
অ্যাডমব	একাউন্ট	2
একাউন্ট	ক্রিয়েশন	2
ক্রিয়েশন	করব	2
ইউজার	২৪	2
২৪	প্লিজ	2
শর্ট	করলাম	2
কাইনমাস্টার	প্রাইম	2
প্রাইম	দিয়ে	2
এই	ব্রো	2
রিকোয়েস্ট	পাঠানোর	2
পাঠানোর	দুইটা	2
দুইটা	ওয়ে	2
টোকেন	আর	2
২	ইটিএইচ	2
ইটিএইচ	ওয়ালেট	2
ওয়ালেট	অ্যাপসটা	2
অ্যাপসটা	ভালোভাবে	2
ভালোভাবে	দেখে	2
আই	নট	2
রোবট	এ	2
করলে	অনেকগুলো	2
অনেকগুলো	পিকচারস	2
পিকচারস	আসে	2
হার্মফুল	অনক	2
অনক	প্রবলেম	2
প্রবলেম	ওই	2
ওই	অ্যাপটাই	2
অ্যাপটাই	ব্র	2
পাসওয়ার্ড	ওয়াইফাই	2
করলাম	দেখব	2
দেখব	এখন	2
কীবোর্ড	ইন্সটল	2
কিন্তু	কোয়ালিটি	2
কোয়ালিটি	অনেক	2
নাহ	তেমন	2
তেমন	নিউ	2
নতুন	অ্যাকাউন্ট	2
করতে	নতুন	2
নতুন	নাম্বার	2
নাম্বার	লাগে	2
এখন	করব	2
করব	২টা	2
২টা	নাম্বার	2
নাম্বার	ছিল	2
ছিল	শেষ	2
এ	রিমুভ	2
রিমুভ	পোস্ট	2
করলে	সেভ	2
অপশন	দেয়া	2
কিন্তু	মাঝে	2
সাত	ভাই	2
ভাই	ঠিকমত	2
ঠিকমত	কি	2
কাছে	আসছে	2
৪কে	দেখি	2
দেখি	এখন	2
হোস্টিং	কেমনে	2
বা	লিংক	2
দিতে	বেটার	2
জাস্ট	মডিউল	2
মডিউল	ক্লাস	2
ক্লাস	ইজ	2
ইজ	এনাফ	2
এনাফ	আর	2
সিস্টেমে	অন্য	2
অন্য	ইমোজি	2
ইমোজি	মারলে	2
মারলে	ফেসবুক	2
ফেসবুক	মেসেঞ্জার	2
মেসেঞ্জার	ওদের	2
ওদের	নিজেদের	2
নিজেদের	ইমোজি	2
ইমোজি	শো	2
আপনার	নাম্বেরটা	2
নাম্বেরটা	পাওয়া	2
উনি	পিসি	2
জন্য	বলছে	2
গুলো	তাড়াতাড়ি	2
তাড়াতাড়ি	করার	2
করবেন	এতে	2
প্রতি	সম্মানটা	2
সম্মানটা	বেড়ে	2
যাবে	সাথে	2
সাথে	উপরে	2
উপরে	উপকৃত	2
হব	আমোরা	2
আমোরা	সবাই	2
সবাই	ট্রিকবিডি	2
আচ্ছা	অথর	2
করতে	পারভো	2
পারভো	ক্লিয়ারলি	2
যদি	কানেক্ট	2
তাহলে	ফ্রিতে	2
ফ্রিতে	সবকিছু	2
সবকিছু	ইউজ	2
ইউজ	হওয়ার	2
কথা	আই	2
নেট	ইইইই	2
কনফিগ	ফাইলটা	2
ফাইলটা	দিয়া	2
ভালো	দেই	2
দেই	ব্রো	2
থ্যাঙ্ক	ট্রিক	2
বিডি	একাউন্ট	2
একাউন্ট	দেয়ার	2
নেট	দেয়	2
নিউ	টপিক	2
টপিক	পেজ	2
পেজ	নামে	2
নামে	তো	2
কেনো	পেজ	2
পেজ	নাই	2
ফইন্নি	তুই	2
ইউজার	কার	2
না	পোস্টটা	2
পোস্টটা	এখনো	2
এখনো	রয়ে	2
আমি	বি	2
বি	লাইভ	2
লাইভ	করি	2
জাস্ট	ইউজার	2
ভাইকে	উৎসাহ	2
উৎসাহ	দিলাম	2
দিলাম	কারণ	2
অফার	আমার	2
আমার	এসএমএস	2
দেয়া	সত্বেও	2
সত্বেও	পেয়েছি	2
ভাই	একদিনে	2
একদিনে	সর্বোচ্চ	2
সর্বোচ্চ	কয়টা	2
এই	বোর্ডগুলা	2
বোর্ডগুলা	ফ্রিতে	2
ফ্রিতে	পেমেন্ট	2
করছে	ইনভেস্ট	2
ইনভেস্ট	লাগেনা	2
লাগেনা	আর	2
মেবি	টেলিগ্রাম	2
টেলিগ্রাম	সম্পর্কে	2
সম্পর্কে	ঠিক	2
মত	জানেন	2
ধারণা	স্পষ্ট	2
স্পষ্ট	না	2
পেমেন্ট	ব্যালেন্চে	2
ব্যালেন্চে	থাকলে	2
এমনি	পেমেন্ট	2
দুবাইতে	কিভাবে	2
ভালোই	লিখছো	2
রিপ্লাই	এফবিতে	2
এফবিতে	তোমাকে	2
তোমাকে	মেসেজ	2
পোস্ট	গলা	2
গলা	ভালো	2
ভালো	হোসা	2
ভাই	পহেলা	2
বৈশাখ	নিয়া	2
নিয়া	এত	2
আজ	শবে	2
শবে	মেরাজ	2
মেরাজ	এটা	2
হইলেই	হয়	2
থ্যাংকস	মিস্টার	2
মিস্টার	ইউজার	2
করে	জানাবো	2
বাংলাদেশের	আইপি	2
খুলে	কি	2
কিংরুট	ট্রাই	2
নাই	কই	2
সনি	নিয়ে	2
এইসবকে	ইউজার	2
ইউজার	টুনার	2
টুনার	করে	2
টুনার	করলেই	2
করলেই	পারতো	2
এনআইডি	আর	2
পিক	তুললেই	2
তুললেই	তো	2
সব	কাম	2
কাম	শেষ	2
শেষ	জাস্ট	2
জাস্ট	সাবমিট	2
সাইটে	আছি	2
আছি	বুঝতেছিনা	2
আমি	মিশন	2
মিশন	খেলি	2
না	আঁচি	2
আঁচি	টু	2
করিনা	সত্যি	2
বলতে	আমি	2
গেম	কম	2
কম	খেলি	2
খেলি	আর	2
আর	বাকিটা	2
বাকিটা	আপনি	2
মেবি	নাও	2
নাও	হতি	2
হতি	পারে	2
পারে	টিক	2
টিক	জানা	2
পোস্ট	লিখছি	2
লিখছি	ওয়ার্কিং	2
বাট	প্যান্ডিং	2
প্যান্ডিং	এ	2
করবো	প্রফেশানাক	2
প্রফেশানাক	দের	2
মত	সেটা	2
আমিও	ময়মনসিংহের	2
ময়মনসিংহের	থাকা	2
থাকা	গফরগাঁও	2
গফরগাঁও	হা	2
কি	কাজের	2
ফেসবুক	চালানোর	2
নাকি	সোশ্যাল	2
দিয়ে	সবকিছু	2
সবকিছু	করার	2
ভায়া	পোস্ট	2
নাম্বার	যেইটা	2
যেইটা	আমি	2
আমি	চিনিও	2
চিনিও	না	2
কেমনে	দেখমু	2
দেখমু	আর	2
কেমনে	অফ	2
অফ	করমু	2
তবে	কোন	2
সিমে	চালান	2
চালান	সেটা	2
উল্লেখ	করতে	2
এফ১২	অ্যান্ড্রয়েড	2
অ্যান্ড্রয়েড	১৩	2
স্যামসাং	ডূওস	2
ডূওস	জিপি	2
জিপি	এস৭৫৮২	2
এস৭৫৮২	কাস্টম	2
বাই	কাম	2
কাম	মারবো	2
রিস্টার্ট	করব	2
মানি	দিয়ে	2
উঠানো	যাবে	2
প্রায়	২য়	2
২য়	লিংক	2
ওই	নো	2
কানেকশন	ফিক্স	2
ফিক্স	টা	2
দেখেন	তখন	2
তখন	হয়তো	2
হয়তো	কানেক্ট	2
কানেক্ট	এস্টাবলিশ	2
এস্টাবলিশ	রিলাবেল	2
রিলাবেল	ডাটা	2
ফিক্স	একই	2
একই	মেথড	2
মেথড	ও	2
সোজা	অ্যাপ	2
এ	রিডারেক্ট	2
রিডারেক্ট	হয়ে	2
সেখানে	ইমেইল	2
ইমেইল	এন্ড	2
সোজা	অ্যাপের	2
অ্যাপের	রিডারেট	2
রিডারেট	হয়ে	2
সেখানে	ইমেল	2
ইমেল	এন্ড	2
ইউজার	এফবি	2
করছি	গেম	2
গেম	গার্ডিয়ান	2
গার্ডিয়ান	দিয়ে	2
যে	বললি	2
এর	ভার্শন	2
মোবাইলে	লক	2
লক	আছেনা	2
আছেনা	লেখা	2
তাই	মোবাইল	2
হচ্ছে	এখন	2
কি	করভো	2
করভো	ভাই	2
কেউ	বিক্রি	2
আপনার	নেইমবার	2
নেইমবার	দে	2
দে	যাবে	2
যাবে	কে	2
হ্যাঁ	সব	2
ভাই	৩জি	2
৩জি	ত	2
ত	এই	2
আপনি	সিলেটের	2
সিলেটের	কোথায়	2
কোথায়	মি	2
মি	টু	2
টু	সিলেটি	2
১টা	বিকাশ	2
স্ক্রিনশট	দেননা	2
দেননা	কে	2
করেছেন	বলে	2
বলে	খুশি	2
একটা	গেমস	2
গেমস	পোস্ট	2
পোস্ট	করর	2
করর	জনা	2
জনা	থ্যাংকস	2
কার্ডের	ঝামেলা	2
ঝামেলা	যদি	2
অবশ্যই	করতাম	2
হাইটেক	লোগো	2
লোগো	রিভেলের	2
রিভেলের	এরকম	2
এরকম	ইন্ট্রো	2
ইন্ট্রো	বানানো	2
লঞ্চার	এটা	2
দিলে	অডিও	2
অডিও	লোক	2
লোক	দেয়া	2
কিন্তু	সিস্টেম	2
সিস্টেম	ডে	2
ডে	ওরিও	2
ওরিও	বানান্ক	2
বানান্ক	যায়	2
করে	লিখবেন	2
লিখবেন	থাঙ্কা	2
থাঙ্কা	ইউ	2
রিভিউ	আবার	2
আবার	পোস্টে	2
করলে	কেষ্ট	2
কেষ্ট	মেলে	2
ড্রাগন	বল	2
এর	এপিসোড	2
এপিসোড	দেখার	2
দেখার	ওয়াইটির	2
ওয়াইটির	লিংক	2
পোস্টের	দ্বারা	2
দ্বারা	উপকৃত	2
জিমেইল	ওর	2
পণ্য	কি	2
কি	ডাকযোগে	2
ডাকযোগে	পাঠাবে	2
ক্রোম	স্টোর	2
এক্সটেনশন	ফায়ারফক্স	2
ফায়ারফক্স	সেটআপ	2
দেওয়ার	এমন	2
ও	সুন্দর	2
সুন্দর	মন্তব্য	2
মন্তব্য	উপস্থাপন	2
উপস্থাপন	কোটার	2
কোটার	জন্য	2
ধন্যবাদ	থ্যাংক	2
পুরো	এমন	2
যার	দ্বারা	2
জনের	বাংলালিংক	2
যাচ্ছে	দেখা	2
আসছে	তাও	2
তাও	দেখা	2
দিছি	নিউ	2
নিউ	লিঙ্ক	2
লিঙ্ক	জেনারেটেড	2
জেনারেটেড	করেন	2
দিয়ে	দেখানো	2
আমারই	রাগ	2
রাগ	ধইরা	2
ধইরা	গেছিল	2
গেছিল	ফেক	2
ফেক	রোডে	2
রোডে	ট্রাই	2
এটা	ভার্চুয়াল	2
ভার্চুয়াল	বক্স	2
বক্স	অর	2
অর	দ্যাট	2
দ্যাট	বিমোস	2
বিমোস	কাজ	2
নাই	কখনো	2
যাবে	ইনশাল্লাহ	2
আপনার	অগ্রগামীতার	2
অগ্রগামীতার	জন্য	2
ওকে	ওই	2
ওই	এডটা	2
এডটা	কোথায়	2
কোথায়	শো	2
পোস্টটা	জটিল	2
জটিল	হইছে	2
অন্য	সার্ভারগুলোতে	2
সার্ভারগুলোতে	ট্রাই	2
একদম	প্রত্যন্ত	2
প্রত্যন্ত	গেমে	2
গেমে	হবে	2
না	শহরে	2
শহরে	কুরিয়ার	2
কুরিয়ার	সার্ভিসে	2
সার্ভিসে	গিয়ে	2
টাকায়	হোস্টিং	2
হোস্টিং	কিভাবে	2
পাবো	ফেসবুকে	2
করছি	এন্ডস	2
এন্ডস	দেন	2
ব্রো	আসছে	2
করা	অ্যাকাউন্ট	2
কেউ	ঠিকানা	2
ঠিকানা	বের	2
পারো	ভাই	2
ব্রো	৫০০	2
হবে	মেয়াদ	2
এমনিতেই	হাজা	2
হাজা	হাজার	2
হাজার	জিবি	2
জিবি	হ্যাক	2
দুই	লোক	2
লোক	জিবি	2
উপরে	আছে	2
আমি	ইউএসএ	2
ইউএসএ	তে	2
থাকি	নাকি	2
টেকটিউন্স	ওয়েবসাইটে	2
ওয়েবসাইটে	কি	2
স্প্যাম	হবে	2
পোস্টটা	দিলথে	2
দিলথে	করেন	2
নাইস	টাইটেল	2
টাইটেল	কিভাবে	2
করব	কেউ	2
দোর	যত	2
এডমিন	কই	2
এবং	টুনার	2
টুনার	রিকোয়েস্ট	2
বাট	ইউ	2
ইউ	ডোন্ট	2
ডোন্ট	রিভিউ	2
অনেক	এইচড	2
এইচড	পোস্ট	2
হ্যান্ডসেট	কোথায়	2
থেকে	লি	2
লি	ংক	2
ংক	থেছেন	2
থেছেন	কেন	2
সিম	বাটন	2
বাটন	ফোনে	2
ফোনে	থাক	2
থাক	অ্যান্ড্রয়েডে	2
অ্যান্ড্রয়েডে	লগইন	2
করলে	খুবই	2
একটু	জলদি	2
জলদি	পোস্ট	2
করিয়েন	ওয়েটিং	2
এ	থাকলাম	2
পোস্ট	উনারাই	2
উনারাই	মেরেছেন	2
মেরেছেন	সেটাই	2
ফালতু	ওয়েবসাইট	2
ওয়েবসাইট	একটা	2
ফেসবুক	ভিডিও	2
জটিল	হয়েছে	2
ইউনিক	লাভড	2
লাভড	ইট	2
ব্রো	গেট	2
গেট	গোয়িং	2
আগে	আয়	2
তারপর	বিকাশের	2
বিকাশের	চিন্তা	2
চিন্তা	বাট	2
আরে	অরিজিনাল	2
অরিজিনাল	অফিসিয়াল	2
স্টক	ফর্মটা	2
ফর্মটা	দিয়ে	2
ফ্লাশ	করলেই	2
যাবে	ফোনটাও	2
ফোনটাও	ফ্রেশ	2
ফ্রেশ	হবে	2
হবে	প্যাটার্ন	2
প্যাটার্ন	লকটা	2
লকটা	খুলবে	2
খুলবে	আর	2
কিছু	হারাবেও	2
হারাবেও	না	2
আমাকে	মডারেটর	2
মডারেটর	বানান	2
আপনি	পেয়াটের	2
পেয়াটের	যে	2
সিস্টেম	দিয়েছেন	2
দিয়েছেন	এর	2
এর	একটাও	2
বাংলাদেশে	সাপোর্ট	2
কিভাবে	পে	2
আউট	করলেন	2
কপি	বাজনা	2
বাজনা	চিটার	2
চিটার	এখন	2
দিছে	সবগুলা	2
সবগুলা	কোড	2
এরর	না	2
কোন	কপি	2
করা	সিস্টেম	2
আসে	কোট	2
কোট	অপশন	2
কিভাবে	পিএই	2
পিএই	ছবি	2
ছবি	ডাউনলোড	2
বানাবো	তার	2
তার	পুরো	2
পুরো	টিউটোরিয়াল	2
টিউটোরিয়াল	দিবেন	2
ব্রো	হাত	2
হাত	দিয়ে	2
দিয়ে	লিখতে	2
লিখতে	বোরিং	2
লাগে	ভয়েস	2
ভয়েস	টাইপিং	2
টাইপিং	করি	2
ভাই	বিশেষ	2
করে	সাউন্ডটা	2
কমেন্ট	বাই	2
আমার	আপকিজ	2
আপকিজ	সাইট	2
কোর্স	টি	2
প্যাচ	করা	2
এইচ৫০	কিভাবে	2
কিভাবে	পাবে	2
পাবে	হেল্প	2
নিউটা	সবার	2
কাছে	শেয়ার	2
দ্বারা	ই	2
ই	বুঝা	2
রকম	লক	2
যেকোনো	বিন	2
বানিয়ে	নেন	2
নেন	আমি	2
এখানে	১০টা	2
১০টা	কার্ড	2
কার্ড	দিয়েছি	2
দিয়েছি	নিবি	2
নিবি	সেগুলো	2
সেগুলো	সবাই	2
সরি	ডাইরেক্ট	2
লিংক	জন্য	2
ভি৫৫	এর	2
ভাই	লিনাক্সে	2
লিনাক্সে	করার	2
নরমাল	ইউজের	2
ইউজের	জন্য	2
উইন্ডোজ	ওএস	2
ওএস	চালাই	2
বাট	প্রোডাক্টিভ	2
প্রোডাক্টিভ	কাজের	2
জন্য	লিনাক্স	2
তাই	ইউদেমি	2
ইউদেমি	এটা	2
এটা	লিনাক্সে	2
লিনাক্সে	লাগবে	2
সি	অর	2
অর	পাইথন	2
কি	কোটি	2
কোটি	হয়ে	2
যেত	এটা	2
কেন	রাখলে	2
রাখলে	যাই	2
হোক	আপনাকে	2
আপনি	যাওয়া	2
যাওয়া	সিম্বিয়া	2
সিম্বিয়া	নিয়ে	2
আমার	ভিকটিম	2
ভিকটিম	মাছে	2
মাছে	ঢাকা	2
ঢাকা	তাহলে	2
এগ	স্টার	2
স্টার	রে	2
রে	ললিপপ	2
ললিপপ	শো	2
আমি	রাউটারের	2
রাউটারের	কাছে	2
কাছে	গিয়েও	2
গিয়েও	ট্রাই	2
হয়না	এমন	2
না	মোবাইলে	2
মোবাইলে	কি	2
কোন	সিটিং	2
সিটিং	করতে	2
থ্যাঙ্কস	স্যার	2
ভুলার	মত	2
খুব	অকৃত	2
অকৃত	বোধ	2
বোধ	করতাছিলাম	2
করতাছিলাম	এখনো	2
গুগল	পে	2
পারব	এই	2
কার্ড	কাইন্ডলি	2
পোস্ট	পাট	2
পাট	সব	2
সব	লঞ্চারে	2
লঞ্চারে	সেম	2
প্রবলেম	চার্জ	2
এন্ড	এন্ড	2
এন্ড	নেক্সট	2
পোস্টে	টাইটেলের	2
টাইটেলের	দিকে	2
দিকে	আরেকটু	2
আরেকটু	লক্ষ্য	2
লক্ষ্য	রাখবেন	2
হবে	বিকাশের	2
বিকাশের	সুইফ	2
সুইফ	কোড	2
নিবেন	ডি	2
ডি	বি	2
বি	এল	2
এল	এর	2
এর	সুইফট	2
সুইফট	ডিবিবিএলবিডিডিবি	2
ডিবিবিএলবিডিডিবি	ইসলামী	2
ইসলামী	ব্যাংকের	2
ব্যাংকের	সুইফট	2
সুইফট	আইবিবিএল	2
আইবিবিএল	বিডিডিএইচ	2
বিডিডিএইচ	এবার	2
এবার	মেবি	2
পাবেন	ব্যাংক	2
ব্যাংক	একাউন্টের	2
একাউন্টের	জায়গাতে	2
জায়গাতে	বিকাশ	2
নাম্বার	বেনিফিশিয়ারি	2
বেনিফিশিয়ারি	এর	2
এর	জায়গায়তে	2
জায়গায়তে	আপনার	2
গ্রুপে	আসেন	2
রুম	ট্রাই	2
কিভাবে	একটিভ	2
বল	অন্যভাবে	2
পরে	পারতেছি	2
চেষ্টা	করতেছি	2
নেট	যত	2
যত	ভালো	2
কথা	বুঝতে	2
সেই	প্রবলেম	2
প্রবলেম	আমারও	2
হয়তো	নাই	2
কারো	ঠিকই	2
ঠিকই	দরকার	2
এডসেন্স	পাওয়ার	2
ওই	সাঁতার	2
সাঁতার	তো	2
তো	হটস্পট	2
দিয়ে	শেয়ার	2
আর	ওইটাও	2
ওইটাও	সেম	2
হবে	তাইতো	2
তাইতো	তাহলে	2
তাহলে	বেকার	2
বেকার	বেকার	2
বেকার	ঝামেলা	2
লাভ	আর	2
সবচেয়ে	কমন	2
কমন	যেটা	2
যেটা	হল	2
হল	শেয়ারইট	2
শেয়ারইট	সবাই	2
ফোনে	রাখে	2
রাখে	কয়জন	2
এটা	রাখবে	2
রাখবে	সময়	2
নষ্ট	এমবি	2
নষ্ট	ছাড়া	2
ওই	সময়টা	2
সময়টা	পার	2
পারেননি	কি	2
রামন	ভালো	2
বাংলাদেশে	এটার	2
কষ্ট	লাগলো	2
লাগলো	১২	2
টাকা	৩	2
জিবি	করে	2
করে	দিল	2
১০	সেকেন্ডের	2
সেকেন্ডের	মধ্যে	2
ভাই	সাতোশি	2
সাতোশি	কিভাবে	2
আরো	আর্ন	2
করব	বাড়াবো	2
বাড়াবো	কিছু	2
তো	দেখলেন	2
দেখলেন	না	2
না	দ্বিতীয়	2
দ্বিতীয়	আমি	2
এক	পুকুরে	2
পুকুরে	ওয়েবসাইট	2
দেই	কাজ	2
হবেনা	আশা	2
করি	২টার	2
২টার	এন্ডস	2
এন্ডস	দিয়ে	2
স্পটিফাই	নট	2
আরেকটা	সুযোগ	2
দাও	আমি	2
ভুল	করবোনা	2
করবোনা	শিক্ষা	2
শিক্ষা	পেয়ে	2
গেছি	প্লিজ	2
যে	মোবাইল	2
মোবাইল	লাকি	2
মাত্র	ওই	2
ওই	মোবাইলে	2
উপরের	স্ক্রিপ্ট	2
স্ক্রিপ্ট	পাসওয়ার্ড	2
পাসওয়ার্ড	লিংক	2
কার্ড	করেন	2
ভিডিও	বানাইলে	2
বানাইলে	ভাল	2
পাইরেসি	লাগেনা	2
তো	ঠিম	2
ঠিম	না	2
তাই	কোথায়	2
কোথায়	গিয়া	2
গিয়া	ফুটার	2
ফুটার	এন্ড	2
এন্ড	হেডার	2
হেডার	এডিট	2
থেকে	ফাইলের	2
ফাইলের	লিঙ্ক	2
লিঙ্ক	পাবো	2
এন্ড	লিঙ্ক	2
এ	কেসো	2
কেসো	পোস্ট	2
পোস্টগুলো	পাবলিশ	2
পাবলিশ	করন	2
করেও	অথার	2
দের	বেটা	2
বাট	ভিডিওদের	2
ভিডিওদের	এখন	2
ডান	ব্রো	2
আমাদের	ছাড়া	2
কাউকে	চোখে	2
চোখে	পড়ল	2
পড়ল	না	2
অনেকে	ভিডিও	2
ভিডিও	দিছে	2
দিছে	কোন	2
স্ক্রিনশট	বা	2
পোস্ট	লেখা	2
লেখা	ছাড়া	2
আমাদেরকে	কেন	2
কেন	অপমান	2
অপমান	করলেন	2
করলেন	এতটা	2
এতটা	এক	2
ধরনের	দুর্নীতি	2
তবে	চার্জের	2
চার্জের	জন্য	2
জন্য	নোকিয়া	2
২	নিলে	2
হবে	৪১০০এমএইচ	2
৪১০০এমএইচ	ব্যাটারি	2
ব্যাটারি	বাট	2
বাট	৪জি	2
৪জি	নাই	2
আবার	নোকিয়া	2
নোকিয়া	১তে	2
১তে	চার্জী	2
চার্জী	আছে	2
বাট	ব্যাটারির	2
ব্যাটারির	২১৫০	2
২১৫০	মানে	2
মানে	নোকিয়া	2
অর্ধেক	মাত্র	2
চাঁদের	এসএমএস	2
এসএমএস	করেছ	2
করেছ	অফারটা	2
অফারটা	শুধু	2
আপনি	অধর	2
অধর	হলেন	2
যদি	৯	2
৯	৫০	2
করার	ছিল	2
অনেক	দারুন	2
বাট	অলরেডি	2
অলরেডি	ব্যাশিং	2
ব্যাশিং	বিএল	2
বিএল	কোম্পানি	2
ব্রাদার	ইনজয়ে	2
ইনজয়ে	ইট	2
আহহ	থ্যাংকস	2
ভাই	করবা	2
দেয়ার	মত	2
ইউটিউব	সারলে	2
সারলে	কপিরাইট	2
ধরবে	কি	2
ভাই	ব্লক	2
মারলে	বিজি	2
ফোন	রিসিভ	2
রিসিভ	করলে	2
বলবে	সেই	2
সেই	আপনাকে	2
বুঝায়	দিবে	2
নেট	কখন	2
বাসায়	আছি	2
২০০৫	নাইস	2
একটা	১২	2
১২	ইয়ারের	2
ইয়ারের	জিমেইল	2
লগইন	তাইলে	2
ভিডিও	দেখাবে	2
পান	বিকজ	2
বিকজ	আপনার	2
বাট	মেইল	2
মেইল	নট	2
নট	রিসিভড	2
কম	প্লেয়ার	2
প্লেয়ার	পুরোটা	2
পুরোটা	ঢাকতে	2
ঢাকতে	পারেন	2
আচ্ছা	কবে	2
করেছে	আমি	2
এই	মেথর	2
মেথর	চালিয়ে	2
আসছে	নিজ	2
নিজ	না	2
দেখে	কখনো	2
কখনো	রং	2
রং	কমেন্ট	2
করে	বিজিদের	2
বিজিদের	বিভ্রান্ত	2
পুরো	দিন	2
দিন	এখনই	2
এখনই	পোস্ট	2
আনপাবলিশ	করে	2
বিন	পারফেক্টলি	2
ওয়ার্কিং	মিস্টার	2
মিস্টার	ক্র্যাকার	2
ক্র্যাকার	লাইফ	2
লাইফ	কার্ড	2
আপনার	গ্রুপের	2
গ্রুপের	ও	2
ও	নোট	2
নোট	আসবে	2
এপ্স	অনেক	2
করছিলাম	আর	2
সব	পিকচার	2
যেত	বাপ	2
মা	কষার	2
কষার	জালের	2
জালের	যে	2
যে	এডিট	2
এডিট	ওটা	2
ওটা	চার্জে	2
চার্জে	বারোটা	2
বাজিয়ে	দিত	2
ভাই	আয়ে	2
আয়ে	কতগুলা	2
কতগুলা	কি	2
কি	যখন	2
যখন	পাসওয়ার্ড	2
ভুলে	যাবো	2
তখন	আয়	2
আয়	কূড	2
কূড	মারবো	2
মারবো	কি	2
গ্রামীণফোন	কোম্পানি	2
কোম্পানি	হঠাৎ	2
অফারটা	বন্ধ	2
দিয়েছে	আগে	2
আগে	ডেলি	2
ডেলি	১৫	2
এমবি	ফিরিয়ে	2
ফিরিয়ে	দিত	2
দিত	মেয়াদ	2
২	ঘন্টা	2
ঘন্টা	এটা	2
এটা	সুপারসেল	2
সুপারসেল	প্যাক	2
প্যাক	নামে	2
ভাই	নোবেল	2
নোবেল	অঞ্চলের	2
আলাদা	থিম	2
থিম	থাকতে	2
শুধু	সিএমএম	2
সিএমএম	লঞ্চারের	2
লঞ্চারের	জন্য	2
নতুন	তাই	2
তাই	বুঝতেছেন	2
না	ফটোটা	2
ফটোটা	দেখেন	2
দেখেন	নাইলে	2
নাইলে	ইউজার	2
ইউজার	নামটা	2
নামটা	চেক	2
করেন	নিশ্চয়ই	2
নিশ্চয়ই	সমাধান	2
হুম	আছি	2
আছি	বাট	2
বর্তমানে	ফটো	2
ফটো	সাবমিট	2
সাবমিট	দিল	2
দিল	আইডি	2
আইডি	পাওয়ার	2
সম্ভাবনা	কম	2
বিষ্টা	ভিডিও	2
ভিডিও	এরপর	2
এরপর	থাকে	2
কি	অলওয়েজ	2
অলওয়েজ	প্রতি	2
প্রতি	ভিডিওতে	2
ভিডিওতে	পাব	2
ওয়েট	নেক্সট	2
নেক্সট	পোষ্টে	2
পোষ্টে	ইনশাল্লাহ	2
ইনশাল্লাহ	দেবার	2
দেবার	চেষ্টা	2
ভাই	ব্লগের	2
ব্লগের	জন্য	2
জন্য	চাই	2
ভাই	বুঝা	2
না	প্রথম	2
প্রথম	লেখাগুলা	2
অনেক্রিক	আমার	2
ছিল	আজ	2
ফসেট	হবে	2
হবে	সাতোশি	2
সাতোশি	হোলা	2
হোলা	ডাইরেক্ট	2
ডাইরেক্ট	আপনার	2
ওয়ালেট	নিতে	2
ভাবে	কার্ড	2
প্লিজ	ফেইসবুক	2
চেক	থেকেই	2
নিয়েছি	এর	2
কিভাবে	বাড়ায়	2
বাড়ায়	জানাবেন	2
এই	লোকে	2
লোকে	ভাবছে	2
ভাবছে	যে	2
এটা	তন্ত্র	2
তন্ত্র	মন্ত্র	2
মন্ত্র	শিক্ষার	2
শিক্ষার	বই	2
এয়ার	থাকে	2
করলে	বাজে	2
যেমন	এটা	2
এক	ইয়ার	2
জানি	বা	2
আগেই	পারি	2
পারি	এক্সেত্র	2
না	শু	2
শু	টাকা	2
এন্ড	এম	2
বি	হলেও	2
বেঞ্জ	স্পোর্টস	2
এর	ডিটেইলস	2
ডিটেইলস	আর	2
কি	লিখব	2
লিখব	আমি	2
করেছি	ওটা	2
ওটা	ডিটেলস	2
ইমেইল	খুলছি	2
খুলছি	কিন্তু	2
কিন্তু	আমদের	2
আমদের	ডে	2
ডে	নাই	2
এত	লাফালাফি	2
কেন	ক্র্যাক	2
ক্র্যাক	ইউজ	2
ইউজ	আমি	2
করি	মাথা	2
ব্যথা	আমার	2
আপনার	প্রব	2
প্রব	কি	2
সব	চিল্লাচিল্লি	2
চিল্লাচিল্লি	গালিগালাজ	2
গালিগালাজ	কপি	2
করছে	কি	2
হয়েছে	আবালরা	2
আবালরা	এটার	2
জন্য	ডাইরেক্ট	2
ডাইরেক্ট	মা	2
মা	তুলে	2
গালি	তগো	2
তগো	ঘরে	2
ঘরে	কি	2
কি	মা	2
বিকাশ	নগর	2
নগর	থেকে	2
থেকে	অ্যাডমানি	2
অ্যাডমানি	করার	2
নিজের	তৈরি	2
আর	অন্যরকম	2
অন্যরকম	বতে	2
বতে	প্লিজ	2
করা	পোস্টটি	2
পোস্টটি	চেক	2
করে	আপ্রুভ	2
আপ্রুভ	করুন	2
বা	ইউজার	2
করেন	হ্যাক	2
করা	ক্রেডিট	2
ক্রেডিট	লোড	2
প্লাগিন	ইউজ	2
যুগে	সবই	2
সবই	ইনফরমেশন	2
ইনফরমেশন	সেল	2
৭	তারিখ	2
তারিখ	কয়েনের	2
কয়েনের	জন্য	2
জন্য	পেমেন্ট	2
পেমেন্ট	রিকোয়ার্ড	2
রিকোয়ার্ড	মোবাইল	2
জানে	ইনকাম	2
কম	সারাদিন	2
সারাদিন	কইরা	2
নাই	ইনকাম	2
এমনি	গেমটা	2
গেমটা	ক্রাস	2
ক্রাস	আরো	2
আরো	হ্যাক	2
হ্যাক	লাগায়া	2
লাগায়া	খেলে	2
খেলে	নিজেকে	2
নিজেকে	লজ্জিত	2
লজ্জিত	মনে	2
এ	গেমার	2
গেমার	বলছি	2
যারা	নোভ	2
নোভ	লেভেলের	2
লেভেলের	নিচে	2
নিচে	আছে	2
আছে	তারাই	2
তারাই	গেমটা	2
গেমটা	হ্যাক	2
করে	খেলবে	2
অ্যাপটা	না	2
বুঝিয়ে	লেখা	2
বুঝিয়ে	লেখাটা	2
লেখাটা	ভালো	2
গ্রেট	জোকস	2
জোকস	ছিল	2
একটা	অ্যাকাউন্টও	2
অ্যাকাউন্টও	লগিন	2
লগিন	হলো	2
না	৩টা	2
৩টা	ট্রাই	2
রিকভারি	আনইন্সটল	2
আপনার	পরেরটা	2
পরেরটা	পটিজাল	2
পটিজাল	আর	2
হচ্ছিলাম	সেই	2
পোস্ট	লিখছেন	2
লিখছেন	এই	2
টাইপের	পোস্টের	2
পোস্টের	আশায়	2
আশায়	ট্রিকবিডিতে	2
ট্রিকবিডিতে	আসি	2
ভাই	টারমার্কস	2
টারমার্কস	দিয়ে	2
ভাই	থিমসগুলো	2
থিমসগুলো	শেয়ার	2
তো	অসাম	2
অসাম	লিখছেন	2
পোস্ট	পাচ্ছি	2
আগে	যা	2
তাই	ওয়ার্কিং	2
ওয়ার্কিং	ছিল	2
এখন	ওগুলা	2
ওগুলা	হয়	2
যখন	এই	2
অনেক	প্রসেস	2
প্রসেস	ট্রিকবিডিতে	2
আসতেও	পারে	2
ফ্লেক্সিলোডে	দেখেন	2
জানি	কপি	2
পোস্ট	আপনিও	2
তাইলে	বিডি	2
বিডি	এক্সপ্রেস	2
এক্সপ্রেস	থেকে	2
কয়েন	এমনি	2
এমনি	আসে	2
ভালই	কিন্তু	2
কিন্তু	বোঝা	2
আমার	ফাস্ট	2
ফাস্ট	পোস্টার	2
পোস্টার	দেখেন	2
আপনার	ক্রেডিটে	2
ক্রেডিটে	দিসি	2
দেশের	আবাল	2
আবাল	তুই	2
তুই	লুল	2
বোর্ডের	প্রশ্ন	2
প্রশ্ন	পেলে	2
মিয়া	ফইন্নির	2
ফইন্নির	মত	2
মত	ভিক্ষা	2
ভিক্ষা	চাইতেছেন	2
চাইতেছেন	কেন	2
ট্রিকবিডি	ভিক্ষার	2
ভিক্ষার	জায়গা	2
না	রাস্তায়	2
রাস্তায়	কানা	2
কানা	থালি	2
থালি	নিয়ে	2
নিয়ে	নামেন	2
নামেন	অবশ্যই	2
অবশ্যই	ভিক্ষা	2
ভিক্ষা	পাবেন	2
কুপন	কদ	2
কদ	ছিল	2
ব্রো	খারাপ	2
করা	বাদে	2
বাদে	উৎসাহ	2
উৎসাহ	দেওয়া	2
এইবার	করোনার	2
করোনার	কারণে	2
কারণে	মনে	2
হয়	কপিরাইট	2
কপিরাইট	ক্লিন	2
ক্লিন	দিচ্ছে	2
না	ইউটিউবে	2
ইউটিউব	অ্যাপসটা	2
অ্যাপসটা	হঠাৎ	2
হঠাৎ	কাজ	2
করা	জায়	2
এখানে	কাল	2
কাল	বৃষ্টি	2
পর	বাংলালিংকে	2
বাংলালিংকে	নেটওয়ার্কের	2
নেটওয়ার্কের	২জি	2
২জি	ও	2
এখন	জিপি	2
জিপি	চালাইতেছি	2
করছিলাম	এখনো	2
আছে	তে	2
আপনি	প্রবলেমের	2
প্রবলেমের	স্ক্রিনশট	2
আগে	দেখে	2
দেখে	সলিউশন	2
সলিউশন	দিচ্ছি	2
মিডিয়াতে	দেবেন	2
দেবেন	দিলে	2
একটা	ইউআরএল	2
ইউআরএল	লিংক	2
পাবেন	ওইটা	2
ওইটা	করে	2
করে	বসাবেন	2
৪	ইউর	2
আর	কয়েনবেস	2
থেকে	বাইট	2
বাইট	হবে	2
হবে	ব্যাট	2
ব্যাট	নিলে	2
তোমার	ফেসবুক	2
দাও	এফবিতে	2
এফবিতে	প্রবলেম	2
প্রবলেম	মা	2
মা	বলছি	2
ভিডিও	বানাবো	2
মানে	নতুন	2
নতুন	গিফ	2
গিফ	ইমেজ	2
ইমেজ	মেঘ	2
মেঘ	করবো	2
অফিসিয়াল	এন্ড	2
এসএস	ছাড়া	2
ফেইসবুক	আর	2
আর	মেসেঞ্জার	2
মেসেঞ্জার	চলত	2
চলত	অন্য	2
সাইট	গুগল	2
গুগল	চলে	2
এখন	আজকে	2
আজকে	দেখি	2
দেখি	ফেসবুক	2
ফেসবুক	ওপেন	2
বাট	মেসেঞ্জার	2
চলে	কিভাবে	2
কিভাবে	সলভ	2
সলভ	করব	2
ফর	সাগেশন	2
সাগেশন	ট্রাই	2
না	সারাদিন	2
সারাদিন	ট্রিকবিডি	2
পড়ে	থাকতে	2
আর	বিস্তারিত	2
বিস্তারিত	লিখলেও	2
লিখলেও	আপনি	2
পারবেন	অনেক	2
কিছু	তাই	2
তাই	অন্যের	2
অন্যের	আশায়	2
যে	বিষয়	2
বিষয়	বুঝেন	2
ব্যাপারে	কষ্ট	2
করে	গুগলে	2
ভিকটিমের	ফোনে	2
ইন্সটল	দেয়া	2
দেয়া	লাগবো	2
লাগবো	অনলাইন	2
অনলাইন	২টাই	2
২টাই	হবে	2
হবে	অনলাইন	2
অনলাইন	হলে	2
আপনাকে	ইমেইলে	2
ইমেইলে	জানাবো	2
আর	অফলাইন	2
অফলাইন	হলে	2
ফিস্টপ	ডেট	2
প্রাইস	নিতে	2
নিতে	যেই	2
যেই	ফরম	2
টিউন	করুন	2
নাইস	অ্যান্ড	2
ভাই	ভাইয়া	2
আপনার	পোস্টগুলা	2
পোস্টগুলা	ট্রেঞ্জ	2
ট্রেঞ্জ	না	2
চ্যানেল	থাকা	2
থাকা	হুবহু	2
চাচ্ছি	যেমন	2
যেমন	ডরেন	2
ডরেন	একবার	2
একবার	এডসেন্স	2
এডসেন্স	নিয়ে	2
বাট	আবার	2
কি	টুনার	2
টুনার	পদ	2
ব্রো	আরএস৫	2
আরএস৫	অ্যাড	2
অ্যাড	করাতে	2
করাতে	পারবেন	2
ভাই	নকিয়া	2
নকিয়া	১	2
১	ভোল	2
ভোল	প্লাস	2
প্লাস	পাওয়ার	2
পাওয়ার	রিকভারি	2
ভাই	হ্যাঁ	2
হ্যাঁ	প্রবলেম	2
এটা	বেস	2
বেস	গেম	2
গেম	কন্ট্রোল	2
কন্ট্রোল	ঠিক	2
প্লে	রেটিং	2
রেটিং	আর	2
আপনার	ফুল	2
ফুল	স্ক্রিনশট	2
গাজীপুরে	চলে	2
যাবে	কার্ড	2
আমি	মজিলা	2
মজিলা	দিয়ে	2
বাট	পিসিএন	2
পিসিএন	মোবাইল	2
অ্যাপস	একরকম	2
একরকম	তো	2
আসছে	আগে	2
আগে	ট্রেনিং	2
ট্রেনিং	দিন	2
জিমেইল	ডিউ	2
ডিউ	ফোন	2
পারবেন	নাম্বার	2
করে	এসএমএস	2
এসএমএস	করা	2
আমি	দেশী	2
দেশী	মেয়ে	2
মেয়ে	করতে	2
না	স্মোক	2
স্মোক	কেউ	2
কেউ	ডিজাইন	2
ছাড়াই	এর	2
এর	ইন্সটল	2
ছাড়া	টার্ক	2
টার্ক	পিসি	2
আমার	চারটা	2
চারটা	সিমে	2
সিমে	ট্রাই	2
করছি	পাই	2
একটিভ	না	2
কারণে	ওয়ার্নিং	2
ওয়ার্নিং	এ	2
মডেলের	মোবাইল	2
মোবাইল	না	2
থাকায়	দিতে	2
না	আফটার	2
আফটার	অল	2
অল	ট্রাই	2
দেখুন	হয়তো	2
হয়তো	পেয়ে	2
ভাই	পপ	2
পপ	সলতে	2
সলতে	১৫	2
১৫	থেকে	2
এখন	২১	2
২১	বা	2
বা	যদি	2
না	পোস্টটি	2
পোস্টটি	নির্ভুল	2
নির্ভুল	ভাবে	2
ভাবে	দেখতে	2
দেখতে	মুভিতে	2
মুভিতে	যান	2
যান	স্পেস	2
স্পেস	গুলা	2
গুলা	কেটে	2
ওয়াপকা	সম্বন্ধে	2
সম্বন্ধে	অনেক	2
ভাই	ফোরাম	2
ফোরাম	বাট	2
১৩	নাম্বারে	2
নাম্বারে	প্রবলেম	2
রে	কেমন	2
কেমন	আসেস	2
এটা	২০১৮	2
অ্যাপেল	কয়টা	2
কয়টা	ডাউনলোড	2
ডাউনলোড	নড়তে	2
নড়তে	হবে	2
আমাকে	লাইক	2
তাদের	হেল্প	2
হেল্প	করি	2
ইউটিউব	নিউ	2
আপডেট	এনেসে	2
এনেসে	এই	2
এমন	হসসে	2
নেই	এক	2
ভিতরে	আর	2
১০০০	সার্চ	2
করলে	পাব	2
নাকি	১০০	2
টা	সার্চ	2
আমাকে	পারফেক্ট	2
পারফেক্ট	একটা	2
খোলার	ওয়ে	2
ওয়ে	বলে	2
একাউন্ট	খুলছিলাম	2
খুলছিলাম	সবগুলাই	2
সবগুলাই	প্রোপার	2
প্রোপার	ওয়েতে	2
ওয়েতে	খুলছিলাম	2
খুলছিলাম	পেয়েওনিয়ের	2
পেয়েওনিয়ের	ব্যাংক	2
ও	করছিলাম	2
বাট	অ্যাকাউন্ট	2
লিমিটেড	হাবিজাবি	2
হাবিজাবি	দেখায়	2
দেখায়	মেজাজটাই	2
মেজাজটাই	গরম	2
গরম	হেল্প	2
প্লিজ	এনবি	2
এনবি	আমার	2
এই	টিকে	2
টিকে	কাজ	2
ওইটা	কেউ	2
কেউ	বলবেনা	2
বলবেনা	বাকিটা	2
আপনার	ইস্সা	2
ইস্সা	বাট	2
বাট	এতটা	2
এতটা	ডাউনলোডড	2
ডাউনলোডড	করানো	2
করানো	ইমপসিবল	2
কি	তিনটা	2
তিনটা	অ্যাপ	2
অ্যাপ	লাগবি	2
লাগবি	নাকি	2
ইউজ	করলেল	2
করলেল	হবে	2
মামুর	বাড়ি	2
বাড়ি	গেলাম	2
গেলাম	বাংলাদেশে	2
বাংলাদেশে	ঘুরে	2
ঘুরে	পোস্টা	2
পোস্টা	পড়ে	2
পড়ে	মনে	2
হল	টু	2
টু	সেটিং	2
সেটিং	অ্যাকাউন্ট	2
অ্যাকাউন্ট	সেটিং	2
সেটিং	ক্লিক	2
ক্লিক	গুগল	2
গুগল	কাজ	2
প্রমো	কোডটা	2
বোনাস	পাব	2
যদি	ডিরেক্ট	2
ডিরেক্ট	ইনক	2
ইনক	দিয়ে	2
জয়েন	হলেও	2
হলেও	প্রোমো	2
প্রোমো	কোড	2
বোনাস	ইন্টারনেট	2
ইন্টারনেট	দেখা	2
মেয়াদ	ফ্লেক্সিপ্ল্যান	2
ফ্লেক্সিপ্ল্যান	বা	2
তবে	যেভাবে	2
যেভাবে	বোনাস	2
বোনাস	পেয়েছিলেন	2
পেয়েছিলেন	ওই	2
ওই	কাজটা	2
কাজটা	আবার	2
করেন	মেয়াদ	2
মেয়াদ	বাড়তে	2
তিনটা	ফোন	2
করছি	করেই	2
রিয়েল	মি	2
মি	এক্স২	2
এক্স২	প্রো	2
ইউ	শিওর	2
শিওর	অনেক	2
সুদর	হইছে	2
হইছে	নাইস	2
ভাই	মাস্টারকার্ডের	2
মাস্টারকার্ডের	জন্য	2
জন্য	এপ্লাই	2
এপ্লাই	করার	2
আপডেট	চাইছিল	2
চাইছিল	তো	2
তো	ডিসি	2
অথর	গুড	2
পোস্ট	চালিয়া	2
চালিয়া	যাও	2
কি	ভ্যাবা	2
ভ্যাবা	ডাউনলোড	2
ব্রো	অক্টু	2
অক্টু	বোলান	2
করব	সমভোব	2
সমভোব	হলে	2
থ্যাংকস	পরের	2
পার্ট	গুলোর	2
গুলোর	জন্য	2
জন্য	লাভস্পট	2
সাথে	থাকন	2
৬	পোস্ট	2
পোস্ট	ট্রেইনার	2
করছি	অনেকদিন	2
পাবলিস্ট	হচ্ছে	2
না	ট্রেইনারও	2
ট্রেইনারও	হতে	2
প্লিজ	আমকে	2
আমকে	ট্রেনার	2
আমি	২০১২	2
মত	এমন	2
এমন	ফ্রি	2
দিয়া	ব্যবসা	2
ব্যবসা	করার	2
করার	লোক	2
লোক	কম	2
কম	দেখসি	2
নাই	জানতে	2
রবিতে	ওইটাকে	2
ওইটাকে	২৮	2
মেয়াদ	দিতেছে	2
সবই	দেওয়া	2
কার্ড	ইনফোতে	2
ইনফোতে	নাই	2
নিজের	কার্ড	2
কার্ড	নিজে	2
নিজে	অ্যাড	2
রবিতে	আমি২	2
আমি২	কালকে	2
কালকে	করলাম	2
অনলি	৫০	2
টাকা	দিছে	2
বো	লিংকটা	2
এখানে	একটু	2
একটু	দেবেন	2
অসম্ভব	পিকচার	2
পিকচার	আসতেছে	2
আসতেছে	থ্যাংক	2
তবে	ফেইসটা	2
ফেইসটা	একটু	2
একটু	ইয়েলো	2
ইয়েলো	আসতে	2
খুলে	সবারই	2
সবারই	দুই	2
দিন	চলে	2
কিন্তু	তারপরে	2
তারপরে	আর	2
চলবে	মজা	2
সিমে	দুইবার	2
দুইবার	হবে	2
হবে	দুইটা	2
দুইটা	ডিভাইস	2
থেকে	হইলে	2
ব্রো	ফোনের	2
ফোনের	চেপস্ট	2
চেপস্ট	এমটিকে	2
এমটিকে	কোথা	2
হতো	গেম	2
গেম	সম্পর্কে	2
সম্পর্কে	দারণা	2
দারণা	পেতাম	2
কি	ক্ষতি	2
ক্ষতি	অ্যান্ড	2
কি	মোবাইলের	2
মোবাইলের	সবকিছু	2
সবকিছু	কেটে	2
কেটে	যাভে	2
কাছে	পাসওয়ার্ড	2
এইগুলা	নিয়ে	2
দিয়ে	এফ	2
বি	আইডি	2
আপনার	ট্রিক্সটাতে	2
ট্রিক্সটাতে	একটা	2
একটা	জায়গায়	2
ট্রাই	চলছিল	2
একটা	হেব্বি	2
পেলাম	থ্যাংক	2
কমেন্টে	এড	2
আপনার	হ্যাকেরম্যান	2
অফলাইনে	কেলবা	2
কম	টাকে	2
টাকে	অনেক	2
এফবি	ব্যবহার	2
তাদের	পিক	2
পিক	আসবে	2
ওক্বে	থ্যাংকস	2
ভাইয়ের	জিমেইল	2
আপনি	ওইটা	2
ওইটা	আয়না	2
আয়না	দেতে	2
জান	অল	2
দেবেন	ওকে	2
এট	সবার	2
অথবা	সাপলাই	2
সাপলাই	য়ে	2
য়ে	প্রবলেম	2
কিন্তু	হালি	2
হালি	কম্প্রেসড	2
কম্প্রেসড	এমবি	2
ভিতর	দেতে	2
দেতে	পারলে	2
পারলে	ডাউনলোড	2
ডাউনলোড	করতাম	2
করতাম	পারলে	2
পারলে	ভাই	2
ভেতর	দেন	2
দেখেন	পিসি	2
ফোনের	কেকও	2
কেকও	অ্যাপে	2
অ্যাপে	ঢুকা	2
ঢুকতে	পারেনা	2
পারেনা	আমি	2
যেভাবে	পোস্ট	2
করছেন	এইভাবে	2
এইভাবে	ব্ল্যাংক	2
ব্ল্যাংক	আইডি	2
আইডি	করলে	2
করলে	ব্রাউজারে	2
ব্রাউজারে	শো	2
করলেও	মেসেঞ্জারে	2
মেসেঞ্জারে	নেম	2
নেম	সো	2
সো	করে	2
এম	রিয়েল	2
রিয়েল	ঘোস্ট	2
ঘোস্ট	আমার	2
আইডিতে	ঘুরে	2
পারেন	ফুল	2
ফুল	ব্ল্যাঙ্ক	2
ব্ল্যাঙ্ক	কোথাও	2
কোথাও	শো	2
করবে	কার্ড	2
নিডেড	পোস্ট	2
হয়তো	টেকটিউন্স	2
সাথে	ট্রিকবিডি	2
ট্রিকবিডি	পাল্লা	2
পাল্লা	দিত	2
দিত	এতদিন	2
এতদিন	বাট	2
সব	সেষ	2
ভালো	মতলব	2
মতলব	১	2
জিবি	পাওয়ার	2
আগের	চেয়ে	2
চেয়ে	খারাপ	2
খারাপ	বলতে	2
বলতে	যেহেতু	2
যেহেতু	এখনকার	2
এখনকার	রেগুলার	2
রেগুলার	রিডার	2
রিডার	আমি	2
আমি	সো	2
কোন	পোস্টটা	2
পোস্টটা	কতবার	2
হচ্ছে	ট্রিকবিডিতে	2
ট্রিকবিডিতে	ভাই	2
ভাই	এবিলিটি	2
এবিলিটি	বাট	2
বাট	মনের	2
মনের	জোর	2
জোর	পাই	2
কারণ	ভালো	2
ভালো	রাইটার	2
রাইটার	নয়	2
একবার	ট্রেইনার	2
ট্রেইনার	রেট	2
রেট	করার	2
পর	বাদ	2
বাদ	হলে	2
হলে	হতাশ	2
আর	করিনি	2
পেপাল	বাদে	2
বাদে	হবে	2
ড্রাইভার	বুস্টার	2
বুস্টার	নিয়ে	2
তে	কিছুদিন	2
করেছে	আপনি	2
ওই	পোস্টটি	2
পোস্টটি	দেখতে	2
আমাকে	মেসেঞ্জারে	2
মেসেঞ্জারে	মেসেজ	2
দিয়ে	থেকে	2
থেকে	সাইনআপ	2
সাইনআপ	করার	2
পর	ওয়ার্ডপ্রেস	2
ওয়ার্ডপ্রেস	ইনস্টল	2
ইনস্টল	দেওয়া	2
সরি	যাদের	2
যাদের	বিকাশ	2
ফ্রি	ডট	2
ডট	পেয়ে	2
পেয়ে	একটা	2
একটা	নেওয়ার	2
সময়	ফ্রি	2
ফ্রি	কেটে	2
গেছে	ফাজলামোর	2
ফাজলামোর	একটা	2
লিমিট	থাকা	2
মাই	জিপিতে	2
জিপিতে	ও	2
আর	বুঝামু	2
বুঝামু	এখানে	2
এখানে	স্ক্রিপ্ট	2
স্ক্রিপ্ট	লেখা	2
অনেক	সব	2
সব	অটো	2
অটো	কাজ	2
হয়	ইউসি	2
ইউসি	ব্রাউসারের	2
ব্রাউসারের	মতো	2
মতো	তারপর	2
তারপর	বইলেন	2
না	বঝতে	2
বঝতে	পারছি	2
শুধু	ডিপোজিট	2
টাকা	মতো	2
টেকনিক্যাল	প্রবলেম	2
প্রবলেম	দেখাচ্ছে	2
একবার	কমেন্ট	2
করলাম	আওয়েটিং	2
আওয়েটিং	দেখাচ্ছে	2
দেখাচ্ছে	ফ্রি	2
আর	ভিজিট	2
ভিজিট	আর	2
এটা	কমন	2
কমন	সেম	2
স্যামসাং	অল	2
অল	ফোনে	2
দিকে	আর	2
৩	প্রেস	2
পর	১২৭	2
১২৭	ফাউন্ড	2
ফাউন্ড	বেস	2
বেস	কি	2
করলে	বলবেন	2
গেম	লুপ	2
লুপ	ইউজ	2
দিয়ে	বুট	2
বুট	লোডের	2
লোডের	আনলক	2
আপনার	কিংবা	2
কিংবা	তেমন	2
তেমন	হেল্পফুল	2
হেল্পফুল	অন্য	2
অ্যানোনিটুন	এ	2
১	এমবিবিএস	2
এমবিবিএস	স্পিড	2
পাই	দেখি	2
তাহলে	মাথা	2
ব্যথা	হলে	2
কি	ধরে	2
ধরে	নিব	2
থ্যাংকস	জানা	2
এখন	এরান	2
এরান	করা	2
ঠিক	বললাম	2
ড্রাইভে	আপনি	2
রাখতে	পাবেন	2
ডাউনওয়ার্ড	লিংক	2
সব	মেম্বারদেরকে	2
মেম্বারদেরকে	জানানোর	2
দিছি	আপনাদের	2
আপনাদের	মতদের	2
মতদের	এই	2
সমস্যা	ফ্রি	2
দিলে	লাফালাফি	2
আবার	দিলেও	2
দিলেও	দোষ	2
দোষ	ধরেন	2
ধরেন	আর	2
আর	আপনারাই	2
আপনারাই	ফেসবুক	2
ফেসবুক	আর	2
আর	ইউটিউবে	2
ইউটিউবে	পোস্ট	2
দিয়ে	ভাইরাল	2
ভাইরাল	করেন	2
দেখি	তো	2
ব্যাপারটা	বুঝসেন	2
বেসিক	সে	2
প্রিমিয়াম	আর	2
প্রিমিয়াম	একটা	2
একটা	বড্ড	2
বড্ড	ঝামেলা	2
ঝামেলা	কানেক্টেড	2
আর	ইউটিউব	2
ইউটিউব	প্রিমিয়ার	2
প্রিমিয়ার	মোডএপিকে	2
মোডএপিকে	দেওয়া	2
ভাই	জানা	2
কথা	কতনার	2
কতনার	বলবান	2
এন্ড	লাইভ	2
তো	হযরত	2
সাঃ	কি	2
কি	বলছেন	2
যে	সবই	2
সবই	মারামারি	2
মারামারি	কর	2
কর	নাকি	2
নাকি	বলছেন	2
বলছেন	ইসলাম	2
ইসলাম	শান্তির	2
শান্তির	ধর্ম	2
ধর্ম	একটা	2
একটা	মিথ্যা	2
মিথ্যা	বললে	2
বললে	কিন্তু	2
দিনের	ইবাদত	2
ইবাদত	নষ্ট	2
ভাই	অ্যান্ড্রয়েডে	2
অ্যান্ড্রয়েডে	কালি	2
কালি	ইনস্টল	2
কিছু	প্রবলেম	2
হচ্ছে	যদি	2
টপ	আইটেম	2
আইটেম	হাদার	2
হাদার	এর	2
একবার	ঘুমাইলে	2
ঘুমাইলে	আওয়ার	2
আওয়ার	লাগে	2
লাগে	ঘুম	2
ঘুম	ভাঙ্গে	2
একটা	রয়েছে	2
রয়েছে	১	2
সব	তোর	2
মত	আজাইরা	2
স্প্রেডটার্ম	ডিভাইসের	2
ডিভাইসের	বুট	2
বুট	ডট	2
ডট	আইএমজিটা	2
আইএমজিটা	স্টক	2
কোন	ফোল্ডারে	2
পেললন্ড	সেটিং	2
সেটিং	দেন	2
কার্ডে	রিকভারি	2
ডট	আইএমজি	2
আইএমজি	আর	2
ডট	এফ	2
এফ	এস	2
এস	টি	2
টি	এবি	2
এবি	একসাথে	2
একসাথে	দেখে	2
আঙ্কেল	দিয়ে	2
ফেসবুক	ফিশিং	2
লিংক	তে	2
লাইক	পাইছেন	2
পাইছেন	ডেমো	2
ডেমো	হিসেবে	2
হিসেবে	আপনার	2
খুব	নীড	2
নীড	প্লিজ	2
তাড়াতাড়ি	করিয়েন	2
রোনালদো	নেইমার	2
নেইমার	বেইল	2
বেইল	মোহাম্মদ	2
মোহাম্মদ	সালা	2
সালা	লাবন	2
লাবন	রোজ	2
রোজ	কি	2
কি	পক	2
পক	বা	2
বা	লুকা	2
লুকা	মদ্রিচ	2
মদ্রিচ	বিডাল	2
বিডাল	নয়ার	2
নয়ার	ডেভিড	2
ডেভিড	হেয়ার	2
হেয়ার	টিয়াগো	2
টিয়াগো	সিলভারামোস	2
সিলভারামোস	বনুচি	2
বনুচি	মার্সেলো	2
মার্সেলো	হিগুয়াইন	2
হিগুয়াইন	এরা	2
এরা	আছে	2
কতবার	গাঁজা	2
আনলিমিটেড	জানি	2
আমি	বাট	2
এটার	কল	2
কল	কোয়ালিটি	2
কোয়ালিটি	ভালো	2
কল	কানেক্টেড	2
লাগে	মাঝে	2
ইনফরমেশন	কোথা	2
থেকে	পেয়েছেন	2
না	করকে	2
করকে	রেডি	2
রেডি	হাউ	2
তো	ভীষণ	2
ভীষণ	চিন্তায়	2
চিন্তায়	ছিলাম	2
ছিলাম	আমার	2
আমার	বাকি	2
বাকি	উইথড্র	2
কলিং	সাইন	2
করলে	একবার	2
অনেক	অ্যাপই	2
অ্যাপই	তো	2
ভাইয়ের	অ্যাপ	2
অ্যাপ	একবার	2
চাইলে	ক্রেডিট	2
ক্রেডিট	করা	2
কোন	ব্যাপারই	2
ব্যাপারই	না	2
যাবেন	ইউজার	2
আছে	সেগুলো	2
সেগুলো	আগে	2
এগুলো	আগে	2
গুলো	মেমোরি	2
মেমোরি	কার্ডে	2
কার্ডে	মুভ	2
রাখুন	আশা	2
ফলাফল	পাবেন	2
ভাই	পোর্টের	2
পোর্টের	জামিলা	2
জামিলা	আমার	2
মাথায়	ডগচে	2
ডগচে	না	2
না	পোর্ট	2
পোর্ট	চারা	2
চারা	ডাবলু৬৮	2
ডাবলু৬৮	টা	2
কি	বাপোর্ট	2
বাপোর্ট	করা	2
নাই	আনুমানিক	2
আনুমানিক	বলেন	2
ওহহহ	ব্রো	2
তাহলে	বলবেন	2
বলবেন	ডিলিট	2
টাইটেলে	লিখা	2
লিখা	যেকোনো	2
যেকোনো	পেমেন্টে	2
পেমেন্টে	শর্ত	2
শর্ত	তে	2
যা	করবেন	2
কি	ফলোড	2
ফলোড	অপশন	2
প্লিজ	ইন্সটল	2
ইন্সটল	এক্সআগিয়ার	2
এক্সআগিয়ার	এক্সএপিকে	2
এক্সএপিকে	ভার্সান	2
শিওর	রুট	2
কিন্তু	লোড	2
হবে	গেমটা	2
অনেক	ভারি	2
একজন	ফ্রেন্ডকে	2
একজন	ফ্রেন্ড	2
ফ্রেন্ড	কমবে	2
কমবে	বাট	2
বাট	একজন	2
একজন	ফলোয়ার	2
ফলোয়ার	কি	2
কি	বাঁধবে	2
জানতাম	পারলে	2
থ্যাংকস	এখন	2
এখন	ক্লিয়ার	2
ক্লিয়ার	হইলাম	2
হইলাম	ভাই	2
গ্রাউন্ড	সাথেই	2
সাথেই	থাকিন	2
থাকিন	থ্যাংকস	2
জাস্ট	লিংকে	2
নাকি	ফিশিং	2
মত	লগইন	2
একটি	ম্যাজিক	2
ম্যাজিক	কিউব	2
কিউব	দিয়ে	2
দিয়ে	বান্ডেল	2
বান্ডেল	কিভাবে	2
ইয়াসিন	টিভি	2
দিয়ে	দেকেন	2
আপনার	ইউজ	2
করা	ফন্ট	2
গুলা	লিংক	2
কথার	বানান	2
ব্রো	এপ্স	2
এপ্স	পারমিশন	2
পারমিশন	থেকে	2
থেকে	দেকা	2
দেকা	যায়	2
ভাই	অ্যাপটি	2
অ্যাপটি	নিউ	2
তাই	স্পিড	2
স্পিড	একটো	2
একটো	কম	2
পরে	স্পিড	2
স্পিড	বাড়তে	2
থাকবে	অন্যান্য	2
অ্যাপ	গুলোতে	2
গুলোতে	ও	2
ও	প্রথমে	2
প্রথমে	কোন	2
গেছে	ভালো	2
ভালো	রবি	2
৩জি	কানেক্টেড	2
কানেক্টেড	এরিয়া	2
এরিয়া	হলে	2
তো	কথাই	2
নাইস	গেমস	2
স্টার্ট	নেক্সট	2
নেক্সট	কন্টেন্ট	2
কন্টেন্ট	যদিও	2
যদিও	পারি	2
বাট	দেখে	2
দেখে	আরো	2
একটু	শিখব	2
কিভাবে	ডার্ক	2
মোড	করব	2
ওয়াইফাই	তুলে	2
তুলে	কাজ	2
কাজ	হসসে	2
না	মনিটর	2
তাও	ডিটেক্ট	2
পারেনা	ওয়াইফাইট	2
ওয়াইফাইট	ওয়াই	2
ফাই	ইন্টারফেস	2
ইন্টারফেস	এর	2
সাথে	মন	2
মন	আছে	2
ওয়াইফাই	মনিটর	2
মোড	এও	2
এও	নাম	2
নাম	সেম	2
সেম	থাকে	2
ডাবলুল্যান০	এ	2
ডাবলুল্যান০	মন	2
মন	হয়	2
যদি	অ্যাপসে	2
অ্যাপসে	কয়েন	2
কয়েন	বাড়ার	2
কোনো	কৌশল	2
কৌশল	আছে	2
এটা	দেয়া	2
দেয়া	একটা	2
পোস্ট	দান	2
এজেন্ট	কন্টাক	2
আমাকে	হোয়াটসঅ্যাপে	2
হোয়াটসঅ্যাপে	মেসেজ	2
মশা	মারার	2
মারার	একটি	2
সিস্টেম	এটা	2
একটা	জিএফ	2
করা	অ্যাপসটা	2
অ্যাপসটা	ইউজ	2
আমি	ওয়াবকাইজ	2
ওয়াবকাইজ	এ	2
কম	মিম	2
মিম	একটা	2
ওয়েবসাইট	বানাইছি	2
বানাইছি	এখন	2
নাম	কিভাবে	2
করে	যাবেন	2
কোন	এপিকে	2
দিয়ে	দেখব	2
স্টোরে	আপডেট	2
আপডেট	হয়েছে	2
করছেন	দো	2
দো	মরসেন	2
মরসেন	আমি	2
তোমার	মিটাই	2
মিটাই	গো	2
অনলি	জেবি	2
জেবি	ওয়েট	2
ফর	কিটক্যাট	2
না	রোলে	2
রোলে	বলা	2
আছে	জিপি	2
জিপি	শেয়ারে	2
শেয়ারে	আপলোড	2
দিব	যাতে	2
করব	ভিডিও	2
দেন	এমটি৬৫৮০	2
এমটি৬৫৮০	টু	2
টু	এমটি৬৫৮২	2
শালা	মাদারকোড	2
মাদারকোড	কি	2
এফবি	একাউন্টের	2
একাউন্টের	পাসওয়ার্ড	2
পাসওয়ার্ড	ঠিক	2
কিন্তু	আইডেন্টিফিকেশনের	2
আইডেন্টিফিকেশনের	জন্য	2
নাম্বারে	ভেরিফিকেশন	2
আমার	নাম্বারটা	2
নাম্বারটা	নাই	2
আসছে	হেল্প	2
পাচ্ছে	তাহলে	2
বলতে	আছেন	2
আছেন	এর	2
জন্য	বাকি	2
বাকি	পার্সেন্টও	2
পার্সেন্টও	না	2
জানা	থাকুক	2
পোস্ট	ক্রিকেটার	2
ক্রিকেটার	একটা	2
একটা	চিটার	2
চিটার	পোস্টে	2
পোস্টে	শেষে	2
শেষে	ইউটিউব	2
ইউটিউব	মনিটাইজের	2
মনিটাইজের	জন্য	2
জন্য	হীন	2
হীন	দিয়ে	2
দিয়ে	রাখে	2
রাখে	বাট	2
নিয়ে	বেশ্যার	2
বেশ্যার	ছেলের	2
ছেলের	মত	2
মত	ব্লক	2
ভাইয়া	পাইলে	2
পাইলে	দিব	2
এক্সপ্লোরার	ভি৫০	2
ভি৫০	এসসি৭৭৩১	2
এসসি৭৭৩১	কার্নেল	2
কার্নেল	টিডাবলিউআরপি	2
টিডাবলিউআরপি	এর	2
ভাই	সাহায্যের	2
ট্রিকবিডিতে	অনেকবার	2
অনেকবার	কমেন্টস	2
কমেন্টস	করছি	2
পাইনি	আমার	2
সনি	এক্সপিরিয়া	2
এক্সপিরিয়া	এসপি	2
এসপি	এটার	2
কোন	রিকভারি	2
ভিমোস	এ	2
থ্যাঙ্ক	কিউ	2
কিউ	বাট	2
তো	এখান	2
করলে	ফ্রি	2
ফ্রি	বেসিকে	2
বেসিকে	এড	2
এড	হইতাছে	2
ফ্রি	বেসিকের	2
বেসিকের	হোম	2
উনি	ঠিকই	2
ঠিকই	বলছে	2
বলছে	আপনার	2
আপনার	নিজেরই	2
নিজেরই	কোন	2
জাস্ট	ইমেইলটা	2
ইমেইলটা	এড	2
থাকলে	এনাফ	2
এনাফ	যে	2
সময়	রিকভারি	2
আরো	ইয়ার	2
আগেই	খুলছি	2
খুলছি	সবকিছুই	2
সবকিছুই	ভুলে	2
গেছিলাম	জিমেইল	2
ছিল	কিছুদিন	2
আবার	রিকভারি	2
আগে	ভালোভাবে	2
দেখে	ভাবছিলাম	2
ভাবছিলাম	নতুন	2
বাট	এসে	2
এসে	দেখি	2
ফায়ার	ইন্সটল	2
তারপর	ওবিবি	2
ওবিবি	ব্যাকআপ	2
নেন	এরপরও	2
এরপরও	না	2
হলে	কিচ্ছু	2
কিচ্ছু	করার	2
পাবেন	১২	2
জিবি	এভাবে	2
এভাবে	৩বার	2
৩বার	নিতে	2
পারবেন	মেয়াদ	2
দিন	আন্ডারস্ট্যান্ড	2
ভাই	ডিজাইনার	2
ডিজাইনার	ওয়েব	2
ডিজাইনার	ওর	2
ওয়েব	ডেভলপারদের	2
ডেভলপারদের	জন্য	2
কালার	স্পিকার	2
স্পিকার	অপশনটাও	2
অপশনটাও	জোস	2
জোস	যেটা	2
যেটা	কি	2
দিয়ে	এনাবেল	2
এনাবেল	করা	2
আকাশ	ভাই	2
প্লিজ	যে	2
রম	রিলিজ	2
রিলিজ	কর	2
কর	ব্রো	2
ব্রো	বিপদে	2
বিপদে	আছি	2
সিম্ফনি	জিভি	2
জিভি	কাস্টম	2
দেন	মড	2
মড	পাবেন	2
কই	অপেরা	2
লাভা	কাস্টম	2
লাগবে	মার্ষমেলো	2
মার্ষমেলো	একটু	2
ব্রো	অনলাইন	2
অনলাইন	পোর্ট	2
স্ক্যানার	কতগুলো	2
কতগুলো	আছে	2
আবার	১৪	2
১৪	এর	2
জায়গায়	৫	2
৫	দিয়ে	2
এডমিন	দেন	2
সবাইকে	থ্যাংকস	2
অর	এই	2
করুন	পাবেন	2
আইটেল	এলএমসি	2
এলএমসি	অথবা	2
অথবা	জিক্যাম	2
জিক্যাম	ইউসড	2
ইউসড	করতে	2
না	ফেল্ড	2
ফেল্ড	দেখাচ্ছে	2
হুমমমমমম	সব	2
দিক	চিন্তা	2
করি	নামাজ	2
নামাজ	আদায়	2
আদায়	করতে	2
বিজিবাক্স	ইন্সটল	2
পর	অ্যাপটি	2
অ্যাপটি	আনইন্সটল	2
করলে	বিজিবাক্স	2
বিজিবাক্স	বন্ধ	2
এই	জানা	2
অজানা	ট্রিকস	2
ট্রিকস	চবোয়	2
চবোয়	জানে	2
টিউনার	হুমমমম	2
হুমমমম	হতে	2
চাই	পারবেন	2
চাই	এডমিন	2
এডমিন	দেখ	2
দেখ	আপনি	2
পারলে	কল	2
আর	এয়ারটেলে	2
এয়ারটেলে	একটা	2
একটা	রেগুলার	2
আছে	৩০০	2
দেওয়া	সব	2
ফলো	করেছি	2
কিভাবে	ওখানে	2
ওখানে	টাকা	2
টাকা	রাখবো	2
রাখবো	এন্ড	2
এন্ড	পায়েজা	2
পায়েজা	কার্ড	2
কি	লাগবেনা	2
লাগবেনা	ওটা	2
পাব	ব্যাংকে	2
ব্যাংকে	গিয়ে	2
পসিবল	মোবাইল	2
কিভাবে	কাজটা	2
কাজটা	করা	2
শো	বক্সের	2
বক্সের	মত	2
ব্রো	বিষয়টা	2
তেমন	ভাবিনি	2
ঈদ	অফারে	2
অফারে	নিছিলাম	2
এইটা	কিছু	2
ফোনে	রেডিয়েশন	2
রেডিয়েশন	আছে	2
কাছে	এত	2
এত	সাহসি	2
সাহসি	নাই	2
আপনি	আমায়	2
আমায়	দিতে	2
পারবেন	টাকা	2
টাকা	দিব	2
কথা	সাইন্যাপ	2
সাইন্যাপ	করবো	2
কিভাবে	জিপ	2
নিচে	লিখবি	2
লিখবি	কান	2
কান	উপরে	2
উপরে	লিখতে	2
হয়	মাদারী	2
৫৮০	টাকা	2
টাকা	৭	2
৭	ডলার	2
টাকা	মারাছা	2
ভাই	পায়েল	2
পায়েল	আঞ্জিব	2
আঞ্জিব	কিভাবে	2
পুরো	মাত্র	2
ফ্রি	আর	2
সবই	পেইড	2
পেইড	লোল	2
কেমন	কনট্রিবিউটার	2
কনট্রিবিউটার	যে	2
কারো	কমেন্টে	2
কমেন্টে	রিপ্লাই	2
রিপ্লাই	দেননি	2
দেননি	এডমিন	2
এডমিন	ভাইদের	2
ভাইদের	এমন	2
এমন	কন্ট্রিবিউটর	2
দরকার	রিপোর্ট	2
সম্ভব	যদি	2
স্যামসাঙ	কোন	2
কোন	মেমোরি	2
মেমোরি	বানায়	2
স্যামসাং	নাম	2
অন্য	কোম্পানি	2
কোম্পানি	বানায়	2
বানায়	তবে	2
তবে	চিপ	2
চিপ	রেট	2
রেট	টাই	2
টাই	সবচেয়ে	2
অনেক	ভিউয়ার্স	2
ভিউয়ার্স	পাইছেন	2
পাইছেন	আবার	2
আবার	পোষ্ট	2
পোষ্ট	ট্র্যাশ	2
তাও	বাই	2
সেল	আমি	2
পারেন	অন্যরা	2
অন্যরা	কেউ	2
কেউ	তাও	2
কয়েন	কিনছে	2
কিনছে	না	2
এটাতো	ওয়ার্ডপ্রেস	2
না	সবকিছু	2
সবকিছু	হচ্ছে	2
বাট	থামনেল	2
থামনেল	কিভাবে	2
দিব	বুঝতেছিনা	2
দিয়ে	করমু	2
তোর	মাথায়	2
মাথায়	মনে	2
জিপিতে	পাই	2
হুম	সিওসি	2
সিওসি	কালের	2
কালের	সময়	2
সময়	আইডি	2
আইডি	চেনে	2
চেনে	করতা	2
করতা	এটা	2
রোম	আইনস্টল	2
আইনস্টল	দিলিলাম	2
দিলিলাম	নেটে	2
নেটে	লেখা	2
ছিল	কোন	2
কোন	বাগ	2
আমি	ইন্সটল	2
পর	কোন	2
অ্যাপ	চলছিল	2
না	রম	2
ফোনের	প্রব	2
দেন	রিপ্লাই	2
রিপ্লাই	করে	2
এর	হাদীস	2
হাদীস	আলেম	2
আলেম	ওলামার	2
ওলামার	বিরোধিতা	2
বিরোধিতা	যারা	2
যারা	করে	2
তাদের	জন্মে	2
জন্মে	ভেজাল	2
ভেজাল	আছে	2
শুধু	বট	2
বট	লাইক	2
যাবে	বোর্ড	2
বোর্ড	কমেন্ট	2
এর	আপকা	2
আপকা	ক্যাটেগরি	2
ক্যাটেগরি	দেখেন	2
আচ্ছা	করব	2
আপনার	ক্লাস	2
ক্ল্যান্স	আইডিআর	2
আইডিআর	নাম	2
কি	যদি	2
ভবিষ্যতে	পড়ে	2
তো	এটাক	2
এটাক	দিমু	2
ধন্যবাদ	দিয়ে	2
দেখি	শুরু	2
তো	এক্টিভ	2
এক্টিভ	করলাম	2
করলাম	কোন	2
কোন	তো	2
কিছু	নেশা	2
নেশা	হিসেবে	2
হিসেবে	নিলে	2
নিলে	নেশাই	2
নেশাই	হয়	2
হয়	টোটালি	2
টোটালি	নিজের	2
গেমস	ডেভলপারের	2
ডেভলপারের	চাপে	2
চাপে	তাদের	2
অ্যাপ	দ্বারা	2
দ্বারা	এডিটেড	2
এডিটেড	হোক	2
কে	রিয়েল	2
এ	কম্পেয়ার	2
কম্পেয়ার	না	2
না	করাটাই	2
করাটাই	বেটার	2
কিভাবে	এফবি	2
প্যাক	১৮	2
আমার	৬৫০	2
৬৫০	এমবি	2
আছে	আজ	2
আজ	শেষ	2
তাইলে	গ্রীনিফাই	2
গ্রীনিফাই	অ্যাপ	2
দিয়ে	কিছুদিন	2
না	স্পনসর্ট	2
স্পনসর্ট	সার্চের	2
সার্চের	এড	2
এড	গোলা	2
গোলা	কিভাবে	2
ওকে	কিন্তু	2
নাম্বার	হ্যাক	2
না	ওখানে	2
ওখানে	ন্যাশনাল	2
পিক	নেইম	2
নেইম	ডেট	2
একটা	ফেইক	2
ফেইক	ন্যাশনাল	2
আইডি	কার্ডও	2
কার্ডও	আপলোড	2
বাট	তারপরেও	2
ওর	মোবাইল	2
ডেটা	যেটা	2
করি	বাফারিং	2
বাফারিং	করে	2
ইউটিউব	সাইট	2
থেকে	ট্রেইল	2
ট্রেইল	নিচ্ছিলেন	2
ব্রো	এমএসভিপিএন৪	2
এমএসভিপিএন৪	দেয়ার	2
ব্রো	বেস্ট	2
ব্রাদার	যদি	2
তাহলে	রসায়ন	2
রসায়ন	পড়া	2
পড়া	সাজেশন	2
সাজেশন	টা	2
দিছে	যদি	2
যদি	সেই	2
ও	করব	2
টিডাবলিউআরপি	ফ্ল্যাস	2
ফ্ল্যাস	দিছি	2
এর	টাচ	2
তিনটা	বাগলেস	2
বাগলেস	টিডব্লিউআরপি	2
এম৩ইউ	ফরম্যাটের	2
ফরম্যাটের	লীগ	2
লীগ	বা	2
বা	ফাইল	2
থিংক	আর	2
কেউ	করুক	2
করুক	না	2
না	করুক	2
করুক	আমরা	2
আমরা	২জন	2
২জন	করি	2
ক্ষেত্রে	কিন্তু	2
কিন্তু	এফ	2
বি	অ্যাপ	2
হলে	সেটিং	2
সেটিং	সামান্য	2
সামান্য	ডিফারেন্ট	2
ডিফারেন্ট	পাবেন	2
শুরুতে	কিছু	2
কিছু	এমবি	2
এমবি	রাখুন	2
কবে	রিলিজ	2
রিলিজ	হলো	2
হলো	এমআর	2
এমআর	যেটা	2
যেটা	হয়েছিল	2
হয়েছিল	সেই	2
সেই	লিস্ট	2
লিস্ট	সেটা	2
সেটা	ট্রান্সলেট	2
ছিল	কথাগুলা	2
কথাগুলা	টায়	2
টায়	ওটা	2
ওটা	ডিলিট	2
দেওয়া	হইছে	2
ওই	পকিন্নির	2
পকিন্নির	পট	2
পট	আমি	2
আমি	তোরে	2
কি	নাটক	2
নাটক	সেকেন্দার	2
সেকেন্দার	বস	2
বস	করিম	2
করিম	মনে	2
মনে	করছে	2
যদি	গাল	2
গাল	মারস	2
মারস	তোর	2
আমার	ছেঁড়া	2
ছেঁড়া	চেঙ্গের	2
চেঙ্গের	বাল	2
গিভ	ভিডিও	2
পরে	মেইল	2
এগুলার	ডিভিডি	2
ডিভিডি	ডিস্ক	2
ডিস্ক	আছে	2
কাছে	অল	2
অল	নিউজিও	2
নিউজিও	সেরেছে	2
সেরেছে	এর	2
কাটবে	এর	2
কিনে	রাখবেন	2
রাখবেন	স্পেশালি	2
স্পেশালি	জিএফ	2
জিএফ	যাদের	2
তাদের	অলটাইম	2
অলটাইম	এসএমএস	2
এসএমএস	প্যাক	2
প্যাক	থাকে	2
পিসি	ভিডিও	2
করি	থ্যাঙ্ককিউ	2
হ্যাঁ	ওর	2
ওর	মাইগ্রেশন	2
মাইগ্রেশন	হয়ে	2
হয়ে	সাবজেক্ট	2
সাবজেক্ট	চেঞ্জ	2
মাধ্যমে	জানাবে	2
জানাবে	আর	2
থেকেও	জানা	2
অনেক	এমনি	2
এমনি	ছোলা	2
এডসেন্সে	রিকোয়েস্ট	2
রিকোয়েস্ট	করার	2
সময়	সমস্যা	2
তো	বুঝেই	2
বুঝেই	যাবে	2
যাবে	ট্রাফিক	2
ট্রাফিক	জেনারেটর	2
জেনারেটর	ফ্রম	2
ফ্রম	আর	2
এত	কিছুক্ষণ	2
পরপর	ইন্টারস্টেশিয়াল	2
ইন্টারস্টেশিয়াল	এড	2
এড	লোড	2
লোড	না	2
পারতেন	সিম্পল	2
সিম্পল	ওয়েব	2
ওয়েব	ভিউয়ার	2
ভিউয়ার	অ্যাপ	2
এ	যাস্ট	2
যাস্ট	নিচের	2
নিচের	ব্যানার	2
ব্যানার	এড	2
এড	টাই	2
টাই	ভাল	2
নিজেকে	নিজে	2
নিজে	ইনভাইট	2
ইনভাইট	মেম	2
মেম	হ্যাক	2
পয়েন্ট	নেওয়া	2
নো	আপনি	2
আপনি	পাস্টে	2
পাস্টে	আরেকবার	2
আরেকবার	ট্রিকবিডি	2
এর	অথার	2
অথার	ছিলেন	2
জিবি	এমবির	2
এমবির	দাম	2
দাম	ভরপুর	2
ভরপুর	নেয়	2
করলে	জিপিতেই	2
জিপিতেই	সস্তায়	2
সস্তায়	এমবি	2
এমবি	লেয়া	2
লেয়া	যাইবো	2
রাইট	ভিপিএন	2
খুলতে	এন্ড	2
এন্ড	ইমেল	2
ইমেল	দিলেই	2
কিরণমালা	কি	2
ফাইভ	ওয়েবসাইট	2
ওয়েবসাইট	গুগল	2
গুগল	ইউজে	2
ইউজে	সাবমিট	2
এটার	কিছুই	2
করে	বোঝায়	2
বোঝায়	লিখেন	2
লিখেন	ভালো	2
এটা	করব	2
হ্যাক	আইডিতে	2
ডিসি	দেখেন	2
ভাবে	লিখছেন	2
থেকে	বিএনসি	2
বিএনসি	উইথড্র	2
উইথড্র	কেমনে	2
শুধু	বানের	2
বানের	জন্য	2
ব্রো	ওয়েবটার্নাল	2
ওয়েবটার্নাল	যদি	2
যদি	কানেক্টেড	2
কানেক্টেড	না	2
হয়	আনলিমিটেড	2
আনলিমিটেড	শেষ	2
তাইলে	ফাইল	2
ফাইল	আসবে	2
মজা	করা	2
আছে	আসে	2
আসে	বলে	2
বলে	আগেই	2
বলেছি	যারা	2
ফর	মোটিভেট	2
মোটিভেট	মি	2
করেন	লিংকে	2
লিংকে	গিয়ে	2
গিয়ে	কোথায়	2
গেলে	ডাইরেক	2
ডাইরেক	ডাউনলোড	2
কিভাবে	লোগো	2
লোগো	সেট	2
এ	রোড	2
রোড	দেখায়	2
অবশ্যই	অথর	2
এটার	প্যাচ	2
প্যাচ	অলরেডি	2
অলরেডি	টেনসেন্ড	2
টেনসেন্ড	এড	2
করছে	ব্যান্ড	2
ব্যান্ড	খাবেন	2
খাবেন	খুব	2
মেয়াদ	বেশি	2
কফি	ফর্ম	2
ফর্ম	মায়াজাল	2
লিংক	কেমনে	2
তো	পারি	2
আমাদের	ফ্রেন্ড	2
ফ্রেন্ড	মিলে	2
মিলে	চালায়	2
অন	ভাইয়া	2
দেরি	হলে	2
এই	টিউন	2
শেষে	কন্টাক্ট	2
কন্টাক্ট	ব্লগ	2
ব্লগ	লিঙ্ক	2
হবে	ফর্মে	2
ফর্মে	যোগাযোগ	2
যোগাযোগ	ফর্ম	2
ফর্ম	আরও	2
আরও	পাবেন	2
ফ্রি	ইমেইল	2
ইমেইল	তাহলে	2
আমি	পাব	2
পাব	বিকজ	2
বিকজ	ইমেইল	2
ইমেইল	বেশি	2
বেশি	চেক	2
বেশি	আসা	2
পার্সোনাল	লাইফে	2
লাইফে	একটু	2
বিজি	থাকি	2
সালাম	ভাই	2
আমাকে	অতর	2
অতর	হতে	2
আমি	ছয়টা	2
ছয়টা	পোস্ট	2
না	এডমিনরা	2
এডমিনরা	পোস্টগুলো	2
পোস্টগুলো	দেখছেই	2
দেখছেই	না	2
থ্যাংকস	জীবনে	2
জীবনে	সেকেন্ড	2
সেকেন্ড	ফ্রি	2
প্যাক	করে	2
কি	১দিনে	2
১দিনে	পাব	2
হলে	অফিসিয়াল	2
সবই	করছে	2
করছে	কসুই	2
কসুই	বাদ	2
বাদ	রাখি	2
তাও	ইউ	2
ইউ	ডিভাইস	2
ডিভাইস	হার্ডওয়ার	2
হার্ডওয়ার	কিছু	2
একটা	আস্তাসা	2
আস্তাসা	হেল্প	2
আছে	সিপিএ	2
মার্কেটিং	করা	2
নিলাম	আচ্ছা	2
আচ্ছা	পরে	2
হুম	অন্য	2
অন্য	ওয়েতে	2
ওয়েতে	কাজ	2
কাজ	শিখাব	2
হইছে	পোস্টটা	2
পোস্টটা	ভাইয়া	2
ইউটিউব	জেন	2
জেন	না	2
না	আছে	2
এই	রিকোয়েস্টটা	2
রিকোয়েস্টটা	রাইখেন	2
তো	দুইবার	2
দুইবার	নিয়ে	2
নিয়ে	ফেললাম	2
ফেললাম	অলরেডি	2
অ্যাপ	স্ক্যাম	2
মুভি	নাইস	2
ওয়ে	সব	2
সব	লিখার	2
লিখার	মধ্যে	2
মধ্যে	এমন	2
এমন	আন্ডারলাইন	2
আন্ডারলাইন	করলেন	2
আনলিমিটেড	বিদেশের	2
বিদেশের	নাম্বার	2
নাম্বার	নেওয়ার	2
ভাই	ব্রাউজিং	2
ব্রাউজিং	স্পিড	2
পাফিন	প্রো	2
কিছু	সুবিধা	2
আছে	ডেক্সটপ	2
ডেক্সটপ	মোডে	2
মোডে	আমি	2
ইউটিউব	চ্যানেলের	2
চ্যানেলের	ব্যানার	2
ব্যানার	আপডেট	2
দিতে	গেছিলাম	2
গেছিলাম	বাট	2
আপলোড	প্রবলেম	2
প্রবলেম	ক্যান	2
ক্যান	নট	2
নট	ফোন	2
ফোন	ডাইরেক্টেরি	2
ডাইরেক্টেরি	ফুললি	2
ফুললি	বাগি	2
আইসি	৭৮০৫	2
৭৮০৫	এটা	2
সবচেয়ে	কষ্ট	2
কষ্ট	এই	2
ভাই	এমটিকে	2
৬৫৮২	অ্যান্ড্রয়েড	2
এক্সপোজড	ভালো	2
ভালো	কারণ	2
কারণ	এক্সপোজ	2
এক্সপোজ	দের	2
অনেক	মডিউলস	2
মডিউলস	অ্যাভেইলেবল	2
ভাই	আলহামদুলিল্লাহ	2
পোস্টটি	পড়ুন	2
রিমুভ	দিন	2
তারপর	ইন্সটল	2
জানিয়ে	রাখি	2
রাখি	সাপোর্ট	2
টিম	এখন	2
এখন	কম	2
কম	একটিভ	2
থাকেন	সে	2
ক্ষেত্রে	রিপোর্ট	2
রিপোর্ট	ছাড়া	2
ছাড়া	যে	2
কম	করেন	2
সরি	সামথিং	2
এগেইন	৯৩৪	2
৯৩৪	এইটা	2
এইটা	আসতেছে	2
বারবার	সিন	2
সিন	আপ	2
সে	পৃথিবীর	2
পৃথিবীর	সর্বশ্রেষ্ঠ	2
সর্বশ্রেষ্ঠ	মানব	2
মানব	মহানবী	2
সাঃ	কে	2
অনেক	নোংরা	2
নোংরা	খারাপ	2
ভাষায়	গালি	2
গালি	দিয়েছে	2
পিকসার্ট	এর	2
ফুল	আনলফড	2
আনলফড	ভার্শন	2
টা	লেও	2
লেও	দিতে	2
ভাই	হেয়ার	2
ট্রান্সপ্লান্ট	কি	2
বুঝো	তুমি	2
তুমি	নাকি	2
বুঝেই	বলে	2
বলে	ফেললা	2
ফেললা	যদি	2
যদি	বুঝো	2
বুঝো	তাইলে	2
তাইলে	কও	2
কও	তো	2
তো	হেয়ার	2
ট্রান্সপ্লান্ট	কাকে	2
মাইইথার	অন্য	2
অন্য	জিনিসের	2
জিনিসের	সাইট	2
দেখেন	বুঝবেন	2
কিভাবে	কমেন্ট	2
হবে	পুরা	2
পুরা	কোড	2
এটা	অ্যাপের	2
অ্যাপের	সমস্যা	2
সমস্যা	এই	2
এই	পারমিশন	2
পারমিশন	অ্যাপ	2
এর	ম্যানিফেস্টে	2
ম্যানিফেস্টে	নাই	2
ফোনে	গ্র্যান্ট	2
গ্র্যান্ট	করছে	2
ভাই	টার্মমুক্স	2
টার্মমুক্স	শেখার	2
কোন	বই	2
বই	আছে	2
ট্রাই	বিফোর	2
বিফোর	ইউ	2
ইউ	বাই	2
বাই	উই	2
আর	সরি	2
ইট	সিমস	2
সিমস	ইউ	2
হ্যাভ	নেভার	2
নেভার	ইউজড	2
ইউজড	ইউর	2
ইউর	অ্যাকাউন্ট	2
অ্যাকাউন্ট	এমন	2
এমন	লেখা	2
আসছে	ওইখানে	2
ওইখানে	অ্যাকাউন্ট	2
খুলছি	৮	2
৮	সময়	2
সময়	হইছে	2
রিমুভ	তো	2
ওই	জায়গাটুকু	2
জায়গাটুকু	ব্লার	2
আমার	দের	2
এটা	আমরা	2
আমরা	করতে	2
না	এইসন	2
এইসন	এডমিন	2
এডমিন	এই	2
সিমপ্লেক্স	ভিপিএন	2
টেলিগ্রাম	আইডিতে	2
আইডিতে	অনেকদিন	2
থেকেই	চাইছি	2
চাইছি	ভাই	2
ভাই	পাইনি	2
ফ্রিডমে	একটা	2
খুলতে	টাকা	2
জানতাম	বলতে	2
বলতে	মনে	2
সব	ফিক্সড	2
ফিক্সড	দেখে	2
ব্লু	থ্যাংকস	2
ভাইয়া	এডিবি	2
এডিবি	কি	2
ডেভলপার	মোড	2
মোড	পাবেন	2
কোনভাবে	আইপি	2
যাভা	জন্য	2
কোন	ট্রিক্স	2
ট্রিক্স	নে	2
জাস্ট	একসেস	2
একসেস	পয়েন্ট	2
পয়েন্ট	এডিট	2
এডিট	কোন	2
হ্যাণ্ডলার	লাগবে	2
না	সার্ভারও	2
সার্ভারও	না	2
না	অপেরা	2
মিনি	অফিসিয়াল	2
আপনি	রেগুলার	2
ভিজিটর	না	2
তাই	দেখেন	2
আই৬৮	কিবে	2
কিবে	রুট	2
জিপি	সাথে	2
সাথে	২৫	2
স্টোরে	অ্যাপে	2
অ্যাপে	অনেকে	2
অনেকে	ফেক	2
ফেক	কমেন্টস	2
কমেন্টস	করছে	2
করছে	কেন	2
দিছেন	কাজ	2
ভালো	লংক	2
লংক	দেন	2
শব্দ	ফন্ট	2
এনআইডি	এন্ড	2
এন্ড	ব্যাংক	2
একটা	পেওনের	2
পেওনের	একাউন্ট	2
তবুও	কি	2
নিজের	না	2
ওয়েট	অ্যাপস্নান	2
অ্যাপস্নান	করে	2
ভাই	টুকটাক	2
টুকটাক	কাজ	2
কাজ	সারতে	2
সারতে	পারবেন	2
সব	সেন্সর	2
বলুন	তাইলে	2
ভালো	ভিপিএন	2
ভিপিএন	দেয়ার	2
জন্য	মানসিকতা	2
মানসিকতা	পেতাম	2
উচ্চারণের	ব্যবধানে	2
ব্যবধানে	এখানে	2
এখানে	মাসালমিনা	2
মাসালমিনা	দেওয়া	2
দেওয়া	হইছা	2
কে	এনালাইজার	2
এনালাইজার	এন্ড	2
এন্ড	এন্টিপ্সীট	2
এন্টিপ্সীট	এর	2
ডাউনলোড	পেইজেস	2
পেইজেস	আসেনা	2
আসেনা	ডাউনলোড	2
দেখায়	লিংকটা	2
ভাইয়া	যাবে	2
৪৯	কিভাবে	2
কিভাবে	পেলেন	2
বা	চলে	2
কি	চালাকি	2
চালাকি	করেন	2
এটাতে	দেখলাম	2
দেখলাম	এইচটিটিপি	2
টা	এম	2
ফেইসবুক	কমাচ্ছে	2
কমাচ্ছে	মানে	2
মানে	সোশ্যাল	2
ডাউনলোড	দিবেন	2
বাজে	ট্রিক্স	2
ট্রিক্স	আমি	2
লিনাক্স	চালাই	2
চালাই	এন্ড	2
হ্যাক	কোন	2
ধরনের	আইসো	2
আইসো	ফাইল	2
আমি	দিনের	2
মধ্যে	ইনশাল্লাহ	2
ইনশাল্লাহ	পোস্ট	2
তবে	লিখে	2
আমাদের	সাইটের	2
সাইটের	রেজিস্টার্ড	2
রেজিস্টার্ড	করা	2
না	ফর্মটা	2
ফর্মটা	পূরণ	2
পূরণ	করুন	2
কিছুদিন	ওয়েট	2
হেল্প	চাইলে	2
চাইলে	কি	2
কি	তোমাদের	2
তোমাদের	দাম	2
নো	ব্লুটুথ	2
ডিভাইস	ওয়াজ	2
ওয়াজ	ডিটেকটেড	2
ডিটেকটেড	প্লিজ	2
মেক	সিওর	2
সিওর	দ্যাট	2
দ্যাট	ইউ	2
ইউ	ব্লুটুথ	2
ডিভাইস	ইজ	2
ইজ	প্লাগড	2
প্লাগড	প্রপারলি	2
প্রপারলি	ইন	2
ইন	অর্ডার	2
অর্ডার	কন্টিনিউ	2
কন্টিনিউ	ইনস্টলেশন	2
ইনস্টলেশন	ব্লুটুথ	2
ব্লুটুথ	সফটওয়্যার	2
লেখাটা	আসে	2
ভাই	ইনসাফিশিয়ান	2
ইনসাফিশিয়ান	দেখায়	2
আমার	মাত্র	2
টাইপের	একটা	2
ভাই	ভার্জেন	2
ভার্জেন	৬	2
৬	পয়েন্ট	2
পয়েন্ট	এটা	2
শুধু	শো	2
নাকি	কাজও	2
কাজও	করবে	2
আপ	দিব	2
দিব	বুঝলাম	2
দুইদিন	তে	2
এসে	খুব	2
খুব	পোস্ট	2
পোস্ট	মরতেন	2
মরতেন	তা	2
আছে	রিয়েলি	2
রিয়েলি	আ	2
আ	আবাল	2
মি	ডোমেইন	2
হা	ট্রিকবিডি	2
এর	অথরদের	2
অথরদের	মূল্য	2
মূল্য	দিতে	2
দিতে	জানে	2
এটার	নাকি	2
আবার	লাইসেন্স	2
লাইসেন্স	লাগে	2
লাগে	লাইসেন্স	2
লাইসেন্স	পাবো	2
জে২	প্লিজ	2
প্লিজ	কাস্টম	2
আর	এসডিকে	2
এসডিকে	চেঞ্জ	2
নাকি	কাস্টম	2
কিভাবে	৩	2
বা	চার	2
র‍্যাম	বাড়ালে	2
এখনো	২০	2
জিবি	রোম	2
রোম	ফাকা	2
ফাকা	আছে	2
তোর	সাথে	2
সাথে	সিএইচএলজি	2
সিএইচএলজি	ও	2
ইজি	নেটের	2
নেটের	মত	2
নেট	আসতে	2
আসতে	আরো	2
হয়	ততদিনে	2
ততদিনে	ড্রয়ড	2
ড্রয়ড	ভিপিএন	2
ভিপিএন	চালাতে	2
হবে	নাঈম	2
নাঈম	আমার	2
মামা	ভাল	2
খুলে	দিন	2
অ্যাকাউন্ট	দিন	2
হ্যাক	হবার	2
ফ্রি	মাইন্ডে	2
মাইন্ডে	চালাতে	2
ভাই	খুলনাতে	2
খুলনাতে	এই	2
এই	দোকান	2
দোকান	কোথায়	2
ঠিক	হোক	2
তারপর	দিচ্ছি	2
কি	ট্রিক	2
ট্রিক	মি	2
অনলি	আইএমজি	2
আইএমজি	ফাইল	2
আই	পেয়ে	2
পেয়ে	এখন	2
আইডি	পাইসি	2
ইউটিউব	ইস	2
দা	ফসেস্ট	2
ফসেস্ট	বেস্ট	2
বেস্ট	ইউটিউব	2
এটা	শব্দ	2
শব্দ	আবালরা	2
আবালরা	পাবে	2
নাই	পার্সোনালি	2
পার্সোনালি	এডমিন	2
ভাইয়া	মাদ্রাসার	2
মাদ্রাসার	ক্লাস	2
ক্লাস	৯ম	2
৯ম	অ্যানসার	2
অ্যানসার	শীট	2
শীট	পাওয়া	2
যাবে	কবে	2
দিলে	আপডেট	2
প্লিজ	লোডিং	2
কিন্তু	সরি	2
সরি	আমাকে	2
এডমিন	টিউনার	2
টিউনার	করলে	2
পোস্টটা	করবো	2
করলে	নাই	2
মারট	দিয়ে	2
না	দেয়ার	2
ওয়াজ	আ	2
আ	প্রবলেম	2
প্রবলেম	পারসিং	2
পারসিং	দা	2
দা	প্যাকেজ	2
প্যাকেজ	এই	2
লেখা	দেখাচ্ছে	2
আপনারা	এখনো	2
এখনো	বুঝতে	2
বুঝতে	পারোনি	2
পারোনি	এই	2
আমাদেরকে	দর্শক	2
দর্শক	হিসেবে	2
হিসেবে	থুইছে	2
থুইছে	আর	2
সাথে	ঘুষখোর	2
ঘুষখোর	সাইটেই	2
সাইটেই	সাইটে	2
সাইটে	এখনো	2
এখনো	আছেন	2
আছেন	আপনারা	2
আপনারা	বিদায়	2
বিদায়	নিলে	2
নিলে	নেন	2
হলে	ডাকুন	2
ডাকুন	আমি	2
আমি	বাইদাই	2
ভাইয়া	লিংকটার	2
লিংকটার	কাটা	2
কাটা	প্রবলেম	2
প্রবলেম	হইছে	2
নিউ	মেসেজার	2
মেসেজার	ইউজ	2
পর	আইলা	2
আইলা	ভাইয়া	2
দেখি	থ্যাঙ্কস	2
আপনি	কয়জনের	2
কয়জনের	জায়গা	2
করে	নিছেন	2
টেলিগ্রামে	আপডেট	2
পাবেন	রেগুলার	2
রেগুলার	তো	2
একই	টপিক	2
টপিক	পোস্ট	2
খুলতে	৭	2
বাট	ডিএলএস	2
ডিএলএস	১৮	2
১৮	লাকি	2
ব্রো	ঐ	2
যাবে	ফন্ট	2
ফন্ট	নেম	2
নেম	রাজন	2
রাজন	শৈলী	2
এসসিআর	দেয়া	2
আপনি	সহজেই	2
সহজেই	স্ক্রিন	2
স্ক্রিন	ভিডিও	2
ভিডিও	করতে	2
আপনিতো	পোস্টটা	2
পোস্টটা	পড়েননি	2
পড়েননি	তাহলে	2
বুঝবেন	কি	2
লিঙ্ক	চাচ্ছেন	2
চাচ্ছেন	এফবি	2
সিম্ফনি	ভি১৩০	2
ভি১৩০	ফোনে	2
ফোনে	লঞ্চার	2
লঞ্চার	এড	2
ব্রো	মেয়াদ	2
মেয়াদ	১দিন	2
১দিন	মাত্র	2
উইকিপিডিয়া	আমার	2
দেখায়	আমি	2
পাইনি	এখনো	2
মামা	হইছে	2
হইছে	ডেয়ারিং	2
ডেয়ারিং	কাজ	2
ভাই	অলক	2
অলক	কত	2
কত	ডায়মন	2
ডায়মন	লাগে	2
এনোনি	টুন	2
টুন	এ	2
পরিমাণ	গুগল	2
উইকিবিয়েন	কি	2
মানে	ওয়াইফাই	2
কানেক্ট	কিভাবে	2
কোন	ওয়্যার	2
ওয়্যার	না	2
না	লাগাইয়া	2
আর	পালু	2
পালু	নাই	2
তবে	৪	2
টাকায়	এখন	2
এখন	২৫০	2
হুম	করতে	2
এখন	মানুষ	2
মানুষ	যেটা	2
করবে	যাদের	2
যাদের	সার্ভিস	2
সার্ভিস	ভালো	2
ভালো	তাদের	2
তাদের	তেকেই	2
তেকেই	নিবে	2
ম	ভাই	2
তুমি	রিপোর্ট	2
দিতে	চাচ্ছিলাম	2
চাচ্ছিলাম	যে	2
যে	উইজবিডি	2
উইজবিডি	ভাই	2
আমাকে	অফার	2
অফার	বানানোর	2
বানানোর	চেষ্টা	2
ইমেইল	পাবলিকলি	2
পাবলিকলি	দেয়া	2
পসিবল	এ	2
হেল্পস	মি	2
মি	এডসেন্স	2
একাউন্ট	অ্যাপপ্রুভড	2
অ্যাপপ্রুভড	করতেছে	2
আমাদের	গ্রামে	2
গ্রামে	সবার	2
সবার	ডিসকানেক্ট	2
ডিসকানেক্ট	হইছে	2
আপনে	আমাকে	2
আমাকে	অক্সিজেন	2
ওএস	কার্নেল	2
দিতেন	যদি	2
কত	লিড	2
লিড	কয়েন	2
হলে	উইদ্র	2
উইদ্র	নিতে	2
শালার	পাছায়	2
লাথি	মারা	2
উচিত	ইউজার	2
দেখে	এদেরকে	2
এদেরকে	ব্লক	2
হোসেনাবাদ	কোন	2
কোন	ভিলেজে	2
ভিলেজে	থাকেন	2
নেই	বন্ধ	2
ভাই	লেখায়	2
লেখায়	লিংক	2
প্লিজ	ওয়ার্ডপ্রেস	2
ওয়ার্ডপ্রেস	শুরু	2
শুরু	মানে	2
মানে	রেজিস্টার	2
রেজিস্টার	থেকে	2
থেকে	এফটিপি	2
এফটিপি	হোস্ট	2
হোস্ট	এন্ড	2
এন্ড	চেঞ্জ	2
চেঞ্জ	পর্যন্ত	2
কোড	কার	2
দারুন	দেখে	2
হচ্ছে	নিজের	2
মত	আরো	2
আরো	কাস্টমাইজ	2
সো	একবার	2
একবার	তো	2
তো	চালাইতেই	2
চালাইতেই	হয়	2
হয়	আচ্ছা	2
আচ্ছা	চার্জ	2
চার্জ	কি	2
নাইস	নিউ	2
অথর	কংগ্রাচুলেশন্স	2
আপনার	চ্যানেলে	2
চ্যানেলে	হয়	2
বলেন	ওয়াইফাই	2
পোস্টে	লিখলে	2
লিখলে	হয়তো	2
হয়তো	বুঝবেন	2
না	সবচেয়ে	2
পাইলে	লিংক	2
কিনা	করা	2
থাকলে	৩জি	2
৩জি	করুন	2
সমায়বিডি	লিঙ্ক	2
নিউ	শেয়ার	2
যা	সকল	2
সকল	সিমে	2
চলবে	নতুন	2
নতুন	পুরো	2
পুরো	সব	2
যদি	অনুমতি	2
দেন	নইলে	2
নইলে	পরে	2
পরে	বলবেন	2
বলবেন	কপি	2
হইছে	৫টা	2
৫টা	কমেন্ট	2
আপনার	ব্রাউজারে	2
ব্রাউজারে	সমস্যা	2
অন্য	কারোর	2
কারোর	তো	2
ব্রো	চোখ	2
চোখ	করলাম	2
এগেইন	থ্যাঙ্ক	2
ডি৮এস	কোনভাবেই	2
কোনভাবেই	রুট	2
পারব	প্লিজ	2
তারপর	কোথায়	2
পাবো	ওই	2
ওই	অ্যাড্রেস	2
পোস্ট	দেখায়	2
দেখায়	ছিলাম	2
ছিলাম	সে	2
সে	হাসতে	2
হাসতে	দেন	2
কাছেও	খুব	2
খারাপ	লাগছিল	2
লাগছিল	আজকে	2
আজকে	তার	2
তার	মোবাইলটা	2
মোবাইলটা	তার	2
থেকে	পড়ে	2
পড়ে	নষ্ট	2
গেছে	মোবাইল	2
মোবাইল	কোম্পানি	2
নাম	বলা	2
আমাকে	৫লাখ	2
৫লাখ	কয়েন	2
কয়েন	শেয়ার	2
তাই	ওয়াও	2
ভাই	রিমিক্সে	2
রিমিক্সে	পাবজি	2
পাবজি	চলে	2
দিয়া	দিছেন	2
দিছেন	আর	2
আর	দুই	2
দুই	জিবি	2
পাবজি	কি	2
ও	চলবো	2
চলবো	না	2
হ্যাঁ	সকালে	2
সকালে	অফ	2
এগিয়ে	তিন	2
গোল্ড	লিখে	2
প্রবলেম	যার	2
বেশি	আসে	2
আসে	দুইটা	2
দুইটা	এন্ড	2
এন্ড	ক্রস	2
নেন	তাহলেই	2
কোন	প্যারা	2
প্যারা	নাই	2
বলেছে	নোকিয়া	2
অন্য	ফোনে	2
এইটা	অনেকদিন	2
অনেকদিন	খুঁজছি	2
খুঁজছি	কিন্তু	2
বাংলালিংকে	ফেসবুক	2
আসো	তোমার	2
তোমার	গালে	2
গালে	একটা	2
একটা	চুম্মা	2
চুম্মা	দেই	2
দেই	এত	2
ভাই	ওইসব	2
ওইসব	ফাউল	2
ফাউল	ঠিক	2
ঠিক	বাদ	2
দেন	ওসব	2
ওসব	ট্রিকসাইটে	2
ট্রিকসাইটে	পোস্ট	2
হলে	অপারেটররা	2
অপারেটররা	ব্যান্ড	2
দেয়	এমনটা	2
এমনটা	হয়েছে	2
ওসব	এরোর	2
এটা	মান্থলি	2
মান্থলি	পেমেন্ট	2
পেমেন্ট	অ্যাপ	2
পাবে	ব্রো	2
হাহাহা	ক্লাশ	2
অফ	ক্ল্যান	2
এর	নেশা	2
নেশা	সারাতে	2
সারাতে	এই	2
খেলা	হাজার	2
হাজার	ভালো	2
মিনিট	স্কুল	2
স্কুল	অফিশিয়াল	2
হয়	ডেইলি	2
লাগবে	কোরসেরা	2
কোরসেরা	টা	2
ফাইল	ভালো	2
একবার	পাওয়া	2
একটা	এক্সাম	2
এক্সাম	লাল	2
লাল	দেন	2
ফলোয়ার	পাইছেন	2
পাইছেন	এই	2
সবচেয়ে	চার	2
পেপাল	টু	2
টু	বিকাশ	2
বিকাশ	নেওয়ার	2
কোন	ট্রাস্টেড	2
আর	পেপালে	2
পেপালে	ডলার	2
ডলার	ট্রান্সফার	2
ট্রান্সফার	চার্জ	2
কিনা	বলেন	2
আর	থাকলে	2
থাকলে	কত	2
আসবে	জাস্ট	2
ব্রো	দেখলাম	2
ওটা	অন্য	2
দিয়ে	আবি	2
আবি	মিউজিক	2
এটা	অডিও	2
অডিও	ভার্শন	2
ভার্শন	অ্যাপ	2
এটার	কাক	2
কাক	পড়াই	2
পড়াই	অন্যরকম	2
কত	মোবাইল	2
রিচার্জ	করব	2
ভাই	খুঁইজা	2
খুঁইজা	নিতে	2
আপডেট	চালাচ্ছেন	2
জব	আমিও	2
আমিও	করি	2
কিছু	কনটেন্স	2
কনটেন্স	প্রেজেন্ট	2
প্রেজেন্ট	করতে	2
পারব	আপনাদের	2
কি	ফাইজলামি	2
ফাইজলামি	করতে	2
করতে	আইসি	2
আইসি	আমি	2
নাম	দিয়া	2
দিয়া	চালায়	2
চালায়	দেব	2
দেব	এ	2
ট্রিকবিডিতে	যে	2
গুলা	শেয়ার	2
সব	ফ্রিতে	2
ফ্রিতে	করি	2
আর	তোমাকে	2
আর	বলব	2
বলব	তুমি	2
এখনো	ট্রিকবিডিতে	2
ট্রিকবিডিতে	কথার	2
কথার	ও	2
আবার	কমেন্টে	2
কমেন্টে	ব্যাটা	2
ব্যাটা	গিরি	2
তো	হইছে	2
মোবাইল	নাম্বারটা	2
যেহেতু	এটা	2
এটা	আপডেটেড	2
আপডেটেড	ভার্সন	2
অবশ্যই	কোন	2
কিছু	বেটার	2
বেটার	করা	2
অ্যান্ড্রয়েড	দিয়েও	2
দিয়েও	হবে	2
ওটিপি	পাস	2
পাস	কিভাবে	2
দিব	প্লিজ	2
তো	এপিকে	2
এপিকে	পাওয়া	2
জাস্ট	গেম	2
গেম	পারচেজ	2
না	ফ্রিতেই	2
ফ্রিতেই	ডাউনলোড	2
পারবেন	ইনস্টলেশনের	2
ইনস্টলেশনের	ঝামেলাও	2
ঝামেলাও	নাই	2
নাই	সেইফ	2
কার	স্পিড	2
টিউনটা	ভালো	2
এন্ড্রয়েড	এটা	2
হাই	আমাকে	2
ঢাকা	শহরে	2
শহরে	এসব	2
এসব	খুব	2
করলেন	সব	2
সব	মডেল	2
মডেল	হবে	2
হবে	সু	2
সু	বাইনারি	2
বাইনারি	ফাইল	2
না	মানুষকে	2
মানুষকে	এত	2
এত	পেইন	2
পেইন	দেন	2
কেন	জানেন	2
না	মন্ত্র	2
মন্ত্র	পড়া	2
পড়া	দেন	2
কেন	তুলোর	2
তুলোর	গাড়ায়	2
গাড়ায়	হাত	2
প্লিজ	এক্সচেঞ্জ	2
এক্সচেঞ্জ	কিভাবে	2
করব	ফুল	2
জেড	ডিটেলস	2
ডিটেলস	দিয়ে	2
আমার	ফার্মওয়্যার	2
আপনি	ডোমেইন	2
ডোমেইন	বুঝেন	2
আমায়	আমার	2
আমার	গাজেন	2
গাজেন	আপনাদের	2
করতে	কায়	2
ব্যাক	করলে	2
প্রথম	পেজে	2
পেজে	নিয়ে	2
আবার	ঢকতে	2
ঢকতে	গেলে	2
আবার	নিয়ে	2
নিজে	বানাসি	2
মিনিট	কাটে	2
স্লিপ	হারায়	2
সং	৪জি	2
৪জি	মাদারকোড	2
করে	ওয়েবসাইটে	2
ওয়েবসাইটে	যাব	2
কেন	এখানে	2
করলেই	পাব	2
অনেক	খেলছি	2
খেলছি	গেমটা	2
গেমটা	খুব	2
মজার	তাও	2
ফোনে	প্লে	2
স্টোর	গেম	2
গেম	ছাড়া	2
ছাড়া	ইন্সটল	2
করলে	প্রসেসিং	2
প্রসেসিং	প্রবলেম	2
প্রবলেম	এন্ড	2
এন্ড	এরর	2
এরর	এটা	2
হাম	গুড	2
ব্রো	দারুন	2
দারুন	একটি	2
আমি	প্রত্যেকদিন	2
প্রত্যেকদিন	কমপক্ষে	2
কমপক্ষে	একটা	2
ব্রাদার	ট্রিকবিডি	2
ট্রিকবিডি	ভার্শন	2
ভার্শন	হোম	2
পেজে	যাব	2
যাব	কি	2
ভাই	সিটি	2
সিটি	গেমের	2
গেমের	একটা	2
মোড	বাট	2
বাট	ওকে	2
কেউ	অথার	2
বাট	পারিনা	2
পারিনা	ইউজার	2
হা	নেক্সট	2
নেক্সট	পোষ্টের	2
মোবাইল	টাকা	2
কেটে	নেয়া	2
নেয়া	হবে	2
রিপ্লে	করুন	2
এই	জ্যাক	2
জ্যাক	করার	2
ওই	ভিকটিমের	2
ভিকটিমের	ক্যামেরাটা	2
ক্যামেরাটা	আবার	2
মতো	অফ	2
ওএমজি	সেইম	2
সেইম	নেইম	2
নেইম	ইউজার	2
পাইছিলাম	এখন	2
এখন	পেলাম	2
খুব	মারাত্মক	2
মারাত্মক	মিল	2
উইন্ডোজ	ইউজ	2
করতেছেন	সেটাও	2
সেটাও	কিন্তু	2
কিন্তু	ক্র্যাক	2
ক্র্যাক	প্রো	2
প্রো	ইউজার	2
ইউজার	বাদে	2
আন	ব্যান্ড	2
ব্যান্ড	করার	2
উপায়	আছ	2
১	খাটতে	2
খাটতে	হবে	2
যা	ধৈর্যের	2
ধৈর্যের	বাইরে	2
বাইরে	তারপর	2
তারপর	কতদিন	2
উইক	হতে	2
১	মানত	2
মানত	তো	2
মাইন	বট	2
আপনার	মনোভাব	2
মনোভাব	খুব	2
ভাই	২১টা	2
২১টা	পোস্ট	2
করে	আপনাদের	2
দেওয়ার	সযোগ	2
সযোগ	দেন	2
আমাকে	অধর	2
অধর	করেন	2
অ্যাপস	অটো	2
হয়েছে	সেট	2
সেট	হ্যাং	2
হ্যাং	হয়	2
হয়	এয়ারপ্লেন	2
এয়ারপ্লেন	এন্ড	2
এন্ড	নিউজ	2
নিউজ	নেম	2
নেম	ডিলিট	2
আসে	রিস্টার্ট	2
দিলে	সেট	2
সেট	ওপেন	2
অটোমেটিক	দুইটা	2
এর	মামারা	2
মামারা	প্লিজ	2
কর	খুব	2
কি	বোঝাতে	2
বোঝাতে	চাইলেন	2
চাইলেন	আপনি	2
বলছেন	এন্ড	2
এন্ড	হল	2
আমার	বেটের	2
বেটের	পরিমাণ	2
পরিমাণ	ঠিক	2
১	বেট	2
বেট	করি	2
তাইলে	আবার	2
আবার	২	2
২	সাতোশি	2
সাতোশি	বের	2
বের	এভাবে	2
বেশি	সাতোশি	2
সাতোশি	লাগবে	2
নানা	ভাই	2
মত	ব্লগার	2
ব্লগার	হওয়ার	2
হওয়ার	আমার	2
খুব	ইচ্সা	2
ইচ্সা	বাট	2
আমি	প্রোগ্রামে	2
প্রোগ্রামে	কিসুই	2
কিসুই	পারি	2
না	ফিলিং	2
ফিলিং	স্যাড	2
কেমন	ঝামেলা	2
সব	করতে	2
নাইস	থ্যাঙ্কস	2
করছি	ডাইকেন	2
অন্যভাবে	করি	2
রেফার	হিস্টরিতে	2
হিস্টরিতে	গিয়ে	2
পাশে	ব্লাক	2
ব্লাক	আইকন	2
আইকন	উঠে	2
উঠে	রয়ছে	2
রয়ছে	মানে	2
মানে	একাউন্ট	2
একাউন্ট	এখনো	2
এখনো	ভেরিফাইড	2
নাই	ইস	2
ইস	বিিং	2
বিিং	প্রসিডে	2
প্রসিডে	রয়ছে	2
রয়ছে	এসি	2
এসি	ভেরিফাইড	2
ভেরিফাইড	হতে	2
কেন	ডেইলি	2
একবার	নিলে	2
নিলে	আবার	2
আবার	কয়দিন	2
আবার	নেওয়া	2
এটা	কিনতে	2
চাই	দোয়া	2
দোয়া	করিয়েন	2
ভাই	কার্ড	2
বিকাশ	দুইটা	2
দুইটা	করবে	2
তাদের	এজেন্টের	2
এজেন্টের	সাথে	2
বলে	কনফার্ম	2
কনফার্ম	হয়ছি	2
ডান	টিজি	2
টিজি	এড	2
জন্য	ওয়ালটন	2
প্রিমো	এন১	2
এন১	এমটিক	2
এমটিক	৬৫৮৯	2
৬৫৮৯	এ	2
ভার্সন	রোম	2
করতে	পারবেনে	2
পারবেনে	বা	2
ভার্সন	করার	2
জন্য	ক্র্যাক	2
ক্র্যাক	করতে	2
হয়	অর	2
দিয়ে	কিতে	2
কিতে	হয়	2
ইউটিউব	ধরাও	2
ধরাও	তো	2
তো	খেলাম	2
খেলাম	আমার	2
চ্যানেলে	মাত্র	2
মাত্র	সাবস্ক্রাইবার	2
সাবস্ক্রাইবার	আমার	2
চ্যানেলটা	আর্নিং	2
আর্নিং	রিলেটেড	2
রিলেটেড	আচ্ছা	2
কি	অসুবিধা	2
ওয়াও	ভালো	2
আমার	নাম্বারে	2
পাইছি	রা	2
রা	ডায়না	2
ডায়না	এটা	2
বাট	ফ্রিজে	2
ফ্রিজে	সার্ভার	2
সার্ভার	দিচ্ছে	2
দিচ্ছে	সেগুলো	2
সেগুলো	খুবই	2
খুবই	জোস	2
এয়ারটেল	ও	2
ও	রবিন	2
রবিন	তে	2
নামানোর	ট্রিক্স	2
এই	ফটোটা	2
ফটোটা	আপনি	2
নিন	এটা	2
হলো	ফুল	2
ফুল	ফটো	2
কানেক্ট	করছে	2
করছে	এ	2
নেট	চালিয়ে	2
চালিয়ে	দেখেছি	2
দেখেছি	এ	2
দেখছি	হায়	2
হায়	নি	2
নি	এমবি	2
হচ্ছে	নয়তো	2
নয়তো	না	2
ভাই	এফবিতেই	2
এফবিতেই	ইনবক্স	2
আমি	প্রিমিয়াম	2
করতেছি	আনলিমিটেড	2
আনলিমিটেড	ব্যান্ডউইথ	2
ব্যান্ডউইথ	বাট	2
মাঝে	ডিসকানেক্ট	2
হয়	ব্রাউজিং	2
ব্রাউজিং	এর	2
জন্য	পারফেক্ট	2
পারফেক্ট	আদারোয়াইজ	2
আদারোয়াইজ	নো	2
প্রবলেম	থ্যাংক	2
ফর	ডিস	2
ডিস	ট্রিক	2
ট্রিক	গো	2
গো	অন	2
আপনার	পোস্টটি	2
পোস্টটি	দেখাচ্ছি	2
দেখাচ্ছি	আপনার	2
একাউন্ট	আইডি	2
এখান	থেম	2
থেম	নেটফ্লিক্স	2
কিভাবে	পাভ	2
রাতে	ছাড়া	2
ছাড়া	পিসি	2
পিসি	অপারেট	2
অপারেট	সম্ভব	2
দিচ্ছি	অফিসে	2
অফিসে	ওপেন	2
করলে	আপডেট	2
আবুল	দুই	2
বাংলাটা	নাই	2
ভাই	মডিফাই	2
মডিফাই	করলে	2
হবে	আন	2
আন	বেশি	2
খুঁজেছি	গুগল	2
অনেক	সাইটে	2
যায়	এইবার	2
এইবার	থেকে	2
থেকেই	তাহলে	2
ট্রিকবিডিতে	স্ক্রিনশট	2
কেন	এরোর	2
এরোর	আছে	2
আছে	কারণ	2
পোস্ট	সামনের	2
দিকে	আগায়া	2
আগায়া	যান	2
ভাই	চিকেন	2
আমার	বার্থ	2
সার্টিফিকেটে	ভুল	2
অন্য	জেলা	2
চাচ্ছি	আমার	2
আমার	জেলা	2
থেকে	করব	2
তাইলে	নিউ	2
নিউ	করলে	2
নাকি	আগেরটাই	2
আগেরটাই	কারেকশন	2
কারেকশন	করব	2
মিলিশিয়া	২	2
২	বাদে	2
অন্য	হ্যাকিং	2
হ্যাকিং	সার্ভার	2
সার্ভার	দেন	2
দেন	লাইট	2
লাইট	আনলিমিটেড	2
আনলিমিটেড	হেলথ	2
হেলথ	দেওয়ালের	2
দেওয়ালের	ভিতর	2
যায়	দেয়ালের	2
দেয়ালের	ভিতর	2
দিয়ে	গুলি	2
গুলি	মারা	2
তো	বিক্রি	2
যে	কিনছে	2
কিনছে	যে	2
খুলে	ভালো	2
করব	স্ক্রিনশট	2
এড	করলেও	2
করলেও	দেখা	2
পাইছি	তাও	2
দিন	ডায়াল	2
এটা	লোকেশন	2
কি	ম্যাপে	2
ম্যাপে	দেখা	2
লেখা	থাকবে	2
ওবক্স	থেকে	2
নিলে	আরো	2
রিস্টার্ট	দিয়ে	2
এটা	মিইউয়াই	2
মিইউয়াই	এ	2
টেস্ট	করছি	2
ভাই	বুঝলেন	2
না	মূলত	2
করবেন	তারপর	2
তারপর	অ্যাংরি	2
পাবেন	ওইগুলোতে	2
ওইগুলোতে	ঢুকে	2
হবে	সিওর	2
আমি	১০৮০পি	2
১০৮০পি	ভার্শনটা	2
ভার্শনটা	ডাউনলোড	2
আমার	ডুয়েল	2
ডুয়েল	অডিও	2
অডিও	দরকার	2
নাই	অনলি	2
অনলি	ইংলিশ	2
ইংলিশ	হলেই	2
চলবে	তাইলে	2
কি	এক্সট্রাস	2
১০৮০পি	ডাউন	2
ডাউন	দিব	2
আর	এক্সট্রাস	2
১০৮০পি	কি	2
কি	ব্লু	2
আমি	ব্লুরে	2
ব্লুরে	দেখব	2
দেখব	টিভিতে	2
টিভিতে	মোবাইলের	2
মোবাইলের	সাথে	2
কোনটা	আমার	2
আমার	ডাউন	2
ডাউন	দিলে	2
ইনবক্স	দেখলেই	2
যায়	পারে	2
কিনা	আ	2
আ	নিউ	2
হয়েছে	মাথা	2
সবাই	পারেনা	2
রুট	কইরা	2
কইরা	ফোন	2
ফোন	খামু	2
খামু	নাকি	2
মেয়াদ	কেমনে	2
কেমনে	বাড়ায়	2
থাকতেই	জানার	2
জানার	বাইরে	2
কিছুই	কি	2
দেখে	বুঝতেছেন	2
এখনো	অনেকে	2
এনআইডি	কার্ডের	2
কার্ডের	নেম	2
চেঞ্জ	রিভিউ	2
রিভিউ	হইতে	2
হইতে	কতদিন	2
লাগে	২	2
২	মানত	2
মানত	হচ্ছে	2
হচ্ছে	এখনো	2
পেন্ডিং	রেখে	2
রেখে	দিছে	2
কি	ভিডমেট	2
শুধু	অডিও	2
অডিও	ভিডিও	2
ভিডিও	হবেনা	2
জায়গায়	খুজলাম	2
খুজলাম	ব্রো	2
পোষ্টের	কনটেন্ট	2
কনটেন্ট	এর	2
কোথাও	এই	2
এই	গেমসের	2
গেমসের	ইভেন্ট	2
ইভেন্ট	নেই	2
ইউ	বুজ	2
একটা	প্রাইভেসি	2
জন্য	করতে	2
পারছিনা	পাবেন	2
পাবেন	কিছুদিন	2
করেছি	দয়া	2
কথার	করুন	2
আবালের	দল	2
যেই	পোস্টে	2
পোস্টে	ঢুকি	2
ঢুকি	সেখানেই	2
সেখানেই	দেখে	2
দেখে	এই	2
মাথায়	চান্দি	2
চান্দি	গরম	2
যাচ্ছে	আরে	2
আরে	থাম	2
থাম	মিয়া	2
হবে	সার্ভারে	2
সার্ভারে	মাঝে	2
মাঝে	প্রব	2
প্রব	করে	2
ডি৮এস	এর	2
টিডব্লিউআরপি	দেবেন	2
আমার	জরুরী	2
জরুরী	লাগবে	2
খুশি	কিন্তু	2
প্লিজ	টিডব্লিউআরপি	2
টিডব্লিউআরপি	পাওয়ার	2
আইডি	ওর	2
টাকা	লাগবো	2
হুমমমমমম	একদম	2
একদম	অমায়িক	2
মিয়া	রেজিস্ট্রেশনই	2
রেজিস্ট্রেশনই	হয়না	2
বটের	সাহায্যেও	2
সাহায্যেও	করা	2
তাই	দেখলাম	2
ব্রো	কয়েকটা	2
বেশি	ক্ষতি	2
এখন	পপুলার	2
পপুলার	নয়	2
তো	এখানে	2
ইন্টারনেটের	কথা	2
বলছিলাম	ওইটা	2
ওইটা	এমন	2
এমন	স্পিডে	2
স্পিডে	হয়	2
ওয়াইফাই	ইস্যুটা	2
ইস্যুটা	বুঝলাম	2
হলে	করবেন	2
হ্যাঁ	গুড	2
গুড	ডিসিশন	2
এইসব	আগেই	2
বাট	৩জি	2
৩জি	এর	2
অভাবে	কিছু	2
এটা	কারা	2
কারা	ইয়ার্ডেক্স	2
ইয়ার্ডেক্স	৭৫৩	2
৭৫৩	হানলার	2
হানলার	দিয়েও	2
দিয়েও	ফ্রী	2
ফ্রী	চালানো	2
সেটাই	লেখা	2
লেখা	পড়ে	2
পড়ে	বুঝলাম	2
বুঝলাম	নিজের	2
নিজের	ভাষাতেই	2
ভাষাতেই	লিখেছেন	2
তাই	কমেন্টটা	2
কমেন্টটা	পজিটিভই	2
পজিটিভই	ছিল	2
ওয়েট	ব্রাদার	2
বুঝব	আমার	2
ফোনে	আইআর	2
ফটো	দেন	2
ফোন	আইটেক্স	2
আইটেক্স	একুয়া	2
একুয়া	লাইফ	2
লাইফ	৩	2
হুম	সেট	2
সেট	একবার	2
একবার	অফ	2
না	ওয়াইপ	2
ওয়াইপ	ডাটা	2
ডাটা	রিসেট	2
হয়	এনি	2
জাভা	স্ক্রিট	2
স্ক্রিট	বানানো	2
বাট	অন্যের	2
অন্যের	জাভাস্ক্রিপ্ট	2
জাভাস্ক্রিপ্ট	নিজের	2
নামে	বানিয়ে	2
বানিয়ে	ছাড়িয়ে	2
ছাড়িয়ে	দেয়ারও	2
দেয়ারও	সহজ	2
যখন	পাঠালাম	2
পাঠালাম	তখন	2
তো	ইনবক্স	2
ইনবক্স	প‍্যাম	2
প‍্যাম	২টাই	2
২টাই	গেছে	2
নাই	খুব	2
স্লো	কেবি	2
করি	সফল	2
সফল	পাব	2
পড়েন	আনইন্সটল	2
না	সেইফ	2
সেইফ	মোড	2
মোড	রিপোর্ট	2
রিপোর্ট	দিলে	2
অ্যাপ	ডিজেবল	2
যাবে	হাইড	2
জেএস	দেখতে	2
পারলে	ওয়েব	2
ডিজাইনিং	কেন	2
না	এইচটিএমএল	2
পিএইচপি	এএসপি	2
এএসপি	এক্সএমএল	2
এক্সএমএল	পাইথন	2
পাইথন	যাওয়া	2
যাওয়া	পিএইচপিমিএডমিন	2
পিএইচপিমিএডমিন	ফায়ারবেস	2
ফায়ারবেস	নিয়েই	2
নিয়েই	তো	2
ডিজাইনিং	নাকি	2
ফেসবুকের	একটা	2
একটা	কিউএ	2
কিউএ	দেখলাম	2
দেখলাম	ওরা	2
ওরা	এন্সে	2
এন্সে	বলতেছে	2
বলতেছে	এখন	2
এখন	উইক	2
উইক	লাগে	2
আমি	এভাবে	2
এভাবে	ইউজ	2
করি	স্পিড	2
স্পিড	এক	2
এক	তো	2
এখানে	ইন্দোনেশিয়া	2
ইন্দোনেশিয়া	ভিপিএন	2
কাজ	দেখলাম	2
ওপেন	ভি	2
এন	কাজটাও	2
কাজটাও	দেখলাম	2
করব	কেন	2
কেন	ওইটা	2
ওইটা	একটা	2
দোয়ার	ভ্যালু	2
ভ্যালু	আছে	2
শুধু	মুসলিমদের	2
মুসলিমদের	জন্য	2
আপনি	যেত	2
যেত	মুসলিম	2
জন্য	দোয়ার	2
দোয়ার	দরকার	2
শুধু	নিমপাতা	2
নিমপাতা	আর	2
আর	নিম	2
নিম	পাতা	2
আপনার	লাস্ট	2
লাস্ট	পিক	2
পিক	দেননি	2
দেননি	কেমন	2
না	সত্যি	2
সত্যি	এনআইডি	2
এনআইডি	আই	2
টাইটেলে	গেম	2
তাই	ট্রিকবিডিতে	2
ট্রিকবিডিতে	সার্চ	2
গেমের	কোন	2
তো	ভুলটা	2
ভুলটা	কার	2
লিংকগুলি	ঠিক	2
কম	ধইরা	2
ধইরা	ট্রাই	2
করছি	সেন্ড	2
তাই	এইভাবে	2
এইভাবে	দিলাম	2
ভাই	ওগুলা	2
ওগুলা	প্রবলেম	2
সলভ	নিয়া	2
প্রায়	২০০	2
২০০	প্লাস	2
প্লাস	মেসেজ	2
মেসেজ	পাইছে	2
পাইছে	এই	2
জন্য	দেসেলাম	2
দেসেলাম	নিউ	2
ট্রিকবিডি	যারা	2
যারা	ভিজিট	2
তারা	বলদ	2
বলদ	নয়	2
নয়	বুঝলেন	2
ভাই	পাইপে	2
পাইপে	টা	2
টা	দূরে	2
দূরে	নিবেন	2
ট্রিক	দেখেন	2
করতে	৬	2
৬	আওয়ার	2
ভালো	বুদ্ধি	2
বুদ্ধি	দেই	2
দেই	প্লিজ	2
নিউ	ওয়ান	2
বের	করছেন	2
লাগবে	অনেক	2
বাট	হযরত	2
হযরত	মুসা	2
মুসা	আঃ	2
আঃ	মাটির	2
মাটির	আঘাতে	2
আঘাতে	নয়	2
নয়	লাথের	2
লাথের	আঘাতে	2
আঘাতে	বিভক্ত	2
বিভক্ত	করেছিল	2
কোন	তিনটা	2
তিনটা	অ্যাপস	2
অ্যাপস	নেইম	2
এসএমএস	আনার	2
আনার	কোন	2
বড়	ভালো	2
হয়নি	পোস্ট	2
চোখে	এড	2
এড	যুক্ত	2
যুক্ত	চশমা	2
চশমা	দিয়ে	2
দেখলাম	ইন্সটল	2
ভাই	বাংলাতে	2
বাংলাতে	লিখা	2
লিখা	যেত	2
যেত	নাকি	2
নাকি	এন্ড	2
যতনের	ইউজ	2
চান	ততবার	2
জিআরপি	করলে	2
অ্যাড	দিয়েন	2
সরি	তা	2
বলতে	পারভো	2
পারভো	না	2
বা	ট্রাই	2
দেখেন	হলেও	2
হলেও	হতে	2
ব্রো	রেম	2
রেম	কেমন	2
কেমন	ফ্রি	2
যে	ফেসবুক	2
ক্যাটাগরি	সিলেক্ট	2
সিলেক্ট	করব	2
পোস্টটি	অনেকের	2
পারে	ধন্যবাদ	2
পেমেন্ট	দেও	2
দেও	৫০০	2
৫০০	লাইক	2
পায়জা	দিয়ে	2
অনেক	সিম্ফনি	2
এখনো	অফিশালি	2
অফিশালি	চুজ	2
চুজ	ফ্রন্ট	2
ফ্রন্ট	অপশন	2
পিজা	এপ্লাই	2
এপ্লাই	কি	2
লাগে	এইজ	2
এইজ	পেপারস	2
পেপারস	কোথায়	2
কোথায়	যাওয়া	2
লাগে	পিয়ার	2
পিয়ার	দেয়	2
কিনা	এসবও	2
এসবও	মেনশন	2
মেনশন	দিলে	2
কাটবে	চোরের	2
এ	লিখছেন	2
লিখছেন	রিস্টার্ট	2
রিস্টার্ট	অ্যান্ড	2
করছেন	রিসেট	2
রিসেট	নিয়ে	2
গ্যাংট্যান	কিছু	2
নাই	শালার	2
শালার	বাচ্চা	2
বাচ্চা	আবার	2
আবার	ট্রিকবিডিতে	2
ট্রিকবিডিতে	কোট	2
কোট	পড়ে	2
করতে	আইছে	2
আইছে	হালার	2
হালার	পুত	2
টিপস	দিব	2
জাভা	মোলার	2
মোলার	থাকতে	2
প্রাইভেট	ভিডিও	2
একদিন	যে	2
নাম্বারে	একমাত্র	2
একমাত্র	১	2
১	বিএ৪	2
বিএ৪	নেওয়া	2
বলেছি	কপি	2
হেই	ব্রো	2
গাধা	যদি	2
নাই	করা	2
তাহলে	উইন্ডোজের	2
উইন্ডোজের	রেডি	2
রেডি	বুষ্ট	2
বুষ্ট	নামে	2
কোন	ফিচারই	2
ফিচারই	থাকত	2
কমেন্ট	তুমি	2
তুমি	কিছুই	2
কিছুই	বুঝে	2
বুঝে	নাই	2
ওয়েট	পারলে	2
একটা	বিস্তারিত	2
আপনার	স্পিড	2
স্পিড	চেক	2
সার্ভার	গুলাই	2
গুলাই	কানেক্ট	2
হয়	অন্যগুলা	2
অন্যগুলা	কানেক্ট	2
ব্র্যান্ডের	ফোন	2
যদি	নেট	2
কোন	কম্পিউটারে	2
গিয়ে	পিসি	2
পিসি	ভিএলসি	2
ভিএলসি	সফটওয়্যার	2
সফটওয়্যার	মেমোরিতে	2
মেমোরিতে	নিয়ে	2
আসেন	দেন	2
দেন	কেবেল	2
কেবেল	দিয়ে	2
পিসিতে	ফোন	2
এরপর	ওই	2
ওই	সফটওয়্যার	2
টি	ইন্সটল	2
এরপর	দেখেন	2
দেখেন	সমাধান	2
সমাধান	হয়েছে	2
হয়	উইন্ডোজ	2
উইন্ডোজ	৮	2
৮	সেটআপ	2
সেটআপ	দেন	2
ইনভেসমেন্ট	যেগুলো	2
যেগুলো	বট	2
বট	আছে	2
আছে	ওগুলাতেই	2
ওগুলাতেই	কেউ	2
অটোমেটিক	ব্যালেন্স	2
২৮	ফেব	2
ফেব	তে	2
তে	রেক	2
রেক	দিছিলাম	2
আপনার	পিএইচপি	2
পিএইচপি	সাইট	2
সাইট	ভাবড়	2
ভাবড়	করতে	2
করতে	পারভেন	2
পারভেন	ওকে	2
এই	মেথিতে	2
মেথিতে	অ্যাকাউন্ট	2
সব	মোবাইলে	2
ভাই	গিফ	2
গিফ	ট	2
ট	এ	2
শুধু	৫০	2
টা	পিক	2
যায়	আনলিমিটেড	2
ফটোশপ	ভার্সন	2
ওইখানে	আল্লাহ	2
আল্লাহ	লেখা	2
যে	জবর	2
জবর	কোথায়	2
গেল	শুনি	2
দুইটাই	একসাথে	2
আমার	সিমে	2
সিমে	চলে	2
কি	ইউটিউবে	2
ইউটিউবে	ভিডিও	2
তো	দেখতেছি	2
দেখতেছি	স্পিড	2
ফেসবুক	মোবাইল	2
মোবাইল	ব্রাউজ	2
ব্রাউজ	ফাস্টার	2
ফাস্টার	এই	2
লেখাটা	নাই	2
তাহলে	অরিজিনাল	2
অরিজিনাল	কেমনে	2
মিয়া	নেইম	2
নেইম	বউ	2
বউ	তো	2
৩টা	আছে	2
ভাই	দিয়া	2
দিয়া	রবি	2
মত	এটাতো	2
এটাতো	ডাউনলোড	2
সরি	এসডি	2
এসডি	হপপ	2
এখনো	হয়নি	2
হয়নি	কেন	2
৯	নভেম্বর	2
নভেম্বর	আর	2
আজকে	আপনি	2
আপনি	ট্রিকব্রিডিটে	2
ট্রিকব্রিডিটে	শেয়ার	2
টপিক	তুমি	2
পারলে	দাও	2
ব্রো	দেখেন	2
কোনটা	সরাসরি	2
কোন	কোশ্চেন	2
কোশ্চেন	দিয়েছি	2
দিয়েছি	নাকি	2
যদি	সরাসরি	2
সরাসরি	দিতাম	2
দিতাম	সেটি	2
সেটি	আউট	2
আউট	কোশ্চেন	2
কোশ্চেন	হতো	2
কবিতা	দিয়েছি	2
বলিনি	কোন	2
কোন	কোশ্চেনটা	2
কোশ্চেনটা	আসবে	2
আসবে	কবিতাটি	2
কবিতাটি	পড়লে	2
পড়লে	আপনি	2
আপনি	যেকোন	2
যেকোন	কোশ্চেন	2
আমি	থানকেবল	2
থানকেবল	দিয়ে	2
অ্যাপ	বানাই	2
কি	পাইসিং	2
পাইসিং	হবে	2
আবার	সেইম	2
সেইম	জিমেইলে	2
জিমেইলে	নিতে	2
লাইক	এ্যাপ	2
এ্যাপ	থেকে	2
থেকে	সরাসরি	2
সরাসরি	ভিডিও	2
করলে	ভিডিওতে	2
ভিডিওতে	এড	2
এড	চলে	2
আসবে	বাট	2
নিয়মে	ডাউনলোড	2
রকম	এড	2
এড	ছাড়াই	2
ছাড়াই	ডাইরেক্ট	2
ডাইরেক্ট	অরিজিনাল	2
অরিজিনাল	ভিডিওটা	2
ভিডিওটা	পাওয়া	2
করেন	পাইছে	2
টেমপ্লেট	নেম	2
নেম	যদি	2
যদি	চেঞ্জ	2
তাহলে	বুঝা	2
বুঝা	পসিবল	2
না	যাইহোক	2
যাইহোক	পোস্টটা	2
ভালই	হয়েছে	2
হয়েছে	অনেকের	2
উপকারে	আসতে	2
ভাই	পারভিউ	2
পারভিউ	সো	2
সো	৫০০	2
৫০০	হলেই	2
হলেই	১০০০	2
১০০০	দরকার	2
একটু	গোপন	2
গোপন	রাখার	2
এ	ঢুকবো	2
ঢুকবো	কেমনে	2
বার	ডাকলাম	2
অন	ইউটিউব	2
আমার	সিমটি	2
সিমটি	চালু	2
করে	অফারটি	2
অফারটি	পাবো	2
যে	অফারটি	2
অফারটি	পাব	2
পাব	তাই	2
তাই	সাথে	2
নিলাম	মা	2
মা	দিয়ে	2
বা	প্রবলেম	2
পারছিনা	ফোনের	2
আছে	কারন	2
এখন	একটা	2
৩জি	প্যাক	2
প্যাক	কিনলাম	2
কাটছে	প্লিজ	2
এই	১	2
ক্রিয়েট	থেকে	2
থেকে	শিওর	2
শিওর	এড	2
এড	বসানো	2
বসানো	নেয়া	2
নেয়া	একটা	2
আইডি	খোলার	2
এমন	হবেই	2
হবেই	আইডি	2
খুলে	ওয়েট	2
করেন	কিছুদিন	2
কিছুদিন	ওই	2
কিছু	একটিভিটি	2
একটিভিটি	করুন	2
করুন	বা	2
বা	এত	2
এত	প্রবলেম	2
হলে	নিউ	2
খুলে	আগে	2
আগে	বুস্ট	2
বুস্ট	করা	2
করা	শিখুন	2
রেফার	বাদে	2
বাদে	এরান	2
এরান	করবে	2
ইদানিং	কয়েক	2
কয়েক	বলদ	2
বলদ	আছে	2
আছে	আবাল	2
পোষ্ট	দিতে	2
ওটা	বিক্রি	2
করে	যাবা	2
যাবা	কিনুন	2
আমিও	ভাবছি	2
ভাবছি	ফ্রি	2
ট্রিকবিডিতে	আজকে	2
আজকে	টিউনার	2
পাওয়ার	আগে	2
ব্রো	বাকিগুলা	2
বাকিগুলা	খারাপ	2
ব্রো	বিশেষ	2
করে	উম্মা	2
উম্মা	নেটওয়ার্ক	2
নেটওয়ার্ক	চ্যানেল	2
টা	মুসলিম	2
মুসলিম	হিসেবে	2
হিসেবে	সাবস্ক্রাইব	2
ভালো	আমেরিকান	2
আমেরিকান	হ্যাকার	2
হ্যাকার	তাও	2
যে	অডিও	2
অডিও	থিম	2
থিম	দিয়েছেন	2
দিয়েছেন	ওটা	2
ওটা	ইনস্টল	2
পিছিয়ের	জন্য	2
জন্য	ক্যামতাশিয়া	2
ক্যামতাশিয়া	স্টুডিও	2
স্টুডিও	৮	2
৮	আর	2
আর	মোবাইলের	2
দেশের	নিয়ম	2
নিয়ম	কানুনে	2
কানুনে	ইসলাম	2
চলে	কোরান	2
কোরান	ও	2
ও	হাদিসের	2
হাদিসের	দলিলের	2
দলিলের	মাধ্যমে	2
মাধ্যমে	আর	2
আর	ফজিলত	2
ফজিলত	সম্পর্কিত	2
সম্পর্কিত	যদি	2
যদি	হাদিসের	2
হাদিসের	উপর	2
উপর	আমল	2
আমল	করা	2
যায়	বিদায়	2
বিদায়	শবেবরাতে	2
শবেবরাতে	আমল	2
আমল	ইবাদত	2
ইবাদত	বন্দেগী	2
বন্দেগী	করা	2
করা	দোষের	2
দোষের	কিছু	2
অসাম	লাইক	2
৬০৫	কিংগো	2
মেরে	দিবেন	2
তার	গ্যারান্টি	2
গ্যারান্টি	কি	2
কয়বার	আপনার	2
পোষ্টের	কয়েকটা	2
আগে	স্কুল	2
স্কুল	করে	2
দেখেন	আরেকজন	2
আরেকজন	দিয়েছে	2
নাও	কি	2
আয়ছে	পেপালে	2
পেপালে	ইনকাম	2
ইনকাম	শিখাইতে	2
এস	বি	2
বি	আই	2
মিনিট	তে	2
তে	নষ্ট	2
এটা	আমারই	2
আমারই	আইডি	2
আন্স	মি	2
ইনশাল্লাহ	উপকার	2
নরমাল	কাইনমাস্টার	2
কাইনমাস্টার	সাপোর্ট	2
মেসেঞ্জার	আইডি	2
আছে	দেখো	2
দেখো	ট্রিকবিডিতেই	2
ছিল	ধন্যবাদ	2
ধন্যবাদ	অনেকের	2
অনেকের	এ	2
এ	কাজে	2
নতুন	নিউ	2
নিউ	ইনফরমেশন	2
ইনফরমেশন	পাইলাম	2
মোবি	কি	2
কেউ	এমটি	2
এমটি	৬৫৭৫	2
৬৫৭৫	চিপ	2
চিপ	সেটের	2
সেটের	একটা	2
রিকভারি	দাও	2
বি	থাকলে	2
কিংরুট	এটা	2
কার	প্রযোজ্য	2
প্রযোজ্য	তা	2
বলবেন	পোস্টে	2
ভাই	পেলে	2
শুধু	রকেট	2
রকেট	থাকলেই	2
নাকি	ডিবিবিএল	2
ডিবিবিএল	একাউন্টে	2
একাউন্টে	থাকতে	2
রিয়েলি	ওয়ার্কিং	2
প্লিজ	রবি	2
রবি	আই	2
আই	বাডি	2
বাডি	অ্যাপ	2
ট্রিক	দরকার	2
জানি	একমাত্র	2
একমাত্র	আপনিই	2
আপনিই	পারবেন	2
পারবেন	অসাধ্য	2
অসাধ্য	সাধন	2
সাধন	করতে	2
যাবে	ওটা	2
ওটা	বললে	2
দিয়ে	এডসেন্স	2
ওয়েলকাম	পি৮প্রো	2
পি৮প্রো	এর	2
কোন	আপডেট	2
নরমাল	ইউজার	2
কমেন্ট	করতেই	2
করতেই	পারে	2
কিন্তু	অথরগুলো	2
অথরগুলো	তো	2
তো	উচিত	2
উচিত	প্রফেশনাল	2
প্রফেশনাল	আচরণ	2
আচরণ	দেখানো	2
দেখানো	কি	2
একটা	বস্তি	2
সঙ্গে	কিছু	2
মিয়া	বোদার	2
বোদার	পোস্ট	2
করছেন	ভিডিও	2
ভিডিও	দিয়া	2
আর্নিং	পয়েন্ট	2
পয়েন্ট	এন্ড	2
এ	আই	2
আই	টাইপ	2
করছি	৫৬০	2
৫৬০	বিডিটি	2
বিডিটি	কোন	2
ঝামেলা	ছাড়া	2
ছাড়া	একমাস	2
একমাস	ব্যাংক	2
ব্যাংক	খাইছে	2
খাইছে	থার্ড	2
পার্টি	টুল	2
টুল	উজের	2
উজের	জন্য	2
এন্ড	ওয়াব	2
ওয়াব	ডলারের	2
ডলারের	এক	2
এক	বছরে	2
বছরে	৬০বিডিটি	2
৬০বিডিটি	আর্ন	2
পানজিব	করতে	2
গেলে	ফিল্ড	2
ফিল্ড	এক্সস্ট্রাক্ট	2
এক্সস্ট্রাক্ট	ফাইল	2
টিউটোরিয়াল	হবে	2
ব্রো	এইটার	2
নাকি	এড	2
এড	অফ	2
পুনরায়	সাউন্ড	2
সাউন্ড	অন	2
ব্রো	করবে	2
১	করার	2
চান্স	করলে	2
তার	লাখ	2
লাখ	খারাপ	2
খারাপ	ব্যাকআপ	2
দিয়ে	রাখুন	2
রাখুন	ভয়	2
ভয়	করলে	2
তো	ব্রুট	2
ফোর্স	করেই	2
করেই	তো	2
হবে	সেটাও	2
সেটাও	শিখাবো	2
অনেক	দোয়া	2
দোয়া	ও	2
ও	ভালোবাসা	2
রইলো	নেক্সট	2
নেক্সট	ব্লগের	2
ব্লগের	অপেক্ষায়	2
আপকা	তে	2
কম	কিভাবে	2
ভালো	লাগলেই	2
লাগলেই	আমার	2
ওকে	সমস্যা	2
বাট	ফ্রী	2
কোন	হ্যাকিং	2
যা	ট্রাই	2
গিয়ে	সহজ	2
সরল	লোকেদের	2
লোকেদের	আইডি	2
আলাপ	অ্যাপ	2
ওই	হারামি	2
হারামি	তুই	2
কপি	করছস	2
করছস	আল্লাহ	2
আল্লাহ	তোরে	2
তোরে	যে	2
কবে	তোরে	2
তোরে	ভালো	2
মানুষ	বানাবে	2
সরি	কন্ট্রোলে	2
কন্ট্রোলে	এর	2
বলছি	লেখার	2
সময়	মিসটেক	2
এইটা	ট্রাম	2
ট্রাম	রা	2
রা	ভাও	2
ভাও	এটা	2
এটা	গার্ড	2
গার্ড	হলো	2
কেমনে	আপনার	2
আপনার	টপিক	2
টপিক	পাল্টান	2
পাল্টান	গার্ডের	2
গার্ডের	জায়গায়	2
জায়গায়	ফ্রম	2
ফ্রম	লিখুন	2
লিখুন	এটা	2
জানে	ফর্ম	2
ফর্ম	দিয়ে	2
কিছুই	লাভ	2
ও	বিজয়	2
বিজয়	৫২	2
৫২	ইন্সটল	2
পর	পারলাম	2
আজ	পোস্টটি	2
পোস্টটি	অনেক	2
হেল্পফুল	হলো	2
হলো	বেস্ট	2
অথচ	ট্রিকবিডি	2
রুল	নাকি	2
নাকি	ডিরেক্ট	2
অফ	মানছি	2
মানছি	সেটা	2
সেটা	কেউ	2
কেউ	মানে	2
মানে	না	2
বলে	একজনকে	2
একজনকে	ওয়ার্নিং	2
ওয়ার্নিং	দিবে	2
দিবে	তারপরে	2
তারপরে	উধাও	2
জানি	বলে	2
ট্রিকবিডি	টিমের	2
টিমের	কেউ	2
কেউ	বেঁচে	2
বেঁচে	নাই	2
নাই	সবাই	2
সবাই	মেবি	2
মেবি	মারা	2
করতাম	এসব	2
১০০০	করছিলাম	2
কষ্টে	দেন	2
এখন	মেবি	2
মেবি	১০০টাও	2
১০০টাও	নাই	2
আর	অ্যাকশন	2
অ্যাকশন	আইজেন	2
আইজেন	হর্ন	2
হর্ন	জেনস	2
জেনস	খেলো	2
খেলো	ডাউনলোড	2
করো	থেকে	2
তার	শিওর	2
শিওর	হও	2
হও	যে	2
ওপেন	জিএল	2
আমারটার	ভার্সন	2
ভার্সন	কিন্তু	2
এই	অ্যাপসটায়	2
অ্যাপসটায়	কিন্তু	2
পোস্টটি	করেছি	2
করেছি	স্ক্রিনশটটা	2
স্ক্রিনশটটা	আমার	2
জানলে	অনেক	2
অনেক	ক্ষেত্রেই	2
ক্ষেত্রেই	হতে	2
তারা	সপ্তাহে	2
সপ্তাহে	একদিন	2
একদিন	করে	2
করে	ক্লান	2
ক্লান	করাই	2
আপ্নারে	টিউনার	2
টিউনার	বানাইছে	2
বানাইছে	কোন	2
কোন	মদন	2
সিম	রাউটার	2
রাউটার	আছে	2
এটার	পাসওয়ার্ড	2
করে	পাসওয়ার্ডটা	2
পাসওয়ার্ডটা	পামু	2
পামু	প্লিজ	2
পোস্ট	চেয়েছিলাম	2
প্রো	৩৬	2
৫	ডে	2
ফ্লেক্সিপ্ল্যানে	টাকা	2
পেয়ে	করেছিলাম	2
করেছিলাম	আধার	2
আধার	নাম্বার	2
থেকে	নাও	2
নাও	ওই	2
আর	ব্যালেন্স	2
সিম	অপেরা	2
দিয়া	ফেসবুক	2
কিন্তু	বিকালে	2
বিকালে	পরে	2
আর	ফেসবুকে	2
ফেসবুকে	ঢোকা	2
ওয়েবমানি	ডলার	2
ডলার	বিক্রি	2
করার	ট্রাস্টেড	2
ট্রাস্টেড	ওয়েবসাইট	2
ভাই	এডসস্টেরা	2
এডসস্টেরা	এর	2
চাই	আনরুট	2
এটা	কানেক্টর	2
কানেক্টর	পরে	2
পরে	ফ্রি	2
হয়	ইংলিশ	2
ইংলিশ	ল্যাঙ্গুয়েজ	2
ল্যাঙ্গুয়েজ	পড়তে	2
যারা	গিটার	2
বাজাতে	জানে	2
তাদের	কাছ	2
থেকে	জিজ্ঞেস	2
করিস	এই	2
এই	সিরিয়ালগুলো	2
সিরিয়ালগুলো	অনুসরণ	2
অনুসরণ	না	2
করে	গিটার	2
বাজাতে	পারে	2
আমি	একটাতে	2
একটাতে	পাইচে	2
পাইচে	অন্য	2
অন্য	গুলায়	2
গুলায়	ওয়েটিং	2
ওয়েটিং	আছে	2
ব্রো	ব্ল্যাক	2
মারট	থেকে	2
হতো	চায়না	2
চায়না	এর	2
চেয়ে	এসইও	2
এসইও	থেকে	2
থেকে	অ্যাপসটি	2
অ্যাপসটি	ডাউনলোড	2
অনেক	থেকে	2
থেকে	নামান	2
নামান	ইজি	2
ভাবে	নামবে	2
আর	কয়বার	2
কয়বার	ভাই	2
রেকর্ডার	প্লে	2
থেকে	নামায়	2
নামায়	দেখেন	2
গ্যালাক্সি	জে২তে	2
জে২তে	ইউজ	2
ওয়েবসাইট	শিখার	2
শিখার	কোন	2
পিডিএফ	থাকলে	2
সহজ	দেখা	2
দেখা	করলে	2
চাই	ইলেকট্রনিক্স	2
ইলেকট্রনিক্স	নিয়ে	2
সুন্দরভাবে	বুঝিয়ে	2
বুঝিয়ে	লিখেছেন	2
আমি	টিডিএ	2
টিডিএ	২৮২২	2
২৮২২	আইসি	2
আইসি	দিয়ে	2
দিয়ে	বানাইছি	2
বানাইছি	একটা	2
কোনটা	নিব	2
এগুলা	ভাই	2
সবাই	বকাবকি	2
বকাবকি	করে	2
ধুর	একদম	2
ভালো	কিলগার	2
কিলগার	থাকলে	2
ব্রো	কাইন্ডলি	2
এফবি	ইনবক্সে	2
করব	আইজে	2
তুমি	ফাউল	2
করো	বলে	2
কি	সবাইরে	2
সবাইরে	ফাউল	2
ফাউল	নাকি	2
হাসাইলেন	মিয়া	2
মিয়া	আমার	2
ফোনে	আরো	2
আরো	চারটা	2
চারটা	আছে	2
মত	গৌরব	2
গৌরব	জি	2
ক্যাম	ইউজ	2
গিফট	দিলাম	2
ভাই	আইডিতে	2
আইডিতে	বাংলায়	2
বাংলায়	ইউজার	2
প্লিজ	চিনতে	2
চিনতে	সুবিধা	2
এর	নোটিশ	2
নোটিশ	ক্যাটাগরিটা	2
ক্যাটাগরিটা	দেখুন	2
ঠিকভাবে	সেটিং	2
তাও	আপলোড	2
আপলোড	পাই	2
টু	লাকি	2
ব্রো	বিগ	2
বিগ	ব্রিড	2
ব্রিড	এর	2
এর	রেফারেল	2
ছাড়া	চালামু	2
চালামু	ডাটা	2
তারপর	এমবি	2
থাকলেও	গেম	2
গেম	রানিং	2
রানিং	হবে	2
কথার	দা	2
দা	আমিও	2
আমিও	বলছি	2
হেল্প	ফর	2
ফর	পিকচার	2
ভাইয়া	১০	2
১০	এমন	2
এমন	দিলে	2
বলে	দিতে	2
এফবিতে	যোগাযোগ	2
এই	ফিচার্স	2
ফিচার্স	দারস	2
দারস	তো	2
থেকে	দিচ্ছে	2
দিচ্ছে	এই	2
এই	ইনফো	2
ইনফো	শেয়ার	2
কিছু	আন্ডার	2
আন্ডার	টাইপ	2
টাইপ	কম	2
কম	কনটেন্ট	2
কনটেন্ট	লিখিয়েন	2
আচ্ছা	বিটকয়েন	2
বিটকয়েন	আইডি	2
অ্যাকাউন্ট	ডিজেবল	2
ডিজেবল	করার	2
কোন	মেইল	2
মেইল	করেছে	2
কম	২০	2
২০	কেবি	2
কেবি	সো	2
সো	কে	2
ফেসবুক	কিনুন	2
কিনুন	২৮	2
২৮	ডেইজ	2
কেমনে	দিতে	2
দিচ্ছি	দেখায়	2
যে	নিমু	2
নিমু	ওই	2
ওই	অ্যাকাউন্টগুলো	2
অ্যাকাউন্টগুলো	একটাও	2
পেপাল	আছে	2
থেকে	খুলা	2
খুলা	পেপাল	2
একটু	বাচ্চা	2
বাচ্চা	বাচ্চা	2
বাচ্চা	লাগতেছে	2
লাগতেছে	কেন	2
থেকে	দিবেন	2
লস	তাও	2
তাও	হতে	2
পারে	কে	2
কে	ভরসা	2
ভরসা	আছে	2
যে	কয়েনটার	2
কয়েনটার	প্রাইস	2
প্রাইস	বাড়বে	2
হয়	ইউএসএ	2
ইউএসএ	বিসিসি	2
বিসিসি	৮০০	2
দেন	এড	2
পেপাল	ইউসে	2
ইউসে	কোন	2
কোন	ভয়	2
ভয়	থাকে	2
লি	পলিমার	2
পলিমার	ভালো	2
ভালো	এটার	2
মধ্যে	দীর্ঘস্থায়ী	2
দীর্ঘস্থায়ী	চার্জ	2
চার্জ	টিকে	2
ভার্সন	প্লাগিন	2
প্লাগিন	এর	2
যেটা	স্ক্রিনশট	2
স্ক্রিনশট	দিচ্ছেন	2
দিচ্ছেন	সেটাই	2
সেটাই	কি	2
আইরিস	২৫০	2
ক্যাম্পেইন্স	এন্ড	2
এন্ড	পেইজের	2
পেইজের	পরিচিতি	2
পরিচিতি	কোথায়	2
ভাই	আর্টিকেল	2
আর্টিকেল	লিখতে	2
লিখতে	আর্ন	2
পাইসি	দোস্ত	2
দোস্ত	গুড	2
আপনাদের	কেউ	2
কেউ	মিস	2
করেছি	সময়	2
থাকে	আসতে	2
আসতে	পারিনা	2
নিজের	ইচ্ছামত	2
ইচ্ছামত	নাম্বার	2
নাম্বার	বানিয়ে	2
বানিয়ে	মেসেজ	2
ঠিক	কি	2
হুম	পাসপোর্ট	2
একটু	প্যারা	2
কি	পেস	2
পেস	১৮	2
১৮	খেলছেন	2
খেলছেন	হুদাই	2
হুদাই	বলছেন	2
বলছেন	অ্যান্ড্রয়েড	2
কি	ইন্ডিয়া	2
ইন্ডিয়া	থাকেন	2
থাকেন	বিডি	2
কেমনে	কিনেন	2
নিয়মে	২০২০	2
২০২০	মানে	2
কি	পেপার	2
করা	সারা	2
সারা	কি	2
টাকা	লেনদেন	2
লাগবে	কেমন	2
বাংলা	হবে	2
করে	তিনটা	2
তিনটা	হেডার	2
হেডার	অপশন	2
অপশন	ক্রিয়েট	2
এটা	নেয়া	2
নেয়া	ইউজার	2
আগে	একই	2
একই	মড	2
ভাই	জিএফের	2
জিএফের	পার্সোনাল	2
পার্সোনাল	বোর্ড	2
ভালো	পাইছে	2
পাইছে	মেয়াদ	2
ঝামেলা	বাদ	2
লাইট	চালান	2
ওয়াও	ইউ	2
ইউ	মেয়ে	2
মেয়ে	ট্রিক	2
বিডি	টু	2
টু	নিউজ	2
২১	কেটে	2
সবকিছুতে	শুধু	2
আর	জানেন	2
করতে	অসুবিধা	2
অসুবিধা	কি	2
ডিএল	লিঙ্ক	2
কাজের	অ্যাপ	2
অ্যাপ	ভালই	2
আরে	এখন	2
কেউ	দেনা	2
দেনা	বুঝছোস	2
ডান	এখন	2
ইউজারভাই	ট্রিকবিডিতে	2
ট্রিকবিডিতে	অনেকে	2
সরাসরি	ভিডিওতে	2
ভিডিওতে	কিন্তু	2
এটা	এটাকে	2
এটাকে	ট্রিক	2
রুলস	মানা	2
মানা	হচ্ছে	2
আর	জুম	2
জুম	না	2
করব	বলবেন	2
ট্রিকবিডিতে	গত	2
আইডি	নেই	2
নেই	আইডি	2
আইডি	একটা	2
একটা	কপি	2
কন্ট্রিবিউটর	হয়েছে	2
হয়েছে	দেখুন	2
যদি	ট্রিকবিডিতে	2
ট্রিকবিডিতে	হেল্প	2
চাই	শুধু	2
বলে	এফবিতে	2
এফবিতে	রেজা	2
রেজা	বিডি	2
হেল্প	চাও	2
চাও	যখন	2
যখন	ইউজার	2
ইউজার	কাছে	2
ভাইকে	মেল	2
মেল	মেল	2
মেল	করতে	2
এই	আইডিতে	2
আইডিতে	নিউ	2
নিউ	চারটা	2
চারটা	এসএস	2
এসএস	প্লাস	2
প্লাস	ক্রফ	2
ক্রফ	সহ	2
আমাকে	ডিনার	2
ডিনার	করেন	2
সেকেন্ড	বার	2
বার	ইউজড	2
ইউজড	করা	2
আর	এটিতে	2
এটিতে	কোন	2
কোন	লিমিটেড	2
লিমিটেড	ওর	2
এন্ড	বেলেন্সের	2
বেলেন্সের	মেয়াদ	2
মেয়াদ	লাগবে	2
হ্যাঁ	তবে	2
তবে	প্লটের	2
প্লটের	মধ্যে	2
না	নোটিফিকেশন	2
নোটিফিকেশন	বারে	2
বারে	আসবে	2
পুরান	ট্রিক	2
বাট	ভুলে	2
গেছিলাম	থ্যাংকস	2
মুক্ত	প্লিজ	2
বাসা	বগুড়া	2
বগুড়া	প্লিজ	2
প্লিজ	বিন	2
বিন	ডিরেক্ট	2
ডিরেক্ট	কিউবি	2
কিউবি	ব্রাভিয়া	2
ব্রাভিয়া	হচ্ছে	2
শুধু	ওয়ার্নিং	2
ওয়ার্নিং	আসে	2
শুধু	পেপালে	2
পেপালে	নেয়া	2
নিজের	ইচ্ছেমত	2
ইচ্ছেমত	এসএমএস	2
পাঠানো	যেত	2
যেত	অনেক	2
সব	পোস্টটি	2
পোস্টটি	অসাম	2
পেলেন	পেপার	2
অ্যাকাউন্ট	স্ক্রিনশট	2
বস	দারুন	2
দারুন	কাজ	2
হচ্ছে	থ্যাংক	2
এনা	পোস্ট	2
বাট	ট্রাস্ট	2
ট্রাস্ট	মি	2
মি	অনেক	2
পেতে	ধৈর্য	2
অফলাইন	তাশাদা	2
তাশাদা	স্ক্রিনশট	2
দেখুন	অফলাইন	2
ব্রো	পোস্টাল	2
পোস্টাল	কোড	2
কোড	জানিনা	2
জানিনা	প্লিজ	2
নাম	অথরে	2
অথরে	মিস্টার	2
মিস্টার	টেক	2
টেক	এই	2
করব	তাহলে	2
আগের	ডিভাইস	2
ডিভাইস	আমি	2
পাবো	যার	2
না	সাবমিট	2
হেল্প	সবকিছু	2
সবকিছু	রেডি	2
রেডি	বাট	2
বাট	সাবমিট	2
হোয়াটসঅ্যাপ	এর	2
এমবিপিএস	ডাউনলোড	2
স্পিড	থ্যাংকস	2
পোস্টেড	দেওয়া	2
দেওয়া	ফাইল	2
পোর্ট	প্লেয়ার	2
দিয়ে	অন	2
করেন	এনজয়	2
ওই	ব্যাটা	2
ব্যাটা	আমি	2
কি	তোমাকে	2
তোমাকে	নক	2
নক	করব	2
করব	ফাউল	2
একমত	একটা	2
দরকার	ফ্রি	2
নেটের	জন্য	2
আপনার	বিশ্বাস	2
বিশ্বাস	হক	2
হক	বা	2
এই	সাউন্ড	2
সাউন্ড	শুনলে	2
শুনলে	কি	2
তোমার	বাড়ি	2
বাড়ি	নীলফামারী	2
নীলফামারী	এফবি	2
ও	ললিপপ	2
কাপ	ফিশপ্লে	2
ফিশপ্লে	ছাড়া	2
ছাড়া	স্ক্রিনশট	2
ওয়ালাইকুম	আসসালাম	2
আসসালাম	থ্যাঙ্ক	2
পড়া	কপি	2
নাইস	বিটস	2
ভালো	খুব	2
থ্যাংকস্	ভাই	2
নেক্সট	উইকলি	2
উইকলি	মেম্বারশিপ	2
মেম্বারশিপ	নিয়ে	2
নিয়ে	গিভাওয়ে	2
গিভাওয়ে	দিবো	2
মতে	লো	2
দেখার	চেয়ে	2
না	দেখাই	2
তারা	মুভি	2
মুভি	অ্যাডিক্টেড	2
অ্যাডিক্টেড	তারা	2
নিয়ে	ভাবে	2
তাও	নাইস	2
কই	এই	2
দুই	তার	2
তার	যেকনো	2
যেকনো	একটা	2
আমারও	আসছে	2
ভাই	আপনারটাই	2
আপনারটাই	খুব	2
লাগছে	তবে	2
হল	ক্যাটাগরি	2
ক্যাটাগরি	হোম	2
পেজে	আসছে	2
আসবে	আপডেট	2
আপডেট	আপডেট	2
আপডেট	দিতেও	2
দিতেও	কি	2
কি	এমবির	2
এমবির	মত	2
মত	লাগবে	2
যারা	বোঝার	2
বোঝার	এমনি	2
এমনি	বুঝে	2
ব্রো	প্রোব	2
প্রোব	নাই	2
নাই	থ্যাঙ্কস	2
ফোনে	এ	2
এটা	উল্লেখ	2
ভাবলাম	৫০	2
৫০	পকেটে	2
পকেটে	আসলো	2
আসলো	পর	2
থাম্বনেইল	করা	2
আছে	ভিজিট	2
দিয়া	করলে	2
করলে	সুপার	2
সুপার	শু	2
শু	থাকে	2
সেল	দিব	2
নীতিমালা	মেনে	2
মেনে	চলা	2
চলা	উচিত	2
পাইলেন	না	2
মিয়া	ফ্রন্ট	2
ফ্রন্ট	ইনস্টলার	2
ইনস্টলার	দিয়ে	2
এমবি	চলতেছে	2
চলতেছে	সবার	2
সবকিছুতে	কাজ	2
করবে	এভাবে	2
এভাবে	স্টেপ	2
জিপ	ফাইলে	2
ফাইলে	বুট	2
আইএমজি	লোগো	2
লোগো	বিন	2
বিন	থাকলে	2
থাকলে	ডিলিট	2
ওয়ালটন	আরএম৩	2
আরএম৩	তে	2
টিডব্লিউআরপি	ইনস্টল	2
দিব	টিডাব্লিউআরপি	2
টিডাব্লিউআরপি	ডাউনলোড	2
হুম	ওকি	2
ওকি	ফেসবুক	2
ফেসবুক	১০টার	2
১০টার	আসব	2
আসেন	এফবিতে	2
এটা	পেচানোর	2
পেচানোর	কি	2
আছে	লিঙ্ক	2
ওয়াও	ইস	2
ইস	আর	2
ছিল	কাজ	2
করলে	থ্যাংক	2
খাইয়া	হবে	2
আমি	বা	2
বা	চোখা	2
ব্র	থ্যাংকস	2
আমি	বিকাশে	2
বিকাশে	মানতে	2
মানতে	৪	2
৪	করি	2
বলে	প্রযোজ্য	2
নয়	আরো	2
আরো	লেনদেন	2
লেনদেন	করতে	2
হবে	পিক	2
পিক	এটা	2
আপনি	রিকভারি	2
নেন	পিসি	2
আর	গেল	2
গেল	কই	2
ব্রো	টক	2
টক	জ্যাঙ্ক	2
জ্যাঙ্ক	বাদে	2
পোস্ট	আপলোড	2
আপনার	পিকটা	2
পিকটা	দিতেন	2
দিতেন	মিয়া	2
আমিতো	ট্রাই	2
জীবনেও	কি	2
চ্যানেল	বলে	2
বলে	এত	2
তাড়াতাড়ি	সাকসেস	2
সাকসেস	হইছে	2
এড্রেস	ভুল	2
ভুল	ঢাকায়	2
বন্ধ	অফারে	2
অফারে	আর	2
আর	আওতাভুক্ত	2
আওতাভুক্ত	হতে	2
১ডে	অনলি	2
লাগলো	আমি	2
জানেন	হেল্প	2
একটু	এই	2
সাইটে	কি	2
এডসেন্স	পাব	2
পাব	কিনা	2
কাস্টম	ভিপিএন	2
কিভাবে	চলে	2
অফকোর্স	এটা	2
সরি	কি	2
কি	প্রতারণা	2
বলেছেন	আমার	2
আমার	চোখেও	2
চোখেও	এমন	2
আইডি	পড়েছিল	2
পড়েছিল	এখনো	2
এখনো	পরে	2
পরে	বাট	2
বাট	প্রোফাইলে	2
প্রোফাইলে	রিপোর্ট	2
পোস্টে	আমার	2
আমার	জব	2
জব	হয়েছে	2
হয়েছে	কিউয়াই	2
আমি	ভেরিফাই	2
ভেরিফাই	ডোন্টাই	2
ডোন্টাই	করছি	2
করছি	রিপ্লাই	2
রিপ্লাই	দিচ্ছে	2
দিচ্ছে	ভেরিফাই	2
ভেরিফাই	আনসাকেস	2
ওয়েলকাম	বাট	2
নামটা	ঠিক	2
ব্যস্ততার	কারণে	2
কারণে	কোন	2
নিয়ে	লিখা	2
লিখা	সময়	2
সময়	পাচ্ছি	2
তাড়াতাড়ি	পেয়ে	2
লাগবে	অ্যাপটায়	2
অ্যাপটায়	ঢুকতে	2
ঢুকতে	ধুর	2
ধুর	৫	2
কে	টিউনাথ	2
টিউনাথ	দিছে	2
জন্য	টিউনার	2
টিউনার	হয়েছিস	2
বাট	ফেইকে	2
ফেইকে	ভরা	2
ভরা	তাই	2
দেখেন	কয়দিন	2
আগে	হিন্দি	2
ডাব	হল	2
হল	তো	2
হয়তো	ইউটিউবে	2
ইউটিউবে	আসতে	2
লেট	হতে	2
দিয়া	রাখেন	2
রাখেন	কলেজ	2
আসছি	আক্রোপর	2
আক্রোপর	আপনার	2
করলাম	কেটে	2
ভাই	ট্রিকবিডির	2
ট্রিকবিডির	মত	2
থিম	বানাতে	2
বানাতে	পারলে	2
হতো	পারবেন	2
কোডটা	এখন	2
এখন	সুন্দর	2
তাছাড়া	এখানে	2
এখানে	কাস্টম	2
কাস্টম	কোডস	2
কোডস	এন্ড	2
কাস্টম	পাসওয়ার্ড	2
পাসওয়ার্ড	অ্যাড	2
করি	ডাটা	2
চুরি	হবে	2
১০	কোড	2
১৫০এমবি	চলবে	2
চলবে	তখন	2
আবার	ফোর	2
ফোর	স্টপ	2
স্টপ	এন্ড	2
এন্ড	ফাইল	2
দিয়ে	চেঞ্জ	2
আলাদা	ক্রোন	2
ক্রোন	সেট	2
উপরের	একটা	2
একটা	অথরও	2
অথরও	ভালো	2
ইউজার	ছাড়া	2
ছাড়া	থাকার	2
থাকার	হইল	2
হইল	থাকো	2
থাকো	অর	2
অর	লিভ	2
৩	তো	2
কিছু	দাম	2
বাড়ছে	এক	2
মিনিট	কার্ড	2
এখন	যেকোন	2
যেকোন	নাম্বার	2
কথাটা	আমাকে	2
আমাকে	বললে	2
বললে	থ্যাংকস	2
আচ্ছা	বাড়ি	2
বাড়ি	আসবে	2
স্টক	সবকিছু	2
সবকিছু	চলে	2
কম	নিলে	2
আইডি	হলে	2
হলে	কোন	2
এফবি	গ্রুপের	2
গ্রুপের	স্ক্রিন	2
সহ	আসুন	2
পাবেন	সাথেই	2
ফর	এভরিথিং	2
এভরিথিং	এটা	2
এটা	গিফ	2
পারিনি	যদি	2
একটু	বুঝে	2
বুঝে	বলতেন	2
পোস্ট	এগিয়ে	2
বয়স	১৯৯৬	2
১৯৯৬	ইয়ারে	2
ইয়ারে	আমি	2
করতে	পারভ	2
৪শেয়ার	থেকে	2
কিভাবে	ফাইল	2
বলদ	দিয়ে	2
তো	হাল	2
হাল	চাষ	2
দিয়ে	যায়	2
সমস্যা	হবার	2
কথা	ফেসবুকের	2
ফেসবুকের	কিছু	2
ইউজার	ভার্চুয়াল	2
ভার্চুয়াল	স্পেস	2
স্পেস	যেটা	2
দিছেন	মিনিট	2
শুধু	ঘুরলো	2
ঘুরলো	তাও	2
তাও	ওপেন	2
ওপেন	হলো	2
দেন	অ্যান্ড্রয়েড	2
১০	ডিভাইস	2
যান	আপনার	2
দারুণ	ইউনিক	2
প্লিজ	টি	2
উনার	বানান	2
বলছিলাম	কেমন	2
করে	সিওসি	2
হ্যাক	করি	2
পোস্ট	করান	2
অনেক	হয়	2
দিয়েন	মেইল	2
মেইল	মি	2
এখন	৫	2
ভাই	ইন্ডিয়ার	2
ইন্ডিয়ার	মেয়াদ	2
মেয়াদ	বানানো	2
পার্ট	ও	2
দেয়া	হয়ে	2
কিংরুট	লেটেস্ট	2
পোস্ট	এডমিন	2
এডমিন	নাও	2
নাও	রাখতে	2
পারেন	হোয়াট	2
হোয়াট	এভার	2
এভার	থ্যাঙ্কস	2
এটা	মুসলিম	2
মুসলিম	প্রোভাইডেড	2
প্রোভাইডেড	অ্যাপ	2
হয়	সাধারণ	2
জ্ঞান	দিয়ে	2
নাই	ইসলামিক	2
ইসলামিক	নাসিক	2
নাসিক	দিয়ে	2
যাইত	বাট	2
বাট	করে	2
তাছাড়া	এই	2
এই	অ্যাপে	2
অ্যাপে	কোন	2
কোন	অ্যাডভার্টাইজ	2
অ্যাডভার্টাইজ	নাই	2
এটা	মেবি	2
মেবি	অনেকেই	2
অনেকেই	জেনে	2
জেনে	গেছেন	2
১৬	নাকি	2
নাকি	১৮	2
বোনের	এভাবে	2
এভাবে	এফবি	2
এফবি	ক্লোনার	2
এখন	ওর	2
ওর	আইডিটা	2
আইডিটা	কিভাবে	2
করছে	সে	2
পরিমাণ	টাকা	2
চাচ্ছে	এখন	2
পারি	জানাবেন	2
আপনার	লঞ্চারটা	2
লঞ্চারটা	নেম	2
এত	ভয়	2
ব্রাউজে	গেলে	2
গেলে	যায়	2
অটোমেটিক	তাহলে	2
চলবে	প্লিজ	2
এড্রেস	বসুন্ধরা	2
বসুন্ধরা	শপিং	2
শপিং	মল	2
মল	ঢাকা	2
ঢাকা	হটলাইন	2
হটলাইন	০১৯৯৮০৩৮১৬৬	2
০১৯৯৮০৩৮১৬৬	জিএনজি	2
অসাধারণ	কথাগুলো	2
কথাগুলো	ভাল	2
ছিল	সবাই	2
সবাই	এগুলো	2
ট্রিকবিডি	আবার	2
জায়গায়	ফিরবে	2
ফিরবে	আশা	2
আরো	এমন	2
আগের	অথরদের	2
অথরদের	পোস্ট	2
পোস্ট	মিস	2
আবার	ফিরুক	2
ফিরুক	সেই	2
আগের	সুদিন	2
সুদিন	ট্রিকবিডি	2
এর	শুভকামনা	2
শুভকামনা	এন্ড	2
এন্ড	আপনারা	2
আপনারা	জন্য	2
ইভেন্ট	নিয়ে	2
ভাইজান	লিংকে	2
লিংকে	ঠিকই	2
ইউসের	ভাই	2
প্লিজ	টিউএর	2
টিউএর	মি	2
পোস্ট	অ্যাব্রভ	2
অ্যাব্রভ	করেন	2
অফারটা	সবাই	2
পিসিতে	উইন্ডোজ	2
উইন্ডোজ	কত	2
অভিয়াস্লি	ফাইল	2
মাঝেমধ্যে	এডুকেশনাল	2
এডুকেশনাল	টিপস	2
লিখবেন	রিয়েলি	2
রিয়েলি	পড়তে	2
পড়তে	ভালো	2
স্ক্রিনশট	ফেক	2
কিল	শেয়ার	2
কামান	যাইবো	2
গুড	এর	2
ভালো	পারি	2
পি	এস	2
এস	টাচ	2
২টা	সুপার	2
পোষ্ট	দিচ্ছি	2
দিচ্ছি	২টাই	2
২টাই	পেন্ডিং	2
পোষ্টের	ইউজার	2
দেখলাম	কিছুই	2
করে	বানিয়ে	2
পারেন	খুব	2
পে	কার্ড	2
কার্ড	করার	2
সিম	নাম্বার	2
এখন	খোলা	2
খোলা	হয়েছিল	2
হয়েছিল	সেটা	2
সেটা	ছাড়া	2
গ্ৰীনিফাই	প্রিমিয়াম	2
প্রিমিয়াম	অ্যাপ	2
বেটা	ভার্শন	2
যারা	অ্যাপটা	2
অ্যাপটা	বানাইছে	2
বানাইছে	তাদের	2
তাদের	অনেক	2
লাভ	হয়েছে	2
না	লাগলেও	2
লাগলেও	তাদের	2
অলরেডি	রিপোর্ট	2
রিপোর্ট	দিচ্ছি	2
দিচ্ছি	হয়নি	2
হয়নি	রিসেট	2
আছে	কলোটি	2
কলোটি	ভাবল	2
ভাবল	ভোট	2
কেউ	চেঞ্জ	2
করে	স্যাড	2
গেমটা	অস্থির	2
অস্থির	আমার	2
লাগে	এখনতো	2
এখনতো	আরো	2
ফর	ইনফর্মেশন	2
তবে	টারমাক্সের	2
টারমাক্সের	ট্রুকলার	2
ট্রুকলার	অনেক	2
উপকার	করলো	2
কি	এইচটিটিপিএস	2
এইচটিটিপিএস	এর	2
এর	সাইটে	2
সাইটে	কাজ	2
সাইটে	ডিডজ	2
ডিডজ	দিয়ে	2
দিয়ে	রাখছে	2
রাখছে	ইউডিপি	2
ইউডিপি	মোডে	2
মোডে	বাট	2
হচ্ছে	ব্লগস্পট	2
ব্লগস্পট	সাইট	2
কি	ডিসকভারি	2
ভাই	রেগুলার	2
রেগুলার	স্পিড	2
একদম	ঠেলাগাড়ির	2
ঠেলাগাড়ির	মত	2
মত	স্পিড	2
প্যানেলের	কাউকে	2
বলে	পোস্টটা	2
আপনার	ছোট	2
ছোট	বংশের	2
পরিচয়	দিলেন	2
বাট	ক্রিপ্টো	2
ক্রিপ্টো	রেট	2
রেট	হঠাৎ	2
হঠাৎ	বেশি	2
বেশি	বাড়ায়	2
বাড়ায়	তারা	2
তারা	অ্যাপের	2
অ্যাপের	আর্ন	2
আর্ন	কমায়ে	2
কমায়ে	দিছে	2
দিছে	এক	2
এক	হতে	2
ইস	হলো	2
না	একবারই	2
একবারই	পাইলাম	2
নাকি	কোব	2
কোব	নাম্বার	2
এসএমএস	যাবে	2
কিভাবে	উতুব	2
উতুব	এ	2
ইউটিউব	দিয়ে	2
করব	জানা	2
পারেন	এফবি	2
এফবি	আমি	2
সার্চ	ইউজার	2
রকম	ডাউনলোড	2
এই	উপায়	2
উপায়	আমার	2
ফোনে	আপডেট	2
আমাকে	টিউনান	2
টিউনান	বানান	2
গুগল	থেকেও	2
থেকেও	সে	2
সে	ও	2
ও	করবো	2
কিভাবে	পেলে	2
পেলে	একটু	2
ইউজে	ভাই	2
অবস্থা	হয়	2
তাহলে	কন্ট্রিবিউটর	2
কন্ট্রিবিউটর	এ	2
ভাই	এদের	2
এদের	কিছু	2
সলভ	করছি	2
ভাই	স্যরি	2
স্যরি	ডিস্টার্ব	2
ডিস্টার্ব	করার	2
আপনি	মেইল	2
মেইল	করেছিলেন	2
ডাব্লিউ৩২	এর	2
ভালো	ও	2
কোন	বাঘিন	2
বাঘিন	একটা	2
একটা	রং	2
রং	দিতেন	2
দিতেন	খুব	2
তোর	ছোট	2
এডমবের	কাজের	2
জন্য	সবথেকে	2
সবথেকে	ভাল	2
ভাল	ব্রাউজার	2
ব্রাউজার	কোনটা	2
আমি	দো	2
দো	অফাক	2
অপেরা	ছাড়া	2
দিয়ে	ইয়েস	2
ইয়েস	করা	2
টেমপ্লেট	ইনফো	2
ইনফো	বো	2
বো	ওয়ার্ড	2
ওয়ার্ড	এডমিন	2
এডমিন	লাইন	2
লাইন	টলং	2
টলং	হেন্টিকান	2
হেন্টিকান	কঁপিদেন	2
কঁপিদেন	বাগি	2
বাগি	খান	2
খান	টেমপ্লেট	2
টেমপ্লেট	সায়া	2
সায়া	পাছাং	2
পাছাং	ডি	2
ডি	ব্লগ	2
ব্লগ	ইনি	2
ইনি	ডিজাইনার	2
ডিজাইনার	ইউজার	2
ইউজার	ডিজাইনার	2
ডিজাইনার	ইউআরএল	2
ইউআরএল	রি	2
রি	ডিজাইন	2
ডিজাইন	হেন্ডরা	2
হেন্ডরা	লাইসেন্স	2
লাইসেন্স	প্রো	2
প্রো	ভার্শন	2
করছি	ঠিকভাবে	2
ঠিকভাবে	বাট	2
বাট	ওটিপি	2
ওটিপি	ভেরিফিকেশন	2
কোড	অটো	2
অটো	নেনা	2
নেনা	হেল্প	2
চেয়ে	বেটা	2
বেটা	উইদাউৎ	2
উইদাউৎ	টিপিএম	2
টিপিএম	যে	2
যায়	ওইটাই	2
ওইটাই	পার	2
পার	বেটার	2
বেটার	কোন	2
করলেই	হল	2
আগামী	সিম	2
সিম	জন্য	2
থ্যাঙ্কস	পাশে	2
থ্যাংকস	বন্ধু	2
বন্ধু	তুমি	2
পোস্ট	টপিক	2
টপিক	যাই	2
হোক	কিছু	2
কিছু	ফানি	2
ফানি	নাটকের	2
নাটকের	নাম	2
অনেক	আবুল	2
আবুল	আছে	2
১টিবি	পাওয়া	2
পাওয়া	ইম্পসিবল	2
ইম্পসিবল	ভাই	2
আপনি	ওয়ান	2
দেখুন	ওয়ান	2
বিজনেস	নামের	2
নামের	পেইজ	2
পেইজ	লোড	2
হবে	ওয়ান	2
বিজনেস	মানি	2
মানি	৫	2
৫	টিবি	2
মিনিট	চলবে	2
আমার	লোড	2
লোড	গেম	2
গেম	আসেনা	2
আসেনা	আমি	2
কি	করমো	2
দিয়া	ইউজ	2
লিংকটা	দেওয়ার	2
স্টোর	ভিজিট	2
হবে	ভিজিট	2
লাগে	তাইনা	2
তাইনা	ভাই	2
আজ	ভিজিট	2
ভিজিট	করেন	2
আপনাকে	কাল	2
কাল	দিয়ে	2
আচ্ছা	সরি	2
সরি	শো	2
না	জিপ	2
জিপ	পাসওয়ার্ড	2
একমত	বাট	2
সব	অফিশিয়াল	2
অফিশিয়াল	ফোনের	2
ফোনের	দামই	2
দামই	বেশি	2
কম	সাইট	2
এক্সচেঞ্জ	এর	2
মানে	কাজ	2
বাংলাদেশে	থেকে	2
যদি	প্রাইস	2
প্রাইস	লিখেন	2
লিখেন	ইন্ডিয়ান	2
ইন্ডিয়ান	রুপিতে	2
রুপিতে	তাহলে	2
তাহলে	থাক	2
তবে	সামনে	2
সামনে	পাইলে	2
পাইলে	কিছু	2
সরি	স্যামসাং	2
আলাদা	আছে	2
প্লিজ	কালি	2
কালি	লিরিক্স	2
লিরিক্স	ডিস্ট্রিবিউশন	2
ডিস্ট্রিবিউশন	কেমনে	2
কেমনে	ইন্সটল	2
দিয়ে	করব	2
করব	তা	2
যাতে	ওয়াইফাই	2
আমার	ডিজেবল	2
ডিজেবল	আইডি	2
তবে	এক্সাম	2
এর	এডমিট	2
এডমিট	কার্ড	2
ছাড়া	এপিকেটা	2
এপিকেটা	খেলা	2
জিবি	৪৫	2
৪৫	এর	2
জন্য	৪৫	2
জিবি	২৫	2
২৫	এর	2
ভালো	অ্যান্ড্রয়েড	2
অ্যাপ	কোনটা	2
কোনটা	জানলে	2
বইলেন	প্লিজ	2
আইডি	০১৬২৪৯৭৭১০৭	2
ভাগ	ফইন্নির	2
দে	এখানে	2
এখানে	গালাগালি	2
গালাগালি	করার	2
ইউজার	পাঠান	2
পাঠান	ব্রো	2
সময়	সীমিত	2
সীমিত	বুঝলাম	2
বাট	অর্থ	2
অর্থ	সীমিত	2
সীমিত	এটার	2
এই	টপিকের	2
টপিকের	কি	2
কি	রিলেশন	2
রিলেশন	ব্রো	2
প্লিজ	আজকে	2
রাতের	মধ্যে	2
টিউনার	এফবি	2
তুমি	বাংলার	2
বাংলার	রাইট	2
রাইট	ট্রাভেল	2
ট্রাভেল	অপেরা	2
এমটিকে৬৫৭২	তে	2
মোড	গেলে	2
পোস্ট	এপারে	2
এপারে	এপিকে	2
পিওর	লিঙ্ক	2
কিছু	প্লেস্টোর	2
প্লেস্টোর	অ্যাপ	2
মত	লোক	2
পারলে	ইনবক্স	2
মি	পা	2
পা	রিভিউ	2
রিভিউ	১০	2
গ্রুপ	ভাইয়া	2
আমাকে	জিসুট	2
জিসুট	ফ্রিতে	2
ফ্রিতে	দিয়ে	2
হেল্প	করেছেন	2
করেছেন	বাই	2
আমাকে	তুমি	2
তুমি	বলতে	2
আপনার	চেয়ে	2
চেয়ে	ছোটই	2
ছোটই	হব	2
কি	দেব	2
শিওর	কাজ	2
এখন	ইজিনেট	2
ইজিনেট	চালায়	2
চালায়	১	2
আমার	লাগে	2
ট্রিক্স	কার্যকারি	2
কার্যকারি	এন্ড	2
আপনি	যতই	2
যতই	কন	2
কন	এটা	2
না	পোষ্টের	2
তবে	এয়ার্ড	2
এয়ার্ড	অ্যাপ	2
বিবি	করছে	2
করছে	দেখেন	2
প্লেয়ার	নট	2
ওয়ার্কিং	এটাই	2
এটাই	কিচ্ছু	2
কিচ্ছু	টা	2
টা	মিউজিক	2
মিউজিক	প্লেয়ারে	2
প্লেয়ারে	বাগ	2
আছে	গান	2
গান	নেক্সট	2
নেক্সট	করা	2
না	আনফরচুনেটলি	2
আনফরচুনেটলি	মিউজিক	2
প্লেয়ার	স্টপ	2
এসপিআরডি	নাকি	2
কেউকে	হেল্প	2
সিওসি	আইডিটা	2
আইডিটা	কে	2
যেন	নাম	2
আমি	ওইটাকে	2
ওইটাকে	কিভাবে	2
কিভাবে	আগের	2
আগের	নাম	2
ধনের	লিঙ্ক	2
লিঙ্ক	দে	2
কোর্টের	বাংলা	2
বাংলা	লেখায়	2
লেখায়	লোগো	2
এটা	মিন	2
মিন	করিনি	2
এটা	ভাইয়াকে	2
ভাইয়াকে	আমার	2
টা	খারাপের	2
খারাপের	রং	2
রং	মাইন্ডে	2
মাইন্ডে	দেয়	2
যে	ভাইয়ের	2
ভাইয়ের	ইউটিউব	2
চ্যানেলে	আছে	2
আছে	স্ক্রিপ্টটা	2
স্ক্রিপ্টটা	ট্রিকবিডি	2
এর	ভিজিটরদের	2
ভিজিটরদের	আস্ক	2
করেন	৭	2
আগেও	কয়জন	2
সম্পর্কে	জানত	2
জানত	ফালতু	2
ফালতু	তুমি	2
তুমি	আপনি	2
কি	বুঝেছি	2
বুঝেছি	সেটা	2
সেটা	ইউজার	2
ভাই	বুঝছি	2
বুঝছি	আশা	2
নাম	অল	2
অল	এক্সাম	2
এক্সাম	রেজাল্ট	2
রেজাল্ট	বিবি	2
বিবি	প্লে	2
স্টোরে	সার্চ	2
যে	টাইটেলে	2
টাইটেলে	দিলেন	2
দিলেন	ফ্রী	2
জলদি	দিবেন	2
চ্যানেল	অ্যাড	2
বাজে	চ্যানেল	2
চ্যানেল	রাখছেন	2
সেইম	ফিউচারস	2
ফিউচারস	আ	2
আ	সেইম	2
সেইম	সফটওয়্যার	2
সফটওয়্যার	হচ্ছে	2
পোস্ট	ইমেজ	2
প্রফ	দিছি	2
এডিট	বেশি	2
তাই	করবে	2
নাই	রিপ্লাই	2
দেন	স্পিড	2
কি	রিপ্লাই	2
সব	স্যামসাং	2
স্যামসাং	মোবাইলের	2
মোবাইলের	অরিজিনাল	2
অরিজিনাল	কিবোর্ড	2
কিবোর্ড	দেওয়া	2
দেখতে	আবার	2
আবার	ইউসি	2
আইডিয়া	বাট	2
এইটা	ঠিকমত	2
থ্যাংকস	ভাইজান	2
অনেক	প্রো	2
কিভাবে	কার্ডের	2
কার্ডের	এপ্লাই	2
এপ্লাই	করব	2
অ্যাপস	চালাতে	2
এফবি	নাম্বার	2
ছিল	ওর	2
ওর	মেসেজ	2
এটাই	জানার	2
কাকাবাবু	সিরিজে	2
সিরিজে	৭	2
৭	বই	2
বই	পড়েন	2
পড়েন	মজা	2
মজা	পাইবেন	2
পাইবেন	জঙ্গল	2
জঙ্গল	ঘরে	2
ঘরে	চাবিও	2
চাবিও	আছে	2
আছে	কাকাবাবুতে	2
হাহা	টাকা	2
ধরে	পার	2
পার	ইনভাইট	2
ইনভাইট	মার্কেটে	2
মার্কেটে	আসবো	2
না	বছরে	2
বছরে	এজন্য	2
এজন্য	এয়ার	2
পার	কয়েন	2
কয়েন	বলতেছে	2
বলতেছে	যখন	2
যখন	আসবে	2
আসবে	দেখেন	2
১০০০	এর	2
এর	প্রাইস	2
প্রাইস	টাটা	2
আমি	প্রিন্ট	2
রাখছি	দেখেন	2
নাই	কষ্ট	2
কষ্ট	নিবেন	2
তাতে	সমস্যা	2
ক্রিয়েট	এডু	2
মেইল	২০২০	2
যারা	গোতাগুতি	2
গোতাগুতি	করবে	2
অ্যাকাউন্ট	দিয়েন	2
আমাকে	বলতে	2
পারবেন	ট্রিকবিডি	2
এত	ফেমাস	2
ফেমাস	কেমন	2
করে	হলো	2
হলো	ওয়ার্ডপ্রেস	2
এ	আসার	2
কাছে	দিয়েছি	2
দিয়েছি	উনি	2
উনি	বললেন	2
বললেন	ভালো	2
ভালো	হেল্প	2
ডমেইন	ঠিক	2
ঠিক	করেছেন	2
করেছেন	কিভাবে	2
কিভাবে	আমরা	2
আমরা	নিলে	2
নিলে	দে	2
দে	হয়	2
না	ব্রাউজারের	2
ব্রাউজারের	অর্ধেক	2
অর্ধেক	আল	2
আল	গিয়ে	2
আর	লোড	2
একটা	সলিউশন	2
সলিউশন	দেন	2
লাগে	গুড	2
টেলিগ্রাম	দিসি	2
এখনো	তো	2
কাইন্ড	লিখলেন	2
লিখলেন	কিছুই	2
গুগল	নাই	2
নাই	একাউন্টে	2
একাউন্টে	গুগল	2
আছে	সেটিংয়ে	2
সেটিংয়ে	গুগল	2
গুগল	আনবো	2
পাসওয়ার্ড	টাইপ	2
হেল্প	পর	2
অন্য	বইয়ে	2
বইয়ে	থাকতে	2
থাকতে	জানান	2
পোস্টটা	সময়	2
সময়	বিডিতে	2
বিডিতে	আমি	2
সেটা	নিচে	2
নিচে	দিচ্ছি	2
দিচ্ছি	আর	2
পার্সোনাল	এফবি	2
এফবি	পাওয়া	2
কিছু	জরুরী	2
জরুরী	কথা	2
অনেকদিন	করিনা	2
করিনা	নেক্সট	2
২	তারিখ	2
তারিখ	এক্সাম	2
তাই	বাদ	2
ডোর	বাজে	2
সব	হয়েছে	2
হয়েছে	একটা	2
একটা	নাম্বারও	2
নাম্বারও	আসে	2
নাম	যেটা	2
সেটা	দিবেন	2
রুট	করলেন	2
কনফিগার	জন্য	2
জন্য	গ্রুপ	2
আছে	এখানে	2
এখানে	দেওয়ার	2
দরকার	নিজে	2
নিজে	এফবিতে	2
এফবিতে	গ্রুপ	2
গ্রুপ	খুলে	2
খুলে	সেখানে	2
দেয়া	শেয়ার	2
ইমরান	খান	2
খান	কি	2
অফকোর্স	পসিবল	2
তো	২০১৬	2
২০১৬	সাল	2
মানুষ	এখন	2
এখন	এত	2
না	লিংকে	2
ঢুকে	লগইন	2
লগইন	করবে	2
উপায়	এর	2
এর	পাসটা	2
পাসটা	মিলাতে	2
মিলাতে	পারছি	2
আমার	একাটা	2
একাটা	পোষ্ট	2
পোষ্ট	যদি	2
এন্ড	অনলাইন	2
অনলাইন	চালাবো	2
ট্রিকবিডিতে	আগে	2
দেখে	নিয়েছি	2
নিয়েছি	পাইনি	2
তাই	পোস্টটি	2
পোস্টটি	করাচ্ছি	2
করাচ্ছি	থ্যাংকস	2
স্ক্রিনশটে	আইএমজি	2
আইএমজি	লেখার	2
স্পেস	দেন	2
টোকেন	যখন	2
যখন	অক্টোবরে	2
অক্টোবরে	লিস্টেড	2
লিস্টেড	হবে	2
হবে	তখনই	2
তখনই	সেল	2
ভাইয়ের	ফেইক	2
আইডি	নিশ্চয়ই	2
নিশ্চয়ই	তাই	2
জায়গায়	ওনার	2
ওনার	সাইড	2
সাইড	টানছে	2
টানছে	কেন	2
বি	লিংকটা	2
এভাবে	একটিভ	2
করলাম	কিছুদিন	2
পর	লাইসেন্স	2
লাইসেন্স	ইনভেলিড	2
ইনভেলিড	নাকি	2
নাকি	লেখা	2
স্ক্রিনশট	প্লাস	2
প্লাস	লাকা	2
লাকা	না	2
না	ডাকা	2
ডাকা	আবাল	2
আবাল	মত	2
মত	কোশ্চেন	2
কোশ্চেন	করবেন	2
গালাগালি	আমি	2
আমি	করিনি	2
করিনি	করেছে	2
করেছে	ইউজার	2
ইউজার	সো	2
সো	আমাকে	2
আমাকে	এসব	2
এসব	কথা	2
বলার	প্রশ্নই	2
প্রশ্নই	আসেনা	2
মেমোরি	ফাকা	2
ফাকা	হয়	2
তাছাড়া	অন্য	2
নাই	আমিতো	2
আমিতো	ফ্ল্যাশ	2
দিতে	চাচ্ছি	2
চাচ্ছি	কি	2
যায়	বলেন	2
কেন	ব্যান্ড	2
ব্যান্ড	হয়েছে	2
করব	দিন	2
দরকার	এত	2
কিছুর	এয়ারটেল	2
এয়ারটেল	অলওয়েজ	2
অলওয়েজ	এই	2
এই	চার	2
চার	টাকায়	2
মানে	পাচ্ছেন	2
পাচ্ছেন	৮	2
৮	টাকায়	2
আমি	সিটিজি	2
সিটিজি	তে	2
ওয়েলকাম	কাজ	2
হলে	বলবেন	2
প্লেস	ভাই	2
নাকি	টিনের	2
টিনের	বানান	2
কর	তেই	2
তেই	ইচ্ছে	2
ইচ্ছে	হয়	2
হয়	এসএমএস	2
এসএমএস	টু	2
টু	বিডি	2
বিডি	এখানে	2
এখানে	করেন	2
ট্রিকবিডিতে	দিমু	2
দিমু	কিক	2
কিক	টু	2
ধরনের	ফাজলামো	2
ফাজলামো	পোস্ট	2
থ্যাংকস	পাইসে	2
৯	টাকা	2
টাকা	২০০	2
অ্যামাউন্ট	১০০০	2
১০০০	হলেও	2
টাকা	শুধু	2
শুধু	ক্যাশব্যাক	2
ক্যাশব্যাক	পাব	2
ব্রো	একসাথে	2
একসাথে	বার	2
বার	৪০০	2
নাকি	আই	2
মিন	অনেক	2
অনেক	মিনিট	2
মিনিট	একবারে	2
একবারে	নিয়ে	2
নিয়ে	রাখতে	2
কেউ	এডমিন	2
প্যানেলের	পাসওয়ার্ড	2
কিনলে	২৮	2
বাড়বে	আর	2
আর	ফ্লেক্সিপ্ল্যান	2
থেকে	মিনিটের	2
মিনিটের	মেয়াদও	2
মেয়াদও	বানানো	2
যাবে	৩০	2
মেয়াদ	উত্তীর্ণ	2
উত্তীর্ণ	গাজা	2
গাজা	খেয়ে	2
খেয়ে	রাইটিং	2
রাইটিং	করলে	2
করলে	যা	2
করবে	এমএক্স	2
প্লেয়ার	কোড	2
গুলো	আনইন্সটল	2
রং	ইমুজি	2
ইমুজি	সরি	2
কুকিজ	দেয়ার	2
দেয়ার	একদিনে	2
একদিনে	এক্সপায়ারড	2
আসবে	এটা	2
এটা	এটিসি	2
এটিসি	রিভিউ	2
ভালো	বলে	2
তাহলে	কিনব	2
কিনব	শিওর	2
সাইটে	টোটাল	2
টোটাল	ভিউ	2
ভিউ	এডসেন্স	2
এডসেন্স	অন	2
ব্রো	এয়ারটেল	2
ওর	আমাকে	2
লেল	কি	2
কি	আনসার	2
করেন	নিজেই	2
নিজের	লগে	2
লগে	মারামারি	2
মারামারি	শুরু	2
করলেন	কোনটা	2
কোনটা	বাই	2
দা	হাইওয়ে	2
হাইওয়ে	এক	2
কমেন্ট	করেই	2
করেই	একা	2
একা	মারামারি	2
মারামারি	করতেছেন	2
না	এনজয়	2
ব্রো	ইনজয়	2
আমার	নেক্সাস	2
পে	করছি	2
টাকা	পাই	2
দিয়ে	পারভো	2
কমেন্ট	কোন	2
ভাই	জি	2
মেইল	পাম্পিং	2
পাম্পিং	টা	2
আমি	বুঝিনা	2
বুঝিনা	একটু	2
একটু	বোস্তারিত	2
বোস্তারিত	বলবেন	2
হতো	যাক	2
যাক	যাদের	2
দরকার	উপকারে	2
আসবে	অ্যানাউন্স	2
অ্যানাউন্স	পেল	2
পেল	আমার	2
নাই	আপাতত	2
টিডব্লিউআরপি	আর	2
ভাই	কাম	2
কাম	আছে	2
আছে	পোস্টে	2
পোস্টে	দেখায়েন	2
অনলি	ফেইসবুক	2
প্যাক	চলবে	2
ব্রো	কই	2
যেটা	ডাউনলোড	2
পেপাল	আর	2
খুলব	ভাই	2
মেবি	স্টিকার	2
স্টিকার	টা	2
অ্যাড	করছিল	2
টিআইএ	ব্রাদার	2
এত	প্যারা	2
প্যারা	নেওয়ার	2
নেওয়ার	কি	2
দরকার	ইউটিউব	2
ভ্যান্সড	ইউজ	2
কোন	কনফিগারেশন	2
কনফিগারেশন	লাগেনা	2
ইউটিউব	ড্যান্সড	2
ড্যান্সড	এর	2
মত	ফেইসবুক	2
ফেইসবুক	ভ্যান্সড	2
ভ্যান্সড	কোন	2
আছে	ফেসবুকে	2
ফেসবুকে	ইনস্ট্রিম	2
ইনস্ট্রিম	এডস	2
মতে	প্রাইস	2
এন্ড	ফিচারজের	2
ফিচারজের	দিক	2
কোন	ফোনটা	2
ফোনটা	বেস্ট	2
ভাই	এডমক	2
এডমক	আইডি	2
আইডি	হাইড	2
ইবোর্ডরেজাল্ট্স	কম	2
কম	কোন	2
প্রবলেম	করেনি	2
করার	অনো	2
অনো	অ্যাপ	2
হ্যালো	ফ্রেন্ড	2
দরকার	কাউকে	2
কাউকে	পারবা	2
পারবা	যদি	2
যদি	পারো	2
পারো	আমাকে	2
জানাও	যত	2
যত	টাকা	2
একটাও	হয়	2
অ্যান্ড্রয়েডে	প্রোগ্রামিং	2
প্রোগ্রামিং	কোড	2
কোড	রান	2
করার	এপিকে	2
এপিকে	থাকলে	2
প্লাগিন	ইনস্টলেশন	2
ইনস্টলেশন	ফেইলড	2
এখানে	যখনই	2
যখনই	ঝামেলা	2
রেখে	ট্রাস্টেড	2
ট্রাস্টেড	ডাউনলোড	2
উইথ	ইনস্টলেশন	2
ইনস্টলেশন	প্রুফ	2
সহ	দিলাম	2
আপনার	বকাস	2
বকাস	শুরু	2
শুরু	ব্যান্ডিক্যামের	2
ব্যান্ডিক্যামের	কয়েকটা	2
কয়েকটা	কাইন্ডলি	2
কাইন্ডলি	অন্য	2
ওই	ডাউনলোড	2
ডাউনলোড	এখানে	2
পারে	অথার	2
অথার	তো	2
আপনার	ওগো	2
ওগো	পোস্টগুলোতে	2
পোস্টগুলোতে	কিছু	2
করেছিলাম	প্লিজ	2
প্লিজ	সেগুলোর	2
সেগুলোর	এনস	2
এনস	দিন	2
উই	উইল	2
উইল	মিস	2
কিন্তু	কমেন্টের	2
কমেন্টের	এন্স	2
তো	কোশ্চেন	2
কোশ্চেন	করতে	2
হবে	সেজন্য	2
সেজন্য	আপনাকে	2
আপনাকে	অন্স	2
অন্স	দেওয়া	2
ওয়ার্ডের	একটা	2
একটা	চরম	2
ভাই	দেখল	2
দেখল	না	2
অ্যান্ড্রয়েড	ভার্সনের	2
ভার্সনের	জন্য	2
জন্য	লাগবেনা	2
দুইটা	মোবাইল	2
মোবাইল	এক	2
এক	ওয়াইফাই	2
এর	আইপের	2
আইপের	ভিতরে	2
ভিতরে	থাকতে	2
কোনো	প্রান্তে	2
প্রান্তে	কাজ	2
তৈরি	করেছেন	2
এবং	এডস	2
এডস	বসিয়েছেন	2
এর	পরও	2
পরও	ফ্লাশ	2
ফ্লাশ	হয়	2
এসব	পাগল	2
পাগল	জোটে	2
জোটে	কথা	2
থেকে	বালের	2
থাই	ওয়েব	2
টানেল	কিভাবে	2
তো	আসেই	2
এসএমএস	পাইছে	2
পাইছে	৩আগে	2
ইউজার	দেখুন	2
ড্রয়েড	ভিপিয়ানে	2
ভিপিয়ানে	কি	2
হলো	ভা	2
করলে	সিস্টেম	2
অ্যাপ	হিসেবে	2
এটা	স্যামসাংয়ের	2
স্যামসাংয়ের	ক্ষেত্রে	2
ক্ষেত্রে	যেসব	2
যেসব	মোবাইলের	2
মোবাইলের	সিস্টেম	2
ওই	ক্ষেত্রে	2
ক্ষেত্রে	যাদের	2
ট্রিক্স	ফলো	2
ফলো	করবে	2
বাজারে	ভিনেগার	2
ভিনেগার	যদি	2
গুগলে	দেখছি	2
নতুন	ফিচার	2
ফিচার	এড	2
করছে	নিয়ারবাই	2
নিয়ারবাই	শেয়ার	2
শেয়ার	ইউটিউব	2
ইউটিউব	অ্যাপে	2
অ্যাপে	কিছু	2
কিছু	ফোনে	2
ফোনে	৪৮০পি	2
৪৮০পি	এর	2
বেশি	রেজুলেশনে	2
রেজুলেশনে	দেখা	2
এখন	১০৮০পি	2
১০৮০পি	দিচ্ছে	2
ক্ষেপে	যাওয়ার	2
যাওয়ার	কারনটা	2
কারনটা	কি	2
তাড়াতাড়ি	কিছু	2
সব	মডেলের	2
মডেলের	সেটে	2
সেটে	কাজ	2
করবে	সফটওয়্যার	2
মডেল	সিলেক্ট	2
করে	আনলক	2
আনলক	প্রেস	2
প্রেস	করতে	2
কিছু	লোকজন	2
লোকজন	দেখলাম	2
দেখলাম	খুবই	2
সুন্দর	অশালীন	2
অশালীন	ভাষায়	2
ভাষায়	প্রশংসা	2
প্রশংসা	করছে	2
করছে	যাদের	2
যাদের	সুন্দর	2
কমেন্ট	মডারেশনে	2
মডারেশনে	আপনাদের	2
এই	কিছু	2
কিছু	কথার	2
কথার	পোস্ট	2
হলে	তাও	2
তাও	করতো	2
না	ইন্সপায়ার	2
ইন্সপায়ার	করার	2
কোন	দাম	2
দাম	নেই	2
নেই	কোটা	2
কোটা	দিলে	2
এই	অ্যাপগুলা	2
অ্যাপগুলা	কেমন	2
দুইটা	সার্ভার	2
দিয়ে	দিয়েছি	2
দিয়েছি	একটা	2
অন্য	সার্ভে	2
সার্ভে	ট্রাই	2
ব্রাউজারে	হবেনা	2
একবার	৫০০	2
বিকাশ	করেছিল	2
লাস্ট	পোস্টে	2
কি	পড়বে	2
কি	সার্চ	2
আমার	জিটিএ৫	2
জিটিএ৫	গেমটা	2
গেমটা	লাগবে	2
অ্যাপের	পোস্ট	2
হয়ছে	তুমি	2
আবার	বিদ্যাসহির	2
বিদ্যাসহির	করতে	2
করতে	গেলা	2
গেলা	কেন	2
ড্রাইভে	এমন	2
এমন	পারমিশন	2
চায়	কেন	2
কেন	আজব	2
আজব	যতসব	2
করতে	তাপ	2
তাপ	আছে	2
কোন	জামাত	2
জামাত	থেকে	2
এই	টিপসটা	2
ও	মডারেশনের	2
মডারেশনের	জন্য	2
জন্য	দিছে	2
এমবি	কত	2
কত	থেয়া	2
থেয়া	থেকেন	2
করলেই	জানতে	2
পারবেন	ইউজার	2
করছে	ওনারে	2
ওনারে	একটা	2
একটা	বিস্কুট	2
বিস্কুট	দাও	2
ব্রো	বিগবক্স	2
বিগবক্স	থেকে	2
থেকে	উইথড্রোন	2
উইথড্রোন	নেওয়ার	2
সময়	ফি	2
ফি	গেছে	2
আইডি	ট্রাই	2
করলাম	একটার	2
একটার	জন্য	2
জন্য	৩টা	2
৩টা	ক্লোন	2
ক্লোন	বানাইলাম	2
বানাইলাম	তবুও	2
না	পোস্টে	2
হলে	করুন	2
করুন	হচ্ছে	2
সল্ভ	করুন	2
১২	এ	2
করছিলাম	অ্যাপ	2
অ্যাপ	ওপেনই	2
ওপেনই	হয়	2
হ্যাপি	ঢুকে	2
ঢুকে	ইনবক্সে	2
ইনবক্সে	দেখুন	2
দেখুন	আসছে	2
আসছে	ওকে	2
টক	বোর্ড	2
বোর্ড	অ্যানিমেশন	2
অ্যানিমেশন	ব্যাকআপ	2
রাখতে	ভুলে	2
গেছিলাম	আগের	2
অবস্থায়	যেতে	2
চাই	সিম্ফনি	2
সিম্ফনি	এইচ২০	2
এইচ২০	এর	2
এনিমেশন	কোথায়	2
মি	রুট	2
আনরুট	হয়ে	2
ধান্দা	বাজের	2
বাজের	পোস্ট	2
কিভাবে	১০	2
জিবি	নে	2
নে	বলবেন	2
ফার্স্ট	৬টা	2
৬টা	মেথড	2
তবুও	অ্যাপ	2
ইন্সটল	হইল	2
থেকে	সাত	2
সাত	দিনের	2
কিনলে	এমবি	2
নিজের	৩	2
দিচ্ছি	যেটাতে	2
যেটাতে	সব	2
ইনকাম	দেওয়ার	2
চেষ্টা	কে	2
কে	বাংলাদেশ	2
এখনকার	মতো	2
মতো	আপকা	2
আপকা	সাইড	2
সাইড	বানাবেন	2
আচ্ছা	পাসওয়ার্ড	2
যদি	এফবিটা	2
এফবিটা	সিকিউরিটি	2
সিকিউরিটি	অপশন	2
এফবি	ঢকা	2
ঢকা	সম্ভব	2
সম্ভব	কিনা	2
কিনা	ফোন	2
নাম্বার	কিন্তু	2
কাছে	থাকবে	2
থাকবে	পাজি	2
পাজি	দোষী	2
দোষী	প্লিজ	2
বলবেন	ধোকা	2
ধোকা	যাবে	2
আচ্ছা	লি	2
লি	ভাই	2
আমিতো	ক্লাস	2
১০	দিনাজপুর	2
দিনাজপুর	বোর্ড	2
বোর্ড	না	2
রম	ব্যাকাপ	2
ব্যাকাপ	রাখতে	2
রাখতে	পারব	2
পারব	বাটন	2
সবগুলাই	টিপি	2
ভাই	যতগুলা	2
যতগুলা	পাইছি	2
টিপি	লিংকই	2
লিংকই	ছিল	2
পারছি	এ্	2
এ্	অফ	2
অফ	নট	2
ইনস্টলড	শো	2
এই	জিমেইলে	2
জিমেইলে	দিয়েন	2
দিয়েন	যার	2
আছে	স্পেশালি	2
স্পেশালি	ইউজার	2
ঠিক	রাখ	2
রাখ	গরু	2
গরু	কোথাকার	2
সিম্ফনি	ডাবলু১৭	2
ডাবলু১৭	বুট	2
আইএমজি	ডাউনলোড	2
ব্রো	চলে	2
এন্ড	অনলি	2
সিম	এন্ড	2
আমার	তিনটা	2
তিনটা	সিমের	2
মধ্যে	২টা	2
২টা	চলে	2
১টা	চলে	2
তাই	একটা	2
কথাই	সবাইকে	2
সবাইকে	বলে	2
বলে	যাদের	2
যাদের	কানেক্ট	2
অন্য	জিপি	2
করবেন	হবে	2
১	ইয়ারের	2
ইয়ারের	মাঝে	2
মাঝে	কেনা	2
কেনা	হয়েছে	2
হয়েছে	সেটাই	2
সেটাই	কানেক্ট	2
৩	টাইম	2
টাইম	স্পিন	2
অটোই	গানে	2
গানে	কথা	2
কথা	বসায়	2
বসায়	এক্সামপেল	2
এক্সামপেল	এক্সক্লুসিভ	2
এক্সক্লুসিভ	বাই	2
বাই	বিডি	2
বিডি	মিউজিক২৪	2
মিউজিক২৪	কম	2
ভার্সন	নোগাট	2
নোগাট	এক্সপ্রেসড	2
এক্সপ্রেসড	সাপোর্ট	2
শর্টকাট	ফোল্ডারে	2
কি	টিনার	2
টিনার	বানানো	2
আশা	ট্রিক	2
বিডিতে	কাজ	2
একটু	সুযোগ	2
সুযোগ	দিতেন	2
মিনিট	৩২	2
৩২	সেকেন্ড	2
৪২০	পোস্ট	2
পোস্ট	ভাও	2
কয়	ভাই	2
আপনাকে	ডেভেলপার	2
ডেভেলপার	কনসোল	2
কনসোল	থেকে	2
থেকে	এপিআই	2
টু	ব্রাদার	2
ব্রাদার	সার্কেলএফটিপি	2
সার্কেলএফটিপি	আমার	2
আগের	আইএসপিতে	2
আইএসপিতে	পেতো	2
পেতো	নতুন	2
নতুন	আইএসপিতে	2
আইএসপিতে	এক্সেস	2
এক্সেস	নেই	2
নেই	সাইকেল	2
সাইকেল	টিপি	2
টিপি	ওয়ান	2
দেখলাম	প্লেতে	2
প্লেতে	গিয়ে	2
গিয়ে	বাট	2
পয়েন্ট	দো	2
দো	পাইতেছি	2
পাব	ভিডিও	2
দেখা	হলে	2
ভালবাসি	এম	2
এম	রেকর্ড	2
করুন	হেল্প	2
হ্যাঁ	এডসেন্স	2
এডসেন্স	ক্রিয়েট	2
করতে	ওয়েবসাইট	2
ওয়েবসাইট	লাগে	2
লাগে	হ্যাঁ	2
এডসেন্স	এড	2
এড	করাতে	2
করাতে	পারি	2
অনলি	ওয়েবসাইট	2
টিপস	দেখে	2
ইমেইল	লাগবে	2
লাগবে	দিলে	2
হব	ইমেইল	2
ব্রো	দেখাচ্ছে	2
দেখাচ্ছে	দিস	2
নট	এভেইলেবল	2
এভেইলেবল	অন	2
অন	ইওর	2
কিনা	ভাবতেছি	2
জন্য	রমটা	2
রমটা	পোর্ট	2
পোর্ট	খুলে	2
খুলে	ডাইরেক্ট	2
পারেন	রিকভারি	2
মোডে	যে	2
কিছু	করবেন	2
ইনস্টল	জিভ	2
জিভ	ফ্রম	2
ফ্রম	এসডি	2
কার্ডে	যে	2
যে	রংটা	2
রংটা	ফ্ল্যাশ	2
ভাই	খুলে	2
টেলিগ্রাম	ভাই	2
উই	ওয়ান্ট	2
ওয়ান্ট	টু	2
লার্ন	সো	2
ভিডিওসহ	দিলে	2
আমার	সি	2
সি	ডাব্লু	2
ডাব্লু	এম	2
এম	টা	2
নেই	কিভাবে	2
ডাউনলোড	পিঙ্ক	2
পিঙ্ক	দিলে	2
আমি	ওয়েলডি	2
ওয়েলডি	মাক্সট্যান	2
মাক্সট্যান	অ্যাটাকিং	2
অ্যাটাকিং	জনে	2
জনে	আছি	2
রিপোর্ট	খাই	2
খাই	আর	2
আর	ইচ্ছা	2
থাকলে	পোস্টটা	2
হলেও	কাজে	2
সেটা	বুঝলেই	2
বুঝলেই	তো	2
তো	হইছিলই	2
হইছিলই	ট্রিকবিডি	2
ট্রিকবিডি	থাকত	2
ভাল	রেংকে	2
রেংকে	থাকতো	2
আমারতো	কোড	2
ভাইয়া	দুইটা	2
দুইটা	অ্যাকাউন্ট	2
বেশি	খুলতে	2
আইপি	ইস	2
ইস	টেকেন	2
টেকেন	দেখায়	2
কেন	ফ্রি	2
ফ্রি	বেসিস	2
বেসিস	দিয়ে	2
যে	এক্সপ্লোর	2
এক্সপ্লোর	নাম	2
নাম	দেখেই	2
দেখেই	লাভ	2
লাভ	দিবেন	2
যে	এক্সপ্লোরের	2
এক্সপ্লোরের	কথা	2
এখানে	ভাবতেছেন	2
ভাবতেছেন	সেই	2
সেই	এক্সপ্লোর	2
এক্সপ্লোর	আমি	2
তারপর	বলুন	2
পেলাম	আপনার	2
শুনে	ধন্যবাদ	2
জানি	লিমিটেড	2
বুঝে	রিপোর্ট	2
রিপোর্ট	দেয়া	2
দেয়া	বোকামির	2
বোকামির	কাজ	2
কাজ	ভাইয়া	2
পাইলেন	কার্ড	2
চায়	রিপ্লাই	2
কারনে	হাশরের	2
ময়দানে	মানুষের	2
মানুষের	জিন	2
জিন	থাকবে	2
আজরাইল	আঃ	2
আঃ	কে	2
নিতে	দেখেছিল	2
দেখেছিল	তারা	2
না	নিশ্চয়ই	2
নিশ্চয়ই	সেটা	2
এলিয়েনদের	তারমানে	2
তারমানে	নবীজির	2
একাউন্ট	খেলছি	2
খেলছি	ওই	2
জিমেইল	আইডিটা	2
আইডিটা	আমি	2
একই	নাম্বার	2
জিমেইল	খুলছি	2
একাউন্ট	ইউজার	2
গ্রুপ	কি	2
পূর্বে	অন্য	2
সাইটে	এগুলো	2
বা	আপনাদের	2
সনি	ক্সপ্রেরিয়া	2
ক্সপ্রেরিয়া	জেডআর	2
জেডআর	কিভাবে	2
করব	কিং	2
কর	হয়	2
আবার	আপনারটায়	2
আপনারটায়	হবে	2
ব্রো	হতেও	2
ফ্ল্যাশ	গ্যাপস	2
গ্যাপস	মেবি	2
মেবি	ঠিক	2
মিয়া	স্যামসাং	2
জে১	হয়	2
হুম	মিউজিক	2
মিউজিক	কোয়ালিটি	2
হলেও	মোটামুটি	2
মোটামুটি	কাজ	2
হ্যাকিংয়ের	জন্য	2
বেশি	ব্যবহার	2
ভাই	লসপল্লস	2
লসপল্লস	অ্যাকাউন্ট	2
অথর	একজন	2
একজন	প্রতারক	2
প্রতারক	নাইস	2
নাইস	ইউটিউবে	2
এর	স্ক্যাম	2
স্ক্যাম	করে	2
ভাই	ছবিটা	2
ছবিটা	কি	2
পড়া	মন	2
মন	ছবিটার	2
ছবিটার	মতো	2
মতো	আবেগী	2
ধন্যবাদ	ভালো	2
নিলাম	মেয়াদ	2
এত	নাম্বার	2
নাম্বার	পাব	2
ক্লিক	পেড	2
পেড	অ্যাপ	2
কালকে	সন্ধ্যায়	2
সন্ধ্যায়	কার্ড	2
কার্ড	হাতে	2
হাতে	পেয়েছি	2
পেয়েছি	৮	2
তারিখ	অর্ডার	2
অর্ডার	করেছিলাম	2
করেছিলাম	দোয়া	2
দিছেন	ভার্সন	2
বাট	রিকোয়েস্ট	2
দিছি	কখন	2
কখন	রেসপন্স	2
রেসপন্স	করবে	2
ভাই	যাওয়া	2
যাওয়া	অ্যান্টিভাইরাস	2
অ্যান্টিভাইরাস	কেন	2
কেন	সফটওয়্যারটি	2
সফটওয়্যারটি	ডাউনলোড	2
করলে	স্বপন	2
স্বপন	বিডি	2
বিডি	জি	2
জি	এ	2
টি	নিয়ে	2
কেন	শালারা	2
শালারা	নিতে	2
নিতে	চ্যাট	2
চ্যাট	নাই	2
নাই	মানুষের	2
মানুষের	চ্যাট	2
চ্যাট	দিয়ে	2
দিয়ে	প্রসব	2
প্রসব	করিস	2
তার	চিন্তা	2
ভাবনা	ঐরকম	2
ঐরকম	কিছু	2
না	লাগলেই	2
লাগলেই	পট	2
পট	দেয়া	2
দেয়া	লিভ	2
লিভ	নেন	2
নেন	টাটা	2
আপ	অনলি	2
খোজাই	তা	2
তা	পাই	2
পোস্টও	করে	2
শান্তি	নাই	2
কষ্টের	লেখা	2
কেউ	চুরি	2
টিমকে	কিছু	2
পি	ভালই	2
ট্রিকবিডিতে	মানসম্মত	2
ব্রো	ট্রিক	2
ট্রিক	ভিডিওর	2
ভিডিওর	সাথে	2
থাকুন	আপনার	2
আপনার	ট্রিট	2
ট্রিট	দেওয়ার	2
রম	ফ্লাস	2
ফ্লাস	করতে	2
আপনার	টিজি	2
টিজি	ইউজার	2
সবার	একটা	2
আগে	ফ্লেক্সিপ্ল্যান	2
থেকে	এক	2
এমবি	কিনেন	2
কিনেন	দেন	2
এমবি	বাড়ান	2
বাড়ান	দেখেন	2
তো	কখন	2
কখন	কাজ	2
এডমিন	সি	2
দিস	ল্যাঙ্গুয়েজ	2
ল্যাঙ্গুয়েজ	আমি	2
আমি	মুখটা	2
মুখটা	খারাপ	2
ট্রপি	কি	2
বিকাশে	দেয়	2
আগে	শিখেছি	2
মানে	একজন	2
মানুষ	একদিনে	2
একদিনে	কতক্ষণ	2
কতক্ষণ	ফোন	2
ভিপিএন	একাউন্ট	2
ছাড়া	চালানো	2
লগইন	ফেইল	2
ফেইল	আসতেছে	2
বারবার	এখন	2
লাইট	সম্পর্কে	2
সম্পর্কে	যদি	2
করেন	পেপাল	2
পেপাল	একাউন্টে	2
একাউন্টে	রকেট	2
রকেট	একাউন্টে	2
একাউন্টে	কিভাবে	2
করব	রকেট	2
রকেট	অ্যাড	2
সময়	আইবিএম	2
আইবিএম	কোড	2
চাই	আইবিএএম	2
আইবিএএম	কোডটা	2
পাব	বা	2
বা	আইডিএম	2
আইডিএম	কোড	2
অবস্থা	হলো	2
এরকম	একজনের	2
একজনের	কিডনি	2
কিডনি	নিয়ে	2
নিয়ে	নিচে	2
নিচে	কুমিল্লার	2
তবে	দারুণ	2
দেখি	একই	2
আর	কয়জন	2
কয়জন	করে	2
রুট	বাদে	2
বাদে	করা	2
গেলে	জানান	2
অন	রেখেই	2
রেখেই	করছি	2
ব্যাটা	আবার	2
আবার	অরিজিনাল	2
অরিজিনাল	হয়	2
দিয়ে	ফেসবুকে	2
ফেসবুকে	টু	2
অনেক	অনলাইন	2
আর্নিং	পাইলাম	2
পাইলাম	যার	2
যার	কতগুলো	2
কতগুলো	সরল	2
সরল	করার	2
আগেই	সমস্যা	2
সমস্যা	আর	2
কিছু	সরোর	2
সরোর	পর	2
পর	সমস্যা	2
সমস্যা	এখন	2
রিয়েলি	এটা	2
তাহলে	কাজটা	2
কাজটা	করতাম	2
৮০৭২৮৬১৩৫৬৩	ফ্লো	2
ফ্লো	মি	2
মি	ফ্লো	2
ফ্লো	ব্ল্যাক	2
ব্ল্যাক	করবো	2
করেন	বলব	2
হুয়াওয়ে	কিভাবে	2
আপডেট	এখন	2
আবে	ধ্যাত	2
ধ্যাত	এটা	2
দিচ্ছে	কেন	2
সাথে	এফবিতে	2
ভাইয়া	এডো	2
এডো	মেইল	2
মেক	করতেছি	2
করতেছি	একটু	2
কষ্ট	করেন	2
করেন	কালকে	2
কালকে	পেয়ে	2
যাবেন	টিউটোরিয়াল	2
চ্যানেলে	এন্ড	2
এন্ড	ওয়েবসাইটে	2
প্লিজ	ফ্রী	2
ফায়ার	খেলার	2
ভাই	পাইরয়েড	2
পাইরয়েড	৩	2
৩	এপ	2
ইউজার	ওটা	2
ওটা	তোমার	2
কাছে	হতে	2
স্যার	একজন	2
একজন	ডেইলি	2
ডেইলি	ভিজিটর	2
ভিজিটর	হিসেবে	2
হিসেবে	আমার	2
ট্রিকবিডি	অনেকটা	2
অনেকটা	ঘুমিয়ে	2
ঘুমিয়ে	গেছে	2
যদি	একটি	2
একটি	ক্রিয়ান	2
ক্রিয়ান	ার	2
ার	কম্পিটিশন	2
কম্পিটিশন	করা	2
একটা	গার্ডের	2
গার্ডের	তামিল	2
তামিল	কি	2
পোস্টটা	বাইর	2
কোন	আইপি	2
এড্রেস	পাব	2
পাইলে	তো	2
আইপি	দিয়া	2
লাস্টে	একটা	2
একটা	কথায়	2
কথায়	খালি	2
খালি	বলবো	2
দিয়েন	নিউ	2
ওয়ার্কিং	কনফিগ	2
৯	মিনিট	2
পর	নিতে	2
বাট	১৫০	2
১৫০	একবারও	2
একবারও	পাইনি	2
পর্যন্ত	আমাকে	2
আমাকে	১বারে	2
১বারে	৯০	2
৯০	পর্যন্ত	2
পর্যন্ত	দিয়েছে	2
এক	পোস্টার	2
পোস্টার	কতবার	2
কতবার	দিবেন	2
আর	অবশ্যই	2
অবশ্যই	ফোনের	2
ফোনের	ব্রাউজার	2
ব্রাউজার	বা	2
থেকে	করুন	2
কিভাবে	উঠাবো	2
উঠাবো	প্লিজ	2
আপনি	১২	2
ভাই	এলজি	2
এলজি	সিম্ফনি	2
দেশের	ব্রান্ড	2
কেন	আপ	2
আপ	নট	2
টপিক	না	2
পেলে	যা	2
খালি	লাইন	2
লাইন	এক্স	2
এক্স	ফোনে	2
৪	৪ক্স	2
৪ক্স	ফোনে	2
প্লিজ	খালি	2
খালি	লিলাক্সের	2
লিলাক্সের	অ্যাপের	2
অ্যাপের	লিংক	2
ইনকাম	অ্যাপ	2
করছেন	ওইটায়	2
ওইটায়	পেমেন্ট	2
বালের	নিউজ	2
নিউজ	ও	2
ও	ট্রিক	2
বিডিতে	দেখতে	2
হবে	রিপোর্টেড	2
পরও	টিনারশীপ	2
টিনারশীপ	দেয়	2
এয়ার	অফার	2
অফার	মি	2
মি	এখনও	2
পার্টনার	প্রোগ্রাম	2
প্রোগ্রাম	দিয়ে	2
জয়েন	করব	2
তিনবার	পেয়েছি	2
পেপাল	গুলো	2
আগের	দিনগুলো	2
দিনগুলো	আপকা	2
আপকা	থেকে	2
থেকে	ট্রিকবিডিতে	2
তোমাকে	আবার	2
অফার	করা	2
বাট	তুমি	2
তুমি	বাদ	2
বাদ	গেছিলা	2
গেছিলা	আর	2
তোমার	রিয়েল	2
রিয়েল	ফটো	2
ফটো	কোনটা	2
কোনটা	আগেরটা	2
আগেরটা	না	2
হয়নি	এটা	2
এটা	গুগলের	2
গুগলের	নিজস্ব	2
নিজস্ব	চিপ	2
থেকে	অনেকগুলা	2
অনেকগুলা	রেফারি	2
রেফারি	করলে	2
কপিকন্টেন্ট	অফ	2
উনার	এপ্লাই	2
এপ্লাই	কর	2
ফ্যানটা	কিন্তু	2
কিসের	বন্ধু	2
বন্ধু	অবাক	2
অবাক	করছে	2
করছে	অফার	2
অফার	এতদিন	2
এতদিন	ধরেই	2
ধরেই	তো	2
তো	ডায়াল	2
দেয়	এটা	2
সবাইতো	আর	2
মত	চালাক	2
চালাক	না	2
অনলাইন	গেমের	2
যে	সফটওয়্যারটা	2
সফটওয়্যারটা	আছে	2
ওই	দেন	2
তা	টিপস	2
ব্রো	সিওসি	2
সিওসি	গেমের	2
গেমের	হ্যাকিং	2
তোমাদের	মত	2
ফালতু	পোস্টারদের	2
পোস্টারদের	জন্যই	2
এর	আজ	2
এই	দশা	2
স্কিটো	সিমে	2
সিমে	রিচার্জ	2
রিচার্জ	দিয়েসলিন	2
অন্য	রমের	2
রমের	চেয়ে	2
অ্যান্ড্রয়েড	কোন	2
কোন	ভার্সনে	2
কোন	কোনটায়	2
কোনটায়	করবে	2
তাও	পোস্টে	2
পোস্টে	বলেন	2
হুম	চেক	2
করলাম	আজকেও	2
আজকেও	অনেক	2
করছে	আইডি	2
দেন	কাজটা	2
কাজটা	ঠিক	2
ছিল	চালিয়ে	2
ইউজার	ব্রাদার	2
মত	খা	2
খা	টি	2
টি	পাবলিকের	2
পাবলিকের	জন্য	2
শালার	লাথি	2
লাথি	মাইরা	2
মাইরা	বাইর	2
হোক	শালা	2
শালা	বাটপার	2
বাটপার	ফকিন্নি	2
হেডলাইনের	সাথে	2
দেখুন	আপনি	2
একাই	সাতটা	2
সাতটা	মেইল	2
মেইল	করেছেন	2
করেছেন	তাহলে	2
মেইল	রিভিউ	2
সময়	লাগবেই	2
হাহাহাহাহাহাহা	পুরাই	2
একবার	হইত	2
হইত	পিক	2
পিক	খোলার	2
এক	অ্যাকাউন্ট	2
দিয়ে	ডেইলি	2
এটা	স্পেসিআ	2
স্পেসিআ	অফার	2
অফার	অনলি	2
হুম	আর	2
কিভাবে	মোট	2
মোট	করার	2
কোড	বানায়	2
বানায়	এটা	2
এটা	নিয়েও	2
হ্যাঁ	ভালো	2
মাইক্রোম্যাক্স	সি১	2
সি১	ভার্শন	2
ভার্শন	রুট	2
একবার	ওঠার	2
ওঠার	হবার	2
হবার	সুযোগ	2
৫১২	রেম	2
রেম	চালবো	2
করছি	টিউনার	2
পারবেন	কেমন	2
গভমেন্ট	অফিসার	2
অফিসার	সাইট	2
এপিকে	মেবি	2
মেবি	সেখান	2
ডাটা	নিয়ে	2
নিয়ে	করেছে	2
করেছে	ওর	2
ওর	সেই	2
সেই	সার্ভারের	2
সার্ভারের	ডাটা	2
টিউনার	কম্পিটিশন	2
কম্পিটিশন	বানাইতেছেন	2
বানাইতেছেন	আর	2
আর	আম্মারে	2
আম্মারে	এটবারও	2
এটবারও	জানালেন	2
আমায়	ভুইলা	2
স্পটিফাই	কি	2
খারাপ	লাগতেই	2
আমার	হ্যান্ডসেট	2
হ্যান্ডসেট	হল	2
হল	হুয়াওয়ে	2
একটা	সমস্যায়	2
সমস্যায়	ভুগছি	2
ভুগছি	আমি	2
পিসিতে	জিপি	2
চালাই	কয়েকদিন	2
ধরে	নেটওয়ার্ক	2
নেটওয়ার্ক	কানেক্ট	2
হওয়া	সত্বেও	2
সত্বেও	ইন্টারনেট	2
ইন্টারনেট	চলছে	2
নেটওয়ার্ক	ডি	2
এস	এরর্	2
এরর্	দেখাচ্ছে	2
ভাই	সক্রিপ্টের	2
সক্রিপ্টের	লিঙ্ক	2
দরকার	পোস্টটা	2
ইনশাআল্লাহ	একদিন	2
একদিন	হবে	2
থ্যাংকস	এটাতে	2
মনে	মার্কস	2
মার্কস	নেওয়া	2
এর	বিরে	2
বিরে	কেউ	2
কি	লাইভে	2
লাইভে	তা	2
তা	শোনা	2
শোনা	যাবে	2
রিপ্লাই	বড়	2
পোষ্টের	চেয়েও	2
চেয়েও	অনেক	2
ডাউনলোড	নিয়ে	2
কাছে	ওয়ালটন	2
প্রিমো	জিএম	2
জিএম	ললিপপ	2
রাম	থাকলে	2
ভাই	এক্সইপি	2
এক্সইপি	করেন	2
আমাকে	ইনবক্সে	2
ইনবক্সে	বলা	2
ফুল	পেমেন্ট	2
পেমেন্ট	সহ	2
সহ	আপডেট	2
আগে	করিয়েন	2
ওয়ার্কিং	ইন	2
ইন	সিম্বিয়ান	2
কপির	ফ্রম	2
ফ্রম	জীবন	2
সমাধান	ইউজার	2
ফেসবুকে	ইনবক্স	2
এখানে	এত	2
এত	বলা	2
বলা	সম্ভব	2
আমাকে	এমটিকে	2
৬৫৯২	ওএস	2
ওএস	আপটু	2
আপটু	এর	2
একটি	পিওর	2
পিওর	নোগাট	2
নোগাট	কাস্টম	2
এড	দিলে	2
বাংলাদেশ	কি	2
গেলে	অন্য	2
নিউ	টিউটোরিয়াল	2
একটু	নেট	2
বলতে	পারছে	2
কিভাবে	জানলে	2
বলে	দিব	2
একটা	কনফিউশন	2
থেকে	২০০০	2
ভিডিও	দিতে	2
হইছে	ট্রাই	2
কইরা	দেখতে	2
এখন	রবি	2
কেমনে	বানায়	2
শিখাইতে	পারবেন	2
বের	হয়েছে	2
৬	দিন	2
পূরণ	করছি	2
ঘন্টা	হয়ে	2
গেল	কোন	2
করে	কয়	2
সাইট	খুলে	2
বলদ	নাকি	2
কনট্রিবিউটর	থেকে	2
একাউন্ট	করেন	2
টাকায়	৬০	2
তার	কারণ	2
কি	সম্পর্ক	2
ভাই	রানা	2
ভালই	বাট	2
করতে	ভয়	2
কাছে	তো	2
মাচ	ভাই	2
১বার	নিতে	2
দেখেন	এ	2
পারেন	চাইলে	2
ভালই	চলছিল	2
তবে	থ্যাংকস	2
দেখেন	ব্রো	2
নাইস	ইউজার	2
অ্যাপসটা	টা	2
হাই	ইউজার	2
কাজ	করো	2
হতে	কতদিন	2
অ্যাপ্রুভ	করে	2
ডাটা	এক্সট্র্যাক্ট	2
থাকে	আবার	2
থাকে	যার	2
চ্যাট	হয়	2
হয়	আরো	2
মিউচুয়াল	ফ্রেন্ড	2
কোন	পিক	2
মানে	কোন	2
মেনু	অপশন	2
রেকর্ড	এর	2
গ্রেট	আইডিয়া	2
এর	ব্যাকগ্রাউন্ড	2
করছেন	একটু	2
ফোনের	কি	2
ভাইয়া	কিটক্যাট	2
প্র	অ্যাপ	2
এটা	প্লে	2
আগের	পোস্টের	2
পোস্টের	লিংক	2
লাগবে	বা	2
থেকে	বিটকয়েন	2
ইওর	কাইন্ড	2
কাইন্ড	ইনফরমেশন	2
রিফান্ড	দেওয়া	2
ম্যাক্সিমাম	১০০	2
স্লো	বাট	2
পোষ্ট	তাই	2
তাই	রিপোর্ট	2
ভাইয়া	জিপি	2
ভাই	এবার	2
আপনার	পায়ে	2
যখন	ট্রিকবিডিতে	2
করবেন	তবে	2
ফর	ঠিক	2
এটা	করে	2
সো	নো	2
ইন	দিস	2
ফর	রিপ্লাই	2
বলা	যাই	2
যাই	অনেক	2
এটা	নিজের	2
তে	পোষ্ট	2
কমেন্ট	করসি	2
চোখে	পরে	2
চিপসেট	অনুযায়ী	2
সবাই	পোষ্ট	2
জিবি	হোয়াটস্যাপ	2
রিকোয়েস্ট	দিবো	2
এই	তার	2
পোষ্ট	আমার	2
আমার	ওয়েবসাইট	2
নেইম	প্লিজ	2
টা	সার্ভে	2
সার্ভে	এর	2
তবে	অনেক	2
বিকাশ	রকেট	2
রকেট	থেকে	2
ভাইয়া	ট্রিক	2
প্লে	এর	2
এমবি	দেয়না	2
ডেমো	দিলে	2
হমমম	এই	2
লাগলো	কথা	2
আপনি	দেন	2
আছে	ইউটুব	2
এইটা	কোথায়	2
সাথেই	সাথেই	2
দেখে	ফেলেছি	2
এ	করেছি	2
ভিডিও	নাই	2
৩	টি	2
৩জি	সাপোর্ট	2
করে	নোকিয়া	2
করসেন	এইটা	2
কিভাবে	আয়	2
জানাবেন	আপনার	2
করুন	খুব	2
ব্রো	টেনক্স	2
সিস্টেম	পেলে	2
করা	পোষ্ট	2
টা	বলেছি	2
বলেছি	থ্যাংক	2
এইটা	এখন	2
অফ	আসে	2
এ	এমনি	2
অনেক	মোড	2
ভার্সন	আসে	2
টা	সম্পূর্ণ	2
গুলা	এমন	2
আমার	তাই	2
এ	চাপলে	2
অল	মার্ক	2
নিজে	ইউস	2
ইউজার	ভয়	2
ভাই	দেখতে	2
লাইভ	চ্যাট	2
চ্যাট	অপসন	2
আপনার	ওয়েবসাইড	2
এন্ড	এপপ্স	2
চালাই	জান	2
এক	কথা	2
বলসি	কেন	2
কেন	নিজের	2
গুড	কাজ	2
ডিটেলস	এ	2
কার্ড	কি	2
টানেল	ভিপিএন	2
না	করাও	2
করতে	কতদিন	2
কতদিন	লাগবে	2
পিসি	নিয়ে	2
সফল	হয়নি	2
তাই	আসে	2
রিকভারি	বানানো	2
এর	ফ্ল্যাশ	2
আর	প্লিজ	2
একটা	সুযোগ	2
দিবেন	তার	2
আইপি	ব্লক	2
সে	কিন্তু	2
বুক	গুলা	2
কিসু	একটা	2
অডিও	বুক	2
কেমন	মানে	2
পাবেন	বাট	2
গুড	পোষ্ট	2
নেক্সট	কবে	2
হয়ে	থেকে	2
জাভা	পোষ্ট	2
হবে	ফাইল	2
ঠিক	দিয়ে	2
এপিকে	তার	2
কে	ফ্রি	2
জাস্ট	আপলোড	2
পোষ্ট	ভালো	2
বড়ো	করে	2
গেলে	চলবে	2
২দিন	পর	2
সরি	মিস্টেক	2
পরের	পোষ্ট	2
এর	কাসে	2
ইউটুব	লিংক	2
ভাই	এডিটর	2
আবাল	রিপোর্টেড	2
ভালো	কে	2
কে	মন্দ	2
পর্যায়ের	সুন্নাত	2
ও	টা	2
গুরুত্ব	দিয়ে	2
রাসূলুল্লাহ	সাল্লাল্লাহু	2
মোড	এপ্প	2
ক্রেডিট	এ	2
যখন	লাগবে	2
ওয়েট	প্লিজ	2
ফোন	আমার	2
থেকে	এবং	2
ফ্ল্যাশ	মারসি	2
সু	জিপ	2
জিপ	দিয়ে	2
এই	সেট	2
নিজে	নিজেই	2
নিয়ে	আসবেন	2
লঞ্চ	করবে	2
কিছু	পোষ্ট	2
রুট	সম্পর্কে	2
এক্সেস	লাগবে	2
এই	ইমেইল	2
ইমেইল	এই	2
নাই	কাজ	2
ভুল	সিলো	2
ভি৭৫	কিভাবে	2
করবো	ডিটেলস	2
যদি	করি	2
ওগুলা	তো	2
ক্লাস	১	2
পারবেন	কে	2
থেকে	জিমেইল	2
নম্বর	আসে	2
নামিয়ে	নিন	2
করি	সবাই	2
করেন	থাঙ্কস	2
শেয়ারিং	ভালো	2
ভালো	বই	2
পোর্ট	করলে	2
আমার	রেটিং	2
বাংলা	করে	2
তুক্সলের	ভিপিএন	2
প্রিমিয়াম	দিতে	2
দেয়া	লাগে	2
ইট	প্লিজ	2
টিউটোরিয়াল	দাও	2
তাহলে	আনইনস্টল	2
নিজেই	একটা	2
এক	অথর	2
আমি	ডাটা	2
পসিবলে	না	2
ডাউন	দেওয়ার	2
জন্য	ভাল	2
ইওর	এফবি	2
থ্যাংকস	ইওর	2
২	দেখেন	2
এমন	আরো	2
ইউজার	আমাকে	2
হবে	গুগল	2
ভাই	টিভি	2
এর	বিন	2
বাট	এভাবে	2
কাসে	একটা	2
একটা	এপ্প	2
পেজে	এ	2
খেয়াল	রাখবো	2
করা	নাকি	2
দিয়ে	ক্রিয়েট	2
জিমেইল	আর	2
কন্টাক্ট	করে	2
করে	ফেরত	2
বলেন	আমার	2
মেইল	ইনবক্স	2
এ	ভরা	2
কিন্তু	হয়না	2
নেক্সট	প্লিজ	2
হ্যা	ব্রো	2
মজা	পাই	2
এপ্প	ইনস্টল	2
সিস্টেম	ভালো	2
টা	আপনাকে	2
জাস্ট	চেঞ্জ	2
ও	এফবি	2
বেশি	লাইক	2
গেম	আর	2
যাই	ওটা	2
ওটা	নিয়ে	2
টা	তাই	2
ও	করসি	2
পেন্ডিং	এখন	2
হাদিস	এ	2
দিয়ে	দাওয়া	2
মাত্রই	ভুল	2
ভুল	এটা	2
কবিরা	গুনাহ	2
টা	জানার	2
জানার	পর	2
করবে	যদি	2
যদি	করে	2
টা	পড়েন	2
হুম	কাল	2
নীল	বাটন	2
পিন	টা	2
আগে	মনে	2
করসিলাম	ভাই	2
দরকার	খুব	2
পাস	দিয়া	2
তো	ওই	2
আই	রকম	2
টাকায়	২০০	2
দেখুন	কিসু	2
কাইনমাস্টার	এ	2
সাইজ	অনেক	2
বড়ো	হয়	2
আপলোড	হতে	2
দেখে	অনেক	2
রেট	আপনি	2
স্পিনার	এ	2
কাজ	বাট	2
এ	কতবার	2
আনতে	পারবেন	2
কি	১০০	2
রাইট	ইউজার	2
ইউজার	সব	2
সনি	মোবাইল	2
ও	রুট	2
সনি	এম৪	2
সিম	১	2
আচে	আমি	2
যদি	পসিবল	2
পসিবল	হয়	2
এপ্প	দিয়ে	2
আমার	এখনো	2
ওইটা	তে	2
হয়ে	আপনি	2
চান	আপনি	2
টা	২০	2
লাগানো	যাবে	2
এডসেন্স	অপ্প্রভড	2
হবে	ল্যাপটপ	2
ল্যাপটপ	না	2
আর	কোনটা	2
কিসু	এ	2
পারবেন	মেবি	2
কে	নিয়ে	2
বিদ্যা	ভয়ংকরী	2
এখানে	অনেকের	2
ও	অনেকবার	2
১০টাকা	রিচার্জ	2
ভিপিএন	৪	2
কিসু	লিখতে	2
রেফারেল	এ	2
দিয়ে	একটাই	2
ইনস্টল	ও	2
পাবেন	কোনো	2
ব্রো	শেয়ার	2
দেন	ওর	2
কয়েন	বিক্রি	2
কেন	করছেন	2
এইটা	করতে	2
তো	পাসপোর্ট	2
নম্বর	লাগবে	2
ভিডিও	দেখবে	2
হতে	দেরি	2
ওয়াইটি	এ	2
যাবে	তাও	2
তখন	যখন	2
এ	করবেন	2
আগে	থাকে	2
আর	প্রিমিয়াম	2
৩০	মিন	2
১	হওয়ার	2
আপনি	ইচ্ছা	2
করলে	ট্রাই	2
ফিরে	যেতে	2
যেতে	পারবেন	2
প্লিজ	মেইল	2
কারো	ভাই	2
ব্রো	পার্ট	2
করবো	বিকাশ	2
ক্রিয়েট	করছি	2
সিরিজ	বাট	2
একসেপ্ট	মি	2
ভাই	ওয়েটিং	2
প্লে	ষ্টোর	2
লিখে	এন্টার	2
গিয়ে	ডিলিট	2
কিসু	মনে	2
মনে	কইরেন	2
এর	নেই	2
মনে	মনে	2
ওজু	করলে	2
ওজু	হবে	2
পান	কই	2
বেশি	নাহ	2
থাকলে	অনেক	2
তে	জাভা	2
আমি	আপনি	2
ডাটা	অপশন	2
হয়	চেক	2
৪জি	না	2
সময়	যদি	2
ভাই	ইমো	2
ইমো	টা	2
সম্ভাবনা	নাইতো	2
টাইম	চেঞ্জ	2
সো	সরি	2
পাপ	থেকে	2
রম	বুট	2
এ	বুজলাম	2
করি	কই	2
ফিক্স	করা	2
শেয়ার	করতেসি	2
রম	ক্যাটাগরি	2
অনেক	রম	2
রম	আসে	2
করে	খুঁজে	2
এমবি	নিলে	2
সাপোর্ট	করাতে	2
এখনো	মনে	2
ওকে	সরি	2
এই	এপ্প	2
প্রায়	সকল	2
ভাই	টু	2
কোড	চাইসিলো	2
করে	দিসিলাম	2
পাওয়ার	আশায়	2
ঐটার	জন্য	2
টার	পরে	2
২০১৫	তে	2
টার	কি	2
পিক	লাগবে	2
এটা	কত	2
দিয়ার	জন্য	2
হ্যালো	ভাইয়া	2
দিলে	ফুল	2
পোস্টগুলো	দেখেন	2
করসেন	বাট	2
গেম	আসে	2
কোথাও	গিয়ে	2
গিয়ে	এই	2
টা	ইম্পরট্যান্ট	2
না	অনেকে	2
কারণে	তাঁদের	2
পার্ট	টার	2
ইউটিউব	ও	2
একটা	গুড	2
এক্সাম	আর	2
দেসে	আমি	2
রেজাল্ট	টা	2
সিলো	আমি	2
কোনো	এপ্প	2
ব্রো	কারণ	2
কেও	কেন	2
আপনি	যেমন	2
তেমন	ইনকাম	2
চিপসেট	ও	2
ভার্সন	অনুযায়ী	2
ভার্সন	রম	2
মতো	ভিপিএন	2
ভিপিএন	মোডিফাই	2
মোডিফাই	করবো	2
গেমিং	এর	2
গো	আহেড	2
এইটা	জানেন	2
ওয়াপকা	ওয়াপকিজ	2
ওয়াপকিজ	হবে	2
এটা	বাংলা	2
পোস্ট	কাল	2
ট্রান্সলেট	করবে	2
তো	ফেইক	2
অপশন	তার	2
রা	ভালো	2
আপনি	গুড	2
পরে	আনইনস্টল	2
জন্য	অ্যানড্রয়েড	2
এ	দেখি	2
কি	ধরণের	2
সাইট	অ্যাড	2
আরে	এই	2
আপনারে	কে	2
এ	সেই	2
সিস্টেম	করে	2
টিউটোরিয়াল	এ	2
এ	দেখাবো	2
লিংক	লিংক	2
মিনিমাম	তো	2
টাকার	বেশি	2
দিয়ে	ওয়েট	2
থেকে	লেনদেন	2
আসবে	কেমনে	2
কেউ	আছে	2
গুলো	কোন	2
এডিট	করসেন	2
টা	কতদিন	2
রিসেট	হয়ে	2
আমি	আসি	2
আবার	চেঞ্জ	2
ইউজ	করলাম	2
ব্যান	খেয়ে	2
ভাই	বিডি	2
কঠিন	পোস্ট	2
ওহ	ওকে	2
জানি	এই	2
সো	পোস্ট	2
টা	রিপোর্ট	2
রিপোর্ট	মারা	2
ওনার	সাথে	2
আর	ভাইরাস	2
ভালো	চালিয়ে	2
পাবজি	ফ্রি	2
ওকে	তো	2
২জিবি	এ	2
আমি	ফাস্ট	2
ফাস্ট	ট্রিকবিডি	2
মেইন	একাউন্ট	2
এখন	অ্যাড	2
অ্যাড	হওয়ার	2
পর	রুট	2
১৫কে	দিয়া	2
দিয়া	কোয়াড	2
কোন	গাধা	2
গাধা	এই	2
এই	প্রাইস	2
অকটা	কোর	2
কি	টেলিটক্	2
আবার	জিপ	2
রেডিরেক্ট	হয়	2
কোন	কিবোর্ড	2
এই	ডাউনলোড	2
টা	দেবেন	2
হাইড	করছি	2
করার	লাইগা	2
না	যায়না	2
যায়না	কোনো	2
মতো	সেম	2
গুলা	দেখা	2
ভাই	শো	2
আর	আসে	2
দেখি	পাই	2
আইডি	নো	2
এক	কোথায়	2
হয়	পারবেন	2
ফাইল	মিসিং	2
ভাবেই	করসি	2
আ্যড	আসে	2
এইটা	আসছে	2
এন্ড	২	2
২	ওপেন	2
১	আর	2
আমি	অ্যানড্রয়েড	2
কোড	চেঞ্জ	2
প্লেয়ার	রা	2
রা	এই	2
প্রাধান্য	বেশি	2
এর	রিপোর্ট	2
লক	হলে	2
হলে	ফ্ল্যাশ	2
দিয়ে	গুগল	2
গিয়ে	মাই	2
লিখা	সার্চ	2
দিলে	এখন	2
কেউ	ফ্রি	2
এইটা	মোবাইল	2
থেকেই	হয়	2
কালো	করা	2
হলো	কপি	2
তে	যাওয়া	2
গ্রামীণ	ফোন	2
করবে	তাও	2
তাও	আমি	2
শিওর	না	2
দেওয়াই	ভালো	2
বললেন	এটা	2
তার	বিস্তারিত	2
আচ্ছা	কিভাবে	2
ভেঙে	দেন	2
তাড়াতাড়ি	করতে	2
আছে	ক্লিক	2
সেটআপ	এর	2
এই	বালের	2
বালের	ওয়েবসাইট	2
করে	ফলো	2
কি	মডারেটর	2
ঠিক	হলো	2
বার	চেক	2
খরচ	করতে	2
ওকে	ইউজার	2
কিভাবে	নিবে	2
কম্পিউটার	থেকে	2
শুধু	ভিসিট	2
নেন	কাজ	2
কি	পরিমান	2
পোস্ট	থিম	2
থিম	কাজ	2
জায়গা	পান	2
থেকেই	করা	2
করেছেন	সেই	2
কি	এডিট	2
করেছি	চেক	2
চেক	কইরেন	2
টা	জানান	2
স্যামসাঙ	জে১	2
করেন	কেও	2
চালাই	তাহলে	2
বলে	দেবে	2
কয়েন	পাইসি	2
থাকলে	পরে	2
পারেন	দেখি	2
যে	অ্যাপ	2
অ্যাপ	তার	2
সেটার	সাথে	2
থাকবে	এন্ড	2
হ্যাক	হইসিলো	2
বার	ডাউনলোড	2
টাকা	তোলা	2
তোলা	যাবে	2
কেনাকাটা	করতে	2
কি	হুদাই	2
পেমেন্ট	কেউ	2
মিডিয়াফায়ার	এ	2
টাইটেল	পড়তে	2
আমার	দিন	2
তাবোল	পোস্ট	2
ফাও	কথা	2
সুন্দর	এটা	2
এ	প্রব	2
কিভাবে	আপনারা	2
জানতে	পারেন	2
পারলে	দিবেন	2
জিপ	এর	2
পাইসি	এখন	2
সর্ট	লিংক	2
লাভা	ইরিস	2
কানেকশন	দেওয়া	2
সেই	সিম	2
এখন	করা	2
পসিবল	নাহ	2
এ	হইসে	2
হয়নি	আপনার	2
বা	সিম	2
গুড	এন্ড	2
এন্ড	হেল্পফুল	2
ঠিক	পোস্ট	2
নিজেরা	কিছু	2
পারেনা	তাই	2
বেশি	কম	2
মেম্বারশিপ	পাওয়ার	2
এর	প্রোফাইল	2
ফাইল	স্ক্যান	2
স্ক্যান	করে	2
স্ক্যান	করতে	2
কমপ্লিট	করসেন	2
পাবজি	তে	2
করার	পড়ো	2
ব্রো	কন্টাক্ট	2
টাইম	পাই	2
কাজে	টাইম	2
প্রক্সি	টাইপ	2
পোর্ট	এর	2
আর	জন্যই	2
সব	অপারেটর	2
মাত্র	এই	2
পোস্ট	করেই	2
আসলে	পোস্ট	2
এডিটেড	করা	2
টা	পাবলিশড	2
আসে	ঠিক	2
আর	কয়েকটা	2
ওই	ফাইল	2
বেশি	আপনি	2
নয়	কারণ	2
কি	বেপার	2
দেশ	প্রেমিক	2
আইপি	প্রব্লেম	2
পর	অ্যাপ	2
অথর	অথর	2
একটি	হেল্প	2
এমটিকে	ডিভাইস	2
আমি	১৫	2
পেলাম	কি	2
আবার	কোন	2
টা	দেয়ার	2
ভাই	প্রব্লেম	2
কষ্ট	পেয়ে	2
পেয়ে	থাকলে	2
মোবাইল	নম্বর	2
মেসাজ	দেও	2
লিংক	দেই	2
উসি	ব্রাউসার	2
আমাদের	ইউজার	2
৪জিবি	ফ্রি	2
তে	রুট	2
বলে	অ্যাপ	2
এমন	দেখি	2
রিপ্লাই	না	2
করে	দেবে	2
রেজাল্ট	এর	2
জে২মি	লোডার	2
না	ইংলিশ	2
বাংলা	ভালো	2
সিকিউরিটি	ভালো	2
নাম	প্লিজ	2
ইউসার	নাম	2
আমি	আপনা	2
রেক	দিসি	2
আরবি	তে	2
চেঞ্জ	করলাম	2
স্ক্রিপ্ট	ইউজ	2
ট্রাই	করসিলাম	2
একাউন্ট	লাগলে	2
নট	ফ্রি	2
যোগ	করা	2
আমাকে	লিংক	2
চায়	কি	2
বিকাশ	দিয়ে	2
এটা	কিসু	2
বা	আইডি	2
এর	আইপি	2
আইপি	ট্র্যাক	2
সিস্টেম	অনেক	2
পিকচার	টা	2
খুলে	যায়	2
আসে	নিজের	2
ভুল	আপনার	2
যে	ভুল	2
হুম	এমবি	2
করেন	আইডি	2
মিনিট	লাগবে	2
লাগবে	পার	2
জিমেইল	ছাড়া	2
ছাড়া	তো	2
ভাই	নিজেরে	2
জাস্ট	উল্লেখ	2
দিসি	অনেক	2
ভাবে	করে	2
নিজের	রাউটার	2
ভাই	চলছে	2
সাইট	এখন	2
পেজ	আর	2
দিসেন	সেটা	2
জিমেইল	অ্যাড	2
করেনা	আমার	2
আরো	অন্য	2
টেক	রিলেটেড	2
রিলেটেড	সাইট	2
এইসব	বাল	2
কেউ	দেখে	2
রিকুয়েস্ট	করার	2
এইটা	একই	2
ইনভাইট	করছি	2
একটা	বা	2
বার	পাওয়া	2
পাওয়া	যাবেনা	2
এটা	জানেন	2
নিজে	পরে	2
এখন	সফটের	2
সফটের	এর	2
মাধ্যমে	ব্যালান্স	2
জায়গা	দখল	2
হাজার	অ্যাপ	2
গ্রামের	চাচাতো	2
চাচাতো	ভাই	2
পারবো	বলবেন	2
যারা	প্রোগ্রামিং	2
শিখতে	চান	2
আর	চ্যালেঞ্জ	2
অল	প্রব্লেম	2
কে	খুঁজে	2
পাচ্ছি	বাট	2
সেই	গ্রুপ	2
দিন	তাহলেই	2
নিয়ম	গুলো	2
পাবো	আবার	2
কিন্তু	প্রব্লেম	2
প্রব্লেম	হতো	2
করে	দিসেন	2
ডিটেলস	বলবেন	2
অপ্প্রভ	হয়	2
কিসু	জানলাম	2
নো	ক্সপোসড	2
ও	ষ্টার	2
সংগীত	বাংলা	2
জী	বাংলা	2
ইন্ডিয়ান	চ্যানেল	2
পিস	টিভি	2
টিভি	থেকে	2
আমার	গ্রুপ	2
ভুল	ভাই	2
আমি	ব্রডব্যান্ড	2
ব্রডব্যান্ড	এর	2
নাকি	ফ্রেন্ড	2
ফ্রেন্ড	লিস্ট	2
রা	ও	2
সরি	বুঝলাম	2
নাই	খেলার	2
সাউন্ড	আসে	2
ফুটস্তেপ	এর	2
অন	করবেন	2
করি	বুঝেছেন	2
আমিও	পাই	2
এন্ড	ফোন	2
নষ্ট	এই	2
বাট	তবুও	2
শেষ	নাই	2
ওয়ার্কিং	ভালো	2
টা	ব্যাক	2
রিড	দা	2
পোস্ট	এগেইন	2
কোড	বল	2
তেও	অনেক	2
সময়	টিভি	2
সো	সবাই	2
এমন	সাইট	2
আমার	সকল	2
নম্বর	ওর	2
নো	এ	2
১স্ট	পেজ	2
আনলিমিটেড	বাট	2
সরি	আই	2
সব	সফটওয়্যার	2
এইসব	আজাইরা	2
করে	ওরা	2
প্লে	ষ্টোরে	2
ভিপিএন	চালু	2
এফবি	এন্ড	2
গেলে	প্রব্লেম	2
ছাগল	মার্কা	2
খানকির	বাচ্চা	2
কি	গালি	2
অনেক	পুরোনো	2
হলে	উইথড্রও	2
এড্রেস	দিন	2
বিটকয়েন	বিকাশ	2
মাধ্যমে	টাকা	2
১৬৮	টাকা	2
দিসি	সেখানে	2
কত	দেয়	2
কিসের	কথা	2
ভাই	কাকে	2
পোস্ট	মাইরা	2
অভিজ্ঞ	না	2
প্লিজ	আমায়	2
কন্ট্রাক্ট	করতে	2
ফ্রি	ইউটিউব	2
করবেন	আজকে	2
দিসিলাম	বাট	2
বাট	রিপ্লাই	2
মেথড	কি	2
ও	দরকার	2
নিতে	টাকা	2
তো	মেনশন	2
ভালো	কাজের	2
আবার	এডু	2
নাই	ওদের	2
পোস্ট	যা	2
ফাস্ট	চার্জিং	2
হ্যাকিং	সিস্টেম	2
আইফোন	এ	2
দিয়েও	করতে	2
আপনি	বিকাশ	2
তো	তো	2
আপনি	রেফার	2
৯	পাওয়ার	2
রম	কাজ	2
অ্যাড	করবি	2
জন্য	ক্লিক	2
পাবেন	ব্রো	2
হলে	কোনো	2
ভিপিএন	অনেক	2
আসি	কি	2
সেকেন্ড	এই	2
মানুষ	তো	2
একেক	জন	2
টাইপিং	মিস্টেক	2
সম্পর্কে	কিসু	2
এমবি	করতে	2
নেট	এই	2
অনেক	নাইস	2
মেয়াদ	তো	2
ভাই	প্লিজজ	2
সিস্টেম	ফাইল	2
ফাইল	ডিলিট	2
বুজতেছি	না	2
ট্রিকবিডি	ও	2
উপরের	টা	2
ভাইয়া	স্কাই	2
টা	খালি	2
আর	অপশন	2
আপনি	কালেক্ট	2
অন্যের	ফোন	2
রম	হবে	2
আলোচনা	করেন	2
আগেও	করে	2
ফাইল	দেওয়ার	2
কি	গুলা	2
নামাজ	এর	2
বুঝাতে	চেয়েছেন	2
স্পিড	পাইসি	2
করবো	ফোন	2
না	ওয়াইফাই	2
এর	কেনো	2
ভাই	ফেইক	2
আইডি	তাই	2
আর	বলে	2
নিজে	কিসু	2
নিয়ম	আসে	2
কিছু	জানিনা	2
একাউন্ট	খুলছে	2
থাকে	এফবি	2
দেন	এসএস	2
দেখান	প্লিজ	2
না	আগেই	2
পর	দেখলাম	2
একটা	গুগল	2
ঐটার	সাথে	2
সাথে	মেয়াদ	2
মেয়াদ	বেড়ে	2
খুলে	ট্রাই	2
যারা	পাইছে	2
প্রবলেম	হইসে	2
হয়	নেটওয়ার্ক	2
থেকে	লাভ	2
সার্চ	দেই	2
পাই	কিন্তু	2
অপশন	পাই	2
দেন	যেটা	2
এখন	জানেন	2
করলে	মিনিট	2
কোনো	ইনফরমেশন	2
ভাই	এগেইন	2
এগেইন	ট্রাই	2
স্পেস	প্রো	2
করে	মেমরি	2
আপনার	মেমরি	2
টা	লক	2
কাজ	মানে	2
লোকের	জন্য	2
জন্য	ফাইল	2
দিয়ে	লক	2
এ	বালের	2
নম্বর	ইস	2
ক্যামেরা	বাগ	2
ভালো	নয়	2
মাচ	ব্রো	2
কিনতে	ফকির	2
ই৫৮	রুট	2
এটা	ফেইক	2
ওই	ভাবেই	2
টায়	হয়	2
দের	বলছি	2
লিংক	ওয়ার্কিং	2
ওয়ার্কিং	গুগল	2
ড্রাইভ	আপলোড	2
কি	কোথাও	2
বানাই	দিবেন	2
অ্যাপ	এন্ড	2
করলে	শো	2
ফাইল	থাকলে	2
পার্ট	কবে	2
যাচাই	করে	2
আর	এটাও	2
ওয়াও	সুন্দর	2
প্রায়	১মান্থ	2
করে	হয়	2
আবার	কপি	2
আগের	ট্রিকবিডি	2
ট্রিকবিডি	টে	2
করলে	পেন্ডিং	2
কিন্তু	যারা	2
তারা	খুব	2
ওয়াপকা	নাকি	2
অন	হইসে	2
মার্কা	কমেন্ট	2
পাবলিশ	হয়না	2
ব্রো	২জি	2
ভাই	মেসেঞ্জার	2
অ্যাড	থাকতে	2
ভিপিএন	কাজ	2
১০	টাকার	2
বেশি	এই	2
আইডি	ফায়ার	2
জানতে	চাইছে	2
কিন্তু	আর	2
যে	সার্ভার	2
পোস্ট	দিলাম	2
ভাবে	পে	2
এক	মাত্র	2
আমার	এডসেন্স	2
বাড়ানো	হইসে	2
নাই	হয়তো	2
থেকেও	বেশি	2
ফাজলামো	করেন	2
তো	বলবেন	2
১স্ট	কমেন্ট	2
নক	নক	2
তে	অ্যাপ	2
চালু	হয়ে	2
এ	এম	2
প্রমোট	করবো	2
লাইক	আসে	2
বলার	কে	2
ট্রিক	সবাই	2
টেক্সট	এডিটর	2
দেন	ঠিক	2
বিগিনার	দের	2
দিন	বন্ধ	2
এক্সেস	এর	2
দেয়া	এই	2
আবার	বার	2
এর	সহীহ	2
ইনফরমেশন	নিয়ে	2
কিংরুট	দিয়া	2
রুট	করি	2
বিএল	এর	2
নেটওয়ার্ক	কেমন	2
এর	বার	2
ওই	পাসওয়ার্ড	2
কি	ইচ্ছা	2
এটা	নিজে	2
ইউজার	পোস্ট	2
আবার	অ্যাপ	2
থাকা	আমার	2
থ্যাংকস	ইনফরমেশন	2
ইনফরমেশন	দাওয়ার	2
যে	১০	2
শর্টকাট	এ	2
কি	লিখবো	2
ওই	জায়গায়	2
রিয়েল	না	2
বিষয়ে	একটু	2
কাইন্ডলি	হেল্প	2
একাউন্ট	খুলেন	2
এটা	ওনলি	2
দিন	২	2
২	পয়েন্ট	2
পয়েন্ট	কালেক্ট	2
এফবি	মি	2
নিয়ে	ও	2
ও	এক	2
ট্রিক	কাজ	2
করবেন	সেটা	2
নিউ	নম্বর	2
দিয়ে	রেজিস্টার	2
আপনাকে	দিবো	2
ভাই	কয়দিন	2
ট্রাই	সুন	2
সুন	ইউসি	2
দেওয়া	৪০০০টাকা	2
৪০০০টাকা	টার্গেট	2
টার্গেট	যারা	2
যারা	এখনো	2
এখনো	শুরু	2
করেনি	তারা	2
তারা	১০৮২৪০৫	2
১০৮২৪০৫	কোড	2
থাকে	বলে	2
অযথা	পোস্ট	2
শুরু	করবেন	2
কম	মানুষ	2
থাকলে	না	2
আমার	দ্বারা	2
দ্বারা	সম্ভব	2
এক	বিশাল	2
দেয়	এর	2
আবার	এই	2
করে	ভালোই	2
টা	পাইলে	2
ফ্রি	ভাবে	2
কাছে	বলেন	2
চাইলে	ইউজ	2
রিলেটেড	পোস্ট	2
ভাই	গ্রুপ	2
দুটো	আলাদা	2
দিয়ে	খুলছি	2
কাজ	যারা	2
বিচার	করবে	2
কীভাবে	রুট	2
আমিও	খারাপ	2
ত	জানে	2
ওহ	রে	2
পোস্ট	পেইড	2
এ	ডুকে	2
আনমিউট	করে	2
কন্ট্রাক্ট	করেন	2
টাউন	হল	2
কিছু	টিউটোরিয়াল	2
করতো	এখন	2
আপডেট	হওয়ার	2
পিন	দিলাম	2
বার	প্লিজ	2
কিছু	লিখা	2
আবার	যদি	2
যদি	আগের	2
পাইছি	ব্রো	2
থিম	ইন্সটল	2
২জি	ইউজ	2
আছে	ঐটায়	2
ইন্সটল	দিছি	2
হবে	খুঁজে	2
টা	ফ্রেন্ড	2
পারছি	কি	2
এসএমএস	আসেনি	2
এক্সচেঞ্জ	করবো	2
কক	আইডি	2
রকম	ই	2
দেখি	ভালো	2
ভালো	হইলে	2
হইলে	শেয়ার	2
আপনি	করলেন	2
ঠিক	ছিলো	2
পোস্ট	ছেক	2
ছেক	করেন	2
পারছি	এ	2
আমি	ঐটা	2
রবি	এন্ড	2
এন্ড	এয়ারটেল	2
প্রক্সি	গুলো	2
দিন	প্রব্লেম	2
কাস্টোমার	কেয়ার	2
হয়	বুঝি	2
এ	এইভাবে	2
ফুল	হইয়া	2
জিটিএ৫	এন্ড্রয়েড	2
স্কিনশুট	দিলে	2
নাহ	এইটা	2
থ্যাংকস	অ্যান্ড	2
কোন	শপ	2
আরো	ডিটেইলস	2
কীভাবে	করতে	2
দেওয়ার	মানে	2
ব্লগার	ভাই	2
থেকে	পারডে	2
পারডে	৪০০	2
ভার্সন	হ্যাক	2
অথোর	হতে	2
করে	তেমন	2
সব	অপশন	2
লাস্ট	স্ক্রিনশট	2
টা	ছিলো	2
১ইয়ার	আগে	2
এইজন্য	সরি	2
মেইল	ও	2
একবার	হলে	2
ও	দেখেন	2
লিংক	চাই	2
কিছু	বুঝা	2
অনেক	চেষ্টার	2
চেষ্টার	পর	2
টার্ন	অন	2
এখনো	না	2
মাঝে	প্রবলেম	2
এর	দল	2
তে	ক্রেডিট	2
যে	গেইম	2
পোস্ট	হইসিলো	2
কোন	ফোল্ডার	2
করতে	ছে	2
যাদের	পোস্ট	2
সম্মত	হয়	2
দেন	কারণ	2
পোস্ট	দেখা	2
দিনের	পর	2
কালকে	ই	2
ইনভেস্ট	করছি	2
নিজে	গিয়ে	2
যা	বলছেন	2
আমার	ইউজারনেইম	2
শুরু	হেল্প	2
ব্রো	বেশি	2
ইন্সটিটিউট	অব	2
আপনার	বুঝতে	2
সমস্যা	আমার	2
অনেক	ইম্পর্টেন্ট	2
ভিডিও	দেখছি	2
হওয়া	লাগে	2
পোস্ট	দেইখা	2
আরও	একটা	2
একটা	নাম	2
কোনো	অ্যাপ্স	2
জাস্ট	পিসি	2
না	ভিপিএন	2
অন	করেও	2
ভিপিএন	থেকে	2
ভাই	রিচার্জ	2
থেকে	কী	2
টা	দিও	2
টাইম	পাসওয়ার্ড	2
আপনি	জীবন	2
জীবন	ও	2
ও	পান	2
বলেন	কী	2
যার	পোস্ট	2
রিপ্লাই	আর	2
কিংগ	রুট	2
গুলি	রিভিউ	2
জাভা	হলে	2
কিংগরুট	অ্যাপ	2
এই	অ্যপ্স	2
দিয়ে	৩০০	2
ইন্টারনেট	কি	2
সলভ	করার	2
পাগল	ছাড়া	2
ছাড়া	দুনিয়া	2
দুনিয়া	চলে	2
এই	সিম	2
প্রাইজ	কত	2
খুজে	পাই	2
পাই	এফবি	2
ইউটরেন্ট	প্রো	2
প্রো	টা	2
বাট	জানি	2
জন্য	থাংকস	2
পিসি	দিয়েই	2
এইটা	কিন্তু	2
আগেও	একবার	2
জাস্ট	অ্যাপ	2
টা	আপডেট	2
রিভিউ	আমার	2
এক্সপেরিয়েন্স	শেয়ার	2
এরকম	হইছে	2
হ্যাক	হয়না	2
আইডি	চাচ্ছে	2
গেইম	কিভাবে	2
এ	একটি	2
আগেও	ইউজ	2
খুব	কাজ	2
কোড	কোনো	2
সময়	কী	2
আপনার	জন্যেও	2
ইউজ	আর	2
আর	ক্রোম	2
করেন	কথা	2
তে	দেখুন	2
তো	মাত্র	2
এ	যারা	2
এখন	এডিট	2
কিছু	দেয়	2
লুডু	স্ট্যার	2
এইটা	আর	2
অফার	নিতে	2
টা	কোথাও	2
কোথাও	পাওয়া	2
ভিপিএন	প্রক্সি	2
ইউজ	করমু	2
ই	সব	2
জাবা	ফোন	2
মধ্যে	পাবো	2
করা	আপনার	2
দেওয়া	কাস্টম	2
ইন্সটল	হবে	2
তে	কীভাবে	2
মিন	আছে	2
এটাও	কাজ	2
কি	অ্যাপ্স	2
অনেক	প্যারা	2
সস	এ	2
ইউজ	এইটা	2
৯৯৯	এমবি	2
কতক্ষন	সময়	2
এখন	একটি	2
একটি	কলেজ	2
ইমেইল	অ্যাপ	2
দিয়া	লিঙ্ক	2
সংগ্রহ	করতে	2
৪	আছে	2
অবশেষ	এ	2
লট	ভাই	2
ব্রো	এইভাবে	2
তে	পেমেন্ট	2
পেমেন্ট	অপশন	2
যেটা	আগে	2
করা	যেতো	2
নান	অপশন	2
দিলাম	ভাই	2
টা	এক	2
বলার	কি	2
করেন	নো	2
হইলে	আর	2
করে	বের	2
কিছু	পেতে	2
সাবস্ক্রাইব	কইরেন	2
টক	টাইম	2
দিয়ে	৩	2
ফুল	চার্জ	2
হয়ে	এক	2
যখন	টাকা	2
তখন	বলে	2
ডিলিট	তো	2
আরো	৫	2
আগে	পরে	2
এইটা	ফাস্ট	2
হিন্দি	ডাবেড	2
এগুলা	দিয়ে	2
বিস্তারিত	লিখলে	2
পড়া	ও	2
ভিডিও	এডিটিং	2
নিব	বলেন	2
কত	স্পিড	2
স্পিড	পাবো	2
যে	যদি	2
আপনার	ব্যবহারে	2
আসেন	কথা	2
এর	দুইটা	2
রেফার	সিস্টেম	2
এড	হতে	2
নাই	মানে	2
১	২	2
দিয়ে	খোলা	2
কী	দিতে	2
তারা	ভালো	2
আমি	উইথড্র	2
ডাউনলোড	হবেনা	2
আপনি	বাংলা	2
ভাই	প্রো	2
মেরে	দিসে	2
পিডিএফ	ফাইল	2
টেলিগ্রাম	চালাই	2
এমবি	হবে	2
ডাউনলোড	করলেন	2
ভাই	স্কাই	2
কী	এখন	2
পাইসি	অনেক	2
ব্রো	এতো	2
ভালো	ইনকাম	2
গুগল	পিক্সেল	2
পিক্সেল	রোম	2
অব	লাক	2
এক্সাম	চলছে	2
চলছে	এক্সাম	2
কনটাক্ট	করবো	2
টিউনার	হলে	2
চলতেছিল	না	2
নেট	চলতেছে	2
সেটিংস	করলাম	2
চলে	এখন	2
কারণ	সব	2
কিছু	আপলোড	2
লোড	দিলাম	2
দিলাম	অপারেটর	2
অপারেটর	ফেইল	2
ফেইল	আসলো	2
প্লিজ	থাকলে	2
কাউকে	আইডি	2
আইডি	দেয়	2
দেয়	ভাই	2
আমি	ক্রোম	2
ললিপপ	ফোন	2
দি	তাহলে	2
খুব	ঝামেলা	2
আপনাদের	হেল্প	2
বার্থডে	চেঞ্জ	2
উইন্ডোজ	৭	2
হলে	রিপোর্ট	2
নিয়া	আর	2
কত	বললে	2
যেকোনো	নাম্বার	2
সেটার	প্রমাণ	2
করেছেন	তবে	2
মুহাম্মদ	সা	2
কাফের	হয়ে	2
কে	থেকে	2
বিরত	রাখতে	2
পর্যায়ে	চলে	2
তখন	ই	2
ই	শুরু	2
সেটা	হচ্ছে	2
১৪	ফেব্রুয়ারী	2
২৬	মার্চ	2
এভাবে	চলতে	2
বানানোর	কোনো	2
কীভাবে	বের	2
আর	যাই	2
হোক	ট্রিকবিডি	2
আসে	নাহ	2
দেখেন	হয়	2
সবচেয়ে	কম	2
সব	এপিকে	2
এপিকে	এ	2
এ	এভাবে	2
ওটা	দিবেন	2
মেসেঞ্জার	দিয়ে	2
নাকি	ফেসবুক	2
অ্যপ	দিয়ে	2
মেয়াদ	কীভাবে	2
পারি	নাহ	2
বানাই	দেন	2
আবাল	মনে	2
ভাই	ইফেক্ট	2
করছেন	প্লিজ	2
করেন	তাতে	2
সবাই	মনে	2
ডাউনলোড	হয়েছে	2
লিংকতো	কাজ	2
দেবার	ট্রাই	2
ম্যাক্স	প্লেয়ার	2
প্রুফ	দেখান	2
কে	করছে	2
তো	ট্রেইনার	2
ট্রেইনার	রিকু	2
ম্যাজিক	দিয়ে	2
হয়ই	না	2
কী	কোড	2
কোড	বলেন	2
নয়ভিত্তিক	টা	2
করে	যেটা	2
সেটা	ইউজ	2
সিম	খুলে	2
ডিটেইলস	বললে	2
তো	একবার	2
রাও	পোস্ট	2
যেকোনো	সিম	2
পিসি	নষ্ট	2
জেনে	রাখা	2
কোথায়	সেল	2
আগে	দেখেন	2
কথার	আগা	2
আর	হাঁ	2
তবে	জেনে	2
বলার	পরেও	2
উপর	বিশ্বাস	2
থেকে	লগইন	2
সবাই	ট্রাই	2
দিন	দিবে	2
দিবে	প্লিজ	2
ব্যাপারে	কিছু	2
গেলো	নাহ	2
এর	বিরুদ্ধে	2
কুত্তা	দিয়ে	2
নাই	মনে	2
রুট	কর	2
পোস্ট	টেকটিউনস	2
সেট	কি	2
ঐ	সিম	2
এর	পোর্ট	2
মোবারক	ব্রো	2
কিনা	দেখতে	2
যাক	আমার	2
আমার	টিপস	2
কাজে	লাগছে	2
কীভাবে	হবে	2
হবে	বলেন	2
ফোনের	সিস্টেম	2
সিস্টেম	অ্যাপ্স	2
অ্যাপ্স	আনইন্সটল	2
ব্রিক	করে	2
গেইম	এ	2
সিম্ফনি	ললিপপ	2
এর	এনআইডি	2
আর	বার	2
তা	করতে	2
এখন	নেট	2
থেকে	কিনবো	2
এফবি	পেইজ	2
অ্যপ্স	বা	2
পোস্ট	গো	2
করলেও	হয়	2
দিয়া	কোনো	2
টাকা	কইরা	2
এর	ইউএসবি	2
করা	ও	2
নেক্সট	ভার্সন	2
নিচে	দেওয়া	2
যাই	আমার	2
বাসায়	ওয়াইফাই	2
তুমি	ট্রিকবিডি	2
আপাতত	৮৯৩৭৫	2
৮৯৩৭৫	ব্লকস	2
৬২০০	সাতোশি	2
ফ্রিবেসিক্স	দিয়ে	2
এখানে	রিপ্লাই	2
এডমিন	রা	2
খুব	রাগ	2
এ	বলছি	2
তাই	পরে	2
টাইম	থাকবে	2
কেনো	আপনি	2
লজ্জা	থাকলে	2
সাইট	বানান	2
ভাই	আল্লাহ	2
আল্লাহ	কে	2
কে	ভয়	2
লোক	এই	2
হোম	ডেলিভারি	2
হয়ে	যাইবো	2
অফার	দিছে	2
এর	দোকানে	2
শুধু	মানুষের	2
করে	পিসি	2
এ	বাট	2
হয়	টিউনার	2
চালাতে	পারবে	2
আচ্ছা	মোবাইল	2
করছে	নাহ	2
ভালো	আবার	2
তে	জয়েন	2
তে	দেওয়া	2
এইডা	কিছু	2
আর	লগইন	2
মাথায়	আসে	2
বেশি	বুঝেন	2
কইরেন	আর	2
চলে	তাদের	2
রিকোভারি	দেন	2
কীভাবে	মেইক	2
দিয়া	ওয়াইফাই	2
ফ্ল্যাশ	মারার	2
আইডি	ডিলিট	2
আইডি	এড	2
এইটা	সমাধান	2
সেটআপ	দিব	2
এই	আইডিয়া	2
এপ্লাই	করেছি	2
এই	রোম	2
নাহ	কেনো	2
আমি	কিনছি	2
৩৯	টাকায়	2
অনেক	বাগ	2
খুশি	মত	2
মত	পিন	2
পিন	দিন	2
করলেই	পাবে	2
প্রাইভেট	গ্রুপ	2
কাজ	ছিলো	2
করছেন	তা	2
সবাই	বুঝে	2
নিয়ে	ট্রাই	2
করুন	আই	2
প্যাচার	এ	2
গুগল	এডস	2
কোনো	এডস	2
তুই	তোর	2
ভাইরাস	এ	2
নিয়া	হবে	2
দোষ	টা	2
তারপর	অন্যের	2
হওয়া	পর্যন্ত	2
ওয়েট	না	2
হবে	দ্যান	2
গুড	২টা	2
করতেছে	নাহ	2
নাহ	ব্রো	2
না	বুঝলেন	2
প্রো	আমার	2
আমার	দেওয়া	2
করতে	বলছিলাম	2
কিছুদিন	ধরে	2
কই	পোস্ট	2
পাবলিশড	হলো	2
১টা	ভালো	2
দিয়ে	৭	2
মিনিট	৩০	2
আপডেট	হচ্ছে	2
২	মুভি	2
অ্যাকশন	মুভি	2
একটু	লাভ	2
হয়	এড	2
দেখাইলে	ভালো	2
ছাগল	আর	2
হইলো	ভাই	2
স্প্যাম	বক্স	2
মতো	মনে	2
করলে	সেটিংস	2
করছেন	ওইটা	2
কম	এর	2
যাবে	কী	2
বলবেন	কী	2
সৃষ্টি	হয়েছে	2
ডাউনলোড	দিসি	2
বাট	ব্রো	2
ফাইল	ইউজ	2
তাছাড়া	করবেন	2
হবে	উইন্ডোজ	2
টিউনার	পড	2
না	শুনলে	2
এডড	করতে	2
এই	হবে	2
পোস্ট	কমেন্ট	2
কমেন্ট	করেছি	2
ও	দিতে	2
ইমেইল	প্লিজ	2
র	পর	2
অ্যাপ	বানাতে	2
চান	তার	2
আশা	করবো	2
ইনস্টল	ওপেন	2
আমার	ট্রেইনার	2
সেটিংস	গুলা	2
একটু	সমস্যা	2
করলেই	বুঝতে	2
দিতো	তাহলে	2
কে	আস্ক	2
না	শাওমি	2
তো	জানেন	2
বলছিলাম	ভাই	2
বলতেছে	আপনি	2
২	বা	2
ও	চলবে	2
এর	মা	2
টুট	টুট	2
কিছু	ফটো	2
নিয়ে	আছে	2
কিউআর	কোড	2
সার্ভার	সম্পর্কে	2
অল্প	কিছু	2
রান	হবে	2
হার্ডওয়্যার	পারমিশন	2
জন্য	সেটিংস	2
ভার্সন	দেওয়া	2
কে	দেখান	2
আমাদের	লাভ	2
অ্যাবাউট	এ	2
কোথায়	রাখবো	2
অন্যদের	জানানোর	2
গিয়ে	পোস্ট	2
তাইলে	পোস্ট	2
করব	এ	2
এ	২টা	2
করছি	২টা	2
বস	কি	2
কি	বল	2
অপেক্ষায়	থাকি	2
বুঝবেন	আর	2
৪০০০টাকা	এর	2
ডিভাইস	দিয়ে	2
এর	ডিজাইন	2
জানে	তারা	2
মেইন	ব্যালেন্স	2
ব্যালেন্স	তো	2
অপশন	দেখায়	2
ভাই	অথোর	2
ইনকগনিটো	ট্যাব	2
রেজাল্ট	পেতে	2
কয়েন	কীভাবে	2
লাভের	আশায়	2
পোস্ট	করছিলেন	2
কি	কয়েকটি	2
কয়েকটি	ভালো	2
ভালো	ব্যাডমিন্টন	2
ডিএইচ	হ্যাকবার	2
জীবন	এ	2
সেইম	অবস্থা	2
মধ্যে	সব	2
ভাইয়া	এখনো	2
এক্সেপ্ট	করো	2
অ্যপ	এর	2
কিছু	দিলে	2
সেইটা	তো	2
ভয়	পাইছিলাম	2
ভিডিও	হলে	2
এই	বলে	2
পান	কিনা	2
করা	শেয়ার	2
করা	ছেড়ে	2
গালি	দিতে	2
দিলাম	না	2
এর	জীবন	2
দিছেন	ব্রো	2
গুড	ক্যারি	2
এ	এখনো	2
ভিজিটর	দের	2
হয়	নিউ	2
এ	১৫	2
একাউন্ট	লিমিট	2
হ্যাঁ	এখন	2
বলবেন	কিভাবে	2
সং	ডাউনলোড	2
গেইম	নিয়া	2
আমার	চলতেছে	2
কম	বয়সে	2
এ	সমস্যায়	2
মুড়ি	খান	2
খান	এর	2
১০	কেবি	2
থেকে	জিপ	2
জিপ	ডাউনলোড	2
কি	মাথার	2
মাথার	প্রবলেম	2
আছে	ফাইল	2
আপনাকে	রিকোয়েস্ট	2
রিকোয়েস্ট	দেওয়াটার	2
দেওয়াটার	দরকার	2
আছে	বলুন	2
বলুন	আপনি	2
হুদাই	হুদাই	2
একাউন্ট	নাম্বার	2
ফ্রি	১	2
সফটওয়্যার	অনেক	2
রিনিউ	করবো	2
ইউটিউব	অর	2
ইউর	ডিভাইস	2
ওইখান	থেকে	2
গ্রুপ	ইউআরএল	2
ইউআরএল	টা	2
অন্য	জায়গা	2
টা	খুবই	2
বলে	দিচ্ছি	2
ভাবে	সব	2
আসে	তারপর	2
উইড্র	করতে	2
এনিমেশন	চেঞ্জ	2
চেঞ্জ	করছি	2
করার	সাহস	2
অনেক	গুলি	2
গুলি	লাগে	2
ওয়াইফাই	চালানো	2
তো	এইচটিএমএল	2
লিঙ্ক	কোড	2
করসি	আজেবাজে	2
হচ্ছে	তো	2
কিছু	কইলাম	2
ভাবে	হেল্প	2
লিঙ্ক	দিছি	2
দিছি	বলে	2
টা	চালায়	2
২	পোস্ট	2
কীভাবে	দেখব	2
তো	যায়	2
হবে	এন্ড্রয়েড	2
টাকায়	যে	2
আপডেট	দেওয়া	2
শালা	একটা	2
আমাকে	কিছু	2
কেন	আপনাদের	2
আপনাদের	এমন	2
হয়	হয়ে	2
আপনি	এইসব	2
পেপাল	দিয়ে	2
শালার	পো	2
এফবি	নক	2
তে	অথোর	2
কোনো	ক্রেডিট	2
স্কিনশুট	এড	2
জন্য	রিপোর্ট	2
করলেই	পারতেন	2
বলা	যাচ্ছে	2
নাহলে	রিপোর্ট	2
টিউনার	ব্রো	2
টা	মোড	2
দেখার	আগেই	2
আপনি	ঐ	2
কথা	বল্লাম	2
তে	দেখবেন	2
বেস্ট	রেসিং	2
অনেকবার	করা	2
সো	ডিলিট	2
পারমিশন	না	2
আমি	ওয়াফ	2
করে	ডলার	2
করছি	পরে	2
কোনটিতে	ক্লিক	2
পারবো	ব্রো	2
বাটন	ক্লিক	2
পর	লেখা	2
নট	ইন্সটল	2
কার্ড	থাকলে	2
থাকলে	উপকার	2
ভালো	লিঙ্ক	2
অ্যাপ্স	ওপেন	2
হয়না	অ্যাপ	2
আপনার	কমেন্টস	2
গুলা	পাবলিশড	2
পাবলিশড	হচ্ছে	2
বললেন	আমিও	2
আমিও	কিছু	2
কিছু	এড	2
এড	করসি	2
পারতেন	যে	2
ভিতর	এড	2
ওপেন	পোর্ট	2
মাধ্যমে	ফ্রি	2
মডারেশন	প্লিজ	2
নাম	হইলো	2
তে	আপনি	2
যে	ডোমেইন	2
লাগছে	কিন্তু	2
বাটন	এর	2
আহমেদ	ব্রো	2
মেইল	লাগবে	2
লেখা	এসে	2
তোর	বোনের	2
আমাদের	কি	2
১৮	ইয়ার	2
কোনো	ক্যাপচা	2
ভাইয়া	কোনো	2
ফ্রি	বাট	2
দিস	ইস	2
ইস	দ্যা	2
রেফার	ই	2
এড	ম্যানেজার	2
ম্যানেজার	ডিজেবল	2
ফ্রি	পাবো	2
না	দোয়া	2
ও	দেই	2
এ	২জিবি	2
করা	হল	2
হ্যা	আমি	2
অবশ্যই	করা	2
আজকে	ডাউনলোড	2
এলিমেন্ট	এর	2
না	মেগা	2
এর	সৌন্দর্য	2
দেখেন	ডাউনলোড	2
গুলো	ফাইল	2
এই	পদ্ধতির	2
করে	নিচে	2
যান	অ্যান্ড	2
যদি	ফুল	2
ফুল	লেখা	2
মেমোরিতে	যায়	2
লোকাল	হোস্ট	2
বানাবো	প্লিজ	2
ইরোর	দেখায়	2
একাউন্ট	রিমুভ	2
টার	ফাইল	2
ভাই	পিসিতে	2
দেখলাম	একটা	2
ও	এয়ারটেল	2
ডিফল্ট	থাকবে	2
এটা	মেনে	2
স্কিন	এ	2
আসেন	না	2
করবেন	নাহ	2
ফালতু	লোকজন	2
মুহাম্মদ	সাল্লাল্লাহু	2
সাকসেস	হবে	2
যে	ইউজার	2
এ	সম্পর্কে	2
বৈধতা	নিয়ে	2
বললে	আমি	2
চালাইয়া	যান	2
২০১৩	সাল	2
থেকে	কানেক্ট	2
বার	আইডি	2
খুললে	কি	2
৩	লিংক	2
লিংক	ফুললি	2
ফুললি	কাজ	2
নিজে	মাত্র	2
উলটা	পালটা	2
না	ধন্যবাদ	2
খেলতে	ডাটা	2
সবগুলা	পোস্ট	2
না	কথা	2
কথা	সত্য	2
ডাটা	এর	2
তাই	আইডি	2
আইডি	চালাই	2
মাই	ব্লগ	2
চালাচ্ছিলাম	বাট	2
প্যাক	এক্টিভ	2
পুরাই	পাগল	2
গ্রুপ	হ্যাক	2
একটা	গ্রুপ	2
আমার	ডলার	2
ডলার	মেরে	2
করবো	বুঝতেছি	2
৮	ইউজ	2
ব্যবস্থা	করে	2
মোবাইল	পিসি	2
কি	ফ্লেক্সি	2
করতাম	তাহলে	2
টোটাল	কত	2
কোথায়	তো	2
যেকোনো	ভিপিএন	2
আপনি	আপনি	2
দিয়ে	আরেক	2
অ্যাপ	এখনো	2
লাইক	ফর	2
ওয়েবসাইট	না	2
মানসম্মত	করে	2
অ্যাপ	চালানো	2
গুগলে	গিয়ে	2
কোনো	কষ্ট	2
হতে	চাইলে	2
এইভাবে	হয়	2
হ্যাঁ	পাইছি	2
সময়	এরর	2
কী	কেউ	2
বর্তমানে	বাংলাদেশে	2
এক	এড	2
করলে	পয়েন্ট	2
টাকা	অনলি	2
ভাই	এড	2
অলরেডি	করা	2
করি	এ	2
ডে	এর	2
এবং	পোস্ট	2
এই	প্রাইজ	2
এ	রিয়েলমি	2
নাই	পেমেন্ট	2
স্ক্যাম	সাইট	2
প্রবলেম	কী	2
নাম	কী	2
মোবাইল	অ্যাপ	2
১টা	লিংক	2
এডস	এর	2
পোস্ট	এমন	2
এ	রিলিজ	2
রিলিজ	হইছে	2
মাস্টার	হয়ে	2
সকল	ফ্রেন্ড	2
পোস্ট	শুধু	2
কেউ	এড	2
প্লিজ	দিয়েন	2
এ	ক্রিয়েট	2
এ	ডিএনএস	2
হইছিল	তারপর	2
খুলে	আবার	2
ভাই	টিক	2
কাছে	ওই	2
ওই	বই	2
এটা	পাবে	2
কে	কী	2
কাছে	খুব	2
যা	চায়	2
ব্যাটারি	ভালো	2
ভালো	চার্জ	2
এখন	কন্ট্রিবিউটর	2
প্লিজ	উপকার	2
হয়	লাস্ট	2
প্রব্লেম	আপনার	2
ট্যাব	রুট	2
যা	ইনকাম	2
এক্টিভ	করেন	2
সেপ্টেম্বর	মাসের	2
এইখানে	তো	2
হাতে	থাকে	2
থাকে	তো	2
ব্রো	পেইজ	2
আমাদের	এদিকে	2
আসলে	ট্রাই	2
বাংলাদেশি	সাইট	2
সাইট	নাকি	2
আমার	ওয়াল্টন	2
হবে	নিউ	2
নিউ	রোম	2
আপনি	আজাইরা	2
ইউজার	কই	2
হুম	যে	2
বিকাশ	খোলা	2
টা	অযথা	2
বাট	তোমার	2
করতে	লোগো	2
একটা	উপকার	2
করে	পাচ্ছি	2
রিংবিট	ট্রান্সফার	2
জেনে	আপনাকে	2
করতে	এখন	2
গুগল	এড	2
শেয়ার	করেনি	2
বাংলালিংক	দিয়ে	2
কজ	আমার	2
ব্রো	থ্যাংক	2
তাই	বলতে	2
কোনো	প্রুফ	2
নিউ	ফোন	2
তবে	বর্তমানে	2
সেন্ড	করেন	2
ওয়ে	আপনার	2
আপনার	এটা	2
আমি	কার্ড	2
পার্মিশন	অন	2
কিন্তু	রিভিউ	2
সেখানে	আমি	2
স্টক	ফ্ল্যাশ	2
ফোনে	ফ্ল্যাশ	2
কুইক	এডিট	2
ব্রো	বিটকয়েন	2
কীভাবে	সেটা	2
মোডারেটর	ভাই	2
করসে	এই	2
বুঝতে	আরো	2
আইডি	এই	2
কেউ	বললেন	2
চেঞ্জ	করছেন	2
দাম	টা	2
ঐটা	তো	2
এক্সপোসড	ইন্সটলার	2
সাথে	একটি	2
হলো	আপনাকে	2
অ্যান্ড	স্পিড	2
থেকে	দেখা	2
ইন্সটল	এর	2
শুধু	আপডেট	2
এটা	সলভ	2
ওর	নিজের	2
শেয়ার	কর	2
ফুল	ফলো	2
সেকেন্ড	লাইন	2
উচিত	যাতে	2
আপনি	একাউন্ট	2
খারাপ	খারাপ	2
লাগে	অ্যান্ড	2
কাজ	কাম	2
এখনো	চলছে	2
হোয়াটসঅ্যাপ	লিঙ্ক	2
এখানে	এসে	2
মতো	করেই	2
কিনতে	ডলার	2
কম	দামের	2
লোকেশন	শো	2
বাড়াবো	কীভাবে	2
উপর	এই	2
তে	এ	2
২	ডে	2
পাবলিশ	করলো	2
হতে	ডাউনলোড	2
লোগো	এসে	2
আপডেট	হয়	2
আপনি	জানলেও	2
আমি	যেগুলা	2
কেল্লা	ফতে	2
বাট	৫	2
মধ্যে	১	2
লগইন	না	2
চেয়ে	এটা	2
আপনার	সিস্টেম	2
ওপেন	এ	2
এ	সাবমিট	2
ভাবে	ইউটিউব	2
না	হলেই	2
হলেই	ভালো	2
লল	ব্রো	2
যেতো	তাহলে	2
সরি	লিংক	2
দরকার	শুধু	2
বুঝলাম	তাই	2
কয়েনবেজ	এর	2
থ্যাংকস	ফোন	2
ডিসপ্লে	তে	2
কিভাবে	বড়	2
বড়	করে	2
লস	করেন	2
একটা	আমি	2
আপনি	দেখেন	2
প্লিজ	দয়া	2
কষ্টে	পোস্ট	2
কই	আমার	2
পেন্ডিং	কেনো	2
কি	চ্যানেল	2
ভাই	এইবার	2
আপনি	নাকি	2
১	নাম্বার	2
ফ্রী	ডোমেইন	2
পোস্ট	প্রতিদিন	2
স্ক্যাম	করছে	2
২০	বার	2
দেয়	মনে	2
কিনা	অথর	2
বাট	ব্যাটারি	2
কী	করলে	2
থাংকস	আমি	2
করে	লিখুন	2
করলেই	আমি	2
পাবো	এমন	2
এমন	সিস্টেম	2
একটা	জানি	2
আর	শো	2
এড	হইছে	2
এখানে	বাংলা	2
বাংলা	টাইপিং	2
মূল	কথা	2
শট	দিলে	2
কিছুক্ষণ	আগে	2
আল্লাহ	কাল	2
এগুলা	নিয়ে	2
৬০০	এমবি	2
এমবি	পাইছে	2
অফলাইন	আর	2
রিভিউ	করছে	2
এখানে	করুন	2
জিবি	ওই	2
১৪	তারিখ	2
কোনো	এরকম	2
টেক্সট	এডিট	2
এডিট	কেমনে	2
করবো	ভিডিও	2
রুট	কেমনে	2
ব্রো	অ্যান্ড্রয়েড	2
কয়েনবেজ	থেকে	2
তো	জিপিইজিনেট	2
বাট	এ	2
লেওড়ার	লিংক	2
আছে	মেবি	2
মাই	ইউটিউব	2
হুমম	নাইস	2
সার্ভিস	টা	2
কাউকে	এসএমএস	2
হাঁ	ভাই	2
পারেন	কিন্তু	2
কী	ফ্রী	2
না	দেওয়ার	2
ইউজ	করাই	2
কার্ড	ইউজ	2
ওই	ফোল্ডারে	2
চেঞ্জ	করলেই	2
সেটিংস	নিয়ে	2
গুলা	কী	2
সময়	স্ক্রিনশট	2
আর	চেক	2
যে	ঠিক	2
এ	এপিকে	2
বলে	জাস্ট	2
নষ্ট	করলাম	2
জানতে	চাইছি	2
বললেই	হয়ে	2
টেম্পলেট	টা	2
বার	আবার	2
বের	হলে	2
এফবি	থাকে	2
আমি	ইজিনেট	2
ফায়ার	গেম	2
কমান্ড	হবে	2
ভাইয়া	বিটকয়েন	2
ইন্টারনেট	স্পিড	2
কিনি	নাই	2
নতুন	এ	2
করছেন	মনে	2
পারবে	কেউ	2
আছে	এ	2
ব্রো	থাংকস	2
করলে	একাউন্ট	2
স্পিড	মোড	2
মোড	তো	2
তো	অন	2
আছো	ভাইয়া	2
করতেছেন	কেন	2
কিছু	লিংক	2
ভাই	নো	2
দিতে	চাও	2
চাও	তাহলে	2
থেকে	ক্রোম	2
আপনাকে	ফোন	2
র‍্যাম	এ	2
ফেইসবুক	ব্লক	2
খাবে	নাকি	2
বার	প্লে	2
না	ওয়েবসাইট	2
রুট	সিস্টেম	2
কিভাবে	পাওয়া	2
মুড	ভার্সন	2
নিউ	কয়েন	2
১	মান্থস	2
একাউন্ট	লিমিটেড	2
আওয়ার	আগে	2
সেটা	ডিলিট	2
অর্ডার	করে	2
আপ	এপিকে	2
ডেস্কটপ	নাকি	2
অ্যাপ	বানাইতে	2
রিকোভারি	দিতে	2
শুধু	১	2
ইফ	ইউ	2
অ্যাপস	থ্যাংকস	2
ডিজেবল	করে	2
আপনাকে	চেঞ্জ	2
ইউর	ল্যাঙ্গুয়েজ	2
আছে	প্রব্লেম	2
এডস	এ	2
করে	সাবস্ক্রাইব	2
সে	যদি	2
এ	ডুকিয়ে	2
কোনো	অপারেটর	2
এর	সিম	2
ইউ	অল	2
স্ক্রিনশট	দিসেন	2
দিসেন	সেগুলো	2
গেমস	খেলে	2
পোস্ট	এখানে	2
পর	সেটিংস	2
এ	আইপি	2
ব্রো	আইপি	2
ক্লোজ	করলে	2
রোম	দরকার	2
থাংকস	থাংকস	2
করেন	অ্যাপ	2
এর	মানুষ	2
করি	বুঝছেন	2
অফার	অ্যাভেইলেবল	2
কীভাবে	ইনস্টল	2
অন্য	ওয়েবসাইট	2
নাই	ইউটিউব	2
এর	আরো	2
করেন	অনেকের	2
হায়	ভাই	2
তে	কী	2
জন্য	কম্পিউটার	2
হইবো	নাকি	2
ডাব	আসে	2
ক্রিয়েট	করেছেন	2
থেকে	মেইল	2
ধার	নেওয়া	2
স্ক্রিনশট	পাবজি	2
ইমুলেটর	এর	2
রুট	ফেইলড	2
কিন্তু	ক্লিক	2
আর	সময়	2
জিবি	র‌্যাম	2
তে	ভিউ	2
এফটিপি	তে	2
৫৮৫	টাকা	2
মাত্র	আমি	2
আমি	৫০	2
নাকি	রিয়েল	2
মেসেজ	করছি	2
ভাই	করছে	2
আগ	থেকেই	2
হুমম	ব্রো	2
সিরিয়াল	অনুযায়ী	2
এইটা	আপনার	2
কেন	না	2
ফ্রিবেসিক	দিয়ে	2
না	হোক	2
তো	লেটেস্ট	2
লেটেস্ট	না	2
টা	লেটেস্ট	2
লেটেস্ট	হলো	2
আবার	টিউনার	2
নাকি	ব্যান	2
জন্য	প্রশ্ন	2
করলাম	ডাউনলোড	2
ইউটিউব	আর	2
ই	বেশি	2
গুড	বয়	2
এর	তুলনায়	2
তুলনায়	টাকা	2
পোস্ট	দেওয়া	2
বার	দেখবো	2
করার	নো	2
একটা	ভার্সন	2
আপনি	আইপি	2
এটা	আজ	2
না	লোডিং	2
এ	ভার্সন	2
রিমোট	ইউজ	2
সাথে	মিলতে	2
মিলতে	হবে	2
এই	সেইম	2
অথোর	পদ	2
আপনি	বললে	2
আপনাকে	দিতে	2
এর	মেইল	2
আজকেই	দিবো	2
করলে	হবেন	2
কেমন	কাটবে	2
বাদ	দিয়েন	2
স্টক	ব্যাকআপ	2
নিজের	ফেইসবুক	2
নষ্ট	করবো	2
একমাত্র	আপনার	2
যদি	দেয়	2
কত	খরচ	2
এজ	গো	2
আচ্ছা	ট্রাই	2
প্লিজ	এন্ড	2
রিভিউ	প্লিজ	2
এ	রেজিস্টার	2
রেজিস্টার	করার	2
কমেন্ট	বা	2
করলে	কালার	2
ফোটো	দিতে	2
ভার্সন	ইন্সটল	2
রুম	এর	2
ফুল	রিভিউ	2
না	স্ক্রিন	2
ফিসিং	এর	2
হয়	আইডি	2
মিলে	গেছে	2
ভাই	ল্যাঙ্গুয়েজ	2
ওহ	নো	2
নিতে	কোনো	2
কোনো	ট্রাস্টেড	2
আরেকটু	ভালো	2
ভাই	বেস্ট	2
না	যাদের	2
স্প্যাম	শুরু	2
শুরু	করেছেন	2
পরিবেশ	নষ্ট	2
করছেন	কেনো	2
নিজে	ডাউনলোড	2
কিংরুট	আইরুট	2
এড্রেস	থাকে	2
ফরওয়ার্ড	এর	2
ডোমেইন	এর	2
প্রবলেম	আমার	2
জানেন	আশা	2
ইনভেস্টমেন্ট	সাইট	2
এ	রাখছে	2
করবেন	ট্রিকবিডি	2
করতে	কিন্তু	2
ট্রিক্স	দেন	2
থাংকস	ব্রাদার	2
একটা	ভোট	2
ভোট	হয়ে	2
রিভিউ	চান	2
চান	আমার	2
বলে	যান	2
কিছু	তেই	2
হচ্ছে	ওয়েট	2
বলছেন	আল্লাহ	2
এমন	এক	2
ব্লক	প্লিজ	2
এ	চালাই	2
আবার	কবে	2
নাম	না	2
নাম্বার	ভেরিফিকেশন	2
থাকলে	কী	2
ছিলো	এটা	2
আসে	কী	2
আগে	জিপি	2
হয়	ভিপিএন	2
হয়	আপনারা	2
অপশন	টাই	2
দিয়েন	যেন	2
গুলা	দিয়েন	2
ভালো	কপি	2
মেয়াদ	এই	2
দিসি	দেখুন	2
গেলে	কী	2
জানাবেন	ভাই	2
ছোট	মনে	2
দিয়ে	কিনসে	2
হয়েছে	একটু	2
ভেবে	পোস্ট	2
নো	কমান্ড	2
কমান্ড	লেখা	2
কী	সমস্যা	2
একটু	দয়া	2
রুল	পোস্ট	2
ভাবে	বুঝতে	2
আপলোড	সিস্টেম	2
মুড	অ্যাপ	2
এইচটিটিপি	ইনজেক্টর	2
কনফিগ	কিভাবে	2
আর	দেখা	2
কিভাবে	প্লে	2
যদি	কাইন্ডলি	2
সেটা	নিতে	2
টা	কখন	2
সময়	নেয়	2
আপনার	অথর	2
মাধ্যমে	পেমেন্ট	2
সম্ভব	প্লিজ	2
আপনি	১০	2
আমার	১২	2
সেই	স্পিড	2
গেম	গুলার	2
আগে	খেলছিলাম	2
আপনার	রোম	2
নো	সার্ভিস	2
সার্ভিস	লেখা	2
এখন	সিম	2
কতো	হবে	2
গুলাও	দেখেন	2
আমার	ফটো	2
এ	দিসি	2
না	রিয়েল	2
জিপি	নাম্বার	2
লোকেশন	দেখায়	2
বাট	সবার	2
আমি	ফ্রী	2
মতো	মজা	2
তা	দিয়েই	2
ভালোই	বাট	2
কয়েনবেজ	একাউন্ট	2
বলেন	দেখি	2
কিন্তু	মনে	2
নেট	নাই	2
গেম	গুলা	2
করে	খেলা	2
মোবাইল	কী	2
হবে	ফ্রেন্ড	2
আমি	শিখবো	2
পারবেন	এর	2
অর	ভালো	2
ব্রাউজার	লাগবে	2
যারা	নিজের	2
অ্যাপ্স	এ	2
দেয়	তাদের	2
তো	ইনভ্যালিড	2
ওয়াইফাই	লাগবে	2
যদি	একসাথে	2
টা	করতাম	2
আবাল	রা	2
খুব	ইউ	2
কীভাবে	ইউজ	2
টিভি	সিরিজ	2
দেখবেন	সবার	2
পাসওয়ার্ড	দেওয়ার	2
পারেন	জাস্ট	2
কী	ভালো	2
সুন্দর	দিন	2
দিন	কাটাইতাম	2
দেখি	কেমনে	2
না	থাক	2
জন্য	ব্লক	2
সল্ভ	করবো	2
মেসেজ	পাঠাতে	2
স্যামসাং	এ৩	2
পোস্টের	নিচে	2
নিচে	তো	2
থেকে	স্ক্রিনশট	2
যেই	ভিডিও	2
খারাপ	মনে	2
ফর	ফর	2
পড়ার	পর	2
নিতে	পারিনি	2
মুভি	বাংলা	2
তাইলে	বুঝতেন	2
সাইট	আপডেট	2
যদি	এইরকম	2
এক	লাইন	2
কোথায়	গিয়ে	2
আলো	তে	2
আর	আইপি	2
দেখতে	ফোন	2
এবাউট	ফোন	2
জিনিস	সবাই	2
নষ্ট	কইরেন	2
রিচার্জ	এন্ড	2
অপশন	গুলা	2
টিউনার	বানাই	2
টিভি	দেখার	2
পড়েন	তারপর	2
রেফেল	সিস্টেম	2
কোনো	টেলিগ্রাম	2
ও	শেষ	2
কি	ঘুম	2
নষ্ট	হইতেছে	2
উইথড্র	কত	2
নো	কেমনে	2
ফোন	ভেরিফাই	2
থেকে	পর্যন্ত	2
উইদাউট	রুট	2
একটা	প্রাইমারি	2
দেখুন	হয়	2
কাকে	বললেন	2
নিচে	একটা	2
ট্যাগ	কিভাবে	2
বাংলা	সাউন্ড	2
জিবি	লাগে	2
লিমিট	১৫০	2
ইউটিউব	ইটিসি	2
ভাইয়া	ওয়েবসাইট	2
পারে	যদি	2
নোট	১১	2
সব	ব্রাউজার	2
যখন	ট্রাই	2
ট্রাই	করেছিলাম	2
স্ক্রিনশট	দেখা	2
ব্রো	অপেরা	2
অপেরা	থেকে	2
নিউ	অ্যাপ	2
আপনারা	পোস্ট	2
কি	পেন্ডিং	2
টারম্যাক্স	এ	2
এ	পাইথন	2
এ	৩০	2
আওয়ার	টাইম	2
হয়	পাগল	2
পাগল	হইছে	2
টা	অস্থির	2
নেট	এক্টিভ	2
এই	রুম	2
দেখুন	অনেকেই	2
ইমেইল	করে	2
হবো	থ্যাংকস	2
কোড	বসানোর	2
এ	টাইটেল	2
২	টি	2
বেশি	কোনো	2
ফাইল	আনজিপ	2
করলে	কিচ্ছু	2
কিচ্ছু	হবে	2
টা	নিজের	2
বহন	করে	2
এই	ট্রিকস	2
বেশি	লাফালাফি	2
স্কাইভিপিএন	আর	2
ভালো	থাকেন	2
নিড	ফর	2
অবস্থা	খারাপ	2
খারাপ	করে	2
কি	এইভাবে	2
এক্সাম্পল	দিলে	2
১৬	রুট	2
পারলাম	একটা	2
যেই	পরিমাণ	2
এতো	দামি	2
খুলে	কাজ	2
কেবি	মাত্র	2
এগুলা	না	2
বাঁশ	খাবে	2
খাওয়ার	কি	2
কেমনে	পোর্ট	2
যোরিন	ওএস	2
আমি	লাইভ	2
সিম্ফনি	ভি২৮	2
জি	ট্রাই	2
রাশিয়া	এর	2
করলেই	আইডি	2
আইডি	হারাইছে	2
কি	ব্রাউজার	2
টাকা	শেষ	2
মোটা	হইতে	2
ভালো	সময়	2
উইথ	অল	2
এডমিন	মডারেটর	2
সাইট	কপি	2
ভিডিও	নিয়ে	2
ফর	এন্ড্রয়েড	2
এমবি	৫	2
ওয়ার্কিং	আমি	2
হইলে	একটা	2
এ	মেইল	2
কে	সব	2
সার্চ	যাবেন	2
হইতো	বাট	2
করে	ইজিনেট	2
গুলা	সব	2
সেই	লাগছে	2
দিলেন	কিভাবে	2
নিয়ে	৬	2
আছে	মিয়া	2
মিয়া	খবর	2
উপরের	গুলো	2
জন্ম	নিবন্ধন	2
গ্রুপ	এফবি	2
কাজ	করিনি	2
কত	হাজার	2
এখন	এক্সাম	2
ফ্রি	চলতো	2
আবার	ফ্রি	2
নেয়া	যাচ্ছে	2
আর	লেখা	2
করে	বাঁশ	2
রাত	মিনিট	2
মিনিট	থেকে	2
রাত	২	2
সাপোর্ট	ভাই	2
ব্লক	হলে	2
আর	আর্নিং	2
আর্নিং	করতে	2
পরের	পোস্টে	2
ওইটা	নিয়া	2
ব্যাটার	হবে	2
ভালো	এ	2
মেসেজ	আসছে	2
তারা	এখন	2
আছে	কাইন্ডলি	2
কোথায়	কাজ	2
এড	করুন	2
হচ্ছে	কিন্তু	2
কিছু	ক্লিয়ার	2
কম্পিটিশন	এ	2
ইউ	রাইট	2
ব্রো	হচ্ছে	2
বিষয়ে	কোন	2
কয়েন	এর	2
হচ্ছে	কোন	2
দিন	যে	2
থেকে	হাজার	2
দেরি	তে	2
প্লিজ	কোন	2
ছোট	করেন	2
করে	এড	2
বিষয়ে	হেল্প	2
টাইম	আপনি	2
প্রুভ	সহ	2
একটা	মিউজিক	2
পাসওয়ার্ড	ভুল	2
পোস্ট	ক্যারি	2
কিন্তু	সিম্ফনি	2
ভি৭৫	এর	2
হয়তো	ফোন	2
করছে	তাতে	2
থেকে	করার	2
টা	ফ্ল্যাশ	2
মেয়াদ	১মাস	2
কোথায়	করবো	2
একটু	শিখাবেন	2
বসানো	আছে	2
করছে	সেই	2
এন্ড	আপডেট	2
এক্টিভ	হয়	2
বেশি	কইরা	2
বাট	আই	2
এর	রেফারেন্স	2
নাকি	আলাদা	2
জিবি	নিছিলাম	2
টা	এখনে	2
৩জি	ফুল	2
চক্কর	পোস্ট	2
একটা	করলেই	2
করলেই	এপ্রুভড	2
ঘাবলা	আছে	2
বাচ্চা	পোলাপান	2
উপায়	দিন	2
পাইছিলাম	বাট	2
ক্লোজ	করে	2
যাদের	একাউন্ট	2
অ্যাপ	গুগল	2
পাবলিশড	হয়েছে	2
বাড়ানোর	ওয়ে	2
তারিখ	থেকে	2
দিয়ে	বাইপাস	2
ও	সেই	2
নাকি	লাইফ	2
টাইম	চলবে	2
বেসিক	লেভেল	2
লেভেল	থেকে	2
ফলে	তারা	2
কমেন্টস	দেখে	2
যদি	আপনারা	2
বস	এটা	2
লিমিট	কিভাবে	2
জানি	থিম	2
নিউ	থিম	2
এমআই	তে	2
আপনি	কিনবেন	2
তোহ	আর	2
বিডি	ও	2
পর	কী	2
গুড	চালিয়ে	2
কিভাবে	ভাইয়া	2
লোড	করতে	2
গিয়ে	ফেইলড	2
তে	দেখবো	2
পেপাল	বিটকয়েন	2
নেয়ার	একটা	2
টা	আসলেই	2
ব্রিক	হওয়ার	2
সম্ভাবনা	নেই	2
পারবো	তো	2
এ	টিক	2
২	এমবি	2
ব্রো	ইমেজ	2
আমাকে	গিয়ে	2
কিভাবে	সল্ভ	2
বুট	করতে	2
পারছি	প্লিজ	2
আউট	করা	2
ইজ	ট্রিকবিডি	2
ট্রিকবিডি	হ্যাক	2
এমটিকে	যদি	2
টাকা	চায়	2
আমি	পোর্ট	2
ইন্সটল	না	2
বানাবো	একটু	2
নিয়ে	আসা	2
হোস্ট	কিনতে	2
আর	মাস্টার	2
যায়	পার	2
৩	ডলার	2
বাঁশ	দিতে	2
করেন	নিজের	2
জিটিএ	ফাইভ	2
লিংক	এখানে	2
একটা	অ্যাপ্স	2
অ্যাকাউন্ট	লগ	2
যে	কতটা	2
সেটা	হয়তো	2
ক্রেডিট	দিতাম	2
দেন	বিস্তারিত	2
বলসি	প্লিজ	2
করছি	একটা	2
একটা	দিয়াও	2
দিয়াও	হয়	2
প্লিজ	রিকভারি	2
রিকভারি	কোথা	2
ইনকাম	সম্ভব	2
গুলা	জাস্ট	2
মাথা	কিছুই	2
কারো	হইছে	2
ম্যাসেজ	কি	2
১০০	ভিউ	2
খুশি	হইলাম	2
সবাই	অনেক	2
১এসটি	এই	2
স্টাইল	করতে	2
এড	ভিউ	2
ভালো	ফর	2
আপনার	ফোনটা	2
নিজের	কাছে	2
মেইল	এক্টিভ	2
কিছু	পাবেন	2
করেছিলাম	এখন	2
জিমেইল	দিলে	2
নাম্বার	গুলো	2
থেকে	কন্টাক্ট	2
যেই	সাইট	2
আর	জিপি	2
সেজন্য	একটা	2
পর্যন্ত	এক	2
বার	দিয়ে	2
তাহলে	বিশ্বাস	2
জন্য	যেকোনো	2
কেনো	প্লিজ	2
ভেরিফাইড	করছেন	2
হতে	থাকবে	2
এ	বিটকয়েন	2
কোথাই	পাবো	2
স্কুল	বাংলা	2
বাংলা	ইউটিউব	2
লোক	নাই	2
ই	কিছু	2
এই	ব্রাউজার	2
কথা	বলিয়েন	2
জন্য	এটাই	2
আমার	সালাম	2
শিট	এ	2
মতো	আছে	2
গেসে	কিন্তু	2
ব্রো	আপনারা	2
করে	বড়	2
ভাই	ইজি	2
ইউ	আপনার	2
জিটিএ	ভালো	2
ভালো	নাই	2
পর	কমেন্ট	2
করতেছি	অনেক	2
তোর	জন্য	2
১	এন্ড	2
এ	পাচ্ছিনা	2
হবেনা	নাকি	2
প্রথম	পোস্ট	2
কল	রেকর্ড	2
ধরনের	কাজ	2
করলে	মেইন	2
জন্য	হেল্পফুল	2
নিয়মিত	চাই	2
এমবি	কিনার	2
সব	নাম্বার	2
বললাম	পোস্ট	2
অন্য	টপিক	2
আগেই	করছি	2
তো	ফেসবুক	2
র‍্যাম	কত	2
রিচার্জ	করেন	2
ফেইক	রুট	2
ভার্সন	ইনস্টল	2
গুলা	ভার্সন	2
খুজে	পাইছি	2
রোম	ট্রাই	2
বাট	ওইগুলা	2
আমার	এমন	2
১০কে	ভিউ	2
ভিউ	লাগবে	2
জন্য	আবেদন	2
ওয়ালেট	এড্রেস	2
কি	১টাই	2
ট্রাস্ট	ওয়ালেট	2
একটা	ফুল	2
তো	নয়	2
ভাই	স্টোরি	2
পার্ট	বাই	2
আজ	ট্রিকবিডি	2
ভাই	সাবটাইটেল	2
দেখে	একটা	2
এটা	রিমুভ	2
ও	পাইলাম	2
আপনার	সেটিংস	2
বার	কানেক্ট	2
ডাউনলোড	আর	2
খারাপ	করবেন	2
করেনা	লিংক	2
করে	ছিলো	2
অবশ্যই	সোর্স	2
সোর্স	দিবে	2
দিবে	পোস্টটি	2
পোস্টটি	খুজতে	2
খুজতে	অনেক	2
ঐটার	মেয়াদ	2
পেমেন্ট	করার	2
তো	করেন	2
আসতে	বাধ্য	2
এন্ড	টাইম	2
১৪	মার্চ	2
মার্চ	এর	2
মিন	আপনার	2
আন্সার	দেন	2
আমার	৫০০০	2
অনেক	গুলাই	2
কম	ফলোয়ার	2
এক্সট্রাক্ট	করতে	2
এখন	ভাইয়া	2
আছে	দেখলাম	2
৩	সেকেন্ড	2
আবার	প্লে	2
আগে	রুট	2
ছাড়া	কাস্টম	2
পুরান	পোস্ট	2
আটকে	আটকে	2
আটকে	চলে	2
কিন্তু	অ্যাপ	2
যেগুলো	ডাউনলোড	2
তাহলে	কাল	2
ভাই	ফ্রিডম	2
অ্যাপ	এডিটর	2
সাথেই	থাকবেন	2
লগইন	হচ্ছেনা	2
টুলস	নিয়ে	2
নাই	সেই	2
কারণেই	আমি	2
সদ্য	রিলিজ	2
পর	বের	2
যদি	আরো	2
পিসি	ট্রিক	2
কানেক্ট	উইথ	2
একটা	সেটিং	2
হ্যাঁ	হ্যাঁ	2
পদ	হারাবেন	2
কোর্স	পাওয়া	2
মিয়া	তোমার	2
এপ্রুভ	করবেন	2
বের	হয়নি	2
গুড	ভালো	2
ভিমোস	অ্যাপ	2
বেশি	জানেন	2
আর	কিন্তু	2
রা	জানতে	2
একাউন্ট	লগ	2
আগ	থেকে	2
সুপার	স্পিড	2
চালানো	যাচ্ছে	2
ও	কানেক্ট	2
শর্টকাট	টি	2
আসে	কিভাবে	2
দিয়া	কানেক্ট	2
লাগে	কেউ	2
চাই	এরকম	2
প্লিজ	মডারেটর	2
প্রেমে	পড়ে	2
দিলেই	এনাফ	2
রিকোয়েস্ট	দিছে	2
কাজ	করব	2
প্লে	লিস্ট	2
লিস্ট	টা	2
মুট	করে	2
আমার	ঘরের	2
আর	করা	2
পোকেমন	গো	2
পয়েন্ট	এর	2
নাম	শো	2
ব্রো	চেষ্টা	2
করছো	এই	2
যাচ্ছে	আমি	2
দিবো	নাকি	2
আমার	চলছে	2
পোস্টটা	করি	2
আমার	রিভিউ	2
করে	দেখিয়েছি	2
যা	বলেছি	2
বার	ফ্রি	2
থাকতেও	পারে	2
বাসা	ঠিক	2
কিনে	ইউজ	2
যাবে	কেউ	2
আনলিমিটেড	চলবে	2
আইডি	করতে	2
কাছে	বিক্রি	2
বিক্রি	করব	2
করব	এফবি	2
টি	সম্মত	2
বিস্তারিত	কিছু	2
আমি	মেমোরি	2
থাকলে	গুগল	2
সবার	ফোনে	2
ফোনে	এমবি	2
এয়ারটেল	ইউজার	2
চ্যানেল	সব	2
গেল	নাকি	2
কিন্তু	মোবাইল	2
এফবিতে	নক	2
করছি	দেখেন	2
থাকে	নাকি	2
পড়তে	পারে	2
ভাই	৩০০	2
করব	ওই	2
৩০	দিনে	2
হওয়ার	দরকার	2
পর	গুগল	2
কত	ইনভেস্ট	2
টা	বানিয়ে	2
বাট	এটাও	2
যেটা	আমার	2
কে	লিয়ে	2
কুচ	টাইম	2
দিয়া	কিভাবে	2
কিভাবে	কিউআর	2
যেকোনো	ওয়েবসাইট	2
পাবলিশ	প্লিজ	2
অনেকের	ই	2
এ	যত	2
যত	গুলো	2
ক্যারেক্টার	থাকবে	2
থাকবে	তার	2
সবাই	পেমেন্ট	2
ভালো	কর	2
সময়	কানেক্ট	2
লাস্ট	তিন	2
টা	স্ক্রিনশট	2
স্ক্রিনশট	ফলস	2
আর	লাইট	2
অটো	ডিসকানেক্ট	2
অ্যান্ড	সার্ভার	2
বিকাশে	টাকা	2
দিয়ে	এখনো	2
দেখায়	এমন	2
আসেন	ভাই	2
আছে	ওখান	2
না	গিয়ে	2
ফোন	আছে	2
অথর	বানালে	2
একটা	সফটওয়্যার	2
আপনি	গ্রুপ	2
দেন	অর	2
ভি৫৫	ফোনের	2
এটা	১	2
ফলোয়ার	অপশন	2
পোস্টটা	কয়বার	2
এর	তাহলে	2
করলে	অ্যাপ	2
কি	এটার	2
করে	সেখানে	2
পোস্ট	করতেছি	2
দিবেন	একটা	2
রিকোয়েস্ট	দেখায়	2
রিপ্লাই	দিলেন	2
আছেন	কি	2
বলার	সময়	2
কিন্তু	হলো	2
জাস্ট	একবার	2
আগে	দিতে	2
বলে	যায়	2
ইনবক্স	করতে	2
আর	নাম	2
এসব	অনেক	2
সেখানে	মেসেজ	2
মেসেজ	দেওয়ার	2
চ্যানেল	খুলতে	2
কোয়ালিটি	কনটেন্ট	2
ফোনে	কিছু	2
ডাউনলোডের	সময়	2
২এমবি	ডাউনলোড	2
আইডি	লিংকটা	2
টেকটিউন্স	থেকে	2
আর	এভাবে	2
প্লিজ	যেটা	2
পারে	এমন	2
কখন	বললাম	2
কে	দিবে	2
দিবে	এর	2
ফ্ল্যাশ	করে	2
নেটওয়ার্ক	থাকে	2
অপশন	পাইনা	2
হওয়ার	এক্সপেরিয়েন্স	2
নিয়ে	নতুন	2
বুঝাই	বলেন	2
টা	অবশ্যই	2
ই	কথা	2
জাস্ট	গুগল	2
১জিবি	এর	2
ভাবে	করলে	2
বলবেন	আমার	2
করেন	তবে	2
তবে	এমবি	2
হঠাৎ	কয়দিন	2
ফেসবুক	ফ্রি	2
হবে	পেমেন্ট	2
সব	লেভেল	2
বলতে	পারতেছি	2
কালেক্ট	করা	2
আমরা	মুসলিম	2
চেয়ে	পোস্ট	2
টাইপ	করলে	2
হুম	ইনস্টল	2
কম	স্পিড	2
থেকে	প্রবলেম	2
৭০০	কেবিপিএস	2
বাট	রেফার	2
মিনিমাম	১	2
না	দিলেই	2
লিঙ্ক	দিবেন	2
আপডেট	দিসে	2
সময়	থেকে	2
এক	জিবি	2
র‌্যাম	এর	2
লাভ	পাওয়া	2
র‌্যাম	বারানো	2
উপকার	পাওয়া	2
না	চালানো	2
চালানো	ভাল	2
আপ্রুভ	করে	2
করে	কে	2
করতে	দেয়	2
ভাই	ভাব	2
করব	যদি	2
ভেন্সড	ম্যানেজার	2
ভেজাল	না	2
ভেজাল	মনে	2
আমারে	কি	2
কেউ	আছেন	2
বলে	এমন	2
গেমের	নাম	2
গরীব	মানুষ	2
বিকজ	এটা	2
মজা	পাইনা	2
ব্রাউজার	ডাউনলোড	2
যোগ	করুন	2
রবি	ইউজ	2
মজা	পাবেন	2
আসে	কোথা	2
হব	কিভাবে	2
ভালো	করেছে	2
ডেটা	চালু	2
করতে	গেসি	2
গেসি	আর	2
কেটে	গেছে	2
ও	সেইম	2
ব্যালেন্স	ট্রান্সফার	2
পসিবল	আপনি	2
করে	দেখাবেন	2
সব	পোলাপান	2
বট	বানানোর	2
টিউটোরিয়াল	দিন	2
৪	৪	2
ট্রিকবিডির	সাথেই	2
আরেকটি	নতুন	2
হওয়ার	সুযোগ	2
ফোন	ভালো	2
রুট	অ্যাপস	2
বলসে	আপনি	2
একটা	টেমপ্লেট	2
আগে	বলতেন	2
এক্সপ্লোরার	প্রো	2
দিয়ে	তুলতে	2
পেপাল	খুলতে	2
ও	কিন্তু	2
পাইনি	প্লিজ	2
ক্রিয়েট	হবে	2
ফ্রি	আছে	2
ডিসেবল	করে	2
বাট	যাদের	2
টাকাই	১	2
ই	দিসি	2
এই	নিউজ	2
নিউজ	টা	2
এ	বের	2
বলো	তোমার	2
করছো	তার	2
কিভাবে	বানাতে	2
বা	স্বাধীন	2
তারা	তাদের	2
এইসব	কি	2
পারলে	নিজের	2
ইনভেস্টমেন্ট	করতে	2
বাকি	টুকু	2
এটা	দেখাই	2
ও	নষ্ট	2
স্ক্রিন	রিডার	2
রিডার	সাপোর্ট	2
অ্যাপ্রুভ	হওয়ার	2
কেউ	জিপি	2
থেকে	নাম্বার	2
লিঙ্কটা	কাজ	2
আইডি	ব্যানড্‌	2
করলাম	৩	2
পরে	বললো	2
নিজে	কাজ	2
আর	ট্রাই	2
আমার	পরিচিত	2
সবাইকে	বলবো	2
বুঝে	শুনে	2
কনফিগ	টা	2
যদি	সত্যি	2
টা	ভিউ	2
আপনি	করেন	2
অ্যাপ	সম্পর্কে	2
আইডি	সাথে	2
হাহাহা	ভাই	2
দিচ্ছেন	১	2
প্রুফ	দিছি	2
কোনো	খারাপ	2
সাইড	এ	2
এ	হইছে	2
অফ	কিভাবে	2
কি	দিলেন	2
টাইম	আউট	2
ভালো	১	2
জোস	কাজ	2
করে	কারো	2
কিনা	দেখি	2
করবো	ফুল	2
বলছেন	আর	2
ওয়ার্ড	গুলো	2
গুলো	ইউজ	2
পোস্ট	আকারে	2
যাদের	রুট	2
কি	উপায়	2
জিবি	নিসিলাম	2
ভাবে	ব্যাকআপ	2
কোথায়	করলেন	2
এর	যত	2
ইউজার	রে	2
ও	দিসে	2
সাথে	ফোন	2
ডেইলি	আর্ন	2
আপনি	আনলিমিটেড	2
এক্সেপ্ট	কইরেন	2
চ্যানেল	ক্রিয়েট	2
প্রক্সি	সেটিংস	2
বুঝিয়ে	বলো	2
উপরের	দিকে	2
থ্যাংকস	আচ্ছা	2
পাইলাম	কি	2
সেখানে	গেলে	2
দেখায়	নট	2
আওয়ার	পর	2
অ্যান্ড	রবি	2
ইমি	কোড	2
রিমুভ	হয়ে	2
উল্টা	পালটা	2
সব	লেখা	2
সেল	দেয়া	2
৬	এর	2
কিটক্যাট	বেসড্‌	2
ইনস্টল	দিসেন	2
থ্যাঙ্কস	ইউ	2
যে	আর	2
রিয়েল	পেমেন্ট	2
তো	দেখালেন	2
দেখালেন	না	2
আমি	ওয়াপকা	2
আমার	ইনভ্যালিড	2
নাম্বার	দেখায়	2
দেন	কিভাবে	2
এর	পক্ষে	2
কয়টা	করে	2
অ্যাপস	চাই	2
করা	দেখে	2
তখন	কী	2
এর	রেম	2
মিয়া	লিঙ্ক	2
গুলো	রিস্টোর	2
৩টা	মানসম্মত	2
সব	নিয়ম	2
ভাই	উপকৃত	2
কেউ	তো	2
কত	আপনার	2
কারোর	কাছে	2
পোস্ট	অলরেডি	2
হাজার	উইথড্র	2
দিমু	তো	2
জাস্ট	টাইম	2
কজ	আমি	2
ছাড়া	আপনার	2
কারণে	ভালো	2
নাই	তার	2
এর	শুধু	2
অ্যামেজিং	পোস্ট	2
কেমনে	জানবো	2
নাই	মড	2
এই	প্লেয়ার	2
পারেন	ফ্রি	2
পেয়পাল	থেকে	2
টাকা	বের	2
ডাউনলোড	লিঙ্কটি	2
লিঙ্কটি	ঠিক	2
রেডমি	৪এ	2
হুম	রাইট	2
লাগে	যদি	2
পারেন	মাই	2
ক্যাশ	অন	2
অন	ডেলিভারি	2
আগে	এখনো	2
তে	যেমন	2
তাতে	মনে	2
করেও	পারলাম	2
নিজের	ফোন	2
ফাস্ট	রাখা	2
ব্যাবহার	করার	2
থিম	কি	2
এ	যাইতে	2
যাইতে	পারবো	2
এটা	প্লিজ	2
গুলো	শেয়ার	2
নাহ	কোনো	2
আনলিমিটেড	করবো	2
কনফিগ	বানানো	2
যে	গ্রুপে	2
দিন	থাকে	2
অথর	হয়েও	2
তা	ডাউনলোড	2
বিষয়ের	উপর	2
উপর	পোস্ট	2
টাকা	আয়	2
পোস্ট	অ্যান্ড	2
পোস্ট	পাওয়া	2
না	দিন	2
কোড	লাগবো	2
থেকে	বেঁচে	2
আমি	যার	2
পেমেন্ট	নিবো	2
তার	জিমেইল	2
এর	আইসি	2
পারে	সো	2
কিছুই	বোঝা	2
বোর্ড	কিংস	2
৫১টাকা	রিচার্জ	2
৫	মাস	2
র‍্যাম	লাগবে	2
থাকলে	বা	2
একটা	এনআইডি	2
ভাইয়া	পোস্টটা	2
নিয়ে	ইউজার	2
ইউজার	অর	2
অর	ইউজার	2
গালি	কেন	2
বলছেন	সেটা	2
রা	এখন	2
পাওয়া	ও	2
অনেক	টা	2
বাট	এমআই	2
এমআই	কিনে	2
১৪০০০	দিয়ে	2
তো	২০	2
২০	তে	2
কয়েনবেস	অ্যাকাউন্ট	2
অ্যাকাউন্ট	লাগবে	2
থাকলে	পারবেন	2
মধ্যে	কন্টাক্ট	2
ঐ	টার	2
মধ্যে	লিঙ্ক	2
লগআউট	করলে	2
করতে	কল	2
এই	দুইটা	2
সাইটে	নাই	2
কোথাও	নেই	2
পর	আনরুট	2
আনরুট	কিভাবে	2
কোনো	টাইম	2
অ্যাণ্ড	আপনি	2
আপনি	পাবেন	2
হবে	জাভা	2
পেজ	প্রমোট	2
প্রমোট	করা	2
কথা	কজ	2
এসএসশট	অ্যাড	2
হয়	তবুও	2
আগেই	ট্রিকবিডি	2
একসাথে	অনেক	2
করে	আসতেসি	2
ওই	ট্রিক	2
হবে	ভিডিও	2
হলে	ধন্যবাদ	2
ল্যান	ওয়াইফাই	2
ইনবক্স	করে	2
বাংলা	ল্যাংগুয়েজ	2
ই	লাগে	2
ভাই	প্রথমে	2
তেমন	কিছুই	2
জি	ধন্যবাদ	2
র‍্যাম	কম	2
অ্যাপ	অ্যাপ	2
চলসে	না	2
দিবেন	কখন	2
প্লাগইন	নিয়ে	2
ক্লিক	হয়	2
তে	পাইসি	2
করা	তাও	2
কাছে	শুনে	2
আইপি	আছে	2
কিভাবে	বলতে	2
সাইট	টার	2
আপনার	রিপ্লাই	2
ব্ল্যাক	হ্যাট	2
হ্যাট	হ্যাকার	2
রা	ফেসবুক	2
পাইতে	সে	2
৩	মিনিটে	2
কইরা	লায়	2
তো	বড়	2
করে	ব্রাউজিং	2
প্রব্লেম	নাকি	2
চার্জার	এর	2
এর	প্লিজ	2
কেউ	রিপ্লাই	2
অর	ইনবক্স	2
ভাই	লগইন	2
ইউটিউব	প্যাক	2
কপি	ছাড়া	2
হলে	টিউনার	2
ইউএসডি	মাইনিং	2
সিস্টেম	কেমনে	2
এর	গুলা	2
ফোন	টাকা	2
আর	তাই	2
আমার	কেন	2
তামিল	বুঝেন	2
করুন	পোস্ট	2
মেরিট	লিস্ট	2
ট্যাঙ্কস্‌	ভাই	2
সেই	ভাবে	2
হয়না	তাই	2
না	এতে	2
করছি	এখনো	2
পেন্ডিং	মানে	2
আর	১৯	2
রবি	তেই	2
তেই	কাজ	2
এ	সাথে	2
স্টক	রুম	2
ব্যাকআপ	করবো	2
ইউটিউব	তো	2
প্রয়োজন	পরে	2
নিরাপদ	হবে	2
আমি	ফ্লেক্সিপ্ল্যান	2
গুগল	পিডিএফ	2
পোস্ট	পড়ার	2
করলেই	পাওয়া	2
দিছেন	সেটা	2
এর	ওবিবি	2
গেলে	কোথায়	2
ভাবে	দিয়ে	2
যেটা	ইউজ	2
প্রায়	ব্রাউজার	2
দিয়েই	করা	2
যায়	লোল	2
একটা	প্যাক	2
প্যাক	অ্যাক্টিভ	2
কি	মেগা	2
পেমেন্ট	করবো	2
টুল	ইনস্টল	2
বিষয়ে	আমার	2
বাট	সেভ	2
সেভ	করতে	2
কিভাবে	ফ্লেক্সি	2
তাও	আপনি	2
ফ্রি	৪০০	2
তাই	এইটা	2
যাদের	প্রয়োজন	2
থাকলে	কেটে	2
ভাই	অ্যাপস্‌	2
ইউ	গুগল	2
ট্রিকবিডি	তা	2
স্পীড	পাবেন	2
টাকা	রিফিল	2
আর	করো	2
মেম্বার	এর	2
ভালো	হোস্টিং	2
মাই	ফ্রেন্ড	2
দিয়ে	সিম	2
ভাবে	দেন	2
কিছু	বাগ	2
কি	হবেনা	2
প্লিজ	হিন্দি	2
ডাবড্‌	টা	2
পরে	এটা	2
আমার	ভালোই	2
ফোনে	সাপোর্ট	2
যুক্ত	হয়ে	2
তেও	পোস্ট	2
রিভিউ	হলে	2
এরকম	অফার	2
দিসেন	ঐটা	2
এর	দিতে	2
মেইল	দিয়েন	2
আমার	আইডিয়া	2
সাপোর্ট	নাই	2
চ্যানেল	হলো	2
করছি	ভাল	2
চিপসেট	কত	2
ভিউয়ার	লিখে	2
নেট	সব	2
সিম	তো	2
এপিকে	বিল্ড	2
পারলে	পেমেন্ট	2
নাম্বার	ইমেইল	2
করে	অ্যাকাউন্ট	2
সেটআপ	করার	2
১০০এমবি	এর	2
আপলোড	করলাম	2
যদিও	আমি	2
৯	টার	2
টার	সময়	2
এ	বুঝা	2
১২	ক্রেডিট	2
ব্যান	খাওয়ার	2
আসে	পাশে	2
তবে	এখন	2
বেশি	হইতে	2
নেই	গুগল	2
দিয়া	ফ্ল্যাশ	2
ভি	আমার	2
রেফারেল	করে	2
না	বুঝা	2
লিঙ্ক	দিয়েন	2
পোস্ট	লেটেস্ট	2
প্লিজ	ভিজিট	2
গুলা	সাপোর্ট	2
এফ৩	তে	2
আমিও	ভাই	2
করে	লিখলে	2
অ্যাড	করুন	2
ভাই	তা	2
তা	সারা	2
সারা	কোনো	2
ওর	ফোন	2
টা	করবো	2
আমার	১এসটি	2
তার	মোবাইল	2
ডিসেবল	করা	2
আনইনস্টল	দেয়া	2
ফিরিয়ে	আনার	2
কি	কুনো	2
আপনার	এফবিতে	2
দিসি	একটু	2
করবেন	সিম	2
জন	মিলে	2
পাই	তাই	2
করে	দিছেন	2
মনে	তো	2
সিম	ট্রাই	2
উপকারে	আসছে	2
আগে	করেছি	2
কোনো	সেটিংস	2
আর	বিডি	2
আপনার	বয়স	2
জেনে	জানাচ্ছি	2
ব্রো	কম্পিউটার	2
আলাইকুম	ভাই	2
টিক	করে	2
তারা	তাড়ি	2
এড	কর	2
কিন্তু	সবাই	2
তো	রবি	2
সেটা	কমেন্ট	2
করে	জানাবেন	2
পেজ	সেভ	2
তাহলে	লাভ	2
করে	দেখেছি	2
পাঠানো	যাবে	2
ডগ	কয়েন	2
থেকে	জয়েন	2
টাইটেল	চেঞ্জ	2
ও	দেখা	2
খুব	কাজের	2
বই	গুলা	2
আপনার	কার্ড	2
রা	কমেন্ট	2
অথর	পাওয়া	2
সেটা	কপি	2
আসে	সেই	2
টুল	এ	2
আমার	চিপসেট	2
তো	এমটিকে	2
জি৫	এর	2
গুলা	ফলো	2
পরিহার	করতে	2
হবে	দীর্ঘদিন	2
আলেমরা	এই	2
বই	বলে	2
বলে	আসছেন	2
আসছেন	ত্রুটি	2
এখনো	সংশোধন	2
সংশোধন	করা	2
ত্রুটি	হিসেবে	2
হিসেবে	মেনে	2
মেনে	নিতেই	2
নিতেই	চাচ্ছে	2
ভক্ত	রা	2
জানলে	একটা	2
কাস্তমার	কেয়ার	2
দিয়ে	ফুল	2
ভিপিএন	ই	2
ভালোই	চলে	2
করে	সেটআপ	2
একটি	সাইট	2
হ্যালো	আমার	2
মডেল	ভার্সন	2
অমক	ভাই	2
কি	টানার	2
টানার	করা	2
বাহ	ভাই	2
আসবে	কিন্তু	2
কিন্তু	আসেনা	2
করতে	একটু	2
এয়ারটেল	সিমে	2
ঠিক	হেল্প	2
আসবে	ওয়েট	2
প্রায়	এক	2
লেখার	কোনো	2
স্যামসাং	ট্যাব	2
লিঙ্ক	নাই	2
অনলাইন	পদ্ধতি	2
পদ্ধতি	বলেন	2
করে	মোবাইলে	2
কনফিগ	দিয়ে	2
ওয়াইজ	রেজাল্ট	2
জি	ড্রাইভ	2
ব্রো	ডাউনলোডের	2
ইউ	সি	2
থেকে	ডাউন	2
হয়েছিল	ভাই	2
করতে	বলছেন	2
সেই	কোড	2
করে	ন	2
আপনাদের	এরকম	2
ক্লাউড	ফ্লাওয়ার	2
ফ্লাওয়ার	এর	2
প্রো	কি	2
কোড	দেখা	2
ক্লিক	দিলে	2
অর	আপনার	2
ও	সরি	2
পোস্ট	মনে	2
যান	ওইখানে	2
না	এসে	2
কোটি	টাকা	2
সবকিছু	ঠিক	2
ঠিক	কোন	2
থেকে	বাহির	2
হয়ে	আবার	2
অথর	অনেক	2
হয়	একটা	2
রুট	সাকসেসফুল	2
আমার	মেইল	2
তাড়াতাড়ি	করলে	2
জানে	ই	2
আমার	সমস্যা	2
ডাউনলোড	করছেন	2
ডাউনলোডের	লিংক	2
টাইপ	গেম	2
আসবে	আপনি	2
কয়টা	লাগবে	2
চাইবে	না	2
রিচার্জ	দেয়	2
আহ্বান	করছেন	2
দিনে	পেমেন্ট	2
৯৯	টাকা	2
সাইট	ডিজাইন	2
মুভি	দেখলাম	2
তো	বুজলাম	2
ইন্টারনেট	ব্যবহার	2
প্রিমিয়াম	সাবস্ক্রিপশন	2
তো	হলোনা	2
সাইটে	এড	2
করায়	দেন	2
দেন	ইউজ	2
ছাড়া	ট্রিকবিডি	2
গুলো	যদি	2
যদি	এ	2
পায়	তাহলে	2
যেটা	ওইটা	2
স্লো	স্লো	2
প্রবলেম	আমি	2
দেখে	বোঝা	2
আমার	নতুন	2
বললাম	যে	2
তে	মানায়	2
এ	ওয়ার্কিং	2
দিয়ে	এপ্লাই	2
কোন	ল্যাঙ্গুয়েজ	2
করা	করতে	2
মোবাইল	টপআপ	2
তে	করলে	2
টাইম	আরো	2
ফুল	ভেরিফাই	2
পোস্ট	কোড	2
কোড	জানতে	2
রিমুভ	দা	2
কিভাবে	দেয়	2
অ্যাপস	নাই	2
তারপর	কাজ	2
পারবেন	আপনার	2
আইডি	বা	2
আগে	প্রবলেম	2
কত	জায়গা	2
নিবেন	নাকি	2
আপনি	এফবিতে	2
এন্ড	এটা	2
করার	আপনার	2
দেখতে	বলেছে	2
পারবেন	আবার	2
সাজেস্ট	করার	2
হয়	মেইল	2
সবচাইতে	ভালো	2
এখন	যারা	2
খুলবে	তারা	2
করে	একজন	2
একজন	রেফার	2
মজার	গেম	2
দূর	করে	2
তাহলে	পারবেন	2
আমার	আগামী	2
না	পাওয়ার	2
করলে	রিপোর্ট	2
প্লিজ	অ্যাপ	2
করলে	নাকি	2
ইচ্ছা	আপনি	2
পয়েন্ট	দিতে	2
খবর	আছে	2
ফুল	অ্যাপ	2
অ্যাপ	বানানোর	2
গ্রুপে	পোস্ট	2
আপ	দিয়ে	2
হ্যাক	ইউজ	2
পাইতে	পারেন	2
তারা	জেনে	2
গেম	থ্যাংকস	2
হোক	বা	2
ভাই	ব্লগার	2
কিভাবে	স্ক্রিপ্ট	2
থ্যাঙ্কস	অল	2
আপনি	নতুন	2
যাবে	ইউ	2
ট্রিকবিডিতে	শেয়ার	2
থেকে	বিডিতে	2
কোথায়	কথা	2
কথা	কিছু	2
করেন	ফুল	2
নাসির	ভাই	2
পেস্ট	করি	2
ভালো	টানার	2
আইপি	এর	2
কিছু	এডিট	2
ল্যাগ	করে	2
১২	মাস	2
জানা	মত	2
অন্য	কি	2
এডমিন	চেঞ্জ	2
দিছি	নাম	2
বা	১৪	2
কি	ডেইলি	2
স্পিড	এমবি	2
এমবি	মতো	2
ভার্সন	ভালো	2
কিটক্যাট	এমটি৬৫৭২	2
এমটি৬৫৭২	এর	2
ওয়ে	ওয়েবসাইট	2
আগের	পোস্টে	2
টি	সাবস্ক্রাইব	2
অথর	বানাও	2
ইউজ	হয়	2
ফেলতে	পারে	2
বিকাশে	নেয়া	2
লগইন	করুন	2
তে	অলরেডি	2
বোকা	বানায়	2
কারণে	যে	2
যে	এসব	2
নেওয়ার	ধান্দা	2
পোস্টটা	না	2
ঢুকতে	গেলে	2
মি	ইয়োর	2
আমি	একটিভ	2
এই	প্রবলেমটা	2
বাট	ওয়ান	2
দিলে	বুঝতে	2
ইউটিউব	লিঙ্ক	2
১০	ভালো	2
কোন	একাউন্ট	2
জন্য	পরে	2
তাহলে	অ্যাপ	2
ছিলো	এখন	2
এখন	সেটা	2
খেলব	কিভাবে	2
কোন	থিম	2
লাস্ট	এসএস	2
বিকাশে	ট্রান্সফার	2
মাথা	কিছু	2
করতে	থেকে	2
দিয়ে	বলেন	2
যে	এড	2
আছে	ওইটাই	2
আমাকে	একজন	2
ভাইয়া	গুড	2
ক্যাপচা	তো	2
একদম	নাই	2
ঠিক	হচ্ছে	2
ভেরিফাইড	করা	2
ডাটাবেজ	হ্যাক	2
এড	কি	2
হিডেন	থাকে	2
টাচ	প্রবলেম	2
ভাই	করে	2
মাধ্যমে	যে	2
ও	নিয়ে	2
কোনো	প্রসেস	2
এসব	অ্যাপ	2
আগে	অবশ্যই	2
নিজের	একটু	2
একটু	যাচাই	2
জন্য	দিলাম	2
কিছুতেই	রুট	2
হুম	যেকোনো	2
হিদেইপ	এর	2
না	লাভ	2
চেক	ইন	2
ক্রেডিট	ফ্রি	2
প্লিজ	ইওর	2
পর্যন্ত	কখনো	2
কে	কোনো	2
১ম	টাইম	2
ডিরেক্ট	ফোন	2
রিসেট	মারেন	2
তাহলে	হয়ে	2
এন্ড্রোইড	দিয়া	2
সহ	কমেন্ট	2
নাকি	ভুয়া	2
এইসব	বাদ	2
কাস্টম	রুট	2
কোন	নম্বর	2
এই	আবাল	2
এমবি	কিনবো	2
বাট	আসে	2
ভাই	কিছুই	2
কিছুই	বুজলাম	2
মেইন	এমবি	2
স্পিড	টা	2
টাকা	দিবেন	2
ব্রো	আজ	2
রিপোর্ট	মারি	2
ক্রিয়েটর	এর	2
৩০	থেকে	2
এ	পাচ্ছি	2
ক্ষতি	আছে	2
অস্থির	পিক	2
নাহ	যে	2
আপনাকে	যে	2
রিস্ক	লাগে	2
বিডি	সার্ভার	2
সার্ভার	আসে	2
গেম	হ্যাকার	2
এইরকম	আরও	2
কি	মেমরি	2
মেমরি	কত	2
হয়না	যে	2
বিডি	ভিসিট	2
নতুন	আপডেট	2
কোনো	মড	2
সব	থাকবে	2
হারিয়ে	গেসে	2
ই	টাকা	2
পোষ্ট	ধন্যবাদ	2
পুরা	সফটওয়্যার	2
চলে	করবো	2
গেলে	প্লিজ	2
পাইনা	তাই	2
সিডাবলুএম	১টা	2
১টা	মোবাইল	2
কাজ	কিছু	2
ভাই	সিস্টেম	2
ব্রো	কাইনমাস্টার	2
স্প্যাম	করলে	2
যেকোনো	ভাবে	2
ফোনে	একটু	2
কিটক্যাট	এই	2
জন্য	দিলে	2
বাতিল	হতে	2
বিস্বাস	করে	2
কিভাবে	বানাবেন	2
স্ক্রিনশট	তো	2
সেটা	নাই	2
বিভ্রান্ত	করিস	2
এর	এড্রেস	2
আমারে	তো	2
ই	সেই	2
ই	থাকে	2
দিয়ে	এক্স	2
এইচটিএমএল	দিলে	2
অলওয়েজ	ভালো	2
পোস্ট	করিও	2
কারণ	এত	2
আর	করব	2
আরএসএস	ফিড	2
না	১টা	2
৩৫	টাকা	2
কেন	পোস্ট	2
বাড়ানো	যাই	2
কেনো	দেন	2
গেম	খেলায়	2
এর	তার	2
হয়	কপি	2
অপসন	আসে	2
বাড়ানো	যাবেনা	2
ই	এডড	2
দিয়া	ই	2
ইমেজে	ক্রিয়েট	2
ভাই	তমক	2
আনা	যাবে	2
করে	অফার	2
আপনার	মতোই	2
ক্লাস	এর	2
আমি	সারাদিন	2
আমিও	এটাই	2
একাউন্ট	করছি	2
৬	রুট	2
ই	লেখা	2
দিয়া	হবে	2
এক্সপোসড	একটিভ	2
একটিভ	করার	2
ডিফল্ট	ব্রাউজার	2
দিবো	ঐটা	2
হয়	ই	2
ই	নিয়ে	2
করলাম	থ্যাংকস	2
ভাই	এপ্পস	2
এপ্পস	এর	2
ই	অনেক	2
সরি	অন্য	2
তার	পরের	2
এ	শিফট	2
ব্রো	সেম	2
জানা	মতো	2
মতো	এই	2
পোস্ট	কেও	2
হলেই	হলো	2
অস্থির	ভাই	2
একদম	বিস্তারিত	2
ওয়েল	ডান	2
ভাই	পার্ট	2
মূল্যবান	কমেন্ট	2
পোস্ট	আমাদের	2
এপ্পস	লিংক	2
টেক্সট	দিয়ে	2
বাট	টেক্সট	2
টা	দিসিলাম	2
আগে	বাট	2
এ	করি	2
হুম	এখন	2
অফ	হইছে	2
হইছে	আপনি	2
লাইকার	ইউজ	2
সে	বিষয়	2
সিওর	না	2
আমি	অপেরা	2
প্রক্সি	ব্রাউজার	2
পেলাম	লিঙ্ক	2
মেবি	আপনার	2
প্রাইম	এর	2
মত	এরকম	2
জন্য	ই	2
তবে	এরকম	2
পাসওয়ার্ড	সেট	2
সেট	করা	2
কমেন্টে	সবাই	2
দেয়	কেন	2
দিয়ে	সমাধান	2
প্লে	লিংক	2
ইউ	প্লিজ	2
নাই	১০	2
করে	মজা	2
এমবি	কেনার	2
একটাও	হয়নি	2
কার্ড	রিমুভ	2
আমি	টানার	2
থ্যাংকস	রেজা	2
রেজা	ভাই	2
সেলফ	রেফার	2
ছেড়ে	দিয়ে	2
কিছু	জানি	2
করছি	চলে	2
রাতুল	ভাই	2
বাট	তে	2
ওয়ার্কিং	হেল্প	2
সত্যি	অনেক	2
ইউযার	ভাই	2
সিলাম	বাট	2
টা	দেখান	2
হোস্টিং	প্যানেল	2
এমনি	তেই	2
ফালতু	সাইট	2
এটা	আগের	2
টাকা	রিচার্জে	2
জিবি	অফার	2
অফার	দিচ্ছে	2
এই	কোথায়	2
আগে	আপনি	2
মেসেঞ্জার	চেক	2
কি	ধন্যবাদ	2
তবে	কিছু	2
দুইটা	দুই	2
দুই	রকম	2
রকম	হয়ে	2
টাকা	তোলার	2
প্রো	লিঙ্ক	2
দাম	তো	2
সেলফি	ক্যামেরা	2
এইটার	জন্যই	2
দুই	সিম	2
ফোন	তা	2
ই	ওপেন	2
করবো	আপনাদের	2
করবো	বলে	2
পারোস	না	2
ঠিক	কইরা	2
টা	সত্য	2
হবে	মেবি	2
করে	আবাল	2
লাভ	এর	2
ই	পাওয়া	2
তাঁদের	প্রব্লেম	2
এটা	এক	2
একাউন্ট	প্লিজ	2
কুত্তা	বাচ্চা	2
রিপ্লাই	আসে	2
কত	ভাইয়া	2
ইউজার	স্যার	2
স্যার	এর	2
পিক	কেন	2
তে	পিক	2
সবাই	বলেন	2
ও	চলছে	2
যে	কোথা	2
জিমেইল	লাগবে	2
মাস	যাবত	2
ডাউনলোড	লিঙ্কটা	2
ওই	খান	2
প্রো	ইউজ	2
হলেও	কাজের	2
এনপি	ম্যানেজার	2
আনসার	মি	2
রাখা	হয়েছে	2
দেয়	প্লিজ	2
আপনি	ফাস্ট	2
আপনার	অফিসিয়াল	2
ওয়ারেন্টি	থাকবে	2
বিকাশে	নিব	2
সহ	একটা	2
২০১৭	থেকে	2
এডস	ব্লক	2
আগের	আইডি	2
করতে	পারিনাই	2
৭১	এর	2
মত	বাংলা	2
খুব	কমই	2
বলার	আছে	2
ই	ক্লিক	2
আর	লিঙ্ক	2
এমবি	এফবি	2
এমবি	ডাটা	2
কিনতে	পারো	2
ভাইজান	একটা	2
আর	তাহলে	2
এখনো	হয়	2
এমন	বাজে	2
টা	হয়তো	2
দিলেন	ভালো	2
তাইলে	খুব	2
করেন	ওই	2
করবো	পোস্ট	2
টিপে	এর	2
সেটা	কেমনে	2
ফর	ওয়ার্ডপ্রেস	2
ডিএক্টিভেট	করে	2
অভিজ্ঞতা	থেকে	2
কত	জমা	2
আজকে	২	2
আপনার	সাইটে	2
করবে	কেন	2
করে	বলে	2
পারতেন	না	2
লিংক	যাই	2
আসে	কারণ	2
পর	ফ্রি	2
এক	থাপ্পড়	2
যদি	নরমাল	2
অন্য	ওয়ে	2
এর	বেপারে	2
নাম	এন্ড	2
এন্ড	নম্বর	2
ফোন	নাম	2
ভাই	কন্টাক্ট	2
মতো	ট্রাই	2
টা	কোথা	2
না	পেন্ডিং	2
কি	ইনস্টল	2
কাজ	গুলা	2
টার্মক্স	দিয়ে	2
বাট	স্প্যাম	2
স্প্যাম	কেনো	2
একটা	এপ্পস	2
প্যাক	কিনুন	2
বাট	বেশির	2
ফর	অল	2
বিকাশ	নগদ	2
এর	ইনফরমেশন	2
টা	মড	2
যাতে	টাকা	2
আমারে	হেল্প	2
এ	টাইম	2
টাইম	পাস	2
ভাইদের	বলছি	2
আমি	মোডিফাই	2
নেওয়া	লাগবে	2
মিউই	রম	2
প্রব্লেম	কেন	2
ভাই	ডিরেক্ট	2
কে	অফলাইনে	2
একবার	ই	2
হোয়াট	ইস	2
এতো	এমবি	2
এরকম	ফালতু	2
পর	তারা	2
অথর	থাকে	2
এমবি	থাকবে	2
সময়	পর্যন্ত	2
আমার	প্রায়	2
বাল	মার্কা	2
তো	লিখেন	2
নাই	খালি	2
পাবলিসিটি	বাড়ানোর	2
আর	শুধু	2
এই	পর্যায়ে	2
ইনস্টল	হচ্ছেনা	2
ভাইয়া	ফ্রি	2
তো	নতুন	2
টিউটোরিয়াল	দেয়া	2
বাট	প্লে	2
হবে	টা	2
ট্রিকবিডি	আরো	2
আরো	এক	2
এক	ধাপ	2
দিছে	বাট	2
রিভিউ	হয়	2
দিবো	এর	2
টা	ভুয়া	2
আমি	ক্লাস	2
পেমেন্ট	নিয়ে	2
ই	কমেন্ট	2
তে	১টা	2
করে	দেইখেন	2
গুলা	দেখে	2
এমন	বোকার	2
কমেন্ট	আপনার	2
শিখতে	পারলাম	2
জাস্ট	শো	2
এড	দিয়ে	2
দিয়ে	রেফার	2
নেওয়া	যাই	2
চায়	হেল্প	2
এমন	কাউকে	2
দিচ্ছে	তো	2
এর	ভিপিএন	2
সেন্ট	করেন	2
একদম	রাইট	2
আইরিস	৮১০	2
চলে	নি	2
রেম	১জিবি	2
১জিবি	ললিপপ	2
আগে	কষ্ট	2
করা	শিখতে	2
ফোন	গুলার	2
ট্রিকস	পাই	2
হতাম	প্লিজ	2
এডিট	করছিলাম	2
১মাস	হয়ে	2
৪০	টা	2
এইটার	লিমিট	2
এপ	তার	2
৫৯	টাকায়	2
ওই	মাদারচোদ	2
মিল	রেখে	2
খুব	হেল্প	2
দিন	আপডেট	2
আপডেট	দিয়ে	2
ব্লগিং	এ	2
দেন	ইউজার	2
পাই	বাট	2
টোকেন	পেলাম	2
এক্সপ্লেরে	এর	2
করবেন	ই	2
ই	বা	2
পাসওয়ার্ড	দেখবো	2
নোকিয়া	সি২	2
ই	রাখতে	2
আপনার	বেপারটা	2
সুন্দর	হবে	2
ব্যানাড	করে	2
নম্বর	থেকে	2
নিয়ে	বেশি	2
কোড	ইউজার	2
কিন্তু	প্রথম	2
কথা	বাদ	2
বাদ	দিলে	2
শেয়ারইট	টা	2
ওকে	থ্যাংক	2
গফ	এর	2
পার্ট	পাবো	2
ই	কানেক্ট	2
কতো	জিবি	2
ঢুকতে	পারতেছি	2
তাই	লেখা	2
দেন	এফবি	2
পেজ	প্রোমোট	2
রকম	দেয়	2
গেম	আমার	2
দেওয়া	হোক	2
সব	রেডি	2
লাইন	বেশি	2
কি	ইন্ডিয়ান	2
ক্রিকেট	কাউন্সিল	2
উপকার	এ	2
সেটা	অন্য	2
ই	ডিলিট	2
যাবে	তবে	2
গিফট	কোড	2
আলাদা	কোনো	2
এ	বাল	2
জানুন	তার	2
সার্ভার	তো	2
ভুল	নাই	2
মেহেদী	ভাই	2
এখন	চেক	2
সেগুলা	কি	2
বলতাম	না	2
করার	প্রয়োজন	2
১২	টাকার	2
কেমনে	রুট	2
টিপস	প্লিজ	2
হইলেই	হবে	2
ডাউনলোড	হইতে	2
হইতে	অনেক	2
বাড়ানো	গেলে	2
পোস্ট	অপ্প্রভড	2
রুট	থাকতে	2
চার্জ	নেই	2
ভাই	আর্ন	2
অন	নেট	2
আরো	কোনো	2
একটা	টাস্ক	2
নেক্সট	উইক	2
ভার্সন	এই	2
ভার্সন	এন্ড্রোইড	2
উক্ত	এপ	2
সবাই	জানতে	2
গেমস	হ্যাক	2
আছে	বুঝলেন	2
ব্রো	সময়	2
পাস	থেকে	2
রেফার	করি	2
আমাকে	বাদ	2
এইটাই	অনেক	2
হালথ	হ্যাক	2
তার	উপরের	2
জন্য	পিসি	2
জিপ	ফ্ল্যাশ	2
আসে	এসব	2
সিম্ফনি	ভি৩২	2
ইমেজে	থাকলে	2
কেউ	দেন	2
এপ	এডিটর	2
বিকাশ	টাকা	2
এর	ভিউ	2
এ	পাইলাম	2
বলছে	এটা	2
পেআউট	করতে	2
দেয়	তাই	2
বলছে	আই	2
তুমি	করে	2
বাট	গুগল	2
করা	তাছাড়া	2
আমাকে	জানাতে	2
বিজি	ছিলাম	2
এপ	ক্রিয়েট	2
অপ্প্রভ	হইতে	2
টা	আপ	2
ই	নাহ	2
সুবিধা	নিয়ে	2
নিয়ে	২	2
২	নম্বর	2
ছিলো	যে	2
ইট	এর	2
স্পিড	পাইতাম	2
পাইতাম	কিন্তু	2
স্পিড	১এমবিপিএস	2
স্পিড	ই	2
হ্যাক	প্রুফ	2
কি	কোড	2
আপনার	এখানে	2
গ্রামে	থাকি	2
দিতে	একটু	2
দেবার	নিয়ম	2
করছি	এরকম	2
নাইস	সুপার	2
ফালতু	ফোন	2
কেন	দেন	2
ওয়ার	ফাউন্ড	2
থাকলে	ভালোই	2
একটা	ক্যাপ্টেচা	2
করো	তারপর	2
রেজিস্ট্রেশন	না	2
রেফার	করবো	2
ক্লিক	হেয়ার	2
করছি	তবুও	2
মেয়াদ	নাই	2
নিছি	বাট	2
রিচার্জ	করার	2
এড	ব্লক	2
যাই	যদি	2
তাহলে	কোথায়	2
সিএমডাবলু	তো	2
কিভাবে	হলো	2
থাকে	লাগবে	2
একটু	লিংক	2
ইন	করেন	2
পোস্ট	অপ্প্রভ	2
ফন্ট	রাউটার	2
বাংলা	প্লাগইন	2
দেখান	আমার	2
নিজের	ছবি	2
নিড	ইট	2
যে	নিউ	2
টা	পেয়েছেন	2
পারবেন	নাকি	2
সাজিয়ে	লেখার	2
বেশি	দিলে	2
অন্য	অফার	2
করে	বলুন	2
ওপেন	করা	2
টিপস	নাই	2
দের	একটা	2
দিয়ে	এগুলো	2
কানেক্ট	হতে	2
সময়	ভিপিএন	2
এমবি	লাগবেনা	2
লাভা	এক্স১	2
করা	ই	2
নিজেই	করতে	2
এসএমএস	টি	2
২	টাইমস	2
কম	তারপরেও	2
সিম্ফনি	এম১	2
ইউজ	করলেও	2
এমবি	গুলো	2
ও	ব্যান	2
আমার	জিটিএ	2
সরি	ট্রিকবিডি	2
ইনশাল্লাহ	ভাইয়া	2
থ্যাংকস	ওমক	2
নিজে	পোস্ট	2
ক্লিক	অল	2
শুধু	এইটা	2
থেকেও	হবে	2
আছে	সেটার	2
করছি	তখন	2
সে	জন্যই	2
প্যাক	কিনার	2
সেম	প্যাক	2
টা	সাবস্ক্রাইব	2
আইরিস৬০৫	এর	2
নিড	স্যামসাঙ	2
এখানে	পাবেন	2
সম্পর্কে	আমি	2
ভাই	মাফ	2
আজকে	৩	2
পিডিএফ	টা	2
ইমেজ	টুল	2
টুল	এর	2
চাইলে	কিছু	2
এর	নিয়মে	2
সাইট	বেশি	2
হয়ে	গেম	2
বার	গেম	2
জানা	গেলো	2
সাথে	ফুল	2
জানতে	পারলো	2
টাকা	আসছে	2
ভাই	সিম্পনি	2
করতে	পারলেই	2
লাইট	দিয়ে	2
এর	ক্রোম	2
হবে	পিসি	2
পিসি	আর	2
শুধু	লিংক	2
হোস্ট	এ	2
চাচ্ছে	কি	2
এক্সপোসড	কিভাবে	2
করবে	কেউ	2
হুহুহু	হাহাহা	2
হাহাহা	এইচএক্সএইচএক্সএইচএক্স	2
সৌদি	আরবে	2
আরবে	চলবে	2
বড়ো	পোস্ট	2
আমার	ভিপিএন	2
আপনি	প্রক্সি	2
গিয়ে	সেট	2
সেট	এইচটিটিপি	2
এইচটিটিপি	হেডার	2
দের	জন্যে	2
জন্যে	এমন	2
কইরেন	ভাই	2
মানুষ	রে	2
একটু	খুলে	2
খুলে	দেখেন	2
১১	লাগবে	2
থেকে	পড়েন	2
পড়েন	বুঝতে	2
স্মার্ট	টিভি	2
ভাবে	চলছে	2
কাজ	ঠিক	2
লেখা	দেখায়	2
সিস্টেম	এখনো	2
ভাই	জানানোর	2
কে	কইলো	2
কেমনে	করছেন	2
হবে	১০	2
ওয়েট	করি	2
এন্ড	পরে	2
পরে	আরো	2
করে	খেলতে	2
ভাই	প্রোফাইল	2
তবুও	ধন্যবাদ	2
হবে	সামান্য	2
মোবাইল	রোড	2
এন্ড্রোইড	ফোনে	2
ই	আসতেছে	2
আসে	ইউটিউব	2
ইউজ	এন্ড	2
এর	শেষের	2
এডমব	একাউন্ট	2
রা	আমার	2
টু	২	2
বার	কি	2
এখানে	বেশিরভাগ	2
লেটেস্ট	টা	2
একাউন্ট	দিন	2
গুলা	দরকার	2
করবেন	নিজে	2
কি	ঘুমায়	2
ঘুমায়	নাকি	2
সিওসি	জিমেইল	2
আনার	উপায়	2
এখনো	শেষ	2
পাও	না	2
আগের	সিম	2
ওয়েব	মানি	2
দেন	থ্যাংকস	2
এমআইইউআই	রম	2
করবো	এর	2
ডিএনএস	চেঞ্জ	2
টপিক	টা	2
এর	ফিচার	2
বলে	ঠিক	2
বলেছি	না	2
বাট	এগুলো	2
বুঝিয়ে	দিবো	2
প্রব্লেম	ফিক্স	2
এর	সামনে	2
লুডো	কিং	2
রুম	কোড	2
কোড	দেয়া	2
কি	আনলক	2
করেছি	ঘন্টা	2
ঘন্টা	সময়	2
বাট	এলাস	2
প্লিজ	ইউনিক	2
রোমান্টিক	মুভি	2
টা	কতো	2
ব্যবহার	ভালো	2
ইনভ্যালিড	লেখা	2
থাকলে	পাবেন	2
জন	এক	2
বলবো	ভাই	2
স্পিড	কোনো	2
কর	নাইলে	2
একই	কাজ	2
একেক	বার	2
একটু	কমেন্ট	2
ফেক	সাইট	2
দেয়	অন্য	2
১	টায়	2
দিলে	অল	2
সংখ্যা	এর	2
তে	ডিরেক্ট	2
মেইল	কনফার্ম	2
পর	রেফার	2
আনলিমিটেড	নম্বর	2
হলো	উইথড্র	2
উইথড্র	দেয়া	2
মায়	পোস্ট	2
সাইকেল	নাই	2
ছিলো	কিন্তু	2
আপনি	কার	2
করে	জিপি	2
সাউথ	ফ্যান	2
ও	থাকে	2
প্রক্সি	দিয়ে	2
কি	বাংলাদেশ	2
এসকিউ	কেএম	2
প্রথম	টা	2
এই	করা	2
থাকলে	ফোন	2
ফোন	হারিয়ে	2
মোবাইল	কিভাবে	2
চালায়	টা	2
তে	১০	2
এর	লুক	2
করে	এসডি	2
বাকি	দুইটা	2
আসল	না	2
না	নকল	2
রুট	মানে	2
টা	এন্ড্রোইড	2
আমার	গেম	2
নম্বর	দিয়া	2
বানানো	ট্রিক	2
ট্রিক	অনেক	2
স্টুডেন্ট	একাউন্ট	2
করবেন	সেই	2
থাকে	কেমনে	2
সল্ভড	করবো	2
পারবেন	খুব	2
গেলে	বলে	2
সুইফট	কীবোর্ড	2
রকম	ট্রাই	2
সব	ডিভাইস	2
দিলে	টাকা	2
জিপিইজি	নেট	2
একটা	বট	2
পারবেন	ফ্রি	2
করেন	কোনো	2
না	আমাদের	2
আইডি	টেম্পোরারি	2
স্ক্রিপ্ট	নিয়ে	2
লিংক	যদি	2
দিতে	ডাউনলোড	2
ফোন	কিনে	2
মজা	নিতে	2
এর	পারচেজ	2
আছে	২	2
কিনি	তাহলে	2
বানাতে	পারেন	2
কোড	দিয়া	2
দিছি	সব	2
বাট	৩	2
লিংক	বের	2
ঠিক	করলেন	2
কি	বার	2
ভদ্রতা	বজায়	2
বজায়	রাখেন	2
হয়	দেন	2
করতে	সুবিধা	2
০	সেকেন্ড	2
চলবে	নাহ	2
তো	ফিঙ্গারপ্রিন্ট	2
এফবি	আর	2
আমার	সাথেই	2
আজ	পাবলিশড	2
চ্যানেল	সাসপেন্ড	2
ওকে	দিবো	2
পারতেছেন	না	2
আপনি	১ম	2
ডায়েল	করেন	2
প্যাক	একটিভ	2
নাকি	এপ	2
করেছেন	বাট	2
আমার	ওয়াপকা	2
ইন	হয়	2
কোনো	জিমেইল	2
হয়না	হেল্প	2
মে	বে	2
ইনস্টল	দিলেই	2
কোনো	স্ক্রিনশট	2
স্ক্রিনশট	নাই	2
ডিলিট	করলেও	2
দিতে	হেল্প	2
এসএস	আপলোড	2
একটু	আর্জেন্ট	2
হুম	করা	2
পারবেন	কিন্তু	2
চোখে	কম	2
কম	দেখেন	2
রিভিউ	করবেন	2
করবেন	তত	2
বেশি	অ্যাপস	2
অ্যাপস	আসবে	2
ভাইয়া	পিসি	2
লিংক	ডাউনলোড	2
ভাই	৯৯	2
ডিলিট	এর	2
এর	ফরম্যাটে	2
দেন	কিন্তু	2
দেখি	আমাকে	2
কে	মড	2
কিন্তু	যাদের	2
পাবো	কেও	2
ওয়েবটানেল	ইউজ	2
টিভি	দেখলে	2
কিল	করার	2
অফ	ক্লান	2
ক্লান	এর	2
বয়সের	মধ্যে	2
আছে	ওগুলা	2
৪০০	বছর	2
টাকা	আপনার	2
যায়	এর	2
নাকি	প্রব্লেম	2
এজেন্ট	এর	2
আবার	শেয়ার	2
ব্রো	ইটস	2
ইটস	ওয়ার্ক	2
ভাই	ফ্লেক্সিলোড	2
কিন্তু	এগুলা	2
রুট	এক্সপার্ট	2
প্যাটার্ন	লক	2
সব	আসে	2
গেছে	দাম	2
দিয়ে	করতেছেন	2
ভাই	জন্য	2
এর	দ্বারা	2
করেছি	এ	2
কয়টা	করছেন	2
ওকে	দেখি	2
আমার	নাম্বর	2
ইমো	লগইন	2
ছাড়া	লগইন	2
এটা	স্টপ	2
স্টপ	কেমনে	2
হ্যা	হ্যা	2
যাজাকাল্লাহ	খাইরান	2
না	কেও	2
সবাই	বুঝতে	2
টা	ডিএল	2
পাইপাল	নাই	2
করেন	আমায়	2
আলাদা	কার্ড	2
কার্ড	বানাইয়ে	2
বানাইয়ে	রাখতে	2
বুঝতে	পারতো	2
অল	ভার্সন	2
ভার্সন	ই	2
ফলোয়ার	বাড়ানোর	2
ফলোয়ার	কোনো	2
আনলিমিটেড	একাউন্ট	2
তাহলে	সবার	2
পরিচয়	পাওয়া	2
কারো	ফোন	2
এ	সিম	2
সিম	ছাড়া	2
হতো	নাহ	2
লাগে	কি	2
ঠাক	আসে	2
ই	করছে	2
গেলে	নেটওয়ার্ক	2
নেটওয়ার্ক	প্রব্লেম	2
তাতে	ডাউনলোড	2
পারলাম	ই	2
আমার	পড়া	2
এই	দিকে	2
কারেন্ট	গেলে	2
ভাই	পাবেন	2
অনেক	চ্যানেল	2
কি	১টা	2
তাদের	ওয়েবসাইট	2
কোনটা	দিয়ে	2
করেছি	আবার	2
টা	করলে	2
এবং	নিজেই	2
নিজেই	দেখেন	2
তার	এমবি	2
ভাই	বানান	2
ওয়ার্ড	ইউজ	2
নষ্ট	করেন	2
নাই	দেখে	2
একটা	ট্রিকস	2
করলেন	পোস্ট	2
অর্ডার	করলে	2
এরপর	পোস্ট	2
লাইভ	প্রুফ	2
প্রুফ	আসে	2
ভিপিএন	ইঞ্জিন	2
ইঞ্জিন	ইস	2
ইস	নো	2
নো	লঙ্গার	2
লঙ্গার	রেসপন্ডিং	2
কিন্তু	ভিপিএন	2
নিবো	না	2
কি	রবি	2
তেও	হবে	2
মুভি	কি	2
এপ্রোভ	করেন	2
ভাই	আসে	2
হটস্পট	কানেক্ট	2
এসএস	গুলো	2
সফটওয়্যার	তো	2
এবাউট	এ	2
কোনো	উপায়ে	2
করলে	কোড	2
ও	ব্যবহার	2
হয়না	করে	2
বেশি	ডাউনলোড	2
বেটার	কিন্তু	2
ই	দেখা	2
এর	১২	2
১২	মেগাপিক্সেল	2
ভালো	পিক	2
বাংলা	মাইর	2
এই	ওয়ালেট	2
বাট	রিস্ক	2
রিস্ক	থ্যাংকস	2
যদি	নাও	2
কিংরুট	কিংরুট	2
৩৬০	রুট	2
জিমেইল	খুলবো	2
আমারো	একই	2
করলে	৪	2
৪	পয়েন্ট	2
কিছু	চাই	2
তো	জানতাম	2
ওকে	লিংক	2
আপনার	সাথেই	2
ওই	যে	2
একটু	বুদ্ধি	2
ইউএসবি	ক্যাবল	2
এড্রেস	তো	2
চলার	চেষ্টা	2
ওওও	নাইস	2
হয়	ব্র	2
এ	এইসব	2
যা	লিখেছি	2
অ্যান্ড	আনলিমিটেড	2
স্ট্রিমিং	কোড	2
ভাই	লেখা	2
মেয়াদ	মাত্র	2
দিয়ে	চালালে	2
একাউন্ট	খোলা	2
এরকম	ট্রিক	2
ট্রিক	আমি	2
নাই	তেমন	2
পোস্ট	অফ	2
কাছে	ভাল	2
আমার	মেইন	2
তে	যখন	2
করা	ভাল	2
করছিলাম	তাই	2
কি	ব্লাকমার্ট	2
সেম	২	2
২	ইউ	2
কেমন	চলবে	2
কিভাবে	ফটো	2
সিম	কিনা	2
কিনা	যাবে	2
চেয়ে	আপনার	2
৩৬	টাকা	2
প্যাক	টার	2
ওইটাই	ক্লিক	2
একদম	কম	2
জানালে	খুশি	2
কি	রেডমি	2
এসএস	প্রুফ	2
লাগে	মিয়া	2
সেখানে	কি	2
কোন	কোম্পানির	2
আজ	একটু	2
সম্ভব	যে	2
কিভাবে	টার	2
আমাদের	মাঝে	2
করেছেন	নাকি	2
আবার	ফ্ল্যাশ	2
এড্রেস	পাবো	2
ভাই	ইউ	2
এইসব	কাজ	2
কাজ	অনেক	2
আবার	যখন	2
আর	কানেক্টেড	2
কম্পিউটার	ট্রেনিং	2
ইয়েস	ভাইয়া	2
অপশন	পেলাম	2
করসি	ভালো	2
দেয়	তাইলে	2
বিচার	করুক	2
মাথা	খাটিয়ে	2
জন্য	আপনাদের	2
কিন্তু	যখন	2
লাইন	পাচ্ছে	2
কিভাবে	সিম	2
বাড়ি	গিয়ে	2
১০	এমবিপিএস	2
এমবিপিএস	এর	2
মতো	বলদ	2
কোড	রে	2
করে	বুঝায়	2
এক	বারেই	2
সেভ	হবে	2
নাম	একটা	2
মেইল	কিভাবে	2
এর	যুগে	2
ডিভিডি	রাইটার	2
এড্রেস	না	2
একটিভ	করা	2
বাংলাদেশ	রেড	2
সুন্দর	আর	2
কি	বিডি	2
আনইনস্টল	করলাম	2
জানি	পোস্ট	2
উদয়	সিম	2
সাথে	ম্যাচ	2
গ্রীন	লক	2
পাবার	কোনো	2
ওদের	অফিসিয়াল	2
অফিসিয়াল	এপ	2
তাই	কাউকে	2
নম্বর	নিতে	2
নম্বর	কি	2
কোথায়	কোন	2
মানে	একটু	2
আছে	জা	2
একটু	খেয়াল	2
শেয়ারিং	সাইট	2
যে	বলেন	2
এটার	চাইতে	2
ভিপিএন	নাই	2
হোক	আপনি	2
বললেন	কেনো	2
পরে	থেকে	2
কেনো	ফ্রি	2
কিসের	টিউনার	2
ট্রাই	বাট	2
তাই	শুধু	2
এটা	বলে	2
ভয়েস	চেঞ্জ	2
এ	সার্ভার	2
বা	এই	2
পাইনোর	একাউন্ট	2
যান	সব	2
করুন	এর	2
কথা	সত্যি	2
সত্যি	হয়	2
পরে	দিলে	2
আগে	খেলসি	2
প্রব্লেম	তা	2
মেনে	না	2
তে	হেল্প	2
বার	নিয়ে	2
নিয়ে	গেলে	2
শুধু	১বার	2
ব্রো	হ্যাকিং	2
সাইবার	প্রিন্স	2
এডিট	করুন	2
ভিক্টিম	ডাটা	2
কমেন্ট	পেয়ে	2
পেমেন্ট	পেলে	2
লেখা	ওঠে	2
ইউজারনেম	নট	2
অ্যাপ	ফোন	2
রুট	সাকসেস	2
হলে	রুট	2
দেখা	ট্রিকবিডি	2
তে	যতো	2
টা	আইপি	2
কারো	কিছু	2
জানার	থাকলে	2
ভাইয়া	৯৫	2
৯৫	টার	2
প্রোগ্রাম	ফিনিশড	2
ফিক্স	করেন	2
এগেইন	ব্রো	2
উইল	ট্রাই	2
ইমো	মোড	2
কানেক্টেড	হইছে	2
স্ক্রিনশট	এডড	2
ভাই	এন্ড	2
রম	নিয়ে	2
কিছু	প্রশ্ন	2
ইউসি	তে	2
এরকম	এপ	2
নিচ	থেকে	2
সিপ্যানেল	এ	2
সেখানে	এই	2
এই	ডিভাইস	2
টাচ	স্যাম্পলিং	2
পর্যন্ত	কোনো	2
দিসে	এই	2
ভালো	অ্যাডভান্স	2
বানাই	কে	2
এসএমএস	ব্যাক	2
ব্যাক	করা	2
না	সার্ভার	2
সার্ভার	এরর	2
ব্লাড	গ্রুপ	2
এ	কতজন	2
কতজন	মানুষ	2
২০১৬	সালে	2
করলাম	লিংক	2
থ্যাংকস	হুম	2
হুম	কাজ	2
না	হুম	2
পোস্ট	পাবলিক	2
পাবলিক	করে	2
তোর	মেক	2
থাকে	এর	2
আপনার	মুড	2
মুড	করা	2
করা	ফাইল	2
হা	পিসি	2
অফলাইন	এর	2
রুট	বিষয়ে	2
কিনা	বা	2
কিনা	এটা	2
টায়	কাজ	2
ওয়াইফাই	আসে	2
বাট	নম্বর	2
যাতে	থাকে	2
না	থাঙ্কস	2
ডিসপ্লে	এর	2
হটাৎ	করে	2
ডাউনলোড	করেই	2
কেমনে	আনবো	2
না	সেট	2
সেট	হয়	2
দেন	কোন	2
বললে	একটু	2
আপনাকে	ফ্রি	2
ফ্রি	দিবে	2
আপনিও	তো	2
ক্রিকেট	গেম	2
বড়	বাট	2
পরে	এখন	2
২০১৯	এ	2
ব্রো	তে	2
করলাম	আপনি	2
একাউন্ট	টি	2
পর্যন্ত	যেতে	2
সেই	গেম	2
ক্র্যাশ	করে	2
এন্ড	ফাইনালি	2
করতে	সে	2
তবে	কেউ	2
আর	জিটিএ	2
যে	যায়	2
এটা	খারাপ	2
ইউজার	ভালো	2
খুঁজে	নেন	2
করার	অধিকার	2
কি	প্রোগ্রামিং	2
এইচটিএমএল	শিখতে	2
মতো	আপনি	2
তো	এটাই	2
এ	ভাইরাস	2
অক্টা	কোর	2
একটা	এপস	2
টাইম	নিউ	2
আনলিমিটেড	তো	2
টা	১০	2
১০	দিয়ে	2
বার	২	2
করেন	৬	2
নাম	ভুল	2
সার্টিফিকেট	অনুযায়ী	2
নাম	তলানো	2
নাম	আসে	2
তো	প্রিমিয়াম	2
ডিসি	ভাই	2
এই	নামে	2
করলে	প্লিজ	2
করছে	উনি	2
জিপি	নম্বর	2
হবে	হবে	2
কাসে	থেকে	2
কইনবেস	এ	2
করি	ব্রো	2
নাইস	ট্রাই	2
সাথে	আগে	2
ভাই	এসইউ	2
দিয়ে	ওই	2
দিলে	কাজ	2
এপ	নাই	2
আই১০	প্লাস	2
এয়ারড্রপ	এ	2
জানে	কিন্তু	2
তো	ব্যালেন্স	2
বেশি	পড়বে	2
প্যাক	দেয়া	2
কথা	টাইটেল	2
যদি	করতে	2
কনটেন্ট	টা	2
টা	সাজিয়ে	2
তার	অর্থ	2
কোথায়	টাকা	2
এতো	দরকার	2
দরকার	এই	2
আর	সামনে	2
ভালোই	হয়	2
চলে	এ	2
সালা	আবাল	2
পেইড	ডোমেইন	2
হ্যাকিং	সফটওয়্যার	2
ফুল	ক্রেডিট	2
অ্যাড	করবে	2
ই	মিন	2
মিন	আমি	2
আমি	তা	2
আপনি	এন্ড্রোইড	2
টিপস	সিলেক্ট	2
সিলেক্ট	করেছেন	2
যোগ্যতা	নাই	2
থেকেই	ইউস	2
কিন্তু	ওই	2
ফ্ল্যাশ	দিয়ের	2
অল্প	টাকা	2
ভাই	ফর্ম	2
পূরণ	করলে	2
পর্যন্ত	সময়	2
ভাইয়া	কে	2
যুগান্তর	এ	2
এ	লেখি	2
টিভি	আর	2
আমার	রিকুয়েস্ট	2
নামাজ	হবে	2
যদি	তা	2
যাবে	কোড	2
আগে	কিন্তু	2
ওহ	বুঝতে	2
তো	কিসের	2
স্পেসিফিক	কোনো	2
শেয়ার	করলেই	2
কে	ভাই	2
করেন	এমন	2
না	ইমেইল	2
ওয়ার্ড	ভুল	2
এ	ফালতু	2
ডিলেট	করেন	2
করলে	কেটে	2
ভালো	করবেন	2
হবে	পারবেন	2
জন্য	এসব	2
কই	আপনারা	2
কি	অনলি	2
প্লিজ	জানলে	2
ইউ	উইল	2
টি	ইউজ	2
নাম্বার	পাবেন	2
আর	সিম	2
তুলা	হয়	2
পোস্ট	অনেকের	2
ভাই	ইউসি	2
মাত্র	আবার	2
করলে	কয়েন	2
কয়েন	পাবেন	2
ঠিক	থাকলে	2
আরো	ইজি	2
প্রিসেট	কিভাবে	2
কি	পাবনা	2
এ	তাই	2
পাবলিশ	এ	2
ডিজে	ইউজার	2
ভাই	দারুন	2
আপনার	এপিকে	2
আমি	অ্যাপস	2
আমাকে	ডাউনলোড	2
এমবিপিএস	স্পীড	2
লাভ	হয়না	2
ভাই	অই	2
আসলেই	আসে	2
করার	এই	2
কি	ট্রেইনার	2
জন্য	অসংখ্য	2
একজনের	আইডি	2
এখনো	টাকা	2
গ্রুপ	না	2
সে	ভাই	2
ভাই	আপারররর	2
আপনার	অ্যান্ড্রয়েড	2
ট্রিকবিডি	না	2
অনেক	নিচে	2
কোড	বের	2
বেশি	পাবো	2
কীভাবে	লিঙ্ক	2
সিস্টেম	জানা	2
নেই	ভাইয়া	2
কালকে	আমি	2
সাপোর্ট	কে	2
মেনশন	করা	2
দিয়েসিলেন	ওই	2
দেন	যা	2
হইবো	ভাই	2
করা	সহজ	2
প্লিজ	এইটা	2
পিশিফোন	এর	2
ইউজার	না	2
ডিসপ্লে	সেটিং	2
এ	ফন্ট	2
থাকে	তারা	2
আমি	ফন্ট	2
ভাবে	এই	2
ফন্ট	ইউজ	2
থিম	লাগলে	2
ট্রিকবিডি	এপ্রুভ	2
ভালো	যারা	2
বলা	আসে	2
কেমনে	ওপেন	2
ভাবতে	পারেন	2
ধরা	না	2
গুলা	আনইনস্টল	2
সিম্ফোনি	ভি৩২	2
করলে	ইনকাম	2
তে	ফোন	2
হ্যাক	করেন	2
প্রিমিয়াম	হয়	2
তাইলে	এতো	2
এ	অলরেডি	2
নাকি	চেক	2
না	১৫	2
সবাই	এ	2
সার্ভার	কানেক্টেড	2
পোস্ট	সম্পর্কে	2
২	লাইন	2
পাওয়ার	সিস্টেম	2
কিছুই	নেই	2
যে	৩টা	2
করেন	ট্রিকবিডি	2
এর	এবং	2
এক	টি	2
করা	অ্যাপস	2
ইনস্টল	নাই	2
স্লভ	করার	2
চাইছি	বাট	2
গ্র্যাভিটি	বক্স	2
জন্য	নির্দিষ্ট	2
নিয়ে	হয়তো	2
আসে	তখন	2
২৭০০	ক্লাসিক	2
থ্যাংকিউ	ব্রো	2
খুলে	দেওয়া	2
যদি	তাই	2
আমি	ওয়েবসাইট	2
হইসে	কিনা	2
চেস্টা	করবেন	2
ফালতু	লঞ্চার	2
আর	মোডে	2
দেখছি	আপনি	2
তাহলে	ওটা	2
জিবি	বাড়ানোর	2
পার্ট	করে	2
দেখে	চেক	2
থেকে	ক্যাশ	2
করতেসেন	নাকি	2
হসে	না	2
ভাই	আগেও	2
হয়	তুমি	2
তাইলে	রুট	2
রেজাল্ট	দেখবো	2
পার	মিনিট	2
এ	মুভি	2
সবাই	পাবেনা	2
কষ্ট	এ	2
অফ	না	2
না	হওয়া	2
রিপ্লাই	পাইনি	2
কেমনে	কোনো	2
নোটিফিকেশন	এমন	2
এমন	আগে	2
থেকেই	কালার	2
চেঞ্জ	টা	2
টা	কাজে	2
টা	দিবা	2
করে	হা	2
হা	আমি	2
কি	কইসি	2
খারাপ	কথার	2
যাদের	হয়	2
কিসু	করেন	2
দেখলে	আর	2
আর	প্রবলেম	2
আমি	যত	2
বেস	এ	2
অনেকের	চলে	2
কি	ফটো	2
পেমেন্ট	দিতেসেনা	2
টা	আসছে	2
কানের	নিচে	2
ফেক	নিউজ	2
কেমন	আসো	2
সামর্থ্য	নাই	2
বা	অনলাইন	2
ইউজার	ইন্টারফেস	2
রা	আসে	2
হইসে	প্লিজ	2
কমেন্ট	এই	2
যথা	সাধ্য	2
এন্সার	দেওয়ার	2
এই	ইউজ	2
আমি	স্ক্রিন	2
ভালো	ধারণা	2
ত্রিকবিডি	তে	2
কিসু	বললাম	2
হয়েছে	তাহলে	2
রম	কিভাবে	2
গেসে	কোনো	2
হবে	মনে	2
ডাব্লিউ৩স্কুলস	এ	2
আপনি	নিজেকে	2
পাবেন	বা	2
পর	ভালো	2
পোস্ট	করতেসে	2
দিয়া	কনফিগ	2
আমি	খুঁজতেসি	2
আপনি	স্ক্রিপ্ট	2
ইউ	এর	2
কাজ	হয়েসে	2
হয়েসে	কিভাবে	2
প্রবলেম	হসে	2
করে	ডিজাইন	2
রাত	১২	2
মিনিং	সাইট	2
ভিপিএন	কানেকশন	2
এ	জানতে	2
ডিভাইস	ইস	2
জন্য	উপকারী	2
ফোন	থাকে	2
ওসাম	পোস্ট	2
টা	পরুন	2
উপায়	আর	2
পারে	একটু	2
হিসাবে	অনেক	2
নেই	সম্ভবত	2
এর	আশা	2
স্ক্রীনশট	টা	2
কিনা	অন্য	2
হয়েসে	বাট	2
ওই	টার	2
ফোন	এমবি	2
ভাই	আপনারে	2
টাইম	থাকলে	2
করবে	কে	2
কে	আপগ্রেড	2
কীভাবে	একটু	2
সেমসং	গ্যালাক্সি	2
এর	ফন্ট	2
পাবেন	তবে	2
নিদ	নাম্বার	2
কমেন্ট	তো	2
৩টা	কপি	2
আবার	মেইল	2
হয়নি	কিন্তু	2
বলা	ভালো	2
রাগ	করবে	2
পাফিন	এর	2
তাহলে	এত	2
রিয়েল	হোস্ট	2
আমারও	ভাই	2
ঐটা	পোস্ট	2
আর	সেটিং	2
জয়	করার	2
বলে	আপনি	2
কন	আমি	2
অপেরা	ট্রাই	2
টাকা	থেকে	2
থেকে	চলছে	2
কি	জানা	2
থিমস	এ	2
মেয়াদ	আসে	2
এমবি	৭	2
না	প্রুভ	2
কেমন	কাটে	2
অফ	লাইন	2
অনলাইন	থাকতে	2
করে	রিবুট	2
কিসু	এমবি	2
আসে	করে	2
ইনস্টলড	দেখায়	2
হলো	যে	2
করেন	কীভাবে	2
দিব	কি	2
দেখে	শুনে	2
আবার	অ্যাকাউন্ট	2
পাবেন	এখানে	2
আনলিমিটেড	নাম্বার	2
কোথাও	তো	2
২জি	৩জি	2
টি	করার	2
ভাই	কুপন	2
হলো	গুড	2
এ	দেখে	2
বলছেন	তার	2
দিলে	পাস	2
না	লগ	2
এ	দিলাম	2
মাত্র	একটা	2
হইসে	তাও	2
রম	এই	2
পোস্ট	গুলাই	2
আশা	করসিলাম	2
পর	এফবি	2
টা	বাগলেস	2
ফাইনাল	এমিগো	2
ভাই	আশায়	2
আশায়	থাকলাম	2
তোমার	থেকে	2
চালু	করসে	2
কে	জানি	2
করলেই	এই	2
সব	ইনফো	2
ইনফো	দেখতে	2
সময়	লাগতে	2
যদি	তোমার	2
মাউন্ট	মাউন্ট	2
ভাই	ভাল	2
আবার	বলবো	2
মোবাইল	হটস্পট	2
গুলা	ভাল	2
২টা	অ্যাকাউন্ট	2
থেকে	ওয়েব	2
কি	ইংলিশ	2
এর	এরকম	2
চেক	ইউর	2
দিয়ে	একটি	2
ও	কারো	2
কারো	কপি	2
ওয়েলকাম	টিউন	2
দিয়ে	ভাই	2
আর	ট্রেনার	2
থিম	টি	2
টি	আগে	2
আপনি	উইথড্র	2
আনলিমিটেড	নাকি	2
না	মানুষের	2
মজা	পান	2
এনআইডি	নাম্বার	2
আমার	চাচাতো	2
ভিডিও	করা	2
করা	জাস্ট	2
পাবার	জন্য	2
হবেনা	প্লিজ	2
এসব	এর	2
আর	কান্ট্রি	2
বলা	হয়েসে	2
অডিও	রেকর্ড	2
পাগল	আর	2
পারসি	হেল্প	2
এফবি	লিঙ্কটা	2
দেখা	উচিত	2
যাচ্ছেনা	পিসি	2
রুম	ইউজ	2
করেন	রবি	2
এ	দিয়া	2
স্টোরেজ	ফুল	2
দিলেই	পারতেন	2
প্রোফাইল	এর	2
টাও	জোস	2
এর	প্রুভ	2
পরে	মোবাইল	2
চুপ	থাকেন	2
হলে	আমরা	2
নিয়া	আসবো	2
বাই	আপনার	2
রিকুয়েস্ট	পাঠাইসি	2
রংপুর	টেক	2
টেক	সেন্টার	2
ও	কপি	2
আসে	আজ	2
ব্রো	জিপি	2
ভাইয়া	ওয়ার্ডপ্রেস	2
ট্রু	কলার	2
প্লে	করে	2
কারণে	আপনি	2
আপনি	বলুন	2
এখনও	কি	2
পাই	তবে	2
পর্যন্ত	সব	2
দেওয়ার	আগেই	2
পারেন	রুট	2
ইউজ	করতেসেন	2
মিয়া	কপি	2
আমি	বানাইয়া	2
এডিটর	টা	2
আই	হেট	2
নাকি	ওয়ার্ডপ্রেস	2
কাসে	আমি	2
রেফার	লিঙ্ক	2
ওয়েবপেজ	নট	2
প্লাগইন	লাগবে	2
ভাই	একটাও	2
করেই	বলসি	2
তে	দিলে	2
দিলে	আসবে	2
থ্যাংকস	মাই	2
হচ্ছে	কিছু	2
কি	৪জি	2
চলবে	ব্রো	2
ব্রো	স্যামসাং	2
টি	চলবে	2
ভিপিএন	ফ্রি	2
সেটিং	আসে	2
অফিস	২০১৯	2
এবং	তারপর	2
ইন্সটলার	ওপেন	2
এইরকম	লেখা	2
অ্যাপ	কই	2
কি	উপকার	2
অন্য	দেশ	2
কল	দেয়া	2
করানোর	কোনো	2
১০০	কয়েন	2
আমি	১৩	2
১৩	টাকা	2
মুসাব্বির	কবির	2
ওয়াকিং	ডেড	2
দশ	হাজার	2
হলে	নামাবেন	2
কতবার	পাওয়া	2
করো	আমার	2
বেটা	এটা	2
প্রিমেন্ট	দেয়	2
কান্ট্রি	সিলেক্ট	2
নামের	অ্যাপ	2
মোডও	করেছি	2
লাগছে	বাট	2
কি	লিখা	2
পরে	পাইছি	2
ব্রো	লাইভ	2
আর	লাইভ	2
থেকে	ফন্ট	2
২০	ডগি	2
ডাউনলোড	আমি	2
পার্ট	দিতে	2
আমার	৬	2
এক্সপ্লোরার	ভি৫৫	2
অ্যাডমিন	পাসওয়ার্ড	2
পাসওয়ার্ড	তা	2
জানলে	চুপ	2
ড্রাইভের	লিংক	2
আপনি	পোস্টে	2
ভিডিও	টাও	2
টাও	দেখতে	2
আচ্ছা	একটা	2
থেকে	দুরে	2
ভাবে	খেলতে	2
ব্রো	মনে	2
এটা	থ্যাংকস	2
একটা	আকাউন্ট	2
থেকে	বলে	2
ভাই	রিংটোন	2
হেল্প	করলেন	2
দিয়ে	কপি	2
আপনি	দিবেন	2
গিয়ে	ডাউনলোড	2
সুজন	ভাই	2
ভাই	বিটিসি	2
থেকে	এইটা	2
হবে	সবার	2
ব্যাকআপ	নিব	2
কনফিগ	নিয়ে	2
নোট	৫এ	2
তেমন	একটা	2
কাছে	নতুন	2
কিছু	বললো	2
মেনে	নিলাম	2
মানে	এইটা	2
এন্ড	ট্যাগ	2
কিভাবে	অর	2
মোবাইল	এই	2
কোড	রিডিম	2
থিম	আমার	2
র	থিম	2
হবে	তাদের	2
গেইম	রিভিউ	2
যায়	এরকম	2
অফিসিয়াল	রম	2
সব	ডিটেলস	2
বুঝলে	কিছু	2
যায়	যখন	2
মেরে	দিলেন	2
আমি	তাহলে	2
তাহলে	এটাই	2
বাদ	দিয়া	2
যে	সত্যি	2
পিক	কই	2
বিট	এইটা	2
ফ্লেক্সি	প্লান	2
আসে	অনেক	2
অনেক	আপস	2
ফেইক	এনআইডি	2
বুঝতে	প্রব্লেম	2
যারা	তাদের	2
একটা	ভাই	2
এই	রুট	2
ফ্রি	হস্টিং	2
অনেক	খুঁজছি	2
বার	নতুন	2
পোস্টের	দরকার	2
সিম	ইউজ	2
আগের	একটা	2
ডাচ	বাংলা	2
বাংলা	ব্যাঙ্ক	2
ব্যাঙ্ক	অ্যাড	2
আন্ড্রয়েড	দিয়ে	2
বন্ধ	করো	2
চলে	কেউ	2
করেও	কাজ	2
ধৈর্য	না	2
থাকে	ভিডিও	2
ব্যাপারে	জানেন	2
পাস	বের	2
যান	তারপর	2
জে১	আছে	2
আছে	ইউজ	2
ব্রেক	করে	2
দেয়ার	চেস্টা	2
হয়ে	ইন্সটল	2
না	দেয়াই	2
দেয়াই	ভালো	2
উইক	আগেই	2
উপায়	পেলে	2
ফেইসবুক	আমি	2
থাকলে	সুবিধা	2
এই	সাইটের	2
আসতেছে	কি	2
ব্রিজ	ভার্শন	2
এটা	আসতেছে	2
আপনার	২য়	2
খেলা	ভাই	2
পারলেও	বলবেন	2
সবুর	ভাই	2
কালকে	রাত	2
ওই	টাইমে	2
আপনার	৪জি	2
৪জি	সার্ভিস	2
নি	আপনার	2
২	নং	2
কোড	চাচ্ছে	2
কোথাও	শেয়ার	2
৩	কয়েন	2
কি	বলব	2
সিম	না	2
শুধু	যাদের	2
অনলি	তাদের	2
যাদের	টাকা	2
টাকা	১২	2
কেমনে	হয়	2
ছিল	তাহলে	2
ভালো	৩জি	2
চলতাছে	না	2
দিয়ে	অ্যাড	2
না	জাভা	2
যেভাবে	রুট	2
রুট	ফোনে	2
লাস্ট	যে	2
দিলে	ওই	2
টা	বার	2
করে	মানে	2
এই	এপপ্স	2
গেমস	টা	2
মোডিফাই	করে	2
মুভি	ও	2
ও	আচে	2
থাকবে	প্লিজ	2
লো	কনফিগ	2
রিয়াদরক্স	ভাই	2
কম্পিউটার	লাগে	2
১জিবি	এফবি	2
আমার	স্পিড	2
কার	নাম	2
লাল	কইরা	2
লাত্থি	মাইরা	2
বের	কইরা	2
চেস্টা	করব	2
ক্রোম	ব্রাউজর	2
ব্রাউজর	এ	2
খেলা	শুরু	2
ভালোই	লাগে	2
লজিক	ইউজ	2
৪জি	মোবাইল	2
গেলে	ইনস্টল	2
রিয়েলমি	সি৩	2
ভাই	লোগো	2
দিয়ে	ইন্সটল	2
লিংক	করতে	2
ভাই	কালি	2
একই	প্রব্লেম	2
১৬০০	টাকা	2
টাকা	২৪	2
হয়	জানাবেন	2
কি	কেও	2
কেও	জানেন	2
দেখিয়ে	দিতেন	2
পোস্ট	কারো	2
মিল	নেই	2
নেই	এন্ড	2
হইসে	থাঙ্কস	2
ফোন	একটা	2
কেন্দ্র	থেকে	2
আমি	ইয়ার	2
ইয়ার	ইউজ	2
নিয়ে	তারপর	2
রানা	ব্রো	2
টা	অটো	2
না	এন্ড্রোইড	2
ফাইজলামির	একটা	2
একটা	সীমা	2
টাইম	এমবি	2
ওনার	পোস্ট	2
পারেন	কোনো	2
গ্যালাক্সি	এস৭৫৮২	2
কোর্স	না	2
যে	জানেন	2
যে	আসে	2
অশিক্ষিত	লোকজন	2
অল	ইনফো	2
সাইট	বানানোর	2
আপনারা	এমন	2
অন্য	কোনোটায়	2
সম্পর্কে	একটু	2
কোন	জিনিস	2
ফর	নিউ	2
কেন	রিপোর্ট	2
জাস্ট	পাবলিশ	2
ইনভেস্ট	করার	2
বা	২	2
করতে	পারতাছিনা	2
প্লিয	বলেন	2
নিজেদের	মধ্যে	2
যে	কমেন্ট	2
পোস্ট	দেও	2
মোবাইল	নোকিয়া	2
টাকা	থাকবে	2
শিক্ষার	সুযোগ	2
সার্ভার	সাইড	2
এইটা	মূলত	2
ওই	গেম	2
৩	ট্রাই	2
ব্রো	টাকা	2
তে	আমাদের	2
এর	মূল্য	2
না	অল	2
ফার্স্ট	তো	2
বছর	না	2
পর্যন্ত	করতে	2
এলিগিবল	বলসে	2
দিয়া	দেখেন	2
থেকেই	বাট	2
থ্যাংকস	অনেকের	2
কিসু	কিসু	2
করে	পড়া	2
সেটার	জন্য	2
বেশি	ও	2
কোনো	বক্স	2
যে	আছে	2
এ	হচ্ছেনা	2
সিম্পল	পোস্ট	2
করো	এটা	2
এন্ড	আজিজুল	2
এসব	বন্ধ	2
কমেন্ট	করবানা	2
বানাবো	এই	2
চালাই	ভাই	2
ভাই	কম	2
কথা	সঠিক	2
করার	টিপস	2
অ্যান্ড	থ্যাংকস	2
কি	হ্যাকড	2
আওয়ার্স	পর	2
করে	লিখা	2
তা	হলেই	2
সিটি	ব্যাংক	2
ব্যাংক	হ্যাক	2
ক্রয়	করে	2
করে	আনা	2
অল	ফাইল	2
বাদ	পোস্ট	2
রোজার	মাসে	2
মাসে	মিথ্যা	2
কথা	কম	2
কম	বললে	2
বললে	হয়	2
একটা	ম্যাচ	2
আর	অপেক্ষায়	2
কি	ফাঁকা	2
ফাঁকা	থাকতে	2
বাকি	অর্ধেক	2
ফ্যাচুটেহাব	এর	2
এর	ব্রাউজর	2
ওই	অফার	2
চলবে	কিনা	2
টু	নাউ	2
শাহীন	ব্রো	2
ভিপিন	কানেক্ট	2
লক	হবে	2
ভাই	এইরকম	2
নেম	একটা	2
ছাড়া	জয়েন	2
জয়েন	করলে	2
সলভ	হয়ে	2
তো	করলাম	2
করলাম	দেখা	2
নিজে	তারপর	2
বন্ধ	সংযোগ	2
টি	নিতে	2
গুলো	কেটে	2
কেটে	দেন	2
আসে	কারো	2
টা	ভার্সন	2
রিচার্জ	টা	2
ওল্ড	ট্রিকবিডি	2
আমাদের	চ্যানেল	2
সাবস্ক্রাইব	করুন	2
ভিডিও	লক্ষ্য	2
লক্ষ্য	করুন	2
করুন	আস্তে	2
আস্তে	অনেক	2
মজার	জিনিস	2
বানানোর	ভিডিও	2
তুই	ঠিক	2
এপিকে	দিয়া	2
ইন্ডিয়া	সার্ভার	2
লিংক	চেক	2
যাই	বলেন	2
উপর	আমার	2
হলে	সেখানে	2
তাও	জানিনা	2
খেলা	যায়না	2
পাইলে	জানান	2
ভাই	জানলে	2
ভূত	এর	2
হাদিস	টা	2
করেসেন	সেটা	2
বিপদে	পড়বে	2
তারা	অনেক	2
এই	সকল	2
জন্য	সুপারিশ	2
প্লিজ	আগে	2
আগে	হাদিস	2
ছিলো	লিংক	2
সাইট	দিতে	2
হবে	ই	2
পাঠাইসি	বাট	2
আপনারা	কেন	2
রিপোর্ট	করবেন	2
জায়গায়	ই	2
থাঙ্কস	ভাইয়া	2
আমি	ওয়েইট	2
প্লিজ	সাবস্ক্রাইব	2
ইন	না	2
অর	আইডি	2
আইডি	এফবি	2
ফটো	দিলে	2
৪	ইয়ার	2
বেশি	আর	2
তাই	পাবেন	2
হইসিলো	তাই	2
করে	বাকিটা	2
এতো	ভেজাল	2
শিখানোর	জন্য	2
ওল্ড	মুভি	2
১০	কে	2
যায়	কিভাবে	2
সব	কিছুতেই	2
কি	নাহ	2
আওয়ার	বাংলাদেশ	2
জয়েন	হন	2
অপেরা	ম্যাক্স	2
দিন	চলবে	2
ইজি	না	2
ভাইরাস	থাকে	2
কবে	করবেন	2
পোস্ট	থ্যংক্স	2
চিট	কোড	2
পোস্ট	দুই	2
অসাম	কমেন্ট	2
করি	ইউটুব	2
কিনতে	তো	2
বলার	অপেক্ষা	2
অপেক্ষা	রাখে	2
দের	দেখা	2
সে	বিষয়ে	2
নাই	বিরক্ত	2
লাগে	সব	2
পণ্যতে	যাবে	2
কেউ	দয়া	2
ফোনের	সাথে	2
যারা	পাইসে	2
অন্য	টা	2
উপরের	সব	2
কেন	তার	2
এতদিন	কই	2
করে	ট্রিক	2
হলো	কেন	2
যাদের	ইজিনেট	2
আর	তুই	2
যে	লোক	2
ইউটুবে	চ্যানেল	2
তা	দিন	2
ও	পিসি	2
আসে	জাস্ট	2
শেয়ার	করসি	2
কি	সিঙ্গেল	2
বাঁশ	খাওয়া	2
টাকা	পাইলাম	2
দিয়ে	হ্যাকিং	2
নির্দিষ্ট	কোন	2
প্রয়োজন	ছিলো	2
যখন	আবার	2
আপনি	২টা	2
ম্যাচ	খেলেন	2
পর	রিভিউ	2
দোয়া	কইরেন	2
উইথড্র	হবে	2
এটাই	করবো	2
খানে	সব	2
ব্যাক	করবে	2
১৮	লেভেল	2
ভিডিও	ওপেন	2
আর	আউট	2
আমার	সিস্টেম	2
ফ্রি	মিনিট	2
মিনিট	দরকার	2
নিব	কিভাবে	2
কেবিপিএস	স্পিড	2
দেন	টাকা	2
রুট	করবেন	2
এইটাতে	আমি	2
আমি	মেয়াদ	2
হাইয়েস্ট	নং	2
বা	৪৬৮	2
বা	আরো	2
নং	টা	2
কে	ডাবল	2
ডাবল	করলে	2
পারে	ভালো	2
ওকে	থাঙ্কস	2
ঠিক	করবে	2
পাসওয়ার্ড	জানা	2
দেখবে	এন্ড	2
ভাই	বলছি	2
আমরা	যা	2
যা	ট্রিকবিডি	2
ফাঁকা	দেখতে	2
পোস্ট	৩	2
তে	দিয়েন	2
চুরি	হওয়ার	2
সফটওয়্যার	লিংক	2
টা	আলাদা	2
খোলার	সময়	2
মি	মাই	2
সেটার	পোস্ট	2
মেয়াদ	২৪	2
করো	হবে	2
জানে	পারলে	2
এর	জিক্যাম	2
এফবি	না	2
ফেলা	উচিত	2
সে	গুলা	2
নয়	কিন্তু	2
অ্যাড	এ	2
ক্লিক	করানোর	2
এইটা	ইনস্টল	2
রেফার	করছি	2
নেন	তার	2
খেয়াল	করেন	2
অন্য	ব্রাউসার	2
গেসে	এটা	2
দিয়ে	ছিল	2
ফন্ট	টার	2
এখানে	শুধু	2
ফোনে	বাংলা	2
ব্লক	হবেনা	2
আমি	সেই	2
রানিং	অন	2
অপশন	খুঁজে	2
কোনো	বিস্তারিত	2
আপনার	একটু	2
এর	কুকি	2
ওয়াপকিজ	থিম	2
তোমার	কথার	2
সরি	এটা	2
পসিটিভ	কমেন্ট	2
টক	টক	2
পোস্ট	ট্রিক	2
আমার	নম্বর	2
এমন	দেখায়	2
দেখায়	তাসে	2
সপ্তাহে	এক	2
ওয়েবসাইট	কি	2
ভাই	ফার্স্ট	2
দিবেন	তারপর	2
হ্যাক	না	2
নিউ	কমেন্ট	2
কি	দিমু	2
পে	করলে	2
জন্য	নেক্সট	2
ভাই	ডায়াল	2
খেলে	ছিলাম	2
ইউটুবে	ভিডিও	2
সিস্টেম	থাকতো	2
মি	অল	2
২৩	লেভেল	2
এন্ড	স্ক্রিনশট	2
১১	এ	2
বাংলা	ট্রান্সলেট	2
করব	ইনশাআল্লাহ	2
এ	ফর	2
ফেইসবুক	চালানোর	2
দিন	থেকেই	2
থেকে	ক্রেডিট	2
ডিলেট	করা	2
গুগল	মামা	2
বন্ধ	থাকে	2
ভাইয়ের	জন্য	2
দিয়ে	দিছে	2
বলে	হালা	2
দেখেন	কারণ	2
জিপি	গার্ড	2
ওয়েট	এন্ড	2
এন্ড	সি	2
দেখে	সব	2
ফেইক	আমাকে	2
অ্যাপ	নামাতে	2
পোস্ট	ট্রিকবিডিতে	2
মেসেঞ্জার	গ্রুপ	2
আনলিমিটেড	ইমেইল	2
তাই	বলছিলাম	2
পোস্ট	একটাও	2
কোনো	টাই	2
একদম	লাস্ট	2
টাকা	ছাড়া	2
এখন	সবাই	2
কোথায়	যাবে	2
গুলা	চলবে	2
অ্যান্ড	আদার	2
হবে	ইনবক্স	2
কই	কাজ	2
আপনি	কিংরুট	2
পোস্ট	এটার	2
লাইভ	এ	2
পাচ্ছে	তাই	2
থেকে	লিংক	2
হবে	হয়তো	2
জন্যে	কি	2
কোড	দিছি	2
আমার	জানামতে	2
হয়ে	বলেন	2
নয়	এমন	2
বলা	নাই	2
কি	নোকিয়া	2
ফার্স্ট	৫	2
সেখানে	কোড	2
এক্সাম	তো	2
হইছে	কেউ	2
তাও	হয়নাই	2
রুট	কিং	2
প্রিমো	এনএইচ	2
করছে	এমন	2
ওপেন	এডমিন	2
আর	সুন্দর	2
দিয়ে	রাখছেন	2
এর	পোস্টার	2
সিস্টেম	ভাইয়া	2
ভালই	তো	2
এর	কোনও	2
ট্রায়াল	নেওয়ার	2
কপি	মারছে	2
জাভা	কোড	2
ভাবে	বুঝলেন	2
ই	ভাল	2
ম্যাক্স	চালু	2
হতাশ	হওয়ার	2
ঠিক	থাকলেই	2
করলে	প্লেস্টোর	2
চিপসেট	ভার্সন	2
একটা	ডিভাইস	2
ভাই	সেটা	2
দেন	নি	2
মনের	মত	2
৬	প্রো	2
পোকো	এক্স২	2
জিপড	করে	2
মাঝে	জিপড	2
সেভার	হ্যাজ	2
হ্যাজ	বিন	2
বিন	স্টপড	2
প্রসেস	হ্যাজ	2
ভার্সন	ব্যবহার	2
পোস্ট	ভাল	2
লাগলে	আপনি	2
১০	টোকেন	2
নষ্ট	হবার	2
ভাল	কিন্তু	2
পারলে	অন্য	2
পোস্ট	কিপ	2
দিব	ভাই	2
মুভি	এটা	2
হাজার	পোস্ট	2
অল	অ্যাপস	2
কেমনে	হবে	2
মেইন	টাকা	2
কিন্তু	কেন	2
এসব	ট্রিক	2
স্ন্যাপটিউব	ইউজ	2
৩	ইয়ার্স	2
বুঝবো	কেমনে	2
অ্যাপস	নাম	2
লড়াই	করে	2
আমার	অ্যান্ড	2
নাম	জানলে	2
পিকসে	প্রো	2
দিয়ে	প্রো	2
আপনি	এগুলা	2
কই	থেইকা	2
বলে	কথা	2
পোষ্ট	বাট	2
স্টোক	রম	2
রম	ইন্সটল	2
জানান	ভাই	2
তো	পুরান	2
পুরান	আইডি	2
পারলে	ট্রিকবিডি	2
মত	অ্যাপ	2
নিউ	এনআইডি	2
ভাল	এফবি	2
একটা	থেকে	2
অ্যাড্রেস	কিভাবে	2
এপিকেপিওর	এ	2
টাই	বেস্ট	2
এইচডি	প্রিন্ট	2
দিলে	কেমন	2
চাই	এন্ড	2
প্যাঁচার	ইন্সটল	2
কিছু	আর	2
এক্সপার্ট	ভাইয়া	2
ভাই	একবারে	2
মাউন্ট	পয়েন্ট	2
ডিসাইন	এর	2
৭২	আওয়ার	2
এই	ফোনের	2
কন্ট্রাক্ট	করবো	2
স্প্যাম	এর	2
৫০	মিন	2
স্টোর	ডাউনলোড	2
করবো	সেটাই	2
ফাইল	ইনস্টল	2
ডিলিট	না	2
এ	০	2
ফাইল	বা	2
তখন	ও	2
তুলতে	হয়	2
একটু	দেরি	2
পারে	তখন	2
করে	রিসেন্ট	2
অল	সং	2
পোষ্ট	হলো	2
কারন	আপনি	2
যা	আপনার	2
ওয়ার্ল্ড	এ	2
পেমেন্ট	মেথড	2
আর	টিউটোরিয়াল	2
নাকি	পরে	2
মিনিট	কিনে	2
হ্যা	বাট	2
করলাম	কেন	2
অ্যাড	ব্লকার	2
কিটক্যাট	চিপসেট	2
জিমেইল	ডিলিট	2
আগে	ওইটা	2
খালি	খালি	2
আর	খেলতে	2
হ্যাক	ভার্সন	2
ফেলতে	হবে	2
কথা	কেন	2
কেমনে	কপি	2
আবার	আউথর	2
হওয়ার	আগেই	2
স্পিড	পাচ্ছেন	2
প্রমাণ	করেন	2
যে	একটু	2
রাখে	তাদের	2
ওই	কাজ	2
কল	কেন	2
জ্বি	ভাইয়া	2
কত	টা	2
কি	প্রুফ	2
আপডেট	ভার্শন	2
তে	ট্রিকবিডি	2
নাম্বার	আইডি	2
কি	কষ্ট	2
দিলেন	কেন	2
বাংলা	থেকে	2
থেকে	হুবুহু	2
হলে	ওদের	2
যে	পেমেন্ট	2
দেওয়ার	পরে	2
বার	ই	2
চেয়ে	ভাল	2
ভিপিএন	কোনটা	2
সিম্ফোনি	এইচ১০০	2
আমিও	ক্লাস	2
বাটন	একসাথে	2
চলছিলো	বাট	2
আবার	বন্ধ	2
যদি	সিম	2
দিন	যাবত	2
অ্যাড	দিচ্ছি	2
ভালই	কাজে	2
কাজ	তে	2
সমাধান	চ্যানেল	2
হেল্প	আবার	2
অন	মাই	2
দিবে	বা	2
ভাই	বিডিআইএক্স	2
ইমেইল	অ্যাড্রেস	2
দিলে	কোড	2
টা	বুঝিয়ে	2
করো	কেউ	2
এ	কারণে	2
পার্ট	একটু	2
এখান	থেকেই	2
এসশট	দিলে	2
নাম্বার	পাবো	2
বাট	হয়না	2
কিছু	ভিডিও	2
কি	টিডব্লিউআরপি	2
পারছি	একটু	2
করে	প্রুভ	2
হুম	ইউজ	2
পিক	দিছেন	2
১৫মিন	এর	2
অ্যাড	করেছেন	2
একটিভ	করলে	2
পেমেন্ট	ডিক্লাইনড	2
কাছে	যে	2
এর	সার্ভে	2
ক্রেডিট	পাবো	2
তো	জিপি	2
টারমাক্স	দিয়া	2
করেছেন	কেন	2
এসএমএস	আসতে	2
করবেন	আগে	2
পাসওয়ার্ড	এ	2
ওই	অ্যাপস	2
পোষ্ট	করলাম	2
পোষ্ট	কাজ	2
অ্যাডস	আসে	2
পোষ্ট	করলেন	2
কিন্তু	পোর্ট	2
মানুষ	মারা	2
দিলে	আসে	2
সরি	ঠিক	2
ফাস্ট	চার্জ	2
পোষ্ট	কি	2
পর	কয়েন	2
মানসম্মত	পোষ্ট	2
সুন্দর	লিখেছেন	2
গিয়ে	সব	2
করার	পোষ্ট	2
টিউনার	পোষ্ট	2
এ	এত	2
কেন	পোষ্ট	2
ওয়ার্ড	ও	2
করছি	তারপরেও	2
ফ্ল্যাশ	দিলেও	2
সিএম	রম	2
দিছিলেন	আপনি	2
দুর্বল	দিক	2
ইকো	এর	2
করে	আমিও	2
জয়েন	আছি	2
ভাই	অবশেষে	2
পোষ্ট	কিপ	2
যাবে	ইউজার	2
শালা	আবাল	2
পি৬	এর	2
১০	সাপোর্ট	2
ডেট	দিতে	2
আচ্ছা	এমন	2
পারে	তার	2
সময়	দেয়া	2
বাজেট	এর	2
আমার	রেডমি	2
সাপোর্ট	হয়	2
দেখতে	হয়	2
ফর	ইট	2
নাকি	কম্পিউটার	2
ওই	এপিকে	2
আর	ইনস্টল	2
কয়েনবেজ	এ	2
ফন্ট	টা	2
দিয়ে	মড	2
মেয়াদ	বাড়া	2
ওয়াইন	কোন	2
এমনি	ঠিক	2
আপনি	বেশি	2
কিছু	করো	2
বলে	দিয়েন	2
বিষয়	সম্পর্কে	2
অনলাইন	হবে	2
ব্রেভ	ব্রাউজার	2
যাবে	থ্যাংকস	2
পোষ্ট	টাইটেল	2
সংশোধন	করে	2
সাইট	ডাউন	2
বাংলা	ভাইস	2
অবশ্যই	চেষ্টা	2
এক্সপোজড	ফ্রেমওয়ার্ক	2
ঢুকা	যাচ্ছে	2
লাইক	কিভাবে	2
লাভ	ভাই	2
পোষ্ট	করুন	2
সাওমি	রেডমি	2
নেট	ডিএক্টিভেট	2
ঢুকার	পরে	2
কপি	পোষ্ট	2
শিখে	যাবেন	2
ভাই	এস	2
ডুওস	২	2
দিবে	সাথে	2
কইরা	আর	2
দিছি	কোনো	2
১২	টার	2
অ্যান্সার	দেন	2
কি	রিমুভ	2
ব্যাকগ্রাউন্ড	ডাটা	2
নাই	আরো	2
যা	বুঝেন	2
যা	অন্য	2
ভাবে	ইনস্টল	2
এ	ট্রাফিক	2
ভাই	হটস্টার	2
ভাই	কম্পিউটার	2
কোনো	বোনাস	2
হয়ে	অথর	2
কি	সরাসরি	2
বলেন	আবার	2
শুরুর	দিক	2
ব্রো	ওয়ার্কিং	2
প্রতিদান	দিন	2
কে	ইউজার	2
খারাপ	হচ্ছে	2
হচ্ছে	মোবাইল	2
তে	কেন	2
এগিয়ে	নিয়ে	2
ওয়েবসাইট	কোন	2
দিয়ে	তৈরী	2
পর	কিছুই	2
দেখে	গুগল	2
এইটা	চলবে	2
এই	টেম্প	2
১	বারের	2
কি	যাবে	2
ঐখানে	গিয়ে	2
নিজে	লাইভ	2
ডোমেইন	রিনিউ	2
দিছে	আর	2
আর	নিচে	2
আজকে	দিয়েন	2
তবে	সব	2
প্রগ্রেস	এ	2
আইপি	দেন	2
লাগবে	মাস্ট	2
কি	এসইও	2
কার্ড	একটিভ	2
তাহলে	লস	2
একই	সমস্যা	2
বলসেন	সেই	2
এ	খুজুন	2
টা	নেই	2
বাংলা	ভাষায়	2
পর	জানানো	2
ফ্রি	ভিডিও	2
ফেলার	জন্য	2
আর	হয়না	2
জন্য	প্রক্সি	2
হওয়ার	ইচ্ছা	2
পাবার	পর	2
আইডি	জিমেইল	2
কর	বেন	2
এই	দেয়া	2
ম্যানি	থ্যাংকস	2
পোষ্ট	দিয়েন	2
হবেনা	আইডি	2
এইটা	ফ্রি	2
অ্যানড্রোয়েড	এ	2
অ্যাপ	দেওয়া	2
দেওয়া	আর	2
লিংক	দিলেই	2
এক	বন্ধু	2
মানে	১	2
টা	দেয়	2
দিনে	ডলার	2
ডলার	করতে	2
মিনিমাম	১০০	2
১০০	রিটেইনড	2
অথবা	উপরের	2
হয়না	কোন	2
ইউজ	কর	2
এত	কয়েন	2
কয়েন	কেমন	2
বলবো	একটা	2
মতো	ফ্রি	2
ঢুকতে	হয়	2
কি	গেম	2
যেভাবে	দেখাইছি	2
এটাও	বন্ধ	2
লক	অ্যাপ	2
করে	স্টক	2
করি	তবে	2
মুসলিম	দের	2
ফন্ট	সিলেক্ট	2
এইটা	আসে	2
হাইড	করবো	2
সিম	২জি	2
ডেইলি	লিমিট	2
কি	দেন	2
ব্রো	আনলিমিটেড	2
কথাটা	ঠিক	2
জানি	কাজ	2
করতে	থ্যাংকস	2
যেই	জিমেইল	2
জিমেইল	ইউজ	2
হ্যা	ট্রিকবিডি	2
টিম	ভাই	2
টেক্সট	গুলো	2
টেক্সট	না	2
পেতে	চান	2
ভাবে	ভেরিফাই	2
কানেক্টেড	তো	2
নাই	যেই	2
কমেন্ট	আশা	2
স্পিড	প্রুফ	2
চ্যানেল	তার	2
করতে	সফল	2
ওইটা	থেকে	2
দিয়েছি	সেই	2
আমারো	এটা	2
শিখা	যায়	2
আর্ন	এর	2
আমি	২টা	2
পোষ্ট	পাবলিশ	2
আর	পেন্ডিং	2
পর্যন্ত	থাকতে	2
মত	একটা	2
পরে	খুব	2
জন্য	আইফোন	2
হলে	এখান	2
সেন্ট	করা	2
ব্লুটুথ	অন	2
ইস্যু	আছে	2
ওয়েবসাইট	বানাতে	2
ধন্যবাদ	ট্রিকবিডি	2
দেখা	বাদ	2
পোষ্ট	ভাল	2
দিছি	ওটা	2
করলে	২০টাকা	2
এক্সে	ফাইল	2
জিনিস	ছাড়া	2
অ্যাপ	হাইড	2
অল্প	পরিমাণ	2
হচ্ছে	যা	2
পোষ্ট	করেছি	2
ফেসবুক	দিয়ে	2
টিডব্লিউআরপি	পোর্ট	2
করলে	পিন	2
থাকলে	বেস্ট	2
গুলা	অ্যাপ্রুভ	2
গেলে	মোবাইল	2
না	কিনলে	2
মতো	অ্যাড	2
পাচ্ছিনা	আর	2
চালানোর	পর	2
খুলে	ফেললে	2
খুব	ইমার্জেন্সি	2
হবে	নাহলে	2
থেকে	ভাল	2
পর	বলেন	2
ভাইয়া	কোন	2
ফোন	গুলো	2
ভাবে	নিবো	2
আর	পোষ্ট	2
করে	করছি	2
বোনাস	দেয়না	2
টার	মানে	2
আমি	বুঝবো	2
প্রতিদিন	আপনার	2
আমার	আমার	2
১১	জন	2
কে	করলে	2
করলে	১০টাকা	2
মধ্যে	লিংক	2
ভার্সন	কাজ	2
করা	করেন	2
শেয়ার	রেডিমেড	2
রেডিমেড	জিনিসের	2
জিনিসের	প্রচার	2
করে	প্রোগ্রামিং	2
প্রোগ্রামিং	এর	2
এর	প্রতি	2
প্রতি	নতুনদের	2
নতুনদের	আগ্রহ	2
আগ্রহ	কমাবেন	2
সম্বন্ধে	টিউটোরিয়াল	2
সব	ভাবেই	2
নেট	শুধু	2
দিয়ে	ছিলাম	2
কেবি	লাগবে	2
ব্রো	পাইছি	2
গুলো	বই	2
এবং	ডাউনলোড	2
ব্রো	বিডি	2
অপশন	থাকলে	2
ও	নিতে	2
পাইলাম	নাইট	2
না	ভাল	2
আমি	৪টা	2
লিংক	দিবে	2
টোকেন	বাড়ে	2
৬	তারিখ	2
ভাই	রেজ	2
রেজ	করতে	2
চেঞ্জ	করলেও	2
এই	তথ্য	2
তাতে	তো	2
তো	এসএসএইচ	2
দিয়েই	দিলাম	2
গিটহাব	লিংক	2
আমিও	জানতে	2
করলে	সিম	2
কেবি	হতে	2
মেইল	কি	2
ট্রান্সফার	করার	2
অ্যান্ড	ভাল	2
করলে	প্লে	2
ইউজার	কাজ	2
আছেন	যে	2
ভেনম	২	2
এ	কারণেই	2
আর	গজল	2
গজল	এর	2
উল্লেখ	করলাম	2
ভুল	কেন	2
ফোন	যেই	2
টার	মত	2
মত	পোষ্ট	2
হ্যাকিং	অ্যাপ	2
কোড	কালেক্ট	2
ভাবে	দিতে	2
ভাই	যাতে	2
পোষ্ট	ডিলিট	2
সস	অ্যাড	2
ভাই	শর্ট	2
রেজিস্ট্রেশন	এর	2
ইনবক্স	করছি	2
একটু	লিখে	2
রিসেন্টলি	একটা	2
বাজেট	২৫	2
২৫	টু	2
আপনার	গালি	2
কারণ	টাই	2
ভাল	আমি	2
আবার	এনাবল	2
নাকি	এত	2
খুলবো	কেমনে	2
কি	উইন্ডোজ	2
ফ্রি	করে	2
সত্যি	বলছেন	2
ফ্রি	করেছে	2
সময়	সার্ভার	2
কি	সারাদিন	2
ভাইয়া	সিওসি	2
এর	বাবা	2
ছোট	করা	2
কিছু	থেকে	2
এর	আশায়	2
স্টুডেন্ট	দের	2
তো	ভাল	2
বলে	কেন	2
ধুর	আমি	2
হয়	পারলে	2
পারলে	এর	2
মত	জাভা	2
সফট	থাকলে	2
৭	জেবি	2
জেবি	রেটিং	2
বেস্ট	ব্রো	2
কেউ	রিপোর্ট	2
ফ্রি	নিতে	2
লিখতে	মন	2
একটু	তদন্ত	2
তদন্ত	করে	2
করার	ফলে	2
নিচের	কমেন্ট	2
করতে	পারেনি	2
হয়	কারো	2
প্লিজ	ফ্রি	2
করার	পারমিশন	2
হত	অনেক	2
ভাই	আপনাকেও	2
গেলে	ট্রাই	2
মানে	আমি	2
অন্য	কথা	2
কজ	সিম	2
ইমেইল	ও	2
আবার	নাম্বার	2
হ্যান্ডলার	চলবে	2
ঐ	ভাবে	2
ট্রিকবিডি	স্টাইল	2
অলরেডি	আমি	2
করেন	অনেকে	2
বলসে	ফুল	2
করে	মুভি	2
মুভি	নেম	2
তো	কল	2
থেকে	মাত্র	2
হয়ে	কোনো	2
পোস্ট	হয়না	2
একমাত্র	আপনি	2
আপনার	এসএস	2
বোঝা	যাচ্ছে	2
সাথে	থাকে	2
ইন্টারনেট	লাগেনা	2
লাগেনা	শুধু	2
হটস্পট	খুলে	2
গেম	শেয়ার	2
নাই	একটু	2
দিয়ে	কয়জনের	2
কয়জনের	আবেদন	2
আবেদন	করা	2
কাজ	প্লিজ	2
তো	অ্যাড	2
সময়	পোস্ট	2
গুলা	পড়ে	2
আছে	অলরেডি	2
নক	করবেন	2
অল	ফোন	2
থাকবে	তখন	2
ওয়ার্কিং	স্পিড	2
তাই	করলাম	2
পাছি	না	2
ওদিন	দিয়ে	2
করেন	তাড়াতাড়ি	2
খায়	আর	2
কিভাবে	আসে	2
আসে	তাও	2
না	ভুল	2
কোনো	ফেক	2
সো	কেউ	2
না	থাকুক	2
নয়	সেটা	2
কয়টা	আইডি	2
তার	প্রুভ	2
নাইস	অনেক	2
আমাদের	এইদিক	2
ছাড়া	ফোন	2
গেম	খেলি	2
করলাম	ফায়ারফক্স	2
করতে	ডলার	2
ভিতরে	গেলে	2
ওকে	করবো	2
খারাপ	হইসে	2
উপরে	কোনো	2
হবে	ভালো	2
হয়	সেটিং	2
দিয়ে	সেভ	2
বাংলালিঙ্ক	ফ্রি	2
ব্রো	কাকে	2
স্ক্রিপ্ট	আপনি	2
দিয়া	আপনার	2
রিকুয়েস্ট	পাঠান	2
যাকে	ফোন	2
বার	হইসে	2
এখন	এসএমএস	2
এর	এনসার	2
আইডিটা	দেন	2
নাম	দেন	2
দিসিলাম	তখন	2
তার	ফোনে	2
তো	আমরা	2
টা	লাইন	2
হইসে	কিন্তু	2
কি	ওরা	2
১০	এর	2
আবাল	এটা	2
না	গুড	2
আসলে	এই	2
এর	সাপোর্ট	2
বাট	আবাল	2
চলবে	কারো	2
যাবেনা	আমি	2
মি	করা	2
ব্রো	অফার	2
থেকে	৬০	2
কয়েন	হ্যাক	2
আপনার	নেম	2
আইফোন	এক্সএস	2
এক্সএস	ম্যাক্স	2
করি	থ্যাংকস	2
যে	স্পিড	2
যায়	তাতে	2
ভাবে	সাবস্ক্রাইব	2
বলতেসি	আপনি	2
আপনি	হাজার	2
বিশ্বাস	করবে	2
এইসব	কথা	2
বাদ	ই	2
ও	থাকলে	2
তে	ফলোয়ার	2
কি	ক্লিন	2
রেজাল্ট	এক	2
তে	ডোমেইন	2
রবি	২জি	2
ভার্শন	হবে	2
বাকি	টা	2
ললিপপ	বা	2
দেখায়	অনেক	2
অ্যাড	ফ্রি	2
ফ্রি	ভার্শন	2
বিটিভি	এর	2
সর্বোচ্চ	২টি	2
থেকে	নতুন	2
করে	ফর	2
দেয়া	যে	2
এরকম	হতো	2
কিন্তু	অরিজিনাল	2
ফ্লাইট	মোড	2
প্রোডাক্ট	আপলোড	2
করেন	নয়তো	2
দেখা	হারাম	2
দেন	অ্যান্ড	2
না	জানেন	2
দিয়ে	ইমো	2
কোনো	লিমিট	2
ইনস্ট্যান্ট	পেমেন্ট	2
যাবে	নিউ	2
দিয়েই	ইন্সটল	2
ডাউনলোড	কইরা	2
ভাই	রেজিস্ট্রেশন	2
যদি	এপিকে	2
হয়ে	করবো	2
সাথে	থাকবো	2
উইন্ডোজ	এর	2
রক্ষার	জন্য	2
জন্য	অল	2
টাইম	অ্যাপ	2
কি	একবারই	2
রেকর্ড	করে	2
টিডব্লিউআরপি	দিসি	2
তো	চলতেছে	2
মোবাইল	অপারেটর	2
ফেক	মুভি	2
স্পিড	বাড়ানো	2
এই	সমস্যার	2
এ	তাও	2
ফ্রি	অন্য	2
রাখি	আর	2
৩	টার	2
পেলে	জানানো	2
হয়েছে	থ্যাঙ্কস	2
জন্য	এগুলো	2
পারমিশন	নিছেন	2
নিছেন	আর	2
কথা	সাথে	2
আছে	অ্যান্ড্রয়েড	2
এখানে	আপনার	2
স্পিড	আরো	2
কত	হবে	2
৩জি	তে	2
বা	ডাউনলোড	2
কোনো	সার্ভিস	2
বুঝবো	কি	2
ফোন	এইচটিসি	2
ও	হয়েছিল	2
হয়ে	অনেক	2
মে	ব্রো	2
ইমো	আইডি	2
এসএস	নেয়ার	2
নেয়ার	সিস্টেম	2
ভাই	উনার	2
ব্যক্তিগত	সর্বোচ্চ	2
লিংক	পোস্ট	2
যাবে	ট্রিকবিডি	2
তে	দেয়া	2
বাট	মোবাইলে	2
জন্য	অনলাইন	2
শুধু	ট্রিকবিডি	2
হ্যাভ	এ	2
মানে	প্রত্যেক	2
জেলা	সদর	2
টিএক্সটি	ফাইল	2
ফাস্টবুট	এ	2
সাইফন	ইউজ	2
রম	দিবো	2
জানতাম	তাও	2
ট্রিকবিডি	সবাইকে	2
বেস্ট	কিছু	2
টা	জানতাম	2
কি	অ্যান্ড্রয়েড	2
অনার্স	এ	2
সি২এস	এর	2
পর	অথর	2
আবার	তা	2
তা	আবার	2
এর	হলে	2
আছে	ট্রাই	2
থ্যাঙ্কস	এ	2
কপি	করেই	2
পোস্ট	সবাই	2
টাকা	জন্য	2
ব্রো	পেপাল	2
একাউন্ট	ফ্রি	2
অনলাইন	ও	2
যে	ফলোয়ার	2
ছিলাম	এখন	2
এটা	কীভাবে	2
থ্যাঙ্কস	ব্রাদার	2
সমাধান	তো	2
করলে	চলবে	2
টা	আপাতত	2
হয়ে	যদি	2
মড	ভার্শন	2
এক্সিট	করি	2
টিউনার	রিকুয়েস্ট	2
আছে	পাসওয়ার্ড	2
আগের	ফন্ট	2
করি	ভাই	2
উপহার	দিবেন	2
দিতেন	অনেক	2
কীভাবে	আমার	2
কার্ড	ই	2
আই১০	এর	2
এপিআই	প্রোভাইড	2
প্রো	রুট	2
ফাস্ট	কাজ	2
চলে	ব্রো	2
মোবাইল	পাওয়া	2
করবে	আই	2
ডায়াল	প্যাড	2
ফর	পোস্টিং	2
ডিভাইস	না	2
মোবাইল	হ্যাক	2
ইওর	ফোন	2
নট	সাপোর্ট	2
ট্রিকবিডি	এটা	2
টোটাল	পোস্ট	2
বাট	একবার	2
এ	স্ক্রিনশটস	2
পারবো	একটু	2
চলছে	নাকি	2
ভিডিও	লাগবে	2
লাগবে	কারো	2
দিয়ে	দেখবেন	2
ওহ	থ্যাঙ্কস	2
রিপ্লাই	দেয়ার	2
একাউন্ট	ব্লকড	2
আরেকটা	অ্যাপ	2
থ্যাঙ্কস	আপনার	2
সব	আইএসপি	2
আসছে	নাকি	2
এপিক	পোস্ট	2
হুম	র‍্যাম	2
কোনো	যোগাযোগ	2
কয়েক	মিনিট	2
আপনার	ইন্টারনেট	2
ভালো	সাউন্ড	2
পুশ	করে	2
স্কুল	আইডি	2
এইটার	সল্যুশন	2
করতে	পারতেসিনা	2
নিয়ে	তাড়াতাড়ি	2
ইউজ	মাই	2
ম্যানেজ	করতে	2
ব্রাউজ	হয়	2
অমুক	ভাইয়া	2
স্পিড	পাইতাসি	2
ও	নতুন	2
২য়	পার্ট	2
করতে	ও	2
তাই	দিসি	2
ব্যবস্থা	করা	2
এক্সাম	কেমন	2
বার	টাকা	2
শুধু	ইউএস	2
নম্বর	ভেরিফিকেশন	2
মতো	ফালতু	2
আবার	রিচার্জ	2
হইলে	পেমেন্ট	2
নাকি	সেটা	2
করি	পাবো	2
কাউকে	রেফার	2
হলো	রেফার	2
ঐটা	ইউজ	2
পরিবর্তন	করার	2
বুঝতাসি	না	2
কাল	আমি	2
আপনি	স্ক্রিনশট	2
ঢাকা	বোর্ড	2
কেমনে	পোস্ট	2
ভাই	দিতে	2
সিমুলেটর	ফর	2
ফর	দিয়ে	2
সিওসি	গেমস	2
কেউ	আমায়	2
এমবি	কোড	2
থেকে	নিয়েছি	2
সাথে	ডিসকানেক্ট	2
আপনি	আর	2
কয়েন	পাবো	2
৫মিনিট	এ	2
সেটিং	তা	2
ব্লক	হইয়া	2
ভাবে	বানানো	2
বাট	স্টার্ট	2
এ	প্রেস	2
প্রেস	করলে	2
তো	দিবেন	2
কোড	থেকে	2
যা	বুঝলাম	2
তা	সাইট	2
করা	দিয়ে	2
কি	টা	2
পাওয়ার	কোন	2
করসিলাম	পিসি	2
এ	ঢুকা	2
অনেক	ওয়ে	2
দেখিনি	তাই	2
এসএমএস	দিসি	2
জায়গায়	আর	2
আমার	ওয়ার্ডপ্রেস	2
লোকেশন	দেখতে	2
আয়	করার	2
স্টিকার	গুলা	2
ভুলে	গেসিলাম	2
ডাবড	লিংক	2
ট্রান্সফার	হয়	2
ব্যালান্স	অ্যাড	2
দিয়ে	ডিসি	2
করলেন	তার	2
বোনাস	নাই	2
গুলা	কাজ	2
জিপ	ইনস্টল	2
ফাঁকে	ফাঁকে	2
এর	ক্রেডিট	2
এপিকে	নিয়ে	2
লিংক	দেস	2
এফবি	অটো	2
কী	দিবো	2
এর	ঐখানে	2
৩	নম্বর	2
গাঁজা	খাইয়া	2
দিন	ভালো	2
কারোর	কি	2
সাথে	ইউজ	2
করবেন	এবং	2
পারো	না	2
আমি	রিকুয়েস্ট	2
কোনো	অ্যাকাউন্ট	2
মেয়ে	দের	2
কী	বলবো	2
জিপ	টা	2
ব্রো	আজকে	2
এ	প্লিজ	2
আইএসপি	থেকে	2
থেকে	এফটিপিবিডি	2
প্রোফাইল	টা	2
ঢুকে	যাবে	2
ভাই	ওরা	2
নট	অ্যাভেইলেবল	2
এ	নোটিফিকেশন	2
করলে	নোটিফিকেশন	2
নেমে	আসে	2
আসে	জানলে	2
পেমেন্ট	করসে	2
নাও	লাগতে	2
এত	পোস্ট	2
লিংক	দিছো	2
শেয়ার	ইওর	2
করে	বুঝলাম	2
তেমন	ইউজ	2
টায়	তো	2
ক্লিপিক্যাপ্স	অ্যাপ	2
তে	লেখা	2
রিলিজড	অন	2
ইউজ	কেন	2
আপলোড	করি	2
এমবি	নিবো	2
এটা	ফেক	2
দিসেন	আর	2
আইসিও	এর	2
কোন	দল	2
ডলার	এ	2
মিয়া	পাম	2
ও	নাকি	2
লেটেস্ট	ভার্শন	2
এলিয়েন	শ্যুটার	2
শ্যুটার	এর	2
প্রব্লেম	বলতে	2
ই	অ্যাপ	2
ই	হতে	2
ভাই	আবাল	2
প্যাচ	এর	2
আনইনস্টল	করা	2
ওয়ে	এর	2
ভাই	১ম	2
তো	কোড	2
অন্য	দেশেও	2
২	ফোন	2
করবো	অ্যান্ড	2
নিজে	আগে	2
হল	এর	2
এখানে	বেশি	2
নেয়ার	ট্রিক	2
ট্রিক	আগের	2
থ্যাংকইউ	ব্রো	2
অনেক	র‍্যাম	2
ডেইজ	ফ্রি	2
হবে	ব্রাদার	2
এ	রাখতে	2
কি	মেইল	2
৪টা	পোস্ট	2
স্ন্যাপটিউব	আরো	2
দিয়ে	চালান	2
আইডেন্টিটি	ভেরিফাই	2
বললেই	ভালো	2
আসলে	মানুষ	2
ডিএক্টিভ	রাখা	2
বার	ফ্ল্যাশ	2
রিকভারি	বানিয়ে	2
আমার	এনআইডি	2
ব্যবহার	করলেই	2
হ্যাকার	হবো	2
মতো	ইউজ	2
ব্রো	প্রব্লেম	2
যারা	বিকাশ	2
কেন	এটার	2
ভাই	আইডিএম	2
আইডিএম	তো	2
নিউজ	পোস্ট	2
আপনার	১ম	2
তো	এত	2
কোন	কলেজ	2
কি	করছেন	2
টা	সাইজ	2
ট্রিকবিডি	সাথে	2
জন্য	সুবিধা	2
কিন্তু	কয়েক	2
করলে	অ্যাকাউন্ট	2
ফেক	পেমেন্ট	2
রিকুয়েস্ট	করসে	2
এর	দোকান	2
অ্যাপস	কাজ	2
এই	ফিচার	2
কিছু	মানে	2
ডিটেলস	ই	2
করবো	ডাউনলোড	2
ডাউনলোড	ভাই	2
ট্যাগ	কোড	2
এখন	নিলাম	2
আপনি	ইমেইল	2
টাকা	নিবো	2
লেখার	মানে	2
দাম	কতো	2
করতেছিলাম	কবে	2
আসবে	মুভিটা	2
বাট	স্টোরি	2
থেইকা	নিয়ে	2
৭	ডেইজ	2
পপআপ	অ্যাড	2
তোমার	হবে	2
পারে	সবার	2
তে	দিবে	2
নাকি	বিটকয়েন	2
লাস্ট	ডেট	2
আমি	আপডেট	2
রেফার	আইডি	2
মতো	ব্লগার	2
সাথে	সরাসরি	2
হতো	থাঙ্কস	2
করে	প্রব্লেম	2
বিস্তারিত	বলুন	2
এন্ড	তারা	2
লোড	নেয়া	2
আইফোন	১৩	2
এ	এমনিতেই	2
নাকি	নিজে	2
নক	করসি	2
ইউস	করেছিলাম	2
হবে	সেগুলো	2
আমি	ফেইসবুক	2
মিনিট	পাওয়া	2
গ্রুপ	টেক	2
টেনে	নিয়ে	2
নাকি	অটো	2
চেয়ে	কম	2
থেকে	কেনা	2
জানেন	আর	2
দেয়	বলেন	2
থাকে	এই	2
বলে	ডাউনলোড	2
হয়ে	তবে	2
আপনি	রাইট	2
গ্যালাক্সি	গ্রান্ড	2
রম	দিলে	2
আমি	কনট্রিবিউটার	2
আর্ন	করসো	2
পর্যন্ত	কত	2
থাঙ্কস	আর	2
তাও	থাঙ্কস	2
ছবি	সহ	2
টা	কেও	2
সেম	অবস্থা	2
মি	ইফ	2
এই	৩০	2
বাজে	কমেন্টস	2
লিখতে	ও	2
রেডমি	১০সি	2
আর	উপরের	2
ডেভেলপার	না	2
যেই	খানে	2
ইস	নোট	2
গেম	অফ	2
মাত্র	১৩	2
টা	পাস	2
করেছিলাম	তখন	2
আনলক	না	2
করতে	পারতেসে	2
পুলিশ	এর	2
এন্ড্রয়েড	অ্যাপস	2
এমবি	ছিল	2
হয়ে	তাহলে	2
একটা	জাভা	2
জাভা	ইউজারদের	2
জিমেইল	সার্ভার	2
পুরাই	আবাল	2
সামনে	রাইটার	2
রাইটার	কে	2
এভাবে	অপমান	2
অপমান	করার	2
অর	আদার	2
বাট	প্লিজ	2
এর	ওই	2
দেখতে	চান	2
ভালো	কোর্স	2
দেন	তা	2
কি	বা	2
এই	আপডেট	2
দেখি	আপনার	2
প্রতি	হাজার	2
হাজার	ইম্প্রেশন	2
হয়ে	কিন্তু	2
কম	হয়ে	2
ভুল	বলসি	2
রিপ্লাই	টা	2
পোস্ট	আশে	2
টা	এইটা	2
এসএসসি	রেজিস্ট্রেশন	2
এক	এইজ	2
এইজ	ছিল	2
৫০	মিনিট	2
এক্সপার্ট	ভাই	2
ভাই	তে	2
ফ্লেক্সিপ্ল্যান	অ্যাপ	2
মিনিট	১৫	2
এ	কিনলাম	2
আমি	সেম	2
দিবো	বাট	2
পাইসি	ওকে	2
৬	এ	2
দিসিলাম	ওরা	2
আমাকে	পাবেন	2
প্লিজ	কেও	2
কেও	হেল্প	2
চালাচ্ছি	এখনো	2
করসেন	ভালো	2
ওয়েলকাম	ট্রিকবিডি	2
কোলা	খাওয়ার	2
উপকারিতা	আছে	2
ফ্ল্যাশ	মারা	2
করেন	মেসেজ	2
লিংক	গুলো	2
গুলো	কাজ	2
৩টা	জিমেইল	2
অলরেডি	একটা	2
এই	৩	2
১	যোগ	2
টাইম	লেগে	2
লেগে	যাবে	2
আমি	খেলিনি	2
খেলিনি	এখনো	2
ল্যাপটপ	নিতে	2
নোকিয়া	২১৬	2
তারপর	ইনস্টল	2
ভাই	প্রুফ	2
কোনো	নিয়ম	2
মোবাইল	থিম	2
জন্য	উপযোগী	2
টাকা	হাতে	2
হাতে	পাবো	2
আশে	বাট	2
চিপসেট	এমটিকে৬৫৭২	2
ব্রো	২০০	2
ডোনেট	ভার্সন	2
র	একটা	2
পাওয়ার	মেনু	2
আপনার	এন্ড্রয়েড	2
থেকে	নামিয়ে	2
জিবি	হলে	2
হ্যাকার	হতে	2
করলেন	যদি	2
আনসার	দেন	2
জন্য	অথর	2
এখন	কেন	2
নিউ	রা	2
থাঙ্কস	আ	2
আ	লোট	2
কাইনমাস্টার	এর	2
ইমেজ	লিংক	2
করতে	বলা	2
জিবি	র	2
আমি	পাইলাম	2
পিএলপি	ফাইল	2
থেকে	হোস্টিং	2
সাইট	বানাবেন	2
সাইট	ব্লক	2
ইউটিউবার	এর	2
আলফা	পাসওয়ার্ড	2
সিওসি	এ	2
নামে	এক	2
এইটা	অনলাইন	2
আরো	এরকম	2
অনেকদিন	হয়ে	2
করি	সো	2
তে	মনে	2
দেয়া	আপনার	2
এপিকে	এপিকে	2
এ	এভেইলেবল	2
সুযোগ	দেয়া	2
এ	ধরণের	2
কোনো	এ	2
আমি	চেক	2
আগে	কানেক্ট	2
করছি	এটা	2
শো	করাবো	2
এর	ইউটুব	2
ইউটুব	ডাউনলোডার	2
ডোমেইন	দিয়া	2
বুজতাছি	না	2
আমার	কান্ট্রিবিউটর	2
আমাকে	অথার	2
করে	গুগল	2
এই	জানে	2
প্লাস	অ্যাপ	2
বন্ধুর	মোবাইল	2
কেন	তাই	2
বিজি	রিমুভ	2
টেলিগ্রাম	দিয়ে	2
টিউটোরিয়াল	নিয়ে	2
লাইক	তো	2
প্ল্যান	একটিভ	2
মানে	অন্য	2
টুল	ডাউনলোড	2
কঠিন	হয়ে	2
পারলে	আরো	2
৪০	মিনিটস	2
ইউসি	এপিকে	2
দেখি	আবার	2
আছে	মানলাম	2
উইন্ডোস	একটিভ	2
আমার	৫টা	2
বাপের	না	2
বাইর	কইরা	2
করে	মনে	2
পজ	করে	2
হোয়াটস্যাপ	এ	2
ইউএসএ	এর	2
ফিচারস	অ্যাড	2
করতে	চাইছি	2
ফটোশপ	দিয়ে	2
স্কাইপ	এ	2
তাছাড়া	আমি	2
ব্যান	হয়ে	2
ভিউ	দেখসেন	2
প্লাস	ইউআই	2
ইউআই	এর	2
এমবি	কিতা	2
একটাও	এপ্রুভ	2
স্ন্যাপড্রাগন	৬৮০	2
দেয়া	কমেন্ট	2
কোথায়	বসাবো	2
ক্লোন	অ্যাপ	2
এর	ডেন্ট	2
অরিজিনাল	অ্যাপ	2
মেইল	গুলো	2
নিউ	লিংক	2
ওয়েট	করলাম	2
হাউস	অফ	2
হবে	লাইক	2
এসব	থেকে	2
যাবে	সেটার	2
ইউস	করেই	2
জন্য	অ্যাপস	2
সঠিক	তথ্য	2
বাংলা	ইংলিশ	2
গুড	ইউজার	2
এ	রিকভারি	2
ছাড়া	পসিবল	2
ব্যাড	পোস্ট	2
প্রব্লেম	সল্ভ	2
রে	সব	2
সব	ভুল	2
কন্ট্যাক্ট	করার	2
মি	আইটেল	2
আইটেল	ভিশন	2
যদি	কেও	2
ফ্রি	হোস্ট	2
এখন	কানেক্ট	2
মাই	ডিয়ার	2
ভার্সন	না	2
সরি	এখন	2
কি	ইউটুব	2
কিভাবে	তা	2
যেটার	কথা	2
জনপ্রিয়তার	জন্য	2
এটা	ওই	2
অন্তত	একটা	2
তো	ইউস	2
বা	ওয়েবসাইট	2
পেজ	১	2
১	লক্ষ	2
লক্ষ	লাইক	2
প্রথম	এ	2
ভাইয়া	ভালো	2
ফোন	নেয়া	2
প্রতারিত	হবেন	2
অনেক	আর	2
গিয়া	ফোন	2
করেন	পর্ব	2
খুব	দেরিতে	2
দেরিতে	একটু	2
ফাস্ট	দিতেন	2
লিস্ট	করা	2
কোনো	প্যাক	2
কাটে	কি	2
বিল	পেইড	2
ভাবে	করবে	2
খুঁজে	দিতেন	2
রুট	ডিটেক্ট	2
ইম্পোর্ট	হয়	2
ইনস্টল	হতে	2
আসেন	মাই	2
কাস্টম	আইডি	2
অপসন	ই	2
হলো	এফবি	2
ভাইয়া	কারো	2
কারো	ফেইসবুক	2
থেকে	সে	2
সে	যত	2
যত	জায়গায়	2
জায়গায়	কমেন্ট	2
ঐসব	কি	2
একসাথে	পাওয়া	2
করা	হৈছে	2
নিজে	এখন	2
পর্যন্ত	ফায়ার	2
ইনস্টল	করি	2
একটু	রিস্ক	2
রিস্ক	থাকে	2
থাকে	একাউন্ট	2
হ্যাক	করো	2
সময়	বলা	2
কিনার	পর	2
অথেন্টিকেটিং	এ	2
এক্সওয়াইজেড	ডোমেইন	2
এগুলো	এখন	2
খুব	কমে	2
সুপার	বাট	2
রকম	আর	2
পোস্ট	হিসেবে	2
তা	পরে	2
তে	ঢুকে	2
মাইক্রোসফট	আর	2
করলে	১৮	2
রিসার্চ	করে	2
সাজেশন	পাবো	2
পাবো	খুব	2
সময়	ঠিক	2
এর	বিকল্প	2
সাইট	বানাতে	2
ভিডিও	পোস্ট	2
হোম	স্ক্রিন	2
এক্সএমএল	ডাউনলোড	2
কোনো	পদ্ধতি	2
এমবি	পাইসি	2
আল্লাহ	কি	2
বা	আমি	2
বাংলালিংক	অ্যাপ	2
ভাবে	আবার	2
আগে	আর	2
২৫	টা	2
অ্যান্ড	নিউ	2
আমি	কোথায়	2
আসে	যেখানে	2
পরে	কেউ	2
আর	চেয়ে	2
হলেও	এই	2
সিস্টেম	তা	2
যাদের	থাকে	2
নিড	নাই	2
একটু	দ্রুত	2
আসে	কোথায়	2
রান	করলে	2
তা	পোস্ট	2
রিভিউ	দিলেন	2
দেয়ার	পরে	2
তে	দিতে	2
লেট	হবে	2
জানা	ও	2
রাখা	হইসে	2
দাওয়াত	দেয়া	2
শব্দ	হয়	2
টা	দিছি	2
শুরু	করলে	2
ছিল	সে	2
মারা	খাইসে	2
নাম্বার	থাকলে	2
ব্রো	কনফিগ	2
জানি	তবু	2
বাঁচানো	যাবে	2
করলেই	অ্যাপ	2
তবে	ইটা	2
আপনার	মাস্টার	2
অ্যাপস	তা	2
এই	বিন	2
থেকে	বাংলা	2
পেমেন্ট	নেয়	2
এ	ক্ষেত্রে	2
২	নো	2
এর	চিন্তা	2
আনফর্চুনেটলি	স্টপ	2
কষ্ট	করলাম	2
দেয়া	চেক	2
২য়	লাইন	2
এই	হচ্ছে	2
ডিসেম্বর	২০১৫	2
হয়	কাজ	2
এর	সল্যুশন	2
ভাইবার	টু	2
এজন্যই	পোস্ট	2
ইউএসএ	জিমেইল	2
কানেক্ট	হস্সে	2
আজব	এখানে	2
এখানে	কিভাবে	2
হচ্ছে	বুঝতাসি	2
আপনাকে	অবশ্যই	2
তাইলে	ব্রো	2
কিছু	কোড	2
কোড	লাগে	2
হবে	বাড়িয়ে	2
বাড়িয়ে	নিবেন	2
নিবেন	যখন	2
না	কমিয়ে	2
কমিয়ে	রাখবেন	2
করে	ইউজার	2
এইচ৬	এর	2
আসে	সার্চ	2
নয়	তো	2
এর	সুপার	2
ওয়েবসাইট	তা	2
এর	মূল	2
আসে	কিনা	2
র	ফোন	2
যতই	ভালো	2
কপি	পাওয়া	2
ওই	ভার্সন	2
করে	চার্জ	2
দিলে	চার্জ	2
কিছু	সবাই	2
আবার	ঐ	2
ঠিক	কাজ	2
জিপিইজিনেট	এ	2
এ	রিডাইরেক্ট	2
ডাটা	নেটওয়ার্ক	2
নেটওয়ার্ক	আবার	2
জন্য	এপিকে	2
ওয়ারকিং	পোস্ট	2
আমার	এস৩	2
এস৩	মিনি	2
মিনি	ব্রিক	2
বট	এর	2
কাটলো	না	2
করানো	হয়	2
এই	দেশে	2
ছাড়া	হবেনা	2
ওয়াইফাই	অ্যাডাপ্টার	2
ভাই	শুরু	2
গুরুত্বের	সাথে	2
যা	লাগবে	2
পাবলিশ	করসেন	2
কানেক্ট	করলেও	2
করার	বিষয়ে	2
আফটার	ফোকাস	2
বলেন	ঐ	2
আপনি	বলে	2
অ্যাপ	ডেভেলপার	2
আরেএ	ভাই	2
সাইন্স	আর	2
ভিউ	লাইক	2
একটা	দিন	2
এটা	বলার	2
যদি	প্রিমিয়াম	2
কিছুইতো	বুঝলাম	2
সেন্ট	করতে	2
এফবি	অর	2
অ্যান্ড	স্ক্রিপ্ট	2
আজেবাজে	পোস্ট	2
আপডেট	অ্যান্ড	2
নাম	এই	2
এই	নেট	2
কি	কিনবেন	2
তবে	এও	2
পারসোনালি	যদি	2
আমাকে	দিতেন	2
ব্র	রুট	2
প্লান	দিয়ে	2
নেই	তার	2
গুলা	ফুল	2
ফুল	লঞ্চ	2
এখন	প্লিজ	2
৪	জন	2
রিমোট	ইউডিপি	2
পারেন	ব্র	2
নতুন	সিম	2
অভাবে	না	2
তুলে	দেওয়া	2
অ্যাড	যে	2
ইউআরএল	দিয়ে	2
গুড	টু	2
পোস্ট	এগুলো	2
ফ্লেক্সিপ্লান	এর	2
এই	ল্যাপটপ	2
যজায়	বাট	2
সাবস্ক্রাইব	করা	2
রিলেটেড	কমেন্ট	2
আপনি	হে	2
ব্র	এর	2
স্ক্রিপ্ট	তৈরি	2
আইডি	ডিসঅ্যাবেল	2
২এন্ড	পার্ট	2
ম্যাসেজ	দেও	2
দাও	এ	2
ভার্সন	ওবিবি	2
ডিসপ্লে	ভালো	2
ডিজিট	এর	2
আপনাকে	বলিনি	2
মারা	গেল	2
ব্র	হেল্প	2
করা	লাগবেনা	2
পারলে	কাস্টম	2
মেসেজ	করো	2
ব্রাউজার	ও	2
রয়েছে	এই	2
ফুল	লেটেস্ট	2
গেটইনটপছি	থেকে	2
ও	চালাইতে	2
সাথে	খেলা	2
৭৫	ইউছি	2
ইউছি	আরন	2
কিন্তু	এরপর	2
আমরা	ট্রিকবিডি	2
করছি	রিভিউ	2
কিংরুট	কে	2
এ	তে	2
আমার	৩জি	2
সিম	ও	2
১১০০	মডেল	2
এ	আসলে	2
বাকি	সময়	2
কেন	কথা	2
এ	চয়েজ	2
আর	কলেজ	2
কোন	অ্যান্ড্রয়েড	2
যা	দ্বারা	2
করে	দিয়েছেন	2
কিট	ক্যাট	2
ওয়েলকাম	ব্রাদার	2
থেকে	২০১৭	2
অ্যাপ্লাই	করে	2
কোন	নোটিস	2
দেন	আবার	2
কি	রেজিস্টার	2
মোবাইল	ইন্টারনেট	2
ভাই	টোয়ারপ	2
ললিপপ	করবো	2
উইন্ডোজ	বেস্ট	2
দিচ্ছেন	ভাই	2
নিউ	ইউটিউবার	2
করে	কাল	2
কাছে	ও	2
এইচটিএমএল	এডিট	2
হয়তো	আমার	2
মোবাইল	এও	2
সাসপেন্ড	হয়ে	2
লিগ্যাল	ভাবে	2
এমনি	হবে	2
লিখলাম	না	2
লাগতে	ভালো	2
আসে	ওখানে	2
হবে	ঐ	2
লোকজনের	বিল	2
টা	ফালতু	2
রেখে	দিন	2
অফ	দা	2
শিখলাম	থ্যাংকস	2
৫০	করে	2
১	তারিখে	2
বালের	সাইট	2
দেখানো	হবে	2
আসার	পসিবিলিটি	2
পসিবিলিটি	বেশি	2
হেল্পফুল	হতাম	2
লঞ্চার	দিয়ে	2
না	পুরাই	2
চলত	না	2
ডিফেন্ডার	অফ	2
সমস্যা	আসে	2
নাকি	সাইট	2
ও	হইছে	2
স্টপ	লিখে	2
কোন	টার	2
মাস	থেকেই	2
টাকার	মুখ	2
মুখ	দেখেন	2
তারপর	থ্যাংকস	2
রিকুয়েস্ট	করেন	2
আপনি	হইত	2
এ	আরন	2
একটু	খারাপ	2
অসাধারণ	একটা	2
আজ	অবধি	2
অ্যাপ	খুঁজে	2
থাঙ্কস	ইন	2
হে	ডে	2
কোথায়	খারাপ	2
এর	পেজ	2
পারলে	নিজে	2
আছে	এইটার	2
গেম	তো	2
ভিসিট	করছে	2
এপিকে	তে	2
টিউটোরিয়াল	না	2
বড়	টা	2
অ্যাডসেন্স	অ্যাকাউন্ট	2
এইচটিএমএল	নিয়ে	2
ডিফল্ট	এ	2
অ্যাডনেটওয়ার্ক	টা	2
কি	পে	2
দিয়ে	তবে	2
কিছু	তথ্য	2
চারা	দেয়	2
শুধু	গালি	2
টেক্সট	স্টাইল	2
এর	মুখোমুখি	2
গ্রাফিক্স	ডিজাইন	2
সফল	হইছে	2
হল	একটা	2
হাতবিডি	এর	2
টা	নিলাম	2
তো	এইটা	2
মেবি	আমার	2
ভাই	সে	2
টাই	শেয়ার	2
পিছি	এর	2
কেমনে	দেখব	2
মেইল	দেন	2
হইনি	আমি	2
২৯টাকা	রিচার্জ	2
ধুকতে	গেলে	2
টা	গেম	2
না	অ্যান্ড্রয়েড	2
স্টোর	অ্যাপ	2
কিভাবে	সেটিং	2
দিয়ে	ঠিক	2
বাডি	ট্রাকার	2
ট্রাকার	সার্ভিস	2
সার্ভিস	টি	2
লিখে	৩০২০	2
পাঠিয়ে	দিতে	2
মিডিয়াটেক	হেলিও	2
না	জানলেও	2
কানেক্টেড	থাকলে	2
টাইম	রেজিস্ট্রেশান	2
দেখুন	তার	2
যাক	যারা	2
অটোমেটিক	চালু	2
জানতাম	শেয়ার	2
ভাইয়া	শুধু	2
আমাক	অথর	2
হ্যালো	ব্রাদার	2
থেকে	পাসওয়ার্ড	2
কি	বাড়ানো	2
তে	খুলে	2
যে	কই	2
কই	থাকে	2
হোপ	ইউ	2
উপকারি	পোস্ট	2
এর	এন্সার	2
লাগবে	এখানে	2
খুবি	খুবি	2
ব্র	পারলে	2
ললিপপ	এই	2
হোক	থ্যাংকস	2
সে	একটা	2
মোড	ও	2
দিয়ে	আসছে	2
যখন	পারেন	2
কুরুলুস	ওসমান	2
জীবন	নিয়ে	2
নিয়ে	খেলা	2
ভাই	হাসাইলেন	2
মেইল	অ্যাড	2
ঐ	ওয়েবসাইট	2
তাদের	নিজেদের	2
নিজেদের	অ্যাপ	2
তো	তাদের	2
দেস	কেন	2
হতে	আপনার	2
লোগো	তো	2
রাখি	বাট	2
নাম্বার	টাই	2
খুবি	ভালো	2
তো	এ	2
আনজিপ	করা	2
কোনটা	সাউন্ড	2
সাউন্ড	বেশি	2
খুশি	হয়েছি	2
কি	হইল	2
পোস্ট	মেনি	2
খুুব	ভালো	2
প্রথমে	যে	2
এটাও	ট্রাই	2
যে	সেটিংসটা	2
সেটিংসটা	দিতে	2
দিতে	বলেছেন	2
ইন	ফোরাম	2
সেট	করছি	2
লাইফটাইম	এর	2
আমি	ফেক	2
তালি	হবে	2
হবে	তালি	2
না	বইলা	2
চলবে	আমি	2
রিপ্লাই	দিলাম	2
এত	কালার	2
করবে	এমন	2
আপনি	ইউটিউবে	2
আজকে	আরও	2
করলাম	দেখি	2
করে	এডমিন	2
পদ	থেকে	2
দেয়	এরা	2
কিন্তু	রেটিং	2
রেটিং	না	2
হুম	সেটাই	2
কয়	মিনিট	2
দাম	কত	2
দেখানো	পথে	2
কিছু	বেশি	2
নেটফ্লিক্স	কুকিজ	2
পেস্ট	পোস্ট	2
ছিল	এটি	2
এইরকম	ভালো	2
এই	সামান্য	2
চালাইতে	হইলে	2
কত	কিছু	2
গুড	ট্রিক	2
রাখলে	পরে	2
প্রসারিত	করতে	2
আবার	ওয়াল্টন	2
আর	১০০০	2
লাগবো	প্লিজ	2
ফর	উইন্ডোজ	2
আসলে	এটা	2
খানে	যে	2
টু	পেপাল	2
থ্যাংকস	অ্যান্ড্রয়েড	2
একটা	সিম্ফোনি	2
সিম্ফোনি	ভি৮৫	2
উপরের	ভার্সন	2
অর	এ	2
গুগল	কীবোর্ড	2
গেম	ওভার	2
যেই	নাম্বার	2
আরো	এগিয়ে	2
ব্যবহার	আমাদের	2
জানতে	পারে	2
শেয়ার্ড	ড্রাইভ	2
বিটিসি	দিবে	2
করলেন	আমি	2
যে	কোম্পানি	2
চ্যাঞ্জ	করার	2
লিখলাম	নট	2
ফাউন্ড	লেখা	2
এক্সপোজড	ইন্সটল	2
কেন	এইটা	2
ফ্রি	কেমনে	2
এটা	অনেকেই	2
আর	কয়েক	2
আশায়	থাকবো	2
জি	পারবেন	2
পারবেন	চাইলে	2
শেখার	জন্য	2
রেফার	দিবেন	2
টাকা	নেয়া	2
কিন্তু	কোড	2
পেপাল	ইমেইল	2
পাস	দিলাম	2
বলছে	সেই	2
কি	আজ	2
সুন্দর	থিম	2
থেকে	১১	2
আইটেম	নট	2
হইলে	কিছু	2
দিসি	আমি	2
কি	পাবে	2
দেয়ার	নাম	2
প্রোগ্রাম	আছে	2
২ইয়ার	আগে	2
দিয়ে	মেসেজ	2
আর	ডিফল্ট	2
ইউজার	এন্ড	2
মেইল	দিলে	2
ফাইল	পাই	2
আপলোড	করো	2
গ্র্যান্ড	নিও	2
সার্চ	করেও	2
ভিতরে	যে	2
গুলা	আছে	2
এড	দেয়ার	2
সম্মান	দিতে	2
রেডমি	৬এ	2
পাচ্ছেন	আমি	2
আমি	উইকিপিডিয়া	2
এইগুলা	না	2
খেললে	ক্র্যাশ	2
হেল্প	লাগতো	2
ডিসেবল্ড	হয়ে	2
যে	একাউন্ট	2
রিমুভ	কি	2
আমি	অ্যান্ড্রয়েড	2
জানতে	গুগল	2
একদম	ভালো	2
৭২০পি	ডাউনলোড	2
প্রিমিয়াম	হলো	2
মানে	আগে	2
পারেন	অথবা	2
দিয়ে	রাখসেন	2
মন	চাইলে	2
এর	মড	2
এ	ডিলিট	2
ইংল্যান্ড	এ	2
কথা	জানতে	2
করলেও	কোনো	2
কুকি	দেন	2
নিয়েছি	কিন্তু	2
কিন্তু	বায়োস্কোপ	2
বায়োস্কোপ	অ্যাপস	2
ঢুকছে	না	2
যদি	ভিপিএন	2
১০০	মিটার	2
দূর	হবে	2
ড্রামা	এর	2
এই	মাধ্যমে	2
পোস্ট	ফ্রম	2
১২	জন	2
পর্যন্ত	ইনভেস্ট	2
ভার্সন	এখন	2
কে	মার্শমেলো	2
মানে	ভার্সন	2
বাংলায়	লিখলে	2
আর	এসব	2
৫	থেকে	2
৬	মিনিট	2
না	জিমেইল	2
করে	ছিল	2
আমি	সিম্ফোনি	2
মূলক	পোস্ট	2
হয়	অন্যের	2
কারণে	হাশরের	2
ময়দানে	মানুষ	2
আর	জীন	2
জীন	থাকবে	2
আজরাইল	আ	2
আ	কে	2
নিতে	দেখে	2
নিশ্চই	সেটা	2
ছিলো	এইটা	2
এই	স্তরে	2
আমি	পারব	2
আপনি	স্টক	2
সো	কিছু	2
সাইজ	গেম	2
লাগে	আপনার	2
করার	অনুমতি	2
ছিল	যেহেতু	2
পর	বাংলাদেশ	2
হাইড	করব	2
বাট	করার	2
কি	আসবে	2
পেমেন্ট	করবেনা	2
কপি	ডাউনলোড	2
বলতে	চেয়েছি	2
এস	এম	2
এমুলেটর	এ	2
করলাম	আমি	2
পোস্ট	লিখি	2
করি	এর	2
করবেন	পোস্ট	2
ইউজার	রা	2
আজকে	অফ	2
লাগে	সে	2
থেকে	১টা	2
১টা	হলেও	2
জন্যে	ফ্রি	2
যারা	এর	2
দেন	তারা	2
ট্রিক	তা	2
রিভিউ	খুব	2
করা	সব	2
বিভ্রান্তি	তে	2
গুড	এই	2
পোস্ট	ব্যাট	2
মোটামোটি	ভালো	2
আগে	১৬	2
কিভাবে	ওর	2
হাজার	তা	2
সাইট	দেন	2
এম্বি	দিয়ে	2
তা	দেয়া	2
একটু	শিখবেন	2
থ্যাংকস	অমুক	2
আছে	অন্য	2
ফিক্স	করে	2
করছি	প্রব্লেম	2
রাউটার	হার্ড	2
হার্ড	সিকিউরিটি	2
এ	নাইস	2
নাইস	ডে	2
ফেসবুক	কপিরাইট	2
আমার	ডোমেইন	2
করে	দেখসেন	2
ভারর্সন	এর	2
চাচ্ছিলাম	গুগল	2
লেন্স	নিয়ে	2
গুড	ব্রো	2
হয়ে	তারপর	2
এটা	রাজশাহী	2
রাজশাহী	বর্ডার	2
বর্ডার	এর	2
ওপেন	করছি	2
প্লিজ	যাইয়েন	2
বেশি	জন	2
জন	ইউজ	2
আমি	টোটাল	2
ধৈর্য	ধরুন	2
তা	পাওয়া	2
ফায়ারফক্স	এ	2
করার	প্রবণতা	2
লেখা	লেখি	2
নিউ	দেড়	2
রিকভারি	এর	2
যুক্ত	হলে	2
পাঠাইসি	এক্সেপ্ট	2
বিট	এপিকে	2
ইলিগ্যাল	এর	2
তাইলে	বল	2
নাই	সে	2
প্রয়োজন	ছিল	2
এক্সপ্রাইভেসি	দিয়ে	2
ফাইল	শেয়ার	2
সিকিউরিটি	কোয়েশ্চেন	2
কোয়েশ্চেন	এর	2
মন	চাচ্ছে	2
মানি	ভ্যালু	2
আছে	ব্যাট	2
সেটা	ছিল	2
দারুন	প্রশংসা	2
ইটা	নিয়ে	2
দিন	ভিপিএন	2
ট্রান্সাকশন	আইডি	2
খান	এ	2
সিস্টেম	ইউআই	2
ইউআই	না	2
একটা	ব্যবস্থা	2
চয়েজ	দিতে	2
টেক্সট	প্লাস	2
বাংলা	ল্যাঙ্গুয়েজ	2
তা	লোড	2
কিসু	সময়	2
মহর্ষি	মুভি	2
মুভি	তা	2
এ	পারমিশন	2
ছিল	তারা	2
এ	খুলে	2
তো	ভেজাল	2
বিট	এর	2
বাংলা	চ্যানেল	2
আব্দুস	সালাম	2
কি	টিপিলিংক	2
করে	এখনো	2
দেখায়	কোনো	2
সবে	মাত্র	2
জে৭	ম্যাক্স	2
পোস্ট	র	2
এ	নম্বর	2
ফেলে	দেন	2
শ্যামল	ছায়া	2
হুমায়ূন	আহমেদ	2
রচিত	উপন্যাস	2
কিন্তু	তাতে	2
মুজিবুর	রহমান	2
বিহু	বলে	2
আঘাত	পান	2
ভেঙে	পড়ে	2
মনোনীত	শ্রেষ্ঠ	2
সংগঠিত	হয়	2
ও	গবেষক	2
চাকরি	করতেন	2
উদ্দেশ্যপ্রণোদিত	প্রচারণা	2
দক্ষিণে	অবস্থিত	2
মনস্তাত্ত্বিক	অপারেশনসমূহ	2
সদর	এবং	2
সংখ্যার	অস্তিত্ব	2
ছিলেন	তাঁর	2
যৌনতা	ও	2
ও	লিঙ্গ	2
প্রতারণামূলক	বিয়ে	2
মানবিক	ও	2
ও	সমাজ	2
বিজ্ঞান	অনুষদ	2
শহর	অবরোধ	2
পূর্ব	পাশে	2
এটি	প্রতিষ্ঠিত	2
তাঁর	স্ত্রীর	2
স্ত্রীর	নাম	2
এ	দম্পতির	2
সংক্রান্ত	কেন্দ্রীয়	2
পরিবারের	সদস্য	2
বর্তমান	চেয়ারম্যান	2
বাহাদুর	শাহ	2
অতিবাহিত	হয়	2
পরিবর্তন	ঘটে	2
যেতে	থাকলেন	2
ডিপার্টমেন্ট	স্টোর	2
নির্বাচনে	পরাজিত	2
পরিকল্পনা	ছিল	2
নিযুক্ত	করা	2
সরকারের	কাছে	2
আরবি	ভাষায়	2
সমালোচিত	হয়েছে	2
বাড়িতে	ছিলেন	2
এএস	ডোমেইন	2
ইউনিয়ন	এবং	2
এটি	বাংলাদেশের	2
বাংলাদেশের	অন্যতম	2
অব্যাহত	ছিল	2
অনুবাদ	করেছেন	2
নাম	হচ্ছে	2
এর	প্রতিষ্ঠাতা	2
টেস্ট	ক্রিকেটারদের	2
ক্রিকেটারদের	তালিকা	2
জনপ্রিয়	পর্যটন	2
প্রচুর	দেনা	2
তাঁদের	সঙ্গে	2
বাংলাদেশের	জাতীয়	2
ওয়েস্ট	ইন্ডিয়ান	2
শিক্ষার	প্রসার	2
তিনি	আরও	2
স্থগিত	করা	2
তার	মাতার	2
বোলিং	করতে	2
তিনি	এখানে	2
সাংবাদিকতা	করেছেন	2
এর	দশকে	2
মেদিনীপুর	জেলার	2
হয়ে	দ্বারকেশ্বর	2
প্রবাহিত	হয়েছে	2
এবং	একই	2
হবে	যেন	2
এসময়	আফগান	2
হাজার	নারীকে	2
ধর্ষণ	ও	2
গণধর্ষণ	করে	2
সালে	ভারতের	2
মধ্যে	সবচেয়ে	2
ভাষায়	তার	2
বাতিল	ঘোষণা	2
নিহাদ	আওয়াদ	2
এই	উপনিষদ্‌টির	2
সঠিক	জানা	2
না	গেলেও	2
মূল	কেন্দ্র	2
পিছু	হটার	2
ধারণা	নিয়ে	2
চীন	ও	2
এবং	সংস্কৃতি	2
তবে	পরবর্তী	2
পরবর্তী	সময়ে	2
১৭৯১	সালে	2
সালে	তা	2
সেসময়	তিনি	2
১৯২১	সালের	2
তাই	তাঁর	2
কখনো	কখনো	2
তাজুল	ইসলাম	2
বাংলাদেশের	একজন	2
নির্দেশ	দেন	2
নেওয়া	হয়	2
২০০১	সাল	2
বছর	মেয়াদী	2
কবি	ও	2
দেবেন্দ্রনাথ	দত্ত	2
স্নাতক	ডিগ্রি	2
করে	প্রথমে	2
বন	বিভাগের	2
স্বাধীনতার	পর	2
পাকিস্তান	সরকার	2
ও	শিক্ষা	2
বিকাশের	জন্য	2
তার	দেহ	2
থেকে	স্নাতক	2
স্নাতক	সম্মান	2
হিসেবে	ধরা	2
ব্যবসা	করতেন	2
আজওয়ান	সালেহ	2
বেশি	ম্যাচ	2
ম্যাচ	খেলা	2
হয়েছেন	তিনি	2
ব্যাপক	পরিচিতি	2
এই	বৃক্ষকে	2
বান্দরবান	সদর	2
সদর	উপজেলার	2
সালের	মার্চে	2
কাছে	নিয়ে	2
কিছু	কারণে	2
১৯৭৪	সালে	2
সঙ্গীতধর্মী	বা	2
বা	হাস্যরসাত্মক	2
জন	মানুষ	2
মোট	৬টি	2
কারাদণ্ড	প্রদান	2
ঢাকা	জেলার	2
সদর	থেকে	2
নাটকে	অভিনয়	2
অভিনেত্রী	বিভাগে	2
টনি	পুরস্কার	2
এই	নাটকের	2
এবং	চলচ্চিত্র	2
আইভরি	কোস্টে	2
কমান্ডার	হিসেবে	2
মাধ্যমিক	শিক্ষার	2
প্রধান	এবং	2
এবং	বাংলাদেশ	2
আওয়ামী	লীগের	2
ক্ষতিগ্রস্ত	হয়	2
বল	মোকাবেলা	2
ভারত	নেপাল	2
অব্যাহত	থাকে	2
অবস্থান	করেছিলেন	2
নাটক	ও	2
তার	স্বামীর	2
জন্ম	অজানা	2
যুদ্ধের	একজন	2
একজন	বীর	2
বীর	মুক্তিযোদ্ধা	2
পৃথক	পৃথক	2
পৃথক	জেলায়	2
জেলায়	উন্নীত	2
পাওয়াই	হ্রদের	2
মনসুর	আলী	2
বাস	করেন	2
বিভিন্ন	পর্যায়ে	2
রোমের	পতনের	2
পতনের	পর	2
অনেকগুলি	রাজবংশ	2
শাসন	করে	2
সামরিক	বাহিনী	2
১৯২০	এর	2
এই	তালিকাটি	2
এনায়েত	খানের	2
অত্যন্ত	গুরুত্বপূর্ণ	2
১৯৯০	সালে	2
দক্ষিণ	ভূর্ষি	2
হিসেবে	পরিচিতি	2
পুরস্কার	জয়লাভ	2
চা	উৎসব	2
দশাবতার	তাস	2
তার	রচিত	2
সন্তোষ	গুপ্ত	2
গুপ্ত	এবং	2
তাঁর	মা	2
৫	জানুয়ারি	2
বসবাস	করেন	2
যখন	একটি	2
নিশ্চিত	হন	2
হন	যে	2
বিবরণ	প্রদান	2
অংশ	হিসেবে	2
সালে	থেকে	2
এই	বিমানবন্দরের	2
বিতর্কের	সৃষ্টি	2
সাধারণ	অর্থে	2
তারিখে	অনুষ্ঠিত	2
সংসদ	নির্বাচনে	2
ডাকনামে	পরিচিত	2
অবস্থান	নিলেন	2
নির্যাতন	শুরু	2
আন্তর্জাতিক	বিমান	2
বিমান	বন্দরে	2
করে	আরও	2
জন	আহত	2
পূর্ব	পর্যন্ত	2
পর	সে	2
তার	স্ত্রীকে	2
তরুণ	ক্রিকেটারদেরকে	2
লেখক	এবং	2
প্রদেশ	ও	2
জেলা	এবং	2
এবং	দক্ষিণে	2
ঘিরে	রেখেছে	2
রাজা	ছিলেন	2
নিহত	হওয়ার	2
প্রসার	ঘটে	2
কাজ	এবং	2
এবং	একসময়	2
বিরুদ্ধে	বিদ্রোহ	2
রিপন	কলেজে	2
আইন	বিষয়ে	2
সাথে	বিবাহ	2
পথে	চালিত	2
কাছে	তাঁর	2
দুই	বন্ধু	2
তার	মৃত্যুর	2
সীমিত	নয়	2
একটি	শেল	2
যা	তাঁর	2
তাঁর	খেলোয়াড়ী	2
সেরা	বোলিং	2
তথ্যের	উপর	2
স্থলাভিষিক্ত	হন	2
সালের	সাধারণ	2
চলচ্চিত্রে	অভিনয়ের	2
অভিনেতার	পুরস্কার	2
প্রত্যাহার	করা	2
এবং	অন্য	2
১৯৩৪	সালের	2
তার	রাজনৈতিক	2
সিলেট	অঞ্চলে	2
প্রখ্যাত	আইনবিদ	2
পরিচালনার	জন্য	2
আবদুল্লাহ	আল	2
বিশিষ্ট	একটি	2
একটি	পরিচালনা	2
স্থায়ী	দূতাবাস	2
সংগ্রহ	করার	2
প্রবণতা	লক্ষ্য	2
খ্রিস্টাব্দে	প্রকাশিত	2
সরফরাজ	খান	2
এ	সময়ই	2
আক্রমণ	করেন	2
সম্পন্ন	হয়	2
প্রথম	শ্রেণীর	2
শ্রেণীর	ক্রিকেট	2
স্কুল	ও	2
ও	কলেজ	2
১৯৯৮	সালের	2
একেবারে	প্রথম	2
পাঠদান	করা	2
১৯৮৯	সালের	2
প্রমাণ	করে	2
তার	সঙ্গে	2
ধরিত্রী	দিবসের	2
নৌকা	দুটি	2
স্নান	করিয়ে	2
অন্য	দুই	2
তথ্য	সংগ্রহ	2
যে	তা	2
চিহ্নিত	করা	2
ক্রিকেটে	সারে	2
চন্দ্র	রায়	2
অবসান	ঘটে	2
ডিপার্টমেন্ট	অব	2
সরকার	তাঁকে	2
সালে	একুশে	2
পুরস্কারে	ভূষিত	2
মায়ানমারে	রোহিঙ্গাদের	2
রোহিঙ্গাদের	বিরুদ্ধে	2
অনুষ্ঠিত	আইসিসি	2
নভেম্বর	২০১১	2
১০০টির	বেশি	2
রাখে	এবং	2
যৌন	মিলনে	2
মুসলিম	পরিবারে	2
ও	কনে	2
মীর	কাসিমের	2
রাজধানী	শহর	2
পরিবর্তন	করে	2
মধুমতি	বাংলাদেশ	2
১৯৯৮	এর	2
বেলা	চাও	2
ধারালো	অস্ত্র	2
রোডে	অবস্থিত	2
একটি	ঐতিহ্যবাহী	2
১৯৬৮	সাল	2
থেকে	আবৃত্তি	2
সিফ	এবং	2
আমেরিকান	লেখক	2
১৯১০	সালের	2
উসমানীয়	সামরিক	2
অন্যতম	ছিলেন	2
কেচুয়া	ও	2
ও	সাথে	2
এল	সালভাদোর	2
এবং	পশ্চিম	2
কেন্দ্রীয়	চরিত্রে	2
মধ্যে	সর্বোচ্চ	2
আয়কারী	চলচ্চিত্র	2
বিমানবন্দর	থেকে	2
পরিচালিত	হয়	2
হয়	ভারতের	2
যা	বর্তমান	2
ধারণ	করেন	2
তিনি	প্রুশিয়ার	2
তিনি	তা	2
প্রায়	২৫০০	2
২৫০০	বছর	2
অন্যতম	বড়	2
বড়	জাতি	2
রেল	ও	2
করে	নিয়েছেন	2
বৃত্তি	নিয়ে	2
১৯২৩	সালে	2
ও	সেবা	2
গড়ে	তোলেন	2
জেড	এইচ	2
এইচ	সিকদার	2
সিকদার	বিজ্ঞান	2
প্রযুক্তি	বিশ্ববিদ্যালয়	2
১৯৯৬	থেকে	2
সড়ক	প্রধান	2
প্রধান	যোগাযোগ	2
মাধ্যম	সিএনজি	2
সিএনজি	চালিত	2
চালিত	অটোরিক্সা	2
হন	যা	2
তাঁর	ভাতৃ	2
ওশেনোগ্রাফিক	কমিশন	2
একটি	রাজকীয়	2
বলে	গণ্য	2
প্রবাহিত	হয়ে	2
প্রবেশ	করেছে	2
এই	রোগে	2
বিরুদ্ধে	অ্যান্টিবডি	2
অ্যান্টিবডি	তৈরি	2
দেশের	প্রত্যন্ত	2
আহমেদ	চৌধুরী	2
মিল	রয়েছে	2
তিনি	পশ্চিম	2
পশ্চিম	অস্ট্রেলিয়ার	2
ও	পরবর্তীকালে	2
দশকের	শেষের	2
স্কুলে	পড়াশোনা	2
ব্যক্তি	হিসেবে	2
টেস্ট	ক্রিকেটে	2
হ্যাট্রিক	করেন	2
মধ্যে	আছে	2
দাতব্য	উদ্দেশ্যে	2
অনুষ্ঠিত	সিরিজের	2
দ্বিতীয়	টেস্টে	2
বোলিং	পরিসংখ্যান	2
আজম	খান	2
এবং	নানা	2
দ্বিতীয়বারের	মতো	2
একজন	পাকিস্তানী	2
সড়কের	সাথে	2
সাথে	সংযুক্ত	2
ইউএস	১২	2
১৯৬০	সালের	2
সময়	ভ্রমণ	2
বিজ্ঞান	কল্পকাহিনী	2
তিনি	নিজেকে	2
ব্লাউজের	প্রচলন	2
সাপ	ধরে	2
আগস্ট	মাসে	2
এক	বিশেষ	2
সালে	আবার	2
এই	কমিটি	2
১৯৯২	সালে	2
গোলাম	আযমের	2
বাস	ছিল	2
তার	অনেক	2
ও	ইংরেজি	2
এর	অংশ	2
সাথে	তুলনীয়	2
রয়েছে	যারা	2
অংশে	পরিণত	2
মুক্তিযোদ্ধারা	অবস্থান	2
খেলা	থেকে	2
ইন্ডিজ	দল	2
আরও	শক্তিশালী	2
এবং	চ্যাম্পিয়ন্স	2
তৈরি	এবং	2
গানটি	পরিবেশন	2
এক	রমণীর	2
রমণীর	পাণিগ্রহণ	2
পাণিগ্রহণ	করেন	2
কাজী	মোরশেদুল	2
পাকিস্তানি	সেনাদের	2
রাষ্ট্রীয়	হস্তক্ষেপ	2
হস্তক্ষেপ	ছিল	2
সাথে	আলোচনা	2
হাজেরার	সাথে	2
শাহ	শুরির	2
পুত্র	এবং	2
এবং	মাতা	2
জন্য	কেন্দ্রীয়	2
তিনি	পাঞ্জাবের	2
দায়িত্বও	পালন	2
দাতব্য	সংস্থার	2
সর্ব	উত্তরের	2
তিনিই	প্রথম	2
উপলব্ধি	করেন	2
কপিরাইট	মুক্ত	2
অফ	আর্টস	2
চিঠি	ও	2
প্রথম	উপন্যাস	2
দৃশ্যগত	এলাকা	2
গবেষণা	ইনস্টিটিউট	2
এ	চা	2
আন্তর্জাতিক	ক্রিকেটে	2
আত্মপ্রকাশ	করেন	2
শক্তি	হিসেবে	2
পক্ষে	খেলেছেন	2
সৈন্যরা	অসংখ্য	2
সালে	তাকে	2
শব্দ	থেকে	2
নিউ	সাউথ	2
বাস	করতেন	2
প্রমাণিত	হয়েছে	2
হলি	গ্রেইল	2
গ্রেইল	সম্পর্কিত	2
লুকায়িত	তথ্যাদি	2
উঠে	এসেছে	2
প্রশংসা	অর্জন	2
ভারতীয়	বংশোদ্ভূত	2
নিয়ে	যাত্রা	2
সালে	ভারতীয়	2
বিশ্ববিদ্যালয়	মঞ্জুরি	2
জেলার	সদর	2
এই	যন্ত্রের	2
করার	উদ্দেশ্যে	2
পূর্ব	পাকিস্তানের	2
২৭	জানুয়ারি	2
কনেপক্ষের	মধ্যে	2
তাঁর	পিতা	2
ও	মাতা	2
সালের	নভেম্বরে	2
আম্পায়ার	হিসেবে	2
ছবি	দেখতে	2
হিসেবে	উঠে	2
উঠে	আসেন	2
মুক্তি	পাওয়া	2
হিন্দি	চলচ্চিত্র	2
চলচ্চিত্র	যেটি	2
জমি	ফিরিয়ে	2
দ্বিতীয়	বৃহত্তম	2
বন্দর	যা	2
গ্রন্থ	প্রকাশ	2
সম্ভব	হয়েছে	2
দূরে	সরে	2
গোলাকার	ইঁটের	2
তার	পারিবারিক	2
কমিটি	অব	2
অব	ইউনিয়ন	2
ইউনিয়ন	এন্ড	2
১৮১৪	সালে	2
হলে	তিনি	2
আবির্ভাব	ঘটে	2
রক্ষা	করে	2
১৭শ	শতকে	2
প্রথম	রাষ্ট্রপতি	2
একটি	কালো	2
নীচ	থেকে	2
উপর	পর্যন্ত	2
পর্যন্ত	বিস্তৃত	2
পরিদর্শন	করেন	2
যা	মূলত	2
২০১৬	সালের	2
মুক্তিযোদ্ধাদের	অস্ত্রের	2
মধ্যে	প্রথম	2
বারবার	ছোবল	2
প্রাচীন	নাম	2
তাঁর	পরিবারকে	2
অনুমতি	প্রদান	2
বাংলাদেশের	প্রথম	2
হেভি	মেটাল	2
ভূত	ভবিষ্যৎ	2
শতকের	এক	2
ব্রাহ্মণবাড়িয়া	জেলার	2
উপজেলায়	অবস্থিত	2
অবস্থিত	বাংলাদেশের	2
মুক্তিযুদ্ধ	শুরু	2
তিনি	সীতাকে	2
উত্তেজনার	সৃষ্টি	2
প্রবর্তন	করেন	2
এবং	সমগ্র	2
কমিউনিস্ট	পার্টির	2
বোন	এবং	2
এবং	তাঁরা	2
নির্ণয়	করা	2
জন্য	উন্মুক্ত	2
তার	মাধ্যমিক	2
সম্পর্কের	ক্ষেত্রে	2
মিলিয়নেরও	বেশি	2
কিছু	ক্ষেত্রে	2
ধারাবাহিকে	অভিনয়	2
একটি	গোল্ডেন	2
স্পিন	হলো	2
মুহাম্মদ	টাকি	2
কোন	উল্লেখ	2
উল্লেখ	নেই	2
লিমিটেড	এর	2
যে	যখন	2
রাজা	দশরথ	2
ছাড়াও	তিনি	2
ও	কীবোর্ড	2
যাত্রা	করেন	2
তিনি	২০০৮	2
লাভের	জন্য	2
হিসেবে	আখ্যায়িত	2
যুদ্ধের	অবসান	2
প্রভৃতি	মিষ্টি	2
মিলনান্তক	সমাপ্তি	2
বাংলাদেশের	সাথে	2
গড়ে	তোলার	2
অবশ্য	রোম্যান্স	2
তিনি	খুব	2
ডিগ্রী	ঘূর্ণন	2
একটি	বৃহৎ	2
সরকারের	বিরুদ্ধে	2
হাতে	তুলে	2
উদ্দেশ্য	হচ্ছে	2
অর্থ	কিংবা	2
নারী	তার	2
বিবাহিত	পুরুষ	2
থাকে	যাতে	2
সেন্ট	জোসেফ	2
সিলেট	অঞ্চলের	2
তথ্য	ও	2
চাহিদা	ও	2
রিয়াল	মাদ্রিদের	2
নামকরনের	জন্য	2
প্রচলন	শুরু	2
এসেছে	এবং	2
তিনি	মার্কিন	2
প্রকৌশল	বিষয়ে	2
ইউয়ান	হং	2
ওয়াং	হান	2
চা	শিল্পের	2
উন্নয়নে	অবদান	2
অবদান	রেখেছে	2
শান্তি	কামনা	2
পাকিস্তান	সেনাদের	2
স্নাতক	পাস	2
কোর্স	চালু	2
তৃণমূল	কংগ্রেস	2
ঘটে	এবং	2
প্রতিষ্ঠান	ছিল	2
ও	আমেরিকার	2
কয়েক	ডজন	2
লিয়াকত	আলী	2
আলী	খান	2
পালন	করেছেন	2
পাতার	রস	2
গান	রয়েছে	2
হৃদয়	খান	2
অনুপম	রায়	2
তিনি	ক্লাব	2
পাতার	নীচের	2
নীচের	পিঠে	2
গবেষণার	জন্য	2
জন্য	রাখা	2
কোড	স্মেল	2
দেয়	এবং	2
বা	নতুন	2
ইউনিয়নের	প্রশাসনিক	2
প্রশাসনিক	কার্যক্রম	2
থানার	আওতাধীন	2
মাধ্যমিক	ও	2
এর	অধীনে	2
ভিত্তি	করেই	2
১৯৬৪	সালের	2
সালের	আগে	2
জড়িত	থাকার	2
সালে	সমুদ্রে	2
তাঁর	কন্যা	2
কুহালং	ইউনিয়নের	2
ইউনিয়নের	প্রধান	2
প্রধান	হল	2
ভাগে	ভাগ	2
ভাগ	করার	2
ও	প্রায়	2
জে	ব্ল্যাকের	2
দাহ্য	বাতাস	2
যুদ্ধে	অংশগ্রহণ	2
প্লাঙ্কেট	শীল্ডের	2
প্রতিযোগিতার	শিরোপা	2
শিরোপা	জয়লাভ	2
উপজেলার	আওতাধীন	2
আন্দোলন	এবং	2
এবং	১৯৭১	2
স্কুলের	শিক্ষক	2
এবং	১৯৫২	2
একটি	উন্নত	2
জীবনে	যেমন	2
তখন	তাঁর	2
১৯২৮	সালে	2
ওয়াল্ট	ডিজনি	2
হল	ও	2
সবুজ	মাম্বা	2
যতক্ষণ	না	2
প্রস্তুতি	নিতে	2
১৮৯৫	সালের	2
জয়	করেন	2
অলংকার	তৈরিতে	2
ও	পশ্চিমবঙ্গের	2
মাটি	ও	2
একটি	স্কুল	2
ক্রিকেট	ক্লাব	2
অংশ	নেয়	2
কিন্তু	কাহিনীর	2
উদ্ধার	করেন	2
উপার্জনের	চেষ্টা	2
সহযোদ্ধাদের	নিয়ে	2
নিয়ে	সাহসিকতার	2
কেন্দ্র	করেই	2
উদযাপন	করা	2
হাসান	সালামা	2
সেনা	নিয়ে	2
কিন্তু	মুক্তি	2
তাঁর	সেনাপতি	2
খাঁ	ও	2
চট্টগ্রাম	ও	2
মনোরোগ	বিশেষজ্ঞ	2
পটুয়াখালী	জেলার	2
জেলার	কলাপাড়া	2
কলাপাড়া	উপজেলার	2
সাথে	মিলিত	2
মিলিত	হয়েছে	2
হয়েছিল	যা	2
একটি	কেন্দ্রীয়	2
কমিটি	গঠন	2
দলের	সদস্য	2
ভারতের	জাতীয়	2
পশ্চিমবঙ্গের	একটি	2
অধ্যয়ন	করতে	2
অধ্যয়ন	শুরু	2
পালিত	হয়	2
সুযোগ	নিয়ে	2
দ্বিতীয়	ইনিংসে	2
পান	তিনি	2
কর্পোরেশনের	একটি	2
১লা	জুলাই	2
ও	পূর্ব	2
বিশ্বের	সর্ববৃহৎ	2
হিসেবে	স্বীকৃত	2
বলে	বিবেচনা	2
অন্তর্গত	মীরসরাই	2
মীরসরাই	উপজেলার	2
সংস্পর্শে	আসেন	2
ক্যাবল	দিয়ে	2
শ্রীলঙ্কা	ক্রিকেট	2
দলে	খেলার	2
ঘরোয়া	ক্রিকেটে	2
সিংহলীজ	স্পোর্টস	2
ক্লাবের	পক্ষে	2
জাতীয়	ক্রিকেট	2
ও	তিন	2
ফিফা	বিশ্বকাপের	2
দ্বিতীয়	সর্বোচ্চ	2
সর্বোচ্চ	বেসামরিক	2
একুশে	পদকে	2
ফুল	ধরে	2
কবলে	পড়ে	2
হলুদের	অনুষ্ঠানে	2
এবং	ভারতের	2
অংশগ্রহন	করেন	2
এই	অডিও	2
শতকে	এসেই	2
অন্তর্ভুক্ত	ছিল	2
গ্রহে	জীবন	2
মুখোমুখি	হবে	2
উল্লেখযোগ্য	অবদান	2
অবদান	রাখেন	2
যা	একটি	2
১৯৯৫	সালে	2
সিনেমায়	তার	2
তার	ভূমিকার	2
ভূমিকার	জন্য	2
জন্য	ফিল্মফেয়ার	2
ফিল্মফেয়ার	শ্রেষ্ঠ	2
পুরস্কার	জন্য	2
ও	২০১১	2
না	হওয়ায়	2
দলের	প্রধান	2
কন্ট্রোল	টাওয়ার	2
প্যান	অ্যামের	2
সরকার	তাকে	2
ভারতের	সর্বোচ্চ	2
তৎকালীন	রাষ্ট্রপতি	2
কারণ	ছিল	2
ও	পশ্চিম	2
পশ্চিম	সীমান্ত	2
সীমান্ত	দিয়ে	2
বিশ্বের	বেশিরভাগ	2
রবিবার	হলো	2
তবে	বেশিরভাগ	2
আর্মেনীয়	গণহত্যা	2
হত্যা	করার	2
সংঘটিত	করে	2
ব্রহ্মানন্দ	কেশবচন্দ্র	2
ও	স্ত্রীশিক্ষার	2
দুটি	প্রধান	2
পরের	বছরের	2
গুলো	অবশ্যই	2
ফেসের	ফেস	2
স্বাধীনতা	ঘোষণা	2
সৃষ্টি	এবং	2
কাজে	নিয়োজিত	2
নিয়োজিত	করেন	2
আফ্রিকার	বিপক্ষে	2
ইংল্যান্ডের	পক্ষে	2
পক্ষে	খেলেন	2
বলতে	শরীরের	2
শরীরের	কোন	2
কোন	অংশকে	2
সাধন	করেন	2
মাঝে	বিদ্যমান	2
বিদ্যমান	দ্বিপাক্ষিক	2
দ্বিপাক্ষিক	সম্পর্ককে	2
সম্পর্ককে	নির্দেশ	2
১৬	বছর	2
শতাব্দীর	শুরুতে	2
বিশ্লেষণ	করে	2
১৯০৬	সালে	2
স্কুল	থেকে	2
সৃষ্টি	করেছিল	2
বিশ্ববিদ্যালয়ের	অধ্যাপক	2
অধ্যাপক	ও	2
সংবিধান	অনুযায়ী	2
বোলিং	করতেন	2
পেছন	দিকে	2
ও	প্রযোজনা	2
প্রযোজনা	করেন	2
এবং	এতে	2
১৯২৫	সালে	2
ক্যাপ্টেন	ডাক্তার	2
ডাক্তার	নরেন্দ্রনাথ	2
বাংলা	স্কুলে	2
তাঁর	নিজস্ব	2
ধরা	পড়ে	2
সালের	ক্রিকেট	2
২০০১	সালের	2
সালের	জাতীয়	2
আসন	থেকে	2
জাতীয়	কংগ্রেসের	2
রজনীকান্ত	সরকার	2
আক্রমণের	মুখে	2
কয়েক	হাজার	2
২২	এপ্রিল	2
এপ্রিল	১৯৩০	2
সরকারী	কলেজ	2
সৌদি	আরবের	2
জিবুতি	ইরিত্রিয়া	2
এটি	প্রায়	2
চলচ্চিত্রের	জন্য	2
স্থান	হিসেবে	2
একটি	সরকারী	2
ও	বলেন	2
মধ্যে	এই	2
ইলিশের	নাম	2
তিনি	বাংলা	2
কেন্দ্রীয়	কমিটির	2
সপ্তাহ	পরে	2
একটি	ইংরেজি	2
এবং	রাজশাহী	2
রাজশাহী	বিশ্ববিদ্যালয়	2
ডিগ্রী	অর্জন	2
এই	খেলার	2
খেলার	প্রথম	2
গঠন	ও	2
এই	সিদ্ধান্তে	2
একই	সময়ে	2
সক্রিয়	ভূমিকা	2
হৃদরোগে	আক্রান্ত	2
আক্রান্ত	হন	2
কম	বিষাক্ত	2
সাথে	পৃথিবীর	2
যেখানে	তার	2
বাংলাদেশের	২০১২	2
সালের	বন্যপ্রাণী	2
বন্যপ্রাণী	সংরক্ষণ	2
এ	প্রজাতিটি	2
প্রজাতিটি	সংরক্ষিত	2
প্রভূত	জনপ্রিয়তা	2
প্রধান	চরিত্র	2
সনাতন	হিন্দু	2
হিন্দু	আইনে	2
অভিযোগ	আনা	2
এদের	সংখ্যা	2
প্রায়	২৫	2
ট্রেন	চালক	2
এশিয়ার	প্রথম	2
পাখি	দেখা	2
গাংনী	উপজেলা	2
উপজেলা	ও	2
সালের	ফেব্রুয়ারিতে	2
ও	রেল	2
তিনি	কলকাতার	2
কমিটির	একজন	2
মুহাম্মদ	আলী	2
পৃথিবী	থেকে	2
প্রথম	বলেই	2
বিদায়	নিতে	2
নিহত	ও	2
সিঙ্গল	টাইটেল	2
১৯৪০	সালে	2
ধরে	এবং	2
বিষ	ও	2
রাখতে	হয়	2
স্পেনীয়	আমেরিকান	2
হিসেবে	যোগ	2
যে	তাঁরা	2
স্বল্প	ব্যবধানে	2
চূড়ান্ত	পর্যায়ে	2
ইস্ট	বেঙ্গল	2
নিযুক্ত	হন	2
কিলোমিটার	দীর্ঘ	2
অঞ্চলে	অবস্থিত	2
নকশা	বা	2
এর	তত্ত্বাবধানে	2
সৃষ্টি	হয়েছিল	2
জন্য	শ্রেষ্ঠ	2
শ্রেষ্ঠ	অভিনেতা	2
এবং	২০১১	2
একাডেমি	পুরস্কারের	2
যুক্ত	করবেন	2
সালে	রচিত	2
পামেলা	অর	2
অর	ভার্চু	2
ভার্চু	রিওয়ার্ডেড	2
প্রথম	যুগের	2
যুগের	রোম্যান্স	2
১৯১৫	সালে	2
মুক্ত	বাজার	2
অবাধ	নীতি	2
এই	পদে	2
কোনও	কোনও	2
সালের	পর	2
যুক্তরাষ্ট্র	থেকে	2
থেকে	প্রকাশিত	2
ধারণ	করতে	2
হিসেবে	যোগদান	2
হয়	যেখানে	2
একই	বছরে	2
উদ্দেশ্য	করে	2
কনের	বাড়িতে	2
রেলপথে	যুক্ত	2
বিকাশ	ও	2
বর্তমান	সভাপতির	2
ত্রিখন্ডিত	করা	2
শিশু	নির্যাতন	2
নির্যাতন	দমন	2
দমন	আইন	2
আইন	২০০০	2
কাজে	লাগিয়ে	2
এবং	বর্তমানে	2
দেয়	যে	2
দুই	দেশেই	2
চৌধুরী	এবং	2
নিয়ন্ত্রণ	ব্যবস্থা	2
শুরু	হতে	2
কম	গুরুত্বপূর্ণ	2
পালিয়ে	যায়	2
একটি	গবেষণা	2
এবং	নদীর	2
ম্যানচেস্টার	ইউনাইটেডের	2
রান	তুলেছিলেন	2
মধু	সংগ্রহের	2
জন্য	সবচেয়ে	2
থমাস	কুক	2
অধীনস্থ	একটি	2
ইত্যাদির	সাথে	2
প্রতিনিধি	এবং	2
জড়ো	হন	2
একমত	পোষণ	2
এর	অপর	2
এর	নামকরণ	2
সম্ভাবনা	থাকে	2
সরকার	তাদের	2
তিমুর	শাহ	2
প্রথম	বিশ্বযুদ্ধ	2
এই	বাক্যাংশটি	2
কম	ছিল	2
সংসদ	কর্তৃক	2
কর্তৃক	শাসিত	2
শাসিত	সরকার	2
মধ্য	আমেরিকার	2
তার	আশেপাশে	2
পৃথিবীর	বিভিন্ন	2
মূল	ভূমিকায়	2
ভাসানী	ট্রাস্ট	2
বর্ষপঞ্জী	অনুসারে	2
অনুষ্ঠিত	ফিফা	2
পায়	ও	2
ব্যাটিং	করে	2
খেলতে	নেমে	2
নমুনা	সংগ্রহ	2
১৯৮৬	সালের	2
যজ্ঞ	শুরু	2
এবং	কিভাবে	2
আসতে	থাকে	2
হয়	একই	2
যারা	আরো	2
করতে	পারত	2
ভারত	এবং	2
খেমার	রুজ	2
সঙ্গীত	পরিচালক	2
চট্টগ্রাম	অস্ত্রাগার	2
সুযোগ	না	2
ক্ষমতায়	এসে	2
টিকে	থাকার	2
থাকার	পর	2
পর	এর	2
এবং	নিজের	2
ব্যক্তিগত	অপরাধ	2
দায়ী	করা	2
প্রয়োগ	করে	2
অবিভক্ত	বাংলার	2
নাম	ও	2
১৯৭৯	সালে	2
ও	১৯৮০	2
জানান	যে	2
জন্য	ব্যবহৃত	2
তেজগাঁও	বিমানবন্দরটি	2
এটি	ব্যবহার	2
মিলিয়ন	টন	2
টন	কার্গো	2
কার্গো	পরিবহন	2
পরিবহন	করে	2
বর্তমান	ও	2
সেই	বছরের	2
কূটনৈতিক	সম্পর্ক	2
স্থাপিত	হয়	2
কালোগ্রীব	খরগোশ	2
চালক	হিসাবে	2
ট্রেন	পরিচালনা	2
অভ্যর্থনা	জানান	2
আহমেদ	চৌধুরীর	2
ছিলেন	কিন্তু	2
সৈন্যরা	শহরটিতে	2
হলুদ	রঙের	2
ক্লাবের	জন্য	2
সংখ্যার	দিক	2
বন্দরটির	সঙ্গে	2
২৯	অক্টোবর	2
মাছ	বেশি	2
সালের	৩০	2
৩০	আগস্ট	2
সালে	প্রকাশিত	2
ইতিহাসের	প্রথম	2
উপজেলা	সদর	2
পরিত্যাগ	করে	2
সিদ্ধান্ত	নেন	2
দক্ষিণ	আফ্রিকায়	2
এবং	এসব	2
এটি	মার্কিন	2
কমে	যাওয়া	2
যাওয়া	পর্যন্ত	2
নেতৃত্বে	একদল	2
২৪	মে	2
উপর	নির্ভরশীল	2
পুলিশ	মারা	2
শ্রেষ্ঠ	পার্শ্ব	2
পার্শ্ব	অভিনেতা	2
১৯২২	সালে	2
আবদুল	মজিদ	2
এগারো	বছর	2
পরাস্ত	করে	2
পরিলক্ষিত	হয়েছে	2
হয়েছে	যা	2
বেশি	শক্তিশালী	2
এবং	তিনটি	2
এক্সপ্রেস	ট্রেনের	2
হাজেরা	ও	2
এ	চলচ্চিত্রে	2
আরম্ভ	করে	2
থেকে	তৈরি	2
করে	পাঠানো	2
স্থান	অধিকার	2
ভারতের	বিপক্ষে	2
ইনিংস	ছিল	2
ঘোষণা	করার	2
এবং	সরকারের	2
গম্বুজ	নগর	2
এ	মাছ	2
এর	যৌথ	2
সমসাময়িক	রোম্যান্স	2
হিসেবে	চিহ্নিত	2
চিহ্নিত	করে	2
বিভাগ	চালু	2
অবরোধের	মুখে	2
মুখে	পড়ে	2
এশিয়া	এবং	2
বাংলাদেশের	রাজশাহী	2
এই	রাউন্ড	2
৬	টি	2
ভারতীয়	গণনাট্য	2
তে	যোগ	2
দেন	ও	2
লিটল	থিয়েটার	2
জগদীশ	চন্দ্র	2
থেকে	পুনরায়	2
এর	প্রতিষ্ঠা	2
তিনি	বার্সেলোনার	2
নোবেল	বিজয়ী	2
বৃদ্ধি	পেয়েছে	2
দ্বারা	প্রভাবিত	2
প্রতিনিধিত্ব	করতেন	2
থেকেই	তার	2
দিয়ে	নির্মিত	2
শুরু	হয়েছিল	2
১৯৭৫	সালে	2
যেখানে	একটি	2
সদস্যদের	ক্রম	2
১৯শ	শতকে	2
১৯৬৩	সালে	2
সালে	তৎকালীন	2
ব্রিটিশ	সরকার	2
উত্তর	কলকাতার	2
নামের	নর্স	2
জন্মগ্রহণ	করলেও	2
উভয়	দিক	2
একটি	সংরক্ষিত	2
বিভিন্ন	সময়	2
বাহিনী	নিয়ে	2
তাকে	একটি	2
উপাধি	পান	2
পান	এবং	2
সালের	ডিসেম্বরে	2
হয়	২০০৪	2
সুরাট	থেকে	2
মৌসুমে	সফরকারী	2
অস্ট্রেলিয়ার	বিপক্ষে	2
আইন	অনুসারে	2
পুরুষ	তার	2
৫	নভেম্বর	2
পশ্চিম	তীরে	2
থেকে	বোঝা	2
সাধারণ	অন্তরক	2
সমীকরণ	এর	2
এর	সমাধানে	2
সমাধানে	ধ্রুুুুবক	2
একটি	স্ক্রিন	2
হিসেবে	পরিগণিত	2
চিকেন	টিক্কা	2
পত্রিকার	গঠনপ্রণালী	2
তার	নিজের	2
ঢাকা	শহরের	2
সুপারফিশিয়াল	এবং	2
লাইফ	ওকে	2
এর	উৎপত্তি	2
বর্তমানে	সকল	2
বিদ্যালয়	এবং	2
এবং	জাতীয়	2
দিল্লি	ও	2
তারুয়া	সমুদ্র	2
ডাটা	সার্ভিস	2
সেবা	প্রদান	2
ধর্ষিত	হন	2
সময়	তাঁকে	2
সালের	১৫	2
তিনি	খাদ্য	2
হয়ে	ওঠেন	2
থেকে	মুক্ত	2
কলেজে	ভর্তি	2
তাই	একে	2
রান	তুলে	2
পুরুলিয়া	জেলার	2
মাঝে	অবস্থিত	2
পূর্ব	দিকে	2
দিকে	প্রবাহিত	2
জন্য	বার্ষিক	2
শিক্ষক	ও	2
বজায়	রাখতে	2
রাখতে	ও	2
প্রতি	আকৃষ্ট	2
যৌতুক	বা	2
বা	পণ	2
পরিচিত	হলেও	2
সদস্য	হিসেবে	2
সালের	আইসিসি	2
বিশ্ব	টুয়েন্টি২০	2
সুযোগ	পায়	2
সম্পন্ন	করতে	2
মূল	কারণ	2
সাথে	তাদের	2
৩	জুলাই	2
দ্য	প্রিন্স	2
পরে	এবং	2
এক	ব্যক্তিকে	2
তৎকালীন	সময়ে	2
অস্ট্রেলিয়া	ও	2
হারানোর	পর	2
আইসিসি	ক্রিকেট	2
পরিণত	হন	2
জয়	লাভ	2
এমনকি	তিনি	2
থাকতে	পারেনা	2
শক্তি	ব্যবহার	2
মধ্যে	ছিল	2
অর্থ	বিবাহের	2
বিবাহের	ক্ষেত্রে	2
ক্ষেত্রে	২১	2
২১	একুশ	2
একুশ	বৎসর	2
পূর্ণ	করেন	2
এবং	১৮	2
১৮	আঠারো	2
আঠারো	বৎসর	2
পূর্ণ	করিয়াছেন	2
করিয়াছেন	এমন	2
বিশেষ	এবং	2
১৯৯৬	সালের	2
বাংলাদেশ	বিমান	2
বিমান	বাহিনী	2
পরিচালনার	দায়িত্ব	2
গোটা	অঞ্চল	2
হিসেবে	ছিলেন	2
কারণ	হতে	2
ফেলে	দেয়	2
ধারণা	দেয়	2
উইকেট	লাভ	2
এই	কারনে	2
উৎসাহিত	করে	2
সময়ই	গণিতের	2
গণিতের	প্রতি	2
হয়ে	পড়েন	2
গবেষণা	ও	2
অধিবাসী	ছিল	2
জনগণের	কাছ	2
ডানহাতি	ব্যাটসম্যান	2
অফ	ব্রেক	2
ব্রেক	বোলার	2
বাংলাদেশের	হয়ে	2
ও	মা	2
নিহত	হয়	2
শুরু	হওয়া	2
নিয়ে	এসে	2
নারীকে	অপহরণ	2
ও	ধর্ষণ	2
ক্ষমতা	হস্তান্তর	2
হস্তান্তর	করেন	2
মেয়েদের	জন্য	2
শিক্ষার	মধ্যে	2
এয়ার	ডেকন	2
সন্ধান	পান	2
একদিকে	যেমন	2
ধারণ	করেছে	2
করেছে	তেমনি	2
সিনিয়র	কেমব্রিজ	2
কেমব্রিজ	বলতে	2
বলতে	বর্তমানের	2
আবদুর	রহমান	2
আফজাল	খানকে	2
সঙ্গে	পাকিস্তান	2
১৯৪৪	সালে	2
বর্তমানে	তিনি	2
সহযোদ্ধারা	তাঁকে	2
সিরিজে	অংশ	2
পাহাড়	থেকে	2
উল্লেখ	পাওয়া	2
এর	অবস্থান	2
ক্ষেত্রে	দেখা	2
সরকার	ও	2
এই	প্রতিষ্ঠানের	2
বিভিন্ন	সংস্কার	2
সংস্কার	ও	2
ডাবল	এজেন্ট	2
মিত্রপক্ষের	সামরিক	2
মিশনারিস	অফ	2
এই	সংস্থা	2
চালায়	এবং	2
এ	সফরে	2
সালে	দ্বিতীয়	2
সম্পন্ন	করার	2
বেরিয়ে	পড়তে	2
৫০	বছরের	2
এবং	তিন	2
থিয়েটার	গ্রুপ	2
করেন	১৯৫৮	2
তাঁর	ব্যক্তিগত	2
লাভ	করেছিলেন	2
মধ্যবর্তী	একটি	2
কাঠির	মাথায়	2
এক	টুকরো	2
বাংলাদেশের	বিয়েতে	2
তিনি	দুই	2
সুলতান	তার	2
শাসক	হিসেবে	2
পটভূমিতে	রচিত	2
ক্রিকেটে	অভিষেক	2
আদি	দেবতা	2
১৯৮৭	সালে	2
পাকিস্তান	ও	2
ও	শ্রীলঙ্কা	2
ও	বাংলাদেশের	2
ব্যাংক	এশিয়া	2
কথা	চিন্তা	2
প্রধান	প্রধান	2
স্বাধীনতা	সংগ্রামী	2
সন্তান	জন্ম	2
মাহিরা	খান	2
চলচ্চিত্র	শিল্পের	2
কাজের	মাধ্যমে	2
রফিকুল	ইসলাম	2
বিভাগের	অধ্যাপক	2
পদ্ধতির	সাথে	2
তার	সঙ্গীত	2
বাসা	করে	2
ও	হলুদ	2
আকৃষ্ট	করত	2
উচ্চগতির	রেল	2
ইন্দোনেশিয়া	এর	2
দ্বীপ	এর	2
একটি	উচ্চ	2
রাজবংশ	ও	2
জিন্নাহ	হোস্টেল	2
ফিনান্সিয়াল	ইনিস্টিটিউশন	2
হিসেবে	কার্যক্রম	2
পরিচালনা	করার	2
তাঁর	পরিবর্তে	2
তাপমাত্রা	বৃদ্ধি	2
অবস্থান	করতে	2
সামরিক	বাহিনীতে	2
কাজ	করতেন	2
প্রথম	দাতব্য	2
রবার্ট	ডাউনি	2
ডাউনি	জুনিয়র	2
প্রস্তাব	দেয়	2
সমন্বয়ে	গঠিত	2
সন্দীপ	দত্ত	2
উদ্দেশ্যে	একটি	2
এবং	পাকিস্তানি	2
তিনি	ও	2
একটি	সমঝোতা	2
সমঝোতা	স্মারক	2
স্মারক	সাক্ষরিত	2
সাক্ষরিত	হয়	2
স্পষ্ট	করে	2
বিয়ের	ক্ষেত্রে	2
সাধারণত	বিয়ের	2
বজায়	রাখে	2
করে	তাঁর	2
এবং	প্রথম	2
লক্ষ্যমাত্রা	ছিল	2
জো	স্মল	2
অন্যান্য	জনপ্রিয়	2
থেকে	প্রথম	2
তার	এক	2
নিয়ে	যাওয়ার	2
অযোধ্যায়	ফিরে	2
অরিজিৎ	সিং	2
ইনিংসে	তিনি	2
তিনি	মাত্র	2
বাকি	অংশ	2
ব্যাকট্রিয়	গ্রিক	2
১৯৪২	সালে	2
হত্যার	জন্য	2
পরিবর্তন	হয়েছে	2
সিনেমা	হল	2
সুবিধা	প্রদান	2
ম্যাসাচুসেট্‌স	ইনস্টিটিউট	2
ইনস্টিটিউট	অফ	2
অধ্যাপক	হিসেবে	2
শহীদ	মিনার	2
এবং	যে	2
এদের	প্রধান	2
সমাপ্ত	হয়	2
ছিল	কারণ	2
তৎকালীন	ব্রিটিশ	2
এই	রেল	2
থেকে	জাভা	2
নির্মাণ	করা	2
সেবা	এবং	2
তার	স্ত্রীর	2
সংযোজন	করা	2
লোকসভা	নির্বাচনে	2
পাস	করে	2
ক্রিকেট	থেকে	2
ও	২টি	2
আত্রাই	নদী	2
মিলে	যায়	2
হচ্ছেন	একজন	2
তাদের	পরাজিত	2
আবু	উবাইদাহ	2
মধ্যে	তার	2
কলেজ	ঢাকার	2
তা	হিগস	2
হিগস	বোসন	2
হিসাব	করার	2
বলা	হত	2
হত	একটি	2
গুলো	হচ্ছে	2
১৯৬২	সালে	2
সালে	মুক্তিপ্রাপ্ত	2
মসজিদ	এর	2
দিকে	অবস্থিত	2
দুটি	গুরুত্বপূর্ণ	2
অন্যতম	ছিল	2
সংকর	প্রজাতির	2
সফলতার	সাথে	2
অপহরণ	করে	2
এমন	ধারণা	2
১৬	আগস্ট	2
প্রশান্ত	মহাসাগরের	2
বিশ্ব	ঐতিহ্যবাহী	2
ঐতিহ্যবাহী	স্থানগুলির	2
এই	চলচ্চিত্রে	2
সূত্র	দ্বারা	2
তাকে	তার	2
১৯৬৫	সালে	2
ফ্রান্স	ও	2
আবিষ্কৃত	হয়েছে	2
আরব	রাষ্ট্রগুলো	2
ফিলিস্তিনে	ইহুদি	2
চলচ্চিত্রটি	পরিচালনা	2
সিদ্ধ	করা	2
ছানা	একটি	2
চলচ্চিত্রের	কাজ	2
স্থায়ী	কমিটির	2
বিশ্বাস	করতেন	2
সালে	ভারত	2
ত্যাগ	করতে	2
বাংলাদেশের	স্বাধীনতার	2
নেতা	ছিলেন	2
তিনি	বিশ্ববিদ্যালয়ে	2
এই	বিশ্ববিদ্যালয়	2
এক	সপ্তাহ	2
সাথে	চুক্তিবদ্ধ	2
১৯৭০	খ্রিস্টাব্দে	2
একটি	জেলা	2
ইউনিয়ন	উত্তরে	2
সালে	তাঁকে	2
একটি	বা	2
সালের	ডিসেম্বর	2
সালের	মার্চ	2
বহির্দেশে	বেড়ে	2
বেড়ে	ওঠা	2
চালু	রয়েছে	2
তখন	রসিককৃষ্ণ	2
রসিককৃষ্ণ	মল্লিক	2
প্রথম	শ্রেণীতে	2
অবস্থান	ও	2
অটোমান	সাম্রাজ্যের	2
ওপর	আক্রমণ	2
লাইভ	স্ট্রিমিং	2
স্ট্রিমিং	অ্যাপ	2
নতুন	রাজধানী	2
প্রায়	১০০	2
থেকে	তহবিল	2
প্রধান	শিক্ষক	2
বিভিন্ন	সূত্র	2
ষড়যন্ত্রের	কথা	2
ঢাকা	চট্টগ্রাম	2
বন্ধু	এবং	2
ভাইবোনের	মধ্যে	2
নির্মিত	হয়েছে	2
হিন্দু	আইনানুযায়ী	2
বরের	হাতে	2
মতে	তিনি	2
সংক্ষিপ্ত	সময়ের	2
খেলার	জগতে	2
ইলেকট্রিক	গিটারের	2
এই	আন্দোলন	2
জন্য	নির্মিত	2
আনন্দ	ও	2
বেশ	বড়	2
বড়	এবং	2
ব্যাখ্যা	করতে	2
পরিনত	হয়	2
তিনি	২০০৩	2
একটি	বিকল্প	2
২০	জন	2
ও	১৬টি	2
এসে	দাঁড়ালেন	2
কনেকে	নিয়ে	2
তা	করা	2
লোহানীর	আকাশ	2
আকাশ	আর	2
আর	মাটি	2
মহিউদ্দিনের	মাটির	2
মাটির	পাহাড়	2
সরকারি	উচ্চ	2
সমস্যার	সম্মুখীন	2
বিলম্বিত	ছিল	2
এছাড়া	তাকে	2
বাইরে	অবস্থান	2
মুক্ত	বাজারের	2
কেতকী	কুশারী	2
আত্মহত্যার	চেষ্টা	2
মাধ্যমে	এ	2
রচনা	করে	2
একটি	স্বতন্ত্র	2
আঁকা	ছবিতে	2
প্রকৃতি	ও	2
মহকুমার	অধুনা	2
পরিবর্তন	করতে	2
করে	তুলেছে	2
করে	যাচ্ছে	2
সে	সময়ের	2
সময়ের	হিসাবে	2
এ	ধরনের	2
এই	বন্দরের	2
এই	স্থানে	2
এবং	বাংলাদেশে	2
ও	উদ্ধার	2
ফ্রান্স	অঞ্চলটি	2
জন্য	প্রয়োজনীয়	2
এবং	ন্যাশনাল	2
এই	দেশের	2
এ	যোগদান	2
হয়ে	যাওয়ায়	2
ভূমিকায়	অভিনয়ের	2
সোভিয়েত	ইউনিয়নের	2
যে	জগতে	2
যাত্রা	করছে	2
শিলালিপি	আছে	2
যিনি	ভারতীয়	2
ও	জাতীয়	2
জনপ্রিয়তা	অর্জন	2
এটি	ব্যবহৃত	2
বিস্তার	করে	2
সংগ্রহ	নিয়ে	2
থাকে	কারণ	2
করা	হলেও	2
আরো	বিভিন্ন	2
ভাষার	প্রভাব	2
করতে	এবং	2
বছরের	শুরুতে	2
বলে	আসল	2
পাকিস্তানি	সেনাবাহিনীর	2
সাবেক	প্রধান	2
এবং	মালয়েশিয়ার	2
জন্ম	দিয়েছে	2
গৌতম	বুদ্ধের	2
পর	সেখানকার	2
ধারনা	করা	2
প্রস্তাব	করেন	2
থেকে	উত্তর	2
অর্থের	বিনিময়ে	2
রাজশাহী	কলেজের	2
ছাত্রদের	জন্য	2
দ্বারা	সমর্থিত	2
সালের	১৮	2
ও	ধনী	2
দল	অংশগ্রহণ	2
বিশ্ববিদ্যালয়ের	পক্ষে	2
প্রয়োগ	করা	2
নিয়ে	গবেষণা	2
ইউনিয়ন	ও	2
শব্দের	অর্থ	2
নির্দেশ	করতে	2
ও	পুরুষের	2
দেহাবসান	ঘটে	2
১৯৫০	সালের	2
১৯৯৭	সালে	2
অনুপ্রাণিত	হয়ে	2
১৯৩৪	সালে	2
খ্রিস্টাব্দ	থেকে	2
জগতে	প্রবেশ	2
স্কুল	এবং	2
একটি	শিক্ষা	2
বিশ্ববিদ্যালয়ের	অধীনে	2
এ	সময়ে	2
গণ্য	করে	2
টেলিভিশন	ফিল্ম	2
ফিল্ম	কিডাল্টহুড	2
প্রযোজনা	ও	2
৬	জন	2
নির্বাচন	করা	2
আবদুল	মালিক	2
হাত	দেন	2
হয়ে	একটি	2
পুরাণ	অনুসারে	2
তা	তার	2
জনশ্রুতি	অনুযায়ী	2
বিস্তার	করতে	2
রসগোল্লার	আদি	2
উৎপল	দত্ত	2
এতে	তিনি	2
বক্স	অফিসে	2
যুদ্ধ	করেন	2
সালের	ফিফা	2
ব্যাপক	ক্ষয়ক্ষতির	2
খেলায়	তাঁর	2
রান	তুলতে	2
জুন	মাসে	2
নিউজিল্যান্ডের	বিপক্ষে	2
বোলার	হিসেবে	2
জন্য	জাতীয়	2
ও	পার্শ্ববর্তী	2
সমান	জনপ্রিয়	2
প্রধানত	দুই	2
একটি	আধুনিক	2
ক্লাবের	হয়ে	2
শিল্পী	হিসেবে	2
প্রকৃতির	মাধ্যমে	2
শহরে	নতুন	2
নতুন	নাগরিকদের	2
নাগরিকদের	উৎপত্তি	2
একটি	মেশিন	2
যা	এক	2
জীবনে	তিনি	2
পাথুরে	শিল্প	2
হচ্ছে	এবং	2
মিসির	আলিকে	2
মোজিলা	ফায়ারফক্স	2
রাষ্ট্রগুলো	ইউরোপীয়	2
এ	সাফল্য	2
ইলেকট্রিক	গিটার	2
তাদের	নিজস্ব	2
একটি	ব্রিটিশ	2
জাহাজ	বন্দরে	2
খ্রিস্টাব্দে	কলকাতা	2
তাঁর	সংগ্রহ	2
কোর্স	ও	2
বিষয়ে	অনার্স	2
দরজা	দিয়ে	2
পরাজিত	করেন	2
নির্বাসনে	পাঠান	2
বিদ্যালয়	রয়েছে	2
ইংল্যান্ড	ক্রিকেট	2
পুরুষ	কিংবা	2
আক্রান্ত	হলে	2
বিয়ে	উপলক্ষে	2
এ	দুই	2
সালে	ব্যাংকটি	2
ব্রিটিশ	ইন্ডিপেন্ডেন্ট	2
বলে	অভিহিত	2
অভিহিত	করা	2
দিনে	বরের	2
সংখ্যা	পদ্ধতি	2
মধ্যে	এটি	2
অস্ট্রেলিয়া	দলের	2
পরবর্তীতে	তারা	2
তারা	পুনরায়	2
মুখোমুখি	হয়	2
গড়ে	তোলে	2
দাতব্য	ধর্মপ্রচারকদলের	2
কারণে	বেঁচে	2
আছি	মাটির	2
মাটির	ঠিকানা	2
ঠিকানা	মনের	2
মনের	জ্বালা	2
জ্বালা	টাইগার	2
টাইগার	নাম্বার	2
নাম্বার	ওয়ান	2
ওয়ান	ও	2
ও	প্রিয়া	2
প্রিয়া	আমার	2
দুই	দেশের	2
দেশের	মধ্যে	2
চব্বিশ	পরগনা	2
সেনাবাহিনীর	ওপর	2
ঝাঁপিয়ে	পড়েন	2
বোঁচাগঞ্জ	থানার	2
থানার	ধনতলা	2
ধনতলা	গ্রামে	2
গ্রামে	জন্ম	2
একক	বা	2
পাকিস্তানি	বাহিনীর	2
কারণ	এতে	2
হ্রাস	পাচ্ছে	2
করেন	রোম্যান্স	2
শাসন	করতেন	2
তোকুগাওয়া	শোগুন	2
শুভ	একটি	2
ছিল	প্রথম	2
প্রধান	কারণ	2
ভাষায়	অধ্যয়নরত	2
অধ্যয়নরত	ছাত্রদের	2
ছাত্রদের	সংখ্যা	2
রাষ্ট্রপতি	নির্বাচনে	2
নির্বাচনে	জয়লাভ	2
প্রার্থনা	করা	2
ফণিভূষণ	নন্দী	2
ভারতীয়	উপমহাদেশের	2
উপমহাদেশের	ব্রিটিশ	2
ব্রিটিশ	বিরোধী	2
বিরোধী	স্বাধীনতা	2
আন্দোলনের	অন্যতম	2
মাধ্যমে	সে	2
দাখিল	মাদ্রাসা	2
আছে	যেগুলি	2
তদ্ধিতান্ত	শব্দ	2
সালের	৮ই	2
পার্লামেন্টের	সামনে	2
পরিচিত	একটি	2
জানুয়ারি	মাসে	2
কনের	জন্য	2
নতুন	বিয়ে	2
অনেক	ক্ষেত্রে	2
ডম	হোফম্যান	2
হোফম্যান	ষোষণা	2
ষোষণা	করেন	2
কর	অব্যাহতি	2
খানের	আধ্যাত্মিক	2
নাম	ঘোষণা	2
উত্তর	আফ্রিকার	2
মাথার	খুলির	2
নিকটবর্তী	বা	2
বা	দেহের	2
পূর্ব	তিমুর	2
তিমুর	এবং	2
রাখার	উপযোগী	2
শিক্ষার	প্রথম	2
বছরেরও	বেশি	2
জাগরণ	ও	2
ও	নৃত্য	2
মারাঠা	সৈন্যদের	2
চ্যাম্পিয়ন্স	লীগ	2
দেশে	ফিরে	2
যা	পৃথিবীর	2
উচ্চ	শিক্ষার	2
শৈশবকাল	অতিবাহিত	2
আলাদা	করা	2
পাত্রে	ভোজন	2
শহরের	একটি	2
কাজে	ব্যবহৃত	2
আজু	গোঁসাই	2
বিয়ের	অনুষ্ঠানে	2
নদী	এবং	2
নদী	এই	2
জড়িত	থাকে	2
সূচনা	করে	2
সদস্য	এবং	2
স্ত্রী	ট্যাবি	2
গিটার	ব্যবহার	2
পরিকল্পনা	করছে	2
আরব	বাহিনীর	2
অগ্রসর	হন	2
বা	আন্তর্জাতিক	2
কম্পিউটার	মেমরি	2
বড়	হয়	2
উক্ত	মৌসুমে	2
১৯৭৩	সালে	2
অন্যতম	একটি	2
তার	কাজ	2
যাত্রী	সেবা	2
ভ্রমণ	করে	2
উদ্দেশ্যে	যাত্রা	2
মাঠে	পরিণত	2
বিস্তার	লাভ	2
এগিয়ে	যায়	2
ক্লাব	আক্রমণ	2
আটক	করে	2
যাওয়ার	সময়	2
বা	দ্বিগুণ	2
দ্বিগুণ	ফাঁকা	2
ফাঁকা	ডিএনএ	2
প্রথম	ইনিংসে	2
রান	করেন	2
মঞ্চনাটকে	অভিনয়	2
অভিনয়	করতেন	2
বরোবুদুর	মন্দির	2
নতুন	বছরের	2
শেষ	হতে	2
বা	অন্যান্য	2
বিনোদনমূলক	চ্যানেল	2
ও	মধ্যে	2
মধ্যে	কে	2
গ্রহন	করে	2
সালের	২	2
সংগ্রাম	পরিষদের	2
নতুন	কৌশল	2
সালে	পলিগ্রাম	2
পলিগ্রাম	রেকর্ডসের	2
চুক্তি	স্বাক্ষর	2
অর্থ	হল	2
তার	স্ত্রী	2
নিরাপদ	স্থানে	2
সাথে	তাঁর	2
ছিল	যাদের	2
মাসের	পথ	2
পথ	অতিক্রম	2
উপর	স্থাপিত	2
জিলা	স্কুলে	2
চাপ	দিতেই	2
দিতেই	থাকে	2
বীর	প্রতীক	2
বেশি	ছিল	2
কোপা	দেল	2
দেল	রে	2
সেই	সময়ে	2
ফেরেশতারা	খুবই	2
আচরন	করেন	2
বন্দর	রয়েছে	2
আতাউর	রহমান	2
পার্টির	অভ্যন্তরে	2
নবাবী	সৈন্যরা	2
সমর্পণ	করে	2
সহকারী	সম্পাদক	2
তার	বন্ধু	2
প্রথম	ও	2
মাথায়	শিং	2
সেন্টিমিটার	ওজনে	2
লব	ও	2
তিনি	১৯৬৪	2
ফিরে	এসে	2
একটি	হচ্ছে	2
বিয়ের	দিনে	2
রাজা	মহেন্দ্রর	2
কাশ্মীর	এবং	2
অভিযানে	অংশ	2
এই	স্কুল	2
করেন	যেটি	2
১৯৫৬	সালে	2
পরে	তাকে	2
অনেক	আন্তর্জাতিক	2
এবং	লন্ডন	2
জাতীয়	দলে	2
১৯৩৭	সালে	2
এদের	বিশেষ	2
খাজা	মঈনুদ্দীন	2
মঈনুদ্দীন	চিশতী	2
অব	সায়েন্স	2
১৯৮৫	সালে	2
মানভূমে	বাংলা	2
আন্দোলন	করেছিলেন	2
তাদের	এক	2
ও	বাংলাদেশ	2
জাতীয়	মসজিদ	2
জন্য	চাপ	2
পশ্চিমবঙ্গ	সরকারের	2
ও	সংস্কৃতি	2
সেপ্টেম্বর	১৯৭২	2
রাজা	হওয়ার	2
স্বাধীন	বাংলা	2
থেকে	তাঁর	2
মৌলিক	কণিকার	2
কলেজে	পড়াকালীন	2
পড়াকালীন	তিনি	2
নেতৃত্ব	দিতেন	2
ওয়ান	ছিল	2
ওই	অঞ্চলের	2
পারে	যেমন	2
রয়ে	যায়	2
উপস্থিত	হন	2
সালে	শুরু	2
কম্যুনিস্ট	পার্টি	2
ছবির	সংগীত	2
সংগীত	পরিচালনা	2
এবং	আধুনিক	2
উন্নীত	হয়	2
বিকাশ	লাভ	2
লাভ	করেছিল	2
আধুনিক	যুগে	2
যুগে	এসে	2
জেনারেল	পদে	2
পদে	উন্নীত	2
উন্নীত	হন	2
বৌদ্ধ	কৃষ্টি	2
কৃষ্টি	প্রচার	2
প্রচার	সংঘ	2
টি	এক্সিকিউটিভ	2
টি	হিলটন	2
দেখা	না	2
এবং	প্রায়	2
মাধ্যমে	তার	2
তিনি	বিখ্যাত	2
জুলাই	২০১২	2
কলেজ	অব	2
থেকে	আগতদের	2
আগতদের	জন্য	2
যাচাই	করেন	2
উপন্যাস	অবলম্বনে	2
গ্রেপ্তারি	পরোয়ানা	2
পরোয়ানা	জারি	2
জারি	করে	2
জয়সূচক	রান	2
বহুল	ব্যবহৃত	2
সঙ্গীত	শিল্পী	2
শুরু	হওয়ার	2
একত্রিত	হয়ে	2
পুরুষ	তাঁর	2
দুই	হাতে	2
সমগ্র	খেলোয়াড়ী	2
টেস্টে	অংশগ্রহণের	2
ডেপুটি	কালেক্টরের	2
তাঁর	রচিত	2
আবদুল	হাই	2
করে	বিশেষ	2
তাদেরকে	জানিয়ে	2
জানিয়ে	দাও	2
দাও	যে	2
থেকে	গ্রহণ	2
তিনি	জাতীয়	2
মধ্যে	উল্লেখযোগ্য	2
বসানো	হয়	2
বলা	হয়নি	2
তাজরীন	ফ্যাশনস	2
আগুন	লাগে	2
বাংলা	উপসর্গ	2
জেলার	প্রধান	2
ঘোষনা	করেছে	2
ক্ষেত্রে	একটি	2
অর্ধেক	সময়	2
প্রবাহিত	হয়	2
হিসেবে	পালন	2
সম্পাদক	ছিলেন	2
নারায়ণগঞ্জ	পৌরসভার	2
জয়	করতে	2
অপারেটর	পরিবর্তন	2
মৃত্যু	হলে	2
ও	ধর্মীয়	2
বৌদ্ধবিহারের	ভিক্ষুরা	2
বা	উকুন	2
থাকতে	হয়	2
একটি	মাত্র	2
নিয়ে	বিচার	2
তিনি	হলেন	2
জিওগ্রাফিক	সোসাইটির	2
সাম্রাজ্যের	সাথে	2
কাহিনীর	ওপর	2
এবং	উসমানীয়	2
প্রতিষ্ঠিত	হয়েছে	2
ছিলেন	এই	2
ছিলেন	ভারতীয়	2
বার্ষিক	সম্মেলন	2
ও	শিল্প	2
এবং	পশ্চিমবঙ্গ	2
চলচ্চিত্র	ছিল	2
বেসরকারী	বিশ্ববিদ্যালয়	2
অষ্টাদশ	শতকের	2
হেভিওয়েট	চ্যাম্পিয়নশীপ	2
রাজশাহী	অঞ্চলের	2
গঠন	করেছে	2
স্ক্রোল	করে	2
টেস্ট	করেই	2
করেই	কোড	2
এন্ড	গুগল	2
লাস্ট	দুইটা	2
দুইটা	কমেন্ট	2
কমেন্ট	ধুত	2
ধুত	ট্রিকবিডি	2
তে	রিয়েক্ট	2
রিয়েক্ট	অপশন	2
শো	করতাছে	2
অ্যাপস	না	2
এটা	আলাদা	2
আলাদা	অ্যাপস	2
বাংলাদেশ	আইপি	2
ভোপি	অ্যাপ	2
ওয়াই৯০	এর	2
ভার্চুয়াল	লঞ্চার	2
আবেদন	করুন	2
পিকচার	কে	2
ডাবড	মুভি	2
করে	চ্যাট	2
হেড	এড	2
মেসেঞ্জার	সাপোর্ট	2
বেশি	ইম্পরটেন্ট	2
মাঝে	অফার	2
অ্যাপস	গুলা	2
শোরুম	এ	2
দা	পোষ্ট	2
রিপ্লাই	অপশন	2
এইটা	অ্যাপ	2
বাংলা	ফ্রন্ট	2
তো	আলাদা	2
আমি	রিলিজ	2
রিলিজ	এর	2
কয়েক	আওয়ার	2
আওয়ার	পরেই	2
পরেই	পোস্ট	2
ডাবড	আছে	2
তো	ফাইল	2
হুবহু	মিল	2
তো	ডিরেক্ট	2
পুরানো	ছবি	2
যাবেন	ভাই	2
অ্যাপ্রুভ	হয়	2
পরবর্তী	পোষ্ট	2
যার	যেটা	2
আমার	এইজ	2
মেইন	অ্যাপ	2
ভার্সন	কম	2
পোস্ট	ভালোই	2
গ্যালাক্সি	এস৭	2
চ্যানেল	নিয়ে	2
অ্যাড	হলে	2
করে	ডেভেলপার	2
ডেভেলপার	অপশনস	2
গো	এডিশন	2
ফর	বিডিআইএক্স	2
দেয়ার	মানে	2
সেফ	না	2
অনেক	ইউজফুল	2
ভিপিন	ইউজ	2
কাস্টম	কোডেক	2
আইডি	পাবেন	2
কিউই	তে	2
হ্যাঁ	অনেক	2
অফলাইনে	এ	2
ফন্ট	ও	2
ডেভেলপমেন্ট	অপসন	2
এর	অবিবি	2
সিম	লাগানোর	2
আমার	মোড	2
পার্টি	অ্যাপস	2
২ন্ড	হ্যান্ড	2
থাকতে	তেলুগু	2
তেলুগু	তে	2
মুভি	নিয়া	2
পাবলিক	হয়	2
খুলি	নাই	2
হয়তো	এই	2
ভিপিএন	টি	2
গেমিং	ফোন	2
গুগল	অ্যাপ	2
এখানে	একাউন্ট	2
ইমেইল	সিকিউরিটি	2
সিকিউরিটি	নট	2
নট	গ্র্যান্টেড	2
গ্র্যান্টেড	দেখায়	2
উইদআউট	ডাটা	2
কি	অফলাইনে	2
নেটফ্লিক্স	এর	2
কানেক্ট	ই	2
কমিয়ে	ফেলে	2
এতো	নাম্বার	2
ফার্স্ট	পার্ট	2
উইন্ডো	তে	2
পরে	গেল	2
ইন্টারনাল	অডিও	2
গোল্ড	কয়েন	2
হিন্দি	মুভি	2
নাম	আসবে	2
বেটা	ইউজ	2
এইচডি	এর	2
আইফোনে	এর	2
আইডি	উধাও	2
১০০০	নাম্বার	2
১২৯৯০	টাকায়	2
টাকায়	রিয়েলমি	2
ইউএসডি	মানে	2
২৫০	এর	2
এর	ওইটা	2
ওইটা	ট্রাই	2
করছি	এমবি	2
এমবি	ফেইলড	2
কে	মিক্স	2
অফার	জানি	2
তো	মিয়া	2
আবুল	মিয়া	2
মিয়া	দাম	2
দাম	উল্লেখ	2
ডিসেবেল	হয়ে	2
এসি	মার্কেট	2
খুলা	নাই	2
জন্য	এসেছিলাম	2
এসেছিলাম	যদি	2
আমি	সে	2
সকল	সার্ভিস	2
সার্ভিস	যা	2
যা	নেটফ্লিক্স	2
থাকে	তা	2
থেকে	আবারো	2
আবারো	রিস্টোর	2
আচ্ছা	অনেকেই	2
যে	নেভিগেসন	2
নেভিগেসন	বার	2
পাবজি	অ্যাপ	2
ছাড়া	খেলা	2
একাউন্ট	সাসপেন্ড	2
নাম্বার	কারও	2
কারও	কাছে	2
এইগুলা	ইউজ	2
কথা	মানুষ	2
অ্যাপ	টাতো	2
টাতো	ওল্ড	2
দেখা	আমি	2
অ্যাপ	টায়	2
অপশন	আমার	2
অপসন	গুলো	2
গুলো	স্যামসুং	2
স্যামসুং	৮	2
৮	ভার্সন	2
ভার্সন	টাকা	2
পোস্ট	করতে২	2
করতে২	ফেনা	2
সেলফিন	একাউন্ট	2
পাসওয়ার্ড	মনে	2
লেয়ার	সাপোর্ট	2
আমার	অফার	2
ছাড়া	লোডিং	2
আছে	আশা	2
আমি	কিনবো	2
এন্ড্রোয়েড	৭	2
কতো	ভাই	2
রিয়েল্মি	আছে	2
আপনে	তাহলে	2
আপনের	প্রোফাইল	2
দেখলাম	লিখা	2
কি	সাকিব	2
অ্যাপস	সম্পর্কে	2
সম্পর্কে	আজকেই	2
আজকেই	জানলেন	2
আপনি	কতো	2
অ্যাপ	ক্লোনের	2
ক্লোনের	প্রিমিয়াম	2
আপনের	ফেইসবুক	2
ক্যাটাগরির	পোস্ট	2
আছে	হয়	2
বাংলালিংক	যা	2
যা	নাকি	2
ভাই	১টা	2
১টা	কীবোর্ড	2
কীবোর্ড	অ্যাপস	2
এন্ড্রোইড	এথিকাল	2
এথিকাল	হ্যাকিং	2
হ্যাকিং	মেগা	2
ইউজ	এয়ারটেল	2
টি	দেন	2
মেমরি	সব	2
কিছু	ডিলিটেড	2
ডিলিটেড	হয়ে	2
পিক	ফন	2
ফন	থেকে	2
চোর	চোর	2
ডাটা	যাই	2
যাই	থাক	2
থাক	অ্যাপস	2
অ্যাপস	ব্যাকগ্রাউন্ড	2
ভয়	কে	2
কে	জয়	2
মালাই	আইসক্রিম	2
ল্যাবএইড	এ	2
সময়	আসবে	2
আমার	বু	2
বু	দ্ধিকমে	2
দ্ধিকমে	যাবে	2
বসে	সূর্য	2
সূর্য	দেখবো	2
