প্লিজ	হেল্প	মি	140
কাজ	করে	না	136
আপনার	এফবি	আইডি	120
নিয়ে	একটা	পোস্ট	119
প্লিজ	প্লিজ	প্লিজ	106
করতে	পারছি	না	101
দিলে	ভালো	হতো	100
ভাই	আপনার	এফবি	85
একটা	পোস্ট	করেন	82
আমার	ফোন	এ	69
আপনার	এফবি	লিংক	64
লিংক	টা	দেন	63
ভালো	লাগে	না	62
এখন	কি	করবো	59
শেয়ার	করার	জন্য	55
আমার	ছোট	বোন	55
ট্রিকবিডি	তে	পোস্ট	54
অনেক	ভালো	লাগে	54
খুব	ভালো	লাগে	53
না	প্লিজ	হেল্প	52
টা	দেন	প্লিজ	50
ভাই	আপনি	কি	48
এফবি	তে	আসেন	48
করা	যায়	না	47
আমার	মনে	হয়	46
কাজ	করছে	না	44
অনেক	দিন	পর	44
ইউজার	ভাই	আপনার	43
আপনি	কি	আমাকে	41
আমাকে	টিউনার	বানান	41
গুগল	এ	সার্চ	41
ট্রাই	করে	দেখেন	40
পোস্ট	করার	জন্য	40
করে	দেখতে	পারেন	40
করতে	পারি	না	40
এই	পোস্ট	টা	39
কমেন্ট	এর	জন্য	39
এফবি	আইডি	টা	39
করা	যাবে	না	39
কাজ	হয়	না	38
কি	করতে	হবে	37
একটু	বলবেন	প্লিজ	37
ভাই	আমাকে	টিউনার	36
পোস্ট	করেন	প্লিজ	36
কানেক্ট	হয়	না	36
প্লে	স্টোর	থেকে	36
হেল্প	মি	প্লিজ	36
সাথে	দেখা	করতে	36
এ	ক্লিক	করলে	35
একটু	হেল্প	করেন	35
আমার	ছোট	ভাই	35
কি	করতে	পারি	34
ভালো	ভালো	পোস্ট	34
ডাউনলোড	হচ্ছে	না	34
পাওয়া	যায়	না	34
এটা	দিয়ে	কি	34
ভাল	লাগে	না	34
না	কি	করবো	33
ইউজ	করা	যাবে	33
লিংক	দেন	প্লিজ	33
আমি	ট্রিকবিডি	তে	32
কি	করবো	প্লিজ	32
করবো	প্লিজ	হেল্প	32
ডাউনলোড	হয়	না	32
সাথে	কথা	বলে	32
আমি	অনেক	আগে	32
হয়	না	কেন	31
এর	জন্য	একটা	31
একটা	পোস্ট	দেন	31
হেল্প	করেন	প্লিজ	31
এফবি	লিংক	টা	31
করে	দিতে	পারবেন	31
অনেক	আগে	থেকে	31
তুমি	কি	আমাকে	31
কাজ	হচ্ছে	না	31
থ্যাংক	ইউ	ভাই	31
মেনি	মেনি	থ্যাংকস	31
কোনো	প্রব্লেম	হবে	31
মেয়াদ	বাড়ানো	যাবে	30
আমার	খুব	ভালো	30
ভাই	আমার	ফোন	30
করবো	কি	ভাবে	30
এমবি	এর	মেয়াদ	30
খুব	ভালো	লাগলো	30
কোনো	ওয়ে	আছে	30
মুখের	দিকে	তাকিয়ে	30
অনেক	কষ্ট	করে	29
আমার	পোস্ট	গুলো	29
করার	জন্য	থ্যাংকস	29
আপনার	ফেসবুক	আইডি	29
ভাই	প্লিজ	হেল্প	29
ট্রাই	করে	দেখতে	29
হা	হা	হা	29
আমি	আপনার	সাথে	29
একটু	কষ্ট	করে	29
এফবি	আইডি	লিংক	29
ইউজার	ভাই	আমার	29
টিউনার	বানান	প্লিজ	28
কমেন্ট	করার	জন্য	28
পোস্ট	টা	ভালো	28
এফবি	লিংক	দেন	28
ভাই	আমি	তো	28
পোস্ট	করলে	ভালো	28
পোস্ট	করা	আছে	28
আপনি	কি	এই	28
আমার	অনেক	ভালো	28
করলে	ভালো	হতো	27
আগে	থেকেই	জানি	27
ভাই	আমাকে	একটা	27
এফবি	আইডি	দেন	27
সকালে	ঘুম	থেকে	27
অনেক	ভালো	পোস্ট	26
করতে	পারবেন	না	26
ভাই	আমি	একটা	26
কিভাবে	রুট	করবো	26
নিয়ে	পোস্ট	করেন	26
আমি	একটা	পোস্ট	26
তুমি	কি	আমার	26
ইউজার	ভাই	আপনি	26
আমাকে	দয়া	করে	26
করা	যাচ্ছে	না	25
আপনার	সাথে	কথা	25
ইউজার	ভাই	আমি	25
ভাই	আমার	পোস্ট	25
আমার	বিয়ে	হয়েছে	25
কি	এই	বইটি	25
এই	বইটি	পড়তে	25
ভালো	না	লাগলে	24
লিংক	থেকে	ডাউনলোড	24
ট্রাই	করতে	পারেন	24
ভাই	আপনার	ফেসবুক	24
গুড	পোস্ট	বাট	24
প্লিজ	হেল্প	করেন	24
টা	দিবেন	প্লিজ	24
ইউজ	করতে	পারবেন	24
করা	লাগবে	না	23
ভাই	আপনার	সাথে	23
ভাই	আমার	একটা	23
করলে	ভালো	হয়	23
ভালো	করে	দেখেন	23
হেল্প	করতে	পারবেন	23
রুট	করবো	কিভাবে	23
অনেক	আগে	থেকেই	23
অনেক	ভালো	লাগলো	23
পোস্ট	এর	জন্য	23
খুব	ভালো	পোস্ট	23
একটু	হেল্প	করবেন	23
আমার	পোস্ট	গুলা	23
করার	কোনো	ওয়ে	23
হাহাহা	হাহাহা	হাহাহা	23
দিলে	ভালো	হত	22
ভাই	প্লিজ	আমাকে	22
প্লিজ	আমাকে	টিউনার	22
লিংক	ঠিক	করেন	22
যারা	জানে	না	22
না	হেল্প	মি	22
আমার	বড়	ভাই	22
এটা	নিয়ে	পোস্ট	22
ডাউনলোড	লিংক	টা	22
এর	লিংক	টা	21
থেকে	ডাউনলোড	করতে	21
এর	জন্য	ভালো	21
আমার	একটা	আইডি	21
থ্যাংকস	ফর	শেয়ার	21
হবে	না	তো	21
লিংক	টা	দিবেন	21
এই	পোস্ট	এর	21
ট্রাই	করে	দেখি	21
কথা	বলতে	চাই	21
কথা	মনে	পড়ে	21
পিসি	এর	জন্য	21
আপনি	কি	কোনো	21
অনেক	দিন	আগে	20
থ্যাংকস	ফর	কমেন্ট	20
সমস্যা	হবে	না	20
করতে	পারলাম	না	20
ট্রাই	করে	দেখুন	20
এ	কাজ	করে	20
পোস্ট	দেন	প্লিজ	20
লিংক	দিতে	পারবেন	20
দিতে	পারবেন	প্লিজ	20
আবার	ট্রাই	করেন	20
নাইস	পোস্ট	বাট	20
থেকে	ডাউনলোড	করে	20
কি	করা	যায়	20
আমি	জানি	না	20
নাইস	পোস্ট	ব্রো	20
কোনো	উপায়	আছে	20
ডাউনলোড	করতে	পারছি	20
আগে	থেকে	জানি	20
ইউ	সো	মাচ	20
হয়	না	ভাই	20
ইউজ	করতে	হবে	20
করবো	প্লিজ	বলেন	20
কথা	বলা	যাবে	20
ইউজার	ভাই	আমাকে	20
আমার	ভালো	লাগে	20
ইউজ	করতে	পারেন	20
যেতে	চায়	না	20
পড়ালেখা	করতে	হবে	20
চোখে	পানি	চলে	20
আমি	আমার	স্বামীর	20
তুমি	আমার	কাছে	20
হাজার	কথার	মাঝে	20
বিয়ে	হওয়ার	কথা	20
পরিবারের	পছন্দে	বিয়ে	20
বেশী	কথা	বলো	20
আমাকে	অনেক	ভালবাসে	20
আমার	বড়	বোন	20
আমার	প্রিয়	ফল	20
বারান্দার	গাছে	পানি	20
আমার	সাথে	দেখা	20
একদমই	ভাল	লাগে	20
তুই	কি	এই	20
আমি	আপনার	সঙ্গে	20
আপনি	কি	একটি	20
কাজ	করবে	না	19
দিয়ে	ট্রাই	করেন	19
এফবি	তে	নক	19
সবাই	পাবে	না	19
দিলে	ভালো	হয়	19
বুঝতে	পারলাম	না	19
করতে	পারবো	না	19
হচ্ছে	না	কি	19
হেল্প	করবেন	প্লিজ	19
করতে	হবে	নাকি	19
এর	জন্য	কি	19
আপনার	ফোন	এর	19
আমার	ফোন	এর	19
ইনস্টল	হয়	না	19
পোস্ট	করবেন	না	19
কিছু	করার	নাই	19
কানেক্ট	হচ্ছে	না	19
পোস্ট	করার	আগে	19
দিয়ে	হবে	না	19
করতে	পারে	না	19
সব	ঠিক	আছে	19
আমি	আর	আমার	19
হলে	ভালো	হতো	19
থেকে	বের	হয়ে	19
এটা	সবাই	জানে	18
ডাউনলোড	করা	যায়	18
লিংক	দিলে	ভালো	18
হচ্ছে	না	কেন	18
করা	যাবে	কি	18
ভাই	এটা	কি	18
কি	করবো	এখন	18
অনেক	সুন্দর	পোস্ট	18
রুট	করতে	পারছি	18
রুট	করার	পর	18
সাপোর্ট	করে	না	18
শো	করে	না	18
খুব	সুন্দর	পোস্ট	18
হচ্ছে	না	প্লিজ	18
তো	মনে	হয়	18
বুঝতে	পারছি	না	18
ভালো	করে	ট্রাই	18
কাজ	না	করলে	18
এফবি	তে	মেসেজ	18
এখন	কি	করব	18
করেন	প্লিজ	প্লিজ	18
আমি	আপনার	কাছে	18
করতে	ভালো	লাগে	18
এপিকে	এডিটর	দিয়ে	17
একটা	হেল্প	করবেন	17
না	করাই	ভালো	17
আপনাকে	এফবি	তে	17
ভাই	আমার	তো	17
ডাউনলোড	লিংক	ঠিক	17
থ্যাংকস	এ	লট	17
আইডি	টা	দেন	17
ভাই	আপনার	ফোন	17
মনে	হয়	না	17
ব্লক	করে	দেয়	17
গুগল	ড্রাইভ	লিংক	17
একটা	পোস্ট	করবেন	17
ঠিক	আছে	বাট	17
পোস্ট	করবেন	প্লিজ	17
করতে	পারসি	না	17
আমি	তোমার	সাথে	17
হ্যাক	করা	যায়	17
আমি	আজ	সকালে	17
আমার	সাথে	কথা	17
ভালো	লাগছে	না	17
আমার	মনের	কথা	17
অনেক	দিন	ধরে	16
এ	কাজ	করবে	16
ট্রাই	করেন	হবে	16
আমি	এখন	কি	16
টা	দিতে	পারবেন	16
টা	অনেক	ভালো	16
ভাই	এফবি	তে	16
চেক	করে	দেখেন	16
হয়	না	আর	16
ফোন	এর	জন্য	16
চেঞ্জ	করতে	হবে	16
করলে	কি	হবে	16
আপনার	পোস্ট	টা	16
না	তাদের	জন্য	16
ভাই	ট্রিকবিডি	তে	16
একটা	পোস্ট	করলে	16
ঠিক	হয়ে	যাবে	16
ভাই	এটা	তো	16
নিয়ে	পোস্ট	করলে	16
লিংক	টা	দিন	16
এটা	নিয়ে	একটা	16
করার	কি	দরকার	16
থ্যাংকস	ইউজার	ভাই	16
ইউজার	ভাই	প্লিজ	16
ফ্রি	নেট	ইউজ	16
করা	হয়ে	থাকে	16
আপনি	কি	বাংলা	16
আমি	একজন	মেয়ে	16
সব	কিছু	করতে	16
কি	আমার	জন্য	16
প্লিজ	আমাকে	অথর	15
পোস্ট	টা	ডিলিট	15
অপেরা	মিনি	দিয়ে	15
টাকায়	১	জিবি	15
কোন	প্রবলেম	হবে	15
এর	মেয়াদ	বাড়ানো	15
ভাই	হেল্প	মি	15
আমার	পোস্ট	টা	15
অনেক	অনেক	থ্যাংকস	15
আমাকে	হেল্প	করেন	15
ডাউনলোড	করতে	হবে	15
লিঙ্ক	টা	দেন	15
স্ক্রিনশট	দিলে	ভালো	15
কাজ	করতেছে	না	15
আপনার	পোস্ট	দেখে	15
ইন্সটল	হয়	না	15
করে	ট্রাই	করেন	15
থ্যাংক	ইউ	সো	15
থাকলে	দেন	প্লিজ	15
ইউসার	ভাই	আপনার	15
রুট	করব	কিভাবে	15
ফ্রি	নেট	এর	15
ওপেন	হয়	না	15
করতে	পারতেসি	না	15
আর	এ	ভাই	15
টা	ডাউনলোড	করতে	15
থ্যাংক	ইউ	ব্রো	15
ট্রিকবিডি	এর	সাথে	15
করতে	পারতেছি	না	15
প্রবলেম	হবে	না	15
ডাউনলোড	লিংক	দেন	15
আমার	সাথে	যোগাযোগ	15
একটা	ছেলের	সাথে	15
অনেক	ভালো	মানুষ	15
বিদ্যালয়ে	যেতে	চায়	15
পড়ালেখা	করতে	ভাল	15
করতে	ভাল	লাগে	15
অনেক	ভালো	রান্না	15
ভালো	রান্না	করে	15
বড়	ভাইয়ের	সাথে	15
দেখা	করতে	এসেছিল	15
একটি	ছোট	শিশু	15
পাশে	থাকতে	চাই	15
জীবনে	সুখ	এনে	15
তোমার	মনের	কথা	15
মনে	পড়ে	যায়	15
তার	পরিবার	নিয়ে	15
পছন্দে	বিয়ে	করে	15
মানতে	পারছি	না	15
আমার	বাবার	সাথে	15
কি	আমাকে	একটি	15
এই	বিয়েতে	রাজি	15
গায়ে	হাত	তুলে	15
খোঁচা	মেরে	কথা	15
মনের	কথা	বুঝে	15
প্রেম	করে	বিয়ে	15
সাথে	আমার	বিয়ে	15
বিয়ে	ঠিক	করেছে	15
খেতে	খুব	ভালো	15
গাছে	পানি	দেওয়ার	15
পানি	দেওয়ার	প্রয়োজন	15
খেতে	অনেক	সুস্বাদু	15
সরিষার	তেল	দিয়ে	15
পড়ালেখা	করতে	একদমই	15
করতে	একদমই	ভাল	15
ব্রাজিল	ফুটবল	দল	15
দলকে	সমর্থন	করি	15
তোর	বড়	ভাইয়ের	15
করা	ভালো	হয়	15
সকালে	পড়াশোনা	করে	15
শুরু	করা	ভালো	15
তারা	তিন	ভাই	15
তুমি	কি	আমায়	15
খেতে	ভালো	লাগে	15
বিয়ের	পর	থেকেই	15
বিয়ে	করতে	চাই	15
বিদেশ	থেকে	এসেছেন	15
কোন	বিষয়	নিয়ে	15
ভাষা	এক	রকমের	15
এক	রকমের	নয়	15
রাস্তার	পাশে	একটি	15
পাশে	একটি	ফুলের	15
একটি	ফুলের	দোকান	15
কিছু	পেয়ারা	কিনল	15
দিকে	তাকিয়ে	ছিলাম	15
কি	একটি	বাংলা	15
অনেক	পোস্ট	আছে	14
বিকাশ	এ	টাকা	14
আগে	থেকেই	জানতাম	14
নিয়ে	ট্রিকবিডি	তে	14
তো	পাইলাম	না	14
আপনাকে	অনেক	ধন্যবাদ	14
ট্রিক	বিডি	তে	14
ইউজ	করতে	পারবো	14
ট্রিকবিডি	তে	অনেক	14
না	এখন	কি	14
লিংক	কাজ	করে	14
ডাউনলোড	করার	জন্য	14
এ	হবে	না	14
করার	জন্য	ধন্যবাদ	14
প্লে	স্টোর	এ	14
আমি	কি	করবো	14
সিম	দিয়ে	ট্রাই	14
এর	থেকে	ভালো	14
করবো	কিভাবে	প্লিজ	14
এই	নিয়ে	একটা	14
দিয়ে	ট্রাই	করুন	14
ভাই	আমি	আমার	14
পোস্ট	করেন	না	14
জানে	না	তাদের	14
একটু	বলেন	প্লিজ	14
আমি	মনে	করি	14
দিয়ে	কি	হবে	14
করে	কি	হবে	14
এর	জন্য	কোনো	14
আর	চলে	না	14
ফোন	নাম্বার	টা	14
পোস্ট	করা	হয়েছে	14
মনে	করবেন	না	14
ইউস	করতে	পারবেন	14
ভাই	আপনার	নাম্বার	14
ভাই	একটা	হেল্প	14
এই	রকম	পোস্ট	14
হ্যাক	করা	যাবে	14
কিছুই	বুঝলাম	না	14
করে	নিতে	হবে	14
দেন	প্লিজ	প্লিজ	14
এর	লিংক	দেন	14
ফোন	এ	কি	14
ব্রো	আমার	ফোন	14
হয়	না	তো	14
প্রব্লেম	হবে	না	14
সুযোগ	করে	দিন	14
আমি	কি	করব	14
আপনার	কাছ	থেকে	13
প্লিজ	ভাই	হেল্প	13
আপনার	নাম্বার	টা	13
কেউ	একটু	হেল্প	13
কোন	অ্যাপ	দিয়ে	13
হ্যাক	করবো	কিভাবে	13
ভাইয়া	আপনার	এফবি	13
৩	টা	পোস্ট	13
আমি	অনেক	আগেই	13
ভাই	এইটা	কি	13
পোস্ট	ট্রিকবিডি	তে	13
এখন	আর	কাজ	13
কোন	ওয়ে	আছে	13
কাজ	হবে	তো	13
এখন	কি	করতে	13
বুঝলাম	না	ভাই	13
ইউস	করতে	পারেন	13
এটা	কি	শুধু	13
অনেক	ভালো	হতো	13
টা	দিলে	ভালো	13
হেল্প	মি	আমার	13
এই	সাইট	এ	13
ভাই	আমার	মোবাইল	13
হ্যাক	করতে	পারবেন	13
ভালো	পোস্ট	করে	13
সবার	জন্য	না	13
পোস্ট	টা	অনেক	13
ভালো	পোস্ট	করেন	13
ডাউনলোড	করতে	পারি	13
পাওয়া	যাবে	না	13
পারছি	না	প্লিজ	13
অফ	হয়ে	গেছে	13
ইউজ	করা	যায়	13
ভাই	আপনার	পোস্ট	13
জিপি	ফ্রি	নেট	13
ইউ	আর	ওয়েলকাম	13
লিংক	দিন	প্লিজ	13
এর	চেয়ে	ভালো	13
ব্রো	প্লিজ	হেল্প	13
করার	জন্য	কোন	13
ফর	ইওর	কমেন্ট	13
আইডি	লিংক	টা	13
এই	সাইট	এর	13
আপনি	আমার	পোস্ট	13
পোস্ট	করতে	পারেন	13
সব	ফোন	এ	13
তো	পেলাম	না	13
আপনার	এফবি	লিঙ্ক	13
আমার	ছোট	ভাইয়ের	13
ডিরেক্ট	ডাউনলোড	লিংক	13
প্লিজ	একটু	বলবেন	13
সাথে	কথা	বলতে	13
ব্যবহার	করা	হয়	13
হয়	না	প্লিজ	12
ইনবক্স	এ	আসেন	12
ভাই	আপনার	জন্য	12
টা	দিন	প্লিজ	12
ভালো	পোস্ট	করতে	12
পোস্ট	ভালো	না	12
আপনি	মনে	হয়	12
করে	দিবেন	প্লিজ	12
ভাই	এই	পোস্ট	12
এই	অফার	টা	12
এর	নাম	কি	12
তা	নিয়ে	একটা	12
বললে	ভালো	হতো	12
আবাল	মার্কা	পোস্ট	12
টা	দেন	তো	12
বাই	দা	ওয়ে	12
নিজে	ট্রাই	করে	12
এত	কষ্ট	করে	12
কষ্ট	করে	পোস্ট	12
দেখা	যায়	না	12
রবি	ফ্রি	নেট	12
এ	কি	হবে	12
নিতে	পারছি	না	12
লিংক	দেওয়া	যাবে	12
লাভ	হলো	না	12
আপনার	সাইট	এর	12
সুন্দর	পোস্ট	ভাই	12
কি	কাজ	করবে	12
করতে	পারেন	না	12
বলে	মনে	হচ্ছে	12
আমি	এই	পোস্ট	12
এই	পোস্ট	টি	12
পাওয়া	যাবে	কি	12
থ্যাংকস	ব্রো	কাজ	12
গুড	পোস্ট	ভাই	12
খুব	ভালো	হতো	12
ভাই	প্লিজ	আমার	12
লগ	ইন	করতে	12
হতে	পারলাম	না	12
কিছু	মনে	করবেন	12
আছে	ট্রিকবিডি	তে	12
ভাই	প্লিজ	প্লিজ	12
কি	করা	উচিত	12
হেল্প	করেন	আমার	12
ডাউনলোড	করে	নিন	12
একটা	পোস্ট	করে	12
অনেক	চেষ্টা	করেছি	12
ভাই	ডাউনলোড	করতে	12
ট্রাই	করি	নাই	12
বেস্ট	অফ	লাক	12
এই	পোস্ট	আমি	12
আইডি	টা	দিবেন	12
আপনার	পোস্ট	এ	12
না	কি	করব	12
ইউসার	ভাই	প্লিজ	12
আমার	মোবাইল	এ	12
কাজ	করতেসে	না	12
আমাকে	একটু	হেল্প	12
দিলে	অনেক	ভালো	12
না	প্লিজ	ভাই	12
নাইস	পোস্ট	ভাই	12
হচ্ছে	না	তো	12
পছন্দ	হয়	এমন	12
রিভিউ	মাই	পোস্ট	12
দিয়ে	ট্রাই	করে	12
ঘুম	থেকে	উঠে	12
আমার	মনে	হচ্ছে	12
কিছু	দিন	পর	12
থ্যাংকস	ফর	ইউর	12
ফর	ইউর	কমেন্ট	12
দেখতে	ভালো	লাগে	12
কিছু	করতে	পারে	12
অনেক	কিছু	শিখতে	12
আর	একটা	কথা	11
করতে	পারি	নাই	11
দিয়ে	ট্রাই	করলাম	11
নাম্বার	টা	দেন	11
ভাই	আপনার	কাছে	11
পোস্ট	করার	পর	11
আপনার	ফেসবুক	লিংক	11
টা	দেওয়া	যাবে	11
এইটা	দিয়ে	কি	11
দিয়ে	ট্রাই	করছি	11
এর	নাম	বলেন	11
করার	কোন	ওয়ে	11
করতে	হবে	না	11
তাহলে	কি	হবে	11
কিছুই	বুঝতে	পারলাম	11
আপনার	পোস্ট	গুলা	11
ভাই	একটু	হেল্প	11
কথা	বলবেন	না	11
আইডি	হ্যাক	করতে	11
গুগল	ড্রাইভ	এ	11
নিয়ে	পোস্ট	করা	11
নেক্সট	পোস্ট	এ	11
নিয়ে	পোস্ট	আছে	11
স্টে	উইথ	ট্রিকবিডি	11
যাচ্ছে	না	কেন	11
তো	হচ্ছে	না	11
আমাকে	অথর	বানান	11
না	আর	এটা	11
ডাউনলোড	করা	যাবে	11
বেশি	পাওয়া	যায়	11
কপি	মুক্ত	পোস্ট	11
অনেক	ট্রাই	করছি	11
আগে	থেকেই	ইউজ	11
আর	যদি	না	11
কোনো	সমস্যা	হবে	11
কি	হবে	না	11
সাথে	কথা	বলবে	11
দিয়ে	করা	যায়	11
সাইট	থেকে	ডাউনলোড	11
কি	আমার	সাথে	11
আপনার	জন্য	অপেক্ষা	11
দিলে	খুব	ভালো	11
নট	ফাউন্ড	দেখায়	11
আমাকে	টিউনার	করেন	11
ভাই	আমার	পোস্টগুলো	11
ফ্রি	নেট	বের	11
উপায়	আছে	কি	11
ফোন	রুট	করতে	11
দেখা	যাচ্ছে	না	11
স্টোর	থেকে	ডাউনলোড	11
প্লিজ	আমাকে	হেল্প	11
ট্রাই	না	করে	11
করে	ট্রাই	করুন	11
আপনি	ট্রাই	করে	11
দিয়ে	দেখতে	পারেন	11
আমার	কাছে	আছে	11
একটা	পোস্ট	করুন	11
করার	চেষ্টা	করবো	11
প্লিজ	প্লিজ	হেল্প	11
পোস্ট	করতে	পারি	11
ভাই	আমার	কাছে	11
আমার	বাবা	মা	11
থ্যাংকস	ফর	পোস্ট	11
কারো	কাছে	থাকলে	11
এর	জন্য	কোন	11
ঠিক	হয়	না	11
সব	কিছু	ঠিক	11
ইউসার	ভাই	আমি	11
রবি	সিম	এ	11
ইউসার	ভাই	আমাকে	11
থ্যাংকস	ফর	শেয়ারিং	11
ভাই	সব	ঠিক	11
তোমার	সাথে	আমার	11
মন	চায়	না	11
জিপি	সিম	এ	11
নিয়ে	পোস্ট	করবেন	11
আমি	আপনার	জন্য	11
আইডি	দেন	প্লিজ	11
মেনি	থ্যাংকস	ব্রো	11
থেকে	কপি	করা	11
মেয়াদ	বাড়াবো	কিভাবে	11
লিংক	দেওয়া	আছে	11
আমার	প্রোফাইল	এ	11
ভাই	আমি	ট্রিকবিডি	11
অপশন	আসে	না	11
পোস্ট	এ	কমেন্ট	11
থাকলে	শেয়ার	করেন	11
ভাই	ইউজার	ভাই	11
কথা	শোনা	যায়	11
হলে	আরো	ভালো	11
আরো	ভালো	লাগতো	11
আপনি	কি	এখানে	11
অনেক	কিছু	বুঝতে	11
অনেক	ভাল	লাগে	11
কথা	বলতে	পারেন	11
সারা	রাত	জেগে	11
দায়িত্ব	পালন	করে	11
প্রয়োজন	হয়	না	11
বিষয়	নিয়ে	কথা	11
আমি	আগেই	বলেছি	11
এটা	নিয়ে	অনেক	10
থ্যাংক	ইউ	ভাইয়া	10
কি	ভাবে	করবো	10
অ্যাপ	এর	নাম	10
করেন	পেয়ে	যাবেন	10
ডাউনলোড	করতে	পারবেন	10
করলেই	তো	হয়	10
ফোন	এ	হবে	10
দিয়ে	করতে	হবে	10
এফবি	আইডি	দিন	10
কাজ	করতে	হবে	10
ব্রাউজার	দিয়ে	ট্রাই	10
টা	বুঝলাম	না	10
অনেক	অনেক	ধন্যবাদ	10
যদি	না	হয়	10
ওয়াইফাই	হ্যাক	করা	10
ছাড়া	হবে	না	10
টা	একটু	দিবেন	10
হয়ে	গেছে	এখন	10
প্লিজ	রিভিউ	মাই	10
এই	পোস্ট	এ	10
হ্যাক	হয়	না	10
থ্যাংকস	ভাই	আমার	10
কাজ	করতে	হয়	10
আমার	জানা	মতে	10
প্লিজ	ভাই	আমাকে	10
লাকি	প্যাচার	দিয়ে	10
ড্রাইভ	এ	আপলোড	10
অফ	হয়ে	গেসে	10
অন্য	সিম	দিয়ে	10
তা	না	হলে	10
ডাটা	ক্লিয়ার	করে	10
পোস্ট	করতে	চাই	10
আর	হয়	না	10
কিংরুট	দিয়ে	রুট	10
আমার	সাইট	এ	10
পারছি	না	হেল্প	10
টাকা	কেটে	নিবে	10
ভাই	আমি	অনেক	10
আমার	ফোন	রুট	10
আপনার	ফোন	নাম্বার	10
ভাই	আমি	আপনার	10
লিঙ্ক	দেন	প্লিজ	10
টা	ঠিক	করেন	10
ডিসকানেক্ট	হয়ে	যায়	10
পোস্ট	গুলা	দেখেন	10
একটা	পোস্ট	দিন	10
অনেক	বার	ট্রাই	10
নাইস	পোস্ট	ভাইয়া	10
এটা	কোনো	পোস্ট	10
ভাইয়া	আমার	ফোন	10
দেয়া	যায়	না	10
অ্যান্ড্রয়েড	এর	জন্য	10
অনেক	আগেই	পোস্ট	10
পোস্ট	ডিলিট	করে	10
হয়	না	আমার	10
ফেসবুক	আইডি	টা	10
ভালো	হতো	আর	10
আরো	ভালো	হতো	10
প্লিজ	আমার	পোস্ট	10
আবার	ট্রাই	করুন	10
ভাই	আপনি	যদি	10
জিপি	সিম	দিয়ে	10
বের	হয়ে	যায়	10
শেয়ার	করেন	প্লিজ	10
কাজ	করা	যায়	10
কিছু	দিন	আগে	10
অন	হয়	না	10
থ্যাংক	ইউ	ফর	10
অফ	করে	দিসে	10
ট্রাই	করছি	বাট	10
করব	প্লিজ	হেল্প	10
টিউনার	করেন	প্লিজ	10
ভাই	আপনি	তো	10
ব্রো	আপনার	এফবি	10
দেন	প্লিজ	ভাই	10
অফ	হয়ে	যায়	10
তো	বুঝলাম	না	10
তো	হয়	না	10
টাকা	১	জিবি	10
করার	কোনো	উপায়	10
টা	ভালো	করে	10
অনেক	দিন	থেকে	10
ট্রিক	বিডি	এর	10
বলেন	প্লিজ	প্লিজ	10
আমাকে	অথর	করেন	10
এফবি	আইডি	হ্যাক	10
তো	সবাই	জানে	10
আপনার	সাথে	আমার	10
আমার	এফবি	আইডি	10
আইডি	লিংক	দেন	10
ট্রাই	করসি	হয়	10
কিছু	শেয়ার	করার	10
সাইট	এর	লিংক	10
ইউটিউব	চ্যানেল	এর	10
ট্রাই	করলাম	বাট	10
একটা	ভালো	পোস্ট	10
ওয়েবসাইট	থেকে	ডাউনলোড	10
দিয়ে	একটা	পোস্ট	10
বলতে	পারছি	না	10
প্লিজ	ইউজার	ভাই	10
তৈরি	করা	হয়	10
একটু	দেখেন	প্লিজ	10
বলে	মনে	হয়	10
ভালো	করে	পড়েন	10
পাশে	থাকার	জন্য	10
কি	ঠিক	হবে	10
কী	করতে	পারি	10
আপনি	কি	আমার	10
করা	হয়	এবং	10
আমার	বড়	বোনের	10
মন	ভালো	নেই	10
আম্মা	আমার	জন্য	10
আমাকে	গতকাল	একটা	10
গতকাল	একটা	ছেলের	10
ছেলের	সাথে	দেখা	10
আমার	একদমই	ভালো	10
ঘুম	থেকে	উঠেই	10
আমার	বাসার	দারওয়ান	10
ঘুরতে	অনেক	ভালো	10
বিরক্ত	করো	না	10
আমাকে	অনেক	অপমান	10
বই	পরতে	অনেক	10
ছোট	ভাই	বিদ্যালয়ে	10
বিদ্যালয়ে	গিয়ে	পড়ালেখা	10
গিয়ে	পড়ালেখা	করতে	10
বিদ্যালয়ের	মাঠে	মাথা	10
মাঠে	মাথা	ঘুরিয়ে	10
মাথা	ঘুরিয়ে	পরে	10
আজকে	সকালে	ফুটবল	10
এখন	তাঁর	বন্ধুদের	10
তাঁর	বন্ধুদের	সাথে	10
বন্ধুদের	সাথে	সিগারেট	10
সাথে	সিগারেট	খায়	10
কি	আমাকে	আগে	10
চিনতে	পারল	না	10
পড়ালেখা	করা	উচিত	10
অনেক	রাত	হয়েছে	10
রাত	হয়েছে	এখন	10
বিদ্যালয়ে	গিয়ে	বন্ধুদের	10
গিয়ে	বন্ধুদের	সাথে	10
বন্ধুদের	সাথে	গল্প	10
সাথে	গল্প	করে	10
বিদ্যালয়ের	মাঠে	প্রতিদিন	10
মাঠে	প্রতিদিন	ক্রিকেট	10
প্রতিদিন	ক্রিকেট	খেলে	10
ছোট	শিশু	ফুটপাতে	10
স্কুল	জীবন	থেকে	10
প্রচণ্ড	মাথা	ব্যথা	10
মাথা	ব্যথা	করছিলো	10
সব	কিছু	হার	10
কিছু	হার	মেনে	10
হার	মেনে	যায়	10
বিদেশে	গিয়ে	পড়ালেখা	10
গিয়ে	পড়ালেখা	করার	10
পড়ালেখা	করার	স্বপ্ন	10
সাথে	পরিচিত	হয়ে	10
পরিচিত	হয়ে	ভালো	10
হয়ে	ভালো	লাগলো	10
মধ্যে	জায়গা	জমি	10
জায়গা	জমি	নিয়ে	10
জমি	নিয়ে	ঝগড়া	10
নিয়ে	ঝগড়া	হয়	10
দোকানে	যেতে	হবে	10
আবেগে	চোখে	পানি	10
পানি	চলে	আসছে	10
গালি	দেওয়ার	সুযোগ	10
দেওয়ার	সুযোগ	করে	10
লাইনে	দাঁড়িয়ে	আছে	10
এত	গরীব	আগে	10
গরীব	আগে	কেন	10
তুমি	ছাড়া	এই	10
ছাড়া	এই	পৃথিবীতে	10
এই	পৃথিবীতে	আমার	10
পৃথিবীতে	আমার	আর	10
আমার	আম্মু	আমাকে	10
আমাকে	সবার	সামনে	10
সবার	সামনে	মারতে	10
সামনে	মারতে	মারতে	10
মারতে	মারতে	বাসায়	10
মারতে	বাসায়	নিয়ে	10
বাসায়	নিয়ে	আসে	10
কমেন্ট	পড়তে	আসবে	10
একদিন	বিবেকের	কাছে	10
মনের	ভালোবাসা	চিরদিন	10
কি	করে	বুঝাবো	10
দেখে	থমকে	দারিয়ে	10
থমকে	দারিয়ে	ছিলাম	10
খুব	কষ্টে	নিজেকে	10
কষ্টে	নিজেকে	সামলে	10
খুব	গরম	লাগছে	10
অনেক	ঠাণ্ডা	লাগছে	10
খুব	মন	খারাপ	10
আম্মু	আমার	জন্য	10
একটি	লাল	গোলাপ	10
লাল	গোলাপ	কিনে	10
আমার	স্বামীর	সাথে	10
ভালোবাসা	দেওয়াতেই	বেশি	10
দেওয়াতেই	বেশি	আনন্দ	10
তাকে	ছেড়ে	দাও	10
জন্য	সব	কিছু	10
তাকে	যদি	না	10
যদি	না	বুঝতে	10
এই	প্রেমের	কোনো	10
প্রেমের	কোনো	অর্থ	10
নিজে	অসুখী	হয়ে	10
অন্যকে	ভালোবেসে	সুখী	10
কারো	জীবনে	সুখ	10
সুখ	এনে	দেবে	10
না	অন্য	কারও	10
অন্য	কারও	ভালোবাসাকে	10
কারও	ভালোবাসাকে	ছিনিয়ে	10
ভালোবাসাকে	ছিনিয়ে	নিতে	10
জোর	করে	অন্যের	10
করে	অন্যের	ভালো	10
অন্যের	ভালো	লাগার	10
ভালো	লাগার	মানুষ	10
লাগার	মানুষ	হতে	10
কোনও	নিশ্চয়তা	নেই	10
আমার	এই	মন	10
মনের	কথা	লুকিয়ে	10
মুখে	বলে	দেওয়া	10
বলে	দেওয়া	যায়না	10
কথার	মাঝে	ওই	10
মাঝে	ওই	একটা	10
ওই	একটা	কথা	10
যতদিন	বেঁছে	থাকি	10
যত	কষ্ট	হোক	10
পড়াশোনা	করে	কি	10
কি	হবে	যদি	10
চাঁদের	মিষ্টি	আলো	10
আলো	দেখতে	আমার	10
দেখতে	আমার	খুব	10
বিয়ে	করার	জন্য	10
আরেকটা	দিন	এগিয়েছে	10
জন্য	মনে	আমার	10
মনে	আমার	অফুরন্ত	10
আমি	এবং	আমার	10
অসম্ভব	সুন্দরী	লাগে	10
ভালোবাসার	মানুষটার	কথা	10
পুরাতন	ইতিহাস	মনে	10
ইতিহাস	মনে	পড়ে	10
এক	সন্ধ্যায়	অফিস	10
সন্ধ্যায়	অফিস	থেকে	10
অফিস	থেকে	বাসায়	10
থেকে	বাসায়	ফিরে	10
চিৎকার	করে	কাঁদতে	10
করে	কাঁদতে	ইচ্ছে	10
কাঁদতে	ইচ্ছে	করে	10
তুমি	চলে	যাওয়ার	10
চলে	যাওয়ার	পর	10
কেমন	যেন	শান্ত	10
যেন	শান্ত	হয়ে	10
শান্ত	হয়ে	গেছে	10
মার	আদর	ভালোবাসা	10
আদর	ভালোবাসা	ছাড়া	10
সত্যিই	খুব	কঠিন	10
সময়	পার	করছ	10
বাবা	হয়ে	মায়ের	10
হয়ে	মায়ের	দায়িত্ব	10
মায়ের	দায়িত্ব	পালন	10
দায়িত্ব	পালন	করা	10
একমাত্র	তার	মায়ের	10
তার	মায়ের	কোলেই	10
মায়ের	কোলেই	মানায়	10
আমার	কোলে	এসে	10
খোঁজে	মনে	হয়	10
দিকে	তাকিয়ে	অনেক	10
তাকিয়ে	অনেক	কিছু	10
কিছু	বুঝতে	পারি	10
ভালো	চাকরি	করে	10
মাসে	ছেলে	তার	10
ছেলে	তার	পরিবার	10
তোমার	পরিবারের	সাথে	10
পরিবারের	সাথে	কথা	10
দুজনের	বিয়ে	হওয়ার	10
বিয়ে	করতে	রাজি	10
আমার	পছন্দ	হয়	10
পছন্দ	হয়	না	10
মানুষেরা	কখনো	ঠিক	10
তার	পরিবারের	পছন্দে	10
মামলা	চায়	না	10
বিষয়টা	জানাজানি	হলে	10
সংসার	টিকবে	না	10
সাথে	সারা	রাত	10
রাত	জেগে	কথা	10
জেগে	কথা	বলে	10
প্রতি	মাসে	মাসে	10
সাত	মাস	প্রেম	10
মাস	প্রেম	করে	10
প্রেম	করে	একজনকে	10
করে	একজনকে	বিয়ে	10
বলেছিলাম	বিয়েটা	করে	10
বিয়েটা	করে	ফেলো	10
শুধু	তোমার	ভালোর	10
তোমার	ভালোর	জন্য	10
নেই	আমি	এটা	10
আমি	এটা	মানতে	10
এটা	মানতে	পারছি	10
বাবার	সাথে	কথা	10
কথা	বলতে	চায়	10
আমরা	খুব	খুশি	10
বন্ধুরা	সত্যিই	ভালো	10
সত্যিই	ভালো	হৃদয়ের	10
ভালো	হৃদয়ের	মানুষ	10
বন্ধুরা	সবাই	খুব	10
সবাই	খুব	মেধাবী	10
আমার	বন্ধুদের	সাথে	10
বন্ধুদের	সাথে	ঘুরতে	10
আমার	গ্রামের	মানুষদের	10
মধ্যে	কোন	রকম	10
কোন	রকম	ঝগড়া	10
রকম	ঝগড়া	নেই	10
সুন্দর	সুন্দর	ছবিগুলো	10
সুন্দর	ছবিগুলো	দেখে	10
ভয়	লাগছে	কোনো	10
লাগছে	কোনো	দিন	10
কোনো	দিন	আমি	10
দিন	আমি	কিডন্যাপ	10
আমি	কিডন্যাপ	হয়ে	10
কিডন্যাপ	হয়ে	না	10
হয়ে	না	যাই	10
আজ	সিঙ্গেল	বলে	10
বাস্তব	জীবনে	বিয়ের	10
জীবনে	বিয়ের	পরই	10
আজ	গরিব	বলে	10
একমাত্র	মেয়েরাই	পারে	10
ছেলেদের	সহজ	সরল	10
সহজ	সরল	মনটা	10
গাড়ির	নিচে	পরে	10
তুমি	ছাড়া	আমার	10
ছাড়া	আমার	জীবনটা	10
আমার	জীবনটা	অন্ধকার	10
সমস্যা	নিয়ে	ডাক্তারের	10
নিয়ে	ডাক্তারের	কাছে	10
বেশি	দিন	বাঁচে	10
দিন	বাঁচে	না	10
ছুটির	দিনেও	কলেজে	10
দিনেও	কলেজে	যায়	10
বাংলা	সিনেমা	দেখতে	10
ধন্যবাদ	জানাতে	চাই	10
আমাকে	একটি	ছবি	10
ফুটবল	খেলতে	মাঠে	10
ভুল	করে	ফেলেছি	10
কিছু	মানুষ	অনেক	10
অনেক	স্বার্থপর	হয়	10
রাগ	অনেক	বেশী	10
মাথা	গরম	থাকে	10
আমার	পছন্দ	না	10
আজ	সকালে	চা	10
সব	কথা	খুবই	10
কথা	খুবই	মনোযোগ	10
খুবই	মনোযোগ	দিয়ে	10
লোক	দেখানো	শেষ	10
মেরে	কথা	বলেনি	10
দুইবেলা	ভাত	খেতে	10
আমি	কল্পনার	চেয়েও	10
কল্পনার	চেয়েও	বেশি	10
চেয়েও	বেশি	সুখী	10
খাবারে	লবণ	কম	10
আম্মু	সব	সময়	10
সময়	বেশ	হাসি	10
আমাকে	আর	কত	10
আর	কত	অবাক	10
খাবারে	লবণ	একটু	10
একটু	বেশী	হয়ে	10
বেশী	হয়ে	গেসে	10
কম	হলে	আরো	10
না	বুঝে	বেশী	10
বুঝে	বেশী	কথা	10
চোখ	থাকে	অন্য	10
থাকে	অন্য	মেয়েদের	10
অন্য	মেয়েদের	দিকে	10
বন্ধুদের	সাথে	আড্ডা	10
সাথে	আড্ডা	দেয়	10
আমার	কাছে	ধরা	10
কাছে	ধরা	পড়ার	10
ধরা	পড়ার	পরেও	10
আমার	পড়াশোনার	খরচ	10
পড়াশোনার	খরচ	দিতে	10
খরচ	দিতে	চায়	10
দিতে	চায়	না	10
আগে	নেশায়	আসক্ত	10
নেশায়	আসক্ত	ছিল	10
সারাদিন	বাহিরে	বাহিরে	10
আমার	ফুফু	চাচারাও	10
ঘুম	থেকে	উঠতে	10
উঠতে	পারে	না	10
প্রচন্ড	অলস	একটা	10
অলস	একটা	কাজ	10
একটা	কাজ	সময়মতো	10
কাজ	সময়মতো	করতে	10
সময়মতো	করতে	পারে	10
জরুরি	কথা	আছে	10
জন্য	অপেক্ষা	করতে	10
আমার	কাছে	ক্ষমা	10
কাছে	ক্ষমা	চাও	10
তোমার	কথা	শুনে	10
অবাক	হয়ে	গেছিলাম	10
অনেক	খারাপ	আচরন	10
খারাপ	আচরন	করে	10
সে	আমার	পরিবারের	10
আমার	পরিবারের	কাউকে	10
পরিবারের	কাউকে	সম্মান	10
কাউকে	সম্মান	করেনা	10
তাকে	বিয়ে	করবে	10
বিয়ে	করবে	না	10
করবে	না	বলে	10
আমার	জন্য	মেয়ে	10
দেখা	শুরু	করলো	10
বছর	পরে	বিয়ে	10
পরে	বিয়ে	করতে	10
সমস্ত	সম্পত্তি	বিক্রি	10
সবাইকে	বুঝিয়ে	বুঝিয়ে	10
বুঝিয়ে	বুঝিয়ে	ক্লান্ত	10
বুঝিয়ে	ক্লান্ত	যে	10
বিয়ে	দিতে	চেয়েছিল	10
মান	সন্মানের	ভয়ে	10
আমার	মা	মারা	10
আমার	সাথে	তার	10
দয়া	করে	পরামর্শ	10
করে	পরামর্শ	দিন	10
ইচ্ছা	ছিল	না	10
আমাদের	সাথে	দেখা	10
ঈদের	আগের	দিন	10
ছেলের	সাথে	বিয়ে	10
সাথে	বিয়ে	ঠিক	10
কেরোসিন	তেলের	দাম	10
আম্মু	রান্নাঘরে	বসে	10
মাংস	রান্না	করছে	10
দিয়ে	ভাত	খেতে	10
খেতে	খুব	ভালবাসে	10
আসার	সময়	অনেক	10
একটি	মুরগির	বাচ্চা	10
লাকড়ির	চুলায়	রান্না	10
লাউ	দিয়ে	চিংড়ি	10
দিয়ে	চিংড়ি	মাছের	10
চিংড়ি	মাছের	ঝোল	10
খুব	পছন্দ	করে	10
গ্রামের	বাড়ীর	উঠানে	10
বাড়ীর	উঠানে	খেলছে	10
তেল	দিয়ে	মাছ	10
দিয়ে	মাছ	ভাজা	10
চুল	পড়া	কমায়	10
টমেটো	বিক্রি	করে	10
অসুস্থ	হয়ে	যাচ্ছি	10
রক্ত	পানি	হয়ে	10
ধরে	সর্দি	কাশি	10
অনেক	বড়	একটি	10
পরিষ্কার	করতে	হবে	10
তরকারি	রান্না	করছে	10
সিলেট	থেকে	ঢাকায়	10
কাঁচা	আমের	শরবত	10
জন্য	শসার	সুপ	10
আমি	পারবো	না	10
আমার	মা	আমাকে	10
আমার	বাসার	কাজের	10
বাসার	কাজের	মেয়েটি	10
আমাকে	পড়ালেখা	করতে	10
কি	পড়ালেখা	করতে	10
ভাল	লাগে	নাহ	10
আমার	বিদ্যালয়ে	যেতে	10
সে	তার	গ্রামের	10
একটি	বিদ্যালয়ে	পড়ালেখা	10
বিদ্যালয়ে	পড়ালেখা	করে	10
সে	বিদ্যালয়ের	মাঠে	10
আমি	আজকে	সকালে	10
অল্পবয়সী	একটি	ছেলে	10
একটি	ছেলে	বাইরে	10
ছেলে	বাইরে	ফুটপাতে	10
বাইরে	ফুটপাতে	দৌড়াচ্ছে	10
আমি	একজন	ছেলে	10
আমার	স্বামী	আমাকে	10
বহুদিন	পরে	একটা	10
মাঝে	মাঝে	মনে	10
না	দেখার	ভান	10
নেই	তুমি	ছাড়া	10
তারা	তা	নিজেও	10
তা	নিজেও	জানেনা	10
কি	মন	খারাপ	10
আমার	বন্ধু	আমাকে	10
শুনে	চোখে	পানি	10
পানি	চলে	আসলো	10
তোমার	কন্যাকে	নিয়ে	10
আর	কোন	দিন	10
জানতে	পারি	আমার	10
আমাদের	তিন	বছরের	10
পরিচয়	গোপন	রাখবেন	10
এক	মাস	আগে	10
সাথে	ঝগড়া	করে	10
পানি	দিচ্ছে	না	10
সাথে	ভালো	সম্পর্ক	10
পালন	করছে	না	10
বড়	হয়ে	গেছি	10
অনেক	ব্যথা	করছে	10
আপনার	সাথে	দেখা	10
প্রশ্নের	জবাব	দিতে	10
বাংলা	নাটক	দেখতে	10
নাটক	দেখতে	পারেন	10
কবিতা	লিখতে	পারেন	10
তুই	আমার	সঙ্গে	10
তুই	আমার	জন্য	10
তুই	কি	কখনো	10
তুই	কি	আমার	10
আমি	ফুটবল	খেলতে	10
আমার	পছন্দের	ফুটবল	10
ফুটবল	দলকে	সমর্থন	10
নীল	আকাশের	নিচে	10
আব্বু	বিদেশে	থাকে	10
সকালে	পড়াশোনা	করা	10
পড়াশোনা	করা	ভালো	10
সকালের	শুরুতেই	পড়াশোনা	10
শুরুতেই	পড়াশোনা	শুরু	10
পড়াশোনা	শুরু	করা	10
নীল	আকাশ	দেখতে	10
একদমই	ভালো	লাগে	10
আপনি	কেমন	আছেন	10
তুমি	কি	চাকরি	10
কি	চাকরি	করছো	10
যেখানে	কেউ	নেই	10
তিন	ভাই	ছিল	10
ভাই	ছিল	কিন্তু	10
ছিল	কিন্তু	তাদের	10
সে	তার	পরিবারকে	10
তার	সাথে	কথা	10
সাথে	কথা	বলেছি	10
খেতে	পছন্দ	করি	10
আমি	আমার	গ্রামের	10
তোমার	কেমন	লাগে	10
আমি	তোমায়	ভালবাসি	10
আজকে	অনেক	মানুষ	10
আমার	কালো	জামা	10
আমি	ভালো	নেই	10
তুমি	কি	চাও	10
রঙ	আমার	অনেক	10
আজ	সকালে	আমার	10
আমার	সব	কথা	10
আমার	দুই	বিয়ে	10
গায়ে	হাত	তোলে	10
তুমি	ঘুম	থেকে	10
আমার	প্রশ্নের	জবাব	10
আমি	অবাক	হয়ে	10
দেখে	অসুস্থ	বলে	10
অসুস্থ	বলে	মনে	10
আমি	বড়	মেয়ে	10
সমাধান	কোথায়	পাবো	10
চুপ	করে	আছি	10
আমার	বাবার	বাসায়	10
আমার	বাবা	অসুস্থ	10
সমাধান	হয়ে	গেছে	10
আপনি	নিজে	কিছু	10
আমাকে	বিয়ে	করেছে	10
নিজ	বাড়ি	থেকে	10
সম্পত্তি	বিক্রি	করিয়ে	10
আমার	গার্লফ্রেন্ড	এর	10
কোনো	সমস্যা	করতে	10
সমস্যা	করতে	পারবে	10
তার	সাথে	ঘটে	10
সাথে	ঘটে	যাওয়া	10
ঘটে	যাওয়া	ঘটনা	10
দুই	বছর	আগে	10
আমি	নাকি	বেইমান	10
সে	পারবে	না	10
আমি	আমার	বাবা	10
আমার	স্বামী	আমার	10
আমার	স্বামী	বাসায়	10
পছন্দ	করে	না	10
সে	আমার	সাথে	10
আমি	জেনে	গেছি	10
জেনে	গেছি	শুনে	10
একটা	কষ্টের	কথা	10
পর	পর	৩	10
পর	৩	বছর	10
তোমার	সব	কথা	10
আমার	বিয়ের	বয়স	10
বিয়ের	সময়	বলছিলো	10
শিক্ষার্থী	নতুন	ভর্তি	10
নতুন	ভর্তি	হয়েছে	10
আমি	আগে	দেখিনি	10
আমাকে	দেখে	খুব	10
দেখে	খুব	খুশি	10
খুব	খুশি	হলো	10
নিয়ে	কথা	বলছিলেন	10
ঠিক	করা	হলো	10
করা	হলো	সবাই	10
হলো	সবাই	মিলে	10
মানুষের	ভাষা	এক	10
বড়ো	বড়ো	গাছ	10
ভালো	আছ	জেনে	10
আছ	জেনে	খুশি	10
জেনে	খুশি	হলাম	10
দেশের	টাকা	আছে	10
তোমাকে	একটা	উপহার	10
একটা	উপহার	দিতে	10
উপহার	দিতে	চাই	10
প্রিয়	একটা	বই	10
একটা	বই	হারিয়ে	10
বই	হারিয়ে	গেছে	10
সে	হয়তো	পড়ার	10
হয়তো	পড়ার	জন্যই	10
পড়ার	জন্যই	নিয়েছে	10
বইটা	পাওয়া	গেছে	10
না	বুঝে	অন্যদের	10
বুঝে	অন্যদের	দোষ	10
অন্যদের	দোষ	দিচ্ছিল	10
নানা	রকম	ফুল	10
বড়ো	বোন	কিছু	10
বোন	কিছু	পেয়ারা	10
আমি	অন্যের	সাথে	10
অন্যের	সাথে	কথা	10
সাথে	কথা	বলি	10
তার	কাছে	অনেক	10
কয়েক	দিন	অপেক্ষা	10
বাসার	কাছে	রাস্তার	10
কাছে	রাস্তার	পাশে	10
চোখের	আড়াল	হয়ে	10
আড়াল	হয়ে	গেছে	10
আমগাছের	দিকে	তাকিয়ে	10
দিকে	তাকিয়ে	একটি	10
তাকিয়ে	একটি	মেয়ে	10
একটি	মেয়ে	বলল	10
সবাই	যখন	পড়তে	10
যখন	পড়তে	বসে	10
সব	কাজ	এমন	10
কাজ	এমন	এলোমেলো	10
এমন	এলোমেলো	হচ্ছে	10
এলোমেলো	হচ্ছে	কেন	10
আরেকটু	বড়ো	হলে	10
বড়ো	হলে	কী	10
হলে	কী	করবে	10
মন	খুব	খারাপ	10
খুব	খারাপ	ছিল	10
সকাল	হয়ে	গেছে	10
তোমাদের	কারো	বিশ্বাস	10
কারো	বিশ্বাস	হবে	10
বিশ্বাস	হবে	না	10
তিনি	আমার	কথার	10
আমার	কথার	জবাবে	10
ওজন	কমানোর	জন্য	10
ভাত	খেতে	আমার	10
লাউ	চাষের	জন্য	10
গ্রামের	বাড়িতে	ঘুরতে	10
কি	গরম	লাগছে	10
চলোনা	দুজনে	মিলে	10
কি	কোনো	ভুল	10
আপনি	কি	গান	10
এই	পোস্ট	করা	9
ট্রিকবিডি	সাপোর্ট	টিম	9
থেকে	ডাউনলোড	করেন	9
আপনার	ফোন	এ	9
পোস্ট	টা	আমি	9
রুট	হচ্ছে	না	9
করা	যেতে	পারে	9
প্লিজ	ভাই	আমার	9
আমার	পোস্ট	এ	9
কোন	ব্রাউজার	দিয়ে	9
ইএস	ফাইল	এক্সপ্লোরার	9
খুব	উপকৃত	হতাম	9
ভাই	আমাকে	অথর	9
করতে	পারছিনা	প্লিজ	9
কি	করা	যাবে	9
হেল্প	করবেন	আমি	9
লিংক	ঠিক	নাই	9
আমি	পোস্ট	টা	9
লিংক	টা	দিলে	9
ওপেন	হচ্ছে	না	9
ভাই	নাইস	পোস্ট	9
কিছু	বলার	নাই	9
কেউ	হেল্প	করেন	9
এ	সার্চ	দেন	9
মোবাইল	এর	জন্য	9
আমার	জানা	নাই	9
এর	কথা	বলছি	9
ডাটা	অন	করলে	9
কিছু	বুঝলাম	না	9
ফোন	অফ	করে	9
কিং	রুট	দিয়ে	9
করবো	প্লিজ	বলবেন	9
আপনার	সাথে	কন্টাক্ট	9
করে	দিতে	হবে	9
প্লিজ	টিউনার	মি	9
হয়ে	যায়	আর	9
ভাই	আমি	আপনাকে	9
কিছু	করতে	হবে	9
ভাই	খুব	ভালো	9
ঠিক	করেন	প্লিজ	9
আপনার	পোস্ট	এর	9
ভাই	আপনি	কোন	9
করার	দরকার	কি	9
রুট	করতে	হবে	9
লিংক	ঠিক	আছে	9
পোস্ট	গুলো	দেখেন	9
দেওয়ার	জন্য	থ্যাংকস	9
যারা	জানেনা	তাদের	9
আপনার	মোবাইল	এর	9
ট্রিকবিডি	এর	মতো	9
করে	দেখতে	হবে	9
আর	না	হলে	9
টা	দেয়া	যাবে	9
এর	জন্য	প্লিজ	9
অথর	বানান	প্লিজ	9
ট্রিকবিডি	তে	শেয়ার	9
এটা	অনেক	ভালো	9
আবার	নতুন	করে	9
ভাই	লিংক	টা	9
করতে	হলে	কি	9
ভিডিও	দিলে	ভালো	9
নিয়ে	অলরেডি	পোস্ট	9
ভাই	আমি	কি	9
করতে	কি	এমবি	9
লিঙ্ক	দিন	প্লিজ	9
আমার	খুব	দরকার	9
টাকা	ইনকাম	করতে	9
ডাউনলোড	করতে	পারেন	9
এ	টু	জেড	9
ভাই	প্লিজ	আপনার	9
এর	কাস্টম	রোম	9
না	প্লিজ	একটু	9
ইন্টারনেট	প্যাক	কিনতে	9
তে	পোস্ট	আছে	9
ঠিক	বলছেন	ভাই	9
কোনো	প্রবলেম	হবে	9
ঠিক	হবে	না	9
কানেক্টেড	হয়	না	9
ঠিক	আছে	কিন্তু	9
আপনি	আমার	সাথে	9
ভাই	আপনার	কি	9
এখন	ঠিক	আছে	9
করি	তাহলে	কি	9
কি	কি	করতে	9
এর	কাস্টম	রম	9
কোনটা	ভালো	হবে	9
থেকে	বের	করে	9
তে	পোস্ট	করতে	9
কোনো	ওয়ে	থাকলে	9
এর	জন্য	পোস্ট	9
দিয়ে	কি	করবো	9
পোস্ট	করার	সময়	9
কি	করব	প্লিজ	9
ট্রিকবিডি	এর	সাথেই	9
সাথে	কন্টাক্ট	করতে	9
দিন	পর	আপনার	9
মানে	বুঝলাম	না	9
টার্গেট	আইডি	হ্যাক	9
আমার	পোস্ট	এর	9
ভালো	লাগলো	না	9
প্লিজ	একটা	পোস্ট	9
কোনো	উপায়	নাই	9
ডাউনলোড	করতে	গেলে	9
জন্য	একটা	পোস্ট	9
ভাই	আপনি	যে	9
কাজ	করে	কি	9
পোস্ট	এর	লিংক	9
দেয়া	উচিত	ছিল	9
কাজ	করসে	না	9
অনেক	ট্রাই	করসি	9
আমি	অনেক	দিন	9
ভাই	এফবি	লিংক	9
হবে	না	হলে	9
হয়	না	বাট	9
এমবি	লাগবে	না	9
কোনো	লাভ	নাই	9
করা	হয়	নাই	9
থ্যাংকস	ব্রো	আমি	9
কোন	সাইট	থেকে	9
এ	লগ	ইন	9
আইডি	এর	লিংক	9
গুড	পোস্ট	ব্রো	9
টাকা	কাটবে	নাকি	9
পোস্ট	এর	সাথে	9
ইনস্টল	করার	পর	9
করা	সম্ভব	না	9
নেট	কানেকশন	অন	9
শেষ	হয়ে	গেছে	9
রুট	করলে	কি	9
শেষ	হয়ে	যাবে	9
ইউজ	করছি	বাট	9
কিপ	ইট	আপ	9
জিপি	ইজি	নেট	9
লাভ	হবে	না	9
এমবি	মেয়াদ	বাড়াবো	9
মেয়াদ	৭	দিন	9
কিছু	একটা	করেন	9
খুব	সুন্দর	করে	9
ঠিক	বুঝলাম	না	9
আমি	অনেক	খুশি	9
ইউজার	ভাই	ইউজার	9
এ	ক্লিক	করে	9
ইউজার	ভাই	এর	9
ভালো	একটা	পোস্ট	9
কেউ	হেল্প	করবেন	9
একের	পর	এক	9
আমি	পাই	নাই	9
কাস্টম	রম	ইনস্টল	9
আমার	তো	মনে	9
এর	সাথেই	থাকুন	9
না	কী	করবো	9
কথা	বলে	তাকে	9
বেগুন	তরকারির	ঝোল	9
কাজ	করতে	পারবেন	8
ওয়াইফাই	হ্যাক	করতে	8
আগে	একটা	পোস্ট	8
হয়ে	থাকে	তাহলে	8
কাজ	করলে	থ্যাংকস	8
না	করলে	কি	8
ট্রাই	করলাম	কিন্তু	8
দিতে	পারছি	না	8
কাজ	করে	বাট	8
ভালো	পোস্ট	বাট	8
কমেন্ট	করবেন	না	8
না	ভাই	আপনি	8
খুব	উপকার	হতো	8
ভাই	পোস্ট	টা	8
ফ্রি	নেট	পোস্ট	8
সাথে	যোগাযোগ	করুন	8
প্লিজ	টেল	মি	8
একটু	ভালো	করে	8
না	ট্রাই	করে	8
বাট	ট্রিকবিডি	তে	8
নিয়ে	পোস্ট	চাই	8
হয়	না	কি	8
ডাউনলোড	এর	জন্য	8
করে	থাকেন	তাহলে	8
ফেক	আইডি	দিয়ে	8
প্লিজ	একটু	বলেন	8
আইডি	কার্ড	এর	8
কি	ভাবে	পাবো	8
পাসওয়ার্ড	চেঞ্জ	করে	8
অ্যাড	করবো	কিভাবে	8
কি	পাওয়া	যাবে	8
রুট	লাগবে	নাকি	8
মেয়াদ	বাড়ানো	যায়	8
আমি	আমার	ফোন	8
মেয়াদ	কয়	দিন	8
নিয়ে	পোস্ট	করার	8
দিতে	হবে	নাকি	8
ভাই	পোস্ট	এ	8
এডিট	করা	যায়	8
কিভাবে	করতে	হয়	8
ইউস	করতে	হবে	8
পোস্ট	করা	হবে	8
করতে	পারেন	তাহলে	8
অনেক	সময়	লাগে	8
ওয়াইফাই	হ্যাক	করার	8
ভেরি	ভেরি	থ্যাংকস	8
কিভাবে	করবো	প্লিজ	8
ডাইরেক্ট	ডাউনলোড	লিংক	8
করতে	হবে	তার	8
ভাই	এইটা	দিয়ে	8
এয়ারটেল	সিম	এ	8
তো	দূরের	কথা	8
খুজে	পাচ্ছি	না	8
দেখা	যাবে	না	8
করা	লাগে	না	8
ডাউনলোড	করা	যাচ্ছে	8
না	আশা	করি	8
করার	মানে	কি	8
দিয়ে	কি	আমি	8
থ্যাংক	ইউ	ভেরি	8
আমার	পোস্ট	রিভিউ	8
ভিপিএন	কানেক্ট	করে	8
সার্ভার	ফুল	দেখায়	8
নিয়ে	পোস্ট	করুন	8
পোস্ট	করুন	প্লিজ	8
পোস্ট	কপি	করে	8
যদি	না	পারেন	8
আমার	সাথে	কন্টাক্ট	8
জানেনা	তাদের	জন্য	8
রুট	করা	যায়	8
পোস্ট	করা	হয়	8
করতে	পারছিলাম	না	8
করতে	পারি	প্লিজ	8
আমি	ইউজ	করি	8
আমার	পোস্ট	পাবলিশ	8
ফোন	এ	এই	8
খুঁজে	পাওয়া	যায়	8
আপনি	ভালো	করে	8
পোস্ট	করার	চেষ্টা	8
কিভাবে	রুট	করতে	8
একটা	কাস্টম	রম	8
পোস্ট	করেন	কেন	8
ইউজ	করলে	কি	8
এটা	কি	ধরনের	8
প্যাক	কিনতে	ডায়াল	8
সিম	এ	কি	8
আমি	জানতাম	না	8
অনেক	ট্রাই	করলাম	8
একটা	পোস্ট	করতে	8
দিবেন	প্লিজ	প্লিজ	8
ফেসবুক	আইডি	লিংক	8
আর	আপনি	কি	8
কি	করবো	ভাই	8
আমার	স্যামসাং	গ্যালাক্সি	8
টাকা	রিচার্জ	করলে	8
ভাইয়া	আমি	আপনার	8
এ	পাওয়া	যায়	8
এটা	তো	অনেক	8
পোস্ট	পেন্ডিং	এ	8
পোস্ট	ভালো	করে	8
ভালো	পোস্ট	করবো	8
আপনার	সাথে	যোগাযোগ	8
সাথে	যোগাযোগ	করতে	8
করবো	বলেন	প্লিজ	8
ওয়াইফাই	পাসওয়ার্ড	হ্যাক	8
থ্যাংকস	ভাই	কাজ	8
আমার	ফ্রেন্ড	এর	8
আমি	এর	আগে	8
করার	পর	ও	8
দেওয়া	যাবে	না	8
এফবি	তে	আসুন	8
দিয়ে	ফ্রি	নেট	8
সার্চ	দিয়ে	দেখেন	8
হবে	না	ব্রো	8
আমি	এফবি	তে	8
ভাই	এর	পোস্ট	8
কোনো	পোস্ট	হলো	8
কি	মেয়াদ	বাড়ানো	8
ডাউনলোড	করে	নেন	8
এখন	আমি	কি	8
গুড	পোস্ট	আমি	8
আর	একটা	পোস্ট	8
কাজ	না	করে	8
ভাই	আমি	এটা	8
করতে	চায়	না	8
থাকলে	ভালো	হতো	8
এই	টাইপ	এর	8
পারছি	না	কি	8
ইউসার	ভাই	এর	8
এফবি	আইডি	এর	8
১	টা	পোস্ট	8
নষ্ট	হয়ে	গেছে	8
করলে	ভাল	হয়	8
কি	বিকাশ	এ	8
সাথেই	থাকুন	থ্যাংকস	8
দিয়ে	হয়	না	8
আপনার	সব	পোস্ট	8
আর	না	হয়	8
পোস্ট	আরো	চাই	8
করে	পোস্ট	করার	8
পোস্ট	টি	ভালো	8
পোস্ট	না	করে	8
ভাই	কেউ	কি	8
একটা	টিউটোরিয়াল	দেন	8
হ্যাক	করার	কোনো	8
কিভাবে	হ্যাক	করবো	8
ভাই	ওয়াইফাই	হ্যাক	8
পোর্ট	করতে	হবে	8
ভাই	একটা	কথা	8
লিংক	দিবেন	প্লিজ	8
পোস্ট	করেন	ভাই	8
পোস্ট	ডিলিট	করেন	8
প্লিজ	বলেন	প্লিজ	8
কি	ভাবে	প্লিজ	8
এ	সার্চ	করেন	8
কি	করবো	বলেন	8
হেল্প	করেন	ভাই	8
ওয়েট	করতে	হবে	8
ভাই	আমি	এই	8
এর	থেকে	অনেক	8
থেকে	অনেক	ভালো	8
টা	পোস্ট	করছি	8
পিসি	এর	মতো	8
না	ভাই	আমার	8
করসি	হয়	না	8
একটা	ট্রিক	দেন	8
খুব	ভালো	একটা	8
টাইটেল	ঠিক	করেন	8
বন্ধ	করে	দেয়	8
করলে	ভালো	হত	8
করতে	পারবে	না	8
অলরেডি	পোস্ট	আছে	8
পোস্ট	আছে	ট্রিকবিডি	8
কিছু	করার	চেষ্টা	8
আমি	কি	শুধু	8
আমার	ইউটিউব	চ্যানেল	8
কিছুই	তো	বুঝলাম	8
এটা	কি	এখনো	8
পোস্ট	টা	কপি	8
কিছু	দিন	পরে	8
আর	ও	অনেক	8
চলে	না	ভাই	8
ভালো	পোস্ট	করার	8
ভালো	লাগে	নাই	8
ডাউনলোড	করতে	পারতেছি	8
এর	জন্য	কিছু	8
ভাই	হেল্প	প্লিজ	8
আমি	সব	কিছু	8
এর	কাস্টম	রিকভারি	8
কোনো	সিস্টেম	আছে	8
আইডি	টা	দিন	8
ব্রো	আপনি	কি	8
বিষয়ে	একটা	পোস্ট	8
ভাই	আপনার	এই	8
আপনার	এই	পোস্ট	8
করব	কিভাবে	প্লিজ	8
শেয়ার	করলে	ভালো	8
বাই	দ্যা	ওয়ে	8
না	সব	সময়	8
অনেক	আগে	ইউজ	8
নাইস	পোস্ট	ইউজার	8
ডাউনলোড	করতে	পারছিনা	8
প্লিজ	একটু	হেল্প	8
একটু	ওয়েট	করেন	8
হয়	না	ব্রো	8
লিখে	সার্চ	দেন	8
গুগল	এ	অনেক	8
ভাই	এটা	দিয়ে	8
নেট	ইউজ	করতে	8
ইউজার	ভাই	পোস্ট	8
চাষ	করা	যায়	8
ফাইল	ডাউনলোড	করতে	8
দেন	না	কেন	8
এ	সাপোর্ট	করবে	8
কিছু	আসে	না	8
ইউজ	করতে	হয়	8
তাহলে	ভালো	হতো	8
কি	ফ্রি	নেট	8
নাই	এখন	কি	8
নিয়ে	পোস্ট	করবো	8
আমার	মোবাইল	এর	8
সব	থেকে	ভালো	8
বাট	চলে	না	8
ঠিক	আছে	ভাই	8
ইউজার	ভাই	কে	8
এখানে	পোস্ট	করে	8
অনেক	ভালো	একটা	8
ভিপিএন	ইউজ	করলে	8
হয়	তাহলে	আপনার	8
তারা	আমার	সাথে	8
হতে	পারছি	না	8
এই	রকম	একটা	8
অনেক	দিন	ধরেই	8
টিউনার	প্লিজ	টিউনার	8
দলে	তিনি	মূলতঃ	8
টেলিগ্রাম	গ্রুপ	এ	7
ফোন	এ	কাজ	7
বাড়ানো	যাবে	কি	7
পেন্ডিং	এ	আসে	7
এফবি	আইডি	তে	7
আমি	কি	আমার	7
আপনাকে	একটা	কথা	7
একটা	কথা	বলি	7
রুট	হয়	না	7
না	প্লিজ	প্লিজ	7
এটা	কাজ	করে	7
কাজ	করে	কিনা	7
ফ্রি	নেট	কি	7
নাইস	পোস্ট	থ্যাংকস	7
দিয়ে	কি	কাজ	7
কি	আর	করার	7
পোস্ট	গুলো	রিভিউ	7
কাজ	হবে	না	7
লিংক	কাজ	করছে	7
টাকা	কাটবে	না	7
না	ভাই	অনেক	7
আমার	পোস্ট	দেখেন	7
দিন	এর	মধ্যে	7
ভাই	এইটা	তো	7
জানি	বাট	থ্যাংকস	7
আপনি	কি	জানেন	7
আপনাকে	অনেক	অনেক	7
এপিকে	এডিটর	প্রো	7
করার	সিস্টেম	টা	7
করা	যায়	আর	7
টা	কোথায়	পাবো	7
এর	থেকে	বেশি	7
গুগল	প্লে	সার্ভিস	7
আর	আমার	পোস্ট	7
বাট	কাজ	হয়	7
টি	শেয়ার	করার	7
নেট	চলে	না	7
ও	হয়	না	7
ভাই	এই	টা	7
বন্ধ	করে	দিসে	7
আর	ভালো	লাগে	7
প্লেস্টোর	থেকে	ডাউনলোড	7
কাজ	হলে	থ্যাংকস	7
করার	দরকার	নাই	7
করা	হয়	না	7
কিছু	থাকলে	দেন	7
বলতে	পারবো	না	7
টা	হয়	না	7
হোম	পেজ	এ	7
করার	কোন	উপায়	7
ইউটিউব	চ্যানেল	এ	7
আমার	কাছে	একটা	7
ভাই	এটা	আমার	7
তোমার	এফবি	আইডি	7
ডাউনলোড	লিংক	দিলে	7
ডার্ক	ওয়েব	এ	7
ভাই	আমার	ওয়ালটন	7
আইডি	হ্যাক	করবো	7
কি	বলেন	ভাই	7
তো	কাজ	করে	7
ভালো	লাগবে	না	7
আমার	ফোন	রুটেড	7
কেউ	কি	আমাকে	7
এই	লিংক	থেকে	7
লিখে	সার্চ	করুন	7
পোস্ট	আর	কত	7
কথা	বলেন	কেন	7
ভাই	একটু	বলবেন	7
এ	সার্চ	দিয়ে	7
আশা	করি	ভালো	7
এর	থিম	টা	7
দিয়ে	রুট	করা	7
প্লে	স্টোরে	এ	7
ডাউনলোড	লিঙ্ক	টা	7
ভাই	ট্রিকবিডি	এর	7
আমি	পোস্ট	এ	7
ইউটিউব	এর	ভিডিও	7
দিয়ে	কানেক্ট	হয়	7
অনেক	সুন্দর	হয়েছে	7
স্লো	হয়ে	যায়	7
টা	নিয়ে	পোস্ট	7
থেকেই	ইউজ	করি	7
ফ্রি	নেট	থাকলে	7
এসডি	কার্ড	এ	7
আমার	এক	ফ্রেন্ড	7
ইউটিউব	এ	ভিডিও	7
যদি	একটা	পোস্ট	7
গুগল	সার্চ	করে	7
জানি	না	ভাই	7
থাকলে	শেয়ার	করবেন	7
এটা	অনেক	আগে	7
দিলে	খুব	উপকার	7
চলে	না	কি	7
বলতে	পারেন	না	7
ভাই	অথর	বানান	7
করতে	পারবো	প্লিজ	7
ট্রাই	করলাম	কাজ	7
ভাই	আমার	ও	7
পোস্ট	করলে	কি	7
লিংক	টা	ঠিক	7
নিয়া	একটা	পোস্ট	7
এর	কথা	বলছেন	7
পোস্ট	করা	বন্ধ	7
টা	মানসম্মত	পোস্ট	7
ভাই	এটা	নিয়ে	7
অলরেডি	পোস্ট	করা	7
আমার	পোস্টগুলো	রিভিউ	7
ভালো	পোস্ট	করছি	7
যত	তাড়াতাড়ি	সম্ভব	7
ভাই	আমার	সিম্ফনি	7
রুট	করতে	পারি	7
হওয়ার	কথা	না	7
ফ্রি	নেট	চলে	7
কাস্টম	রিকভারি	টা	7
টা	সিম	এ	7
কথা	বলা	যায়	7
এটা	আমি	অনেক	7
ফ্রি	নেট	আছে	7
প্লিজ	আপনার	এফবি	7
করবো	হেল্প	মি	7
ভাই	এটা	কিভাবে	7
যে	কোনো	একটা	7
আর	হচ্ছে	না	7
কিভাবে	প্লিজ	হেল্প	7
এর	জন্য	কোনটা	7
আপনার	ফোনের	মডেল	7
কপি	করি	নাই	7
আপনার	এফবি	আইডিটা	7
না	ফালতু	পোস্ট	7
আগেই	পোস্ট	করা	7
আমি	আগে	থেকেই	7
ঢুকতে	পারছি	না	7
কোনো	কাস্টম	রম	7
প্রথম	থেকে	শেষ	7
থেকে	শেষ	পর্যন্ত	7
ফোন	রুট	করা	7
কাস্টম	রম	দিতে	7
না	শুধু	শুধু	7
না	হলে	কি	7
টাকা	দিয়ে	কি	7
ভাই	ডাউনলোড	লিংক	7
কথা	বলে	না	7
কেন	ভাই	কি	7
ঠিক	করে	দিতে	7
কিভাবে	ডাউনলোড	করবো	7
ইউজ	করবেন	না	7
কোনো	সমাধান	আছে	7
আইডি	এর	কোনো	7
রম	দেন	প্লিজ	7
ক্লিক	করার	পর	7
হলে	এফবি	তে	7
ইউজ	করি	আর	7
এটা	সবার	জন্য	7
থেকে	ইউজ	করি	7
এসএস	দিলে	ভালো	7
একটা	পোস্ট	করছি	7
সব	থেকে	বেশি	7
পোস্ট	এর	নিচে	7
করা	যাবে	নাকি	7
কোন	উপায়	থাকলে	7
হ্যাক	হয়ে	গেছে	7
আমি	পোস্ট	করতে	7
ব্রো	আপনার	ফোন	7
পোস্ট	করা	উচিত	7
আমি	তো	পোস্ট	7
তো	পোস্ট	এ	7
এটা	নিয়ে	আমি	7
করে	না	আমি	7
পোস্ট	থ্যাংক	ইউ	7
কিভাবে	ইউস	করবো	7
২	টা	পোস্ট	7
ট্রিকবিডি	তে	এই	7
তে	লগ	ইন	7
জন্য	এই	পোস্ট	7
মোবাইল	দিয়ে	কি	7
করে	ঠিক	করে	7
করার	উপায়	কি	7
ভাই	আপনার	বাসা	7
করতে	কি	কি	7
একটু	জানাবেন	প্লিজ	7
দেন	নাই	কেন	7
পর	ট্রিকবিডি	তে	7
হতে	পারে	কিন্তু	7
ইউজ	করি	না	7
কিভাবে	প্লিজ	বলেন	7
কত	কষ্ট	করে	7
আইডি	হ্যাক	করার	7
স্টেপ	বাই	স্টেপ	7
থেকে	বিরত	থাকুন	7
সাইট	এ	আপলোড	7
একটা	ভিডিও	টিউটোরিয়াল	7
আমার	কাজ	করছে	7
এর	জন্য	ওয়েট	7
এর	সাথে	কথা	7
কথা	বলার	জন্য	7
আপনার	পোস্ট	গুলো	7
টা	ভালো	লাগলো	7
ভিডিও	দেখা	যাবে	7
আপনি	কি	আপনার	7
ভাইয়া	আমার	পোস্ট	7
ড্রাইভ	লিংক	দেন	7
কাস্টমার	কেয়ার	এ	7
ভাই	আপনার	ফেইসবুক	7
ট্রিকবিডি	তে	নিউ	7
পোস্ট	করার	কোনো	7
বলে	আমি	মনে	7
প্লিজ	প্লিজ	ব্রো	7
অনেক	বড়	হয়ে	7
ফ্রি	নেট	ট্রিক	7
আছে	আমার	কাছে	7
দেয়ার	চেষ্টা	করবো	7
হচ্ছে	না	ভাই	7
অসাম	পোস্ট	ব্রো	7
করে	কি	লাভ	7
সোশ্যাল	প্যাক	দিয়ে	7
আমার	একটা	এফবি	7
একটা	এফবি	আইডি	7
গেলে	অনেক	সময়	7
অফ	করে	অন	7
লগইন	হচ্ছে	না	7
নষ্ট	হয়ে	গেসে	7
কাজ	হলো	না	7
প্লিজ	মেক	মি	7
কত	সময়	লাগে	7
ব্রো	হেল্প	মি	7
ওয়াপকিজ	লাইভ	টিভি	7
করলে	হবে	না	7
আমাকে	এফবি	তে	7
আওয়ার	এর	মধ্যে	7
এই	পোস্ট	না	7
অনেক	থ্যাংকস	ভাই	7
এখন	আমি	আমার	7
এর	পোস্ট	এ	7
আমার	প্লে	স্টোর	7
ও	করা	যায়	7
আমি	ট্রাই	করলাম	7
টাকা	এর	জন্য	7
ভাই	কি	পোস্ট	7
কয়েক	মাস	আগে	7
ছাড়া	আর	কিছু	7
করেন	কাজ	করবে	7
থাকা	অনেক	ভালো	7
ডাউনলোড	করতে	পারসি	7
ভাই	খুব	সুন্দর	7
করে	লাভ	নাই	7
আমার	সাথে	আর	7
এর	জন্য	পোর্ট	7
ভাই	ভালো	পোস্ট	7
ডাউনলোড	করতে	পারতেসি	7
ট্রাই	করসি	বাট	7
করে	না	তো	7
নেক্সট	টাইম	থেকে	7
টা	দিলে	খুব	7
পারতেছি	না	প্লিজ	7
কি	কাজ	করে	7
টা	অনেক	সুন্দর	7
আমার	আইডি	টা	7
দেখে	ভালো	লাগলো	7
কি	আমাকে	এই	7
কিছু	কথা	ছিল	7
তাদের	জন্য	ভালো	7
ভালো	পোস্ট	ব্রো	7
ব্রো	কাজ	হইছে	7
করার	জন্য	কি	7
কি	কি	লাগে	7
করলে	কি	ফোন	7
করতে	পারতেছে	না	7
থ্যাংকস	ইউজার	ব্রো	7
কাস্টম	রম	লাগবে	7
মনে	হচ্ছে	আমি	7
আর	কাজ	করে	7
বৃষ্টি	হওয়ার	পর	7
আমাকে	হেল্প	করবেন	7
হচ্ছে	না	ভাইয়া	7
দিতে	হবে	না	7
কেন	কি	হইছে	7
কোড	টা	দেন	7
দিয়ে	ট্রাই	করতে	7
অ্যাপ	ইউজ	করেন	7
করে	দেন	প্লিজ	7
একটু	ক্লিয়ার	করে	7
ভাই	ভালো	করে	7
বুঝা	যাচ্ছে	না	7
এয়ারটেল	সিম	দিয়ে	7
ইউজার	ভাই	এই	7
কিছু	পান	নাই	7
করলে	কি	টাকা	7
করা	যাবে	প্লিজ	7
হুম	গুড	পোস্ট	7
ব্রো	আপনি	যে	7
এ	পাওয়া	যাবে	7
কি	জানতে	পারি	7
কিভাবে	ইউজ	করবো	7
কানেক্ট	হয়	বাট	7
ভাই	আমাকে	কি	7
ভাই	আমার	আইডি	7
অ্যাপ	এর	লিংক	7
এই	অ্যাপ	টা	7
ফাইল	টা	ডাউনলোড	7
ইচ্ছা	করে	না	7
সত্যি	কথা	বলতে	7
করে	একটা	পোস্ট	7
এফবি	লিঙ্ক	টা	7
ভাই	পোস্ট	এর	7
সব	ঠিক	হয়ে	7
এই	বিষয়	নিয়ে	7
আছে	বলে	মনে	7
ঠিক	করা	হয়েছে	7
আরো	ভালো	ভালো	7
লিংক	এ	ক্লিক	7
দেওয়া	যাবে	কি	7
অনেক	ভালো	ভালো	7
তৈরি	করতে	পারেন	7
কি	প্রব্লেম	হবে	7
টার	নাম	কি	7
সব	থেকে	বড়	7
পরে	একটা	ভালো	7
সাথে	একমত	হতে	7
আমি	অনেক	চেষ্টা	7
একদম	ঠিক	কথা	7
না	লাগলে	এড়িয়ে	7
করতে	চাই	না	7
কথা	বলো	কেন	7
অনেক	ভালো	লেগেছে	7
দিতে	পারে	না	7
প্লিজ	টিউনার	প্লিজ	7
হয়ে	যায়	তার	7
মনে	করা	হয়	7
পরিবারে	জন্মগ্রহণ	করেন	7
হতে	পারবে	না	7
দায়িত্ব	পালন	করেন	7
তরকারির	ঝোল	দিয়ে	7
দিয়ে	দুপুরে	ভাত	7
পোস্ট	করতে	হয়	6
কাজ	করতে	পারেন	6
আগেই	এই	পোস্ট	6
আপনি	বুঝতে	পারেন	6
থ্যাংকস	ভাই	অনেক	6
ভাই	অনেক	দিন	6
কি	করবো	আমি	6
ভাবে	ট্রাই	করেন	6
এই	অ্যাপস	টা	6
পোস্ট	বাট	আমার	6
পোস্ট	টা	দেখুন	6
মত	ফ্রি	নেট	6
নেট	কি	আর	6
খুব	দরকার	প্লিজ	6
প্লিজ	প্লিজ	ভাই	6
আমি	পোস্ট	করছি	6
কাজ	না	হলে	6
আপনার	দেওয়া	লিংক	6
প্লিজ	কেউ	একটু	6
আর	ও	ভালো	6
চাই	প্লিজ	হেল্প	6
কোন	দিন	ফোন	6
অথর	হওয়ার	জন্য	6
পোস্ট	করা	লাগে	6
ভিপিএন	ইউজ	করতে	6
পোস্ট	করেছি	বাট	6
এই	ধরনের	পোস্ট	6
গুগল	সার্চ	করেন	6
টা	ট্রিকবিডি	তে	6
আমাকে	টিউনার	করুন	6
কেউ	কি	জানেন	6
এ	চলে	না	6
এর	নাম	বলুন	6
দিতে	পারবেন	ভাই	6
থাকলে	বলবেন	প্লিজ	6
সুন্দর	কমেন্ট	এর	6
এ	কাজ	করতে	6
একটু	চেক	করেন	6
নাম	বলেন	প্লিজ	6
টা	ডাউনলোড	করে	6
করে	কাজ	করে	6
ভালো	লাগলো	ভাই	6
সাইট	এর	নাম	6
পারছিনা	প্লিজ	হেল্প	6
এই	এমবি	এর	6
চেক	করেন	প্লিজ	6
আর	কত	টাকা	6
প্যাক	দিয়ে	কি	6
না	হয়	তাহলে	6
জিপ	ফাইল	টা	6
তে	পোস্ট	করা	6
প্লিজ	কেউ	বলবেন	6
ইউস	করা	যাবে	6
হ্যাক	করে	দিতে	6
করে	দিতে	পারবে	6
আমাকে	একটা	হেল্প	6
এটা	সবাই	পাবে	6
থাকলে	লিংক	দেন	6
ভাই	ফেসবুক	এ	6
খুঁজে	পাচ্ছি	না	6
ভালো	লাগলো	পোস্ট	6
কমেন্ট	এর	রিপ্লাই	6
করতে	আর	ভালো	6
ভাই	আমি	নিজে	6
কপি	করে	পোস্ট	6
অ্যাড	করতে	পারবেন	6
আপনার	কথা	মত	6
হয়ে	যায়	কি	6
এখনো	পাই	নাই	6
এ	নিতে	পারবেন	6
ও	হচ্ছে	না	6
করতে	সময়	লাগবে	6
প্লিজ	হেল্প	আমার	6
ওয়ার্ডপ্রেস	এর	জন্য	6
এর	জন্য	আলাদা	6
এই	টা	নিয়ে	6
দিতে	পারবেন	আমি	6
না	তাই	না	6
এই	অফার	টি	6
তবুও	শেয়ার	করার	6
ভালো	পোস্ট	তবে	6
কি	কি	করা	6
না	এফবি	তে	6
আগের	পোস্ট	এ	6
আর	কথা	বলতে	6
এই	অ্যাপ	নিয়ে	6
ডিলিট	করে	দেন	6
এই	কথাটি	বলা	6
রুট	করতে	চাই	6
এই	নিয়ে	পোস্ট	6
এর	ফোন	এ	6
অন	করতে	হবে	6
কিভাবে	একটা	পোস্ট	6
বলেন	এখন	আমি	6
কি	কাজ	হবে	6
লিঙ্ক	কাজ	করে	6
ফোন	এর	মডেল	6
অ্যাপ	নিয়ে	পোস্ট	6
ডাউনলোড	লিংক	দেওয়া	6
আমরা	কি	করবো	6
কোন	লাভ	হলো	6
যত	সব	ফালতু	6
না	ট্রিকবিডি	তে	6
এ	কাজ	হবে	6
করছি	হয়	না	6
যে	ট্রিকবিডি	তে	6
এর	ডাটা	ক্লিয়ার	6
পারেন	তাহলে	প্লিজ	6
না	একটু	হেল্প	6
পারবো	প্লিজ	হেল্প	6
করতে	পারবো	নাকি	6
সবাই	তো	আর	6
আর	ভালো	লাগবে	6
গুড	পোস্ট	ভাইয়া	6
পোস্ট	করতে	হবে	6
কপি	পোস্ট	করে	6
হবে	কি	না	6
এক	পোস্ট	আর	6
পোস্ট	আর	কতবার	6
একটা	পোস্ট	দিয়েন	6
তাদের	কাজে	লাগবে	6
পোস্ট	অনেক	ভালো	6
হ্যাক	হবে	না	6
ফেক	এনআইডি	কার্ড	6
কথা	অনেক	দিন	6
সব	কাজ	তো	6
যদি	কাজ	না	6
আমি	অনেক	ট্রাই	6
পোস্ট	টা	দেখেন	6
ভাই	লিংক	ঠিক	6
টা	পোস্ট	করেছি	6
খুব	ইচ্ছা	আমার	6
পোস্ট	এ	সব	6
ইনকাম	করতে	পারবেন	6
কি	হবে	আর	6
চেক	করবো	কিভাবে	6
ভাই	আপনার	মোবাইল	6
ভাই	আপনার	টেলিগ্রাম	6
একটা	পোস্ট	করতেন	6
আমার	কোন	ভুল	6
আমার	ফোন	সিম্ফনি	6
আপনি	পোস্ট	করেন	6
এর	এমবি	মেয়াদ	6
বুঝতে	পারি	নাই	6
হয়	তাহলে	কি	6
শেয়ার	করবেন	প্লিজ	6
আপলোড	দিলে	ভালো	6
এর	জন্য	থ্যাংকস	6
তা	নিয়ে	পোস্ট	6
ভাইয়া	আপনার	সাথে	6
কেউ	জানলে	প্লিজ	6
এ	চলবে	না	6
ভাই	আমার	অনেক	6
এই	সাইট	থেকে	6
করতে	হবে	প্লিজ	6
দেওয়ার	চেষ্টা	করবো	6
ডাউনলোড	লিঙ্ক	দেন	6
বুঝলাম	না	প্লিজ	6
ট্রিকবিডি	তে	নতুন	6
বাট	নাইস	পোস্ট	6
একটু	হেল্প	করুন	6
থেকে	ডাউনলোড	করুন	6
পাওয়া	যায়	বাট	6
ভিপিএন	দিয়ে	কিভাবে	6
করার	জন্য	অনুরোধ	6
ভাই	আমি	কিছু	6
করার	চেষ্টা	করবেন	6
পোস্ট	না	করাই	6
আগে	এই	পোস্ট	6
কানেক্ট	করতে	কি	6
করে	দিন	প্লিজ	6
থ্যাংকস	ভাই	আমি	6
খুব	ভালো	হয়	6
আমি	২	টা	6
আপনার	সাথে	কিছু	6
কি	অফ	হয়ে	6
এয়ারটেল	ফ্রি	নেট	6
হ্যাক	হওয়ার	সম্ভাবনা	6
কি	করবো	হেল্প	6
ক্লিক	করতে	হবে	6
পোস্ট	করার	সুযোগ	6
অথর	হতে	চাই	6
আমার	ফেসবুক	আইডি	6
অনেক	সময়	পর	6
কী	দরকার	ছিল	6
না	পারেন	তাহলে	6
কি	ইউজ	করা	6
ভাই	মনে	হয়	6
এমবি	কিনতে	কিনতে	6
আচ্ছা	ঠিক	আছে	6
ভাই	আমি	যদি	6
কি	ধরনের	পোস্ট	6
ব্রো	আমি	তো	6
ভাই	হয়	না	6
দিলে	কি	হবে	6
হচ্ছে	না	কেনো	6
ভালো	পোস্ট	কিন্তু	6
সেটা	নিয়ে	পোস্ট	6
সাপোর্ট	টিম	কে	6
না	করে	তাহলে	6
না	তো	কি	6
দিতেন	ভালো	হতো	6
নাইস	পোস্ট	কিন্তু	6
আইডি	লিংক	প্লিজ	6
আইডি	লিংক	দিন	6
আমার	রেফার	লিংক	6
কিছু	করা	যায়	6
করে	দিলে	ভালো	6
আর	পোস্ট	করার	6
আইডি	কিনতে	চাই	6
রুট	করবো	প্লিজ	6
ইউজ	করতে	পারি	6
করতে	পারি	আমি	6
ভিপিএন	কানেক্ট	করতে	6
পোস্ট	টা	তো	6
দিবেন	প্লিজ	ভাই	6
তার	পর	ও	6
যারা	জানেন	না	6
জানেন	না	তাদের	6
কোন	ব্রাউজার	ইউজ	6
আমার	একটা	পোস্ট	6
পেন্ডিং	এ	আছে	6
জন্য	অপেক্ষা	করছি	6
বললে	ভালো	হয়	6
না	আমার	ফোন	6
ভিডিও	মেক	করে	6
ডাউনলোড	লিংক	কাজ	6
দিলে	আরো	ভালো	6
জানি	না	এই	6
তে	অনেক	পোস্ট	6
কাজ	করলে	ভালো	6
৩	বছর	ধরে	6
সমাধান	আছে	কি	6
কাজ	করে	নাই	6
ব্রো	আপনার	ফেসবুক	6
জন্য	ভালো	একটা	6
সার্ভার	চেঞ্জ	করে	6
রুট	করবো	কি	6
হেল্প	করেন	আমি	6
করা	যাবে	আর	6
কষ্ট	করে	একটু	6
আসে	না	কেন	6
আগে	থেকে	ইউজ	6
টা	কপি	করে	6
না	তার	সাথে	6
আমি	বিশ্বাস	করি	6
রম	দিতে	পারবেন	6
পাসওয়ার্ড	ভুলে	গেছি	6
পোস্ট	এর	শেষে	6
বোঝা	যায়	না	6
দিলে	ভালো	হইতো	6
আগে	ট্রিকবিডি	তে	6
টা	খুব	ভালো	6
কথা	হলো	আমি	6
থেকে	অ্যাপ	ডাউনলোড	6
সাথে	যোগাযোগ	করবো	6
কিভাবে	অ্যাড	করবো	6
কিংরুট	দিয়ে	ট্রাই	6
বানান	ভুল	আছে	6
আরে	ভাই	আপনি	6
ভাই	আমি	সব	6
ট্রাই	করেছি	বাট	6
আমি	৩	টা	6
তে	পোস্ট	করার	6
কাউকে	যদি	আমি	6
ডাউনলোড	এ	ক্লিক	6
ফোন	এর	ভার্সন	6
ট্রাই	করছি	কাজ	6
ভাইয়া	আপনি	কি	6
এফবি	প্যাক	দিয়ে	6
কথা	বলি	না	6
আমি	ট্রাই	করছি	6
আমি	তো	অনেক	6
করা	খুব	কঠিন	6
আমার	ফোন	টা	6
সাথে	এফবি	তে	6
হেল্প	করবেন	আমার	6
থ্যাংকস	ফর	ইনফো	6
ওয়ে	থ্যাংকস	ফর	6
কন্টাক্ট	করতে	চাই	6
নেট	কানেকশন	লাগবে	6
ট্রিকবিডি	তে	ভালো	6
ভালো	কাজ	করে	6
থ্যাংকস	ইউসার	ভাই	6
এর	মেয়াদ	বাড়ানোর	6
না	এটা	কি	6
থাকলে	বলেন	প্লিজ	6
ভাই	আমার	টা	6
থ্যাংক্স	ইউসার	ভাই	6
ইউ	ভেরি	মাচ	6
ই	হয়	না	6
ইউসার	ভাই	কে	6
ভালো	পোস্ট	ভাই	6
না	ভাই	আমি	6
ইউসার	ভাই	আমার	6
বুঝা	যায়	না	6
ফাইল	ডাউনলোড	করার	6
করার	সময়	কি	6
ভাই	ইউসার	ভাই	6
আমি	ট্রাই	করসি	6
আশা	করি	আপনি	6
করার	পর	কি	6
এই	বিষয়	এ	6
করতে	পারবেন	আর	6
প্রব্লেম	হতে	পারে	6
এফবি	আইডি	কি	6
এটা	কি	ঠিক	6
আপনার	ফেইসবুক	লিংক	6
ফেইসবুক	লিংক	টা	6
পেলাম	না	কেন	6
পাওয়া	যায়	কি	6
হেল্প	মি	আমি	6
হয়ে	গেসে	এখন	6
এর	ডাউনলোড	লিংক	6
এই	ট্রিক	টা	6
দিয়ে	ওয়াইফাই	হ্যাক	6
অফ	করবো	কিভাবে	6
থেকে	ডাউনলোড	করলে	6
রিকভারি	মোড	এ	6
করার	কোনো	মানে	6
দেখে	পোস্ট	করা	6
না	যে	আমি	6
লগইন	করার	সময়	6
বাট	এখন	আর	6
কিছু	মনে	না	6
খুব	ভয়	লাগছে	6
তোমার	কি	মাথা	6
সব	সিম	এ	6
মানে	হয়	না	6
ওয়াইফাই	হ্যাক	এর	6
টা	ডিলিট	করে	6
পোস্ট	করা	যায়	6
কিনতে	ডায়াল	ইন্টারনেট	6
এই	সব	পোস্ট	6
হয়	নাই	এখন	6
সব	কিছু	নিয়ে	6
কি	এখনো	কাজ	6
এখনো	কাজ	করে	6
অনেক	আগের	পোস্ট	6
তাই	শেয়ার	করলাম	6
আপনি	গুগল	এ	6
এখন	কাজ	করে	6
মাস	আগে	থেকে	6
দয়া	করে	কেউ	6
করতে	গেলে	অনেক	6
এতটাও	ভালো	না	6
পোস্ট	করতে	পারবো	6
সিম	এর	জন্য	6
আপনার	নাম্বার	দেন	6
ভাই	আমার	পিসি	6
২	ইয়ার	আগে	6
ট্রিকবিডি	তে	একটা	6
তোমাকে	অনেক	ধন্যবাদ	6
জন্য	আমার	খুব	6
এই	গেম	টা	6
এ	ক্লিক	করতে	6
এর	কোনো	প্রব্লেম	6
থ্যাংকস	ফর	ইওর	6
ইনস্টল	দিতে	হবে	6
এপ	টা	ডাউনলোড	6
আমার	অনেক	দিন	6
কোনো	সম্পর্ক	নাই	6
ট্রিকবিডি	তে	এমন	6
ডাউনলোড	করার	পর	6
তো	অনেক	আগে	6
লিমিট	আছে	নাকি	6
তো	হবে	না	6
স্পিড	খুব	কম	6
আপনার	সাথে	কন্ট্রাক্ট	6
একটা	হেল্প	করেন	6
আর	আমি	পোস্ট	6
প্লিজ	ভাই	একটু	6
ভাই	আপনাকে	এফবি	6
তে	মেসেজ	দিছি	6
খুব	উপকার	হত	6
এখন	কি	হবে	6
হয়তো	জানেন	না	6
ভাই	আই	এম	6
আজে	বাজে	কমেন্ট	6
অন্য	কোনো	ওয়ে	6
নেট	চালাতে	পারবো	6
তো	আর	আপনার	6
না	করে	কমেন্ট	6
দেখি	কি	হয়	6
গুগল	প্লে	স্টোরে	6
প্লিজ	জয়েন	আওয়ার	6
দেখায়	প্লিজ	হেল্প	6
কোনো	খবর	নাই	6
তাই	মনে	হয়	6
আপনার	কমেন্ট	এর	6
এক	টা	পোস্ট	6
বলে	লাভ	নাই	6
আমাকে	একটা	আইডি	6
টা	কি	আমি	6
দিতেন	তাহলে	ভালো	6
ফালতু	একটা	পোস্ট	6
আজ	সকাল	থেকে	6
করার	জায়গা	না	6
টা	নষ্ট	হয়ে	6
এর	সাথে	যোগাযোগ	6
এতো	কষ্ট	করে	6
পিসি	দিয়ে	কিভাবে	6
কি	দিতে	পারবেন	6
আরো	অনেক	আগে	6
নিলে	ভালো	হবে	6
ডিলিট	হয়ে	গেছে	6
ইউজার	ভাইয়া	আপনার	6
ডাউনলোড	লিংক	কই	6
থ্যাংকস	কমেন্ট	করার	6
দিতে	পারব	না	6
হবে	না	ভাইয়া	6
না	কি	করা	6
ভাই	একটা	ভালো	6
করে	দেয়া	হয়	6
অনেক	ট্রাই	করেছি	6
পোস্ট	ভালো	লাগলো	6
ইউজ	করার	পর	6
দেয়া	লিংক	থেকে	6
কোন	সিস্টেম	আছে	6
ভাই	ফ্রি	নেট	6
আর	চলছে	না	6
না	কেন	প্লিজ	6
কিছু	করার	নেই	6
কিভাবে	এড	করব	6
করব	কি	করে	6
করবেন	আশা	করি	6
কিভাবে	ইউজ	করব	6
ইন	করার	জন্য	6
দিয়ে	হ্যাক	করা	6
ইয়ার	আগে	থেকেই	6
নিয়ে	পোস্ট	হইছে	6
করেন	না	কেন	6
পোস্ট	ইউজার	ভাই	6
কি	এখনো	চলে	6
কোন	প্রবলেম	নাই	6
কাস্টম	রম	দেন	6
পোস্ট	করতে	পারছি	6
মেয়াদ	বাড়াবো	কি	6
আমি	অনেক	ভালো	6
পোস্ট	করছি	বাট	6
ভাইয়া	আমি	তো	6
সাইন	আপ	করতে	6
না	ব্রো	আপনি	6
উপায়	থাকলে	বলেন	6
ওয়াইফাই	দিয়ে	কানেক্ট	6
ভাই	টাইটেল	এ	6
বাট	আমি	তো	6
১	জিবি	নিলাম	6
এমবি	ইউজ	করতে	6
থ্যাংক	ইউ	ইউজার	6
ইউজার	ভাইয়া	আমি	6
কি	এমবি	লাগবে	6
কপি	করা	পোস্ট	6
এ	কথা	বলা	6
স্ক্রিন	শট	সহ	6
থাকলে	পোস্ট	করেন	6
ভাই	আপনি	আমার	6
লিংকটা	দেন	প্লিজ	6
প্লিজ	খুব	দরকার	6
কিভাবে	রুট	করব	6
লিঙ্ক	ঠিক	করেন	6
হয়ে	গেছে	তারা	6
মনে	হয়	আমাদের	6
রাতের	পর	রাত	6
এই	বিষয়ে	কি	6
ইউজার	ভাই	অথর	6
হয়	বাট	চলে	6
ইউজার	ভাই	হেল্প	6
রেডমি	নোট	৭	6
ভাই	আপনার	নম্বর	6
আপনার	নম্বর	টা	6
মিনিট	এর	মেয়াদ	6
ইউজার	ভাই	আপনাকে	6
আপনি	পোস্ট	এ	6
আপনার	সাইট	এ	6
এর	জন্য	বেস্ট	6
হয়ে	গেছি	মনে	6
ইউজ	করার	জন্য	6
মনে	পড়ে	গেল	6
ফর	দিস	পোস্ট	6
আমি	অনেক	বার	6
খুব	খারাপ	লাগছে	6
হয়	না	কেনো	6
এই	অ্যাপ	দিয়ে	6
আমি	আপনার	পোস্ট	6
এফবি	লিঙ্ক	দেন	6
এর	কি	দরকার	6
এখন	কী	করবো	6
অনেকের	উপকার	হবে	6
আর	পোস্ট	টা	6
অফ	হয়ে	যাবে	6
রুট	করতে	পারবো	6
কাছে	যেতে	হবে	6
এমবি	না	থাকলে	6
ব্রো	এই	পোস্ট	6
করে	কথা	বলেন	6
এই	অ্যাপ	এর	6
মনে	হয়	নি	6
সাথে	দেখা	হলেই	6
মনে	রাখবেন	আপনার	6
অনেক	সুন্দর	একটা	6
করে	ফেলতে	চাই	6
না	অনেক	সময়	6
আমাদের	এখানে	অনেক	6
ইউজার	দের	জন্য	6
অনেক	সুন্দর	লাগছে	6
আর	লাগবে	না	6
এফবি	আইডি	লিঙ্ক	6
খুব	টেনশনে	আছি	6
ভাল	ভাবে	বুঝাতে	6
কি	সাথে	সাথে	6
এটা	ইউজ	করি	6
সাথে	শেয়ার	করে	6
অনেক	আগেই	ট্রাই	6
ইউসি	ব্রাউজার	দিয়ে	6
কথা	বলবা	না	6
ভাই	এর	সাথে	6
লিঙ্ক	টা	ঠিক	6
কথা	সবাই	জানে	6
কথা	বলতে	পারি	6
থেকে	শুরু	করে	6
কিছু	বলবো	না	6
আপনি	অনেক	ভালো	6
তো	জানি	না	6
কিছু	বলতে	গেলে	6
যোগাযোগ	করতে	পারেন	6
এখন	ও	কি	6
তোমার	সাথে	কথা	6
শুরু	করে	দেন	6
বুঝে	নিতে	হয়	6
বুঝতে	পারছে	না	6
কাজ	ও	করেন	6
প্রশ্নের	সঠিক	উত্তর	6
বলে	বুঝাতে	পারবো	6
বুঝাতে	পারবো	না	6
আমি	না	থাকলে	6
এ	নেয়া	যাবে	6
প্লে	স্টোর	এর	6
লাগলে	এড়িয়ে	যান	6
মারা	গেলো	নাকি	6
আগে	সব	কিছু	6
এত	ভালো	লাগে	6
জন্য	আমার	জন্য	6
না	পাওয়া	যায়	6
এই	কাজ	করবে	6
থেকে	কি	করে	6
জন্য	কিছু	করতে	6
তুমি	চাইলে	আমি	6
খুঁজে	বের	করতে	6
সত্যি	খুব	ভালো	6
অনেক	বড়	বড়	6
চায়	না	কারণ	6
চেষ্টা	করে	তার	6
চিনতে	পারলাম	না	6
বুঝতে	পারেন	তাহলে	6
পার	হয়ে	গেল	6
নিয়ে	আর	কথা	6
তাই	আমি	আমার	6
আমি	যদি	আমার	6
হয়ে	যায়	আমার	6
আপনার	কি	এখনও	6
এমন	কি	আমার	6
কথা	বলে	লাভ	6
এর	মত	হয়ে	6
লাগলো	আপনার	কথা	6
আমি	বলব	আপনি	6
আমার	তো	একটা	6
আমি	এখন	থেকে	6
কিছু	জানে	না	6
আমি	সব	সময়	6
তুমি	আমার	সাথে	6
সব	কথা	ঠিক	6
কথা	ঠিক	আছে	6
সব	ঠিক	করছি	6
এই	বিষয়টা	নিয়ে	6
পুরস্কার	লাভ	করেন	6
একে	অপরের	প্রেমে	6
ঘোষণা	করা	হয়	6
যার	নাম	ছিল	6
তার	সাথে	পরিচয়	6
দলের	অন্যতম	সদস্য	6
যদি	তুমি	আমার	6
লাভ	করেন	এবং	6
যা	তার	থেকে	6
এই	কাজের	জন্য	6
প্রতি	দুর্বল	হয়ে	6
কাছ	থেকে	একটি	6
থাকতে	পারে	না	6
ব্যস্ত	সময়	পার	6
শেষ	হয়ে	যায়	6
বিয়ে	করতে	চায়	6
করে	গড়ে	তুলতে	6
হওয়ার	কথা	ছিল	6
আমি	অনেক	ভালবাসি	6
হারিয়ে	যেতে	চাই	6
যায়	কি	না	6
থেকে	দূরে	থাকতে	6
আমি	নিজেই	অনেক	6
কাজ	করে	নাহ	6
আপনার	নাম	কি	6
যাবে	না	তো	6
তো	হেরে	গেলেন	6
আমরা	সবাই	একসাথে	6
নিয়ে	অনেক	পোস্ট	5
কে	বলছে	আপনাকে	5
পোস্ট	দেখতে	দেখতে	5
থেকে	বিকাশ	এ	5
আমি	ওয়াইফাই	হ্যাক	5
হবে	না	আমি	5
লিংক	টা	দিতে	5
আমার	ফোন	তো	5
যেখানে	মানুষ	জান্নাত	5
মানুষ	জান্নাত	জাহান্নামে	5
কি	হেল্প	করতে	5
হেল্প	করতে	পারি	5
করে	পোস্ট	করে	5
রেফার	লিংক	দিয়ে	5
দেন	আমার	খুব	5
ফোন	এর	ক্ষতি	5
টাকা	থাকলে	কি	5
মিনি	দিয়ে	ডাউনলোড	5
টা	শেয়ার	করবেন	5
থেকে	ডাউনলোড	করবো	5
ফোন	এ	এমবি	5
হবে	না	ভাই	5
নিয়ে	১টা	পোস্ট	5
টা	পোস্ট	আছে	5
বাট	পোস্ট	টা	5
অনেক	ভিডিও	আছে	5
হোক	না	কেন	5
২	টা	অ্যাপ	5
লাগলে	এফবি	তে	5
কোন	মিল	নাই	5
সার্চ	করেন	পেয়ে	5
করতে	পারবেন	বাট	5
করবেন	না	তাহলে	5
ভাই	এই	অ্যাপস	5
নেক্সট	পার্ট	প্লিজ	5
আমি	জানি	বাট	5
জানানোর	জন্য	থ্যাংকস	5
দিয়ে	কি	ডাউনলোড	5
অফার	টা	কি	5
এর	লিংক	দিলে	5
হয়	না	এখন	5
কারো	জানা	থাকলে	5
জানা	থাকলে	বলবেন	5
ফাইল	ডাউনলোড	হচ্ছে	5
সব	ঠিক	আসে	5
আমার	লিংক	থেকে	5
কম	বেশি	সবাই	5
থাকা	লাগবে	নাকি	5
খুব	ভালো	লাগছে	5
ও	পাই	নাই	5
কিছু	বুঝি	না	5
জন্য	ট্রিকবিডি	তে	5
কোন	অ্যাপস	দিয়ে	5
আইডি	হ্যাক	করে	5
এ	পোস্ট	করে	5
কাজ	হয়	নাই	5
শেয়ার	করা	যায়	5
কিভাবে	ঠিক	করবো	5
লাগলো	পোস্ট	টা	5
এমটি	ম্যানেজার	দিয়ে	5
পোস্টটা	ডিলিট	করে	5
ডিলিট	করে	দিয়েন	5
ফেসবুক	লিংক	দেন	5
লিংক	দেন	আপনার	5
করার	ওয়ে	কি	5
আগের	অবস্থায়	ফিরে	5
মনে	করেন	আমি	5
জিটিএ	ভাইস	সিটি	5
দিয়ে	কি	লাভ	5
দিয়ে	ট্রাই	করেছি	5
কাস্টম	রোম	লাগবে	5
ভাই	নেক্সট	পার্ট	5
করতে	পারবেন	আমি	5
পাই	নাই	প্লিজ	5
থ্যাংকস	ফর	দা	5
ট্রাই	করে	দেখছি	5
এক্সাম	এর	জন্য	5
প্যাচার	দিয়ে	হ্যাক	5
আর	ট্রিকবিডি	এর	5
লিংক	তা	দেন	5
অনেক	প্রবলেম	হয়	5
ভাই	আমার	ওয়াইফাই	5
না	করলে	পোস্ট	5
সবার	উপকার	হবে	5
দিয়ে	হচ্ছে	না	5
করবো	একটু	বলেন	5
ভাই	নেক্সট	পোস্ট	5
টার	ডাউনলোড	লিংক	5
এফবি	তে	একটা	5
জিপি	ফ্রী	নেট	5
ডাউনলোড	হয়	কিন্তু	5
জন্য	অনেক	অনেক	5
এফবি	তে	ম্যাসেজ	5
ফ্রি	নেট	দেন	5
লগ	ইন	করলে	5
আসে	না	তো	5
বন্ধ	হয়ে	গেছে	5
বাড়াবো	কি	করে	5
এর	ফ্রী	নেট	5
এটা	কোন	পোস্ট	5
এখন	আমি	কিভাবে	5
থেকে	টাকা	তুলবো	5
করার	সিস্টেম	দেন	5
আমি	ও	আপনার	5
প্লিজ	বলবেন	আপনার	5
তে	ক্লিক	করলে	5
সেটিং	এ	গিয়ে	5
পোস্ট	কেরি	অন	5
ভাই	গুগল	এ	5
ডাটা	অন	করলেই	5
আমার	আগের	পোস্ট	5
এইটা	নিয়ে	পোস্ট	5
নিয়ে	পোস্ট	আসে	5
দেখে	নিতে	পারেন	5
করে	না	আর	5
আপনাকে	বলি	নাই	5
ভালো	না	লাগে	5
করতে	হবে	আপনি	5
ট্রাই	করে	পোস্ট	5
দেওয়ার	ট্রাই	করবো	5
তে	কি	কাজ	5
থাকলে	হবে	না	5
ভাই	প্লে	স্টোরে	5
এই	অ্যাপ	এ	5
যে	এই	পোস্ট	5
পোস্ট	এর	আগেও	5
ভাই	প্লিজ	বলেন	5
তাহলে	কি	করবো	5
আপডেট	করতে	হবে	5
আপনার	পোস্ট	ভালো	5
করা	যায়	কিন্তু	5
ভাই	এই	এমবি	5
আইডি	দেওয়া	যাবে	5
পিসি	দিয়ে	করতে	5
করুন	প্লিজ	প্লিজ	5
ভিডিও	টা	দেখেন	5
ফ্রি	হোস্টিং	এ	5
এটা	কিভাবে	করবো	5
পারি	না	কেন	5
করেন	এফবি	আইডি	5
বাড়ানোর	কোনো	উপায়	5
লিংক	দিলে	কি	5
কাস্টম	রিকভারি	ইনস্টল	5
তে	কি	হবে	5
গুগল	এ	দেখেন	5
এ	একটা	পোস্ট	5
একটা	পোস্ট	প্লিজ	5
যায়	না	কেন	5
আমি	ডাউনলোড	করতে	5
এমবি	মেয়াদ	বাড়ানো	5
গ্রুপ	এ	পোস্ট	5
এ	পোস্ট	এ	5
করা	হয়	তাহলে	5
পোস্ট	করেন	তাই	5
করে	নিতে	হয়	5
পাওয়া	যায়	আর	5
পোস্ট	টা	করেন	5
কোন	সমস্যা	হবে	5
ভাই	ডাউনলোড	হচ্ছে	5
লাগে	না	ভাই	5
এ	খেলা	যাবে	5
বন্ধ	সিম	এর	5
জানলে	প্লিজ	বলেন	5
কোন	অপশন	নাই	5
ঠিক	আছে	আমি	5
অনেক	আগে	পোস্ট	5
পূরণ	করতে	হবে	5
মেয়াদ	বাড়ানোর	উপায়	5
ঠিক	বলেছেন	ভাই	5
হ্যাক	করতে	পারেন	5
মনে	হয়	ট্রিকবিডি	5
লিখলে	ভালো	হতো	5
এর	মতো	কোনো	5
গুগল	এ	গিয়ে	5
দিয়ে	ট্রিকবিডি	তে	5
পোস্ট	দিয়েন	না	5
চেঞ্জ	হয়	না	5
কাজ	করে	আপনি	5
ভাই	এর	কাছে	5
ভাই	কাজ	করে	5
জানে	না	তাই	5
বার	ট্রাই	করেছি	5
আপনি	কোন	অ্যাপ	5
রুট	করতে	পারছিনা	5
রেডমি	নোট	৯	5
ডাউনলোড	লিংকটা	দিলে	5
স্টক	রম	এর	5
ঠিক	করবো	কিভাবে	5
আছে	যেটা	দিয়ে	5
করে	দিতে	পারেন	5
করার	সময়	নাই	5
কথা	আছে	প্লিজ	5
পর	থেকে	আর	5
যায়	না	প্লিজ	5
প্লিজ	রিপ্লাই	দেন	5
ভাই	অ্যান্ড্রয়েড	এর	5
আচ্ছা	ভাই	আমি	5
জন্য	পোস্ট	করি	5
পোস্ট	করি	না	5
আর	কাজ	করছে	5
পোস্ট	করে	ট্রেইনার	5
বার	নেওয়া	যাবে	5
বন্ধ	সিম	এ	5
করার	সিস্টেম	আছে	5
ইন্সটল	করা	আছে	5
এ	কাজ	হয়না	5
কি	প্রবলেম	হবে	5
ট্রিকবিডি	তে	আগে	5
ফাইল	ম্যানেজার	দিয়ে	5
করে	তাহলে	কি	5
কোন	উপায়	আছে	5
আপনার	মতামতের	জন্য	5
এ	আসে	না	5
আর	কত	পোস্ট	5
নেওয়া	যায়	না	5
হবে	না	আর	5
না	হেল্প	প্লিজ	5
থেকে	কপি	করছেন	5
ট্রিকবিডি	অথর	আইডি	5
ভাই	আমার	মোবাইলে	5
আমি	কি	কি	5
প্লিজ	হেল্প	করুন	5
ব্যবহার	করতে	পারেন	5
আর	আপনি	কোন	5
তো	অনেক	আগেই	5
আচ্ছা	ভাই	আমার	5
হ্যাক	করার	জন্য	5
কোনো	ফ্রি	নেট	5
ব্রো	আমার	কাছে	5
করার	পর	থেকে	5
সেটা	নিয়ে	একটা	5
একটা	ফ্রি	নেট	5
না	ভাই	এটা	5
আছে	ভালো	করে	5
প্লিজ	ভাই	প্লিজ	5
অ্যাড	করতে	গেলে	5
ভালো	লাগলো	বাট	5
কপি	করে	পেস্ট	5
আর	ট্রিকবিডি	তে	5
দিয়ে	কি	হয়	5
ভাই	আমার	একাউন্ট	5
থ্যাংকস	শেয়ার	করার	5
করলে	ভালো	হবে	5
অথর	হতে	পারি	5
দিয়ে	পোস্ট	করেন	5
কাজ	করতে	চাই	5
করে	না	কেন	5
তো	সবার	জন্য	5
অনেক	অনেক	ভালো	5
কষ্ট	করে	পোস্টটা	5
ইন্সটল	করতে	পারছি	5
পারছি	না	আপনি	5
এর	কোনো	সমাধান	5
একটা	রম	দেন	5
লাইভ	টিভি	কোড	5
পিসি	দিয়ে	ট্রাই	5
ভাই	কাজ	করছে	5
ও	ট্রাই	করেছি	5
করতে	হবে	আর	5
ভাই	এখন	তো	5
ভিপিএন	দিয়ে	হবে	5
ইনস্টল	করা	যাবে	5
ভাই	আমার	স্যামসাং	5
আর	অন	হয়	5
ভাই	হেল্প	করেন	5
কাস্টম	রোম	দিতে	5
লিংক	ঠিক	করো	5
দিয়ে	সাইন	আপ	5
কোথায়	পাওয়া	যাবে	5
এখনো	ট্রাই	করিনি	5
হচ্ছে	না	ব্রো	5
পাই	না	তো	5
অনেক	দিন	হলো	5
তো	ঠিক	আছে	5
দিন	এর	জন্য	5
কোড	টা	কপি	5
কি	ফোন	দিয়ে	5
লগইন	করতে	হবে	5
করতে	হবে	আমার	5
মি	অন	এফবি	5
কাজ	করে	আমি	5
ভাই	আমার	লাগবে	5
আইডি	হ্যাক	হয়ে	5
আছে	প্লিজ	হেল্প	5
ভাবেই	রুট	করতে	5
আপনার	পোস্ট	থেকে	5
এর	সাথে	কানেক্ট	5
হয়না	প্লিজ	হেল্প	5
না	তাই	পোস্ট	5
ইনবক্স	চেক	করেন	5
আমি	নিজে	এই	5
এই	পোস্ট	আগে	5
এ	সাপোর্ট	করে	5
করে	না	তাই	5
দেন	আপনার	সাথে	5
সাথে	কথা	আছে	5
ভাই	অনেক	ধন্যবাদ	5
ইউস	করি	না	5
বাড়ানোর	উপায়	আছে	5
একটু	বিস্তারিত	বলবেন	5
এ	হবে	কি	5
প্লিজ	বলেন	ভাই	5
এই	টা	কি	5
বিশ্বাস	না	হলে	5
প্লিজ	কেউ	জানলে	5
এটা	কি	হবে	5
পোস্ট	আছে	এই	5
আমি	টিউনার	হতে	5
তে	এই	পোস্ট	5
আপনার	রেফার	এ	5
লিংক	এ	গিয়ে	5
বিকাশ	এ	নিতে	5
করার	কি	কোনো	5
মুভি	ডাউনলোড	করতে	5
লাগবে	না	আর	5
এই	পোস্ট	ডিলিট	5
সঠিক	জানি	না	5
ভাই	আপনার	সাইট	5
আমাদের	সাথেই	থাকুন	5
জানে	না	তারা	5
ডাউনলোড	করে	দেখেন	5
রোম	দিতে	পারবেন	5
হয়না	তো	ব্রো	5
বানায়	দিতে	পারবেন	5
টাইটেল	এর	সাথে	5
হবে	না	কিন্তু	5
টাকায়	২	জিবি	5
এর	মেয়াদ	কিভাবে	5
এটা	তো	সবাই	5
পোস্ট	টা	দেন	5
এইটা	তো	সবাই	5
অনলাইন	নাকি	অফলাইন	5
ব্রো	এটা	কি	5
হেল্প	করেন	কেউ	5
বাট	হচ্ছে	না	5
এফবি	তে	কন্টাক্ট	5
হ্যাক	নিয়ে	পোস্ট	5
ট্রিকবিডি	তে	লগইন	5
থেকে	কি	বিকাশ	5
কি	কোনো	সমস্যা	5
এর	নাম	এ	5
মানসম্মত	পোস্ট	করেছি	5
দা	ওয়ে	থ্যাংকস	5
ট্রিকবিডি	তে	আসতে	5
আই	এম	নট	5
চেঞ্জ	করা	যায়	5
ভাইয়া	আমার	একটা	5
আইডি	ঠিক	করে	5
কি	ফ্রি	তে	5
আপনার	পোস্ট	দেখলাম	5
হ্যাক	করার	ওয়ে	5
আমার	এফবি	তে	5
দিন	পর	পর	5
ওকে	ট্রাই	করবো	5
পোস্ট	করেন	ভালো	5
ভাই	চেষ্টা	করবো	5
একটা	পোস্ট	করসি	5
লিখে	সার্চ	দিন	5
থ্যাংক্স	ফর	শেয়ার	5
হলে	কি	করতে	5
দিয়ে	কি	করে	5
ভাইয়া	আপনার	পোস্ট	5
একটা	পোস্ট	এ	5
একাউন্ট	ব্লক	করে	5
আমি	পোস্ট	করবো	5
সিম	এ	এমবি	5
ওকে	ইউসার	ভাই	5
করে	পোস্ট	করেন	5
ইউসার	ভাই	ইউসার	5
ভাই	এখন	কি	5
না	করতে	পারলে	5
এর	জন্য	ধন্যবাদ	5
পোস্ট	গুলা	ভালো	5
থ্যাংকস	ব্রো	অনেক	5
আপনার	এফবি	তে	5
কি	কোনো	প্রব্লেম	5
হবে	তাই	না	5
হয়	এটা	নিয়ে	5
ক্রিয়েট	করতে	পারবেন	5
সবার	তো	আর	5
টা	দেন	আপনার	5
না	থাকলে	কি	5
করবো	কেমন	করে	5
বেশি	হয়	না	5
নাম্বার	টা	দিন	5
ফোন	এ	ইনস্টল	5
সাথেই	থাকুন	থ্যাংক্স	5
বাট	এই	পোস্ট	5
রুট	করার	কোনো	5
করে	ভালো	করে	5
এর	লিংক	দিন	5
লেটেস্ট	ভার্সন	লাগবে	5
হেল্প	মি	ভাই	5
পোস্ট	করতে	পারে	5
লাগবে	না	কি	5
কোনো	মানে	হয়	5
প্লিজ	বলেন	ভাইয়া	5
নাম্বার	টা	দাও	5
রিকভারি	ইমেজ	টা	5
আগে	পোস্ট	আছে	5
পোস্ট	করার	কি	5
এক	ক্লিক	এ	5
আমার	কাছ	থেকে	5
আর	আপনি	যে	5
ভাই	আমাকে	একটু	5
হলে	পেমেন্ট	নিতে	5
জানি	না	তবে	5
চলে	না	তো	5
অনেক	আগেই	জানি	5
না	আপনি	তো	5
কি	পোস্ট	করলেন	5
নিয়ে	পোস্ট	দেন	5
ভুল	হয়ে	গেছে	5
অন	থাকতে	হবে	5
ভাই	ট্রিক	বিডি	5
ছাড়া	অন্য	কোনো	5
এফবি	লিংক	দিন	5
দেয়	না	কেন	5
এই	কাজ	টা	5
জিবি	৩০	দিন	5
লিংক	এ	গেলে	5
আছে	কি	না	5
করে	পোস্ট	টা	5
এডিট	করার	পর	5
এফবি	তে	সার্চ	5
আর	একটু	বেশি	5
ওয়াইফাই	হ্যাক	নিয়ে	5
একাউন্ট	এ	টাকা	5
আমি	৪	টা	5
কাজ	করার	জন্য	5
একটা	পোস্ট	আছে	5
করলে	পেয়ে	যাবেন	5
না	করেন	তাহলে	5
এর	মেয়াদ	বাড়াবো	5
ভালো	পোস্ট	হলে	5
পেজ	এ	নিয়ে	5
এইটা	নিয়ে	একটা	5
আমার	পিসি	তে	5
হবে	না	বাট	5
কাজ	করার	পর	5
ফাইল	ডাউনলোড	হয়	5
এ	নিয়ে	যায়	5
২৮	দিন	মেয়াদ	5
ডাউনলোড	করতে	বলে	5
প্রব্লেম	হবে	নাতো	5
কিভাবে	হেল্প	মি	5
ট্রিক	দেন	প্লিজ	5
শুধু	তাদের	জন্য	5
আমি	কাজ	করবো	5
দেন	না	হলে	5
কোনো	সিস্টেম	নাই	5
ব্রো	আমার	মোবাইল	5
ফোন	টা	রুট	5
ডাউনলোড	হবে	না	5
জন্য	কি	কোনো	5
টা	ঠিক	করুন	5
তো	চলে	না	5
এ	যাওয়া	লাগে	5
অপেরা	দিয়ে	হবে	5
পোস্ট	করসি	বাট	5
এটা	কি	মোবাইল	5
সমাধান	দেন	প্লিজ	5
পোস্ট	করলে	খুশি	5
করলে	খুশি	হতাম	5
টা	বলেন	প্লিজ	5
অনেক	কিছু	শেয়ার	5
এমবি	থাকা	লাগবে	5
শেয়ার	করা	হবে	5
করসি	বাট	এখনো	5
পোস্ট	করলে	অনেক	5
কোড	শো	করে	5
করে	নাই	তাই	5
আই	ডোন্ট	নো	5
খুব	উপকার	হইলো	5
কথা	বলেন	তো	5
একটা	এডু	মেইল	5
ফালতু	পোস্ট	করেন	5
এর	কথা	বলসেন	5
ফোন	এ	প্রব্লেম	5
কি	কি	লাগবে	5
এ	টাকা	থাকে	5
ঠিক	করা	যাবে	5
ঠিক	করার	জন্য	5
৩	দিন	হলো	5
ইনস্টল	করতে	পারবে	5
করবো	প্লিজ	ভাই	5
ভালো	কমেন্ট	এর	5
ভাই	পোস্ট	করার	5
টা	অনেক	আগে	5
দিয়া	হয়	না	5
এর	লেটেস্ট	ভার্সন	5
দিয়ে	আপনি	আপনার	5
কি	মনে	করেন	5
ট্রিকবিডি	তে	অথর	5
ভিপিএন	কানেক্ট	হচ্ছে	5
আপনি	হয়তো	জানেন	5
কাম	কাজ	নাই	5
দিবো	কি	ভাবে	5
এফবি	তে	অ্যাড	5
৪০৪	নট	ফাউন্ড	5
আবাল	এর	মতো	5
অনেক	চেষ্টা	করলাম	5
না	দিয়ে	ভালো	5
এর	জন্য	দেন	5
প্লিজ	ব্রো	পোস্ট	5
কাস্টম	রোম	আছে	5
হয়ে	যায়	এটা	5
করার	পর	যদি	5
হ্যাক	করবো	প্লিজ	5
আপনি	পোস্ট	টা	5
পোস্ট	করে	না	5
ইউসি	মিনি	দিয়ে	5
করার	সাথে	সাথে	5
কানেক্ট	করতে	হবে	5
একটা	সাইট	এ	5
যদি	কষ্ট	করে	5
ভুল	হলে	ক্ষমা	5
থেকে	ট্রিকবিডি	এর	5
মডারেটর	ভাই	আমার	5
কিভাবে	একটু	বলবেন	5
দেওয়ার	কি	আছে	5
ট্রাই	করতে	হবে	5
এর	সাথে	কোনো	5
ভাই	কমেন্ট	এ	5
জন্য	পোর্ট	করে	5
ভাই	অনেক	কষ্ট	5
ঠিক	আসে	বাট	5
ড্রাইভ	লিংক	দিন	5
অনুরোধ	করা	হলো	5
একটা	আইডি	হ্যাক	5
করে	পোস্ট	করবেন	5
থাকলে	কানেক্ট	হয়	5
এ	ডাটা	অন	5
এর	মতো	কথা	5
একটা	পোস্ট	করা	5
এমএক্স	প্লেয়ার	এর	5
কাইন্ডলি	যদি	বলতেন	5
অন্য	মোবাইল	দিয়ে	5
এখন	কি	করে	5
আমি	আর	ট্রিকবিডি	5
দিন	পেয়ে	যাবেন	5
তো	হয়ে	যায়	5
একাউন্ট	আছে	বাট	5
ডাটা	কানেকশন	অন	5
ভাই	আমি	পোস্ট	5
পাচ্ছি	না	প্লিজ	5
পাবলিশ	হয়	নাই	5
হয়	নাই	প্লিজ	5
অনেক	আগে	বের	5
ভাই	হচ্ছে	না	5
ওপেন	করার	পর	5
সিস্টেম	নিয়ে	একটা	5
কি	করে	বুঝবো	5
আপনার	কাছে	রিকোয়েস্ট	5
কি	ট্রিকবিডি	এর	5
হবে	এর	জন্য	5
১০০	এমবি	পাইছি	5
টাকা	লাগবে	না	5
কিভাবে	ভাই	একটু	5
যদি	পারেন	একটু	5
আইডি	দেন	আমার	5
আমি	করি	না	5
আমি	তো	পেলাম	5
অনেক	ওয়েবসাইট	আছে	5
ইউজ	করতে	পারছি	5
এফবি	লিঙ্ক	দিন	5
এখন	তো	আর	5
কাজ	হয়	বাট	5
ইউজ	করব	কিভাবে	5
ভাই	এটা	দিয়া	5
একাউন্ট	ক্রিয়েট	করতে	5
অপেরা	মিনি	দিয়া	5
পোস্ট	কাজ	করে	5
ভাই	চালিয়ে	যাও	5
সাথে	যোগাযোগ	করেন	5
ভাই	আমার	বাসার	5
করতে	পারবো	কি	5
মেসেজ	দিচ্ছি	একটু	5
দিচ্ছি	একটু	দেখেন	5
এর	পর	কি	5
হুম	নাইস	পোস্ট	5
ভাইয়া	নাইস	পোস্ট	5
এফবি	আইডি	প্লিজ	5
ভিপিএন	এ	একাউন্ট	5
এ	একাউন্ট	খুলতে	5
কিছু	পেলাম	না	5
দরকার	হয়	না	5
আপনি	ডাউনলোড	করে	5
হয়ে	যায়	এন্ড	5
সাইন	ইন	করার	5
জন্য	কোন	অ্যাপ	5
আওয়ার	এফবি	গ্রুপ	5
যদি	বলতেন	উপকার	5
একটা	ট্রিক	শেয়ার	5
সিস্টেম	আছে	কি	5
আছে	কি	থাকলে	5
পারি	প্লিজ	হেল্প	5
লিঙ্ক	টা	দিবেন	5
দিয়ে	শুরু	করতে	5
ইউজ	করতেছি	বাট	5
ইউজার	ভাইয়ের	পোস্ট	5
নামে	পরিচিত	ছিল	5
বাজে	কমেন্ট	করে	5
পাই	নাই	কেন	5
হয়	না	একটু	5
করছে	না	কি	5
ফোন	ইউজ	করি	5
ট্রাই	করবো	ভাই	5
বাড়ানো	যায়	না	5
না	এটা	একটা	5
এক	বড়	ভাই	5
একবার	ট্রাই	করে	5
কোন	সফটওয়্যার	দিয়ে	5
ডাউনলোড	লিংক	দিয়ে	5
দিয়ে	ইউজ	করি	5
এই	বিষয়ে	একটা	5
প্লিজ	ট্রাই	এগেইন	5
আই	লাভ	ট্রিকবিডি	5
এ	পি	কে	5
লিখে	দিলে	ভালো	5
ভালো	পোস্ট	করলে	5
কি	কোন	প্রবলেম	5
ঠিক	বলতে	পারলাম	5
বলতে	পারলাম	না	5
এখন	টাকা	দিচ্ছে	5
টাকা	দিচ্ছে	না	5
ইউটিউব	ভিডিও	ডাউনলোড	5
লাকি	প্যাচের	দিয়ে	5
ইজি	নেট	এর	5
জিবি	রেম	এ	5
এটা	কি	কাজ	5
কিছু	থাকলে	শেয়ার	5
আগেই	জানি	বাট	5
মনে	হয়	আমার	5
ফোন	ইউজ	করেন	5
টা	দিবেন	একটু	5
অনেক	আগে	জানি	5
করার	কি	কোন	5
কি	কোন	ওয়ে	5
এটা	করলে	কি	5
আগে	ইউজ	করতাম	5
ফ্রি	নেট	চালানো	5
না	করার	জন্য	5
ভাই	আমি	ট্রিকবিডিতে	5
দেখতে	পারেন	আমি	5
কোন	কাজের	না	5
ওটিজি	সাপোর্ট	করে	5
এই	পোস্ট	করার	5
নাম্বার	এ	কথা	5
জানানোর	জন্য	ধন্যবাদ	5
আমার	কাছে	অনেক	5
স্পিড	পাওয়া	যায়	5
ছাড়া	অন্য	কোন	5
ভাই	আপনি	পোস্ট	5
এটা	তো	সব	5
দিয়ে	ট্রাই	করছেন	5
এর	জন্য	আছে	5
কাজ	করবে	কি	5
করার	পর	আবার	5
এফবি	লিংক	দাও	5
সবাই	জানে	না	5
না	আপনি	যে	5
হতে	পারে	না	5
তো	ডাউনলোড	হয়	5
আপনার	কাছে	কি	5
ভালো	করে	পোস্ট	5
ভাই	একটু	কষ্ট	5
থেকে	ডাউনলোড	হয়	5
কাজ	করা	যাবে	5
রম	পোর্ট	করে	5
ইউ	ইউজার	ভাই	5
কোনো	প্রব্লেম	হয়	5
আর	হবে	না	5
এফবি	ইনবক্স	চেক	5
থেকে	কপি	করে	5
গুগল	থেকে	ডাউনলোড	5
বার	নেয়া	যাবে	5
নিয়ে	একটা	টিউটোরিয়াল	5
থেকে	ভালো	হবে	5
ইন	শাহ	আল্লাহ	5
আইডি	নেম	ইউজার	5
ফোন	এ	তো	5
অফ	করে	দিছে	5
ইউজার	ভাইয়া	আমার	5
শো	করবে	না	5
এই	অফার	কি	5
করে	বুঝিয়ে	দেন	5
কোনো	ওয়ে	নাই	5
অনেক	ধন্যবাদ	ভাই	5
হলে	ভালো	হয়	5
এইটা	সবাই	জানে	5
মাই	পোস্ট	প্লিজ	5
পোস্ট	প্লিজ	প্লিজ	5
একটু	বুঝিয়ে	বলেন	5
হিসেবে	ব্যবহার	করা	5
কোনো	কাজ	ই	5
একটা	হেল্প	করতে	5
গুগল	প্লে	স্টোর	5
লিঙ্ক	টা	দিলে	5
আপনি	ট্রিকবিডি	তে	5
করেছি	বাট	কাজ	5
বাড়ানো	যাবে	না	5
সার্চ	করে	দেখেন	5
এক	পোস্ট	বার	5
পোস্ট	বার	বার	5
তে	হবে	না	5
নিউ	কিছু	থাকলে	5
একটু	দেখবেন	প্লিজ	5
কী	করবো	প্লিজ	5
ভাই	কেমন	আছেন	5
সিম	এর	অফার	5
অনেকেই	জানে	না	5
তো	অনেক	কিছু	5
টা	একটু	বেশি	5
পাইলে	শেয়ার	করবো	5
আপনার	ফেইসবুক	আইডি	5
করেন	ভাই	প্লিজ	5
দিয়ে	হবে	কি	5
অনেকে	জানে	না	5
এইটা	কি	সত্যি	5
সুন্দর	পোস্ট	ভাইয়া	5
আমি	নিজে	ইউজ	5
ব্রো	ট্রিকবিডি	তে	5
কি	এখন	ও	5
করার	একটা	পোস্ট	5
অ্যাপ	টার	লিংক	5
কানেক্ট	করতে	পারছি	5
বের	করে	দেয়	5
ভাই	এপিকে	এডিটর	5
ফোন	কি	রুট	5
কি	মোবাইল	এর	5
কি	এমবি	লাগে	5
ডাউনলোড	হয়না	কেন	5
এই	সাইট	নিয়ে	5
না	তো	ভাই	5
আছে	নাকি	ভাই	5
ভিপিএন	ইউজ	করা	5
কমেন্ট	না	করে	5
কাজ	করছে	বাট	5
ভাই	অনেক	চেষ্টা	5
জানি	না	বাট	5
দিলে	খুশি	হতাম	5
পোস্ট	পাবলিশড	হয়	5
টা	পোস্ট	করসি	5
আবার	চেষ্টা	করুন	5
এর	পর	থেকে	5
কোনো	প্রব্লেম	নাই	5
ডিরেক্ট	লিংক	দেন	5
করে	ইউজ	করতে	5
এ	ফ্রি	নেট	5
কি	কোনো	ওয়ে	5
সার্ভার	এ	কানেক্ট	5
টাকা	বা	এমবি	5
ড্রয়েড	ভিপিএন	এর	5
মিনিট	কথা	বলা	5
আমার	চ্যানেল	এ	5
দেখাচ্ছে	কি	করবো	5
কোড	আসে	না	5
আইডি	তে	লগইন	5
ট্রিকবিডি	এর	মত	5
মেক	মি	টিউনার	5
ইউজার	ভাই	এফবি	5
গুগল	ড্রাইভ	এর	5
কোন	পোস্ট	এ	5
ইন	শা	আল্লাহ	5
ডিগ্রি	অর্জন	করেন	5
করা	হয়	যা	5
স্থাপন	করা	হয়	5
ক্রিকেট	দলের	অন্যতম	5
অন্যতম	সদস্য	ছিলেন	5
সদস্য	ছিলেন	তিনি	5
বিবেচনা	করা	হয়	5
প্রদান	করা	হয়	5
চলে	যান	এবং	5
ভূমিকা	পালন	করেন	5
উপর	ভিত্তি	করে	5
বছর	বয়সে	তিনি	5
তোমার	আব্বু	কেমন	5
আব্বু	কেমন	আছে	5
বড়	বোনের	আজকে	5
বোনের	আজকে	মন	5
আজকে	মন	ভালো	5
আমাকে	এই	কাজটি	5
এই	কাজটি	করে	5
কাজটি	করে	দিতে	5
এই	গরমে	বাহিরে	5
গরমে	বাহিরে	বের	5
বাহিরে	বের	হতে	5
বের	হতে	ইচ্ছা	5
হতে	ইচ্ছা	করে	5
তোমার	সব	কথাই	5
সব	কথাই	ভুল	5
তোমার	মত	খারাপ	5
মত	খারাপ	ছেলে	5
খারাপ	ছেলে	আমি	5
ছেলে	আমি	আর	5
আমি	আর	একটাও	5
আর	একটাও	দেখিনি	5
বিয়ের	জন্য	আম্মা	5
জন্য	আম্মা	আমার	5
আমার	জন্য	ছেলে	5
জন্য	ছেলে	খুজতাসে	5
আব্বা	আমাকে	গতকাল	5
দেখা	করতে	বলেছিল	5
ছেলেটিকে	আমার	একদমই	5
একদমই	ভালো	লাগেনি	5
মেয়েটি	গোলাপি	রঙের	5
গোলাপি	রঙের	শাড়ি	5
রঙের	শাড়ি	পরে	5
শাড়ি	পরে	এসেছিল	5
আমার	দুইদিন	পরে	5
দুইদিন	পরে	বিয়ে	5
পরে	বিয়ে	হবে	5
ছেলেটি	এখন	আর	5
এখন	আর	বিকালে	5
আর	বিকালে	খেলতে	5
বিকালে	খেলতে	বের	5
খেলতে	বের	হয়	5
বের	হয়	না	5
মেয়েটি	সকালে	ঘুম	5
থেকে	উঠেই	পরতে	5
উঠেই	পরতে	বসে	5
আমার	চাচা	বিদেশ	5
চাচা	বিদেশ	থেকে	5
বিদেশ	থেকে	গতকাল	5
থেকে	গতকাল	বাংলাদেশে	5
গতকাল	বাংলাদেশে	এসেছে	5
বাসার	দারওয়ান	অনেক	5
দারওয়ান	অনেক	ভালো	5
আমার	বন্ধু	খুলনা	5
বন্ধু	খুলনা	ঘুরতে	5
খুলনা	ঘুরতে	গিয়েছে	5
আমার	ঘুরতে	অনেক	5
আমি	বিদেশে	গিয়ে	5
বিদেশে	গিয়ে	অনেক	5
গিয়ে	অনেক	ঘুরতে	5
অনেক	ঘুরতে	চাই	5
তুমি	আমাকে	বিরক্ত	5
আমাকে	বিরক্ত	করো	5
তিনি	আমাকে	অনেক	5
অনেক	অপমান	করেছে	5
আমার	সকালে	উঠে	5
সকালে	উঠে	বই	5
উঠে	বই	পরতে	5
পরতে	অনেক	ভালো	5
ছোট	ভাই	একদমই	5
ভাই	একদমই	পড়ালেখা	5
একদমই	পড়ালেখা	করতে	5
পড়ালেখা	করতে	চায়	5
ভাই	বিদ্যালয়ে	যেতে	5
ছোট	ভাইয়ের	বিদ্যালয়ে	5
ভাইয়ের	বিদ্যালয়ে	গিয়ে	5
আমি	একদিন	বিদ্যালয়ের	5
একদিন	বিদ্যালয়ের	মাঠে	5
ঘুরিয়ে	পরে	গিয়েছিলাম	5
কি	আমাকে	কোনদিনও	5
আমাকে	কোনদিনও	ভালবাসবেন	5
কোনদিনও	ভালবাসবেন	না	5
আমার	বন্ধু	আজকে	5
বন্ধু	আজকে	সকালে	5
সকালে	ফুটবল	খেলেছে	5
তুমি	আমার	মনের	5
মনের	কথা	একদমই	5
কথা	একদমই	বুঝো	5
একদমই	বুঝো	না	5
আমার	আম্মু	অনেক	5
আম্মু	অনেক	ভালো	5
আমার	বন্ধু	এখন	5
বন্ধু	এখন	ঘুমাতে	5
এখন	ঘুমাতে	যাবে	5
ছোট	বোন	নাচতে	5
বোন	নাচতে	পারে	5
আমার	বন্ধু	এইবার	5
বন্ধু	এইবার	ছুটিতে	5
এইবার	ছুটিতে	রাজশাহী	5
ছুটিতে	রাজশাহী	ঘুরতে	5
রাজশাহী	ঘুরতে	যাবে	5
আমার	বন্ধু	যাকে	5
বন্ধু	যাকে	ভালবাসে	5
যাকে	ভালবাসে	সে	5
ভালবাসে	সে	রাজশাহী	5
সে	রাজশাহী	থাকে	5
মেয়েটি	রাজশাহী	থেকে	5
রাজশাহী	থেকে	আমার	5
থেকে	আমার	বড়	5
আমার	বড়	ভাইয়ের	5
ভাইয়ের	সাথে	দেখা	5
মেয়েটি	এখন	সিলেট	5
এখন	সিলেট	যাবে	5
বড়	ভাই	এখন	5
ভাই	এখন	তাঁর	5
সিগারেট	খায়	না	5
আমাকে	আগে	কোনদিন	5
আগে	কোনদিন	দেখেছেন	5
কি	আমাকে	চিনতে	5
আমাকে	চিনতে	পেরেছেন	5
ছেলেটি	আমাকে	চিনতে	5
আমাকে	চিনতে	পারল	5
মেয়েটি	তোমাকে	চিনতে	5
তোমাকে	চিনতে	পারল	5
আমার	এখন	পড়ালেখা	5
এখন	পড়ালেখা	করা	5
হয়েছে	এখন	আমার	5
এখন	আমার	ছোট	5
ছোট	বোন	ঘুমাতে	5
বোন	ঘুমাতে	যাবে	5
আমাকে	পরিক্ষার	আগে	5
পরিক্ষার	আগে	সব	5
কিছু	নিয়ে	পড়ালেখা	5
নিয়ে	পড়ালেখা	করতে	5
ভাই	বিদ্যালয়ে	গিয়ে	5
আমার	বন্ধু	বিদ্যালয়ের	5
বন্ধু	বিদ্যালয়ের	মাঠে	5
শিশু	ফুটপাতে	লাফাচ্ছে	5
আমার	বান্ধুবি	তার	5
বান্ধুবি	তার	স্বামীকে	5
তার	স্বামীকে	খুব	5
স্বামীকে	খুব	ভালবাসে	5
আমার	স্ত্রী	আমাকে	5
স্ত্রী	আমাকে	ভালোবাসে	5
আমাকে	ভালোবাসে	না	5
জীবন	থেকে	আমার	5
থেকে	আমার	ভাইয়ের	5
আমার	ভাইয়ের	সাথে	5
ভাইয়ের	সাথে	তোমার	5
সাথে	তোমার	বোনের	5
তোমার	বোনের	প্রেম	5
বোনের	প্রেম	ছিলো	5
আমার	গতকাল	প্রচণ্ড	5
গতকাল	প্রচণ্ড	মাথা	5
আমি	তোমার	কোন	5
তোমার	কোন	কথা	5
কোন	কথা	কিছুই	5
কথা	কিছুই	বুঝতে	5
তোমার	হাশির	কাছে	5
হাশির	কাছে	আমার	5
কাছে	আমার	সব	5
আমার	সব	কিছু	5
তোমার	চোখ	দুটো	5
চোখ	দুটো	অনেক	5
দুটো	অনেক	সুন্দর	5
তোমার	সাথে	অনেক	5
সাথে	অনেক	দিন	5
দিন	পর	দেখা	5
ছেলেটি	বিদেশে	গিয়ে	5
করার	স্বপ্ন	দেখে	5
কথা	বলে	আমার	5
বলে	আমার	অনেক	5
তোমার	বন্ধুর	সাথে	5
বন্ধুর	সাথে	পরিচিত	5
আমার	আব্বু	আর	5
আব্বু	আর	চাচার	5
আর	চাচার	মধ্যে	5
চাচার	মধ্যে	জায়গা	5
লোকটি	কিছু	দিন	5
দিন	আগে	বিয়ে	5
আগে	বিয়ে	করেন	5
প্রথমে	তোমাকে	একটি	5
তোমাকে	একটি	বইয়ের	5
একটি	বইয়ের	দোকানে	5
বইয়ের	দোকানে	যেতে	5
বেশি	কিছু	বলার	5
কিছু	বলার	আগেই	5
বলার	আগেই	আবেগে	5
আগেই	আবেগে	চোখে	5
আপনার	বন্ধুদের	গালি	5
বন্ধুদের	গালি	দেওয়ার	5
অনেক	মানুষ	এখনো	5
মানুষ	এখনো	পেছনে	5
এখনো	পেছনে	লাইনে	5
পেছনে	লাইনে	দাঁড়িয়ে	5
একজন	মহিলা	মারা	5
মহিলা	মারা	গেছেন	5
আপনি	এত	গরীব	5
আগে	কেন	বলেননি	5
আমার	আর	কেউ	5
আর	কেউ	নেই	5
আগেই	বলেছি	তোমাকে	5
বলেছি	তোমাকে	নিয়ে	5
তোমাকে	নিয়ে	বিদেশ	5
নিয়ে	বিদেশ	ঘুরতে	5
বিদেশ	ঘুরতে	চাই	5
আম্মু	আমাকে	সবার	5
কি	জানেন	এখানে	5
জানেন	এখানে	অনেক	5
এখানে	অনেক	ছেলে	5
অনেক	ছেলে	কমেন্ট	5
ছেলে	কমেন্ট	পড়তে	5
আবেগের	ভালোবাসা	কাউকে	5
ভালোবাসা	কাউকে	দেওয়া	5
কাউকে	দেওয়া	উচিত	5
দেওয়া	উচিত	না	5
বিবেকের	কাছে	আবেগের	5
কাছে	আবেগের	ভালোবাসা	5
আবেগের	ভালোবাসা	হেরে	5
ভালোবাসা	হেরে	যাবে	5
আমার	মনের	ভালোবাসা	5
ভালোবাসা	চিরদিন	তোমার	5
চিরদিন	তোমার	জন্য	5
তোমার	জন্য	থেকে	5
জন্য	থেকে	যাবে	5
জীবনে	একা	একা	5
একা	একা	পথ	5
একা	পথ	চলা	5
পথ	চলা	অনেক	5
চলা	অনেক	কঠিন	5
আমার	জীবন	আমি	5
জীবন	আমি	তোমাকে	5
আমি	তোমাকে	নিয়ে	5
তোমাকে	নিয়ে	বাঁচার	5
নিয়ে	বাঁচার	জন্য	5
বাঁচার	জন্য	দিব	5
আমার	ভালবাসা	দিয়ে	5
ভালবাসা	দিয়ে	সারাজীবন	5
দিয়ে	সারাজীবন	তোমার	5
সারাজীবন	তোমার	পাশে	5
তোমার	পাশে	থাকতে	5
তোমাকে	কি	করে	5
করে	বুঝাবো	তোমাকে	5
বুঝাবো	তোমাকে	কতটা	5
তোমাকে	কতটা	ভালবাসি	5
আপনাকে	দেখে	আমি	5
দেখে	আমি	দেখে	5
আমি	দেখে	থমকে	5
আপনি	খুব	কষ্টে	5
নিজেকে	সামলে	নিয়েছেন	5
আমার	বান্ধুবি	কিছু	5
বান্ধুবি	কিছু	ভাবতে	5
কিছু	ভাবতে	পারেনা	5
ভাবতে	পারেনা	আপনাকে	5
পারেনা	আপনাকে	ছাড়া	5
আমার	বন্ধু	কিছু	5
বন্ধু	কিছু	লিখতে	5
কিছু	লিখতে	পারেনা	5
লিখতে	পারেনা	আপনার	5
পারেনা	আপনার	নাম	5
আপনার	নাম	ছাড়া	5
আপনাকে	ভালোবাসি	এই	5
ভালোবাসি	এই	কথাটি	5
কথাটি	বলা	বাকি	5
আমার	আব্বুর	খুব	5
আব্বুর	খুব	গরম	5
আমার	ছোট	বোনের	5
ছোট	বোনের	গরম	5
বোনের	গরম	লাগছে	5
এই	শিশুটির	অনেক	5
শিশুটির	অনেক	ঠাণ্ডা	5
আমার	বন্ধুর	খুব	5
বন্ধুর	খুব	মন	5
আমার	জন্য	নীল	5
জন্য	নীল	শাড়ি	5
নীল	শাড়ি	কিনে	5
শাড়ি	কিনে	এনেছে	5
আমি	আমার	বন্ধুকে	5
আমার	বন্ধুকে	একটি	5
বন্ধুকে	একটি	লাল	5
গোলাপ	কিনে	উপহার	5
কিনে	উপহার	দিয়েছি	5
স্বামীর	সাথে	বিকালে	5
সাথে	বিকালে	পার্কে	5
বিকালে	পার্কে	ঘুরতে	5
পার্কে	ঘুরতে	যাব	5
কাউকে	ভালোবাসা	দেওয়াতেই	5
বেশি	আনন্দ	লাগে	5
আনন্দ	লাগে	আমার	5
আমার	কাছে	ফিরে	5
কাছে	ফিরে	আস	5
ফিরে	আস	তবে	5
আস	তবে	তাকে	5
তবে	তাকে	ছেড়ে	5
সে	তোমার	জন্য	5
তোমার	জন্য	সব	5
আপনি	যে	মানুষটিকে	5
যে	মানুষটিকে	ভালবাসবেন	5
মানুষটিকে	ভালবাসবেন	তাকে	5
ভালবাসবেন	তাকে	যদি	5
না	বুঝতে	পারেন	5
পারেন	তাহলে	আপনার	5
তাহলে	আপনার	এই	5
আপনার	এই	প্রেমের	5
কোনো	অর্থ	নেই	5
আপনি	নিজে	অসুখী	5
অসুখী	হয়ে	কিভাবে	5
হয়ে	কিভাবে	অন্যকে	5
কিভাবে	অন্যকে	ভালোবেসে	5
ভালোবেসে	সুখী	করবেন	5
তুমি	কারো	জীবনে	5
এনে	দেবে	এই	5
দেবে	এই	ভেবে	5
এই	ভেবে	তোমার	5
ভেবে	তোমার	প্রেম	5
তোমার	প্রেম	করা	5
প্রেম	করা	উচিত	5
আপনার	মনের	কথা	5
মনের	কথা	গুলো	5
কথা	গুলো	আমাকে	5
গুলো	আমাকে	আজ	5
আমাকে	আজ	খুলে	5
আজ	খুলে	বলুন	5
তুমি	কখনই	পারবে	5
কখনই	পারবে	না	5
পারবে	না	অন্য	5
তুমি	জোর	করে	5
মানুষ	হতে	পারবে	5
আগামিকাল	সকালবেলা	তাদেরকে	5
সকালবেলা	তাদেরকে	দেখতে	5
তাদেরকে	দেখতে	পাবেন	5
তোমার	কোন	কথাতেই	5
কোন	কথাতেই	কোনও	5
কথাতেই	কোনও	নিশ্চয়তা	5
ভালো	লাগে	কালো	5
লাগে	কালো	ওই	5
কালো	ওই	চোখ	5
ওই	চোখ	দুটো	5
চোখ	দুটো	তোমার	5
তোমাকে	একটি	গোলাপ	5
একটি	গোলাপ	ফুল	5
গোলাপ	ফুল	কিনে	5
ফুল	কিনে	দিবো	5
এই	মন	তোমাকে	5
মন	তোমাকে	দিলাম	5
তোমার	হাজার	কথার	5
কথার	মাঝে	তোমার	5
মাঝে	তোমার	মনের	5
কথা	লুকিয়ে	ছিল	5
একটা	মানুষের	সব	5
মানুষের	সব	কথা	5
সব	কথা	একদিনে	5
কথা	একদিনে	মুখে	5
একদিনে	মুখে	বলে	5
আমার	হাজার	কথার	5
একটা	কথা	তোমাকে	5
কথা	তোমাকে	বুঝে	5
তোমাকে	বুঝে	নিতে	5
বুঝে	নিতে	হবে	5
আমি	যতদিন	বেঁছে	5
বেঁছে	থাকি	আপনাকে	5
থাকি	আপনাকে	মনে	5
আপনাকে	মনে	রাখবো	5
আমার	যত	কষ্ট	5
কষ্ট	হোক	তোমাকে	5
হোক	তোমাকে	নিয়ে	5
তোমাকে	নিয়ে	আমি	5
নিয়ে	আমি	জীবন	5
আমি	জীবন	সাজাবোই	5
তোমার	পড়াশোনা	করে	5
হবে	যদি	তুমি	5
যদি	তুমি	যাকে	5
তুমি	যাকে	ভালোবাসো	5
যাকে	ভালোবাসো	তাকেই	5
ভালোবাসো	তাকেই	না	5
তাকেই	না	পাও	5
মিষ্টি	আলো	দেখতে	5
আমাদের	ঘরের	প্রতিটি	5
ঘরের	প্রতিটি	রুম	5
প্রতিটি	রুম	ফুল	5
রুম	ফুল	দিয়ে	5
ফুল	দিয়ে	সাজিয়ে	5
দিয়ে	সাজিয়ে	রেখেছি	5
মাছের	বাজারে	সবাই	5
বাজারে	সবাই	এসে	5
সবাই	এসে	বড়	5
এসে	বড়	মাছটি	5
বড়	মাছটি	দেখার	5
মাছটি	দেখার	জন্য	5
দেখার	জন্য	ভিড়	5
জন্য	ভিড়	জমালো	5
আমার	বিয়ে	করার	5
করার	জন্য	আরেকটা	5
জন্য	আরেকটা	দিন	5
দুজনে	মিলে	দুরে	5
মিলে	দুরে	কোথাও	5
দুরে	কোথাও	ঘুরে	5
কোথাও	ঘুরে	আসতে	5
ঘুরে	আসতে	পারি	5
আকাশের	নীলে	হারিয়ে	5
নীলে	হারিয়ে	যেতে	5
যেতে	চাই	তোমায়	5
চাই	তোমায়	নিয়ে	5
আপনার	জন্য	মনে	5
আমার	অফুরন্ত	ভালবাসা	5
আমি	সারা	জীবন	5
সারা	জীবন	আপনার	5
জীবন	আপনার	ভালবাসা	5
আপনার	ভালবাসা	পেতে	5
ভালবাসা	পেতে	চাই	5
এবং	আমার	ছোট	5
ছোট	বোন	একসাথে	5
বোন	একসাথে	সাঁতার	5
একসাথে	সাঁতার	কাটি	5
তোমাকে	নিয়ে	সুখের	5
নিয়ে	সুখের	পৃথিবী	5
সুখের	পৃথিবী	সাজাতে	5
পৃথিবী	সাজাতে	চাই	5
আজ	সিলেটে	বৃষ্টি	5
সিলেটে	বৃষ্টি	হবে	5
তোমার	মিথ্যা	ভালবাসা	5
মিথ্যা	ভালবাসা	একদিন	5
ভালবাসা	একদিন	হেরে	5
একদিন	হেরে	যাবে	5
আমার	সত্যের	ভালবাসা	5
সত্যের	ভালবাসা	কোনদিনও	5
ভালবাসা	কোনদিনও	হারবে	5
কোনদিনও	হারবে	না	5
এই	গানটি	আমার	5
গানটি	আমার	খুব	5
তোমাকে	অসম্ভব	সুন্দরী	5
কি	এখনও	আপনার	5
এখনও	আপনার	ভালোবাসার	5
আপনার	ভালোবাসার	মানুষটার	5
মানুষটার	কথা	মনে	5
তোমার	সাথে	দেখা	5
দেখা	হলেই	পুরাতন	5
হলেই	পুরাতন	ইতিহাস	5
এই	ছবির	নীল	5
ছবির	নীল	আকাশ	5
নীল	আকাশ	অনেক	5
আকাশ	অনেক	সুন্দর	5
তুমি	এক	সন্ধ্যায়	5
বাসায়	ফিরে	দেখবে	5
ফিরে	দেখবে	আমি	5
দেখবে	আমি	আর	5
আমি	আর	নেই	5
তোমার	কন্যা	তোমাকে	5
কন্যা	তোমাকে	অনেক	5
তোমাকে	অনেক	ভালবাসে	5
আমার	মাঝে	মাঝে	5
মাঝে	মাঝে	চিৎকার	5
মাঝে	চিৎকার	করে	5
যাওয়ার	পর	আমার	5
পর	আমার	জীবন	5
আমার	জীবন	থেমে	5
জীবন	থেমে	গেছে	5
ছোট	বোন	কেমন	5
বোন	কেমন	যেন	5
বাবা	মার	আদর	5
ভালোবাসা	ছাড়া	আমি	5
ছাড়া	আমি	বড়	5
আমি	বড়	হয়েছি	5
তুমি	সত্যিই	খুব	5
খুব	কঠিন	সময়	5
কঠিন	সময়	পার	5
পালন	করা	করা	5
করা	করা	খুব	5
একটি	শিশুকে	একমাত্র	5
শিশুকে	একমাত্র	তার	5
কোলে	এসে	শিশুটি	5
এসে	শিশুটি	তার	5
শিশুটি	তার	মাকে	5
তার	মাকে	খোঁজে	5
মাকে	খোঁজে	মনে	5
আমি	যে	মা	5
যে	মা	তাই	5
মা	তাই	আমি	5
আমি	আমার	বাচ্চার	5
আমার	বাচ্চার	মুখের	5
বাচ্চার	মুখের	দিকে	5
এই	কঠিন	বাস্তবের	5
কঠিন	বাস্তবের	সাথে	5
বাস্তবের	সাথে	তোমাকে	5
সাথে	তোমাকে	মানিয়ে	5
তোমাকে	মানিয়ে	নিয়ে	5
মানিয়ে	নিয়ে	চলতে	5
নিয়ে	চলতে	হবে	5
মেয়েটি	একটি	ভালো	5
একটি	ভালো	চাকরি	5
এই	মাসে	ছেলে	5
পরিবার	নিয়ে	ঘুরতে	5
নিয়ে	ঘুরতে	যাওয়ার	5
ঘুরতে	যাওয়ার	কথা	5
আমার	পরিবার	আজকে	5
পরিবার	আজকে	বিকালে	5
আজকে	বিকালে	তোমার	5
বিকালে	তোমার	পরিবারের	5
আমাদের	দুজনের	বিয়ে	5
হওয়ার	কথা	চলছে	5
মেয়েটি	এই	ছেলেকে	5
এই	ছেলেকে	বিয়ে	5
ছেলেকে	বিয়ে	করতে	5
করতে	রাজি	হচ্ছে	5
রাজি	হচ্ছে	না	5
আমার	স্বামী	আমাদেরকে	5
স্বামী	আমাদেরকে	নিয়ে	5
আমাদেরকে	নিয়ে	রাতের	5
নিয়ে	রাতের	বেলা	5
রাতের	বেলা	ঘুরতে	5
বেলা	ঘুরতে	বের	5
ঘুরতে	বের	হবে	5
হয়	এমন	ছেলে	5
এমন	ছেলে	আমার	5
ছেলে	আমার	বাবা	5
আমার	বাবা	মায়ের	5
বাবা	মায়ের	পছন্দ	5
মায়ের	পছন্দ	হয়	5
তোমার	মত	মানুষেরা	5
মত	মানুষেরা	কখনো	5
কখনো	ঠিক	হবে	5
ছেলেটি	তার	পরিবারের	5
বিয়ে	করে	ফেলে	5
আমার	ভাই	মেয়েটির	5
ভাই	মেয়েটির	সাথে	5
মেয়েটির	সাথে	গতকাল	5
সাথে	গতকাল	যোগাযোগ	5
গতকাল	যোগাযোগ	করে	5
ছেলে	কোন	ধরনের	5
কোন	ধরনের	মামলা	5
ধরনের	মামলা	চায়	5
সে	বিবাহিত	তাই	5
বিবাহিত	তাই	মামলা	5
তাই	মামলা	করতে	5
মামলা	করতে	চাচ্ছে	5
করতে	চাচ্ছে	না	5
এই	বিষয়টা	জানাজানি	5
জানাজানি	হলে	মহিলাটির	5
হলে	মহিলাটির	সংসার	5
মহিলাটির	সংসার	টিকবে	5
আমার	বন্ধু	মেয়েদের	5
বন্ধু	মেয়েদের	সাথে	5
মেয়েদের	সাথে	সারা	5
আমার	কাবিনের	টাকা	5
কাবিনের	টাকা	তোমাকে	5
টাকা	তোমাকে	প্রতি	5
তোমাকে	প্রতি	মাসে	5
মাসে	মাসে	দিতে	5
মাসে	দিতে	হবে	5
বড়	ভাই	সাত	5
ভাই	সাত	মাস	5
একজনকে	বিয়ে	করেছে	5
আমি	ক্লাসের	সব	5
ক্লাসের	সব	ছেলেদের	5
সব	ছেলেদের	সাথেই	5
ছেলেদের	সাথেই	মিশতাম	5
তোমার	অনেক	ভুল	5
অনেক	ভুল	ছিল	5
এই	তিন	বছরের	5
তিন	বছরের	শিশুটির	5
বছরের	শিশুটির	দোষ	5
শিশুটির	দোষ	কোথায়	5
তোমাকে	বলেছিলাম	বিয়েটা	5
ভালোর	জন্য	বিয়েটা	5
জন্য	বিয়েটা	করে	5
বিয়েটা	করে	ফেলতে	5
করে	ফেলতে	বললাম	5
তোমার	ভালোর	জন্যই	5
ভালোর	জন্যই	আমি	5
জন্যই	আমি	তোমাকে	5
আমি	তোমাকে	ছেড়ে	5
তোমাকে	ছেড়ে	দূরে	5
ছেড়ে	দূরে	চলে	5
দূরে	চলে	আসছি	5
আমি	আর	তুমি	5
আর	তুমি	একসাথে	5
তুমি	একসাথে	নেই	5
একসাথে	নেই	আমি	5
স্বপ্নটা	যে	কবে	5
যে	কবে	পূরণ	5
কবে	পূরণ	হবে	5
তোমার	পরিবার	আমার	5
পরিবার	আমার	বাবার	5
তোমার	বিয়ে	হবে	5
বিয়ে	হবে	শুনে	5
হবে	শুনে	আমরা	5
শুনে	আমরা	খুব	5
আমার	বোন	তার	5
বোন	তার	বন্ধুর	5
তার	বন্ধুর	সাথে	5
বন্ধুর	সাথে	ঘুরতে	5
সাথে	ঘুরতে	যেতে	5
ঘুরতে	যেতে	চায়	5
আমার	বন্ধুরা	সত্যিই	5
আমার	বন্ধুরা	সবাই	5
সাথে	ঘুরতে	খুব	5
ঘুরতে	খুব	ভালো	5
তাদের	পরিবারে	কোন	5
পরিবারে	কোন	ঝগড়া	5
কোন	ঝগড়া	হয়	5
ঝগড়া	হয়	না	5
আমার	ভাই	বোনের	5
ভাই	বোনের	খুব	5
বোনের	খুব	ভালো	5
খুব	ভালো	ছবি	5
ভালো	ছবি	আঁকে	5
গ্রামের	মানুষদের	মধ্যে	5
মানুষদের	মধ্যে	কোন	5
আপনি	খুব	সুন্দর	5
সুন্দর	করে	কথা	5
তোমার	সুন্দর	সুন্দর	5
ছবিগুলো	দেখে	খুব	5
দেখে	খুব	আনন্দ	5
খুব	আনন্দ	পেয়েছি	5
বিয়ের	পর	অনেক	5
পর	অনেক	পাতলা	5
অনেক	পাতলা	মেয়ে	5
পাতলা	মেয়ে	মোটা	5
মেয়ে	মোটা	হয়ে	5
মোটা	হয়ে	যায়	5
মেয়েরা	বিয়ে	করার	5
করার	জন্য	ভদ্র	5
জন্য	ভদ্র	ছেলে	5
ভদ্র	ছেলে	খুঁজে	5
আমার	খুব	ভয়	5
সিঙ্গেল	বলে	ঘুরতে	5
বলে	ঘুরতে	যেতে	5
ঘুরতে	যেতে	পারি	5
যেতে	পারি	না	5
বিয়ের	পরই	ঝগড়া	5
পরই	ঝগড়া	শুরু	5
ঝগড়া	শুরু	হয়	5
গরিব	বলে	কেউ	5
বলে	কেউ	আমাকে	5
কেউ	আমাকে	ভালবাসে	5
আমাকে	ভালবাসে	না	5
যতদিন	এই	পৃথিবীতে	5
এই	পৃথিবীতে	থাকব	5
পৃথিবীতে	থাকব	তোমাকে	5
থাকব	তোমাকে	মনে	5
তোমাকে	মনে	রাখব	5
মেয়েরাই	পারে	সংসার	5
পারে	সংসার	গুছিয়ে	5
সংসার	গুছিয়ে	রাখতে	5
সরল	মনটা	নিয়ে	5
মনটা	নিয়ে	মেয়েরা	5
নিয়ে	মেয়েরা	ফুটবল	5
মেয়েরা	ফুটবল	খেলে	5
ছেলেটি	গাড়ির	নিচে	5
নিচে	পরে	মারা	5
পরে	মারা	যায়	5
একবার	তোমার	হাঁট	5
তোমার	হাঁট	ধরলে	5
হাঁট	ধরলে	আর	5
ধরলে	আর	কোনদিনও	5
আর	কোনদিনও	ছাড়বনা	5
তোমার	চুল	পরার	5
চুল	পরার	এই	5
পরার	এই	সমস্যা	5
এই	সমস্যা	নিয়ে	5
ডাক্তারের	কাছে	যেতে	5
ভালো	মানুষ	এই	5
মানুষ	এই	পৃথিবীতে	5
এই	পৃথিবীতে	বেশি	5
পৃথিবীতে	বেশি	দিন	5
গ্রামের	বাড়ির	এই	5
বাড়ির	এই	মেয়েটাকে	5
এই	মেয়েটাকে	খুব	5
মেয়েটাকে	খুব	ভালো	5
খুব	ভালো	লেগেছিল	5
ছেলেটি	ছুটির	দিনেও	5
আমার	বাংলা	সিনেমা	5
সিনেমা	দেখতে	ভালো	5
তোমাকে	আমি	ধন্যবাদ	5
আমি	ধন্যবাদ	জানাতে	5
তোমার	ছোট	ভাইয়ের	5
ছোট	ভাইয়ের	জন্মদিন	5
ভাইয়ের	জন্মদিন	কবে	5
একটি	ছবি	তুলে	5
ছবি	তুলে	দিতে	5
তুলে	দিতে	পারবে	5
সাথে	আমার	আম্মু	5
আমার	আম্মু	কথা	5
আম্মু	কথা	বলতে	5
তোমার	কাছে	আমি	5
কাছে	আমি	একটি	5
আমি	একটি	পরামর্শ	5
একটি	পরামর্শ	চাই	5
আমাকে	একটি	গান	5
একটি	গান	গেয়ে	5
গান	গেয়ে	শুনাতে	5
গেয়ে	শুনাতে	পারবেন	5
তুমি	কি	তোমার	5
কি	তোমার	ভুল	5
তোমার	ভুল	বুঝতে	5
ভুল	বুঝতে	পেরেছ	5
আমার	জন্য	একটি	5
জন্য	একটি	গান	5
একটি	গান	লিখে	5
গান	লিখে	দিতে	5
লিখে	দিতে	পারবে	5
আমার	প্রতিদিন	খেলাধুলা	5
প্রতিদিন	খেলাধুলা	করতে	5
খেলাধুলা	করতে	ভালো	5
আমার	বন্ধুরা	সকাল	5
বন্ধুরা	সকাল	বেলা	5
সকাল	বেলা	ফুটবল	5
বেলা	ফুটবল	খেলতে	5
খেলতে	মাঠে	যায়	5
তোমার	বয়স	কত	5
আমি	অনেক	বড়	5
অনেক	বড়	ভুল	5
বড়	ভুল	করে	5
চাঁদের	আলো	দেখতে	5
তুমি	কি	সকালে	5
কি	সকালে	উঠে	5
সকালে	উঠে	চা	5
উঠে	চা	খাবে	5
আপনি	একটু	এইদিকে	5
একটু	এইদিকে	আসতে	5
এইদিকে	আসতে	পারবেন	5
তোর	পরিক্ষা	কবে	5
আমাকে	বিকালে	খেলার	5
বিকালে	খেলার	মাঠে	5
খেলার	মাঠে	যেতে	5
মাঠে	যেতে	হবে	5
মানুষ	অনেক	স্বার্থপর	5
আমি	একজন	ভালো	5
একজন	ভালো	মানুষ	5
ভালো	মানুষ	হতে	5
মানুষ	হতে	চাই	5
আমার	পরিবার	তোমাকে	5
পরিবার	তোমাকে	কোনদিনও	5
তোমাকে	কোনদিনও	মেনে	5
কোনদিনও	মেনে	নেবে	5
মেনে	নেবে	না	5
আপনাকে	ছাড়া	আমার	5
ছাড়া	আমার	বান্ধুবি	5
আমার	বান্ধুবি	ভালো	5
বান্ধুবি	ভালো	নেই	5
মেয়েটির	রাগ	অনেক	5
আপনি	কি	চান	5
কি	চান	আমি	5
চান	আমি	এখান	5
আমি	এখান	থেকে	5
এখান	থেকে	চলে	5
থেকে	চলে	যাই	5
কি	এই	বিয়েতে	5
বিয়েতে	রাজি	হয়েছেন	5
আমার	আব্বুর	মাথা	5
আব্বুর	মাথা	গরম	5
বড়	ভাই	একজন	5
ভাই	একজন	বদমেজাজি	5
একজন	বদমেজাজি	লোক	5
যেই	মেয়ে	বেশী	5
মেয়ে	বেশী	কথা	5
তাকে	আমার	পছন্দ	5
ছেলেটি	অনেক	বেশী	5
অনেক	বেশী	কথা	5
আপনি	আজ	সকালে	5
সকালে	চা	খান	5
চা	খান	নাই	5
আজ	সকালে	আমি	5
সকালে	আমি	এবং	5
এবং	আমার	বন্ধুরা	5
আমার	বন্ধুরা	ফুটবল	5
বন্ধুরা	ফুটবল	খেলতে	5
খেলতে	মাঠে	গিয়েছি	5
আমি	আমার	আম্মুর	5
আমার	আম্মুর	সব	5
আম্মুর	সব	কথা	5
মনোযোগ	দিয়ে	শুনি	5
আমার	বান্ধুবির	একটি	5
বান্ধুবির	একটি	ছোট	5
একটি	ছোট	বিড়াল	5
ছোট	বিড়াল	আছে	5
লোকটি	তার	বউয়ের	5
তার	বউয়ের	গায়ে	5
বউয়ের	গায়ে	হাত	5
তোমার	কি	লোক	5
কি	লোক	দেখানো	5
আমার	বউ	আমাকে	5
বউ	আমাকে	কোনদিনও	5
আমাকে	কোনদিনও	খোঁচা	5
কোনদিনও	খোঁচা	মেরে	5
তুমি	একজন	ভালো	5
একজন	ভালো	মেয়ে	5
ভালো	মেয়ে	মানুষ	5
তোমাকে	জোর	করে	5
জোর	করে	বিয়ে	5
করে	বিয়ে	দেয়া	5
বিয়ে	দেয়া	হয়েছিল	5
তিনি	দুইবেলা	ভাত	5
ভাত	খেতে	পারেন	5
খেতে	পারেন	না	5
তোমার	পাশে	থাকলে	5
পাশে	থাকলে	আমি	5
থাকলে	আমি	কল্পনার	5
বেশি	সুখী	থাকি	5
আম্মু	আজকে	খাবারে	5
আজকে	খাবারে	লবণ	5
লবণ	কম	দিয়েছে	5
আমার	আম্মু	সব	5
সব	সময়	বেশ	5
বেশ	হাসি	খুশি	5
হাসি	খুশি	থাকে	5
তোমার	জন্য	এত	5
জন্য	এত	কিছু	5
এত	কিছু	করেও	5
কিছু	করেও	কোন	5
করেও	কোন	লাভ	5
আপনি	আমাকে	আর	5
কত	অবাক	করবেন	5
আপনি	একটু	কম	5
একটু	কম	চাপাবাজি	5
কম	চাপাবাজি	করেন	5
আজকে	আমার	ছোট	5
ছোট	বোন	রান্না	5
বোন	রান্না	করেছে	5
লবণ	একটু	বেশী	5
লবণ	কম	হলে	5
আজকে	আমি	বাহিরে	5
আমি	বাহিরে	যাবোই	5
আপনি	একা	একা	5
একা	একা	বাহিরে	5
একা	বাহিরে	ঘুরতে	5
বাহিরে	ঘুরতে	যান	5
আমি	খুব	জোস	5
খুব	জোস	মেকআপ	5
জোস	মেকআপ	করি	5
তুমি	একদমই	না	5
একদমই	না	বুঝে	5
আপনাকে	কিছু	বলা	5
কিছু	বলা	লাগে	5
বলা	লাগে	না	5
লাগে	না	আপনি	5
না	আপনি	এমনিতেই	5
আপনি	এমনিতেই	আমার	5
এমনিতেই	আমার	মনের	5
কথা	বুঝে	যান	5
তোমার	চোখ	থাকে	5
তোমার	বিবাহিত	জীবন	5
বিবাহিত	জীবন	সুখের	5
জীবন	সুখের	হোক	5
আমাদের	বাসার	দারওয়ান	5
বাসার	দারওয়ান	রাতে	5
দারওয়ান	রাতে	মদ	5
রাতে	মদ	খায়	5
আমার	স্বামী	রাতে	5
স্বামী	রাতে	বন্ধুদের	5
রাতে	বন্ধুদের	সাথে	5
আর	আমার	আব্বু	5
আমার	আব্বু	বিয়ে	5
আব্বু	বিয়ে	বাড়িতে	5
বিয়ে	বাড়িতে	যাচ্ছি	5
পড়ার	পরেও	পরকীয়া	5
পরেও	পরকীয়া	করার	5
পরকীয়া	করার	কথা	5
করার	কথা	স্বীকার	5
কথা	স্বীকার	করছ	5
স্বীকার	করছ	না	5
একটা	বিবাহিত	মহিলা	5
বিবাহিত	মহিলা	রাস্তা	5
মহিলা	রাস্তা	দিয়ে	5
রাস্তা	দিয়ে	হেতে	5
দিয়ে	হেতে	যাচ্ছে	5
আমার	আম্মু	আমার	5
আম্মু	আমার	পড়াশোনার	5
আমার	মা	অনেক	5
মা	অনেক	কষ্ট	5
কষ্ট	করে	আমাদের	5
করে	আমাদের	বড়	5
আমাদের	বড়	করেছেন	5
তোমার	ছোট	ভাই	5
ছোট	ভাই	আগে	5
ভাই	আগে	নেশায়	5
ছেলেটি	সারাদিন	বাহিরে	5
বাহিরে	বাহিরে	থাকে	5
ফুফু	চাচারাও	আমাকে	5
চাচারাও	আমাকে	অনেক	5
আমার	আম্মু	আগের	5
আম্মু	আগের	তুলনায়	5
আগের	তুলনায়	এখন	5
তুলনায়	এখন	অনেক	5
এখন	অনেক	ভালো	5
অনেক	ভালো	আছেন	5
আর	আমার	ছোট	5
ছোট	বোন	আজকে	5
বোন	আজকে	খালামুনির	5
আজকে	খালামুনির	বাসায়	5
খালামুনির	বাসায়	ঘুরতে	5
বাসায়	ঘুরতে	যাবো	5
বড়	বোন	এতো	5
বোন	এতো	সকালে	5
এতো	সকালে	ঘুম	5
থেকে	উঠতে	পারে	5
বড়	বোন	প্রচন্ড	5
বোন	প্রচন্ড	অলস	5
সাথে	আমার	একটা	5
আমার	একটা	জরুরি	5
একটা	জরুরি	কথা	5
সকালে	তাড়াতাড়ি	উঠে	5
তাড়াতাড়ি	উঠে	বাহিরে	5
উঠে	বাহিরে	একটু	5
বাহিরে	একটু	হেঁটে	5
একটু	হেঁটে	আসা	5
হেঁটে	আসা	খুব	5
আসা	খুব	উপকারী	5
তুমি	কি	আমটি	5
কি	আমটি	খেয়েছিলে	5
বাগানের	মধ্যে	গিয়ে	5
মধ্যে	গিয়ে	আমার	5
গিয়ে	আমার	ছোট	5
ছোট	ভাই	দৌড়াল	5
আপনি	ফুটবল	খেলায়	5
ফুটবল	খেলায়	হেরে	5
খেলায়	হেরে	গেলেন	5
তুমি	ক্রিকেট	খেলায়	5
ক্রিকেট	খেলায়	জিতলে	5
তুই	এখান	থেকে	5
এখান	থেকে	যা	5
আপনি	আমাকে	দয়া	5
দয়া	করে	বিশ্বাস	5
করে	বিশ্বাস	করেন	5
ছোট	শিশুটি	অসুস্থ	5
শিশুটি	অসুস্থ	হয়ে	5
অসুস্থ	হয়ে	পরেছে	5
আমার	জন্য	অপেক্ষা	5
অপেক্ষা	করতে	পারবে	5
আমি	বিকালে	একটু	5
বিকালে	একটু	ঘুমিয়ে	5
একটু	ঘুমিয়ে	নিলাম	5
আমার	আব্বু	বড়	5
আব্বু	বড়	ভাইয়ের	5
বড়	ভাইয়ের	উপর	5
ভাইয়ের	উপর	রেগে	5
উপর	রেগে	গেছিলেন	5
কথা	শুনে	আমি	5
শুনে	আমি	খুব	5
আমি	খুব	অবাক	5
খুব	অবাক	হয়ে	5
কি	মাথা	ব্যাথা	5
মাথা	ব্যাথা	করছে	5
আমার	হাত	খরচের	5
হাত	খরচের	টাকা	5
খরচের	টাকা	আমার	5
টাকা	আমার	আব্বু	5
আমার	আব্বু	দেয়	5
আমার	বোন	ইদানীং	5
বোন	ইদানীং	অনেক	5
ইদানীং	অনেক	খারাপ	5
আমি	যেই	ছেলেকে	5
যেই	ছেলেকে	পছন্দ	5
ছেলেকে	পছন্দ	করি	5
পছন্দ	করি	সে	5
করি	সে	আমার	5
মেয়েটি	তাকে	বিয়ে	5
না	বলে	দিয়েছে	5
বাড়ি	থেকে	বিয়ের	5
থেকে	বিয়ের	জন্য	5
বিয়ের	জন্য	আমার	5
জন্য	মেয়ে	দেখা	5
মেয়ে	দেখা	শুরু	5
আমার	বিয়ে	তোমার	5
বিয়ে	তোমার	ছোট	5
তোমার	ছোট	বোনের	5
ছোট	বোনের	সাথে	5
বোনের	সাথে	ঠিক	5
সাথে	ঠিক	হয়েছে	5
ছেলেটি	আরও	দুই	5
আরও	দুই	বছর	5
দুই	বছর	পরে	5
বাবা	আমাদের	সমস্ত	5
আমাদের	সমস্ত	সম্পত্তি	5
সম্পত্তি	বিক্রি	করে	5
বিক্রি	করে	আমাদের	5
করে	আমাদের	নিয়ে	5
আমাদের	নিয়ে	গ্রামের	5
নিয়ে	গ্রামের	বাড়িতে	5
গ্রামের	বাড়িতে	চলে	5
বাড়িতে	চলে	আসছে	5
আমি	সবাইকে	বুঝিয়ে	5
ক্লান্ত	যে	আমার	5
যে	আমার	আম্মু	5
আমার	আম্মু	এরকম	5
আম্মু	এরকম	কিছু	5
এরকম	কিছু	করে	5
কিছু	করে	নাই	5
তাদের	পারিবারিক	ভাবেই	5
পারিবারিক	ভাবেই	বিয়ে	5
ভাবেই	বিয়ে	হয়েছে	5
তাদের	প্রেম	করে	5
করে	বিয়ে	হয়েছিল	5
আমার	শাশুড়ি	অনেক	5
শাশুড়ি	অনেক	ভালো	5
বাবা	অশিক্ষিত	একটা	5
অশিক্ষিত	একটা	ছেলের	5
ছেলের	সাথে	আমার	5
আমার	বিয়ে	দিতে	5
আব্বু	মান	সন্মানের	5
সন্মানের	ভয়ে	মামলা	5
ভয়ে	মামলা	করেননি	5
ছেলেটি	চাচার	ভয়ে	5
চাচার	ভয়ে	তার	5
ভয়ে	তার	বাবাকে	5
তার	বাবাকে	সত্যি	5
বাবাকে	সত্যি	কথা	5
কথা	বলতে	পারেনি	5
আমি	তখন	খুব	5
তখন	খুব	ছোট	5
খুব	ছোট	যখন	5
ছোট	যখন	আমার	5
যখন	আমার	মা	5
মা	মারা	গিয়েছিল	5
গ্রামের	থেকে	আসা	5
থেকে	আসা	ছেলেটি	5
আসা	ছেলেটি	এখন	5
ছেলেটি	এখন	ঢাকায়	5
এখন	ঢাকায়	পড়াশুনা	5
ঢাকায়	পড়াশুনা	করছে	5
সাথে	তার	পরিচয়	5
তার	পরিচয়	হয়েছে	5
পরিচয়	হয়েছে	স্কুলে	5
হয়েছে	স্কুলে	গিয়ে	5
পরামর্শ	দিন	আমি	5
দিন	আমি	এখন	5
আমার	বাহিরে	ঘুরতে	5
বাহিরে	ঘুরতে	যাওয়ার	5
ঘুরতে	যাওয়ার	কোন	5
যাওয়ার	কোন	ইচ্ছা	5
কোন	ইচ্ছা	ছিল	5
ছেলেটা	সিগারেট	পর্যন্ত	5
সিগারেট	পর্যন্ত	খায়	5
পর্যন্ত	খায়	না	5
প্রথমদিকে	আপনাকে	আমি	5
আপনাকে	আমি	এত	5
আমি	এত	ভালোবাসতাম	5
এত	ভালোবাসতাম	না	5
ছেলেটি	সপ্তাহখানেক	আগে	5
সপ্তাহখানেক	আগে	আমাদের	5
আগে	আমাদের	সাথে	5
সাথে	দেখা	করেছে	5
ওই	মেয়েকে	যেভাবেই	5
মেয়েকে	যেভাবেই	হোক	5
যেভাবেই	হোক	খুঁজে	5
হোক	খুঁজে	বের	5
বের	করতে	হবে	5
ছেলেটির	ঘটনা	শুনে	5
ঘটনা	শুনে	আমরা	5
শুনে	আমরা	তাকে	5
আমরা	তাকে	সাহায্য	5
তাকে	সাহায্য	করি	5
ছেলেটি	তার	পরিবারসহ	5
তার	পরিবারসহ	ঈদের	5
পরিবারসহ	ঈদের	আগের	5
আগের	দিন	আমাদের	5
দিন	আমাদের	সাথে	5
দেখা	করতে	আসে	5
মেয়েটি	বাংলাদেশে	এসে	5
বাংলাদেশে	এসে	তার	5
এসে	তার	পছন্দের	5
তার	পছন্দের	ছেলের	5
পছন্দের	ছেলের	সাথে	5
আমাদের	এলাকায়	কেরোসিন	5
এলাকায়	কেরোসিন	তেলের	5
তেলের	দাম	বেড়ে	5
দাম	বেড়ে	গেছে	5
আমার	প্রতিদিন	পেয়ারা	5
প্রতিদিন	পেয়ারা	খেতে	5
পেয়ারা	খেতে	খুব	5
পেয়ারা	আমার	প্রিয়	5
আমার	আব্বু	প্রতিদিন	5
আব্বু	প্রতিদিন	নারিকেল	5
প্রতিদিন	নারিকেল	পানি	5
নারিকেল	পানি	পান	5
পানি	পান	করে	5
আমার	দাদার	বাড়ীর	5
দাদার	বাড়ীর	পিছনে	5
বাড়ীর	পিছনে	একটি	5
পিছনে	একটি	পেয়ারা	5
একটি	পেয়ারা	গাছ	5
পেয়ারা	গাছ	আছে	5
রান্নাঘরে	বসে	মোরগের	5
বসে	মোরগের	মাংস	5
মোরগের	মাংস	রান্না	5
গ্রামের	মানুষরা	মাটির	5
মানুষরা	মাটির	পাতিলে	5
মাটির	পাতিলে	রান্না	5
পাতিলে	রান্না	করে	5
শিমের	তরকারী	দিয়ে	5
তরকারী	দিয়ে	ভাত	5
ভাত	খেতে	খুব	5
এই	শিশুটি	পাকা	5
শিশুটি	পাকা	পেঁপে	5
পাকা	পেঁপে	খাচ্ছে	5
আব্বু	গ্রাম	থেকে	5
গ্রাম	থেকে	আসার	5
থেকে	আসার	সময়	5
সময়	অনেক	বড়	5
বড়	বড়	জাম্বুরা	5
বড়	জাম্বুরা	কিনে	5
জাম্বুরা	কিনে	এনেছে	5
আমার	আম্মু	জামরুল	5
আম্মু	জামরুল	খাচ্ছে	5
ছোট	ভাই	বিকালে	5
ভাই	বিকালে	ছাদে	5
বিকালে	ছাদে	উঠে	5
ছাদে	উঠে	পাশের	5
উঠে	পাশের	বাসার	5
পাশের	বাসার	ছাদের	5
বাসার	ছাদের	কবুতর	5
ছাদের	কবুতর	দেখে	5
আমাদের	গ্রামের	বাড়িতে	5
গ্রামের	বাড়িতে	অনেক	5
বাড়িতে	অনেক	গুলা	5
অনেক	গুলা	মুরগির	5
গুলা	মুরগির	বাচ্চা	5
মুরগির	বাচ্চা	আছে	5
শিশুটি	একটি	মুরগির	5
মুরগির	বাচ্চা	কলে	5
বাচ্চা	কলে	নিয়েছে	5
ছোট	বোন	খুবই	5
বোন	খুবই	বোকা	5
গ্রামের	বারি	গিয়ে	5
বারি	গিয়ে	আমি	5
গিয়ে	আমি	একা	5
আমি	একা	একা	5
একা	একা	সাঁতার	5
একা	সাঁতার	কেটেছি	5
আমার	আব্বু	আম্মু	5
আব্বু	আম্মু	ভাই	5
আম্মু	ভাই	বোন	5
ভাই	বোন	ড্রয়িংরুমে	5
বোন	ড্রয়িংরুমে	বসে	5
ড্রয়িংরুমে	বসে	আছে	5
আমাদের	ঘরের	স্টোররুমটি	5
ঘরের	স্টোররুমটি	অনেক	5
স্টোররুমটি	অনেক	বড়	5
শিশুটি	একটি	বিড়াল	5
একটি	বিড়াল	ছানাকে	5
বিড়াল	ছানাকে	আদর	5
ছানাকে	আদর	করছে	5
চুলায়	রান্না	করা	5
রান্না	করা	খাবার	5
করা	খাবার	খুব	5
খাবার	খুব	মজা	5
বড়	ভাই	বেগুন	5
ভাই	বেগুন	তরকারির	5
দুপুরে	ভাত	খেয়েছে	5
আমার	আব্বু	লাউ	5
আব্বু	লাউ	দিয়ে	5
মাছের	ঝোল	খুব	5
ঝোল	খুব	পছন্দ	5
আমার	শীতের	দিনে	5
শীতের	দিনে	গোসল	5
দিনে	গোসল	করতে	5
গোসল	করতে	ভালো	5
আমার	বোন	গ্রামের	5
বোন	গ্রামের	বাড়ীতে	5
গ্রামের	বাড়ীতে	গিয়ে	5
বাড়ীতে	গিয়ে	পুকুরে	5
গিয়ে	পুকুরে	গোসল	5
পুকুরে	গোসল	করে	5
আমার	আম্মু	বলে	5
আম্মু	বলে	যে	5
বলে	যে	তেঁতুল	5
যে	তেঁতুল	খেলে	5
তেঁতুল	খেলে	আমার	5
আমার	আব্বু	বাজার	5
আব্বু	বাজার	থেকে	5
বাজার	থেকে	আমাদের	5
থেকে	আমাদের	জন্য	5
আমাদের	জন্য	তেঁতুল	5
জন্য	তেঁতুল	কিনে	5
তেঁতুল	কিনে	এনেছে	5
আমার	গ্রামের	বাড়ীর	5
গ্রামের	বাড়ীর	উঠান	5
বাড়ীর	উঠান	অনেক	5
উঠান	অনেক	বড়	5
এই	শিশুটি	গ্রামের	5
শিশুটি	গ্রামের	বাড়ীর	5
ছোট	বাচ্চাটি	অনেক	5
বাচ্চাটি	অনেক	অসুস্থ	5
একটি	আহত	শিশুটি	5
আহত	শিশুটি	রাস্তায়	5
শিশুটি	রাস্তায়	দাঁড়িয়ে	5
রাস্তায়	দাঁড়িয়ে	কাঁদছে	5
আমার	ছোট	বোনকে	5
ছোট	বোনকে	আজকে	5
বোনকে	আজকে	সকালে	5
আজকে	সকালে	হাসপাতালে	5
সকালে	হাসপাতালে	নেয়া	5
হাসপাতালে	নেয়া	হয়েছে	5
আব্বু	বলেছে	বৃষ্টি	5
বলেছে	বৃষ্টি	হলে	5
বৃষ্টি	হলে	বারান্দার	5
হলে	বারান্দার	গাছে	5
দেওয়ার	প্রয়োজন	নাই	5
আমার	আম্মু	বৃষ্টি	5
আম্মু	বৃষ্টি	হলেও	5
বৃষ্টি	হলেও	বারান্দার	5
হলেও	বারান্দার	গাছে	5
গাছে	পানি	দেয়	5
আব্বু	বলেছে	গাছে	5
বলেছে	গাছে	অতিরিক্ত	5
গাছে	অতিরিক্ত	পানি	5
অতিরিক্ত	পানি	দিলে	5
পানি	দিলে	গাছ	5
দিলে	গাছ	মারা	5
গাছ	মারা	যায়	5
গতকাল	বিকালে	আমাদের	5
বিকালে	আমাদের	এখানে	5
এখানে	অনেক	বৃষ্টি	5
অনেক	বৃষ্টি	হয়েছে	5
আমার	আম্মু	আজক	5
আম্মু	আজক	শশার	5
আজক	শশার	তরকারি	5
শশার	তরকারি	রান্না	5
তরকারি	রান্না	করেছে	5
গরমের	দিনে	লবণ	5
দিনে	লবণ	দিয়ে	5
লবণ	দিয়ে	শশা	5
দিয়ে	শশা	খেতে	5
শশা	খেতে	খুব	5
শশা	খেতে	অনেক	5
আব্বু	আজকে	সকালে	5
আজকে	সকালে	বাজার	5
সকালে	বাজার	থেকে	5
বাজার	থেকে	টমেটো	5
থেকে	টমেটো	কিনে	5
টমেটো	কিনে	এনেছে	5
দিন	দিন	টমেটোর	5
দিন	টমেটোর	দাম	5
টমেটোর	দাম	বেড়ে	5
দাম	বেড়ে	চলছে	5
আমার	সরিষার	তেল	5
মাছ	ভাজা	খেতে	5
ভাজা	খেতে	খুব	5
আমার	দাদা	চুলে	5
দাদা	চুলে	সরিষার	5
চুলে	সরিষার	তেল	5
সরিষার	তেল	দেয়	5
আমার	নানা	বলেছে	5
নানা	বলেছে	সরিষার	5
বলেছে	সরিষার	তেল	5
সরিষার	তেল	চুল	5
তেল	চুল	পড়া	5
এক	কৃষক	বাজারে	5
কৃষক	বাজারে	টমেটো	5
বাজারে	টমেটো	বিক্রি	5
আমার	আব্বু	গায়ে	5
আব্বু	গায়ে	সরিষার	5
গায়ে	সরিষার	তেল	5
সরিষার	তেল	মালিশ	5
তেল	মালিশ	করে	5
দিন	দিন	আমি	5
দিন	আমি	খুব	5
আমি	খুব	অসুস্থ	5
খুব	অসুস্থ	হয়ে	5
যেখানে	সেখানে	থুথু	5
সেখানে	থুথু	ফেলা	5
থুথু	ফেলা	একদম	5
ফেলা	একদম	নিষেধ	5
আমার	আম্মু	বলেছে	5
আম্মু	বলেছে	প্রতিদিন	5
বলেছে	প্রতিদিন	তেতুল	5
প্রতিদিন	তেতুল	খেলে	5
তেতুল	খেলে	আমার	5
খেলে	আমার	শরীরের	5
আমার	শরীরের	রক্ত	5
শরীরের	রক্ত	পানি	5
পানি	হয়ে	যাবে	5
ছোট	ভাইয়ের	প্রিয়	5
ভাইয়ের	প্রিয়	ফল	5
প্রিয়	ফল	হলো	5
ফল	হলো	জামরুল	5
শিশুটির	কিছু	দিন	5
কিছু	দিন	ধরে	5
দিন	ধরে	সর্দি	5
আমাদের	গ্রামের	বাজারে	5
গ্রামের	বাজারে	অনেক	5
বাজারে	অনেক	বড়	5
বড়	একটি	দেশী	5
একটি	দেশী	মুরগীর	5
দেশী	মুরগীর	দোকান	5
মুরগীর	দোকান	আছে	5
থেকে	উঠে	নারিকেল	5
উঠে	নারিকেল	পানি	5
নারিকেল	পানি	খেতে	5
পানি	খেতে	আমার	5
খেতে	আমার	খুব	5
আমি	আজকে	শিম	5
আজকে	শিম	ভাজি	5
শিম	ভাজি	দিয়ে	5
ভাজি	দিয়ে	দুপুরে	5
দুপুরে	ভাত	খেয়েছি	5
মা	আমার	জন্য	5
আমার	জন্য	শিম	5
জন্য	শিম	ভাজি	5
শিম	ভাজি	রান্না	5
ভাজি	রান্না	করছে	5
রান্নাঘরে	বসে	মাটির	5
বসে	মাটির	পাতিলে	5
মাটির	পাতিলে	মুরগির	5
পাতিলে	মুরগির	মাংস	5
মুরগির	মাংস	রান্না	5
অনেক	মানুষই	শখের	5
মানুষই	শখের	বশে	5
শখের	বশে	ছাদের	5
বশে	ছাদের	উপর	5
ছাদের	উপর	কবুতর	5
উপর	কবুতর	পালন	5
কবুতর	পালন	করে	5
দুইদিন	ধরে	আমার	5
ধরে	আমার	অনেক	5
থেকে	উঠেই	ঘরের	5
উঠেই	ঘরের	স্টোররুমটি	5
ঘরের	স্টোররুমটি	পরিষ্কার	5
স্টোররুমটি	পরিষ্কার	করতে	5
লবণ	দিয়ে	পেয়ারা	5
দিয়ে	পেয়ারা	খেতে	5
পেয়ারা	খেতে	আমার	5
খেতে	আমার	ছোট	5
ছোট	বোন	খুব	5
বোন	খুব	পছন্দ	5
মা	রান্নাঘরে	বসে	5
রান্নাঘরে	বসে	আমার	5
বসে	আমার	বাবার	5
আমার	বাবার	জন্য	5
বাবার	জন্য	শিমের	5
জন্য	শিমের	তরকারি	5
শিমের	তরকারি	রান্না	5
আমি	আর	আব্বু	5
আর	আব্বু	গতকাল	5
আব্বু	গতকাল	সিলেট	5
গতকাল	সিলেট	থেকে	5
থেকে	ঢাকায়	এসেছি	5
আম্মু	লাকড়ির	চুলায়	5
চুলায়	রান্না	করছে	5
আমার	বড়	বোনটি	5
বড়	বোনটি	কাঁচা	5
বোনটি	কাঁচা	আমের	5
আমের	শরবত	খেতে	5
শরবত	খেতে	খুব	5
এই	বকা	ছেলেটি	5
বকা	ছেলেটি	দুইদিন	5
ছেলেটি	দুইদিন	ধরে	5
দুইদিন	ধরে	পড়ালেখা	5
ধরে	পড়ালেখা	করছে	5
পড়ালেখা	করছে	না	5
বিকালে	আম্মু	আমার	5
আমার	জন্য	শসার	5
শসার	সুপ	রান্না	5
সুপ	রান্না	করেছে	5
আমার	স্কুলে	কোনো	5
স্কুলে	কোনো	খেলার	5
কোনো	খেলার	মাঠ	5
খেলার	মাঠ	নেই	5
সবাই	একসাথে	খেলা	5
একসাথে	খেলা	দেখছিলাম	5
বিশ্বকাপ	ক্রিকেট	খেলা	5
ক্রিকেট	খেলা	আজকে	5
খেলা	আজকে	থেকে	5
আজকে	থেকে	শুরু	5
আজকে	ইংল্যান্ড	বিশ্বকাপ	5
ইংল্যান্ড	বিশ্বকাপ	ক্রিকেট	5
বিশ্বকাপ	ক্রিকেট	খেলায়	5
ক্রিকেট	খেলায়	জিতে	5
খেলায়	জিতে	গেছে	5
চল	আমরা	সবাই	5
আমরা	সবাই	গান	5
সবাই	গান	গাই	5
কি	আমাকে	এক	5
আমাকে	এক	গ্লাস	5
এক	গ্লাস	পানি	5
গ্লাস	পানি	এনে	5
পানি	এনে	দিতে	5
এনে	দিতে	পারবে	5
পারবো	না	পানি	5
না	পানি	দিতে	5
তোমার	ভাই	পড়ালেখাতে	5
ভাই	পড়ালেখাতে	অনেক	5
পড়ালেখাতে	অনেক	মেধাবি	5
আচ্ছা	বলো	দেখি	5
বলো	দেখি	বাংলাদেশে	5
দেখি	বাংলাদেশে	কয়টি	5
বাংলাদেশে	কয়টি	জেলা	5
সামনের	দিকে	যেয়ে	5
দিকে	যেয়ে	মেয়েটি	5
যেয়ে	মেয়েটি	অনেক	5
মেয়েটি	অনেক	হাসবে	5
আজকে	আমার	মন	5
আমার	মন	ভালো	5
তুমি	কি	করো	5
এই	গরমে	আমার	5
গরমে	আমার	কিছু	5
আমার	কিছু	ভালো	5
কিছু	ভালো	লাগে	5
ছেলেটি	সাদা	রঙয়ের	5
সাদা	রঙয়ের	একটি	5
রঙয়ের	একটি	শার্ট	5
একটি	শার্ট	পরে	5
শার্ট	পরে	এসেছিল	5
মেয়েটি	লাল	রঙয়ের	5
লাল	রঙয়ের	শাড়ি	5
রঙয়ের	শাড়ি	পরে	5
শাড়ি	পরে	আমার	5
পরে	আমার	সাথে	5
ছেলেটি	সিলেট	থেকে	5
থেকে	ঢাকায়	এসেছে	5
মেয়েটি	সিলেট	থেকে	5
সিলেট	থেকে	আসা	5
থেকে	আসা	এই	5
আসা	এই	ছেলেটিকে	5
এই	ছেলেটিকে	অনেক	5
ছেলেটিকে	অনেক	ভালবাসে	5
ছেলেটি	মেয়েটাকে	এখনো	5
মেয়েটাকে	এখনো	ভালবাসার	5
এখনো	ভালবাসার	চোখে	5
ভালবাসার	চোখে	দেখেনি	5
মেয়েটি	তাঁর	সব	5
তাঁর	সব	স্বপ্নের	5
সব	স্বপ্নের	মধ্যে	5
স্বপ্নের	মধ্যে	ছেলেটাকে	5
মধ্যে	ছেলেটাকে	কল্পনা	5
ছেলেটাকে	কল্পনা	করে	5
দিন	আগে	একবার	5
আগে	একবার	বিয়ে	5
একবার	বিয়ে	হয়েছিল	5
মা	আমাকে	বলেছিল	5
আমাকে	বলেছিল	বিয়ে	5
বলেছিল	বিয়ে	হলে	5
বিয়ে	হলে	জীবন	5
হলে	জীবন	পরিবর্তন	5
জীবন	পরিবর্তন	হয়ে	5
পরিবর্তন	হয়ে	যায়	5
আম্মু	ঐদিন	ঠিক	5
ঐদিন	ঠিক	কথাই	5
ঠিক	কথাই	বলেছিলও	5
সব	সময়	আমার	5
সময়	আমার	মনের	5
কাজের	মেয়েটি	এখন	5
মেয়েটি	এখন	ভাল	5
এখন	ভাল	মত	5
ভাল	মত	কাজ	5
মত	কাজ	করে	5
কাজের	মেয়েটি	দুইদিন	5
মেয়েটি	দুইদিন	ধরে	5
দুইদিন	ধরে	পলাতক	5
বাসার	দারওয়ান	এখন	5
দারওয়ান	এখন	তাঁর	5
এখন	তাঁর	গ্রামে	5
তাঁর	গ্রামে	ঘুরতে	5
গ্রামে	ঘুরতে	গিয়েছে	5
তোমাকে	আমি	কল	5
আমি	কল	দিবো	5
কল	দিবো	না	5
এই	জিনিষটা	খুবই	5
জিনিষটা	খুবই	বিরক্তিকর	5
খুবই	বিরক্তিকর	ছিল	5
সে	সিলেট	থেকে	5
সিলেট	থেকে	আমার	5
থেকে	আমার	সাথে	5
সে	এখন	রাজশাহী	5
এখন	রাজশাহী	চলে	5
রাজশাহী	চলে	গেছে	5
সে	এখন	তাঁর	5
সে	একদমই	হাসে	5
একদমই	হাসে	না	5
সে	আমাকে	অপমান	5
আমাকে	অপমান	করে	5
তাঁর	বই	পরতে	5
বই	পরতে	একদমই	5
পরতে	একদমই	ভাল	5
আপনার	কি	বই	5
কি	বই	পড়ার	5
বই	পড়ার	অভ্যাস	5
পড়ার	অভ্যাস	আছে	5
কি	আমাকে	চিনো	5
আমি	তোমাকে	চিনতে	5
তোমাকে	চিনতে	পারলাম	5
আমি	তোমাকে	আগে	5
তোমাকে	আগে	কখনো	5
আগে	কখনো	দেখি	5
কখনো	দেখি	নাই	5
আপনার	পড়ালেখা	করা	5
আপনাকে	পড়ালেখা	করতে	5
আপনার	কি	কি	5
কি	কি	পড়ালেখা	5
তোর	পড়ালেখা	কোরতে	5
পড়ালেখা	কোরতে	হবে	5
তুই	কি	আর	5
কি	আর	পড়ালেখা	5
আর	পড়ালেখা	করবি	5
পড়ালেখা	করবি	নাহ	5
তুই	কি	পড়ালেখা	5
কি	পড়ালেখা	ছেড়ে	5
পড়ালেখা	ছেড়ে	দিতে	5
ছেড়ে	দিতে	চাস	5
তোর	কি	পড়ালেখা	5
তুমি	কি	এখন	5
কি	এখন	খেতে	5
এখন	খেতে	বসবা	5
আজকে	আমার	খেতে	5
আমার	খেতে	ভালো	5
খেতে	ভালো	লাগছে	5
আমার	বিদ্যালয়ে	অনেক	5
বিদ্যালয়ে	অনেক	বন্ধু	5
অনেক	বন্ধু	আছে	5
ছোট	বোন	বিদ্যালয়ে	5
বোন	বিদ্যালয়ে	যেতে	5
বিদ্যালয়ে	যেতে	অনেক	5
যেতে	অনেক	ভাল	5
তার	গ্রামের	একটি	5
গ্রামের	একটি	বিদ্যালয়ে	5
সে	বিদ্যালয়ে	যেতে	5
তার	বিদ্যালয়ে	গিয়ে	5
সে	বিদ্যালয়ে	গিয়ে	5
ঘুরিয়ে	পরে	গিয়েছিল	5
সে	অনেক	দিন	5
দিন	আগে	তার	5
আগে	তার	বিদ্যালয়ের	5
তার	বিদ্যালয়ের	একটি	5
বিদ্যালয়ের	একটি	মেয়েকে	5
একটি	মেয়েকে	ভালোবাসতো	5
ছেলেটি	তাঁর	গ্রামের	5
তাঁর	গ্রামের	ছোটো	5
গ্রামের	ছোটো	একটি	5
ছোটো	একটি	বিদ্যালয়	5
একটি	বিদ্যালয়	থেকে	5
বিদ্যালয়	থেকে	পড়ালেখা	5
থেকে	পড়ালেখা	করে	5
পড়ালেখা	করে	এসএসসি	5
করে	এসএসসি	পাশ	5
এসএসসি	পাশ	করেছে	5
তোমাদের	বাসা	কোথায়	5
ঢাকা	বাংলাদেশের	রাজধানী	5
আমার	সাথে	প্রেম	5
সাথে	প্রেম	করবা	5
সকালে	ফুটবল	খেলেছি	5
আমি	তোমার	মনের	5
মনের	কথা	বুঝি	5
কথা	বুঝি	না	5
তোমার	জন্য	আমার	5
আমার	খুব	কষ্ট	5
খুব	কষ্ট	হয়	5
আমাদের	স্বপ্ন	অনেক	5
স্বপ্ন	অনেক	বড়	5
ছোট	শিশু	বিছানায়	5
শিশু	বিছানায়	লাফিয়ে	5
বিছানায়	লাফিয়ে	উঠছে	5
একটি	ছেলে	বিছানায়	5
ছেলে	বিছানায়	লাফাচ্ছে	5
একটি	ছেলে	এক	5
ছেলে	এক	বিছানা	5
এক	বিছানা	থেকে	5
বিছানা	থেকে	অন্য	5
থেকে	অন্য	বিছানায়	5
অন্য	বিছানায়	লাফ	5
বিছানায়	লাফ	দিচ্ছে	5
শিশু	ফুটপাতে	হাঁটছে	5
স্বামী	আমাকে	খুব	5
আমাকে	খুব	ভালোবাসে	5
জীবন	থেকে	তাদের	5
থেকে	তাদের	প্রেম	5
তাদের	প্রেম	ছিলো	5
আমি	বিবাহ	করেছি	5
বিবাহ	করেছি	দশ	5
করেছি	দশ	বছর	5
দশ	বছর	হয়	5
অসম্ভব	ভাল	ছবি	5
পরে	একটা	ভাল	5
একটা	ভাল	ছবি	5
ভাল	ছবি	দেখলাম	5
অসম্ভব	ভালো	লিখেছেন	5
একটা	ভালো	লেখা	5
ভালো	লেখা	পড়লাম	5
তিনি	এটা	দেখে	5
এটা	দেখে	জ্ঞান	5
দেখে	জ্ঞান	হারিয়ে	5
জ্ঞান	হারিয়ে	ফেললেন	5
এক	কথায়	অনেক	5
কথায়	অনেক	সুন্দর	5
সুন্দর	লাগছে	আপনাকে	5
আপনার	ছবির	চেয়ে	5
ছবির	চেয়ে	আপনি	5
চেয়ে	আপনি	বাস্তবে	5
আপনি	বাস্তবে	বেশি	5
বাস্তবে	বেশি	সুন্দর	5
আপনার	হাশির	কাছে	5
হাশির	কাছে	সব	5
কাছে	সব	কিছু	5
আপনার	চোখ	অনেক	5
চোখ	অনেক	সুন্দর	5
আপনার	সাথে	পরিচিত	5
সময়	পর	আপনাকে	5
পর	আপনাকে	দেখছি	5
দু	ভাইয়ের	মধ্যে	5
ভাইয়ের	মধ্যে	জায়গা	5
পরে	এক	ভাই	5
এক	ভাই	কুয়েত	5
ভাই	কুয়েত	চলে	5
কুয়েত	চলে	যায়	5
চলে	যায়	আরেক	5
যায়	আরেক	ভাই	5
আরেক	ভাই	সুদান	5
ভাই	সুদান	চলে	5
সুদান	চলে	যায়	5
দিন	পর	সুদান	5
পর	সুদান	ফেরত	5
সুদান	ফেরত	লোকটি	5
ফেরত	লোকটি	বিয়ে	5
লোকটি	বিয়ে	করেন	5
মোবাইল	ছাড়া	বাথরুমে	5
ছাড়া	বাথরুমে	গেলে	5
বাথরুমে	গেলে	মনে	5
গেলে	মনে	হয়	5
মনে	হয়	জরুরি	5
হয়	জরুরি	ফাইল	5
জরুরি	ফাইল	ছাড়া	5
ফাইল	ছাড়া	অফিসে	5
ছাড়া	অফিসে	বসে	5
অফিসে	বসে	আছি	5
যাদের	গালি	দেওয়া	5
গালি	দেওয়া	হয়ে	5
দেওয়া	হয়ে	গেছে	5
গেছে	তারা	দয়া	5
তারা	দয়া	করে	5
দয়া	করে	লাইন	5
করে	লাইন	থেকে	5
লাইন	থেকে	সরে	5
থেকে	সরে	যান	5
পেছনে	এখনো	অনেক	5
এখনো	অনেক	মানুষ	5
অনেক	মানুষ	লাইনে	5
মানুষ	লাইনে	দাঁড়িয়ে	5
তাদেরকে	গালি	দেওয়ার	5
খুব	বেশি	কিছু	5
বেশি	কিছু	বলবো	5
বলবো	না	কারন	5
না	কারন	আবেগে	5
কারন	আবেগে	চোখে	5
তুমি	বলছো	যে	5
বলছো	যে	থাকার	5
যে	থাকার	সে	5
থাকার	সে	এমনিই	5
সে	এমনিই	থেকে	5
এমনিই	থেকে	যাবে	5
প্রথমে	আপনাকে	একটি	5
আপনাকে	একটি	দোকানে	5
একটি	দোকানে	যেতে	5
নিজের	পছন্দের	বিয়েতে	5
পছন্দের	বিয়েতে	বাবা	5
বিয়েতে	বাবা	মাকে	5
বাবা	মাকে	রাজি	5
মাকে	রাজি	করানো	5
রাজি	করানো	হলো	5
মেয়েটি	লাল	শাড়ি	5
লাল	শাড়ি	পড়ে	5
শাড়ি	পড়ে	দাড়িয়ে	5
পড়ে	দাড়িয়ে	আছে	5
বউয়ের	জন্য	আর	5
জন্য	আর	বন্ধুদের	5
আর	বন্ধুদের	মাঝে	5
বন্ধুদের	মাঝে	মুখ	5
মাঝে	মুখ	দেখানোর	5
মুখ	দেখানোর	উপায়	5
দেখানোর	উপায়	নাই	5
আমি	জানি	এখানে	5
জানি	এখানে	অনেক	5
এখানে	অনেক	মেয়ে	5
অনেক	মেয়ে	কমেন্ট	5
মেয়ে	কমেন্ট	পড়তে	5
মাঝে	মনে	হয়	5
মনে	হয়	ঘরবাড়ী	5
হয়	ঘরবাড়ী	সব	5
ঘরবাড়ী	সব	মশার	5
সব	মশার	নামে	5
মশার	নামে	লিখে	5
নামে	লিখে	দিয়ে	5
লিখে	দিয়ে	আমি	5
দিয়ে	আমি	জঙ্গলে	5
আমি	জঙ্গলে	চলে	5
জঙ্গলে	চলে	যাই	5
তোমার	হয়ে	আছি	5
হয়ে	আছি	আমি	5
আছি	আমি	তোমার	5
আমি	তোমার	হয়ে	5
তোমার	হয়ে	থাকবো	5
সারা	জীবন	তোমায়	5
জীবন	তোমায়	আমি	5
তোমায়	আমি	ভালবেসে	5
আমি	ভালবেসে	যাবো	5
পাশে	থেকো	সারা	5
থেকো	সারা	জীবন	5
সারা	জীবন	দূরে	5
জীবন	দূরে	যেয়ো	5
দূরে	যেয়ো	না	5
তোমায়	ছাড়া	একটুও	5
ছাড়া	একটুও	আমার	5
একটুও	আমার	ভালো	5
কাউকে	আবেগের	ভালোবাসা	5
আবেগের	ভালোবাসা	দিওনা	5
ভালোবাসা	দিওনা	মনের	5
দিওনা	মনের	ভালোবাসা	5
মনের	ভালোবাসা	দিও	5
কারন	আবেগের	ভালোবাসা	5
আবেগের	ভালোবাসা	একদিন	5
ভালোবাসা	একদিন	বিবেকের	5
বিবেকের	কাছে	হেরে	5
কাছে	হেরে	যাবে	5
করে	বুঝাবো	তারে	5
বুঝাবো	তারে	আমি	5
তারে	আমি	কতটা	5
আমি	কতটা	ভালবাসি	5
দিন	পর	তোমাকে	5
পর	তোমাকে	দেখলাম	5
তোমাকে	দেখে	থমকে	5
আমি	খুব	কষ্টে	5
নিজেকে	সামলে	নিলাম	5
যখন	তুমি	আমাকে	5
তুমি	আমাকে	দেখে	5
আমাকে	দেখে	না	5
দেখে	না	দেখার	5
দেখার	ভান	করলে	5
ভান	করলে	তখন	5
করলে	তখন	আমার	5
তখন	আমার	দারুন	5
আমার	দারুন	লেগেছে	5
তোমাকে	সেই	অনুভুতির	5
সেই	অনুভুতির	কথা	5
অনুভুতির	কথা	বলে	5
কথা	বলে	বুঝাতে	5
তোমাকে	খুব	মনে	5
খুব	মনে	পড়ছে	5
মনে	পড়ছে	দিব	5
পড়ছে	দিব	তোমায়	5
দিব	তোমায়	লাল	5
তোমায়	লাল	গোলাপ	5
আমার	জীবনে	কেউ	5
জীবনে	কেউ	নেই	5
কেউ	নেই	তুমি	5
আমার	জীবনে	কোন	5
জীবনে	কোন	স্বপ্ন	5
কোন	স্বপ্ন	নেই	5
স্বপ্ন	নেই	তুমি	5
আমার	দুচোখ	কিছু	5
দুচোখ	কিছু	খোজেনা	5
কিছু	খোজেনা	তোমায়	5
খোজেনা	তোমায়	ছাড়া	5
যখন	মেয়ে	বুঝে	5
মেয়ে	বুঝে	তখন	5
বুঝে	তখন	ছেলে	5
তখন	ছেলে	বুঝেনা	5
তুমি	শুধু	মনে	5
শুধু	মনে	রেখো	5
মনে	রেখো	আমায়	5
রেখো	আমায়	সারা	5
আমায়	সারা	বেলা	5
চোখের	কান্না	মুছে	5
কান্না	মুছে	দেব	5
মুছে	দেব	তোমায়	5
দেব	তোমায়	হাসি	5
তাইতো	আমি	বন্ধু	5
আমি	বন্ধু	তোমায়	5
বন্ধু	তোমায়	এতো	5
তোমায়	এতো	ভালবাসি	5
কত	সুন্দর	পড়েছি	5
সুন্দর	পড়েছি	আমি	5
ছেলেরা	ভালোবাসার	অভিনয়	5
ভালোবাসার	অভিনয়	করতে	5
অভিনয়	করতে	করতে	5
করতে	করতে	যে	5
করতে	যে	কখন	5
যে	কখন	সত্যি	5
কখন	সত্যি	সত্যি	5
সত্যি	সত্যি	ভালোবেসে	5
সত্যি	ভালোবেসে	ফেলে	5
ভালোবেসে	ফেলে	তারা	5
ফেলে	তারা	তা	5
মেয়েরা	সত্যিকার	ভালোবাসতে	5
সত্যিকার	ভালোবাসতে	বাসতে	5
ভালোবাসতে	বাসতে	যে	5
বাসতে	যে	কখন	5
যে	কখন	অভিনয়	5
কখন	অভিনয়	শুরু	5
অভিনয়	শুরু	করে	5
শুরু	করে	তারা	5
করে	তারা	তা	5
এই	পৃথিবীতে	প্রিয়	5
পৃথিবীতে	প্রিয়	মানুষগুলোকে	5
প্রিয়	মানুষগুলোকে	ছাড়া	5
মানুষগুলোকে	ছাড়া	বেঁচে	5
ছাড়া	বেঁচে	থাকাটা	5
বেঁচে	থাকাটা	কষ্টকর	5
থাকাটা	কষ্টকর	কিন্তু	5
কষ্টকর	কিন্তু	অসম্ভব	5
কিন্তু	অসম্ভব	কিছু	5
অসম্ভব	কিছু	নয়	5
কারো	জন্য	কারো	5
জন্য	কারো	জীবন	5
কারো	জীবন	থেমে	5
জীবন	থেমে	থাকে	5
থেমে	থাকে	না	5
কাউকে	প্রচন্ডভাবে	ভালবাসার	5
প্রচন্ডভাবে	ভালবাসার	মধ্যে	5
ভালবাসার	মধ্যে	এক	5
মধ্যে	এক	ধরনের	5
এক	ধরনের	দুর্বলতা	5
ধরনের	দুর্বলতা	আছে	5
ছেলে	এবং	মেয়ে	5
এবং	মেয়ে	বন্ধু	5
মেয়ে	বন্ধু	হতে	5
বন্ধু	হতে	পারে	5
পারে	কিন্তু	তারা	5
কিন্তু	তারা	অবশ্যই	5
তারা	অবশ্যই	একে	5
অবশ্যই	একে	অপরের	5
অপরের	প্রেমে	পড়বে	5
ছেলেদের	জন্য	পৃথিবীতে	5
জন্য	পৃথিবীতে	সব	5
পৃথিবীতে	সব	চাইতে	5
সব	চাইতে	মূল্যবান	5
চাইতে	মূল্যবান	হল	5
মূল্যবান	হল	মেয়েদের	5
হল	মেয়েদের	হাসি	5
তোমাকে	দুচোখ	ভরে	5
দুচোখ	ভরে	দেখা	5
ভরে	দেখা	এখনও	5
দেখা	এখনও	বাকি	5
তোমাকে	কাছে	এসে	5
কাছে	এসে	জড়িয়ে	5
এসে	জড়িয়ে	ধরা	5
জড়িয়ে	ধরা	বাকি	5
আমার	অনেক	ঠাণ্ডা	5
আমার	মন	খারাপ	5
আপনার	কি	মন	5
তোমার	কি	মন	5
আব্বু	আমার	জন্য	5
আমার	জন্য	লাল	5
জন্য	লাল	জামা	5
লাল	জামা	কিনে	5
জামা	কিনে	এনেছে	5
বন্ধু	আমাকে	লাল	5
আমাকে	লাল	শাড়ি	5
লাল	শাড়ি	কিনে	5
শাড়ি	কিনে	দিয়েছে	5
বন্ধু	আমাকে	একটি	5
আমাকে	একটি	লাল	5
গোলাপ	কিনে	দিয়েছে	5
আম্মু	আমাকে	নিয়ে	5
আমাকে	নিয়ে	পার্কে	5
নিয়ে	পার্কে	ঘুরতে	5
পার্কে	ঘুরতে	যাবে	5
যে	ভালবাসা	যত	5
ভালবাসা	যত	গোপন	5
যত	গোপন	সেই	5
গোপন	সেই	ভালবাসা	5
সেই	ভালবাসা	তত	5
ভালবাসা	তত	গভীর	5
ভালোবাসা	পাওয়ার	চাইতে	5
পাওয়ার	চাইতে	ভালোবাসা	5
চাইতে	ভালোবাসা	দেওয়াতেই	5
তুমি	যদি	কাউকে	5
যদি	কাউকে	তাকে	5
কাউকে	তাকে	ছেড়ে	5
যদি	সে	তোমার	5
সে	তোমার	কাছে	5
তোমার	কাছে	ফিরে	5
কাছে	ফিরে	সে	5
ফিরে	সে	তোমারই	5
সে	তোমারই	ছিল	5
আর	যদি	ফিরে	5
যদি	ফিরে	না	5
ফিরে	না	সে	5
না	সে	কখনই	5
সে	কখনই	তোমার	5
কখনই	তোমার	ছিল	5
তোমার	ছিল	না	5
যখন	কোন	পুরুষ	5
কোন	পুরুষ	কোন	5
পুরুষ	কোন	নারীকে	5
কোন	নারীকে	সে	5
নারীকে	সে	তার	5
সে	তার	জন্য	5
তার	জন্য	সব	5
মুখে	মুখে	সবসময়	5
মুখে	সবসময়	ভালোবাসি	5
সবসময়	ভালোবাসি	ভালোবাসি	5
ভালোবাসি	ভালোবাসি	বলার	5
ভালোবাসি	বলার	চেয়ে	5
বলার	চেয়ে	আমার	5
চেয়ে	আমার	মনে	5
মনে	হয়	ভালোবাসার	5
হয়	ভালোবাসার	মানুষটাকে	5
ভালোবাসার	মানুষটাকে	বুঝতে	5
মানুষটাকে	বুঝতে	পারা	5
বুঝতে	পারা	অনেক	5
পারা	অনেক	বড়	5
অনেক	বড়	ব্যাপার	5
ভালোবাসা	মানে	পরস্পরকে	5
মানে	পরস্পরকে	বুঝতে	5
পরস্পরকে	বুঝতে	পারা	5
আমি	যে	মানুষটিকে	5
যে	মানুষটিকে	ভালোবাসব	5
মানুষটিকে	ভালোবাসব	তাকে	5
ভালোবাসব	তাকে	যদি	5
না	বুঝতে	পারি	5
বুঝতে	পারি	তাহলে	5
পারি	তাহলে	এই	5
তাহলে	এই	প্রেমের	5
কোনো	অর্থ	আছে	5
অর্থ	আছে	বলে	5
অসুখী	হয়ে	অন্যকে	5
হয়ে	অন্যকে	ভালোবেসে	5
ভালোবেসে	সুখী	করা	5
সুখী	করা	যায়না	5
কেউ	আপনার	জীবনে	5
আপনার	জীবনে	সুখ	5
এনে	দেবে	ভেবে	5
দেবে	ভেবে	কারো	5
ভেবে	কারো	সাথে	5
কারো	সাথে	প্রেমে	5
সাথে	প্রেমে	জড়াবেন	5
প্রেমে	জড়াবেন	না	5
আপনি	কারো	জীবনে	5
সুখ	এনে	দেবেন	5
এনে	দেবেন	ভেবে	5
দেবেন	ভেবে	প্রেম	5
ভেবে	প্রেম	করুন	5
সত্যিকারের	ভালোবাসা	শুধু	5
ভালোবাসা	শুধু	ভালোবাসার	5
শুধু	ভালোবাসার	মানুষটিকে	5
ভালোবাসার	মানুষটিকে	সুখী	5
মানুষটিকে	সুখী	করতে	5
সুখী	করতে	চায়	5
করতে	চায়	তার	5
চায়	তার	থেকে	5
তার	থেকে	কোনো	5
থেকে	কোনো	প্রতিদান	5
কোনো	প্রতিদান	আশা	5
প্রতিদান	আশা	করে	5
আশা	করে	না	5
ভালবাসা	মানে	কাউকে	5
মানে	কাউকে	জয়	5
কাউকে	জয়	করা	5
জয়	করা	নয়	5
করা	নয়	বরং	5
নয়	বরং	নিজেই	5
বরং	নিজেই	কারো	5
নিজেই	কারো	জন্য	5
কারো	জন্য	হেরে	5
জন্য	হেরে	যাওয়া	5
আপনি	কখনই	পারবেন	5
কখনই	পারবেন	না	5
পারবেন	না	অন্য	5
ছিনিয়ে	নিতে	কিংবা	5
নিতে	কিংবা	জোর	5
কিংবা	জোর	করে	5
চোখের	সামনে	যাদেরকে	5
সামনে	যাদেরকে	দেখছেন	5
যাদেরকে	দেখছেন	তাদেরকে	5
দেখছেন	তাদেরকে	আগামিকাল	5
তাদেরকে	আগামিকাল	সকালবেলা	5
আগামিকাল	সকালবেলা	আর	5
সকালবেলা	আর	দেখতে	5
আর	দেখতে	পাবেন	5
দেখতে	পাবেন	কিনা	5
পাবেন	কিনা	তার	5
কিনা	তার	কোনও	5
তার	কোনও	নিশ্চয়তা	5
ভালো	লাগে	তোমার	5
লাগে	তোমার	ওই	5
তোমার	ওই	কাজল	5
ওই	কাজল	কালো	5
কাজল	কালো	চোখ	5
মনের	কথা	আজ	5
কথা	আজ	আমাকে	5
আজ	আমাকে	খুলে	5
আমাকে	খুলে	বলো	5
আমার	হাতটা	ধরে	5
হাতটা	ধরে	সামনের	5
ধরে	সামনের	পথে	5
সামনের	পথে	এগিয়ে	5
পথে	এগিয়ে	চলো	5
এগিয়ে	চলো	পেছন	5
চলো	পেছন	ফিরে	5
পেছন	ফিরে	আর	5
ফিরে	আর	আমরা	5
আর	আমরা	দেখবো	5
আমরা	দেখবো	না	5
গোলাপ	ফুল	দিবো	5
ফুল	দিবো	আমি	5
দিবো	আমি	তোমার	5
আমি	তোমার	হাতে	5
এই	মন	আজ	5
মন	আজ	তোমায়	5
আজ	তোমায়	দিলাম	5
তোমার	ওই	মন	5
ওই	মন	আমি	5
মন	আমি	নিয়ে	5
আমি	নিয়ে	নিলাম	5
কথার	মাঝে	একটা	5
মাঝে	একটা	মনের	5
একটা	মনের	কথা	5
কথা	লুকিয়ে	থাকে	5
সব	কথা	মুখে	5
কথা	মুখে	বলে	5
একটা	কথা	বুঝে	5
কথা	বুঝে	নিতে	5
বেঁছে	থাকি	তোমায়	5
থাকি	তোমায়	মনে	5
তোমায়	মনে	রাখবো	5
কষ্ট	হোক	সব	5
হোক	সব	মেনে	5
সব	মেনে	চিরদিন	5
মেনে	চিরদিন	তোমাকেই	5
চিরদিন	তোমাকেই	ভালোবাসবো	5
দেখো	কি	সুন্দর	5
কি	সুন্দর	মিষ্টি	5
সুন্দর	মিষ্টি	চাঁদের	5
মিষ্টি	চাঁদের	মিষ্টি	5
ফুলে	ফুলে	সাজিয়ে	5
ফুলে	সাজিয়ে	রেখেছি	5
সাজিয়ে	রেখেছি	আমার	5
রেখেছি	আমার	এই	5
এই	মন	তুমি	5
মন	তুমি	আসলে	5
তুমি	আসলে	দুজন	5
আসলে	দুজন	মিলে	5
দুজন	মিলে	সাজাবো	5
মিলে	সাজাবো	জীবন	5
হবে	যদি	তোমাকেই	5
যদি	তোমাকেই	না	5
তোমাকেই	না	পাওয়া	5
মেয়েদের	পোস্ট	হচ্ছে	5
পোস্ট	হচ্ছে	মাছের	5
হচ্ছে	মাছের	বাজার	5
মাছের	বাজার	সবাই	5
বাজার	সবাই	এসে	5
সবাই	এসে	ভিড়	5
এসে	ভিড়	জমায়	5
ছেলেদের	পোস্ট	হচ্ছে	5
পোস্ট	হচ্ছে	সোনার	5
হচ্ছে	সোনার	দোকান	5
সোনার	দোকান	তাই	5
দোকান	তাই	খুব	5
তাই	খুব	কম	5
খুব	কম	লোকই	5
কম	লোকই	এখানে	5
লোকই	এখানে	আসে	5
প্রতিদিন	ঘুমিয়ে	পড়ার	5
ঘুমিয়ে	পড়ার	আগে	5
পড়ার	আগে	ভাবি	5
আগে	ভাবি	যাই	5
ভাবি	যাই	হোক	5
যাই	হোক	বিয়ে	5
হোক	বিয়ে	করার	5
বিয়ে	করার	আরেকটা	5
করার	আরেকটা	দিন	5
বিয়েতে	ছেলে	পক্ষ	5
ছেলে	পক্ষ	দাবি	5
পক্ষ	দাবি	করেছিল	5
দাবি	করেছিল	দুটি	5
করেছিল	দুটি	সোনার	5
দুটি	সোনার	জিনিস	5
সোনার	জিনিস	চাই	5
জিনিস	চাই	মেয়ে	5
চাই	মেয়ে	পক্ষ	5
মেয়ে	পক্ষ	তাতেই	5
পক্ষ	তাতেই	রাজি	5
তাতেই	রাজি	হয়ে	5
রাজি	হয়ে	গেল	5
বর্তমানে	প্রেম	হীন	5
প্রেম	হীন	মানুষ	5
হীন	মানুষ	খুঁজে	5
মানুষ	খুঁজে	পাওয়াটা	5
খুঁজে	পাওয়াটা	কষ্টকর	5
মিষ্টি	হেসে	কথা	5
হেসে	কথা	বলে	5
কথা	বলে	পাগল	5
বলে	পাগল	করে	5
পাগল	করে	দিলে	5
তোমায়	নিয়ে	হারিয়ে	5
নিয়ে	হারিয়ে	যাবো	5
হারিয়ে	যাবো	আকাশের	5
যাবো	আকাশের	নীলে	5
চলোনা	কিছু	না	5
কিছু	না	মেনে	5
না	মেনে	ভালোবাসি	5
চলো	দুজনে	মিলে	5
দুজনে	মিলে	সুখের	5
মিলে	সুখের	পৃথিবী	5
সুখের	পৃথিবী	সাজাই	5
তোমাকে	নিয়ে	আমার	5
নিয়ে	আমার	সব	5
আমার	সব	কল্পনা	5
তোমায়	হৃদয়ে	রাখবো	5
হৃদয়ে	রাখবো	সারাক্ষণ	5
তুমি	যদি	চাও	5
যদি	চাও	বৃষ্টি	5
চাও	বৃষ্টি	হবে	5
বৃষ্টি	হবে	আজ	5
চল	দুজনে	হাত	5
দুজনে	হাত	ধরে	5
হাত	ধরে	হারাবো	5
তোমাকে	ছুয়ে	দিতে	5
ছুয়ে	দিতে	চাই	5
দিতে	চাই	অনুমতি	5
এই	ছবির	প্রতিটি	5
ছবির	প্রতিটি	গান	5
প্রতিটি	গান	অনেক	5
গান	অনেক	অনেক	5
অনেক	অনেক	প্রিয়	5
অনেক	প্রিয়	ছিল	5
প্রিয়	ছিল	এবং	5
ছিল	এবং	এখনো	5
এবং	এখনো	আছে	5
সত্যের	ভালবাসা	হারে	5
ভালবাসা	হারে	না	5
হারে	না	মিথ্যা	5
না	মিথ্যা	ভালবাসা	5
মিথ্যা	ভালবাসা	হেরে	5
ভালবাসা	হেরে	যায়	5
এই	সেই	সোনালী	5
সেই	সোনালী	যুগের	5
সোনালী	যুগের	সেই	5
যুগের	সেই	প্রাচীন	5
সেই	প্রাচীন	গান	5
প্রাচীন	গান	যে	5
গান	যে	গান	5
যে	গান	শুনলে	5
গান	শুনলে	বুকটা	5
শুনলে	বুকটা	ভরে	5
বুকটা	ভরে	যায়	5
যতবার	দেখি	ততবার	5
দেখি	ততবার	ভালো	5
ততবার	ভালো	লাগে	5
ভালো	লাগে	মৌসুমিকে	5
লাগে	মৌসুমিকে	গানটাতে	5
মৌসুমিকে	গানটাতে	অসম্ভব	5
গানটাতে	অসম্ভব	সুন্দর	5
অসম্ভব	সুন্দর	লাগছে	5
এখনো	ভালো	লাগে	5
ভালো	লাগে	গানটা	5
কালো	আর	লাল	5
আর	লাল	শাড়িতে	5
লাল	শাড়িতে	মৌসুমী	5
শাড়িতে	মৌসুমী	আপু	5
মৌসুমী	আপু	কে	5
আপু	কে	অসম্ভব	5
কে	অসম্ভব	সুন্দরী	5
পড়ে	যায়	আমার	5
যায়	আমার	ভালোবাসার	5
আমার	ভালোবাসার	মানুষটার	5
গানটা	শুনলেই	পুরাতন	5
শুনলেই	পুরাতন	ইতিহাস	5
এই	ছবির	সব	5
ছবির	সব	গানগুলো	5
সব	গানগুলো	অনেক	5
গানগুলো	অনেক	সুন্দর	5
সব	সময়ে	গান	5
সময়ে	গান	গুলো	5
গান	গুলো	বেশ	5
গুলো	বেশ	সুন্দর	5
বেশ	সুন্দর	ভালো	5
সুন্দর	ভালো	লাগে	5
ভালো	লাগে	শুনতে	5
মৌসুমি	আপুকে	বলছি	5
আপুকে	বলছি	এরকম	5
বলছি	এরকম	একটা	5
এরকম	একটা	ছবি	5
একটা	ছবি	আমাদেরকে	5
ছবি	আমাদেরকে	আবার	5
আমাদেরকে	আবার	উপরহার	5
আবার	উপরহার	দিন	5
মৌসুমী	আসলেই	খুব	5
আসলেই	খুব	সুন্দরী	5
খুব	সুন্দরী	আমি	5
সুন্দরী	আমি	কাছ	5
আমি	কাছ	থেকে	5
কাছ	থেকে	দেখেছি	5
একদিন	হয়তো	পৃথিবীর	5
হয়তো	পৃথিবীর	মায়া	5
পৃথিবীর	মায়া	কাটিয়ে	5
মায়া	কাটিয়ে	চলে	5
কাটিয়ে	চলে	যাবো	5
চলে	যাবো	পরপারে	5
চোখ	মেললেই	দেখি	5
মেললেই	দেখি	তোমাকে	5
দেখি	তোমাকে	চোখ	5
তোমাকে	চোখ	বুজলেই	5
চোখ	বুজলেই	পাই	5
বুজলেই	পাই	আরো	5
পাই	আরো	কাছে	5
আরও	বেশি	ভালবাসা	5
বেশি	ভালবাসা	আমি	5
ভালবাসা	আমি	দিতে	5
আমি	দিতে	চাই	5
এই	গান	আমার	5
গান	আমার	এত	5
আমার	এত	প্রিয়	5
এত	প্রিয়	এখনো	5
প্রিয়	এখনো	শুনি	5
এখনো	শুনি	অনেক	5
শুনি	অনেক	সুন্দর	5
সুন্দর	একটা	অনুভুতী	5
একটা	অনুভুতী	কাজ	5
অনুভুতী	কাজ	করে	5
যৌবন	আসার	আগেই	5
আসার	আগেই	তাকে	5
আগেই	তাকে	ভালো	5
তাকে	ভালো	বেসেছিলাম	5
ভালো	বেসেছিলাম	আবার	5
বেসেছিলাম	আবার	যৌবন	5
আবার	যৌবন	শেষ	5
যৌবন	শেষ	হবার	5
শেষ	হবার	পরেও	5
হবার	পরেও	তাকেই	5
পরেও	তাকেই	ভালো	5
তাকেই	ভালো	বাসবো	5
সাত	বছর	পর	5
বছর	পর	খুজে	5
পর	খুজে	পেয়েছি	5
খুজে	পেয়েছি	আমার	5
পেয়েছি	আমার	প্রিয়	5
আমার	প্রিয়	গানটা	5
জীবনে	অনেক	গান	5
অনেক	গান	শুনি	5
গান	শুনি	তারপরেও	5
শুনি	তারপরেও	কেন	5
তারপরেও	কেন	জানি	5
কেন	জানি	না	5
না	এই	গান	5
এই	গান	গুলোর	5
গান	গুলোর	মত	5
গুলোর	মত	এত	5
মত	এত	ভালো	5
যখন	গানটা	নতুন	5
গানটা	নতুন	বের	5
নতুন	বের	হয়েছিলো	5
বের	হয়েছিলো	তখন	5
হয়েছিলো	তখন	অনেক	5
তখন	অনেক	শুনেছি	5
এই	গানটা	যে	5
গানটা	যে	কতো	5
যে	কতো	বার	5
কতো	বার	যে	5
বার	যে	শুনেছি	5
যে	শুনেছি	তার	5
শুনেছি	তার	কোনো	5
তার	কোনো	হিসেব	5
কোনো	হিসেব	নেই	5
ছোটবেলার	স্মৃতিগুলো	মনে	5
স্মৃতিগুলো	মনে	পরে	5
মনে	পরে	যায়	5
মাত্র	এক	বছর	5
এক	বছর	পর	5
বছর	পর	গানটার	5
পর	গানটার	বয়স	5
গানটার	বয়স	এক	5
বয়স	এক	যুগ	5
এক	যুগ	হবে	5
যুগ	হবে	যাবে	5
ভবিষ্যতে	আমার	ছেলে	5
আমার	ছেলে	মেয়ে	5
ছেলে	মেয়ে	যখন	5
মেয়ে	যখন	এসব	5
যখন	এসব	গান	5
এসব	গান	দেখবে	5
গান	দেখবে	তার	5
দেখবে	তার	বাবা	5
তার	বাবা	কতটা	5
বাবা	কতটা	রোমান্টিক	5
কতটা	রোমান্টিক	ছিল	5
এই	গানটা	কতবার	5
গানটা	কতবার	শুনিছি	5
কতবার	শুনিছি	আমি	5
শুনিছি	আমি	নিজেই	5
আমি	নিজেই	জানি	5
নিজেই	জানি	না	5
এভাবে	চলে	যাবে	5
চলে	যাবে	সময়	5
যাবে	সময়	কিন্তু	5
সময়	কিন্তু	থেকে	5
কিন্তু	থেকে	যাবে	5
থেকে	যাবে	এসব	5
যাবে	এসব	কিছু	5
এসব	কিছু	গান	5
তাদেরকে	অনেক	ধন্যবাদ	5
অনেক	ধন্যবাদ	যারা	5
ধন্যবাদ	যারা	গান	5
যারা	গান	গুলো	5
গান	গুলো	উপহার	5
গুলো	উপহার	দিয়ে	5
উপহার	দিয়ে	গেছেন	5
রুমি	ভাইয়া	আবার	5
ভাইয়া	আবার	ফিরে	5
আবার	ফিরে	আসো	5
ফিরে	আসো	সবার	5
আসো	সবার	মাঝে	5
সবার	মাঝে	নতুন	5
মাঝে	নতুন	গান	5
নতুন	গান	নিয়ে	5
পুরনো	দিনের	কথা	5
দিনের	কথা	মনে	5
হারিয়ে	গেছে	কতকিছু	5
গেছে	কতকিছু	কত	5
কতকিছু	কত	আপনজন	5
শুধু	গানটি	যেমন	5
গানটি	যেমন	ছিলো	5
যেমন	ছিলো	তেমনেই	5
ছিলো	তেমনেই	রয়ে	5
তেমনেই	রয়ে	গেছে	5
এই	গান	গুলো	5
গান	গুলো	নিয়ে	5
গুলো	নিয়ে	অনেক	5
নিয়ে	অনেক	আবেগ	5
অনেক	আবেগ	আছে	5
এ	গান	টা	5
গান	টা	শুনে	5
টা	শুনে	চোখে	5
এসব	গান	ছোটবেলা	5
গান	ছোটবেলা	থেকে	5
ছোটবেলা	থেকে	শুনে	5
থেকে	শুনে	বড়	5
শুনে	বড়	হয়েছি	5
এই	গানটা	শুনে	5
গানটা	শুনে	মনে	5
শুনে	মনে	হল	5
মনে	হল	আমি	5
হল	আমি	বাংলাদেশ	5
আমি	বাংলাদেশ	থেকে	5
বাংলাদেশ	থেকে	ঘুরে	5
থেকে	ঘুরে	এলাম	5
এই	ছবিটা	দেখলে	5
ছবিটা	দেখলে	বোঝা	5
দেখলে	বোঝা	যায়	5
বোঝা	যায়	আমাদের	5
যায়	আমাদের	দেশের	5
আমাদের	দেশের	জন্য	5
দেশের	জন্য	কতো	5
জন্য	কতো	কষ্ট	5
কতো	কষ্ট	করেছে	5
কষ্ট	করেছে	মুক্তিযোদ্ধা	5
করেছে	মুক্তিযোদ্ধা	ভাইয়েরা	5
আমরা	জীবনে	ভুলতে	5
জীবনে	ভুলতে	পারব	5
ভুলতে	পারব	না	5
যতদিন	পৃথিবীর	বুকে	5
পৃথিবীর	বুকে	বাংলাদেশ	5
বুকে	বাংলাদেশ	নামটি	5
বাংলাদেশ	নামটি	থাকবে	5
নামটি	থাকবে	ততদিন	5
থাকবে	ততদিন	পর্যন্ত	5
ততদিন	পর্যন্ত	এই	5
পর্যন্ত	এই	গানটি	5
এই	গানটি	চলতে	5
গানটি	চলতে	থাকবে	5
মুক্তিযুদ্ধের	ভাইয়েরা	আমাদের	5
ভাইয়েরা	আমাদের	জন্য	5
আমাদের	জন্য	কত	5
জন্য	কত	কষ্ট	5
কত	কষ্ট	করেছে	5
গানটি	শুনে	আমার	5
শুনে	আমার	অনেক	5
গানটা	শুনে	চোখে	5
চলে	আসলো	সত্যি	5
আসলো	সত্যি	খুব	5
ভারতীয়	হয়েও	যেন	5
হয়েও	যেন	কোথাও	5
যেন	কোথাও	আমি	5
কোথাও	আমি	বাংলাদেশি	5
আমি	বাংলাদেশি	অনুভব	5
বাংলাদেশি	অনুভব	করছি	5
আজকের	এই	দিনে	5
এই	দিনে	বাংলাদেশকে	5
দিনে	বাংলাদেশকে	খুব	5
বাংলাদেশকে	খুব	মনে	5
খুব	মনে	পড়ে	5
সেই	ছোটবেলার	কথা	5
ছোটবেলার	কথা	মনে	5
পড়ে	যায়	যতবার	5
যায়	যতবার	গানটা	5
যতবার	গানটা	শুনি	5
গানটা	শুনি	অতীতে	5
শুনি	অতীতে	ফিরে	5
অতীতে	ফিরে	যাই	5
এই	ছোট	ছেলেটি	5
ছোট	ছেলেটি	একটি	5
ছেলেটি	একটি	বল	5
একটি	বল	দিয়ে	5
বল	দিয়ে	খেলছে	5
লোকটি	ফোনে	কথা	5
ফোনে	কথা	বলছে	5
বাইরে	বেশ	কিছু	5
বেশ	কিছু	মানুষ	5
কিছু	মানুষ	ঘুরে	5
মানুষ	ঘুরে	বেড়াচ্ছে	5
রাতে	একদল	লোক	5
একদল	লোক	একসাথে	5
লোক	একসাথে	বাইরে	5
একসাথে	বাইরে	বসে	5
বাইরে	বসে	থাকে	5
তুমিহীন	সময়টা	নিজেদের	5
সময়টা	নিজেদের	মতো	5
নিজেদের	মতো	করে	5
মতো	করে	গুছিয়ে	5
করে	গুছিয়ে	নেওয়ার	5
গুছিয়ে	নেওয়ার	চেষ্টা	5
নেওয়ার	চেষ্টা	করছি	5
আজ	তোমার	কন্যাকে	5
কন্যাকে	নিয়ে	সারা	5
নিয়ে	সারা	বই	5
সারা	বই	মেলা	5
বই	মেলা	ঘুরেছি	5
মেলা	ঘুরেছি	কিন্তু	5
ঘুরেছি	কিন্তু	কোনো	5
কিন্তু	কোনো	আনন্দ	5
কোনো	আনন্দ	পায়নি	5
তোমার	পছন্দের	বেশ	5
পছন্দের	বেশ	কয়েকটি	5
বেশ	কয়েকটি	বই	5
কয়েকটি	বই	কিনেছি	5
সব	কিছু	কেমন	5
কিছু	কেমন	শান্ত	5
কেমন	শান্ত	আর	5
শান্ত	আর	ফাঁকা	5
আর	ফাঁকা	লেগেছে	5
আমি	জানি	আমাদের	5
জানি	আমাদের	আর	5
আমাদের	আর	কোন	5
কোন	দিন	এপারে	5
দিন	এপারে	একসাথে	5
এপারে	একসাথে	বই	5
একসাথে	বই	পড়া	5
বই	পড়া	হবেনা	5
তুমি	নেই	এই	5
নেই	এই	কঠিন	5
এই	কঠিন	সত্যিটা	5
কঠিন	সত্যিটা	আমি	5
সত্যিটা	আমি	আজও	5
আমি	আজও	বিশ্বাস	5
আজও	বিশ্বাস	করতে	5
বিশ্বাস	করতে	পারছি	5
কেনো	জানি	মনে	5
জানি	মনে	হয়	5
মনে	হয়	বেলা	5
হয়	বেলা	শেষে	5
বেলা	শেষে	তুমি	5
শেষে	তুমি	ঘরে	5
তুমি	ঘরে	ফিরবে	5
আমি	এক	সন্ধ্যায়	5
বাসায়	ফিরে	দেখবো	5
ফিরে	দেখবো	তুমি	5
দেখবো	তুমি	আছো	5
তুমি	আছো	সত্যিই	5
আছো	সত্যিই	তুমি	5
সত্যিই	তুমি	আছো	5
তুমি	তোমার	কন্যাকে	5
কন্যাকে	নিয়ে	ব্যস্ত	5
নিয়ে	ব্যস্ত	সময়	5
আমি	কোনদিন	চিন্তাও	5
কোনদিন	চিন্তাও	করিনি	5
চিন্তাও	করিনি	আমার	5
করিনি	আমার	মেয়ে	5
আমার	মেয়ে	তার	5
মেয়ে	তার	মার	5
তার	মার	আদর	5
ভালোবাসা	ছাড়া	বড়	5
ছাড়া	বড়	হবে	5
বড়	হবে	বাসার	5
হবে	বাসার	কাজের	5
বাসার	কাজের	মানুষের	5
কাজের	মানুষের	কাছে	5
দম	বন্ধ	হয়ে	5
বন্ধ	হয়ে	আসে	5
হয়ে	আসে	চিৎকার	5
আসে	চিৎকার	করে	5
তুমি	জানো	সত্যিই	5
জানো	সত্যিই	খুব	5
খুব	কঠিন	বাবা	5
কঠিন	বাবা	হয়ে	5
সন্তানকে	একমাত্র	তার	5
তোমার	কন্যা	আমার	5
কন্যা	আমার	কোলে	5
কোলে	এসে	শুধু	5
এসে	শুধু	তোমাকে	5
শুধু	তোমাকে	খোঁজে	5
তোমাকে	খোঁজে	মনে	5
যাওয়ার	পর	তোমার	5
পর	তোমার	মেয়ে	5
তোমার	মেয়ে	কেমন	5
মেয়ে	কেমন	যেন	5
এটা	হয়তো	কেউ	5
হয়তো	কেউ	বুঝতে	5
কেউ	বুঝতে	পারছে	5
পারছে	না	আমি	5
না	আমি	ছাড়া	5
আমি	যে	বাবা	5
যে	বাবা	আমি	5
বাবা	আমি	আমার	5
আমি	আমার	কন্যার	5
আমার	কন্যার	মুখের	5
কন্যার	মুখের	দিকে	5
এই	রকম	মানুষেরা	5
রকম	মানুষেরা	কখনো	5
কখনো	ঠিক	হয়	5
তাদের	দুজনের	বিয়ে	5
কিন্তু	ছেলে	হঠাৎ	5
ছেলে	হঠাৎ	করে	5
হঠাৎ	করে	তরুণীকে	5
করে	তরুণীকে	না	5
তরুণীকে	না	জানিয়ে	5
না	জানিয়ে	দেশের	5
জানিয়ে	দেশের	বাইরে	5
দেশের	বাইরে	চলে	5
বাইরে	চলে	যায়	5
এর	মাঝে	মেয়েটি	5
মাঝে	মেয়েটি	তার	5
মেয়েটি	তার	পরিবারের	5
সে	মেয়েটির	সাথে	5
মেয়েটির	সাথে	যোগাযোগ	5
সাথে	যোগাযোগ	করে	5
মেয়েটি	কাউকে	বিয়ে	5
কাউকে	বিয়ে	করতে	5
করতে	রাজি	হয়	5
রাজি	হয়	না	5
ওই	ছেলে	কোন	5
ছেলে	কোন	কিছুই	5
কোন	কিছুই	শুনতে	5
কিছুই	শুনতে	চায়	5
শুনতে	চায়	না	5
চায়	না	তার	5
তার	সাথে	দেখা	5
দেখা	করতে	চায়	5
মেয়ে	মামলা	চায়	5
না	কারণ	সে	5
কারণ	সে	বিবাহিত	5
সে	বিবাহিত	মামলার	5
বিবাহিত	মামলার	বিষয়টা	5
মামলার	বিষয়টা	জানাজানি	5
জানাজানি	হলে	সংসার	5
হলে	সংসার	টিকবে	5
আমার	স্বামী	বিভিন্ন	5
স্বামী	বিভিন্ন	মেয়ের	5
বিভিন্ন	মেয়ের	সাথে	5
মেয়ের	সাথে	সারা	5
এখন	কথা	হলো	5
হলো	আমি	কাবিনের	5
আমি	কাবিনের	টাকা	5
কাবিনের	টাকা	দিয়ে	5
টাকা	দিয়ে	দিবো	5
দিয়ে	দিবো	প্রতি	5
দিবো	প্রতি	মাসে	5
আমি	সাত	মাস	5
একজনকে	বিয়ে	করেছি	5
এখন	বিয়ের	পর	5
বিয়ের	পর	জানতে	5
পর	জানতে	পারি	5
পারি	আমার	স্বামী	5
আমার	স্বামী	আগে	5
স্বামী	আগে	দুইটি	5
আগে	দুইটি	বিয়ে	5
দুইটি	বিয়ে	করেছিল	5
আমি	মনসিক	ভাবে	5
মনসিক	ভাবে	খুব	5
ভাবে	খুব	সমস্যার	5
খুব	সমস্যার	মধ্যে	5
সমস্যার	মধ্যে	আছি	5
আমার	একটাই	কথা	5
একটাই	কথা	ছেলে	5
কথা	ছেলে	মানুষের	5
ছেলে	মানুষের	কাছে	5
মানুষের	কাছে	কিসের	5
কাছে	কিসের	প্রয়োজন	5
কিসের	প্রয়োজন	থাকতে	5
প্রয়োজন	থাকতে	পারে	5
ক্লাসের	সব	মেয়েদের	5
সব	মেয়েদের	সাথেই	5
মেয়েদের	সাথেই	মিশতাম	5
আমি	ধরে	নিলাম	5
ধরে	নিলাম	আমার	5
নিলাম	আমার	অনেক	5
আমার	অনেক	দোষ	5
অনেক	দোষ	অনেক	5
দোষ	অনেক	ভুল	5
কিন্তু	আমাদের	তিন	5
তিন	বছরের	বাচ্চা	5
বছরের	বাচ্চা	তার	5
বাচ্চা	তার	কোথায়	5
তার	কোথায়	দোষ	5
আমরা	বলি	একটু	5
বলি	একটু	সময়	5
একটু	সময়	নেওয়ার	5
সময়	নেওয়ার	জন্য	5
নেওয়ার	জন্য	আর	5
জন্য	আর	উনার	5
আর	উনার	স্ত্রীকে	5
উনার	স্ত্রীকে	নিয়ে	5
স্ত্রীকে	নিয়ে	আসার	5
নিয়ে	আসার	জন্য	5
তোমাকে	যেদিন	বলেছিলাম	5
যেদিন	বলেছিলাম	বিয়েটা	5
সেদিন	কথাটা	বলেছিলাম	5
কথাটা	বলেছিলাম	শুধু	5
বলেছিলাম	শুধু	তোমার	5
কিন্তু	তুমি	এখন	5
তুমি	এখন	এতোই	5
এখন	এতোই	ভালো	5
এতোই	ভালো	আছো	5
ভালো	আছো	যে	5
আছো	যে	আমি	5
যে	আমি	সেটা	5
আমি	সেটা	মানতে	5
সেটা	মানতে	পারছি	5
তুমি	আর	আমার	5
আর	আমার	নেই	5
আমার	নেই	আমি	5
পছন্দ	করেই	পরিবারের	5
করেই	পরিবারের	মাধ্যমে	5
পরিবারের	মাধ্যমে	বিয়ে	5
মাধ্যমে	বিয়ে	করে	5
বিয়ে	করে	এনেছে	5
আমার	ভালোবাসার	মানুষের	5
ভালোবাসার	মানুষের	সাথে	5
মানুষের	সাথে	আমার	5
তাকে	ছাড়া	আমি	5
ছাড়া	আমি	হয়তো	5
আমি	হয়তো	বাচঁতে	5
হয়তো	বাচঁতে	পারবো	5
বাচঁতে	পারবো	না	5
এখন	আর	মানুষের	5
আর	মানুষের	মধ্যে	5
মানুষের	মধ্যে	মায়া	5
মধ্যে	মায়া	বিষয়টা	5
মায়া	বিষয়টা	খুব	5
বিষয়টা	খুব	একটা	5
খুব	একটা	নেই	5
আমি	আমার	ছোট	5
আমার	ছোট	বাচ্চাকে	5
ছোট	বাচ্চাকে	নিয়ে	5
বাচ্চাকে	নিয়ে	বাবার	5
নিয়ে	বাবার	বাড়িতে	5
বাবার	বাড়িতে	যাই	5
আপনি	নিজের	পরিবার	5
নিজের	পরিবার	নিয়ে	5
পরিবার	নিয়ে	বসুন	5
পরিবারে	ছোট	খাটো	5
ছোট	খাটো	ঝামেলা	5
খাটো	ঝামেলা	থাকে	5
আমাকে	একটু	সাহায্য	5
একটু	সাহায্য	করবেন	5
দয়া	করে	নাম	5
করে	নাম	পরিচয়	5
নাম	পরিচয়	গোপন	5
আমি	একটি	কঠিন	5
একটি	কঠিন	সমস্যা	5
কঠিন	সমস্যা	নিয়ে	5
সমস্যা	নিয়ে	হাজির	5
নিয়ে	হাজির	হয়েছি	5
একসময়	ছেলের	মেয়েটাকে	5
ছেলের	মেয়েটাকে	ভালো	5
মেয়েটাকে	ভালো	লাগবে	5
তাদের	চার	বছরের	5
চার	বছরের	একটি	5
বছরের	একটি	মেয়ে	5
একটি	মেয়ে	বাচ্চা	5
মেয়ে	বাচ্চা	আছে	5
গত	এক	মাস	5
মাস	আগে	স্ত্রীর	5
আগে	স্ত্রীর	সাথে	5
স্ত্রীর	সাথে	ঝগড়া	5
ঝগড়া	করে	স্বামী	5
করে	স্বামী	দেশে	5
স্বামী	দেশে	চলে	5
দেশে	চলে	আসে	5
ছেলে	মেয়ে	একজন	5
মেয়ে	একজন	আরেকজন	5
একজন	আরেকজন	কে	5
আরেকজন	কে	প্রচন্ড	5
কে	প্রচন্ড	ভালোবাসে	5
সে	বিয়ে	করে	5
বিয়ে	করে	সুখী	5
করে	সুখী	হতে	5
সুখী	হতে	চায়	5
ছেলে	ইউরোপে	পড়াশোনা	5
ইউরোপে	পড়াশোনা	করে	5
কিন্তু	মেয়ের	পরিবার	5
মেয়ের	পরিবার	রাজিনা	5
মেয়েকে	অন্য	ছেলের	5
অন্য	ছেলের	সাথে	5
সাথে	বিয়ে	দেওয়ার	5
বিয়ে	দেওয়ার	আয়োজন	5
দেওয়ার	আয়োজন	করে	5
বাধ্য	হয়ে	ছেলে	5
হয়ে	ছেলে	মেয়ে	5
ছেলে	মেয়ে	নিজেদের	5
মেয়ে	নিজেদের	ইচ্ছায়	5
নিজেদের	ইচ্ছায়	বিয়ে	5
ইচ্ছায়	বিয়ে	করে	5
বিয়ে	করে	নেয়	5
আজকে	দেয়ালে	পিঠ	5
দেয়ালে	পিঠ	থেকে	5
পিঠ	থেকে	গেছে	5
আজকে	প্রায়	৮	5
প্রায়	৮	দিন	5
৮	দিন	পানি	5
দিন	পানি	নেই	5
অথচ	আসে	পাশের	5
আসে	পাশের	সব	5
পাশের	সব	বাড়ি	5
সব	বাড়ি	তেই	5
বাড়ি	তেই	পানি	5
তেই	পানি	দিয়ে	5
পানি	দিয়ে	দিচ্ছে	5
দিয়ে	দিচ্ছে	শুধু	5
দিচ্ছে	শুধু	আমাদের	5
শুধু	আমাদের	বাড়িতেই	5
আমাদের	বাড়িতেই	পানি	5
বাড়িতেই	পানি	দিচ্ছে	5
যাদের	সাথে	ভালো	5
ভালো	সম্পর্ক	রয়েছে	5
সম্পর্ক	রয়েছে	শুধু	5
রয়েছে	শুধু	তাদের	5
শুধু	তাদের	পানি	5
তাদের	পানি	দিবে	5
পানি	দিবে	আর	5
দিবে	আর	কাউকে	5
আর	কাউকে	দিবে	5
কাউকে	দিবে	না	5
জানিনা	পানি	পাবো	5
পানি	পাবো	নাকি	5
পাবো	নাকি	পাবো	5
নাকি	পাবো	না	5
পাশ	করা	ডাক্তাররা	5
করা	ডাক্তাররা	এখন	5
ডাক্তাররা	এখন	ভালো	5
এখন	ভালো	অবস্থায়	5
ভালো	অবস্থায়	নেই	5
কেন	এত	টাকা	5
এত	টাকা	ধার	5
টাকা	ধার	করে	5
ধার	করে	ডাক্তারি	5
করে	ডাক্তারি	পড়তে	5
ডাক্তারি	পড়তে	হবে	5
যেহেতু	ভর্তি	হয়ে	5
ভর্তি	হয়ে	গেছেন	5
হয়ে	গেছেন	পড়াশোনা	5
গেছেন	পড়াশোনা	চালিয়ে	5
পড়াশোনা	চালিয়ে	যান	5
অভিযোগ	স্ত্রী	তার	5
স্ত্রী	তার	সংসারের	5
তার	সংসারের	দায়িত্ব	5
সংসারের	দায়িত্ব	পালন	5
দায়িত্ব	পালন	করছে	5
দুজনেই	দুজনকে	সন্দেহ	5
দুজনকে	সন্দেহ	করে	5
স্ত্রী	ধারণা	স্বামী	5
ধারণা	স্বামী	পরকীয়ায়	5
স্বামী	পরকীয়ায়	আছে	5
বিষয়টা	নিয়ে	আর	5
কথা	বলতে	চাচ্ছি	5
বলতে	চাচ্ছি	না	5
আজকাল	ছোটরাও	পাত্তা	5
ছোটরাও	পাত্তা	দিচ্ছে	5
পাত্তা	দিচ্ছে	না	5
কেউ	আর	ভয়	5
আর	ভয়	পাচ্ছে	5
ভয়	পাচ্ছে	না	5
আমার	এসব	আর	5
এসব	আর	একটুও	5
আর	একটুও	ভালো	5
একটুও	ভালো	লাগছে	5
যারা	ভেবেছিলেন	বড়	5
ভেবেছিলেন	বড়	হয়ে	5
বড়	হয়ে	গরীবদের	5
হয়ে	গরীবদের	সেবা	5
গরীবদের	সেবা	করবেন	5
সেবা	করবেন	কিন্তু	5
করবেন	কিন্তু	বড়	5
কিন্তু	বড়	হয়ে	5
বড়	হয়ে	দেখেন	5
হয়ে	দেখেন	নিজেই	5
দেখেন	নিজেই	গরীব	5
মহিলার	বয়স	হবে	5
বয়স	হবে	৮০	5
হবে	৮০	এর	5
৮০	এর	উপরে	5
একটাই	পৃথিবী	কিন্তু	5
পৃথিবী	কিন্তু	একেক	5
কিন্তু	একেক	এলাকার	5
একেক	এলাকার	মানুষের	5
এলাকার	মানুষের	চিন্তা	5
মানুষের	চিন্তা	একেক	5
চিন্তা	একেক	রকম	5
নতুনরা	অনেক	কিছু	5
কিছু	শিখতে	পারবে	5
শিখতে	পারবে	আশা	5
পারবে	আশা	করি	5
হোকনা	ভালো	কিছুর	5
ভালো	কিছুর	শুরুটা	5
কিছুর	শুরুটা	এভাবেই	5
সাথে	আর	কথা	5
আর	কথা	বলবা	5
আমরা	অনেক	বড়	5
গেছি	মনে	হচ্ছে	5
রাজকুমারির	মায়া	পৃথিবী	5
মায়া	পৃথিবী	যায়নি	5
পৃথিবী	যায়নি	আজও	5
যায়নি	আজও	ভুলে	5
জীবন	থেকে	রঙ	5
থেকে	রঙ	হারায়	5
রঙ	হারায়	গেছে	5
একটা	রঙিন	ছবি	5
রঙিন	ছবি	তুলতে	5
ছবি	তুলতে	হবে	5
তুলতে	হবে	আমাদের	5
হবে	আমাদের	সবার	5
আর	কত	ছুটি	5
কত	ছুটি	কাটাবো	5
পুরোটা	দেখার	অপেক্ষায়	5
দেখার	অপেক্ষায়	বসে	5
অপেক্ষায়	বসে	আছি	5
আপনি	বেঁচে	আছেন	5
আশেপাশে	কেউ	থাকলে	5
কেউ	থাকলে	কল	5
থাকলে	কল	দিয়েন	5
দেখা	করা	যাবে	5
কিছু	পাইতে	হলে	5
পাইতে	হলে	কিছু	5
হলে	কিছু	ছাড়তে	5
কিছু	ছাড়তে	হবে	5
বাংলাদেশে	আমাকে	সবাই	5
আমাকে	সবাই	আমার	5
সবাই	আমার	ডাক	5
আমার	ডাক	নামে	5
ডাক	নামে	চিনে	5
দুই	ঘন্টা	ধরে	5
ঘন্টা	ধরে	বিদ্যুৎ	5
ধরে	বিদ্যুৎ	যায়নি	5
বিদ্যুৎ	অফিসের	লোকটা	5
অফিসের	লোকটা	কি	5
লোকটা	কি	মারা	5
কি	মারা	গেলো	5
সেইবার	আমি	প্রায়	5
আমি	প্রায়	৪	5
প্রায়	৪	মাস	5
৪	মাস	পরে	5
মাস	পরে	বাসায়	5
পরে	বাসায়	গিয়েছি	5
বাবার	মুখের	দিকে	5
দিকে	তাকিয়ে	কেমন	5
তাকিয়ে	কেমন	জানি	5
কেমন	জানি	একটা	5
জানি	একটা	শূন্যতা	5
একটা	শূন্যতা	অনুভব	5
শূন্যতা	অনুভব	করলাম	5
কবে	যে	আমার	5
যে	আমার	স্বপ্নটা	5
আমার	স্বপ্নটা	পূরণ	5
স্বপ্নটা	পূরণ	হবে	5
কি	আপনার	হাত	5
আপনার	হাত	ধুতে	5
হাত	ধুতে	জানেন	5
আপনি	কি	খামারের	5
কি	খামারের	পশু	5
খামারের	পশু	পছন্দ	5
পশু	পছন্দ	করেন	5
আমি	আমার	পরিবারের	5
আমার	পরিবারের	কথা	5
পরিবারের	কথা	বলতে	5
আমার	পরিবারে	আমি	5
পরিবারে	আমি	মা	5
আমি	মা	বাবা	5
মা	বাবা	এবং	5
বাবা	এবং	একটি	5
এবং	একটি	ছোট্ট	5
একটি	ছোট্ট	বোন	5
আমাদের	সবাই	একসময়ে	5
সবাই	একসময়ে	একসাথে	5
একসময়ে	একসাথে	আছি	5
আমাদের	পরিবারে	আনন্দের	5
পরিবারে	আনন্দের	বাইরে	5
আনন্দের	বাইরে	কোন	5
বাইরে	কোন	ঝগড়া	5
কোন	ঝগড়া	নেই	5
আমার	বন্ধুরা	আমার	5
বন্ধুরা	আমার	জীবনের	5
আমার	জীবনের	অনেক	5
জীবনের	অনেক	গুরুত্বপূর্ণ	5
অনেক	গুরুত্বপূর্ণ	অংশ	5
আমি	সবসময়	আমার	5
সবসময়	আমার	গ্রামের	5
গ্রামের	মানুষদের	পাশে	5
মানুষদের	পাশে	থাকতে	5
আপনার	লেখা	অসাধারণ	5
আপনার	ছবি	দেখে	5
ছবি	দেখে	খুব	5
দেখে	খুব	ভালো	5
খুব	ভালো	লেগছে	5
অসাধারণ	করে	লিখেছেন	5
আমি	ভালো	লাগলো	5
ভালো	লাগলো	আপনার	5
আপনার	কথা	পড়ে	5
আপনার	এই	পোস্টটি	5
এই	পোস্টটি	খুব	5
পোস্টটি	খুব	উপকারী	5
আপনার	সুন্দর	সুন্দর	5
ছবিগুলো	দেখে	আনন্দ	5
দেখে	আনন্দ	পেয়েছি	5
আপনি	খুব	সুন্দরভাবে	5
খুব	সুন্দরভাবে	সমস্যাটি	5
সুন্দরভাবে	সমস্যাটি	সমাধান	5
সমস্যাটি	সমাধান	করেছেন	5
আপনার	ব্লগটি	পড়ে	5
ব্লগটি	পড়ে	অনেক	5
পড়ে	অনেক	কিছু	5
কিছু	শিখতে	পেরেছি	5
আমি	আপনার	কাজকে	5
আপনার	কাজকে	ভালোবাসি	5
আপনার	লেখার	ধরণ	5
লেখার	ধরণ	খুব	5
ধরণ	খুব	সুন্দর	5
আপনার	ছবিটি	দেখে	5
ছবিটি	দেখে	মন	5
দেখে	মন	ভরে	5
মন	ভরে	গেলো	5
খুব	সুন্দর	কথা	5
সুন্দর	কথা	বলেছেন	5
আপনার	মজার	মজার	5
মজার	মজার	কথা	5
মজার	কথা	শুনলে	5
কথা	শুনলে	সারা	5
শুনলে	সারা	দিন	5
সারা	দিন	মন	5
দিন	মন	ভালো	5
মন	ভালো	থাকে	5
একদিন	সুন্দর	একটি	5
সুন্দর	একটি	বাগানে	5
একটি	বাগানে	একটি	5
বাগানে	একটি	মেয়ে	5
একটি	মেয়ে	হাঁটছিল	5
সে	আকাশে	উড়ন্ত	5
আকাশে	উড়ন্ত	পাখির	5
উড়ন্ত	পাখির	গান	5
পাখির	গান	শোনতেই	5
গান	শোনতেই	মন	5
শোনতেই	মন	খুশি	5
মন	খুশি	হয়ে	5
খুশি	হয়ে	উঠত	5
সে	ফুলগুলোর	রঙিন	5
ফুলগুলোর	রঙিন	মেলা	5
রঙিন	মেলা	দেখে	5
মেলা	দেখে	হৃদয়	5
দেখে	হৃদয়	ভরে	5
হৃদয়	ভরে	যায়	5
তার	পাশে	থাকা	5
পাশে	থাকা	পুতুলগুলো	5
থাকা	পুতুলগুলো	সেই	5
পুতুলগুলো	সেই	মেয়ের	5
সেই	মেয়ের	সাথে	5
মেয়ের	সাথে	খেলতে	5
সাথে	খেলতে	আসে	5
সে	আরও	একটি	5
আরও	একটি	বন্ধু	5
একটি	বন্ধু	বানাতে	5
বন্ধু	বানাতে	চায়	5
বানাতে	চায়	যার	5
চায়	যার	নাম	5
নাম	ছিল	রাহাত	5
তোমার	বন্ধুরা	সত্যিই	5
তোমার	বন্ধুরা	সবাই	5
তোমার	বন্ধুদের	কাছে	5
বন্ধুদের	কাছে	থাকতে	5
কাছে	থাকতে	খুব	5
থাকতে	খুব	ভালো	5
বিয়ের	পর	মোটা	5
পর	মোটা	হবে	5
মোটা	হবে	এমন	5
হবে	এমন	স্বপ্ন	5
এমন	স্বপ্ন	নিয়ে	5
স্বপ্ন	নিয়ে	বেঁচে	5
নিয়ে	বেঁচে	আছে	5
বেঁচে	আছে	হাজারো	5
আছে	হাজারো	পাতলা	5
হাজারো	পাতলা	মেয়ে	5
মেয়েরা	যে	হারে	5
যে	হারে	ভদ্র	5
হারে	ভদ্র	ছেলে	5
ভদ্র	ছেলে	খুঁজছে	5
ছেলে	খুঁজছে	ভয়	5
খুঁজছে	ভয়	লাগছে	5
খন	তোমার	একা	5
তোমার	একা	লাগবে	5
একা	লাগবে	তুমি	5
লাগবে	তুমি	চারদিকে	5
তুমি	চারদিকে	কিছুই	5
চারদিকে	কিছুই	দেখতে	5
কিছুই	দেখতে	পাবে	5
দেখতে	পাবে	না	5
সিঙ্গেল	বলে	কারো	5
বলে	কারো	জন্য	5
কারো	জন্য	হাত	5
জন্য	হাত	কাটতে	5
হাত	কাটতে	পারি	5
কাটতে	পারি	না	5
সিনেমায়	বিয়ের	পর	5
বিয়ের	পর	গল্প	5
পর	গল্প	শেষ	5
গল্প	শেষ	হয়ে	5
যায়	আর	বাস্তব	5
আর	বাস্তব	জীবনে	5
বিয়ের	পরই	সিনেমা	5
পরই	সিনেমা	শুরু	5
সিনেমা	শুরু	হয়	5
গরিব	বলে	পৃথিবীতে	5
বলে	পৃথিবীতে	হলে	5
পৃথিবীতে	হলে	মঙ্গল	5
হলে	মঙ্গল	গ্রহে	5
মঙ্গল	গ্রহে	থাকতাম	5
মেয়েরাই	পারে	অবলা	5
পারে	অবলা	ছেলেদের	5
অবলা	ছেলেদের	সহজ	5
সরল	মনটা	কে	5
মনটা	কে	ফুটবল	5
কে	ফুটবল	ভেবে	5
ফুটবল	ভেবে	খেলা	5
ভেবে	খেলা	করতে	5
মাঝে	মাঝে	মন	5
মাঝে	মন	চায়	5
মন	চায়	থেমে	5
চায়	থেমে	থাকা	5
থেমে	থাকা	গাড়ির	5
থাকা	গাড়ির	নিচে	5
নিচে	পরে	মরে	5
পরে	মরে	যাই	5
বউকে	ভালোবাসতে	শিখুন	5
ভালোবাসতে	শিখুন	কিন্তু	5
শিখুন	কিন্তু	কার	5
কিন্তু	কার	বউ	5
কার	বউ	সেটা	5
বউ	সেটা	দেখার	5
সেটা	দেখার	বিষয়	5
দেখার	বিষয়	না	5
একবার	ধরলে	হাত	5
ধরলে	হাত	ছাড়বেনা	5
হাত	ছাড়বেনা	কখনো	5
ছাড়বেনা	কখনো	রোগা	5
কখনো	রোগা	পাতলা	5
রোগা	পাতলা	মেয়ে	5
পাতলা	মেয়ে	গুলোকে	5
মেয়ে	গুলোকে	দেখে	5
গুলোকে	দেখে	মনে	5
দেখে	মনে	হয়	5
মনে	হয়	ভিটামিনের	5
হয়	ভিটামিনের	বোতল	5
ভিটামিনের	বোতল	কিনে	5
বোতল	কিনে	দিই	5
স্বপ্ন	দেখলাম	ক্রাশের	5
দেখলাম	ক্রাশের	সাথে	5
ক্রাশের	সাথে	ঘুরতে	5
সাথে	ঘুরতে	গেছি	5
ঘুরতে	গেছি	তার	5
গেছি	তার	পর	5
তার	পর	যা	5
পর	যা	হলো	5
যা	হলো	সব	5
হলো	সব	ইতিহাস	5
যখন	ভাবি	তুমি	5
ভাবি	তুমি	ছাড়া	5
জীবনটা	অন্ধকার	ঠিক	5
অন্ধকার	ঠিক	তখনই	5
ঠিক	তখনই	কারেন্ট	5
তখনই	কারেন্ট	চলে	5
কারেন্ট	চলে	আসে	5
বউ	হারালে	বউ	5
হারালে	বউ	পাওয়া	5
বউ	পাওয়া	যায়	5
পাওয়া	যায়	কিন্তু	5
যায়	কিন্তু	বন্ধুকে	5
কিন্তু	বন্ধুকে	টাকা	5
বন্ধুকে	টাকা	দিলে	5
টাকা	দিলে	সেটা	5
দিলে	সেটা	আর	5
সেটা	আর	ফেরত	5
আর	ফেরত	পাওয়া	5
ফেরত	পাওয়া	যায়	5
চুল	পরার	সমস্যা	5
পরার	সমস্যা	নিয়ে	5
ডাক্তারের	কাছে	গেছিলাম	5
কাছে	গেছিলাম	গিয়ে	5
গেছিলাম	গিয়ে	দেখি	5
গিয়ে	দেখি	ডাক্তার	5
দেখি	ডাক্তার	নিজেই	5
ডাক্তার	নিজেই	টাক	5
ভালো	মানুষ	নাকি	5
মানুষ	নাকি	বেশি	5
নাকি	বেশি	দিন	5
বাঁচে	না	এটা	5
না	এটা	শোনার	5
এটা	শোনার	পর	5
শোনার	পর	খুব	5
পর	খুব	টেনশনে	5
তোকে	ভুলে	যাওয়ার	5
ভুলে	যাওয়ার	জন্য	5
যাওয়ার	জন্য	আমি	5
জন্য	আমি	ভালোবাসিনি	5
নিজেকে	কখনো	বেকার	5
কখনো	বেকার	ভাববেন	5
বেকার	ভাববেন	না	5
ভাববেন	না	মনে	5
না	মনে	রাখবেন	5
রাখবেন	আপনার	শরীরের	5
আপনার	শরীরের	রক্ত	5
শরীরের	রক্ত	দিয়ে	5
রক্ত	দিয়ে	হাজারো	5
দিয়ে	হাজারো	মশার	5
হাজারো	মশার	সংসার	5
মশার	সংসার	চলে	5
বাবু	খেয়েছো	বলার	5
খেয়েছো	বলার	মানুষটা	5
বলার	মানুষটা	নেই	5
মানুষটা	নেই	বলে	5
নেই	বলে	আজ	5
বলে	আজ	আমি	5
আজ	আমি	এতো	5
আমি	এতো	রোগা	5
পাশের	বাড়ির	মেয়েটাকে	5
বাড়ির	মেয়েটাকে	ভালো	5
মেয়েটাকে	ভালো	লেগেছিল	5
ভালো	লেগেছিল	পরে	5
লেগেছিল	পরে	জানতে	5
পরে	জানতে	পারলাম	5
জানতে	পারলাম	মেয়েটা	5
পারলাম	মেয়েটা	ছুটির	5
মেয়েটা	ছুটির	দিনেও	5
আজ	আমি	রোগা	5
আমি	রোগা	তাই	5
রোগা	তাই	জন্য	5
তাই	জন্য	মানুষ	5
জন্য	মানুষ	আমাকে	5
মানুষ	আমাকে	নিয়ে	5
আমাকে	নিয়ে	উল্টোপাল্টা	5
নিয়ে	উল্টোপাল্টা	সন্দেহ	5
উল্টোপাল্টা	সন্দেহ	করে	5
কেউ	আমার	মাকে	5
আমার	মাকে	বলে	5
মাকে	বলে	দিও	5
বলে	দিও	আমি	5
দিও	আমি	বিয়ে	5
আমি	বিয়ে	করবো	5
হাসতে	হাসতে	সিগারেট	5
হাসতে	সিগারেট	খাওয়া	5
সিগারেট	খাওয়া	ছেলেটা	5
খাওয়া	ছেলেটা	একদিন	5
ছেলেটা	একদিন	কাশতে	5
একদিন	কাশতে	কাশতে	5
কাশতে	কাশতে	মরে	5
কাশতে	মরে	যাবে	5
কোনো	এক	রাতে	5
এক	রাতে	তুমি	5
রাতে	তুমি	আর	5
তুমি	আর	আমি	5
আর	আমি	পাশাপাশি	5
আমি	পাশাপাশি	বসে	5
আপনাদের	কি	শুক্রবার	5
কি	শুক্রবার	সকালে	5
শুক্রবার	সকালে	সময়	5
সকালে	সময়	হবে	5
যদি	আমি	ভুল	5
আমি	ভুল	করি	5
ভুল	করি	তাহলে	5
করি	তাহলে	আমাকে	5
তাহলে	আমাকে	দয়া	5
দয়া	করে	শুধরে	5
করে	শুধরে	দিবেন	5
কি	শুধু	একটা	5
শুধু	একটা	জিনিস	5
একটা	জিনিস	বলতে	5
জিনিস	বলতে	পারি	5
বলতে	পারি	দয়া	5
পারি	দয়া	করে	5
আপনার	কোনো	প্রশ্ন	5
কোনো	প্রশ্ন	আছে	5
একটা	কথাও	আর	5
কথাও	আর	বলবে	5
আর	বলবে	না	5
আপনারা	যারা	আমাকে	5
যারা	আমাকে	এখনো	5
আমাকে	এখনো	চিনেন	5
এখনো	চিনেন	না	5
তিনি	আমার	সাথে	5
সাথে	দেখা	করলেন	5
আমি	পাঁচ	বছর	5
পাঁচ	বছর	চাকরি	5
বছর	চাকরি	করেছিলাম	5
আমার	কিন্তু	সোভিয়েত	5
কিন্তু	সোভিয়েত	দেশ	5
সোভিয়েত	দেশ	ভালো	5
দেশ	ভালো	লাগত	5
অনেকগুলো	রাশিয়ান	শব্দ	5
রাশিয়ান	শব্দ	শিখেছিলাম	5
হঠাৎ	শীত	করে	5
শীত	করে	উঠল	5
করে	উঠল	আমার	5
বিছানায়	শুয়ে	টিভি	5
শুয়ে	টিভি	দেখছিলাম	5
করবেন	না	আপনাকে	5
না	আপনাকে	একটা	5
একটা	কথা	বলব	5
আমরাই	কিছু	বুঝতাম	5
কিছু	বুঝতাম	না	5
সে	রকম	বাজে	5
রকম	বাজে	ছেলের	5
বাজে	ছেলের	পাল্লায়	5
ছেলের	পাল্লায়	পড়লে	5
পাল্লায়	পড়লে	সর্বনাশ	5
পড়লে	সর্বনাশ	হয়ে	5
সর্বনাশ	হয়ে	যেত	5
একটি	ছোট্ট	গ্রামে	5
ছোট্ট	গ্রামে	একজন	5
গ্রামে	একজন	মেয়ে	5
একজন	মেয়ে	ছিল	5
মেয়েটির	একজন	ভালো	5
একজন	ভালো	বন্ধু	5
ভালো	বন্ধু	ছিল	5
তাঁদের	প্রতিদিন	একসাথে	5
প্রতিদিন	একসাথে	খেলা	5
একসাথে	খেলা	করতে	5
খেলা	করতে	পছন্দ	5
করতে	পছন্দ	ছিল	5
আমরা	সেখানে	অনেক	5
সেখানে	অনেক	মজা	5
অনেক	মজা	করব	5
তারা	একটি	দূর	5
একটি	দূর	পাহাড়ের	5
দূর	পাহাড়ের	দিকে	5
পাহাড়ের	দিকে	যাবার	5
দিকে	যাবার	পথে	5
যাবার	পথে	একটি	5
পথে	একটি	পুকুর	5
একটি	পুকুর	দেখল	5
পুকুরে	খুবই	সুন্দর	5
খুবই	সুন্দর	একটি	5
সুন্দর	একটি	পাখি	5
একটি	পাখি	দেখতে	5
পাখি	দেখতে	পেলো	5
আমরা	তো	পাখির	5
তো	পাখির	মতো	5
পাখির	মতো	উড়তে	5
মতো	উড়তে	পারিনা	5
আমার	দাঁত	অনেক	5
দাঁত	অনেক	ব্যথা	5
আমার	মাথা	অনেক	5
মাথা	অনেক	ব্যথা	5
সোহাগ	নামক	একটি	5
নামক	একটি	ছেলে	5
একটি	ছেলে	ছিল	5
হাজারো	স্মৃতি	জড়িয়ে	5
স্মৃতি	জড়িয়ে	আছে	5
জড়িয়ে	আছে	এই	5
আছে	এই	গানের	5
এই	গানের	মধ্যে	5
এখন	আমি	কত	5
আমি	কত	বড়	5
কত	বড়	হয়ে	5
এখন	আবার	একটা	5
আবার	একটা	মেয়েকে	5
একটা	মেয়েকে	অনেক	5
মেয়েকে	অনেক	ভালবাসি	5
কান্না	এসে	যায়	5
এসে	যায়	এই	5
যায়	এই	গান	5
এই	গান	শুনলে	5
জীবন	থেকে	কি	5
কি	করে	এত	5
করে	এত	তাড়াতাড়ি	5
এত	তাড়াতাড়ি	দিনগুলো	5
তাড়াতাড়ি	দিনগুলো	কেঁটে	5
দিনগুলো	কেঁটে	গেল	5
কেঁটে	গেল	হিসাব	5
গেল	হিসাব	মিলাতে	5
হিসাব	মিলাতে	পারিনা	5
ভালোবাসা	মানে	তো	5
মানে	তো	মানুষের	5
তো	মানুষের	জীবন	5
এই	ভালোবাসা	না	5
ভালোবাসা	না	থাকলে	5
না	থাকলে	মানুষের	5
থাকলে	মানুষের	জীবনের	5
মানুষের	জীবনের	সুখের	5
জীবনের	সুখের	আশা	5
সুখের	আশা	করাটাই	5
আশা	করাটাই	ভুল	5
কোন	কিছুই	খুব	5
কিছুই	খুব	সহজে	5
খুব	সহজে	হারিয়ে	5
সহজে	হারিয়ে	যায়	5
হারিয়ে	যায়	না	5
গল্পের	কথা	যখনই	5
কথা	যখনই	আসে	5
যখনই	আসে	তখনই	5
আসে	তখনই	আমাদের	5
তখনই	আমাদের	শিশুদের	5
আমাদের	শিশুদের	কথা	5
শিশুদের	কথা	মনে	5
শিশুরা	প্রধানত	গল্প	5
প্রধানত	গল্প	শুনতে	5
গল্প	শুনতে	খুব	5
শুনতে	খুব	ভালোবাসে	5
হয়	আমাদের	এখানে	5
আমাদের	এখানে	শেষ	5
এখানে	শেষ	করা	5
শেষ	করা	উচিত	5
যদি	সময়	পাওয়া	5
সময়	পাওয়া	যায়	5
পাওয়া	যায়	আমরা	5
যায়	আমরা	আরো	5
আমরা	আরো	দেখবো	5
সাথে	দেখা	হয়ে	5
দেখা	হয়ে	আসলেই	5
হয়ে	আসলেই	খুব	5
আসলেই	খুব	ভালো	5
আমাকে	এখন	ঘুমাতে	5
এখন	ঘুমাতে	দিন	5
আপনার	সাথে	পরে	5
সাথে	পরে	দেখা	5
পরে	দেখা	করব	5
চলো	পড়াশুনা	করি	5
চলো	একটা	বিরতি	5
একটা	বিরতি	নেই	5
চলো	বিশ্রাম	নেয়া	5
বিশ্রাম	নেয়া	যাক	5
আমি	কি	দয়া	5
কি	দয়া	করে	5
দয়া	করে	এখানে	5
করে	এখানে	আসতে	5
এখানে	আসতে	পারি	5
যেহেতু	সবাই	এখানে	5
সবাই	এখানে	আছে	5
এখানে	আছে	আমাদের	5
আছে	আমাদের	শুরু	5
আমাদের	শুরু	করা	5
শুরু	করা	উচিত	5
করা	উচিত	এখন	5
আমরা	এখানে	আছি	5
এখানে	আছি	আলোচনা	5
আছি	আলোচনা	করার	5
আলোচনা	করার	জন্য	5
আমরা	এখানে	আজ	5
এখানে	আজ	উপস্থিত	5
আজ	উপস্থিত	আছি	5
উপস্থিত	আছি	কথা	5
আছি	কথা	বলার	5
কি	বাংলা	সিনেমা	5
সিনেমা	দেখতে	ভালোবাসেন	5
আমি	আপনাকে	ধন্যবাদ	5
আপনাকে	ধন্যবাদ	জানাতে	5
আপনার	জন্মদিন	কবে	5
কি	এখানে	থাকতে	5
এখানে	থাকতে	পারেন	5
আপনি	কি	কথা	5
কি	কথা	বলতে	5
বলতে	পারেন	ইংরেজিতে	5
কি	এই	প্রশ্নের	5
এই	প্রশ্নের	জবাব	5
জবাব	দিতে	পারবেন	5
কি	বাংলা	নাটক	5
কি	কোনো	কবিতা	5
কোনো	কবিতা	লিখতে	5
বইটি	পড়তে	পারেন	5
কি	কোনো	গানে	5
কোনো	গানে	নাচতে	5
গানে	নাচতে	পারেন	5
বইটি	পড়তে	পারিস	5
আমার	সঙ্গে	একটি	5
সঙ্গে	একটি	গান	5
একটি	গান	গাইতে	5
গান	গাইতে	পারবি	5
তুই	আমার	পাশে	5
আমার	পাশে	থাকতে	5
পাশে	থাকতে	চাস	5
কি	এই	সিনেমা	5
এই	সিনেমা	দেখতে	5
সিনেমা	দেখতে	চাস	5
আমার	জন্য	কী	5
জন্য	কী	ভালোবাসতে	5
কী	ভালোবাসতে	পারবি	5
কি	কখনো	বাংলাদেশে	5
কখনো	বাংলাদেশে	ঘুরতে	5
বাংলাদেশে	ঘুরতে	গিয়েছিলি	5
আমার	জন্য	কোনো	5
জন্য	কোনো	সুন্দর	5
কোনো	সুন্দর	উপহার	5
সুন্দর	উপহার	কিনতে	5
উপহার	কিনতে	পারবি	5
কি	এই	গানটি	5
এই	গানটি	শুনতে	5
গানটি	শুনতে	ভালোবাসবি	5
কি	কখনো	কবিতা	5
কখনো	কবিতা	লিখতে	5
কবিতা	লিখতে	পারিস	5
আমার	সঙ্গে	কী	5
সঙ্গে	কী	ছবি	5
কী	ছবি	তোলতে	5
ছবি	তোলতে	পারবি	5
তুই	আমার	কাছে	5
আমার	কাছে	এসব	5
কাছে	এসব	কিছু	5
এসব	কিছু	শিখতে	5
কিছু	শিখতে	চাস	5
আমার	জন্য	কিছু	5
জন্য	কিছু	লিখতে	5
কিছু	লিখতে	পারবি	5
কি	আমার	সঙ্গে	5
আমার	সঙ্গে	বাংলায়	5
সঙ্গে	বাংলায়	কথা	5
বাংলায়	কথা	বলতে	5
কথা	বলতে	পারবি	5
কি	এই	স্কুলে	5
এই	স্কুলে	পড়তে	5
স্কুলে	পড়তে	আসতে	5
পড়তে	আসতে	চাস	5
রোনালদো	ভালোবাসার	চেয়েও	5
ভালোবাসার	চেয়েও	বেশি	5
চেয়েও	বেশি	কিছু	5
আমরা	মেসিকে	ঘৃণা	5
মেসিকে	ঘৃণা	করি	5
ঘৃণা	করি	না	5
আমি	ফুটবলের	বিশ্বকাপ	5
ফুটবলের	বিশ্বকাপ	দেখতে	5
বিশ্বকাপ	দেখতে	যাচ্ছি	5
ফুটবল	আমার	প্রিয়	5
আমার	প্রিয়	খেলা	5
ফুটবল	খেলতে	ভালোবাসি	5
কলকাতা	মোহনবাগানের	ফুটবল	5
মোহনবাগানের	ফুটবল	দল	5
ফুটবল	দল	অনেক	5
দল	অনেক	জনপ্রিয়	5
ফুটবল	খেলতে	আমার	5
খেলতে	আমার	বন্ধুদের	5
আমার	বন্ধুদের	সঙ্গে	5
বন্ধুদের	সঙ্গে	যাচ্ছি	5
পছন্দের	ফুটবল	খেলোয়াড়	5
ফুটবল	খেলোয়াড়	লিওনেল	5
খেলোয়াড়	লিওনেল	মেসি	5
আমার	বন্ধুরা	সপ্তাহের	5
বন্ধুরা	সপ্তাহের	মধ্যে	5
সপ্তাহের	মধ্যে	দুইটি	5
মধ্যে	দুইটি	ফুটবল	5
দুইটি	ফুটবল	ম্যাচ	5
ফুটবল	ম্যাচ	খেলতে	5
ম্যাচ	খেলতে	পারে	5
আমি	ফুটবল	খেলার	5
ফুটবল	খেলার	জন্য	5
খেলার	জন্য	প্রস্তুত	5
পছন্দের	ফুটবল	দল	5
ফুটবল	দল	আর্জেন্টিনা	5
ফুটবল	ম্যাচে	বিশ্বকাপ	5
ম্যাচে	বিশ্বকাপ	জয়	5
বিশ্বকাপ	জয়	করেছে	5
জয়	করেছে	ফ্রান্স	5
আমি	ফুটবলে	একটি	5
ফুটবলে	একটি	গোল	5
একটি	গোল	করেছি	5
ফুটবল	খেলা	আমার	5
খেলা	আমার	জীবনের	5
আমার	জীবনের	অংশ	5
আমি	প্রতিদিন	ফুটবল	5
প্রতিদিন	ফুটবল	খেলতে	5
ফুটবল	খেলতে	যাই	5
বার্সেলোনা	ফুটবল	ক্লাব	5
ফুটবল	ক্লাব	খুব	5
ক্লাব	খুব	জনপ্রিয়	5
আমি	ফুটবল	ম্যাচ	5
ফুটবল	ম্যাচ	দেখতে	5
ম্যাচ	দেখতে	খুব	5
দেখতে	খুব	ভালোবাসি	5
বাংলাদেশের	জনপ্রিয়	ফুটবলারগুলি	5
জনপ্রিয়	ফুটবলারগুলি	অনেক	5
ফুটবলারগুলি	অনেক	উচ্চ	5
অনেক	উচ্চ	মানের	5
উচ্চ	মানের	খেলোয়াড়	5
ফুটবল	খেলার	সময়	5
খেলার	সময়	আমি	5
সময়	আমি	আনন্দ	5
আমি	আনন্দ	পাই	5
আমি	ফুটবল	ম্যাচগুলি	5
ফুটবল	ম্যাচগুলি	দেখতে	5
ম্যাচগুলি	দেখতে	ভালোবাসি	5
আমি	ফুটবল	ম্যাচে	5
ফুটবল	ম্যাচে	উপস্থিত	5
ম্যাচে	উপস্থিত	হতে	5
উপস্থিত	হতে	চাই	5
ফুটবল	দল	বিশ্বসেরা	5
আমি	ব্রাজিল	ফুটবল	5
ব্রাজিল	ফুটবল	দলকে	5
ফুটবল	দল	একটি	5
দল	একটি	শক্তিশালী	5
একটি	শক্তিশালী	দল	5
ফুটবল	দল	বিশ্বকাপ	5
দল	বিশ্বকাপ	চ্যাম্পিয়ন	5
আমি	আর্জেন্টিনা	ফুটবল	5
আর্জেন্টিনা	ফুটবল	দলকে	5
আমি	বাংলাদেশ	ক্রিকেট	5
বাংলাদেশ	ক্রিকেট	দলকে	5
ক্রিকেট	দলকে	সমর্থন	5
বাংলাদেশ	ক্রিকেট	দল	5
ক্রিকেট	দল	শক্তিশালী	5
দল	শক্তিশালী	দলের	5
শক্তিশালী	দলের	মধ্যে	5
দলের	মধ্যে	একটি	5
মেঘনা	নদী	বাংলাদেশের	5
নদী	বাংলাদেশের	একটি	5
বাংলাদেশের	একটি	প্রধান	5
একটি	প্রধান	নদী	5
নীল	নদী	আফ্রিকার	5
নদী	আফ্রিকার	প্রধান	5
আফ্রিকার	প্রধান	নদীর	5
প্রধান	নদীর	একটি	5
আকাশের	নিচে	তোমার	5
নিচে	তোমার	হাত	5
তোমার	হাত	ধরে	5
হাত	ধরে	হেঁটে	5
ধরে	হেঁটে	যেতে	5
হেঁটে	যেতে	চাই	5
তোমার	সাথে	নীল	5
সাথে	নীল	আকাশের	5
আকাশের	নিচে	বসে	5
নিচে	বসে	গল্প	5
বসে	গল্প	করতে	5
গল্প	করতে	চাই	5
আমাজন	নদী	দুনিয়ার	5
নদী	দুনিয়ার	সবচেয়ে	5
দুনিয়ার	সবচেয়ে	বড়	5
সবচেয়ে	বড়	নদী	5
বড়	নদী	হিসাবে	5
নদী	হিসাবে	পরিচিত	5
আকাশের	নীল	রঙটি	5
নীল	রঙটি	অসাধারণ	5
আকাশে	তারাগুলি	আমাদেরকে	5
তারাগুলি	আমাদেরকে	আশা	5
আমাদেরকে	আশা	দেয়	5
আকাশে	মেঘের	কারণে	5
মেঘের	কারণে	বৃষ্টি	5
কারণে	বৃষ্টি	পড়ে	5
মাছগুলি	পানির	মধ্যে	5
পানির	মধ্যে	সুন্দর	5
তুমি	এখানে	থাকলে	5
এখানে	থাকলে	আমি	5
থাকলে	আমি	খুশি	5
আমি	সকালে	ঘুমিয়ে	5
সকালে	ঘুমিয়ে	উঠি	5
আমার	লাল	রঙের	5
লাল	রঙের	গাড়িটি	5
রঙের	গাড়িটি	গতকাল	5
গাড়িটি	গতকাল	চুরি	5
গতকাল	চুরি	হয়ে	5
চুরি	হয়ে	গেছে	5
আমার	বাসায়	গতকাল	5
বাসায়	গতকাল	রাতে	5
গতকাল	রাতে	চুরি	5
রাতে	চুরি	হয়েছে	5
আমার	গাড়ির	রঙ	5
গাড়ির	রঙ	হলো	5
রঙ	হলো	লাল	5
সহজ	ভাষায়	কথা	5
ভাষায়	কথা	বলা	5
কথা	বলা	উচিত	5
আপনার	সঙ্গে	আছি	5
আমার	আব্বু	বিদেশে	5
আমার	ছোটো	ভাই	5
ছোটো	ভাই	দুই	5
ভাই	দুই	মাস	5
দুই	মাস	পর	5
মাস	পর	বিদেশে	5
পর	বিদেশে	পড়ালেখা	5
বিদেশে	পড়ালেখা	করতে	5
পড়ালেখা	করতে	যাবে	5
বড়	বোন	আমাকে	5
বোন	আমাকে	অনেক	5
আমার	বড়	বোনকে	5
বড়	বোনকে	আমি	5
বোনকে	আমি	অনেক	5
আপনার	বড়	বোনের	5
বড়	বোনের	কি	5
বোনের	কি	বিয়ে	5
কি	বিয়ে	হয়ে	5
বিয়ে	হয়ে	গেছে	5
বড়	ভাইয়ের	নাম	5
ভাইয়ের	নাম	কি	5
ভাইয়ের	সাথে	আমার	5
আমার	বিয়ে	হওয়ার	5
হওয়ার	কথা	চলতাসে	5
বিদেশে	ঘুরতে	যাওয়া	5
ঘুরতে	যাওয়া	আমার	5
যাওয়া	আমার	স্বপ্ন	5
আমি	কখনই	তোমাকে	5
কখনই	তোমাকে	ভুলবো	5
তোমাকে	ভুলবো	না	5
তুমি	আমার	জীবনের	5
আমার	জীবনের	আলো	5
করা	ভালো	উপায়	5
পরীক্ষার	জন্য	সকালে	5
জন্য	সকালে	পড়াশোনা	5
পড়াশোনা	করে	প্রতিদিন	5
করে	প্রতিদিন	শুরু	5
প্রতিদিন	শুরু	করা	5
পড়াশোনা	করে	আমি	5
করে	আমি	আরামে	5
আমি	আরামে	মনোযোগ	5
আরামে	মনোযোগ	দিতে	5
মনোযোগ	দিতে	পারি	5
অনেকদিন	আগে	এক	5
আগে	এক	গ্রামে	5
এক	গ্রামে	এক	5
গ্রামে	এক	টুপি	5
এক	টুপি	বিক্রেতা	5
টুপি	বিক্রেতা	ছিলেন	5
তিনি	একদিন	পাশের	5
একদিন	পাশের	গ্রামে	5
পাশের	গ্রামে	গিয়ে	5
গ্রামে	গিয়ে	টুপি	5
গিয়ে	টুপি	বিক্রি	5
টুপি	বিক্রি	করছিলেন	5
তিনি	রাস্তা	দিয়ে	5
রাস্তা	দিয়ে	তার	5
দিয়ে	তার	গ্রামের	5
তার	গ্রামের	দিকে	5
গ্রামের	দিকে	ফিরছিলেন	5
সেই	সময়	পাশ	5
সময়	পাশ	দিয়ে	5
পাশ	দিয়ে	এক	5
দিয়ে	এক	শিয়াল	5
এক	শিয়াল	যাচ্ছিল	5
আমাকে	সেখানে	নিয়ে	5
সেখানে	নিয়ে	চলো	5
এরপর	থেকে	তারা	5
থেকে	তারা	দুজনই	5
তারা	দুজনই	সবজি	5
দুজনই	সবজি	বাগানে	5
সবজি	বাগানে	গিয়ে	5
বাগানে	গিয়ে	পেট	5
গিয়ে	পেট	ভরে	5
পেট	ভরে	খাবার	5
ভরে	খাবার	খেতো	5
এখন	তুমি	গান	5
তুমি	গান	গাইতে	5
গান	গাইতে	পারবে	5
গাইতে	পারবে	না	5
আমি	গান	গাইতে	5
গান	গাইতে	চাই	5
এখন	যদি	তুমি	5
যদি	তুমি	গান	5
তুমি	গান	গাও	5
গান	গাও	তবে	5
গাও	তবে	চাষী	5
তবে	চাষী	শুনতে	5
চাষী	শুনতে	পাবে	5
একদিন	নদীর	ধারে	5
নদীর	ধারে	একটি	5
ধারে	একটি	গাছে	5
একটি	গাছে	কাঠ	5
গাছে	কাঠ	কাটার	5
কাঠ	কাটার	সময়	5
কাটার	সময়	তার	5
সময়	তার	কুড়ালটি	5
তার	কুড়ালটি	নদীর	5
কুড়ালটি	নদীর	জলের	5
নদীর	জলের	মধ্যে	5
জলের	মধ্যে	পড়ে	5
মধ্যে	পড়ে	যায়	5
আমার	নীল	আকাশ	5
আকাশ	দেখতে	অনেক	5
দেখতে	অনেক	ভালো	5
তোমার	কি	নীল	5
কি	নীল	আকাশ	5
আকাশ	দেখতে	ভালো	5
আমার	পরীক্ষা	দিতে	5
পরীক্ষা	দিতে	একদমই	5
দিতে	একদমই	ভালো	5
আপনার	কি	পরীক্ষা	5
কি	পরীক্ষা	দিতে	5
পরীক্ষা	দিতে	ভালো	5
দিতে	ভালো	লাগে	5
আমি	ভালো	আছি	5
কী	করছেন	আপনি	5
করছেন	আপনি	এখন	5
আমি	একটি	বই	5
একটি	বই	পড়ছি	5
আপনি	কী	অন্যান্য	5
কী	অন্যান্য	বই	5
অন্যান্য	বই	পড়েছেন	5
তুমি	কি	সরকারি	5
কি	সরকারি	চাকরি	5
সরকারি	চাকরি	করছো	5
আমি	একজন	সরকারি	5
একজন	সরকারি	কর্মকর্তা	5
আমি	একজন	প্রফেশনাল	5
একজন	প্রফেশনাল	ব্লগার	5
প্রফেশনাল	ব্লগার	হয়ে	5
ব্লগার	হয়ে	কাজ	5
হয়ে	কাজ	করছি	5
তুমি	কোথায়	চাকরি	5
কোথায়	চাকরি	করছো	5
দূরে	কোথাও	যেখানে	5
কোথাও	যেখানে	কেউ	5
আমি	কেন	সবসময়	5
কেন	সবসময়	কষ্ট	5
সবসময়	কষ্ট	পাই	5
আমার	ভালোবাসায়	কম	5
ভালোবাসায়	কম	কি	5
কম	কি	ছিলো	5
কিন্তু	তাদের	মদ্ধে	5
তাদের	মদ্ধে	মিল	5
মদ্ধে	মিল	ছিলো	5
মিল	ছিলো	না	5
আমার	সাথে	এভাবে	5
সাথে	এভাবে	কথা	5
এভাবে	কথা	বলতে	5
আমরা	ঢাকায়	থাকি	5
আমি	ঢাকার	মিরপুরে	5
ঢাকার	মিরপুরে	থাকি	5
আমি	তার	চোথের	5
তার	চোথের	মায়ায়	5
চোথের	মায়ায়	পড়েছি	5
তার	হাসি	অনেক	5
হাসি	অনেক	সুন্দর	5
তার	পরিবারকে	ভালবাসে	5
তার	জন্য	আমি	5
জন্য	আমি	সব	5
কিছু	করতে	পারি	5
আমি	তাকে	ভালবাসি	5
তার	চুলগুলি	অনেক	5
চুলগুলি	অনেক	লম্বা	5
তাকে	কাজল	দিলে	5
কাজল	দিলে	অনেক	5
কি	আমায়	ভালোবাসো	5
আমায়	ভালোবাসো	না	5
তুমি	বুঝো	না	5
বুঝো	না	কেন	5
সে	গান	গাইতে	5
গান	গাইতে	পছন্দ	5
গাইতে	পছন্দ	করে	5
সে	যেই	মেয়েটিকে	5
যেই	মেয়েটিকে	ভালবাসে	5
মেয়েটিকে	ভালবাসে	ওই	5
ভালবাসে	ওই	মেয়েটি	5
ওই	মেয়েটি	ঢাকায়	5
মেয়েটি	ঢাকায়	থাকে	5
আপনি	যেই	ছেলেকে	5
যেই	ছেলেকে	ভালবাসেন	5
ছেলেকে	ভালবাসেন	সেই	5
ভালবাসেন	সেই	ছেলেটি	5
সেই	ছেলেটি	কি	5
ছেলেটি	কি	আপনাকে	5
কি	আপনাকে	ভালবাসে	5
সে	একটি	গাড়ি	5
একটি	গাড়ি	চুরি	5
গাড়ি	চুরি	করেছে	5
তোমার	সাথে	পৃথিবী	5
সাথে	পৃথিবী	ঘুরে	5
পৃথিবী	ঘুরে	আসতে	5
ঘুরে	আসতে	চাই	5
কিন্তু	আমিতো	তোমার	5
আমিতো	তোমার	সাথে	5
তোমার	সাথে	যাবো	5
সাথে	যাবো	না	5
কথা	শুনে	খুব	5
শুনে	খুব	ভালো	5
তোমার	ভালো	না	5
না	লাগলে	কিছু	5
লাগলে	কিছু	করার	5
ছবি	তোলার	পর	5
তোলার	পর	আমাকে	5
পর	আমাকে	কেমন	5
আমাকে	কেমন	লাগে	5
আমি	আজকে	অনেকদিন	5
আজকে	অনেকদিন	পর	5
অনেকদিন	পর	তার	5
পর	তার	সাথে	5
সে	দেখতে	অনেক	5
দেখতে	অনেক	সুন্দর	5
কিন্তু	সৌন্দর্যই	সবকিছু	5
সৌন্দর্যই	সবকিছু	না	5
তার	চোখ	হরিণের	5
চোখ	হরিণের	মতো	5
একটা	মেয়ে	আর	5
মেয়ে	আর	একটা	5
আর	একটা	ছেলে	5
একটা	ছেলে	একসাথে	5
ছেলে	একসাথে	খেলছে	5
কালো	কুকুরটা	ঘাসের	5
কুকুরটা	ঘাসের	মধ্যে	5
ঘাসের	মধ্যে	দিয়ে	5
মধ্যে	দিয়ে	ছুটছে	5
একটা	কালো	কুকুর	5
কালো	কুকুর	ঘাসের	5
কুকুর	ঘাসের	মধ্যে	5
ঘাসের	মধ্যে	দৌড়াচ্ছে	5
একটি	ছোট	কালো	5
ছোট	কালো	কুকুর	5
কালো	কুকুর	ঘাসে	5
কুকুর	ঘাসে	মধ্যে	5
ঘাসে	মধ্যে	শুয়ে	5
মধ্যে	শুয়ে	আছে	5
একদল	মহিলা	রাস্তায়	5
মহিলা	রাস্তায়	হাঁটছে	5
দরজার	কাছে	দুইজন	5
কাছে	দুইজন	বসে	5
দুইজন	বসে	গিটার	5
বসে	গিটার	বাজাচ্ছে	5
ফুটপাতে	একসঙ্গে	হাঁটছেন	5
একসঙ্গে	হাঁটছেন	তিন	5
হাঁটছেন	তিন	মহিলা	5
আম্মুর	জন্য	বেশি	5
জন্য	বেশি	খারাপ	5
বেশি	খারাপ	লাগছে	5
আমাদের	পরিবারে	আম্মুর	5
পরিবারে	আম্মুর	অবদানই	5
আম্মুর	অবদানই	বেশি	5
অবদানই	বেশি	বলে	5
বেশি	বলে	আমি	5
তোমাদের	জন্য	কিছু	5
কিছু	করতে	তো	5
করতে	তো	পারলামই	5
তো	পারলামই	না	5
পারলামই	না	উল্টো	5
না	উল্টো	পরিবারকে	5
উল্টো	পরিবারকে	শেষ	5
পরিবারকে	শেষ	করলাম	5
সবসময়	ভয়ে	ভয়ে	5
ভয়ে	ভয়ে	থাকতাম	5
ভয়ে	থাকতাম	গলা	5
থাকতাম	গলা	দিয়ে	5
গলা	দিয়ে	খাবার	5
দিয়ে	খাবার	নামতো	5
খাবার	নামতো	না	5
শেষ	করলাম	সবকিছু	5
যদিও	ক্ষমার	যোগ্য	5
ক্ষমার	যোগ্য	না	5
যোগ্য	না	আমি	5
না	আমি	পারলে	5
আমি	পারলে	ক্ষমা	5
পারলে	ক্ষমা	করে	5
ক্ষমা	করে	দিয়েন	5
আপনাদের	অযোগ্য	সন্তান	5
আল্লাহ	রহমতের	বৃষ্টি	5
রহমতের	বৃষ্টি	দাও	5
বৃষ্টির	জন্য	ঢাকায়	5
জন্য	ঢাকায়	কোথাও	5
ঢাকায়	কোথাও	নামাজ	5
কোথাও	নামাজ	পড়া	5
নামাজ	পড়া	হবে	5
পড়া	হবে	কি	5
পানির	জন্য	হাহাকার	5
জন্য	হাহাকার	আর	5
হাহাকার	আর	ভালো	5
আর	ভালো	লাগছে	5
উত্তরাতে	আমাদের	ভবনে	5
আমাদের	ভবনে	কোনোভাবেই	5
ভবনে	কোনোভাবেই	পানি	5
কোনোভাবেই	পানি	পাচ্ছি	5
পানি	পাচ্ছি	না	5
পাচ্ছি	না	আমরা	5
শুধু	এক	গাড়ি	5
এক	গাড়ি	পানি	5
গাড়ি	পানি	হলেও	5
পানি	হলেও	২টা	5
হলেও	২টা	দিন	5
২টা	দিন	চলা	5
দিন	চলা	যেতো	5
কোনোভাবেই	ওয়াসা	পানি	5
ওয়াসা	পানি	দিচ্ছে	5
করতে	পারি	বলুন	5
পারি	বলুন	এখন	5
বিদ্যুৎ	ছাড়া	না	5
ছাড়া	না	হয়	5
না	হয়	থাকা	5
হয়	থাকা	যায়	5
থাকা	যায়	কিন্তু	5
যায়	কিন্তু	পানি	5
কিন্তু	পানি	ছাড়া	5
পানি	ছাড়া	কিভাবে	5
ছাড়া	কিভাবে	থাকে	5
কিভাবে	থাকে	মানুষ	5
আজকে	জুম্মার	দিন	5
আমি	শুক্রবার	অনেক	5
শুক্রবার	অনেক	সকালে	5
অনেক	সকালে	উঠি	5
সে	অনেক	বেলা	5
অনেক	বেলা	করে	5
বেলা	করে	ঘুমায়	5
সে	আমাকে	একটি	5
আমাকে	একটি	উপহার	5
একটি	উপহার	দিয়েছে	5
আজকে	আমার	জন্মদিন	5
আমার	বয়স	বেশি	5
বয়স	বেশি	না	5
তার	চেয়ে	আমি	5
চেয়ে	আমি	দেখতে	5
আমি	দেখতে	সুন্দর	5
এইবার	কুরবানিতে	লাল	5
কুরবানিতে	লাল	গরু	5
লাল	গরু	কিনবো	5
সবকিছু	একসাথে	করা	5
একসাথে	করা	সম্ভব	5
তুমি	বিয়ে	করছো	5
বিয়ে	করছো	না	5
করছো	না	কেন	5
ভালো	মেয়ে	পাচ্ছি	5
মেয়ে	পাচ্ছি	না	5
ঘড়িতে	কয়টা	বাজে	5
আজকে	দুপুরে	আমাদের	5
দুপুরে	আমাদের	দাওয়াত	5
আমাদের	দাওয়াত	আছে	5
সবাই	কেমন	আছো	5
আজকে	কত	তারিখ	5
মন	ভালো	করতে	5
ভালো	করতে	তোমরা	5
করতে	তোমরা	কি	5
তোমরা	কি	কর	5
আমি	মাঝেমধ্যে	গান	5
মাঝেমধ্যে	গান	শুনি	5
আজকাল	পড়াশোনার	চাপ	5
পড়াশোনার	চাপ	অনেক	5
চাপ	অনেক	বেশি	5
তোমরা	কি	গল্পের	5
কি	গল্পের	বই	5
গল্পের	বই	পড়তে	5
বই	পড়তে	পছন্দ	5
পড়তে	পছন্দ	কর	5
তোমাদের	প্রিয়	লেখক	5
প্রিয়	লেখক	কে	5
আমার	প্রিয়	লেখক	5
প্রিয়	লেখক	হুমায়ুন	5
লেখক	হুমায়ুন	আহমেদ	5
ফুটবলে	তোমাদের	প্রিয়	5
তোমাদের	প্রিয়	দল	5
প্রিয়	দল	কোনটি	5
ব্রাজিল	ফুটবলের	সেরা	5
ফুটবলের	সেরা	দল	5
শুক্র	এবং	শনি	5
এবং	শনি	সাপ্তাহিক	5
শনি	সাপ্তাহিক	ছুটির	5
সাপ্তাহিক	ছুটির	দিন	5
রবিবার	থেকে	আমাদের	5
থেকে	আমাদের	বিশ্ববিদ্যালয়	5
আমাদের	বিশ্ববিদ্যালয়	ক্লাস	5
বিশ্ববিদ্যালয়	ক্লাস	শুরু	5
তুমি	ঢাকার	কোথায়	5
ঢাকার	কোথায়	থাকো	5
তোমাদের	গ্রামের	বাড়ি	5
গ্রামের	বাড়ি	কোথায়	5
তুমি	কি	সাঁতার	5
কি	সাঁতার	জানো	5
তুমি	কোন	ক্লাসে	5
কোন	ক্লাসে	পড়ো	5
বাংলাদেশের	প্রধানমন্ত্রীর	নাম	5
প্রধানমন্ত্রীর	নাম	কি	5
বাংলাদেশের	বর্তমান	প্রধানমন্ত্রী	5
বর্তমান	প্রধানমন্ত্রী	শেখ	5
প্রধানমন্ত্রী	শেখ	হাসিনা	5
অনেক	বড়লোক	হতে	5
বড়লোক	হতে	চাই	5
তুমি	কোন	বিষয়	5
কোন	বিষয়	পড়াশোনা	5
বিষয়	পড়াশোনা	করছো	5
বাহিরে	প্রচুর	গরম	5
প্রচুর	গরম	পড়েছে	5
আজকে	সারাদিন	বৃষ্টি	5
সারাদিন	বৃষ্টি	হয়েছে	5
ফেসবুক	একটি	জনপ্রিয়	5
একটি	জনপ্রিয়	যোগাযোগ	5
জনপ্রিয়	যোগাযোগ	মাধ্যম	5
জীবনে	উন্নতি	করতে	5
উন্নতি	করতে	গেলে	5
অনেক	সময়	অনেক	5
সময়	অনেক	বাঁধার	5
অনেক	বাঁধার	সম্মুখীন	5
বাঁধার	সম্মুখীন	হতে	5
সম্মুখীন	হতে	হয়	5
সকল	বাধা	পেরিয়ে	5
বাধা	পেরিয়ে	জীবনে	5
পেরিয়ে	জীবনে	সফল	5
জীবনে	সফল	হতে	5
সফল	হতে	হবে	5
আমি	চা	খেতে	5
চা	খেতে	পছন্দ	5
তাের	বইটা	কি	5
বইটা	কি	আমাকে	5
কি	আমাকে	দিতে	5
আমাকে	দিতে	পারিস	5
তােকে	ধন্যবাদ	এমন	5
ধন্যবাদ	এমন	ভালাে	5
এমন	ভালাে	একটি	5
ভালাে	একটি	বইয়ের	5
একটি	বইয়ের	খোজ	5
বইয়ের	খোজ	দেওয়ার	5
খোজ	দেওয়ার	জন্য	5
অসাধারণ	একটি	বই	5
একটি	বই	পড়েছি	5
এবারের	ছুটিতে	কক্সবাজার	5
ছুটিতে	কক্সবাজার	যাবো	5
আমার	গ্রামের	বাড়ি	5
গ্রামের	বাড়ি	যাব	5
বাড়ি	যাব	ঠিক	5
যাব	ঠিক	করেছি	5
গ্রামের	প্রকৃতি	অনেক	5
প্রকৃতি	অনেক	সুন্দর	5
নদীর	দুপাড়ের	মনোরম	5
দুপাড়ের	মনোরম	দৃশ্যে	5
মনোরম	দৃশ্যে	চোখ	5
দৃশ্যে	চোখ	জুড়িয়ে	5
চোখ	জুড়িয়ে	যায়	5
তোমার	মূল্যবান	বক্তব্যের	5
মূল্যবান	বক্তব্যের	জন্য	5
বক্তব্যের	জন্য	তোমাকে	5
জন্য	তোমাকে	অনেক	5
তোমাদের	সকলের	দোয়া	5
সকলের	দোয়া	চাই	5
সময়	যেন	আজ	5
যেন	আজ	আর	5
আজ	আর	কাটছেই	5
আর	কাটছেই	না	5
ছোটোবেলা	থেকেই	আমার	5
থেকেই	আমার	সাইকেল	5
আমার	সাইকেল	চালানোর	5
সাইকেল	চালানোর	অভ্যাস	5
স্কুলেও	সাইকেল	চালিয়ে	5
সাইকেল	চালিয়ে	যেতাম	5
চালিয়ে	যেতাম	মাঝে	5
যেতাম	মাঝে	মাঝে	5
ক্লাসে	আজ	কিছুতেই	5
আজ	কিছুতেই	মন	5
কিছুতেই	মন	বসছে	5
মন	বসছে	না	5
ছয়	ঋতুর	দেশ	5
ঋতুর	দেশ	বাংলাদেশ	5
বিদ্যুৎবিহীন	ঘরে	মােমবাতি	5
ঘরে	মােমবাতি	জ্বেলে	5
মােমবাতি	জ্বেলে	বসে	5
জ্বেলে	বসে	আছি	5
তােমার	বাসায়	বিদ্যুৎ	5
বাসায়	বিদ্যুৎ	থাকতে	5
বিদ্যুৎ	থাকতে	পারে	5
থাকতে	পারে	তাই	5
পারে	তাই	এদিকে	5
তাই	এদিকে	চলে	5
এদিকে	চলে	এলাম	5
হঠাৎ	করে	বিদ্যুৎ	5
করে	বিদ্যুৎ	চলে	5
বিদ্যুৎ	চলে	গেল	5
আধুনিক	সভ্যতাকে	বিজ্ঞান	5
সভ্যতাকে	বিজ্ঞান	উপহার	5
বিজ্ঞান	উপহার	দিয়েছে	5
উপহার	দিয়েছে	অনেক	5
দিয়েছে	অনেক	কিছু	5
কম্পিউটার	আধুনিক	বিজ্ঞান	5
আধুনিক	বিজ্ঞান	জগৎকে	5
বিজ্ঞান	জগৎকে	বিশেষভাবে	5
জগৎকে	বিশেষভাবে	সহজ	5
বিশেষভাবে	সহজ	করেছে	5
বাংলাদেশ	গ্রামপ্রধান	দেশ	5
আমাদের	গ্রামের	জনসংখ্যা	5
গ্রামের	জনসংখ্যা	প্রায়	5
জনসংখ্যা	প্রায়	চার	5
প্রায়	চার	হাজার	5
বিড়ালের	প্রিয়	খাদ্য	5
প্রিয়	খাদ্য	দুধ	5
বিড়াল	খুব	আরামপ্রিয়	5
খুব	আরামপ্রিয়	প্রাণী	5
বাংলাদেশের	জনসংখ্যার	অর্ধেকই	5
জনসংখ্যার	অর্ধেকই	নারী	5
পলিথিনের	ব্যবহার	মারাত্মক	5
ব্যবহার	মারাত্মক	রোগের	5
মারাত্মক	রোগের	সৃষ্টি	5
রোগের	সৃষ্টি	করতে	5
সৃষ্টি	করতে	পারে	5
ইলিশ	আমার	প্রিয়	5
আমার	প্রিয়	মাছ	5
পদ্মার	ইলিশ	খেতে	5
ইলিশ	খেতে	অনেক	5
ব্যস্ত	একটি	দিন	5
একটি	দিন	কাটালাম	5
রাতের	খাবারটি	সেরেই	5
খাবারটি	সেরেই	ঘুমিয়ে	5
সেরেই	ঘুমিয়ে	পড়লাম	5
এখন	পড়তে	বসবো	5
সকলের	কাছ	থেকে	5
কাছ	থেকে	বিদায়	5
থেকে	বিদায়	নিচ্ছি	5
আবার	দেখা	হবে	5
বাংলাদেশে	বিভিন্ন	দুর্যোগপ্রবণ	5
বিভিন্ন	দুর্যোগপ্রবণ	অঞ্চল	5
দুর্যোগপ্রবণ	অঞ্চল	রয়েছে	5
বিষয়টি	আসলেই	দুশ্চিন্তার	5
পড়তে	ইচ্ছা	করতেসে	5
ইচ্ছা	করতেসে	না	5
করতেসে	না	আজকে	5
তোমার	প্রিয়	বিষয়	5
প্রিয়	বিষয়	কি	5
গণিত	তোমার	কেমন	5
আমি	পড়াশোনায়	কাঁচা	5
আমাকে	সবাই	এক	5
সবাই	এক	নামে	5
এক	নামে	চিনে	5
তুমি	কি	গিয়েছিলে	5
তোমাার	প্রিয়	সবজি	5
প্রিয়	সবজি	কি	5
আমার	প্রিয়	সবজি	5
প্রিয়	সবজি	টোমেটো	5
চলো	একসাথে	গান	5
একসাথে	গান	গাই	5
চলো	একসাথে	মাছ	5
একসাথে	মাছ	ধরি	5
আপনি	আপনার	পরিবার	5
আপনার	পরিবার	সহ	5
পরিবার	সহ	আমাদের	5
সহ	আমাদের	বাসায়	5
আমাদের	বাসায়	আসবেন	5
আমাকে	আগে	দেখেছো	5
আমার	সাথে	নাচবা	5
তোমার	প্রিয়	গান	5
প্রিয়	গান	কোনটি	5
তোমার	প্রিয়	গায়ক	5
প্রিয়	গায়ক	কে	5
কালকে	ঘুড়ি	উরাবো	5
কি	আমায়	ভালবাসো	5
চলো	ঘুড়ি	উরাই	5
আমি	ছোটবেলায়	অনেক	5
ছোটবেলায়	অনেক	মেধাবী	5
অনেক	মেধাবী	ছিলাম	5
আমার	নৌকায়	ঘুরতে	5
নৌকায়	ঘুরতে	অনেক	5
জেলেরা	মাছ	ধরছে	5
আমি	আম	খাবো	5
আম	আমার	প্রিয়	5
আজকে	তোমার	ভাইকে	5
তোমার	ভাইকে	দেখলাম	5
তোমার	গানের	গলা	5
গানের	গলা	অনেক	5
গলা	অনেক	ভালো	5
আমি	তোমার	হাসির	5
তোমার	হাসির	প্রেমে	5
হাসির	প্রেমে	পড়েছি	5
তোমার	পরিবারে	কে	5
পরিবারে	কে	কে	5
কে	কে	আছে	5
আমি	তোমার	বাদামী	5
তোমার	বাদামী	চোখ	5
বাদামী	চোখ	জোড়া	5
চোখ	জোড়া	ভালোবাসি	5
তুমি	বিয়ে	করবে	5
বিয়ে	করবে	কতো	5
করবে	কতো	বছর	5
কতো	বছর	বয়সে	5
ক্রিকেট	খেলা	তোমার	5
খেলা	তোমার	কেমন	5
তোমার	বাবা	কি	5
বাবা	কি	করেন	5
তোমার	ভাই	কোথায়	5
ভাই	কোথায়	চাকরি	5
কোথায়	চাকরি	করেন	5
আমি	মুরগির	মাংস	5
মুরগির	মাংস	বেশি	5
মাংস	বেশি	পছন্দ	5
বেশি	পছন্দ	করি	5
তুমি	কি	খেতে	5
কি	খেতে	পছন্দ	5
খেতে	পছন্দ	করো	5
আমি	চিংড়ী	মাছ	5
চিংড়ী	মাছ	খেতে	5
মাছ	খেতে	পছন্দ	5
তোমার	সাথে	রাতে	5
সাথে	রাতে	সাগর	5
রাতে	সাগর	পাড়ে	5
সাগর	পাড়ে	দাঁড়ায়	5
পাড়ে	দাঁড়ায়	থাকতে	5
দাঁড়ায়	থাকতে	চাই	5
আজকে	তোমায়	দেখতে	5
তোমায়	দেখতে	আসবে	5
না	করে	দিও	5
করে	দিও	ছেলে	5
দিও	ছেলে	পক্ষকে	5
পারবো	না	না	5
না	না	করতে	5
তোমার	মনে	চাইলে	5
মনে	চাইলে	গিয়ে	5
চাইলে	গিয়ে	না	5
গিয়ে	না	করো	5
আমাকেে	একটা	গান	5
একটা	গান	শুনাবা	5
তুমি	কি	গল্প	5
কি	গল্প	লেখো	5
চা	অথবা	কফি	5
অথবা	কফি	কোনটা	5
কফি	কোনটা	বেশি	5
কোনটা	বেশি	পছন্দ	5
আমার	কফি	বেশি	5
কফি	বেশি	পছন্দ	5
বৃষ্টির	দিনে	রিক্সাতে	5
দিনে	রিক্সাতে	ঘুরতে	5
রিক্সাতে	ঘুরতে	ভালো	5
ঘুরতে	ভালো	লাগে	5
বৃষ্টির	দিনে	গরম	5
দিনে	গরম	গরম	5
গরম	গরম	খিচুড়ি	5
গরম	খিচুড়ি	আর	5
খিচুড়ি	আর	গরু	5
আর	গরু	মাংস	5
গরু	মাংস	খেতে	5
মাংস	খেতে	ভালো	5
বৃষ্টির	দিনে	চা	5
দিনে	চা	খেতে	5
চা	খেতে	ভালো	5
আমি	ছবি	তুলতে	5
ছবি	তুলতে	পছন্দ	5
তুলতে	পছন্দ	করি	5
আমাকে	একটি	বই	5
একটি	বই	উপহার	5
বই	উপহার	দিও	5
মানুষ	আসলে	বড়ই	5
আসলে	বড়ই	অদ্ভুত	5
আজকে	আমি	ছাতা	5
আমি	ছাতা	আনতে	5
ছাতা	আনতে	ভুলে	5
আনতে	ভুলে	গেছি	5
রাস্তায়	আজকে	অনেক	5
কালো	জামা	নাই	5
কালো	জামা	আছে	5
আমি	কী	বেশি	5
কী	বেশি	বিরক্ত	5
বেশি	বিরক্ত	করি	5
আমাকেতো	আর	ভালো	5
আমার	সাথে	তোমার	5
সাথে	তোমার	কোনো	5
তোমার	কোনো	সম্পর্ক	5
আমি	তোমাকে	চিনি	5
তোমাকে	চিনি	না	5
তুমি	আমার	প্রথম	5
আমার	প্রথম	বন্ধু	5
আজকের	আবহাওয়টা	অনেক	5
আবহাওয়টা	অনেক	সুন্দর	5
উনি	ভালো	মনের	5
ভালো	মনের	মানুষ	5
আমরা	এতটাও	ভালো	5
আমার	টাকা	নাই	5
শীতের	সকাল	অনেক	5
সকাল	অনেক	সুন্দর	5
মা	আমাকে	ভালবাসে	5
আমার	বন্ধুর	বিয়ে	5
বন্ধুর	বিয়ে	আজ	5
অল্প	সময়	ছিলো	5
সময়	ছিলো	সে	5
ছিলো	সে	তাতেই	5
সে	তাতেই	মায়ায়	5
তাতেই	মায়ায়	পরে	5
মায়ায়	পরে	আছি	5
বিয়ের	পর	তুমি	5
পর	তুমি	বদলে	5
তুমি	বদলে	গেছো	5
কবিতা	পড়তে	আমার	5
পড়তে	আমার	ভালো	5
মেয়ে	মানুষ	বড়ই	5
মানুষ	বড়ই	অদ্ভুত	5
আমি	কী	অনেক	5
কী	অনেক	মোটা	5
হ্যাঁ	তুমি	অনেক	5
তুমি	অনেক	মোটা	5
তুমি	কি	দেখছো	5
তোমার	দিকে	তাকিয়ে	5
দিকে	তাকিয়ে	আছি	5
তোমার	সৌন্দর্যোতা	দেখছি	5
পানির	অপর	নাম	5
অপর	নাম	জীবন	5
আজ	অনেক	মজা	5
অনেক	মজা	হল	5
আমার	বিয়েতে	দাওয়াত	5
বিয়েতে	দাওয়াত	রইলো	5
সবাই	হারিয়ে	যায়	5
আমার	কোনো	বন্ধু	5
কোনো	বন্ধু	নেই	5
এই	পৃথিবীতে	আমি	5
পৃথিবীতে	আমি	বড্ড	5
আমি	বড্ড	একা	5
তুমি	রান্না	করতে	5
রান্না	করতে	পারো	5
তোমার	হাতের	লেখা	5
হাতের	লেখা	অনেক	5
লেখা	অনেক	সুন্দর	5
আমি	গল্পের	বই	5
গল্পের	বই	কিনবো	5
আমি	আজকে	ঢাকায়	5
আজকে	ঢাকায়	যাবো	5
ঢাকায়	আমার	চাকরি	5
আমার	চাকরি	হয়েছে	5
চাকরি	করতে	আর	5
মা	আমার	অনেক	5
আমার	অনেক	যত্ন	5
অনেক	যত্ন	নেয়	5
আমার	মায়ের	রান্না	5
মায়ের	রান্না	অনেক	5
রান্না	অনেক	মজার	5
বিয়েতে	আমার	মত	5
আমার	মত	নাই	5
পাহাড়ের	চূড়ায়	উঠতে	5
চূড়ায়	উঠতে	চাই	5
এক	পাশে	সাগর	5
পাশে	সাগর	এক	5
সাগর	এক	পাশে	5
এক	পাশে	বালি	5
তোমার	ছেলে	অনেক	5
ছেলে	অনেক	দুষ্টু	5
কালকে	থেকে	পড়তে	5
থেকে	পড়তে	বসবো	5
আমার	ঘড়ীটা	খুজে	5
ঘড়ীটা	খুজে	পাচ্ছি	5
মানুুষ	অনেক	স্বার্থপর	5
কিন্তু	কিছু	মানুষ	5
মানুষ	অনেক	ভালো	5
আমি	তাদেরই	একজন	5
তাদেরই	একজন	হতে	5
একজন	হতে	চাই	5
তোমার	পরিবারে	কি	5
পরিবারে	কি	আমায়	5
কি	আমায়	মেনে	5
আমায়	মেনে	নিবে	5
তুমি	অনেক	যত্নশীল	5
তোমাদের	পরীক্ষা	কবে	5
খেলার	মাঠে	আজকে	5
মাঠে	আজকে	অনেক	5
তুমি	ভালো	আছো	5
তোমাকে	ছাড়া	আমি	5
ছাড়া	আমি	ভালো	5
বিপদ	বলে	কয়ে	5
বলে	কয়ে	আসে	5
কয়ে	আসে	না	5
ছেলেটির	রাগ	অনেক	5
আমি	একজন	খারাপ	5
একজন	খারাপ	মানুষ	5
কি	চাও	আমি	5
চাও	আমি	চলে	5
আমি	চলে	যাই	5
আমি	চাই	তুমি	5
চাই	তুমি	সবসময়	5
তুমি	সবসময়	আমার	5
সবসময়	আমার	সাথে	5
আমার	সাথে	থাকো	5
কিন্তু	এইটা	কোনদিনও	5
এইটা	কোনদিনও	সম্ভব	5
কোনদিনও	সম্ভব	না	5
তুমি	কি	বিয়েতে	5
কি	বিয়েতে	রাজি	5
আমি	রাজি	না	5
পাখিটা	দেখতে	সুন্দর	5
লাল	রঙের	শাড়িতে	5
রঙের	শাড়িতে	তোমায়	5
শাড়িতে	তোমায়	ভালো	5
তোমায়	ভালো	মানাবে	5
নীল	রঙ	আমার	5
আমার	অনেক	পছন্দ	5
তোমায়	ভালবাসি	না	5
কেন	ভালোবাসো	না	5
ভালোবাসো	না	আমায়	5
আমার	মধ্যে	সমস্যা	5
মধ্যে	সমস্যা	আছে	5
আমার	মাথা	গরম	5
আমি	বদমেজাজি	লোক	5
বেশী	কথা	আমার	5
কথা	আমার	পছন্দ	5
তুমি	বোকা	একজন	5
বোকা	একজন	মানুষ	5
তুমি	বেশী	কথা	5
তুমি	অল্প	কথা	5
অল্প	কথা	বলো	5
সকালে	চা	খাই	5
চা	খাই	নাই	5
সকালে	আমার	বন্ধুদের	5
সাথে	ঘুরতে	গিয়েছিলাম	5
সকালে	আমার	বন্ধুর	5
আমার	বন্ধুর	সাথে	5
বন্ধুর	সাথে	ঝগড়া	5
সাথে	ঝগড়া	করেছি	5
আমার	বন্ধু	আমার	5
বন্ধু	আমার	সব	5
মনোযোগ	দিয়ে	শুনে	5
আমার	বন্ধু	হয়ত	5
বন্ধু	হয়ত	আমাকে	5
হয়ত	আমাকে	অনেক	5
আমার	একটি	বিড়াল	5
একটি	বিড়াল	আছে	5
আমার	বিড়ালের	নাম	5
বিড়ালের	নাম	মিনু	5
আমি	আমার	বিড়ালের	5
আমার	বিড়ালের	সাথে	5
বিড়ালের	সাথে	খেলতে	5
সাথে	খেলতে	অনেক	5
খেলতে	অনেক	ভালবাসি	5
এই	১৪	টি	5
১৪	টি	বছরে	5
টি	বছরে	আজও	5
বছরে	আজও	কোন	5
আজও	কোন	কারনে	5
কোন	কারনে	উনি	5
কারনে	উনি	আমাকে	5
উনি	আমাকে	তুই	5
আমাকে	তুই	বলে	5
তুই	বলে	ডাকেনি	5
কখনো	গায়ে	হাত	5
হাত	তুলে	নি	5
এত	তাড়াতাড়ি	শেষ	5
বুঝতেছিনা	কি	করবো	5
দুই	বিয়ে	হয়েছে	5
একজন	মেয়ে	মানুষ	5
আমার	দ্বিতীয়	বিয়ে	5
দ্বিতীয়	বিয়ে	নিয়ে	5
বিয়ে	নিয়ে	আমার	5
নিয়ে	আমার	নিজের	5
আমার	নিজের	কাকারা	5
নিজের	কাকারা	মামারা	5
কাকারা	মামারা	খোঁচা	5
মামারা	খোঁচা	মেরে	5
মেরে	কথা	বলে	5
কিন্তু	আজ	পর্যন্ত	5
আজ	পর্যন্ত	আমার	5
পর্যন্ত	আমার	স্বামী	5
স্বামী	আমাকে	খোঁচা	5
আমাকে	খোঁচা	মেরে	5
ভাবছি	আপন	লোক	5
আপন	লোক	কি	5
লোক	কি	এমনই	5
কি	এমনই	হয়	5
আমার	আপন	লোক	5
আপন	লোক	গুলোই	5
লোক	গুলোই	এমন	5
আমার	আর	বাঁচতে	5
আর	বাঁচতে	ইচ্ছে	5
বাঁচতে	ইচ্ছে	করেনা	5
ইচ্ছে	করেনা	জানেন	5
আমার	প্রথম	বিয়ে	5
প্রথম	বিয়ে	আমাকে	5
বিয়ে	আমাকে	জোর	5
আমাকে	জোর	করে	5
জোর	করে	দেয়	5
সেখানে	ছেলে	অনেক	5
ছেলে	অনেক	কিপটা	5
অনেক	কিপটা	ছিলো	5
কিপটা	ছিলো	আমি	5
ছিলো	আমি	দুইবেলা	5
আমি	দুইবেলা	ভাত	5
ভাত	খেতে	পারতাম	5
খেতে	পারতাম	না	5
দ্বিতীয়	বিয়েতে	আমি	5
বিয়েতে	আমি	কল্পনার	5
এইগুলো	দেখেও	সবাই	5
দেখেও	সবাই	না	5
সবাই	না	দেখার	5
দেখার	ভান	করে	5
খোঁচা	মারার	মতো	5
মারার	মতো	কথা	5
মতো	কথা	আছেই	5
কথা	আছেই	যে	5
আছেই	যে	আমার	5
যে	আমার	দুই	5
আমার	সুখ	দেখে	5
সুখ	দেখে	আবার	5
দেখে	আবার	তাদের	5
আবার	তাদের	সহ্য	5
তাদের	সহ্য	হয়না	5
বিয়ে	করার	পাঁচ	5
করার	পাঁচ	বছর	5
পাঁচ	বছর	পর	5
বছর	পর	এখন	5
পর	এখন	আমি	5
এখন	আমি	স্মার্ট	5
আমি	স্মার্ট	হইসি	5
প্রথম	প্রথম	বউ	5
প্রথম	বউ	এর	5
বউ	এর	অনেক	5
এর	অনেক	প্রশ্নের	5
অনেক	প্রশ্নের	সঠিক	5
সঠিক	উত্তর	দিয়ে	5
উত্তর	দিয়ে	বিপদে	5
দিয়ে	বিপদে	পড়তাম	5
বিশাল	ক্যাচাল	লেগে	5
ক্যাচাল	লেগে	যেতো	5
এরপর	ঠিক	করলাম	5
ঠিক	করলাম	তেল	5
করলাম	তেল	মারা	5
তেল	মারা	উত্তর	5
মারা	উত্তর	দিবো	5
এতে	ও	লাভ	5
ও	লাভ	হলো	5
ক্যাচাল	থামলো	না	5
হালকা	পাতলা	লাভ	5
পাতলা	লাভ	হচ্ছে	5
বউ	খাবার	সময়	5
খাবার	সময়	বেশ	5
বেশ	হাসি	মুখে	5
হাসি	মুখে	বল্লো	5
মুখে	বল্লো	রান্না	5
বল্লো	রান্না	কেমন	5
রান্না	কেমন	হয়েছে	5
খাবারে	আরেকটু	রসুন	5
আরেকটু	রসুন	দিলে	5
রসুন	দিলে	বেশী	5
দিলে	বেশী	মজা	5
বেশী	মজা	হতো	5
লবণ	একটু	কম	5
একটু	কম	হয়েছে	5
তোমার	খাওয়া	লাগবে	5
খাওয়া	লাগবে	না	5
আমি	তো	আসলে	5
তো	আসলে	কিছুই	5
আসলে	কিছুই	পারি	5
কিছুই	পারি	না	5
বউ	এর	চোখ	5
এর	চোখ	ছলছল	5
তুমি	আমাকে	আর	5
কত	অবাক	করবা	5
এক	চামচ	খেয়েই	5
চামচ	খেয়েই	এতো	5
খেয়েই	এতো	কথা	5
এতো	কথা	বলে	5
কথা	বলে	দিলা	5
চাপাবাজি	টা	একটু	5
টা	একটু	কমাও	5
আমি	তো	ভাবলাম	5
তো	ভাবলাম	শাশুড়ি	5
ভাবলাম	শাশুড়ি	আম্মা	5
শাশুড়ি	আম্মা	আমার	5
আমার	জন্য	রান্না	5
জন্য	রান্না	করে	5
রান্না	করে	পাঠিয়েছেন	5
তোমার	রান্না	তো	5
রান্না	তো	পুরা	5
তো	পুরা	আম্মার	5
পুরা	আম্মার	মতো	5
আরেক	টু	খাও	5
টু	খাও	এক	5
খাও	এক	চামুচ	5
এক	চামুচ	দেই	5
মেকআপ	টা	কেমন	5
টা	কেমন	হইসে	5
হয়ে	গেসে	কম	5
গেসে	কম	হলে	5
বউ	মেকআপ	তুলতে	5
মেকআপ	তুলতে	তুলতে	5
তুলতে	তুলতে	যাবোই	5
তুলতে	যাবোই	না	5
যাবোই	না	আজ	5
আমি	তো	মেকআপই	5
তো	মেকআপই	দিতে	5
মেকআপই	দিতে	পারি	5
দিতে	পারি	না	5
তুমি	যাও	একা	5
যাও	একা	একা	5
পার্টি	তে	গিয়ে	5
তে	গিয়ে	সুন্দরি	5
গিয়ে	সুন্দরি	দের	5
সুন্দরি	দের	সাথে	5
দের	সাথে	ঢং	5
সাথে	ঢং	করে	5
ঢং	করে	আসো	5
কিভাবে	এতো	জোস	5
এতো	জোস	মেকআপ	5
জোস	মেকআপ	করো	5
আমার	দিকে	তো	5
দিকে	তো	আর	5
তো	আর	তাকাও	5
আর	তাকাও	না	5
তাকাও	না	চোখ	5
না	চোখ	থাকে	5
আমি	বেশ	কিছুক্ষন	5
বেশ	কিছুক্ষন	তাঁর	5
কিছুক্ষন	তাঁর	মুখের	5
তাঁর	মুখের	দিকে	5
দিকে	তাকিয়ে	থাকলাম	5
তুমি	এতো	কিছু	5
এতো	কিছু	বুঝো	5
কিছু	বুঝো	কিভাবে	5
শাড়িটা	আমাকে	কেমন	5
আমাকে	কেমন	মানিয়েছে	5
সবুজ	শাড়িটা	পড়লে	5
শাড়িটা	পড়লে	দারুন	5
পড়লে	দারুন	লাগতো	5
সবুজ	শাড়ি	কি	5
শাড়ি	কি	তোমার	5
কি	তোমার	এক্স	5
তোমার	এক্স	কোনো	5
এক্স	কোনো	গার্লফ্রেন্ডের	5
কোনো	গার্লফ্রেন্ডের	পছন্দের	5
গার্লফ্রেন্ডের	পছন্দের	রঙ	5
এই	সব	তেল	5
সব	তেল	আমাকে	5
তেল	আমাকে	দিবা	5
আমাকে	দিবা	না	5
দিবা	না	বিরক্ত	5
না	বিরক্ত	লাগে	5
মাথায়	রেখো	বিয়ে	5
রেখো	বিয়ে	বাড়িতে	5
বিয়ে	বাড়িতে	যাচ্ছো	5
বউ	এর	চেয়ে	5
এর	চেয়ে	তোমাকে	5
চেয়ে	তোমাকে	বেশী	5
তোমাকে	বেশী	সুন্দর	5
বেশী	সুন্দর	লাগলে	5
সুন্দর	লাগলে	কিন্তু	5
লাগলে	কিন্তু	সমস্যা	5
বিবাহিত	জীবনে	সুখে	5
জীবনে	সুখে	থাকুন	5
আমার	স্বামী	মদ	5
স্বামী	মদ	খায়	5
মদ	খায়	রাতের	5
খায়	রাতের	পর	5
পর	রাত	বন্ধুদের	5
রাত	বন্ধুদের	সাথে	5
আমি	এটা	স্বাভাবিকভাবে	5
এটা	স্বাভাবিকভাবে	নিয়েছিলাম	5
পড়ার	পরেও	স্বীকার	5
পরেও	স্বীকার	না	5
স্বীকার	না	করে	5
না	করে	উল্টা	5
করে	উল্টা	আমার	5
উল্টা	আমার	গায়ে	5
আমার	গায়ে	হাত	5
এখন	তাকে	আর	5
তাকে	আর	ছাড়	5
আর	ছাড়	দেওয়া	5
ছাড়	দেওয়া	যাবে	5
যে	মানুষ	গায়ে	5
মানুষ	গায়ে	হাত	5
হাত	তোলে	অন্য	5
তোলে	অন্য	মেয়েদের	5
অন্য	মেয়েদের	সাথে	5
মেয়েদের	সাথে	কথা	5
কথা	বলে	ঘরে	5
বলে	ঘরে	বউ	5
ঘরে	বউ	রেখে	5
এমন	পুরুষদের	সাথে	5
পুরুষদের	সাথে	সংসার	5
সাথে	সংসার	যায়	5
সংসার	যায়	না	5
কোন	মানুষের	প্রতি	5
মানুষের	প্রতি	একবার	5
প্রতি	একবার	বিশ্বাস	5
একবার	বিশ্বাস	উঠে	5
বিশ্বাস	উঠে	গেলে	5
উঠে	গেলে	অভিনয়	5
গেলে	অভিনয়	করে	5
অভিনয়	করে	বেশি	5
করে	বেশি	দিন	5
বেশি	দিন	সেখানে	5
দিন	সেখানে	থাকা	5
সেখানে	থাকা	যায়	5
থাকা	যায়	না	5
আর	সহ্য	না	5
সহ্য	না	করতে	5
না	করতে	পেরে	5
করতে	পেরে	আপনাদের	5
পেরে	আপনাদের	কাছে	5
আপনাদের	কাছে	সঠিক	5
কাছে	সঠিক	পরার্মশ	5
সঠিক	পরার্মশ	চাচ্ছি	5
আমার	বাবা	পুলিশে	5
বাবা	পুলিশে	আছেন	5
পুলিশে	আছেন	তো	5
আছেন	তো	মায়ের	5
তো	মায়ের	সাথে	5
মায়ের	সাথে	বিয়ের	5
সাথে	বিয়ের	পর	5
পর	থেকেই	তিনি	5
থেকেই	তিনি	পরকীয়ায়	5
তিনি	পরকীয়ায়	আসক্ত	5
পরকীয়ায়	আসক্ত	ছিলেন	5
আম্মু	অনেক	সহ্য	5
অনেক	সহ্য	করে	5
সহ্য	করে	এতো	5
করে	এতো	বছর	5
এতো	বছর	সংসার	5
বছর	সংসার	করে	5
সংসার	করে	গেছেন	5
এর	মধ্যে	অনেক	5
মধ্যে	অনেক	সময়	5
অনেক	সময়	ভালো	5
সময়	ভালো	হয়ে	5
ভালো	হয়ে	যেত	5
হয়ে	যেত	আবার	5
যেত	আবার	খারাপ	5
আবার	খারাপ	হয়ে	5
খারাপ	হয়ে	যেত	5
শেষ	বয়সে	এসে	5
বয়সে	এসে	সে	5
এসে	সে	এখন	5
সে	এখন	এমন	5
এখন	এমন	একটা	5
এমন	একটা	জঘন্য	5
একটা	জঘন্য	কাজ	5
জঘন্য	কাজ	করলো	5
সে	২য়	বিয়ে	5
২য়	বিয়ে	করছে	5
বিয়ে	করছে	একটা	5
করছে	একটা	বিবাহিত	5
একটা	বিবাহিত	মহিলাকে	5
সে	দ্বিতীয়	বিয়ে	5
দ্বিতীয়	বিয়ে	করে	5
বিয়ে	করে	শান্তি	5
করে	শান্তি	পায়	5
শান্তি	পায়	নি	5
বাবার	কাছে	আমার	5
কাছে	আমার	মায়ের	5
আমার	মায়ের	নামে	5
মায়ের	নামে	অনেক	5
নামে	অনেক	উল্টা	5
অনেক	উল্টা	পল্টা	5
উল্টা	পল্টা	কথা	5
পল্টা	কথা	বলে	5
আমি	একটা	পাবলিক	5
একটা	পাবলিক	বিশ্ববিদ্যায়ের	5
পাবলিক	বিশ্ববিদ্যায়ের	পড়াশোনা	5
বিশ্ববিদ্যায়ের	পড়াশোনা	করছি	5
সে	এখন	আমার	5
এখন	আমার	পড়াশোনার	5
ঐ	মহিলা	আর	5
মহিলা	আর	সে	5
আর	সে	মিলে	5
সে	মিলে	আমাকে	5
মিলে	আমাকে	গালিগালাজ	5
আমাকে	গালিগালাজ	করতে	5
গালিগালাজ	করতে	থাকে	5
আমি	তোর	পড়াশোনার	5
তোর	পড়াশোনার	কোনো	5
পড়াশোনার	কোনো	খরচ	5
কোনো	খরচ	দিবো	5
খরচ	দিবো	না	5
দয়া	করে	সঠিক	5
করে	সঠিক	পরার্মশ	5
সঠিক	পরার্মশ	দিয়ে	5
পরার্মশ	দিয়ে	একটু	5
দিয়ে	একটু	সাহায্য	5
একটু	সাহায্য	করুন	5
আমি	কী	করতে	5
২৮	বছর	ধরে	5
বছর	ধরে	আমার	5
ধরে	আমার	মা	5
আমার	মা	কষ্ট	5
মা	কষ্ট	করে	5
কষ্ট	করে	গেছেন	5
অন্যদিকে	এতো	অন্যায়	5
এতো	অন্যায়	করার	5
অন্যায়	করার	পরও	5
করার	পরও	আমার	5
পরও	আমার	বাবা	5
আমার	বাবা	আর	5
বাবা	আর	ঐ	5
আর	ঐ	মহিলা	5
ঐ	মহিলা	অনেক	5
মহিলা	অনেক	সুখে	5
অনেক	সুখে	আছেন	5
আপনাদের	থেকে	কিছু	5
থেকে	কিছু	ভালো	5
কিছু	ভালো	পরামর্শ	5
ভালো	পরামর্শ	নিতে	5
পরামর্শ	নিতে	আসলাম	5
আমি	একজন	অবিবাহিতা	5
ছোট	থেকে	নানার	5
থেকে	নানার	বাসায়	5
নানার	বাসায়	বড়	5
বাসায়	বড়	হয়েছি	5
এখন	নানার	বাসায়ই	5
নানার	বাসায়ই	থাকি	5
আমাদের	যৌথ	পরিবার	5
যৌথ	পরিবার	ছিল	5
পরিবার	ছিল	নানার	5
ছিল	নানার	বাসায়	5
আমার	আব্বু	আগে	5
আব্বু	আগে	নেশায়	5
আমাদের	সাথে	আমার	5
সাথে	আমার	আব্বু	5
আমার	আব্বু	তেমন	5
আব্বু	তেমন	সময়	5
তেমন	সময়	কাটাতো	5
সময়	কাটাতো	না	5
আব্বু	সারাদিন	বাহিরে	5
বাহিরে	বাহিরে	থাকত	5
আমি	তখন	অনেক	5
তখন	অনেক	ছোট	5
অনেক	ছোট	ছিলাম	5
ফুফু	চাচারাও	আমাদের	5
চাচারাও	আমাদের	দেখতে	5
আমাদের	দেখতে	পারত	5
দেখতে	পারত	না	5
আম্মুই	আমাকে	আর	5
আমাকে	আর	ভাইকে	5
আর	ভাইকে	বড়	5
ভাইকে	বড়	করছে	5
বড়	করছে	অনেক	5
করছে	অনেক	কষ্ট	5
আমাকে	আগে	সবাই	5
আগে	সবাই	আদর	5
সবাই	আদর	করত	5
যত	বড়	হলাম	5
বড়	হলাম	সবার	5
হলাম	সবার	চোখে	5
সবার	চোখে	এক	5
চোখে	এক	প্রকার	5
এক	প্রকার	বিশ	5
প্রকার	বিশ	এর	5
বিশ	এর	মত	5
মত	হয়ে	গেলাম	5
হয়ে	গেলাম	আমি	5
আগের	তুলনায়	আব্বু	5
তুলনায়	আব্বু	অনেক	5
আব্বু	অনেক	ভালো	5
অনেক	ভালো	হয়ছেন	5
আমার	খালামুনির	বিয়ে	5
খালামুনির	বিয়ে	হইছে	5
বিয়ে	হইছে	২০১৫তে	5
আমার	খালামুনির	দুইটা	5
খালামুনির	দুইটা	ছেলে	5
দুইটা	ছেলে	আছে	5
বিয়ের	আগে	খালামুনিই	5
আগে	খালামুনিই	আমাকে	5
খালামুনিই	আমাকে	বড়	5
আমাকে	বড়	করছে	5
আম্মু	কিছু	হলেই	5
কিছু	হলেই	আমাকে	5
হলেই	আমাকে	মার	5
আমাকে	মার	ধর	5
মার	ধর	করে	5
আমার	আব্বু	যে	5
আব্বু	যে	এত	5
যে	এত	খারাপ	5
এত	খারাপ	কখনো	5
খারাপ	কখনো	ফুলের	5
কখনো	ফুলের	টোকাও	5
ফুলের	টোকাও	দেয়	5
টোকাও	দেয়	নাই	5
একজন	ছেলে	বর্তমানে	5
ছেলে	বর্তমানে	বাংলাদেশ	5
বর্তমানে	বাংলাদেশ	নেভীতে	5
বাংলাদেশ	নেভীতে	কর্মরত	5
নেভীতে	কর্মরত	আছি	5
আমি	৪	মাস	5
৪	মাস	আগে	5
মাস	আগে	পরিবারের	5
আগে	পরিবারের	পছন্দে	5
পছন্দে	বিয়ে	করেছি	5
আমি	সকাল	৮	5
সকাল	৮	টাই	5
৮	টাই	ডিউটিতে	5
টাই	ডিউটিতে	চলে	5
ডিউটিতে	চলে	যাই	5
আমার	স্ত্রী	একদিনও	5
স্ত্রী	একদিনও	সময়মতো	5
একদিনও	সময়মতো	টেবিলে	5
সময়মতো	টেবিলে	খাবার	5
টেবিলে	খাবার	দিতে	5
খাবার	দিতে	পারে	5
পারে	না	অনেক	5
অনেক	সময়	বাইরে	5
সময়	বাইরে	গিয়ে	5
বাইরে	গিয়ে	নাস্তা	5
গিয়ে	নাস্তা	করি	5
সে	এতো	সকালে	5
এতো	সকালে	নাকি	5
সকালে	নাকি	উঠতে	5
নাকি	উঠতে	পারে	5
সে	তার	বাপের	5
তার	বাপের	বাড়িতে	5
বাপের	বাড়িতে	থাকতে	5
বাড়িতে	থাকতে	নাকি	5
থাকতে	নাকি	১০	5
নাকি	১০	টার	5
১০	টার	আগে	5
টার	আগে	ঘুম	5
আগে	ঘুম	থেকে	5
ঘুম	থেকে	উঠতো	5
থেকে	উঠতো	নাহ	5
সে	প্রচন্ড	অলস	5
সারাদিন	বাসায়	বসে	5
বাসায়	বসে	ফেইসবুক	5
বসে	ফেইসবুক	টিকটকে	5
ফেইসবুক	টিকটকে	সময়	5
টিকটকে	সময়	কাটে	5
সময়	কাটে	তার	5
আমাদের	মধ্যে	প্রায়সময়	5
মধ্যে	প্রায়সময়	ঝগড়া	5
প্রায়সময়	ঝগড়া	হয়	5
আমি	খুব	সমস্যায়	5
খুব	সমস্যায়	আছি	5
দিন	দিন	হতাশার	5
দিন	হতাশার	মধ্যে	5
হতাশার	মধ্যে	ডুবে	5
মধ্যে	ডুবে	যাচ্ছি	5
ডুবে	যাচ্ছি	এর	5
যাচ্ছি	এর	মুক্তি	5
এর	মুক্তি	পাবো	5
মুক্তি	পাবো	কিভাবে	5
আমি	সত্যিই	খুব	5
সত্যিই	খুব	অসহায়	5
খুব	অসহায়	বোধ	5
অসহায়	বোধ	করতেছি	5
একটা	মেয়ে	ছয়টা	5
মেয়ে	ছয়টা	ছেলের	5
ছয়টা	ছেলের	সাথে	5
ছেলের	সাথে	প্রেম	5
সাথে	প্রেম	করছে	5
ভিডিও	বানানোর	কী	5
বানানোর	কী	দরকার	5
মনে	হয়	মেয়েদের	5
হয়	মেয়েদের	একাধিক	5
মেয়েদের	একাধিক	ডেট	5
একাধিক	ডেট	করা	5
ডেট	করা	উচিত	5
এমন	করতেসে	কেন	5
করতেসে	কেন	বসে	5
কেন	বসে	বসে	5
তিনি	হিসেব	মেলাতে	5
হিসেব	মেলাতে	পারছেন	5
মেলাতে	পারছেন	না	5
এ	কী	করে	5
কী	করে	সম্ভব	5
থেকে	উঠে	আমাকে	5
উঠে	আমাকে	কল	5
আমাকে	কল	দিও	5
তুমি	এত	ঘুমায়	5
এত	ঘুমায়	কেন	5
তোমার	এত	ঘুম	5
এত	ঘুম	আসে	5
ঘুম	আসে	কেন	5
সাথে	আমার	জরুরি	5
আমার	জরুরি	কথা	5
একটা	স্বাভাবিক	মানুষ	5
স্বাভাবিক	মানুষ	এত	5
মানুষ	এত	ঘুমায়	5
এত	ঘুমায়	না	5
আমার	সকালে	উঠেই	5
সকালে	উঠেই	চা	5
উঠেই	চা	খাওয়ার	5
চা	খাওয়ার	অভ্যাস	5
আমার	সন্ধায়	কফি	5
সন্ধায়	কফি	খাওয়ার	5
কফি	খাওয়ার	অভ্যাস	5
খাওয়ার	অভ্যাস	আছে	5
তুমি	দুপুরে	কি	5
দুপুরে	কি	দিয়ে	5
কি	দিয়ে	ভাত	5
দিয়ে	ভাত	খেয়েছ	5
তুমি	কি	রাতের	5
কি	রাতের	বেলা	5
রাতের	বেলা	বাহিরে	5
বেলা	বাহিরে	বের	5
বাহিরে	বের	হবে	5
আপনার	সব	থেকে	5
সব	থেকে	কাছে	5
থেকে	কাছে	মানুষটি	5
কাছে	মানুষটি	কে	5
কথা	বলতে	অনেক	5
বলতে	অনেক	ভালো	5
ভালো	লাগে	আমার	5
আমার	অনেক	খারাপ	5
অনেক	খারাপ	লাগছে	5
মনে	হয়	যে	5
হয়	যে	আমি	5
যে	আমি	কিছুই	5
আমি	কিছুই	মনে	5
কিছুই	মনে	রাখতে	5
মনে	রাখতে	পারছি	5
রাখতে	পারছি	না	5
আমার	ছোটো	বোন	5
ছোটো	বোন	নানার	5
বোন	নানার	বাড়ীতে	5
নানার	বাড়ীতে	ঘুরতে	5
বাড়ীতে	ঘুরতে	গিয়েছে	5
সে	পরের	মাসে	5
পরের	মাসে	বিদেশ	5
মাসে	বিদেশ	চলে	5
বিদেশ	চলে	যাবে	5
মেয়েটি	খুবই	বেয়াদপ	5
মেয়েটি	সারাক্ষন	মিথ্যে	5
সারাক্ষন	মিথ্যে	কথা	5
মিথ্যে	কথা	বলে	5
ছেলেটি	রাস্তা	দিয়ে	5
রাস্তা	দিয়ে	হেঁটে	5
দিয়ে	হেঁটে	যাচ্ছে	5
একটি	বিড়াল	দরজার	5
বিড়াল	দরজার	সামনে	5
দরজার	সামনে	বসে	5
সামনে	বসে	আছে	5
একটি	কুকুর	রাস্তায়	5
কুকুর	রাস্তায়	বসে	5
রাস্তায়	বসে	আছে	5
একটি	সাদা	রঙের	5
সাদা	রঙের	পাখি	5
রঙের	পাখি	আকাশে	5
পাখি	আকাশে	উড়ছে	5
আমি	কাজে	যেতে	5
কাজে	যেতে	চাই	5
যেতে	চাই	না	5
আপনি	এই	কলমটি	5
এই	কলমটি	নিন	5
আমাকে	সত্যি	কথা	5
সত্যি	কথা	বলুন	5
ঘুম	থেকে	তাড়াতাড়ি	5
থেকে	তাড়াতাড়ি	উঠে	5
তাড়াতাড়ি	উঠে	যাও	5
আপনি	ঘুম	থেকে	5
থেকে	উঠতে	চান	5
উঠতে	চান	না	5
আমি	সকালে	নাস্তা	5
সকালে	নাস্তা	করে	5
নাস্তা	করে	স্কুলে	5
করে	স্কুলে	যাই	5
আমার	সকালে	কিছু	5
সকালে	কিছু	খেতে	5
কিছু	খেতে	ভালো	5
আমরা	হেরে	গেছি	5
আমরা	হেরে	গেছিলাম	5
আমটি	কে	খেয়েছিল	5
আমি	হারিয়ে	গেছি	5
আমি	ঠিক	আছি	5
আমাকে	বিশ্বাস	করো	5
প্রশ্নের	জবাব	দিন	5
আমি	তাকে	দখতে	5
তাকে	দখতে	পেলাম	5
আমাকে	ঢুকতে	দিন	5
আমাকে	যেতে	দাও	5
এখানে	অপেক্ষা	করুন	5
আমি	অসুস্থ	হয়ে	5
অসুস্থ	হয়ে	পরেছিলাম	5
আমি	ওদের	দেখতে	5
ওদের	দেখতে	পেলাম	5
সময়	শেষ	হয়ে	5
আমরা	অপেক্ষা	করব	5
তিনি	উঠে	দাঁড়ালেন	5
আমি	বেশি	লম্বা	5
আমি	ক্ষমা	চাইছি	5
আমি	ফিরে	এলাম	5
আমি	কেক	পছন্দ	5
কেক	পছন্দ	করি	5
একটু	ঘুমিয়ে	নাও	5
আমি	একা	ছিলাম	5
আমার	সঙ্গে	আসুন	5
তিনি	রেগে	গেছিলেন	5
আমার	হাতটা	ধরুন	5
আমি	আসবো	না	5
আমি	হারবো	না	5
আমার	হাত	ব্যাথা	5
হাত	ব্যাথা	করছে	5
আমার	পা	ব্যাথা	5
পা	ব্যাথা	করছে	5
আপনাকে	কে	পাঠিয়েছে	5
তোমাকে	দেখে	অসুস্থ	5
আপনারা	আগে	যান	5
আমাকে	ডাকবেন	না	5
আমার	হলুদ	রঙ	5
হলুদ	রঙ	পছন্দ	5
আমি	আপেল	পছন্দ	5
আপেল	পছন্দ	করি	5
আমার	ঠান্ডা	লেগেছে	5
আমার	খিদে	পাচ্ছে	5
আমি	বিদেশে	গেছিলাম	5
আমি	ভেতরে	গেলাম	5
সে	রেগে	গেছিলো	5
আমাকে	ওখানে	নিয়ে	5
ওখানে	নিয়ে	চলুন	5
সে	আমার	স্ত্রী	5
আপনাকে	দেখে	অসুস্থ	5
আমাদের	বিয়ের	পর	5
পর	থেকেই	নানা	5
থেকেই	নানা	ছোটখাটো	5
নানা	ছোটখাটো	কারনে	5
ছোটখাটো	কারনে	ঝগড়া	5
কারনে	ঝগড়া	লেগে	5
ঝগড়া	লেগে	থাকতো	5
আমি	বুঝতে	পারতাম	5
বুঝতে	পারতাম	তার	5
পারতাম	তার	অন্য	5
তার	অন্য	কোথাও	5
অন্য	কোথাও	সম্পর্কে	5
কোথাও	সম্পর্কে	আছে	5
সে	কোন	দিন	5
কোন	দিন	স্বীকার	5
দিন	স্বীকার	করে	5
স্বীকার	করে	না	5
এভাবে	নানা	রকম	5
নানা	রকম	ঝামেলা	5
রকম	ঝামেলা	হতে	5
ঝামেলা	হতে	থাকে	5
আমাদের	পারিবারিক	ভাবে	5
পারিবারিক	ভাবে	বিয়ে	5
ভাবে	বিয়ে	হয়	5
যখন	বাড়ীতে	জানাই	5
বাড়ীতে	জানাই	তখন	5
জানাই	তখন	নানা	5
তখন	নানা	রকম	5
নানা	রকম	কথা	5
রকম	কথা	হয়	5
বেশ	কয়েক	বার	5
কয়েক	বার	তাকে	5
বার	তাকে	সু্যোগ	5
তাকে	সু্যোগ	দেয়া	5
সু্যোগ	দেয়া	হয়	5
কিন্তু	সে	ভালো	5
সে	ভালো	হয়না	5
অনেক	দিন	বাবার	5
দিন	বাবার	বাসায়	5
বাবার	বাসায়	ছিলাম	5
তোমাকে	ছাড়া	বাচবো	5
ছাড়া	বাচবো	তোমার	5
বাচবো	তোমার	বিয়েতেও	5
তোমার	বিয়েতেও	নাচবো	5
সে	তখন	আবারো	5
তখন	আবারো	ফিরে	5
আবারো	ফিরে	চায়	5
ফিরে	চায়	আমাকে	5
এক	পর্যায়ে	এমন	5
পর্যায়ে	এমন	অবস্থা	5
এমন	অবস্থা	করে	5
অবস্থা	করে	মে	5
করে	মে	আমিও	5
মে	আমিও	দূবল	5
আমিও	দূবল	হয়ে	5
দূবল	হয়ে	যাই	5
কিছু	দিন	সে	5
দিন	সে	ভালো	5
সে	ভালো	থাকে	5
তারপর	একের	পর	5
পর	এক	অশান্তি	5
এক	অশান্তি	বাড়তে	5
অশান্তি	বাড়তে	থাকে	5
সে	যার	সাথে	5
যার	সাথে	সম্পর্কে	5
সাথে	সম্পর্কে	জড়িয়ে	5
সম্পর্কে	জড়িয়ে	তাকে	5
জড়িয়ে	তাকে	বিয়ে	5
না	বলে	কিন্তু	5
বলে	কিন্তু	সম্পর্ক	5
কিন্তু	সম্পর্ক	রাখবে	5
সে	শুধু	আমাকে	5
শুধু	আমাকে	খাবার	5
আমাকে	খাবার	টুকু	5
খাবার	টুকু	ঠিক	5
টুকু	ঠিক	মত	5
ঠিক	মত	দেয়	5
মত	দেয়	যেন	5
দেয়	যেন	কাউকে	5
যেন	কাউকে	বলতে	5
কাউকে	বলতে	না	5
বলতে	না	পারি	5
তো	একটা	হাত	5
একটা	হাত	খরচ	5
হাত	খরচ	লাগে	5
খরচ	লাগে	তাও	5
লাগে	তাও	সে	5
তাও	সে	দেয়না	5
বাবা	হিসেবে	ছেলেকে	5
হিসেবে	ছেলেকে	ভালবাসে	5
ছেলেকে	ভালবাসে	অনেক	5
চুপ	ছিলাম	বুঝাইছি	5
ছিলাম	বুঝাইছি	অনেক	5
বুঝাইছি	অনেক	লাভ	5
অনেক	লাভ	হয়নি	5
এক	পর্যায়ে	আবারো	5
পর্যায়ে	আবারো	বাড়িতে	5
আবারো	বাড়িতে	জানানো	5
বাড়িতে	জানানো	হয়	5
তখন	সে	অনেক	5
সে	অনেক	খারাপ	5
সে	কারো	কথা	5
কারো	কথা	বলেনা	5
কথা	বলেনা	কারো	5
বলেনা	কারো	বাসায়	5
কারো	বাসায়	যায়না	5
কি	আমার	বাবা	5
বাবা	মা	সামনে	5
মা	সামনে	আসলে	5
সামনে	আসলে	সালাম	5
আসলে	সালাম	পর্যন্ত	5
সালাম	পর্যন্ত	দেয়না	5
সে	তাদের	সাথে	5
তাদের	সাথে	সম্পর্ক	5
সাথে	সম্পর্ক	রাখবো	5
সম্পর্ক	রাখবো	না	5
আমি	তখন	বলি	5
তখন	বলি	কেন	5
বলি	কেন	কি	5
তারা	আমাকে	অনেক	5
অনেক	অপমান	করছে	5
আপনারা	বলেন	সে	5
বলেন	সে	পরকিয়া	5
সে	পরকিয়া	করবে	5
পরকিয়া	করবে	বউ	5
করবে	বউ	কে	5
বউ	কে	মারবে	5
কে	মারবে	আর	5
মারবে	আর	বাবা	5
আর	বাবা	মা	5
বাবা	মা	চুপ	5
মা	চুপ	থাকবে	5
আমার	কোন	ভাই	5
কোন	ভাই	নেই	5
ভাই	নেই	আমি	5
নেই	আমি	বড়	5
আমাদের	মধ্যেবিও	পরিবার	5
এসব	কিছু	কাউকে	5
কিছু	কাউকে	বলে	5
কাউকে	বলে	কোন	5
বলে	কোন	সমাধান	5
কোন	সমাধান	নাই	5
তারা	বলে	আমরা	5
বলে	আমরা	আমাদের	5
আমরা	আমাদের	বউ	5
আমাদের	বউ	কে	5
বউ	কে	কত	5
কে	কত	মারি	5
কত	মারি	কোন	5
মারি	কোন	দিন	5
কোন	দিন	মুখ	5
দিন	মুখ	দিয়ে	5
মুখ	দিয়ে	কথা	5
দিয়ে	কথা	বের	5
কথা	বের	করে	5
বের	করে	না	5
আমার	শাশুড়িও	নেই	5
শাশুড়িও	নেই	মারা	5
নেই	মারা	গেছে	5
মারা	গেছে	অনেক	5
গেছে	অনেক	আগে	5
আমরা	বিয়ের	পর	5
পর	থেকেই	আলাদা	5
থেকেই	আলাদা	থাকি	5
শশুরবাড়ি	আমার	স্বামীর	5
আমার	স্বামীর	কিছু	5
স্বামীর	কিছু	নেই	5
কিছু	নেই	কারণ	5
নেই	কারণ	তার	5
কারণ	তার	মা	5
তার	মা	নাই	5
তার	বাবা	বিয়ে	5
বাবা	বিয়ে	করেছে	5
বিয়ে	করেছে	সেখানে	5
করেছে	সেখানে	বছরে	5
সেখানে	বছরে	একবার	5
বছরে	একবার	যাওয়া	5
একবার	যাওয়া	হয়	5
আমি	তোমাকে	খাবার	5
তোমাকে	খাবার	দেই	5
আপনারা	বলেন	যে	5
বলেন	যে	স্বামী	5
যে	স্বামী	ভালোবেসে	5
স্বামী	ভালোবেসে	কথা	5
ভালোবেসে	কথা	বলেনা	5
এসব	সমস্যার	সমাধান	5
সমস্যার	সমাধান	কোথায়	5
চেষ্টা	করেছি	যে	5
করেছি	যে	আমার	5
যে	আমার	কোন	5
কোন	ভুল	আছে	5
ভুল	আছে	কিনা	5
সে	সবাই	কে	5
সবাই	কে	বলে	5
কে	বলে	আমি	5
বলে	আমি	তো	5
আমি	তো	ওর	5
তো	ওর	সাথেই	5
ওর	সাথেই	সংসার	5
সাথেই	সংসার	করি	5
এমন	না	যে	5
যে	আমি	দেখতে	5
আমি	দেখতে	অসুন্দর	5
যে	কেউ	আমাকে	5
কেউ	আমাকে	এক	5
আমাকে	এক	দেখা	5
এক	দেখা	তে	5
দেখা	তে	পছন্দ	5
তে	পছন্দ	করবে	5
কোন	উপায়	পাইনা	5
উপায়	পাইনা	কি	5
পাইনা	কি	করব	5
শুধু	ছেলের	মুখের	5
ছেলের	মুখের	দিকে	5
দিকে	তাকিয়ে	চুপ	5
তাকিয়ে	চুপ	করে	5
কিন্তু	আমি	বেঁচে	5
আমি	বেঁচে	থেকে	5
বেঁচে	থেকে	মরে	5
থেকে	মরে	আছি	5
আমার	স্বামীর	ভালবাসা	5
স্বামীর	ভালবাসা	চাই	5
আমার	পরিবারের	সবার	5
পরিবারের	সবার	সাথে	5
সবার	সাথে	ও	5
সাথে	ও	কথা	5
ও	কথা	বলুক	5
কথা	বলুক	এটা	5
বলুক	এটা	চাই	5
বাবা	মা	অনেক	5
মা	অনেক	বার	5
অনেক	বার	মাফ	5
বার	মাফ	চাইছে	5
যা	হইছে	হয়ে	5
হইছে	হয়ে	গেছে	5
হয়ে	গেছে	তোমার	5
গেছে	তোমার	কথাই	5
তোমার	কথাই	মানলাম	5
কথাই	মানলাম	আমাদের	5
মানলাম	আমাদের	দোষ	5
আমি	চাইলেই	আমার	5
চাইলেই	আমার	বাবার	5
বাবার	বাসায়	চলে	5
বাসায়	চলে	যেতে	5
চলে	যেতে	পারি	5
সমাজের	মানুষ	নানান	5
মানুষ	নানান	কথা	5
নানান	কথা	বলবে	5
বাবা	অসুস্থ	হয়ে	5
অসুস্থ	হয়ে	যাবে	5
সে	এখন	নিজে	5
এখন	নিজে	মুখেই	5
নিজে	মুখেই	বলে	5
মুখেই	বলে	তোমার	5
বলে	তোমার	সাথে	5
তোমার	সাথে	আবার	5
সাথে	আবার	ও	5
আবার	ও	সব	5
ও	সব	ঠিক	5
অন্য	কোথাও	বিয়ে	5
কোথাও	বিয়ে	করে	5
বিয়ে	করে	ভালো	5
করে	ভালো	থাকবা	5
ভালো	থাকবা	তা	5
থাকবা	তা	কীভাবে	5
তা	কীভাবে	হয়	5
সে	বাহিরে	যা	5
বাহিরে	যা	ইচ্ছা	5
যা	ইচ্ছা	করবে	5
ইচ্ছা	করবে	বউ	5
করবে	বউ	হিসাবে	5
বউ	হিসাবে	আমাকে	5
হিসাবে	আমাকে	রাখবে	5
এদিকে	আমার	পরিবারের	5
আমার	পরিবারের	সাথে	5
পরিবারের	সাথে	সম্পর্ক	5
সাথে	সম্পর্ক	রাখবে	5
সম্পর্ক	রাখবে	না	5
আমাকে	অনেক	মারত	5
ছেলেটার	ভবিষ্যতের	কথা	5
ভবিষ্যতের	কথা	ভেবে	5
কথা	ভেবে	চুপ	5
ভেবে	চুপ	করে	5
আমার	বাবা	মাও	5
বাবা	মাও	এটা	5
মাও	এটা	নিয়ে	5
নিয়ে	অনেক	কষ্ট	5
অনেক	কষ্ট	পাচ্ছে	5
বড়	মেয়ে	আমার	5
মেয়ে	আমার	ছোট	5
ছোট	বোন	আছে	5
বোন	আছে	শুধু	5
আপনার	পরামর্শ	দেন	5
পরামর্শ	দেন	আমি	5
দেন	আমি	কি	5
দিন	দিন	মানসিক	5
দিন	মানসিক	ভাবে	5
মানসিক	ভাবে	অসুস্থ	5
ভাবে	অসুস্থ	হয়ে	5
কোন	কথা	খারাপ	5
কথা	খারাপ	লাগলে	5
খারাপ	লাগলে	দয়া	5
লাগলে	দয়া	করে	5
দয়া	করে	মাফ	5
করে	মাফ	করবেন	5
আমি	প্রেম	করে	5
করে	বিয়ে	করেছি	5
আমি	আমার	স্বামীকে	5
আমার	স্বামীকে	অনেক	5
স্বামীকে	অনেক	ভালোবাসি	5
আমার	বয়স	উনিশ	5
বয়স	উনিশ	বছর	5
একজন	মানুষ	কি	5
মানুষ	কি	এমনি	5
কি	এমনি	এমনি	5
এমনি	এমনি	খারাপ	5
এমনি	খারাপ	হয়	5
খারাপ	হয়	বলেন	5
এমন	কিছু	করবো	5
কিছু	করবো	যাতে	5
করবো	যাতে	তার	5
যাতে	তার	কাছে	5
তার	কাছে	আমাকে	5
কাছে	আমাকে	না	5
আমাকে	না	যেতে	5
না	যেতে	হয়	5
আমি	কার	কাছে	5
কার	কাছে	চাইবো	5
আপনি	থানায়	গিয়ে	5
থানায়	গিয়ে	একটা	5
গিয়ে	একটা	মামলা	5
একটা	মামলা	করেন	5
পুলিশকে	সবকিছু	প্রথম	5
সবকিছু	প্রথম	থেকে	5
শেষ	পর্যন্ত	খুলে	5
পর্যন্ত	খুলে	বলেন	5
খুলে	বলেন	আপনার	5
বলেন	আপনার	সাথে	5
আপনার	সাথে	যা	5
সাথে	যা	যা	5
যা	যা	হয়েছে	5
পুলিশকে	এটাও	বলেন	5
এটাও	বলেন	যে	5
বলেন	যে	আমি	5
যে	আমি	যদি	5
যদি	আমার	সমস্যার	5
আমার	সমস্যার	কোন	5
সমস্যার	কোন	সমাধান	5
কোন	সমাধান	পাইনি	5
আমি	কিন্তু	আত্মহত্যা	5
কিন্তু	আত্মহত্যা	করতে	5
আত্মহত্যা	করতে	বাধ্য	5
করতে	বাধ্য	হব	5
এতে	পুলিশের	উপর	5
পুলিশের	উপর	চাপ	5
উপর	চাপ	আসবে	5
আপনার	মা	এবং	5
মা	এবং	স্বামী	5
এবং	স্বামী	দুজনেই	5
স্বামী	দুজনেই	সতর্ক	5
দুজনেই	সতর্ক	হবে	5
সতর্ক	হবে	আপনার	5
হবে	আপনার	প্রতি	5
আপনি	যদি	পুলিশকে	5
যদি	পুলিশকে	সবটা	5
পুলিশকে	সবটা	খুলে	5
সবটা	খুলে	বলেন	5
খুলে	বলেন	তাহলেই	5
বলেন	তাহলেই	দেখবেন	5
তাহলেই	দেখবেন	সমস্যার	5
দেখবেন	সমস্যার	সমাধান	5
সমস্যার	সমাধান	হয়ে	5
আপনি	একটা	সাহায্য	5
একটা	সাহায্য	পাচ্ছেন	5
সাহায্য	পাচ্ছেন	পুলিশের	5
পাচ্ছেন	পুলিশের	কাছ	5
পুলিশের	কাছ	থেকে	5
বলব	আপনি	বিবাহবিচ্ছেদ	5
আপনি	বিবাহবিচ্ছেদ	পথ	5
বিবাহবিচ্ছেদ	পথ	বেছে	5
পথ	বেছে	নেন	5
নিজের	মতন	করে	5
মতন	করে	বাঁচুন	5
দুই	বেলা	ডাল	5
বেলা	ডাল	ভাত	5
ডাল	ভাত	খেয়ে	5
ভাত	খেয়ে	নিজের	5
খেয়ে	নিজের	মত	5
নিজের	মত	একা	5
মত	একা	থাকা	5
একা	থাকা	অনেক	5
যাই	হোক	মায়ের	5
হোক	মায়ের	কাছে	5
মায়ের	কাছে	অনেক	5
কাছে	অনেক	কিছু	5
অনেক	কিছু	পাওয়ার	5
কিছু	পাওয়ার	থাকলেও	5
পাওয়ার	থাকলেও	আপনি	5
থাকলেও	আপনি	তেমন	5
আপনি	তেমন	কিছু	5
তেমন	কিছু	পান	5
অন্যদিকে	আপনার	স্বামীও	5
আপনার	স্বামীও	লোক	5
স্বামীও	লোক	হিসেবে	5
লোক	হিসেবে	ভাল	5
হিসেবে	ভাল	না	5
আপনার	দুই	দিকেই	5
দুই	দিকেই	জ্বালা	5
দিকেই	জ্বালা	হইছে	5
কিছু	কিছু	বিষয়ের	5
কিছু	বিষয়ের	কোন	5
বিষয়ের	কোন	সমাধান	5
কোন	সমাধান	থাকে	5
সমাধান	থাকে	না	5
অবশ্যই	আপনি	নিয়মিত	5
আপনি	নিয়মিত	নামাজ	5
নিয়মিত	নামাজ	পড়ে	5
নামাজ	পড়ে	আল্লাহর	5
পড়ে	আল্লাহর	কাছে	5
আল্লাহর	কাছে	শান্তি	5
কাছে	শান্তি	প্রার্থনা	5
শান্তি	প্রার্থনা	করতে	5
প্রার্থনা	করতে	পারেন	5
নিজেকে	যোগ্য	করে	5
যোগ্য	করে	গড়ে	5
গড়ে	তুলতে	পারেন	5
নিজেই	নিজের	জীবন	5
নিজের	জীবন	পরিচালনা	5
জীবন	পরিচালনা	করতে	5
পরিচালনা	করতে	পারেন	5
আপনার	জন্য	শুভকামনা	5
জন্য	শুভকামনা	রইল	5
নিজে	কিছু	করার	5
করার	চেষ্টা	করেন	5
চেষ্টা	করেন	যেন	5
করেন	যেন	পরিবারের	5
যেন	পরিবারের	সাহায্য	5
পরিবারের	সাহায্য	হয়	5
সবাই	একসাথে	খারাপ	5
একসাথে	খারাপ	হয়	5
খারাপ	হয়	না	5
ওরা	আপনাকে	কিভাবে	5
আপনাকে	কিভাবে	চায়	5
কিভাবে	চায়	ওদের	5
চায়	ওদের	মতো	5
ওদের	মতো	হবার	5
মতো	হবার	চেষ্টা	5
হবার	চেষ্টা	করুন	5
আশা	করছি	সব	5
করছি	সব	কিছু	5
সব	কিছু	সমাধান	5
কিছু	সমাধান	হবে	5
বিয়ে	হয়েছে	৯	5
হয়েছে	৯	বছর	5
করে	বিয়ে	কিন্তু	5
বিয়ে	কিন্তু	পারিবারিক	5
কিন্তু	পারিবারিক	ভাবেই	5
পারিবারিক	ভাবেই	হয়েছে	5
প্রথম	থেকেই	আমার	5
থেকেই	আমার	শাশুড়ি	5
আমার	শাশুড়ি	আমাকে	5
শাশুড়ি	আমাকে	অনেক	5
ওনারা	আমার	স্বামীকে	5
আমার	স্বামীকে	অশিক্ষিত	5
স্বামীকে	অশিক্ষিত	মেয়ের	5
অশিক্ষিত	মেয়ের	সাথে	5
মেয়ের	সাথে	বিয়ে	5
সাথে	বিয়ে	দিতে	5
তাদের	ঘরের	কাজের	5
ঘরের	কাজের	মানুষ	5
কাজের	মানুষ	হিসেবে	5
মানুষ	হিসেবে	রাখতে	5
হিসেবে	রাখতে	চেয়েছিল	5
আমার	স্বামী	নিজ	5
স্বামী	নিজ	পছন্দে	5
নিজ	পছন্দে	আমাকে	5
পছন্দে	আমাকে	বিয়ে	5
গত	৯	বছরে	5
৯	বছরে	একটানা	5
বছরে	একটানা	৯	5
একটানা	৯	দিনের	5
৯	দিনের	জন্যও	5
দিনের	জন্যও	তারা	5
জন্যও	তারা	আমার	5
সাথে	কথা	বলেনি	5
কোনো	আত্মীয়	আমার	5
আত্মীয়	আমার	বাসায়	5
আমার	বাসায়	এলে	5
বাসায়	এলে	তাদের	5
এলে	তাদের	সাথেও	5
তাদের	সাথেও	সম্পর্ক	5
সাথেও	সম্পর্ক	নষ্ট	5
সম্পর্ক	নষ্ট	করতো	5
আমরা	পারিবারিক	কারনে	5
পারিবারিক	কারনে	১	5
কারনে	১	বছরের	5
১	বছরের	জন্য	5
বছরের	জন্য	এখন	5
জন্য	এখন	নিজ	5
এখন	নিজ	বাড়ি	5
বাড়ি	থেকে	অন্য	5
থেকে	অন্য	জায়গায়	5
অন্য	জায়গায়	ছিলাম	5
নিজ	বাড়িতে	এসে	5
বাড়িতে	এসে	শুনি	5
এসে	শুনি	পুরো	5
শুনি	পুরো	এলাকাতে	5
পুরো	এলাকাতে	আমাদের	5
এলাকাতে	আমাদের	নামে	5
আমাদের	নামে	খারাপ	5
নামে	খারাপ	কথা	5
খারাপ	কথা	বলেছে	5
আমার	বিরুদ্ধে	বুঝিয়েছে	5
বিরুদ্ধে	বুঝিয়েছে	যে	5
বুঝিয়েছে	যে	আমি	5
যে	আমি	আমার	5
আমার	স্বামীর	কে	5
স্বামীর	কে	তাবিজ	5
কে	তাবিজ	করে	5
তাবিজ	করে	নিজ	5
করে	নিজ	বাড়ি	5
বাড়ি	থেকে	সরিয়ে	5
থেকে	সরিয়ে	ফেলেছি	5
বিক্রি	করিয়ে	স্বামীকে	5
করিয়ে	স্বামীকে	ছেড়ে	5
স্বামীকে	ছেড়ে	চলে	5
ছেড়ে	চলে	যাবো	5
তোমার	বৌ	নাকি	5
বৌ	নাকি	তোমাকে	5
নাকি	তোমাকে	সম্পত্তি	5
তোমাকে	সম্পত্তি	বিক্রি	5
বিক্রি	করিয়ে	ফেলতেছে	5
আমার	স্বামী	সবাইকে	5
স্বামী	সবাইকে	বুঝিয়ে	5
ক্লান্ত	যে	আমি	5
যে	আমি	এরকম	5
আমি	এরকম	কিছু	5
এরকম	কিছু	করছি	5
কিছু	করছি	না	5
সন্মানের	ভয়ে	কেউ	5
ভয়ে	কেউ	কিছু	5
কেউ	কিছু	বলে	5
কিছু	বলে	না	5
আমাদের	৩	বছরের	5
৩	বছরের	প্রেম	5
ছেলেটি	বাবা	চাচার	5
বাবা	চাচার	ভয়ে	5
চাচার	ভয়ে	বাড়িতে	5
ভয়ে	বাড়িতে	কিছু	5
বাড়িতে	কিছু	বলতে	5
কিছু	বলতে	পারে	5
বলতে	পারে	নাহ	5
আমার	কাছে	আরও	5
কাছে	আরও	সময়	5
আরও	সময়	চাইতো	5
বয়স	আমার	তখন	5
আমার	তখন	১৬	5
তখন	১৬	তে	5
১৬	তে	পড়লো	5
তখনকার	সময়	মেয়েদের	5
সময়	মেয়েদের	জন্যে	5
মেয়েদের	জন্যে	এটি	5
জন্যে	এটি	অনেক	5
এটি	অনেক	বয়স	5
বাড়ি	থেকে	ছেলে	5
থেকে	ছেলে	দেখা	5
ছেলে	দেখা	শুরু	5
ভাইয়ের	সাথে	বিয়ে	5
বিয়ে	ঠিক	হইল	5
আমি	এখন	তোর	5
এখন	তোর	ভাইকে	5
তোর	ভাইকে	বিয়ে	5
ভাইকে	বিয়ে	করতে	5
আমি	আরও	এক	5
আরও	এক	বছর	5
এক	বছর	পরে	5
ছেলেটি	আমার	বাবার	5
কথা	বলে	আমাদের	5
বলে	আমাদের	বিয়ে	5
আমাদের	বিয়ে	ঠিক	5
এরই	মাঝে	একটি	5
মাঝে	একটি	অঘটন	5
একটি	অঘটন	ঘটে	5
অঘটন	ঘটে	গেলো	5
সে	তাঁর	বাবার	5
তাঁর	বাবার	ভয়ে	5
বাবার	ভয়ে	কোন	5
ভয়ে	কোন	কথাই	5
কোন	কথাই	বলতে	5
কথাই	বলতে	পারলো	5
বলতে	পারলো	না	5
আমি	এখনই	বিয়ে	5
এখনই	বিয়ে	করে	5
বিয়ে	করে	ফেলতে	5
আমার	সব	শেষ	5
সব	শেষ	হয়ে	5
দয়া	করে	তুমি	5
করে	তুমি	তোমার	5
তুমি	তোমার	পরিবারের	5
তোমার	পরিবারের	পছন্দে	5
বিয়ে	করে	ফেলো	5
এই	সাহস	আমার	5
সাহস	আমার	নাই	5
আমাকে	ভালোবাসলে	এইটুকু	5
ভালোবাসলে	এইটুকু	উপকার	5
এইটুকু	উপকার	করো	5
উপকার	করো	পায়ে	5
করো	পায়ে	পড়ি	5
পায়ে	পড়ি	তোমার	5
সব	কিছু	শুনে	5
কিছু	শুনে	বুঝলাম	5
শুনে	বুঝলাম	যে	5
বুঝলাম	যে	এখন	5
যে	এখন	আর	5
এখন	আর	এখানে	5
আর	এখানে	থেকে	5
এখানে	থেকে	কোন	5
থেকে	কোন	লাভ	5
কোন	লাভ	হবে	5
তোর	বড়	ভাইকেই	5
বড়	ভাইকেই	বিয়ে	5
ভাইকেই	বিয়ে	করতে	5
বিয়ে	করতে	হবে	5
করতে	হবে	এখন	5
বাড়ীতে	বললাম	আমি	5
বললাম	আমি	এই	5
আমি	এই	বিয়েতে	5
তাড়াতাড়ি	সম্ভব	বিয়ের	5
সম্ভব	বিয়ের	ব্যবস্থা	5
বিয়ের	ব্যবস্থা	করো	5
১৫	দিনের	মধ্যেই	5
দিনের	মধ্যেই	আমাদের	5
মধ্যেই	আমাদের	বিয়ে	5
আমাদের	বিয়ে	হইলো	5
এই	কাহিনী	পুরোটা	5
কাহিনী	পুরোটা	শুনে	5
পুরোটা	শুনে	আমি	5
শুনে	আমি	অবাক	5
আমি	একটা	খুব	5
একটা	খুব	বড়	5
খুব	বড়	সমস্যায়	5
বড়	সমস্যায়	পড়েছি	5
সমস্যায়	পড়েছি	দয়া	5
পড়েছি	দয়া	করে	5
করে	কেউ	হাসাহাসি	5
কেউ	হাসাহাসি	করবেন	5
হাসাহাসি	করবেন	না	5
গার্লফ্রেন্ড	এর	পরিবারের	5
এর	পরিবারের	ডিফেন্স	5
পরিবারের	ডিফেন্স	এর	5
ডিফেন্স	এর	জব	5
এর	জব	নাকি	5
জব	নাকি	পছন্দ	5
নাকি	পছন্দ	না	5
তবে	আমার	গার্লফ্রেন্ড	5
আমার	গার্লফ্রেন্ড	আমাকে	5
গার্লফ্রেন্ড	আমাকে	বলেছে	5
আমাকে	বলেছে	আমি	5
বলেছে	আমি	তাকে	5
আমি	তাকে	যেভাবে	5
তাকে	যেভাবে	রাখবো	5
যেভাবে	রাখবো	সে	5
রাখবো	সে	সেভাবেই	5
সে	সেভাবেই	থাকবে	5
তাই	আমি	তাকে	5
আমি	তাকে	লুকিয়ে	5
তাকে	লুকিয়ে	বিয়ে	5
লুকিয়ে	বিয়ে	করতে	5
গার্লফ্রেন্ড	এর	বয়স	5
এর	বয়স	১৯	5
বয়স	১৯	বছর	5
আমি	চাচ্ছি	ট্রেনিং	5
চাচ্ছি	ট্রেনিং	থেকে	5
ট্রেনিং	থেকে	ফিরেই	5
থেকে	ফিরেই	তাকে	5
ফিরেই	তাকে	বিয়ে	5
তাকে	বিয়ে	করতে	5
যদি	লুকিয়ে	বিয়ে	5
লুকিয়ে	বিয়ে	করি	5
বিয়ে	করি	পরবর্তীতে	5
করি	পরবর্তীতে	কি	5
পরবর্তীতে	কি	তার	5
কি	তার	ফ্যামিলি	5
তার	ফ্যামিলি	কোনো	5
ফ্যামিলি	কোনো	সমস্যা	5
আমাদের	ফ্যামিলি	থেকে	5
ফ্যামিলি	থেকে	ওদের	5
থেকে	ওদের	ফ্যামিলি	5
ওদের	ফ্যামিলি	অনেক	5
ফ্যামিলি	অনেক	বড়লোক	5
আমি	গ্রামের	ছেলে	5
গ্রামের	ছেলে	ঢাকাতে	5
ছেলে	ঢাকাতে	একটা	5
ঢাকাতে	একটা	প্রাইভেট	5
একটা	প্রাইভেট	বিশ্ববিদ্যালয়ে	5
প্রাইভেট	বিশ্ববিদ্যালয়ে	পড়াশোনা	5
বিশ্ববিদ্যালয়ে	পড়াশোনা	করি	5
সাথে	পরিচয়	তাকে	5
পরিচয়	তাকে	প্রাইভেট	5
তাকে	প্রাইভেট	পড়াতে	5
প্রাইভেট	পড়াতে	গিয়ে	5
পরামর্শ	দিন	বিয়ের	5
দিন	বিয়ের	পরে	5
বিয়ের	পরে	কি	5
পরে	কি	তার	5
কি	তার	পরিবার	5
তার	পরিবার	কোনো	5
পরিবার	কোনো	সমস্যা	5
আর	আমার	বয়ফ্রেন্ড	5
আমার	বয়ফ্রেন্ড	একি	5
বয়ফ্রেন্ড	একি	স্কুলে	5
একি	স্কুলে	পড়তাম	5
ক্লাস	নাইনে	আমাদের	5
নাইনে	আমাদের	প্রথম	5
আমাদের	প্রথম	কথা	5
প্রথম	কথা	হয়	5
কথা	হয়	ফেসবুকে	5
এরপর	থেকে	ক্লাস	5
থেকে	ক্লাস	টেনে	5
ক্লাস	টেনে	রিলেশনে	5
টেনে	রিলেশনে	যাই	5
আমার	বন্ধুত্ব	ছাড়া	5
বন্ধুত্ব	ছাড়া	অন্য	5
ছাড়া	অন্য	কিছুর	5
অন্য	কিছুর	ইচ্ছা	5
কিছুর	ইচ্ছা	ছিল	5
কিন্তু	ছেলেটা	অনেক	5
ছেলেটা	অনেক	ভালো	5
ভালো	মানুষ	কোনো	5
মানুষ	কোনো	নেশা	5
কোনো	নেশা	নাই	5
আমি	সবকিছু	বুঝে	5
সবকিছু	বুঝে	প্রেম	5
বুঝে	প্রেম	করতে	5
প্রেম	করতে	গেলাম	5
প্রথমদিকে	অত	ভালোবাসতাম	5
অত	ভালোবাসতাম	না	5
আমাদের	ম্যাক্সিমাম	কথা	5
ম্যাক্সিমাম	কথা	হয়েছে	5
কথা	হয়েছে	অনলাইনে	5
ততদিনে	আমি	অনেক	5
আমি	অনেক	ভালোবেসে	5
অনেক	ভালোবেসে	ফেলেছি	5
ভালোবেসে	ফেলেছি	ওকে	5
ওর	আর	আমার	5
আর	আমার	স্কুল	5
আমার	স্কুল	ফ্রেন্ডরা	5
স্কুল	ফ্রেন্ডরা	সব	5
ফ্রেন্ডরা	সব	জানত	5
তারা	আমাকে	পছন্দ	5
আমাকে	পছন্দ	করত	5
পছন্দ	করত	চাইত	5
করত	চাইত	আমাদের	5
চাইত	আমাদের	সম্পর্ক	5
আমাদের	সম্পর্ক	আবার	5
সম্পর্ক	আবার	জোড়া	5
আবার	জোড়া	লাগুক	5
এভাবে	গেঞ্জাম	হয়	5
গেঞ্জাম	হয়	আবার	5
হয়	আবার	মিল	5
আবার	মিল	এরকম	5
মিল	এরকম	করতে	5
এরকম	করতে	করতে	5
করতে	করতে	৫	5
করতে	৫	বছর	5
৫	বছর	হয়েছে	5
বছর	হয়েছে	এখন	5
আমার	অসুস্থতার	কারণে	5
অসুস্থতার	কারণে	আমার	5
কারণে	আমার	১	5
আমার	১	বছর	5
১	বছর	গ্যাপ	5
বছর	গ্যাপ	গিয়েছে	5
আমি	এখন	সুস্থ	5
এখন	সুস্থ	অনেক	5
আমি	কিভাবে	এখন	5
কিভাবে	এখন	ওকে	5
এখন	ওকে	ভুলে	5
ওকে	ভুলে	যাই	5
আমার	বয়স	২৫	5
বয়স	২৫	হলেও	5
২৫	হলেও	আমি	5
হলেও	আমি	৫	5
আমি	৫	বছর	5
৫	বছর	কন্সিডার	5
বছর	কন্সিডার	করতাম	5
আমিও	তাকে	ছাড়া	5
তাকে	ছাড়া	কিছু	5
ছাড়া	কিছু	ভাবি	5
কিছু	ভাবি	নাই	5
ভাবি	নাই	৫	5
নাই	৫	বছরে	5
মজা	করে	অন্য	5
করে	অন্য	ছেলের	5
অন্য	ছেলের	কথা	5
ছেলের	কথা	বলে	5
বলে	তাকে	চেতাইছি	5
তাকে	চেতাইছি	অনেক	5
তাকেই	ভালোবাসি	আমি	5
ভালোবাসি	আমি	তাকে	5
আমি	তাকে	ছাড়তে	5
তাকে	ছাড়তে	চাই	5
ছাড়তে	চাই	না	5
আমি	বুঝে	গেছি	5
বুঝে	গেছি	ওই	5
গেছি	ওই	ছেলেকে	5
ওই	ছেলেকে	ছাড়া	5
ছেলেকে	ছাড়া	আমি	5
ছাড়া	আমি	থাকতে	5
আমি	থাকতে	পারব	5
থাকতে	পারব	না	5
এখন	সে	আমাকে	5
সে	আমাকে	বলে	5
আমাকে	বলে	তার	5
বলে	তার	লাইফ	5
তার	লাইফ	থেকে	5
লাইফ	থেকে	চলে	5
থেকে	চলে	যেতে	5
আমি	অনেক	চিন্তার	5
অনেক	চিন্তার	মধ্যে	5
চিন্তার	মধ্যে	পড়ে	5
মধ্যে	পড়ে	গেছি	5
পড়ে	গেছি	আমি	5
গেছি	আমি	কি	5
এক	সময়	গিয়ে	5
সময়	গিয়ে	যদি	5
গিয়ে	যদি	বলে	5
যদি	বলে	যে	5
বলে	যে	ধরে	5
যে	ধরে	রাখলেই	5
ধরে	রাখলেই	তো	5
রাখলেই	তো	পারতা	5
আপনারা	বলেন	এখন	5
এখন	আমি	আসলে	5
আমি	আসলে	করব	5
আসলে	করব	কি	5
বাংলাদেশী	মেয়েটি	পরিবার	5
মেয়েটি	পরিবার	সহ	5
পরিবার	সহ	নিউজিল্যান্ড	5
সহ	নিউজিল্যান্ড	থাকে	5
ওখানেই	এক	বাংলাদেশী	5
এক	বাংলাদেশী	ছেলের	5
বাংলাদেশী	ছেলের	সাথে	5
ছেলের	সাথে	পরিচয়	5
সাথে	পরিচয়	তারপর	5
পরিচয়	তারপর	সম্পর্ক	5
বিয়েটা	ওই	দেশে	5
ওই	দেশে	করতে	5
দেশে	করতে	চেয়েছিল	5
করতে	চেয়েছিল	মেয়ে	5
চেয়েছিল	মেয়ে	কিন্তু	5
মেয়ে	কিন্তু	ছেলের	5
কিন্তু	ছেলের	ইচ্ছা	5
ছেলের	ইচ্ছা	বাংলাদেশে	5
ইচ্ছা	বাংলাদেশে	এসে	5
বাংলাদেশে	এসে	দুজন	5
এসে	দুজন	বিয়ে	5
দুজন	বিয়ে	করবে	5
ছেলে	এক	মাস	5
মাস	আগে	বাংলাদেশে	5
আগে	বাংলাদেশে	আসে	5
বাংলাদেশে	আসে	এই	5
আসে	এই	ঈদে	5
এই	ঈদে	তাদের	5
ঈদে	তাদের	বিয়ে	5
তাদের	বিয়ে	হওয়ার	5
মেয়ে	তার	পরিবার	5
পরিবার	নিয়ে	ঈদের	5
নিয়ে	ঈদের	কয়েকদিন	5
ঈদের	কয়েকদিন	আগে	5
কয়েকদিন	আগে	দেশে	5
আগে	দেশে	আসার	5
দেশে	আসার	কথা	5
আসার	কথা	ছিল	5
কিন্তু	ছেলে	বাংলাদেশে	5
ছেলে	বাংলাদেশে	আসার	5
বাংলাদেশে	আসার	পর	5
আসার	পর	ওই	5
পর	ওই	মেয়েটি	5
ওই	মেয়েটি	সাথে	5
মেয়েটি	সাথে	যোগাযোগ	5
সাথে	যোগাযোগ	বন্ধ	5
যোগাযোগ	বন্ধ	করে	5
মেয়েটি	বিভিন্নভাবে	চেষ্টা	5
বিভিন্নভাবে	চেষ্টা	করে	5
করে	তার	সাথে	5
তার	সাথে	কোন	5
সাথে	কোন	ধরনের	5
কোন	ধরনের	যোগাযোগ	5
ধরনের	যোগাযোগ	করতে	5
যোগাযোগ	করতে	পারছিল	5
করতে	পারছিল	না	5
মেয়েটি	সপ্তাহখানেক	আগে	5
সপ্তাহখানেক	আগে	তার	5
আগে	তার	সাথে	5
যাওয়া	ঘটনা	আমাদের	5
ঘটনা	আমাদের	সাথে	5
আমাদের	সাথে	শেয়ার	5
ওই	ছেলেকে	খুঁজে	5
ছেলেকে	খুঁজে	বের	5
খুঁজে	বের	করার	5
বের	করার	ব্যাপারে	5
করার	ব্যাপারে	আমাদের	5
ব্যাপারে	আমাদের	সাহায্য	5
আমাদের	সাহায্য	চায়	5
মেয়েটির	ঘটনার	শুনে	5
ঘটনার	শুনে	আমরা	5
শুনে	আমরা	উনাকে	5
আমরা	উনাকে	দেশে	5
উনাকে	দেশে	আসতে	5
দেশে	আসতে	বলি	5
সে	তার	পরিবার	5
তার	পরিবার	ছাড়া	5
পরিবার	ছাড়া	ঈদের	5
ছাড়া	ঈদের	আগের	5
আগের	দিন	বাংলাদেশে	5
দিন	বাংলাদেশে	আসে	5
ছেলেকে	খুঁজে	পাওয়ার	5
খুঁজে	পাওয়ার	মতো	5
পাওয়ার	মতো	শুধু	5
মতো	শুধু	উনার	5
শুধু	উনার	কাছে	5
উনার	কাছে	ছেলের	5
কাছে	ছেলের	পাসপোর্ট	5
ছেলের	পাসপোর্ট	কপি	5
পাসপোর্ট	কপি	ছিল	5
কপি	ছিল	একটা	5
আমরা	মেয়েটিকে	নিয়ে	5
মেয়েটিকে	নিয়ে	ছেলের	5
নিয়ে	ছেলের	বাসায়	5
ছেলের	বাসায়	যাই	5
বাসায়	ছেলে	ছিল	5
ছেলে	ছিল	এবং	5
ছিল	এবং	তার	5
এবং	তার	পরিবারের	5
তার	পরিবারের	সমস্ত	5
পরিবারের	সমস্ত	সদস্যরা	5
সমস্ত	সদস্যরা	ছিল	5
মেয়েটিকে	দেখে	ছেলে	5
দেখে	ছেলে	ভয়	5
ছেলে	ভয়	পেয়ে	5
ভয়	পেয়ে	যায়	5
ছেলে	বাংলাদেশে	এসে	5
বাংলাদেশে	এসে	বিয়ে	5
এসে	বিয়ে	ঠিক	5
এই	শুক্রবারে	তার	5
শুক্রবারে	তার	বিয়ে	5
তার	বিয়ে	তার	5
বিয়ে	তার	পরিবারের	5
তার	পরিবারের	পছন্দ	5
পরিবারের	পছন্দ	করে	5
পছন্দ	করে	রেখেছে	5
করে	রেখেছে	মেয়ে	5
মেয়েটি	তার	সাথে	5
যাওয়া	ঘটনা	সম্পূর্ণ	5
ঘটনা	সম্পূর্ণ	ছেলেটির	5
সম্পূর্ণ	ছেলেটির	পরিবারকে	5
ছেলেটির	পরিবারকে	জানায়	5
ছেলের	পরিবার	থেকে	5
পরিবার	থেকে	মেয়ের	5
থেকে	মেয়ের	পরিবার	5
মেয়ের	পরিবার	অনেক	5
পরিবার	অনেক	ভালো	5
মেয়েটি	দেখতে	যথেষ্ট	5
দেখতে	যথেষ্ট	সুন্দরী	5
ছেলের	মা	বাবা	5
মা	বাবা	বিয়েতে	5
বাবা	বিয়েতে	রাজি	5
বিয়েতে	রাজি	হয়	5
মেয়ের	পরিবারের	সাথে	5
পরিবারের	সাথে	ফোনে	5
সাথে	ফোনে	কথা	5
ফোনে	কথা	বলে	5
তারা	দুজনে	আবার	5
দুজনে	আবার	নিউজিল্যান্ড	5
আবার	নিউজিল্যান্ড	ফিরে	5
নিউজিল্যান্ড	ফিরে	যাবে	5
বছর	আগে	নিজের	5
আগে	নিজের	পছন্দেই	5
নিজের	পছন্দেই	বিয়ে	5
পছন্দেই	বিয়ে	করেছিলাম	5
আমার	স্ত্রী	আমার	5
স্ত্রী	আমার	থেকে	5
আমার	থেকে	বয়সে	5
থেকে	বয়সে	৮	5
বয়সে	৮	বছরের	5
৮	বছরের	ছোট	5
আমার	স্ত্রী	দেখতেও	5
স্ত্রী	দেখতেও	সুন্দরী	5
টুকটাক	টিউশনি	করে	5
টিউশনি	করে	যেটুকু	5
করে	যেটুকু	আয়	5
যেটুকু	আয়	হয়	5
আয়	হয়	তা	5
হয়	তা	দিয়ে	5
তা	দিয়ে	নিজের	5
দিয়ে	নিজের	হাতখরচই	5
নিজের	হাতখরচই	ঠিকমতো	5
হাতখরচই	ঠিকমতো	চলে	5
ঠিকমতো	চলে	না	5
তার	যাবতীয়	খরচ	5
যাবতীয়	খরচ	তার	5
খরচ	তার	ই	5
তার	ই	বহন	5
ই	বহন	করেন	5
সে	কখনো	আমার	5
কখনো	আমার	কাছে	5
আমার	কাছে	আমার	5
কাছে	আমার	সামর্থ্যের	5
আমার	সামর্থ্যের	বাইরে	5
সামর্থ্যের	বাইরে	কিছুই	5
বাইরে	কিছুই	চায়	5
কিছুই	চায়	নাই	5
আমাদের	মধ্যে	ভালোবাসার	5
মধ্যে	ভালোবাসার	কোনো	5
ভালোবাসার	কোনো	কমতি	5
কোনো	কমতি	নেই	5
আমাকে	সবসময়	এগিয়ে	5
সবসময়	এগিয়ে	চলার	5
এগিয়ে	চলার	অনুপ্রেরণা	5
চলার	অনুপ্রেরণা	যোগায়	5
ভালোবাসা	থাকলে	সবকিছুই	5
থাকলে	সবকিছুই	সুন্দর	5
যেকোনো	পরিস্থিতি	মোকাবেলা	5
পরিস্থিতি	মোকাবেলা	করা	5
মোকাবেলা	করা	সম্ভব	5
আপনারাও	আপনাদের	জীবনসঙ্গীকে	5
আপনাদের	জীবনসঙ্গীকে	ভালোবাসুন	5
চাওয়ার	গুরুত্ব	দিন	5
একে	অপরকে	পাশে	5
অপরকে	পাশে	থেকে	5
পাশে	থেকে	সাহস	5
থেকে	সাহস	যোগান	5
আমি	২০১৬	থেকে	5
২০১৬	থেকে	তাহুরা	5
থেকে	তাহুরা	কে	5
তাহুরা	কে	ভালবাসি	5
আজ	আমাকে	বলে	5
আমাকে	বলে	আমি	5
বলে	আমি	নাকি	5
আমি	নাকি	তার	5
নাকি	তার	যোগ্য	5
তার	যোগ্য	না	5
আমি	নাকি	মারা	5
নাকি	মারা	গেলে	5
মারা	গেলে	তার	5
গেলে	তার	একটি	5
তার	একটি	আফসোস	5
একটি	আফসোস	থাকবে	5
আফসোস	থাকবে	শুধু	5
থাকবে	শুধু	আমি	5
শুধু	আমি	নাকি	5
আমি	নাকি	তাকে	5
নাকি	তাকে	বুঝিনি	5
তাকে	বুঝিনি	কখনো	5
আমি	বললাম	চলো	5
বললাম	চলো	কাজী	5
চলো	কাজী	অফিসে	5
কাজী	অফিসে	গিয়ে	5
অফিসে	গিয়ে	বিয়ে	5
গিয়ে	বিয়ে	করি	5
আমাকে	আল্লাহর	কসম	5
আল্লাহর	কসম	দিয়ে	5
কসম	দিয়ে	বলে	5
দিয়ে	বলে	দিলো	5
বলে	দিলো	এসব	5
দিলো	এসব	সে	5
এসব	সে	পারবে	5
আমার	ফোন	নম্বর	5
ফোন	নম্বর	ব্লক	5
নম্বর	ব্লক	করে	5
আমার	পরিবারের	অর্থনৈতিক	5
পরিবারের	অর্থনৈতিক	অবস্থা	5
অর্থনৈতিক	অবস্থা	বর্তমানে	5
অবস্থা	বর্তমানে	খুব	5
বর্তমানে	খুব	খারাপ	5
আমি	টুকটাক	অনলাইনে	5
টুকটাক	অনলাইনে	কাজ	5
অনলাইনে	কাজ	করি	5
অনেক	বার	তাঁর	5
বার	তাঁর	কাছে	5
তাঁর	কাছে	ক্ষমা	5
কাছে	ক্ষমা	চেয়েছি	5
অনেক	বলেছি	যে	5
বলেছি	যে	এরকম	5
যে	এরকম	আর	5
এরকম	আর	ভুলেও	5
আর	ভুলেও	হবেনা	5
ভুলেও	হবেনা	কখনো	5
সে	রাগ	করে	5
রাগ	করে	আমার	5
করে	আমার	সাথে	5
কিন্তু	সে	তার	5
সে	তার	মন	5
তার	মন	মতোই	5
আমি	অসুস্থ	আমাকে	5
অসুস্থ	আমাকে	একবারও	5
আমাকে	একবারও	জিগ্গেস	5
একবারও	জিগ্গেস	করেনা	5
জিগ্গেস	করেনা	আমি	5
করেনা	আমি	কেমন	5
আমি	কেমন	আছি	5
গতকাল	রাতে	আমাকে	5
রাতে	আমাকে	বলে	5
আমাকে	বলে	দিলো	5
বলে	দিলো	আমি	5
দিলো	আমি	নাকি	5
তার	জন্য	পরিবার	5
জন্য	পরিবার	মানলে	5
পরিবার	মানলে	বিয়ে	5
মানলে	বিয়ে	হবে	5
বিয়ে	হবে	না	5
না	হলে	সে	5
হলে	সে	পারবে	5
আমার	৭	বছরের	5
৭	বছরের	সব	5
বছরের	সব	কিছু	5
সব	কিছু	শেষ	5
তিন	বছরের	সংসার	5
বছরের	সংসার	বাচ্চা	5
সংসার	বাচ্চা	হয়নি	5
আমি	একটা	সরকারি	5
একটা	সরকারি	চাকরি	5
সরকারি	চাকরি	করি	5
চাকরি	করি	কিন্তু	5
করি	কিন্তু	সে	5
কিন্তু	সে	কিছু	5
সে	কিছু	করে	5
কিছু	করে	না	5
বাবার	টাকার	উপরে	5
টাকার	উপরে	বসে	5
উপরে	বসে	খায়	5
বসে	খায়	নেশা	5
খায়	নেশা	করে	5
নেশা	করে	প্রতিদিন	5
করে	প্রতিদিন	ঝগড়া	5
প্রতিদিন	ঝগড়া	তার	5
ঝগড়া	তার	নিয়মিত	5
তার	নিয়মিত	কাজ	5
আজকে	রাতে	গায়ে	5
রাতে	গায়ে	হাত	5
গায়ে	হাত	তুলেছে	5
বড়	বোনের	বিয়ে	5
বোনের	বিয়ে	হয়েছে	5
বিয়ে	হয়েছে	১৩	5
হয়েছে	১৩	বছর	5
বিয়ের	১	বছরের	5
১	বছরের	পরপরই	5
বছরের	পরপরই	ওদের	5
পরপরই	ওদের	মেয়ে	5
ওদের	মেয়ে	হয়	5
কিন্তু	কিছুদিন	পরেই	5
কিছুদিন	পরেই	তাদের	5
পরেই	তাদের	মধ্যে	5
তাদের	মধ্যে	ঝামেলা	5
মধ্যে	ঝামেলা	শুরু	5
ঝামেলা	শুরু	হয়	5
অনেকবার	সবাই	কথা	5
সবাই	কথা	বলেছে	5
কথা	বলেছে	বোঝাতে	5
বলেছে	বোঝাতে	চেয়েছে	5
বোঝাতে	চেয়েছে	যে	5
চেয়েছে	যে	কি	5
যে	কি	সমস্যা	5
কি	সমস্যা	কিন্তু	5
সমস্যা	কিন্তু	কোনো	5
কিন্তু	কোনো	সমাধান	5
কোনো	সমাধান	হয়নি	5
আমার	বোনও	চাইতো	5
বোনও	চাইতো	না	5
চাইতো	না	কোনো	5
না	কোনো	ছাড়াছাড়িতে	5
কোনো	ছাড়াছাড়িতে	যেতে	5
মেয়ের	মুখের	দিকে	5
দিকে	তাকিয়ে	ঝগড়া	5
তাকিয়ে	ঝগড়া	করেই	5
ঝগড়া	করেই	থাকতো	5
মেয়ের	পড়ার	খরচ	5
পড়ার	খরচ	দেয়না	5
খরচ	দেয়না	ঠিকমত	5
আমার	পরিবারের	সবাইকে	5
পরিবারের	সবাইকে	নিয়ে	5
সবাইকে	নিয়ে	আজেবাজে	5
নিয়ে	আজেবাজে	কথা	5
আজেবাজে	কথা	বলে	5
সে	বোনের	গায়ে	5
বোনের	গায়ে	হাত	5
হাত	তোলে	এই	5
তোলে	এই	কথা	5
এই	কথা	সবাই	5
আমরা	তাকে	বলেছি	5
তাকে	বলেছি	একসাথে	5
বলেছি	একসাথে	কথা	5
একসাথে	কথা	বল	5
কথা	বল	কি	5
বল	কি	সমস্যা	5
কিন্তু	সে	বলেছে	5
সে	বলেছে	যা	5
বলেছে	যা	বলার	5
যা	বলার	ডিভোর্স	5
বলার	ডিভোর্স	লেটারে	5
ডিভোর্স	লেটারে	বলবে	5
এখন	আমরা	কি	5
একজন	মা	মেয়ের	5
মা	মেয়ের	সংসারে	5
মেয়ের	সংসারে	এইভাবেই	5
সংসারে	এইভাবেই	কি	5
এইভাবেই	কি	অশান্তি	5
কি	অশান্তি	করতে	5
অশান্তি	করতে	পারে	5
আমার	ভাই	আমদের	5
ভাই	আমদের	পুরো	5
আমদের	পুরো	পরিবার	5
পুরো	পরিবার	দেখাশোনা	5
পরিবার	দেখাশোনা	করে	5
আমার	আব্বু	রাজি	5
আব্বু	রাজি	ছিল	5
রাজি	ছিল	না	5
ছিল	না	তবুও	5
না	তবুও	আমি	5
তবুও	আমি	আর	5
আমি	আর	আম্মু	5
আর	আম্মু	জোর	5
আম্মু	জোর	বিয়ে	5
জোর	বিয়ে	করাই	5
মেয়েকে	দেখে	ভাইয়ের	5
দেখে	ভাইয়ের	পছন্দ	5
ভাইয়ের	পছন্দ	হয়েছিল	5
বিয়ের	প্রথম	৩	5
প্রথম	৩	মাস	5
৩	মাস	ভালোই	5
মাস	ভালোই	চলছে	5
আমার	ভাইয়ের	অবস্থা	5
ভাইয়ের	অবস্থা	ওতো	5
অবস্থা	ওতো	ভালো	5
ওতো	ভালো	না	5
মেয়ের	মা	এগুলো	5
মা	এগুলো	দেখেই	5
এগুলো	দেখেই	বিয়ে	5
দেখেই	বিয়ে	দিছে	5
তারপর	থেকেই	মেয়ের	5
থেকেই	মেয়ের	আচরনে	5
মেয়ের	আচরনে	পরিবর্তন	5
আচরনে	পরিবর্তন	দেখা	5
পরিবর্তন	দেখা	যায়	5
আমার	মা	সব	5
মা	সব	কাজ	5
সব	কাজ	একা	5
কাজ	একা	করছে	5
মেয়ের	মা	একদিনও	5
মা	একদিনও	আমাদের	5
একদিনও	আমাদের	বাড়ীতে	5
আমাদের	বাড়ীতে	আসে	5
বাড়ীতে	আসে	নাই	5
আমার	আম্মুর	সাথে	5
আম্মুর	সাথে	ঝগড়া	5
ঝগড়া	করে	আমার	5
করে	আমার	ভাইয়ের	5
আমার	ভাইয়ের	বউ	5
এই	দুনিয়াতে	আম্মু	5
দুনিয়াতে	আম্মু	আব্বু	5
আম্মু	আব্বু	ভাই	5
আব্বু	ভাই	ছাড়া	5
ভাই	ছাড়া	আমার	5
ছাড়া	আমার	কেও	5
আমার	কেও	নাই	5
এই	মেয়ে	রীতিমতো	5
মেয়ে	রীতিমতো	আমার	5
রীতিমতো	আমার	ভাই	5
আমার	ভাই	আর	5
ভাই	আর	মাকে	5
আর	মাকে	কষ্ট	5
মাকে	কষ্ট	দিচ্ছে	5
আমার	ভাই	আম্মুকে	5
ভাই	আম্মুকে	ধরে	5
আম্মুকে	ধরে	শুধু	5
ধরে	শুধু	কান্না	5
শুধু	কান্না	করে	5
মা	কেন	আমি	5
কেন	আমি	এই	5
আমি	এই	জাগায়	5
এই	জাগায়	গেলাম	5
মেয়ের	মা	আমার	5
মা	আমার	আম্মুকে	5
আমার	আম্মুকে	বলছিল	5
আম্মুকে	বলছিল	যে	5
বলছিল	যে	আপনাদের	5
যে	আপনাদের	টিনের	5
আপনাদের	টিনের	ঘড়	5
টিনের	ঘড়	দেখে	5
ঘড়	দেখে	বিয়ে	5
দেখে	বিয়ে	দিছি	5
এখন	এটার	সমাধান	5
এটার	সমাধান	কোথায়	5
আমার	স্বামী	হাসপাতাল	5
স্বামী	হাসপাতাল	এসেছে	5
হাসপাতাল	এসেছে	আমার	5
এসেছে	আমার	বাবাকে	5
আমার	বাবাকে	দেখতে	5
বাবাকে	দেখতে	নয়	5
দেখতে	নয়	আমাকে	5
নয়	আমাকে	নিতে	5
হাসপাতালে	এসেই	আমাকে	5
এসেই	আমাকে	বলে	5
আমাকে	বলে	চলো	5
বলে	চলো	বাসায়	5
চলো	বাসায়	যাই	5
কালকে	আমাদের	বাসায়	5
আমাদের	বাসায়	মেহমান	5
বাসায়	মেহমান	আসবে	5
মানুষের	বিবেকবুদ্ধি	কতটা	5
বিবেকবুদ্ধি	কতটা	খারাপ	5
কতটা	খারাপ	হতে	5
খারাপ	হতে	পারে	5
বাবা	অসুস্থ	হাসপাতালে	5
অসুস্থ	হাসপাতালে	আর	5
হাসপাতালে	আর	সে	5
আর	সে	এসেছে	5
সে	এসেছে	আমাকে	5
এসেছে	আমাকে	নিতে	5
আমি	ওকে	বলে	5
ওকে	বলে	দিয়েছি	5
বলে	দিয়েছি	আমি	5
দিয়েছি	আমি	আর	5
আমি	আর	তোমার	5
আর	তোমার	সাথে	5
তোমার	সাথে	সংসার	5
সাথে	সংসার	করবো	5
সংসার	করবো	না	5
তোমার	সংসারের	প্রয়োজন	5
সংসারের	প্রয়োজন	মেটানোর	5
প্রয়োজন	মেটানোর	জন্য	5
মেটানোর	জন্য	আমার	5
জন্য	আমার	জন্ম	5
আমার	জন্ম	হয়নি	5
আমার	বাবার	প্রতি	5
বাবার	প্রতি	আমার	5
প্রতি	আমার	কিছু	5
আমার	কিছু	দায়িত্ববোধ	5
কিছু	দায়িত্ববোধ	আছে	5
অনেক	তোমার	সংসারে	5
তোমার	সংসারে	দায়িত্ব	5
সংসারে	দায়িত্ব	পালন	5
দায়িত্ব	পালন	করেছি	5
আমার	বাবা	দায়িত্ব	5
বাবা	দায়িত্ব	পালন	5
দায়িত্ব	পালন	করব	5
স্বামী	আমার	কথা	5
আমার	কথা	শুনে	5
কথা	শুনে	রাগে	5
শুনে	রাগে	হাসপাতাল	5
রাগে	হাসপাতাল	থেকে	5
হাসপাতাল	থেকে	বের	5
বের	হয়ে	গেছে	5
আমার	একটুও	কষ্ট	5
একটুও	কষ্ট	হচ্ছে	5
কষ্ট	হচ্ছে	না	5
দয়া	করে	পরিচয়	5
করে	পরিচয়	গোপন	5
অনেক	পরিচিত	লোকজন	5
পরিচিত	লোকজন	আছেন	5
জানি	না	কীভাবে	5
না	কীভাবে	শুরু	5
কীভাবে	শুরু	করবো	5
কখনো	ভাবিও	নাই	5
ভাবিও	নাই	আমার	5
নাই	আমার	এখানে	5
আমার	এখানে	পোস্ট	5
পোস্ট	করে	সাহায্য	5
করে	সাহায্য	চাইতে	5
সাহায্য	চাইতে	হবে	5
নিজেই	অনেক	জনকে	5
অনেক	জনকে	উপদেশ	5
জনকে	উপদেশ	দিয়েছি	5
এখন	নিজেই	আর	5
নিজেই	আর	পারছি	5
আর	পারছি	না	5
যাইহোক	আসল	কথায়	5
আসল	কথায়	আসি	5
বিয়ে	হয়েছে	দেড়	5
হয়েছে	দেড়	বছর	5
বলে	রাখা	ভালো	5
রাখা	ভালো	এইটা	5
ভালো	এইটা	আমার	5
এইটা	আমার	এবং	5
আমার	এবং	আমার	5
এবং	আমার	স্বামীর	5
আমার	স্বামীর	২	5
স্বামীর	২	জনেরই	5
২	জনেরই	দ্বিতীয়	5
জনেরই	দ্বিতীয়	সংসার	5
আমার	কেউ	নেই	5
আমার	বিয়ের	২	5
বিয়ের	২	মাসের	5
২	মাসের	মাথায়	5
মাসের	মাথায়	আব্বু	5
মাথায়	আব্বু	মারা	5
আব্বু	মারা	গেছেন	5
আমার	শুধু	আম্মু	5
শুধু	আম্মু	আছেন	5
প্রথমে	আমার	স্বামীর	5
আমার	স্বামীর	কথায়	5
স্বামীর	কথায়	আসি	5
আলহামদুলিল্লাহ	সে	খুব	5
সে	খুব	ভালো	5
খুব	ভালো	একজন	5
ভালো	একজন	মানুষ	5
স্বামী	হিসেবে	একদম	5
হিসেবে	একদম	নিখুঁত	5
তাকে	নিয়ে	আমার	5
নিয়ে	আমার	অভিযোগ	5
আমার	অভিযোগ	এর	5
অভিযোগ	এর	কোন	5
এর	কোন	জায়গা	5
কোন	জায়গা	নেই	5
সমস্যা	টা	হচ্ছে	5
টা	হচ্ছে	কয়েক	5
হচ্ছে	কয়েক	মাস	5
আগে	থেকে	আমার	5
থেকে	আমার	শাশুড়ী	5
আমার	শাশুড়ী	মাকে	5
শাশুড়ী	মাকে	নিয়ে	5
আমি	খেয়াল	করছি	5
খেয়াল	করছি	উনি	5
করছি	উনি	আর	5
উনি	আর	উনার	5
আর	উনার	ছেলের	5
উনার	ছেলের	সম্পর্ক	5
ছেলের	সম্পর্ক	খুব	5
সম্পর্ক	খুব	খারাপ	5
আমার	স্বামীর	একটা	5
স্বামীর	একটা	সমস্যা	5
একটা	সমস্যা	আছে	5
সমস্যা	আছে	ও	5
আছে	ও	একটু	5
ও	একটু	চিল্লায়	5
একটু	চিল্লায়	কথা	5
চিল্লায়	কথা	বলে	5
আমি	দেখেছি	সব	5
দেখেছি	সব	সময়	5
সব	সময়	এমন	5
সময়	এমন	কাজ	5
এমন	কাজ	করেন	5
কাজ	করেন	যার	5
করেন	যার	জন্য	5
যার	জন্য	উনার	5
জন্য	উনার	ছেলে	5
উনার	ছেলে	অনেক	5
ছেলে	অনেক	রাগ	5
অনেক	রাগ	করেন	5
কিছু	বললে	উনি	5
বললে	উনি	সেইটা	5
উনি	সেইটা	অন্যভাবে	5
সেইটা	অন্যভাবে	নিয়ে	5
অন্যভাবে	নিয়ে	চিল্লাচিল্লি	5
নিয়ে	চিল্লাচিল্লি	করেন	5
উনি	যেইটা	বলবে	5
যেইটা	বলবে	সেইটাই	5
বলবে	সেইটাই	ঠিক	5
সেইটাই	ঠিক	আর	5
ঠিক	আর	সেইটাই	5
আর	সেইটাই	করবে	5
কারো	কথা	উনি	5
কথা	উনি	শুনেন	5
উনি	শুনেন	না	5
উনার	কারো	সাথে	5
কারো	সাথে	ভালো	5
ভালো	সম্পর্ক	নেই	5
আমার	স্বামীর	সবকিছুতে	5
স্বামীর	সবকিছুতে	উনি	5
সবকিছুতে	উনি	দোষ	5
উনি	দোষ	দেখেন	5
সবাইকে	বলেন	ইদানীং	5
বলেন	ইদানীং	আমার	5
ইদানীং	আমার	ছেলে	5
আমার	ছেলে	বদলে	5
ছেলে	বদলে	গেছে	5
গতকাল	একটা	ছোট	5
একটা	ছোট	বিষয়	5
ছোট	বিষয়	নিয়ে	5
বিষয়	নিয়ে	বলেন	5
নিয়ে	বলেন	বিয়ের	5
বলেন	বিয়ের	পর	5
বিয়ের	পর	ছেলেরা	5
পর	ছেলেরা	কেমন	5
ছেলেরা	কেমন	বদলে	5
কেমন	বদলে	যায়	5
উনাদের	মা	ছেলের	5
মা	ছেলের	সম্পর্ক	5
ছেলের	সম্পর্ক	খারাপ	5
সম্পর্ক	খারাপ	এর	5
খারাপ	এর	প্রভাব	5
এর	প্রভাব	আমার	5
প্রভাব	আমার	উপর	5
আমার	উপর	আসে	5
স্বামীর	সাথে	রাগ	5
সাথে	রাগ	করি	5
রাগ	করি	কেনো	5
করি	কেনো	তাদের	5
কেনো	তাদের	এরকম	5
তাদের	এরকম	কথা	5
এরকম	কথা	কাটাকাটি	5
কথা	কাটাকাটি	হয়	5
ও	আমাকে	কোন	5
আমাকে	কোন	কাজে	5
কোন	কাজে	সাহায্য	5
কাজে	সাহায্য	করে	5
কিছু	কিনে	দিতে	5
কিনে	দিতে	ঘুরতে	5
দিতে	ঘুরতে	নিয়ে	5
ঘুরতে	নিয়ে	যেতে	5
নিয়ে	যেতে	চাইলে	5
যেতে	চাইলে	উনি	5
চাইলে	উনি	সেইটা	5
উনি	সেইটা	ভালোভাবে	5
সেইটা	ভালোভাবে	নেন	5
ভালোভাবে	নেন	না	5
উনার	আমলের	উদাহরণ	5
আমলের	উদাহরণ	দেন	5
উদাহরণ	দেন	উনি	5
দেন	উনি	কি	5
উনি	কি	করেছেন	5
আমাদের	আর	উনাদের	5
আর	উনাদের	সময়	5
উনাদের	সময়	তো	5
সময়	তো	এক	5
তো	এক	না	5
আমার	বাসার	কেউ	5
বাসার	কেউ	আসলে	5
কেউ	আসলে	উনি	5
আসলে	উনি	বাসায়	5
উনি	বাসায়	ঝগড়াঝাটি	5
বাসায়	ঝগড়াঝাটি	শুরু	5
ঝগড়াঝাটি	শুরু	করে	5
স্বামী	বাসায়	কিছু	5
বাসায়	কিছু	আনলে	5
কিছু	আনলে	সবার	5
আনলে	সবার	জন্য	5
সবার	জন্য	নিয়ে	5
জন্য	নিয়ে	আসেন	5
তাও	মার	অভিযোগ	5
মার	অভিযোগ	ও	5
অভিযোগ	ও	কিছু	5
ও	কিছু	আনে	5
কিছু	আনে	না	5
কিন্তু	আমি	নিজেই	5
আমি	নিজেই	দেখেছি	5
নিজেই	দেখেছি	ও	5
দেখেছি	ও	মাকে	5
ও	মাকে	কত	5
মাকে	কত	ভালোবাসে	5
এইটা	ওইটা	কিনে	5
ওইটা	কিনে	দিতে	5
কিনে	দিতে	চাইলে	5
দিতে	চাইলে	বলে	5
চাইলে	বলে	টাকা	5
বলে	টাকা	নষ্ট	5
টাকা	নষ্ট	করিস	5
নষ্ট	করিস	না	5
আমার	আম্মু	আসছে	5
আম্মু	আসছে	আমাদের	5
আসছে	আমাদের	বাসায়	5
আমাদের	বাসায়	৬	5
বাসায়	৬	মাস	5
৬	মাস	পরে	5
আম্মুর	সামনে	উনারা	5
সামনে	উনারা	যা	5
উনারা	যা	তা	5
যা	তা	ঝগড়া	5
তা	ঝগড়া	করেন	5
ভালো	ব্যবহার	করেন	5
ব্যবহার	করেন	না	5
একসাথে	বসে	খায়	5
বসে	খায়	ও	5
খায়	ও	না	5
আম্মু	এসব	দেখে	5
এসব	দেখে	খুব	5
দেখে	খুব	কষ্ট	5
খুব	কষ্ট	পাচ্ছেন	5
কষ্ট	পাচ্ছেন	যেহেতু	5
পাচ্ছেন	যেহেতু	আমার	5
যেহেতু	আমার	বাবা	5
আমার	বাবা	নেই	5
আমার	স্বামী	এসব	5
স্বামী	এসব	নিয়ে	5
এসব	নিয়ে	কিছু	5
নিয়ে	কিছু	বলতে	5
বলতে	গেলে	উনি	5
গেলে	উনি	মনে	5
উনি	মনে	করেন	5
মনে	করেন	বউ	5
করেন	বউ	ছেলের	5
বউ	ছেলের	হয়ে	5
ছেলের	হয়ে	গেছে	5
উনার	আরো	একটা	5
আরো	একটা	ছেলে	5
একটা	ছেলে	আছে	5
সে	চাকরি	করে	5
চাকরি	করে	বিয়ে	5
করে	বিয়ে	বিয়ে	5
বিয়ে	বিয়ে	করে	5
বিয়ে	করে	নাই	5
মার	কাছে	ছোটো	5
কাছে	ছোটো	ছেলেই	5
ছোটো	ছেলেই	সব	5
তার	ছোটো	ছেলের	5
ছোটো	ছেলের	কোন	5
ছেলের	কোন	দোষ	5
কোন	দোষ	নেই	5
আমি	নিজে	দেখেছি	5
নিজে	দেখেছি	সে	5
দেখেছি	সে	কেমন	5
সে	কেমন	বাজে	5
কেমন	বাজে	ব্যবহার	5
বাজে	ব্যবহার	করে	5
ব্যবহার	করে	মায়ের	5
করে	মায়ের	সাথে	5
সংসার	এর	সব	5
এর	সব	খরচ	5
সব	খরচ	আমার	5
খরচ	আমার	জামাই	5
আমার	জামাই	দেয়	5
সব	কাজ	আমি	5
কাজ	আমি	করি	5
আমি	করি	উনি	5
করি	উনি	একটা	5
উনি	একটা	কাজ	5
একটা	কাজ	ও	5
ও	করেন	না	5
করেন	না	তাও	5
না	তাও	আমরা	5
তাও	আমরা	খারাপ	5
আমার	চাচা	শ্বশুর	5
চাচা	শ্বশুর	সবাই	5
শ্বশুর	সবাই	আলহামদুলিল্লাহ	5
সবাই	আলহামদুলিল্লাহ	নিজেদের	5
আলহামদুলিল্লাহ	নিজেদের	বাড়ি	5
নিজেদের	বাড়ি	গাড়ি	5
বাড়ি	গাড়ি	করে	5
গাড়ি	করে	ফেলেছেন	5
উনি	নামাজ	কালাম	5
নামাজ	কালাম	ও	5
কালাম	ও	ঠিক	5
ও	ঠিক	মত	5
ঠিক	মত	পড়েন	5
মত	পড়েন	না	5
আমি	এখন	এইগুলো	5
এখন	এইগুলো	মেনে	5
এইগুলো	মেনে	নিতে	5
মেনে	নিতে	পারছি	5
আমি	চাচ্ছি	আলাদা	5
চাচ্ছি	আলাদা	বাসায়	5
আলাদা	বাসায়	চলে	5
বাসায়	চলে	যাবো	5
চলে	যাবো	আমরা	5
এইটা	কি	ঠিক	5
কি	ঠিক	সিদ্ধান্ত	5
ঠিক	সিদ্ধান্ত	হবে	5
সিদ্ধান্ত	হবে	আমাদের	5
হবে	আমাদের	জন্য	5
বিয়ে	হয়েছে	চার	5
হয়েছে	চার	বছর	5
মা	মারা	গেছে	5
মারা	গেছে	আট	5
গেছে	আট	মাস	5
আট	মাস	আগে	5
আমার	বাবা	মার	5
বাবা	মার	একমাত্র	5
মার	একমাত্র	সন্তান	5
মা	মরে	যাওয়ার	5
মরে	যাওয়ার	পর	5
যাওয়ার	পর	বাবা	5
পর	বাবা	খুব	5
বাবা	খুব	একা	5
খুব	একা	হয়ে	5
একা	হয়ে	গিয়েছে	5
তাকে	দেখার	মত	5
দেখার	মত	তেমন	5
মত	তেমন	কেউ	5
তেমন	কেউ	নেই	5
আমি	আমার	সাধ্য	5
আমার	সাধ্য	অনুযায়ী	5
সাধ্য	অনুযায়ী	চেষ্টা	5
অনুযায়ী	চেষ্টা	করি	5
চেষ্টা	করি	বাবার	5
করি	বাবার	খোঁজ	5
বাবার	খোঁজ	খবর	5
খোঁজ	খবর	নিতে	5
আমার	শ্বশুরবাড়ির	লোকজন	5
শ্বশুরবাড়ির	লোকজন	এটা	5
লোকজন	এটা	একেবারেই	5
এটা	একেবারেই	পছন্দ	5
একেবারেই	পছন্দ	করে	5
বাবার	খোঁজখবর	রাখার	5
খোঁজখবর	রাখার	চেষ্টা	5
রাখার	চেষ্টা	করি	5
চেষ্টা	করি	সব	5
করি	সব	সময়	5
আমার	স্বামী	এবং	5
স্বামী	এবং	তার	5
এবং	তার	বাড়ির	5
তার	বাড়ির	লোকজন	5
বাড়ির	লোকজন	কোনভাবেই	5
লোকজন	কোনভাবেই	রাজি	5
কোনভাবেই	রাজি	না	5
একটা	মেয়ের	বিয়ে	5
মেয়ের	বিয়ে	যাওয়ার	5
বিয়ে	যাওয়ার	পর	5
যাওয়ার	পর	তার	5
পর	তার	পরিবারের	5
তার	পরিবারের	প্রতি	5
পরিবারের	প্রতি	তার	5
প্রতি	তার	কি	5
তার	কি	কোন	5
কি	কোন	দায়িত্ব	5
কোন	দায়িত্ব	থাকতে	5
দায়িত্ব	থাকতে	পারে	5
একটা	ছেলে	যেমন	5
ছেলে	যেমন	তার	5
যেমন	তার	দায়িত্ব	5
তার	দায়িত্ব	পালন	5
একটা	মেয়েও	যদি	5
মেয়েও	যদি	তার	5
যদি	তার	বাবার	5
তার	বাবার	দায়িত্ব	5
বাবার	দায়িত্ব	পালন	5
পালন	করে	সেই	5
করে	সেই	ক্ষেত্রে	5
সেই	ক্ষেত্রে	সমস্যাটা	5
ক্ষেত্রে	সমস্যাটা	কোথায়	5
সমস্যাটা	কোথায়	আমি	5
কোথায়	আমি	জানিনা	5
ঈদ	গেছে	দুইদিন	5
গেছে	দুইদিন	পার	5
দুইদিন	পার	হয়ে	5
আমি	আমার	বাবার	5
বাবার	বাসায়	যাওয়ার	5
বাসায়	যাওয়ার	অনুমতি	5
যাওয়ার	অনুমতি	পাচ্ছি	5
অনুমতি	পাচ্ছি	না	5
তাদের	অনুমতির	অপেক্ষা	5
অনুমতির	অপেক্ষা	করতে	5
অপেক্ষা	করতে	হচ্ছে	5
আমরা	সবাই	ঢাকায়	5
সবাই	ঢাকায়	থাকি	5
আমাদের	পুরা	বাড়ি	5
পুরা	বাড়ি	জুড়ে	5
বাড়ি	জুড়ে	বাবা	5
জুড়ে	বাবা	একা	5
বাবা	একা	দুই	5
একা	দুই	তিনজন	5
দুই	তিনজন	কাজের	5
তিনজন	কাজের	লোক	5
কাজের	লোক	আছে	5
লোক	আছে	সাথে	5
বাবা	খুব	করে	5
খুব	করে	চাচ্ছিল	5
করে	চাচ্ছিল	যেন	5
চাচ্ছিল	যেন	আমি	5
যেন	আমি	বাসায়	5
আমি	বাসায়	যাই	5
আজ	রাতে	বাবা	5
রাতে	বাবা	হঠাৎ	5
বাবা	হঠাৎ	করে	5
হঠাৎ	করে	অসুস্থ	5
করে	অসুস্থ	হয়ে	5
অসুস্থ	হয়ে	পড়েছে	5
হয়ে	পড়েছে	খবর	5
পড়েছে	খবর	শুনে	5
খবর	শুনে	হাসপাতালে	5
শুনে	হাসপাতালে	এলাম	5
রাতের	বেলায়	হাসপাতালে	5
বেলায়	হাসপাতালে	আসতে	5
হাসপাতালে	আসতে	চাইলাম	5
আসতে	চাইলাম	সেখানেও	5
চাইলাম	সেখানেও	বাধা	5
সব	বাধাকে	পিছনে	5
বাধাকে	পিছনে	ফেলে	5
পিছনে	ফেলে	আমি	5
ফেলে	আমি	একাই	5
আমি	একাই	হাসপাতালে	5
একাই	হাসপাতালে	এসেছি	5
স্বামী	আমার	সাথে	5
আমার	সাথে	আসেনি	5
তাদের	কথাবার্তা	শুনে	5
কথাবার্তা	শুনে	মনে	5
শুনে	মনে	হয়েছিল	5
মনে	হয়েছিল	আমাকে	5
হয়েছিল	আমাকে	বিয়ে	5
বিয়ে	করেছে	মানে	5
করেছে	মানে	আমাকে	5
মানে	আমাকে	কিনে	5
আমাকে	কিনে	নিয়েছে	5
বাবাকে	হাসপাতালে	দেখে	5
হাসপাতালে	দেখে	খুব	5
দেখে	খুব	খারাপ	5
আমি	মনে	হচ্ছে	5
মনে	হচ্ছে	ভুল	5
হচ্ছে	ভুল	মানুষের	5
ভুল	মানুষের	সাথে	5
মানুষের	সাথে	সংসার	5
সাথে	সংসার	শুরু	5
সংসার	শুরু	করেছি	5
নিজের	পছন্দ	বিয়ে	5
পছন্দ	বিয়ে	করাটা	5
বিয়ে	করাটা	উচিত	5
করাটা	উচিত	হয়নি	5
এখন	থেকে	সিদ্ধান্ত	5
থেকে	সিদ্ধান্ত	নিয়েছি	5
সিদ্ধান্ত	নিয়েছি	আর	5
নিয়েছি	আর	কারো	5
আর	কারো	কথা	5
কারো	কথা	আমি	5
কথা	আমি	শুনবো	5
আমি	শুনবো	না	5
যতদিন	ইচ্ছা	বাবার	5
ইচ্ছা	বাবার	বাসায়	5
বাবার	বাসায়	থাকবো	5
বাসায়	থাকবো	বাবার	5
থাকবো	বাবার	সেবা	5
বাবার	সেবা	যত্ন	5
সেবা	যত্ন	করব	5
এতে	যদি	আমার	5
যদি	আমার	স্বামীর	5
আমার	স্বামীর	খুব	5
স্বামীর	খুব	বেশি	5
খুব	বেশি	সমস্যা	5
বেশি	সমস্যা	হয়	5
তাহলে	তার	সাথে	5
তার	সাথে	আলাদা	5
সাথে	আলাদা	হয়ে	5
আলাদা	হয়ে	যাব	5
আমার	সিদ্ধান্ত	ভুল	5
সিদ্ধান্ত	ভুল	না	5
ভুল	না	সঠিক	5
না	সঠিক	তা	5
সঠিক	তা	জানিনা	5
আমার	সম্পর্কের	৪	5
সম্পর্কের	৪	বছর	5
৪	বছর	হতে	5
বছর	হতে	চলল	5
ছেলে	আর	কেউ	5
আর	কেউ	না	5
কেউ	না	আমারই	5
না	আমারই	খালাতো	5
আমারই	খালাতো	ভাই	5
উনি	দেশের	বাহিরে	5
দেশের	বাহিরে	থাকে	5
বাহিরে	থাকে	খুব	5
থাকে	খুব	ঘন	5
খুব	ঘন	ঘন	5
ঘন	ঘন	আসা	5
ঘন	আসা	যাওয়া	5
আসা	যাওয়া	করত	5
তাই	সম্পর্কটা	বেশ	5
সম্পর্কটা	বেশ	ভালই	5
বেশ	ভালই	ছিল	5
উনি	দেশে	আসলে	5
দেশে	আসলে	আমাকে	5
আসলে	আমাকে	এয়ার্পোটে	5
আমাকে	এয়ার্পোটে	যাইতে	5
এয়ার্পোটে	যাইতে	হইত	5
এরপর	সে	আরেকটা	5
সে	আরেকটা	ফ্লাইটে	5
আরেকটা	ফ্লাইটে	করে	5
ফ্লাইটে	করে	বাসায়	5
করে	বাসায়	যাইত	5
আমার	সাথে	সে	5
সাথে	সে	আগে	5
সে	আগে	দেখা	5
আগে	দেখা	করত	5
উনি	শুধুমাত্র	আমার	5
শুধুমাত্র	আমার	সাথে	5
সাথে	দেখা	করার	5
দেখা	করার	জন্য	5
করার	জন্য	দেশে	5
জন্য	দেশে	আসছে	5
সে	তাঁর	বাসায়ও	5
তাঁর	বাসায়ও	যায়নি	5
উনার	কাজ	বাদে	5
কাজ	বাদে	যেইটুকু	5
বাদে	যেইটুকু	সময়	5
যেইটুকু	সময়	থাকত	5
সময়	থাকত	আমার	5
থাকত	আমার	সাথে	5
সাথে	কথা	বলতো	5
আমি	তাঁর	সাথে	5
তাঁর	সাথে	সারারাত	5
সাথে	সারারাত	জেগে	5
সারারাত	জেগে	ফোনে	5
জেগে	ফোনে	কথা	5
ফোনে	কথা	বলতাম	5
ডিসেম্বর	মাসে	সে	5
মাসে	সে	তার	5
তার	পরিবারকে	জানায়	5
পরিবারকে	জানায়	আমার	5
জানায়	আমার	কথা	5
তার	পরিবার	কোনোমতেই	5
পরিবার	কোনোমতেই	এই	5
কোনোমতেই	এই	বিয়েতে	5
বিয়েতে	রাজি	না	5
এরপর	সে	আমার	5
সাথে	যোগাযোগ	রাখেনি	5
এইটাই	আমার	সাথে	5
সাথে	তার	শেষ	5
তার	শেষ	কথা	5
আমাকে	ব্লক	করে	5
করে	দেয়	সবখান	5
দেয়	সবখান	থেকেই	5
আমি	নিজে	অনেক	5
নিজে	অনেক	অসুস্থ	5
আমি	বিগত	৬	5
বিগত	৬	মাস	5
৬	মাস	রাতে	5
মাস	রাতে	ঘুমাতে	5
রাতে	ঘুমাতে	পারি	5
ঘুমাতে	পারি	না	5
আমি	বেশ	কিছুদিন	5
বেশ	কিছুদিন	আগেই	5
কিছুদিন	আগেই	জানতে	5
আগেই	জানতে	পারি	5
পারি	আমার	বড়	5
বড়	বোন	পরোকিয়ায়	5
বোন	পরোকিয়ায়	লিপ্ত	5
তার	অফিসের	বিবাহিত	5
অফিসের	বিবাহিত	এক	5
বিবাহিত	এক	লোকের	5
এক	লোকের	সাথে	5
আমার	বোন	অবিবাহিত	5
আমার	বোনের	কাজ	5
বোনের	কাজ	কথা	5
কাজ	কথা	অনেক	5
দিন	ধরেই	সন্দেহজনক	5
ধরেই	সন্দেহজনক	মনে	5
সন্দেহজনক	মনে	হওয়ায়	5
মনে	হওয়ায়	আমি	5
হওয়ায়	আমি	তাকে	5
আমি	তাকে	নজরে	5
তাকে	নজরে	রাখছিলাম	5
আমি	বিশ্বাস	করতে	5
বিশ্বাস	করতে	পারছিলাম	5
পারছিলাম	না	আমার	5
না	আমার	বোন	5
আমার	বোন	এই	5
বোন	এই	কাজ	5
সে	নানান	বাহানায়	5
নানান	বাহানায়	বাসায়	5
বাহানায়	বাসায়	একা	5
বাসায়	একা	থাকতে	5
একা	থাকতে	চাইতো	5
বাসায়	আমি	ছাড়া	5
আমি	ছাড়া	কেও	5
ছাড়া	কেও	কিছু	5
কেও	কিছু	জানে	5
আমার	বাবা	বেচে	5
বাবা	বেচে	নেই	5
সমাজে	সবাই	আমাদের	5
সবাই	আমাদের	অনেক	5
আমাদের	অনেক	সম্মান	5
অনেক	সম্মান	দিয়ে	5
সম্মান	দিয়ে	চলে	5
আমার	বোন	কেন	5
বোন	কেন	এই	5
কেন	এই	পথে	5
এই	পথে	পা	5
পথে	পা	বাড়ালো	5
পা	বাড়ালো	জানাজানি	5
বাড়ালো	জানাজানি	হলে	5
জানাজানি	হলে	কিভাবে	5
হলে	কিভাবে	মুখ	5
কিভাবে	মুখ	দেখাবো	5
মুখ	দেখাবো	সেই	5
দেখাবো	সেই	চিন্তায়	5
সেই	চিন্তায়	ঘুমাতে	5
চিন্তায়	ঘুমাতে	পারছি	5
ঘুমাতে	পারছি	না	5
বাসায়	কাকে	জানাবো	5
কাকে	জানাবো	কিভাবে	5
জানাবো	কিভাবে	জানাবো	5
কিভাবে	জানাবো	বুঝতেছিনা	5
আমি	আমার	বোনের	5
আমার	বোনের	চেয়ে	5
বোনের	চেয়ে	অনেক	5
চেয়ে	অনেক	বছরের	5
অনেক	বছরের	ছোট	5
আমার	বোনকে	কিভাবে	5
বোনকে	কিভাবে	এই	5
কিভাবে	এই	পথ	5
এই	পথ	থেকে	5
পথ	থেকে	সরিয়ে	5
থেকে	সরিয়ে	আনবো	5
সরিয়ে	আনবো	কিছুই	5
আনবো	কিছুই	বুঝতে	5
কিছুই	বুঝতে	পারছি	5
বাসায়	ভয়ে	বলতে	5
ভয়ে	বলতে	পারছি	5
যদি	আমি	জেনে	5
গেছি	শুনে	আমার	5
শুনে	আমার	ক্ষতি	5
আমার	ক্ষতি	করার	5
ক্ষতি	করার	চেষ্টা	5
করার	চেষ্টা	করে	5
ঐ	লোক	যদি	5
লোক	যদি	আমার	5
যদি	আমার	বোনের	5
আমার	বোনের	কোনো	5
বোনের	কোনো	ক্ষতি	5
কোনো	ক্ষতি	করে	5
করা	উচিত	এমন	5
উচিত	এমন	পরিস্থিতিতে	5
হচ্ছে	আমি	জেনে	5
গেছি	শুনে	ওরা	5
শুনে	ওরা	আমাকে	5
ওরা	আমাকে	খুন	5
আমাকে	খুন	করতেও	5
খুন	করতেও	দুইবার	5
করতেও	দুইবার	ভাববে	5
দুইবার	ভাববে	না	5
এতো	এতো	সংসারের	5
এতো	সংসারের	ঝামেলা	5
সংসারের	ঝামেলা	দেখে	5
ঝামেলা	দেখে	পোস্ট	5
সন্ধ্যায়	আমার	মা	5
আমার	মা	এসে	5
মা	এসে	আমাকে	5
এসে	আমাকে	অভিযোগ	5
আমাকে	অভিযোগ	দিলো	5
অভিযোগ	দিলো	আমার	5
দিলো	আমার	বাবার	5
বাবার	সাথে	ঝগড়া	5
সাথে	ঝগড়া	হয়েছে	5
ঝগড়া	হয়েছে	আবার	5
আগে	পরের	হিসাব	5
পরের	হিসাব	বাদ	5
হিসাব	বাদ	আজকে	5
বাদ	আজকে	ঝগড়ার	5
আজকে	ঝগড়ার	বিষয়	5
ঝগড়ার	বিষয়	আব্বু	5
বিষয়	আব্বু	বিদেশে	5
সে	সারাদিন	কত	5
সারাদিন	কত	কষ্ট	5
কষ্ট	করে	কাজ	5
এক	বেলা	খাওয়ার	5
বেলা	খাওয়ার	সময়	5
খাওয়ার	সময়	পায়	5
সময়	পায়	এসব	5
পায়	এসব	আম্মু	5
এসব	আম্মু	কে	5
আম্মু	কে	বলছে	5
আম্মু	তখন	উলটে	5
তখন	উলটে	বলছে	5
উলটে	বলছে	আমি	5
বলছে	আমি	ও	5
আমি	ও	সারাদিন	5
ও	সারাদিন	অনেক	5
সারাদিন	অনেক	কাজ	5
অনেক	কাজ	করি	5
গত	কাল	না	5
কাল	না	খেয়ে	5
না	খেয়ে	রোজা	5
খেয়ে	রোজা	ছিলাম	5
এটা	শুনে	আব্বু	5
শুনে	আব্বু	রেগে	5
আব্বু	রেগে	ফোন	5
রেগে	ফোন	কেটে	5
ফোন	কেটে	দিছে	5
আমি	আম্মু	কে	5
আম্মু	কে	বললাম	5
কে	বললাম	আব্বু	5
বললাম	আব্বু	শুনতে	5
আব্বু	শুনতে	চাইছে	5
শুনতে	চাইছে	একটু	5
চাইছে	একটু	সান্ত্বনা	5
আমিও	বুঝি	তুমি	5
বুঝি	তুমি	অনেক	5
তুমি	অনেক	কষ্ট	5
অনেক	কষ্ট	করো	5
আম্মুর	কথা	কয়দিন	5
কথা	কয়দিন	আগে	5
কয়দিন	আগে	আমি	5
আগে	আমি	তাকে	5
আমি	তাকে	একটা	5
তাকে	একটা	কষ্টের	5
কষ্টের	কথা	বলছি	5
আমার	সাথে	কি	5
সাথে	কি	করলো	5
কি	করলো	আমাকে	5
করলো	আমাকে	ও	5
আমাকে	ও	তাই	5
ও	তাই	করতে	5
তাই	করতে	হবে	5
এমন	মনোভাব	নিয়ে	5
মনোভাব	নিয়ে	সংসারে	5
নিয়ে	সংসারে	কখনো	5
সংসারে	কখনো	সুখ	5
কখনো	সুখ	আসে	5
সুখ	আসে	না	5
আমার	মার	কাছে	5
মার	কাছে	আমার	5
কাছে	আমার	জামাই	5
আমার	জামাই	খুব	5
জামাই	খুব	ভাল	5
এক	কথায়	সোনার	5
কথায়	সোনার	টুকরো	5
সোনার	টুকরো	স্বামী	5
টুকরো	স্বামী	আমার	5
আমাকে	বোঝে	আমার	5
বোঝে	আমার	সব	5
সব	কথা	শোনে	5
আমার	হয়ে	প্রতিবাদ	5
হয়ে	প্রতিবাদ	করে	5
প্রতিবাদ	করে	আরো	5
করে	আরো	কত	5
আরো	কত	গুন	5
আমি	তাকে	এইগুলো	5
তাকে	এইগুলো	শিখাইছি	5
আমি	রেগে	থাকলেও	5
রেগে	থাকলেও	সে	5
থাকলেও	সে	বুঝতো	5
সে	বুঝতো	না	5
আমি	পাশে	বসায়ে	5
পাশে	বসায়ে	বলছি	5
বসায়ে	বলছি	যে	5
বলছি	যে	এই	5
যে	এই	কাজের	5
কাজের	জন্য	আমার	5
জন্য	আমার	খারাপ	5
আমার	খারাপ	লাগছে	5
এখন	তুমি	আমার	5
আমি	তাকে	কখনো	5
তাকে	কখনো	তার	5
কখনো	তার	কোনো	5
তার	কোনো	কাজ	5
কোনো	কাজ	নিয়ে	5
কাজ	নিয়ে	খোটা	5
নিয়ে	খোটা	দেই	5
খোটা	দেই	নি	5
আমি	একটা	কষ্টের	5
কষ্টের	কথা	বললে	5
কথা	বললে	সে	5
বললে	সে	নিজের	5
সে	নিজের	কষ্টের	5
নিজের	কষ্টের	কথা	5
কষ্টের	কথা	বলছে	5
আমি	আমার	বিষয়	5
আমার	বিষয়	সাইডে	5
বিষয়	সাইডে	রেখে	5
সাইডে	রেখে	তাকে	5
রেখে	তাকে	সান্ত্বনা	5
তাকে	সান্ত্বনা	দিছি	5
সে	যেভাবে	আমাকে	5
যেভাবে	আমাকে	আশা	5
আমাকে	আশা	করছে	5
আশা	করছে	আমি	5
করছে	আমি	নিজেকে	5
আমি	নিজেকে	সেভাবে	5
নিজেকে	সেভাবে	উপস্থাপন	5
সেভাবে	উপস্থাপন	করছি	5
আমার	কখনো	মনে	5
কখনো	মনে	হয়	5
হয়	নি	আমি	5
নি	আমি	কেন	5
আমি	কেন	ছোট	5
কেন	ছোট	হবো	5
ও	আমার	সাথে	5
আমার	সাথে	এটা	5
সাথে	এটা	করছে	5
এটা	করছে	আমিও	5
করছে	আমিও	ওর	5
আমিও	ওর	সাথে	5
ওর	সাথে	এটা	5
সাথে	এটা	করবো	5
ও	বোঝে	না	5
বোঝে	না	আমার	5
না	আমার	ঠেকা	5
আমার	ঠেকা	নাই	5
ঠেকা	নাই	বুঝানোর	5
মানুষ	যার	যার	5
যার	যার	নিজের	5
যার	নিজের	মত	5
বিশ্বাস	করি	কাউকে	5
করি	কাউকে	যদি	5
যদি	আমি	নিজের	5
আমি	নিজের	মত	5
নিজের	মত	চাই	5
মত	চাই	তাহলে	5
চাই	তাহলে	নিজের	5
তাহলে	নিজের	মত	5
নিজের	মত	বানিয়ে	5
মত	বানিয়ে	নিতে	5
বানিয়ে	নিতে	হবে	5
কাউকে	নিজের	মত	5
নিজের	মত	বানানোর	5
মত	বানানোর	জন্য	5
বানানোর	জন্য	আগে	5
জন্য	আগে	আমাকে	5
আগে	আমাকে	তার	5
আমাকে	তার	মত	5
তার	মত	হতে	5
মত	হতে	হবে	5
এটা	জরুরি	না	5
জরুরি	না	সব	5
সব	সময়	সব	5
সময়	সব	কিছু	5
সব	কিছু	অপর	5
কিছু	অপর	জন	5
অপর	জন	করবে	5
নিজে	কিছু	একটা	5
আমার	স্বামী	পর	5
স্বামী	পর	পর	5
৩	বছর	আমার	5
বছর	আমার	জন্মদিন	5
আমার	জন্মদিন	মনেও	5
জন্মদিন	মনেও	রাখে	5
মনেও	রাখে	নি	5
আমি	পর	পর	5
৩	বছর	তাকে	5
বছর	তাকে	সারপ্রাইজ	5
তাকে	সারপ্রাইজ	দিয়েছি	5
সারপ্রাইজ	দিয়েছি	জন্মদিনে	5
আমি	কিন্তু	এটা	5
কিন্তু	এটা	ভাবি	5
এটা	ভাবি	নি	5
ভাবি	নি	যে	5
নি	যে	ও	5
যে	ও	মনে	5
ও	মনে	রাখে	5
মনে	রাখে	না	5
রাখে	না	আমি	5
না	আমি	কেন	5
আমি	কেন	করতে	5
কেন	করতে	যাবো	5
আর	এবছর	সে	5
এবছর	সে	বিশাল	5
সে	বিশাল	করে	5
বিশাল	করে	সারপ্রাইজ	5
করে	সারপ্রাইজ	দিয়েছে	5
সারপ্রাইজ	দিয়েছে	আমাকে	5
কেক	এর	উপর	5
এর	উপর	লেখা	5
উপর	লেখা	ছিল	5
লেখা	ছিল	শুভ	5
ছিল	শুভ	জন্মদিন	5
শুভ	জন্মদিন	আমার	5
জন্মদিন	আমার	বউ	5
সময়	লেগেছে	কিন্তু	5
লেগেছে	কিন্তু	আমি	5
কিন্তু	আমি	যা	5
আমি	যা	তার	5
তার	থেকে	চাই	5
থেকে	চাই	সেটা	5
চাই	সেটা	কিন্তু	5
সেটা	কিন্তু	ঠিক	5
কিন্তু	ঠিক	বের	5
ঠিক	বের	করে	5
বের	করে	এনেছি	5
কাউকে	তোমার	কথা	5
তোমার	কথা	শুনাতে	5
কথা	শুনাতে	হতে	5
শুনাতে	হতে	আগে	5
হতে	আগে	তুমি	5
আগে	তুমি	তার	5
তুমি	তার	কথা	5
তার	কথা	শোনো	5
আমরা	তিন	ভাই	5
তিন	ভাই	বোন	5
ভাই	বোন	আমি	5
বোন	আমি	সবার	5
আমি	সবার	বড়	5
আমার	মা	ভাই	5
মা	ভাই	বোন	5
ভাই	বোন	বরিশালে	5
বোন	বরিশালে	থাকে	5
আমি	সিলেট	থাকি	5
ঢাকায়	এসেছি	এসএসসি	5
এসেছি	এসএসসি	পরীক্ষা	5
এসএসসি	পরীক্ষা	দিয়ে	5
ছোট	খালার	বাসায়	5
খালার	বাসায়	থেকেই	5
বাসায়	থেকেই	পড়ালেখা	5
থেকেই	পড়ালেখা	করে	5
পড়ালেখা	করে	এইচএসসি	5
করে	এইচএসসি	পরীক্ষা	5
এইচএসসি	পরীক্ষা	দিয়েছি	5
আমার	খালার	বাসাতে	5
খালার	বাসাতে	ফেরা	5
বাসাতে	ফেরা	কি	5
ফেরা	কি	ঠিক	5
আম্মু	খালা	লেখাপড়ার	5
খালা	লেখাপড়ার	জন্য	5
লেখাপড়ার	জন্য	ঢাকায়	5
জন্য	ঢাকায়	ফিরতে	5
ঢাকায়	ফিরতে	বলবে	5
ফিরতে	বলবে	আমি	5
বলবে	আমি	যেতে	5
আমি	যেতে	পারবো	5
যেতে	পারবো	না	5
ঐ	লোকের	সামনে	5
লোকের	সামনে	আমি	5
সামনে	আমি	দাঁড়াতে	5
আমি	দাঁড়াতে	পারবোনা	5
আমার	মতো	এতো	5
মতো	এতো	ভুল	5
এতো	ভুল	মনে	5
ভুল	মনে	হয়	5
মনে	হয়	কেউ	5
হয়	কেউ	করে	5
কেউ	করে	না	5
আমি	তো	সত্যি	5
তো	সত্যি	ভেবেই	5
সত্যি	ভেবেই	ভুলে	5
ভেবেই	ভুলে	জড়ায়	5
ভুলে	জড়ায়	পরতাম	5
আমি	কিভাবে	বুঝতাম	5
কিভাবে	বুঝতাম	যে	5
বুঝতাম	যে	মানুষগুলো	5
যে	মানুষগুলো	সঠিক	5
মানুষগুলো	সঠিক	না	5
আমার	প্রথম	ভালোবাসার	5
প্রথম	ভালোবাসার	মানুষটা	5
ভালোবাসার	মানুষটা	ছিলো	5
মানুষটা	ছিলো	ভুল	5
সে	পুরো	৬	5
পুরো	৬	বছর	5
৬	বছর	আমাকে	5
বছর	আমাকে	ঠকাইছে	5
প্রতিবারই	আশা	করতাম	5
আশা	করতাম	যে	5
করতাম	যে	ভালো	5
যে	ভালো	হয়ে	5
ভালো	হয়ে	গেছে	5
শেষ	বার	যে	5
বার	যে	মেয়ের	5
যে	মেয়ের	জন্য	5
মেয়ের	জন্য	আমায়	5
জন্য	আমায়	ছেড়ে	5
আমায়	ছেড়ে	গেছিলো	5
ছেড়ে	গেছিলো	শুনছি	5
গেছিলো	শুনছি	সে	5
শুনছি	সে	নাকি	5
সে	নাকি	অনেক	5
নাকি	অনেক	সুন্দর	5
দুনিয়া	তে	আসলে	5
তে	আসলে	চেহারার	5
আসলে	চেহারার	সুন্দরই	5
চেহারার	সুন্দরই	সব	5
আমার	মনটা	কেউ	5
মনটা	কেউ	বুঝে	5
কেউ	বুঝে	নাহ	5
তারপর	আমি	আবার	5
আমি	আবার	ভুল	5
আবার	ভুল	করছিলাম	5
কোনো	এক	ভাবে	5
এক	ভাবে	আমাদের	5
ভাবে	আমাদের	কথা	5
আমাদের	কথা	শুরু	5
কথা	শুরু	হয়	5
ধিরে	ধিরে	দুর্বল	5
ধিরে	দুর্বল	হয়ে	5
দুর্বল	হয়ে	পড়লাম	5
হয়ে	পড়লাম	তার	5
পড়লাম	তার	প্রতি	5
সেও	আমার	প্রতি	5
আমার	প্রতি	দুর্বল	5
দুর্বল	হয়ে	গেছিলো	5
একটা	সময়	পর	5
সময়	পর	বুঝলাম	5
পর	বুঝলাম	যে	5
বুঝলাম	যে	আমরা	5
যে	আমরা	একে	5
আমরা	একে	অপরকে	5
একে	অপরকে	চাই	5
প্রথম	দিকে	আমি	5
দিকে	আমি	খারাপ	5
আমি	খারাপ	ব্যবহার	5
খারাপ	ব্যবহার	করতাম	5
প্রথমবার	ঠকার	পর	5
ঠকার	পর	একটা	5
পর	একটা	ভয়	5
একটা	ভয়	ঢুকে	5
ভয়	ঢুকে	গেছিলো	5
ঢুকে	গেছিলো	ভিতরে	5
তাকে	আমি	বলে	5
আমি	বলে	নিছিলাম	5
বলে	নিছিলাম	যে	5
নিছিলাম	যে	আমার	5
যে	আমার	তোমাকে	5
আমার	তোমাকে	বিশ্বাস	5
তোমাকে	বিশ্বাস	করতে	5
বিশ্বাস	করতে	সময়	5
সে	বলছিলো	সমস্যা	5
বলছিলো	সমস্যা	নাই	5
আমি	তোমার	পাশে	5
তোমার	পাশে	আছি	5
সব	কথা	মেনে	5
কথা	মেনে	নিবো	5
ঝে	মাঝে	ঝগড়া	5
মাঝে	ঝগড়া	হতো	5
ঝগড়া	হতো	কিন্তু	5
হতো	কিন্তু	সেইদিনই	5
কিন্তু	সেইদিনই	সব	5
সেইদিনই	সব	ঠিক	5
ঠিক	হয়ে	যাইতো	5
সে	আমার	ছোট	5
আমার	ছোট	ছোট	5
ছোট	ছোট	পছন্দের	5
ছোট	পছন্দের	জিনিসও	5
পছন্দের	জিনিসও	খেয়াল	5
জিনিসও	খেয়াল	রাখতো	5
দ্বিতীয়	জনকে	পেয়ে	5
জনকে	পেয়ে	নিজেকে	5
পেয়ে	নিজেকে	খুব	5
নিজেকে	খুব	ভাগ্যবতী	5
খুব	ভাগ্যবতী	মনে	5
ভাগ্যবতী	মনে	হতো	5
আমার	সাথে	বাজে	5
সাথে	বাজে	ব্যবহার	5
বাজে	ব্যবহার	করতে	5
ব্যবহার	করতে	থাকলো	5
ততোদিনে	আমি	তার	5
আমি	তার	প্রতি	5
তার	প্রতি	অনেকটাই	5
প্রতি	অনেকটাই	দুর্বল	5
অনেকটাই	দুর্বল	হয়ে	5
দুর্বল	হয়ে	গেছি	5
সে	আমাকে	ঝগড়া	5
আমাকে	ঝগড়া	হলেই	5
ঝগড়া	হলেই	সব	5
হলেই	সব	সময়	5
সব	সময়	অপমান	5
সময়	অপমান	করে	5
পরিবার	তুলে	গালি	5
তুলে	গালি	দেয়	5
আমি	দ্বিতীয়	বার	5
দ্বিতীয়	বার	ভালোবেসেও	5
বার	ভালোবেসেও	ঠকে	5
ভালোবেসেও	ঠকে	গেছি	5
তবে	আমি	তাকে	5
আমি	তাকে	এখনো	5
তাকে	এখনো	ভালোবাসি	5
তার	দেয়া	কথা	5
দেয়া	কথা	গুলা	5
কথা	গুলা	মাঝে	5
গুলা	মাঝে	মাঝে	5
মাঝে	মনে	পড়লে	5
মনে	পড়লে	অনেক	5
পড়লে	অনেক	হাসি	5
অনেক	হাসি	আসে	5
তার	কি	একটুও	5
কি	একটুও	মনে	5
একটুও	মনে	পড়ে	5
মনে	পড়ে	না	5
পড়ে	না	আগের	5
না	আগের	দিনের	5
আগের	দিনের	কথা	5
সে	কিভাবে	পারলো	5
কিভাবে	পারলো	এতো	5
পারলো	এতো	স্বপ্ন	5
এতো	স্বপ্ন	দেখানোর	5
স্বপ্ন	দেখানোর	পরে	5
দেখানোর	পরে	আমাকে	5
পরে	আমাকে	ঠকাইতে	5
এখন	নিজেকেই	আর	5
নিজেকেই	আর	বিশ্বাস	5
আর	বিশ্বাস	করতে	5
বিশ্বাস	করতে	পারি	5
কি	ছিলাম	আর	5
ছিলাম	আর	কি	5
আর	কি	হলাম	5
বিয়ের	বয়স	২২	5
বয়স	২২	মাস	5
আমার	৮	মাসের	5
৮	মাসের	একটা	5
মাসের	একটা	ছেলে	5
একটা	ছেলে	বাবু	5
ছেলে	বাবু	আছে	5
এই	করোনায়	অনার্স	5
করোনায়	অনার্স	ফাইনাল	5
অনার্স	ফাইনাল	ইয়ারে	5
ফাইনাল	ইয়ারে	থাকাকালীন	5
ইয়ারে	থাকাকালীন	বিয়ে	5
থাকাকালীন	বিয়ে	হয়ে	5
বিয়ে	হয়ে	যায়	5
আমি	গনিতে	অনার্স	5
গনিতে	অনার্স	করতেছিলাম	5
এদিকে	যার	সাথে	5
যার	সাথে	বিয়ে	5
সাথে	বিয়ে	হয়	5
বিয়ে	হয়	সে	5
হয়	সে	অশিক্ষিত	5
সে	স্কুলেই	যাইনি	5
স্কুলেই	যাইনি	কখনো	5
সময়	বলছিলো	ছেলে	5
বলছিলো	ছেলে	চাকরি	5
ছেলে	চাকরি	করে	5
আমার	বর	ছোটবেলায়	5
বর	ছোটবেলায়	তার	5
ছোটবেলায়	তার	মা	5
তার	মা	হারায়	5
সময়	বলছিলো	বরের	5
বলছিলো	বরের	বাড়ি	5
বরের	বাড়ি	আছে	5
এসব	নিয়ে	আমি	5
নিয়ে	আমি	সমস্যা	5
আমি	সমস্যা	করি	5
সমস্যা	করি	নি	5
বোনকে	বাসায়	পাঠিয়ে	5
বাসায়	পাঠিয়ে	দিয়েছি	5
আমি	এক	কাপড়ে	5
এক	কাপড়ে	বাসা	5
কাপড়ে	বাসা	থেকে	5
বাসা	থেকে	বের	5
বের	হয়ে	এসেছি	5
কাল	ঘটনাটা	শোনার	5
ঘটনাটা	শোনার	পর	5
শোনার	পর	থেকে	5
পর	থেকে	আমার	5
থেকে	আমার	দম	5
আমার	দম	বন্ধ	5
দম	বন্ধ	লাগছিল	5
স্বামী	বাসায়	ফিরলেই	5
বাসায়	ফিরলেই	আমার	5
ফিরলেই	আমার	কোলে	5
আমার	কোলে	মাথা	5
কোলে	মাথা	রাখে	5
একজন	মেয়ে	বয়স	5
মেয়ে	বয়স	২৩	5
বয়স	২৩	বছর	5
বিয়ে	হয়েছে	১	5
হয়েছে	১	মাস	5
আমার	স্বামী	ভালো	5
স্বামী	ভালো	অনেক	5
আমি	কিছুই	জানতাম	5
কিছুই	জানতাম	না	5
কি	হবে	তার	5
হবে	তার	জন্য	5
তার	জন্য	কেঁদে	5
সে	তো	বুঝবেনা	5
তুমি	বোকার	মতো	5
বোকার	মতো	তাকে	5
মতো	তাকে	নিয়ে	5
তাকে	নিয়ে	ভেবে	5
নিয়ে	ভেবে	বসে	5
ভেবে	বসে	থাকবে	5
বসে	থাকবে	কেন	5
আমার	ইচ্ছা	আমি	5
ইচ্ছা	আমি	ভাব্বো	5
আমি	তো	বোকাই	5
আমি	কি	বোকা	5
তুমি	অনেক	চালাক	5
আমি	বার	বার	5
বার	বার	ভালোবেসে	5
বার	ভালোবেসে	ঠকে	5
ভালোবেসে	ঠকে	গেছি	5
ভালোবাসা	অনেক	কষ্টের	5
তোমার	এক	ফোটা	5
এক	ফোটা	হাসি	5
ফোটা	হাসি	দেখার	5
হাসি	দেখার	জন্য	5
দেখার	জন্য	বসে	5
জন্য	বসে	আছি	5
একটু	আগেই	ঝাড়ু	5
আগেই	ঝাড়ু	দেওয়া	5
ঝাড়ু	দেওয়া	হয়েছে	5
পানি	দিয়ে	মুছে	5
দিয়ে	মুছে	দেওয়া	5
মুছে	দেওয়া	হয়েছে	5
এলাকায়	আগুন	লেগেছে	5
আমার	নানা	অসুস্থ	5
অনেক	শিক্ষার্থী	নতুন	5
রোগীকে	হাসপাতালে	থাকতে	5
হাসপাতালে	থাকতে	হবে	5
নানাকে	দেখতে	গিয়েছিলাম	5
নানা	আমাকে	দেখে	5
সেটা	একধরনের	যোগাযোগ	5
আমি	গতকাল	স্কুলে	5
গতকাল	স্কুলে	আসিনি	5
তাদেও	কেও	স্কুলে	5
কেও	স্কুলে	আসেনি	5
তাদের	জানার	কথা	5
জানার	কথা	নয়	5
বড়ো	মামা	বিদেশ	5
মামা	বিদেশ	থেকে	5
ক্লাসে	কোন	বিষয়	5
কেন	পলাশের	কথায়	5
পলাশের	কথায়	বিরক্ত	5
কথায়	বিরক্ত	হয়েছিল	5
ইচ্ছা	ছিল	কোনো	5
ছিল	কোনো	জায়গায়	5
কোনো	জায়গায়	ঘুরতে	5
জায়গায়	ঘুরতে	যাব	5
অনেকবার	লালবাগ	কেল্লার	5
লালবাগ	কেল্লার	কথা	5
কেল্লার	কথা	শুনেছি	5
সবাই	মিলে	সেখানে	5
মিলে	সেখানে	যাব	5
আমার	মামাতো	বোনও	5
মামাতো	বোনও	যেতে	5
বোনও	যেতে	চাইল	5
লিখে	শিক্ষকের	কাছে	5
শিক্ষকের	কাছে	জমা	5
কাছে	জমা	দাও	5
সব	অঞ্চলের	মানুষের	5
অঞ্চলের	মানুষের	ভাষা	5
অনেক	শব্দের	উচ্চারণ	5
শব্দের	উচ্চারণ	আলাদা	5
উচ্চারণ	আলাদা	হয়	5
দক্ষিণের	জেলা	কক্সবাজার	5
সাড়ে	চারটায়	সবার	5
চারটায়	সবার	মাঠে	5
সবার	মাঠে	আসার	5
মাঠে	আসার	কথা	5
আজ	কোনো	খেলা	5
কোনো	খেলা	হবে	5
খেলা	হবে	না	5
একটা	পোড়োবাড়ি	আছে	5
এখানে	কী	করছো	5
কী	করছো	তোমরা	5
চারপাশে	কত	বড়ো	5
কত	বড়ো	বড়ো	5
দিনের	বেলাতেও	বাড়ির	5
বেলাতেও	বাড়ির	ভিতরটা	5
বাড়ির	ভিতরটা	অন্ধকার	5
ভিতরটা	অন্ধকার	হয়ে	5
অন্ধকার	হয়ে	থাকে	5
রেলগাড়ি	চলে	রেললাইনের	5
চলে	রেললাইনের	উপর	5
রেললাইনের	উপর	দিয়ে	5
উপহার	পেতে	প্রত্যেকের	5
পেতে	প্রত্যেকের	ভালো	5
প্রত্যেকের	ভালো	লাগে	5
অচেনা	লোকের	উপহার	5
লোকের	উপহার	গ্রহণ	5
উপহার	গ্রহণ	করি	5
গ্রহণ	করি	না	5
উপহার	দিতে	অনেকের	5
দিতে	অনেকের	ভালো	5
অনেকের	ভালো	লাগে	5
খেলার	মাঠে	আমরা	5
মাঠে	আমরা	রোজ	5
আমরা	রোজ	খেলতে	5
রোজ	খেলতে	যাই	5
এক	চানাচুরওয়ালাকে	দেখা	5
চানাচুরওয়ালাকে	দেখা	যায়	5
তিনি	চানাচুর	বিক্রি	5
চানাচুর	বিক্রি	করতে	5
বিক্রি	করতে	আসেন	5
তুমি	ভালো	আছ	5
চিঠি	সাধারণত	খামে	5
সাধারণত	খামে	ভরে	5
খামে	ভরে	পাঠানো	5
ভরে	পাঠানো	হয়	5
বলে	লাভ	নেই	5
লাভ	নেই	দুঃখ	5
নেই	দুঃখ	পাবে	5
তবে	বেঁচে	আছি	5
বেঁচে	আছি	ও	5
আছি	ও	খুব	5
ও	খুব	ভালো	5
খুব	ভালো	আছি	5
তোমরা	ভালো	আছ	5
আমার	জন্য	বেশি	5
জন্য	বেশি	চিন্তা	5
বেশি	চিন্তা	কোরো	5
চিন্তা	কোরো	না	5
এখন	ঘরে	ঘরে	5
ঘরে	ঘরে	টেলিভিশন	5
ঘরে	টেলিভিশন	দেখা	5
টেলিভিশন	দেখা	যায়	5
টেলিভিশনে	কথা	শোনা	5
শোনা	যায়	ছবিও	5
যায়	ছবিও	দেখা	5
ছবিও	দেখা	যায়	5
রেডিওতে	কেবল	কথা	5
কেবল	কথা	শোনা	5
হাজার	বছর	আগে	5
বছর	আগে	সব	5
আগে	সব	পুরুষই	5
সব	পুরুষই	পরত	5
পুরুষই	পরত	ধুতি	5
পরত	ধুতি	পরত	5
তখনো	মেয়েরা	আঁচল	5
মেয়েরা	আঁচল	টেনে	5
আঁচল	টেনে	ঘোমটা	5
টেনে	ঘোমটা	দিত	5
ভাত	বাঙালির	বহুকালের	5
বাঙালির	বহুকালের	প্রিয়	5
বহুকালের	প্রিয়	খাদ্য	5
মেয়েরা	বাগান	করতে	5
বাগান	করতে	ভালোবাসত	5
মেয়েরা	সাঁতার	কাটতে	5
সাঁতার	কাটতে	ভালোবাসত	5
ধনী	লোকেরা	ঘোড়া	5
লোকেরা	ঘোড়া	আর	5
ঘোড়া	আর	হাতির	5
আর	হাতির	খেলা	5
হাতির	খেলা	দেখত	5
যাতায়াতের	প্রধান	উপায়	5
প্রধান	উপায়	ছিল	5
উপায়	ছিল	নৌকা	5
বড়ো	বোনের	ঘরে	5
বোনের	ঘরে	তার	5
ঘরে	তার	জন্যে	5
তার	জন্যে	ছোটো	5
জন্যে	ছোটো	খাট	5
ছোটো	খাট	দেওয়া	5
খাট	দেওয়া	হলো	5
তার	কাছে	সব	5
কাছে	সব	দেশের	5
সব	দেশের	টাকা	5
সে	তোকে	কিছু	5
তোকে	কিছু	উপহার	5
কিছু	উপহার	দিলো	5
উপহার	দিলো	না	5
আম্মা	নানাকে	একটা	5
নানাকে	একটা	চিঠি	5
একটা	চিঠি	লিখছেন	5
আমাদের	নামের	প্রয়োজন	5
নামের	প্রয়োজন	হয়	5
আমরা	এমনিতেই	পরিচয়	5
এমনিতেই	পরিচয়	রাখতে	5
পরিচয়	রাখতে	পারি	5
সেটি	টেবিলের	উপরে	5
টেবিলের	উপরে	রাখা	5
উপরে	রাখা	ছিল	5
আমার	প্রিয়	একটা	5
ফোন	করে	জানাল	5
তার	প্রিয়	একটা	5
সে	ব্যাপারে	নিশ্চিত	5
ব্যাপারে	নিশ্চিত	নই	5
কোনো	ব্যাপারে	নিশ্চিত	5
ব্যাপারে	নিশ্চিত	না	5
নিশ্চিত	না	হয়ে	5
না	হয়ে	কাউকে	5
হয়ে	কাউকে	দোষ	5
কাউকে	দোষ	দেওয়া	5
দোষ	দেওয়া	ঠিক	5
দেওয়া	ঠিক	নয়	5
যে	নিয়েছে	সে	5
নিয়েছে	সে	হয়তো	5
বইটা	পাওয়া	যায়	5
বাবা	বইটা	বুকশেলফে	5
বইটা	বুকশেলফে	তুলে	5
বুকশেলফে	তুলে	রেখেছিলেন	5
তিনি	বুঝতেও	পারেননি	5
আর	পারুলও	না	5
পারুলও	না	বুঝে	5
তুমি	আমাকে	দোষ	5
আমাকে	দোষ	দিচ্ছ	5
দোষ	দিচ্ছ	কেন	5
সে	রাতের	ট্রেনে	5
রাতের	ট্রেনে	রাজশাহী	5
ট্রেনে	রাজশাহী	থেকে	5
রাজশাহী	থেকে	রওনা	5
থেকে	রওনা	দিয়েছিল	5
এই	প্রথম	সে	5
প্রথম	সে	ঢাকায়	5
সে	ঢাকায়	এসেছে	5
বাসায়	যাওয়ার	পথে	5
যাওয়ার	পথে	ফ্লাইওভার	5
পথে	ফ্লাইওভার	দেখে	5
ফ্লাইওভার	দেখে	হাবিব	5
দেখে	হাবিব	অবাক	5
হাবিব	অবাক	হয়ে	5
অবাক	হয়ে	গেল	5
এটাকে	তার	মনে	5
তার	মনে	হলো	5
মনে	হলো	দোতলা	5
হলো	দোতলা	রাস্তা	5
রকম	ফুল	থরে	5
ফুল	থরে	থরে	5
থরে	থরে	সাজানো	5
থরে	সাজানো	রয়েছে	5
তার	ঠিক	পাশেই	5
ঠিক	পাশেই	একটা	5
পাশেই	একটা	ফলের	5
একটা	ফলের	দোকান	5
সেখান	থেকে	বড়ো	5
থেকে	বড়ো	বোন	5
সবার	সাথে	কুশল	5
সাথে	কুশল	বিনিময়	5
কুশল	বিনিময়	হলো	5
টেবিলে	নাশতা	দেওয়া	5
নাশতা	দেওয়া	ছিল	5
ধুয়ে	সে	নাশতা	5
সে	নাশতা	করতে	5
নাশতা	করতে	বসল	5
সেদিন	ছিল	বাংলাদেশ	5
ছিল	বাংলাদেশ	দলের	5
বাংলাদেশ	দলের	ক্রিকেট	5
দলের	ক্রিকেট	খেলা	5
খাওয়া	শেষ	করেই	5
শেষ	করেই	টেলিভিশনের	5
করেই	টেলিভিশনের	সামনে	5
টেলিভিশনের	সামনে	গিয়ে	5
সামনে	গিয়ে	বসল	5
সব	মিলিয়ে	তার	5
মিলিয়ে	তার	খুব	5
তার	খুব	আনন্দ	5
খুব	আনন্দ	হচ্ছিল	5
মেয়ে	কী	কাণ্ড	5
কী	কাণ্ড	করেছে	5
কাণ্ড	করেছে	জানো	5
সোনার	চুড়িটা	ভেঙে	5
চুড়িটা	ভেঙে	করেছে	5
ইচ্ছা	করে	ভেঙেছি	5
করে	ভেঙেছি	নাকি	5
পা	পিছলে	পড়ে	5
পিছলে	পড়ে	গেলাম	5
পড়ে	গেলাম	তো	5
গেলাম	তো	কী	5
তো	কী	করব	5
আমার	যে	ব্যথা	5
যে	ব্যথা	লাগল	5
ব্যথা	লাগল	সেটা	5
লাগল	সেটা	বুঝি	5
সেটা	বুঝি	কিছু	5
বুঝি	কিছু	নয়	5
মেয়েকে	পরতে	দিয়েছিলেন	5
আমার	নানা	সুস্থ	5
রোগীকে	হাসপাতালে	ভর্তি	5
হাসপাতালে	ভর্তি	হতে	5
ভর্তি	হতে	হবে	5
এত	বড়ো	হাসপাতাল	5
বড়ো	হাসপাতাল	আমি	5
হাসপাতাল	আমি	আগে	5
তিনি	বিদেশ	থেকে	5
তিনি	কোন	বিষয়	5
চলো	ঐতিহাসিক	জায়গাইয়	5
ঐতিহাসিক	জায়গাইয়	ঘুরতে	5
জায়গাইয়	ঘুরতে	যাব	5
সবাই	মিলে	যাব	5
আমাদের	যাওয়ার	কথা	5
যাওয়ার	কথা	শুনে	5
কথা	শুনে	সেও	5
শুনে	সেও	যাইতে	5
সেও	যাইতে	চাইল	5
সব	মানুষের	ভাষা	5
সে	মাঠে	আসেনি	5
জরুরি	সভা	হবে	5
হাসপাতালে	আমি	আগে	5
আমি	আগে	যাইনি	5
তিনি	কি	বিদেশ	5
কি	বিদেশ	থেকে	5
সবার	ভাষা	এক	5
কাছে	অনেক	টাকা	5
অনেক	টাকা	আছে	5
দিন	অপেক্ষা	করো	5
আমার	বাসার	কাছে	5
কাছে	অনেক	দেশের	5
অনেক	দেশের	টাকা	5
আমি	তোমাকে	একটা	5
সব	শুনে	আমি	5
শুনে	আমি	বললাম	5
দিন	অপেক্ষা	করে	5
অপেক্ষা	করে	দেখো	5
দিন	পরে	পারুল	5
পরে	পারুল	নিজেই	5
পারুল	নিজেই	জানাল	5
নিজেই	জানাল	বইটা	5
জানাল	বইটা	পাওয়া	5
এক	বই	নিয়ে	5
বই	নিয়ে	এত	5
নিয়ে	এত	ঘটনা	5
এত	ঘটনা	ঘটে	5
ঘটনা	ঘটে	যাবে	5
সে	না	বুঝে	5
কমলাপুর	রেলস্টেশন	থেকে	5
রেলস্টেশন	থেকে	বোনের	5
থেকে	বোনের	বাসায়	5
বোনের	বাসায়	যাচ্ছি	5
বোনের	বাসার	কাছে	5
রজনীগন্ধা	গোলাপ	নানা	5
গোলাপ	নানা	রকম	5
রকম	ফুল	আছে	5
ফুল	আছে	দোকানে	5
বড়ো	বোনের	জন্য	5
বোনের	জন্য	কিছু	5
জন্য	কিছু	পেয়ারা	5
তো	আমি	কী	5
আমি	কী	করব	5
সমান	দুটো	টুকরো	5
দুটো	টুকরো	হয়ে	5
টুকরো	হয়ে	গেছে	5
হলো	কী	করে	5
এটা	আমাদের	বাড়ি	5
এই	বাড়িটা	আমাদের	5
প্রথমে	বালিশের	তলাটা	5
বালিশের	তলাটা	হাতড়ালেন	5
এত	সুন্দর	লাগে	5
সুন্দর	লাগে	তার	5
শুধু	তাকিয়ে	থাকতে	5
তাকিয়ে	থাকতে	ইচ্ছে	5
থাকতে	ইচ্ছে	করে	5
তাদের	বাগান	অন্যদের	5
বাগান	অন্যদের	বাগানের	5
অন্যদের	বাগানের	মতো	5
বাগানের	মতো	নয়	5
বিশাল	বড়ো	বড়ো	5
পুতুলের	এই	জন্যেই	5
এই	জন্যেই	খুব	5
জন্যেই	খুব	মন	5
গাছগুলোর	দিকে	তাকালেই	5
দিকে	তাকালেই	তার	5
তাকালেই	তার	কান্না	5
তার	কান্না	পেয়ে	5
কান্না	পেয়ে	যায়	5
ছোটোরা	অনেক	কাজ	5
অনেক	কাজ	করে	5
কাজ	করে	যেগুলো	5
করে	যেগুলো	বড়োরা	5
যেগুলো	বড়োরা	পছন্দ	5
বড়োরা	পছন্দ	করে	5
তাছাড়া	আরেকটা	কারণও	5
আরেকটা	কারণও	আছে	5
ঘরে	তেমন	ঢুকতে	5
তেমন	ঢুকতে	পারে	5
ঢুকতে	পারে	না	5
আমাদের	চলতেই	পারে	5
চলতেই	পারে	না	5
হাতে	তালি	দিয়ে	5
তালি	দিয়ে	দিয়ে	5
দিয়ে	দিয়ে	কি	5
দিয়ে	কি	পড়া	5
কি	পড়া	যায়	5
কোথাও	যাওয়ার	রাস্তা	5
এখানে	নাকি	একটা	5
নাকি	একটা	শিশুপার্ক	5
একটা	শিশুপার্ক	হবে	5
তোমাদের	কথা	শুনে	5
কথা	শুনে	হাসছি	5
মিথ্যা	কথা	বোলো	5
কথা	বোলো	না	5
যে	অত্যাচার	করে	5
মেঠো	পথের	দুপাশে	5
পথের	দুপাশে	সবুজ	5
দুপাশে	সবুজ	ধানখেত	5
হঠাৎ	সামনের	মেয়েটি	5
সামনের	মেয়েটি	থমকে	5
মেয়েটি	থমকে	দাঁড়াল	5
ধানখেত	পার	হতেই	5
পার	হতেই	একটা	5
হতেই	একটা	বড়ো	5
একটা	বড়ো	পুকুর	5
সে	আমার	চোখের	5
আমার	চোখের	আড়াল	5
সেখানকার	পানি	টলটলে	5
পুকুরের	ধারে	একটা	5
ধারে	একটা	বড়ো	5
একটা	বড়ো	আমগাছ	5
মনে	হচ্ছে	এবার	5
হচ্ছে	এবার	অনেক	5
এবার	অনেক	আম	5
অনেক	আম	ধরবে	5
আমি	আম	খেতে	5
আম	খেতে	ভালোবাসি	5
সেই	আমগাছের	দিকে	5
আমার	দিকে	তাকিয়ে	5
সবাই	তাকিয়ে	দেখল	5
আমগাছে	প্রচুর	মুকুল	5
প্রচুর	মুকুল	এসেছে	5
সাদা	মুকুলে	আমগাছের	5
মুকুলে	আমগাছের	সবুজ	5
আমগাছের	সবুজ	পাতা	5
সবুজ	পাতা	ঢাকা	5
পাতা	ঢাকা	পড়েছে	5
তাঁর	বয়স	সত্তর	5
বয়স	সত্তর	বছর	5
তিনি	ওদের	কথা	5
ওদের	কথা	শুনে	5
কথা	শুনে	বললেন	5
ও	ঠিকই	বলেছে	5
যে	বছর	ধান	5
বছর	ধান	ভালো	5
ধান	ভালো	হয়	5
ভালো	হয়	সে	5
হয়	সে	বছর	5
সে	বছর	আমের	5
বছর	আমের	ফলনও	5
আমের	ফলনও	ভালো	5
ফলনও	ভালো	হয়	5
পড়তে	বসে	রাজীব	5
বসে	রাজীব	তখন	5
রাজীব	তখন	ঘুমায়	5
পড়তে	বসে	আমি	5
বসে	আমি	তখন	5
আমি	তখন	ঘুমাই	5
আমি	সকালে	দেড়ি	5
সকালে	দেড়ি	করে	5
দেড়ি	করে	ঘুম	5
করে	ঘুম	থেকে	5
ঘুম	থেকে	উঠি	5
আমি	ঠিকই	বলেছি	5
ভাই	তখন	পড়তে	5
তখন	পড়তে	বসে	5
আমি	সকাালে	পড়তে	5
সকাালে	পড়তে	বসি	5
আজকাল	কী	যে	5
কী	যে	করছে	5
যে	করছে	ছেলেটা	5
বয়স	সবে	চার	5
সবে	চার	বছর	5
চার	বছর	পূর্ণ	5
বছর	পূর্ণ	হলো	5
সবকিছুতেই	তার	এলোমেলো	5
তার	এলোমেলো	আচরণ	5
বাবা	একদিন	কথায়	5
একদিন	কথায়	কথায়	5
কথায়	কথায়	মাকে	5
কথায়	মাকে	বললেন	5
ছেলেটার	সব	কাজ	5
মেয়েটার	সব	কাজ	5
কাজ	তো	এলোমেলো	5
তো	এলোমেলো	হচ্ছে	5
এলোমেলো	হচ্ছে	না	5
আমি	খাইয়ে	দিলে	5
খাইয়ে	দিলে	রাজীব	5
দিলে	রাজীব	সময়মতো	5
রাজীব	সময়মতো	খায়	5
মার	কথা	শুনে	5
কথা	শুনে	বাবা	5
শুনে	বাবা	হাসলেন	5
কী	করবে	সেটাই	5
করবে	সেটাই	দেখার	5
সেটাই	দেখার	বিষয়	5
তখন	সময়মতো	পড়বে	5
সময়মতো	পড়বে	ঘুমাবে	5
পড়বে	ঘুমাবে	আর	5
ঘুমাবে	আর	খেলবে	5
দাদির	কাছে	একটা	5
কাছে	একটা	পুরাতন	5
একটা	পুরাতন	সিন্দুক	5
পুরাতন	সিন্দুক	আছে	5
সেই	সিন্দুক	সবসময়ে	5
সিন্দুক	সবসময়ে	তালা	5
সবসময়ে	তালা	দিয়ে	5
তালা	দিয়ে	আটকানো	5
দিয়ে	আটকানো	থাকে	5
বহুদিন	ধরে	ওটা	5
ধরে	ওটা	খোলা	5
ওটা	খোলা	হয়	5
খোলা	হয়	না	5
এই	সিন্দুকের	ভেতরে	5
সিন্দুকের	ভেতরে	কী	5
ভেতরে	কী	আছে	5
দাদি	অবাক	চোখে	5
অবাক	চোখে	আমার	5
চোখে	আমার	দিকে	5
আমার	দিকে	তাকালেন	5
চাবি	দিয়ে	তালা	5
দিয়ে	তালা	খোলার	5
তালা	খোলার	পর	5
খোলার	পর	সব	5
পর	সব	দেখতে	5
সব	দেখতে	পাবে	5
আমার	আর	তোমার	5
আর	তোমার	মার	5
তোমার	মার	অনেক	5
মার	অনেক	গয়না	5
অনেক	গয়না	আছে	5
বাজার	থেকে	চাবি	5
থেকে	চাবি	বানানোর	5
চাবি	বানানোর	লোক	5
বানানোর	লোক	আনালেন	5
তিশার	জন্য	সিন্দুক	5
জন্য	সিন্দুক	খোলা	5
সিন্দুক	খোলা	হলো	5
পলাশের	নানা	ও	5
নানা	ও	নানি	5
ও	নানি	একইদিনে	5
নানি	একইদিনে	মারা	5
একইদিনে	মারা	যান	5
নানার	কঠিন	অসুখ	5
কঠিন	অসুখ	হয়েছিল	5
অসুখে	তিনি	কয়েক	5
তিনি	কয়েক	বছর	5
কয়েক	বছর	ভুগেছিলেন	5
তাঁকে	হাসপাতালে	নেওয়া	5
হাসপাতালে	নেওয়া	হয়েছিল	5
কিন্তু	বাঁচানো	যায়নি	5
বেশ	কয়েকদিন	পলাশের	5
কয়েকদিন	পলাশের	মন	5
পলাশের	মন	খুব	5
বেশ	কয়েকদিন	আমার	5
কয়েকদিন	আমার	মন	5
আমার	মন	খুব	5
তাই	তখন	সে	5
তখন	সে	কারও	5
সে	কারও	সাথে	5
কারও	সাথে	কথা	5
সাথে	কথা	বলত	5
কথা	বলত	না	5
মানুষের	বার্ধক্য	আর	5
বার্ধক্য	আর	মৃত্যুকে	5
আর	মৃত্যুকে	ঠেকানো	5
মৃত্যুকে	ঠেকানো	যায়	5
ঠেকানো	যায়	না	5
তবু	প্রতিটি	মৃত্যু	5
প্রতিটি	মৃত্যু	মানুষকে	5
মৃত্যু	মানুষকে	কষ্ট	5
মানুষকে	কষ্ট	দেয়	5
শেষ	বলে	ছয়	5
বলে	ছয়	মেরে	5
ছয়	মেরে	বাংলাদেশ	5
মেরে	বাংলাদেশ	জিতে	5
বাংলাদেশ	জিতে	গেল	5
আহ্	কী	চমৎকার	5
কী	চমৎকার	খেলাই	5
চমৎকার	খেলাই	না	5
খেলাই	না	দেখলাম	5
ছোটো	বোন	চিৎকার	5
বোন	চিৎকার	দিয়ে	5
চিৎকার	দিয়ে	উঠল	5
দিয়ে	উঠল	দারুণ	5
বাহ্	এমন	খেলা	5
এমন	খেলা	বহুদিন	5
খেলা	বহুদিন	দেখিনি	5
আহা	যারা	হেরে	5
যারা	হেরে	গেল	5
হেরে	গেল	ওদের	5
গেল	ওদের	মনে	5
ওদের	মনে	অনেক	5
মনে	অনেক	কষ্ট	5
খেলায়	হারজিত	থাকতেই	5
হারজিত	থাকতেই	পারে	5
আরে	এর	মধ্যেই	5
এর	মধ্যেই	দেখি	5
মধ্যেই	দেখি	বিজয়	5
দেখি	বিজয়	মিছিল	5
বিজয়	মিছিল	শুরু	5
মিছিল	শুরু	হয়ে	5
শুরু	হয়ে	গেছে	5
বাপরে	বাপ	কত	5
বাপ	কত	বড়ো	5
কত	বড়ো	মিছিল	5
একটি	শব্দের	অনেক	5
শব্দের	অনেক	রকম	5
অনেক	রকম	অর্থ	5
রকম	অর্থ	থাকতে	5
অর্থ	থাকতে	পারে	5
আম	পাকে	বৈশাখে	5
পাকে	বৈশাখে	কুল	5
বৈশাখে	কুল	পাকে	5
কুল	পাকে	ফাগুনে	5
কাঁচা	ইট	পাকা	5
ইট	পাকা	হয়	5
পাকা	হয়	পোড়ালে	5
হয়	পোড়ালে	তা	5
পোড়ালে	তা	আগুনে	5
রোদে	জলে	টিকে	5
জলে	টিকে	রং	5
টিকে	রং	পাকা	5
রং	পাকা	কই	5
পাকা	কই	তাহারে	5
ফলারটি	পাকা	হয়	5
পাকা	হয়	লুচি	5
হয়	লুচি	দই	5
লুচি	দই	আহারে	5
চুল	পাকে	বয়সে	5
পাকা	ছেলে	বেশি	5
ছেলে	বেশি	কথা	5
বেশি	কথা	কয়	5
কথা	কয়	সে	5
কান	পাকে	ফোড়া	5
পাকে	ফোড়া	পাকে	5
বুদ্ধি	পাকিয়ে	তোলে	5
পাকিয়ে	তোলে	লেখাপড়া	5
তোলে	লেখাপড়া	গিলিয়ে	5
কথা	যার	পাকা	5
যার	পাকা	নয়	5
পাকা	নয়	কাজে	5
নয়	কাজে	তার	5
কাজে	তার	ঠনঠন	5
অনেক	দূরের	পথ	5
বাসে	করেই	তাঁকে	5
করেই	তাঁকে	রওনা	5
তাঁকে	রওনা	দিতে	5
রওনা	দিতে	হলো	5
বাস	থেকে	যখন	5
থেকে	যখন	নামলেন	5
যখন	নামলেন	তখন	5
নামলেন	তখন	সকাল	5
তখন	সকাল	হয়ে	5
একটা	ভালো	কাজ	5
ভালো	কাজ	করতে	5
কথাটি	তোমাদের	কারো	5
অনেকগুলো	নতুন	বই	5
নতুন	বই	দেখে	5
বই	দেখে	আমি	5
দেখে	আমি	অবাক	5
অবাক	হয়ে	বললাম	5
আপনি	কি	আমাদের	5
কি	আমাদের	বাড়িতে	5
আমাদের	বাড়িতে	এসেছেন	5
কথার	জবাবে	কিছু	5
জবাবে	কিছু	বললেন	5
কিছু	বললেন	না	5
কথার	জবাবে	ছোটো	5
জবাবে	ছোটো	করে	5
ছোটো	করে	বললেন	5
করে	বললেন	হ্যাঁ	5
বইগুলোর	দিকে	তাকিয়ে	5
শুধু	তাঁর	হাতের	5
তাঁর	হাতের	দিকে	5
হাতের	দিকে	তাকিয়ে	5
কেন	তা	কি	5
তা	কি	জানতে	5
পরে	আমরা	লাইব্রেরি	5
আমরা	লাইব্রেরি	দেখতে	5
লাইব্রেরি	দেখতে	যাই	5
খুবই	বড়ো	লাইব্রেরি	5
বড়ো	লাইব্রেরি	সন্দেহ	5
লাইব্রেরি	সন্দেহ	নেই	5
সন্দেহ	নেই	ব্যবস্থাও	5
নেই	ব্যবস্থাও	খুব	5
ব্যবস্থাও	খুব	ভালো	5
রিডিং	রুমগুলো	ভাগ	5
রুমগুলো	ভাগ	ভাগ	5
ভাগ	ভাগ	করা	5
ভাগ	করা	রয়েছে	5
শিক্ষকরাও	তাদের	সাথে	5
তাদের	সাথে	আছেন	5
যাওয়ার	সাথে	সাথে	5
সাথে	সাথে	কী	5
সাথে	কী	একটা	5
কী	একটা	শব্দ	5
একটা	শব্দ	করল	5
আর	সকল	ছেলেমেয়ে	5
সকল	ছেলেমেয়ে	লাইন	5
ছেলেমেয়ে	লাইন	বেঁধে	5
লাইন	বেঁধে	দাঁড়িয়ে	5
বেঁধে	দাঁড়িয়ে	গেল	5
আমরা	সালাম	গ্রহণ	5
সালাম	গ্রহণ	করলাম	5
তারা	স্লোগান	আরম্ভ	5
স্লোগান	আরম্ভ	করল	5
আমরা	বিদায়	নিয়ে	5
বিদায়	নিয়ে	চলে	5
নিয়ে	চলে	এলাম	5
আমি	সাগর	পাড়ি	5
সাগর	পাড়ি	দেবো	5
সব	দিনের	মতো	5
দিনের	মতো	সেদিনও	5
মতো	সেদিনও	ওরা	5
সেদিনও	ওরা	খেলতে	5
ওরা	খেলতে	গিয়েছিল	5
কয়েকজন	লোক	ফিতা	5
লোক	ফিতা	নিয়ে	5
ফিতা	নিয়ে	মাপজোখ	5
নিয়ে	মাপজোখ	করছে	5
একজনের	হাতে	আবার	5
হাতে	আবার	মোটা	5
আবার	মোটা	একটা	5
মোটা	একটা	খাতা	5
সেখানে	কলম	দিয়ে	5
কলম	দিয়ে	কীসব	5
দিয়ে	কীসব	টুকে	5
কীসব	টুকে	রাখছে	5
কী	করছে	তা	5
করছে	তা	তো	5
তা	তো	জানি	5
কয়েকজন	একসঙ্গে	বলে	5
একসঙ্গে	বলে	ওঠে	5
বদলে	যাচ্ছে	আমাদের	5
যাচ্ছে	আমাদের	খেলার	5
আমাদের	খেলার	মাঠটা	5
খেলার	মাঠটা	তাই	5
মাঠটা	তাই	না	5
বিষয়	নিয়ে	আমার	5
নিয়ে	আমার	রাগ	5
আমার	রাগ	থাকলে	5
রাগ	থাকলে	আমি	5
থাকলে	আমি	কিছু	5
আমি	কিছু	বললেও	5
কিছু	বললেও	উনি	5
বললেও	উনি	চুপ	5
উনি	চুপ	করে	5
চুপ	করে	থেকে	5
করে	থেকে	আমাকে	5
থেকে	আমাকে	বুঝায়	5
নিজেকে	উনি	দূর্বল	5
উনি	দূর্বল	ভেবে	5
দূর্বল	ভেবে	এমন	5
ভেবে	এমন	করে	5
উনি	মানুষটাই	এমন	5
মানুষটাই	এমন	সবাই	5
এমন	সবাই	বলে	5
সবাই	বলে	অনেক	5
বলে	অনেক	ভাগ্য	5
অনেক	ভাগ্য	করে	5
ভাগ্য	করে	নাকি	5
করে	নাকি	এমন	5
নাকি	এমন	স্বামী	5
এমন	স্বামী	পাইছি	5
আসলেই	মানুষটার	প্রতি	5
মানুষটার	প্রতি	আমি	5
প্রতি	আমি	মুগ্ধ	5
এই	মুগ্ধতায়	বিভোর	5
মুগ্ধতায়	বিভোর	থাকতে	5
বিভোর	থাকতে	চাই	5
থাকতে	চাই	আমি	5
চাই	আমি	আজীবন	5
স্বামীর	প্রতি	আমার	5
প্রতি	আমার	বিন্দুমাত্র	5
আমার	বিন্দুমাত্র	কোন	5
বিন্দুমাত্র	কোন	অভিযোগ	5
কোন	অভিযোগ	নেই	5
চলো	একদিন	দেখা	5
একদিন	দেখা	করি	5
দেখা	করি	পুরো	5
করি	পুরো	শহর	5
পুরো	শহর	রিক্সায়	5
শহর	রিক্সায়	ঘুরবো	5
এর	মাঝখানে	চাকরির	5
মাঝখানে	চাকরির	পড়াশোনায়	5
চাকরির	পড়াশোনায়	বেশ	5
পড়াশোনায়	বেশ	খানিকটা	5
বেশ	খানিকটা	ক্ষতি	5
খানিকটা	ক্ষতি	হয়ে	5
ক্ষতি	হয়ে	যায়	5
আমি	আজকে	কফি	5
আজকে	কফি	খাই	5
কফি	খাই	নাই	5
আমার	মাথায়	অনেক	5
মাথায়	অনেক	ব্যাথা	5
অনেক	ব্যাথা	করছে	5
তোমার	সৌন্দর্যে	আমি	5
সৌন্দর্যে	আমি	মুগ্ধ	5
আজকে	সকালে	তার	5
সকালে	তার	সাথে	5
কি	আমায়	ঘুরতে	5
আমায়	ঘুরতে	নিয়ে	5
ঘুরতে	নিয়ে	যাবে	5
আমার	স্বামী	৩	5
স্বামী	৩	বছর	5
বছর	ধরে	বিদেশে	5
ধরে	বিদেশে	আছেন	5
তুমি	কি	রাতে	5
কি	রাতে	খেয়েছো	5
আপনি	কি	রাতে	5
কি	রাতে	খেয়েছেন	5
ছেলেটির	নানার	বাড়ি	5
নানার	বাড়ি	বরিশালে	5
ছেলেটির	গ্রামের	বাড়ি	5
গ্রামের	বাড়ি	রাজশাহীতে	5
আমার	ফেসবুক	আইডিটা	5
ফেসবুক	আইডিটা	যদি	5
আইডিটা	যদি	চিড়িয়াখানা	5
যদি	চিড়িয়াখানা	হতো	5
ঢাকার	মিরপুরে	কাল	5
মিরপুরে	কাল	থেকে	5
কাল	থেকে	বিদ্যুৎ	5
থেকে	বিদ্যুৎ	যাচ্ছে	5
বিদ্যুৎ	যাচ্ছে	না	5
বিদ্যুৎ	সমস্যার	কি	5
সমস্যার	কি	সমাধান	5
কি	সমাধান	হয়ে	5
পৃথিবীতে	বাবার	পরেই	5
বাবার	পরেই	দ্বিতীয়	5
পরেই	দ্বিতীয়	বীর	5
দ্বিতীয়	বীর	যোদ্ধা	5
বীর	যোদ্ধা	হলেন	5
যোদ্ধা	হলেন	বড়ভাই	5
আমার	খিদে	পেয়েছে	5
সামনে	কোরবানি	ঈদ	5
কোরবানি	ঈদ	আসছে	5
কোরবানি	ঈদ	হলো	5
ঈদ	হলো	ইসলামিক	5
হলো	ইসলামিক	ধর্মের	5
ইসলামিক	ধর্মের	একটি	5
ধর্মের	একটি	প্রধান	5
একটি	প্রধান	উৎসব	5
রেগে	গেলেন	তো	5
গেলেন	তো	হেরে	5
সুস্থ	দেহ	ও	5
দেহ	ও	প্রশান্ত	5
ও	প্রশান্ত	মন	5
প্রশান্ত	মন	একজন	5
মন	একজন	মানুষের	5
একজন	মানুষের	সব	5
মানুষের	সব	থেকে	5
থেকে	বড়	সম্পদ	5
আমার	কাজ	ও	5
কাজ	ও	ব্যস্ততা	5
ও	ব্যস্ততা	বাড়ছে	5
অন্যের	দোষ	সহজেই	5
দোষ	সহজেই	খুঁজে	5
সহজেই	খুঁজে	পাওয়া	5
নিজের	দোষ	খুঁজে	5
দোষ	খুঁজে	পাওয়া	5
খুঁজে	পাওয়া	খুব	5
পাওয়া	খুব	কষ্টকর	5
প্রতিদিন	আমি	কিছু	5
আমি	কিছু	না	5
কিছু	না	কিছু	5
না	কিছু	শিখবো	5
সুখী	হতে	হলে	5
হতে	হলে	অপ্রয়োজনীয়	5
হলে	অপ্রয়োজনীয়	অনেক	5
অপ্রয়োজনীয়	অনেক	কিছু	5
অনেক	কিছু	ভুলে	5
কিছু	ভুলে	যেতে	5
ভুলে	যেতে	হয়	5
সবাই	ভালোবাসা	পেতে	5
ভালোবাসা	পেতে	চায়	5
দৃষ্টিভঙ্গি	বদলালে	জীবন	5
বদলালে	জীবন	বদলে	5
জীবন	বদলে	যাবে	5
আজ	ছুটির	দিন	5
সবার	জীবনে	একটি	5
জীবনে	একটি	লক্ষ্য	5
একটি	লক্ষ্য	থাকতে	5
লক্ষ্য	থাকতে	হবে	5
লক্ষ্য	ঠিক	করে	5
ঠিক	করে	আমরা	5
করে	আমরা	জীবনে	5
আমরা	জীবনে	এগিয়ে	5
জীবনে	এগিয়ে	যেতে	5
এগিয়ে	যেতে	পারি	5
তেলের	দাম	কমার	5
দাম	কমার	ফলে	5
কমার	ফলে	অক্টোবরে	5
ফলে	অক্টোবরে	চাহিদা	5
অক্টোবরে	চাহিদা	কিছুটা	5
চাহিদা	কিছুটা	বেড়েছিল	5
প্রতিদিন	অন্তত	একটি	5
অন্তত	একটি	পেয়ারা	5
একটি	পেয়ারা	করে	5
পেয়ারা	করে	খেলে	5
করে	খেলে	পেতে	5
খেলে	পেতে	পারেন	5
পেতে	পারেন	অনেক	5
পারেন	অনেক	উপকার	5
বিভিন্ন	ফলের	মধ্যে	5
ফলের	মধ্যে	পেয়ারা	5
মধ্যে	পেয়ারা	অন্যতম	5
পেয়ারা	অন্যতম	জনপ্রিয়	5
অন্যতম	জনপ্রিয়	ফল	5
কমানোর	জন্য	পেয়ারা	5
জন্য	পেয়ারা	অত্যন্ত	5
পেয়ারা	অত্যন্ত	উপকারী	5
গরমের	দিনে	তাজা	5
দিনে	তাজা	নারিকেল	5
তাজা	নারিকেল	পান	5
নারিকেল	পান	করা	5
পান	করা	খুব	5
করা	খুব	আনন্দদায়ক	5
আমার	বাড়ীর	পিছনে	5
বাড়ীর	পিছনে	অনেক	5
পিছনে	অনেক	বড়	5
বড়	একটি	নারিকেল	5
একটি	নারিকেল	গাছ	5
নারিকেল	গাছ	আছে	5
রান্নাঘরে	কে	দাড়িয়ে	5
কে	দাড়িয়ে	আছে	5
মাটির	পাতিল	গুলা	5
পাতিল	গুলা	অনেক	5
গুলা	অনেক	সুন্দর	5
মোরগের	মাংস	দিয়ে	5
মাংস	দিয়ে	ভাত	5
খেতে	আমার	অনেক	5
শিমের	তরকারী	ডিয়ে	5
তরকারী	ডিয়ে	ভাত	5
ডিয়ে	ভাত	খেতে	5
খেতে	আমার	ভালো	5
পেঁপে	খেতে	অনেক	5
পেঁপে	বাংলাদেশের	একটি	5
বাংলাদেশের	একটি	জনপ্রিয়	5
একটি	জনপ্রিয়	ফল	5
গ্রাম	থেকে	শহরে	5
থেকে	শহরে	আসার	5
শহরে	আসার	সময়	5
সময়	অনেক	গুলা	5
অনেক	গুলা	জাম্বুরা	5
গুলা	জাম্বুরা	কিনে	5
জাম্বুরা	কিনে	আনবা	5
তুমি	কি	জামরুল	5
কি	জামরুল	খাও	5
সে	ছাদে	অনেক	5
ছাদে	অনেক	গুলো	5
অনেক	গুলো	কবুতর	5
গুলো	কবুতর	পালে	5
আমাদের	খামারে	৫০০০টির	5
খামারে	৫০০০টির	বেশি	5
৫০০০টির	বেশি	মুরগি	5
বেশি	মুরগি	আছে	5
আমি	একটি	মুরগির	5
মুরগির	বাচ্চা	পালি	5
একটি	বিড়াল	ছানা	5
বিড়াল	ছানা	পালার	5
ছানা	পালার	খুব	5
পালার	খুব	ইচ্ছা	5
আমি	সাঁতার	কাটবো	5
সাঁতার	কাটবো	না	5
তুমি	একটা	বোকা	5
একটা	বোকা	মেয়ে	5
সবাই	ড্রয়িংরুমে	বসছে	5
স্টোররুমটি	নোংরা	হয়ে	5
নোংরা	হয়ে	আছে	5
ফ্লোর	গুলি	মার্বেল	5
গুলি	মার্বেল	পাথর	5
মার্বেল	পাথর	দিয়ে	5
পাথর	দিয়ে	বানানো	5
গ্রামের	মানুষরা	লাকড়ির	5
মানুষরা	লাকড়ির	চুলা	5
লাকড়ির	চুলা	ব্যবহার	5
চুলা	ব্যবহার	করে	5
আমি	দুপুরে	শুধু	5
দুপুরে	শুধু	বেগুন	5
শুধু	বেগুন	তরকারির	5
ঝোল	দিয়ে	ভাত	5
দিয়ে	ভাত	খেয়েছি	5
মাছের	ঝোল	আমার	5
ঝোল	আমার	খুব	5
আমার	খুব	প্রিয়	5
খুব	প্রিয়	তরকারি	5
গরমের	দিনে	গোসল	5
দিনে	গোসল	করা	5
গোসল	করা	ছাড়া	5
করা	ছাড়া	একটি	5
ছাড়া	একটি	দিনও	5
একটি	দিনও	টিকা	5
দিনও	টিকা	মুশকিল	5
আমি	গ্রামের	বাড়ীতে	5
গ্রামের	বাড়ীতে	গেলে	5
বাড়ীতে	গেলে	পুকুরে	5
গেলে	পুকুরে	গোসল	5
পুকুরে	গোসল	করি	5
আপনাকে	যদি	জিভে	5
যদি	জিভে	পানি	5
জিভে	পানি	এনে	5
পানি	এনে	দেবে	5
এনে	দেবে	এমন	5
দেবে	এমন	একটি	5
এমন	একটি	ফলের	5
একটি	ফলের	নাম	5
ফলের	নাম	বলতে	5
নাম	বলতে	বলা	5
বলতে	বলা	হয়	5
বলা	হয়	তাহলে	5
তাহলে	আপনার	মনে	5
আপনার	মনে	তেঁতুলের	5
মনে	তেঁতুলের	নাম	5
তেঁতুলের	নাম	আসবেই	5
ছোটবেলায়	বাবা	মা	5
বাবা	মা	তেতুল	5
মা	তেতুল	খেতে	5
তেতুল	খেতে	নিষেধ	5
খেতে	নিষেধ	করে	5
নিষেধ	করে	নাই	5
করে	নাই	এমন	5
নাই	এমন	কাওকে	5
এমন	কাওকে	মনে	5
কাওকে	মনে	হয়	5
হয়	না	খুঁজে	5
না	খুঁজে	পাওয়া	5
খুঁজে	পাওয়া	যাবে	5
তেতুল	খেলে	বুদ্ধি	5
খেলে	বুদ্ধি	কমে	5
বুদ্ধি	কমে	যায়	5
তেতুল	নিয়ে	শুধুমাত্র	5
নিয়ে	শুধুমাত্র	আমাদের	5
শুধুমাত্র	আমাদের	দেশে	5
আমাদের	দেশে	নয়	5
দেশে	নয়	সারা	5
নয়	সারা	উপমহাদেশেই	5
সারা	উপমহাদেশেই	প্রচুর	5
উপমহাদেশেই	প্রচুর	ভুল	5
প্রচুর	ভুল	ধারনা	5
ভুল	ধারনা	আছে	5
এটা	আমাদের	বাড়ির	5
আমাদের	বাড়ির	উঠান	5
ছোটো	বাচ্চারা	গ্রামের	5
বাচ্চারা	গ্রামের	বাড়ীর	5
এই	শিশুটি	অনেক	5
শিশুটি	অনেক	অসুস্থ	5
প্রায়	দেড়	মাস	5
দেড়	মাস	হয়ে	5
মাস	হয়ে	গেলেও	5
হয়ে	গেলেও	শিশুটির	5
গেলেও	শিশুটির	কোনো	5
শিশুটির	কোনো	অভিভাবকের	5
কোনো	অভিভাবকের	সন্ধান	5
অভিভাবকের	সন্ধান	পাওয়া	5
সন্ধান	পাওয়া	যায়নি	5
হাসপাতালে	কাঁদছে	আহত	5
কাঁদছে	আহত	শিশুটি	5
বৃষ্টির	দিনে	কি	5
দিনে	কি	বারান্দার	5
কি	বারান্দার	গাছে	5
দেওয়ার	প্রয়োজন	আছে	5
বৃষ্টি	হলেও	কি	5
হলেও	কি	গাছে	5
কি	গাছে	পানি	5
গাছে	পানি	দিতে	5
পানি	দিতে	হবে	5
অতিরিক্ত	পানি	পেয়ে	5
পানি	পেয়ে	গাছগুলো	5
পেয়ে	গাছগুলো	মরে	5
গাছগুলো	মরে	যাবে	5
মরে	যাবে	না	5
যেদিন	বৃষ্টি	হয়েছে	5
বৃষ্টি	হয়েছে	সেদিন	5
হয়েছে	সেদিন	বারান্দার	5
সেদিন	বারান্দার	গাছে	5
দেওয়ার	প্রয়োজন	নেই	5
শশা	এক	প্রকারের	5
এক	প্রকারের	ফল	5
গরমের	সময়	শশা	5
সময়	শশা	বেশি	5
শশা	বেশি	পাওয়া	5
টমেটোর	বাজারে	যে	5
বাজারে	যে	আগুন	5
যে	আগুন	সাধারণ	5
আগুন	সাধারণ	মানুষের	5
সাধারণ	মানুষের	কাছে	5
মানুষের	কাছে	তা	5
কাছে	তা	এখন	5
তা	এখন	আর	5
এখন	আর	নতুন	5
আর	নতুন	কোনো	5
নতুন	কোনো	খবর	5
কোনো	খবর	নয়	5
এই	বাজারেই	টমেটো	5
বাজারেই	টমেটো	বিক্রি	5
বিক্রি	করে	কোটিপতি	5
করে	কোটিপতি	হয়ে	5
কোটিপতি	হয়ে	গেলেন	5
হয়ে	গেলেন	এক	5
গেলেন	এক	কৃষক	5
মাছ	ভাজা	খাবো	5
সরিষার	তেল	রান্নার	5
তেল	রান্নার	জন্যে	5
রান্নার	জন্যে	এবং	5
জন্যে	এবং	গায়ে	5
এবং	গায়ে	মালিশ	5
গায়ে	মালিশ	করার	5
মালিশ	করার	কাজে	5
করার	কাজে	ব্যবহার	5
কাজে	ব্যবহার	হয়	5
সরিষার	তেল	অকালে	5
তেল	অকালে	চুল	5
অকালে	চুল	সাদা	5
চুল	সাদা	হওয়া	5
সাদা	হওয়া	রোধ	5
হওয়া	রোধ	করে	5
রোধ	করে	ও	5
করে	ও	চুল	5
ও	চুল	পড়া	5
কেরোসিন	তেলের	দিন	5
তেলের	দিন	দিন	5
দিন	দিন	দাম	5
দিন	দাম	বাড়ছে	5
আমার	দুইদিন	ধরে	5
দুইদিন	ধরে	সর্দি	5
এখানে	থুথু	ফেলা	5
তেতুল	খেলে	রক্ত	5
খেলে	রক্ত	পানি	5
পানি	হয়ে	যায়	5
আমি	বাজার	থেকে	5
বাজার	থেকে	পেয়ারা	5
থেকে	পেয়ারা	কিনে	5
পেয়ারা	কিনে	আসলাম	5
দাদু	নারিকেল	পানি	5
নারিকেল	পানি	পছন্দ	5
পানি	পছন্দ	করে	5
মা	রান্নাঘরে	তরকারি	5
রান্নাঘরে	তরকারি	রান্না	5
আমার	ছোট	ভাইটি	5
ছোট	ভাইটি	মুরগির	5
ভাইটি	মুরগির	মাংস	5
মুরগির	মাংস	খেতে	5
মাংস	খেতে	খুব	5
খেতে	খুব	ভালোবাসে	5
শিম	ভাজি	আমার	5
ভাজি	আমার	পছন্দের	5
আমার	পছন্দের	সবজি	5
জাম্বুরা	ঠান্ডা	জনিত	5
ঠান্ডা	জনিত	সমস্যার	5
জনিত	সমস্যার	জন্য	5
সমস্যার	জন্য	খেলে	5
জন্য	খেলে	ভাল	5
খেলে	ভাল	ফলাফল	5
ভাল	ফলাফল	পাওয়া	5
ফলাফল	পাওয়া	যায়	5
জামরুল	আমার	প্রিয়	5
অনেকেই	শখের	বশে	5
শখের	বশে	কবুতর	5
বশে	কবুতর	পালন	5
কবুতর	পালন	করেন	5
কবুতর	পালন	করতে	5
পালন	করতে	বেশি	5
করতে	বেশি	জায়গারও	5
বেশি	জায়গারও	প্রয়োজন	5
জায়গারও	প্রয়োজন	হয়	5
দেশীয়	মুরগী	বছরে	5
মুরগী	বছরে	ডিম	5
বছরে	ডিম	দেয়	5
মানুষ	দিনের	বেলা	5
দিনের	বেলা	যতোটা	5
বেলা	যতোটা	পরিষ্কার	5
যতোটা	পরিষ্কার	দেখে	5
পরিষ্কার	দেখে	বিড়ালেরা	5
দেখে	বিড়ালেরা	রাতে	5
বিড়ালেরা	রাতে	তার	5
রাতে	তার	চেয়েও	5
তার	চেয়েও	ভালো	5
চেয়েও	ভালো	দেখতে	5
ভালো	দেখতে	পায়	5
কি	আমাকে	বোকা	5
আমাকে	বোকা	মনে	5
বোকা	মনে	করো	5
আমি	ড্রয়িংরুমে	বসে	5
ড্রয়িংরুমে	বসে	ছবি	5
বসে	ছবি	আঁকতে	5
ছবি	আঁকতে	ভালোবাসি	5
ঘরের	আসবাবপত্র	রেখে	5
আসবাবপত্র	রেখে	দেওয়ার	5
রেখে	দেওয়ার	জন্য	5
দেওয়ার	জন্য	স্টোররুম	5
জন্য	স্টোররুম	দরকার	5
ঘরের	ফ্লোর	পরিষ্কার	5
ফ্লোর	পরিষ্কার	করতে	5
বাংলাদেশের	শীতকালটা	লাউ	5
শীতকালটা	লাউ	চাষের	5
চাষের	জন্য	বেশি	5
জন্য	বেশি	উপযোগী	5
বেশি	শীতও	না	5
শীতও	না	আবার	5
না	আবার	বেশি	5
আবার	বেশি	গরমও	5
বেশি	গরমও	না	5
গরমও	না	এমন	5
না	এমন	আবহাওয়া	5
এমন	আবহাওয়া	লাউ	5
আবহাওয়া	লাউ	চাষের	5
চাষের	জন্য	উত্তম	5
উঠান	থেকে	কথা	5
থেকে	কথা	বলে	5
কথা	বলে	তিনি	5
বলে	তিনি	চলে	5
তিনি	চলে	গেলেন	5
মা	ঝারু	দিয়ে	5
ঝারু	দিয়ে	ঘরটি	5
দিয়ে	ঘরটি	পরিষ্কার	5
ঘরটি	পরিষ্কার	করছে	5
তেতুলের	কচি	পাতা	5
কচি	পাতা	সিদ্ধ	5
পাতা	সিদ্ধ	করে	5
সিদ্ধ	করে	পানি	5
করে	পানি	সেবন	5
পানি	সেবন	করলে	5
সেবন	করলে	ভাল	5
আমি	খাবারে	টক	5
খাবারে	টক	খুব	5
টক	খুব	ভালোবাসি	5
ঘুম	থেকে	উঠার	5
থেকে	উঠার	পর	5
উঠার	পর	আমি	5
পর	আমি	ভালো	5
আমি	ভালো	কাজে	5
ভালো	কাজে	পর্যাপ্ত	5
কাজে	পর্যাপ্ত	সময়	5
পর্যাপ্ত	সময়	ব্যয়	5
সময়	ব্যয়	করতে	5
ব্যয়	করতে	চাই	5
চাষাবাদ	করে	আমি	5
করে	আমি	সময়	5
আমি	সময়	কাটাই	5
সর্দি	হলে	গরম	5
হলে	গরম	রং	5
গরম	রং	চা	5
রং	চা	খেলে	5
চা	খেলে	ভালো	5
খেলে	ভালো	লাগে	5
পেয়ারা	একটি	মিষ্টি	5
একটি	মিষ্টি	ফল	5
নারিকেল	থেকে	নারিকেল	5
থেকে	নারিকেল	পানি	5
নারিকেল	পানি	পাওয়া	5
পানি	পাওয়া	যায়	5
রান্নাঘরে	আমি	রান্না	5
আমি	রান্না	করি	5
ভাত	রান্নার	পাত্রটি	5
রান্নার	পাত্রটি	শক্ত	5
পাত্রটি	শক্ত	করে	5
শক্ত	করে	ঢেকে	5
করে	ঢেকে	রাখতে	5
ঢেকে	রাখতে	হবে	5
শিম	সব	ধরনের	5
সব	ধরনের	মাটিতেই	5
ধরনের	মাটিতেই	চাষ	5
মাটিতেই	চাষ	করা	5
পেঁপে	একটি	সুস্বাদু	5
একটি	সুস্বাদু	ফল	5
অনেকগুলো	কবুতর	আকাশে	5
কবুতর	আকাশে	উড়ছে	5
একটি	সম্পূর্ণ	নতুন	5
সম্পূর্ণ	নতুন	স্টোররুম	5
নতুন	স্টোররুম	ডিজাইন	5
স্টোররুম	ডিজাইন	তৈরি	5
ডিজাইন	তৈরি	করতে	5
সিলেট	নগরের	শেখঘাট	5
নগরের	শেখঘাট	এলাকায়	5
শেখঘাট	এলাকায়	গড়ে	5
এলাকায়	গড়ে	উঠেছে	5
গড়ে	উঠেছে	বেশ	5
উঠেছে	বেশ	কয়েকটি	5
বেশ	কয়েকটি	লাকড়ি	5
কয়েকটি	লাকড়ি	তৈরির	5
লাকড়ি	তৈরির	কারখানা	5
তেতুল	এর	টক	5
এর	টক	দিয়ে	5
টক	দিয়ে	ফুসকা	5
দিয়ে	ফুসকা	খাবো	5
আমের	শরবত	অনেক	5
শরবত	অনেক	টক	5
তেল	দিয়ে	ঝাল	5
দিয়ে	ঝাল	মুড়ি	5
ঝাল	মুড়ি	বানাও	5
এই	বোকা	কোন	5
বোকা	কোন	বিষয়ে	5
কোন	বিষয়ে	জানে	5
বিষয়ে	জানে	না	5
ঘামে	শরীর	থেকে	5
শরীর	থেকে	যে	5
থেকে	যে	পানি	5
যে	পানি	ও	5
পানি	ও	খনিজ	5
ও	খনিজ	লবণ	5
খনিজ	লবণ	বের	5
লবণ	বের	হয়ে	5
যায়	তার	অনেকটাই	5
তার	অনেকটাই	পূরণ	5
অনেকটাই	পূরণ	করতে	5
পূরণ	করতে	পারে	5
করতে	পারে	লাউ	5
বাংলাদেশে	জনপ্রিয়	সবজির	5
জনপ্রিয়	সবজির	অন্যতম	5
সবজির	অন্যতম	লাউ	5
অন্যতম	লাউ	যেটি	5
লাউ	যেটি	এখন	5
যেটি	এখন	প্রায়	5
এখন	প্রায়	সারা	5
প্রায়	সারা	বছরই	5
সারা	বছরই	পাওয়া	5
বছরই	পাওয়া	যায়	5
কমানোর	জন্য	শসার	5
শসার	সুপ	খাওয়া	5
সুপ	খাওয়া	যেতে	5
খাওয়া	যেতে	পারে	5
এই	তেতুলের	নাম	5
তেতুলের	নাম	শুনলেই	5
নাম	শুনলেই	জিভে	5
শুনলেই	জিভে	জল	5
জিভে	জল	আসেনা	5
জল	আসেনা	এমন	5
আসেনা	এমন	মানুষ	5
এমন	মানুষ	খুজে	5
মানুষ	খুজে	পাওয়া	5
খুজে	পাওয়া	কঠিন	5
আবেগ	প্রবন	মানুষ	5
প্রবন	মানুষ	খুব	5
মানুষ	খুব	বোকা	5
খুব	বোকা	হয়ে	5
বোকা	হয়ে	থাকে	5
প্রথম	দেখায়	কাউকে	5
দেখায়	কাউকে	খুব	5
কাউকে	খুব	সরল	5
খুব	সরল	মনে	5
সরল	মনে	বিশ্বাস	5
মনে	বিশ্বাস	করতে	5
বিশ্বাস	করতে	যাবেন	5
করতে	যাবেন	না	5
লবন	ছাড়া	তরকারি	5
ছাড়া	তরকারি	যেমন	5
তরকারি	যেমন	স্বাদহীন	5
যেমন	স্বাদহীন	বিশ্বাস	5
স্বাদহীন	বিশ্বাস	ছাড়া	5
বিশ্বাস	ছাড়া	সম্পর্কও	5
ছাড়া	সম্পর্কও	তেমন	5
সম্পর্কও	তেমন	মূল্যহীন	5
কাউকে	মিথ্যা	বলে	5
মিথ্যা	বলে	খুশী	5
বলে	খুশী	করার	5
খুশী	করার	থেকে	5
করার	থেকে	সত্যি	5
থেকে	সত্যি	বলে	5
সত্যি	বলে	কাঁদানো	5
বলে	কাঁদানো	ভালো	5
একে	অপরের	প্রতি	5
অপরের	প্রতি	যতো	5
প্রতি	যতো	বেশী	5
যতো	বেশী	বিশ্বাস	5
বেশী	বিশ্বাস	থাকবে	5
বিশ্বাস	থাকবে	তাদের	5
থাকবে	তাদের	ভালোবাসার	5
তাদের	ভালোবাসার	পাল্লা	5
ভালোবাসার	পাল্লা	ততো	5
পাল্লা	ততো	ভারী	5
ততো	ভারী	হবে	5
বৃষ্টি	বেড়ে	তাপমাত্রা	5
বেড়ে	তাপমাত্রা	কমার	5
তাপমাত্রা	কমার	সুখবর	5
কমার	সুখবর	দিয়েছে	5
সুখবর	দিয়েছে	আবহাওয়া	5
দিয়েছে	আবহাওয়া	অফিস	5
পুরো	বর্ষা	মৌসুমে	5
বর্ষা	মৌসুমে	হাতে	5
মৌসুমে	হাতে	গোনা	5
হাতে	গোনা	কয়েকদিন	5
গোনা	কয়েকদিন	মাত্র	5
কয়েকদিন	মাত্র	বৃষ্টি	5
মাত্র	বৃষ্টি	হওয়ার	5
হওয়ার	পর	আর	5
পর	আর	মেঘের	5
আর	মেঘের	দেখা	5
মেঘের	দেখা	নেই	5
খাওয়ার	অনেক	আগেই	5
অনেক	আগেই	যদি	5
আগেই	যদি	ভাত	5
যদি	ভাত	রান্না	5
ভাত	রান্না	শেষ	5
রান্না	শেষ	হয়ে	5
শেষ	হয়ে	গিয়ে	5
হয়ে	গিয়ে	থাকে	5
গিয়ে	থাকে	তবে	5
থাকে	তবে	ঢাকনা	5
তবে	ঢাকনা	সরিয়ে	5
ঢাকনা	সরিয়ে	একটা	5
সরিয়ে	একটা	তোয়ালে	5
একটা	তোয়ালে	দিয়ে	5
তোয়ালে	দিয়ে	ঢেকে	5
দিয়ে	ঢেকে	রাখুন	5
বাংলাদেশে	৬৪	টা	5
৬৪	টা	জেলা	5
আমরা	সবাই	গতকাল	5
সবাই	গতকাল	বাহিরে	5
গতকাল	বাহিরে	গিয়েছিলাম	5
তোমার	কথা	বলার	5
কথা	বলার	ধরন	5
বলার	ধরন	অনেক	5
ধরন	অনেক	সুন্দর	5
বরিশালের	মানুষ	কেমন	5
মানুষ	কেমন	হয়	5
খুলনা	জেলা	কি	5
জেলা	কি	অনেক	5
কি	অনেক	সুন্দর	5
খুলনার	মানুষ	তেমন	5
মানুষ	তেমন	সুন্দর	5
তেমন	সুন্দর	হয়	5
সুন্দর	হয়	না	5
কখনো	ভেবে	দেখেছ	5
ভেবে	দেখেছ	আমি	5
দেখেছ	আমি	না	5
না	থাকলে	তোমার	5
থাকলে	তোমার	কি	5
তোমার	কি	হতো	5
এতো	ভাবার	সময়	5
ভাবার	সময়	কই	5
দুপুরের	রোদে	আমি	5
রোদে	আমি	কালো	5
আমি	কালো	হয়ে	5
কালো	হয়ে	গেছি	5
আমি	জানি	তুমি	5
জানি	তুমি	চিঠিটা	5
তুমি	চিঠিটা	এখনি	5
চিঠিটা	এখনি	পড়তে	5
এখনি	পড়তে	শুরু	5
পড়তে	শুরু	করবে	5
আম	দিয়ে	বানিয়ে	5
দিয়ে	বানিয়ে	ফেলতে	5
বানিয়ে	ফেলতে	পারেন	5
ফেলতে	পারেন	শরবত	5
আজকে	স্কুলে	তোমাদের	5
স্কুলে	তোমাদের	কি	5
তোমাদের	কি	কি	5
কি	কি	পড়িয়েছে	5
আমার	আগের	কোনো	5
আগের	কোনো	কথা	5
কোনো	কথা	কিছুই	5
কথা	কিছুই	মনে	5
কিছুই	মনে	নেই	5
তুমি	এত	অমনোযোগী	5
এত	অমনোযোগী	হলে	5
অমনোযোগী	হলে	পরিক্ষায়	5
হলে	পরিক্ষায়	ভালো	5
পরিক্ষায়	ভালো	ফলাফল	5
ভালো	ফলাফল	করবে	5
ফলাফল	করবে	না	5
বিষয়ে	কি	করতে	5
হায়রে	মানুষ	একজন	5
মানুষ	একজন	আরেকজনের	5
একজন	আরেকজনের	প্রতি	5
আরেকজনের	প্রতি	হিংসা	5
প্রতি	হিংসা	করে	5
আমি	আমার	বাসার	5
আমার	বাসার	সামনের	5
বাসার	সামনের	খেলার	5
সামনের	খেলার	মাঠে	5
খেলার	মাঠে	খেলি	5
আম	দিয়ে	শরবত	5
দিয়ে	শরবত	বানিয়ে	5
শরবত	বানিয়ে	খাও	5
ঠাণ্ডা	শরবত	খেলে	5
শরবত	খেলে	ভালো	5
খেলে	ভালো	লাগবে	5
ভালো	লাগবে	তোমার	5
এতো	চিন্তা	করা	5
চিন্তা	করা	লাগবে	5
লাগবে	না	নিজেরে	5
না	নিজেরে	নিয়ে	5
নিজেরে	নিয়ে	ভাবো	5
আমকে	আমাদের	দেশে	5
আমাদের	দেশে	বলা	5
দেশে	বলা	হয়	5
তুমি	দেখতে	সুন্দর	5
দেখতে	সুন্দর	না	5
সুন্দর	না	হলেও	5
না	হলেও	আমি	5
হলেও	আমি	তোমাকেই	5
আমি	তোমাকেই	চাই	5
সেখানে	অনেক	পুলিশ	5
অনেক	পুলিশ	দেখে	5
পুলিশ	দেখে	বাসার	5
দেখে	বাসার	দিকে	5
বাসার	দিকে	ফিরছিলাম	5
আমি	চলে	যাচ্ছি	5
চলে	যাচ্ছি	তোমাকে	5
যাচ্ছি	তোমাকে	আর	5
তোমাকে	আর	কোন	5
দিন	ফোন	দিয়ে	5
ফোন	দিয়ে	বলবোনা	5
দিয়ে	বলবোনা	একটু	5
বলবোনা	একটু	সময়	5
একটু	সময়	দাও	5
বুঝে	উঠতে	পারছিলাম	5
উঠতে	পারছিলাম	না	5
পারছিলাম	না	কী	5
আমি	ভালো	ছেলে	5
বিয়ের	জন্য	আব্বা	5
জন্য	আব্বা	আমার	5
আব্বা	আমার	জন্য	5
জন্য	মেয়ে	খুজতাসে	5
আম্মা	আমাকে	গতকাল	5
দেখা	করতে	বলেছিলও	5
ছেলেটিকে	আমার	ভাল	5
আমার	ভাল	লেগেছে	5
ছেলেটি	হয়ত	অন্য	5
হয়ত	অন্য	কোনও	5
অন্য	কোনও	মেয়েকে	5
কোনও	মেয়েকে	ভালবাসে	5
মেয়েটি	ছেলেটার	অপেক্ষায়	5
ছেলেটার	অপেক্ষায়	থাকে	5
ছেলেটি	কেন	যে	5
কেন	যে	মেয়েটার	5
যে	মেয়েটার	মনের	5
মেয়েটার	মনের	কথা	5
কথা	বুঝে	না	5
মেয়েটি	হয়ত	ছেলেটাকে	5
হয়ত	ছেলেটাকে	তাঁর	5
ছেলেটাকে	তাঁর	মনের	5
তাঁর	মনের	কথা	5
মনের	কথা	ভাল	5
কথা	ভাল	ভাবে	5
ভাবে	বুঝাতে	পারেনাই	5
হয়ত	কোন	একদিন	5
কোন	একদিন	ছেলেটি	5
একদিন	ছেলেটি	মেয়েটাকে	5
ছেলেটি	মেয়েটাকে	ভালবাসবে	5
তুমি	আমাকে	দয়া	5
দয়া	করে	আর	5
করে	আর	বিরক্ত	5
আর	বিরক্ত	করো	5
সে	তাকে	অনেক	5
তাকে	অনেক	বিরক্ত	5
অনেক	বিরক্ত	করে	5
তাকে	নিয়ে	আমি	5
নিয়ে	আমি	আমার	5
আমার	গ্রামের	বাড়িতে	5
বাড়িতে	ঘুরতে	যেতে	5
ঘুরতে	যেতে	চাই	5
এইবার	ছুটিতে	সিলেট	5
ছুটিতে	সিলেট	ঘুরতে	5
সিলেট	ঘুরতে	যাব	5
আমি	যাকে	ভালবাসি	5
যাকে	ভালবাসি	সে	5
ভালবাসি	সে	সিলেটে	5
সে	সিলেটে	থাকে	5
আমার	এখন	বইটা	5
এখন	বইটা	লাগবে	5
বইটা	লাগবে	নাহ	5
তুমি	কি	এই	5
বইটি	পড়তে	চাও	5
সে	কি	এই	5
বইটি	পড়তে	চায়	5
বইটি	পড়তে	চান	5
আমার	বই	পরতে	5
পরতে	অনেক	ভাল	5
তোমার	আমাকে	চিনতে	5
আমাকে	চিনতে	হবে	5
চিনতে	হবে	না	5
হয়েছে	এখন	ঘুমিয়ে	5
এখন	ঘুমিয়ে	যাও	5
তোমাকে	পড়ালেখা	করতে	5
তোমার	পড়ালেখা	করতে	5
সে	অনেক	ভালো	5
আমি	একটি	বিদ্যালয়	5
একটি	বিদ্যালয়	পড়ালেখা	5
বিদ্যালয়	পড়ালেখা	করি	5
ছোট	বোন	একটি	5
বোন	একটি	বিদ্যালয়ে	5
একটি	বিদ্যালয়ে	পড়ে	5
ছোট	ভাই	একটি	5
ভাই	একটি	বিদ্যালয়ে	5
বিদ্যালয়ে	যেতে	ভাল	5
যেতে	ভাল	লাগে	5
বিয়ের	বয়স	পার	5
বয়স	পার	হয়ে	5
পার	হয়ে	যাচ্ছে	5
আহারে	তোমার	মনে	5
তোমার	মনে	কতো	5
মনে	কতো	দুঃখ	5
আমি	ঘুমাতে	যাবো	5
আমি	নাচতে	পারি	5
আমি	সাঁতার	কাটতে	5
সাঁতার	কাটতে	পছন্দ	5
কাটতে	পছন্দ	করি	5
আমি	তোমার	বাসায়	5
তোমার	বাসায়	ঘুরতে	5
বাসায়	ঘুরতে	আসবো	5
তার	গ্রামের	বাড়িতে	5
বাড়িতে	ঘুরতে	গিয়েছে	5
আমার	বন্ধু	মানসিক	5
বন্ধু	মানসিক	ভাবে	5
মানসিক	ভাবে	দুর্বল	5
এমন	অবস্থায়	তার	5
অবস্থায়	তার	কি	5
তার	কি	করা	5
আমার	দুইটি	বাবু	5
দুইটি	বাবু	আছে	5
আমার	স্বামীকে	আমি	5
স্বামীকে	আমি	খুব	5
আমি	খুব	ভালোবাসি	5
পর	আপনার	সাথে	5
আপনার	কি	আমার	5
কি	আমার	কথা	5
আমার	কথা	মনে	5
কথা	মনে	আছে	5
মনে	আছে	এখনও	5
আমার	পড়ালেখা	করতে	5
পড়ালেখা	করতে	ভালো	5
ভালো	লাগে	নাহ	5
আমার	বিদেশে	গিয়ে	5
কথা	বলে	অনেক	5
বলে	অনেক	ভালো	5
অনেকে	বলে	প্রেম	5
বলে	প্রেম	করলে	5
প্রেম	করলে	মানুষ	5
করলে	মানুষ	বোকা	5
মানুষ	বোকা	হয়	5
অনেকে	আরো	বলে	5
আরো	বলে	যে	5
বলে	যে	বিয়ে	5
যে	বিয়ে	করলে	5
বিয়ে	করলে	মানুষ	5
করলে	মানুষ	নাকি	5
মানুষ	নাকি	গাধা	5
নাকি	গাধা	হয়	5
একজন	লোক	মারা	5
লোক	মারা	গেছেন	5
তুমি	এত	গরীব	5
আগে	কেন	বলোনি	5
আগেই	বলেছি	তুমি	5
বলেছি	তুমি	ছাড়া	5
আমার	আর	কিছুই	5
আর	কিছুই	নাই	5
ভালোবাসা	চিরদিন	থেকে	5
চিরদিন	থেকে	যাবে	5
জীবনের	কিছুটা	পথ	5
কিছুটা	পথ	একা	5
পথ	একা	একা	5
একা	একা	চলা	5
একা	চলা	তেমন	5
চলা	তেমন	কঠিন	5
তেমন	কঠিন	নয়	5
জীবন	হলো	বাঁচার	5
হলো	বাঁচার	জন্য	5
মন	হলো	দেবার	5
হলো	দেবার	জন্য	5
ভালবাসা	হলো	সারা	5
হলো	সারা	জীবন	5
সারা	জীবন	পাশে	5
জীবন	পাশে	থাকার	5
আমি	কিছু	ভাবতে	5
কিছু	ভাবতে	পারিনা	5
ভাবতে	পারিনা	তোমায়	5
পারিনা	তোমায়	ছাড়া	5
আমি	কিছু	লিখতে	5
কিছু	লিখতে	পারিনা	5
লিখতে	পারিনা	তোমার	5
পারিনা	তোমার	নাম	5
তোমার	নাম	ছাড়া	5
আমি	কিছু	বুঝতে	5
কিছু	বুঝতে	চাইনা	5
বুঝতে	চাইনা	তোমায়	5
চাইনা	তোমায়	ছাড়া	5
ভালবাসায়	এমন	কেন	5
এমন	কেন	হয়	5
যখন	ছেলে	বুঝে	5
ছেলে	বুঝে	তখন	5
বুঝে	তখন	মেয়ে	5
তখন	মেয়ে	বুঝেনা	5
ভালোবাসি	তোমাকে	বলা	5
তোমাকে	বলা	বাকি	5
আমার	খুব	গরম	5
তোমার	কি	গরম	5
আপনার	কি	গরম	5
কি	আমাকে	ভালবাসেন	5
তোমার	জন্য	মনে	5
আমার	অফুরন্ত	আশা	5
সারা	জীবন	পেতে	5
জীবন	পেতে	চাই	5
পেতে	চাই	তোমার	5
চাই	তোমার	ভালবাসা	5
হারিয়ে	যেতে	ইচ্ছে	5
যেতে	ইচ্ছে	করে	5
ইচ্ছে	করে	অনেক	5
করে	অনেক	দূরে	5
দুজনে	মিলে	ঘুরে	5
মিলে	ঘুরে	আসি	5
দুজনে	মিলে	সাঁতার	5
মিলে	সাঁতার	কাটি	5
বাস্তব	কঠিন	হলেও	5
কঠিন	হলেও	মেনে	5
হলেও	মেনে	নিয়ে	5
মেনে	নিয়ে	মানিয়ে	5
নিয়ে	মানিয়ে	চলতে	5
মানিয়ে	চলতে	হয়	5
ফেসবুকে	তার	একজনের	5
তার	একজনের	সাথে	5
একজনের	সাথে	সম্পর্ক	5
সাথে	সম্পর্ক	হয়	5
ছেলেটা	ভালো	চাকরি	5
এই	পাঁচ	মাসে	5
পাঁচ	মাসে	ছেলে	5
পরিবার	নিয়ে	মেয়ের	5
নিয়ে	মেয়ের	বাসায়	5
মেয়ের	বাসায়	যায়	5
বাসায়	যায়	না	5
মেয়ে	বলে	প্রয়োজন	5
বলে	প্রয়োজন	পড়লে	5
প্রয়োজন	পড়লে	আমার	5
পড়লে	আমার	পরিবার	5
আমার	পরিবার	তোমার	5
পরিবার	তোমার	পরিবারের	5
পরিবার	বলতে	মা	5
বলতে	মা	বাবা	5
মা	বাবা	ভাই	5
বাবা	ভাই	বোন	5
ভাই	বোন	নিয়ে	5
আমার	স্বামী	দুই	5
স্বামী	দুই	বছর	5
বছর	আগে	আমাদেরকে	5
আগে	আমাদেরকে	রেখে	5
আমাদেরকে	রেখে	এসে	5
রেখে	এসে	আলাদা	5
এসে	আলাদা	হয়ে	5
আলাদা	হয়ে	যায়	5
হয়	এমন	মেয়ে	5
এমন	মেয়ে	তাদের	5
মেয়ে	তাদের	পছন্দ	5
তাদের	পছন্দ	হয়	5
আপনার	বাবা	মার	5
বাবা	মার	যেহেতু	5
মার	যেহেতু	স্বপ্ন	5
পরে	আপনার	অনেক	5
আপনার	অনেক	আফসোস	5
অনেক	আফসোস	হবে	5
তাদের	একটি	বাচ্চা	5
একটি	বাচ্চা	আছে	5
বাচ্চা	আছে	পাঁচ	5
আছে	পাঁচ	বছরের	5
দুজনেই	তাদেরকে	চাকরি	5
তাদেরকে	চাকরি	নিয়ে	5
চাকরি	নিয়ে	ব্যস্ত	5
সংসারে	কেউ	ঠিকঠাকমতো	5
কেউ	ঠিকঠাকমতো	সময়	5
ঠিকঠাকমতো	সময়	দিতে	5
সময়	দিতে	পারেনা	5
স্ত্রীর	অভিযোগ	স্বামী	5
অভিযোগ	স্বামী	তার	5
স্বামী	তার	দায়িত্ব	5
তার	দায়িত্ব	ঠিকমতো	5
দায়িত্ব	ঠিকমতো	পালন	5
ঠিকমতো	পালন	করছে	5
তোর	নাম	কি	5
তোর	গ্রামের	বাড়ি	5
গ্রামের	বাড়ি	কোঁথায়	5
তোর	বাবার	নাম	5
বাবার	নাম	কি	5
তোর	মার	নাম	5
মার	নাম	কি	5
পরে	খুঁজে	নাও	5
খুঁজে	নাও	পেতে	5
নাও	পেতে	পারি	5
তাদের	সঙ্গে	আমি	5
সঙ্গে	আমি	সব	5
সব	সময়	আনন্দে	5
সময়	আনন্দে	ভরে	5
আনন্দে	ভরে	থাকি	5
আমার	বন্ধুরা	আমাকে	5
বন্ধুরা	আমাকে	ভালবাসা	5
আমাকে	ভালবাসা	দেয়	5
সবাই	একসাথে	হাসি	5
একসাথে	হাসি	খুশি	5
হাসি	খুশি	করে	5
খুশি	করে	সময়	5
করে	সময়	কাটাই	5
আমাদের	মধ্যে	কোন	5
আমার	বোন	আমার	5
বোন	আমার	সাথে	5
আমার	সাথে	সব	5
সাথে	সব	সময়	5
সব	সময়	থাকতে	5
সময়	থাকতে	চায়	5
আমি	আমার	ভাইকে	5
আমার	ভাইকে	অনেক	5
ভাইকে	অনেক	ভালোবাসি	5
আমি	আমার	বোনকে	5
আমার	বোনকে	অনেক	5
বোনকে	অনেক	ভালোবাসি	5
একটি	গ্রামে	একজন	5
গ্রামে	একজন	খারাপ	5
একজন	খারাপ	ছেলে	5
খারাপ	ছেলে	থাকতো	5
সে	সবসময়	মিথ্যা	5
সবসময়	মিথ্যা	কথা	5
মিথ্যা	কথা	বলতো	5
সবাই	তাকে	অনেক	5
তাকে	অনেক	ভয়	5
অনেক	ভয়	পেতো	5
কেউ	তাকে	ভালোবাসতো	5
তাকে	ভালোবাসতো	নাহ	5
সে	খুবই	খারাপ	5
খুবই	খারাপ	ছিল	5
গ্রামের	মানুষরা	ছেলেটির	5
মানুষরা	ছেলেটির	থেকে	5
ছেলেটির	থেকে	দূরে	5
দূরে	থাকতে	চেষ্টা	5
থাকতে	চেষ্টা	করত	5
আপনি	এতো	খারাপ	5
এতো	খারাপ	হয়ে	5
খারাপ	হয়ে	কেন	5
হয়ে	কেন	আছেন	5
খাওয়ার	সময়	খুব	5
সময়	খুব	বেশি	5
খুব	বেশি	ব্যথা	5
বেশি	ব্যথা	করছে	5
ব্যথা	করছে	দাঁতে	5
কি	ধরনের	প্রশ্ন	5
তুমি	থাকো	কোথায়	5
আমরা	কেন	যাচ্ছি	5
কেন	যাচ্ছি	না	5
কাজে	ফাঁকি	দিও	5
ফাঁকি	দিও	না	5
আপনাকে	কেমন	ভাবে	5
কেমন	ভাবে	সাহায্য	5
ভাবে	সাহায্য	করতে	5
সাহায্য	করতে	পারি	5
আমি	বাংলা	ভাষা	5
বাংলা	ভাষা	বুঝি	5
আপনার	সাথে	আছি	5
একটি	বাংলা	গান	5
বাংলা	গান	গাইতে	5
গান	গাইতে	পারেন	5
আমি	আপনাকে	কখনো	5
আপনাকে	কখনো	ভুলব	5
কখনো	ভুলব	না	5
কি	এখানে	রাস্তা	5
এখানে	রাস্তা	দেখতে	5
রাস্তা	দেখতে	পাচ্ছেন	5
আপনার	কাছে	আসতে	5
কাছে	আসতে	চাই	5
আপনি	কি	পড়া	5
কি	পড়া	লিখা	5
পড়া	লিখা	করতে	5
লিখা	করতে	পারেন	5
অপেক্ষা	করতে	পারি	5
কি	আমার	প্রশ্নের	5
জবাব	দিতে	পারেন	5
আমি	আপনার	কাছ	5
থেকে	একটি	গল্প	5
একটি	গল্প	শুনতে	5
গল্প	শুনতে	চাই	5
একটি	ছবি	তুলতে	5
ছবি	তুলতে	পারেন	5
আপনার	সঙ্গে	একটি	5
সঙ্গে	একটি	কথা	5
একটি	কথা	বলতে	5
কোনো	ভুল	করেছেন	5
একটি	বাংলা	বই	5
বাংলা	বই	পড়তে	5
বই	পড়তে	পারেন	5
আপনার	কাছে	পরামর্শ	5
কাছে	পরামর্শ	চাই	5
আমি	আপনার	পাশে	5
আপনার	পাশে	থাকতে	5
কি	এই	জায়গায়	5
এই	জায়গায়	ঘুরতে	5
জায়গায়	ঘুরতে	পারেন	5
কি	গান	লিখতে	5
গান	লিখতে	পারেন	5
আপনার	সাথে	প্রেম	5
সাথে	প্রেম	করি	5
একটি	বাংলা	নাটক	5
আপনার	কাছে	শিক্ষা	5
কাছে	শিক্ষা	নিতে	5
শিক্ষা	নিতে	চাই	5
আপনার	সঙ্গে	মজা	5
সঙ্গে	মজা	করতে	5
মজা	করতে	চাই	5
কোনো	ভুল	বুঝতে	5
ভুল	বুঝতে	পারেন	5
আপনার	সঙ্গে	সময়	5
সঙ্গে	সময়	কাটাতে	5
সময়	কাটাতে	চাই	5
কি	বাংলা	কবিতা	5
বাংলা	কবিতা	লিখতে	5
আমার	বাংলা	বুঝতে	5
বাংলা	বুঝতে	অসুবিধা	5
বুঝতে	অসুবিধা	হচ্ছে	5
আমি	বাংলা	কথা	5
বাংলা	কথা	বলতে	5
আমি	বুঝতে	পারছি	5
আমার	বাচ্চা	একটি	5
বাচ্চা	একটি	মেয়ে	5
একটি	মেয়ে	আছে	5
কি	একটি	শহরে	5
একটি	শহরে	যাবেন	5
আমি	এখানে	থাকবো	5
আমার	বাড়ি	দূরে	5
বাড়ি	দূরে	আছে	5
আমার	বাবা	একজন	5
বাবা	একজন	ডাক্তার	5
তুমি	কি	কখনো	5
কি	কখনো	এখানে	5
কখনো	এখানে	আসতে	5
এখানে	আসতে	পারবে	5
আমার	সাথে	যাবে	5
তুমি	কি	বাংলা	5
কি	বাংলা	গান	5
বাংলা	গান	শুনতে	5
গান	শুনতে	পারো	5
আমার	বইটা	কোথায়	5
তুমি	কি	খেলতে	5
কি	খেলতে	ভালোবাসো	5
আমার	বাড়িতে	বড়ই	5
বাড়িতে	বড়ই	সুন্দর	5
বড়ই	সুন্দর	ফুল	5
সুন্দর	ফুল	আছে	5
কি	আমার	বন্ধু	5
আমার	বন্ধু	হতে	5
বন্ধু	হতে	চাও	5
আমি	এখানে	প্রতিদিন	5
এখানে	প্রতিদিন	আসি	5
তুমি	কি	খেলাধুলায়	5
কি	খেলাধুলায়	ভালো	5
তোমার	কি	খাওয়ার	5
কি	খাওয়ার	জন্য	5
খাওয়ার	জন্য	সময়	5
জন্য	সময়	আছে	5
কি	গান	শুনতে	5
গান	শুনতে	পছন্দ	5
শুনতে	পছন্দ	করেন	5
প্রিয়	ফল	আম	5
আমাকে	নিয়ে	বিদেশে	5
নিয়ে	বিদেশে	ঘুরতে	5
বিদেশে	ঘুরতে	যাবা	5
সে	বিদেশে	যাবে	5
তাঁর	এই	মাসে	5
এই	মাসে	বিদেশে	5
মাসে	বিদেশে	যাওয়ার	5
বিদেশে	যাওয়ার	কথা	5
যাওয়ার	কথা	ছিল	5
সে	বিদেশে	যেতে	5
বিদেশে	যেতে	চায়	5
আপনি	কি	বিদেশে	5
কি	বিদেশে	যেতে	5
বিদেশে	যেতে	চান	5
কিন্তু	তাদের	মা	5
বনের	মধ্যে	একটি	5
মধ্যে	একটি	ছোট্ট	5
একটি	ছোট্ট	জায়গায়	5
ছোট্ট	জায়গায়	তারা	5
জায়গায়	তারা	তিন	5
তিন	ভাই	একসঙ্গে	5
ভাই	একসঙ্গে	থাকতেন	5
একসময়	এক	রাজার	5
এক	রাজার	এক	5
রাজার	এক	হাতি	5
এক	হাতি	ছিল	5
আমি	সকালে	পড়াশোনা	5
পড়াশোনা	করে	মন	5
করে	মন	সচেতন	5
মন	সচেতন	রাখি	5
আমি	আজকে	রাতের	5
আজকে	রাতের	খাবার	5
রাতের	খাবার	খাবো	5
খাবার	খাবো	না	5
কেন	আজকে	রাতে	5
আজকে	রাতে	খাবা	5
রাতে	খাবা	না	5
আমার	ক্ষুধা	লাগে	5
ক্ষুধা	লাগে	নি	5
চলো	সবাই	মিলে	5
সবাই	মিলে	ঘুরতে	5
মিলে	ঘুরতে	যাই	5
অনেক	দূরে	যেখানে	5
দূরে	যেখানে	কেউ	5
তুমি	কেমন	আছো	5
চাকরি	করছো	এখনো	5
তুমি	কি	পড়াশোনা	5
কি	পড়াশোনা	করছো	5
আমি	এখন	বিশ্ববিদ্যালয়ে	5
এখন	বিশ্ববিদ্যালয়ে	পড়াশোনা	5
বিশ্ববিদ্যালয়ে	পড়াশোনা	করছি	5
আমি	বিজ্ঞানে	মাস্টার্স	5
বিজ্ঞানে	মাস্টার্স	ডিগ্রি	5
মাস্টার্স	ডিগ্রি	অর্জন	5
ডিগ্রি	অর্জন	করেছি	5
আপনি	যেভাবে	এগিয়ে	5
যেভাবে	এগিয়ে	যাচ্ছেন	5
এগিয়ে	যাচ্ছেন	তা	5
যাচ্ছেন	তা	খুবই	5
তা	খুবই	গর্বের	5
খুবই	গর্বের	বিষয়	5
আমি	পরে	আপনার	5
পরে	আপনার	দোকানে	5
আপনার	দোকানে	আসব	5
আমার	বড়	মেয়ের	5
বড়	মেয়ের	বিয়ের	5
মেয়ের	বিয়ের	আয়োজন	5
বিয়ের	আয়োজন	চলছে	5
বিয়ের	তারিখ	কখন	5
তারিখ	কখন	ঠিক	5
কখন	ঠিক	করা	5
এখন	পর্যন্ত	সবকিছু	5
পর্যন্ত	সবকিছু	ঠিকমতো	5
সবকিছু	ঠিকমতো	আয়োজন	5
ঠিকমতো	আয়োজন	করছি	5
সাহায্যের	জন্য	আমি	5
জন্য	আমি	এখানে	5
আমি	এখানে	আছি	5
আমি	সাগর	অনেক	5
সাগর	অনেক	পছন্দ	5
অনেক	পছন্দ	করি	5
কেন	তুমি	সাগর	5
তুমি	সাগর	পছন্দ	5
সাগর	পছন্দ	করো	5
সাগরের	পানি	অনেক	5
পানি	অনেক	নীল	5
তোমার	নাম	কি	5
চলো	পালিয়ে	যাই	5
আমার	পকেট	মানি	5
পকেট	মানি	লাগবে	5
এতো	টাকা	কোথায়	5
টাকা	কোথায়	পাবো	5
দিয়ে	কি	করবা	5
একটি	গাড়ি	কিনবো	5
কালো	রঙ	আমার	5
আমার	অনেক	প্রিয়	5
তোমার	প্রিয়	রঙ	5
প্রিয়	রঙ	কি	5
তুমি	কি	দেখেছো	5
আমাকে	ছাড়া	ভালো	5
ছাড়া	ভালো	থেকো	5
আমার	বয়স	কম	5
চাইলে	আমি	চাঁদ	5
আমি	চাঁদ	এনে	5
চাঁদ	এনে	দিবো	5
সকালে	চা	খাবা	5
একটু	এইদিকে	আসো	5
ছেলেটি	অনেক	মেধাবী	5
মেয়েটি	ছেলেটিকে	ভালোবাসতো	5
মেয়েটি	অনেক	বুদ্ধিমতী	5
মেয়েটি	অংকে	কাঁচা	5
আমি	ওর	নাম	5
ওর	নাম	জানি	5
সে	আমার	গ্রামের	5
আমার	গ্রামের	বাড়ীতে	5
গ্রামের	বাড়ীতে	এসেছিল	5
উনি	গ্রাম	থেকে	5
গ্রাম	থেকে	ঢাকায়	5
থেকে	ঢাকায়	এসেছিলেন	5
ও	ঢাকা	থেকে	5
ঢাকা	থেকে	গ্রামে	5
থেকে	গ্রামে	গিয়েছিল	5
তিনি	রাতে	ঘুমতে	5
রাতে	ঘুমতে	গিয়েছিলেন	5
সে	বাগানে	দৌড়ায়	5
উনি	রাস্তার	মাঝে	5
রাস্তার	মাঝে	দৌড়ায়	5
তোমার	সাথে	একমত	5
একমত	হতে	পারছি	5
আমি	চেষ্টা	করেছিলাম	5
আমাকে	বইটি	দেখান	5
ঠিক	কথা	বলেছ	5
বাগানের	মধ্যে	দিয়ে	5
মধ্যে	দিয়ে	কে	5
দিয়ে	কে	দৌড়াল	5
আপনি	খেলায়	জিতলেন	5
তুমি	খেলায়	জিতলে	5
তুমি	যাও	এখান	5
যাও	এখান	থেকে	5
আপনি	যান	এখান	5
যান	এখান	থেকে	5
তুই	যা	এখান	5
যা	এখান	থেকে	5
আপনারা	পার্কে	ঘুরে	5
পার্কে	ঘুরে	বেড়ান	5
উনি	চেষ্টা	করেন	5
পোস্ট	এ	কোন	4
এটা	কি	ভাবে	4
ভাই	রিকুয়েস্ট	দিছি	4
ভালো	ভাবে	ট্রাই	4
লিংক	না	দিলে	4
কোন	কিছু	ডাউনলোড	4
নবীজির	মানব	সভ্যতা	4
মানব	সভ্যতা	ধ্বংসের	4
জান্নাত	জাহান্নামে	ছিল	4
মোবাইল	টা	রুট	4
টা	কাজ	করে	4
এ	গিয়ে	দেখুন	4
পোস্ট	এ	ভালো	4
কি	আর	জীবনেও	4
আপনার	ফোন	কি	4
স্কিটো	সিম	এ	4
টা	কি	একটু	4
থাকলে	কি	কেটে	4
দেওয়া	লিংক	থেকে	4
না	আর	আমি	4
করা	যায়	আমি	4
এ	ডাউনলোড	হয়	4
ইউটিউব	এ	অনেক	4
ভাই	আপনার	মত	4
তে	আসেন	এফবি	4
আমি	ট্রিক	বিডি	4
একটা	পোস্ট	করলাম	4
পোস্ট	করলাম	বাট	4
কিছু	বললাম	না	4
পোস্ট	এর	শেষ	4
জানা	নাই	ভাই	4
গুলো	রিভিউ	করে	4
এটা	ট্রাই	করে	4
করলে	ভালো	হইতো	4
অ্যাপ	টা	ডাউনলোড	4
ইনকাম	এর	জন্য	4
অ্যাপ	টা	অনেক	4
করার	ওয়ে	থাকলে	4
এ	দিলে	ভালো	4
ভাই	আমার	কয়েনবেস	4
অ্যাকাউন্ট	খুলবো	কিভাবে	4
এই	অ্যাপ	ইন্সটল	4
যদি	কাজ	হয়	4
কে	জানানোর	জন্য	4
এমটিকে	৬৫৭২	এর	4
পোর্ট	করে	দিবেন	4
ভাই	কাজ	হবে	4
এই	ভিপিএন	দিয়ে	4
ভিপিএন	দিয়ে	কি	4
কি	ডাউনলোড	হবে	4
ঠিকমত	কাজ	করে	4
ফেসবুক	লিংক	টা	4
কাজ	করে	শুধু	4
করে	না	কি	4
করতে	হয়	এই	4
লাভা	আইরিস	৫০৫	4
২	দিন	এর	4
কিছুই	হয়	না	4
সবাই	জানে	এটা	4
হচ্ছে	না	এখন	4
হয়	তা	নিয়ে	4
আর	আপনি	বলছেন	4
যায়	এমন	একটা	4
দিয়ে	কি	করা	4
কি	রুট	লাগবে	4
চেক	করে	দেখি	4
টেলিগ্রাম	এ	নক	4
টা	মোবাইল	দিয়ে	4
গেলে	ভালো	হতো	4
ভাই	প্লিজ	একটু	4
ইউটিউব	ভিডিও	ডাউনলোডার	4
নেট	চালানো	যাবে	4
না	করলে	ও	4
এডিটর	প্রো	দিয়ে	4
টা	এখন	আর	4
ফন্ট	চেঞ্জ	করে	4
৭	দিনের	জন্য	4
তাহলে	অনেক	ভালো	4
টা	আর	একটু	4
ভাই	আর	একটা	4
মোবাইল	এ	ওয়াইফাই	4
সাইট	এ	পোস্ট	4
ইচ্ছা	না	থাকলে	4
ভালো	পোস্ট	ছিল	4
পোস্ট	টি	শেয়ার	4
লিংক	দেন	আমি	4
সাথে	থাকার	জন্য	4
ফ্রী	নেট	এর	4
একটা	একটা	করে	4
আমি	নিজে	ট্রাই	4
গেম	টা	খেলতে	4
ভাই	আপনার	কথা	4
যায়	কি	করবো	4
করলে	আমি	কি	4
হ্যাক	করার	পোস্ট	4
করেছি	কাজ	হয়	4
করেন	না	হলে	4
কাজ	করে	আর	4
কাইন্ডলি	একটু	বলবেন	4
তার	পরে	ও	4
ও	কাজ	করেনা	4
বানান	ঠিক	করেন	4
এনিওয়ান	হেল্প	মি	4
একটু	হেল্প	করতে	4
ড্রাইভ	লিংক	দিলে	4
ভাই	মোবাইল	দিয়ে	4
জিমেইল	আইডি	হ্যাক	4
হয়	তা	হলে	4
নাই	প্লিজ	হেল্প	4
হ্যাক	করার	কোন	4
কেউ	জানলে	হেল্প	4
এ	নিয়ে	যাবে	4
দিয়ে	কিভাবে	করবো	4
বাট	মাঝে	মাঝে	4
অফার	টি	এখন	4
খেয়াল	করি	নাই	4
সাইট	এ	পাবেন	4
ব্যাক	পাওয়া	যাবে	4
ভাইয়া	এফবি	তে	4
পোস্ট	এর	কমেন্ট	4
ভিডিও	দেখতে	পারেন	4
এর	জন্য	ট্রিকবিডি	4
একটু	চেক	করে	4
ট্রিকবিডি	তে	আসে	4
বললে	ভালো	হত	4
ভাই	গুড	পোস্ট	4
কানেক্ট	হয়	কিন্তু	4
এ	কল	দিয়ে	4
এ	কাজ	করেনা	4
এই	সফটওয়্যার	টা	4
আর	আগের	পোস্ট	4
কেউ	দিতে	পারবেন	4
করা	বাদ	দেন	4
ফ্রি	নেট	ক্যাটাগরি	4
করার	কোন	অপশন	4
এনিওয়ে	থ্যাংকস	ফর	4
এ	পেমেন্ট	দেয়	4
শেষ	হওয়ার	পর	4
সার্চ	করে	দেখুন	4
ডাউনলোড	লিংক	এ	4
এ	ঢুকতে	পারি	4
ঢুকতে	পারি	না	4
দিলে	খুব	উপকৃত	4
ইউস	করা	যায়	4
টাকা	তুলবো	কিভাবে	4
দিয়ে	করা	যাবে	4
আমার	এয়ারটেল	সিম	4
থেকে	ডাউনলোড	করার	4
ছিল	আপনি	কি	4
কি	প্লিজ	বলবেন	4
টা	দেওয়ার	জন্য	4
এই	আইডি	তে	4
থাকলে	হেল্প	করেন	4
করবো	কি	করে	4
কি	করে	প্লিজ	4
ফালতু	ছেলের	ফালতু	4
এ	যেতে	হবে	4
পোস্ট	করা	যাবে	4
গিয়ে	নিয়ে	আসতে	4
নিয়ে	আসতে	হবে	4
না	এটা	শুধু	4
জানি	অনেক	আগে	4
দিতে	পারেন	তাহলে	4
করে	ইউটিউব	এ	4
করি	নাই	আমার	4
এ	চলছে	না	4
ভাই	শুধু	শুধু	4
কোন	লিংক	থেকে	4
দিয়ে	ফ্রী	নেট	4
ইউস	করতে	পারবো	4
ক্রিয়েট	করা	যায়	4
ভাই	আশা	করি	4
জন্য	ট্রিকবিডি	এর	4
বেশি	ভালো	লাগলো	4
কি	মোবাইল	দিয়ে	4
কি	করতে	পারবো	4
ভালো	স্পিড	পাবেন	4
এর	ডাউনলোড	লিঙ্ক	4
টা	দেন	একটু	4
থাকে	তাহলে	কি	4
এর	ক্ষতি	হবে	4
আমি	অথর	না	4
৩০	দিন	এর	4
অনেক	ভালো	হয়	4
ড্রয়েড	ভিপিএন	এ	4
দিয়ে	করতে	পারেন	4
সম্ভব	না	আর	4
আরো	ভালো	কিছু	4
আওয়ার	ধরে	পোস্ট	4
পোস্ট	করার	ইচ্ছা	4
কেউ	একটা	পোস্ট	4
কাছে	যেটা	ভালো	4
যেটা	ভালো	মনে	4
পোস্ট	টা	আগে	4
ক্যাশ	আউট	করবো	4
আউট	করবো	কিভাবে	4
আমি	পারি	না	4
টিউটোরিয়াল	লিংক	দিতে	4
এরকম	একটা	পোস্ট	4
আছে	তাদের	জন্য	4
পেলাম	না	ভাই	4
৬	টা	পোস্ট	4
মেয়াদ	বাড়ানোর	কোনো	4
জন্যই	ট্রিকবিডি	তে	4
তাহলে	আপনার	জন্য	4
এখন	ও	তো	4
এখন	কাজ	করতেছে	4
জানা	ছিল	না	4
আমার	একটা	হেল্প	4
তাহলে	কমেন্ট	এ	4
ব্রো	আমি	নিউ	4
করে	লেখার	জন্য	4
তাহলে	খুব	ভালো	4
আমি	একটা	ভিডিও	4
না	করলে	অন্য	4
ভাই	ইউটিউব	এ	4
করার	জন্য	সব	4
করলে	ভালো	লাগে	4
পাওয়া	যাচ্ছে	না	4
গেম	টা	অনেক	4
নাই	তাহলে	কি	4
করে	কাজ	করতে	4
বাংলা	সাপোর্ট	করে	4
উপকার	হতো	ভাই	4
করে	দেওয়া	উচিত	4
ভালো	হতো	না	4
কম	এমবি	এর	4
অনেক	উপকার	হবে	4
লিংক	থাকলে	দেন	4
আমার	রবি	সিম	4
ভাই	আমার	সাথে	4
নাম্বার	টা	দিবেন	4
শেয়ার	করা	আছে	4
ব্যবহার	করতে	পারবো	4
অফ	করে	দিয়েছে	4
করা	যাবে	ভাই	4
দিবেন	আশা	করি	4
দিন	পর	একটা	4
ঠিক	করে	দিন	4
অনেক	আগে	ট্রাই	4
আগে	ট্রাই	করছি	4
এফবি	তে	রিকুয়েস্ট	4
ভাই	আপনার	দেওয়া	4
অন্য	অ্যাপ	দিয়ে	4
করার	জন্য	থ্যাঙ্কস	4
হেল্প	করুন	প্লিজ	4
দিলে	ভালো	হবে	4
কিভাবে	বের	করবো	4
এ	ইউস	করতে	4
টা	দেন	কথা	4
আমি	কি	পাবো	4
এর	২	টা	4
২	টা	আইডি	4
একটু	কথা	ছিল	4
এর	কাছে	আমার	4
পোস্ট	করছি	প্লিজ	4
একাউন্ট	করলে	কি	4
টাকা	পাওয়া	যাবে	4
মনে	হয়	এই	4
খেলা	যাবে	না	4
যাবে	না	আর	4
দিয়ে	কি	করব	4
আপনি	কিভাবে	জানলেন	4
এখন	আর	নেই	4
না	জেনে	পোস্ট	4
সুন্দর	করে	লিখেছেন	4
এই	অ্যাপস	দিয়ে	4
কাস্টম	রিকভারি	পোর্ট	4
দিলে	আরও	ভালো	4
আরও	ভালো	হতো	4
করা	হয়	নি	4
পোস্ট	আশা	করি	4
কিছু	কথা	আছে	4
ওয়াইফাই	হ্যাক	করবো	4
আমি	অথর	হতে	4
এটা	আবার	কি	4
মি	প্লিজ	আমার	4
দিয়ে	কী	হবে	4
আইপি	চেঞ্জ	করে	4
ফোন	অন	হয়	4
দেখতে	পাচ্ছি	না	4
দিয়ে	ডাউনলোড	করতে	4
থ্যাংকস	থ্যাংকস	থ্যাংকস	4
আমি	করতে	চাই	4
সামথিং	ওয়েন্ট	রং	4
থাকলে	শেয়ার	করুন	4
কি	পোস্ট	করার	4
আমাকে	ট্রেইনার	বানান	4
একটা	পোস্ট	ও	4
হুম	ভাই	ঠিক	4
ভাই	ঠিক	বলছেন	4
অ্যাপস	এর	নাম	4
১১	টাকায়	১	4
পেয়ে	যাবেন	ইনশাআল্লাহ	4
হয়	না	কোন	4
থেকেই	জানি	তবুও	4
করে	ট্রেইনার	রিকোয়েস্ট	4
না	আর	আপনার	4
এর	মতো	ভালো	4
একটা	অ্যাপ	আছে	4
করলাম	হলো	না	4
পোস্ট	আছে	দেখুন	4
ট্রাই	করেছি	কিন্তু	4
তো	করা	যায়	4
কুপন	কোড	কি	4
লিংক	দেয়া	আছে	4
ভার্সন	দিয়ে	ট্রাই	4
আছে	থাকলে	প্লিজ	4
থাকলে	প্লিজ	জানাবেন	4
প্লিজ	কেউ	আমাকে	4
লিমিট	১০০	এমবি	4
কিভাবে	করতে	হবে	4
সবার	জন্য	ভালো	4
কাজ	করলো	না	4
অ্যাপ	ইন্সটল	হয়	4
দিলে	অনেক	উপকৃত	4
অনেক	উপকৃত	হতাম	4
এর	জন্য	এরকম	4
হবে	না	আপনার	4
ইউ	আর	রাইট	4
একটা	পোস্ট	করেছি	4
রেফার	করতে	হবে	4
হয়	না	আপনি	4
দেখে	মনে	হচ্ছে	4
একটু	দিবেন	প্লিজ	4
জন্য	পোর্ট	করা	4
পোর্ট	করা	যায়	4
দিয়ে	কি	করবেন	4
ব্যবহার	করা	যায়	4
পোস্ট	করেছি	প্লিজ	4
প্লিজ	অথর	বানান	4
হ্যাক	হবে	নাকি	4
শুধু	শুধু	হয়রানি	4
সব	কিছু	তো	4
আপনার	উচিত	ছিল	4
করতে	হয়	একটু	4
দেওয়া	যায়	না	4
এর	জন্য	আমি	4
ভাই	আমি	সিম্ফনি	4
ভালো	করে	দেখুন	4
বানান	প্লিজ	ভাই	4
অনেক	চেষ্টা	করেও	4
বাংলা	সাবটাইটেল	আছে	4
সরি	ভাই	আমি	4
একটা	ফেসবুক	আইডি	4
না	অনেক	চেষ্টা	4
এই	২	টা	4
টিউনার	হতে	চাই	4
ডাউনলোড	লিংক	দিন	4
লিংকটা	দিবেন	প্লিজ	4
আপনার	সাথে	একমত	4
প্লিজ	আপনার	ফেসবুক	4
করতে	গেলে	কি	4
আসছে	না	কি	4
আমি	ভালো	ভালো	4
যেটা	জানেন	না	4
না	সেটা	নিয়ে	4
৩	মাস	ধরে	4
কিন্তু	কাজ	হচ্ছে	4
থাকলে	জানাবেন	প্লিজ	4
এর	সাথে	আছি	4
ভাইয়া	এটা	কি	4
এটা	কি	সত্যি	4
করার	পর	তো	4
টিভি	কোড	চাই	4
ওই	সাইট	থেকে	4
আচ্ছা	ভাই	একটা	4
আপনার	সাথে	আমি	4
কাস্টম	রোম	ইনস্টল	4
গ্যালাক্সি	ভি	এর	4
না	ওয়েব	টানেল	4
আর	কিছু	না	4
লিংক	দিতে	হবে	4
কিছুই	হবে	না	4
সাইন	আপ	করা	4
ইমেইল	আইডি	দিয়ে	4
লিংক	টা	কাজ	4
টা	কাজ	করছে	4
তা	জানি	না	4
করার	আগে	সার্চ	4
আগে	সার্চ	দিয়ে	4
এ	হয়	না	4
কি	ডাউনলোড	করতে	4
কোনো	সমস্যা	নাই	4
আপডেট	এর	জন্য	4
এই	রকম	কোনো	4
এসডি	কার্ড	এর	4
টেম্প	মেইল	দিয়ে	4
এটা	সমস্যা	না	4
ব্রো	আমি	একটা	4
চেঞ্জ	করার	পর	4
দিয়ে	লগইন	করতে	4
আমার	ও	সেম	4
হয়ে	যায়	এই	4
উপর	নির্ভর	করবে	4
এখন	কি	করা	4
করা	যায়	প্লিজ	4
টা	পোস্ট	করুন	4
জন্য	কোনটা	ভালো	4
মোবাইল	দিয়ে	কিভাবে	4
৩	দিন	পর	4
টিউনার	না	তাই	4
বন্ধ	করে	দিলো	4
ডাউনলোড	করার	কোনো	4
ভাই	আপনার	কমেন্ট	4
গুগলে	সার্চ	করে	4
ভাই	পিসি	এর	4
ইউস	করার	জন্য	4
পোস্ট	আমি	নিজে	4
নিজে	এই	পোস্ট	4
কিছু	বুঝতে	পারলাম	4
অনেক	ভালো	হবে	4
ডাউনলোড	করতে	পারবো	4
পোস্ট	পাবলিশ	হয়	4
আমার	কাছে	আসে	4
করতে	পারবে	আর	4
রুট	করা	লাগবে	4
করা	লাগবে	নাকি	4
পোস্ট	বাট	এটা	4
ভাই	মাঝে	মাঝে	4
আরো	ভালো	পোস্ট	4
বিস্তারিত	বলবেন	প্লিজ	4
একটা	পোস্ট	করবো	4
কিনতে	পাওয়া	যাবে	4
সার্চ	দিয়ে	দেখতে	4
স্টোর	থেকে	অ্যাপ	4
কোন	সিম	দিয়ে	4
আমি	পোস্ট	এর	4
হতে	চাই	প্লিজ	4
কি	করবো	যদি	4
ভাইয়া	আমার	তো	4
আপনি	কি	সিউর	4
এই	পোস্ট	আর	4
ভালো	ভাবে	দেখেন	4
না	বুঝলে	ভিডিও	4
না	বুঝলে	কমেন্ট	4
এটা	অনেক	দিন	4
ইন	করতে	পারছি	4
ভাই	আমি	কিভাবে	4
চালু	হচ্ছে	না	4
পাবলিশ	হলো	না	4
অনেক	বানান	ভুল	4
ভাই	ডাউনলোড	লিঙ্ক	4
হয়	না	কিভাবে	4
আমি	যেটা	দিছি	4
করে	দিতে	পারবো	4
অ্যাপস	এর	ভিতর	4
ভাই	টিউনার	বানান	4
আমার	জানা	নেই	4
এডিট	করে	ঠিক	4
জিমেইল	হ্যাক	করে	4
ভাই	আমার	সাইট	4
একটু	এফবি	তে	4
আপনার	একটা	পোস্ট	4
ভাই	আমি	জানি	4
আমি	জানি	আপনি	4
ব্রাউজার	দিয়ে	ডাউনলোড	4
হেল্প	মি	ব্রো	4
পোস্ট	গুলা	রিভিউ	4
এ	দেখতে	পারেন	4
আমি	যেটা	দিচ্ছি	4
করে	দেখেন	এটা	4
আপনার	বাসা	কই	4
কোন	ট্রিক	আছে	4
মোবাইল	এ	কি	4
আপনার	জন্য	একটা	4
দিয়ে	রুট	করলে	4
টা	একটু	দেন	4
আবার	ট্রাই	করে	4
পোস্ট	করার	কোন	4
এপিকে	এর	নাম	4
কিভাবে	বাড়ানো	যায়	4
দিয়া	ট্রাই	করে	4
ভি	পি	এন	4
পোস্ট	করতে	পারবে	4
আগেই	ট্রাই	করছি	4
পোস্ট	করতে	ইচ্ছা	4
আপনার	সাথে	একটু	4
সাথে	একটু	কথা	4
আপনার	এফ	বি	4
নিয়ে	আর	পোস্ট	4
করলে	সাথে	সাথে	4
ফ্রি	নেট	টা	4
ট্রিকবিডি	এর	অ্যাডমিন	4
জন্য	ফ্রি	নেট	4
নেট	এর	ট্রিক	4
ডাউনলোড	করা	লাগবে	4
ভালো	মানের	পোস্ট	4
করেন	আমার	পোস্ট	4
ইউসি	ব্রাউসার	দিয়ে	4
পেজ	নট	ফাউন্ড	4
লিংক	টা	দাও	4
ইউজার	ভাই	অনেক	4
ফ্লেক্সি	প্ল্যান	দিয়ে	4
এই	রকম	কিছু	4
আপনি	তো	পোস্ট	4
এটা	কি	এখন	4
ব্যালান্স	জানতে	ডায়াল	4
ও	চলে	না	4
আমি	আপনার	এফবি	4
আমার	ফেইসবুক	আইডি	4
ভাইয়া	আমাকে	একটু	4
আমার	ট্রিকবিডি	একাউন্ট	4
না	বাট	আপনার	4
ললিপপ	ভার্সন	এর	4
ভার্সন	এর	জন্য	4
আর্ন	করতে	পারবেন	4
ও	ইউস	করতে	4
বাই	স্টেপ	কাজ	4
কি	কাজ	করা	4
হবে	না	আপনি	4
এর	সাথে	১	4
লিংক	দেন	ভাই	4
এক	পোস্ট	কতবার	4
দিচ্ছে	না	কেন	4
মেয়াদ	বাড়ানোর	ট্রিক	4
ট্রিক	বের	করেন	4
আপনি	কি	এটা	4
নষ্ট	হবে	না	4
জিপ	ফাইল	করে	4
এমন	পোস্ট	আরো	4
এর	লিংক	দিতে	4
না	আমি	নিজে	4
কি	এটা	দিয়ে	4
এমবি	লাগবে	নাকি	4
এটা	ফ্রি	নেট	4
ক্যান	ইউ	হেল্প	4
জানি	তবুও	থ্যাংকস	4
করা	যায়	কি	4
কি	প্লিজ	হেল্প	4
ট্রাই	করুন	না	4
করুন	না	হলে	4
একটা	হলেই	হবে	4
বাট	চলছে	না	4
এর	উপর	ক্লিক	4
এড্রেস	বার	এ	4
নিয়ে	কোনো	পোস্ট	4
জাভা	ফোন	দিয়ে	4
প্লে	সার্ভিস	এপিকে	4
কোনো	ওয়ে	আসে	4
গুগল	সার্চ	করলে	4
খুঁজে	পেলাম	না	4
একটা	পোস্ট	করার	4
ট্রিক	টা	পোস্ট	4
প্লিজ	ইউসার	ভাই	4
এ	এড	করবো	4
প্লিজ	আপনার	সাথে	4
আগে	থেকে	ইউস	4
থেকে	ইউস	করি	4
আমি	আগে	করসি	4
ভালো	কাস্টম	রোম	4
শেষ	হওয়ার	সাথে	4
হওয়ার	সাথে	সাথে	4
এর	লিংক	নাই	4
না	আপনি	আমাকে	4
ভার্সন	এর	লিংক	4
দিয়ে	লগইন	করলে	4
করার	জন্য	আমি	4
না	প্লিজ	আমাকে	4
এরকম	আরো	পোস্ট	4
টা	শেয়ার	করার	4
পোস্টে	দেয়া	আছে	4
রুট	ছাড়া	কাজ	4
ফোন	এ	সাপোর্ট	4
কাস্টম	রোম	ইউস	4
ভাই	সাথেই	থাকুন	4
কাজ	করার	সময়	4
এই	এপ	টা	4
ঠিক	হয়	নাই	4
একটা	এপ	আছে	4
পোস্ট	আছে	দেখেন	4
আমি	তো	২	4
সেটাই	তো	বুঝলাম	4
এপ	টা	খুব	4
হয়	ট্রিকবিডি	তে	4
এর	জন্য	টাকা	4
এপ	টা	আনইনস্টল	4
দিয়ে	এফবি	তে	4
সাইট	এর	জন্য	4
ভাই	অনেক	উপকার	4
দেন	একটু	কথা	4
ভাই	আপনি	যেই	4
আপনার	টা	কপি	4
ভাবে	করা	যায়	4
১২	টাকা	১	4
কিভাবে	প্লিজ	একটু	4
আবেদন	করতে	পারবো	4
আগে	করা	হইসে	4
লিংক	দিয়ে	ট্রাই	4
এর	সেটিং	টা	4
মেনি	মেনি	থ্যাংক্স	4
ইনস্টল	হচ্ছে	না	4
পোস্ট	করার	নিয়ম	4
টা	কিভাবে	করবো	4
কিভাবে	প্লিজ	বলবেন	4
ইউসার	ভাই	আপনি	4
ঢোকা	যায়	না	4
আপনি	তো	অথর	4
ফালতু	পোস্ট	করার	4
উপর	নির্ভর	করে	4
পোস্ট	করা	হইসিলো	4
ভাই	অনেক	অনেক	4
ভিপিএন	এর	স্পিড	4
আপনার	এফবি	টা	4
করে	না	প্লিজ	4
হবে	আর	কত	4
ভাই	হয়না	তো	4
পিক	দেখা	যায়	4
পোস্ট	করতে	পারতাম	4
কিনতে	পাওয়া	যায়	4
এর	অ্যাডমিন	কে	4
ভাই	এমন	কোনো	4
আপনার	পোস্ট	টার	4
ঐটা	নিয়ে	একটা	4
কোনো	পোস্ট	হইলো	4
আর	১	জিবি	4
করার	কি	আছে	4
লিংক	কাজ	করসে	4
বুঝলাম	না	ব্রো	4
বুঝতে	পারসি	না	4
ভিডিও	টা	দেখে	4
নাই	বাট	আমার	4
কেউ	কি	বলবেন	4
দিয়ে	ট্রাই	করসি	4
এর	ট্রিক	টা	4
কত	হলে	পেমেন্ট	4
পেমেন্ট	নিতে	পারবো	4
হা	হা	লল	4
পোস্ট	করা	হইছে	4
ইউটিউব	থেকে	কপি	4
রিকোয়েস্ট	দিসি	একসেপ্ট	4
দিবেন	ভাই	প্লিজ	4
পোস্ট	করিস	কেন	4
ভাই	এই	সাইট	4
আলতু	ফালতু	পোস্ট	4
আপনি	চালিয়ে	যান	4
ভেরি	গুড	পোস্ট	4
টাকা	ক্যাশ	ব্যাক	4
না	ভাই	একটু	4
ঠিক	ই	আছে	4
অরিজিনাল	মিউই	রোম	4
ভাই	এই	সব	4
পোস্ট	করতে	পারলে	4
কোনো	ভাবে	কি	4
ধুর	মিয়া	এটা	4
করতে	হয়	না	4
নাই	এখন	আমি	4
বাট	আমার	তো	4
অনেক	ভালো	লাগসে	4
মোবাইল	এর	ভার্সন	4
বাট	আমি	এখন	4
ব্রো	এফবি	তে	4
ওয়ে	আছে	কি	4
ভাই	পিসি	তে	4
করা	থেকে	বিরত	4
ভালো	লাগছে	তাই	4
যদি	হয়	তাহলে	4
আইডি	টা	দাও	4
করে	আবার	ইনস্টল	4
ভাই	আমি	ট্রাই	4
এই	ওয়েবসাইট	টা	4
পাবলিশ	হয়	না	4
ভাইয়া	আপনার	বাসা	4
দেয়া	যাবে	প্লিজ	4
প্লিজ	কি	করবো	4
দিয়া	ফ্রি	নেট	4
টা	পোস্ট	করে	4
ধরে	পোস্ট	টা	4
আমাকে	একটা	একাউন্ট	4
ডেট	অফ	বার্থ	4
করার	জন্য	থ্যাংক্স	4
ভাইয়া	প্লিজ	হেল্প	4
একটু	বলবেন	ভাই	4
আপনি	আবার	ট্রাই	4
ফেইসবুক	আইডি	থেকে	4
পোস্ট	করে	জানিয়ে	4
কি	নেট	কানেকশন	4
টাকা	কি	ভাবে	4
আইডি	নষ্ট	হয়ে	4
কিভাবে	ইনস্টল	করবো	4
করলে	প্রব্লেম	হবে	4
আসছে	না	কেনো	4
তখন	কি	করবো	4
আমার	এক	বড়	4
আমি	৩	মান্থ	4
দেয়ার	কি	দরকার	4
ইউটিউব	থেকে	ডাউনলোড	4
খারাপ	না	ব্রো	4
জাভা	ফোন	এ	4
ইউস	করলে	কি	4
ভাইয়া	আমাকে	ট্রেনার	4
থ্যাংক	ফর	কমেন্ট	4
ঠিক	বলসেন	ভাই	4
করে	না	ভাই	4
কোনো	কাস্টম	রোম	4
থ্যাংকস	ভাই	পাইসি	4
আসে	এখন	কি	4
কন্টাক্ট	করতে	পারেন	4
চলে	না	আমার	4
হচ্ছে	না	আপনি	4
প্লিজ	কেউ	বলেন	4
চাই	হেল্প	মি	4
টা	ডাউনলোড	করার	4
কিভাবে	প্লিজ	প্লিজ	4
এ	পেয়ে	যাবেন	4
ভার্সন	কত	ভাই	4
পর	একটা	মনের	4
ভাই	জিপি	সিম	4
ফ্রেন্ড	রিকোয়েস্ট	দিসি	4
ফেইসবুক	আইডি	লিংক	4
করতে	চাই	হেল্প	4
টার	লিংক	টা	4
অসাম	পোস্ট	ভাইয়া	4
২৪	আওয়ার	এর	4
ফেইসবুক	এ	আসেন	4
বুঝিয়ে	বললে	ভালো	4
এই	অ্যাপস	এর	4
আপনার	আইডি	তে	4
না	থাকার	কারণে	4
২	জিবি	পাইসি	4
হবে	এটা	দিয়ে	4
একটা	সমাধান	দেন	4
বুঝি	না	প্লিজ	4
জানলে	পোস্ট	করবেন	4
পোস্ট	কেন	করেন	4
সব	পোস্ট	এ	4
অথর	বানাইসে	কে	4
দেন	তো	প্লিজ	4
হয়	না	ভাইয়া	4
দেখায়	কেনো	হেল্প	4
জায়গায়	কাজ	হবে	4
বাট	এখনো	পেন্ডিং	4
এখনো	পেন্ডিং	আছে	4
আমাকে	হেল্প	করতে	4
শেয়ার	করতাম	না	4
নেট	উইজ	করতে	4
পোস্ট	টা	দেখার	4
ভাই	এখন	থেকে	4
আমি	জিপি	সিম	4
টা	একাউন্ট	করলাম	4
দিন	প্লিজ	ভাই	4
একটা	কথা	বলেন	4
কিভাবে	কাজ	করবো	4
কিছু	ক্ষণ	পর	4
স্ক্রিনশট	এর	মতো	4
ফান	করার	জন্য	4
আমার	১টা	এফবি	4
নাম	চেঞ্জ	করতে	4
না	এটার	কারণ	4
এটার	কারণ	কি	4
আবার	ডাউনলোড	করেন	4
২০	টাকা	পেলাম	4
কল	দিতে	কি	4
দিতে	কি	থাকা	4
কি	থাকা	লাগবে	4
থাকা	লাগবে	সিম	4
প্রতিদিন	কি	ক্রেডিট	4
কি	ক্রেডিট	সংগ্রহ	4
ক্রেডিট	সংগ্রহ	করা	4
কি	একেবারে	২০০	4
একেবারে	২০০	ক্রেডিট	4
প্লিজ	আমাকে	দেন	4
এই	কাজ	করে	4
তো	এই	পোস্ট	4
নাই	তো	তাই	4
টা	নিয়ে	একটা	4
ভালো	কিছু	পোস্ট	4
ওপেন	করলে	অটোমেটিক	4
ডাউনলোড	করবো	প্লিজ	4
আসে	প্লিজ	হেল্প	4
ভিডিও	ডাউনলোড	করতে	4
কিছু	বুজলাম	না	4
বন্ধ	করে	দিয়েছে	4
এ	ফাইল	আপলোড	4
ভাই	প্লিজ	টিউনার	4
ট্রাই	করেন	না	4
উপরে	দেওয়া	আছে	4
সবাই	রিপোর্ট	মারেন	4
এখন	অফ	হয়ে	4
ক্লাস	অফ	ক্লেন্স	4
পোস্টগুলো	রিভিউ	করুন	4
রিভিউ	করুন	প্লিজ	4
মাঝে	মাঝে	ডিসটার্ব	4
হাত	দূরে	থাকুন	4
মেয়াদ	বাড়বে	না	4
না	তবে	আমি	4
আমি	ট্রাই	করবো	4
আনরুট	এর	জন্য	4
ড্রইড	ভিপিএন	কানেক্ট	4
দেখি	কেমন	পারে	4
ব্রাউসার	ইউস	করেন	4
সবাই	পায়	না	4
কেউ	কি	জিমেইল	4
সময়	লাগবে	ভাই	4
করতে	তো	এমবি	4
বাট	ফোন	এর	4
এম	নট	রোবট	4
বেশি	সবাই	জানে	4
বানানো	যাবে	কি	4
এই	পোস্ট	আপনার	4
পোস্ট	আপনার	জন্য	4
সহ	পোস্ট	করলে	4
প্রোফাইল	এ	গিয়ে	4
দেখেন	ভাই	পোস্ট	4
বাজে	কমেন্ট	করেন	4
কমেন্ট	করেন	না	4
এইটা	কোনো	পোস্ট	4
ভালো	পোস্ট	করসেন	4
না	অফ	হয়ে	4
থাকলেই	হবে	নাকি	4
খুব	ই	ভালো	4
না	অন্য	কোনো	4
এর	মাধ্যমে	আপনি	4
লাভ	ইউ	ভাইয়া	4
স্টার্ট	দেয়ার	পর	4
চালাতে	চাইলে	কিভাবে	4
লিখে	গুগল	সার্চ	4
১০০	এমবি	এর	4
কেমনে	আপলোড	দিবো	4
২৪	আওয়ার	হয়ে	4
হলো	না	অন্য	4
ফর	নাইস	কমেন্ট	4
হবে	বলে	মনে	4
বলে	মনে	হয়না	4
শুধু	ইউসি	মিনি	4
কাস্টম	রোম	নিয়ে	4
দিয়ে	আনরুট	করতে	4
জন্য	কোনো	কাস্টম	4
এটা	বুঝা	যাচ্ছে	4
গেম	এর	লিংক	4
এর	লিংক	দেওয়া	4
লাগবে	দিতে	পারবেন	4
ভাই	ট্রাই	করবো	4
ট্রাই	করবো	সাথেই	4
করবো	সাথেই	থাকুন	4
টাকায়	৩	জিবি	4
আর	আপনার	মতো	4
এর	চেয়ে	কিছু	4
টাকা	খরচ	করে	4
টা	ডিলিট	করুন	4
আমার	একটা	সাইট	4
সেটিং	টা	দেন	4
আনলক	করবো	কিভাবে	4
একটু	কষ্ট	করতে	4
না	করলে	আপনার	4
দিয়ে	কানেক্ট	করতে	4
করে	দিসে	এখন	4
অফলাইন	এ	খেলা	4
খুলে	দিতে	পারবেন	4
দিয়ে	কি	ইউটিউব	4
করবো	হেল্প	প্লিজ	4
এই	ফাইল	টা	4
আপনার	সিম	এ	4
যা	ইচ্ছা	তাই	4
সুন্দর	সুন্দর	পোস্ট	4
আমার	আইডি	এর	4
আগে	কাজ	করতো	4
২০১৩	থেকে	ট্রিকবিডি	4
বাট	কাজ	হচ্ছে	4
আর	কাজ	হচ্ছে	4
ভাই	আমার	১টা	4
প্রব্লেম	হয়	নাই	4
নিয়ে	আলোচনা	করা	4
আলোচনা	করা	আছে	4
এ	স্ক্রিনশট	অ্যাড	4
আবুল	মার্কা	পোস্ট	4
কি	গাছে	ধরে	4
ব্রো	আপনি	ট্রাই	4
আপনি	ট্রাই	করেন	4
টাকা	রাখবেন	না	4
২০	টাকা	দিয়ে	4
আপনি	গুগল	থেকে	4
আর	আপনি	তো	4
হ্যাক	করার	ট্রিক	4
আমাকে	প্লিজ	হেল্প	4
কি	পোস্ট	করেন	4
না	কি	প্রব্লেম	4
৪জি	সাপোর্টেড	কিন্তু	4
কেয়ার	এ	ফোন	4
সার্চ	করলে	অনেক	4
চেঞ্জ	করতে	হয়	4
বছর	আগে	থেকে	4
দিন	পর	ট্রিকবিডি	4
ভালো	এক	টা	4
অ্যাডমিন	প্যানেল	এর	4
কীপ	ইট	আপ	4
কোনো	কাজ	নাই	4
কত	সময়	পর	4
হেল্প	মি	কিভাবে	4
কেউ	জানলে	বলেন	4
পোস্ট	আরো	ভালো	4
করার	অনুরোধ	করা	4
আচ্ছা	ভাই	বুঝলাম	4
ভাই	বুঝলাম	যে	4
বার	এ	ফটো	4
এ	ফটো	অ্যাড	4
ফটো	অ্যাড	করার	4
অ্যাড	করার	একটা	4
করার	একটা	পদ্ধতি	4
ভালো	একটা	টাইটেল	4
টাইটেল	না	দিয়ে	4
লোকেশন	টা	অফ	4
মানে	কি	ভাই	4
ফ্রী	নেট	আছে	4
আর	কিছু	করতে	4
হয়	এ	ভাবেই	4
না	থাকলে	কানেক্ট	4
আইডি	তে	লগ	4
পোস্ট	এর	টাইটেল	4
প্লিজ	প্লিজ	ওয়াপকিজ	4
প্লিজ	ওয়াপকিজ	লাইভ	4
ভাই	আমি	একাউন্ট	4
বিটিসি	২৫০০০	বেশি	4
ডিসাইন	দিবেন	না	4
করলে	টাকা	কাটবে	4
হবে	নাকি	ভাইয়া	4
তে	নেওয়া	যাবে	4
লিংক	নট	ওয়ার্কিং	4
নেক্সট	এ	পোস্ট	4
পারে	তাই	যারা	4
নাই	প্লিজ	বলেন	4
আমার	আগের	মোবাইল	4
আগের	মোবাইল	এর	4
মোবাইল	এর	এপলক	4
এর	এপলক	এ	4
এপলক	এ	হাইড	4
এ	হাইড	করা	4
হাইড	করা	ইমেজ	4
মোবাইল	টা	নষ্ট	4
গেসে	এখন	কি	4
কি	ওই	ইমেজ	4
ওই	ইমেজ	অন্য	4
ইমেজ	অন্য	মোবাইল	4
মোবাইল	দিয়ে	আনতে	4
পোস্ট	গুলা	আবার	4
একটা	টিউটোরিয়াল	দিয়েন	4
কিছু	থাকবে	না	4
চ্যানেল	এর	সাবস্ক্রাইবার	4
না	আবার	পোস্ট	4
আবার	পোস্ট	করেন	4
এক্সপোসড	ফ্রেমওয়ার্ক	ইনস্টল	4
এ	করা	যাবে	4
আপনার	মেইন	ইমেইল	4
মেইন	ইমেইল	এ	4
স্টোর	এ	সার্চ	4
সার্চ	দিন	পেয়ে	4
যদি	একটু	বুঝিয়ে	4
আছে	পোস্ট	এ	4
ওয়াল্টন	প্রিমো	জিএফ	4
দের	জন্য	না	4
চালু	হয়	তখন	4
অন	না	থাকলে	4
ওয়েবসাইট	এর	লিংক	4
আমি	পোস্ট	করসি	4
ভার্সন	টা	দেন	4
একটু	ট্রাই	করে	4
এফবি	লিংক	কাজ	4
ভাই	আমার	পেপাল	4
কল	করা	যাবে	4
সাপোর্ট	করবে	কি	4
এসে	আটকে	থাকে	4
খেলতে	পারছি	না	4
কিভাবে	পোস্ট	করবো	4
ট্রাই	করসি	রুট	4
টাকা	তুলা	যাবে	4
এই	মোবাইল	আরো	4
মোবাইল	আরো	অনেক	4
কোড	টা	ডায়াল	4
হবে	ট্রাই	করে	4
তা	ঠিক	আছে	4
করে	ইনস্টল	করবো	4
ইনস্টল	করবো	প্লিজ	4
এই	ট্রিক	এ	4
হয়ে	গেছে	তাই	4
ভাই	ফ্রি	তে	4
না	হলে	এফবি	4
আছে	তাই	এটা	4
অনেক	আগেই	দেখেছি	4
না	দিতে	পারলে	4
ডাটা	অন	করবে	4
ইউজ	করতেছেন	নাকি	4
অন্য	কোন	সাইটে	4
যেটা	ভালো	লাগে	4
থেকে	ডাউনলোড	দেয়া	4
যদি	পারে	তাহলে	4
কাজ	করল	না	4
দুই	তিন	দিন	4
বাট	ইউজ	করতে	4
কেমনে	কি	করব	4
আবার	ডাউনলোড	করে	4
ডাউনলোড	করে	আনতে	4
করে	আনতে	হবে	4
থ্যাংকস	জানানোর	জন্য	4
সেল	দিয়ে	টাকা	4
দিয়ে	টাকা	নিবেন	4
কিছু	হয়	না	4
ধরনের	পোস্ট	আপনারা	4
এডমিন	কে	ইমেইল	4
রুটেড	হওয়া	লাগবে	4
করার	পর	যে	4
বুঝলাম	না	ভাইয়া	4
দিয়ে	আমি	কি	4
লেখা	আসে	না	4
স্ক্রিনশট	এড	করব	4
ললিপপ	রুট	করার	4
ভালো	পোস্ট	আছে	4
ধরে	কাজ	করে	4
কিভাবে	কাজ	করে	4
হয়ে	যাবে	নাকি	4
চলছে	না	কেন	4
এখন	এমবি	এর	4
করতে	মন	চায়	4
না	কেন	আমি	4
পোস্ট	কাজে	লাগবে	4
যাবেন	আশা	করি	4
করলে	কোন	প্রবলেম	4
অ্যাকাউন্ট	ক্রিয়েট	করতে	4
করেন	হয়ে	যাবে	4
পোস্ট	করেন	খুব	4
প্লিজ	শেয়ার	করেন	4
এটা	তো	শুধু	4
যায়	না	কেনো	4
দেখা	যাবে	কি	4
ইউজ	করি	নাই	4
কোড	কাজ	করে	4
বাট	আমার	ফোন	4
ফ্রেমওয়ার্ক	ইনস্টল	করতে	4
বাট	এটা	শুধু	4
সো	মাচ	ভাইয়া	4
ফরম	পূরণ	করতে	4
করতে	হবে	ওইটা	4
হবে	ওইটা	নিয়ে	4
ওইটা	নিয়ে	একটা	4
দিতে	পারবেন	আমার	4
পোস্টগুলো	একটু	দেখেন	4
খুলতে	পারছি	না	4
মাঝে	মাঝে	হয়	4
মাঝে	হয়	না	4
কি	ইউজ	করতে	4
না	তাহলে	তো	4
করব	প্লিজ	বলেন	4
কিছু	পোস্ট	করেন	4
জিপি	এমবি	মেয়াদ	4
ও	আচ্ছা	তাহলে	4
আচ্ছা	তাহলে	ভিডিও	4
তাহলে	ভিডিও	দেখব	4
ভিডিও	দেখব	কিভাবে	4
দেখব	কিভাবে	কোন	4
কিভাবে	কোন	কনটেন্ট	4
কোন	কনটেন্ট	এ	4
কনটেন্ট	এ	ক্লিক	4
ক্লিক	করলে	সোজা	4
যায়	এন্ড	দেন	4
এন্ড	দেন	সেখানে	4
এন্ড	পাস	লাগে	4
পাস	লাগে	সাইন	4
লাগে	সাইন	ইন	4
প্লিজ	আমাকে	একটা	4
কোন	অ্যাপ	ইউজ	4
জয়েন	আওয়ার	এফবি	4
ভাই	এটা	আমি	4
ট্রাই	করে	ও	4
আমি	পোস্ট	করলে	4
শেয়ার	করতে	হবে	4
কোন	ওয়ে	থাকলে	4
ওয়ে	থাকলে	জানাবেন	4
ইউজ	করতে	পারব	4
আমাকে	আরেকবার	সুযোগ	4
কিভাবে	আইডি	কার্ড	4
ভাইয়া	এটা	তো	4
ইউজার	ইউজার	ভাই	4
পোস্ট	অনেক	আগের	4
ফেসবুক	আইডি	এর	4
থাকতে	পারে	বাট	4
আমি	লগইন	করতে	4
লগইন	করতে	পারছি	4
আরে	ভাই	এগুলা	4
না	দরকার	হলেও	4
দরকার	হলেও	আপনার	4
হলেও	আপনার	বুঝিয়ে	4
একটা	পোস্ট	করছিলাম	4
অন্য	কোন	সাইট	4
ভাই	রুট	ছাড়া	4
বাট	এখন	নাই	4
ব্যাংক	একাউন্ট	দিয়ে	4
ট্রাই	করছি	এখন	4
করার	পোস্ট	টা	4
ট্রেইনার	রিকোয়েস্ট	করছি	4
কয়েকটা	স্ক্রিনশট	দিলে	4
করলে	কি	লাভ	4
থাকলে	প্লিজ	দেন	4
জন্য	না	যারা	4
শুধু	তারা	পাবে	4
ভাই	এমবি	এর	4
ভাই	জাভা	ফোন	4
তো	অফ	হয়ে	4
যায়	আশা	করি	4
করতে	এমবি	লাগে	4
এর	কোড	টা	4
নাই	আবাল	কোথাকার	4
সাইন	আপ	করলে	4
নিউ	জিমেইল	দিয়ে	4
লিংক	দেয়া	যাবে	4
টা	কি	দেয়া	4
কি	দেয়া	যাবে	4
কিনা	চেক	করে	4
বাট	আমার	ওয়াইফাই	4
একটি	পোস্ট	করেন	4
আপনার	রিভিউ	করা	4
তাহলে	আপনি	কি	4
আপনি	কি	বলতে	4
গুগল	সার্চ	দেন	4
করেন	আমি	আপনার	4
অফ	করতে	হবে	4
রিয়েল	লাইফ	এ	4
হ্যাক	করে	কিভাবে	4
ট্রাই	করে	দেখে	4
সিম্ফনি	ভি৪৯	এর	4
ভালো	পোস্ট	করব	4
বুঝলাম	না	ভালো	4
১টা	পোস্ট	করেন	4
রিভিউ	হচ্ছে	না	4
আপনাকে	অনেক	থ্যাংকস	4
ফ্রি	নেট	চালাচ্ছি	4
অফিসিয়াল	ওপেন	ভিপিএন	4
ওপেন	ভিপিএন	দিয়ে	4
পোস্ট	দিবেন	প্লিজ	4
এই	পোস্ট	দেখেন	4
অনেকদিন	আগে	থেকেই	4
চেঞ্জ	করতে	পারছি	4
ইনস্টল	করব	কিভাবে	4
ডাউনলোড	লিঙ্ক	কই	4
না	কেন	ভাই	4
আইডি	পেয়ে	যাবেন	4
অনেক	দেরি	হবে	4
ভাই	ক্যাশ	আউট	4
লিংক	দেয়	কিভাবে	4
চলছে	না	তো	4
শেয়ার	করতে	চাই	4
ওয়ালটন	প্রিমো	ডি৮এস	4
কি	পাবজি	লাইট	4
তিন	পাত্তি	গোল্ড	4
নোকিয়া	ছাড়া	অন্য	4
কিন্তু	পাই	নাই	4
নেট	চালানো	যায়	4
চালানো	যায়	না	4
সাইট	থাকলে	দেন	4
এ	আর	আমি	4
ভালো	লাগলো	থ্যাংকস	4
আর	ভাই	আমার	4
প্লিজ	মেক	মিট	4
মেক	মিট	টিউনার	4
আবার	আগের	মতো	4
দ্যা	ওয়ে	আপনি	4
ঠিক	আছে	তাহলে	4
আপনি	ঠিক	বলছেন	4
এমবি	থাকলে	কানেক্ট	4
আবার	ওয়াইফাই	দিয়ে	4
আপলোড	হয়	না	4
করতে	পারবেন	যদি	4
আরো	ভালো	হয়	4
দেখলেই	বুঝা	যায়	4
আপনার	এই	পোষ্টের	4
এইচটিএমএল	সিএসএস	জেএস	4
দেখতে	পারবে	না	4
আই	ডি	এর	4
গেম	এর	নাম	4
কাজে	লাগতে	পারে	4
ঠিক	করেন	ভাই	4
অন্য	কোন	উপায়	4
অ্যাড	করা	যায়	4
মাস	পর	আবার	4
এ	জেড	স্ক্রিন	4
জেড	স্ক্রিন	রেকর্ডার	4
এক	পোস্ট	কয়বার	4
নষ্ট	করব	কিভাবে	4
যাবে	জানাবেন	প্লিজ	4
সমস্যা	নাই	বাট	4
মানুষের	টাইম	নষ্ট	4
উধাও	হয়ে	যাবে	4
হ্যাক	করতে	চাই	4
চালানো	যাবে	নাকি	4
ব্রো	এরকম	পোস্ট	4
ইউজার	নেম	দেন	4
লিংক	কারো	কাছে	4
ডাটা	অন	করতে	4
করতে	হবে	তারপর	4
দেন	প্লিজ	ব্রো	4
না	কেন	আর	4
ভালো	পোস্ট	করি	4
পেমেন্ট	দেয়	না	4
ফাইল	ডাউনলোড	করে	4
কাজ	হইছে	থ্যাংকস	4
বাট	ভাই	আপনার	4
ডাটা	কানেকশন	লাগবে	4
কিছু	হবে	না	4
আমি	কি	আবেদন	4
কি	আবেদন	করতে	4
রেম	এ	চলবে	4
প্লিজ	ভাই	আপনি	4
ভুলে	গেছি	এখন	4
অ্যাপ	মেক	করে	4
দেই	তাহলে	কি	4
অন্য	কোন	ব্রাউজার	4
ওয়ান	ড্রাইভ	এ	4
ওয়ান	ড্রাইভ	বিজনেস	4
মাই	এফবি	আইডি	4
ফেসবুক	আইডি	দেন	4
দেখেন	পেয়ে	যাবেন	4
বেশি	ভালো	না	4
ব্রাউজার	ইউজ	করতে	4
বুঝতে	পারেন	নাই	4
এর	মধ্যে	একটা	4
একটু	বলবেন	কি	4
টা	শেয়ার	করেন	4
ভালো	থ্যাংকস	ফর	4
হলে	ক্ষমা	করবেন	4
কি	টাকা	কাটবে	4
জন্য	একটা	কাস্টম	4
দেয়া	যাবে	না	4
আইডি	হ্যাক	করা	4
ভালো	কথা	কিন্তু	4
বাট	ইউজার	ভাই	4
ব্রো	আপনার	কথা	4
নাকি	ইউজার	ভাই	4
করব	কিভাবে	ভাই	4
না	তাহলে	কি	4
ইউজার	ভাইয়া	আমাকে	4
ভাই	এর	জন্য	4
ইউজার	ব্রো	এফবি	4
আগে	ডাউনলোড	করে	4
থাকবে	এলিয়েন	না	4
এলিয়েন	না	আর	4
না	আর	নবীজি	4
আর	নবীজি	আজরাইল	4
কে	যাদের	হিসাব	4
যাদের	হিসাব	নিতে	4
তারা	মানুষ	হতে	4
মানুষ	হতে	পারে	4
ধ্বংসের	অনেক	পরে	4
বাট	ডাউনলোড	লিংক	4
এই	ট্রিক	দিয়ে	4
গেম	থেকে	বের	4
করা	যায়	তাহলে	4
মিনিট	পর	পর	4
কি	হয়	না	4
ব্রো	প্লিজ	আমাকে	4
টিপস	দিবেন	প্লিজ	4
যাবে	প্লিজ	রিপ্লাই	4
জীবন	সমস্যার	সমাধান	4
প্লিজ	কেউ	হেল্প	4
ভাই	আপনি	হয়তো	4
ফাইল	দিতে	পারবেন	4
ভাই	আপনাকে	অনেক	4
আমার	পোষ্ট	গুলা	4
এর	সাথে	মিল	4
এফবি	তে	ইনবক্স	4
কিন্তু	পারছি	না	4
আর	লিংক	টা	4
লিংক	টা	একটু	4
করে	ট্রাই	করে	4
ইউজার	ভাই	কি	4
পিসি	দিয়ে	ফ্ল্যাশ	4
দিয়ে	কি	ভাবে	4
করলে	কোনো	প্রব্লেম	4
ইনকাম	করবো	কিভাবে	4
এ	ট্রাই	করে	4
অফ	হইয়া	গেসে	4
সরি	ব্রো	আমি	4
কি	এই	অফার	4
ভাই	দয়া	করে	4
হ্যাক	করার	সিস্টেম	4
আপনি	ট্রিকবিডি	এর	4
ডাউনলোড	করলে	হবে	4
এর	একটা	পোস্ট	4
ভাইয়া	আমাকে	একটা	4
রম	ইনস্টল	দিবো	4
ভালো	পোস্ট	থ্যাংকস	4
চেঞ্জ	করা	যাবে	4
করে	দেয়া	হয়েছে	4
টা	ইউজ	করে	4
হলো	বুঝলাম	না	4
এর	পোস্ট	এর	4
করে	বলবেন	প্লিজ	4
টাকা	দেওয়া	হয়	4
কি	বলতে	পারবেন	4
আপনি	যে	ভাবে	4
জানে	না	তাঁদের	4
ডাউনলোড	করতে	হয়	4
এই	ফোন	টা	4
১	মিনিট	এ	4
ফোন	নম্বর	টা	4
নম্বর	টা	দেন	4
থ্যাংকস	পোস্ট	টা	4
করা	যায়	এই	4
ইউজার	ব্রো	আপনার	4
ভালো	করে	বুঝিয়ে	4
রিচার্জ	করলে	কি	4
বার	নিতে	পারবো	4
গ্রুপ	এর	অ্যাডমিন	4
এ	সার্চ	করে	4
আপনার	ফোন	নম্বর	4
গুড	পোস্ট	থ্যাংকস	4
না	অনেক	ট্রাই	4
পাবো	একটু	বলবেন	4
না	লিংক	টা	4
এই	লিংক	এ	4
হেল্প	মি	কি	4
পোস্ট	এই	পোস্ট	4
ভাই	অনেক	সুন্দর	4
রিকভারি	পোর্ট	করতে	4
পোস্ট	আমি	অনেক	4
ইউজ	করি	আমি	4
আপনার	নম্বর	দেন	4
দেখায়	কি	করবো	4
পরে	পোস্ট	করবো	4
এ	জয়েন	করেন	4
আমার	জিপি	সিম	4
গুগল	ড্রাইভ	লিঙ্ক	4
টাকা	আর্ন	করতে	4
ক্রেডিট	কার্ড	দিয়ে	4
এ	ইউজ	করা	4
আবার	প্রথম	থেকে	4
একাউন্ট	এ	কি	4
প্লিজ	প্লিজ	প্লিজপ্লিজ	4
ভাই	আপনি	একটা	4
পোস্ট	বাট	ভাই	4
এর	সমাধান	কি	4
কানেক্ট	করার	সময়	4
ইউটিউব	এ	দেখেন	4
একটু	হেল্প	লাগবে	4
পোস্ট	এ	বিস্তারিত	4
রুট	করা	যাবে	4
করা	যায়	নাহ	4
জন্য	গুগল	ড্রাইভ	4
পোস্ট	করলেই	তো	4
নিয়ে	পোস্ট	করতে	4
এর	রিকভারি	ইমেজ	4
এ	চলে	যায়	4
এই	লিংক	দিয়ে	4
এসব	ফালতু	পোস্ট	4
দিয়ে	কি	ফ্রি	4
ও	কাজ	করছে	4
এর	লিঙ্ক	টা	4
হলে	অনেক	ভালো	4
কিছু	পোস্ট	করতে	4
দয়া	করে	বলবেন	4
টা	খুব	সুন্দর	4
ইউজ	না	করলে	4
বন্ধ	হয়ে	যায়	4
করার	উপায়	আছে	4
পাবজি	লাইট	এ	4
ভাইয়া	আমাকে	টিউনার	4
আপনার	চ্যানেল	এ	4
আপনি	কি	বললেন	4
স্যামসাং	গ্যালাক্সি	ভি	4
জন্য	কোনো	অ্যাপ	4
করে	আমি	নিজে	4
টা	প্লিজ	দেন	4
অনেক	ওল্ড	পোস্ট	4
আরও	পোস্ট	চাই	4
আমি	এই	ট্রিক	4
না	জানে	তাদের	4
রুট	করতে	পারতেছি	4
রাখা	যাবে	না	4
নেম	চেঞ্জ	করা	4
আমাকে	কেউ	হেল্প	4
টাকা	দেয়	না	4
ব্রো	এটা	তো	4
একটু	বিজি	আছি	4
ইউজার	ভাই	এটা	4
ইউজ	করার	সময়	4
কিভাবে	করা	যায়	4
স্প্যাম	করবেন	না	4
ছাড়া	বাকি	গুলা	4
ভাই	সব	কিছু	4
পোস্ট	কত	বার	4
পোস্ট	শেয়ার	করার	4
কথার	সাথে	একমত	4
টিম	কে	মেইল	4
কে	মেইল	করে	4
পোস্ট	এর	অপেক্ষায়	4
সিম	এ	টাকা	4
ডাউনলোড	করবো	কিভাবে	4
করবো	কী	ভাবে	4
শেষ	হইয়া	গেলাম	4
ট্রাই	করার	পর	4
এমন	কোনো	ট্রিক	4
এর	জন্য	ও	4
ভাই	এটার	জন্য	4
দেখতে	পারছি	না	4
এইটা	অনেক	আগের	4
টা	ফোন	এ	4
পার্ট	এর	জন্য	4
এডিট	করতে	হবে	4
আমি	ডাউনলোড	করছি	4
তাহলে	আমি	কি	4
করতে	পারছেন	না	4
ঠিক	জানি	না	4
করলে	কি	হয়	4
আমি	তো	জানি	4
আমি	ট্রাই	করে	4
কাজের	একটা	পোস্ট	4
করার	কোনো	সিস্টেম	4
আপনি	জানেন	না	4
কেউ	জানলে	বলবেন	4
না	করে	পারলাম	4
জানেন	না	তাই	4
ইনভেস্ট	করতে	হবে	4
জানি	না	ব্রো	4
কমেন্ট	করেন	কেন	4
ও	করতে	পারছি	4
ইনস্টল	করতে	হবে	4
কোন	জায়গা	থেকে	4
ওকে	ভাই	আমি	4
করবো	প্লিজ	ভাইয়া	4
এই	পোস্ট	তো	4
টা	যদি	একটু	4
নিয়ে	একটি	পোস্ট	4
এফবি	তে	যোগাযোগ	4
কি	রুট	করা	4
ভালো	কিছু	শেয়ার	4
টা	রুট	করতে	4
করবো	একটু	বলবেন	4
আমার	ফোন	স্যামসাং	4
কিছুই	আসে	না	4
ভ্যাট	সহ	কত	4
বার	ট্রাই	করতে	4
হয়না	কি	করবো	4
দিয়ে	পিসি	তে	4
স্ক্রিন	শট	এ	4
একটু	যদি	বলতেন	4
ট্রিকবিডি	তে	আমার	4
ট্রাই	করছি	হয়	4
এটার	জন্য	কি	4
আছে	আপনার	কাছে	4
লিখে	সার্চ	দিলে	4
একটা	অথর	আইডি	4
বোঝা	যায়	যে	4
একটা	পোস্ট	চাই	4
না	হলে	আমার	4
তাহলে	কি	আমি	4
আমি	ট্রিকবিডি	এর	4
দিয়া	কি	হবে	4
নেট	দেন	প্লিজ	4
নিয়ে	আগেও	পোস্ট	4
২	দিন	আগে	4
আমার	জন্য	একটা	4
ভালো	হতো	থ্যাংকস	4
লিংক	এ	ঢুকে	4
কোথা	থেকে	আসে	4
কাস্টম	রম	টা	4
নেক্সট	টাইম	ভালো	4
আরো	পোস্ট	চাই	4
দেয়ার	জন্য	ধন্যবাদ	4
আমার	টা	তে	4
ফেইসবুক	আইডি	টা	4
হতে	পারে	বাট	4
মি	প্লিজ	প্লিজ	4
ইউজ	না	করে	4
ক্রোম	ব্রাউজার	দিয়ে	4
তাহলে	কি	প্রব্লেম	4
করবো	প্লিজ	একটু	4
না	ইউজার	ভাই	4
এমএক্স	প্লেয়ার	প্রো	4
অ্যাডমিন	ভাই	আমার	4
ইউজ	করার	কি	4
ওই	মোবাইল	এ	4
অ্যাপ	এ	লগইন	4
ভার্সন	এ	হবে	4
এর	কমেন্ট	এ	4
পোস্ট	এর	মাঝে	4
ভাই	রেডমি	নোট	4
গুড	পোস্ট	কিন্তু	4
আমি	৫	টা	4
কত	বার	নেয়া	4
ট্রাই	করেন	কাজ	4
এর	জন্য	আমার	4
এ	কত	টাকা	4
ড্রয়েড	ভিপিএন	দিয়ে	4
তো	ভালো	করে	4
কি	করে	আর	4
ইউজ	করে	দেখতে	4
বাট	আমার	পোস্ট	4
তে	ফ্রি	নেট	4
হয়ে	গেলো	না	4
সাপোর্ট	করবে	না	4
এই	লিংক	এর	4
দিয়ে	কি	সব	4
এন্ড্রোয়েড	এর	জন্য	4
ফ্রি	নেট	ইউস	4
দিতে	পারলেন	না	4
মোবাইল	দিয়ে	হবে	4
করতে	কত	সময়	4
নেক্সট	পোস্ট	করেন	4
এডু	মেইল	দিয়ে	4
এখন	আর	চলে	4
আপনি	কি	ফ্রি	4
করতে	চান	তাহলে	4
নিয়ে	আরো	পোস্ট	4
এ	গিয়ে	দেখেন	4
যদি	একটু	দিতেন	4
থেকে	ডিলিট	হয়ে	4
কি	করব	এখন	4
কেন্দ্রীয়	নেতৃত্বপ্রদানকারী	গোষ্ঠী	4
কাজ	শুরু	হয়	4
গ্রামে	জন্মগ্রহণ	করেন	4
হয়	এবং	পরবর্তীতে	4
পালন	করা	হয়	4
পুরস্কার	অর্জন	করেন	4
গণ্য	করা	হয়	4
ফখর	উদ্দিন	আহমেদ	4
বাংলাদেশের	চট্টগ্রাম	জেলার	4
চট্টগ্রাম	জেলার	অন্তর্গত	4
যাত্রা	শুরু	করে	4
দেখতে	পাওয়া	যায়	4
আয়োজন	করা	হয়	4
আখ্যায়িত	করা	হয়	4
বলে	মনে	করা	4
করা	হয়	যে	4
হিসেবে	দায়িত্ব	পালন	4
পুরস্কারের	মনোনয়ন	লাভ	4
মনোনয়ন	লাভ	করেন	4
ডিগ্রি	লাভ	করেন	4
তৈরি	করা	হয়েছে	4
ভূমিকায়	অভিনয়	করেন	4
শুরু	হয়	এবং	4
কিংবদন্তি	কিংবদন্তি	কিংবদন্তি	4
স্ক্রিন	অ্যাক্টরস	গিল্ড	4
উইকেট	দখল	করেন	4
দায়িত্ব	পালন	করছেন	4
হিসেবে	কর্মরত	ছিলেন	4
টা	দেন	ভাই	4
বেশী	কথা	বলে	4
বলে	তাকে	আমার	4
ছোট	ভাই	শিমের	4
ভাই	শিমের	তরকারী	4
আমার	আর	আমার	4
আর	আমার	স্বপ্নটা	4
আমার	স্বপ্নটা	যে	4
আমারা	সবাই	একসাথে	4
স্বামীরে	অভিযোগ	স্ত্রী	4
তাদের	চাওয়া	চাওয়ার	4
চাওয়া	চাওয়ার	গুরুত্ব	4
থুথু	ফেলা	নিশেধ	4
তাদের	মা	ছিলনা	4
গ্রুপ	এ	জইন	3
ডাটা	টাইপ	নিয়ে	3
টাইপ	নিয়ে	আলোচনা	3
এ	টাকা	নেওয়া	3
অনেক	আগেই	এই	3
এই	পোস্ট	করছি	3
নিজের	সাইট	এর	3
বার	বার	ট্রাই	3
কিছু	করতে	পারবেন	3
রোম	টা	কি	3
দিতে	পারবেন	ফর	3
ভাই	আর	কাজ	3
টাইপ	হচ্ছে	না	3
তো	ঠিক	ই	3
ভিপিএন	দিয়ে	কানেক্ট	3
পারি	নাই	হেল্প	3
অনেক	ভালো	বাট	3
দিলে	হয়	না	3
দিয়ে	কোন	কিছু	3
তার	মানে	নবীজির	3
মানে	নবীজির	মানব	3
পরে	গিয়েছিল	যেখানে	3
গিয়েছিল	যেখানে	মানুষ	3
কিন্তু	হয়	না	3
নাকি	টাইম	শেষ	3
করতে	পারবেন	নো	3
দেখেন	আমার	আইডি	3
আগে	ট্রাই	করেন	3
নাকি	অন্য	কোন	3
ভালো	পোস্ট	চাই	3
বাজে	কমেন্ট	করবেন	3
টা	দেন	আমার	3
আবার	পোস্ট	করা	3
ভালো	ভালো	কমেন্ট	3
টা	ডিলিট	করেন	3
এর	মত	ফ্রি	3
আর	জীবনেও	পাবো	3
জীবনেও	পাবো	না	3
বিএল	ফ্রি	নেট	3
দরকার	প্লিজ	প্লিজ	3
লিংক	দেওয়া	যায়	3
করি	তাইলে	কি	3
কি	আমার	এমবি	3
আমার	ওয়ালটন	প্রিমো	3
টাকা	রিচার্জ	করতে	3
এফবি	লিংক	প্লিজ	3
এর	ভিডিও	থেকে	3
না	ভাই	আপনার	3
আশা	করি	সামনে	3
ভাই	নাম্বার	টা	3
প্লিজ	কি	ভাবে	3
ভাবে	করবো	একটু	3
এটা	নিয়ে	ট্রিকবিডি	3
জন্য	ভিপিএন	ইউজ	3
টা	আমি	অনেক	3
অনেক	আগেই	করেছি	3
চেয়ে	কানা	মামা	3
কি	লাভা	আইরিস	3
খানকির	পোলা	তোর	3
অ্যাকাউন্ট	খুলছি	বাট	3
আমার	তো	কোন	3
ও	হ্যাক	করতে	3
ভাই	কোন	পোস্ট	3
পোস্ট	ভালো	তবে	3
কোন	পোস্ট	নাই	3
ট্রাই	করে	দেখ	3
প্রিমিয়াম	ভার্সন	টা	3
না	ভালো	পোস্ট	3
ভালো	হত	ভাই	3
স্যামসাঙ	আছে	নেক্সট	3
ভাই	আপনাকে	থ্যাংকস	3
কাজ	না	করার	3
যাদের	ফোন	এ	3
টা	এডিট	করে	3
ললিপপ	এ	চলে	3
এ	সার্চ	করলেই	3
যেকোনো	ফোন	এ	3
ঠিক	কথা	বলছেন	3
সবার	অনেক	উপকার	3
কাজ	করে	আমার	3
ইন্সটল	দেওয়ার	পর	3
দেওয়ার	পর	থেকে	3
আসে	না	এখন	3
কোয়াড	কোর	প্রসেসর	3
কাজ	হয়	তাহলে	3
নাম্বার	টা	একটু	3
একটু	শেয়ার	করুন	3
থ্যাংকস	ট্রিকবিডি	সাপোর্ট	3
বাট	আমি	জানতে	3
ব্রাউজার	দিয়ে	কি	3
আর	আপনি	বলসেন	3
কোন	অ্যাপ	এ	3
এর	আগে	ও	3
এক	ভাই	পোস্ট	3
ভাই	অনেক	আগে	3
ধন্যবাদ	সুন্দর	কমেন্ট	3
মুভি	এর	বাংলা	3
আইরিস	৫০৫	কাস্টম	3
ভাই	পোস্ট	করছে	3
অ্যাপ	ডাউনলোড	করে	3
গেম	এর	রিভিউ	3
ভাই	পেয়ে	যাবেন	3
আমাকে	অথর	করুন	3
ভিপিএন	দিয়ে	ফ্রি	3
অফলাইন	নাকি	অনলাইন	3
আপনার	সাথে	কনটাক্ট	3
করতে	হয়	তা	3
এমবি	লাগবে	কি	3
আইডি	কার্ড	এ	3
যেটা	আছে	ওটা	3
নিয়ে	আগে	পোস্ট	3
একটা	সাইট	এর	3
পোস্ট	অনুযায়ী	কাজ	3
করতে	পারি	নি	3
কিছু	বুঝি	নাই	3
পোস্ট	এর	শুরুতে	3
লিংক	টা	কি	3
মেয়াদ	কতো	দিন	3
কেউ	জানলে	জানাবেন	3
করে	চেক	করেন	3
মোবাইল	দিয়ে	ট্রাই	3
কিভাবে	কি	করতে	3
না	ভাই	প্লিজ	3
দিয়ে	নেট	চালানো	3
করলাম	বাট	বুট	3
অফার	টা	সবার	3
পোস্ট	না	করলে	3
নিউ	কিছু	পোস্ট	3
এই	ট্রিক	কি	3
তাও	যদি	না	3
হয়	তাহলে	এপিকে	3
লাগছে	পোস্ট	টা	3
অ্যাপ	ক্লোন	দিয়ে	3
বাট	জিপ	ফাইল	3
আমার	আইডি	তে	3
এই	অপশন	নাই	3
এটা	ফালতু	পোস্ট	3
আপনি	কি	ট্রিকবিডি	3
আমার	অ্যাকাউন্ট	এ	3
ট্রিকবিডি	তে	আর	3
অ্যাড	করতে	হবে	3
এর	লিংক	ঠিক	3
কোন	উপায়	নাই	3
আপনার	টা	কি	3
টা	কি	ভাবে	3
কি	ভাবে	কাজ	3
রেফার	বাড়ানোর	জন্য	3
ট্রিক	দিলে	ভালো	3
করা	যাবে	আমি	3
লেটেস্ট	অল	সিম	3
কাজ	শুরু	করার	3
শুরু	করার	জন্য	3
ছোট	ভাই	এর	3
চেঞ্জ	করবো	কিভাবে	3
প্রবলেম	হয়	নাই	3
এফবি	তে	আসো	3
ভাই	ডাইরেক্ট	লিংক	3
মি	আমার	সিম্ফনি	3
কি	পোস্ট	কাজ	3
থ্যাংকস	কাজ	হইছে	3
করেন	প্লিজ	ভাই	3
প্রাইভেসি	এর	জন্য	3
জন্য	করা	হয়	3
কোথায়	পাবো	ভাই	3
প্লে	সার্ভিস	আপডেট	3
ভিডমেট	এর	থেকে	3
সলভ	করে	দিব	3
রুটেড	ফোন	লাগবে	3
বলেন	আর	কি	3
পেজ	এসএমএস	করুন	3
এসএমএস	করুন	এসশট	3
টাকায়	৫১২	এমবি	3
এখনো	চালু	আছে	3
মার্কা	পোস্ট	করে	3
আইডি	টা	একটু	3
ট্রিকবিডি	তে	আইডি	3
পোস্ট	এ	তো	3
করে	রাখা	যায়	3
ইউসার	দের	জন্য	3
আব্বুর	এনআইডি	দিয়ে	3
প্লিজ	হ্লেপ	আমার	3
ফোন	অন	করলে	3
এ	ঢুকে	না	3
করতে	বলে	এখন	3
জিমেইল	ক্রিয়েট	করার	3
আপনি	ইউটিউব	এ	3
ভাই	কাজ	হয়েছে	3
করা	হলো	না	3
হয়ে	থাকেন	তাহলে	3
বাট	পেন্ডিং	এ	3
নিয়ে	কথা	বলবেন	3
ইউস	করতে	কি	3
বেশির	ভাগ	মানুষ	3
করে	দেখেন	আমার	3
দেখেন	আমার	পোস্ট	3
পোস্ট	গুলো	পেন্ডিং	3
এর	মত	হবে	3
হবে	তো	কাজ	3
তো	কাজ	হলে	3
লিখে	গুগল	এ	3
পিক	গুলাতে	ক্লিক	3
গুলাতে	ক্লিক	করলে	3
বাট	এখনো	পাই	3
এমন	কিছু	থাকলে	3
থাকলে	দেন	ভাই	3
ভিপিএন	ইউস	করতে	3
করবো	একটা	পোস্ট	3
ইউস	করে	ও	3
ভাই	অ্যান্ড্রয়েড	ফোন	3
সব	মোবাইল	এ	3
ট্রাই	করেছি	কাজ	3
রুট	করছি	বাট	3
ভিপিএন	ইউস	করসেন	3
আসে	কি	করবো	3
লিংক	ও	কাজ	3
বিকাশ	এ	পেমেন্ট	3
৫০	টাকা	রিচার্জ	3
ডোমেইন	নিয়ে	কাজ	3
নিয়ে	কাজ	করতে	3
কেমনে	ইউস	করবো	3
টাকা	দিয়ে	কিনতে	3
টা	অফ	করে	3
অফ	করে	দিবে	3
পাবো	কি	ভাবে	3
এডিটর	দিয়ে	কিভাবে	3
টি	এখন	নাই	3
কোন	মানেই	হয়	3
আইডি	থেকে	রিকোয়েস্ট	3
হয়ে	যায়	তখন	3
বাট	আমার	কাছে	3
সেটা	বললে	ভালো	3
ফ্রী	ফায়ার	এর	3
আমি	কথা	দিচ্ছি	3
প্লিজ	ডাউনলোড	লিংক	3
এর	লাস্ট	এ	3
ভাইয়া	প্লিজ	আমাকে	3
অথর	করেন	আমি	3
থেকে	ভালো	করে	3
দিয়ে	কি	কি	3
পাওয়ার	জন্য	কি	3
রিচার্জ	করতে	হবে	3
খুঁজে	পাই	না	3
এ	আপলোড	দিয়ে	3
প্লিজ	লিংক	টা	3
টিউনার	হতে	চায়	3
আমার	মোবাইল	রুট	3
মোবাইল	রুট	করবো	3
বলেন	খুব	দরকার	3
এপিকে	এডিটর	এর	3
ট্রিকবিডি	তে	কি	3
অ্যাপ	টার	ডাউনলোড	3
এফবি	পেজ	এ	3
পেজ	এ	লাইক	3
আসে	কি	না	3
সেই	বিষয়ে	পোস্ট	3
পোস্ট	করা	বাদ	3
না	হলে	এটা	3
থাকলে	দিন	প্লিজ	3
একটু	ভুল	হয়েছে	3
প্লিজ	চেক	করেন	3
অনেক	বড়	একটা	3
কোন	সিম	এ	3
করলে	লগ	আউট	3
আছে	নাকি	থাকলে	3
অ্যাপ	দিয়ে	রুট	3
হয়ে	গেছে	আমি	3
আমি	৩	দিন	3
দেখি	ট্রাই	করে	3
ফোন	দিয়ে	কি	3
আইডি	দেয়া	যাবে	3
থ্যাংকস	কমেন্ট	এর	3
প্লিজ	টিউনার	করেন	3
ভাইয়া	রবি	এর	3
ফ্রী	নেট	টা	3
আইডি	চেঞ্জার	দিয়ে	3
অন্য	ফোন	এ	3
কি	দরকার	ছিল	3
ফুল	কপি	পোস্ট	3
এক	এক	রকম	3
আছে	বাট	আমাদের	3
নেট	চলছে	না	3
ভাই	এখন	আর	3
প্লিজ	হ্লেপ	মি	3
তো	আপনার	জন্য	3
করার	জন্য	ট্রাই	3
ট্রাই	করছি	কিন্তু	3
পোস্ট	করা	শুরু	3
কাল	পেয়ে	যাবেন	3
হ্যাক	করব	কিভাবে	3
আমার	রেফার	ইউস	3
রেফার	ইউস	করতে	3
ভাই	সিম্ফনি	ভি৪৬	3
ইউটিউব	এ	যেতে	3
না	এটা	নিয়ে	3
ভাই	কে	আমার	3
বাট	কানেক্ট	হয়	3
এমবি	লাগবে	কানেক্ট	3
লাগবে	কানেক্ট	করতে	3
আপনি	অ্যাপ	ডাউনলোড	3
অ্যাপ	ডাউনলোড	লিংক	3
ট্রাই	করছি	তাও	3
এটা	শুধু	যারা	3
তাদের	জন্য	আর	3
আপনার	ভালো	না	3
এফবি	তে	একটু	3
করতে	চাই	প্লিজ	3
একটা	পোস্ট	দিব	3
যদি	একটু	হেল্প	3
ক্রস	করলেই	ডাউনলোড	3
করলেই	ডাউনলোড	হয়ে	3
ডাউনলোড	হয়ে	যায়	3
যায়	আর	ভাই	3
আর	ভাই	আমি	3
আমি	আপনাকে	ফোর্স	3
আপনাকে	ফোর্স	করি	3
ফোর্স	করি	নাই	3
নাই	আমার	লিংক	3
হবে	আপনি	চাইলে	3
আপনি	চাইলে	অফিসিয়ালি	3
চাইলে	অফিসিয়ালি	বাই	3
অফিসিয়ালি	বাই	করে	3
বাই	করে	নেন	3
অনেক	ভালো	লাগছে	3
দিতে	পারি	নাই	3
আনতে	পারবো	প্লিজ	3
মুভি	এর	রিভিউ	3
কি	বলেন	আপনি	3
আগে	নিজে	ট্রাই	3
ভাই	সাপোর্ট	করে	3
নাকি	অন্য	কিছু	3
টিপি	লিংক	হ্যাক	3
ভালো	লাগে	নি	3
পোস্ট	ভাই	থ্যাংকস	3
ভাই	ফ্রি	বেসিক	3
ফ্রি	বেসিক	এ	3
করার	জন্য	ট্রিকবিডি	3
আপনার	কাছে	একটা	3
না	হলে	তো	3
সাইট	এর	থিম	3
করা	থাকলে	হবে	3
করার	জন্য	অনেক	3
সব	সময়	ভালো	3
হতে	পারবেন	না	3
ভালো	লাগলো	আমার	3
কি	সমস্যা	হয়েছে	3
এর	আগেও	করা	3
আগেও	করা	হয়েছে	3
ভালো	করে	পড়ে	3
হবে	ভাই	প্লিজ	3
যে	নাম্বার	দিয়ে	3
ট্রিকবিডি	এর	রুলস	3
এ	একটা	মেইল	3
পোস্ট	এর	কোনো	3
ঠিক	করে	দেন	3
কিসুই	বুঝলাম	না	3
করলে	ফোন	এর	3
আমার	সাইট	এর	3
সাইট	এর	কথা	3
অথর	হইলেন	কিভাবে	3
কেউ	হেল্প	করতে	3
ও	পেলাম	না	3
স্পেস	বাদ	দিয়ে	3
কার্ড	দিয়ে	কি	3
জিপি	রবি	এয়ারটেল	3
ভাই	১	মিনিট	3
এত	সুন্দর	করে	3
পোস্ট	করতেন	তাহলে	3
ছাড়া	সম্ভব	না	3
না	আর	এখন	3
তাদের	জন্য	এই	3
রুট	লাগবে	না	3
জনকে	রেফার	করলে	3
সব	ভার্সন	এ	3
ভার্সন	এ	চলবে	3
এটা	কি	কোনো	3
এই	ভিপিএন	কানেক্ট	3
২	দিন	পর	3
কল	যাচ্ছে	না	3
না	কেন	শুধু	3
কাজ	হবে	কি	3
এটা	ইউজ	করলে	3
আইডি	দিন	আপনার	3
পোস্ট	টা	পড়ে	3
ট্রিকবিডি	এর	কিছু	3
হয়	না	কোনো	3
পোস্ট	এ	দিয়েছি	3
৪	বছর	ধরে	3
বছর	ধরে	ট্রিকবিডি	3
ধরে	ট্রিকবিডি	এর	3
স্ক্রিন	শট	দিয়ে	3
ভালো	হতো	ব্রো	3
বার	করা	হয়েছে	3
ট্রিকবিডি	এর	টিউনার	3
ওয়াইফাই	এর	পাসওয়ার্ড	3
ওই	ফর্ম	টা	3
ফিল	আপ	করলে	3
আপ	করলে	ডাটা	3
আমার	কাছে	আসবে	3
কাছে	আসবে	গুগল	3
কিভাবে	করবো	এটা	3
ইউ	হেল্প	এই	3
হেল্প	এই	সম্পর্কে	3
পোস্ট	বা	ভিডিও	3
লেখার	ভিতর	লিংক	3
আমি	সাজেস্ট	করবো	3
নাই	কি	করবো	3
ঠিক	ভাবে	ট্রাই	3
পোস্ট	ব্রো	চালিয়ে	3
স্টোর	থেকে	আপডেট	3
তাহলে	আমার	সাথে	3
আজ	পাবলিশ	হলো	3
থাকলে	সেটা	দেন	3
পোস্ট	খুব	ভালো	3
এর	মতো	হবে	3
এফবি	তে	কথা	3
ব্যবহার	করা	যাবে	3
ব্রো	পোস্ট	টা	3
বেশির	ভাগ	ই	3
উইথড্র	করা	যায়	3
ওই	অ্যাপ	এ	3
বাট	আমার	একটা	3
আমি	কাস্টম	রোম	3
উইন্ডোজ	১০	এ	3
ভাই	কেউ	যদি	3
এ	গুড	পোস্ট	3
এ	১	জিবি	3
আপনার	ডিভাইস	এর	3
আমার	খুব	প্রয়োজন	3
নেক্সট	টাইম	পোস্ট	3
গুলো	ভালো	করে	3
কষ্ট	করে	লেখার	3
লেখার	জন্য	থ্যাংকস	3
ডাউনলোড	দিয়ে	দেখেন	3
অ্যাপ	টা	ইউজ	3
ভাই	ওয়ার্ডপ্রেস	এ	3
মতো	একটা	পোস্ট	3
কিভাবে	ট্রিকবিডি	এর	3
এর	ভালো	একটা	3
ভালো	একটা	কাস্টম	3
করতে	পারলে	পোস্ট	3
এক	মাসের	জন্য	3
পোস্ট	লেখার	জন্য	3
আমি	পিসি	তে	3
আপনি	তো	মনে	3
ভাই	নেক্সট	টাইম	3
ভাই	আমি	ডাউনলোড	3
এই	স্ক্রিপ্ট	দিয়ে	3
এফবি	গ্রুপ	এ	3
ভাই	আপনি	এত	3
আমার	ও	এই	3
কমেন্ট	করলে	ভালো	3
আমি	বুঝতে	পারি	3
সব	জায়গায়	পাওয়া	3
কোন	ভিপিএন	টা	3
পরের	পোস্ট	এর	3
কমেন্ট	বক্স	এ	3
ই৬০	এর	জন্য	3
জন্য	প্লিজ	একটা	3
হয়	এস	এ	3
যায়	আর	আপনি	3
আমি	ইউজ	করছি	3
হয়	না	এরর	3
এমবি	এর	ভিতর	3
ভাই	আমার	অপ্পো	3
হয়েছে	ক্যারি	অন	3
কত	দিন	ওয়েট	3
ও	লাগে	না	3
তো	দেয়া	আছে	3
পোস্ট	টা	ট্রিকবিডি	3
দিয়েও	করা	যায়	3
করা	যায়	যদি	3
ডেইলি	কত	এমবি	3
রবি	বন্ধ	সিম	3
ভালো	হয়	প্লিজ	3
না	অন্য	কোন	3
আপনার	রেফার	লিংক	3
আর	এটা	অনেক	3
এটা	অনেক	আগেই	3
একটু	বুঝিয়ে	বলবেন	3
আমি	এই	মাত্র	3
হয়	তাই	পোস্ট	3
জিপ	ফাইল	ডাউনলোড	3
ভাই	কত	পয়েন্ট	3
হয়	চলে	না	3
ফ্ল্যাশ	করার	পর	3
করার	পর	ডিলিট	3
নিয়ে	অনেক	আগে	3
আগে	পোস্ট	করা	3
আপডেট	করে	দিবো	3
ধন্যবাদ	আপনার	কমেন্টের	3
আপনার	কমেন্টের	জন্য	3
ধরিয়ে	দেওয়ার	জন্য	3
তোর	মার	ভোদা	3
পোস্টগুলো	ফলো	করেন	3
করে	দেখেন	আপনার	3
হ্যাক	করতে	পারলে	3
পারছি	না	আমার	3
না	থাকলে	পোস্ট	3
আপনার	মতো	না	3
তে	পোস্ট	করলে	3
পোস্ট	পাবলিশ	করেন	3
ভাই	বুঝলাম	না	3
নতুন	কিছু	থাকলে	3
অ্যাপ	টা	ইন্সটল	3
মনে	হয়	সমস্যা	3
এর	পর	আবার	3
ও	অনেক	ভালো	3
ঝামেলা	করা	লাগে	3
বাট	গুড	পোস্ট	3
প্লিজ	আমি	আমার	3
করবেন	না	আমি	3
এর	সাইট	থেকে	3
অ্যাপ	ইউস	করেন	3
এ	অনেক	ভালো	3
এটা	নিয়ে	অলরেডি	3
পোস্ট	টি	করা	3
টাকা	মোবাইল	রিচার্জ	3
না	আসুস	এর	3
নিতে	হলে	কত	3
নিউ	লোগো	আপলোড	3
আর	একটা	আইডি	3
পোস্ট	করে	আর	3
করে	আর	অন্য	3
পাওয়া	যাবে	কিনা	3
ভাই	আমার	কোন	3
মানসম্মত	পোস্ট	করলে	3
এর	নাম্বার	দিয়ে	3
আমি	কিছু	ভালো	3
কিছু	ভালো	পোস্ট	3
পোস্ট	করার	অনুরোধ	3
ক্লিক	করুন	তারপর	3
এ	লগইন	করলে	3
ফালতু	পোস্ট	না	3
ভাই	আমার	অ্যাকাউন্ট	3
২	টা	ফোন	3
টা	ভালো	হয়নি	3
ভাবে	ট্রাই	করুন	3
এই	পোস্ট	করতে	3
ঠিক	মতো	কাজ	3
কিছু	শেয়ার	করেন	3
কাস্টম	রম	দেওয়া	3
কোন	মানে	হয়	3
এখন	কি	আবার	3
এখন	কাজ	করবে	3
দিবেন	প্লিজ	আমার	3
কি	এখনো	আসে	3
না	আর	আমার	3
দয়া	করে	একটু	3
ওইটা	দিয়ে	কি	3
খারাপ	ভাষা	ব্যবহার	3
রিকভারি	টা	দেন	3
সার্চ	দিয়ে	ডাউনলোড	3
আগে	থেকে	জানতাম	3
সাথে	কিছু	কথা	3
কিছু	কথা	বলতে	3
বলতে	চাই	আপনার	3
বেশি	হতে	পারে	3
ভাই	কিন্তু	আপনার	3
বলে	দিলে	ভালো	3
আবার	নিতে	পারবো	3
কোনো	ঝামেলা	নাই	3
দিন	হয়ে	গেছে	3
ভাই	অনেক	বার	3
জেনে	পোস্ট	করেন	3
ভাই	আমার	বিটকয়েন	3
পারছি	না	কেউ	3
তাহলে	প্লিজ	একটু	3
প্লিজ	একটু	জানাবেন	3
না	পেলে	পোস্ট	3
আমি	তো	সব	3
করার	কথা	তো	3
দিলে	সুবিধা	হতো	3
আমাকে	ওয়ালটন	প্রিমো	3
রিকভারি	পোর্ট	করে	3
একটু	আগে	একটা	3
জন্যই	এই	পোস্ট	3
কার্ড	ভেরিফাই	করতে	3
আমি	ট্রিকবিডিতে	পোস্ট	3
ভালো	কাস্টম	রম	3
কিছু	কনফিগ	দেন	3
সেটিং	করতে	হবে	3
ভাইয়া	আপনার	ফোন	3
১০	টাকা	ইনকাম	3
কিছু	করা	লাগবে	3
আই	নো	থ্যাংকস	3
করে	ওয়াইফাই	তে	3
কাজ	করতে	থাকেন	3
না	প্লিজ	রিপ্লাই	3
এ	লট	ব্রো	3
জন্য	অপেক্ষা	করুন	3
হবে	না	কি	3
২	বছর	আগের	3
প্লিজ	ভাইয়া	আমাকে	3
কিন্তু	আমি	করতে	3
বাংলা	নট	সাপোর্টেড	3
শেয়ার	করুন	প্লিজ	3
প্লিজ	আমাকে	ট্রেইনার	3
ন্যাশনাল	আইডি	কার্ড	3
আইডি	কার্ড	দিয়ে	3
দিয়ে	কি	সিম	3
বিকাশ	এ	নিয়ে	3
আপনার	পোস্ট	পেন্ডিং	3
যদি	পারেন	তাহলে	3
আমি	কপি	করে	3
আমাকে	একটা	কল	3
ইচ্ছে	করে	না	3
অনেক	আগে	কাজ	3
জানি	তবুও	থ্যাঙ্কস	3
থেকে	ডাউনলোড	হচ্ছে	3
প্লিজ	একটু	দেখেন	3
টাকা	পাওয়ার	জন্য	3
জন্য	কি	করতে	3
ভাই	প্লিজ	বলবেন	3
অন্য	কোনো	উপায়	3
এপিকে	এর	লিংক	3
এফবি	প্যাক	কি	3
টুলকিট	ফর	এফবি	3
করতে	অনেক	টাইম	3
কত	দিন	লাগবে	3
রুট	দিয়ে	রুট	3
তারা	কি	করবে	3
হয়	না	এটা	3
ট্রাই	করলাম	হয়	3
করে	খেললে	কি	3
পর	থেকে	ভালো	3
এখন	ট্রিকবিডি	তে	3
ছিল	না	এখন	3
উল্টা	পাল্টা	পোস্ট	3
পোস্ট	ভাই	আমি	3
থ্যাঙ্কস	ফর	কমেন্ট	3
হয়	না	ফালতু	3
কি	সাইন	আপ	3
এ	নিয়ে	যাচ্ছে	3
আমার	কুপন	কোড	3
প্লিজ	বলবেন	ভাই	3
আগে	থেকেই	করি	3
ভাই	কানেক্ট	হচ্ছে	3
ফ্রি	তে	কি	3
আর	আপনি	বলেন	3
অস্থির	পোস্ট	ভাই	3
আমার	টা	হলো	3
টা	হলো	না	3
ভিডিও	টিউটোরিয়াল	দিলে	3
ওল্ড	পোস্ট	আমি	3
উইথড্র	দিতে	পারবেন	3
প্লিজ	একটু	দেখুন	3
দেখেন	কি	হয়	3
মতামতের	জন্য	ধন্যবাদ	3
সব	চলে	যাবে	3
না	বার	বার	3
থেকে	ডাউনলোড	দিতে	3
এ	যোগাযোগ	করুন	3
ভাইয়া	আমাকে	কি	3
সাহায্য	করতে	পারবেন	3
এর	জন্য	হেল্প	3
দেওয়া	যাচ্ছে	না	3
কেউ	কি	বলতে	3
তো	দিলেন	না	3
উপকার	হতো	প্লিজ	3
হতো	প্লিজ	ভাই	3
তবে	আমি	এটা	3
রুট	করা	না	3
আপলোড	করে	লিংক	3
আপনার	এই	অ্যাপ	3
তার	ডাউনলোড	লিংক	3
ডাউনলোড	লিংক	কি	3
অন্য	যে	কোনো	3
লাগলে	করবেন	না	3
না	হলে	না	3
বুটলোডার	আনলক	করতে	3
পোস্ট	করেছি	কিন্তু	3
ট্রান্সফার	করতে	পারবো	3
পেমেন্ট	প্রুফ	কই	3
হতে	পারে	তাই	3
একটু	বলুন	প্লিজ	3
আমি	তো	এই	3
চেষ্টা	করে	দেখুন	3
৮	বল	পুল	3
বল	পুল	এর	3
কাস্টম	রম	কি	3
করা	যায়	যেমন	3
ভাই	অনেক	আগেই	3
অনেক	অ্যাপ	আছে	3
রিকভারি	ইনস্টল	করতে	3
আমার	টা	হয়	3
যাবে	ফ্রি	তে	3
করতে	হবে	তা	3
থাকলে	দিবেন	প্লিজ	3
পোস্ট	পেন্ডিং	আছে	3
এ	কাজ	হয়	3
ইনবক্সে	নক	দেন	3
আপনার	ফেসবুক	লিঙ্ক	3
কোনো	ফ্রী	নেট	3
ফ্রী	নেট	দেন	3
আমার	ফোনে	রুট	3
এ	সার্চ	দিলেই	3
মোবাইল	ডাটা	ইউজার	3
সিমে	পাওয়া	যাবে	3
কিছু	দেওয়ার	চেষ্টা	3
হবে	নাকি	শুধু	3
আর	আপনার	ফেসবুক	3
দিতে	পারলাম	না	3
ক্যারি	অন	ব্রো	3
একটু	বললে	ভালো	3
পাসওয়ার্ড	হ্যাক	করবো	3
সম্ভাবনা	আছে	নাকি	3
পাসওয়ার্ড	চেঞ্জ	করার	3
না	থাকলেও	হবে	3
করছে	না	প্লিজ	3
আছে	গুগলে	সার্চ	3
সার্চ	করতে	পারেন	3
ফলো	করতে	পারেন	3
এ	কল	দিলে	3
যদি	বলতেন	তাহলে	3
তাহলে	আরো	ভালো	3
নিয়ে	একটা	রিভিউ	3
করে	নেয়া	যাবে	3
গুড	বাট	আমি	3
তাও	হচ্ছে	না	3
করলে	কি	সুবিধা	3
আমার	একটা	ফেসবুক	3
সাথে	পোস্টের	কোন	3
পোস্টের	কোন	মিল	3
মডারেটর	ভাই	প্লিজ	3
আর	আমাকে	অথর	3
আছে	কি	করবো	3
কষ্ট	করে	নিজে	3
হবে	না	আমার	3
সবচেয়ে	ভালো	হবে	3
ভাই	আমার	হুয়াওয়ে	3
কি	যে	কোনো	3
গেম	চলে	না	3
প্লিজ	হেল্প	অনেক	3
ভিপিএন	নিয়ে	পোস্ট	3
পোস্ট	করেও	অথর	3
করেও	অথর	হতে	3
করেন	একটু	বলবেন	3
করতে	চাই	আমাকে	3
করবেন	না	আপনার	3
আর	কাজ	না	3
মি	অন	ফেসবুক	3
ভাই	আমার	জাভা	3
আপনার	পোস্টগুলো	অনেক	3
আমি	সিম্ফনি	আর১০০	3
করতে	চাচ্ছি	কিন্তু	3
কাজ	করে	কিন্তু	3
জানেন	না	সেটা	3
ঠিক	আছে	পোস্ট	3
আগে	পোস্ট	করেছি	3
সার্চ	দিলেই	পাবেন	3
ভালো	একটা	রম	3
ওটিপি	আসে	না	3
কি	বন্ধ	হয়ে	3
হয়ে	গেছে	ভাই	3
দিলে	এরর	দেখায়	3
দিয়ে	দেখা	যায়	3
না	বুঝে	কমেন্ট	3
ভালো	করে	কাজ	3
রিকভারি	থেকে	ব্যাকআপ	3
কি	একটু	বলবেন	3
ইনস্টল	দেয়ার	পর	3
আর	রুট	করার	3
আমার	সাইট	কিছু	3
ডাউনলোড	করলে	কোন	3
পোস্ট	এর	একবার	3
ফ্ল্যাশ	দেওয়ার	পর	3
করলে	আর	অন	3
এফবি	গ্রুপ	এর	3
দিয়ে	চেষ্টা	করুন	3
তাকে	বিকাশ	এ	3
ব্যান	করা	হোক	3
দিয়ে	ইউটিউব	এ	3
আপনার	কি	ফোন	3
কাজ	করবো	না	3
থিম	টা	জিপ	3
ব্রো	আমাকে	একটা	3
ইউজ	করে	তারা	3
আর	পিসি	তে	3
থ্যাংকস	আশা	করি	3
ফোন	এ	হয়	3
পাসওয়ার্ড	জানি	না	3
ভাই	আর	এটা	3
আর	এটা	আমার	3
শো	করে	এটা	3
তো	রুট	এর	3
আপনার	অ্যাকাউন্ট	এ	3
আর	স্পিড	কত	3
পাওয়ার	সম্ভাবনা	আছে	3
করবো	কিভাবে	সেটা	3
বাট	ডাউনলোড	হচ্ছে	3
হ্যাক	এর	পোস্ট	3
হয়	এই	রকম	3
এভাবে	হবে	না	3
বুঝতে	পারবেন	না	3
করতে	পারলে	ভালো	3
৬	মান্থ	আগে	3
তার	কি	হবে	3
করতে	পারেন	যদি	3
নিজের	সাইটের	লিংক	3
আমি	কি	এখন	3
ওকে	থ্যাংকস	ফর	3
নাকি	আমি	তো	3
একটা	কথা	ছিল	3
ডাউনলোড	লিংকটা	দেন	3
এমবি	এর	কি	3
এর	কি	মেয়াদ	3
রিকোয়েস্ট	দিছি	একসেপ্ট	3
দিলে	খুশি	হবো	3
এমটিকে৬৫৮২	এর	জন্য	3
নেট	কানেকশন	দিয়ে	3
দিন	মেয়াদ	এ	3
যদি	সম্ভব	হয়	3
হবে	একটু	জানাবেন	3
আর	কি	বলবো	3
করেন	রুট	হবে	3
করতে	পারি	কিন্তু	3
থ্যাংকস	কষ্ট	করে	3
কেউ	বলবেন	কি	3
এর	কি	কোন	3
যায়	প্লিজ	হেল্প	3
দিন	ধরে	এই	3
এর	পাসওয়ার্ড	ভুলে	3
জন্য	ব্যবহার	করা	3
পাচ্ছি	না	হেল্প	3
কথা	না	বলাই	3
না	বলাই	ভালো	3
নাম্বারে	২	জিবি	3
ওপেন	করার	সময়	3
হয়ে	গেছে	প্লিজ	3
করতে	চাই	ভাই	3
কোন	রিভিউ	নাই	3
ট্রিকবিডি	থেকে	বের	3
আইডি	খোলা	যায়	3
করার	কোনো	সফটওয়্যার	3
কিংরুট	দিয়ে	হবে	3
ট্রাই	করি	দেখি	3
ভাই	এ	রা	3
আর	আগের	মতো	3
টিউটোরিয়াল	দিলে	ভালো	3
এটা	খুব	ভালো	3
লিংকটা	ঠিক	করেন	3
ভাই	আপনি	আজকে	3
আপনি	আজকে	অনেক	3
আজকে	অনেক	বড়	3
অনেক	বড়	সাহায্য	3
বড়	সাহায্য	করলেন	3
সাহায্য	করলেন	এটা	3
করলেন	এটা	ভুলার	3
এখনো	করছি	বাট	3
করছি	বাট	কম	3
বাট	কম	সাহস	3
কম	সাহস	পাইছি	3
সাহস	পাইছি	আপনার	3
পাইছি	আপনার	পোস্ট	3
কি	ভাবে	ভাই	3
হেল্প	করে	না	3
নতুন	আইডি	খুলে	3
নাম্বার	টা	দেওয়া	3
প্লিজ	আমার	একটা	3
হয়	না	ফোন	3
ভাই	ইনবক্স	চেক	3
পোস্ট	দেখতে	চাই	3
টা	সাপোর্ট	করবে	3
ডাউনলোড	তো	হচ্ছে	3
হচ্ছে	না	এটা	3
সাথে	কথা	বলবো	3
কি	বুঝলেন	না	3
সাল	থেকে	এই	3
কিছু	ঠিক	ঠাক	3
ভালো	হতো	ভাই	3
ভালো	লাগে	বাট	3
জানি	না	তো	3
পোস্ট	করি	নি	3
ভাই	আপনার	ফোনের	3
আমিও	এক	সময়	3
এটা	দিয়া	কি	3
ভাই	আমার	কানেক্ট	3
না	অনেক	বার	3
আমি	যদি	ভবিষ্যতে	3
না	আর	এই	3
হবে	না	কারন	3
মতো	কাজ	করবে	3
কাজ	করবে	ভাই	3
নিয়া	পোস্ট	করা	3
কাজ	করলে	তো	3
হেল্প	করবেন	ভাই	3
আনরুট	ফোন	এ	3
কিছু	রুলস	আছে	3
পোস্ট	এ	বলেছি	3
পেমেন্ট	পাওয়ার	জন্য	3
সিম	এ	হবে	3
না	আমার	মনে	3
আমি	এটা	ইউজ	3
এটা	ইউজ	করছি	3
ফ্রেন্ড	এর	মোবাইল	3
ট্রাই	করছিলাম	কাজ	3
কোথায়	কিনতে	পাওয়া	3
পোস্ট	কপি	করেছি	3
এটা	কি	হলো	3
এমন	কোনো	অপশন	3
কেউ	দেখবে	না	3
কোনো	ব্রাউজার	দিয়ে	3
বড়	চোখ	বিশিষ্ট	3
চোখ	বিশিষ্ট	সুন্দর	3
পোস্ট	করা	হচ্ছে	3
লিখে	পোস্ট	করলে	3
এমবি	থাকে	না	3
আর	কিছু	বললাম	3
হয়	না	ট্রাই	3
জন্য	কি	নিউ	3
তাইলে	এই	পোস্ট	3
লেখা	উচিত	ছিল	3
এটা	কেমন	পোস্ট	3
এতো	সুন্দর	করে	3
মেয়াদ	না	থাকলে	3
পোস্ট	অনেক	আগেই	3
অনেক	আগেই	করা	3
নাও	চলতে	পারে	3
ভালো	পোস্ট	করেছেন	3
এ	কি	ভাবে	3
আমার	তো	হচ্ছে	3
না	আমি	তো	3
কি	হবে	ভাই	3
তো	ট্রিকবিডি	তে	3
কপি	করে	নাই	3
৭	দিন	এর	3
করার	অপশন	নাই	3
কলেজ	এ	ভর্তি	3
আমি	এটা	অনেক	3
আর	পেমেন্ট	প্রুফ	3
টাকা	বিকাশ	এ	3
করা	নিয়ে	একটা	3
না	দিলেও	পারতেন	3
টা	দিয়ে	কি	3
সব	ঠিক	ঠাক	3
হচ্ছে	না	আর	3
ক্রেডিট	কার্ড	নেই	3
রিকভারি	তে	গিয়ে	3
এ	মেসেজ	দিন	3
ক্রেডিট	দেওয়ার	জন্য	3
ভাই	চালিয়ে	যান	3
কি	কোনো	উপায়	3
এগুলো	সবাই	জানে	3
থেকে	ডাউনলোড	দিলে	3
ডাউনলোড	লিংক	দেওয়ার	3
রকম	পোস্ট	করবেন	3
জিপ	কোড	কি	3
রিমুভ	করবো	কিভাবে	3
হুম	অনেক	সুন্দর	3
অনেক	সুন্দর	করে	3
করে	লিখেছেন	থ্যাংকস	3
আমি	২	জিবি	3
না	ভাই	এই	3
ব্রো	ট্রিকবিডি	এর	3
আমিও	পোস্ট	করতে	3
আমি	তো	জাস্ট	3
কি	ফোন	আপনার	3
দিয়ে	কি	পোর্ট	3
কি	পোর্ট	করা	3
এটা	অনেক	আগের	3
একটা	পোস্ট	লিখতে	3
পোস্ট	করলে	অথর	3
তো	এফবি	তে	3
আপনি	এই	পোস্ট	3
গেছে	এখন	কি	3
ভার্সন	নিয়ে	একটা	3
কি	করব	ব্রো	3
ব্রো	প্লিজ	প্লিজ	3
পোস্ট	এ	এসএস	3
অর্ডার	করতে	পারেন	3
থেকে	কপি	করলে	3
পোস্ট	করলেই	টাকা	3
ভাই	আমি	যেটা	3
যেটা	দিচ্ছি	সবাই	3
দিচ্ছি	সবাই	আমার	3
দেখেন	এটা	গুড	3
আপ	করলে	১৫	3
করলে	১৫	দিবে	3
১৫	দিবে	ডেইলি	3
দিবে	ডেইলি	চেক	3
ডেইলি	চেক	করলে	3
১	বার	ট্রাই	3
ট্রাই	দেখেন	অনেক	3
ট্রাই	করলেন	না	3
করলেন	না	হয়	3
না	হয়	ছোট	3
বার	ট্রাই	করে	3
এ	ক্লিক	করার	3
করছি	বাট	হচ্ছে	3
থেকে	সিম	কার্ড	3
কি	ফোন	এর	3
ডি	এন	এস	3
এর	কথা	বলতেসেন	3
অ্যাপ	চালাতে	পারবেন	3
করলে	বেটার	হবে	3
কোন	কাস্টম	রুম	3
এর	সাথে	পোস্ট	3
এই	রকম	অনেক	3
জিবি	এর	মেয়াদ	3
জানলে	একটু	বলবেন	3
একটা	মোবাইল	এ	3
এমন	কোন	অ্যাপস	3
হা	হা	মজা	3
পোস্ট	করার	পরে	3
কোন	কাস্টম	রোম	3
আছে	কি	করব	3
কিভাবে	বাড়াবো	প্লিজ	3
হ্যাক	করতে	পারি	3
হলে	কি	কি	3
হয়	একটু	বলবেন	3
ক্লেশ	অফ	ক্লেন	3
আইডি	হ্যাক	করব	3
আমি	আপনার	মত	3
করে	আমার	ফোন	3
দিলে	ভাল	হয়	3
এর	উপর	নির্ভর	3
ট্রিকবিডি	তে	আমি	3
তাই	পোস্ট	করতে	3
কিভাবে	সেটা	নিয়ে	3
মনে	হয়	অফ	3
ভাবে	করতে	হয়	3
ট্রাই	করছি	হয়না	3
মিনিট	এর	বেশি	3
গ্যালাক্সি	আছে	স্টাইল	3
এ	কাস্টম	রিকভারি	3
প্লিজ	একটু	কষ্ট	3
এটা	কি	অফিসিয়াল	3
দিতে	হয়	নাকি	3
ভাই	আমি	কাস্টম	3
ট্রিক	টা	দেন	3
হয়	না	এমন	3
করতে	হয়	তখন	3
নাই	কারণ	আমি	3
এ	কাজ	করতেসে	3
আপনি	দেখতে	পারেন	3
এ	ক্লিক	করেন	3
করে	দিলে	হবে	3
দিলে	হবে	না	3
চেঞ্জ	করবো	কেমনে	3
এই	ওয়েবসাইট	এর	3
তোমার	এফবি	লিংক	3
এমন	কি	কোনো	3
ভাই	অনেক	ট্রাই	3
তে	কন্টাক্ট	করতে	3
কন্টাক্ট	করতে	পারি	3
কিছু	স্ক্রিনশট	দিলে	3
সম্পূর্ণ	আমার	নিজের	3
আমি	এপিকে	এডিটর	3
প্লিজ	ভাই	কেউ	3
ভাই	রবি	সিম	3
এই	ফ্রি	নেট	3
১	সেকেন্ড	এ	3
কিছু	দরকার	নাই	3
ডলার	ইনকাম	করতে	3
কি	আর	বলবো	3
যদি	না	আসে	3
ইয়ার	ধরে	ট্রিকবিডি	3
আগে	থেকে	জানা	3
কি	১০	টাকা	3
না	রে	ভাই	3
এই	পোস্ট	করে	3
পোস্ট	করলে	তো	3
করলে	তো	টাকা	3
হবে	প্লিজ	হেল্প	3
এনআইডি	কার্ড	বানানোর	3
লেয়ার্স	ম্যানেজার	এ	3
ম্যানেজার	এ	গিয়ে	3
৩	টা	মানসম্মত	3
কপি	করলে	কি	3
কি	ট্রিকবিডি	তে	3
বাট	কপি	পোস্ট	3
পোস্ট	আছে	এটা	3
আছে	এটা	নিয়ে	3
অনেক	আগেই	শেষ	3
দিয়ে	দিলে	ভালো	3
লিংক	টা	কপি	3
এই	সিস্টেম	কাজ	3
একটা	আইডি	ঠিক	3
আইডি	এর	জন্য	3
চ্যানেল	এ	জয়েন	3
কথা	বলা	আছে	3
জাতি	সৃষ্টি	করবেন	3
করার	দরকার	ছিল	3
এখন	এইটা	দিয়ে	3
পর	আপনার	পোস্ট	3
একটা	ফালতু	পোস্ট	3
পোস্ট	ই	তো	3
থেকে	ডাউনলোড	করা	3
না	কি	করতে	3
চাই	আপনার	এফবি	3
ইনস্টল	করতে	পারবো	3
পোস্ট	ভালো	বাট	3
আমার	২	টা	3
ইউসার	ব্রো	এর	3
করে	প্লিজ	ব্রো	3
করতাম	বাট	এখন	3
আইপি	ব্লকড	দেখায়	3
এর	জন্যই	তো	3
ভালো	ভাবে	না	3
একটু	দেখেন	না	3
এর	জন্য	ফ্রি	3
মোবাইল	আঙ্কেল	টুল	3
কোনো	সাইট	এর	3
না	ভাই	হয়	3
ভাই	ইসি	নেট	3
আমি	পেলাম	না	3
অথর	হতে	পারবেন	3
ব্যান্ড	করে	দেয়	3
আর	দিচ্ছে	না	3
আমার	এফবি	একাউন্ট	3
পোস্ট	করো	কেন	3
এমবি	শেষ	হওয়ার	3
চলে	না	আর	3
দিতে	পারবে	না	3
সুন্দর	একটা	পোস্ট	3
আমি	অনেকদিন	ধরে	3
ভাই	কি	করে	3
হয়	প্লিজ	হেল্প	3
থাকলে	লিংক	দিন	3
আসলো	না	তো	3
পোস্ট	করসি	এখনো	3
হয়	নাই	তাই	3
আইডি	নষ্ট	হবে	3
করেন	প্লিজ	আমি	3
প্লে	স্টোরে	পাবেন	3
কাজ	করে	লাভ	3
আমি	এরকম	অনেক	3
থ্যাংক্স	ফর	ইওর	3
করার	ট্রাই	করবো	3
চেঞ্জ	করে	নিজের	3
কি	হইছে	ভাই	3
ভাই	আমার	সনি	3
হয়	তাহলে	এটা	3
দিলে	ঠিক	হবে	3
প্লিজ	হেল্প	ব্রো	3
রিপ্লায়	দেন	প্লিজ	3
ভিপিএন	ইউস	করে	3
পাসওয়ার্ড	কি	হবে	3
একটা	পোস্ট	দিবো	3
পিসি	তে	হবে	3
ভাই	অনেক	কিসু	3
একটু	হেল্প	দরকার	3
ভাই	আমি	কাজ	3
আপনার	বাসা	কোথায়	3
ডাউনলোড	লিংক	নাই	3
কি	ভাবে	রুট	3
পোস্ট	গুলা	তো	3
না	পারলে	একটা	3
ভাই	আমার	কাজ	3
ব্রো	অনেক	দিন	3
একটা	লিংক	ও	3
ও	কাজ	করে	3
ব্রো	হেল্প	প্লিজ	3
করে	ইউসার	ভাই	3
করে	একটু	হেল্প	3
কাজ	করলে	থ্যাংক্স	3
টাইম	লাগতে	পারে	3
চেক	করে	দেখতে	3
ব্রাউসার	দিয়ে	হবে	3
টা	পোস্ট	করতে	3
করতে	চাইসিলাম	বাট	3
এ	এমবি	ট্রান্সফার	3
একটু	প্রব্লেম	হচ্ছে	3
ব্রো	রিপ্লাই	প্লিজ	3
একটা	ফোন	দিয়ে	3
এর	টা	দেন	3
দিয়ে	পেপাল	ভেরিফাই	3
কি	ভাবে	কেউ	3
করলে	উপকৃত	হবো	3
ট্রান্সফার	করা	যাবে	3
কপি	পোস্ট	করিস	3
হি	হি	হি	3
এখন	আর	আগের	3
ভাইয়া	ঠিক	আছে	3
ওকে	পোস্ট	এ	3
স্পিড	অনেক	কম	3
হা	হা	ব্রো	3
নষ্ট	হয়ে	যাবে	3
এটা	কি	রিয়েল	3
যাদের	আছে	তাদের	3
এপ	টা	ভালো	3
এর	দরকার	কি	3
না	আমি	ট্রাই	3
বাট	আমি	যদি	3
ইউটিউব	ভিডিও	দেখা	3
তে	কাজ	করে	3
আপনি	আমার	কথা	3
পাবলিশ	করে	নাই	3
পোস্ট	টা	পাবলিশ	3
ঘণ্টা	হয়ে	গেল	3
হয়ে	গেল	এখনো	3
নিয়ে	পোস্ট	না	3
দেখা	যাবে	নাকি	3
আরো	কিছু	করতে	3
আমাকে	অথর	করে	3
ব্রো	ফ্রি	নেট	3
হা	হা	ঠিক	3
থেকে	ঘুরে	আসুন	3
তাহলে	বুঝতে	পারবেন	3
করতে	হবে	কেনো	3
এফবি	তে	ফ্রেন্ড	3
করে	দিলে	আর	3
কি	আমি	আমার	3
আমার	মাস্টার	কার্ড	3
ভাই	কাজ	হইসে	3
ভাই	আপনার	দেয়া	3
নষ্ট	করবেন	না	3
নাইস	পোস্ট	তবে	3
ট্রিকবিডি	ছাড়া	আর	3
ছাড়া	আর	কোনো	3
করা	যায়	এটা	3
জানি	শেয়ার	করার	3
সাথে	কথা	ছিল	3
স্ক্রিন	শট	নিয়ে	3
লগইন	করার	পর	3
১	জিবি	রেম	3
ভাই	এই	এপ	3
টাকা	আসলো	না	3
রোম	পোর্ট	করা	3
বুট	ইমেজ	ডিলিট	3
এন্ড্রোইড	এর	জন্য	3
এর	জন্য	নাই	3
আপনি	কি	সত্যি	3
কাজ	করবে	তো	3
এ	নিয়ে	আসে	3
হয়	না	এটার	3
২	বছর	ধরে	3
না	পারলে	পোস্ট	3
অল	পার্ট	দেবেন	3
এর	বেশি	হয়	3
না	ভাই	কোনো	3
দেখে	আমি	শিহরিত	3
না	প্লিজ	কি	3
কাজ	করলে	গুড	3
ডিলিট	করলে	কি	3
করলে	কি	এমবি	3
ও	আসে	নাই	3
এর	ফোন	রুট	3
ভাই	আমি	পাইছি	3
একাউন্ট	খুলা	যাবে	3
ফাইল	আপলোড	করে	3
৭	এর	জন্য	3
অনেক	উপকার	হলো	3
একটু	কথা	আছে	3
থেকে	পোস্ট	করতে	3
পোস্ট	করতে	চান	3
একটা	ভিপিএন	এর	3
করা	থাকলে	কি	3
টা	করেন	প্লিজ	3
তুলে	ধরা	হয়েছে	3
ভাই	আমি	আগে	3
আপনি	যদি	এতই	3
যদি	এতই	পারেন	3
এতই	পারেন	তাহলে	3
পারেন	তাহলে	পোস্ট	3
তাহলে	পোস্ট	করতেন	3
কত	ভালো	ভালো	3
সাইট	নিয়ে	পোস্ট	3
করতে	পারতাম	না	3
অফ	বার্থ	দিয়ে	3
আমার	সনি	এক্সপেরিয়া	3
আবার	কেমন	পোস্ট	3
এই	প্রব্লেম	টা	3
খুব	খুশি	হতাম	3
প্লিজ	আপনার	কাছে	3
এটাই	দরকার	ছিল	3
লিংক	তো	ঠিক	3
লিনাক্স	ইনস্টল	করা	3
কখন	দিবেন	প্লিজ	3
এর	কাজ	টা	3
ভালো	করে	পড়ুন	3
ভাই	ফোন	এর	3
আপনার	কথা	মতোই	3
এ	আপলোড	দেওয়া	3
কাজ	করে	আপনার	3
হয়ে	যায়	সো	3
দিয়ে	ঢোকা	যায়	3
অ্যাড	করতে	হয়	3
ভাই	বাট	আমি	3
ব্রো	ইনবক্স	মি	3
দিয়ে	ফ্ল্যাশ	করবেন	3
ফ্রি	নেট	চালাতে	3
খুঁজে	পাই	নাই	3
আগের	পোস্ট	এর	3
যাবে	তাই	না	3
টিউনার	বানান	আমি	3
মুখে	লাগাম	দে	3
আমার	কাছে	নাই	3
ভালো	করে	পরেন	3
বাকিটা	আপনার	ইচ্ছা	3
টেলিটক	সিম	এ	3
আগের	মতো	হয়ে	3
এ	আপলোড	দেন	3
করে	দেখেন	ফ্রি	3
সব	ট্রাই	করছি	3
করার	ওয়ে	টা	3
আপনি	চেক	করে	3
বাদ	দেন	ভাই	3
থেকে	টাকা	কেটে	3
ডিলিট	করলে	আবার	3
করলে	আবার	আসে	3
ভাই	ড্রইড	ভিপিএন	3
ড্রইড	ভিপিএন	এর	3
গ্রামারলি	প্রিমিয়াম	একাউন্ট	3
করবেন	না	পোস্ট	3
ফালতু	পোস্ট	বন্ধ	3
ব্যালান্স	চেক	করতে	3
চেক	করতে	হয়	3
৩	মাস	আগে	3
মাস	আগে	রিক	3
না	আপনার	এফবি	3
এটা	ইউস	করতে	3
তো	লগইন	করার	3
তোমার	ফোন	নাম্বার	3
আমি	গুগল	এ	3
যায়	বাট	আমার	3
বাট	আমার	টা	3
আবার	আগের	জায়গায়	3
সুন্দর	পোস্ট	ব্রো	3
হুম	ট্রিকবিডি	তে	3
ট্রিকবিডি	তে	ভিসিট	3
থেকে	অনেক	কম	3
এপ	ডাউনলোড	করে	3
ইউসার	ভাই	ট্রিকবিডি	3
ওয়েলকাম	টু	ট্রিকবিডি	3
তাই	নাকি	ভাইয়া	3
এর	পাসওয়ার্ড	চেঞ্জ	3
করে	দিসে	ভাই	3
কাজ	করতাসে	না	3
দিতে	পারবেন	কেউ	3
ইসি	নেট	চলে	3
এক্টিভ	করা	যায়	3
মিনি	দিয়ে	হবে	3
কে	না	জানে	3
বার	বার	ক্লিক	3
এ	বার	বার	3
আমি	অ্যাডমিন	না	3
আপনি	তো	সব	3
সিওসি	কিভাবে	হ্যাক	3
হয়	নাই	পারলে	3
ভাইয়া	আমাকে	অথর	3
এ	আরো	ভালো	3
হমমম	ভাই	আমি	3
খারাপ	করলাম	না	3
কিসের	জন্য	দিসে	3
শেয়ার	করে	কি	3
একাউন্ট	খুলতে	হবে	3
আমি	তো	কপি	3
পোস্ট	করি	নাই	3
কিছু	পোস্ট	করার	3
করুন	প্লিজ	অনেক	3
গ্রুপ	এ	জয়েন	3
লক	হইলে	লক	3
হইলে	লক	খুলার	3
লক	খুলার	টাকা	3
করতে	হবে	কেন	3
আমার	চলে	না	3
জানানোর	জন্য	থ্যাংক্স	3
পিক	দিলে	ভালো	3
দিলে	খুশি	হইতাম	3
ভডি	আইও	হবে	3
আমার	রেফার	কোড	3
পোস্ট	করে	কি	3
করে	কি	ভাবে	3
এর	টা	দিলে	3
করার	পোস্ট	দেন	3
গুড	পোস্ট	আপনি	3
আমার	ইমো	হ্যাক	3
ইউসার	ব্রো	আমার	3
ডায়াল	ইন্টারনেট	ব্যালান্স	3
ইন্টারনেট	ব্যালান্স	জানতে	3
পাই	নাই	ব্রো	3
করতে	এমবি	লাগবে	3
এ	কাজ	করছে	3
ইউস	করি	আমার	3
পোর্ট	করা	রোম	3
সব	পোস্ট	গুলা	3
একাউন্ট	কিভাবে	খুলবো	3
আগে	জানতাম	না	3
ইনস্টল	করা	যায়	3
এখনো	পেমেন্ট	দেয়	3
বললেই	তো	হয়	3
এর	জন্য	আপনাকে	3
তাই	না	তা	3
ব্রো	পোস্ট	ভালো	3
তে	নক	দেন	3
ভাই	ল্যাপটপ	এ	3
গ্রুপ	এ	অ্যাড	3
ভাই	ভিডিও	দিলে	3
৩০	দিন	মেয়াদ	3
এই	কোড	টা	3
অন্য	কোনো	টা	3
টা	দিয়ে	চলে	3
কি	কোনো	ভাবে	3
আনরুট	এ	হবে	3
পিসি	তে	কি	3
থ্যাংক	ইউ	টু	3
থ্যাংক	ইউ	ব্রাদার	3
এপ	টা	কি	3
মানুষ	ভুলে	গেছে	3
ব্রো	ডার্ক	ওয়েব	3
ইউস	করতে	হয়	3
ডাউনলোড	করে	নিতে	3
এ	খেলা	যায়	3
এ	কিছু	ডলার	3
কেউ	কি	আমার	3
করতে	পারবেন	প্লিজ	3
হলে	নিতে	পারবেন	3
ইউসার	ভাই	টিউনার	3
আপনার	কথা	মতো	3
করতে	হয়	সেটাও	3
পোস্ট	দিয়েন	প্লিজ	3
একাউন্ট	খুলতে	গেলে	3
অনেক	ভাবে	ট্রাই	3
আনলিমিটেড	জিমেইল	ক্রিয়েট	3
করার	ওয়ে	আছে	3
আমি	ইউসি	দিয়ে	3
ইনকাম	করা	যাবে	3
ক্লিক	করলে	তো	3
আনইনস্টল	করে	আবার	3
না	আর	আপনি	3
করতে	হলে	তো	3
মোবাইল	নিয়ে	বসে	3
কি	তোর	বাপ	3
পেমেন্ট	পাই	নাই	3
থ্যাংক্স	ভাইয়া	আপনাকে	3
ভাইয়া	আপনাকে	আমি	3
ট্রিক	টা	একটু	3
ভাই	কপি	পোস্ট	3
আপনার	বাসা	কি	3
লিখে	সার্চ	করলে	3
সার্চ	করলে	পেয়ে	3
ভালো	হবে	একটু	3
তো	দিতেই	হবে	3
করেন	তাহলে	তো	3
এপ	দিয়ে	ট্রাই	3
তাহলে	কোনো	প্রব্লেম	3
এটা	দিয়ে	আপনি	3
গুলো	ডাউনলোড	করতে	3
তে	পোস্ট	করসি	3
এর	জন্য	রুট	3
আবালের	মতো	কথা	3
পোস্ট	করতাম	বাট	3
আছে	আর	এটা	3
আমি	এই	সাইট	3
তো	পরের	কথা	3
তাই	না	ভাই	3
করার	পর	আর	3
হয়	না	হেল্প	3
এর	ভার্সন	কত	3
বলবেন	প্লিজ	আর	3
আমার	হলো	না	3
দিসি	একসেপ্ট	করেন	3
করা	থাকে	তাহলে	3
মেয়াদ	আছে	কিনা	3
কিন্তু	কাজ	করে	3
এই	এপ	এর	3
মি	প্লিজ	আমি	3
আমি	এখন	পর্যন্ত	3
অন্য	সার্ভার	এ	3
এর	মতো	হয়	3
এতো	দিন	এই	3
করতে	পারে	নাই	3
দিলে	সাথে	সাথে	3
ডাউনলোড	পেজ	এ	3
ভাই	ফেইসবুক	এ	3
টাকায়	১০০	এমবি	3
চেঞ্জ	করলে	ভালো	3
আমার	আইডি	নষ্ট	3
চাই	আশা	করি	3
এর	স্টাইল	টা	3
কান্ট্রি	চেঞ্জ	করতে	3
ভাই	এইটা	তে	3
সময়	দিতে	হবে	3
ডিসকানেক্টেড	হয়ে	যায়	3
ইয়ার	আগে	থেকে	3
দিতে	হয়	না	3
এটা	অফ	করবো	3
আমি	মোবাইল	দিয়ে	3
ইমাম	আবু	হানিফার	3
রাসূল	স	এর	3
খালি	লিনাক্স	ইনস্টল	3
কিভাবে	করবো	যদি	3
ভাই	ইউটিউব	ভিডিও	3
তো	হয়	এপস	3
আমার	মোবাইল	তো	3
দেয়ার	দরকার	নাই	3
একই	আইপি	থেকে	3
মেসেজ	দেয়া	লাগবে	3
অনেক	ধন্যবাদ	এই	3
করার	জন্য	আমার	3
আবার	ট্রেনার	রিকোয়েস্ট	3
এই	এপ	দিয়ে	3
হুম	ভাই	অনেক	3
কি	উইথড্র	করা	3
মেক	মি	অথর	3
ট্রিক	টা	কাজ	3
দিলে	হবে	কি	3
কানেক্টেড	হচ্ছে	না	3
আমাকে	ট্রেনার	বানান	3
ট্রেনার	বানান	প্লিজ	3
বানান	প্লিজ	৬	3
এর	কোনো	কাস্টম	3
আমাকে	মেসেজ	দেন	3
যদি	মনে	হয়	3
মনে	হয়	আপনার	3
এইটা	কাজ	করে	3
ভাই	এটা	অনেক	3
প্লে	স্টোরে	ঢুকতে	3
এড্রেস	কোথায়	পাবো	3
করে	নিতে	পারবেন	3
থ্যাংক্স	ফর	কমেন্ট	3
দিকে	নজর	দেওয়া	3
মারসে	এখন	কি	3
ভাই	কাজ	হচ্ছে	3
আরো	ভালো	করে	3
আর	কি	করবো	3
ভাইয়া	আমি	জানি	3
ইউস	করা	হয়েছে	3
অব	ফাইল	টা	3
করেন	না	হয়	3
আছে	প্লিজ	ব্রো	3
প্লিজ	ব্রো	হেল্প	3
মি	মি	মি	3
এর	পরের	দিন	3
একটা	প্রব্লেম	হচ্ছে	3
জন্য	এমন	হয়	3
রুট	করতে	গেলে	3
পারছি	না	কিভাবে	3
৬৫৭২	এর	জন্য	3
এর	জন্য	হবে	3
প্রব্লেম	এর	কারণে	3
টা	রুট	করবো	3
এন্ড	পোস্ট	এর	3
একটা	মনের	মতো	3
আর	এই	পোস্ট	3
ইউসার	ভাই	হেল্প	3
ব্রো	আমার	এফবি	3
আপনাকে	ফ্রেন্ড	রিকোয়েস্ট	3
ভাই	আপনার	মতো	3
আশা	করি	বুঝতে	3
মাথা	ঠিক	আছে	3
চাই	হেল্প	করবেন	3
আর	এটা	যদি	3
মতামত	এর	জন্য	3
এ	যায়	না	3
ভাই	আর্নিং	পোস্ট	3
এপ	টার	লিংক	3
থেকে	কাজ	করে	3
ইউসি	মিনি	দিয়েই	3
মিয়া	এইটা	কি	3
এ	ঢুকার	পর	3
অবশ্যই	হবে	আপনার	3
করার	পর	ফোন	3
কেমনে	স্টপ	করা	3
ফোন	এর	নাম	3
করা	যায়	নাকি	3
বন্ধ	সিমের	অফার	3
আমি	৪	বার	3
বিষয়	টা	বুঝলাম	3
ভিসিট	করি	বাট	3
মাস্টার	কার্ড	নাই	3
লিংক	টা	দিয়েন	3
জন্য	ভালো	হবে	3
ব্রো	আপনার	জন্য	3
চলে	না	ওয়েব	3
এড্রেস	দিলে	হবে	3
যাওয়া	লাগে	না	3
এমবি	না	থাকার	3
ডাউনলোড	করতে	পারলাম	3
এফবি	এমবি	কিভাবে	3
আরে	ভাই	এটা	3
থিম	ইনস্টল	দেওয়ার	3
সময়	অপেরা	দিয়ে	3
১টা	দিলেই	হবে	3
করেন	বুঝতে	পারবেন	3
আমার	প্লেস্টোর	এ	3
ফোনের	মডেল	কত	3
ওকে	ব্রো	থ্যাংক্স	3
এটা	আমার	কাছে	3
কি	কাজ	করতে	3
সব	ট্রাই	করসি	3
না	প্লিজ	একটা	3
প্লিজ	একটা	বাংলা	3
একটা	বাংলা	পোস্ট	3
প্লিজ	আরে	পিসি	3
আরে	পিসি	দিয়ে	3
ব্রো	আপনার	সাথে	3
ভাই	প্লিজ	অথর	3
আর্ন	করতে	হয়	3
এ	ট্রিকবিডি	তে	3
ট্রিকবিডি	তে	আছে	3
না	এমবি	থাকা	3
থাকা	লাগবে	না	3
থাকলে	কেউ	জানাবেন	3
করছে	না	নিউ	3
পারি	না	কেনো	3
হলে	ভালো	হত	3
ট্রিকবিডি	তে	না	3
অভ্র	ইউস	করি	3
থ্যাংক	ব্রো	ফর	3
ডিপোজিট	না	করে	3
ফন্ট	ইউস	করে	3
বাট	মনে	হয়	3
ভাই	আপনি	পারেন	3
নেভি	নিয়ে	পোস্ট	3
করার	জন্য	রিকোয়েস্ট	3
জন্য	রিকোয়েস্ট	রইলো	3
সিম	দিয়ে	নেট	3
আপনার	থিম	টা	3
আমিও	৪	টা	3
৪	টা	একাউন্ট	3
এখন	রেফার	বোনাস	3
আমি	হেল্প	করবো	3
আইডি	নাম	কি	3
কিছু	ডাউনলোড	করা	3
কি	অফ	করে	3
বাইরে	থেকেও	আসবে	3
গুলো	রিভিউ	করেন	3
সম্পূর্ণ	কপি	পেস্ট	3
এত	দিন	পরে	3
দিন	পরে	একটা	3
এখন	একাউন্ট	করলে	3
শেষ	হলে	আরেকটা	3
আর	আপনার	ট্রিক	3
কথা	বলসেন	নাকি	3
ডাটা	অন	রেখে	3
ইন	করতে	হবে	3
প্লিজ	ভিসিট	মাই	3
কিভাবে	চালু	করবো	3
তাইলে	ট্রিকবিডি	তে	3
ট্রিকবিডি	তে	আসবোনা	3
না	ভাইয়া	এইটা	3
ফ্রেন্ড	এর	সাথে	3
পেন্ডিং	এ	আছি	3
১টা	এফবি	আইডি	3
আর	হলো	না	3
কয়েক	বার	ট্রাই	3
থেকে	কপি	করুন	3
একটা	কথা	ভাই	3
নাইস	পোস্ট	অন	3
লাগবে	সিম	এ	3
সংগ্রহ	করা	লাগবে	3
করা	লাগবে	কি	3
২০০	ক্রেডিট	দিবে	3
এপ	টা	কত	3
টা	কত	এমবি	3
কত	এমবি	ভাই	3
পোস্ট	গুলা	একটু	3
প্লে	স্টোরে	পাওয়া	3
স্টোরে	পাওয়া	যাবে	3
কিছু	পোস্ট	করুন	3
হয়ে	যায়	হেল্প	3
পোস্ট	টি	আপনি	3
তার	ফোন	এ	3
পোস্ট	করতে	মানা	3
করতে	মানা	করি	3
যা	সত্যি	তাই	3
ওয়াও	ব্রো	নাইস	3
আমি	আমার	আগের	3
প্লেস্টোর	থেকে	করেন	3
পোস্ট	দেন	কেনো	3
পোস্ট	টা	করসিলাম	3
ইউস	করতে	পারবে	3
আইডি	তে	নিউ	3
আর	প্লাগইন	ইনস্টল	3
ভাবে	করবো	প্লিজ	3
তো	১	টাকায়	3
করা	কি	পসিবল	3
কোনো	কাজের	না	3
ওকে	ব্রো	আমি	3
আপনি	কি	এফবি	3
পোস্ট	করা	ঠিক	3
করা	ঠিক	হয়	3
তো	এয়ারটেল	এ	3
এ	হত	না	3
কোনো	মানে	আছে	3
পোস্ট	টা	করে	3
এটা	থেকে	কি	3
এর	মধ্যে	অটো	3
এনএইচ	লাইট	রুট	3
এর	কি	দেখলেন	3
আছে	যার	জন্য	3
কমেন্ট	এ	জানাবেন	3
করা	যায়	ভালো	3
আপনি	কি	মনে	3
মানুষ	কে	হয়রানি	3
কে	হয়রানি	করবেন	3
সমাধান	ও	আছে	3
ও	আছে	ট্রিকবিডি	3
পোস্ট	করে	লিংক	3
পেমেন্ট	পাইসেন	কেউ	3
১০০০০	হাত	দূরে	3
দেখতে	দেখতে	বিরক্ত	3
টেক্সট	নাও	এ	3
এ	কোড	আসেনা	3
প্যাক	কিনতে	হবে	3
ট্রাই	করতে	পারি	3
পোস্ট	নেক্সট	পোস্ট	3
ফোন	এ	ড্রইড	3
হচ্ছে	না	ফুল	3
না	ফুল	দেখায়	3
ভাই	১	জিবি	3
খুব	ভালো	হবে	3
এ	ডাউনলোড	করতে	3
খুব	দরকার	তাই	3
সাথে	কন্টাক্ট	করো	3
আমি	টাকা	পাইসি	3
এ	এফবি	আইডি	3
টাকা	থাকে	না	3
করা	যায়	আপনি	3
পোস্ট	করে	দিবেন	3
এই	ওয়েবসাইট	এ	3
এ	এমন	কোনো	3
পোস্ট	এ	রিপোর্ট	3
এ	রিপোর্ট	দিতে	3
দেখি	নাই	আপনি	3
থ্যংক্স	ফর	শেয়ার	3
বিডি	তে	পোস্ট	3
এই	এপ	এ	3
হবে	আমি	তো	3
করেন	এটা	কি	3
ফেইসবুক	একাউন্ট	ডিসএবল	3
করি	আমার	কিছু	3
আছে	আপনার	এফবি	3
আপনার	ফ্রেন্ড	এর	3
করে	সার্চ	দিয়ে	3
ট্রায়াল	নেওয়া	যাবে	3
ড্রোইড	ভিপিএন	এ	3
পোস্ট	করতেন	ভাই	3
এগুলা	অনেক	আগে	3
ভালো	কিছু	করতে	3
এর	জন্য	এতো	3
করার	কোনো	ট্রিক	3
লিংক	দিলেন	না	3
লিংক	আপডেট	করসি	3
করসি	এই	পোস্ট	3
ডাউনলোড	করার	মতো	3
হবার	পর	কি	3
পর	কি	ভাবে	3
ভাই	পোস্ট	ভালো	3
কি	পোস্ট	দিছেন	3
এর	লিংক	কাজ	3
আইএমইআই	চেঞ্জ	করে	3
ওয়াইফাই	ও	হ্যাক	3
হয়	না	দেখেন	3
দেখেন	ট্রাই	করে	3
কনফিগ	দেন	ভাই	3
পোস্ট	করসেন	ভাই	3
রুট	দিয়ে	ট্রাই	3
হয়	না	অফ	3
হবে	আশা	করি	3
পোস্ট	করতে	পারো	3
টা	আনইনস্টল	করে	3
আমি	এই	অফার	3
এই	অফার	এ	3
নিউ	টিপস	পোস্ট	3
কষ্ট	করে	শেয়ার	3
করে	শেয়ার	করার	3
শুধু	শুধু	টাইম	3
এ	ইনস্টল	করলাম	3
ইনস্টল	করলাম	এখন	3
দিসি	লিংক	এ	3
লাগে	না	শুধু	3
থ্যাংকস	উইথ	ট্রিকবিডি	3
কত	ভাই	আমি	3
আমি	তো	পাইলাম	3
আবার	নতুন	কি	3
পোস্ট	আগে	করা	3
গুছিয়ে	লিখার	জন্য	3
এয়ারটেল	এ	চলে	3
চালাতে	পারে	না	3
বাট	২৪	আওয়ার	3
করার	নিয়ম	টা	3
থেকে	টাকা	পাঠাতে	3
নিউ	পোস্ট	দেন	3
লিংক	এ	ঢুকতে	3
এটা	মোবাইল	দিয়ে	3
করার	চেষ্টা	করো	3
এ	রকম	পোস্ট	3
ও	পোস্ট	করে	3
নিয়ে	কাজ	করা	3
টা	কপি	কইরা	3
নিয়েও	পোস্ট	করা	3
এর	এপস	গুলো	3
বানান	প্লিজ	ব্রো	3
এ	যোগাযোগ	করেন	3
এর	জন্য	কাস্টম	3
আচ্ছা	ভাই	আপনি	3
আপনার	পোস্ট	দেখার	3
ইনস্টল	দিয়ে	আনরুট	3
এফবি	তে	আমি	3
আপনার	লেখা	গুলো	3
আপনাদের	কে	কে	3
কাজ	করছি	আর	3
জিপি	এর	একটা	3
এর	একটা	দেন	3
একটা	দেন	প্লিজ	3
অন্য	কোনো	মোবাইল	3
তো	ফোন	এই	3
ফোন	এই	আছে	3
স্টক	রোম	ব্যাকআপ	3
টি	ভালো	না	3
কাজ	করবে	এইটা	3
আমি	চাই	একটা	3
থ্যাংক্স	অল	ব্রো	3
হয়েছে	সেগুলো	কি	3
রেফার	লিংক	নাই	3
আপনার	মনে	হয়	3
এই	পোস্ট	করসে	3
ক্রেডিট	দেয়া	উচিত	3
করবেন	না	আর	3
পিসি	দিয়ে	করে	3
রুট	এপস	দিয়ে	3
ট্রিকবিডি	তে	ওটা	3
সাইট	এর	ভিডিও	3
এর	জন্য	কোড	3
করলে	কি	দিবে	3
অফ	হয়	নাই	3
হওয়ার	তো	কথা	3
ই	না	আর	3
কিছু	টাকা	খরচ	3
লোগো	বানিয়ে	দিন	3
একটু	প্রব্লেম	হয়	3
এর	আমার	পোস্ট	3
না	প্লে	স্টোর	3
স্কিটো	সিম	কি	3
এ	আপলোড	এ	3
পোস্ট	এরকম	পোস্ট	3
টা	ভালো	ভাবে	3
এই	এমবি	টা	3
এমবি	টা	কি	3
না	টাকা	দিয়ে	3
টিউনার	করা	হোক	3
আর	কিছু	পোস্ট	3
করে	না	ট্রিকবিডি	3
এমনি	একটা	জিমেইল	3
একটা	জিমেইল	দিয়ে	3
দিয়ে	ডাউনলোড	করা	3
ভালোই	কাজ	করে	3
না	প্লিজ	বলেন	3
১৮	টা	পোস্ট	3
ওইগুলা	কাজ	করে	3
করে	না	এইটা	3
না	এইটা	অনেক	3
ডাউনলোড	করে	ইউস	3
তার	জন্য	আলাদা	3
লগইন	করতে	হয়	3
বিডিটুইস্ট	কম	এ	3
কম	এ	এখন	3
ভিউ	এ	১০০টাকা	3
এ	১০০টাকা	আপনিও	3
১০০টাকা	আপনিও	এখন	3
আপনিও	এখন	থেকে	3
এখন	থেকে	ইনকাম	3
থেকে	ইনকাম	শুরু	3
ইনকাম	শুরু	করে	3
শুরু	করে	দিন	3
করে	দিন	বিডিটুইস্ট	3
দিন	বিডিটুইস্ট	এ	3
এ	সাইন	আপ	3
পর	ও	কি	3
করেন	যদি	না	3
কবে	দিবেন	ভাই	3
করতে	হয়	তারপর	3
পোস্ট	করার	সাথে	3
হবে	পোস্ট	এ	3
পিসি	এর	সাথে	3
এর	সাথে	কি	3
নাই	এখন	যদি	3
নেই	তাহলে	কি	3
বাট	স্পিড	নাই	3
অন্য	একটা	সাইট	3
ভাই	আমার	এফবি	3
দিসি	এখন	কি	3
এ	মেয়াদ	বাড়ানোর	3
আর	ভাই	আপনার	3
আপনার	ফোনের	ভার্সন	3
করতে	পারতাসি	না	3
হাইড	অপশন	আছে	3
পোস্ট	টা	খুব	3
ফোন	নাম্বার	কিভাবে	3
ঠিক	করেন	ডাউনলোড	3
ফর	টেলিং	মি	3
এটার	মানে	কি	3
কানেক্টেড	করতে	পারলাম	3
কি	দরকার	ভাই	3
এর	কথা	বলেছি	3
ভাষা	ঠিক	করুন	3
চ্যানেল	লিংক	টা	3
আমার	পক্ষ	থেকে	3
ভাই	অনেক	উপকৃত	3
ব্রো	প্লিজ	জয়েন	3
আইডি	সাবমিট	করতে	3
এটা	আগে	কাজ	3
ফাজলামি	করেন	মিয়া	3
কিছুই	হইলো	না	3
ডাউনলোডার	স্ক্রিপ্ট	টা	3
দিন	হলো	বাট	3
আর	কোনো	ভালো	3
এক	বার	হলেও	3
ডিলিট	হয়ে	গেসে	3
আবার	ট্রাই	করো	3
টা	ভালো	ভাবেই	3
আমি	তো	একটা	3
ফর	দা	পোস্ট	3
হয়	এমন	পোস্ট	3
জানি	বাট	নাইস	3
হবে	এই	বিষয়ে	3
কষ্ট	কইরা	পোস্ট	3
দেখলাম	শুধু	দারাজ	3
শুধু	দারাজ	এ	3
ভাই	আপনার	কাসে	3
ললিপপ	এর	জন্য	3
আছে	ভাই	প্লিজ	3
সাথে	কোনো	মিল	3
কোনো	মিল	নাই	3
কমেন্ট	এ	স্ক্রিনশট	3
পোস্ট	দিন	দিন	3
এর	কাছ	থেকে	3
ভাইয়া	আপনি	গুগল	3
গুগল	থেকে	বা	3
থেকে	বা	নিজে	3
বা	নিজে	বানিয়ে	3
নিজে	বানিয়ে	নিতে	3
বানিয়ে	নিতে	পারেন	3
আমি	না	জেনে	3
তো	জেনে	ও	3
হতে	পারেন	নাই	3
আমি	শেয়ার	ইট	3
আমি	যদি	কারো	3
প্লিজ	অনেক	আগে	3
অনেক	আগে	একটা	3
একটা	পোস্ট	ছিল	3
ছিল	ট্রিকবিডি	তে	3
জানা	থাকলে	একটু	3
টা	কাজ	করেনা	3
কাজ	করেনা	একটু	3
সবাই	আমাকে	হেল্প	3
আমাকে	হেল্প	করুন	3
একাউন্ট	খুলতে	পারি	3
এ	ফোন	নাম্বার	3
চলে	না	আইপি	3
একটিভ	হচ্ছে	না	3
সল্যুশন	থাকলে	দেন	3
একটিভ	হয়	না	3
প্লিজ	হেল্প	আর	3
এর	থেকেও	খারাপ	3
হয়ে	যাবে	তারপর	3
আমারও	একই	কথা	3
ডায়াল	করতে	হবে	3
পোস্ট	টি	আমি	3
১৫	দিন	পর	3
১০	বছর	আগে	3
তার	একটা	পোস্ট	3
আপনার	করে	না	3
নাও	করতে	পারে	3
চেঞ্জ	করে	ট্রাই	3
বাট	তাই	বলে	3
থিম	টা	দেয়া	3
১০০	টাকা	রিচার্জ	3
প্রব্লেম	এ	আছি	3
কিভাবে	বিকাশ	একাউন্ট	3
থেকে	ডাউনলোড	হয়না	3
এ	বুঝেন	না	3
না	ঠিক	মতো	3
পেমেন্ট	দেই	না	3
হাজার	হাজার	ফোন	3
ফোন	মেমরি	খালি	3
ভালো	পোস্ট	এর	3
দিয়ে	ভালো	পোস্ট	3
বার	বার	করতে	3
বার	করতে	হবে	3
দিয়া	রুট	হবে	3
আমি	রুট	করছি	3
ট্রিকবিডি	এগিয়ে	যাক	3
এগুলা	পোস্ট	ও	3
পোস্ট	ও	আবার	3
ও	আবার	দিতে	3
আবার	দিতে	হয়	3
নাই	প্লিজ	ভাই	3
ড্রাইভ	লিংক	টা	3
নরমাল	সার্ভার	এ	3
দিসি	এফবি	তে	3
কিভাবে	হেল্প	করতে	3
তো	একটু	হেল্প	3
এটা	কোনো	সমস্যা	3
১০	দিন	আগে	3
আগে	করসিলাম	বাট	3
টা	কি	কাজ	3
জিপি	সিম	এর	3
কি	কানেক্ট	হয়	3
কানেক্ট	হয়	প্লিজ	3
ভালো	হত	আর	3
পারলে	একটা	ভিডিও	3
অল	দা	বেস্ট	3
আবার	প্রথমে	চলে	3
১০০	এমবি	দিয়া	3
শেষ	হইয়া	যাবে	3
নাইস	আমি	পাইসি	3
আপনি	ট্রাই	করসেন	3
এক	কাজ	করুন	3
ওই	আইডি	তে	3
লগ	ইন	করে	3
আপনার	ফ্রেন্ডস	দের	3
মিলে	যাবে	আর	3
যাবে	আর	কি	3
পোস্ট	টার	লিংক	3
টার	লিংক	দিবেন	3
মোবাইল	এ	ডাটা	3
বন্ধ	করার	কোনো	3
বাড়ানো	যাবে	প্লিজ	3
দিছেন	ডাউনলোড	করতে	3
ওল্ড	পোস্ট	আর	3
করা	হয়েসে	সেটা	3
পোস্ট	এ	স্ক্রিনশট	3
ভাই	আপনাদের	মতো	3
আমি	একাউন্ট	করেছি	3
একাউন্ট	করেছি	বিটিসি	3
করেছি	বিটিসি	২৫০০০	3
চলে	না	সব	3
জানি	তারপর	ও	3
এসএমএস	দেন	টেলিগ্রাম	3
দেন	টেলিগ্রাম	এ	3
ইনস্টল	করলে	প্রব্লেম	3
দিবেন	না	আপনি	3
মনে	করেন	আপনার	3
সো	বি	কেয়ারফুল	3
আমি	নিজে	মেক	3
নিজে	মেক	করছি	3
পোস্ট	টি	দেখুন	3
পেমেন্ট	নেয়া	যাবে	3
কিভাবে	আনলক	করবো	3
ব্রো	নাইস	পোস্ট	3
কেমনে	একটু	বলবেন	3
পোস্ট	এ	ডিটেলস	3
গুগল	গিফট	কার্ড	3
থিম	টা	অনেক	3
ভিডিও	দিয়ে	পোস্ট	3
ডাউনলোড	করেছি	বাট	3
ভাইয়া	আমি	একটা	3
একটা	পোস্ট	করেসি	3
নাই	ট্রিকবিডি	ছাড়া	3
ব্রো	২০১৭	সাল	3
সুন্দর	ভাবে	উপস্থাপন	3
করে	দেখতে	পারে	3
ডাউনলোড	করবো	কেমনে	3
এডিট	করে	আমার	3
করে	আমার	অ্যাড	3
আমার	অ্যাড	ইউনিট	3
অ্যাড	ইউনিট	কিভাবে	3
যদি	বলতেন	আপনার	3
বলতেন	আপনার	চ্যানেল	3
খুঁজে	এমন	ভিডিও	3
এমন	ভিডিও	পাই	3
ভিডিও	পাই	নাই	3
ব্রো	টাইটেল	এ	3
অনেক	কিসু	শিখলাম	3
কোড	পেস্ট	করলে	3
অ্যাড	হয়	না	3
কিভাবে	ডলার	ইনকাম	3
খেললে	কি	ডিভাইস	3
কি	ডিভাইস	ব্যান	3
রুট	করার	একটা	3
ঠিক	বলতে	পারছি	3
জন্য	কিছু	দিন	3
গ্রুপ	এ	আসেন	3
এ	আসেন	সব	3
কমেন্ট	বার	বার	3
আছে	আমি	গুগল	3
করে	এফবি	তে	3
এর	জন্য	মিনিমাম	3
যে	সিম	এ	3
আমি	আর	কখনো	3
পারেন	থ্যাংক	ইউ	3
এ	সার্চ	দিন	3
পোস্ট	লিংক	প্লিজ	3
যারা	নগদ	নিউ	3
নগদ	নিউ	একাউন্ট	3
নিউ	একাউন্ট	খুলে	3
একাউন্ট	খুলে	২৫	3
খুলে	২৫	টাকার	3
২৫	টাকার	সাথে	3
টাকার	সাথে	আরো	3
সাথে	আরো	২০	3
আরো	২০	টাকা	3
২০	টাকা	টোটাল	3
তারা	প্লিজ	কন্টাক্ট	3
প্লিজ	কন্টাক্ট	মি	3
কন্টাক্ট	মি	এফবি	3
একটু	বুঝিয়ে	বলতেন	3
ফর্ম	সাবমিট	করার	3
কত	ক্ষণ	পর	3
কমেন্ট	করলে	কমেন্ট	3
ফর	মডারেশন	দেখায়	3
রিয়েল	আইডি	তে	3
আইডি	তে	তো	3
বাজে	কমেন্ট	করস	3
অনেকদিন	পর	একটা	3
প্রুফ	ছাড়া	পোস্ট	3
দেখে	নিন	ব্রো	3
কাজ	এ	আসবে	3
গুলা	জিপ	ফাইল	3
করে	পোস্ট	করি	3
যদিও	জানতাম	বাট	3
নিউ	দের	জন্য	3
আপনাদের	জন্য	ওয়েবটানেল	3
জন্য	কোন	এপ	3
অনেক	পোস্ট	করা	3
হলেই	তো	হয়ে	3
মজা	লাগে	না	3
লাগে	না	কি	3
কি	এটা	করা	3
আর	কাজ	করতেসে	3
করতে	পারতেসি	বাট	3
মেসেজ	দিসি	একসেপ্ট	3
আমার	কয়েনবেস	একাউন্ট	3
কয়েনবেস	একাউন্ট	আছে	3
এটা	লিখা	আসে	3
টা	আমি	আগে	3
বিডি	হয়ে	যাচ্ছে	3
পোস্ট	কি	ভাবে	3
না	হয়	পোস্ট	3
চেষ্টা	করবো	ইনশাল্লাহ	3
দিয়ে	নিউ	নিউ	3
এপ	প্লে	স্টোর	3
কমেন্ট	করেন	কেনো	3
এটা	ঠিক	করার	3
রিসেট	দিতে	হয়	3
নেট	এর	ট্রিকস	3
আপনার	রেফার	দিয়ে	3
আর	ভালো	করে	3
ভালো	করে	দেখলেই	3
পোস্ট	এফবি	তে	3
করার	সিস্টেম	নাই	3
ব্রো	পোস্ট	ডিলিট	3
ডিলিট	করে	কিভাবে	3
ক্র্যাক	ভার্সন	টা	3
এমন	কোনো	এপস	3
কানেক্টেড	থাকতে	হবে	3
ভাই	কাল	সকালে	3
পেপাল	একাউন্ট	আছে	3
এ	সার্চ	করতে	3
এর	পোস্ট	করবেন	3
করে	কিভাবে	প্লিজ	3
একসেপ্ট	করেন	প্লিজ	3
হতে	কি	কি	3
কি	করা	লাগবে	3
থেকে	৫	মিনিট	3
করি	না	তাই	3
তাই	জানি	না	3
এর	ভিডিও	গুলা	3
বাট	একটা	ও	3
হয়	নাই	এই	3
প্লিজ	হেল্প	আমাকে	3
করে	পোস্ট	করা	3
করা	বন্ধ	করুন	3
এ	২০	টাকা	3
জিপি	এফবি	প্যাক	3
এফবি	প্যাক	কিনে	3
১	টা	লেনদেন	3
কোনো	ব্রাউসার	দিয়ে	3
কি	কল	করা	3
ভাইয়া	পোস্ট	টা	3
কেমন	আছেন	অনেক	3
আছেন	অনেক	দিন	3
হা	খুব	ভালো	3
গ্রাফিক্স	কার্ড	টা	3
জানালে	উপকৃত	হতাম	3
মোবাইল	ডাটা	দিয়ে	3
কি	প্রব্লেম	ভাই	3
সেল	করলে	ইনবক্স	3
আমার	হচ্ছে	না	3
কি	সুবিধা	পাবো	3
আমার	কাছে	এর	3
করসি	রুট	করতে	3
ইউসার	আইডি	থেকে	3
এডসেন্স	এপ্প্রুভ	হবে	3
আগে	চেক	করে	3
লিমিট	শেষ	হইলে	3
আমার	১৫	টা	3
১৫	টা	একাউন্ট	3
ভাই	একটা	ওয়েবসাইট	3
এ	কিছু	সার্চ	3
কি	করে	করবো	3
করে	করবো	প্লিজ	3
পোস্ট	করেন	আর	3
কি	করে	ইনস্টল	3
আপনার	জন্য	আমি	3
কিভাবে	প্লিজ	একটা	3
পোস্ট	দিন	প্লিজ	3
কাস্টম	রিকভারি	দরকার	3
করি	নাই	জাস্ট	3
হয়	নাই	আর	3
এর	বাইরে	থাকে	3
পোস্টের	অপেক্ষায়	আছি	3
নিউ	নাম্বার	অ্যাড	3
কোনটা	এটা	কি	3
এটা	কি	করে	3
সব	ট্রাই	করেছি	3
নিয়ে	একটা	মেগা	3
করুন	প্লিজ	আপনার	3
টা	ডিলিট	হয়ে	3
তাই	দিতে	পারিনি	3
করলে	বুঝা	যাবে	3
আপনার	কন্টাক্ট	নাম্বার	3
ধন্যবাদ	ভাই	আপনার	3
এর	মতো	ওয়েবসাইট	3
যায়	তাহলে	একটু	3
ব্রো	তোমার	ফোন	3
এক	জিমেইল	দিয়ে	3
এর	চ্যানেল	এ	3
চ্যানেল	এ	সাবস্ক্রাইব	3
বাসা	কই	প্লিজ	3
দরকার	আছে	ভাই	3
অন্য	ভিপিএন	ট্রাই	3
কি	আর	স্ক্রিনশট	3
এফবি	তে	এখন	3
ব্রো	প্লিজ	এড	3
দেখেন	যে	রিপোর্ট	3
যে	রিপোর্ট	টু	3
রিপোর্ট	টু	ডেভেলপার	3
লিংক	আপডেট	করে	3
কষ্ট	পাইলাম	ভাই	3
নিতে	পারবো	না	3
করতে	হবে	এর	3
এর	জায়গায়	আপনার	3
এটা	মনে	হয়	3
কিভাবে	প্লিজ	ব্রো	3
তবে	আমার	একটা	3
দেন	আমার	একটা	3
দরকার	প্লিজ	হেল্প	3
আচ্ছা	ভাই	আপনার	3
সাইট	আছে	এন্ড	3
সেটিং	ঠিক	মতো	3
হচ্ছে	না	শুধু	3
বিডিতে	অনেক	আগে	3
দিয়ে	চেক	করেন	3
ফালতু	পোস্ট	আমি	3
টাকা	২০	এমবি	3
করা	হয়	তাই	3
তো	অনেক	পোস্ট	3
গুগলে	সার্চ	করেন	3
রিকভারি	দিয়ে	কি	3
হবে	রুট	না	3
ইউজ	করেন	না	3
ভেরি	ওল্ড	পোস্ট	3
আবার	পরের	দিন	3
পরের	দিন	সকালে	3
রিভিউ	করেন	নাই	3
এসএমএস	আসে	নাই	3
কোড	ডায়াল	করলাম	3
নাইস	খুব	ভালো	3
জানা	নাই	যদি	3
না	থাকে	তবে	3
পোস্ট	করছি	অনেক	3
দরকার	না	হলে	3
জাস্ট	একটা	সাইট	3
ভাই	কেমনে	কি	3
মেনি	থ্যাংকস	অনেক	3
হয়ে	গেছে	বাট	3
ইউজার	ভাই	একটা	3
ব্রো	কাজ	হয়েছে	3
ভাই	ক্রেডিট	তো	3
এখন	এফবি	থেকে	3
ডাটা	করে	আবার	3
কানেকশন	অন	করে	3
ভিডিও	লিংক	দেন	3
হয়ে	গেছে	কালকে	3
কোন	কাজ	হয়	3
এই	মেথড	ট্রাই	3
কোন	ধরনের	পোস্ট	3
নিজের	মতো	করে	3
মতো	করে	না	3
ইউজ	করেন	নাই	3
অ্যাপ	ইউজ	করার	3
আমার	পোস্ট	আছে	3
ভাইয়া	এই	অ্যাপস	3
কিভাবে	সেটা	বলেন	3
রিচার্জ	করে	নিবেন	3
ট্রেইনার	রিকুয়েস্ট	দেন	3
জিপি	ফ্রি	নেটের	3
ভিডিও	দেখার	জন্য	3
সেইম	পোস্ট	আছে	3
করার	কোন	সিস্টেম	3
সিস্টেম	আছে	নাকি	3
আছে	ভাই	আপনার	3
বেশি	সময়	ধরে	3
অনেক	আগের	কথা	3
আবার	চালু	করেন	3
তো	দেখি	পুরাই	3
আমার	ভিডিও	দেখো	3
দেখতে	পারতেছি	না	3
কি	ফোন	স্লো	3
ফোন	স্লো	হয়ে	3
ব্রো	ঈদ	মোবারক	3
কমেন্ট	গুলো	দেখলে	3
গরম	হয়ে	যায়	3
জন্যই	পোস্ট	করতে	3
পোস্ট	করতে	মন	3
কি	এখন	সেম	3
এখনো	পেলাম	না	3
নাইস	পোস্ট	কাজে	3
আমার	লেনোভো	এ৩১৯	3
আমার	বাসার	ওয়াইফাই	3
বাসার	ওয়াইফাই	স্পিড	3
থেকে	কোন	মুভি	3
কোন	মুভি	ডাউনলোড	3
বন্ধ	সিম	অফার	3
পেয়ে	যাবেন	আশা	3
আমারও	সেইম	প্রবলেম	3
মোড	এপিকে	দিয়ে	3
আপনি	পোস্ট	করেছেন	3
একবারের	বেশি	দেয়	3
বেশি	দেয়	না	3
ভালো	করে	চেক	3
যদি	৬৫৭২	হয়	3
৬৫৭২	হয়	তাহলে	3
ডাউনলোড	করব	কি	3
এখানে	ক্লিক	করলে	3
এমবি	আসে	না	3
তে	দেখা	যাবে	3
জিবি	রেম	লাগবে	3
আপনাকে	এফবিতে	মেসেজ	3
ইউজার	ভাই	জিপি	3
করা	যাবে	বাট	3
সব	ফোন	সাপোর্ট	3
হুম	হবে	ব্রো	3
ডাউনলোড	করছে	তারা	3
ইমোজি	ইউজ	করবেন	3
কোড	টা	একটু	3
হবে	আর	ভাই	3
আসবে	প্লিজ	প্লিজ	3
ফোনের	নাম	কি	3
ভাই	কোন	সিমে	3
দিলেন	কিছুই	বুঝলাম	3
অ্যাপস	দিয়ে	যদি	3
সাপোর্ট	টিম	আমার	3
আমার	পোস্টগুলো	একটু	3
সেভ	করার	অপশন	3
বাট	আগা	থেকেই	3
আগা	থেকেই	জানি	3
কি	আপনার	কাছে	3
হয়	না	জাস্ট	3
কি	কি	ইউজ	3
আই	মিন	এমবি	3
এমবি	ছাড়া	ডাউনলোড	3
ছাড়া	ডাউনলোড	হবে	3
অ্যাপস	আছে	থাকলে	3
আছে	থাকলে	বলেন	3
পোস্ট	করস	কেন	3
এয়ারটেল	টু	এয়ারটেল	3
এমবি	দেয়	না	3
বাংলা	সাপোর্ট	না	3
সাপোর্ট	না	করলে	3
পেমেন্ট	নেওয়া	যাবে	3
এটা	নিয়ে	কিছু	3
আইপি	দিয়ে	খুলে	3
নিয়ে	আমি	পোস্ট	3
ভাই	একটা	রবি	3
একটা	রবি	নাম্বার	3
শেয়ার	করবেন	না	3
সত্যি	কাজ	করে	3
লাগবে	হেল্প	মি	3
লেখা	আসে	তাই	3
সাথে	কথা	বলতাম	3
কথা	বলতাম	আপনার	3
বিকাশ	অ্যাপ	লিংক	3
স্ক্রিন	রেকর্ড	করার	3
রেকর্ড	করার	জন্য	3
অ্যাপ	ইউজ	করেছেন	3
এটা	জাস্ট	একটা	3
টাইটেল	ঠিক	করে	3
লিংক	দিলে	আপনার	3
তো	ইন্সটল	হয়	3
জন্য	আপনাকে	অসংখ্য	3
ট্রাই	করুন	হবে	3
আপডেট	করে	দিছি	3
কি	ভেরিফাই	করা	3
বের	করতে	পারো	3
ভাই	এমন	কোন	3
ইউ	ফর	শেয়ারিং	3
এ	যোগ	হবে	3
জানো	জানলে	প্লিজ	3
জানলে	প্লিজ	রিপ্লাই	3
রিকোয়েস্ট	দিছি	বাট	3
ট্রিক	শেয়ার	করলে	3
করলেই	তো	হয়ে	3
বানান	আমি	পোস্ট	3
পোস্ট	করলে	সেটা	3
করলে	সেটা	পেন্ডিং	3
না	তো	আপনি	3
কাউকে	ফলো	করতে	3
আমাকে	ফলো	করেন	3
করতে	হবে	আপনার	3
সবাই	রিপোর্ট	করেন	3
পোস্ট	আমি	করছি	3
থাকলে	করতে	পারবেন	3
রিকভারি	টা	লাগবে	3
ইউজ	করি	তাই	3
শুরু	করতে	পারেন	3
বাট	এরকম	পোস্ট	3
পোস্ট	দিলে	কি	3
ছাড়া	আর	কিছুই	3
আপনি	বুঝতে	পারেননি	3
কি	নিয়ে	পোস্ট	3
নিয়ে	পোস্ট	করছে	3
মানেই	হয়	না	3
হয়	শুধু	মাত্র	3
মোবাইলে	কাজ	করে	3
আপনি	মোবাইল	দিয়ে	3
শুধু	তারাই	পাবে	3
এই	পোস্ট	অনেক	3
হেল্প	মি	ইউজার	3
না	বুঝলে	জানান	3
থ্যাংকস	ভাই	আপনাকে	3
বিভ্রান্ত	করবেন	না	3
করবেন	না	আপনি	3
দিয়ে	কাজ	হচ্ছে	3
করার	ওয়ে	দেন	3
এগুলা	সবাই	জানে	3
অনেক	আনন্দিত	হচ্ছিলাম	3
সেই	লেভেলের	পোস্ট	3
পোস্ট	দিতে	পারবেন	3
ইউজার	ভাই	এখন	3
নাই	তাই	এখন	3
কি	পোস্ট	করা	3
যায়	না	যদি	3
কত	টাইম	লাগে	3
আমার	ওয়াইফাই	লাইন	3
লিখতে	গেলে	আমার	3
থাকতে	হবে	আর	3
হলে	মেসেজ	করবে	3
ভাইয়া	প্লিজ	আপনার	3
থেকে	রেগুলার	পোস্ট	3
রেগুলার	পোস্ট	চাই	3
একটা	বিষয়	জানতে	3
টপিক	নিয়ে	পোস্ট	3
স্ক্রিনশট	দিয়ে	পোস্ট	3
দিয়ে	ইউজ	করছি	3
ফোন	লগইন	করতে	3
নাম্বার	হাইড	করে	3
কিভাবে	ইন্সটল	করব	3
আমার	কাছে	এই	3
দেয়া	ঠিক	না	3
না	আপনি	গুগল	3
আপনি	গুগল	সার্চ	3
থেকে	ভিপিএন	কানেক্ট	3
একটা	পেপাল	একাউন্ট	3
এর	আগে	একাউন্ট	3
দিয়ে	ভেরিফাই	ও	3
ভাই	আসলে	আমি	3
নাকি	যে	কোন	3
যে	কোন	একটা	3
না	দিলে	কি	3
আর	ডিরেক্ট	লিংক	3
দেখা	যায়	আর	3
লাভস্পট	এমএল	এর	3
পাসওয়ার্ড	থাকলে	প্লিজ	3
প্লিজ	দেন	আমার	3
অনেকদিন	পর	ট্রিকবিডিতে	3
কিছু	অফার	করছে	3
ব্যবহার	করে	তাদের	3
জিমেইল	টা	হ্যাক	3
না	যারা	এসএমএস	3
এসএমএস	পাবে	শুধু	3
পাবে	শুধু	তারা	3
হতে	পারে	অথবা	3
ঢুকা	যায়	না	3
না	প্লে	স্টোরে	3
ঘুরে	আসতে	পারেন	3
আগের	ইউজার	ভাই	3
বাট	এখন	তো	3
তাই	নাকি	ভাই	3
হয়ে	যায়	তাই	3
কিভাবে	ডাউনলোড	করব	3
করে	দেখে	তারপর	3
প্রেস	করার	পর	3
কারো	কাজ	করলে	3
আনলক	করার	কোন	3
বললাম	তো	ভাই	3
ফ্রি	নেট	না	3
আশা	করি	ব্যাপারটা	3
স্পিড	পায়	তাই	3
লাইভ	টিভি	এন্ড	3
ইনস্টল	করলাম	কিন্তু	3
করলাম	কিন্তু	কিছু	3
১	জিবি	৪৯	3
জিবি	৪৯	টাকা	3
প্লিজ	একটু	তাড়াতাড়ি	3
করে	দেখেন	আপনি	3
রম	টা	ইন্সটল	3
এর	লিংক	আছে	3
রুট	অ্যাপ	দিয়ে	3
আচ্ছা	ভাইয়া	এফবি	3
টাকা	তুলব	কিভাবে	3
ভাই	আগে	থেকেই	3
ফ্রি	নেটের	পোস্ট	3
ক্লিক	করলেই	হ্যাক	3
অনেক	ঝামেলা	হয়	3
ব্লগার	সাইটের	থিম	3
সাইটের	থিম	টা	3
ইউজ	করতে	পারলাম	3
করব	ভাইয়া	প্লিজ	3
হুম	প্লে	স্টোরে	3
ভাই	দেখি	পোস্ট	3
দেখি	পোস্ট	দিব	3
যে	কোন	সময়	3
আর	টাইটেল	দেখে	3
দেখি	এই	পোস্ট	3
হলে	প্লে	স্টোর	3
একক	ইনবক্স	করেন	3
ইনবক্স	করেন	এফবিতে	3
ইন্সটল	করার	পর	3
করেছি	এখন	আমি	3
করা	যায়	একটু	3
কিনা	কিভাবে	বুঝবো	3
দিছেন	ভালো	কথা	3
ভাই	এ	কি	3
আগে	থেকে	করি	3
লাইক	নেয়া	যাবে	3
দিয়ে	ছোট	করবো	3
ছোট	করবো	না	3
তো	লাগলো	না	3
উপর	ডিপেন্ড	করে	3
এইসব	জিনিস	কে	3
জিপি	এর	এমবি	3
স্কাই	ভিপিএন	দিয়ে	3
আগে	ফ্রি	নেট	3
ফ্রি	নেট	চলছিল	3
এখন	চলে	না	3
কিভাবে	চেঞ্জ	করব	3
আইডি	কার্ড	চাচ্ছে	3
আমি	প্রোফাইল	পিক	3
তারপরেও	হচ্ছে	না	3
আপনি	কি	ইউটিউব	3
টাকা	মেরে	দিছে	3
ভাই	সিম্ফনি	ভি৪৯	3
মাই	নিউ	ওয়েবসাইট	3
নিউ	ওয়েবসাইট	নিড	3
ওয়েবসাইট	নিড	সাপোর্ট	3
থ্যাংকস	ভাই	পাইছি	3
বাড়ানোর	ট্রিক	দেন	3
মেইল	চেক	করবেন	3
এসএমএস	এর	মাধ্যমে	3
হ্যাক	করে	পয়েন্ট	3
কি	পোস্ট	করব	3
না	ভালো	করে	3
এর	আইডি	কিভাবে	3
না	করেন	তাইলে	3
পারছিনা	প্লিজ	একটু	3
জিমেইল	রিমুভ	করতে	3
করতে	পারছিনা	ভাই	3
বেশি	করব	কিভাবে	3
পারি	না	আর	3
করা	হয়	এখানে	3
না	আর	পার্সোনাল	3
বাট	রিভিউ	হচ্ছে	3
দিয়ে	ট্রাই	করেছিলেন	3
ব্রো	আপনাকে	অনেক	3
পোর্ট	করে	কিভাবে	3
অনেক	কাজ	আছে	3
খুব	দরকার	আইডি	3
আমি	তো	১০	3
অনেক	ভালো	হইছে	3
একটা	পোস্ট	দিবেন	3
নেওয়ার	জন্য	কোন	3
ভাই	অ্যাকাউন্ট	খুলবো	3
কিভাবে	বলেন	ভাই	3
ভাই	আমি	বললাম	3
কোন	সিস্টেম	নাই	3
দের	জন্য	অনেক	3
ব্রো	ভালো	করে	3
ভালো	করে	পোস্টটি	3
ওয়েন্ট	রং	প্লিজ	3
রং	প্লিজ	ট্রাই	3
হয়	না	শুধু	3
তো	ভাই	আপনার	3
আইপি	চেঞ্জ	করতে	3
২৫	এমবি	ফ্রি	3
আমার	পোস্ট	এপ্রুভ	3
পোস্ট	এপ্রুভ	হয়	3
এপ্রুভ	হয়	না	3
আমার	তো	এনআইডি	3
করা	আছে	তবুও	3
আপ	করতে	হবে	3
করলে	নো	প্রবলেম	3
না	হলেও	হবে	3
চলে	না	কেন	3
ডাউনলোড	করব	কিভাবে	3
এখন	আবার	ডাউনলোড	3
একটু	হেল্প	নিতাম	3
শো	করবে	নাকি	3
করবে	আর	ভাই	3
আর	ভাই	এটা	3
কই	আপনার	পোস্ট	3
অ্যাড	মি	প্লিজ	3
ভাইয়া	আমার	স্যামসাং	3
আমার	স্যামসাং	জে২	3
ও	আসবে	না	3
ভিপিএন	এর	একাউন্ট	3
হবার	সম্ভাবনা	আছে	3
এটা	কি	অরিজিনাল	3
সিলেক্ট	করছি	বাট	3
করছি	বাট	অনলি	3
ফাইল	ক্রিয়েট	হয়	3
দিয়ে	ইনস্টল	করা	3
এই	সাইট	শুধু	3
প্যাচের	দিয়ে	হ্যাক	3
এফবি	লিংক	আমার	3
অ্যাড	আসে	এই	3
ব্লগার	দিয়ে	বানানো	3
হইছে	বাট	আমার	3
লিংক	টা	দিতেন	3
ব্লক	করতে	পারে	3
বন্ধ	করে	দিছে	3
পর্যন্ত	একটা	পোস্ট	3
অফ	ক্লান্স	এর	3
নেট	এর	একটা	3
করতে	চাই	যা	3
করছি	এখন	কি	3
রুট	করতে	পারব	3
ভালো	পোস্ট	করছেন	3
বড়	ভাই	আপনার	3
কোম্পানি	এর	নাম	3
বলা	যাবে	না	3
সার্চ	দেন	তারপর	3
আপনার	ফোনের	প্রবলেম	3
যার	কারণে	এড	3
কারণে	এড	বেশি	3
প্যাক	দিয়ে	নেট	3
এত	সুন্দর	পোস্টের	3
এই	ওয়েবসাইট	থেকে	3
সামনে	আরো	পোস্ট	3
আরো	পোস্ট	আসবে	3
কিভাবে	ডাউনলোড	দিব	3
অ্যাপ	দিয়ে	আর	3
ভাই	কানেক্ট	হয়	3
টা	দিবেন	কি	3
কি	বলুন	প্লিজ	3
আমাকে	অথর	করা	3
আপনাদের	মাঝে	শেয়ার	3
সুযোগ	দিন	প্লিজ	3
ভাই	প্লিজ	মেক	3
একটা	করে	পোস্ট	3
কিছু	না	ভাই	3
না	অনেক	কিছু	3
ইউজার	ভাই	কই	3
জন্য	ওয়েট	করছি	3
অফ	করব	কিভাবে	3
পোস্ট	কি	জন্য	3
কি	জন্য	করেন	3
হতে	পারে	আবার	3
তো	হতে	পারে	3
না	এনি	হেল্প	3
এটা	আমি	আগে	3
আমি	আগে	থেকে	3
ভালো	কিছু	উপহার	3
প্লিজ	হেল্প	কর	3
খুব	উপকৃত	হব	3
তাহলে	যদি	আমি	3
যদি	কিছু	মনে	3
মনে	না	করেন	3
ক্লিয়ার	করে	দেন	3
নিউ	পোস্ট	করছি	3
আজাইরা	মানুষদের	জন্য	3
হতে	কত	টাইম	3
সার্ভে	আসে	না	3
কয়দিন	পর	আবার	3
রোম	পোর্ট	করতে	3
বা	অন্য	কেউ	3
আমি	নিউ	ইউটিউব	3
এক	বছরের	বেশি	3
আইডি	লিংক	দেওয়া	3
ফালতু	পোস্ট	কাজ	3
সবাই	রিপোর্টেড	করো	3
বছর	আগের	পোস্ট	3
গেম	হ্যাক	করতে	3
দিয়ে	ট্রাই	প্লিজ	3
বিক্রি	হয়ে	গেছে	3
মূলত	একটা	ওয়াইফাই	3
একটা	ওয়াইফাই	থেকে	3
ওয়াইফাই	থেকে	আইপি	3
থেকে	আইপি	এড্রেস	3
আইপি	এড্রেস	বের	3
এড্রেস	বের	করবেন	3
অ্যাংরি	পোর্ট	দিয়ে	3
পোর্ট	দিয়ে	স্ক্যান	3
দিয়ে	স্ক্যান	করবেন	3
স্ক্যান	করবেন	যে	3
করবেন	যে	আইপি	3
যে	আইপি	গুলা	3
আইপি	গুলা	পাবেন	3
ঢুকে	পাসওয়ার্ড	বের	3
পাসওয়ার্ড	বের	করবেন	3
দিতে	চাই	বাট	3
চাই	বাট	আমার	3
সাথে	কানেক্ট	করে	3
ভিপিএন	টা	শেয়ার	3
ভিডমেট	থেকে	ডাউনলোড	3
হবে	কিন্তু	আমার	3
আমি	১১	টা	3
করা	যায়	তাই	3
করতে	পারতাছে	না	3
দেন	আমার	ফোন	3
অফ	করলে	আর	3
বানানো	একদম	ইজি	3
করছি	আশা	করি	3
ইন্সটল	করা	অ্যাপ	3
চলে	এন্ড	আমি	3
ডাউনলোড	করলেই	তো	3
থাকেন	তাহলে	আপনার	3
এর	নাম	উল্লেখ	3
সার্চ	দেয়ার	সময়	3
দেয়ার	সময়	এই	3
পোস্ট	আসে	নাই	3
আসে	নাই	তো	3
ডিলিট	করে	দিন	3
করে	দিন	না	3
হবে	সময়	লাগবে	3
টা	একটু	বলবেন	3
ইন্সটল	দেয়ার	পর	3
টিউটোরিয়াল	দেন	প্লিজ	3
করার	সময়	কোন	3
প্লিজ	জানান	প্লিজ	3
অনেকের	কাজে	লাগতে	3
করা	যেত	তাহলে	3
এই	প্রথম	কোন	3
ইনস্টল	দেয়া	যাবে	3
রবি	এর	মত	3
ধন্যবাদ	আপনার	সুন্দর	3
আপনার	সুন্দর	মন্তব্যের	3
সুন্দর	মন্তব্যের	জন্য	3
এর	আনসার	দিতে	3
এটা	লিখে	দিলে	3
এই	অফার	অনেক	3
চেক	করে	দেখলাম	3
ইউজ	করতে	পারছিনা	3
কিনলাম	টাকা	দিয়ে	3
এই	৪	এমবি	3
সাথে	সাথে	ট্রাই	3
আইডি	দিয়ে	কিছু	3
আবাল	মার্কা	পোষ্ট	3
টিউনার	বানানোর	জন্য	3
বানানোর	জন্য	একটা	3
দিবেন	একটু	কথা	3
করার	পর	আপনি	3
আগে	জানি	থ্যাংকস	3
আমার	নিজের	আইডি	3
ওয়েলকাম	ব্রো	ইউজার	3
একটা	কাস্টম	রিকভারি	3
থাকলে	কাটবে	নাকি	3
ইউজ	করেন	রুট	3
পেলে	শেয়ার	করব	3
ইউজার	ভাই	থ্যাংকস	3
অ্যাপ	হ্যাক	করার	3
কিভাবে	করা	যাবে	3
করা	যাবে	এমন	3
পাওয়া	যাবে	জানাবেন	3
বস্তি	হয়ে	গেছে	3
প্লিজ	এফবি	লিঙ্ক	3
এফবি	আইডিটা	দিবেন	3
ফ্রি	কল	করা	3
ফালতু	পোস্ট	করে	3
পোস্ট	করে	মানুষের	3
করে	মানুষের	টাইম	3
আমার	পোস্ট	কপি	3
এটা	দেখার	পর	3
ট্রিকবিডি	এর	রুল	3
যাবে	এটা	তো	3
নাই	কারণ	ট্রিকবিডি	3
এসব	থাকে	না	3
ফোন	আর	ওপেন	3
যে	কোন	ভিডিও	3
হুম	ভাই	না	3
আমার	একটা	সিম	3
বুঝতে	না	পারলে	3
আমি	স্যামসাং	গ্যালাক্সি	3
থাকলে	লিঙ্ক	দিন	3
এরকম	পোস্ট	আরো	3
থ্যাংকস	ইউ	ভাই	3
নেম	দেন	প্লিজ	3
এত	ভাল	পোস্ট	3
পোস্ট	করি	তাও	3
শেয়ার	করার	দরকার	3
ভাই	এটাই	তো	3
এড	করতে	হয়	3
ব্রো	কানেক্ট	হচ্ছে	3
না	তো	আপনার	3
আপনার	সেটিং	টা	3
জানেন	ভালো	কথা	3
আছে	যা	সরাসরি	3
গত	১৫	ইয়ার	3
১৫	ইয়ার	থেকে	3
ইয়ার	থেকে	চালিয়ে	3
থেকে	চালিয়ে	আসছি	3
চালিয়ে	আসছি	আমার	3
আসছি	আমার	একটা	3
একটা	আইডি	ছিল	3
আইডি	ছিল	তাও	3
ছিল	তাও	ইউজার	3
তাও	ইউজার	ভাই	3
ইউজার	ভাই	হ্যাক	3
ভাই	হ্যাক	করে	3
হ্যাক	করে	নিয়েছে	3
করে	নিয়েছে	আর	3
নিয়েছে	আর	তার	3
আর	তার	হাত	3
তার	হাত	পা	3
হাত	পা	ধরে	3
পা	ধরে	আমি	3
ধরে	আমি	একটা	3
আমি	একটা	আইডি	3
আইডি	নিয়ে	দেখলাম	3
নিয়ে	দেখলাম	আইডি	3
কপি	পোস্ট	করার	3
করার	জন্য	কন্ট্রিবিউটর	3
দেখুন	আমি	এখন	3
কাছে	হেল্প	চাই	3
করতে	করতে	আমি	3
করতে	আমি	ফেইল	3
আমি	ফেইল	এই	3
সহ	পোস্ট	চাইলে	3
পোস্ট	চাইলে	রিভিউ	3
চাইলে	রিভিউ	করে	3
রিভিউ	করে	দেখতে	3
পারেন	আমি	একটাই	3
আমি	একটাই	বলব	3
একটাই	বলব	আমাকে	3
আমার	তো	পেপাল	3
তো	পেপাল	একাউন্ট	3
পেপাল	একাউন্ট	নাই	3
এ	আপনার	সাইট	3
স্ক্রিনশট	এ	দেখুন	3
ইউজার	ভাই	অন্যের	3
যার	আইডি	হ্যাক	3
ডাউনলোড	করে	পোর্ট	3
ট্রিকবিডি	তে	আসি	3
এফবি	আইডি	দাও	3
হুম	ব্রো	আমার	3
আমার	ফোন	ও	3
ভাই	একটা	প্রবলেম	3
পোস্ট	এ	এটা	3
টাইটেল	দেখে	ভাবলাম	3
প্লিজ	কেউ	থাম্বনেইল	3
কোন	রিপ্লাই	নাই	3
একটু	কথা	বলবো	3
এটা	কোন	কাজের	3
অন্য	কোন	অ্যাপ	3
ভাই	আপনাদের	কমেন্ট	3
মনে	হয়	এডসেন্স	3
হয়	এডসেন্স	সম্পর্কে	3
এডসেন্স	সম্পর্কে	জানেন	3
প্রিমিয়াম	করবো	কিভাবে	3
ফেসবুক	থেকে	কপি	3
ট্রাস্টেড	মানুষকে	একসেপ্ট	3
মানুষকে	একসেপ্ট	করবেন	3
পোস্ট	করার	মত	3
মনে	হয়	সবাই	3
আমার	ফোন	অফ	3
না	আর	ভেরিফাই	3
থ্যাংকস	টু	ইউ	3
৫১২	এমবি	রেম	3
ধুর	মিয়া	আমি	3
থ্যাংকস	ফর	ইনফরমেশন	3
লেটেস্ট	ভার্সন	ডাউনলোড	3
ভালো	হয়	ব্রো	3
আগেই	জানা	ছিল	3
হুম	ঠিক	বলছেন	3
ঠিক	বলছেন	বাট	3
দিয়ে	এটা	করা	3
হবে	ট্রাই	করুন	3
আশা	করি	ইউজার	3
ইউজার	ইউজার	ইউজার	3
করা	উচিত	হয়	3
করতে	গেলে	এটা	3
ভাই	প্লিজ	আমি	3
করার	সময়	যে	3
এ	একাউন্ট	করে	3
এড	করা	যাবে	3
ভাই	শেয়ার	করার	3
করার	কিছু	নাই	3
আরো	বেশি	লাগবে	3
আর	এটা	কি	3
ব্রো	পিসি	দিয়ে	3
ডাটা	লাগবে	নাকি	3
ভাই	আপনি	৮	3
অবস্থা	কেমন	হবে	3
জন্য	একটা	ভালো	3
অ্যাপ	ক্লোন	করছি	3
টা	পাওয়া	যায়	3
কোন	ঝামেলা	নাই	3
আবেদন	করতে	হবে	3
তুমি	পোস্ট	করো	3
তোমার	নিজের	তো	3
কি	হবে	মানে	3
কাজ	কি	হবে	3
কিছু	বলার	ইচ্ছা	3
বলার	ইচ্ছা	নাই	3
স্যামসাং	এর	জন্য	3
আপনি	পোস্ট	করতেছেন	3
হেল্প	প্লিজ	আমার	3
ব্যাক	করব	কিভাবে	3
আইডি	কার্ড	নাই	3
ব্রো	ওয়াইফাই	হ্যাক	3
হ্যাক	করার	সবচেয়ে	3
এফবি	আইডি	আছে	3
অপেরা	মিনি	ইউজ	3
কাজ	করবে	আমি	3
ভাই	রিকভারি	মোড	3
আমার	ফোন	আনরুট	3
লিঙ্ক	দেয়া	যাবে	3
অনেক	বড়	হেল্প	3
কারণ	আমি	আপনার	3
১	এমবিপিএস	স্পিড	3
দেখার	জন্য	একটা	3
জানেন	না	আপনি	3
প্লিজ	কিছু	কথা	3
এয়ার	ড্রপ	এ	3
অ্যাকাউন্ট	দিতে	পারবেন	3
ভাই	প্লিজ	একটা	3
ব্রো	তোমার	পোস্ট	3
আর	আপনি	তা	3
থেকে	ট্রাই	করবো	3
ট্রাই	করেন	ভালো	3
দেওয়ার	কি	দরকার	3
করেন	আজাইরা	পোস্ট	3
এত	বোকা	না	3
ফোন	রিসেট	দিলে	3
রিসেট	দিলে	ফোন	3
৫১২	এমবি	দেয়	3
নেয়া	যাবে	নাকি	3
পাসওয়ার্ড	চেঞ্জ	করলে	3
হুম	এফবি	প্যাক	3
আমাকে	ইনবক্স	করেন	3
করছি	কিন্তু	টাকা	3
আমার	দরকার	নাই	3
কই	পাইলেন	ভাই	3
সিম	থেকে	কি	3
সিম্ফনি	এইচ১২০	এর	3
ফ্রেন্ড	আমার	একটা	3
হ্যাক	করা	দরকার	3
ভালো	হতো	কিছু	3
দেন	দেখি	কেমন	3
পোস্ট	করছেন	ভালো	3
করছেন	ভালো	কথা	3
হয়	তাহলে	তো	3
রেজিস্ট্রেশন	করলেই	অথর	3
যাদের	নাই	তারা	3
ট্রাই	করে	দেখব	3
দেখা	যেত	না	3
আপনাদের	মত	লোকদের	3
মত	লোকদের	জন্য	3
দিলে	কি	হয়	3
কেমন	কাজ	করে	3
করে	তো	কিছু	3
তো	আগেও	করা	3
এর	জন্যে	দেন	3
জাস্ট	কোড	টা	3
ইউজার	ভাই	খুব	3
ইনফিনিক্স	হট	১২	3
এর	বুট	এনিমেশন	3
যায়	কি	করব	3
এর	মেয়াদ	বাড়বে	3
আমি	একটা	লিংক	3
একটা	লিংক	দিচ্ছি	3
সুন্দর	কমেন্ট	করার	3
আমি	আপনার	এই	3
দেন	প্লিজ	খুব	3
চলে	না	তাই	3
হয়	না	তারা	3
দিয়ে	ট্রাই	করবেন	3
তাহলে	কি	করব	3
জাস্ট	১	মিনিট	3
সেকেন্ড	কথা	বলা	3
রেকর্ড	হয়	না	3
পারি	না	ভাই	3
না	আরো	অনেক	3
ব্রো	এফবি	লিংক	3
ভাই	দোয়া	রাখবেন	3
কোড	ডায়াল	করলে	3
ডায়াল	করলে	কিছু	3
থ্যাংকস	বাট	ভাইয়া	3
তো	আর	সবাই	3
আপনার	কথা	শুনে	3
ভাই	যে	কেউ	3
সভ্যতা	ধ্বংসের	অনেক	3
আমি	ডিলিট	করছি	3
নাম্বার	দিয়ে	আবার	3
আর	কি	কোন	3
না	আমার	ফোনে	3
ভাই	আমার	জন্য	3
আমার	জন্য	অনেক	3
না	আমার	কাজ	3
দেওয়ার	চেষ্টা	করব	3
একটা	কাজ	করেন	3
জন্য	২০	এমবি	3
কাজ	হয়	কিনা	3
নাইস	পোস্ট	অনেক	3
পোস্ট	অনেক	আগে	3
ইউজ	করতে	পারবে	3
কি	করব	আর	3
কোড	টা	কি	3
টা	কি	প্লিজ	3
কাজ	করে	তবে	3
একই	পোস্ট	আর	3
টু	স্টেপ	ভেরিফিকেশন	3
এটা	দিয়ে	হবে	3
একটু	দিবেন	খুব	3
এখন	ডাউনলোড	দিন	3
বাট	এটা	নিয়ে	3
তাই	নাকি	ব্রো	3
এফবিতে	কন্টাক্ট	করেন	3
জন্য	কিছু	করেন	3
এপ	দিয়ে	কিভাবে	3
দিয়ে	কিভাবে	ইউজ	3
কিভাবে	ইউজ	করতে	3
আর	একটু	ভালো	3
কি	প্লিজ	বলুন	3
করে	দেন	যে	3
পারব	না	তাই	3
কেপিএন	এর	কনফিগ	3
থেকে	টাকা	কিভাবে	3
যা	হয়	আর	3
হয়	আর	কি	3
ফোনে	ইউজ	করতে	3
গুলো	সেল	করবো	3
করলাম	আর	কি	3
করা	হইছে	বাট	3
এড	হবে	না	3
করার	কোন	মানে	3
দেন	প্লিজ	আর	3
ভার্সনে	সাপোর্ট	করবে	3
সাপোর্ট	করবে	আর	3
রিভিউ	করতে	বেশি	3
করতে	বেশি	সময়	3
ফটোশপ	সিসি	এর	3
৩টা	ভালো	পোস্ট	3
টিউনার	করেন	পোস্ট	3
দেখলে	বুঝতে	পারবেন	3
ভাই	আপনি	টিউনার	3
আগে	থেকেই	জানে	3
জিপি	মডেম	দিয়ে	3
এটাতে	কি	নোটিফিকেশন	3
কি	নোটিফিকেশন	সিস্টেম	3
নোটিফিকেশন	সিস্টেম	হবে	3
পোস্ট	আছে	ইউটিউব	3
আছে	ইউটিউব	এ	3
করেন	আর	আমাকে	3
দেন	পোস্ট	করবেন	3
আমার	এফবি	লিংক	3
নাই	তাহলে	আমি	3
ছাড়া	উপায়	নাই	3
এড	করবো	কিভাবে	3
থেকে	আজ	পর্যন্ত	3
ভালো	না	তাই	3
করে	দেখেন	তো	3
সিমে	টাকা	থাকলে	3
টাকা	থাকলে	টাকা	3
থাকলে	টাকা	কাটবে	3
অন	থাকা	লাগবে	3
কালার	কোড	ইউজ	3
কিটক্যাট	এমটিকে	৬৫৭২	3
কার	কাছ	থেকে	3
এ	লগইন	করতে	3
আর	চলবে	না	3
অনেক	মজার	মজার	3
যে	ট্রিক	টা	3
ট্রিক	টা	শেয়ার	3
৩	বছর	আগে	3
ঠিক	করবো	হেল্প	3
তে	ইনবক্স	করেন	3
না	হেল্প	করেন	3
সার্চ	দেন	পেয়ে	3
আইডি	কিভাবে	হ্যাক	3
এর	কথা	বলেন	3
করার	জন্য	আপনার	3
এই	একাউন্ট	এ	3
সাল্লাল্লাহু	আলাইহি	ওয়াসাল্লাম	3
কথা	বলতে	হয়	3
একাউন্ট	ক্রিয়েট	করা	3
করতে	হয়	এইটা	3
আমার	পোষ্ট	গুলো	3
দিন	হয়ে	গেল	3
থাঙ্কস	ফর	শেয়ারিং	3
ভাই	কাস্টম	রম	3
না	তো	তাই	3
আপনার	সাইট	টা	3
কিন্তু	এখন	আর	3
ভাই	বুট	ইমেজে	3
হয়ে	যায়	না	3
টা	ওপেন	করলে	3
ভাই	প্লিজ	ভাই	3
আমি	অনেক	পোস্ট	3
হ্যাক	নিয়ে	একটা	3
না	যদি	একটু	3
একটু	বুঝিয়ে	বললে	3
টা	বেশি	ভালো	3
অফিস	এ	গিয়ে	3
হইসে	ট্রিকবিডি	তে	3
উল্লেখ	করা	উচিত	3
করা	উচিত	ছিল	3
প্লিজ	লিংক	দিন	3
ট্রিকবিডি	এর	অথর	3
কাজ	করতে	পারবো	3
পোর্ট	করে	নিতে	3
করতে	পারেন	তার	3
হয়	তাহলে	আবার	3
ধন্যবাদ	জানানোর	জন্য	3
অনেক	হেল্প	হবে	3
পোস্ট	টা	পড়তেসিলাম	3
টা	পড়তেসিলাম	এন্ড	3
হেল্প	আমার	ফোন	3
এর	জন্য	আবার	3
ভাই	এইটা	দিয়া	3
ডাউনলোড	হয়	বাট	3
অনেক	পোস্ট	আসে	3
করা	যাবে	তাহলে	3
টা	পোস্ট	করলাম	3
ডিলিট	করে	আবার	3
না	কোনো	প্রব্লেম	3
এটা	কপি	পোস্ট	3
করুন	আর	সব	3
সব	ইনফরমেশন	দিয়ে	3
আমাকে	কি	অথর	3
মেয়াদ	১৫	দিন	3
ডিলিট	করবো	কিভাবে	3
সেটা	জানেন	না	3
পেপাল	তো	বিকাশ	3
ফোন	এ	ওয়াইফাই	3
না	তাঁদের	জন্য	3
এর	কোনো	ট্রিক	3
আমার	ফোন	লাভা	3
সিম	এ	প্রব্লেম	3
আর	মাঝে	মাঝে	3
পোস্ট	করবো	না	3
ট্রিকবিডি	তে	মুভি	3
রিভিউ	নিয়ে	পোস্ট	3
ফাইল	নট	ফাউন্ড	3
ওই	মিয়া	লিংক	3
প্রব্লেম	হবে	আর	3
কোড	কিভাবে	ইউজ	3
না	তাই	আপনি	3
আমার	আইডি	লিংক	3
আচ্ছা	ভাইয়া	আমার	3
ক্যাশ	আউট	অপশন	3
নি	আপনি	ট্রাই	3
পরে	আবার	ঠিক	3
আবার	লগ	ইন	3
করতে	হবে	আমি	3
চেক	করেন	পেয়ে	3
না	রাখাই	ভালো	3
একটু	পর	পর	3
আপনি	কপি	পেস্ট	3
ওই	অ্যাপ	এর	3
কত	বার	নিতে	3
করে	দেন	আমি	3
জন্য	থ্যাংক	ইউ	3
মডেল	লিখে	সার্চ	3
ভাই	আমার	সিম	3
হেল্প	করেন	আপনার	3
চেক	করে	দেখুন	3
না	হলে	এই	3
কেন	ট্রিকবিডি	তে	3
একটু	দেন	প্লিজ	3
ব্রো	পোস্ট	আমি	3
যদি	না	থাকে	3
আপনার	পেমেন্ট	প্রুফ	3
ডলার	বাই	সেল	3
টা	ইউজ	করবেন	3
ইনস্টল	করলে	কি	3
ওই	অ্যাপ	টা	3
ব্যাংক	একাউন্ট	লাগবে	3
কার্ড	এর	জন্য	3
পারবে	বলে	মনে	3
এমবি	শেষ	হলে	3
হুম	ঠিক	বলসেন	3
এ	আপলোড	দিলে	3
ভাই	একটা	একাউন্ট	3
আমার	টিউনার	আইডি	3
জানেন	না	যে	3
পোস্ট	গুলা	দেখুন	3
আপনি	পোস্ট	করে	3
গুড	পোস্ট	এই	3
না	আপনার	পোস্ট	3
রুট	কিভাবে	করবো	3
হয়	না	আমি	3
আইডি	এর	কিছু	3
আমার	একটা	প্রব্লেম	3
আপনার	মেইল	এ	3
পোস্ট	করবো	ইনশাল্লাহ	3
ওই	পোস্ট	টা	3
এর	ট্রিকবিডি	তে	3
মোবাইল	ডাটা	অন	3
ভাই	পোস্ট	করসে	3
উনি	মনে	হয়	3
অফার	কি	সবাই	3
কি	সবাই	পাবে	3
থাকলে	প্লিজ	বলেন	3
আনইনস্টল	করে	দিছি	3
আপনার	ফোন	টা	3
ফোন	টা	ব্রিক	3
করুন	ঠিক	হয়ে	3
এ	ক্লিক	করলেই	3
বাট	এখনো	কোনো	3
ব্রো	আমি	অনেক	3
ঠিক	করে	দিবেন	3
পোস্ট	টা	করছি	3
পোর্ট	করা	লাগবে	3
না	করলে	ভালো	3
এইটা	কোনো	কথা	3
জিমেইল	চেঞ্জ	করবো	3
চেঞ্জ	করবো	কীভাবে	3
পোস্ট	করি	তাহলে	3
ভাই	আমি	ইউটিউব	3
আমি	ইউটিউব	থেকে	3
ইউ	হেল্প	মি	3
ট্রিক	টা	ট্রাই	3
না	হলে	আবার	3
রিমুভ	করা	যাবে	3
আপনার	হেল্প	লাগবে	3
লিংক	ঠিক	কর	3
খুব	খারাপ	লাগলো	3
ব্রো	আমার	অনেক	3
নাই	এখন	কী	3
একাউন্ট	লাগবে	নাকি	3
চ্যানেল	এর	জন্য	3
ডিএসএলআর	এর	মতো	3
দিছি	এখন	কি	3
পোস্ট	টা	দারুণ	3
আপনার	ইউটিউব	চ্যানেল	3
প্রব্লেম	হচ্ছে	আপনি	3
সাইট	এর	লিঙ্ক	3
প্লিজ	প্লিজপ্লিজ	প্লিজ	3
প্লিজপ্লিজ	প্লিজ	প্লিজ	3
আপনার	নিজের	ই	3
ট্রিক	টা	অনেক	3
করলে	কাজ	হবে	3
এই	লিঙ্ক	এ	3
ইউ	ভাই	আমি	3
আরে	ভাই	এই	3
এন্ড্রয়েড	এর	জন্য	3
নিয়ে	আরেকটা	পোস্ট	3
করে	তাদের	জন্য	3
এখন	কি	আমি	3
টা	সবার	জন্য	3
হইছে	অনেক	আগেই	3
লিংক	টা	প্লিজ	3
বাট	এখন	আমার	3
এক্সাম	শেষ	হলে	3
ভাই	আমার	আগে	3
আমার	তো	কোনো	3
সেল	করতে	পারবেন	3
রেফার	করা	যাবে	3
কোনো	পোস্ট	করেন	3
পাওয়া	যাবে	নাকি	3
করবো	সেটা	বলেন	3
৫	মিনিট	এর	3
পোস্ট	এ	আপনি	3
ট্রাই	করেন	আবার	3
করেন	আবার	প্রথম	3
প্রথম	থেকে	হবে	3
করা	বন্ধ	করে	3
রেডমি	নোট	১০	3
আর	এর	জন্য	3
থাকলে	প্লিজ	শেয়ার	3
ইজ	দ্যা	বেস্ট	3
রিপ্লাই	দিতে	পারছি	3
সাইট	এর	এডমিন	3
আর	এ	মিয়া	3
যতবার	খুশি	ততবার	3
লিঙ্ক	থেকে	ডাউনলোড	3
সেটিংস	এ	গিয়ে	3
পারলে	পোস্ট	করবেন	3
বা	অন্য	কোন	3
কোন	ওয়েবসাইট	এ	3
এর	লিংক	এ	3
আরও	ভালো	ভালো	3
রিপ্লাই	দেন	না	3
ডাটা	অন	অফ	3
থাংকস	ফর	ইউর	3
অ্যান্ড	ফোন	এর	3
ফর	গুড	কমেন্ট	3
পোস্ট	করলে	সবাই	3
ফেসবুক	এ	মেসেজ	3
সাজেস্ট	করতে	পারেন	3
পর	কি	আবার	3
চেষ্টা	করেছি	বাট	3
হলে	কি	করবো	3
টা	দিবেন	ভাই	3
ইউজ	করেছি	বাট	3
এ	গেলেই	পাবেন	3
ভাই	কিছু	করার	3
আমার	সিম্ফনি	এর	3
কি	ভাবে	করতে	3
করতে	হবে	একটু	3
করে	বুঝানোর	জন্য	3
করার	পর	ইন্সটল	3
অ্যাপ	ডাউনলোড	করতে	3
হয়	কিন্তু	চলে	3
আমার	কাছে	ভালো	3
আর	কানেক্ট	হয়	3
দিয়া	ট্রাই	করছি	3
ঠিক	হয়ে	গেছে	3
কত	ডলার	হলে	3
ফাইল	আপলোড	করতে	3
কীভাবে	একটা	পোস্ট	3
আমি	আগেই	পোস্ট	3
না	জানলে	পোস্ট	3
হয়	না	মাঝে	3
মাত্র	চেক	করলাম	3
ভাই	কি	করবো	3
এ	কাজ	করেন	3
আমার	পিসি	নাই	3
একটাও	কাজ	করে	3
কষ্ট	করতে	হবে	3
চলতো	বাট	এখন	3
আমি	কিছু	পোস্ট	3
এতো	ভালো	একটা	3
ফালতু	সব	পোস্ট	3
কথা	টা	ভালো	3
না	প্লিজ	ভাইয়া	3
কোনো	হেল্প	করতে	3
ফোন	নাম্বার	দেন	3
ডাটা	লাগবে	না	3
করতে	চাই	বাট	3
করতে	না	পারে	3
আমার	কিছু	করার	3
রুট	করবো	কীভাবে	3
কি	ইউটিউব	এর	3
যারা	না	জানে	3
জানে	তাদের	জন্য	3
ভাই	কেউ	হেল্প	3
মনে	করি	না	3
টা	ইউজ	করবো	3
তে	আসতে	মন	3
আসতে	মন	চায়	3
পোস্ট	টা	এখন	3
একটা	সিম	এ	3
ভাই	আমি	৩	3
জিপি	সিম	নাই	3
লিমিট	হ্যাক	করবো	3
থাকলে	তখন	কি	3
পিসি	তে	কিভাবে	3
ভাই	আমি	নিউ	3
টা	দেখতে	পারেন	3
পোস্ট	দেন	ব্রো	3
আমার	পোস্ট	পেন্ডিং	3
না	আপনি	যদি	3
তো	আসে	না	3
না	এখন	কী	3
টাকা	রাখা	যাবে	3
মাথায়	প্রব্লেম	আছে	3
করার	পর	যখন	3
করার	জন্য	কোনো	3
ডায়াল	ইন্টারনেট	ব্যালেন্স	3
ইন্টারনেট	ব্যালেন্স	জানতে	3
ব্যালেন্স	জানতে	ডায়াল	3
বিষয়	নিয়ে	একটা	3
করা	আছে	দেখেন	3
সিম্ফনি	জেডভি	প্রো	3
প্রো	এর	জন্য	3
একটা	কাস্টম	রোম	3
ক্লিক	করলে	কাজ	3
বাড়াবো	কি	ভাবে	3
লিখে	সার্চ	করেন	3
এর	কোনো	প্রবলেম	3
ব্রো	আমার	তো	3
ভাই	এমবি	থাকলে	3
না	থাকলে	চলে	3
শেয়ার	করার	আগে	3
সাপোর্ট	টিম	এর	3
আইপি	বের	করার	3
এর	অপেক্ষায়	রইলাম	3
বিডিআইএক্স	স্পিড	বাইপাস	3
এর	সাথে	থাকুন	3
ভালো	স্পিড	এ	3
এ	টাকা	থাকলে	3
রুট	এর	জন্য	3
এই	পোস্ট	আগেই	3
নিয়ে	লাভ	নাই	3
বুঝতে	পারবেন	আমি	3
একটা	পোস্ট	দিলে	3
ভাবে	বুঝলাম	না	3
করার	পর	একটা	3
আমি	যা	জানি	3
যা	জানি	তা	3
ভাই	বিকাশ	এ	3
ট্রিকবিডি	তে	নিয়মিত	3
ব্রো	নেক্সট	পোস্ট	3
করলে	অনেক	ভালো	3
করা	গেলে	ভালো	3
টা	কি	আপনার	3
ভালো	হয়	ভাই	3
বন্ধ	করে	দিবে	3
এই	মেইল	এ	3
অনেক	ভালো	আমি	3
থেকে	ভিডিও	ডাউনলোড	3
থ্যাংকস	নাইস	পোস্ট	3
অ্যাপ	তো	ইন্সটল	3
ইউজার	ব্রো	আমার	3
এ	আছে	দেখুন	3
পেলে	পোস্ট	করবো	3
এর	কথা	উল্লেখ	3
যে	এই	অ্যাপ	3
এই	অ্যাপ	ইউজ	3
এর	রিভিউ	না	3
এই	মুভি	টা	3
আর	আপনার	পোস্ট	3
ক্রিয়েট	করার	একটা	3
তো	বলেই	দিসি	3
ইনস্টল	দিতে	গেলে	3
না	হলে	আমি	3
হলে	আমি	কি	3
আমার	একাউন্ট	এ	3
মাস্টার	কার্ড	নিয়ে	3
এর	জন্য	গুগল	3
জন্য	কি	কি	3
এখন	ও	কাজ	3
কোন	কোন	সাইট	3
একটু	কথা	ছিলো	3
ইউটিউব	চ্যানেল	থেকে	3
এড	করা	যায়	3
হইছে	ট্রিকবিডি	তে	3
একটা	পোস্ট	এর	3
সুন্দর	একটা	মুভি	3
এমবি	মেয়াদ	কি	3
ভাই	প্লিজ	চেক	3
বের	করা	যাবে	3
কি	দিতে	হবে	3
করার	জন্য	থ্যাংক	3
জন্য	অনুরোধ	রইলো	3
ট্রিকবিডি	তে	আছি	3
ডাউনলোড	দিলাম	বাট	3
করার	চেষ্টা	করুন	3
কি	বলবেন	প্লিজ	3
ভাই	আমার	মনে	3
স্পিড	তো	অনেক	3
মেয়ে	তুমি	আমারে	3
তুমি	আমারে	এয়ারড্রপ	3
পর্যন্ত	কয়টা	থেকে	3
কয়টা	থেকে	পেমেন্ট	3
না	লাগলে	রিপোর্ট	3
আমি	গুগল	থেকে	3
ইউজ	করে	না	3
ক্ল্যাশ	অফ	ক্ল্যান্স	3
প্লিজ	প্রমোট	মি	3
ফুল	ব্ল্যাংক	তো	3
ব্ল্যাংক	তো	হলো	3
তো	হলো	না	3
মানে	এই	না	3
এই	না	যে	3
এক্সপ্রেস	ভিপিএন	এর	3
নাইস	পোস্ট	ভালো	3
ভালো	একটা	অ্যাপ	3
করে	নিতে	পারেন	3
এখন	কি	করমু	3
একটু	সার্চ	করে	3
না	হয়	না	3
ব্রো	ডাউনলোড	করতে	3
পোস্ট	করতাম	না	3
ফ্ল্যাশ	করতে	হবে	3
নিয়ে	পোস্ট	করব	3
অ্যাকাউন্ট	সাইন	ইন	3
এর	ভিতর	থেকে	3
অ্যাপ	ওপেন	করলে	3
পারলে	পোস্ট	করেন	3
করা	নিয়ে	পোস্ট	3
ওয়ে	থাকলে	বলেন	3
ভাই	কিছু	বুঝলাম	3
এই	পোস্ট	ট্রিকবিডি	3
অসংখ্য	ধন্যবাদ	আপনাকে	3
ব্রো	আপনার	দেওয়া	3
করে	দিবেন	না	3
দিয়ে	পোস্ট	করলে	3
নাই	তাদের	জন্য	3
আমার	মোবাইল	টা	3
মোবাইল	এর	কোনো	3
থ্যাংকস	ওয়ার্কিং	পোস্ট	3
মনে	হয়	আলাদা	3
আপনি	কি	আসলেই	3
এই	কার্ড	দিয়ে	3
মেয়াদ	কত	দিন	3
কোনো	ট্রিক	থাকলে	3
কোনো	কাজ	করতে	3
এই	সিস্টেম	এ	3
পোস্ট	করিস	না	3
সেল	করতে	পারেন	3
দিন	থাকবে	না	3
অনেক	উপকার	হতো	3
ভাই	বার	বার	3
ব্রাউজার	ইউজ	করেন	3
অ্যাপ	এর	মধ্যে	3
পোস্ট	থাকলে	লিংক	3
করুন	তাহলে	ই	3
তাহলে	ই	হবে	3
দিলেন	না	তো	3
লগইন	হয়	না	3
সেল	করা	হবে	3
ব্যবহার	করা	হয়ে	3
আজকে	সকাল	থেকে	3
এর	কি	কোনো	3
আইডি	লিঙ্ক	টা	3
কাস্টম	রম	দিন	3
এই	মুভি	এর	3
ফোন	এর	চিপসেট	3
একটা	কাজের	পোস্ট	3
না	হয়	তখন	3
চিপসেট	এর	জন্য	3
একটু	হেল্প	প্লিজ	3
বিডি	নাম্বার	দিয়ে	3
ইউজ	করলে	আপনার	3
এর	কথা	বলি	3
আশা	করি	নেক্সট	3
আরো	অনেক	কিছু	3
পোস্ট	বাট	আমি	3
মোড	অন	করে	3
আসে	ট্রিকবিডি	তে	3
এটা	ইউজ	করতে	3
ইউজ	করতে	কি	3
নেট	বের	করতে	3
নোট	৭	প্রো	3
ইউজ	করি	আমার	3
একটা	ইউটিউব	চ্যানেল	3
তো	আরো	আগে	3
আমি	এই	অ্যাপ	3
আর	ভাই	আপনি	3
ভাইয়া	খুব	সুন্দর	3
হেল্প	করবেন	কি	3
আর	দেখুন	কি	3
অনেক	চেষ্টা	করছি	3
অ্যাপ	পাওয়া	যায়	3
ডাউনলোড	করার	অপশন	3
না	এটা	ঠিক	3
আপনি	এফবি	তে	3
করি	নাই	ভাই	3
কিছু	হচ্ছে	না	3
কাস্টম	রম	থাকলে	3
এমবি	পাই	নাই	3
ভাইয়া	আমি	আমার	3
প্রবলেম	হবে	নাকি	3
রুট	ছাড়া	কি	3
ছাড়া	কি	হবে	3
টার	লিংক	দেন	3
নাইস	পোস্ট	একটা	3
পোস্ট	কপি	করছো	3
লাগে	না	ব্রো	3
বাট	আজ	পর্যন্ত	3
কাজ	করছে	তাই	3
কোনো	সল্যুশন	আছে	3
টা	পাওয়ার	জন্য	3
সব	কিছু	ফ্রি	3
রাজশাহী	বোর্ড	এর	3
এই	ভার্সন	এ	3
দিন	হেল্প	লাগবে	3
এই	বিষয়ে	পোস্ট	3
এটা	ইউজ	করে	3
ব্রো	গুগল	এ	3
ই	তো	হয়	3
পোস্ট	দেয়া	আছে	3
লিংক	না	দিয়ে	3
ভিডিও	এডিট	করার	3
বিষয়	নিয়ে	পোস্ট	3
পোস্ট	আছে	তো	3
থাকলে	প্লিজ	একটু	3
রুট	করার	জন্য	3
১	ইয়ার	পর	3
ভালো	কিছু	দিতে	3
করতে	হবে	কি	3
চলে	না	হেল্প	3
এতো	ছোট	পোস্ট	3
চেঞ্জ	হবে	না	3
ব্রো	নেক্সট	টাইম	3
ভালো	ফ্রি	নেট	3
পোর্ট	করতে	পারবো	3
ভাই	এফবি	আইডি	3
কথা	বলতে	পারবো	3
কি	বলতে	চাচ্ছেন	3
ট্রাই	করেন	ব্রো	3
ক্লিয়ার	ডাটা	করে	3
প্লে	স্টোরে	থেকে	3
ভাই	জিপি	তে	3
কথা	না	বলে	3
করা	যাই	না	3
ভুল	হতে	পারে	3
পোস্ট	গুলো	একটু	3
এর	ভার্সন	কতো	3
করুন	আশা	করি	3
অন্য	মেইল	দিয়ে	3
লিংক	দিতে	পারেন	3
চেষ্টা	করবো	ভাই	3
এটা	কাজ	করবে	3
যে	সবাই	কে	3
ওমক	ভাই	আপনার	3
দিতে	হবে	আর	3
পোস্ট	অফিস	এ	3
যে	যাই	বলুক	3
ভাই	৩	টা	3
১	মাস	পর	3
হয়	কি	করবো	3
ভাই	এই	অফার	3
সময়	লাগে	না	3
এডড	করবো	কিভাবে	3
ভার্সন	টা	ইউজ	3
এমবি	চেক	করে	3
কল	যায়	না	3
না	আর	কিছু	3
অন	করার	পর	3
ব্রো	ডাউনলোড	লিংক	3
যারা	পোস্ট	করে	3
করেন	এফবি	তে	3
ভিপিএন	ইউজ	করে	3
ভাই	আপনি	কিভাবে	3
করে	পোস্ট	করলে	3
করলে	খুশি	হবো	3
ট্রিকবিডি	তে	এখন	3
ড্রাইভ	থেকে	ডাউনলোড	3
করতে	পারেন	এর	3
ইন্টারনেট	কানেকশন	অন	3
আমি	এই	রকম	3
পেজ	আসে	না	3
মানে	বুজলাম	না	3
যে	ফোন	নম্বর	3
আবার	চালু	হইছে	3
পোস্ট	এ	উল্লেখ	3
একটু	ডাউনলোড	লিংক	3
সব	ঠিক	ই	3
বুঝলাম	না	আর	3
না	তাই	আপনার	3
তাও	হয়না	কি	3
ভাই	আপনি	এতো	3
করা	যাবে	কিন্তু	3
বন্ধ	হয়ে	যাবে	3
করতে	হয়	নাকি	3
এর	কথা	বলে	3
অ্যাপ	থেকে	ভিডিও	3
ভালো	হতো	কারণ	3
বাট	কাজ	হয়না	3
আপনি	ওল্ড	ভার্সন	3
মোবাইল	এ	ইমো	3
কমেন্ট	করতে	পারি	3
মনে	হচ্ছে	না	3
জানলে	বলবেন	প্লিজ	3
করে	প্লিজ	বলেন	3
দেয়া	আছে	দেখুন	3
লিংক	দাও	প্লিজ	3
রবি	সিম	দিয়ে	3
করছি	বাট	কাজ	3
ভাই	ওয়াপকা	তে	3
কি	করতে	হয়	3
চেঞ্জ	করে	দেখেন	3
ফ্রি	নেট	শেয়ার	3
রিকভারি	ইমেজ	লাগবে	3
সিম	এর	লাইন	3
আমি	একটা	সাইট	3
এখন	ও	পেন্ডিং	3
এই	প্রসেস	টা	3
তে	নক	দিছি	3
লগ	ইন	করা	3
এফবি	এ	মেসেজ	3
ফোন	রেডমি	নোট	3
থাঙ্কস	ফর	ইওর	3
চেঞ্জ	করে	ফেলে	3
থ্যাংকস	ইউ	ব্রো	3
আপনার	কি	কোনো	3
রিকভারি	ইমেজ	এর	3
এর	কাজ	কি	3
স্পিড	পাওয়া	যাবে	3
ভিডিও	ডাউনলোড	এর	3
কপি	পোস্ট	না	3
পোস্ট	টা	করলাম	3
ফ্রি	নেট	অফ	3
টা	ডাউনলোড	করেন	3
কি	ভাবে	বাড়াবো	3
এইটা	তো	সব	3
টাকা	কাটবে	কি	3
সিম	টা	নষ্ট	3
ইউটিউব	এ	সার্চ	3
এর	জন্য	নাকি	3
না	হলে	আপনার	3
এর	কনফিগ	ফাইল	3
এরকম	পোস্ট	আছে	3
কি	সাপোর্ট	করবে	3
কস্ট	করে	পোস্ট	3
সিম	এ	মেসেজ	3
বের	করা	যায়	3
ধরে	ইউজ	করি	3
এফবি	তে	এসএমএস	3
আপনার	এফবি	প্রোফাইল	3
কাস্টম	রম	এর	3
এ	তো	আসে	3
যদি	ট্রিকবিডি	তে	3
আপনি	পোস্ট	করতে	3
দিয়ে	১০০	এমবি	3
ভাইয়া	একটা	হেল্প	3
পাসওয়ার্ড	টা	দেন	3
করা	যায়	সেই	3
বিষয়ে	একটি	পোস্ট	3
করতে	পারেন	আমার	3
করে	লাভ	কি	3
করতে	পারেন	কিনা	3
বললে	খুশি	হতাম	3
ঠিক	করে	দিবে	3
করে	দেখেন	আমি	3
যে	কোড	গুলা	3
ওয়ে	আছে	থাকলে	3
আপনি	আমাকে	এফবি	3
হেল্প	নিতে	পারেন	3
ভাই	আপনি	অথর	3
রক্ষা	করার	জন্য	3
বেশি	হয়ে	গেসে	3
ব্রো	এই	রকম	3
একটা	পোস্ট	হলো	3
অনেক	কাজে	লাগবে	3
প্লিজ	হেল্প	মে	3
এখন	আর	ভালো	3
অ্যাড	রিমুভ	করতে	3
রিমুভ	করতে	পারবেন	3
টা	ভালো	হবে	3
কাজ	হয়ে	যাবে	3
অথর	আইডি	হারাবেন	3
অন	করতে	হয়	3
আরো	আগে	থেকেই	3
তেমন	ভালো	লাগলো	3
বাট	তাও	থ্যাংকস	3
১	ইয়ার	এর	3
ইয়ার	এর	জন্য	3
জন্য	ভালো	পোস্ট	3
কিভাবে	চেঞ্জ	করবো	3
সাবমিট	করার	পর	3
ফোন	কিভাবে	রুট	3
পোস্ট	এ	আছে	3
বলে	আমার	মনে	3
দেন	ভাই	প্লিজ	3
আর	আমি	ট্রিকবিডি	3
গ্র্যান্ড	প্রাইম	ললিপপ	3
করতে	পারছে	না	3
পোস্ট	করার	দরকার	3
আপনার	পোস্ট	কপি	3
এ	কেমন	পোস্ট	3
নাম	এর	একটা	3
ট্রাই	করেন	ভাই	3
টা	রিমুভ	করে	3
টায়	আমার	ফোন	3
আমার	ফোন	ভাইরাস	3
ফোন	ভাইরাস	ডিটেক্ট	3
ভাইরাস	ডিটেক্ট	করছে	3
সবাই	ডাউনলোড	থেকে	3
ডাউনলোড	থেকে	সাবধান	3
একটা	জিনিস	জানার	3
আসে	না	কি	3
কাছ	থেকে	টাকা	3
কাছে	আমার	একটা	3
এ	এটা	কাজ	3
ও	করতে	পারবেন	3
ট্রিক	টা	কি	3
থ্যাংকস	আ	লট	3
কেন	প্লিজ	বলবেন	3
একটু	ট্রাই	করেন	3
আপডেট	করার	জন্য	3
একটা	হেল্প	লাগবে	3
কোনো	অ্যাপ	আছে	3
করে	তার	পর	3
যদি	একটু	বলতেন	3
তে	লগইন	করে	3
পোস্ট	টা	আবার	3
যদি	চলে	তাহলে	3
লিমিট	এর	উপরে	3
এর	উপরে	পাঠানো	3
উপরে	পাঠানো	যায়	3
পাঠানো	যায়	না	3
এখনো	কি	চলে	3
তে	লগইন	করতে	3
দেন	না	প্লিজ	3
নাকি	অন্য	কোথাও	3
এই	পোষ্ট	টা	3
প্লে	স্টোর	ওপেন	3
ও	ইউজ	করি	3
দিন	ধরে	ইউজ	3
নিয়ে	একটা	পোষ্ট	3
আর	কোনো	সিস্টেম	3
ওপর	ভিত্তি	করে	3
আল্লাহ	আপনাকে	উত্তম	3
আপনাকে	উত্তম	প্রতিদান	3
আমার	ট্রিকবিডি	প্রোফাইল	3
ভাই	এই	অ্যাপ	3
এটা	নিয়ে	আরো	3
কোড	গুলা	ইউজ	3
ভাই	পোষ্ট	টা	3
স্ক্রিনশট	কিভাবে	অ্যাড	3
ইনস্টল	ই	হয়	3
বাট	কাজ	করে	3
যে	পিক্সেল	লঞ্চার	3
জিনিস	টা	কি	3
বাটন	এ	ক্লিক	3
ফ্রি	চলে	না	3
এমবি	লাগে	না	3
ডাউনলোড	না	হলে	3
এখান	থেকে	ডাউনলোড	3
কয়েক	দিন	আগে	3
আর	আপনি	চাইলে	3
কি	আর	কোনো	3
ট্রিকবিডি	মডারেটর	ভাই	3
খুব	ভাল	লাগে	3
এর	মাধ্যমে	কিভাবে	3
দিয়ে	জানিয়ে	দিবে	3
আর	দেয়	না	3
মেনি	মেনি	থ্যাঙ্কস	3
তাড়াতাড়ি	একটা	পোস্ট	3
দিয়ে	কি	ইউসি	3
ভাই	এফবি	লিঙ্ক	3
জানানোর	জন্য	থ্যাঙ্কস	3
কোন	প্রবলেম	হয়	3
গ্যালাক্সি	গ্র্যান্ড	প্রাইম	3
১৫	দিন	মেয়াদ	3
কি	বুঝলাম	না	3
শেয়ার	করা	যাবে	3
ওয়েটিং	ফর	নেক্সট	3
এখন	কী	করতে	3
ফ্রি	ইউজ	করার	3
একটু	ভালো	হতো	3
পোস্ট	ফলো	করেন	3
অফ	করলে	কি	3
রেডমি	নোট	৫	3
হয়	না	কী	3
করতে	হবেনা	জাস্ট	3
পোস্ট	তা	আমি	3
দিয়ে	রুট	করছি	3
ভাই	প্লিজ	সিম্ফনি	3
এরকম	আরো	চাই	3
এ	সার্চ	দিলে	3
ভাইয়া	রিভিউ	মাই	3
থ্যাঙ্কস	ফর	ইওর	3
পেমেন্ট	দেয়	আমি	3
ডোমেইন	অ্যাড	করতে	3
সব	ঠিক	ভাবে	3
বার	বার	ডিসকানেক্ট	3
পোস্ট	টা	আমার	3
সব	চাইতে	ভালো	3
করার	কোনো	অ্যাপ	3
পোস্ট	এর	স্টাইল	3
এর	থেকে	ব্রিলিয়ান্ট	3
করেন	প্লিজ	ব্রো	3
থাঙ্কস	ফর	শেয়ার	3
নিতে	পারবেন	আর	3
সাবস্ক্রাইব	মাই	চ্যানেল	3
উইথড্র	নেয়া	যাবে	3
অন্য	সাইট	থেকে	3
জন্য	আমার	ফোন	3
চাই	কি	ভাবে	3
আমার	১টা	প্রশ্ন	3
১টা	প্রশ্ন	আছে	3
পোস্ট	চালিয়ে	যান	3
নেয়া	যাবে	না	3
কোনো	রিপ্লাই	নাই	3
দা	ওয়ে	থাঙ্কস	3
এর	পর	আর	3
একটা	এপিকে	এর	3
ভাইয়া	এই	মেইল	3
এ	নক	দিন	3
পোস্ট	আছে	বাট	3
অ্যাপস	টা	কি	3
রিচার্জ	করলে	তো	3
থ্যাংক	ইউ	থ্যাংক	3
ইউ	থ্যাংক	ইউ	3
আচ্ছা	ভাই	ভিপিএন	3
যখন	দরকার	হবে	3
দরকার	হবে	না	3
আমার	সাথে	এফবি	3
পোস্ট	না	এটা	3
দিলে	ভালো	হইত	3
ভেভেভেভেভেভেভেভেভেভেভেভেভেভেভেভেভেভেভেভেভেভে	ভেভেভেভেভেভেভেভেভেভেভেভেভেভেভেভেভেভেভেভেভেভে	ভেভেভেভেভেভেভেভেভেভেভেভেভেভেভেভেভেভেভেভেভেভে	3
গেম	নিয়ে	পোস্ট	3
থেকে	দূরে	থাকুন	3
কিছু	করতে	হবেনা	3
এই	অ্যাপ	হ্যাক	3
থেকে	ট্রাই	করলাম	3
থেকে	ভালো	কিছু	3
টা	চেঞ্জ	করে	3
৩০২০	নাম্বার	এ	3
বিকাশ	এর	মাধ্যমে	3
কাজ	করছে	ভাই	3
নাম্বার	হলে	৬০০০	3
হলে	৬০০০	মিনিটস	3
সব	কিছু	দিয়ে	3
করা	হয়	আর	3
যে	লিংক	দিসি	3
ফোন	এ	নাই	3
নেট	থাকলে	পোস্ট	3
তা	দেন	প্লিজ	3
পোস্ট	তা	দেখেন	3
এর	ওয়েবসাইট	এ	3
দিলেই	তো	হয়	3
ওয়ার্ক	করে	না	3
ফেনা	উঠে	গেছে	3
ডিগ্রী	লাভ	করেন	3
হচ্ছে	এই	জেলার	3
এই	জেলার	সদরদপ্তর	3
একটি	স্টার্লিং	হলিডেস	3
স্টার্লিং	হলিডেস	রিসোর্ট	3
ব্যবহার	করে	থাকে	3
গুরুত্বপূর্ণ	ভূমিকা	পালন	3
করা	হয়	তার	3
উপজেলার	একটি	ইউনিয়ন	3
গোল্ডেন	গ্লোব	পুরস্কার	3
করেন	এবং	এই	3
ফিরে	আসেন	এবং	3
বাংলাদেশের	স্বাধীনতা	যুদ্ধের	3
উন্নীত	করা	হয়	3
জয়লাভ	করেন	এবং	3
কাজ	করে	যাচ্ছেন	3
করার	চেষ্টা	করা	3
বিবাহ	বন্ধনে	আবদ্ধ	3
দেয়া	হয়	না	3
লক্ষ্য	করা	যায়	3
উল্লেখ	করা	হয়েছে	3
ঘরোয়া	ইংরেজ	কাউন্টি	3
ইংরেজ	কাউন্টি	ক্রিকেটে	3
জন্য	বাংলাদেশ	সরকার	3
শিক্ষা	দেয়া	হয়	3
বিজ্ঞান	ও	প্রযুক্তি	3
ইউনিয়নে	যোগাযোগের	প্রধান	3
করা	হয়েছে	এবং	3
দ্য	টাইম	মেশিন	3
প্রচলন	দেখা	যায়	3
হয়ে	ওঠে	এবং	3
জনপ্রিয়তা	লাভ	করেন	3
নারীকে	ধর্ষণ	করে	3
স্টারলিং	হলিডে	রিসোর্টস	3
হলিডে	রিসোর্টস	লিমিটেড	3
করেন	যে	তিনি	3
উল্লেখ	করা	হয়	3
একটি	বাংলাদেশী	চলচ্চিত্র	3
জায়গা	করে	নেয়	3
মনে	করেন	এই	3
এতে	অভিনয়	করেন	3
এইজ	অব	কনসেন্ট	3
নিষিদ্ধ	করা	হয়	3
প্রায়	তিন	বছর	3
কাজ	শুরু	করেন	3
কাজ	করে	থাকে	3
তাঁর	বাবার	নাম	3
এবং	মায়ের	নাম	3
খেলায়	অংশগ্রহণ	করেছেন	3
ভারতের	পশ্চিমবঙ্গ	রাজ্যের	3
অ্যাক্টরস	গিল্ড	পুরস্কার	3
যথাক্রমে	কোন	কাঠামোর	3
প্রদান	করে	থাকে	3
করতে	হবে	এবং	3
তার	নামে	একটি	3
করার	পর	তিনি	3
২০০০	সালের	মধ্যে	3
বাংলাদেশ	ও	ভারতে	3
করতে	ব্যবহৃত	হয়	3
নিয়ে	যাওয়া	হয়	3
প্রকাশ	করা	হয়	3
স্থান	দখল	করে	3
অবসর	গ্রহণ	করেন	3
করতে	দেখা	যায়	3
তিনি	মূলতঃ	ডানহাতি	3
বলা	হয়ে	থাকে	3
লাভ	করে	এবং	3
নামে	নামকরণ	করা	3
নামকরণ	করা	হয়েছে	3
এ	ইউনিয়নে	১টি	3
সালে	ওয়েস্ট	ইন্ডিজের	3
ইউটিউব	এ	খেলা	3
এর	বুটলোডার	আনলক	3
করা	আছে	আমার	3
এর	মোড	ভার্সন	3
আচ্ছা	ব্যাকআপ	হওয়া	3
ব্যাকআপ	হওয়া	পিক	3
ডিলিট	হয়ে	গেলে	3
হয়ে	গেলে	গুগল	3
গেলে	গুগল	ফটোস	3
গুগল	ফটোস	থেকে	3
আচ্ছা	ব্রো	তাহলে	3
থেকে	মান	হীন	3
মান	হীন	পোস্ট	3
হীন	পোস্ট	গুলো	3
পোস্ট	গুলো	ডিলিট	3
গুলো	ডিলিট	করিয়ে	3
ডিলিট	করিয়ে	আসুন	3
আপনার	ফেইসবুক	লিঙ্ক	3
গুগল	দেখেন	ওল্ড	3
দেখেন	ওল্ড	ভার্সন	3
ওল্ড	ভার্সন	আছে	3
খেলে	আমার	বুদ্ধি	3
আমার	বুদ্ধি	কমে	3
বুদ্ধি	কমে	যাবে	3
ঝোল	দুপুরে	ভাত	3
পাশাপাশি	বসে	চাঁদ	3
বসে	চাঁদ	দেখবো	3
কপি	করে	আবার	2
তে	কাজ	করতে	2
ভাই	কে	বলছে	2
ইন্সটল	থাকতে	হবে	2
তাদের	টেলিগ্রাম	গ্রুপ	2
আমি	পেমেন্ট	প্রুফ	2
করার	কোন	সফটওয়্যার	2
কোন	সফটওয়্যার	আছে	2
সেন্ড	করা	যায়	2
জন্য	অ্যাপ	টা	2
পেপাল	থেকে	বিকাশ	2
উপকার	হইছে	ভাই	2
লাভ	টা	কি	2
আর	ঐ	পোস্ট	2
ঐ	পোস্ট	এর	2
কথা	বলতে	আসেন	2
মি	আমি	ট্রিকবিডি	2
নতুন	অনেক	দিন	2
দিন	আগে	একটা	2
কোন	ভুল	হয়ে	2
ভুল	হয়ে	থাকে	2
এর	অভাব	নাই	2
সফটওয়্যার	টা	কি	2
আমি	তো	এমনি	2
সার্ভার	নিয়ে	একটা	2
করতে	পারি	এখন	2
কাস্টম	রোম	টা	2
কাস্টম	রোম	এর	2
এর	প্রিমিয়াম	অ্যাকাউন্ট	2
এইখান	থেকে	ডাউনলোড	2
থেকে	ডাউনলোড	দেন	2
এর	মত	না	2
কানেক্ট	না	হলে	2
ক্লিক	করেন	তাহলে	2
রুট	না	করলে	2
আমি	পিছি	দিয়ে	2
দিয়ে	কানেক্ট	করে	2
তা	দিলে	ভালো	2
ফোন	চার্জ	এ	2
কি	না	তা	2
লিংক	ঠিক	আসে	2
না	দিলে	হয়	2
সেটা	জানি	না	2
মোবাইল	দিয়ে	পোর্ট	2
পোর্ট	করার	টিউটোরিয়াল	2
তোলার	জন্য	কোন	2
ভিডিও	ডাউনলোড	দিলে	2
কেউ	বলতে	পারবেন	2
পোস্ট	টা	এডিট	2
এর	একটা	লিংক	2
কিন্তু	একটা	জিনিস	2
একটা	জিনিস	কমন	2
তার	মানে	আমরা	2
মানে	আমরা	যে	2
আমরা	যে	স্তরে	2
যে	স্তরে	আছি	2
স্তরে	আছি	অন্য	2
আছি	অন্য	প্রাণীরাও	2
অন্য	প্রাণীরাও	এই	2
ভাইয়া	আমি	আপনাকে	2
আমি	আপনাকে	একটা	2
আমাদের	বিশ্বাস	করা	2
যে	আলোর	চেয়ে	2
আমি	এক	মত	2
বিলিয়ন	বছর	সামনে	2
বছর	সামনে	গিয়েও	2
সামনে	গিয়েও	নিজের	2
গিয়েও	নিজের	এক	2
তার	মানে	তিনি	2
ফিউচার	এ	গেসেন	2
এ	গেসেন	আর	2
গেসেন	আর	পরে	2
আর	পরে	তার	2
পরে	তার	বর্তমানে	2
তার	বর্তমানে	এসেছেন	2
সিম্ফনি	আই১০	এ	2
রিকুয়েস্ট	অ্যাকচেপ্ট	করেন	2
অনেক	অ্যাপ	দিয়ে	2
অ্যাপ	দিয়ে	ট্রাই	2
অ্যাপস	টা	দিয়ে	2
প্লিজ	প্লিজ	বলেন	2
প্লিজ	বলেন	কিভাবে	2
ভার্সন	টা	নিয়ে	2
নিয়ে	খুব	তাড়াতাড়ি	2
এর	কাজ	করবো	2
গুলা	ভালো	হবে	2
আমার	আইডি	নাম	2
ট্রাই	করেন	তারপর	2
করেন	তারপর	বলেন	2
অ্যাপ	টা	কাজ	2
পোস্ট	করে	যে	2
জানে	না	তার	2
পোস্ট	এ	এই	2
কি	হ্যাক	হওয়ার	2
এটা	আবার	পোস্ট	2
আর	পোস্ট	ভালো	2
ফোন	কি	আইটেল	2
থেকেই	জানতাম	বাট	2
ডিভাইস	আইডি	চেঞ্জ	2
আইডি	চেঞ্জ	করা	2
দিয়ে	কি	ইউছি	2
সিম	এ	কিনতে	2
নেট	পোস্ট	দেন	2
ড্রাইভ	লিংক	থেকে	2
ভাই	টাকা	থাকলে	2
কি	কেটে	নিবে	2
দিয়ে	ডাউনলোড	হবে	2
তো	অনেক	সময়	2
টেলিগ্রাম	এ	আসেন	2
কোনটা	থেকে	পেইড	2
থেকে	পেইড	ভার্সন	2
কোনটা	থেকে	ডাউনলোড	2
স্বাধীন	ভাইয়ার	সাথে	2
ভাইয়ার	সাথে	যোগাযোগ	2
এ	এমবি	আসে	2
তাইলে	কি	আমার	2
করার	সময়	আমার	2
ভাইয়া	আমার	ওয়ালটন	2
প্লিজ	প্লিজ	কেউ	2
মধ্যে	বেস্ট	কোনটা	2
১০	টাকা	রিচার্জ	2
যে	কোন	অ্যাপ	2
ফ্রি	থাকলে	কিছু	2
ক্যান	ইউ	গিভ	2
ইনকাম	হবে	না	2
ভালো	পোস্ট	পাইসি	2
করবো	একটু	ভালো	2
অ্যাড	হয়	নাই	2
তে	৩	টা	2
টা	ভালো	লাগে	2
আর	আমি	আমার	2
এপিকে	ডাউনলোড	করা	2
ডিটেলস	দিলে	ভালো	2
ভাই	এক	সাথে	2
ডাউনলোড	হয়	করবো	2
এ	হতে	পারে	2
এত	কম	এমবি	2
এ	অপশন	নাই	2
থ্যাংকইউ	সো	মাচ	2
এ	অনেক	ভিডিও	2
আছে	দেখতে	পারেন	2
উপকার	হবে	আর	2
ড্রাইভ	লিংক	দিতে	2
দেওয়া	লাগবে	না	2
ল্যাপটপ	এর	জন্য	2
এর	জন্য	পাই	2
দিয়ে	অ্যাকাউন্ট	খুলছি	2
খুলছি	বাট	কিছুই	2
বাট	কিছুই	তো	2
কিছুই	তো	পাইলাম	2
আর	আমার	আগের	2
হ্যাক	করলাম	আর	2
১০০৪৬২৪	এই	কোড	2
এই	কোড	ইউজ	2
কোড	ইউজ	করলে	2
কিছুই	করা	লাগবে	2
না	হলে	ট্রাই	2
হলে	ট্রাই	করে	2
বিডি	তে	নিউ	2
ভাই	আপনি	নিজের	2
ইউজ	করসি	কিন্তু	2
করে	পোস্ট	করছি	2
পোস্ট	করছি	তো	2
ভাই	অথর	হওয়ার	2
এ	ইউজ	করতে	2
এর	শেষ	এ	2
এইচটিএমএল	কোড	টা	2
আপনার	কোন	পোস্ট	2
ইউজ	করতে	মানা	2
করতে	মানা	করবেন	2
কিভাবে	কালার	করে	2
সেভ	করে	রাখলাম	2
করেন	তাহলে	ভালো	2
করে	পাবলিশ	করে	2
২৪	ঘন্টা	পর	2
আশা	করি	পোস্ট	2
আমি	ট্রিকবিডি	অ্যাডমিন	2
পোস্ট	করো	না	2
ভালো	পোস্ট	করো	2
স্পীড	পাওয়া	যায়	2
ট্রাই	করবেন	না	2
না	সব	অ্যাপ	2
সব	অ্যাপ	ট্রাই	2
লিংক	ঠিক	করেছি	2
গুগল	এ	আমার	2
টা	পারলে	দেন	2
মেগা	থেকে	ডাউনলোড	2
না	করাই	বেটার	2
টাকা	ইনকাম	এর	2
টেস্ট	করি	নাই	2
নিয়ে	কাজ	করছেন	2
ইউটিউবে	সার্চ	দেন	2
এটা	কি	কোন	2
কোন	ওয়ে	নাই	2
আউট	অফ	স্টক	2
এই	বার	আমি	2
চেঞ্জ	করতে	পারবেন	2
ফেসবুক	এ	ইন্সপেক্ট	2
এই	মেথড	এ	2
ওয়ে	থাকলে	পোস্ট	2
আপনার	ফ্যান	হয়ে	2
ফ্যান	হয়ে	গেলাম	2
এই	মডেলের	ফোন	2
পুরোনো	হলে	ও	2
হলে	ও	আপনার	2
অ্যাপ্লাই	করতে	পারবো	2
করে	রাখতে	হবে	2
বন্ধ	করে	দিব	2
এরর	দেখায়	তারা	2
ভাই	একটা	পোস্ট	2
এর	জন্য	বাট	2
সার্চ	করলেই	তো	2
নাম	বলুন	প্লিজ	2
এ	টাকা	নাই	2
করে	আমার	তো	2
খুব	উপকার	হবে	2
আমাদের	ওয়েবপেজ	টি	2
অ্যাপ	লাগে	নাকি	2
আপনি	কত	দিন	2
দিন	হলো	ইউজ	2
ভাই	আমার	এই	2
আমার	এই	অ্যাপ	2
কল	দিলে	কল	2
বা	পোস্ট	দেন	2
না	ফোন	দিয়ে	2
হয়	তাহলে	আরেকটা	2
আমার	স্যামসাঙ	গালাক্সি	2
কি	কাস্টম	রোম	2
হবে	আর	আমি	2
কোন	টাকা	কাটবে	2
ভাইয়া	আমার	স্মাইল	2
এর	ফাইল	টা	2
হবে	আমার	পোস্ট	2
হবে	তো	বাট	2
তো	বাট	আমি	2
আমি	জানতে	চেয়েছি	2
জানতে	চেয়েছি	এই	2
চেয়েছি	এই	ভিপিএন	2
ডাউনলোড	হবে	যদি	2
হবে	যদি	ও	2
ডাটা	ফাইল	টা	2
মোবাইল	এ	সেটিং	2
যদি	থাকে	তাহলে	2
লিংক	টা	দেওয়া	2
আমার	জিএফ	এর	2
জিএফ	এর	ফোন	2
করে	আর	আপনি	2
তে	নক	করছি	2
সব	কিছু	কাজ	2
টাকার	অফার	টা	2
থেকে	কিছু	ডিলিট	2
জাভা	অ্যাপ	অ্যান্ড্রয়েড	2
অ্যাপ	অ্যান্ড্রয়েড	এ	2
ভাই	পোস্ট	করেছিল	2
থিম	এর	লিংক	2
রিচার্জ	হয়	না	2
করতে	পারি	কারো	2
করে	এই	পোস্ট	2
নাম্বার	বের	করতে	2
বের	করতে	হয়	2
ভাই	এটা	শুধু	2
এটা	শুধু	এর	2
কালি	লিনাক্স	দিয়ে	2
ওর	এফবি	আইডি	2
কেউ	কি	পাইসেন	2
কি	পাইসেন	ভাই	2
থ্যাংকস	সাথেই	থাকুন	2
অথর	বানিয়ে	দেন	2
এফবি	আইডি	নাম	2
ব্লক	করে	দিবে	2
এর	বাংলা	সাবটাইটেল	2
এ	গেলে	তো	2
আসে	আমি	কি	2
আমি	কি	করতে	2
করতে	পারি	আমার	2
কোড	দিতে	পারবেন	2
একটা	করে	দিন	2
এত	ঝামেলা	করার	2
এর	মধ্যে	সবার	2
ক্লিক	করলে	কিছুই	2
করলে	কিছুই	হয়	2
অন্য	সিম	এ	2
দিয়ে	কি	চলবে	2
অ্যাডস	রিমুভ	করবো	2
হয়	আপনি	একটু	2
আপনি	একটু	চেক	2
করবো	না	প্লিজ	2
ওয়েবসাইট	এর	নাম	2
জন্য	ভালো	সাইট	2
ভালো	সাইট	কোনটা	2
পোস্ট	টা	পুরা	2
প্লিজ	জিপি	তে	2
দিয়ে	ফ্রি	ইন্টারনেট	2
তো	চেঞ্জ	হয়	2
এ	বিষয়ে	কথা	2
ঠিক	করেন	নি	2
হবে	গেম	টা	2
ডাউনলোড	করে	ইন্সটল	2
হারিয়ে	ফেলছি	এখন	2
কতক্ষণ	সময়	লাগে	2
অ্যাপ	মোড	করতে	2
মোড	করতে	হয়	2
কি	অ্যাপ	বা	2
ভাই	এমবি	লাগবে	2
ভাই	ফেসবুক	এর	2
আমার	অরিজিনাল	আইডি	2
এ	যেটা	আছে	2
বাকি	সব	ঠিক	2
ঠিক	আসে	ভাই	2
আপনি	বলছেন	এটা	2
মুভি	পাওয়া	যায়	2
পাওয়া	যায়	এমন	2
এমন	একটা	সাইট	2
অ্যাপ	নাম	বলেন	2
দিয়ে	ট্রাই	করবো	2
এখনো	বের	করতে	2
অবশ্যই	শেয়ার	করবো	2
মাথা	খারাপ	নাকি	2
হওয়ার	পর	ও	2
এক	টা	টিউটোরিয়াল	2
করে	আবার	ট্রাই	2
মুভির	লিংক	টা	2
টা	কি	পাওয়া	2
কি	শেষ	হয়ে	2
সেট	করবো	কিভাবে	2
রা	দেখতে	পারবে	2
হাজার	গুন	ভালো	2
থাকতে	হবে	না	2
দিয়ে	করলে	ভালো	2
ঐ	অফার	টা	2
কয়	দিন	পর	2
অনেক	ধন্যবাদ	পোস্ট	2
ধন্যবাদ	পোস্ট	টি	2
ভাই	আমাক	কেউ	2
হেল্প	করেন	কিভাবে	2
ভাই	এই	ভিডিও	2
এই	ভিডিও	প্যাক	2
ভিডিও	প্যাক	দিয়ে	2
ভাই	কিভাবে	রুট	2
তো	পোর্ট	করতে	2
সবার	সিম	এ	2
টা	ইউস	করতে	2
কিছু	পোস্ট	করো	2
কোন	প্রবলেম	হয়নি	2
সিম	এ	টাকার	2
এ	টাকার	মেয়াদ	2
কি	আর	কোন	2
হবে	না	জাস্ট	2
ভালো	লাগছে	পোস্ট	2
না	এপিকে	এডিটর	2
একটা	জিপ	ফাইল	2
করতে	গেলে	ইনভ্যালিড	2
নাই	ভাইয়া	আমি	2
খানে	ক্লিক	করলে	2
সহ	দিলে	ভালো	2
দিলে	ভালো	হয়তো	2
আগে	বুঝেন	দেন	2
কিভাবে	সেট	করব	2
এসএমএস	এ	কি	2
যাবে	আই	মিন	2
এ	কি	কি	2
আমি	ফোন	এ	2
করে	পোস্ট	করছেন	2
অ্যাকাউন্ট	নিয়ে	একটা	2
এর	কিছু	বুঝি	2
বুঝি	না	কি	2
তো	পাওয়া	যায়	2
না	ট্রাই	করতে	2
সো	নেক্সট	টাইম	2
নেক্সট	টাইম	খেয়াল	2
পোস্ট	টা	তে	2
কমেন্ট	করা	যায়	2
অল	সিম	অফার	2
খুব	ভালো	লিখছেন	2
ডাবলুপিএস	এনাবেল	থাকলে	2
থাকলে	ওয়াইফাই	হ্যাক	2
হ্যাক	করা	অনেক	2
কারো	ক্ষতি	না	2
পোস্ট	করেন	কমেন্ট	2
আপনার	রেফার	কোড	2
১০০০	টাকা	দিয়ে	2
কেউ	আমাকে	একটা	2
করবেন	আমি	একটা	2
এমবি	বা	টাকা	2
টাকা	না	থাকলে	2
না	থাকলে	তাহলে	2
থ্যাংকস	ভাই	আর	2
এ	প্রবলেম	হয়	2
যে	ভাই	দেখেন	2
ভাই	দেখেন	ইন্টারনেট	2
ইন্টারনেট	স্পীড	মিটার	2
রুট	ফোন	ছাড়া	2
বানানোর	একটা	পোস্ট	2
মোডিং	নিয়ে	পোস্ট	2
ডাইরেক্ট	লিংক	টা	2
আমার	সিম্ফনি	পি৬	2
পোস্ট	কাজ	হয়না	2
কাজ	হয়না	তো	2
থ্যাংকস	সুন্দর	কমেন্ট	2
পোস্ট	গুলা	অনেক	2
আর	আপনার	ফোনের	2
আপনার	ফোনের	নাম	2
এর	জন্য	করা	2
হয়	ট্রিকবিডি	এর	2
ট্রিকবিডি	এর	কাছে	2
করবো	কিভাবে	সেই	2
আমার	গুগল	প্লে	2
পোস্ট	করে	যদি	2
পোস্ট	টা	সবার	2
শো	করবো	কি	2
ছোট	ভাই	হিসাবে	2
করা	বাদ	দিয়ে	2
করার	জন্য	পোস্ট	2
প্রবলেম	সলভ	করে	2
ফেসবুক	এ	শেয়ার	2
আর	দিবে	না	2
টা	কি	এখনো	2
ফ্রী	নেট	চলে	2
ডাউনলোড	ও	হয়	2
হয়	না	কেউ	2
আইডি	লগ	ইন	2
লগ	ইন	করলাম	2
পোস্ট	না	পরে	2
পরে	এমন	কথা	2
কেন	ভাই	পোস্ট	2
উল্লেখ	করা	আছে	2
দের	জন্য	একটা	2
ব্রাউজার	এর	লিংক	2
অন	করলেই	হয়	2
একটা	বাজে	ফোন	2
পোস্ট	করেন	তো	2
চেঞ্জ	করতে	বলে	2
ক্রিয়েট	করার	পর	2
তো	খুঁজে	পাচ্ছি	2
পাচ্ছি	না	এইটা	2
কি	মেসেঞ্জার	লাইট	2
ভাবে	পোস্ট	করেন	2
টা	একটু	চেক	2
ফোন	নো	টা	2
করেন	সব	ঠিক	2
তো	মনে	হয়না	2
হুমম	ভালো	পোস্ট	2
আমার	আইডি	অ্যাক্টিভ	2
এফবি	তে	সব	2
করতে	হয়	সেটা	2
আপনি	পারলে	তো	2
এরকম	কমেন্ট	করবেন	2
পোস্ট	টা	পরে	2
অনেক	উপকৃত	হলাম	2
করার	নাই	ভাই	2
রিভিউ	করে	দেখেন	2
প্লিজ	কমেন্ট	এর	2
আশা	করি	কমেন্ট	2
ইউস	করেন	না	2
ভাইয়া	কাজ	হবে	2
আর	কিছু	বলার	2
থিম	এর	স্ক্রীনশট	2
অ্যান্ড্রয়েড	মোবাইল	দিয়ে	2
একটা	বিকাশ	এ	2
বাংলালিংক	এ	হবে	2
অ্যাপস	পিছি	তে	2
ক্লাস	৮	এর	2
টা	ভালো	হয়নাই	2
ভাই	রেফার	করলে	2
একটা	আইডি	নাম	2
পেলাম	না	তবুও	2
আপনার	মন্তব্যের	জন্য	2
যে	গেম	টা	2
হ্যাক	করার	ধান্দা	2
কি	নিজে	বানিয়ে	2
আমি	কয়েকদিন	আগে	2
তো	বলেন	না	2
অবস্থায়	ফিরে	আসবো	2
কিভাবে	সার্চ	করবো	2
রবি	ফ্রী	নেট	2
পোস্ট	দেন	উইথআউট	2
এর	সাথে	কানেক্টেড	2
অ্যান্ড্রয়েড	ফোন	এ	2
কেউ	একটু	বলেন	2
একটু	ওয়েট	করুন	2
পোস্ট	দিয়ে	কি	2
চ্যানেল	এ	এই	2
এ	এই	রকম	2
এই	রকম	কোন	2
টাকা	লোড	করলে	2
নাই	আবার	টাকা	2
করার	সিস্টেম	কি	2
কাজ	হয়	নি	2
না	হলে	হবে	2
হলে	হবে	না	2
টাকা	কিভাবে	পাবো	2
লিংক	দেওয়া	আসে	2
দেখেন	সব	বুঝে	2
সব	বুঝে	যাবেন	2
ইউস	কইরেন	না	2
তোর	এফবি	আইডি	2
করছি	বাট	রুট	2
এর	জন্য	না	2
সময়	এর	জন্য	2
এর	কাজ	করতে	2
ভাই	একটু	বেশি	2
পেমেন্ট	দিচ্ছে	না	2
আপনার	টার	চাইতে	2
ঐ	অ্যাপ	এ	2
এর	ফোন	গুলা	2
টাকা	দিয়ে	কেনা	2
নেক্সট	পার্ট	কখন	2
পার্ট	কখন	দিবেন	2
টা	নিয়ে	আগে	2
ভুল	করবেন	না	2
টা	তো	নাই	2
এইটা	কি	এফবি	2
সিম্ফনি	পি৬	এ	2
এ	এই	প্রবলেম	2
এই	ট্রিকটা	ট্রাই	2
ভেরিফাই	করবো	প্লিজ	2
করেন	ভাই	একটু	2
ফোন	এ	ড্রাইভ	2
এ	ড্রাইভ	লিংক	2
লিংক	দিলে	উপকার	2
ইন্সটল	দিব	কিভাবে	2
কিভাবে	পিছি	ছাড়া	2
কেবি	এর	বেশি	2
বের	করতে	পারলে	2
টাকা	রিচার্জ	ও	2
বাট	পেলাম	না	2
বলবেন	না	যে	2
একটু	ইনবক্স	এ	2
ইনবক্স	এ	আসো	2
এ	কোন	প্রবলেম	2
কোন	প্রবলেম	হবেনা	2
আপনি	ট্রাই	করছেন	2
বাট	পাই	নাই	2
করে	ও	কি	2
লিঙ্ক	শর্ট	করার	2
মাঝে	মাঝে	নেট	2
টা	কিভাবে	ঠিক	2
এর	পোস্ট	করেন	2
কোন	অপশন	থেকে	2
সরি	এই	অফার	2
প্রিমিয়াম	ব্লগার	টেমপ্লেট	2
আমি	খেয়াল	করি	2
নাই	থ্যাংকস	ফর	2
টার	লিংক	দিন	2
ইউস	করার	পর	2
কম্পিউটার	এর	জন্য	2
ভাই	এইগুলা	সবাই	2
হয়েছে	আমার	জানা	2
৫১২	তে	চলবে	2
ফালতু	গেম	এটা	2
এফবি	তে	রিকোয়েস্ট	2
তে	রিকোয়েস্ট	দিছি	2
প্লিজ	কথা	আছে	2
১স্ট	পোস্ট	এর	2
যাবে	কি	না	2
খেলতে	পারি	না	2
হবে	আপনি	যদি	2
করতে	বলে	কি	2
ভাইয়া	এই	অ্যাপ	2
অ্যাপ	দিয়ে	পোস্ট	2
এই	নাম্বার	এ	2
ভিপিএন	ইউস	করলে	2
পরে	তাইলে	লাভ	2
তাইলে	লাভ	কি	2
লেখা	কালার	করবো	2
আল্লাহর	নাম	এ	2
কমেন্ট	করবো	না	2
পোস্ট	টা	পড়ুন	2
দেখুন	ভালো	করে	2
দিয়ে	হ্যাক	করে	2
ভিডিও	দেখুন	না	2
দেখুন	না	বুঝে	2
ক্যামেরা	২	এপিআই	2
আপনার	মোবাইল	এ	2
ভাই	এর	চেয়ে	2
হয়	না	ব্র	2
ডাউনলোড	লিংক	প্লিজ	2
ট্রিক	বিডি	কে	2
আছে	পোস্ট	এর	2
পোস্ট	এর	লাস্ট	2
ডলার	ইনকাম	করবো	2
ভালো	ভিডিও	লিংক	2
করলে	কানেক্ট	হয়	2
করে	সেভ	করা	2
এফবি	আইডি	দেও	2
কিভাবে	প্লিজ	কেউ	2
মিডিয়াফায়ার	থেকে	ডাউনলোড	2
ডাউনলোড	করতে	অনেক	2
করতে	অনেক	প্রবলেম	2
বানাবো	কি	ভাবে	2
কাজ	করেনা	আর	2
আসে	না	ফোন	2
হয়ে	যায়	প্লিজ	2
শেয়ার	করবে	না	2
পোস্ট	দিয়েন	ভাই	2
ভাবে	সম্ভব	না	2
সম্ভব	না	তবে	2
এয়ারটেল	সিম	এর	2
পাই	না	কেন	2
করে	আমাকে	টিউনার	2
টা	গুগল	ড্রাইভ	2
সব	ই	ঠিক	2
ঠিক	ভাবে	করলাম	2
ভাবে	করলাম	বাট	2
কিন্তু	রুট	করতে	2
না	কিং	রুট	2
ভাই	কাস্টম	রিকোভারি	2
এর	টা	কি	2
এর	চাইতে	ভালো	2
কিভাবে	ভাই	বলবেন	2
তে	একটা	এসএস	2
ডাউনলোড	করে	আবার	2
এ	কি	পেমেন্ট	2
কি	পেমেন্ট	দেয়	2
না	জানতে	চাই	2
ফোন	রুট	করে	2
আমি	আর	আগের	2
আর	ও	বেশি	2
বেশি	নেওয়া	যায়	2
কি	দিয়ে	এডিট	2
এফবি	আইডি	দেবেন	2
কিছু	দিন	আগেই	2
এর	জন্য	অনেক	2
আমার	পোস্ট	দেখে	2
গেম	খেলে	মরতেসে	2
এডিট	করা	শিখাইতেন	2
করা	শিখাইতেন	তখন	2
শিখাইতেন	তখন	থেকে	2
তখন	থেকে	আপনাকে	2
থেকে	আপনাকে	ফলো	2
ভাই	লাভা	আইরিস	2
জন্য	কি	কাস্টম	2
আপনার	সবগুলো	পোস্ট	2
সবগুলো	পোস্ট	এ	2
হয়েছে	এনিওয়ে	থ্যাংকস	2
হয়ে	ডিলিট	করে	2
জন্য	অনেক	বড়	2
অনেক	বড়	ক্ষতি	2
বড়	ক্ষতি	হয়ে	2
করে	দেন	এই	2
ফুল	পোস্ট	পরেন	2
দিয়ে	খুব	সহজে	2
রিচার্জ	নিতে	পারবেন	2
করে	লিখার	জন্য	2
লিখার	জন্য	থ্যাংকস	2
ইন	করলে	লগ	2
স্টক	রোম	এর	2
এটা	রুট	করতে	2
রুট	করার	উপায়	2
করার	উপায়	টা	2
বাংলা	কোর্স	আছে	2
করতে	না	পারি	2
না	পারি	তাহলে	2
এত	ভালো	পোস্ট	2
পোস্ট	এ	দেওয়া	2
নট	ফাউন্ড	আসে	2
এর	রোম	দিন	2
রোম	দিন	তো	2
যা	আছে	সব	2
করবো	কিভাবে	এই	2
কিভাবে	এই	নিয়ে	2
ভাই	এর	আগে	2
৩	দিন	ধরে	2
স্প্যাম	স্প্যাম	স্প্যাম	2
করে	দিয়েন	আর	2
সিস্টেম	থাকলে	ভালো	2
থাকলে	ভালো	হত	2
কিছুই	করার	নাই	2
ট্রাই	করে	কাজ	2
আমার	তো	কাজ	2
করে	বলতে	পারবেন	2
কিভাবে	ইউস	করতে	2
করতে	হবে	এই	2
হবে	এই	নিয়ে	2
পোস্ট	আছে	সার্চ	2
আছে	সার্চ	করে	2
হয়ে	গেসে	অন	2
রবি	এর	ফ্রী	2
নেট	টা	কি	2
সাথে	যোগ	হবে	2
হচ্ছে	না	লিংক	2
সিটিং	আর	একটা	2
অ্যাড	করলে	হবে	2
হবে	তার	পর	2
টা	অন	করতে	2
চেঞ্জার	দিয়ে	আগে	2
কি	বিকাশ	খুলা	2
করলে	কি	পেমেন্ট	2
অ্যাকাউন্ট	করলে	কি	2
বাট	মজা	পাইলাম	2
করবো	কিভাবে	একটা	2
বাট	আমাদের	দেশের	2
কাজে	মিল	নাই	2
ভাই	আজ	থেকে	2
ফ্রী	নেট	চলছে	2
কোন	ওয়ে	আসে	2
আপনার	নাম্বার	দিন	2
ভেরিফাইড	করতে	পারবেন	2
না	পোস্ট	টি	2
পোস্ট	টি	তো	2
আপনার	জন্য	করি	2
কমেন্ট	থেকে	দূরে	2
কিন্তু	খুঁজে	পাই	2
খুঁজে	পাই	নি	2
কপি	পোস্ট	করা	2
দিয়ে	ফ্লাশ	করতে	2
ফ্লাশ	করতে	হবে	2
ফ্রী	নেট	ইউস	2
নেট	ইউস	করবো	2
ইউস	করবো	কি	2
এমবি	ছাড়া	ভিপিএন	2
আমার	ফোনের	একটা	2
ওকে	কাল	পেয়ে	2
আমি	অ্যাকাউন্ট	খুলছি	2
পোস্ট	টা	দেখে	2
বেশির	ভাগ	এ	2
হেল্প	এফবি	আইডি	2
খাজনা	থেকে	বাজনা	2
থেকে	বাজনা	বেশি	2
ভালো	লাগে	আমি	2
ইন্সটল	দিতে	গেলে	2
নিতে	হয়	তা	2
ফোন	এর	কাস্টম	2
এর	কাস্টম	রিকোভারি	2
আপনি	আপনার	ফোন	2
আপনি	কি	প্লিজ	2
ভাই	আপনে	কি	2
বলে	দেন	প্লিজ	2
কাস্টম	রোম	ইন্সটল	2
রোম	ইন্সটল	দিতে	2
ভালো	করে	ভিডিও	2
টা	খুজে	পাচ্ছি	2
আইডি	তে	একটা	2
বিষয়ে	কথা	আছে	2
ট্রাই	করবো	থ্যাংকস	2
দেওয়ার	দরকার	ছিল	2
কি	অন্য	কারো	2
অন্য	কারো	মোবাইল	2
কারো	মোবাইল	এ	2
কি	দেখতে	হবে	2
কি	অফার	টা	2
প্লিজ	ভাই	আর	2
এ	গিয়ে	ঐ	2
দেখায়	এখন	কি	2
আমি	আপনার	ফ্যান	2
গুড	পোস্ট	কেরি	2
আমার	অপ্পো	এ৭১	2
ভাই	আপনার	প্রোফাইল	2
আপনার	প্রোফাইল	দেখলাম	2
পোস্ট	হট	এ	2
সব	ফালতু	পোস্ট	2
ফালতু	পোস্ট	হট	2
আমি	কথা	টা	2
ভিডিও	দেখতে	হবে	2
বিশ্বাস	হচ্ছে	না	2
হচ্ছে	না	আপনার	2
আপনাকে	ইউটিউব	এ	2
ভিডিও	টা	দেখতে	2
দিন	পাঠিয়ে	দিচ্ছি	2
পিছি	দিয়ে	রুট	2
দিয়ে	রুট	করেন	2
ভাই	ফাইল	তো	2
না	এই	অফার	2
থ্যাংকস	অ্যা	লট	2
ভাই	আপনারা	একটা	2
অ্যাপ	টা	আমি	2
ইন্সটল	করার	সময়	2
এ	থাকা	লাগবে	2
কোয়ালিটি	সম্পন্ন	পোস্ট	2
এই	গেম	এর	2
এর	পোস্ট	আর	2
আর	কত	দেখমু	2
ভালো	পোস্ট	করা	2
নিউ	আপডেট	আসছে	2
থাকে	কি	করবো	2
ভাই	এমবি	চেক	2
এমবি	চেক	করবো	2
আপনার	ফেসবুক	এর	2
আর	ডাউনলোড	হচ্ছে	2
চেঞ্জ	করবেন	না	2
করে	আবার	কানেক্ট	2
আগের	পোস্ট	গুলা	2
ভাই	ডাউনলোড	করা	2
এ	খুব	প্রবলেম	2
ট্রিকবিডি	তে	এইটা	2
দিয়ে	লগ	ইন	2
করবো	তাহলে	কি	2
এমবি	কোথায়	পাবো	2
ডাউনলোড	লিংক	দিসেন	2
এটা	কোন	কথা	2
আমার	পিছি	তে	2
উপকার	হতে	পারে	2
করা	ভালো	না	2
যার	ফোন	এ	2
এ	কানেক্ট	হয়	2
এটা	শুধু	আপনার	2
টা	আনইন্সটল	করে	2
করবে	তাদের	জন্য	2
নেক্সট	টাইম	এমন	2
পোস্ট	টি	অনেক	2
ফাইন্ড	আউট	করতে	2
থ্যাংক	ইউ	২	2
ভাই	আমি	টিউনার	2
শেষ	হয়ে	গেলাম	2
ইউটিউব	এ	গেলে	2
কার্ড	এ	টাকা	2
এ	টাকা	অ্যাড	2
খেলতে	পারি	নাই	2
নাই	আমার	ফোন	2
ভাই	বলতে	পারেন	2
লাভ	কি	ভাই	2
আপনি	এই	লিংক	2
জানি	না	কেন	2
কেন	আমার	কি	2
এর	মিনিং	কি	2
ইউস	করবো	প্লিজ	2
এর	কোন	মিল	2
আপনার	ধারণা	ভুল	2
কি	ইউস	করতে	2
অন্য	কিছু	করতে	2
করা	যাইবো	না	2
ভাই	সবাই	তো	2
সাইট	টা	তো	2
কাজে	দিবে	থ্যাংকস	2
খুব	একটা	ভালো	2
পোস্ট	এর	বিষয়	2
ভালো	কিছু	দেওয়ার	2
এ	গিয়ে	ট্রিকবিডি	2
অ্যাড	করতে	পারেন	2
ভালো	লাগলে	টিউনার	2
মোবাইল	দিয়ে	করা	2
হলে	তো	আর	2
সফটওয়্যার	টা	ডাউনলোড	2
থিম	টা	দিতে	2
কথা	ছিলো	একটু	2
এ	অ্যাপ	এর	2
এই	লেখা	আসে	2
গ্রুপ	ইনফো	তে	2
কীবোর্ড	ইউস	করতে	2
ইউস	করতে	পারছিনা	2
গুড	পোস্ট	আমার	2
পোস্ট	আমার	খুব	2
মডেল	এর	ফোন	2
করবে	ভালো	করে	2
গুলা	ঠিক	করেন	2
সব	কিছু	না	2
না	বলেই	পোস্ট	2
নাম্বার	টি	যদি	2
নাম্বার	দিয়ে	আইডি	2
যদি	অফ	থাকে	2
কিছু	এ	বুঝি	2
করতে	হবে	অ্যান্ড	2
রিকোয়েস্ট	সেন্ড	করতে	2
করতে	হবে	যদি	2
হয়	তাহলে	ট্রিকবিডি	2
মেইল	এ	একটা	2
আপনার	পোস্ট	রিভিউ	2
পোস্ট	রিভিউ	করে	2
পোস্ট	ভালো	লাগে	2
ভালো	লাগে	তাহলে	2
লিংক	তা	ঠিক	2
আচ্ছা	ভাই	ট্রিকবিডি	2
আপনার	এফবি	লিংকটা	2
এফবি	লিংকটা	দেন	2
ক্ষতি	হবে	কি	2
পোস্ট	ও	করছি	2
পোস্ট	এ	বলে	2
জিবি	পাওয়া	যায়	2
থ্যাংকস	ট্রিকবিডি	টিম	2
ছাড়া	কি	পোস্ট	2
পোস্ট	টা	আগেই	2
ভাই	অথর	হইলেন	2
গেম	খেলে	মজা	2
ব্রো	আপনি	তো	2
জানি	বাট	শেয়ার	2
বাট	শেয়ার	করতে	2
না	তাদের	কাজে	2
ফোন	রুটেড	বাট	2
বাট	স্পিড	কম	2
ওয়াইফাই	হ্যাক	হবে	2
অনেক	ভালো	হয়েছে	2
এক	ছোট	ভাই	2
কোনো	সলিউশন	আছে	2
না	কেন	অন্য	2
অন্য	সব	অ্যাপ	2
ক্লিক	করলে	কী	2
ইনভ্যালিড	কোড	দেখায়	2
পাওয়া	যাবে	এটা	2
আমারো	এক	অবস্থা	2
ব্রো	আপনার	স্ক্রিপ্ট	2
এনআইডি	কার্ড	দিয়ে	2
তো	কোনো	কারণ	2
কোনো	কারণ	দেখিনা	2
ভাই	এত	সুন্দর	2
করে	সব	কিছু	2
জন্য	আর	একটা	2
এই	সব	কাজ	2
আশা	করি	আমাদের	2
জন্য	আশা	করি	2
লাগবে	না	ফোন	2
না	ফোন	এর	2
৩	জনকে	রেফার	2
রেফার	করলে	৩০০	2
করলে	৩০০	টাকা	2
৩০০	টাকা	৫০০	2
এটা	কি	সব	2
হেল্প	করেন	এফবি	2
কানেক্ট	করে	কি	2
ভাইয়া	মেবি	থিম	2
মেবি	থিম	এ	2
থিম	এ	ওয়ার্ডপ্রেস	2
কোথায়	কপি	করলাম	2
এমএক্স	প্লেয়ার	এ	2
ট্রিকবিডি	অ্যাপ	এ	2
অ্যাপ	এ	২	2
কিছু	আর্নিং	অ্যাপস	2
নিয়ে	কেউ	একটা	2
মোবাইল	স্লো	হয়ে	2
দিন	পর	আবার	2
মনে	হলো	আপনার	2
হয়	প্রব্লেম	টা	2
প্রব্লেম	টা	কোথায়	2
ওয়াইফাই	ইউজ	করেন	2
ফেসবুক	আইডি	দিন	2
না	পান	তাহলে	2
সার্ভার	কানেক্ট	করে	2
এর	ভার্সন	টা	2
করলেই	কি	হবে	2
দিয়ে	পেমেন্ট	হয়	2
ভাই	৪	বছর	2
টা	দেখেন	তাহলে	2
দেখেন	তাহলে	বুঝবেন	2
তো	অনেক	প্রব্লেম	2
ট্রিকবিডি	এর	অবস্থা	2
২	বার	করা	2
করা	হয়েছে	আমার	2
পোস্ট	এ	কি	2
পাসওয়ার্ড	দেখা	যাবে	2
আমার	পোস্ট	দেখুন	2
অন্য	অ্যাপ	এর	2
একটা	ডোমেইন	নিলাম	2
রা	ওই	ফর্ম	2
ফর্ম	টা	ফিল	2
টা	ফিল	আপ	2
করলে	ডাটা	গুলো	2
ডাটা	গুলো	আমার	2
গুলো	আমার	কাছে	2
আসবে	গুগল	ফর্ম	2
গুগল	ফর্ম	এর	2
মত	এটা	কিভাবে	2
করবো	এটা	করতে	2
এটা	করতে	বোধহয়	2
করতে	বোধহয়	পিএইচপি	2
বোধহয়	পিএইচপি	লাগবে	2
পিএইচপি	লাগবে	আমি	2
লাগবে	আমি	পারি	2
বা	ভিডিও	টিউটোরিয়াল	2
ভিডিও	টিউটোরিয়াল	লিংক	2
ডাউনলোড	করতে	পারো	2
করতে	পারো	আমি	2
জাভা	ইউজার	আছে	2
না	পারেন	তাইলে	2
করা	লাগবে	আমি	2
আমি	অল	টাইম	2
আগে	পোস্ট	টা	2
টা	না	পড়ে	2
না	পড়ে	কমেন্ট	2
৫	মিনিট	পর	2
ট্রাই	করেন	আমি	2
অনেক	ডিভাইস	এ	2
বোর্ড	চ্যালেঞ্জ	এর	2
করেন	তাহলে	আপনার	2
না	কেউ	প্লিজ	2
ভাই	পোস্ট	গুলো	2
এইটার	মেয়াদ	বাড়ানোর	2
এর	মধ্যে	কি	2
আপনার	চলে	না	2
আগে	আমি	এই	2
পোস্ট	করছিলাম	আজ	2
ব্রো	রবি	তে	2
এক	পোস্ট	বারবার	2
যাদের	কাছে	এসএমএস	2
নাইস	পোস্ট	খুব	2
রিপ্লাই	দেওয়ার	জন্য	2
চেষ্টা	করে	দেখতে	2
কোয়ালিটি	ডাউনলোড	করা	2
আপনার	জন্য	নয়	2
অনেক	আগেই	থেকেই	2
শেয়ার	করবেন	আমি	2
টাকা	পেলাম	না	2
কি	পোস্ট	করে	2
না	ওই	অ্যাপ	2
ভাইয়া	পোস্ট	এ	2
হা	হা	লোল	2
কিছুই	জানি	না	2
করতে	পারবেন	ভাইয়া	2
ব্রো	বাট	আমার	2
অনেক	ট্রাই	করছে	2
বাট	হয়	না	2
করা	যায়	ইউটিউব	2
পিসি	দিয়ে	রুট	2
দিয়ে	রুট	করে	2
বাট	এই	টা	2
আমাদের	এরিয়া	এখনো	2
পোস্ট	থ্যাংকস	ভাই	2
পোস্ট	দাও	ভাই	2
ভাই	এয়ারটেল	এ	2
এ	কি	চলবে	2
এফবি	তে	ও	2
কিভাবে	চেক	করবো	2
জন্য	থ্যাংকস	আর	2
এডিট	করবো	কিভাবে	2
প্যাক	এর	কোড	2
কে	বলছে	যে	2
ডিসকভারি	চ্যানেল	এর	2
চ্যানেল	এর	শোগুলা	2
এর	শোগুলা	আছে	2
আপনার	টেলিগ্রাম	আইডি	2
কিন্তু	পরে	অনেক	2
আমি	নিউ	মেম্বার	2
নিউ	মেম্বার	তো	2
পোস্ট	গুলো	ভালো	2
কিভাবে	লগইন	করবো	2
করবো	ওই	অপশন	2
কোন	ভিডিও	এর	2
প্রোফাইল	পিক	টা	2
এ	অ্যাপ	টা	2
টা	ইউজ	করতে	2
এর	চেয়ে	ইজি	2
ইনকাম	করতে	হলে	2
কিভাবে	কাস্টম	রোম	2
আপনার	আসল	নাম	2
আসল	নাম	কি	2
বলি	নাই	আমি	2
ডেভেলপ	করা	অ্যাপ	2
কাজ	করবে	দেখুন	2
পোস্ট	ডিলিট	হবে	2
ইসলামিক	পোস্ট	লেখার	2
কমপ্লিট	করতে	পারবেন	2
হবে	তাই	তো	2
তো	ফোন	এ	2
পাবলিশড	হবে	না	2
লিংক	শেয়ার	করলাম	2
কমেন্ট	ডিলিট	করে	2
এটা	তে	কি	2
থ্যাংকস	ভাইয়া	আমি	2
আমি	সি	প্রোগ্রামিং	2
কোনো	কাজ	তো	2
তো	করে	না	2
১	টা	ম্যাচ	2
খেলা	যায়	না	2
পোস্ট	বাট	অনেক	2
ভালো	থাকলে	স্পিড	2
সব	কপি	পোস্ট	2
আমি	বলছিনা	যে	2
বাট	আপনি	তো	2
মনে	হয়	অনেক	2
না	ভাই	বাট	2
আপনি	কোনো	পোস্ট	2
কোনো	পোস্ট	দেন	2
পোস্ট	দেন	না	2
একটু	দেখুন	কিছু	2
কিছু	আছে	কিনা	2
দেন	না	হয়	2
একটা	ভিডিও	দেন	2
ভিডিও	করে	ইউটিউব	2
ভাই	এই	স্ক্রিপ্ট	2
ভাই	আপনার	ওয়েবসাইট	2
ওয়েবসাইট	এ	ঢুকতে	2
টাকা	ক্যাশ	ইন	2
খোলার	কোনো	ওয়ে	2
ভাই	এখন	রেফার	2
এই	ভাবে	পোস্ট	2
আচ্ছা	যদি	অন্য	2
আপনি	কোন	রোম	2
জন্য	কোন	ভিপিএন	2
টা	অনেক	ভাল	2
ভাই	সিম্ফনি	এক্সপ্লোরার	2
প্লিজ	একটা	টোয়ারপ	2
একটা	টোয়ারপ	দিন	2
টোয়ারপ	দিন	প্লিজ	2
দিন	প্লিজ	প্লিজ	2
একটা	অপশন	আছে	2
কোন	ওয়েবসাইট	নাই	2
ট্রিকবিডি	তে	আজকে	2
এখন	খুব	ভালো	2
ভাই	এটা	করতে	2
এটা	করতে	কি	2
করতে	কি	রুট	2
কি	রুট	লাগে	2
অনেক	আগে	একবার	2
রানা	ভাই	প্লিজ	2
ফোন	রুট	করবো	2
আগে	থেকেই	ব্যবহার	2
থেকেই	ব্যবহার	করি	2
পর	আর	চলে	2
সব	গুলা	ড্রাইভ	2
না	এরর	দেখায়	2
নাইস	গেম	ভাই	2
ভাই	এটা	ই	2
জানা	থাকলে	কেউ	2
আপনি	যদি	একটু	2
হেল্প	করেন	কি	2
টি	ইউস	করলে	2
এতে	সবার	অনেক	2
ভার্সন	১০	এ	2
ওয়াইফাই	এর	পাস	2
এফবি	এমবি	দিয়ে	2
এমবি	দিয়ে	চলবে	2
হা	হা	রাইট	2
নিয়ে	পোস্ট	করছি	2
ব্যবহার	করতে	পারবেন	2
আর	কত	দিন	2
পোস্ট	রিভিউ	করেন	2
আগে	থেকে	থ্যাংকস	2
আমি	আপনার	পোস্টের	2
বানানো	শিখতে	চাই	2
ট্রান্সলেট	করা	যায়	2
করতে	অ্যাপ	লাগে	2
রিপোর্ট	করে	দিসি	2
ওয়েলকাম	স্টে	উইথ	2
যায়	মোবাইল	দিয়ে	2
ফ্রী	নেট	চালানোর	2
বেসিক	থেকে	প্রিমিয়াম	2
কী	করতে	হবে	2
কত	টাকা	লাগবে	2
চালু	করলে	ভালো	2
টা	প্লে	স্টোর	2
থাকলে	প্লিজ	কেউ	2
অন্য	কোন	ফোনে	2
ভাই	আমার	ফ্রেন্ড	2
নিয়ে	কাজ	করছি	2
ভাই	আমি	যখন	2
করে	পোস্ট	করুন	2
ওল্ড	ইস	গোল্ড	2
ভাই	আমি	ওয়াইফাই	2
দিয়ে	কানেক্ট	করার	2
কানেক্ট	করার	পর	2
ওয়াইফাই	ইউজ	করছি	2
করে	দেয়	তাহলে	2
কানেক্ট	করতে	পারবো	2
করলে	আমি	কোনো	2
৮	ভালো	আমার	2
ভালো	আমার	মতে	2
দিলাম	এখন	ইউজ	2
ইউজ	করবো	কীভাবে	2
আইডি	দিবেন	প্লিজ	2
কত	পয়েন্ট	লাগবে	2
নেক্সট	এ	চেষ্টা	2
এ	চেষ্টা	করবো	2
প্লিজ	ঠিক	করে	2
ভিতরে	তাহলে	খুব	2
তাহলে	খুব	উপকার	2
ভাই	কানেক্টেড	হয়	2
কানেক্টেড	হয়	চলে	2
চলে	না	শুধু	2
দিয়ে	ফেসবুক	চলে	2
থেকে	কপি	মারছেন	2
রেফার	বোনাস	দেয়	2
এখন	আমার	প্রশ্ন	2
আপনার	কাছে	আছে	2
৳	কিভাবে	কিনবো	2
দিছি	এক্সেপ্ট	করেন	2
এর	কোন	অপশন	2
না	তো	প্লিজ	2
ফাইল	তো	ডাউনলোড	2
তো	ডাউনলোড	করতে	2
এড	করতে	হবে	2
ভাই	এটা	সবাই	2
মোবাইল	দিয়ে	ব্রাউজ	2
এটা	আগে	থেকে	2
লিঙ্ক	ভিজিট	করে	2
থাকে	না	তাই	2
দিয়ে	দেখা	যাবে	2
ভুলটা	ধরিয়ে	দেওয়ার	2
স্টক	রিকভারি	ইমেজ	2
রিকভারি	ইমেজ	দিন	2
এক	কথায়	অসাধারণ	2
হয়	কিন্তু	কিছুই	2
জানি	তবুও	শেয়ার	2
টা	ব্যবহার	করে	2
যেটা	ভালো	লাগবে	2
১০০	এমবি	লিমিট	2
তে	তো	আর	2
তে	অনেক	আগেই	2
ও	আছে	এই	2
পোস্ট	করে	মানুষকে	2
লিঙ্ক	দিলে	ভালো	2
অন্য	আইডি	থেকে	2
ভাই	হ্যাক	করার	2
কি	লাকি	প্যাচার	2
ব্রো	অসাম	পোস্ট	2
আবার	ঠিক	হয়ে	2
পাবলিশ	করেন	প্লিজ	2
এর	মধ্যে	অফ	2
প্রবলেম	আছে	নাকি	2
ট্রিকবিডি	এর	সবাই	2
জানে	নতুন	কিছু	2
টা	ইন্সটল	দিয়ে	2
রুট	পারমিশন	দিলাম	2
পারমিশন	দেওয়ার	পর	2
কেমনে	বলবেন	প্লিজ	2
করলে	আরও	ভালো	2
আরও	ভালো	হইতো	2
আসে	যায়	না	2
ভাই	আর	আপনার	2
ট্রায়াল	এর	পর	2
পর	আবার	কিভাবে	2
আবার	কিভাবে	নিব	2
কিভাবে	নিব	ভাই	2
বাট	সেটা	তো	2
তো	দেখি	না	2
অবশ্যই	ট্রাই	করে	2
লাগে	না	বাট	2
ভাইয়া	প্লিজ	দেন	2
হা	হা	কি	2
করুন	প্লিজ	আমি	2
ফোন	এর	ইউসার	2
এই	ডাটা	রিস্টোর	2
ডাটা	রিস্টোর	করতে	2
কি	ব্যাকআপ	ডাটা	2
ব্যাকআপ	ডাটা	টা	2
ডাটা	টা	কে	2
মিনিমাইজ	করে	অন্য	2
প্লিজ	বলুন	প্লিজ	2
হা	হা	এটা	2
কিছু	হলো	না	2
কোনো	প্রিমিয়াম	ভিপিএন	2
কানেক্ট	হইসে	বাট	2
বাট	এফবি	গুগল	2
ওল্ড	হয়ে	গেছে	2
নিয়ে	হাজির	হবো	2
পোস্ট	দেখে	আমার	2
ফ্রি	বেসিক	দিয়ে	2
কি	নাকি	শুধু	2
করা	আছে	ট্রিকবিডি	2
ট্রিকবিডি	তে	খুঁজে	2
দিন	আগে	পোস্ট	2
আর	এয়ারটেল	এর	2
পাবো	১০	টাকা	2
টাকা	রিচার্জ	নিতে	2
পোস্ট	আমি	ডিলিট	2
কীবোর্ড	এর	মতো	2
লেখা	যায়	না	2
আমার	ভাই	এর	2
ভাই	এর	২	2
আমার	১	টা	2
বিটকয়েন	এ	নিতে	2
নাম	তো	চেঞ্জ	2
একটা	আইডি	দিয়ে	2
আইডি	দিয়ে	কমেন্ট	2
অন্য	আইডি	দিয়ে	2
এটা	তো	আপনি	2
একটি	পোস্ট	করার	2
করি	তাহলে	হবে	2
তাহলে	হবে	কি	2
পোস্ট	করেন	আপনার	2
আমাকে	টিউনার	বানায়	2
টিউনার	এর	জন্য	2
সাইট	এ	লগইন	2
কি	৩	দিন	2
কাজের	পোস্ট	ব্রো	2
কি	পেমেন্ট	পাইছেন	2
আমি	কালকে	ফ্রি	2
পারছি	না	একটা	2
তে	সমস্যা	হবে	2
স্কাই	ভিপিএন	আমার	2
ভাই	সঠিক	ভাবে	2
পারবে	না	আর	2
না	আর	পোস্ট	2
রুট	করবো	কেমনে	2
সব	ই	বুঝলাম	2
অন	করে	রাখি	2
এটা	কোন	প্রবলেম	2
যায়	না	এটা	2
ভাই	এটা	কাজ	2
দিন	আগে	এই	2
করবো	আমি	তো	2
মতো	কাজ	করে	2
আমার	তো	আসে	2
কি	কাজে	লাগে	2
আমার	আসে	নাই	2
জন্য	অপেক্ষা	করতেছি	2
এ	কি	এখনো	2
মোবাইল	দিয়া	কি	2
কি	দেখা	যাবে	2
আইডি	লিঙ্ক	দিন	2
পড়েছেন	নাকি	না	2
অনেক	ট্রাই	করেও	2
করেও	লগইন	করতে	2
তাই	ডিলিট	করে	2
অনেক	কিছু	জানলাম	2
কিছুই	জানে	না	2
আগেও	অনেক	বার	2
কোন	ভার্সন	টা	2
কিভাবে	তৈরি	করবো	2
মার্শমেলো	কিভাবে	রুট	2
দিন	প্লিজ	আমি	2
জিনিস	বার	বার	2
আমি	তো	কোনো	2
কাজ	করবে	চেক	2
দিয়ে	ডাউনলোড	হয়	2
প্লিজ	আমার	খুব	2
নোট	৯	প্রো	2
বুঝতে	সুবিধা	হবে	2
আপনি	কিছুই	জানেন	2
কিছুই	জানেন	না	2
এসএএস	এসএস	এর	2
এসএস	এর	মত	2
এর	মত	হয়েছে	2
আপলোড	করতে	পারবেন	2
আমি	একবার	এই	2
ভাই	আপনার	লিঙ্ক	2
বাট	লগইন	করতে	2
লগইন	করতে	গেলে	2
ইনকাম	করা	যায়	2
কিন্তু	ডাউনলোড	করতে	2
ডাউনলোড	করতে	প্রবলেম	2
২	টা	সিম	2
কিন্তু	এই	পোস্ট	2
ভাই	আমার	ললিপপ	2
বন্ধ	হয়ে	যাচ্ছে	2
হয়ে	যাচ্ছে	প্লিজ	2
করলাম	কাজ	করে	2
কি	ভাবে	ঠিক	2
ভাবে	ঠিক	হবে	2
ঠিক	হবে	এটা	2
যাবে	আবার	কল	2
এসব	সাইট	থেকে	2
যদি	জানা	থাকে	2
না	দিতে	চাইলে	2
অ্যাপ	এর	ভিতর	2
ইউজারনেম	আর	পাস	2
গিগ	হচ্ছে	আপনার	2
কিছু	সুন্দর	সুন্দর	2
আপনাকে	কাজ	দিবে	2
পোস্ট	করতে	থাকেন	2
ফাইল	আছে	এটা	2
কিভাবে	ডিলিট	করবো	2
পোস্ট	করে	থাকলে	2
কষ্ট	করে	আমার	2
এডমিন	ভাই	আমাকে	2
টিউনার	করেন	আমার	2
এপ্রুভ	করেন	প্লিজ	2
করার	পর	বোনাস	2
ফেসবুক	আইডি	কি	2
কোনোভাবে	ফেরত	পাওয়া	2
১৪	দিন	হয়ে	2
করি	এখন	কি	2
এখন	কি	আর	2
ফ্রি	কথা	বলা	2
আমার	মোবাইল	ললিপপ	2
আগে	থেকেই	ইনস্টল	2
না	মজা	নাই	2
বিকাশ	করে	দিতে	2
একটু	জানাবেন	আর	2
এই	ফ্যাক্টরি	সেই	2
ফ্যাক্টরি	সেই	ফ্যাক্টরি	2
সেই	ফ্যাক্টরি	না	2
কি	পেমেন্ট	পাবো	2
হওয়ার	সম্ভাবনা	আছে	2
লিংক	দেন	দরকার	2
অ্যাপটা	দিয়ে	কি	2
চাই	কি	করবো	2
তাদের	জন্য	পোস্ট	2
জন্য	পোস্ট	করা	2
তাদের	জন্যই	এই	2
আশা	করি	ক্লিয়ার	2
অন্য	ব্রাউজার	দিয়ে	2
এ	এনআইডি	কার্ড	2
আপনার	ফেসবুক	আইডিটা	2
ফেসবুক	আইডিটা	একটু	2
অ্যাপটা	ডাউনলোড	হচ্ছে	2
আবার	শুরু	থেকে	2
ট্রিকবিডিতে	পোস্ট	করার	2
একটা	ভালো	কাস্টম	2
কার্ড	নাই	পেপাল	2
কেমনে	করবো	হেল্প	2
করে	রাখলে	আর	2
চাই	এখন	কি	2
টাকা	দিলে	কি	2
ইনবক্স	মি	প্লিজ	2
কষ্ট	করে	লিখছেন	2
ই১০	রুট	করবো	2
জানিয়ে	দিন	আর	2
দিন	আর	ফ্লেক্সি	2
টাকা	দিয়ে	কেউ	2
অ্যাকাউন্ট	কিভাবে	খুলবো	2
পোস্ট	করবেন	আশা	2
ভাই	আমার	ল্যাপটপ	2
আর	নেই	আপনার	2
অ্যাড	করবো	কেমনে	2
হবে	এটা	নিয়ে	2
ভালো	হবে	সেটা	2
হবে	সেটা	নিয়ে	2
স্ক্রিনশট	ছাড়া	পোস্ট	2
নতুন	কিছু	শিখলাম	2
কিছু	শিখলাম	ব্রো	2
নেক্সট	টাইম	দিবো	2
করার	কী	দরকার	2
গেম	খেলতে	পারেন	2
পারেন	তাহলে	আপনি	2
কাস্টম	রোম	কি	2
না	কি	হবে	2
তো	২	বছর	2
আর	ভাল	লাগে	2
ভাইয়া	আমাকে	হেল্প	2
পোর্ট	কিন্তু	আমি	2
না	আগের	কমেন্ট	2
প্লিজ	টুনার	মি	2
ওয়েলকাম	ভাই	আশা	2
সবাই	ডাউনলোড	করে	2
যত	খুশি	তত	2
আমি	যদি	প্লেস্টোর	2
যদি	প্লেস্টোর	থেকে	2
কিন্তু	স্ক্রিনশট	দিলে	2
মাঝে	মাঝে	কানেক্ট	2
মাঝে	কানেক্ট	হয়	2
পেন্ডিং	হয়ে	যায়	2
কিটক্যাট	এ	কাজ	2
এটা	দিয়ে	শুধু	2
শুধু	এমবি	নষ্ট	2
এখন	পাওয়া	যাবে	2
করতে	সমস্যা	হচ্ছে	2
তাহলে	প্লিজ	আমাকে	2
এক্সট্র্যাক্ট	করতে	হবে	2
করতে	হবে	ব্রো	2
হওয়ার	পর	এরর	2
শেষ	হলে	পেমেন্ট	2
কয়েন	দিয়ে	টাকা	2
ট্রান্সফার	করা	কিভাবে	2
এর	কথা	ভাই	2
এর	জন্য	যেই	2
সেই	লিংক	থেকে	2
লাগে	না	কিছু	2
ব্রো	প্লিজ	টা	2
১টা	পোস্ট	দেন	2
কিন্তু	আমাদের	এখানে	2
এটা	করা	সম্ভব	2
করা	সম্ভব	নয়	2
করতে	হবে	সেটা	2
কত	টাকা	হয়	2
হয়	ভাই	প্লিজ	2
এর	লিংক	হবে	2
পোস্ট	কাকে	বলে	2
করি	নাই	কিন্তু	2
আসে	না	আর	2
অ্যাপ	মড	করা	2
দেখে	মুগ্ধ	হয়ে	2
জন্য	একটা	রম	2
এই	অফারটি	এখন	2
কি	অথর	হওয়ার	2
বলুন	প্লিজ	প্লিজ	2
এয়ারটেল	বন্ধ	সিম	2
১	ডলার	হতে	2
হতে	কত	দিন	2
জিপড	অ্যাপস	নামের	2
কি	উইথড্র	করার	2
কিন্তু	ইউজার	নেম	2
থেকে	ইন্সটল	করা	2
আমার	এমএক্স	প্লেয়ার	2
না	এটা	দিয়ে	2
কাজ	হয়না	ভাই	2
আমার	স্যামসাং	এস৩	2
করেছি	ভাই	কিন্তু	2
কিন্তু	কোনো	রিপ্লাই	2
ওকে	ট্রাই	করে	2
ট্রাই	করলাম	হলো	2
হলো	না	ভাই	2
এই	অফার	পাবে	2
সুপার	পোস্ট	ভাই	2
করেছি	কিন্তু	কাজ	2
লাকি	প্যাচার	অ্যাপ	2
অ্যাপ	কি	কাজ	2
আপনার	কাছে	থাকলে	2
কীভাবে	সেট	করবো	2
বিকাশ	অ্যাপ	এ	2
বিকাশ	অ্যাপ	থেকে	2
তো	রেজিস্ট্রেশন	করা	2
তৈরি	করতে	হবে	2
হবে	ইএস	ফাইল	2
ওটিজি	সাপোর্ট	না	2
সবার	ক্লিয়ার	হয়ে	2
করার	যদি	কোনো	2
কোড	কি	আমি	2
ভাই	অনেক	সময়	2
দেখি	কোনো	পেজ	2
আমি	থাকি	তাহলে	2
হ্যাং	করে	না	2
করে	না	কিন্তু	2
ব্যাকগ্রাউন্ড	প্রসেস	অফ	2
হেল্প	করুন	আমার	2
ইনস্টল	দেওয়ার	পর	2
আপনি	নিজেই	পারবেন	2
পোস্ট	করতে	পারবেন	2
কোনো	সাইট	আছে	2
অনেক	ভালো	কাজ	2
এখন	আমার	কাছে	2
কি	ডাউনলোড	করা	2
তে	ঢুকতে	পারছি	2
কিভাবে	সেট	করলেন	2
না	জেনে	কথা	2
পেলাম	না	লিংক	2
লিংক	দিন	তো	2
কি	কি	কাজ	2
দিলে	সবার	জন্য	2
জন্য	ভালো	হতো	2
ধরে	ব্যবহার	করছি	2
পোস্ট	ভাই	আপনার	2
আইডি	চেঞ্জ	হবে	2
এই	নিয়ে	ট্রিকবিডি	2
প্লিজ	সাহায্য	করুন	2
লিংক	দিয়ে	যদি	2
দিয়ে	যদি	অন্য	2
তাহলে	কি	ওই	2
দিয়ে	ফন্ট	চেঞ্জ	2
ভিডিও	টিউটোরিয়াল	দেখতে	2
দেখতে	পারছেন	না	2
পারছেন	না	তারা	2
এটা	কি	লেনোভো	2
কি	লেনোভো	এ৩৬৯আই	2
ফেসবুক	লিংক	দিন	2
তবুও	কাজ	করে	2
একটু	সাহায্য	করতে	2
যাচ্ছে	না	ভাই	2
কোথায়	পাবো	প্লিজ	2
তো	কাজ	করতেছে	2
রম	ডাউনলোড	করে	2
করে	আমি	জানি	2
পোস্ট	করলে	উপকার	2
ধন্যবাদ	তবে	আমি	2
আমি	এটা	ফ্রি	2
এটা	ফ্রি	ডাউনলোড	2
ফ্রি	ডাউনলোড	ট্রিক	2
করে	না	আমার	2
একটা	কথা	বলুন	2
কথা	বলুন	তো	2
করতে	পারবো	আশা	2
পারবো	আশা	করি	2
আমি	আশা	করি	2
কোনো	সফটওয়্যার	থাকলে	2
তখন	না	হয়	2
লস	হবে	না	2
না	আর	ভাই	2
না	আপনার	ভালো	2
আপনার	ভালো	লাগলে	2
ভালো	লাগলে	করবেন	2
করে	দেখেন	যদি	2
হলো	না	আবার	2
না	করে	কেমনে	2
স্প্রেডট্রাম	চিপসেট	এর	2
কিন্তু	বুট	ইমেজ	2
আনলক	করতে	পারছি	2
রম	দিতে	পারছি	2
তো	আলোচনা	করছি	2
ধন্যবাদ	চেষ্টা	করবো	2
আপনাদের	কথার	কারণে	2
কথার	কারণে	আমি	2
আপনি	যেটা	বললেন	2
সম্পর্কে	একটা	পোস্ট	2
স্লো	হয়ে	গেছে	2
অথর	আইডি	কিনতে	2
বানানোর	পোস্ট	দেন	2
দেওয়ার	পর	মোবাইল	2
দরকার	নেই	কারণ	2
করবেন	প্লিজ	আমার	2
কি	হ্যাক	করতে	2
ভাই	আপনি	ভালো	2
ওকে	চেষ্টা	করবো	2
করার	জন্য	আপনাকে	2
যুক্ত	করতে	হবে	2
থ্যাংকস	ফর	পসিটিভ	2
এখন	কি	অফ	2
কাস্টম	রিকভারি	বানানোর	2
থেকে	কতবার	উইথড্র	2
জন্য	মনে	হয়	2
মনে	হয়	অ্যাপ	2
হয়	না	এই	2
না	এই	অ্যাপ	2
এই	অ্যাপ	অনেক	2
পারবেন	অ্যান্ড্রয়েড	এর	2
পিসি	তে	ইউস	2
ইউস	এর	জন্য	2
কম	ইউস	করে	2
আমার	ফোনে	যে	2
অ্যাডমিন	ভাই	আমি	2
লিঙ্ক	টা	দেওয়া	2
দিলে	উপকার	হতো	2
এই	খান	থেকে	2
এর	ফেক	আইডি	2
ব্রো	এটা	ট্রাই	2
ভাই	আমি	বলছি	2
দিয়ে	কিছু	করা	2
কোথায়	জমা	হবে	2
লোক	এ	জানে	2
পোস্ট	ভিউ	করার	2
আসে	না	আমি	2
ট্রিক	প্রথম	থেকে	2
আমি	কি	দোষ	2
ব্রো	আপনি	আমার	2
আপনি	আমার	একটা	2
ফ্রি	নেট	একটা	2
গেম	খেলতে	গেলে	2
কঠিন	পাস	হ্যাক	2
আপনি	পারবেন	না	2
চেষ্টা	করবো	ইনশাআল্লাহ	2
জানি	ব্রো	তবুও	2
একটিভ	করবো	কিভাবে	2
আমার	অনেক	পোস্ট	2
হবে	না	গ্যারান্টি	2
পাবো	আর	কত	2
আমার	সিম	এ	2
কষ্ট	করে	লিখে	2
ভালো	পোস্ট	করুন	2
কতবার	নেওয়া	যাবে	2
২	এর	জন্য	2
এর	জন্য	অপেক্ষা	2
হবে	না	শুধু	2
এই	ব্যাপারে	একটা	2
এই	সব	কিছু	2
পর	থেকে	ফোন	2
পিসি	ছাড়া	রুট	2
ভিপিএন	ব্যবহার	করে	2
বিবি	কোড	কিভাবে	2
হয়	একটু	বললে	2
ব্রো	প্লিজ	এটা	2
প্লিজ	এটা	নিয়ে	2
করবো	কিভাবে	এটা	2
কিভাবে	এটা	নিয়ে	2
বোর্ড	চ্যালেঞ্জ	করলে	2
চ্যালেঞ্জ	করলে	কি	2
করলে	কি	পয়েন্ট	2
হচ্ছে	না	আমার	2
কম	বেশি	জানে	2
ভেরিফাই	এর	জন্য	2
জন্য	আমি	একটা	2
দেখাই	দিলে	ভালো	2
আপনার	ফেসবুক	লিংকটা	2
ফেসবুক	লিংকটা	দেন	2
যে	বিটকয়েন	এড্রেস	2
এড্রেস	দিতে	হবে	2
রুট	করেছি	বাট	2
আনলিমিটেড	জিমেইল	খোলা	2
জিমেইল	খোলা	যায়	2
খোলা	যায়	না	2
এটা	আপনার	ভুল	2
করবেন	না	ভাই	2
না	আমি	কিভাবে	2
দেখেন	বুঝতে	পারবেন	2
আর	গুগল	থেকে	2
ঠিক	আছে	কি	2
ঠিক	আছে	ভালো	2
লিঙ্ক	দেওয়া	আছে	2
আইডি	ছিল	না	2
ইউসি	দিয়ে	ট্রাই	2
হ্যাক	করার	নিয়ম	2
আর	প্লে	স্টোর	2
তে	ক্লিক	করুন	2
আচ্ছা	চেষ্টা	করবো	2
ভাই	তার	মানে	2
চাইলে	ইউটিউব	এ	2
টিউটোরিয়াল	ফলো	করতে	2
কি	করব	বলেন	2
একটা	রিভিউ	দেন	2
করে	পেস্ট	করে	2
এর	স্ক্রিনশট	গুলা	2
৫০০	এমবি	করে	2
তাদের	জন্য	এটা	2
কি	হয়েছে	আর	2
ব্যবহার	করবো	না	2
ভাই	আমার	ভিডিও	2
অন	করলে	কি	2
কি	সুবিধা	পাওয়া	2
সুবিধা	পাওয়া	যাবে	2
ভাই	ফেসবুক	লিংক	2
ব্রো	ট্রাই	করবো	2
ভাই	আমি	আজ	2
খুব	কম	তাই	2
ওয়ালটন	প্রিমো	রুট	2
বুটলোডার	আনলক	করে	2
পাবলিশ	করান	প্লিজ	2
প্লিজ	আর	আমাকে	2
কপি	পোস্ট	করেছি	2
পোস্ট	করেছি	ভাই	2
এটা	আমার	নিজের	2
টা	আছে	কি	2
ঠিক	আছে	স্পিড	2
ভাই	সবার	হবে	2
সবার	হবে	না	2
ভাইয়া	আপনার	ফেসবুক	2
থেকেই	জানতাম	কিন্তু	2
জানতাম	কিন্তু	পোস্ট	2
কিন্তু	পোস্ট	করার	2
কোনো	ব্যাপার	না	2
দিতে	পারেন	পোস্ট	2
এর	চেয়েও	সহজ	2
এটা	কি	যে	2
তাহলে	ভাই	আপনি	2
ভাই	আপনি	এই	2
করা	হয়	অনেক	2
প্লে	স্টোর	সার্চ	2
দিয়ে	ডাউনলোড	করলে	2
ডাউনলোড	করলে	ভালো	2
লাগবে	না	আমি	2
হতে	পারি	নাই	2
নাই	তাই	আমি	2
আমি	নিজে	একটা	2
যোগাযোগ	করতে	চাই	2
চাই	প্লিজ	আপনার	2
দিতে	পারতেছি	না	2
ইউস	করলে	ব্যাটারি	2
১	সপ্তাহ	আগে	2
না	কেন	বলতে	2
কেন	বলতে	পারেন	2
দিব	কিভাবে	প্লিজ	2
বলে	অন্য	কিছু	2
বলতে	পারতেন	আর	2
পারতেন	আর	আপনার	2
থাকলে	ইউজ	করবেন	2
না	লাগতে	পারে	2
এসব	কমেন্ট	করার	2
থ্যাংকস	চালিয়ে	যান	2
কম	হলে	ভালো	2
ভালো	করে	পড়েছেন	2
থেকে	ফুল	কপি	2
দিয়ে	ডাটা	চালু	2
আমার	জাভা	ফোনে	2
আপনি	একটু	হেল্প	2
রুট	করতে	চাচ্ছি	2
কিন্তু	হচ্ছে	না	2
করার	জন্য	আইডি	2
কিভাবে	চালাবো	প্লিজ	2
তাই	পোস্ট	করেছি	2
ট্রিকটা	কাজ	করে	2
দিয়ে	সার্চ	দিলে	2
সার্চ	দিলে	পাবেন	2
লিংক	দিন	আমি	2
আছে	তাদের	নিয়ে	2
আছে	পোস্ট	করবো	2
গুগলে	সার্চ	দিলেই	2
কিভাবে	আপগ্রেড	করবো	2
কোনো	অ্যাপ	থাকলে	2
এটা	দিয়ে	সার্চ	2
তারা	তো	কমেন্ট	2
তো	কমেন্ট	করতে	2
পিসি	দিয়ে	করলে	2
লিংক	শর্ট	করে	2
করে	শেয়ার	করবেন	2
লিংকে	ক্লিক	করলে	2
ভাই	কিটক্যাট	এ	2
করলে	অবশ্যই	হবে	2
হবে	আমি	আমার	2
আমি	আমার	ফ্রেন্ড	2
ফ্রেন্ড	এর	ফোন	2
ফোন	এ	ও	2
সাথে	আমি	একমত	2
ক্যাটেগরি	তে	পাবেন	2
১০	সেকেন্ড	এ	2
কি	লেটেস্ট	ভার্সন	2
আনলক	করতে	হবে	2
হবে	আর	রুট	2
রিভিউ	মাই	প্লিজ	2
মি	আপনার	এফবি	2
পেস্ট	করলেই	হবে	2
তে	মেসেজ	দিন	2
দেওয়া	যাবে	প্লিজ	2
আইডি	এক্টিভ	করে	2
কল	রেট	কেমন	2
নাইস	একটা	কথা	2
অ্যান্ড	পাস	দিয়ে	2
টা	অনেক	আগের	2
দিয়ে	লাভ	কি	2
হয়ে	যেতে	পারে	2
দিলে	বেটার	হতো	2
পাওয়া	যাবে	পোকো	2
টা	দিয়েন	আমার	2
প্লিজ	ঠিক	করেন	2
আমার	ইনকাম	অনেক	2
এত	কম	কেন	2
কেন	একটু	হেল্প	2
টা	জিপ	ফাইল	2
নাম্বার	কিভাবে	পাবো	2
ফ্রি	নেট	কিভাবে	2
সবার	সাথে	কথা	2
সব	সময়	ইউজ	2
না	অনেক	দিন	2
অনেকের	উপকার	হতে	2
জিনিস	আগে	ইউজ	2
এটা	করা	যাবে	2
ইউজ	করবে	না	2
ট্রিকবিডি	ইউজ	করে	2
বেশি	করা	যায়	2
পোলাপান	রে	ট্রিকবিডি	2
রে	ট্রিকবিডি	থেকে	2
ট্রিকবিডি	থেকে	ব্যান	2
থেকে	ব্যান	করা	2
অথর	কে	রেস্পেক্ট	2
কে	রেস্পেক্ট	করতে	2
রেস্পেক্ট	করতে	জানে	2
জানে	না	ট্রিকবিডি	2
শেয়ার	এর	জায়গা	2
চলে	না	আমি	2
করলাম	হয়	না	2
এইটা	কি	যে	2
টা	ঠিক	আছে	2
আছে	এখন	কি	2
আমার	লেখা	পোস্ট	2
পোস্ট	কোনো	কপি	2
আপনাকে	ফেসবুক	এ	2
এটা	কি	ব্লগার	2
কি	ব্লগার	এ	2
এই	অফার	গুলা	2
এফবি	আইডি	খোলা	2
খুব	প্রবলেম	হচ্ছে	2
এ	নিয়ে	একটা	2
আমার	জানা	আছে	2
ভাই	এসএস	দিলে	2
কিন্তু	ফোন	অন	2
অন্য	কোনো	লিংক	2
কোনো	লিংক	দিতে	2
হতে	চাই	আমি	2
চাই	আমি	একটা	2
পোস্ট	করছি	এখন	2
নিজের	বংশের	পরিচয়	2
আমি	ট্রাই	করি	2
পেমেন্ট	নিতে	হবে	2
ভাইয়া	এটা	দিয়ে	2
ভাই	একটা	ও	2
একটা	ও	ভালো	2
ও	ভালো	না	2
সেটা	একটু	বুঝিয়ে	2
অ্যাপ	ডাটা	ক্লিয়ার	2
ভুল	ধরিয়ে	দেয়ার	2
ধরিয়ে	দেয়ার	জন্য	2
এত	সুন্দর	কমেন্ট	2
জন্য	ধন্য	বাদ	2
এর	পোস্ট	টা	2
কোনো	সিস্টেম	নেই	2
একটু	ভালো	ভাবে	2
বললে	উপকার	হতো	2
ভাই	ডোন্ট	মাইন্ড	2
টা	কেমন	যেন	2
আপনি	কোড	টা	2
করতে	পেরেছি	আমি	2
হাজার	টাকা	ইনকাম	2
পারবেন	না	এই	2
করা	থাকতে	হবে	2
জিপি	তে	কিভাবে	2
মেয়াদ	৩০	দিন	2
ব্রো	আমি	ট্রাই	2
মান্থ	আগে	থেকে	2
তাহলে	তো	সমস্যা	2
প্যাক	এর	দাম	2
এর	দাম	সব	2
ওয়াওবক্স	থেকে	ফ্রি	2
লিখতে	কষ্ট	হয়	2
কষ্ট	হয়	তাই	2
তাই	পোস্ট	করা	2
নিয়ম	মেনে	পোস্ট	2
সাইটের	লিংক	দেওয়া	2
এটা	ঠিক	না	2
আপনি	কি	দিয়ে	2
ব্যবহার	করি	না	2
করি	না	আর	2
কি	এখন	এই	2
ইমেইল	পাসওয়ার্ড	দিয়ে	2
ভালো	টিউন	করেন	2
হবে	তা	না	2
যাবে	না	নাকি	2
যায়	এই	প্রবলেম	2
সিস্টেম	কিভাবে	করবো	2
ব্লক	হয়ে	গেছে	2
হয়ে	গেছে	নাকি	2
দিবেন	প্লিজ	আর	2
দেন	আমার	ইমেইল	2
খুশি	হবো	ভাই	2
ভাবে	কাজ	করতে	2
কিভাবে	চালানো	যাবে	2
চালানো	যাবে	এই	2
৭	দিন	মেয়াদ	2
করতে	পারবেন	জাস্ট	2
যে	লিঙ্ক	দিয়েছেন	2
এই	অ্যাপ	কি	2
কিন্তু	আমার	বাবা	2
সবার	আগে	আমি	2
পোস্ট	থ্যাংকস	ফর	2
বাট	আগে	থেকেই	2
অনেক	আগেই	থেকে	2
জানতাম	না	থ্যাংকস	2
ইনবক্স	মি	অন	2
থ্যাংকস	পোস্ট	করার	2
কি	কাজ	করছে	2
কাজ	করছে	নাকি	2
ভাই	এখানে	কি	2
যায়	আর	যদি	2
যদি	যায়	তাহলে	2
দিন	কোথায়	ছিলেন	2
পোস্ট	করেন	ইনশাআল্লাহ	2
লগইন	কিভাবে	করবো	2
মুভির	হিন্দি	ডাব	2
ফালতু	পোস্ট	দেন	2
পোস্ট	দেন	কেন	2
ভালো	লেগেছে	তাই	2
ডাউনলোড	করতে	সমস্যা	2
হ্যালো	ব্রো	আমি	2
পেমেন্ট	নিতে	পারছি	2
একটা	অ্যাপ	খুঁজছিলাম	2
ফোন	তো	রুট	2
৭	দিন	পর	2
স্পেশাল	কি	পাবো	2
কি	পাবো	সেটা	2
পাবো	সেটা	যদি	2
সেটা	যদি	একটু	2
যদি	একটু	জানাতেন	2
একটু	জানাতেন	এই	2
জানাতেন	এই	ধরুন	2
এই	ধরুন	আনলিমিটেড	2
ধরুন	আনলিমিটেড	কয়েন	2
আনলিমিটেড	কয়েন	ক্যাশ	2
কয়েন	ক্যাশ	বক্স	2
ক্যাশ	বক্স	কিউ	2
পাওয়া	যাবে	সুবিধা	2
যাবে	সুবিধা	কি	2
সুবিধা	কি	একটু	2
কি	একটু	বলেন	2
ব্যবহার	করা	হয়েছে	2
নেট	ভালো	থাকলে	2
দিয়ে	আইডি	কার্ড	2
করে	দেখেন	প্লিজ	2
বাট	অনেক	অনেক	2
এটা	ডায়াল	করলে	2
বলে	লাভ	কি	2
মানসম্পন্ন	৩	টা	2
ওয়েব	টানেল	দিয়ে	2
এর	বেশি	স্পিড	2
বেশি	স্পিড	পাচ্ছি	2
ব্রো	আমার	একটা	2
টাকা	রিচার্জ	করে	2
কেউ	কি	পারবেন	2
করলেই	হবে	নাকি	2
প্ল্যান	এর	এমবি	2
কোন	পোস্ট	থাকলে	2
সব	ফোনে	হবে	2
থেকে	বেশি	চলে	2
বেশি	চলে	না	2
চলে	না	কেউ	2
ভালো	লাগলে	লাইক	2
পোস্ট	হয়	না	2
করে	যান	আশা	2
যান	আশা	করি	2
আর	দিচ্ছি	না	2
তে	নতুন	বাট	2
পেন্ডিং	হয়ে	আছে	2
পারছি	না	ভাই	2
ভাই	কিভাবে	ডাউনলোড	2
এর	সিস্টেম	অ্যাপ	2
কিটক্যাট	এ	ইন্সটল	2
করে	দিলো	নাকি	2
ব্রাইটনেস	কমে	ওনা	2
কমে	ওনা	বাড়ে	2
ওনা	বাড়ে	ওনা	2
ডাউনলোড	করতে	না	2
আমি	যে	ভাবে	2
দা	ওয়ে	নাইস	2
দিয়ে	এফবি	আইডি	2
থেকে	কিভাবে	টাকা	2
কিভাবে	টাকা	তুলবো	2
কি	প্লে	স্টোরে	2
ফ্রি	ডাউনলোড	করার	2
করেন	কিংরুট	দিয়ে	2
ট্রাই	করে	দেখবেন	2
আর	দয়া	করে	2
এখন	কি	এটা	2
প্লিজ	এডমিন	ভাই	2
নিউ	পোস্ট	করার	2
ট্রিকবিডি	তে	এসব	2
তে	এসব	কি	2
পোস্ট	টা	একটু	2
ফাইল	ডাউনলোড	করা	2
এফবি	আইডি	দিবেন	2
ভাই	কোনো	ভিডিও	2
ভিডিও	পাওয়া	যাবে	2
মন্তব্য	করার	জন্য	2
এ	জানে	না	2
কে	শুধু	শুধু	2
শুধু	শুধু	রিপোর্ট	2
জানি	তাও	থ্যাংকস	2
পিক	সহ	এফবি	2
পেমেন্ট	নিতে	পারবেন	2
টাইম	এর	জন্য	2
এর	জন্য	লিখতে	2
লিখতে	পারছি	না	2
একটা	আইডি	ব্লক	2
আমি	লগ	ইন	2
অনেক	দিন	হয়েছে	2
না	ফোন	নাম্বার	2
রিকভারিতে	ক্লিক	করলে	2
ক্লিক	করলে	যেগুলান	2
কপি	পোস্ট	আমি	2
ট্রিকবিডি	তে	করছি	2
থিম	দিতে	পারবেন	2
এপিকে	টা	ওই	2
আমার	ডিভাইস	এ	2
ফ্রি	ফায়ার	এ	2
থ্যাংকস	ব্র	বাট	2
লিংক	দেন	দেখি	2
কি	আর	কেউ	2
ছাড়া	চলবে	না	2
আছে	বাট	আপনি	2
মেরে	বের	করে	2
বের	করে	দেওয়া	2
কপি	করে	ক্রেডিট	2
ঠিক	ঠাক	মতো	2
আছে	আমি	এফবি	2
করতে	পারবো	বাট	2
করা	কোন	ব্যাপার	2
আনার	কোনো	ওয়ে	2
চাই	কোথা	থেকে	2
দেওয়া	হয়	না	2
খুব	ভালো	লেগেছে	2
না	তো	কেমনে	2
তে	খুব	সুন্দর	2
হেল্প	করবে	না	2
টা	পোস্ট	পাবলিশ	2
পোস্ট	গুলা	পড়লে	2
অ্যাডস	এর	জন্য	2
কে	কি	বলেন	2
আমার	কানেক্ট	হয়	2
হয়	না	অনেক	2
আরো	মুভি	লাগে	2
অথর	কিভাবে	হবো	2
বিয়ে	না	করে	2
সাথে	করে	নিয়ে	2
২	আমি	যদি	2
আমি	টাইম	ট্রাভেল	2
যদি	ট্রিক	টা	2
আমার	তেমন	কোন	2
আমার	কাছে	কিছু	2
যদি	ভবিষ্যতে	যাই	2
বাট	এখন	ও	2
১	বছর	আগে	2
গরুর	গাড়ির	মতো	2
কানেক্ট	করে	দেখতে	2
করলে	তো	ভালো	2
আমি	৫	দিন	2
৫	দিন	হলো	2
দেখা	যাক	কি	2
যাক	কি	হয়	2
ভাই	আমার	প্রোফাইল	2
আছে	কিন্তু	কাজ	2
দিয়ে	মুভি	ডাউনলোড	2
নাই	ট্রিকবিডি	তে	2
এতো	বড়	পোস্ট	2
ভাই	পাসওয়ার্ড	কি	2
কি	একটু	কষ্ট	2
আসলে	ট্রিকবিডি	তে	2
বলবেন	প্লিজ	ভাই	2
আনলক	করার	জন্য	2
ক্ল্যাশ	অফ	ক্ল্যানস	2
কোনো	ঝামেলা	নেই	2
টেলিগ্রাম	এ	পিএম	2
এ	পিএম	করুন	2
আমি	তো	বলছি	2
ভাইয়া	আজকের	দিনে	2
আজকের	দিনে	এর	2
অ্যান্ড্রয়েড	ইউজার	আর	2
ইউজার	আর	আপনি	2
আর	আপনি	পোস্ট	2
আপনি	পোস্ট	করছেন	2
কাজ	করবে	এই	2
করতে	পারছিনা	হেল্প	2
আর	আমি	তো	2
কি	যে	কোন	2
মনে	হয়	ভালো	2
পেইড	কোনো	ভিপিএন	2
ভিপিএন	দিয়ে	ইউজ	2
দিয়ে	ইউজ	করেন	2
ইউজ	করছি	২	2
বাট	এটা	অনেক	2
এটা	অনেক	মোবাইল	2
মোবাইল	এ	কাজ	2
এর	মোবাইল	এ	2
মোবাইল	এ	ট্রাই	2
করছিলাম	কাজ	হয়	2
এটা	ট্রাই	করবেন	2
ট্রাই	করবেন	প্লিজ	2
না	করে	তাইলে	2
ভাই	কাস্টম	রিকভারি	2
কাস্টম	রিকভারি	ইন্সটল	2
এই	পোস্ট	কপি	2
একটু	জানান	প্লিজ	2
আইডি	ব্লক	করে	2
লিখে	সার্চ	দিয়ে	2
নাম	দেওয়া	হয়েছে	2
সাথে	শেয়ার	করবো	2
না	প্লিজ	কেউ	2
যে	কোনো	ব্রাউজার	2
ব্রাউজার	দিয়ে	করতে	2
দিয়ে	করতে	পারবেন	2
জন্য	বড়	চোখ	2
দেওয়া	হবে	থ্যাংক	2
মোবাইল	এ	কিভাবে	2
এরর	আসবে	না	2
না	অনেক	গুলা	2
ফেসবুক	এ	যোগাযোগ	2
একটা	অ্যাকাউন্ট	করে	2
আশা	করি	পেয়ে	2
করি	পেয়ে	যাবেন	2
যোগাযোগ	করবো	কিভাবে	2
ব্রো	ফোন	এর	2
ব্যাক	আপ	করে	2
যে	এরকম	পোস্ট	2
এরকম	পোস্ট	করা	2
কেমন	পোস্ট	হলো	2
জাভা	মোবাইলের	জন্য	2
আপনি	কি	এডিটর	2
সব	বুঝ	তে	2
কত	টাকা	হবে	2
কয়েনবেস	এর	বিটকয়েন	2
কল	করতে	কি	2
সবাই	পেতে	পারে	2
ডিলিট	হয়ে	যায়	2
অ্যাকাউন্ট	এ	কি	2
আর্নিং	পোস্ট	টা	2
থ্যাঙ্কস	ফর	ইউর	2
ফর	ইউর	নাইস	2
ইউর	নাইস	কমেন্ট	2
পোস্ট	করে	অথর	2
করে	অথর	হতে	2
দেয়	না	আমি	2
আমি	তো	দেখলাম	2
আসছে	না	তো	2
হবে	নাকি	এই	2
এই	অ্যাপ	ইউস	2
চেঞ্জ	হচ্ছে	না	2
অপশন	নাই	আপনি	2
গভর্নমেন্ট	কলেজ	এ	2
এ	ভর্তি	হতে	2
এমবি	খরচ	ও	2
খরচ	ও	উঠবে	2
ও	উঠবে	না	2
ভিডিও	টা	দেখুন	2
আপনার	লিংক	এ	2
এ	গিয়ে	কি	2
নিয়ে	একটা	টিউন	2
মতো	অথর	দের	2
অথর	দের	জন্য	2
দের	জন্য	আজ	2
নিয়ে	আজকাল	পোস্ট	2
আজকাল	পোস্ট	করা	2
ওয়াইফাই	আর	পাসওয়ার্ড	2
অ্যাপ	দিয়ে	হ্যাক	2
ট্রিক	দিন	প্লিজ	2
আপনি	কি	অ্যাপ	2
থাকেন	তাহলে	ডাউনলোড	2
জমা	দেওয়ার	ডেট	2
ওয়িক	এর	টা	2
ডলার	আছে	কিন্তু	2
আমার	ফেসবুক	পেজ	2
ফেসবুক	পেজ	এ	2
পেজ	এ	মেসেজ	2
না	থাকে	তাহলে	2
এডু	মেইল	এর	2
উইথড্র	করবো	কিভাবে	2
কোড	ও	ভুল	2
ও	ভুল	দেখায়	2
ডাউনলোড	দিলে	স্পিড	2
হওয়ার	কি	আছে	2
ওয়েট	করছি	ভাই	2
ভাইয়া	এর	মধ্যে	2
এর	মধ্যে	ভালো	2
আজকে	থেকে	অফ	2
আছে	গুড	পোস্ট	2
ক্যাপচা	কি	দিবো	2
টাইপ	এর	পোস্ট	2
পোস্ট	নিয়ে	হাজির	2
এর	মতো	নোটিফিকেশন	2
কোর	প্রাইম	রুট	2
না	কিভাবে	রুট	2
আমায়	হেল্প	করবেন	2
দিয়ে	অ্যাপস	এর	2
কনভার্ট	করতে	হয়	2
না	থ্যাংক	ইউ	2
চেক	করবো	কি	2
থেকে	১২১	এ	2
১২১	এ	কল	2
কোড	কপি	করে	2
স্ক্রিনশট	অ্যাড	করতে	2
করতে	জানেন	না	2
এটা	তো	আমার	2
অপেরা	দিয়ে	চেষ্টা	2
চেষ্টা	করে	দেখেছেন	2
জিপ	ফাইল	ফ্ল্যাশ	2
ফুল	টিউটোরিয়াল	ভিডিও	2
আপনি	কি	করে	2
ঠিক	করে	নিন	2
আমার	জিমেইল	হ্যাক	2
ইউ	আর	গ্রেট	2
ভালো	পোস্ট	প্লিজ	2
পোস্ট	প্লিজ	আমাকে	2
না	পোস্ট	করা	2
আমার	সাইট	টা	2
এর	বেশি	কিছু	2
ট্রিকবিডি	সাপোর্ট	আমি	2
একটা	জিনিস	বলেন	2
জিনিস	বলেন	তো	2
সত্যি	কি	চলে	2
ব্রো	আইডিএম	এর	2
করেছি	নো	কপি	2
পূরণ	করতে	পারছি	2
মি	ব্রো	প্লিজ	2
আমি	অনেক	গুলা	2
দেখতে	পারেন	আর	2
পারেন	আর	না	2
থেকে	অর্ডার	করতে	2
অনেক	অ্যাপ	এ	2
করে	দিতে	পারে	2
ব্রো	মোবাইল	থেকে	2
চালু	করার	চেষ্টা	2
ভার্সন	চেঞ্জ	হবে	2
শো	করে	কেন	2
ভাই	ট্রাই	করছি	2
কোন	ওয়েব	সিরিজ	2
ওয়েব	সিরিজ	এর	2
সিরিজ	এর	কথা	2
ধরনের	পোস্ট	গুলো	2
ট্রিক	আছে	যেটা	2
তাও	হয়	না	2
সিরিয়াসলি	কার	পোস্ট	2
আপনার	টিউটোরিয়াল	ফলো	2
ভাই	এখন	কাজ	2
এখন	কাজ	করছে	2
তো	পাচ্ছি	না	2
এর	প্রয়োজন	হয়	2
সিম	এ	১৮	2
তে	নক	করুন	2
না	জাস্ট	১	2
এর	কাজ	এর	2
করি	নাই	আমি	2
থেকে	কিভাবে	বিকাশ	2
আমি	স্পীড	পাই	2
প্রায়	বছর	আগে	2
আইরিস	৬০৫	এর	2
৬০৫	এর	জন্য	2
কাস্টম	রুম	দিতে	2
সেই	পোস্ট	টা	2
আপনি	লিঙ্ক	টা	2
লিঙ্ক	টা	একটু	2
আমি	হেল্প	করব	2
এই	এম	বি	2
এইটা	পোস্ট	করার	2
সাথে	সাথে	উইথড্র	2
করে	এমন	একটা	2
এফ	বি	তে	2
তে	পোস্ট	করেছি	2
না	হলে	ও	2
না	একটা	স্ক্রিনশট	2
ফোন	কাস্টম	রিকভারি	2
তাই	কাস্টম	রোম	2
মেয়াদ	কিভাবে	বাড়ানো	2
স্ক্রিনশট	অ্যাড	করলে	2
আমার	একটা	মোবাইল	2
মোবাইল	এ	ভলিউম	2
এ	ভলিউম	বাটন	2
ভলিউম	বাটন	নষ্ট	2
পারলাম	না	ইউ	2
না	ইউ	আর	2
এই	পাসওয়ার্ড	লিস্ট	2
এর	নাম	করে	2
এই	লিঙ্ক	থেকে	2
আমি	একদম	নিউ	2
লাগবে	আর	কোন	2
৭	টা	পোস্ট	2
মেয়াদ	কিভাবে	বাড়াবো	2
কলেজ	এর	জন্য	2
তো	সবাই	যানে	2
এর	ডাউনলোড	স্পিড	2
যেকোনো	জায়গা	থেকে	2
আইডি	ব্যান	করে	2
ব্যান	করে	দিচ্ছে	2
মোড	করলে	কি	2
কি	হয়	একটু	2
জি	মেইল	আইডি	2
মেইল	আইডি	হ্যাক	2
হচ্ছে	না	অন্য	2
আমার	কাজ	হয়না	2
স্লো	কাজ	করে	2
ওয়াইফাই	কানেক্ট	করতে	2
কানেক্ট	করতে	তো	2
ইন্সটল	করতে	হয়	2
ফ্ল্যাশ	দিতে	হবে	2
পোস্ট	করতে	পারিনা	2
করতে	ইচ্ছা	করেনা	2
একটু	কথা	বলব	2
টা	আমার	অনেক	2
আমার	অনেক	দরকার	2
কমেন্ট	টা	দেখেন	2
আপনি	একটু	কষ্ট	2
পোস্ট	এডিট	করে	2
সেকেন্ড	এ	১	2
এ	১	এমবি	2
আপনার	এফবি	এর	2
করার	পরে	আবার	2
ইউসার	ভাই	এই	2
এ	ভিডিও	দেখা	2
৩২	এন্ড	৬৪	2
ব্রো	আমার	গ্যালাক্সি	2
থাঙ্কস	ভাই	পাইসি	2
আমি	কাস্টম	রিকভারি	2
হবে	কবে	থেকে	2
অ্যাড	করবো	সেই	2
সেই	ট্রিক	টা	2
কোড	কপি	পেস্ট	2
ইউসি	দিয়ে	ফ্রি	2
অ্যাডমিন	রা	সব	2
ভালো	পোস্ট	করলেও	2
ফ্রি	ফায়ার	এর	2
কি	করবো	কোনো	2
ভার্সন	ডাউনলোড	করতে	2
আপ	এ	ক্লিক	2
ব্রো	পিসি	এর	2
পোস্ট	গুড	পোস্ট	2
কোনো	লাভ	আছে	2
ভাই	এমন	কি	2
জিএফ	এর	মোবাইল	2
কল	বা	এসএমএস	2
কিছু	জানতে	চান	2
জানতে	চান	তাহলে	2
করি	নাই	তবে	2
কেন	এসব	কপিরাইট	2
এসব	কপিরাইট	দরবে	2
কপিরাইট	দরবে	আমি	2
দরবে	আমি	কিছু	2
আমি	কিছু	প্রতিবন্ধী	2
কিছু	প্রতিবন্ধী	আমি	2
প্রতিবন্ধী	আমি	নিজে	2
আমি	নিজে	কিছু	2
নিজে	কিছু	করবো	2
কিছু	করবো	কষ্ট	2
করবো	কষ্ট	করে	2
আপনার	সাথে	এফবি	2
তোমার	বাসা	কোথায়	2
২	মান্থ	পর	2
সেখান	থেকে	কি	2
টাকা	তুলতে	পারবো	2
এই	বেপারে	পোস্ট	2
এর	এমবি	এর	2
কোথায়	করতে	হবে	2
ব্রো	কাজ	হইসে	2
গুগল	ট্রান্সলেট	ইউস	2
ফ্রি	নেট	তা	2
এতদিন	ধরে	খুজছিলাম	2
আপনি	যে	বলছেন	2
পোস্ট	এ	লেখসেন	2
বাট	এই	রকম	2
কি	এখন	কাজ	2
সব	বুঝলাম	বাট	2
পোস্ট	বাট	স্ক্রিনশট	2
ইউটিউব	চ্যানেল	লিংক	2
এটা	দিয়ে	ফ্রি	2
আমাকে	ট্রিকবিডি	এর	2
ভালো	কিছু	আশা	2
১	দিন	এ	2
ইনকাম	করতে	পারবে	2
দিলে	কি	কোনো	2
টুল	ইউজ	করে	2
ভালো	পোস্ট	নাইস	2
রেফার	এর	জন্য	2
না	আসে	তাহলে	2
হয়	না	কে	2
আমি	যে	ট্রিক	2
আপনার	হেল্প	দরকার	2
আপনার	এফবি	পেজ	2
দিসি	প্লিজ	চেক	2
প্লিজ	চেক	মাই	2
টাকা	করে	পাবো	2
এক	ফোন	এ	2
করার	ব্যবস্থা	আছে	2
ভাই	কে	বলছি	2
সেট	রুট	করবো	2
ইউজ	এর	জন্য	2
হয়	এই	পোস্ট	2
আর	পোস্ট	করলে	2
টাকা	পাবো	না	2
ফোন	দিয়ে	হবে	2
ডিলিট	করে	দিছি	2
আমার	ফোনে	কি	2
কি	কোনো	প্রবলেম	2
নাম	এ	রিপোর্ট	2
অথর	করে	দিলে	2
করে	দিলে	আমি	2
করছি	সব	গুলো	2
পোস্ট	আমি	ও	2
এস	এস	সি	2
করলে	কি	কাজ	2
অনেক	আগেই	আমি	2
দেখা	যায়	সব	2
পোস্ট	করবো	বাট	2
কপি	পোস্ট	ছাড়া	2
ভাই	গেম	টা	2
ভাই	ইসলামিক	পোস্ট	2
কিভাবে	নিতে	হয়	2
ভাই	আপনার	হোয়াটস্যাপ	2
করি	না	বাট	2
এপস	ইউজ	করতে	2
দারুন	পোস্ট	ভাই	2
ওকে	নেক্সট	পোস্ট	2
আমার	নেক্সট	পোস্ট	2
নেক্সট	পোস্ট	এর	2
পোস্ট	এর	ওয়েট	2
ওখান	থেকে	একটা	2
ভাই	টাকা	কি	2
পোস্ট	এ	আমি	2
আপনার	সেট	এর	2
কি	এডু	মেইল	2
ভাই	আমার	ফোনের	2
এর	অভাবে	পোস্ট	2
অভাবে	পোস্ট	করতে	2
নিচের	লিংক	টা	2
করে	না	ব্রো	2
না	ব্রো	আগে	2
নাম্বার	এ	ফোন	2
আর	ওখানে	ওখানে	2
কি	রুট	থাকা	2
রুট	থাকা	লাগবে	2
এর	সাইট	এ	2
সাইট	এ	দেয়া	2
টেলিগ্রাম	চ্যানেল	এ	2
এই	সময়ে	তিনি	2
সময়ে	তিনি	ভবিষ্যতে	2
তিনি	ভবিষ্যতে	চলে	2
ভবিষ্যতে	চলে	গেছিলেন	2
চলে	গেছিলেন	যার	2
গেছিলেন	যার	কারণে	2
যার	কারণে	জাহান্নামের	2
কারণে	জাহান্নামের	শাস্তি	2
জাহান্নামের	শাস্তি	জানতে	2
শাস্তি	জানতে	এক	2
জানতে	এক	সাহাবার	2
এক	সাহাবার	পায়ের	2
আমি	একটা	হাদিস	2
সূরা	আস	সূরা	2
আস	সূরা	আয়াত	2
এর	কথা	বলা	2
তায়ালা	আমাদের	পর	2
আমাদের	পর	পারহাপ্স	2
পর	পারহাপ্স	আরো	2
পারহাপ্স	আরো	জাতি	2
আরো	জাতি	সৃষ্টি	2
সৃষ্টি	করবেন	কিংবা	2
করবেন	কিংবা	করে	2
কিংবা	করে	রেখেছেন	2
করে	রেখেছেন	যারা	2
রেখেছেন	যারা	হয়তো	2
যারা	হয়তো	আমাদের	2
দরকার	ছিল	যে	2
বিট	কয়েন	এ	2
ভার্সন	এর	ফোন	2
২	বছর	আগে	2
এই	প্রবলেম	এ	2
অনেক	বেড়ে	গেছে	2
ইন্টারনেট	থেকে	ডাউনলোড	2
একটা	রিকভারি	ইমেজ	2
রিকভারি	ইমেজ	ফাইল	2
দেন	আপনার	হেল্প	2
অ্যাডমিন	কি	করে	2
লিখে	সার্চ	দাও	2
পোস্ট	দেয়া	যাবে	2
করেন	আরে	ভাই	2
করছি	বাট	পেমেন্ট	2
ভালো	পোস্ট	টা	2
আপনি	তো	বললেন	2
এ	সব	পাবেন	2
আইডি	হ্যাক	হইছে	2
একাউন্ট	কীভাবে	খুলবো	2
কীভাবে	খুলবো	প্লিজ	2
খুলবো	প্লিজ	বলেন	2
ঠিক	আছে	ডাউনলোড	2
বুঝতে	চায়	না	2
তো	ফ্রি	বেসিকস	2
আনরুট	মোবাইল	এ	2
ব্রো	এর	সাথে	2
এর	সাথে	সাথে	2
আপনিও	পোস্ট	করেন	2
পোস্ট	করেন	তাহলে	2
পর	পর	পোস্ট	2
পোস্ট	করে	প্লিজ	2
সব	পোস্ট	ই	2
অনেক	আগেই	দেখছি	2
আমার	তো	আছে	2
স্পিড	কেমন	ব্রো	2
অনেক	ভালো	লিখেছেন	2
এই	জিমেইল	মেক	2
জিমেইল	মেক	করে	2
কোনো	কাজেই	আসবে	2
কাজেই	আসবে	না	2
দেখুন	আশা	করি	2
আশা	করি	কাজে	2
করে	পোস্ট	এ	2
ভালো	পোস্ট	হবে	2
অন্য	নাম্বার	দিলেও	2
নাম্বার	দিলেও	হবে	2
করেন	আর	না	2
এগুলা	হয়	না	2
থ্যাংকস	ইউসার	ভাইয়া	2
যত্ত	সব	আবাল	2
ভাই	আপনি	এখানে	2
আঙ্কেল	টুল	দিয়ে	2
অন্য	কোনো	সাইট	2
সাইট	এর	অ্যাড	2
পিসি	তে	নেট	2
আমি	২	দিন	2
করার	কোনো	অপসন	2
অনেক	কাজের	পোস্ট	2
কথা	বুঝলাম	না	2
অপসন	তো	নাই	2
এপ	থেকে	এক্সিট	2
থেকে	এক্সিট	করলেই	2
কি	ঠিক	আছে	2
না	আসলে	আমি	2
এ	হবে	ট্রাই	2
আর	আবোল	তাবোল	2
আপনি	ট্রাই	করুন	2
হওয়ার	পর	পর	2
এপ	এ	ঢুকে	2
তো	অনেক	আগের	2
ও	কি	আছে	2
ওকে	থ্যাংকস	ব্রো	2
করেন	ভালো	হলে	2
হলে	কি	একাউন্ট	2
কি	একাউন্ট	ব্যান্ড	2
ডাটা	কানেকশন	অফ	2
কি	ভাবে	পাইলেন	2
আমি	পারবো	কন্টাক্ট	2
এখন	আর	দিচ্ছে	2
স্ন্যাপড্রাগন	৪৩৯	১২	2
কথা	আছে	এফবি	2
তো	আমার	এফবি	2
কেন	বুঝি	না	2
ওকে	ভাই	চেষ্টা	2
তেমন	কোনো	সুবিধা	2
গুলা	অফ	করে	2
বের	করেন	ভাই	2
উপায়	আছে	ভাই	2
লিংক	কেউ	দিতে	2
কেউ	দিতে	পারবে	2
এর	ভিডিও	দেখে	2
বন্ধ	হয়ে	গেলো	2
একটা	পোস্ট	আমি	2
একটা	ডাউনলোড	সাইট	2
সাইট	তৈরী	করতে	2
তৈরী	করতে	চাই	2
ভালো	হবে	আর	2
করসি	এখনো	এপ্প্রুভ	2
নাই	তাই	আর	2
ব্যাংক	এ	গিয়ে	2
টাকা	দিয়ে	নতুন	2
ধরে	ইউস	করছি	2
শুধু	এমবি	আর	2
থ্যাংক্স	ব্রো	হইসে	2
পোস্ট	করবো	ওয়েট	2
আর	পাওয়া	যায়	2
রেফার	করতে	হয়	2
আমার	প্রোফাইল	চেক	2
প্রোফাইল	চেক	করেন	2
গেলে	কি	করবো	2
পিসি	তে	ইনস্টল	2
ইনস্টল	দিলে	কি	2
স্পিড	পাই	না	2
সিঙ্গেল	করে	পোস্ট	2
করে	পোস্ট	করতে	2
পোস্ট	করার	ট্রাই	2
একাউন্ট	করা	যাবে	2
যাবে	কি	এটা	2
এমবি	এর	একটা	2
ডাউনলোড	করে	ইনস্টল	2
এর	মতো	এটা	2
এডিট	করার	জন্য	2
আইডি	ফটো	ভেরিফাই	2
যায়	কি	প্লিজ	2
ব্রো	কি	করে	2
জানা	থাকলে	বলেন	2
আপনি	ইউস	করতে	2
পোস্ট	করে	ট্রেনার	2
করে	ট্রেনার	রিকোয়েস্ট	2
না	স্কাই	ভিপিএন	2
এটা	সবার	জন্যে	2
কাজ	করে	নাকি	2
লিখে	সার্চ	করলেই	2
সবার	কাজে	আসবে	2
দরকার	যে	কোনো	2
দিন	ধরে	খুঁজতে	2
ভিডিও	তে	তো	2
সব	ডিলিট	হয়ে	2
হয়	না	আপনার	2
স্পিড	বাড়ানোর	জন্য	2
থেকে	আর	কানেক্ট	2
আর	কানেক্ট	না	2
ব্রো	ভিডিও	টিউটোরিয়াল	2
পরে	ভালো	লাগলো	2
ই	হবে	না	2
কাছে	আছে	অনেক	2
কাটবে	না	তো	2
পোস্ট	করেন	তাইলে	2
এর	ভিতরে	কোন	2
বেশি	ভালো	হয়	2
আল্লাহ	আপনার	সহায়	2
ভিডিও	ডাউনলোড	করার	2
ইউটিউব	চলে	না	2
সাইট	এ	সব	2
ড্রইড	ভিপিএন	নাকি	2
হুম	ব্রো	আপনার	2
আর	আমি	আগে	2
এতো	কষ্ট	করার	2
ফোন	দিয়ে	পোস্ট	2
থ্যাংক্স	এ	লট	2
ভাবে	রুট	করবো	2
ভাই	পোস্ট	গুলা	2
বাট	পোস্ট	এ	2
টি	আপলোড	দিলে	2
হয়	না	পারলে	2
পারলে	একটা	ফিক্স	2
একটা	ফিক্স	দেন	2
ফিক্স	দেন	রাইজেন	2
দেন	রাইজেন	প্রসেসর	2
পোস্ট	পোস্ট	এর	2
জন্য	ওয়েট	করতাসি	2
ভাই	লিংক	তো	2
এক্সপায়ার	হইয়া	গেসে	2
করার	অপসন	টা	2
ভাই	এর	থেকে	2
সাথে	কথা	বলার	2
মনে	করে	একটু	2
পোস্ট	করার	রিকোয়েস্ট	2
জন্য	থাকলে	দেন	2
এ	অ্যাড	করতে	2
ভাই	এরকম	তো	2
হবার	কথা	না	2
উপায়	নিয়ে	একটা	2
দেয়	নাই	এখন	2
অথর	না	বলে	2
চালিয়ে	যান	ব্রো	2
ভাই	বাট	এমবি	2
বাট	এমবি	পাই	2
লাগতে	পারে	ভাই	2
লাইট	ভার্সন	এর	2
টা	ঠিক	নাই	2
বাট	ট্রিক	টা	2
করবো	কিভাবে	কেউ	2
কিভাবে	কেউ	কি	2
তে	আসেন	একটু	2
এই	এপ	দিয়া	2
আপনার	সাথে	কিসু	2
কি	সব	কিসু	2
ভালো	হলো	না	2
এর	ই	কাজ	2
হ্যাক	করে	দেখান	2
ভাবে	কেউ	হেল্প	2
কেউ	হেল্প	করলে	2
হেল্প	করলে	উপকৃত	2
একটা	জিপি	সিম	2
পোস্ট	করার	আগ্রহ	2
ভাই	২০	টাকা	2
করলে	হয়	না	2
ভার্সন	কিংরুট	দিয়ে	2
আগের	মতো	নাই	2
মোড	করার	ট্রিক	2
মেগা	এপ	ডাউনলোড	2
এ	আপলোড	করবো	2
ভাই	কোড	টা	2
আপনি	গাঁজা	খেয়ে	2
গাঁজা	খেয়ে	এই	2
খেয়ে	এই	পোস্ট	2
এই	পোস্ট	করসেন	2
পোস্ট	করসেন	নাকি	2
করসেন	নাকি	টাইম	2
টাইম	শেষ	হওয়ার	2
সাথে	সাথে	আবার	2
সাথে	আবার	নতুন	2
নতুন	করে	টাইম	2
করে	টাইম	শুরু	2
টাইম	শুরু	হয়	2
ভাই	ফাইল	ডাউনলোড	2
ডাউনলোড	করার	একটা	2
করার	একটা	ভিডিও	2
ভিডিও	দেন	প্লিজ	2
বের	করে	দেয়া	2
ভাই	আমার	সেট	2
রুট	করার	সময়	2
করবো	বলবেন	প্লিজ	2
কি	রিয়েল	আইডি	2
সাথে	খেলতে	পারবো	2
ভিপিএন	দিয়ে	দেখা	2
এমবি	এর	লিংক	2
আমার	প্রাইম	ভার্সন	2
প্রাইম	ভার্সন	দরকার	2
করলাম	বাট	হলো	2
হলো	না	আপনি	2
কমেন্ট	মডারেশন	এ	2
না	দিলেও	হবে	2
দিয়ে	করলে	বেটার	2
এক	সাথে	অনেক	2
পোস্ট	করার	কথা	2
কাজ	করে	অনেক	2
এখন	কি	পাওয়া	2
একটা	কথা	বলতে	2
বলতে	চাই	এই	2
ট্রিকবিডি	তে	করা	2
আপনার	সকল	পোস্ট	2
লাগতে	পারে	তাই	2
পারে	তাই	বলে	2
করে	থাকেন	তাইলে	2
টি	ভালো	করে	2
এইচ৪০০	রুট	করে	2
হেল্প	সেট	রুট	2
আমার	নিজস্ব	কোনো	2
নিজস্ব	কোনো	ওয়েবসাইট	2
কোনো	ওয়েবসাইট	নেই	2
আমি	নিজে	থেকে	2
পোস্ট	টা	করসি	2
ওকে	এফবি	তে	2
এফবি	তে	রিকু	2
শো	করবে	কিভাবে	2
করতে	পারলে	আমার	2
দিয়া	ট্রাই	করসেন	2
কিভাবে	করেন	একটু	2
থ্যাংকস	ব্রো	কমেন্ট	2
ব্রো	কমেন্ট	এর	2
ফোন	এ	আগে	2
লগইন	করলে	হবে	2
এপ	নিয়ে	পোস্ট	2
ওহ	সরি	খেয়াল	2
করার	পর	সেভ	2
পোস্ট	পাবলিশ	করার	2
পাবলিশ	করার	জন্য	2
আর	ও	একটা	2
তোমার	পোস্ট	গুলা	2
আছে	বাট	কিভাবে	2
পোস্ট	দাও	প্লিজ	2
ব্যালান্স	এ	অ্যাড	2
এ	অ্যাড	হবে	2
কি	স্যামসাঙ	গ্যালাক্সি	2
রুট	করতে	হয়	2
ব্রো	গেম	টা	2
করার	জন্য	ভালো	2
অপসন	এ	গিয়ে	2
ভিডিও	ডেসক্রিপশন	বক্স	2
ডেসক্রিপশন	বক্স	এ	2
থ্যাংকস	ব্রো	বাট	2
পোস্ট	এই	বিষয়	2
এ	করতে	পারবেন	2
আবার	সেম	ভাবে	2
করলে	কি	কোনো	2
না	তেমন	কোনো	2
আমার	ফোন	ভার্সন	2
যে	আমার	ডাটা	2
স্ক্রিন	অফ	করে	2
অফ	করে	দিলে	2
কি	নতুন	করে	2
চেঞ্জ	হয়ে	যায়	2
ঠিক	করতে	পারেন	2
২	মাস	ধরে	2
মাস	ধরে	ইউস	2
এপ	আছে	যেগুলা	2
এত	বড়	পোস্ট	2
যাবে	এই	নিয়ে	2
তো	কোন	পোস্ট	2
এখনো	কি	কাজ	2
এ	ট্রান্সফার	করতে	2
এটা	জানার	দরকার	2
দিন	পর	যখন	2
ফ্রি	নেট	কেন	2
ক্রেডিট	পাইলাম	না	2
করছি	আমার	পোস্ট	2
থেকে	অনেক	কিছু	2
অথর	হতে	পারলাম	2
অফার	নিয়ে	পোস্ট	2
থ্যাংকস	ভাই	হইছে	2
করেন	ইউসার	ভাই	2
না	থাকলে	ও	2
পেপাল	নাই	তারা	2
ব্রাউসার	দিয়ে	ডাউনলোড	2
ট্রিকবিডি	ভিসিট	করা	2
এর	মেয়াদ	কয়দিন	2
মেয়াদ	কয়দিন	হইসে	2
সাইট	এর	কাজ	2
সিং	আপ	করতে	2
কাজ	শেষ	হইলে	2
আমি	কমেন্ট	এ	2
স্পিড	বাড়ানোর	ট্রিক	2
নাই	রে	ভাই	2
মোবাইল	ডাটা	ওয়াইফাই	2
ওয়াইফাই	অন	করলে	2
অন	করলে	ডাটা	2
যায়	এটা	কি	2
আমার	কাছে	কপি	2
জমা	হবে	আর	2
আপনার	বিট	ওয়ালেট	2
টাকা	জমা	রাখবেন	2
জমা	রাখবেন	এটা	2
রাখবেন	এটা	অনেক	2
এটা	অনেক	সিকিউর	2
এরকম	১টা	এড্রেস	2
আপনার	বিট	এড্রেস	2
সব	ই	আছে	2
টা	দিয়া	কি	2
১০০	এমবি	আর	2
করা	না	থাকলে	2
থাকলে	কি	হবে	2
তোমার	রেফার	এ	2
দিয়ে	আর্ন	করতে	2
ইউস	করলেই	হয়	2
ডিলিট	করে	ইনস্টল	2
দেখেন	কাজ	হবে	2
লিংক	দিতে	ভুলে	2
দিতে	ভুলে	গেছেন	2
আমি	পোস্ট	করে	2
না	দিস	ইজ	2
ফাস্ট	কমেন্ট	অন	2
কমেন্ট	অন	ট্রিকবিডি	2
১	জিবি	এফবি	2
আমার	এই	একাউন্ট	2
আমি	ফোন	রিস্টোর	2
ফোন	রিস্টোর	দিসিলেন	2
একাউন্ট	করতে	পারসি	2
আমার	মোবাইল	থেকে	2
এ	লগইন	করা	2
লগইন	করা	ছিল	2
আপনার	কোড	এ	2
পারলে	পোস্ট	না	2
ভাই	স্পিড	৮০০	2
বুঝলাম	না	একটু	2
জিপি	বাংলালিংক	রবি	2
১	টা	অপশন	2
তে	কি	লিখে	2
স্পিড	দেখে	আমি	2
আমি	শিহরিত	সর্বোচ্চ	2
শিহরিত	সর্বোচ্চ	৫৫৭	2
সর্বোচ্চ	৫৫৭	কেবিপিএস	2
কত	খন	লাগবে	2
আলাদা	কি	সেটাই	2
কি	সেটাই	বলেন	2
ইনস্টল	দিসি	বাট	2
করলে	কি	পোস্ট	2
হবে	ট্রিকবিডি	এর	2
হয়	সাথেই	থাকুন	2
কিভাবে	দিবো	আপনি	2
দিয়ে	ডাউনলোড	করুন	2
খুব	ভালো	সার্ভিস	2
ভালো	সার্ভিস	দেয়	2
হয়	বাট	অনেক	2
ফোন	রুট	করার	2
ফোন	রুট	হচ্ছে	2
ট্রিকবিডি	তে	যারা	2
করে	তাদের	মধ্যে	2
থেকে	ফেক	এনআইডি	2
ফেক	এনআইডি	ক্রিয়েট	2
এনআইডি	ক্রিয়েট	করে	2
ক্রিয়েট	করে	পিক্সারট	2
করে	পিক্সারট	দিয়ে	2
ফ্রি	নেট	নিয়ে	2
কাজ	করসে	বাট	2
ভাই	পাফিন	দিয়ে	2
ভাই	গুগল	এডসেন্স	2
একটা	নাম্বার	দিয়ে	2
তো	পাওয়া	যায়না	2
করবেন	না	প্লিজ	2
এ	ট্রাই	করবো	2
এর	বেপার	এ	2
তে	কি	চলবে	2
ভালো	করে	না	2
এ	সব	চেয়ে	2
সব	চেয়ে	বেস্ট	2
করতে	চান	সেই	2
ভালো	একটা	ভিপিএন	2
নিয়ে	কি	হবে	2
ভাই	দেখেন	এফবি	2
কি	বের	করা	2
আর	আসবে	না	2
আমাকে	টিউনর	বানান	2
সব	চেক	করে	2
না	এই	টা	2
পেমেন্ট	প্রুফ	সহ	2
না	বাট	আমাদের	2
অনেক	কিছুই	শিখতে	2
তো	বুঝতে	পারছি	2
স্যামসাঙ	গ্যালাক্সি	উইন	2
গ্যালাক্সি	উইন	জিটি	2
এমটি	৬৫৭২	এর	2
খুব	উপকৃত	হবো	2
এইটা	আবার	কেমন	2
কারণ	টা	কি	2
প্রোফাইল	চেক	করে	2
ভাই	বাংলালিংক	এর	2
মনে	কিছু	নিয়েন	2
কিছু	নিয়েন	না	2
ডাউনলোড	হয়না	তো	2
ভাই	আমার	জানা	2
আমি	গ্রাফিক্স	ডিসাইন	2
চাই	তার	জন্য	2
আপনার	ফেইসবুক	প্রোফাইল	2
ফেইসবুক	প্রোফাইল	লিংক	2
প্রোফাইল	লিংক	টা	2
লিংক	দেন	তো	2
বাট	ফোন	টা	2
কাজ	করসি	বাট	2
জানে	পোস্ট	করার	2
করার	নিয়ম	কারণ	2
করসি	তাও	হয়না	2
ভাই	মেনি	মেনি	2
লিমিট	হ্যাক	করার	2
আছে	কি	জানলে	2
কি	জানলে	প্লিজ	2
ভাই	ওই	স্ক্রিপ্ট	2
ওই	স্ক্রিপ্ট	টা	2
টা	কি	ফ্রি	2
আপলোড	দেওয়া	যাবে	2
যেন	আর	না	2
ফাইল	কপি	করার	2
পোস্ট	এ	আপডেট	2
আপডেট	করা	হয়েসে	2
করে	কি	না	2
থেকে	পেমেন্ট	নেওয়ার	2
দিয়েও	ট্রাই	করছি	2
প্লিজ	অ্যাডমিন	ভাই	2
করে	প্লিজ	ভাই	2
মোড	এ	আসে	2
আনজিপ	হচ্ছে	না	2
মোড	এ	যায়	2
না	করে	আবার	2
আবার	ফিরে	আসতে	2
আমি	খুঁজে	পাই	2
কত	দিবো	প্লিজ	2
দিবো	প্লিজ	বলেন	2
বানান	আমি	ভালো	2
আমি	ভালো	পোস্ট	2
আর	কোনো	উপায়	2
সল্ভ	করতে	পারলে	2
১	মাস	কাজ	2
করবো	কেমনে	এটা	2
ভাই	এপ	দিয়ে	2
ভাই	এই	প্রব্লেম	2
এর	কোনো	কিছু	2
করতে	পারসিলাম	না	2
প্রব্লেম	হয়	তাহলে	2
এখন	আমার	মোবাইল	2
স্পিড	বেশি	পাওয়া	2
পিএসডি	ফাইল	ওপেন	2
ফাইল	ওপেন	হয়না	2
আমার	তো	একটাও	2
ট্রাই	করছি	একটাও	2
এর	মধ্যে	পার্থক্য	2
সাথে	কন্টাক্ট	করুন	2
ব্যালান্স	থেকে	টাকা	2
যদি	কোনো	কিছু	2
আমার	টা	তো	2
তো	এটা	দিয়েই	2
এর	স্পিড	বাড়ানোর	2
এফবি	টা	দিবেন	2
কোনো	জায়গা	থেকে	2
কপি	করা	হয়	2
জিপ	ফাইল	এ	2
সেই	গুলাও	দিয়েন	2
আর	ফালতু	পোস্ট	2
ট্রিকবিডি	তে	কবে	2
তে	কবে	থেকে	2
আর	কত	কি	2
এর	কিছুদিন	পরে	2
পেমেন্ট	দিবে	তো	2
ইউটিউব	এ	পাওয়া	2
হয়না	তো	লগইন	2
করার	সময়	জিমেইল	2
সময়	জিমেইল	দিলেও	2
জিমেইল	দিলেও	পাসওয়ার্ড	2
দিলেও	পাসওয়ার্ড	চায়না	2
ব্রো	আমি	গুগল	2
কিভাবে	আর	এর	2
এটি	মোবাইল	এর	2
মোবাইল	এর	সাথে	2
এর	সাথে	তো	2
সবার	জন্য	প্রযোজ্য	2
কিভাবে	আমি	তো	2
মেসেজ	কি	ভি২৫	2
কি	ভি২৫	লিখবে	2
ভি২৫	লিখবে	নাকি	2
লিখবে	নাকি	ফোন	2
এসএমএস	আসবে	কি	2
বানানো	যায়	বাট	2
আমার	চ্যানেল	সাবস্ক্রাইব	2
চ্যানেল	সাবস্ক্রাইব	করে	2
মনে	না	করলে	2
এফবি	আইডি	দিতে	2
নক	দেন	আমি	2
ভদ্র	ভাবে	কথা	2
ট্রিকবিডি	থেকে	লাত্থি	2
ভাই	সাথে	কি	2
সঠিক	বলতে	পারবো	2
একাউন্ট	এর	পাসওয়ার্ড	2
সাইট	এর	অ্যাডমিন	2
অ্যাডমিন	কে	বলেন	2
আবার	মাঝে	মাঝে	2
খুব	ই	সুন্দর	2
কোনো	পার্থক্য	নাই	2
পাসওয়ার্ড	কি	দিবো	2
এর	চিপসেট	এর	2
কি	নিউ	জানলেন	2
নিউ	জানলেন	নাকি	2
কিছু	করা	লাগে	2
করা	লাগে	নাকি	2
ইউটিউব	এ	একটা	2
আমার	এই	ভুল	2
এই	ভুল	ধারণা	2
ভুল	ধারণা	টা	2
ভিডিও	তে	এমন	2
অফ	করলে	তো	2
হবে	আমার	তো	2
এ	আবার	কোনো	2
আবার	কোনো	পোস্ট	2
পোস্ট	হইলো	নাকি	2
ডিভাইস	এর	জন্য	2
ব্যাকগ্রাউন্ড	চেঞ্জ	করা	2
এর	মধ্যে	পেমেন্ট	2
মধ্যে	পেমেন্ট	পেয়ে	2
পেমেন্ট	পেয়ে	যাবেন	2
একটা	আইডি	খুলে	2
লিংক	কি	দেয়া	2
ভাই	এক	ক্লিক	2
থেকে	ঠিক	করে	2
বার	ক্লিক	করবেন	2
ঠিক	হয়ে	গেসে	2
হয়ে	গেসে	আমি	2
এর	বিটকয়েন	এড্রেস	2
টিউনার	বানান	আমার	2
করার	পরে	ও	2
খুব	ভালো	থ্যাংকস	2
নেক্সট	টাইম	এরকম	2
দেখাচ্ছে	এখন	কি	2
এর	ওয়াটারমার্ক	রিমুভ	2
রিমুভ	করার	জন্য	2
ইউ	ইউসার	ভাই	2
করবো	বুঝতে	পারসি	2
রে	রবি	ফ্রি	2
ফ্রি	নেট	আর	2
কত	দিনের	জন্য	2
এফবি	তে	লিংক	2
লিংক	শেয়ার	করলে	2
মনে	হয়	আমি	2
শেয়ার	করি	না	2
কপি	পোস্ট	করি	2
হুম	ভালো	পোস্ট	2
হেল্প	করতে	হবে	2
নতুন	কিছু	পোস্ট	2
করার	সুযোগ	দেন	2
হ্যাক	এর	ট্রিক	2
টুকু	জানেন	আমি	2
জানেন	আমি	জানি	2
এপিকে	টা	শেয়ার	2
আমি	৩	মাস	2
বুট	ইমেজ	টা	2
ইমেজ	টা	ডিলিট	2
পাওয়া	যাবে	ফ্রি	2
কোনো	টিউন	হলো	2
রুট	করার	পোস্ট	2
না	তো	ভালো	2
তো	ভালো	ভাবে	2
গালি	দেন	কেন	2
থাকলে	আরো	ভালো	2
করা	হইছে	এটা	2
হইছে	এটা	নিয়ে	2
মোবাইল	এ	হবে	2
সবাইকে	জানানোর	জন্য	2
ভাই	আপনার	থিম	2
আমি	একটা	ভালো	2
টা	ডাউনলোড	হচ্ছে	2
কোনো	কিছু	কি	2
উইন্ডোস	১০	এ	2
হয়	না	আগে	2
না	আগে	হতো	2
কেউ	আমার	রেফার	2
তে	পোস্ট	করে	2
দিয়ে	কত	এমবি	2
আর	ও	পোস্ট	2
খুঁজে	দেখতে	পারেন	2
সাইট	লিংক	দিলে	2
টা	দিলে	হবে	2
দিসি	আর	আপনি	2
পোস্ট	বাদ	দিয়ে	2
খুব	ভালো	হইসে	2
পোস্ট	আপনি	চালিয়ে	2
চালিয়ে	যান	পাশে	2
যান	পাশে	আছি	2
তার	পর	থেকে	2
ভাই	আমার	রেফার	2
এর	পরে	কি	2
ক্যাশ	ব্যাক	পাবো	2
নো	প্রব্লেম	ভাই	2
টা	আরো	ভালো	2
ভাই	এটা	সবার	2
না	হতে	পারে	2
স্পিড	বাড়ানোর	কোনো	2
বলা	ঠিক	না	2
কিছু	যায়	না	2
করা	যায়	তাছাড়া	2
কানেকশন	না	থাকলে	2
কাজে	লাগে	না	2
এটা	পোস্ট	করা	2
পোস্ট	করা	ভুল	2
আরে	ভাই	আগে	2
আমার	তো	এখন	2
এমটিকে	ফোন	এর	2
মিউই	রোম	গুলো	2
করা	মিউই	রোম	2
মিউই	রোম	এ	2
কি	অরিজিনাল	মিউই	2
মিউই	রোম	এর	2
করবো	সেটা	নিয়ে	2
ফটো	ডাউনলোড	করা	2
এফবি	লিংক	দিবেন	2
কি	সত্যি	সত্যি	2
পোস্ট	না	করলেও	2
ওপেন	করলে	কি	2
আপনি	জিপ	ফাইল	2
জিপ	ফাইল	এর	2
হবে	না	সো	2
দিতে	হয়	সেটা	2
তা	না	করে	2
কে	সাপোর্ট	করে	2
কোনো	রিভিউ	হলো	2
তো	আমার	আগের	2
সাইট	এ	তো	2
এড	শো	করে	2
কেবিপিএস	এর	বেশি	2
ওকে	ভাই	থ্যাংকস	2
এই	পোস্ট	নিয়ে	2
থেকে	ইনস্টল	করা	2
অর	ফোন	নাম্বার	2
আমি	এক	বার	2
এক	বার	ও	2
স্টোর	থেকে	ইনস্টল	2
ইনস্টল	দিতে	হয়	2
বিষয়	এ	একটা	2
এ	লট	ভাইয়া	2
না	জেনে	শুনে	2
ইনস্টল	করতে	বলে	2
ক্রেডিট	দেন	নাই	2
আপনি	নিজেই	তো	2
বাজে	কথা	বলেন	2
কথা	বলেন	কেনো	2
ফ্রি	নেট	চলছে	2
এর	ভিডিও	দেইখা	2
মেসেজ	মি	অন	2
মুভি	গুলা	নিয়ে	2
গুলা	নিয়ে	একটা	2
সহ	পোস্ট	করার	2
খুব	একটা	খারাপ	2
এমবি	কাটবে	না	2
কোনটা	ডাউনলোড	করবো	2
২	পেজ	এ	2
পেজ	এ	আর	2
এ	আর	একটা	2
একটা	পোস্ট	দেখসি	2
পোস্ট	দেখসি	নাম	2
দেখসি	নাম	হলো	2
নিচের	বাটন	আনুন	2
বাটন	আনুন	ঐখান	2
আনুন	ঐখান	থেকে	2
ঐখান	থেকে	এই	2
থেকে	এই	কোড	2
কপি	করে	আমার	2
বিল্ড	প্রপ	ফাইল	2
প্রপ	ফাইল	এ	2
ফাইল	এ	রাখসি	2
রেবুট	করসি	আর	2
করসি	আর	রেবুট	2
পর	নিচে	বাটন	2
নিচে	বাটন	আসছে	2
বাটন	আসছে	বাট	2
আসছে	বাট	আমি	2
আমি	এখন	শুধু	2
এখন	শুধু	আনফর্তুনাটলি	2
চলেনা	আর	রুট	2
ও	চলেনা	তাই	2
চলেনা	তাই	কোড	2
তাই	কোড	ডিলিট	2
কোড	ডিলিট	করতে	2
ডিলিট	করতে	পারতেসি	2
পারতেসি	না	ফোন	2
না	ফোন	রিসেট	2
ফোন	রিসেট	ও	2
রিসেট	ও	দিসি	2
ও	দিসি	ঠিক	2
দিসি	ঠিক	হয়	2
হয়	নাই	সো	2
প্লিজজজ	হেল্প	মি	2
অ্যাড	হচ্ছে	না	2
বিটিডাবলিউ	নাইস	পোস্ট	2
বাট	এই	ভিপিএন	2
ইউ	ক্যান	ট্রাই	2
এসব	শুনতে	হয়	2
নাই	বাট	আপনি	2
জানি	তবুও	থ্যাংক্স	2
ঐটা	এখনো	রানিং	2
ব্যবস্থা	আছে	কি	2
কি	না	এর	2
অন্য	কে	ছোট	2
জানলে	জানাবেন	প্লিজ	2
চেক	করা	হবে	2
আর	না	থাকলে	2
আপনার	কমেন্ট	করার	2
ভাই	মোবাইল	রুট	2
হতে	হবে	নাকি	2
হবে	নাকি	আমি	2
ইনস্টল	হলো	না	2
শুধু	আপনার	জন্য	2
আমাকে	আজ	একটা	2
সিউর	বলতে	পারবো	2
না	যে	এইটা	2
আমাকে	একটু	টিউনার	2
জিপি	তে	চলছে	2
আপনি	অনলাইন	এ	2
দেন	পেয়ে	যাবেন	2
হলে	সব	শেষ	2
তে	সার্চ	দিন	2
পাবেন	অনেক	কিছুই	2
কিভাবে	এডিট	করবো	2
রেফার	বোনাস	আছে	2
তবে	আর	একটু	2
নিয়ে	আবার	পোস্ট	2
১	ইয়ার	ধরে	2
অ্যাড	করতে	পারি	2
মধ্যে	ডিফারেন্স	কি	2
তে	আসেন	প্লিজ	2
আছে	তাহলে	আপনার	2
অন্য	জিমেইল	দিয়া	2
এপ	মেক	করতে	2
টাকা	নেওয়া	যায়	2
ভাবে	ট্রাই	করসি	2
ভিপিএন	ও	ইউস	2
বাটন	কাজ	করে	2
ঠিক	করার	ওয়ে	2
ভাই	কোন	ভিপিএন	2
ভিপিএন	ইউস	করবো	2
এ	টাকা	আসে	2
ব্রো	আই	এম	2
চায়	তাই	শেয়ার	2
ফেইসবুক	আইডি	হ্যাক	2
আবার	পোস্ট	করতে	2
ট্রাই	করসি	হয়না	2
কথা	বললে	হবে	2
সাতসি	ইনকাম	করতে	2
ফ্লেক্সি	পাওয়া	যাবে	2
না	ব্রো	আর	2
করি	ভালো	পোস্ট	2
ভালো	পোস্ট	তো	2
পোস্ট	তো	পাবলিশ	2
এ	কাজ	করার	2
ভাবে	প্লিজ	বলেন	2
ভিপিএন	এর	সার্ভার	2
কাজ	করতে	চান	2
সার্চ	অপশনে	গিয়ে	2
আপনার	কি	সিম	2
পোস্ট	আর	কতদিন	2
হবে	কে	জানে	2
জানে	এটা	নিয়ে	2
পার্সেন্ট	যে	একটা	2
নেট	এর	কোনো	2
শেয়ার	করলে	উপকার	2
করলে	উপকার	হয়	2
পোস্ট	ডিলিট	করুন	2
কি	ভাবে	টাকা	2
দের	জন্য	ভালো	2
আমি	কপি	মুক্ত	2
কাল	রাত	থেকে	2
হুম	ভাই	সব	2
সব	হয়	না	2
লিংক	থাকলে	দিবেন	2
প্লিজ	পোস্ট	করেন	2
হ্যাক	করার	এপ	2
তাই	ট্রিকবিডি	এর	2
আমাকে	অথর	বানাতে	2
ব্রো	আমি	যেই	2
করতে	পারেন	নাই	2
মাঝে	মাঝে	চলে	2
আমার	রিকোয়েস্ট	একসেপ্ট	2
যেটা	দিয়া	ফ্রি	2
নেট	চলে	সেটার	2
চলে	সেটার	মড	2
চাই	যেন	ফ্রি	2
যেন	ফ্রি	নেট	2
সার্ভার	এই	চলে	2
এই	চলে	প্লিজ	2
চলে	প্লিজ	একটু	2
একটু	কষ্ট	হলেও	2
কষ্ট	হলেও	আমাদের	2
পাস	এর	জন্য	2
বলার	কিছু	নাই	2
পোস্ট	গুলা	আমি	2
গুলা	আমি	অনেক	2
বাট	পোস্ট	গুলা	2
আপনার	সাথে	কি	2
কি	এফবি	তে	2
তে	সার্চ	দিলেই	2
না	হয়	তাই	2
এ	হাত	দিতে	2
নিয়ে	পোস্ট	করতাম	2
কত	সময়	লাগবে	2
পোস্ট	করার	আশা	2
ট্রিকবিডি	সাপোর্ট	টীম	2
ব্রো	এমবি	লাগবে	2
সাইট	এ	কাজ	2
কি	সবার	জন্য	2
টাইপ	এর	কাজ	2
এর	কাজ	আগে	2
কাজ	আগে	করা	2
আগে	করা	যাইতো	2
হ্যাক	করার	পর	2
আর	কাজ	করেনা	2
পারলে	আমার	সাথে	2
প্লিজ	দরকার	আছে	2
গুগল	নলেজ	প্যানেল	2
অনেক	উপকার	করলেন	2
হবে	প্লিজ	ভাইয়া	2
যারা	খেলে	তাদের	2
ভাই	এমটি	ম্যানেজার	2
বললেন	না	তো	2
যদি	আগে	থেকে	2
আছে	কিনা	দেখেন	2
আরো	১	মাস	2
১	মাস	আগে	2
আপনার	আইডি	এর	2
তে	দেখতে	পারেন	2
ট্রিকবিডি	তে	কমেন্ট	2
ভাই	জিপি	থেকে	2
এজ	ইউ	গো	2
হলো	কি	করে	2
ডাটা	অন	থাকতে	2
রুট	করা	নিয়ে	2
অন	করলে	অটোমেটিক	2
টাকা	দিয়ে	ফোন	2
তো	বুঝলাম	কিন্তু	2
এটা	কেমন	কথা	2
আর্ন	করবো	কিভাবে	2
আমাকে	নক	দেন	2
একটা	একাউন্ট	এ	2
এর	লিংক	দিয়ে	2
গুড	বাট	এটা	2
নেক্সট	এ	করবো	2
অনেক	ভালো	হইসে	2
দরকার	ছিল	থ্যাংক্স	2
ফ্রেন্ড	এর	নাম	2
দিয়ে	মেয়াদ	বাড়ালে	2
ভাই	আমি	শিখতে	2
আমি	শিখতে	চাই	2
সবাই	দেখেন	এই	2
দেখেন	এই	হলো	2
এই	হলো	সেই	2
থেকে	২৫	টাকার	2
২৫	টাকার	বিটিসি	2
টাকার	বিটিসি	ধার	2
বিটিসি	ধার	নিয়ে	2
ধার	নিয়ে	এখন	2
নিয়ে	এখন	আমাকে	2
এখন	আমাকে	ফেইসবুক	2
আমাকে	ফেইসবুক	আইডি	2
আইডি	থেকে	ব্লক	2
থেকে	ব্লক	করে	2
ব্লক	করে	দিসে	2
আপডেট	দেয়ার	পর	2
লিংক	আপডেট	করছি	2
টিউনার	দিন	প্লিজ	2
জন্য	কি	নেট	2
ও	করতে	পারে	2
সিমে	মেয়াদ	না	2
না	নাকি	এখন	2
না	প্লিজ	জানাবেন	2
ব্লু	লেখা	টার	2
উপরে	ক্লিক	করলে	2
ক্লিক	করলে	ডাউনলোড	2
ভাই	রুট	করার	2
রুট	করার	আগে	2
করার	আগে	কি	2
করে	এই	সব	2
কিছু	দেয়ার	চেষ্টা	2
দেয়ার	চেষ্টা	করবেন	2
এফবি	লিংক	দিলে	2
তো	হওয়ার	কথা	2
এইটা	নিয়ে	কি	2
ফোন	চলবে	না	2
তাহলে	বলেন	কিভাবে	2
২	টির	বেশি	2
একটা	লিংক	দেন	2
একটু	ডিটেলস	বলেন	2
ইমেইল	করতে	পারেন	2
আমি	কোনো	কথা	2
একটা	একাউন্ট	দিবেন	2
ভাই	ইউটিউব	এর	2
নাম্বার	দেন	আমি	2
পুরাই	কপি	পোস্ট	2
করবো	কিভাবে	উইথড্র	2
ফ্রী	বেসিক	থেকে	2
পর	পর	ডিসকানেক্টেড	2
পর	ডিসকানেক্টেড	হয়ে	2
স্টক	বুট	ইমেজ	2
আমার	কাসে	আসে	2
হয়ে	গেলো	আর	2
টাকা	দিয়ে	কথা	2
ট্রিকবিডি	থেকে	আপনি	2
প্রব্লেম	টা	হলো	2
এরকম	পোস্ট	চাই	2
পোস্ট	চাই	ব্রো	2
ওয়েট	করুন	আপনার	2
ভিডিও	ডাউনলোডের	স্ক্রিপ্ট	2
এর	একটা	ফাইল	2
ডাউনলোড	এ	স্পিড	2
আর	নাহলে	পোস্ট	2
পোস্ট	আপনি	মনে	2
ইউস	করেন	নাই	2
আর	এইসব	ফালতু	2
আর	সবচেয়ে	বড়	2
বড়	কথা	হলো	2
তো	এড	এর	2
কি	বাল	হইয়া	2
সময়	লাগবে	আর	2
পারে	সেটা	ভালো	2
করার	জন্য	আরো	2
জানি	না	আমি	2
করেনা	আবার	ট্রেনার	2
ট্রেনার	রিকোয়েস্ট	রিভিউ	2
রিকোয়েস্ট	রিভিউ	করেনা	2
না	করে	যদি	2
করেছি	বাট	রুট	2
এমন	টা	মনে	2
টা	মনে	হচ্ছে	2
আর	কমেন্ট	এর	2
জন্য	পোস্ট	করেন	2
করেন	আপনার	পোস্ট	2
আপনার	আইডি	কি	2
এর	জন্য	জিটিএ	2
নেট	শেয়ার	করা	2
এর	পরের	পোস্ট	2
এটা	কি	কাজে	2
পোস্ট	করবো	অপেক্ষা	2
করবো	অপেক্ষা	করুন	2
এ	ওয়েব	টানেল	2
ওয়েব	টানেল	কানেক্টেড	2
টানেল	কানেক্টেড	হয়	2
সিম	হতে	হবে	2
থেকে	ও	স্মার্ট	2
ও	স্মার্ট	কার্ড	2
স্মার্ট	কার্ড	ক্রিয়েট	2
কার্ড	ক্রিয়েট	করে	2
প্রোফাইল	এ	যেতে	2
পারবো	নাকি	আবার	2
সাইট	থেকে	কি	2
থেকে	কি	উইথড্র	2
থাকলে	কি	বিকাশ	2
এর	ডাটা	কানেকশন	2
ডাটা	কানেকশন	লাগে	2
আছে	সব	গুলা	2
দিলে	ইনভ্যালিড	দেখায়	2
ভাই	আমি	ও	2
এর	অ্যাডমিন	দের	2
সুন্দর	একটি	পোস্ট	2
অনেক	অনেক	থ্যাংক্স	2
এটা	সুবিধা	কি	2
ভালো	ভাবে	চেক	2
পোস্ট	করছি	আমার	2
আমার	পোস্ট	পাবলিশড	2
ই	হয়	নাই	2
হয়	নাই	আপনি	2
স্যামসাঙ	গ্যালাক্সি	কোর	2
গ্যালাক্সি	কোর	প্রাইম	2
করবো	কিভাবে	হেল্প	2
লিংক	দেন	ব্রো	2
বাট	শেয়ার	করার	2
ব্রো	আপনার	প্রোফাইল	2
কিভাবে	প্লিজ	জানাবেন	2
হলে	আপনার	পোস্ট	2
আপনার	পোস্ট	আমার	2
করতে	হবে	আগে	2
কানেক্ট	হওয়ার	পর	2
আমি	পারতেসি	না	2
আপনাকে	জানিয়ে	দেওয়া	2
জানিয়ে	দেওয়া	হবে	2
পর	একটা	কোড	2
যাচ্ছে	না	কোনো	2
লেখা	আসে	এখন	2
গুলা	দেখেন	এবং	2
দেখেন	এবং	আমাকে	2
হতে	কত	সময়	2
দেয়া	উচিত	সিলো	2
একটা	দারুন	পোস্ট	2
হলে	আমার	সাথে	2
পারলে	নতুন	কিছু	2
দেওয়ার	চেষ্টা	করুন	2
চেষ্টা	করুন	ধন্যবাদ	2
সবাই	জানে	ভালো	2
ভাবে	প্লিজ	হেল্প	2
ভাই	ফোন	দিয়ে	2
এরকম	একটা	ট্রিক	2
২৪	আওয়ার্স	এর	2
আওয়ার্স	এর	মধ্যে	2
পাবো	কোথায়	ভাই	2
এমবি	ইউস	করতে	2
টা	চলে	না	2
হেল্প	করো	প্লিজ	2
স্পিড	বাইপাস	হয়	2
না	শুধু	তাদের	2
ও	পোস্ট	করতে	2
না	হলে	পোস্ট	2
রকম	পোস্ট	এর	2
পোস্ট	টা	করার	2
টা	আমি	ডাউনলোড	2
ডাউনলোড	করসি	বাট	2
হয়	এই	নিয়ে	2
সবাই	কি	আপনার	2
ব্রো	স্যামসাঙ	গ্যালাক্সি	2
বাট	লাস্ট	এ	2
বাট	ওপেন	হয়না	2
ভিডিও	এর	জন্য	2
ভাইয়া	ট্রাই	করবো	2
মোবাইল	এ	কোনো	2
দিয়ে	রুট	করতে	2
রুট	করবো	মোবাইল	2
নেক্সট	পার্ট	তাড়াতাড়ি	2
আজ	আমার	ফোন	2
ফোন	এর	একটা	2
নট	ফাউন্ড	লিখা	2
অফিসিয়াল	ওয়েবসাইট	এ	2
এর	ফার্স্ট	পিকচার	2
ভাই	কিছু	ভুল	2
কিছু	ভুল	হলে	2
আমার	মোবাইলে	তো	2
শো	করছে	না	2
একটু	অপেক্ষা	করুন	2
অপেক্ষা	করুন	আমি	2
হোম	বাটন	পাওয়ার	2
করে	না	হেল্প	2
মেক	করবো	কিভাবে	2
বাট	থিম	টা	2
এই	টা	আমার	2
সরি	ব্রো	আমার	2
এ	তো	নাই	2
ধরণ	কথা	বলার	2
কথা	বলার	স্টাইল	2
বলার	স্টাইল	আর	2
কিছুই	বলছে	আপনি	2
বলছে	আপনি	অনেক	2
আপনি	অনেক	বড়	2
আগেও	আপনার	সাথে	2
সাথে	আমার	এই	2
আমার	এই	বড়	2
খুব	ভালো	মনে	2
হিস্টোরি	দেখতে	পারবেন	2
ব্রো	আপনার	ফেইসবুক	2
ফেইসবুক	লিংক	দেন	2
আর	ফ্রী	নেট	2
আমার	তো	কম্পিউটার	2
তো	কম্পিউটার	নাই	2
নাই	টাকা	দিয়ে	2
এক্টিভ	থাকতে	হবে	2
থাকবেন	আশা	করি	2
করি	বুঝতে	পেরেছেন	2
চার্জ	এর	কোনো	2
এর	কোনো	সম্পর্ক	2
কোনো	পয়েন্ট	লাগে	2
পয়েন্ট	লাগে	না	2
আমি	আরো	আগেই	2
১০	টা	জিমেইল	2
টা	জিমেইল	দিয়ে	2
রকম	কোনো	ট্রিক	2
কমেন্ট	করতো	না	2
আর	মেয়াদ	কয়দিন	2
যদি	হ্যাক	হয়	2
এই	সিস্টেম	এই	2
পেতে	পারি	যদি	2
ইসলামী	ব্যাংক	এ	2
হইছে	পোস্ট	টা	2
এর	মোবাইল	এর	2
আমার	ও	একি	2
আমার	ফেন	টা	2
দোকান	থেকে	ফ্ল্যাশ	2
নিয়ে	তো	পোস্ট	2
এ	শো	করবে	2
ওকে	ভাই	আপনার	2
ভাই	আপনার	রেফার	2
এফবি	একাউন্ট	হ্যাক	2
কি	টাকা	পাইছেন	2
আছে	যা	এই	2
হট	পোস্ট	এ	2
করার	পর	এখন	2
গেম	এ	ঢুকার	2
আপনার	ফোন	রুট	2
অনেক	আগে	রেজিস্ট্রেশন	2
শুরু	করি	তাহলে	2
বলা	উচিত	ছিল	2
বুঝলাম	না	বুঝিয়ে	2
মতো	কিছুই	নাই	2
প্রতিদিন	একবার	করে	2
কেউ	পারেন	তাহলে	2
টা	দিয়েন	প্লিজ	2
এর	অ্যাডমিন	এর	2
এর	দৃস্টি	আকর্ষণ	2
মানুষ	এর	টাকা	2
আপনারা	এই	পোস্ট	2
আপনি	আপনার	আইডি	2
যেই	লিংক	টা	2
দিবেন	আর	না	2
থ্যাংক্স	ব্রো	এত	2
ব্রো	এত	সুন্দর	2
এত	সুন্দর	একটা	2
সুন্দর	একটা	গিফট	2
একটা	গিফট	দেওয়ার	2
গিফট	দেওয়ার	জন্য	2
হুম	প্লেস্টোর	আপডেট	2
প্লেস্টোর	আপডেট	দেন	2
কাহিনী	আছে	জানে	2
আছে	জানে	বাট	2
জানে	বাট	করেনা	2
বাট	করেনা	কিছু	2
করেনা	কিছু	অ্যাড	2
কিছু	অ্যাড	করেছি	2
কিন্তু	ভাই	ইসি	2
ইসি	নেট	তো	2
নেট	তো	চলে	2
ওয়েব	টানেল	অথবা	2
টানেল	অথবা	এইচটিটিপি	2
অথবা	এইচটিটিপি	ইনজ্যাক্টর	2
এইচটিটিপি	ইনজ্যাক্টর	দিয়ে	2
ইনজ্যাক্টর	দিয়ে	কি	2
দিয়ে	কি	ইসি	2
কি	ইসি	নেট	2
ইসি	নেট	ছাড়া	2
নেট	ছাড়া	কনফিগ	2
ছাড়া	কনফিগ	ফাইল	2
কনফিগ	ফাইল	কাজ	2
ফাইল	কাজ	করে	2
করে	না	তার	2
না	তার	উপর	2
তার	উপর	তো	2
উপর	তো	এখন	2
তো	এখন	ড্রোইড	2
এখন	ড্রোইড	ভিপিএন	2
ড্রোইড	ভিপিএন	ও	2
ভিপিএন	ও	কনফিগ	2
ও	কনফিগ	সাপোর্ট	2
কনফিগ	সাপোর্ট	পারলে	2
সাপোর্ট	পারলে	আপনার	2
পারলে	আপনার	এফবি	2
আপনার	টা	কত	2
ভাই	কয়েনবেস	ওয়ালেট	2
কয়েনবেস	ওয়ালেট	এর	2
ওয়ালেট	এর	এথ	2
এর	এথ	এড্রেস	2
এথ	এড্রেস	দিলে	2
ভাই	এতো	সাধু	2
এতো	সাধু	ভালো	2
সাধু	ভালো	টাইটেল	2
ওয়েলকাম	ব্রো	আসলে	2
ব্রো	আসলে	প্লে	2
আসলে	প্লে	স্টোর	2
স্টোর	এ	আপডেট	2
এ	আপডেট	এর	2
আপডেট	এর	পরে	2
এর	পরে	এপ	2
পরে	এপ	এর	2
এপ	এর	সাইজ	2
এর	সাইজ	কম	2
সাইজ	কম	বেশি	2
কম	বেশি	হয়েই	2
বেশি	হয়েই	থাকে	2
ব্রো	উপরে	নাম্বার	2
উপরে	নাম্বার	কি	2
নাম্বার	কি	থাকা	2
কি	থাকা	খুব	2
থাকা	খুব	জরুরি	2
খুব	জরুরি	করতে	2
জরুরি	করতে	সহজ	2
করতে	সহজ	হয়	2
সহজ	হয়	অ্যারো	2
হয়	অ্যারো	কি	2
অ্যারো	কি	চেপে	2
কি	চেপে	চেপে	2
চেপে	চেপে	অন্য	2
চেপে	অন্য	পেজ	2
অন্য	পেজ	এ	2
পেজ	এ	যাওয়া	2
ভাইয়া	আমি	আপনারে	2
আমি	আপনারে	রিক	2
আপনারে	রিক	দিসি	2
রিক	দিসি	ইউসার	2
দিসি	ইউসার	এই	2
ইউসার	এই	টায়	2
এই	টায়	মেসেজ	2
টায়	মেসেজ	দেওয়া	2
মেসেজ	দেওয়া	যায়	2
ব্রো	আমি	এইটাই	2
আমি	এইটাই	খুজতেসিলাম	2
এইটাই	খুজতেসিলাম	এমবি	2
খুজতেসিলাম	এমবি	না	2
থাকার	কারণে	ডাউনলোড	2
কারণে	ডাউনলোড	করতে	2
পারলাম	না	এখন	2
না	এখন	পরে	2
এখন	পরে	ডাউনলোড	2
পরে	ডাউনলোড	করবো	2
আমার	৯কে	সাবস্ক্রাইব	2
৯কে	সাবস্ক্রাইব	এর	2
সাবস্ক্রাইব	এর	বাংলা	2
এর	বাংলা	ডাব	2
বাংলা	ডাব	চ্যানেল	2
ডাব	চ্যানেল	গায়েব	2
চ্যানেল	গায়েব	কইরা	2
গায়েব	কইরা	দিসে	2
কইরা	দিসে	ওয়াইটি	2
কেউ	রিং	আইডি	2
রিং	আইডি	কয়েন	2
আইডি	কয়েন	নিতে	2
কয়েন	নিতে	চাইলে	2
নিতে	চাইলে	কন্টাক্ট	2
চাইলে	কন্টাক্ট	করেন	2
কন্টাক্ট	করেন	কয়েন	2
করেন	কয়েন	আছে	2
ভয়েস	নাম্বার	নিয়ে	2
নাম্বার	নিয়ে	একটা	2
ভাই	গেম	এর	2
গেম	এর	তো	2
এর	তো	কিছু	2
তো	কিছু	বুঝতেছিনা	2
ব্রো	কম	টাকায়	2
কম	টাকায়	বেশি	2
টাকায়	বেশি	এফবি	2
বেশি	এফবি	এমবি	2
এমবি	কিভাবে	কেনে	2
ওকে	ভাই	এয়ারটেল	2
ভাই	এয়ারটেল	সিম	2
এয়ারটেল	সিম	আছে	2
সিম	আছে	এক্টিভ	2
আছে	এক্টিভ	করতে	2
এক্টিভ	করতে	লাগবে	2
এটা	তো	ওল্ড	2
তো	ওল্ড	পোস্ট	2
পোস্ট	আমি	জানি	2
আমি	জানি	একটা	2
জানি	একটা	এপ	2
একটা	এপ	চেঞ্জ	2
এপ	চেঞ্জ	দিলে	2
চেঞ্জ	দিলে	আপনার	2
দিলে	আপনার	নাম	2
আপনার	নাম	বলব	2
ইউস	এপিকে	এডিটর	2
সব	তো	দেখি	2
তো	দেখি	ফেক	2
আর্ন	তো	হবে	2
হবে	না	এড	2
না	এড	দিতে	2
এড	দিতে	আসবে	2
দিতে	আসবে	না	2
আসবে	না	সো	2
না	সো	মাঝখানে	2
সো	মাঝখানে	আমি	2
মাঝখানে	আমি	পেমেন্ট	2
আমি	পেমেন্ট	দিতে	2
পেমেন্ট	দিতে	দিতে	2
দিতে	দিতে	ফকির	2
দিতে	ফকির	হয়ে	2
ফকির	হয়ে	যাবো	2
ক্রিয়েট	করার	সিস্টেম	2
ভাইয়া	এটা	ভিডিও	2
এটা	ভিডিও	হবে	2
ভিডিও	হবে	ঠিক	2
হবে	ঠিক	মতো	2
ঠিক	মতো	হইতাছে	2
মতো	হইতাছে	না	2
থ্যাংক্স	২	জিবি	2
জিবি	পাইসি	ভাই	2
ইনস্টল	দেওয়ার	সময়	2
দেওয়ার	সময়	অপেরা	2
এসএসএল	কানেকশন	ফেলড	2
কানেকশন	ফেলড	এরর	2
ফেলড	এরর	কোড	2
এরর	কোড	২৯	2
কোড	২৯	এসএসএল	2
২৯	এসএসএল	ইজ	2
এসএসএল	ইজ	নট	2
ইজ	নট	সাপোর্টেড	2
নট	সাপোর্টেড	ইউটিসি	2
সাপোর্টেড	ইউটিসি	ইওর	2
ইউটিসি	ইওর	সার্ভার	2
ইওর	সার্ভার	পাওয়ার্ড	2
সার্ভার	পাওয়ার্ড	বাই	2
পাওয়ার্ড	বাই	ইনক্যাপসুলা	2
এখন	ইউটিউব	দেখতে	2
ইউটিউব	দেখতে	আমার	2
দেখতে	আমার	প্রব্লেম	2
আমার	প্রব্লেম	ব্রো	2
প্রব্লেম	ব্রো	হেইজন্যে	2
ব্রো	হেইজন্যে	তো	2
হেইজন্যে	তো	কমেন্ট	2
তো	কমেন্ট	ব্রো	2
কমেন্ট	ব্রো	থ্যাংক্স	2
ব্রো	থ্যাংক্স	পরীক্ষার	2
থ্যাংক্স	পরীক্ষার	পর	2
পরীক্ষার	পর	দেখে	2
পর	দেখে	নিবো	2
আমি	থাম্বয়েল	এর	2
থাম্বয়েল	এর	পোস্ট	2
এর	পোস্ট	করসি	2
করসি	বাট	অথর	2
বাট	অথর	না	2
অথর	না	তে	2
না	তে	আসো	2
তে	আসো	আমি	2
আসো	আমি	করে	2
আমি	করে	দিবো	2
ভাই	মেগা	সম্পর্কে	2
মেগা	সম্পর্কে	আইডিয়া	2
সম্পর্কে	আইডিয়া	না	2
আইডিয়া	না	থাকলে	2
না	থাকলে	আপনার	2
থাকলে	আপনার	জন্য	2
আপনার	জন্য	এই	2
সেকেন্ড	কর্ম	দিবস	2
কর্ম	দিবস	কবে	2
যে	কোনো	১টা	2
কোনো	১টা	দিলেই	2
হা	হা	৩ডট	2
হা	৩ডট	এ	2
৩ডট	এ	ক্লিক	2
ক্লিক	করলে	সব	2
করলে	সব	বেরিয়ে	2
সব	বেরিয়ে	আসবে	2
বেরিয়ে	আসবে	অনেক	2
আসবে	অনেক	পোর	2
অনেক	পোর	অ্যাপ	2
পোর	অ্যাপ	পাওরাম্প	2
অ্যাপ	পাওরাম্প	এর	2
পাওরাম্প	এর	১০	2
এর	১০	ভাগের	2
১০	ভাগের	১	2
ভাগের	১	ভাগ	2
১	ভাগ	ফীচার	2
ভাগ	ফীচার	ও	2
ফীচার	ও	নাই	2
ও	নাই	পাম্প	2
নাই	পাম্প	১৪	2
পাম্প	১৪	ডে	2
১৪	ডে	ট্রায়াল	2
ডে	ট্রায়াল	এ	2
ট্রায়াল	এ	বুঝতে	2
এ	বুঝতে	পারবেননা	2
বুঝতে	পারবেননা	পার্চেজ	2
পারবেননা	পার্চেজ	করে	2
পার্চেজ	করে	উইজ	2
করে	উইজ	করেন	2
উইজ	করেন	বুঝতে	2
মোবাইল	তো	এমন	2
তো	এমন	একটি	2
এমন	একটি	একা	2
একটি	একা	একাই	2
একা	একাই	এসেছে	2
একাই	এসেছে	আমি	2
এসেছে	আমি	কিছুই	2
আমি	কিছুই	বুঝি	2
কিছুই	বুঝি	এটা	2
বুঝি	এটা	কিভাবে	2
এটা	কিভাবে	সরাবো	2
কিভাবে	সরাবো	এটা	2
সরাবো	এটা	কি	2
কি	মোবাইল	থাকলে	2
মোবাইল	থাকলে	কোনো	2
থাকলে	কোনো	প্রব্লেম	2
প্রব্লেম	হবে	এটা	2
করা	যায়	জানতে	2
যায়	জানতে	চায়	2
ভাই	আমার	প্লেস্টোর	2
প্লেস্টোর	এ	আসে	2
আসে	না	একটা	2
না	একটা	সমাধান	2
ভাইয়া	আমি	নরমাল	2
আমি	নরমাল	এপ	2
নরমাল	এপ	গুলোর	2
এপ	গুলোর	কথা	2
গুলোর	কথা	বলেছি	2
কথা	বলেছি	সবাই	2
বলেছি	সবাই	তো	2
সবাই	তো	পেইড	2
তো	পেইড	উইজ	2
পেইড	উইজ	করে	2
উইজ	করে	না	2
কোন	বিষয়	ভাইজান	2
আপনি	করেসেন	আর	2
করেসেন	আর	মাল্টি	2
আর	মাল্টি	উইন্ডো	2
মাল্টি	উইন্ডো	আছে	2
উইন্ডো	আছে	কি	2
আছে	কি	সে	2
কি	সে	মার্শাম্যালো	2
সে	মার্শাম্যালো	তে	2
মার্শাম্যালো	তে	এরকম	2
তে	এরকম	একটা	2
পোস্ট	করে	তারপর	2
করে	তারপর	কথা	2
তারপর	কথা	বলেন	2
ভাই	স্পিড	বরানির	2
স্পিড	বরানির	কোনো	2
বরানির	কোনো	ওয়ে	2
ওয়ে	আছে	স্পিড	2
আছে	স্পিড	খুব	2
এই	ভাবে	করসেন	2
কি	ভুল	করলেন	2
মডেল	কত	ভাই	2
নাম	শান্তির	আঁধারের	2
শান্তির	আঁধারের	বান্দা	2
আঁধারের	বান্দা	কাম	2
বান্দা	কাম	অশান্তিপূর্ণ	2
ওয়েট	ব্রো	দিয়ে	2
ব্রো	দিয়ে	দেবো	2
আর্নিং	পোস্ট	করলে	2
নাইস	এপিকে	এন্ড	2
এপিকে	এন্ড	থ্যংক্স	2
এন্ড	থ্যংক্স	ইউসার	2
টাইটেল	এ	বলেন	2
এ	বলেন	যে	2
বলেন	যে	দেখা	2
যে	দেখা	কেউ	2
দেখা	কেউ	যে	2
কেউ	যে	৫০জিবি	2
যে	৫০জিবি	কোর্স	2
৫০জিবি	কোর্স	দেখে	2
কোর্স	দেখে	নি	2
দেখে	নি	এটা	2
নি	এটা	আপনি	2
এটা	আপনি	কিভাবে	2
কিভাবে	জানলেন	আর	2
জানলেন	আর	এটা	2
আমার	কাছে	আছেই	2
সেরবা	তে	কি	2
ভাই	সব	ট্রাই	2
হয়	না	নেট	2
না	নেট	এ	2
নেট	এ	ভিডিও	2
এ	ভিডিও	দেখসি	2
ভিডিও	দেখসি	বলতাসে	2
দেখসি	বলতাসে	বুটলোড্যার	2
বলতাসে	বুটলোড্যার	আনলক	2
বুটলোড্যার	আনলক	করতে	2
আনলক	করতে	পরে	2
করতে	পরে	রুট	2
পরে	রুট	করতে	2
রুট	করতে	কম্পিউটার	2
করতে	কম্পিউটার	আমার	2
কম্পিউটার	আমার	মোবাইল	2
আমার	মোবাইল	হলো	2
মোবাইল	হলো	সনি	2
হলো	সনি	এম৪একিউইউএ	2
সনি	এম৪একিউইউএ	প্লিজ	2
এম৪একিউইউএ	প্লিজ	ওই	2
প্লিজ	ওই	সব	2
ওই	সব	ভাষা	2
সব	ভাষা	বুঝি	2
ভাষা	বুঝি	না	2
বাংলা	পোস্ট	দেন	2
দেন	প্লিজ	আরে	2
পিসি	দিয়ে	সিডব্লিউএন	2
দিয়ে	সিডব্লিউএন	ইনস্টল	2
সিডব্লিউএন	ইনস্টল	দেয়ার	2
ইনস্টল	দেয়ার	নিওম	2
দেয়ার	নিওম	টা	2
নিওম	টা	বলেন	2
এন্স	মি	ব্রো	2
মি	ব্রো	আপনার	2
সাথে	কন্ট্রাক্ট	এর	2
কন্ট্রাক্ট	এর	হোয়াই	2
এর	হোয়াই	বলেন	2
একটা	পোস্ট	ওপেন	2
পোস্ট	ওপেন	মানেই	2
ওপেন	মানেই	যেন	2
মানেই	যেন	কেউ	2
যেন	কেউ	জানলে	2
কেউ	জানলে	পোস্ট	2
শেয়ার	করার	ভাই	2
করার	ভাই	প্লিজ	2
প্লিজ	অথর	দেন	2
ডেন্ট	নিয়ে	আর	2
নিয়ে	আর	কত	2
কত	পোস্ট	করবেন	2
পোস্ট	করবেন	সবাই	2
করবেন	সবাই	জানে	2
সবাই	জানে	এই	2
জানে	এই	এপ	2
এই	এপ	সম্পর্কে	2
এপ	সম্পর্কে	আর	2
সম্পর্কে	আর	রেফার	2
আর	রেফার	করে	2
রেফার	করে	যে	2
করে	যে	আর্ন	2
যে	আর্ন	করতে	2
হয়	সেটাও	জানে	2
সেটাও	জানে	আপনি	2
জানে	আপনি	নিজের	2
আপনি	নিজের	রেফার	2
নিজের	রেফার	বাড়ানোর	2
বাড়ানোর	জন্য	ওল্ড	2
জন্য	ওল্ড	পোস্ট	2
ওল্ড	পোস্ট	কেন	2
এই	মাদারচোদ	রে	2
মাদারচোদ	রে	কেউ	2
রে	কেউ	কিছু	2
কেউ	কিছু	কয়	2
কিছু	কয়	নাহ	2
কয়	নাহ	কেন	2
নাহ	কেন	রে	2
কেন	রে	এর	2
রে	এর	সব	2
এর	সব	পোস্ট	2
পোস্ট	এ	ট্রিকবিডি	2
তে	আছে	শালা	2
আছে	শালা	কপিবাজ	2
শালা	কপিবাজ	সেই	2
কপিবাজ	সেই	ফাস্ট	2
সেই	ফাস্ট	পোস্ট	2
ফাস্ট	পোস্ট	থেকেই	2
পোস্ট	থেকেই	দেখছি	2
থেকেই	দেখছি	মানুষের	2
দেখছি	মানুষের	গালি	2
মানুষের	গালি	খাওয়ার	2
গালি	খাওয়ার	হুপ	2
খাওয়ার	হুপ	উইঠা	2
হুপ	উইঠা	থাকে	2
উইঠা	থাকে	সব	2
থাকে	সব	সময়	2
সব	সময়	নাকি	2
সময়	নাকি	এই	2
নাকি	এই	তোরে	2
এই	তোরে	অথর	2
তোরে	অথর	বানাইসে	2
বানাইসে	কে	রে	2
ওই	ফোন	এ	2
এ	কি	নেট	2
কি	নেট	কানেক্ট	2
নেট	কানেক্ট	থাকতে	2
কানেক্ট	থাকতে	হবে	2
সাইট	এ	বসাবো	2
এ	বসাবো	কেমনে	2
ডাউনলোড	করতেসি	মজা	2
করতেসি	মজা	না	2
মজা	না	পাইলে	2
না	পাইলে	মোবাইলের	2
পাইলে	মোবাইলের	ব্যাটারী	2
মোবাইলের	ব্যাটারী	চার্জ	2
ব্যাটারী	চার্জ	ফেরত	2
চার্জ	ফেরত	দিবে	2
ভিপিএন	ইউস	করলেও	2
ইউস	করলেও	অথবা	2
করলেও	অথবা	নাহ	2
অথবা	নাহ	করলেও	2
নাহ	করলেও	বিন	2
করলেও	বিন	কাজ	2
বিন	কাজ	করবে	2
আপনি	রিস্ক	না	2
রিস্ক	না	নিয়ে	2
না	নিয়ে	ওয়েট	2
নিয়ে	ওয়েট	করুন	2
ওয়েট	করুন	জি	2
করুন	জি	টি	2
জি	টি	এ	2
টি	এ	ভাইস	2
এ	ভাইস	সিটি	2
ভাইস	সিটি	লাইট	2
সিটি	লাইট	শেয়ার	2
লাইট	শেয়ার	করবো	2
শেয়ার	করবো	ঐটা	2
করবো	ঐটা	হবেই	2
প্রব্লেম	তো	অবশ্যয়	2
তো	অবশ্যয়	উপায়	2
অবশ্যয়	উপায়	হইতোনা	2
উপায়	হইতোনা	আসে	2
হইতোনা	আসে	আমি	2
আসে	আমি	দেখতিসি	2
ফায়ার	ফটো	তে	2
ফটো	তে	কি	2
তে	কি	পিক্সারট	2
কি	পিক্সারট	এই	2
পিক্সারট	এই	আছে	2
এই	আছে	অর	2
আছে	অর	গুগল	2
অর	গুগল	থেকে	2
গুগল	থেকে	নামাতে	2
থেকে	নামাতে	হবে	2
ফ্রী	না	এমবি	2
লাগবে	না	কোনো	2
না	কোনো	প্যাকেজ	2
কোনো	প্যাকেজ	কিনতে	2
প্যাকেজ	কিনতে	হবে	2
সুপাররক্স	ভাই	জন	2
ভাই	জন	ইউসার	2
জন	ইউসার	ভাইয়ের	2
ইউসার	ভাইয়ের	নিউ	2
ভাইয়ের	নিউ	গ্ৰুপ	2
নিউ	গ্ৰুপ	লিংক	2
গ্ৰুপ	লিংক	টা	2
এ	গিয়ে	সাইড	2
গিয়ে	সাইড	বার	2
সাইড	বার	থেকে	2
বার	থেকে	আনইনস্টল	2
থেকে	আনইনস্টল	লেয়ার্স	2
আনইনস্টল	লেয়ার্স	দিন	2
লেয়ার্স	দিন	তারপর	2
দিন	তারপর	রেবুট	2
তারপর	রেবুট	দিন	2
জি	ভাইয়া	সামনে	2
ভাইয়া	সামনে	আর	2
সামনে	আর	ও	2
আর	ও	শেয়ার	2
ও	শেয়ার	করা	2
যে	কারো	এসএমএস	2
কারো	এসএমএস	লিস্ট	2
এসএমএস	লিস্ট	হ্যাক	2
লিস্ট	হ্যাক	করার	2
ওয়ে	থাকলে	কেউ	2
কেউ	জানাবেন	প্লিজ	2
সরি	একটা	ডিজিট	2
একটা	ডিজিট	ভুল	2
ডিজিট	ভুল	হইছে	2
না	ভাইয়া	প্লিজ	2
ভাইয়া	প্লিজ	কিছু	2
প্লিজ	কিছু	একটা	2
কিছু	একটা	হেল্প	2
হ্যা	হবে	আর১৩ট্রাই	2
হবে	আর১৩ট্রাই	করে	2
আর১৩ট্রাই	করে	দেখেন	2
আপনার	কি	হবে	2
কি	হবে	ইন্টারনেট	2
হবে	ইন্টারনেট	নাকি	2
ইন্টারনেট	নাকি	এমএসএস	2
সেটা	ঠিক	জানা	2
ঠিক	জানা	নেই	2
জানা	নেই	ভাই	2
নেই	ভাই	হবে	2
না	নিউ	আপডেট	2
নিউ	আপডেট	আসে	2
আপডেট	আসে	বলসে	2
থ্যংক্স	ভাই	আর	2
ভাই	আর	আমার	2
আর	আমার	ফন	2
আমার	ফন	যে	2
ফন	যে	আসলেই	2
যে	আসলেই	রুট	2
আসলেই	রুট	হয়েছে	2
রুট	হয়েছে	কিনা	2
হয়েছে	কিনা	সেট	2
কিনা	সেট	আমি	2
সেট	আমি	কেমন	2
আমি	কেমন	করে	2
কেমন	করে	বুঝবো	2
আমার	টিউব	কিন্তু	2
টিউব	কিন্তু	অনেক	2
কিন্তু	অনেক	আগে	2
অনেক	আগে	ওয়েবসাইট	2
পরে	কোনো	প্রব্লেম	2
না	করে	তোমার	2
করে	তোমার	কিন্তু	2
তোমার	কিন্তু	খবর	2
কিন্তু	খবর	আসে	2
খবর	আসে	মিয়া	2
ভাইয়া	আমাকে	দিয়েন	2
আমাকে	দিয়েন	প্লিজ	2
যদি	কোনটা	নিয়ে	2
কোনটা	নিয়ে	রেজিস্টার্ড	2
নিয়ে	রেজিস্টার্ড	করে	2
রেজিস্টার্ড	করে	দিয়ে	2
করে	দিয়ে	তাহলে	2
দিয়ে	তাহলে	এপস	2
তাহলে	এপস	টা	2
এপস	টা	থাকবে	2
টা	থাকবে	নি	2
না	কেনো	রুট	2
কেনো	রুট	লাগবে	2
কপি	করলে	মরবো	2
করলে	মরবো	কেমনে	2
ব্রো	এপস	টা	2
এপস	টা	সুন্দর	2
টা	সুন্দর	হইসে	2
সুন্দর	হইসে	বাট	2
হইসে	বাট	আরো	2
বাট	আরো	গর্জেয়াস	2
আরো	গর্জেয়াস	হলে	2
গর্জেয়াস	হলে	ভালো	2
জানা	মতে	৫	2
মতে	৫	ডলার	2
৫	ডলার	ভাই	2
ডলার	ভাই	ডলার	2
ভাই	ডলার	ক্যামনে	2
ডলার	ক্যামনে	দেয়	2
আপনার	ট্রিকবিডি	তে	2
তে	না	থাকা	2
না	থাকা	ভালো	2
উত্তর	আর	মিল	2
আর	মিল	নাই	2
মিল	নাই	প্রশ্ন	2
নাই	প্রশ্ন	অনুসারে	2
ব্রো	স্টাইল	একটু	2
স্টাইল	একটু	কম	2
একটু	কম	করো	2
কি	হলো	ব্রো	2
ভাই	ম্যাসেজ	এরর	2
ম্যাসেজ	এরর	কোড	2
এরর	কোড	দেখায়	2
কোড	দেখায়	কেনো	2
কেনো	হেল্প	মি	2
ফ্ল্যাশবল	ইমোজি	পাইসি	2
সব	জায়গায়	কাজ	2
থ্যাংক্স	পাইসি	ব্রো	2
পোস্ট	আমি	১মাস	2
আমি	১মাস	আগেই	2
১মাস	আগেই	করসি	2
আগেই	করসি	বাট	2
আমি	অভ্র	ইউস	2
ম্যাক্সিমাম	কইবার	নেওয়া	2
কইবার	নেওয়া	যাবে	2
ভাই	ডাউনলোড	হয়না	2
ব্রো	ফর	কমেন্ট	2
ওওও	আপনি	এক্টিভ	2
আপনি	এক্টিভ	থেকে	2
এক্টিভ	থেকে	পাইসেন	2
থেকে	পাইসেন	ডিপোজিট	2
পাইসেন	ডিপোজিট	না	2
না	করে	তাইতো	2
ভাই	৩টা	পোস্ট	2
৩টা	পোস্ট	করেসি	2
পোস্ট	করেসি	২তারিখে	2
করেসি	২তারিখে	রিক	2
২তারিখে	রিক	দিসি	2
রিক	দিসি	বাট	2
দিসি	বাট	এপ্প্রুভ	2
বাট	এপ্প্রুভ	ও	2
এপ্প্রুভ	ও	হচ্ছে	2
হচ্ছে	না	আবার	2
না	আবার	ক্যানসেল	2
আবার	ক্যানসেল	ও	2
ক্যানসেল	ও	তো	2
ও	তো	করসেন	2
তো	করসেন	না	2
করসেন	না	মাস	2
না	মাস	পরে	2
মাস	পরে	দেখবেন	2
পরে	দেখবেন	পোস্ট	2
ব্রো	স্ক্রিন	শট	2
স্ক্রিন	শট	গুলা	2
শট	গুলা	বুঝা	2
গুলা	বুঝা	যাচ্ছেনা	2
বুঝা	যাচ্ছেনা	এমনি	2
যাচ্ছেনা	এমনি	ডিফল্ট	2
এমনি	ডিফল্ট	ফন্ট	2
ডিফল্ট	ফন্ট	ইউস	2
ইউস	করে	স্ক্রিন	2
করে	স্ক্রিন	শট	2
স্ক্রিন	শট	আপডেট	2
শট	আপডেট	দেন	2
আপডেট	দেন	এটা	2
দেন	এটা	একটু	2
এটা	একটু	বুঝতে	2
একটু	বুঝতে	সুবিধা	2
বুঝতে	সুবিধা	হয়	2
ওহ	বাট	মনে	2
মনে	হয়	সিম্ফনি	2
হয়	সিম্ফনি	ফোনের	2
সিম্ফনি	ফোনের	কোনো	2
ফোনের	কোনো	সিক্রেট	2
কোনো	সিক্রেট	কোড	2
সিক্রেট	কোড	নেই	2
আমার	পোস্ট	ইগনোর	2
পোস্ট	ইগনোর	করবেন	2
রোজার	মাস	না	2
মাস	না	হইলে	2
না	হইলে	নিতাম	2
ওয়াপকা	নিয়ে	ট্রিকবিডি	2
করলে	অনেক	প্রব্লেম	2
অনেক	প্রব্লেম	হয়	2
প্রব্লেম	হয়	যেমন	2
হয়	যেমন	কোড	2
যেমন	কোড	শো	2
করে	না	তেমনি	2
না	তেমনি	তোমার	2
তেমনি	তোমার	ও	2
তোমার	ও	কোড	2
ও	কোড	শো	2
শো	করে	নাই	2
নাই	তাই	বললাম	2
তাও	শেয়ার	করার	2
পোস্ট	ব্রো	কাজ	2
ব্রো	কাজ	করতে	2
ভাই	এই	ক্ষেত্রে	2
এই	ক্ষেত্রে	আমাকে	2
ক্ষেত্রে	আমাকে	হেল্প	2
৭২০পি	কোয়ালিটি	নাই	2
গুগল	এ	এনআইডি	2
এ	এনআইডি	লিখে	2
এনআইডি	লিখে	সার্চ	2
এটাও	পোস্ট	করা	2
পোস্ট	করা	বাকি	2
করা	বাকি	ছিল	2
বাকি	ছিল	লল	2
থ্যাংক্স	আই	ডোন্ট	2
ডোন্ট	নো	এবাউট	2
নো	এবাউট	ইট	2
এবাউট	ইট	রবি	2
ইট	রবি	গিভস	2
রবি	গিভস	আজ	2
গিভস	আজ	এ	2
আজ	এ	লিটল	2
এ	লিটল	ডিসকাউন্ট	2
লিটল	ডিসকাউন্ট	ট্রিকরান	2
ডিসকাউন্ট	ট্রিকরান	কম	2
ট্রিকরান	কম	থ্যাংক্স	2
কম	থ্যাংক্স	ফর	2
শুধু	আর্মি	না	2
আর্মি	না	এয়ারফোর্স	2
না	এয়ারফোর্স	নেভি	2
এয়ারফোর্স	নেভি	নিয়ে	2
একটা	একউন্ট	এ	2
একউন্ট	এ	২০০	2
এ	২০০	এমবি	2
২০০	এমবি	ডেইলি	2
প্রোফাইল	এ	আছে	2
এ	আছে	দেখে	2
আছে	দেখে	নেন	2
আর	কিছু	স্ক্রিনশট	2
পাগল	জানি	পুরাতন	2
জানি	পুরাতন	পোস্ট	2
সাইট	কিছু	থাকলে	2
কিছু	থাকলে	অবভিয়াসলি	2
থাকলে	অবভিয়াসলি	পাবলিকলি	2
অবভিয়াসলি	পাবলিকলি	সাইট	2
পাবলিকলি	সাইট	শেয়ার	2
সাইট	শেয়ার	করতাম	2
আজব	হলো	জিপি	2
হলো	জিপি	কোনো	2
জিপি	কোনো	ফ্রী	2
ফ্রী	নেট	উইজ	2
উইজ	করতে	গেলে	2
করতে	গেলে	ই	2
গেলে	ই	২	2
ই	২	দিন	2
এর	মধ্যে	বন্ধ	2
মধ্যে	বন্ধ	করে	2
বড়	ভায়ের	পা	2
ভায়ের	পা	দুইটা	2
পা	দুইটা	দেন	2
দুইটা	দেন	একটু	2
দেন	একটু	সালাম	2
একটু	সালাম	আমার	2
সালাম	আমার	এমবি	2
আমার	এমবি	এর	2
এমবি	এর	খুব	2
এর	খুব	ই	2
খুব	ই	দরকার	2
ই	দরকার	ছিল	2
দরকার	ছিল	আপনার	2
ছিল	আপনার	পোস্ট	2
টা	দেখার	পর	2
দেখার	পর	খুব	2
পর	খুব	উপকার	2
উপকার	হইলো	আমার	2
হইলো	আমার	থ্যাংকস	2
আমার	থ্যাংকস	ভাই	2
থ্যাংকস	ভাই	এখন	2
এখন	থেকে	আমি	2
থেকে	আমি	জিপি	2
দিয়ে	নেট	উইজ	2
উইজ	করতে	পারবো	2
করতে	পারবো	ইনশাল্লাহ	2
না	টিকলে	তো	2
টিকলে	তো	বাঁশ	2
তো	বাঁশ	পুরা	2
টিডাবলিউআরপি	অটোমেটিক	বুট	2
অটোমেটিক	বুট	এ	2
বুট	এ	ইনস্টল	2
এ	ইনস্টল	হবে	2
ইনস্টল	হবে	আলাদা	2
হবে	আলাদা	করে	2
আলাদা	করে	ফাইল	2
করে	ফাইল	মোবাইলআঙ্কেল	2
ফাইল	মোবাইলআঙ্কেল	এইসব	2
মোবাইলআঙ্কেল	এইসব	করা	2
এইসব	করা	লাগবে	2
টা	জিপ	এক্সএমএল	2
জিপ	এক্সএমএল	করবো	2
এক্সএমএল	করবো	কিভাবে	2
থ্যাংক্স	ব্রো	আমি	2
ব্রো	আমি	রেগুলারলি	2
আমি	রেগুলারলি	পোস্ট	2
রেগুলারলি	পোস্ট	করতাম	2
করতাম	বাট	মাঝখানে	2
বাট	মাঝখানে	অনেকদিন	2
মাঝখানে	অনেকদিন	মিস	2
অনেকদিন	মিস	হইসে	2
মিস	হইসে	দেটস	2
হইসে	দেটস	অল	2
একাউন্ট	করলাম	সেম	2
করলাম	সেম	কাহিনী	2
সেম	কাহিনী	এখন	2
কাহিনী	এখন	রেফার	2
রেফার	বোনাস	টা	2
বোনাস	টা	দিচ্ছে	2
টা	দিচ্ছে	না	2
দিচ্ছে	না	কালকে	2
না	কালকে	ট্রাই	2
কালকে	ট্রাই	করিয়েন	2
ট্রাই	করিয়েন	আজকে	2
করিয়েন	আজকে	কেউ	2
আজকে	কেউ	আর	2
কেউ	আর	করিয়েন	2
আর	করিয়েন	না	2
আমি	ফালতু	হইলে	2
ফালতু	হইলে	পোস্ট	2
হইলে	পোস্ট	করতে	2
পারতাম	না	আপনার	2
না	আপনার	চলে	2
আপনার	চলে	টাকে	2
চলে	টাকে	বলতেসেন	2
টাকে	বলতেসেন	এন্ড	2
বলতেসেন	এন্ড	যদি	2
এন্ড	যদি	চলতো	2
যদি	চলতো	তাইলে	2
চলতো	তাইলে	বলতেন	2
তাইলে	বলতেন	থ্যাংকস	2
ফেইসবুক	ফলোয়ার	দেখবো	2
ফলোয়ার	দেখবো	কিভাবে	2
দেখবো	কিভাবে	হেল্প	2
প্লিজ	ভাই	কিছু	2
ভাই	কিছু	কথা	2
বলতে	চাই	আপনাকে	2
চাই	আপনাকে	প্লিজ	2
আপনার	সকল	ধারনা	2
সকল	ধারনা	ভূল	2
ধারনা	ভূল	টাউকয়েন	2
ভূল	টাউকয়েন	এন্ড	2
টাউকয়েন	এন্ড	ল্যামবেন	2
এন্ড	ল্যামবেন	ডিফারেন্ট	2
ল্যামবেন	ডিফারেন্ট	ল্যামবেন	2
ডিফারেন্ট	ল্যামবেন	এর	2
ল্যামবেন	এর	নিকনেম	2
এর	নিকনেম	টাও	2
নিকনেম	টাও	বাট	2
টাও	বাট	ইট	2
বাট	ইট	ইজ	2
ইট	ইজ	নট	2
ইজ	নট	টাউকয়েন	2
আলহামদুলিল্লাহ	ইউসার	ভাই	2
ভাই	আমি	হেল্প	2
টিউনার	থেকে	কিক	2
থেকে	কিক	করলো	2
কিক	করলো	কেনো	2
ভাইয়া	মড	শিখার	2
মড	শিখার	কোনো	2
শিখার	কোনো	ওয়ে	2
আপনার	আইডি	নাম	2
বোকা	টিউনর	যার	2
টিউনর	যার	ইসি	2
যার	ইসি	নেট	2
নেট	চলে	তার	2
চলে	তার	তো	2
তার	তো	এমনেই	2
তো	এমনেই	চলবে	2
এমনেই	চলবে	এতো	2
চলবে	এতো	কিছু	2
এতো	কিছু	ডাউনলোড	2
রোবট	তো	নাই	2
তো	নাই	রিস্টার্ট	2
নাই	রিস্টার্ট	আছে	2
রিস্টার্ট	আছে	কি	2
আছে	কি	করমু	2
কি	করমু	ফোন	2
করমু	ফোন	কি	2
ফোন	কি	অফ	2
করে	অন	করমু	2
অন	করমু	আর	2
করমু	আর	আমাকে	2
আর	আমাকে	একটা	2
আমাকে	একটা	কথা	2
বলেন	তো	রুট	2
রুট	এর	রিস্টার্ট	2
এর	রিস্টার্ট	কি	2
রিস্টার্ট	কি	এক	2
ওই	পিন	দিয়ে	2
পিন	দিয়ে	ডাবলিউপিএস	2
দিয়ে	ডাবলিউপিএস	প্রো	2
ডাবলিউপিএস	প্রো	তে	2
প্রো	তে	দিলেই	2
তে	দিলেই	তো	2
দিলেই	তো	কানেক্ট	2
তো	কানেক্ট	হবে	2
এই	পোস্ট	১	2
পোস্ট	১	কে	2
১	কে	এর	2
কে	এর	বেশি	2
এর	বেশি	দেখসি	2
বেশি	দেখসি	ট্রিকবিডি	2
দেখসি	ট্রিকবিডি	ফালতু	2
ট্রিকবিডি	ফালতু	ছেলের	2
ছেলের	ফালতু	পোস্ট	2
আমাকে	একটা	এডু	2
এডু	মেইল	দিবেন	2
স্যামসাঙ	গ্যালাক্সি	এম০২	2
গ্যালাক্সি	এম০২	ফোনে	2
এম০২	ফোনে	হবে	2
কাজ	করবো	লিখেন	2
করবো	লিখেন	নাই	2
লিখেন	নাই	তো	2
রিভিউ	করেন	সম্পূর্ণ	2
করেন	সম্পূর্ণ	কপি	2
কপি	পেস্ট	মুক্ত	2
পেস্ট	মুক্ত	নিজের	2
মুক্ত	নিজের	লিখা	2
নিজের	লিখা	প্লিজ	2
লিখা	প্লিজ	মেক	2
মেক	মি	টিউনর	2
স্যামসাঙ	গ্যালাক্সি	এস৫৮৩০আই	2
গ্যালাক্সি	এস৫৮৩০আই	এর	2
এস৫৮৩০আই	এর	জন্য	2
এর	জন্য	স্যামসাঙ	2
জন্য	স্যামসাঙ	জে	2
স্যামসাঙ	জে	২এর	2
জে	২এর	কাস্টম	2
২এর	কাস্টম	রোম	2
রোম	লাগবে	খুব	2
লাগবে	খুব	দরকার	2
পরে	একটা	কাছের	2
একটা	কাছের	ট্রিক	2
কাছের	ট্রিক	পেলাম	2
ট্রিক	পেলাম	আমি	2
পেলাম	আমি	সফল	2
আমি	সফল	হয়েছি	2
সফল	হয়েছি	মেনি	2
হয়েছি	মেনি	মেনি	2
একাউন্ট	করলে	দিবে	2
করলে	দিবে	নাকি	2
দিবে	নাকি	রিয়েলি	2
নাকি	রিয়েলি	কয়েন	2
টাইম	ঠিক	করেন	2
ঠিক	করেন	টাইম	2
করেন	টাইম	মাস্ট	2
টাইম	মাস্ট	বি	2
বালের	ট্রিক	দিসেন	2
ট্রিক	দিসেন	সেম	2
দিসেন	সেম	স্পিড	2
সেম	স্পিড	এ	2
স্পিড	এ	বিভ্রান্ত	2
এ	বিভ্রান্ত	করেন	2
বিভ্রান্ত	করেন	কেন	2
করেন	কেন	টি	2
কেন	টি	লিমিট	2
টি	লিমিট	ক্রস	2
লিমিট	ক্রস	করার	2
ক্রস	করার	ট্রিক	2
করার	ট্রিক	না	2
ট্রিক	না	উইজ	2
না	উইজ	আমার	2
উইজ	আমার	ফর্মুলা	2
আমার	ফর্মুলা	উইজ	2
ফর্মুলা	উইজ	করেন	2
উইজ	করেন	ভাই	2
করেন	ভাই	এটাই	2
ভাই	এটাই	ভেজাল	2
এটাই	ভেজাল	কম	2
ভেজাল	কম	হবে	2
কম	হবে	ড্রইডভিপিন	2
হবে	ড্রইডভিপিন	এ	2
ড্রইডভিপিন	এ	৫০টা	2
এ	৫০টা	আইডি	2
৫০টা	আইডি	খুলবেন	2
আইডি	খুলবেন	১টা	2
খুলবেন	১টা	শেষ	2
১টা	শেষ	হলে	2
হলে	আরেকটা	উইজ	2
আরেকটা	উইজ	করবেন	2
উইজ	করবেন	আর	2
করবেন	আর	আপনার	2
আপনার	ট্রিক	কোনো	2
ট্রিক	কোনো	কাজের	2
কোনো	কাজের	নয়	2
কাজের	নয়	আগের	2
নয়	আগের	বেশি	2
আগের	বেশি	ডিসকানেক্ট	2
বেশি	ডিসকানেক্ট	হচ্ছে	2
ডিসকানেক্ট	হচ্ছে	আর	2
হচ্ছে	আর	সার্ভার	2
আর	সার্ভার	ইজ	2
সার্ভার	ইজ	ফুল	2
ইজ	ফুল	বেশি	2
ফুল	বেশি	দেখাচ্ছে	2
বেশি	দেখাচ্ছে	ফালতু	2
দেখাচ্ছে	ফালতু	পোস্ট	2
পোস্ট	করেন	অযথা	2
আপনি	কি	গেমস	2
কি	গেমস	এর	2
গেমস	এর	এক্স	2
এর	এক্স	মড	2
এক্স	মড	এর	2
মড	এর	কথা	2
বলসেন	নাকি	ক্সপোসড	2
নাকি	ক্সপোসড	এক্সপোসড	2
ক্সপোসড	এক্সপোসড	হলে	2
এক্সপোসড	হলে	এখানে	2
হলে	এখানে	এপিকে	2
হা	ব্রো	ডাটা	2
ব্রো	ডাটা	অন	2
অন	রেখে	লগ	2
রেখে	লগ	ইন	2
ভিসিট	মাই	ওয়েবসাইট	2
ওয়েলকাম	ব্রো	আপনার	2
আপনার	জন্য	দয়া	2
জন্য	দয়া	রইলো	2
দয়া	রইলো	ফিউচার	2
রইলো	ফিউচার	যেন	2
ফিউচার	যেন	আরো	2
যেন	আরো	আগেই	2
আরো	আগেই	যান	2
এটা	ফিউচারড	দেয়ার	2
ফিউচারড	দেয়ার	কি	2
ডিএক্টিভেটেড	দেখায়	লগইন	2
দেখায়	লগইন	করার	2
করার	সময়	ওদের	2
সময়	ওদের	সাথে	2
ওদের	সাথে	কন্টাক্ট	2
কন্টাক্ট	করতে	বলে	2
করতে	বলে	এক্টিভেশন	2
বলে	এক্টিভেশন	যে	2
এক্টিভেশন	যে	ওরা	2
যে	ওরা	লিংক	2
ওরা	লিংক	দিয়ে	2
লিংক	দিয়ে	শুধু	2
দিয়ে	শুধু	ঢুকতে	2
শুধু	ঢুকতে	লগ	2
ঢুকতে	লগ	ইন	2
ইন	করতে	পারিনা	2
করতে	পারিনা	এভাবে	2
পারিনা	এভাবে	কাজ	2
এভাবে	কাজ	করবো	2
কাজ	করবো	নাকি	2
করবো	নাকি	নিউ	2
নাকি	নিউ	অ্যাক	2
নিউ	অ্যাক	খুলবো	2
অ্যাক	খুলবো	আরেকটা	2
ফোন	কি	রুটেড	2
পেপাল	একাউন্টস	কিভাবে	2
একাউন্টস	কিভাবে	চালু	2
চালু	করবো	একাউন্ট	2
করবো	একাউন্ট	এক্টিভ	2
একাউন্ট	এক্টিভ	করতে	2
এক্টিভ	করতে	কি	2
কি	লাগবে	ফুল	2
লাগবে	ফুল	ইনফরমেশন	2
ফুল	ইনফরমেশন	দেন	2
ইনফরমেশন	দেন	প্লিজ	2
ভাইয়া	কিছু	ক্ষণ	2
ক্ষণ	পর	অটো	2
পর	অটো	কাট	2
অটো	কাট	হয়ে	2
কাট	হয়ে	যায়	2
হয়ে	যায়	এইটা	2
যায়	এইটা	ফিক্স	2
এইটা	ফিক্স	করবো	2
ফিক্স	করবো	কিভাবে	2
করবো	কিভাবে	মানে	2
কিভাবে	মানে	ডিরেক্ট	2
মানে	ডিরেক্ট	হোম	2
ডিরেক্ট	হোম	পেজ	2
ইউস	কেপিএন	টানেল	2
এট	লিস্ট	৪	2
লিস্ট	৪	মিনিটস	2
৪	মিনিটস	তো	2
মিনিটস	তো	চলবে	2
ভাইয়া	যদি	একাউন্ট	2
যদি	একাউন্ট	এ	2
টাকা	থাকে	তাহলে	2
থাকে	তাহলে	কেটে	2
তাহলে	কেটে	যাবে	2
সবার	হয়	ও	2
হয়	ও	হয়	2
ও	হয়	স্ক্রিনশট	2
হয়	স্ক্রিনশট	এর	2
এর	মতো	সেটিংস	2
মতো	সেটিংস	করে	2
সেটিংস	করে	দেখেন	2
করে	দেখেন	হয়ে	2
এপ	ইনস্টল	হইসে	2
ইনস্টল	হইসে	কি	2
হইসে	কি	টিপতে	2
কি	টিপতে	হবে	2
আমি	একটাই	ফোন	2
একটাই	ফোন	রিভিউ	2
ফোন	রিভিউ	করসি	2
হুম	বাট	সবাইকে	2
বাট	সবাইকে	জানাইলাম	2
থ্যাংক্স	বস	বাট	2
বস	বাট	ভাই	2
বাট	ভাই	নোটিফিকেশন	2
ভাই	নোটিফিকেশন	তোমার	2
নোটিফিকেশন	তোমার	নাম	2
তোমার	নাম	দেখলেই	2
নাম	দেখলেই	ভয়	2
দেখলেই	ভয়	পাই	2
ভয়	পাই	করবা	2
পাই	করবা	নাকি	2
করবা	নাকি	উৎসাহ	2
নাকি	উৎসাহ	দিবে	2
উৎসাহ	দিবে	টেনশন	2
দিবে	টেনশন	এ	2
টেনশন	এ	থাকি	2
এ	থাকি	হাহাহা	2
এইটাও	কোনো	পোস্ট	2
ভাই	আপনি	এমএসভিপিএন	2
আপনি	এমএসভিপিএন	এগুলার	2
এমএসভিপিএন	এগুলার	সার্ভার	2
এগুলার	সার্ভার	কোন	2
সার্ভার	কোন	সাইট	2
সাইট	থেকে	বানাইসেন	2
আনলিমিটেড	টিডাবলিউটি	টোকেন	2
টিডাবলিউটি	টোকেন	বাই	2
টোকেন	বাই	করা	2
বাই	করা	হয়	2
করা	হয়	বিকাশ	2
ওয়েলকাম	ইউসার	ভাই	2
ইউসার	ভাই	শোনেন	2
ভাই	শোনেন	আমি	2
শোনেন	আমি	প্রুভ	2
আমি	প্রুভ	দিবো	2
প্রুভ	দিবো	আমার	2
দিবো	আমার	ইনবক্স	2
আমার	ইনবক্স	এর	2
ইনবক্স	এর	এসএমএস	2
এর	এসএমএস	গুলা	2
এসএমএস	গুলা	দিয়ে	2
গুলা	দিয়ে	কবে	2
দিয়ে	কবে	কাকে	2
কবে	কাকে	দিয়েসি	2
কাকে	দিয়েসি	যদি	2
দিয়েসি	যদি	ইউসার	2
যদি	ইউসার	চোরের	2
ইউসার	চোরের	আগে	2
চোরের	আগে	পোস্ট	2
আগে	পোস্ট	এর	2
পোস্ট	এর	আগে	2
এর	আগে	না	2
আগে	না	হয়	2
না	হয়	তাইলে	2
হয়	তাইলে	ট্রিকবিডি	2
ভাইয়া	এইটা	জাস্ট	2
এইটা	জাস্ট	ফ্রেন্ড	2
জাস্ট	ফ্রেন্ড	এর	2
এর	সাথে	ফান	2
সাথে	ফান	করার	2
করার	জন্য	ফেক	2
জন্য	ফেক	এনআইডি	2
ফেক	এনআইডি	আইডি	2
এনআইডি	আইডি	কার্ড	2
কার্ড	দিয়ে	ডিসএবলড	2
দিয়ে	ডিসএবলড	আইডি	2
ডিসএবলড	আইডি	ঠিক	2
আইডি	ঠিক	করা	2
আমি	প্রায়	সব	2
প্রায়	সব	মাইনার	2
সব	মাইনার	এ	2
মাইনার	এ	লগ	2
লগ	ইন	কইরা	2
ইন	কইরা	উইথড্র	2
কইরা	উইথড্র	দিসি	2
উইথড্র	দিসি	পর্যন্ত	2
দিসি	পর্যন্ত	প্রায়	2
পর্যন্ত	প্রায়	২	2
প্রায়	২	মান্থ	2
২	মান্থ	হলো	2
মান্থ	হলো	পেমেন্ট	2
হলো	পেমেন্ট	পায়নি	2
পেমেন্ট	পায়নি	পেন্ডিং	2
পায়নি	পেন্ডিং	এ	2
এ	আছি	ওদের	2
আছি	ওদের	কবে	2
ওদের	কবে	দয়া	2
কবে	দয়া	হয়	2
এফবি	আইডি	৬০দিন	2
আইডি	৬০দিন	এর	2
৬০দিন	এর	আগে	2
এর	আগে	নাম	2
আগে	নাম	চেঞ্জ	2
চেঞ্জ	করতে	গিয়ে	2
করতে	গিয়ে	নষ্ট	2
গিয়ে	নষ্ট	করে	2
নষ্ট	করে	ফেলেসি	2
করে	ফেলেসি	জাস্ট	2
ফেলেসি	জাস্ট	নিজের	2
জাস্ট	নিজের	ফটো	2
নিজের	ফটো	দিয়েই	2
ফটো	দিয়েই	করেসি	2
দিয়েই	করেসি	বাট	2
করেসি	বাট	এখন	2
এখন	আর	হলো	2
হলো	না	ঠিক	2
না	ঠিক	করার	2
করার	জন্য	কয়েক	2
জন্য	কয়েক	বার	2
ট্রাই	করেছি	ট্রাই	2
করেছি	ট্রাই	করার	2
ট্রাই	করার	কিছু	2
করার	কিছু	ক্ষণ	2
ক্ষণ	পর	জিমেইল	2
পর	জিমেইল	এ	2
জিমেইল	এ	মেসেজ	2
এ	মেসেজ	আসতো	2
মেসেজ	আসতো	এখন	2
আসতো	এখন	মেসেজ	2
এখন	মেসেজ	ও	2
মেসেজ	ও	আসে	2
ও	আসে	না	2
আসে	না	এটার	2
বাংলাদেশে	কি	হবে	2
নিউ	আবার	ডাউনলোড	2
ডাউনলোড	করেন	হবে	2
আসুস	না	আসুস	2
আসুস	এর	মতো	2
কিভাবে	অ্যাডমিনশিপ	ক্লেম	2
অ্যাডমিনশিপ	ক্লেম	করবো	2
ক্লেম	করবো	গ্রূপে	2
করবো	গ্রূপে	অ্যাডমিন	2
গ্রূপে	অ্যাডমিন	মডারেটর	2
অ্যাডমিন	মডারেটর	কেউ	2
মডারেটর	কেউ	নাই	2
আপনি	না	বুজলে	2
না	বুজলে	আমার	2
বুজলে	আমার	পেজ	2
আমার	পেজ	এসএমএস	2
করুন	এসশট	সহ	2
এসশট	সহ	বুঝিয়া	2
সহ	বুঝিয়া	দিবো	2
দারাজ	এ	কি	2
এ	কি	অফিলিয়েত	2
কি	অফিলিয়েত	সিস্টেম	2
অফিলিয়েত	সিস্টেম	চালু	2
সিস্টেম	চালু	আছে	2
আরে	একটা	কথা	2
কথা	ভাই	এই	2
এই	টা	কিন্তু	2
টা	কিন্তু	পেইড	2
কিন্তু	পেইড	লিংক	2
এক্সটাচ	ই	১	2
ই	১	চিপসেট	2
১	চিপসেট	এমটি৬৭৩৫পি	2
চিপসেট	এমটি৬৭৩৫পি	এর	2
আমার	এখানে	পাই	2
এখানে	পাই	আর	2
পাই	আর	এই	2
আর	এই	সমস্যা	2
এই	সমস্যা	টা	2
সমস্যা	টা	২	2
টা	২	৩	2
২	৩	দিন	2
সিম	এ	প্রতিদিন	2
এ	প্রতিদিন	কি	2
লাগবে	কি	একেবারে	2
ক্রেডিট	দিবে	এপ	2
দিবে	এপ	টা	2
জি	আপনার	বিষয়	2
আপনার	বিষয়	টাও	2
বিষয়	টাও	আমরা	2
টাও	আমরা	বুঝি	2
আমরা	বুঝি	আপনারা	2
বুঝি	আপনারা	অনেক	2
আপনারা	অনেক	পরিশ্রম	2
অনেক	পরিশ্রম	করেন	2
পরিশ্রম	করেন	আমার	2
গুলা	একটু	দেখেন	2
দেখেন	না	আপনে	2
না	আপনে	আপডেট	2
আপনে	আপডেট	করতে	2
আপডেট	করতে	বলসিলেন	2
করতে	বলসিলেন	এন্ড	2
বলসিলেন	এন্ড	বলসিলেন	2
এন্ড	বলসিলেন	পোস্ট	2
বলসিলেন	পোস্ট	গুলা	2
গুলা	ভালো	তাহলে	2
ভালো	তাহলে	কেনো	2
তাহলে	কেনো	আমি	2
কেনো	আমি	অথর	2
অথর	হতে	পারসিনা	2
হতে	পারসিনা	আশা	2
পারসিনা	আশা	করসি	2
আশা	করসি	বিষয়	2
করসি	বিষয়	টি	2
বিষয়	টি	দেখবেন	2
ফেইসবুক	কম	এ	2
কম	এ	ঢুকার	2
ঢুকার	পর	আমার	2
পর	আমার	সি৫	2
আমার	সি৫	এন্ড	2
সি৫	এন্ড	অল	2
এন্ড	অল	সিমবিয়ান	2
অল	সিমবিয়ান	এই	2
সিমবিয়ান	এই	কাজ	2
হুম	সিম্ফনি	তে	2
সিম্ফনি	তে	ইউসি	2
তে	ইউসি	সাপোর্ট	2
ইউসি	সাপোর্ট	করেনা	2
এনি	থিম	সুইচ	2
থিম	সুইচ	প্লাগইন	2
সুইচ	প্লাগইন	দিয়ে	2
২	মান্থস	আছে	2
মান্থস	আছে	তুই	2
আছে	তুই	তো	2
তুই	তো	এই	2
পোস্ট	টা	করসিলি	2
টা	করসিলি	সেইটায়	2
করসিলি	সেইটায়	কেউ	2
সেইটায়	কেউ	গালি	2
কেউ	গালি	দেয়	2
গালি	দেয়	নাই	2
দেয়	নাই	তো	2
তো	তাই	এখন	2
তাই	এখন	করছস	2
এখন	করছস	তাই	2
করছস	তাই	না	2
পাওয়া	যাবে	আপনি	2
যাবে	আপনি	ওই	2
আপনি	ওই	স্পিড	2
ওই	স্পিড	মিটার	2
স্পিড	মিটার	টা	2
মিটার	টা	নিয়ে	2
পোস্ট	করুন	টিউনার	2
করুন	টিউনার	হবেন	2
টিউনার	হবেন	ডোন্ট	2
হবেন	ডোন্ট	কপি	2
ব্রো	আমি	পিসি	2
পিসি	তে	এটা	2
তে	এটা	ইনস্টল	2
এটা	ইনস্টল	করসে	2
ইনস্টল	করসে	বাট	2
করসে	বাট	এটা	2
বাট	এটা	তো	2
এটা	তো	চলতেসেনা	2
তো	চলতেসেনা	ওপেন	2
চলতেসেনা	ওপেন	করলে	2
করলে	অটোমেটিক	ফাইনাশড	2
অটোমেটিক	ফাইনাশড	হয়ে	2
ফাইনাশড	হয়ে	যায়	2
যায়	হেল্প	মি	2
টি	আপনি	কোথায়	2
আপনি	কোথায়	পাইসেন	2
কোথায়	পাইসেন	লিংক	2
পাইসেন	লিংক	দেন	2
কিসের	বাটপারি	ব্রো	2
এ	কি	ডাটা	2
কি	ডাটা	লাগবে	2
ভাই	ট্রিটস	আপ	2
ট্রিটস	আপ	নিয়ে	2
আপ	নিয়ে	ডিটেলস	2
নিয়ে	ডিটেলস	একটা	2
ডিটেলস	একটা	পোস্ট	2
কাইন্ডলি	ফেইসবুক	এ	2
এ	আসেন	আপনাকে	2
আসেন	আপনাকে	মেসেজ	2
আপনাকে	মেসেজ	দিয়েছি	2
মেসেজ	দিয়েছি	আমার	2
দিয়েছি	আমার	ফ্রম	2
আমার	ফ্রম	ব্যালান্স	2
ফ্রম	ব্যালান্স	অপশন	2
ব্যালান্স	অপশন	আসেনা	2
অপশন	আসেনা	ভিপিএন	2
আসেনা	ভিপিএন	ইউস	2
করে	ও	কাজ	2
ও	কাজ	হয়না	2
কেউ	কি	আমারে	2
কি	আমারে	বলবে	2
আমারে	বলবে	ইউসি	2
বলবে	ইউসি	হ্যান্ডেলর	2
ইউসি	হ্যান্ডেলর	থেকে	2
হ্যান্ডেলর	থেকে	বিগ	2
থেকে	বিগ	ভিডিও	2
বিগ	ভিডিও	যেমন	2
ভিডিও	যেমন	মুভি	2
যেমন	মুভি	কিভাবে	2
মুভি	কিভাবে	ডাউনলোড	2
করবো	প্লিজ	করো	2
হুম	আনরুট	নিয়ে	2
আনরুট	নিয়ে	আসবো	2
নিয়ে	আসবো	মে	2
আসবো	মে	বি	2
মানা	করি	নাই	2
করি	নাই	যা	2
নাই	যা	সত্যি	2
সত্যি	তাই	বলেছি	2
ট্রিকবিডি	এর	ডোমেইন	2
এর	ডোমেইন	তাড়াতাড়ি	2
ডোমেইন	তাড়াতাড়ি	হ্যাক	2
তাড়াতাড়ি	হ্যাক	হবে	2
হ্যাক	হবে	বি	2
হবে	বি	এলার্ট	2
বি	এলার্ট	ইউসার	2
এলার্ট	ইউসার	ব্রো	2
বাংলা১	এইখান	বাট	2
এইখান	বাট	বাংলা২	2
বাট	বাংলা২	কই	2
করা	আছে	নিচে	2
আছে	নিচে	ফ্রী	2
নিচে	ফ্রী	নেট	2
ফ্রী	নেট	টিপস	2
নেট	টিপস	এ	2
টিপস	এ	গেয়ে	2
এ	গেয়ে	দেখেন	2
কিশোর	গ্যাং	দিন	2
গ্যাং	দিন	দিন	2
দিন	দিন	বাড়তাছে	2
দিন	বাড়তাছে	একা	2
বাড়তাছে	একা	না	2
একা	না	যাওয়াই	2
না	যাওয়াই	ভালো	2
স্পেমার	নট	এলাউড	2
ব্রো	নাইস	ট্রিক	2
নাইস	ট্রিক	এপ	2
ট্রিক	এপ	কি	2
এপ	কি	ভাবে	2
ভাবে	পাবো	আপনার	2
পাবো	আপনার	থেকে	2
ভাই	আমার	ডব্লিউ৬৭	2
আমার	ডব্লিউ৬৭	ফোন	2
ডব্লিউ৬৭	ফোন	আমি	2
ফোন	আমি	এখনো	2
আমি	এখনো	এস৬	2
এখনো	এস৬	রোম	2
এস৬	রোম	ব্যবহার	2
রোম	ব্যবহার	করতেসে	2
ব্যবহার	করতেসে	কিন্তু	2
করতেসে	কিন্তু	আরপিএম	2
কিন্তু	আরপিএম	তো	2
আরপিএম	তো	আমি	2
তো	আমি	সেট	2
আমি	সেট	করসি	2
সেট	করসি	এখন	2
করসি	এখন	আমি	2
আমার	আগের	ভার্সন	2
আগের	ভার্সন	মানে	2
ভার্সন	মানে	নিউ	2
মানে	নিউ	যখন	2
নিউ	যখন	ফোন	2
যখন	ফোন	কিনসিলাম	2
ফোন	কিনসিলাম	সেই	2
কিনসিলাম	সেই	রকম	2
সেই	রকম	করবো	2
রকম	করবো	কেমনে	2
করবো	কেমনে	সব	2
কেমনে	সব	কিছু	2
সব	কিছু	করা	2
কিছু	করা	আসে	2
করা	আসে	ব্যাকআপ	2
আসে	ব্যাকআপ	করা	2
ব্যাকআপ	করা	আসে	2
করা	আসে	প্লিজ	2
থেকে	করেন	তাহলে	2
ভাই	এত	ভুয়া	2
এত	ভুয়া	পোস্ট	2
ভুয়া	পোস্ট	দেন	2
দেন	কেনো	পুরা	2
কেনো	পুরা	২৪আওয়ারে	2
পুরা	২৪আওয়ারে	ট্রাই	2
২৪আওয়ারে	ট্রাই	করসি	2
ট্রাই	করসি	চলে	2
করসি	চলে	না	2
চলে	না	পাইলাম	2
না	পাইলাম	ভাই	2
পাইলাম	ভাই	চাই	2
টা	করসিলাম	১৮	2
করসিলাম	১৮	তারিখ	2
ভাই	ইউসার	রা	2
ইউসার	রা	কি	2
রা	কি	আনলিমিটেড	2
কি	আনলিমিটেড	ইন্টারনেট	2
আনলিমিটেড	ইন্টারনেট	ইউস	2
ইন্টারনেট	ইউস	করতে	2
করতে	পারবে	জানাবেন	2
প্রতিবার	এর	জন্য	2
কি	নিউ	এফবি	2
নিউ	এফবি	আইডি	2
এফবি	আইডি	লাগবে	2
আইডি	লাগবে	নাকি	2
লাগবে	নাকি	১	2
নাকি	১	টা	2
১	টা	এফবি	2
টা	এফবি	আইডি	2
তে	নিউ	পেজ	2
নিউ	পেজ	বার	2
পেজ	বার	বার	2
বার	বার	খুললেই	2
বার	খুললেই	হবে	2
একটা	কথা	লিখতে	2
কথা	লিখতে	হতো	2
লিখতে	হতো	যে	2
হতো	যে	ব্যালান্স	2
যে	ব্যালান্স	এ১০	2
ব্যালান্স	এ১০	টাকা	2
এ১০	টাকা	বা	2
টাকা	বা	তার	2
বা	তার	উপরে	2
তার	উপরে	থাকলে	2
উপরে	থাকলে	টাকা	2
থাকলে	টাকা	কেটে	2
২১	আওয়ার্স	হয়	2
আওয়ার্স	হয়	এ	2
হয়	এ	গেলো	2
এ	গেলো	এখনো	2
গেলো	এখনো	পাইলামনা	2
নিউ	ইউসার	রা	2
ইউসার	রা	ওয়ার্ডেপ্রেস	2
রা	ওয়ার্ডেপ্রেস	ইনস্টল	2
ওয়ার্ডেপ্রেস	ইনস্টল	করতে	2
পারবে	আর	প্লাগইন	2
প্লাগইন	ইনস্টল	করতে	2
ভিডিও	ডাউনলোডার	নাই	2
ডাউনলোডার	নাই	এফবি	2
নাই	এফবি	দেখে	2
এফবি	দেখে	ভিডিও	2
দেখে	ভিডিও	ডাউনলোড	2
ডাউনলোড	করতে	চাই	2
এই	যে	মেইল	2
যে	মেইল	করলাম	2
মেইল	করলাম	তারা	2
করলাম	তারা	রিপ্লায়	2
তারা	রিপ্লায়	দিবে	2
রিপ্লায়	দিবে	কতদিন	2
দিবে	কতদিন	পর	2
মোবাইল	ভার্সন	নিয়ে	2
ইউসার	ভাই	বুঝলাম	2
ভাই	বুঝলাম	কিন্তু	2
বুঝলাম	কিন্তু	কথা	2
কিন্তু	কথা	থেকে	2
কথা	থেকে	রিকভারি	2
থেকে	রিকভারি	করবো	2
রিকভারি	করবো	কি	2
ভাই	একটু	বলেদেন	2
একটু	বলেদেন	অনেক	2
বলেদেন	অনেক	উপকার	2
থ্যাংক্স	ভাইয়া	দেওয়ার	2
ভাইয়া	দেওয়ার	জন্য	2
যারা	আগে	একাউন্ট	2
আগে	একাউন্ট	নিসিলেন	2
একাউন্ট	নিসিলেন	তারা	2
নিসিলেন	তারা	না	2
তারা	না	নিলেও	2
না	নিলেও	হবে	2
এর	জন্য	থ্যাংক্স	2
বুজলাম	না	ভাইয়া	2
এইটারেই	বলে	আবুইল্লা	2
এখন	তো	১	2
১	টাকায়	১০০এমবি	2
টাকায়	১০০এমবি	বন্ধ	2
১০০এমবি	বন্ধ	করে	2
করে	দিয়েছে	আবার	2
দিয়েছে	আবার	কেনো	2
আবার	কেনো	এই	2
কেনো	এই	পোস্ট	2
এই	পোস্ট	দেন	2
৫০	টাকার	প্যাক	2
টাকার	প্যাক	কিনে	2
প্যাক	কিনে	কইবার	2
কিনে	কইবার	৫	2
কইবার	৫	টাকা	2
৫	টাকা	১জিবি	2
টাকা	১জিবি	নিতে	2
১জিবি	নিতে	পারবো	2
আমারে	কেউ	এসএমএস	2
কেউ	এসএমএস	বোমবিং	2
এসএমএস	বোমবিং	করলে	2
বোমবিং	করলে	তার	2
করলে	তার	লোকেশন	2
তার	লোকেশন	কোনো	2
লোকেশন	কোনো	ভাবে	2
কোনো	ভাবে	ট্রেস	2
ভাবে	ট্রেস	করা	2
ট্রেস	করা	কি	2
নাইস	পোস্ট	আমি	2
পোস্ট	আমি	পাইসে	2
আমি	পাইসে	ভাই	2
পাইসে	ভাই	থ্যাংক্স	2
টাকা	ইনকামের	জন্য	2
ইনকামের	জন্য	ইউসারআপলোড	2
জন্য	ইউসারআপলোড	এ	2
ইউসারআপলোড	এ	ফাইল	2
ফাইল	আপলোড	দিসে	2
আপলোড	দিসে	থার্ড	2
দিসে	থার্ড	লিংক	2
থার্ড	লিংক	এর	2
লিংক	এর	পোস্ট	2
পোস্ট	এ	ড্রোইড	2
এ	ড্রোইড	ভিপিএন	2
ড্রোইড	ভিপিএন	এর	2
ভিপিএন	এর	ডাইরেক্ট	2
এর	ডাইরেক্ট	লিংক	2
ডাইরেক্ট	লিংক	দেওয়া	2
দেওয়া	আছে	তাছাড়া	2
আছে	তাছাড়া	উনার	2
তাছাড়া	উনার	স্ক্রিনশট	2
উনার	স্ক্রিনশট	গুলা	2
স্ক্রিনশট	গুলা	কানেক্টেড	2
গুলা	কানেক্টেড	করা	2
কানেক্টেড	করা	নাই	2
করা	নাই	অন্যটা	2
নাই	অন্যটা	কোনো	2
অন্যটা	কোনো	কাজের	2
কাজের	না	কোনো	2
না	কোনো	অ্যাকশন	2
কোনো	অ্যাকশন	নিবেন	2
অ্যাকশন	নিবেন	না	2
ব্রো	আমি	ফেন্ড	2
আমি	ফেন্ড	রিক	2
ফেন্ড	রিক	পাঠাইতেছি	2
রিক	পাঠাইতেছি	এক্সেপ্ট	2
পাঠাইতেছি	এক্সেপ্ট	করেন	2
এক্সেপ্ট	করেন	এফবি	2
এফবি	আইডি	আমি	2
ওয়েব	ভার্সন	ইউস	2
ভার্সন	ইউস	করাটাই	2
ইউস	করাটাই	ইসি	2
করাটাই	ইসি	এখন	2
ইসি	এখন	এপিকে	2
এখন	এপিকে	সাইজ	2
এপিকে	সাইজ	বারতাসে	2
সাইজ	বারতাসে	দিন	2
বারতাসে	দিন	দিন	2
কি	এফবি	আইডি	2
এফবি	আইডি	পেয়েছেন	2
আইডি	পেয়েছেন	এন্স	2
মেসেজ	দিছি	দেন	2
রিপোর্ট	এই	ভাবে	2
এই	ভাবে	না	2
ভাবে	না	বুঝে	2
না	বুঝে	না	2
বুঝে	না	জেনে	2
জেনে	পোস্ট	করা	2
ঠিক	হয়	নি	2
উইন	এ	সিস্টেম	2
এ	সিস্টেম	সার্ভিস	2
সিস্টেম	সার্ভিস	এ	2
সার্ভিস	এ	পাওয়া	2
পাওয়া	যায়	সফটয়ারে	2
যায়	সফটয়ারে	লাগে	2
সফটয়ারে	লাগে	না	2
অথর	হবার	জন্য	2
হবার	জন্য	১টা	2
জন্য	১টা	পোস্ট	2
১টা	পোস্ট	ই	2
পোস্ট	ই	এনাফ	2
যার	আইডি	দিয়ে	2
আইডি	দিয়ে	ভেরিফাই	2
দিয়ে	ভেরিফাই	করবো	2
ভেরিফাই	করবো	নাম	2
করবো	নাম	ঠিকানা	2
নাম	ঠিকানা	কি	2
ঠিকানা	কি	তার	2
কি	তার	দিতে	2
তার	দিতে	হবে	2
পারমিশন	এর	কথা	2
এর	কথা	লেখেন	2
কথা	লেখেন	নাই	2
কোন	সেটিংস	এ	2
সেটিংস	এ	১	2
এ	১	ইয়ার	2
১	ইয়ার	আগেও	2
ইয়ার	আগেও	তো	2
আগেও	তো	এয়ারটেল	2
এয়ারটেল	এ	হত	2
ব্রো	আমার	প্লে	2
প্লে	স্টোর	এক্সেস	2
স্টোর	এক্সেস	হয়না	2
এক্সেস	হয়না	প্লেসে	2
হয়না	প্লেসে	আপনার	2
প্লেসে	আপনার	নামটা	2
আপনার	নামটা	বলেন	2
নামটা	বলেন	উদাহরণ	2
বলেন	উদাহরণ	এপিকে	2
থ্যাংক	ডেভেলপমেন্ট	শেষ	2
ডেভেলপমেন্ট	শেষ	হলে	2
শেষ	হলে	দিনেও	2
হলে	দিনেও	কথা	2
দিনেও	কথা	বলা	2
মাস্টারকার্ড	করবো	কিভাবে	2
করবো	কিভাবে	বলেন	2
এ	অফার	কে	2
অফার	কে	এখনো	2
কে	এখনো	আছে	2
এখনো	আছে	আমি	2
আছে	আমি	যখন	2
আমি	যখন	এ	2
যখন	এ	অফার	2
এ	অফার	ইউস	2
অফার	ইউস	করসে	2
ইউস	করসে	তখন	2
করসে	তখন	১জিবি	2
তখন	১জিবি	নেট	2
১জিবি	নেট	১০০০এসএমএস	2
নেট	১০০০এসএমএস	দেতো	2
ওরা	আমাকে	খুঁজে	2
আমাকে	খুঁজে	না	2
খুঁজে	না	পেলে	2
পেলে	পোস্ট	অফিস	2
পোস্ট	অফিস	এর	2
অফিস	এর	পিয়ন	2
এর	পিয়ন	কি	2
পিয়ন	কি	ফোন	2
ফোন	দিয়ে	খোঁজ	2
দিয়ে	খোঁজ	করে	2
খোঁজ	করে	কার্ড	2
করে	কার্ড	দিবে	2
এইচডি	করতে	পারবেন	2
যাদের	কনফিগ	লাগবে	2
কনফিগ	লাগবে	অ্যাসএসএইচ	2
লাগবে	অ্যাসএসএইচ	টিউনাল	2
অ্যাসএসএইচ	টিউনাল	এইচটিটিপি	2
টিউনাল	এইচটিটিপি	কাস্টম	2
এইচটিটিপি	কাস্টম	তারা	2
কাস্টম	তারা	নক	2
তারা	নক	দেন	2
পিএনজি	ফরমেট	কি	2
ফরমেট	কি	দেখতে	2
কি	দেখতে	পারছেন	2
ভালো	করসেন	পোস্ট	2
করসেন	পোস্ট	টা	2
টা	করে	বাট	2
করে	বাট	ট্রিকবিডি	2
ট্রিকবিডি	তে	ডার্ক	2
তে	ডার্ক	ওয়েব	2
ওয়েব	এ	ঢুকার	2
এ	ঢুকার	ওয়ে	2
ঢুকার	ওয়ে	টা	2
ওয়ে	টা	অনেক	2
অনেক	আগে	এক	2
আগে	এক	জন	2
এক	জন	অথর	2
জন	অথর	পোস্ট	2
অথর	পোস্ট	করছিলো	2
ওই	হালা	কি	2
হালা	কি	লিখসোস	2
কি	লিখসোস	এই	2
লিখসোস	এই	গুলা	2
থেকে	কি	কেউ	2
কি	কেউ	কখনো	2
কেউ	কখনো	পেইমেন্ট	2
কখনো	পেইমেন্ট	পাইছিলেন	2
১০	বার	কোড	2
বার	কোড	বসাতে	2
কোড	বসাতে	হবে	2
বসাতে	হবে	স্ক্রিপ্ট	2
হবে	স্ক্রিপ্ট	নির্মাতা	2
স্ক্রিপ্ট	নির্মাতা	বলেসেন	2
নির্মাতা	বলেসেন	দিন	2
বলেসেন	দিন	এর	2
মধ্যে	অটো	কোড	2
অটো	কোড	স্ক্রিপ্ট	2
কোড	স্ক্রিপ্ট	দেয়া	2
স্ক্রিপ্ট	দেয়া	হবে	2
ভাই	ওয়ালটন	এনএইচ	2
ওয়ালটন	এনএইচ	লাইট	2
লাইট	রুট	হয়না	2
রুট	হয়না	কিভাবে	2
হয়না	কিভাবে	করবো	2
কিভাবে	করবো	আরো	2
করবো	আরো	অনেক	2
আরো	অনেক	সফটওয়্যার	2
অনেক	সফটওয়্যার	ব্যবহার	2
সফটওয়্যার	ব্যবহার	করসি	2
ব্যবহার	করসি	বাট	2
করসি	বাট	রুট	2
বাট	রুট	হচ্ছেনা	2
এখানে	আপনি	আবার	2
আপনি	আবার	স্পাম	2
আবার	স্পাম	এর	2
স্পাম	এর	কি	2
না	হয়	অন্য	2
হয়	অন্য	ডেস	2
অন্য	ডেস	সিলেক্ট	2
ডেস	সিলেক্ট	করুন	2
কি	রকম	কাজের	2
রকম	কাজের	কথা	2
কাজের	কথা	বলসেন	2
কথা	বলসেন	এই	2
বলসেন	এই	টা	2
এই	টা	বোমবিং	2
টা	বোমবিং	আর	2
বোমবিং	আর	বোমবিং	2
আর	বোমবিং	নিয়ে	2
বোমবিং	নিয়ে	অনেক	2
নিয়ে	অনেক	লেখা	2
অনেক	লেখা	আছে	2
লেখা	আছে	যার	2
যার	জন্য	আমি	2
জন্য	আমি	বেশি	2
আমি	বেশি	কিছু	2
বেশি	কিছু	লিখিনি	2
কাজটা	কোন	ব্রাউসার	2
কোন	ব্রাউসার	দিয়া	2
ব্রাউসার	দিয়া	করবো	2
দিয়া	করবো	অপেরা	2
করবো	অপেরা	ইউসি	2
অপেরা	ইউসি	দিয়া	2
ইউসি	দিয়া	হয়	2
জানি	ব্রো	আমারটা	2
ব্রো	আমারটা	এর	2
আমারটা	এর	চেয়ে	2
চেয়ে	ভালো	চলে	2
এমটিকে	ড্রোইড	টুলস	2
ড্রোইড	টুলস	এর	2
টুলস	এর	লেটেস্ট	2
লেটেস্ট	ভার্সন	ট্রাই	2
ভার্সন	ট্রাই	করেছেন	2
দাম	এখনো	জানা	2
এখনো	জানা	নেই	2
জানা	নেই	জানা	2
নেই	জানা	গেলে	2
জানা	গেলে	ইডিট	2
গেলে	ইডিট	করে	2
ইডিট	করে	দিবো	2
আমি	যেইটা	উইজ	2
যেইটা	উইজ	করতেছি	2
উইজ	করতেছি	সেইটা	2
করতেছি	সেইটা	গুগল	2
সেইটা	গুগল	ভাইরাস	2
গুগল	ভাইরাস	হিসেবে	2
ভাইরাস	হিসেবে	ধরে	2
হিসেবে	ধরে	এর	2
ধরে	এর	আগে	2
এর	আগে	সেইটার	2
আগে	সেইটার	লিংক	2
সেইটার	লিংক	এ	2
লিংক	এ	দিছিলাম	2
এ	দিছিলাম	বাট	2
দিছিলাম	বাট	অনেকেই	2
বাট	অনেকেই	ডাউনলোড	2
অনেকেই	ডাউনলোড	দিতে	2
ডাউনলোড	দিতে	পারছিলোনা	2
দিতে	পারছিলোনা	সেজন্য	2
পারছিলোনা	সেজন্য	অন্য	2
সেজন্য	অন্য	লিংক	2
অন্য	লিংক	দিয়েছি	2
ওওওও	তাই	থ্যাংক্স	2
তাই	থ্যাংক্স	ফর	2
থ্যাংক্স	ফর	এ	2
ফর	এ	গুড	2
এ	গুড	কমেন্ট	2
গুড	কমেন্ট	আমি	2
কমেন্ট	আমি	পিক্স্যাল্যাব	2
আমি	পিক্স্যাল্যাব	দিয়ে	2
পিক্স্যাল্যাব	দিয়ে	ইডিট	2
দিয়ে	ইডিট	করেসি	2
ইডিট	করেসি	ভাই	2
করেসি	ভাই	এসএস	2
ভাই	এসএস	ভালো	2
এসএস	ভালো	বাট	2
ভালো	বাট	পোস্ট	2
বাট	পোস্ট	কেমন	2
পোস্ট	কেমন	হইসে	2
কেমন	হইসে	জানান	2
হইসে	জানান	নি	2
জানান	নি	কিন্তু	2
নি	কিন্তু	আশা	2
কিন্তু	আশা	করি	2
আশা	করি	পরবর্তী	2
করি	পরবর্তী	কমেন্ট	2
পরবর্তী	কমেন্ট	এ	2
পাশে	আছি	ভাই	2
গুগল	যদি	আপনার	2
যদি	আপনার	এডসেন্স	2
আপনার	এডসেন্স	এপ্রোভ	2
এডসেন্স	এপ্রোভ	করি	2
এপ্রোভ	করি	আশা	2
করি	আশা	করি	2
আশা	করি	কোনো	2
করি	কোনো	প্রব্লেম	2
সরি	বাট	আমার	2
কাছে	একটা	বাগলেস	2
একটা	বাগলেস	রোম	2
বাগলেস	রোম	আছে	2
রোম	আছে	ঐটা	2
আছে	ঐটা	তে	2
ঐটা	তে	বাগ	2
তে	বাগ	নাই	2
বাগ	নাই	ইনবক্স	2
নাই	ইনবক্স	এ	2
এ	আসেন	রোম	2
আসেন	রোম	টা	2
রোম	টা	দিবো	2
টা	দিবো	আপনাকে	2
আপনে	পোস্ট	এ	2
পোস্ট	এ	বিন	2
এ	বিন	দিলেন	2
বিন	দিলেন	মাস্টারকার্ড	2
দিলেন	মাস্টারকার্ড	এর	2
মাস্টারকার্ড	এর	দিয়ে	2
এর	দিয়ে	চেকার	2
দিয়ে	চেকার	থেকে	2
চেকার	থেকে	লাইভ	2
থেকে	লাইভ	ও	2
লাইভ	ও	বের	2
ও	বের	করলেন	2
বের	করলেন	মাস্টারকার্ড	2
করলেন	মাস্টারকার্ড	এর	2
কাস্টমাইজ	কিভাবে	করবো	2
কিভাবে	করবো	এন্ড	2
করবো	এন্ড	রোম	2
এন্ড	রোম	কিভাবে	2
রোম	কিভাবে	বাড়াবো	2
বাড়াবো	প্লিজ	বলেন	2
এইগুলা	মেগা	পোস্ট	2
মেগা	পোস্ট	কেমনে	2
লিংক	টা	ডিলিট	2
টা	ডিলিট	দেখায়	2
ডলার	দিয়ে	আপনি	2
আপনি	আপনার	কম্পিউটার	2
আপনার	কম্পিউটার	আপগ্রেড	2
কম্পিউটার	আপগ্রেড	করতে	2
আপগ্রেড	করতে	পারবেন	2
করতে	পারবেন	ডলার	2
পারবেন	ডলার	অনলি	2
ডলার	অনলি	গেম	2
অনলি	গেম	এ	2
গেম	এ	ইউস	2
বানান	প্লিজ	কিছু	2
প্লিজ	কিছু	শেয়ার	2
কিছু	শেয়ার	করবো	2
এখানে	ফ্রী	তে	2
ফ্রী	তে	কাজ	2
তে	কাজ	করা	2
যায়	ভালো	একটা	2
ভালো	একটা	ইনকাম	2
একটা	ইনকাম	হয়	2
ইনকাম	হয়	রেফার	2
হয়	রেফার	থেকে	2
রেফার	থেকে	আর	2
থেকে	আর	ইনভেস্টমেন্ট	2
আর	ইনভেস্টমেন্ট	কে	2
ইনভেস্টমেন্ট	কে	করতে	2
কে	করতে	বলসে	2
সিম্ফনি	ডাবলিউ৩১	এর	2
ডাবলিউ৩১	এর	কাস্টম	2
কাস্টম	রোম	লিংক	2
রোম	লিংক	দিলে	2
লিংক	দিলে	খুব	2
অনেক	ধন্যবাদ	ক্লাস	2
ধন্যবাদ	ক্লাস	অফ	2
অফ	ক্লেন্স	কিভাবে	2
ক্লেন্স	কিভাবে	হ্যাক	2
কিভাবে	হ্যাক	করবি	2
হ্যাক	করবি	বলেন	2
ভালো	পোস্ট	শিখাইলো	2
পোস্ট	শিখাইলো	কেডা	2
হিহিহি	বুদ্ধি	১০০০০০০০	2
বুদ্ধি	১০০০০০০০	এও	2
১০০০০০০০	এও	কাজ	2
এও	কাজ	করবেনা	2
কাজ	করবেনা	ভাই	2
করবেনা	ভাই	এটা	2
ভাই	এটা	আধুনিক	2
এটা	আধুনিক	যুগ	2
আধুনিক	যুগ	ব্যাটারী	2
যুগ	ব্যাটারী	খোলা	2
ব্যাটারী	খোলা	থাকলেও	2
খোলা	থাকলেও	ধরবে	2
থাকলেও	ধরবে	আপনি	2
ধরবে	আপনি	কি	2
মনে	করেন	যারা	2
করেন	যারা	ব্যাংক	2
যারা	ব্যাংক	ডাকাতি	2
ব্যাংক	ডাকাতি	করে	2
ডাকাতি	করে	তারা	2
করে	তারা	ফোন	2
তারা	ফোন	নিয়ে	2
ফোন	নিয়ে	ঘরে	2
নিয়ে	ঘরে	ধরা	2
ঘরে	ধরা	তো	2
ধরা	তো	পরে	2
তো	পরে	ঘন্টার	2
পরে	ঘন্টার	মধ্যে	2
প্লিজ	অনেক	কষ্ট	2
করে	নিজে	লিখসি	2
আরেহ	এটা	তো	2
এটা	তো	পিএসপি	2
তো	পিএসপি	এমুলেটর	2
পিএসপি	এমুলেটর	জাভা	2
এমুলেটর	জাভা	এপস	2
জাভা	এপস	চলবে	2
এপস	চলবে	না	2
আশাকরি	ট্রিকবিডি	তে	2
তে	আর	মিথ্যা	2
আর	মিথ্যা	পোস্ট	2
মিথ্যা	পোস্ট	বা	2
পোস্ট	বা	মানুষ	2
বা	মানুষ	কে	2
হয়রানি	করবেন	না	2
করবেন	না	সত্য	2
না	সত্য	কথা	2
সত্য	কথা	লিখবেন	2
সরি	কাজ	হইসে	2
কাজ	হইসে	থ্যাংক্স	2
হইসে	থ্যাংক্স	ফর	2
আমার	চলসে	জিপি	2
চলসে	জিপি	এবং	2
জিপি	এবং	রবি	2
এবং	রবি	সিম	2
সিম	এ	তবে	2
এ	তবে	জিপি	2
তবে	জিপি	তে	2
জিপি	তে	মাঝে	2
তে	মাঝে	মাঝে	2
মাঝে	ডিসটার্ব	করতেসে	2
ডিসটার্ব	করতেসে	গতকাল	2
করতেসে	গতকাল	থেকে	2
গতকাল	থেকে	সমাধান	2
থেকে	সমাধান	ও	2
তে	অথর	হলে	2
অথর	হলে	বিস্তারিত	2
হলে	বিস্তারিত	জানানো	2
বিস্তারিত	জানানো	যেত	2
জানানো	যেত	দেখি	2
যেত	দেখি	আমার	2
দেখি	আমার	সাইট	2
করে	লিংক	দেব	2
ভাই	নানোহাশ	এর	2
নানোহাশ	এর	পেমেন্ট	2
এর	পেমেন্ট	পাইসেন	2
হম্মম	রা	প্লিজ	2
রা	প্লিজ	১০০০০	2
প্লিজ	১০০০০	হাত	2
এক	পোস্ট	কয়জনে	2
পোস্ট	কয়জনে	করবা	2
কয়জনে	করবা	এফবি	2
করবা	এফবি	থেকে	2
এফবি	থেকে	কপি	2
এটার	কোয়ালিটি	কেমন	2
আপনার	পোস্ট	দেখতে	2
দেখতে	বিরক্ত	হয়ে	2
বিরক্ত	হয়ে	গেসি	2
হয়ে	গেসি	এত	2
গেসি	এত	ছোট	2
এত	ছোট	আর্টিকেল	2
ছোট	আর্টিকেল	আর	2
আর্টিকেল	আর	প্রুভ	2
আর	প্রুভ	কই	2
প্রুভ	কই	আপনি	2
কই	আপনি	পাইসেন	2
ভাই	কে	ইমেইল	2
কে	ইমেইল	করো	2
ইমেইল	করো	সুন্দর	2
করো	সুন্দর	করে	2
করে	দেখেন	দিছে	2
অনেকে	আছে	এপ	2
আছে	এপ	তাদের	2
এপ	তাদের	ভালো	2
তাদের	ভালো	লাগে	2
ভালো	লাগে	আপনি	2
লাগে	আপনি	স্কিপ	2
আপনি	স্কিপ	করতে	2
স্কিপ	করতে	পারেন	2
হতে	চাই	হেল্প	2
হেল্প	মি	প্লিজজ	2
ভাইয়া	লাইন	বা	2
লাইন	বা	টেক্সট	2
বা	টেক্সট	নাও	2
নাও	এ	কোড	2
কোড	আসেনা	বলে	2
আসেনা	বলে	যে	2
বলে	যে	ইয়ারলি	2
যে	ইয়ারলি	প্যাক	2
ইয়ারলি	প্যাক	কিনতে	2
কিনতে	হবে	তাহলে	2
হবে	তাহলে	কোড	2
তাহলে	কোড	কই	2
কোড	কই	পাবো	2
ভাষা	খারাপ	করলে	2
খারাপ	করলে	ট্রিকবিডি	2
করলে	ট্রিকবিডি	রুলস	2
ট্রিকবিডি	রুলস	লঙ্গন	2
রুলস	লঙ্গন	হবে	2
লঙ্গন	হবে	সো	2
হবে	সো	আগে	2
সো	আগে	দেখুন	2
আগে	দেখুন	দেন	2
দেখুন	দেন	রিভিউ	2
দেন	রিভিউ	ফালতু	2
রিভিউ	ফালতু	কোথাকার	2
কি	হবে	ট্রাই	2
হবে	ট্রাই	করতে	2
করতে	পারি	কি	2
ভাই	জিবি	নাকি	2
জিবি	নাকি	৫১২	2
নাকি	৫১২	এমবি	2
৫১২	এমবি	ঠিক	2
এমবি	ঠিক	করেন	2
সম্ভবত	আনরুট	এ	2
হবে	না	তবে	2
তবে	আমি	ট্রাই	2
ট্রাই	করবো	আনরুট	2
করবো	আনরুট	এর	2
ভালো	পোস্ট	নেক্সট	2
নেক্সট	পোস্ট	গুলি	2
পোস্ট	গুলি	কথায়	2
এ	ড্রইড	ভিপিএন	2
টা	দিন	হ্যাক	2
দিন	হ্যাক	হইসে	2
হ্যাক	হইসে	চেঞ্জ	2
হইসে	চেঞ্জ	করে	2
চেঞ্জ	করে	নিসে	2
করে	নিসে	হ্যাকার	2
নিসে	হ্যাকার	হেল্প	2
হ্যাকার	হেল্প	মি	2
কাজ	হয়না	রে	2
হয়না	রে	ভাই	2
রে	ভাই	১	2
১	মিনিট	তো	2
মিনিট	তো	দূরের	2
দূরের	কথা	৫	2
কথা	৫	মিনিটও	2
৫	মিনিটও	কাজ	2
মিনিটও	কাজ	হলো	2
ভাই	আজকের	কলম	2
আজকের	কলম	এই	2
কলম	এই	গুলো	2
এই	গুলো	কেমনে	2
গুলো	কেমনে	রিমুভ	2
কেমনে	রিমুভ	করবো	2
১	জিবি	সেন্ড	2
জিবি	সেন্ড	করবো	2
সেন্ড	করবো	কেমনে	2
এহ	ভাই	পাওয়ার	2
ভাই	পাওয়ার	সাপ্লাই	2
পাওয়ার	সাপ্লাই	কই	2
সাপ্লাই	কই	জিপিও	2
কই	জিপিও	টা	2
জিপিও	টা	দেন	2
টা	দেন	ই	2
দেন	ই	নাই	2
ভালো	হবে	এপ	2
হবে	এপ	টা	2
এপ	টা	তৈরি	2
টা	তৈরি	করলে	2
তৈরি	করলে	সার্চ	2
করলে	সার্চ	অপশন	2
সার্চ	অপশন	টা	2
অপশন	টা	অ্যাড	2
টা	অ্যাড	করলে	2
অ্যাড	করলে	আরো	2
করলে	আরো	বেটার	2
আরো	বেটার	হবে	2
অনেক	সুন্দর	থ্যাংক	2
সুন্দর	থ্যাংক	ইউ	2
ভালো	বলেছেন	তাহলে	2
বলেছেন	তাহলে	একি	2
তাহলে	একি	পোস্ট	2
একি	পোস্ট	জন	2
পোস্ট	জন	করতে	2
জন	করতে	পারবেন	2
করতে	পারবেন	তাই	2
পারবেন	তাই	না	2
পোস্ট	করলেন	ফ্যামিলি	2
করলেন	ফ্যামিলি	এপ	2
ফ্যামিলি	এপ	এর	2
এপ	এর	আর	2
এর	আর	পেমেন্ট	2
পেমেন্ট	প্রুফ	দেখাইলেন	2
প্রুফ	দেখাইলেন	ভিডিয়াপ	2
দেখাইলেন	ভিডিয়াপ	কো	2
ভিডিয়াপ	কো	এর	2
কো	এর	কেমনে	2
এর	কেমনে	কি	2
ভাই	ইনডেশেয়ার	এ	2
ইনডেশেয়ার	এ	ডাউনলোড	2
ডাউনলোড	করতে	হইলে	2
করতে	হইলে	অপেরা	2
হইলে	অপেরা	ইউস	2
অপেরা	ইউস	করলে	2
ইউস	করলে	হবে	2
হবে	না	মেইন	2
না	মেইন	ব্রাউসার	2
মেইন	ব্রাউসার	ইউস	2
ওয়েলকাম	আমি	ও	2
আমি	ও	এইসব	2
ও	এইসব	অনেক	2
এইসব	অনেক	আগে	2
ভাই	এতক্ষন	কোড	2
এতক্ষন	কোড	আসছিলো	2
কোড	আসছিলো	আর	2
আসছিলো	আর	এখন	2
আর	এখন	কোড	2
এখন	কোড	দেয়ার	2
কোড	দেয়ার	অপসন	2
দেয়ার	অপসন	টা	2
অপসন	টা	কেটে	2
টা	কেটে	দিলে	2
কেটে	দিলে	কিছুক্ষন	2
দিলে	কিছুক্ষন	পর	2
কিছুক্ষন	পর	কোড	2
পর	কোড	আসে	2
কোড	আসে	এর	2
আসে	এর	আগে	2
এর	আগে	আসেই	2
আগে	আসেই	না	2
আসেই	না	প্লিজ	2
না	প্লিজ	সল্ভ	2
প্লিজ	সল্ভ	দেন	2
সল্ভ	দেন	ক্লিয়ার	2
দেন	ক্লিয়ার	ডাটা	2
ক্লিয়ার	ডাটা	সব	2
ডাটা	সব	করসি	2
অ্যাডমব	এর	ডলার	2
এর	ডলার	কিভাবে	2
ডলার	কিভাবে	উইথড্র	2
কিভাবে	উইথড্র	দিবো	2
উইথড্র	দিবো	ভাই	2
৭	টা	ডোমেইন	2
টা	ডোমেইন	কি	2
ডোমেইন	কি	ইচ্ছে	2
কি	ইচ্ছে	মতো	2
ইচ্ছে	মতো	হয়	2
মতো	হয়	না	2
ভাই	আপনি	আবার	2
ট্রাই	করেন	যেহেতু	2
করেন	যেহেতু	আপনার	2
যেহেতু	আপনার	সব	2
আপনার	সব	ফাইল	2
সব	ফাইল	আসে	2
ফাইল	আসে	নাই	2
এটা	একটা	হ্যাকিং	2
হোয়াটস্যাপ	নাই	বাট	2
ইউস	ইয়ানডেক্স	ব্রাউসার	2
ইয়ানডেক্স	ব্রাউসার	হবে	2
ব্রাউসার	হবে	না	2
না	কারন	ক্রোম	2
কারন	ক্রোম	এর	2
ক্রোম	এর	এক্সটেনশন	2
এর	এক্সটেনশন	অ্যাড	2
এক্সটেনশন	অ্যাড	করতে	2
করতে	হয়	যে	2
হয়	যে	ইয়ানডেক্স	2
যে	ইয়ানডেক্স	ব্রাউসার	2
ইয়ানডেক্স	ব্রাউসার	এ	2
ব্রাউসার	এ	পসিবল	2
প্লিজ	হেল্প	স্টেটাস	2
হেল্প	স্টেটাস	লাইক	2
স্টেটাস	লাইক	পাচ্ছি	2
লাইক	পাচ্ছি	কিন্তু	2
পাচ্ছি	কিন্তু	ফটো	2
কিন্তু	ফটো	তে	2
ফটো	তে	কোনোভাবেই	2
তে	কোনোভাবেই	লাইক	2
কোনোভাবেই	লাইক	দেয়	2
লাইক	দেয়	না	2
পেপালে	পেজা	বিকাশ	2
আমি	সারাদিনে	৪৫০	2
সারাদিনে	৪৫০	টাকা	2
৪৫০	টাকা	পায়সি	2
টাকা	পায়সি	থ্যাংকস	2
ট্রিকবিডি	তে	কখনো	2
তে	কখনো	স্প্যাম	2
কখনো	স্প্যাম	করিনি	2
স্প্যাম	করিনি	আজ	2
করিনি	আজ	খুব	2
আজ	খুব	দরকার	2
দরকার	তাই	হেল্প	2
তাই	হেল্প	এভাবে	2
হেল্প	এভাবে	কমেন্ট	2
এভাবে	কমেন্ট	করার	2
জন্য	আমি	আন্তরিক	2
আমি	আন্তরিক	ভাবে	2
আন্তরিক	ভাবে	দুঃখিত	2
ভাবে	দুঃখিত	দুঃখিত	2
গরিবের	আর	এফবি	2
পায়	না	রে	2
না	রে	ব্রো	2
রে	ব্রো	সবাই	2
ব্রো	সবাই	পায়	2
জাভা	তে	ওয়ার্কিং	2
কন্টাক্ট	করো	আমি	2
করো	আমি	টাকা	2
টাকা	পাইসি	২	2
পাইসি	২	বার	2
২	বার	বিকাশ	2
বার	বিকাশ	এ	2
বিকাশ	এ	এফবি	2
কি	জিমেইল	করতে	2
জিমেইল	করতে	পারো	2
আমার	ইউটিউব	লিংক	2
ইউটিউব	লিংক	কে	2
লিংক	কে	জানে	2
কে	জানে	সেই	2
জানে	সেই	খানে	2
সেই	খানে	ডি	2
খানে	ডি	টাস্ক	2
ডি	টাস্ক	কমপ্লিট	2
টাস্ক	কমপ্লিট	আর	2
কমপ্লিট	আর	ট্রিক	2
আর	ট্রিক	দেয়া	2
ট্রিক	দেয়া	আছে	2
দেয়া	আছে	মাত্র	2
আছে	মাত্র	৪১কেবি	2
মাত্র	৪১কেবি	দেয়া	2
প্রথম	কুইয়েসেন	এ	2
কুইয়েসেন	এ	টাকা	2
থাকে	না	নেক্সট	2
না	নেক্সট	কুইয়েসেন	2
নেক্সট	কুইয়েসেন	গুলায়	2
কুইয়েসেন	গুলায়	থাকে	2
আইডি	তৈরী	করতে	2
তৈরী	করতে	তো	2
করতে	তো	সময়	2
তো	সময়	লাগবে	2
লাগবে	ভাই	যে	2
ভাই	যে	ইমেইল	2
যে	ইমেইল	আইডি	2
ইমেইল	আইডি	তৈরী	2
আইডি	তৈরী	ইমেইল	2
তৈরী	ইমেইল	আইডি	2
আইডি	দিয়ে	তো	2
দিয়ে	তো	তাইলে	2
তো	তাইলে	কয়েনবেস	2
তাইলে	কয়েনবেস	এর	2
কয়েনবেস	এর	একাউন্ট	2
এর	একাউন্ট	ও	2
একাউন্ট	ও	খুলতে	2
ও	খুলতে	হবে	2
খুলতে	হবে	তাই	2
আপনি	কি	দিবেন	2
কি	দিবেন	ভাইয়া	2
আপনার	কি	আপ	2
কি	আপ	হইছে	2
আপ	হইছে	নাকি	2
হইছে	নাকি	এ	2
নাকি	এ	তো	2
এ	তো	আবেদন	2
তো	আবেদন	হওয়ার	2
আবেদন	হওয়ার	কথা	2
এইটা	দিয়ে	ফ্লেক্সি	2
দিয়ে	ফ্লেক্সি	ও	2
ফ্লেক্সি	ও	করা	2
যায়	আপনি	হয়তো	2
জানেন	না	এটার	2
না	এটার	মতো	2
এটার	মতো	অনেক	2
মতো	অনেক	এপ	2
অনেক	এপ	আছে	2
এপ	দেয়ার	এ	2
দেয়ার	এ	গিয়ে	2
এ	গিয়ে	প্রুভ	2
গিয়ে	প্রুভ	দেখান	2
প্রুভ	দেখান	হতে	2
দেখান	হতে	পারে	2
হতে	পারে	এগুলা	2
পারে	এগুলা	আপনি	2
এগুলা	আপনি	শর্টকাট	2
আপনি	শর্টকাট	করে	2
শর্টকাট	করে	এনেছেন	2
অ্যাডমিন	ভাই	এত	2
ভাই	এত	আজাইরা	2
এত	আজাইরা	না	2
আজাইরা	না	যে	2
না	যে	আপনার	2
যে	আপনার	একটা	2
আপনার	একটা	রিপোর্ট	2
একটা	রিপোর্ট	এ	2
রিপোর্ট	এ	পোস্ট	2
করে	দিবেন	কজ	2
দিবেন	কজ	এই	2
কজ	এই	ওয়েবসাইট	2
ওয়েবসাইট	এ	এমন	2
এমন	কোনো	রুলস	2
কোনো	রুলস	নাই	2
রুলস	নাই	যে	2
নাই	যে	আপনার	2
যে	আপনার	মোবাইল	2
আপনার	মোবাইল	ডাউনলোড	2
মোবাইল	ডাউনলোড	লিংক	2
লিংক	কাজ	না	2
করলে	পোস্ট	এ	2
রিপোর্ট	দিতে	হবে	2
এখনো	কি	কারো	2
কি	কারো	কাজ	2
কারো	কাজ	হচ্ছে	2
কাজ	হচ্ছে	নাকি	2
হচ্ছে	নাকি	আমি	2
নাকি	আমি	ট্রাই	2
ট্রাই	করলাম	আসলো	2
করলাম	আসলো	না	2
কবে	দিবেন	ব্রো	2
ব্রো	এই	ভোটার	2
এই	ভোটার	ফর্ম	2
ভোটার	ফর্ম	নাম্বার	2
ফর্ম	নাম্বার	টা	2
নাম্বার	টা	কোথায়	2
থ্যাংকস	ব্রো	ইউ	2
ড্রাইভ	লিংক	দিয়ে	2
লিংক	দিয়ে	যে	2
দিয়ে	যে	কত	2
যে	কত	গুলো	2
কত	গুলো	লিংক	2
গুলো	লিংক	আর	2
লিংক	আর	অ্যাডস	2
আর	অ্যাডস	দেখলাম	2
অ্যাডস	দেখলাম	এগুলো	2
দেখলাম	এগুলো	বাল	2
এগুলো	বাল	আরো	2
বাল	আরো	আগে	2
আরো	আগে	ফালাইসিই	2
আগে	ফালাইসিই	এডসেন্স	2
ফালাইসিই	এডসেন্স	টা	2
এডসেন্স	টা	ডিসএবল	2
টা	ডিসএবল	লোলললললললললললল	2
ভাব	কম	না	2
কম	না	শালা	2
না	শালা	দাইয়া	2
শালা	দাইয়া	কাম	2
দাইয়া	কাম	কাজ	2
কাজ	নাই	তোর	2
ভাই	সেকেন্ড	মুভি	2
সেকেন্ড	মুভি	টা	2
মুভি	টা	আগেই	2
টা	আগেই	দেখসি	2
আগেই	দেখসি	আর	2
দেখসি	আর	ফাস্ট	2
আর	ফাস্ট	মুভি	2
ফাস্ট	মুভি	টা	2
মুভি	টা	দেখি	2
টা	দেখি	নাই	2
নাই	আপনি	বলাতে	2
আপনি	বলাতে	দেখার	2
বলাতে	দেখার	ইচ্ছা	2
দেখার	ইচ্ছা	হইতেসে	2
ইচ্ছা	হইতেসে	থ্যংক্স	2
হইতেসে	থ্যংক্স	ফর	2
করার	সময়	লিংক	2
সময়	লিংক	দিবো	2
লিংক	দিবো	কি	2
ভাবে	প্লিজ	কেউ	2
ভাই	পোস্টে	আছে	2
পোস্টে	আছে	দেখেন	2
১০৪১০৫৮	এই	কোড	2
এই	কোড	বসান	2
কোড	বসান	বসালে	2
বসান	বসালে	২২০	2
বসালে	২২০	টাকা	2
২২০	টাকা	বাড়বে	2
টাকা	বাড়বে	আপডেট	2
বাড়বে	আপডেট	কোড	2
সময়টিভি	তে	নিউস	2
তে	নিউস	আসছে	2
নিউস	আসছে	যে	2
আসছে	যে	এই	2
যে	এই	এপ	2
এপ	এ	যারাই	2
এ	যারাই	ঢুকবে	2
যারাই	ঢুকবে	তাদের	2
ঢুকবে	তাদের	সব	2
তাদের	সব	তথ্য	2
সব	তথ্য	চলে	2
তথ্য	চলে	যাবে	2
চলে	যাবে	আমেরিকান	2
যাবে	আমেরিকান	হ্যাকারদের	2
আমেরিকান	হ্যাকারদের	হাতে	2
ওহ	থ্যাংক	ফর	2
থ্যাংক	ফর	ওনাকে	2
ফর	ওনাকে	ক্রেডিট	2
ওনাকে	ক্রেডিট	দিসেন	2
ডাউনলোড	হয়না	ব্রো	2
হয়না	ব্রো	এপিকে	2
ব্রো	এপিকে	এর	2
কে	বলসে	আপনাকে	2
বলসে	আপনাকে	ফেইসবুক	2
আপনাকে	ফেইসবুক	তে	2
ফেইসবুক	তে	এই	2
তে	এই	লিংক	2
এই	লিংক	দিলে	2
লিংক	দিলে	ফেইসবুক	2
দিলে	ফেইসবুক	আইডি	2
ফেইসবুক	আইডি	ডিসএবল	2
আইডি	ডিসএবল	হবে	2
ডিসএবল	হবে	আমি	2
তো	এই	লিংক	2
এই	লিংক	ফেইসবুক	2
লিংক	ফেইসবুক	টুইটার	2
ফেইসবুক	টুইটার	পিন্টারেস্ট	2
টুইটার	পিন্টারেস্ট	ইনস্টাগ্রাম	2
পিন্টারেস্ট	ইনস্টাগ্রাম	হোয়াটস্যাপ	2
ইনস্টাগ্রাম	হোয়াটস্যাপ	সেন্ড	2
হোয়াটস্যাপ	সেন্ড	করসি	2
সেন্ড	করসি	কই	2
করসি	কই	কোনো	2
কই	কোনো	প্রব্লেম	2
কোনো	প্রব্লেম	হচ্ছে	2
প্রব্লেম	হচ্ছে	না	2
না	তো	চেষ্টা	2
তো	চেষ্টা	না	2
চেষ্টা	না	করে	2
না	করে	বললে	2
করে	বললে	কি	2
বললে	কি	হবে	2
কি	হবে	আগে	2
হবে	আগে	চেষ্টা	2
আগে	চেষ্টা	করে	2
চেষ্টা	করে	তারপর	2
করে	তারপর	বলেন	2
তারপর	বলেন	চেষ্টা	2
বলেন	চেষ্টা	না	2
চেষ্টা	না	করেই	2
না	করেই	পোস্ট	2
করেই	পোস্ট	রিপোর্ট	2
পোস্ট	রিপোর্ট	করেন	2
রিপোর্ট	করেন	এটা	2
কি	ঠিক	বলেন	2
ঠিক	বলেন	আপনি	2
বলেন	আপনি	যদি	2
আপনি	যদি	ফেইসবুক	2
যদি	ফেইসবুক	এ	2
ফেইসবুক	এ	অ্যাডাল্ট	2
এ	অ্যাডাল্ট	কোনো	2
অ্যাডাল্ট	কোনো	সাইট	2
লিংক	দিলে	তো	2
দিলে	তো	ফেইসবুক	2
তো	ফেইসবুক	একাউন্ট	2
একাউন্ট	ডিসএবল	হবেই	2
ডিসএবল	হবেই	কাজ	2
হবেই	কাজ	করেন	2
কাজ	করেন	পারবেন	2
করেন	পারবেন	কাজ	2
পারবেন	কাজ	না	2
না	করে	করে	2
করে	করে	অনেকেই	2
করে	অনেকেই	বলে	2
অনেকেই	বলে	থাকে	2
বলে	থাকে	আপনার	2
থাকে	আপনার	মতো	2
আপনার	মতো	কথা	2
আপলোড	করতে	তো	2
তো	এমবি	লাগবেই	2
এমবি	লাগবেই	ব্রো	2
আর	কমান্ড	গুলা	2
কমান্ড	গুলা	তো	2
গুলা	তো	দিলেন	2
তো	দিলেন	সাথে	2
দিলেন	সাথে	কমান্ড	2
সাথে	কমান্ড	দিলে	2
কমান্ড	দিলে	যে	2
দিলে	যে	রেজাল্ট	2
যে	রেজাল্ট	পাবো	2
রেজাল্ট	পাবো	টাও	2
পাবো	টাও	দিয়ে	2
টাও	দিয়ে	দিলেন	2
ভাই	সিএম১১	কাস্টম	2
সিএম১১	কাস্টম	রোম	2
রোম	ইউস	করি	2
আমার	কিছু	প্রব্লেম	2
কিছু	প্রব্লেম	আছে	2
প্রব্লেম	আছে	আপনার	2
কি	পাইলা	না	2
পাইলা	না	ইউসার	2
না	ইউসার	ভাই	2
এপ	এর	উপর	2
উপর	ক্লিক	দিয়ে	2
ক্লিক	দিয়ে	এড্রেস	2
দিয়ে	এড্রেস	বার	2
বার	এ	আইডি	2
এ	আইডি	দেয়া	2
আইডি	দেয়া	আসে	2
থ্যাংক্স	এসব	জানানোর	2
এসব	জানানোর	জন্য	2
ওরা	ওদের	কিছু	2
ওদের	কিছু	টোকেন	2
কিছু	টোকেন	বিক্রয়	2
টোকেন	বিক্রয়	করবে	2
বিক্রয়	করবে	আর	2
করবে	আর	পর	2
আর	পর	পেমেন্ট	2
পর	পেমেন্ট	দেবে	2
ভাই	এর	মধ্যে	2
এর	মধ্যে	ইনস্টল	2
মধ্যে	ইনস্টল	দিতে	2
ইনস্টল	দিতে	পারসে	2
দিতে	পারসে	না	2
পারসে	না	হেল্প	2
ফ্রেন্ড	এর	করেন	2
৩	দিন	পরে	2
দিন	পরে	কাজ	2
পরে	কাজ	স্টার্ট	2
কাজ	স্টার্ট	হবে	2
স্টার্ট	হবে	পেজা	2
হবে	পেজা	তাকে	2
পেজা	তাকে	বিকাশ	2
নিয়ে	যাবে	ব্রো	2
২জি	এখনো	পায়	2
এখনো	পায়	নি	2
পায়	নি	আবার	2
নি	আবার	৪জি	2
অনেক	টিভি	রিমোট	2
টিভি	রিমোট	ডাউনলোড	2
রিমোট	ডাউনলোড	সিঙ্গার	2
ডাউনলোড	সিঙ্গার	টিভি	2
সিঙ্গার	টিভি	পাই	2
টিভি	পাই	তাছাড়া	2
পাই	তাছাড়া	কাজ	2
তাছাড়া	কাজ	ও	2
কাজ	ও	করে	2
ও	করে	সার্চ	2
দিয়ে	দেখেন	সিঙ্গার	2
দেখেন	সিঙ্গার	টিভি	2
সিঙ্গার	টিভি	পাওয়া	2
টিভি	পাওয়া	যায়	2
পাওয়া	যায়	ডাউনলোড	2
যায়	ডাউনলোড	দিবো	2
ভালো	কোনো	প্রক্সি	2
কোনো	প্রক্সি	নিয়ে	2
প্রক্সি	নিয়ে	প্রোফাইলে	2
নিয়ে	প্রোফাইলে	ইউস	2
প্রোফাইলে	ইউস	করতে	2
হবে	বাট	ফোন	2
ফোন	এর	সাউন্ড	2
এর	সাউন্ড	ফুল	2
সাউন্ড	ফুল	দিয়ে	2
ফুল	দিয়ে	রাখবেন	2
যাদের	অলরেডি	পাওনিয়ার	2
অলরেডি	পাওনিয়ার	একাউন্ট	2
পাওনিয়ার	একাউন্ট	আছে	2
একাউন্ট	আছে	তারা	2
আছে	তারা	কিভাবে	2
তারা	কিভাবে	কার্ড	2
কিভাবে	কার্ড	পেতে	2
কার্ড	পেতে	পারে	2
ইনভেস্ট	বলতে	আপনি	2
বলতে	আপনি	যে	2
আপনি	যে	টাকা	2
যে	টাকা	ফ্রী	2
টাকা	ফ্রী	তে	2
ফ্রী	তে	পাইছেন	2
তে	পাইছেন	এন্ড	2
পাইছেন	এন্ড	বোনাস	2
এন্ড	বোনাস	পাবেন	2
বোনাস	পাবেন	তা	2
পাবেন	তা	ইনভেস্ট	2
তা	ইনভেস্ট	করে	2
ইনভেস্ট	করে	রোবট	2
করে	রোবট	কিনেন	2
অন্য	এপ্স	এর	2
এপ্স	এর	ট্রায়াল	2
এর	ট্রায়াল	নেওয়া	2
ভাই	একাউন্ট	খুলতে	2
একাউন্ট	খুলতে	অনেক	2
খুলতে	অনেক	প্রবলেম	2
প্রবলেম	হয়	যেমন	2
হয়	যেমন	আই	2
যেমন	আই	এম	2
নট	রোবট	আর	2
রোবট	আর	অনেক	2
আর	অনেক	কিসু	2
অনেক	কিসু	তো	2
কিসু	তো	যদি	2
তো	যদি	ভাই	2
যদি	ভাই	আই	2
নট	রোবট	বা	2
রোবট	বা	ক্যাপচা	2
বা	ক্যাপচা	কোড	2
ক্যাপচা	কোড	টোটালি	2
কোড	টোটালি	ড্রোইড	2
টোটালি	ড্রোইড	ভিপিএন	2
ভিপিএন	এ	যাওয়া	2
যাওয়া	লাগে	একাউন্ট	2
লাগে	একাউন্ট	করতে	2
একাউন্ট	করতে	তা	2
করতে	তা	নিয়ে	2
যারা	শেয়ারইট	চালায়	2
শেয়ারইট	চালায়	কম	2
চালায়	কম	বেশি	2
জানে	এটা	ভাই	2
ধুরু	মিয়া	এগুলা	2
মিয়া	এগুলা	অনেক	2
আগে	থেকে	এফবি	2
থেকে	এফবি	তে	2
তে	অ্যাড	করে	2
অ্যাড	করে	কম	2
করে	কম	বেশি	2
কিছু	করতে	গেলে	2
করতে	গেলে	দোষ	2
২৫	টাকা	এর	2
জন্য	এতো	কষ্ট	2
ইউসার	ভাইয়া	আনলিমিটেড	2
ভাইয়া	আনলিমিটেড	করার	2
আনলিমিটেড	করার	কোনো	2
কোনো	ট্রিক	নেই	2
এইটা	ছোট	পোস্ট	2
ছোট	পোস্ট	তাহলে	2
পোস্ট	তাহলে	বড়টা	2
তাহলে	বড়টা	তো	2
বড়টা	তো	কয়েক	2
তো	কয়েক	কিমি	2
কয়েক	কিমি	হবে	2
কাটবে	না	সাবস্ক্রাইব	2
না	সাবস্ক্রাইব	এর	2
সাবস্ক্রাইব	এর	জন্য	2
সময়	বুঝলাম	কিন্তু	2
বুঝলাম	কিন্তু	আপনি	2
কিন্তু	আপনি	আলাদা	2
আপনি	আলাদা	ভাবে	2
আলাদা	ভাবে	রেফার	2
ভাবে	রেফার	ছাড়া	2
রেফার	ছাড়া	লিংক	2
ছাড়া	লিংক	দিলেন	2
দিলেন	না	কেনো	2
না	কেনো	ডিরেক্ট	2
কেনো	ডিরেক্ট	রেফার	2
ডিরেক্ট	রেফার	যুক্ত	2
রেফার	যুক্ত	লিংক	2
আপডেট	করসি	এই	2
টা	আগে	কোথাও	2
আগে	কোথাও	আছে	2
কোথাও	আছে	বাজে	2
আছে	বাজে	কমেন্ট	2
বাজে	কমেন্ট	করতে	2
কমেন্ট	করতে	ভালো	2
ভাই	ওয়াপকার	একটা	2
ওয়াপকার	একটা	সাইট	2
একটা	সাইট	বাদ	2
সাইট	বাদ	ছিল	2
বাদ	ছিল	ওইটা	2
ছিল	ওইটা	যদি	2
ওইটা	যদি	দেন	2
যদি	দেন	ভালো	2
দেন	ভালো	হত	2
মানে	খুব	ফানি	2
খুব	ফানি	হইসে	2
যাতে	কোনো	এমুলেটর	2
কোনো	এমুলেটর	ছাড়াই	2
এমুলেটর	ছাড়াই	চলে	2
থ্যাংকস	ভাই	পেয়ে	2
ভাই	পেয়ে	গেসি	2
সবাইকে	বলি	মাই	2
বলি	মাই	জিপি	2
মাই	জিপি	এপ	2
জিপি	এপ	এর	2
এপ	এর	লেটেস্ট	2
ইউসার	ভাই	আমায়	2
ভাই	আমায়	অথর	2
আমায়	অথর	বানান	2
ভাই	কত	রেম	2
কত	রেম	কত	2
রেম	কত	এমবি	2
কত	এমবি	খালি	2
এমবি	খালি	থাকতে	2
খালি	থাকতে	হবে	2
ভাই	পিক	আপলোড	2
পিক	আপলোড	করে	2
আপলোড	করে	ভুয়া	2
করে	ভুয়া	খবর	2
ভুয়া	খবর	বানানো	2
খবর	বানানো	যাবে	2
কি	পোস্ট	ভালো	2
করে	পরেন	নি	2
পরেন	নি	এই	2
নি	এই	পোস্ট	2
এসএস	সহ	পোস্ট	2
করলে	ভালো	আমার	2
ভালো	আমার	প্রোফাইল	2
এ	গিয়ে	এর	2
গিয়ে	এর	স্কলারশিপ	2
এর	স্কলারশিপ	রেজাল্ট	2
স্কলারশিপ	রেজাল্ট	দেয়া	2
পুস্ট	নয়	পোস্ট	2
ফালতু	পোস্ট	কেউ	2
পোস্ট	কেউ	ই	2
কেউ	ই	বলে	2
ই	বলে	না	2
বলে	না	এফবি	2
না	এফবি	এর	2
এফবি	এর	এমবি	2
এর	এমবি	রাখা	2
এমবি	রাখা	লাগে	2
রাখা	লাগে	হালার	2
লাগে	হালার	গাদা	2
হালার	গাদা	ই	2
আপনি	ভুল	তো	2
ভুল	তো	থেকে	2
তো	থেকে	১৫	2
থেকে	১৫	তো	2
১৫	তো	এক	2
তো	এক	হাদিস	2
এক	হাদিস	বলসেন	2
হাদিস	বলসেন	আপনি	2
বলসেন	আপনি	জাস্ট	2
আপনি	জাস্ট	ভুলে	2
জাস্ট	ভুলে	আরেকটা	2
ভুলে	আরেকটা	বলে	2
আরেকটা	বলে	বসেন	2
ভিডিও	প্রাইভেট	করলে	2
প্রাইভেট	করলে	অন্য	2
করলে	অন্য	রা	2
অন্য	রা	দেখবে	2
রা	দেখবে	কেমনে	2
নিয়ে	নিছি	এর	2
নিছি	এর	একটা	2
এর	একটা	কে	2
একটা	কে	অফ	2
কে	অফ	করে	2
অফ	করে	দিছি	2
করে	দিছি	পি	2
করবে	এটা	সবার	2
এরর	৪০৪	নট	2
কি	এরর	দেখায়	2
করার	মতো	সাইট	2
মতো	সাইট	এ	2
এ	আপলোড	দিলেন	2
আপলোড	দিলেন	না	2
এমএক্স	প্লেয়ার	আপডেট	2
প্লেয়ার	আপডেট	দিলেই	2
আপডেট	দিলেই	সমস্যার	2
দিলেই	সমস্যার	সমাধান	2
সমস্যার	সমাধান	পাওয়া	2
সমাধান	পাওয়া	যায়	2
এইতো	বলো	মুসলিম	2
বলো	মুসলিম	হয়	2
মুসলিম	হয়	জন্মাতে	2
হয়	জন্মাতে	পারো	2
জন্মাতে	পারো	নাই	2
পারো	নাই	কেন	2
নাই	কেন	পরে	2
কেন	পরে	কেন	2
পরে	কেন	মুসলিম	2
কেন	মুসলিম	করা	2
মুসলিম	করা	হয়	2
করা	হয়	আল্লাহ	2
হয়	আল্লাহ	এর	2
আল্লাহ	এর	দেয়া	2
এর	দেয়া	দান	2
দেয়া	দান	কেন	2
দান	কেন	কেটে	2
কেন	কেটে	ফেলা	2
কেটে	ফেলা	হয়	2
ফেলা	হয়	মায়ের	2
হয়	মায়ের	৭তালাক	2
মায়ের	৭তালাক	হবার	2
৭তালাক	হবার	পর	2
কি	ভাবে	মা	2
ভাবে	মা	কে	2
মা	কে	বিয়ে	2
কে	বিয়ে	করা	2
বিয়ে	করা	যায়	2
টিউনার	করুন	পরে	2
করুন	পরে	যদি	2
পরে	যদি	আমাকে	2
যদি	আমাকে	খারাপ	2
আমাকে	খারাপ	লাগে	2
খারাপ	লাগে	আমাকে	2
লাগে	আমাকে	ডিলিট	2
আমাকে	ডিলিট	করে	2
করে	দিয়েন	প্লিজ	2
দিয়েন	প্লিজ	ভাই	2
খোদার	ফার্স্ট	এই	2
ফার্স্ট	এই	ক্রেডিট	2
এই	ক্রেডিট	দেখেন	2
ক্রেডিট	দেখেন	ভাই	2
পোস্ট	ভালো	কইরা	2
ভালো	কইরা	দেইখা	2
কইরা	দেইখা	দেইখাই	2
দেইখা	দেইখাই	আবাল	2
দেইখাই	আবাল	এর	2
এর	মতো	আজে	2
মতো	আজে	বাজে	2
ফেইসবুক	টার্গেট	আইডি	2
জন্য	সব	প্ল্যান	2
সব	প্ল্যান	আমি	2
প্ল্যান	আমি	দিবো	2
আমি	দিবো	আপনি	2
দিবো	আপনি	জাস্ট	2
আপনি	জাস্ট	টুলস	2
জাস্ট	টুলস	টা	2
টুলস	টা	মেক	2
টা	মেক	করে	2
মেক	করে	দিবেন	2
করে	দিবেন	ওকে	2
পোস্ট	দিছেন	ললিপপ	2
দিছেন	ললিপপ	ভার্সন	2
করে	না	করার	2
না	করার	আগে	2
করার	আগে	একবার	2
আগে	একবার	চেক	2
একবার	চেক	করে	2
চেক	করে	নিতে	2
করে	নিতে	লাগতো	2
নিতে	লাগতো	পোস্ট	2
আমি	একটি	চূড়ায়	2
একটি	চূড়ায়	মোবাইল	2
চূড়ায়	মোবাইল	কিনসি	2
মোবাইল	কিনসি	অন্যজনের	2
কিনসি	অন্যজনের	কাস	2
অন্যজনের	কাস	থেকে	2
কাস	থেকে	এখন	2
থেকে	এখন	আইএমইআই	2
এখন	আইএমইআই	চেঞ্জ	2
করে	নিজের	ইচ্ছামতো	2
নিজের	ইচ্ছামতো	বসাইতেই	2
ইচ্ছামতো	বসাইতেই	চাই	2
বসাইতেই	চাই	কেমনে	2
চাই	কেমনে	হেল্প	2
কেমনে	হেল্প	করবেন	2
আবাল	পোস্ট	এটা	2
পোস্ট	এটা	নিয়ে	2
এটা	নিয়ে	ওপেন	2
নিয়ে	ওপেন	ওয়াইফাই	2
ওপেন	ওয়াইফাই	ও	2
ও	হ্যাক	হয়	2
না	দেখেন	ট্রাই	2
ট্রাই	করে	ভালো	2
এ	প্রক্সি	কিছু	2
প্রক্সি	কিছু	কনফিগ	2
ওই	ভাই	ফেইসবুক	2
ফেইসবুক	এ	রিপ্লায়	2
এ	রিপ্লায়	দেও	2
রিপ্লায়	দেও	গেম	2
দেও	গেম	চলে	2
আনলিমিটেড	গোল্ড	কিভাবে	2
গোল্ড	কিভাবে	পাবো	2
কিভাবে	পাবো	অনেক	2
পাবো	অনেক	চেষ্টা	2
চেষ্টা	করলাম	হলো	2
জানে	টাও	থাক	2
আগে	যেভাবে	নিতেন	2
যেভাবে	নিতেন	নিবেন	2
মনে	চায়না	বকা	2
চায়না	বকা	দিতে	2
বকা	দিতে	তাও	2
দিতে	তাও	বকা	2
তাও	বকা	কি	2
বকা	কি	তোমার	2
কি	তোমার	বাপ	2
তোমার	বাপ	লাগে	2
বাপ	লাগে	কইলে	2
লাগে	কইলে	আর	2
কইলে	আর	হইয়া	2
আর	হইয়া	মিন	2
হইয়া	মিন	ট্রাই	2
মিন	ট্রাই	করছি	2
করছি	তাও	আমার	2
তাও	আমার	ডিভাইস	2
আমার	ডিভাইস	রুটেড	2
ডিভাইস	রুটেড	তাও	2
রুটেড	তাও	বান্দরের	2
তাও	বান্দরের	তে	2
বান্দরের	তে	আইসা	2
তে	আইসা	ট্রিকবিডি	2
আইসা	ট্রিকবিডি	এর	2
ট্রিকবিডি	এর	মান	2
এর	মান	কমাস	2
আমায়	হেল্প	করেন	2
করেন	আমার	পুন	2
আমার	পুন	রুট	2
পুন	রুট	করতে	2
পারি	না	স্যামসাঙ	2
না	স্যামসাঙ	আছে	2
আছে	নেক্সট	কিভাবে	2
নেক্সট	কিভাবে	রুট	2
রুট	করবো	কিং	2
করবো	কিং	রুট	2
হয়ে	যায়	মোবাইল	2
ভাই	২৩	টাকায়	2
তো	ব্রো	মি	2
ব্রো	মি	প্লিজ	2
হচ্ছেনা	ট্রাই	করসি	2
আপনার	পোস	দারুন	2
পোস	দারুন	একটা	2
দারুন	একটা	কুইয়েসেন	2
একটা	কুইয়েসেন	ছিল	2
কুইয়েসেন	ছিল	আইডি	2
ছিল	আইডি	কার্ড	2
কার্ড	এর	ফটো	2
এর	ফটো	এর	2
ফটো	এর	সিগন্যাচার	2
এর	সিগন্যাচার	যেটা	2
সিগন্যাচার	যেটা	আছে	2
যেটা	আছে	ঐটা	2
আছে	ঐটা	থাকলেই	2
ঐটা	থাকলেই	হবে	2
হবে	নাকি	ওইটা	2
নাকি	ওইটা	ও	2
ওইটা	ও	ইডিট	2
ও	ইডিট	করে	2
ইডিট	করে	চেঞ্জ	2
করে	চেঞ্জ	করতে	2
করতে	হবে	আশা	2
আশা	করি	রিপ্লায়	2
করি	রিপ্লায়	দিবেন	2
এপবিল্ডার	মেকরোইড	কুড়ুল্যার	2
মেকরোইড	কুড়ুল্যার	থানকএবল	2
কুড়ুল্যার	থানকএবল	এগুলা	2
থানকএবল	এগুলা	সব	2
এগুলা	সব	ওয়েব	2
সব	ওয়েব	সাইট	2
ওয়েব	সাইট	থেকেই	2
সাইট	থেকেই	বানানো	2
থেকেই	বানানো	যায়	2
বানানো	যায়	প্লে	2
যায়	প্লে	স্টোরে	2
প্লে	স্টোরে	পাবলিশড	2
স্টোরে	পাবলিশড	না	2
পাবলিশড	না	করেই	2
না	করেই	এন্ড	2
করেই	এন্ড	প্লে	2
এন্ড	প্লে	স্টোরে	2
প্লে	স্টোরে	একাউন্ট	2
স্টোরে	একাউন্ট	করতে	2
একাউন্ট	করতে	লাগে	2
থ্যাংকস	দিয়া	লাগবে	2
দিয়া	লাগবে	না	2
লাগবে	না	আল্লাহর	2
না	আল্লাহর	কাসে	2
আল্লাহর	কাসে	প্রে	2
কাসে	প্রে	করি	2
প্রে	করি	তুমি	2
করি	তুমি	যেন	2
তুমি	যেন	অনেক	2
যেন	অনেক	ভালো	2
জিপি	দিয়ে	কানেক্ট	2
হয়	না	প্রব্লেম	2
না	প্রব্লেম	টা	2
প্রব্লেম	টা	বলতে	2
টা	বলতে	পারবেন	2
বলতে	পারবেন	সব	2
পারবেন	সব	কিছু	2
সব	কিছু	উপরের	2
কিছু	উপরের	নিয়ম	2
উপরের	নিয়ম	অনুসারে	2
নিয়ম	অনুসারে	করেসি	2
এক্সাক্ট	কি	সমস্যা	2
সমস্যা	হয়েছে	সেটা	2
হয়েছে	সেটা	বলুন	2
সেটা	বলুন	এপ	2
বলুন	এপ	টা	2
আনইনস্টল	করে	রিইনস্টল	2
করে	রিইনস্টল	করুন	2
রিইনস্টল	করুন	সমস্যাটা	2
করুন	সমস্যাটা	সমাধান	2
সমস্যাটা	সমাধান	হয়ে	2
সমাধান	হয়ে	যাবে	2
খুলার	টাকা	কে	2
টাকা	কে	দিবো	2
ডাউনলোড	হতেই	থাকে	2
হতেই	থাকে	আর	2
থাকে	আর	খালি	2
আর	খালি	এমবি	2
খালি	এমবি	খায়	2
এমবি	খায়	কি	2
খায়	কি	করমু	2
জানতে	ডায়াল	আছে	2
ডায়াল	আছে	থিঙ্ক	2
আছে	থিঙ্ক	আমি	2
থিঙ্ক	আমি	এই	2
অফার	এ	নো	2
এ	নো	নিউ	2
নো	নিউ	টিপস	2
টিপস	পোস্ট	ট্রাই	2
পোস্ট	ট্রাই	ট্রিকবিডি	2
ব্রো	পাস	ওয়ার্ড	2
পাস	ওয়ার্ড	পাবো	2
ওয়ার্ড	পাবো	কি	2
এতো	কাহিনী	না	2
কাহিনী	না	কইরা	2
না	কইরা	আব্বুর	2
কইরা	আব্বুর	এনআইডি	2
এনআইডি	দিয়ে	চালাইতাসি	2
দিয়ে	চালাইতাসি	ওইটাই	2
চালাইতাসি	ওইটাই	ভালো	2
কমেন্ট	এ	কি	2
এ	কি	ধরনের	2
কি	ধরনের	লিখা	2
ধরনের	লিখা	লিখলে	2
লিখা	লিখলে	কমেন্ট	2
লিখলে	কমেন্ট	হয়না	2
কমেন্ট	হয়না	জানতে	2
হয়না	জানতে	পারি	2
তাছাড়া	এপ	টা	2
টা	খুব	ই	2
মেসেজ	পাইছি	বাট	2
পাইছি	বাট	নেট	2
বাট	নেট	পায়	2
নেট	পায়	না	2
অফিসিয়াল	না	অন্য	2
অন্য	কোনো	রোম	2
কোনো	রোম	লাগবে	2
রোম	লাগবে	মার্শাম্যালো	2
লাগবে	মার্শাম্যালো	বা	2
মার্শাম্যালো	বা	ললিপপ	2
বা	ললিপপ	নাগেট	2
হাহা	কন্টাক	মোড	2
এত	ভেজাল	করার	2
ভেজাল	করার	চেয়ে	2
করার	চেয়ে	১এমবি	2
চেয়ে	১এমবি	এর	2
১এমবি	এর	ব্যাকআপ	2
এর	ব্যাকআপ	এপ	2
ব্যাকআপ	এপ	ইউস	2
এপ	ইউস	করে	2
ইউস	করে	অনেক	2
করে	অনেক	ভাল	2
ওয়াইফাই	অর	হটস্পট	2
অর	হটস্পট	একসাথে	2
হটস্পট	একসাথে	কখন	2
একসাথে	কখন	ও	2
কখন	ও	অন	2
ও	অন	হয়	2
হয়	না	এপ	2
না	এপ	এর	2
এপ	এর	মাধ্যমে	2
মাধ্যমে	আপনি	না	2
আপনি	না	অন	2
না	অন	করলেন	2
অন	করলেন	টা	2
করলেন	টা	হলো	2
টা	হলো	ওয়াইফাই	2
হলো	ওয়াইফাই	ডিরেক্ট	2
একটা	পোস্ট	মেইবি	2
প্লিজ	মি	ব্রো	2
মি	ব্রো	ফর	2
ব্রো	ফর	হেল্প	2
পোস্ট	যিনি	করেসে	2
যিনি	করেসে	এয়ারড্রপ	2
করেসে	এয়ারড্রপ	সম্পর্কে	2
এয়ারড্রপ	সম্পর্কে	তার	2
সম্পর্কে	তার	সঠিক	2
তার	সঠিক	ধারণা	2
সঠিক	ধারণা	নেই	2
সো	বাগস	একটু	2
বাগস	একটু	ও	2
একটু	ও	ভালো	2
ও	ভালো	এপ	2
ভালো	এপ	না	2
এপ	না	ভাই	2
না	ভাই	শুধু	2
আচ্ছা	ব্রো	২টা	2
ব্রো	২টা	ওএস	2
২টা	ওএস	এ	2
ওএস	এ	ইনস্টল	2
করলাম	এখন	কম্পিউটার	2
এখন	কম্পিউটার	স্টার্ট	2
কম্পিউটার	স্টার্ট	দেয়ার	2
দেয়ার	পর	উইন্ডোস	2
পর	উইন্ডোস	চালাতে	2
উইন্ডোস	চালাতে	চাইলে	2
চাইলে	কিভাবে	উইন	2
কিভাবে	উইন	চালাবো	2
উইন	চালাবো	আর	2
চালাবো	আর	স্টার্ট	2
আর	স্টার্ট	দেয়ার	2
দেয়ার	পর	জোরিন	2
পর	জোরিন	চালাতে	2
জোরিন	চালাতে	চাইলে	2
চাইলে	কিভাবে	চালাবো	2
কিভাবে	চালাবো	কম্পিউটার	2
চালাবো	কম্পিউটার	কি	2
কম্পিউটার	কি	স্লো	2
কি	স্লো	হবে	2
আপনি	জিমেইল	সেল	2
জিমেইল	সেল	করেন	2
সেল	করেন	কিনবো	2
ভাই	পিডিএফ	দেন	2
পিডিএফ	দেন	টেক্সট	2
দেন	টেক্সট	দিয়েন	2
টেক্সট	দিয়েন	না	2
জানিনা	ভাইয়া	সরি	2
ডাবলিউপিএস	অফিস	মোড	2
অফিস	মোড	নিয়ে	2
মোড	নিয়ে	অলরেডি	2
ট্রিকবিডি	তে	করুন	2
পেমেন্ট	করবে	তো	2
আপনি	যেই	টাকে	2
যেই	টাকে	সাইট	2
টাকে	সাইট	এর	2
এর	লিংক	শেয়ার	2
লিংক	শেয়ার	করসেন	2
শেয়ার	করসেন	ওইটা	2
করসেন	ওইটা	কাজ	2
ওইটা	কাজ	করতেসেনা	2
কাজ	করতেসেনা	তাই	2
করতেসেনা	তাই	লিংক	2
তাই	লিংক	ডেড	2
লিংক	ডেড	বলসি	2
ভাই	দিসি	লিংক	2
লিংক	এ	যাইয়া	2
এ	যাইয়া	কোড	2
যাইয়া	কোড	কোর্ট	2
কোড	কোর্ট	করে	2
কোর্ট	করে	নেন	2
এন্ড	৪টাকা	ক্যাশব্যাক	2
৪টাকা	ক্যাশব্যাক	দিতো	2
জিপ	ফাইল	এক্সট্রাক্ট	2
ফাইল	এক্সট্রাক্ট	করছিলেন	2
ব্রো	আপনিও	আনসিওসি	2
আপনিও	আনসিওসি	পাগল	2
আনসিওসি	পাগল	ওহ	2
পাগল	ওহ	আমিতো	2
ওহ	আমিতো	কিছু	2
আমিতো	কিছু	খেলেই	2
কিছু	খেলেই	বাদ	2
খেলেই	বাদ	দিয়ে	2
বাদ	দিয়ে	দিয়ে	2
দিয়ে	দিয়ে	ভালো	2
দিয়ে	ভালো	লাগে	2
না	শুধু	এক	2
শুধু	এক	জায়গায়	2
এক	জায়গায়	কাজ	2
জায়গায়	কাজ	এটাক	2
আপনার	মাইজিপি	ভার্সন	2
মাইজিপি	ভার্সন	কত	2
মাই	এয়ারটেল	এপ	2
এয়ারটেল	এপ	এপিকে	2
এপ	এপিকে	পিওর	2
এপিকে	পিওর	লিখে	2
পিওর	লিখে	গুগল	2
এটা	আবার	নতুন	2
নতুন	কি	৩	2
কি	৩	মান্থ	2
৩	মান্থ	ইউস	2
মান্থ	ইউস	করতেসি	2
জানা	মতে	এটাও	2
মতে	এটাও	ওরজিনাল	2
এটাও	ওরজিনাল	ব্রো	2
থ্যাংক্স	ভাই	নাইস	2
পোস্ট	বাট	এই	2
করা	হইসে	তার	2
হইসে	তার	পরে	2
পরে	ও	গুছিয়ে	2
ও	গুছিয়ে	লিখার	2
লিখার	জন্য	থ্যাংক্স	2
ফেক	পোস্ট	আমারো	2
পোস্ট	আমারো	চলে	2
আমারো	চলে	না	2
ভাই	ওকিমিডিয়া	তে	2
ওকিমিডিয়া	তে	১০০	2
তে	১০০	এমবি	2
এমবি	এর	চেয়ে	2
এর	চেয়ে	আপলোড	2
চেয়ে	আপলোড	করতে	2
আপলোড	করতে	পারি	2
না	কেন	ফাইল	2
কেন	ফাইল	কেমনে	2
ফাইল	কেমনে	আপলোড	2
আমি	ডাউনলোড	লিংক	2
ডাউনলোড	লিংক	কালার	2
লিংক	কালার	করতে	2
কালার	করতে	পারসিনা	2
করতে	পারসিনা	কিভাবে	2
পারসিনা	কিভাবে	করবো	2
ডগ	অল	হি	2
অল	হি	হি	2
এ	চলে	ভালো	2
চলে	ভালো	স্পিড	2
ভালো	স্পিড	স্ক্রিট	2
স্পিড	স্ক্রিট	সেটিং	2
স্ক্রিট	সেটিং	তাই	2
সেটিং	তাই	সবাই	2
তাই	সবাই	চালাতে	2
সবাই	চালাতে	পারে	2
পারে	না	এটা	2
এটা	শুধু	আমি	2
শুধু	আমি	আর	2
আর	আমার	এক	2
এক	ফ্রেন্ড	জানে	2
আমি	কালকে	বিকাশ	2
কালকে	বিকাশ	এপ	2
বিকাশ	এপ	এ	2
এপ	এ	লগ	2
লগ	ইন	করসিলাম	2
ইন	করসিলাম	আমাকে	2
করসিলাম	আমাকে	বলা	2
আমাকে	বলা	হইসিলো	2
বলা	হইসিলো	এক	2
হইসিলো	এক	কার্য	2
এক	কার্য	দিবস	2
কার্য	দিবস	অপেক্ষা	2
দিবস	অপেক্ষা	করতে	2
অপেক্ষা	করতে	বাট	2
করতে	বাট	২৪	2
আওয়ার	হয়ে	গেলো	2
হয়ে	গেলো	কিছু	2
গেলো	কিছু	ই	2
কিছু	ই	দিলো	2
ই	দিলো	নাতো	2
ভাই	দেখুন	সবগুলা	2
দেখুন	সবগুলা	নিয়ে	2
সবগুলা	নিয়ে	ই	2
নিয়ে	ই	পোস্ট	2
ই	পোস্ট	করা	2
গুড	পোস্ট	রেজাল্ট	2
পোস্ট	রেজাল্ট	কবে	2
রেজাল্ট	কবে	পাবো	2
কি	শুধু	পল্লি	2
শুধু	পল্লি	বিদ্যুৎ	2
পল্লি	বিদ্যুৎ	এর	2
বিদ্যুৎ	এর	জন্য	2
এক	ফ্রেন্ড	২০	2
ফ্রেন্ড	২০	জিবি	2
২০	জিবি	পাইছে	2
জিবি	পাইছে	আর	2
পাইছে	আর	আমি	2
আর	আমি	মাত্র	2
আমি	মাত্র	৫০০	2
মাত্র	৫০০	এমবি	2
৫০০	এমবি	পাইলাম	2
এমবি	পাইলাম	হায়রে	2
পাইলাম	হায়রে	কপাল	2
আপডেট	কিসুদিন	পর	2
কিসুদিন	পর	হবে	2
পাছায়	লাথি	মারুম	2
লাথি	মারুম	শালা	2
কলেজ	নিশ্চ্য়ন	করার	2
নিশ্চ্য়ন	করার	নিয়ম	2
নিয়ম	টা	পারলে	2
টা	পারলে	জানান	2
পারলে	জানান	টেলিটক	2
জানান	টেলিটক	থেকে	2
টেলিটক	থেকে	টাকা	2
টাকা	পাঠাতে	হবে	2
প্লেস্টোর	অনেক	এপস	2
অনেক	এপস	আছে	2
এপস	আছে	দেখেন	2
ভাইয়া	অনলাইন	আর্ন	2
অনলাইন	আর্ন	নিউ	2
আর্ন	নিউ	পোস্ট	2
ভাই	সাবধান	আমি	2
সাবধান	আমি	করসিলাম	2
আমি	করসিলাম	এই	2
করসিলাম	এই	ভাবে	2
এই	ভাবে	পরে	2
ভাবে	পরে	ফোন	2
পরে	ফোন	সফ্ট	2
ফোন	সফ্ট	ব্রিক	2
সফ্ট	ব্রিক	খাইসে	2
পেপাল	ইউএসডি	সেল	2
ইউএসডি	সেল	করেন	2
সেল	করেন	ট্রাস্টেড	2
করেন	ট্রাস্টেড	কেউ	2
ট্রাস্টেড	কেউ	আসেন	2
কেউ	আসেন	রেগুলার	2
এ	ঢুকতে	পারসিনা	2
ঢুকতে	পারসিনা	ড্রাইভ	2
পারসিনা	ড্রাইভ	লিংক	2
আজ	রাতে	প্লিজ	2
মোবাইল	দিয়ে	এক্টিভ	2
দিয়ে	এক্টিভ	করা	2
ভালো	থেকে	কিছু	2
থেকে	কিছু	করার	2
চেষ্টা	করো	টিউনার	2
করো	টিউনার	ভাই	2
টিউনার	ভাই	এ	2
ভাই	এ	রকম	2
রকম	পোস্ট	করা	2
হয়	তাহলে	আপনি	2
তাহলে	আপনি	সকালে	2
আপনি	সকালে	উঠে	2
সকালে	উঠে	কি	2
উঠে	কি	খাইসেন	2
কি	খাইসেন	তা	2
খাইসেন	তা	ও	2
তা	ও	পোস্ট	2
পোস্ট	করে	টিপস	2
করে	টিপস	দিয়ে	2
টিপস	দিয়ে	কি	2
দিয়ে	কি	কোন	2
কি	কোন	সোশ্যাল	2
কোন	সোশ্যাল	হচ্ছে	2
লাস্ট	যেই	কথা	2
যেই	কথা	উইথড্র	2
কথা	উইথড্র	আর	2
উইথড্র	আর	অ্যাডমিন	2
আর	অ্যাডমিন	ডিপোজিট	2
অ্যাডমিন	ডিপোজিট	করার	2
ডিপোজিট	করার	কারণে	2
করার	কারণে	কিছু	2
কারণে	কিছু	কম	2
কিছু	কম	ডলার	2
কম	ডলার	উইথড্র	2
ডলার	উইথড্র	দিলে	2
উইথড্র	দিলে	কত	2
দিলে	কত	কেটে	2
কত	কেটে	নিবে	2
ইউসার	এক্সপ্লোরার	ডব্লিউ১২	2
এক্সপ্লোরার	ডব্লিউ১২	কি	2
ডব্লিউ১২	কি	ভাবার	2
কি	ভাবার	রুট	2
ভাবার	রুট	করবো	2
রুট	করবো	আমি	2
করবো	আমি	কিং	2
আমি	কিং	রুট	2
কিং	রুট	কিঙ্গ	2
রুট	কিঙ্গ	রুট	2
কিঙ্গ	রুট	সব	2
রুট	সব	ট্রাই	2
সব	ট্রাই	ভাইয়া	2
ট্রাই	ভাইয়া	হেল্প	2
ভাইয়া	হেল্প	করেন	2
আপনার	সাথে	এ	2
সাথে	এ	কানেক্ট	2
এ	কানেক্ট	হওয়া	2
কানেক্ট	হওয়া	যাবে	2
হওয়া	যাবে	ওয়েব	2
যাবে	ওয়েব	ডেভেলপমেন্ট	2
ওয়েব	ডেভেলপমেন্ট	পারি	2
ডেভেলপমেন্ট	পারি	বাট	2
পারি	বাট	কোনোদিন	2
বাট	কোনোদিন	হোস্টিং	2
কোনোদিন	হোস্টিং	ডোমেইন	2
হোস্টিং	ডোমেইন	নিয়ে	2
কাজ	করা	হয়	2
হয়	নাই	কিভাবে	2
নাই	কিভাবে	করবো	2
নো	ব্রো	এইটা	2
ব্রো	এইটা	২বার	2
এইটা	২বার	করা	2
২বার	করা	হয়ে	2
করা	হয়ে	নিয়ে	2
হয়ে	নিয়ে	তুমি	2
নিয়ে	তুমি	আর	2
তুমি	আর	আগের	2
এর	লিংক	দাও	2
লিংক	দাও	তো	2
কপি	কইরা	নেন	2
কি	সিউর	এরকম	2
সিউর	এরকম	করলে	2
এরকম	করলে	হবে	2
গুড	থ্যাংক্স	ফর	2
থ্যাংক্স	ফর	নাইস	2
ভালোই	চলছে	আমার	2
চলছে	আমার	অনেক	2
আমার	অনেক	ফ্রেন্ডস	2
অনেক	ফ্রেন্ডস	এইটা	2
ফ্রেন্ডস	এইটা	ইউস	2
এইটা	ইউস	করতেসে	2
পুরাতন	রা	ফিরতেসে	2
রা	ফিরতেসে	আরেক	2
ফিরতেসে	আরেক	নেম	2
আরেক	নেম	রিয়াড্রোক্স	2
আমি	ই	করতাম	2
ই	করতাম	ভাই	2
করতাম	ভাই	অনেক	2
ভাই	অনেক	গুলা	2
অনেক	গুলা	বটস	2
গুলা	বটস	নিয়ে	2
বটস	নিয়ে	অনেক	2
নিয়ে	অনেক	গুলো	2
অনেক	গুলো	পোস্ট	2
গুলো	পোস্ট	ইন	2
পোস্ট	ইন	ফ্যাক্ট	2
ইন	ফ্যাক্ট	এই	2
ফ্যাক্ট	এই	বট	2
এই	বট	নিয়েও	2
বট	নিয়েও	পোস্ট	2
করা	আছে	অনেক	2
আছে	অনেক	আগেই	2
অনেক	আগেই	কয়েক	2
আগেই	কয়েক	মাস	2
জিবি	চালাতে	গেলে	2
চালাতে	গেলে	পিসি	2
গেলে	পিসি	কোর	2
পিসি	কোর	আই৯	2
কোর	আই৯	লাগবে	2
আই৯	লাগবে	পি	2
লাগবে	পি	রিয়েলি	2
পি	রিয়েলি	কোর	2
রিয়েলি	কোর	আই৫	2
কোর	আই৫	এর	2
আই৫	এর	নিচে	2
এর	নিচে	ভালো	2
নিচে	ভালো	হবে	2
ভালো	হবে	বলে	2
মনে	হয়না	আপনি	2
হয়না	আপনি	সার্চ	2
আপনি	সার্চ	দেন	2
সার্চ	দেন	ফটোশপ	2
দেন	ফটোশপ	৭	2
ফটোশপ	৭	লিখে	2
৭	লিখে	ফটোশপ	2
লিখে	ফটোশপ	লিখে	2
ফটোশপ	লিখে	ভালো	2
লিখে	ভালো	পাবেন	2
ভালো	পাবেন	সিএস	2
পাবেন	সিএস	৫	2
সিএস	৫	চালাতে	2
৫	চালাতে	পারেন	2
চালাতে	পারেন	সাইজ	2
পারেন	সাইজ	সব	2
সাইজ	সব	গুলো	2
সব	গুলো	প্রত্যেকটা	2
গুলো	প্রত্যেকটা	৩০০	2
প্রত্যেকটা	৩০০	এমবি	2
৩০০	এমবি	এর	2
এমবি	এর	নিচে	2
কি	শুধু	ইউসি	2
ইউসি	মিনি	হ্যান্ডেলর	2
মিনি	হ্যান্ডেলর	দিয়ে	2
হ্যান্ডেলর	দিয়ে	ফ্রী	2
ফ্রী	নেট	চালাতে	2
কিন্তু	এখানে	এসডি	2
এখানে	এসডি	কার্ড	2
কার্ড	এর	এপস	2
এপস	গুলো	চলবে	2
গুলো	চলবে	না	2
ভাই	হাই	এন্ড	2
হাই	এন্ড	গেম	2
এন্ড	গেম	না	2
গেম	না	দিয়ে	2
দিয়ে	ভালো	মান	2
ভালো	মান	এর	2
মান	এর	গেম	2
এর	গেম	মিডিয়াম	2
গেম	মিডিয়াম	পিসি	2
মিডিয়াম	পিসি	এর	2
জন্য	দেন	তাইলে	2
দেন	তাইলে	খুশি	2
তাইলে	খুশি	হবো	2
আমার	অল	পোস্ট	2
অল	পোস্ট	এর	2
পোস্ট	এর	চেক	2
এর	চেক	করো	2
চেক	করো	পেয়ে	2
করো	পেয়ে	যাবে	2
এতো	গুলা	পোস্ট	2
গুলা	পোস্ট	করার	2
পর	ও	টিউনার	2
ও	টিউনার	হইতে	2
টিউনার	হইতে	পারলাম	2
হইতে	পারলাম	না	2
ব্রো	টিউনার	বানান	2
ব্রো	পোস্ট	করবো	2
পোস্ট	করবো	অল	2
করবো	অল	টাইম	2
তাদের	অফিস	এ	2
অফিস	এ	যোগাযোগ	2
ভাই	কেউ	লেনোভো	2
কেউ	লেনোভো	এর	2
লেনোভো	এর	জন্য	2
জন্য	কাস্টম	রোম	2
রোম	নিয়ে	পোস্ট	2
আপনি	কোন	ভাবে	2
কোন	ভাবে	কোড	2
ভাবে	কোড	উইজ	2
কোড	উইজ	করে	2
উইজ	করে	এতো	2
করে	এতো	সুন্দর	2
সুন্দর	করে	ইনস্টল	2
করে	ইনস্টল	অপসন	2
ইনস্টল	অপসন	টা	2
অপসন	টা	দিসেন	2
টা	দিসেন	এর	2
দিসেন	এর	স্ক্রিনশট	2
এর	স্ক্রিনশট	অপসন	2
স্ক্রিনশট	অপসন	বিবি	2
অপসন	বিবি	কোড	2
বিবি	কোড	উইজ	2
কোড	উইজ	করসেন	2
ওয়েবটার্নেল	এর	মতো	2
এর	মতো	স্পিড	2
মতো	স্পিড	এরকম	2
স্পিড	এরকম	হলে	2
এরকম	হলে	শেয়ার	2
কত	করে	পাবো	2
পোস্ট	দেখার	পর	2
দেখার	পর	ইনস্টল	2
পর	ইনস্টল	দিলাম	2
ইনস্টল	দিলাম	এফ	2
দিলাম	এফ	এফ	2
এফ	এফ	বাদ	2
এফ	বাদ	দিয়ে	2
বাদ	দিয়ে	এখন	2
দিয়ে	এখন	থাকি	2
এখন	থাকি	এফ	2
থাকি	এফ	এফ	2
এফ	এফ	ম্যাক্স	2
এফ	ম্যাক্স	খেলবো	2
ওয়েটিং	ফর	মেসেজ	2
দুর	কানেক্টেড	হয়না	2
ছিল	এখন	নাই	2
এখন	নাই	জাস্ট	2
নাই	জাস্ট	একাউন্ট	2
জাস্ট	একাউন্ট	খুলুন	2
একাউন্ট	খুলুন	১৫	2
খুলুন	১৫	তারিখ	2
১৫	তারিখ	এ	2
তারিখ	এ	টাকা	2
এ	টাকা	দিলে	2
টাকা	দিলে	বিকাশ	2
দিলে	বিকাশ	এর	2
বিকাশ	এর	টাও	2
এর	টাও	দিবো	2
ওহ	আবার	ওপেন	2
আবার	ওপেন	করেছে	2
ওপেন	করেছে	জানানোর	2
করেছে	জানানোর	জন্য	2
কারো	কি	চলতাসে	2
গুগল	এপ	ডিসএবল	2
এপ	ডিসএবল	করলে	2
ডিসএবল	করলে	সি	2
করলে	সি	ও	2
সি	ও	সি	2
ও	সি	এর	2
সি	এর	মতো	2
এর	মতো	গেম	2
মতো	গেম	খেলতে	2
গেম	খেলতে	সমস্যা	2
খেলতে	সমস্যা	হবে	2
ফ্রেমরুট	এপটি	ইনস্টল	2
এপটি	ইনস্টল	দিয়ে	2
আনরুট	করতে	পারেন	2
এই	টা	১টা	2
টা	১টা	পোস্ট	2
১টা	পোস্ট	হইলো	2
পোস্ট	হইলো	ঘরে	2
হইলো	ঘরে	কারেন্ট	2
ঘরে	কারেন্ট	এর	2
কারেন্ট	এর	করার	2
এর	করার	সময়	2
করার	সময়	অনেক	2
সময়	অনেক	বের	2
অনেক	বের	করসি	2
বের	করসি	বাট	2
করসি	বাট	খুব	2
বাট	খুব	রিস্কি	2
খুব	রিস্কি	ডিলিট	2
রিস্কি	ডিলিট	পোস্ট	2
ব্রো	আপনার	পোস্টে	2
আপনার	পোস্টে	আসে	2
পোস্টে	আসে	প্রোফাইলে	2
আসে	প্রোফাইলে	দেখলাম	2
প্রোফাইলে	দেখলাম	আর	2
দেখলাম	আর	ব্রো	2
আর	ব্রো	আপনে	2
ব্রো	আপনে	যে	2
আপনে	যে	লেখসেন	2
যে	লেখসেন	এফবি	2
লেখসেন	এফবি	তে	2
তে	আমি	এই	2
আমি	এই	টা	2
এই	টা	লিংক	2
টা	লিংক	দিসেন	2
লিংক	দিসেন	কেমনে	2
আমার	জন্ম	১৯৯৮	2
জন্ম	১৯৯৮	আমি	2
১৯৯৮	আমি	কবে	2
আমি	কবে	পাবো	2
নাহ	কোড	টা	2
কোড	টা	শো	2
টা	শো	করসে	2
শো	করসে	না	2
করসে	না	এফবি	2
তে	আসেন	এমডিএমআরবিডি	2
আসেন	এমডিএমআরবিডি	লিখে	2
এমডিএমআরবিডি	লিখে	চেক	2
লিখে	চেক	করেন	2
ভাই	তাড়াতাড়ি	ডব্লিউ৭০	2
তাড়াতাড়ি	ডব্লিউ৭০	এর	2
ডব্লিউ৭০	এর	জন্য	2
স্যাডলি	বিডিআইএক্স	স্পিড	2
বিডিআইএক্স	স্পিড	নাই	2
কেউ	যদি	সেজদায়	2
যদি	সেজদায়	গিয়ে	2
সেজদায়	গিয়ে	ওই	2
গিয়ে	ওই	দুআ	2
ওই	দুআ	টি	2
দুআ	টি	পরে	2
টি	পরে	যা	2
পরে	যা	মানুষ	2
যা	মানুষ	হজ	2
মানুষ	হজ	এ	2
হজ	এ	পরে	2
এ	পরে	তাহলে	2
পরে	তাহলে	তার	2
তাহলে	তার	কোনো	2
তার	কোনো	অভাব	2
কোনো	অভাব	থাকবেনা	2
অভাব	থাকবেনা	আর	2
থাকবেনা	আর	সে	2
আর	সে	আল্লাহর	2
সে	আল্লাহর	অলি	2
আল্লাহর	অলি	ও	2
অলি	ও	হয়ে	2
ও	হয়ে	যাবে	2
হয়ে	যাবে	কিন্তু	2
যাবে	কিন্তু	এইবার	2
কিন্তু	এইবার	আপনারকথা	2
এইবার	আপনারকথা	ঠিক	2
আপনারকথা	ঠিক	আছে	2
ঠিক	আছে	যদি	2
আছে	যদি	এইটা	2
যদি	এইটা	করে	2
এইটা	করে	কারণ	2
করে	কারণ	আপনার	2
কারণ	আপনার	লেখা	2
আপনার	লেখা	কাজ	2
লেখা	কাজ	গুলো	2
কাজ	গুলো	যে	2
গুলো	যে	করেনা	2
যে	করেনা	সে	2
করেনা	সে	নামাজ	2
সে	নামাজ	ও	2
নামাজ	ও	পড়েনা	2
ও	পড়েনা	এটা	2
পড়েনা	এটা	বুঝা	2
বুঝা	যাচ্ছে	এন্ড	2
যাচ্ছে	এন্ড	যে	2
এন্ড	যে	নামাজ	2
যে	নামাজ	পরে	2
নামাজ	পরে	ঠিক	2
পরে	ঠিক	ভাবে	2
ঠিক	ভাবে	সে	2
ভাবে	সে	আপনার	2
সে	আপনার	লেখা	2
লেখা	গুলো	অটো	2
গুলো	অটো	মেনে	2
অটো	মেনে	চলে	2
মেনে	চলে	পরা	2
চলে	পরা	লাগেনা	2
পরা	লাগেনা	কিন্তু	2
লাগেনা	কিন্তু	আমিযেটা	2
কিন্তু	আমিযেটা	বললাম	2
আমিযেটা	বললাম	তা	2
বললাম	তা	কেউ	2
তা	কেউ	অটো	2
কেউ	অটো	মানেনা	2
অটো	মানেনা	পরা	2
মানেনা	পরা	জানা	2
পরা	জানা	লাগে	2
রিচার্জ	নিবো	কিভাবে	2
নিবো	কিভাবে	একটা	2
ফেক্সিপ্লান	দিয়ে	গিফট	2
দিয়ে	গিফট	করতে	2
গিফট	করতে	হবে	2
ওরজিনাল	প্রিন্ট	দিলে	2
প্রিন্ট	দিলে	একই	2
দিলে	একই	কথা	2
একই	কথা	আপনাদের	2
কথা	আপনাদের	কে	2
কে	কে	যে	2
কে	যে	টিউনার	2
যে	টিউনার	বানায়	2
আপনি	হয়তো	ভুল	2
হয়তো	ভুল	এজ	2
ভুল	এজ	আমি	2
এজ	আমি	৩	2
৩	মান্থ	থেকেই	2
মান্থ	থেকেই	কাজ	2
থেকেই	কাজ	করছি	2
করছি	আর	ইম্প্রেশন	2
আর	ইম্প্রেশন	এর	2
ইম্প্রেশন	এর	জন্য	2
এর	জন্য	ডলার	2
জন্য	ডলার	১০০০	2
ডলার	১০০০	ইম্প্রেশন	2
১০০০	ইম্প্রেশন	এ	2
চ্যানেল	এর	লিংক	2
এর	লিংক	কিভাবে	2
লিংক	কিভাবে	পাবো	2
কোন	ব্রাউসার	চালাচ্ছেন	2
ব্রাউসার	চালাচ্ছেন	অপেরা	2
চালাচ্ছেন	অপেরা	মিনি	2
অপেরা	মিনি	তে	2
মিনি	তে	প্রব্লেম	2
তে	প্রব্লেম	হবে	2
প্রব্লেম	হবে	ট্রাই	2
হবে	ট্রাই	করেন	2
টেস্ট	করে	দেখবো	2
ভাই	জিপি	এর	2
দেন	প্লিজ	যেন	2
প্লিজ	যেন	সবার	2
যেন	সবার	চলে	2
ইউসার	ভাই	তাইতো	2
ভাই	তাইতো	আপনার	2
তাইতো	আপনার	মোবাইল	2
আপনার	মোবাইল	সাপোর্ট	2
মোবাইল	সাপোর্ট	করে	2
করে	না	আপনি	2
না	আপনি	অন্য	2
আপনি	অন্য	কোনো	2
কোনো	মোবাইল	দিয়ে	2
মোবাইল	দিয়ে	আমার	2
দিয়ে	আমার	এই	2
আমার	এই	পোস্টটি	2
এই	পোস্টটি	দেখুন	2
পোস্টটি	দেখুন	ঠিকমতই	2
দেখুন	ঠিকমতই	কাজ	2
ঠিকমতই	কাজ	করবে	2
কাজ	করবে	থ্যাংকস	2
খুব	ই	খারাপ	2
ই	খারাপ	ব্যাপার	2
খারাপ	ব্যাপার	টা	2
কেউ	কি	ওয়াল্টন	2
কি	ওয়াল্টন	ফ্রিমো	2
ওয়াল্টন	ফ্রিমো	এফ	2
ফ্রিমো	এফ	৬	2
এফ	৬	ইউস	2
৬	ইউস	করেন	2
নেক্সট	প্রমাণ	বিডি	2
প্রমাণ	বিডি	আই	2
বিডি	আই	এক্স	2
আই	এক্স	এর	2
এক্স	এর	এখনো	2
এর	এখনো	নিজের	2
এখনো	নিজের	বলা	2
নিজের	বলা	দাবি	2
বলা	দাবি	করবেন	2
তে	আসেন	আমারও	2
আসেন	আমারও	নোকিয়া	2
আমারও	নোকিয়া	ই৫২	2
বুঝি	নাই	ভাইয়া	2
ইউসার	সব	কিছুর	2
সব	কিছুর	কিন্তু	2
কিছুর	কিন্তু	একটা	2
কিন্তু	একটা	লিমিট	2
একটা	লিমিট	থাকে	2
এস	শর্ট	কই	2
শর্ট	কই	ব্রো	2
হমমম	ব্রো	ফর	2
ব্রো	ফর	ইওর	2
ভাই	পল্লী	সিম	2
পল্লী	সিম	কি	2
সিম	কি	এখন	2
কি	এখন	অর্ডার	2
এখন	অর্ডার	দিয়ে	2
অর্ডার	দিয়ে	পাওয়া	2
দিয়ে	পাওয়া	যাবে	2
যেভাবে	আপনার	এন্ড্রোইড	2
আপনার	এন্ড্রোইড	মোবাইলে	2
এন্ড্রোইড	মোবাইলে	কোয়ালিটি	2
মোবাইলে	কোয়ালিটি	ভিডিও	2
কোয়ালিটি	ভিডিও	তৈরি	2
ভিডিও	তৈরি	করবেন	2
ওয়েট	দেখছে	সার্চ	2
দেখছে	সার্চ	দিয়ে	2
কিন্তু	সবগুলার	১৪৪পি	2
সবগুলার	১৪৪পি	তো	2
১৪৪পি	তো	নাই	2
চেটের	দিয়ে	কি	2
ভাই	কিভাবে	এই	2
কিভাবে	এই	সিন	2
এই	সিন	শুটগুলা	2
সিন	শুটগুলা	ইডিট	2
শুটগুলা	ইডিট	করলেন	2
ইডিট	করলেন	প্লিজ	2
অনলাইন	তো	ফোন	2
এই	আছে	অফলাইন	2
আছে	অফলাইন	থাকলে	2
অফলাইন	থাকলে	সেটা	2
জানিনা	রিপ্লায়	পাবো	2
রিপ্লায়	পাবো	কিনা	2
পাবো	কিনা	তবুও	2
কিনা	তবুও	কমেন্ট	2
তবুও	কমেন্ট	এক	2
কমেন্ট	এক	ব্লগসাইটে	2
এক	ব্লগসাইটে	এপ্প্রুভ	2
ব্লগসাইটে	এপ্প্রুভ	হয়েসে	2
এপ্প্রুভ	হয়েসে	১	2
হয়েসে	১	মান্থ	2
১	মান্থ	সেটা	2
মান্থ	সেটা	ফ্রীব্যাসিক্স	2
সেটা	ফ্রীব্যাসিক্স	এ	2
ফ্রীব্যাসিক্স	এ	কিভাবে	2
এ	কিভাবে	খুঁজে	2
কিভাবে	খুঁজে	পাবো	2
হ	রাইট	আমি	2
রাইট	আমি	৫	2
আমি	৫	দিনে	2
৫	দিনে	৫০০	2
দিনে	৫০০	পয়েন্ট	2
৫০০	পয়েন্ট	গ্যালাক্সি	2
পয়েন্ট	গ্যালাক্সি	ট্যাব	2
গ্যালাক্সি	ট্যাব	৩	2
ট্যাব	৩	অর্ডার	2
৩	অর্ডার	আমি	2
অর্ডার	আমি	এই	2
আমি	এই	গুলো	2
এই	গুলো	কিভাবে	2
আপনার	এমবি	কমে	2
এমবি	কমে	আর	2
কমে	আর	আমার	2
আর	আমার	৩৬৭এমবি	2
আমার	৩৬৭এমবি	থেকে	2
৩৬৭এমবি	থেকে	জিবি	2
থেকে	জিবি	হয়ে	2
জিবি	হয়ে	যায়	2
যায়	এটা	কেমন	2
এটা	কেমন	এপিকে	2
ইয়েস	আবার	চালু	2
আবার	চালু	হইসে	2
ভাইয়া	পোস্ট	আপডেট	2
পোস্ট	আপডেট	করসি	2
আপডেট	করসি	একবার	2
করসি	একবার	দেখেন	2
একবার	দেখেন	তারপর	2
দেখেন	তারপর	যদি	2
তারপর	যদি	কিছু	2
যদি	কিছু	ভুল	2
কিছু	ভুল	হয়	2
ভুল	হয়	বইলেন	2
হয়	বইলেন	প্লিস	2
রোম	ব্যাকআপ	করে	2
ব্যাকআপ	করে	রাখা	2
করে	রাখা	করার	2
রাখা	করার	পর	2
পর	যদি	আপনার	2
যদি	আপনার	কাস্টম	2
আপনার	কাস্টম	রোম	2
কাস্টম	রোম	টি	2
রোম	টি	ভালো	2
না	লাগে	তা	2
লাগে	তা	হলে	2
তা	হলে	আগের	2
হলে	আগের	মতো	2
আগের	মতো	করে	2
মতো	করে	উইজ	2
করে	উইজ	করতে	2
নাম্বার	অফ	থাকলে	2
অফ	থাকলে	কাজ	2
থাকলে	কাজ	করবে	2
চাই	একটা	ওয়েব	2
একটা	ওয়েব	কিনতে	2
ওয়েব	কিনতে	এন্ড	2
কিনতে	এন্ড	টিউনার	2
এন্ড	টিউনার	লাগবে	2
টিউনার	লাগবে	আপনি	2
লাগবে	আপনি	হবেন	2
আপনি	হবেন	কি	2
হবেন	কি	ব্রো	2
কি	ব্রো	বলেন	2
ব্রো	বলেন	প্লিজ	2
আপনি	ফার্স্ট	ই	2
ফার্স্ট	ই	ওয়ালেট	2
ই	ওয়ালেট	এ	2
ওয়ালেট	এ	থাকবেন	2
এ	থাকবেন	টোকেন	2
থাকবেন	টোকেন	দেখার	2
টোকেন	দেখার	জন্য	2
দেখার	জন্য	ওয়ালেট	2
জন্য	ওয়ালেট	চেক	2
ওয়ালেট	চেক	করুন	2
হেই	বোকা	তোরে	2
বোকা	তোরে	কে	2
তোরে	কে	বলসে	2
কে	বলসে	আমার	2
বলসে	আমার	রেফার	2
ইউস	করতে	রেফার	2
করতে	রেফার	ইনকাম	2
রেফার	ইনকাম	কি	2
ইনকাম	কি	তা	2
কি	তা	দেখে	2
তা	দেখে	কথা	2
দেখে	কথা	বলিস	2
দিস	পোস্ট	গট	2
পোস্ট	গট	২	2
গট	২	রিপোর্টস	2
২	রিপোর্টস	বেশি	2
রিপোর্টস	বেশি	এড	2
বেশি	এড	এবং	2
এড	এবং	এসএস	2
এবং	এসএস	কম	2
এসএস	কম	দিসে	2
কম	দিসে	গেম	2
দিসে	গেম	এর	2
গেম	এর	কিসুই	2
এর	কিসুই	বোঝা	2
কিসুই	বোঝা	যায়	2
যায়	না	গেম	2
না	গেম	এর	2
লিংক	দেওয়া	হয়নি	2
হম	এই	সাইট	2
সাইট	এর	যে	2
এর	যে	পোস্ট	2
যে	পোস্ট	গুলা	2
পোস্ট	গুলা	করা	2
গুলা	করা	হয়েছে	2
করা	হয়েছে	সেগুলো	2
সেগুলো	কি	আপনার	2
কি	আপনার	কাজ	2
আপনার	কাজ	করসে	2
ট্রিকবিডি	তে	কিসু	2
তে	কিসু	নিউ	2
কিসু	নিউ	পিপল	2
নিউ	পিপল	দেখতেসি	2
পিপল	দেখতেসি	যারা	2
দেখতেসি	যারা	কথা	2
যারা	কথা	ঠিক	2
কথা	ঠিক	মতো	2
ঠিক	মতো	বলে	2
মতো	বলে	না	2
আপনার	যদি	সিম্ফনি	2
যদি	সিম্ফনি	ফোন	2
সিম্ফনি	ফোন	হয়	2
ফোন	হয়	বলে	2
হয়	বলে	ডিফল্ট	2
বলে	ডিফল্ট	ব্রাউসার	2
ডিফল্ট	ব্রাউসার	ইউস	2
ইউস	করেন	ফোন	2
করেন	ফোন	এ	2
এ	কি	হয়	2
কি	হয়	জানিনা	2
হয়	জানিনা	আমি	2
জানিনা	আমি	সিম্ফনি	2
আমি	সিম্ফনি	ইউসার	2
স্যামসাঙ	গ্যালাক্সি	আছে	2
আছে	স্টাইল	এর	2
স্টাইল	এর	টিডব্লিউআরপি	2
এর	টিডব্লিউআরপি	লাগবে	2
টিডব্লিউআরপি	লাগবে	দিতে	2
তো	বুঝলাম	নাহ	2
সিম্ফনি	এইচ৩০০	ফোন	2
এইচ৩০০	ফোন	এর	2
ফোন	এর	ব্যাকআপ	2
এর	ব্যাকআপ	রোম	2
ব্যাকআপ	রোম	কারো	2
রোম	কারো	কাছে	2
কাছে	থাকলে	লাগবে	2
লিংক	নাই	রিপোর্ট	2
ওকে	ভাই	ট্রাই	2
ভাই	আমারও	জিএফ	2
আমারও	জিএফ	নাই	2
অফিসিয়াল	এফবি	গ্রুপ	2
এফবি	গ্রুপ	টার	2
গ্রুপ	টার	দিকে	2
টার	দিকে	নজর	2
নজর	দেওয়া	প্রয়োজন	2
দেওয়া	প্রয়োজন	এফবি	2
প্রয়োজন	এফবি	গ্রুপ	2
এফবি	গ্রুপ	ভালো	2
গ্রুপ	ভালো	মতো	2
ভালো	মতো	একটিভ	2
মতো	একটিভ	হলে	2
একটিভ	হলে	মেম্বার	2
হলে	মেম্বার	রা	2
মেম্বার	রা	সর্ট	2
রা	সর্ট	প্রব্লেম	2
সর্ট	প্রব্লেম	সম্পর্কে	2
প্রব্লেম	সম্পর্কে	হেল্প	2
সম্পর্কে	হেল্প	পেতে	2
হেল্প	পেতে	পারবেন	2
হম	ব্রো	ভালো	2
ব্রো	ভালো	লাগবে	2
ভাই	লল	যে	2
লল	যে	এই	2
যে	এই	ভুত	2
এই	ভুত	এফএম	2
ভুত	এফএম	শোনবে	2
এফএম	শোনবে	তার	2
শোনবে	তার	টাকা	2
তার	টাকা	ডেইলি	2
টাকা	ডেইলি	অনলাইন	2
ডেইলি	অনলাইন	রেডিও	2
অনলাইন	রেডিও	ও	2
রেডিও	ও	তা	2
ও	তা	গুগল	2
তা	গুগল	সার্চ	2
গুগল	সার্চ	দিলে	2
সার্চ	দিলে	পাওয়া	2
দিলে	পাওয়া	যায়	2
পাওয়া	যায়	ভাই	2
যায়	ভাই	ব্যালান্স	2
ভাই	ব্যালান্স	চেইক	2
ব্যালান্স	চেইক	পোস্ট	2
এর	আগের	অথর	2
আগের	অথর	হারিয়েছিলাম	2
অথর	হারিয়েছিলাম	আপনার	2
হারিয়েছিলাম	আপনার	মনে	2
মনে	হয়	আবার	2
হয়	আবার	ভুল	2
আবার	ভুল	কাজ	2
ভুল	কাজ	করবো	2
কোথায়	বিকাশ	নাম্বার	2
বিকাশ	নাম্বার	এর	2
নাম্বার	এর	অপশন	2
ব্রো	ইসি	নেট	2
ইসি	নেট	এর	2
নেট	এর	মত	2
এর	মত	কোনো	2
মত	কোনো	সার্ভার	2
কোনো	সার্ভার	বের	2
সার্ভার	বের	হবার	2
বের	হবার	সম্ভবনা	2
হবার	সম্ভবনা	আছে	2
সম্ভবনা	আছে	কি	2
ব্রো	আমি	ইউসার	2
আমি	ইউসার	নই	2
ওয়াও	থ্যাংকস	ফর	2
অথর	হইসেন	ভালো	2
হইসেন	ভালো	যে	2
ভালো	যে	এই	2
পোস্ট	করসে	তারে	2
করসে	তারে	ক্রেডিট	2
তারে	ক্রেডিট	দেয়া	2
উচিত	ছিল	যাইহোক	2
ছিল	যাইহোক	কপি	2
যাইহোক	কপি	পোস্ট	2
কপি	পোস্ট	করবেন	2
ও	ভাই	বুঝতে	2
ভাই	বুঝতে	পারছে	2
বুঝতে	পারছে	ভাই	2
পারছে	ভাই	বলার	2
ভাই	বলার	দরকার	2
বলার	দরকার	নাই	2
দিয়ে	করে	নিন	2
করে	নিন	কোনো	2
নিন	কোনো	এপস	2
কোনো	এপস	দিয়ে	2
এপস	দিয়ে	রুট	2
দিয়ে	রুট	এপস	2
এপস	দিয়ে	জাস্ট	2
দিয়ে	জাস্ট	পর্যন্ত	2
জাস্ট	পর্যন্ত	হয়	2
পর্যন্ত	হয়	নট	2
হয়	নট	আপ	2
নট	আপ	টু	2
আজকে	কি	কেউ	2
কি	কেউ	এভাবে	2
কেউ	এভাবে	নিছো	2
এভাবে	নিছো	বলো	2
ব্রো	এপ	ফোল্ডার	2
এপ	ফোল্ডার	ডা	2
ফোল্ডার	ডা	কি	2
ডা	কি	খাকি	2
কি	খাকি	রাখমু	2
ভাই	আমি	তোমার	2
তোমার	সাথে	আছি	2
তে	ওটা	আগেই	2
ওটা	আগেই	বলা	2
আগেই	বলা	হয়ে	2
বলা	হয়ে	গেসে	2
আলহামদুলিল্লাহ	তোমাকে	আমি	2
তোমাকে	আমি	চিনতে	2
আমি	চিনতে	কথা	2
চিনতে	কথা	হইলো	2
কথা	হইলো	তোমাদের	2
হইলো	তোমাদের	বৈশিষ্ট	2
তোমাদের	বৈশিষ্ট	হলো	2
বৈশিষ্ট	হলো	তোমরা	2
হলো	তোমরা	অলওয়েজ	2
তোমরা	অলওয়েজ	থেকে	2
অলওয়েজ	থেকে	হাদীদ	2
থেকে	হাদীদ	আমল	2
হাদীদ	আমল	হাদিসের	2
আমল	হাদিসের	আমল	2
হাদিসের	আমল	এই	2
আমল	এই	তো	2
এই	তো	মুসলমানের	2
তো	মুসলমানের	কর্তব্য	2
মুসলমানের	কর্তব্য	এখন	2
কর্তব্য	এখন	আমার	2
এখন	আমার	কোয়েশ্চেন	2
আমার	কোয়েশ্চেন	হলো	2
কোয়েশ্চেন	হলো	তোমরা	2
হলো	তোমরা	তো	2
তোমরা	তো	তাহলে	2
তো	তাহলে	অবশ্যই	2
তাহলে	অবশ্যই	কুরআন	2
অবশ্যই	কুরআন	মানো	2
ডায়াল	করলে	হবে	2
তারা	পেআউট	এর	2
পেআউট	এর	সময়	2
এর	সময়	আমাকে	2
সময়	আমাকে	কন্টাক্ট	2
আমাকে	কন্টাক্ট	করলেই	2
কন্টাক্ট	করলেই	হবে	2
আপনার	দেখানো	২	2
দেখানো	২	টা	2
২	টা	এপস	2
টা	এপস	এ	2
এপস	এ	কি	2
এ	কি	ডাউনলোড	2
নাম্বার	কিভাবে	দিসিলেন	2
কিভাবে	দিসিলেন	০১৭	2
দিসিলেন	০১৭	এইভাবে	2
০১৭	এইভাবে	দিতে	2
এইভাবে	দিতে	হবে	2
তুমি	জানো	না	2
পেজিং	অ্যাড	করবো	2
অ্যাড	করবো	সাইট	2
করবো	সাইট	এর	2
এর	ভিডিও	ডাউনলোড	2
ভিডিও	ডাউনলোড	কিছুই	2
ডাউনলোড	কিছুই	নয়া	2
কিছুই	নয়া	ভিডিও	2
নয়া	ভিডিও	রিসেন্ট	2
ভিডিও	রিসেন্ট	আপডেট	2
রিসেন্ট	আপডেট	এর	2
জন্য	কোড	পেজিং	2
কোড	পেজিং	টা	2
পেজিং	টা	দেন	2
কিছু	স্ক্রিনশট	দিতেন	2
শালা	পাগলের	দল	2
পাগলের	দল	এটা	2
দল	এটা	ভুয়া	2
এটা	ভুয়া	আমাদের	2
ভুয়া	আমাদের	এই	2
আমাদের	এই	টুকু	2
এই	টুকু	সাধারণ	2
টুকু	সাধারণ	জ্ঞান	2
সাধারণ	জ্ঞান	নাই	2
জ্ঞান	নাই	এটা	2
নাই	এটা	কেমনে	2
এটা	কেমনে	সম্ভব	2
করেন	আমি	৩০০০	2
আমি	৩০০০	নেবার	2
৩০০০	নেবার	পর	2
নেবার	পর	এডসেন্স	2
পর	এডসেন্স	এপলাই	2
এডসেন্স	এপলাই	করলে	2
এপলাই	করলে	কি	2
কি	দিবে	ভাই	2
মাই	এয়ারটেল	দিয়ে	2
এয়ারটেল	দিয়ে	টাকায়	2
দিয়ে	টাকায়	৩	2
৩	জিবি	৩০	2
৩০	দিন	এটা	2
দিন	এটা	কি	2
কি	এখনো	দেয়	2
এই	ড্রোইড	ভিপিএন	2
ড্রোইড	ভিপিএন	যতদিন	2
ভিপিএন	যতদিন	অফ	2
যতদিন	অফ	হয়	2
হয়	নাই	এটা	2
নাই	এটা	নিয়ে	2
এটা	নিয়ে	এইসব	2
নিয়ে	এইসব	নির্লজ্জ	2
এইসব	নির্লজ্জ	অথর	2
নির্লজ্জ	অথর	পোস্ট	2
অথর	পোস্ট	করতেই	2
পোস্ট	করতেই	থাকবে	2
করতেই	থাকবে	ট্রিকবিডি	2
থাকবে	ট্রিকবিডি	এরাই	2
ট্রিকবিডি	এরাই	নষ্ট	2
এরাই	নষ্ট	করে	2
নষ্ট	করে	ফেলতেসে	2
করে	ফেলতেসে	অ্যাডমিন	2
ফেলতেসে	অ্যাডমিন	রা	2
অ্যাডমিন	রা	কিছু	2
রা	কিছু	দেখে	2
কিছু	দেখে	রিপোর্ট	2
দেখে	রিপোর্ট	অল	2
রাউটার	কনফিগারেশন	প্রব্লেম	2
কনফিগারেশন	প্রব্লেম	হওয়ার	2
প্রব্লেম	হওয়ার	তো	2
তো	কথা	নেটওয়ার্ক	2
কথা	নেটওয়ার্ক	কভারেজ	2
নেটওয়ার্ক	কভারেজ	তো	2
কভারেজ	তো	নেট	2
তো	নেট	তো	2
নেট	তো	চলতো	2
তো	চলতো	ই	2
চলতো	ই	না	2
আর	আপনার	সিস্টেমটা	2
আপনার	সিস্টেমটা	এখনো	2
সিস্টেমটা	এখনো	ট্রাই	2
মেয়াদ	কই	দিন	2
মতো	না	আপনি	2
না	আপনি	জানুন	2
আপনি	জানুন	বাস	2
জানুন	বাস	ভালো	2
বাস	ভালো	ওটা	2
ভালো	ওটা	আবার	2
ওটা	আবার	কমেন্ট	2
আবার	কমেন্ট	করে	2
কমেন্ট	করে	দাম	2
করে	দাম	বাড়াই	2
দাম	বাড়াই	দিছেন	2
বাড়াই	দিছেন	করে	2
পোস্ট	ব্রো	নষ্ট	2
ব্রো	নষ্ট	হবে	2
ফোন	রুট	ওয়াইফাই	2
রুট	ওয়াইফাই	হ্যাক	2
টাকা	দিয়ে	কিনবে	2
দিয়ে	কিনবে	এসব	2
কিনবে	এসব	ফালতু	2
এসব	ফালতু	পাওয়ার	2
ফালতু	পাওয়ার	ব্যাংক	2
পাওয়ার	ব্যাংক	কে	2
ব্যাংক	কে	এর	2
কে	এর	চেয়ে	2
চেয়ে	কিছু	টাকা	2
খরচ	করে	ব্র্যান্ড	2
করে	ব্র্যান্ড	এর	2
ব্র্যান্ড	এর	জিনিস	2
এর	জিনিস	নেয়া	2
জিনিস	নেয়া	নোট	2
নেয়া	নোট	এ	2
নোট	এ	গুড	2
আপনার	ইচ্ছা	মতো	2
ইচ্ছা	মতো	মেইল	2
মতো	মেইল	দিবেন	2
মেইল	দিবেন	জাস্ট	2
দিবেন	জাস্ট	অরিজিনাল	2
জাস্ট	অরিজিনাল	একাউন্ট	2
অরিজিনাল	একাউন্ট	বাদে	2
একাউন্ট	বাদে	আর	2
বাদে	আর	সব	2
আর	সব	একাউন্ট	2
সব	একাউন্ট	ভাইয়া	2
একাউন্ট	ভাইয়া	মেইল	2
ভাইয়া	মেইল	নেম	2
মেইল	নেম	এক্সাম্পল	2
মাস্তি	বাজ	গা	2
বাজ	গা	এর	2
গা	এর	লোগো	2
এর	লোগো	বানিয়ে	2
বানিয়ে	দিন	প্লিজ	2
কেউ	আমাকে	ট্রিকবিডি	2
আমাকে	ট্রিকবিডি	অথর	2
অথর	আইডি	সেল	2
আইডি	সেল	দেবেন	2
এখান	টাকা	পিসি	2
টাকা	পিসি	এর	2
এর	মতো	হ্যাকিং	2
মতো	হ্যাকিং	প্রাকটিস	2
হ্যাকিং	প্রাকটিস	করতে	2
প্রাকটিস	করতে	পারবো	2
ফেইসবুক	এনি	হেল্প	2
এনি	হেল্প	ত	2
হেল্প	ত	কন্টাক্ট	2
প্লিজ	আপনার	কাসে	2
আপনার	কাসে	আমার	2
কাসে	আমার	রিকোয়েস্ট	2
আমার	রিকোয়েস্ট	আপনি	2
রিকোয়েস্ট	আপনি	আমার	2
পোস্ট	গুলো	দেখবেন	2
গুলো	দেখবেন	এন্ড	2
দেখবেন	এন্ড	যদি	2
এন্ড	যদি	টপিক	2
যদি	টপিক	ভালো	2
টপিক	ভালো	দিতে	2
ভালো	দিতে	পেরেসি	2
দিতে	পেরেসি	তাহলে	2
পেরেসি	তাহলে	টিউনার	2
তাহলে	টিউনার	করেন	2
ইউসার	ভাই	৭	2
ভাই	৭	মাস	2
৭	মাস	আগে	2
আগে	রিক	দিসি	2
রিক	দিসি	এর	2
দিসি	এর	আমার	2
আমার	পোস্ট	খারাপ	2
পোস্ট	খারাপ	ও	2
খারাপ	ও	না	2
ও	না	বানান	2
না	বানান	প্লিজ	2
বেপক	বিনোদন	এর	2
বিনোদন	এর	মজা	2
এর	মজা	পেলাম	2
ইউসার	পোস্ট	টা	2
ডিলিট	করুন	আপনি	2
করুন	আপনি	পোস্ট	2
টা	কপি	করলেন	2
কপি	করলেন	কি	2
করলেন	কি	বললাম	2
কি	বললাম	না	2
বললাম	না	এপস	2
না	এপস	টা	2
এপস	টা	থেকে	2
টা	থেকে	চ্যানেল	2
থেকে	চ্যানেল	৯	2
চ্যানেল	৯	বাদ	2
৯	বাদ	দিসে	2
বাদ	দিসে	পোস্ট	2
দিসে	পোস্ট	টা	2
বিকাশ	এপ	লিংক	2
ভাই	এমন	হইলে	2
এমন	হইলে	তো	2
হইলে	তো	যে	2
তো	যে	কেউ	2
যে	কেউ	২	2
কেউ	২	দিনেই	2
২	দিনেই	বড়	2
দিনেই	বড়	লোকক্স	2
ভাইয়া	টাকা	উঠাবো	2
টাকা	উঠাবো	কিভাবে	2
কিভাবে	লেখবো	তাহলে	2
সেম	টু	ইউ	2
টু	ইউ	ব্রো	2
ইউ	ব্রো	একই	2
ব্রো	একই	অবস্থা	2
একই	অবস্থা	কেন	2
অবস্থা	কেন	হয়	2
কেন	হয়	না	2
হয়	না	প্লে	2
করতে	বলে	জিবি	2
বলে	জিবি	শুধু	2
জিবি	শুধু	শুধু	2
শুধু	শুধু	মার	2
শুধু	মার	দিলাম	2
মার	দিলাম	ইউসার	2
দিলাম	ইউসার	ব্রো	2
ইউসার	ব্রো	প্লিজ	2
ব্রো	স্কিটো	সিম	2
সিম	কি	ফ্লেক্সিলোড	2
কি	ফ্লেক্সিলোড	এ	2
ফ্লেক্সিলোড	এ	লোড	2
এ	লোড	দেয়া	2
লোড	দেয়া	যাবে	2
ভাই	ড্রাইভ	এ	2
আপলোড	এ	ক্লিক	2
ক্লিক	করতে	পারসি	2
পারসি	না	ক্যাপচা	2
না	ক্যাপচা	পূরণ	2
ক্যাপচা	পূরণ	করসি	2
পূরণ	করসি	বাট	2
করসি	বাট	আপলোড	2
বাট	আপলোড	ক্লিক	2
আপলোড	ক্লিক	করা	2
ক্লিক	করা	যাচ্ছে	2
যাচ্ছে	না	হেল্প	2
ফার্স্ট	পোস্ট	করলাম	2
পোস্ট	করলাম	পাবলিশড	2
করলাম	পাবলিশড	হয়নি	2
একটা	সাইট	ডিসাইন	2
সাইট	ডিসাইন	করে	2
ডিসাইন	করে	দিতে	2
পারবেন	আমি	নিউ	2
আমি	নিউ	সাইট	2
নিউ	সাইট	খুলতে	2
সাইট	খুলতে	চাচ্ছি	2
থ্যাংক্স	ব্রো	আর	2
ব্রো	আর	আমি	2
আর	আমি	আজকে	2
আমি	আজকে	ট্রিকবিডি	2
আজকে	ট্রিকবিডি	তে	2
তে	নিউ	আইডি	2
নিউ	আইডি	পেলাম	2
আইডি	পেলাম	তাও	2
পেলাম	তাও	আবার	2
তাও	আবার	৩	2
আবার	৩	ইয়ার	2
৩	ইয়ার	ওয়েট	2
ইয়ার	ওয়েট	করার	2
ওয়েট	করার	পর	2
লেখা	গুলা	কপি	2
গুলা	কপি	কইরা	2
কপি	কইরা	সেভ	2
কইরা	সেভ	করে	2
সেভ	করে	রাখেন	2
আপনার	ড্রইড	ভিপিএন	2
ড্রইড	ভিপিএন	ভার্সন	2
ভিপিএন	ভার্সন	কত	2
ভার্সন	কত	এন্ড	2
কত	এন্ড	সেটিং	2
এন্ড	সেটিং	টা	2
এমবি	দেখে	কিভাবে	2
হুম	হইসে	ডাউনলোড	2
হইসে	ডাউনলোড	এখন	2
ডাউনলোড	এখন	চললেই	2
এখন	চললেই	হইবো	2
নাইস	পোস্ট	এরকম	2
এরকম	পোস্ট	খুজতে	2
পোস্ট	খুজতে	ছিলাম	2
১০০০০০০০০০০০০	তে	১২০০	2
তে	১২০০	ইউএসডি	2
এমবি	দেখেন	চলে	2
দেখেন	চলে	গেছে	2
চলে	গেছে	তবে	2
গেছে	তবে	আমার	2
তবে	আমার	কিছু	2
আমার	কিছু	বোনাস	2
কিছু	বোনাস	এমবি	2
বোনাস	এমবি	থেকে	2
এমবি	থেকে	গেছে	2
থেকে	গেছে	৩টা	2
গেছে	৩টা	সিম	2
৩টা	সিম	মিলে	2
সিম	মিলে	৯৪	2
মিলে	৯৪	জিবি	2
৯৪	জিবি	এইগুলা	2
জিবি	এইগুলা	আর	2
এইগুলা	আর	কাটবে	2
আর	কাটবে	না	2
যখন	ব্রেকাপ	নিবেন	2
ব্রেকাপ	নিবেন	তখন	2
নিবেন	তখন	যে	2
তখন	যে	ইন্টারনাল	2
যে	ইন্টারনাল	মেমরি	2
ইন্টারনাল	মেমরি	দেখায়	2
মেমরি	দেখায়	সেখানে	2
দেখায়	সেখানে	ক্লিক	2
সেখানে	ক্লিক	করুন	2
ক্লিক	করুন	তাহলে	2
করুন	তাহলে	এসডি	2
তাহলে	এসডি	কার্ড	2
এসডি	কার্ড	ও	2
কার্ড	ও	দেখাবে	2
টাইটেল	টা	ভালো	2
ভাবে	দেখেন	অবস্থা	2
প্লাগইন	ইনস্টল	ফেলড	2
ইনস্টল	ফেলড	অনেকবার	2
ফেলড	অনেকবার	ট্রাই	2
অনেকবার	ট্রাই	করেসি	2
ট্রাই	করেসি	বাট	2
করেসি	বাট	ফেলড	2
বাট	ফেলড	হয়ে	2
ফেলড	হয়ে	যায়	2
৪০	টাকা	লাভ	2
টা	কি	আমার	2
আমার	এমবি	থেকে	2
এমবি	থেকে	কাটবে	2
থেকে	কাটবে	না	2
কাটবে	না	টাকা	2
তো	মেমরি	পার্মানেন্টলি	2
মেমরি	পার্মানেন্টলি	ফরমেট	2
পার্মানেন্টলি	ফরমেট	দিমু	2
ফরমেট	দিমু	কেমনে	2
ব্রো	কি	ফোন	2
ফোন	দিয়ে	ট্রাই	2
দিয়ে	ট্রাই	করছো	2
ব্রো	প্লিজ	শেয়ার	2
ট্রিকবিডি	তে	ওল্ড	2
তে	ওল্ড	টিউনার	2
ওল্ড	টিউনার	ক্যানসেল	2
টিউনার	ক্যানসেল	করে	2
ক্যানসেল	করে	নিউ	2
করে	নিউ	কিছু	2
নিউ	কিছু	টিউনার	2
কিছু	টিউনার	করা	2
করা	হোক	কারণ	2
হোক	কারণ	ওল্ড	2
কারণ	ওল্ড	গুলো	2
ওল্ড	গুলো	এপ	2
গুলো	এপ	ছাড়া	2
এপ	ছাড়া	আর	2
কিছু	পোস্ট	করে	2
তে	ভিসিট	করতেই	2
ভিসিট	করতেই	ইচ্ছে	2
করতেই	ইচ্ছে	করে	2
অ্যাডমিন	দিয়ে	ডাউনলোড	2
দিয়ে	ডাউনলোড	দাও	2
ডাউনলোড	দাও	অবশ্যই	2
দাও	অবশ্যই	স্পিড	2
অবশ্যই	স্পিড	পাবে	2
আর	কতবার	করা	2
কতবার	করা	হবে	2
ইসেট	নড	৩২	2
নড	৩২	আর	2
৩২	আর	স্মার্ট	2
আর	স্মার্ট	সিকিউরিটি	2
স্মার্ট	সিকিউরিটি	৯	2
সিকিউরিটি	৯	এর	2
৯	এর	মধ্যে	2
এর	মধ্যে	তোফায়	2
মধ্যে	তোফায়	টা	2
তোফায়	টা	কি	2
টা	কি	বলেন	2
কীবোর্ড	এর	মধ্যে	2
এর	মধ্যে	ইমোজি	2
মধ্যে	ইমোজি	আনতে	2
ইমোজি	আনতে	পারেন	2
ভাইয়া	সাইনাপ	করবেন	2
সাইনাপ	করবেন	এমনি	2
করবেন	এমনি	একটা	2
জিমেইল	দিয়ে	সেটা	2
দিয়ে	সেটা	দিয়েই	2
সেটা	দিয়েই	ওয়েব	2
দিয়েই	ওয়েব	থেকে	2
ওয়েব	থেকে	কন্ট্রোল	2
থেকে	কন্ট্রোল	করবেন	2
ডিসকভারি	এফটিপি	বেস্ট	2
ভাই	মোবাইল	ভার্সন	2
মোবাইল	ভার্সন	দিলে	2
ভার্সন	দিলে	কি	2
কি	হবে	আরো	2
হবে	আরো	কিছু	2
করতে	হবে	বোঝলাম	2
হবে	বোঝলাম	না	2
বোঝলাম	না	প্লিজ	2
ইউসার	ভাই	মিলায়ে	2
ভাই	মিলায়ে	আমি	2
মিলায়ে	আমি	১৮	2
আমি	১৮	টা	2
টা	পোস্ট	দিসি	2
পোস্ট	দিসি	তার	2
দিসি	তার	মধ্যে	2
তার	মধ্যে	৫	2
মধ্যে	৫	টা	2
৫	টা	স্ক্রিনশর্ট	2
টা	স্ক্রিনশর্ট	দিয়ে	2
স্ক্রিনশর্ট	দিয়ে	দেওয়া	2
দিয়ে	দেওয়া	ভাই	2
দেওয়া	ভাই	আমার	2
গুলো	দেখেন	আমাকে	2
দেখেন	আমাকে	টিউনার	2
টিউনার	বানান	ভাইয়া	2
বানান	ভাইয়া	আমাকে	2
আপনাদের	সাথেই	তো	2
সাথেই	তো	ছিলাম	2
ইটস	ওয়ার্কিং	ব্রো	2
ভাই	অনেক	ভিপিএন	2
অনেক	ভিপিএন	আছে	2
ভিপিএন	আছে	এমন	2
আছে	এমন	ওইগুলা	2
এমন	ওইগুলা	কাজ	2
এইটা	অনেক	খুঁজে	2
অনেক	খুঁজে	বের	2
খুঁজে	বের	করছি	2
বের	করছি	কাইন্ডলি	2
করছি	কাইন্ডলি	এই	2
কাইন্ডলি	এই	লিংক	2
করে	ইউস	করেন	2
ইউস	করেন	কাজ	2
ভাই	রেডমি	এস২	2
রেডমি	এস২	তে	2
এস২	তে	হবে	2
তে	হবে	থিম	2
হবে	থিম	ডাউনলোড	2
থিম	ডাউনলোড	হইসে	2
ডাউনলোড	হইসে	বাট	2
হইসে	বাট	ওপেন	2
বাট	ওপেন	হচ্ছে	2
হচ্ছে	না	জানাবেন	2
না	জানাবেন	একটু	2
পারবেন	তার	জন্য	2
জন্য	আলাদা	কোড	2
ভাই	এইচডি	মুভি	2
এইচডি	মুভি	ট্রাস্ট	2
মুভি	ট্রাস্ট	না	2
ট্রাস্ট	না	হলে	2
না	হলে	আমাদের	2
হলে	আমাদের	গ্রুপ	2
আমাদের	গ্রুপ	অর	2
গ্রুপ	অর	পেজ	2
অর	পেজ	থেকে	2
পেজ	থেকে	ঘুরে	2
ঘুরে	আসুন	কাটিং	2
আসুন	কাটিং	ফাইল	2
কাটিং	ফাইল	আপলোড	2
ফাইল	আপলোড	করা	2
আপলোড	করা	আছে	2
করা	আছে	এসশট	2
আছে	এসশট	দেখে	2
এসশট	দেখে	ভাই	2
দেখে	ভাই	বুঝেন	2
ভাই	বুঝেন	গ্রুপ	2
বুঝেন	গ্রুপ	ফলো	2
গ্রুপ	ফলো	প্ৰব	2
ফলো	প্ৰব	এর	2
প্ৰব	এর	সমাধান	2
এর	সমাধান	পাবেন	2
পোখসো	মানে	বসন্ত	2
মানে	বসন্ত	ঠিক	2
বসন্ত	ঠিক	হবে	2
ওহ	আমি	দেখি	2
আমি	দেখি	নাই	2
দেখি	নাই	তাই	2
নাই	তাই	দিসিলাম	2
একাউন্ট	এর	তো	2
এর	তো	কোনো	2
তো	কোনো	পাসওয়ার্ড	2
কোনো	পাসওয়ার্ড	নেই	2
পাসওয়ার্ড	নেই	লগইন	2
নেই	লগইন	করার	2
করার	সময়	ও	2
সময়	ও	ওটিপি	2
ও	ওটিপি	দিয়ে	2
ওটিপি	দিয়ে	লগইন	2
পেমেন্ট	দেয়	এগুলা	2
ইনকাম	করতে	১০০	2
করতে	১০০	টাকার	2
১০০	টাকার	পরিশ্রম	2
টাকার	পরিশ্রম	করতে	2
পরিশ্রম	করতে	হবে	2
করতে	হবে	মানুষ	2
হবে	মানুষ	এখনো	2
মানুষ	এখনো	এতো	2
এখনো	এতো	বোকা	2
এতো	বোকা	আছে	2
নাইস	পোস্ট	বিডিটুইস্ট	2
পোস্ট	বিডিটুইস্ট	কম	2
এ	এখন	১০০০	2
এখন	১০০০	ভিউ	2
১০০০	ভিউ	এ	2
ভাই	কারা	কারা	2
কারা	কারা	আমাকে	2
কারা	আমাকে	ফলো	2
আমাকে	ফলো	করসে	2
ফলো	করসে	তা	2
করসে	তা	লুকাবো	2
তা	লুকাবো	কিভাবে	2
অপেরা	আনলক	করবো	2
টেক্সট	এ	সাইন	2
সাইন	আপ	হচ্ছে	2
আপ	হচ্ছে	না	2
হচ্ছে	না	রোবট	2
না	রোবট	কানেক্টেড	2
রোবট	কানেক্টেড	করার	2
কানেক্টেড	করার	পর	2
ও	কি	করবো	2
এসব	অথর	এর	2
অথর	এর	লজ্জা	2
এর	লজ্জা	বলে	2
লজ্জা	বলে	কোনো	2
বলে	কোনো	কথা	2
কোনো	কথা	নাই	2
কথা	নাই	গালি	2
নাই	গালি	খাওয়ার	2
গালি	খাওয়ার	কাজ	2
খাওয়ার	কাজ	করলে	2
কাজ	করলে	পাবলিক	2
করলে	পাবলিক	এর	2
পাবলিক	এর	দোষ	2
এর	দোষ	কি	2
ব্রো	আপলোড	কি	2
আপলোড	কি	আপনি	2
কি	আপনি	দিছেন	2
আপনি	দিছেন	নাকি	2
দিছেন	নাকি	অন্য	2
নাকি	অন্য	কেউ	2
আপনার	মতো	থার্ড	2
মতো	থার্ড	ক্লাস	2
থার্ড	ক্লাস	মার্কা	2
ক্লাস	মার্কা	লোকগুলা	2
মার্কা	লোকগুলা	এমন	2
লোকগুলা	এমন	ই	2
এমন	ই	বলবে	2
ই	বলবে	কিসু	2
বলবে	কিসু	না	2
কিসু	না	জেনে	2
না	জেনে	আমার	2
জেনে	আমার	সব	2
আমার	সব	প্রুফ	2
সব	প্রুফ	করেন	2
প্রুফ	করেন	যদি	2
না	পারেন	তারপর	2
পারেন	তারপর	আপনার	2
তারপর	আপনার	খবর	2
আপনার	খবর	ঐটা	2
খবর	ঐটা	শপ	2
ঐটা	শপ	ভাউচার	2
শপ	ভাউচার	হলেও	2
ভাউচার	হলেও	অল	2
হলেও	অল	জায়গায়	2
অল	জায়গায়	কাজ	2
কাজ	হবে	ট্রাই	2
হবে	ট্রাই	না	2
করে	কমেন্ট	করতে	2
কমেন্ট	করতে	আসেন	2
করতে	আসেন	কেন	2
নিউ	নাম্বার	সাইট	2
নাম্বার	সাইট	খুলসি	2
সাইট	খুলসি	বাট	2
খুলসি	বাট	পাইনাই	2
কি	হয়	হইলে	2
হয়	হইলে	থ্যাংক্স	2
হবে	ভাই	ট্রেনার	2
ভাই	ট্রেনার	হওয়ার	2
ট্রেনার	হওয়ার	সময়	2
হওয়ার	সময়	একটু	2
সময়	একটু	কষ্ট	2
কষ্ট	করতে	হয়	2
হয়	তারপর	পোস্ট	2
তারপর	পোস্ট	করার	2
সাথে	সাথে	পাবলিশড	2
সাথে	পাবলিশড	হবে	2
পাবলিশড	হবে	পোস্ট	2
পোস্ট	এ	ট্যাগ	2
এ	ট্যাগ	ইউস	2
ট্যাগ	ইউস	করবেন	2
ইউস	করবেন	ট্যাগ	2
করবেন	ট্যাগ	না	2
ট্যাগ	না	করলে	2
করলে	আপনার	পোস্ট	2
আপনার	পোস্ট	খুঁজে	2
পোস্ট	খুঁজে	পেতে	2
খুঁজে	পেতে	কষ্ট	2
পেতে	কষ্ট	হবে	2
এখন	প্রায়	৩৫	2
প্রায়	৩৫	লাখের	2
৩৫	লাখের	উপরে	2
লাখের	উপরে	অ্যানড্রয়েড	2
উপরে	অ্যানড্রয়েড	এপ্লিকেশন	2
অ্যানড্রয়েড	এপ্লিকেশন	রয়েছে	2
এপ্লিকেশন	রয়েছে	গুগল	2
রয়েছে	গুগল	প্লে	2
প্লে	স্টোরে	তো	2
স্টোরে	তো	এই	2
তো	এই	সফটওয়্যার	2
এই	সফটওয়্যার	গুলো	2
সফটওয়্যার	গুলো	কি	2
গুলো	কি	হ্যা	2
কি	হ্যা	কম্পিউটার	2
হ্যা	কম্পিউটার	এর	2
কম্পিউটার	এর	সফটওয়্যার	2
এর	সফটওয়্যার	মোবাইল	2
সফটওয়্যার	মোবাইল	এ	2
মোবাইল	এ	কইরেন	2
এ	কইরেন	তে	2
কইরেন	তে	যেই	2
তে	যেই	হাই	2
যেই	হাই	গ্রাফিক্স	2
হাই	গ্রাফিক্স	গেম	2
গ্রাফিক্স	গেম	আছে	2
গেম	আছে	একেকটা	2
আছে	একেকটা	এ	2
একেকটা	এ	আপনি	2
এ	আপনি	২৫জিবি	2
আপনি	২৫জিবি	এর	2
২৫জিবি	এর	গেম	2
এর	গেম	খেলবেন	2
আমি	তো	ঠিকই	2
তো	ঠিকই	পাইতাসি	2
বিডি	কনটেন্ট	খারাপ	2
থ্যাংক্স	ভাই	শেষের	2
ভাই	শেষের	লাইন	2
শেষের	লাইন	গুলা	2
লাইন	গুলা	খেয়াল	2
গুলা	খেয়াল	ছিলোনা	2
ক্লিয়ার	না	পিসি	2
না	পিসি	এর	2
সাথে	কি	ডাটা	2
কি	ডাটা	ক্যাবলড	2
ডাটা	ক্যাবলড	দিয়ে	2
ক্যাবলড	দিয়ে	কানেক্ট	2
করতে	হবে	তাই	2
হবে	তাই	যদি	2
তাই	যদি	হয়	2
যদি	হয়	ক্যাবল	2
হয়	ক্যাবল	কানেক্ট	2
ক্যাবল	কানেক্ট	ছাড়া	2
কানেক্ট	ছাড়া	টিমভীওয়ার	2
ছাড়া	টিমভীওয়ার	এর	2
টিমভীওয়ার	এর	মতো	2
মতো	কোনো	উপায়	2
ভিপিএন	ব্যবহার	করসি	2
ব্যবহার	করসি	তাই	2
করসি	তাই	বন্ধ	2
তাই	বন্ধ	করে	2
দিসে	এখন	ঠিক	2
এখন	ঠিক	হয়	2
ভাই	স্পেয়ারড্রাম	এসসি৭৭৩১	2
স্পেয়ারড্রাম	এসসি৭৭৩১	চিপসেট	2
এসসি৭৭৩১	চিপসেট	হাউ	2
চিপসেট	হাউ	টু	2
হাউ	টু	ক্রিয়েটেড	2
টু	ক্রিয়েটেড	কাস্টম	2
ক্রিয়েটেড	কাস্টম	একটা	2
কাস্টম	একটা	পোস্ট	2
পোস্ট	প্লিজ	এই	2
প্লিজ	এই	সাবজেক্ট	2
এই	সাবজেক্ট	এ	2
সাবজেক্ট	এ	ডিটেলস	2
এ	ডিটেলস	কোনো	2
ডিটেলস	কোনো	পোস্ট	2
কোনো	পোস্ট	একটা	2
পোস্ট	একটা	পোস্ট	2
ভাই	পুরাটাই	ঠিক	2
পুরাটাই	ঠিক	আছে	2
আছে	আমি	ট্রাই	2
ট্রাই	করছি	আমার	2
করছি	আমার	টাও	2
আমার	টাও	হইছে	2
ভাই	হচ্ছেনা	আপনি	2
হচ্ছেনা	আপনি	প্লিজ	2
আপনি	প্লিজ	যেভাবে	2
প্লিজ	যেভাবে	করসেন	2
যেভাবে	করসেন	সেটা	2
করসেন	সেটা	আপলোড	2
সেটা	আপলোড	দিয়ে	2
আপলোড	দিয়ে	দিন	2
দিয়ে	দিন	ক্রেডিট	2
দিন	ক্রেডিট	ছাড়া	2
ক্রেডিট	ছাড়া	প্লিজ	2
আসল	কথা	টাকা	2
কথা	টাকা	এর	2
জন্য	পোস্ট	করিনা	2
ডিসিএমআই	ভাবলাম	অন্য	2
ভাবলাম	অন্য	কিসু	2
অন্য	কিসু	ফাঙ্কশন	2
কিসু	ফাঙ্কশন	কিন্তু	2
ফাঙ্কশন	কিন্তু	দেখি	2
কিন্তু	দেখি	এইটা	2
দেখি	এইটা	ফোল্ডার	2
এইটা	ফোল্ডার	নিয়ে	2
ফোল্ডার	নিয়ে	লেখসেন	2
দেন	ইন্টারনেটড	নেক্সট	2
ইন্টারনেটড	নেক্সট	পার্ট	2
নেক্সট	পার্ট	দেন	2
পার্ট	দেন	যত	2
দেন	যত	তাড়াতাড়ি	2
যত	তাড়াতাড়ি	পসিবল	2
তাড়াতাড়ি	পসিবল	গুড	2
পসিবল	গুড	লাক	2
জিটিএ	৫	নামানো	2
৫	নামানো	যাবে	2
আপনার	ডোমেইন	তো	2
ডোমেইন	তো	এখনো	2
তো	এখনো	কিনা	2
এখনো	কিনা	হয়	2
কিনা	হয়	নাই	2
এখন	যদি	কেউ	2
যদি	কেউ	কিনে	2
কেউ	কিনে	নেই	2
কিনে	নেই	তাহলে	2
এটা	আমি	জানি	2
জানি	বাট	স্পিড	2
ব্রো	আমি	ব্যাকআপ	2
আমি	ব্যাকআপ	রেখে	2
ব্যাকআপ	রেখে	নিয়ে	2
রেখে	নিয়ে	আমার	2
নিয়ে	আমার	মোবাইল	2
আমার	মোবাইল	ব্রেক	2
মোবাইল	ব্রেক	মারসে	2
ব্রেক	মারসে	এখন	2
আমি	এমনি	বললাম	2
লিংক	দিছেন	ভুয়া	2
আজ	একটা	সাইট	2
একটা	সাইট	স্ক্যাম	2
সাইট	স্ক্যাম	করসে	2
স্ক্যাম	করসে	আমার	2
করসে	আমার	৫০০০০	2
আমার	৫০০০০	সাতোশি	2
৫০০০০	সাতোশি	লস	2
সাতোশি	লস	হইয়া	2
লস	হইয়া	গেলো	2
হইয়া	গেলো	বাট	2
গেলো	বাট	অন্য	2
বাট	অন্য	একটা	2
সাইট	এ	১০০০	2
এ	১০০০	টাকা	2
১০০০	টাকা	ইনভেস্ট	2
টাকা	ইনভেস্ট	করসি	2
ইনভেস্ট	করসি	এটা	2
করসি	এটা	স্ক্যাম	2
এটা	স্ক্যাম	করলে	2
স্ক্যাম	করলে	বাঁশ	2
করলে	বাঁশ	খাবো	2
ভাই	সার্ভার	ফেইসবুক	2
সার্ভার	ফেইসবুক	এটা	2
ফেইসবুক	এটা	আছে	2
এটা	আছে	না	2
আছে	না	কেন	2
না	কেন	গুগল	2
কেন	গুগল	ক্রোমে	2
গুগল	ক্রোমে	আসে	2
এফবি	একাউন্ট	লক	2
একাউন্ট	লক	ভেরিফাই	2
লক	ভেরিফাই	দিসি	2
ভেরিফাই	দিসি	এখন	2
ফোন	চেঞ্জ	করেন	2
চেঞ্জ	করেন	তারপর	2
করেন	তারপর	ইউস	2
তারপর	ইউস	কইরেন	2
এয়ারটেল	এ	মেয়াদ	2
কিছু	এসএস	দিলে	2
মিনি	দিয়ে	কিভাবে	2
দিয়ে	কিভাবে	ইউস	2
ইউস	করবো	হেল্প	2
ডাউনলোড	হইসে	থ্যাংকস	2
হইসে	থ্যাংকস	বাট	2
থ্যাংকস	বাট	প্রথম	2
বাট	প্রথম	বক্স	2
প্রথম	বক্স	এ	2
বক্স	এ	কে	2
এ	কে	লিখবো	2
আমি	এরকম	আপনার	2
এরকম	আপনার	কমেন্ট	2
আপনার	কমেন্ট	কালার	2
কমেন্ট	কালার	আর	2
কালার	আর	কথা	2
আর	কথা	বলসে	2
এপ	টাতো	অল	2
টাতো	অল	টাইম	2
অল	টাইম	ফোন	2
টাইম	ফোন	চালু	2
ফোন	চালু	থাকবে	2
চালু	থাকবে	আর	2
থাকবে	আর	ভাই	2
ফোনের	ভার্সন	কত	2
যেটা	দিছি	তা	2
দিছি	তা	অফলাইন	2
তা	অফলাইন	এ	2
খেলা	যায়	দেখুন	2
যায়	দেখুন	আমি	2
দেখুন	আমি	অফলাইন	2
আমি	অফলাইন	এই	2
অফলাইন	এই	খেলসি	2
পিএসপি	গেম	দিয়া	2
গেম	দিয়া	চালাইতে	2
দিয়া	চালাইতে	পারবেন	2
ইউস	করতে	পারতাসি	2
মোবাইল	এর	এপ	2
এর	এপ	টা	2
এপ	টা	তে	2
টা	তে	কি	2
তে	কি	হাইড	2
কি	হাইড	অপশন	2
অপশন	আছে	আলাদা	2
আছে	আলাদা	এপ	2
আলাদা	এপ	ইউস	2
এপ	ইউস	করতে	2
করতে	হবে	করার	2
হবে	করার	জন্য	2
এটাও	গুগল	সার্চ	2
গুগল	সার্চ	মেশিন	2
সার্চ	মেশিন	যেটা	2
মেশিন	যেটা	মেশিন	2
যেটা	মেশিন	সব	2
মেশিন	সব	ইমেজ	2
সব	ইমেজ	আপনার	2
ইমেজ	আপনার	সামনে	2
আপনার	সামনে	নিয়ে	2
সামনে	নিয়ে	হাজির	2
নিয়ে	হাজির	হবে	2
হাজির	হবে	থ্যাংক্স	2
হমমম	রুট	সেট	2
রুট	সেট	থাকলে	2
সেট	থাকলে	আনলিমিটেড	2
থাকলে	আনলিমিটেড	করা	2
আনলিমিটেড	করা	যায়	2
যায়	আমি	করি	2
ধন্যবাদ	সাথেই	থাকুন	2
ভাইয়া	কি	বুঝলান	2
কি	বুঝলান	নাহ	2
বুঝলান	নাহ	বলেন	2
জি	সিরিজ	এর	2
সিরিজ	এর	প্রসেসর	2
এর	প্রসেসর	মানে	2
প্রসেসর	মানে	বুঝেন	2
মানে	বুঝেন	এইগুলো	2
বুঝেন	এইগুলো	গেমিং	2
এইগুলো	গেমিং	প্রসেসর	2
গেমিং	প্রসেসর	গেমিং	2
প্রসেসর	গেমিং	প্রসেসর	2
গেমিং	প্রসেসর	ভালো	2
প্রসেসর	ভালো	হয়না	2
ব্রো	আপনার	ইমু	2
আপনার	ইমু	ফোন	2
ইমু	ফোন	নাম্বার	2
নাম্বার	কিভাবে	বানিয়েসেন	2
ব্রো	এগুলাকি	এপিকে	2
এগুলাকি	এপিকে	এডিটর	2
এডিটর	দিয়ে	সম্ভব	2
করসে	না	ট্রাই	2
না	ট্রাই	করলাম	2
ট্রাই	করলাম	অনেক	2
করলাম	অনেক	বার	2
ভাই	লেক্সিস	এডিটর	2
লেক্সিস	এডিটর	এর	2
এডিটর	এর	থাকা	2
এর	থাকা	অনেক	2
কেউ	কি	একটা	2
কি	একটা	আপেল	2
একটা	আপেল	আইডি	2
আপেল	আইডি	খুলে	2
আইডি	খুলে	দিতে	2
এগুলা	ব্রাউসার	করবো	2
ব্রাউসার	করবো	কিভাবে	2
ব্রাদার	এটা	দিয়ে	2
কি	ইউটিউব	প্লে	2
ইউটিউব	প্লে	স্টোরে	2
প্লে	স্টোরে	চলবে	2
এর	একবার	দেখে	2
একবার	দেখে	সেম	2
দেখে	সেম	ভাবে	2
সেম	ভাবে	কাজ	2
ভাবে	কাজ	করেন	2
কাজ	করেন	হবে	2
ভডি	এপস	টি	2
এপস	টি	তার	2
টি	তার	কেমনে	2
তার	কেমনে	আর্ন	2
কেমনে	আর্ন	করবো	2
আর্ন	করবো	হেল্প	2
করেন	ডাউনলোড	করতে	2
কষ্ট	করে	বানানোর	2
করে	বানানোর	থেকে	2
বানানোর	থেকে	আপনি	2
থেকে	আপনি	সরাসরি	2
আপনি	সরাসরি	এপস	2
সরাসরি	এপস	টার	2
এপস	টার	এই	2
টার	এই	ফাইল	2
ফাইল	টা	দিন	2
টা	দিন	তাইলেই	2
দিন	তাইলেই	তো	2
তাইলেই	তো	হয়	2
হয়	এপস	এ	2
এপস	এ	যার	2
এ	যার	যার	2
যার	যার	আধুনিট	2
যার	আধুনিট	আইডি	2
আধুনিট	আইডি	গুলা	2
আইডি	গুলা	বসাবে	2
পিসি	তে	টানেল	2
তে	টানেল	গুরু	2
টানেল	গুরু	দিয়ে	2
গুরু	দিয়ে	চলবে	2
ইউসার	ভাই	আপনিতো	2
ভাই	আপনিতো	টিউনার	2
আপনিতো	টিউনার	ছিলেন	2
ডোন্ট	নো	ইট	2
নো	ইট	থ্যাংকস	2
ইট	থ্যাংকস	ফর	2
থ্যাংকস	ফর	টেলিং	2
আমাকে	হ্যাক	করবে	2
হ্যাক	করবে	বলতে	2
করবে	বলতে	এটার	2
বলতে	এটার	মানে	2
মানে	কি	বুঝাইলেন	2
কি	বুঝাইলেন	যদি	2
বুঝাইলেন	যদি	কষ্ট	2
করে	একটু	বলতেন	2
ভাই	অনেক	ক্ষণ	2
অনেক	ক্ষণ	ট্রাই	2
ক্ষণ	ট্রাই	করলাম	2
করলাম	কিন্তু	কানেক্টেড	2
কিন্তু	কানেক্টেড	করতে	2
তার	মানে	আপনার	2
মানে	আপনার	সিম	2
সিম	এ	যে	2
এ	যে	অফার	2
যে	অফার	আসবে	2
অফার	আসবে	তাই	2
আসবে	তাই	পোস্ট	2
তাই	পোস্ট	করবেন	2
পোস্ট	করবেন	যেটা	2
করবেন	যেটা	সবাই	2
যেটা	সবাই	পাবে	2
সবাই	পাবে	ঐটাই	2
পাবে	ঐটাই	পোস্ট	2
ঐটাই	পোস্ট	করবেন	2
পোস্ট	করবেন	বাকি	2
করবেন	বাকি	আপনার	2
বাকি	আপনার	অফার	2
আপনার	অফার	এইখানে	2
অফার	এইখানে	শেয়ার	2
এইখানে	শেয়ার	করার	2
শেয়ার	করার	কি	2
এই	সব	পাগল	2
সব	পাগল	ছাগল	2
পাগল	ছাগল	দের	2
ছাগল	দের	সাবস্ক্রাইবার	2
দের	সাবস্ক্রাইবার	কে	2
সাবস্ক্রাইবার	কে	একটা	2
কে	একটা	কমেন্ট	2
একটা	কমেন্ট	এতো	2
কমেন্ট	এতো	বার	2
এতো	বার	করার	2
বার	করার	মানে	2
ওয়েট	আপনার	এফবি	2
এফবি	তে	এসএস	2
তে	এসএস	দিবো	2
কিছু	ক্লাস	স্টার্ট	2
ক্লাস	স্টার্ট	হইসে	2
স্টার্ট	হইসে	আমরা	2
হইসে	আমরা	করতেসি	2
আমি	শুধু	কুরআন	2
শুধু	কুরআন	এর	2
কুরআন	এর	কথা	2
কথা	বলেছি	চোখ	2
বলেছি	চোখ	এ	2
চোখ	এ	চশমা	2
এ	চশমা	পড়ুন	2
চশমা	পড়ুন	ভাষা	2
পড়ুন	ভাষা	ঠিক	2
ঠিক	করুন	ভাষা	2
করুন	ভাষা	এমন	2
ভাষা	এমন	জিনিশ	2
এমন	জিনিশ	যে	2
জিনিশ	যে	পরিবার	2
যে	পরিবার	এর	2
পরিবার	এর	রূপ	2
এর	রূপ	প্রকাশ	2
রূপ	প্রকাশ	করে	2
প্রকাশ	করে	দেয়	2
ট্রাই	করবো	দেওয়ার	2
করবো	দেওয়ার	জন্য	2
নোকিয়া	দিয়ে	সশট	2
দিয়ে	সশট	নিসি	2
সশট	নিসি	তো	2
নিসি	তো	তাই	2
হবে	যা	ইচ্ছা	2
ইচ্ছা	তাই	নেন	2
আমার	২	ইয়ার	2
২	ইয়ার	এ	2
ইয়ার	এ	কোনো	2
এ	কোনো	প্রব্লেম	2
কোনো	প্রব্লেম	আর	2
প্রব্লেম	আর	নেম	2
আর	নেম	গন্ধ	2
নেম	গন্ধ	নাই	2
অল	ট্রিকসবিডি	তোমার	2
কে	কে	স্প্রেডট্রাম	2
আপনার	চ্যানেল	লিংক	2
টা	দিন	আমি	2
দিন	আমি	শিকব	2
আমি	শিকব	আপনি	2
শিকব	আপনি	কিভাবে	2
আপনি	কিভাবে	ইউটিউব	2
কিভাবে	ইউটিউব	ভিডিও	2
ইউটিউব	ভিডিও	বানান	2
নাইস	হিসেবে	অন্য	2
হিসেবে	অন্য	পিক	2
অন্য	পিক	দিতে	2
পিক	দিতে	৬টা	2
দিতে	৬টা	পিক	2
৬টা	পিক	কিভাবে	2
পিক	কিভাবে	ইডিট	2
কিভাবে	ইডিট	করতে	2
ইডিট	করতে	হবে	2
কই	ভাই	হয়	2
ভাই	হয়	নাতো	2
হয়	নাতো	এমনি	2
নাতো	এমনি	সময়	2
এমনি	সময়	টুকু	2
সময়	টুকু	নষ্ট	2
টুকু	নষ্ট	করাইলেন	2
ইউসার	ভাই	খুব	2
খুব	সুন্দর	মানুষ	2
সুন্দর	মানুষ	আমাদের	2
মানুষ	আমাদের	অনেক	2
আমাদের	অনেক	নতুন	2
অনেক	নতুন	কিছু	2
নতুন	কিছু	আরো	2
কিছু	আরো	সুন্দর	2
আরো	সুন্দর	সুন্দর	2
পোস্ট	ভাই	আমাদের	2
ভাই	আমাদের	কিছু	2
আমাদের	কিছু	দিন	2
দিন	পরে	এসএসসি	2
পরে	এসএসসি	এক্সাম	2
এসএসসি	এক্সাম	প্লিজ	2
এক্সাম	প্লিজ	ভাই	2
প্লিজ	ভাই	আবার	2
ভাই	আবার	কিন্তু	2
আবার	কিন্তু	অল	2
কিন্তু	অল	সাবজেক্ট	2
অল	সাবজেক্ট	আর	2
সাবজেক্ট	আর	সাজেশন	2
আর	সাজেশন	দেওয়া	2
সাজেশন	দেওয়া	বোর্ড	2
দেওয়া	বোর্ড	আর	2
বোর্ড	আর	সাজেস্টেড	2
আর	সাজেস্টেড	অথর	2
সাজেস্টেড	অথর	ভাই	2
অথর	ভাই	কে	2
কে	আমার	পক্ষ	2
পক্ষ	থেকে	রিকোয়েস্ট	2
থেকে	রিকোয়েস্ট	প্লিজ	2
রিকোয়েস্ট	প্লিজ	ওই	2
প্লিজ	ওই	বিষয়	2
ওই	বিষয়	একটু	2
বিষয়	একটু	মনোযোগ	2
একটু	মনোযোগ	দিয়া	2
মনোযোগ	দিয়া	অনেক	2
দিয়া	অনেক	পোস্ট	2
অনেক	পোস্ট	করেন	2
করেন	ভাই	অনেক	2
অনেক	উপকৃত	ভুল	2
উপকৃত	ভুল	হলে	2
হলে	ক্ষমা	করে	2
আমার	ফোন	এএপিএন	2
ফোন	এএপিএন	টাইপ	2
এএপিএন	টাইপ	নাই	2
থ্যাংক	ব্রো	প্লিজ	2
জয়েন	আওয়ার	গ্রুপ	2
সেটা	সঠিক	বলতে	2
সঠিক	বলতে	পারিনা	2
বলতে	পারিনা	ব্রো	2
পারিনা	ব্রো	তবে	2
ব্রো	তবে	থাকবে	2
তবে	থাকবে	কিসুদিন	2
থাকবে	কিসুদিন	মেইবি	2
আপনাকে	আমি	ইউস	2
আমি	ইউস	করতেসি	2
নাইস	পোস্ট	লাক	2
ফ্রেন্ড	রিকোয়েস্ট	দিছি	2
রিকোয়েস্ট	দিছি	দেখেন	2
দিছি	দেখেন	আমার	2
আইডি	এর	নাম	2
এর	নাম	আইডি	2
নাম	আইডি	লিংক	2
এখন	ন্যাশনাল	আইডি	2
ন্যাশনাল	আইডি	সাবমিট	2
সাবমিট	করতে	বলে	2
করতে	বলে	এটা	2
বলে	এটা	আগে	2
ভাই	কোড	দিবো	2
কোড	দিবো	কি	2
ফুল	দেখায়	প্লিজ	2
গুড	রুলস	ফর	2
রুলস	ফর	কন্ট্রোল	2
ফর	কন্ট্রোল	ইটিসি	2
কন্ট্রোল	ইটিসি	চেষ্টা	2
ইটিসি	চেষ্টা	করবো	2
চেষ্টা	করবো	সাজেস্ট	2
করবো	সাজেস্ট	করবো	2
হ্যা	কপি	মাস্টার	2
আইফোনের	জন্যে	পায়	2
জন্যে	পায়	না	2
পায়	না	ভাই	2
এই	শালা	তোর	2
শালা	তোর	কি	2
তোর	কি	কোনো	2
কি	কোনো	কাম	2
কোনো	কাম	কাজ	2
কাজ	নাই	শালা	2
নাই	শালা	বাদাইমা	2
শালা	বাদাইমা	গোরের	2
বাদাইমা	গোরের	বাদাইমা	2
গোরের	বাদাইমা	এখানে	2
বাদাইমা	এখানে	স্পাম	2
এখানে	স্পাম	করতে	2
স্পাম	করতে	আসছে	2
টিউবমেট	ইউস	করেন	2
অ্যাডমিন	ডিলিট	করে	2
ডিলিট	করে	দিস	2
করে	দিস	আমার	2
দিস	আমার	চ্যানেল	2
আমার	চ্যানেল	জানবো	2
চ্যানেল	জানবো	ফাস্ট	2
জানবো	ফাস্ট	পার্ট	2
ফাস্ট	পার্ট	আসে	2
ভাই	পোস্ট	তো	2
পোস্ট	তো	মানসম্মতো	2
তো	মানসম্মতো	হয়	2
মানসম্মতো	হয়	নাই	2
হয়	নাই	তারপর	2
নাই	তারপর	ওপরে	2
তারপর	ওপরে	পোস্ট	2
ওপরে	পোস্ট	করে	2
পোস্ট	করে	কোনো	2
করে	কোনো	খবর	2
খবর	নাই	লল	2
ব্রো	কত	গুলা	2
কত	গুলা	রেফার	2
গুলা	রেফার	করা	2
রেফার	করা	লাগবো	2
এটা	কিছু	করলে	2
কিছু	করলে	আমার	2
করলে	আমার	কষ্টের	2
আমার	কষ্টের	মোডিফাইড	2
কষ্টের	মোডিফাইড	করা	2
মোডিফাইড	করা	জিনিস	2
করা	জিনিস	তুমি	2
জিনিস	তুমি	ফ্রি	2
তুমি	ফ্রি	তে	2
ফ্রি	তে	দিয়ে	2
তে	দিয়ে	তুমি	2
দিয়ে	তুমি	টাকা	2
তুমি	টাকা	দিয়ে	2
টাকা	দিয়ে	কিনছিলা	2
দিয়ে	কিনছিলা	তোমার	2
কিনছিলা	তোমার	উচিত	2
তোমার	উচিত	ছিল	2
উচিত	ছিল	ফ্রি	2
ছিল	ফ্রি	না	2
ফ্রি	না	শেয়ার	2
না	শেয়ার	করার	2
শেয়ার	করার	আমার	2
করার	আমার	টা	2
আমার	টা	পর্যন্ত	2
টা	পর্যন্ত	দিলে	2
পর্যন্ত	দিলে	না	2
দিলে	না	বাহ্	2
না	বাহ্	বাহ্	2
এইচটিএমএল	ক্যারেক্টার	এন্টিটিস	2
ক্যারেক্টার	এন্টিটিস	ইউস	2
এন্টিটিস	ইউস	করা	2
২৫০	এমবি	তো	2
এমবি	তো	পাইলাম	2
হুম	ড্রোইডভিপিএন	এখন	2
ড্রোইডভিপিএন	এখন	অফ	2
এখন	অফ	করে	2
করেন	মিয়া	কত	2
মিয়া	কত	খন	2
কত	খন	চেপে	2
খন	চেপে	ধরে	2
চেপে	ধরে	রাখলাম	2
ধরে	রাখলাম	কিছুই	2
রাখলাম	কিছুই	হইলো	2
ভাই	ট্রিকবিডি	কমেন্ট	2
ট্রিকবিডি	কমেন্ট	করার	2
কমেন্ট	করার	সুযোগ	2
করার	সুযোগ	দেওয়ার	2
সুযোগ	দেওয়ার	জন্য	2
দেওয়ার	জন্য	২০১৩	2
জন্য	২০১৩	থেকে	2
ব্রো	কোনো	একাউন্ট	2
কোনো	একাউন্ট	ওপেন	2
একাউন্ট	ওপেন	করলেই	2
ওপেন	করলেই	আওয়ার	2
করলেই	আওয়ার	পরে	2
আওয়ার	পরে	ব্যানড	2
পরে	ব্যানড	হয়ে	2
ব্যানড	হয়ে	যাচ্ছে	2
হয়ে	যাচ্ছে	এমন	2
যাচ্ছে	এমন	কি	2
এমন	কি	জাস্ট	2
কি	জাস্ট	একাউন্ট	2
জাস্ট	একাউন্ট	খুলে	2
একাউন্ট	খুলে	কিসু	2
খুলে	কিসু	না	2
কিসু	না	করেও	2
না	করেও	ব্যানড	2
করেও	ব্যানড	কি	2
ব্যানড	কি	করা	2
কনফিগ	তো	ক্রিয়েট	2
তো	ক্রিয়েট	হলো	2
ক্রিয়েট	হলো	বাট	2
হলো	বাট	কাজ	2
এ	লাইক	দিয়ে	2
লাইক	দিয়ে	রাখলাম	2
দিয়ে	রাখলাম	নক	2
রাখলাম	নক	দিলে	2
নক	দিলে	হেল্প	2
দিলে	হেল্প	কইরেন	2
ভালো	হইসে	সব	2
হইসে	সব	পার্ট	2
সব	পার্ট	দিবেন	2
পার্ট	দিবেন	ব্রো	2
আমার	কুলপ্যাড	ডাজেন	2
কুলপ্যাড	ডাজেন	১	2
ডাজেন	১	এ	2
১	এ	চলছে	2
আর	ইউসার	ভাইয়া	2
ইউসার	ভাইয়া	আপনার	2
ভাইয়া	আপনার	কাসে	2
আপনার	কাসে	কি	2
কাসে	কি	ইউটিউব	2
কি	ইউটিউব	ভিডিও	2
ভিডিও	ডাউনলোডার	স্ক্রিপ্ট	2
স্ক্রিপ্ট	টা	হবে	2
আমার	নোকিয়া	২৬৯০	2
নোকিয়া	২৬৯০	জাভা	2
২৬৯০	জাভা	মোবাইল	2
জাভা	মোবাইল	আমি	2
মোবাইল	আমি	কিভাবে	2
আমি	কিভাবে	টুইটার	2
কিভাবে	টুইটার	এর	2
টুইটার	এর	প্রোফাইলে	2
এর	প্রোফাইলে	পিকচার	2
প্রোফাইলে	পিকচার	চেঞ্জ	2
পিকচার	চেঞ্জ	করবো	2
এপ	ক্লোনার	দিয়া	2
ক্লোনার	দিয়া	জীবনেও	2
দিয়া	জীবনেও	হবে	2
জীবনেও	হবে	না	2
হবে	না	তাই	2
না	তাই	ফাজলামো	2
তাই	ফাজলামো	করে	2
ফাজলামো	করে	লাভ	2
অনেককন	ট্রাই	করলাম	2
করলাম	বাট	১০১টাকার	2
বাট	১০১টাকার	কোনো	2
১০১টাকার	কোনো	অপশন	2
কোনো	অপশন	আসে	2
আমি	আপনাদের	কথা	2
আপনাদের	কথা	বলসি	2
কথা	বলসি	শুধু	2
বলসি	শুধু	কষ্ট	2
শুধু	কষ্ট	করে	2
কষ্ট	করে	যাবে	2
করে	যাবে	কিন্তু	2
যাবে	কিন্তু	টাকা	2
কিন্তু	টাকা	যাবেনা	2
থ্যাংকস	ফর	আন্ডারস্ট্যান্ডিং	2
ফর	আন্ডারস্ট্যান্ডিং	প্রচারে	2
আন্ডারস্ট্যান্ডিং	প্রচারে	আসুন্নাহট্রাস্ট	2
প্রচারে	আসুন্নাহট্রাস্ট	গুগল	2
আসুন্নাহট্রাস্ট	গুগল	এ	2
দেখতে	পারেন	উপকৃত	2
পারেন	উপকৃত	হবেন	2
উপকৃত	হবেন	ইনশাল্লাহ	2
ভাই	আমি	ডব্লিউ৬৮কিউ	2
আমি	ডব্লিউ৬৮কিউ	রুট	2
ডব্লিউ৬৮কিউ	রুট	করসি	2
রুট	করসি	আর	2
করসি	আর	কাষ্টম	2
আর	কাষ্টম	রোম	2
কাষ্টম	রোম	মিস্টিক	2
রোম	মিস্টিক	ওএস	2
মিস্টিক	ওএস	উইজ	2
ওএস	উইজ	অনেক	2
উইজ	অনেক	দিন	2
হলো	বাট	আর	2
বাট	আর	কোনো	2
কোনো	ভালো	কাষ্টম	2
ভালো	কাষ্টম	রোম	2
কাষ্টম	রোম	পাইতাসি	2
রোম	পাইতাসি	নাহ	2
পাইতাসি	নাহ	পাইলেও	2
নাহ	পাইলেও	ডাউনলোড	2
পাইলেও	ডাউনলোড	এ	2
ডাউনলোড	এ	৪০৪	2
এ	৪০৪	নট	2
ফাউন্ড	দেখায়	প্লিজ	2
দেখায়	প্লিজ	ভাই	2
প্লিজ	ভাই	ডব্লিউ৬৮কিউ	2
ভাই	ডব্লিউ৬৮কিউ	আর	2
ডব্লিউ৬৮কিউ	আর	ভালো	2
আর	ভালো	একটা	2
ভালো	একটা	কাষ্টম	2
একটা	কাষ্টম	রোম	2
কাষ্টম	রোম	আর	2
রোম	আর	সংবাদ	2
আর	সংবাদ	দেন	2
সংবাদ	দেন	প্লিজ	2
পাসপোর্ট	দিয়ে	ভেরিফায়েড	2
দিয়ে	ভেরিফায়েড	করতে	2
ভেরিফায়েড	করতে	হয়	2
পুটকি	মারানীর	পোস্ট	2
মারানীর	পোস্ট	চোদনা	2
পোস্ট	চোদনা	এই	2
চোদনা	এই	বাল	2
এই	বাল	মানুষে	2
বাল	মানুষে	খেলায়	2
কষ্ট	করে	লিখেসেন	2
করে	লিখেসেন	এই	2
লিখেসেন	এই	জন্য	2
এই	জন্য	ধন্যবাদ	2
পোস্ট	গুলো	এক	2
গুলো	এক	বার	2
বার	হলেও	দেখেন	2
হলেও	দেখেন	প্লিজ	2
ভাই	প্রুভ	কই	2
আপডেট	চাই	প্লিজ	2
চাই	প্লিজ	মি	2
করা	রোম	ছিল	2
রোম	ছিল	ডিলিট	2
ছিল	ডিলিট	হয়ে	2
আমার	১টা	ওয়ার্ডেপ্রেস	2
১টা	ওয়ার্ডেপ্রেস	সাইট	2
ওয়ার্ডেপ্রেস	সাইট	ইডিট	2
সাইট	ইডিট	করে	2
ইডিট	করে	দিবেন	2
ব্রো	তুমি	আবার	2
তুমি	আবার	ট্রাই	2
ট্রাই	করো	কোড	2
করো	কোড	ঠিক	2
কোড	ঠিক	ই	2
ই	আছে	আমার	2
আছে	আমার	সাথে	2
সাথে	আর	ও	2
ও	অনেক	ই	2
অনেক	ই	সাইট	2
ই	সাইট	মেক	2
সাইট	মেক	করতাছে	2
মেক	করতাছে	বুঝছো	2
করতাছে	বুঝছো	আর	2
বুঝছো	আর	কারো	2
আর	কারো	প্রব্লেম	2
কারো	প্রব্লেম	হয়	2
পাসওয়ার্ড	নাই	কোনো	2
নাই	কোনো	ফকিন্নি	2
কোনো	ফকিন্নি	সাইন	2
ফকিন্নি	সাইন	আউট	2
সাইন	আউট	করে	2
আউট	করে	ফেলসে	2
পেজা	থেকে	টাকা	2
তুলবো	কিভাবে	একটু	2
বলবেন	প্লিজ	কারণ	2
প্লিজ	কারণ	আমার	2
কারণ	আমার	ব্যাংক	2
আমার	ব্যাংক	একাউন্ট	2
ব্যাংক	একাউন্ট	নাই	2
নিজের	ইউটিউব	চ্যানেল	2
চ্যানেল	এর	মার্কেটিং	2
এর	মার্কেটিং	টা	2
মার্কেটিং	টা	ভালো	2
ভালো	ভাবেই	ছেড়ে	2
ভাবেই	ছেড়ে	নিলেন	2
ছেড়ে	নিলেন	ভাও	2
৮৮১১	এ	কল	2
এ	কল	দাও	2
কল	দাও	এন্ড	2
দাও	এন্ড	রিসিভ	2
এন্ড	রিসিভ	করার	2
রিসিভ	করার	পর	2
করার	পর	কেটে	2
পর	কেটে	নোটিফিকেশন	2
কেটে	নোটিফিকেশন	টা	2
নোটিফিকেশন	টা	দেখি	2
টা	দেখি	তাহলেই	2
দেখি	তাহলেই	বোনাস	2
তাহলেই	বোনাস	দেখা	2
বোনাস	দেখা	যাবে	2
তো	একটা	দিয়ে	2
একটা	দিয়ে	৫	2
দিয়ে	৫	হাজার	2
৫	হাজার	লাইক	2
হাজার	লাইক	নিলাম	2
লাইক	নিলাম	নো	2
নিলাম	নো	প্রব্লেম	2
পুরা	প্লেস্টোরে	টাই	2
প্লেস্টোরে	টাই	দিয়ে	2
টাই	দিয়ে	দেয়	2
দিয়ে	দেয়	নাকি	2
দেখলাম	ব্রো	সার্চ	2
ব্রো	সার্চ	করে	2
সার্চ	করে	পাইনি	2
করে	পাইনি	তাই	2
পাইনি	তাই	করে	2
তাই	করে	ফেলেসি	2
করে	ফেলেসি	ওখানে	2
ফেলেসি	ওখানে	১টা	2
ওখানে	১টা	ফীচার	2
১টা	ফীচার	নিয়ে	2
ফীচার	নিয়ে	আলোচনা	2
করা	আছে	আমি	2
আছে	আমি	৩টা	2
আমি	৩টা	নিয়েই	2
৩টা	নিয়েই	আর	2
নিয়েই	আর	ডিলিট	2
আর	ডিলিট	করসিনা	2
ডিলিট	করসিনা	সরি	2
করসিনা	সরি	ফর	2
সরি	ফর	দা	2
বিডি	তে	কবে	2
তে	কবে	আসবে	2
কবে	আসবে	আর	2
আসবে	আর	আসলে	2
আর	আসলে	প্রাইস	2
আসলে	প্রাইস	কত	2
প্রাইস	কত	হইতে	2
কত	হইতে	পারে	2
ভাই	কোড	আসছে	2
কোড	আসছে	না	2
এন্ড্রোইড	ষ্টুডিও	দিয়া	2
ষ্টুডিও	দিয়া	কেমন	2
দিয়া	কেমন	বানাবো	2
কেমন	বানাবো	করেন	2
নাইস	মোবি	রেনার	2
মোবি	রেনার	ইউসার	2
কয়েনবেস	একাউন্ট	খুলার	2
একাউন্ট	খুলার	সময়	2
খুলার	সময়	কান্ট্রি	2
সময়	কান্ট্রি	চেঞ্জ	2
হাসাইলেন	তাই	মনে	2
মনে	হয়	যাক	2
হয়	যাক	ট্রিকবিডি	2
যাক	ট্রিকবিডি	তে	2
ট্রিকবিডি	তে	আপনাদের	2
তে	আপনাদের	পছন্দ	2
আপনাদের	পছন্দ	হয়	2
এমন	পোস্ট	করবো	2
পোস্ট	করবো	অনেক	2
করবো	অনেক	ফ্যাশন	2
অনেক	ফ্যাশন	থাকবে	2
ফ্যাশন	থাকবে	ফান	2
কোনো	ওপেন	নাই	2
নিজে	তো	কোনো	2
তো	কোনো	দিন	2
কোনো	দিন	পোস্ট	2
দিন	পোস্ট	লিখতে	2
পোস্ট	লিখতে	পারবেন	2
লিখতে	পারবেন	না	2
পারবেন	না	অন্যের	2
না	অন্যের	নিজের	2
অন্যের	নিজের	হাতের	2
নিজের	হাতের	লেখা	2
হাতের	লেখা	পোস্ট	2
লেখা	পোস্ট	এ	2
পোস্ট	এ	বাজে	2
এ	বাজে	কমেন্ট	2
বাজে	কমেন্ট	করাই	2
কমেন্ট	করাই	আপনাদের	2
করাই	আপনাদের	কাজ	2
ভাইয়া	এইটাতে	এসএস	2
এইটাতে	এসএস	দেওয়ার	2
এসএস	দেওয়ার	কি	2
ব্রো	কি	উল্টাপাল্টা	2
কি	উল্টাপাল্টা	লিখসেন	2
এম	ভিসিট	করুন	2
ভিসিট	করুন	আজকেই	2
করুন	আজকেই	পোস্ট	2
আজকেই	পোস্ট	করা	2
করা	হবে	এই	2
তাই	ফাপর	মারি	2
ফাপর	মারি	আমার	2
মারি	আমার	কি	2
আমার	কি	খুব	2
কি	খুব	শখ	2
খুব	শখ	হইসে	2
শখ	হইসে	কষ্ট	2
হইসে	কষ্ট	কইরা	2
কইরা	পোস্ট	কইরা	2
পোস্ট	কইরা	ডিলিটও	2
কইরা	ডিলিটও	করার	2
ডিলিটও	করার	আমি	2
করার	আমি	সার্চ	2
আমি	সার্চ	কইরা	2
সার্চ	কইরা	দেখসি	2
ম্যানেজার	দিয়ে	হাজার	2
দিয়ে	হাজার	হাজার	2
হাজার	হাজার	ফন্ট	2
হাজার	ফন্ট	ঢুকানো	2
ফন্ট	ঢুকানো	যায়	2
ঢুকানো	যায়	এটা	2
যায়	এটা	সমস্যা	2
সমস্যা	না	যত	2
না	যত	ফন্ট	2
যত	ফন্ট	ততো	2
ফন্ট	ততো	এমবি	2
টেনক্স	ভাই	আপনার	2
পোস্টে	যেটা	আছে	2
যেটা	আছে	এসএস	2
আছে	এসএস	তে	2
এসএস	তে	সেটা	2
তে	সেটা	দেয়া	2
সেটা	দেয়া	আছে	2
দেয়া	আছে	আমার	2
আমার	কাছে	একটাই	2
কাছে	একটাই	এপিকে	2
একটাই	এপিকে	এডিটর	2
দারাজ	এ	অপশন	2
ভাই	ডাটা	কানেকশন	2
ডাটা	কানেকশন	তো	2
কানেকশন	তো	দিতেই	2
আপনার	কাসে	এমটি৬৫৮০	2
কাসে	এমটি৬৫৮০	ললিপপ	2
এমটি৬৫৮০	ললিপপ	এর	2
কোনো	কাস্টম	আছে	2
কাস্টম	আছে	ভাই	2
ট্রাই	করবো	আপডেট	2
করবো	আপডেট	কিসু	2
আপডেট	কিসু	দেয়ার	2
কিসু	দেয়ার	জন্য	2
দেয়ার	জন্য	থ্যাংকস	2
জন্য	থ্যাংকস	ফর	2
থ্যাংকস	ফর	গাইড	2
টাইটেল	এ	বলছে	2
এ	বলছে	এম	2
বলছে	এম	এক্স	2
এম	এক্স	প্লেয়ার	2
এক্স	প্লেয়ার	দিয়ে	2
প্লেয়ার	দিয়ে	খেলা	2
দিয়ে	খেলা	পোস্ট	2
খেলা	পোস্ট	এ	2
পোস্ট	এ	দেখালো	2
এ	দেখালো	এইচডি	2
দেখালো	এইচডি	স্ট্রিম	2
এইচডি	স্ট্রিম	টাইটেল	2
স্ট্রিম	টাইটেল	এর	2
এপসগেইসের	ডট	কম	2
ডট	কম	থেকে	2
কম	থেকে	আপনি	2
থেকে	আপনি	ও	2
আপনি	ও	বানাতে	2
ও	বানাতে	পারবেন	2
স্ক্রিনশট	অ্যাড	করার	2
অ্যাড	করার	অপশন	2
করার	অপশন	দিলে	2
অপশন	দিলে	ভালো	2
ভালো	হয়	না	2
মার্কা	পোস্ট	দিন	2
দিন	দিন	কিছু	2
দিন	কিছু	আবুল	2
কিছু	আবুল	বাড়তেছে	2
আবুল	বাড়তেছে	ট্রিকবিডি	2
বাড়তেছে	ট্রিকবিডি	তে	2
সানকি৯৪	প্ল্যান	অফ	2
প্ল্যান	অফ	অন	2
অফ	অন	৯৯৯	2
অন	৯৯৯	ফলস	2
৯৯৯	ফলস	সাবস্ক্রিপশন	2
ফলস	সাবস্ক্রিপশন	অ্যাক্টিভেটেড	2
সাবস্ক্রিপশন	অ্যাক্টিভেটেড	এক্সপায়ারি	2
ডেইলি	কি	গাছে	2
আমি	করেসি	ব্রো	2
করেসি	ব্রো	আপনি	2
এইচ৪০০	এর	জন্য	2
ওকে	বাট	তোমারে	2
বাট	তোমারে	আর	2
তোমারে	আর	টেলিগ্রাম	2
আর	টেলিগ্রাম	এ	2
টেলিগ্রাম	এ	খুঁজে	2
এ	খুঁজে	পাওয়া	2
পাগলের	মতো	হাসেন	2
মতো	হাসেন	কেন	2
হাসেন	কেন	আগে	2
কেন	আগে	বললেন	2
আগে	বললেন	ডিএক্টিভ	2
বললেন	ডিএক্টিভ	এখন	2
ডিএক্টিভ	এখন	বলেন	2
এখন	বলেন	অফ	2
বলেন	অফ	আজব	2
অফ	আজব	মেন	2
যাদের	এইটা	আছে	2
এইটা	আছে	তারা	2
আছে	তারা	সবাই	2
তারা	সবাই	ই	2
সবাই	ই	জানে	2
ই	জানে	আর	2
জানে	আর	স্টক	2
আর	স্টক	এন্ড্রোইড	2
স্টক	এন্ড্রোইড	এ	2
এন্ড্রোইড	এ	এইটা	2
এ	এইটা	নাই	2
আমার	লাগবে	আপনি	2
লাগবে	আপনি	যেহেতু	2
আপনি	যেহেতু	কপি	2
যেহেতু	কপি	পোস্ট	2
কপি	পোস্ট	বলে	2
পোস্ট	বলে	দাবি	2
বলে	দাবি	করসেন	2
দাবি	করসেন	তাই	2
করসেন	তাই	প্রুফ	2
তাই	প্রুফ	হিসাবে	2
প্রুফ	হিসাবে	লিংক	2
হিসাবে	লিংক	দিলে	2
লিংক	দিলে	সবচেয়ে	2
দিলে	সবচেয়ে	বেটার	2
ম্যাক	স্টাইল	পাস	2
স্টাইল	পাস	কি	2
পাস	কি	আনজিপ	2
কি	আনজিপ	করতে	2
আনজিপ	করতে	পারছি	2
থ্যাংক্স	ভাই	এখন	2
ভাই	এখন	ক্লাস	2
এখন	ক্লাস	অফ	2
অফ	ক্লেন্স	খেলতে	2
ক্লেন্স	খেলতে	মজা	2
খেলতে	মজা	পাইমু	2
ভাই	এর	কাছ	2
কাছ	থেকে	শিখসেন	2
থেকে	শিখসেন	ক্রেডিট	2
শিখসেন	ক্রেডিট	তো	2
ক্রেডিট	তো	দিতে	2
তো	দিতে	পারতেন	2
জিবি	কোর	আই৫	2
কোর	আই৫	২ন্ড	2
আই৫	২ন্ড	যেফোর্স	2
২ন্ড	যেফোর্স	জিটিএক্স	2
যেফোর্স	জিটিএক্স	৩১০এম	2
জিটিএক্স	৩১০এম	কোনটা	2
৩১০এম	কোনটা	খুশি	2
এইটা	হলো	মেইন	2
হলো	মেইন	রুল	2
টাকা	দিয়ে	ই	2
দিয়ে	ই	তো	2
ই	তো	২জিবি	2
তো	২জিবি	পাওয়া	2
২জিবি	পাওয়া	যায়	2
পি	প্লিজ	রিভিউ	2
মাই	পোস্ট	ইউসার	2
পোস্ট	ইউসার	আইডি	2
ইউসার	আইডি	৭৬৬৭৮	2
ট্রাই	করলাম	খুবই	2
করলাম	খুবই	ইন্টারস্টিং	2
রবি	থাকলে	দেন	2
মান্থ	আগে	মাইক্রোসফট	2
আগে	মাইক্রোসফট	ফ্রী	2
মাইক্রোসফট	ফ্রী	তে	2
ফ্রী	তে	বিসনেস	2
তে	বিসনেস	একাউন্ট	2
বিসনেস	একাউন্ট	দিচ্ছিলো	2
একাউন্ট	দিচ্ছিলো	তখন	2
দিচ্ছিলো	তখন	নেক্সটছিলাম	2
তখন	নেক্সটছিলাম	জেনেরালি	2
নেক্সটছিলাম	জেনেরালি	অনড্রভ	2
জেনেরালি	অনড্রভ	স্টোরেজ	2
অনড্রভ	স্টোরেজ	দেই	2
এগুলা	বেশিক্ষন	থাকে	2
বেশিক্ষন	থাকে	না	2
থাকে	না	এর	2
না	এর	আগের	2
এর	আগের	নেটফ্লিক্স	2
আগের	নেটফ্লিক্স	কাজ	2
নেটফ্লিক্স	কাজ	করে	2
এটা	ওয়াপকিজ	সাইট	2
হুম	থ্যাংক্স	না	2
থ্যাংক্স	না	আগে	2
তো	বাচ্চা	আর	2
বাচ্চা	আর	আপনি	2
আপনি	কি	আমি	2
কি	আমি	না	2
না	জেনে	ই	2
জেনে	ই	অথর	2
ই	অথর	হইসি	2
অথর	হইসি	আর	2
হইসি	আর	আপনি	2
আপনি	তো	জেনে	2
জেনে	ও	কিসু	2
ও	কিসু	হতে	2
কিসু	হতে	পারেন	2
ভাই	আমি	শেয়ার	2
শেয়ার	ইট	কোনো	2
ইট	কোনো	কিছু	2
কোনো	কিছু	কারো	2
কিছু	কারো	থাকে	2
কারো	থাকে	নেই	2
থাকে	নেই	তাহলে	2
নেই	তাহলে	১	2
তাহলে	১	এমবি	2
১	এমবি	স্পিড	2
এমবি	স্পিড	আমি	2
স্পিড	আমি	যদি	2
যদি	কারো	দেয়	2
কারো	দেয়	তাহলে	2
দেয়	তাহলে	খুব	2
খুব	ভালো	স্পিড	2
ভালো	স্পিড	আমি	2
স্পিড	আমি	নিলে	2
আমি	নিলে	স্পিড	2
নিলে	স্পিড	কম	2
স্পিড	কম	পায়	2
কম	পায়	কেনো	2
পায়	কেনো	কেউ	2
কেনো	কেউ	যেন	2
কেউ	যেন	হেল্প	2
যেন	হেল্প	করেন	2
সেম	এ	কানেক্টেড	2
এ	কানেক্টেড	থাকা	2
কানেক্টেড	থাকা	ফোন	2
থাকা	ফোন	হ্যাক	2
ফোন	হ্যাক	করার	2
করার	ট্রিক	জানা	2
ট্রিক	জানা	থাকলে	2
জানা	থাকলে	শেয়ার	2
করবেন	প্লিজ	অনেক	2
পোস্ট	ছিল	ট্রিকবিডি	2
ট্রিকবিডি	তে	কারো	2
তে	কারো	জানা	2
থাকলে	একটু	কাইন্ডলি	2
একটু	কাইন্ডলি	নক	2
কাইন্ডলি	নক	দিয়েন	2
করেনা	একটু	ঠিক	2
একটু	ঠিক	করেন	2
ঠিক	করেন	ট্রিক	2
করেন	ট্রিক	টার	2
ট্রিক	টার	লিমিট	2
টার	লিমিট	কত	2
এফবি	থেকে	বলেসি	2
থেকে	বলেসি	১৫	2
বলেসি	১৫	জন	2
১৫	জন	কমেন্ট	2
জন	কমেন্ট	করসে	2
কমেন্ট	করসে	৯	2
করসে	৯	জন	2
৯	জন	বলসে	2
জন	বলসে	তারা	2
বলসে	তারা	জানেনা	2
তারা	জানেনা	তাহলে	2
জানেনা	তাহলে	বলুন	2
হেলো	অথর	ইউসি	2
অথর	ইউসি	ব্রাউসার	2
ইউসি	ব্রাউসার	৪১০০	2
ব্রাউসার	৪১০০	হবার	2
৪১০০	হবার	পর	2
হবার	পর	৫	2
পর	৫	করে	2
৫	করে	টাকা	2
করে	টাকা	আসতাছে	2
টাকা	আসতাছে	কেন	2
আসতাছে	কেন	সবাই	2
কেন	সবাই	আমাকে	2
হেল্প	করুন	এই	2
করুন	এই	কোড	2
এই	কোড	ব্যবহার	2
কোড	ব্যবহার	করে	2
ব্যবহার	করে	আমি	2
করে	আমি	কই	2
আমি	কই	কজন	2
কই	কজন	কে	2
কজন	কে	শেয়ার	2
কে	শেয়ার	নিবো	2
শেয়ার	নিবো	৫০০০	2
নিবো	৫০০০	হলে	2
৫০০০	হলে	ভাগ	2
হলে	ভাগ	করে	2
ভাগ	করে	ই	2
করে	ই	নিবো	2
ই	নিবো	ইউস	2
নিবো	ইউস	মাই	2
ইউস	মাই	কোড	2
মাই	কোড	১০২৪৪৭৫	2
ভাই	দিলেন	তো	2
দিলেন	তো	সব	2
তো	সব	অফ	2
সব	অফ	করাইয়া	2
অফ	করাইয়া	ভালো	2
করাইয়া	ভালো	করছেন	2
ভালো	করছেন	মানুষ	2
করছেন	মানুষ	আরাম	2
মানুষ	আরাম	এ	2
আরাম	এ	চালাইতেসিলো	2
এ	চালাইতেসিলো	এখানে	2
চালাইতেসিলো	এখানে	পোস্ট	2
এখানে	পোস্ট	কইরা	2
পোস্ট	কইরা	দিলেন	2
কইরা	দিলেন	সব	2
দিলেন	সব	শেষ	2
সব	শেষ	কইরা	2
ব্রো	আমাকে	প্লিজ	2
হেল্প	করুন	কিভাবে	2
করুন	কিভাবে	কারনেল	2
কিভাবে	কারনেল	পোর্ট	2
কারনেল	পোর্ট	করবো	2
করার	জন্য	গিফট	2
জন্য	গিফট	করলাম	2
যেকোনো	একটা	হ্যাক	2
একটা	হ্যাক	মড	2
হ্যাক	মড	দিয়ে	2
মড	দিয়ে	১	2
দিয়ে	১	ম্যাচ	2
১	ম্যাচ	গেম	2
ম্যাচ	গেম	প্লে	2
গেম	প্লে	করেন	2
মি	প্লিজ	গো	2
প্লিজ	গো	মাসেজ	2
গো	মাসেজ	মি	2
মাসেজ	মি	অন	2
অন	এফবি	প্লিজ	2
রেজিস্ট্রেশন	ই	হয়না	2
ই	হয়না	ফেল	2
হয়না	ফেল	দেখায়	2
ফেল	দেখায়	বাদ	2
দেখায়	বাদ	এটা	2
বাদ	এটা	আরো	2
এটা	আরো	কত	2
আরো	কত	ভালো	2
ভালো	ভালো	প্রিমিয়াম	2
ভালো	প্রিমিয়াম	ভিপিএন	2
প্রিমিয়াম	ভিপিএন	আছে	2
বাঁশ	না	মিয়া	2
না	মিয়া	এটার	2
মিয়া	এটার	প্রাইস	2
এটার	প্রাইস	আরো	2
প্রাইস	আরো	কমে	2
আরো	কমে	যাইবে	2
কমে	যাইবে	কেউ	2
যাইবে	কেউ	এটা	2
কেউ	এটা	বাই	2
এটা	বাই	করে	2
বাই	করে	না	2
করে	না	সেজন্য	2
না	সেজন্য	প্রাইস	2
সেজন্য	প্রাইস	একদম	2
প্রাইস	একদম	লো	2
একদম	লো	দিন	2
লো	দিন	দিন	2
দিন	দিন	প্রাইস	2
দিন	প্রাইস	কমতেছে	2
করেন	ভালো	পোস্ট	2
পারেন	না	ফালতু	2
স্পিড	কত	এন্স	2
কত	এন্স	মি	2
কষ্ট	করে	একাউন্ট	2
করে	একাউন্ট	খুলতে	2
খুলতে	পারি	নাই	2
পেপাল	এ	ফোন	2
ফোন	নাম্বার	দিলে	2
নাম্বার	দিলে	ভেরিফাই	2
দিলে	ভেরিফাই	হবে	2
ভেরিফাই	হবে	কিভাবে	2
হবে	কিভাবে	ওরা	2
কিভাবে	ওরা	কে	2
ওরা	কে	ওই	2
কে	ওই	নিউ	2
ওই	নিউ	ইউকে	2
নিউ	ইউকে	নাম্বার	2
ইউকে	নাম্বার	এ	2
নাম্বার	এ	কোনো	2
এ	কোনো	কোড	2
কোনো	কোড	দিবে	2
গুগল	ব্লগার	এর	2
ব্লগার	এর	থিম	2
এর	থিম	এক্সএমএল	2
থিম	এক্সএমএল	ফাইল	2
এক্সএমএল	ফাইল	এই	2
ফাইল	এই	তো	2
এই	তো	হয়	2
আমার	ফোন	ইসি	2
ফোন	ইসি	নেট	2
ইসি	নেট	হঠাৎ	2
নেট	হঠাৎ	চলে	2
হঠাৎ	চলে	আবার	2
চলে	আবার	চলে	2
আবার	চলে	না	2
না	আইপি	এড্রেস	2
আইপি	এড্রেস	গুলা	2
এড্রেস	গুলা	ঠিক	2
গুলা	ঠিক	আসে	2
আসে	বাট	ইসি	2
বাট	ইসি	নেট	2
ইসি	নেট	একটিভ	2
নেট	একটিভ	হচ্ছে	2
কি	প্রব্লেম	সল্যুশন	2
প্রব্লেম	সল্যুশন	থাকলে	2
থাকলে	দেন	আগের	2
দেন	আগের	নিয়মে	2
আগের	নিয়মে	কাজ	2
নিয়মে	কাজ	করসি	2
কাজ	করসি	একটিভ	2
করসি	একটিভ	হয়	2
ভাই	যখন	একটা	2
যখন	একটা	কমান্ড	2
একটা	কমান্ড	ভুল	2
কমান্ড	ভুল	হবে	2
ভুল	হবে	ওইটা	2
হবে	ওইটা	কাটবো	2
ওইটা	কাটবো	কেমনে	2
সিম্ফনি	আর১০০	ব্যাবহার	2
আর১০০	ব্যাবহার	করি	2
ব্যাবহার	করি	এটি	2
করি	এটি	৪জি	2
এটি	৪জি	সাপোর্টেড	2
সাপোর্টেড	কিন্তু	আমি	2
কিন্তু	আমি	৪জি	2
আমি	৪জি	চালু	2
৪জি	চালু	করলে	2
চালু	করলে	৪জি	2
করলে	৪জি	চালু	2
৪জি	চালু	হচ্ছে	2
হচ্ছে	না	রবি	2
না	রবি	কাস্টমার	2
রবি	কাস্টমার	কেয়ার	2
এ	ফোন	দিলে	2
ফোন	দিলে	তারা	2
দিলে	তারা	বলসে	2
তারা	বলসে	আমার	2
বলসে	আমার	মোবাইল	2
আমার	মোবাইল	নাকি	2
মোবাইল	নাকি	৪জি	2
নাকি	৪জি	সাপোর্টেড	2
সাপোর্টেড	কিন্তু	আমার	2
কিন্তু	আমার	মোবাইল	2
আমার	মোবাইল	টু	2
মোবাইল	টু	৪জি	2
টু	৪জি	সাপোর্টেড	2
৪জি	সাপোর্টেড	এখন	2
সাপোর্টেড	এখন	কিভাবে	2
এখন	কিভাবে	৪জি	2
কিভাবে	৪জি	চালু	2
৪জি	চালু	করবো	2
চালু	করবো	প্লিজ	2
হেল্প	আর	যারা	2
আর	যারা	সিম্ফনি	2
যারা	সিম্ফনি	আর১০০	2
সিম্ফনি	আর১০০	উইজ	2
আর১০০	উইজ	করেন	2
উইজ	করেন	তারা	2
করেন	তারা	একটু	2
তারা	একটু	আমার	2
একটু	আমার	সঙ্গে	2
আমার	সঙ্গে	যোগাযোগ	2
সঙ্গে	যোগাযোগ	করেন	2
একাউন্ট	লক	হয়ে	2
লক	হয়ে	গেলো	2
হয়ে	গেলো	এখন	2
গেলো	এখন	কি	2
কি	করবো	বর্তমান	2
করবো	বর্তমান	ঠিকানা	2
বর্তমান	ঠিকানা	স্থায়ী	2
ঠিকানা	স্থায়ী	ঠিকানা	2
স্থায়ী	ঠিকানা	সঠিক	2
ঠিকানা	সঠিক	দেওয়ার	2
সঠিক	দেওয়ার	পরও	2
দেওয়ার	পরও	এমন	2
পরও	এমন	হলো	2
এমন	হলো	কেনো	2
ভার্সন	হবে	এ২০১০	2
স্টেইনস	গেট	একটা	2
গেট	একটা	এনিমে	2
একটা	এনিমে	সিরিজ	2
এনিমে	সিরিজ	আছে	2
সিরিজ	আছে	সব	2
আছে	সব	টাইম	2
সব	টাইম	ট্রাভেল	2
টাইম	ট্রাভেল	এর	2
ট্রাভেল	এর	নাটস	2
এর	নাটস	ফুটবে	2
নাটস	ফুটবে	ব্রেন	2
ফুটবে	ব্রেন	এর	2
ব্রেন	এর	ভিতর	2
সরি	ব্রো	ভডি	2
ব্রো	ভডি	আইও	2
আইও	হবে	ইমেইল	2
হবে	ইমেইল	টি	2
ইমেইল	টি	লেখার	2
টি	লেখার	সময়	2
লেখার	সময়	ভুল	2
সময়	ভুল	হয়ে	2
হয়ে	গেছে	সরি	2
২৮৭২	কমপ্লেন্ট	সেন্টার	2
কমপ্লেন্ট	সেন্টার	বিটিআরসি	2
সেন্টার	বিটিআরসি	এর	2
ট্যাক্স	সহ	৩০	2
সহ	৩০	টাকা	2
৩০	টাকা	কাটবে	2
কাটবে	নাকি	৩২	2
নাকি	৩২	টাকা	2
৩২	টাকা	কাটবে	2
এন্ড্রোইড	একটা	এপ	2
এপ	আছে	এপ	2
আছে	এপ	নেম	2
এপ	নেম	এয়ারন্ড্রোইড	2
নেম	এয়ারন্ড্রোইড	এই	2
এয়ারন্ড্রোইড	এই	এপ	2
এপ	এর	প্রিমিয়াম	2
এর	প্রিমিয়াম	লাগবো	2
জিড্রাইভে	লিংক	দিলে	2
ভালো	হত	এনিওয়ে	2
হত	এনিওয়ে	থ্যাংকস	2
দেখুন	ব্রুট	ফোর্স	2
ব্রুট	ফোর্স	টাইটেল	2
ফোর্স	টাইটেল	এ	2
টাইটেল	এ	ই	2
এ	ই	গেলে	2
ই	গেলে	পাসওয়ার্ড	2
গেলে	পাসওয়ার্ড	হ্যাক	2
পাসওয়ার্ড	হ্যাক	আমি	2
হ্যাক	আমি	তো	2
আমি	তো	নিজেরটা	2
তো	নিজেরটা	দিয়েই	2
নিজেরটা	দিয়েই	হ্যাক	2
দিয়েই	হ্যাক	করে	2
হ্যাক	করে	হ্যাক	2
করে	হ্যাক	করা	2
হ্যাক	করা	হ্যাক	2
করা	হ্যাক	করতে	2
হ্যাক	করতে	অনেক	2
অনেক	টাইম	ট্রিকবিডি	2
টাইম	ট্রিকবিডি	তে	2
তে	পোস্ট	কোনো	2
পোস্ট	কোনো	ধরণের	2
কোনো	ধরণের	উপন্যাস	2
ধরণের	উপন্যাস	লিখি	2
ভাই	আপনার	মাথা	2
আপনার	মাথা	ঠিক	2
ঠিক	আছে	ন্ড্রোইড	2
আছে	ন্ড্রোইড	ভিপিএন	2
ন্ড্রোইড	ভিপিএন	শুধু	2
ভিপিএন	শুধু	জিপি	2
শুধু	জিপি	এ	2
জিপি	এ	চলে	2
এ	চলে	রবি	2
চলে	রবি	তে	2
রবি	তে	না	2
জি	আপনি	আইপিএস	2
আপনি	আইপিএস	ও	2
আইপিএস	ও	ইউস	2
করতে	পারবেন	আইপিএস	2
পারবেন	আইপিএস	এর	2
আইপিএস	এর	এসি	2
এর	এসি	আউটপুট	2
এসি	আউটপুট	এর	2
আউটপুট	এর	সাথে	2
এর	সাথে	পিসি	2
সাথে	পিসি	পসু	2
পিসি	পসু	মাল্টি	2
পসু	মাল্টি	প্লাগ	2
মাল্টি	প্লাগ	দিয়ে	2
প্লাগ	দিয়ে	কানেক্ট	2
দিয়ে	কানেক্ট	করুন	2
তাহলে	আপনি	প্লে	2
আপনি	প্লে	সার্ভিস	2
সার্ভিস	আপডেট	করুন	2
রান	হইসে	প্রোভ	2
হইসে	প্রোভ	কই	2
এমবি	এর	কম	2
চেক	উইথ	ইসিসি	2
উইথ	ইসিসি	সিপূজ	2
ইসিসি	সিপূজ	এপিকে	2
ভাই	ওয়ান	প্লাস	2
ওয়ান	প্লাস	১০টি	2
প্লাস	১০টি	এর	2
১০টি	এর	জন্য	2
ভালো	হবে	প্রসেসর	2
হবে	প্রসেসর	জেন	2
প্রসেসর	জেন	১	2
জেন	১	অনেক	2
১	অনেক	গুলা	2
অনেক	গুলা	ট্রাই	2
গুলা	ট্রাই	করসি	2
করসি	বাট	স্টক	2
বাট	স্টক	কেম	2
স্টক	কেম	এর	2
কেম	এর	থেকেও	2
হবে	আপনার	নেট	2
আপনার	নেট	কানেকশন	2
নেট	কানেকশন	স্লো	2
১	আওয়ার	দেন	2
আওয়ার	দেন	তারপর	2
দেন	তারপর	আবার	2
তারপর	আবার	আরেকটা	2
আবার	আরেকটা	কথা	2
আরেকটা	কথা	সাইন	2
কথা	সাইন	আপ	2
আপ	করা	লাগবে	2
লাগবে	না	বার	2
বার	বার	এক্সিট	2
বার	এক্সিট	কম্যান্ড	2
এক্সিট	কম্যান্ড	দিলে	2
কম্যান্ড	দিলে	ব্যাক	2
দিলে	ব্যাক	হয়ে	2
ব্যাক	হয়ে	যাবে	2
যাবে	তারপর	নিউ	2
তারপর	নিউ	এনভায়রনমেন্ট	2
নিউ	এনভায়রনমেন্ট	ক্রিয়েট	2
এনভায়রনমেন্ট	ক্রিয়েট	করে	2
ক্রিয়েট	করে	আবার	2
৪র্থ	এপটা	ডাউনলোড	2
এপটা	ডাউনলোড	করলাম	2
ডাউনলোড	করলাম	থ্যাংক্স	2
করলাম	থ্যাংক্স	ব্রো	2
ওয়েলকাম	ইউসার	ব্রো	2
এই	বিষয়	মনে	2
বিষয়	মনে	হয়	2
পোস্ট	আছে	খুঁজে	2
আছে	খুঁজে	দেখেন	2
খুঁজে	দেখেন	ফেইসবুক	2
দেখেন	ফেইসবুক	ট্রিক	2
ফেইসবুক	ট্রিক	ক্যাটাগরি	2
ট্রিক	ক্যাটাগরি	তে	2
ব্রো	এই	মডার্ণ	2
এই	মডার্ণ	সাইন্স	2
মডার্ণ	সাইন্স	এ	2
সাইন্স	এ	পিসি	2
এ	পিসি	নেই	2
পিসি	নেই	এমন	2
নেই	এমন	মানুষ	2
এমন	মানুষ	থাকলেও	2
মানুষ	থাকলেও	কিন্তু	2
থাকলেও	কিন্তু	সবার	2
কিন্তু	সবার	হাতের	2
সবার	হাতের	নাগালেই	2
হাতের	নাগালেই	কোনো	2
নাগালেই	কোনো	ক্লোজ	2
কোনো	ক্লোজ	ফেন্ড	2
ক্লোজ	ফেন্ড	এর	2
ফেন্ড	এর	অথবা	2
এর	অথবা	প্রতিবেশী	2
অথবা	প্রতিবেশী	আমারও	2
প্রতিবেশী	আমারও	নিজের	2
আমারও	নিজের	পিসি	2
নিজের	পিসি	নাই	2
পিসি	নাই	কিন্তু	2
নাই	কিন্তু	কাসিন	2
কিন্তু	কাসিন	এর	2
কাসিন	এর	আসে	2
এর	আসে	আমি	2
আসে	আমি	৫১৩০	2
আমি	৫১৩০	আর	2
৫১৩০	আর	সি১	2
আর	সি১	ফ্ল্যাশ	2
সি১	ফ্ল্যাশ	করার	2
ফ্ল্যাশ	করার	জন্য	2
ভাইয়া	আপনার	৫০০টাকার	2
আপনার	৫০০টাকার	জায়গায়	2
৫০০টাকার	জায়গায়	১৭০০	2
জায়গায়	১৭০০	টাকা	2
১৭০০	টাকা	হলো	2
টাকা	হলো	কিভাবে	2
আপনার	ফার্স্ট	স্ক্রিন	2
ফার্স্ট	স্ক্রিন	শট	2
স্ক্রিন	শট	এর	2
শট	এর	এখানে	2
এর	এখানে	যেতে	2
এখানে	যেতে	হলে	2
যেতে	হলে	কি	2
করতে	হবে	ডিটেলস	2
হবে	ডিটেলস	বলেন	2
ডিটেলস	বলেন	প্লিজ	2
আপনার	ব্যবহার	টার	2
ব্যবহার	টার	ভালো	2
টার	ভালো	লাগে	2
লাগে	নাই	তাই	2
একই	কথা	কি	2
কথা	কি	ভাবে	2
ভাবে	পাবো	আর	2
পাবো	আর	এরা	2
আর	এরা	কি	2
এরা	কি	সিউর	2
কি	সিউর	ডেলিভারি	2
সিউর	ডেলিভারি	করে	2
থ্যাংকস	ইউ	ভাইয়া	2
ভাই	ইউটিউব	চ্যানেল	2
ইউটিউব	চ্যানেল	কেমনে	2
চ্যানেল	কেমনে	পাবো	2
ভাই	এফবি	প্যাক	2
এফবি	প্যাক	বলতে	2
প্যাক	বলতে	আগে	2
বলতে	আগে	দিয়ে	2
আগে	দিয়ে	তারপর	2
দিয়ে	তারপর	ডায়াল	2
তারপর	ডায়াল	করতে	2
টি	আমি	উনার	2
আমি	উনার	আগে	2
উনার	আগে	করেসি	2
আগে	করেসি	ট্রিকবিডি	2
করেসি	ট্রিকবিডি	তে	2
ট্রিকবিডি	তে	তাহলে	2
তে	তাহলে	আমার	2
তাহলে	আমার	পাবলিশড	2
আমার	পাবলিশড	না	2
পাবলিশড	না	করে	2
না	করে	উনার	2
করে	উনার	টা	2
উনার	টা	করলো	2
টা	করলো	কেন	2
ভাইয়া	গুগল	সার্চ	2
করলে	অনেক	ফাইল	2
অনেক	ফাইল	পেয়ে	2
ফাইল	পেয়ে	যাবেন	2
পেয়ে	যাবেন	আমাকে	2
যাবেন	আমাকে	কাসে	2
আমাকে	কাসে	অফিসিয়াল	2
কাসে	অফিসিয়াল	ফাইল	2
অফিসিয়াল	ফাইল	নাই	2
ফাইল	নাই	যার	2
নাই	যার	জন্য	2
যার	জন্য	দিচ্ছি	2
জন্য	দিচ্ছি	না	2
ওয়াও	নাইস	গেম	2
এর	কোন	বিকল্প	2
কোন	বিকল্প	আছে	2
বিকল্প	আছে	কি	2
বিডি	সাপোর্ট	করে	2
না	তো	সপ্তাহ	2
তো	সপ্তাহ	২	2
সপ্তাহ	২	বার	2
২	বার	যাই	2
বার	যাই	টেক্সট	2
যাই	টেক্সট	নাও	2
টেক্সট	নাও	তে	2
নাও	তে	১৫	2
তে	১৫	দিন	2
দিন	পর	চেঞ্জ	2
পর	চেঞ্জ	করতে	2
ভাই	আমার	জে৫০০এফ	2
আমার	জে৫০০এফ	কাজ	2
জে৫০০এফ	কাজ	করবে	2
সে	গালি	খাওয়ার	2
গালি	খাওয়ার	মতো	2
খাওয়ার	মতো	পোস্ট	2
মতো	পোস্ট	করে	2
পোস্ট	করে	তো	2
করে	তো	গালি	2
তো	গালি	খাবে	2
গালি	খাবে	না	2
খাবে	না	এই	2
না	এই	এপ	2
এই	এপ	আমি	2
এপ	আমি	আরো	2
আমি	আরো	১০	2
আরো	১০	বছর	2
আগে	থেকে	টেস্ট	2
থেকে	টেস্ট	করি	2
টেস্ট	করি	চলেসি	2
করি	চলেসি	কিন্তু	2
চলেসি	কিন্তু	একটাও	2
কিন্তু	একটাও	হ্যাক	2
একটাও	হ্যাক	হয়	2
হয়	না	বালের	2
না	বালের	এপ	2
বালের	এপ	আমার	2
এপ	আমার	ইউসার	2
আমার	ইউসার	ভাই	2
ভাই	টিউনার	বাতিল	2
টিউনার	বাতিল	করুন	2
বাতিল	করুন	তার	2
করুন	তার	একটা	2
পোস্ট	ও	কাজের	2
ও	কাজের	না	2
আপনার	ফোন	ব্রেক	2
ফোন	ব্রেক	মারছে	2
ব্রেক	মারছে	ফ্ল্যাশ	2
মারছে	ফ্ল্যাশ	দিলে	2
ফ্ল্যাশ	দিলে	ঠিক	2
এইটা	কত	তারিখ	2
কত	তারিখ	এ	2
তারিখ	এ	দিসে	2
জি	চেষ্টা	করবো	2
কেন	পুরাতন	অফার	2
পুরাতন	অফার	শেষ	2
পারলে	শিখে	নিয়েন	2
ভাই	আমার	মির্কাসয়স	2
আমার	মির্কাসয়স	করলে	2
মির্কাসয়স	করলে	ও	2
করলে	ও	একটিভ	2
ও	একটিভ	হচ্ছে	2
একটিভ	হচ্ছে	চলসে	2
হচ্ছে	চলসে	ইউটিউব	2
চলসে	ইউটিউব	প্লাস	2
ইউটিউব	প্লাস	পোস্ট	2
প্লাস	পোস্ট	দেখসি	2
পোস্ট	দেখসি	অনেক	2
দেখসি	অনেক	ট্রাই	2
করসি	হয়	ইয়েলো	2
হয়	ইয়েলো	এরর	2
ইয়েলো	এরর	আইকন	2
এরর	আইকন	এসে	2
আইকন	এসে	ফুল	2
এসে	ফুল	একটা	2
ফুল	একটা	পোস্ট	2
একটা	পোস্ট	আমায়	2
পোস্ট	আমায়	একটা	2
আমায়	একটা	হেল্প	2
একটা	হেল্প	কাজ	2
হেল্প	কাজ	করে	2
কন্টিনিউ	থাকসা	সিরিজ	2
ডেকোম্প্রেস	করতে	২০	2
করতে	২০	আওয়ার্স	2
২০	আওয়ার্স	লাগবে	2
উপরের	সবার	কাজ	2
সবার	কাজ	করতসে	2
কাজ	করতসে	আমার	2
করতসে	আমার	কাজ	2
আমার	কাজ	করতেসে	2
কাজ	করতেসে	আপনার	2
করতেসে	আপনার	করে	2
তাই	না	লল	2
না	লল	ওকে	2
লল	ওকে	নো	2
ওকে	নো	প্রব্লেম	2
নো	প্রব্লেম	নাও	2
প্রব্লেম	নাও	করতে	2
পোস্ট	দেখে	আমিও	2
দেখে	আমিও	মেসেজ	2
আমিও	মেসেজ	করলাম	2
মেসেজ	করলাম	স্ক্রিন	2
করলাম	স্ক্রিন	শট	2
শট	নিয়ে	বাট	2
নিয়ে	বাট	রিপ্লায়	2
বাট	রিপ্লায়	করসে	2
রিপ্লায়	করসে	না	2
করসে	না	লেট	2
না	লেট	করে	2
লেট	করে	রিপ্লায়	2
করে	রিপ্লায়	করে	2
রিপ্লায়	করে	নাকি	2
কানেক্টেড	করতে	সোশ্যাল	2
করতে	সোশ্যাল	এমবি	2
সোশ্যাল	এমবি	লাগবে	2
ট্রাই	করেন	অবশ্যয়	2
করেন	অবশ্যয়	লগ	2
অবশ্যয়	লগ	ইন	2
লগ	ইন	হবে	2
ইন	হবে	থ্যাংকস	2
উমমম	ওকেই	রিলিজ	2
ওকেই	রিলিজ	হলে	2
রিলিজ	হলে	ট্রাই	2
হলে	ট্রাই	করবো	2
ট্রাই	করবো	যে	2
করবো	যে	রিভিউ	2
যে	রিভিউ	দেখলাম	2
রিভিউ	দেখলাম	পুরা	2
দেখলাম	পুরা	অস্থির	2
পুরা	অস্থির	হবে	2
১৫০টাকা	১৫জিবি	কিভাবে	2
১৫জিবি	কিভাবে	নিবো	2
কিভাবে	নিবো	ভাই	2
আপনার	এপস	তো	2
এপস	তো	কাজ	2
তো	কাজ	হয়	2
নাইস	শেয়ার	ভাই	2
মানলাম	ক্রেডিট	দিসেন	2
ক্রেডিট	দিসেন	বাট	2
দিসেন	বাট	তাই	2
তাই	বলে	একবারে	2
বলে	একবারে	ফুল	2
একবারে	ফুল	কপি	2
ফুল	কপি	করবেন	2
কপি	করবেন	নাকি	2
সবাই	পাবে	১বার	2
থ্যাংক্স	টু	অল	2
ভাই	টেরমুক্স	এর	2
টেরমুক্স	এর	থিম	2
এটা	ডায়াল	করলেও	2
ডায়াল	করলেও	পাওয়া	2
করলেও	পাওয়া	যাবে	2
আমাদের	ওয়ার্ডেপ্রেস	সাইট	2
ওয়ার্ডেপ্রেস	সাইট	ফুল	2
সাইট	ফুল	ট্রিকবিডি	2
ফুল	ট্রিকবিডি	এর	2
এর	মতো	ভিসিট	2
হুম	পাইসি	৪০০	2
পাইসি	৪০০	মিনিট	2
গুগল	মামার	হেল্প	2
মামার	হেল্প	নিন	2
করে	পোস্ট	করসেন	2
পোস্ট	করসেন	থ্যাংকস	2
ট্রুকলার	দিবেন	প্লিজ	2
৭	মিন	পর	2
মিন	পর	কত	2
পর	কত	সাতশি	2
কত	সাতশি	দেই	2
তে	ভালো	এক	2
টা	পোস্ট	পেলাম	2
পোস্ট	পেলাম	আমি	2
পেলাম	আমি	অ্যাডমিন	2
আমি	অ্যাডমিন	প্যানেল	2
প্যানেল	এর	কেউ	2
এর	কেউ	হলে	2
কেউ	হলে	আপনার	2
হলে	আপনার	এসি	2
আপনার	এসি	তে	2
এসি	তে	১০০	2
তে	১০০	টাকা	2
১০০	টাকা	ইনক্লুড	2
টাকা	ইনক্লুড	করায়	2
ইনক্লুড	করায়	দিতাম	2
করায়	দিতাম	কীপ	2
দিতাম	কীপ	ইট	2
তুমি	কি	ফেইসবুক	2
কি	ফেইসবুক	চালাও	2
ফেইসবুক	চালাও	না	2
আস্সালামুআলাইকুম	থ্যাংক	ইউ	2
ভাল	পোস্ট	কেউ	2
পোস্ট	কেউ	দেয়	2
কেউ	দেয়	কোনো	2
দেয়	কোনো	কাজ	2
কাজ	নাই	আর	2
নাই	আর	করবে	2
আর	করবে	কি	2
হ্যালো	১০০	টাকা	2
টাকা	রিচার্জ	দিসি	2
রিচার্জ	দিসি	বাট	2
দিসি	বাট	পেন্ডিং	2
এ	আসে	কত	2
আসে	কত	সময়	2
সময়	পর	এ	2
পর	এ	পেতে	2
এ	পেতে	আশা	2
পেতে	আশা	করি	2
আশা	করি	এন্স	2
থ্যাংক্স	ফর	লাইক	2
পারতেসি	না	প্লিজ	2
প্লিজ	একটু	ড্রাইভ	2
একটু	ড্রাইভ	লিংক	2
আচ্ছা	ভাই	মাই	2
ভাই	মাই	স্যামসাঙ	2
মাই	স্যামসাঙ	ভি	2
স্যামসাঙ	ভি	প্লাস	2
ভি	প্লাস	রুট	2
প্লাস	রুট	করতে	2
মি	কিভাবে	করতে	2
কিভাবে	করতে	পারবো	2
তাহলে	এন্ড্রোইড	ফোন	2
এন্ড্রোইড	ফোন	রিভিউ	2
ফোন	রিভিউ	এর	2
রিভিউ	এর	ক্যাটাগরি	2
এর	ক্যাটাগরি	কিসের	2
ক্যাটাগরি	কিসের	জন্য	2
জন্য	দিসে	ভাই	2
ভাই	ওদের	কাম	2
ওদের	কাম	এ	2
কাম	এ	এগুলা	2
এ	এগুলা	বলে	2
এগুলা	বলে	লাভ	2
লাভ	নাই	নিজে	2
নাই	নিজে	তো	2
নিজে	তো	কিছু	2
তো	কিছু	করতে	2
কিছু	করতে	ই	2
করতে	ই	পারেনা	2
ই	পারেনা	আর	2
পারেনা	আর	যারা	2
আর	যারা	ভালো	2
যারা	ভালো	কিছু	2
ভালো	কিছু	মানুষকে	2
কিছু	মানুষকে	শিখাতে	2
মানুষকে	শিখাতে	চায়	2
শিখাতে	চায়	তাদের	2
চায়	তাদের	মন	2
তাদের	মন	মানসিকতা	2
মন	মানসিকতা	নষ্ট	2
মানসিকতা	নষ্ট	করে	2
নষ্ট	করে	দেয়	2
ইউসার	ভাই	তাইলে	2
ভাই	তাইলে	বলেন	2
তাইলে	বলেন	দিয়ে	2
বলেন	দিয়ে	তো	2
দিয়ে	তো	ডিলিট	2
তো	ডিলিট	বন্ধ	2
ডিলিট	বন্ধ	করলে	2
বন্ধ	করলে	খুলবে	2
করলে	খুলবে	কিভাবে	2
খুলবে	কিভাবে	সিস্টেম	2
কিভাবে	সিস্টেম	ডিলিট	2
সিস্টেম	ডিলিট	আগের	2
ডিলিট	আগের	মতো	2
আগের	মতো	হেল্প	2
মতো	হেল্প	১টা	2
হেল্প	১টা	প্রব্লেম	2
১টা	প্রব্লেম	এ	2
পেজা	একাউন্ট	এ	2
একাউন্ট	এ	কিভাবে	2
এ	কিভাবে	বিকাশ	2
বিকাশ	একাউন্ট	যোগ	2
একাউন্ট	যোগ	করবো	2
যোগ	করবো	আর	2
করবো	আর	ওইখানে	2
আর	ওইখানে	ট্রানসাকশান	2
ওইখানে	ট্রানসাকশান	আইডি	2
ট্রানসাকশান	আইডি	কিভাবে	2
আইডি	কিভাবে	বসাবো	2
কিভাবে	বসাবো	প্লিজজজ	2
বসাবো	প্লিজজজ	কেউ	2
প্লিজজজ	কেউ	জানলে	2
কি	লিংক	দিলেন	2
লিংক	দিলেন	পুরাই	2
দিলেন	পুরাই	ফাউল	2
স্পিড	বেশি	সিঙ্গাপুরে	2
সিপিসি	মার্কেটিং	সাইট	2
মার্কেটিং	সাইট	রেজিস্ট্রেশন	2
সাইট	রেজিস্ট্রেশন	করো	2
রেজিস্ট্রেশন	করো	আর	2
করো	আর	প্রতি	2
আর	প্রতি	ক্লিক	2
প্রতি	ক্লিক	এ	2
ক্লিক	এ	ইনকাম	2
এ	ইনকাম	করো	2
আপনি	ভাই	আসলেও	2
ভাই	আসলেও	একটা	2
আসলেও	একটা	বোকা	2
একটা	বোকা	টাইপ	2
বোকা	টাইপ	ইউসার	2
টাইপ	ইউসার	আপনি	2
ইউসার	আপনি	তো	2
আপনি	তো	আগের	2
তো	আগের	পোস্ট	2
পোস্ট	এ	এভেইল্যাবলে	2
এ	এভেইল্যাবলে	ব্যালান্স	2
এভেইল্যাবলে	ব্যালান্স	দিয়া	2
ব্যালান্স	দিয়া	এ	2
দিয়া	এ	উইথড্র	2
এ	উইথড্র	কথা	2
উইথড্র	কথা	বলেসিলেন	2
কথা	বলেসিলেন	তারপর	2
বলেসিলেন	তারপর	যখন	2
তারপর	যখন	কমেন্ট	2
যখন	কমেন্ট	এ	2
কমেন্ট	এ	ঝাড়ি	2
এ	ঝাড়ি	দিলাম	2
ঝাড়ি	দিলাম	তখন	2
দিলাম	তখন	আবার	2
তখন	আবার	পোস্ট	2
আবার	পোস্ট	ইডিট	2
পোস্ট	ইডিট	করে	2
ইডিট	করে	দিলেন	2
করে	দিলেন	আর	2
দিলেন	আর	এখন	2
আর	এখন	আমাকে	2
এখন	আমাকে	দোষ	2
আমাকে	দোষ	দিচ্ছেন	2
দোষ	দিচ্ছেন	আমি	2
দিচ্ছেন	আমি	কি	2
কি	আমার	পোস্ট	2
পোস্ট	এ	বলসি	2
এ	বলসি	যে	2
বলসি	যে	টেলিগ্রাম	2
যে	টেলিগ্রাম	বট	2
টেলিগ্রাম	বট	ফেক	2
বট	ফেক	আপনি	2
ফেক	আপনি	তো	2
আপনি	তো	কথা	2
তো	কথা	এ	2
কথা	এ	বুঝেন	2
বুঝেন	না	ঠিক	2
কাজ	করিয়েন	না	2
করিয়েন	না	কেউ	2
না	কেউ	পেমেন্ট	2
কেউ	পেমেন্ট	দেই	2
দেই	না	এগুলো	2
ভালো	করে	করার	2
করে	করার	অনুরোধ	2
ভাই	আমিও	পাইলাম	2
আমিও	পাইলাম	তাই	2
পাইলাম	তাই	সবাই	2
তাই	সবাই	কে	2
সবাই	কে	থ্যাংকস	2
আর	কত	ভাই	2
কত	ভাই	এইসব	2
ভাই	এইসব	এপ্রোভ	2
এইসব	এপ্রোভ	হয়	2
এপ্রোভ	হয়	কেমনে	2
হয়	কেমনে	কে	2
কেমনে	কে	জানে	2
কে	জানে	টীম	2
জানে	টীম	কই	2
এটা	খেলার	জন্য	2
খেলার	জন্য	রেম	2
জন্য	রেম	৭৬৮	2
রেম	৭৬৮	হতে	2
৭৬৮	হতে	হবে	2
হতে	হবে	৫১২	2
হবে	৫১২	এমবি	2
৫১২	এমবি	হলে	2
এমবি	হলে	৩	2
হলে	৩	মিনিট	2
৩	মিনিট	পরে	2
মিনিট	পরে	পরে	2
পরে	পরে	বার	2
পরে	বার	করে	2
বার	করে	দিবে	2
হাজার	ফোন	মেমরি	2
মেমরি	খালি	রাইখা	2
খালি	রাইখা	১০০	2
রাইখা	১০০	এমবি	2
১০০	এমবি	ফোন	2
এমবি	ফোন	মেমরি	2
ফোন	মেমরি	ব্যবহার	2
মেমরি	ব্যবহার	করতে	2
ব্রো	আপডেট	দেয়া	2
আপডেট	দেয়া	ট্রাই	2
দেয়া	ট্রাই	করেন	2
ট্রাই	করেন	ইনশাল্লাহ	2
করেন	ইনশাল্লাহ	স্পিড	2
ইনশাল্লাহ	স্পিড	পাবেন	2
মাশাল্লাহ	অনেক	সুন্দর	2
লেইখা	বড্ড	দৌষ	2
বড্ড	দৌষ	কইরা	2
দৌষ	কইরা	ফেলসি	2
কইরা	ফেলসি	রে	2
ম্যাচমেকিং	ফিক্স	হবে	2
ইনশাআল্লাহ	চেষ্টা	করবো	2
চেষ্টা	করবো	১	2
করবো	১	উইক	2
১	উইক	এর	2
উইক	এর	ভিতরে	2
এর	ভিতরে	নিয়ে	2
ভিতরে	নিয়ে	আসতে	2
এফবি	থেকে	নিন	2
বুঝলাম	যে	নেভিগেশন	2
যে	নেভিগেশন	বার	2
নেভিগেশন	বার	এ	2
একটা	পদ্ধতি	এটা	2
পদ্ধতি	এটা	বাট	2
এটা	বাট	বন্ধুদের	2
বাট	বন্ধুদের	চমকানোর	2
বন্ধুদের	চমকানোর	বিষয়	2
চমকানোর	বিষয়	টা	2
বুঝলাম	না	এতো	2
না	এতো	মানুষ	2
এতো	মানুষ	থাকতে	2
মানুষ	থাকতে	বন্ধুদের	2
থাকতে	বন্ধুদের	এ	2
বন্ধুদের	এ	কেন	2
এ	কেন	চমকাতে	2
কেন	চমকাতে	হবে	2
চমকাতে	হবে	একটা	2
হবে	একটা	ভালো	2
এর	সাথে	যদি	2
সাথে	যদি	ভালো	2
যদি	ভালো	একটা	2
একটা	টাইটেল	অ্যাড	2
টাইটেল	অ্যাড	করেন	2
অ্যাড	করেন	তাহলে	2
করেন	তাহলে	সেটা	2
তাহলে	সেটা	পড়তে	2
সেটা	পড়তে	আরো	2
পড়তে	আরো	ভালো	2
আরো	ভালো	লাগে	2
লাগে	বাট	এইসব	2
বাট	এইসব	টাইটেল	2
এইসব	টাইটেল	পড়লে	2
টাইটেল	পড়লে	নিজের	2
পড়লে	নিজের	এ	2
নিজের	এ	লজ্জা	2
এ	লজ্জা	লাগে	2
লজ্জা	লাগে	আর	2
লাগে	আর	আপনারা	2
আর	আপনারা	লেখেন	2
আপনারা	লেখেন	কিভাবে	2
লেখেন	কিভাবে	আল্লাহ	2
কিভাবে	আল্লাহ	ভালো	2
আল্লাহ	ভালো	জানে	2
ভালো	জানে	ভিউস	2
জানে	ভিউস	কামানোর	2
ভিউস	কামানোর	জন্য	2
কামানোর	জন্য	এইসব	2
জন্য	এইসব	টাইটেল	2
এইসব	টাইটেল	না	2
পোস্ট	করে	ভালো	2
করে	ভালো	একটা	2
একটা	টাইটেল	দেন	2
টাইটেল	দেন	ভিউস	2
দেন	ভিউস	এমনিই	2
ভিউস	এমনিই	হবে	2
এমনিই	হবে	আই	2
হবে	আই	হোপ	2
আই	হোপ	নেক্সট	2
হোপ	নেক্সট	টাইম	2
টাইম	থেকে	কথা	2
থেকে	কথা	গুলো	2
কথা	গুলো	মাথায়	2
গুলো	মাথায়	রেখে	2
মাথায়	রেখে	পোস্ট	2
রেখে	পোস্ট	লিখবেন	2
হুম	১টা	সেই	2
১টা	সেই	আনলিমিটেড	2
সেই	আনলিমিটেড	বার	2
আনলিমিটেড	বার	বার	2
ভাই	আপনার	ডিসপ্লের	2
আপনার	ডিসপ্লের	আইকন	2
ডিসপ্লের	আইকন	টা	2
আইকন	টা	দেখতে	2
টা	দেখতে	খুব	2
দেখতে	খুব	ভালো	2
খুব	ভালো	লেগেসে	2
ভালো	লেগেসে	কিভাবে	2
লেগেসে	কিভাবে	করলেন	2
কিভাবে	করলেন	কাইন্ডলি	2
করলেন	কাইন্ডলি	একটু	2
ব্রো	লোকেশন	টা	2
অফ	করে	যেই	2
করে	যেই	নাহ	2
যেই	নাহ	জাস্ট	2
নাহ	জাস্ট	হেডশট	2
জাস্ট	হেডশট	টা	2
হেডশট	টা	রাখতে	2
টা	রাখতে	চাই	2
রাখতে	চাই	লোকেশন	2
চাই	লোকেশন	দরকার	2
লোকেশন	দরকার	নেই	2
দরকার	নেই	লোকেশন	2
নেই	লোকেশন	টা	2
টা	অফ	করবো	2
এমনিতেই	গিটহাব	ই	2
গিটহাব	ই	ফ্রী	2
ই	ফ্রী	আরডিপি	2
ফ্রী	আরডিপি	সার্চ	2
আরডিপি	সার্চ	করে	2
সার্চ	করে	ফাইল	2
করে	ফাইল	পাবেন	2
মোবাইল	হবে	না	2
ট্রিকবিডি	তে	কে	2
তে	কে	কে	2
কে	কে	পোস্ট	2
কে	পোস্ট	করতে	2
করতে	চান	আমি	2
চান	আমি	আপনাদের	2
আমি	আপনাদের	পোস্ট	2
আপনাদের	পোস্ট	পাবলিশ	2
পোস্ট	পাবলিশ	করবো	2
পাবলিশ	করবো	কন্টাক্ট	2
মার্সম্যালোও	কোনো	এপ	2
কোনো	এপ	দিয়া	2
এপ	দিয়া	রুট	2
রুট	হবে	পিস	2
হবে	পিস	রিকভারি	2
পিস	রিকভারি	পোস্ট	2
রিকভারি	পোস্ট	করতাম	2
পোস্ট	করতাম	যদি	2
করতাম	যদি	ট্রেইনার	2
যদি	ট্রেইনার	আমার	2
ট্রেইনার	আমার	ভি৭৫	2
আমার	ভি৭৫	রুট	2
ভি৭৫	রুট	করলাম	2
রুট	করলাম	কয়েকদিন	2
করলাম	কয়েকদিন	তে	2
কয়েকদিন	তে	ফার্স্ট	2
তে	ফার্স্ট	আমি	2
ফার্স্ট	আমি	রুট	2
রুট	করছি	ভি৭৫	2
হচ্ছে	না	রেকানেকটিং	2
না	রেকানেকটিং	দেখায়	2
রেকানেকটিং	দেখায়	প্রতিবার	2
দেখায়	প্রতিবার	এয়ারটেল	2
প্রতিবার	এয়ারটেল	রবি	2
এয়ারটেল	রবি	দুইটা	2
রবি	দুইটা	তে	2
দুইটা	তে	ই	2
তে	ই	প্লিজ	2
ই	প্লিজ	হেল্প	2
কিছু	কিছু	হিংসুটে	2
কিছু	হিংসুটে	লোক	2
হিংসুটে	লোক	উপরে	2
লোক	উপরে	কমেন্ট	2
উপরে	কমেন্ট	করেসে	2
কমেন্ট	করেসে	পোস্ট	2
করেসে	পোস্ট	ডিলিট	2
পোস্ট	ডিলিট	করতে	2
ডিলিট	করতে	মানে	2
করতে	মানে	ওরা	2
মানে	ওরা	চায়	2
ওরা	চায়	না	2
চায়	না	ট্রিকবিডি	2
না	ট্রিকবিডি	এগিয়ে	2
ভাই	আমাকে	পয়েন্ট	2
আমাকে	পয়েন্ট	দিসে	2
পয়েন্ট	দিসে	আর	2
দিসে	আর	ইনভাইট	2
আর	ইনভাইট	এ	2
ইনভাইট	এ	পয়েন্ট	2
এ	পয়েন্ট	দিবে	2
পয়েন্ট	দিবে	আমি	2
দিবে	আমি	কেনো	2
আমি	কেনো	কম	2
কেনো	কম	পয়েন্ট	2
কম	পয়েন্ট	পাচ্ছি	2
আজব	তো	এগুলা	2
তো	এগুলা	পোস্ট	2
ইন্ট্রো	মেকার	ভালো	2
মেকার	ভালো	এপ	2
ভালো	এপ	থাকলে	2
এপ	থাকলে	শেয়ার	2
ভাইয়া	মুভি	টা	2
মুভি	টা	কি	2
কি	আমি	মুভি	2
আমি	মুভি	টা	2
মুভি	টা	ডাউনলোড	2
পারি	নাই	প্লিজ	2
প্লিজ	ভাই	কমেন্ট	2
কমেন্ট	এ	ডিরেক্ট	2
এ	ডিরেক্ট	ড্রাইভ	2
ডিরেক্ট	ড্রাইভ	লিংক	2
ভাই	একটু	দেন	2
একটু	দেন	ডাউনলোড	2
দেন	ডাউনলোড	লিংক	2
লিংক	টা	আপনার	2
টা	আপনার	ওয়েবসাইট	2
আপনার	ওয়েবসাইট	থেকে	2
না	প্লিজ	মুভি	2
প্লিজ	মুভি	টার	2
মুভি	টার	লিংক	2
টা	দেন	এইচডি	2
দেন	এইচডি	হয়	2
এইচডি	হয়	যেন	2
ওকে	করে	দেখি	2
ভাই	ইউটিউব	হলো	2
ইউটিউব	হলো	গুগল	2
হলো	গুগল	এর	2
গুগল	এর	আপনার	2
এর	আপনার	ব্রডব্যান্ড	2
আপনার	ব্রডব্যান্ড	প্রোভাইডার	2
ব্রডব্যান্ড	প্রোভাইডার	হয়তো	2
প্রোভাইডার	হয়তো	ইউটিউব	2
হয়তো	ইউটিউব	এফটিপি	2
ইউটিউব	এফটিপি	করে	2
এফটিপি	করে	রাখসে	2
করে	রাখসে	কারণ	2
রাখসে	কারণ	সবাই	2
কারণ	সবাই	ইউটিউব	2
সবাই	ইউটিউব	দেখে	2
ইউটিউব	দেখে	এইজন্য	2
দেখে	এইজন্য	ওইটাই	2
এইজন্য	ওইটাই	স্পিড	2
ওইটাই	স্পিড	বেশি	2
স্পিড	বেশি	পান	2
বেশি	পান	আর	2
পান	আর	১এমবি	2
আর	১এমবি	ওয়াইফাই	2
১এমবি	ওয়াইফাই	এ	2
ওয়াইফাই	এ	এভারেজ	2
এ	এভারেজ	এর	2
এভারেজ	এর	বেশি	2
এর	বেশি	পাবেন	2
বেশি	পাবেন	না	2
পাবেন	না	নরমাল	2
না	নরমাল	সার্ভার	2
হোয়াটস্যাপ	কি	চলে	2
গুগল	সার্চ	দাও	2
২৮০	টাকার	নিচে	2
টাকার	নিচে	হবে	2
নিচে	হবে	২৭০	2
হবে	২৭০	টাকা	2
২৭০	টাকা	দিয়ে	2
টাকা	দিয়ে	আমি	2
দিয়ে	আমি	কিনসি	2
আচ্ছা	ভাই	গুগল	2
গুগল	এ	হইতে	2
এ	হইতে	কয়টা	2
হইতে	কয়টা	ক্লিক	2
কয়টা	ক্লিক	লাগে	2
থ্যাংক্স	ব্রো	রিদমিক	2
ব্রো	রিদমিক	কিবোর্ড	2
রিদমিক	কিবোর্ড	আমার	2
কিবোর্ড	আমার	পিক	2
আমার	পিক	ঝাপসা	2
পিক	ঝাপসা	হয়	2
ঝাপসা	হয়	কেনো	2
থ্যাংক্স	ভাই	ভালো	2
ভাই	ভালো	কমেন্ট	2
থ্যাংকস	ভাই	তোমাকে	2
ভাই	তোমাকে	মিনিট	2
তোমাকে	মিনিট	নিলাম	2
মিনিট	নিলাম	ক্রেডিট	2
নিলাম	ক্রেডিট	৯৮২৮৩৬৮০	2
শেষ	পর্ব	মানে	2
পর্ব	মানে	কি	2
কি	ভাই	মাঝে	2
মাঝে	মাঝে	সুযোগ	2
মাঝে	সুযোগ	করে	2
সুযোগ	করে	পোস্ট	2
পোস্ট	করবেন	তা	2
করবেন	তা	মাস	2
তা	মাস	এ	2
মাস	এ	একবার	2
এ	একবার	হলেও	2
একবার	হলেও	প্লিজ	2
হলেও	প্লিজ	ভাই	2
ব্রো	রিকোয়েস্ট	মেসেজ	2
রিকোয়েস্ট	মেসেজ	দিসি	2
মেসেজ	দিসি	এফবি	2
তে	আসেন	একসেপ্ট	2
আসেন	একসেপ্ট	করেন	2
একসেপ্ট	করেন	নেম	2
করেন	নেম	ইউসার	2
জি	বলুন	কিভাবে	2
বলুন	কিভাবে	হেল্প	2
নিড	হেল্প	আমার	2
হেল্প	আমার	ইনভেস্ট	2
আমার	ইনভেস্ট	ছাড়া	2
ইনভেস্ট	ছাড়া	ক্যাশআউট	2
ছাড়া	ক্যাশআউট	হচ্ছে	2
ক্যাশআউট	হচ্ছে	না	2
হচ্ছে	না	অথচ	2
না	অথচ	পেআউট	2
অথচ	পেআউট	ব্যালান্স	2
পেআউট	ব্যালান্স	হইসে	2
এর	আগে	তো	2
আগে	তো	এই	2
ট্রিকবিডি	তে	দেখেনি	2
তে	দেখেনি	ভাই	2
দেখেনি	ভাই	১	2
ভাই	১	আওয়ার	2
১	আওয়ার	ধরে	2
পোস্ট	টা	লিখেসি	2
টা	লিখেসি	স্ক্রিনশট	2
লিখেসি	স্ক্রিনশট	গুলাও	2
স্ক্রিনশট	গুলাও	নিজের	2
গুলাও	নিজের	ওল্ড	2
নিজের	ওল্ড	হোক	2
ওল্ড	হোক	এর	2
হোক	এর	যাই	2
এর	যাই	হোক	2
যাই	হোক	আমি	2
হোক	আমি	নিজে	2
পোস্ট	টা	করেসি	2
টা	দিন	রুট	2
দিন	রুট	নিয়ে	2
রুট	নিয়ে	একটু	2
নিয়ে	একটু	দরকার	2
একটু	দরকার	ছিল	2
খাইসে	রে	কি	2
রে	কি	মোবাইল	2
কি	মোবাইল	বানাইতাসে	2
মোবাইল	বানাইতাসে	রে	2
এইভাবে	বলার	জন্য	2
বলার	জন্য	দুঃখিত	2
জন্য	দুঃখিত	ভাইয়া	2
দুঃখিত	ভাইয়া	কিন্তু	2
ভাইয়া	কিন্তু	ট্রিক	2
কিন্তু	ট্রিক	বিডি	2
ট্রিক	বিডি	তো	2
বিডি	তো	হেল্পিং	2
তো	হেল্পিং	ফ্যামিলি	2
হেল্পিং	ফ্যামিলি	সাইট	2
ফ্যামিলি	সাইট	তো	2
সাইট	তো	একটু	2
একটু	হেল্প	তো	2
হেল্প	তো	চাইতেই	2
তো	চাইতেই	পারি	2
আর	না	চলুক	2
না	চলুক	তাতে	2
চলুক	তাতে	কি	2
তাতে	কি	বের	2
কি	বের	হইসি	2
বের	হইসি	করবোনা	2
হইসি	করবোনা	বলেই	2
করবোনা	বলেই	তো	2
বলেই	তো	ফাও	2
তো	ফাও	চার্জ	2
ফাও	চার্জ	খাবে	2
চার্জ	খাবে	কেন	2
খাবে	কেন	এটা	2
কেন	এটা	কোনো	2
কোনো	সমস্যা	হলো	2
সমস্যা	হলো	ভালোই	2
হলো	ভালোই	তো	2
ভালোই	তো	এটা	2
ভাই	চেক	করছি	2
ভাইয়া	আপনার	মতো	2
আপনার	মতো	আমিও	2
মতো	আমিও	একি	2
আমিও	একি	সমস্যায়	2
একি	সমস্যায়	ভুগসি	2
সমস্যায়	ভুগসি	যদি	2
ভুগসি	যদি	রুট	2
যদি	রুট	করতে	2
রুট	করতে	পারেন	2
একটু	জানাবেন	আমারও	2
জানাবেন	আমারও	একি	2
আমারও	একি	ডিভাইস	2
এই	পোস্ট	১০	2
পোস্ট	১০	দিন	2
দিন	আগে	করসিলাম	2
করসিলাম	বাট	এম	2
বাট	এম	নট	2
এম	নট	অথর	2
হম্মম্ম	এইবার	আমার	2
এইবার	আমার	থেকে	2
আমার	থেকে	শিখে	2
থেকে	শিখে	পোস্ট	2
শিখে	পোস্ট	করলে	2
পোস্ট	করলে	ক্রেডিট	2
করলে	ক্রেডিট	দিবেন	2
করে	না	অফ	2
না	অফ	এখন	2
এক	জন	কয়	2
জন	কয়	না	2
কয়	না	করলে	2
না	করলে	বিপদ	2
করলে	বিপদ	আরেক	2
বিপদ	আরেক	জন	2
আরেক	জন	কয়	2
জন	কয়	করলে	2
কয়	করলে	বিপদ	2
করলে	বিপদ	আমরা	2
বিপদ	আমরা	এখন	2
আমরা	এখন	কোন	2
এখন	কোন	দিকে	2
কোন	দিকে	যাবো	2
এডগার্ড	এডব্লকের	এক্সটেনশন	2
এডব্লকের	এক্সটেনশন	ইউস	2
এক্সটেনশন	ইউস	করলেই	2
ইউস	করলেই	তো	2
তো	হয়	ওয়াইটি	2
হয়	ওয়াইটি	এর	2
ওয়াইটি	এর	পাশাপাশি	2
এর	পাশাপাশি	সব	2
পাশাপাশি	সব	ওয়েবসাইট	2
সব	ওয়েবসাইট	থেকেই	2
ওয়েবসাইট	থেকেই	এডব্লক	2
থেকেই	এডব্লক	করে	2
এডব্লক	করে	দেই	2
কিউই	এগুলো	দিয়ে	2
এগুলো	দিয়ে	আরামসে	2
দিয়ে	আরামসে	ইউস	2
আরামসে	ইউস	করতে	2
যায়	হোক	ভালো	2
হোক	ভালো	ছিল	2
ভালো	ছিল	পোস্ট	2
ছিল	পোস্ট	টা	2
ভোদার	আবাল	ডিস্ক	2
আবাল	ডিস্ক	ডিগার	2
ডিস্ক	ডিগার	নামানোর	2
ডিগার	নামানোর	পর	2
নামানোর	পর	৯এপস	2
পর	৯এপস	হয়ে	2
৯এপস	হয়ে	গেসে	2
হয়ে	গেসে	কেন	2
ঠিক	ভাই	আমি	2
ভাই	আমি	পাইনি	2
বাংলার	সেরা	আবাল	2
আওওওও	বেটাই	কই	2
বেটাই	কই	কি	2
দেখতেই	পাচ্ছি	তো	2
জিপি	জিপি	জিপি	2
জিপি	জিপি	প্লিজ	2
জিপি	প্লিজ	জিপি	2
প্লিজ	জিপি	সিম	2
সিম	এর	ফ্রী	2
নেট	আছে	ভাই	2
আছে	ভাই	শেয়ার	2
ভাই	শেয়ার	করবেন	2
শেয়ার	করবেন	কি	2
সরি	আপনার	জন্য	2
আপনার	জন্য	আর	2
জন্য	আর	কিছু	2
কিছু	করতে	পারবো	2
তোর	বাপে	গোয়া	2
বাপে	গোয়া	মারা	2
গোয়া	মারা	দেয়	2
মারা	দেয়	মারে	2
দেয়	মারে	আমি	2
মারে	আমি	চুদি	2
না	ভাই	ভি৮০	2
ভাই	ভি৮০	ঐভাবেও	2
ভি৮০	ঐভাবেও	হবে	2
ঐভাবেও	হবে	না	2
আগেও	দেখেসি	তবুও	2
দেখেসি	তবুও	থ্যাংকস	2
এ	ভাবেই	হয়	2
ভাবেই	হয়	এ	2
এ	ভাবেই	রিকভার	2
ভাবেই	রিকভার	করা	2
রিকভার	করা	যায়	2
করা	যায়	হ্যাক	2
যায়	হ্যাক	করা	2
ভাই	কানেক্ট	হইসি	2
কানেক্ট	হইসি	বাট	2
হইসি	বাট	ডাটা	2
বাট	ডাটা	না	2
ডাটা	না	থাকলে	2
হয়	না	আপনে	2
না	আপনে	কোন	2
আপনে	কোন	সিম	2
কোন	সিম	ইউস	2
সিম	ইউস	করেন	2
ইউস	করেন	এন্ড	2
করেন	এন্ড	ডাটা	2
এন্ড	ডাটা	ছাড়া	2
ডাটা	ছাড়া	কি	2
ছাড়া	কি	কানেক্ট	2
হয়	প্লিজ	এনসার	2
মেয়াদ	কতদিন	জানাবেন	2
আমি	সল্ভ	করতে	2
সল্ভ	করতে	পারবো	2
করতে	পারবো	এফবি	2
পারবো	এফবি	ইউজার্নামে	2
ভাই	পরের	স্ক্রিনে	2
পরের	স্ক্রিনে	রেবট	2
স্ক্রিনে	রেবট	চাইতেসে	2
রেবট	চাইতেসে	ইয়েস	2
চাইতেসে	ইয়েস	অর	2
ইয়েস	অর	নো	2
অর	নো	কি	2
নো	কি	করবো	2
সব	ভালো	লাগলো	2
ভালো	লাগলো	কিন্তু	2
লাগলো	কিন্তু	ফ্রেম	2
কিন্তু	ফ্রেম	এর	2
ফ্রেম	এর	কাজটা	2
এর	কাজটা	যদি	2
কাজটা	যদি	স্ক্রিন	2
যদি	স্ক্রিন	শট	2
স্ক্রিন	শট	দিয়া	2
শট	দিয়া	বুঝাইয়া	2
দিয়া	বুঝাইয়া	দিতেন	2
বুঝাইয়া	দিতেন	তাহলে	2
তাহলে	ভালো	হত	2
হত	আর	পারলে	2
আর	পারলে	একটা	2
ভিডিও	টিউটোরিয়াল	বানান	2
টিউটোরিয়াল	বানান	অল	2
বানান	অল	দা	2
ভাই	আমি	ফ্রেম	2
আমি	ফ্রেম	আপলোড	2
ফ্রেম	আপলোড	দিলে	2
আপলোড	দিলে	আবার	2
দিলে	আবার	প্রথমে	2
প্রথমে	চলে	আসে	2
চলে	আসে	হেল্প	2
হুম	পোস্ট	টি	2
টি	ভালো	লেগেছে	2
ভাই	হুশিয়ার	এই	2
হুশিয়ার	এই	এমবি	2
এই	এমবি	হইলো	2
এমবি	হইলো	ভুয়া	2
হইলো	ভুয়া	এমবি	2
ভুয়া	এমবি	কেউ	2
এমবি	কেউ	নিয়েন	2
কেউ	নিয়েন	না	2
নিয়েন	না	এই	2
না	এই	এমবি	2
এই	এমবি	১০০	2
এমবি	১০০	এমবি	2
এমবি	দিয়া	২০	2
দিয়া	২০	এমবি	2
২০	এমবি	ফাইল	2
এমবি	ফাইল	ডাউনলোড	2
ফাইল	ডাউনলোড	হবে	2
হবে	না	ডাটা	2
না	ডাটা	শেষ	2
ডাটা	শেষ	হইয়া	2
হইয়া	যাবে	জিপি	2
যাবে	জিপি	সুয়ারের	2
জিপি	সুয়ারের	বাচ্চা	2
সুয়ারের	বাচ্চা	চিটার	2
ট্রাই	করসেন	ইউসার	2
করসেন	ইউসার	ভাইয়া	2
কে	বললো	আমার	2
বললো	আমার	একটা	2
আমার	একটা	১	2
একটা	১	ইয়ার্স	2
১	ইয়ার্স	থেকে	2
ইয়ার্স	থেকে	আছে	2
থেকে	আছে	একটা	2
আছে	একটা	আইডি	2
একটা	আইডি	দিয়া	2
আইডি	দিয়া	একটা	2
দিয়া	একটা	একাউন্ট	2
একটা	একাউন্ট	করবেন	2
একাউন্ট	করবেন	থ্যাংকস	2
করবেন	থ্যাংকস	করার	2
থ্যাংকস	করার	জন্য	2
এসশট	দেওয়া	উচিত	2
দেওয়া	উচিত	ছিল	2
কাজ	করুন	আপনার	2
করুন	আপনার	ফ্রেন্ডস	2
আপনার	ফ্রেন্ডস	কি	2
ফ্রেন্ডস	কি	নিয়ে	2
কি	নিয়ে	এন্ড্রোইড	2
নিয়ে	এন্ড্রোইড	ফোন	2
এন্ড্রোইড	ফোন	দিয়ে	2
ফোন	দিয়ে	আপনার	2
দিয়ে	আপনার	ফোন	2
আপনার	ফোন	টাকে	2
ফোন	টাকে	আপনে	2
টাকে	আপনে	আপনার	2
আপনে	আপনার	ওই	2
আপনার	ওই	আইডি	2
ইন	করে	যে	2
করে	যে	যে	2
যে	যে	ফটো	2
যে	ফটো	গুলো	2
ফটো	গুলো	আসে	2
গুলো	আসে	বা	2
আসে	বা	যে	2
বা	যে	যে	2
যে	যে	নাম	2
যে	নাম	গুলা	2
নাম	গুলা	আসে	2
গুলা	আসে	সে	2
আসে	সে	নাম	2
সে	নাম	গুলা	2
নাম	গুলা	আপনার	2
গুলা	আপনার	ফ্রেন্ডস	2
ফ্রেন্ডস	দের	এফবি	2
দের	এফবি	থেকে	2
এফবি	থেকে	সার্চ	2
থেকে	সার্চ	দিতে	2
সার্চ	দিতে	বলেন	2
দিতে	বলেন	দেখুন	2
বলেন	দেখুন	যে	2
দেখুন	যে	কোনো	2
কোনো	একটা	নামের	2
একটা	নামের	সাথে	2
নামের	সাথে	একটা	2
সাথে	একটা	ফটো	2
একটা	ফটো	মিলে	2
ফটো	মিলে	যাবে	2
আর	কি	হয়ে	2
কি	হয়ে	গেল	2
হয়ে	গেল	আপনার	2
গেল	আপনার	কাজ	2
আমি	রুট	করে	2
রুট	করে	দিভ	2
করে	দিভ	নো	2
দিভ	নো	পিসি	2
নো	পিসি	নো	2
পিসি	নো	টিডব্লিউআরপি	2
ভাই	আনলিমিটেড	জিমেইল	2
আনলিমিটেড	জিমেইল	খুলার	2
জিমেইল	খুলার	পোস্ট	2
খুলার	পোস্ট	টার	2
ভাই	ওয়ার্ডেপ্রেস	যারা	2
ওয়ার্ডেপ্রেস	যারা	ইউস	2
যারা	ইউস	করে	2
ইউস	করে	তারা	2
করে	তারা	ঠিকই	2
তারা	ঠিকই	বুঝবে	2
ঠিকই	বুঝবে	বিগইনার	2
বুঝবে	বিগইনার	দের	2
বিগইনার	দের	জন্য	2
দের	জন্য	নই	2
জন্য	নই	আগে	2
নই	আগে	ওয়ার্ডেপ্রেস	2
আগে	ওয়ার্ডেপ্রেস	সম্পর্কে	2
ওয়ার্ডেপ্রেস	সম্পর্কে	ভালো	2
সম্পর্কে	ভালো	করে	2
ভালো	করে	জানুন	2
ভাই	ট্রিকবিডি	কিন্তু	2
ট্রিকবিডি	কিন্তু	এ	2
কিন্তু	এ	রকম	2
এ	রকম	ভুয়া	2
রকম	ভুয়া	কাজ	2
ভুয়া	কাজ	সমর্থন	2
কাজ	সমর্থন	করে	2
সমর্থন	করে	না	2
এই	কয়দিন	থেকে	2
কয়দিন	থেকে	আমার	2
থেকে	আমার	মোবাইল	2
অন	করলে	তাড়াতাড়ি	2
করলে	তাড়াতাড়ি	কেটে	2
তাড়াতাড়ি	কেটে	বন্ধ	2
কেটে	বন্ধ	করার	2
কোনো	উপায়	কোন	2
উপায়	কোন	এপ	2
কোন	এপ	বেশি	2
এপ	বেশি	এমবি	2
বেশি	এমবি	টানছে	2
এমবি	টানছে	সেটা	2
টানছে	সেটা	দেখার	2
সেটা	দেখার	কোনো	2
দেখার	কোনো	ওয়ে	2
কোনো	ওয়ে	বলেন	2
ওয়ে	বলেন	প্লিজ	2
ফ্রী	বেসিকস	এর	2
বেসিকস	এর	জন্যই	2
জন্যই	তো	আজ	2
তো	আজ	ফকির	2
আজ	ফকির	থেকে	2
ফকির	থেকে	একটু	2
থেকে	একটু	কম	2
একটু	কম	ফকির	2
কম	ফকির	তে	2
ফকির	তে	পড়লাম	2
নাইস	দেখেন	কমেন্ট	2
দেখেন	কমেন্ট	গুলা	2
কমেন্ট	গুলা	অনেকের	2
গুলা	অনেকের	কাজে	2
অনেকের	কাজে	আসতেসে	2
আপনি	কি	নিয়েছেন	2
কি	নিয়েছেন	অফারটা	2
নিয়েছেন	অফারটা	সত্যি	2
অফারটা	সত্যি	কি	2
সত্যি	কি	মেয়াদ	2
যাবে	প্লিজ	বলেন	2
কি	যে	দিছেন	2
যে	দিছেন	ডাউনলোড	2
ডাউনলোড	করতে	যে	2
করতে	যে	ঝামেলা	2
যে	ঝামেলা	আর	2
ঝামেলা	আর	আনফরচুনাটলি	2
আর	আনফরচুনাটলি	দেখায়	2
ব্রো	এর	কথায়	2
এর	কথায়	আমি	2
কথায়	আমি	একমত	2
আমি	একমত	শুধু	2
একমত	শুধু	দোআ	2
শুধু	দোআ	পাঠ	2
দোআ	পাঠ	করলেই	2
পাঠ	করলেই	হবেনা	2
করলেই	হবেনা	৫	2
হবেনা	৫	স্তম্ভ	2
৫	স্তম্ভ	সম্পর্কে	2
স্তম্ভ	সম্পর্কে	আগে	2
সম্পর্কে	আগে	লেখা	2
আগে	লেখা	উচিত	2
থ্যংক্স	ইউসার	ব্রো	2
এর	টাইটেল	দেখে	2
টাইটেল	দেখে	পোস্ট	2
দেখে	পোস্ট	দেখতে	2
পোস্ট	দেখতে	সেন্স	2
দেখতে	সেন্স	এর	2
সেন্স	এর	মতো	2
মতো	কথা	বলেন	2
বলেন	কেন	টাইটেল	2
কেন	টাইটেল	এ	2
টাইটেল	এ	তো	2
এ	তো	লেখাই	2
তো	লেখাই	আছে	2
লেখাই	আছে	ওল্ড	2
আছে	ওল্ড	পোস্ট	2
পোস্ট	আর	কি	2
আর	কি	সাবজেক্ট	2
কি	সাবজেক্ট	নিয়ে	2
সাবজেক্ট	নিয়ে	পোস্ট	2
নিয়ে	পোস্ট	টি	2
টি	করা	হয়েসে	2
হয়েসে	সেটা	তো	2
সেটা	তো	বলাই	2
তো	বলাই	মিসবিহেভ	2
বলাই	মিসবিহেভ	করার	2
মিসবিহেভ	করার	কোনো	2
করার	কোনো	কোয়েশ্চেন	2
কোনো	কোয়েশ্চেন	এ	2
কোয়েশ্চেন	এ	নেই	2
এ	নেই	টেনক্স	2
এফবিআই	থেকে	সাবধান	2
নেটফ্লিক্স	কুকিস	শেয়ার	2
কুকিস	শেয়ার	করবো	2
শেয়ার	করবো	দেখি	2
করবো	দেখি	প্রাইভেটলি	2
আপনার	মিমস	টা	2
মিমস	টা	সেরা	2
তাহলে	টাইটেল	এ	2
টাইটেল	এ	লেখেন	2
এ	লেখেন	নাই	2
লেখেন	নাই	কেনো	2
নাই	কেনো	আবাল	2
কেনো	আবাল	নং	2
আবাল	নং	১	2
২৪ঘন্টা	পরপর	আসে	2
চেক	ইওর	ইনবক্স	2
তে	নতুন	পোস্ট	2
নতুন	পোস্ট	এ	2
স্ক্রিনশট	অ্যাড	করবো	2
ভাই	কান্ট্রি	লক	2
কান্ট্রি	লক	থাকে	2
লক	থাকে	যে	2
থাকে	যে	সব	2
যে	সব	ফোন	2
ফোন	এ	ওইগোলায়	2
এ	ওইগোলায়	এভাবে	2
ওইগোলায়	এভাবে	ফরমেট	2
এভাবে	ফরমেট	করলে	2
ফরমেট	করলে	কি	2
করলে	কি	লক	2
কি	লক	খোলা	2
লক	খোলা	যাবে	2
খোলা	যাবে	কান্ট্রি	2
যাবে	কান্ট্রি	লক	2
কান্ট্রি	লক	খোলায়	2
লক	খোলায়	কোনো	2
খোলায়	কোনো	ওয়ে	2
আর	ভাই	ইউসার	2
ইউসার	ভাই	আপনাদের	2
আপনাদের	মতো	মেম্বার	2
মতো	মেম্বার	কে	2
মেম্বার	কে	ই	2
কে	ই	টিউনার	2
ই	টিউনার	করবে	2
হা	হা	স্টাইল	2
হা	স্টাইল	আপনি	2
স্টাইল	আপনি	সিএসএস	2
আপনি	সিএসএস	দিবো	2
সিএসএস	দিবো	কেডা	2
দিবো	কেডা	আবার	2
কেডা	আবার	স্টাইল	2
আবার	স্টাইল	বলেন	2
২৫০০০	বেশি	হইসে	2
ভাই	কিছু	বুঝলামনা	2
ভাই	আমার	চলে	2
না	সব	সিম	2
হবে	না	কাইন্ডলি	2
না	কাইন্ডলি	একটু	2
কাইন্ডলি	একটু	জানাবেন	2
থ্যাংক্স	ফোর	শেয়ার	2
ভাই	ভিডিও	দেখুন	2
ভিডিও	দেখুন	সব	2
দেখুন	সব	বুঝবেন	2
না	করার	কথা	2
করার	কথা	না	2
কথা	না	আপডেট	2
না	আপডেট	করে	2
আপডেট	করে	দিলাম	2
করে	দিলাম	চেক	2
দিলাম	চেক	প্লিজ	2
ভাই	বললে	ডিরেক্ট	2
বললে	ডিরেক্ট	বলে	2
ডিরেক্ট	বলে	দিতাম	2
বলে	দিতাম	ইটস	2
দিতাম	ইটস	ওকে	2
ইটস	ওকে	বাট	2
ওকে	বাট	ইউসার	2
বাট	ইউসার	ভাই	2
ভাই	কে	বললেন	2
কে	বললেন	কেমন	2
বললেন	কেমন	হলো	2
কেমন	হলো	ভাই	2
আগেই	জানি	তারপর	2
তারপর	ও	গুড	2
আমার	যে	কি	2
যে	কি	হবে	2
কি	হবে	মাত্র	2
হবে	মাত্র	আল্লাহ	2
মাত্র	আল্লাহ	জানেন	2
যারা	পারবেন	ভালো	2
পারবেন	ভালো	মানের	2
মানের	পোস্ট	করেন	2
পোস্ট	করেন	এত	2
করেন	এত	ঝাড়ি	2
এত	ঝাড়ি	দেওয়ার	2
ঝাড়ি	দেওয়ার	কি	2
ভাই	ডিলিট	অপশন	2
ডিলিট	অপশন	নাই	2
অপশন	নাই	নইলে	2
নাই	নইলে	ডিলিট	2
নইলে	ডিলিট	দিতাম	2
ডিলিট	দিতাম	আসলে	2
দিতাম	আসলে	আমি	2
আসলে	আমি	জানি	2
জানি	না	পোস্ট	2
না	পোস্ট	টা	2
পোস্ট	টা	ছিল	2
টা	ছিল	কি	2
ছিল	কি	না	2
বিটিসি	এরকম	লিখে	2
এরকম	লিখে	সার্চ	2
লিখে	সার্চ	দিতে	2
সার্চ	দিতে	হবে	2
ফালতু	সফটওয়্যার	সেকেন্ড	2
সফটওয়্যার	সেকেন্ড	পার	2
সেকেন্ড	পার	৬০০কেবি	2
পার	৬০০কেবি	আপ	2
৬০০কেবি	আপ	খায়	2
আপ	খায়	এর	2
খায়	এর	চাইস	2
এর	চাইস	জাগোবিডি	2
চাইস	জাগোবিডি	কত	2
জাগোবিডি	কত	ভালো	2
কত	ভালো	এমবি	2
ভালো	এমবি	এক	2
এমবি	এক	দমি	2
এক	দমি	কম	2
দমি	কম	খায়	2
ওয়ার্কিং	ভাই	সমস্যা	2
ভাই	সমস্যা	হলে	2
সমস্যা	হলে	আমাকে	2
হলে	আমাকে	এসএমএস	2
আমাকে	এসএমএস	দেন	2
অনেক	ভাবে	চালানো	2
ভাবে	চালানো	যায়	2
চালানো	যায়	তবে	2
যায়	তবে	এই	2
তবে	এই	সিস্টেম	2
সিস্টেম	কাজ	করসে	2
ললিপপ	এ	ইনস্টল	2
এ	ইনস্টল	করলে	2
ইনকোগনিতো	ট্যাব	ইউস	2
ট্যাব	ইউস	করলে	2
ইউস	করলে	অলওয়েজ	2
করলে	অলওয়েজ	ডিফারেন্ট	2
অলওয়েজ	ডিফারেন্ট	ফেক	2
ডিফারেন্ট	ফেক	মেইল	2
ফেক	মেইল	এড্রেস	2
মেইল	এড্রেস	ইউস	2
এড্রেস	ইউস	করলে	2
ইউস	করলে	আনলিমিটেড	2
করলে	আনলিমিটেড	ব্যাস	2
আনলিমিটেড	ব্যাস	এর	2
ব্যাস	এর	টিউন	2
এর	টিউন	সেপারেট	2
টিউন	সেপারেট	করতে	2
সেপারেট	করতে	পারবেন	2
করতে	পারবেন	সিউর	2
পারবেন	সিউর	আমি	2
সিউর	আমি	নিজেই	2
আমি	নিজেই	৪বার	2
নিজেই	৪বার	করলাম	2
৪বার	করলাম	এখন	2
করলাম	এখন	পর্যন্ত	2
এখন	পর্যন্ত	টিউটোরিয়াল	2
পর্যন্ত	টিউটোরিয়াল	দেখেন	2
টিউটোরিয়াল	দেখেন	যদি	2
দেখেন	যদি	বুঝতে	2
যদি	বুঝতে	অসুবিধা	2
বুঝতে	অসুবিধা	হয়	2
ঠিক	আছে	লিংক	2
আছে	লিংক	ভাই	2
ভাই	বায়ার	দের	2
বায়ার	দের	কোনো	2
দের	কোনো	দিন	2
কোনো	দিন	অন্যের	2
দিন	অন্যের	ডিসাইন	2
অন্যের	ডিসাইন	দিবেন	2
না	আপনি	নিজে	2
আপনি	নিজে	যত	2
নিজে	যত	টুকু	2
যত	টুকু	পারেন	2
টুকু	পারেন	ওইটুকুই	2
পারেন	ওইটুকুই	যথেষ্ট	2
ওইটুকুই	যথেষ্ট	নিজের	2
যথেষ্ট	নিজের	ক্রিয়েটিভিটি	2
নিজের	ক্রিয়েটিভিটি	দিয়ে	2
ক্রিয়েটিভিটি	দিয়ে	যতটুকু	2
দিয়ে	যতটুকু	পারেন	2
যতটুকু	পারেন	ওইটুকুই	2
পারেন	ওইটুকুই	এনাফ	2
ওইটুকুই	এনাফ	ডিসাইন	2
এনাফ	ডিসাইন	পারেন	2
ডিসাইন	পারেন	না	2
পারেন	না	তো	2
তো	কি	হইসে	2
কি	হইসে	শিখে	2
হইসে	শিখে	নিবেন	2
শিখে	নিবেন	তাও	2
নিবেন	তাও	বায়ার	2
তাও	বায়ার	কে	2
বায়ার	কে	কপি	2
কে	কপি	ডিসাইন	2
কপি	ডিসাইন	দিবেন	2
দিবেন	না	বায়ার	2
না	বায়ার	যদি	2
বায়ার	যদি	কোনো	2
যদি	কোনো	ভাবেই	2
কোনো	ভাবেই	বুঝতে	2
ভাবেই	বুঝতে	পারে	2
বুঝতে	পারে	আপনার	2
পারে	আপনার	টা	2
টা	কপি	ডিসাইন	2
কপি	ডিসাইন	তাহলে	2
ডিসাইন	তাহলে	মনে	2
তাহলে	মনে	করেন	2
করেন	আপনার	একাউন্ট	2
আপনার	একাউন্ট	হারাইলেন	2
একাউন্ট	হারাইলেন	আর	2
হারাইলেন	আর	ফাইভর	2
আর	ফাইভর	যদি	2
ফাইভর	যদি	ধরে	2
যদি	ধরে	ফেলি	2
ধরে	ফেলি	তাইলে	2
ফেলি	তাইলে	ডিরেক্ট	2
তাইলে	ডিরেক্ট	ওয়ার্নিং	2
ডিরেক্ট	ওয়ার্নিং	দিয়ে	2
ওয়ার্নিং	দিয়ে	দিবো	2
দিয়ে	দিবো	সো	2
দিবো	সো	বি	2
না	ব্রো	চার্জ	2
ব্রো	চার্জ	প্রযোজ্য	2
চার্জ	প্রযোজ্য	না	2
প্রযোজ্য	না	কেবল	2
না	কেবল	রিসিভড	2
কেবল	রিসিভড	করলে	2
রিসিভড	করলে	টাকা	2
আমি	তো	এপ	2
তো	এপ	টা	2
নো	অ্যাডস	ভাই	2
অ্যাডস	ভাই	আমি	2
মেক	করছি	এপস	2
করছি	এপস	কোনো	2
এপস	কোনো	অ্যাডস	2
কোনো	অ্যাডস	এর	2
অ্যাডস	এর	ঝামেলা	2
এর	ঝামেলা	রাখি	2
ঝামেলা	রাখি	নাই	2
ক্লেন	লেভেল	কত	2
আপনি	ভুল	করসেন	2
ভুল	করসেন	করতাসেন	2
ব্রো	কোন	এপ	2
কোন	এপ	দিয়া	2
এপ	দিয়া	২টা	2
দিয়া	২টা	একই	2
২টা	একই	এপ	2
একই	এপ	একখানে	2
এপ	একখানে	করসো	2
এই	হালার	পো	2
হালার	পো	ট্রিকবিডি	2
পো	ট্রিকবিডি	তে	2
ট্রিকবিডি	তে	এখনো	2
তে	এখনো	কি	2
এখনো	কি	করে	2
এক্সট্র্যাক্ট	করার	সময়	2
করার	সময়	৪টা	2
সময়	৪টা	ফাইল	2
৪টা	ফাইল	এরর	2
ফাইল	এরর	দেখায়	2
এরর	দেখায়	এনি	2
দেখায়	এনি	সল্যুশন	2
প্লিজ	আমার	আগের	2
আগের	পোস্ট	টি	2
টি	দেখুন	সাথেই	2
দেখুন	সাথেই	থাকুন	2
ভাই	আপাতত	কোনো	2
আপাতত	কোনো	সার্ভার	2
কোনো	সার্ভার	পাচ্ছে	2
সার্ভার	পাচ্ছে	না	2
পাচ্ছে	না	পেলে	2
না	পেলে	ইনশাল্লাহ	2
পেলে	ইনশাল্লাহ	দিবো	2
ভাই	কিভাবে	টার্গেট	2
কিভাবে	টার্গেট	আইডি	2
বাগ	আছে	বেশিদিন	2
আছে	বেশিদিন	ইউস	2
বেশিদিন	ইউস	করতে	2
১	টা	মোবাইল	2
টা	মোবাইল	দিয়া	2
মোবাইল	দিয়া	কয়েকটা	2
দিয়া	কয়েকটা	একাউন্ট	2
কয়েকটা	একাউন্ট	খুলে	2
একাউন্ট	খুলে	পেমেন্ট	2
খুলে	পেমেন্ট	নেয়া	2
প্রিমিয়াম	ভার্সন	কবে	2
ভার্সন	কবে	পাবো	2
কবে	পাবো	ভার্সন	2
পাবো	ভার্সন	কি	2
ভার্সন	কি	পেইড	2
কি	পেইড	হবে	2
পেইড	হবে	নাকি	2
ইউস	ফ্রেশ	ভাচুয়াল	2
ফ্রেশ	ভাচুয়াল	এপিকে	2
ভাচুয়াল	এপিকে	টু	2
এপিকে	টু	প্লে	2
হ্যালো	মিতাই	কিনেমাস্টার	2
মিতাই	কিনেমাস্টার	প্রো	2
কিনেমাস্টার	প্রো	প্যাচ	2
প্রো	প্যাচ	করার	2
প্যাচ	করার	সিস্টেম	2
সিস্টেম	দেন	আর	2
দেন	আর	কয়েকদিন	2
আর	কয়েকদিন	আমার	2
কয়েকদিন	আমার	ভিডিও	2
আমার	ভিডিও	লেয়ার	2
ভিডিও	লেয়ার	আর	2
লেয়ার	আর	থাকবেনা	2
৩জি	পে	না	2
পে	না	ভালো	2
না	ভালো	মতো	2
ভালো	মতো	আবার	2
মতো	আবার	৪	2
আবার	৪	জি	2
৪	জি	আনছে	2
তারপর	লেখা	আসে	2
ব্রো	আননোন	বুটলোডার	2
আননোন	বুটলোডার	কিভাবে	2
বুটলোডার	কিভাবে	আনলক	2
আনলক	করবো	হুয়াওয়ে	2
করবো	হুয়াওয়ে	ওয়াই৩আইই	2
হুয়াওয়ে	ওয়াই৩আইই	ইউ	2
ওয়াই৩আইই	ইউ	২২	2
একটা	কল	দেন	2
মেবি	বুঝতে	পারিনি	2
বুঝতে	পারিনি	ব্রো	2
অটো	কমেন্ট	কি	2
কমেন্ট	কি	নিজের	2
কি	নিজের	আইডি	2
নিজের	আইডি	তে	2
আইডি	তে	নেওয়া	2
নেওয়া	যাবে	নাকি	2
যাবে	নাকি	অন্যের	2
নাকি	অন্যের	পোস্ট	2
অন্যের	পোস্ট	তেও	2
পোস্ট	তেও	অটো	2
তেও	অটো	কমেন্ট	2
অটো	কমেন্ট	হবে	2
তবে	এটার	দাম	2
এটার	দাম	আর	2
দাম	আর	একটু	2
একটু	বেশি	দোকানে	2
বেশি	দোকানে	নেট	2
দোকানে	নেট	এ	2
নেট	এ	কম	2
এ	কম	পাইসি	2
ইউসার	আপনার	রেফার্ড	2
আপনার	রেফার্ড	এপস	2
রেফার্ড	এপস	গুলো	2
এপস	গুলো	সত্যই	2
গুলো	সত্যই	ভালো	2
ভাই	একটু	আগে	2
একটা	পোস্ট	হইছিলো	2
পোস্ট	হইছিলো	গেম	2
হইছিলো	গেম	নিয়ে	2
গেম	নিয়ে	কই	2
নিয়ে	কই	গেলো	2
সব	ই	করলাম	2
ই	করলাম	হয়না	2
আনফরচুনাটলি	দেখায়	এপিকে	2
দেখায়	এপিকে	রিবিল্ড	2
এপিকে	রিবিল্ড	করলে	2
১	ঘন্টা	মাইক	2
ঘন্টা	মাইক	ছাড়া	2
মাইক	ছাড়া	খেললে	2
ছাড়া	খেললে	২০এমবি	2
খেললে	২০এমবি	সহ	2
২০এমবি	সহ	মানে	2
সহ	মানে	কথা	2
মানে	কথা	বলে	2
কথা	বলে	খেললে	2
বলে	খেললে	৫০এমবি	2
আমার	আইএসপি	শোটাইমবিডি	2
আইএসপি	শোটাইমবিডি	এফটিপি	2
শোটাইমবিডি	এফটিপি	সাপোর্টড	2
এফটিপি	সাপোর্টড	আমার	2
সাপোর্টড	আমার	প্রক্সি	2
আমার	প্রক্সি	পোর্ট	2
প্রক্সি	পোর্ট	ইউস	2
পোর্ট	ইউস	করতে	2
করতে	পারেন	স্লো	2
পারেন	স্লো	হবে	2
স্লো	হবে	কারণ	2
হবে	কারণ	আমার	2
কারণ	আমার	টা	2
আমার	টা	৫এমবিপিএস	2
টা	৫এমবিপিএস	প্রক্সি	2
৫এমবিপিএস	প্রক্সি	পোর্ট	2
তাইলে	লাগবে	না	2
লাগবে	না	এরকম	2
না	এরকম	ট্রিকবিডি	2
এরকম	ট্রিকবিডি	তে	2
তে	অনেক	আছে	2
আপনি	লিংক	না	2
না	দিলে	সবাই	2
দিলে	সবাই	আপনাকে	2
সবাই	আপনাকে	রিপোর্ট	2
আপনাকে	রিপোর্ট	দিবে	2
সকাল	থেকে	কাজ	2
থেকে	কাজ	করতেসেনা	2
কাজ	করতেসেনা	কেনো	2
করতেসেনা	কেনো	তাহলে	2
কেনো	তাহলে	কি	2
তাহলে	কি	অফিসিয়াল	2
কি	অফিসিয়াল	ভাবে	2
অফিসিয়াল	ভাবে	বন্ধ	2
ভাবে	বন্ধ	করে	2
ওওও	সরি	করা	2
সরি	করা	হইসে	2
করা	হইসে	তা	2
হইসে	তা	জানি	2
ফিচারস	কি	মড	2
কি	মড	করছেন	2
মড	করছেন	তো	2
করছেন	তো	কেমনে	2
তো	কেমনে	একটু	2
মেসেজ	হাইড	বাটন	2
হাইড	বাটন	লিংক	2
বাটন	লিংক	নট	2
এ	ডিটেলস	দেওয়া	2
ডিটেলস	দেওয়া	হবে	2
দেওয়া	হবে	থাকুন	2
হবে	থাকুন	থ্যাংকস	2
কাজ	করে	আপডেট	2
করে	আপডেট	আসছে	2
আপডেট	আসছে	নতুন	2
এক	সাথে	২৫০এমবি	2
সাথে	২৫০এমবি	যত	2
২৫০এমবি	যত	বার	2
যত	বার	খুশি	2
বার	খুশি	কিনতে	2
খুশি	কিনতে	পারবেন	2
কিনতে	পারবেন	শেষ	2
পারবেন	শেষ	হলে	2
শেষ	হলে	আবার	2
হলে	আবার	কিনবেন	2
কিভাবে	কিনবো	কোড	2
কিনবো	কোড	প্লিজ	2
ভাইয়া	আমারও	মাস্টার	2
আমারও	মাস্টার	কার্ড	2
মাস্টার	কার্ড	গুগল	2
কার্ড	গুগল	গিফট	2
গিফট	কার্ড	লাগবে	2
ফোন	দিয়ে	কেমনে	2
দিয়ে	কেমনে	ইনস্টল	2
কেমনে	ইনস্টল	দিমু	2
ফুল	স্পাম	এটা	2
স্পাম	এটা	স্পাম	2
এটা	স্পাম	করার	2
স্পাম	করার	জায়গা	2
জায়গা	না	পরের	2
না	পরের	বার	2
পরের	বার	এমন	2
বার	এমন	হলে	2
এমন	হলে	ডিরেক্ট	2
হলে	ডিরেক্ট	ব্লক	2
এ	গিয়ে	খুলুন	2
ওপেন	ইউনিভার্সিটি	এর	2
ইউনিভার্সিটি	এর	টা	2
এর	টা	কবে	2
টা	কবে	দিবে	2
কবে	দিবে	ঐটা	2
দিবে	ঐটা	নিয়ে	2
শুধু	ভিডিও	দিয়ে	2
দিয়ে	পোস্ট	শেষ	2
পোস্ট	শেষ	কইরেন	2
শেষ	কইরেন	নাহ	2
কইরেন	নাহ	আর	2
নাহ	আর	কিভাবে	2
আর	কিভাবে	এডসেন্স	2
কিভাবে	এডসেন্স	এর	2
এডসেন্স	এর	অ্যাড	2
এর	অ্যাড	গুলা	2
অ্যাড	গুলা	বানায়	2
গুলা	বানায়	এবং	2
বানায়	এবং	তা	2
এবং	তা	আমার	2
তা	আমার	এপ	2
আমার	এপ	এ	2
এপ	এ	ঠিক	2
এ	ঠিক	মতো	2
ঠিক	মতো	যাতে	2
মতো	যাতে	ফিট	2
যাতে	ফিট	হয়য়	2
ফিট	হয়য়	এগুলাও	2
হয়য়	এগুলাও	ক্লিয়ারলি	2
এগুলাও	ক্লিয়ারলি	বলতে	2
ক্লিয়ারলি	বলতে	হবে	2
ওয়েব	এ	কিভাবে	2
এ	কিভাবে	ওয়েবসাইট	2
কিভাবে	ওয়েবসাইট	বানাইসেন	2
ব্রাদার	ডাউনলোড	করেছি	2
করেছি	বাট	চলেনা	2
বাট	চলেনা	আপনি	2
চলেনা	আপনি	এখন	2
আপনি	এখন	১বার	2
এখন	১বার	ট্রাই	2
১বার	ট্রাই	করেন	2
ট্রাই	করেন	এন্ড	2
করেন	এন্ড	কমেন্ট	2
এন্ড	কমেন্ট	এ	2
কমেন্ট	এ	জানান	2
না	আন্ডার	১৮	2
এটা	খালি	কপি	2
ওটা	এই	যদি	2
এই	যদি	করবো	2
যদি	করবো	তাইলে	2
করবো	তাইলে	আপনাকে	2
তাইলে	আপনাকে	জিগালাম	2
আপনাকে	জিগালাম	কেন	2
অ্যাডমিন	ভাইয়া	আমি	2
পোস্ট	করেসি	ঐটা	2
করেসি	ঐটা	এখনো	2
ঐটা	এখনো	পেইন্ডিং	2
ব্রো	আমাকে	হইতো	2
আমাকে	হইতো	তুমি	2
হইতো	তুমি	চিনো	2
তুমি	চিনো	নাই	2
চিনো	নাই	ট্রিকবিডি	2
ট্রিকবিডি	ছাড়া	অন্যান্য	2
ছাড়া	অন্যান্য	সাইট	2
অন্যান্য	সাইট	গুলা	2
সাইট	গুলা	ভিসিট	2
গুলা	ভিসিট	করলে	2
ভিসিট	করলে	কাওকে	2
করলে	কাওকে	দলে	2
কাওকে	দলে	ই	2
দলে	ই	রাখি	2
ই	রাখি	নাই	2
রাখি	নাই	জীবনে	2
নাই	জীবনে	ও	2
২০১৭	সাল	থেকে	2
সাল	থেকে	অপেক্ষায়	2
থেকে	অপেক্ষায়	সিলাম	2
অপেক্ষায়	সিলাম	কবে	2
সিলাম	কবে	রেজিস্ট্রেশন	2
কবে	রেজিস্ট্রেশন	করবো	2
রেজিস্ট্রেশন	করবো	অবশেষে	2
করবো	অবশেষে	আজকে	2
অবশেষে	আজকে	পারলাম	2
আজকে	পারলাম	থ্যাংক্স	2
পারলাম	থ্যাংক্স	ব্রো	2
ভাবে	উপস্থাপন	করেছেন	2
উপস্থাপন	করেছেন	সত্যিই	2
করেছেন	সত্যিই	প্রশংসাণীয়	2
এনভিডিয়া	শিল্ড	টিভি	2
শিল্ড	টিভি	এর	2
টিভি	এর	গেম	2
এর	গেম	কোনোটাই	2
গেম	কোনোটাই	মোবাইল	2
কোনোটাই	মোবাইল	এ	2
মোবাইল	এ	চলবে	2
চলবে	না	তবে	2
না	তবে	রুটেড	2
তবে	রুটেড	ইউসার	2
রুটেড	ইউসার	রা	2
ইউসার	রা	জিটুলস	2
রা	জিটুলস	দিয়া	2
জিটুলস	দিয়া	ট্রাই	2
দেখতে	পারে	তাই	2
তাই	যারা	ডাউনলাড	2
যারা	ডাউনলাড	করবে	2
ডাউনলাড	করবে	বুঝে	2
করবে	বুঝে	তারপর	2
বুঝে	তারপর	ডাউনলাড	2
তারপর	ডাউনলাড	করো	2
নট	ফাউন্ড	দেখাসে	2
ফাউন্ড	দেখাসে	ডাউনলোড	2
দেখাসে	ডাউনলোড	করবো	2
আপনি	কি	ফ্রী	2
কি	ফ্রী	চলসে	2
ভাই	আমি	অনেক্ষণ	2
আমি	অনেক্ষণ	দয়া	2
অনেক্ষণ	দয়া	ট্রাই	2
দয়া	ট্রাই	করলাম	2
ট্রাই	করলাম	পাচ্ছি	2
করলাম	পাচ্ছি	না	2
প্রো	দিয়ে	অপারেমিনি	2
দিয়ে	অপারেমিনি	এমএক্স	2
অপারেমিনি	এমএক্স	প্লেয়ার	2
প্লেয়ার	এর	মতো	2
এর	মতো	এপস	2
মতো	এপস	এডিট	2
এপস	এডিট	করে	2
ইউনিট	কিভাবে	দিবো	2
কিভাবে	দিবো	কাইন্ডলি	2
দিবো	কাইন্ডলি	যদি	2
আপনার	চ্যানেল	ই	2
চ্যানেল	ই	খুঁজে	2
ই	খুঁজে	এমন	2
করা	ইমেজ	ছিল	2
ইমেজ	ছিল	বাট	2
ছিল	বাট	মোবাইল	2
বাট	মোবাইল	টা	2
এখন	কি	ওই	2
দিয়ে	আনতে	পারবো	2
টাইটেল	এ	লিখেদিসি	2
এ	লিখেদিসি	মার্শাম্যালো	2
লিখেদিসি	মার্শাম্যালো	ট্রিক	2
ব্লগ	নাই	ওয়ার্ডেপ্রেস	2
নাই	ওয়ার্ডেপ্রেস	এর	2
ওয়ার্ডেপ্রেস	এর	আছে	2
পোস্ট	ভাই	অনেক	2
আমার	একাউন্ট	ভেরিফাই	2
একাউন্ট	ভেরিফাই	করা	2
ভেরিফাই	করা	কিন্তু	2
করা	কিন্তু	আমার	2
কিন্তু	আমার	জন্য	2
আমার	জন্য	এভাইলেবেল	2
জন্য	এভাইলেবেল	দেখাচ্ছে	2
এভাইলেবেল	দেখাচ্ছে	না	2
ইসস	এই	পিক	2
এই	পিক	দিয়ে	2
পিক	দিয়ে	একটা	2
পোস্ট	করছি	ভাবছি	2
করছি	ভাবছি	আমার	2
ভাবছি	আমার	পোস্ট	2
আমার	পোস্ট	বাট	2
পোস্ট	বাট	একি	2
বাট	একি	অবস্থা	2
অ্যাড	টু	কার্ড	2
টু	কার্ড	জেনারেট	2
কার্ড	জেনারেট	কোড	2
জেনারেট	কোড	পেস্ট	2
পেস্ট	করলে	সিভিসি	2
করলে	সিভিসি	অ্যাড	2
সিভিসি	অ্যাড	হয়	2
না	কিভাবে	করবো	2
বুঝলাম	ভাই	কিভাবে	2
ভাই	কিভাবে	ডলার	2
ডলার	ইনকাম	হয়	2
ইনকাম	হয়	বিস্তারিত	2
হয়	বিস্তারিত	জানাবেন	2
বিস্তারিত	জানাবেন	প্লিজ	2
ফলো	করার	জন্য	2
করার	জন্য	কাউকে	2
জন্য	কাউকে	সার্চ	2
কাউকে	সার্চ	দিলে	2
সার্চ	দিলে	কোনো	2
দিলে	কোনো	রেজাল্ট	2
কোনো	রেজাল্ট	আসে	2
রেজাল্ট	আসে	না	2
সবাই	তো	বলসে	2
তো	বলসে	যে	2
বলসে	যে	নট	2
যে	নট	ওয়ার্কিং	2
ফেক	আইএমইআই	ইউস	2
আইএমইআই	ইউস	করে	2
ইউস	করে	খেললে	2
ডিভাইস	ব্যান	হবে	2
ভাইয়া	প্লিজ	১	2
প্লিজ	১	ঘণ্টা	2
১	ঘণ্টা	সময়	2
ঘণ্টা	সময়	দিন	2
সময়	দিন	আমি	2
দিন	আমি	যেই	2
আমি	যেই	দুই	2
যেই	দুই	টা	2
দুই	টা	পোস্ট	2
টা	পোস্ট	ডিলেট	2
পোস্ট	ডিলেট	করতেছি	2
ডিলেট	করতেছি	ওই	2
করতেছি	ওই	পোস্ট	2
ওই	পোস্ট	গুলা	2
গুলা	আবার	করবো	2
আবার	করবো	১	2
করবো	১	ঘণ্টা	2
১	ঘণ্টা	পরে	2
ঘণ্টা	পরে	পোস্ট	2
পরে	পোস্ট	গুলা	2
গুলা	আবার	রিভিউ	2
আবার	রিভিউ	করুন	2
রিভিউ	করুন	যদি	2
করুন	যদি	বৃষ্টি	2
যদি	বৃষ্টি	না	2
বৃষ্টি	না	হয়	2
না	হয়	তা	2
তা	হলে	অবশই	2
হলে	অবশই	করে	2
অবশই	করে	দেখাবো	2
আপাতত	যেটা	ডিফল্ট	2
যেটা	ডিফল্ট	আছে	2
ডিফল্ট	আছে	সেটা	2
আছে	সেটা	তেই	2
সেটা	তেই	খুলে	2
তেই	খুলে	পরে	2
খুলে	পরে	সেটিং	2
পরে	সেটিং	এ	2
সেটিং	এ	ঠিক	2
এ	ঠিক	করে	2
আমাকে	ম্যাসেজ	দিন	2
জানতাম	বাট	থ্যাংক্স	2
বুস্টার	ইউস	করলে	2
ইউস	করলে	আইডি	2
করলে	আইডি	সাসপেন্ড	2
আইডি	সাসপেন্ড	হয়	2
সাসপেন্ড	হয়	অনেক	2
হয়	অনেক	দেখসি	2
থ্যাংক	নাইস	পোস্ট	2
ভাই	সিম্ফনি	জেড৩৫	2
সিম্ফনি	জেড৩৫	রুট	2
জেড৩৫	রুট	করার	2
করার	একটা	টিউটোরিয়াল	2
তা	ঠিক	বলতে	2
তোরা	কি	বলবি	2
কি	বলবি	এমন	2
বলবি	এমন	আবাল	2
এমন	আবাল	মার্কা	2
মার্কা	পোস্ট	দিলে	2
পোস্ট	দিলে	তোরা	2
দিলে	তোরা	শুধু	2
তোরা	শুধু	শুনবি	2
শুধু	শুনবি	বলার	2
শুনবি	বলার	কিছু	2
বলার	কিছু	থাকবে	2
থাকবে	না	উল্টা	2
না	উল্টা	কিক	2
উল্টা	কিক	খাবি	2
কিক	খাবি	কেনো	2
খাবি	কেনো	জানোস	2
কেনো	জানোস	তুই	2
জানোস	তুই	এখানে	2
তুই	এখানে	তোর	2
এখানে	তোর	চ্যানেল	2
তোর	চ্যানেল	এর	2
এর	সাবস্ক্রাইবার	বাড়াতে	2
সাবস্ক্রাইবার	বাড়াতে	এসেসিস	2
বাড়াতে	এসেসিস	নেক্সট	2
এসেসিস	নেক্সট	পোস্ট	2
নেক্সট	পোস্ট	করবি	2
পোস্ট	করবি	তার	2
করবি	তার	জন্য	2
তার	জন্য	তোর	2
জন্য	তোর	চ্যানেল	2
তোর	চ্যানেল	সাবস্ক্রাইব	2
চ্যানেল	সাবস্ক্রাইব	করতে	2
সাবস্ক্রাইব	করতে	হবে	2
হবে	কেনো	এটার	2
কেনো	এটার	এন্স	2
এটার	এন্স	দে	2
এন্স	দে	আর	2
দে	আর	মান্থলি	2
আর	মান্থলি	২৮০০০	2
মান্থলি	২৮০০০	টাকা	2
২৮০০০	টাকা	ইনকাম	2
টাকা	ইনকাম	করসিস	2
ইনকাম	করসিস	আবাল	2
করসিস	আবাল	তোর	2
আবাল	তোর	পোস্ট	2
তোর	পোস্ট	ঠিক	2
পোস্ট	ঠিক	কর	2
ঠিক	কর	আর	2
কর	আর	ধান্দাবাজি	2
আর	ধান্দাবাজি	বাদ	2
ধান্দাবাজি	বাদ	দে	2
থ্যাংক্স	বাট	এসএস	2
বাট	এসএস	দিলে	2
লেজেন্ড	কাম	ব্যাক	2
কাম	ব্যাক	ব্রাদার	2
ব্যাক	ব্রাদার	মাঝে	2
ব্রাদার	মাঝে	মাঝে	2
মাঝে	মাঝে	হারিয়ে	2
মাঝে	হারিয়ে	যায়	2
হারিয়ে	যায়	কেনো	2
ভাইয়া	ভিভো	এর	2
ভিভো	এর	জন্য	2
ফার্স্ট	টাইম	রেজিস্ট্রেশন	2
টাইম	রেজিস্ট্রেশন	করলে	2
রেজিস্ট্রেশন	করলে	পাবেন	2
আসেন	সব	সমাধান	2
সব	সমাধান	পাবেন	2
অন্য	কার্ড	দিয়ে	2
কার্ড	দিয়ে	ট্রাই	2
ট্রাই	করুন	ভাই	2
করুন	ভাই	অবশ্যই	2
ভাই	অবশ্যই	লাইভ	2
অবশ্যই	লাইভ	কার্ড	2
লাইভ	কার্ড	দিয়ে	2
কার্ড	দিয়ে	করবেন	2
মামা	করে	মেনি	2
করে	মেনি	থ্যাংকস	2
ভাইয়া	আপনি	এক	2
আপনি	এক	কমেন্ট	2
এক	কমেন্ট	বার	2
বার	বার	কেনো	2
বার	কেনো	করসেন	2
এই	চিপসেট	এর	2
চিপসেট	এর	আছে	2
এর	আছে	আমি	2
আমি	গুগল	পাই	2
গুগল	পাই	নাই	2
কবে	পোস্ট	দিবেন	2
সাউন্ড	টা	অনেক	2
অনেক	ভালো	স্পিকার	2
ভালো	স্পিকার	এর	2
স্পিকার	এর	মতো	2
এর	মতো	যেহেতু	2
মতো	যেহেতু	ব্যাটারী	2
যেহেতু	ব্যাটারী	দিয়ে	2
ব্যাটারী	দিয়ে	চালানো	2
দিয়ে	চালানো	হবে	2
চালানো	হবে	তাই	2
হবে	তাই	এতো	2
তাই	এতো	অল্প	2
এতো	অল্প	খরচে	2
অল্প	খরচে	অনেক	2
খরচে	অনেক	লাভ	2
অনেক	লাভ	আমি	2
লাভ	আমি	৪	2
৪	টা	তৈরী	2
টা	তৈরী	করেছিলাম	2
তৈরী	করেছিলাম	সবগুলো	2
করেছিলাম	সবগুলো	সাউন্ড	2
সবগুলো	সাউন্ড	ভালোই	2
নিজেই	জানেন	না	2
জানেন	না	আবার	2
মেসেজ	আসে	নাহহ	2
আসে	নাহহ	কেনো	2
নাহহ	কেনো	ভেরিফাই	2
কেনো	ভেরিফাই	করার	2
ভেরিফাই	করার	জন্য	2
আপনি	কয়টা	ক্রিয়েট	2
কয়টা	ক্রিয়েট	করসেন	2
ব্রো	ট্যাম্পোরারি	মেইল	2
ট্যাম্পোরারি	মেইল	দিয়া	2
মেইল	দিয়া	কি	2
দিয়া	কি	কয়েনবেস	2
কি	কয়েনবেস	একাউন্ট	2
কয়েনবেস	একাউন্ট	খুলা	2
ব্রো	টা	নেট	2
টা	নেট	থেকে	2
নেট	থেকে	নামানো	2
থেকে	নামানো	না	2
নামানো	না	আমার	2
না	আমার	ফ্রেন্ড	2
ফ্রেন্ড	এর	পিসি	2
এর	পিসি	থেকে	2
পিসি	থেকে	নেওয়া	2
থেকে	নেওয়া	লাগলে	2
নেওয়া	লাগলে	এফবি	2
পুরাই	গাধা	মার্কা	2
আইডি	টা	এমন	2
টা	এমন	হয়ে	2
এমন	হয়ে	গেসে	2
কি	করে	এফবি	2
তে	মেসেজ	করবো	2
মেসেজ	করবো	ব্রো	2
করবো	ব্রো	তুমি	2
ব্রো	তুমি	একটু	2
তুমি	একটু	মেসেজ	2
একটু	মেসেজ	করে	2
মেসেজ	করে	দাও	2
করে	দাও	আমার	2
দাও	আমার	আইডি	2
আইডি	টা	আইডি	2
টা	আইডি	প্লিজ	2
আইডি	প্লিজ	হেল্প	2
বুটলুপ	এ	আটকে	2
এ	আটকে	থাকে	2
আটকে	থাকে	অলওয়েজ	2
থাকে	অলওয়েজ	এক্সপোসড	2
অলওয়েজ	এক্সপোসড	ম্যানেজার	2
এক্সপোসড	ম্যানেজার	এ	2
ম্যানেজার	এ	ঢুকলে	2
এ	ঢুকলে	দেখায়	2
ঢুকলে	দেখায়	স্যামসাঙ	2
দেখায়	স্যামসাঙ	এর	2
স্যামসাঙ	এর	টাচওইজ	2
এর	টাচওইজ	উইআই	2
টাচওইজ	উইআই	এর	2
উইআই	এর	জন্য	2
এর	জন্য	চলবে	2
জন্য	চলবে	না	2
চলবে	না	এক্সপোসড	2
না	এক্সপোসড	ফ্রেমওয়ার্ক	2
এক্সপোসড	ফ্রেমওয়ার্ক	এদিকে	2
ফ্রেমওয়ার্ক	এদিকে	এক্সপোসড	2
এদিকে	এক্সপোসড	লস্পস্ড	2
এক্সপোসড	লস্পস্ড	এর	2
লস্পস্ড	এর	জন্য	2
জন্য	মিনিমাম	এন্ড্রোইড	2
মিনিমাম	এন্ড্রোইড	৮	2
এন্ড্রোইড	৮	লাগে	2
৮	লাগে	এক্সপোসড	2
লাগে	এক্সপোসড	ফ্রেমওয়ার্ক	2
ফ্রেমওয়ার্ক	ইনস্টল	এর	2
ইনস্টল	এর	অল্টারনেটিভ	2
এর	অল্টারনেটিভ	কোনো	2
অল্টারনেটিভ	কোনো	ওয়ে	2
ওয়ে	থাকলে	জানায়েন	2
থাকলে	জানায়েন	প্লিজ	2
যখন	যে	সিম	2
সিম	এ	ফ্রী	2
এ	ফ্রী	চলবে	2
ফ্রী	চলবে	ওই	2
চলবে	ওই	সিম	2
কি	ভাই	কেনো	2
ভাই	কেনো	এগুলো	2
কেনো	এগুলো	করেন	2
থ্যাংকস	এটাই	জানতে	2
এটাই	জানতে	চেয়ে	2
জানতে	চেয়ে	ছিলাম	2
চেয়ে	ছিলাম	যেই	2
ছিলাম	যেই	আইডি	2
যেই	আইডি	তে	2
আইডি	তে	লাইক	2
তে	লাইক	নেবো	2
লাইক	নেবো	ওটার	2
নেবো	ওটার	কিছু	2
ওটার	কিছু	হবে	2
কিছু	হবে	কি	2
বলেন	ভাই	পোস্ট	2
ভাই	পোস্ট	অনুযায়ী	2
অনুযায়ী	কাজ	করেছেন	2
কাজ	করেছেন	তো	2
ছোট	ভাই	২	2
ভাই	২	টার	2
২	টার	ভিতর	2
টার	ভিতর	তো	2
ভিতর	তো	বেশি	2
তো	বেশি	ব্যাবধান	2
বেশি	ব্যাবধান	পাই	2
ব্যাবধান	পাই	না	2
কিছু	এপস	এর	2
এপস	এর	কারণে	2
এর	কারণে	আসে	2
কারণে	আসে	ওগুলো	2
আসে	ওগুলো	আনইনস্টল	2
ওগুলো	আনইনস্টল	করেদিন	2
মিনিমাম	রেম	কত	2
রেম	কত	লাগবে	2
কত	লাগবে	নাকি	2
লাগবে	নাকি	অল	2
নাকি	অল	ল্যাপটপ	2
অল	ল্যাপটপ	এ	2
ল্যাপটপ	এ	করা	2
আমি	খুব	সরি	2
খুব	সরি	প্লিজ	2
সরি	প্লিজ	ফরগিভ	2
প্লিজ	ফরগিভ	মি	2
ফরগিভ	মি	আমি	2
মি	আমি	আর	2
আর	কখনো	বেশি	2
কখনো	বেশি	মেইল	2
বেশি	মেইল	বারবার	2
মেইল	বারবার	করবো	2
বারবার	করবো	না	2
করবো	না	আমাকে	2
না	আমাকে	প্লিজ	2
আমাকে	প্লিজ	আনস্প্যাম	2
প্লিজ	আনস্প্যাম	করে	2
আনস্প্যাম	করে	দেন	2
করে	দেন	নাহলে	2
দেন	নাহলে	আমি	2
নাহলে	আমি	আর	2
যোগাযোগ	করতে	পারবো	2
করতে	পারবো	নাহ	2
ভাইয়া	একটা	সাইট	2
সাইট	এ	কয়টা	2
এ	কয়টা	অ্যাড	2
কয়টা	অ্যাড	নেটওয়ার্ক	2
অ্যাড	নেটওয়ার্ক	বসানো	2
নেটওয়ার্ক	বসানো	যায়	2
ভাইয়া	আপনি	বিষয়	2
আপনি	বিষয়	টা	2
বিষয়	টা	বুঝেন	2
টা	বুঝেন	নি	2
বুঝেন	নি	ওই	2
নি	ওই	ইমেইল	2
ওই	ইমেইল	গুলা	2
ইমেইল	গুলা	কোথাও	2
গুলা	কোথাও	ইউস	2
কোথাও	ইউস	করলে	2
ইউস	করলে	ওখান	2
করলে	ওখান	থেকে	2
ওখান	থেকে	যে	2
থেকে	যে	মেইল	2
যে	মেইল	আসবে	2
মেইল	আসবে	সেই	2
আসবে	সেই	মেসেজ	2
সেই	মেসেজ	গুলা	2
মেসেজ	গুলা	আপনার	2
গুলা	আপনার	মেইন	2
ইমেইল	এ	যাবে	2
এ	যাবে	আপনার	2
যাবে	আপনার	মেইন	2
ইমেইল	এ	ফরওয়ার্ড	2
এ	ফরওয়ার্ড	করবে	2
ফরওয়ার্ড	করবে	কোনো	2
করবে	কোনো	সন্দেহ	2
কোনো	সন্দেহ	থাকলে	2
সন্দেহ	থাকলে	আপনার	2
থাকলে	আপনার	ওই	2
আপনার	ওই	মেইল	2
ওই	মেইল	এ	2
মেইল	এ	মেসেজ	2
এ	মেসেজ	করে	2
মেসেজ	করে	দেখতে	2
দেখতে	পারেন	থ্যাংক	2
এনলতে	স্টোর	এ	2
পেয়ে	যাবেন	পোস্ট	2
যাবেন	পোস্ট	এও	2
পোস্ট	এও	লিংক	2
এও	লিংক	দিয়েছে	2
বালের	একটা	ভিপিএন	2
একটা	ভিপিএন	ইনস্টল	2
ভিপিএন	ইনস্টল	করার	2
পর	থেকে	মোবাইল	2
থেকে	মোবাইল	পুরা	2
মোবাইল	পুরা	স্লো	2
পুরা	স্লো	হইয়াগেসে	2
কই	আচ্ছা	লিংক	2
আচ্ছা	লিংক	দিন	2
টাকা	টোটাল	৪৫টাকা	2
টোটাল	৪৫টাকা	নিতে	2
৪৫টাকা	নিতে	ক্যান	2
নিতে	ক্যান	তারা	2
ক্যান	তারা	প্লিজ	2
ভাইয়া	কিপরো	কারেন্সি	2
কিপরো	কারেন্সি	মানে	2
কারেন্সি	মানে	কী	2
মানে	কী	যদি	2
কী	যদি	একটু	2
২০১৩	এর	ইমেজ	2
এর	ইমেজ	দেখে	2
ইমেজ	দেখে	ভালো	2
ভালো	লাগলো	ফীল	2
লাগলো	ফীল	ইট	2
ফীল	ইট	হেয়ার	2
পোস্ট	দেখে	নিয়ে	2
দেখে	নিয়ে	নিলাম	2
নিয়ে	নিলাম	থ্যাংক	2
সাবমিট	করার	কত	2
করার	কত	ক্ষণ	2
ক্ষণ	পর	কনফার্ম	2
পর	কনফার্ম	হবে	2
কাজ	করা	ভালো	2
করা	ভালো	করা	2
ভালো	করা	ট্রাই	2
করা	ট্রাই	করুন	2
ব্রো	সিডি	লেখার	2
সিডি	লেখার	পর	2
লেখার	পর	এন্টার	2
পর	এন্টার	দিলে	2
এন্টার	দিলে	নো	2
দিলে	নো	সাচ	2
নো	সাচ	ফাইল	2
সাচ	ফাইল	সামথিং	2
ফাইল	সামথিং	দেখায়	2
সামথিং	দেখায়	প্লিজ	2
ওয়েবসাইট	দিয়া	অন্য	2
দিয়া	অন্য	কোনো	2
অন্য	কোনো	অথর	2
কোনো	অথর	এর	2
অথর	এর	পোস্ট	2
এ	কমেন্ট	করলে	2
করলে	কমেন্ট	অ্যাওয়েটিং	2
কমেন্ট	অ্যাওয়েটিং	ফর	2
অ্যাওয়েটিং	ফর	মডারেশন	2
মডারেশন	দেখায়	কিন্তু	2
দেখায়	কিন্তু	এপ	2
কিন্তু	এপ	দিয়া	2
এপ	দিয়া	কমেন্ট	2
দিয়া	কমেন্ট	করলাম	2
কমেন্ট	করলাম	সেটা	2
করলাম	সেটা	আর	2
সেটা	আর	দেখালো	2
আর	দেখালো	না	2
তে	তো	কন্ট্রিবিউটর	2
তো	কন্ট্রিবিউটর	হইলে	2
কন্ট্রিবিউটর	হইলে	এবার	2
হইলে	এবার	এটাতে	2
এবার	এটাতে	সাবস্ক্রাইব	2
এটাতে	সাবস্ক্রাইব	হতে	2
সাবস্ক্রাইব	হতে	চাস	2
হতে	চাস	নাকি	2
চাস	নাকি	বাজে	2
নাকি	বাজে	কমেন্ট	2
কমেন্ট	করস	কেন	2
করস	কেন	নিজে	2
কেন	নিজে	কন্টাক্ট	2
নিজে	কন্টাক্ট	করতে	2
কন্টাক্ট	করতে	পারিস	2
করতে	পারিস	না	2
পারিস	না	সেটা	2
না	সেটা	বল	2
জিপিইউ	পাওয়ার	ভি	2
পাওয়ার	ভি	আর	2
ভি	আর	এটাই	2
আর	এটাই	খেলা	2
এটাই	খেলা	যাবে	2
যার	নাম্বার	আর	2
নাম্বার	আর	এসএমএস	2
আর	এসএমএস	ট্র্যাক	2
এসএমএস	ট্র্যাক	করবো	2
ট্র্যাক	করবো	তার	2
করবো	তার	নাম্বার	2
তার	নাম্বার	কোথায়	2
নাম্বার	কোথায়	দিবো	2
মনের	মতো	পোস্ট	2
মতো	পোস্ট	পাইলাম	2
পোস্ট	পাইলাম	ধন্যবাদ	2
পাইলাম	ধন্যবাদ	ভাই	2
দেখসি	বাট	পেমেন্টস	2
বাট	পেমেন্টস	প্রুফ	2
পেমেন্টস	প্রুফ	ছাড়া	2
ছাড়া	পোস্ট	করার	2
করার	নিয়ম	নাই	2
নিয়ম	নাই	আমি	2
নাই	আমি	করসিলাম	2
আমি	করসিলাম	ট্রেনার	2
কোড	কোথায়	শুধু	2
কোথায়	শুধু	শুধু	2
ওয়াইফাই	পাসওয়ার্ড	আসলে	2
পাসওয়ার্ড	আসলে	কেমনে	2
আসলে	কেমনে	জানা	2
কেমনে	জানা	যায়	2
এই	রকম	করবো	2
রকম	করবো	কেন	2
আপনার	ডিভাইস	প্রব্লেম	2
ভারত	চাইনার	কাছে	2
চাইনার	কাছে	বাঁশ	2
কাছে	বাঁশ	খেয়ে	2
বাঁশ	খেয়ে	শেষ	2
খেয়ে	শেষ	পর্যন্ত	2
শেষ	পর্যন্ত	এপ	2
পর্যন্ত	এপ	ব্যানড	2
ব্রো	ডাটা	টাইপ	2
করা	আছে	পোস্ট	2
পোস্ট	এ	ক্যাটাগরি	2
এ	ক্যাটাগরি	থেকে	2
ক্যাটাগরি	থেকে	পর্ব	2
থেকে	পর্ব	২	2
পর্ব	২	দেখে	2
২	দেখে	নিন	2
নিন	ব্রো	কাজ	2
ব্রো	কাজ	এ	2
হেল্প	প্লিজ	জাস্ট	2
প্লিজ	জাস্ট	ক্লিক	2
জাস্ট	ক্লিক	এ	2
ক্লিক	এ	ক্লিক	2
ক্লিক	করলে	বার	2
করলে	বার	বার	2
বার	বার	একি	2
বার	একি	কথা	2
একি	কথা	বলে	2
কথা	বলে	প্রিপারিং	2
বলে	প্রিপারিং	অ্যাডস	2
প্রিপারিং	অ্যাডস	প্লিজ	2
অ্যাডস	প্লিজ	ট্রাই	2
প্লিজ	ট্রাই	ল্যাটার	2
ট্রাই	ল্যাটার	কি	2
ল্যাটার	কি	করবো	2
ভিডিও	তে	আসে	2
তে	আসে	শর্ট	2
আসে	শর্ট	ভিডিও	2
শর্ট	ভিডিও	থেকে	2
ভিডিও	থেকে	করসি	2
ভাই	অনেক	লেগ	2
অনেক	লেগ	করবে	2
ফাউল	করে	না	2
অ্যাডমিনিস্ট্রেটর	প্লিজ	রিভিও	2
প্লিজ	রিভিও	মাই	2
রিভিও	মাই	পোস্ট	2
এগুলো	কেউ	চাইবে	2
কেউ	চাইবে	এই	2
চাইবে	এই	কথা	2
এই	কথা	টা	2
কথা	টা	বুঝলাম	2
ওই	বেটা	তার	2
বেটা	তার	টা	2
তার	টা	কি	2
কি	আমি	তোর	2
আমি	তোর	পাসায়	2
তোর	পাসায়	লাগাবো	2
পাসায়	লাগাবো	নাকি	2
ভাই	ডিকশেনারী	গুলা	2
ডিকশেনারী	গুলা	জিপ	2
ফাইল	করে	আপলোড	2
করে	আপলোড	দিলেই	2
আপলোড	দিলেই	অনেক	2
দিলেই	অনেক	উপকৃত	2
ইউটিউব	ব্লগার	এডসেন্স	2
ব্লগার	এডসেন্স	ডাটা	2
এডসেন্স	ডাটা	এন্ট্রি	2
ডাটা	এন্ট্রি	এসইও	2
এন্ট্রি	এসইও	সম্মান	2
এসইও	সম্মান	কাজ	2
সম্মান	কাজ	করতে	2
কাজ	করতে	ক্যান	2
করতে	ক্যান	সো	2
ক্যান	সো	ভিসিট	2
সো	ভিসিট	ফ্রীল্যান্সিরবিডি	2
ভিসিট	ফ্রীল্যান্সিরবিডি	ব্লগস্পট	2
ফ্রীল্যান্সিরবিডি	ব্লগস্পট	কম	2
ব্লগস্পট	কম	সব	2
কম	সব	বাংলায়	2
সব	বাংলায়	পরুন	2
সব	কিছু	নিজে	2
কিছু	নিজে	ট্রাই	2
পোস্ট	করি	আর	2
করি	আর	আমি	2
টা	কপি	করিনি	2
কপি	করিনি	আর	2
করিনি	আর	পোস্ট	2
করার	আগে	অনেকবার	2
আগে	অনেকবার	সার্চ	2
অনেকবার	সার্চ	করেসি	2
সার্চ	করেসি	কোনো	2
করেসি	কোনো	পোস্ট	2
কোনো	পোস্ট	পাইনি	2
পোস্ট	পাইনি	আর	2
পাইনি	আর	হুম	2
আর	হুম	ঠিক	2
হুম	ঠিক	বলেসেন	2
ঠিক	বলেসেন	আমাদের	2
বলেসেন	আমাদের	জন্যই	2
আমাদের	জন্যই	ট্রিকবিডি	2
জন্যই	ট্রিকবিডি	মানহীন	2
ট্রিকবিডি	মানহীন	হয়ে	2
মানহীন	হয়ে	যাচ্ছে	2
২০	ডলার	হয়তে	2
ডলার	হয়তে	১	2
হয়তে	১	ইয়ার	2
১	ইয়ার	লাগবো	2
টাইম	ম্যাটার্স	ভয়েস	2
ম্যাটার্স	ভয়েস	বেটার	2
ব্রো	লাভা	আইরিস	2
৫০৫	কাস্টম	রিকভারি	2
কাস্টম	রিকভারি	নিয়ে	2
রিকভারি	নিয়ে	একটা	2
পোস্ট	দিন	ব্রো	2
জানতাম	বাট	অসাধারণ	2
বাট	অসাধারণ	ভাই	2
ময়মেনসিংহ	থানা	নান্দাইল	2
ভাইয়া	ওয়াল্টন	প্রিমো	2
প্রিমো	জিএফ	৩	2
জিএফ	৩	এর	2
৩	এর	জন্য	2
জন্য	ভালো	১টা	2
ভালো	১টা	ললিপপ	2
১টা	ললিপপ	কাস্টম	2
ললিপপ	কাস্টম	রোম	2
খালি	লিনাক্স	প্রো	2
লিনাক্স	প্রো	দের	2
প্রো	দের	জন্য	2
দের	জন্য	নিউ	2
জন্য	নিউ	দের	2
ভাই	কিভাবে	বলে	2
কিভাবে	বলে	যাবে	2
কল	বাটন	ছাড়া	2
বাটন	ছাড়া	আর	2
আর	কিছু	চেপে	2
কিছু	চেপে	কি	2
চেপে	কি	স্ক্রিনশর্ট	2
কি	স্ক্রিনশর্ট	নিয়া	2
স্ক্রিনশর্ট	নিয়া	যাবে	2
থ্যংকক	কমেন্ট	এর	2
এর	জন্য	বি	2
জন্য	বি	বি	2
বি	বি	বি	2
বি	বি	ইউ	2
বি	ইউ	টি	2
ইউ	টি	এমন	2
টি	এমন	করে	2
এমন	করে	ভাই	2
ভাই	একটু	ওয়েট	2
একটু	ওয়েট	আপনাদের	2
ওয়েট	আপনাদের	জন্য	2
জন্য	ওয়েবটানেল	দেয়ার	2
ওয়েবটানেল	দেয়ার	ফ্রী	2
দেয়ার	ফ্রী	নেট	2
ফ্রী	নেট	আনতেসে	2
এপ	দিয়া	হয়	2
হয়	না	অবশেষে	2
না	অবশেষে	পিসি	2
অবশেষে	পিসি	দিয়া	2
পিসি	দিয়া	রুট	2
দিয়া	রুট	করলাম	2
ব্যাকআপ	করার	জন্য	2
কোন	এপ	ভালো	2
ওল্ড	সাইট	অনেক	2
সাইট	অনেক	পোস্ট	2
করা	হইসিলো	এটা	2
হইসিলো	এটা	নিয়ে	2
এটা	নিয়ে	প্লাস	2
নিয়ে	প্লাস	এখন	2
প্লাস	এখন	আর	2
এখন	আর	ঠিকভাবে	2
আর	ঠিকভাবে	এসব	2
ঠিকভাবে	এসব	কাজ	2
এসব	কাজ	করে	2
করে	না	বললেন	2
না	বললেন	ড্রপ	2
বললেন	ড্রপ	যাবে	2
ড্রপ	যাবে	না	2
যাবে	না	ড্রপ	2
না	ড্রপ	হবে	2
ড্রপ	হবে	এতো	2
হবে	এতো	কষ্ট	2
কষ্ট	করে	আর্টিকেল	2
করে	আর্টিকেল	লিখেন	2
আর্টিকেল	লিখেন	ইউনিক	2
লিখেন	ইউনিক	টপিক	2
ইউনিক	টপিক	নিয়ে	2
টপিক	নিয়ে	কাজ	2
নিয়ে	কাজ	করেন	2
কাজ	করেন	ভাইয়া	2
এর	একটা	ম্যাজিক	2
একটা	ম্যাজিক	মেডিউল	2
ম্যাজিক	মেডিউল	হলেই	2
মেডিউল	হলেই	তো	2
হয়ে	যায়	এতো	2
যায়	এতো	ঝামেলা	2
এতো	ঝামেলা	করা	2
হার্ড	পাস	দেওয়া	2
পাস	দেওয়া	থাকলে	2
দেওয়া	থাকলে	কাজ	2
থাকলে	কাজ	করবেনা	2
ভালো	হবে	না	2
হবে	না	কম্পেটিশন	2
না	কম্পেটিশন	কম	2
কম্পেটিশন	কম	হলে	2
কম	হলে	মজা	2
হলে	মজা	লাগে	2
না	কি	এটা	2
ওই	প্রক্সি	আজকে	2
প্রক্সি	আজকে	আর	2
আজকে	আর	কাজ	2
করতেসে	না	এই	2
না	এই	প্রক্সি	2
এই	প্রক্সি	ইউস	2
প্রক্সি	ইউস	করলে	2
ইউস	করলে	জাস্ট	2
করলে	জাস্ট	ভিউ	2
জাস্ট	ভিউ	করতে	2
ভিউ	করতে	পারতেসি	2
পারতেসি	বাট	ডাউনলোড	2
লেটেস্ট	দিলে	ভালো	2
আপনার	আইডি	নিলো	2
আইডি	নিলো	কেমনে	2
কাজ	করবোনা	পারমিশন	2
করবোনা	পারমিশন	তো	2
পারমিশন	তো	দেয়া	2
তো	দেয়া	হলোনা	2
আপনাকেতো	রিকোয়েস্ট	পাঠান	2
রিকোয়েস্ট	পাঠান	যায়না	2
পাঠান	যায়না	তাই	2
যায়না	তাই	মেসেজ	2
তাই	মেসেজ	দিসি	2
দিসি	একসেপ্ট	কিছু	2
একসেপ্ট	কিছু	দরকারি	2
কিছু	দরকারি	কথা	2
দরকারি	কথা	আছে	2
ফুডপান্ডা	ওয়ান্টস	নো	2
ওয়ান্টস	নো	ইওর	2
নো	ইওর	লোকেশন	2
আপনার	ফটো	দেখতে	2
ফটো	দেখতে	কেমন	2
দেখতে	কেমন	এফবি	2
কেমন	এফবি	তে	2
আছে	বাট	কয়েনবেস	2
বাট	কয়েনবেস	এড্রেস	2
কয়েনবেস	এড্রেস	কোথায়	2
কোথায়	পাবো	বুঝতাসিনা	2
আপনারা	স্লো	বলতে	2
স্লো	বলতে	কি	2
বলতে	কি	মিন	2
কি	মিন	করসেন	2
প্লিজ	হেল্প	এখন	2
হেল্প	এখন	ক্রেডিট	2
এখন	ক্রেডিট	নিতে	2
ক্রেডিট	নিতে	গেলে	2
নিতে	গেলে	দিস	2
গেলে	দিস	অর্ডার	2
দিস	অর্ডার	হেড	2
অর্ডার	হেড	বিন	2
হেড	বিন	এডেড	2
বিন	এডেড	এটা	2
এডেড	এটা	লিখা	2
লিখা	আসে	এর	2
আসে	এর	কোনো	2
আছে	কি	আবার	2
কি	আবার	নতুন	2
নতুন	করে	নিতে	2
করে	নিতে	হলে	2
নিতে	হলে	কি	2
করতে	হবে	বলবেন	2
হবে	বলবেন	প্লিজ	2
বলবেন	প্লিজ	ফর	2
প্লিজ	ফর	ইওর	2
ফর	ইওর	রিপ্লায়	2
গ্রেভিটি	সেন্সর	কাইন্ডলি	2
সেন্সর	কাইন্ডলি	গুগল	2
কাইন্ডলি	গুগল	সার্চ	2
গুগল	সার্চ	দিন	2
হম্মম্ম	স্টার্ট	করছি	2
স্টার্ট	করছি	ডাউনলোড	2
করছি	ডাউনলোড	হলে	2
ডাউনলোড	হলে	মেবি	2
হলে	মেবি	আর	2
মেবি	আর	ও	2
ও	ভালো	হত	2
এইটা	খুব	ইসি	2
খুব	ইসি	ভাই	2
ইসি	ভাই	পরে	2
ভাই	পরে	ফোনেক্স	2
পরে	ফোনেক্স	ওএস	2
ফোনেক্স	ওএস	যখন	2
ওএস	যখন	চালু	2
যখন	চালু	হয়	2
হয়	তখন	ইউস	2
তখন	ইউস	কানেক্ট	2
ইউস	কানেক্ট	করে	2
কানেক্ট	করে	সেটের	2
করে	সেটের	অন	2
সেটের	অন	করুন	2
অন	করুন	তাহলে	2
করুন	তাহলে	কাজ	2
তাহলে	কাজ	হবে	2
ও	আপনার	কাসে	2
আপনার	কাসে	ভালো	2
কাসে	ভালো	কোনো	2
ভালো	কোনো	নাই	2
দিয়ে	কিভাবে	মার্শাম্যালো	2
কিভাবে	মার্শাম্যালো	রুট	2
মার্শাম্যালো	রুট	করবো	2
কার	আমার	নাকি	2
আমার	নাকি	ব্রো	2
আগে	করসি	কিন্তু	2
করসি	কিন্তু	পোস্ট	2
কিন্তু	পোস্ট	আজ	2
পোস্ট	আজ	পাবলিশ	2
সরি	আমি	আসলে	2
আমি	আসলে	এক	2
আসলে	এক	ট্যাব	2
এক	ট্যাব	এর	2
ট্যাব	এর	কমেন্ট	2
এর	কমেন্ট	অন্য	2
কমেন্ট	অন্য	জায়গায়	2
অন্য	জায়গায়	করে	2
জায়গায়	করে	ফেলসি	2
করে	ফেলসি	থ্যাংকস	2
ফেলসি	থ্যাংকস	ফর	2
থ্যাংকস	ফর	থেকে	2
ফর	থেকে	পোস্ট	2
নতুন	করে	কিছু	2
করে	কিছু	বলার	2
কিছু	বলার	মতো	2
বলার	মতো	নাই	2
মতো	নাই	জাস্ট	2
নাই	জাস্ট	অ্যামেজিং	2
এইভাবে	বেশি	গবেষণার	2
বেশি	গবেষণার	কারণে	2
গবেষণার	কারণে	ইসিনেট	2
কারণে	ইসিনেট	ফ্রি	2
ইসিনেট	ফ্রি	ইন্টারনেট	2
ফ্রি	ইন্টারনেট	হারাইসি	2
ইন্টারনেট	হারাইসি	শুরু	2
হারাইসি	শুরু	হইসে	2
শুরু	হইসে	যেন	2
হইসে	যেন	স্কাই	2
যেন	স্কাই	বিডি	2
স্কাই	বিডি	হয়ে	2
হয়ে	যাচ্ছে	সমস্যা	2
যাচ্ছে	সমস্যা	হইসে	2
সমস্যা	হইসে	সবাই	2
হইসে	সবাই	নিয়ে	2
সবাই	নিয়ে	পোস্ট	2
নিয়ে	পোস্ট	সল্যুশন	2
পোস্ট	সল্যুশন	আসবে	2
সল্যুশন	আসবে	তখন	2
আসবে	তখন	জানালে	2
তখন	জানালে	সবাই	2
জানালে	সবাই	উপকৃত	2
সবাই	উপকৃত	হবো	2
তো	মিস্টার	এক্স	2
মিস্টার	এক্স	ভাই	2
এক্স	ভাই	আপনে	2
ভাই	আপনে	বড়	2
আপনে	বড়	হলেন	2
বড়	হলেন	কবে	2
হলেন	কবে	এখন	2
কবে	এখন	ও	2
ও	তো	বাসায়	2
তো	বাসায়	আসেন	2
নাইস	পোস্ট	কি	2
কি	ভাবে	ওয়াপকা	2
ভাবে	ওয়াপকা	কে	2
ওয়াপকা	কে	ফুল	2
কে	ফুল	এসইও	2
ফুল	এসইও	করতে	2
এসইও	করতে	পারি	2
পারি	প্লিজ	বলুন	2
প্লিজ	বলুন	না	2
বলুন	না	হয়	2
হয়	পোস্ট	করুন	2
ভাই	এডিএম	ছাড়া	2
এডিএম	ছাড়া	গুগল	2
ছাড়া	গুগল	ক্রোম	2
গুগল	ক্রোম	দিয়ে	2
ক্রোম	দিয়ে	ও	2
দিয়ে	ও	তো	2
ও	তো	করা	2
করা	যায়	প্লে	2
যায়	প্লে	করতে	2
প্লে	করতে	হয়	2
করতে	হয়	নিচে	2
হয়	নিচে	ডাউনলোড	2
নিচে	ডাউনলোড	থেকে	2
ডাউনলোড	থেকে	ডাউনলোড	2
ডাউনলোড	দিতে	হয়	2
ভাই	এন্ড্রোইড	এ	2
এন্ড্রোইড	এ	টাইপ	2
এ	টাইপ	করে	2
টাইপ	করে	কিভাবে	2
করে	কিভাবে	টুট	2
কিভাবে	টুট	চাই	2
টুট	চাই	প্লিজ	2
এমটিকে	৬৫৮২	এন্ড	2
৬৫৮২	এন্ড	ললিপপ	2
এন্ড	ললিপপ	হতে	2
ললিপপ	হতে	হবে	2
থ্যাংক্স	থ্যাংক্স	থ্যাংক্স	2
ভাইজান	আগামী	আমার	2
আগামী	আমার	এক্সাম	2
আমার	এক্সাম	তাই	2
এক্সাম	তাই	এফবি	2
তাই	এফবি	ডিসেবেল্ড	2
এফবি	ডিসেবেল্ড	যদিওবা	2
ডিসেবেল্ড	যদিওবা	এক্সাম	2
যদিওবা	এক্সাম	এর	2
এর	জন্য	কমেন্ট	2
জন্য	কমেন্ট	এর	2
কমেন্ট	এর	তেমন	2
এর	তেমন	রিপ্লায়	2
তেমন	রিপ্লায়	করতে	2
রিপ্লায়	করতে	পারবো	2
পারবো	না	তারপরেও	2
না	তারপরেও	আপনার	2
তারপরেও	আপনার	প্রয়োজন	2
আপনার	প্রয়োজন	টা	2
প্রয়োজন	টা	এখানে	2
টা	এখানে	শেয়ার	2
এখানে	শেয়ার	করুন	2
শেয়ার	করুন	আমি	2
করুন	আমি	যথাসাধ্য	2
আমি	যথাসাধ্য	চেষ্টা	2
যথাসাধ্য	চেষ্টা	করবো	2
ওয়েলকাম	ভিন্ন	ভিন্ন	2
ভিন্ন	ভিন্ন	ইমেইল	2
ভিন্ন	ইমেইল	উজার্নাম	2
ইমেইল	উজার্নাম	দিয়ে	2
উজার্নাম	দিয়ে	নিউ	2
নিউ	নিউ	একাউন্ট	2
নিউ	একাউন্ট	খুলুন	2
হাইরে	ট্রিকবিডি	হট	2
ট্রিকবিডি	হট	পোস্ট	2
হট	পোস্ট	যেটা	2
পোস্ট	যেটা	ফিউচার	2
যেটা	ফিউচার	পোস্ট	2
ফিউচার	পোস্ট	ও	2
পোস্ট	ও	সেটা	2
ও	সেটা	আবার	2
সেটা	আবার	রিসেন্ট	2
আবার	রিসেন্ট	পোস্ট	2
রিসেন্ট	পোস্ট	ও	2
পোস্ট	ও	সেটাই	2
ও	সেটাই	এমন	2
সেটাই	এমন	বালের	2
এমন	বালের	এপ	2
বালের	এপ	এর	2
এপ	এর	চেয়ে	2
চেয়ে	ভালো	ভালো	2
ভালো	ভালো	এপ	2
ভালো	এপ	প্লে	2
স্টোর	এ	অ্যাভেইল	2
এ	অ্যাভেইল	অ্যাভেইল	2
অ্যাভেইল	অ্যাভেইল	এখন	2
অ্যাভেইল	এখন	আমি	2
এখন	আমি	যদি	2
আমি	যদি	একটা	2
একটা	পোস্ট	করি	2
পোস্ট	করি	ওই	2
করি	ওই	সব	2
ওই	সব	এপ	2
সব	এপ	নেয়া	2
এপ	নেয়া	তাহলে	2
নেয়া	তাহলে	হট	2
তাহলে	হট	পোস্ট	2
হট	পোস্ট	তো	2
পোস্ট	তো	দূরের	2
দূরের	কথা	এপ্প্রুভড	2
কথা	এপ্প্রুভড	ই	2
এপ্প্রুভড	ই	করবোনা	2
ভাই	কি	আরেকটু	2
কি	আরেকটু	দেখবেন	2
সব	সময়	ই	2
সময়	ই	কি	2
ই	কি	১৩দিন	2
কি	১৩দিন	পর	2
১৩দিন	পর	পর	2
পর	পর	আবার	2
পর	আবার	একাউন্ট	2
আবার	একাউন্ট	খুলতে	2
থ্যাংকস	লট	প্রেমিক	2
লট	প্রেমিক	পুরুষদের	2
প্রেমিক	পুরুষদের	উপকার	2
পুরুষদের	উপকার	করার	2
উপকার	করার	জন্য	2
প্রক্সি	হোস্ট	বাট	2
হোস্ট	বাট	এরর	2
বাট	এরর	দেখায়	2
এরর	দেখায়	কেনো	2
কেনো	হেল্প	প্লিজজ	2
ওপপ্স	বোকা	নাকি	2
বোকা	নাকি	আপনার	2
নাকি	আপনার	আইডি	2
আপনার	আইডি	আপনি	2
আইডি	আপনি	৩০ডে	2
আপনি	৩০ডে	ডিএক্টিভ	2
৩০ডে	ডিএক্টিভ	করে	2
ডিএক্টিভ	করে	রাখেন	2
করে	রাখেন	না	2
রাখেন	না	১ইয়ার	2
না	১ইয়ার	রাখোনি	2
১ইয়ার	রাখোনি	সেটা	2
রাখোনি	সেটা	আপনার	2
সেটা	আপনার	বিষয়	2
আপনার	বিষয়	এফবি	2
বিষয়	এফবি	তে	2
এফবি	তে	থাকার	2
তে	থাকার	কি	2
নট	ওয়ার্কিং	প্লিজ	2
সময়	করে	সব	2
করে	সব	ওই	2
সব	ওই	আপডেট	2
ওই	আপডেট	দিবো	2
আপডেট	দিবো	আসতে	2
দিবো	আসতে	আসতে	2
আসতে	আসতে	বাট	2
আসতে	বাট	আমি	2
বাট	আমি	একটু	2
আমি	একটু	সাউথ	2
একটু	সাউথ	আর	2
সাউথ	আর	মুভি	2
আর	মুভি	দেখি	2
মুভি	দেখি	বেশি	2
দেখি	বেশি	টাই	2
বেশি	টাই	সাউথ	2
টাই	সাউথ	এর	2
সাউথ	এর	পোস্ট	2
এর	পোস্ট	গুলায়	2
পোস্ট	গুলায়	করি	2
তা	ঠিক	অরিজিনাল	2
ঠিক	অরিজিনাল	খেলতে	2
অরিজিনাল	খেলতে	খেলতে	2
খেলতে	খেলতে	যখন	2
খেলতে	যখন	মানুষ	2
যখন	মানুষ	বড়	2
মানুষ	বড়	হয়ে	2
বড়	হয়ে	যায়	2
যায়	তখন	এই	2
তখন	এই	খেলে	2
এই	খেলে	মানুষ	2
খেলে	মানুষ	হ্যাক	2
মানুষ	হ্যাক	মড	2
জানি	এগেইন	থ্যাংক্স	2
প্রথম	কাজ	শেষ	2
কাজ	শেষ	এখন	2
শেষ	এখন	শুধু	2
এখন	শুধু	এন	2
শুধু	এন	আইডি	2
এন	আইডি	কার্ড	2
কার্ড	এর	কাজ	2
এর	কাজ	বাকি	2
কাজ	বাকি	আছে	2
বাকি	আছে	কার্ড	2
আছে	কার্ড	হলে	2
কার্ড	হলে	বাকি	2
হলে	বাকি	কাজ	2
বাকি	কাজ	শেষ	2
কাজ	শেষ	হবে	2
আচ্ছা	ভাই	অ্যাড	2
ভাই	অ্যাড	করে	2
অ্যাড	করে	দিতেসি	2
করে	দিতেসি	থাকুন	2
আপনার	টেলিগ্রাম	উজার্নাম	2
টেলিগ্রাম	উজার্নাম	নট	2
উজার্নাম	নট	এক্সিস্টিং	2
নট	এক্সিস্টিং	দেখাচ্ছে	2
একটা	টেক্সট	ফাইল	2
টেক্সট	ফাইল	ওপেন	2
ফাইল	ওপেন	হবে	2
ওপেন	হবে	আপনার	2
হবে	আপনার	হোস্টিং	2
আপনার	হোস্টিং	এ	2
হোস্টিং	এ	ওই	2
এ	ওই	মধ্যে	2
ওই	মধ্যে	পাবেন	2
মধ্যে	পাবেন	যেই	2
পাবেন	যেই	পি	2
যেই	পি	এইচ	2
পি	এইচ	পি	2
এইচ	পি	ফাইল	2
পি	ফাইল	দিসি	2
ফাইল	দিসি	ওটাই	2
দিসি	ওটাই	সেটকরা	2
ওটাই	সেটকরা	আছে	2
আবালের	মতো	এতো	2
মতো	এতো	কমেন্ট	2
এতো	কমেন্ট	করেন	2
পেআউট	পয়েন্টস	কিভাবে	2
পয়েন্টস	কিভাবে	করবো	2
করবো	প্লিজ	বলে	2
প্লিজ	বলে	দিন	2
এন্ড্রোইড	ফিঙ্গারপ্রিন্ট	লক	2
ফিঙ্গারপ্রিন্ট	লক	এর	2
লক	এর	একটা	2
এর	একটা	ভালো	2
একটা	ভালো	এপস	2
ভালো	এপস	এর	2
এপস	এর	নাম	2
প্রাইস	টা	জেনে	2
টা	জেনে	দেন	2
জেনে	দেন	পোস্ট	2
দেন	পোস্ট	পাবলিশড	2
পোস্ট	পাবলিশড	করলে	2
পাবলিশড	করলে	ভালো	2
ভাই	এটা	ঠিক	2
করার	জন্য	ফোন	2
জন্য	ফোন	রিসেট	2
ফোন	রিসেট	দিতে	2
হয়	না	আবাল	2
না	আবাল	চুদা	2
আমার	কাছে	জিপি	2
কাছে	জিপি	ফ্রী	2
নেট	আছে	অথর	2
আছে	অথর	করলে	2
অথর	করলে	শেয়ার	2
করলে	শেয়ার	করবো	2
শেয়ার	করবো	অর	2
করবো	অর	এফবি	2
অর	এফবি	তে	2
এফবি	তে	কেউ	2
তে	কেউ	অথর	2
কেউ	অথর	থাকলে	2
অথর	থাকলে	আসেন	2
থাকলে	আসেন	আমি	2
আসেন	আমি	তাকে	2
আমি	তাকে	ফ্রী	2
তাকে	ফ্রী	নেট	2
এর	ট্রিকস	টি	2
ট্রিকস	টি	দিয়ে	2
টি	দিয়ে	দিচ্ছি	2
ও	আপনার	রেফার	2
রেফার	দিয়ে	রেজি	2
দিয়ে	রেজি	করলাম	2
রেজি	করলাম	ব্রো	2
লোকেশন	আর	ডাটা	2
আর	ডাটা	কানেকশন	2
কানেকশন	অন	না	2
না	থাকলে	ট্রেস	2
থাকলে	ট্রেস	করবে	2
ট্রেস	করবে	কেমনে	2
ওকে	তাই	করবো	2
হা	ওটিজি	থাকলে	2
ওটিজি	থাকলে	মাউস	2
থাকলে	মাউস	কীবোর্ড	2
মাউস	কীবোর্ড	ব্যবহার	2
কীবোর্ড	ব্যবহার	করা	2
করা	যায়	তবে	2
যায়	তবে	কেবল	2
তবে	কেবল	কিনতে	2
কেবল	কিনতে	হবে	2
কিনতে	হবে	ডাবল	2
হবে	ডাবল	মাথা	2
ভাই	প্লিজ	ওয়েবসাইট	2
প্লিজ	ওয়েবসাইট	এর	2
লিংক	টা	দিয়ে	2
এসএস	তো	দিলাম	2
তো	দিলাম	ই	2
দিলাম	ই	কোথায়	2
ই	কোথায়	ডাউনলোড	2
কোথায়	ডাউনলোড	অপশন	2
ডাউনলোড	অপশন	আছে	2
অপশন	আছে	আর	2
আছে	আর	ভালো	2
করে	দেখলেই	বা	2
দেখলেই	বা	দেখবো	2
বা	দেখবো	কোথায়	2
এটাকি	ট্রিকবিডি	এলাও	2
ট্রিকবিডি	এলাও	করে	2
আর	লাগবেনা	পরে	2
ব্রো	একটা	মেইল	2
একটা	মেইল	করেসি	2
মেইল	করেসি	দেখেন	2
এফবি	তে	শেয়ার	2
তে	শেয়ার	করার	2
শেয়ার	করার	বাটন	2
করার	বাটন	অ্যাড	2
বাটন	অ্যাড	করলে	2
অ্যাড	করলে	ভালো	2
আনলিমিটেড	করার	সিস্টেম	2
সিস্টেম	নাই	এমবি	2
নাই	এমবি	গুলা	2
এমবি	গুলা	শেষ	2
গুলা	শেষ	হয়ে	2
শেষ	হয়ে	গেলেই	2
হয়ে	গেলেই	তো	2
গেলেই	তো	ভিডিও	2
তো	ভিডিও	অফ	2
সরি	আসলে	অপেরা	2
আসলে	অপেরা	মিনি	2
অপেরা	মিনি	ইউসি	2
মিনি	ইউসি	দিয়ে	2
ইউসি	দিয়ে	হচ্ছিলো	2
দিয়ে	হচ্ছিলো	না	2
হচ্ছিলো	না	তাই	2
না	তাই	ফোন	2
তাই	ফোন	এর	2
ফোন	এর	ব্রাউসার	2
এর	ব্রাউসার	দিয়ে	2
ব্রাউসার	দিয়ে	হইসে	2
পোস্ট	করসি	শুধু	2
করসি	শুধু	পেন্ডিং	2
শুধু	পেন্ডিং	এপ্প্রুভ	2
পেন্ডিং	এপ্প্রুভ	করেন	2
আরডিপি	ই	ভরসা	2
ই	ভরসা	আপনার	2
ভরসা	আপনার	জন্য	2
আপনিতো	ভিপিএন	ইউস	2
ভাই	আমার	এটারই	2
আমার	এটারই	আছে	2
এটারই	আছে	তবুও	2
আছে	তবুও	ও	2
তবুও	ও	তা	2
ও	তা	যায়না	2
তা	যায়না	কেন	2
যায়না	কেন	ভাই	2
প্লাটু	এর	রুলস	2
এর	রুলস	না	2
রুলস	না	মানলে	2
না	মানলে	পেমেন্ট	2
মানলে	পেমেন্ট	কিভাবে	2
পেমেন্ট	কিভাবে	পাবেন	2
আই	মাইফোন	লকউইপের	2
মাইফোন	লকউইপের	এন্ড্রোইড	2
লকউইপের	এন্ড্রোইড	ক্র্যাক	2
এন্ড্রোইড	ক্র্যাক	ভার্সন	2
ভাই	কই	ইমেজ	2
কই	ইমেজ	তো	2
ইমেজ	তো	যুক্ত	2
তো	যুক্ত	হলোনা	2
যুক্ত	হলোনা	ব্যাকগ্রাউন্ড	2
হলোনা	ব্যাকগ্রাউন্ড	একটু	2
ব্যাকগ্রাউন্ড	একটু	ট্রাই	2
কোনো	এপস	আছে	2
এপস	আছে	সেম	2
আছে	সেম	কাজ	2
সেম	কাজ	ওয়াইফাই	2
কাজ	ওয়াইফাই	ছাড়া	2
ওয়াইফাই	ছাড়া	ব্লুটুথ	2
ছাড়া	ব্লুটুথ	এর	2
ব্লুটুথ	এর	মাধ্যমে	2
এর	মাধ্যমে	করা	2
মাধ্যমে	করা	যায়	2
ওপপ্স	ব্যাড	নিউস	2
তাইতো	বুঝি	না	2
বুঝি	না	হাহা	2
না	হাহা	আমিতো	2
হাহা	আমিতো	ভাবতেসি	2
আমিতো	ভাবতেসি	ওরে	2
ভাবতেসি	ওরে	ফোন	2
ওরে	ফোন	চালাইতে	2
ফোন	চালাইতে	দিসে	2
চালাইতে	দিসে	কে	2
ব্রো	সিম্ফনি	এক্সপ্লরের	2
সিম্ফনি	এক্সপ্লরের	জেড৮	2
এক্সপ্লরের	জেড৮	এর	2
জেড৮	এর	কাস্টম	2
কাস্টম	রিকভারি	কোথাও	2
রিকভারি	কোথাও	পাচ্ছি	2
কোথাও	পাচ্ছি	না	2
না	ভাই	কাল	2
কাল	সকালে	পিসি	2
সকালে	পিসি	তে	2
পিসি	তে	বানাবো	2
ইউসার	ব্রো	কে	2
ব্রো	কে	বলছি	2
আমার	পেপাল	একাউন্ট	2
আছে	বাট	ভেরিফাই	2
বাট	ভেরিফাই	করা	2
ভেরিফাই	করা	কিনা	2
করা	কিনা	বুঝতে	2
কিনা	বুঝতে	পারতেসিনা	2
বুঝতে	পারতেসিনা	একাউন্ট	2
পারতেসিনা	একাউন্ট	ভেরিফাই	2
একাউন্ট	ভেরিফাই	কিনা	2
ভেরিফাই	কিনা	বুঝার	2
কিনা	বুঝার	মতো	2
বুঝার	মতো	কোনো	2
মতো	কোনো	সিস্টেম	2
সাথে	আমি	কথা	2
আমি	কথা	বলতে	2
থ্যাংক্স	ভাই	এই	2
ভাই	এই	বই	2
এই	বই	এর	2
বই	এর	পিডিএফ	2
এর	পিডিএফ	টাই	2
পিডিএফ	টাই	গুগল	2
টাই	গুগল	এ	2
সার্চ	করতে	যাচ্ছিলাম	2
করতে	যাচ্ছিলাম	আর	2
যাচ্ছিলাম	আর	পেয়ে	2
আর	পেয়ে	গেলাম	2
ভাই	এটাতো	মাত্র	2
এটাতো	মাত্র	৭	2
মাত্র	৭	দিনের	2
ভাই	জয়েন	করতে	2
জয়েন	করতে	পারতা	2
করতে	পারতা	সি	2
পারতা	সি	না	2
সি	না	মেইবি	2
না	মেইবি	জায়গা	2
মেইবি	জায়গা	নাই	2
নাইস	পোস্ট	গেমস	2
পোস্ট	গেমস	এর	2
গেমস	এর	পোস্ট	2
পোস্ট	করবেন	কবে	2
জি	এজন্য	শেয়ার	2
এজন্য	শেয়ার	করলাম	2
ভাইয়া	ট্রেনার	রিকোয়েস্ট	2
ট্রেনার	রিকোয়েস্ট	করে	2
রিকোয়েস্ট	করে	কিভাবে	2
প্লিজ	বলবেন	একসেপ্ট	2
বলবেন	একসেপ্ট	করেন	2
পাবলিশড	হওয়ার	পর	2
হওয়ার	পর	পাবেন	2
ভাই	হতে	কি	2
ভাই	ভিডিও	দেখিও	2
ভিডিও	দেখিও	অনেক	2
দেখিও	অনেক	ট্রাই	2
একটা	রোম	ইনস্টল	2
রোম	ইনস্টল	করার	2
করার	পর	রোম	2
পর	রোম	টা	2
রোম	টা	ওপেন	2
টা	ওপেন	হতে	2
ওপেন	হতে	৩	2
হতে	৩	থেকে	2
৩	থেকে	৫	2
৫	মিনিট	সময়	2
মিনিট	সময়	নেই	2
এসশর্ট	ছাড়া	পোস্ট	2
ছাড়া	পোস্ট	থেকে	2
পোস্ট	থেকে	না	2
থেকে	না	করাই	2
বেশি	মানুষ	ভিউ	2
মানুষ	ভিউ	করসে	2
ভিউ	করসে	তো	2
করসে	তো	তাই	2
তো	তাই	ওয়ার্ক	2
তাই	ওয়ার্ক	করতেসে	2
ওয়ার্ক	করতেসে	না	2
করতেসে	না	ড্রাইভ	2
না	ড্রাইভ	থেকে	2
ড্রাইভ	থেকে	ফুল	2
থেকে	ফুল	ফাইল	2
ফুল	ফাইল	এক	2
ফাইল	এক	সাথে	2
এক	সাথে	ডাউনলোড	2
সাথে	ডাউনলোড	কেমনে	2
ডাউনলোড	কেমনে	দিবো	2
কেমনে	দিবো	ওয়ান	2
দিবো	ওয়ান	ড্রাইভ	2
ওয়ান	ড্রাইভ	ইউস	2
ড্রাইভ	ইউস	করি	2
না	তাই	জানি	2
পচা	পোস্ট	একদম	2
পোস্ট	একদম	ফালতু	2
ভাই	ডাবলিউপি	ইউস	2
ডাবলিউপি	ইউস	করেন	2
ইউস	করেন	অনেক	2
করেন	অনেক	ভালো	2
অনেক	ভালো	ডেমো	2
লোড	করলে	ফী	2
করলে	ফী	কত	2
ফী	কত	কাটবে	2
কার্টুন	এর	ভিডিও	2
ভিডিও	গুলা	কিভাবে	2
গুলা	কিভাবে	বানায়	2
ইউটিউব	দেখে	খুলেন	2
আমি	থেকে	ট্রিকবিডি	2
সাথে	পোস্ট	করেছি	2
করেছি	বাট	একটা	2
একটা	ও	পাবলিশ	2
ও	পাবলিশ	হয়	2
নাই	এই	আজকেও	2
এই	আজকেও	একটা	2
আজকেও	একটা	করলাম	2
একটা	করলাম	বাট	2
করলাম	বাট	পাবলিশ	2
বাট	পাবলিশ	হয়	2
হেল্প	আমাকে	পোস্ট	2
আমাকে	পোস্ট	করার	2
পোস্ট	করার	রাইট	2
করার	রাইট	টা	2
রাইট	টা	দিন	2
বক্স	করে	পোস্ট	2
আচ্ছা	কেউ	কি	2
কি	আমার	রবি	2
সিম	এ	২০	2
টাকা	দিয়ে	৩জিবি	2
দিয়ে	৩জিবি	কিনা	2
৩জিবি	কিনা	দিতে	2
কিনা	দিতে	পারবেন	2
দিতে	পারবেন	ফোন	2
পারবেন	ফোন	এ	2
ফোন	এ	এপটা	2
এ	এপটা	চালাতে	2
এপটা	চালাতে	পারসিনা	2
আপনি	পশিফোন	ভিপিএন	2
পশিফোন	ভিপিএন	দিয়ে	2
ভিপিএন	দিয়ে	জিপি	2
দিয়ে	জিপি	এফবি	2
প্যাক	কিনে	চালান	2
কিনে	চালান	১৮টাকা	2
চালান	১৮টাকা	১জিবি	2
১৮টাকা	১জিবি	৩ডেস	2
রুট	দিয়ে	করতে	2
খেলতে	পারবেন	তবে	2
পারবেন	তবে	যে	2
তবে	যে	নাম্বার	2
যে	নাম্বার	এ	2
নাম্বার	এ	খেলবেন	2
এ	খেলবেন	ওই	2
খেলবেন	ওই	নাম্বার	2
ওই	নাম্বার	দিয়া	2
নাম্বার	দিয়া	কুইজ	2
দিয়া	কুইজ	খেলার	2
কুইজ	খেলার	পর	2
খেলার	পর	এপস	2
পর	এপস	এ	2
এপস	এ	লগইন	2
এ	লগইন	করে	2
লগইন	করে	১	2
করে	১	টা	2
টা	লেনদেন	করে	2
লেনদেন	করে	নিবেন	2
করে	নিবেন	তাইলে	2
নিবেন	তাইলে	ই	2
তাইলে	ই	হবে	2
ভাই	কোনো	ব্রাউসার	2
ব্রাউসার	দিয়ে	চালানো	2
দিয়ে	চালানো	ভালো	2
ইন	আল্লাহ	কথা	2
আল্লাহ	কথা	টা	2
কথা	টা	তে	2
টা	তে	বাবায়	2
তে	বাবায়	স্পেস	2
বাবায়	স্পেস	দিয়ে	2
স্পেস	দিয়ে	লেখাটায়	2
দিয়ে	লেখাটায়	হয়ে	2
লেখাটায়	হয়ে	তা	2
হয়ে	তা	না	2
না	হলে	এর	2
হলে	এর	অর্থ	2
এর	অর্থ	ডিফেস	2
অর্থ	ডিফেস	হয়ে	2
ডিফেস	হয়ে	যাই	2
আমি	জানতে	চাই	2
জানতে	চাই	যাদের	2
চাই	যাদের	ভাইবার	2
যাদের	ভাইবার	এপস	2
ভাইবার	এপস	নাই	2
এপস	নাই	তাদের	2
নাই	তাদের	কি	2
তাদের	কি	কল	2
যাবে	আমি	ট্রাই	2
করলাম	বাট	যায়	2
বাট	যায়	না	2
আপনার	ফেসবুকে	আইডি	2
ফেসবুকে	আইডি	টা	2
কানেক্টেড	হয়	বাট	2
হয়	বাট	খুব	2
বাট	খুব	স্লো	2
আমার	ওয়াইফাই	নেই	2
করেন	প্লিজ	আর্জেন্ট	2
প্লিজ	আর্জেন্ট	দরকার	2
আর্জেন্ট	দরকার	ভাই	2
দরকার	ভাই	এখনই	2
ভাই	এখনই	রিকোয়েস্ট	2
এখনই	রিকোয়েস্ট	টা	2
রিকোয়েস্ট	টা	রাখেন	2
আমাকে	এই	সফটওয়্যার	2
এই	সফটওয়্যার	এর	2
সফটওয়্যার	এর	একটা	2
এর	একটা	কি	2
একটা	কি	দিতে	2
দিতে	পারবেন	ফাস্ট	2
পারবেন	ফাস্ট	নিড	2
সুপেরা	রক্স	ব্রো	2
রক্স	ব্রো	কেমন	2
ব্রো	কেমন	আছেন	2
দিন	পর	পেলাম	2
এগুলা	এতো	সহজে	2
এতো	সহজে	শেখা	2
সহজে	শেখা	গেলে	2
শেখা	গেলে	তো	2
গেলে	তো	হতোই	2
তো	হতোই	মানুষ	2
হতোই	মানুষ	২০০০০	2
মানুষ	২০০০০	টাকা	2
২০০০০	টাকা	দিয়ে	2
টাকা	দিয়ে	শিখতে	2
দিয়ে	শিখতে	পারেনা	2
শিখতে	পারেনা	হাতে	2
পারেনা	হাতে	ধরে	2
হাতে	ধরে	দেখিয়ে	2
ধরে	দেখিয়ে	শিখাতে	2
দেখিয়ে	শিখাতে	চাইলাম	2
শিখাতে	চাইলাম	একজনকে	2
চাইলাম	একজনকে	খুব	2
একজনকে	খুব	শিখতে	2
খুব	শিখতে	চাইলো	2
শিখতে	চাইলো	যখন	2
চাইলো	যখন	মাত্রও	2
যখন	মাত্রও	২০০	2
মাত্রও	২০০	টাকা	2
২০০	টাকা	চাইলাম	2
টাকা	চাইলাম	তাও	2
চাইলাম	তাও	ডাটা	2
তাও	ডাটা	খরচ	2
ডাটা	খরচ	যা	2
খরচ	যা	দিয়ে	2
যা	দিয়ে	তাকে	2
দিয়ে	তাকে	ভিডিও	2
তাকে	ভিডিও	শেয়ার	2
ভিডিও	শেয়ার	করে	2
শেয়ার	করে	শেখানো	2
করে	শেখানো	যাবে	2
শেখানো	যাবে	সেই	2
যাবে	সেই	দৌড়	2
সেই	দৌড়	রিমুভ	2
দৌড়	রিমুভ	এরেই	2
রিমুভ	এরেই	বলে	2
এরেই	বলে	বললে	2
বলে	বললে	পারতো	2
বললে	পারতো	যে	2
পারতো	যে	নাহ	2
যে	নাহ	দেবো	2
নাহ	দেবো	না	2
দেবো	না	বেটার	2
না	বেটার	আয়	2
বেটার	আয়	কিন্তু	2
আয়	কিন্তু	১০০০	2
কিন্তু	১০০০	ডলার	2
১০০০	ডলার	প্রতি	2
ডলার	প্রতি	মাসে	2
প্রতি	মাসে	শিক্ষা	2
মাসে	শিক্ষা	হলো	2
শিক্ষা	হলো	আর	2
হলো	আর	কাউকে	2
আর	কাউকে	আগেই	2
কাউকে	আগেই	কোস্ট	2
আগেই	কোস্ট	না	2
কোস্ট	না	নিয়ে	2
না	নিয়ে	স্টার্ট	2
নিয়ে	স্টার্ট	ই	2
স্টার্ট	ই	করবোনা	2
খুব	ভালো	এপস	2
ভালো	এপস	সবাই	2
এপস	সবাই	কাজে	2
সবাই	কাজে	লাগান	2
ভাই	এসোনিক৪১	মাদারবোর্ড	2
এসোনিক৪১	মাদারবোর্ড	এ	2
মাদারবোর্ড	এ	৪জিবি	2
এ	৪জিবি	রেম	2
৪জিবি	রেম	সাপোর্ট	2
রেম	সাপোর্ট	করবে	2
করবে	কি	এন্ড	2
কি	এন্ড	হাইস্ট	2
এন্ড	হাইস্ট	কোন	2
হাইস্ট	কোন	গ্রাফিক্স	2
কোন	গ্রাফিক্স	কার্ড	2
কার্ড	টা	সাপোর্ট	2
সাপোর্ট	করবে	জানালে	2
করবে	জানালে	উপকৃত	2
হইচই	প্রিমিয়াম	একাউন্ট	2
প্রিমিয়াম	একাউন্ট	দিবেন	2
একাউন্ট	দিবেন	কেউ	2
দিবেন	কেউ	থ্যাংকস	2
ডাটা	দিয়ে	ট্রাই	2
ট্রাই	করে	ওয়াইফাই	2
ওয়াইফাই	তে	সুইচ	2
তে	সুইচ	করেন	2
ভাইয়া	এটাই	লাস্ট	2
এটাই	লাস্ট	পার্ট	2
ওয়াল্টন	প্রিমো	ডি	2
প্রিমো	ডি	কে	2
ডি	কে	কে	2
কে	কে	পোর্ট	2
কে	পোর্ট	করে	2
পোর্ট	করে	ফ্ল্যাশ	2
করে	ফ্ল্যাশ	করলাম	2
ফ্ল্যাশ	করলাম	বাট	2
বাট	বুট	অ্যানিমেশন	2
বুট	অ্যানিমেশন	এ	2
অ্যানিমেশন	এ	এসে	2
এ	এসে	আটকে	2
আটকে	থাকে	ফোন	2
থাকে	ফোন	অন	2
স্যামসাঙ	গ্রেন্ড	নিও	2
গ্রেন্ড	নিও	প্লাস	2
নিও	প্লাস	আর	2
প্লাস	আর	সিডাবলিউএম	2
আর	সিডাবলিউএম	আমি	2
সিডাবলিউএম	আমি	পাইনি	2
আমি	পাইনি	আপনার	2
পাইনি	আপনার	পোস্ট	2
পোস্ট	টার	নিয়ম	2
টার	নিয়ম	গুলা	2
নিয়ম	গুলা	ইউস	2
গুলা	ইউস	করলে	2
ইমো	হ্যাক	হয়েছে	2
হ্যাক	হয়েছে	নাম্বারে	2
হয়েছে	নাম্বারে	এক্সেস	2
নাম্বারে	এক্সেস	আছে	2
এক্সেস	আছে	কি	2
এটা	পার্সোনাল	ওয়াইফাই	2
পার্সোনাল	ওয়াইফাই	না	2
ওয়াইফাই	না	আউট	2
না	আউট	ওয়াইফাই	2
ওয়েবসাইট	সেল	করলে	2
থ্যাংক্স	গুড	পোস্ট	2
ইমার্জেন্সি	টাকা	দরকার	2
টাকা	দরকার	কিনলে	2
দরকার	কিনলে	ফাস্ট	2
কিনলে	ফাস্ট	নক	2
ফাস্ট	নক	করুন	2
নক	করুন	প্লিজ	2
পোস্ট	করে	কই	2
করে	কই	গেলো	2
কই	গেলো	রিপ্লায়	2
গেলো	রিপ্লায়	কই	2
রিপ্লায়	কই	লোডিং	2
কই	লোডিং	দেখায়	2
লোডিং	দেখায়	শুধু	2
যত	অ্যাড	দেখবেন	2
আমি	গেম	টা	2
টা	খেলতে	পারছি	2
পারছি	না	মানে	2
না	মানে	বুজতেছিনা	2
মানে	বুজতেছিনা	না	2
বুজতেছিনা	না	কিভাবে	2
না	কিভাবে	খেলবো	2
আচ্ছা	আপনি	ই	2
আপনি	ই	বলেন	2
ই	বলেন	কাস্টম	2
বলেন	কাস্টম	রোম	2
রোম	নিয়ে	কিভাবে	2
নিয়ে	কিভাবে	পোস্ট	2
ভাইয়া	এপ	দিয়ে	2
এপ	দিয়ে	কি	2
দিয়ে	কি	পেজ	2
কি	পেজ	পোস্ট	2
পেজ	পোস্ট	লাইক	2
পোস্ট	লাইক	নেওয়া	2
লাইক	নেওয়া	যায়	2
রুট	অর	ননরুট	2
অর	ননরুট	ভাইয়া	2
টিউনার	রিকোয়েস্ট	করুন	2
এত	কষ্টের	কি	2
কষ্টের	কি	দরকার	2
কি	দরকার	ওয়াইফাই	2
দরকার	ওয়াইফাই	পাসওয়ার্ড	2
ওয়াইফাই	পাসওয়ার্ড	শো	2
পাসওয়ার্ড	শো	দিয়ে	2
শো	দিয়ে	তো	2
দিয়ে	তো	খুব	2
তো	খুব	সহজে	2
খুব	সহজে	দেখা	2
সহজে	দেখা	যায়	2
দেখা	যায়	ভাই	2
বট	নিলে	কি	2
নিলে	কি	সুবিধা	2
শালা	বাহিনচোদ	শালা	2
হুম	কিসু	টা	2
কিসু	টা	এরকম	2
টা	এরকম	ই	2
এরকম	ই	ফর	2
ই	ফর	সাজেশন	2
কাছে	এর	চেয়ে	2
এর	চেয়ে	ইসি	2
চেয়ে	ইসি	সিস্টেম	2
ইসি	সিস্টেম	শিখে	2
সিস্টেম	শিখে	যেও	2
এন্ড্রোইড	অনেক	ট্রাই	2
রুট	করতে	পারিনি	2
হুম	ফেসবুকে	আসুন	2
গুড	এপস	করে	2
এপস	করে	দেখি	2
করে	দেখি	কেমন	2
দেখি	কেমন	লাগে	2
কেমন	লাগে	আমার	2
ওয়াপকিজ	এ	হবে	2
ফ্লেক্সি	করবো	কিভাবে	2
এফবি	টা	ইউসার	2
টা	ইউসার	আইডি	2
আইডি	থেকে	মেসেজ	2
থেকে	মেসেজ	দিছে	2
মেসেজ	দিছে	রিপ্লাই	2
দিছে	রিপ্লাই	প্লিজ	2
ভার্সন	টা	বললেই	2
টা	বললেই	ডাউনলোড	2
বললেই	ডাউনলোড	দেবো	2
ডাউনলোড	দেবো	তাড়াতাড়ি	2
দেবো	তাড়াতাড়ি	বলুন	2
ডাউনলোড	হয়না	কেনো	2
আমারও	ইউসার	ভাই	2
ভাই	এর	মতো	2
এর	মতো	রিকভারি	2
মতো	রিকভারি	আসে	2
রিকভারি	আসে	না	2
ফুল	নাকি	ট্রায়াল	2
নাকি	ট্রায়াল	ট্রায়াল	2
ট্রায়াল	ট্রায়াল	হলে	2
ট্রায়াল	হলে	কত	2
হলে	কত	দিনের	2
কত	দিনের	জন্যে	2
বিটকয়েন	থেকে	কি	2
এ	টাকা	তুলা	2
ভাই	আমিই	এক্সট্রা	2
আমিই	এক্সট্রা	সার্ভিসেস	2
এক্সট্রা	সার্ভিসেস	দিয়া	2
সার্ভিসেস	দিয়া	একটা	2
দিয়া	একটা	ক্যাটাগরি	2
একটা	ক্যাটাগরি	বানাইসি	2
ক্যাটাগরি	বানাইসি	এখন	2
বানাইসি	এখন	কনটেন্ট	2
এখন	কনটেন্ট	ম্যানেজার	2
কনটেন্ট	ম্যানেজার	এর	2
ম্যানেজার	এর	কথায়	2
এর	কথায়	এক্সট্রা	2
কথায়	এক্সট্রা	সার্ভিস	2
এক্সট্রা	সার্ভিস	এর	2
সার্ভিস	এর	ক্রিয়েট	2
এর	ক্রিয়েট	নিউ	2
ক্রিয়েট	নিউ	ক্যাটাগরি	2
নিউ	ক্যাটাগরি	বানাবো	2
আপডেট	লেটেস্ট	ভার্সন	2
জাভা	এর	বিভিন্ন	2
এর	বিভিন্ন	হ্যাকিং	2
বিভিন্ন	হ্যাকিং	গেমস	2
হ্যাকিং	গেমস	এর	2
গেমস	এর	বাপ	2
এর	ডোমিন	এডসেন্স	2
ডোমিন	এডসেন্স	এপ্প্রুভ	2
এপ্প্রুভ	হবে	ব্রো	2
আপনার	জীবন	কাহিনী	2
জীবন	কাহিনী	আমার	2
কাহিনী	আমার	জীবন	2
আমার	জীবন	কাহিনী	2
জীবন	কাহিনী	সেম	2
গুগল	আগে	খোঁজে	2
আগে	খোঁজে	দেখুন	2
খোঁজে	দেখুন	আপনার	2
দেখুন	আপনার	রিকভারি	2
আপনার	রিকভারি	আছে	2
রিকভারি	আছে	কি	2
আগে	বের	হইসে	2
বের	হইসে	এটা	2
হইসে	এটা	নিয়ে	2
নিয়ে	আমি	অনেক	2
আগেই	পোস্ট	করসে	2
পোস্ট	করসে	তাই	2
করসে	তাই	পোস্ট	2
তাই	পোস্ট	করার	2
করার	আগে	চেক	2
চেক	করে	নিলে	2
করে	নিলে	ভালো	2
ভালো	হবে	থ্যাংক্স	2
হবে	থ্যাংক্স	পোস্ট	2
থ্যাংক্স	পোস্ট	লিংক	2
না	আপনি	দিন	2
আপনি	দিন	আপনার	2
দিন	আপনার	এফবি	2
থ্যাংক্স	ইউ	ব্রো	2
আপনি	আমাদের	আগের	2
আমাদের	আগের	পোস্টটা	2
আগের	পোস্টটা	দেখুন	2
ভাই	পাই	নাই	2
পাই	নাই	কোড	2
নাই	কোড	টা	2
টা	ডায়াল	করলে	2
ডায়াল	করলে	একটা	2
করলে	একটা	মেনু	2
একটা	মেনু	শো	2
মেনু	শো	করে	2
থ্যাংক্স	ব্রো	পাইসি	2
ফোন	ব্রিক	করলে	2
ব্রিক	করলে	ফ্ল্যাশ	2
করলে	ফ্ল্যাশ	দিলে	2
ফ্ল্যাশ	দিলে	ফোন	2
দিলে	ফোন	ঠিক	2
ফোন	ঠিক	হবে	2
ঠিক	হবে	কি	2
কম্প্রোসেড	ইজ	বেটার	2
ইজ	বেটার	দেন	2
বেটার	দেন	হাইলি	2
দেন	হাইলি	কমপ্রেসেড	2
হাইলি	কমপ্রেসেড	কারন	2
কমপ্রেসেড	কারন	হাইলি	2
কারন	হাইলি	কম্প্রোসেড	2
হাইলি	কম্প্রোসেড	সবসময়	2
কম্প্রোসেড	সবসময়	কাজ	2
সবসময়	কাজ	করেনা	2
জি	ভাই	অর	2
ভাই	অর	জায়গা	2
অর	জায়গা	তে	2
জায়গা	তে	আমারে	2
তে	আমারে	অথর	2
আমারে	অথর	দিলে	2
অথর	দিলে	ট্রিকবিডি	2
দিলে	ট্রিকবিডি	কে	2
ট্রিকবিডি	কে	আরো	2
কে	আরো	সাফ্যলের	2
আরো	সাফ্যলের	দিকে	2
সাফ্যলের	দিকে	নিয়ে	2
দিকে	নিয়ে	যেতাম	2
ট্রাই	করলাম	পিসি	2
করলাম	পিসি	দিয়ে	2
পিসি	দিয়ে	বাট	2
দিয়ে	বাট	পর	2
বাট	পর	হয়	2
পর	হয়	না	2
ভাইয়া	এই	মাত্র	2
এই	মাত্র	দিলাম	2
মাত্র	দিলাম	পাইলে	2
দিলাম	পাইলে	দিবো	2
পাইলে	দিবো	অনেকেই	2
দিবো	অনেকেই	পাইসে	2
অনেকেই	পাইসে	আপনিও	2
পাইসে	আপনিও	ট্রাই	2
আপনিও	ট্রাই	করুন	2
ট্রাই	করুন	ট্রাই	2
করুন	ট্রাই	করতে	2
ট্রাই	করতে	তো	2
করতে	তো	আর	2
তো	আর	টাকা	2
আর	টাকা	লাগছে	2
টাকা	লাগছে	না	2
লাগছে	না	ওকে	2
না	ওকে	ইউসার	2
৫০০	টাকা	বা	2
টাকা	বা	এর	2
বা	এর	মধ্যেই	2
এর	মধ্যেই	পেয়ে	2
মধ্যেই	পেয়ে	যাবেন	2
সিম	কোম্পানি	কি	2
কোম্পানি	কি	আপনার	2
কি	আপনার	বাপের	2
আপনার	বাপের	নাকি	2
বাপের	নাকি	আইসে	2
নাকি	আইসে	আজীবন	2
আইসে	আজীবন	অফার	2
আজীবন	অফার	খুঁজতে	2
মেবি	হবে	ট্রাই	2
ভাই	আইবাডি	হ্যাক	2
আইবাডি	হ্যাক	রিয়েল	2
হ্যাক	রিয়েল	নাকি	2
রিয়েল	নাকি	ফাও	2
করার	পর	১০৩০	2
পর	১০৩০	সেন্টমনি	2
১০৩০	সেন্টমনি	হয়ে	2
সেন্টমনি	হয়ে	গেলো	2
হয়ে	গেলো	কেনো	2
বেশি	বেশি	একাউন্ট	2
বেশি	একাউন্ট	খুলুন	2
একাউন্ট	খুলুন	একটায়	2
খুলুন	একটায়	লিমিট	2
একটায়	লিমিট	শেষ	2
শেষ	হইলে	আরেক	2
হইলে	আরেক	টা	2
আরেক	টা	দিয়ে	2
টা	দিয়ে	চালাবেন	2
দিয়ে	চালাবেন	আমার	2
চালাবেন	আমার	১৫	2
ব্রো	আমি	পাইসি	2
যাদের	রেডাইরেক্ট	হয়	2
রেডাইরেক্ট	হয়	জাস্ট	2
হয়	জাস্ট	তাদের	2
জাস্ট	তাদের	হবে	2
সার্ভার	লিস্ট	থেকে	2
লিস্ট	থেকে	রেনডম	2
থেকে	রেনডম	সিলেক্ট	2
রেনডম	সিলেক্ট	করেন	2
রাইট	এ	চাপ	2
এ	চাপ	দিলে	2
চাপ	দিলে	এরর	2
ওয়ান্ডারফুল	পোস্ট	থ্যাংক্স	2
ভার্চুয়াল	এ	ম্যাচমেকিং	2
এ	ম্যাচমেকিং	নিবে	2
ম্যাচমেকিং	নিবে	ফেক	2
নিবে	ফেক	আইএমইআই	2
ফেক	আইএমইআই	দেখসেন	2
ঠিক	আছে	যার	2
আছে	যার	কপাল	2
যার	কপাল	ভালো	2
কপাল	ভালো	আছে	2
ভালো	আছে	সে	2
আছে	সে	পাবে	2
আই	এম	রেবট	2
এম	রেবট	এটা	2
রেবট	এটা	পূরণ	2
এটা	পূরণ	করতে	2
পূরণ	করতে	পারসিনা	2
করতে	পারসিনা	কি	2
পারসিনা	কি	করবো	2
আমার	সাইটের	জন্য	2
সাইটের	জন্য	লাগবে	2
একটা	ওয়েবসাইট	ডাউনলোডিং	2
ওয়েবসাইট	ডাউনলোডিং	এখন	2
ডাউনলোডিং	এখন	সার্চ	2
এখন	সার্চ	বক্স	2
সার্চ	বক্স	ও	2
বক্স	ও	অ্যাড	2
ও	অ্যাড	সার্চ	2
অ্যাড	সার্চ	বক্স	2
সার্চ	বক্স	এ	2
বক্স	এ	কিছু	2
কিছু	সার্চ	করলে	2
সার্চ	করলে	তো	2
করলে	তো	কিছুই	2
তো	কিছুই	আসে	2
কিছুই	আসে	ইন্টারনাল	2
আসে	ইন্টারনাল	সার্চ	2
ইন্টারনাল	সার্চ	ইঞ্জিন	2
সার্চ	ইঞ্জিন	কিভাবে	2
ইঞ্জিন	কিভাবে	কাজ	2
কিভাবে	কাজ	বিষয়ে	2
কাজ	বিষয়ে	একটা	2
হুম	হলো	বাট	2
হলো	বাট	স্পিড	2
বাট	স্পিড	এতো	2
স্পিড	এতো	কম	2
এতো	কম	কেন	2
সিম্ফনি	আই১০	জন্য	2
আই১০	জন্য	কোনটা	2
জন্য	কোনটা	রেম	2
কোনটা	রেম	২জিবি	2
আনরুট	দেন	এপস	2
দেন	এপস	ইউস	2
এপস	ইউস	করতে	2
এই	টা	দিয়ে	2
কি	ইউটিউব	প্রিমিয়াম	2
ইউটিউব	প্রিমিয়াম	হবে	2
আপনি	হইতো	নোকিয়া	2
হইতো	নোকিয়া	ইউসার	2
রুট	এক্সপ্লরের	ওপেন	2
এক্সপ্লরের	ওপেন	করে	2
ওপেন	করে	লিখে	2
করে	লিখে	সার্চ	2
আমি	তো	অবাক	2
এটা	পারি	রিচার্জ	2
পারি	রিচার্জ	নেয়া	2
রিচার্জ	নেয়া	যাচ্ছেনা	2
নেয়া	যাচ্ছেনা	লিমিটেড	2
যাচ্ছেনা	লিমিটেড	দেখাচ্ছে	2
লিমিটেড	দেখাচ্ছে	হেল্প	2
দেখাচ্ছে	হেল্প	মি	2
কাজ	করে	করে	2
করে	করে	কপি	2
করে	কপি	করো	2
কপি	করো	তাহলে	2
না	ব্রো	মোবাইল	2
ব্রো	মোবাইল	রুট	2
মোবাইল	রুট	নাই	2
রুট	নাই	কি	2
নাই	কি	করে	2
করবো	প্লিজ	একটা	2
করেন	আর	পিসি	2
আর	পিসি	দিয়ে	2
পিসি	দিয়ে	টিডাবলিউআরপি	2
দিয়ে	টিডাবলিউআরপি	কি	2
টিডাবলিউআরপি	কি	করে	2
থ্যংক্স	ভাই	আপনার	2
জন্য	আমি	আজকে	2
আমি	আজকে	আপনার	2
আজকে	আপনার	পোস্ট	2
এ	কমেন্ট	করতে	2
কমেন্ট	করতে	পারলাম	2
করতে	পারলাম	এই	2
পারলাম	এই	রকম	2
এই	রকম	হেল্পফুল	2
রকম	হেল্পফুল	পোস্ট	2
হেল্পফুল	পোস্ট	করবেন	2
৩টি	পোস্টস	করে	2
পোস্টস	করে	এখানে	2
করে	এখানে	ট্রেনার	2
এখানে	ট্রেনার	রিকোয়েস্ট	2
ট্রেনার	রিকোয়েস্ট	সেন্ড	2
রিকোয়েস্ট	সেন্ড	করেছে	2
থ্যাংক্স	নাইস	ফর	2
নাইস	ফর	কমেন্ট	2
জিপ	ফাইল	কিভাবে	2
ফাইল	কিভাবে	আনজিপ	2
কিভাবে	আনজিপ	করবো	2
নাইস	পোস্ট	০	2
পোস্ট	০	এক্স	2
০	এক্স	করলে	2
এক্স	করলে	আরো	2
করলে	আরো	ফাস্ট	2
আরো	ফাস্ট	হয়	2
ফাস্ট	হয়	এই	2
হয়	এই	ট্রিক	2
ট্রিক	এ	ফোনের	2
এ	ফোনের	এর	2
ফোনের	এর	স্পিড	2
এর	স্পিড	বাড়বে	2
স্পিড	বাড়বে	বাট	2
বাড়বে	বাট	ফোন	2
ফোন	এর	অ্যানিমেশন	2
এর	অ্যানিমেশন	কমে	2
অ্যানিমেশন	কমে	হয়ে	2
কমে	হয়ে	যায়	2
যায়	সো	পারফরমেন্স	2
সো	পারফরমেন্স	বাড়াতে	2
পারফরমেন্স	বাড়াতে	গেলে	2
বাড়াতে	গেলে	ভিজ্যুয়ালিজাশন	2
গেলে	ভিজ্যুয়ালিজাশন	কমে	2
ভিজ্যুয়ালিজাশন	কমে	যায়	2
কমে	যায়	বাট	2
যায়	বাট	ওর্থ	2
বাট	ওর্থ	ইট	2
প্লিজ	একটা	একাউন্ট	2
একটা	একাউন্ট	দেন	2
একাউন্ট	দেন	ভাই	2
ভাইয়া	এডসেন্স	একাউন্ট	2
এডসেন্স	একাউন্ট	এ	2
একাউন্ট	এ	অনেক	2
এ	অনেক	অপশন	2
অনেক	অপশন	আসে	2
অপশন	আসে	যেমন	2
আসে	যেমন	সিপিসি	2
যেমন	সিপিসি	পেজ	2
সিপিসি	পেজ	সিটির	2
পেজ	সিটির	পেজ	2
সিটির	পেজ	আরএমপি	2
পেজ	আরএমপি	ইম্প্রেশন	2
আরএমপি	ইম্প্রেশন	এগুলা	2
ইম্প্রেশন	এগুলা	নিয়া	2
এগুলা	নিয়া	একটা	2
নিয়া	একটা	ডিটেলস	2
একটা	ডিটেলস	পোস্ট	2
ডিটেলস	পোস্ট	করেন	2
রবি	সার্কল	আইডি	2
সার্কল	আইডি	থেকেই	2
আইডি	থেকেই	নাম্বার	2
থেকেই	নাম্বার	বাহির	2
নাম্বার	বাহির	করবো	2
বাহির	করবো	কিভাবে	2
হুয়াওয়ে	ওয়াই৬	কাস্টম	2
ওয়াই৬	কাস্টম	রিকভারি	2
পোস্ট	ভাই	বাইস্কোপে	2
ভাই	বাইস্কোপে	এমবি	2
বাইস্কোপে	এমবি	দিয়া	2
এমবি	দিয়া	সব	2
দিয়া	সব	চলবে	2
সব	চলবে	আপনি	2
চলবে	আপনি	সিউর	2
আপনি	সিউর	আপনি	2
সিউর	আপনি	চালাইসেন	2
আপনি	চালাইসেন	ডোন্ট	2
চালাইসেন	ডোন্ট	মাইন্ড	2
ওয়েলকাম	ব্রো	ওয়েট	2
ব্রো	ওয়েট	পোস্ট	2
ওয়েট	পোস্ট	করা	2
কোন	লোগো	এর	2
লোগো	এর	কথা	2
আমি	কপি	করি	2
নাই	জাস্ট	বুঝতে	2
জাস্ট	বুঝতে	হেল্প	2
বুঝতে	হেল্প	করসি	2
ইনফিনিটি	ভালো	আছে	2
ভালো	আছে	আমি	2
আছে	আমি	কয়েকমাস	2
আমি	কয়েকমাস	ধরে	2
কয়েকমাস	ধরে	খুলসি	2
ধরে	খুলসি	ব্যান	2
খুলসি	ব্যান	হয়	2
ব্যান	হয়	নাই	2
নাই	আর	একটা	2
আর	একটা	মোবাইল	2
একটা	মোবাইল	থেকে	2
মোবাইল	থেকে	একটা	2
থেকে	একটা	একাউন্ট	2
একটা	একাউন্ট	খুললে	2
একাউন্ট	খুললে	সমস্যা	2
খুললে	সমস্যা	নাই	2
ম্যাক	ফিল্টারিং	থাকলেও	2
ফিল্টারিং	থাকলেও	কাজ	2
থাকলেও	কাজ	করবে	2
ভাই	টেম্পলেট	ভালো	2
টেম্পলেট	ভালো	লাগসে	2
ভালো	লাগসে	কিন্তু	2
লাগসে	কিন্তু	লেআউট	2
কিন্তু	লেআউট	এ	2
লেআউট	এ	অনেক	2
এ	অনেক	মেনুর	2
অনেক	মেনুর	ইডিট	2
মেনুর	ইডিট	অপশন	2
ইডিট	অপশন	স্ক্রিন	2
অপশন	স্ক্রিন	এর	2
স্ক্রিন	এর	বাইরে	2
বাইরে	থাকে	কি	2
থাকে	কি	করা	2
পাবনায়	সিট	নাই	2
সব	কিছুই	করলাম	2
কিছুই	করলাম	বাট	2
করলাম	বাট	গেম	2
বাট	গেম	ওপেন	2
গেম	ওপেন	হয়ে	2
ওপেন	হয়ে	বের	2
হয়ে	বের	হওয়া	2
বের	হওয়া	যায়	2
হওয়া	যায়	সাথে	2
যায়	সাথে	সাথে	2
সাথে	সাথে	খেলতেইতো	2
সাথে	খেলতেইতো	পারলামনা	2
খেলতেইতো	পারলামনা	ব্রো	2
ভাই	আমার	স্মুথলি	2
আমার	স্মুথলি	চলসে	2
স্মুথলি	চলসে	এখন	2
চলসে	এখন	আপনার	2
এখন	আপনার	পোস্টের	2
আপনার	পোস্টের	অপেক্ষায়	2
এই	ফাইল	দিলে	2
ফাইল	দিলে	তো	2
দিলে	তো	আপনারা	2
তো	আপনারা	শিখতে	2
আপনারা	শিখতে	পারবেন	2
শিখতে	পারবেন	না	2
ব্রো	এয়ারক্র্যাক	দিয়ে	2
এয়ারক্র্যাক	দিয়ে	ওয়াইফাই	2
হ্যাক	এর	সিস্টেম	2
এর	সিস্টেম	নিয়ে	2
এন্ড্রোইড	রুট	করবো	2
ইউসার	ভাই	অর	2
ভাই	অর	ইউসার	2
অর	ইউসার	ভাই	2
সাইট	লঞ্চ	হবে	2
লঞ্চ	হবে	তারপর	2
হবে	তারপর	ভাই	2
তারপর	ভাই	একটি	2
ভাই	একটি	পোস্ট	2
একটি	পোস্ট	করবো	2
পোস্ট	করবো	মেবি	2
করবো	মেবি	ট্রিকবিডি	2
মেবি	ট্রিকবিডি	তে	2
নাম্বার	অ্যাড	করসি	2
অ্যাড	করসি	তারপরেও	2
করসি	তারপরেও	কোড	2
তারপরেও	কোড	আসেনি	2
হ্যালো	ব্রো	ওয়্যারলেস	2
ব্রো	ওয়্যারলেস	এডাপ্টার	2
ওয়্যারলেস	এডাপ্টার	কোনটা	2
এডাপ্টার	কোনটা	এটা	2
অশানোফএপিকে	ওয়েবসাইট	থেকে	2
করে	নিন	গুগল	2
নিন	গুগল	এ	2
গুগল	এ	ফাইল	2
এ	ফাইল	রেস্ট্রিকশন	2
ফাইল	রেস্ট্রিকশন	করে	2
রেস্ট্রিকশন	করে	দিচ্ছে	2
হালায়	তো	দেখি	2
তো	দেখি	ট্রিকবিডি	2
দেখি	ট্রিকবিডি	রে	2
ট্রিকবিডি	রে	এফবি	2
রে	এফবি	ইনস্টাগ্রাম	2
এফবি	ইনস্টাগ্রাম	বানায়	2
ইনস্টাগ্রাম	বানায়	নিসে	2
বানায়	নিসে	আবাল	2
নিসে	আবাল	চুদা	2
আবাল	চুদা	মার্কা	2
চুদা	মার্কা	পিক	2
মার্কা	পিক	দেয়	2
পিক	দেয়	শুধু	2
দেয়	শুধু	বালের	2
শুধু	বালের	ট্রিক	2
বালের	ট্রিক	ও	2
ট্রিক	ও	বাল	2
ও	বাল	কাজ	2
বাল	কাজ	করে	2
ঠিক	বলসেন	ফালতু	2
বলসেন	ফালতু	এপ	2
কিভাবে	করসে	সেটা	2
করসে	সেটা	অর	2
সেটা	অর	বেপার	2
অর	বেপার	আর	2
বেপার	আর	মেয়েরা	2
আর	মেয়েরা	ওতো	2
মেয়েরা	ওতো	বোকা	2
ওতো	বোকা	না	2
বোকা	না	যে	2
না	যে	ফেসবুকে	2
যে	ফেসবুকে	কোড	2
ফেসবুকে	কোড	কাউকে	2
কোড	কাউকে	দিবে	2
কাউকে	দিবে	এসএমএস	2
দিবে	এসএমএস	লিখা	2
এসএমএস	লিখা	থাকে	2
লিখা	থাকে	যে	2
থাকে	যে	ওটা	2
যে	ওটা	ফেইসবুক	2
ওটা	ফেইসবুক	কোড	2
ফেইসবুক	কোড	কমেন্ট	2
কোড	কমেন্ট	পরে	2
কমেন্ট	পরে	তো	2
পরে	তো	আমারই	2
তো	আমারই	হাসি	2
আমারই	হাসি	পাচ্ছে	2
কষ্টের	ফেরিয়ালা	আইডি	2
ফেরিয়ালা	আইডি	থেকে	2
আইডি	থেকে	অ্যাড	2
থেকে	অ্যাড	দিসি	2
অ্যাড	দিসি	দেখেন	2
ট্রাই	করেছি	পিসি	2
করেছি	পিসি	দিয়ে	2
ট্রাই	করেছি	তারপরও	2
করেছি	তারপরও	রুট	2
তারপরও	রুট	হয়	2
হয়	না	ভার্সন	2
ওই	এক	ই	2
এক	ই	লোগো	2
ই	লোগো	তে	2
লোগো	তে	যায়	2
তে	যায়	আটকে	2
যায়	আটকে	যাচ্ছে	2
আটকে	যাচ্ছে	রিকভারি	2
যাচ্ছে	রিকভারি	তে	2
রিকভারি	তে	অটোমেটিক	2
তে	অটোমেটিক	চলে	2
অটোমেটিক	চলে	আসতাছে	2
চলে	আসতাছে	ফোল্ডার	2
আসতাছে	ফোল্ডার	ট্রাই	2
ফোল্ডার	ট্রাই	করেও	2
ট্রাই	করেও	দেখসি	2
করা	ইমেজ	মোবাইল	2
ইমেজ	মোবাইল	টা	2
নষ্ট	হয়ে	কি	2
হয়ে	কি	ওই	2
দিয়ে	আনতে	হেল্প	2
আমার	এফবি	প্রোফাইল	2
এফবি	প্রোফাইল	এ	2
প্রোফাইল	এ	অনেক	2
এ	অনেক	টিউটোরিয়াল	2
অনেক	টিউটোরিয়াল	দেওয়া	2
টিউটোরিয়াল	দেওয়া	আছে	2
দেওয়া	আছে	চাইলে	2
আছে	চাইলে	দেখতে	2
চাইলে	দেখতে	পারো	2
আপনার	জন্যই	আমি	2
জন্যই	আমি	টিউনর	2
আমি	টিউনর	ইউসার	2
টিউনর	ইউসার	ভাইয়া	2
ইউসার	ভাইয়া	এ	2
ভাইয়া	এ	লট	2
প্লিজ	ভাই	আমায়	2
ভাই	আমায়	একটি	2
আমায়	একটি	পার্সোনাল	2
একটি	পার্সোনাল	দেন	2
পোস্ট	ভাইয়া	উইন	2
ভাইয়া	উইন	১০	2
উইন	১০	প্রো	2
১০	প্রো	ইনস্টল	2
প্রো	ইনস্টল	তো	2
ইনস্টল	তো	এক্টিভেট	2
তো	এক্টিভেট	এন্ড	2
এক্টিভেট	এন্ড	ড্রাইভার	2
এন্ড	ড্রাইভার	সেটআপ	2
ড্রাইভার	সেটআপ	নিয়ে	2
সেটআপ	নিয়ে	একটা	2
একটা	মেগা	পোস্ট	2
মেগা	পোস্ট	করুন	2
কিটক্যাট	আর	আপনি	2
আপনি	কোন	লিংক	2
থেকে	ডাউনলোড	করসেন	2
ডাউনলোড	করসেন	১	2
করসেন	১	নাকি	2
১	নাকি	২	2
নাকি	২	আর	2
২	আর	আপনার	2
আর	আপনার	ভার্সন	2
আপনার	ভার্সন	কত	2
থ্যাংক্স	ভাইয়া	মেইন	2
ভাইয়া	মেইন	ভিডিও	2
মেইন	ভিডিও	টা	2
ভিডিও	টা	ডিলিট	2
গেছে	তাই	দিতে	2
দিতে	পারিনি	তবে	2
পারিনি	তবে	পিক	2
তবে	পিক	গুলাতে	2
ক্লিক	করলে	বুঝা	2
থ্যাংকস	ব্রো	এটাই	2
ব্রো	এটাই	খুঁজতেসিলাম	2
চোদানী	মাগীর	পুত	2
মাগীর	পুত	বলে	2
পুত	বলে	কি	2
ভাই	আপনার	কন্টাক্ট	2
কন্টাক্ট	নাম্বার	দেন	2
নাম্বার	দেন	কথা	2
দেন	কথা	বলতে	2
বলতে	চাই	প্লিজ	2
চাই	প্লিজ	ভাই	2
মালওয়্যার	বাইন্ড	করে	2
নাইস	গ্রেট	জব	2
গ্রেট	জব	ব্রো	2
আমার	কাছে	এন্ড্রোইড	2
কাছে	এন্ড্রোইড	কাস্টম	2
এন্ড্রোইড	কাস্টম	রোম	2
রোম	আছে	অনলি	2
আছে	অনলি	ফর	2
অনলি	ফর	এমটিকে৬৫৭২	2
ফর	এমটিকে৬৫৭২	কিটক্যাট	2
এই	খানে	এসএস	2
খানে	এসএস	দিলে	2
এসএস	দিলে	কি	2
দিলে	কি	হত	2
কি	হত	ব্রো	2
থ্যাংক্স	ব্রো	এইসব	2
ব্রো	এইসব	এপ	2
এইসব	এপ	আমি	2
এপ	আমি	নিজেই	2
আমি	নিজেই	বানাতে	2
নিজেই	বানাতে	পারি	2
এমন	করে	টাকা	2
করে	টাকা	ইনকাম	2
টাকা	ইনকাম	করলে	2
ইনকাম	করলে	কোটি	2
করলে	কোটি	পতি	2
কোটি	পতি	হইয়া	2
পতি	হইয়া	যাবো	2
ব্রো	রুট	করার	2
পর	ফোন	মেমরি	2
ফোন	মেমরি	৪জিবি	2
মেমরি	৪জিবি	থেকে	2
৪জিবি	থেকে	২জিবি	2
থেকে	২জিবি	তে	2
২জিবি	তে	আসে	2
তে	আসে	গেসে	2
আসে	গেসে	কি	2
গেসে	কি	করবো	2
নাইস	পোস্ট	জেড	2
পোস্ট	জেড	এক্স	2
দারুন	জিনিশ	শেয়ার	2
জিনিশ	শেয়ার	করলেন	2
শেয়ার	করলেন	থ্যাংকস	2
পোস্ট	না	থাকলে	2
না	থাকলে	আজ	2
থাকলে	আজ	বিছানায়	2
আজ	বিছানায়	শুয়ে	2
বিছানায়	শুয়ে	মানুষের	2
শুয়ে	মানুষের	ওয়াইফাই	2
মানুষের	ওয়াইফাই	চালানোর	2
ওয়াইফাই	চালানোর	মজা	2
চালানোর	মজা	পেতাম	2
মজা	পেতাম	না	2
তে	কি	ট্রিকবিডি	2
মতো	ওয়েবসাইট	বানানো	2
ওয়েবসাইট	বানানো	যাবে	2
বানানো	যাবে	যদি	2
যাবে	যদি	বানানো	2
যদি	বানানো	যায়	2
বানানো	যায়	তাহলে	2
তাহলে	একটু	এক্সপ্লেইন	2
একটু	এক্সপ্লেইন	করেন	2
অন্যকে	মেরেই	আপনাকে	2
মেরেই	আপনাকে	দেয়	2
টা	দাও	তোমার	2
দাও	তোমার	সাথে	2
তোমার	সাথে	ইউটিউব	2
সাথে	ইউটিউব	নিয়ে	2
ইউটিউব	নিয়ে	কিছু	2
নিয়ে	কিছু	কথা	2
জিমেইল	দিয়ে	সাবস্ক্রাইব	2
দিয়ে	সাবস্ক্রাইব	করে	2
সাবস্ক্রাইব	করে	আরেক	2
করে	আরেক	জিমেইল	2
আরেক	জিমেইল	এর	2
জিমেইল	এর	চ্যানেল	2
এ	সাবস্ক্রাইব	নেওয়া	2
সাবস্ক্রাইব	নেওয়া	যাবে	2
এখন	করলেও	কিছু	2
করলেও	কিছু	হবেনা	2
কিছু	হবেনা	ভাই	2
ওকে	ভাই	একাউন্ট	2
ভাই	একাউন্ট	খুলতিসি	2
একাউন্ট	খুলতিসি	কিন্তু	2
খুলতিসি	কিন্তু	ফ্লেক্সিলোড	2
কিন্তু	ফ্লেক্সিলোড	কিভাবে	2
ফ্লেক্সিলোড	কিভাবে	করবো	2
ভাই	বেশি	দেরি	2
বেশি	দেরি	করেন	2
দেরি	করেন	না	2
করেন	না	ধৈর্য	2
না	ধৈর্য	হারিয়ে	2
ধৈর্য	হারিয়ে	যায়	2
হারিয়ে	যায়	আপনার	2
যায়	আপনার	এফবি	2
আইডি	দেন	প্রবলেম	2
দেন	প্রবলেম	হলে	2
প্রবলেম	হলে	বলব	2
তোমার	বাসা	কি‌	2
বাসা	কি‌	জয়পুরহাট	2
এসএসএইচ	একাউন্ট	কে	2
একাউন্ট	কে	লাগবে	2
হমমম	সেটাই	বলসিলাম	2
সেটাই	বলসিলাম	শীঘ্রয়	2
বলসিলাম	শীঘ্রয়	আপলোড	2
শীঘ্রয়	আপলোড	হয়ে	2
আপলোড	হয়ে	যাবে	2
কই	প্লিজ	বলেন	2
প্লিজ	বলেন	খুব	2
খুব	দরকার	আছে	2
আছে	ভাই	প্লীজ	2
ভাই	প্লীজ	উপকার	2
প্লীজ	উপকার	হবে	2
ভূয়া	পোস্ট	আগে	2
পোস্ট	আগে	বলতে	2
আগে	বলতে	পার	2
বলতে	পার	না	2
পার	না	মে	2
না	মে	তারা	2
মে	তারা	ইউজ	2
তারা	ইউজ	করে	2
ইউজ	করে	নি	2
করে	নি	আগে	2
নি	আগে	শুধু	2
আগে	শুধু	তাদের	2
তাদের	জন্য	আমি	2
জন্য	আমি	নিয়েসি	2
আমি	নিয়েসি	বাট	2
নিয়েসি	বাট	এক	2
বাট	এক	এমবি	2
এক	এমবি	ও	2
এমবি	ও	পেলাম	2
ইমেইল	করো	কোড	2
করো	কোড	দিবো	2
সরি	করবো	কিভাবে	2
ওল্ড	বাট	যারা	2
বাট	যারা	জানেনা	2
ট্যাব	কি	আর	2
আর	স্ক্রিনশট	গুলা	2
স্ক্রিনশট	গুলা	বুঝা	2
গুলা	বুঝা	যায়না	2
বুঝা	যায়না	আর	2
যায়না	আর	ভিডিও	2
আর	ভিডিও	করে	2
ভিডিও	করে	দিলে	2
দিলে	আর	ও	2
কি	হয়েসে	বাই	2
৩টা	করসে	এসএস	2
করসে	এসএস	সহ	2
ভাই	আপনি	রোম	2
আপনি	রোম	এর	2
রোম	এর	বাগ	2
এর	বাগ	ফিক্স	2
বাগ	ফিক্স	করতে	2
ফিক্স	করতে	পারেন	2
লগইন	হলে	পাসওয়ার্ড	2
হলে	পাসওয়ার্ড	চেঞ্জ	2
চেঞ্জ	করে	নিয়েন	2
করে	নিয়েন	আর‌	2
নিয়েন	আর‌	না	2
আর‌	না	হলে	2
তে	নক	দিয়েন	2
রিদমিক	কিবোর্ড	আইফোন	2
কিবোর্ড	আইফোন	থিম	2
লোগো	আপলোড	এর	2
আপলোড	এর	পর	2
এর	পর	লোগো	2
পর	লোগো	চেঞ্জ	2
লোগো	চেঞ্জ	হয়	2
চেঞ্জ	হয়	বাট	2
হয়	বাট	ওয়েলকাম	2
বাট	ওয়েলকাম	টু	2
ওয়েলকাম	টু	জীবনগা	2
টু	জীবনগা	কাটেনগা	2
জীবনগা	কাটেনগা	আর	2
কাটেনগা	আর	ঔ	2
আর	ঔ	লেখার	2
ঔ	লেখার	সাথে	2
লেখার	সাথে	এড	2
সাথে	এড	ও	2
এড	ও	কাটে	2
ও	কাটে	না	2
ফাক	জনি	ফাক	2
ভাইয়া	সরি	যে	2
সরি	যে	আমি	2
যে	আমি	এফবি	2
তে	এখন	নাই	2
এখন	নাই	আপনি	2
নাই	আপনি	একটো	2
আপনি	একটো	কষ্ট	2
একটো	কষ্ট	করে	2
কষ্ট	করে	টেলিগ্ৰামে	2
করে	টেলিগ্ৰামে	বলেন	2
টেলিগ্ৰামে	বলেন	ইউজার	2
প্লিজ	এড	নেটফ্লিক্স	2
এড	নেটফ্লিক্স	একাউন্ট	2
এটা	আপনে	জানলে	2
আপনে	জানলে	ও	2
জানলে	ও	অনেকে	2
ও	অনেকে	জানে	2
টু	ডেভেলপার	তাহলে	2
ডেভেলপার	তাহলে	ডেভলপার	2
তাহলে	ডেভলপার	লাইভ	2
ডেভলপার	লাইভ	টিভির	2
লাইভ	টিভির	লিংক	2
টিভির	লিংক	আপডেট	2
আপডেট	করে	দিবে	2
পার্সোনাল	ড্রাইভ	থেকে	2
ড্রাইভ	থেকে	মুভ	2
থেকে	মুভ	করে	2
মুভ	করে	দেখেন	2
এসি	মার্কেটে	গিয়ে	2
মার্কেটে	গিয়ে	সার্চ	2
গিয়ে	সার্চ	দিলেই	2
সার্চ	দিলেই	এরকম	2
দিলেই	এরকম	অনেক	2
এরকম	অনেক	মদ	2
অনেক	মদ	গেমস	2
মদ	গেমস	পাওয়া	2
গেমস	পাওয়া	যায়	2
ক্র্যাক	ছাড়া	বাট	2
ছাড়া	বাট	তাহলে	2
বাট	তাহলে	তো	2
তাহলে	তো	লাইসেন্স	2
তো	লাইসেন্স	থাকার	2
লাইসেন্স	থাকার	কথা	2
থাকার	কথা	আপনি	2
কথা	আপনি	কেগেন	2
আপনি	কেগেন	দিয়ে	2
কেগেন	দিয়ে	একটিভ	2
দিয়ে	একটিভ	করতে	2
একটিভ	করতে	বললেন	2
করতে	বললেন	কেন	2
বললেন	কেন	এনিওয়ে	2
কেন	এনিওয়ে	গুড	2
এনিওয়ে	গুড	পোস্ট	2
অ্যাপের	ডেভলপার	কেডা	2
ডেভলপার	কেডা	দেখ	2
পাইলাম	ভাই	আমি	2
ভাই	আমি	মাত্র	2
আমি	মাত্র	আপনার	2
মাত্র	আপনার	পোস্টে	2
আপনার	পোস্টে	কমেন্টে	2
পোস্টে	কমেন্টে	ভাইয়া	2
কমেন্টে	ভাইয়া	রিমিনি	2
ভাইয়া	রিমিনি	অ্যাপ	2
রিমিনি	অ্যাপ	তারই	2
অ্যাপ	তারই	মত	2
তারই	মত	করে	2
মত	করে	শিখান	2
করে	শিখান	প্লিজ	2
শিখান	প্লিজ	এটা	2
প্লিজ	এটা	কমেন্ট	2
এটা	কমেন্ট	করার	2
করার	জন্য	আসছিলাম	2
জন্য	আসছিলাম	আর	2
আসছিলাম	আর	এখনই	2
আর	এখনই	আপনার	2
এখনই	আপনার	পোস্ট	2
পোস্ট	দেখলাম	বললেন	2
দেখলাম	বললেন	অফলাইন	2
বললেন	অফলাইন	চলে	2
অফলাইন	চলে	যাবেন	2
অ্যান্ড্রয়েড	ছাড়া	লিংক	2
ছাড়া	লিংক	ব্রাউজার	2
লিংক	ব্রাউজার	দিয়ে	2
ব্রাউজার	দিয়ে	প্রিমিয়ার	2
দিয়ে	প্রিমিয়ার	নিতে	2
প্রিমিয়ার	নিতে	পারবো	2
পারবো	না	নাকি	2
না	নাকি	শুধু	2
নাকি	শুধু	অ্যাপ	2
শুধু	অ্যাপ	দিয়া	2
অ্যাপ	দিয়া	করতে	2
দিয়া	করতে	হবে	2
পানিতে	এক	আওয়ার	2
এক	আওয়ার	ভিজিয়ে	2
আওয়ার	ভিজিয়ে	রাখেন	2
হয়তোবা	আপনি	ফুল	2
আপনি	ফুল	গেম	2
ফুল	গেম	ইন্সটল	2
গেম	ইন্সটল	করেন	2
ইন্সটল	করেন	নি	2
করেন	নি	আবার	2
নি	আবার	ডাউনলোড	2
আবার	ডাউনলোড	দিন	2
সেটা	জানি	আমি	2
জানি	আমি	বলছি	2
আমি	বলছি	কি	2
বলছি	কি	ফ্রিতে	2
কি	ফ্রিতে	ওএসই	2
ফ্রিতে	ওএসই	সার্ভিস	2
ওএসই	সার্ভিস	দিচ্ছে	2
সার্ভিস	দিচ্ছে	আর	2
দিচ্ছে	আর	উপরে	2
আর	উপরে	ওনাদের	2
উপরে	ওনাদের	মিউজিক	2
ওনাদের	মিউজিক	বানানোর	2
মিউজিক	বানানোর	ব্যাপারটা	2
বানানোর	ব্যাপারটা	ক্লিয়ার	2
ব্যাপারটা	ক্লিয়ার	করে	2
ক্লিয়ার	করে	অনেকেই	2
করে	অনেকেই	ইন্টারেস্টেড	2
ভাই	আপনি	ওনার	2
আপনি	ওনার	প্রবলেম	2
ওনার	প্রবলেম	বুঝেন	2
প্রবলেম	বুঝেন	নাই	2
বুঝেন	নাই	উনার	2
নাই	উনার	ফোন	2
উনার	ফোন	এখন	2
ফোন	এখন	নন	2
এখন	নন	রোটেট	2
নন	রোটেট	কিন্তু	2
রোটেট	কিন্তু	উনার	2
কিন্তু	উনার	সুপার	2
উনার	সুপার	ইউজার	2
সুপার	ইউজার	অ্যাপ	2
ইউজার	অ্যাপ	হিস্টাম	2
অ্যাপ	হিস্টাম	হিসেবে	2
হিস্টাম	হিসেবে	ইন্সটল	2
হিসেবে	ইন্সটল	হইয়া	2
ইন্সটল	হইয়া	আছে	2
হইয়া	আছে	তাই	2
তাই	এটা	আনইন্সটল	2
এটা	আনইন্সটল	করা	2
আনইন্সটল	করা	সম্ভব	2
আর	এটা	আনইন্সটল	2
এটা	আনইন্সটল	করতে	2
আনইন্সটল	করতে	আবার	2
করতে	আবার	ফোন	2
আবার	ফোন	রুট	2
এর	জন্য	সুপার	2
জন্য	সুপার	সু	2
সুপার	সু	ফ্ল্যাশ	2
সু	ফ্ল্যাশ	দেন	2
ফ্ল্যাশ	দেন	আগের	2
দেন	আগের	অ্যাপ	2
আগের	অ্যাপ	রিপ্লেস	2
অ্যাপ	রিপ্লেস	হয়ে	2
রিপ্লেস	হয়ে	যাবে	2
হয়ে	যাবে	এরপর	2
যাবে	এরপর	সুপার	2
এরপর	সুপার	সু	2
সুপার	সু	দিয়ে	2
সু	দিয়ে	আনরুট	2
দিয়ে	আনরুট	কর	2
ঠিক	আছে	থ্যাংকস	2
পাইলাম	অনলি	২৫	2
অনলি	২৫	এমবি	2
২৫	এমবি	বাট	2
এমবি	বাট	আব্বুর	2
বাট	আব্বুর	সিমে	2
আব্বুর	সিমে	১০০	2
সিমে	১০০	এমবি	2
হেল্প	প্লিজ	অথার	2
প্লিজ	অথার	হতে	2
অথার	হতে	চাই	2
মেয়াদ	আর	কখন	2
আর	কখন	ইউজ	2
কখন	ইউজ	করা	2
এটাই	তো	হইল	2
আগের	পোস্ট	পড়েন	2
পোস্ট	পড়েন	বুঝবেন	2
অনেকেই	পাইছে	আবার	2
পাইছে	আবার	অনেকেই	2
আবার	অনেকেই	পায়	2
অনেকেই	পায়	নাই	2
তাহলে	শেয়ার	করুন	2
ইয়েস	সবাই	পাবে	2
অন্য	কোথাও	রাখা	2
কোথাও	রাখা	হয়নি	2
রহমান	রহমান	এর	2
রহমান	এর	জায়গায়	2
জায়গায়	আপনার	ইউজারনেইম	2
আপনার	ইউজারনেইম	দেন	2
এল	ওআইসি	আছে	2
ওআইসি	আছে	আর	2
আর	এটা	মনে	2
মনে	হয়	রুট	2
হয়	রুট	ছাড়া	2
ছাড়া	কাজ	করবে	2
রুট	ফেল্ড	স্যামসাং	2
ফেল্ড	স্যামসাং	গ্যালাক্সি	2
স্যামসাং	গ্যালাক্সি	উইন	2
গ্যালাক্সি	উইন	জিটিআই৮৫৫২	2
হুম	সলভ	হবে	2
সলভ	হবে	পারলে	2
হবে	পারলে	নিজেই	2
পারলে	নিজেই	ফ্ল্যাশ	2
নিজেই	ফ্ল্যাশ	দিন	2
ফ্ল্যাশ	দিন	টাকা	2
দিন	টাকা	লাগবে	2
আমি	আমার	বিওগ্রাফি	2
আমার	বিওগ্রাফি	আর	2
বিওগ্রাফি	আর	জন্য	2
আর	জন্য	একটা	2
জন্য	একটা	টেম্পলেট	2
একটা	টেম্পলেট	লাগবে	2
ভেরি	গুড	ডিজিটাল	2
গুড	ডিজিটাল	দেশের	2
ডিজিটাল	দেশের	তাল	2
দেশের	তাল	নাগরিক	2
নিউ	অল	টাইপ	2
অল	টাইপ	মুভিজ	2
টাইপ	মুভিজ	অ্যাভেলেবল	2
মুভিজ	অ্যাভেলেবল	ইন	2
অ্যাভেলেবল	ইন	এমএল	2
ইন	এমএল	ডাব্লিউ	2
এমএল	ডাব্লিউ	বিডি	2
ডাব্লিউ	বিডি	ওয়ার্ক	2
বিডি	ওয়ার্ক	উইথ	2
ওয়ার্ক	উইথ	গুগল	2
উইথ	গুগল	ড্রাইভ	2
ড্রাইভ	লিংক	এন্ড	2
লিংক	এন্ড	এইচ	2
এন্ড	এইচ	এ	2
এইচ	এ	ভিসি	2
এ	ভিসি	মুভিজ	2
ভিসি	মুভিজ	ওয়েব	2
মুভিজ	ওয়েব	ডিজায়ার	2
না	ভাই	জিএ	2
ভাই	জিএ	এমএল	2
জিএ	এমএল	জিকিউ	2
এমএল	জিকিউ	এসব	2
জিকিউ	এসব	ডমিনো	2
এসব	ডমিনো	হবে	2
ডমিনো	হবে	থ্যাংকস	2
হবে	থ্যাংকস	কমেন্ট	2
ঠিকমত	না	দিতে	2
দিতে	পারলে	জরিমানাতো	2
পারলে	জরিমানাতো	দিতেই	2
জরিমানাতো	দিতেই	আর	2
দিতেই	আর	আমি	2
আর	আমি	পল্লী	2
আমি	পল্লী	বিদ্যুৎ	2
পল্লী	বিদ্যুৎ	অফিসে	2
বিদ্যুৎ	অফিসে	কল	2
অফিসে	কল	দিছিলাম	2
কল	দিছিলাম	এটা	2
দিছিলাম	এটা	সেফ	2
এটা	সেফ	বলছে	2
বলদ	পোলাপান	এফবি	2
পোলাপান	এফবি	এর	2
এফবি	এর	কিছু	2
এর	কিছু	তুই	2
কিছু	তুই	বোঝেনা	2
তুই	বোঝেনা	পোস্ট	2
বোঝেনা	পোস্ট	করছে	2
পোস্ট	করছে	এডমিন	2
করছে	এডমিন	হবে	2
এডমিন	হবে	না	2
হবে	না	জীবনে	2
আমি	কি	পাব	2
কি	পাব	ট্রাই	2
পাব	ট্রাই	করবো	2
ট্রাই	করবো	নাকি	2
করবো	নাকি	কেউ	2
নাকি	কেউ	কিছু	2
কেউ	কিছু	বলেন	2
আমি	অথর	হওয়ার	2
হওয়ার	জন্য	মেইল	2
জন্য	মেইল	করলাম	2
মেইল	করলাম	ছয়	2
করলাম	ছয়	দিন	2
ছয়	দিন	হল	2
দিন	হল	কোন	2
হল	কোন	অ্যান্সার	2
কোন	অ্যান্সার	নাই	2
হেল্প	ব্রো	ইউটিউব	2
ব্রো	ইউটিউব	ইউজার	2
ইউটিউব	ইউজার	নেম	2
ইউজার	নেম	সেট	2
নেম	সেট	করব	2
সেট	করব	কিভাবে	2
প্লিজ	ব্রো	বলেন	2
আমার	একটা	কথা	2
একটা	কথা	অ্যাটাক	2
কথা	অ্যাটাক	দিলে	2
অ্যাটাক	দিলে	তো	2
দিলে	তো	ডাউন	2
তো	ডাউন	হবে	2
ডাউন	হবে	বুঝলাম	2
হবে	বুঝলাম	বাট	2
বুঝলাম	বাট	একটা	2
বাট	একটা	ওয়েবসাইট	2
একটা	ওয়েবসাইট	ডাউন	2
ওয়েবসাইট	ডাউন	করে	2
ডাউন	করে	সেই	2
করে	সেই	ওয়েবসাইটের	2
সেই	ওয়েবসাইটের	হোমপেজে	2
ওয়েবসাইটের	হোমপেজে	হ্যাকার	2
হোমপেজে	হ্যাকার	আর	2
হ্যাকার	আর	নিজস্ব	2
আর	নিজস্ব	কোন	2
নিজস্ব	কোন	নাম	2
কোন	নাম	বা	2
নাম	বা	মেসেজ	2
বা	মেসেজ	ঝুলিয়ে	2
মেসেজ	ঝুলিয়ে	রাখাটা	2
ঝুলিয়ে	রাখাটা	কিভাবে	2
রাখাটা	কিভাবে	ভাই	2
ভাই	একটু	জানাবেন	2
আমার	ফোন	নন	2
ফোন	নন	রুটেড	2
নন	রুটেড	ভিডিওতে	2
রুটেড	ভিডিওতে	দেখুন	2
ভিডিওতে	দেখুন	আমার	2
দেখুন	আমার	ইনস্টল	2
আমার	ইনস্টল	হয়েছে	2
২	জিবি	ফাইল	2
জিবি	ফাইল	টা	2
ফাইল	টা	যে	2
টা	যে	ডাউনলোড	2
যে	ডাউনলোড	দিলাম	2
ডাউনলোড	দিলাম	সেটা	2
দিলাম	সেটা	কি	2
সেটা	কি	করব	2
দিবে	বুঝলাম	বাট	2
বুঝলাম	বাট	কেন	2
বাট	কেন	দিবে	2
কেন	দিবে	সেটা	2
দিবে	সেটা	বুঝতেছি	2
সেটা	বুঝতেছি	না	2
বুঝতেছি	না	মানে	2
না	মানে	তাদের	2
মানে	তাদের	কি	2
তাদের	কি	লাভ	2
কি	লাভ	হয়	2
লাভ	হয়	যার	2
হয়	যার	জন্য	2
যার	জন্য	টাকা	2
জন্য	টাকা	দিবে	2
টাকা	দিবে	যদি	2
দিবে	যদি	পারেন	2
পারেন	একটু	বলেন	2
একটু	বলেন	মাইন্ড	2
বলেন	মাইন্ড	কইরেন	2
মাইন্ড	কইরেন	না	2
এভাবে	কাজ	করে	2
করে	কি	অ্যান্ড্রয়েডে	2
কি	অ্যান্ড্রয়েডে	নেট	2
অ্যান্ড্রয়েডে	নেট	চালাতে	2
চালাতে	পারবো	নাকি	2
পারবো	নাকি	পিসিতে	2
নাকি	পিসিতে	নেট	2
পিসিতে	নেট	চালাতে	2
নেট	চালাতে	পারব	2
হলিউড	মুভি	নাই	2
আমার	একটা	পেইড	2
একটা	পেইড	অ্যাপ	2
পেইড	অ্যাপ	খুব	2
অ্যাপ	খুব	দরকার	2
আপনার	কি	নিজের	2
কি	নিজের	সাইট	2
নিজের	সাইট	আছে	2
আছে	এন্ড	আপনি	2
এন্ড	আপনি	কি	2
আপনি	কি	কোন	2
কি	কোন	ওয়েব	2
কোন	ওয়েব	ডেভেলপার	2
টেক্সট	নাও	অ্যাপের	2
নাও	অ্যাপের	ফ্রি	2
অ্যাপের	ফ্রি	নম্বর	2
ফ্রি	নম্বর	বেশিদিন	2
নম্বর	বেশিদিন	থাকে	2
বেশিদিন	থাকে	না	2
থাকে	না	প্রিমিয়াম	2
না	প্রিমিয়াম	নিয়ে	2
প্রিমিয়াম	নিয়ে	আসুন	2
নিয়ে	আসুন	থ্যাংকস	2
রিভিউটা	অনেক	সুন্দর	2
সুন্দর	হয়েছে	ক্যারি	2
আজকে	পেজ	কেউ	2
পেজ	কেউ	মেসেজ	2
কেউ	মেসেজ	দিয়েন	2
মেসেজ	দিয়েন	না	2
দিয়েন	না	রিপ্লাই	2
না	রিপ্লাই	দিতে	2
রিপ্লাই	দিতে	পারব	2
আপনি	সেটিং	ঠিক	2
ঠিক	মতো	করলে	2
মতো	করলে	চলার	2
করলে	চলার	কথা	2
বললেই	তো	হবে	2
না	ভাইয়া	এগুলো	2
ভাইয়া	এগুলো	নিয়েই	2
এগুলো	নিয়েই	ইউটিউব	2
নিয়েই	ইউটিউব	খালি	2
ইউটিউব	খালি	ভিডিও	2
খালি	ভিডিও	এর	2
ভিডিও	এর	আমরা	2
এর	আমরা	কিছু	2
আমরা	কিছু	করলে	2
কিছু	করলে	যত	2
করলে	যত	রুলস	2
যত	রুলস	প্রয়োগ	2
রুলস	প্রয়োগ	আমি	2
প্রয়োগ	আমি	করি	2
করি	না	এসব	2
ভাই	আমার	কানেক্টেড	2
আমার	কানেক্টেড	হচ্ছে	2
না	শুধু	ডিসকানেক্ট	2
শুধু	ডিসকানেক্ট	লেখা	2
ডিসকানেক্ট	লেখা	আসতেছে	2
লেখা	আসতেছে	সব	2
আসতেছে	সব	ঠিকমতই	2
সব	ঠিকমতই	সেটিং	2
ঠিকমতই	সেটিং	করলাম	2
সেটিং	করলাম	এক্সেস	2
করলাম	এক্সেস	পয়েন্ট	2
এক্সেস	পয়েন্ট	একই	2
পয়েন্ট	একই	আলাদা	2
একই	আলাদা	কিছু	2
আলাদা	কিছু	সেটিং	2
কিছু	সেটিং	করতে	2
৩০	সেকেন্ড	পরপর	2
সেকেন্ড	পরপর	স্পিনে	2
পরপর	স্পিনে	ক্লিক	2
স্পিনে	ক্লিক	করতে	2
করতে	হবে	এরপর	2
হবে	এরপর	ডেলি	2
এরপর	ডেলি	চেক	2
ডেলি	চেক	করা	2
চেক	করা	পয়েন্ট	2
করা	পয়েন্ট	পাবেন	2
পয়েন্ট	পাবেন	ভিডিও	2
পাবেন	ভিডিও	এক্স	2
ভিডিও	এক্স	দেখতে	2
এক্স	দেখতে	হবে	2
না	থাকলে	রেকর্ড	2
থাকলে	রেকর্ড	হয়ে	2
রেকর্ড	হয়ে	থাকবে	2
হয়ে	থাকবে	যখন	2
থাকবে	যখন	ডাটা	2
যখন	ডাটা	অন	2
অন	করবে	তখন	2
করবে	তখন	সেন্ড	2
তখন	সেন্ড	হবে	2
সেন্ড	হবে	অটো	2
এই	নিয়ে	ট্রিক	2
নিয়ে	ট্রিক	বিডিতে	2
ট্রিক	বিডিতে	অনেক	2
শুক্ল	পক্ষের	লিঙ্ক	2
পক্ষের	লিঙ্ক	হবে	2
কেমন	পোস্ট	দিতে	2
পোস্ট	দিতে	হবে	2
দিতে	হবে	ভাইয়া	2
হবে	ভাইয়া	সাজেশন	2
ভাইয়া	সাজেশন	দেন	2
এর	জন্য	কিভাবে	2
জন্য	কিভাবে	নিব	2
কিভাবে	নিব	ট্রিট	2
নিব	ট্রিট	শেয়ার	2
ট্রিট	শেয়ার	করলে	2
ভালো	হয়	এন্ড	2
হয়	এন্ড	আমার	2
এন্ড	আমার	মনে	2
মনে	হয়	ওয়ান	2
হয়	ওয়ান	ডেস	2
ওয়ান	ডেস	প্রিমিয়াম	2
ডেস	প্রিমিয়াম	ট্রেল	2
প্রিমিয়াম	ট্রেল	নিয়া	2
ট্রেল	নিয়া	কোন	2
নিয়া	কোন	লাভই	2
কোন	লাভই	নাই	2
মিডিয়া	ফায়ার	কি	2
ফায়ার	কি	নিউ	2
কি	নিউ	ইউজ	2
নিউ	ইউজ	করতেছেন	2
করতেছেন	নাকি	অন্য	2
কোন	সাইটে	আপলোড	2
সাইটে	আপলোড	দেন	2
যার	কাছে	যেটা	2
ভাই	সিরিয়াসলি	এখন	2
সিরিয়াসলি	এখন	ট্রিক	2
এখন	ট্রিক	বিডিতে	2
ট্রিক	বিডিতে	এমন	2
বিডিতে	এমন	পোস্ট	2
এমন	পোস্ট	হয়	2
পোস্ট	হয়	এটাতো	2
হয়	এটাতো	একদম	2
এটাতো	একদম	বেসিক	2
আই	এম	আই	2
এম	আই	চেঞ্জার	2
আই	চেঞ্জার	দিয়ে	2
চেঞ্জার	দিয়ে	চেক	2
চেক	করেন	গুগল	2
করেন	গুগল	এ	2
তোমারটা	লেটেস্ট	প্লেস্টোর	2
লেটেস্ট	প্লেস্টোর	থেকে	2
ভালো	তবে	এই	2
তবে	এই	পোস্টটা	2
এই	পোস্টটা	আগেই	2
পোস্টটা	আগেই	করা	2
আগেই	করা	হয়েছিল	2
ভালো	কথা	বলে	2
কথা	বলে	যাবা	2
দারুন	বই	আগে	2
বই	আগে	পড়েছিলাম	2
আমি	মেইল	করার	2
মেইল	করার	৫	2
করার	৫	ডেইজ	2
৫	ডেইজ	পর	2
ডেইজ	পর	রিপ্লাই	2
পর	রিপ্লাই	পাইছি	2
পার্ট	৫	দেন	2
পোস্ট	আমি	তো	2
ভাই	কিছু	বুঝতে	2
ফ্লেক্সিপ্লান	টাকা	২০	2
ইউজার	ভাই	দেখেন	2
আছে	বাট	পিডিএফ	2
বাট	পিডিএফ	এর	2
পিডিএফ	এর	মধ্যে	2
এর	মধ্যে	টেক্সট	2
মধ্যে	টেক্সট	থাকতে	2
টেক্সট	থাকতে	হবে	2
থাকতে	হবে	কিন্তু	2
হবে	কিন্তু	প্রায়	2
কিন্তু	প্রায়	সব	2
প্রায়	সব	বাংলা	2
সব	বাংলা	পিডিএফ	2
বাংলা	পিডিএফ	ফটো	2
পিডিএফ	ফটো	তোলে	2
ফটো	তোলে	তৈরি	2
তোলে	তৈরি	করা	2
হয়	তাই	অ্যাপ	2
তাই	অ্যাপ	রিড	2
অ্যাপ	রিড	করতে	2
রিড	করতে	পারবেনা	2
করতে	পারবেনা	সো	2
পারবেনা	সো	স্যাড	2
এমবিএলএ	টাকা	কেমনে	2
টাকা	কেমনে	আসবে	2
অনেক	পোস্ট	করেছি	2
পোস্ট	করেছি	ইউজার	2
করেছি	ইউজার	ভাইকে	2
ইউজার	ভাইকে	মেইল	2
ভাইকে	মেইল	করেছি	2
মেইল	করেছি	অনেক	2
করেছি	অনেক	ইচ্ছা	2
অনেক	ইচ্ছা	টিউনার	2
ইচ্ছা	টিউনার	হব	2
টিউনার	হব	প্লিজ	2
হব	প্লিজ	রিসিভড	2
প্লিজ	রিসিভড	মি	2
ব্যাটারি	৬০০০	প্লাস	2
৬০০০	প্লাস	হলে	2
প্লাস	হলে	ভালো	2
সাইট	প্রবলেম	হয়েছে	2
প্রবলেম	হয়েছে	তাই	2
হয়েছে	তাই	নিউ	2
তাই	নিউ	সাইট	2
নিউ	সাইট	খোলা	2
সাইট	খোলা	অনেক	2
খোলা	অনেক	অনেক	2
অনেক	অনেক	দশ	2
অনেক	দশ	গুণ	2
দশ	গুণ	এভাবে	2
গুণ	এভাবে	আমাদের	2
এভাবে	আমাদের	সাথে	2
আমাদের	সাথে	থাকলে	2
সাথে	থাকলে	ভালো	2
থাকলে	ভালো	লাগে	2
ভালো	লাগে	আমাদের	2
আরডিপিএর	মেয়াদ	কয়দিন	2
ইউ	ব্রাদার	আমি	2
ব্রাদার	আমি	একটা	2
একটা	ভিডিও	লিংক	2
ভিডিও	লিংক	দিয়েছি	2
লিংক	দিয়েছি	এড	2
দিয়েছি	এড	করেছি	2
কানেক্ট	হওয়ার	পরও	2
হওয়ার	পরও	এমবি	2
পরও	এমবি	লাগে	2
নিজে	হ্যাক	করব	2
হ্যাক	করব	মানুষের	2
করব	মানুষের	হ্যাক	2
মানুষের	হ্যাক	গেম	2
হ্যাক	গেম	নিব	2
গেম	নিব	কেন	2
ইউজার	বাট	এটা	2
বাট	এটা	করলে	2
এটা	করলে	সেটাও	2
করলে	সেটাও	দেখাবেনা	2
ডাটা	স্টপ	থাকলে	2
স্টপ	থাকলে	কিভাবে	2
থাকলে	কিভাবে	অন	2
কিভাবে	অন	করব	2
এয়ারটেল	এভাবে	বাঁশ	2
এভাবে	বাঁশ	দিয়া	2
বাঁশ	দিয়া	দিল	2
ওয়েবসাইট	আছে	গুগলে	2
আমার	ফোন	হুয়াওয়ে	2
ফোন	হুয়াওয়ে	ওয়াই৬০০	2
হুয়াওয়ে	ওয়াই৬০০	এমটিকে৬৫৭২	2
ওয়াই৬০০	এমটিকে৬৫৭২	ওপরে	2
এমটিকে৬৫৭২	ওপরে	রিকভারি	2
ওপরে	রিকভারি	দিয়ে	2
পোর্ট	করা	যাবে	2
যাবে	আর	পোর্ট	2
আর	পোর্ট	করার	2
পোর্ট	করার	জন্য	2
জন্য	কি	রিকভারি	2
কি	রিকভারি	ইমেজ	2
রিকভারি	ইমেজ	এক্সট্র্যাক্ট	2
ইমেজ	এক্সট্র্যাক্ট	করবো	2
এক্সট্র্যাক্ট	করবো	নাকি	2
করবো	নাকি	বুট	2
নাকি	বুট	ইমেজ	2
মেইন	ডিভাইস	থেকে	2
ডিভাইস	থেকে	ইউজ	2
থেকে	ইউজ	করতে	2
করতে	হবে	রুট	2
রুট	না	হলে	2
না	হলে	ইউজ	2
হলে	ইউজ	করেন	2
ভাই	রিকোয়েস্ট	পাঠাইছি	2
রিকোয়েস্ট	পাঠাইছি	এক্সেপ্ট	2
পাঠাইছি	এক্সেপ্ট	করেন	2
কেমন	পোস্ট	ডাউনলোড	2
পোস্ট	ডাউনলোড	লিংক	2
ডাউনলোড	লিংক	হোয়ের	2
লিংক	হোয়ের	ডাউনলোড	2
হোয়ের	ডাউনলোড	লিংক	2
ডাউনলোড	লিংক	ক্লিক	2
লিংক	ক্লিক	করুন	2
ক্লিক	করুন	আদারওয়াইজ	2
করুন	আদারওয়াইজ	রিপোর্টেড	2
মাগির	পোলারে	ব্লক	2
পোলারে	ব্লক	মারেন	2
ব্লক	মারেন	এডমিন	2
মারেন	এডমিন	ভাই	2
পোস্ট	ভালোভাবে	দেখুন	2
ভালোভাবে	দেখুন	দেয়া	2
দেখুন	দেয়া	আছে	2
গালি	দিয়ে	লাভ	2
দিয়ে	লাভ	পেলেন	2
লাভ	পেলেন	না	2
পেলেন	না	বরং	2
না	বরং	ওর	2
বরং	ওর	গোনা	2
ওর	গোনা	হল	2
গোনা	হল	এ	2
হল	এ	গালি	2
এ	গালি	থেকে	2
গালি	থেকে	বিরত	2
১৩০০	ক্রিপসোলে	কত	2
ক্রিপসোলে	কত	পাইছেন	2
আপনি	যদি	পারে	2
পারে	তাহলে	পোস্ট	2
তাহলে	পোস্ট	করুন	2
করল	না	ব্রো	2
ফ্রি	নেট	পাইলা	2
নেট	পাইলা	অথবা	2
পাইলা	অথবা	বইয়া	2
অথবা	বইয়া	থাকবা	2
বইয়া	থাকবা	কার	2
থাকবা	কার	আগে	2
কার	আগে	কে	2
আগে	কে	পোস্ট	2
কে	পোস্ট	দিতে	2
পোস্ট	দিতে	পারে	2
দিতে	পারে	এই	2
পারে	এই	অবস্থা	2
রিকভারি	আইএমজি	টা	2
আইএমজি	টা	ইমেজ	2
টা	ইমেজ	কিচেন	2
ইমেজ	কিচেন	অ্যাপস	2
কিচেন	অ্যাপস	এর	2
এর	ভিতর	দা	2
ভিতর	দা	নিউ	2
দা	নিউ	আইএমজি	2
নিউ	আইএমজি	টা	2
আইএমজি	টা	রি	2
টা	রি	নেম	2
রি	নেম	করব	2
নেম	করব	নাকি	2
করব	নাকি	এক্সপোর্ট	2
নাকি	এক্সপোর্ট	করার	2
এক্সপোর্ট	করার	পর	2
করার	পর	ফাইল	2
পর	ফাইল	ম্যানেজারের	2
ফাইল	ম্যানেজারের	ভিতর	2
ম্যানেজারের	ভিতর	থেকে	2
ভিতর	থেকে	প্লিজ	2
থেকে	প্লিজ	জানাবেন	2
লাকি	পেচার	দিয়া	2
লেখা	লিখবেন	ব্র্যাকেটের	2
লিখবেন	ব্র্যাকেটের	পরিবর্তে	2
ব্র্যাকেটের	পরিবর্তে	হবে	2
পরিবর্তে	হবে	ওকে	2
হবে	ওকে	ভাইয়া	2
ওল্ড	এন্ড	ভেরি	2
এন্ড	ভেরি	ওল্ড	2
আইডি	আজ	ঠিক	2
আজ	ঠিক	করি	2
ঠিক	করি	সকালে	2
করি	সকালে	ঘুম	2
থেকে	উঠে	দেখি	2
উঠে	দেখি	ফেস	2
দেখি	ফেস	লক	2
ফেস	লক	ফটো	2
লক	ফটো	ভেরিফাই	2
ফটো	ভেরিফাই	চাই	2
ভেরিফাই	চাই	ফটো	2
চাই	ফটো	দিলাম	2
ফটো	দিলাম	দুই	2
দিলাম	দুই	তিন	2
তিন	দিন	পর	2
দিন	পর	ঠিক	2
পর	ঠিক	হয়	2
ঠিক	হয়	আবার	2
হয়	আবার	পরের	2
দিন	সকালে	হয়েছিল	2
সকালে	হয়েছিল	আবারো	2
হয়েছিল	আবারো	ফটো	2
আবারো	ফটো	চায়	2
ফটো	চায়	এই	2
চায়	এই	নিয়া	2
এই	নিয়া	প্রায়	2
নিয়া	প্রায়	হয়েছে	2
প্রায়	হয়েছে	একবার	2
হয়েছে	একবার	ডিজেবল	2
একবার	ডিজেবল	হয়ে	2
ডিজেবল	হয়ে	গিয়েছিল	2
হয়ে	গিয়েছিল	খোলার	2
গিয়েছিল	খোলার	পর	2
খোলার	পর	থেকে	2
পর	থেকে	শুধু	2
থেকে	শুধু	ভেরিফাই	2
শুধু	ভেরিফাই	করতেছি	2
ভেরিফাই	করতেছি	বাট	2
করতেছি	বাট	ইউজ	2
রানা	ভাইকে	অনেক	2
ভাইকে	অনেক	রিকোয়েস্ট	2
অনেক	রিকোয়েস্ট	করছি	2
রিকোয়েস্ট	করছি	পোস্ট	2
করছি	পোস্ট	গুলোর	2
পোস্ট	গুলোর	দেখার	2
গুলোর	দেখার	অনেকবার	2
দেখার	অনেকবার	মেইল	2
অনেকবার	মেইল	দিয়েছি	2
মেইল	দিয়েছি	বাট	2
দিয়েছি	বাট	রিভিউ	2
বাট	রিভিউ	করেন	2
করেন	নাই	রিকোয়েস্ট	2
নাই	রিকোয়েস্ট	করব	2
রিকোয়েস্ট	করব	না	2
করব	না	আমি	2
না	আমি	অনেক	2
আমি	অনেক	ওল্ড	2
অনেক	ওল্ড	মেম্বার	2
ওল্ড	মেম্বার	ট্রাস্ট	2
মেম্বার	ট্রাস্ট	না	2
ট্রাস্ট	না	করলে	2
না	করলে	আমার	2
করলে	আমার	ইউজার	2
আমার	ইউজার	আইডি	2
ইউজার	আইডি	দেখুন	2
আইডি	দেখুন	আবার	2
দেখুন	আবার	হলেও	2
ভাই	আপনার	যদি	2
আপনার	যদি	রবি	2
যদি	রবি	সিম	2
রবি	সিম	থাকে	2
সিম	থাকে	ট্রাই	2
থাকে	ট্রাই	করুন	2
ট্রাই	করুন	হবেই	2
নাইস	আমিও	নামিয়ে	2
আমিও	নামিয়ে	দেখছি	2
ভাইয়া	আমার	কোন	2
আমার	কোন	এসএমএস	2
কোন	এসএমএস	আসে	2
আসে	নাই	কোড	2
নাই	কোড	ডায়াল	2
ডায়াল	করলাম	তাও	2
করলাম	তাও	হচ্ছে	2
যায়	প্লিজ	বলবেন	2
ভাই	যে	মেইল	2
যে	মেইল	টা	2
মেইল	টা	দিলাম	2
টা	দিলাম	ওই	2
দিলাম	ওই	মেইলটা	2
ওই	মেইলটা	কি	2
মেইলটা	কি	আগে	2
কি	আগে	থেকেই	2
আগে	থেকেই	ক্রিয়েট	2
থেকেই	ক্রিয়েট	করে	2
ক্রিয়েট	করে	নিতে	2
ভাই	আপনি	সাইটে	2
আপনি	সাইটে	বানানোর	2
সাইটে	বানানোর	আগে	2
বানানোর	আগে	কেন	2
আগে	কেন	ডোমেন	2
কেন	ডোমেন	নিয়ে	2
ডোমেন	নিয়ে	পোস্ট	2
নিয়ে	পোস্ট	করলেন	2
পোস্ট	করলেন	জানা	2
করলেন	জানা	নাই	2
নাই	যদি	সাইটে	2
যদি	সাইটে	না	2
সাইটে	না	থাকে	2
থাকে	তবে	ডোমেইন	2
তবে	ডোমেইন	নেব	2
ডোমেইন	নেব	কিভাবে	2
নেব	কিভাবে	প্লিজ	2
কিভাবে	প্লিজ	রিপ্লাই	2
ভাই	খারাপ	কমেন্ট	2
খারাপ	কমেন্ট	কেন	2
কমেন্ট	কেন	এটা	2
কেন	এটা	আমি	2
এটা	আমি	ফার্স্ট	2
আমি	ফার্স্ট	পোস্ট	2
ফার্স্ট	পোস্ট	করছি	2
করছি	অনেক	এর	2
অনেক	এর	এই	2
এর	এই	কোড	2
এই	কোড	দরকার	2
কোড	দরকার	আপনার	2
দরকার	আপনার	দরকার	2
আপনার	দরকার	না	2
না	হলে	ডাকবেন	2
হলে	ডাকবেন	না	2
ডাকবেন	না	শুধু	2
শুধু	শুধু	খারাপ	2
শুধু	খারাপ	কমেন্ট	2
খারাপ	কমেন্ট	করে	2
কমেন্ট	করে	পোস্ট	2
করার	ইচ্ছা	হারান	2
ইচ্ছা	হারান	কেন	2
মানে	ফেক	আইডি	2
আইডি	দিয়ে	নেয়া	2
ভাই	তোমাগোর	মাথায়	2
তোমাগোর	মাথায়	যে	2
মাথায়	যে	এত	2
যে	এত	বুদ্ধি	2
এত	বুদ্ধি	জানতাম	2
বুদ্ধি	জানতাম	না	2
জানতাম	না	আমি	2
না	আমি	ঘণ্টা	2
আমি	ঘণ্টা	একটা	2
ঘণ্টা	একটা	টাইম	2
একটা	টাইম	বলছি	2
টাইম	বলছি	সেটা	2
বলছি	সেটা	সর্বোচ্চ	2
সেটা	সর্বোচ্চ	টাইম	2
সর্বোচ্চ	টাইম	অনেক	2
টাইম	অনেক	সময়	2
অনেক	সময়	টাইম	2
সময়	টাইম	বেশি	2
টাইম	বেশি	লাগে	2
বেশি	লাগে	সেই	2
লাগে	সেই	হিসাবে	2
সেই	হিসাবে	টাইম	2
হিসাবে	টাইম	বাড়িয়ে	2
টাইম	বাড়িয়ে	বলছি	2
বাড়িয়ে	বলছি	আমার	2
বলছি	আমার	আইডি	2
আইডি	নষ্ট	করতে	2
নষ্ট	করতে	১৫	2
করতে	১৫	মিনিট	2
১৫	মিনিট	লাগছে	2
মিনিট	লাগছে	তাই	2
লাগছে	তাই	তো	2
তাই	তো	বলবো	2
তো	বলবো	এখন	2
বলবো	এখন	একজনের	2
এখন	একজনের	তিন	2
একজনের	তিন	ঘন্টা	2
তিন	ঘন্টা	লাগল	2
ঘন্টা	লাগল	সে	2
লাগল	সে	তো	2
সে	তো	বলতে	2
তো	বলতে	পারে	2
বলতে	পারে	আমার	2
পারে	আমার	বেশি	2
আমার	বেশি	টাইম	2
বেশি	টাইম	লাগবে	2
টাইম	লাগবে	তখন	2
লাগবে	তখন	কি	2
তখন	কি	করব	2
কি	করব	যাই	2
করব	যাই	হোক	2
যাই	হোক	থ্যাঙ্কস	2
হোক	থ্যাঙ্কস	তোমার	2
রবি	প্রুফ	দেন	2
প্রুফ	দেন	নাই	2
হুম	মজার	একটা	2
মজার	একটা	পোস্ট	2
একটা	পোস্ট	করলেন	2
ব্রো	স্পেস	বাদ	2
বাদ	দিয়ে	ট্রাই	2
ভাইয়া	সাইট	মাত্র	2
সাইট	মাত্র	স্টার্ট	2
মাত্র	স্টার্ট	হলো	2
স্টার্ট	হলো	এখন	2
হলো	এখন	জাস্ট	2
এখন	জাস্ট	জয়েন	2
জাস্ট	জয়েন	করেন	2
জয়েন	করেন	তিন	2
করেন	তিন	দিনের	2
তিন	দিনের	মধ্যে	2
দিনের	মধ্যে	আবার	2
মধ্যে	আবার	পোস্ট	2
আবার	পোস্ট	করে	2
করে	জানিয়ে	দেয়া	2
জানিয়ে	দেয়া	হবে	2
ভালোভাবে	বুঝলাম	না	2
আচ্ছা	ইয়াসিন	ভাই	2
ইয়াসিন	ভাই	নিউ	2
ভাই	নিউ	সাইটে	2
নিউ	সাইটে	তো	2
সাইটে	তো	কাস্টম	2
তো	কাস্টম	রিকভারি	2
কাস্টম	রিকভারি	গুগলে	2
রিকভারি	গুগলে	পাওয়া	2
গুগলে	পাওয়া	যায়	2
যায়	না	সে	2
না	সে	ক্ষেত্রে	2
সে	ক্ষেত্রে	যদি	2
ক্ষেত্রে	যদি	রিকভারি	2
যদি	রিকভারি	থেকে	2
থেকে	ব্যাকআপ	নেই	2
ব্যাকআপ	নেই	তাহলে	2
নেই	তাহলে	হবেন	2
তাহলে	হবেন	না	2
হবেন	না	হলে	2
না	হলে	কেন	2
হলে	কেন	ওখানে	2
কেন	ওখানে	তরীকা	2
ওখানে	তরীকা	বাড়ি	2
তরীকা	বাড়ি	এন্ড	2
বাড়ি	এন্ড	রিস্টার্ট	2
এন্ড	রিস্টার্ট	ফাংশন	2
রিস্টার্ট	ফাংশন	আছে	2
ফাংশন	আছে	বুঝিয়ে	2
আছে	বুঝিয়ে	বলুন	2
বুঝিয়ে	বলুন	তো	2
বলুন	তো	একটু	2
একটা	সাইট	আসলেই	2
সাইট	আসলেই	সাইটটা	2
আসলেই	সাইটটা	অনেক	2
সাইটটা	অনেক	মজার	2
অনেক	মজার	বাই	2
মজার	বাই	দ্যা	2
দ্যা	ওয়ে	থ্যাংকস	2
কি	করব	কিছুই	2
করব	কিছুই	বুঝতেছিনা	2
কিছুই	বুঝতেছিনা	যদি	2
বুঝতেছিনা	যদি	একটু	2
যদি	একটু	বিস্তারিত	2
একটু	বিস্তারিত	পোস্ট	2
বিস্তারিত	পোস্ট	দিতেন	2
ভালো	লাগলো	হিট	2
লাগলো	হিট	হবে	2
থ্যাংকস	অনেক	কষ্ট	2
করে	পোস্টটা	করার	2
পোস্টটা	করার	জন্য	2
টার্বো	ভিপিএন	দিয়ে	2
অনেক	আগেই	নিছি	2
খালার	মনও	ইচ্ছা	2
মনও	ইচ্ছা	নাই	2
ইচ্ছা	নাই	কারণ	2
কারণ	আমি	এই	2
আমি	এই	গেম	2
এই	গেম	পিসিটা	2
গেম	পিসিটা	৩	2
পিসিটা	৩	ইয়ার	2
৩	ইয়ার	খেলছি	2
ইয়ার	খেলছি	যখন	2
খেলছি	যখন	আমি	2
যখন	আমি	ছোট	2
আমি	ছোট	ছিলাম	2
ছোট	ছিলাম	সব	2
ছিলাম	সব	মুখস্ত	2
সব	মুখস্ত	হয়ে	2
মুখস্ত	হয়ে	গেছে	2
গেছে	বাট	পোস্টটা	2
বাট	পোস্টটা	ভালো	2
হুম	এয়ারটেল	কমবেশ	2
এয়ারটেল	কমবেশ	সবাই	2
কমবেশ	সবাই	জানে	2
সবাই	জানে	নারাই	2
জানে	নারাই	সম্ভব	2
নারাই	সম্ভব	বিডি	2
সম্ভব	বিডি	বেস্ট	2
বিডি	বেস্ট	অফার	2
বেস্ট	অফার	সিম	2
আনতে	হবে	নাকি	2
হবে	নাকি	এমনিই	2
নাকি	এমনিই	ডাউনলোড	2
এমনিই	ডাউনলোড	ছাড়া	2
ডাউনলোড	ছাড়া	ই	2
ছাড়া	ই	লোডিং	2
ই	লোডিং	নিবে	2
পোস্ট	করছি	প্রিটেন্ডিং	2
করছি	প্রিটেন্ডিং	এ	2
প্রিটেন্ডিং	এ	আছে	2
এ	আছে	অ্যাকসেপ্ট	2
আছে	অ্যাকসেপ্ট	করেন	2
অ্যাকসেপ্ট	করেন	আর	2
করেন	আর	আমায়	2
আর	আমায়	টিউনার	2
আমায়	টিউনার	বানান	2
নবীর	নাম	মিথ্যে	2
নাম	মিথ্যে	কথা	2
মিথ্যে	কথা	বললেন	2
কথা	বললেন	ভাই	2
বললেন	ভাই	নবী	2
ভাই	নবী	আর	2
নবী	আর	পড়তেন	2
আর	পড়তেন	আজহারী	2
পড়তেন	আজহারী	হুজুরের	2
আজহারী	হুজুরের	লেকচার	2
হুজুরের	লেকচার	শুনেন	2
থ্যাঙ্কস	ব্রো	কাজ	2
এটা	কি	হ্যাক	2
কি	হ্যাক	বলে	2
হ্যাক	বলে	তোর	2
বলে	তোর	মিয়া	2
ক্রেডিট	তো	অনেক	2
তো	অনেক	নিয়েছিলাম	2
অনেক	নিয়েছিলাম	এখন	2
নিয়েছিলাম	এখন	তো	2
তো	আর	নেই	2
জানানোর	জন্য	এখন	2
জন্য	এখন	এফবি	2
এফবি	থেকে	কোন	2
থেকে	কোন	নিউ	2
কোন	নিউ	ইনকাম	2
নিউ	ইনকাম	সিস্টেম	2
ইনকাম	সিস্টেম	দিতে	2
সিস্টেম	দিতে	পারে	2
দিতে	পারে	মেটা	2
পারে	মেটা	কোম্পানি	2
আমি	জাস্ট	খেলাম	2
জাস্ট	খেলাম	কোন	2
খেলাম	কোন	ভিপিএন	2
কোন	ভিপিএন	লাগেনি	2
ভিপিএন	লাগেনি	মোবাইল	2
লাগেনি	মোবাইল	ডাটা	2
মোবাইল	ডাটা	দিয়েই	2
ডাটা	দিয়েই	সিম	2
দিয়েই	সিম	ছিল	2
সিম	ছিল	বাংলালিংক	2
পোস্টটি	দেওয়া	আছে	2
দেওয়া	আছে	চশমা	2
আছে	চশমা	লাগে	2
চশমা	লাগে	দেখেন	2
ব্রো	আমাকে	চিনছেন	2
১মটা	ডাউনলোড	করছি	2
ডাউনলোড	করছি	কিন্তু	2
করছি	কিন্তু	৪০৪	2
কিন্তু	৪০৪	এরর	2
৪০৪	এরর	দেখায়	2
মাত্র	৫০০	টাকায়	2
৫০০	টাকায়	পায়োনিয়ার	2
টাকায়	পায়োনিয়ার	মাস্টার	2
পায়োনিয়ার	মাস্টার	কার্ড	2
মাস্টার	কার্ড	বানাতে	2
কার্ড	বানাতে	ইনবক্সে	2
বানাতে	ইনবক্সে	আসুন	2
ইনবক্সে	আসুন	তাছাড়া	2
আসুন	তাছাড়া	আমার	2
তাছাড়া	আমার	রেফারেল	2
আমার	রেফারেল	দিলে	2
রেফারেল	দিলে	২৫	2
দিলে	২৫	ডলার	2
২৫	ডলার	ফ্রি	2
ডলার	ফ্রি	তো	2
ফ্রি	তো	থাকছেই	2
তো	থাকছেই	আর	2
থাকছেই	আর	কেউ	2
আর	কেউ	যদি	2
কেউ	যদি	ডলার	2
যদি	ডলার	কিনতে	2
ডলার	কিনতে	চান	2
কিনতে	চান	তো	2
চান	তো	ইনবক্সে	2
তো	ইনবক্সে	আসতে	2
ইনবক্সে	আসতে	ওম	2
আসতে	ওম	পেপালে	2
ওম	পেপালে	অ্যাকাউন্ট	2
পেপালে	অ্যাকাউন্ট	করে	2
অ্যাকাউন্ট	করে	দেয়া	2
এটাতো	আমার	কানেক্টেডই	2
আমার	কানেক্টেডই	হয়	2
কানেক্টেডই	হয়	না	2
হয়	বাট	এমনিতো	2
বাট	এমনিতো	অ্যাপসে	2
এমনিতো	অ্যাপসে	খুঁজে	2
অ্যাপসে	খুঁজে	পাচ্ছিনা	2
খুঁজে	পাচ্ছিনা	ইউজ	2
পাচ্ছিনা	ইউজ	করব	2
ভাই	বাংলা	লিংক	2
বাংলা	লিংক	সিম	2
লিংক	সিম	রিপ্লেস	2
সিম	রিপ্লেস	করতে	2
রিপ্লেস	করতে	কি	2
জিপিতে	হবে	প্লিজ	2
ভাও	তারমাক্সে	হবে	2
তারমাক্সে	হবে	না	2
কি	আমাকে	এর	2
আমাকে	এর	অল	2
এর	অল	বিবিকোড	2
অল	বিবিকোড	টা	2
বিবিকোড	টা	দিতে	2
অফলাইন	হয়	না	2
হয়	না	এটাই	2
না	এটাই	মেইন	2
এটাই	মেইন	সমস্যা	2
করা	হয়েছে	লোল	2
এটা	দিয়া	শুধু	2
দিয়া	শুধু	ওয়ার্ড	2
শুধু	ওয়ার্ড	পাস	2
ওয়ার্ড	পাস	সাইড	2
পাস	সাইড	বানান	2
সাইড	বানান	অন্য	2
বানান	অন্য	কিছু	2
অন্য	কিছু	না	2
কিছু	না	ওয়ার্ড	2
না	ওয়ার্ড	প্রেস	2
ওয়ার্ড	প্রেস	কখনো	2
প্রেস	কখনো	সাসপেন্ড	2
কখনো	সাসপেন্ড	হবে	2
সাসপেন্ড	হবে	না	2
হবে	না	গ্যারান্টেড	2
ভাই	এই	গেমটি	2
এই	গেমটি	বেঁচে	2
গেমটি	বেঁচে	থাকলে	2
বেঁচে	থাকলে	খেলেন	2
থাকলে	খেলেন	না	2
খেলেন	না	বা	2
না	বা	ভুল	2
বা	ভুল	করেও	2
ভুল	করেও	লিংকটিতে	2
করেও	লিংকটিতে	ঢুকেন	2
লিংকটিতে	ঢুকেন	না	2
ঢুকেন	না	লিংকটিতে	2
না	লিংকটিতে	ঢুকলে	2
লিংকটিতে	ঢুকলে	আপনাকে	2
ঢুকলে	আপনাকে	মরতে	2
আপনাকে	মরতে	হবে	2
ফলো	বুটিন	অন	2
বুটিন	অন	আছে	2
অন	আছে	কি	2
ফালতু	এটা	কাজের	2
এটা	কাজের	না	2
ভাই	অনলি	ড্রইট	2
অনলি	ড্রইট	ভিপিএন	2
ড্রইট	ভিপিএন	লাগবো	2
ভিপিএন	লাগবো	নাকি	2
লাগবো	নাকি	স্কাই	2
নাকি	স্কাই	পক্সে	2
স্কাই	পক্সে	ইউজ	2
পক্সে	ইউজ	করা	2
ইউজ	করা	শেষ	2
করা	শেষ	একাউন্ট	2
শেষ	একাউন্ট	ক্রিয়েট	2
ক্রিয়েট	করতে	হবে	2
মেইল	একদিনে	সেন্ড	2
একদিনে	সেন্ড	হলে	2
সেন্ড	হলে	স্পামে	2
হলে	স্পামে	ভাবেই	2
দেটস	গ্রেট	আমি	2
গ্রেট	আমি	৬	2
আমি	৬	বছর	2
৬	বছর	ধরে	2
পেপাল	যে	আসতেছে	2
যে	আসতেছে	এটা	2
আসতেছে	এটা	কোত্থেকে	2
এটা	কোত্থেকে	শুনলেন	2
জিয়ার৫	২০১৭	রুট	2
২০১৭	রুট	করব	2
ব্রো	কানেক্টেড	হয়	2
তো	কি	করব	2
ব্রো	আমার	রেজিস্টার	2
আমার	রেজিস্টার	হয়	2
রেজিস্টার	হয়	না	2
না	প্লিজ	ফেসবুকে	2
প্লিজ	ফেসবুকে	রিকুয়েস্ট	2
ফেসবুকে	রিকুয়েস্ট	একসেপ্ট	2
রিকুয়েস্ট	একসেপ্ট	করুন	2
একসেপ্ট	করুন	এসএমএস	2
করুন	এসএমএস	দিচ্ছি	2
তাহলে	আপনার	পোস্টিংয়ে	2
আপনার	পোস্টিংয়ে	ঝামেলা	2
পোস্টিংয়ে	ঝামেলা	আছে	2
ঝামেলা	আছে	ফোল্ডারটা	2
আছে	ফোল্ডারটা	রিপ্লেস	2
ফোল্ডারটা	রিপ্লেস	করে	2
রিপ্লেস	করে	দেখুন	2
করে	দেখুন	তো	2
লোডিং	হয়ে	যাচ্ছে	2
হয়ে	যাচ্ছে	১০	2
যাচ্ছে	১০	মিনিট	2
১০	মিনিট	রেখে	2
মিনিট	রেখে	দিয়েছি	2
রেখে	দিয়েছি	তাও	2
দিয়েছি	তাও	লোডিং	2
তাও	লোডিং	হচ্ছে	2
লোডিং	হচ্ছে	না	2
কানেকশন	অন	করেন	2
অন	করেন	এন্ড	2
করেন	এন্ড	এপ	2
এন্ড	এপ	এর	2
এপ	এর	প্লেয়ার	2
এর	প্লেয়ার	ডাটা	2
প্লেয়ার	ডাটা	করে	2
করে	আবার	নেট	2
আবার	নেট	কানেকশন	2
অন	করে	ঢুকেন	2
করে	ঢুকেন	নেট	2
ঢুকেন	নেট	থাকতে	2
নেট	থাকতে	হবে	2
ও	ব্রো	ভিডিও	2
ব্রো	ভিডিও	লিংক	2
ভিডিও	লিংক	কই	2
লিংক	কই	ব্রো	2
কই	ব্রো	প্লিজ	2
ব্রো	প্লিজ	ভিডিও	2
প্লিজ	ভিডিও	লিংক	2
ভাই	কানেক্টিং	আর	2
কানেক্টিং	আর	কানেক্টিং	2
আর	কানেক্টিং	হেল্প	2
হুম	অস্থির	সেট	2
ইউজার	ভাই	কোন	2
ভাই	কোন	দেশে	2
কোন	দেশে	যাবেন	2
লিংক	নাই	পাইলে	2
নাই	পাইলে	এখানে	2
পাইলে	এখানে	দেন	2
হ্যাঁ	যাবে	দুইটা	2
যাবে	দুইটা	উপায়	2
দুইটা	উপায়	আছে	2
উপায়	আছে	এক	2
আছে	এক	কোন	2
এক	কোন	ব্যক্তির	2
কোন	ব্যক্তির	কাছে	2
ব্যক্তির	কাছে	আপনি	2
কাছে	আপনি	কয়েন	2
আপনি	কয়েন	সেল	2
কয়েন	সেল	দিয়ে	2
টাকা	নিবেন	আর	2
নিবেন	আর	অনলাইনে	2
আর	অনলাইনে	কোন	2
অনলাইনে	কোন	ওয়েব	2
কোন	ওয়েব	সাইটে	2
ওয়েব	সাইটে	সেল	2
সাইটে	সেল	দিয়ে	2
স্যামসাং	জে৭	দিয়ে	2
জে৭	দিয়ে	খেলুন	2
দিয়ে	খেলুন	কিছুই	2
খেলুন	কিছুই	হবে	2
হবে	না	নরমার	2
না	নরমার	মোবাইলে	2
নরমার	মোবাইলে	ব্যাটারি	2
মোবাইলে	ব্যাটারি	যাবে	2
এড	ফাইবার	কি	2
ফাইবার	কি	পেমেন্ট	2
কি	পেমেন্ট	দিচ্ছে	2
জি	আছে	অনলাইন	2
আছে	অনলাইন	করা	2
অনলাইন	করা	যাবে	2
আরো	বিস্তারিত	বললে	2
বিস্তারিত	বললে	ভাল	2
বললে	ভাল	হইত	2
ডলার	উইথড্র	করব	2
উইথড্র	করব	কিভাবে	2
৩০	ডেইজ	পার	2
ডেইজ	পার	হয়ে	2
পার	হয়ে	গেছে	2
জানিনা	আমি	এটাতে	2
আমি	এটাতে	দুই	2
এটাতে	দুই	এমবি	2
দুই	এমবি	বেশি	2
এমবি	বেশি	স্পিড	2
বেশি	স্পিড	পাইছি	2
স্পিড	পাইছি	ওই	2
পাইছি	ওই	স্ক্রিনশটগুলো	2
ওই	স্ক্রিনশটগুলো	দিলে	2
স্ক্রিনশটগুলো	দিলে	মনে	2
দিলে	মনে	করবে	2
মনে	করবে	ভুলাটা	2
করবে	ভুলাটা	টাই	2
ভুলাটা	টাই	দিনি	2
টাই	দিনি	এখনকার	2
দিনি	এখনকার	গুলা	2
এখনকার	গুলা	দিলাম	2
করার	জন্য	দিছেন	2
জন্য	দিছেন	নাকি	2
দিছেন	নাকি	অনলি	2
নাকি	অনলি	রিডাইরেক্ট	2
অনলি	রিডাইরেক্ট	করার	2
রিডাইরেক্ট	করার	জন্য	2
করার	জন্য	লিংক	2
জন্য	লিংক	দিয়েছেন	2
লিংক	দিয়েছেন	লিংক	2
দিয়েছেন	লিংক	কাজ	2
করে	না	চেঞ্জ	2
না	চেঞ্জ	করেন	2
এক্সিলেন্ট	অ্যাপস	ভাইয়া	2
কি	হলো	বিস্তারিত	2
হলো	বিস্তারিত	কই	2
এসব	লাগে	অ্যাপ	2
লাগে	অ্যাপ	ছাড়াই	2
অ্যাপ	ছাড়াই	অটো	2
ছাড়াই	অটো	রিপ্লাই	2
অটো	রিপ্লাই	দেয়	2
রিপ্লাই	দেয়	জানো	2
দেয়	জানো	না	2
সাপোর্ট	গ্রুপে	মেসেজ	2
গ্রুপে	মেসেজ	করুন	2
মেসেজ	করুন	যতটুকু	2
করুন	যতটুকু	সম্ভব	2
যতটুকু	সম্ভব	হেল্প	2
সম্ভব	হেল্প	করা	2
হেল্প	করা	হবে	2
এই	ট্রিক	কার	2
ট্রিক	কার	কার	2
কার	কার	কাজ	2
কার	কাজ	করছে	2
কাজ	করছে	বলবেন	2
করছে	বলবেন	প্লিজ	2
এটা	বিকাশ	কম্পানি	2
বিকাশ	কম্পানি	অ্যাপ	2
কম্পানি	অ্যাপ	আপনি	2
অ্যাপ	আপনি	শিওর	2
আপনি	শিওর	হবার	2
শিওর	হবার	জন্য	2
হবার	জন্য	১৬২৪৭	2
জন্য	১৬২৪৭	কল	2
১৬২৪৭	কল	করতে	2
কল	করতে	পারেন	2
আমার	কিটক্যাট	অ্যান্ড	2
কিটক্যাট	অ্যান্ড	ললিপপ	2
অ্যান্ড	ললিপপ	এ	2
ললিপপ	এ	তো	2
এ	তো	চলে	2
এনবি	কুকিজ	লিংকিত	2
কুকিজ	লিংকিত	নাই	2
লিংকিত	নাই	ইউজার	2
অ্যাপ	ডাউনলোড	করিয়া	2
ডাউনলোড	করিয়া	টাকা	2
করিয়া	টাকা	ইনকাম	2
টাকা	ইনকাম	করছেন	2
পেমেন্ট	দেই	কার	2
দেই	কার	মাধ্যমে	2
বড়	ভাই	এটা	2
নিয়ে	একটা	পোজ	2
একটা	পোজ	দিন	2
পোজ	দিন	প্লিজ	2
দিন	প্লিজ	সবার	2
প্লিজ	সবার	উপকার	2
অস্থির	প্লিজ	অথার	2
প্লিজ	অথার	মি	2
প্রতিদিন	একবার	লগইন	2
একবার	লগইন	দিলেই	2
লগইন	দিলেই	হবে	2
দিলেই	হবে	মাই	2
হবে	মাই	বিএল	2
মাই	বিএল	কেয়ার	2
এ	কেমন	হ্যাক	2
ব্রো	প্লিজ	আমি	2
প্লিজ	আমি	মালয়েশিয়া	2
আমি	মালয়েশিয়া	থাকি	2
মালয়েশিয়া	থাকি	আমি	2
থাকি	আমি	অনেক	2
করেছি	কিন্তু	স্টক	2
কিন্তু	স্টক	রম	2
স্টক	রম	দিতে	2
রম	দিতে	পারিনি	2
দিতে	পারিনি	প্লিজ	2
করছি	বাট	কিছু	2
বাট	কিছু	হয়	2
মেথড	ট্রাই	করেন	2
ট্রাই	করেন	পরে	2
করেন	পরে	আমি	2
পরে	আমি	আরো	2
আমি	আরো	অ্যান্ড্রয়েড	2
আরো	অ্যান্ড্রয়েড	টিপস	2
অ্যান্ড্রয়েড	টিপস	পাবেন	2
টিপস	পাবেন	আপনারা	2
পাবেন	আপনারা	কমেন্টে	2
আপনারা	কমেন্টে	জানাবেন	2
কমেন্টে	জানাবেন	কোন	2
জানাবেন	কোন	ধরনের	2
পোস্ট	আপনারা	আমার	2
আপনারা	আমার	থেকে	2
আমার	থেকে	চাইবেন	2
থেকে	চাইবেন	বেস্ট	2
চাইবেন	বেস্ট	ট্রাই	2
বেস্ট	ট্রাই	করবো	2
ট্রাই	করবো	হেল্পের	2
করবো	হেল্পের	জন্য	2
কিন্তু	এটাই	কোন	2
এটাই	কোন	চিতকোড	2
কোন	চিতকোড	ইউজ	2
চিতকোড	ইউজ	করা	2
যাবে	না	নোকিয়ার	2
না	নোকিয়ার	মত	2
ফোন	দিয়ে	পার	2
দিয়ে	পার	করা	2
পার	করা	হয়েছে	2
করা	হয়েছে	মানে	2
হয়েছে	মানে	কি	2
মানে	কি	নিজের	2
কি	নিজের	মতো	2
করে	না	লিখে	2
না	লিখে	দোয়া	2
লিখে	দোয়া	করে	2
দোয়া	করে	এমন	2
করে	এমন	ভাবে	2
এমন	ভাবে	লিখুন	2
ভাবে	লিখুন	যেন	2
লিখুন	যেন	অন্যরা	2
যেন	অন্যরা	বুঝতে	2
অন্যরা	বুঝতে	পারে	2
কে	ইমেইল	করেন	2
অন্যরাও	তো	করছে	2
তো	করছে	ভাই	2
এটাই	ফ্ল্যাগকে	ডিফেন্স	2
ফ্ল্যাগকে	ডিফেন্স	করা	2
ডিফেন্স	করা	হয়	2
করা	হয়	আপনার	2
হয়	আপনার	অনেক	2
আপনার	অনেক	জেনারেল	2
অনেক	জেনারেল	নলেজ	2
জেনারেল	নলেজ	অভাব	2
নলেজ	অভাব	আছে	2
কাজ	হলে	জানাবো	2
করেন	নাই	তো	2
তো	তাই	বলতেছেন	2
ভাই	সিম্ফনি	আর	2
কি	ম্যাপিং	এর	2
ম্যাপিং	এর	জন্য	2
একটা	পোস্ট	লিখেন	2
পোস্ট	লিখেন	আপনার	2
লিখেন	আপনার	পোস্ট	2
পর	যে	গলা	2
যে	গলা	জমায়েত	2
গলা	জমায়েত	থাকায়	2
জমায়েত	থাকায়	না	2
থাকায়	না	বোঝলে	2
না	বোঝলে	ভিডিও	2
বোঝলে	ভিডিও	দেখতে	2
ফেইসবুক	আইডি	কে	2
আইডি	কে	ফেসবুক	2
কে	ফেসবুক	পেজ	2
ফেসবুক	পেজ	করার	2
পেজ	করার	পর	2
পর	ডিলিট	করতে	2
ডিলিট	করতে	পারতাছি	2
করতে	পারতাছি	কেউ	2
পারতাছি	কেউ	জানলে	2
কেউ	জানলে	ভলুন	2
ওটা	বাদ	দেসে	2
ইউসি	ব্রাউজার	ভালো	2
ব্রাউজার	ভালো	হবে	2
পেমেন্ট	ফেইলড	নট	2
ফেইলড	নট	ওয়ার্কিং	2
নট	ওয়ার্কিং	এমবি	2
ওয়ার্কিং	এমবি	গুলা	2
এমবি	গুলা	গেল	2
গুলা	গেল	খালি	2
গেল	খালি	মিয়া	2
যদি‌	আনপ্যাকিং	বেশি	2
আনপ্যাকিং	বেশি	টাইম	2
বেশি	টাইম	নেই	2
টাইম	নেই	তাইলে	2
নেই	তাইলে	ডাইরেক্ট	2
তাইলে	ডাইরেক্ট	এসডি	2
ডাইরেক্ট	এসডি	কার্ডে	2
এসডি	কার্ডে	রেখে	2
কার্ডে	রেখে	আনপ্যাক	2
রেখে	আনপ্যাক	করবেন	2
আনপ্যাক	করবেন	কুনু	2
করবেন	কুনু	ফোল্ডারে	2
কুনু	ফোল্ডারে	নয়	2
থ্যাঙ্কস	ব্রো	ফর	2
ব্রো	ফর	নাইস	2
ফর	নাইস	ট্রিক	2
নাইস	ট্রিক	ড্রাইভার	2
ট্রিক	ড্রাইভার	প্যাক	2
ড্রাইভার	প্যাক	১৬	2
প্যাক	১৬	জিবি	2
১৬	জিবি	কমায়ে	2
জিবি	কমায়ে	ডাউনলোড	2
কমায়ে	ডাউনলোড	দেয়ার	2
ডাউনলোড	দেয়ার	কোন	2
দেয়ার	কোন	সার্ভার	2
কোন	সার্ভার	জানা	2
সার্ভার	জানা	থাকলে	2
আই	ফ্লিক্সে	এমবির	2
ফ্লিক্সে	এমবির	প্রাইস	2
এমবির	প্রাইস	এন্ড	2
প্রাইস	এন্ড	মেয়াদ	2
এন্ড	মেয়াদ	কেমন	2
মেয়াদ	কেমন	একটু	2
কেমন	একটু	জানাবেন	2
থ্যাংকস	পাইছি	থ্যাংকস	2
পাইছি	থ্যাংকস	ফর	2
হুম	এই	বিষয়ে	2
এই	বিষয়ে	নিও	2
বিষয়ে	নিও	আমার	2
নিও	আমার	পোস্ট	2
আমার	পোস্ট	রয়েছে	2
পোস্ট	রয়েছে	যা	2
রয়েছে	যা	আমার	2
যা	আমার	সাইটে	2
আমার	সাইটে	গিয়ে	2
সাইটে	গিয়ে	দেখে	2
গিয়ে	দেখে	নিতে	2
গ্রামীণফোন	চলে	নাই	2
চলে	নাই	বাট	2
নাই	বাট	বাংলালিংক	2
বাট	বাংলালিংক	চলতেছে	2
আমি	এর	থেকেও	2
এর	থেকেও	সহজ	2
থেকেও	সহজ	একটা	2
সহজ	একটা	ঠিক	2
একটা	ঠিক	শেয়ার	2
ঠিক	শেয়ার	করছি	2
শেয়ার	করছি	অথচ	2
করছি	অথচ	পাবলিশই	2
অথচ	পাবলিশই	হইল	2
পাবলিশই	হইল	না	2
না	ঐটা	একটা	2
ঐটা	একটা	কয়েন	2
একটা	কয়েন	সিস্টেম	2
কয়েন	সিস্টেম	কয়েন্টার	2
সিস্টেম	কয়েন্টার	প্রাইস	2
কয়েন্টার	প্রাইস	১	2
প্রাইস	১	কয়েন	2
১	কয়েন	কয়েন	2
কয়েন	কয়েন	গলার	2
কয়েন	গলার	দাম	2
গলার	দাম	বাড়লে	2
দাম	বাড়লে	ভালো	2
বাড়লে	ভালো	আর	2
ভালো	আর	হবে	2
আর	হবে	কয়েন্টটা	2
হবে	কয়েন্টটা	এখনো	2
কয়েন্টটা	এখনো	মার্কেটে	2
এখনো	মার্কেটে	আসে	2
মার্কেটে	আসে	নাই	2
আসে	নাই	আসলে	2
নাই	আসলে	হয়ে	2
আসলে	হয়ে	যাবে	2
হয়ে	যাবে	বাট	2
যাবে	বাট	তার	2
বাট	তার	জন্য	2
তার	জন্য	আপনাকে	2
জন্য	আপনাকে	ওয়েট	2
আপনাকে	ওয়েট	করে	2
ওয়েট	করে	কয়েন	2
করে	কয়েন	আর্ন	2
কয়েন	আর্ন	করতে	2
আর্ন	করতে	হবে	2
করতে	হবে	কয়েনটা	2
হবে	কয়েনটা	এখনো	2
কয়েনটা	এখনো	জুলাইয়ের	2
এখনো	জুলাইয়ের	দিকে	2
জুলাইয়ের	দিকে	হবে	2
দিকে	হবে	এরকম	2
হবে	এরকম	করে	2
এরকম	করে	আস্তে	2
করে	আস্তে	আস্তে	2
আস্তে	আস্তে	বাড়তে	2
আস্তে	বাড়তে	থাকবে	2
বাড়তে	থাকবে	বাট	2
থাকবে	বাট	একটু	2
বাট	একটু	টাইম	2
একটু	টাইম	এর	2
টাইম	এর	ব্যাপার	2
লিঙ্ক	কোথায়	রুশ	2
কোথায়	রুশ	অনুযায়ী	2
রুশ	অনুযায়ী	ডাইরেক্ট	2
অনুযায়ী	ডাইরেক্ট	লিংক	2
ডাইরেক্ট	লিংক	ইনক্লুড	2
লিংক	ইনক্লুড	করেন	2
ক্রিহ্যাক	ফ্রিডম	লাকি	2
ফ্রিডম	লাকি	প্যাচার	2
লাকি	প্যাচার	তিনটাই	2
প্যাচার	তিনটাই	আছে	2
তিনটাই	আছে	বাট	2
আছে	বাট	একটা	2
বাট	একটা	ইউজ	2
একটা	ইউজ	করতে	2
পারি	না	ক্যামনে	2
না	ক্যামনে	ইউজ	2
ক্যামনে	ইউজ	করে	2
ইউজ	করে	জানিনা	2
না	ভাইয়া	এই	2
অ্যাপস	দিয়ে	আমি	2
কি	কি	কমান্ড	2
কি	কমান্ড	দিতে	2
কমান্ড	দিতে	পারব	2
ফুল	পেজ	লেখা	2
পেজ	লেখা	আসে	2
আসে	না	সব	2
সব	সময়	মাঝে	2
সময়	মাঝে	মাঝে	2
মাঝে	মাঝে	হালকা	2
মাঝে	হালকা	কেটে	2
হালকা	কেটে	যায়	2
ইনকাম	করব	কিভাবে	2
করব	কিভাবে	সেটা	2
ওকে	আমি	খুব	2
আমি	খুব	তাড়াতাড়ি	2
খুব	তাড়াতাড়ি	টিভি	2
তাড়াতাড়ি	টিভি	স্ক্রিনশট	2
টিভি	স্ক্রিনশট	এড	2
সাকুরার	মতই	ট্র্যাশ	2
মতই	ট্র্যাশ	টেমপ্লেট	2
ওয়াও	ব্রো	ডিজাইন	2
ব্রো	ডিজাইন	করবো	2
ডিজাইন	করবো	কেমনে	2
এসফল্ট	নাইন	অনলাইন	2
নাইন	অনলাইন	অনলাইন	2
অনলাইন	অনলাইন	কিন্তু	2
অনলাইন	কিন্তু	অফলাইন	2
ভাই	অনেক	হলো	2
অনেক	হলো	বাদ	2
হলো	বাদ	দেন	2
বাদ	দেন	অন্যের	2
দেন	অন্যের	জন্য	2
অন্যের	জন্য	নিজের	2
জন্য	নিজের	ভাষা	2
নিজের	ভাষা	খারাপ	2
ভাষা	খারাপ	না	2
খারাপ	না	করাই	2
করাই	ভালো	টিম	2
ভালো	টিম	কি	2
টিম	কি	পোস্ট	2
করে	কিনা	না	2
কিনা	না	দেখেই	2
না	দেখেই	অথর	2
দেখেই	অথর	করে	2
অথর	করে	নাকি	2
টিপিনের	রেজ	দেখলাম	2
রেজ	দেখলাম	পোস্ট	2
দেখলাম	পোস্ট	করলাম	2
পোস্ট	করলাম	তো	2
করলাম	তো	টোনার	2
তো	টোনার	হতে	2
টোনার	হতে	পারলাম	2
আজ	সন্ধ্যায়	আমার	2
সন্ধ্যায়	আমার	পোস্ট	2
পোস্ট	দেখেন	কিভাবে	2
দেখেন	কিভাবে	রিচার্জ	2
কিভাবে	রিচার্জ	করে	2
করে	নিবেন	এই	2
নিবেন	এই	সব	2
এই	সব	টাকা	2
পোস্টই	দিলাম	দেখেন	2
আপনি	আমার	ললিপপ	2
আমার	ললিপপ	রুট	2
রুট	করার	কোন	2
করার	কোন	টিপস	2
কোন	টিপস	দিতে	2
টিপস	দিতে	পারবেন	2
মাথায়	ঢুকলো	না	2
আমি	থেকে	পেমেন্ট	2
থেকে	পেমেন্ট	নিচ্ছি	2
পেমেন্ট	নিচ্ছি	অ্যারাউন্ড	2
নিচ্ছি	অ্যারাউন্ড	আমি	2
অ্যারাউন্ড	আমি	ওনাদের	2
আমি	ওনাদের	দেয়া	2
ওনাদের	দেয়া	লিংক	2
লিংক	থেকে	ডাইরেক্ট	2
থেকে	ডাইরেক্ট	পেওনের	2
ডাইরেক্ট	পেওনের	কম	2
পেওনের	কম	এ	2
কম	এ	একাউন্ট	2
এ	একাউন্ট	ওপেন	2
একাউন্ট	ওপেন	করেছি	2
ওপেন	করেছি	যাতে	2
করেছি	যাতে	বিকাশে	2
যাতে	বিকাশে	উইথড্রহ	2
বিকাশে	উইথড্রহ	করা	2
উইথড্রহ	করা	যায়	2
সরি	ব্রো	জাস্ট	2
ব্রো	জাস্ট	এফবি	2
ফ্রি	নেটের	ক্যাটাগরিতে	2
নেটের	ক্যাটাগরিতে	গিয়ে	2
ক্যাটাগরিতে	গিয়ে	দেখেন	2
গিয়ে	দেখেন	আপনার	2
দেখেন	আপনার	এই	2
আপনার	এই	পোস্টের	2
এই	পোস্টের	চাইতেও	2
পোস্টের	চাইতেও	ভালো	2
চাইতেও	ভালো	পোস্ট	2
পোস্ট	আছে	আপনি	2
আছে	আপনি	তো	2
আপনি	তো	শর্ট	2
তো	শর্ট	একটা	2
শর্ট	একটা	দিয়ে	2
একটা	দিয়ে	বলতেছেন	2
দিয়ে	বলতেছেন	যে	2
বলতেছেন	যে	ভিডিও	2
যে	ভিডিও	দেখার	2
দেখার	জন্য	ভিউ	2
জন্য	ভিউ	বাড়ানোর	2
ভিউ	বাড়ানোর	ডান্ডা	2
বাড়ানোর	ডান্ডা	সেইম	2
ডান্ডা	সেইম	পোস্ট	2
রেডউল্ফ	রিকভারি	ইউজ	2
রিকভারি	ইউজ	করা	2
করা	যাবে	সিম্ফোনি	2
যাবে	সিম্ফোনি	ফোন	2
সিম্ফোনি	ফোন	এ	2
আসলে	আপনি	ফালতু	2
ওয়েলকাম	ব্রো	অথর	2
ব্রো	অথর	করলে	2
অথর	করলে	কিভাবে	2
করলে	কিভাবে	বুঝতে	2
কিভাবে	বুঝতে	পারব	2
বুঝতে	পারব	আমাকে	2
পারব	আমাকে	কি	2
আমাকে	কি	কোন	2
কি	কোন	ইমেইল	2
কোন	ইমেইল	সেন্ড	2
ইমেইল	সেন্ড	করা	2
সেন্ড	করা	হবে	2
গুড	পোস্টস	ইউজার	2
পোস্টস	ইউজার	ভাই	2
ব্রো	একটু	ভুল	2
ভুল	হয়েছে	পাঁচ	2
হয়েছে	পাঁচ	ওয়াক্ত	2
পাঁচ	ওয়াক্ত	নামাজের	2
ওয়াক্ত	নামাজের	মাঝে	2
নামাজের	মাঝে	লক্ষ্য	2
মাঝে	লক্ষ্য	লাগায়	2
লক্ষ্য	লাগায়	দিচ্ছেন	2
ভাই	ধানমন্ডি	হ্যাক	2
ধানমন্ডি	হ্যাক	করার	2
নাকি	থাকলে	জানাবেন	2
প্রথমবার	জেনারেল	ভাবে	2
জেনারেল	ভাবে	মেইল	2
ভাবে	মেইল	করে	2
মেইল	করে	চাইছিলাম	2
করে	চাইছিলাম	বলছিলেন	2
চাইছিলাম	বলছিলেন	শেষ	2
বলছিলেন	শেষ	হয়ে	2
হয়ে	গেছে	২য়	2
গেছে	২য়	টাইম	2
২য়	টাইম	ফরম	2
টাইম	ফরম	ফিলাপ	2
ফরম	ফিলাপ	করলাম	2
ফিলাপ	করলাম	তাও	2
করলাম	তাও	দিলেন	2
তাও	দিলেন	না	2
স্কাইপি	নাই	ভাইয়া	2
নাই	ভাইয়া	ইমো	2
ভাইয়া	ইমো	আছে	2
ইমো	আছে	ভাই	2
ভাই	আপনার	ইমু	2
আপনার	ইমু	আইডি	2
ইমু	আইডি	দেন	2
আমার	পোস্ট	পাবলিস্ট	2
পোস্ট	পাবলিস্ট	হসসে	2
পাবলিস্ট	হসসে	না	2
হসসে	না	কেন	2
সব	ঠিক	হয়	2
ঠিক	হয়	কিন্তু	2
হয়	কিন্তু	ইউজারনেমেন	2
কিন্তু	ইউজারনেমেন	পাসওয়ার্ডের	2
ইউজারনেমেন	পাসওয়ার্ডের	এখানে	2
পাসওয়ার্ডের	এখানে	যায়	2
এখানে	যায়	দি	2
যায়	দি	আপনার	2
দি	আপনার	ইউটিউব	2
আপনার	ইউটিউব	নিয়ে	2
ইউটিউব	নিয়ে	যায়	2
লাইসেন্স	চায়	মানে	2
চায়	মানে	লাইসেন্স	2
মানে	লাইসেন্স	কেন	2
লাইসেন্স	কেন	চাইবে	2
কেন	চাইবে	এটা	2
চাইবে	এটা	কারো	2
এটা	কারো	মোবাইলে	2
কারো	মোবাইলে	চায়না	2
মোবাইলে	চায়না	হয়তো	2
চায়না	হয়তো	আপনার	2
হয়তো	আপনার	মোবাইলে	2
আপনার	মোবাইলে	কোন	2
মোবাইলে	কোন	কারণে	2
কোন	কারণে	হচ্ছে	2
কাজ	না	আসলে	2
না	আসলে	পেমেন্ট	2
আসলে	পেমেন্ট	পাইছেন	2
পেমেন্ট	পাইছেন	কিভাবে	2
ভাই	আপনার	টেলিকিট	2
আপনার	টেলিকিট	ওয়েবসাইট	2
টেলিকিট	ওয়েবসাইট	টা	2
ওয়েবসাইট	টা	কি	2
টা	কি	পাচ্ছিনা	2
কিরে	ভাই	ফ্রি	2
ফ্রি	নেট	দিবি	2
নেট	দিবি	পোস্ট	2
দিবি	পোস্ট	দিবি	2
পোস্ট	দিবি	না	2
ফিচারস	বেশি	হাইছে	2
ভাই	আমাকেও	দেন	2
আমাকেও	দেন	ইমেইল	2
দেন	ইমেইল	প্রটেক্টেড	2
মজা	পাইলাম	আপনি	2
পাইলাম	আপনি	দুই	2
আপনি	দুই	ঘন্টারও	2
দুই	ঘন্টারও	বেশি	2
ঘন্টারও	বেশি	সময়	2
সময়	ধরে	কাজ	2
কাজ	করে	৮০০	2
করে	৮০০	কয়েন	2
৮০০	কয়েন	করছেন	2
কয়েন	করছেন	তাও	2
করছেন	তাও	১০০০	2
তাও	১০০০	১০০০	2
১০০০	১০০০	কয়েনের	2
১০০০	কয়েনের	প্রাইস	2
কয়েনের	প্রাইস	হুদা	2
প্রাইস	হুদা	এখানে	2
হুদা	এখানে	লিখছেন	2
এখানে	লিখছেন	এক	2
লিখছেন	এক	মিনিটে	2
এক	মিনিটে	১০০০	2
মিনিটে	১০০০	পুরাই	2
১০০০	পুরাই	আওয়ার	2
পুরাই	আওয়ার	কাজ	2
আওয়ার	কাজ	কইরা	2
কাজ	কইরা	যদি	2
কইরা	যদি	৪	2
যদি	৪	টাকা	2
৪	টাকা	ইনকাম	2
টাকা	ইনকাম	করি	2
ইনকাম	করি	তাহলে	2
করি	তাহলে	কয়	2
তাহলে	কয়	বসর	2
কয়	বসর	লাগবো	2
বসর	লাগবো	এক	2
লাগবো	এক	ডলার	2
এক	ডলার	ইনকাম	2
ইনকাম	করতে	আল্লাহই	2
করতে	আল্লাহই	জানে	2
এডোবি	প্রিমিয়ার	প্রো	2
আগের	কথা	আরো	2
কথা	আরো	তিন	2
আরো	তিন	দিন	2
তিন	দিন	আগে	2
দিন	আগে	দেতার	2
আগে	দেতার	দরকার	2
দেতার	দরকার	ছিল	2
আপনার	কান্ট্রি	কোনটা	2
কান্ট্রি	কোনটা	ভাই	2
টিডব্লিউআরপি	কই	পাবো	2
পোস্ট	ভাই	চালিয়ে	2
বস	লাভ	ইউ	2
লাভ	ইউ	বস	2
একটু	গান	শুনলে	2
গান	শুনলে	আর	2
শুনলে	আর	নেট	2
আর	নেট	চালাইলে	2
নেট	চালাইলে	মানসিক	2
চালাইলে	মানসিক	চাপ	2
মানসিক	চাপ	থেকে	2
চাপ	থেকে	কিছুটা	2
থেকে	কিছুটা	মুক্ত	2
কিছুটা	মুক্ত	থাকা	2
মুক্ত	থাকা	যায়	2
থাকা	যায়	থ্যাঙ্কস	2
যায়	থ্যাঙ্কস	আই	2
থ্যাঙ্কস	আই	এম	2
আই	এম	অলসো	2
এম	অলসো	আ	2
অলসো	আ	এসএসসি	2
আ	এসএসসি	ক্যান্ডিডেট	2
লট	অফ	থ্যাংকস	2
যত	খোশি	ততু	2
খোশি	ততু	বার	2
ওবিবি	আছেনি	কোন	2
আছেনি	কোন	টায়	2
কোন	টায়	না	2
টায়	না	শুধু	2
না	শুধু	এপিকে	2
হ্যাঁ	তাড়াতাড়ি	পোস্টটা	2
তাড়াতাড়ি	পোস্টটা	করব	2
আপনি	এইভাবে	করতে	2
এইভাবে	করতে	পারবেন	2
সেকেন্ড	লাগে	হায়েস্ট	2
হুম	ভয়েস	টা	2
ভয়েস	টা	অনেক	2
আইস	ভাই	আমির	2
ভাই	আমির	কাছে	2
আমির	কাছে	আছে	2
কাছে	আছে	প্রো	2
আছে	প্রো	ভার্সনের	2
প্রো	ভার্সনের	দাম	2
ভার্সনের	দাম	আমি	2
দাম	আমি	এফটিতে	2
আমি	এফটিতে	দেব	2
এফটিতে	দেব	পোস্ট	2
দেব	পোস্ট	করব	2
পোস্ট	করব	কি	2
করব	কি	বাবে	2
আপনি	পোর্ট	খালি	2
পোর্ট	খালি	রাখে	2
খালি	রাখে	কানেক্টে	2
রাখে	কানেক্টে	ক্লিক	2
কানেক্টে	ক্লিক	করেন	2
ক্লিক	করেন	ওর	2
করেন	ওর	ইজি	2
ওর	ইজি	নেট	2
ইজি	নেট	প্যাক	2
নেট	প্যাক	আবার	2
প্যাক	আবার	চালু	2
ওকে	আবার	দেখান	2
থ্যাংকস	ব্রো	অসাম	2
নতুন	ব্র্যান্ড	মনে	2
ব্র্যান্ড	মনে	করছি	2
মনে	করছি	আসলে	2
করছি	আসলে	ওয়ালটন	2
আনলিমিটেড	কয়েন	জিতেন	2
কয়েন	জিতেন	সহজে	2
জিতেন	সহজে	জানতে	2
সহজে	জানতে	গো	2
এটি	ট্রায়াল	ভার্শন	2
ওমা	৬৪কে	দিয়ে	2
৬৪কে	দিয়ে	পিসি	2
দিয়ে	পিসি	বানিয়ে	2
পিসি	বানিয়ে	তো	2
বানিয়ে	তো	দেখি	2
দেখি	পুরাই	মাঠে	2
পুরাই	মাঠে	মারা	2
মাঠে	মারা	গেলাম	2
কেন	আমার	ভিডিও	2
ভিডিও	দেখো	করে	2
ভাই	আপনার	নতুন	2
আপনার	নতুন	পোস্টটা	2
নতুন	পোস্টটা	দেখতে	2
পোস্টটা	দেখতে	পারতেছি	2
হেল্প	আমার	খুবব	2
আমার	খুবব	দরকার	2
বিক্রয়	উৎসব	বুঝাবেন	2
উৎসব	বুঝাবেন	কে	2
বুঝাবেন	কে	কিভাবে	2
কে	কিভাবে	কাজ	2
কাজ	করে	ফুল	2
করে	ফুল	পোস্ট	2
ফুল	পোস্ট	আশা	2
পোস্ট	আশা	করে	2
ইয়েস	আমি	তিনটা	2
আমি	তিনটা	সিমে	2
তিনটা	সিমে	২৪	2
সিমে	২৪	জিবি	2
২৪	জিবি	পাইছি	2
স্লো	হয়ে	যাবে	2
যাবে	নাকি	আরো	2
নাকি	আরো	ফাস্ট	2
চলে	না	বাল	2
ওয়াও	গেম	প্লে	2
গেম	প্লে	দেন	2
ভাই	আমার	কাইনমাস্টারে	2
আমার	কাইনমাস্টারে	নাই	2
কাইনমাস্টারে	নাই	এএসএ	2
নাই	এএসএ	আমি	2
এএসএ	আমি	এখন	2
চলতে	চলতে	আর	2
চলতে	আর	চলছে	2
কেন	প্লিজ	বলেন	2
প্লিজ	বলেন	ভাইজান	2
ভাই	এটা	একটা	2
এটা	একটা	বিরাট	2
একটা	বিরাট	প্রবলেম	2
বিরাট	প্রবলেম	এখন	2
প্রবলেম	এখন	এমবি	2
মেয়াদ	বাড়ানো	আপনি	2
বাড়ানো	আপনি	একটা	2
আপনি	একটা	কাজ	2
একটা	কাজ	করতে	2
করতে	পারেন	মেয়াদ	2
পারেন	মেয়াদ	যেদিন	2
মেয়াদ	যেদিন	শেষ	2
যেদিন	শেষ	হয়ে	2
হয়ে	যাবে	সেই	2
যাবে	সেই	দিন	2
সেই	দিন	ওই	2
দিন	ওই	প্যাক	2
ওই	প্যাক	আবার	2
প্যাক	আবার	কিনে	2
আবার	কিনে	ফেলুন	2
বিডি	হবা	নাকি	2
হবা	নাকি	ভাই	2
এটা	কি	ইসসা	2
কি	ইসসা	মত	2
ইসসা	মত	দেয়া	2
মত	দেয়া	লাগবে	2
ছয়টা	রেফার	করলে	2
রেফার	করলে	কত	2
করলে	কত	পাবো	2
কত	পাবো	আমি	2
কপি	পোস্টও	আবার	2
পোস্টও	আবার	ভুল	2
আবার	ভুল	ইনফরমেশন	2
ভুল	ইনফরমেশন	এখনো	2
ইনফরমেশন	এখনো	সম্প্রচার	2
এখনো	সম্প্রচার	শুরু	2
সম্প্রচার	শুরু	করে	2
শুরু	করে	নাই	2
করে	নাই	১৯	2
নাই	১৯	মে	2
১৯	মে	থেকে	2
মে	থেকে	শুরু	2
থেকে	শুরু	করবে	2
পোস্ট	ব্রো	ঈদ	2
ঈদ	মোবারক	২	2
ফালতু	কমেন্ট	গুলো	2
গুলো	দেখলে	মেজাজটা	2
দেখলে	মেজাজটা	গরম	2
মেজাজটা	গরম	হয়ে	2
হয়ে	যায়	কিছু	2
যায়	কিছু	আবাল	2
কিছু	আবাল	মাগা	2
আবাল	মাগা	কমেন্টের	2
মাগা	কমেন্টের	জন্যই	2
কমেন্টের	জন্যই	পোস্ট	2
আপনারও	কি	এখন	2
এখন	সেম	প্রবলেম	2
সেম	প্রবলেম	হচ্ছে	2
ভাই	১৩	ঘণ্টা	2
১৩	ঘণ্টা	হয়ে	2
গেল	এখনো	পেলাম	2
কেন	আমি	১৬	2
আমি	১৬	কে	2
১৬	কে	কয়েন	2
কে	কয়েন	উইথড্র	2
কয়েন	উইথড্র	দিয়াছি	2
ভাই	আপনার	ভালো	2
আপনার	ভালো	কিছু	2
ভালো	কিছু	বলতেই	2
কিছু	বলতেই	পারেনা	2
বলতেই	পারেনা	শুধু	2
পারেনা	শুধু	মানুষকে	2
শুধু	মানুষকে	ভয়	2
মানুষকে	ভয়	দেখাতে	2
ভয়	দেখাতে	পারেন	2
তাহলে	কিছু	করার	2
কংগ্রাচুলেশন্স	ভাই	আরো	2
ভাই	আরো	বেশি	2
আরো	বেশি	আর্ন	2
বেশি	আর্ন	করো	2
আর্ন	করো	দোয়া	2
করো	দোয়া	করি	2
দোয়া	করি	ইউজার	2
স্ক্রিনশট	লাগবে	কেন	2
হারামি	কপি	করার	2
কপি	করার	সিস্টেম	2
করার	সিস্টেম	দে	2
আই	ওয়ানা	নেক্সট	2
ওয়ানা	নেক্সট	পার্ট	2
মাসে	এক	হাজার	2
এক	হাজার	ট্যুর	2
হাজার	ট্যুর	দেড়	2
ট্যুর	দেড়	হাজার	2
দেড়	হাজার	আয়	2
হাজার	আয়	করে	2
আয়	করে	বেকারত্ব	2
করে	বেকারত্ব	দূর	2
বেকারত্ব	দূর	করবেন	2
দূর	করবেন	ব্রো	2
করবেন	ব্রো	হা	2
ব্রো	হা	হা	2
পারেন	তাহলে	গ্রুপের	2
তাহলে	গ্রুপের	এডমিন	2
গ্রুপের	এডমিন	এর	2
এডমিন	এর	সাথে	2
যোগাযোগ	করেন	উনি	2
করেন	উনি	আন	2
উনি	আন	মিউট	2
আন	মিউট	করে	2
মিউট	করে	দিবে	2
এর	আগেও	ট্রেইনার	2
আগেও	ট্রেইনার	রিকোয়েস্ট	2
ট্রেইনার	রিকোয়েস্ট	দিয়েছিলাম	2
রিকোয়েস্ট	দিয়েছিলাম	কিন্তু	2
দিয়েছিলাম	কিন্তু	আপনারা	2
কিন্তু	আপনারা	নানি	2
আপনারা	নানি	আমাকে	2
বা	কোন	অথরের	2
কোন	অথরের	হেল্প	2
অথরের	হেল্প	নেন	2
লিংকটা	দিলে	ভালো	2
লেনোভো	এ৩১৯	রুটেড	2
এ৩১৯	রুটেড	মোবাইল	2
ওকে	আমি	রকম	2
আমি	রকম	নেক্সট	2
রকম	নেক্সট	পোস্ট	2
নেক্সট	পোস্ট	করব	2
ওয়াইফাই	স্পিড	২	2
স্পিড	২	এমবিপিএস	2
২	এমবিপিএস	কিন্তু	2
এমবিপিএস	কিন্তু	লিংক	2
কিন্তু	লিংক	থেকে	2
লিংক	থেকে	কোন	2
করতে	গেলে	স্পিড	2
গেলে	স্পিড	মাত্র	2
স্পিড	মাত্র	পাই	2
মাত্র	পাই	এখন	2
পাই	এখন	কি	2
গেমসটা	ভালো	লাগেনি	2
ভালো	লাগেনি	আরো	2
লাগেনি	আরো	ভালো	2
আরো	ভালো	দাও	2
ধন্যবাদ	ভাই	অনেক	2
ভাই	অনেক	খুশি	2
অনেক	খুশি	হলাম	2
খুশি	হলাম	ট্রিকবিডির	2
হলাম	ট্রিকবিডির	সাথে	2
ট্রিকবিডির	সাথে	থাকুন	2
সাথে	থাকুন	আরো	2
থাকুন	আরো	অনেক	2
আরো	অনেক	জাদুই	2
অনেক	জাদুই	দেখতে	2
জাদুই	দেখতে	পাবেন	2
যাপ	ছাড়া	হবে	2
না	যারা	কমেন্টে	2
যারা	কমেন্টে	উৎসাহ	2
কমেন্টে	উৎসাহ	দেয়	2
উৎসাহ	দেয়	না	2
দেয়	না	সবাইকে	2
না	সবাইকে	বলেছে	2
সবাইকে	বলেছে	উনি	2
বলেছে	উনি	ট্রিকবিডি	2
উনি	ট্রিকবিডি	এর	2
আমার	মন	মত	2
মন	মত	ভিপিএন	2
মত	ভিপিএন	ইউজ	2
বলদ	অথর	এটা	2
অথর	এটা	বন্ধ	2
এটা	বন্ধ	সিম	2
সিম	অফার	সেটা	2
অফার	সেটা	টাইটেলে	2
সেটা	টাইটেলে	নাই	2
টাইটেলে	নাই	যে	2
নাই	যে	ভিউ	2
যে	ভিউ	বাড়ানোর	2
ভিউ	বাড়ানোর	ধান্দা	2
তাহলে	তো	পেয়ে	2
তো	পেয়ে	যাবেন	2
সেইম	প্রবলেম	হয়েছিল	2
প্রবলেম	হয়েছিল	কিছুদিন	2
হয়েছিল	কিছুদিন	রেনসামওয়ার	2
কিছুদিন	রেনসামওয়ার	এটাক	2
রেনসামওয়ার	এটাক	করছিল	2
এটাক	করছিল	সো	2
করছিল	সো	ফাইল	2
সো	ফাইল	ইনক্রিপটেড	2
ফাইল	ইনক্রিপটেড	হয়ে	2
ইনক্রিপটেড	হয়ে	গেল	2
হয়ে	গেল	পরে	2
গেল	পরে	সব	2
পরে	সব	ডিলিট	2
সব	ডিলিট	করা	2
ডিলিট	করা	লাগছে	2
করা	লাগছে	তারপর	2
লাগছে	তারপর	আভাস্ট	2
তারপর	আভাস্ট	ইন্সটল	2
আভাস্ট	ইন্সটল	দিলাম	2
ইন্সটল	দিলাম	বাট	2
দিলাম	বাট	অবাস্ত	2
বাট	অবাস্ত	অনেক	2
অবাস্ত	অনেক	মেমোরি	2
অনেক	মেমোরি	ইজ	2
মেমোরি	ইজ	এ	2
ইজ	এ	করে	2
এ	করে	তাই	2
করে	তাই	পিসি	2
তাই	পিসি	কিছুটা	2
পিসি	কিছুটা	হ্যাং	2
কিছুটা	হ্যাং	করে	2
হ্যাং	করে	তাই	2
করে	তাই	আভাস্ট	2
তাই	আভাস্ট	আনইন্সটল	2
আভাস্ট	আনইন্সটল	দিয়ে	2
আনইন্সটল	দিয়ে	দিলাম	2
দিয়ে	দিলাম	এখন	2
দিলাম	এখন	লো	2
এখন	লো	র‍্যাম	2
লো	র‍্যাম	এর	2
র‍্যাম	এর	একটা	2
এর	একটা	অ্যান্টিভাইরাস	2
একটা	অ্যান্টিভাইরাস	খুজতেছি	2
অ্যান্টিভাইরাস	খুজতেছি	যেটা	2
খুজতেছি	যেটা	কম	2
যেটা	কম	মেমোরি	2
কম	মেমোরি	ইউজ	2
মেমোরি	ইউজ	করবে	2
ইউজ	করবে	ম্যাকাফি	2
করবে	ম্যাকাফি	ও	2
ম্যাকাফি	ও	ট্রাই	2
ও	ট্রাই	করছিলাম	2
ট্রাই	করছিলাম	কোন	2
করছিলাম	কোন	লাইট	2
কোন	লাইট	ওয়েট	2
লাইট	ওয়েট	এন্টিভাইরাস	2
ওয়েট	এন্টিভাইরাস	জানা	2
এন্টিভাইরাস	জানা	থাকলে	2
জানা	থাকলে	হেল্প	2
করেন	কেউ	থ্যাংকস	2
ফ্রি	বেসিক	চালালে	2
বেসিক	চালালে	হবেনা	2
এ	ললিপপ	এ	2
না	আমার	জিবি	2
আমার	জিবি	নষ্ট	2
জিবি	নষ্ট	করলেন	2
নষ্ট	করলেন	আপনি	2
ভাইয়া	রুট	করব	2
ভাই	মেসেজ	দিচ্ছি	2
প্লে	স্টোরে	না	2
স্টোরে	না	নিয়ে	2
না	নিয়ে	মোড	2
নিয়ে	মোড	এপিকে	2
এপিকে	দিয়ে	করলে	2
দিয়ে	করলে	কোন	2
পোস্ট	করেছেন	ঠিক	2
করেছেন	ঠিক	আছে	2
আছে	কিন্তু	কিছু	2
কিন্তু	কিছু	লোক	2
কিছু	লোক	পোস্ট	2
লোক	পোস্ট	করে	2
পোস্ট	করে	একটানা	2
পোস্ট	ভাই	পেজ	2
ভাই	পেজ	ইউজার	2
পেজ	ইউজার	নেম	2
ইউজার	নেম	কিভাবে	2
নেম	কিভাবে	এড	2
খালি	সার্ভার	ফুল	2
লগইন	করতে	অ্যাকাউন্ট	2
করতে	অ্যাকাউন্ট	লাগে	2
অ্যাকাউন্ট	লাগে	আর	2
লাগে	আর	অ্যাকাউন্ট	2
আর	অ্যাকাউন্ট	ক্রিয়েট	2
ক্রিয়েট	করতে	ক্রেডিট	2
করতে	ক্রেডিট	কার্ড	2
ক্রেডিট	কার্ড	লাগে	2
ওপেন	সোর্স	হলে	2
সোর্স	হলে	ভাল	2
হলে	ভাল	হত	2
ফেইল্ড	হবার	চান্স	2
হবার	চান্স	নাই	2
চান্স	নাই	ভাই	2
পুরাতন	পোস্টে	কাজ	2
পোস্টে	কাজ	করে	2
কাজ	করে	এদের	2
করে	এদের	জন্য	2
এদের	জন্য	ট্রিকবিডি	2
ট্রিকবিডি	এর	দুর্নাম	2
এর	দুর্নাম	হয়	2
কথা	মত	হতো	2
মত	হতো	তাহলে	2
হতো	তাহলে	আমার	2
তাহলে	আমার	ভিডিওতে	2
আমার	ভিডিওতে	এতক্ষণে	2
ভিডিওতে	এতক্ষণে	ভিউজ	2
এতক্ষণে	ভিউজ	হয়েছে	2
ভিউজ	হয়েছে	না	2
হয়েছে	না	যখন	2
না	যখন	দেখেন	2
যখন	দেখেন	তো	2
দেখেন	তো	কত	2
তো	কত	ভিউ	2
কত	ভিউ	হয়েছে	2
ওই	মিয়া	গাঞ্জা	2
মিয়া	গাঞ্জা	খাইছেন	2
গাঞ্জা	খাইছেন	সব	2
খাইছেন	সব	পোস্টে	2
সব	পোস্টে	১	2
পোস্টে	১	কমেন্ট	2
১	কমেন্ট	করেন	2
কমেন্ট	করেন	এটা	2
করেন	এটা	আপনার	2
এটা	আপনার	সাইটের	2
আপনার	সাইটের	বিজ্ঞাপন	2
সাইটের	বিজ্ঞাপন	করার	2
বিজ্ঞাপন	করার	জায়গা	2
ভাই	এক	সিমে	2
এক	সিমে	সর্বোচ্চ	2
সিমে	সর্বোচ্চ	১০০	2
সর্বোচ্চ	১০০	ডেলি	2
১০০	ডেলি	এমবি	2
ডেলি	এমবি	তাইলে	2
এমবি	তাইলে	কেমনে	2
তাইলে	কেমনে	২	2
কেমনে	২	জিবি	2
২	জিবি	নিব	2
জিবি	নিব	ব্রো	2
ভালোভাবে	ট্রাই	করেন	2
ট্রাই	করেন	হয়ে	2
হয়ে	যাবে	এ	2
যাবে	এ	সাইটের	2
এ	সাইটের	পোস্টগুলো	2
সাইটের	পোস্টগুলো	ফলো	2
ভাই	আমার	লোকেশন	2
আমার	লোকেশন	ট্র্যাক	2
লোকেশন	ট্র্যাক	করতে	2
ট্র্যাক	করতে	পারতেছে	2
পারতেছে	না	প্লিজ	2
প্লিজ	রিপ্লাই	একজন	2
রিপ্লাই	একজন	কেএল	2
একজন	কেএল	করব	2
১৬৬৪	এমটিকে	কোন	2
এমটিকে	কোন	কাস্টম	2
কাস্টম	রুম	নেই	2
রুম	নেই	আপনি	2
নেই	আপনি	ভালো	2
চেক	করেন	যদি	2
করেন	যদি	৬৫৭২	2
তাহলে	এটা	ডাউনলোড	2
এটা	ডাউনলোড	করে	2
ডাউনলোড	করে	পর্ট	2
করে	পর্ট	করে	2
পর্ট	করে	নিন	2
করে	নিন	ইউজার	2
ধন্যবাদ	ইউজার	ব্রো	2
ইউজার	ব্রো	কনফিক্স	2
ব্রো	কনফিক্স	ছাড়া	2
কনফিক্স	ছাড়া	কোন	2
ছাড়া	কোন	হ্যাণ্ডলার	2
কোন	হ্যাণ্ডলার	ভিপিএন	2
হ্যাণ্ডলার	ভিপিএন	থাকলে	2
ভিপিএন	থাকলে	বইলেন	2
হুম	করছি	ব্রো	2
এখানে	সব	ভার্সনের	2
সব	ভার্সনের	টি	2
ভার্সনের	টি	আছে	2
টি	আছে	তাই	2
তাই	এটা	দিছি	2
মিস্টার	পারফেক্ট	ভাই	2
পারফেক্ট	ভাই	সিম্বিয়ান	2
ভাই	সিম্বিয়ান	স্ক্রিন	2
সিম্বিয়ান	স্ক্রিন	রেকর্ডার	2
স্ক্রিন	রেকর্ডার	নিয়ে	2
রেকর্ডার	নিয়ে	একটা	2
করেন	খুব	দরকার	2
হিন্দি	ডাবড	নাকি	2
হুম	আপনার	পোস্টটা	2
আপনার	পোস্টটা	ফুল	2
পোস্টটা	ফুল	ডিটেইলসহ	2
ফুল	ডিটেইলসহ	বাট	2
ডিটেইলসহ	বাট	লাভ	2
বাট	লাভ	নাই	2
লাভ	নাই	কিছুদিন	2
নাই	কিছুদিন	পর	2
কিছুদিন	পর	দেখবেন	2
পর	দেখবেন	আরো	2
দেখবেন	আরো	কিছু	2
আরো	কিছু	অফার	2
কিছু	অফার	আবার	2
অফার	আবার	একই	2
আবার	একই	বিষয়ে	2
একই	বিষয়ে	পোস্ট	2
বিষয়ে	পোস্ট	করছে	2
পোস্ট	করছে	একই	2
করছে	একই	পোস্ট	2
একই	পোস্ট	বারবার	2
লস্ট	বয়	আরিফ	2
বয়	আরিফ	প্লিজ	2
আরিফ	প্লিজ	শেয়ার	2
এতদিনে	কামের	কাম	2
কামের	কাম	করছেন	2
কাম	করছেন	থাঙ্কস	2
হামমমম	ইউজার	৫১৫৯	2
ইউজার	৫১৫৯	ভাই	2
তো	শুধু	ইউসি	2
মিনি	দিয়েই	চালানো	2
দিয়েই	চালানো	যাবে	2
চালানো	যাবে	প্লে	2
যাবে	প্লে	স্টোর	2
অ্যাপ	ডাউনলোড	করব	2
থ্যাংকস	ব্রো	অনেকদিন	2
ব্রো	অনেকদিন	পর	2
অনেকদিন	পর	টিনার	2
পর	টিনার	হতে	2
টিনার	হতে	পেরেছি	2
হতে	পেরেছি	থ্যাংকস	2
পেরেছি	থ্যাংকস	ইউজার	2
ভাই	আমি	পেপ্যাল	2
আমি	পেপ্যাল	একাউন্ট	2
পেপ্যাল	একাউন্ট	খুলছি	2
একাউন্ট	খুলছি	বিডি	2
খুলছি	বিডি	থেকে	2
বিডি	থেকে	ফোন	2
থেকে	ফোন	নম্বর	2
ফোন	নম্বর	ভেরিফাই	2
নম্বর	ভেরিফাই	করেছি	2
ভেরিফাই	করেছি	এখন	2
করেছি	এখন	কি	2
এখন	কি	পেমেন্ট	2
কি	পেমেন্ট	রিসিভড	2
পেমেন্ট	রিসিভড	আ্যন্ড	2
রিসিভড	আ্যন্ড	সেন্ট	2
আ্যন্ড	সেন্ট	হবে	2
সেন্ট	হবে	হেল্প	2
হবে	হেল্প	মি	2
ভাই	আপনার	পরিচিত	2
আপনার	পরিচিত	কেউ	2
পরিচিত	কেউ	পেয়েছে	2
থাম্বনেইল	এর	পিক	2
এর	পিক	এর	2
পিক	এর	কোয়ালিটি	2
এর	কোয়ালিটি	খুবই	2
কোয়ালিটি	খুবই	খারাপ	2
খুবই	খারাপ	হয়	2
বাংলালিংক	এর	স্যোশাল	2
এর	স্যোশাল	এমবি	2
স্যোশাল	এমবি	দিয়ে	2
এমবি	দিয়ে	কিভাবে	2
দিয়ে	কিভাবে	রেগুলার	2
কিভাবে	রেগুলার	ইউজ	2
রেগুলার	ইউজ	করা	2
আচ্ছা	ভাই	কোনো	2
ভাই	কোনো	নিউ	2
কোনো	নিউ	সার্ভার	2
নিউ	সার্ভার	এর	2
সার্ভার	এর	৮০	2
এর	৮০	বাদে	2
৮০	বাদে	অন্য	2
বাদে	অন্য	পোর্ট	2
অন্য	পোর্ট	ওপেন	2
পোর্ট	ওপেন	থাকলে	2
ওপেন	থাকলে	এর	2
থাকলে	এর	পর	2
পর	কি	করতে	2
ঠিক	করেন	এখানে	2
করেন	এখানে	ক্লিক	2
ক্লিক	করলে	অন্য	2
করলে	অন্য	কিছু	2
অন্য	কিছু	ডাউনলোড	2
কিছু	ডাউনলোড	হয়ে	2
ডাউনলোড	হয়ে	ডাউনলোড	2
হয়ে	ডাউনলোড	করা	2
আমার	টা	হচ্ছে	2
টা	হচ্ছে	প্লিজ	2
হচ্ছে	প্লিজ	হেল্প	2
তাহলে	ডাউনলোড	করা	2
হমম	আপনাকেও	থ্যানকস	2
আপনাকেও	থ্যানকস	১ম	2
থ্যানকস	১ম	কারো	2
১ম	কারো	উপকার	2
লাগে	নাই	ভালো	2
নাই	ভালো	কিছু	2
ভালো	কিছু	ট্রিক	2
কিছু	ট্রিক	লিখার	2
ট্রিক	লিখার	ট্রাই	2
লিখার	ট্রাই	করো	2
থ্যানকস	ইউজার	ভাই	2
ডব্লিউ৬৮কিউ	বেস্ট	হিরো	2
ব্রো	এই	শাওমি	2
এই	শাওমি	এর	2
শাওমি	এর	বাংলা	2
এর	বাংলা	কি	2
এভাবে	কি	এডমব	2
কি	এডমব	থেকেও	2
এডমব	থেকেও	টাকা	2
থেকেও	টাকা	তুলা	2
পিলাম	না	তো	2
ভাইয়া	ডরাই	দিয়েন	2
কই	ভাই	তাও	2
ভাই	তাও	তো	2
তাও	তো	সিনটেক্স	2
তো	সিনটেক্স	এরর	2
সিনটেক্স	এরর	দেখায়	2
এরর	দেখায়	ভাই	2
দেখায়	ভাই	রাইট	2
ভাই	রাইট	কোড	2
রাইট	কোড	টা	2
কোড	টা	আমাকে	2
টা	আমাকে	আ্যপ	2
আমাকে	আ্যপ	দেন	2
আ্যপ	দেন	প্লীজ	2
কালার	ইনর্ভারশন	ওপশান	2
ইনর্ভারশন	ওপশান	টাই	2
ওপশান	টাই	নাই	2
ভাই	একটু	দেখে	2
একটু	দেখে	বুঝে	2
দেখে	বুঝে	কিনবেন	2
বুঝে	কিনবেন	অনেক	2
কিনবেন	অনেক	সময়	2
অনেক	সময়	এমবি	2
সময়	এমবি	আসে	2
আসে	না	ওদের	2
না	ওদের	সার্ভার	2
ওদের	সার্ভার	প্রবলেম	2
এই	জিপি	কুত্তা	2
জিপি	কুত্তা	বাঁশ	2
কুত্তা	বাঁশ	মারতেই	2
বাঁশ	মারতেই	আছে	2
মারতেই	আছে	রিপোর্ট	2
আছে	রিপোর্ট	করব	2
রিপোর্ট	করব	কিভাবে	2
ইন্ডিয়া	তে	দেখা	2
যাবে	কি	এই‌	2
কি	এই‌	আ্যপ	2
এই‌	আ্যপ	ইন্সটল	2
আ্যপ	ইন্সটল	করলে	2
এমন	কোনো	আ্যপ	2
কোনো	আ্যপ	নাই	2
আ্যপ	নাই	যেটা	2
নাই	যেটা	৭দিনে	2
যেটা	৭দিনে	একবারও	2
৭দিনে	একবারও	ইউজ	2
একবারও	ইউজ	করি	2
করি	নাই	একটা	2
নাই	একটা	অপ্রয়জনীয়	2
একটা	অপ্রয়জনীয়	আ্যপ	2
অপ্রয়জনীয়	আ্যপ	ইন্সটল	2
আ্যপ	ইন্সটল	তো	2
ইন্সটল	তো	দূরের	2
দূরের	কথা	ফাইল	2
কথা	ফাইল	ই	2
ফাইল	ই	নাই	2
সেই	ভাই	সেই	2
ফোন	এ	ওপশান	2
এ	ওপশান	টা	2
ওপশান	টা	নাই	2
হইছে	এরকম	হাজারটা	2
এরকম	হাজারটা	পোষ্ট	2
হাজারটা	পোষ্ট	আহসে	2
পোষ্ট	আহসে	ট্রিকবিডিতে	2
আহসে	ট্রিকবিডিতে	এক	2
ট্রিকবিডিতে	এক	২	2
এক	২	খুঁজে	2
২	খুঁজে	দেখবেন	2
আমার	আনরুটেড	গ্রীনিফাই	2
আনরুটেড	গ্রীনিফাই	ফোন	2
গ্রীনিফাই	ফোন	ইউজ	2
ফোন	ইউজ	করছি	2
করছি	বাট	সাকসেসফুল	2
বাট	সাকসেসফুল	হয়নি	2
সাকসেসফুল	হয়নি	চার্জার	2
হয়নি	চার্জার	আগের	2
চার্জার	আগের	মতই	2
আগের	মতই	কাটে	2
ডিসকভারি	বাংলা	চ্যানেলটা	2
বাংলা	চ্যানেলটা	লাইভ	2
চ্যানেলটা	লাইভ	টিভি	2
লাইভ	টিভি	দেখবো	2
টিভি	দেখবো	কিভাবে	2
দেখবো	কিভাবে	ভাই	2
ভাই	একটু	বলেন	2
পোস্ট	ব্রো	কিপ	2
ব্রো	কিপ	ইট	2
ইট	আপ	ইটস	2
আপ	ইটস	ওয়ার্কিং	2
ইটস	ওয়ার্কিং	পোস্ট	2
ওয়ার্কিং	পোস্ট	থ্যাঙ্ক	2
পোস্ট	থ্যাঙ্ক	ইউ	2
মিনি	দিয়ে	আবার	2
দিয়ে	আবার	ডাউনলোড	2
একটা	পোস্ট	দিছে	2
পোস্ট	দিছে	কিন্তু	2
দিছে	কিন্তু	ওটা	2
কিন্তু	ওটা	এ্যাকনো	2
ওটা	এ্যাকনো	প্যান্ডিং	2
এ্যাকনো	প্যান্ডিং	ওইটা	2
প্যান্ডিং	ওইটা	আমি	2
ওইটা	আমি	গতকাল	2
আমি	গতকাল	দিছে	2
বাহ	একজন	জ্ঞানী	2
একজন	জ্ঞানী	পাওয়া	2
জ্ঞানী	পাওয়া	গেল	2
পাওয়া	গেল	যিনি	2
গেল	যিনি	স্প্যাম	2
যিনি	স্প্যাম	দরতে	2
স্প্যাম	দরতে	পারছেন	2
ইউজার	নাকি	আনইন্সটল	2
নাকি	আনইন্সটল	করতে	2
আনইন্সটল	করতে	পারেনা	2
করতে	পারেনা	হা	2
পারেনা	হা	হা	2
ইউজার	ভাই	আমকা	2
ভাই	আমকা	দূয়া	2
আমকা	দূয়া	করা	2
দূয়া	করা	টুনার	2
করা	টুনার	বানান	2
মিনিমাম	কয়	জিবি	2
কয়	জিবি	রেম	2
ভেরি	মাচ	ভাইয়া	2
লাইকড	আগে	থেকেই	2
ব্রো	আপনাকে	এফবিতে	2
এফবিতে	মেসেজ	দিচ্ছি	2
আমার	ফেল	দেখাসসে	2
ফেল	দেখাসসে	কেন	2
মাথা	আপনার	গেছে	2
আপনার	গেছে	রমজান	2
গেছে	রমজান	মাসে	2
রমজান	মাসে	এত	2
মাসে	এত	মিথ্যা	2
এত	মিথ্যা	কথা	2
বস	ভেরিফাইড	করান	2
প্রমো	কোড	কাজ	2
করে	না	এক্সপায়ারড	2
না	এক্সপায়ারড	মে	2
এক্সপায়ারড	মে	বি	2
মে	বি	কেউ	2
বি	কেউ	একাধিক	2
কেউ	একাধিক	অ্যাকাউন্ট	2
একাধিক	অ্যাকাউন্ট	নিয়ে	2
অ্যাকাউন্ট	নিয়ে	থাকলে	2
নিয়ে	থাকলে	আমাকে	2
থাকলে	আমাকে	একটি	2
আমাকে	একটি	একাউন্ট	2
একটি	একাউন্ট	দেন	2
ভাই	জিপি	ইজি	2
ইজি	নেট	ক্যাল	2
নেট	ক্যাল	ইউ	2
ক্যাল	ইউ	করার	2
ইউ	করার	পর	2
করার	পর	ফোনকে	2
পর	ফোনকে	ডাটা	2
ফোনকে	ডাটা	রিস্টার্ট	2
ডাটা	রিস্টার্ট	মারবো	2
রিস্টার্ট	মারবো	নাকি	2
মারবো	নাকি	ফোন	2
নাকি	ফোন	অফ	2
করে	অন	করব	2
থ্যাংকস	পোস্টটা	জন্য	2
পোস্টটা	জন্য	বিস্তারিত	2
জন্য	বিস্তারিত	আরো	2
বিস্তারিত	আরো	দিলে	2
আরো	দিলে	বালো	2
দিলে	বালো	হলো	2
ভাই	ফাইলবিনফার	লিংকটা	2
ফাইলবিনফার	লিংকটা	দিবেন	2
যতসব	ফালতুর	দল	2
ফালতুর	দল	লিংক	2
দল	লিংক	ফলস	2
লিংক	ফলস	টিক	2
ফলস	টিক	করেন	2
টিক	করেন	মিয়া	2
আমার	ফোন	এক্সপোসড	2
ফোন	এক্সপোসড	ফ্রেমওয়ার্ক	2
ইনস্টল	করতে	পারছি	2
হ্যাঁ	ভাইয়া	সৌদি	2
ভাইয়া	সৌদি	আরব	2
সৌদি	আরব	থেকে	2
আরব	থেকে	ইউজ	2
থেকে	ইউজ	করা	2
যাবে	বাট	এটা	2
এটা	শুধু	বিডি	2
শুধু	বিডি	নাম্বারে	2
বিডি	নাম্বারে	কাজ	2
নাম্বারে	কাজ	করবে	2
কেবলমাত্র	আপডেট	করলাম	2
আপডেট	করলাম	দেই	2
করলাম	দেই	নাটো	2
যে২এমি	সব	ফোন	2
ফোন	সাপোর্ট	করবা	2
তিনটা	পোস্ট	করার	2
করার	পর	অটোমেটিক	2
পর	অটোমেটিক	অপশন	2
অটোমেটিক	অপশন	আসবে	2
যাদের	দরকার	তাদের	2
দরকার	তাদের	জন্য	2
তাদের	জন্য	দিছি	2
ভাই	আমি	ফালতু	2
আমি	ফালতু	টপিক	2
ফালতু	টপিক	নিলাম	2
টপিক	নিলাম	ঠিক	2
নিলাম	ঠিক	আছে	2
আছে	বাট	যারা	2
বাট	যারা	ডাউনলোড	2
যারা	ডাউনলোড	করছে	2
করছে	তারা	কারা	2
তারা	কারা	আমার	2
কারা	আমার	কাছে	2
আমার	কাছে	ডাউনলোড	2
কাছে	ডাউনলোড	রিপোর্ট	2
ডাউনলোড	রিপোর্ট	আছে	2
পিসিতে	রান	করে	2
রান	করে	দেখি	2
করে	দেখি	নাই	2
দেখি	নাই	পা	2
নাই	পা	চলবে	2
পা	চলবে	আই	2
চলবে	আই	থিঙ্ক	2
ড্রাইভ	লিংককে	তাদের	2
লিংককে	তাদের	০	2
তাদের	০	পয়সাও	2
০	পয়সাও	লাভ	2
পয়সাও	লাভ	হবে	2
না	আপনি	ওয়েবসাইটের	2
আপনি	ওয়েবসাইটের	ক্রেডিট	2
ওয়েবসাইটের	ক্রেডিট	দিলে	2
ক্রেডিট	দিলে	হয়তো	2
দিলে	হয়তো	কিছু	2
হয়তো	কিছু	ভিজিটার	2
কিছু	ভিজিটার	পাবে	2
ভিজিটার	পাবে	ওয়েবসাইটটা	2
পাবে	ওয়েবসাইটটা	আর	2
ওয়েবসাইটটা	আর	সব	2
আর	সব	জায়গায়	2
সব	জায়গায়	ইমোজি	2
জায়গায়	ইমোজি	ইউজ	2
ঠিক	বলছেন	সবাই	2
বলছেন	সবাই	চায়	2
সবাই	চায়	হ্যাক	2
চায়	হ্যাক	করবে	2
হ্যাক	করবে	এই	2
করবে	এই	গুলোই	2
এই	গুলোই	চলে	2
ভাই	ফেইসবুক	কি	2
গুড	একটা	ভিডিও	2
একটা	ভিডিও	দেলে	2
ভিডিও	দেলে	ভালো	2
দেলে	ভালো	হয়	2
এনসি	মাই	ওয়েবসাইট	2
এই	মুহূর্তে	আমার	2
মুহূর্তে	আমার	কাছে	2
আমার	কাছে	নেই	2
কাছে	নেই	বাট	2
নেই	বাট	আমি	2
বাট	আমি	নেক্সট	2
আমি	নেক্সট	পোস্টে	2
নেক্সট	পোস্টে	আমি	2
পোস্টে	আমি	অবশ্যই	2
আমি	অবশ্যই	বইটা	2
অবশ্যই	বইটা	দিব	2
ভাই	ইনডেক্সের	এইচটিএমএল	2
ইনডেক্সের	এইচটিএমএল	দিয়ে	2
এইচটিএমএল	দিয়ে	ইউআরএল	2
দিয়ে	ইউআরএল	এড	2
ইউআরএল	এড	হচ্ছে	2
এড	হচ্ছে	না	2
হিম	ফুল	গেম	2
ফুল	গেম	আছে	2
মুই	অম্পুরার	চাঙ্রা	2
আপনার	ব্লগের	থেমস	2
ব্লগের	থেমস	কোড	2
থেমস	কোড	টা	2
ভাইয়া	দিবো	নেক্সট	2
দিবো	নেক্সট	পোস্টে	2
নেক্সট	পোস্টে	পাবেন	2
পোস্টে	পাবেন	সবার	2
পাবেন	সবার	আগে	2
সবার	আগে	গ্রুপ	2
আগে	গ্রুপ	এ	2
গ্রুপ	এ	দিব	2
এ	দিব	আমার	2
দিব	আমার	দেন	2
আমার	দেন	এখানে	2
পার্ট	১	দেখেন	2
১	দেখেন	ভাই	2
যত	ইস্সা	তত	2
বাট	আপনার	এই	2
আপনার	এই	পিক	2
এই	পিক	দেওয়া	2
পিক	দেওয়া	ঠিক	2
দেওয়া	ঠিক	হয়নি	2
ঠিক	হয়নি	পারলে	2
হয়নি	পারলে	ডিলিট	2
পারলে	ডিলিট	করেন	2
ডিলিট	করেন	প্লিজ	2
ডাউনলোড	করোতে	পারো	2
করোতে	পারো	তাচিনা	2
হাহা	কেউ	বলছে	2
কেউ	বলছে	ফিটফাট	2
বলছে	ফিটফাট	ভিতরে	2
ফিটফাট	ভিতরে	আসলে	2
ভিতরে	আসলে	কি	2
আসলে	কি	তাই	2
ভাই	আইফোনে	কিভাবে	2
আইফোনে	কিভাবে	অ্যান্ড্রয়েডের	2
কিভাবে	অ্যান্ড্রয়েডের	অ্যাপস	2
অ্যান্ড্রয়েডের	অ্যাপস	ইন্সটল	2
অ্যাপস	ইন্সটল	করা	2
ইন্সটল	করা	যায়	2
যায়	আর	এমবি	2
আর	এমবি	কম	2
এমবি	কম	কাটার	2
কম	কাটার	পদ্ধতি	2
কাটার	পদ্ধতি	কি	2
নাইস	আপডেট	তাহলে	2
আপডেট	তাহলে	করতেই	2
তাহলে	করতেই	হয়	2
ভাই	আমার	এডমন	2
আমার	এডমন	এসিসিএ	2
এডমন	এসিসিএ	২০	2
এসিসিএ	২০	ডলার	2
২০	ডলার	হয়েছিল	2
ডলার	হয়েছিল	তারপর	2
হয়েছিল	তারপর	ডায়াবেল	2
তারপর	ডায়াবেল	করে	2
ডায়াবেল	করে	দিছে	2
করে	দিছে	সেই	2
দিছে	সেই	মোবাইল	2
সেই	মোবাইল	থেকে	2
মোবাইল	থেকে	কি	2
থেকে	কি	আরেকটা	2
কি	আরেকটা	জিমেইল	2
আরেকটা	জিমেইল	খুললে	2
জিমেইল	খুললে	কিসু	2
খুললে	কিসু	হবে	2
কিসু	হবে	আর	2
আর	ভাই	পেইড	2
ভাই	পেইড	ভিপিএন	2
পেইড	ভিপিএন	কিভাবে	2
ভিপিএন	কিভাবে	পাব	2
কিভাবে	পাব	ফ্রিতে	2
পাব	ফ্রিতে	এফবি	2
ফ্রিতে	এফবি	আইডি	2
বাংলা	সং	আছে	2
ভাই	কত	পয়েন্টে	2
কত	পয়েন্টে	কত	2
পয়েন্টে	কত	টাকা	2
কত	টাকা	এখন	2
টাকা	এখন	রিচার্জ	2
এখন	রিচার্জ	রেকিউ	2
রিচার্জ	রেকিউ	দেয়া	2
রেকিউ	দেয়া	যায়	2
ভাইয়া	আমি	যখন	2
আমি	যখন	প্রোডাক্ট	2
যখন	প্রোডাক্ট	অর্ডার	2
প্রোডাক্ট	অর্ডার	করবো	2
অর্ডার	করবো	তখন	2
করবো	তখন	যেইভাবে	2
তখন	যেইভাবে	ফরম	2
যেইভাবে	ফরম	পূরণ	2
পারেন	তাহলে	প্রোডাক্ট	2
তাহলে	প্রোডাক্ট	অর্ডারের	2
প্রোডাক্ট	অর্ডারের	সময়	2
অর্ডারের	সময়	সব	2
সময়	সব	ঠিকভাবে	2
সব	ঠিকভাবে	করতে	2
ঠিকভাবে	করতে	পারতাম	2
করতে	পারতাম	প্লিজ	2
পারতাম	প্লিজ	আনসার	2
প্লিজ	আনসার	দিবেন	2
আনসার	দিবেন	আশা	2
আশা	করি	আর	2
করি	আর	হ্যাঁ	2
আর	হ্যাঁ	ঢাকার	2
হ্যাঁ	ঢাকার	বাইরে	2
ঢাকার	বাইরে	অন্য	2
বাইরে	অন্য	শহরে	2
অন্য	শহরে	কিভাবে	2
শহরে	কিভাবে	প্রোডাক্ট	2
কিভাবে	প্রোডাক্ট	আসবে	2
প্রোডাক্ট	আসবে	প্লিজ	2
প্লিজ	ভাই	বিস্তারিত	2
ভাই	বিস্তারিত	তা	2
বিস্তারিত	তা	বলবেন	2
তা	বলবেন	বাট	2
বলবেন	বাট	ট্রিকবিডিতে	2
বাট	ট্রিকবিডিতে	একটা	2
ট্রিকবিডিতে	একটা	টিউন	2
একটা	টিউন	করবেন	2
টিউন	করবেন	আশা	2
আশা	করি	প্লিজ	2
করি	প্লিজ	ভাই	2
প্লিজ	ভাই	আনস	2
ভাই	আনস	দিয়েন	2
পেমেন্ট	রিকোয়েস্ট	দেওয়ার	2
রিকোয়েস্ট	দেওয়ার	কত	2
দেওয়ার	কত	সময়	2
সময়	পর	পেমেন্ট	2
পর	পেমেন্ট	দেয়	2
নিক	বহিত	বাড়িয়া	2
কিছুদিন	পর	পোস্ট	2
পর	পোস্ট	করা	2
পোস্ট	ভাইয়া	আপনার	2
ভাইয়া	আপনার	জাভা	2
আপনার	জাভা	ফোনের	2
জাভা	ফোনের	নাম	2
কপি	পোষ্টটাও	একবার	2
পোষ্টটাও	একবার	একটা	2
একবার	একটা	পোস্ট	2
একটা	পোস্ট	করেসো	2
পোস্ট	করেসো	তাও	2
করেসো	তাও	কপি	2
তাও	কপি	এরাই	2
কপি	এরাই	টা	2
এরাই	টা	নষ্ট	2
টা	নষ্ট	করল	2
১ম	দিন	চলছিল	2
দিন	চলছিল	এখন	2
চলছিল	এখন	কলে	2
এখন	কলে	না	2
কোন	সিমে	দিলেন	2
সিমে	দিলেন	কিছুই	2
যাই	অন্য	নিয়মে	2
হুম	ঠিক	তাই	2
ভাই	আপনি	ভিডিও	2
আপনি	ভিডিও	এডিট	2
ভিডিও	এডিট	করেন	2
এডিট	করেন	কোন	2
করেন	কোন	অ্যাপস	2
দিয়ে	যদি	কাইনমাস্টার	2
যদি	কাইনমাস্টার	হয়	2
কাইনমাস্টার	হয়	তাহলে	2
তাহলে	এপিকে	টার	2
এপিকে	টার	একটা	2
টার	একটা	লিংক	2
একটা	লিংক	দিতে	2
পারবেন	আমার	তাতে	2
আমার	তাতে	মিনিটের	2
তাতে	মিনিটের	ভিডিও	2
মিনিটের	ভিডিও	এক্সপোর্ট	2
ভিডিও	এক্সপোর্ট	হয়	2
এক্সপোর্ট	হয়	না	2
টিম	আমার	শেষ	2
আমার	শেষ	পোস্টটা	2
শেষ	পোস্টটা	কেন	2
পোস্টটা	কেন	ট্র্যাশ	2
কেন	ট্র্যাশ	করলেন	2
হা	হা	হাহহহহহহ	2
এডসেন্স	একাউন্ট	ও	2
একাউন্ট	ও	অ্যাডমব	2
ও	অ্যাডমব	একাউন্ট	2
অ্যাডমব	একাউন্ট	একাউন্ট	2
একাউন্ট	একাউন্ট	ক্রিয়েশন	2
একাউন্ট	ক্রিয়েশন	করব	2
ক্রিয়েশন	করব	কি	2
লাভা	৫০৫	এর	2
৫০৫	এর	জন্য	2
পোর্ট	করা	থাকলে	2
করা	থাকলে	ভালো	2
ইউজার	২৪	প্লিজ	2
২৪	প্লিজ	আপনার	2
শর্ট	করলাম	আরকি	2
কাইনমাস্টার	প্রাইম	দিয়ে	2
প্রাইম	দিয়ে	ট্রাই	2
করেন	হবে	ইনশাল্লাহ	2
এই	ব্রো	এখানে	2
ব্রো	এখানে	পেমেন্ট	2
এখানে	পেমেন্ট	রিকোয়েস্ট	2
পেমেন্ট	রিকোয়েস্ট	পাঠানোর	2
রিকোয়েস্ট	পাঠানোর	দুইটা	2
পাঠানোর	দুইটা	ওয়ে	2
দুইটা	ওয়ে	আছে	2
ওয়ে	আছে	টোকেন	2
আছে	টোকেন	আর	2
টোকেন	আর	২	2
আর	২	ইটিএইচ	2
২	ইটিএইচ	ওয়ালেট	2
ইটিএইচ	ওয়ালেট	অ্যাপসটা	2
ওয়ালেট	অ্যাপসটা	ভালোভাবে	2
অ্যাপসটা	ভালোভাবে	দেখে	2
ভালোভাবে	দেখে	দেন	2
দেখে	দেন	কমেন্ট	2
দেন	কমেন্ট	করবেন	2
ভাই	ড্রয়েড	ভিপিএন	2
একাউন্ট	খুলতে	পারছি	2
পারছি	না	আই	2
না	আই	নট	2
আই	নট	রোবট	2
নট	রোবট	এ	2
রোবট	এ	ক্লিক	2
ক্লিক	করলে	অনেকগুলো	2
করলে	অনেকগুলো	পিকচারস	2
অনেকগুলো	পিকচারস	আসে	2
পিকচারস	আসে	প্লিজ	2
হার্মফুল	অনক	প্রবলেম	2
অনক	প্রবলেম	ওই	2
প্রবলেম	ওই	অ্যাপটাই	2
ওই	অ্যাপটাই	ব্র	2
ওয়াইফাই	পাসওয়ার্ড	ওয়াইফাই	2
পাসওয়ার্ড	ওয়াইফাই	হ্যাক	2
ওয়াইফাই	হ্যাক	অ্যাপ	2
হ্যাক	অ্যাপ	কি	2
অ্যাপ	কি	কারো	2
কি	কারো	কাসে	2
কারো	কাসে	আসে	2
ভাইয়া	এখানে	দেন	2
এখানে	দেন	কি	2
দেন	কি	প্রবলেম	2
ডাউনলোড	স্টার্ট	করলাম	2
স্টার্ট	করলাম	দেখব	2
করলাম	দেখব	এখন	2
কীবোর্ড	ইন্সটল	কর	2
জি	কিন্তু	কোয়ালিটি	2
কিন্তু	কোয়ালিটি	অনেক	2
কোয়ালিটি	অনেক	ভালো	2
নাহ	তেমন	নিউ	2
তেমন	নিউ	কিছু	2
নিউ	কিছু	পেলাম	2
ভাই	নতুন	অ্যাকাউন্ট	2
নতুন	অ্যাকাউন্ট	করতে	2
অ্যাকাউন্ট	করতে	নতুন	2
করতে	নতুন	নাম্বার	2
নতুন	নাম্বার	লাগে	2
নাম্বার	লাগে	এখন	2
লাগে	এখন	করব	2
এখন	করব	২টা	2
করব	২টা	নাম্বার	2
২টা	নাম্বার	ছিল	2
নাম্বার	ছিল	শেষ	2
পোস্ট	এ	রিমুভ	2
এ	রিমুভ	পোস্ট	2
ইউসি	এর	মত	2
এর	মত	কোন	2
মত	কোন	ভিডিও	2
কোন	ভিডিও	প্লে	2
ভিডিও	প্লে	করলে	2
প্লে	করলে	সেভ	2
করলে	সেভ	করার	2
করার	অপশন	দেয়া	2
অপশন	দেয়া	উচিত	2
যায়	কিন্তু	মাঝে	2
কিন্তু	মাঝে	মাঝে	2
নাইস	বাট	আগা	2
সাত	ভাই	ঠিকমত	2
ভাই	ঠিকমত	কি	2
ঠিকমত	কি	আপনার	2
আপনার	কাছে	আসছে	2
ঠিক	বুঝি	নাই	2
বুঝি	নাই	ভাই	2
৪কে	দেখি	এখন	2
তাই	ফ্রী	হোস্টিং	2
ফ্রী	হোস্টিং	কেমনে	2
হোস্টিং	কেমনে	নিব	2
কেমনে	নিব	একটু	2
নিব	একটু	ফাস্ট	2
একটু	ফাস্ট	পোস্ট	2
ফাস্ট	পোস্ট	বা	2
পোস্ট	বা	লিংক	2
বা	লিংক	দিতে	2
লিংক	দিতে	বেটার	2
দিতে	বেটার	হতো	2
এত	কিছুর	দরকার	2
কিছুর	দরকার	হয়	2
না	জাস্ট	মডিউল	2
জাস্ট	মডিউল	ক্লাস	2
মডিউল	ক্লাস	ইজ	2
ক্লাস	ইজ	এনাফ	2
ইজ	এনাফ	আর	2
এনাফ	আর	এই	2
আর	এই	সিস্টেমে	2
এই	সিস্টেমে	অন্য	2
সিস্টেমে	অন্য	ইমোজি	2
অন্য	ইমোজি	মারলে	2
ইমোজি	মারলে	ফেসবুক	2
মারলে	ফেসবুক	মেসেঞ্জার	2
ফেসবুক	মেসেঞ্জার	ওদের	2
মেসেঞ্জার	ওদের	নিজেদের	2
ওদের	নিজেদের	ইমোজি	2
নিজেদের	ইমোজি	শো	2
ইমোজি	শো	করবে	2
ভাই	আপনার	নাম্বেরটা	2
আপনার	নাম্বেরটা	পাওয়া	2
নাম্বেরটা	পাওয়া	যাবে	2
উনি	পিসি	এর	2
এর	জন্য	বলছে	2
ব্রো	পোস্ট	গুলো	2
পোস্ট	গুলো	তাড়াতাড়ি	2
গুলো	তাড়াতাড়ি	করার	2
তাড়াতাড়ি	করার	চেষ্টা	2
চেষ্টা	করবেন	এতে	2
করবেন	এতে	আপনার	2
এতে	আপনার	প্রতি	2
আপনার	প্রতি	সম্মানটা	2
প্রতি	সম্মানটা	বেড়ে	2
সম্মানটা	বেড়ে	যাবে	2
বেড়ে	যাবে	সাথে	2
যাবে	সাথে	সাথে	2
সাথে	সাথে	উপরে	2
সাথে	উপরে	উপকৃত	2
উপরে	উপকৃত	হব	2
উপকৃত	হব	আমোরা	2
হব	আমোরা	সবাই	2
আমোরা	সবাই	ট্রিকবিডি	2
সবাই	ট্রিকবিডি	অল	2
ট্রিকবিডি	অল	ইউজার	2
আচ্ছা	অথর	ভাই	2
অথর	ভাই	আমি	2
আমি	এই	ভিপিএন	2
ভিপিএন	কানেক্ট	করি	2
কানেক্ট	করি	কি	2
করি	কি	কি	2
ইউজ	করতে	পারভো	2
করতে	পারভো	ক্লিয়ারলি	2
পারভো	ক্লিয়ারলি	বলেন	2
ক্লিয়ারলি	বলেন	আর	2
বলেন	আর	এমবি	2
আর	এমবি	ছাড়া	2
এমবি	ছাড়া	যদি	2
ছাড়া	যদি	কানেক্ট	2
যদি	কানেক্ট	হয়	2
কানেক্ট	হয়	তাহলে	2
হয়	তাহলে	ফ্রিতে	2
তাহলে	ফ্রিতে	সবকিছু	2
ফ্রিতে	সবকিছু	ইউজ	2
সবকিছু	ইউজ	হওয়ার	2
ইউজ	হওয়ার	কথা	2
হওয়ার	কথা	আই	2
কথা	আই	মিন	2
মিন	এমবি	ছাড়া	2
ডাউনলোড	হবে	তাই	2
তাই	না	তাহলে	2
তাহলে	তো	বলতে	2
তো	বলতে	পারি	2
বলতে	পারি	এটা	2
পারি	এটা	ফ্রি	2
ফ্রি	নেট	ইইইই	2
রেডমি	৫	হবে	2
৫	হবে	না	2
ভাই	কনফিগ	ফাইলটা	2
কনফিগ	ফাইলটা	দিয়া	2
ফাইলটা	দিয়া	কেমনে	2
দিয়া	কেমনে	কি	2
এইটা	নিউ	এন্ড	2
নিউ	এন্ড	ভালো	2
এন্ড	ভালো	দেই	2
ভালো	দেই	ব্রো	2
থ্যাঙ্ক	ট্রিক	বিডি	2
ট্রিক	বিডি	একাউন্ট	2
বিডি	একাউন্ট	দেয়ার	2
একাউন্ট	দেয়ার	জন্য	2
প্রতিদিন	ফ্রি	নেট	2
ফ্রি	নেট	দেয়	2
নেট	দেয়	এমন	2
দেয়	এমন	অ্যাপস	2
এমন	অ্যাপস	আছে	2
বলেন	প্লিজ	দরকার	2
নিউ	টপিক	পেজ	2
টপিক	পেজ	নামে	2
পেজ	নামে	তো	2
নামে	তো	কেনো	2
তো	কেনো	পেজ	2
কেনো	পেজ	নাই	2
ফইন্নি	তুই	কপি	2
তুই	কপি	পোস্ট	2
কপি	পোস্ট	করস	2
ইউজার	কার	সাথে	2
কার	সাথে	কথা	2
কথা	ছিল	আমার	2
ছিল	আমার	সাথে	2
দেয়	না	পোস্টটা	2
না	পোস্টটা	এখনো	2
পোস্টটা	এখনো	রয়ে	2
এখনো	রয়ে	গেছে	2
আমি	বি	লাইভ	2
বি	লাইভ	করি	2
লাইভ	করি	না	2
রাগ	করবেন	ব্রো	2
করবেন	ব্রো	আমি	2
ব্রো	আমি	জাস্ট	2
আমি	জাস্ট	ইউজার	2
জাস্ট	ইউজার	ভাইকে	2
ইউজার	ভাইকে	উৎসাহ	2
ভাইকে	উৎসাহ	দিলাম	2
উৎসাহ	দিলাম	কারণ	2
দিলাম	কারণ	অনেক	2
কারণ	অনেক	অফার	2
অনেক	অফার	আমার	2
অফার	আমার	এসএমএস	2
আমার	এসএমএস	না	2
এসএমএস	না	দেয়া	2
না	দেয়া	সত্বেও	2
দেয়া	সত্বেও	পেয়েছি	2
না	করলে	আর	2
করলে	আর	দরকার	2
আর	দরকার	নেই	2
দরকার	নেই	থ্যাংকস	2
ভাই	একদিনে	সর্বোচ্চ	2
একদিনে	সর্বোচ্চ	কয়টা	2
সর্বোচ্চ	কয়টা	পোস্ট	2
কয়টা	পোস্ট	শেয়ার	2
পোস্ট	শেয়ার	করা	2
এই	বোর্ডগুলা	ফ্রিতে	2
বোর্ডগুলা	ফ্রিতে	পেমেন্ট	2
ফ্রিতে	পেমেন্ট	করছে	2
পেমেন্ট	করছে	ইনভেস্ট	2
করছে	ইনভেস্ট	লাগেনা	2
ইনভেস্ট	লাগেনা	আর	2
লাগেনা	আর	আপনি	2
আর	আপনি	মেবি	2
আপনি	মেবি	টেলিগ্রাম	2
মেবি	টেলিগ্রাম	সম্পর্কে	2
টেলিগ্রাম	সম্পর্কে	ঠিক	2
সম্পর্কে	ঠিক	মত	2
ঠিক	মত	জানেন	2
মত	জানেন	না	2
জানেন	না	মানে	2
না	মানে	আপনার	2
মানে	আপনার	ধারণা	2
আপনার	ধারণা	স্পষ্ট	2
ধারণা	স্পষ্ট	না	2
স্পষ্ট	না	পেমেন্ট	2
না	পেমেন্ট	ব্যালেন্চে	2
পেমেন্ট	ব্যালেন্চে	থাকলে	2
ব্যালেন্চে	থাকলে	তো	2
থাকলে	তো	পেমেন্ট	2
তো	পেমেন্ট	নেওয়া	2
নেওয়া	যাবে	তাই	2
তাই	না	এমনি	2
না	এমনি	এমনি	2
এমনি	এমনি	পেমেন্ট	2
এমনি	পেমেন্ট	করবে	2
পেমেন্ট	করবে	নাকি	2
দুবাইতে	কিভাবে	ইউজ	2
প্লিজ	রিপ্লাই	এফবিতে	2
রিপ্লাই	এফবিতে	তোমাকে	2
এফবিতে	তোমাকে	মেসেজ	2
তোমাকে	মেসেজ	দিছি	2
আগের	পোস্ট	গলা	2
পোস্ট	গলা	ভালো	2
গলা	ভালো	হোসা	2
ভাই	পহেলা	বৈশাখ	2
পহেলা	বৈশাখ	নিয়া	2
বৈশাখ	নিয়া	এত	2
নিয়া	এত	কিছু	2
এত	কিছু	দরকার	2
দরকার	নাই	আজ	2
নাই	আজ	শবে	2
আজ	শবে	মেরাজ	2
শবে	মেরাজ	এটা	2
মেরাজ	এটা	নিয়ে	2
নিয়ে	কিছু	পোস্ট	2
হইলেই	হয়	ভাই	2
হয়	ভাই	থ্যাংকস	2
ভাই	থ্যাংকস	মিস্টার	2
থ্যাংকস	মিস্টার	ইউজার	2
মিস্টার	ইউজার	ট্রাই	2
ইউজার	ট্রাই	করে	2
ট্রাই	করে	জানাবো	2
বাংলাদেশের	আইপি	দিয়ে	2
দিয়ে	খুলে	কি	2
খুলে	কি	প্রবলেম	2
না	ভাই	কিংরুট	2
ভাই	কিংরুট	ট্রাই	2
কিংরুট	ট্রাই	করি	2
করি	নাই	কই	2
নাই	কই	পাবো	2
কই	পাবো	প্লিজ	2
পাবো	প্লিজ	বলবেন	2
বলবেন	ভাই	প্লিজ	2
ভাই	প্লিজ	সনি	2
প্লিজ	সনি	নিয়ে	2
সনি	নিয়ে	একটা	2
করেন	না	প্লিজ	2
এইসবকে	ইউজার	টুনার	2
ইউজার	টুনার	করে	2
টুনার	করে	এর	2
করে	এর	থেকে	2
এর	থেকে	আমাকে	2
থেকে	আমাকে	টুনার	2
আমাকে	টুনার	করলেই	2
টুনার	করলেই	পারতো	2
এনআইডি	আর	আপনার	2
আর	আপনার	পিক	2
আপনার	পিক	তুললেই	2
পিক	তুললেই	তো	2
তুললেই	তো	সব	2
তো	সব	কাম	2
সব	কাম	শেষ	2
কাম	শেষ	জাস্ট	2
শেষ	জাস্ট	সাবমিট	2
জাস্ট	সাবমিট	করে	2
সাবমিট	করে	দিবেন	2
কোন	সাইটে	আছি	2
সাইটে	আছি	বুঝতেছিনা	2
ভাই	আমি	মিশন	2
আমি	মিশন	খেলি	2
মিশন	খেলি	না	2
খেলি	না	আঁচি	2
না	আঁচি	টু	2
আঁচি	টু	ইউজ	2
টু	ইউজ	করিনা	2
ইউজ	করিনা	সত্যি	2
করিনা	সত্যি	বলতে	2
সত্যি	বলতে	আমি	2
বলতে	আমি	গেম	2
আমি	গেম	কম	2
গেম	কম	খেলি	2
কম	খেলি	আর	2
খেলি	আর	বাকিটা	2
আর	বাকিটা	আপনি	2
বাকিটা	আপনি	ডাউনলোড	2
ডাউনলোড	করে	দেখতে	2
মেবি	নাও	হতি	2
নাও	হতি	পারে	2
হতি	পারে	টিক	2
পারে	টিক	জানা	2
টিক	জানা	নাই	2
আমি	পোস্ট	লিখছি	2
পোস্ট	লিখছি	ওয়ার্কিং	2
লিখছি	ওয়ার্কিং	বাট	2
ওয়ার্কিং	বাট	প্যান্ডিং	2
বাট	প্যান্ডিং	এ	2
ভাই	টাকা	নিব	2
টাকা	নিব	কেমনে	2
ভাই	কথা	এড	2
কথা	এড	করবো	2
এড	করবো	প্রফেশানাক	2
করবো	প্রফেশানাক	দের	2
প্রফেশানাক	দের	মত	2
দের	মত	সেটা	2
মত	সেটা	বলেন	2
আমিও	ময়মনসিংহের	থাকা	2
ময়মনসিংহের	থাকা	গফরগাঁও	2
থাকা	গফরগাঁও	হা	2
কি	কাজের	জন্য	2
কাজের	জন্য	সেটাই	2
জন্য	সেটাই	তো	2
বুঝলাম	না	ফ্রি	2
না	ফ্রি	ফেসবুক	2
ফ্রি	ফেসবুক	চালানোর	2
ফেসবুক	চালানোর	জন্য	2
চালানোর	জন্য	নাকি	2
জন্য	নাকি	সোশ্যাল	2
নাকি	সোশ্যাল	প্যাক	2
প্যাক	দিয়ে	সবকিছু	2
দিয়ে	সবকিছু	করার	2
সবকিছু	করার	জন্য	2
পাবজি	হ্যাক	হবে	2
ভায়া	পোস্ট	কয়	2
রবি	নাম্বার	যেইটা	2
নাম্বার	যেইটা	আমি	2
যেইটা	আমি	চিনিও	2
আমি	চিনিও	না	2
চিনিও	না	তা	2
না	তা	কেমনে	2
তা	কেমনে	দেখমু	2
কেমনে	দেখমু	আর	2
দেখমু	আর	কেমনে	2
আর	কেমনে	অফ	2
কেমনে	অফ	করমু	2
অফ	করমু	প্লিজ	2
করমু	প্লিজ	হেল্প	2
জানি	আপনি	শেয়ার	2
আপনি	শেয়ার	করবেন	2
করবেন	না	তবে	2
না	তবে	কোন	2
তবে	কোন	সিমে	2
কোন	সিমে	চালান	2
সিমে	চালান	সেটা	2
চালান	সেটা	বলা	2
সেটা	বলা	যাবে	2
বলা	যাবে	কি	2
পোস্টে	উল্লেখ	করতে	2
উল্লেখ	করতে	ভুলে	2
করতে	ভুলে	গেছি	2
স্যামসাং	এফ১২	অ্যান্ড্রয়েড	2
এফ১২	অ্যান্ড্রয়েড	১৩	2
ভাই	সত্যি	কাজ	2
করে	কি	প্লিজ	2
আমার	স্যামসাং	ডূওস	2
স্যামসাং	ডূওস	জিপি	2
ডূওস	জিপি	এস৭৫৮২	2
জিপি	এস৭৫৮২	কাস্টম	2
এস৭৫৮২	কাস্টম	রম	2
রম	লাগবে	হেল্প	2
বাই	কাম	মারবো	2
কাম	মারবো	কিভাবে	2
মারবো	কিভাবে	ফোন	2
আবার	কি	ফোন	2
কি	ফোন	রিস্টার্ট	2
ফোন	রিস্টার্ট	করব	2
রিস্টার্ট	করব	প্লিজ	2
প্লিজ	হেল্প	ভাইয়া	2
পারফেক্ট	মানি	দিয়ে	2
মানি	দিয়ে	টাকা	2
দিয়ে	টাকা	উঠানো	2
টাকা	উঠানো	যাবে	2
সিওসি	হ্যাক	হবে	2
ঠিক	আছে	প্রায়	2
আছে	প্রায়	২য়	2
প্রায়	২য়	লিংক	2
ওই	নো	কানেকশন	2
নো	কানেকশন	ফিক্স	2
কানেকশন	ফিক্স	টা	2
ফিক্স	টা	দেখেন	2
টা	দেখেন	তখন	2
দেখেন	তখন	হয়তো	2
তখন	হয়তো	কানেক্ট	2
হয়তো	কানেক্ট	এস্টাবলিশ	2
কানেক্ট	এস্টাবলিশ	রিলাবেল	2
এস্টাবলিশ	রিলাবেল	ডাটা	2
রিলাবেল	ডাটা	কানেকশন	2
ডাটা	কানেকশন	আছে	2
কানেকশন	আছে	ফিক্স	2
আছে	ফিক্স	একই	2
ফিক্স	একই	মেথড	2
একই	মেথড	ও	2
মেথড	ও	আচ্ছা	2
করলে	সোজা	অ্যাপ	2
সোজা	অ্যাপ	এ	2
অ্যাপ	এ	রিডারেক্ট	2
এ	রিডারেক্ট	হয়ে	2
রিডারেক্ট	হয়ে	যায়	2
দেন	সেখানে	ইমেইল	2
সেখানে	ইমেইল	এন্ড	2
ইমেইল	এন্ড	পাস	2
করলে	সোজা	অ্যাপের	2
সোজা	অ্যাপের	রিডারেট	2
অ্যাপের	রিডারেট	হয়ে	2
রিডারেট	হয়ে	যায়	2
দেন	সেখানে	ইমেল	2
সেখানে	ইমেল	এন্ড	2
ইমেল	এন্ড	পাস	2
ইউজার	এফবি	আইডি	2
রুট	ছাড়া	আমি	2
ছাড়া	আমি	করছি	2
আমি	করছি	গেম	2
করছি	গেম	গার্ডিয়ান	2
গেম	গার্ডিয়ান	দিয়ে	2
কি	যে	বললি	2
আপনার	ফেইসবুক	লাইট	2
ফেইসবুক	লাইট	এর	2
লাইট	এর	ভার্শন	2
এর	ভার্শন	কত	2
একটা	হেল্প	করুন	2
করুন	প্লিজ	ভাই	2
আমার	মোবাইলে	লক	2
মোবাইলে	লক	আছেনা	2
লক	আছেনা	লেখা	2
আছেনা	লেখা	আসে	2
আসে	তাই	মোবাইল	2
তাই	মোবাইল	ইউজ	2
মোবাইল	ইউজ	করতে	2
ইউজ	করতে	খুব	2
করতে	খুব	কষ্ট	2
খুব	কষ্ট	হচ্ছে	2
কষ্ট	হচ্ছে	এখন	2
হচ্ছে	এখন	আমি	2
আমি	কি	করভো	2
কি	করভো	ভাই	2
করভো	ভাই	প্লিজ	2
অথর	আইডি	কি	2
আইডি	কি	কেউ	2
কি	কেউ	বিক্রি	2
কেউ	বিক্রি	করে	2
বিক্রি	করে	নাকি	2
বলতাম	আপনার	নেইমবার	2
আপনার	নেইমবার	দে	2
নেইমবার	দে	যাবে	2
দে	যাবে	কে	2
হ্যাঁ	সব	করা	2
সব	করা	যাবে	2
হুম	ঠিক	ভাই	2
ঠিক	ভাই	৩জি	2
ভাই	৩জি	ত	2
৩জি	ত	এই	2
ত	এই	জন্যে	2
ব্রো	আপনি	সিলেটের	2
আপনি	সিলেটের	কোথায়	2
সিলেটের	কোথায়	মি	2
কোথায়	মি	টু	2
মি	টু	সিলেটি	2
১টা	বিকাশ	অ্যাপ	2
স্ক্রিনশট	দেননা	কে	2
ব্রো	আপনি	স্ক্রিন	2
আপনি	স্ক্রিন	রেকর্ড	2
ইউজ	করেছেন	বলে	2
করেছেন	বলে	খুশি	2
বলে	খুশি	হতাম	2
থ্যাংক	প্লিজ	জয়েন	2
এটা	আমি	খেলছি	2
আমি	খেলছি	অনেক	2
খেলছি	অনেক	মজার	2
অনেক	মজার	একটা	2
মজার	একটা	গেমস	2
একটা	গেমস	পোস্ট	2
গেমস	পোস্ট	করর	2
পোস্ট	করর	জনা	2
করর	জনা	থ্যাংকস	2
আইডি	কার্ডের	ঝামেলা	2
কার্ডের	ঝামেলা	যদি	2
ঝামেলা	যদি	থাকতো	2
যদি	থাকতো	না	2
থাকতো	না	ভাই	2
না	ভাই	অবশ্যই	2
ভাই	অবশ্যই	করতাম	2
হাইটেক	লোগো	রিভেলের	2
লোগো	রিভেলের	এরকম	2
রিভেলের	এরকম	ইন্ট্রো	2
এরকম	ইন্ট্রো	বানানো	2
ইন্ট্রো	বানানো	যাবে	2
ভাই	এটা	জাস্ট	2
জাস্ট	একটা	লঞ্চার	2
একটা	লঞ্চার	এটা	2
লঞ্চার	এটা	দিলে	2
এটা	দিলে	অডিও	2
দিলে	অডিও	লোক	2
অডিও	লোক	দেয়া	2
লোক	দেয়া	যায়	2
দেয়া	যায়	কিন্তু	2
যায়	কিন্তু	সিস্টেম	2
কিন্তু	সিস্টেম	ডে	2
সিস্টেম	ডে	ওরিও	2
ডে	ওরিও	বানান্ক	2
ওরিও	বানান্ক	যায়	2
বানান্ক	যায়	না	2
যায়	না	টাইটেল	2
না	টাইটেল	ঠিক	2
ঠিক	করে	লিখবেন	2
করে	লিখবেন	থাঙ্কা	2
লিখবেন	থাঙ্কা	ইউ	2
ক্যাটেগরি	অ্যাপ	রিভিউ	2
অ্যাপ	রিভিউ	আবার	2
রিভিউ	আবার	পোস্টে	2
আবার	পোস্টে	কোন	2
পোস্টে	কোন	রিভিউ	2
রিভিউ	নাই	ভাই	2
নাই	ভাই	কষ্ট	2
ভাই	কষ্ট	না	2
কষ্ট	না	করলে	2
না	করলে	কেষ্ট	2
করলে	কেষ্ট	মেলে	2
কেষ্ট	মেলে	না	2
ড্রাগন	বল	এর	2
বল	এর	এপিসোড	2
এর	এপিসোড	দেখার	2
এপিসোড	দেখার	ওয়াইটির	2
দেখার	ওয়াইটির	লিংক	2
ওয়াইটির	লিংক	দিলে	2
দিলে	আপনার	পোস্টের	2
আপনার	পোস্টের	দ্বারা	2
পোস্টের	দ্বারা	উপকৃত	2
দ্বারা	উপকৃত	হইতাম	2
এটা	তো	ইন্সটল	2
জিমেইল	ওর	ইউজার	2
ওর	ইউজার	নেম	2
পণ্য	কি	ডাকযোগে	2
কি	ডাকযোগে	পাঠাবে	2
ক্রোম	স্টোর	এর	2
স্টোর	এর	এক্সটেনশন	2
এর	এক্সটেনশন	ফায়ারফক্স	2
এক্সটেনশন	ফায়ারফক্স	সেটআপ	2
ফায়ারফক্স	সেটআপ	দেওয়ার	2
সেটআপ	দেওয়ার	এমন	2
দেওয়ার	এমন	কোন	2
এমন	কোন	ওয়ে	2
করে	ও	সুন্দর	2
ও	সুন্দর	মন্তব্য	2
সুন্দর	মন্তব্য	উপস্থাপন	2
মন্তব্য	উপস্থাপন	কোটার	2
উপস্থাপন	কোটার	জন্য	2
কোটার	জন্য	আপনাকে	2
আপনাকে	অসংখ্য	ধন্যবাদ	2
অসংখ্য	ধন্যবাদ	থ্যাংক	2
ধন্যবাদ	থ্যাংক	ইউ	2
পুরো	এমন	কোন	2
এমন	কোন	ট্রিক	2
ট্রিক	আছে	কি	2
আছে	কি	যার	2
কি	যার	দ্বারা	2
যার	দ্বারা	অন্য	2
দ্বারা	অন্য	জনের	2
অন্য	জনের	বাংলালিংক	2
জনের	বাংলালিংক	সিম	2
বাংলালিংক	সিম	থেকে	2
সিম	থেকে	কোন	2
থেকে	কোন	নাম্বারে	2
কোন	নাম্বারে	এসএমএস	2
নাম্বারে	এসএমএস	যাচ্ছে	2
এসএমএস	যাচ্ছে	কি	2
যাচ্ছে	কি	এসএমএস	2
কি	এসএমএস	যাচ্ছে	2
এসএমএস	যাচ্ছে	দেখা	2
যাচ্ছে	দেখা	যাবে	2
দেখা	যাবে	এমন	2
যাবে	এমন	কি	2
এমন	কি	কি	2
কি	কি	এসএমএস	2
কি	এসএমএস	আসছে	2
এসএমএস	আসছে	তাও	2
আসছে	তাও	দেখা	2
তাও	দেখা	যাবে	2
আইডি	লিংক	দিবেন	2
লিংক	দিবেন	একটু	2
করে	দিছি	নিউ	2
দিছি	নিউ	লিঙ্ক	2
নিউ	লিঙ্ক	জেনারেটেড	2
লিঙ্ক	জেনারেটেড	করেন	2
এসএস	দিয়ে	দেখানো	2
দিয়ে	দেখানো	উচিত	2
দেখানো	উচিত	ছিল	2
আমারই	রাগ	ধইরা	2
রাগ	ধইরা	গেছিল	2
ধইরা	গেছিল	ফেক	2
গেছিল	ফেক	রোডে	2
ফেক	রোডে	ট্রাই	2
রোডে	ট্রাই	করতে	2
ট্রাই	করতে	আচ্ছা	2
করতে	আচ্ছা	এটা	2
আচ্ছা	এটা	ভার্চুয়াল	2
এটা	ভার্চুয়াল	বক্স	2
ভার্চুয়াল	বক্স	অর	2
বক্স	অর	দ্যাট	2
অর	দ্যাট	বিমোস	2
দ্যাট	বিমোস	কাজ	2
বিমোস	কাজ	করবে	2
কাজ	করবে	ট্রাই	2
করবে	ট্রাই	করি	2
করি	নাই	কখনো	2
ও	আচ্ছা	ঠিক	2
আচ্ছা	ঠিক	হয়ে	2
হয়ে	যাবে	ইনশাল্লাহ	2
ধন্যবাদ	আপনার	অগ্রগামীতার	2
আপনার	অগ্রগামীতার	জন্য	2
ওকে	ওই	এডটা	2
ওই	এডটা	কোথায়	2
এডটা	কোথায়	শো	2
কোথায়	শো	করবে	2
পোস্টটা	জটিল	হইছে	2
জটিল	হইছে	ভাই	2
হইছে	ভাই	চালিয়ে	2
অন্য	সার্ভারগুলোতে	ট্রাই	2
সার্ভারগুলোতে	ট্রাই	করেন	2
একদম	প্রত্যন্ত	গেমে	2
প্রত্যন্ত	গেমে	হবে	2
গেমে	হবে	না	2
হবে	না	শহরে	2
না	শহরে	কুরিয়ার	2
শহরে	কুরিয়ার	সার্ভিসে	2
কুরিয়ার	সার্ভিসে	গিয়ে	2
সার্ভিসে	গিয়ে	নিয়ে	2
কম	টাকায়	হোস্টিং	2
টাকায়	হোস্টিং	কিভাবে	2
হোস্টিং	কিভাবে	পাবো	2
কিভাবে	পাবো	ফেসবুকে	2
পাবো	ফেসবুকে	নক	2
ফেসবুকে	নক	করছি	2
নক	করছি	এন্ডস	2
করছি	এন্ডস	দেন	2
এন্ডস	দেন	প্লিজ	2
থ্যাংকস	ব্রো	আসছে	2
ব্রো	আপনার	কি	2
আপনার	কি	ভেরিফাই	2
ভেরিফাই	করা	অ্যাকাউন্ট	2
নাম্বার	দিয়ে	কেউ	2
দিয়ে	কেউ	ঠিকানা	2
কেউ	ঠিকানা	বের	2
ঠিকানা	বের	করতে	2
করতে	পারো	ভাই	2
পারো	ভাই	এমন	2
কোন	অ্যাপস	থাকলে	2
অ্যাপস	থাকলে	আমাকে	2
থাকলে	আমাকে	বলো	2
আমাকে	বলো	প্লিজ	2
ব্রো	৫০০	এমবি	2
৫০০	এমবি	কি	2
এমবি	কি	এ	2
কি	এ	যোগ	2
যোগ	হবে	মেয়াদ	2
হবে	মেয়াদ	কয়দিন	2
এমনিতেই	হাজা	হাজার	2
হাজা	হাজার	জিবি	2
হাজার	জিবি	হ্যাক	2
জিবি	হ্যাক	করা	2
করা	যায়	আমার	2
যায়	আমার	দুই	2
আমার	দুই	লোক	2
দুই	লোক	জিবি	2
লোক	জিবি	এর	2
জিবি	এর	উপরে	2
এর	উপরে	আছে	2
ভাই	কি	মনে	2
কি	মনে	হচ্ছে	2
হচ্ছে	আমি	ইউএসএ	2
আমি	ইউএসএ	তে	2
ইউএসএ	তে	থাকি	2
তে	থাকি	নাকি	2
টেকটিউন্স	ওয়েবসাইটে	কি	2
ওয়েবসাইটে	কি	হইছে	2
কি	হইছে	কারো	2
হইছে	কারো	কি	2
কারো	কি	জানো	2
কি	জানো	জানলে	2
হইলেন	কিভাবে	একটা	2
লিংক	দিলে	স্প্যাম	2
দিলে	স্প্যাম	হবে	2
স্প্যাম	হবে	না	2
ব্রো	প্লিজ	পোস্টটা	2
প্লিজ	পোস্টটা	দিলথে	2
পোস্টটা	দিলথে	করেন	2
নাইস	টাইটেল	কিভাবে	2
টাইটেল	কিভাবে	এড	2
এড	করব	কেউ	2
করব	কেউ	যদি	2
কেউ	যদি	বলতেন	2
বলতেন	উপকার	হইত	2
দোর	যত	সব	2
সব	ফালতু	অ্যাপ	2
বিডি	এর	এডমিন	2
এর	এডমিন	কই	2
এডমিন	কই	আমি	2
কই	আমি	পোস্ট	2
পোস্ট	করছি	এবং	2
করছি	এবং	টুনার	2
এবং	টুনার	রিকোয়েস্ট	2
টুনার	রিকোয়েস্ট	দিছি	2
দিছি	বাট	ইউ	2
বাট	ইউ	ডোন্ট	2
ইউ	ডোন্ট	রিভিউ	2
অনেক	এইচড	পোস্ট	2
হ্যান্ডসেট	কোথায়	পাবো	2
ইউটিউব	থেকে	লি	2
থেকে	লি	ংক	2
লি	ংক	থেছেন	2
ংক	থেছেন	কেন	2
ভাই	লিঙ্কটা	ঠিক	2
লিঙ্কটা	ঠিক	করেন	2
সিম	বাটন	ফোনে	2
বাটন	ফোনে	থাক	2
ফোনে	থাক	অ্যান্ড্রয়েডে	2
থাক	অ্যান্ড্রয়েডে	লগইন	2
অ্যান্ড্রয়েডে	লগইন	করতে	2
লগইন	করতে	পারবো	2
করতে	পারবো	এমন	2
পারবো	এমন	একটা	2
এমন	একটা	ট্রিক	2
শেয়ার	করলে	খুবই	2
করলে	খুবই	ভালো	2
খুবই	ভালো	এটা	2
ভালো	এটা	নিয়ে	2
এটা	নিয়ে	একটু	2
নিয়ে	একটু	জলদি	2
একটু	জলদি	পোস্ট	2
জলদি	পোস্ট	করিয়েন	2
পোস্ট	করিয়েন	ওয়েটিং	2
করিয়েন	ওয়েটিং	এ	2
ওয়েটিং	এ	থাকলাম	2
দিসি	একসেপ্ট	করো	2
আপনার	পোস্ট	উনারাই	2
পোস্ট	উনারাই	মেরেছেন	2
উনারাই	মেরেছেন	সেটাই	2
মেরেছেন	সেটাই	বললাম	2
ফালতু	ওয়েবসাইট	একটা	2
ব্রো	ফেসবুক	ভিডিও	2
ফেসবুক	ভিডিও	দেখার	2
ভিডিও	দেখার	কোন	2
দেখার	কোন	সিস্টেম	2
কি	থাকলে	বলেন	2
জটিল	হয়েছে	ভাই	2
ইউনিক	লাভড	ইট	2
লাভড	ইট	ব্রো	2
ইট	ব্রো	গেট	2
ব্রো	গেট	গোয়িং	2
আগে	আয়	করেন	2
আয়	করেন	তারপর	2
করেন	তারপর	বিকাশের	2
তারপর	বিকাশের	চিন্তা	2
বিকাশের	চিন্তা	বাট	2
চিন্তা	বাট	আমি	2
বাট	আমি	করি	2
আরে	অরিজিনাল	অফিসিয়াল	2
অরিজিনাল	অফিসিয়াল	স্টক	2
অফিসিয়াল	স্টক	ফর্মটা	2
স্টক	ফর্মটা	দিয়ে	2
ফর্মটা	দিয়ে	ফ্লাশ	2
দিয়ে	ফ্লাশ	করলেই	2
ফ্লাশ	করলেই	তো	2
তো	হয়ে	যাবে	2
হয়ে	যাবে	ফোনটাও	2
যাবে	ফোনটাও	ফ্রেশ	2
ফোনটাও	ফ্রেশ	হবে	2
ফ্রেশ	হবে	প্যাটার্ন	2
হবে	প্যাটার্ন	লকটা	2
প্যাটার্ন	লকটা	খুলবে	2
লকটা	খুলবে	আর	2
খুলবে	আর	কিছু	2
আর	কিছু	হারাবেও	2
কিছু	হারাবেও	না	2
হারাবেও	না	ব্রো	2
ইউজার	প্লিজ	আমাকে	2
প্লিজ	আমাকে	মডারেটর	2
আমাকে	মডারেটর	বানান	2
মডারেটর	বানান	আমি	2
সেটা	পেন্ডিং	থাকে	2
ভাই	আপনি	পেয়াটের	2
আপনি	পেয়াটের	যে	2
পেয়াটের	যে	সিস্টেম	2
যে	সিস্টেম	দিয়েছেন	2
সিস্টেম	দিয়েছেন	এর	2
দিয়েছেন	এর	একটাও	2
এর	একটাও	তো	2
একটাও	তো	বাংলাদেশে	2
তো	বাংলাদেশে	সাপোর্ট	2
বাংলাদেশে	সাপোর্ট	করে	2
তো	আপনি	কিভাবে	2
আপনি	কিভাবে	পে	2
কিভাবে	পে	আউট	2
পে	আউট	করলেন	2
খালি	কপি	বাজনা	2
কপি	বাজনা	চিটার	2
বাজনা	চিটার	এখন	2
চিটার	এখন	যে	2
এখন	যে	লিংক	2
যে	লিংক	দিছে	2
লিংক	দিছে	সবগুলা	2
দিছে	সবগুলা	কোড	2
সবগুলা	কোড	এরর	2
কোড	এরর	না	2
এরর	না	আসে	2
না	আসে	কোন	2
আসে	কোন	কপি	2
কোন	কপি	করা	2
কপি	করা	সিস্টেম	2
করা	সিস্টেম	না	2
সিস্টেম	না	আসে	2
না	আসে	কোট	2
আসে	কোট	অপশন	2
ভাই	কিভাবে	পিএই	2
কিভাবে	পিএই	ছবি	2
পিএই	ছবি	ডাউনলোড	2
ছবি	ডাউনলোড	সাইট	2
ডাউনলোড	সাইট	বানাবো	2
সাইট	বানাবো	তার	2
বানাবো	তার	পুরো	2
তার	পুরো	টিউটোরিয়াল	2
পুরো	টিউটোরিয়াল	দিবেন	2
টিউটোরিয়াল	দিবেন	প্লিজ	2
থ্যাংকস	ব্রো	হাত	2
ব্রো	হাত	দিয়ে	2
হাত	দিয়ে	লিখতে	2
দিয়ে	লিখতে	বোরিং	2
লিখতে	বোরিং	লাগে	2
বোরিং	লাগে	ভয়েস	2
লাগে	ভয়েস	টাইপিং	2
ভয়েস	টাইপিং	করি	2
টাইপিং	করি	তাই	2
করি	তাই	মনে	2
মনে	হয়	এমন	2
হয়	এমন	হয়	2
ভালো	হয়েছে	ভাই	2
হয়েছে	ভাই	বিশেষ	2
ভাই	বিশেষ	করে	2
বিশেষ	করে	সাউন্ডটা	2
আমার	আপকিজ	সাইট	2
ধন্যবাদ	ভাই	কোর্স	2
ভাই	কোর্স	টি	2
কোর্স	টি	শেয়ার	2
গুড	পোস্ট	ইউজার	2
ভাই	আমি	কাউকে	2
আমি	কাউকে	ফলো	2
ফলো	করতে	পারছি	2
আপনি	আমাকে	ফলো	2
ফলো	করেন	প্লিজ	2
প্যাচ	করা	লাগবে	2
আমার	সিম্ফনি	এইচ৫০	2
সিম্ফনি	এইচ৫০	কিভাবে	2
এইচ৫০	কিভাবে	রুট	2
ভাই	আমার	মাস্টার	2
কার্ড	নাই	কিভাবে	2
নাই	কিভাবে	পাবে	2
কিভাবে	পাবে	হেল্প	2
পাবে	হেল্প	মি	2
নিউটা	সবার	কাছে	2
সবার	কাছে	শেয়ার	2
কাছে	শেয়ার	করতে	2
হবে	আপনার	কথা	2
আপনার	কথা	দ্বারা	2
কথা	দ্বারা	ই	2
দ্বারা	ই	বুঝা	2
ই	বুঝা	যাচ্ছে	2
বুঝা	যাচ্ছে	আপনি	2
যাচ্ছে	আপনি	কি	2
আপনি	কি	রকম	2
কি	রকম	লক	2
রিপোর্ট	করেন	এই	2
করেন	এই	পোস্ট	2
পিসি	থাকলে	করতে	2
যেকোনো	বিন	দিয়ে	2
বিন	দিয়ে	বানিয়ে	2
দিয়ে	বানিয়ে	নেন	2
বানিয়ে	নেন	আমি	2
নেন	আমি	এখানে	2
আমি	এখানে	১০টা	2
এখানে	১০টা	কার্ড	2
১০টা	কার্ড	দিয়েছি	2
কার্ড	দিয়েছি	নিবি	2
দিয়েছি	নিবি	সেগুলো	2
নিবি	সেগুলো	সবাই	2
সেগুলো	সবাই	ইউজ	2
সবাই	ইউজ	করছে	2
সরি	ডাইরেক্ট	ডাউনলোড	2
ডাউনলোড	লিংক	জন্য	2
লিংক	জন্য	এমন	2
আমার	সিম্ফনি	ভি৫৫	2
সিম্ফনি	ভি৫৫	এর	2
ভি৫৫	এর	কাস্টম	2
টা	লাগবে	থাকলে	2
লাগবে	থাকলে	প্লিজ	2
থাকলে	প্লিজ	লিঙ্ক	2
প্লিজ	লিঙ্ক	টা	2
ভাই	লিনাক্সে	করার	2
লিনাক্সে	করার	কোন	2
জানাবেন	প্লিজ	আমি	2
প্লিজ	আমি	নরমাল	2
আমি	নরমাল	ইউজের	2
নরমাল	ইউজের	জন্য	2
ইউজের	জন্য	উইন্ডোজ	2
জন্য	উইন্ডোজ	ওএস	2
উইন্ডোজ	ওএস	চালাই	2
ওএস	চালাই	বাট	2
চালাই	বাট	প্রোডাক্টিভ	2
বাট	প্রোডাক্টিভ	কাজের	2
প্রোডাক্টিভ	কাজের	জন্য	2
কাজের	জন্য	লিনাক্স	2
জন্য	লিনাক্স	ইউজ	2
লিনাক্স	ইউজ	করি	2
করি	তাই	ইউদেমি	2
তাই	ইউদেমি	এটা	2
ইউদেমি	এটা	লিনাক্সে	2
এটা	লিনাক্সে	লাগবে	2
সি	অর	পাইথন	2
অর	পাইথন	দিয়ে	2
পাইথন	দিয়ে	শুরু	2
কি	কোটি	হয়ে	2
কোটি	হয়ে	যেত	2
হয়ে	যেত	এটা	2
যেত	এটা	কেন	2
এটা	কেন	রাখলে	2
কেন	রাখলে	যাই	2
রাখলে	যাই	হোক	2
যাই	হোক	আপনাকে	2
হোক	আপনাকে	অনেক	2
অনেক	ধন্যবাদ	আর	2
ধন্যবাদ	আর	আপনার	2
আর	আপনার	কাছে	2
কাছে	রিকোয়েস্ট	আপনি	2
রিকোয়েস্ট	আপনি	যাওয়া	2
আপনি	যাওয়া	সিম্বিয়া	2
যাওয়া	সিম্বিয়া	নিয়ে	2
সিম্বিয়া	নিয়ে	অনেক	2
নিয়ে	অনেক	বেশি	2
অনেক	বেশি	পোস্ট	2
বেশি	পোস্ট	করবেন	2
আমার	ভিকটিম	মাছে	2
ভিকটিম	মাছে	ঢাকা	2
মাছে	ঢাকা	তাহলে	2
ঢাকা	তাহলে	কেমনে	2
তাহলে	কেমনে	করমু	2
আমি	জিবি	নিলাম	2
এগ	স্টার	রে	2
স্টার	রে	ললিপপ	2
রে	ললিপপ	শো	2
ললিপপ	শো	করে	2
আমি	রাউটারের	কাছে	2
রাউটারের	কাছে	গিয়েও	2
কাছে	গিয়েও	ট্রাই	2
গিয়েও	ট্রাই	করছি	2
করছি	হয়না	এমন	2
হয়না	এমন	অনেকগুলো	2
এমন	অনেকগুলো	আছে	2
অনেকগুলো	আছে	কানেক্ট	2
আছে	কানেক্ট	হয়	2
হয়	না	মোবাইলে	2
না	মোবাইলে	কি	2
মোবাইলে	কি	কোন	2
কি	কোন	সিটিং	2
কোন	সিটিং	করতে	2
সিটিং	করতে	হয়	2
এটা	ভুলার	মত	2
ভুলার	মত	না	2
মত	না	আজকে	2
না	আজকে	আমি	2
আজকে	আমি	খুব	2
আমি	খুব	অকৃত	2
খুব	অকৃত	বোধ	2
অকৃত	বোধ	করতাছিলাম	2
বোধ	করতাছিলাম	এখনো	2
করতাছিলাম	এখনো	করছি	2
গুগল	পে	তে	2
পে	তে	ইউজ	2
তে	ইউজ	করতে	2
করতে	পারব	এই	2
পারব	এই	কার্ড	2
এই	কার্ড	কাইন্ডলি	2
কার্ড	কাইন্ডলি	যদি	2
বলতেন	উপকার	হত	2
গুড	পোস্ট	পাট	2
পোস্ট	পাট	সব	2
পাট	সব	লঞ্চারে	2
সব	লঞ্চারে	সেম	2
লঞ্চারে	সেম	প্রবলেম	2
সেম	প্রবলেম	চার্জ	2
প্রবলেম	চার্জ	হয়	2
চার্জ	হয়	এন্ড	2
হয়	এন্ড	এন্ড	2
এন্ড	এন্ড	নেক্সট	2
এন্ড	নেক্সট	পোস্টে	2
নেক্সট	পোস্টে	টাইটেলের	2
পোস্টে	টাইটেলের	দিকে	2
টাইটেলের	দিকে	আরেকটু	2
দিকে	আরেকটু	লক্ষ্য	2
আরেকটু	লক্ষ্য	রাখবেন	2
হবে	বিকাশের	সুইফ	2
বিকাশের	সুইফ	কোড	2
সুইফ	কোড	টা	2
কোড	টা	গুগল	2
টা	গুগল	থেকে	2
গুগল	থেকে	জেনে	2
থেকে	জেনে	নিবেন	2
জেনে	নিবেন	ডি	2
নিবেন	ডি	বি	2
ডি	বি	এল	2
বি	এল	এর	2
এল	এর	সুইফট	2
এর	সুইফট	ডিবিবিএলবিডিডিবি	2
সুইফট	ডিবিবিএলবিডিডিবি	ইসলামী	2
ডিবিবিএলবিডিডিবি	ইসলামী	ব্যাংকের	2
ইসলামী	ব্যাংকের	সুইফট	2
ব্যাংকের	সুইফট	আইবিবিএল	2
সুইফট	আইবিবিএল	বিডিডিএইচ	2
আইবিবিএল	বিডিডিএইচ	এবার	2
বিডিডিএইচ	এবার	মেবি	2
এবার	মেবি	পাবেন	2
মেবি	পাবেন	ব্যাংক	2
পাবেন	ব্যাংক	একাউন্টের	2
ব্যাংক	একাউন্টের	জায়গাতে	2
একাউন্টের	জায়গাতে	বিকাশ	2
জায়গাতে	বিকাশ	নাম্বার	2
বিকাশ	নাম্বার	বেনিফিশিয়ারি	2
নাম্বার	বেনিফিশিয়ারি	এর	2
বেনিফিশিয়ারি	এর	জায়গায়তে	2
এর	জায়গায়তে	আপনার	2
জায়গায়তে	আপনার	নাম	2
কাস্টম	রুম	ট্রাই	2
রুম	ট্রাই	কর	2
কিভাবে	একটিভ	করবো	2
একটিভ	করবো	প্লিজ	2
করবো	প্লিজ	বল	2
প্লিজ	বল	অন্যভাবে	2
পরে	পারতেছি	না	2
ভাই	চেষ্টা	করতেছি	2
আপনার	নেট	যত	2
নেট	যত	ভালো	2
যত	ভালো	স্পিড	2
ভালো	স্পিড	হবে	2
স্পিড	হবে	তত	2
হবে	তত	ভালো	2
তত	ভালো	কথা	2
ভালো	কথা	বুঝতে	2
কথা	বুঝতে	পারবেন	2
সেই	প্রবলেম	আমারও	2
আচ্ছা	আপনার	হয়তো	2
আপনার	হয়তো	নাই	2
হয়তো	নাই	কিন্তু	2
নাই	কিন্তু	অন্য	2
কিন্তু	অন্য	কারো	2
অন্য	কারো	ঠিকই	2
কারো	ঠিকই	দরকার	2
ঠিকই	দরকার	আছে	2
ভাই	সরি	বাট	2
সরি	বাট	এরকম	2
এরকম	পোস্ট	দিলে	2
দিলে	কি	এডসেন্স	2
কি	এডসেন্স	পাওয়ার	2
এডসেন্স	পাওয়ার	সম্ভাবনা	2
ওই	সাঁতার	তো	2
সাঁতার	তো	হটস্পট	2
তো	হটস্পট	দিয়ে	2
হটস্পট	দিয়ে	শেয়ার	2
দিয়ে	শেয়ার	হয়	2
শেয়ার	হয়	আর	2
হয়	আর	ওইটাও	2
আর	ওইটাও	সেম	2
ওইটাও	সেম	ভাবে	2
সেম	ভাবে	শেয়ার	2
ভাবে	শেয়ার	হবে	2
শেয়ার	হবে	তাইতো	2
হবে	তাইতো	তাহলে	2
তাইতো	তাহলে	বেকার	2
তাহলে	বেকার	বেকার	2
বেকার	বেকার	ঝামেলা	2
বেকার	ঝামেলা	করে	2
ঝামেলা	করে	কি	2
কি	লাভ	আর	2
লাভ	আর	সবচেয়ে	2
আর	সবচেয়ে	কমন	2
সবচেয়ে	কমন	যেটা	2
কমন	যেটা	হল	2
যেটা	হল	শেয়ারইট	2
হল	শেয়ারইট	সবাই	2
শেয়ারইট	সবাই	তাদের	2
সবাই	তাদের	ফোনে	2
তাদের	ফোনে	রাখে	2
ফোনে	রাখে	কয়জন	2
রাখে	কয়জন	এটা	2
কয়জন	এটা	রাখবে	2
এটা	রাখবে	সময়	2
রাখবে	সময়	নষ্ট	2
সময়	নষ্ট	এমবি	2
নষ্ট	এমবি	নষ্ট	2
এমবি	নষ্ট	ছাড়া	2
নষ্ট	ছাড়া	আর	2
আর	কিছুই	না	2
কিছুই	না	থ্যাংকস	2
যদিও	ওই	সময়টা	2
ওই	সময়টা	পার	2
সময়টা	পার	করে	2
পার	করে	চলে	2
করে	চলে	আসছি	2
বুঝতে	পারেননি	কি	2
পারেননি	কি	নিয়ে	2
রামন	ভালো	না	2
তাহলে	তো	বাংলাদেশে	2
তো	বাংলাদেশে	এটার	2
বাংলাদেশে	এটার	কোন	2
এটার	কোন	মানেই	2
কষ্ট	লাগলো	১২	2
লাগলো	১২	টাকা	2
১২	টাকা	৩	2
টাকা	৩	জিবি	2
৩	জিবি	করে	2
জিবি	করে	দিল	2
১০	সেকেন্ডের	মধ্যে	2
ভাই	সাতোশি	কিভাবে	2
সাতোশি	কিভাবে	আরো	2
কিভাবে	আরো	আর্ন	2
আরো	আর্ন	করব	2
আর্ন	করব	বাড়াবো	2
করব	বাড়াবো	কিছু	2
বাড়াবো	কিছু	তো	2
কিছু	তো	দেখলেন	2
তো	দেখলেন	না	2
দেখলেন	না	দ্বিতীয়	2
না	দ্বিতীয়	আমি	2
দ্বিতীয়	আমি	যদি	2
আমি	যদি	এক	2
যদি	এক	পুকুরে	2
এক	পুকুরে	ওয়েবসাইট	2
পুকুরে	ওয়েবসাইট	থেকে	2
থেকে	ডাউনলোড	দেই	2
ডাউনলোড	দেই	কাজ	2
দেই	কাজ	হবেনা	2
কাজ	হবেনা	আশা	2
হবেনা	আশা	করি	2
আশা	করি	২টার	2
করি	২টার	এন্ডস	2
২টার	এন্ডস	দিয়ে	2
এন্ডস	দিয়ে	যাবেন	2
স্পটিফাই	নট	ওয়ার্কিং	2
ইউজার	ভাইয়া	আরেকটা	2
ভাইয়া	আরেকটা	সুযোগ	2
আরেকটা	সুযোগ	দাও	2
সুযোগ	দাও	আমি	2
দাও	আমি	আর	2
আমি	আর	ভুল	2
আর	ভুল	করবোনা	2
ভুল	করবোনা	শিক্ষা	2
করবোনা	শিক্ষা	পেয়ে	2
শিক্ষা	পেয়ে	গেছি	2
পেয়ে	গেছি	প্লিজ	2
গেছি	প্লিজ	আমাকে	2
প্লিজ	আমাকে	আরেকবার	2
আরেকবার	সুযোগ	দাও	2
ভাই	হবে	না	2
হবে	না	যে	2
না	যে	মোবাইল	2
যে	মোবাইল	লাকি	2
মোবাইল	লাকি	প্যাচার	2
হ্যাক	করা	হয়	2
করা	হয়	শুধু	2
শুধু	মাত্র	ওই	2
মাত্র	ওই	মোবাইলে	2
ওই	মোবাইলে	কাজ	2
উপরের	স্ক্রিপ্ট	পাসওয়ার্ড	2
স্ক্রিপ্ট	পাসওয়ার্ড	লিংক	2
পাসওয়ার্ড	লিংক	দেওয়া	2
দেওয়া	আছে	ডাউনলোড	2
আছে	ডাউনলোড	করে	2
কিভাবে	হ্যাক	করব	2
দিয়ে	কিভাবে	আইডি	2
আইডি	কার্ড	করেন	2
কার্ড	করেন	এর	2
করেন	এর	একটা	2
এর	একটা	ভিডিও	2
একটা	ভিডিও	বানাইলে	2
ভিডিও	বানাইলে	ভাল	2
বানাইলে	ভাল	হত	2
এটা	তো	ঠিম	2
তো	ঠিম	না	2
ঠিম	না	তাই	2
না	তাই	কোথায়	2
তাই	কোথায়	গিয়া	2
কোথায়	গিয়া	ফুটার	2
গিয়া	ফুটার	এন্ড	2
ফুটার	এন্ড	হেডার	2
এন্ড	হেডার	এডিট	2
হেডার	এডিট	করবো	2
আপলোড	থেকে	ফাইলের	2
থেকে	ফাইলের	লিঙ্ক	2
ফাইলের	লিঙ্ক	পাবো	2
লিঙ্ক	পাবো	কিভাবে	2
পাবো	কিভাবে	এন্ড	2
কিভাবে	এন্ড	লিঙ্ক	2
এন্ড	লিঙ্ক	শেয়ার	2
লিঙ্ক	শেয়ার	করব	2
শেয়ার	করব	কিভাবে	2
ইউজার	ভাই	এম	2
ভাই	এম	এ	2
এম	এ	কেসো	2
এ	কেসো	পোস্ট	2
কেসো	পোস্ট	করছে	2
পোস্ট	করছে	আমার	2
করছে	আমার	পোস্টগুলো	2
আমার	পোস্টগুলো	পাবলিশ	2
পোস্টগুলো	পাবলিশ	করন	2
পেমেন্ট	নিতে	পারব	2
আপনি	১টা	পোস্ট	2
১টা	পোস্ট	করেও	2
পোস্ট	করেও	অথার	2
অলরেডি	ভিডিও	দের	2
ভিডিও	দের	বেটা	2
দের	বেটা	ভার্সন	2
বেটা	ভার্সন	ইউজ	2
ভার্সন	ইউজ	করতেছি	2
করতেছি	বাট	ভিডিওদের	2
বাট	ভিডিওদের	এখন	2
ভিডিওদের	এখন	আর	2
এখন	আর	জিমেইল	2
আর	জিমেইল	লগইন	2
জিমেইল	লগইন	করা	2
লগইন	করা	যায়	2
ইউজার	ভাই	সব	2
বাট	আমাদের	ছাড়া	2
আমাদের	ছাড়া	আর	2
ছাড়া	আর	কাউকে	2
আর	কাউকে	চোখে	2
কাউকে	চোখে	পড়ল	2
চোখে	পড়ল	না	2
পড়ল	না	আরো	2
না	আরো	অনেকে	2
আরো	অনেকে	ভিডিও	2
অনেকে	ভিডিও	দিছে	2
ভিডিও	দিছে	কোন	2
দিছে	কোন	স্ক্রিনশট	2
কোন	স্ক্রিনশট	বা	2
স্ক্রিনশট	বা	পোস্ট	2
বা	পোস্ট	লেখা	2
পোস্ট	লেখা	ছাড়া	2
লেখা	ছাড়া	তাই	2
ছাড়া	তাই	আপনি	2
তাই	আপনি	শুধু	2
আপনি	শুধু	আমাদেরকে	2
শুধু	আমাদেরকে	কেন	2
আমাদেরকে	কেন	অপমান	2
কেন	অপমান	করলেন	2
অপমান	করলেন	এতটা	2
করলেন	এতটা	এক	2
এতটা	এক	ধরনের	2
এক	ধরনের	দুর্নীতি	2
আমি	জানিনা	তবে	2
জানিনা	তবে	চার্জের	2
তবে	চার্জের	জন্য	2
চার্জের	জন্য	নোকিয়া	2
জন্য	নোকিয়া	২	2
নোকিয়া	২	নিলে	2
২	নিলে	ভালো	2
ভালো	হবে	৪১০০এমএইচ	2
হবে	৪১০০এমএইচ	ব্যাটারি	2
৪১০০এমএইচ	ব্যাটারি	বাট	2
ব্যাটারি	বাট	৪জি	2
বাট	৪জি	নাই	2
৪জি	নাই	আবার	2
নাই	আবার	নোকিয়া	2
আবার	নোকিয়া	১তে	2
নোকিয়া	১তে	চার্জী	2
১তে	চার্জী	আছে	2
চার্জী	আছে	বাট	2
আছে	বাট	ব্যাটারির	2
বাট	ব্যাটারির	২১৫০	2
ব্যাটারির	২১৫০	মানে	2
২১৫০	মানে	নোকিয়া	2
মানে	নোকিয়া	২	2
নোকিয়া	২	এর	2
২	এর	অর্ধেক	2
এর	অর্ধেক	মাত্র	2
চাঁদের	এসএমএস	করেছ	2
এসএমএস	করেছ	অফারটা	2
করেছ	অফারটা	শুধু	2
অফারটা	শুধু	তারাই	2
আপনি	অধর	হলেন	2
অধর	হলেন	কিভাবে	2
হলেন	কিভাবে	এই	2
কিভাবে	এই	পোস্ট	2
আমি	যদি	৯	2
যদি	৯	৫০	2
৯	৫০	এর	2
৫০	এর	আগে	2
এর	আগে	থেকে	2
আগে	থেকে	নেট	2
থেকে	নেট	কানেকশন	2
কানেকশন	অন	রাখি	2
মি	আমার	একটু	2
আমার	একটু	কাজ	2
একটু	কাজ	করার	2
কাজ	করার	ছিল	2
করার	ছিল	এখন	2
ছিল	এখন	আর	2
মি	ইউজার	ভাইয়া	2
গেমটা	অনেক	দারুন	2
কল	বাট	অলরেডি	2
বাট	অলরেডি	ব্যাশিং	2
অলরেডি	ব্যাশিং	বিএল	2
ব্যাশিং	বিএল	কোম্পানি	2
আগে	থেকে	ইন্সটল	2
থেকে	ইন্সটল	করছি	2
থ্যাংকস	ব্রাদার	ইনজয়ে	2
ব্রাদার	ইনজয়ে	ইট	2
হুম	ভাই	করবা	2
এসএস	দেয়ার	মত	2
দেয়ার	মত	কিছু	2
মত	কিছু	নাই	2
কিছু	নাই	না	2
নাই	না	বুঝলে	2
সাথে	কন্ট্রাক্ট	করার	2
কন্ট্রাক্ট	করার	উপায়	2
ইউটিউব	সারলে	কপিরাইট	2
সারলে	কপিরাইট	ধরবে	2
কপিরাইট	ধরবে	কি	2
ভাই	ব্লক	মারলে	2
ব্লক	মারলে	বিজি	2
মারলে	বিজি	দেখায়	2
ভাই	যে	ভাই	2
যে	ভাই	এটা	2
ভাই	এটা	ফোন	2
এটা	ফোন	রিসিভ	2
ফোন	রিসিভ	করলে	2
রিসিভ	করলে	কথা	2
করলে	কথা	বলবে	2
কথা	বলবে	সেই	2
বলবে	সেই	আপনাকে	2
সেই	আপনাকে	সব	2
আপনাকে	সব	বুঝায়	2
সব	বুঝায়	দিবে	2
ফ্রি	নেট	কখন	2
নেট	কখন	দিবেন	2
দিবেন	প্লিজ	বলবেন	2
বলবেন	আপনার	বাসায়	2
আপনার	বাসায়	আছি	2
বাসায়	আছি	প্লিজ	2
আছি	প্লিজ	বলেন	2
২০০৫	নাইস	পোস্ট	2
একটা	১২	ইয়ারের	2
১২	ইয়ারের	জিমেইল	2
ইয়ারের	জিমেইল	দিয়ে	2
জিমেইল	দিয়ে	ইউটিউব	2
ইউটিউব	এ	লগইন	2
এ	লগইন	তাইলে	2
লগইন	তাইলে	ভিডিও	2
তাইলে	ভিডিও	দেখাবে	2
ভিডিও	দেখাবে	না	2
দেখাবে	না	আপনি	2
না	আপনি	ভিডিও	2
আপনি	ভিডিও	দেখতে	2
ভিডিও	দেখতে	পান	2
দেখতে	পান	বিকজ	2
পান	বিকজ	আপনার	2
বিকজ	আপনার	জিমেইল	2
বাট	মেইল	নট	2
মেইল	নট	রিসিভড	2
ভাইয়ের	পোস্ট	লিংক	2
ব্রো	কম	প্লেয়ার	2
কম	প্লেয়ার	পুরোটা	2
প্লেয়ার	পুরোটা	ঢাকতে	2
পুরোটা	ঢাকতে	পারেন	2
ঢাকতে	পারেন	এটা	2
পারেন	এটা	অনেক	2
আচ্ছা	কবে	থেকে	2
কবে	থেকে	বন্ধ	2
থেকে	বন্ধ	করেছে	2
বন্ধ	করেছে	আমি	2
করেছে	আমি	তো	2
আমি	তো	এখনো	2
তো	এখনো	এই	2
এখনো	এই	মেথর	2
এই	মেথর	চালিয়ে	2
মেথর	চালিয়ে	আসছে	2
চালিয়ে	আসছে	নিজ	2
আসছে	নিজ	না	2
নিজ	না	দেখে	2
না	দেখে	কখনো	2
দেখে	কখনো	রং	2
কখনো	রং	কমেন্ট	2
রং	কমেন্ট	করে	2
কমেন্ট	করে	বিজিদের	2
করে	বিজিদের	বিভ্রান্ত	2
বিজিদের	বিভ্রান্ত	করবেন	2
না	আপনি	পুরো	2
আপনি	পুরো	দিন	2
পুরো	দিন	এখনই	2
দিন	এখনই	পোস্ট	2
এখনই	পোস্ট	আনপাবলিশ	2
পোস্ট	আনপাবলিশ	করে	2
আনপাবলিশ	করে	দেব	2
বিন	পারফেক্টলি	ওয়ার্কিং	2
পারফেক্টলি	ওয়ার্কিং	মিস্টার	2
ওয়ার্কিং	মিস্টার	ক্র্যাকার	2
মিস্টার	ক্র্যাকার	লাইফ	2
ক্র্যাকার	লাইফ	কার্ড	2
লাইফ	কার্ড	দিয়ে	2
কার্ড	দিয়ে	কাজ	2
থ্যাংকস	আপনার	গ্রুপের	2
আপনার	গ্রুপের	ও	2
গ্রুপের	ও	নোট	2
ও	নোট	আসবে	2
এই	এপ্স	অনেক	2
এপ্স	অনেক	আগে	2
আগে	ইউজ	করছিলাম	2
ইউজ	করছিলাম	আর	2
করছিলাম	আর	সব	2
আর	সব	পিকচার	2
সব	পিকচার	দেখা	2
পিকচার	দেখা	যেত	2
দেখা	যেত	বাপ	2
যেত	বাপ	মা	2
বাপ	মা	কষার	2
মা	কষার	জালের	2
কষার	জালের	যে	2
জালের	যে	এডিট	2
যে	এডিট	ওটা	2
এডিট	ওটা	চার্জে	2
ওটা	চার্জে	বারোটা	2
চার্জে	বারোটা	বাজিয়ে	2
বারোটা	বাজিয়ে	দিত	2
ভাই	আয়ে	কতগুলা	2
আয়ে	কতগুলা	কি	2
কতগুলা	কি	যখন	2
কি	যখন	পাসওয়ার্ড	2
যখন	পাসওয়ার্ড	ভুলে	2
পাসওয়ার্ড	ভুলে	যাবো	2
ভুলে	যাবো	তখন	2
যাবো	তখন	আয়	2
তখন	আয়	কূড	2
আয়	কূড	মারবো	2
কূড	মারবো	কি	2
ইউজার	ভাই	গ্রামীণফোন	2
ভাই	গ্রামীণফোন	কোম্পানি	2
গ্রামীণফোন	কোম্পানি	হঠাৎ	2
কোম্পানি	হঠাৎ	করে	2
হঠাৎ	করে	এই	2
করে	এই	অফারটা	2
এই	অফারটা	বন্ধ	2
অফারটা	বন্ধ	করে	2
করে	দিয়েছে	আগে	2
দিয়েছে	আগে	ডেলি	2
আগে	ডেলি	১৫	2
ডেলি	১৫	এমবি	2
১৫	এমবি	ফিরিয়ে	2
এমবি	ফিরিয়ে	দিত	2
ফিরিয়ে	দিত	মেয়াদ	2
দিত	মেয়াদ	২	2
মেয়াদ	২	ঘন্টা	2
২	ঘন্টা	এটা	2
ঘন্টা	এটা	সুপারসেল	2
এটা	সুপারসেল	প্যাক	2
সুপারসেল	প্যাক	নামে	2
প্যাক	নামে	পরিচিত	2
না	ভাই	নোবেল	2
ভাই	নোবেল	অঞ্চলের	2
নোবেল	অঞ্চলের	জন্য	2
অঞ্চলের	জন্য	আলাদা	2
জন্য	আলাদা	থিম	2
আলাদা	থিম	থাকতে	2
থিম	থাকতে	পারে	2
পারে	বাট	এটা	2
এটা	শুধু	সিএমএম	2
শুধু	সিএমএম	লঞ্চারের	2
সিএমএম	লঞ্চারের	জন্য	2
মনে	হয়	ট্রিকবিডিতে	2
হয়	ট্রিকবিডিতে	নতুন	2
ট্রিকবিডিতে	নতুন	তাই	2
নতুন	তাই	বুঝতেছেন	2
তাই	বুঝতেছেন	না	2
বুঝতেছেন	না	ফটোটা	2
না	ফটোটা	দেখেন	2
ফটোটা	দেখেন	নাইলে	2
দেখেন	নাইলে	ইউজার	2
নাইলে	ইউজার	নামটা	2
ইউজার	নামটা	চেক	2
নামটা	চেক	করেন	2
চেক	করেন	নিশ্চয়ই	2
করেন	নিশ্চয়ই	সমাধান	2
নিশ্চয়ই	সমাধান	পাবেন	2
হুম	আছি	বাট	2
আছি	বাট	ফ্রি	2
বাট	ফ্রি	নাই	2
বর্তমানে	ফটো	সাবমিট	2
ফটো	সাবমিট	দিল	2
সাবমিট	দিল	আইডি	2
দিল	আইডি	পাওয়ার	2
আইডি	পাওয়ার	সম্ভাবনা	2
পাওয়ার	সম্ভাবনা	কম	2
বিষ্টা	ভিডিও	এরপর	2
ভিডিও	এরপর	থাকে	2
এরপর	থাকে	কি	2
থাকে	কি	অলওয়েজ	2
কি	অলওয়েজ	প্রতি	2
অলওয়েজ	প্রতি	ভিডিওতে	2
প্রতি	ভিডিওতে	পাব	2
ওয়েট	নেক্সট	পোষ্টে	2
নেক্সট	পোষ্টে	ইনশাল্লাহ	2
পোষ্টে	ইনশাল্লাহ	দেবার	2
ইনশাল্লাহ	দেবার	চেষ্টা	2
দেবার	চেষ্টা	করব	2
ভাই	ব্লগের	জন্য	2
ব্লগের	জন্য	চাই	2
জন্য	চাই	ভাই	2
চাই	ভাই	প্লিজ	2
ভাই	প্লিজ	দেন	2
ভাই	বুঝা	যায়	2
যায়	না	প্রথম	2
না	প্রথম	লেখাগুলা	2
অনেক্রিক	আমার	জানা	2
আমার	জানা	ছিল	2
জানা	ছিল	আজ	2
ছিল	আজ	আবার	2
আজ	আবার	দেখলাম	2
আবার	দেখলাম	থ্যাঙ্কস	2
ফসেট	হবে	সাতোশি	2
হবে	সাতোশি	হোলা	2
সাতোশি	হোলা	ডাইরেক্ট	2
হোলা	ডাইরেক্ট	আপনার	2
ডাইরেক্ট	আপনার	বিটকয়েন	2
আপনার	বিটকয়েন	ওয়ালেট	2
বিটকয়েন	ওয়ালেট	নিতে	2
ওয়ালেট	নিতে	পারবেন	2
ফেক	ভাবে	কার্ড	2
ভাবে	কার্ড	এড	2
কার্ড	এড	করার	2
এড	করার	ওয়ে	2
ওয়ে	দেন	প্লিজ	2
হেল্প	প্লিজ	ফেইসবুক	2
ভুয়া	পোস্ট	ফর	2
পোস্ট	ফর	এমবি	2
ফর	এমবি	চেক	2
এমবি	চেক	থেকেই	2
চেক	থেকেই	আমি	2
থেকেই	আমি	নিয়েছি	2
আমি	নিয়েছি	এর	2
নিয়েছি	এর	মেয়াদ	2
মেয়াদ	কিভাবে	বাড়ায়	2
কিভাবে	বাড়ায়	জানাবেন	2
বাড়ায়	জানাবেন	প্লিজ	2
এই	লোকে	ভাবছে	2
লোকে	ভাবছে	যে	2
ভাবছে	যে	এটা	2
যে	এটা	তন্ত্র	2
এটা	তন্ত্র	মন্ত্র	2
তন্ত্র	মন্ত্র	শিক্ষার	2
মন্ত্র	শিক্ষার	বই	2
সেটা	শেয়ার	করলে	2
এয়ার	থাকে	ভালো	2
থাকে	ভালো	গেমস	2
ভালো	গেমস	আছে	2
বলেছেন	ভাই	কোন	2
কোন	পোস্ট	করলে	2
পোস্ট	করলে	বাজে	2
করলে	বাজে	কমেন্ট	2
কমেন্ট	করে	যেমন	2
করে	যেমন	এটা	2
যেমন	এটা	তো	2
এটা	তো	আরও	2
তো	আরও	এক	2
আরও	এক	ইয়ার	2
এক	ইয়ার	আগে	2
থেকেই	জানি	বা	2
জানি	বা	এটা	2
বা	এটা	আগেই	2
এটা	আগেই	পারি	2
আগেই	পারি	এক্সেত্র	2
না	শু	টাকা	2
শু	টাকা	এন্ড	2
টাকা	এন্ড	এম	2
এন্ড	এম	বি	2
এম	বি	হলেও	2
বি	হলেও	চলবে	2
বেঞ্জ	স্পোর্টস	এর	2
স্পোর্টস	এর	ডিটেইলস	2
এর	ডিটেইলস	আর	2
ডিটেইলস	আর	কি	2
আর	কি	লিখব	2
কি	লিখব	আমি	2
লিখব	আমি	যেটা	2
আমি	যেটা	শেয়ার	2
যেটা	শেয়ার	করেছি	2
শেয়ার	করেছি	ওটা	2
করেছি	ওটা	ডিটেলস	2
ওটা	ডিটেলস	দিয়েছি	2
আমি	একটা	ইমেইল	2
একটা	ইমেইল	খুলছি	2
ইমেইল	খুলছি	কিন্তু	2
খুলছি	কিন্তু	আমদের	2
কিন্তু	আমদের	ডে	2
আমদের	ডে	নাই	2
ডে	নাই	এখন	2
এখন	আমি	লগইন	2
আপনি	এত	লাফালাফি	2
এত	লাফালাফি	করেন	2
লাফালাফি	করেন	কেন	2
করেন	কেন	ক্র্যাক	2
কেন	ক্র্যাক	ইউজ	2
ক্র্যাক	ইউজ	আমি	2
ইউজ	আমি	করি	2
আমি	করি	মাথা	2
করি	মাথা	ব্যথা	2
মাথা	ব্যথা	আমার	2
ব্যথা	আমার	আপনার	2
আমার	আপনার	প্রব	2
আপনার	প্রব	কি	2
কি	সব	চিল্লাচিল্লি	2
সব	চিল্লাচিল্লি	গালিগালাজ	2
চিল্লাচিল্লি	গালিগালাজ	কপি	2
গালিগালাজ	কপি	করছে	2
কপি	করছে	কি	2
করছে	কি	হয়েছে	2
কি	হয়েছে	আবালরা	2
হয়েছে	আবালরা	এটার	2
আবালরা	এটার	জন্য	2
এটার	জন্য	ডাইরেক্ট	2
জন্য	ডাইরেক্ট	মা	2
ডাইরেক্ট	মা	তুলে	2
মা	তুলে	গালি	2
তুলে	গালি	তগো	2
গালি	তগো	ঘরে	2
তগো	ঘরে	কি	2
ঘরে	কি	মা	2
কি	মা	বোন	2
মা	বোন	নাই	2
বোন	নাই	নাকি	2
বিকাশ	নগর	থেকে	2
নগর	থেকে	অ্যাডমানি	2
থেকে	অ্যাডমানি	করার	2
অ্যাডমানি	করার	প্রসেস	2
করার	প্রসেস	আছে	2
ইউজার	ভাই	সম্পূর্ণ	2
ভাই	সম্পূর্ণ	আমার	2
আমার	নিজের	তৈরি	2
নিজের	তৈরি	করা	2
তৈরি	করা	পোস্ট	2
করা	পোস্ট	আর	2
পোস্ট	আর	অন্যরকম	2
আর	অন্যরকম	বতে	2
অন্যরকম	বতে	প্লিজ	2
বতে	প্লিজ	আমার	2
প্লিজ	আমার	করা	2
আমার	করা	পোস্টটি	2
করা	পোস্টটি	চেক	2
পোস্টটি	চেক	করে	2
চেক	করে	আপ্রুভ	2
করে	আপ্রুভ	করুন	2
গুড	পোস্ট	বা	2
পোস্ট	বা	ইউজার	2
ডাউনলোড	করেন	হ্যাক	2
করেন	হ্যাক	করা	2
হ্যাক	করা	ক্রেডিট	2
করা	ক্রেডিট	লোড	2
ক্রেডিট	লোড	হবে	2
লোড	হবে	না	2
প্লাগিন	ইউজ	করো	2
এই	যুগে	সবই	2
যুগে	সবই	ইনফরমেশন	2
সবই	ইনফরমেশন	সেল	2
ইনফরমেশন	সেল	করে	2
সেল	করে	কি	2
করে	কি	আর	2
৭	তারিখ	কয়েনের	2
তারিখ	কয়েনের	জন্য	2
কয়েনের	জন্য	পেমেন্ট	2
জন্য	পেমেন্ট	রিকোয়ার্ড	2
পেমেন্ট	রিকোয়ার্ড	মোবাইল	2
রিকোয়ার্ড	মোবাইল	রিচার্জ	2
মোবাইল	রিচার্জ	দিসি	2
রিচার্জ	দিসি	এখনো	2
দিসি	এখনো	পাই	2
ভাই	এগুলা	সবাই	2
সবাই	জানে	ইনকাম	2
জানে	ইনকাম	কম	2
ইনকাম	কম	সারাদিন	2
কম	সারাদিন	কইরা	2
সারাদিন	কইরা	টাকা	2
কইরা	টাকা	লাভ	2
টাকা	লাভ	নাই	2
লাভ	নাই	ইনকাম	2
নাই	ইনকাম	কম	2
না	এমনি	গেমটা	2
এমনি	গেমটা	ক্রাস	2
গেমটা	ক্রাস	আরো	2
ক্রাস	আরো	হ্যাক	2
আরো	হ্যাক	লাগায়া	2
হ্যাক	লাগায়া	খেলে	2
লাগায়া	খেলে	নিজেকে	2
খেলে	নিজেকে	লজ্জিত	2
নিজেকে	লজ্জিত	মনে	2
লজ্জিত	মনে	হয়	2
মনে	হয়	এস	2
এস	এ	গেমার	2
এ	গেমার	বলছি	2
গেমার	বলছি	যারা	2
বলছি	যারা	নোভ	2
যারা	নোভ	লেভেলের	2
নোভ	লেভেলের	নিচে	2
লেভেলের	নিচে	আছে	2
নিচে	আছে	তারাই	2
আছে	তারাই	গেমটা	2
তারাই	গেমটা	হ্যাক	2
গেমটা	হ্যাক	করে	2
হ্যাক	করে	খেলবে	2
অ্যাপটা	না	দরকার	2
আপনার	বুঝিয়ে	লেখা	2
বুঝিয়ে	লেখা	তো	2
লেখা	তো	ভালো	2
তো	ভালো	লেগেছে	2
একটা	না	দরকার	2
আপনার	বুঝিয়ে	লেখাটা	2
বুঝিয়ে	লেখাটা	ভালো	2
লেখাটা	ভালো	লেগেছে	2
গ্রেট	জোকস	ছিল	2
একটা	অ্যাকাউন্টও	লগিন	2
অ্যাকাউন্টও	লগিন	হলো	2
লগিন	হলো	না	2
হলো	না	৩টা	2
না	৩টা	ট্রাই	2
৩টা	ট্রাই	করলাম	2
সিডাব্লিউএম	রিকভারি	আনইন্সটল	2
রিকভারি	আনইন্সটল	করার	2
আনইন্সটল	করার	উপায়	2
আপনার	পরেরটা	পটিজাল	2
পরেরটা	পটিজাল	আর	2
পটিজাল	আর	অনেক	2
আর	অনেক	আনন্দিত	2
আনন্দিত	হচ্ছিলাম	সেই	2
হচ্ছিলাম	সেই	লেভেলের	2
লেভেলের	পোস্ট	লিখছেন	2
পোস্ট	লিখছেন	এই	2
লিখছেন	এই	টাইপের	2
এই	টাইপের	পোস্টের	2
টাইপের	পোস্টের	আশায়	2
পোস্টের	আশায়	ট্রিকবিডিতে	2
আশায়	ট্রিকবিডিতে	আসি	2
ট্রিকবিডিতে	আসি	জাস্ট	2
আসি	জাস্ট	অসাম	2
ভাই	টারমার্কস	দিয়ে	2
টারমার্কস	দিয়ে	ওয়াইফাই	2
করার	পোস্ট	দিতে	2
থ্যাংকস	ভাই	থিমসগুলো	2
ভাই	থিমসগুলো	শেয়ার	2
থিমসগুলো	শেয়ার	করার	2
আপনি	তো	অসাম	2
তো	অসাম	লিখছেন	2
ট্রিকবিডি	এর	ইউজার	2
এর	ইউজার	ভাই	2
ভাই	এখন	ট্রিকবিডি	2
এখন	ট্রিকবিডি	তেমন	2
ট্রিকবিডি	তেমন	ভালো	2
তেমন	ভালো	পোস্ট	2
ভালো	পোস্ট	পাচ্ছি	2
পোস্ট	পাচ্ছি	না	2
পাচ্ছি	না	কেন	2
না	কেন	আগে	2
কেন	আগে	যা	2
আগে	যা	পোস্ট	2
যা	পোস্ট	হলো	2
পোস্ট	হলো	তাই	2
হলো	তাই	ওয়ার্কিং	2
তাই	ওয়ার্কিং	ছিল	2
ওয়ার্কিং	ছিল	বাট	2
ছিল	বাট	এখন	2
বাট	এখন	ওগুলা	2
এখন	ওগুলা	হয়	2
ওগুলা	হয়	না	2
না	একটু	ওয়ার্কিং	2
একটু	ওয়ার্কিং	পোস্ট	2
ওয়ার্কিং	পোস্ট	করলে	2
যখন	এই	অপশন	2
এই	অপশন	চালু	2
অপশন	চালু	হয়	2
হয়	তখন	অনেক	2
তখন	অনেক	প্রসেস	2
অনেক	প্রসেস	ট্রিকবিডিতে	2
প্রসেস	ট্রিকবিডিতে	পোস্ট	2
ট্রিকবিডিতে	পোস্ট	হয়েছিল	2
ললিপপ	এ	কাজ	2
জানি	কপি	পোস্ট	2
কপি	পোস্ট	আপনিও	2
পোস্ট	আপনিও	কি	2
আপনিও	কি	তাইলে	2
কি	তাইলে	বিডি	2
তাইলে	বিডি	এক্সপ্রেস	2
বিডি	এক্সপ্রেস	থেকে	2
এক্সপ্রেস	থেকে	কপি	2
কয়েন	এমনি	এমনি	2
এমনি	এমনি	আসে	2
এমনি	আসে	না	2
পোস্টটা	ভালই	কিন্তু	2
ভালই	কিন্তু	বোঝা	2
কিন্তু	বোঝা	যায়	2
ভাই	আমার	ফাস্ট	2
আমার	ফাস্ট	পোস্টার	2
ফাস্ট	পোস্টার	দেখেন	2
পোস্টার	দেখেন	আপনার	2
দেখেন	আপনার	ক্রেডিটে	2
আপনার	ক্রেডিটে	দিসি	2
কোন	দেশের	আবাল	2
দেশের	আবাল	তুই	2
আবাল	তুই	লুল	2
ঢাকা	বোর্ডের	প্রশ্ন	2
বোর্ডের	প্রশ্ন	পেলে	2
প্রশ্ন	পেলে	অবশ্যই	2
পেলে	অবশ্যই	শেয়ার	2
অবশ্যই	শেয়ার	করবেন	2
ওই	মিয়া	ফইন্নির	2
মিয়া	ফইন্নির	মত	2
ফইন্নির	মত	ভিক্ষা	2
মত	ভিক্ষা	চাইতেছেন	2
ভিক্ষা	চাইতেছেন	কেন	2
চাইতেছেন	কেন	ট্রিকবিডি	2
কেন	ট্রিকবিডি	ভিক্ষার	2
ট্রিকবিডি	ভিক্ষার	জায়গা	2
ভিক্ষার	জায়গা	না	2
জায়গা	না	রাস্তায়	2
না	রাস্তায়	কানা	2
রাস্তায়	কানা	থালি	2
কানা	থালি	নিয়ে	2
থালি	নিয়ে	নামেন	2
নিয়ে	নামেন	অবশ্যই	2
নামেন	অবশ্যই	ভিক্ষা	2
অবশ্যই	ভিক্ষা	পাবেন	2
হ্যাঁ	ভাই	চলবে	2
কুপন	কদ	ছিল	2
হুম	ব্রো	খারাপ	2
ব্রো	খারাপ	কমেন্ট	2
খারাপ	কমেন্ট	করা	2
কমেন্ট	করা	বাদে	2
করা	বাদে	উৎসাহ	2
বাদে	উৎসাহ	দেওয়া	2
উৎসাহ	দেওয়া	ভালো	2
এইবার	করোনার	কারণে	2
করোনার	কারণে	মনে	2
কারণে	মনে	হয়	2
মনে	হয়	কপিরাইট	2
হয়	কপিরাইট	ক্লিন	2
কপিরাইট	ক্লিন	দিচ্ছে	2
ক্লিন	দিচ্ছে	না	2
দিচ্ছে	না	ইউটিউবে	2
আমার	নোকিয়া	এর	2
নোকিয়া	এর	ইউটিউব	2
এর	ইউটিউব	অ্যাপসটা	2
ইউটিউব	অ্যাপসটা	হঠাৎ	2
অ্যাপসটা	হঠাৎ	কাজ	2
হঠাৎ	কাজ	করছে	2
কি	করা	জায়	2
আমাদের	এখানে	কাল	2
এখানে	কাল	বৃষ্টি	2
কাল	বৃষ্টি	হওয়ার	2
হওয়ার	পর	বাংলালিংকে	2
পর	বাংলালিংকে	নেটওয়ার্কের	2
বাংলালিংকে	নেটওয়ার্কের	২জি	2
নেটওয়ার্কের	২জি	ও	2
২জি	ও	নাই	2
ও	নাই	তাই	2
তাই	এখন	জিপি	2
এখন	জিপি	চালাইতেছি	2
থ্যাংকস	ব্রো	আমিও	2
ব্রো	আমিও	জাভা	2
আমিও	জাভা	ফোন	2
জাভা	ফোন	ইউজ	2
পোস্ট	করছিলাম	এখনো	2
করছিলাম	এখনো	পেন্ডিং	2
পেন্ডিং	আছে	তে	2
আছে	তে	কি	2
তে	কি	পোস্ট	2
না	যদি	যায়	2
যদি	যায়	কেউ	2
যায়	কেউ	জানলে	2
জানলে	প্লিজ	আমাকে	2
কানেক্ট	করতে	পারতেছে	2
তো	আমি	টেস্ট	2
আমি	টেস্ট	করে	2
টেস্ট	করে	শেয়ার	2
করে	শেয়ার	করেছি	2
শেয়ার	করেছি	আপনি	2
করেছি	আপনি	প্রবলেমের	2
আপনি	প্রবলেমের	স্ক্রিনশট	2
প্রবলেমের	স্ক্রিনশট	দেন	2
স্ক্রিনশট	দেন	আমি	2
দেন	আমি	আগে	2
আমি	আগে	দেখে	2
আগে	দেখে	সলিউশন	2
দেখে	সলিউশন	দিচ্ছি	2
মিডিয়াতে	দেবেন	দিলে	2
দেবেন	দিলে	একটা	2
দিলে	একটা	ইউআরএল	2
একটা	ইউআরএল	লিংক	2
ইউআরএল	লিংক	পাবেন	2
লিংক	পাবেন	ওইটা	2
পাবেন	ওইটা	করে	2
ওইটা	করে	বসাবেন	2
থ্যাংকস	৪	ইউর	2
৪	ইউর	কমেন্ট	2
আর	কয়েনবেস	থেকে	2
কয়েনবেস	থেকে	বাইট	2
থেকে	বাইট	হবে	2
বাইট	হবে	ব্যাট	2
হবে	ব্যাট	নিলে	2
ব্যাট	নিলে	কি	2
নিলে	কি	ফ্রি	2
কি	ফ্রি	কাটবে	2
ফ্রি	কাটবে	না	2
তোমার	ফেসবুক	আইডি	2
টা	দাও	এফবিতে	2
দাও	এফবিতে	প্রবলেম	2
এফবিতে	প্রবলেম	মা	2
প্রবলেম	মা	বলছি	2
হ্যাঁ	এটা	নিয়ে	2
এটা	নিয়ে	ভিডিও	2
নিয়ে	ভিডিও	বানাবো	2
মানে	নতুন	গিফ	2
নতুন	গিফ	ইমেজ	2
গিফ	ইমেজ	মেঘ	2
ইমেজ	মেঘ	করবো	2
কি	অফিসিয়াল	এন্ড	2
অফিসিয়াল	এন্ড	আপনার	2
এন্ড	আপনার	একটা	2
পোস্ট	লিখতে	কত	2
লিখতে	কত	টাইম	2
এসএস	ছাড়া	পোস্ট	2
ছাড়া	পোস্ট	টা	2
ওয়াইফাই	লাইন	দিয়ে	2
লাইন	দিয়ে	শুধু	2
দিয়ে	শুধু	ফেইসবুক	2
শুধু	ফেইসবুক	আর	2
ফেইসবুক	আর	মেসেঞ্জার	2
আর	মেসেঞ্জার	চলত	2
মেসেঞ্জার	চলত	অন্য	2
চলত	অন্য	কোন	2
কোন	সাইট	গুগল	2
সাইট	গুগল	চলে	2
গুগল	চলে	না	2
চলে	না	এখন	2
না	এখন	আজকে	2
এখন	আজকে	দেখি	2
আজকে	দেখি	ফেসবুক	2
দেখি	ফেসবুক	ওপেন	2
ফেসবুক	ওপেন	হয়	2
না	বাট	মেসেঞ্জার	2
বাট	মেসেঞ্জার	চলে	2
মেসেঞ্জার	চলে	কিভাবে	2
চলে	কিভাবে	সলভ	2
কিভাবে	সলভ	করব	2
থ্যাংকস	ফর	সাগেশন	2
ফর	সাগেশন	ট্রাই	2
সাগেশন	ট্রাই	করবো	2
বিস্তারিত	লিখতে	গেলে	2
গেলে	আমার	আর	2
আমার	আর	কোন	2
আর	কোন	কাজ	2
কোন	কাজ	করতে	2
হবে	না	সারাদিন	2
না	সারাদিন	ট্রিকবিডি	2
সারাদিন	ট্রিকবিডি	নিয়ে	2
ট্রিকবিডি	নিয়ে	পড়ে	2
নিয়ে	পড়ে	থাকতে	2
পড়ে	থাকতে	হবে	2
হবে	আর	বিস্তারিত	2
আর	বিস্তারিত	লিখলেও	2
বিস্তারিত	লিখলেও	আপনি	2
লিখলেও	আপনি	না	2
আপনি	না	বুঝতে	2
না	বুঝতে	পারবেন	2
বুঝতে	পারবেন	অনেক	2
পারবেন	অনেক	কিছু	2
অনেক	কিছু	তাই	2
কিছু	তাই	অন্যের	2
তাই	অন্যের	আশায়	2
অন্যের	আশায়	বসে	2
আশায়	বসে	না	2
বসে	না	থেকে	2
না	থেকে	যে	2
থেকে	যে	বিষয়	2
যে	বিষয়	বুঝেন	2
বিষয়	বুঝেন	না	2
বুঝেন	না	সে	2
না	সে	ব্যাপারে	2
সে	ব্যাপারে	কষ্ট	2
ব্যাপারে	কষ্ট	করে	2
কষ্ট	করে	গুগলে	2
করে	গুগলে	সার্চ	2
সার্চ	করে	নেন	2
ভিকটিমের	ফোনে	ইন্সটল	2
ফোনে	ইন্সটল	দেয়া	2
ইন্সটল	দেয়া	লাগবো	2
দেয়া	লাগবো	অনলাইন	2
লাগবো	অনলাইন	২টাই	2
অনলাইন	২টাই	হবে	2
২টাই	হবে	অনলাইন	2
হবে	অনলাইন	হলে	2
অনলাইন	হলে	আপনাকে	2
হলে	আপনাকে	ইমেইলে	2
আপনাকে	ইমেইলে	জানাবো	2
ইমেইলে	জানাবো	আর	2
জানাবো	আর	অফলাইন	2
আর	অফলাইন	হলে	2
অফলাইন	হলে	মেসেজ	2
ফিস্টপ	ডেট	এর	2
ডেট	এর	দিন	2
এর	দিন	প্রাইস	2
দিন	প্রাইস	নিতে	2
প্রাইস	নিতে	যেই	2
নিতে	যেই	ফরম	2
যেই	ফরম	পূরণ	2
ওইটা	নিয়ে	ট্রিকবিডিতে	2
নিয়ে	ট্রিকবিডিতে	টিউন	2
ট্রিকবিডিতে	টিউন	করুন	2
টিউন	করুন	প্লিজ	2
ইউজার	ভাইয়া	নাইস	2
ভাইয়া	নাইস	অ্যান্ড	2
নাইস	অ্যান্ড	গুড	2
অ্যান্ড	গুড	পোস্ট	2
পোস্ট	ভাই	ভাইয়া	2
ভাই	ভাইয়া	প্লিজ	2
প্লিজ	আপনার	কাছ	2
কাছ	থেকে	রেগুলার	2
আপনার	পোস্টগুলা	ট্রেঞ্জ	2
পোস্টগুলা	ট্রেঞ্জ	না	2
ট্রেঞ্জ	না	ইউটিউব	2
না	ইউটিউব	চ্যানেল	2
ইউটিউব	চ্যানেল	থাকা	2
চ্যানেল	থাকা	হুবহু	2
থাকা	হুবহু	কপি	2
হুবহু	কপি	করে	2
গুড	ভাই	বাট	2
বাট	আমি	একটা	2
আমি	একটা	বিষয়	2
বিষয়	জানতে	চাচ্ছি	2
জানতে	চাচ্ছি	যেমন	2
চাচ্ছি	যেমন	ডরেন	2
যেমন	ডরেন	একবার	2
ডরেন	একবার	এডসেন্স	2
একবার	এডসেন্স	নিয়ে	2
এডসেন্স	নিয়ে	পোস্ট	2
পোস্ট	হইছে	বাট	2
হইছে	বাট	আবার	2
বাট	আবার	ওই	2
আবার	ওই	টপিক	2
ওই	টপিক	নিয়ে	2
করলে	কি	টুনার	2
কি	টুনার	পদ	2
টুনার	পদ	বাতিল	2
পদ	বাতিল	করা	2
বাতিল	করা	হবে	2
ব্রো	আরএস৫	অ্যাড	2
আরএস৫	অ্যাড	করাতে	2
অ্যাড	করাতে	পারবেন	2
ভাই	নকিয়া	১	2
নকিয়া	১	ভোল	2
১	ভোল	প্লাস	2
ভোল	প্লাস	পাওয়ার	2
প্লাস	পাওয়ার	রিকভারি	2
পাওয়ার	রিকভারি	মোড	2
রিকভারি	মোড	আছে	2
মোড	আছে	না	2
আছে	না	হেল্প	2
ইউজার	ভাই	হ্যাঁ	2
ভাই	হ্যাঁ	প্রবলেম	2
হ্যাঁ	প্রবলেম	তো	2
প্রবলেম	তো	হবেই	2
এটা	বেস	গেম	2
বেস	গেম	কন্ট্রোল	2
গেম	কন্ট্রোল	ঠিক	2
কন্ট্রোল	ঠিক	নাই	2
ঠিক	নাই	গুগল	2
নাই	গুগল	প্লে	2
গুগল	প্লে	রেটিং	2
প্লে	রেটিং	আর	2
রেটিং	আর	আপনি	2
আর	আপনি	লিখছেন	2
তা	আপনার	ফুল	2
আপনার	ফুল	স্ক্রিনশট	2
ফুল	স্ক্রিনশট	দিয়ে	2
গাজীপুরে	চলে	যাবে	2
চলে	যাবে	কার্ড	2
আমি	আমি	মজিলা	2
আমি	মজিলা	দিয়ে	2
মজিলা	দিয়ে	ইউজ	2
করছি	বাট	পিসিএন	2
বাট	পিসিএন	মোবাইল	2
পিসিএন	মোবাইল	অ্যাপস	2
মোবাইল	অ্যাপস	একরকম	2
অ্যাপস	একরকম	তো	2
একরকম	তো	শো	2
তো	শো	করতেছে	2
শো	করতেছে	না	2
করতেছে	না	আসছে	2
না	আসছে	আগে	2
আসছে	আগে	ট্রেনিং	2
আগে	ট্রেনিং	দিন	2
সেইম	জিমেইল	ডিউ	2
জিমেইল	ডিউ	ফোন	2
ডিউ	ফোন	লগইন	2
তো	একটা	অ্যাপ	2
একটা	অ্যাপ	দিতে	2
অ্যাপ	দিতে	পারবেন	2
দিতে	পারবেন	নাম্বার	2
পারবেন	নাম্বার	হাইড	2
হাইড	করে	এসএমএস	2
করে	এসএমএস	করা	2
এসএমএস	করা	যাবে	2
আমি	দেশী	মেয়ে	2
দেশী	মেয়ে	করতে	2
মেয়ে	করতে	পারি	2
পারি	না	স্মোক	2
না	স্মোক	কেউ	2
স্মোক	কেউ	ডিজাইন	2
কেউ	ডিজাইন	করে	2
ডিজাইন	করে	দিবেন	2
ফোন	তো	কোন	2
তো	কোন	ঝামেলা	2
কোন	ঝামেলা	ছাড়াই	2
ঝামেলা	ছাড়াই	এর	2
ছাড়াই	এর	ইন্সটল	2
এর	ইন্সটল	করা	2
করা	আছে	আর	2
আছে	আর	ভাই	2
আর	ভাই	রুট	2
রুট	ছাড়া	টার্ক	2
ছাড়া	টার্ক	পিসি	2
টার্ক	পিসি	দিয়ে	2
দিয়ে	কিভাবে	ইন্সটল	2
ইন্সটল	করব	একটু	2
করব	একটু	বলতে	2
একটু	বলতে	পারেন	2
আমার	চারটা	সিমে	2
চারটা	সিমে	ট্রাই	2
সিমে	ট্রাই	করছি	2
ট্রাই	করছি	পাই	2
করছি	পাই	নাই	2
একটিভ	না	করার	2
না	করার	কারণে	2
করার	কারণে	ওয়ার্নিং	2
কারণে	ওয়ার্নিং	এ	2
ওয়ার্নিং	এ	পড়ছে	2
কাছে	এই	মডেলের	2
এই	মডেলের	মোবাইল	2
মডেলের	মোবাইল	না	2
মোবাইল	না	থাকায়	2
না	থাকায়	দিতে	2
থাকায়	দিতে	পারব	2
পারব	না	আফটার	2
না	আফটার	অল	2
আফটার	অল	ট্রাই	2
অল	ট্রাই	না	2
ট্রাই	না	করলে	2
না	করলে	কোন	2
করলে	কোন	কিছু	2
কোন	কিছু	দেয়া	2
কিছু	দেয়া	ঠিক	2
ঠিক	না	আপনি	2
করে	দেখুন	হয়তো	2
দেখুন	হয়তো	পেয়ে	2
ভাই	পপ	সলতে	2
পপ	সলতে	১৫	2
সলতে	১৫	থেকে	2
১৫	থেকে	ভিপিএন	2
কানেক্ট	করে	এখন	2
করে	এখন	২১	2
এখন	২১	বা	2
২১	বা	যদি	2
বা	যদি	কয়েন	2
যদি	কয়েন	তো	2
কয়েন	তো	পেলাম	2
পেলাম	না	এর	2
না	এর	কি	2
কি	কোন	সলিউশন	2
কোন	সলিউশন	আছে	2
আপনার	লিংক	কাজ	2
করে	না	পোস্টটি	2
না	পোস্টটি	নির্ভুল	2
পোস্টটি	নির্ভুল	ভাবে	2
নির্ভুল	ভাবে	দেখতে	2
ভাবে	দেখতে	মুভিতে	2
দেখতে	মুভিতে	যান	2
মুভিতে	যান	স্পেস	2
যান	স্পেস	গুলা	2
স্পেস	গুলা	কেটে	2
গুলা	কেটে	দিবেন	2
ওয়াপকা	সম্বন্ধে	অনেক	2
সম্বন্ধে	অনেক	অভিজ্ঞতা	2
অনেক	অভিজ্ঞতা	আছে	2
অভিজ্ঞতা	আছে	ভাই	2
আছে	ভাই	ফোরাম	2
ভাই	ফোরাম	বাট	2
ফোরাম	বাট	এখন	2
ভাই	১৩	নাম্বারে	2
১৩	নাম্বারে	প্রবলেম	2
নাম্বারে	প্রবলেম	হচ্ছে	2
প্রবলেম	হচ্ছে	কি	2
হচ্ছে	কি	করতে	2
কি	রে	কেমন	2
রে	কেমন	আসেস	2
পোস্ট	ভাই	অসাম	2
এটা	২০১৮	সালের	2
অ্যাপেল	কয়টা	ডাউনলোড	2
কয়টা	ডাউনলোড	নড়তে	2
ডাউনলোড	নড়তে	হবে	2
যারা	আমাকে	লাইক	2
আমাকে	লাইক	করে	2
লাইক	করে	আমি	2
করে	আমি	তাদের	2
আমি	তাদের	হেল্প	2
তাদের	হেল্প	করি	2
হেল্প	করি	না	2
ইউটিউব	নিউ	আপডেট	2
নিউ	আপডেট	এনেসে	2
আপডেট	এনেসে	এই	2
এনেসে	এই	কারণে	2
এই	কারণে	এমন	2
কারণে	এমন	হসসে	2
এমন	হসসে	বাট	2
হসসে	বাট	প্রবলেম	2
বাট	প্রবলেম	নেই	2
প্রবলেম	নেই	এক	2
নেই	এক	দিনের	2
এক	দিনের	ভিতরে	2
দিনের	ভিতরে	আর	2
ভিতরে	আর	একটা	2
আর	একটা	নিউ	2
একটা	নিউ	পোস্ট	2
নিউ	পোস্ট	দিব	2
১০০০	সার্চ	করলে	2
সার্চ	করলে	পাব	2
করলে	পাব	নাকি	2
পাব	নাকি	১০০	2
নাকি	১০০	টা	2
১০০	টা	সার্চ	2
টা	সার্চ	করলে	2
ব্রো	কেউ	আমাকে	2
কেউ	আমাকে	পারফেক্ট	2
আমাকে	পারফেক্ট	একটা	2
পারফেক্ট	একটা	পেপাল	2
পেপাল	একাউন্ট	খোলার	2
একাউন্ট	খোলার	ওয়ে	2
খোলার	ওয়ে	বলে	2
ওয়ে	বলে	দেন	2
বলে	দেন	এর	2
দেন	এর	আগে	2
আগে	একাউন্ট	খুলছিলাম	2
একাউন্ট	খুলছিলাম	সবগুলাই	2
খুলছিলাম	সবগুলাই	প্রোপার	2
সবগুলাই	প্রোপার	ওয়েতে	2
প্রোপার	ওয়েতে	খুলছিলাম	2
ওয়েতে	খুলছিলাম	পেয়েওনিয়ের	2
খুলছিলাম	পেয়েওনিয়ের	ব্যাংক	2
পেয়েওনিয়ের	ব্যাংক	একাউন্ট	2
একাউন্ট	দিয়ে	ভেরিফাই	2
ভেরিফাই	ও	করছিলাম	2
ও	করছিলাম	বাট	2
করছিলাম	বাট	অ্যাকাউন্ট	2
বাট	অ্যাকাউন্ট	লিমিটেড	2
অ্যাকাউন্ট	লিমিটেড	হাবিজাবি	2
লিমিটেড	হাবিজাবি	দেখায়	2
হাবিজাবি	দেখায়	মেজাজটাই	2
দেখায়	মেজাজটাই	গরম	2
মেজাজটাই	গরম	হেল্প	2
গরম	হেল্প	মি	2
মি	প্লিজ	এনবি	2
প্লিজ	এনবি	আমার	2
এনবি	আমার	ক্রেডিট	2
আমার	ক্রেডিট	কার্ড	2
আসলে	আমি	এখনো	2
আমি	এখনো	এই	2
এখনো	এই	টিকে	2
এই	টিকে	কাজ	2
টিকে	কাজ	করি	2
কাজ	করি	নি	2
করি	নি	তাই	2
নি	তাই	জানতে	2
তাই	জানতে	চাচ্ছি	2
ওইটা	কেউ	বলবেনা	2
কেউ	বলবেনা	বাকিটা	2
বলবেনা	বাকিটা	আপনার	2
বাকিটা	আপনার	ইস্সা	2
আপনার	ইস্সা	বাট	2
ইস্সা	বাট	এতটা	2
বাট	এতটা	ডাউনলোডড	2
এতটা	ডাউনলোডড	করানো	2
ডাউনলোডড	করানো	ইমপসিবল	2
হ্যাক	করতে	কি	2
করতে	কি	তিনটা	2
কি	তিনটা	অ্যাপ	2
তিনটা	অ্যাপ	লাগবি	2
অ্যাপ	লাগবি	নাকি	2
লাগবি	নাকি	যে	2
কোন	একটা	ইউজ	2
একটা	ইউজ	করলেল	2
ইউজ	করলেল	হবে	2
মামুর	বাড়ি	গেলাম	2
বাড়ি	গেলাম	বাংলাদেশে	2
গেলাম	বাংলাদেশে	ঘুরে	2
বাংলাদেশে	ঘুরে	পোস্টা	2
ঘুরে	পোস্টা	পড়ে	2
পোস্টা	পড়ে	মনে	2
পড়ে	মনে	হল	2
মনে	হল	টু	2
হল	টু	সেটিং	2
টু	সেটিং	অ্যাকাউন্ট	2
সেটিং	অ্যাকাউন্ট	সেটিং	2
অ্যাকাউন্ট	সেটিং	ক্লিক	2
সেটিং	ক্লিক	গুগল	2
ক্লিক	গুগল	কাজ	2
গুগল	কাজ	শেষ	2
প্রমো	কোডটা	কি	2
কোডটা	কি	ওইটা	2
কি	ওইটা	না	2
ওইটা	না	দিলে	2
দিলে	কি	রেফার	2
কি	রেফার	বোনাস	2
রেফার	বোনাস	পাব	2
বোনাস	পাব	যদি	2
পাব	যদি	ডিরেক্ট	2
যদি	ডিরেক্ট	ইনক	2
ডিরেক্ট	ইনক	দিয়ে	2
ইনক	দিয়ে	জয়েন	2
দিয়ে	জয়েন	হয়	2
জয়েন	হয়	আর	2
হয়	আর	ডিরেক্ট	2
ডিরেক্ট	লিংক	দিয়ে	2
লিংক	দিয়ে	জয়েন	2
দিয়ে	জয়েন	হলেও	2
জয়েন	হলেও	প্রোমো	2
হলেও	প্রোমো	কোড	2
প্রোমো	কোড	চায়	2
এ	বোনাস	ইন্টারনেট	2
বোনাস	ইন্টারনেট	দেখা	2
ইন্টারনেট	দেখা	যায়	2
যায়	আর	মেয়াদ	2
আর	মেয়াদ	ফ্লেক্সিপ্ল্যান	2
মেয়াদ	ফ্লেক্সিপ্ল্যান	বা	2
ফ্লেক্সিপ্ল্যান	বা	কোন	2
বা	কোন	কিছু	2
কোন	কিছু	দিয়ে	2
কিছু	দিয়ে	বাড়ানো	2
দিয়ে	বাড়ানো	যায়	2
যায়	না	তবে	2
না	তবে	যেভাবে	2
তবে	যেভাবে	বোনাস	2
যেভাবে	বোনাস	পেয়েছিলেন	2
বোনাস	পেয়েছিলেন	ওই	2
পেয়েছিলেন	ওই	কাজটা	2
ওই	কাজটা	আবার	2
কাজটা	আবার	করেন	2
আবার	করেন	মেয়াদ	2
করেন	মেয়াদ	বাড়তে	2
মেয়াদ	বাড়তে	পারে	2
তিনটা	ফোন	কাজ	2
ফোন	কাজ	করছি	2
কাজ	করছি	করেই	2
করছি	করেই	কাজ	2
করেই	কাজ	হইছে	2
রিয়েল	মি	এক্স২	2
মি	এক্স২	প্রো	2
এক্স২	প্রো	নিয়ে	2
প্রো	নিয়ে	কিছু	2
নিয়ে	কিছু	বইলেন	2
আর	ইউ	শিওর	2
ইউ	শিওর	অনেক	2
শিওর	অনেক	ট্রাই	2
করছি	এখন	দেখি	2
এখন	দেখি	কি	2
সুদর	হইছে	নাইস	2
হইছে	নাইস	পোস্ট	2
ভাই	মাস্টারকার্ডের	জন্য	2
মাস্টারকার্ডের	জন্য	এপ্লাই	2
জন্য	এপ্লাই	করার	2
এপ্লাই	করার	পোস্ট	2
আপডেট	চাইছিল	তো	2
চাইছিল	তো	ডিসি	2
নিউ	অথর	গুড	2
অথর	গুড	পোস্ট	2
গুড	পোস্ট	চালিয়া	2
পোস্ট	চালিয়া	যাও	2
কি	ভ্যাবা	ডাউনলোড	2
ভ্যাবা	ডাউনলোড	করবো	2
ডাউনলোড	করবো	ব্রো	2
করবো	ব্রো	অক্টু	2
ব্রো	অক্টু	বোলান	2
পিসিতে	কিভাবে	ইউজ	2
ইউজ	করব	সমভোব	2
করব	সমভোব	হলে	2
সমভোব	হলে	একটা	2
হলে	একটা	টিউটোরিয়াল	2
থ্যাংকস	পরের	পার্ট	2
পরের	পার্ট	গুলোর	2
পার্ট	গুলোর	জন্য	2
গুলোর	জন্য	লাভস্পট	2
জন্য	লাভস্পট	এমএল	2
এমএল	এর	সাথে	2
এর	সাথে	থাকন	2
প্লিজ	৬	পোস্ট	2
৬	পোস্ট	ট্রেইনার	2
পোস্ট	ট্রেইনার	রিকোয়েস্ট	2
রিকোয়েস্ট	করছি	অনেকদিন	2
করছি	অনেকদিন	হলো	2
অনেকদিন	হলো	বাট	2
হলো	বাট	এখনো	2
বাট	এখনো	পোস্ট	2
এখনো	পোস্ট	পাবলিস্ট	2
পোস্ট	পাবলিস্ট	হচ্ছে	2
পাবলিস্ট	হচ্ছে	না	2
হচ্ছে	না	ট্রেইনারও	2
না	ট্রেইনারও	হতে	2
ট্রেইনারও	হতে	পারলাম	2
পারলাম	না	প্লিজ	2
না	প্লিজ	আমকে	2
প্লিজ	আমকে	ট্রেনার	2
আমকে	ট্রেনার	করেন	2
ট্রিকবিডিতে	আমি	২০১২	2
আমি	২০১২	থেকে	2
২০১২	থেকে	আছি	2
থেকে	আছি	আপনার	2
আছি	আপনার	মত	2
আপনার	মত	এমন	2
মত	এমন	ফ্রি	2
এমন	ফ্রি	নেট	2
ফ্রি	নেট	দিয়া	2
নেট	দিয়া	ব্যবসা	2
দিয়া	ব্যবসা	করার	2
ব্যবসা	করার	লোক	2
করার	লোক	কম	2
লোক	কম	দেখসি	2
এটা	আমার	জানা	2
জানা	নাই	জানতে	2
নাই	জানতে	পারলে	2
জানতে	পারলে	অবশ্যই	2
পারলে	অবশ্যই	পোস্ট	2
অবশ্যই	পোস্ট	করব	2
এর	মেয়াদ	৭	2
৭	দিন	বাট	2
দিন	বাট	রবিতে	2
বাট	রবিতে	ওইটাকে	2
রবিতে	ওইটাকে	২৮	2
ওইটাকে	২৮	দিন	2
দিন	মেয়াদ	দিতেছে	2
সবই	দেওয়া	কার্ড	2
দেওয়া	কার্ড	ইনফোতে	2
কার্ড	ইনফোতে	নাই	2
ইনফোতে	নাই	নিজের	2
নাই	নিজের	কার্ড	2
নিজের	কার্ড	নিজে	2
কার্ড	নিজে	অ্যাড	2
নিজে	অ্যাড	করে	2
অ্যাড	করে	নিবেন	2
রবিতে	আমি২	কালকে	2
আমি২	কালকে	করলাম	2
কালকে	করলাম	আমাকে	2
করলাম	আমাকে	তো	2
আমাকে	তো	অনলি	2
তো	অনলি	৫০	2
অনলি	৫০	টাকা	2
৫০	টাকা	দিছে	2
জানলে	ভালো	ভাই	2
বো	লিংকটা	এখানে	2
লিংকটা	এখানে	একটু	2
এখানে	একটু	দেবেন	2
অসম্ভব	পিকচার	আসতেছে	2
পিকচার	আসতেছে	থ্যাংক	2
আসতেছে	থ্যাংক	ইউ	2
ইউ	ব্রো	তবে	2
ব্রো	তবে	ফেইসটা	2
তবে	ফেইসটা	একটু	2
ফেইসটা	একটু	ইয়েলো	2
একটু	ইয়েলো	আসতে	2
আইডি	খুলে	সবারই	2
খুলে	সবারই	দুই	2
সবারই	দুই	তিন	2
তিন	দিন	চলে	2
দিন	চলে	কিন্তু	2
চলে	কিন্তু	তারপরে	2
কিন্তু	তারপরে	আর	2
তারপরে	আর	চলে	2
চলে	না	এটা	2
এটা	একটা	ফালতু	2
অ্যান্ড্রয়েড	এ	চলবে	2
এ	চলবে	মজা	2
চলবে	মজা	করলাম	2
এক	সিমে	দুইবার	2
সিমে	দুইবার	হবে	2
দুইবার	হবে	দুইটা	2
হবে	দুইটা	ডিভাইস	2
দুইটা	ডিভাইস	থেকে	2
ডিভাইস	থেকে	হইলে	2
থেকে	হইলে	হবে	2
ইউজার	ব্রো	ফোনের	2
ব্রো	ফোনের	চেপস্ট	2
ফোনের	চেপস্ট	এমটিকে	2
চেপস্ট	এমটিকে	কোথা	2
এমটিকে	কোথা	পাবো	2
ভালো	হতো	গেম	2
হতো	গেম	সম্পর্কে	2
গেম	সম্পর্কে	দারণা	2
সম্পর্কে	দারণা	পেতাম	2
কি	লাভ	কি	2
লাভ	কি	ক্ষতি	2
কি	ক্ষতি	অ্যান্ড	2
ক্ষতি	অ্যান্ড	রুট	2
অ্যান্ড	রুট	করলে	2
করলে	কি	মোবাইলের	2
কি	মোবাইলের	সবকিছু	2
মোবাইলের	সবকিছু	কেটে	2
সবকিছু	কেটে	যাভে	2
কারো	কাছে	পাসওয়ার্ড	2
কাছে	পাসওয়ার্ড	থাকলে	2
এইগুলা	নিয়ে	পোস্ট	2
পোস্ট	আছে	আগে	2
আছে	আগে	থেকে	2
সিম	দিয়ে	এফ	2
দিয়ে	এফ	বি	2
এফ	বি	আইডি	2
বি	আইডি	দাও	2
আইডি	দাও	তো	2
আপনার	ট্রিক্সটাতে	একটা	2
ট্রিক্সটাতে	একটা	জায়গায়	2
একটা	জায়গায়	ভুল	2
জায়গায়	ভুল	ছিল	2
ভুল	ছিল	ট্রাই	2
ছিল	ট্রাই	চলছিল	2
ট্রাই	চলছিল	না	2
পর	ট্রিকবিডিতে	একটা	2
ট্রিকবিডিতে	একটা	হেব্বি	2
একটা	হেব্বি	পোস্ট	2
হেব্বি	পোস্ট	পেলাম	2
পোস্ট	পেলাম	থ্যাংক	2
পেলাম	থ্যাংক	ইউ	2
কমেন্টে	এড	দিতে	2
এড	দিতে	হবে	2
না	আপনার	হ্যাকেরম্যান	2
কম	টাকে	অনেক	2
টাকে	অনেক	কিছু	2
অনেক	কিছু	অফার	2
হুম	থ্যাংকস	ট্রাই	2
শুধু	যারা	এফবি	2
যারা	এফবি	ব্যবহার	2
এফবি	ব্যবহার	করে	2
করে	তাদের	পিক	2
তাদের	পিক	আসবে	2
ওক্বে	থ্যাংকস	ব্রো	2
ভাই	আমার	ছোট	2
ছোট	ভাইয়ের	জিমেইল	2
ভাইয়ের	জিমেইল	টা	2
টা	হ্যাক	হয়েছে	2
হ্যাক	হয়েছে	আপনি	2
হয়েছে	আপনি	ওইটা	2
আপনি	ওইটা	আয়না	2
ওইটা	আয়না	দেতে	2
আয়না	দেতে	পারবেন	2
ব্রো	চালিয়ে	জান	2
চালিয়ে	জান	অল	2
জান	অল	পার্ট	2
পার্ট	দেবেন	ওকে	2
কোন	টাকা	আসলো	2
আসলো	না	ব্রো	2
এট	সবার	জন্য	2
যারা	এসএমএস	পাবে	2
পারে	অথবা	সাপলাই	2
অথবা	সাপলাই	য়ে	2
সাপলাই	য়ে	প্রবলেম	2
য়ে	প্রবলেম	আছে	2
পোস্ট	ভাই	কিন্তু	2
ভাই	কিন্তু	হালি	2
কিন্তু	হালি	কম্প্রেসড	2
হালি	কম্প্রেসড	এমবি	2
কম্প্রেসড	এমবি	এর	2
এর	ভিতর	দেতে	2
ভিতর	দেতে	পারলে	2
দেতে	পারলে	ডাউনলোড	2
পারলে	ডাউনলোড	করতাম	2
ডাউনলোড	করতাম	পারলে	2
করতাম	পারলে	ভাই	2
পারলে	ভাই	এমবি	2
এমবি	এর	ভেতর	2
এর	ভেতর	দেন	2
ভেতর	দেন	প্লিজ	2
এটা	দেখেন	পিসি	2
দেখেন	পিসি	গেমস	2
করবেন	আমার	ফোনের	2
আমার	ফোনের	কেকও	2
ফোনের	কেকও	অ্যাপে	2
কেকও	অ্যাপে	ঢুকা	2
অ্যাপে	ঢুকা	যায়	2
যায়	না	প্লে	2
স্টোরে	ঢুকতে	পারেনা	2
ঢুকতে	পারেনা	আমি	2
পারেনা	আমি	এখন	2
আমি	এখন	কে	2
এখন	কে	করব	2
আপনি	যেভাবে	পোস্ট	2
যেভাবে	পোস্ট	করছেন	2
পোস্ট	করছেন	এইভাবে	2
করছেন	এইভাবে	ব্ল্যাংক	2
এইভাবে	ব্ল্যাংক	আইডি	2
ব্ল্যাংক	আইডি	করলে	2
আইডি	করলে	ব্রাউজারে	2
করলে	ব্রাউজারে	শো	2
ব্রাউজারে	শো	না	2
শো	না	করলেও	2
না	করলেও	মেসেঞ্জারে	2
করলেও	মেসেঞ্জারে	নেম	2
মেসেঞ্জারে	নেম	সো	2
নেম	সো	করে	2
সো	করে	এম	2
করে	এম	রিয়েল	2
এম	রিয়েল	ঘোস্ট	2
রিয়েল	ঘোস্ট	আমার	2
ঘোস্ট	আমার	আইডিতে	2
আমার	আইডিতে	ঘুরে	2
আইডিতে	ঘুরে	আসতে	2
আসতে	পারেন	ফুল	2
পারেন	ফুল	ব্ল্যাঙ্ক	2
ফুল	ব্ল্যাঙ্ক	কোথাও	2
ব্ল্যাঙ্ক	কোথাও	শো	2
কোথাও	শো	করবে	2
শো	করবে	কার্ড	2
করবে	কার্ড	দিয়ে	2
কার্ড	দিয়ে	করসি	2
ইন্সটল	থাকলে	এই	2
থাকলে	এই	অ্যাপ	2
এই	অ্যাপ	চালাতে	2
ইউজার	ভাই	আর	2
ভাই	আর	আগের	2
আর	আগের	ইউজার	2
ইউজার	ভাই	নাই	2
ভাই	নাই	যদি	2
নাই	যদি	থাকতো	2
যদি	থাকতো	তাহলে	2
থাকতো	তাহলে	হয়তো	2
তাহলে	হয়তো	টেকটিউন্স	2
হয়তো	টেকটিউন্স	এর	2
টেকটিউন্স	এর	সাথে	2
এর	সাথে	ট্রিকবিডি	2
সাথে	ট্রিকবিডি	পাল্লা	2
ট্রিকবিডি	পাল্লা	দিত	2
পাল্লা	দিত	এতদিন	2
দিত	এতদিন	বাট	2
এতদিন	বাট	এখন	2
এখন	তো	সব	2
তো	সব	সেষ	2
নাকি	ভাই	ভালো	2
ভাই	ভালো	মতলব	2
ভালো	মতলব	১	2
মতলব	১	জিবি	2
১	জিবি	পাওয়ার	2
জিবি	পাওয়ার	জন্য	2
ভাই	আগের	চেয়ে	2
আগের	চেয়ে	খারাপ	2
চেয়ে	খারাপ	বলতে	2
খারাপ	বলতে	যেহেতু	2
বলতে	যেহেতু	এখনকার	2
যেহেতু	এখনকার	রেগুলার	2
এখনকার	রেগুলার	রিডার	2
রেগুলার	রিডার	আমি	2
রিডার	আমি	সো	2
আমি	সো	আমি	2
সো	আমি	দেখি	2
আমি	দেখি	যে	2
দেখি	যে	কোন	2
যে	কোন	পোস্টটা	2
কোন	পোস্টটা	কতবার	2
পোস্টটা	কতবার	করা	2
কতবার	করা	হচ্ছে	2
করা	হচ্ছে	ট্রিকবিডিতে	2
হচ্ছে	ট্রিকবিডিতে	ভাই	2
ট্রিকবিডিতে	ভাই	আছে	2
ভাই	আছে	ভাই	2
আছে	ভাই	এবিলিটি	2
ভাই	এবিলিটি	বাট	2
এবিলিটি	বাট	মনের	2
বাট	মনের	জোর	2
মনের	জোর	পাই	2
জোর	পাই	না	2
পাই	না	কারণ	2
না	কারণ	ভালো	2
কারণ	ভালো	রাইটার	2
ভালো	রাইটার	নয়	2
রাইটার	নয়	এবং	2
নয়	এবং	একবার	2
এবং	একবার	ট্রেইনার	2
একবার	ট্রেইনার	রেট	2
ট্রেইনার	রেট	করার	2
রেট	করার	পর	2
করার	পর	বাদ	2
পর	বাদ	হলে	2
বাদ	হলে	হতাশ	2
হলে	হতাশ	হয়ে	2
হতাশ	হয়ে	যায়	2
যায়	তাই	আর	2
তাই	আর	করিনি	2
পেপাল	বাদে	হবে	2
বাদে	হবে	না	2
ড্রাইভার	বুস্টার	নিয়ে	2
বুস্টার	নিয়ে	ট্রিকবিডি	2
ট্রিকবিডি	তে	কিছুদিন	2
তে	কিছুদিন	আগে	2
কিছুদিন	আগে	এক	2
আগে	এক	বড়	2
বড়	ভাই	পোস্ট	2
ভাই	পোস্ট	করেছে	2
পোস্ট	করেছে	আপনি	2
করেছে	আপনি	ওই	2
আপনি	ওই	পোস্টটি	2
ওই	পোস্টটি	দেখতে	2
পোস্টটি	দেখতে	পারেন	2
পারতেছি	না	হেল্প	2
মি	প্লিজ	কিভাবে	2
প্লিজ	কিভাবে	ডাউনলোড	2
আমাকে	মেসেঞ্জারে	মেসেজ	2
মেসেঞ্জারে	মেসেজ	দিন	2
ফোন	দিয়ে	থেকে	2
দিয়ে	থেকে	সাইনআপ	2
থেকে	সাইনআপ	করার	2
সাইনআপ	করার	পর	2
করার	পর	ওয়ার্ডপ্রেস	2
পর	ওয়ার্ডপ্রেস	ইনস্টল	2
ওয়ার্ডপ্রেস	ইনস্টল	দেওয়া	2
ইনস্টল	দেওয়া	যাচ্ছে	2
যাচ্ছে	না	এটা	2
সরি	যাদের	বিকাশ	2
যাদের	বিকাশ	নাই	2
ফ্রি	ডট	পেয়ে	2
ডট	পেয়ে	একটা	2
পেয়ে	একটা	নেওয়ার	2
একটা	নেওয়ার	সময়	2
নেওয়ার	সময়	ফ্রি	2
সময়	ফ্রি	কেটে	2
ফ্রি	কেটে	নিয়ে	2
কেটে	নিয়ে	চলে	2
নিয়ে	চলে	গেছে	2
চলে	গেছে	ফাজলামোর	2
গেছে	ফাজলামোর	একটা	2
ফাজলামোর	একটা	লিমিট	2
একটা	লিমিট	থাকা	2
লিমিট	থাকা	দরকার	2
মাই	জিপিতে	ও	2
জিপিতে	ও	নাই	2
ওইটা	আর	এইটা	2
আর	এইটা	১	2
এইটা	১	কি	2
১	কি	আর	2
কি	আর	বুঝামু	2
আর	বুঝামু	এখানে	2
বুঝামু	এখানে	স্ক্রিপ্ট	2
এখানে	স্ক্রিপ্ট	লেখা	2
স্ক্রিপ্ট	লেখা	আছে	2
লেখা	আছে	অনেক	2
আছে	অনেক	সব	2
অনেক	সব	অটো	2
সব	অটো	কাজ	2
অটো	কাজ	করে	2
কাজ	করে	দেখে	2
দেখে	তারপর	যদি	2
তারপর	যদি	মনে	2
মনে	হয়	ইউসি	2
হয়	ইউসি	ব্রাউসারের	2
ইউসি	ব্রাউসারের	মতো	2
ব্রাউসারের	মতো	তারপর	2
মতো	তারপর	বইলেন	2
হয়	না	বঝতে	2
না	বঝতে	পারছি	2
বঝতে	পারছি	না	2
কাজ	নাই	শুধু	2
নাই	শুধু	ডিপোজিট	2
শুধু	ডিপোজিট	করা	2
টেকনিক্যাল	প্রবলেম	দেখাচ্ছে	2
প্রবলেম	দেখাচ্ছে	কি	2
দেখাচ্ছে	কি	করব	2
একবার	কমেন্ট	করলাম	2
কমেন্ট	করলাম	আওয়েটিং	2
করলাম	আওয়েটিং	দেখাচ্ছে	2
আওয়েটিং	দেখাচ্ছে	ফ্রি	2
দেখাচ্ছে	ফ্রি	হোস্টিং	2
হোস্টিং	এ	কি	2
হবে	আর	ভিজিট	2
আর	ভিজিট	আর	2
ভিজিট	আর	কত	2
আর	কত	লাগবে	2
থেকেই	জানি	এটা	2
জানি	এটা	কমন	2
এটা	কমন	সেম	2
কমন	সেম	বাট	2
সেম	বাট	স্যামসাং	2
বাট	স্যামসাং	অল	2
স্যামসাং	অল	ফোনে	2
অল	ফোনে	হবে	2
ফোনে	হবে	না	2
ভাই	শেষের	দিকে	2
শেষের	দিকে	আর	2
দিকে	আর	হয়	2
হয়	না	৩	2
না	৩	প্রেস	2
৩	প্রেস	করার	2
করার	পর	১২৭	2
পর	১২৭	ফাউন্ড	2
১২৭	ফাউন্ড	বেস	2
ফাউন্ড	বেস	কি	2
বেস	কি	করবো	2
কাজ	করলে	বলবেন	2
করলে	বলবেন	প্লিজ	2
গেম	লুপ	ইউজ	2
লুপ	ইউজ	করেন	2
পিসি	দিয়ে	বুট	2
দিয়ে	বুট	লোডের	2
বুট	লোডের	আনলক	2
লোডের	আনলক	করার	2
করার	কোন	পোস্ট	2
কোন	পোস্ট	আছে	2
পোস্ট	আছে	আপনার	2
আছে	আপনার	কিংবা	2
আপনার	কিংবা	তেমন	2
কিংবা	তেমন	হেল্পফুল	2
তেমন	হেল্পফুল	অন্য	2
হেল্পফুল	অন্য	কারো	2
অ্যাপ	পাবলিশ	করতে	2
পাবলিশ	করতে	কোন	2
করতে	কোন	টাকা	2
কোন	টাকা	লাগবে	2
কি	হলো	আবার	2
হলো	আবার	আমার	2
আবার	আমার	তো	2
আমার	তো	হয়	2
অ্যানোনিটুন	এ	১	2
এ	১	এমবিবিএস	2
১	এমবিবিএস	স্পিড	2
এমবিবিএস	স্পিড	পাই	2
স্পিড	পাই	দেখি	2
পাই	দেখি	এটা	2
দেখি	এটা	বেশি	2
এটা	বেশি	পাই	2
বেশি	পাই	কিনা	2
ভাই	তাহলে	মাথা	2
তাহলে	মাথা	ব্যথা	2
মাথা	ব্যথা	হলে	2
ব্যথা	হলে	কি	2
হলে	কি	ধরে	2
কি	ধরে	নিব	2
ওকে	ব্রো	থ্যাংকস	2
ব্রো	থ্যাংকস	জানা	2
থ্যাংকস	জানা	ছিল	2
ভাই	এখন	চলে	2
এখন	চলে	কি	2
চলে	কি	মানে	2
কি	মানে	এখন	2
মানে	এখন	এরান	2
এখন	এরান	করা	2
এরান	করা	যাবে	2
আইডি	টা	যদি	2
টা	যদি	দিতেন	2
ঠিক	বললাম	তো	2
গুগল	ড্রাইভে	আপনি	2
ড্রাইভে	আপনি	যেকোনো	2
আপনি	যেকোনো	ফাইল	2
যেকোনো	ফাইল	আপলোড	2
আপলোড	করে	সেভ	2
করে	সেভ	করে	2
সেভ	করে	রাখতে	2
করে	রাখতে	পাবেন	2
ডাউনওয়ার্ড	লিংক	প্রবলেম	2
আমি	তো	এর	2
তো	এর	সব	2
এর	সব	মেম্বারদেরকে	2
সব	মেম্বারদেরকে	জানানোর	2
মেম্বারদেরকে	জানানোর	জন্য	2
জানানোর	জন্য	পোস্ট	2
জন্য	পোস্ট	দিছি	2
পোস্ট	দিছি	আপনাদের	2
দিছি	আপনাদের	মতদের	2
আপনাদের	মতদের	এই	2
মতদের	এই	একটা	2
এই	একটা	সমস্যা	2
একটা	সমস্যা	ফ্রি	2
সমস্যা	ফ্রি	নেট	2
নেট	না	দিলে	2
না	দিলে	লাফালাফি	2
দিলে	লাফালাফি	করেন	2
লাফালাফি	করেন	আবার	2
করেন	আবার	দিলেও	2
আবার	দিলেও	দোষ	2
দিলেও	দোষ	ধরেন	2
দোষ	ধরেন	আর	2
ধরেন	আর	আপনারাই	2
আর	আপনারাই	ফেসবুক	2
আপনারাই	ফেসবুক	আর	2
ফেসবুক	আর	ইউটিউবে	2
আর	ইউটিউবে	পোস্ট	2
ইউটিউবে	পোস্ট	দিয়ে	2
পোস্ট	দিয়ে	ভাইরাল	2
দিয়ে	ভাইরাল	করেন	2
ভাইরাল	করেন	দেখি	2
করেন	দেখি	তো	2
দেখি	তো	অফ	2
হয়ে	যায়	আশা	2
করি	ব্যাপারটা	বুঝসেন	2
বেসিক	সে	ভালো	2
সে	ভালো	স্পিড	2
ভালো	স্পিড	পায়	2
পায়	তাই	প্রিমিয়াম	2
তাই	প্রিমিয়াম	আর	2
প্রিমিয়াম	আর	দরকার	2
আর	দরকার	হয়	2
হয়	না	প্রিমিয়াম	2
না	প্রিমিয়াম	একটা	2
প্রিমিয়াম	একটা	বড্ড	2
একটা	বড্ড	ঝামেলা	2
বড্ড	ঝামেলা	কানেক্টেড	2
ঝামেলা	কানেক্টেড	করতে	2
কানেক্টেড	করতে	এমবি	2
আর	ইউটিউব	প্রিমিয়ার	2
ইউটিউব	প্রিমিয়ার	মোডএপিকে	2
প্রিমিয়ার	মোডএপিকে	দেওয়া	2
মোডএপিকে	দেওয়া	যাবে	2
ভাই	জানা	কথা	2
জানা	কথা	কতনার	2
কথা	কতনার	বলবান	2
ইউজার	ভাই	ওয়াপকিজ	2
ভাই	ওয়াপকিজ	লাইভ	2
টিভি	এন্ড	লাইভ	2
এন্ড	লাইভ	রেডিও	2
লাইভ	রেডিও	কোড	2
রেডিও	কোড	চাই	2
কোড	চাই	প্লিজ	2
চাই	প্লিজ	প্লিজ	2
বলেন	তো	হযরত	2
তো	হযরত	মুহাম্মদ	2
হযরত	মুহাম্মদ	সাঃ	2
মুহাম্মদ	সাঃ	কি	2
সাঃ	কি	বলছেন	2
কি	বলছেন	যে	2
বলছেন	যে	সবই	2
যে	সবই	মারামারি	2
সবই	মারামারি	কর	2
মারামারি	কর	নাকি	2
কর	নাকি	বলছেন	2
নাকি	বলছেন	ইসলাম	2
বলছেন	ইসলাম	শান্তির	2
ইসলাম	শান্তির	ধর্ম	2
শান্তির	ধর্ম	একটা	2
ধর্ম	একটা	মিথ্যা	2
একটা	মিথ্যা	বললে	2
মিথ্যা	বললে	কিন্তু	2
বললে	কিন্তু	দিনের	2
কিন্তু	দিনের	ইবাদত	2
দিনের	ইবাদত	নষ্ট	2
ইবাদত	নষ্ট	হয়	2
নষ্ট	হয়	ভাই	2
ভাই	অ্যান্ড্রয়েডে	কালি	2
অ্যান্ড্রয়েডে	কালি	ইনস্টল	2
কালি	ইনস্টল	করলাম	2
কিন্তু	কিছু	প্রবলেম	2
কিছু	প্রবলেম	হচ্ছে	2
প্রবলেম	হচ্ছে	যদি	2
হচ্ছে	যদি	হেল্প	2
যদি	হেল্প	করেন	2
ভাই	টপ	আইটেম	2
টপ	আইটেম	হাদার	2
আইটেম	হাদার	এর	2
হাদার	এর	কোড	2
একবার	ঘুমাইলে	আওয়ার	2
ঘুমাইলে	আওয়ার	লাগে	2
আওয়ার	লাগে	ঘুম	2
লাগে	ঘুম	ভাঙ্গে	2
আরো	একটা	রয়েছে	2
একটা	রয়েছে	১	2
রয়েছে	১	জিবি	2
তো	আর	সব	2
আর	সব	তোর	2
সব	তোর	মত	2
তোর	মত	আজাইরা	2
মত	আজাইরা	পোস্ট	2
আজাইরা	পোস্ট	করার	2
সময়	নাই	আবাল	2
স্প্রেডটার্ম	ডিভাইসের	বুট	2
ডিভাইসের	বুট	ডট	2
বুট	ডট	আইএমজিটা	2
ডট	আইএমজিটা	স্টক	2
আইএমজিটা	স্টক	রম	2
স্টক	রম	আর	2
রম	আর	কোন	2
আর	কোন	ফোল্ডারে	2
কোন	ফোল্ডারে	আছে	2
ফোল্ডারে	আছে	বলবেন	2
আছে	বলবেন	ব্রো	2
পেললন্ড	সেটিং	দেন	2
সেটিং	দেন	প্লিজ	2
দেন	প্লিজ	বলেন	2
এসডি	কার্ডে	রিকভারি	2
কার্ডে	রিকভারি	ডট	2
রিকভারি	ডট	আইএমজি	2
ডট	আইএমজি	আর	2
আইএমজি	আর	রিকভারি	2
আর	রিকভারি	ডট	2
রিকভারি	ডট	এফ	2
ডট	এফ	এস	2
এফ	এস	টি	2
এস	টি	এবি	2
টি	এবি	একসাথে	2
এবি	একসাথে	দেখে	2
একসাথে	দেখে	তারপর	2
দেখে	তারপর	মোবাইল	2
তারপর	মোবাইল	আঙ্কেল	2
মোবাইল	আঙ্কেল	দিয়ে	2
আঙ্কেল	দিয়ে	ফ্ল্যাশ	2
ব্রো	ফেসবুক	ফিশিং	2
ফেসবুক	ফিশিং	লিংক	2
ফিশিং	লিংক	কিভাবে	2
লিংক	কিভাবে	তৈরি	2
কিভাবে	তৈরি	করব	2
তৈরি	করব	প্লিজ	2
না	লিংক	তে	2
লিংক	তে	ক্লিক	2
তে	ক্লিক	করতে	2
আপনি	কত	লাইক	2
কত	লাইক	পাইছেন	2
লাইক	পাইছেন	ডেমো	2
পাইছেন	ডেমো	হিসেবে	2
ডেমো	হিসেবে	আপনার	2
হিসেবে	আপনার	পেজ	2
আপনার	পেজ	টা	2
পেজ	টা	দেন	2
ব্রো	আমার	খুব	2
আমার	খুব	নীড	2
খুব	নীড	প্লিজ	2
নীড	প্লিজ	একটু	2
একটু	তাড়াতাড়ি	করিয়েন	2
রোনালদো	নেইমার	বেইল	2
নেইমার	বেইল	মোহাম্মদ	2
বেইল	মোহাম্মদ	সালা	2
মোহাম্মদ	সালা	লাবন	2
সালা	লাবন	রোজ	2
লাবন	রোজ	কি	2
রোজ	কি	পক	2
কি	পক	বা	2
পক	বা	লুকা	2
বা	লুকা	মদ্রিচ	2
লুকা	মদ্রিচ	বিডাল	2
মদ্রিচ	বিডাল	নয়ার	2
বিডাল	নয়ার	ডেভিড	2
নয়ার	ডেভিড	হেয়ার	2
ডেভিড	হেয়ার	টিয়াগো	2
হেয়ার	টিয়াগো	সিলভারামোস	2
টিয়াগো	সিলভারামোস	বনুচি	2
সিলভারামোস	বনুচি	মার্সেলো	2
বনুচি	মার্সেলো	হিগুয়াইন	2
মার্সেলো	হিগুয়াইন	এরা	2
হিগুয়াইন	এরা	আছে	2
পোস্ট	কতবার	গাঁজা	2
কতবার	গাঁজা	খেয়ে	2
গাঁজা	খেয়ে	পোস্ট	2
খেয়ে	পোস্ট	করলেন	2
আনলিমিটেড	জানি	আমি	2
জানি	আমি	বাট	2
আমি	বাট	এটার	2
বাট	এটার	কল	2
এটার	কল	কোয়ালিটি	2
কল	কোয়ালিটি	ভালো	2
কোয়ালিটি	ভালো	না	2
ভালো	না	কল	2
না	কল	কানেক্টেড	2
কল	কানেক্টেড	হতে	2
কানেক্টেড	হতে	টাইম	2
হতে	টাইম	লাগে	2
টাইম	লাগে	মাঝে	2
লাগে	মাঝে	মাঝে	2
আপনি	এই	ইনফরমেশন	2
এই	ইনফরমেশন	কোথা	2
ইনফরমেশন	কোথা	থেকে	2
কোথা	থেকে	পেয়েছেন	2
কাজ	না	করকে	2
না	করকে	রেডি	2
করকে	রেডি	হাউ	2
থ্যাংকস	আমি	তো	2
আমি	তো	ভীষণ	2
তো	ভীষণ	চিন্তায়	2
ভীষণ	চিন্তায়	ছিলাম	2
চিন্তায়	ছিলাম	আমার	2
ছিলাম	আমার	বাকি	2
আমার	বাকি	উইথড্র	2
বাকি	উইথড্র	দিলে	2
উইথড্র	দিলে	প্রবলেম	2
দিলে	প্রবলেম	হবে	2
ফ্রি	কলিং	অ্যাপ	2
কলিং	অ্যাপ	ভাই	2
অ্যাপ	ভাই	আমি	2
সবাই	আমার	লিংক	2
এটা	গুড	অ্যাপ	2
গুড	অ্যাপ	ফ্রি	2
অ্যাপ	ফ্রি	কলিং	2
ফ্রি	কলিং	সাইন	2
কলিং	সাইন	আপ	2
চেক	করলে	একবার	2
করলে	একবার	ট্রাই	2
একবার	ট্রাই	দেখেন	2
দেখেন	অনেক	অ্যাপই	2
অনেক	অ্যাপই	তো	2
অ্যাপই	তো	ট্রাই	2
তো	ট্রাই	করলেন	2
হয়	ছোট	ভাইয়ের	2
ছোট	ভাইয়ের	অ্যাপ	2
ভাইয়ের	অ্যাপ	একবার	2
অ্যাপ	একবার	ট্রাই	2
দেখেন	আপনি	চাইলে	2
আপনি	চাইলে	ক্রেডিট	2
চাইলে	ক্রেডিট	করা	2
ক্রেডিট	করা	কোন	2
করা	কোন	ব্যাপারই	2
কোন	ব্যাপারই	না	2
ওয়েট	করেন	পেয়ে	2
পেয়ে	যাবেন	ইউজার	2
আমার	অন্য	এমবি	2
অন্য	এমবি	আছে	2
এমবি	আছে	সেগুলো	2
আছে	সেগুলো	আগে	2
সেগুলো	আগে	কাটবে	2
আগে	কাটবে	না	2
কাটবে	না	এগুলো	2
না	এগুলো	আগে	2
এগুলো	আগে	কাটবে	2
আগে	কাটবে	প্লিজ	2
কাটবে	প্লিজ	বলবেন	2
আপনি	অ্যাপ	গুলো	2
অ্যাপ	গুলো	মেমোরি	2
গুলো	মেমোরি	কার্ডে	2
মেমোরি	কার্ডে	মুভ	2
কার্ডে	মুভ	করে	2
মুভ	করে	রাখুন	2
করে	রাখুন	আশা	2
রাখুন	আশা	করি	2
করি	ভালো	ফলাফল	2
ভালো	ফলাফল	পাবেন	2
ওই	পোস্ট	আর	2
পোস্ট	আর	আমার	2
আমার	পোস্ট	সম্পূর্ণ	2
পোস্ট	সম্পূর্ণ	ভিন্ন	2
ভাই	পোর্টের	জামিলা	2
পোর্টের	জামিলা	আমার	2
জামিলা	আমার	মাথায়	2
আমার	মাথায়	ডগচে	2
মাথায়	ডগচে	না	2
ডগচে	না	পোর্ট	2
না	পোর্ট	চারা	2
পোর্ট	চারা	ডাবলু৬৮	2
চারা	ডাবলু৬৮	টা	2
ডাবলু৬৮	টা	রম	2
টা	রম	টা	2
টা	ইন্সটল	করার	2
ইন্সটল	করার	কোন	2
আছে	কি	বাপোর্ট	2
কি	বাপোর্ট	করা	2
বাপোর্ট	করা	আছে	2
করা	আছে	এরকম	2
আছে	এরকম	কোন	2
এরকম	কোন	রম	2
কোন	রম	এর	2
রম	এর	লিংক	2
লিংক	আছে	কি	2
আইডিয়া	নাই	আনুমানিক	2
নাই	আনুমানিক	বলেন	2
আপনি	কোন	রুট	2
কোন	রুট	অ্যাপ	2
দিয়ে	রুট	করেছেন	2
ওহহহ	ব্রো	পোস্ট	2
ব্রো	পোস্ট	যদি	2
পোস্ট	যদি	খারাপ	2
যদি	খারাপ	হয়	2
খারাপ	হয়	তাহলে	2
হয়	তাহলে	বলবেন	2
তাহলে	বলবেন	ডিলিট	2
বলবেন	ডিলিট	করে	2
ডিলিট	করে	দেব	2
টাইটেলে	লিখা	যেকোনো	2
লিখা	যেকোনো	পেমেন্টে	2
যেকোনো	পেমেন্টে	শর্ত	2
পেমেন্টে	শর্ত	তে	2
শর্ত	তে	যা	2
তে	যা	করবেন	2
যা	করবেন	তা	2
ভাইয়া	এফবি	ভেরিফাই	2
এফবি	ভেরিফাই	করলে	2
ভেরিফাই	করলে	কি	2
করলে	কি	ফলোড	2
কি	ফলোড	অপশন	2
ফলোড	অপশন	থাকে	2
অপশন	থাকে	না	2
থাকে	না	নাকি	2
প্লিজ	ইন্সটল	এক্সআগিয়ার	2
ইন্সটল	এক্সআগিয়ার	এক্সএপিকে	2
এক্সআগিয়ার	এক্সএপিকে	ভার্সান	2
আপনি	শিওর	রুট	2
শিওর	রুট	হইছে	2
লাগবে	ভাই	কিন্তু	2
ভাই	কিন্তু	লোড	2
কিন্তু	লোড	হবে	2
লোড	হবে	গেমটা	2
হবে	গেমটা	অনেক	2
গেমটা	অনেক	ভারি	2
ভাই	টাকা	তুলব	2
একজন	ফ্রেন্ডকে	আনফ্রেন্ড	2
ফ্রেন্ডকে	আনফ্রেন্ড	করলে	2
আনফ্রেন্ড	করলে	তো	2
করলে	তো	একজন	2
তো	একজন	ফ্রেন্ড	2
একজন	ফ্রেন্ড	কমবে	2
ফ্রেন্ড	কমবে	বাট	2
কমবে	বাট	একজন	2
বাট	একজন	ফলোয়ার	2
একজন	ফলোয়ার	কি	2
ফলোয়ার	কি	বাঁধবে	2
থেকেই	জানতাম	পারলে	2
জানতাম	পারলে	ফ্রি	2
পারলে	ফ্রি	নেটের	2
ওহ	থ্যাংকস	এখন	2
থ্যাংকস	এখন	ক্লিয়ার	2
এখন	ক্লিয়ার	হইলাম	2
ক্লিয়ার	হইলাম	ভাই	2
গ্রাউন্ড	সাথেই	থাকিন	2
সাথেই	থাকিন	থ্যাংকস	2
জাস্ট	লিংকে	ক্লিক	2
লিংকে	ক্লিক	করলেই	2
করলেই	হ্যাক	হবে	2
হবে	নাকি	ফিশিং	2
নাকি	ফিশিং	এর	2
ফিশিং	এর	মত	2
এর	মত	লগইন	2
মত	লগইন	করা	2
লগইন	করা	লাগবে	2
ব্রো	একটি	ম্যাজিক	2
একটি	ম্যাজিক	কিউব	2
ম্যাজিক	কিউব	দিয়ে	2
কিউব	দিয়ে	বান্ডেল	2
দিয়ে	বান্ডেল	কিভাবে	2
বান্ডেল	কিভাবে	নিব	2
ইয়াসিন	টিভি	অ্যাপ	2
টিভি	অ্যাপ	থেকে	2
অ্যাপ	থেকে	কি	2
থেকে	কি	পসিবল	2
জিমেইল	দিয়ে	দেকেন	2
ভাই	আপনার	ইউজ	2
আপনার	ইউজ	করা	2
ইউজ	করা	ফন্ট	2
করা	ফন্ট	গুলা	2
ফন্ট	গুলা	লিংক	2
গুলা	লিংক	দেয়া	2
লিংক	দেন	অনেক	2
দেন	অনেক	ঝামেলা	2
ঝামেলা	হয়	ডাউনলোড	2
হয়	ডাউনলোড	দিতে	2
প্লিজ	আমাকে	কথার	2
আমাকে	কথার	বানান	2
আছে	ব্রো	এপ্স	2
ব্রো	এপ্স	পারমিশন	2
এপ্স	পারমিশন	থেকে	2
পারমিশন	থেকে	দেকা	2
থেকে	দেকা	যায়	2
ভাই	অ্যাপটি	নিউ	2
অ্যাপটি	নিউ	তাই	2
নিউ	তাই	স্পিড	2
তাই	স্পিড	একটো	2
স্পিড	একটো	কম	2
একটো	কম	বাট	2
কম	বাট	পরে	2
বাট	পরে	স্পিড	2
পরে	স্পিড	বাড়তে	2
স্পিড	বাড়তে	থাকবে	2
বাড়তে	থাকবে	অন্যান্য	2
থাকবে	অন্যান্য	ভিপিএন	2
অন্যান্য	ভিপিএন	অ্যাপ	2
ভিপিএন	অ্যাপ	গুলোতে	2
অ্যাপ	গুলোতে	ও	2
গুলোতে	ও	প্রথমে	2
ও	প্রথমে	কোন	2
প্রথমে	কোন	স্পিড	2
কোন	স্পিড	থাকে	2
স্পিড	থাকে	অনেক	2
থাকে	অনেক	স্পিড	2
অনেক	স্পিড	পাওয়া	2
স্পিড	পাওয়া	গেছে	2
পাওয়া	গেছে	ভালো	2
গেছে	ভালো	রবি	2
ভালো	রবি	৩জি	2
রবি	৩জি	কানেক্টেড	2
৩জি	কানেক্টেড	এরিয়া	2
কানেক্টেড	এরিয়া	হলে	2
এরিয়া	হলে	তো	2
হলে	তো	কথাই	2
তো	কথাই	নেই	2
স্টার্ট	নেক্সট	কন্টেন্ট	2
নেক্সট	কন্টেন্ট	যদিও	2
কন্টেন্ট	যদিও	পারি	2
যদিও	পারি	বাট	2
পারি	বাট	দেখে	2
বাট	দেখে	আরো	2
দেখে	আরো	একটু	2
আরো	একটু	শিখব	2
ফোন	কিভাবে	ডার্ক	2
কিভাবে	ডার্ক	মোড	2
ডার্ক	মোড	করব	2
ভাই	আপনার	ব্লগার	2
আপনার	ব্লগার	সাইটের	2
থিম	টা	কি	2
ওয়াইফাই	তুলে	কাজ	2
তুলে	কাজ	হসসে	2
কাজ	হসসে	না	2
হসসে	না	মনিটর	2
না	মনিটর	মোড	2
মনিটর	মোড	ওপেন	2
মোড	ওপেন	হয়	2
ওপেন	হয়	তাও	2
হয়	তাও	ডিটেক্ট	2
তাও	ডিটেক্ট	করতে	2
ডিটেক্ট	করতে	পারেনা	2
করতে	পারেনা	ওয়াইফাইট	2
পারেনা	ওয়াইফাইট	ওয়াই	2
ওয়াইফাইট	ওয়াই	ফাই	2
ওয়াই	ফাই	ইন্টারফেস	2
ফাই	ইন্টারফেস	এর	2
ইন্টারফেস	এর	সাথে	2
এর	সাথে	মন	2
সাথে	মন	আছে	2
মন	আছে	কিনা	2
আছে	কিনা	চেক	2
চেক	করে	বাট	2
করে	বাট	আমার	2
আমার	ওয়াইফাই	মনিটর	2
ওয়াইফাই	মনিটর	মোড	2
মনিটর	মোড	এও	2
মোড	এও	নাম	2
এও	নাম	সেম	2
নাম	সেম	থাকে	2
সেম	থাকে	ডাবলুল্যান০	2
থাকে	ডাবলুল্যান০	এ	2
ডাবলুল্যান০	এ	থাকে	2
এ	থাকে	ডাবলুল্যান০	2
থাকে	ডাবলুল্যান০	মন	2
ডাবলুল্যান০	মন	হয়	2
মন	হয়	না	2
ভাই	যদি	অ্যাপসে	2
যদি	অ্যাপসে	কয়েন	2
অ্যাপসে	কয়েন	বাড়ার	2
কয়েন	বাড়ার	কোনো	2
বাড়ার	কোনো	কৌশল	2
কোনো	কৌশল	আছে	2
কৌশল	আছে	এটা	2
আছে	এটা	দেয়া	2
এটা	দেয়া	একটা	2
দেয়া	একটা	পোস্ট	2
একটা	পোস্ট	দান	2
পোস্ট	দান	প্লিজ	2
দান	প্লিজ	প্লিজ	2
এজেন্ট	কন্টাক	করেন	2
কন্টাক	করেন	অথবা	2
করেন	অথবা	আমাকে	2
অথবা	আমাকে	হোয়াটসঅ্যাপে	2
আমাকে	হোয়াটসঅ্যাপে	মেসেজ	2
হোয়াটসঅ্যাপে	মেসেজ	দেন	2
মেসেজ	দেন	হেল্প	2
দেন	হেল্প	করব	2
মশা	মারার	একটি	2
মারার	একটি	পোস্ট	2
টারমাক্স	এর	অনেক	2
এর	অনেক	ওল্ড	2
অনেক	ওল্ড	সিস্টেম	2
ওল্ড	সিস্টেম	এটা	2
সিস্টেম	এটা	ভাই	2
আজ	একটা	জিএফ	2
একটা	জিএফ	নাই	2
জিএফ	নাই	বলে	2
নাই	বলে	আপনার	2
বলে	আপনার	রিভিউ	2
রিভিউ	করা	অ্যাপসটা	2
করা	অ্যাপসটা	ইউজ	2
অ্যাপসটা	ইউজ	করতে	2
এখনো	কি	হয়	2
প্লিজ	আমি	ওয়াবকাইজ	2
আমি	ওয়াবকাইজ	এ	2
ওয়াবকাইজ	এ	কম	2
এ	কম	মিম	2
কম	মিম	একটা	2
মিম	একটা	ওয়েবসাইট	2
একটা	ওয়েবসাইট	বানাইছি	2
ওয়েবসাইট	বানাইছি	এখন	2
বানাইছি	এখন	এটার	2
এখন	এটার	নাম	2
এটার	নাম	কিভাবে	2
নাম	কিভাবে	করব	2
কিভাবে	করব	ভাইয়া	2
প্লিজ	হেল্প	না	2
হেল্প	না	করে	2
না	করে	যাবেন	2
করে	যাবেন	না	2
যাবেন	না	প্লিজ	2
এমটিকে	কোন	এপিকে	2
কোন	এপিকে	দিয়ে	2
এপিকে	দিয়ে	দেখব	2
প্লে	স্টোরে	আপডেট	2
স্টোরে	আপডেট	হয়েছে	2
কপি	করছেন	দো	2
করছেন	দো	মরসেন	2
দো	মরসেন	আমি	2
মরসেন	আমি	তোমার	2
আমি	তোমার	মিটাই	2
তোমার	মিটাই	গো	2
জানি	আমি	নিজে	2
আমি	নিজে	করছি	2
নিজে	করছি	এর	2
করছি	এর	এটা	2
এর	এটা	সবাই	2
অনলি	জেবি	ওয়েট	2
জেবি	ওয়েট	ফর	2
ওয়েট	ফর	কিটক্যাট	2
না	রোলে	বলা	2
রোলে	বলা	আছে	2
বলা	আছে	জিপি	2
আছে	জিপি	শেয়ারে	2
জিপি	শেয়ারে	আপলোড	2
শেয়ারে	আপলোড	করলে	2
আপলোড	করলে	কোন	2
পোস্ট	দিব	যাতে	2
দিব	যাতে	সবার	2
যাতে	সবার	চলে	2
কিভাবে	করব	ভিডিও	2
করব	ভিডিও	থাকলে	2
ভিডিও	থাকলে	লিংক	2
লিংক	দেন	এমটি৬৫৮০	2
দেন	এমটি৬৫৮০	টু	2
এমটি৬৫৮০	টু	এমটি৬৫৮২	2
শালা	মাদারকোড	কি	2
মাদারকোড	কি	পোস্ট	2
কি	পোস্ট	করিস	2
তোমার	জন্য	পোস্ট	2
এফবি	একাউন্টের	পাসওয়ার্ড	2
একাউন্টের	পাসওয়ার্ড	ঠিক	2
পাসওয়ার্ড	ঠিক	আছে	2
আছে	কিন্তু	আইডেন্টিফিকেশনের	2
কিন্তু	আইডেন্টিফিকেশনের	জন্য	2
আইডেন্টিফিকেশনের	জন্য	মোবাইল	2
জন্য	মোবাইল	নাম্বারে	2
মোবাইল	নাম্বারে	ভেরিফিকেশন	2
নাম্বারে	ভেরিফিকেশন	কোড	2
ভেরিফিকেশন	কোড	চাই	2
কোড	চাই	কিন্তু	2
চাই	কিন্তু	আমার	2
কিন্তু	আমার	নাম্বারটা	2
আমার	নাম্বারটা	নাই	2
নাম্বারটা	নাই	শুধু	2
নাই	শুধু	একটা	2
শুধু	একটা	অপশন	2
একটা	অপশন	আসছে	2
অপশন	আসছে	হেল্প	2
তো	পাচ্ছে	তাহলে	2
পাচ্ছে	তাহলে	আপনি	2
কি	বলতে	আছেন	2
বলতে	আছেন	এর	2
আছেন	এর	জন্য	2
এর	জন্য	বাকি	2
জন্য	বাকি	পার্সেন্টও	2
বাকি	পার্সেন্টও	না	2
পার্সেন্টও	না	জানা	2
না	জানা	থাকুক	2
এই	পোস্ট	ক্রিকেটার	2
পোস্ট	ক্রিকেটার	একটা	2
ক্রিকেটার	একটা	চিটার	2
একটা	চিটার	পোস্টে	2
চিটার	পোস্টে	শেষে	2
পোস্টে	শেষে	ইউটিউব	2
শেষে	ইউটিউব	মনিটাইজের	2
ইউটিউব	মনিটাইজের	জন্য	2
মনিটাইজের	জন্য	হীন	2
জন্য	হীন	দিয়ে	2
হীন	দিয়ে	রাখে	2
দিয়ে	রাখে	বাট	2
রাখে	বাট	টাকা	2
বাট	টাকা	নিয়ে	2
টাকা	নিয়ে	বেশ্যার	2
নিয়ে	বেশ্যার	ছেলের	2
বেশ্যার	ছেলের	মত	2
ছেলের	মত	ব্লক	2
মত	ব্লক	করে	2
এফবি	লিংক	দেয়া	2
এখন	১০	টাকা	2
ওকে	ভাইয়া	পাইলে	2
ভাইয়া	পাইলে	দিব	2
সিম্ফনি	এক্সপ্লোরার	ভি৫০	2
এক্সপ্লোরার	ভি৫০	এসসি৭৭৩১	2
ভি৫০	এসসি৭৭৩১	কার্নেল	2
এসসি৭৭৩১	কার্নেল	টিডাবলিউআরপি	2
কার্নেল	টিডাবলিউআরপি	এর	2
টিডাবলিউআরপি	এর	কাস্টম	2
ওকে	ভাই	সাহায্যের	2
ভাই	সাহায্যের	জন্য	2
সাহায্যের	জন্য	ধন্যবাদ	2
ভাই	ট্রিকবিডিতে	অনেকবার	2
ট্রিকবিডিতে	অনেকবার	কমেন্টস	2
অনেকবার	কমেন্টস	করছি	2
কমেন্টস	করছি	বাট	2
করছি	বাট	ফল	2
বাট	ফল	পাইনি	2
ফল	পাইনি	আমার	2
পাইনি	আমার	সনি	2
আমার	সনি	এক্সপিরিয়া	2
সনি	এক্সপিরিয়া	এসপি	2
এক্সপিরিয়া	এসপি	এটার	2
এসপি	এটার	কোন	2
এটার	কোন	রিকভারি	2
কোন	রিকভারি	মোড	2
রিকভারি	মোড	নাই	2
মোড	নাই	আমি	2
নাই	আমি	এখন	2
আমি	এখন	কোথায়	2
এখন	কোথায়	পাবো	2
স্যামসাং	এ	কিভাবে	2
ভিমোস	এ	চলবে	2
থ্যাঙ্ক	কিউ	বাট	2
কিউ	বাট	পাসওয়ার্ড	2
বাট	পাসওয়ার্ড	কই	2
পাসওয়ার্ড	কই	পাবো	2
এটা	তো	এখান	2
তো	এখান	থেকে	2
এখান	থেকে	ভিজিট	2
থেকে	ভিজিট	করলে	2
ভিজিট	করলে	ফ্রি	2
করলে	ফ্রি	বেসিকে	2
ফ্রি	বেসিকে	এড	2
বেসিকে	এড	হইতাছে	2
এড	হইতাছে	না	2
হইতাছে	না	কিভাবে	2
না	কিভাবে	ফ্রি	2
কিভাবে	ফ্রি	বেসিকের	2
ফ্রি	বেসিকের	হোম	2
বেসিকের	হোম	পেজ	2
হোম	পেজ	অ্যাড	2
পেজ	অ্যাড	করব	2
উনি	ঠিকই	বলছে	2
ঠিকই	বলছে	আপনার	2
বলছে	আপনার	নিজেরই	2
আপনার	নিজেরই	কোন	2
নিজেরই	কোন	আইডিয়া	2
কোন	আইডিয়া	নাই	2
আইডিয়া	নাই	শুধু	2
নাই	শুধু	জাস্ট	2
শুধু	জাস্ট	ইমেইলটা	2
জাস্ট	ইমেইলটা	এড	2
ইমেইলটা	এড	করা	2
এড	করা	থাকলে	2
করা	থাকলে	এনাফ	2
থাকলে	এনাফ	যে	2
এনাফ	যে	কোন	2
কোন	সময়	রিকভারি	2
সময়	রিকভারি	করতে	2
রিকভারি	করতে	পারবেন	2
পারবেন	আমি	আরো	2
আমি	আরো	ইয়ার	2
আরো	ইয়ার	আগেই	2
ইয়ার	আগেই	খুলছি	2
আগেই	খুলছি	সবকিছুই	2
খুলছি	সবকিছুই	ভুলে	2
সবকিছুই	ভুলে	গেছিলাম	2
ভুলে	গেছিলাম	জিমেইল	2
গেছিলাম	জিমেইল	এড	2
জিমেইল	এড	করা	2
এড	করা	ছিল	2
করা	ছিল	কিছুদিন	2
ছিল	কিছুদিন	আগে	2
কিছুদিন	আগে	আবার	2
আগে	আবার	রিকভারি	2
আবার	রিকভারি	করছি	2
রিকভারি	করছি	পোস্ট	2
করছি	পোস্ট	করার	2
করার	আগে	ভালোভাবে	2
আগে	ভালোভাবে	জেনে	2
ভালোভাবে	জেনে	নিবেন	2
জেনে	নিবেন	আর	2
নিবেন	আর	টাইটেল	2
টাইটেল	দেখে	ভাবছিলাম	2
দেখে	ভাবছিলাম	নতুন	2
ভাবছিলাম	নতুন	কিছু	2
নতুন	কিছু	বাট	2
কিছু	বাট	এসে	2
বাট	এসে	দেখি	2
এসে	দেখি	এই	2
স্টোর	থেকে	ফ্রি	2
থেকে	ফ্রি	ফায়ার	2
ফ্রি	ফায়ার	ইন্সটল	2
ফায়ার	ইন্সটল	দেন	2
ইন্সটল	দেন	তারপর	2
দেন	তারপর	ওবিবি	2
তারপর	ওবিবি	ব্যাকআপ	2
ওবিবি	ব্যাকআপ	করে	2
ব্যাকআপ	করে	নেন	2
করে	নেন	এরপরও	2
নেন	এরপরও	না	2
এরপরও	না	হলে	2
না	হলে	কিচ্ছু	2
হলে	কিচ্ছু	করার	2
কিচ্ছু	করার	নাই	2
ডায়াল	করলেই	পাবেন	2
করলেই	পাবেন	১২	2
পাবেন	১২	টাকা	2
১	জিবি	এভাবে	2
জিবি	এভাবে	৩বার	2
এভাবে	৩বার	নিতে	2
৩বার	নিতে	পারবেন	2
নিতে	পারবেন	মেয়াদ	2
পারবেন	মেয়াদ	৫	2
মেয়াদ	৫	দিন	2
৫	দিন	আন্ডারস্ট্যান্ড	2
ভাই	ডিজাইনার	ওয়েব	2
ডিজাইনার	ওয়েব	ডিজাইনার	2
ওয়েব	ডিজাইনার	ওর	2
ডিজাইনার	ওর	ওয়েব	2
ওর	ওয়েব	ডেভলপারদের	2
ওয়েব	ডেভলপারদের	জন্য	2
ডেভলপারদের	জন্য	এর	2
জন্য	এর	কালার	2
এর	কালার	স্পিকার	2
কালার	স্পিকার	অপশনটাও	2
স্পিকার	অপশনটাও	জোস	2
অপশনটাও	জোস	যেটা	2
জোস	যেটা	কি	2
যেটা	কি	দিয়ে	2
কি	দিয়ে	এনাবেল	2
দিয়ে	এনাবেল	করা	2
এনাবেল	করা	যায়	2
আকাশ	ভাই	সিম্ফনি	2
ভাই	সিম্ফনি	ই৬০	2
সিম্ফনি	ই৬০	এর	2
জন্য	প্লিজ	যে	2
প্লিজ	যে	কোন	2
যে	কোন	রম	2
কোন	রম	রিলিজ	2
রম	রিলিজ	কর	2
রিলিজ	কর	ব্রো	2
কর	ব্রো	বিপদে	2
ব্রো	বিপদে	আছি	2
সিম্ফনি	জিভি	কাস্টম	2
জিভি	কাস্টম	রম	2
কাস্টম	রম	দরকার	2
রম	দরকার	ছিল	2
দরকার	ছিল	আপনি	2
আপনি	কি	দিতে	2
সার্চ	দেন	মড	2
দেন	মড	পাবেন	2
ভাই	কই	অপেরা	2
কই	অপেরা	মিনি	2
মিনি	দিয়ে	তো	2
দিয়ে	তো	চলে	2
ভাইয়া	আমার	লাভা	2
আমার	লাভা	কাস্টম	2
লাভা	কাস্টম	রম	2
রম	লাগবে	মার্ষমেলো	2
লাগবে	মার্ষমেলো	একটু	2
মার্ষমেলো	একটু	কষ্ট	2
কষ্ট	করে	ডিরেক্ট	2
করে	ডিরেক্ট	ডাউনলোড	2
টা	দিলে	খুশি	2
খুশি	হইতাম	প্লিজ	2
ব্রো	অনলাইন	পোর্ট	2
অনলাইন	পোর্ট	স্ক্যানার	2
পোর্ট	স্ক্যানার	কতগুলো	2
স্ক্যানার	কতগুলো	আছে	2
ব্রো	আবার	১৪	2
আবার	১৪	এর	2
১৪	এর	জায়গায়	2
এর	জায়গায়	৫	2
জায়গায়	৫	দিয়ে	2
৫	দিয়ে	ট্রাই	2
না	হলে	প্লে	2
স্টোর	থেকে	ডিরেক্ট	2
থেকে	ডিরেক্ট	ডাউনলোড	2
ডিরেক্ট	ডাউনলোড	দিয়ে	2
ডাউনলোড	দিয়ে	ট্রাই	2
হ্যাঁ	ভাই	ললিপপ	2
ভাই	আমাকে	এডমিন	2
আমাকে	এডমিন	দেন	2
কমেন্টের	জন্য	সবাইকে	2
জন্য	সবাইকে	থ্যাংকস	2
অর	এই	সাইটে	2
এই	সাইটে	গিয়ে	2
সাইটে	গিয়ে	সার্চ	2
গিয়ে	সার্চ	করুন	2
সার্চ	করুন	পাবেন	2
আমার	আইটেল	এলএমসি	2
আইটেল	এলএমসি	অথবা	2
এলএমসি	অথবা	জিক্যাম	2
অথবা	জিক্যাম	ইউসড	2
জিক্যাম	ইউসড	করতে	2
ইউসড	করতে	চাই	2
করতে	চাই	এটা	2
চাই	এটা	কি	2
এটা	কি	সম্ভব	2
করতেছে	না	ফেল্ড	2
না	ফেল্ড	দেখাচ্ছে	2
হুমমমমমম	সব	দিক	2
সব	দিক	চিন্তা	2
দিক	চিন্তা	করি	2
চিন্তা	করি	নামাজ	2
করি	নামাজ	আদায়	2
নামাজ	আদায়	করতে	2
আদায়	করতে	হবে	2
বিজিবাক্স	ইন্সটল	করার	2
করার	পর	অ্যাপটি	2
পর	অ্যাপটি	আনইন্সটল	2
অ্যাপটি	আনইন্সটল	করলে	2
আনইন্সটল	করলে	বিজিবাক্স	2
করলে	বিজিবাক্স	বন্ধ	2
বিজিবাক্স	বন্ধ	হবে	2
এই	জানা	অজানা	2
জানা	অজানা	ট্রিকস	2
অজানা	ট্রিকস	চবোয়	2
ট্রিকস	চবোয়	জানে	2
টিউনার	হুমমমম	হতে	2
হুমমমম	হতে	চাই	2
হতে	চাই	পারবেন	2
চাই	পারবেন	আমি	2
পারবেন	আমি	চাই	2
আমি	চাই	এডমিন	2
চাই	এডমিন	দেখ	2
এডমিন	দেখ	আপনি	2
দেখ	আপনি	টিউনার	2
আপনি	টিউনার	করতে	2
টিউনার	করতে	পারলে	2
করতে	পারলে	কল	2
পারলে	কল	করেন	2
কল	করেন	প্লিজ	2
আর	এয়ারটেলে	একটা	2
এয়ারটেলে	একটা	রেগুলার	2
একটা	রেগুলার	অফার	2
রেগুলার	অফার	আছে	2
অফার	আছে	৩০০	2
আছে	৩০০	টাকা	2
৩০০	টাকা	৩০০	2
টাকা	৩০০	জিবি	2
আমি	আপনার	দেওয়া	2
আপনার	দেওয়া	সব	2
দেওয়া	সব	স্টেপ	2
সব	স্টেপ	ফলো	2
স্টেপ	ফলো	করেছি	2
ফলো	করেছি	এখন	2
আমি	কিভাবে	ওখানে	2
কিভাবে	ওখানে	টাকা	2
ওখানে	টাকা	রাখবো	2
টাকা	রাখবো	এন্ড	2
রাখবো	এন্ড	পায়েজা	2
এন্ড	পায়েজা	কার্ড	2
পায়েজা	কার্ড	টা	2
কার্ড	টা	কি	2
টা	কি	লাগবেনা	2
কি	লাগবেনা	ওটা	2
লাগবেনা	ওটা	কোথায়	2
ওটা	কোথায়	পাব	2
কোথায়	পাব	ব্যাংকে	2
পাব	ব্যাংকে	গিয়ে	2
ব্যাংকে	গিয়ে	কি	2
গিয়ে	কি	বলবো	2
পসিবল	মোবাইল	দিয়ে	2
মোবাইল	দিয়ে	আমি	2
দিয়ে	আমি	করছি	2
পিসিতে	কিভাবে	কাজটা	2
কিভাবে	কাজটা	করা	2
কাজটা	করা	যায়	2
যায়	একটু	দেখবেন	2
এটা	তো	শো	2
তো	শো	বক্সের	2
শো	বক্সের	মত	2
আপনাকেও	থ্যাংকস	ব্রো	2
সরি	ব্রো	বিষয়টা	2
ব্রো	বিষয়টা	নিয়ে	2
বিষয়টা	নিয়ে	আমি	2
নিয়ে	আমি	তেমন	2
আমি	তেমন	ভাবিনি	2
ঈদ	অফারে	নিছিলাম	2
এইটা	কিছু	হল	2
সবাই	পাবে	কি	2
ফোনে	রেডিয়েশন	আছে	2
রেডিয়েশন	আছে	কিনা	2
আছে	কিনা	কিভাবে	2
আমার	কাছে	এত	2
কাছে	এত	সাহসি	2
এত	সাহসি	নাই	2
সাহসি	নাই	আপনি	2
নাই	আপনি	আমায়	2
আপনি	আমায়	দিতে	2
আমায়	দিতে	পারবেন	2
দিতে	পারবেন	টাকা	2
পারবেন	টাকা	দিব	2
ভাই	পোস্ট	দিছেন	2
পোস্ট	দিছেন	ভালো	2
ভালো	কথা	সাইন্যাপ	2
কথা	সাইন্যাপ	করবো	2
সাইন্যাপ	করবো	কিভাবে	2
করবো	কিভাবে	জিপ	2
কিভাবে	জিপ	ফাইল	2
জিপ	ফাইল	কি	2
নিচে	লিখবি	কান	2
লিখবি	কান	উপরে	2
কান	উপরে	লিখতে	2
উপরে	লিখতে	হয়	2
লিখতে	হয়	মাদারী	2
৫৮০	টাকা	৭	2
টাকা	৭	ডলার	2
৭	ডলার	টাকা	2
ডলার	টাকা	মারাছা	2
ভাই	পায়েল	আঞ্জিব	2
পায়েল	আঞ্জিব	কিভাবে	2
আঞ্জিব	কিভাবে	করব	2
পুরো	মাত্র	কয়েকটা	2
মাত্র	কয়েকটা	অ্যাপ	2
কয়েকটা	অ্যাপ	ফ্রি	2
অ্যাপ	ফ্রি	আর	2
ফ্রি	আর	সবই	2
আর	সবই	পেইড	2
সবই	পেইড	লোল	2
এ	কেমন	কনট্রিবিউটার	2
কেমন	কনট্রিবিউটার	যে	2
কনট্রিবিউটার	যে	কারো	2
যে	কারো	কমেন্টে	2
কারো	কমেন্টে	রিপ্লাই	2
কমেন্টে	রিপ্লাই	দেননি	2
রিপ্লাই	দেননি	এডমিন	2
দেননি	এডমিন	ভাইদের	2
এডমিন	ভাইদের	এমন	2
ভাইদের	এমন	কন্ট্রিবিউটর	2
এমন	কন্ট্রিবিউটর	রাখা	2
কন্ট্রিবিউটর	রাখা	দরকার	2
রাখা	দরকার	রিপোর্ট	2
এ	কি	এডসেন্স	2
কি	এডসেন্স	থেকে	2
এডসেন্স	থেকে	ইনকাম	2
থেকে	ইনকাম	করা	2
ইনকাম	করা	সম্ভব	2
করা	সম্ভব	যদি	2
সম্ভব	যদি	সম্ভব	2
সম্ভব	হয়	তাহলে	2
হয়	তাহলে	পোস্ট	2
তাহলে	পোস্ট	করবেন	2
সত্যি	বলতে	কি	2
বলতে	কি	স্যামসাঙ	2
কি	স্যামসাঙ	কোন	2
স্যামসাঙ	কোন	মেমোরি	2
কোন	মেমোরি	বানায়	2
মেমোরি	বানায়	না	2
বানায়	না	স্যামসাং	2
না	স্যামসাং	নাম	2
স্যামসাং	নাম	দিয়ে	2
নাম	দিয়ে	অন্য	2
দিয়ে	অন্য	কোম্পানি	2
অন্য	কোম্পানি	বানায়	2
কোম্পানি	বানায়	তবে	2
বানায়	তবে	চিপ	2
তবে	চিপ	রেট	2
চিপ	রেট	টাই	2
রেট	টাই	সবচেয়ে	2
টাই	সবচেয়ে	জনপ্রিয়	2
ভাই	আপনি	অনেক	2
আপনি	অনেক	ভিউয়ার্স	2
অনেক	ভিউয়ার্স	পাইছেন	2
ভিউয়ার্স	পাইছেন	আবার	2
পাইছেন	আবার	পোষ্ট	2
আবার	পোষ্ট	ট্র্যাশ	2
পোষ্ট	ট্র্যাশ	করুন	2
ট্র্যাশ	করুন	প্লিজ	2
তাও	বাই	সেল	2
বাই	সেল	আমি	2
সেল	আমি	অনেক	2
থেকে	করি	আপনি	2
করি	আপনি	তাও	2
আপনি	তাও	কয়েন	2
তাও	কয়েন	কিনতে	2
কয়েন	কিনতে	পারেন	2
কিনতে	পারেন	অন্যরা	2
পারেন	অন্যরা	কেউ	2
অন্যরা	কেউ	তাও	2
কেউ	তাও	কয়েন	2
তাও	কয়েন	কিনছে	2
কয়েন	কিনছে	না	2
ট্রিকবিডিতে	পোস্ট	করতে	2
পারছি	না	সবকিছু	2
না	সবকিছু	হচ্ছে	2
সবকিছু	হচ্ছে	বাট	2
হচ্ছে	বাট	থামনেল	2
বাট	থামনেল	কিভাবে	2
থামনেল	কিভাবে	দিব	2
কিভাবে	দিব	বুঝতেছিনা	2
থ্যাংকস	ভাই	কিন্তু	2
ভাই	কিন্তু	কোন	2
কিন্তু	কোন	সফটওয়্যার	2
সফটওয়্যার	দিয়ে	করমু	2
তোর	মাথায়	মনে	2
মাথায়	মনে	হয়	2
হয়	সমস্যা	আছে	2
ভাই	জিপিতে	পাই	2
জিপিতে	পাই	নাই	2
হুম	সিওসি	কালের	2
সিওসি	কালের	সময়	2
কালের	সময়	আইডি	2
সময়	আইডি	চেনে	2
আইডি	চেনে	করতা	2
চেনে	করতা	এটা	2
করতা	এটা	অফ	2
এটা	অফ	করতে	2
আমি	একটা	রোম	2
একটা	রোম	আইনস্টল	2
রোম	আইনস্টল	দিলিলাম	2
আইনস্টল	দিলিলাম	নেটে	2
দিলিলাম	নেটে	লেখা	2
নেটে	লেখা	ছিল	2
লেখা	ছিল	কোন	2
ছিল	কোন	বাগ	2
কোন	বাগ	নাই	2
বাগ	নাই	বাট	2
নাই	বাট	আমি	2
বাট	আমি	ইন্সটল	2
আমি	ইন্সটল	দেওয়ার	2
দেওয়ার	পর	কোন	2
পর	কোন	অ্যাপ	2
কোন	অ্যাপ	চলছিল	2
অ্যাপ	চলছিল	না	2
চলছিল	না	রম	2
না	রম	নাকি	2
রম	নাকি	ফোনের	2
নাকি	ফোনের	প্রব	2
আপনার	ইমেইল	পাসওয়ার্ড	2
ইমেইল	পাসওয়ার্ড	দেন	2
পাসওয়ার্ড	দেন	রিপ্লাই	2
দেন	রিপ্লাই	করে	2
স	এর	হাদীস	2
এর	হাদীস	আলেম	2
হাদীস	আলেম	ওলামার	2
আলেম	ওলামার	বিরোধিতা	2
ওলামার	বিরোধিতা	যারা	2
বিরোধিতা	যারা	করে	2
যারা	করে	তাদের	2
করে	তাদের	জন্মে	2
তাদের	জন্মে	ভেজাল	2
জন্মে	ভেজাল	আছে	2
ব্রো	শুধু	বট	2
শুধু	বট	লাইক	2
বট	লাইক	নেয়া	2
নেয়া	যাবে	বোর্ড	2
যাবে	বোর্ড	কমেন্ট	2
বোর্ড	কমেন্ট	ছাড়া	2
ট্রিকবিডি	এর	আপকা	2
এর	আপকা	ক্যাটেগরি	2
আপকা	ক্যাটেগরি	দেখেন	2
আচ্ছা	করব	বলেন	2
ভাই	আপনার	ক্লাস	2
আপনার	ক্লাস	অফ	2
ক্লাস	অফ	ক্ল্যান্স	2
অফ	ক্ল্যান্স	আইডিআর	2
ক্ল্যান্স	আইডিআর	নাম	2
আইডিআর	নাম	কি	2
নাম	কি	যদি	2
কি	যদি	ভবিষ্যতে	2
যদি	ভবিষ্যতে	পড়ে	2
ভবিষ্যতে	পড়ে	তো	2
পড়ে	তো	এটাক	2
তো	এটাক	দিমু	2
ধন্যবাদ	দিয়ে	ছোট	2
করবো	না	কাজ	2
না	কাজ	দেখি	2
কাজ	দেখি	শুরু	2
দেখি	শুরু	করব	2
সব	অ্যাপস	ডাউনলোড	2
অ্যাপস	ডাউনলোড	লিংক	2
লিংক	দিয়ে	দিলে	2
ভাই	আমার	কার্ড	2
আমার	কার্ড	তো	2
কার্ড	তো	এক্টিভ	2
তো	এক্টিভ	করলাম	2
এক্টিভ	করলাম	কোন	2
করলাম	কোন	তো	2
কোন	তো	লাগলো	2
যেকোনো	কিছু	নেশা	2
কিছু	নেশা	হিসেবে	2
নেশা	হিসেবে	নিলে	2
হিসেবে	নিলে	নেশাই	2
নিলে	নেশাই	হয়	2
নেশাই	হয়	টোটালি	2
হয়	টোটালি	নিজের	2
টোটালি	নিজের	উপর	2
নিজের	উপর	ডিপেন্ড	2
ডিপেন্ড	করে	এটা	2
করে	এটা	সব	2
এটা	সব	গেমস	2
সব	গেমস	ডেভলপারের	2
গেমস	ডেভলপারের	চাপে	2
ডেভলপারের	চাপে	তাদের	2
চাপে	তাদের	অ্যাপ	2
তাদের	অ্যাপ	দ্বারা	2
অ্যাপ	দ্বারা	এডিটেড	2
দ্বারা	এডিটেড	হোক	2
এডিটেড	হোক	আর	2
হোক	আর	এইসব	2
আর	এইসব	জিনিস	2
জিনিস	কে	রিয়েল	2
কে	রিয়েল	লাইফ	2
লাইফ	এ	কম্পেয়ার	2
এ	কম্পেয়ার	না	2
কম্পেয়ার	না	করাটাই	2
না	করাটাই	বেটার	2
বাড়াবো	কিভাবে	এফবি	2
কিভাবে	এফবি	প্যাক	2
এফবি	প্যাক	১৮	2
প্যাক	১৮	টাকা	2
১৮	টাকা	দিয়ে	2
টাকা	দিয়ে	হয়	2
না	আমার	৬৫০	2
আমার	৬৫০	এমবি	2
৬৫০	এমবি	আছে	2
এমবি	আছে	আজ	2
আছে	আজ	শেষ	2
আজ	শেষ	দিন	2
তাইলে	গ্রীনিফাই	অ্যাপ	2
গ্রীনিফাই	অ্যাপ	ইউজ	2
ভিপিএন	দিয়ে	কিছুদিন	2
দিয়ে	কিছুদিন	আগে	2
কিছুদিন	আগে	ফ্রি	2
নেট	চলছিল	এখন	2
চলছিল	এখন	চলে	2
না	স্পনসর্ট	সার্চের	2
স্পনসর্ট	সার্চের	এড	2
সার্চের	এড	গোলা	2
এড	গোলা	কিভাবে	2
গোলা	কিভাবে	চেঞ্জ	2
ওকে	কিন্তু	আমি	2
কিন্তু	আমি	ট্রেইনার	2
আমি	ট্রেইনার	রিকোয়েস্ট	2
রিকোয়েস্ট	করছি	একটু	2
করছি	একটু	চেক	2
ভাই	নাম্বার	হ্যাক	2
নাম্বার	হ্যাক	করে	2
না	ওখানে	ন্যাশনাল	2
ওখানে	ন্যাশনাল	আইডি	2
কার্ড	চাচ্ছে	আমি	2
চাচ্ছে	আমি	প্রোফাইল	2
প্রোফাইল	পিক	নেইম	2
পিক	নেইম	ডেট	2
নেইম	ডেট	অফ	2
বার্থ	দিয়ে	একটা	2
দিয়ে	একটা	ফেইক	2
একটা	ফেইক	ন্যাশনাল	2
ফেইক	ন্যাশনাল	আইডি	2
ন্যাশনাল	আইডি	কার্ডও	2
আইডি	কার্ডও	আপলোড	2
কার্ডও	আপলোড	করছি	2
আপলোড	করছি	বাট	2
করছি	বাট	তারপরেও	2
বাট	তারপরেও	হচ্ছে	2
ওয়াইফাই	ওর	মোবাইল	2
ওর	মোবাইল	ডেটা	2
মোবাইল	ডেটা	যেটা	2
ডেটা	যেটা	দিয়ে	2
যেটা	দিয়ে	ইউজ	2
ইউজ	করি	বাফারিং	2
করি	বাফারিং	করে	2
কি	ইউটিউব	সাইট	2
ইউটিউব	সাইট	থেকে	2
সাইট	থেকে	ট্রেইল	2
থেকে	ট্রেইল	নিচ্ছিলেন	2
থ্যাংকস	ব্রো	এমএসভিপিএন৪	2
ব্রো	এমএসভিপিএন৪	দেয়ার	2
এমএসভিপিএন৪	দেয়ার	জন্য	2
দেয়ার	জন্য	ব্রো	2
জন্য	ব্রো	বেস্ট	2
ব্রো	বেস্ট	অফ	2
ব্রাদার	যদি	পারে	2
পারে	তাহলে	রসায়ন	2
তাহলে	রসায়ন	পড়া	2
রসায়ন	পড়া	সাজেশন	2
পড়া	সাজেশন	টা	2
সাজেশন	টা	দিন	2
আমার	টাকা	মেরে	2
মেরে	দিছে	যদি	2
দিছে	যদি	সেই	2
যদি	সেই	টাকা	2
সেই	টাকা	ফেরত	2
টাকা	ফেরত	দেন	2
ফেরত	দেন	তাহলে	2
দেন	তাহলে	করবো	2
তাহলে	করবো	আর	2
করবো	আর	রেফার	2
আর	রেফার	ও	2
রেফার	ও	করব	2
ভি৪৯	এর	টিডাবলিউআরপি	2
এর	টিডাবলিউআরপি	ফ্ল্যাস	2
টিডাবলিউআরপি	ফ্ল্যাস	দিছি	2
ফ্ল্যাস	দিছি	বাট	2
দিছি	বাট	টিডব্লিউআরপি	2
বাট	টিডব্লিউআরপি	এর	2
টিডব্লিউআরপি	এর	টাচ	2
এর	টাচ	কাজ	2
টাচ	কাজ	করে	2
না	আমি	তিনটা	2
আমি	তিনটা	বাগলেস	2
তিনটা	বাগলেস	টিডব্লিউআরপি	2
বাগলেস	টিডব্লিউআরপি	ও	2
টিডব্লিউআরপি	ও	ট্রাই	2
করেছি	বাট	হচ্ছে	2
থ্যাংকস	ব্রো	অথর	2
ব্রো	অথর	হলে	2
অথর	হলে	আমি	2
হলে	আমি	অনেক	2
এম৩ইউ	ফরম্যাটের	লীগ	2
ফরম্যাটের	লীগ	বা	2
লীগ	বা	ফাইল	2
বা	ফাইল	দেন	2
আই	থিংক	আর	2
থিংক	আর	কেউ	2
আর	কেউ	করুক	2
কেউ	করুক	না	2
করুক	না	করুক	2
না	করুক	আমরা	2
করুক	আমরা	২জন	2
আমরা	২জন	করি	2
ব্রাউজার	এর	ক্ষেত্রে	2
এর	ক্ষেত্রে	কিন্তু	2
ক্ষেত্রে	কিন্তু	এফ	2
কিন্তু	এফ	বি	2
এফ	বি	অ্যাপ	2
বি	অ্যাপ	হলে	2
অ্যাপ	হলে	সেটিং	2
হলে	সেটিং	সামান্য	2
সেটিং	সামান্য	ডিফারেন্ট	2
সামান্য	ডিফারেন্ট	পাবেন	2
শুরুতে	কিছু	এমবি	2
কিছু	এমবি	রাখুন	2
কবে	রিলিজ	হলো	2
রিলিজ	হলো	এমআর	2
হলো	এমআর	যেটা	2
এমআর	যেটা	হয়েছিল	2
যেটা	হয়েছিল	সেই	2
হয়েছিল	সেই	লিস্ট	2
সেই	লিস্ট	সেটা	2
লিস্ট	সেটা	ট্রান্সলেট	2
সেটা	ট্রান্সলেট	করা	2
ট্রান্সলেট	করা	ছিল	2
করা	ছিল	কথাগুলা	2
ছিল	কথাগুলা	টায়	2
কথাগুলা	টায়	ওটা	2
টায়	ওটা	ডিলিট	2
ওটা	ডিলিট	দিয়ে	2
ডিলিট	দিয়ে	দেওয়া	2
দিয়ে	দেওয়া	হইছে	2
ওই	পকিন্নির	পট	2
পকিন্নির	পট	আমি	2
পট	আমি	তোরে	2
আমি	তোরে	কি	2
তোরে	কি	নাটক	2
কি	নাটক	সেকেন্দার	2
নাটক	সেকেন্দার	বস	2
সেকেন্দার	বস	করিম	2
বস	করিম	মনে	2
করিম	মনে	করছে	2
মনে	করছে	কিছু	2
করছে	কিছু	না	2
কিছু	না	যদি	2
না	যদি	গাল	2
যদি	গাল	মারস	2
গাল	মারস	তোর	2
মারস	তোর	আমার	2
তোর	আমার	ছেঁড়া	2
আমার	ছেঁড়া	চেঙ্গের	2
ছেঁড়া	চেঙ্গের	বাল	2
প্লিজ	গিভ	ভিডিও	2
মেনি	থ্যাংকস	ভাই	2
ভাই	পাইছি	এখন	2
পাইছি	এখন	এমবি	2
একটু	পরে	মেইল	2
পরে	মেইল	চেক	2
এগুলার	ডিভিডি	ডিস্ক	2
ডিভিডি	ডিস্ক	আছে	2
ডিস্ক	আছে	আমার	2
আমার	কাছে	অল	2
কাছে	অল	নিউজিও	2
অল	নিউজিও	সেরেছে	2
নিউজিও	সেরেছে	এর	2
সেরেছে	এর	গেম	2
এর	গেম	আছে	2
নাম্বারে	এসএমএস	করলে	2
এসএমএস	করলে	তো	2
তো	টাকা	কাটবে	2
টাকা	কাটবে	এর	2
কাটবে	এর	জন্য	2
এর	জন্য	এসএমএস	2
জন্য	এসএমএস	কিনে	2
এসএমএস	কিনে	রাখবেন	2
কিনে	রাখবেন	স্পেশালি	2
রাখবেন	স্পেশালি	জিএফ	2
স্পেশালি	জিএফ	যাদের	2
জিএফ	যাদের	আছে	2
আছে	তাদের	অলটাইম	2
তাদের	অলটাইম	এসএমএস	2
অলটাইম	এসএমএস	প্যাক	2
এসএমএস	প্যাক	থাকে	2
ব্রো	পিসি	ভিডিও	2
পিসি	ভিডিও	দিলে	2
ইউজ	করি	থ্যাঙ্ককিউ	2
হ্যাঁ	ওর	মাইগ্রেশন	2
ওর	মাইগ্রেশন	হয়ে	2
মাইগ্রেশন	হয়ে	সাবজেক্ট	2
হয়ে	সাবজেক্ট	চেঞ্জ	2
সাবজেক্ট	চেঞ্জ	হবে	2
মোবাইল	নাম্বারে	এসএমএস	2
নাম্বারে	এসএমএস	এর	2
এর	মাধ্যমে	জানাবে	2
মাধ্যমে	জানাবে	আর	2
জানাবে	আর	সাইট	2
আর	সাইট	থেকেও	2
সাইট	থেকেও	জানা	2
থেকেও	জানা	যাবে	2
হুম	অনেক	এমনি	2
অনেক	এমনি	ছোলা	2
এডসেন্সে	রিকোয়েস্ট	করার	2
রিকোয়েস্ট	করার	সময়	2
করার	সময়	সমস্যা	2
সময়	সমস্যা	হবে	2
হবে	না	ওরা	2
না	ওরা	তো	2
ওরা	তো	বুঝেই	2
তো	বুঝেই	যাবে	2
বুঝেই	যাবে	ট্রাফিক	2
যাবে	ট্রাফিক	জেনারেটর	2
ট্রাফিক	জেনারেটর	ফ্রম	2
জেনারেটর	ফ্রম	আর	2
ফ্রম	আর	এত	2
আর	এত	কিছুক্ষণ	2
এত	কিছুক্ষণ	পরপর	2
কিছুক্ষণ	পরপর	ইন্টারস্টেশিয়াল	2
পরপর	ইন্টারস্টেশিয়াল	এড	2
ইন্টারস্টেশিয়াল	এড	লোড	2
এড	লোড	না	2
লোড	না	দিলেও	2
দিলেও	পারতেন	সিম্পল	2
পারতেন	সিম্পল	ওয়েব	2
সিম্পল	ওয়েব	ভিউয়ার	2
ওয়েব	ভিউয়ার	অ্যাপ	2
ভিউয়ার	অ্যাপ	এ	2
অ্যাপ	এ	যাস্ট	2
এ	যাস্ট	নিচের	2
যাস্ট	নিচের	ব্যানার	2
নিচের	ব্যানার	এড	2
ব্যানার	এড	টাই	2
এড	টাই	ভাল	2
টাই	ভাল	ছিল	2
কোন	রুট	লাগবে	2
লাগবে	নাকি	ব্রো	2
নিজেকে	নিজে	ইনভাইট	2
নিজে	ইনভাইট	মেম	2
ইনভাইট	মেম	হ্যাক	2
মেম	হ্যাক	করে	2
করে	পয়েন্ট	নেওয়া	2
পয়েন্ট	নেওয়া	যায়	2
আই	নো	আপনি	2
নো	আপনি	পাস্টে	2
আপনি	পাস্টে	আরেকবার	2
পাস্টে	আরেকবার	ট্রিকবিডি	2
আরেকবার	ট্রিকবিডি	এর	2
ট্রিকবিডি	এর	অথার	2
এর	অথার	ছিলেন	2
জিবি	এমবির	দাম	2
এমবির	দাম	ভরপুর	2
দাম	ভরপুর	নেয়	2
ভরপুর	নেয়	এই	2
নেয়	এই	সিস্টেম	2
এই	সিস্টেম	করলে	2
সিস্টেম	করলে	জিপিতেই	2
করলে	জিপিতেই	সস্তায়	2
জিপিতেই	সস্তায়	এমবি	2
সস্তায়	এমবি	লেয়া	2
এমবি	লেয়া	যাইবো	2
রাইট	ভিপিএন	এ	2
একাউন্ট	খুলতে	এন্ড	2
খুলতে	এন্ড	ইমেল	2
এন্ড	ইমেল	দিলেই	2
ইমেল	দিলেই	কি	2
দিলেই	কি	হয়	2
কিরণমালা	কি	পোস্ট	2
ফাইভ	ওয়েবসাইট	গুগল	2
ওয়েবসাইট	গুগল	ইউজে	2
গুগল	ইউজে	সাবমিট	2
ইউজে	সাবমিট	করে	2
সাবমিট	করে	কিভাবে	2
করে	কিভাবে	এই	2
কিভাবে	এই	বিষয়ে	2
ভাই	এটার	কিছুই	2
এটার	কিছুই	বুঝলাম	2
ভালো	করে	বোঝায়	2
করে	বোঝায়	লিখেন	2
বোঝায়	লিখেন	ভালো	2
লিখেন	ভালো	এফবি	2
ভালো	এফবি	আইডি	2
আইডি	কি	এটা	2
কি	এটা	করব	2
এটা	করব	না	2
করব	না	হ্যাক	2
না	হ্যাক	আইডিতে	2
ভাই	এফবি	মেসেজ	2
এফবি	মেসেজ	ডিসি	2
মেসেজ	ডিসি	দেখেন	2
ডিসি	দেখেন	ভাই	2
ধন্যবাদ	অনেক	সুন্দর	2
অনেক	সুন্দর	ভাবে	2
সুন্দর	ভাবে	লিখছেন	2
ভাই	থেকে	বিএনসি	2
থেকে	বিএনসি	উইথড্র	2
বিএনসি	উইথড্র	কেমনে	2
উইথড্র	কেমনে	করে	2
এইটা	শুধু	বানের	2
শুধু	বানের	জন্য	2
ভাই	বিটকয়েন	এর	2
বিটকয়েন	এর	আইডি	2
আইডি	কিভাবে	খুলব	2
ব্রো	ওয়েবটার্নাল	যদি	2
ওয়েবটার্নাল	যদি	কানেক্টেড	2
যদি	কানেক্টেড	না	2
কানেক্টেড	না	হয়	2
না	হয়	আনলিমিটেড	2
হয়	আনলিমিটেড	শেষ	2
আনলিমিটেড	শেষ	না	2
শেষ	না	করেন	2
করেন	তাইলে	ফাইল	2
তাইলে	ফাইল	আসবে	2
ফাইল	আসবে	না	2
হাহা	মজা	করা	2
মজা	করা	আছে	2
করা	আছে	আসে	2
আছে	আসে	বলে	2
আসে	বলে	আগেই	2
বলে	আগেই	বলেছি	2
আগেই	বলেছি	যারা	2
বলেছি	যারা	জানেন	2
থ্যাংকস	ফর	মোটিভেট	2
ফর	মোটিভেট	মি	2
ভাইয়া	ভিপিএন	টা	2
ভিপিএন	টা	ডাউনলোড	2
হেল্প	করেন	লিংকে	2
করেন	লিংকে	গিয়ে	2
লিংকে	গিয়ে	কোথায়	2
গিয়ে	কোথায়	গেলে	2
কোথায়	গেলে	ডাইরেক	2
গেলে	ডাইরেক	ডাউনলোড	2
ডাইরেক	ডাউনলোড	হবে	2
প্লিজ	প্লিজ	বলুন	2
প্লিজ	বলুন	কিভাবে	2
বলুন	কিভাবে	লোগো	2
কিভাবে	লোগো	সেট	2
লোগো	সেট	করব	2
ভাই	এ	রোড	2
এ	রোড	দেখায়	2
রিমুভ	করতে	পারছিনা	2
পারছিনা	ভাই	প্লিজ	2
পোস্ট	হলে	অবশ্যই	2
হলে	অবশ্যই	অথর	2
অবশ্যই	অথর	হতে	2
ভাই	এটার	প্যাচ	2
এটার	প্যাচ	অলরেডি	2
প্যাচ	অলরেডি	টেনসেন্ড	2
অলরেডি	টেনসেন্ড	এড	2
টেনসেন্ড	এড	করছে	2
এড	করছে	ব্যান্ড	2
করছে	ব্যান্ড	খাবেন	2
ব্যান্ড	খাবেন	খুব	2
খাবেন	খুব	শীঘ্রই	2
ভাই	তাহলে	এমবি	2
তাহলে	এমবি	মেয়াদ	2
এমবি	মেয়াদ	বেশি	2
মেয়াদ	বেশি	করব	2
কফি	ফর্ম	মায়াজাল	2
চ্যানেল	লিংক	কেমনে	2
লিংক	কেমনে	দেয়	2
কেমনে	দেয়	আমি	2
দেয়	আমি	তো	2
আমি	তো	পারি	2
তো	পারি	না	2
আর	এটা	আমাদের	2
এটা	আমাদের	ফ্রেন্ড	2
আমাদের	ফ্রেন্ড	মিলে	2
ফ্রেন্ড	মিলে	চালায়	2
ক্যারি	অন	ভাইয়া	2
দিতে	দেরি	হলে	2
দেরি	হলে	এই	2
হলে	এই	টিউন	2
এই	টিউন	এর	2
টিউন	এর	শেষে	2
এর	শেষে	কন্টাক্ট	2
শেষে	কন্টাক্ট	ব্লগ	2
কন্টাক্ট	ব্লগ	লিঙ্ক	2
ব্লগ	লিঙ্ক	আছে	2
লিঙ্ক	আছে	একটা	2
আছে	একটা	মেসেজ	2
একটা	মেসেজ	দিলে	2
মেসেজ	দিলে	হবে	2
দিলে	হবে	ফর্মে	2
হবে	ফর্মে	যোগাযোগ	2
ফর্মে	যোগাযোগ	ফর্ম	2
যোগাযোগ	ফর্ম	আরও	2
ফর্ম	আরও	পাবেন	2
আরও	পাবেন	ফ্রি	2
পাবেন	ফ্রি	ইমেইল	2
ফ্রি	ইমেইল	তাহলে	2
ইমেইল	তাহলে	আমি	2
তাহলে	আমি	পাব	2
আমি	পাব	বিকজ	2
পাব	বিকজ	ইমেইল	2
বিকজ	ইমেইল	বেশি	2
ইমেইল	বেশি	চেক	2
বেশি	চেক	করা	2
চেক	করা	হয়	2
হয়	এখানে	এর	2
এখানে	এর	বেশি	2
এর	বেশি	আসা	2
বেশি	আসা	হয়	2
আসা	হয়	না	2
আর	পার্সোনাল	লাইফে	2
পার্সোনাল	লাইফে	একটু	2
লাইফে	একটু	বিজি	2
একটু	বিজি	থাকি	2
ভাইয়া	পেপাল	নিয়ে	2
পেপাল	নিয়ে	১টা	2
সালাম	ভাই	আমাকে	2
ভাই	আমাকে	অতর	2
আমাকে	অতর	হতে	2
অতর	হতে	একটু	2
হতে	একটু	হেল্প	2
প্লিজ	আমি	ছয়টা	2
আমি	ছয়টা	পোস্ট	2
ছয়টা	পোস্ট	করছি	2
করছি	বাট	রিভিউ	2
হচ্ছে	না	এডমিনরা	2
না	এডমিনরা	পোস্টগুলো	2
এডমিনরা	পোস্টগুলো	দেখছেই	2
পোস্টগুলো	দেখছেই	না	2
ভাই	কই	পাবো	2
আপনি	কি	সফটওয়্যার	2
কি	সফটওয়্যার	দিয়ে	2
সফটওয়্যার	দিয়ে	ট্রাই	2
অনেক	থ্যাংকস	জীবনে	2
থ্যাংকস	জীবনে	সেকেন্ড	2
জীবনে	সেকেন্ড	ফ্রি	2
সেকেন্ড	ফ্রি	নেট	2
এড	প্যাক	করে	2
প্যাক	করে	কি	2
করে	কি	১দিনে	2
কি	১দিনে	পাব	2
দিয়ে	কিভাবে	কনফিগ	2
কিভাবে	কনফিগ	ফাইল	2
কনফিগ	ফাইল	দেন	2
ফাইল	দেন	না	2
না	হলে	অফিসিয়াল	2
হলে	অফিসিয়াল	ওপেন	2
ভিপিএন	দিয়ে	একটা	2
সার্চ	করেন	পাবেন	2
ভাই	সবই	করছে	2
সবই	করছে	কসুই	2
করছে	কসুই	বাদ	2
কসুই	বাদ	রাখি	2
বাদ	রাখি	নাই	2
রাখি	নাই	কিন্তু	2
নাই	কিন্তু	তাও	2
কিন্তু	তাও	ইউ	2
তাও	ইউ	ডিভাইস	2
ইউ	ডিভাইস	হার্ডওয়ার	2
ডিভাইস	হার্ডওয়ার	কিছু	2
হার্ডওয়ার	কিছু	একটা	2
কিছু	একটা	আস্তাসা	2
একটা	আস্তাসা	হেল্প	2
আস্তাসা	হেল্প	প্লিজ	2
ব্রো	অনেক	কাজ	2
কাজ	আছে	সিপিএ	2
আছে	সিপিএ	মার্কেটিং	2
সিপিএ	মার্কেটিং	করা	2
মার্কেটিং	করা	লাগবে	2
করা	লাগবে	তাই	2
লাগবে	তাই	খুব	2
তাই	খুব	দরকার	2
দরকার	আইডি	নিয়ে	2
আইডি	নিয়ে	কেউ	2
নিয়ে	কেউ	পোস্ট	2
কেউ	পোস্ট	করতে	2
করতে	পারলে	খুব	2
পারলে	খুব	উপকার	2
তো	১০	জিবি	2
১০	জিবি	নিলাম	2
জিবি	নিলাম	আচ্ছা	2
নিলাম	আচ্ছা	পরে	2
আচ্ছা	পরে	কি	2
পরে	কি	রিচার্জ	2
কি	রিচার্জ	করলে	2
রিচার্জ	করলে	টাকা	2
হুম	অন্য	ওয়েতে	2
অন্য	ওয়েতে	কাজ	2
ওয়েতে	কাজ	শিখাব	2
ভালো	হইছে	পোস্টটা	2
হইছে	পোস্টটা	ভাইয়া	2
পোস্টটা	ভাইয়া	প্লিজ	2
ভাইয়া	প্লিজ	ইউটিউব	2
প্লিজ	ইউটিউব	জেন	2
ইউটিউব	জেন	না	2
জেন	না	আছে	2
না	আছে	এই	2
আছে	এই	নিয়ে	2
প্লিজ	ভাই	ভাই	2
ভাই	ভাই	প্লিজ	2
প্লিজ	আমার	এই	2
আমার	এই	রিকোয়েস্টটা	2
এই	রিকোয়েস্টটা	রাইখেন	2
আমি	তো	দুইবার	2
তো	দুইবার	নিয়ে	2
দুইবার	নিয়ে	ফেললাম	2
নিয়ে	ফেললাম	অলরেডি	2
ফালতু	অ্যাপ	স্ক্যাম	2
নাইস	মুভি	নাইস	2
মুভি	নাইস	পোস্ট	2
নাইস	পোস্ট	বাই	2
পোস্ট	বাই	দা	2
দা	ওয়ে	সব	2
ওয়ে	সব	লিখার	2
সব	লিখার	মধ্যে	2
লিখার	মধ্যে	এমন	2
মধ্যে	এমন	আন্ডারলাইন	2
এমন	আন্ডারলাইন	করলেন	2
আন্ডারলাইন	করলেন	কিভাবে	2
ভাই	আনলিমিটেড	বিদেশের	2
আনলিমিটেড	বিদেশের	নাম্বার	2
বিদেশের	নাম্বার	নেওয়ার	2
নাম্বার	নেওয়ার	জন্য	2
অ্যাপ	ইউজ	করব	2
ভাই	ব্রাউজিং	স্পিড	2
ব্রাউজিং	স্পিড	পাফিন	2
স্পিড	পাফিন	প্রো	2
পাফিন	প্রো	এর	2
প্রো	এর	থেকে	2
অনেক	কম	বাট	2
কম	বাট	কিছু	2
বাট	কিছু	সুবিধা	2
কিছু	সুবিধা	আছে	2
সুবিধা	আছে	ডেক্সটপ	2
আছে	ডেক্সটপ	মোডে	2
ডেক্সটপ	মোডে	আমি	2
মোডে	আমি	ইউটিউব	2
আমি	ইউটিউব	চ্যানেলের	2
ইউটিউব	চ্যানেলের	ব্যানার	2
চ্যানেলের	ব্যানার	আপডেট	2
ব্যানার	আপডেট	দিতে	2
আপডেট	দিতে	গেছিলাম	2
দিতে	গেছিলাম	বাট	2
গেছিলাম	বাট	আপলোড	2
বাট	আপলোড	প্রবলেম	2
আপলোড	প্রবলেম	ক্যান	2
প্রবলেম	ক্যান	নট	2
ক্যান	নট	ফোন	2
নট	ফোন	ডাইরেক্টেরি	2
ফোন	ডাইরেক্টেরি	ফুললি	2
ডাইরেক্টেরি	ফুললি	বাগি	2
আইসি	৭৮০৫	এটা	2
৭৮০৫	এটা	কোথায়	2
এটা	কোথায়	পাবো	2
সবচেয়ে	কষ্ট	এই	2
কষ্ট	এই	অ্যাপ	2
অ্যাপ	এ	সো	2
এ	সো	ব্যাড	2
খুলবো	কিভাবে	বলেন	2
আমি	বললাম	আর	2
বললাম	আর	অন্য	2
আর	অন্য	কোন	2
অন্য	কোন	সিস্টেম	2
সিস্টেম	নাই	এটা	2
নাই	এটা	ছাড়া	2
ইউজার	ভাই	এমটিকে	2
ভাই	এমটিকে	৬৫৮২	2
এমটিকে	৬৫৮২	অ্যান্ড্রয়েড	2
৬৫৮২	অ্যান্ড্রয়েড	এর	2
এক্সপোজড	ভালো	কারণ	2
ভালো	কারণ	এক্সপোজ	2
কারণ	এক্সপোজ	দের	2
এক্সপোজ	দের	জন্য	2
অনেক	অনেক	মডিউলস	2
অনেক	মডিউলস	অ্যাভেইলেবল	2
জি	ভাই	আলহামদুলিল্লাহ	2
লিংক	দেওয়ার	ট্রাই	2
দেওয়ার	ট্রাই	দিসি	2
ট্রাই	দিসি	তো	2
দিসি	তো	ব্রো	2
তো	ব্রো	ভালো	2
করে	পোস্টটি	পড়ুন	2
আগের	গুলা	রিমুভ	2
গুলা	রিমুভ	দিন	2
রিমুভ	দিন	তারপর	2
দিন	তারপর	ইন্সটল	2
তারপর	ইন্সটল	দিন	2
জানিয়ে	রাখি	সাপোর্ট	2
রাখি	সাপোর্ট	টিম	2
সাপোর্ট	টিম	এখন	2
টিম	এখন	কম	2
এখন	কম	একটিভ	2
কম	একটিভ	থাকেন	2
একটিভ	থাকেন	সে	2
থাকেন	সে	ক্ষেত্রে	2
সে	ক্ষেত্রে	রিপোর্ট	2
ক্ষেত্রে	রিপোর্ট	ছাড়া	2
রিপোর্ট	ছাড়া	যে	2
ছাড়া	যে	অনেক	2
যে	অনেক	কম	2
অনেক	কম	করেন	2
সরি	সামথিং	ওয়েন্ট	2
ট্রাই	এগেইন	৯৩৪	2
এগেইন	৯৩৪	এইটা	2
৯৩৪	এইটা	আসতেছে	2
এইটা	আসতেছে	বারবার	2
আসতেছে	বারবার	সিন	2
বারবার	সিন	আপ	2
সিন	আপ	করার	2
আপ	করার	সময়	2
সে	পৃথিবীর	সর্বশ্রেষ্ঠ	2
পৃথিবীর	সর্বশ্রেষ্ঠ	মানব	2
সর্বশ্রেষ্ঠ	মানব	মহানবী	2
মানব	মহানবী	মুহাম্মদ	2
মহানবী	মুহাম্মদ	সাঃ	2
মুহাম্মদ	সাঃ	কে	2
সাঃ	কে	অনেক	2
কে	অনেক	নোংরা	2
অনেক	নোংরা	খারাপ	2
নোংরা	খারাপ	ভাষায়	2
খারাপ	ভাষায়	গালি	2
ভাষায়	গালি	দিয়েছে	2
পিকসার্ট	এর	ফুল	2
এর	ফুল	আনলফড	2
ফুল	আনলফড	ভার্শন	2
আনলফড	ভার্শন	টা	2
ভার্শন	টা	লেও	2
টা	লেও	দিতে	2
লেও	দিতে	পারবেন	2
আরে	ভাই	হেয়ার	2
ভাই	হেয়ার	ট্রান্সপ্লান্ট	2
হেয়ার	ট্রান্সপ্লান্ট	কি	2
ট্রান্সপ্লান্ট	কি	বুঝো	2
কি	বুঝো	তুমি	2
বুঝো	তুমি	নাকি	2
তুমি	নাকি	না	2
নাকি	না	বুঝেই	2
না	বুঝেই	বলে	2
বুঝেই	বলে	ফেললা	2
বলে	ফেললা	যদি	2
ফেললা	যদি	বুঝো	2
যদি	বুঝো	তাইলে	2
বুঝো	তাইলে	কও	2
তাইলে	কও	তো	2
কও	তো	হেয়ার	2
তো	হেয়ার	ট্রান্সপ্লান্ট	2
হেয়ার	ট্রান্সপ্লান্ট	কাকে	2
ট্রান্সপ্লান্ট	কাকে	বলে	2
মাইইথার	অন্য	জিনিসের	2
অন্য	জিনিসের	সাইট	2
জিনিসের	সাইট	আমার	2
সাইট	আমার	এই	2
আমার	এই	পোস্ট	2
পোস্ট	দেখেন	বুঝবেন	2
কোডটা	কিভাবে	দিতে	2
কিভাবে	দিতে	হবে	2
দিতে	হবে	এন্ড	2
হবে	এন্ড	কিভাবে	2
এন্ড	কিভাবে	কমেন্ট	2
কিভাবে	কমেন্ট	করতে	2
কমেন্ট	করতে	হবে	2
করতে	হবে	পুরা	2
হবে	পুরা	কোড	2
পুরা	কোড	দিন	2
কোড	দিন	প্লিজ	2
ইউজার	ভাই	কিভাবে	2
ভাই	কিভাবে	ওয়াইফাই	2
কিভাবে	ওয়াইফাই	পাসওয়ার্ড	2
পাসওয়ার্ড	হ্যাক	করব	2
হ্যাক	করব	প্লিজ	2
প্লিজ	প্লিজ	আই	2
প্লিজ	আই	লাভ	2
ভাই	এটা	অ্যাপের	2
এটা	অ্যাপের	সমস্যা	2
অ্যাপের	সমস্যা	এই	2
সমস্যা	এই	পারমিশন	2
এই	পারমিশন	অ্যাপ	2
পারমিশন	অ্যাপ	এর	2
অ্যাপ	এর	ম্যানিফেস্টে	2
এর	ম্যানিফেস্টে	নাই	2
ম্যানিফেস্টে	নাই	বা	2
নাই	বা	আপনার	2
বা	আপনার	ফোনে	2
আপনার	ফোনে	গ্র্যান্ট	2
ফোনে	গ্র্যান্ট	করছে	2
গ্র্যান্ট	করছে	না	2
ভাই	টার্মমুক্স	শেখার	2
টার্মমুক্স	শেখার	মত	2
শেখার	মত	কি	2
মত	কি	কোন	2
কি	কোন	বই	2
কোন	বই	আছে	2
ট্রাই	বিফোর	ইউ	2
বিফোর	ইউ	বাই	2
ইউ	বাই	উই	2
বাই	উই	আর	2
উই	আর	সরি	2
আর	সরি	বাট	2
সরি	বাট	ইট	2
বাট	ইট	সিমস	2
ইট	সিমস	ইউ	2
সিমস	ইউ	হ্যাভ	2
ইউ	হ্যাভ	নেভার	2
হ্যাভ	নেভার	ইউজড	2
নেভার	ইউজড	ইউর	2
ইউজড	ইউর	অ্যাকাউন্ট	2
ইউর	অ্যাকাউন্ট	এমন	2
অ্যাকাউন্ট	এমন	লেখা	2
এমন	লেখা	আসছে	2
লেখা	আসছে	ওইখানে	2
আসছে	ওইখানে	অ্যাকাউন্ট	2
ওইখানে	অ্যাকাউন্ট	খুলছি	2
অ্যাকাউন্ট	খুলছি	৮	2
খুলছি	৮	সময়	2
৮	সময়	হইছে	2
রিমুভ	তো	হয়	2
না	শুধু	ওই	2
শুধু	ওই	জায়গাটুকু	2
ওই	জায়গাটুকু	ব্লার	2
জায়গাটুকু	ব্লার	হয়	2
এটা	আমার	দের	2
আমার	দের	কাজ	2
দের	কাজ	না	2
কাজ	না	আর	2
আর	এটা	আমরা	2
এটা	আমরা	করতে	2
আমরা	করতে	পারবো	2
পারবো	না	এইসন	2
না	এইসন	এডমিন	2
এইসন	এডমিন	এই	2
এডমিন	এই	করতে	2
এই	করতে	পারে	2
সিমপ্লেক্স	ভিপিএন	টা	2
ভিপিএন	টা	দেন	2
দেন	তো	ভাই	2
আপনার	টেলিগ্রাম	আইডিতে	2
টেলিগ্রাম	আইডিতে	অনেকদিন	2
আইডিতে	অনেকদিন	আগে	2
আগে	থেকেই	চাইছি	2
থেকেই	চাইছি	ভাই	2
চাইছি	ভাই	পাইনি	2
ফ্রিডমে	একটা	অ্যাকাউন্ট	2
একটা	অ্যাকাউন্ট	খুলতে	2
অ্যাকাউন্ট	খুলতে	টাকা	2
খুলতে	টাকা	লাগে	2
জানতাম	বলতে	মনে	2
বলতে	মনে	ছিল	2
মনে	ছিল	না	2
না	এখন	সব	2
এখন	সব	ফিক্সড	2
সব	ফিক্সড	দেখে	2
ফিক্সড	দেখে	নিন	2
ভাইয়া	এডিবি	কি	2
ডেভলপার	মোড	পাবেন	2
কোনভাবে	আইপি	চেঞ্জ	2
যাভা	জন্য	কোন	2
জন্য	কোন	ট্রিক্স	2
কোন	ট্রিক্স	নে	2
জাস্ট	একসেস	পয়েন্ট	2
একসেস	পয়েন্ট	এডিট	2
পয়েন্ট	এডিট	কোন	2
এডিট	কোন	হ্যাণ্ডলার	2
কোন	হ্যাণ্ডলার	লাগবে	2
হ্যাণ্ডলার	লাগবে	না	2
লাগবে	না	সার্ভারও	2
না	সার্ভারও	না	2
সার্ভারও	না	অপেরা	2
না	অপেরা	মিনি	2
অপেরা	মিনি	অফিসিয়াল	2
মিনি	অফিসিয়াল	টা	2
অফিসিয়াল	টা	দিয়ে	2
আপনি	রেগুলার	ভিজিটর	2
রেগুলার	ভিজিটর	না	2
ভিজিটর	না	তাই	2
না	তাই	দেখেন	2
তাই	দেখেন	নাই	2
সিম্ফনি	আই৬৮	কিবে	2
আই৬৮	কিবে	রুট	2
কিবে	রুট	করব	2
১	জিপি	সাথে	2
জিপি	সাথে	২৫	2
সাথে	২৫	এমবি	2
এমবি	ফ্রি	নাকি	2
প্লে	স্টোরে	অ্যাপে	2
স্টোরে	অ্যাপে	অনেকে	2
অ্যাপে	অনেকে	ফেক	2
অনেকে	ফেক	কমেন্টস	2
ফেক	কমেন্টস	করছে	2
কমেন্টস	করছে	কেন	2
মিয়া	কি	লিংক	2
কি	লিংক	দিছেন	2
লিংক	দিছেন	কাজ	2
দিছেন	কাজ	করে	2
করে	না	ভালো	2
না	ভালো	লংক	2
ভালো	লংক	দেন	2
শব্দ	ফন্ট	ইনস্টল	2
ফন্ট	ইনস্টল	করব	2
তো	এনআইডি	এন্ড	2
এনআইডি	এন্ড	ব্যাংক	2
এন্ড	ব্যাংক	একাউন্ট	2
একাউন্ট	দিয়ে	একটা	2
দিয়ে	একটা	পেওনের	2
একটা	পেওনের	একাউন্ট	2
পেওনের	একাউন্ট	করা	2
একাউন্ট	করা	আছে	2
আছে	তবুও	কি	2
তবুও	কি	সাইন	2
করতে	হবে	নতুন	2
হবে	নতুন	করে	2
আমার	নিজের	না	2
নিজের	না	আপনি	2
না	আপনি	কাজ	2
আপনি	কাজ	না	2
না	করলে	নো	2
লাইট	ওয়েট	অ্যাপস্নান	2
ওয়েট	অ্যাপস্নান	করে	2
অ্যাপস্নান	করে	ভাই	2
করে	ভাই	টুকটাক	2
ভাই	টুকটাক	কাজ	2
টুকটাক	কাজ	সারতে	2
কাজ	সারতে	পারবেন	2
ভালো	অ্যাপ	আমার	2
অ্যাপ	আমার	ফোন	2
আমার	ফোন	ভাই	2
ফোন	ভাই	সব	2
ভাই	সব	সেন্সর	2
সব	সেন্সর	নাই	2
এটার	জন্য	অ্যাপ	2
জন্য	অ্যাপ	না	2
অ্যাপ	না	হলেও	2
ভাষা	ঠিক	করে	2
ঠিক	করে	কথা	2
করে	কথা	বলুন	2
কথা	বলুন	তাইলে	2
বলুন	তাইলে	এর	2
তাইলে	এর	চেয়ে	2
চেয়ে	ভালো	ভিপিএন	2
ভালো	ভিপিএন	দেয়ার	2
ভিপিএন	দেয়ার	জন্য	2
দেয়ার	জন্য	মানসিকতা	2
জন্য	মানসিকতা	পেতাম	2
উচ্চারণের	ব্যবধানে	এখানে	2
ব্যবধানে	এখানে	মাসালমিনা	2
এখানে	মাসালমিনা	দেওয়া	2
মাসালমিনা	দেওয়া	হইছা	2
পি	কে	এনালাইজার	2
কে	এনালাইজার	এন্ড	2
এনালাইজার	এন্ড	এন্টিপ্সীট	2
এন্ড	এন্টিপ্সীট	এর	2
এন্টিপ্সীট	এর	ডাউনলোড	2
ডাউনলোড	পেইজেস	আসেনা	2
পেইজেস	আসেনা	ডাউনলোড	2
আসেনা	ডাউনলোড	তে	2
ডাউনলোড	তে	ক্লিক	2
ক্লিক	করলে	নট	2
করলে	নট	ফাউন্ড	2
ফাউন্ড	দেখায়	লিংকটা	2
দেখায়	লিংকটা	ঠিক	2
জি	ভাইয়া	যাবে	2
৪৯	কিভাবে	পেলেন	2
কানেক্টেড	হয়	বা	2
হয়	বা	চলে	2
বা	চলে	না	2
ভাই	কি	চালাকি	2
কি	চালাকি	করেন	2
চালাকি	করেন	এটাতে	2
করেন	এটাতে	দেখলাম	2
এটাতে	দেখলাম	এইচটিটিপি	2
দেখলাম	এইচটিটিপি	টা	2
এইচটিটিপি	টা	এম	2
টা	এম	ফেইসবুক	2
এম	ফেইসবুক	কমাচ্ছে	2
ফেইসবুক	কমাচ্ছে	মানে	2
কমাচ্ছে	মানে	সোশ্যাল	2
মানে	সোশ্যাল	এমবি	2
সোশ্যাল	এমবি	ছাড়া	2
এমবি	ছাড়া	এটা	2
ছাড়া	এটা	চলবে	2
এটা	চলবে	না	2
কেউ	ডাউনলোড	দিবেন	2
ডাউনলোড	দিবেন	না	2
দিবেন	না	এটা	2
এটা	একটা	বাজে	2
একটা	বাজে	ট্রিক্স	2
বাজে	ট্রিক্স	আমি	2
ট্রিক্স	আমি	মোবাইল	2
মোবাইল	দিয়ে	কালি	2
দিয়ে	কালি	লিনাক্স	2
কালি	লিনাক্স	চালাই	2
লিনাক্স	চালাই	এন্ড	2
চালাই	এন্ড	ওয়াইফাই	2
এন্ড	ওয়াইফাই	হ্যাক	2
ওয়াইফাই	হ্যাক	কোন	2
হ্যাক	কোন	ধরনের	2
কোন	ধরনের	আইসো	2
ধরনের	আইসো	ফাইল	2
আইসো	ফাইল	ডাউনলোড	2
ফাইল	ডাউনলোড	না	2
ডাউনলোড	না	দিয়েই	2
না	দিয়েই	চালানো	2
দিয়েই	চালানো	যায়	2
চালানো	যায়	আমি	2
যায়	আমি	দিনের	2
আমি	দিনের	মধ্যে	2
দিনের	মধ্যে	ইনশাল্লাহ	2
মধ্যে	ইনশাল্লাহ	পোস্ট	2
ইনশাল্লাহ	পোস্ট	করব	2
পোস্ট	তবে	লিখে	2
তবে	লিখে	দিলে	2
আমাদের	সাইটের	রেজিস্টার্ড	2
সাইটের	রেজিস্টার্ড	করা	2
রেজিস্টার্ড	করা	যায়	2
যায়	না	ফর্মটা	2
না	ফর্মটা	পূরণ	2
ফর্মটা	পূরণ	করুন	2
পূরণ	করুন	আইডি	2
করুন	আইডি	পেয়ে	2
কিছুদিন	ওয়েট	করেন	2
ওয়েট	করেন	দেখবে	2
করব	কিভাবে	ডাউনলোড	2
কিভাবে	ডাউনলোড	তো	2
আবার	ডাউনলোড	হচ্ছে	2
তোমাদের	কাছে	হেল্প	2
কাছে	হেল্প	চাইলে	2
হেল্প	চাইলে	কি	2
চাইলে	কি	তোমাদের	2
কি	তোমাদের	দাম	2
তোমাদের	দাম	বেড়ে	2
দাম	বেড়ে	যায়	2
বেড়ে	যায়	নাকি	2
নো	ব্লুটুথ	ডিভাইস	2
ব্লুটুথ	ডিভাইস	ওয়াজ	2
ডিভাইস	ওয়াজ	ডিটেকটেড	2
ওয়াজ	ডিটেকটেড	প্লিজ	2
ডিটেকটেড	প্লিজ	মেক	2
প্লিজ	মেক	সিওর	2
মেক	সিওর	দ্যাট	2
সিওর	দ্যাট	ইউ	2
দ্যাট	ইউ	ব্লুটুথ	2
ইউ	ব্লুটুথ	ডিভাইস	2
ব্লুটুথ	ডিভাইস	ইজ	2
ডিভাইস	ইজ	প্লাগড	2
ইজ	প্লাগড	প্রপারলি	2
প্লাগড	প্রপারলি	ইন	2
প্রপারলি	ইন	অর্ডার	2
ইন	অর্ডার	কন্টিনিউ	2
অর্ডার	কন্টিনিউ	ইনস্টলেশন	2
কন্টিনিউ	ইনস্টলেশন	ব্লুটুথ	2
ইনস্টলেশন	ব্লুটুথ	সফটওয়্যার	2
ব্লুটুথ	সফটওয়্যার	ইন্সটল	2
সফটওয়্যার	ইন্সটল	দিলেই	2
ইন্সটল	দিলেই	এই	2
দিলেই	এই	লেখাটা	2
এই	লেখাটা	আসে	2
ভাই	ইনসাফিশিয়ান	দেখায়	2
ইনসাফিশিয়ান	দেখায়	আমার	2
দেখায়	আমার	মাত্র	2
আমার	মাত্র	আপনার	2
মাত্র	আপনার	নাম্বার	2
নাম্বার	দেন	ভাই	2
দেন	ভাই	একটু	2
এক্সিলেন্ট	পোস্ট	ঠিক	2
পোস্ট	ঠিক	এই	2
ঠিক	এই	টাইপের	2
এই	টাইপের	একটা	2
টাইপের	একটা	পোস্টের	2
একটা	পোস্টের	অপেক্ষায়	2
পোস্টের	অপেক্ষায়	ছিলাম	2
ভাই	ভার্জেন	৬	2
ভার্জেন	৬	পয়েন্ট	2
৬	পয়েন্ট	এটা	2
পয়েন্ট	এটা	কি	2
কি	শুধু	শো	2
শুধু	শো	করবে	2
করবে	নাকি	কাজও	2
নাকি	কাজও	করবে	2
কাজও	করবে	আর	2
এটা	কিভাবে	সেট	2
কিভাবে	সেট	আপ	2
সেট	আপ	দিব	2
আপ	দিব	বুঝলাম	2
দিব	বুঝলাম	না	2
দুইদিন	তে	এসে	2
তে	এসে	খুব	2
এসে	খুব	পোস্ট	2
খুব	পোস্ট	মরতেন	2
পোস্ট	মরতেন	তা	2
মরতেন	তা	এখন	2
তা	এখন	কই	2
এখন	কই	আপনার	2
এত	বড়	কমেন্ট	2
বড়	কমেন্ট	করার	2
কমেন্ট	করার	কোন	2
করার	কোন	দরকার	2
কোন	দরকার	আছে	2
দরকার	আছে	রিয়েলি	2
আছে	রিয়েলি	আ	2
রিয়েলি	আ	আবাল	2
মি	ডোমেইন	লাগবে	2
ডোমেইন	লাগবে	আমাকে	2
লাগবে	আমাকে	প্লিজ	2
আমাকে	প্লিজ	ইনবক্স	2
হা	ট্রিকবিডি	এর	2
ট্রিকবিডি	এর	অথরদের	2
এর	অথরদের	মূল্য	2
অথরদের	মূল্য	দিতে	2
মূল্য	দিতে	জানে	2
দিতে	জানে	না	2
জানে	না	ভালো	2
পোস্ট	করলে	ব্যান	2
এটার	নাকি	আবার	2
নাকি	আবার	লাইসেন্স	2
আবার	লাইসেন্স	লাগে	2
লাইসেন্স	লাগে	লাইসেন্স	2
লাগে	লাইসেন্স	পাবো	2
লাইসেন্স	পাবো	কই	2
স্যামসাং	জে২	প্লিজ	2
জে২	প্লিজ	কাস্টম	2
প্লিজ	কাস্টম	রিকভারি	2
ব্রো	এপিকে	আর	2
এপিকে	আর	এসডিকে	2
আর	এসডিকে	চেঞ্জ	2
এসডিকে	চেঞ্জ	করতে	2
হবে	নাকি	কাস্টম	2
নাকি	কাস্টম	রম	2
কাস্টম	রম	আর	2
আমার	ফোন	এখন	2
ফোন	এখন	কিভাবে	2
এখন	কিভাবে	৩	2
কিভাবে	৩	জিবি	2
৩	জিবি	বা	2
জিবি	বা	চার	2
বা	চার	জিবি	2
চার	জিবি	র‍্যাম	2
জিবি	র‍্যাম	বাড়ালে	2
র‍্যাম	বাড়ালে	কি	2
বাড়ালে	কি	কোন	2
প্রবলেম	হবে	আমার	2
হবে	আমার	ফোনে	2
আমার	ফোনে	এখনো	2
ফোনে	এখনো	২০	2
এখনো	২০	জিবি	2
২০	জিবি	রোম	2
জিবি	রোম	ফাকা	2
রোম	ফাকা	আছে	2
কুত্তার	বাচ্চা	এটা	2
বাচ্চা	এটা	আমি	2
এটা	আমি	তোর	2
আমি	তোর	সাথে	2
তোর	সাথে	সিএইচএলজি	2
সাথে	সিএইচএলজি	ও	2
সিএইচএলজি	ও	আসবে	2
ইজি	নেটের	মত	2
নেটের	মত	ফ্রি	2
ফ্রি	নেট	আসতে	2
নেট	আসতে	আরো	2
আসতে	আরো	অনেক	2
আরো	অনেক	দেরি	2
দেরি	হবে	বলে	2
মনে	হয়	ততদিনে	2
হয়	ততদিনে	ড্রয়ড	2
ততদিনে	ড্রয়ড	ভিপিএন	2
ড্রয়ড	ভিপিএন	চালাতে	2
ভিপিএন	চালাতে	হবে	2
চালাতে	হবে	নাঈম	2
হবে	নাঈম	আমার	2
নাঈম	আমার	চেয়ে	2
আমার	চেয়ে	কানা	2
কানা	মামা	ভাল	2
আমাকে	একটা	ভিপিএন	2
এর	একাউন্ট	খুলে	2
একাউন্ট	খুলে	দিন	2
খুলে	দিন	আমি	2
দিন	আমি	খুলতে	2
আমি	খুলতে	পারিনা	2
খুলতে	পারিনা	প্লিজ	2
পারিনা	প্লিজ	একটা	2
প্লিজ	একটা	অ্যাকাউন্ট	2
একটা	অ্যাকাউন্ট	দিন	2
এটা	কি	ফেসবুক	2
কি	ফেসবুক	হ্যাক	2
ফেসবুক	হ্যাক	হবার	2
হ্যাক	হবার	সম্ভাবনা	2
আছে	নাকি	ফ্রি	2
নাকি	ফ্রি	মাইন্ডে	2
ফ্রি	মাইন্ডে	চালাতে	2
মাইন্ডে	চালাতে	পারবো	2
ভাই	খুলনাতে	এই	2
খুলনাতে	এই	দোকান	2
এই	দোকান	কোথায়	2
দোকান	কোথায়	আছে	2
কোথায়	আছে	একটু	2
আছে	একটু	বলবেন	2
ইউজার	ট্রাই	করেন	2
সার্ভার	টা	ঠিক	2
টা	ঠিক	হোক	2
ঠিক	হোক	তারপর	2
হোক	তারপর	দিচ্ছি	2
রুট	করার	ওয়ে	2
পারলাম	না	ব্রো	2
কেন	ভাই	আমি	2
আমি	ট্রাই	করেই	2
ট্রাই	করেই	পোস্ট	2
করেই	পোস্ট	করছি	2
কি	ট্রিক	মি	2
ট্রিক	মি	ইউজার	2
বাট	অনলি	আইএমজি	2
অনলি	আইএমজি	ফাইল	2
আইএমজি	ফাইল	ক্রিয়েট	2
ক্রিয়েট	হয়	ইন্সটল	2
হয়	ইন্সটল	দিব	2
ইন্সটল	দিব	কেমনে	2
ইউজার	ভাই	আই	2
ভাই	আই	পেয়ে	2
আই	পেয়ে	এখন	2
পেয়ে	এখন	টাকা	2
আইডি	পাইসি	থ্যাংকস	2
পাইসি	থ্যাংকস	ব্রো	2
জেন	ইউটিউব	ইস	2
ইউটিউব	ইস	দা	2
ইস	দা	ফসেস্ট	2
দা	ফসেস্ট	বেস্ট	2
ফসেস্ট	বেস্ট	ইউটিউব	2
বেস্ট	ইউটিউব	ভিডিও	2
ভিডিও	ডাউনলোড	সাইট	2
এটা	শব্দ	আবালরা	2
শব্দ	আবালরা	পাবে	2
কমেন্ট	করে	কোন	2
করে	কোন	লাভ	2
কোন	লাভ	নাই	2
লাভ	নাই	পার্সোনালি	2
নাই	পার্সোনালি	এডমিন	2
পার্সোনালি	এডমিন	কে	2
কে	ইমেইল	করতে	2
ইমেইল	করতে	হবে	2
ভাইয়া	মাদ্রাসার	ক্লাস	2
মাদ্রাসার	ক্লাস	৯ম	2
ক্লাস	৯ম	অ্যানসার	2
৯ম	অ্যানসার	শীট	2
অ্যানসার	শীট	পাওয়া	2
শীট	পাওয়া	যাবে	2
পাওয়া	যাবে	কবে	2
ওয়ার্ডপ্রেস	এ	থিম	2
এ	থিম	আপলোড	2
থিম	আপলোড	দিলে	2
আপলোড	দিলে	আপডেট	2
দিলে	আপডেট	করতে	2
আপডেট	করতে	বলে	2
বলে	এখন	এটা	2
এখন	এটা	কেমনে	2
এটা	কেমনে	আপলোড	2
হেল্প	প্লিজ	লোডিং	2
প্লিজ	লোডিং	দেখায়	2
লোডিং	দেখায়	কাজ	2
দেখায়	কাজ	হচ্ছে	2
আমি	পারি	কিন্তু	2
পারি	কিন্তু	সরি	2
কিন্তু	সরি	আমাকে	2
সরি	আমাকে	এডমিন	2
আমাকে	এডমিন	টিউনার	2
এডমিন	টিউনার	করলে	2
টিউনার	করলে	এই	2
করলে	এই	পোস্টটা	2
এই	পোস্টটা	করবো	2
পোস্টটা	করবো	না	2
করবো	না	করলে	2
না	করলে	নাই	2
ব্ল্যাক	মারট	দিয়ে	2
মারট	দিয়ে	কোন	2
কিছু	ডাউনলোড	দিয়ে	2
ডাউনলোড	দিয়ে	ইনস্টল	2
ইনস্টল	করা	যাচ্ছে	2
যাচ্ছে	না	দেয়ার	2
না	দেয়ার	ওয়াজ	2
দেয়ার	ওয়াজ	আ	2
ওয়াজ	আ	প্রবলেম	2
আ	প্রবলেম	পারসিং	2
প্রবলেম	পারসিং	দা	2
পারসিং	দা	প্যাকেজ	2
দা	প্যাকেজ	এই	2
প্যাকেজ	এই	লেখা	2
এই	লেখা	দেখাচ্ছে	2
ভাই	আপনারা	এখনো	2
আপনারা	এখনো	বুঝতে	2
এখনো	বুঝতে	পারোনি	2
বুঝতে	পারোনি	এই	2
পারোনি	এই	সাইট	2
সাইট	শুধু	আমাদেরকে	2
শুধু	আমাদেরকে	দর্শক	2
আমাদেরকে	দর্শক	হিসেবে	2
দর্শক	হিসেবে	থুইছে	2
হিসেবে	থুইছে	আর	2
থুইছে	আর	এই	2
আর	এই	সাথে	2
এই	সাথে	ঘুষখোর	2
সাথে	ঘুষখোর	সাইটেই	2
ঘুষখোর	সাইটেই	সাইটে	2
সাইটেই	সাইটে	এখনো	2
সাইটে	এখনো	আছেন	2
এখনো	আছেন	আপনারা	2
আছেন	আপনারা	বিদায়	2
আপনারা	বিদায়	নিলে	2
বিদায়	নিলে	নেন	2
নিলে	নেন	না	2
নেন	না	হলে	2
না	হলে	ডাকুন	2
হলে	ডাকুন	আমি	2
ডাকুন	আমি	বাইদাই	2
থ্যাংকস	ভাইয়া	লিংকটার	2
ভাইয়া	লিংকটার	কাটা	2
লিংকটার	কাটা	প্রবলেম	2
কাটা	প্রবলেম	হইছে	2
এইটার	জন্য	এত	2
জন্য	এত	কাহিনী	2
এত	কাহিনী	এটা	2
কাহিনী	এটা	তো	2
সবাই	জানে	নিউ	2
জানে	নিউ	মেসেজার	2
নিউ	মেসেজার	ইউজ	2
মেসেজার	ইউজ	করতেছেন	2
অনেকদিন	পর	আইলা	2
পর	আইলা	ভাইয়া	2
হুম	ভাই	দেখি	2
ভাই	দেখি	থ্যাঙ্কস	2
দেখি	থ্যাঙ্কস	ফর	2
থ্যাঙ্কস	ফর	শেয়ার	2
ভাই	আপনি	কয়জনের	2
আপনি	কয়জনের	জায়গা	2
কয়জনের	জায়গা	করে	2
জায়গা	করে	নিছেন	2
না	দিলে	প্রবলেম	2
দিলে	প্রবলেম	নাই	2
টেলিগ্রামে	আপডেট	পাবেন	2
আপডেট	পাবেন	রেগুলার	2
পাবেন	রেগুলার	তো	2
রেগুলার	তো	একই	2
তো	একই	টপিক	2
একই	টপিক	পোস্ট	2
টপিক	পোস্ট	করতে	2
পারবো	না	ভাই	2
অ্যাকাউন্ট	খুলতে	৭	2
খুলতে	৭	দিন	2
৭	দিন	লাগবে	2
বাট	ডিএলএস	১৮	2
ডিএলএস	১৮	লাকি	2
১৮	লাকি	প্যাচের	2
দিয়ে	হ্যাক	হয়	2
হুম	ব্রো	ঐ	2
ব্রো	ঐ	রকমই	2
সব	পোস্ট	নাইস	2
হুম	থ্যাংকস	ফর	2
থ্যাংকস	ফর	কমেন্টস	2
যাবে	ফন্ট	নেম	2
ফন্ট	নেম	রাজন	2
নেম	রাজন	শৈলী	2
এসসিআর	দেয়া	আপনি	2
দেয়া	আপনি	সহজেই	2
আপনি	সহজেই	স্ক্রিন	2
সহজেই	স্ক্রিন	ভিডিও	2
স্ক্রিন	ভিডিও	করতে	2
ভিডিও	করতে	পারবেন	2
আপনিতো	পোস্টটা	পড়েননি	2
পোস্টটা	পড়েননি	তাহলে	2
পড়েননি	তাহলে	বুঝবেন	2
তাহলে	বুঝবেন	কি	2
বুঝবেন	কি	করে	2
কি	করে	আবার	2
করে	আবার	এফবি	2
আবার	এফবি	লিঙ্ক	2
এফবি	লিঙ্ক	চাচ্ছেন	2
লিঙ্ক	চাচ্ছেন	এফবি	2
চাচ্ছেন	এফবি	লিংক	2
লিংক	আমার	পোস্টে	2
আমার	পোস্টে	দেয়া	2
ব্রো	আমার	সিম্ফনি	2
আমার	সিম্ফনি	ভি১৩০	2
সিম্ফনি	ভি১৩০	ফোনে	2
ভি১৩০	ফোনে	লঞ্চার	2
ফোনে	লঞ্চার	এড	2
লঞ্চার	এড	হয়	2
এড	হয়	না	2
ব্রো	মেয়াদ	১দিন	2
মেয়াদ	১দিন	মাত্র	2
উইকিপিডিয়া	আমার	আইপি	2
আমার	আইপি	ব্লকড	2
ব্লকড	দেখায়	আমি	2
দেখায়	আমি	কি	2
আমি	পাইনি	এখনো	2
মামা	হইছে	ডেয়ারিং	2
হইছে	ডেয়ারিং	কাজ	2
ডেয়ারিং	কাজ	করতাছে	2
খুব	ভালো	ভাই	2
ভালো	ভাই	অলক	2
ভাই	অলক	কত	2
অলক	কত	ডায়মন	2
কত	ডায়মন	লাগে	2
এনোনি	টুন	এ	2
টুন	এ	অনেক	2
এ	অনেক	পরিমাণ	2
অনেক	পরিমাণ	গুগল	2
পরিমাণ	গুগল	অ্যাড	2
গুগল	অ্যাড	আসে	2
আসে	এই	কারণে	2
এই	কারণে	অনেক	2
কারণে	অনেক	এমবি	2
অনেক	এমবি	লস	2
এমবি	লস	হয়	2
ভাই	আপনাকে	ধন্যবাদ	2
তাহলে	ভাই	মেইল	2
ভাই	মেইল	করে	2
মেইল	করে	দেন	2
উইকিবিয়েন	কি	ব্লগার	2
কি	ব্লগার	দিয়ে	2
মানে	ওয়াইফাই	কানেক্ট	2
ওয়াইফাই	কানেক্ট	কিভাবে	2
কানেক্ট	কিভাবে	করব	2
কিভাবে	করব	কোন	2
করব	কোন	ওয়্যার	2
কোন	ওয়্যার	না	2
ওয়্যার	না	লাগাইয়া	2
না	ভাই	এখন	2
এখন	আর	পালু	2
আর	পালু	নাই	2
পালু	নাই	তবে	2
নাই	তবে	৪	2
তবে	৪	টাকায়	2
৪	টাকায়	এখন	2
টাকায়	এখন	২৫০	2
এখন	২৫০	এমবি	2
২৫০	এমবি	দেয়	2
হুম	করতে	পারেন	2
করতে	পারেন	এখন	2
পারেন	এখন	মানুষ	2
এখন	মানুষ	যেটা	2
মানুষ	যেটা	ভালো	2
ভালো	মনে	করবে	2
মনে	করবে	যাদের	2
করবে	যাদের	সার্ভিস	2
যাদের	সার্ভিস	ভালো	2
সার্ভিস	ভালো	তাদের	2
ভালো	তাদের	তেকেই	2
তাদের	তেকেই	নিবে	2
ম	ভাই	তুমি	2
ভাই	তুমি	রিপোর্ট	2
তুমি	রিপোর্ট	দিতে	2
রিপোর্ট	দিতে	চাচ্ছিলাম	2
দিতে	চাচ্ছিলাম	যে	2
চাচ্ছিলাম	যে	উইজবিডি	2
যে	উইজবিডি	ভাই	2
উইজবিডি	ভাই	আমাকে	2
ভাই	আমাকে	অফার	2
আমাকে	অফার	বানানোর	2
অফার	বানানোর	চেষ্টা	2
বানানোর	চেষ্টা	করুন	2
চেষ্টা	করুন	ট্রিকবিডিতে	2
আইডি	দিন	একটু	2
দিন	একটু	কাজ	2
একটু	কাজ	আছে	2
পার্সোনাল	ইমেইল	পাবলিকলি	2
ইমেইল	পাবলিকলি	দেয়া	2
পাবলিকলি	দেয়া	পসিবল	2
দেয়া	পসিবল	এ	2
হেল্পস	মি	এডসেন্স	2
মি	এডসেন্স	একাউন্ট	2
এডসেন্স	একাউন্ট	অ্যাপপ্রুভড	2
একাউন্ট	অ্যাপপ্রুভড	করতেছে	2
অ্যাপপ্রুভড	করতেছে	না	2
আমাদের	গ্রামে	সবার	2
গ্রামে	সবার	ডিসকানেক্ট	2
সবার	ডিসকানেক্ট	হইছে	2
ডিসকানেক্ট	হইছে	বাট	2
ব্রো	আপনে	আমাকে	2
আপনে	আমাকে	অক্সিজেন	2
আমাকে	অক্সিজেন	ওএস	2
অক্সিজেন	ওএস	কার্নেল	2
ওএস	কার্নেল	এর	2
কার্নেল	এর	লিংক	2
টা	দিতেন	যদি	2
দিতেন	যদি	কষ্ট	2
কষ্ট	করে	ভালো	2
করে	ভালো	হতো	2
টেলিগ্রাম	এ	কত	2
এ	কত	লিড	2
কত	লিড	কয়েন	2
লিড	কয়েন	হলে	2
কয়েন	হলে	উইদ্র	2
হলে	উইদ্র	নিতে	2
উইদ্র	নিতে	পারব	2
শালার	পাছায়	লাথি	2
পাছায়	লাথি	মারা	2
লাথি	মারা	উচিত	2
মারা	উচিত	ইউজার	2
উচিত	ইউজার	কি	2
ইউজার	কি	দেখে	2
কি	দেখে	এদেরকে	2
দেখে	এদেরকে	ব্লক	2
এদেরকে	ব্লক	করতে	2
হোসেনাবাদ	কোন	ভিলেজে	2
কোন	ভিলেজে	থাকেন	2
ভিলেজে	থাকেন	ভাই	2
এই	অফার	এখন	2
অফার	এখন	আর	2
আর	নেই	বন্ধ	2
নেই	বন্ধ	করে	2
ভাই	লেখায়	লিংক	2
লেখায়	লিংক	দেয়	2
কেউ	কি	প্লিজ	2
কি	প্লিজ	ওয়ার্ডপ্রেস	2
প্লিজ	ওয়ার্ডপ্রেস	শুরু	2
ওয়ার্ডপ্রেস	শুরু	মানে	2
শুরু	মানে	রেজিস্টার	2
মানে	রেজিস্টার	থেকে	2
রেজিস্টার	থেকে	এফটিপি	2
থেকে	এফটিপি	হোস্ট	2
এফটিপি	হোস্ট	এন্ড	2
হোস্ট	এন্ড	চেঞ্জ	2
এন্ড	চেঞ্জ	পর্যন্ত	2
চেঞ্জ	পর্যন্ত	একটা	2
পোস্ট	করবেন	ভিডিও	2
করবেন	ভিডিও	সহ	2
আমার	কথা	কি	2
কথা	কি	আপনার	2
কি	আপনার	মনে	2
আপনার	মনে	আছে	2
ক্লেশ	অফ	ক্লান্স	2
ক্লান্স	এর	ফিশিং	2
এর	ফিশিং	কোড	2
ফিশিং	কোড	কার	2
কোড	কার	কাছে	2
কার	কাছে	আছে	2
দারুন	দেখে	মনে	2
মনে	হচ্ছে	নিজের	2
হচ্ছে	নিজের	মত	2
নিজের	মত	আরো	2
মত	আরো	কাস্টমাইজ	2
আরো	কাস্টমাইজ	করা	2
কাস্টমাইজ	করা	যাবে	2
করা	যাবে	সো	2
যাবে	সো	একবার	2
সো	একবার	তো	2
একবার	তো	চালাইতেই	2
তো	চালাইতেই	হয়	2
চালাইতেই	হয়	আচ্ছা	2
হয়	আচ্ছা	চার্জ	2
আচ্ছা	চার্জ	কি	2
চার্জ	কি	বেশি	2
কি	বেশি	কাটে	2
নাইস	নিউ	অথর	2
নিউ	অথর	কংগ্রাচুলেশন্স	2
আপনার	চ্যানেলে	হয়	2
চ্যানেলে	হয়	না	2
হয়	না	অন্য	2
না	অন্য	উপায়	2
অন্য	উপায়	থাকলে	2
থাকলে	বলেন	ওয়াইফাই	2
বলেন	ওয়াইফাই	ইউজার	2
না	তো	ইউজার	2
তো	ইউজার	ভাই	2
ইউজার	ভাই	কিছু	2
ভাই	কিছু	একটা	2
ভাই	পোস্টে	লিখলে	2
পোস্টে	লিখলে	হয়তো	2
লিখলে	হয়তো	বুঝবেন	2
হয়তো	বুঝবেন	না	2
বুঝবেন	না	সবচেয়ে	2
না	সবচেয়ে	ভালো	2
ভালো	হবে	ইউটিউব	2
হবে	ইউটিউব	সার্চ	2
ইউটিউব	সার্চ	করেন	2
পেয়ে	যাবেন	না	2
যাবেন	না	পাইলে	2
না	পাইলে	লিংক	2
পাইলে	লিংক	দিয়ে	2
লিংক	দিয়ে	দিব	2
আছে	কিনা	করা	2
কিনা	করা	থাকলে	2
করা	থাকলে	৩জি	2
থাকলে	৩জি	করুন	2
সমায়বিডি	লিঙ্ক	প্লিজ	2
ভাই	আমি	জিপি	2
আমি	জিপি	ইজি	2
এর	একটা	নিউ	2
একটা	নিউ	শেয়ার	2
নিউ	শেয়ার	করতে	2
চাই	যা	সকল	2
যা	সকল	সিমে	2
সকল	সিমে	চলবে	2
সিমে	চলবে	নতুন	2
চলবে	নতুন	পুরো	2
নতুন	পুরো	সব	2
পুরো	সব	সিমে	2
সব	সিমে	যদি	2
সিমে	যদি	অনুমতি	2
যদি	অনুমতি	দেন	2
অনুমতি	দেন	নইলে	2
দেন	নইলে	পরে	2
নইলে	পরে	বলবেন	2
পরে	বলবেন	কপি	2
বলবেন	কপি	করলাম	2
ভাই	তোমার	কি	2
তোমার	কি	কাজ	2
কি	কাজ	হইছে	2
কাজ	হইছে	৫টা	2
হইছে	৫টা	কমেন্ট	2
৫টা	কমেন্ট	করলা	2
ভাই	আপনার	ব্রাউজারে	2
আপনার	ব্রাউজারে	সমস্যা	2
ব্রাউজারে	সমস্যা	অন্য	2
সমস্যা	অন্য	কারোর	2
অন্য	কারোর	তো	2
কারোর	তো	প্রবলেম	2
তো	প্রবলেম	হচ্ছে	2
প্রবলেম	হচ্ছে	না	2
ব্রো	চোখ	করলাম	2
চোখ	করলাম	আবার	2
করলাম	আবার	সব	2
আবার	সব	ঠিকই	2
সব	ঠিকই	আছে	2
ঠিকই	আছে	প্লিজ	2
আছে	প্লিজ	ট্রাই	2
ট্রাই	এগেইন	থ্যাঙ্ক	2
এগেইন	থ্যাঙ্ক	ইউ	2
প্রিমো	ডি৮এস	কোনভাবেই	2
ডি৮এস	কোনভাবেই	রুট	2
কোনভাবেই	রুট	করতে	2
পারছি	না	ট্রাই	2
না	ট্রাই	করছি	2
এখন	কি	করলে	2
কি	করলে	রুট	2
করলে	রুট	করতে	2
করতে	পারব	প্লিজ	2
পারব	প্লিজ	হেল্প	2
লাগবে	না	ব্রো	2
তারপর	কোথায়	পাবো	2
কোথায়	পাবো	ওই	2
পাবো	ওই	অ্যাড্রেস	2
এই	পোস্ট	দেখায়	2
পোস্ট	দেখায়	ছিলাম	2
দেখায়	ছিলাম	সে	2
ছিলাম	সে	হাসতে	2
সে	হাসতে	হাসতে	2
হাসতে	হাসতে	দেন	2
হাসতে	দেন	আমার	2
দেন	আমার	কাছেও	2
আমার	কাছেও	খুব	2
কাছেও	খুব	খারাপ	2
খুব	খারাপ	লাগছিল	2
খারাপ	লাগছিল	আজকে	2
লাগছিল	আজকে	তার	2
আজকে	তার	মোবাইলটা	2
তার	মোবাইলটা	তার	2
মোবাইলটা	তার	হাত	2
তার	হাত	থেকে	2
হাত	থেকে	পড়ে	2
থেকে	পড়ে	নষ্ট	2
পড়ে	নষ্ট	হয়ে	2
হয়ে	গেছে	মোবাইল	2
গেছে	মোবাইল	কোম্পানি	2
মোবাইল	কোম্পানি	এর	2
এর	নাম	বলা	2
নাম	বলা	যাবে	2
কেউ	আমাকে	৫লাখ	2
আমাকে	৫লাখ	কয়েন	2
৫লাখ	কয়েন	শেয়ার	2
কয়েন	শেয়ার	করে	2
শেয়ার	করে	মাই	2
করে	মাই	আইডি	2
মাই	আইডি	ইউজার	2
সত্যি	তাই	ওয়াও	2
ওরে	ভাই	রিমিক্সে	2
ভাই	রিমিক্সে	পাবজি	2
রিমিক্সে	পাবজি	চলে	2
পাবজি	চলে	না	2
চলে	না	চেক	2
না	চেক	না	2
চেক	না	করি	2
না	করি	পোস্ট	2
করি	পোস্ট	দিয়া	2
পোস্ট	দিয়া	দিছেন	2
দিয়া	দিছেন	আর	2
দিছেন	আর	দুই	2
আর	দুই	জিবি	2
দুই	জিবি	রেম	2
রেম	এ	পাবজি	2
এ	পাবজি	কি	2
পাবজি	কি	পাবজি	2
পাবজি	লাইট	ও	2
লাইট	ও	চলবো	2
ও	চলবো	না	2
হ্যাঁ	সকালে	অফ	2
সকালে	অফ	হয়ে	2
এগিয়ে	তিন	পাত্তি	2
পাত্তি	গোল্ড	লিখে	2
গোল্ড	লিখে	সার্চ	2
দেন	তারপর	ডাউনলোড	2
তারপর	ডাউনলোড	দেন	2
ফোনের	প্রবলেম	যার	2
প্রবলেম	যার	কারণে	2
এড	বেশি	আসে	2
বেশি	আসে	দুইটা	2
আসে	দুইটা	এন্ড	2
দুইটা	এন্ড	ক্রস	2
এন্ড	ক্রস	করলেই	2
করে	নেন	তাহলেই	2
নেন	তাহলেই	তো	2
তাহলেই	তো	কোন	2
তো	কোন	প্যারা	2
কোন	প্যারা	নাই	2
কে	বলেছে	নোকিয়া	2
বলেছে	নোকিয়া	ছাড়া	2
ছাড়া	অন্য	ফোনে	2
অন্য	ফোনে	কাজ	2
ফোনে	কাজ	হয়	2
মেনি	থ্যাংকস	এইটা	2
থ্যাংকস	এইটা	অনেকদিন	2
এইটা	অনেকদিন	খুঁজছি	2
অনেকদিন	খুঁজছি	কিন্তু	2
খুঁজছি	কিন্তু	পাই	2
বাংলালিংকে	ফেসবুক	প্যাক	2
ফেসবুক	প্যাক	দিয়ে	2
আসো	তোমার	গালে	2
তোমার	গালে	একটা	2
গালে	একটা	চুম্মা	2
একটা	চুম্মা	দেই	2
চুম্মা	দেই	এত	2
দেই	এত	সুন্দর	2
সুন্দর	পোস্টের	জন্যে	2
ভাই	ওইসব	ফাউল	2
ওইসব	ফাউল	ঠিক	2
ফাউল	ঠিক	বাদ	2
ঠিক	বাদ	দেন	2
বাদ	দেন	ওসব	2
দেন	ওসব	ট্রিকসাইটে	2
ওসব	ট্রিকসাইটে	পোস্ট	2
ট্রিকসাইটে	পোস্ট	হলে	2
পোস্ট	হলে	অপারেটররা	2
হলে	অপারেটররা	ব্যান্ড	2
অপারেটররা	ব্যান্ড	করে	2
করে	দেয়	এমনটা	2
দেয়	এমনটা	হয়েছে	2
এমনটা	হয়েছে	তাই	2
হয়েছে	তাই	ওসব	2
তাই	ওসব	এরোর	2
ওসব	এরোর	দেখায়	2
ভাই	এটা	মান্থলি	2
এটা	মান্থলি	পেমেন্ট	2
মান্থলি	পেমেন্ট	অ্যাপ	2
সবাই	পাবে	ব্রো	2
হাহাহা	ক্লাশ	অফ	2
ক্লাশ	অফ	ক্ল্যান	2
অফ	ক্ল্যান	এর	2
ক্ল্যান	এর	নেশা	2
এর	নেশা	সারাতে	2
নেশা	সারাতে	এই	2
সারাতে	এই	গেম	2
এই	গেম	খেলা	2
গেম	খেলা	হাজার	2
খেলা	হাজার	ভালো	2
১০	মিনিট	স্কুল	2
মিনিট	স্কুল	অফিশিয়াল	2
ভাইয়া	আমার	লাগবে	2
আমার	লাগবে	কোরসেরা	2
লাগবে	কোরসেরা	টা	2
কোরসেরা	টা	ফাইল	2
টা	ফাইল	ভালো	2
ফাইল	ভালো	হয়	2
একবার	পাওয়া	যাবে	2
ভাই	একটা	এক্সাম	2
একটা	এক্সাম	লাল	2
এক্সাম	লাল	দেন	2
কেউ	কি	ফলোয়ার	2
কি	ফলোয়ার	পাইছেন	2
ফলোয়ার	পাইছেন	এই	2
পাইছেন	এই	ওয়েবসাইট	2
পেপাল	টু	বিকাশ	2
টু	বিকাশ	নেওয়ার	2
বিকাশ	নেওয়ার	কোন	2
নেওয়ার	কোন	ট্রাস্টেড	2
কোন	ট্রাস্টেড	সাইট	2
ট্রাস্টেড	সাইট	থাকলে	2
থাকলে	দেন	আর	2
দেন	আর	পেপালে	2
আর	পেপালে	ডলার	2
পেপালে	ডলার	ট্রান্সফার	2
ডলার	ট্রান্সফার	চার্জ	2
ট্রান্সফার	চার্জ	আছে	2
চার্জ	আছে	কিনা	2
আছে	কিনা	বলেন	2
কিনা	বলেন	আর	2
বলেন	আর	থাকলে	2
আর	থাকলে	কত	2
পোস্ট	আসবে	জাস্ট	2
আসবে	জাস্ট	ওয়েট	2
সেটা	কিভাবে	করবো	2
কিভাবে	করবো	কিভাবে	2
করবো	কিভাবে	ডাউনলোড	2
ব্রো	দেখলাম	ওটা	2
দেখলাম	ওটা	অন্য	2
ওটা	অন্য	অ্যাপ	2
অ্যাপ	দিয়ে	আবি	2
দিয়ে	আবি	মিউজিক	2
আবি	মিউজিক	প্লেয়ার	2
মিউজিক	প্লেয়ার	এর	2
প্লেয়ার	এর	এটা	2
এর	এটা	অডিও	2
এটা	অডিও	ভার্শন	2
অডিও	ভার্শন	অ্যাপ	2
ভার্শন	অ্যাপ	দিয়ে	2
দিয়ে	আর	এটার	2
আর	এটার	কাক	2
এটার	কাক	পড়াই	2
কাক	পড়াই	অন্যরকম	2
ভাই	আমি	কত	2
আমি	কত	মোবাইল	2
কত	মোবাইল	রিচার্জ	2
মোবাইল	রিচার্জ	করব	2
রিচার্জ	করব	আর	2
করব	আর	কত	2
কত	টাকা	আসবে	2
টাকা	আসবে	আমার	2
আসবে	আমার	একাউন্টে	2
আছে	ভাই	খুঁইজা	2
ভাই	খুঁইজা	নিতে	2
খুঁইজা	নিতে	হয়	2
পজ	হয়ে	যায়	2
হয়ে	যায়	নাকি	2
যায়	নাকি	প্লে	2
নাকি	প্লে	করেন	2
প্লে	করেন	না	2
করেন	না	কোনটা	2
না	কোনটা	আর	2
কোনটা	আর	আপনি	2
আপনি	কি	আপডেট	2
কি	আপডেট	চালাচ্ছেন	2
হুম	থ্যাংকস	গুড	2
থ্যাংকস	গুড	জব	2
গুড	জব	আমিও	2
জব	আমিও	করি	2
করি	ভালো	কিছু	2
ভালো	কিছু	কনটেন্স	2
কিছু	কনটেন্স	প্রেজেন্ট	2
কনটেন্স	প্রেজেন্ট	করতে	2
প্রেজেন্ট	করতে	পারব	2
করতে	পারব	আপনাদের	2
পারব	আপনাদের	মাঝে	2
এখানে	কি	ফাইজলামি	2
কি	ফাইজলামি	করতে	2
ফাইজলামি	করতে	আইসি	2
করতে	আইসি	আমি	2
আইসি	আমি	যে	2
আমি	যে	আমার	2
যে	আমার	নিজের	2
আমার	নিজের	নাম	2
নিজের	নাম	দিয়া	2
নাম	দিয়া	চালায়	2
দিয়া	চালায়	দেব	2
চালায়	দেব	এ	2
দেব	এ	আর	2
আর	আমি	ট্রিকবিডিতে	2
আমি	ট্রিকবিডিতে	যে	2
ট্রিকবিডিতে	যে	থিম	2
যে	থিম	গুলা	2
থিম	গুলা	শেয়ার	2
গুলা	শেয়ার	করি	2
শেয়ার	করি	সব	2
করি	সব	ফ্রিতে	2
সব	ফ্রিতে	করি	2
ফ্রিতে	করি	আর	2
করি	আর	তোমাকে	2
আর	তোমাকে	কি	2
তোমাকে	কি	আর	2
কি	আর	বলব	2
আর	বলব	তুমি	2
বলব	তুমি	তো	2
তুমি	তো	এখনো	2
তো	এখনো	ট্রিকবিডিতে	2
এখনো	ট্রিকবিডিতে	কথার	2
ট্রিকবিডিতে	কথার	ও	2
কথার	ও	হতে	2
ও	হতে	পারলে	2
হতে	পারলে	না	2
পারলে	না	আবার	2
না	আবার	কমেন্টে	2
আবার	কমেন্টে	ব্যাটা	2
কমেন্টে	ব্যাটা	গিরি	2
আমার	তো	হইছে	2
ট্রিকবিডিতে	পোস্ট	আছে	2
আপনার	মোবাইল	নাম্বারটা	2
মোবাইল	নাম্বারটা	দেন	2
নাম্বারটা	দেন	কথা	2
দেন	কথা	বলব	2
যেহেতু	এটা	আপডেটেড	2
এটা	আপডেটেড	ভার্সন	2
আপডেটেড	ভার্সন	তাহলে	2
ভার্সন	তাহলে	অবশ্যই	2
তাহলে	অবশ্যই	কোন	2
অবশ্যই	কোন	কিছু	2
কোন	কিছু	বেটার	2
কিছু	বেটার	করা	2
বেটার	করা	হয়েছে	2
অ্যান্ড্রয়েড	দিয়েও	হবে	2
ভাই	ওটিপি	পাস	2
ওটিপি	পাস	কিভাবে	2
পাস	কিভাবে	দিব	2
কিভাবে	দিব	প্লিজ	2
দিব	প্লিজ	বলবেন	2
কোথায়	আছি	ব্রো	2
এই	সাইটে	তো	2
সাইটে	তো	এপিকে	2
তো	এপিকে	পাওয়া	2
এপিকে	পাওয়া	যায়	2
যায়	না	জাস্ট	2
না	জাস্ট	গেম	2
জাস্ট	গেম	পারচেজ	2
গেম	পারচেজ	করা	2
পারচেজ	করা	লাগবে	2
লাগবে	না	ফ্রিতেই	2
না	ফ্রিতেই	ডাউনলোড	2
ফ্রিতেই	ডাউনলোড	করতে	2
করতে	পারবেন	ইনস্টলেশনের	2
পারবেন	ইনস্টলেশনের	ঝামেলাও	2
ইনস্টলেশনের	ঝামেলাও	নাই	2
ঝামেলাও	নাই	সেইফ	2
কার	স্পিড	কেমন	2
টিউনটা	ভালো	লাগলো	2
লাগলো	থ্যাংকস	আর	2
থ্যাংকস	আর	ভাই	2
ভাই	আমার	এন্ড্রয়েড	2
আমার	এন্ড্রয়েড	এটা	2
এন্ড্রয়েড	এটা	কি	2
হাই	আমাকে	টিউনার	2
ঢাকা	শহরে	এসব	2
শহরে	এসব	খুব	2
এসব	খুব	বেশি	2
খুব	বেশি	হয়	2
পোস্ট	করলেন	সব	2
করলেন	সব	মডেল	2
সব	মডেল	হবে	2
মডেল	হবে	সু	2
হবে	সু	বাইনারি	2
সু	বাইনারি	ফাইল	2
বাইনারি	ফাইল	দিতে	2
ফাইল	দিতে	হবে	2
হবে	না	মানুষকে	2
না	মানুষকে	এত	2
মানুষকে	এত	পেইন	2
এত	পেইন	দেন	2
পেইন	দেন	কেন	2
দেন	কেন	জানেন	2
কেন	জানেন	না	2
জানেন	না	মন্ত্র	2
না	মন্ত্র	পড়া	2
মন্ত্র	পড়া	দেন	2
পড়া	দেন	কেন	2
দেন	কেন	তুলোর	2
কেন	তুলোর	গাড়ায়	2
তুলোর	গাড়ায়	হাত	2
এক্সচেঞ্জ	করতে	পারছিনা	2
পারছিনা	প্লিজ	এক্সচেঞ্জ	2
প্লিজ	এক্সচেঞ্জ	কিভাবে	2
এক্সচেঞ্জ	কিভাবে	করব	2
কিভাবে	করব	ফুল	2
করব	ফুল	এ	2
ফুল	এ	টু	2
টু	জেড	ডিটেলস	2
জেড	ডিটেলস	দিয়ে	2
ডিটেলস	দিয়ে	একটা	2
ভাই	আমার	ফার্মওয়্যার	2
আমার	ফার্মওয়্যার	টা	2
ফার্মওয়্যার	টা	দিবেন	2
দিবেন	কি	বলুন	2
ভাই	আপনি	ডোমেইন	2
আপনি	ডোমেইন	বুঝেন	2
ডোমেইন	বুঝেন	না	2
অথর	করা	যাবে	2
করা	যাবে	ভাইয়া	2
যাবে	ভাইয়া	আমায়	2
ভাইয়া	আমায়	আমার	2
আমায়	আমার	গাজেন	2
আমার	গাজেন	আপনাদের	2
গাজেন	আপনাদের	মাঝে	2
মাঝে	শেয়ার	করতে	2
শেয়ার	করতে	কায়	2
ব্যাক	করলে	আবার	2
করলে	আবার	প্রথম	2
আবার	প্রথম	পেজে	2
প্রথম	পেজে	নিয়ে	2
পেজে	নিয়ে	আসে	2
নিয়ে	আসে	আবার	2
আসে	আবার	ঢকতে	2
আবার	ঢকতে	গেলে	2
ঢকতে	গেলে	আবার	2
গেলে	আবার	নিয়ে	2
আবার	নিয়ে	যায়	2
আরেকবার	সুযোগ	দিন	2
আমি	নিজে	বানাসি	2
কত	মিনিট	কাটে	2
ভাই	আমার	স্লিপ	2
আমার	স্লিপ	হারায়	2
স্লিপ	হারায়	গেছে	2
হারায়	গেছে	কি	2
গেছে	কি	করতে	2
সং	৪জি	মাদারকোড	2
ভাই	কষ্ট	করে	2
কষ্ট	করে	ওয়েবসাইটে	2
করে	ওয়েবসাইটে	যাব	2
ওয়েবসাইটে	যাব	কেন	2
যাব	কেন	এখানে	2
কেন	এখানে	তো	2
এখানে	তো	সার্চ	2
তো	সার্চ	করলেই	2
সার্চ	করলেই	পাব	2
ভাই	অনেক	খেলছি	2
অনেক	খেলছি	গেমটা	2
খেলছি	গেমটা	খুব	2
গেমটা	খুব	মজার	2
খুব	মজার	তাও	2
মজার	তাও	আবার	2
তাও	আবার	হ্যাক	2
আবার	হ্যাক	করে	2
আমার	ফোনে	প্লে	2
ফোনে	প্লে	স্টোর	2
প্লে	স্টোর	গেম	2
স্টোর	গেম	ছাড়া	2
গেম	ছাড়া	ইন্সটল	2
ছাড়া	ইন্সটল	হয়	2
হয়	না	সাইট	2
না	সাইট	থেকে	2
ডাউনলোড	করলে	প্রসেসিং	2
করলে	প্রসেসিং	প্রবলেম	2
প্রসেসিং	প্রবলেম	এন্ড	2
প্রবলেম	এন্ড	এরর	2
এন্ড	এরর	এটা	2
এরর	এটা	সমাধান	2
এটা	সমাধান	দেন	2
হাম	গুড	পোস্ট	2
থ্যাংকস	ব্রো	দারুন	2
ব্রো	দারুন	একটি	2
দারুন	একটি	পোস্ট	2
মিট	টিউনার	আমি	2
টিউনার	আমি	প্রত্যেকদিন	2
আমি	প্রত্যেকদিন	কমপক্ষে	2
প্রত্যেকদিন	কমপক্ষে	একটা	2
কমপক্ষে	একটা	করে	2
করে	পোস্ট	করবো	2
পোস্ট	করবো	তো	2
করবো	তো	প্লিজ	2
তো	প্লিজ	মেক	2
মিট	টিউনার	প্লিজ	2
ব্রাদার	ট্রিকবিডি	ভার্শন	2
ট্রিকবিডি	ভার্শন	হোম	2
ভার্শন	হোম	পেজে	2
হোম	পেজে	যাব	2
পেজে	যাব	কি	2
যাব	কি	করে	2
না	ভাই	সিটি	2
ভাই	সিটি	গেমের	2
সিটি	গেমের	একটা	2
গেমের	একটা	মোড	2
একটা	মোড	বাট	2
মোড	বাট	ওকে	2
বাট	ওকে	আমাকে	2
ওকে	আমাকে	কি	2
আমাকে	কি	কেউ	2
কি	কেউ	অথার	2
কেউ	অথার	বানাবেন	2
অথার	বানাবেন	না	2
বানাবেন	না	অনেক	2
শেয়ার	করার	আছে	2
করার	আছে	বাট	2
আছে	বাট	পারিনা	2
বাট	পারিনা	ইউজার	2
পারিনা	ইউজার	ভাই	2
হা	হা	নেক্সট	2
হা	নেক্সট	পোষ্টের	2
নেক্সট	পোষ্টের	জন্য	2
পোষ্টের	জন্য	ওয়েট	2
ভাই	মোবাইল	টাকা	2
মোবাইল	টাকা	থাকলে	2
কি	কেটে	নেয়া	2
কেটে	নেয়া	হবে	2
নেয়া	হবে	প্লিজ	2
হবে	প্লিজ	রিপ্লে	2
প্লিজ	রিপ্লে	করুন	2
নেক্সট	টাইম	আপনার	2
টাইম	আপনার	কথা	2
কথা	মতোই	হবে	2
ভাই	এই	জ্যাক	2
এই	জ্যাক	করার	2
জ্যাক	করার	পর	2
করার	পর	ওই	2
পর	ওই	ভিকটিমের	2
ওই	ভিকটিমের	ক্যামেরাটা	2
ভিকটিমের	ক্যামেরাটা	আবার	2
ক্যামেরাটা	আবার	আগের	2
আগের	মতো	অফ	2
মতো	অফ	করব	2
ফালতু	পোস্ট	কি	2
ওএমজি	সেইম	নেইম	2
সেইম	নেইম	ইউজার	2
আমি	কিছুদিন	আগে	2
কিছুদিন	আগে	পাইছিলাম	2
আগে	পাইছিলাম	এখন	2
পাইছিলাম	এখন	পেলাম	2
এখন	পেলাম	না	2
খুব	মারাত্মক	মিল	2
মারাত্মক	মিল	পাওয়া	2
মিল	পাওয়া	যাচ্ছে	2
পাওয়া	যাচ্ছে	এখন	2
ওয়ে	আপনি	যে	2
আপনি	যে	উইন্ডোজ	2
যে	উইন্ডোজ	ইউজ	2
উইন্ডোজ	ইউজ	করতেছেন	2
ইউজ	করতেছেন	সেটাও	2
করতেছেন	সেটাও	কিন্তু	2
সেটাও	কিন্তু	ক্র্যাক	2
কিন্তু	ক্র্যাক	প্রো	2
ক্র্যাক	প্রো	ইউজার	2
প্রো	ইউজার	বাদে	2
আন	ব্যান্ড	করার	2
ব্যান্ড	করার	কোন	2
কোন	উপায়	আছ	2
১০০০	পয়েন্ট	করতে	2
পয়েন্ট	করতে	হলে	2
করতে	হলে	১	2
হলে	১	খাটতে	2
১	খাটতে	হবে	2
খাটতে	হবে	যা	2
হবে	যা	ধৈর্যের	2
যা	ধৈর্যের	বাইরে	2
ধৈর্যের	বাইরে	তারপর	2
বাইরে	তারপর	কতদিন	2
তারপর	কতদিন	পর	2
কতদিন	পর	পেমেন্ট	2
পর	পেমেন্ট	দিবে	2
পেমেন্ট	দিবে	তার	2
দিবে	তার	কোন	2
তার	কোন	নিয়ম	2
কোন	নিয়ম	নাই	2
নিয়ম	নাই	১	2
নাই	১	উইক	2
১	উইক	হতে	2
উইক	হতে	পারে	2
পারে	আবার	১	2
আবার	১	মানত	2
১	মানত	তো	2
মানত	তো	হতে	2
করছে	না	এনি	2
এনি	হেল্প	প্লিজ	2
বিটকয়েন	মাইন	বট	2
আপনার	মনোভাব	খুব	2
মনোভাব	খুব	সুন্দর	2
খুব	সুন্দর	ভাই	2
সুন্দর	ভাই	খুব	2
ইউজার	ভাই	২১টা	2
ভাই	২১টা	পোস্ট	2
২১টা	পোস্ট	করছি	2
করছি	প্লিজ	অথর	2
প্লিজ	অথর	করে	2
অথর	করে	আপনাদের	2
করে	আপনাদের	ভালো	2
আপনাদের	ভালো	কিছু	2
কিছু	উপহার	দেওয়ার	2
উপহার	দেওয়ার	সযোগ	2
দেওয়ার	সযোগ	দেন	2
সযোগ	দেন	প্লিজ	2
দেন	প্লিজ	আমাকে	2
প্লিজ	আমাকে	অধর	2
আমাকে	অধর	করেন	2
আমার	ফোন	দুইটা	2
ফোন	দুইটা	অ্যাপস	2
দুইটা	অ্যাপস	অটো	2
অ্যাপস	অটো	ইনস্টল	2
অটো	ইনস্টল	হয়েছে	2
ইনস্টল	হয়েছে	সেট	2
হয়েছে	সেট	হ্যাং	2
সেট	হ্যাং	হয়	2
হ্যাং	হয়	এয়ারপ্লেন	2
হয়	এয়ারপ্লেন	এন্ড	2
এয়ারপ্লেন	এন্ড	নিউজ	2
এন্ড	নিউজ	নেম	2
নিউজ	নেম	ডিলিট	2
নেম	ডিলিট	করলে	2
আবার	আসে	রিস্টার্ট	2
আসে	রিস্টার্ট	দিলে	2
রিস্টার্ট	দিলে	সেট	2
দিলে	সেট	ওপেন	2
সেট	ওপেন	করলে	2
করলে	অটোমেটিক	দুইটা	2
অটোমেটিক	দুইটা	অ্যাপস	2
দুইটা	অ্যাপস	ডাউনলোড	2
অ্যাপস	ডাউনলোড	হয়ে	2
ডাউনলোড	হয়ে	চলে	2
হয়ে	চলে	আসে	2
চলে	আসে	ট্রিকবিডি	2
আসে	ট্রিকবিডি	এর	2
ট্রিকবিডি	এর	মামারা	2
এর	মামারা	প্লিজ	2
মামারা	প্লিজ	হেল্প	2
হেল্প	কর	খুব	2
কর	খুব	উপকৃত	2
ব্রো	ঠিক	বুঝলাম	2
বুঝলাম	না	আপনি	2
না	আপনি	কি	2
আপনি	কি	বোঝাতে	2
কি	বোঝাতে	চাইলেন	2
বোঝাতে	চাইলেন	আপনি	2
চাইলেন	আপনি	বলছেন	2
আপনি	বলছেন	এন্ড	2
বলছেন	এন্ড	হল	2
এন্ড	হল	আমার	2
হল	আমার	বেটের	2
আমার	বেটের	পরিমাণ	2
বেটের	পরিমাণ	ঠিক	2
পরিমাণ	ঠিক	আছে	2
আছে	তাহলে	যদি	2
যদি	আমি	১	2
আমি	১	বেট	2
১	বেট	করি	2
বেট	করি	তাইলে	2
করি	তাইলে	আবার	2
তাইলে	আবার	২	2
আবার	২	সাতোশি	2
২	সাতোশি	বের	2
সাতোশি	বের	এভাবে	2
বের	এভাবে	তো	2
এভাবে	তো	বেশি	2
তো	বেশি	সাতোশি	2
বেশি	সাতোশি	লাগবে	2
সাতোশি	লাগবে	যদি	2
লাগবে	যদি	কিছু	2
না	করেন	একটু	2
করেন	একটু	ক্লিয়ার	2
নানা	ভাই	আপনার	2
আপনার	মত	ব্লগার	2
মত	ব্লগার	হওয়ার	2
ব্লগার	হওয়ার	আমার	2
হওয়ার	আমার	খুব	2
আমার	খুব	ইচ্সা	2
খুব	ইচ্সা	বাট	2
ইচ্সা	বাট	আমি	2
বাট	আমি	প্রোগ্রামে	2
আমি	প্রোগ্রামে	কিসুই	2
প্রোগ্রামে	কিসুই	পারি	2
কিসুই	পারি	না	2
পারি	না	ফিলিং	2
না	ফিলিং	স্যাড	2
লিংক	দিয়ে	আপলোড	2
দিয়ে	আপলোড	হবে	2
আপলোড	হবে	নাকি	2
কেমন	ঝামেলা	নাই	2
ঝামেলা	নাই	ব্রো	2
সব	করতে	পারবেন	2
নাইস	থ্যাঙ্কস	ব্রো	2
পোস্ট	করছি	ডাইকেন	2
আমি	অন্যভাবে	করি	2
ভাই	রেফার	হিস্টরিতে	2
রেফার	হিস্টরিতে	গিয়ে	2
হিস্টরিতে	গিয়ে	দেখি	2
গিয়ে	দেখি	যে	2
দেখি	যে	আমার	2
যে	আমার	রেফার	2
আমার	রেফার	করা	2
রেফার	করা	আইডি	2
করা	আইডি	এর	2
আইডি	এর	পাশে	2
এর	পাশে	ব্লাক	2
পাশে	ব্লাক	আইকন	2
ব্লাক	আইকন	উঠে	2
আইকন	উঠে	রয়ছে	2
উঠে	রয়ছে	মানে	2
রয়ছে	মানে	একাউন্ট	2
মানে	একাউন্ট	এখনো	2
একাউন্ট	এখনো	ভেরিফাইড	2
এখনো	ভেরিফাইড	হয়	2
ভেরিফাইড	হয়	নাই	2
হয়	নাই	ইস	2
নাই	ইস	বিিং	2
ইস	বিিং	প্রসিডে	2
বিিং	প্রসিডে	রয়ছে	2
প্রসিডে	রয়ছে	এসি	2
রয়ছে	এসি	ভেরিফাইড	2
এসি	ভেরিফাইড	হতে	2
ভেরিফাইড	হতে	কত	2
কত	টাইম	লাগবে	2
টাইম	লাগবে	আর	2
লাগবে	আর	সার্ভে	2
আর	সার্ভে	আসে	2
না	কেন	ডেইলি	2
কেন	ডেইলি	কয়টা	2
ডেইলি	কয়টা	সার্ভে	2
কয়টা	সার্ভে	দেয়	2
একবার	নিলে	আবার	2
নিলে	আবার	কয়দিন	2
আবার	কয়দিন	পর	2
পর	আবার	নেওয়া	2
আবার	নেওয়া	যায়	2
ওয়ার্কিং	পোস্ট	ভাই	2
পোস্ট	ভাই	এটা	2
ভাই	এটা	কিনতে	2
এটা	কিনতে	হবে	2
কিনতে	হবে	নাকি	2
হবে	নাকি	ফ্রি	2
নতুনদের	জন্য	খুব	2
জন্য	খুব	ভালো	2
করতে	চাই	দোয়া	2
চাই	দোয়া	করিয়েন	2
দোয়া	করিয়েন	আমার	2
করিয়েন	আমার	জন্য	2
নাই	ভাই	কার্ড	2
ভাই	কার্ড	আর	2
কার্ড	আর	বিকাশ	2
আর	বিকাশ	দুইটা	2
বিকাশ	দুইটা	করবে	2
দুইটা	করবে	আমি	2
করবে	আমি	তাদের	2
আমি	তাদের	এজেন্টের	2
তাদের	এজেন্টের	সাথে	2
এজেন্টের	সাথে	কথা	2
কথা	বলে	কনফার্ম	2
বলে	কনফার্ম	হয়ছি	2
ডান	টিজি	এড	2
টিজি	এড	করেছি	2
এড	করেছি	কাজ	2
করেছি	কাজ	করছে	2
আমার	জন্য	ওয়ালটন	2
জন্য	ওয়ালটন	প্রিমো	2
ওয়ালটন	প্রিমো	এন১	2
প্রিমো	এন১	এমটিক	2
এন১	এমটিক	৬৫৮৯	2
এমটিক	৬৫৮৯	এ	2
৬৫৮৯	এ	ললিপপ	2
এ	ললিপপ	ভার্সন	2
ললিপপ	ভার্সন	রোম	2
ভার্সন	রোম	পোর্ট	2
পোর্ট	করতে	পারবেনে	2
করতে	পারবেনে	বা	2
পারবেনে	বা	অন্য	2
অন্য	কেউ	পারবে	2
ফুল	ভার্সন	করার	2
ভার্সন	করার	জন্য	2
করার	জন্য	ক্র্যাক	2
জন্য	ক্র্যাক	করতে	2
ক্র্যাক	করতে	হয়	2
করতে	হয়	অর	2
হয়	অর	ডলার	2
অর	ডলার	দিয়ে	2
ডলার	দিয়ে	কিতে	2
দিয়ে	কিতে	হয়	2
জি	ভাই	আপনি	2
ভাই	আপনি	ঠিক	2
নিউ	ইউটিউব	ধরাও	2
ইউটিউব	ধরাও	তো	2
ধরাও	তো	খেলাম	2
তো	খেলাম	আমার	2
খেলাম	আমার	চ্যানেলে	2
আমার	চ্যানেলে	মাত্র	2
চ্যানেলে	মাত্র	সাবস্ক্রাইবার	2
মাত্র	সাবস্ক্রাইবার	আমার	2
সাবস্ক্রাইবার	আমার	চ্যানেলটা	2
আমার	চ্যানেলটা	আর্নিং	2
চ্যানেলটা	আর্নিং	রিলেটেড	2
আর্নিং	রিলেটেড	আচ্ছা	2
রিলেটেড	আচ্ছা	ভাই	2
আচ্ছা	ভাই	টাইম	2
ভাই	টাইম	এক	2
টাইম	এক	বছরের	2
বছরের	বেশি	হলে	2
বেশি	হলে	কি	2
হলে	কি	অসুবিধা	2
কি	অসুবিধা	হবে	2
ওয়াও	ভালো	তো	2
ভালো	তো	থ্যাংকস	2
আমি	আমার	নাম্বারে	2
আমার	নাম্বারে	২	2
২	জিবি	পাইছি	2
জিবি	পাইছি	রা	2
পাইছি	রা	ডায়না	2
রা	ডায়না	এটা	2
ডায়না	এটা	কি	2
বাট	ফ্রিজে	সার্ভার	2
ফ্রিজে	সার্ভার	দিচ্ছে	2
সার্ভার	দিচ্ছে	সেগুলো	2
দিচ্ছে	সেগুলো	খুবই	2
সেগুলো	খুবই	জোস	2
এয়ারটেল	ও	রবিন	2
ও	রবিন	তে	2
রবিন	তে	চলে	2
তে	চলে	নাকি	2
নামানোর	ট্রিক্স	টা	2
ট্রিক্স	টা	দেন	2
টা	দেন	নাই	2
এই	ফটোটা	আপনি	2
ফটোটা	আপনি	ডাউনলোড	2
করে	নিন	এটা	2
নিন	এটা	হলো	2
এটা	হলো	ফুল	2
হলো	ফুল	ফটো	2
ভিপিএন	কানেক্ট	করছে	2
কানেক্ট	করছে	এ	2
করছে	এ	আর	2
এ	আর	নেট	2
আর	নেট	চালিয়ে	2
নেট	চালিয়ে	দেখেছি	2
চালিয়ে	দেখেছি	এ	2
দেখেছি	এ	আর	2
আর	আমি	অল	2
আমি	অল	সিম	2
অল	সিম	দিয়ে	2
করে	দেখছি	হায়	2
দেখছি	হায়	নি	2
হায়	নি	এমবি	2
নি	এমবি	থাকলে	2
থাকলে	কানেক্ট	হচ্ছে	2
কানেক্ট	হচ্ছে	নয়তো	2
হচ্ছে	নয়তো	না	2
নয়তো	না	আবার	2
না	আবার	ওয়াইফাই	2
দিয়ে	কানেক্ট	হইছে	2
ইউজার	ভাই	এফবিতেই	2
ভাই	এফবিতেই	ইনবক্স	2
এফবিতেই	ইনবক্স	প্লিজ	2
এখনো	কাজ	হয়	2
আমি	প্রিমিয়াম	সার্ভার	2
প্রিমিয়াম	সার্ভার	ইউজ	2
সার্ভার	ইউজ	করতেছি	2
ইউজ	করতেছি	আনলিমিটেড	2
করতেছি	আনলিমিটেড	ব্যান্ডউইথ	2
আনলিমিটেড	ব্যান্ডউইথ	বাট	2
ব্যান্ডউইথ	বাট	মাঝে	2
মাঝে	মাঝে	ডিসকানেক্ট	2
মাঝে	ডিসকানেক্ট	হয়	2
ডিসকানেক্ট	হয়	ব্রাউজিং	2
হয়	ব্রাউজিং	এর	2
ব্রাউজিং	এর	জন্য	2
এর	জন্য	পারফেক্ট	2
জন্য	পারফেক্ট	আদারোয়াইজ	2
পারফেক্ট	আদারোয়াইজ	নো	2
আদারোয়াইজ	নো	প্রবলেম	2
নো	প্রবলেম	থ্যাংক	2
প্রবলেম	থ্যাংক	ইউ	2
ইউ	ব্রো	ফর	2
ব্রো	ফর	ডিস	2
ফর	ডিস	ট্রিক	2
ডিস	ট্রিক	গো	2
ট্রিক	গো	অন	2
ভাইয়া	আপনার	পোস্টটি	2
আপনার	পোস্টটি	দেখাচ্ছি	2
পোস্টটি	দেখাচ্ছি	আপনার	2
দেখাচ্ছি	আপনার	ফেসবুক	2
আপনার	ফেসবুক	একাউন্ট	2
ফেসবুক	একাউন্ট	আইডি	2
একাউন্ট	আইডি	লিংক	2
করে	না	সবাই	2
না	সবাই	রিপোর্টেড	2
এখান	থেম	নেটফ্লিক্স	2
থেম	নেটফ্লিক্স	একাউন্ট	2
নেটফ্লিক্স	একাউন্ট	কিভাবে	2
একাউন্ট	কিভাবে	পাভ	2
রাতে	ছাড়া	পিসি	2
ছাড়া	পিসি	অপারেট	2
পিসি	অপারেট	সম্ভব	2
অপারেট	সম্ভব	নয়	2
সম্ভব	নয়	ব্রো	2
নয়	ব্রো	কথা	2
ব্রো	কথা	দিচ্ছি	2
কথা	দিচ্ছি	অফিসে	2
দিচ্ছি	অফিসে	ওপেন	2
অফিসে	ওপেন	করলে	2
ওপেন	করলে	আপডেট	2
করলে	আপডেট	করে	2
আপডেট	করে	দেব	2
শালা	আবুল	দুই	2
আবুল	দুই	বছর	2
দুই	বছর	আগের	2
আগের	পোস্ট	করে	2
ফুল	পার্ট	চাই	2
পার্ট	চাই	থ্যাংকস	2
ভাই	মডিফাই	করলে	2
মডিফাই	করলে	কি	2
কি	লাভ	হবে	2
লাভ	হবে	আন	2
হবে	আন	বেশি	2
আন	বেশি	হবে	2
আগে	অনেক	খুঁজেছি	2
অনেক	খুঁজেছি	গুগল	2
খুঁজেছি	গুগল	এ	2
এ	অনেক	সাইটে	2
অনেক	সাইটে	পাওয়া	2
সাইটে	পাওয়া	যায়	2
পাওয়া	যায়	এইবার	2
যায়	এইবার	থেকে	2
এইবার	থেকে	এই	2
থেকে	এই	সাইট	2
এই	সাইট	থেকেই	2
সাইট	থেকেই	তাহলে	2
থেকেই	তাহলে	ডাউনলোড	2
তাহলে	ডাউনলোড	করব	2
ট্রিকবিডিতে	স্ক্রিনশট	আপলোড	2
স্ক্রিনশট	আপলোড	হয়	2
না	কেন	এরোর	2
কেন	এরোর	আছে	2
এরোর	আছে	কারণ	2
আছে	কারণ	কি	2
ড্যাশবোর্ড	থেকে	পোস্ট	2
সুন্দর	পোস্ট	সামনের	2
পোস্ট	সামনের	দিকে	2
সামনের	দিকে	আগায়া	2
দিকে	আগায়া	যান	2
আগায়া	যান	ভাই	2
যান	ভাই	চিকেন	2
ভাই	চিকেন	শুটিং	2
চিকেন	শুটিং	গেম	2
শুটিং	গেম	হ্যাক	2
পারবেন	যদি	পারেন	2
পারেন	একটু	পোস্ট	2
একটু	পোস্ট	করবেন	2
করবেন	প্লিজ	ভাই	2
ভাই	আমার	বার্থ	2
আমার	বার্থ	সার্টিফিকেটে	2
বার্থ	সার্টিফিকেটে	ভুল	2
সার্টিফিকেটে	ভুল	আছে	2
ভুল	আছে	বাট	2
আছে	বাট	ওইটা	2
বাট	ওইটা	অন্য	2
ওইটা	অন্য	জেলা	2
অন্য	জেলা	থেকে	2
জেলা	থেকে	করা	2
থেকে	করা	এখন	2
করা	এখন	আমি	2
এখন	আমি	চাচ্ছি	2
আমি	চাচ্ছি	আমার	2
চাচ্ছি	আমার	জেলা	2
আমার	জেলা	থেকে	2
জেলা	থেকে	করব	2
থেকে	করব	তাইলে	2
করব	তাইলে	নিউ	2
তাইলে	নিউ	করলে	2
নিউ	করলে	ভাল	2
করলে	ভাল	হবে	2
ভাল	হবে	নাকি	2
হবে	নাকি	আগেরটাই	2
নাকি	আগেরটাই	কারেকশন	2
আগেরটাই	কারেকশন	করব	2
ভাই	মিনি	মিলিশিয়া	2
মিনি	মিলিশিয়া	২	2
মিলিশিয়া	২	বাদে	2
২	বাদে	অন্য	2
বাদে	অন্য	হ্যাকিং	2
অন্য	হ্যাকিং	সার্ভার	2
হ্যাকিং	সার্ভার	দেন	2
সার্ভার	দেন	লাইট	2
দেন	লাইট	আনলিমিটেড	2
লাইট	আনলিমিটেড	হেলথ	2
আনলিমিটেড	হেলথ	দেওয়ালের	2
হেলথ	দেওয়ালের	ভিতর	2
দেওয়ালের	ভিতর	দিয়ে	2
ভিতর	দিয়ে	ঢুকা	2
দিয়ে	ঢুকা	যায়	2
ঢুকা	যায়	দেয়ালের	2
যায়	দেয়ালের	ভিতর	2
দেয়ালের	ভিতর	দিয়ে	2
ভিতর	দিয়ে	গুলি	2
দিয়ে	গুলি	মারা	2
গুলি	মারা	যায়	2
মারা	যায়	এমন	2
যায়	এমন	কিছু	2
ট্রিকবিডি	তো	বিক্রি	2
তো	বিক্রি	হয়ে	2
হয়ে	গেছে	যে	2
গেছে	যে	কিনছে	2
যে	কিনছে	যে	2
কিনছে	যে	এখন	2
যে	এখন	নিজেই	2
এখন	নিজেই	ফেক	2
নিজেই	ফেক	আইডি	2
ফেক	আইডি	খুলে	2
আইডি	খুলে	খুলে	2
খুলে	খুলে	ভালো	2
খুলে	ভালো	ভালো	2
ভালো	কমেন্ট	করে	2
ভাই	কিভাবে	স্ক্রিনশট	2
কিভাবে	স্ক্রিনশট	এড	2
এড	করব	স্ক্রিনশট	2
করব	স্ক্রিনশট	এড	2
স্ক্রিনশট	এড	করলেও	2
এড	করলেও	দেখা	2
করলেও	দেখা	যাচ্ছে	2
তো	২	টাকায়	2
২	টাকায়	১০০	2
এমবি	পাইছি	তাও	2
পাইছি	তাও	মেয়াদ	2
তাও	মেয়াদ	৭	2
৭	দিন	ডায়াল	2
এটা	লোকেশন	কি	2
লোকেশন	কি	ম্যাপে	2
কি	ম্যাপে	দেখা	2
ম্যাপে	দেখা	যাবে	2
যাবে	নাকি	জাস্ট	2
নাকি	জাস্ট	লেখা	2
জাস্ট	লেখা	থাকবে	2
ওবক্স	থেকে	নিলে	2
থেকে	নিলে	আরো	2
নিলে	আরো	ভালো	2
রিস্টার্ট	দিয়ে	দেখেন	2
দিয়ে	দেখেন	এটা	2
দেখেন	এটা	মিইউয়াই	2
এটা	মিইউয়াই	এ	2
মিইউয়াই	এ	টেস্ট	2
এ	টেস্ট	করছি	2
ভাই	বুঝলেন	না	2
বুঝলেন	না	মূলত	2
না	মূলত	একটা	2
বের	করবেন	তারপর	2
করবেন	তারপর	অ্যাংরি	2
তারপর	অ্যাংরি	পোর্ট	2
গুলা	পাবেন	ওইগুলোতে	2
পাবেন	ওইগুলোতে	ঢুকে	2
ওইগুলোতে	ঢুকে	পাসওয়ার্ড	2
কাজ	হবে	সিওর	2
ভাই	আমি	১০৮০পি	2
আমি	১০৮০পি	ভার্শনটা	2
১০৮০পি	ভার্শনটা	ডাউনলোড	2
ভার্শনটা	ডাউনলোড	দিতে	2
ডাউনলোড	দিতে	চাই	2
বাট	আমার	ডুয়েল	2
আমার	ডুয়েল	অডিও	2
ডুয়েল	অডিও	দরকার	2
অডিও	দরকার	নাই	2
দরকার	নাই	অনলি	2
নাই	অনলি	ইংলিশ	2
অনলি	ইংলিশ	হলেই	2
ইংলিশ	হলেই	চলবে	2
হলেই	চলবে	তাইলে	2
চলবে	তাইলে	কি	2
তাইলে	কি	এক্সট্রাস	2
কি	এক্সট্রাস	১০৮০পি	2
এক্সট্রাস	১০৮০পি	ডাউন	2
১০৮০পি	ডাউন	দিব	2
ডাউন	দিব	আর	2
দিব	আর	এক্সট্রাস	2
আর	এক্সট্রাস	১০৮০পি	2
এক্সট্রাস	১০৮০পি	কি	2
১০৮০পি	কি	ব্লু	2
কি	ব্লু	রে	2
ব্লু	রে	না	2
রে	না	ওইটা	2
না	ওইটা	আলাদা	2
ওইটা	আলাদা	আমি	2
আলাদা	আমি	ব্লুরে	2
আমি	ব্লুরে	দেখব	2
ব্লুরে	দেখব	টিভিতে	2
দেখব	টিভিতে	মোবাইলের	2
টিভিতে	মোবাইলের	সাথে	2
মোবাইলের	সাথে	কানেক্ট	2
কানেক্ট	করে	তাহলে	2
করে	তাহলে	কোনটা	2
তাহলে	কোনটা	আমার	2
কোনটা	আমার	ডাউন	2
আমার	ডাউন	দিলে	2
ডাউন	দিলে	ভালো	2
সেটা	আমার	ইনবক্স	2
আমার	ইনবক্স	দেখলেই	2
ইনবক্স	দেখলেই	বুঝা	2
বুঝা	যায়	পারে	2
যায়	পারে	কিনা	2
পারে	কিনা	আ	2
কিনা	আ	নিউ	2
আ	নিউ	ভিপিএন	2
নিউ	ভিপিএন	টা	2
টা	শেয়ার	করা	2
শেয়ার	করা	হয়েছে	2
করা	হয়েছে	মাথা	2
হয়েছে	মাথা	ঠিক	2
মাথা	ঠিক	করেন	2
ঠিক	করেন	আপনি	2
করেন	আপনি	পারেন	2
আপনি	পারেন	বাট	2
পারেন	বাট	সবাই	2
বাট	সবাই	পারেনা	2
রুট	কইরা	ফোন	2
কইরা	ফোন	খামু	2
ফোন	খামু	নাকি	2
ফ্লেক্সিপ্ল্যান	থেকে	এমবি	2
থেকে	এমবি	মেয়াদ	2
এমবি	মেয়াদ	কেমনে	2
মেয়াদ	কেমনে	বাড়ায়	2
থাকতেই	জানার	বাইরে	2
জানার	বাইরে	কিছুই	2
বাইরে	কিছুই	কি	2
কিছুই	কি	কমেন্ট	2
কি	কমেন্ট	দেখে	2
কমেন্ট	দেখে	বুঝতেছেন	2
দেখে	বুঝতেছেন	না	2
বুঝতেছেন	না	এটা	2
না	এটা	এখনো	2
এটা	এখনো	অনেকে	2
এখনো	অনেকে	জানেনা	2
এনআইডি	কার্ডের	নেম	2
কার্ডের	নেম	চেঞ্জ	2
নেম	চেঞ্জ	রিভিউ	2
চেঞ্জ	রিভিউ	হইতে	2
রিভিউ	হইতে	কতদিন	2
হইতে	কতদিন	লাগে	2
কতদিন	লাগে	২	2
লাগে	২	মানত	2
২	মানত	হচ্ছে	2
মানত	হচ্ছে	এখনো	2
হচ্ছে	এখনো	পেন্ডিং	2
এখনো	পেন্ডিং	রেখে	2
পেন্ডিং	রেখে	দিছে	2
দিয়ে	কি	ভিডমেট	2
কি	ভিডমেট	থেকে	2
ডাউনলোড	দেয়া	যাবে	2
শুধু	অডিও	ভিডিও	2
অডিও	ভিডিও	হবেনা	2
এটা	কেউ	বলতে	2
কেউ	বলতে	পারবে	2
বলতে	পারবে	না	2
অনেক	জায়গায়	খুজলাম	2
জায়গায়	খুজলাম	ব্রো	2
খুজলাম	ব্রো	আপনার	2
ব্রো	আপনার	এই	2
এই	পোষ্টের	কনটেন্ট	2
পোষ্টের	কনটেন্ট	এর	2
কনটেন্ট	এর	সাথে	2
এর	সাথে	মিলে	2
সাথে	মিলে	না	2
মিলে	না	কোথাও	2
না	কোথাও	এই	2
কোথাও	এই	গেমসের	2
এই	গেমসের	ইভেন্ট	2
গেমসের	ইভেন্ট	নেই	2
ইজি	নেট	একটিভ	2
নেট	একটিভ	করে	2
থ্যাংক	ইউ	বুজ	2
কিন্তু	আমার	একটা	2
আমার	একটা	প্রাইভেসি	2
একটা	প্রাইভেসি	এর	2
এর	জন্য	করতে	2
জন্য	করতে	পারছিনা	2
করতে	পারছিনা	পাবেন	2
পারছিনা	পাবেন	কিছুদিন	2
পাবেন	কিছুদিন	পর	2
১১	টা	মানসম্মত	2
পোস্ট	করেছি	দয়া	2
করেছি	দয়া	করে	2
দয়া	করে	আমাকে	2
করে	আমাকে	কথার	2
আমাকে	কথার	করুন	2
কথার	করুন	প্লিজ	2
যেই	পোস্টে	ঢুকি	2
পোস্টে	ঢুকি	সেখানেই	2
ঢুকি	সেখানেই	দেখে	2
সেখানেই	দেখে	এই	2
দেখে	এই	স্প্যাম	2
এই	স্প্যাম	আমার	2
স্প্যাম	আমার	মাথায়	2
আমার	মাথায়	চান্দি	2
মাথায়	চান্দি	গরম	2
চান্দি	গরম	হয়ে	2
গরম	হয়ে	যাচ্ছে	2
হয়ে	যাচ্ছে	আরে	2
যাচ্ছে	আরে	থাম	2
আরে	থাম	মিয়া	2
ইউটিউব	দেখতে	পারবো	2
হবে	সার্ভারে	মাঝে	2
সার্ভারে	মাঝে	মাঝে	2
মাঝে	মাঝে	প্রব	2
মাঝে	প্রব	করে	2
ভাই	কেউ	প্লিজ	2
কেউ	প্লিজ	আমাকে	2
প্লিজ	আমাকে	ওয়ালটন	2
প্রিমো	ডি৮এস	এর	2
ডি৮এস	এর	টিডব্লিউআরপি	2
এর	টিডব্লিউআরপি	দেবেন	2
টিডব্লিউআরপি	দেবেন	প্লিজ	2
দেবেন	প্লিজ	আমার	2
প্লিজ	আমার	জরুরী	2
আমার	জরুরী	লাগবে	2
জরুরী	লাগবে	আমি	2
লাগবে	আমি	অনেক	2
অনেক	খুশি	কিন্তু	2
খুশি	কিন্তু	পাই	2
নাই	প্লিজ	টিডব্লিউআরপি	2
প্লিজ	টিডব্লিউআরপি	পাওয়ার	2
টিডব্লিউআরপি	পাওয়ার	জন্য	2
পাওয়ার	জন্য	কেউ	2
জন্য	কেউ	একটু	2
ফেসবুক	আইডি	ওর	2
আইডি	ওর	ইউজার	2
করার	জন্য	কিছু	2
জন্য	কিছু	টাকা	2
কিছু	টাকা	লাগবো	2
টাকা	লাগবো	নাকি	2
হুমমমমমম	একদম	অমায়িক	2
ধুর	মিয়া	রেজিস্ট্রেশনই	2
মিয়া	রেজিস্ট্রেশনই	হয়না	2
বটের	সাহায্যেও	করা	2
সাহায্যেও	করা	যায়	2
যায়	তাই	দেখলাম	2
ব্রো	কয়েকটা	স্ক্রিনশট	2
স্ক্রিনশট	দিলে	কি	2
দিলে	কি	খুব	2
কি	খুব	বেশি	2
খুব	বেশি	ক্ষতি	2
বেশি	ক্ষতি	হয়ে	2
ক্ষতি	হয়ে	যেত	2
জাভা	মোবাইল	তো	2
মোবাইল	তো	এখন	2
তো	এখন	পপুলার	2
এখন	পপুলার	নয়	2
আমি	তো	এখানে	2
তো	এখানে	ফ্রি	2
এখানে	ফ্রি	ইন্টারনেটের	2
ফ্রি	ইন্টারনেটের	কথা	2
ইন্টারনেটের	কথা	বলছিলাম	2
কথা	বলছিলাম	ওইটা	2
বলছিলাম	ওইটা	এমন	2
ওইটা	এমন	স্পিডে	2
এমন	স্পিডে	হয়	2
স্পিডে	হয়	আপনার	2
হয়	আপনার	ওয়াইফাই	2
আপনার	ওয়াইফাই	ইস্যুটা	2
ওয়াইফাই	ইস্যুটা	বুঝলাম	2
ইস্যুটা	বুঝলাম	না	2
না	হলে	করবেন	2
হলে	করবেন	না	2
হ্যাঁ	গুড	ডিসিশন	2
এইসব	আগেই	জানি	2
জানি	বাট	৩জি	2
বাট	৩জি	এর	2
৩জি	এর	অভাবে	2
এর	অভাবে	কিছু	2
অভাবে	কিছু	করতে	2
কিছু	করতে	পারতাছে	2
পারতাছে	না	এটা	2
না	এটা	কারা	2
এটা	কারা	ইয়ার্ডেক্স	2
কারা	ইয়ার্ডেক্স	৭৫৩	2
ইয়ার্ডেক্স	৭৫৩	হানলার	2
৭৫৩	হানলার	দিয়েও	2
হানলার	দিয়েও	ফ্রী	2
দিয়েও	ফ্রী	চালানো	2
ফ্রী	চালানো	যায়	2
সেটাই	লেখা	পড়ে	2
লেখা	পড়ে	বুঝলাম	2
পড়ে	বুঝলাম	নিজের	2
বুঝলাম	নিজের	ভাষাতেই	2
নিজের	ভাষাতেই	লিখেছেন	2
ভাষাতেই	লিখেছেন	তাই	2
লিখেছেন	তাই	কমেন্টটা	2
তাই	কমেন্টটা	পজিটিভই	2
কমেন্টটা	পজিটিভই	ছিল	2
ভাই	কিভাবে	বুঝব	2
কিভাবে	বুঝব	আমার	2
বুঝব	আমার	ফোনে	2
আমার	ফোনে	আইআর	2
ফোনে	আইআর	সেন্সর	2
আইআর	সেন্সর	আছে	2
সেন্সর	আছে	ফটো	2
আছে	ফটো	দেন	2
ফটো	দেন	আমার	2
আমার	ফোন	আইটেক্স	2
ফোন	আইটেক্স	একুয়া	2
আইটেক্স	একুয়া	লাইফ	2
একুয়া	লাইফ	৩	2
হুম	সেট	একবার	2
সেট	একবার	অফ	2
একবার	অফ	করলে	2
হয়	না	ওয়াইপ	2
না	ওয়াইপ	ডাটা	2
ওয়াইপ	ডাটা	রিসেট	2
ডাটা	রিসেট	দিয়ে	2
রিসেট	দিয়ে	খুলতে	2
দিয়ে	খুলতে	হয়	2
খুলতে	হয়	এনি	2
হয়	এনি	সল্যুশন	2
জাভা	স্ক্রিট	বানানো	2
স্ক্রিট	বানানো	একদম	2
একদম	ইজি	বাট	2
ইজি	বাট	অন্যের	2
বাট	অন্যের	জাভাস্ক্রিপ্ট	2
অন্যের	জাভাস্ক্রিপ্ট	নিজের	2
জাভাস্ক্রিপ্ট	নিজের	নামে	2
নিজের	নামে	বানিয়ে	2
নামে	বানিয়ে	ছাড়িয়ে	2
বানিয়ে	ছাড়িয়ে	দেয়ারও	2
ছাড়িয়ে	দেয়ারও	সহজ	2
আমি	যখন	পাঠালাম	2
যখন	পাঠালাম	তখন	2
পাঠালাম	তখন	তো	2
তখন	তো	ইনবক্স	2
তো	ইনবক্স	প‍্যাম	2
ইনবক্স	প‍্যাম	২টাই	2
প‍্যাম	২টাই	গেছে	2
দরকার	নাই	খুব	2
নাই	খুব	স্লো	2
খুব	স্লো	কেবি	2
স্লো	কেবি	স্পিড	2
ডাউনলোড	করছি	আশা	2
আশা	করি	সফল	2
করি	সফল	পাব	2
করে	পড়েন	আনইন্সটল	2
পড়েন	আনইন্সটল	করতে	2
আনইন্সটল	করতে	হবে	2
হবে	না	সেইফ	2
না	সেইফ	মোড	2
সেইফ	মোড	রিপোর্ট	2
মোড	রিপোর্ট	দিলে	2
রিপোর্ট	দিলে	সব	2
দিলে	সব	ইন্সটল	2
সব	ইন্সটল	করা	2
করা	অ্যাপ	ডিজেবল	2
অ্যাপ	ডিজেবল	হয়ে	2
ডিজেবল	হয়ে	যাবে	2
হয়ে	যাবে	হাইড	2
যাবে	হাইড	করা	2
হাইড	করা	থাকলেও	2
অনেক	স্লো	হবে	2
সিএসএস	জেএস	দেখতে	2
জেএস	দেখতে	পারলে	2
দেখতে	পারলে	ওয়েব	2
পারলে	ওয়েব	ডিজাইনিং	2
ওয়েব	ডিজাইনিং	কেন	2
ডিজাইনিং	কেন	দেখতে	2
কেন	দেখতে	পারবে	2
পারবে	না	এইচটিএমএল	2
না	এইচটিএমএল	সিএসএস	2
সিএসএস	জেএস	পিএইচপি	2
জেএস	পিএইচপি	এএসপি	2
পিএইচপি	এএসপি	এক্সএমএল	2
এএসপি	এক্সএমএল	পাইথন	2
এক্সএমএল	পাইথন	যাওয়া	2
পাইথন	যাওয়া	পিএইচপিমিএডমিন	2
যাওয়া	পিএইচপিমিএডমিন	ফায়ারবেস	2
পিএইচপিমিএডমিন	ফায়ারবেস	নিয়েই	2
ফায়ারবেস	নিয়েই	তো	2
নিয়েই	তো	ওয়েব	2
তো	ওয়েব	ডিজাইনিং	2
ওয়েব	ডিজাইনিং	নাকি	2
ফেসবুকের	একটা	কিউএ	2
একটা	কিউএ	দেখলাম	2
কিউএ	দেখলাম	ওরা	2
দেখলাম	ওরা	এন্সে	2
ওরা	এন্সে	বলতেছে	2
এন্সে	বলতেছে	এখন	2
বলতেছে	এখন	উইক	2
এখন	উইক	লাগে	2
এটা	চলে	এন্ড	2
এন্ড	আমি	এভাবে	2
আমি	এভাবে	ইউজ	2
এভাবে	ইউজ	করি	2
ইউজ	করি	স্পিড	2
করি	স্পিড	এক	2
স্পিড	এক	তো	2
এক	তো	কম	2
ব্রো	এখানে	ইন্দোনেশিয়া	2
এখানে	ইন্দোনেশিয়া	ভিপিএন	2
ইন্দোনেশিয়া	ভিপিএন	এর	2
ভিপিএন	এর	কাজ	2
এর	কাজ	দেখলাম	2
কাজ	দেখলাম	বাট	2
দেখলাম	বাট	ওপেন	2
বাট	ওপেন	ভি	2
ওপেন	ভি	পি	2
পি	এন	কাজটাও	2
এন	কাজটাও	দেখলাম	2
কাজটাও	দেখলাম	না	2
দেখলাম	না	তাইলে	2
না	তাইলে	ডাউনলোড	2
তাইলে	ডাউনলোড	করব	2
ডাউনলোড	করব	কেন	2
করব	কেন	ওইটা	2
কেন	ওইটা	একটা	2
ওইটা	একটা	ডাউনলোড	2
একটা	ডাউনলোড	করলেই	2
করলেই	তো	হবে	2
দোয়ার	ভ্যালু	আছে	2
ভ্যালু	আছে	শুধু	2
আছে	শুধু	মুসলিমদের	2
শুধু	মুসলিমদের	জন্য	2
মুসলিমদের	জন্য	আপনি	2
জন্য	আপনি	যেত	2
আপনি	যেত	মুসলিম	2
যেত	মুসলিম	না	2
মুসলিম	না	হয়ে	2
না	হয়ে	থাকেন	2
আপনার	জন্য	দোয়ার	2
জন্য	দোয়ার	দরকার	2
দোয়ার	দরকার	নাই	2
দরকার	নাই	শুধু	2
নাই	শুধু	নিমপাতা	2
শুধু	নিমপাতা	আর	2
নিমপাতা	আর	নিম	2
আর	নিম	পাতা	2
আপনার	লাস্ট	পিক	2
লাস্ট	পিক	দেননি	2
পিক	দেননি	কেমন	2
দেননি	কেমন	হবে	2
কেমন	হবে	এটা	2
হবে	এটা	বুঝা	2
যাচ্ছে	না	সত্যি	2
না	সত্যি	এনআইডি	2
সত্যি	এনআইডি	আই	2
এনআইডি	আই	ডি	2
ডি	এর	মত	2
মত	হবে	নাকি	2
টাইটেলে	গেম	এর	2
নাম	উল্লেখ	করে	2
উল্লেখ	করে	নাই	2
নাই	তাই	ট্রিকবিডিতে	2
তাই	ট্রিকবিডিতে	সার্চ	2
ট্রিকবিডিতে	সার্চ	দেয়ার	2
সময়	এই	গেমের	2
এই	গেমের	কোন	2
গেমের	কোন	পোস্ট	2
কোন	পোস্ট	আসে	2
নাই	তো	ভুলটা	2
তো	ভুলটা	কার	2
লিংকগুলি	ঠিক	করুন	2
ভাই	অনেক	কম	2
অনেক	কম	ধইরা	2
কম	ধইরা	ট্রাই	2
ধইরা	ট্রাই	করছি	2
ট্রাই	করছি	সেন্ড	2
করছি	সেন্ড	করতে	2
সেন্ড	করতে	পারছিলাম	2
পারছিলাম	না	তাই	2
না	তাই	এইভাবে	2
তাই	এইভাবে	দিলাম	2
ভাই	ওগুলা	প্রবলেম	2
ওগুলা	প্রবলেম	সলভ	2
প্রবলেম	সলভ	নিয়া	2
সলভ	নিয়া	প্রায়	2
নিয়া	প্রায়	২০০	2
প্রায়	২০০	প্লাস	2
২০০	প্লাস	মেসেজ	2
প্লাস	মেসেজ	পাইছে	2
মেসেজ	পাইছে	এই	2
পাইছে	এই	জন্য	2
এই	জন্য	দেসেলাম	2
জন্য	দেসেলাম	নিউ	2
দেসেলাম	নিউ	কিসু	2
নিউ	কিসু	দেওয়ার	2
কিসু	দেওয়ার	ট্রাই	2
সাথেই	থাকুন	ভাই	2
ট্রিকবিডি	যারা	ভিজিট	2
যারা	ভিজিট	করে	2
ভিজিট	করে	তারা	2
করে	তারা	বলদ	2
তারা	বলদ	নয়	2
বলদ	নয়	বুঝলেন	2
নয়	বুঝলেন	ব্রো	2
যাবে	ভাই	পাইপে	2
ভাই	পাইপে	টা	2
পাইপে	টা	দূরে	2
টা	দূরে	নিবেন	2
এর	থেকে	আমার	2
থেকে	আমার	ট্রিক	2
আমার	ট্রিক	দেখেন	2
ট্রিক	দেখেন	করতে	2
দেখেন	করতে	৬	2
করতে	৬	আওয়ার	2
৬	আওয়ার	লাগবে	2
একটা	ভালো	বুদ্ধি	2
ভালো	বুদ্ধি	দেই	2
বুদ্ধি	দেই	প্লিজ	2
দেই	প্লিজ	পোস্টটা	2
প্লিজ	পোস্টটা	ডিলিট	2
দিন	না	হয়	2
না	হয়	আর	2
হয়	আর	হ্যাক	2
আর	হ্যাক	করা	2
কি	সমাধান	বের	2
সমাধান	বের	করছেন	2
সময়	লাগবে	অনেক	2
পোস্ট	বাট	হযরত	2
বাট	হযরত	মুসা	2
হযরত	মুসা	আঃ	2
মুসা	আঃ	মাটির	2
আঃ	মাটির	আঘাতে	2
মাটির	আঘাতে	নয়	2
আঘাতে	নয়	লাথের	2
নয়	লাথের	আঘাতে	2
লাথের	আঘাতে	বিভক্ত	2
আঘাতে	বিভক্ত	করেছিল	2
ভাই	কোন	তিনটা	2
কোন	তিনটা	অ্যাপস	2
তিনটা	অ্যাপস	নেইম	2
অ্যাপস	নেইম	টা	2
নেইম	টা	একটু	2
এসএমএস	আনার	কোন	2
আনার	কোন	সিস্টেম	2
লেখা	অনেক	বড়	2
অনেক	বড়	ভালো	2
বড়	ভালো	হয়নি	2
ভালো	হয়নি	পোস্ট	2
আমি	কি	চোখে	2
কি	চোখে	এড	2
চোখে	এড	যুক্ত	2
এড	যুক্ত	চশমা	2
যুক্ত	চশমা	দিয়ে	2
চশমা	দিয়ে	দেখলাম	2
দিয়ে	দেখলাম	ইন্সটল	2
দেখলাম	ইন্সটল	দেয়ার	2
আরে	ভাই	বাংলাতে	2
ভাই	বাংলাতে	লিখা	2
বাংলাতে	লিখা	যেত	2
লিখা	যেত	নাকি	2
যেত	নাকি	এন্ড	2
নাকি	এন্ড	প্লিজ	2
এন্ড	প্লিজ	একটা	2
প্লিজ	একটা	ভিডিও	2
ভিডিও	টিউটোরিয়াল	দেন	2
যতনের	ইউজ	করতে	2
ইউজ	করতে	চান	2
করতে	চান	ততবার	2
এরকম	পোস্ট	দরকার	2
পোস্ট	দরকার	আছে	2
দরকার	আছে	প্লিজ	2
আছে	প্লিজ	নেক্সট	2
প্লিজ	নেক্সট	এ	2
নেক্সট	এ	করেন	2
জিআরপি	করলে	আমাকে	2
করলে	আমাকে	অ্যাড	2
আমাকে	অ্যাড	দিয়েন	2
সরি	তা	তো	2
তা	তো	বলতে	2
তো	বলতে	পারভো	2
বলতে	পারভো	না	2
পারভো	না	বা	2
না	বা	ট্রাই	2
বা	ট্রাই	করে	2
করে	দেখেন	হলেও	2
দেখেন	হলেও	হতে	2
হলেও	হতে	পারে	2
ব্রো	রেম	কেমন	2
রেম	কেমন	ফ্রি	2
কেমন	ফ্রি	থাকে	2
ভাই	বলেন	যে	2
বলেন	যে	ফেসবুক	2
যে	ফেসবুক	একাউন্ট	2
ফেসবুক	একাউন্ট	ক্রিয়েট	2
ক্রিয়েট	করতে	হলে	2
হলে	কি	করার	2
কি	করার	সময়	2
সময়	কোন	ক্যাটাগরি	2
কোন	ক্যাটাগরি	সিলেক্ট	2
ক্যাটাগরি	সিলেক্ট	করব	2
সিলেক্ট	করব	প্লিজ	2
করব	প্লিজ	জানান	2
জানান	প্লিজ	ভাই	2
পোস্টটি	অনেকের	কাজে	2
লাগতে	পারে	ধন্যবাদ	2
পারে	ধন্যবাদ	আপনাকে	2
ধন্যবাদ	আপনাকে	পোস্ট	2
আপনাকে	পোস্ট	টি	2
হা	ঠিক	তাই	2
থেকে	পেমেন্ট	দেও	2
পেমেন্ট	দেও	৫০০	2
দেও	৫০০	লাইক	2
৫০০	লাইক	এ	2
লাইক	এ	আর	2
এ	আর	পায়জা	2
আর	পায়জা	দিয়ে	2
পায়জা	দিয়ে	পেমেন্ট	2
দিয়ে	পেমেন্ট	নেওয়া	2
পেমেন্ট	নেওয়া	যায়	2
অনেক	সিম্ফনি	ফোনে	2
সিম্ফনি	ফোনে	এখনো	2
ফোনে	এখনো	অফিশালি	2
এখনো	অফিশালি	চুজ	2
অফিশালি	চুজ	ফ্রন্ট	2
চুজ	ফ্রন্ট	অপশন	2
ফ্রন্ট	অপশন	আছে	2
অপশন	আছে	ভাই	2
পিজা	এপ্লাই	কি	2
এপ্লাই	কি	কি	2
কি	লাগে	এইজ	2
লাগে	এইজ	পেপারস	2
এইজ	পেপারস	কোথায়	2
পেপারস	কোথায়	যাওয়া	2
কোথায়	যাওয়া	লাগে	2
যাওয়া	লাগে	পিয়ার	2
লাগে	পিয়ার	দেয়	2
পিয়ার	দেয়	কিনা	2
দেয়	কিনা	এসবও	2
কিনা	এসবও	মেনশন	2
এসবও	মেনশন	দিলে	2
মেনশন	দিলে	ভালো	2
টাকা	কাটবে	চোরের	2
করেন	ভাই	টাইটেল	2
টাইটেল	এ	লিখছেন	2
এ	লিখছেন	রিস্টার্ট	2
লিখছেন	রিস্টার্ট	অ্যান্ড	2
রিস্টার্ট	অ্যান্ড	পোস্ট	2
অ্যান্ড	পোস্ট	করছেন	2
পোস্ট	করছেন	রিসেট	2
করছেন	রিসেট	নিয়ে	2
গ্যাংট্যান	কিছু	নাই	2
কিছু	নাই	শালার	2
নাই	শালার	বাচ্চা	2
শালার	বাচ্চা	আবার	2
বাচ্চা	আবার	ট্রিকবিডিতে	2
আবার	ট্রিকবিডিতে	কোট	2
ট্রিকবিডিতে	কোট	পড়ে	2
কোট	পড়ে	পোস্ট	2
পড়ে	পোস্ট	করতে	2
পোস্ট	করতে	আইছে	2
করতে	আইছে	হালার	2
আইছে	হালার	পুত	2
আমরা	আবার	নিউ	2
আবার	নিউ	টিপস	2
নিউ	টিপস	দিব	2
যাবে	ব্রো	জাভা	2
ব্রো	জাভা	মোলার	2
জাভা	মোলার	থাকতে	2
মোলার	থাকতে	হবে	2
ভাই	প্রাইভেট	ভিডিও	2
প্রাইভেট	ভিডিও	হবে	2
ভিডিও	হবে	না	2
একদিন	যে	কোন	2
যে	কোন	নাম্বারে	2
কোন	নাম্বারে	একমাত্র	2
নাম্বারে	একমাত্র	১	2
একমাত্র	১	বিএ৪	2
১	বিএ৪	নেওয়া	2
বিএ৪	নেওয়া	যাবে	2
আমি	তো	আগেই	2
তো	আগেই	বলেছি	2
আগেই	বলেছি	কপি	2
বলেছি	কপি	পোস্ট	2
হেই	ব্রো	তুমি	2
ব্রো	তুমি	কি	2
তুমি	কি	গাধা	2
কি	গাধা	যদি	2
গাধা	যদি	এটা	2
যদি	এটা	নাই	2
এটা	নাই	করা	2
নাই	করা	যেত	2
যেত	তাহলে	উইন্ডোজের	2
তাহলে	উইন্ডোজের	রেডি	2
উইন্ডোজের	রেডি	বুষ্ট	2
রেডি	বুষ্ট	নামে	2
বুষ্ট	নামে	কোন	2
নামে	কোন	ফিচারই	2
কোন	ফিচারই	থাকত	2
ফিচারই	থাকত	না	2
থাকত	না	আমার	2
হয়	আমার	কমেন্ট	2
আমার	কমেন্ট	তুমি	2
কমেন্ট	তুমি	কিছুই	2
তুমি	কিছুই	বুঝে	2
কিছুই	বুঝে	নাই	2
বুঝে	নাই	ওয়েট	2
নাই	ওয়েট	পারলে	2
ওয়েট	পারলে	একটা	2
পারলে	একটা	বিস্তারিত	2
একটা	বিস্তারিত	পোস্ট	2
বিস্তারিত	পোস্ট	দিব	2
আপনি	আপনার	স্পিড	2
আপনার	স্পিড	চেক	2
স্পিড	চেক	করে	2
দেখেন	ফ্রি	সার্ভার	2
ফ্রি	সার্ভার	গুলাই	2
সার্ভার	গুলাই	কানেক্ট	2
গুলাই	কানেক্ট	হয়	2
কানেক্ট	হয়	অন্যগুলা	2
হয়	অন্যগুলা	কানেক্ট	2
অন্যগুলা	কানেক্ট	হয়	2
আপনি	কোন	ব্র্যান্ডের	2
কোন	ব্র্যান্ডের	ফোন	2
ব্র্যান্ডের	ফোন	ইউজ	2
যদি	নেট	ইউজ	2
নেট	ইউজ	না	2
ইউজ	না	করেন	2
করেন	তাহলে	অন্য	2
তাহলে	অন্য	কোন	2
অন্য	কোন	কম্পিউটারে	2
কোন	কম্পিউটারে	গিয়ে	2
কম্পিউটারে	গিয়ে	পিসি	2
গিয়ে	পিসি	ভিএলসি	2
পিসি	ভিএলসি	সফটওয়্যার	2
ভিএলসি	সফটওয়্যার	মেমোরিতে	2
সফটওয়্যার	মেমোরিতে	নিয়ে	2
মেমোরিতে	নিয়ে	আসেন	2
নিয়ে	আসেন	দেন	2
আসেন	দেন	কেবেল	2
দেন	কেবেল	দিয়ে	2
কেবেল	দিয়ে	আপনার	2
দিয়ে	আপনার	পিসিতে	2
আপনার	পিসিতে	ফোন	2
পিসিতে	ফোন	কানেক্ট	2
ফোন	কানেক্ট	করেন	2
কানেক্ট	করেন	এরপর	2
করেন	এরপর	ওই	2
এরপর	ওই	সফটওয়্যার	2
ওই	সফটওয়্যার	টি	2
সফটওয়্যার	টি	ইন্সটল	2
টি	ইন্সটল	করেন	2
ইন্সটল	করেন	এরপর	2
করেন	এরপর	দেখেন	2
এরপর	দেখেন	সমাধান	2
দেখেন	সমাধান	হয়েছে	2
সমাধান	হয়েছে	কিনা	2
হয়েছে	কিনা	আর	2
কিনা	আর	যদি	2
না	হয়	উইন্ডোজ	2
হয়	উইন্ডোজ	৮	2
উইন্ডোজ	৮	সেটআপ	2
৮	সেটআপ	দেন	2
ইনভেসমেন্ট	যেগুলো	বট	2
যেগুলো	বট	আছে	2
বট	আছে	ওগুলাতেই	2
আছে	ওগুলাতেই	কেউ	2
ওগুলাতেই	কেউ	ইনভেস্ট	2
কেউ	ইনভেস্ট	করলে	2
ইনভেস্ট	করলে	অটোমেটিক	2
করলে	অটোমেটিক	ব্যালেন্স	2
অটোমেটিক	ব্যালেন্স	শো	2
ব্যালেন্স	শো	করে	2
করে	এটা	কেমনে	2
কি	করার	আমি	2
করার	আমি	২৮	2
আমি	২৮	ফেব	2
২৮	ফেব	তে	2
ফেব	তে	রেক	2
তে	রেক	দিছিলাম	2
এখান	থেকে	অনেক	2
আপনি	আপনার	পিএইচপি	2
আপনার	পিএইচপি	সাইট	2
পিএইচপি	সাইট	ভাবড়	2
সাইট	ভাবড়	করতে	2
ভাবড়	করতে	পারভেন	2
করতে	পারভেন	ওকে	2
ভাই	ভালো	অন্য	2
ভালো	অন্য	কোন	2
উপায়	থাকলে	দিয়েন	2
থাকলে	দিয়েন	এই	2
দিয়েন	এই	মেথিতে	2
এই	মেথিতে	অ্যাকাউন্ট	2
সব	মোবাইলে	তো	2
মোবাইলে	তো	আর	2
তো	আর	চলে	2
আগে	হওয়া	লাগবি	2
ইউজার	ভাই	গিফ	2
ভাই	গিফ	ট	2
গিফ	ট	এ	2
ট	এ	শুধু	2
এ	শুধু	৫০	2
শুধু	৫০	টা	2
৫০	টা	পিক	2
টা	পিক	অ্যাড	2
পিক	অ্যাড	করা	2
করা	যায়	আনলিমিটেড	2
যায়	আনলিমিটেড	করার	2
আনলিমিটেড	করার	কোন	2
ফটোশপ	ভার্সন	৭	2
নিউ	ট্রিক	থ্যাংকস	2
ট্রিক	থ্যাংকস	ব্রো	2
থ্যাংকস	ব্রো	এই	2
ব্রো	এই	প্রথম	2
প্রথম	কোন	ভিডিও	2
কোন	ভিডিও	ডাউনলোড	2
ভিডিও	ডাউনলোড	দিলাম	2
ওইখানে	আল্লাহ	লেখা	2
আল্লাহ	লেখা	নাই	2
লেখা	নাই	কারণ	2
নাই	কারণ	যে	2
কারণ	যে	জবর	2
যে	জবর	কোথায়	2
জবর	কোথায়	গেল	2
কোথায়	গেল	শুনি	2
দুইটাই	একসাথে	ইনস্টল	2
একসাথে	ইনস্টল	দেয়া	2
আমার	সিমে	চলে	2
দিয়ে	কি	ইউটিউবে	2
কি	ইউটিউবে	ভিডিও	2
ইউটিউবে	ভিডিও	দেখা	2
দেখা	যাবে	ব্রো	2
এখন	তো	দেখতেছি	2
তো	দেখতেছি	স্পিড	2
দেখতেছি	স্পিড	কমে	2
স্পিড	কমে	যাচ্ছে	2
এগুলা	কি	ফাস্ট	2
গেট	ফেসবুক	মোবাইল	2
ফেসবুক	মোবাইল	ব্রাউজ	2
মোবাইল	ব্রাউজ	ফাস্টার	2
ব্রাউজ	ফাস্টার	এই	2
ফাস্টার	এই	লেখাটা	2
এই	লেখাটা	নাই	2
লেখাটা	নাই	তাহলে	2
নাই	তাহলে	অরিজিনাল	2
তাহলে	অরিজিনাল	কেমনে	2
আপনার	পিসি	দিয়ে	2
করতে	হবে	মোবাইল	2
হবে	মোবাইল	দিয়ে	2
মোবাইল	দিয়ে	না	2
ওই	মিয়া	নেইম	2
মিয়া	নেইম	বউ	2
নেইম	বউ	তো	2
বউ	তো	৩টা	2
তো	৩টা	আছে	2
লিখতে	লিখতে	ভুল	2
লিখতে	ভুল	হয়ে	2
ভাই	দিয়া	রবি	2
দিয়া	রবি	এর	2
এর	মত	এটাতো	2
মত	এটাতো	ডাউনলোড	2
এটাতো	ডাউনলোড	হয়	2
সরি	এসডি	হপপ	2
আর্নিং	পোস্ট	করলেন	2
পোস্ট	করলেন	কেন	2
আমারটা	এখনো	হয়নি	2
এখনো	হয়নি	কেন	2
ব্রো	এসএমএস	পাইসে	2
এসএমএস	পাইসে	৯	2
পাইসে	৯	নভেম্বর	2
৯	নভেম্বর	আর	2
নভেম্বর	আর	আজকে	2
আর	আজকে	আপনি	2
আজকে	আপনি	ট্রিকব্রিডিটে	2
আপনি	ট্রিকব্রিডিটে	শেয়ার	2
ট্রিকব্রিডিটে	শেয়ার	করছেন	2
কন্টাক	মি	ব্রো	2
মি	ব্রো	হেল্প	2
ব্রো	হেল্প	করব	2
এর	টিউনার	আইডি	2
টিউনার	আইডি	কিনতে	2
আর	আর	থাকে	2
আর	থাকে	ভালো	2
থাকে	ভালো	টপিক	2
ভালো	টপিক	তুমি	2
টপিক	তুমি	পারলে	2
তুমি	পারলে	দাও	2
ব্রো	দেখেন	তো	2
দেখেন	তো	আমি	2
তো	আমি	কোনটা	2
আমি	কোনটা	সরাসরি	2
কোনটা	সরাসরি	কোন	2
সরাসরি	কোন	কোশ্চেন	2
কোন	কোশ্চেন	দিয়েছি	2
কোশ্চেন	দিয়েছি	নাকি	2
দিয়েছি	নাকি	যদি	2
নাকি	যদি	সরাসরি	2
যদি	সরাসরি	দিতাম	2
সরাসরি	দিতাম	সেটি	2
দিতাম	সেটি	আউট	2
সেটি	আউট	কোশ্চেন	2
আউট	কোশ্চেন	হতো	2
কোশ্চেন	হতো	আমি	2
হতো	আমি	একটি	2
আমি	একটি	কবিতা	2
একটি	কবিতা	দিয়েছি	2
কবিতা	দিয়েছি	বাট	2
দিয়েছি	বাট	আমি	2
আমি	তো	বলিনি	2
তো	বলিনি	কোন	2
বলিনি	কোন	কোশ্চেনটা	2
কোন	কোশ্চেনটা	আসবে	2
কোশ্চেনটা	আসবে	কবিতাটি	2
আসবে	কবিতাটি	পড়লে	2
কবিতাটি	পড়লে	আপনি	2
পড়লে	আপনি	যেকোন	2
আপনি	যেকোন	কোশ্চেন	2
যেকোন	কোশ্চেন	এর	2
কোশ্চেন	এর	আনসার	2
আনসার	দিতে	পারবেন	2
আমি	থানকেবল	দিয়ে	2
থানকেবল	দিয়ে	অ্যাপ	2
দিয়ে	অ্যাপ	বানাই	2
অ্যাপ	বানাই	না	2
এটার	কাজ	কি	2
লিখে	দিলে	কি	2
দিলে	কি	পাইসিং	2
কি	পাইসিং	হবে	2
এক	মাস	পর	2
পর	আবার	সেইম	2
আবার	সেইম	জিমেইলে	2
সেইম	জিমেইলে	নিতে	2
জিমেইলে	নিতে	পারব	2
লাইক	এ্যাপ	থেকে	2
এ্যাপ	থেকে	সরাসরি	2
থেকে	সরাসরি	ভিডিও	2
সরাসরি	ভিডিও	ডাউনলোড	2
ভিডিও	ডাউনলোড	করলে	2
ডাউনলোড	করলে	ভিডিওতে	2
করলে	ভিডিওতে	এড	2
ভিডিওতে	এড	চলে	2
এড	চলে	আসবে	2
চলে	আসবে	বাট	2
আসবে	বাট	এই	2
বাট	এই	নিয়মে	2
এই	নিয়মে	ডাউনলোড	2
নিয়মে	ডাউনলোড	করলে	2
করলে	কোন	রকম	2
কোন	রকম	এড	2
রকম	এড	ছাড়াই	2
এড	ছাড়াই	ডাইরেক্ট	2
ছাড়াই	ডাইরেক্ট	অরিজিনাল	2
ডাইরেক্ট	অরিজিনাল	ভিডিওটা	2
অরিজিনাল	ভিডিওটা	পাওয়া	2
ভিডিওটা	পাওয়া	যাবে	2
ওকে	ওয়েট	করেন	2
ওয়েট	করেন	পাইছে	2
টেমপ্লেট	নেম	যদি	2
নেম	যদি	চেঞ্জ	2
যদি	চেঞ্জ	করে	2
চেঞ্জ	করে	দেয়া	2
দেয়া	হয়	তাহলে	2
হয়	তাহলে	বুঝা	2
তাহলে	বুঝা	পসিবল	2
বুঝা	পসিবল	না	2
পসিবল	না	যাইহোক	2
না	যাইহোক	পোস্টটা	2
যাইহোক	পোস্টটা	ভালই	2
পোস্টটা	ভালই	হয়েছে	2
ভালই	হয়েছে	অনেকের	2
হয়েছে	অনেকের	উপকারে	2
অনেকের	উপকারে	আসতে	2
উপকারে	আসতে	পারে	2
নাইস	থ্যাংকস	নেক্সট	2
থ্যাংকস	নেক্সট	পোস্ট	2
ভাই	পারভিউ	সো	2
পারভিউ	সো	৫০০	2
সো	৫০০	হলেই	2
৫০০	হলেই	১০০০	2
হলেই	১০০০	দরকার	2
১০০০	দরকার	কি	2
পোস্টগুলো	একটু	গোপন	2
একটু	গোপন	রাখার	2
গোপন	রাখার	চেষ্টা	2
রাখার	চেষ্টা	করে	2
অফার	অনেক	আগেই	2
অ্যাপ	এ	ঢুকবো	2
এ	ঢুকবো	কেমনে	2
অনেক	বার	ডাকলাম	2
সার্চ	অন	ইউটিউব	2
ভাই	আমার	সিমটি	2
আমার	সিমটি	চালু	2
সিমটি	চালু	করে	2
চালু	করে	অফারটি	2
করে	অফারটি	পাবো	2
অফারটি	পাবো	কিনা	2
পাবো	কিনা	চেক	2
করে	দেখলাম	যে	2
দেখলাম	যে	অফারটি	2
যে	অফারটি	পাব	2
অফারটি	পাব	তাই	2
পাব	তাই	সাথে	2
তাই	সাথে	সাথে	2
সাথে	সাথে	১	2
সাথে	১	জিবি	2
জিবি	নিলাম	মা	2
নিলাম	মা	দিয়ে	2
মা	দিয়ে	চেক	2
দিয়ে	চেক	করতে	2
করতে	হয়	বা	2
হয়	বা	প্রবলেম	2
বা	প্রবলেম	হলো	2
প্রবলেম	হলো	এই	2
হলো	এই	এমবি	2
এই	এমবি	ইউজ	2
করতে	পারছিনা	ফোনের	2
পারছিনা	ফোনের	সেটিং	2
ফোনের	সেটিং	ঠিক	2
সেটিং	ঠিক	আছে	2
ঠিক	আছে	কারন	2
আছে	কারন	আমি	2
কারন	আমি	এখন	2
আমি	এখন	একটা	2
এখন	একটা	৩জি	2
একটা	৩জি	প্যাক	2
৩জি	প্যাক	কিনলাম	2
প্যাক	কিনলাম	টাকা	2
টাকা	দিয়ে	তো	2
দিয়ে	তো	এখন	2
তো	এখন	এই	2
এখন	এই	৪	2
৪	এমবি	কাটছে	2
এমবি	কাটছে	প্লিজ	2
কাটছে	প্লিজ	ভাই	2
মি	কিভাবে	আমি	2
কিভাবে	আমি	এই	2
আমি	এই	১	2
এই	১	জিবি	2
১	জিবি	নেট	2
জিবি	নেট	ইউজ	2
ভাই	অ্যাপ	ক্রিয়েট	2
অ্যাপ	ক্রিয়েট	থেকে	2
ক্রিয়েট	থেকে	শিওর	2
থেকে	শিওর	এড	2
শিওর	এড	বসানো	2
এড	বসানো	নেয়া	2
বসানো	নেয়া	একটা	2
নেয়া	একটা	পোস্ট	2
আপনি	আইডি	খোলার	2
আইডি	খোলার	সাথে	2
খোলার	সাথে	সাথে	2
সাথে	ট্রাই	করলে	2
ট্রাই	করলে	তো	2
করলে	তো	এমন	2
তো	এমন	হবেই	2
এমন	হবেই	আইডি	2
হবেই	আইডি	খুলে	2
আইডি	খুলে	ওয়েট	2
খুলে	ওয়েট	করেন	2
ওয়েট	করেন	কিছুদিন	2
করেন	কিছুদিন	ওই	2
কিছুদিন	ওই	আইডি	2
ওই	আইডি	দিয়ে	2
দিয়ে	কিছু	একটিভিটি	2
কিছু	একটিভিটি	করুন	2
একটিভিটি	করুন	বা	2
করুন	বা	এত	2
বা	এত	প্রবলেম	2
এত	প্রবলেম	হলে	2
প্রবলেম	হলে	নিউ	2
হলে	নিউ	পেজ	2
নিউ	পেজ	খুলে	2
পেজ	খুলে	আগে	2
খুলে	আগে	বুস্ট	2
আগে	বুস্ট	করা	2
বুস্ট	করা	শিখুন	2
রেফার	বাদে	এরান	2
বাদে	এরান	করবে	2
এরান	করবে	কিভাবে	2
তে	ইদানিং	কয়েক	2
ইদানিং	কয়েক	বলদ	2
কয়েক	বলদ	আছে	2
বলদ	আছে	আবাল	2
আছে	আবাল	মার্কা	2
মার্কা	পোষ্ট	দিতে	2
আছে	ওটা	বিক্রি	2
ওটা	বিক্রি	করে	2
বিক্রি	করে	যাবা	2
করে	যাবা	কিনুন	2
আমিও	ভাবছি	ফ্রি	2
ভাবছি	ফ্রি	নেট	2
হবে	ভাইয়া	ট্রাই	2
ভাইয়া	ট্রাই	করেন	2
প্লিজ	ভাই	ট্রিকবিডিতে	2
ভাই	ট্রিকবিডিতে	আজকে	2
ট্রিকবিডিতে	আজকে	টিউনার	2
আজকে	টিউনার	বানানোর	2
ভাই	টাকা	পাওয়ার	2
টাকা	পাওয়ার	আগে	2
পাওয়ার	আগে	আনইনস্টল	2
আগে	আনইনস্টল	করলে	2
আনইনস্টল	করলে	অন্য	2
করলে	অন্য	সিমে	2
অন্য	সিমে	পাওয়া	2
ওয়েলকাম	ব্রো	বাকিগুলা	2
ব্রো	বাকিগুলা	খারাপ	2
বাকিগুলা	খারাপ	না	2
না	ব্রো	বিশেষ	2
ব্রো	বিশেষ	করে	2
বিশেষ	করে	উম্মা	2
করে	উম্মা	নেটওয়ার্ক	2
উম্মা	নেটওয়ার্ক	চ্যানেল	2
নেটওয়ার্ক	চ্যানেল	টা	2
চ্যানেল	টা	মুসলিম	2
টা	মুসলিম	হিসেবে	2
মুসলিম	হিসেবে	সাবস্ক্রাইব	2
হিসেবে	সাবস্ক্রাইব	করে	2
সাবস্ক্রাইব	করে	রাখা	2
করে	রাখা	ভালো	2
রাখা	ভালো	আমেরিকান	2
ভালো	আমেরিকান	হ্যাকার	2
আমেরিকান	হ্যাকার	তাও	2
হ্যাকার	তাও	ভালো	2
আপনি	যে	অডিও	2
যে	অডিও	থিম	2
অডিও	থিম	দিয়েছেন	2
থিম	দিয়েছেন	ওটা	2
দিয়েছেন	ওটা	ইনস্টল	2
ওটা	ইনস্টল	হয়	2
না	এরর	আসে	2
পিছিয়ের	জন্য	ক্যামতাশিয়া	2
জন্য	ক্যামতাশিয়া	স্টুডিও	2
ক্যামতাশিয়া	স্টুডিও	৮	2
স্টুডিও	৮	আর	2
৮	আর	মোবাইলের	2
আর	মোবাইলের	জন্য	2
মোবাইলের	জন্য	এ	2
জন্য	এ	জেড	2
ভালো	কাজে	লাগবে	2
কোন	দেশের	নিয়ম	2
দেশের	নিয়ম	কানুনে	2
নিয়ম	কানুনে	ইসলাম	2
কানুনে	ইসলাম	চলে	2
ইসলাম	চলে	না	2
চলে	না	ইসলাম	2
না	ইসলাম	চলে	2
ইসলাম	চলে	কোরান	2
চলে	কোরান	ও	2
কোরান	ও	হাদিসের	2
ও	হাদিসের	দলিলের	2
হাদিসের	দলিলের	মাধ্যমে	2
দলিলের	মাধ্যমে	আর	2
মাধ্যমে	আর	ফজিলত	2
আর	ফজিলত	সম্পর্কিত	2
ফজিলত	সম্পর্কিত	যদি	2
সম্পর্কিত	যদি	হাদিসের	2
যদি	হাদিসের	উপর	2
হাদিসের	উপর	আমল	2
উপর	আমল	করা	2
আমল	করা	যায়	2
করা	যায়	বিদায়	2
যায়	বিদায়	শবেবরাতে	2
বিদায়	শবেবরাতে	আমল	2
শবেবরাতে	আমল	ইবাদত	2
আমল	ইবাদত	বন্দেগী	2
ইবাদত	বন্দেগী	করা	2
বন্দেগী	করা	দোষের	2
করা	দোষের	কিছু	2
দোষের	কিছু	নাই	2
অসাম	অসাম	অসাম	2
অসাম	অসাম	লাইক	2
অসাম	লাইক	ইট	2
৬০৫	কিংগো	রুট	2
কিংগো	রুট	ট্রাই	2
রুট	ট্রাই	করেন	2
পর	আপনি	যে	2
আপনি	যে	আমাদের	2
যে	আমাদের	টাকা	2
আমাদের	টাকা	মেরে	2
টাকা	মেরে	দিবেন	2
মেরে	দিবেন	না	2
দিবেন	না	তার	2
না	তার	গ্যারান্টি	2
তার	গ্যারান্টি	কি	2
পোস্ট	কয়বার	আপনার	2
কয়বার	আপনার	এই	2
এই	পোষ্টের	কয়েকটা	2
পোষ্টের	কয়েকটা	পোস্ট	2
কয়েকটা	পোস্ট	আগে	2
পোস্ট	আগে	স্কুল	2
আগে	স্কুল	করে	2
স্কুল	করে	দেখেন	2
করে	দেখেন	আরেকজন	2
দেখেন	আরেকজন	দিয়েছে	2
ভাই	টেক্সট	নাও	2
টেক্সট	নাও	কি	2
নাও	কি	হ্যাক	2
কি	হ্যাক	করে	2
আয়ছে	পেপালে	ইনকাম	2
পেপালে	ইনকাম	শিখাইতে	2
আমি	একটা	এস	2
একটা	এস	বি	2
এস	বি	আই	2
বি	আই	ডি	2
ডি	এর	এক	2
এর	এক	মিনিট	2
এক	মিনিট	তে	2
মিনিট	তে	নষ্ট	2
তে	নষ্ট	করব	2
করব	কিভাবে	এটা	2
কিভাবে	এটা	আমারই	2
এটা	আমারই	আইডি	2
আমারই	আইডি	কিভাবে	2
আইডি	কিভাবে	প্লিজ	2
প্লিজ	প্লিজ	আন্স	2
প্লিজ	আন্স	মি	2
ইনশাল্লাহ	উপকার	হবে	2
নরমাল	কাইনমাস্টার	সাপোর্ট	2
কাইনমাস্টার	সাপোর্ট	করে	2
পারবেন	বাট	টাকা	2
বাট	টাকা	রাখবেন	2
বলছি	আমার	নিজের	2
নিজের	আইডি	নষ্ট	2
আইডি	নষ্ট	করব	2
মেসেঞ্জার	আইডি	দিন	2
পোস্ট	আছে	দেখো	2
আছে	দেখো	ট্রিকবিডিতেই	2
পোস্ট	ছিল	ধন্যবাদ	2
ছিল	ধন্যবাদ	অনেকের	2
ধন্যবাদ	অনেকের	এ	2
অনেকের	এ	কাজে	2
এ	কাজে	লাগবে	2
থ্যাংকস	ভাই	নতুন	2
ভাই	নতুন	নিউ	2
নতুন	নিউ	ইনফরমেশন	2
নিউ	ইনফরমেশন	পাইলাম	2
মোবি	কি	ভাই	2
কেউ	এমটি	৬৫৭৫	2
এমটি	৬৫৭৫	চিপ	2
৬৫৭৫	চিপ	সেটের	2
চিপ	সেটের	একটা	2
সেটের	একটা	কাস্টম	2
কাস্টম	রিকভারি	দাও	2
রিকভারি	দাও	প্লিজ	2
ভাই	এম	বি	2
এম	বি	থাকলে	2
বি	থাকলে	কাটবে	2
কিংরুট	এটা	ইউজ	2
এটা	ইউজ	করেন	2
কার	কার	প্রযোজ্য	2
কার	প্রযোজ্য	তা	2
প্রযোজ্য	তা	বলবেন	2
তা	বলবেন	পোস্টে	2
নাই	ভাই	পেলে	2
ভাই	পেলে	শেয়ার	2
শুধু	রকেট	থাকলেই	2
রকেট	থাকলেই	হবে	2
হবে	নাকি	ডিবিবিএল	2
নাকি	ডিবিবিএল	একাউন্টে	2
ডিবিবিএল	একাউন্টে	থাকতে	2
একাউন্টে	থাকতে	হবে	2
ভাই	থ্যাংকস	রিয়েলি	2
থ্যাংকস	রিয়েলি	ওয়ার্কিং	2
রিয়েলি	ওয়ার্কিং	পোস্ট	2
ওয়ার্কিং	পোস্ট	ভাইয়া	2
পোস্ট	ভাইয়া	প্লিজ	2
ভাইয়া	প্লিজ	রবি	2
প্লিজ	রবি	আই	2
রবি	আই	বাডি	2
আই	বাডি	অ্যাপ	2
বাডি	অ্যাপ	হ্যাক	2
হ্যাক	করার	কি	2
কোন	ওয়ে	বের	2
ওয়ে	বের	করেন	2
বের	করেন	মিনিট	2
করেন	মিনিট	চেক	2
মিনিট	চেক	করে	2
চেক	করে	আনলিমিটেড	2
করে	আনলিমিটেড	কিভাবে	2
আনলিমিটেড	কিভাবে	করা	2
যাবে	এমন	ট্রিক	2
এমন	ট্রিক	দরকার	2
ট্রিক	দরকার	আমি	2
দরকার	আমি	জানি	2
আমি	জানি	একমাত্র	2
জানি	একমাত্র	আপনিই	2
একমাত্র	আপনিই	পারবেন	2
আপনিই	পারবেন	অসাধ্য	2
পারবেন	অসাধ্য	সাধন	2
অসাধ্য	সাধন	করতে	2
ভাই	এটা	করলে	2
করলে	কি	কি	2
করা	যাবে	ওটা	2
যাবে	ওটা	বললে	2
ওটা	বললে	ভাল	2
বললে	ভাল	হত	2
এটা	দিয়ে	এডসেন্স	2
দিয়ে	এডসেন্স	পাওয়া	2
এডসেন্স	পাওয়া	যাবে	2
ওয়েলকাম	পি৮প্রো	এর	2
পি৮প্রো	এর	কোন	2
এর	কোন	আপডেট	2
কোন	আপডেট	নিউজ	2
আপডেট	নিউজ	থাকলে	2
নিউজ	থাকলে	পোস্ট	2
থাকলে	পোস্ট	পাবেন	2
নরমাল	ইউজার	কিছু	2
ইউজার	কিছু	কমেন্ট	2
কিছু	কমেন্ট	করতেই	2
কমেন্ট	করতেই	পারে	2
করতেই	পারে	কিন্তু	2
পারে	কিন্তু	অথরগুলো	2
কিন্তু	অথরগুলো	তো	2
অথরগুলো	তো	উচিত	2
তো	উচিত	প্রফেশনাল	2
উচিত	প্রফেশনাল	আচরণ	2
প্রফেশনাল	আচরণ	দেখানো	2
আচরণ	দেখানো	কি	2
দেখানো	কি	একটা	2
কি	একটা	বস্তি	2
একটা	বস্তি	হয়ে	2
হয়ে	গেছে	ট্রিকবিডি	2
ভাই	আপনার	সঙ্গে	2
আপনার	সঙ্গে	কিছু	2
সঙ্গে	কিছু	কথা	2
আছে	প্লিজ	এফবি	2
লিঙ্ক	দিন	আপনার	2
ওই	মিয়া	বোদার	2
মিয়া	বোদার	পোস্ট	2
বোদার	পোস্ট	করছেন	2
পোস্ট	করছেন	ভিডিও	2
করছেন	ভিডিও	দিয়া	2
আমি	আর্নিং	পয়েন্ট	2
আর্নিং	পয়েন্ট	এন্ড	2
পয়েন্ট	এন্ড	এ	2
এন্ড	এ	আই	2
এ	আই	টাইপ	2
আই	টাইপ	এর	2
টাইপ	এর	সাইট	2
সাইট	থেকে	আর্ন	2
থেকে	আর্ন	করছি	2
আর্ন	করছি	৫৬০	2
করছি	৫৬০	বিডিটি	2
৫৬০	বিডিটি	কোন	2
বিডিটি	কোন	ঝামেলা	2
কোন	ঝামেলা	ছাড়া	2
ঝামেলা	ছাড়া	একমাস	2
ছাড়া	একমাস	ব্যাংক	2
একমাস	ব্যাংক	খাইছে	2
ব্যাংক	খাইছে	থার্ড	2
খাইছে	থার্ড	পার্টি	2
থার্ড	পার্টি	টুল	2
পার্টি	টুল	উজের	2
টুল	উজের	জন্য	2
উজের	জন্য	এন্ড	2
জন্য	এন্ড	ওয়াব	2
এন্ড	ওয়াব	ডলারের	2
ওয়াব	ডলারের	এক	2
ডলারের	এক	বছরে	2
এক	বছরে	৬০বিডিটি	2
বছরে	৬০বিডিটি	আর্ন	2
৬০বিডিটি	আর্ন	করছি	2
পানজিব	করতে	গেলে	2
করতে	গেলে	ফিল্ড	2
গেলে	ফিল্ড	এক্সস্ট্রাক্ট	2
ফিল্ড	এক্সস্ট্রাক্ট	ফাইল	2
এক্সস্ট্রাক্ট	ফাইল	আসে	2
ভিডিও	টিউটোরিয়াল	হবে	2
টিউটোরিয়াল	হবে	কি	2
হবে	কি	ব্রো	2
কি	ব্রো	এইটার	2
নাকি	এড	অফ	2
এড	অফ	হবে	2
অফ	হবে	শুধু	2
আবার	পুনরায়	সাউন্ড	2
পুনরায়	সাউন্ড	অন	2
সাউন্ড	অন	করার	2
অন	করার	নিয়ম	2
করার	নিয়ম	কি	2
ব্রো	করবে	না	2
করবে	না	১	2
না	১	করার	2
১	করার	চান্স	2
করার	চান্স	করলে	2
চান্স	করলে	তার	2
করলে	তার	লাখ	2
তার	লাখ	খারাপ	2
লাখ	খারাপ	ব্যাকআপ	2
খারাপ	ব্যাকআপ	দিয়ে	2
ব্যাকআপ	দিয়ে	রাখুন	2
দিয়ে	রাখুন	ভয়	2
রাখুন	ভয়	করলে	2
তো	ব্রুট	ফোর্স	2
ব্রুট	ফোর্স	করেই	2
ফোর্স	করেই	তো	2
করেই	তো	করতে	2
তো	করতে	হবে	2
করতে	হবে	সেটাও	2
হবে	সেটাও	শিখাবো	2
আপনার	জন্য	অনেক	2
জন্য	অনেক	দোয়া	2
অনেক	দোয়া	ও	2
দোয়া	ও	ভালোবাসা	2
ও	ভালোবাসা	রইলো	2
ভালোবাসা	রইলো	নেক্সট	2
রইলো	নেক্সট	ব্লগের	2
নেক্সট	ব্লগের	অপেক্ষায়	2
ব্লগের	অপেক্ষায়	রইলাম	2
আপকা	তে	কম	2
তে	কম	কিভাবে	2
কম	কিভাবে	করব	2
আপনাদের	ভালো	লাগলেই	2
ভালো	লাগলেই	আমার	2
লাগলেই	আমার	ভালো	2
ওকে	সমস্যা	নাই	2
নাই	বাট	ফ্রী	2
বাট	ফ্রী	ফায়ার	2
ফায়ার	এর	কোন	2
এর	কোন	হ্যাকিং	2
কোন	হ্যাকিং	পোস্ট	2
হ্যাকিং	পোস্ট	দিয়েন	2
দিয়েন	না	যা	2
না	যা	ট্রাই	2
যা	ট্রাই	করতে	2
ট্রাই	করতে	গিয়ে	2
করতে	গিয়ে	সহজ	2
গিয়ে	সহজ	সরল	2
সহজ	সরল	লোকেদের	2
সরল	লোকেদের	আইডি	2
লোকেদের	আইডি	ব্যান	2
আইডি	ব্যান	হয়	2
আলাপ	অ্যাপ	দিয়ে	2
অ্যাপ	দিয়ে	ফ্রি	2
দিয়ে	ফ্রি	কল	2
টাইম	নষ্ট	করার	2
নষ্ট	করার	মানে	2
ওই	হারামি	তুই	2
হারামি	তুই	আবার	2
তুই	আবার	আমার	2
আবার	আমার	পোস্ট	2
পোস্ট	কপি	করছস	2
কপি	করছস	আল্লাহ	2
করছস	আল্লাহ	তোরে	2
আল্লাহ	তোরে	যে	2
তোরে	যে	কবে	2
যে	কবে	তোরে	2
কবে	তোরে	ভালো	2
তোরে	ভালো	মানুষ	2
ভালো	মানুষ	বানাবে	2
সরি	কন্ট্রোলে	এর	2
কন্ট্রোলে	এর	কথা	2
কথা	বলছি	লেখার	2
বলছি	লেখার	সময়	2
লেখার	সময়	মিসটেক	2
এইটা	ট্রাম	রা	2
ট্রাম	রা	ভাও	2
রা	ভাও	এটা	2
ভাও	এটা	গার্ড	2
এটা	গার্ড	হলো	2
গার্ড	হলো	কেমনে	2
হলো	কেমনে	আপনার	2
কেমনে	আপনার	টপিক	2
আপনার	টপিক	পাল্টান	2
টপিক	পাল্টান	গার্ডের	2
পাল্টান	গার্ডের	জায়গায়	2
গার্ডের	জায়গায়	ফ্রম	2
জায়গায়	ফ্রম	লিখুন	2
ফ্রম	লিখুন	এটা	2
লিখুন	এটা	সবাই	2
সবাই	জানে	ফর্ম	2
জানে	ফর্ম	দিয়ে	2
ফর্ম	দিয়ে	কিছুই	2
দিয়ে	কিছুই	লাভ	2
কিছুই	লাভ	নাই	2
ভাই	আমি	সাত	2
আমি	সাত	দিন	2
সাত	দিন	ট্রাই	2
দিন	ট্রাই	করে	2
করে	ও	বিজয়	2
ও	বিজয়	৫২	2
বিজয়	৫২	ইন্সটল	2
৫২	ইন্সটল	করতে	2
ইন্সটল	করতে	পারলাম	2
পারলাম	না	এটা	2
না	এটা	দেখার	2
দেখার	পর	পারলাম	2
পর	পারলাম	আপনাকে	2
পারলাম	আপনাকে	অনেক	2
অনেক	ধন্যবাদ	আমি	2
ধন্যবাদ	আমি	২০১৩	2
আমি	২০১৩	থেকে	2
থেকে	ট্রিকবিডি	ভিজিট	2
ট্রিকবিডি	ভিজিট	করি	2
ভিজিট	করি	বাট	2
করি	বাট	আজ	2
বাট	আজ	পোস্টটি	2
আজ	পোস্টটি	অনেক	2
পোস্টটি	অনেক	হেল্পফুল	2
অনেক	হেল্পফুল	হলো	2
হেল্পফুল	হলো	বেস্ট	2
হলো	বেস্ট	অফ	2
সাইফন	দিয়ে	করেন	2
দিয়ে	করেন	তাহলে	2
অথচ	ট্রিকবিডি	এর	2
এর	রুল	নাকি	2
রুল	নাকি	ডিরেক্ট	2
নাকি	ডিরেক্ট	ডাউনলোড	2
লিংক	দেওয়া	অফ	2
দেওয়া	অফ	মানছি	2
অফ	মানছি	সেটা	2
মানছি	সেটা	কেউ	2
সেটা	কেউ	মানে	2
কেউ	মানে	না	2
মানে	না	তাই	2
না	তাই	বলে	2
তাই	বলে	একজনকে	2
বলে	একজনকে	ওয়ার্নিং	2
একজনকে	ওয়ার্নিং	দিবে	2
ওয়ার্নিং	দিবে	তারপরে	2
দিবে	তারপরে	উধাও	2
তারপরে	উধাও	হয়ে	2
হয়ে	যাবে	এটা	2
এটা	তো	ঠিক	2
তো	ঠিক	না	2
ঠিক	না	জানি	2
না	জানি	বলে	2
জানি	বলে	লাভ	2
লাভ	নাই	কারণ	2
কারণ	ট্রিকবিডি	টিমের	2
ট্রিকবিডি	টিমের	কেউ	2
টিমের	কেউ	বেঁচে	2
কেউ	বেঁচে	নাই	2
বেঁচে	নাই	সবাই	2
নাই	সবাই	মেবি	2
সবাই	মেবি	মারা	2
মেবি	মারা	গেছে	2
ইউজ	করতাম	এসব	2
করতাম	এসব	থাকে	2
থাকে	না	বেশি	2
না	বেশি	দিন	2
বেশি	দিন	আমি	2
দিন	আমি	১০০০	2
আমি	১০০০	করছিলাম	2
১০০০	করছিলাম	অনেক	2
করছিলাম	অনেক	কষ্টে	2
অনেক	কষ্টে	দেন	2
কষ্টে	দেন	এখন	2
দেন	এখন	মেবি	2
এখন	মেবি	১০০টাও	2
মেবি	১০০টাও	নাই	2
আর	অ্যাকশন	আইজেন	2
অ্যাকশন	আইজেন	হর্ন	2
আইজেন	হর্ন	জেনস	2
হর্ন	জেনস	খেলো	2
জেনস	খেলো	ডাউনলোড	2
খেলো	ডাউনলোড	করো	2
ডাউনলোড	করো	থেকে	2
করো	থেকে	তার	2
থেকে	তার	শিওর	2
তার	শিওর	হও	2
শিওর	হও	যে	2
হও	যে	তোমার	2
যে	তোমার	ফোন	2
তোমার	ফোন	আর	2
আর	ওপেন	জিএল	2
আমারটার	ভার্সন	কিন্তু	2
ভার্সন	কিন্তু	বেশি	2
কিন্তু	বেশি	সবাই	2
বেশি	সবাই	এই	2
সবাই	এই	অ্যাপসটায়	2
এই	অ্যাপসটায়	কিন্তু	2
অ্যাপসটায়	কিন্তু	যে	2
কিন্তু	যে	কোন	2
কোন	ভিডিও	মেক	2
মেক	করে	ট্রাই	2
করে	ট্রাই	করেছি	2
ট্রাই	করেছি	তারপর	2
করেছি	তারপর	এই	2
তারপর	এই	পোস্টটি	2
এই	পোস্টটি	করেছি	2
পোস্টটি	করেছি	স্ক্রিনশটটা	2
করেছি	স্ক্রিনশটটা	আমার	2
স্ক্রিনশটটা	আমার	মোবাইলের	2
ভাই	না	জানলে	2
না	জানলে	অনেক	2
জানলে	অনেক	ক্ষেত্রেই	2
অনেক	ক্ষেত্রেই	হতে	2
ক্ষেত্রেই	হতে	পারে	2
তাই	যারা	নিউ	2
যারা	নিউ	তারা	2
নিউ	তারা	সপ্তাহে	2
তারা	সপ্তাহে	একদিন	2
সপ্তাহে	একদিন	করে	2
একদিন	করে	ক্লান	2
করে	ক্লান	করাই	2
ক্লান	করাই	ভালো	2
করাই	ভালো	থ্যাংকস	2
ভালো	থ্যাংকস	ইউজার	2
আপ্নারে	টিউনার	বানাইছে	2
টিউনার	বানাইছে	কোন	2
বানাইছে	কোন	মদন	2
একটা	সিম	রাউটার	2
সিম	রাউটার	আছে	2
রাউটার	আছে	এটার	2
আছে	এটার	পাসওয়ার্ড	2
এটার	পাসওয়ার্ড	জানি	2
জানি	না	এখন	2
কি	করে	পাসওয়ার্ডটা	2
করে	পাসওয়ার্ডটা	পামু	2
পাসওয়ার্ডটা	পামু	প্লিজ	2
পামু	প্লিজ	একটু	2
ইউজার	ব্রো	বিকজ	2
ব্রো	বিকজ	আমি	2
বিকজ	আমি	এরকম	2
আমি	এরকম	পোস্ট	2
এরকম	পোস্ট	চেয়েছিলাম	2
প্রো	৩৬	টাকায়	2
৩৬	টাকায়	৩	2
৩	জিবি	মেয়াদ	2
জিবি	মেয়াদ	৫	2
মেয়াদ	৫	ডে	2
ফ্লেক্সিপ্ল্যানে	টাকা	পেয়ে	2
টাকা	পেয়ে	করেছিলাম	2
পেয়ে	করেছিলাম	আধার	2
করেছিলাম	আধার	নাম্বার	2
আধার	নাম্বার	থেকে	2
নাম্বার	থেকে	নাও	2
থেকে	নাও	ওই	2
নাও	ওই	এমবি	2
ওই	এমবি	আর	2
এমবি	আর	ব্যালেন্স	2
আর	ব্যালেন্স	কিভাবে	2
ব্যালেন্স	কিভাবে	দেখবো	2
এয়ারটেল	সিম	অপেরা	2
সিম	অপেরা	মিনি	2
মিনি	দিয়া	ফেসবুক	2
দিয়া	ফেসবুক	লগইন	2
ফেসবুক	লগইন	করি	2
লগইন	করি	কিন্তু	2
করি	কিন্তু	বিকালে	2
কিন্তু	বিকালে	পরে	2
বিকালে	পরে	আর	2
পরে	আর	ফেসবুকে	2
আর	ফেসবুকে	ঢোকা	2
ফেসবুকে	ঢোকা	যায়	2
যায়	না	কিন্তু	2
না	কিন্তু	অন্য	2
কিন্তু	অন্য	সিম	2
সিম	দিয়ে	ঢোকা	2
ঢোকা	যায়	বাট	2
যায়	বাট	এয়ারটেল	2
বাট	এয়ারটেল	সিম	2
সিম	দিয়ে	হয়	2
কারণ	কি	জানেন	2
ওয়েবমানি	ডলার	বিক্রি	2
ডলার	বিক্রি	করার	2
বিক্রি	করার	ট্রাস্টেড	2
করার	ট্রাস্টেড	ওয়েবসাইট	2
ট্রাস্টেড	ওয়েবসাইট	আছে	2
ওয়েবসাইট	আছে	ভাই	2
আছে	ভাই	এডসস্টেরা	2
ভাই	এডসস্টেরা	এর	2
এডসস্টেরা	এর	পেমেন্ট	2
এর	পেমেন্ট	নিয়েছি	2
পাসওয়ার্ড	হ্যাক	করতে	2
করতে	চাই	আনরুট	2
টাইম	নাই	ভাই	2
আপনি	কি	পাগল	2
এটা	কানেক্টর	পরে	2
কানেক্টর	পরে	ফ্রি	2
পরে	ফ্রি	নেট	2
মনে	হয়	ইংলিশ	2
হয়	ইংলিশ	ল্যাঙ্গুয়েজ	2
ইংলিশ	ল্যাঙ্গুয়েজ	পড়তে	2
ল্যাঙ্গুয়েজ	পড়তে	পারেন	2
পড়তে	পারেন	না	2
পারেন	না	স্ক্রিনশট	2
না	স্ক্রিনশট	দেখে	2
স্ক্রিনশট	দেখে	বুঝতে	2
দেখে	বুঝতে	না	2
না	পারলে	কিছু	2
পারলে	কিছু	বলার	2
বলার	নাই	যারা	2
নাই	যারা	গিটার	2
যারা	গিটার	বাজাতে	2
গিটার	বাজাতে	জানে	2
বাজাতে	জানে	তাদের	2
জানে	তাদের	কাছ	2
তাদের	কাছ	থেকে	2
কাছ	থেকে	জিজ্ঞেস	2
থেকে	জিজ্ঞেস	করিস	2
জিজ্ঞেস	করিস	এই	2
করিস	এই	সিরিয়ালগুলো	2
এই	সিরিয়ালগুলো	অনুসরণ	2
সিরিয়ালগুলো	অনুসরণ	না	2
অনুসরণ	না	করে	2
না	করে	গিটার	2
করে	গিটার	বাজাতে	2
গিটার	বাজাতে	পারে	2
বাজাতে	পারে	কিনা	2
আমি	একটাতে	পাইচে	2
একটাতে	পাইচে	অন্য	2
পাইচে	অন্য	গুলায়	2
অন্য	গুলায়	ওয়েটিং	2
গুলায়	ওয়েটিং	আছে	2
ফালতু	পোস্ট	ব্রো	2
পোস্ট	ব্রো	ব্রো	2
ব্রো	ব্রো	ব্ল্যাক	2
ব্রো	ব্ল্যাক	মারট	2
ব্ল্যাক	মারট	থেকে	2
মারট	থেকে	অ্যাপ	2
অ্যাপ	ডাউনলোড	হতো	2
ডাউনলোড	হতো	চায়না	2
হতো	চায়না	এর	2
চায়না	এর	চেয়ে	2
এর	চেয়ে	এসইও	2
চেয়ে	এসইও	থেকে	2
এসইও	থেকে	অ্যাপসটি	2
থেকে	অ্যাপসটি	ডাউনলোড	2
অ্যাপসটি	ডাউনলোড	করে	2
ডাউনলোড	করে	অনেক	2
করে	অনেক	থেকে	2
অনেক	থেকে	নামান	2
থেকে	নামান	ইজি	2
নামান	ইজি	ভাবে	2
ইজি	ভাবে	নামবে	2
আর	কয়বার	ভাই	2
ইউজার	এ	জেড	2
স্ক্রিন	রেকর্ডার	প্লে	2
রেকর্ডার	প্লে	স্টোর	2
স্টোর	থেকে	নামায়	2
থেকে	নামায়	দেখেন	2
নামায়	দেখেন	আমি	2
দেখেন	আমি	স্যামসাং	2
স্যামসাং	গ্যালাক্সি	জে২তে	2
গ্যালাক্সি	জে২তে	ইউজ	2
জে২তে	ইউজ	করি	2
ওয়েবসাইট	শিখার	কোন	2
শিখার	কোন	বাংলা	2
কোন	বাংলা	পিডিএফ	2
বাংলা	পিডিএফ	থাকলে	2
পিডিএফ	থাকলে	লিঙ্ক	2
সহজ	দেখা	করলে	2
দেখা	করলে	হবে	2
সুপার	ব্রো	এরকম	2
আরো	চাই	ইলেকট্রনিক্স	2
চাই	ইলেকট্রনিক্স	নিয়ে	2
ইলেকট্রনিক্স	নিয়ে	খুব	2
নিয়ে	খুব	সুন্দরভাবে	2
খুব	সুন্দরভাবে	বুঝিয়ে	2
সুন্দরভাবে	বুঝিয়ে	লিখেছেন	2
বুঝিয়ে	লিখেছেন	আমি	2
লিখেছেন	আমি	টিডিএ	2
আমি	টিডিএ	২৮২২	2
টিডিএ	২৮২২	আইসি	2
২৮২২	আইসি	দিয়ে	2
আইসি	দিয়ে	বানাইছি	2
দিয়ে	বানাইছি	একটা	2
অনেক	আছে	কোনটা	2
আছে	কোনটা	নিব	2
হুম	কি	এগুলা	2
কি	এগুলা	ভাই	2
এগুলা	ভাই	সবাই	2
ভাই	সবাই	বকাবকি	2
সবাই	বকাবকি	করে	2
বকাবকি	করে	কেন	2
করে	কেন	ব্রো	2
করে	নাই	আবাল	2
হ্যাঁ	আমি	করছি	2
আমি	করছি	কাজ	2
করছি	কাজ	করছে	2
ধুর	একদম	বাজে	2
জন্য	ভালো	কিলগার	2
ভালো	কিলগার	থাকলে	2
কিলগার	থাকলে	দাও	2
ব্রো	কাইন্ডলি	একটু	2
কাইন্ডলি	একটু	এফবি	2
একটু	এফবি	ইনবক্সে	2
এফবি	ইনবক্সে	নক	2
নক	দেন	হেল্প	2
দেন	হেল্প	করার	2
হেল্প	করার	চেষ্টা	2
করার	চেষ্টা	করব	2
চেষ্টা	করব	আইজে	2
ব্রো	তুমি	ফাউল	2
তুমি	ফাউল	পোস্ট	2
ফাউল	পোস্ট	করো	2
পোস্ট	করো	বলে	2
করো	বলে	কি	2
বলে	কি	সবাইরে	2
কি	সবাইরে	ফাউল	2
সবাইরে	ফাউল	নাকি	2
হাসাইলেন	মিয়া	আমার	2
মিয়া	আমার	ফোনে	2
আমার	ফোনে	আরো	2
ফোনে	আরো	চারটা	2
আরো	চারটা	আছে	2
চারটা	আছে	আপনার	2
আছে	আপনার	মত	2
আপনার	মত	গৌরব	2
মত	গৌরব	জি	2
গৌরব	জি	ক্যাম	2
জি	ক্যাম	ইউজ	2
ক্যাম	ইউজ	করিনা	2
আপনার	জন্য	গিফট	2
জন্য	গিফট	দিলাম	2
পোস্ট	ভাই	আইডিতে	2
ভাই	আইডিতে	বাংলায়	2
আইডিতে	বাংলায়	ইউজার	2
বাংলায়	ইউজার	নেম	2
দেন	প্লিজ	চিনতে	2
প্লিজ	চিনতে	সুবিধা	2
চিনতে	সুবিধা	হবে	2
বিডি	এর	নোটিশ	2
এর	নোটিশ	ক্যাটাগরিটা	2
নোটিশ	ক্যাটাগরিটা	দেখুন	2
ঠিকভাবে	সেটিং	করেন	2
ইউজার	ভাই	এত	2
ভাই	এত	ভাল	2
ভাল	পোস্ট	করি	2
করি	তাও	আপলোড	2
তাও	আপলোড	পাই	2
আপলোড	পাই	না	2
সেইম	টু	লাকি	2
ব্রো	বিগ	ব্রিড	2
বিগ	ব্রিড	এর	2
ব্রিড	এর	রেফারেল	2
এর	রেফারেল	লিংক	2
রেফারেল	লিংক	কারো	2
কাছে	থাকলে	দেন	2
এটা	কিভাবে	ফ্রি	2
কিভাবে	ফ্রি	এমবি	2
ফ্রি	এমবি	ছাড়া	2
এমবি	ছাড়া	চালামু	2
ছাড়া	চালামু	ডাটা	2
চালামু	ডাটা	অন	2
হবে	তারপর	এমবি	2
তারপর	এমবি	টাকা	2
এমবি	টাকা	না	2
টাকা	না	থাকলেও	2
না	থাকলেও	গেম	2
থাকলেও	গেম	রানিং	2
গেম	রানিং	হবে	2
এই	কথার	দা	2
কথার	দা	আমিও	2
দা	আমিও	বলছি	2
প্লিজ	হেল্প	ফর	2
হেল্প	ফর	পিকচার	2
ফর	পিকচার	শো	2
পিকচার	শো	না	2
শো	না	করার	2
ভাইয়া	১০	এমন	2
১০	এমন	দিলে	2
এমন	দিলে	বলে	2
দিলে	বলে	দিতে	2
ব্রো	এফবিতে	যোগাযোগ	2
এফবিতে	যোগাযোগ	করেন	2
এই	ফিচার্স	দারস	2
ফিচার্স	দারস	তো	2
দারস	তো	অনেক	2
আগে	থেকে	দিচ্ছে	2
থেকে	দিচ্ছে	এই	2
দিচ্ছে	এই	ইনফো	2
এই	ইনফো	শেয়ার	2
ইনফো	শেয়ার	করার	2
দরকার	ছিল	না	2
ছিল	না	এর	2
না	এর	চেয়ে	2
চেয়ে	কিছু	আন্ডার	2
কিছু	আন্ডার	টাইপ	2
আন্ডার	টাইপ	কম	2
টাইপ	কম	কনটেন্ট	2
কম	কনটেন্ট	লিখিয়েন	2
আচ্ছা	বিটকয়েন	আইডি	2
বিটকয়েন	আইডি	চেঞ্জ	2
আইডি	চেঞ্জ	হলে	2
চেঞ্জ	হলে	কি	2
হলে	কি	করব	2
আপনার	অ্যাকাউন্ট	ডিজেবল	2
অ্যাকাউন্ট	ডিজেবল	করার	2
ডিজেবল	করার	আগে	2
করার	আগে	কোন	2
আগে	কোন	মেইল	2
কোন	মেইল	করেছে	2
খুব	কম	২০	2
কম	২০	কেবি	2
২০	কেবি	সো	2
কেবি	সো	কে	2
সো	কে	করব	2
কে	করব	ব্রো	2
ডায়াল	করে	ফেসবুক	2
করে	ফেসবুক	কিনুন	2
ফেসবুক	কিনুন	২৮	2
কিনুন	২৮	ডেইজ	2
কেমনে	দিতে	হয়	2
দিতে	হয়	আমি	2
হয়	আমি	তো	2
আমি	তো	দিচ্ছি	2
তো	দিচ্ছি	দেখায়	2
পেমেন্ট	যে	নিমু	2
যে	নিমু	ওই	2
নিমু	ওই	অ্যাকাউন্টগুলো	2
ওই	অ্যাকাউন্টগুলো	একটাও	2
অ্যাকাউন্টগুলো	একটাও	নাই	2
একটাও	নাই	পেপাল	2
নাই	পেপাল	আছে	2
পেপাল	আছে	বাংলাদেশ	2
আছে	বাংলাদেশ	থেকে	2
বাংলাদেশ	থেকে	খুলা	2
থেকে	খুলা	পেপাল	2
নাইস	ব্রো	বাট	2
ব্রো	বাট	একটু	2
বাট	একটু	বাচ্চা	2
একটু	বাচ্চা	বাচ্চা	2
বাচ্চা	বাচ্চা	লাগতেছে	2
বাচ্চা	লাগতেছে	কেন	2
লাগতেছে	কেন	জানি	2
কোন	গ্রুপ	থেকে	2
গ্রুপ	থেকে	দিবেন	2
এটাই	তো	লস	2
তো	লস	তাও	2
লস	তাও	হতে	2
তাও	হতে	পারে	2
হতে	পারে	কে	2
পারে	কে	ভরসা	2
কে	ভরসা	আছে	2
ভরসা	আছে	যে	2
আছে	যে	কয়েনটার	2
যে	কয়েনটার	প্রাইস	2
কয়েনটার	প্রাইস	বাড়বে	2
কিনতে	হয়	ইউএসএ	2
হয়	ইউএসএ	বিসিসি	2
ইউএসএ	বিসিসি	৮০০	2
বিসিসি	৮০০	টাকা	2
৮০০	টাকা	করে	2
টাকা	করে	দেন	2
করে	দেন	এড	2
দেন	এড	করতে	2
হয়	তখন	ওই	2
তখন	ওই	পেপাল	2
ওই	পেপাল	ইউসে	2
পেপাল	ইউসে	কোন	2
ইউসে	কোন	ভয়	2
কোন	ভয়	থাকে	2
ভয়	থাকে	না	2
লি	পলিমার	ভালো	2
পলিমার	ভালো	এটার	2
ভালো	এটার	মধ্যে	2
এটার	মধ্যে	দীর্ঘস্থায়ী	2
মধ্যে	দীর্ঘস্থায়ী	চার্জ	2
দীর্ঘস্থায়ী	চার্জ	টিকে	2
হচ্ছে	না	বাট	2
না	বাট	চলছে	2
তো	আপনার	সেটিং	2
হবে	ভাই	ভালো	2
ট্রিকবিডি	মোবাইল	ভার্সন	2
মোবাইল	ভার্সন	প্লাগিন	2
ভার্সন	প্লাগিন	এর	2
প্লাগিন	এর	নাম	2
যেটা	স্ক্রিনশট	দিচ্ছেন	2
স্ক্রিনশট	দিচ্ছেন	সেটাই	2
দিচ্ছেন	সেটাই	কি	2
সেটাই	কি	লাভা	2
লাভা	আইরিস	২৫০	2
ক্যাম্পেইন্স	এন্ড	পেইজের	2
এন্ড	পেইজের	পরিচিতি	2
পেইজের	পরিচিতি	কোথায়	2
ভাই	আর্টিকেল	লিখতে	2
আর্টিকেল	লিখতে	আর্ন	2
লিখতে	আর্ন	করতে	2
আর্ন	করতে	চাই	2
পাইসি	দোস্ত	গুড	2
দোস্ত	গুড	পোস্ট	2
আপনাদের	কেউ	মিস	2
কেউ	মিস	করেছি	2
মিস	করেছি	সময়	2
করেছি	সময়	না	2
সময়	না	থাকে	2
না	থাকে	আসতে	2
থাকে	আসতে	পারিনা	2
ভাই	নিজের	ইচ্ছামত	2
নিজের	ইচ্ছামত	নাম্বার	2
ইচ্ছামত	নাম্বার	বানিয়ে	2
নাম্বার	বানিয়ে	মেসেজ	2
বানিয়ে	মেসেজ	করা	2
মেসেজ	করা	ঠিক	2
করা	ঠিক	কি	2
ঠিক	কি	আছে	2
হুম	পাসপোর্ট	ছাড়া	2
পাসপোর্ট	ছাড়া	এটা	2
ছাড়া	এটা	একটু	2
এটা	একটু	প্যারা	2
আপনি	কি	পেস	2
কি	পেস	১৮	2
পেস	১৮	খেলছেন	2
১৮	খেলছেন	হুদাই	2
খেলছেন	হুদাই	বলছেন	2
হুদাই	বলছেন	অ্যান্ড্রয়েড	2
বলছেন	অ্যান্ড্রয়েড	এর	2
অ্যান্ড্রয়েড	এর	সেরা	2
এর	সেরা	গেম	2
সেরা	গেম	এটা	2
ভাই	কি	ইন্ডিয়া	2
কি	ইন্ডিয়া	থাকেন	2
ইন্ডিয়া	থাকেন	বিডি	2
থাকেন	বিডি	থেকে	2
বিডি	থেকে	কেমনে	2
থেকে	কেমনে	কিনেন	2
ভাই	এই	নিয়মে	2
এই	নিয়মে	২০২০	2
নিয়মে	২০২০	মানে	2
২০২০	মানে	এখন	2
মানে	এখন	কি	2
এখন	কি	পেপার	2
কি	পেপার	অ্যাকাউন্ট	2
পেপার	অ্যাকাউন্ট	খুলতে	2
অ্যাকাউন্ট	খুলতে	পারবো	2
খুলতে	পারবো	আর	2
পারবো	আর	জিপ	2
আর	জিপ	কোড	2
কোড	কি	ওইটা	2
কি	ওইটা	ইউজ	2
ওইটা	ইউজ	করব	2
ইউজ	করব	আর	2
করব	আর	অ্যাকাউন্ট	2
আর	অ্যাকাউন্ট	ভেরিফাই	2
অ্যাকাউন্ট	ভেরিফাই	করা	2
ভেরিফাই	করা	সারা	2
করা	সারা	কি	2
সারা	কি	টাকা	2
কি	টাকা	লেনদেন	2
টাকা	লেনদেন	করা	2
লেনদেন	করা	যাবে	2
যাবে	কি	প্লিজ	2
কি	প্লিজ	ভাই	2
প্লিজ	ভাই	রিপ্লাই	2
ভাই	রিপ্লাই	দিয়েন	2
ব্রো	টাইম	লাগবে	2
টাইম	লাগবে	কেমন	2
নো	ব্রো	বাংলা	2
ব্রো	বাংলা	হবে	2
বাংলা	হবে	না	2
ভাই	আমার	ভুল	2
আমার	ভুল	করে	2
ভুল	করে	তিনটা	2
করে	তিনটা	হেডার	2
তিনটা	হেডার	অপশন	2
হেডার	অপশন	ক্রিয়েট	2
অপশন	ক্রিয়েট	হয়ে	2
ক্রিয়েট	হয়ে	গেছে	2
গেছে	এখন	উপায়	2
এটা	নেয়া	ইউজার	2
নেয়া	ইউজার	ভাই	2
পোস্ট	করছে	অনেক	2
করছে	অনেক	আগে	2
অনেক	আগে	একই	2
আগে	একই	মড	2
ভাই	জিএফের	পার্সোনাল	2
জিএফের	পার্সোনাল	বোর্ড	2
পার্সোনাল	বোর্ড	দিয়ে	2
বোর্ড	দিয়ে	কি	2
কি	করব	বাট	2
করব	বাট	গুড	2
ভালো	পাইছে	মেয়াদ	2
পাইছে	মেয়াদ	বাড়ানোর	2
উপায়	আছে	নাকি	2
এত	ঝামেলা	বাদ	2
ঝামেলা	বাদ	দিয়ে	2
বাদ	দিয়ে	এফবি	2
দিয়ে	এফবি	লাইট	2
এফবি	লাইট	চালান	2
ওয়াও	ইউ	মেয়ে	2
ইউ	মেয়ে	ট্রিক	2
মেয়ে	ট্রিক	বিডি	2
ট্রিক	বিডি	টু	2
বিডি	টু	নিউজ	2
টু	নিউজ	বিডি	2
২১	কেটে	নিবে	2
হুম	ভালো	হতো	2
হতো	আর	তখন	2
আর	তখন	ফোন	2
তখন	ফোন	চার্জ	2
ফোন	চার্জ	ছিল	2
চার্জ	ছিল	না	2
সবকিছুতে	শুধু	এই	2
শুধু	এই	কমেন্ট	2
এই	কমেন্ট	করেন	2
কেন	আর	জানেন	2
আর	জানেন	ভালো	2
ভালো	কথা	এখানে	2
কথা	এখানে	শেয়ার	2
এখানে	শেয়ার	করতে	2
শেয়ার	করতে	অসুবিধা	2
করতে	অসুবিধা	কি	2
অসুবিধা	কি	আপনার	2
ডিএল	লিঙ্ক	প্লিজ	2
পাইছি	ভাই	থ্যাঙ্কস	2
কাজের	অ্যাপ	ভালই	2
অ্যাপ	ভালই	আছে	2
আরে	এখন	এর	2
এখন	এর	কেউ	2
এর	কেউ	দেনা	2
কেউ	দেনা	বুঝছোস	2
ডান	এখন	ট্রাই	2
এখন	ট্রাই	করুন	2
ইউজারভাই	ট্রিকবিডিতে	অনেকে	2
ট্রিকবিডিতে	অনেকে	আছে	2
অনেকে	আছে	যা	2
যা	সরাসরি	ভিডিওতে	2
সরাসরি	ভিডিওতে	কিন্তু	2
ভিডিওতে	কিন্তু	ফুল	2
কিন্তু	ফুল	পোস্ট	2
ফুল	পোস্ট	করে	2
করে	না	এটা	2
না	এটা	এটাকে	2
এটা	এটাকে	ট্রিক	2
এটাকে	ট্রিক	বিডি	2
বিডি	এর	রুলস	2
এর	রুলস	মানা	2
রুলস	মানা	হচ্ছে	2
এখন	আর	জুম	2
আর	জুম	না	2
জুম	না	অনেক	2
না	অনেক	দূর	2
অনেক	দূর	থেকে	2
দূর	থেকে	দেখতে	2
থেকে	দেখতে	পাবেন	2
কি	করব	বলবেন	2
করব	বলবেন	প্লিজ	2
ভাই	এমবি	দিয়ে	2
এমবি	দিয়ে	দেখা	2
দেখা	যায়	তাহলে	2
যায়	তাহলে	এমবি	2
তাহলে	এমবি	এর	2
আমি	ট্রিকবিডিতে	গত	2
ট্রিকবিডিতে	গত	১৫	2
একটা	আইডি	নেই	2
আইডি	নেই	আইডি	2
নেই	আইডি	নিয়ে	2
দেখলাম	আইডি	একটা	2
আইডি	একটা	কপি	2
একটা	কপি	পোস্ট	2
জন্য	কন্ট্রিবিউটর	হয়েছে	2
কন্ট্রিবিউটর	হয়েছে	দেখুন	2
হয়েছে	দেখুন	আমি	2
করবো	যদি	ট্রিকবিডিতে	2
যদি	ট্রিকবিডিতে	হেল্প	2
ট্রিকবিডিতে	হেল্প	চাই	2
হেল্প	চাই	শুধু	2
চাই	শুধু	বলে	2
শুধু	বলে	এফবিতে	2
বলে	এফবিতে	রেজা	2
এফবিতে	রেজা	বিডি	2
রেজা	বিডি	এর	2
বিডি	এর	কাছে	2
এর	কাছে	হেল্প	2
কাছে	হেল্প	চাও	2
হেল্প	চাও	যখন	2
চাও	যখন	ইউজার	2
যখন	ইউজার	কাছে	2
ইউজার	কাছে	হেল্প	2
হেল্প	চাই	হেল্প	2
চাই	হেল্প	করে	2
করে	না	ইউজার	2
না	ইউজার	ভাইকে	2
ইউজার	ভাইকে	মেল	2
ভাইকে	মেল	মেল	2
মেল	মেল	করতে	2
মেল	করতে	করতে	2
ফেইল	এই	আইডিতে	2
এই	আইডিতে	নিউ	2
আইডিতে	নিউ	চারটা	2
নিউ	চারটা	এসএস	2
চারটা	এসএস	প্লাস	2
এসএস	প্লাস	ক্রফ	2
প্লাস	ক্রফ	সহ	2
ক্রফ	সহ	পোস্ট	2
বলব	আমাকে	ডিনার	2
আমাকে	ডিনার	করেন	2
এক	জিমেইল	আইডি	2
জিমেইল	আইডি	কি	2
আইডি	কি	সেকেন্ড	2
কি	সেকেন্ড	বার	2
সেকেন্ড	বার	ইউজড	2
বার	ইউজড	করা	2
ইউজড	করা	যাবে	2
আর	এটিতে	কোন	2
এটিতে	কোন	লিমিটেড	2
কোন	লিমিটেড	ওর	2
লিমিটেড	ওর	এমবি	2
ওর	এমবি	এন্ড	2
এমবি	এন্ড	বেলেন্সের	2
এন্ড	বেলেন্সের	মেয়াদ	2
বেলেন্সের	মেয়াদ	লাগবে	2
মেয়াদ	লাগবে	ব্রো	2
হ্যাঁ	তবে	প্লটের	2
তবে	প্লটের	মধ্যে	2
প্লটের	মধ্যে	আসবে	2
মধ্যে	আসবে	না	2
আসবে	না	নোটিফিকেশন	2
না	নোটিফিকেশন	বারে	2
নোটিফিকেশন	বারে	আসবে	2
অনেক	পুরান	ট্রিক	2
পুরান	ট্রিক	বাট	2
ট্রিক	বাট	ভুলে	2
বাট	ভুলে	গেছিলাম	2
ভুলে	গেছিলাম	থ্যাংকস	2
পোস্ট	করি	কপি	2
করি	কপি	মুক্ত	2
কপি	মুক্ত	প্লিজ	2
মুক্ত	প্লিজ	ইউজার	2
আমার	বাসা	বগুড়া	2
বাসা	বগুড়া	প্লিজ	2
বগুড়া	প্লিজ	বিন	2
প্লিজ	বিন	ডিরেক্ট	2
বিন	ডিরেক্ট	কিউবি	2
ডিরেক্ট	কিউবি	ব্রাভিয়া	2
কিউবি	ব্রাভিয়া	হচ্ছে	2
ব্রাভিয়া	হচ্ছে	না	2
কেন	শুধু	ওয়ার্নিং	2
শুধু	ওয়ার্নিং	আসে	2
ভাই	শুধু	পেপালে	2
শুধু	পেপালে	নেয়া	2
পেপালে	নেয়া	যায়	2
নেয়া	যায়	বাট	2
যদি	নিজের	ইচ্ছেমত	2
নিজের	ইচ্ছেমত	এসএমএস	2
ইচ্ছেমত	এসএমএস	পাঠানো	2
এসএমএস	পাঠানো	যেত	2
পাঠানো	যেত	অনেক	2
যেত	অনেক	ভালো	2
তোমার	সব	পোস্টটি	2
সব	পোস্টটি	অসাম	2
কোথায়	পেলেন	পেপার	2
পেলেন	পেপার	অ্যাকাউন্ট	2
পেপার	অ্যাকাউন্ট	স্ক্রিনশট	2
অ্যাকাউন্ট	স্ক্রিনশট	দেন	2
ওকে	ভাইয়া	ঠিক	2
বস	দারুন	কাজ	2
দারুন	কাজ	হচ্ছে	2
কাজ	হচ্ছে	থ্যাংক	2
হচ্ছে	থ্যাংক	ইউ	2
এনা	পোস্ট	আছে	2
আছে	এই	বিষয়ে	2
এই	বিষয়ে	এ	2
বিষয়ে	এ	আপনার	2
আপনার	সাইট	আমি	2
সাইট	আমি	দেখলাম	2
আমি	দেখলাম	বাট	2
দেখলাম	বাট	ট্রাস্ট	2
বাট	ট্রাস্ট	মি	2
ট্রাস্ট	মি	অনেক	2
মি	অনেক	দেরি	2
দেরি	হবে	এডসেন্স	2
হবে	এডসেন্স	পেতে	2
এডসেন্স	পেতে	ধৈর্য	2
পেতে	ধৈর্য	ধরে	2
ধৈর্য	ধরে	কাজ	2
কাজ	করে	যান	2
অফলাইন	তাশাদা	স্ক্রিনশট	2
তাশাদা	স্ক্রিনশট	এ	2
এ	দেখুন	অফলাইন	2
ব্রো	পোস্টাল	কোড	2
পোস্টাল	কোড	জানিনা	2
কোড	জানিনা	প্লিজ	2
জানিনা	প্লিজ	হেল্প	2
এটা	কি	নাম	2
কি	নাম	অথরে	2
নাম	অথরে	মিস্টার	2
অথরে	মিস্টার	টেক	2
মিস্টার	টেক	এই	2
টেক	এই	জন্য	2
এই	জন্য	এই	2
ভাই	অন্যের	আইডি	2
অন্যের	আইডি	হ্যাক	2
হ্যাক	করব	তাহলে	2
করব	তাহলে	আগের	2
তাহলে	আগের	ডিভাইস	2
আগের	ডিভাইস	আমি	2
ডিভাইস	আমি	কই	2
আমি	কই	পাবো	2
কই	পাবো	যার	2
পাবো	যার	আইডি	2
আইডি	হ্যাক	করবে	2
হ্যাক	করবে	সে	2
করবে	সে	তো	2
সে	তো	আর	2
তো	আর	তার	2
আর	তার	ফোন	2
তার	ফোন	আমাকে	2
ফোন	আমাকে	দিবে	2
আমাকে	দিবে	না	2
দিবে	না	সাবমিট	2
না	সাবমিট	করতে	2
সাবমিট	করতে	তাই	2
করতে	তাই	না	2
তাই	না	প্লিজ	2
ভাই	হেল্প	সবকিছু	2
হেল্প	সবকিছু	রেডি	2
সবকিছু	রেডি	বাট	2
রেডি	বাট	সাবমিট	2
বাট	সাবমিট	করতে	2
সাবমিট	করতে	পারছিনা	2
হোয়াটসঅ্যাপ	এর	জন্য	2
জন্য	একটা	পোষ্ট	2
একটা	পোষ্ট	দেন	2
২	এমবিপিএস	ডাউনলোড	2
এমবিপিএস	ডাউনলোড	স্পিড	2
ডাউনলোড	স্পিড	থ্যাংকস	2
পোস্টেড	দেওয়া	ফাইল	2
দেওয়া	ফাইল	ডাউনলোড	2
করে	পোর্ট	প্লেয়ার	2
পোর্ট	প্লেয়ার	দিয়ে	2
প্লেয়ার	দিয়ে	অন	2
দিয়ে	অন	করেন	2
অন	করেন	এনজয়	2
ওই	ব্যাটা	আমি	2
ব্যাটা	আমি	কি	2
আমি	কি	তোমাকে	2
কি	তোমাকে	নক	2
তোমাকে	নক	করব	2
নক	করব	ফাউল	2
হুম	ইউজার	ভাইয়া	2
সাথে	একমত	একটা	2
একমত	একটা	এর	2
একটা	এর	দরকার	2
এর	দরকার	ফ্রি	2
দরকার	ফ্রি	নেটের	2
ফ্রি	নেটের	জন্য	2
নেটের	জন্য	এন্ড	2
জন্য	এন্ড	পোস্ট	2
জন্য	থ্যাংকস	কাজ	2
থ্যাংকস	কাজ	আমি	2
কাজ	আমি	ট্রিকবিডি	2
তে	আসি	জাস্ট	2
আসি	জাস্ট	আপনার	2
জাস্ট	আপনার	পোষ্টের	2
আপনার	পোষ্টের	জন্য	2
পোষ্টের	জন্য	আপনার	2
জন্য	আপনার	বিশ্বাস	2
আপনার	বিশ্বাস	হক	2
বিশ্বাস	হক	বা	2
হক	বা	না	2
ভাই	এই	সাউন্ড	2
এই	সাউন্ড	শুনলে	2
সাউন্ড	শুনলে	কি	2
শুনলে	কি	হবে	2
তোমার	বাড়ি	নীলফামারী	2
বাড়ি	নীলফামারী	এফবি	2
নীলফামারী	এফবি	আইডি	2
ফোন	ও	ললিপপ	2
কাপ	ফিশপ্লে	ছাড়া	2
ফিশপ্লে	ছাড়া	স্ক্রিনশট	2
ছাড়া	স্ক্রিনশট	দিয়েন	2
ওয়ালাইকুম	আসসালাম	থ্যাঙ্ক	2
আসসালাম	থ্যাঙ্ক	ইউ	2
পড়া	কপি	পোস্ট	2
খুব	ভালো	খুব	2
ভালো	খুব	ভালো	2
থ্যাংকস্	ভাই	সাপোর্ট	2
সাপোর্ট	করে	পাশে	2
করে	পাশে	থাকলে	2
পাশে	থাকলে	নেক্সট	2
থাকলে	নেক্সট	উইকলি	2
নেক্সট	উইকলি	মেম্বারশিপ	2
উইকলি	মেম্বারশিপ	নিয়ে	2
মেম্বারশিপ	নিয়ে	গিভাওয়ে	2
নিয়ে	গিভাওয়ে	দিবো	2
গিভাওয়ে	দিবো	ভাই	2
আমার	মতে	লো	2
মতে	লো	কোয়ালিটি	2
লো	কোয়ালিটি	তে	2
কোয়ালিটি	তে	মুভি	2
তে	মুভি	দেখার	2
মুভি	দেখার	চেয়ে	2
দেখার	চেয়ে	না	2
চেয়ে	না	দেখাই	2
না	দেখাই	ভালো	2
দেখাই	ভালো	আর	2
ভালো	আর	তারা	2
আর	তারা	মুভি	2
তারা	মুভি	অ্যাডিক্টেড	2
মুভি	অ্যাডিক্টেড	তারা	2
অ্যাডিক্টেড	তারা	এমবি	2
তারা	এমবি	নিয়ে	2
এমবি	নিয়ে	ভাবে	2
নিয়ে	ভাবে	না	2
জানি	তাও	নাইস	2
তাও	নাইস	পোস্ট	2
কই	এই	প্রব্লেম	2
এই	প্রব্লেম	করে	2
প্রব্লেম	করে	না	2
দুই	তার	যেকনো	2
তার	যেকনো	একটা	2
যেকনো	একটা	হলেই	2
থ্যাংকস	ব্রো	আমারও	2
ব্রো	আমারও	আসছে	2
হুম	ভাই	আপনারটাই	2
ভাই	আপনারটাই	খুব	2
আপনারটাই	খুব	ভালো	2
ভালো	লাগছে	তবে	2
লাগছে	তবে	ভাই	2
তবে	ভাই	একটা	2
একটা	প্রবলেম	হল	2
প্রবলেম	হল	ক্যাটাগরি	2
হল	ক্যাটাগরি	হোম	2
ক্যাটাগরি	হোম	পেজে	2
হোম	পেজে	আসছে	2
পেজে	আসছে	না	2
নাইস	ব্রো	কবে	2
ব্রো	কবে	আসবে	2
কবে	আসবে	আপডেট	2
আসবে	আপডেট	আপডেট	2
আপডেট	আপডেট	দিতেও	2
আপডেট	দিতেও	কি	2
দিতেও	কি	এমবির	2
কি	এমবির	মত	2
এমবির	মত	লাগবে	2
যারা	বোঝার	এমনি	2
বোঝার	এমনি	বুঝে	2
এমনি	বুঝে	যাবে	2
বুঝে	যাবে	ব্রো	2
যাবে	ব্রো	প্রোব	2
ব্রো	প্রোব	নাই	2
প্রোব	নাই	থ্যাঙ্কস	2
সব	ফোনে	এ	2
ফোনে	এ	নাই	2
এ	নাই	পোস্ট	2
নাই	পোস্ট	এ	2
এ	এটা	উল্লেখ	2
এটা	উল্লেখ	করে	2
উল্লেখ	করে	দাও	2
দেখে	ভাবলাম	৫০	2
ভাবলাম	৫০	পকেটে	2
৫০	পকেটে	আসলো	2
পকেটে	আসলো	পর	2
আসলো	পর	দেখি	2
কেউ	থাম্বনেইল	করা	2
থাম্বনেইল	করা	পোস্ট	2
করা	পোস্ট	দেন	2
কিংগো	রুট	দিয়া	2
রুট	দিয়া	করলে	2
দিয়া	করলে	সুপার	2
করলে	সুপার	শু	2
সুপার	শু	থাকে	2
আমি	সেল	দিব	2
নীতিমালা	মেনে	চলা	2
মেনে	চলা	উচিত	2
দিতে	পারবেন	বাট	2
পারবেন	বাট	পেমেন্ট	2
বাট	পেমেন্ট	পাইলেন	2
পেমেন্ট	পাইলেন	না	2
ধুর	মিয়া	ফ্রন্ট	2
মিয়া	ফ্রন্ট	ইনস্টলার	2
ফ্রন্ট	ইনস্টলার	দিয়ে	2
ইনস্টলার	দিয়ে	করা	2
এমবি	চলতেছে	সবার	2
চলতেছে	সবার	ভালো	2
সবার	ভালো	করে	2
সবকিছুতে	কাজ	করবে	2
কাজ	করবে	এভাবে	2
করবে	এভাবে	স্টেপ	2
এভাবে	স্টেপ	বাই	2
স্টেপ	কাজ	করুন	2
জিপ	ফাইলে	বুট	2
ফাইলে	বুট	আইএমজি	2
বুট	আইএমজি	লোগো	2
আইএমজি	লোগো	বিন	2
লোগো	বিন	থাকলে	2
বিন	থাকলে	ডিলিট	2
থাকলে	ডিলিট	করবেন	2
আমার	ওয়ালটন	আরএম৩	2
ওয়ালটন	আরএম৩	তে	2
আরএম৩	তে	কিভাবে	2
তে	কিভাবে	টিডব্লিউআরপি	2
কিভাবে	টিডব্লিউআরপি	ইনস্টল	2
টিডব্লিউআরপি	ইনস্টল	দিব	2
ইনস্টল	দিব	টিডাব্লিউআরপি	2
দিব	টিডাব্লিউআরপি	ডাউনলোড	2
টিডাব্লিউআরপি	ডাউনলোড	লিংকটা	2
লিংকটা	দিলে	হবে	2
দিলে	হবে	ভাই	2
হুম	ওকি	ফেসবুক	2
ওকি	ফেসবুক	১০টার	2
ফেসবুক	১০টার	আসব	2
এটা	পেচানোর	কি	2
পেচানোর	কি	আছে	2
কি	আছে	লিঙ্ক	2
এফবি	লিংক	হবে	2
লিংক	হবে	একটু	2
হবে	একটু	কথা	2
ওয়াও	ইস	আর	2
ইস	আর	ভাই	2
আর	ভাই	এটাই	2
ভাই	এটাই	দরকার	2
দরকার	ছিল	কাজ	2
ছিল	কাজ	করলে	2
কাজ	করলে	থ্যাংক	2
করলে	থ্যাংক	ইউ	2
খাইয়া	হবে	নাকি	2
নাইস	আমি	বা	2
আমি	বা	চোখা	2
হেল্পফুল	পোস্ট	ব্র	2
পোস্ট	ব্র	থ্যাংকস	2
ডিলিট	করেন	কোন	2
করেন	কোন	কাজের	2
কাজের	না	আমি	2
না	আমি	বিকাশে	2
আমি	বিকাশে	মানতে	2
বিকাশে	মানতে	৪	2
মানতে	৪	করি	2
৪	করি	আর	2
করি	আর	আমাকে	2
আর	আমাকে	বলে	2
আমাকে	বলে	প্রযোজ্য	2
বলে	প্রযোজ্য	নয়	2
প্রযোজ্য	নয়	আরো	2
নয়	আরো	লেনদেন	2
আরো	লেনদেন	করতে	2
লেনদেন	করতে	হবে	2
করতে	হবে	পিক	2
হবে	পিক	এটা	2
পিক	এটা	কোন	2
ভাই	আপনি	রিকভারি	2
আপনি	রিকভারি	পোর্ট	2
পোর্ট	করে	নেন	2
করে	নেন	পিসি	2
নেন	পিসি	থাকলে	2
আর	গেল	কই	2
ব্রো	আপনার	পোস্টগুলো	2
পোস্টগুলো	অনেক	ভালো	2
অনেক	ভালো	ব্রো	2
ভালো	ব্রো	টক	2
ব্রো	টক	জ্যাঙ্ক	2
টক	জ্যাঙ্ক	বাদে	2
জ্যাঙ্ক	বাদে	অন্য	2
বাদে	অন্য	কোন	2
কোন	অ্যাপ	নাই	2
নেক্সট	পোস্ট	আপলোড	2
পোস্ট	আপলোড	প্লিজ	2
আপনার	পিকটা	দিতেন	2
পিকটা	দিতেন	মিয়া	2
আমিতো	ট্রাই	করে	2
ট্রাই	করে	দিছি	2
জীবনেও	কি	টিউনার	2
কি	টিউনার	হতে	2
টিউনার	হতে	পারব	2
হতে	পারব	না	2
পারব	না	মেইল	2
না	মেইল	চেক	2
মেইল	চেক	করেন	2
হুম	খুব	ভালো	2
খুব	ভালো	চ্যানেল	2
ভালো	চ্যানেল	বলে	2
চ্যানেল	বলে	এত	2
বলে	এত	তাড়াতাড়ি	2
এত	তাড়াতাড়ি	সাকসেস	2
তাড়াতাড়ি	সাকসেস	হইছে	2
ইমেইল	এড্রেস	ভুল	2
এড্রেস	ভুল	ঢাকায়	2
সিম	কি	বন্ধ	2
কি	বন্ধ	অফারে	2
বন্ধ	অফারে	আর	2
অফারে	আর	আওতাভুক্ত	2
আর	আওতাভুক্ত	হতে	2
আওতাভুক্ত	হতে	হবে	2
আপনাদের	কমেন্ট	দেখে	2
কমেন্ট	দেখে	ভালো	2
ভালো	লাগলো	আমি	2
লাগলো	আমি	পোস্ট	2
আমি	পোস্ট	দিব	2
সম্পর্কে	জানেন	হেল্প	2
জানেন	হেল্প	করবেন	2
হেল্প	করবেন	একটু	2
করবেন	একটু	এই	2
একটু	এই	সাইটে	2
এই	সাইটে	কি	2
সাইটে	কি	এডসেন্স	2
কি	এডসেন্স	পাব	2
এডসেন্স	পাব	কিনা	2
পাব	কিনা	একটু	2
কিনা	একটু	জানাবেন	2
ভাই	এইচটিটিপি	কাস্টম	2
এইচটিটিপি	কাস্টম	ভিপিএন	2
কাস্টম	ভিপিএন	দিয়ে	2
দিয়ে	কিভাবে	চলে	2
কিভাবে	চলে	আপনার	2
চলে	আপনার	ফেসবুক	2
ভাই	প্রিমিয়াম	করবো	2
অফকোর্স	এটা	ফেসবুক	2
এটা	ফেসবুক	থেকে	2
করা	পোস্ট	লিঙ্ক	2
সরি	কি	প্রতারণা	2
ঠিক	বলেছেন	আমার	2
বলেছেন	আমার	চোখেও	2
আমার	চোখেও	এমন	2
চোখেও	এমন	অনেক	2
এমন	অনেক	আইডি	2
অনেক	আইডি	পড়েছিল	2
আইডি	পড়েছিল	এখনো	2
পড়েছিল	এখনো	পরে	2
এখনো	পরে	বাট	2
পরে	বাট	প্রোফাইলে	2
বাট	প্রোফাইলে	রিপোর্ট	2
প্রোফাইলে	রিপোর্ট	করার	2
রিপোর্ট	করার	কোন	2
আপনার	পোস্টে	আমার	2
পোস্টে	আমার	জব	2
আমার	জব	হয়েছে	2
জব	হয়েছে	কিউয়াই	2
আমি	ভেরিফাই	ডোন্টাই	2
ভেরিফাই	ডোন্টাই	করছি	2
ডোন্টাই	করছি	রিপ্লাই	2
করছি	রিপ্লাই	দিচ্ছে	2
রিপ্লাই	দিচ্ছে	ভেরিফাই	2
দিচ্ছে	ভেরিফাই	আনসাকেস	2
ওয়েলকাম	বাট	ভাই	2
ভাই	আপনার	নামটা	2
আপনার	নামটা	ঠিক	2
নামটা	ঠিক	করেন	2
ব্যস্ততার	কারণে	কোন	2
কারণে	কোন	টপিক	2
কোন	টপিক	নিয়ে	2
টপিক	নিয়ে	লিখা	2
নিয়ে	লিখা	সময়	2
লিখা	সময়	পাচ্ছি	2
সময়	পাচ্ছি	না	2
পাচ্ছি	না	খুব	2
না	খুব	তাড়াতাড়ি	2
খুব	তাড়াতাড়ি	পেয়ে	2
তাড়াতাড়ি	পেয়ে	যাবেন	2
কানেকশন	লাগবে	অ্যাপটায়	2
লাগবে	অ্যাপটায়	ঢুকতে	2
অ্যাপটায়	ঢুকতে	ধুর	2
ঢুকতে	ধুর	৫	2
ধুর	৫	এমবি	2
৫	এমবি	নষ্ট	2
এমবি	নষ্ট	হল	2
শালা	তোরে	কে	2
তোরে	কে	টিউনাথ	2
কে	টিউনাথ	দিছে	2
টিউনাথ	দিছে	এই	2
দিছে	এই	পোস্ট	2
করার	জন্য	টিউনার	2
জন্য	টিউনার	হয়েছিস	2
যাবে	বাট	ফেইকে	2
বাট	ফেইকে	ভরা	2
ফেইকে	ভরা	তাই	2
ভরা	তাই	ডাউনলোড	2
তাই	ডাউনলোড	করে	2
করে	দেখেন	কয়দিন	2
দেখেন	কয়দিন	আগে	2
কয়দিন	আগে	হিন্দি	2
আগে	হিন্দি	ডাব	2
হিন্দি	ডাব	হল	2
ডাব	হল	তো	2
হল	তো	তাই	2
তো	তাই	হয়তো	2
তাই	হয়তো	ইউটিউবে	2
হয়তো	ইউটিউবে	আসতে	2
ইউটিউবে	আসতে	লেট	2
আসতে	লেট	হতে	2
লেট	হতে	পারে	2
জি	ভাইয়া	আমাকে	2
ভাইয়া	আমাকে	মেসেজ	2
আমাকে	মেসেজ	দিয়া	2
মেসেজ	দিয়া	রাখেন	2
দিয়া	রাখেন	কলেজ	2
রাখেন	কলেজ	থেকে	2
কলেজ	থেকে	বের	2
বের	হয়ে	আপনার	2
হয়ে	আপনার	সাথে	2
সাথে	কথা	বলব	2
আসছি	আক্রোপর	আপনার	2
আক্রোপর	আপনার	আইডি	2
আপনার	আইডি	নেইম	2
ডাউনলোড	করলাম	কেটে	2
করলাম	কেটে	যায়	2
ভাই	ট্রিকবিডির	মত	2
ট্রিকবিডির	মত	থিম	2
মত	থিম	বানাতে	2
থিম	বানাতে	পারলে	2
বানাতে	পারলে	অনেক	2
পারলে	অনেক	অনেক	2
ভালো	হতো	পারবেন	2
ভাই	এই	কোডটা	2
এই	কোডটা	এখন	2
কোডটা	এখন	সুন্দর	2
এখন	সুন্দর	ভাই	2
একসেপ্ট	করবেন	তাছাড়া	2
করবেন	তাছাড়া	এখানে	2
তাছাড়া	এখানে	কাস্টম	2
এখানে	কাস্টম	কোডস	2
কাস্টম	কোডস	এন্ড	2
কোডস	এন্ড	কাস্টম	2
এন্ড	কাস্টম	পাসওয়ার্ড	2
কাস্টম	পাসওয়ার্ড	অ্যাড	2
পাসওয়ার্ড	অ্যাড	করা	2
করা	যায়	আশা	2
আশা	করি	ডাটা	2
করি	ডাটা	চুরি	2
ডাটা	চুরি	হবে	2
চুরি	হবে	না	2
১০	কোড	কিভাবে	2
১৫০এমবি	চলবে	তখন	2
চলবে	তখন	আবার	2
তখন	আবার	ফোর	2
আবার	ফোর	স্টপ	2
ফোর	স্টপ	এন্ড	2
স্টপ	এন্ড	ফাইল	2
এন্ড	ফাইল	ম্যানেজার	2
ম্যানেজার	দিয়ে	চেঞ্জ	2
দিয়ে	চেঞ্জ	করতে	2
আলাদা	ক্রোন	সেট	2
ক্রোন	সেট	করতে	2
সেট	করতে	হবে	2
ভালো	বাট	উপরের	2
বাট	উপরের	একটা	2
উপরের	একটা	অথরও	2
একটা	অথরও	ভালো	2
অথরও	ভালো	না	2
ভালো	না	ইউজার	2
না	ইউজার	ছাড়া	2
ইউজার	ছাড়া	থাকার	2
ছাড়া	থাকার	হইল	2
থাকার	হইল	থাকো	2
হইল	থাকো	অর	2
থাকো	অর	লিভ	2
সিজন	৩	তো	2
৩	তো	নাই	2
করার	মত	কিছু	2
মত	কিছু	পান	2
পান	নাই	আমার	2
নাই	আমার	মনে	2
হয়	সবাই	জানে	2
সবাই	জানে	সব	2
জানে	সব	কিছু	2
সব	কিছু	দাম	2
কিছু	দাম	বাড়ছে	2
দাম	বাড়ছে	এক	2
বাড়ছে	এক	মিনিট	2
এক	মিনিট	কার্ড	2
মিনিট	কার্ড	দিয়ে	2
কার্ড	দিয়ে	এখন	2
দিয়ে	এখন	যেকোন	2
এখন	যেকোন	নাম্বার	2
যেকোন	নাম্বার	এ	2
এই	কথাটা	আমাকে	2
কথাটা	আমাকে	বললে	2
আমাকে	বললে	থ্যাংকস	2
আচ্ছা	বাড়ি	আসবে	2
ঠিক	আছে	আবার	2
আছে	আবার	আমার	2
আবার	আমার	ফোন	2
করে	অন	করলে	2
অন	করলে	আবার	2
করলে	আবার	স্টক	2
আবার	স্টক	সবকিছু	2
স্টক	সবকিছু	চলে	2
সবকিছু	চলে	আসে	2
চলে	আসে	এটা	2
আসে	এটা	কিভাবে	2
এটা	কিভাবে	ঠিক	2
কিভাবে	ঠিক	করব	2
হুম	বাট	কম	2
বাট	কম	নিলে	2
কম	নিলে	কিছু	2
নিলে	কিছু	হবে	2
আর	ভেরিফাই	আইডি	2
ভেরিফাই	আইডি	হলে	2
আইডি	হলে	কোন	2
হলে	কোন	প্রবলেম	2
এফবি	গ্রুপের	স্ক্রিন	2
গ্রুপের	স্ক্রিন	শট	2
শট	সহ	আসুন	2
সহ	আসুন	পেমেন্ট	2
আসুন	পেমেন্ট	পাবেন	2
পেমেন্ট	পাবেন	সাথেই	2
পাবেন	সাথেই	থাকুন	2
থ্যাংকস	ফর	এভরিথিং	2
ফর	এভরিথিং	এটা	2
এভরিথিং	এটা	গিফ	2
এটা	গিফ	মেকার	2
গিফ	মেকার	দিয়ে	2
মেকার	দিয়ে	করতে	2
দিয়ে	করতে	পারিনি	2
করতে	পারিনি	যদি	2
পারিনি	যদি	একটু	2
যদি	একটু	বুঝে	2
একটু	বুঝে	বলতেন	2
সুন্দর	পোস্ট	এগিয়ে	2
পোস্ট	এগিয়ে	যাও	2
আমার	বয়স	১৯৯৬	2
বয়স	১৯৯৬	ইয়ারে	2
১৯৯৬	ইয়ারে	আমি	2
ইয়ারে	আমি	কি	2
আবেদন	করতে	পারভ	2
৪শেয়ার	থেকে	কিভাবে	2
থেকে	কিভাবে	ফাইল	2
কিভাবে	ফাইল	ডাউনলোড	2
ফাইল	ডাউনলোড	করব	2
বলদ	দিয়ে	তো	2
দিয়ে	তো	হাল	2
তো	হাল	চাষ	2
হাল	চাষ	করা	2
যায়	কিন্তু	রবি	2
কিন্তু	রবি	দিয়ে	2
রবি	দিয়ে	যায়	2
দিয়ে	যায়	না	2
যায়	না	তাহলে	2
না	তাহলে	রবি	2
তাহলে	রবি	কি	2
সমস্যা	হবার	কথা	2
হবার	কথা	ফেসবুকের	2
কথা	ফেসবুকের	কিছু	2
ফেসবুকের	কিছু	রুলস	2
ইউজার	ভার্চুয়াল	স্পেস	2
ভার্চুয়াল	স্পেস	যেটা	2
স্পেস	যেটা	দিছেন	2
যেটা	দিছেন	মিনিট	2
দিছেন	মিনিট	শুধু	2
মিনিট	শুধু	ঘুরলো	2
শুধু	ঘুরলো	তাও	2
ঘুরলো	তাও	ওপেন	2
তাও	ওপেন	হলো	2
ওপেন	হলো	না	2
অন্য	কোন	টা	2
কোন	টা	দেন	2
টা	দেন	অ্যান্ড্রয়েড	2
দেন	অ্যান্ড্রয়েড	১০	2
অ্যান্ড্রয়েড	১০	ডিভাইস	2
আপনি	মোবাইল	ডাটা	2
ডাটা	ইউজার	নাকি	2
ইউজার	নাকি	ওয়াইফাই	2
নাকি	ওয়াইফাই	ইউজার	2
অলসো	থ্যাংকস	টু	2
টু	ইউ	আপনি	2
ইউ	আপনি	চালিয়ে	2
চালিয়ে	যান	আপনার	2
যান	আপনার	পোস্ট	2
আপনার	পোস্ট	দারুণ	2
পোস্ট	দারুণ	ইউনিক	2
এডমিন	প্লিজ	টি	2
প্লিজ	টি	উনার	2
টি	উনার	বানান	2
এমবি	রেম	এ	2
ব্রো	আপনাকে	বলছিলাম	2
আপনাকে	বলছিলাম	কেমন	2
বলছিলাম	কেমন	করে	2
কেমন	করে	সিওসি	2
করে	সিওসি	হ্যাক	2
সিওসি	হ্যাক	করি	2
হ্যাক	করি	তা	2
করি	তা	নিয়ে	2
একটা	পোস্ট	করান	2
পোস্ট	করান	প্লিজ	2
ট্রাই	করছি	অনেক	2
করছি	অনেক	হয়	2
অনেক	হয়	নাই	2
নাই	পারলে	একটা	2
পারলে	একটা	দিয়েন	2
একটা	দিয়েন	মেইল	2
দিয়েন	মেইল	মি	2
মিয়া	আমি	এখন	2
আমি	এখন	৫	2
এখন	৫	জিবি	2
৫	জিবি	নিলাম	2
ভাই	ইন্ডিয়ার	মেয়াদ	2
ইন্ডিয়ার	মেয়াদ	বানানো	2
মেয়াদ	বানানো	যাবে	2
সেকেন্ড	পার্ট	ও	2
পার্ট	ও	দেয়া	2
ও	দেয়া	হয়ে	2
দেয়া	হয়ে	গেছে	2
গুগলে	সার্চ	দিয়ে	2
সার্চ	দিয়ে	কিংরুট	2
দিয়ে	কিংরুট	লেটেস্ট	2
কিংরুট	লেটেস্ট	ভার্সন	2
ভার্সন	ডাউনলোড	করে	2
ডাউনলোড	করে	রুট	2
করে	রুট	করেন	2
রুট	করেন	হয়ে	2
ডিটেলস	লিখে	পোস্ট	2
হয়	ব্রো	এরকম	2
এরকম	পোস্ট	এডমিন	2
পোস্ট	এডমিন	নাও	2
এডমিন	নাও	রাখতে	2
নাও	রাখতে	পারেন	2
রাখতে	পারেন	হোয়াট	2
পারেন	হোয়াট	এভার	2
হোয়াট	এভার	থ্যাঙ্কস	2
বলছেন	বাট	এটা	2
বাট	এটা	মুসলিম	2
এটা	মুসলিম	প্রোভাইডেড	2
মুসলিম	প্রোভাইডেড	অ্যাপ	2
প্রোভাইডেড	অ্যাপ	হয়	2
অ্যাপ	হয়	সাধারণ	2
হয়	সাধারণ	জ্ঞান	2
সাধারণ	জ্ঞান	দিয়ে	2
জ্ঞান	দিয়ে	এটা	2
এটা	করা	হয়	2
হয়	নাই	ইসলামিক	2
নাই	ইসলামিক	নাসিক	2
ইসলামিক	নাসিক	দিয়ে	2
নাসিক	দিয়ে	করা	2
দিয়ে	করা	যাইত	2
করা	যাইত	বাট	2
যাইত	বাট	করে	2
বাট	করে	নাই	2
করে	নাই	তাছাড়া	2
নাই	তাছাড়া	এই	2
তাছাড়া	এই	অ্যাপে	2
এই	অ্যাপে	কোন	2
অ্যাপে	কোন	অ্যাডভার্টাইজ	2
কোন	অ্যাডভার্টাইজ	নাই	2
অ্যাডভার্টাইজ	নাই	এটা	2
নাই	এটা	মেবি	2
এটা	মেবি	অনেকেই	2
মেবি	অনেকেই	জেনে	2
অনেকেই	জেনে	গেছেন	2
১৬	নাকি	১৮	2
ভাই	আমার	বোনের	2
আমার	বোনের	এভাবে	2
বোনের	এভাবে	এফবি	2
এভাবে	এফবি	ক্লোনার	2
এফবি	ক্লোনার	দিয়ে	2
ক্লোনার	দিয়ে	আইডি	2
দিয়ে	আইডি	হ্যাক	2
আইডি	হ্যাক	হয়েছে	2
হ্যাক	হয়েছে	এখন	2
হয়েছে	এখন	ওর	2
এখন	ওর	আইডিটা	2
ওর	আইডিটা	কিভাবে	2
আইডিটা	কিভাবে	ব্যাক	2
কিভাবে	ব্যাক	পাওয়া	2
পাওয়া	যাবে	যে	2
যাবে	যে	করছে	2
যে	করছে	সে	2
করছে	সে	এখন	2
সে	এখন	অনেক	2
এখন	অনেক	পরিমাণ	2
অনেক	পরিমাণ	টাকা	2
পরিমাণ	টাকা	চাচ্ছে	2
টাকা	চাচ্ছে	এখন	2
চাচ্ছে	এখন	কিভাবে	2
এখন	কিভাবে	ব্যাক	2
কিভাবে	ব্যাক	পেতে	2
ব্যাক	পেতে	পারি	2
পেতে	পারি	জানাবেন	2
ভাইয়া	আপনার	লঞ্চারটা	2
আপনার	লঞ্চারটা	নেম	2
লঞ্চারটা	নেম	বলুন	2
নেম	বলুন	প্লিজ	2
ব্রাউজে	গেলে	যায়	2
গেলে	যায়	না	2
যায়	না	অটোমেটিক	2
না	অটোমেটিক	তাহলে	2
অটোমেটিক	তাহলে	কি	2
তাহলে	কি	চলবে	2
কি	চলবে	প্লিজ	2
চলবে	প্লিজ	হেল্প	2
এড্রেস	বসুন্ধরা	শপিং	2
বসুন্ধরা	শপিং	মল	2
শপিং	মল	ঢাকা	2
মল	ঢাকা	হটলাইন	2
ঢাকা	হটলাইন	০১৯৯৮০৩৮১৬৬	2
হটলাইন	০১৯৯৮০৩৮১৬৬	জিএনজি	2
অসাধারণ	কথাগুলো	ভাল	2
কথাগুলো	ভাল	ছিল	2
ভাল	ছিল	সবাই	2
ছিল	সবাই	এগুলো	2
সবাই	এগুলো	ফলো	2
এগুলো	ফলো	করলে	2
ফলো	করলে	ট্রিকবিডি	2
করলে	ট্রিকবিডি	আবার	2
ট্রিকবিডি	আবার	আগের	2
আগের	জায়গায়	ফিরবে	2
জায়গায়	ফিরবে	আশা	2
ফিরবে	আশা	করি	2
করি	ইউজার	ইউজার	2
ইউজার	ভাই	আরো	2
ভাই	আরো	এমন	2
আরো	এমন	অনেক	2
এমন	অনেক	আগের	2
অনেক	আগের	অথরদের	2
আগের	অথরদের	পোস্ট	2
অথরদের	পোস্ট	মিস	2
পোস্ট	মিস	করি	2
মিস	করি	আবার	2
করি	আবার	ফিরুক	2
আবার	ফিরুক	সেই	2
ফিরুক	সেই	আগের	2
সেই	আগের	সুদিন	2
আগের	সুদিন	ট্রিকবিডি	2
সুদিন	ট্রিকবিডি	এর	2
ট্রিকবিডি	এর	শুভকামনা	2
এর	শুভকামনা	এন্ড	2
শুভকামনা	এন্ড	আপনারা	2
এন্ড	আপনারা	জন্য	2
আপনারা	জন্য	ও	2
জন্য	ও	নিউ	2
ইভেন্ট	নিয়ে	পোস্ট	2
উচিত	হয়	নাই	2
ভাইজান	লিংকে	ঠিকই	2
লিংকে	ঠিকই	আছে	2
ইউসের	ভাই	প্লিজ	2
ভাই	প্লিজ	টিউএর	2
প্লিজ	টিউএর	মি	2
টিউএর	মি	আমার	2
মি	আমার	পোস্ট	2
আমার	পোস্ট	অ্যাব্রভ	2
পোস্ট	অ্যাব্রভ	করেন	2
অ্যাব্রভ	করেন	প্লিজ	2
এই	অফারটা	সবাই	2
অফারটা	সবাই	পাবে	2
পাবে	না	ভাই	2
না	ভাই	ওকে	2
আপনার	পিসিতে	উইন্ডোজ	2
পিসিতে	উইন্ডোজ	কত	2
উইন্ডোজ	কত	দেওয়া	2
অভিয়াস্লি	ফাইল	ডাউনলোড	2
গেলে	এটা	দেখায়	2
মাঝেমধ্যে	এডুকেশনাল	টিপস	2
এডুকেশনাল	টিপস	গুলা	2
টিপস	গুলা	নিয়ে	2
গুলা	নিয়ে	লিখবেন	2
নিয়ে	লিখবেন	রিয়েলি	2
লিখবেন	রিয়েলি	পড়তে	2
রিয়েলি	পড়তে	ভালো	2
পড়তে	ভালো	লাগে	2
আপনার	স্ক্রিনশট	ফেক	2
কিল	শেয়ার	করে	2
করে	কি	টাকা	2
কি	টাকা	কামান	2
টাকা	কামান	যাইবো	2
গুড	এর	থেকে	2
থেকে	ভালো	পারি	2
ভালো	পারি	ব্রো	2
পারি	ব্রো	পি	2
ব্রো	পি	এস	2
পি	এস	টাচ	2
২টা	সুপার	পোষ্ট	2
সুপার	পোষ্ট	দিচ্ছি	2
পোষ্ট	দিচ্ছি	২টাই	2
দিচ্ছি	২টাই	পেন্ডিং	2
প্লিজ	আমি	আপনার	2
আমি	আপনার	পোষ্টের	2
আপনার	পোষ্টের	ইউজার	2
পোষ্টের	ইউজার	ভাইয়ের	2
ভাইয়ের	পোস্ট	দেখলাম	2
পোস্ট	দেখলাম	কিছুই	2
দেখলাম	কিছুই	বুঝলাম	2
আপনি	যদি	সময়	2
যদি	সময়	করে	2
সময়	করে	বানিয়ে	2
করে	বানিয়ে	দিতে	2
বানিয়ে	দিতে	পারেন	2
দিতে	পারেন	খুব	2
পারেন	খুব	উপকার	2
উপকার	হত	ভাই	2
নেক্সাস	পে	কার্ড	2
পে	কার্ড	করার	2
কার্ড	করার	সময়	2
সময়	যে	সিম	2
যে	সিম	নাম্বার	2
সিম	নাম্বার	দিয়ে	2
নাম্বার	দিয়ে	এখন	2
দিয়ে	এখন	খোলা	2
এখন	খোলা	হয়েছিল	2
খোলা	হয়েছিল	সেটা	2
হয়েছিল	সেটা	ছাড়া	2
সেটা	ছাড়া	কি	2
ছাড়া	কি	অন্য	2
কি	অন্য	নাম্বার	2
অন্য	নাম্বার	দিয়ে	2
নাম্বার	দিয়ে	অ্যাপ	2
দিয়ে	অ্যাপ	এ	2
অ্যাপ	এ	একাউন্ট	2
একাউন্ট	করে	কার্ড	2
করে	কার্ড	এড	2
কার্ড	এড	করা	2
গ্ৰীনিফাই	প্রিমিয়াম	অ্যাপ	2
বেটা	ভার্শন	ডাউনলোড	2
ভার্শন	ডাউনলোড	করেন	2
ধন্যবাদ	ভাই	শেয়ার	2
ভালো	পোস্ট	যারা	2
পোস্ট	যারা	অ্যাপটা	2
যারা	অ্যাপটা	বানাইছে	2
অ্যাপটা	বানাইছে	তাদের	2
বানাইছে	তাদের	অনেক	2
তাদের	অনেক	লাভ	2
অনেক	লাভ	হয়েছে	2
আপনার	হয়তো	কাজে	2
হয়তো	কাজে	না	2
কাজে	না	লাগলেও	2
না	লাগলেও	তাদের	2
লাগলেও	তাদের	কাজে	2
অলরেডি	রিপোর্ট	দিচ্ছি	2
রিপোর্ট	দিচ্ছি	হয়নি	2
দিচ্ছি	হয়নি	রিসেট	2
হয়নি	রিসেট	দিলে	2
রিসেট	দিলে	তো	2
দিলে	তো	সব	2
তো	সব	ডিলিট	2
গেছি	এখন	কি	2
আর	অ্যাপ	আছে	2
অ্যাপ	আছে	কলোটি	2
আছে	কলোটি	ভাবল	2
কলোটি	ভাবল	ভোট	2
কিছু	নাই	কেউ	2
নাই	কেউ	চেঞ্জ	2
কেউ	চেঞ্জ	করে	2
চেঞ্জ	করে	স্যাড	2
গেমটা	অস্থির	আমার	2
অস্থির	আমার	কাছে	2
কাছে	অনেক	ভালো	2
ভালো	লাগে	এখনতো	2
লাগে	এখনতো	আরো	2
এখনতো	আরো	বেশি	2
বেশি	লাগবে	থ্যাংকস	2
লাগবে	থ্যাংকস	ফর	2
থ্যাংকস	ফর	ইনফর্মেশন	2
তবে	টারমাক্সের	ট্রুকলার	2
টারমাক্সের	ট্রুকলার	অনেক	2
ট্রুকলার	অনেক	উপকার	2
অনেক	উপকার	করলো	2
এটা	কি	এইচটিটিপিএস	2
কি	এইচটিটিপিএস	এর	2
এইচটিটিপিএস	এর	সাইটে	2
এর	সাইটে	কাজ	2
সাইটে	কাজ	করবে	2
কাজ	করবে	আমার	2
করবে	আমার	সাইটে	2
আমার	সাইটে	ডিডজ	2
সাইটে	ডিডজ	দিয়ে	2
ডিডজ	দিয়ে	রাখছে	2
দিয়ে	রাখছে	ইউডিপি	2
রাখছে	ইউডিপি	মোডে	2
ইউডিপি	মোডে	বাট	2
মোডে	বাট	হচ্ছে	2
বাট	হচ্ছে	ব্লগস্পট	2
হচ্ছে	ব্লগস্পট	সাইট	2
এখানে	কি	ডিসকভারি	2
কি	ডিসকভারি	বাংলা	2
ডিসকভারি	বাংলা	আছে	2
ভাই	রেগুলার	স্পিড	2
রেগুলার	স্পিড	পাওয়া	2
পাওয়া	যায়	তো	2
যায়	তো	একদম	2
তো	একদম	ঠেলাগাড়ির	2
একদম	ঠেলাগাড়ির	মত	2
ঠেলাগাড়ির	মত	স্পিড	2
এডমিন	প্যানেলের	কাউকে	2
প্যানেলের	কাউকে	বলে	2
কাউকে	বলে	পোস্টটা	2
বলে	পোস্টটা	ডিলিট	2
ডিলিট	করে	নেন	2
পিসি	দিয়ে	অ্যাপ	2
দিয়ে	অ্যাপ	মেক	2
মেক	করে	কিভাবে	2
কমেন্ট	করে	আপনার	2
করে	আপনার	ছোট	2
আপনার	ছোট	বংশের	2
ছোট	বংশের	পরিচয়	2
বংশের	পরিচয়	দিলেন	2
বাট	ক্রিপ্টো	রেট	2
ক্রিপ্টো	রেট	হঠাৎ	2
রেট	হঠাৎ	বেশি	2
হঠাৎ	বেশি	বাড়ায়	2
বেশি	বাড়ায়	তারা	2
বাড়ায়	তারা	অ্যাপের	2
তারা	অ্যাপের	আর্ন	2
অ্যাপের	আর্ন	কমায়ে	2
আর্ন	কমায়ে	দিছে	2
কমায়ে	দিছে	এক	2
দিছে	এক	হতে	2
এক	হতে	টাইম	2
হতে	টাইম	লাগবে	2
টাইম	লাগবে	বাট	2
লাগবে	বাট	ওয়াইফাই	2
বাট	ওয়াইফাই	ওর	2
ওয়াইফাই	ওর	এমবি	2
ওর	এমবি	ছাড়া	2
এমবি	ছাড়া	কাজ	2
ছাড়া	কাজ	না	2
কাজ	না	করাই	2
করাই	ভালো	অনেক	2
ভালো	অনেক	এমবি	2
অনেক	এমবি	নেই	2
ইস	হলো	না	2
হলো	না	একবারই	2
না	একবারই	পাইলাম	2
লাগবে	নাকি	কোব	2
নাকি	কোব	নাম্বার	2
কোব	নাম্বার	দিয়ে	2
নাম্বার	দিয়ে	এসএমএস	2
দিয়ে	এসএমএস	যাবে	2
কিভাবে	উতুব	এ	2
উতুব	এ	চ্যানেল	2
এ	চ্যানেল	খুলবো	2
চ্যানেল	খুলবো	কিভাবে	2
খুলবো	কিভাবে	ইউটিউব	2
কিভাবে	ইউটিউব	দিয়ে	2
ইউটিউব	দিয়ে	আর্ন	2
দিয়ে	আর্ন	করব	2
আর্ন	করব	জানা	2
করব	জানা	থাকলে	2
জানা	থাকলে	পোস্ট	2
দেখতে	পারেন	এফবি	2
পারেন	এফবি	আমি	2
এফবি	আমি	সার্চ	2
আমি	সার্চ	ইউজার	2
আচ্ছা	ভাই	কোন	2
ভাই	কোন	রকম	2
কোন	রকম	ডাউনলোড	2
রকম	ডাউনলোড	করে	2
ডাউনলোড	করে	যদি	2
করে	যদি	এই	2
যদি	এই	উপায়	2
এই	উপায়	আমার	2
উপায়	আমার	ফোনে	2
আমার	ফোনে	আপডেট	2
ফোনে	আপডেট	দেই	2
আপডেট	দেই	তাহলে	2
তাহলে	কি	ফোন	2
কি	ফোন	নষ্ট	2
ফোন	নষ্ট	হবে	2
ভাই	আমাকে	টিউনান	2
আমাকে	টিউনান	বানান	2
টিউনান	বানান	প্লিজ	2
ভাই	গুগল	থেকেও	2
গুগল	থেকেও	সে	2
থেকেও	সে	ও	2
সে	ও	করবো	2
ও	করবো	কিভাবে	2
আপনি	৮	জিবি	2
৮	জিবি	কিভাবে	2
জিবি	কিভাবে	পেলে	2
কিভাবে	পেলে	একটু	2
পেলে	একটু	বলেন	2
ইউজে	ভাই	কি	2
কি	পোস্ট	দেখে	2
পোস্ট	দেখে	নাকি	2
দেখে	নাকি	অথর	2
নাকি	অথর	এর	2
অথর	এর	যদি	2
এর	যদি	এমন	2
যদি	এমন	অবস্থা	2
এমন	অবস্থা	হয়	2
অবস্থা	হয়	তাহলে	2
হয়	তাহলে	কন্ট্রিবিউটর	2
তাহলে	কন্ট্রিবিউটর	এ	2
কন্ট্রিবিউটর	এ	অবস্থা	2
এ	অবস্থা	কেমন	2
কেমন	হবে	প্লিজ	2
হবে	প্লিজ	ইউজার	2
ইউজার	ভাই	এদের	2
ভাই	এদের	কিছু	2
এদের	কিছু	করেন	2
প্রবলেম	সলভ	করছি	2
সলভ	করছি	ভাই	2
করছি	ভাই	স্যরি	2
ভাই	স্যরি	ডিস্টার্ব	2
স্যরি	ডিস্টার্ব	করার	2
ডিস্টার্ব	করার	জন্য	2
আপনি	মেইল	করেছিলেন	2
যদি	সিম্ফনি	ডাব্লিউ৩২	2
সিম্ফনি	ডাব্লিউ৩২	এর	2
ডাব্লিউ৩২	এর	জন্য	2
একটা	ভালো	ও	2
ভালো	ও	আর	2
ও	আর	কোন	2
আর	কোন	বাঘিন	2
কোন	বাঘিন	একটা	2
বাঘিন	একটা	রং	2
একটা	রং	দিতেন	2
রং	দিতেন	খুব	2
দিতেন	খুব	উপকৃত	2
তোর	ছোট	হয়ে	2
ছোট	হয়ে	গেছে	2
এডমবের	কাজের	জন্য	2
কাজের	জন্য	সবথেকে	2
জন্য	সবথেকে	ভাল	2
সবথেকে	ভাল	ব্রাউজার	2
ভাল	ব্রাউজার	কোনটা	2
টাইটেল	দেখে	আমি	2
দেখে	আমি	দো	2
আমি	দো	অফাক	2
ফেসবুক	আইডি	দেওয়া	2
অপেরা	ছাড়া	অন্য	2
ব্রাউজার	দিয়ে	ইয়েস	2
দিয়ে	ইয়েস	করা	2
ইয়েস	করা	যাচ্ছে	2
যাচ্ছে	না	লগইন	2
না	লগইন	হচ্ছে	2
টেমপ্লেট	ইনফো	বো	2
ইনফো	বো	ওয়ার্ড	2
বো	ওয়ার্ড	এডমিন	2
ওয়ার্ড	এডমিন	লাইন	2
এডমিন	লাইন	টলং	2
লাইন	টলং	হেন্টিকান	2
টলং	হেন্টিকান	কঁপিদেন	2
হেন্টিকান	কঁপিদেন	বাগি	2
কঁপিদেন	বাগি	খান	2
বাগি	খান	টেমপ্লেট	2
খান	টেমপ্লেট	সায়া	2
টেমপ্লেট	সায়া	পাছাং	2
সায়া	পাছাং	ডি	2
পাছাং	ডি	ব্লগ	2
ডি	ব্লগ	ইনি	2
ব্লগ	ইনি	ডিজাইনার	2
ইনি	ডিজাইনার	ইউজার	2
ডিজাইনার	ইউজার	ডিজাইনার	2
ইউজার	ডিজাইনার	ইউআরএল	2
ডিজাইনার	ইউআরএল	রি	2
ইউআরএল	রি	ডিজাইন	2
রি	ডিজাইন	হেন্ডরা	2
ডিজাইন	হেন্ডরা	লাইসেন্স	2
হেন্ডরা	লাইসেন্স	প্রো	2
লাইসেন্স	প্রো	ভার্শন	2
ক্লোন	করছি	ঠিকভাবে	2
করছি	ঠিকভাবে	বাট	2
ঠিকভাবে	বাট	ওটিপি	2
বাট	ওটিপি	ভেরিফিকেশন	2
ওটিপি	ভেরিফিকেশন	কোড	2
ভেরিফিকেশন	কোড	অটো	2
কোড	অটো	নেনা	2
অটো	নেনা	হেল্প	2
স্পিড	কিভাবে	বাড়ানো	2
বাড়ানো	যায়	প্লিজ	2
যায়	প্লিজ	কেউ	2
এর	চেয়ে	বেটা	2
চেয়ে	বেটা	উইদাউৎ	2
বেটা	উইদাউৎ	টিপিএম	2
উইদাউৎ	টিপিএম	যে	2
টিপিএম	যে	উইন্ডোজ	2
যে	উইন্ডোজ	টা	2
উইন্ডোজ	টা	পাওয়া	2
পাওয়া	যায়	ওইটাই	2
যায়	ওইটাই	পার	2
ওইটাই	পার	বেটার	2
পার	বেটার	কোন	2
বেটার	কোন	ঝামেলা	2
ঝামেলা	নাই	জাস্ট	2
নাই	জাস্ট	ইন্সটল	2
জাস্ট	ইন্সটল	করলেই	2
ইন্সটল	করলেই	হল	2
আগামী	সিম	জন্য	2
সিম	জন্য	কিভাবে	2
জন্য	কিভাবে	আবেদন	2
কিভাবে	আবেদন	করতে	2
থ্যাঙ্কস	পাশে	থাকার	2
থ্যাংকস	বন্ধু	তুমি	2
বন্ধু	তুমি	পোস্ট	2
ইউনিক	পোস্ট	টপিক	2
পোস্ট	টপিক	যাই	2
টপিক	যাই	হোক	2
যাই	হোক	কিছু	2
হোক	কিছু	ফানি	2
কিছু	ফানি	নাটকের	2
ফানি	নাটকের	নাম	2
নাটকের	নাম	বলতে	2
নাম	বলতে	পারেন	2
সব	তো	আর	2
আর	আপনার	মত	2
আপনার	মত	না	2
মত	না	অনেক	2
না	অনেক	আবুল	2
অনেক	আবুল	আছে	2
১টিবি	পাওয়া	ইম্পসিবল	2
পাওয়া	ইম্পসিবল	ভাই	2
ইম্পসিবল	ভাই	আপনি	2
ভাই	আপনি	ওয়ান	2
আপনি	ওয়ান	ড্রাইভ	2
ড্রাইভ	এ	ক্লিক	2
ক্লিক	করে	দেখুন	2
করে	দেখুন	ওয়ান	2
দেখুন	ওয়ান	ড্রাইভ	2
ড্রাইভ	বিজনেস	নামের	2
বিজনেস	নামের	পেইজ	2
নামের	পেইজ	লোড	2
পেইজ	লোড	হবে	2
লোড	হবে	ওয়ান	2
হবে	ওয়ান	ড্রাইভ	2
ড্রাইভ	বিজনেস	মানি	2
বিজনেস	মানি	৫	2
মানি	৫	টিবি	2
১০০	এমবি	দিয়ে	2
এমবি	দিয়ে	কত	2
দিয়ে	কত	মিনিট	2
কত	মিনিট	চলবে	2
ভাই	আমার	লোড	2
আমার	লোড	গেম	2
লোড	গেম	আসেনা	2
গেম	আসেনা	আমি	2
আসেনা	আমি	এখন	2
এখন	কি	করমো	2
নিউ	একাউন্ট	দিয়া	2
একাউন্ট	দিয়া	ইউজ	2
দিয়া	ইউজ	করতে	2
লিংকটা	দেওয়ার	জন্য	2
দেওয়ার	জন্য	তো	2
জন্য	তো	আমার	2
তো	আমার	প্লে	2
প্লে	স্টোর	ভিজিট	2
স্টোর	ভিজিট	করতে	2
ভিজিট	করতে	হবে	2
করতে	হবে	ভিজিট	2
হবে	ভিজিট	করতে	2
ভিজিট	করতে	তো	2
তো	এমবি	লাগে	2
এমবি	লাগে	তাইনা	2
লাগে	তাইনা	ভাই	2
তাইনা	ভাই	আপনি	2
ভাই	আপনি	আজ	2
আপনি	আজ	ভিজিট	2
আজ	ভিজিট	করেন	2
ভিজিট	করেন	আপনাকে	2
করেন	আপনাকে	কাল	2
আপনাকে	কাল	দিয়ে	2
কাল	দিয়ে	দিব	2
ও	আচ্ছা	সরি	2
আচ্ছা	সরি	শো	2
সরি	শো	করে	2
করে	না	জিপ	2
না	জিপ	পাসওয়ার্ড	2
একমত	বাট	এখন	2
বাট	এখন	সব	2
এখন	সব	অফিশিয়াল	2
সব	অফিশিয়াল	ফোনের	2
অফিশিয়াল	ফোনের	দামই	2
ফোনের	দামই	বেশি	2
নিজের	তো	কম	2
তো	কম	সাইট	2
কম	সাইট	নাই	2
এক্সচেঞ্জ	এর	মাধ্যমে	2
হবে	মানে	কাজ	2
মানে	কাজ	কি	2
বাংলাদেশে	থেকে	যদি	2
থেকে	যদি	প্রাইস	2
যদি	প্রাইস	লিখেন	2
প্রাইস	লিখেন	ইন্ডিয়ান	2
লিখেন	ইন্ডিয়ান	রুপিতে	2
ইন্ডিয়ান	রুপিতে	তাহলে	2
রুপিতে	তাহলে	থাক	2
তাহলে	থাক	কিছু	2
থাক	কিছু	বলার	2
ইচ্ছা	নাই	তবে	2
নাই	তবে	সামনে	2
তবে	সামনে	পাইলে	2
সামনে	পাইলে	কিছু	2
পাইলে	কিছু	করা	2
কিছু	করা	যাইত	2
সরি	স্যামসাং	এর	2
জন্য	আলাদা	আছে	2
পোস্ট	করতেছেন	না	2
করতেছেন	না	কেন	2
কেন	প্লিজ	কালি	2
প্লিজ	কালি	লিরিক্স	2
কালি	লিরিক্স	ডিস্ট্রিবিউশন	2
লিরিক্স	ডিস্ট্রিবিউশন	কেমনে	2
ডিস্ট্রিবিউশন	কেমনে	ইন্সটল	2
কেমনে	ইন্সটল	দিয়ে	2
ইন্সটল	দিয়ে	করব	2
দিয়ে	করব	তা	2
করব	তা	নিয়ে	2
পোস্ট	দেন	যাতে	2
দেন	যাতে	ওয়াইফাই	2
যাতে	ওয়াইফাই	হ্যাক	2
প্লিজ	আমার	ডিজেবল	2
আমার	ডিজেবল	আইডি	2
ডিজেবল	আইডি	ব্যাক	2
আইডি	ব্যাক	করব	2
করব	কিভাবে	আইডি	2
কার্ড	নাই	তবে	2
নাই	তবে	এক্সাম	2
তবে	এক্সাম	এর	2
এক্সাম	এর	এডমিট	2
এর	এডমিট	কার্ড	2
এডমিট	কার্ড	আছে	2
কার্ড	আছে	প্লিজ	2
করুন	প্লিজ	ট্রেইনার	2
প্লিজ	ট্রেইনার	রিকোয়েস্ট	2
ট্রেইনার	রিকোয়েস্ট	পাঠাইছি	2
পরে	তো	টাকা	2
তো	টাকা	কেটে	2
ডাটা	ছাড়া	এপিকেটা	2
ছাড়া	এপিকেটা	খেলা	2
এপিকেটা	খেলা	যাবে	2
২	জিবি	৪৫	2
জিবি	৪৫	এর	2
৪৫	এর	জন্য	2
এর	জন্য	৪৫	2
জন্য	৪৫	টাকা	2
৪৫	টাকা	রিচার্জ	2
টাকা	রিচার্জ	আর	2
রিচার্জ	আর	১	2
১	জিবি	২৫	2
জিবি	২৫	এর	2
২৫	এর	জন্য	2
করার	সবচেয়ে	ভালো	2
সবচেয়ে	ভালো	অ্যান্ড্রয়েড	2
ভালো	অ্যান্ড্রয়েড	অ্যাপ	2
অ্যান্ড্রয়েড	অ্যাপ	কোনটা	2
অ্যাপ	কোনটা	জানলে	2
কোনটা	জানলে	বইলেন	2
জানলে	বইলেন	প্লিজ	2
এফবি	আইডি	০১৬২৪৯৭৭১০৭	2
ভাগ	ফইন্নির	পুত	2
এই	ইউজার	তোর	2
ইউজার	তোর	মুখে	2
তোর	মুখে	লাগাম	2
লাগাম	দে	এখানে	2
দে	এখানে	গালাগালি	2
এখানে	গালাগালি	করার	2
গালাগালি	করার	জায়গা	2
ইউজার	পাঠান	ব্রো	2
পাঠান	ব্রো	আপনার	2
সময়	সীমিত	বুঝলাম	2
সীমিত	বুঝলাম	বাট	2
বুঝলাম	বাট	অর্থ	2
বাট	অর্থ	সীমিত	2
অর্থ	সীমিত	এটার	2
সীমিত	এটার	সাথে	2
এটার	সাথে	এই	2
সাথে	এই	টপিকের	2
এই	টপিকের	কি	2
টপিকের	কি	রিলেশন	2
কি	রিলেশন	ব্রো	2
ভাইয়া	প্লিজ	আজকে	2
প্লিজ	আজকে	রাতের	2
আজকে	রাতের	মধ্যে	2
রাতের	মধ্যে	দিয়ে	2
মধ্যে	দিয়ে	দিলে	2
দিয়ে	দিলে	অনেক	2
অনেক	ভালো	হইতো	2
কেন	টিউনার	এফবি	2
টিউনার	এফবি	আইডি	2
তুমি	বাংলার	রাইট	2
বাংলার	রাইট	ট্রাভেল	2
রাইট	ট্রাভেল	অপেরা	2
ট্রাভেল	অপেরা	মিনি	2
মিনি	ইউজ	করো	2
ইউজ	করো	কাজ	2
করো	কাজ	করবে	2
করবে	আমি	ইউজ	2
আজাইরা	পোস্ট	ভাই	2
কিটক্যাট	এমটিকে৬৫৭২	তে	2
এমটিকে৬৫৭২	তে	চলবে	2
রিকভারি	মোড	গেলে	2
মোড	গেলে	তো	2
গেলে	তো	এরকম	2
তো	এরকম	হয়	2
এরকম	হয়	না	2
হেল্পফুল	পোস্ট	এপারে	2
পোস্ট	এপারে	এপিকে	2
এপারে	এপিকে	পিওর	2
এপিকে	পিওর	লিঙ্ক	2
পিওর	লিঙ্ক	দেয়া	2
নাইস	পোস্ট	আমার	2
পোস্ট	আমার	কিছু	2
আমার	কিছু	প্লেস্টোর	2
কিছু	প্লেস্টোর	অ্যাপ	2
প্লেস্টোর	অ্যাপ	রিভিউ	2
অ্যাপ	রিভিউ	করার	2
রিভিউ	করার	মত	2
করার	মত	লোক	2
মত	লোক	লাগবে	2
লোক	লাগবে	কেউ	2
লাগবে	কেউ	করতে	2
কেউ	করতে	পারলে	2
করতে	পারলে	ইনবক্স	2
পারলে	ইনবক্স	মি	2
ইনবক্স	মি	পা	2
মি	পা	রিভিউ	2
পা	রিভিউ	১০	2
রিভিউ	১০	টাকা	2
কোন	গ্রুপ	ভাইয়া	2
আপনি	আমাকে	জিসুট	2
আমাকে	জিসুট	ফ্রিতে	2
জিসুট	ফ্রিতে	দিয়ে	2
ফ্রিতে	দিয়ে	অনেক	2
দিয়ে	অনেক	বড়	2
বড়	হেল্প	করেছেন	2
হেল্প	করেছেন	বাই	2
করেছেন	বাই	দ্যা	2
ওয়ে	আপনি	আমাকে	2
আপনি	আমাকে	তুমি	2
আমাকে	তুমি	বলতে	2
তুমি	বলতে	পারেন	2
বলতে	পারেন	কারণ	2
পারেন	কারণ	আমি	2
আমি	আপনার	চেয়ে	2
আপনার	চেয়ে	ছোটই	2
চেয়ে	ছোটই	হব	2
পাসওয়ার্ড	কি	দেব	2
শিওর	কাজ	হবে	2
হবে	তো	এখন	2
তো	এখন	ইজিনেট	2
এখন	ইজিনেট	চালায়	2
ইজিনেট	চালায়	১	2
চালায়	১	এমবিপিএস	2
এমবিপিএস	স্পিড	এখন	2
স্পিড	এখন	আমার	2
এখন	আমার	লাগে	2
আমার	লাগে	না	2
হয়তো	কোন	ভুল	2
কোন	ভুল	হয়েছে	2
ভুল	হয়েছে	তাই	2
হয়েছে	তাই	আর	2
তাই	আর	এই	2
আর	এই	ট্রিক্স	2
এই	ট্রিক্স	কার্যকারি	2
ট্রিক্স	কার্যকারি	এন্ড	2
কার্যকারি	এন্ড	আপনি	2
এন্ড	আপনি	যতই	2
আপনি	যতই	কন	2
যতই	কন	এটা	2
কন	এটা	এমন	2
এটা	এমন	হবে	2
এমন	হবে	না	2
বুঝলাম	না	পোষ্টের	2
পোস্ট	দেখতে	পেলাম	2
দেখতে	পেলাম	না	2
পেলাম	না	আবার	2
ভালো	তবে	এয়ার্ড	2
তবে	এয়ার্ড	অ্যাপ	2
এয়ার্ড	অ্যাপ	ভালো	2
অ্যাপ	ভালো	আরো	2
ভালো	আরো	ভালো	2
আরো	ভালো	কাজ	2
বিবি	করছে	দেখেন	2
করছে	দেখেন	পেয়ে	2
মিউজিক	প্লেয়ার	নট	2
প্লেয়ার	নট	ওয়ার্কিং	2
নট	ওয়ার্কিং	এটাই	2
ওয়ার্কিং	এটাই	কিচ্ছু	2
এটাই	কিচ্ছু	টা	2
কিচ্ছু	টা	মিউজিক	2
টা	মিউজিক	প্লেয়ারে	2
মিউজিক	প্লেয়ারে	বাগ	2
প্লেয়ারে	বাগ	আছে	2
বাগ	আছে	গান	2
আছে	গান	নেক্সট	2
গান	নেক্সট	করা	2
নেক্সট	করা	যায়	2
যায়	না	আনফরচুনেটলি	2
না	আনফরচুনেটলি	মিউজিক	2
আনফরচুনেটলি	মিউজিক	প্লেয়ার	2
মিউজিক	প্লেয়ার	স্টপ	2
প্লেয়ার	স্টপ	লেখা	2
স্টপ	লেখা	আসে	2
এসপিআরডি	নাকি	এমটিকে	2
কেউকে	হেল্প	করবেন	2
করবেন	আমার	সিওসি	2
আমার	সিওসি	আইডিটা	2
সিওসি	আইডিটা	কে	2
আইডিটা	কে	যেন	2
কে	যেন	নাম	2
যেন	নাম	চেঞ্জ	2
নাম	চেঞ্জ	করছে	2
চেঞ্জ	করছে	আমি	2
করছে	আমি	ওইটাকে	2
আমি	ওইটাকে	কিভাবে	2
ওইটাকে	কিভাবে	আগের	2
কিভাবে	আগের	নাম	2
আগের	নাম	দিতে	2
নাম	দিতে	পারি	2
দিতে	পারি	প্লিজ	2
ধনের	লিঙ্ক	দে	2
কোর্টের	বাংলা	লেখায়	2
বাংলা	লেখায়	লোগো	2
লেখায়	লোগো	লিংক	2
লোগো	লিংক	দিতে	2
আমি	এটা	মিন	2
এটা	মিন	করিনি	2
মিন	করিনি	পোস্ট	2
করিনি	পোস্ট	এটা	2
পোস্ট	এটা	ভাইয়াকে	2
এটা	ভাইয়াকে	আমার	2
ভাইয়াকে	আমার	মেসেজ	2
আমার	মেসেজ	টা	2
মেসেজ	টা	খারাপের	2
টা	খারাপের	রং	2
খারাপের	রং	মাইন্ডে	2
রং	মাইন্ডে	দেয়	2
মাইন্ডে	দেয়	নি	2
দেয়	নি	আপনি	2
নি	আপনি	যে	2
আপনি	যে	ভাইয়ের	2
যে	ভাইয়ের	ইউটিউব	2
ভাইয়ের	ইউটিউব	চ্যানেলে	2
ইউটিউব	চ্যানেলে	আছে	2
চ্যানেলে	আছে	স্ক্রিপ্টটা	2
আছে	স্ক্রিপ্টটা	ট্রিকবিডি	2
স্ক্রিপ্টটা	ট্রিকবিডি	এর	2
ট্রিকবিডি	এর	ভিজিটরদের	2
এর	ভিজিটরদের	আস্ক	2
ভিজিটরদের	আস্ক	করেন	2
আস্ক	করেন	৭	2
করেন	৭	দিন	2
৭	দিন	আগেও	2
দিন	আগেও	কয়জন	2
আগেও	কয়জন	এটা	2
কয়জন	এটা	সম্পর্কে	2
এটা	সম্পর্কে	জানত	2
সম্পর্কে	জানত	ফালতু	2
জানত	ফালতু	তুমি	2
ফালতু	তুমি	আপনি	2
তুমি	আপনি	আমি	2
আপনি	আমি	কি	2
আমি	কি	বুঝেছি	2
কি	বুঝেছি	সেটা	2
বুঝেছি	সেটা	ইউজার	2
সেটা	ইউজার	ভাই	2
ইউজার	ভাই	বুঝছি	2
ভাই	বুঝছি	আশা	2
বুঝছি	আশা	করি	2
রেজাল্ট	দেখার	জন্য	2
জন্য	একটা	অ্যাপ	2
অ্যাপ	আছে	তার	2
আছে	তার	নাম	2
তার	নাম	অল	2
নাম	অল	এক্সাম	2
অল	এক্সাম	রেজাল্ট	2
এক্সাম	রেজাল্ট	বিবি	2
রেজাল্ট	বিবি	প্লে	2
বিবি	প্লে	স্টোরে	2
প্লে	স্টোরে	সার্চ	2
স্টোরে	সার্চ	দাও	2
আপনি	যে	টাইটেলে	2
যে	টাইটেলে	দিলেন	2
টাইটেলে	দিলেন	ফ্রী	2
জলদি	দিবেন	ভালো	2
দিবেন	ভালো	চ্যানেল	2
ভালো	চ্যানেল	অ্যাড	2
চ্যানেল	অ্যাড	না	2
অ্যাড	না	করা	2
না	করা	বাজে	2
করা	বাজে	চ্যানেল	2
বাজে	চ্যানেল	রাখছেন	2
তবে	সেইম	ফিউচারস	2
সেইম	ফিউচারস	আ	2
ফিউচারস	আ	সেইম	2
আ	সেইম	সফটওয়্যার	2
সেইম	সফটওয়্যার	হচ্ছে	2
সফটওয়্যার	হচ্ছে	পোস্ট	2
হচ্ছে	পোস্ট	ইমেজ	2
পোস্ট	ইমেজ	এটা	2
ইমেজ	এটা	অনেক	2
অনেক	ভালো	ট্রাই	2
ভালো	ট্রাই	করে	2
প্রফ	দিছি	ভাই	2
দিছি	ভাই	দেখেন	2
ভাই	আপনার	এডিট	2
আপনার	এডিট	বেশি	2
এডিট	বেশি	ভালো	2
করেন	তাই	করবে	2
ভালো	স্পিড	নাই	2
স্পিড	নাই	রিপ্লাই	2
নাই	রিপ্লাই	দেন	2
রিপ্লাই	দেন	স্পিড	2
দেন	স্পিড	বাড়ানোর	2
স্পিড	বাড়ানোর	উপায়	2
বাড়ানোর	উপায়	কি	2
উপায়	কি	রিপ্লাই	2
কি	রিপ্লাই	প্লিজ	2
তো	সব	স্যামসাং	2
সব	স্যামসাং	মোবাইলের	2
স্যামসাং	মোবাইলের	অরিজিনাল	2
মোবাইলের	অরিজিনাল	কিবোর্ড	2
অরিজিনাল	কিবোর্ড	দেওয়া	2
কিবোর্ড	দেওয়া	থাকে	2
দেওয়া	থাকে	এটা	2
থাকে	এটা	দেখতে	2
এটা	দেখতে	আবার	2
দেখতে	আবার	ইউসি	2
আবার	ইউসি	ব্রাউজার	2
ইউসি	ব্রাউজার	ইউজ	2
ভালো	আইডিয়া	বাট	2
আইডিয়া	বাট	এইটা	2
বাট	এইটা	ঠিকমত	2
এইটা	ঠিকমত	কাজ	2
এটাও	জানেন	না	2
আপনি	তো	দেখছি	2
তো	দেখছি	অনেক	2
দেখছি	অনেক	প্রো	2
কিভাবে	কার্ডের	এপ্লাই	2
কার্ডের	এপ্লাই	করব	2
এই	অ্যাপস	চালাতে	2
অ্যাপস	চালাতে	কি	2
চালাতে	কি	রুট	2
আপনার	এফবি	নাম্বার	2
এফবি	নাম্বার	দিন	2
নাম্বার	দিন	প্লিজ	2
দিন	প্লিজ	কিছু	2
কথা	ছিল	ওর	2
ছিল	ওর	মেসেজ	2
ওর	মেসেজ	দিন	2
সুপার	পোস্ট	এটাই	2
পোস্ট	এটাই	জানার	2
এটাই	জানার	ছিল	2
কাকাবাবু	সিরিজে	৭	2
সিরিজে	৭	বই	2
৭	বই	পড়েন	2
বই	পড়েন	মজা	2
পড়েন	মজা	পাইবেন	2
মজা	পাইবেন	জঙ্গল	2
পাইবেন	জঙ্গল	ঘরে	2
জঙ্গল	ঘরে	চাবিও	2
ঘরে	চাবিও	আছে	2
চাবিও	আছে	কাকাবাবুতে	2
হাহা	টাকা	কি	2
টাকা	কি	গাছে	2
গাছে	ধরে	পার	2
ধরে	পার	ইনভাইট	2
পার	ইনভাইট	মার্কেটে	2
ইনভাইট	মার্কেটে	আসবো	2
মার্কেটে	আসবো	না	2
আসবো	না	বছরে	2
না	বছরে	এজন্য	2
বছরে	এজন্য	এয়ার	2
এজন্য	এয়ার	ড্রপ	2
ড্রপ	এ	কাজ	2
কাজ	করতে	মন	2
চায়	না	আর	2
আর	এখন	পার	2
এখন	পার	কয়েন	2
পার	কয়েন	বলতেছে	2
কয়েন	বলতেছে	যখন	2
বলতেছে	যখন	আসবে	2
যখন	আসবে	দেখেন	2
আসবে	দেখেন	১০০০	2
দেখেন	১০০০	এর	2
১০০০	এর	প্রাইস	2
এর	প্রাইস	টাটা	2
আমি	প্রিন্ট	করে	2
প্রিন্ট	করে	রাখছি	2
করে	রাখছি	দেখেন	2
রাখছি	দেখেন	কিভাবে	2
দেখেন	কিভাবে	মেসেজ	2
কিভাবে	মেসেজ	দেয়া	2
দেয়া	লাগবে	আমাকে	2
আসলে	আপনি	বুঝতে	2
পারেন	নাই	কষ্ট	2
নাই	কষ্ট	নিবেন	2
কষ্ট	নিবেন	না	2
নিবেন	না	ব্রো	2
তাতে	সমস্যা	কি	2
হাউ	টু	ক্রিয়েট	2
টু	ক্রিয়েট	এডু	2
ক্রিয়েট	এডু	মেইল	2
এডু	মেইল	২০২০	2
ভাই	ইউটিউব	প্রিমিয়াম	2
ইউটিউব	প্রিমিয়াম	অ্যাকাউন্ট	2
প্রিমিয়াম	অ্যাকাউন্ট	দিতে	2
প্লিজ	একটা	দিয়েন	2
একটা	দিয়েন	ভাই	2
দিয়েন	ভাই	যারা	2
ভাই	যারা	গোতাগুতি	2
যারা	গোতাগুতি	করবে	2
গোতাগুতি	করবে	না	2
করবে	না	তাদের	2
না	তাদের	সাথে	2
তাদের	সাথে	একটা	2
সাথে	একটা	অ্যাকাউন্ট	2
একটা	অ্যাকাউন্ট	দিয়েন	2
অ্যাকাউন্ট	দিয়েন	ভাই	2
দিয়েন	ভাই	প্লিজ	2
ওকে	ব্রো	আচ্ছা	2
ব্রো	আচ্ছা	আপনি	2
আচ্ছা	আপনি	কি	2
কি	আমাকে	বলতে	2
আমাকে	বলতে	পারবেন	2
বলতে	পারবেন	ট্রিকবিডি	2
পারবেন	ট্রিকবিডি	এত	2
ট্রিকবিডি	এত	ফেমাস	2
এত	ফেমাস	কেমন	2
ফেমাস	কেমন	করে	2
কেমন	করে	হলো	2
করে	হলো	ওয়ার্ডপ্রেস	2
হলো	ওয়ার্ডপ্রেস	এ	2
ওয়ার্ডপ্রেস	এ	আসার	2
এ	আসার	পর	2
এর	কাছে	দিয়েছি	2
কাছে	দিয়েছি	উনি	2
দিয়েছি	উনি	বললেন	2
উনি	বললেন	ভালো	2
বললেন	ভালো	হেল্প	2
ভালো	হেল্প	করছি	2
হেল্প	করছি	আবার	2
করছি	আবার	আপনি	2
আবার	আপনি	করুন	2
আপনি	করুন	প্লিজ	2
ইউজার	ভাই	ফ্রি	2
ভাই	ফ্রি	ডমেইন	2
ফ্রি	ডমেইন	ঠিক	2
ডমেইন	ঠিক	করেছেন	2
ঠিক	করেছেন	কিভাবে	2
করেছেন	কিভাবে	আমরা	2
কিভাবে	আমরা	নিলে	2
আমরা	নিলে	দে	2
নিলে	দে	হয়	2
দে	হয়	না	2
হয়	না	ব্রাউজারের	2
না	ব্রাউজারের	অর্ধেক	2
ব্রাউজারের	অর্ধেক	আল	2
অর্ধেক	আল	গিয়ে	2
আল	গিয়ে	আর	2
গিয়ে	আর	লোড	2
আর	লোড	হয়	2
লোড	হয়	না	2
বাট	আপনার	ঠিক	2
আপনার	ঠিক	আছে	2
ঠিক	আছে	প্লিজ	2
প্লিজ	ব্রো	কিছু	2
ব্রো	কিছু	একটা	2
কিছু	একটা	সলিউশন	2
একটা	সলিউশন	দেন	2
তোমার	পোস্ট	অনেক	2
ভালো	লাগে	গুড	2
লাগে	গুড	জব	2
আমি	আমার	টেলিগ্রাম	2
আমার	টেলিগ্রাম	দিসি	2
টেলিগ্রাম	দিসি	এখনো	2
দিসি	এখনো	তো	2
এখনো	তো	দিলেন	2
কাইন্ড	লিখলেন	কিছুই	2
লিখলেন	কিছুই	তো	2
আমার	ফোনের	ভার্সন	2
ফোনের	ভার্সন	ললিপপ	2
ভার্সন	ললিপপ	বাট	2
ললিপপ	বাট	সেটিং	2
বাট	সেটিং	এ	2
সেটিং	এ	গুগল	2
এ	গুগল	নাই	2
গুগল	নাই	একাউন্টে	2
নাই	একাউন্টে	গুগল	2
একাউন্টে	গুগল	আছে	2
গুগল	আছে	সেটিংয়ে	2
আছে	সেটিংয়ে	গুগল	2
সেটিংয়ে	গুগল	আনবো	2
গুগল	আনবো	কিভাবে	2
পাসওয়ার্ড	টাইপ	হচ্ছে	2
না	ব্রো	হেল্প	2
ব্রো	হেল্প	পর	2
হেল্প	পর	অন্য	2
পর	অন্য	বইয়ে	2
অন্য	বইয়ে	থাকতে	2
বইয়ে	থাকতে	জানান	2
থাকতে	জানান	প্লিজ	2
এই	পোস্টটা	সময়	2
পোস্টটা	সময়	বিডিতে	2
সময়	বিডিতে	আমি	2
বিডিতে	আমি	ট্রিক	2
বিডি	এর	মধ্যে	2
মধ্যে	একটা	পোস্ট	2
পোস্ট	করে	সেটা	2
করে	সেটা	নিচে	2
সেটা	নিচে	দিচ্ছি	2
নিচে	দিচ্ছি	আর	2
দিচ্ছি	আর	আপনি	2
আপনি	তা	কপি	2
তা	কপি	করছেন	2
ব্রো	আপনার	পার্সোনাল	2
আপনার	পার্সোনাল	এফবি	2
পার্সোনাল	এফবি	পাওয়া	2
এফবি	পাওয়া	যাবে	2
পাওয়া	যাবে	কিছু	2
যাবে	কিছু	জরুরী	2
কিছু	জরুরী	কথা	2
জরুরী	কথা	ছিল	2
অনেকদিন	করিনা	নেক্সট	2
করিনা	নেক্সট	২	2
নেক্সট	২	তারিখ	2
২	তারিখ	এক্সাম	2
তারিখ	এক্সাম	তাই	2
এক্সাম	তাই	বাদ	2
তাই	বাদ	দিছি	2
এখনো	কি	আছে	2
ডোর	বাজে	পোস্ট	2
বাজে	পোস্ট	সব	2
পোস্ট	সব	হয়েছে	2
সব	হয়েছে	একটা	2
হয়েছে	একটা	নাম্বারও	2
একটা	নাম্বারও	আসে	2
নাম্বারও	আসে	না	2
আপনার	সাইটের	নাম	2
সাইটের	নাম	যেটা	2
নাম	যেটা	সেটা	2
যেটা	সেটা	দিবেন	2
সরি	নেক্সট	টাইম	2
টাইম	থেকে	ট্রাই	2
ট্রাই	করবো	বুঝানোর	2
করেন	ভালো	স্পিড	2
কিভাবে	রুট	করলেন	2
কনফিগার	জন্য	গ্রুপ	2
জন্য	গ্রুপ	আছে	2
গ্রুপ	আছে	এখানে	2
আছে	এখানে	দেওয়ার	2
এখানে	দেওয়ার	কি	2
কি	দরকার	নিজে	2
দরকার	নিজে	এফবিতে	2
নিজে	এফবিতে	গ্রুপ	2
এফবিতে	গ্রুপ	খুলে	2
গ্রুপ	খুলে	সেখানে	2
খুলে	সেখানে	আপলোড	2
সেখানে	আপলোড	দেয়া	2
আপলোড	দেয়া	শেয়ার	2
দেয়া	শেয়ার	করেন	2
শেয়ার	করেন	আজাইরা	2
ইমরান	খান	কি	2
খান	কি	দেখায়	2
এটা	তো	২০১৬	2
তো	২০১৬	সাল	2
২০১৬	সাল	থেকে	2
সাল	থেকে	জানি	2
থেকে	জানি	আর	2
জানি	আর	মানুষ	2
আর	মানুষ	এখন	2
মানুষ	এখন	এত	2
এখন	এত	বোকা	2
বোকা	না	লিংকে	2
না	লিংকে	ঢুকে	2
লিংকে	ঢুকে	লগইন	2
ঢুকে	লগইন	করবে	2
উপায়	এর	পাসটা	2
এর	পাসটা	মিলাতে	2
পাসটা	মিলাতে	পারছি	2
মিলাতে	পারছি	না	2
গুলো	দেখেন	আমি	2
দেখেন	আমি	কথা	2
কথা	দিচ্ছি	আমার	2
দিচ্ছি	আমার	একাটা	2
আমার	একাটা	পোষ্ট	2
একাটা	পোষ্ট	যদি	2
পোষ্ট	যদি	কপি	2
যদি	কপি	হয়ে	2
কপি	হয়ে	আমি	2
হয়ে	আমি	আর	2
আর	ট্রিকবিডি	এন্ড	2
ট্রিকবিডি	এন্ড	অনলাইন	2
এন্ড	অনলাইন	চালাবো	2
অনলাইন	চালাবো	না	2
চালাবো	না	ভাই	2
ভাই	এইচটিএমএল	ভিউয়ার	2
জি	ভাই	আমি	2
আমি	ট্রিকবিডিতে	আগে	2
ট্রিকবিডিতে	আগে	সার্চ	2
সার্চ	দিয়ে	দেখে	2
দিয়ে	দেখে	নিয়েছি	2
দেখে	নিয়েছি	পাইনি	2
নিয়েছি	পাইনি	তাই	2
পাইনি	তাই	পোস্টটি	2
তাই	পোস্টটি	করাচ্ছি	2
পোস্টটি	করাচ্ছি	থ্যাংকস	2
করাচ্ছি	থ্যাংকস	ভাই	2
স্ক্রিনশটে	আইএমজি	লেখার	2
আইএমজি	লেখার	পর	2
লেখার	পর	একটা	2
পর	একটা	স্পেস	2
একটা	স্পেস	দেন	2
স্পেস	দেন	কাজ	2
দেন	কাজ	করবে	2
ভাই	এই	টোকেন	2
এই	টোকেন	যখন	2
টোকেন	যখন	অক্টোবরে	2
যখন	অক্টোবরে	লিস্টেড	2
অক্টোবরে	লিস্টেড	হবে	2
লিস্টেড	হবে	তখনই	2
হবে	তখনই	সেল	2
তখনই	সেল	দিতে	2
সেল	দিতে	পারব	2
ইউজার	এটা	ইউজার	2
এটা	ইউজার	ভাইয়ের	2
ইউজার	ভাইয়ের	ফেইক	2
ভাইয়ের	ফেইক	আইডি	2
ফেইক	আইডি	নিশ্চয়ই	2
আইডি	নিশ্চয়ই	তাই	2
নিশ্চয়ই	তাই	না	2
না	তা	না	2
না	হলে	সব	2
হলে	সব	জায়গায়	2
সব	জায়গায়	ওনার	2
জায়গায়	ওনার	সাইড	2
ওনার	সাইড	টানছে	2
সাইড	টানছে	কেন	2
এফ	বি	লিংকটা	2
বি	লিংকটা	এখানে	2
লিংকটা	এখানে	দিন	2
এভাবে	একটিভ	করলাম	2
একটিভ	করলাম	কিছুদিন	2
করলাম	কিছুদিন	পর	2
কিছুদিন	পর	লাইসেন্স	2
পর	লাইসেন্স	ইনভেলিড	2
লাইসেন্স	ইনভেলিড	নাকি	2
ইনভেলিড	নাকি	লেখা	2
নাকি	লেখা	আসে	2
স্ক্রিনশট	প্লাস	লাকা	2
প্লাস	লাকা	না	2
লাকা	না	ডাকা	2
না	ডাকা	আবাল	2
ডাকা	আবাল	মত	2
আবাল	মত	কোশ্চেন	2
মত	কোশ্চেন	করবেন	2
কোশ্চেন	করবেন	না	2
গালাগালি	আমি	করিনি	2
আমি	করিনি	করেছে	2
করিনি	করেছে	ইউজার	2
করেছে	ইউজার	সো	2
ইউজার	সো	আমাকে	2
সো	আমাকে	এসব	2
আমাকে	এসব	কথা	2
এসব	কথা	বলার	2
কথা	বলার	প্রশ্নই	2
বলার	প্রশ্নই	আসেনা	2
আমার	ফোন	রিসেট	2
দিলে	ফোন	মেমোরি	2
ফোন	মেমোরি	ফাকা	2
মেমোরি	ফাকা	হয়	2
ফাকা	হয়	তাছাড়া	2
হয়	তাছাড়া	অন্য	2
তাছাড়া	অন্য	কোন	2
অন্য	কোন	প্রবলেম	2
প্রবলেম	নাই	আমিতো	2
নাই	আমিতো	ফ্ল্যাশ	2
আমিতো	ফ্ল্যাশ	দিতে	2
ফ্ল্যাশ	দিতে	চাচ্ছি	2
দিতে	চাচ্ছি	কি	2
চাচ্ছি	কি	করা	2
করা	যায়	বলেন	2
যায়	বলেন	প্লিজ	2
কেন	ব্যান্ড	হয়েছে	2
ব্যান্ড	হয়েছে	কি	2
হয়েছে	কি	করেছেন	2
করব	দিন	পর	2
কি	দরকার	এত	2
দরকার	এত	কিছুর	2
এত	কিছুর	এয়ারটেল	2
কিছুর	এয়ারটেল	অলওয়েজ	2
এয়ারটেল	অলওয়েজ	এই	2
অলওয়েজ	এই	চার	2
এই	চার	টাকায়	2
চার	টাকায়	৫১২	2
এমবি	দেয়	মানে	2
দেয়	মানে	পাচ্ছেন	2
মানে	পাচ্ছেন	৮	2
পাচ্ছেন	৮	টাকায়	2
৮	টাকায়	১	2
থ্যাংকস	আমি	সিটিজি	2
আমি	সিটিজি	তে	2
সিটিজি	তে	থাকি	2
ওয়েলকাম	কাজ	হলে	2
কাজ	হলে	বলবেন	2
হলে	বলবেন	ভাই	2
প্লেস	ভাই	নাকি	2
ভাই	নাকি	টিনের	2
নাকি	টিনের	বানান	2
পোস্ট	কর	তেই	2
কর	তেই	ইচ্ছে	2
তেই	ইচ্ছে	হয়	2
ইচ্ছে	হয়	এসএমএস	2
হয়	এসএমএস	টু	2
এসএমএস	টু	বিডি	2
টু	বিডি	এখানে	2
বিডি	এখানে	করেন	2
এখানে	করেন	আমি	2
করেন	আমি	ট্রিকবিডিতে	2
আমি	ট্রিকবিডিতে	দিমু	2
ট্রিকবিডিতে	দিমু	কিক	2
দিমু	কিক	টু	2
কিক	টু	পোস্ট	2
হুম	ভাই	এটা	2
ভাই	এটা	পোস্ট	2
এটা	পোস্ট	করেন	2
ব্রো	এটা	কোন	2
এটা	কোন	ধরনের	2
কোন	ধরনের	ফাজলামো	2
ধরনের	ফাজলামো	পোস্ট	2
থ্যাংকস	পাইসে	৯	2
পাইসে	৯	টাকা	2
৯	টাকা	২০০	2
টাকা	২০০	এমবি	2
অ্যামাউন্ট	১০০০	হলেও	2
১০০০	হলেও	কি	2
হলেও	কি	১০	2
১০	টাকা	শুধু	2
টাকা	শুধু	ক্যাশব্যাক	2
শুধু	ক্যাশব্যাক	পাব	2
হ্যালো	ব্রো	একসাথে	2
ব্রো	একসাথে	বার	2
একসাথে	বার	৪০০	2
বার	৪০০	মিনিট	2
৪০০	মিনিট	করে	2
মিনিট	করে	নেয়া	2
যাবে	নাকি	আই	2
নাকি	আই	মিন	2
আই	মিন	অনেক	2
মিন	অনেক	মিনিট	2
অনেক	মিনিট	একবারে	2
মিনিট	একবারে	নিয়ে	2
একবারে	নিয়ে	রাখতে	2
নিয়ে	রাখতে	চাচ্ছি	2
কেউ	এডমিন	প্যানেলের	2
এডমিন	প্যানেলের	পাসওয়ার্ড	2
প্যানেলের	পাসওয়ার্ড	চেঞ্জ	2
চেঞ্জ	করলে	কিভাবে	2
করলে	কিভাবে	পাব	2
এফবি	প্যাক	কিনলে	2
প্যাক	কিনলে	২৮	2
কিনলে	২৮	দিন	2
দিন	মেয়াদ	বাড়বে	2
মেয়াদ	বাড়বে	আর	2
বাড়বে	আর	ফ্লেক্সিপ্ল্যান	2
আর	ফ্লেক্সিপ্ল্যান	থেকে	2
ফ্লেক্সিপ্ল্যান	থেকে	মিনিটের	2
থেকে	মিনিটের	মেয়াদও	2
মিনিটের	মেয়াদও	বানানো	2
মেয়াদও	বানানো	যাবে	2
বানানো	যাবে	৩০	2
যাবে	৩০	দিন	2
মেয়াদ	উত্তীর্ণ	গাজা	2
উত্তীর্ণ	গাজা	খেয়ে	2
গাজা	খেয়ে	রাইটিং	2
খেয়ে	রাইটিং	করলে	2
রাইটিং	করলে	যা	2
করলে	যা	হয়	2
করবে	এমএক্স	প্লেয়ার	2
এমএক্স	প্লেয়ার	কোড	2
প্লেয়ার	কোড	গুলো	2
কোড	গুলো	আনইন্সটল	2
গুলো	আনইন্সটল	করে	2
আনইন্সটল	করে	নিবেন	2
রং	ইমুজি	সরি	2
কুকিজ	দেয়ার	একদিনে	2
দেয়ার	একদিনে	এক্সপায়ারড	2
একদিনে	এক্সপায়ারড	হয়ে	2
এক্সপায়ারড	হয়ে	যায়	2
আবার	দেন	তো	2
কবে	আসবে	এটা	2
আসবে	এটা	এটিসি	2
এটা	এটিসি	রিভিউ	2
এটিসি	রিভিউ	দিলে	2
রিভিউ	দিলে	যদি	2
দিলে	যদি	ভালো	2
যদি	ভালো	বলে	2
ভালো	বলে	তাহলে	2
বলে	তাহলে	কিনব	2
তাহলে	কিনব	শিওর	2
ভাই	আমার	ব্লগ	2
আমার	ব্লগ	সাইটে	2
ব্লগ	সাইটে	টোটাল	2
সাইটে	টোটাল	ভিউ	2
টোটাল	ভিউ	এডসেন্স	2
ভিউ	এডসেন্স	অন	2
এডসেন্স	অন	করব	2
প্লিজ	ব্রো	এয়ারটেল	2
ব্রো	এয়ারটেল	ফ্রি	2
নেট	টা	শেয়ার	2
শেয়ার	করেন	ওর	2
করেন	ওর	আমাকে	2
ওর	আমাকে	ইনবক্স	2
ইনবক্স	করেন	প্লিজ	2
লেল	কি	বলেন	2
কি	বলেন	আর	2
আর	কি	আনসার	2
কি	আনসার	করেন	2
আনসার	করেন	নিজেই	2
করেন	নিজেই	তো	2
নিজেই	তো	নিজের	2
তো	নিজের	লগে	2
নিজের	লগে	মারামারি	2
লগে	মারামারি	শুরু	2
মারামারি	শুরু	করলেন	2
শুরু	করলেন	কোনটা	2
করলেন	কোনটা	বাই	2
কোনটা	বাই	দা	2
বাই	দা	হাইওয়ে	2
দা	হাইওয়ে	এক	2
হাইওয়ে	এক	কমেন্ট	2
এক	কমেন্ট	করেই	2
কমেন্ট	করেই	একা	2
করেই	একা	একা	2
একা	একা	মারামারি	2
একা	মারামারি	করতেছেন	2
মারামারি	করতেছেন	আর	2
করতেছেন	আর	কিছু	2
বললাম	না	এনজয়	2
না	এনজয়	ব্রো	2
এনজয়	ব্রো	ইনজয়	2
আমার	নেক্সাস	পে	2
নেক্সাস	পে	করছি	2
পে	করছি	কিন্তু	2
কিন্তু	টাকা	পাই	2
টাকা	পাই	নাই	2
পাই	নাই	এখন	2
নাই	এখন	ওটা	2
এখন	ওটা	দিয়ে	2
ওটা	দিয়ে	পারভো	2
ফর	কমেন্ট	কোন	2
কমেন্ট	কোন	ভুল	2
কোন	ভুল	হলে	2
ভাই	জি	মেইল	2
জি	মেইল	পাম্পিং	2
মেইল	পাম্পিং	টা	2
পাম্পিং	টা	কি	2
কি	আমি	বুঝিনা	2
আমি	বুঝিনা	একটু	2
বুঝিনা	একটু	বোস্তারিত	2
একটু	বোস্তারিত	বলবেন	2
বোস্তারিত	বলবেন	প্লিজ	2
আপ	করতে	পারতেছি	2
নাইস	আরো	বিস্তারিত	2
আরো	বিস্তারিত	দিলে	2
বিস্তারিত	দিলে	ভালো	2
ভালো	হতো	যাক	2
হতো	যাক	যাদের	2
যাক	যাদের	দরকার	2
যাদের	দরকার	উপকারে	2
দরকার	উপকারে	আসবে	2
উপকারে	আসবে	অ্যানাউন্স	2
আসবে	অ্যানাউন্স	পেল	2
অ্যানাউন্স	পেল	আমার	2
পেল	আমার	দরকার	2
দরকার	নাই	আপাতত	2
টিডব্লিউআরপি	আর	নাই	2
আর	নাই	ভাই	2
নাই	ভাই	কাম	2
ভাই	কাম	আছে	2
কাম	আছে	পোস্টে	2
আছে	পোস্টে	দেখায়েন	2
অনলি	ফেইসবুক	প্যাক	2
ফেইসবুক	প্যাক	চলবে	2
প্যাক	চলবে	না	2
হেল্প	প্লিজ	ব্রো	2
প্লিজ	ব্রো	কই	2
ব্রো	কই	পাইলেন	2
পাইলেন	ভাই	যেটা	2
ভাই	যেটা	ডাউনলোড	2
যেটা	ডাউনলোড	করছি	2
ডাউনলোড	করছি	সেটা	2
করছি	সেটা	তো	2
সেটা	তো	জিপ	2
পেপাল	আর	অ্যাকাউন্ট	2
আর	অ্যাকাউন্ট	কিভাবে	2
অ্যাকাউন্ট	কিভাবে	খুলব	2
কিভাবে	খুলব	ভাই	2
মেবি	স্টিকার	টা	2
স্টিকার	টা	অনেক	2
অনেক	আগে	অ্যাড	2
আগে	অ্যাড	করছিল	2
থেকে	কি	টাকা	2
এত	প্যারা	নেওয়ার	2
প্যারা	নেওয়ার	কি	2
নেওয়ার	কি	দরকার	2
কি	দরকার	ইউটিউব	2
দরকার	ইউটিউব	ভ্যান্সড	2
ইউটিউব	ভ্যান্সড	ইউজ	2
ভ্যান্সড	ইউজ	করলেই	2
ইউজ	করলেই	তো	2
তো	হয়	কোন	2
হয়	কোন	কনফিগারেশন	2
কোন	কনফিগারেশন	লাগেনা	2
কনফিগারেশন	লাগেনা	জাস্ট	2
লাগেনা	জাস্ট	ইনস্টল	2
জাস্ট	ইনস্টল	এন্ড	2
ইনস্টল	এন্ড	প্লে	2
ভাই	সিম্ফনি	এইচ১২০	2
এইচ১২০	এর	জন্য	2
রিয়েল	নাকি	ফেইক	2
ইউটিউব	ড্যান্সড	এর	2
ড্যান্সড	এর	মত	2
এর	মত	ফেইসবুক	2
মত	ফেইসবুক	ভ্যান্সড	2
ফেইসবুক	ভ্যান্সড	কোন	2
ভ্যান্সড	কোন	কিছু	2
কোন	কিছু	আছে	2
কিছু	আছে	ফেসবুকে	2
আছে	ফেসবুকে	ইনস্ট্রিম	2
ফেসবুকে	ইনস্ট্রিম	এডস	2
ইনস্ট্রিম	এডস	রিমুভ	2
এডস	রিমুভ	করবো	2
আপনার	মতে	প্রাইস	2
মতে	প্রাইস	এন্ড	2
প্রাইস	এন্ড	ফিচারজের	2
এন্ড	ফিচারজের	দিক	2
ফিচারজের	দিক	থেকে	2
দিক	থেকে	কোন	2
থেকে	কোন	কোন	2
কোন	কোন	ফোনটা	2
কোন	ফোনটা	বেস্ট	2
ভাই	এডমক	আইডি	2
এডমক	আইডি	হাইড	2
আইডি	হাইড	করা	2
হাইড	করা	থাকলে	2
থাকলে	কি	করব	2
ইবোর্ডরেজাল্ট্স	কম	কোন	2
কম	কোন	প্রবলেম	2
কোন	প্রবলেম	করেনি	2
অন্য	কোন	মোবাইল	2
কোন	মোবাইল	ফ্ল্যাশ	2
মোবাইল	ফ্ল্যাশ	করার	2
ফ্ল্যাশ	করার	অনো	2
করার	অনো	অ্যাপ	2
অনো	অ্যাপ	থাকলে	2
অ্যাপ	থাকলে	প্লিজ	2
না	দেয়া	যাবে	2
হ্যালো	ফ্রেন্ড	আমার	2
করা	দরকার	কাউকে	2
দরকার	কাউকে	পারবা	2
কাউকে	পারবা	যদি	2
পারবা	যদি	পারো	2
যদি	পারো	আমাকে	2
পারো	আমাকে	জানাও	2
আমাকে	জানাও	যত	2
জানাও	যত	টাকা	2
যত	টাকা	লাগবে	2
টাকা	লাগবে	আমি	2
লাগবে	আমি	দিবো	2
হতো	কিছু	বুঝলাম	2
একটাও	হয়	না	2
অ্যান্ড্রয়েডে	প্রোগ্রামিং	কোড	2
প্রোগ্রামিং	কোড	রান	2
কোড	রান	করার	2
রান	করার	এপিকে	2
করার	এপিকে	থাকলে	2
এপিকে	থাকলে	বইলেন	2
প্লাগিন	ইনস্টলেশন	ফেইলড	2
কিন্তু	এখানে	যখনই	2
এখানে	যখনই	ঝামেলা	2
যখনই	ঝামেলা	না	2
ঝামেলা	না	রেখে	2
না	রেখে	ট্রাস্টেড	2
রেখে	ট্রাস্টেড	ডাউনলোড	2
ট্রাস্টেড	ডাউনলোড	লিঙ্ক	2
ডাউনলোড	লিঙ্ক	উইথ	2
লিঙ্ক	উইথ	ইনস্টলেশন	2
উইথ	ইনস্টলেশন	প্রুফ	2
ইনস্টলেশন	প্রুফ	সহ	2
প্রুফ	সহ	দিলাম	2
সহ	দিলাম	তখন	2
দিলাম	তখন	আপনার	2
তখন	আপনার	বকাস	2
আপনার	বকাস	শুরু	2
বকাস	শুরু	ব্যান্ডিক্যামের	2
শুরু	ব্যান্ডিক্যামের	কয়েকটা	2
ব্যান্ডিক্যামের	কয়েকটা	কাইন্ডলি	2
কয়েকটা	কাইন্ডলি	অন্য	2
কাইন্ডলি	অন্য	কোন	2
ডাউনলোড	করে	ওই	2
করে	ওই	ডাউনলোড	2
ওই	ডাউনলোড	এখানে	2
ডাউনলোড	এখানে	দেন	2
এখানে	দেন	দেখি	2
কেমন	পারে	অথার	2
পারে	অথার	তো	2
অথার	তো	তাই	2
তো	তাই	না	2
তাই	না	দেন	2
না	দেন	দেন	2
দেন	দেন	দেন	2
ভাই	আপনার	ওগো	2
আপনার	ওগো	পোস্টগুলোতে	2
ওগো	পোস্টগুলোতে	কিছু	2
পোস্টগুলোতে	কিছু	কমেন্ট	2
কিছু	কমেন্ট	করেছিলাম	2
কমেন্ট	করেছিলাম	প্লিজ	2
করেছিলাম	প্লিজ	সেগুলোর	2
প্লিজ	সেগুলোর	এনস	2
সেগুলোর	এনস	দিন	2
এনস	দিন	প্লিজ	2
উই	উইল	মিস	2
উইল	মিস	ইউ	2
ভাই	পোস্ট	করছেন	2
কথা	কিন্তু	কমেন্টের	2
কিন্তু	কমেন্টের	এন্স	2
কমেন্টের	এন্স	দেন	2
এন্স	দেন	না	2
না	কেন	যদি	2
কেন	যদি	আপনার	2
যদি	আপনার	কথা	2
কথা	মত	কাজ	2
মত	কাজ	না	2
কাজ	না	হয়	2
তাহলে	তো	কোশ্চেন	2
তো	কোশ্চেন	করতে	2
কোশ্চেন	করতে	হবে	2
করতে	হবে	সেজন্য	2
হবে	সেজন্য	আপনাকে	2
সেজন্য	আপনাকে	অন্স	2
আপনাকে	অন্স	দেওয়া	2
অন্স	দেওয়া	উচিত	2
ওয়ার্ডের	একটা	চরম	2
একটা	চরম	পোস্ট	2
চরম	পোস্ট	করলাম	2
করলাম	বাট	ইউজার	2
ইউজার	ভাই	দেখল	2
ভাই	দেখল	না	2
কিছু	অ্যান্ড্রয়েড	ভার্সনের	2
অ্যান্ড্রয়েড	ভার্সনের	জন্য	2
ভার্সনের	জন্য	লাগবেনা	2
দুইটা	মোবাইল	এক	2
মোবাইল	এক	ওয়াইফাই	2
এক	ওয়াইফাই	এর	2
ওয়াইফাই	এর	আইপের	2
এর	আইপের	ভিতরে	2
আইপের	ভিতরে	থাকতে	2
ভিতরে	থাকতে	হবে	2
থাকতে	হবে	যে	2
হবে	যে	যে	2
যে	যে	কোনো	2
যে	কোনো	প্রান্তে	2
কোনো	প্রান্তে	কাজ	2
প্রান্তে	কাজ	করবে	2
কোন	অ্যাপ	তৈরি	2
অ্যাপ	তৈরি	করেছেন	2
তৈরি	করেছেন	এবং	2
করেছেন	এবং	এডস	2
এবং	এডস	বসিয়েছেন	2
ভাই	এর	পরও	2
এর	পরও	ফ্লাশ	2
পরও	ফ্লাশ	হয়	2
ফ্লাশ	হয়	না	2
এসব	পাগল	জোটে	2
পাগল	জোটে	কথা	2
জোটে	কথা	থেকে	2
কথা	থেকে	বালের	2
থেকে	বালের	পোস্ট	2
থাই	ওয়েব	টানেল	2
ওয়েব	টানেল	কিভাবে	2
টানেল	কিভাবে	চালাবো	2
ভাই	জিবি	কিভাবে	2
জিবি	কিভাবে	নিব	2
আপনার	ভিডিও	তো	2
ভিডিও	তো	আসেই	2
তো	আসেই	না	2
এসএমএস	পাইছে	৩আগে	2
ড্রয়েড	ভিপিয়ানে	কি	2
ভিপিয়ানে	কি	হলো	2
কি	হলো	ভা	2
আনরুট	করলে	সিস্টেম	2
করলে	সিস্টেম	অ্যাপ	2
সিস্টেম	অ্যাপ	হিসেবে	2
অ্যাপ	হিসেবে	থাকে	2
এটা	স্যামসাংয়ের	ক্ষেত্রে	2
স্যামসাংয়ের	ক্ষেত্রে	যেসব	2
ক্ষেত্রে	যেসব	মোবাইলের	2
যেসব	মোবাইলের	সিস্টেম	2
মোবাইলের	সিস্টেম	আছে	2
সিস্টেম	আছে	ওই	2
আছে	ওই	ক্ষেত্রে	2
ওই	ক্ষেত্রে	যাদের	2
ক্ষেত্রে	যাদের	নাই	2
নাই	তারা	এই	2
তারা	এই	ট্রিক্স	2
এই	ট্রিক্স	ফলো	2
ট্রিক্স	ফলো	করবে	2
এটা	খুব	স্লো	2
বাজারে	ভিনেগার	যদি	2
ভিনেগার	যদি	পাই	2
যদি	পাই	তাহলে	2
পাই	তাহলে	ট্রাই	2
তাহলে	ট্রাই	করে	2
গুগলে	দেখছি	নতুন	2
দেখছি	নতুন	ফিচার	2
নতুন	ফিচার	এড	2
ফিচার	এড	করছে	2
এড	করছে	নিয়ারবাই	2
করছে	নিয়ারবাই	শেয়ার	2
নিয়ারবাই	শেয়ার	ইউটিউব	2
শেয়ার	ইউটিউব	অ্যাপে	2
ইউটিউব	অ্যাপে	কিছু	2
অ্যাপে	কিছু	ফোনে	2
কিছু	ফোনে	৪৮০পি	2
ফোনে	৪৮০পি	এর	2
৪৮০পি	এর	বেশি	2
এর	বেশি	রেজুলেশনে	2
বেশি	রেজুলেশনে	দেখা	2
রেজুলেশনে	দেখা	যেত	2
যেত	না	এখন	2
না	এখন	১০৮০পি	2
এখন	১০৮০পি	দিচ্ছে	2
ক্ষেপে	যাওয়ার	কারনটা	2
যাওয়ার	কারনটা	কি	2
কারনটা	কি	ভাই	2
ভাই	তাড়াতাড়ি	কিছু	2
তাড়াতাড়ি	কিছু	করেন	2
সব	মডেলের	সেটে	2
মডেলের	সেটে	কাজ	2
সেটে	কাজ	করবে	2
কাজ	করবে	সফটওয়্যার	2
করবে	সফটওয়্যার	থেকে	2
সফটওয়্যার	থেকে	আপনি	2
থেকে	আপনি	ওই	2
আপনি	ওই	মডেল	2
ওই	মডেল	সিলেক্ট	2
মডেল	সিলেক্ট	করে	2
সিলেক্ট	করে	আনলক	2
করে	আনলক	প্রেস	2
আনলক	প্রেস	করতে	2
প্রেস	করতে	হবে	2
থ্যাংকস	আপনাকে	কিছু	2
আপনাকে	কিছু	লোকজন	2
কিছু	লোকজন	দেখলাম	2
লোকজন	দেখলাম	খুবই	2
দেখলাম	খুবই	সুন্দর	2
খুবই	সুন্দর	অশালীন	2
সুন্দর	অশালীন	ভাষায়	2
অশালীন	ভাষায়	প্রশংসা	2
ভাষায়	প্রশংসা	করছে	2
প্রশংসা	করছে	যাদের	2
করছে	যাদের	সুন্দর	2
যাদের	সুন্দর	কমেন্ট	2
সুন্দর	কমেন্ট	মডারেশনে	2
কমেন্ট	মডারেশনে	আপনাদের	2
মডারেশনে	আপনাদের	মত	2
লোকদের	জন্য	এই	2
জন্য	এই	কিছু	2
এই	কিছু	কথার	2
কিছু	কথার	পোস্ট	2
কথার	পোস্ট	করা	2
পোস্ট	করা	না	2
করা	না	হলে	2
না	হলে	তাও	2
হলে	তাও	করতো	2
তাও	করতো	না	2
করতো	না	ইন্সপায়ার	2
না	ইন্সপায়ার	করার	2
ইন্সপায়ার	করার	জন্য	2
কি	ব্রো	আপনার	2
আপনার	কথা	কি	2
কথা	কি	কোন	2
কি	কোন	দাম	2
কোন	দাম	নেই	2
দাম	নেই	কোটা	2
নেই	কোটা	দিলে	2
কোটা	দিলে	কি	2
এই	অ্যাপগুলা	কেমন	2
অ্যাপগুলা	কেমন	কাজ	2
আমি	দুইটা	সার্ভার	2
দুইটা	সার্ভার	দিয়ে	2
সার্ভার	দিয়ে	দিয়েছি	2
দিয়ে	দিয়েছি	একটা	2
দিয়েছি	একটা	কাজ	2
একটা	কাজ	না	2
করলে	অন্য	সার্ভে	2
অন্য	সার্ভে	ট্রাই	2
সার্ভে	ট্রাই	করুন	2
অন্য	ব্রাউজারে	হবেনা	2
আমাকে	একবার	৫০০	2
একবার	৫০০	টাকা	2
৫০০	টাকা	বিকাশ	2
টাকা	বিকাশ	করেছিল	2
ট্রাই	করছেন	নাকি	2
করছেন	নাকি	ইউজার	2
লাস্ট	পোস্টে	কি	2
পোস্টে	কি	পড়বে	2
আইডি	কি	সার্চ	2
কি	সার্চ	করে	2
সার্চ	করে	তো	2
তো	কিছু	পাই	2
কিছু	পাই	না	2
পাই	না	আমার	2
না	আমার	জিটিএ৫	2
আমার	জিটিএ৫	গেমটা	2
জিটিএ৫	গেমটা	লাগবে	2
এই	অ্যাপের	পোস্ট	2
অ্যাপের	পোস্ট	তো	2
পোস্ট	তো	আগেও	2
আগেও	করা	হয়ছে	2
করা	হয়ছে	তুমি	2
হয়ছে	তুমি	আবার	2
তুমি	আবার	বিদ্যাসহির	2
আবার	বিদ্যাসহির	করতে	2
বিদ্যাসহির	করতে	গেলা	2
করতে	গেলা	কেন	2
জি	ড্রাইভে	এমন	2
ড্রাইভে	এমন	পারমিশন	2
এমন	পারমিশন	চায়	2
পারমিশন	চায়	কেন	2
চায়	কেন	আজব	2
কেন	আজব	যতসব	2
হ্যাক	করতে	তাপ	2
করতে	তাপ	আছে	2
কোন	জামাত	থেকে	2
রিয়াদ	ভাই	অ্যান্ড্রয়েড	2
অ্যান্ড্রয়েড	এর	জন্যে	2
জন্যে	দেন	এই	2
দেন	এই	টিপসটা	2
ইউজার	আমার	কিছু	2
আমার	কিছু	কমেন্ট	2
কিছু	কমেন্ট	ও	2
কমেন্ট	ও	মডারেশনের	2
ও	মডারেশনের	জন্য	2
মডারেশনের	জন্য	দিছে	2
এমবি	কত	থেয়া	2
কত	থেয়া	থেকেন	2
টা	ডায়াল	করলেই	2
ডায়াল	করলেই	জানতে	2
করলেই	জানতে	পারবেন	2
জানতে	পারবেন	ইউজার	2
পারবেন	ইউজার	ভাই	2
একটা	পোস্ট	করছে	2
পোস্ট	করছে	ওনারে	2
করছে	ওনারে	একটা	2
ওনারে	একটা	বিস্কুট	2
একটা	বিস্কুট	দাও	2
ব্রো	বিগবক্স	থেকে	2
বিগবক্স	থেকে	উইথড্রোন	2
থেকে	উইথড্রোন	নেওয়ার	2
উইথড্রোন	নেওয়ার	সময়	2
নেওয়ার	সময়	ফি	2
সময়	ফি	গেছে	2
নট	ওয়ার্কিং	ব্রো	2
ওয়ার্কিং	ব্রো	আইডি	2
ব্রো	আইডি	ট্রাই	2
আইডি	ট্রাই	করলাম	2
ট্রাই	করলাম	একটার	2
করলাম	একটার	জন্য	2
একটার	জন্য	৩টা	2
জন্য	৩টা	ক্লোন	2
৩টা	ক্লোন	বানাইলাম	2
ক্লোন	বানাইলাম	তবুও	2
বানাইলাম	তবুও	কাজ	2
তবুও	কাজ	করল	2
করল	না	পোস্টে	2
না	পোস্টে	কোন	2
পোস্টে	কোন	কথা	2
কোন	কথা	এড	2
কথা	এড	করতে	2
এড	করতে	হলে	2
করতে	হলে	করুন	2
হলে	করুন	হচ্ছে	2
করুন	হচ্ছে	না	2
না	কেন	এটা	2
কেন	এটা	সল্ভ	2
এটা	সল্ভ	করুন	2
হট	১২	এ	2
১২	এ	সাপোর্ট	2
সাপোর্ট	করবে	আমি	2
করবে	আমি	একবার	2
আমি	একবার	ট্রাই	2
একবার	ট্রাই	করছিলাম	2
ট্রাই	করছিলাম	অ্যাপ	2
করছিলাম	অ্যাপ	ওপেনই	2
অ্যাপ	ওপেনই	হয়	2
ওপেনই	হয়	না	2
ভাই	তারপর	কি	2
তারপর	কি	করতে	2
হ্যাপি	ঢুকে	ইনবক্সে	2
ঢুকে	ইনবক্সে	দেখুন	2
ইনবক্সে	দেখুন	আসছে	2
দেখুন	আসছে	ওকে	2
টক	বোর্ড	অ্যানিমেশন	2
বোর্ড	অ্যানিমেশন	ব্যাকআপ	2
অ্যানিমেশন	ব্যাকআপ	রাখতে	2
ব্যাকআপ	রাখতে	ভুলে	2
রাখতে	ভুলে	গেছিলাম	2
ভুলে	গেছিলাম	আগের	2
গেছিলাম	আগের	অবস্থায়	2
আগের	অবস্থায়	যেতে	2
অবস্থায়	যেতে	চাই	2
যেতে	চাই	সিম্ফনি	2
চাই	সিম্ফনি	এইচ২০	2
সিম্ফনি	এইচ২০	এর	2
এইচ২০	এর	বুট	2
বুট	এনিমেশন	কোথায়	2
এনিমেশন	কোথায়	পাবো	2
ইউজার	প্লিজ	হেল্প	2
হেল্প	মি	রুট	2
মি	রুট	করার	2
পর	আবার	আনরুট	2
আবার	আনরুট	হয়ে	2
আনরুট	হয়ে	যায়	2
ধান্দা	বাজের	পোস্ট	2
ভাই	কিভাবে	১০	2
কিভাবে	১০	টাকায়	2
১০	টাকায়	২	2
২	জিবি	নে	2
জিবি	নে	বলবেন	2
নে	বলবেন	একটু	2
ব্রো	ফার্স্ট	৬টা	2
ফার্স্ট	৬টা	মেথড	2
৬টা	মেথড	দিয়ে	2
মেথড	দিয়ে	ট্রাই	2
ট্রাই	করলাম	তবুও	2
করলাম	তবুও	অ্যাপ	2
তবুও	অ্যাপ	ইন্সটল	2
অ্যাপ	ইন্সটল	হইল	2
ইন্সটল	হইল	না	2
হইল	না	প্লিজ	2
ফ্লেক্সিপ্লান	থেকে	সাত	2
থেকে	সাত	দিনের	2
সাত	দিনের	জন্য	2
দিনের	জন্য	এমবি	2
জন্য	এমবি	প্যাক	2
এমবি	প্যাক	কিনলে	2
প্যাক	কিনলে	এমবি	2
কিনলে	এমবি	এর	2
ভাই	আমি	নিজের	2
আমি	নিজের	৩	2
নিজের	৩	পোস্ট	2
৩	পোস্ট	করেছি	2
পোস্ট	করেছি	আমার	2
করেছি	আমার	পোস্ট	2
লিংক	দিচ্ছি	যেটাতে	2
দিচ্ছি	যেটাতে	সব	2
যেটাতে	সব	থেকে	2
থেকে	বেশি	ইনকাম	2
বেশি	ইনকাম	দেওয়ার	2
ইনকাম	দেওয়ার	চেষ্টা	2
দেওয়ার	চেষ্টা	কে	2
চেষ্টা	কে	বাংলাদেশ	2
এখনকার	মতো	আপকা	2
মতো	আপকা	সাইড	2
আপকা	সাইড	বানাবেন	2
আচ্ছা	পাসওয়ার্ড	যদি	2
পাসওয়ার্ড	যদি	কাউকে	2
যদি	কাউকে	দিয়ে	2
কাউকে	দিয়ে	দেই	2
দিয়ে	দেই	যদি	2
দেই	যদি	এফবিটা	2
যদি	এফবিটা	সিকিউরিটি	2
এফবিটা	সিকিউরিটি	অপশন	2
সিকিউরিটি	অপশন	থাকে	2
অপশন	থাকে	তাহলে	2
থাকে	তাহলে	এফবি	2
তাহলে	এফবি	ঢকা	2
এফবি	ঢকা	সম্ভব	2
ঢকা	সম্ভব	কিনা	2
সম্ভব	কিনা	ফোন	2
কিনা	ফোন	নাম্বার	2
ফোন	নাম্বার	কিন্তু	2
নাম্বার	কিন্তু	আমার	2
কিন্তু	আমার	কাছে	2
আমার	কাছে	থাকবে	2
কাছে	থাকবে	পাজি	2
থাকবে	পাজি	দোষী	2
পাজি	দোষী	প্লিজ	2
দোষী	প্লিজ	কেউ	2
কেউ	বলবেন	ধোকা	2
বলবেন	ধোকা	যাবে	2
ধোকা	যাবে	কিনা	2
আচ্ছা	লি	ভাই	2
ভাই	আমিতো	ক্লাস	2
আমিতো	ক্লাস	১০	2
ক্লাস	১০	দিনাজপুর	2
১০	দিনাজপুর	বোর্ড	2
দিনাজপুর	বোর্ড	না	2
রুট	ছাড়া	রম	2
ছাড়া	রম	ব্যাকাপ	2
রম	ব্যাকাপ	রাখতে	2
ব্যাকাপ	রাখতে	পারব	2
রাখতে	পারব	বাটন	2
পারব	বাটন	প্রেস	2
বাটন	প্রেস	করে	2
আপনাকেও	ধন্যবাদ	সুন্দর	2
সবগুলাই	টিপি	লিংক	2
টিপি	লিংক	ভাই	2
লিংক	ভাই	যতগুলা	2
ভাই	যতগুলা	পাইছি	2
যতগুলা	পাইছি	সব	2
পাইছি	সব	টিপি	2
সব	টিপি	লিংকই	2
টিপি	লিংকই	ছিল	2
অ্যাপ	ইন্সটল	করতে	2
করতে	পারছি	এ্	2
পারছি	এ্	অফ	2
এ্	অফ	নট	2
অফ	নট	ইনস্টলড	2
নট	ইনস্টলড	শো	2
ইনস্টলড	শো	করে	2
এই	জিমেইলে	দিয়েন	2
জিমেইলে	দিয়েন	যার	2
দিয়েন	যার	কাছে	2
যার	কাছে	আছে	2
কাছে	আছে	স্পেশালি	2
আছে	স্পেশালি	ইউজার	2
স্পেশালি	ইউজার	ভাইয়া	2
ব্যবহার	ঠিক	রাখ	2
ঠিক	রাখ	গরু	2
রাখ	গরু	কোথাকার	2
ব্রো	আমাকে	সিম্ফনি	2
আমাকে	সিম্ফনি	ডাবলু১৭	2
সিম্ফনি	ডাবলু১৭	বুট	2
ডাবলু১৭	বুট	আইএমজি	2
বুট	আইএমজি	ডাউনলোড	2
আইএমজি	ডাউনলোড	লিংকটা	2
থ্যাংকস	ব্রো	চলে	2
ব্রো	চলে	এন্ড	2
চলে	এন্ড	অনলি	2
এন্ড	অনলি	জিপি	2
অনলি	জিপি	সিম	2
জিপি	সিম	এন্ড	2
সিম	এন্ড	আমার	2
এন্ড	আমার	তিনটা	2
আমার	তিনটা	সিমের	2
তিনটা	সিমের	মধ্যে	2
সিমের	মধ্যে	২টা	2
মধ্যে	২টা	চলে	2
২টা	চলে	১টা	2
চলে	১টা	চলে	2
১টা	চলে	না	2
না	তাই	একটা	2
তাই	একটা	কথাই	2
একটা	কথাই	সবাইকে	2
কথাই	সবাইকে	বলে	2
সবাইকে	বলে	যাদের	2
বলে	যাদের	কানেক্ট	2
যাদের	কানেক্ট	হয়	2
না	তারা	অন্য	2
তারা	অন্য	জিপি	2
অন্য	জিপি	সিম	2
ট্রাই	করবেন	হবে	2
করবেন	হবে	১	2
হবে	১	ইয়ারের	2
১	ইয়ারের	মাঝে	2
ইয়ারের	মাঝে	কেনা	2
মাঝে	কেনা	হয়েছে	2
কেনা	হয়েছে	সেটাই	2
হয়েছে	সেটাই	কানেক্ট	2
সেটাই	কানেক্ট	হবে	2
৩	টাইম	স্পিন	2
অটোই	গানে	কথা	2
গানে	কথা	বসায়	2
কথা	বসায়	এক্সামপেল	2
বসায়	এক্সামপেল	এক্সক্লুসিভ	2
এক্সামপেল	এক্সক্লুসিভ	বাই	2
এক্সক্লুসিভ	বাই	বিডি	2
বাই	বিডি	মিউজিক২৪	2
বিডি	মিউজিক২৪	কম	2
আমার	মোবাইল	ভার্সন	2
মোবাইল	ভার্সন	নোগাট	2
ভার্সন	নোগাট	এক্সপ্রেসড	2
নোগাট	এক্সপ্রেসড	সাপোর্ট	2
এক্সপ্রেসড	সাপোর্ট	করে	2
করে	না	তাহলে	2
শর্টকাট	ফোল্ডারে	আছে	2
ফোল্ডারে	আছে	এটা	2
আছে	এটা	সমাধান	2
এটা	সমাধান	থাকলে	2
সমাধান	থাকলে	বলেন	2
আমাকে	কি	টিনার	2
কি	টিনার	বানানো	2
টিনার	বানানো	যায়	2
বানানো	যায়	না	2
যায়	না	অনেক	2
না	অনেক	আশা	2
অনেক	আশা	ট্রিক	2
আশা	ট্রিক	বিডিতে	2
ট্রিক	বিডিতে	কাজ	2
বিডিতে	কাজ	করার	2
কাজ	করার	যদি	2
করার	যদি	একটু	2
যদি	একটু	সুযোগ	2
একটু	সুযোগ	দিতেন	2
এই	সফটওয়্যার	আনইন্সটল	2
সফটওয়্যার	আনইন্সটল	করার	2
আনইন্সটল	করার	ওয়ে	2
ভাই	জাস্ট	১	2
১	মিনিট	৩২	2
মিনিট	৩২	সেকেন্ড	2
৩২	সেকেন্ড	কথা	2
৪২০	পোস্ট	ভাও	2
কয়	ভাই	এর	2
জন্য	আপনাকে	ডেভেলপার	2
আপনাকে	ডেভেলপার	কনসোল	2
ডেভেলপার	কনসোল	থেকে	2
কনসোল	থেকে	এপিআই	2
থেকে	এপিআই	কি	2
এপিআই	কি	নিতে	2
কি	নিতে	হবে	2
ইউ	টু	ব্রাদার	2
টু	ব্রাদার	সার্কেলএফটিপি	2
ব্রাদার	সার্কেলএফটিপি	আমার	2
সার্কেলএফটিপি	আমার	আগের	2
আমার	আগের	আইএসপিতে	2
আগের	আইএসপিতে	পেতো	2
আইএসপিতে	পেতো	নতুন	2
পেতো	নতুন	আইএসপিতে	2
নতুন	আইএসপিতে	এক্সেস	2
আইএসপিতে	এক্সেস	নেই	2
এক্সেস	নেই	সাইকেল	2
নেই	সাইকেল	টিপি	2
সাইকেল	টিপি	ওয়ান	2
টিপি	ওয়ান	অফ	2
ওয়ান	অফ	দি	2
অফ	দি	বেস্ট	2
ভাইয়া	ভিডিও	দেখলাম	2
ভিডিও	দেখলাম	প্লেতে	2
দেখলাম	প্লেতে	গিয়ে	2
প্লেতে	গিয়ে	বাট	2
গিয়ে	বাট	পয়েন্ট	2
বাট	পয়েন্ট	দো	2
পয়েন্ট	দো	পাইতেছি	2
দো	পাইতেছি	না	2
পাইতেছি	না	কিভাবে	2
না	কিভাবে	পাব	2
কিভাবে	পাব	ভিডিও	2
পাব	ভিডিও	দেখা	2
ভিডিও	দেখা	হলে	2
দেখা	হলে	কি	2
হলে	কি	কিছু	2
কি	কিছু	করতে	2
ভালবাসি	এম	রেকর্ড	2
এম	রেকর্ড	হয়	2
এফবিতে	মেসেজ	করুন	2
মেসেজ	করুন	হেল্প	2
করুন	হেল্প	করব	2
হ্যাঁ	এডসেন্স	ক্রিয়েট	2
এডসেন্স	ক্রিয়েট	করতে	2
ক্রিয়েট	করতে	ওয়েবসাইট	2
করতে	ওয়েবসাইট	লাগে	2
ওয়েবসাইট	লাগে	হ্যাঁ	2
লাগে	হ্যাঁ	আমি	2
হ্যাঁ	আমি	অ্যাপ	2
আমি	অ্যাপ	এ	2
অ্যাপ	এ	এডসেন্স	2
এ	এডসেন্স	এড	2
এডসেন্স	এড	করাতে	2
এড	করাতে	পারি	2
করাতে	পারি	না	2
না	ভাই	অনলি	2
ভাই	অনলি	ওয়েবসাইট	2
ভালো	একটা	টিপস	2
একটা	টিপস	দেখে	2
টিপস	দেখে	ভালো	2
আমার	একটা	এডু	2
একটা	এডু	ইমেইল	2
এডু	ইমেইল	লাগবে	2
ইমেইল	লাগবে	দিলে	2
লাগবে	দিলে	অনেক	2
অনেক	উপকৃত	হব	2
উপকৃত	হব	ইমেইল	2
ব্রো	দেখাচ্ছে	দিস	2
দেখাচ্ছে	দিস	অ্যাপ	2
দিস	অ্যাপ	নট	2
অ্যাপ	নট	এভেইলেবল	2
নট	এভেইলেবল	অন	2
এভেইলেবল	অন	ইওর	2
অন	ইওর	কান্ট্রি	2
ইউজ	করবো	কিনা	2
করবো	কিনা	ভাবতেছি	2
আপনি	এই	জন্য	2
এই	জন্য	রমটা	2
জন্য	রমটা	পোর্ট	2
রমটা	পোর্ট	খুলে	2
পোর্ট	খুলে	ডাইরেক্ট	2
খুলে	ডাইরেক্ট	ফ্ল্যাশ	2
ডাইরেক্ট	ফ্ল্যাশ	দিয়ে	2
ফ্ল্যাশ	দিয়ে	দেখতে	2
দেখতে	পারেন	রিকভারি	2
পারেন	রিকভারি	মোডে	2
রিকভারি	মোডে	যে	2
মোডে	যে	কোন	2
যে	কোন	কিছু	2
কোন	কিছু	করবেন	2
কিছু	করবেন	না	2
করবেন	না	ডিরেক্ট	2
না	ডিরেক্ট	ইনস্টল	2
ডিরেক্ট	ইনস্টল	জিভ	2
ইনস্টল	জিভ	ফ্রম	2
জিভ	ফ্রম	এসডি	2
ফ্রম	এসডি	কার্ডে	2
এসডি	কার্ডে	যে	2
কার্ডে	যে	রংটা	2
যে	রংটা	ফ্ল্যাশ	2
রংটা	ফ্ল্যাশ	দিয়ে	2
ফ্ল্যাশ	দিয়ে	দেখুন	2
পিসিতে	কিভাবে	করব	2
ভাই	খুলে	দেন	2
আমার	টেলিগ্রাম	ভাই	2
উই	ওয়ান্ট	টু	2
ওয়ান্ট	টু	লার্ন	2
টু	লার্ন	সো	2
লার্ন	সো	প্লিজ	2
ভিডিওসহ	দিলে	ভালো	2
ভাই	আমার	সি	2
আমার	সি	ডাব্লু	2
সি	ডাব্লু	এম	2
ডাব্লু	এম	টা	2
এম	টা	ওই	2
টা	ওই	অপশন	2
ওই	অপশন	নেই	2
অপশন	নেই	কিভাবে	2
নেই	কিভাবে	পাব	2
ডিরেক্ট	ডাউনলোড	পিঙ্ক	2
ডাউনলোড	পিঙ্ক	দিলে	2
পিঙ্ক	দিলে	ভালো	2
আমি	ওয়েলডি	মাক্সট্যান	2
ওয়েলডি	মাক্সট্যান	অ্যাটাকিং	2
মাক্সট্যান	অ্যাটাকিং	জনে	2
অ্যাটাকিং	জনে	আছি	2
রিপোর্ট	খাই	আর	2
খাই	আর	ইচ্ছা	2
আর	ইচ্ছা	না	2
না	থাকলে	পোস্টটা	2
থাকলে	পোস্টটা	ডিলিট	2
পোস্টটা	ডিলিট	করুন	2
কিছু	পোস্ট	হলেও	2
পোস্ট	হলেও	কাজে	2
হলেও	কাজে	লাগে	2
কাজে	লাগে	সেটা	2
লাগে	সেটা	বুঝলেই	2
সেটা	বুঝলেই	তো	2
বুঝলেই	তো	হইছিলই	2
তো	হইছিলই	ট্রিকবিডি	2
হইছিলই	ট্রিকবিডি	আর	2
ট্রিকবিডি	আর	ট্রিকবিডি	2
আর	ট্রিকবিডি	থাকত	2
ট্রিকবিডি	থাকত	না	2
থাকত	না	আরো	2
আরো	অনেক	ভাল	2
অনেক	ভাল	রেংকে	2
ভাল	রেংকে	থাকতো	2
ওয়েলকাম	ভাই	দোয়া	2
আমারতো	কোড	ডায়াল	2
করলে	কিছু	আসে	2
মেনি	থ্যাংকস	বাট	2
বাট	ভাইয়া	দুইটা	2
ভাইয়া	দুইটা	অ্যাকাউন্ট	2
দুইটা	অ্যাকাউন্ট	আর	2
অ্যাকাউন্ট	আর	বেশি	2
আর	বেশি	খুলতে	2
বেশি	খুলতে	পারছি	2
পারছি	না	আইপি	2
না	আইপি	ইস	2
আইপি	ইস	টেকেন	2
ইস	টেকেন	দেখায়	2
কেন	ফ্রি	বেসিস	2
ফ্রি	বেসিস	দিয়ে	2
বেসিস	দিয়ে	তো	2
দিয়ে	তো	ট্রিকবিডিতে	2
তো	ট্রিকবিডিতে	পোস্ট	2
ট্রিকবিডিতে	পোস্ট	করা	2
আপনি	যে	এক্সপ্লোর	2
যে	এক্সপ্লোর	নাম	2
এক্সপ্লোর	নাম	দেখেই	2
নাম	দেখেই	লাভ	2
দেখেই	লাভ	দিবেন	2
লাভ	দিবেন	তা	2
দিবেন	তা	তো	2
তা	তো	আর	2
আর	সবাই	জানে	2
জানে	না	আপনি	2
আপনি	যে	এক্সপ্লোরের	2
যে	এক্সপ্লোরের	কথা	2
এক্সপ্লোরের	কথা	এখানে	2
কথা	এখানে	ভাবতেছেন	2
এখানে	ভাবতেছেন	সেই	2
ভাবতেছেন	সেই	এক্সপ্লোর	2
সেই	এক্সপ্লোর	আমি	2
এক্সপ্লোর	আমি	আপলোড	2
আমি	আপলোড	দেই	2
আপলোড	দেই	নাই	2
দেই	নাই	আগে	2
নাই	আগে	ডাউনলোড	2
ডাউনলোড	করে	দেখুন	2
করে	দেখুন	তারপর	2
দেখুন	তারপর	বলুন	2
হাহাহা	মজা	পেলাম	2
মজা	পেলাম	আপনার	2
পেলাম	আপনার	কথা	2
কথা	শুনে	ধন্যবাদ	2
না	বুঝে	রিপোর্ট	2
বুঝে	রিপোর্ট	দেয়া	2
রিপোর্ট	দেয়া	বোকামির	2
দেয়া	বোকামির	কাজ	2
বোকামির	কাজ	ভাইয়া	2
ভাইয়া	আপনি	কিভাবে	2
আপনি	কিভাবে	পেমেন্ট	2
কিভাবে	পেমেন্ট	পাইলেন	2
পেমেন্ট	পাইলেন	কার্ড	2
পাইলেন	কার্ড	নাম্বার	2
কার্ড	নাম্বার	চায়	2
নাম্বার	চায়	রিপ্লাই	2
চায়	রিপ্লাই	দিয়েন	2
রিপ্লাই	দিয়েন	প্লিজ	2
যে	কেউ	পেমেন্ট	2
কেউ	পেমেন্ট	পাইছেন	2
পেমেন্ট	পাইছেন	বলেন	2
পাইছেন	বলেন	প্লিজ	2
যার	কারনে	হাশরের	2
কারনে	হাশরের	ময়দানে	2
হাশরের	ময়দানে	মানুষের	2
ময়দানে	মানুষের	জিন	2
মানুষের	জিন	থাকবে	2
জিন	থাকবে	এলিয়েন	2
নবীজি	আজরাইল	আঃ	2
আজরাইল	আঃ	কে	2
আঃ	কে	যাদের	2
হিসাব	নিতে	দেখেছিল	2
নিতে	দেখেছিল	তারা	2
দেখেছিল	তারা	মানুষ	2
পারে	না	নিশ্চয়ই	2
না	নিশ্চয়ই	সেটা	2
নিশ্চয়ই	সেটা	এলিয়েনদের	2
সেটা	এলিয়েনদের	তারমানে	2
এলিয়েনদের	তারমানে	নবীজির	2
তারমানে	নবীজির	মানব	2
অনেক	পরে	গিয়েছিল	2
করবেন	আমি	যে	2
আমি	যে	ট্রিকবিডি	2
যে	ট্রিকবিডি	একাউন্ট	2
ট্রিকবিডি	একাউন্ট	খেলছি	2
একাউন্ট	খেলছি	ওই	2
খেলছি	ওই	জিমেইল	2
ওই	জিমেইল	আইডিটা	2
জিমেইল	আইডিটা	আমি	2
আইডিটা	আমি	ডিলিট	2
ডিলিট	করছি	আবার	2
করছি	আবার	ওই	2
আবার	ওই	একই	2
ওই	একই	নাম্বার	2
একই	নাম্বার	দিয়ে	2
দিয়ে	আবার	আরেকটা	2
আবার	আরেকটা	জিমেইল	2
আরেকটা	জিমেইল	খুলছি	2
জিমেইল	খুলছি	এখন	2
খুলছি	এখন	আমার	2
এখন	আমার	ট্রিকবিডি	2
ট্রিকবিডি	একাউন্ট	ইউজার	2
একাউন্ট	ইউজার	নেম	2
ইউজার	নেম	এন্ড	2
নেম	এন্ড	পাসওয়ার্ড	2
এন্ড	পাসওয়ার্ড	আছে	2
পাসওয়ার্ড	আছে	আমি	2
আছে	আমি	জিমেইল	2
আমি	জিমেইল	টা	2
জিমেইল	টা	চেঞ্জ	2
টা	চেঞ্জ	করব	2
চেঞ্জ	করব	কিভাবে	2
আপনাদের	গ্রুপ	কি	2
গ্রুপ	কি	ট্রিকবিডি	2
ট্রিকবিডি	এর	পূর্বে	2
এর	পূর্বে	অন্য	2
পূর্বে	অন্য	কোন	2
কোন	সাইটে	এগুলো	2
সাইটে	এগুলো	শেয়ার	2
এগুলো	শেয়ার	করে	2
শেয়ার	করে	বা	2
করে	বা	আপনাদের	2
বা	আপনাদের	গ্রুপ	2
আপনাদের	গ্রুপ	আর	2
গ্রুপ	আর	কি	2
কি	কোন	সাইট	2
কোন	সাইট	আছে	2
সনি	ক্সপ্রেরিয়া	জেডআর	2
ক্সপ্রেরিয়া	জেডআর	কিভাবে	2
জেডআর	কিভাবে	রুট	2
রুট	করব	কিং	2
করব	কিং	রুট	2
রুট	দিয়ে	কাজ	2
দিয়ে	কাজ	কর	2
কাজ	কর	হয়	2
কর	হয়	না	2
আবার	আপনারটায়	হবে	2
আপনারটায়	হবে	কিনা	2
হবে	কিনা	জানিনা	2
কিনা	জানিনা	ট্রাই	2
জানিনা	ট্রাই	করুন	2
ট্রাই	করুন	ব্রো	2
করুন	ব্রো	হতেও	2
ব্রো	হতেও	পারে	2
ফ্ল্যাশ	গ্যাপস	মেবি	2
গ্যাপস	মেবি	ঠিক	2
মেবি	ঠিক	হবে	2
ওই	মিয়া	স্যামসাং	2
মিয়া	স্যামসাং	জে১	2
স্যামসাং	জে১	হয়	2
জে১	হয়	না	2
হুম	মিউজিক	কোয়ালিটি	2
মিউজিক	কোয়ালিটি	খারাপ	2
কোয়ালিটি	খারাপ	হলেও	2
খারাপ	হলেও	মোটামুটি	2
হলেও	মোটামুটি	কাজ	2
মোটামুটি	কাজ	হয়	2
হ্যাকিংয়ের	জন্য	বেশি	2
জন্য	বেশি	ব্যবহার	2
বেশি	ব্যবহার	হয়	2
ভাই	লসপল্লস	অ্যাকাউন্ট	2
লসপল্লস	অ্যাকাউন্ট	নিয়ে	2
অ্যাকাউন্ট	নিয়ে	পোস্ট	2
বুঝি	নাই	কথা	2
এই	অথর	একজন	2
অথর	একজন	প্রতারক	2
একজন	প্রতারক	নাইস	2
প্রতারক	নাইস	ইউটিউবে	2
নাইস	ইউটিউবে	সাপোর্ট	2
ইউটিউবে	সাপোর্ট	এর	2
সাপোর্ট	এর	স্ক্যাম	2
এর	স্ক্যাম	করে	2
জন্য	অনেক	কাজের	2
ভাই	ছবিটা	কি	2
ছবিটা	কি	পড়া	2
কি	পড়া	মন	2
পড়া	মন	ছবিটার	2
মন	ছবিটার	মতো	2
ছবিটার	মতো	আবেগী	2
ধন্যবাদ	ভালো	কমেন্ট	2
ভালো	কমেন্ট	করার	2
মাত্র	৬	টাকায়	2
৬	টাকায়	১	2
জিবি	নিলাম	মেয়াদ	2
নিলাম	মেয়াদ	৭	2
ভাই	হ্যাক	এর	2
হ্যাক	এর	জন্য	2
এর	জন্য	এত	2
জন্য	এত	নাম্বার	2
এত	নাম্বার	পাব	2
নাম্বার	পাব	কোথায়	2
ক্লিক	পেড	অ্যাপ	2
পেড	অ্যাপ	এটা	2
দুইটা	লিংক	আছে	2
লিংক	আছে	কোনটা	2
আছে	কোনটা	ইউজ	2
কোনটা	ইউজ	করব	2
ব্রো	আমি	কালকে	2
আমি	কালকে	সন্ধ্যায়	2
কালকে	সন্ধ্যায়	কার্ড	2
সন্ধ্যায়	কার্ড	হাতে	2
কার্ড	হাতে	পেয়েছি	2
হাতে	পেয়েছি	৮	2
পেয়েছি	৮	তারিখ	2
৮	তারিখ	অর্ডার	2
তারিখ	অর্ডার	করেছিলাম	2
অর্ডার	করেছিলাম	দোয়া	2
করেছিলাম	দোয়া	করবেন	2
ডাউনলোড	লিংক	দিছেন	2
লিংক	দিছেন	ভার্সন	2
ভাই	বাট	রিকোয়েস্ট	2
বাট	রিকোয়েস্ট	দিছি	2
রিকোয়েস্ট	দিছি	কখন	2
দিছি	কখন	রেসপন্স	2
কখন	রেসপন্স	করবে	2
আরে	ভাই	যাওয়া	2
ভাই	যাওয়া	অ্যান্টিভাইরাস	2
যাওয়া	অ্যান্টিভাইরাস	কেন	2
অ্যান্টিভাইরাস	কেন	সফটওয়্যারটি	2
কেন	সফটওয়্যারটি	ডাউনলোড	2
সফটওয়্যারটি	ডাউনলোড	হয়	2
না	কোন	কিছু	2
কোন	কিছু	তো	2
কিছু	তো	ডাউনলোড	2
হয়	না	ডাউনলোড	2
না	ডাউনলোড	করলে	2
ডাউনলোড	করলে	স্বপন	2
করলে	স্বপন	বিডি	2
স্বপন	বিডি	জি	2
বিডি	জি	এ	2
জি	এ	টি	2
এ	টি	নিয়ে	2
টি	নিয়ে	যায়	2
নিয়ে	যায়	কেন	2
যায়	কেন	শালারা	2
কেন	শালারা	নিতে	2
শালারা	নিতে	চ্যাট	2
নিতে	চ্যাট	নাই	2
চ্যাট	নাই	মানুষের	2
নাই	মানুষের	চ্যাট	2
মানুষের	চ্যাট	দিয়ে	2
চ্যাট	দিয়ে	প্রসব	2
দিয়ে	প্রসব	করিস	2
প্রসব	করিস	নাকি	2
আসলে	ভাই	যে	2
ভাই	যে	যেমন	2
যে	যেমন	তার	2
যেমন	তার	চিন্তা	2
তার	চিন্তা	ভাবনা	2
চিন্তা	ভাবনা	ঐরকম	2
ভাবনা	ঐরকম	কিছু	2
ঐরকম	কিছু	করার	2
করার	নাই	পোস্ট	2
নাই	পোস্ট	ভালো	2
ভালো	না	লাগলেই	2
না	লাগলেই	পট	2
লাগলেই	পট	দেয়া	2
পট	দেয়া	লিভ	2
দেয়া	লিভ	নেন	2
লিভ	নেন	টাটা	2
আপ	অনলি	আপনার	2
অনলি	আপনার	এই	2
আপনার	এই	কাজ	2
এই	কাজ	করছে	2
করছে	না	আমার	2
খোজাই	তা	পাই	2
তা	পাই	না	2
পোস্টও	করে	শান্তি	2
করে	শান্তি	নাই	2
শান্তি	নাই	এত	2
নাই	এত	কষ্টের	2
এত	কষ্টের	লেখা	2
কষ্টের	লেখা	কেউ	2
লেখা	কেউ	চুরি	2
কেউ	চুরি	করলে	2
চুরি	করলে	ট্রিকবিডি	2
করলে	ট্রিকবিডি	টিমকে	2
ট্রিকবিডি	টিমকে	কিছু	2
টিমকে	কিছু	করার	2
কিছু	করার	জন্য	2
জন্য	অনুরোধ	করা	2
থ্যাংকস	ব্রো	পি	2
ব্রো	পি	ভালই	2
ইউজার	ভাই	ট্রিকবিডিতে	2
ভাই	ট্রিকবিডিতে	মানসম্মত	2
ট্রিকবিডিতে	মানসম্মত	পোস্ট	2
কি	টাকা	দেয়	2
ওকে	ব্রো	ট্রিক	2
ব্রো	ট্রিক	ভিডিওর	2
ট্রিক	ভিডিওর	সাথে	2
ভিডিওর	সাথে	থাকুন	2
সাথে	থাকুন	আপনার	2
থাকুন	আপনার	ট্রিট	2
আপনার	ট্রিট	দেওয়ার	2
ট্রিট	দেওয়ার	চেষ্টা	2
স্টক	রম	ফ্লাস	2
রম	ফ্লাস	করতে	2
ফ্লাস	করতে	হবে	2
আপনার	টিজি	ইউজার	2
টিজি	ইউজার	নেম	2
সবার	একটা	কাজ	2
কাজ	করেন	আগে	2
করেন	আগে	ফ্লেক্সিপ্ল্যান	2
আগে	ফ্লেক্সিপ্ল্যান	থেকে	2
ফ্লেক্সিপ্ল্যান	থেকে	এক	2
থেকে	এক	মাসের	2
মাসের	জন্য	২০	2
২০	এমবি	কিনেন	2
এমবি	কিনেন	দেন	2
কিনেন	দেন	এই	2
দেন	এই	ট্রিক	2
ট্রিক	দিয়ে	এমবি	2
দিয়ে	এমবি	বাড়ান	2
এমবি	বাড়ান	দেখেন	2
বাড়ান	দেখেন	তো	2
দেখেন	তো	কখন	2
তো	কখন	কাজ	2
কখন	কাজ	হয়	2
কাছে	কি	আছে	2
এডমিন	সি	দিস	2
সি	দিস	ল্যাঙ্গুয়েজ	2
দিস	ল্যাঙ্গুয়েজ	আমি	2
ল্যাঙ্গুয়েজ	আমি	মুখটা	2
আমি	মুখটা	খারাপ	2
মুখটা	খারাপ	করলাম	2
ট্রপি	কি	বিকাশে	2
কি	বিকাশে	দেয়	2
অনেক	আগে	শিখেছি	2
মানে	একজন	মানুষ	2
একজন	মানুষ	একদিনে	2
মানুষ	একদিনে	কতক্ষণ	2
একদিনে	কতক্ষণ	ফোন	2
কতক্ষণ	ফোন	ইউজ	2
ফোন	ইউজ	করতে	2
ড্রইট	ভিপিএন	একাউন্ট	2
ভিপিএন	একাউন্ট	ছাড়া	2
একাউন্ট	ছাড়া	চালানো	2
ছাড়া	চালানো	যায়	2
ভাই	পাসওয়ার্ড	দিব	2
পাসওয়ার্ড	দিব	কিভাবে	2
আমার	সিওসি	তে	2
সিওসি	তে	লগইন	2
তে	লগইন	ফেইল	2
লগইন	ফেইল	আসতেছে	2
ফেইল	আসতেছে	বারবার	2
আসতেছে	বারবার	এখন	2
বারবার	এখন	কি	2
করব	আর	প্লেস্টোর	2
আর	প্লেস্টোর	থেকে	2
প্লেস্টোর	থেকে	সব	2
থেকে	সব	ফাইল	2
সব	ফাইল	ডাউনলোড	2
হয়	কিন্তু	ইন্সটল	2
কিন্তু	ইন্সটল	হয়	2
ভাই	পাবজি	লাইট	2
পাবজি	লাইট	সম্পর্কে	2
লাইট	সম্পর্কে	যদি	2
সম্পর্কে	যদি	একটা	2
কেউ	আমাকে	প্লিজ	2
হেল্প	করেন	পেপাল	2
করেন	পেপাল	একাউন্টে	2
পেপাল	একাউন্টে	রকেট	2
একাউন্টে	রকেট	একাউন্টে	2
রকেট	একাউন্টে	কিভাবে	2
একাউন্টে	কিভাবে	অ্যাড	2
কিভাবে	অ্যাড	করব	2
অ্যাড	করব	রকেট	2
করব	রকেট	অ্যাড	2
রকেট	অ্যাড	করার	2
অ্যাড	করার	সময়	2
করার	সময়	আইবিএম	2
সময়	আইবিএম	কোড	2
আইবিএম	কোড	চাই	2
কোড	চাই	আইবিএএম	2
চাই	আইবিএএম	কোডটা	2
আইবিএএম	কোডটা	কিভাবে	2
কোডটা	কিভাবে	পাব	2
কিভাবে	পাব	বা	2
পাব	বা	আইডিএম	2
বা	আইডিএম	কোড	2
আইডিএম	কোড	টা	2
কি	প্লিজ	বলেন	2
একটু	আগে	১	2
আগে	১	জিবি	2
অ্যাপস	টা	অনেক	2
অনেক	ভালো	থ্যাংকস	2
ভাই	আপনার	এমন	2
আপনার	এমন	অবস্থা	2
এমন	অবস্থা	হলো	2
অবস্থা	হলো	কেমনে	2
এরকম	একজনের	কিডনি	2
একজনের	কিডনি	নিয়ে	2
কিডনি	নিয়ে	নিচে	2
নিয়ে	নিচে	কুমিল্লার	2
থ্যাঙ্কস	ইউজার	ভাই	2
যদি	কাজ	করে	2
করে	তবে	দারুণ	2
তবে	দারুণ	পোস্ট	2
দেখি	একই	পোস্ট	2
পোস্ট	আর	কয়জন	2
আর	কয়জন	করে	2
রুট	বাদে	করা	2
বাদে	করা	গেলে	2
করা	গেলে	জানান	2
গেলে	জানান	প্লিজ	2
কানেকশন	অন	রেখেই	2
অন	রেখেই	করছি	2
ব্যাটা	আবার	অরিজিনাল	2
আবার	অরিজিনাল	হয়	2
অরিজিনাল	হয়	কেমনে	2
বাট	এটা	দিয়ে	2
এটা	দিয়ে	ফেসবুকে	2
দিয়ে	ফেসবুকে	টু	2
ফেসবুকে	টু	স্টেপ	2
স্টেপ	ভেরিফিকেশন	বাইপাস	2
ভেরিফিকেশন	বাইপাস	করা	2
বাইপাস	করা	যাবে	2
কল	বাট	আমার	2
আমার	ওয়াইফাই	আছে	2
ভাই	অনেক	অনলাইন	2
অনেক	অনলাইন	আর্নিং	2
অনলাইন	আর্নিং	পাইলাম	2
আর্নিং	পাইলাম	যার	2
পাইলাম	যার	কতগুলো	2
যার	কতগুলো	সরল	2
কতগুলো	সরল	করার	2
সরল	করার	আগেই	2
করার	আগেই	সমস্যা	2
আগেই	সমস্যা	আর	2
সমস্যা	আর	কিছু	2
আর	কিছু	সরোর	2
কিছু	সরোর	পর	2
সরোর	পর	সমস্যা	2
পর	সমস্যা	এখন	2
সমস্যা	এখন	ভাই	2
এখন	ভাই	রিয়েলি	2
ভাই	রিয়েলি	এটা	2
রিয়েলি	এটা	কি	2
কাজ	করে	তাহলে	2
করে	তাহলে	কাজটা	2
তাহলে	কাজটা	করতাম	2
৮০৭২৮৬১৩৫৬৩	ফ্লো	মি	2
ফ্লো	মি	ফ্লো	2
মি	ফ্লো	ব্ল্যাক	2
ফ্লো	ব্ল্যাক	করবো	2
ইউজার	ভাই	ট্রিক	2
ভাই	ট্রিক	টা	2
দিবেন	খুব	উপকৃত	2
উপকৃত	হতাম	তাহলে	2
ইমেইল	করেন	বলব	2
ওকে	ব্রো	মজা	2
ব্রো	মজা	পাইলাম	2
হুয়াওয়ে	কিভাবে	রুট	2
রুট	করব	হেল্প	2
করব	হেল্প	মি	2
লিংক	আপডেট	এখন	2
আপডেট	এখন	ডাউনলোড	2
নাইস	বাট	এটা	2
আবে	ধ্যাত	এটা	2
ধ্যাত	এটা	কোন	2
কোন	পোস্ট	হলো	2
পোস্ট	হলো	ফালতু	2
বের	করে	দিচ্ছে	2
করে	দিচ্ছে	কেন	2
দিচ্ছে	কেন	ভাইয়া	2
আমার	সাথে	এফবিতে	2
সাথে	এফবিতে	কন্টাক্ট	2
ভাইয়া	এডো	মেইল	2
এডো	মেইল	নিয়ে	2
মেইল	নিয়ে	ভিডিও	2
নিয়ে	ভিডিও	মেক	2
ভিডিও	মেক	করতেছি	2
মেক	করতেছি	একটু	2
করতেছি	একটু	কষ্ট	2
একটু	কষ্ট	করেন	2
কষ্ট	করেন	কালকে	2
করেন	কালকে	পেয়ে	2
কালকে	পেয়ে	যাবেন	2
পেয়ে	যাবেন	টিউটোরিয়াল	2
যাবেন	টিউটোরিয়াল	ইউটিউব	2
টিউটোরিয়াল	ইউটিউব	চ্যানেলে	2
ইউটিউব	চ্যানেলে	এন্ড	2
চ্যানেলে	এন্ড	ওয়েবসাইটে	2
ভাই	প্লিজ	ফ্রী	2
প্লিজ	ফ্রী	ফায়ার	2
ফ্রী	ফায়ার	খেলার	2
ফায়ার	খেলার	জন্য	2
খেলার	জন্য	কিছু	2
ভাই	পাইরয়েড	৩	2
পাইরয়েড	৩	এপ	2
৩	এপ	দিয়ে	2
করতে	হয়	এটা	2
ভাই	আর	একটু	2
করে	পোস্ট	লিখবেন	2
ইউজার	ওটা	তোমার	2
ওটা	তোমার	কাছে	2
তোমার	কাছে	হতে	2
কাছে	হতে	পারে	2
স্যার	একজন	ডেইলি	2
একজন	ডেইলি	ভিজিটর	2
ডেইলি	ভিজিটর	হিসেবে	2
ভিজিটর	হিসেবে	আমার	2
হিসেবে	আমার	মনে	2
মনে	হচ্ছে	ট্রিকবিডি	2
হচ্ছে	ট্রিকবিডি	অনেকটা	2
ট্রিকবিডি	অনেকটা	ঘুমিয়ে	2
অনেকটা	ঘুমিয়ে	গেছে	2
ঘুমিয়ে	গেছে	তাই	2
গেছে	তাই	এখন	2
তাই	এখন	যদি	2
এখন	যদি	একটি	2
যদি	একটি	ক্রিয়ান	2
একটি	ক্রিয়ান	ার	2
ক্রিয়ান	ার	কম্পিটিশন	2
ার	কম্পিটিশন	করা	2
কম্পিটিশন	করা	যায়	2
যায়	তাহলে	ভালো	2
ব্রো	তুমি	একটা	2
তুমি	একটা	গার্ডের	2
একটা	গার্ডের	তামিল	2
গার্ডের	তামিল	কি	2
তামিল	কি	প্লিজ	2
করে	পোস্টটা	বাইর	2
পোস্টটা	বাইর	করে	2
বাইর	করে	দেন	2
দেন	যে	কিভাবে	2
যে	কিভাবে	যে	2
কিভাবে	যে	কোন	2
যে	কোন	আইপি	2
কোন	আইপি	এড্রেস	2
আইপি	এড্রেস	পাব	2
এড্রেস	পাব	আর	2
পাব	আর	না	2
আর	না	পাইলে	2
না	পাইলে	তো	2
পাইলে	তো	আইপি	2
তো	আইপি	দিয়া	2
আইপি	দিয়া	সার্চ	2
দিয়া	সার্চ	দিতে	2
সার্চ	দিতে	পারব	2
লাস্টে	একটা	কথায়	2
একটা	কথায়	খালি	2
কথায়	খালি	বলবো	2
ভাই	কেপিএন	এর	2
এর	কনফিগ	দিয়েন	2
কনফিগ	দিয়েন	নিউ	2
দিয়েন	নিউ	এন্ড	2
নিউ	এন্ড	প্লিজ	2
এন্ড	প্লিজ	ওয়ার্কিং	2
প্লিজ	ওয়ার্কিং	কনফিগ	2
ওয়ার্কিং	কনফিগ	দিয়েন	2
৯	মিনিট	পর	2
পর	পর	নিতে	2
পর	নিতে	পারি	2
নিতে	পারি	বাট	2
পারি	বাট	১৫০	2
বাট	১৫০	একবারও	2
১৫০	একবারও	পাইনি	2
একবারও	পাইনি	আজ	2
পাইনি	আজ	পর্যন্ত	2
আজ	পর্যন্ত	আমাকে	2
পর্যন্ত	আমাকে	১বারে	2
আমাকে	১বারে	৯০	2
১বারে	৯০	পর্যন্ত	2
৯০	পর্যন্ত	দিয়েছে	2
এক	পোস্টার	কতবার	2
পোস্টার	কতবার	দিবেন	2
আর	অবশ্যই	ফোনের	2
অবশ্যই	ফোনের	ব্রাউজার	2
ফোনের	ব্রাউজার	বা	2
ব্রাউজার	বা	ক্রোম	2
বা	ক্রোম	থেকে	2
ক্রোম	থেকে	করুন	2
কয়েনবেস	থেকে	টাকা	2
টাকা	কিভাবে	উঠাবো	2
কিভাবে	উঠাবো	প্লিজ	2
উঠাবো	প্লিজ	একটু	2
প্লিজ	একটু	জানান	2
করি	আর	আপনি	2
আর	আপনি	১২	2
ভাই	এলজি	সিম্ফনি	2
এলজি	সিম্ফনি	কি	2
সিম্ফনি	কি	আমাদের	2
কি	আমাদের	দেশের	2
আমাদের	দেশের	ব্রান্ড	2
ইউজার	ব্রো	এ	2
ব্রো	এ	পি	2
পি	কে	টা	2
কে	টা	ইন্সটল	2
টা	ইন্সটল	হয়	2
না	কেন	আপ	2
কেন	আপ	নট	2
জন্য	কোন	টপিক	2
কোন	টপিক	না	2
টপিক	না	পেলে	2
না	পেলে	যা	2
পেলে	যা	হয়	2
ভাই	খালি	লাইন	2
খালি	লাইন	এক্স	2
লাইন	এক্স	ফোনে	2
এক্স	ফোনে	ইউজ	2
ইউজ	করতে	হলে	2
হলে	কি	ফোন	2
কি	ফোন	রুট	2
হবে	আমার	শাওমি	2
আমার	শাওমি	রেডমি	2
শাওমি	রেডমি	৪	2
রেডমি	৪	৪ক্স	2
৪	৪ক্স	ফোনে	2
৪ক্স	ফোনে	কি	2
ফোনে	কি	খালি	2
কি	খালি	লিনাক্স	2
যাবে	প্লিজ	খালি	2
প্লিজ	খালি	লিলাক্সের	2
খালি	লিলাক্সের	অ্যাপের	2
লিলাক্সের	অ্যাপের	লিংক	2
অ্যাপের	লিংক	টা	2
অনলাইন	ইনকাম	অ্যাপ	2
ইনকাম	অ্যাপ	যেটা	2
অ্যাপ	যেটা	শেয়ার	2
যেটা	শেয়ার	করছেন	2
শেয়ার	করছেন	ওইটায়	2
করছেন	ওইটায়	পেমেন্ট	2
ওইটায়	পেমেন্ট	করবে	2
এসব	বালের	নিউজ	2
বালের	নিউজ	ও	2
নিউজ	ও	ট্রিক	2
ও	ট্রিক	বিডিতে	2
ট্রিক	বিডিতে	দেখতে	2
বিডিতে	দেখতে	হবে	2
দেখতে	হবে	রিপোর্টেড	2
পোস্ট	করার	পরও	2
করার	পরও	টিনারশীপ	2
পরও	টিনারশীপ	দেয়	2
টিনারশীপ	দেয়	না	2
এয়ার	অফার	মি	2
অফার	মি	এখনও	2
মি	এখনও	আছে	2
পার্টনার	প্রোগ্রাম	দিয়ে	2
প্রোগ্রাম	দিয়ে	জয়েন	2
দিয়ে	জয়েন	করব	2
জয়েন	করব	কিভাবে	2
আমি	তিনবার	পেয়েছি	2
পেপাল	গুলো	সেল	2
সেল	করবো	কোথায়	2
ট্রাই	করলাম	আর	2
আর	কি	হয়	2
মিস	করি	সেই	2
করি	সেই	আগের	2
সেই	আগের	দিনগুলো	2
আগের	দিনগুলো	আপকা	2
দিনগুলো	আপকা	থেকে	2
আপকা	থেকে	ট্রিকবিডিতে	2
থেকে	ট্রিকবিডিতে	আছি	2
তোমাকে	আবার	অফার	2
আবার	অফার	করা	2
অফার	করা	হইছে	2
হইছে	বাট	তুমি	2
বাট	তুমি	বাদ	2
তুমি	বাদ	গেছিলা	2
বাদ	গেছিলা	আর	2
গেছিলা	আর	তোমার	2
আর	তোমার	রিয়েল	2
তোমার	রিয়েল	ফটো	2
রিয়েল	ফটো	কোনটা	2
ফটো	কোনটা	আগেরটা	2
কোনটা	আগেরটা	না	2
আগেরটা	না	এটা	2
এইচডি	না	ইউজ	2
না	ইউজ	করা	2
ইউজ	করা	হয়নি	2
করা	হয়নি	এটা	2
হয়নি	এটা	গুগলের	2
এটা	গুগলের	নিজস্ব	2
গুগলের	নিজস্ব	চিপ	2
একটি	ফোন	থেকে	2
ফোন	থেকে	অনেকগুলা	2
থেকে	অনেকগুলা	রেফারি	2
অনেকগুলা	রেফারি	করলে	2
রেফারি	করলে	টাকা	2
করলে	টাকা	এড	2
টাকা	এড	হবে	2
টি	উনার	এপ্লাই	2
উনার	এপ্লাই	কর	2
ফ্যানটা	কিন্তু	সেই	2
কিন্তু	সেই	হয়েছে	2
কিসের	বন্ধু	অবাক	2
বন্ধু	অবাক	করছে	2
অবাক	করছে	অফার	2
করছে	অফার	এতদিন	2
অফার	এতদিন	ধরেই	2
এতদিন	ধরেই	তো	2
ধরেই	তো	ডায়াল	2
তো	ডায়াল	করলেই	2
ডায়াল	করলেই	তো	2
করলেই	তো	দেয়	2
তো	দেয়	এটা	2
দেয়	এটা	পোস্ট	2
এটা	পোস্ট	করার	2
সবাইতো	আর	তোমার	2
আর	তোমার	মত	2
তোমার	মত	চালাক	2
মত	চালাক	না	2
অনলাইন	গেমের	জন্য	2
গেমের	জন্য	অন্য	2
জন্য	অন্য	যে	2
অন্য	যে	সফটওয়্যারটা	2
যে	সফটওয়্যারটা	আছে	2
সফটওয়্যারটা	আছে	ওই	2
আছে	ওই	দেন	2
ওই	দেন	প্লিজ	2
প্লিজ	আর	কিভাবে	2
আর	কিভাবে	হ্যাক	2
হ্যাক	করবো	তা	2
করবো	তা	টিপস	2
তা	টিপস	দিবেন	2
প্লিজ	ব্রো	সিওসি	2
ব্রো	সিওসি	গেমের	2
সিওসি	গেমের	হ্যাকিং	2
গেমের	হ্যাকিং	টিপস	2
হ্যাকিং	টিপস	দিবেন	2
তোমাদের	মত	ফালতু	2
মত	ফালতু	পোস্টারদের	2
ফালতু	পোস্টারদের	জন্যই	2
পোস্টারদের	জন্যই	ট্রিকবিডি	2
জন্যই	ট্রিকবিডি	এর	2
ট্রিকবিডি	এর	আজ	2
এর	আজ	এই	2
আজ	এই	দশা	2
স্কিটো	সিমে	রিচার্জ	2
সিমে	রিচার্জ	দিয়েসলিন	2
অনেক	ভালো	অন্য	2
ভালো	অন্য	রমের	2
অন্য	রমের	চেয়ে	2
আবার	অ্যান্ড্রয়েড	কোন	2
অ্যান্ড্রয়েড	কোন	কোন	2
কোন	কোন	ভার্সনে	2
কোন	ভার্সনে	সাপোর্ট	2
করবে	আর	কোন	2
আর	কোন	কোনটায়	2
কোন	কোনটায়	করবে	2
কোনটায়	করবে	না	2
করবে	না	তাও	2
না	তাও	পোস্টে	2
তাও	পোস্টে	বলেন	2
পোস্টে	বলেন	নাই	2
হুম	চেক	করলাম	2
চেক	করলাম	আজকেও	2
করলাম	আজকেও	অনেক	2
আজকেও	অনেক	কমেন্ট	2
অনেক	কমেন্ট	করছে	2
কমেন্ট	করছে	আইডি	2
করছে	আইডি	একটিভ	2
আইডি	একটিভ	করে	2
একটিভ	করে	দেন	2
করে	দেন	কাজটা	2
দেন	কাজটা	ঠিক	2
কাজটা	ঠিক	করে	2
ঠিক	করে	নাই	2
ভালো	ছিল	চালিয়ে	2
ছিল	চালিয়ে	যান	2
ওয়েলকাম	ইউজার	ব্রাদার	2
আপনার	মত	খা	2
মত	খা	টি	2
খা	টি	পাবলিকের	2
টি	পাবলিকের	জন্য	2
এই	শালার	লাথি	2
শালার	লাথি	মাইরা	2
লাথি	মাইরা	বাইর	2
মাইরা	বাইর	করা	2
বাইর	করা	হোক	2
করা	হোক	শালা	2
হোক	শালা	বাটপার	2
শালা	বাটপার	ফকিন্নি	2
হেডলাইনের	সাথে	পোস্টের	2
একটু	ভেবে	দেখুন	2
ভেবে	দেখুন	আপনি	2
দেখুন	আপনি	একাই	2
আপনি	একাই	সাতটা	2
একাই	সাতটা	মেইল	2
সাতটা	মেইল	করেছেন	2
মেইল	করেছেন	তাহলে	2
করেছেন	তাহলে	তো	2
তাহলে	তো	মেইল	2
তো	মেইল	রিভিউ	2
মেইল	রিভিউ	করতে	2
বেশি	সময়	লাগবেই	2
একবার	হইত	পিক	2
হইত	পিক	খোলার	2
পিক	খোলার	চেষ্টা	2
খোলার	চেষ্টা	করবে	2
এক	অ্যাকাউন্ট	দিয়ে	2
অ্যাকাউন্ট	দিয়ে	ডেইলি	2
দিয়ে	ডেইলি	কত	2
কত	এমবি	ইউজ	2
এটা	স্পেসিআ	অফার	2
স্পেসিআ	অফার	অনলি	2
অফার	অনলি	ফর	2
অনলি	ফর	ইউ	2
হুম	আর	কিভাবে	2
আর	কিভাবে	মোট	2
কিভাবে	মোট	করার	2
মোট	করার	কোড	2
করার	কোড	বানায়	2
কোড	বানায়	এটা	2
বানায়	এটা	নিয়েও	2
এটা	নিয়েও	পোস্ট	2
নিয়েও	পোস্ট	চাই	2
হ্যাঁ	ভালো	আছি	2
মাইক্রোম্যাক্স	সি১	ভার্শন	2
সি১	ভার্শন	রুট	2
ভার্শন	রুট	হচ্ছে	2
প্লিজ	আমাকে	একবার	2
আমাকে	একবার	ওঠার	2
একবার	ওঠার	হবার	2
ওঠার	হবার	সুযোগ	2
হবার	সুযোগ	করে	2
৫১২	রেম	চালবো	2
সিসি	এর	লিংক	2
ইউজার	ভাই	৩টা	2
ভাই	৩টা	ভালো	2
পোস্ট	করছি	টিউনার	2
করছি	টিউনার	করেন	2
করেন	পোস্ট	দেখলে	2
পোস্ট	দেখলে	বুঝতে	2
বুঝতে	পারবেন	কেমন	2
গভমেন্ট	অফিসার	সাইট	2
অফিসার	সাইট	আছে	2
সাইট	আছে	এটার	2
আছে	এটার	জন্য	2
এটার	জন্য	এই	2
জন্য	এই	এপিকে	2
এই	এপিকে	মেবি	2
এপিকে	মেবি	সেখান	2
মেবি	সেখান	থেকে	2
সেখান	থেকে	ডাটা	2
থেকে	ডাটা	নিয়ে	2
ডাটা	নিয়ে	করেছে	2
নিয়ে	করেছে	ওর	2
করেছে	ওর	সেই	2
ওর	সেই	সার্ভারের	2
সেই	সার্ভারের	ডাটা	2
সার্ভারের	ডাটা	ইউজ	2
ডাটা	ইউজ	করছে	2
আপনি	টিউনার	কম্পিটিশন	2
টিউনার	কম্পিটিশন	বানাইতেছেন	2
কম্পিটিশন	বানাইতেছেন	আর	2
বানাইতেছেন	আর	আম্মারে	2
আর	আম্মারে	এটবারও	2
আম্মারে	এটবারও	জানালেন	2
এটবারও	জানালেন	না	2
জানালেন	না	আমায়	2
না	আমায়	ভুইলা	2
আমায়	ভুইলা	গেছেন	2
স্পটিফাই	কি	ভাই	2
আপনি	হয়তো	আগে	2
হয়তো	আগে	থেকেই	2
থেকেই	জানে	তাই	2
জানে	তাই	খারাপ	2
তাই	খারাপ	লাগতেই	2
খারাপ	লাগতেই	পারে	2
আমার	হ্যান্ডসেট	হল	2
হ্যান্ডসেট	হল	হুয়াওয়ে	2
করেন	আমি	অনেকদিন	2
অনেকদিন	ধরে	একটা	2
ধরে	একটা	সমস্যায়	2
একটা	সমস্যায়	ভুগছি	2
সমস্যায়	ভুগছি	আমি	2
ভুগছি	আমি	পিসিতে	2
আমি	পিসিতে	জিপি	2
পিসিতে	জিপি	মডেম	2
মডেম	দিয়ে	নেট	2
দিয়ে	নেট	চালাই	2
নেট	চালাই	কয়েকদিন	2
চালাই	কয়েকদিন	ধরে	2
কয়েকদিন	ধরে	নেটওয়ার্ক	2
ধরে	নেটওয়ার্ক	কানেক্ট	2
নেটওয়ার্ক	কানেক্ট	হওয়া	2
কানেক্ট	হওয়া	সত্বেও	2
হওয়া	সত্বেও	ইন্টারনেট	2
সত্বেও	ইন্টারনেট	চলছে	2
ইন্টারনেট	চলছে	না	2
চলছে	না	নেটওয়ার্ক	2
না	নেটওয়ার্ক	ডি	2
নেটওয়ার্ক	ডি	এন	2
এন	এস	এরর্	2
এস	এরর্	দেখাচ্ছে	2
এরর্	দেখাচ্ছে	প্লিজ	2
দেখাচ্ছে	প্লিজ	প্লিজ	2
ভাই	সক্রিপ্টের	লিঙ্ক	2
সক্রিপ্টের	লিঙ্ক	ঠিক	2
ঠিক	করেন	আমার	2
করেন	আমার	খুব	2
খুব	দরকার	পোস্টটা	2
ইনশাআল্লাহ	একদিন	হবে	2
থ্যাংকস	এটাতে	কি	2
এত	কিছু	করলে	2
কিছু	করলে	মনে	2
করলে	মনে	মার্কস	2
মনে	মার্কস	নেওয়া	2
মার্কস	নেওয়া	যায়	2
ভাই	অ্যাপস	এর	2
অ্যাপস	এর	বিরে	2
এর	বিরে	কেউ	2
বিরে	কেউ	কথা	2
কেউ	কথা	বললে	2
কথা	বললে	কি	2
বললে	কি	লাইভে	2
কি	লাইভে	তা	2
লাইভে	তা	শোনা	2
তা	শোনা	যাবে	2
শোনা	যাবে	প্লিজ	2
প্লিজ	রিপ্লাই	বড়	2
রিপ্লাই	বড়	সমস্যায়	2
বড়	সমস্যায়	আছি	2
আসলে	আপনার	পোষ্টের	2
আপনার	পোষ্টের	চেয়েও	2
পোষ্টের	চেয়েও	অনেক	2
চেয়েও	অনেক	ভালো	2
ইউটিউব	এ	ডাউনলোড	2
এ	ডাউনলোড	নিয়ে	2
ভাই	কারো	কাছে	2
কারো	কাছে	ওয়ালটন	2
কাছে	ওয়ালটন	প্রিমো	2
ওয়ালটন	প্রিমো	জিএম	2
প্রিমো	জিএম	ললিপপ	2
জিএম	ললিপপ	রাম	2
ললিপপ	রাম	থাকলে	2
রাম	থাকলে	বলুন	2
থাকলে	বলুন	প্লিজ	2
বলুন	প্লিজ	খুব	2
ভাই	এক্সইপি	করেন	2
এক্সইপি	করেন	আর	2
আর	আমাকে	ইনবক্সে	2
আমাকে	ইনবক্সে	বলা	2
ইনবক্সে	বলা	যাবে	2
ফুল	পেমেন্ট	সহ	2
পেমেন্ট	সহ	আপডেট	2
সহ	আপডেট	হবে	2
আপডেট	হবে	দেন	2
হবে	দেন	পোস্ট	2
পোস্ট	করবেন	এর	2
করবেন	এর	আগে	2
এর	আগে	করিয়েন	2
আগে	করিয়েন	না	2
ওয়ার্কিং	ইন	সিম্বিয়ান	2
কপির	ফ্রম	জীবন	2
ফ্রম	জীবন	সমস্যার	2
সমস্যার	সমাধান	ইউজার	2
ভাইয়া	আপনি	আমাকে	2
আপনি	আমাকে	ফেসবুকে	2
আমাকে	ফেসবুকে	ইনবক্স	2
ফেসবুকে	ইনবক্স	করুন	2
ইনবক্স	করুন	এখানে	2
করুন	এখানে	এত	2
এখানে	এত	বলা	2
এত	বলা	সম্ভব	2
বলা	সম্ভব	না	2
ভাই	আমাকে	এমটিকে	2
আমাকে	এমটিকে	৬৫৯২	2
এমটিকে	৬৫৯২	ওএস	2
৬৫৯২	ওএস	আপটু	2
ওএস	আপটু	এর	2
আপটু	এর	একটি	2
এর	একটি	পিওর	2
একটি	পিওর	নোগাট	2
পিওর	নোগাট	কাস্টম	2
নোগাট	কাস্টম	রম	2
জন্য	ইউজ	করা	2
ব্রো	আপনার	মতামতের	2
তেমন	ভালো	না	2
যে	আপনি	এই	2
ভালো	করে	বুঝে	2
ইউজার	তোমার	এফবি	2
ট্রাই	কইরা	দেখতে	2
কইরা	দেখতে	পারেন	2
কি	দরকার	আমি	2
সার্চ	দিলেই	তো	2
বন্ধ	সিম	আর	2
ওয়াও	নাইস	পোস্ট	2
আপনি	যে	বললেন	2
খুব	ভালো	করে	2
হয়ে	গেল	কোন	2
আপনি	এই	সাইট	2
কি	বলদ	নাকি	2
টাকায়	৬০	এমবি	2
কি	২৪	ঘন্টা	2
ভাই	রানা	ভাই	2
ভালো	হয়ে	যান	2
আমার	কাছে	তো	2
সো	মাচ	ভাই	2
গুড	পোস্ট	থ্যাঙ্কস	2
ভালো	কিছু	পেলাম	2
আমার	তো	পিসি	2
তাহলে	আমি	কিভাবে	2
ডাউনলোড	লিংক	কোথায়	2
চালু	করতে	হয়	2
অন্য	কাজ	করা	2
হুম	ভাই	আমার	2
হাই	ইউজার	ভাই	2
ইউজার	ভাই	ভালো	2
ভাই	আমি	ভিডিও	2
অনেক	আগেই	জানতাম	2
পোস্ট	করি	বাট	2
অ্যাপ্রুভ	করে	না	2
আমি	ট্রিকবিডি	অথর	2
আছে	বাট	সব	2
বাট	পিসি	নাই	2
স্ক্রিন	রেকর্ড	এর	2
এটা	কি	পোস্ট	2
কোড	ইউজ	করছেন	2
আইডি	খুলে	দিবেন	2
করে	তারা	সবাই	2
ড্রাইভ	লিংক	দিবেন	2
এটা	প্লে	স্টোরে	2
পোস্টের	লিংক	দেন	2
ফর	ইওর	কাইন্ড	2
ইওর	কাইন্ড	ইনফরমেশন	2
রিফান্ড	দেওয়া	হয়	2
বাট	ইট	ইস	2
পোষ্ট	তাই	রিপোর্ট	2
বের	হয়	নাই	2
প্লিজ	আমার	পোষ্ট	2
ট্রিকবিডি	তে	পোষ্ট	2
আপনি	আপনার	চিপসেট	2
আপনার	চিপসেট	অনুযায়ী	2
পোর্ট	করে	নিন	2
এই	তার	জন্য	2
তার	জন্য	কী	2
লাগবে	নাকি	এই	2
করলে	তো	সেটা	2
এর	সাথে	তুলনা	2
এর	সাথে	থাকেন	2
ডেমো	দিলে	ভালো	2
ভাই	থ্যাংক	ইউ	2
গেম	হ্যাক	করে	2
অনেক	আগে	এ	2
অনেক	আগে	করসি	2
কাস্টম	রিকভারি	তে	2
ফাইল	শো	করেনা	2
পেলে	অবশ্যই	জানাবো	2
বলেছি	থ্যাংক	ইউ	2
আপনি	পোষ্ট	টা	2
ফোন	এ	কিসু	2
দিন	ওয়েট	করতে	2
চালু	করে	দিতে	2
বার	বার	এক	2
দিয়ে	কেমনে	চালামু	2
অ্যাড	করা	যাবে	2
আমার	হেল্প	লাগবে	2
হেল্প	লাগবে	আমি	2
করতে	চাই	কিন্তু	2
চাই	কিন্তু	পারছি	2
আপনার	ফোন	আর	2
কি	আপনার	কাসে	2
১১	টা	পোষ্ট	2
করুন	ট্রিকবিডি	তে	2
করে	সে	কিন্তু	2
করতে	টাকা	লাগবে	2
এফবি	আইডি	কিভাবে	2
নেক্সট	কবে	পাবো	2
দেন	প্লিজ	আমি	2
দেয়	না	তাহলে	2
তার	নাম	কি	2
কোনো	প্রয়োজন	নাই	2
শেষ	হয়ে	গেলে	2
গেলে	চলবে	না	2
ভাই	কি	হলো	2
আর	আমার	এই	2
এ	সব	ঠিক	2
পিক	শো	করছে	2
পয়েন্ট	গুলা	দিয়ে	2
কে	ভালো	কে	2
ভালো	কে	মন্দ	2
তো	সব	এ	2
রাসূলুল্লাহ	সাল্লাল্লাহু	আলাইহি	2
পোষ্ট	করার	কোনো	2
ভাই	আমার	স্যামসাঙ	2
আমার	স্যামসাঙ	ফোন	2
ফোন	আমার	ফোনের	2
আমার	ফোনের	জন্য	2
দিয়ে	রুট	করবো	2
রুট	করবো	বাট	2
বাট	হয়	নাই	2
এখন	কি	এই	2
ভালো	ভাবে	করার	2
আমার	এটা	তে	2
করতে	হলে	আপনাকে	2
তে	অ্যাড	করতে	2
সিস্টেম	তো	নাই	2
হয়	এইটা	নিয়ে	2
এইটা	নিয়ে	পোষ্ট	2
ভি৭৫	কিভাবে	রুট	2
রুট	করবো	ডিটেলস	2
রিপ্লাই	দেন	নাই	2
যদি	করি	তাহলে	2
একটিভ	করে	নিন	2
একটা	পোস্ট	করসিলাম	2
হয়	নি	প্লিজ	2
জিমেইল	এর	পাসওয়ার্ড	2
ফর	শেয়ারিং	ভালো	2
তো	কিভাবে	করবো	2
ওইটা	নিয়ে	পোস্ট	2
বাট	অনেক	কাজের	2
প্রিমিয়াম	দিতে	পারবেন	2
রুট	করলে	কোনো	2
প্রব্লেম	হয়	না	2
হয়	না	রুট	2
রুট	এর	কাজ	2
সব	ফোন	এই	2
হয়না	আমার	টা	2
টা	তো	আমার	2
টা	দেন	তাহলে	2
তাহলে	আপনি	আমাকে	2
টা	নিয়ে	আমি	2
করে	দেখেন	আর	2
এক	অথর	পোস্ট	2
টা	দেখতে	পারি	2
সাপোর্ট	করে	কিনা	2
চেষ্টা	করবো	থ্যাংকস	2
থ্যাংকস	ইওর	কমেন্ট	2
করতে	হবে	গুগল	2
গুগল	সার্চ	দিয়ে	2
জানতাম	না	তো	2
দিন	পর	পোস্ট	2
শেয়ার	করতে	পারতেসি	2
এ	পোস্ট	করা	2
জিমেইল	দিয়ে	করা	2
মেইল	দিয়ে	ক্রিয়েট	2
দিয়ে	ক্রিয়েট	করে	2
পাস	চেঞ্জ	করে	2
ভাই	পোস্ট	করে	2
করে	ইনকাম	করবো	2
ব্রো	তাহলে	আর	2
কোনো	রিভিউ	হয়নি	2
নিয়ে	যদি	পোস্ট	2
না	১	টা	2
আমি	একাউন্ট	করসি	2
এখন	ও	আসে	2
একটা	ওয়ে	আছে	2
মানুষ	মাত্রই	ভুল	2
একটা	হেল্প	দরকার	2
তে	পোস্ট	করলেই	2
ক্রিয়েট	করতে	পারছি	2
আনরুট	করতে	পারবেন	2
এপিকে	ফাইল	টা	2
ফাইল	টা	ওপেন	2
দিয়া	কি	করমু	2
এফবি	আইডি	খুলে	2
টাকায়	২০০	এমবি	2
ইওর	কমেন্ট	ব্রো	2
অনেক	বড়ো	হয়	2
দিতে	হবে	থ্যাংকস	2
কতবার	নেয়া	যাবে	2
অনেক	সুন্দর	হইছে	2
মি	প্লিজ	ভাই	2
প্লিজ	ভাই	আমি	2
আমি	কি	করে	2
বুটলোদের	আনলক	করবো	2
আমাকে	হেল্প	করে	2
প্লিজ	হেল্প	ভাই	2
আমি	কি	এই	2
যদি	পসিবল	হয়	2
পসিবল	হয়	তাহলে	2
বলার	জন্য	সরি	2
না	হলে	রিচার্জ	2
কার্ড	দিয়ে	রিচার্জ	2
কি	ফ্রি	চলবে	2
আছে	না	কি	2
আগেই	জানতাম	বাট	2
বাট	অনেকেই	জানেনা	2
কি	একটু	বুঝিয়ে	2
ফ্লেক্সি	করতে	পারবেন	2
এই	রম	পোর্ট	2
বেশি	ভালো	হবে	2
ভালো	হবে	ল্যাপটপ	2
হবে	ল্যাপটপ	না	2
ল্যাপটপ	না	কম্পিউটার	2
করার	অপশন	টা	2
আমি	ঠিক	করে	2
ঠিক	করে	দিসি	2
আমি	ও	অনেকবার	2
বাট	এমবি	না	2
টা	বেশি	মনে	2
দিয়ে	অনেক	গুলা	2
কাজ	না	করেই	2
হয়	নি	কারণ	2
খেয়াল	করি	নি	2
স্ক্রিনশট	গুলো	দেখুন	2
থেকে	কিনতে	পারেন	2
একসেপ্ট	করেন	না	2
ট্রিকবিডি	এর	নিয়ম	2
নিজের	সাইট	এ	2
আগের	পোস্ট	আমি	2
পোস্ট	আমি	আগে	2
আপনার	পোস্ট	সব	2
পোস্ট	সব	সময়	2
এ	ভালো	হয়	2
ভালো	হয়	আমার	2
পিসি	তে	ট্রাই	2
টাকা	দিয়ে	১০	2
দিয়ে	১	হওয়ার	2
ইচ্ছা	করলে	ট্রাই	2
কোনো	সমস্যা	হয়	2
আবার	আগের	অবস্থায়	2
প্লিজ	হেল্প	কারো	2
হেল্প	কারো	ভাই	2
পোস্ট	করেন	আমি	2
কি	করবো	বিকাশ	2
থেকে	টাকা	কাটে	2
বিজিবক্স	ইনস্টল	দেন	2
সরি	কিসু	মনে	2
মনে	কইরেন	না	2
এনআইডি	কার্ড	এর	2
নট	ইনস্টল	দেখায়	2
ওজু	করলে	ওজু	2
করলে	ওজু	হবে	2
ঠিক	আছে	এইটা	2
এপস	এর	থেকে	2
থাকলে	অনেক	ভালো	2
ডাটা	অপশন	টি	2
বাট	এফবি	তে	2
হওয়ার	সম্ভাবনা	নাইতো	2
করে	টাইম	চেঞ্জ	2
তাই	এই	পোস্ট	2
করলে	তো	ফোন	2
এ	বুজলাম	না	2
ইউজ	করি	কই	2
ফিক্স	করা	হবে	2
কাস্টম	রম	ক্যাটাগরি	2
খুঁজে	বের	করেন	2
ফ্রি	তে	পাবেন	2
ব্রো	বুঝলাম	না	2
আমার	তো	লগইন	2
কি	করবো	কিভাবে	2
পড়তেসিলাম	এন্ড	অনেক	2
এন্ড	অনেক	আনন্দিত	2
কাল	পোস্ট	করবো	2
কোনো	মোড	ভার্সন	2
মোড	ভার্সন	থাকলে	2
ভার্সন	থাকলে	দেন	2
কি	কোনো	সমাধান	2
এর	একটা	রম	2
দিয়ার	জন্য	ধন্যবাদ	2
নেক্সট	পোস্ট	করবো	2
একটা	গেম	হ্যাক	2
আমার	২টা	পোস্ট	2
আমার	পোস্টগুলো	দেখেন	2
এই	যে	ভাই	2
আমি	কি	জানতে	2
তে	ভালো	গেম	2
ফালতু	পোস্ট	দেওয়ার	2
অন্য	কোথাও	গিয়ে	2
পোস্ট	এ	যে	2
ভুল	হবে	না	2
হয়	না	তাই	2
আমার	জন্য	দোয়া	2
জন্য	দোয়া	করবেন	2
দিবো	প্লিজ	হেল্প	2
ভাই	ডাউনলোড	তো	2
গেমিং	এর	জন্য	2
পাইজা	একাউন্ট	এর	2
ভাই	ওয়াপকা	ওয়াপকিজ	2
ওয়াপকা	ওয়াপকিজ	হবে	2
ওয়াপকিজ	হবে	এর	2
নাহ	এটা	বাংলা	2
এটা	বাংলা	পোস্ট	2
জানি	না	আমার	2
ফেইক	আইডি	দিয়া	2
আই	হোপ	ট্রিকবিডি	2
ইউজার	ভাইয়ার	পোস্ট	2
করার	পর	সেই	2
হয়	বাট	ইনস্টল	2
কিছুই	করা	যাবে	2
ভাই	ঠিক	করে	2
ঠিক	করে	দেয়া	2
মি	আমার	একটা	2
যদি	হেল্প	করতেন	2
থেকে	লেনদেন	করা	2
দেখি	কাজ	হয়	2
কিংরুট	ইউজ	করেন	2
লেভেল	এর	আইডি	2
এর	আইডি	ব্যান	2
কি	হলো	বুঝলাম	2
এটা	দিয়ে	ও	2
ভাই	বিডি	থেকে	2
আমি	জানি	এই	2
১	টা	ভালো	2
কথা	বলবেন	আশা	2
বলবেন	আশা	করি	2
পাবজি	ফ্রি	ফায়ার	2
আমি	ফাস্ট	ট্রিকবিডি	2
ট্রিকবিডি	টা	পোস্ট	2
একাউন্ট	করসি	এখন	2
এখন	অ্যাড	হওয়ার	2
হওয়ার	সম্ভাবনা	আসে	2
ভাই	এটা	এডিট	2
এডিট	করবো	কেমনে	2
১৫কে	দিয়া	কোয়াড	2
দিয়া	কোয়াড	কোর	2
এই	প্রাইস	এ	2
মনে	হয়	বন্ধ	2
হয়	বন্ধ	হয়ে	2
কষ্ট	করে	বলবেন	2
আপনি	যদি	ফ্রি	2
হয়	পারবেন	না	2
ঠিক	ভাবেই	করসি	2
আপনার	কি	ভার্সন	2
অন্য	আইডি	তে	2
ওপেন	করলে	এইটা	2
করলে	এইটা	আসছে	2
কি	করবো	১	2
ছিলাম	কিন্তু	কাজ	2
আপনি	কি	ফোন	2
কি	ফোন	ইউজ	2
এই	সব	ফ্রি	2
যদি	আমি	আমার	2
অন্য	জিমেইল	এ	2
করে	টা	হলে	2
টা	হলে	কি	2
হবে	না	কোনো	2
প্লেয়ার	রা	এই	2
রা	এই	গেম	2
এই	গেম	এ	2
অনেক	কষ্ট	করতে	2
এফআরপি	লক	হলে	2
লিখা	সার্চ	দেন	2
জানলে	প্লিজ	জানাবেন	2
কাজ	করবে	তাও	2
পোস্ট	ব্রো	বাট	2
না	কি	ভাবে	2
কিভাবে	বুঝলেন	এটা	2
কপি	পোস্ট	এই	2
আপনাদের	জন্যই	ট্রিকবিডি	2
অপশন	এ	ক্লিক	2
এ	ক্লিক	করুন	2
আছে	ক্লিক	করুন	2
দিয়ে	একাউন্ট	খুলুন	2
ভালো	করে	ফলো	2
না	আমি	আর	2
আর	কত	বার	2
না	প্লিস	হেল্প	2
এর	কোনো	কোর্স	2
এটা	ঠিক	হলো	2
ঠিক	হলো	না	2
নম্বর	টা	একটু	2
ইনস্টল	করে	নেন	2
থিম	কাজ	করেনা	2
এ	আর	আপনি	2
জায়গা	পান	না	2
পোস্ট	টা	যে	2
কমেন্ট	করি	নাই	2
যে	কোনো	এক	2
এ	এখন	ও	2
ট্রিক	টা	আর	2
টা	পোস্ট	করেন	2
তোমার	ফেইসবুক	আইডি	2
এ	ওয়াইফাই	কানেক্ট	2
তাহলে	কি	কোনো	2
কত	টাকা	পাবো	2
চাইতে	ভালো	হবে	2
আমার	আইডি	নেম	2
টাকা	তোলা	যাবে	2
অ্যাডমিন	এর	কাছে	2
আবোল	তাবোল	পোস্ট	2
এটা	ট্রিকবিডি	তে	2
সার্ভার	এ	প্রব	2
লিংক	ঠিক	দিতে	2
কোনো	ট্রিক	নাই	2
করা	হয়	প্লিজ	2
ফোন	এ	ডাটা	2
এই	আর	কি	2
প্রোফাইল	এ	দেখেন	2
বন্ধ	হয়ে	গেসে	2
হচ্ছে	না	এয়ারটেল	2
তে	মুভি	রিভিউ	2
এই	প্রসেস	এ	2
না	সবার	জন্য	2
স্পিড	কম	বাট	2
ট্রাই	করিনি	বাট	2
ফোন	কাজ	করে	2
করে	সব	ফোন	2
হয়	না	তাহলে	2
করতে	হয়	সেই	2
রুট	করলে	আর	2
করলে	আর	কোনো	2
আর	কোনো	প্রব্লেম	2
কোনো	প্রব্লেম	হবেনা	2
হবে	আর	আপনি	2
দিলে	কি	প্রব্লেম	2
ভাই	আপনার	একটা	2
অথর	না	হওয়ার	2
এমবি	দিয়ে	হবে	2
ভাই	একটি	হেল্প	2
এ	ইনস্টল	হয়	2
ভাই	এই	কোড	2
এই	কোড	কিভাবে	2
এটা	আমার	বানানো	2
তাই	আপনি	পোস্ট	2
পোস্ট	টা	দেয়ার	2
ভাই	আগের	পোস্ট	2
মন	খারাপ	কইরেন	2
খারাপ	কইরেন	না	2
কইরেন	না	ভাই	2
কষ্ট	পেয়ে	থাকলে	2
রিপ্লাই	পাই	নাই	2
না	বলে	অ্যাপ	2
ব্রো	আপনার	নাম্বার	2
ভাই	চলে	না	2
চলে	না	অনেক	2
অনেক	সাইট	এ	2
এ	করসি	বাট	2
আমায়	একটু	বলবেন	2
টা	ভালো	কিন্তু	2
অন্য	মোবাইল	এ	2
থেকে	ট্রাই	করসি	2
জানা	থাকে	প্লিজ	2
কিভাবে	ভাই	প্লিজ	2
স্ক্রিপ্ট	ইউজ	করলে	2
হয়	নি	আপনি	2
ঠিক	করে	নিবেন	2
আর	দরকার	নাই	2
করবে	না	আমি	2
ইউজারনেম	আর	পাসওয়ার্ড	2
ইনস্টল	করতে	পারছিনা	2
আগে	পোস্ট	করে	2
তো	অল	টাইম	2
করার	কোনো	চান্স	2
আপনি	চেক	করেন	2
একাউন্ট	কিভাবে	খুলে	2
আসে	নিজের	টা	2
এমবি	না	রাখাই	2
এই	কাজ	করতে	2
কাজ	করতে	চাইলে	2
করে	লাগে	তাই	2
যে	এসএমএস	এর	2
থ্যাংকস	ভাই	চলছে	2
আমার	ফোন	সাপোর্ট	2
সাপোর্ট	করেনা	আমার	2
টেক	রিলেটেড	সাইট	2
আগেই	পোস্ট	হইসে	2
এটা	কি	একবার	2
এইসব	বাল	ছাল	2
অন	করে	রাখলে	2
আর	এইটা	একই	2
আমি	মেসেজ	দিয়ে	2
মি	অথর	প্লিজ	2
এখন	ও	চলে	2
অ্যাডমিন	আমার	পোস্ট	2
আমার	পোস্ট	আর	2
না	আপনি	কপি	2
পোস্ট	দিবেন	না	2
কি	এখন	সফটের	2
এখন	সফটের	এর	2
সফটের	এর	মাধ্যমে	2
এর	মাধ্যমে	ব্যালান্স	2
মাধ্যমে	ব্যালান্স	চেক	2
ও	খেলতে	পারবেন	2
জায়গা	দখল	করবে	2
পারবেন	থ্যাংকস	ফর	2
গ্রামের	চাচাতো	ভাই	2
চাইতে	অনেক	বেটার	2
অ্যাডমিন	কে	খুঁজে	2
কে	খুঁজে	পাচ্ছি	2
ফোন	আর	জন্য	2
তাহলেই	তো	হয়	2
আমাকে	একটা	করে	2
একটা	করে	দেন	2
আপনি	একটু	দেখেন	2
অনেক	কিসু	জানলাম	2
পোস্ট	টা	কি	2
এর	মডেল	লিখে	2
ও	ষ্টার	জলসা	2
করলে	বেশি	ভালো	2
বেশি	ভালো	হত	2
ভাই	আমি	ব্রডব্যান্ড	2
আমার	আইডি	কার্ড	2
না	কেন	এতে	2
আশা	করি	বুঝেছেন	2
হয়	না	এন্ড	2
দিতে	পারবেন	থ্যাংকস	2
রিড	দা	পোস্ট	2
ঠিক	করেন	আর	2
এই	কোড	গুলা	2
কারণ	আপনি	তো	2
না	লাগে	তাহলে	2
১স্ট	পেজ	এ	2
পোস্ট	এর	সব	2
গুলা	দেন	প্লিজ	2
করেন	আপনার	ফোন	2
থেকে	ইনস্টল	দিয়ে	2
থাকবে	নাকি	এফবি	2
করতে	গেলে	প্রব্লেম	2
প্লিজ	ভাই	বলেন	2
ভাই	আমার	দুইটা	2
ওই	পোস্ট	এর	2
এর	সাথে	মিলিয়ে	2
লিংক	দিসি	সেখানে	2
নম্বর	দিয়ে	কি	2
কথা	বলছেন	ভাই	2
আইডি	বিক্রি	করবেন	2
হয়না	ভাই	অনেক	2
বার	ট্রাই	করসি	2
ভাই	আমি	এ	2
সাথে	কন্ট্রাক্ট	করতে	2
ভাই	আপনি	রবি	2
হয়ে	যাবে	আপনার	2
যাবে	আপনার	সাথে	2
দরকার	নাই	পোস্ট	2
ভালো	করে	বলেন	2
কি	কোনো	ব্যাংক	2
কোনো	ব্যাংক	একাউন্ট	2
করেছি	আপনার	পোস্ট	2
আপনার	জন্য	না	2
আবার	এডু	মেইল	2
কি	ভাবে	কথা	2
ভাবে	কথা	বলবো	2
পোস্ট	করে	তাঁদের	2
গুগল	সার্চ	দিয়া	2
না	কিন্তু	অনেক	2
কিন্তু	অনেক	কিছু	2
তে	অ্যাড	দিছি	2
রেফার	লিংক	ইউজ	2
এ	কি	এই	2
রম	কাজ	করবে	2
ব্রো	না	হলে	2
না	হলে	কোনো	2
আপনাকে	ও	থ্যাংকস	2
ইউজার	ব্রো	হেল্প	2
আমার	নিজের	লেখা	2
ভাই	একটু	ভালো	2
ভাইয়া	স্কাই	ভিপিএন	2
মাস্টার	কার্ড	পাওয়া	2
কার্ড	পাওয়া	যাবে	2
দিন	প্লিজ	আমার	2
কোনো	ভাবে	রুট	2
হচ্ছে	না	অনেক	2
ভাই	পোস্ট	টি	2
না	আর	অন্য	2
জিপ	ফাইল	দেওয়ার	2
টেলিগ্রাম	আইডি	ইউজার	2
গুলা	দেখুন	প্লিজ	2
আপনি	কি	বুঝাতে	2
করবো	ফোন	রুটেড	2
আমার	সব	ঠিক	2
দেখতে	পাবো	প্লিজ	2
করে	লাগবে	না	2
লিংক	এ	দেখেন	2
আনলক	করতে	পারবেন	2
বেশি	কিছু	জানিনা	2
না	ভাই	ট্রিকবিডি	2
হাজার	হাজার	টাকা	2
না	এটা	কিভাবে	2
নাকি	ভাই	প্লিজ	2
ব্রো	কাজ	করে	2
আসে	না	জাস্ট	2
আইডি	দিন	প্লিজ	2
সিওসি	এর	মতো	2
কিনে	দিতে	পারবেন	2
থেকে	লাভ	নাই	2
অপশন	পাই	না	2
দেন	যেটা	দিয়ে	2
ব্রো	এটা	অনেক	2
এ	তো	পেলাম	2
থেকে	ডাউনলোড	দাও	2
আইকন	টা	দিয়ে	2
কিটক্যাট	এর	জন্য	2
এর	জন্য	রম	2
সো	মাচ	ব্রো	2
কিনতে	কিনতে	ফকির	2
ভাই	পারলে	এই	2
ই৫৮	রুট	কিভাবে	2
কষ্ট	হয়	না	2
বাট	আমার	টায়	2
আমার	টায়	হয়	2
টায়	হয়	না	2
অথর	ভাই	দের	2
ভাই	দের	বলছি	2
ওয়ার্কিং	গুগল	ড্রাইভ	2
গুগল	ড্রাইভ	আপলোড	2
কি	বালের	পোস্ট	2
এর	কিছু	হবে	2
করলে	শো	করবে	2
নেক্সট	পার্ট	কবে	2
পার্ট	কবে	দিবেন	2
এইটা	কি	করে	2
রিমুভ	করে	দিতে	2
ওয়াও	সুন্দর	পোস্ট	2
পোস্ট	করে	তারা	2
করে	তারা	খুব	2
নাকি	অফ	হয়ে	2
অফার	কি	এখনো	2
অ্যাড	থাকতে	হবে	2
যাবে	কি	এই	2
কি	এই	অ্যাপ	2
এই	অ্যাপ	থেকে	2
বলেন	প্লিজ	খুব	2
এ	দিয়েছি	দেখেন	2
হবে	ভাই	তবে	2
স্পিড	ও	ভালো	2
ভাই	কি	ভাবে	2
কি	ভাবে	পে	2
টা	খুব	দরকার	2
আর	না	পেলে	2
প্লেস্টোর	এর	সব	2
পোস্ট	করসে	ভালো	2
করসে	ভালো	কথা	2
আপনার	প্রোফাইল	এ	2
এই	ট্রিক	সবাই	2
টেক্সট	এডিটর	দিয়ে	2
দেন	ঠিক	হয়ে	2
বিগিনার	দের	জন্য	2
হবে	একটু	বলবেন	2
পাসওয়ার্ড	টা	কি	2
আমি	এটা	নিজে	2
ডাউনলোড	অপশন	নাই	2
দিয়ে	সার্চ	করে	2
অনেক	ভালো	এর	2
লিংক	কাজ	করেনা	2
ওয়ার্ক	করবে	না	2
অফ	করতে	চাইলে	2
এখনো	কোনো	রেসপন্স	2
দিন	২	পয়েন্ট	2
২	পয়েন্ট	কালেক্ট	2
ব্রো	কি	ভাবে	2
লেখার	ভিতরে	লিংক	2
থেকে	টাকা	ইনকাম	2
করতে	পারেন	বা	2
ক্লিয়ার	করে	আবার	2
সিম	নাই	আমি	2
কমেন্ট	করে	পাশে	2
করে	পাশে	থাকার	2
গেম	টা	আমার	2
ইউজার	ব্রো	আমি	2
করবো	ভাই	প্লিজ	2
না	অন্য	কিছু	2
ট্রাই	সুন	ইউসি	2
সুন	ইউসি	এর	2
ইউসি	এর	দেওয়া	2
এর	দেওয়া	৪০০০টাকা	2
দেওয়া	৪০০০টাকা	টার্গেট	2
৪০০০টাকা	টার্গেট	যারা	2
টার্গেট	যারা	এখনো	2
যারা	এখনো	শুরু	2
তারা	১০৮২৪০৫	কোড	2
১০৮২৪০৫	কোড	দিয়ে	2
কোড	দিয়ে	শুরু	2
শুরু	করতে	মাত্র	2
সার্ভার	লিস্ট	আপডেট	2
নেট	ট্রিক	বের	2
চাইলে	ইউজ	করতে	2
সফটওয়্যার	থাকলে	দেন	2
এইটা	দিয়া	কি	2
কাজ	যারা	জানে	2
জানে	তাদের	জন্যে	2
আপনাকে	কিছু	করতে	2
কীভাবে	রুট	করবো	2
আমিও	খারাপ	পোস্ট	2
এ	উল্লেখ	করে	2
কিছু	হবে	নাহ	2
আমার	সাথে	কন্ট্রাক্ট	2
হ্যাক	নিয়ে	কিছু	2
টিউটোরিয়াল	চাই	ব্রো	2
কাজ	করতো	এখন	2
সুন্দর	একটা	অ্যাপ	2
পোস্ট	এ	অন্য	2
কি	কাজ	হচ্ছে	2
ঐ	লিঙ্ক	এ	2
এ	এই	অপশন	2
ইন্সটল	দিলে	কি	2
ইউজ	করে	দেখি	2
যদি	কোনো	পোস্ট	2
ভাই	আমার	জিপি	2
রবি	এন্ড	এয়ারটেল	2
ডাউনলোড	লিঙ্ক	ঠিক	2
এটা	দিয়ে	সব	2
সেটিং	করার	সিস্টেম	2
স্কিনশুট	দিলে	ভালো	2
দিতে	পারবেন	না	2
ব্লগার	ভাই	আমি	2
ইউটিউব	থেকে	পারডে	2
থেকে	পারডে	৪০০	2
পারডে	৪০০	টাকা	2
৪০০	টাকা	আর্ন	2
আর্ন	করতে	ইউ	2
করতে	ইউ	হেল্প	2
ঠিক	করার	কোনো	2
আমার	পোস্ট	গুলাও	2
প্লিজ	একবার	হলে	2
একবার	হলে	ও	2
আপনার	কাছে	আমার	2
অনেক	চেষ্টার	পর	2
সেই	একটা	মুভি	2
অনেকের	কাজে	লাগবে	2
হলে	আবার	ট্রাই	2
সব	পোস্ট	কপি	2
ভাই	আমার	মতো	2
দেখা	হয়	নাই	2
আমি	তো	কালকে	2
এখন	ইউজ	করে	2
হেল্প	লাগবে	প্লিজ	2
প্রথম	থেকে	শুরু	2
পোস্ট	টা	এপ্রুভ	2
ভাই	ভিপিএন	কানেক্ট	2
ভিপিএন	কানেক্ট	করলে	2
মাঝে	মধ্যে	অনেক	2
দারুণ	পোস্ট	থাংকস	2
লাগবে	নাকি	এমনি	2
ট্রাই	করতেছি	বাট	2
ভিপিএন	থেকে	বের	2
নাম্বার	দিতে	হবে	2
ভাই	আইফোন	এর	2
করে	প্লে	স্টোর	2
আপনি	জীবন	ও	2
জীবন	ও	পান	2
ও	পান	নাই	2
বানান	প্লিজ	আমার	2
আমার	পোস্ট	গুলি	2
পোস্ট	গুলি	রিভিউ	2
রিভিউ	দেন	প্লিজ	2
কিংগরুট	অ্যাপ	দিয়ে	2
ভিপিএন	টা	একটু	2
ভিপিএন	ইউজ	করেন	2
পাগল	ছাড়া	দুনিয়া	2
ছাড়া	দুনিয়া	চলে	2
নেট	ইউজ	করার	2
এফবি	তে	এফবি	2
এর	কাছে	থেকে	2
কাছে	থেকে	টাকা	2
কোড	কাজ	না	2
ভাই	আমার	হলো	2
ওয়াইফাই	হ্যাক	হয়না	2
এর	একটি	অংশ	2
করবো	তার	একটা	2
কাজ	এ	লাগে	2
আসে	নাই	কেনো	2
কাজ	হবে	ভাই	2
ইউ	ফর	দিস	2
ভাইয়া	এই	এমবি	2
ভাই	আমার	একটু	2
আমার	একটু	হেল্প	2
ভাই	এই	নাম্বার	2
কিছু	দেয়	না	2
সাইট	এর	কিছু	2
অফার	নিতে	পারবেন	2
কোথাও	পাওয়া	যাবে	2
এটা	তো	আমি	2
তো	আমি	অনেক	2
করলে	কাজ	হয়ে	2
করতে	পারছি	নাহ	2
সাপোর্ট	করবে	নাহ	2
প্যাক	দিয়ে	ইন্টারনেট	2
মিনিট	এর	মধ্যে	2
এর	মধ্যে	পাবো	2
ইনফিনিক্স	হট	১০এস	2
দেওয়া	কাস্টম	রোম	2
এটাও	কাজ	করে	2
হোস্টিং	এর	জন্য	2
হই	নাই	এখন	2
আপলোড	দিয়া	লিঙ্ক	2
থাকলে	দিয়েন	প্লিজ	2
এটা	সব	ভার্সন	2
এ	লট	ভাই	2
১০০	টাকা	পাইছি	2
মেনু	তে	ক্লিক	2
করলে	দেখতে	পাবেন	2
ফ্রি	ডাউনলোড	লিঙ্ক	2
কিছু	পেতে	হলে	2
দিয়ে	আবার	ট্রাই	2
এডিট	করতে	পারবেন	2
৫	ইয়ার	আগে	2
বিস্তারিত	লিখলে	ভালো	2
অ্যাপ	দিয়ে	ইউজ	2
কি	ডিলিট	করা	2
তে	আসেন	কথা	2
আসেন	কথা	আছে	2
আরে	ভাই	পোস্ট	2
কিন্তু	চলে	নাহ	2
ভালো	কাজ	করছেন	2
ডাউনলোড	করতে	চাইলে	2
যায়	না	তাই	2
টাকা	মেরে	দিসে	2
কিন্তু	আপনি	তো	2
একটা	লোগো	বানিয়ে	2
ভাই	স্কাই	ভিপিএন	2
এখন	ফ্রি	নেট	2
কাজ	করবো	বাট	2
করবো	বাট	এখন	2
এখন	আমার	এক্সাম	2
আমার	এক্সাম	চলছে	2
এক্সাম	চলছে	এক্সাম	2
চলছে	এক্সাম	শেষ	2
শেষ	হলে	আপনার	2
হলে	আপনার	সাথে	2
সাথে	কনটাক্ট	করবো	2
ডাউনলোড	দিলাম	আমার	2
আমার	আগে	ফ্রি	2
ফ্রি	নেট	চলতেছে	2
নেট	চলতেছে	না	2
সিম	দিয়ে	হবে	2
লোড	দিলাম	অপারেটর	2
দিলাম	অপারেটর	ফেইল	2
অপারেটর	ফেইল	আসলো	2
সিম্ফনি	এর	রিকভারি	2
মাই	এফবি	লিঙ্ক	2
ইয়ান্ডেক্স	ব্রাউজার	দিয়া	2
ব্রো	আমার	ফোনে	2
পাচ্ছি	না	বাট	2
না	বাট	আমি	2
আমি	ভিপিএন	ইউজ	2
থ্যাংকস	ভাই	আপনাদের	2
না	হলে	রিপোর্ট	2
দিয়ে	কি	যেকোনো	2
যেকোনো	নাম্বার	এ	2
হযরত	মুহাম্মদ	সা	2
থেকে	বিরত	রাখতে	2
থাকবে	না	তখন	2
ডিরেক্ট	ডাউনলোড	লিঙ্ক	2
কীভাবে	বের	করবো	2
ট্রিকবিডি	তে	এরকম	2
তে	এরকম	পোস্ট	2
রুট	ফোন	এ	2
আমার	এই	আইডি	2
দেখা	যায়	নাহ	2
না	হয়ে	পোস্ট	2
টা	থাকলে	দেন	2
তো	পোস্ট	করার	2
কোন	অ্যাপ	এর	2
এ	না	হলে	2
লিঙ্ক	টা	দাও	2
টা	দাও	তো	2
থেকে	ডাউনলোড	এ	2
এইটা	কোনো	ট্রিক	2
অ্যাপ	দিয়ে	করছেন	2
হয়েছে	বাট	কাজ	2
হচ্ছে	না	করবো	2
আপনি	পোর্ট	করতে	2
পেন্ডিং	দেখাচ্ছে	কেন	2
লিংকতো	কাজ	করে	2
না	যে	কপি	2
টা	পাওয়া	যাবে	2
রাও	পোস্ট	করতে	2
ফালতু	পোস্ট	এ	2
বানান	ভুল	আর	2
হবে	না	আই	2
ভাই	লিংক	গুলা	2
জেনে	রাখা	ভালো	2
ঠিক	করেন	নাই	2
অ্যান্ড্রয়েড	ফোন	দিয়ে	2
ফোন	দিয়ে	কী	2
ভাই	এটা	কী	2
সত্যি	কাজ	করবে	2
আপনার	কাছে	জানতে	2
পোস্ট	গুলোর	মধ্যে	2
হয়ে	গেলো	নাহ	2
নাই	মনে	হয়	2
ভাবে	রুট	কর	2
নষ্ট	করার	কি	2
নিয়ে	পোস্ট	করে	2
ঈদ	মোবারক	ব্রো	2
তো	পিসি	দিয়ে	2
সিস্টেম	অ্যাপ্স	আনইন্সটল	2
সুন্দর	পোস্ট	এর	2
জন্য	ফোন	রুট	2
বাবা	মা	এর	2
আর	বার	বার	2
পোস্ট	গো	এহেড	2
হয়	না	কাজ	2
আরে	ভাই	এসব	2
ডাউনলোড	করতে	পারিনি	2
ভাই	সব	পোস্ট	2
সেটা	কি	আপনি	2
কি	আপনি	জানেন	2
এর	নিচে	দেওয়া	2
এফবি	লিঙ্ক	প্লিজ	2
ভাই	এসব	ফালতু	2
ফালতু	পোস্ট	কেনো	2
করে	দিয়ে	কি	2
আপাতত	৮৯৩৭৫	ব্লকস	2
দিয়ে	এখানে	রিপ্লাই	2
এখানে	রিপ্লাই	দিতে	2
কাজ	হয়	নাকি	2
কপি	করেন	আবার	2
দেন	কেনো	আপনি	2
কে	ভয়	করেন	2
ডাটা	ক্লিয়ার	করেন	2
এটা	না	দিলে	2
ভাই	কে	মেইল	2
কয়েনবেস	থেকে	বিকাশ	2
না	হয়	টিউনার	2
একটা	লাইক	দিয়েন	2
টা	অনেক	দিন	2
কাজ	করছে	নাহ	2
এ	বিষয়	এ	2
এর	মাধ্যমে	নিতে	2
পোস্ট	ফলো	করতে	2
এর	লিঙ্ক	দেন	2
দিয়া	ট্রাই	করলাম	2
ভাই	অল	পার্ট	2
প্লিজ	অনেক	দরকার	2
এমবি	বেশি	হবে	2
বাট	কাজ	হয়নি	2
ফেসবুক	এ	রিপ্লাই	2
এ	রিপ্লাই	দেন	2
খুশি	মত	পিন	2
মত	পিন	দিন	2
উপরের	কমেন্ট	এ	2
ভাই	ভাই	কে	2
নিউ	একটা	একাউন্ট	2
সময়	কি	নেট	2
কি	নেট	লাগবে	2
নেট	লাগবে	নাকি	2
হয়	নাহ	তো	2
শেয়ার	করতে	পারবেন	2
ধন্যবাদ	ভাই	আর	2
আইডি	থেকে	কমেন্ট	2
এর	মেয়াদ	শেষ	2
বেশ	কিছুদিন	ধরে	2
আগে	ট্রিকবিডি	এর	2
টিউনার	বানাবেন	প্লিজ	2
নাহ	প্লিজ	হেল্প	2
৩০০	মিনিট	৩০	2
৩০	দিনের	জন্য	2
২	মুভি	টা	2
না	কেন	ট্রিকবিডি	2
আপনি	কি	কি	2
ডলার	দিয়ে	কি	2
পাগল	ছাগল	আর	2
ছাগল	আর	কে	2
এইটা	কি	কোনো	2
কোনো	সমাধান	থাকলে	2
ডাউনলোড	দিসি	বাট	2
পোস্ট	করবেন	তাছাড়া	2
করবেন	তাছাড়া	করবেন	2
তাছাড়া	করবেন	না	2
অন্য	কোন	ওয়েবসাইট	2
এডসেন্স	এর	এডস	2
এ	অনেক	পোস্ট	2
ইনকাম	করার	জন্য	2
১	টাকা	ইনকাম	2
করলেই	বুঝতে	পারবেন	2
এ	বিষয়	নিয়ে	2
পোস্ট	আমি	৩	2
করে	দেন	আর	2
সোর্স	কোড	টা	2
হলো	ট্রিকবিডি	এর	2
পুরো	পোস্ট	না	2
পোস্ট	না	পড়েই	2
এর	মা	কে	2
এ	দেখা	যাবে	2
এর	জন্য	সেটিংস	2
জন্য	সেটিংস	থেকে	2
এনাবল	করে	দিবেন	2
আমি	আমার	পোস্ট	2
অন্যদের	জানানোর	জন্য	2
ভাই	আপনার	নাম	2
ডিজাইন	টা	খুব	2
এ	ইউজ	করার	2
অলরেডি	পোস্ট	হইছে	2
তাইলে	কি	টাকা	2
করলে	কিছু	হবে	2
তাহলে	তো	এমবি	2
আপনি	কি	কয়েকটি	2
কি	কয়েকটি	ভালো	2
কয়েকটি	ভালো	ব্যাডমিন্টন	2
এর	মধ্যে	সব	2
ভাইয়া	এখনো	কি	2
কি	চালু	আছে	2
সিম	এ	চলবে	2
পোস্ট	এই	বলে	2
অনেক	এর	জীবন	2
নষ্ট	করে	দিতে	2
এমবি	মেয়াদ	বাড়ানোর	2
গুড	ক্যারি	অন	2
টা	পোস্ট	করেছিলাম	2
প্রবলেম	হওয়ার	কথা	2
কপি	করে	নিজের	2
জন্য	আলাদা	অ্যাপ	2
কি	দরকার	যে	2
নেট	এর	কথা	2
ইনকাম	করবো	কি	2
ভাই	ড্রাইভ	থেকে	2
আপনার	কি	মাথার	2
কি	মাথার	প্রবলেম	2
মাথার	প্রবলেম	আছে	2
প্রবলেম	আছে	ফাইল	2
আছে	ফাইল	ডাউনলোড	2
ডাউনলোড	করতে	আপনাকে	2
করতে	আপনাকে	রিকোয়েস্ট	2
আপনাকে	রিকোয়েস্ট	দেওয়াটার	2
রিকোয়েস্ট	দেওয়াটার	দরকার	2
দেওয়াটার	দরকার	কি	2
দরকার	কি	আছে	2
কি	আছে	বলুন	2
আছে	বলুন	তো	2
না	এমবি	দিয়ে	2
মোবাইল	ব্যাংক	একাউন্ট	2
১	টাকা	ও	2
বাট	আর	একটু	2
এর	টা	অনেক	2
কেউ	প্লিজ	হেল্প	2
প্লিজ	হেল্প	আমি	2
রিনিউ	করবো	কিভাবে	2
যে	লিংক	দিছেন	2
অন্য	জায়গা	থেকে	2
হ্যাক	করে	আনলিমিটেড	2
করবেন	আমি	আমার	2
এখন	আমি	আর	2
দিয়ে	কি	ওয়াইফাই	2
কি	ওয়াইফাই	চালানো	2
আমি	মুভি	এর	2
তুমি	তো	আরো	2
ভাবে	করতে	হবে	2
কি	প্রব্লেম	দেখায়	2
এই	শালা	একটা	2
কিছু	হেল্প	করতে	2
করেন	কেন	আপনাদের	2
এর	মেসেজ	এর	2
পোস্ট	করেন	কি	2
ভালো	করে	বুঝানোর	2
ট্রিকবিডি	তে	অথোর	2
ঠিক	করা	যায়	2
নাহলে	রিপোর্ট	খাবেন	2
সবাই	জানে	বাট	2
এ	পোস্ট	টা	2
ভাই	আবার	আগের	2
সাইন	ইন	করে	2
এ	ক্লিক	করছি	2
কোনটিতে	ক্লিক	করবো	2
সার্চ	ইন	গুগল	2
আছে	থাকলে	উপকার	2
ভালো	লিঙ্ক	দেন	2
আমি	জানি	আপনার	2
কি	বললেন	আমিও	2
বললেন	আমিও	কিছু	2
আমিও	কিছু	এড	2
মানে	এটা	বলতে	2
এটা	বলতে	পারতেন	2
বলতে	পারতেন	যে	2
পোস্ট	এর	ভিতর	2
টা	একটু	বলেন	2
একটা	ক্রিয়েট	করে	2
কাছে	ভালো	লাগছে	2
কিন্তু	আমার	এই	2
করতেছে	না	এখন	2
না	এখন	আমি	2
মোবাইল	এ	যে	2
দিয়ে	কি	করতে	2
পর	আর	কানেক্ট	2
ব্রো	একটু	বুঝিয়ে	2
করছি	কাজ	হয়	2
এড	ম্যানেজার	ডিজেবল	2
ভাই	এর	একটা	2
না	দোয়া	করে	2
আমার	পোস্ট	অ্যাপ্রুভ	2
অ্যাপ্রুভ	করার	অনুরোধ	2
থাকে	তাহলে	অবশ্যই	2
এ	একটা	মেসেজ	2
এর	সৌন্দর্য	নষ্ট	2
অনেক	গুলো	ফাইল	2
ক্লিক	করে	নিচে	2
তাহলে	হবে	না	2
হবে	না	অন্য	2
কোনো	কিছু	ডাউনলোড	2
এয়ারটেল	এ	কি	2
রা	কি	করবে	2
গুগল	একাউন্ট	রিমুভ	2
একাউন্ট	রিমুভ	করে	2
সিম	এ	কাজ	2
কি	চেঞ্জ	করতে	2
মুহাম্মদ	সাল্লাল্লাহু	আলাইহি	2
টা	ওপেন	করতে	2
একটা	একাউন্ট	খুলে	2
আছে	যা	এখানে	2
২০১৩	সাল	থেকে	2
না	মাঝে	মাঝে	2
লাগে	তার	পর	2
আইডি	খুললে	কি	2
৩	লিংক	ফুললি	2
লিংক	ফুললি	কাজ	2
ফুললি	কাজ	করে	2
আমি	নিজে	মাত্র	2
করবেন	না	ধন্যবাদ	2
আসে	কি	করব	2
ভাই	ফোন	এ	2
এ	কোনো	সমস্যা	2
চলে	না	যে	2
এর	স্ক্রিনশট	টা	2
এপিকে	টার	নাম	2
এর	ফাইল	এর	2
ফাইল	এর	লিংক	2
ক্রিয়েট	করে	দিতে	2
করবো	বুঝতেছি	না	2
কপি	পোস্ট	লিংক	2
বড়	ভাই	আমার	2
পিসি	দিয়ে	করেন	2
মেয়াদ	কি	ফ্লেক্সি	2
কি	ফ্লেক্সি	প্ল্যান	2
প্ল্যান	দিয়ে	বাড়ানো	2
দিয়ে	বাড়ানো	যাবে	2
টার	বেশি	পোস্ট	2
আপনি	ভুল	করছেন	2
বেস্ট	অ্যাপ	এখনো	2
অ্যাপ	এখনো	ইউজ	2
নোকিয়া	তে	হবে	2
সার্চ	দিলেই	পেয়ে	2
দিলেই	পেয়ে	যাবেন	2
এইভাবে	হয়	না	2
এই	কমেন্ট	টা	2
হইছে	বাট	আমি	2
এই	প্রাইজ	এ	2
কিছু	থাকলে	পোস্ট	2
এখন	আর	চলছে	2
কিছু	পোস্ট	করছি	2
করছি	একটু	দেখবেন	2
তে	কেমনে	করবো	2
করা	যায়	তা	2
ওকে	ভাই	ওয়েট	2
এটাই	আমার	কাছে	2
আমার	কাছে	খুব	2
কাছে	খুব	ভালো	2
সবাই	পোস্ট	এর	2
ব্যাটারি	ভালো	চার্জ	2
দিয়ে	কি	ফোনের	2
এ	কোনো	টাকা	2
জানা	থাকলে	প্লিজ	2
পোস্ট	এর	রিপ্লাই	2
না	বুঝতে	পারলে	2
বুঝতে	পারলে	ভিডিও	2
টা	দেখে	নিন	2
থেকে	কাজ	করছে	2
কয়টা	রেফার	লাগবে	2
কোনো	ফাইল	ডাউনলোড	2
ভাই	আমাকে	অথোর	2
আপনি	এক	কাজ	2
রিপ্লাই	দিবেন	না	2
ব্রো	বাট	অনেকেই	2
তাই	আমি	আজকে	2
আমি	আগে	করছি	2
করা	ঠিক	না	2
লিঙ্ক	দেওয়া	যাবে	2
কুইক	এডিট	অ্যাপ	2
একাউন্ট	খুলবো	কীভাবে	2
দিলে	একটু	ভালো	2
ভাই	ঠিক	বুঝলাম	2
বেশি	মনে	হচ্ছে	2
ইউজ	করতাম	এখন	2
একটা	ভিডিও	বানান	2
মানে	হলো	আপনাকে	2
ইন্সটল	এর	সময়	2
ভার্সন	ইউজ	করলে	2
করে	ট্রাই	করসি	2
সার্ভার	ইউজ	করলে	2
টাকা	দিয়ে	কিনে	2
পোস্ট	ফুল	ফলো	2
জিএফ	এর	আইডি	2
দেওয়া	উচিত	যাতে	2
ভাই	যদি	পারেন	2
পারছি	না	কিন্তু	2
পাবলিশড	করে	দেন	2
ফোন	এ	যদি	2
লোকেশন	শো	করবে	2
ট্রিকবিডি	তে	এ	2
পোস্ট	পাবলিশ	করলো	2
লগইন	না	করলে	2
আমার	তো	চলছে	2
চেয়ে	এটা	ভালো	2
কি	ভাবে	ইউটিউব	2
বুঝবো	কিভাবে	যে	2
টা	চেঞ্জ	করলে	2
এই	সাইট	টা	2
সাইট	টা	ও	2
তো	ডাউনলোড	হচ্ছে	2
ভাই	ললিপপ	এ	2
ভাই	আপনি	যা	2
পরে	কি	করবো	2
না	জানা	থাকলে	2
তখন	কি	করবেন	2
থ্যাংকস	ফোন	রুট	2
ইন্সটল	করতে	গেলে	2
কিন্তু	চলে	না	2
প্লিজ	দয়া	করে	2
অনেক	কষ্টে	পোস্ট	2
এফবি	তে	আমার	2
ট্রিকবিডি	এর	নাম	2
করেন	ব্রো	প্লিজ	2
করছে	না	আপনি	2
যে	কাজ	করে	2
এখন	কী	করলে	2
করতে	পারেন	আমি	2
হয়	না	কিছু	2
শাহ	আল্লাহ	কাল	2
করেছি	বাট	রিভিউ	2
নাইস	পোস্ট	শেয়ার	2
শেয়ার	করে	কিভাবে	2
ভাই	ডাউনলোড	কিভাবে	2
বুঝতেছি	না	ভাই	2
রুট	কেমনে	করবো	2
নেক্সট	টাইম	এ	2
এফবি	ইউজার	নেম	2
ডাউনলোড	করে	সব	2
সাবস্ক্রাইব	মাই	ইউটিউব	2
মাই	ইউটিউব	চ্যানেল	2
টা	চালু	করলে	2
ভাই	আমি	এখনো	2
ইউজ	করে	কাজ	2
ইউজার	ভাইয়া	পোস্ট	2
অনেক	মিস	করি	2
তামিল	মুভি	এর	2
কোন	ওয়েবসাইট	থেকে	2
ওয়েবসাইট	থেকে	ডাইনলোড	2
নেট	ইউজ	করছি	2
ই	আসে	না	2
না	দেওয়ার	জন্য	2
না	ইউজ	করাই	2
টা	ফলো	করুন	2
নিয়ে	একটা	ভিডিও	2
আমাকে	টিউনার	পোস্ট	2
১০	দিন	হলো	2
এখনো	কোনো	রিপ্লাই	2
জন্য	ট্রাই	করা	2
ট্রাই	করা	হইছে	2
থাকে	না	কেনো	2
তো	আপনি	কোন	2
ভাই	এর	কথা	2
ওই	নাম্বার	এ	2
কপি	পেস্ট	করে	2
না	ভেরি	স্যাড	2
আইডি	সেল	করা	2
আবার	নিউ	ভাবে	2
ডাউনলোড	করতে	পারিনা	2
কেমন	আছো	ভাইয়া	2
তো	কোন	ব্রাউজার	2
দিতে	চাও	তাহলে	2
বলি	নাই	যে	2
থেকে	ক্রোম	এর	2
এর	সেটিং	এ	2
আপনাকে	ফোন	এর	2
কিভাবে	পাওয়া	যাবে	2
সুন্দর	পোস্ট	তবে	2
আর	কি	আপনি	2
কমেন্ট	এ	লিংক	2
এ	লিংক	শেয়ার	2
লিংক	শেয়ার	করেন	2
এভাবে	কাজ	হয়	2
না	যাই	হোক	2
নেট	ক্যাটাগরি	তে	2
ডেস্কটপ	নাকি	মোবাইল	2
নিয়ে	অনেক	আগেই	2
ভাই	সিম্ফনি	এর	2
করে	দেখেন	ভাই	2
চেঞ্জ	করে	দিছে	2
নাম্বার	টা	দিয়ে	2
রবি	সিম	এর	2
করার	সময়	এই	2
এডস	এ	ক্লিক	2
যদি	মনে	করেন	2
মোবাইল	এ	ডুকিয়ে	2
অনেক	বার	করা	2
কাস্টম	রোম	দরকার	2
ট্রিকবিডি	এর	মানুষ	2
ভাই	এই	প্রথম	2
স্পিড	ভালো	পাবেন	2
এর	সেটিংস	এ	2
আমি	ব্যবহার	করি	2
করেন	অনেকের	উপকার	2
সব	অথর	দের	2
অথর	দের	পোস্ট	2
আশা	করি	না	2
প্লিজ	আমাকে	একটু	2
রকম	পোস্ট	আমি	2
ভাই	আমি	যে	2
ইনস্টল	করতে	গেলে	2
মিনিট	এ	কত	2
বলেন	নি	কেন	2
ডাব	আসে	নাই	2
আপনি	সবার	পোস্ট	2
সবার	পোস্ট	এ	2
আপনি	ভালো	ভাবে	2
ব্রো	ডাউনলোড	করার	2
জন্য	ভালো	ভালো	2
ভিডিও	তে	ভিউ	2
ভাইয়া	আপনাকে	এফবি	2
তে	মেসেজ	করছি	2
আপনার	বা	আপনার	2
কোনো	প্রবলেম	না	2
এটা	তো	লেটেস্ট	2
তো	লেটেস্ট	না	2
লেটেস্ট	না	আপনার	2
না	আপনার	টা	2
আপনার	টা	লেটেস্ট	2
টা	লেটেস্ট	হলো	2
তে	মেসেজ	দেন	2
প্লিজ	আমার	টিউনার	2
টিউনার	আইডি	ফিরিয়ে	2
ভাই	আমার	নাম	2
ভাই	আমাকে	আবার	2
আমাকে	আবার	টিউনার	2
আবার	টিউনার	করেন	2
টিউনার	করেন	ভাই	2
ই	বেশি	স্পিড	2
কিছু	ঠিক	আছে	2
তুলনায়	টাকা	অনেক	2
টাকা	অনেক	কম	2
কত	বার	দেখবো	2
এ	ভাই	আপনি	2
কিছু	হবে	নাতো	2
না	লোডিং	এ	2
আচ্ছা	এইটা	কি	2
এইটা	কি	এমবি	2
এ	এমবিপিএস	স্পিড	2
একটা	পোস্ট	শেয়ার	2
এর	সাথে	মিলতে	2
সাথে	মিলতে	হবে	2
আপনার	কথার	সাথে	2
যদি	কপি	পোস্ট	2
টা	পোস্ট	করবো	2
আর্নিং	পোস্ট	করুন	2
চেষ্টা	করলে	হবেন	2
বের	করার	কোনো	2
কত	খরচ	হবে	2
আপনি	এখনো	পোস্ট	2
পোস্ট	করেন	নাই	2
পে	এজ	গো	2
ট্র্যাক	করতে	পারবে	2
ইউজার	ভাইয়া	প্লিজ	2
পোস্ট	করলে	কালার	2
৪	টা	পোস্ট	2
ট্রিকবিডি	তে	স্ক্রিনশট	2
কাস্টম	রুম	এর	2
স্ক্রিন	এর	মাধ্যমে	2
এটা	দিয়ে	ইউজ	2
এর	প্রবলেম	হবে	2
করে	ট্রিকবিডি	এর	2
সব	তো	ঠিক	2
এ	তো	হচ্ছে	2
কিছু	দিয়ে	ট্রাই	2
করলাম	কিন্তু	কাজ	2
আমার	এক্সাম	চলতেছে	2
এক্সাম	চলতেছে	তাই	2
হবে	ইউজার	ভাই	2
ভিডিও	লিংক	দিলে	2
জানেন	আশা	করি	2
কি	ফ্রি	বেসিক	2
২	দিন	হলো	2
করবেন	ট্রিকবিডি	তে	2
পোস্ট	করতে	কিন্তু	2
মেয়াদ	বাড়ানোর	কোন	2
বাড়ানোর	কোন	ট্রিক	2
আমি	রিভিউ	দিবো	2
বাট	একটা	ভোট	2
একটা	ভোট	হয়ে	2
রিভিউ	চান	আমার	2
বলে	যান	আর	2
যান	আর	যারা	2
আর	যারা	না	2
যারা	না	চান	2
না	চান	তারা	2
চান	তারা	না	2
তারা	না	বলে	2
তো	হচ্ছে	ওয়েট	2
আপনাদের	গ্রুপ	এ	2
তো	সবার	আগে	2
এইটা	তো	অনেক	2
লেখা	আসে	কী	2
ভাই	মজা	করেন	2
যে	কেউ	করতে	2
কেউ	করতে	পারে	2
মনে	হয়	আপনারা	2
ক্যাটাগরি	তে	দেখেন	2
পোস্ট	আগেই	করা	2
আগেই	করা	হয়েছে	2
ভাই	আমার	ফোনে	2
অফ	করে	তারপর	2
নো	কমান্ড	লেখা	2
একটু	দয়া	করে	2
ভালো	ভাবে	বুঝতে	2
অ্যাপ	এর	রিভিউ	2
এখন	এটা	কিভাবে	2
ভালো	ভাবে	বুঝলাম	2
আপনার	কমেন্ট	পড়ে	2
যদি	কাইন্ডলি	একটা	2
কিনলে	ভালো	হবে	2
এ	অনেক	সময়	2
এর	মাধ্যমে	পেমেন্ট	2
সব	ঠিক	মতো	2
ব্রো	তোমার	স্ক্রিনশট	2
আপনার	রোম	টা	2
দিসি	বাট	এখন	2
পাইলাম	না	তো	2
সিম	এ	ট্রাই	2
এর	মতো	মজা	2
অন্য	কাজে	ইউজ	2
পারেন	না	পারলে	2
বাট	সাইজ	টা	2
সাইজ	টা	একটু	2
আসে	বাট	আমার	2
অফ	করে	আবার	2
পেমেন্ট	সিস্টেম	নিয়ে	2
করে	খেলা	যায়	2
থেকে	গুগল	প্লে	2
ভালো	ব্রাউজার	লাগবে	2
আর	যারা	নিজের	2
তাদের	ও	তো	2
ও	তো	ইনভ্যালিড	2
তো	ইনভ্যালিড	দেখায়	2
ইনভ্যালিড	দেখায়	ভাই	2
দেখায়	ভাই	এটার	2
এটার	জন্য	কী	2
আমি	চাই	আমি	2
টাকা	নেওয়া	যাবে	2
পোস্ট	টা	করতাম	2
করতে	পারেন	জাস্ট	2
এইটা	তো	জানি	2
সুন্দর	দিন	কাটাইতাম	2
পেমেন্ট	দিবে	না	2
আরে	ভাই	ওইটা	2
করেন	ইউজার	কে	2
হয়	আর	আপনি	2
এড	করে	দিতে	2
ভালো	পোস্ট	উপহার	2
এর	থেকেও	ভালো	2
সাইট	আপডেট	করা	2
কেউ	যদি	জানেন	2
যদি	জানেন	তাহলে	2
এ	অনেক	খুঁজেছি	2
অবশ্যই	পোস্ট	করবেন	2
প্রথম	আলো	তে	2
আর	ফ্রি	তে	2
ফ্রি	তে	ইউজ	2
তে	ইউজ	করা	2
এ	গিয়ে	দেখে	2
অনেক	ফোন	এ	2
তোদের	জন্য	ট্রিকবিডি	2
এর	মেয়াদ	কয়	2
একাউন্ট	নাই	আর	2
নাই	আর	কি	2
ফোন	ভেরিফাই	করতে	2
করে	দেখুন	হয়	2
টা	আপনার	না	2
এই	পোস্ট	টার	2
ফাইল	কোথায়	পাবো	2
রেডমি	নোট	১১	2
এটা	ইউজার	ভাই	2
ভাই	এর	এফবি	2
এর	এফবি	লিংক	2
তে	আপনার	নাম	2
আপনার	আগে	পোস্ট	2
সিম্ফনি	এইচ৪০০	রুট	2
মনে	হয়	পাগল	2
অস্থির	হইছে	বাট	2
আমার	মোবাইল	সিম্ফনি	2
ইজি	নেট	এক্টিভ	2
দিয়ে	ডাউনলোড	দিলে	2
ইউজ	করছি	ভালোই	2
না	হলে	অন্য	2
খুশি	হবো	থ্যাংকস	2
কোথা	থেকে	কপি	2
হোয়াট	এ	টাইটেল	2
জিপ	ফাইল	আনজিপ	2
করলে	কিচ্ছু	হবে	2
কিচ্ছু	হবে	না	2
ভাই	জিপ	ফাইল	2
উল্লেখ	করলে	ভালো	2
টা	প্লিজ	কেউ	2
এর	অবস্থা	খারাপ	2
এ	কি	কোনো	2
এক্সাম্পল	দিলে	ভালো	2
দিয়ে	খুব	সহজেই	2
কিভাবে	করবো	ব্রো	2
ব্রো	একটু	বলেন	2
এতো	দামি	ফোন	2
এর	নিউ	ভার্সন	2
কাজের	না	তাই	2
সাইট	লিংক	টা	2
হয়ে	গেছে	ব্রো	2
ভালো	ছিল	বাট	2
ভাই	এর	কোনো	2
মোটা	হইতে	চাই	2
হইতে	চাই	তাহলে	2
চাই	তাহলে	আমি	2
ট্রাই	না	তো	2
ভাইয়া	এইটা	কি	2
কি	হলো	এটা	2
ফোন	এ	টাকা	2
আমি	কোনো	কপি	2
কোনো	কপি	পোস্ট	2
করি	তাহলে	টিউনার	2
পোস্ট	এ	বলছেন	2
পোস্ট	এ	বলতে	2
ইউজ	করে	ব্যান	2
পাইলে	অবশ্যই	শেয়ার	2
আছে	কি	প্লিজ	2
টা	সেই	লাগছে	2
এটা	নিয়ে	৬	2
নিয়ে	৬	মান্থ	2
মান্থ	আগে	পোস্ট	2
পোস্ট	আছে	মিয়া	2
আছে	মিয়া	খবর	2
মিয়া	খবর	রাখেন	2
গ্রুপ	এফবি	তে	2
এফবি	তে	আপনার	2
দিয়ে	বের	করতে	2
বাট	এখন	চলছে	2
থ্যাংকস	ফর	সাপোর্ট	2
ভালো	আমি	ইউজ	2
পোস্ট	এ	এড	2
দিয়ে	কি	এফবি	2
ভিডিও	ডাউনলোড	করা	2
বানান	প্লিজ	আমি	2
পোস্ট	গুলো	অনেক	2
সার্চ	করে	দেখে	2
ভাই	অ্যাপ	তো	2
হয়	আমার	ফোন	2
কাইন্ডলি	ঠিক	করে	2
দিয়ে	এডিট	করা	2
নিজে	ইউজ	করে	2
সময়	পেলে	পোস্ট	2
যদি	অন্য	কোনো	2
ব্রো	হচ্ছে	না	2
কোন	সমাধান	আছে	2
আপনার	নাম	টা	2
আমি	যে	এই	2
অ্যাপ	ইউজ	করছি	2
বিষয়ে	হেল্প	লাগবে	2
এমবিপিএস	স্পিড	পাই	2
ব্রো	আপনি	কী	2
একটা	মিউজিক	প্লেয়ার	2
অ্যাপ্স	এর	লিংক	2
ভাই	একটু	বিস্তারিত	2
পোস্ট	ক্যারি	অন	2
এ	প্রব্লেম	হবে	2
স্ক্রিনশট	এ	তো	2
ভাই	এটা	এখন	2
রিভিউ	না	দিয়ে	2
ফোন	এর	রিভিউ	2
আমি	ঠিক	জানি	2
করতে	কি	কম্পিউটার	2
না	কি	করলে	2
একটু	কথা	বলা	2
অ্যাপ	টা	ব্যবহার	2
আপডেট	এ	ক্লিক	2
দেয়ার	পর	আপডেট	2
বেশি	ভালো	লাগে	2
টা	করার	জন্য	2
পোস্ট	করে	থাকেন	2
হাদিস	এর	রেফারেন্স	2
আপনার	পোস্ট	যদি	2
এই	এমবি	কি	2
হবে	নাকি	আলাদা	2
এর	এই	অবস্থা	2
ফ্রী	নেট	দিয়ে	2
চক্কর	পোস্ট	একটা	2
পোস্ট	একটা	করলেই	2
একটা	করলেই	এপ্রুভড	2
কোড	টা	তো	2
কাজ	হয়ে	গেছে	2
নিয়ে	কোন	পোস্ট	2
প্লেস্টোর	এর	লিংক	2
এর	লিংক	দিছি	2
লাইফ	টাইম	চলবে	2
বেসিক	লেভেল	থেকে	2
আমি	তো	বলেই	2
পোস্ট	করা	অফ	2
করা	অফ	করে	2
আমরা	তো	আর	2
দিলাম	বাট	কোন	2
লিমিট	কিভাবে	হ্যাক	2
জানি	থিম	ইনস্টল	2
ভাই	এই	রকম	2
ইউজ	করতে	পারে	2
করার	পর	কী	2
কী	করা	লাগবে	2
সাইটের	নাম	বলেন	2
ইউটিউব	এ	থাকতে	2
ভালো	অ্যাপস	এর	2
ব্রিক	হওয়ার	সম্ভাবনা	2
হওয়ার	সম্ভাবনা	নেই	2
সিম	এ	চলে	2
টাইটেল	ঠিক	করুন	2
না	তো	ব্রো	2
এ	কত	ক্রেডিট	2
এর	এমটিকে	যদি	2
পোর্ট	করে	নিবো	2
এখন	কাজ	হচ্ছে	2
না	কিছু	করেন	2
থ্যাংকস	ফর	হেল্প	2
কিভাবে	বানাবো	একটু	2
এই	অফার	বন্ধ	2
আর	মাস্টার	কার্ড	2
সাথে	সাথে	পেমেন্ট	2
সাথে	পেমেন্ট	দেয়	2
আমাকে	অথোর	করেন	2
থাকে	তাহলে	প্লিজ	2
গেম	আছে	যেটা	2
চাইলে	পোস্ট	করতে	2
লগ	ইন	করার	2
হয়	না	অনলি	2
পোস্ট	কিন্তু	আমি	2
কিন্তু	আমি	চাই	2
কোথা	থেকে	ডাউনলোড	2
থেকে	ডাউনলোড	করব	2
মিয়া	লিংক	কই	2
অনেক	পোস্ট	ও	2
ও	পাওয়া	যাবে	2
আগা	মাথা	কিছুই	2
মাথা	কিছুই	বুঝলাম	2
১০০	ভিউ	এ	2
অনেক	থ্যাংকস	শেয়ার	2
এটা	সব	সময়	2
আমাকে	একটা	মেইল	2
আই১০	রুট	করবো	2
করতে	হয়	ভাই	2
আমার	একটা	জিমেইল	2
মোবাইল	এ	জিমেইল	2
সেই	সাইট	এর	2
একটা	ভিপিএন	ইউজ	2
দেন	তাহলে	বিশ্বাস	2
ওওও	তাই	নাকি	2
জন্য	কোন	কোন	2
কোন	সাইট	ইউজ	2
সাইট	ইউজ	করা	2
এর	জন্য	যেকোনো	2
আর	কোন	কোন	2
কথা	ছিলো	এফবি	2
না	কেনো	প্লিজ	2
এ	করা	যায়	2
আমাদের	সাথে	থাকুন	2
এ	বিটকয়েন	এড্রেস	2
স্কুল	বাংলা	ইউটিউব	2
বাংলা	ইউটিউব	চ্যানেল	2
চ্যানেল	থেকে	কপি	2
কথা	বলিয়েন	না	2
ভাই	আমার	সালাম	2
তে	সাপোর্ট	করবে	2
করে	তারপর	পোস্ট	2
জেলি	বিন	এর	2
এ	কি	সব	2
এ	আপনার	পোস্ট	2
হয়ে	গেসে	কিন্তু	2
ট্রিকবিডি	এর	থিম	2
ভাই	ইজি	নেট	2
অ্যাপ	হ্যাক	করতে	2
অ্যাপ	এর	প্রব্লেম	2
গুগল	ক্রোম	এর	2
ক্রোম	এর	মত	2
প্রসেসর	এর	জন্য	2
সেখান	থেকে	ডাউনলোড	2
অ্যাপ	দিয়া	তো	2
বাইপাস	করার	উপায়	2
কপাল	ভালো	থাকলে	2
থ্যাংকস	ব্রো	আমার	2
হয়	না	সব	2
১০কে	ভিউ	লাগবে	2
এর	জন্য	আবেদন	2
এড্রেস	কি	১টাই	2
হয়	এই	সম্পর্কে	2
একটা	ফুল	পোস্ট	2
ফুল	পোস্ট	করেন	2
আবাল	দের	জন্য	2
জন্য	আজ	ট্রিকবিডি	2
আজ	ট্রিকবিডি	এর	2
ট্রিকবিডি	এর	এই	2
আছে	তার	পর	2
কাজ	করেনা	লিংক	2
রিচার্জ	নিতে	পারবো	2
মুক্ত	পোস্ট	করলেই	2
করলেই	টাকা	দেওয়া	2
পোস্ট	আমি	করি	2
আমি	করি	নাই	2
করি	নাই	আর	2
নাই	আর	যে	2
আর	যে	করে	2
যে	করে	ছিলো	2
করে	ছিলো	সে	2
ছিলো	সে	অবশ্যই	2
সে	অবশ্যই	সোর্স	2
অবশ্যই	সোর্স	দিবে	2
সোর্স	দিবে	পোস্টটি	2
দিবে	পোস্টটি	খুজতে	2
পোস্টটি	খুজতে	অনেক	2
খুজতে	অনেক	দেরি	2
দিয়ে	বের	করা	2
বের	করা	লাগে	2
পেমেন্ট	করার	সময়	2
সরি	ভাই	আপনার	2
ছিল	না	আর	2
ভালো	না	আর	2
টেস্ট	করে	দেখছি	2
সিস্টেম	এ	কি	2
আই	মিন	আপনার	2
আমার	৫০০০	টাকা	2
নতুন	কিছু	দেয়ার	2
তো	ঠিকই	আছে	2
স্কাই	ভিপিএন	এ	2
৩	সেকেন্ড	এর	2
সেকেন্ড	এর	মধ্যে	2
না	ডাটা	দিয়ে	2
আবার	প্লে	স্টোর	2
তাও	কাজ	হচ্ছে	2
আটকে	আটকে	চলে	2
অন	না	করলে	2
টা	এখন	কাজ	2
করে	না	কেনো	2
ব্রো	ট্রাই	করেন	2
টুলস	নিয়ে	পোস্ট	2
ভাই	স্যামসাং	গ্যালাক্সি	2
একটা	ওয়েবসাইট	এর	2
ওয়েবসাইট	এর	কথা	2
কোর্স	পাওয়া	যায়	2
করেন	প্লিজ	আমার	2
অনেক	গুলা	পোস্ট	2
সুন্দর	পোস্ট	করার	2
করার	সুযোগ	দিন	2
আপনি	আমার	থেকে	2
না	দিলে	কোন	2
একাউন্ট	ভেরিফাই	হয়	2
ভেরিফাই	হয়	না	2
তবে	মনে	হয়	2
একাউন্ট	লগ	ইন	2
পেমেন্ট	প্রুফ	দেন	2
কাছে	আছে	বাট	2
একটা	ও	কানেক্ট	2
শেষ	হলে	আর	2
দিন	তো	ফ্রি	2
মানসম্মত	পোস্ট	করা	2
করা	হচ্ছে	না	2
ভাই	একটু	দেখেন	2
এত	কষ্ট	না	2
খুব	সুন্দর	হয়েছে	2
মুট	করে	ভালো	2
ভাই	আপনার	হেল্প	2
ভাই	লাকি	প্যাচার	2
করলে	খুব	উপকার	2
আমি	তো	বলি	2
তো	বলি	নাই	2
নাম	শো	করে	2
তো	অনেক	কম	2
ওকে	ব্রো	চেষ্টা	2
ওই	মেয়ে	তুমি	2
কল	করা	যাচ্ছে	2
সকাল	থেকে	আমার	2
অথর	ছিলাম	না	2
তাই	করে	দেখিয়েছি	2
এখন	আর	হচ্ছে	2
বার	বার	ফ্রি	2
পারে	বাট	আমি	2
কি	করে	উইথড্র	2
কিটক্যাট	এর	কাস্টম	2
করে	না	সেটা	2
বাইপাস	করার	ওয়ে	2
করার	ওয়ে	বের	2
কি	আনলিমিটেড	চলবে	2
করে	পারলাম	না	2
ট্রেইনার	রিকোয়েস্ট	দিছি	2
স্যামসাং	গ্যালাক্সি	জে২	2
প্লিজ	ব্রো	আমার	2
বের	করা	হোক	2
তো	এডিট	করে	2
আমার	এমবি	নাই	2
গুগল	ক্রোম	দিয়া	2
৩	ইয়ার	আগে	2
ভাই	অ্যাকাউন্ট	কি	2
আমার	আগে	এই	2
করলে	কি	অফার	2
কি	অফার	পাবো	2
মেইল	ক্রিয়েট	করার	2
এর	সময়	কি	2
এক্সেপ্ট	করেন	প্লিজ	2
আপনি	কি	সিওর	2
হচ্ছে	না	কোড	2
শো	করে	কিন্তু	2
হয়	না	ট্রিকবিডি	2
দরকার	নাই	ভাই	2
এত	ঝামেলার	দরকার	2
কথা	টা	ঠিক	2
আপনার	বাড়ি	কোথায়	2
আসে	এইটা	কিভাবে	2
আইডি	খুলবো	কিভাবে	2
আমি	তো	কানেক্ট	2
তো	কানেক্ট	করতে	2
ট্রাই	করেন	এখন	2
ফ্রি	তে	নিতে	2
তার	মানে	এই	2
তার	মধ্যে	একটা	2
কানেক্ট	হবে	না	2
লাস্ট	তিন	টা	2
তিন	টা	স্ক্রিনশট	2
টা	স্ক্রিনশট	ফলস	2
প্লিজ	আমার	আইডি	2
খুব	ভালো	কাজ	2
সেকেন্ড	পর	পর	2
পর	পর	অটো	2
যাচ্ছে	না	যে	2
স্টোর	এ	অ্যাপস	2
আছে	ওখান	থেকে	2
পোস্টগুলো	রিভিউ	করেন	2
আমাকে	অথর	বানালে	2
ভাই	আপনি	গ্রুপ	2
জাভা	ফোন	এর	2
নিয়া	পোস্ট	করেন	2
করা	যায়	বাট	2
পোস্টটা	কয়বার	করেন	2
ও	করলাম	বাট	2
টিউনার	করুন	প্লিজ	2
ডাউনলোড	স্পিড	কেমন	2
এড্রেস	টা	দিবেন	2
ডায়াল	করলে	ইনভ্যালিড	2
আছে	আই	থিঙ্ক	2
কথা	বলার	সময়	2
কিন্তু	হলো	না	2
হলো	না	কেন	2
কাজ	করবে	আর	2
আগে	দিতে	হবে	2
বলে	যায়	না	2
না	আমি	নিজেই	2
ইনবক্স	করতে	পারেন	2
এর	কথা	বলেছেন	2
খুলতে	চাই	বাট	2
আপলোড	দেওয়া	যায়	2
না	তাই	আমি	2
এই	পোস্ট	করেছি	2
আমার	ফোনে	কিছু	2
ডাউনলোড	হওয়ার	পর	2
এফবি	আইডি	লিংকটা	2
আইডি	লিংকটা	দিবেন	2
আপনার	পোস্ট	ও	2
লিংক	এ	ঢুকলে	2
প্লিজ	যেটা	দিয়ে	2
দিয়া	কি	ওয়াইফাই	2
এটা	কাজ	করেনা	2
হচ্ছে	না	আমি	2
নেটওয়ার্ক	থাকে	না	2
ভালো	আমি	মনে	2
এর	সব	অ্যাপস	2
টা	নিলে	ভালো	2
পেমেন্ট	প্রুফ	ছাড়া	2
করা	আছে	একটু	2
এফবি	হ্যাকিং	নিয়ে	2
করতে	হবে	পেমেন্ট	2
টা	আবার	কি	2
বলতে	পারতেছি	না	2
দিয়ে	রুট	হবে	2
কাজ	না	হইলে	2
থেকে	কালেক্ট	করা	2
কিন্তু	আমি	তো	2
জিমেইল	হ্যাক	করতে	2
করতে	পারেন	কি	2
না	তাহলে	আর	2
আর	কোন	প্রবলেম	2
অনেক	কম	স্পিড	2
তাই	শেয়ার	করি	2
হলে	কমেন্ট	করেন	2
ভাই	রবি	সিমে	2
রিং	আইডি	তে	2
লিঙ্ক	দিবেন	প্লিজ	2
৫১২	এমবি	র‍্যাম	2
লাভ	পাওয়া	যায়	2
হয়	না	বরং	2
উপকার	পাওয়া	যায়	2
কার্ড	ব্যবহার	করলে	2
না	চালানো	ভাল	2
করতে	দেয়	না	2
দেয়	না	আর	2
কিভাবে	একটু	বলেন	2
আমি	জাস্ট	একটা	2
এখন	চলছে	না	2
অফ	হয়ে	গেলো	2
মনে	হচ্ছে	আপনার	2
করি	আর	আপনার	2
প্লিজ	বলবেন	কি	2
কাজ	হয়না	আর	2
এই	সব	অথর	2
আসে	কোথা	থেকে	2
ব্যবহার	করলে	কি	2
করলে	কি	গুগল	2
কি	গুগল	অ্যাডসেন্স	2
শেয়ার	করি	নাই	2
আপনি	কি	পেমেন্ট	2
হ্যাক	করা	নিয়ে	2
ট্রিকবিডির	সাথেই	থাকুন	2
করে	চেক	করে	2
আপলোড	করতে	পারছি	2
থ্যাংকস	টু	ট্রিকবিডি	2
অথর	হওয়ার	সুযোগ	2
এরকম	পোস্ট	না	2
কে	বলসে	আপনি	2
এক্স	ফাইল	এক্সপ্লোরার	2
ফাইল	এক্সপ্লোরার	প্রো	2
ব্রো	আমি	আপনার	2
খুলতে	পারি	না	2
আচ্ছা	ভাই	কত	2
ভিপিএন	ছাড়া	হয়না	2
না	ভাই	কোন	2
ভাই	হেল্প	ফোন	2
এই	নিউজ	টা	2
থ্যাংকস	ভাই	বাট	2
হতো	আর	ভাই	2
১	টাকা	দিয়ে	2
এমবি	নেয়া	যাবে	2
এডিট	এ	গিয়ে	2
আর্ন	হবে	সেটা	2
এ	ভিডিও	আপলোড	2
থ্যাংকস	ফর	দ্যা	2
কিছু	না	করলে	2
করলে	ও	নষ্ট	2
ও	নষ্ট	হবে	2
স্ক্রিন	রিডার	সাপোর্ট	2
হওয়ার	চান্স	আছে	2
চান্স	আছে	নাকি	2
রবি	সিম	আর	2
তারপর	আবার	ট্রাই	2
এটা	যদি	সত্যি	2
হয়	তাহলে	অনেক	2
টা	ভালো	হইছে	2
ভালো	বাট	এর	2
অ্যাপ	অনেক	ভালো	2
বাইপাস	করা	যায়	2
আইপি	ঠিক	আছে	2
আরে	ভাই	ট্রিকবিডি	2
ইউর	এফবি	আইডি	2
এফবি	আইডি	সাথে	2
দিতে	পারেন	নাই	2
আমি	ওয়াইফাই	ইউজার	2
মার্কা	পোস্ট	করো	2
করতে	একটা	পোস্ট	2
করার	অনুরোধ	করছি	2
পোস্ট	চাই	আপনার	2
দিয়ে	ইউজ	করা	2
দেয়ার	সিস্টেম	টা	2
কি	উপায়	আছে	2
করলে	কোনো	সমস্যা	2
সমস্যা	হবে	নাকি	2
হবে	নাকি	অল	2
নাকি	অল	টাইম	2
টোটাল	সাইজ	কত	2
রুট	করতে	হেল্প	2
করতে	হেল্প	করবেন	2
করেন	আমার	আইডি	2
এর	সাথে	আমার	2
ফোন	এ	কথা	2
ক্রিয়েট	করবো	কিভাবে	2
কিন্তু	উনি	মনে	2
প্রিমিয়াম	সার্ভার	হ্যাক	2
আমি	নিউ	আমি	2
আরো	ভালো	হবে	2
রিয়েল	পেমেন্ট	করে	2
রিচার্জ	করছি	বাট	2
পাসওয়ার্ড	হ্যাক	করা	2
ডিলিট	করে	দিবো	2
লিঙ্ক	ঠিক	করুন	2
৩টা	মানসম্মত	পোস্ট	2
এইটা	কি	রুটেড	2
ভাই	উপকৃত	হলাম	2
কি	করবো	একটু	2
থ্যাংকস	ট্রিকবিডি	এর	2
কিটক্যাট	এ	চলবে	2
মাথা	নষ্ট	হয়ে	2
ফোন	স্যামসাং	গ্যালাক্সি	2
নেট	ইউজ	করবো	2
আমি	কাজ	করতে	2
না	ভাই	কিছু	2
ট্রিক	থাকলে	বলবেন	2
করা	যায়	সেটা	2
এটা	কেমনে	জানবো	2
আপনি	যে	কোনো	2
করতে	পারবেন	এই	2
করতে	পারেন	ফ্রি	2
মেসেজ	এর	রিপ্লাই	2
পোস্ট	এ	শুধু	2
ডাউনলোড	লিঙ্কটি	ঠিক	2
এ	কথা	বলার	2
স্প্যাম	কইরেন	না	2
ভাই	আমার	মোবাইলের	2
কিছু	ডলার	লাগে	2
ডলার	লাগে	যদি	2
করতে	পারেন	মাই	2
পারেন	মাই	ফোন	2
পারবেন	আমি	খারাপ	2
আমি	খারাপ	না	2
থেকে	ট্রিকবিডি	তে	2
বাট	পোস্ট	করতে	2
ক্যাশ	অন	ডেলিভারি	2
তাতে	মনে	হয়	2
চেষ্টা	করেও	পারলাম	2
ফাস্ট	রাখা	যায়	2
না	তাদের	কে	2
আর	কোন	সিস্টেম	2
এ	যাইতে	পারবো	2
আছে	যা	দিয়ে	2
টা	বলেন	ভাই	2
করলে	অনেক	উপকার	2
দিতে	পারবেন	কি	2
এই	পোস্ট	তার	2
ফোন	এর	আইসি	2
ইউটিউব	চ্যানেল	নাই	2
মোড	করে	দেন	2
ইন্টারনেট	কানেকশন	লাগবে	2
কোনো	প্রবলেম	হলে	2
একটা	এনআইডি	দিয়ে	2
এনআইডি	দিয়ে	একটা	2
অ্যাকাউন্ট	খোলা	যাবে	2
ইউজার	অর	ইউজার	2
সহ	কত	টাকা	2
পোস্ট	এ	লাইক	2
বাট	এমআই	কিনে	2
শোনা	যায়	না	2
এটা	ঠিক	নয়	2
কাজ	করছে	এখন	2
করলে	কি	প্রব্লেম	2
কোনো	চান্স	নাই	2
কি	করবো	আর	2
করার	পর	আনরুট	2
খুব	ভালো	ভাবে	2
আপনার	টা	দেন	2
এই	পোস্ট	আরো	2
পোস্ট	আরো	অনেক	2
আগেই	ট্রিকবিডি	তে	2
জিমেইল	আইডি	খোলা	2
কাজ	হবে	ভিডিও	2
হবে	ভিডিও	টা	2
ইউসি	মিনি	তে	2
মিনি	তে	বাংলা	2
খারাপ	কাজে	ইউজ	2
তে	চলে	না	2
এর	জন্য	একটি	2
একটা	পোস্ট	করছেন	2
নিতে	কত	সময়	2
কোনো	পোস্ট	থাকলে	2
পোস্ট	ভালো	কিন্তু	2
টা	ঠিক	ভাবে	2
ভাই	পিসি	দিয়ে	2
কিভাবে	বলতে	পারেন	2
অ্যাড	করতে	চাই	2
ট্রিকবিডি	তে	সব	2
ব্ল্যাক	হ্যাট	হ্যাকার	2
রা	ফেসবুক	এর	2
ভাই	আমি	এইটা	2
প্লিজ	কেউ	রিপ্লাই	2
ভালো	মনে	হচ্ছে	2
ইয়েস	ব্রো	আমি	2
ব্রো	আমি	ও	2
অ্যাপস	দিয়া	এডিট	2
কোনো	অপশন	নাই	2
পোস্ট	হলে	টিউনার	2
পেমেন্ট	নেয়ার	জন্য	2
নেক্সট	পার্ট	টা	2
হচ্ছে	না	হেল্প	2
ভাই	কে	একটু	2
কে	একটু	বলবেন	2
পোস্ট	টা	সেই	2
এখনো	পেন্ডিং	মানে	2
মানে	টা	কি	2
আর	১৯	টাকা	2
কি	থাকবে	নাকি	2
সাথে	কানেক্ট	করতে	2
গুগল	পিডিএফ	রিডার	2
পিডিএফ	রিডার	ভালো	2
রিডার	ভালো	লাগে	2
পারি	না	প্লিজ	2
যে	পোস্ট	করে	2
দিয়েই	করা	যায়	2
একটা	রিভিউ	দিয়েন	2
যেকোনো	একটা	প্যাক	2
এর	ভালো	কোনো	2
যাবে	একটু	বলবেন	2
কি	ভাবে	একটু	2
কিভাবে	ফ্লেক্সি	করতে	2
না	নিউ	কিছু	2
পেপাল	অ্যাকাউন্ট	দিয়ে	2
ফ্রি	৪০০	মিনিট	2
এ	পোস্ট	করার	2
করার	অনুরোধ	রইলো	2
আগে	ই	জানি	2
ই	জানি	বাট	2
জানি	বাট	অনেক	2
উপকৃত	হবে	থ্যাংকস	2
টাকা	থাকলে	কেটে	2
থাকলে	কেটে	নিবে	2
আরো	কিছু	ফোন	2
অ্যাপ	কাজ	করে	2
হলে	কিছু	দিতে	2
পোস্ট	ট্রিকবিডি	তা	2
সমাধান	নিয়ে	পোস্ট	2
১০	টাকা	রিফিল	2
আর	করো	না	2
ভিপিএন	কানেক্ট	করা	2
বাট	আমি	আমার	2
জন্য	কাস্টম	রম	2
২টা	তেই	করা	2
করবো	এটা	নিয়ে	2
পোস্ট	দিলে	খুব	2
অ্যাড	করলে	ভাল	2
রেডমি	নোট	৮	2
কিছু	বাগ	আছে	2
ইউজ	না	করাই	2
প্লিজ	হিন্দি	ডাবড্‌	2
হিন্দি	ডাবড্‌	টা	2
দিলে	ভাল	হত	2
মুভি	এর	হিন্দি	2
করার	একটা	ট্রিক	2
ফোনে	সাপোর্ট	করেনা	2
দিয়ে	কি	রিয়েল	2
বাংলা	ডোমেইন	নাম	2
ভিসিট	করুন	আর	2
করুন	আর	দেখুন	2
দিসেন	ঐটা	তে	2
পোস্ট	এ	দিয়ে	2
তো	পোস্ট	করবেন	2
করার	জন্য	কী	2
জন্য	কী	করতে	2
আপনাকেও	ধন্যবাদ	ভাই	2
ওয়েট	করতে	হয়	2
অনেক	বেশি	সময়	2
বেশি	সময়	লাগে	2
সময়	লাগে	আমার	2
এটা	আমার	চ্যানেল	2
না	আমার	চ্যানেল	2
২	তে	কি	2
হবে	তা	কিন্তু	2
করছি	ভাল	ভাবে	2
ওয়াইফাই	হ্যাক	করে	2
খুলবো	প্লিজ	হেল্প	2
সেটআপ	করার	পর	2
তবে	কি	আমার	2
কি	আমার	ফোন	2
আমার	ফোন	মেমোরি	2
ফোন	মেমোরি	থেকে	2
করলাম	কিন্তু	আমার	2
কিন্তু	আমার	ফোন	2
এ	বুঝা	যায়	2
১২	ক্রেডিট	দিয়ে	2
ক্রেডিট	দিয়ে	১	2
দিয়ে	১	থেকে	2
১	থেকে	২	2
ডাউনলোড	করছিলাম	এখন	2
বেশি	হইতে	পারে	2
টার	লিঙ্ক	দিয়েন	2
রেডমি	নোট	৪	2
পোস্ট	লেটেস্ট	অল	2
পোস্ট	বাট	কিছুই	2
করে	লিখলে	ভালো	2
স্পিড	একটু	কম	2
সারা	কোনো	উপায়	2
হাহা	মজা	পাইলাম	2
মেসেজ	দিসি	একটু	2
সিম	দিয়া	ট্রাই	2
মনে	তো	হয়	2
অন্য	সিম	ট্রাই	2
কিছু	শেয়ার	করো	2
থিম	এর	জন্য	2
কীভাবে	প্লিজ	বলেন	2
চাই	আপনার	সাথে	2
আপনার	বয়স	কত	2
আসসালামু	আলাইকুম	ভাই	2
নাকি	আমার	তো	2
তো	চলছে	না	2
নেট	এর	জন্য	2
পারি	নি	আর	2
আমাকে	একটা	দিয়েন	2
বাট	আমি	এটা	2
নেট	বন্ধ	হয়ে	2
নষ্ট	হয়ে	যায়	2
গুলা	একটু	দেখবেন	2
বাজে	কমেন্ট	না	2
একটা	পোস্ট	করসো	2
জি৫	এর	ভিডিও	2
এর	ভিডিও	নামানো	2
তো	চলে	যাবে	2
প্রচার	করা	হবে	2
করা	হবে	তখন	2
হবে	তখন	ওই	2
পরিহার	করতে	হবে	2
করতে	হবে	দীর্ঘদিন	2
আলেমরা	এই	বই	2
বই	বলে	আসছেন	2
বলে	আসছেন	ত্রুটি	2
তো	এখনো	সংশোধন	2
এখনো	সংশোধন	করা	2
ত্রুটি	হিসেবে	মেনে	2
হিসেবে	মেনে	নিতেই	2
মেনে	নিতেই	চাচ্ছে	2
নিতেই	চাচ্ছে	না	2
চাচ্ছে	না	এই	2
চলে	না	কেনো	2
নিয়ে	যায়	তাহলে	2
টা	প্লিজ	দিবেন	2
খুব	উপকার	হইতো	2
হেল্প	করার	ট্রাই	2
অ্যাপ	শেয়ার	করলে	2
অ্যাপস	ওপেন	করলে	2
আমাকে	কি	টানার	2
কি	টানার	করা	2
টানার	করা	যায়	2
তাড়াতাড়ি	দেন	ভাই	2
বাহ	ভাই	খুব	2
যাবে	না	ভাই	2
কাজ	করে	মোবাইলে	2
যেকোনো	সাইট	থেকে	2
আইডি	দিয়ে	ট্রাই	2
আমি	অন্য	একটা	2
স্টক	রম	ডাউনলোড	2
রানা	ভাই	আমার	2
দেন	আমি	আপনার	2
ক্লাউড	ফ্লাওয়ার	এর	2
সাথে	কানেক্ট	করবেন	2
কানেক্ট	করবেন	দেন	2
পর	দেখা	যায়	2
ইন্সটল	করব	কিভাবে	2
কি	সম্ভব	নাকি	2
নিজে	করতে	পারবেন	2
কোটি	কোটি	টাকা	2
থেকে	বাহির	হয়ে	2
স্বাধীন	ভাই	আমার	2
সবাই	জানে	ই	2
থেকে	যেকোনো	ফাইল	2
থেকে	এটা	ইউজ	2
পোস্টটা	অনেক	সুন্দর	2
ভাই	কি	লিংক	2
সিস্টেম	থাকলে	পোস্ট	2
ভাই	আমি	একটু	2
সাইট	ডিজাইন	করা	2
ডিজাইন	করা	লাগবে	2
মাস	এর	বেশি	2
পারছি	না	আপনার	2
ডাউনলোড	করা	আছে	2
এর	অন্য	কোন	2
করতে	হয়	তাহলে	2
ট্রিকবিডি	তে	মানায়	2
তে	মানায়	না	2
আপনি	অথর	না	2
পে	করা	লাগবে	2
আগেই	ট্রাই	করেছি	2
করা	করতে	পারবেন	2
নেক্সট	টাইম	আরো	2
টাইম	আরো	ভালো	2
আমি	বলতে	পারি	2
কি	করে	রুট	2
অ্যাপস	ইউজ	করলে	2
দিতে	পারবেন	আপনার	2
এফবি	আইডি	বা	2
কবে	হবে	এই	2
আগে	থেকে	ই	2
করতে	কত	কষ্ট	2
বড়	একটা	হেল্প	2
দিতে	পারবেন	আবার	2
লিখুন	আর	দেখুন	2
দেখুন	কি	হয়	2
ডিরেক্ট	লিংক	দিতে	2
আপনার	পোষ্ট	গুলো	2
করে	ভালো	না	2
২০	টা	ভিডিও	2
লগইন	করতে	বলছে	2
এত	কিছু	না	2
খুব	দরকার	একটু	2
এটা	আপনার	ইচ্ছা	2
এটা	কি	আবার	2
আবার	অন	হয়	2
থাকলে	এমবি	কাটবে	2
না	তারা	জেনে	2
টাকা	থাকলে	কাটবে	2
ঠিক	করতে	হবে	2
স্ক্রিনশট	নেওয়া	যাবে	2
না	হলে	ইউটিউব	2
কাজ	করছেন	না	2
কপি	পেস্ট	করি	2
ব্রো	এখন	তো	2
৮	টাকা	১	2
১	জিবি	বা	2
জিবি	বা	১৪	2
বা	১৪	টাকা	2
১৪	টাকা	২	2
টাকা	২	জিবি	2
২	জিবি	কি	2
ব্রো	আমার	কিটক্যাট	2
আমার	কিটক্যাট	এমটি৬৫৭২	2
কিটক্যাট	এমটি৬৫৭২	এর	2
এমটি৬৫৭২	এর	জন্য	2
জন্য	ভালো	কাস্টম	2
রম	থাকলে	দেন	2
স্লো	কাজ	করবে	2
রেফার	কোড	দিলে	2
বিকাশে	নেয়া	যাবে	2
ভাই	আমি	এমবি	2
কাজের	পোস্ট	না	2
শুধু	টাইম	নষ্ট	2
অনেক	আগে	এটা	2
নাইস	পোস্ট	আপনার	2
নক	দিসি	প্লিজ	2
কি	হবে	এটা	2
মেসেজ	দেন	প্লিজ	2
বিকাশে	ট্রান্সফার	করা	2
থাকা	লাগবে	ভাই	2
বাট	ভাইয়া	একটা	2
কি	শুধু	জিপি	2
করলে	হবে	নাকি	2
সাপোর্ট	করতো	না	2
টিউটোরিয়াল	ভিডিও	ছিল	2
কাজ	করে	একটা	2
অনেকদিন	পর	পোস্ট	2
ইনভেস্ট	করা	লাগে	2
থেকে	পোস্ট	কপি	2
অ্যাপ	দিয়ে	কি	2
কিছুতেই	রুট	করতে	2
বাদ	দিয়ে	পারলে	2
করবো	একটু	হেল্প	2
করলে	১০০০	ক্রেডিট	2
ক্রেডিট	ফ্রি	পাওয়া	2
আজ	পর্যন্ত	কখনো	2
সফটওয়্যার	ডাউনলোড	হয়	2
সহ	কমেন্ট	করার	2
কিনা	জানি	না	2
কিছু	ডাউনলোড	করতে	2
নিয়ে	কাজ	করি	2
করি	না	ভাই	2
রুট	দিয়া	থাকলে	2
যাবে	না	তবে	2
কোন	নম্বর	এ	2
তে	প্রব্লেম	আছে	2
এটার	কোনো	সমাধান	2
বাট	আসে	না	2
আসে	না	প্লিজ	2
কিছুই	বুজলাম	না	2
আপনি	কত	টাকা	2
কত	টাকা	দিবেন	2
৩০	থেকে	৫০	2
থেকে	৫০	ডলার	2
৫০	ডলার	ইনকাম	2
হবে	কি	নাকি	2
পোস্ট	টা	শেয়ার	2
রিকভারি	ইমেজে	টা	2
এ	পাচ্ছি	না	2
কি	হচ্ছে	না	2
না	কাজ	করলে	2
করছে	না	ব্রো	2
আমি	কি	আবার	2
করলে	পেমেন্ট	পাবো	2
সেল	করবো	কিভাবে	2
দেয়ার	চেষ্টা	করব	2
করতে	পারব	না	2
রবির	ফ্রি	নেট	2
ফ্রি	নেট	বন্ধ	2
আইডি	এর	সাথে	2
এর	অফার	আছে	2
ডাউনলোড	করতে	চান	2
করে	ডাউনলোড	করতে	2
বাট	আপডেট	ভার্সন	2
ক্যাটাগরি	তে	গিয়ে	2
ভালো	পোস্ট	করতাম	2
ইউজ	করে	সো	2
এর	আবার	কি	2
আর	করব	না	2
কি	এই	প্রব্লেম	2
এসএস	এর	উপর	2
কিভাবে	ট্রিকবিডি	তে	2
তে	পোস্ট	দেয়া	2
করছেন	এই	নিয়ে	2
এমবি	গুলার	মেয়াদ	2
আমাকে	টানার	বানান	2
টানার	বানান	প্লিজ	2
হা	হা	ভাই	2
যারা	কাজ	করে	2
করে	তাঁদের	জন্য	2
মনে	হয়	কপি	2
হয়	কপি	পোস্ট	2
রিকভারি	ইমেজে	ক্রিয়েট	2
এর	রিকভারি	ইমেজে	2
লিংক	দিলে	খুশি	2
ওমক	ভাই	তমক	2
কেউ	জানলে	বইলেন	2
ভাই	আমার	জিমেইল	2
আমার	জিমেইল	টা	2
ভাই	রে	অনেক	2
রুট	হবে	কি	2
হবে	কি	করে	2
এর	পোস্ট	চাই	2
ই	লেখা	আছে	2
লেখা	আছে	আপনি	2
পোস্ট	ইউজার	ভাইয়া	2
এক্সপোসড	একটিভ	করার	2
একটিভ	করার	অনেক	2
করার	অনেক	পোস্ট	2
কি	ইউজার	ভাই	2
আইডি	কি	এই	2
করতে	হয়	ই	2
পেমেন্ট	করতে	হবে	2
জানেন	তাহলে	বলেন	2
গেম	হ্যাক	করার	2
পোস্ট	নিয়ে	আসবো	2
আমার	জানা	মতো	2
ভিডিও	টা	আপলোড	2
টা	আপলোড	করে	2
ভাই	এতদিন	পর	2
মোবাইল	এ	ইনস্টল	2
না	ব্রো	প্লিজ	2
আপনার	মূল্যবান	কমেন্ট	2
গুড	পোস্ট	আমাদের	2
এন্ড্রোইড	দিয়ে	কিভাবে	2
সবার	পোস্ট	পাবলিশড	2
এন্ড	থ্যাংকস	ভাই	2
থাঙ্কস	ফর	ইউর	2
এরর	দেখায়	প্লিজ	2
আপনি	এই	ট্রিকটা	2
করা	যায়	সে	2
প্রক্সি	ব্রাউজার	তো	2
ব্রাউজার	তো	গুগলে	2
তো	গুগলে	খুঁজে	2
গুগলে	খুঁজে	পেলাম	2
খুঁজে	পেলাম	লিঙ্ক	2
পেলাম	লিঙ্ক	টা	2
আমি	আপনাকে	ক্রেডিট	2
স্পিড	কমে	যায়	2
নিজের	মত	করে	2
আরে	ভাই	প্লে	2
তো	আমি	পোস্ট	2
আমি	পোস্ট	করেছি	2
আগে	ইউজ	করছি	2
মেয়াদ	শেষ	হলে	2
এমটিকে	৬৫৮২	এর	2
৬৫৮২	এর	জন্য	2
উইথড্র	করার	জন্য	2
ভেরিফাই	করা	লাগবে	2
থ্যাংকস	রেজা	ভাই	2
আমি	টাকা	পাবো	2
পাবো	না	টাকা	2
সম্পর্কে	অনেক	কিছু	2
অনেক	কিছু	জানি	2
ট্রাই	করছি	চলে	2
করছি	চলে	না	2
ভাই	ভালো	লাগলো	2
একটু	দরকার	ছিলো	2
ভেরি	ভেরি	ভেরি	2
নট	ওয়ার্কিং	হেল্প	2
আপনার	নাম্বারটা	দেন	2
আসার	জন্য	কি	2
তাও	তো	হয়	2
হলো	আমি	আমার	2
আমি	আমার	নিজের	2
এটা	আগের	মতো	2
টা	বলে	দেন	2
বলে	দেন	ভাই	2
যাই	হোক	এই	2
১	জিবি	অফার	2
মেসেঞ্জার	চেক	করেন	2
কি	সুবিধা	হয়	2
দুইটা	দুই	রকম	2
এডড	করে	দিলে	2
করার	কোন	অ্যাপস	2
ই	ওপেন	হয়	2
ঠিক	কইরা	দেন	2
পোস্ট	করলে	ভাল	2
ইউজ	করবো	কেমনে	2
দিতে	পারিস	না	2
কষ্ট	করে	লিখার	2
ব্লক	হয়ে	গেসে	2
যে	কোথা	থেকে	2
ভাই	আপনি	এটা	2
কিছু	করেন	প্লিজ	2
প্লিজ	আনসার	মি	2
যাবেন	থ্যাংকস	ফর	2
শেষ	হয়	না	2
আপনি	ফাস্ট	আপনার	2
থেকে	বিকাশে	নিব	2
একটা	পোষ্ট	করেন	2
এত	সুন্দর	পোস্ট	2
করেন	না	কেনো	2
আমার	আগের	আইডি	2
জন্য	আজ	সকালে	2
তো	অনেক	ভালো	2
মেইল	দিবেন	প্লিজ	2
ব্রাউজার	দিয়ে	হবে	2
এখনো	হয়	নাই	2
হয়	নাই	ভাইয়া	2
সমাধান	বের	করেন	2
রানা	ভাই	আমি	2
পোস্ট	এর	কত	2
এপ্রুভ	করে	না	2
আনইনস্টল	করে	দিলাম	2
আবার	ভালো	করে	2
করবে	কেন	আপনি	2
করে	বলে	দিন	2
স্বার্থের	জন্য	পোস্ট	2
সাইট	কত	দিন	2
ভাই	এরকম	আরো	2
পোস্ট	গুলা	আমার	2
কোনো	ব্যবস্থা	আছে	2
তাহলে	কি	আমার	2
আপনার	এফবি	এড্রেস	2
ভালো	মতো	ট্রাই	2
মতো	ট্রাই	করেন	2
টা	কোথা	থেকে	2
এর	কাজ	গুলা	2
বাট	স্প্যাম	কেনো	2
থেকে	ইউজ	করছি	2
পোস্ট	ফর	শেয়ার	2
আমাকে	অথর	হতে	2
অথর	হতে	হেল্প	2
হতে	হেল্প	করবেন	2
৩	মিনিট	এর	2
এর	বেশি	কথা	2
কি	প্লিজ	কেউ	2
আপনি	কিভাবে	বুঝলেন	2
করে	দেন	যাতে	2
অনেক	কিছু	শিখলাম	2
ট্রাই	ও	করলাম	2
অনেক	পোস্ট	পেন্ডিং	2
ভাই	প্লিজ	কেউ	2
আমার	ফোন	মেমরি	2
প্লিজ	ভাই	অনেক	2
এমন	কোনো	সিস্টেম	2
টাইম	ভালো	পোস্ট	2
আর	এটা	আমি	2
ওয়াপকিজ	সাইট	এ	2
প্লিজ	গিভ	মি	2
এই	রকম	আরো	2
এরকম	ফালতু	পোস্ট	2
করার	পর	তারা	2
পর	তারা	অথর	2
তারা	অথর	থাকে	2
অথর	থাকে	কি	2
থাকে	কি	ভাবে	2
সময়	পর্যন্ত	চলবে	2
বাল	মার্কা	পোস্ট	2
তো	লিখেন	নাই	2
হচ্ছেনা	কি	করবো	2
পাবো	না	প্লিজ	2
এর	মতো	কি	2
ভিডিও	টিউটোরিয়াল	দেয়া	2
ওমক	ভাই	আমি	2
অথর	করেন	প্লিজ	2
আমি	ট্রেনার	রিকোয়েস্ট	2
জন্য	পোস্ট	করতে	2
ট্রিকবিডি	তে	আসেন	2
ভাই	এপ	টা	2
দিয়া	ট্রাই	করেন	2
আগের	কমেন্ট	গুলো	2
পোস্ট	গুলা	দেখে	2
মনে	হচ্ছে	আপনি	2
বোকার	মতো	কমেন্ট	2
কিছু	শিখতে	পারলাম	2
এর	জন্য	এর	2
পেলাম	না	তো	2
লাভা	আইরিস	৮১০	2
করার	আগে	কষ্ট	2
আগে	কষ্ট	করে	2
করে	একটু	সার্চ	2
মেক	করা	শিখতে	2
করা	শিখতে	চাই	2
এডু	মেইল	আইডি	2
সাথে	মিল	রেখে	2
করতে	হবে	ওই	2
মেজাজ	খারাপ	হয়ে	2
একটা	পোস্ট	করসেন	2
জন্য	একটা	ট্রিক	2
ভাইয়া	আমার	টা	2
টা	তে	একটু	2
জিপি	তে	কি	2
তে	কি	ভাবে	2
২	টা	একাউন্ট	2
টোকেন	পেলাম	না	2
এক্সপ্লেরে	এর	কথা	2
পাসওয়ার্ড	দেখবো	কিভাবে	2
রিভিউ	দিতে	পারবেন	2
ই	রাখতে	হবে	2
এতো	কিছু	লাগে	2
ভাই	আপনি	একটু	2
দিন	হয়ে	যাবে	2
আসে	না	অনেক	2
ব্রো	আপনি	আপনার	2
পার্ট	পাবো	কি	2
অল	সিম	ই	2
ই	কানেক্ট	হওয়ার	2
একটা	মেসেজ	দিন	2
সবার	উপকার	এ	2
আমার	সব	পোস্ট	2
দেন	তো	একটু	2
এমবি	এর	সাথে	2
সাথে	এডড	হবে	2
অনেক	দিন	আগেই	2
এন্ড	ট্রিকবিডি	তে	2
জানুন	তার	পর	2
সার্ভার	তো	অনেক	2
গুলো	একটু	দেখুন	2
আর্ন	করতে	চাইলে	2
চেষ্টা	করুন	আশা	2
আশা	করি	হবে	2
কেমনে	রুট	করবো	2
কেমন	করে	করবো	2
৩	টা	ফেক	2
ডাউনলোড	এর	পর	2
শো	করতেসে	না	2
ঠিক	করে	দিতেন	2
রুট	থাকতে	হবে	2
ওমক	ভাই	টা	2
প্লিজ	অথর	মি	2
টা	বুঝা	যাচ্ছে	2
সার্ভে	কমপ্লিট	করতে	2
কথা	বলি	নাই	2
গ্রুপ	এর	কথা	2
এইটা	জাস্ট	একটা	2
জাস্ট	একটা	টাস্ক	2
না	তো	অনেক	2
ব্যান	করে	দিবে	2
করার	ট্রিক	টা	2
ফেইসবুক	এ	নক	2
রিকভারি	ইনস্টল	করা	2
না	এর	জন্য	2
রিকভারি	ইমেজে	থাকলে	2
কেউ	দেন	প্লিজ	2
না	হওয়ার	জন্য	2
বলছে	আই	থিঙ্ক	2
সবাই	কে	তুমি	2
কে	তুমি	করে	2
নাকি	যে	সবাই	2
ট্রিকবিডি	এর	আইডি	2
আমাকে	জানাতে	পারেন	2
করার	জন্য	ভাই	2
ভাই	আপনার	ইউটিউব	2
টা	আপ	করেন	2
ভাই	অফ	হয়ে	2
পোস্ট	চাই	প্লিজ	2
এর	সুবিধা	নিয়ে	2
স্পিড	পাইতাম	কিন্তু	2
করছি	একটাও	কাজ	2
পাই	কি	করবো	2
পোস্ট	বাট	আগে	2
এফবি	মেসেজ	দিলাম	2
ফালতু	ফোন	এর	2
না	ভাই	যে	2
মেনে	পোস্ট	করবো	2
ভার্সন	এর	রুট	2
এর	জন্য	কম	2
না	ভাই	এখনো	2
ভাই	পরের	পোস্ট	2
পরের	পোস্ট	এ	2
সিএমডাবলু	তো	ফিলিজ	2
খুব	খুব	ভালো	2
লগ	ইন	করেন	2
এ	গেলে	পাবেন	2
৪	টা	সিম	2
আমার	মতো	অনেক	2
একাউন্ট	এর	জন্য	2
সাজিয়ে	লেখার	জন্য	2
হয়না	ভাই	এই	2
দিয়েন	না	আপনার	2
থ্যাংকস	ফর	এডভাইস	2
একাউন্ট	সেল	করবো	2
ওই	নম্বর	এ	2
ওমক	ব্রো	হেল্প	2
এই	এসএমএস	টি	2
আপডেট	ভার্সন	টা	2
ও	ব্যান	করা	2
নেক্সট	এ	আরো	2
আমার	জিটিএ	৫	2
থ্যাংকস	ওমক	ভাই	2
ভিডিও	তে	যে	2
করে	ট্রিকবিডি	কে	2
সবাই	পাবে	নাহ	2
কি	ফ্রি	নাকি	2
আমার	চ্যানেল	টা	2
চ্যানেল	টা	সাবস্ক্রাইব	2
টা	সাবস্ক্রাইব	করবেন	2
সম্পর্কে	আমি	জানি	2
ভাই	মাফ	করবেন	2
আমার	ল্যাপটপ	এ	2
আজকে	৩	দিন	2
করার	পর	কিছু	2
এ	প্রব্লেম	হচ্ছে	2
তে	শেয়ার	করবো	2
সাইন	ইন	দিলে	2
না	প্লিজ	এনসার	2
অনেক	কিছু	জানা	2
কিভাবে	ব্যবহার	করবো	2
ক্লান	এ	জয়েন	2
এ	কি	দিবো	2
হুহুহু	হাহাহা	এইচএক্সএইচএক্সএইচএক্স	2
ইউজ	করি	তাহলে	2
সৌদি	আরবে	চলবে	2
গিয়ে	সেট	এইচটিটিপি	2
সেট	এইচটিটিপি	হেডার	2
এইচটিটিপি	হেডার	এ	2
হেডার	এ	ক্লিক	2
তো	বললেন	না	2
সাইট	বানিয়ে	দিবেন	2
বানিয়ে	দিবেন	প্লিজ	2
পড়েন	বুঝতে	পারবেন	2
কাজ	ঠিক	ভাবে	2
ঠিক	ভাবে	করতে	2
করতে	পারে	নাহ	2
পারে	নাহ	আর	2
আসে	ইউটিউব	এ	2
ভিপিএন	ইউজ	এন্ড	2
হুম	আমি	ইউজ	2
আমি	ইউজ	করতেছি	2
আপনি	কি	এমবি	2
না	প্রব্লেম	নাই	2
টা	ডাউনলোড	দেন	2
কি	ঘুমায়	নাকি	2
আনার	উপায়	আছে	2
আমি	পাইছি	বাট	2
ব্যালান্স	চেক	করবো	2
কোনো	টিউটোরিয়াল	আছে	2
এখানে	ক্লিক	করুন	2
টা	চেঞ্জ	করতে	2
আর	লিংক	ঠিক	2
ভাই	আমাকে	টানার	2
কোনো	সিম	এ	2
না	আমার	পোস্ট	2
আমার	পোস্ট	দেখতে	2
তে	একাউন্ট	করতে	2
একাউন্ট	ব্যান	করে	2
বলেছি	না	বুঝলে	2
ট্রিকবিডি	তে	কোনো	2
কিছু	ঠিক	করছি	2
ডিলিট	করার	জন্য	2
কোড	দেয়া	যায়	2
আমি	একটা	ইউনিক	2
করেছি	ঘন্টা	সময়	2
একমত	হতে	পারলাম	2
টা	কতো	দিন	2
কি	টাকা	কেটে	2
না	টাকা	লাগবে	2
এর	কথা	কি	2
কি	বলবো	ভাই	2
ইউজার	ভাই	রে	2
এ	হলে	ভালো	2
একটু	কমেন্ট	এ	2
জিমেইল	দিয়ে	আর	2
করলে	১০	টাকা	2
ট্রাই	করছি	কোনো	2
কোনো	এপ	আছে	2
ট্রিকবিডি	টিম	এর	2
প্লিজ	রিভিউ	মায়	2
রিভিউ	মায়	পোস্ট	2
নিজের	লেখা	পোস্ট	2
আমার	সাইকেল	নাই	2
ভালো	একটা	সাইট	2
গেম	ওপেন	করলে	2
গুলো	দেখা	যাচ্ছে	2
তে	একটা	কাজের	2
কাজের	পোস্ট	পাইলাম	2
পিসি	তে	ইউজ	2
আর	আপনি	সেই	2
ইন্টারনেট	কানেকশন	না	2
ফোন	এর	সাথে	2
নিয়ে	পোস্ট	কইরেন	2
ট্রিকবিডি	তে	১০	2
কি	হয়	প্লিজ	2
করতে	কি	টাকা	2
করে	এসডি	কার্ড	2
কাজ	না	করলেও	2
আপনার	দেয়া	লিংক	2
এর	পোস্ট	আমি	2
এ	লিংক	আছে	2
দিতে	পারবেন	খুব	2
পারবেন	খুব	দরকার	2
চলবে	না	যদি	2
এটা	আর	কেউ	2
থেকে	কি	হবে	2
নাই	আর	আমি	2
হেল্পফুল	পোস্ট	থ্যাংক	2
করছে	তাই	দিলাম	2
আমি	১টা	পোস্ট	2
১টা	পোস্ট	করছি	2
রিভিউ	করেন	প্লিজ	2
অনেক	আগে	করছি	2
স্ক্রিপ্ট	নিয়ে	একটা	2
কোনো	অফার	থাকলে	2
আর	কিছু	পান	2
ইউটিউব	এ	তো	2
কিছু	না	করে	2
পোস্ট	এ	একটা	2
না	করলে	হবে	2
ব্রো	একটু	ডাউনলোড	2
থেকে	আর	চলছে	2
ভদ্রতা	বজায়	রাখেন	2
ফোন	এ	কাস্টম	2
ইনস্টল	করতে	হয়	2
দের	জন্য	খুব	2
ভালো	হবে	এবং	2
খুব	ই	কম	2
করার	ট্রাই	করেন	2
ট্রাই	করেন	আর	2
কি	ওয়াইফাই	স্পিড	2
কি	আগে	থেকে	2
ভাই	এখন	ও	2
এটা	কোনো	কথা	2
ফোল্ডার	এ	গিয়ে	2
ভালো	পোস্ট	আর	2
গুলা	খুব	ভালো	2
ও	না	হলে	2
না	হলে	আপনি	2
আপনি	যেকোনো	একটা	2
পোস্ট	করেছেন	বাট	2
ভাই	আমার	ওয়াপকা	2
আমার	ওয়াপকা	তে	2
লগ	ইন	হয়	2
ইন	হয়	না	2
হয়না	হেল্প	প্লিজ	2
আমি	আগে	ইউজ	2
ডিলিট	করলেও	কি	2
দিতে	হেল্প	মি	2
চেষ্টা	করলাম	বাট	2
ইনস্টল	করা	আছে	2
চোখে	কম	দেখেন	2
লিংক	দিন	হেল্প	2
এর	কিছু	থাকলে	2
পেন্ডিং	এ	রিভিউ	2
জিমেইল	হ্যাক	করা	2
বেশি	অ্যাপস	আসবে	2
টা	ডিলিট	করার	2
পোস্ট	করা	থেকে	2
একটা	ফাইল	ডাউনলোড	2
মি	ভাই	আমার	2
মেমরি	কার্ড	এর	2
ডিলিট	এর	ফরম্যাটে	2
তার	পর	আবার	2
কেও	জানলে	বলবেন	2
অফ	ক্লান	এর	2
হলো	ট্রিকবিডি	তে	2
ট্রিকবিডি	তে	তো	2
এটা	আবার	নিউ	2
কোনো	ফাইল	তো	2
পোস্ট	টা	তাড়াতাড়ি	2
বেশি	হলে	ভালো	2
করতে	চাই	কিভাবে	2
থেকে	ভিডিও	দেখে	2
টা	অনেক	আগেই	2
আপনি	কি	কম্পিউটার	2
গুলো	ট্রাই	করে	2
এপ	টা	নিয়ে	2
পোস্ট	ডিলিট	করো	2
আমার	নাম্বর	দেয়া	2
আমি	এখন	ওই	2
এখন	ওই	মোবাইল	2
এ	ইমো	একাউন্ট	2
আরেকটা	একাউন্ট	এ	2
একাউন্ট	এ	ওপেন	2
কিন্তু	এখন	যদি	2
এখন	যদি	আবার	2
যদি	আবার	ওই	2
আবার	ওই	মোবাইল	2
মোবাইল	এ	আমার	2
ইমো	লগইন	করলে	2
লগইন	করলে	কোনো	2
কোড	ছাড়া	লগইন	2
ছাড়া	লগইন	হয়ে	2
লগইন	হয়ে	যাচ্ছে	2
হয়ে	যাচ্ছে	এটা	2
যাচ্ছে	এটা	স্টপ	2
এটা	স্টপ	কেমনে	2
ফোন	টা	কি	2
যায়	এতো	কষ্ট	2
মুভি	সাইট	এর	2
আগে	থেকে	কি	2
থেকে	কি	আলাদা	2
কি	আলাদা	কার্ড	2
আলাদা	কার্ড	বানাইয়ে	2
কার্ড	বানাইয়ে	রাখতে	2
বানাইয়ে	রাখতে	হবে	2
ফলোয়ার	বাড়ানোর	ট্রিক	2
কারো	ফোন	এ	2
এ	ওই	অ্যাপ	2
ইউজ	করা	লাগে	2
এয়ারটেল	সিম	কি	2
ঠিক	ঠাক	আসে	2
জন্য	হবে	না	2
তাতে	ডাউনলোড	তো	2
ডাউনলোড	তো	করতে	2
তো	করতে	পারলাম	2
করতে	পারলাম	ই	2
নিজের	সাইট	লিংক	2
১৫	দিন	আর	2
নিয়ে	একটু	বিস্তারিত	2
ভাই	বানান	ঠিক	2
বলবেন	কি	প্লিজ	2
আমার	৩০	পয়েন্ট	2
ভিপিএন	ইঞ্জিন	ইস	2
ইঞ্জিন	ইস	নো	2
ইস	নো	লঙ্গার	2
নো	লঙ্গার	রেসপন্ডিং	2
এর	নাম	টা	2
যারা	ট্রিকবিডি	তে	2
পার্মানেন্টলি	ডিলিট	করে	2
আর	পোস্ট	দেখে	2
এ	দেয়া	আছে	2
অন্য	কোনো	উপায়ে	2
রুট	লাগে	না	2
আর	আপনি	নিউ	2
ঠিক	আসে	তবে	2
এমবি	দিয়ে	কি	2
ভালো	বাট	রিস্ক	2
বাট	রিস্ক	থ্যাংকস	2
রুট	ফোন	এর	2
এর	জন্য	আপনি	2
তাই	নাকি	আমি	2
দিতেন	তাইলে	ভালো	2
না	কি	কোনো	2
আমি	যা	লিখেছি	2
অ্যান্ড	আনলিমিটেড	করার	2
স্ট্রিমিং	কোড	গুলো	2
মাত্র	১	দিন	2
একাউন্ট	খোলা	যাবে	2
আমার	কাছে	ভাল	2
কিভাবে	ডাউনলোড	করতে	2
একটা	উপায়	বলেন	2
আর	এরকম	পোস্ট	2
আপনি	সবার	কমেন্ট	2
সেম	২	ইউ	2
কি	সিম	কিনা	2
স্পিড	একদম	কম	2
নাম	টা	কি	2
জানালে	খুশি	হতাম	2
লেগ	করে	আর	2
শেষ	এ	বলে	2
এ	বলে	দিসে	2
ভাই	আপনি	আমাকে	2
২	টার	পর	2
এরকম	পোস্ট	ই	2
পোস্ট	করবো	কিন্তু	2
এফবি	আইডি	নষ্ট	2
আপনার	পোস্ট	টি	2
ভাই	অন্য	সিম	2
আর	কানেক্টেড	হয়	2
অপশন	পেলাম	না	2
ফ্রি	ট্রায়াল	নিয়ে	2
ট্রায়াল	নিয়ে	একটা	2
কিভাবে	কেউ	জানলে	2
করে	ফোন	চালু	2
এর	লাইন	পাচ্ছে	2
কাজ	এর	জন্য	2
১০	এমবিপিএস	এর	2
এডু	মেইল	কিভাবে	2
একটা	সাইট	দিবো	2
পাবো	কি	না	2
হেল্প	করেন	একটু	2
পোস্ট	পাবলিশড	হবে	2
অনেক	উপকার	হইলো	2
এডিট	করতে	পারতেন	2
ফুল	স্ক্রিন	শট	2
তুমি	তোমার	বাসা	2
আছে	কিন্তু	আমি	2
শেয়ার	করবো	না	2
আগের	পোস্ট	দেখেন	2
কিছু	করা	যাবে	2
কি	যে	বলেন	2
কপি	করা	হোক	2
কেনো	ফ্রি	নেট	2
আপনি	কিসের	টিউনার	2
লিংক	এ	যান	2
পাইনোর	একাউন্ট	এ	2
আমার	রকেট	একাউন্ট	2
কথা	সত্যি	হয়	2
পরে	দিলে	হবে	2
কি	কোনো	ক্ষতি	2
টা	পিসি	দিয়ে	2
দিয়ে	কেমনে	করে	2
ইনস্টল	দেয়া	যায়	2
আপনার	জানা	নেই	2
ফেইসবুক	এ	আমি	2
টা	ভালো	হইসে	2
ভিক্টিম	ডাটা	অন	2
পাই	নাই	ভাই	2
ফোন	রুট	থাকলে	2
আমার	দেখা	ট্রিকবিডি	2
দেখা	ট্রিকবিডি	তে	2
ফ্রি	নেট	টিপস	2
পোস্ট	এ	ভুল	2
করার	জন্য	সরি	2
কারো	কিছু	জানার	2
কিছু	জানার	থাকলে	2
ভাইয়া	৯৫	টার	2
৯৫	টার	পর	2
ট্রিক	থাকলে	দেন	2
থাকলে	দেন	অনেক	2
ছাড়া	যদি	কোনো	2
কাস্টম	রম	নিয়ে	2
থ্যাংকস	ভাই	থ্যাংকস	2
বাট	থ্যাংকস	ফর	2
আমি	অনেক	হ্যাপি	2
নোট	১০	প্রো	2
ব্যাক	করা	যাবে	2
করতে	হবে	তাহলে	2
ভাই	এই	পাসওয়ার্ড	2
ভাই	হেল্প	আমার	2
পোস্ট	এ	কতজন	2
এ	কতজন	মানুষ	2
দেয়া	যাচ্ছে	না	2
আপনার	মুড	করা	2
মুড	করা	ফাইল	2
করা	ফাইল	টি	2
টেলিগ্রাম	এ	আপলোড	2
যারা	ইউজ	করবে	2
ভাই	ফেইসবুক	এর	2
একাউন্ট	এ	জমা	2
সব	সিম	এর	2
চালানো	যায়	বাট	2
এর	চেয়ে	বেশি	2
করার	জন্যে	এমবি	2
মনের	কথা	বলসেন	2
গুড	পোস্ট	এরকম	2
পোস্ট	করুন	আর	2
ভাই	কিছু	মনে	2
আপনার	আইডি	লিংক	2
এই	রম	তা	2
কাজ	করবে	প্লিজ	2
ভালো	সাইট	আছে	2
থ্যাংকস	টু	অল	2
কাজ	করতে	সে	2
কাজে	ইউজ	করতে	2
যারা	এসএমএস	পাইসে	2
এখন	আর	লাগবে	2
নেক্সট	টাইম	নিউ	2
তাই	পোস্ট	টা	2
করে	ওই	টা	2
খুব	উপকার	হয়	2
ভোটার	আইডি	কার্ড	2
নম্বর	আছে	এটা	2
ডাউনলোড	করেন	দেন	2
এটা	কাজ	হয়	2
ফোন	ছাড়া	হয়	2
তে	নক	দিসি	2
নক	দিসি	দেখেন	2
কোনো	এপ	নাই	2
অসম	পোস্ট	ব্রো	2
থেকে	পেমেন্ট	যে	2
হবে	এইটা	সবাই	2
সবাই	জানে	কিন্তু	2
জানে	কিন্তু	সেই	2
কিন্তু	সেই	টা	2
সেই	টা	পাওয়ার	2
পাওয়ার	জন্য	তো	2
জন্য	তো	ব্যালেন্স	2
তো	ব্যালেন্স	শো	2
ব্যালেন্স	শো	করতে	2
শো	করতে	হবে	2
ভাই	ওই	পোস্ট	2
ওই	পোস্ট	করলে	2
প্যাক	দেয়া	হবে	2
করসে	কিন্তু	আমার	2
না	পোস্ট	যদি	2
পোস্ট	এর	কনটেন্ট	2
নিজের	ই	তো	2
আরো	একটু	ভালো	2
ব্রো	একটা	পোস্ট	2
অন	করুন	দেন	2
কি	আইডি	তে	2
এ	আপলোড	দিতে	2
আপনি	এন্ড্রোইড	টিপস	2
এন্ড্রোইড	টিপস	সিলেক্ট	2
টিপস	সিলেক্ট	করেছেন	2
আমার	তো	ভাই	2
কাজ	করে	ঠিক	2
আগে	থেকেই	ইউস	2
করার	সুযোগ	করে	2
পেজ	এ	শো	2
এর	লিঙ্ক	দেওয়া	2
হয়ে	যায়	তারপর	2
ইউজার	ভাইয়া	কে	2
যুগান্তর	এ	লেখি	2
ফেসবুক	এ	আসুন	2
কিন্তু	পেন্ডিং	এ	2
অ্যাপ	শেয়ার	করলেই	2
ভাইয়া	এখন	তো	2
আমি	তো	এটা	2
পোস্ট	ডিলেট	করেন	2
করেন	নাই	কেন	2
আছে	না	কিছু	2
সিম	থেকে	টাকা	2
হেল্প	লাগবে	আপনার	2
আমি	কাস্টম	রম	2
টি	ইউজ	করলে	2
দিয়েই	ট্রাই	করছি	2
আবার	ডাউনলোড	দিলাম	2
বাসা	কি	পাবনা	2
দিন	পর	কি	2
ফোন	এ	রুট	2
হলো	না	পোস্ট	2
ওয়ার্কিং	পোস্ট	আমি	2
ইউজার	ভাইকে	অনেক	2
পোস্ট	করা	হয়না	2
তো	আপনার	কাসে	2
আপনার	কাসে	থাকলে	2
বিস্তারিত	পোস্ট	করলে	2
দিয়ে	কাজ	করতে	2
ভাই	আপনি	জানেন	2
কি	আসলেই	আসে	2
সব	অ্যাপ	ইউজ	2
স্পুফিং	ইমেইল	করতে	2
জন্য	অসংখ্য	ধন্যবাদ	2
সে	ভাই	আপারররর	2
কি	ফ্রি	ফায়ার	2
হেল্প	প্লিজ	আমি	2
আমার	ট্রিকবিডি	আইডি	2
পাসওয়ার্ড	চেঞ্জ	করবো	2
এ	ও	হবে	2
টা	বুঝতে	পারছি	2
আপনার	না	হলে	2
ট্রিকবিডি	সাপোর্ট	কে	2
এ	ও	কাজ	2
কি	ফোন	এ	2
না	থ্যাংকস	ফর	2
থ্যাংকস	ফর	দিস	2
কি	হয়েছে	ভাই	2
পোস্ট	পেন্ডিং	আসে	2
ডিসপ্লে	সেটিং	এ	2
নাই	তারা	কি	2
কি	ভাবে	এই	2
অথর	পোস্ট	করলো	2
কি	এটা	ইউজ	2
এ	আমার	নাম	2
আমার	নাম	এ	2
ভাই	সবার	তো	2
ভাই	আপনার	টিউনার	2
এর	নেম	টা	2
টা	কি	ভাই	2
এর	টাকা	কাটবে	2
ঝামেলার	দরকার	কি	2
ভাই	এইগুলা	দিয়ে	2
ব্রো	আপনার	সাইট	2
তো	কি	হয়েছে	2
এটা	কি	খারাপ	2
প্রবলেম	এর	জন্য	2
কথা	আছে	আমার	2
কেমন	পোস্ট	ভাই	2
কি	প্লেস্টোর	এ	2
কে	রুট	করবো	2
করেন	ট্রিকবিডি	তে	2
এমবি	এর	মধ্যে	2
এডিটর	দিয়ে	এডিট	2
ইনস্টল	নেয়	না	2
ভাই	১০০	টাকা	2
আমি	যদি	অন্য	2
লিঙ্ক	হবে	না	2
বুঝি	না	হেল্প	2
অথর	প্লিজ	প্লিজ	2
যদি	তাই	হয়	2
তাই	হয়	তাহলে	2
এই	সাইটে	পোস্ট	2
না	থাকলে	প্রবলেম	2
চেক	করে	তারপর	2
পিসি	দিয়ে	বানানো	2
টাও	ভালো	বাট	2
ভিপিএন	এর	কনফিগ	2
ব্রো	একটু	কষ্ট	2
রেজাল্ট	দেখবো	কি	2
দেখবো	কি	ভাবে	2
অনলাইন	এ	মুভি	2
বার	বার	চেঞ্জ	2
১	ইয়ার	আগেই	2
করছি	বাট	এখনো	2
না	এই	পোস্ট	2
থেকে	কল	করতে	2
মোবাইল	এর	নোটিফিকেশন	2
এর	নোটিফিকেশন	এমন	2
নোটিফিকেশন	এমন	আগে	2
এমন	আগে	থেকেই	2
আগে	থেকেই	কালার	2
থেকেই	কালার	চেঞ্জ	2
কালার	চেঞ্জ	টা	2
চেঞ্জ	টা	কাজে	2
টা	কাজে	লাগলো	2
নাম্বার	টা	দিবা	2
টা	দিবা	প্লিজ	2
তো	পোস্ট	করতে	2
টেকটিউনস	থেকে	কপি	2
পোস্ট	করা	আসে	2
হইসে	বাট	পেমেন্ট	2
ভাই	কল	দিতে	2
অ্যাপ	বানানো	যায়	2
হুম	ভাইয়া	কিছু	2
হলে	তো	একটু	2
তো	একটু	কষ্ট	2
সালে	যখন	আমি	2
ইউজ	করলে	এখন	2
আর	কিসু	বললাম	2
কিসু	বললাম	না	2
কয়েক	দিন	পর	2
ফোনের	স্টক	রম	2
হয়ে	গেসে	কোনো	2
দিন	পর	ভালো	2
আগেও	করা	হইসে	2
ঐ	টা	দিয়া	2
টা	দিয়া	কনফিগ	2
আইডি	চেঞ্জ	করে	2
থ্যাংক	ইউ	এর	2
ব্রো	অনেক	ট্রাই	2
অনেক	ট্রাই	করসে	2
তো	কথা	না	2
নিউ	পোস্ট	এ	2
পোস্ট	এ	ক্লিক	2
ভালো	করে	ডিজাইন	2
করে	দিসে	নাকি	2
আর	কী	কী	2
ব্রিক	হতে	পারে	2
হতে	পারে	একটু	2
আর	মেয়াদ	বাড়ানোর	2
ভাই	স্ক্রীনশট	টা	2
ওয়েব	এ	ফেসবুক	2
ভাইয়া	একটু	বলবেন	2
ভার্সন	কে	আপগ্রেড	2
কে	আপগ্রেড	করা	2
৩টা	কপি	মুক্ত	2
ট্রেইনার	রিকোয়েস্ট	ও	2
ভাইয়া	আপনার	আইডি	2
ইউজ	করবো	কি	2
এ	ওয়ার্ক	করবে	2
পাওয়া	যাবে	এমন	2
আপনি	পোস্ট	করসেন	2
কন	আমি	নিজে	2
হাইড	করা	যায়	2
থেকে	চলছে	না	2
ট্রিকবিডি	তে	সার্চ	2
কি	জানা	যাবে	2
করা	পসিবল	না	2
কাস্টম	রিকভারি	লাগবে	2
অনলাইন	থাকতে	হবে	2
কার্ড	এ	রাখলে	2
এই	ভিপিএন	টা	2
নট	ইনস্টলড	দেখায়	2
৩	টা	রেফার	2
পোস্ট	এ	লিংক	2
ট্রাস্টেড	সাইট	এর	2
এর	নেম	বলেন	2
হা	ভাই	আমি	2
আর	কতো	বার	2
পোস্ট	টি	করার	2
টি	করার	জন্য	2
কোড	কাজ	করেনা	2
না	লগ	ইন	2
খারাপ	হয়ে	গেসে	2
কোন	অফার	আছে	2
কেউ	একটু	বলবেন	2
মাত্র	একটা	পোস্ট	2
একটা	পোস্ট	হইসে	2
রম	এর	পোস্ট	2
এর	পোস্ট	করা	2
বড়ো	ভাই	এর	2
এ	কাস্টম	রম	2
রম	টা	বাগলেস	2
ইউজ	করি	কিন্তু	2
জন্য	কোনো	টিপস	2
লাভ	ইউ	ট্রিকবিডি	2
তাই	এই	প্রবলেম	2
এ	রিকুয়েস্ট	করুন	2
অনেক	আগেই	তো	2
ইনফো	দেখতে	পারবে	2
সময়	লাগতে	পারে	2
এখন	আর	হয়	2
ভিডিও	আপলোড	করা	2
টাকা	দিয়ে	১০০	2
কি	হবে	প্লিজ	2
অন	অফ	করা	2
ওল্ড	ভার্সন	এ	2
এ	স্পিড	বেশি	2
আসে	দেখে	নিন	2
অ্যাপস	নিয়ে	পোস্ট	2
কি	ইংলিশ	এ	2
ট্রিক	শেয়ার	করুন	2
ভাই	ট্রেইনার	রিকুয়েস্ট	2
এমবি	নেয়ার	পর	2
ভাই	চলে	বাট	2
কিভাবে	হ্যাক	করে	2
আপনার	এফবি	আইডির	2
দুই	দিন	ধরে	2
একটি	পোস্ট	ও	2
পোস্ট	ও	কারো	2
ও	কারো	কপি	2
কারো	কপি	করা	2
আগে	শেয়ার	করা	2
কমেন্ট	করে	আমাদের	2
ভাই	আপনি	নিউ	2
দিতে	পারবো	আর	2
ভাইয়া	আমার	নাম্বার	2
অ্যাডমিন	ভাইয়া	আমাকে	2
থেকে	ফ্রি	নেট	2
অনেক	আগে	দেখসি	2
করলে	কি	প্রবলেম	2
ব্রো	পিসি	তে	2
হবেনা	প্লিজ	ভাই	2
থেকে	২	টা	2
রিপ্লাই	দিতে	পারসি	2
ইউজ	করেন	এর	2
এফবি	লিঙ্কটা	দেন	2
ভাই	এর	এটা	2
ভাই	আমি	কমেন্ট	2
রুট	করা	যাচ্ছেনা	2
করা	যাচ্ছেনা	পিসি	2
যাচ্ছেনা	পিসি	দিয়েও	2
পিসি	দিয়েও	ট্রাই	2
ইউজ	করি	এখন	2
আমি	কী	করবো	2
হেল্প	করেন	রবি	2
এর	পাসওয়ার্ড	টা	2
পোস্ট	এর	মতো	2
এই	পোস্ট	টাও	2
ইউজার	তুমি	যে	2
তুমি	যে	পোস্ট	2
যে	পোস্ট	কপি	2
সফটওয়্যার	টা	তো	2
রংপুর	টেক	সেন্টার	2
২০১৭	সাল	পর্যন্ত	2
অস্থির	পোস্ট	ব্রো	2
করার	জন্য	প্লিজ	2
লাইক	করি	তাই	2
এখনও	কি	কাজ	2
কানেকশন	লাগবে	নাকি	2
প্লিজ	শেয়ার	করুন	2
ভালো	পোস্ট	আমি	2
তো	পোস্ট	দেওয়ার	2
পোস্ট	দেওয়ার	আগেই	2
আপনার	ফোন	কোন	2
কোন	ভিপিএন	ইউজ	2
গুড	আগে	ইউজ	2
ট্রাই	করেই	বলসি	2
আছে	এই	অ্যাপ	2
না	আমি	বলসি	2
আপনি	কপি	করসেন	2
হলে	সব	ঠিক	2
পাবেন	না	ভাই	2
গুলা	ইউজ	করছেন	2
সেটা	তো	বললেন	2
কল	দেয়া	যাবে	2
ইউসি	ব্রাউজার	আছে	2
ভাই	কাস্টম	রুম	2
আর	এই	ধরনের	2
আছে	তো	আমি	2
কতবার	পাওয়া	যাবে	2
অফ	করছে	নাকি	2
ইনবক্স	চেক	করো	2
বিকাশ	একাউন্ট	এ	2
আপনার	সমস্যা	কি	2
ওই	অ্যাপ	থেকে	2
ইউজ	করেন	তারপর	2
ভাই	চেষ্টা	করব	2
অনেক	ভালো	করে	2
থ্যাংকস	বাট	আমার	2
পার্ট	দিতে	হবে	2
ধরনের	পোস্ট	না	2
সিম্ফনি	এক্সপ্লোরার	ভি৫৫	2
গুগল	ড্রাইভের	লিংক	2
ভাই	ট্রিকবিডি	পোস্ট	2
ভিডিও	টাও	দেখতে	2
টাও	দেখতে	পারেন	2
ঠিক	বুঝতে	পারলাম	2
ভাইয়া	ডাউনলোড	করতে	2
ভাই	বলবেন	কি	2
২	বার	পেমেন্ট	2
বার	পেমেন্ট	পাইছি	2
দিয়া	ডাউনলোড	দিলে	2
অ্যাড	আসবে	না	2
বলেন	না	প্লিজ	2
হ্যাক	করার	কোনও	2
করার	কোনও	উপায়	2
ফ্রেন্ড	রিকুয়েস্ট	দিছি	2
রিকুয়েস্ট	দিছি	একসেপ্ট	2
থ্যাঙ্ক	ইউ	সো	2
এইটা	করে	কি	2
করব	কিভাবে	অর	2
আরন	করা	যায়	2
নিতে	পারেন	আর	2
তাই	আগে	সব	2
না	বুঝলে	কিছু	2
বুঝলে	কিছু	করার	2
আইডি	দিয়ে	কয়টা	2
বিটকয়েন	থেকে	বিকাশে	2
কি	সমস্যা	হবে	2
ফ্রি	হস্টিং	সাইট	2
কিছু	কম	হবে	2
নাইস	ব্রো	থ্যাংকস	2
একটু	বললে	উপকার	2
ডাচ	বাংলা	ব্যাঙ্ক	2
পিসি	তে	ফ্রি	2
ধৈর্য	না	থাকলে	2
ভাবেই	ডাউনলোড	করতে	2
স্যামসাং	জে১	আছে	2
না	দেয়াই	ভালো	2
নতুন	কোন	উপায়	2
কোন	উপায়	পেলে	2
করতে	পারতাছি	না	2
কোনও	উপায়	আছে	2
জিপি	বন্ধ	সিমে	2
দিয়ে	অ্যাড	রিমুভ	2
পোস্ট	এ	করেন	2
দিতেন	তাহলে	অনেক	2
পোর্ট	করতে	হয়	2
নাই	আমি	নিজে	2
আইডি	ব্যান	করা	2
রিভিউ	দিয়েন	তো	2
অনেক	কিছু	করা	2
ইউস	করে	আমি	2
ওই	টা	তে	2
টা	বার	বার	2
নাম্বার	অ্যাড	করার	2
অ্যাড	করার	জন্য	2
প্লেস্টোরে	থেকে	ডাউনলোড	2
হুম	ভাই	আগে	2
বেশি	দিন	থাকবে	2
লিংক	ঠিক	করুন	2
কিভাবে	ফ্রি	তে	2
ভাই	কালি	লিনাক্স	2
গুড	পোস্ট	ভালো	2
এনেমি	এর	ফোন	2
এ	ইনস্টল	করা	2
ফাইজলামির	একটা	সীমা	2
আপনি	অথর	আইডি	2
কষ্ট	করে	প্লিজ	2
যে	জানেন	না	2
ভাই	এই	বিষয়	2
থেকে	যে	আসে	2
কি	আমাকে	একটা	2
তো	ট্রিকবিডি	এর	2
খুব	খারাপ	লাগে	2
করা	বন্ধ	করেন	2
আর	একটু	ক্লিয়ার	2
জিপ	ফাইল	ইন্সটল	2
দরকার	নাই	আর	2
নেক্সট	টাইম	আর	2
বুঝলেন	এটা	আমার	2
ভালো	করে	করেন	2
যায়	একটু	বলবেন	2
কাস্টম	রিকভারি	আছে	2
কিছুদিন	পর	পর	2
ওই	গেম	এর	2
হ্যাক	করতে	হবে	2
করতে	হবে	কিন্তু	2
ভাই	টাইটেল	ঠিক	2
পোস্ট	এ	টাকা	2
নেক্সট	পার্ট	গুলা	2
১৮	বছর	না	2
বছর	না	হলে	2
হ্যাকিং	নিয়ে	পোস্ট	2
পোস্ট	করা	হইসে	2
তাও	থ্যাংকস	অনেকের	2
থ্যাংকস	অনেকের	উপকার	2
উপকার	হবে	আবার	2
হবে	আবার	কেউ	2
ও	হতে	পারে	2
আগে	করা	হইছে	2
ভাই	একটু	বুঝিয়ে	2
ফর	এফবি	দিয়ে	2
কন্টাক্ট	হয়	না	2
বাট	এমবি	থাকলে	2
সিটি	ব্যাংক	হ্যাক	2
রোজার	মাসে	মিথ্যা	2
মাসে	মিথ্যা	কথা	2
মিথ্যা	কথা	কম	2
কথা	কম	বললে	2
কম	বললে	হয়	2
বললে	হয়	না	2
সমস্যা	হবে	ভাইয়া	2
ফাঁকা	থাকতে	হবে	2
কমেন্ট	করবে	ভাই	2
ফোন	রুট	লাগবে	2
বলবেন	প্লিজ	প্লিজ	2
আপনার	কথা	টা	2
টা	ভালো	লাগসে	2
নেম	একটা	ফাইল	2
ছাড়া	জয়েন	করলে	2
অফার	টা	পাবো	2
রিয়াদ	ব্রো	আমার	2
আর	কি	কোনো	2
ওয়ে	থাকলে	দেন	2
করলাম	দেখা	যাক	2
হয়	প্রব্লেম	সল্ভড	2
পারছি	না	কেন	2
নিজে	তারপর	বলেন	2
ভাই	বুট	লোগো	2
এই	পোস্ট	আগেও	2
পোস্ট	আগেও	করা	2
মাত্র	৬	টা	2
সাবস্ক্রাইব	করুন	আর	2
আর	সব	ভিডিও	2
সব	ভিডিও	লক্ষ্য	2
ভিডিও	লক্ষ্য	করুন	2
লক্ষ্য	করুন	আস্তে	2
করুন	আস্তে	আস্তে	2
আস্তে	আস্তে	অনেক	2
আস্তে	অনেক	মজার	2
মজার	মজার	জিনিস	2
মজার	জিনিস	বানানোর	2
জিনিস	বানানোর	ভিডিও	2
বানানোর	ভিডিও	দিবো	2
তুই	ঠিক	করে	2
এর	পর	এই	2
শেয়ার	করার	ইচ্ছা	2
এর	একটা	আইডি	2
মতো	কথা	বলো	2
সিম	দিয়ে	চলে	2
রম	এর	ব্যাকআপ	2
প্লিজ	আগে	হাদিস	2
সাইট	দিতে	পারবেন	2
না	কারণ	টা	2
আমি	একদম	নতুন	2
ভালো	পোস্ট	ও	2
আমি	বুঝি	না	2
লগ	ইন	না	2
একটা	অপশন	আসে	2
৪	ইয়ার	ধরে	2
ব্লগ	সাইট	এ	2
সাইট	এ	কিভাবে	2
মতো	কথা	বলবেন	2
লিনাক্স	ইনস্টল	করবো	2
হয়না	তো	ভাই	2
করলে	ডাউনলোড	হবে	2
কেউ	বলতে	পারেন	2
ভাইয়া	আমার	আইডি	2
এর	থিম	আছে	2
কিনতে	পারি	না	2
পারি	না	তবে	2
আমি	আমার	এন্ড্রোয়েড	2
আমি	তো	আর	2
নাইস	পোস্ট	থ্যংক্স	2
পোস্ট	তো	আমি	2
বলার	অপেক্ষা	রাখে	2
অপেক্ষা	রাখে	না	2
কিভাবে	বিকাশ	এ	2
বিষয়ে	পোস্ট	করুন	2
দরকার	নাই	বিরক্ত	2
নাই	বিরক্ত	লাগে	2
আশা	করি	কাজ	2
করি	কাজ	করবে	2
কেউ	দয়া	করে	2
ফোনের	সাথে	কানেক্ট	2
ট্রাই	করে	দেখবো	2
আপডেট	করা	হইছে	2
কিভাবে	করবো	সেটা	2
করে	লেখা	হয়	2
ওকে	নেক্সট	এ	2
ভাইয়া	আপনার	ফেইসবুক	2
আমি	পোস্ট	কপি	2
পোস্ট	রিভিউ	করুন	2
কথা	বলতে	হবে	2
এর	লিংক	তা	2
তা	দিন	প্লিজ	2
কি	সিঙ্গেল	নাম	2
ইনবক্স	এ	আসুন	2
পরে	একটা	পোস্ট	2
এই	ট্রিক	বিডি	2
নিতে	পারবো	নাকি	2
চেঞ্জ	করতে	কি	2
এ	সেন্ড	করতে	2
বাট	কিভাবে	কি	2
ক্যাশ	ব্যাক	করবে	2
ভাই	আমি	অলরেডি	2
পোস্ট	করসি	পেন্ডিং	2
করসি	পেন্ডিং	এ	2
কোড	কিভাবে	ইউস	2
কথা	বলার	পর	2
এডিট	করে	দিবেন	2
ট্রাই	করুন	কাজ	2
করুন	কাজ	হবে	2
এর	রুলস	গুলো	2
ভাই	আমার	লাভা	2
না	যারা	নিউ	2
ভাই	আপনি	আপনার	2
করবো	কিভাবে	পোস্ট	2
কিভাবে	রুট	করবেন	2
কে	ডাবল	করলে	2
না	করে	কি	2
পিক	শো	করবে	2
এফবি	তে	দিয়েন	2
কোনো	ভাবেই	ডাউনলোড	2
হেল্প	মি	মাই	2
কি	লাগবে	নাকি	2
সেটার	পোস্ট	করেন	2
মেয়াদ	২৪	আওয়ার	2
সবাই	জানে	পারলে	2
ব্রো	পোস্ট	এ	2
পোস্ট	এ	ডাউনলোড	2
এ	ডাউনলোড	লিংক	2
ডাউনলোড	লিংক	দিবো	2
গুড	ভাই	আপনার	2
থাঙ্কস	ফর	কমেন্ট	2
ওয়েব	এর	অ্যাড	2
ক্লিক	করানোর	জন্য	2
ইনস্টল	ই	হয়না	2
না	করে	তো	2
নিজে	ইউজ	করতেসি	2
কেওয়াইসি	ভেরিফাই	করতে	2
কেওয়াইসি	ভেরিফাই	না	2
ভেরিফাই	না	করলে	2
কি	হবে	কোনো	2
নেন	তার	পর	2
দিয়া	লগইন	করে	2
বাংলা	ফন্ট	টার	2
আমি	পোস্ট	দিতে	2
এ	প্রব্লেম	হয়	2
ভাই	আপনি	লিংক	2
ইনফো	তে	গিয়ে	2
কার্ড	এর	পোস্ট	2
এর	পোস্ট	দেন	2
ফর	পসিটিভ	কমেন্ট	2
পোস্ট	ট্রিক	বিডি	2
এ	ট্রাই	করসি	2
কি	কি	করেছেন	2
আগের	পোস্ট	টা	2
গুগল	এ	দেখতে	2
জিমেইল	ক্রিয়েট	করে	2
এড্রেস	এ	কি	2
পোস্ট	এই	রকম	2
ভিডিও	আপলোড	করে	2
স্কুল	এর	রেজাল্ট	2
কেউ	জানলে	বলুন	2
এ	ভিপিএন	কানেক্ট	2
করে	নাই	যেটা	2
তাই	আপনার	পোস্ট	2
করতে	হবে	কারণ	2
কোন	ভালো	কাস্টম	2
কাস্টম	রোম	দেন	2
অনেক	দিন	থেকেই	2
এ	এখন	কি	2
কি	পাগল	নাকি	2
খেলা	দিয়ে	দিছে	2
বলে	হালা	বলদ	2
ভাই	জিপি	গার্ড	2
ওয়েট	এন্ড	সি	2
আমার	তো	২	2
তো	২	টা	2
ফেইক	আমাকে	এখনো	2
আমাকে	এখনো	পেমেন্ট	2
পেমেন্ট	দেয়	নাই	2
দাও	প্লিজ	প্লিজ	2
এ	ওয়াইফাই	হ্যাক	2
ভিপিএন	এর	মত	2
এর	মত	কাজ	2
মত	কাজ	করবে	2
বিকাশ	অ্যাপ	এই	2
প্রায়	১	ইয়ার	2
ইনবক্স	করেন	এফবি	2
নতুন	কিছু	শেয়ার	2
পোস্ট	এ	না	2
এর	জন্যে	কি	2
জন্যে	কি	করবো	2
ওই	সিম	টা	2
করে	কাজ	করেন	2
তে	ক্লিক	করেন	2
দিলে	আরো	ভাল	2
ডাউনলোড	লিংক	দাও	2
কোন	পোস্ট	হল	2
জাভা	দিয়ে	হবে	2
ডাউনলোড	স্পিড	কি	2
এক্সাম	তো	তাই	2
রুট	কিং	রুট	2
আপনার	ইমেইল	দেন	2
ওয়াল্টন	প্রিমো	এনএইচ	2
কেউ	বুঝতে	না	2
বুঝতে	না	পারে	2
ওপেন	এডমিন	প্যানেল	2
অফার	টা	কত	2
টা	কত	বার	2
সব	দিক	থেকে	2
ফ্রি	ট্রায়াল	নেওয়ার	2
ইউজার	ভাই	টিউনার	2
সরি	ভাইয়া	আমি	2
কি	ভাবে	বুঝলেন	2
আর	ভাই	পোস্ট	2
করলে	প্লেস্টোর	এ	2
প্লেস্টোর	এ	নিয়ে	2
চিপসেট	ভার্সন	কত	2
একটা	ডিভাইস	এ	2
অ্যাকাউন্ট	করা	যায়	2
না	এই	ভাই	2
তার	তো	কোনো	2
এর	জন্য	এই	2
জিপড	করে	দেয়	2
মাঝে	জিপড	অ্যাপস	2
অ্যাপ	টা	ওপেন	2
সেভার	হ্যাজ	বিন	2
হ্যাজ	বিন	স্টপড	2
প্রসেস	হ্যাজ	স্টপড	2
ভার্সন	ব্যবহার	করেন	2
করা	শুরু	হয়	2
ভাল	না	লাগলে	2
না	লাগলে	আপনি	2
পোস্ট	কিপ	ইট	2
এর	পরের	ভার্সন	2
আপনার	কোনো	প্রবলেম	2
এক	অ্যাপ	এর	2
অল	অ্যাপস	এ	2
মেইন	টাকা	টা	2
বের	করবো	একটু	2
লাগবে	আপনার	এফবি	2
কেমনে	কি	করতে	2
ভাই	আমার	পোষ্ট	2
ব্রাউজিং	করা	যায়	2
অ্যাপ	টা	দিয়ে	2
৩	ইয়ার্স	আগে	2
হবে	আর	না	2
থেকে	কথা	বলা	2
নেট	ইউজ	করলে	2
পোস্ট	কপি	করি	2
আপনি	অন্য	রম	2
অন্য	রম	ট্রাই	2
রম	ট্রাই	করেন	2
তে	এখন	আর	2
করে	কি	করবো	2
সার্চ	দিলাম	বাট	2
বলেন	ইউজার	ভাই	2
স্টোক	রম	ব্যাকআপ	2
হবে	প্লিজ	জানান	2
এর	মত	অ্যাপ	2
এ	লিখা	আছে	2
লিখা	আছে	দেখেন	2
করে	আবার	পাসওয়ার্ড	2
ওই	মিয়া	এইটা	2
ইনবক্স	এ	কথা	2
প্লিজ	ব্রো	একটু	2
কোন	ভিপিএন	দিয়ে	2
বলতে	পারবেন	কি	2
ডাউনলোড	লেখা	আছে	2
ভাই	খুব	খারাপ	2
কি	করবো	ব্রো	2
ইউজ	করতাম	বাট	2
বাট	এখন	আবার	2
ব্রো	এটা	কোনো	2
কন্ট্রাক্ট	করবো	কিভাবে	2
তো	কেউ	আপনার	2
ইন্টার্নাল	স্টোরেজ	এ	2
বাদ	দিয়ে	জাস্ট	2
একটা	পেপাল	আইডি	2
পেপাল	আইডি	খুলে	2
টাকা	তুলতে	হয়	2
পাওয়া	যাবে	এইটা	2
অ্যাপস	টা	তে	2
এটা	কোনো	পোষ্ট	2
কোনো	পোষ্ট	হলো	2
ভাই	আমাকে	এই	2
করার	মত	কি	2
ভাই	অনেক	ভাল	2
অ্যাক্টিভ	করতে	হবে	2
করলাম	কাজ	হলো	2
কিন্তু	পোস্ট	এর	2
পোস্ট	করবো	প্লিজ	2
জিমেইল	ডিলিট	করে	2
খালি	খালি	এমবি	2
যায়	না	তো	2
না	তো	আর	2
ব্যাকগ্রাউন্ড	এর	ওপর	2
লগইন	করে	রিপ্লাই	2
করে	রিপ্লাই	দিতে	2
পোস্ট	হয়ে	যাচ্ছে	2
অ্যাড	শো	করবে	2
ইউ	আর	বেস্ট	2
ব্রো	এইটা	কি	2
গুলোর	মধ্যে	একটি	2
ইউটিউব	এর	মত	2
প্রবলেম	টা	কি	2
তাহলে	তো	খুব	2
এইটা	ইউজ	করেন	2
আপনার	নাম্বার	আইডি	2
এর	ফাইল	এ	2
করে	যদি	বলতেন	2
সব	চেয়ে	ভাল	2
২৫	এমবি	লিমিট	2
এমবি	লিমিট	এর	2
ইউজার	এর	জন্য	2
একটা	ট্রিক	বের	2
পোস্ট	টা	রিভিউ	2
যায়	তখন	কি	2
না	ভাই	আর	2
আর	তা	ছাড়া	2
প্লিজ	রিপ্লাই	দিন	2
সমস্যার	সমাধান	চ্যানেল	2
সমাধান	চ্যানেল	থেকে	2
অ্যাপস	এর	মত	2
পাচ্ছি	হেল্প	মি	2
আপনার	সাইট	লিংক	2
ফ্রি	তে	ডাউনলোড	2
নেট	পোস্ট	দিন	2
হেল্প	করো	কেউ	2
ওকে	ব্রো	নেক্সট	2
ব্রো	নেক্সট	পার্ট	2
নেক্সট	পার্ট	একটু	2
অফ	করার	সিস্টেম	2
করুন	না	প্লিজ	2
কি	হলো	ভাই	2
হয়ে	যায়	কেন	2
করতে	পারছি	একটু	2
বললে	উপকৃত	হতাম	2
দেখাচ্ছে	না	তাই	2
এর	সার্ভে	দেয়	2
পল্লী	সিম	নাই	2
রিচার্জ	করলে	হবে	2
এমবি	ছাড়া	কানেক্ট	2
কানেক্ট	হয়না	কেন	2
কি	এই	কার্ড	2
ভাই	ওই	অ্যাপস	2
পরে	আপনি	কিছু	2
থেকে	ভালো	স্পিড	2
তাই	বলে	কি	2
স্টোর	ওপেন	করলে	2
বায়োস্কোপ	প্যাক	দিয়ে	2
এন্ড	ইউজার	ব্রো	2
আর	একটা	পোষ্ট	2
এর	কোনো	ওয়ে	2
ভাই	অ্যাপস	টা	2
মানসম্মত	পোষ্ট	করছি	2
কেন	পোষ্ট	টা	2
পোষ্ট	টা	কি	2
স্টক	রম	ফ্ল্যাশ	2
করেছি	তাও	হয়নি	2
চালানো	যাবে	না	2
ভাই	আপনার	তো	2
ইউজ	করে	দেখেন	2
এই	সব	ফালতু	2
একটা	ভালো	রম	2
লিমিট	শেষ	এখন	2
১০	সাপোর্ট	করবে	2
হিসেবে	ইউজ	করা	2
আচ্ছা	এমন	কি	2
এক	ক্লিক	এই	2
সার্ভিস	এপিকে	টা	2
ওই	এপিকে	টা	2
তাই	আপনার	উচিত	2
দিছি	একসেপ্ট	করেন	2
অনেক	ভালো	অ্যাপ	2
ওয়াইন	কোন	ভার্সন	2
কোন	ভার্সন	ডাউনলোড	2
এমনি	ঠিক	হয়ে	2
করে	দেখেন	সব	2
ভাই	লিংক	ওপেন	2
সঠিক	বলতে	পারছি	2
বাংলা	ভাইস	সিটি	2
ইউজার	ভাই	অ্যাডমিন	2
অ্যাপ	এ	ঢুকলে	2
অটো	লাইক	কিভাবে	2
ইউজ	করলে	স্পিড	2
কি	লাভ	ভাই	2
আর্ন	করা	যায়	2
ভিপিএন	দিতে	পারবেন	2
ভাই	অ্যাডমিন	ভাই	2
১২	টার	পর	2
অ্যাডসেন্স	পাওয়া	যাবে	2
এমবি	লাগে	নাকি	2
খুব	ভালো	পোষ্ট	2
সাইট	এ	ট্রাফিক	2
আমার	কাছে	শুধু	2
উত্তম	প্রতিদান	দিন	2
অ্যাপস	ইউজ	করতে	2
কন্ট্রিবিউটর	এর	পার্থক্য	2
এর	পার্থক্য	কি	2
পার্থক্য	কি	বলবেন	2
ভাই	পেপাল	অ্যাকাউন্ট	2
ট্রিকবিডি	কে	এগিয়ে	2
কে	এগিয়ে	নিয়ে	2
১	বারের	বেশি	2
আসে	তার	পর	2
পরে	আর	কোড	2
একটা	অ্যাকাউন্ট	খুলে	2
ধরে	ইউজ	করতেছি	2
তে	শেয়ার	করতে	2
করেছি	তবে	সব	2
ইন	প্রগ্রেস	এ	2
কার্ড	একটিভ	করে	2
বলসেন	সেই	ভাবেই	2
অ্যাপ	এর	ভিতরে	2
টা	এপ্রুভ	করেন	2
কোনো	কপি	করা	2
করে	হ্যাক	করতে	2
পর	জানানো	হবে	2
জিপি	সিম	থেকে	2
ডাউনলোড	দেয়া	যায়	2
১	টা	সিম	2
এসএমএস	এ	বলে	2
এ	বলে	দিবে	2
পোষ্ট	টা	তো	2
আপনি	কপি	করছেন	2
এর	আগেও	এই	2
ও	অনেক	এ	2
একটা	পোষ্ট	দিয়েন	2
তা	শেয়ার	করার	2
থেকে	ডিলিট	করেন	2
নিয়ে	পোষ্ট	করেন	2
মানে	১	ডলার	2
দিনে	ডলার	করতে	2
ডলার	করতে	মিনিমাম	2
করতে	মিনিমাম	১০০	2
মিনিমাম	১০০	রিটেইনড	2
কয়েন	কেমন	করে	2
রবি	এর	মতো	2
এর	মতো	ফ্রি	2
মতো	ফ্রি	নেট	2
এ	ঢুকতে	হয়	2
আমি	যেভাবে	দেখাইছি	2
এটাও	বন্ধ	হয়ে	2
করি	তবে	কি	2
ডিভাইস	রুটেড	হওয়া	2
ডাউনলোড	সাইট	বানানো	2
সাইট	বানানো	যায়	2
ডেইলি	লিমিট	আছে	2
কথাটা	ঠিক	বুঝতে	2
ফেসবুক	এ	রিকুয়েস্ট	2
সাপোর্ট	টিম	ভাই	2
তাহলে	এখন	কি	2
কি	ভাবে	ভেরিফাই	2
না	চলে	তাহলে	2
আমার	পোষ্ট	পাবলিশ	2
খুব	ভাল	লাগলো	2
আইফোন	এর	জন্য	2
হলে	এখান	থেকে	2
সব	আইডি	তে	2
ভাই	বিটকয়েন	এ	2
গুলা	কই	পাবো	2
আমি	অ্যাপ	টার	2
স্ক্রিনশট	টা	দিলে	2
করা	অনেক	ঝামেলা	2
গুগল	ক্রোম	ব্রাউজার	2
লেআউট	থেকে	করেন	2
ভাই	আপনি	ভিপিএন	2
এ	টাকা	আর্ন	2
ফ্রি	তে	কাজ	2
ইউজ	করছি	এখন	2
রেফার	এর	ধান্দা	2
পেপাল	থেকে	টাকা	2
এ	লেখা	আছে	2
ভিডিও	দিলে	ভাল	2
দিলে	ভাল	হতো	2
আমাকে	টিউনার	করে	2
আপগ্রেড	টা	কেমনে	2
টা	কেমনে	স্টপ	2
স্টপ	করা	গেলে	2
করা	গেলে	মোবাইল	2
গেলে	মোবাইল	নষ্ট	2
রোবট	না	কিনলে	2
গুগল	ক্রোম	এ	2
এ	থাকতে	হবে	2
এর	থেকে	ভাল	2
তার	পর	বলেন	2
কি	ভাবে	নিবো	2
১৯	টাকা	১	2
এ	আছে	প্লিজ	2
আছে	প্লিজ	আমাকে	2
টিউনার	করে	দেন	2
জন্য	ওয়েট	এ	2
পোষ্ট	এর	মধ্যে	2
এর	মধ্যে	লিংক	2
মধ্যে	লিংক	দেয়	2
এপিকে	লিংক	টা	2
কিছু	শেয়ার	রেডিমেড	2
শেয়ার	রেডিমেড	জিনিসের	2
রেডিমেড	জিনিসের	প্রচার	2
জিনিসের	প্রচার	করে	2
প্রচার	করে	প্রোগ্রামিং	2
করে	প্রোগ্রামিং	এর	2
প্রোগ্রামিং	এর	প্রতি	2
এর	প্রতি	নতুনদের	2
প্রতি	নতুনদের	আগ্রহ	2
নতুনদের	আগ্রহ	কমাবেন	2
কোডিং	এর	মাধ্যমে	2
মাধ্যমে	কিভাবে	করা	2
সম্বন্ধে	টিউটোরিয়াল	দেন	2
কয়েক	কেবি	লাগবে	2
প্রক্সি	সার্ভার	কি	2
সব	গুলো	বই	2
কাজ	তো	হচ্ছে	2
লেনদেন	করা	যায়	2
পাইলাম	নাইট	প্যাক	2
ভাই	রেজ	করতে	2
ভাই	এই	ট্রিক	2
এই	ট্রিক	তো	2
আমিও	জানতে	চাই	2
না	কেন	এই	2
নাম্বার	দিয়ে	রেজিস্ট্রেশন	2
টাকা	কেটে	নেয়	2
কি	পাবো	এই	2
এসএমএস	দিয়ে	জানিয়ে	2
উপায়	আছে	হেল্প	2
ভাই	নতুন	কিছু	2
এটা	কেউ	ইউজ	2
কেউ	ইউজ	করবেন	2
সুন্দর	করে	গুছিয়ে	2
আর	গজল	এর	2
গজল	এর	কথা	2
কথা	উল্লেখ	করলাম	2
তো	কানেক্ট	হচ্ছে	2
টা	কি	আর	2
ট্রিকবিডি	তে	এটা	2
তে	এটা	নিয়ে	2
এর	কোনো	সিস্টেম	2
ভাইয়া	ফোন	রুট	2
একটু	লিখে	দেন	2
বাজেট	২৫	টু	2
টাইটেল	দেখে	তো	2
উইন্ডোজ	১০	ফ্রি	2
১০	ফ্রি	করে	2
ফেসবুক	এ	নক	2
কপি	করছেন	কেন	2
ট্রিকবিডি	তে	বেশি	2
তে	বেশি	লিংক	2
আপনাদের	সাথে	আমি	2
এফবি	লিঙ্ক	দেয়া	2
সফট	থাকলে	শেয়ার	2
থাকলে	শেয়ার	কইরেন	2
৭	জেবি	রেটিং	2
অনেক	অনেক	থ্যাঙ্কস	2
লিখতে	মন	চায়	2
একটু	তদন্ত	করে	2
প্লিজ	ফ্রি	নেট	2
পোস্ট	টা	যদি	2
অনেক	আগেই	করে	2
না	গেলে	ট্রাই	2
পেপাল	ভেরিফাই	করা	2
ভাইয়া	একটু	কষ্ট	2
কি	ইউসি	হ্যান্ডলার	2
ইউসি	হ্যান্ডলার	চলবে	2
কাছে	থাকলে	শেয়ার	2
ভিডিও	থাকলে	দেন	2
পোস্ট	এ	কিভাবে	2
এ	ক্লিক	করলাম	2
ট্রাই	করেন	অ্যান্ড	2
থ্যাঙ্ক	ইউ	ভাই	2
ইউ	ভাই	নেক্সট	2
করতে	পারেন	এই	2
ইন্টারনেট	লাগেনা	শুধু	2
লাগেনা	শুধু	একটা	2
শুধু	একটা	মোবাইল	2
এ	ওয়াইফাই	দিয়ে	2
দিয়ে	কয়জনের	আবেদন	2
কয়জনের	আবেদন	করা	2
আবেদন	করা	যাবে	2
এ	কি	প্রব্লেম	2
পোস্ট	কেন	করলেন	2
ভাই	গুগল	ড্রাইভ	2
প্রবলেম	হয়	না	2
থ্যাঙ্কস	ইউজার	ব্রো	2
নাই	তাই	করলাম	2
মেয়াদ	বাড়ানোর	সিস্টেম	2
বাড়ানোর	সিস্টেম	থাকলে	2
কিন্তু	কাজ	হয়নি	2
বছরের	শেষের	দিকে	2
রিভিউ	দেয়ার	জন্য	2
স্টোর	এ	নাই	2
প্রবলেম	হবে	কি	2
দেখেন	ভালো	লাগবে	2
তার	ডাউনলোড	লিঙ্ক	2
পোস্ট	করছি	ভাই	2
করুন	কাজ	করবে	2
গেম	টা	কি	2
এইরকম	আরো	ভালো	2
ডাউনলোড	লিংক	না	2
এফবি	লিংক	লাগবে	2
হয়	কি	না	2
চালু	হয়	না	2
অ্যাপ	আছে	কি	2
এর	নাম	দেন	2
এর	জন্য	তো	2
কপি	করে	মেরে	2
জন্য	এই	অফার	2
ট্রিকবিডি	এর	সাপোর্ট	2
এর	সাপোর্ট	টিম	2
অনলি	মি	করা	2
আইফোন	এক্সএস	ম্যাক্স	2
অনেকে	অনেক	কথা	2
অনেক	কথা	বলবে	2
আইডি	তে	ফলোয়ার	2
ফ্রি	তে	ডোমেইন	2
আনইনস্টল	করার	পর	2
আসে	না	তাই	2
কী	ভাবে	একটু	2
ভাবে	একটু	বলবেন	2
গুলা	পোস্ট	করা	2
অমুক	ভাই	এটা	2
বিটিভি	এর	এসশট	2
এর	এসশট	দিতে	2
তে	পোস্ট	করেন	2
আপনি	চাইলে	অন্য	2
ভালো	পোস্ট	না	2
ফ্লাইট	মোড	অন	2
মোড	অন	করলে	2
একটিভ	করুন	তাহলে	2
টা	অনেক	হার্ড	2
হবে	না	এমন	2
এমন	অ্যাপ	নাই	2
ভাই	সার্ভার	ফুল	2
২	টা	কাজ	2
কথা	আর	কি	2
পোস্ট	গুলো	দেখে	2
টা	কি	এখন	2
আপনি	ভিপিএন	ইউজ	2
থ্যাঙ্ক	ইউ	ব্রো	2
নোট	৫	প্রো	2
ভাইয়া	সব	ঠিক	2
মুভি	তো	ইউটিউব	2
তো	ইউটিউব	এ	2
প্লিজ	আর	আমি	2
অফার	এর	জন্য	2
এর	জন্য	কত	2
করে	রাখি	আর	2
পেলে	জানানো	হবে	2
মডারেটর	ব্রো	ট্রিকবিডি	2
তে	অনেক	ওল্ড	2
পাওয়ার	জন্য	এগুলো	2
পারমিশন	নিছেন	আর	2
পোস্ট	এ	আপনার	2
অ্যান্ড্রয়েড	ইউজ	করি	2
টিপস	শেয়ার	করেন	2
লিংক	দেয়	তখন	2
আপনার	মতামত	এর	2
স্পিড	আরো	কমে	2
এই	ভিপিএন	এর	2
কি	কোনো	সার্ভিস	2
হয়ে	অনেক	সময়	2
হেল্প	মে	ব্রো	2
পিসি	ছাড়া	কিভাবে	2
ছাড়া	কিভাবে	রুট	2
না	পোস্ট	এর	2
কি	রেফার	করা	2
ভাই	প্লেস্টোর	এ	2
হ্যাক	করার	অ্যাপ	2
থেকে	এসএস	নেয়ার	2
ভাই	উনার	পোস্ট	2
কি	আমি	টাকা	2
একটা	আইডি	দেন	2
আপনি	কি	একটা	2
কি	একটা	বানিয়ে	2
একটা	বানিয়ে	দিতে	2
বানিয়ে	দিতে	পারবেন	2
দিতে	পারবেন	একাউন্ট	2
কনফিগ	শেয়ার	করা	2
এই	পোস্ট	তা	2
এফবি	আইডি	দেয়া	2
টা	জানতাম	না	2
এটা	তো	সবার	2
ডাউনলোড	লিংক	গুগল	2
লিংক	গুগল	ড্রাইভ	2
এর	হলে	ভালো	2
করতে	হবে	আপনাকে	2
রাইট	আমি	আপনার	2
টা	আবার	কেমন	2
ট্রিক	শেয়ার	করেন	2
আমি	এখন	কী	2
একাউন্ট	ফ্রি	তে	2
পর	একটা	ভালো	2
দিয়ে	আপলোড	হয়	2
দিয়ে	কাজ	করি	2
ভাই	ডাউনলোড	এর	2
আশা	করি	ভাই	2
দিতেন	অনেক	উপকার	2
কী	আপনি	তো	2
অ্যাপ	বানাবো	কীভাবে	2
সিম্ফনি	আই১০	এর	2
ইউজ	করা	যেতে	2
জেডভি	প্রো	রুট	2
রুট	করছি	কিন্তু	2
ভালো	লাগে	তাই	2
কারো	উপকার	করতে	2
ভালো	মোবাইল	পাওয়া	2
নিয়ে	কাজ	করে	2
কাজ	করে	কোনো	2
করে	কোনো	লাভ	2
এ	মেসেজ	দেন	2
১০	এ	কাজ	2
পাবজি	মোবাইল	হ্যাক	2
টা	ট্রিক	টা	2
আছে	ট্রিকবিডি	এটা	2
পোস্ট	করেন	অনেক	2
আমার	একটা	ভিডিও	2
একটা	ভিডিও	লাগবে	2
ভিডিও	লাগবে	কারো	2
লাগবে	কারো	কাছে	2
রিপ্লাই	দেয়ার	জন্য	2
আইডি	তে	প্রব্লেম	2
আইডি	খুলার	সাথে	2
ভালো	একটা	অ্যাপস	2
একটা	অ্যাপস	এর	2
এই	বিষয়ে	একটি	2
কিংরুট	দিয়ে	হচ্ছে	2
ভালো	সাউন্ড	কোয়ালিটি	2
পোস্ট	এরকম	আরো	2
আপনি	যে	নাম	2
মোবাইল	রুট	করতে	2
আমাকে	একটা	মেসেজ	2
শেয়ার	করার	সুযোগ	2
অপশন	ই	নাই	2
ড্রাইভ	লিংক	এ	2
টা	চেঞ্জ	করেন	2
টা	কি	কোনো	2
এক্সাম	কেমন	হয়	2
এর	মতো	ফালতু	2
নাম	উল্লেখ	করেন	2
দিয়ে	শুধু	গুগল	2
আর	একটা	জিনিস	2
কাউকে	রেফার	করলে	2
হবে	তার	পরে	2
দেরি	করে	ফেলসেন	2
ভাই	কাল	আমি	2
করে	ট্রেইনার	রিকুয়েস্ট	2
দিন	ধরে	ট্রাই	2
ধরে	ট্রাই	করসি	2
সিমুলেটর	ফর	দিয়ে	2
ফর	দিয়ে	সিওসি	2
দিয়ে	সিওসি	গেমস	2
সিওসি	গেমস	খেলতে	2
গেমস	খেলতে	পারবো	2
খেলতে	পারবো	প্লিজ	2
কেউ	হেল্প	করো	2
তে	যোগাযোগ	করেন	2
কাস্টম	রম	পোর্ট	2
সাথে	সাথে	ডিসকানেক্ট	2
পোস্ট	বাদ	দেন	2
এই	অ্যাপ	টি	2
লিংক	টা	তো	2
এ	নিয়ে	পোস্ট	2
তা	সাইট	এ	2
পোস্ট	এ	দেয়া	2
তাহলে	কাজ	করবে	2
এ	কাজ	করা	2
এর	মতো	কাজ	2
পাওয়ার	কোন	ওয়ে	2
অনেক	ওয়ে	আছে	2
আগে	দেখিনি	তাই	2
স্টিকার	গুলা	বেশি	2
গুলা	বেশি	ভালো	2
হিন্দি	ডাবড	লিংক	2
এমবি	ট্রান্সফার	হয়	2
ট্রান্সফার	হয়	না	2
ইনভাইটেশন	কোড	ইউজ	2
ও	দিয়ে	ডিসি	2
এফবি	অটো	লাইক	2
করবো	প্লিজ	জানান	2
ডাইরেক্ট	লিঙ্ক	দেন	2
গাঁজা	খাইয়া	পোস্ট	2
তে	ইনস্টল	হয়	2
লিংক	দেওয়ার	জন্য	2
ইউজ	করলে	তো	2
আইএসপি	থেকে	এফটিপিবিডি	2
পোস্ট	পেন্ডিং	হয়ে	2
এখন	আপনি	যদি	2
নাও	লাগতে	পারে	2
উপরে	দেয়া	আছে	2
হ্যাক	করতে	কত	2
করে	বুঝলাম	না	2
এ	রা	আমি	2
ঐটা	তে	লেখা	2
টা	ডাউনলোড	করলাম	2
ইউজ	কেন	করেন	2
অ্যাপস	টা	তো	2
আমি	আপলোড	করি	2
দিয়েন	না	ভাই	2
কাজ	করি	নাই	2
পোস্ট	করতে	গেলে	2
গুড	পোস্ট	আরো	2
এলিয়েন	শ্যুটার	এর	2
ভালো	পোস্ট	করবেন	2
অনেক	আগে	ট্রিকবিডি	2
ই	এই	অ্যাপ	2
এ	কোড	টা	2
আশা	করি	আপনার	2
নেয়া	যাবে	আর	2
কোনো	ট্রিক	আছে	2
ডাউনলোড	করলাম	বাট	2
অমুক	ভাই	আপনাকে	2
হলে	অবশ্যই	পোস্ট	2
অবশ্যই	পোস্ট	করবো	2
এই	অ্যাপস	গুলো	2
দিয়ে	কি	ইউজ	2
ভাইয়া	আপনের	এফবি	2
আপনের	এফবি	আইডি	2
টা	ভালো	বাট	2
অনেক	র‍্যাম	ইউজ	2
র‍্যাম	ইউজ	করে	2
আমিও	পেমেন্ট	পাইসি	2
স্ন্যাপটিউব	আরো	ভালো	2
সাইট	এ	যাওয়া	2
নোকিয়া	জাভা	ফোন	2
আছে	বাট	আমার	2
এ	অ্যাকাউন্ট	খুলতে	2
খুলে	দিবেন	প্লিজ	2
আর	কোন	জায়গায়	2
আমাকে	একটা	এসএমএস	2
কোন	কলেজ	এ	2
যারা	রিকুয়েস্ট	করসে	2
আগে	একবার	পোস্ট	2
অ্যাপস	কাজ	করবে	2
অন	করতে	গেলে	2
থেকে	ট্রাই	করছি	2
কোনো	কিছু	মানে	2
বক্স	এ	কি	2
পারি	না	না	2
পাসওয়ার্ড	শো	করে	2
দিয়ে	ফ্ল্যাশ	করেন	2
অনেক	পোস্ট	করছি	2
লেখার	মানে	হয়	2
এর	দাম	কতো	2
করতেছিলাম	কবে	আসবে	2
কবে	আসবে	মুভিটা	2
দেয়া	যাবে	কি	2
ট্রিকবিডি	ভিসিট	করি	2
হতে	পারে	সবার	2
ভাই	আমি	৫	2
রেফার	আইডি	দিয়ে	2
টিভি	চ্যানেল	এ	2
সিম	দিয়ে	ফ্রি	2
পোস্ট	টার	জন্য	2
ভালো	হতো	থাঙ্কস	2
ড্রাইভ	লিংক	দিয়েছি	2
র‍্যাম	এর	জন্য	2
হয়ে	গেসে	তাই	2
দেয়ার	জন্য	থাঙ্কস	2
কিটক্যাট	এ	হবে	2
হবে	সেগুলো	কি	2
বাট	অ্যাপ	এর	2
স্যামসাং	গ্যালাক্সি	গ্রান্ড	2
অ্যাপস	এর	ভার্সন	2
পোস্ট	করলে	করেন	2
থেকেই	জানি	তাও	2
জানি	তাও	থাঙ্কস	2
আগে	পোস্ট	হইসে	2
নাই	আপনি	তো	2
আমার	ফেইসবুক	একাউন্ট	2
হয়ে	গেসে	প্লিজ	2
২	মাস	আগে	2
করতে	পারতেসে	না	2
জন্য	পোস্ট	টা	2
জাভা	ইউজারদের	জন্য	2
ভাই	ভালো	না	2
লাগলে	রিপোর্ট	করে	2
রিপোর্ট	করে	দিলেই	2
করে	দিলেই	তো	2
সবার	সামনে	রাইটার	2
সামনে	রাইটার	কে	2
রাইটার	কে	এভাবে	2
কে	এভাবে	অপমান	2
এভাবে	অপমান	করার	2
অপমান	করার	মানে	2
এ	গেলে	কিছু	2
দেন	তা	হলে	2
ফেইসবুক	লিংক	দিন	2
নাই	আপনি	যে	2
প্রতি	হাজার	ইম্প্রেশন	2
হাজার	ইম্প্রেশন	এ	2
এটা	নিয়া	পোস্ট	2
লিংক	ই	কাজ	2
এ	এক	এইজ	2
এক	এইজ	ছিল	2
গুলা	চেক	করে	2
একটিভ	করতে	হবে	2
ই	বলে	চলে	2
ফ্লেক্সিপ্ল্যান	অ্যাপ	থেকে	2
মিনিট	১৫	দিন	2
মেয়াদ	এ	কিনলাম	2
মেয়াদ	বাড়ানোর	জন্য	2
খুলার	সাথে	সাথে	2
আর	কি	কি	2
অনেক	দিন	পরে	2
অনলাইন	আর্নিং	এর	2
ওয়েলকাম	ট্রিকবিডি	এর	2
ইমেইল	এর	মধ্যে	2
এ	এই	৩	2
এই	৩	টা	2
সাথে	১	যোগ	2
টাইম	লেগে	যাবে	2
আমি	খেলিনি	এখনো	2
ভালো	হবে	অর	2
৩০০	এমবি	শেষ	2
ডাউনলোড	করার	লিংক	2
টা	দেন	একটা	2
আমার	হেল্প	দরকার	2
আপনার	এন্ড্রয়েড	ভার্সন	2
এ	অ্যাড	করবো	2
ডায়াল	করে	দেখেন	2
বুঝিয়ে	বলবেন	প্লিজ	2
পারতেসি	না	অনেক	2
কিভাবে	করলেন	যদি	2
প্লিজ	আনসার	দেন	2
ভাই	এত	কিছু	2
একটু	তাড়াতাড়ি	দেন	2
থাঙ্কস	আ	লোট	2
ব্রো	ট্রাই	করে	2
নাইস	পোস্ট	ফর	2
কাস্টম	রম	ডাউনলোড	2
তো	এর	আগে	2
আসে	বাট	এখন	2
পোস্ট	চাই	ভাই	2
বাট	লগ	ইন	2
তে	মনে	হয়	2
এই	কোড	টি	2
করার	সুযোগ	দেয়া	2
ফোন	ওয়াইফাই	দিয়ে	2
লিংক	তো	কাজ	2
আপনার	সুন্দর	কমেন্ট	2
টাকা	পাইসি	বাট	2
আমার	এক	বন্ধুর	2
এক	বন্ধুর	মোবাইল	2
তাই	কমেন্ট	করে	2
এটাও	খারাপ	না	2
ভাই	আপনাকে	আমি	2
নিজে	ভালো	পোস্ট	2
সে	আমার	কাছ	2
ওয়ে	থাঙ্কস	ফর	2
এপিকে	টুল	ডাউনলোড	2
টুল	ডাউনলোড	হচ্ছে	2
যায়	না	আমার	2
ইউস	করতে	পারসি	2
কোনো	ভিডিও	থাকলে	2
টা	পোস্ট	এ	2
পিক	টা	চেঞ্জ	2
এর	কোনো	অপসন	2
নেয়া	যাবে	ভাই	2
বাপের	না	যে	2
বেশি	দরকার	না	2
টিভি	দেখতে	পারবেন	2
শেয়ার	করতে	করতে	2
এফবি	আইডি	থেকে	2
করবো	কোন	অ্যাপ	2
অ্যাপ	এর	ডেন্ট	2
লিখার	জন্য	ধন্যবাদ	2
মেনি	মেনি	থাঙ্কস	2
ভাই	আমার	লেনোভো	2
সেটার	একটা	পোস্ট	2
একটা	পোস্ট	কইরেন	2
এর	জন্য	অ্যাপস	2
ক্লিয়ার	করে	বললে	2
করার	জন্য	থাঙ্কস	2
ক্রোম	দিয়া	ডাউনলোড	2
লিংক	দিসেন	কেন	2
সিস্টেম	করা	যায়	2
এ	রিকভারি	ইমেজ	2
ছাড়া	পসিবল	না	2
স্যামসাং	গ্যালাক্সি	জে৫	2
হবে	প্লিজ	বলেন	2
থাঙ্কস	ফর	কমেন্টস	2
কিভাবে	করবো	কোন	2
সাথে	কন্ট্যাক্ট	করার	2
হেল্প	মি	আইটেল	2
মি	আইটেল	ভিশন	2
আইটেল	ভিশন	১	2
ব্লক	হবে	না	2
তো	তাই	একটু	2
কি	কাজে	ব্যবহার	2
এই	ফোন	এ	2
থাঙ্কস	ফর	দা	2
করেন	নি	আপনি	2
তার	পর	পোস্ট	2
না	করে	ভালো	2
ইউস	করেন	তাহলে	2
অ্যাপ	বা	ওয়েবসাইট	2
অনলাইন	কপি	বের	2
জানেন	ই	না	2
১	লক্ষ	লাইক	2
নম্বর	দেন	প্লিজ	2
এর	এই	সাইট	2
গিয়া	ফোন	ব্রিক	2
মনে	করেন	পর্ব	2
করেন	পর্ব	গুলা	2
পর্ব	গুলা	খুব	2
গুলা	খুব	দেরিতে	2
খুব	দেরিতে	একটু	2
দেরিতে	একটু	ফাস্ট	2
একটু	ফাস্ট	দিতেন	2
ফাস্ট	দিতেন	ভালো	2
ট্রাই	করে	দেখলাম	2
কোনো	ভিপিএন	থাকলে	2
বাট	ওপেন	হয়	2
এর	জন্য	থাঙ্কস	2
যদি	একটু	খুঁজে	2
একটু	খুঁজে	দিতেন	2
কাস্টম	আইডি	এর	2
ভাইয়া	কারো	ফেইসবুক	2
কারো	ফেইসবুক	আইডি	2
আইডি	থেকে	সে	2
থেকে	সে	যত	2
সে	যত	জায়গায়	2
যত	জায়গায়	কমেন্ট	2
জায়গায়	কমেন্ট	করে	2
কমেন্ট	করে	ঐসব	2
করে	ঐসব	কি	2
ঐসব	কি	একসাথে	2
কি	একসাথে	পাওয়া	2
একসাথে	পাওয়া	যাবে	2
আমি	নিজে	এখন	2
নিজে	এখন	পর্যন্ত	2
এখন	পর্যন্ত	ফায়ার	2
পর্যন্ত	ফায়ার	ফ্রি	2
বাট	একটু	রিস্ক	2
একটু	রিস্ক	থাকে	2
রিস্ক	থাকে	একাউন্ট	2
থাকে	একাউন্ট	এর	2
আমার	একটা	কোশ্চেন	2
আর	পোস্ট	করেন	2
এটা	তো	নিউ	2
ফেইলড	টু	গেট	2
নেক্সট	এ	ক্লিক	2
নেক্সট	স্টেপ	এ	2
একটা	ব্লগ	সাইট	2
বলতে	পারবেন	আমি	2
পারবেন	আমি	কোন	2
আমি	কোন	ওয়েবসাইট	2
ওয়েবসাইট	এ	গেলে	2
সাজেশন	পাবো	খুব	2
পাবো	খুব	দরকার	2
আর	কোনো	দিন	2
এ	ভুল	আছে	2
এর	কথা	টা	2
এর	জন্য	ব্যান	2
রকম	আরো	পোস্ট	2
এর	থেকে	কম	2
ফেসবুক	আইডি	নাম	2
আর	চেয়ে	ভালো	2
এফবি	আইডি	তা	2
ভাই	আপনি	যাই	2
কালি	লিনাক্স	ইনস্টল	2
ইউ	ভাই	একটু	2
ভাই	একটু	দ্রুত	2
এর	রিভিউ	দিলেন	2
করতে	হয়	আমি	2
অ্যাপ	এর	কাজ	2
অন্য	ফোনের	রম	2
জানি	তবু	ও	2
নাই	অন্য	কোনো	2
আপনার	মাস্টার	কার্ড	2
জানি	কি	ভাবে	2
থাকলে	আবার	এফবি	2
আমি	১	ইয়ার	2
১	ইয়ার	আগে	2
আমার	রেফার	জয়েন	2
আনফর্চুনেটলি	স্টপ	দেখায়	2
হয়	এটা	কিভাবে	2
লিংক	পাওয়া	যাবে	2
২	মিন	কথা	2
মিন	কথা	বলা	2
ওয়াইফাই	হ্যাকিং	টিউটোরিয়াল	2
ভাই	কিভাবে	মোড	2
কথা	বুঝি	নাই	2
ভাই	রুট	লাগবে	2
বাট	এইটা	কি	2
আজব	এখানে	কিভাবে	2
এখানে	কিভাবে	ডাউনলোড	2
কিভাবে	ডাউনলোড	হচ্ছে	2
ডাউনলোড	হচ্ছে	বুঝতাসি	2
আমি	সঠিক	জানি	2
ক্রোম	এর	মতো	2
করতে	পারেন	আপনার	2
তো	সব	সময়	2
দরকার	হবে	বাড়িয়ে	2
হবে	বাড়িয়ে	নিবেন	2
হবে	না	কমিয়ে	2
না	কমিয়ে	রাখবেন	2
দিয়ে	কাজ	করে	2
মেসেঞ্জার	লাইট	এ	2
তোর	বাপ	লাগে	2
বাপ	লাগে	নাকি	2
করে	চার্জ	দিলে	2
চার্জ	দিলে	চার্জ	2
বাট	পারি	নাই	2
অ্যাপ	টা	চালাতে	2
তে	ক্লিক	করার	2
নো	ডাটা	নেটওয়ার্ক	2
ডাটা	নেটওয়ার্ক	আবার	2
নেটওয়ার্ক	আবার	ওয়াইফাই	2
এর	জন্য	এপিকে	2
কোড	ও	কাজ	2
পোস্ট	ডিলিট	কর	2
এস৩	মিনি	ব্রিক	2
অ্যাপ	মোড	করার	2
আপনার	নাম্বার	তা	2
অন্য	কোন	ওয়ে	2
ওয়ে	থাকলে	বলুন	2
লিঙ্ক	টা	দিয়েন	2
ইন্সটল	করে	সব	2
করে	সব	কাজ	2
টা	ব্রিক	হয়ে	2
ব্রিক	হয়ে	গেল	2
কথা	আমার	তো	2
যদি	না	চলে	2
অনেক	ট্রাই	করার	2
আইডি	এর	লিঙ্ক	2
আমি	দিতে	পারব	2
অপশন	এ	গিয়ে	2
সেন্ট	করতে	হবে	2
পেপাল	এর	জন্য	2
এমন	একটা	পোস্ট	2
টা	ভালো	ছিল	2
এ	সব	কিছু	2
যায়	এ	না	2
ও	কি	চলে	2
ফেসবুক	আইডি	তা	2
তাই	কমেন্ট	করলাম	2
রিমোট	ইউডিপি	পোর্ট	2
কতো	এমবি	লাগে	2
ভালো	কিছু	থাকলে	2
বন্ধ	করে	চালু	2
ইউআরএল	দিয়ে	আপলোড	2
খুলছি	বাট	টাকা	2
দিন	ইউজ	করতে	2
এই	ল্যাপটপ	দিয়ে	2
গুলো	ইনস্টল	করে	2
পোস্ট	রিলেটেড	কমেন্ট	2
ইনস্টল	দিব	কিভাবে	2
এর	মডেল	কতো	2
আবার	নিউ	করে	2
ডাউনলোড	করতে	চলে	2
করতে	চলে	যান	2
আমরা	ট্রিকবিডি	তে	2
পয়েন্ট	দিয়ে	পেজ	2
লাইক	নিতে	পারবেন	2
তে	শেয়ার	করেন	2
শেয়ার	করেন	যদি	2
ব্রাউজার	দিয়ে	ওপেন	2
পোস্ট	করছি	রিভিউ	2
দিয়ে	রুট	করার	2
সরি	ভাই	আপনি	2
আপনি	টিউনার	না	2
নোকিয়া	১১০০	মডেল	2
অন্য	অ্যাপ	এ	2
না	কপি	পোস্ট	2
এইটা	ছাড়া	আর	2
ছাড়া	আর	কোন	2
থাকলে	কি	করতে	2
১০০	জনের	মধ্যে	2
কলেজ	এ	চয়েজ	2
করে	ভাই	প্লিজ	2
এই	গ্রুপ	এর	2
ভাই	ওয়াইফাই	এর	2
বানানো	হচ্ছে	না	2
ও	পাওয়া	যায়	2
আমি	আমার	মোবাইল	2
নাম্বার	দিয়ে	ভেরিফাই	2
ট্রাই	করে	কাল	2
ডিলিট	করতে	হবে	2
ক্রম	ব্রাউজার	দিয়ে	2
পোস্ট	দেখলাম	বাট	2
লিগ্যাল	ভাবে	কাজ	2
ভাবে	কাজ	করুন	2
ওয়ান	অফ	দা	2
অফ	দা	বেস্ট	2
বালের	সাইট	এ	2
সাইট	এ	ফাইল	2
ড্রাইভ	এর	লিঙ্ক	2
ফর	নেক্সট	পার্ট	2
আসার	পসিবিলিটি	বেশি	2
আপনার	কথা	ঠিক	2
না	পুরাই	ফালতু	2
ইন্ডিয়া	তে	ও	2
ইউটিউব	এর	অ্যাড	2
এর	অ্যাড	ব্লক	2
অ্যাড	ব্লক	করতে	2
ডেবিট	কার্ড	দিয়ে	2
করেন	আমি	তো	2
ভার্সন	এ	সাপোর্ট	2
কি	সমস্যা	হয়	2
থেকে	নিতে	পারেন	2
রিদমিক	এর	প্রো	2
এর	প্রো	ভার্সন	2
অসাধারণ	একটা	মুভি	2
১	মান্থ	আগেই	2
করতে	হয়	কিভাবে	2
আই	লাভ	ইউ	2
কোথায়	খারাপ	ভাষা	2
ভাষা	ব্যবহার	করলাম	2
এক	ভাই	এর	2
আমি	কয়েক	দিন	2
এইচটিএমএল	নিয়ে	পোস্ট	2
পোস্ট	করে	টিউনার	2
এর	কথা	কে	2
শুধু	শুধু	গালি	2
এর	মুখোমুখি	হতে	2
মুখোমুখি	হতে	হয়	2
করেন	ভাই	ভালো	2
করতে	চাই	কি	2
লেখা	আসে	আর	2
টাই	শেয়ার	করলাম	2
হয়	কি	করে	2
কল	দিয়ে	দেখেন	2
আপনার	কথা	গুলা	2
অ্যাপস	ইন্সটল	করার	2
করে	না	এই	2
না	অ্যান্ড্রয়েড	এ	2
আমি	কপি	পোস্ট	2
প্লে	স্টোর	অ্যাপ	2
বাডি	ট্রাকার	সার্ভিস	2
ট্রাকার	সার্ভিস	টি	2
লিখে	৩০২০	নাম্বার	2
নাম্বার	এ	এসএমএস	2
ফার্স্ট	টাইম	রেজিস্ট্রেশান	2
ভেরিফাই	করা	যাবে	2
নেওয়া	যাবে	কি	2
দেখুন	তার	পর	2
অটোমেটিক	চালু	হয়	2
জানতাম	শেয়ার	করার	2
এটা	তো	কিছু	2
দিয়ে	কি	করমু	2
যেই	ফোন	এর	2
লিংক	দেয়ার	জন্য	2
বার	ডিসকানেক্ট	হয়ে	2
দিয়ে	কি	এমবি	2
কোয়েসচেন	এর	এন্সার	2
যাই	হোক	থ্যাংকস	2
ভিপিএন	এর	ট্রিক	2
সত্যি	ভাই	হাসাইলেন	2
একটা	মেইল	অ্যাড	2
তাদের	নিজেদের	অ্যাপ	2
নাই	তাই	দিতে	2
বাট	নাম	চেঞ্জ	2
নাম	চেঞ্জ	করে	2
তবে	মাঝে	মাঝে	2
নাইস	পোস্ট	এই	2
কাজ	টা	করতে	2
কোনটা	সাউন্ড	বেশি	2
সাউন্ড	বেশি	সুন্দর	2
বেশি	পোস্ট	না	2
এ	ম্যাসেজ	দিছি	2
ইন্সটল	হচ্ছে	না	2
জন্য	যে	সেটিংসটা	2
যে	সেটিংসটা	দিতে	2
সেটিংসটা	দিতে	বলেছেন	2
আমার	জাভা	মোবাইলে	2
করে	দেখেন	হবে	2
খেলা	যাবে	আর	2
লাইফটাইম	এর	জন্য	2
নাইস	থ্যাংকস	ব্রো	2
তালি	হবে	তালি	2
ভাল	করে	ট্রাই	2
তো	সব	কিছু	2
সব	কিছুই	করতে	2
পোস্ট	এর	মধ্যে	2
কাজ	করবে	এমন	2
প্রব্লেম	হবে	নাকি	2
আজকে	আরও	পোস্ট	2
আরও	পোস্ট	করলাম	2
পোস্ট	করলাম	দেখি	2
পোস্ট	কিন্তু	রেটিং	2
কিন্তু	রেটিং	না	2
কয়	মিনিট	কথা	2
কপি	পেস্ট	পোস্ট	2
কাজ	করে	তাদের	2
এইরকম	ভালো	পোস্ট	2
জন্য	কি	রুট	2
ভার্সন	আমি	অনেক	2
এ	ইউজার	ভাই	2
আপনি	লিংক	এ	2
এই	খানে	যে	2
লাগে	আমি	চাই	2
থ্যাংকস	গুড	পোস্ট	2
আছে	হেল্প	মি	2
ভিপিএন	দিয়ে	কাজ	2
শেয়ার	করার	চেষ্টা	2
এর	রিভিউ	দেন	2
উপরের	ভার্সন	এ	2
আসে	নাই	আমি	2
আমার	কাজ	টা	2
এর	জন্য	আপনার	2
আমি	চেষ্টা	করবো	2
সে	আমার	বিটিসি	2
আমার	বিটিসি	দিবে	2
ভাই	তুমি	তো	2
নিজে	ইউজ	করি	2
হয়ে	যায়	এবং	2
লিখলাম	নট	ফাউন্ড	2
নট	ফাউন্ড	লেখা	2
ফোন	লাভা	আইরিশ	2
ভাই	রে	ভাই	2
আপনার	রেফার	দিবেন	2
টাকা	নেয়া	যাবে	2
ভাই	পেপাল	ইমেইল	2
পেপাল	ইমেইল	পাস	2
ইমেইল	পাস	দিলাম	2
পাস	দিলাম	তারপর	2
দিতে	বলছে	সেই	2
দিচ্ছি	আপনি	কিভাবে	2
দিলে	প্রব্লেম	কি	2
থেকে	ডাউনলোড	করেছি	2
যাবে	না	প্লিজ	2
ভার্সন	অ্যাপ	গুলা	2
স্যামসাং	গ্র্যান্ড	নিও	2
হাত	থেকে	রক্ষা	2
এড	দেয়ার	জন্য	2
গেম	খেললে	ক্র্যাশ	2
কোন	কোন	ধরনের	2
এ	ঢুকে	দেখেন	2
বুঝতে	পারেন	নি	2
যাচ্ছে	না	তো	2
ব্রো	ইউ	আর	2
মানে	আগে	বুঝেন	2
এর	মেয়াদ	কি	2
দিন	পরে	পোস্ট	2
কোনো	অ্যাপস	আছে	2
আপনি	কি	মোবাইল	2
সিম	এ	কোনো	2
ড্রোয়েড	ভিপিএন	নিয়ে	2
জিবি	নিয়েছি	কিন্তু	2
নিয়েছি	কিন্তু	বায়োস্কোপ	2
কিন্তু	বায়োস্কোপ	অ্যাপস	2
থ্যাংকস	ইউ	ব্রাদার	2
রেফার	এ	আইডি	2
আছে	তাই	আমি	2
করলাম	বাট	টাকা	2
টরেন্ট	সাইট	এ	2
সাইট	এ	ঢুকে	2
স্কাই	ভিপিএন	এর	2
অনেক	এ	পর্যন্ত	2
এ	পর্যন্ত	ইনভেস্ট	2
এ	কি	ওটিজি	2
কি	ওটিজি	সাপোর্ট	2
স্যামসাং	গ্যালাক্সি	গ্র্যান্ড	2
প্রাইম	ললিপপ	ভার্সন	2
ললিপপ	ভার্সন	এখন	2
ভার্সন	এখন	এটা	2
এখন	এটা	কে	2
এটা	কে	মার্শমেলো	2
কে	মার্শমেলো	ভার্সন	2
মার্শমেলো	ভার্সন	এ	2
ভার্সন	এ	নেয়া	2
নেয়া	যাবে	মানে	2
যাবে	মানে	ভার্সন	2
মানে	ভার্সন	থেকে	2
বাংলায়	লিখলে	ভালো	2
সাপোর্ট	করে	এমন	2
৫	থেকে	৬	2
থেকে	৬	মিনিট	2
যার	কারণে	হাশরের	2
কারণে	হাশরের	ময়দানে	2
হাশরের	ময়দানে	মানুষ	2
ময়দানে	মানুষ	আর	2
মানুষ	আর	জীন	2
আর	জীন	থাকবে	2
জীন	থাকবে	এলিয়েন	2
নবীজি	আজরাইল	আ	2
আজরাইল	আ	কে	2
আ	কে	যাদের	2
হিসাব	নিতে	দেখে	2
অ্যাপ	হ্যাক	হয়	2
স্ক্রিন	সাইজ	গেম	2
ভালো	লাগে	আপনার	2
নাম্বার	টা	যদি	2
তে	না	অন্য	2
করলে	কি	আসবে	2
অমুক	ভাই	আমার	2
ভাই	ইন্সটল	করা	2
করব	প্লিজ	বলবেন	2
একাউন্ট	এ	লগইন	2
অমুক	ভাই	কে	2
এর	জন্য	অন্য	2
লগইন	করতে	পারবেন	2
না	ফ্রি	তে	2
ফেইক	আইডি	দিয়ে	2
এফবি	লিংক	তা	2
আগে	ওই	সাইট	2
সাইট	থেকে	১টা	2
থেকে	১টা	হলেও	2
যারা	এর	আগে	2
ফোন	এর	কি	2
আপনার	মুভি	রিভিউ	2
মুভি	রিভিউ	খুব	2
রিভিউ	খুব	ভালো	2
আপনাকে	এফবি	রিকুয়েস্ট	2
আমার	জিমেইল	একাউন্ট	2
আগে	১৬	জিবি	2
প্লিজ	একটু	শিখবেন	2
রাউটার	হার্ড	সিকিউরিটি	2
এ	নাইস	ডে	2
ট্রাই	করে	দেখসেন	2
এ	হ্যাক	করা	2
ভারর্সন	এর	সেট	2
আমি	নিজেই	পোস্ট	2
নিজেই	পোস্ট	করতে	2
পোস্ট	করতে	চাচ্ছিলাম	2
করতে	চাচ্ছিলাম	গুগল	2
চাচ্ছিলাম	গুগল	লেন্স	2
গুগল	লেন্স	নিয়ে	2
অবশ্যই	কাজ	করবে	2
এটা	রাজশাহী	বর্ডার	2
রাজশাহী	বর্ডার	এর	2
বর্ডার	এর	পাশে	2
আমি	তো	এফবি	2
আমার	নাম্বার	দিয়ে	2
ভাইয়া	প্লিজ	যাইয়েন	2
প্লিজ	যাইয়েন	না	2
বেশি	জন	ইউজ	2
জন	ইউজ	করলে	2
অমুক	ভাই	আপনার	2
জাস্ট	লেখা	লেখি	2
কোনো	এড	শো	2
ডাউনলোড	লিংক	দিতে	2
দিয়ে	কিনতে	হয়	2
পাঠাইসি	এক্সেপ্ট	করেন	2
কোনো	পোস্ট	এ	2
আমাকে	দিতে	পারবেন	2
এ	ফ্রি	ফায়ার	2
একাউন্ট	খুলার	পর	2
এড	করলে	ভালো	2
সিকিউরিটি	কোয়েশ্চেন	এর	2
কোয়েশ্চেন	এর	আনসার	2
অনলাইন	এ	আবেদন	2
ফোন	এ	ওয়ার্ক	2
বা	অন্য	কোনো	2
সিস্টেম	ইউআই	না	2
কিছু	একটা	ব্যবস্থা	2
চয়েজ	দিতে	পারবেন	2
আমার	ফোন	রেডমি	2
ভার্সন	এ	কাজ	2
ফ্রি	নেট	চলবে	2
এ	বাংলা	ল্যাঙ্গুয়েজ	2
দিবেন	একটু	কষ্ট	2
দেন	পোস্ট	কইরেন	2
এটা	ঠিক	করেন	2
এফবি	তে	তো	2
এ	কাজ	করসে	2
কাজ	করসে	কিন্তু	2
এই	ট্রিক	টি	2
ট্রিক	টি	অনেক	2
টি	অনেক	আগেই	2
অ্যাপ	এ	কাজ	2
কি	টিপিলিংক	এ	2
টিপিলিংক	এ	কাজ	2
কোড	ইউজ	করেন	2
রানা	ভাই	কে	2
না	ভাই	সরি	2
যুদ্ধে	অংশ	নেন	2
ব্যাটসম্যান	হিসেবে	খেলতেন	2
এটি	প্রতিষ্ঠিত	হয়	2
তাঁর	স্ত্রীর	নাম	2
সংক্রান্ত	কেন্দ্রীয়	নেতৃত্বপ্রদানকারী	2
এগিয়ে	যেতে	থাকলেন	2
নিযুক্ত	করা	হয়	2
টেস্ট	ক্রিকেটারদের	তালিকা	2
স্থগিত	করা	হয়	2
তার	মাতার	নাম	2
তার	পিতার	নাম	2
হাজার	নারীকে	ধর্ষণ	2
নামে	পরিচিত	হন	2
বাতিল	ঘোষণা	করা	2
ক্ষমতা	লাভ	করেন	2
২০০১	সাল	থেকে	2
চার	বছর	মেয়াদী	2
প্রতিষ্ঠা	করা	হয়	2
ডিগ্রি	লাভ	করে	2
লাভ	করে	প্রথমে	2
একটি	পোস্ট	বা	2
হিসেবে	ধরা	হয়	2
সবচেয়ে	বেশি	ম্যাচ	2
বেশি	ম্যাচ	খেলা	2
জাতীয়	দলের	হয়ে	2
বান্দরবান	সদর	উপজেলার	2
এবং	আরো	কিছু	2
সঙ্গীতধর্মী	বা	হাস্যরসাত্মক	2
গ্লোব	পুরস্কার	অর্জন	2
পুরান	ভারেঙ্গা	ইউনিয়ন	2
ভারেঙ্গা	ইউনিয়ন	পরিষদ	2
বিপক্ষে	খেলার	জন্য	2
দিক	থেকে	তিনি	2
স্বাধীনতা	যুদ্ধের	একজন	2
যুদ্ধের	একজন	বীর	2
একজন	বীর	মুক্তিযোদ্ধা	2
পৃথক	জেলায়	উন্নীত	2
জেলায়	উন্নীত	করা	2
রোমের	পতনের	পর	2
হিসেবে	পরিচিতি	লাভ	2
পরিচিতি	লাভ	করে	2
পুরস্কার	জয়লাভ	করেন	2
সালের	৫	জানুয়ারি	2
নিশ্চিত	হন	যে	2
বিতর্কের	সৃষ্টি	হয়	2
জাতীয়	সংসদ	নির্বাচনে	2
চেষ্টা	করা	হয়	2
আন্তর্জাতিক	বিমান	বন্দরে	2
জন	আহত	হয়	2
সাথে	বিবাহ	বন্ধনে	2
বন্ধনে	আবদ্ধ	হন	2
মনে	করা	হচ্ছে	2
প্রবণতা	লক্ষ্য	করা	2
প্রথম	শ্রেণীর	ক্রিকেট	2
রাজনৈতিক	ও	সামাজিক	2
সালের	১১	ডিসেম্বর	2
বের	করে	দেন	2
পাঠদান	করা	হয়	2
ধারণা	করা	হয়	2
কাউন্টি	ক্রিকেটে	সারে	2
ক্রিকেটে	সারে	দলের	2
সারে	দলের	প্রতিনিধিত্ব	2
অবদানের	জন্য	বাংলাদেশ	2
বাংলাদেশ	সরকার	তাঁকে	2
সালে	একুশে	পদক	2
মায়ানমার	সরকার	কর্তৃক	2
খেলায়	অংশ	নেন	2
মুসলিম	পরিবারে	জন্মগ্রহণ	2
বর	ও	কনে	2
তাঁর	পিতার	নাম	2
বানৌজা	মধুমতি	বাংলাদেশ	2
অবস্থিত	একটি	ঐতিহ্যবাহী	2
উদ্বোধনী	ব্যাটসম্যান	হিসেবে	2
১৯৬৮	সাল	থেকে	2
কেচুয়া	ও	সাথে	2
ও	সাথে	সহসরকারী	2
সর্বোচ্চ	আয়কারী	চলচ্চিত্র	2
এই	বিমানবন্দর	থেকে	2
প্রায়	২৫০০	বছর	2
মধ্যে	অন্যতম	বড়	2
বিশ্বাস	করা	হয়	2
জেড	এইচ	সিকদার	2
এইচ	সিকদার	বিজ্ঞান	2
সিকদার	বিজ্ঞান	ও	2
ও	প্রযুক্তি	বিশ্ববিদ্যালয়	2
যোগাযোগের	প্রধান	সড়ক	2
প্রধান	সড়ক	সড়ক	2
সড়ক	সড়ক	প্রধান	2
সড়ক	প্রধান	যোগাযোগ	2
প্রধান	যোগাযোগ	মাধ্যম	2
যোগাযোগ	মাধ্যম	সিএনজি	2
মাধ্যম	সিএনজি	চালিত	2
সিএনজি	চালিত	অটোরিক্সা	2
বিরুদ্ধে	অ্যান্টিবডি	তৈরি	2
দেশের	প্রত্যন্ত	অঞ্চলে	2
উদ্দিন	আহমেদ	চৌধুরী	2
দশকের	শেষের	দিকে	2
স্কুলে	পড়াশোনা	করেন	2
হতে	হবে	এবং	2
অনুষ্ঠিত	সিরিজের	দ্বিতীয়	2
সড়কের	সাথে	সংযুক্ত	2
বলে	মনে	করেন	2
বাংলা	ও	ইংরেজি	2
ওয়েস্ট	ইন্ডিজ	দল	2
ভূমিকায়	অবতীর্ণ	হয়েছিলেন	2
এক	রমণীর	পাণিগ্রহণ	2
রমণীর	পাণিগ্রহণ	করেন	2
রাষ্ট্রীয়	হস্তক্ষেপ	ছিল	2
জন্য	কেন্দ্রীয়	নেতৃত্বপ্রদানকারী	2
থেকে	জানা	যায়	2
হলি	গ্রেইল	সম্পর্কিত	2
নিয়ে	যাত্রা	শুরু	2
হিসেবে	উঠে	আসেন	2
সালে	মুক্তি	পাওয়া	2
করা	সম্ভব	হয়েছে	2
দূরে	সরে	যান	2
কমিটি	অব	ইউনিয়ন	2
অব	ইউনিয়ন	এন্ড	2
মুক্তিযুদ্ধ	শুরু	হলে	2
তার	মাধ্যমিক	শিক্ষা	2
খেলায়	অংশ	নিয়েছিলেন	2
একটি	গোল্ডেন	গ্লোব	2
চলচ্চিত্রে	অভিনয়	করেন	2
হিসেবে	মনোনীত	হন	2
মূল	উদ্দেশ্য	হচ্ছে	2
অনুষ্ঠান	সম্প্রচার	করে	2
খেলার	সুযোগ	পান	2
তিনি	মার্কিন	যুক্তরাষ্ট্রে	2
যান	এবং	সেখানে	2
লিয়াকত	আলী	খান	2
দায়িত্ব	পালন	করেছেন	2
পাতার	নীচের	পিঠে	2
জন্য	রাখা	হয়	2
এ	ইউনিয়নের	প্রশাসনিক	2
ইউনিয়নের	প্রশাসনিক	কার্যক্রম	2
মাধ্যমিক	ও	উচ্চ	2
উচ্চ	শিক্ষা	প্রতিষ্ঠান	2
বাংলা	ভাষা	আন্দোলন	2
এবং	১৯৭১	সালে	2
১৯৭১	সালে	বাংলাদেশের	2
শিক্ষক	হিসেবে	কাজ	2
তাঁর	বাবা	মা	2
পশ্চিমাঞ্চলীয়	সবুজ	মাম্বা	2
করেন	যেখানে	তিনি	2
বাংলাদেশ	ও	পশ্চিমবঙ্গের	2
তৈরি	করা	একটি	2
সালের	জুলাই	মাসে	2
হত্যা	করা	হয়েছে	2
সহযোদ্ধাদের	নিয়ে	সাহসিকতার	2
নিয়ে	সাহসিকতার	সঙ্গে	2
পায়	কিন্তু	মুক্তি	2
কিন্তু	মুক্তি	পায়	2
পটুয়াখালী	জেলার	কলাপাড়া	2
জেলার	কলাপাড়া	উপজেলার	2
সাথে	মিলিত	হয়েছে	2
বলে	বিবেচনা	করা	2
জেলার	অন্তর্গত	মীরসরাই	2
অন্তর্গত	মীরসরাই	উপজেলার	2
গায়ে	হলুদের	অনুষ্ঠানে	2
কার্যক্রম	শুরু	করে	2
মঙ্গল	গ্রহে	জীবন	2
তার	ভূমিকার	জন্য	2
জন্য	ফিল্মফেয়ার	শ্রেষ্ঠ	2
ও	২০১১	সালে	2
করা	হয়	ও	2
পশ্চিম	সীমান্ত	দিয়ে	2
দিয়ে	প্রবাহিত	হচ্ছে	2
ফেসের	ফেস	বা	2
দক্ষিণ	আফ্রিকার	বিপক্ষে	2
বলতে	শরীরের	কোন	2
এর	মাঝে	বিদ্যমান	2
মাঝে	বিদ্যমান	দ্বিপাক্ষিক	2
বিদ্যমান	দ্বিপাক্ষিক	সম্পর্ককে	2
দ্বিপাক্ষিক	সম্পর্ককে	নির্দেশ	2
সম্পর্ককে	নির্দেশ	করে	2
ও	প্রযোজনা	করেন	2
ক্যাপ্টেন	ডাক্তার	নরেন্দ্রনাথ	2
ডাক্তার	নরেন্দ্রনাথ	দত্ত	2
সালের	জাতীয়	সংসদ	2
সংসদ	সদস্য	নির্বাচিত	2
সদস্য	নির্বাচিত	হন	2
দুই	ভাগে	বিভক্ত	2
ডিগ্রী	অর্জন	করেন	2
সক্রিয়	ভূমিকা	পালন	2
বাংলাদেশের	২০১২	সালের	2
২০১২	সালের	বন্যপ্রাণী	2
সালের	বন্যপ্রাণী	সংরক্ষণ	2
বন্যপ্রাণী	সংরক্ষণ	ও	2
সংরক্ষণ	ও	নিরাপত্তা	2
এ	প্রজাতিটি	সংরক্ষিত	2
সনাতন	হিন্দু	আইনে	2
অভিযোগ	আনা	হয়	2
পাখি	দেখা	যায়	2
গাংনী	উপজেলা	ও	2
অধ্যয়ন	করেন	এবং	2
পরিচিত	হয়ে	আছেন	2
হিসেবে	যোগ	দেন	2
শ্রেষ্ঠ	অভিনেতা	বিভাগে	2
এবং	২০১১	সালে	2
বিভাগে	একাডেমি	পুরস্কারের	2
একাডেমি	পুরস্কারের	মনোনয়ন	2
পামেলা	অর	ভার্চু	2
অর	ভার্চু	রিওয়ার্ডেড	2
প্রথম	যুগের	রোম্যান্স	2
নারী	ও	শিশু	2
ও	শিশু	নির্যাতন	2
শিশু	নির্যাতন	দমন	2
নির্যাতন	দমন	আইন	2
দমন	আইন	২০০০	2
মধু	সংগ্রহের	জন্য	2
সংগ্রহের	জন্য	সবচেয়ে	2
জন্য	সবচেয়ে	ভালো	2
এর	নামকরণ	করেন	2
হওয়ার	সম্ভাবনা	থাকে	2
জেলার	একটি	নদী	2
তিমুর	শাহ	দুররানির	2
সংসদ	কর্তৃক	শাসিত	2
কর্তৃক	শাসিত	সরকার	2
আংশিক	অন্তরক	সমীকরণ	2
মওলানা	ভাসানী	ট্রাস্ট	2
লাভ	করেন	তিনি	2
বলে	আখ্যায়িত	করা	2
করেন	এবং	এরপর	2
একটি	করে	ডিম	2
করে	দেন	এবং	2
মন্তব্য	করেন	যে	2
টন	কার্গো	পরিবহন	2
ট্রেন	পরিচালনা	করেন	2
উদ্দিন	আহমেদ	চৌধুরীর	2
সোভিয়েত	সৈন্যরা	শহরটিতে	2
মাছ	বেশি	পাওয়া	2
সালের	৩০	আগস্ট	2
হিসেবে	গণ্য	করা	2
এটি	মার্কিন	যুক্তরাষ্ট্রের	2
যাওয়া	পর্যন্ত	অপেক্ষা	2
শ্রেষ্ঠ	পার্শ্ব	অভিনেতা	2
করতে	পছন্দ	করতেন	2
এগারো	বছর	বয়স	2
বছর	বয়স	পর্যন্ত	2
ও	এর	মাধ্যমে	2
করে	পাঠানো	হয়	2
দখল	করে	নেয়ার	2
এশিয়া	এবং	উত্তর	2
অবস্থিত	একটি	জাতীয়	2
এই	রাউন্ড	এ	2
বেরিয়ে	আসেন	ও	2
এর	প্রতিষ্ঠা	করেন	2
তৎকালীন	পাকিস্তান	সরকারের	2
হল	ভারতের	পশ্চিমবঙ্গ	2
থেকে	বোঝা	যায়	2
অন্তরক	সমীকরণ	এর	2
সমীকরণ	এর	সমাধানে	2
এর	সমাধানে	ধ্রুুুুবক	2
একটি	স্ক্রিন	অ্যাক্টরস	2
হয়	না	এবং	2
এবং	যথাক্রমে	কোন	2
কাজ	করা	শুরু	2
করা	শুরু	করেন	2
হিসেবে	কাজ	শুরু	2
বজায়	রাখতে	ও	2
যৌতুক	বা	পণ	2
হিসেবে	কাজ	করেন	2
নামক	এক	ব্যক্তিকে	2
আইসিসি	ক্রিকেট	বিশ্বকাপে	2
গুরুত্বপূর্ণ	ভূমিকা	রাখে	2
অর্থ	বিবাহের	ক্ষেত্রে	2
বিবাহের	ক্ষেত্রে	২১	2
ক্ষেত্রে	২১	একুশ	2
২১	একুশ	বৎসর	2
একুশ	বৎসর	পূর্ণ	2
বৎসর	পূর্ণ	করেন	2
পূর্ণ	করেন	নাই	2
করেন	নাই	এমন	2
নাই	এমন	কোনো	2
এমন	কোনো	পুরুষ	2
কোনো	পুরুষ	এবং	2
পুরুষ	এবং	১৮	2
এবং	১৮	আঠারো	2
১৮	আঠারো	বৎসর	2
আঠারো	বৎসর	পূর্ণ	2
বৎসর	পূর্ণ	করিয়াছেন	2
পূর্ণ	করিয়াছেন	এমন	2
করিয়াছেন	এমন	কোনো	2
হিসেবে	উল্লেখ	করেছেন	2
অভিনয়	করেছেন	এবং	2
সময়ই	গণিতের	প্রতি	2
জনগণের	কাছ	থেকে	2
অফ	ব্রেক	বোলার	2
নিহত	হয়	এবং	2
ও	ধর্ষণ	করে	2
ক্ষমতা	হস্তান্তর	করেন	2
সিনিয়র	কেমব্রিজ	বলতে	2
কেমব্রিজ	বলতে	বর্তমানের	2
সঙ্গে	পাকিস্তান	সেনাবাহিনীর	2
সালে	প্রতিষ্ঠিত	হয়	2
সহযোদ্ধারা	তাঁকে	উদ্ধার	2
সিরিজে	অংশ	নিয়ে	2
উল্লেখ	পাওয়া	যায়	2
ক্ষেত্রে	দেখা	যায়	2
করে	এবং	তার	2
থিয়েটার	গ্রুপ	থেকে	2
করেন	১৯৫৮	সালে	2
তিনি	দুই	বার	2
ক্রিকেটে	অভিষেক	ঘটে	2
বলে	উল্লেখ	করা	2
কথা	চিন্তা	করে	2
ভারতীয়	চলচ্চিত্র	শিল্পের	2
সাল	থেকে	তিনি	2
জাভা	দ্বীপ	এর	2
অবস্থান	করতে	হয়	2
প্রথম	দাতব্য	সংস্থা	2
রবার্ট	ডাউনি	জুনিয়র	2
বলে	ঘোষণা	করেন	2
একটি	সমঝোতা	স্মারক	2
সমঝোতা	স্মারক	সাক্ষরিত	2
স্মারক	সাক্ষরিত	হয়	2
যাওয়া	হয়	এবং	2
ইনিংসে	তিনি	মাত্র	2
ম্যাসাচুসেট্‌স	ইনস্টিটিউট	অফ	2
অধ্যাপক	হিসেবে	কর্মরত	2
তৎকালীন	ব্রিটিশ	ভারতের	2
নির্মাণ	কাজ	শেষ	2
বেশি	সময়	পর	2
করতে	সক্ষম	হয়	2
বাংলাদেশের	একটি	বেসরকারি	2
তা	হিগস	বোসন	2
পরিণত	করা	হয়	2
ক্যাপ্টেন	নরেন্দ্রনাথ	দত্ত	2
বিশ্ব	ঐতিহ্যবাহী	স্থানগুলির	2
করতে	বাধ্য	হয়	2
১৯৬৯	সালে	তিনি	2
পিএইচডি	ডিগ্রি	অর্জন	2
সাথে	চুক্তিবদ্ধ	হন	2
বহির্দেশে	বেড়ে	ওঠা	2
বিয়ে	দেয়া	হয়	2
তখন	রসিককৃষ্ণ	মল্লিক	2
লাইভ	স্ট্রিমিং	অ্যাপ	2
বেশ	বড়	এবং	2
যোগদান	করেন	এবং	2
তিনি	২০০৩	সালে	2
দেয়া	হয়	এবং	2
সালে	বাংলাদেশ	সরকার	2
ফতেহ	লোহানীর	আকাশ	2
লোহানীর	আকাশ	আর	2
আকাশ	আর	মাটি	2
মহিউদ্দিনের	মাটির	পাহাড়	2
সরকারি	উচ্চ	বিদ্যালয়	2
সমস্যার	সম্মুখীন	হয়	2
দলের	বাইরে	অবস্থান	2
জন্ম	হয়	যার	2
অনুমান	করা	হয়	2
করতে	সক্ষম	হয়েছিল	2
বন্ধ	করে	দেন	2
এ	যোগদান	করেন	2
ধারনা	করা	হয়	2
বাদ	দেয়া	হয়	2
জগতে	প্রবেশ	করেন	2
হিসেবে	গণ্য	করে	2
টেলিভিশন	ফিল্ম	কিডাল্টহুড	2
প্রযোজনা	ও	পরিচালনা	2
নির্বাচন	করা	হয়	2
প্রভাব	বিস্তার	করতে	2
রান্না	করা	হয়	2
শহর	ও	পার্শ্ববর্তী	2
হয়	যার	মধ্যে	2
শহরে	নতুন	নাগরিকদের	2
নতুন	নাগরিকদের	উৎপত্তি	2
প্রাথমিক	বিদ্যালয়	রয়েছে	2
প্রতিনিধিত্ব	করেছেন	তিনি	2
বলে	অভিহিত	করা	2
করা	হয়	তাকে	2
করা	হয়	তা	2
সময়ের	সাথে	সাথে	2
হতে	পারে	যা	2
কারণে	বেঁচে	আছি	2
বেঁচে	আছি	মাটির	2
আছি	মাটির	ঠিকানা	2
মাটির	ঠিকানা	মনের	2
ঠিকানা	মনের	জ্বালা	2
মনের	জ্বালা	টাইগার	2
জ্বালা	টাইগার	নাম্বার	2
টাইগার	নাম্বার	ওয়ান	2
নাম্বার	ওয়ান	ও	2
ওয়ান	ও	প্রিয়া	2
ও	প্রিয়া	আমার	2
প্রিয়া	আমার	জান	2
জানা	যায়	না	2
সালের	দিকে	তিনি	2
বোঁচাগঞ্জ	থানার	ধনতলা	2
থানার	ধনতলা	গ্রামে	2
মনে	করেন	রোম্যান্স	2
টেস্টে	অংশগ্রহণ	করেন	2
ভাষায়	অধ্যয়নরত	ছাত্রদের	2
অধ্যয়নরত	ছাত্রদের	সংখ্যা	2
ভারতীয়	উপমহাদেশের	ব্রিটিশ	2
উপমহাদেশের	ব্রিটিশ	বিরোধী	2
ব্রিটিশ	বিরোধী	স্বাধীনতা	2
বিরোধী	স্বাধীনতা	আন্দোলনের	2
সাল	পর্যন্ত	তিনি	2
বন্ধ	করে	দেয়া	2
ডম	হোফম্যান	ষোষণা	2
হোফম্যান	ষোষণা	করেন	2
কুবলাই	খানের	আধ্যাত্মিক	2
পূর্ব	তিমুর	এবং	2
বছরেরও	বেশি	সময়	2
গান	ও	নৃত্য	2
আলাদা	করা	হয়	2
পরিচিত	ছিল	যে	2
সংগ্রহ	করা	হয়	2
ব্যবহার	করতে	দেখা	2
সূচনা	করে	এবং	2
সম্প্রচার	করা	হয়	2
কর্মজীবন	শুরু	করেন	2
ছাত্র	সংগ্রাম	পরিষদের	2
সালে	পলিগ্রাম	রেকর্ডসের	2
এক	মাসের	পথ	2
চাপ	দিতেই	থাকে	2
কোপা	দেল	রে	2
আচরন	করেন	এবং	2
তিনি	১৯৬৪	সালে	2
করে	এবং	পরে	2
খাজা	মঈনুদ্দীন	চিশতী	2
কলেজে	পড়াকালীন	তিনি	2
স্টার	ওয়ান	ছিল	2
ছবির	সংগীত	পরিচালনা	2
সংগীত	পরিচালনা	করেছেন	2
আধুনিক	যুগে	এসে	2
মেজর	জেনারেল	পদে	2
জেনারেল	পদে	উন্নীত	2
পদে	উন্নীত	হন	2
বৌদ্ধ	কৃষ্টি	প্রচার	2
কৃষ্টি	প্রচার	সংঘ	2
জুলাই	২০১২	সালে	2
পালন	করে	থাকে	2
দিক	থেকে	আগতদের	2
থেকে	আগতদের	জন্য	2
উপন্যাস	অবলম্বনে	নির্মিত	2
গ্রেপ্তারি	পরোয়ানা	জারি	2
পরোয়ানা	জারি	করে	2
সমগ্র	খেলোয়াড়ী	জীবনে	2
টেস্টে	অংশগ্রহণের	সুযোগ	2
তাদেরকে	জানিয়ে	দাও	2
জানিয়ে	দাও	যে	2
হিসাবে	পরিচিত	ছিল	2
নামকরণ	করা	হয়	2
ন্যাশনাল	জিওগ্রাফিক	সোসাইটির	2
রাজশাহী	অঞ্চলের	বিয়েতে	2
সেকেন্ড	এর	ভিডিও	2
আমি	টেস্ট	করেই	2
টেস্ট	করেই	কোড	2
লাস্ট	দুইটা	কমেন্ট	2
দুইটা	কমেন্ট	ধুত	2
কমেন্ট	ধুত	ট্রিকবিডি	2
ধুত	ট্রিকবিডি	তে	2
ট্রিকবিডি	তে	রিয়েক্ট	2
তে	রিয়েক্ট	অপশন	2
রিয়েক্ট	অপশন	নাই	2
স্কিপ	অপশন	আসে	2
এটা	আলাদা	অ্যাপস	2
ওল্ড	ভার্সন	ইউজ	2
ভার্সন	ইউজ	করি	2
অ্যাপ	ইউজ	করা	2
ভিভো	ওয়াই৯০	এর	2
ওয়াই৯০	এর	বুটলোডার	2
গেম	খেলা	যায়	2
তো	ওপেন	হয়	2
হিন্দি	ডাবড	মুভি	2
মড	করে	চ্যাট	2
করে	চ্যাট	হেড	2
চ্যাট	হেড	এড	2
হেড	এড	করে	2
ফোন	এ	মেসেঞ্জার	2
এ	মেসেঞ্জার	সাপোর্ট	2
মেসেঞ্জার	সাপোর্ট	করেনা	2
মাঝে	মাঝে	অফার	2
ভাই	একটা	অ্যাপস	2
কি	ওয়াইফাই	এর	2
ভার্সন	টা	দিন	2
ফর	দা	পোষ্ট	2
এইটা	অ্যাপ	এর	2
আমি	রিলিজ	এর	2
রিলিজ	এর	কয়েক	2
এর	কয়েক	আওয়ার	2
কয়েক	আওয়ার	পরেই	2
হিন্দি	ডাবড	আছে	2
আছে	কি	ব্রো	2
পেয়ে	যাবেন	ভাই	2
অ্যাপ্রুভ	হয়	না	2
পরবর্তী	পোষ্ট	এ	2
পোষ্ট	এ	পেয়ে	2
যার	যেটা	ভালো	2
মেইন	অ্যাপ	থেকে	2
অ্যাপ	থাকলে	শেয়ার	2
লিংক	আপডেট	করা	2
আইডি	ব্যান	হবে	2
ইউজার	নেম	টা	2
নেম	টা	দেন	2
টাকা	দিয়ে	মোবাইল	2
টার্বো	ভিপিএন	এর	2
গ্যালাক্সি	এস৭	এজ	2
আছে	আমার	প্রোফাইল	2
সিস্টেম	আপডেট	করে	2
আপডেট	করে	ডেভেলপার	2
করে	ডেভেলপার	অপশনস	2
ডেভেলপার	অপশনস	এ	2
অপশনস	এ	গিয়ে	2
ভার্সন	এ	নাও	2
এ	নাও	হতে	2
নাও	হতে	পারে	2
আর	এই	অ্যাপস	2
অ্যাপস	এর	দরকার	2
আপডেট	আসে	নাই	2
ইউজ	করি	অনেক	2
হয়	না	৭	2
সব	ই	তো	2
গেম	এর	অবিবি	2
তো	কোনো	প্রব্লেম	2
করতাছে	না	ভাই	2
থাকতে	তেলুগু	তে	2
ছাড়া	কি	সম্ভব	2
পাবলিক	হয়	না	2
ট্রিকবিডি	প্রোফাইল	এ	2
অ্যাপ	ক্লোন	করে	2
এই	গুলা	কি	2
কার্ড	অ্যাড	করে	2
পারচেজ	করা	যাবে	2
এ	ও	আছে	2
এখানে	একাউন্ট	আছে	2
ইমেইল	সিকিউরিটি	নট	2
সিকিউরিটি	নট	গ্র্যান্টেড	2
নট	গ্র্যান্টেড	দেখায়	2
এটা	কি	অফলাইনে	2
আরো	পোস্ট	আছে	2
এতো	নাম্বার	কই	2
একসেপ্ট	করে	না	2
ফ্লোটিং	উইন্ডো	তে	2
উইন্ডো	তে	ক্লিক	2
কথা	মনে	পরে	2
মনে	পরে	গেল	2
ড্রাইভ	এর	লিংক	2
ভার্সন	দিতে	পারবেন	2
হুম	ভাই	বাট	2
চেঞ্জ	করে	হ্যাক	2
ইমো	বেটা	ডাউনলোড	2
নাম	আসবে	না	2
বেটা	ইউজ	করেন	2
ইমো	এইচডি	এর	2
এইচডি	এর	মোড	2
ইমো	তে	এসএমএস	2
বাংলাদেশ	সার্ভার	আছে	2
আইডি	উধাও	হয়ে	2
বাংলাদেশি	নাম্বার	এ	2
নাম্বার	এ	কয়	2
১০০০	নাম্বার	হলে	2
১২৯৯০	টাকায়	রিয়েলমি	2
মিনিট	ওয়েট	করেন	2
ইউএসডি	মানে	কি	2
২৫০	এর	ওইটা	2
এর	ওইটা	ট্রাই	2
ওইটা	ট্রাই	করছি	2
ট্রাই	করছি	এমবি	2
করছি	এমবি	ফেইলড	2
এমবি	ফেইলড	দেখাচ্ছে	2
কে	মিক্স	করে	2
পোস্ট	আরো	আছে	2
আমি	এর	থেকে	2
এর	থেকে	আরও	2
থেকে	আরও	ভালো	2
ভালো	ভালো	অফার	2
ভালো	অফার	জানি	2
আবাল	তো	মিয়া	2
তো	মিয়া	আপনে	2
আবুল	মিয়া	দাম	2
মিয়া	দাম	উল্লেখ	2
দাম	উল্লেখ	করেন	2
উল্লেখ	করেন	নি	2
ওই	সিম	এ	2
অ্যাকাউন্ট	খুলা	নাই	2
আচ্ছা	আমি	টাইটেল	2
নেটফ্লিক্স	প্রিমিয়াম	এর	2
প্রিমিয়াম	এর	জন্য	2
এর	জন্য	এসেছিলাম	2
জন্য	এসেছিলাম	যদি	2
এসেছিলাম	যদি	আমি	2
যদি	আমি	সে	2
আমি	সে	সকল	2
সে	সকল	সার্ভিস	2
সকল	সার্ভিস	যা	2
সার্ভিস	যা	নেটফ্লিক্স	2
যা	নেটফ্লিক্স	প্রিমিয়াম	2
নেটফ্লিক্স	প্রিমিয়াম	এ	2
প্রিমিয়াম	এ	থাকে	2
এ	থাকে	তা	2
থাকে	তা	এই	2
তা	এই	সাইট	2
সাইট	এ	না	2
এ	না	পাই	2
ফটোস	থেকে	আবারো	2
থেকে	আবারো	রিস্টোর	2
আবারো	রিস্টোর	করবো	2
ব্রো	তাহলে	এর	2
তাহলে	এর	থেকে	2
এর	থেকে	মান	2
বুঝলাম	যে	নেভিগেসন	2
যে	নেভিগেসন	বার	2
নেভিগেসন	বার	এ	2
একটা	পদ্ধতি	আছে	2
আচ্ছা	ভাই	এর	2
ভাই	এর	পর	2
পর	থেকে	সকল	2
থেকে	সকল	পোস্ট	2
সকল	পোস্ট	এ	2
এ	বিস্তারিত	আলোচনা	2
বিস্তারিত	আলোচনা	করবো	2
ভাই	ভিপিএন	থাকলে	2
ভিপিএন	থাকলে	আবার	2
পাবজি	অ্যাপ	ছাড়া	2
অ্যাপ	ছাড়া	খেলা	2
ছাড়া	খেলা	যাবে	2
অ্যাকাউন্ট	এর	কোনো	2
একাউন্ট	ব্লক	হয়ে	2
নাম্বার	কারও	কাছে	2
কারও	কাছে	আছে	2
পোস্ট	হইছে	অনেক	2
এই	অ্যাপ	টার	2
অ্যাপ	টার	কথা	2
টার	কথা	মানুষ	2
কথা	মানুষ	ভুলে	2
এই	অ্যাপ	টাতো	2
অ্যাপ	টাতো	ওল্ড	2
টাতো	ওল্ড	ভার্সন	2
এ	খেলা	দেখা	2
খেলা	দেখা	আমি	2
লিংক	এর	অ্যাপ	2
এর	অ্যাপ	টায়	2
অ্যাপ	টায়	আমার	2
আগে	বের	হইছে	2
এই	অপশন	আমার	2
অপশন	আমার	ফোন	2
এই	অপসন	গুলো	2
অপসন	গুলো	স্যামসুং	2
গুলো	স্যামসুং	৮	2
স্যামসুং	৮	ভার্সন	2
৮	ভার্সন	টাকা	2
ভার্সন	টাকা	কাজ	2
টাকা	কাজ	করে	2
এই	পোস্ট	করতে২	2
পোস্ট	করতে২	ফেনা	2
করতে২	ফেনা	উঠে	2
চেক	করে	নিন	2
ও	ভিডিও	লেয়ার	2
ভিডিও	লেয়ার	সাপোর্ট	2
নাকি	এমনি	এ	2
এমনি	এ	ডাউনলোড	2
এ	ডাউনলোড	ছাড়া	2
ডাউনলোড	ছাড়া	লোডিং	2
ছাড়া	লোডিং	নিবে	2
আবুল	পোস্ট	হয়ে	2
পোস্ট	হয়ে	যায়	2
সমাধান	আছে	আশা	2
আছে	আশা	করি	2
অ্যান্ড্রয়েড	১০	এ	2
এন্ড্রোয়েড	ভার্সন	কতো	2
আপনার	কি	হলো	2
আপনি	গুগল	দেখেন	2
আপনে	তাহলে	কি	2
তাহলে	কি	ভাই	2
আপনের	প্রোফাইল	এ	2
প্রোফাইল	এ	দেখলাম	2
এ	দেখলাম	লিখা	2
সামনেও	করে	যাবো	2
আপনি	কি	সাকিব	2
কি	এই	অ্যাপস	2
এই	অ্যাপস	সম্পর্কে	2
অ্যাপস	সম্পর্কে	আজকেই	2
সম্পর্কে	আজকেই	জানলেন	2
মোড	এ	পাসওয়ার্ড	2
লিঙ্ক	দেন	ভাই	2
আপনের	ফেইসবুক	লিংক	2
হলেও	গুড	পোস্ট	2
বাংলালিংক	যা	নাকি	2
ভাই	১টা	কীবোর্ড	2
১টা	কীবোর্ড	অ্যাপস	2
কীবোর্ড	অ্যাপস	দেন	2
ভাই	এন্ড্রোইড	এথিকাল	2
এন্ড্রোইড	এথিকাল	হ্যাকিং	2
এথিকাল	হ্যাকিং	মেগা	2
হ্যাকিং	মেগা	লিংক	2
মেগা	লিংক	কাজ	2
লিংক	কাজ	করি	2
নেট	ইউজ	এয়ারটেল	2
ইউজ	এয়ারটেল	এ	2
এয়ারটেল	এ	ফ্রি	2
থাকলে	পোস্ট	টি	2
পোস্ট	টি	দেন	2
ফোন	মেমরি	সব	2
মেমরি	সব	কিছু	2
সব	কিছু	ডিলিটেড	2
কিছু	ডিলিটেড	হয়ে	2
ডিলিটেড	হয়ে	যাবে	2
হওয়া	পিক	ফন	2
পিক	ফন	থেকে	2
ফন	থেকে	ডিলিট	2
ডাটা	যাই	থাক	2
যাই	থাক	অ্যাপস	2
থাক	অ্যাপস	ব্যাকগ্রাউন্ড	2
অ্যাপস	ব্যাকগ্রাউন্ড	এ	2
ব্যাকগ্রাউন্ড	এ	থাকবে	2
ভয়	কে	জয়	2
মালাই	আইসক্রিম	টা	2
দেয়া	যাবে	ভাই	2
ঝোল	দিয়ে	দুপুরে	2
তরকারির	ঝোল	দুপুরে	2
খেলে	আমার	বু	2
আমার	বু	দ্ধিকমে	2
বু	দ্ধিকমে	যাবে	2
পাশাপাশি	বসে	সূর্য	2
বসে	সূর্য	দেখবো	2
