আমি	71056
না	64348
তুমি	39885
আমার	38755
কি	31607
এটা	27311
আর	26037
তোমার	24259
আছে	22100
এই	19698
সে	19625
আমরা	19174
করে	17207
হবে	16271
জন্য	16151
আমাদের	15779
করতে	15385
একটা	15212
আমাকে	14508
ঠিক	14354
তো	13968
আপনি	13860
যে	13276
তার	12905
থেকে	12569
কিছু	12389
সাথে	12210
কিন্তু	12165
এখানে	10752
এখন	10654
কথা	10651
তোমাকে	10636
মনে	10386
কোন	10381
কী	9075
যদি	8736
হয়	8400
এবং	8336
নিয়ে	8324
আপনার	8161
হয়ে	7830
ছিল	7821
নেই	7787
তারা	7779
তাকে	7710
তাহলে	7604
অনেক	7526
কেন	7411
করো	6986
করা	6969
হ্যাঁ	6873
সব	6732
তাই	6683
এর	6677
এক	6393
কে	6278
ও	6239
হচ্ছে	6177
যাও	6150
কাজ	6113
হয়েছে	6041
কাছে	5872
শুধু	5789
স্যার	5717
ভালো	5551
তাদের	5547
দাও	5541
যা	5366
একটি	5331
যেতে	5209
জানি	5183
ভাল	5182
একজন	5168
দিয়ে	5153
কোথায়	4928
খুব	4923
যাবে	4832
করবে	4774
চাই	4657
পারে	4625
শেষ	4617
বাবা	4552
করার	4521
ধন্যবাদ	4474
কেউ	4460
যখন	4445
সময়	4412
বলতে	4393
করি	4359
তুই	4313
গেছে	4262
ওকে	4160
মত	4150
হতে	4135
সেটা	4125
চলে	4107
ওহ	4061
নয়	4045
একটু	3940
হ্যা	3915
পারি	3854
সবাই	3769
দেখতে	3747
আগে	3746
দেখা	3710
করছি	3667
বের	3598
কর	3584
বলে	3554
ঐ	3497
তিনি	3427
আবার	3412
দিতে	3377
নাম	3362
নাকি	3362
এ	3361
যায়	3332
ওর	3305
পারবে	3301
কিভাবে	3282
মা	3282
তোমরা	3252
মধ্যে	3152
ফিরে	3106
তা	3088
আচ্ছা	2998
সাহায্য	2995
দরকার	2984
আপনাকে	2974
চলো	2958
মানুষ	2957
দিকে	2955
সেই	2943
করেছে	2936
দিন	2910
তোর	2910
মানে	2904
ওটা	2902
শুরু	2862
তোমাদের	2858
দুঃখিত	2803
আসলে	2799
করছে	2779
কিন্ত	2777
বন্ধ	2712
বলছি	2705
বিশ্বাস	2695
করেছি	2656
নিজের	2638
বড়	2637
এমন	2614
বেশি	2560
কারণ	2550
বছর	2544
করবো	2525
অবশ্যই	2521
কোনো	2472
উপর	2457
এসব	2442
হেই	2423
যাচ্ছে	2414
দেখো	2408
হল	2399
মতো	2385
টাকা	2384
চেষ্টা	2380
এটাই	2365
তারপর	2359
আসো	2358
ছিলো	2358
কিছুই	2355
যাচ্ছি	2352
আছি	2324
জানো	2292
আজ	2287
ধরে	2274
বলো	2271
বুঝতে	2266
খারাপ	2256
কখনো	2226
মারা	2213
নি	2210
কেমন	2190
চাও	2177
পছন্দ	2154
দেখে	2127
হয়	2124
সেখানে	2103
নাও	2102
প্লিজ	2086
এখনো	2071
পর	2066
ভাই	2058
থাকে	2057
সমস্যা	2054
নতুন	2016
সুন্দর	2016
পর্যন্ত	2006
ভুল	2004
তখন	1998
আরে	1970
পরে	1965
হলো	1957
ওখানে	1944
ভয়	1927
যাই	1924
করব	1923
ওরা	1917
থাকতে	1916
অন্য	1881
ওই	1881
লোক	1858
ব্যাপারে	1851
নিতে	1844
আরো	1839
ছেড়ে	1837
লাগবে	1823
খুঁজে	1815
থাকবে	1806
হাত	1800
বল	1774
জীবন	1770
করুন	1748
ছেলে	1748
বন্ধু	1743
এসো	1741
এত	1739
ফোন	1737
যেন	1731
সত্যি	1713
চিন্তা	1694
এটি	1690
পারবো	1681
জিনিস	1677
সামনে	1672
যেটা	1646
সম্পর্কে	1621
খুবই	1596
অপেক্ষা	1594
এসেছে	1576
ছিলাম	1574
ব্যাপার	1572
বা	1553
উচিত	1550
করবেন	1549
পারো	1549
হ্যালো	1544
নিচে	1540
হলে	1540
থাকো	1524
সবকিছু	1522
এখান	1520
মেয়ে	1520
প্রথম	1517
আসবে	1502
দুই	1495
নিশ্চিত	1494
হও	1492
এসে	1478
জলদি	1477
কত	1467
জানতে	1466
ওদের	1449
দেখ	1441
আসছে	1433
লাগছে	1429
করছ	1428
মেরে	1426
সবচেয়ে	1425
এরকম	1424
নাই	1424
হয়তো	1421
হাতে	1418
ছাড়া	1404
বেশ	1402
জন	1397
তৈরি	1384
বাইরে	1368
এটার	1353
গুলি	1349
একদম	1340
পারেন	1339
আসতে	1338
এসেছি	1336
চল	1334
সত্যিই	1327
পড়ে	1326
যাক	1325
দিয়েছে	1325
পুরো	1324
বলা	1300
ছোট	1298
আমিও	1294
আশা	1285
চায়	1279
এগুলো	1268
পেয়েছি	1266
মি	1255
মজা	1254
যান	1253
তোকে	1250
গিয়ে	1247
এবার	1242
সবসময়	1241
মিনিট	1225
হোক	1224
বলেছে	1216
যাবো	1214
যেখানে	1213
জানে	1211
ই	1211
বসে	1200
উপরে	1193
দয়া	1191
ফেলে	1191
মাথা	1189
মানুষের	1184
বাড়ি	1177
জায়গা	1176
পারব	1176
কাউকে	1175
পুলিশ	1171
টা	1165
দেখি	1164
তাড়াতাড়ি	1162
যারা	1161
শুনতে	1160
আসে	1160
নিজেকে	1158
থামো	1158
আরও	1154
কীভাবে	1136
গাড়ি	1126
করলে	1124
আসছি	1119
এটাকে	1117
মাত্র	1116
মাঝে	1115
করছো	1111
তবে	1110
বাচ্চা	1106
ভুলে	1100
চুপ	1100
আপনাদের	1099
অথবা	1095
রাতে	1093
দিচ্ছি	1092
মিস	1091
উচিৎ	1086
খুন	1081
যাওয়া	1080
হিসেবে	1067
প্রয়োজন	1067
অবস্থা	1063
হয়েছিল	1059
আছো	1059
ব্যবহার	1057
দাঁড়াও	1054
এখনও	1051
সবার	1047
করেন	1046
সবাইকে	1045
যুদ্ধ	1045
এভাবে	1043
পাবে	1043
বেঁচে	1036
যার	1036
কারন	1032
উনি	1030
সঙ্গে	1029
একা	1028
যাওয়ার	1026
দেয়	1025
পেতে	1024
যাব	1023
চেয়ে	1019
আয়	1019
পারছি	1016
দেখেছি	1015
দিবে	1013
আপনারা	1012
পাগল	1011
লাগে	1010
দূরে	1007
র	1004
ভিতরে	1003
শান্ত	1002
দ্রুত	1000
পাওয়া	998
প্রতি	994
খবর	990
নই	988
বলেছি	987
শুভ	982
খুশি	981
আগেই	980
একবার	980
আসল	978
পার	975
কাজে	971
একই	970
রাখো	961
সুযোগ	960
তাঁর	956
বলছে	954
জানেন	952
বাবার	948
চোখ	948
করেছ	944
বলবে	943
গেল	942
দেবে	939
রেখে	936
দে	936
গিয়েছে	935
পথ	935
এখানেই	932
আসলেই	931
হওয়ার	930
বিয়ে	929
মিঃ	928
যথেষ্ট	924
৷	924
প্রস্তুত	922
যাতে	918
জ্যাক	915
হয়নি	914
নিশ্চয়ই	913
সম্ভব	912
আহ	901
কিনা	899
দেখছি	899
কেনো	899
আছেন	898
ভেতরে	898
প্রশ্ন	897
জানিনা	897
চান	896
দরজা	895
১	895
তিন	888
রাখতে	888
ভাবে	884
কোথাও	882
জায়গায়	880
খাবার	880
এদিকে	877
বলি	876
রে	873
হাই	872
এমনকি	870
হুম	870
দেয়া	869
উত্তর	866
চমৎকার	865
রক্ষা	861
আমায়	851
আমাদেরকে	850
করছেন	849
করেছিলাম	843
গেলে	843
দেওয়া	842
ব্যাপারটা	840
নাম্বার	839
বলার	839
ভেবেছিলাম	838
কেবল	834
সোনা	830
ক্যাপ্টেন	830
কারো	823
বস	823
এতো	819
করেছেন	817
প্রায়	814
২	812
নষ্ট	812
ক্ষমা	812
পানি	809
রাস্তা	805
বলেছিলাম	803
একসাথে	803
সহজ	802
আছ	802
শুধুমাত্র	799
দিয়েছি	796
রয়েছে	795
রাজা	794
গেলো	792
দেখুন	787
বাকি	784
কঠিন	783
কাছ	780
হা	778
একে	776
বলুন	774
শব্দ	771
সম্ভবত	769
আমিই	767
হত্যা	766
মুখ	766
মন	766
সত্য	765
পিছনে	764
থাকার	762
জীবনের	761
ধরো	760
খোদা	758
তুমিই	758
চুরি	751
কল	751
থাক	750
ধ্বংস	743
আঘাত	743
কষ্ট	741
মিথ্যা	736
কম	735
এখনই	733
বেশী	730
সেটাই	725
জানতাম	723
একমাত্র	721
শোন	720
আসুন	719
কার	718
পাচ্ছি	715
গেছি	714
কখনোই	714
দেবো	714
যেমন	713
হাজার	711
জান	711
করেছো	711
থাকা	709
তোমায়	703
বাদ	702
আসার	700
১০	698
সকল	691
খেতে	688
খেলা	686
৫	685
ঈশ্বর	685
পা	684
সরে	683
কখনও	678
বলবো	678
দিব	677
শক্তি	675
হ্যারি	674
পেয়ে	673
সিদ্ধান্ত	673
বললে	673
পেছনে	670
জিজ্ঞেস	669
রাখা	669
কিসের	668
করলাম	668
নিরাপদ	668
হওয়া	667
স্বাগতম	667
এতে	666
কাজের	665
অস্ত্র	663
৩	660
থাকলে	658
খুজে	655
দাড়াও	654
থেকেই	645
ইচ্ছা	645
পরিষ্কার	645
ছবি	645
দেরি	645
বার	643
আসা	640
নামে	639
শালা	638
আরেকটা	637
বাসায়	636
ছিলে	635
সঠিক	634
কাল	634
পৃথিবীর	633
তাইনা	629
বিদায়	629
জানা	629
তাদেরকে	628
পারবেন	626
পরিবার	626
আস্তে	626
জন্যে	623
করেছিল	622
কারণে	621
ঘরে	620
চাচ্ছি	619
খুলে	618
মৃত্যুর	615
দু	615
হারিয়ে	613
নিজে	613
রক্ত	613
মহান	612
দেই	610
আজকে	608
কখন	604
নিজেই	602
বিশেষ	600
ধরনের	597
খালি	596
মাফ	594
বাড়িতে	593
ওহ্	591
আগের	590
একদিন	589
ফিরিয়ে	589
গল্প	588
দল	586
ডাক্তার	586
বছরের	583
প্রথমে	583
চেক	581
দারুণ	581
দ্বারা	580
বলছ	579
ছিলেন	578
মাথায়	577
হে	577
মিস্টার	573
গত	571
দেব	569
মায়ের	568
মারতে	567
খেয়ে	565
আলাদা	564
সকাল	562
শুনেছি	562
ধরতে	562
ক্ষমতা	559
বাজে	558
পাই	556
উপায়	555
যাচ্ছ	553
বিষয়	551
পাশে	549
মুক্ত	549
ওপর	549
স্ত্রী	548
ভালোই	548
ছোট্ট	548
স্বপ্ন	546
গান	544
ধীরে	542
অদ্ভুত	538
গুরুত্বপূর্ণ	537
বলব	537
করিনি	535
সাহস	535
বলেন	534
লড়াই	534
তথ্য	534
তুমিও	533
শোনো	532
যদিও	529
জনাব	528
কেটে	527
পথে	525
জন্যই	524
হয়েছে	523
অংশ	521
উঠে	521
শুনে	520
শক্তিশালী	519
লাভ	519
চালু	519
প্রমাণ	519
পায়	517
অনুভব	515
মৃত	514
পান	514
নিজেদের	512
দিলে	512
পেরেছি	511
তাতে	511
ফেলবে	509
অন্তত	507
এরা	506
মৃত্যু	505
দোস্ত	504
সেরা	503
সময়	502
এখনি	501
হয়ত	500
আনতে	499
তাকাও	498
এসেছ	494
ধারণা	491
তুলে	491
পরিবারের	491
দোষ	491
রাত	490
পরিবর্তন	490
গোপন	490
বাচ্চাদের	487
হতো	487
জীবিত	486
যত	485
তাঁকে	485
ঠিকই	484
বদলে	482
পাওয়ার	482
মেয়ের	482
জি	481
চাইলে	477
অনুমতি	477
তে	476
জিজ্ঞাসা	475
প্রিয়	474
থাম	473
বোকা	472
মাস	472
মহিলা	470
বসো	470
কিছুটা	470
বলেছেন	469
পরীক্ষা	469
পারবেনা	469
প্রফেসর	469
কোনও	468
ধরা	468
বিরুদ্ধে	468
চলছে	468
এইতো	467
ফেরত	467
দারুন	466
অসম্ভব	466
পেয়েছে	465
বলছো	463
গিয়েছিল	462
পৃথিবী	462
সোজা	461
হবেনা	460
দিচ্ছে	460
জীবনে	459
লেখা	459
দেখার	458
কয়েক	458
সাবধানে	458
দিলাম	457
কালো	457
ব্যবস্থা	457
ভেবে	457
অসাধারণ	455
খেয়াল	454
দিনের	453
আসি	453
তেমন	452
বন্দুক	451
বয়স	450
দিও	449
লুকিয়ে	448
করছিলাম	447
সামান্য	447
হলাম	446
করত	445
বলছেন	444
টাকার	444
লেগেছে	443
চার	443
বাবাকে	442
বলেছিলে	442
করতাম	441
করেনি	441
ধর	440
চোখে	440
সারা	438
ভালই	438
রাখবে	437
সম্মান	437
বললাম	436
সময়ে	436
এইটা	435
স্কুলে	435
বলেছিল	434
সাবধান	434
বিক্রি	433
মার	432
দিবো	431
সকালে	430
এইসব	430
কাজটা	430
নিন	430
অধিকার	430
চিনি	430
বাহিরে	430
এগিয়ে	430
ইয়া	430
মজার	429
৬	429
ডলার	429
ফেলো	428
চিৎকার	427
গুলো	427
চেয়েও	427
করলো	426
ডঃ	426
সেকেন্ড	424
চেহারা	424
পেলে	424
মরে	424
ইয়াহ	423
সন্দেহ	422
থাকি	422
পরের	421
ভালবাসি	421
পাঁচ	420
বন্ধুরা	420
করেই	420
সাধারণ	420
দূর	419
কোথায়	418
জাহাজ	418
পারিনি	417
বলেছ	417
ঘটনা	416
যাকে	416
ফেলেছি	415
ভেঙ্গে	414
বোন	414
ঝামেলা	411
পুরনো	411
পরিকল্পনা	411
হয়েছি	409
ভাগ্য	409
দেখলে	409
গেলাম	409
বুঝেছি	409
মেয়েকে	409
তৈরী	409
ফেলেছে	408
হায়	408
বই	407
একেবারে	404
বানিয়ে	404
দুটো	403
নে	403
ভাগ	403
ভালোবাসি	403
হবার	402
মাধ্যমে	402
সপ্তাহ	402
হয়েছিলো	402
৪	401
পাবেন	400
পালিয়ে	400
নও	400
যোগাযোগ	400
আটকে	399
সময়ের	399
চোখের	399
বাস	398
ভালোবাসা	398
ঘর	396
থাকবো	396
মধ্যেই	396
ম্যান	395
লোকদের	394
আদেশ	394
ফেল	394
দুজন	393
ঘন্টা	393
গিয়েছিলাম	392
পারলে	391
অবস্থায়	390
সমাধান	390
প্রয়োজন	390
রাজি	389
প্রধান	389
তাঁরা	389
জন্ম	388
রাখ	387
মতই	385
জোরে	385
শহরের	385
উনার	385
দায়িত্ব	384
গরম	384
কাছাকাছি	384
আসবো	384
কোথাকার	384
এদের	384
দেয়ার	384
জিনিসটা	382
দেওয়ার	382
মেনে	381
শহর	381
পড়েছে	380
ঘুরে	379
দেখাও	379
কই	379
জেনে	378
বেরিয়ে	377
দেখাতে	377
মুখে	377
আগুন	377
শহরে	376
ছেলের	376
এরপর	376
প্ল্যান	376
ঘৃণা	375
শান্তি	373
ওরে	373
দিক	372
দেবতা	372
পারতাম	371
ভেতর	371
বললো	371
জর্জ	371
রুমে	370
তোরা	370
লোকজন	369
পরিচিত	369
রকম	368
খোলা	368
২০	368
টি	367
আস	366
রাতের	365
চলবে	365
দাঁড়িয়ে	364
মানুষকে	363
নিরাপত্তা	363
পিটার	363
যেভাবে	362
যুদ্ধের	362
পরিচয়	362
নিয়েছে	362
লক্ষ্য	360
বিরক্ত	360
করতো	359
অনুসরণ	359
তাঁদের	359
নিয়ম	358
মরতে	358
শক্ত	357
রেখো	357
থামাও	357
সাথেই	356
ফেলতে	356
দেখাচ্ছে	356
ম্যাডাম	356
মিনিটের	355
সম্পর্ক	355
ধুর	355
জয়	354
বলল	354
পৃথিবীতে	354
বাঁচাতে	354
হয়তোবা	354
নয়	353
আল্লাহ	353
এসেছেন	352
করিয়ে	351
আইন	350
এজেন্ট	350
দেখেছো	350
হত	349
গাছ	349
নিউ	348
চাইনা	347
চুক্তি	347
চেয়েছিলাম	346
লোকের	346
লোকটা	346
রেডি	346
লর্ড	346
হাহ	344
হ	344
কবে	344
যতক্ষণ	344
শিকার	344
লাল	344
হিসাবে	344
পড়তে	343
ঘুম	343
রুম	342
ক্ষতি	342
শরীর	341
থাকব	341
দাম	339
আ	339
নজর	339
কাহিনী	338
দেখেছ	338
সমস্ত	337
শাস্তি	337
জী	337
জ্বি	337
স্কুল	336
মাকে	336
যেই	336
দেখবে	336
এভাবেই	335
বরং	335
কফি	335
উপহার	335
করেছিলে	334
কিচ্ছু	333
মেয়েটা	333
যাবার	332
হয়না	332
লোকেরা	332
মাই	332
সেগুলো	331
গুড	331
রাস্তায়	331
বিষয়ে	331
বুদ্ধি	330
রাগ	330
লম্বা	330
ঘটেছে	329
গাড়িতে	329
গাড়ির	329
শীঘ্রই	329
সম্পূর্ণ	328
দেন	328
যাবেন	328
আজকের	328
গ্রহণ	328
প্রভু	328
দেখলাম	326
অর্থ	326
কিংবা	326
চা	326
কোড	326
মনোযোগ	325
সতর্ক	325
পাঠিয়ে	325
মাস্টার	325
করোনা	325
লাগলো	324
রিপোর্ট	324
কারা	324
ছেলেকে	323
ফালতু	323
ওদেরকে	323
দশ	322
বানাতে	322
ওগুলো	322
কেউই	321
থেকেও	321
প্রেসিডেন্ট	321
এজন্যই	320
নিয়েছি	320
জেগে	320
বিশাল	320
ভিন্ন	319
আবারো	319
এসেছিল	318
কুপার	318
বাল	317
বাই	317
হামলা	317
অল্প	316
তাকিয়ে	316
পুরোপুরি	316
সৃষ্টি	316
কিছুর	315
পারবনা	315
আগামীকাল	315
পুলিশের	314
আলো	314
কাপড়	314
অফিসার	314
সাবটাইটেল	313
প্রার্থনা	313
তবুও	313
বাচ্চারা	312
শুনুন	312
করিস	312
পাচ্ছ	312
ওয়াও	312
পেলাম	311
অবস্থান	311
হাসি	311
সন্তান	310
আক্রমণ	310
যাদের	310
একজনকে	309
নেবে	309
চলুন	308
ডান	308
জায়গাটা	308
বেবি	308
অবশ্য	308
বেছে	308
আপ	308
বানানো	307
খাও	307
জরুরী	307
চিঠি	306
মালিক	305
রাখার	305
ক্ষেত্রে	304
নেয়া	304
প্রতিদিন	304
আম্মু	304
৩০	303
শ্বাস	303
পড়বে	303
বুঝে	302
পিছে	302
কারনে	301
নিচ্ছি	301
দিয়েছেন	299
গেছেন	299
কথাই	298
দেশের	297
পেয়েছ	297
অামি	297
দিয়েছিলাম	296
কাকে	296
ঘণ্টা	296
দিল	296
চুল	296
দিয়েছিল	296
প্রেম	296
যেহেতু	295
ব্যথা	295
মেশিন	295
অনুবাদক	295
দৌড়াও	294
বুঝেছ	294
জানার	294
আমারে	294
মনের	293
১০০	293
সাহেব	293
অনুবাদ	293
কোনটা	292
থামাতে	292
চাবি	292
অনেকটা	292
মিশন	292
করেছিলো	292
আমারও	291
সবকিছুই	291
থাকুন	291
এটাও	291
অসুস্থ	291
হলেও	291
পারছিনা	291
পরবর্তী	291
পাবো	290
রং	290
হয়ে	290
কেস	289
মারার	289
টিম	289
পাও	288
প্রত্যেক	288
পৌঁছে	288
সবসময়ই	287
কখনই	287
প্রকাশ	287
যেও	287
ফেলবো	287
অর্ধেক	286
স্বীকার	286
বোমা	286
দেখিনি	285
ভিডিও	285
বুঝলাম	285
অফ	285
বন্ধুদের	284
দুইটা	284
জেলে	284
পড়ো	284
রান্না	284
আনা	283
ব্যবসা	283
হইছে	283
নিবে	283
এসেছো	283
বাধ্য	282
পিছু	282
যাচ্ছো	282
থেকো	282
খুঁজতে	282
মূল্য	282
হাতের	281
চালিয়ে	281
ঈশ্বরের	281
স্বামী	281
বলেছিলেন	280
বুঝলে	280
চরম	280
বলবেন	279
বুড়ো	278
রেখেছে	278
শয়তান	278
ভবিষ্যৎ	278
চাচ্ছ	277
৭	276
কাম	276
বাংলা	276
ক্যামেরা	275
করছিস	274
বলছিলাম	273
মেয়ে	273
নিচু	273
সুন্দরী	273
বাঁচাও	273
ভগবান	273
বাজি	272
নিও	272
ফেলা	272
জাদু	271
আরেকটু	271
প্রবেশ	271
হিরো	271
মারো	271
সামলে	270
বিয়ের	270
পবিত্র	270
ওখানেই	269
মাথার	269
নাহলে	269
আইডিয়া	269
উদ্ধার	269
ব্যক্তি	269
মরার	269
১৫	268
ট্রেন	268
শত্রু	268
গন্ধ	268
পড়	268
যোগ	268
স্পর্শ	268
আব্বু	268
উম	267
চাপ	267
বলিনি	267
যোগ্য	267
লেগে	267
লাইন	266
৮	266
বললেন	265
ওঠো	265
মেয়েদের	264
ওটার	263
পাথর	263
সেটার	262
হব	262
ব্যাগ	262
নেমে	261
নিয়ন্ত্রণ	261
হাসপাতালে	261
দ্যা	261
খাবে	260
নেয়	260
অফিসে	260
দ্বিতীয়	259
রাখুন	259
ভাব	259
জানাতে	259
অর্ডার	259
হবো	259
খাওয়া	259
নিয়ে	259
ফ্র্যাঙ্ক	259
লাশ	258
ছেড়ে	258
অবশেষে	257
বিশ্রাম	257
গড	257
বাহ	257
রাখে	257
অপরাধ	256
করছিল	256
অন্ধকার	256
তোদের	256
আই	256
উঠো	256
যত্ন	256
দিনে	255
সত্যিকারের	255
ধরণের	255
বাস্তব	254
শুয়ে	254
উদ্দেশ্য	254
স্বাভাবিক	253
নীল	253
ছাড়	253
ভাবো	253
স্যাম	253
পারেনা	252
কথাটা	252
গাধা	252
হঠাৎ	252
চিনতে	252
পাঠানো	252
এইযে	252
ব্যস্ত	252
ছাড়াই	252
ভিতর	251
অনুরোধ	251
সরাসরি	251
ভয়ানক	251
মেরেছে	251
৯	250
বিপদে	250
ডক্টর	250
বেচে	250
অন্যান্য	249
এসবের	249
সাদা	249
মিলিয়ন	249
মাইল	249
পড়েছি	249
অন	249
মিয়া	249
পানির	249
প্রাণ	249
ডেভিড	249
জিমি	249
এনে	248
ভালবাসা	248
আসব	248
অন্যদের	247
ছেলেরা	247
রেকর্ড	247
মুক্তি	247
দিয়েছ	247
চোর	247
যেকোন	246
চলতে	246
শার্লক	246
দাঁড়ান	245
শপথ	245
একটাই	245
কোথা	245
মিষ্টি	245
কার্ড	245
সহ্য	245
আউট	245
হই	245
পুত্র	245
খরচ	244
সবই	244
যাচ্ছেন	244
মদ	244
কুকুর	244
১২	243
মিলে	243
আওয়াজ	243
বিপদজনক	243
জেনারেল	243
আবারও	242
পক্ষে	242
এখানকার	241
নামের	241
সরিয়ে	241
সেদিন	241
ভাবতে	241
স্থান	241
আচরণ	241
মুহূর্তে	241
বোঝা	240
জানিস	240
বিপদ	239
এক্সকিউজ	239
করেছিলেন	239
ভাবছি	238
সেখানেই	238
মতে	238
খেলতে	238
পুরুষ	238
শুনো	238
বাপ	238
এক্ষুনি	238
ফুল	238
সফল	238
অই	238
রাজার	238
ইয়েসাং	238
করিনা	237
শিক্ষা	237
যুদ্ধে	237
ভাষা	237
ড	237
কসম	236
দেখিয়ে	236
পটার	236
মূল	235
অবাক	235
মাছ	235
ফেলব	235
ছিলনা	235
ভয়ংকর	234
সামনের	234
কতটা	234
চালাতে	234
খোল	234
বিখ্যাত	234
অভিনন্দন	234
তোমার	234
ক্লান্ত	233
ভাবছিলাম	233
৫০	233
দেখেছিলাম	233
কপি	233
ব্যাংক	233
কোরো	233
সেও	232
শুনলাম	232
সমান	232
বাছা	232
আনন্দ	232
সপ্তাহে	232
জনি	232
ছয়	231
পাইনি	231
সুস্থ	231
চাকরি	231
মাটিতে	230
কিনে	230
ব্যর্থ	230
পালা	229
প্রতিটি	229
দেশ	229
সিস্টেম	229
ব্যাথা	229
ডিম	229
প্রেমে	229
গভীর	228
ঘটে	228
দুঃখ	228
পাঠিয়েছে	228
কথায়	228
ইঞ্জিন	228
আত্মা	228
উপভোগ	228
দুর্বল	228
গতকাল	227
মামা	227
বাড়ির	227
দিলো	227
আগেও	227
তখনই	227
ছেলেটা	226
পারলাম	226
এনেছি	226
যায়না	226
ঠাণ্ডা	225
মতোই	225
শুধুই	225
একজনের	224
লাগল	224
পরিস্থিতি	224
খাওয়ার	224
ঠান্ডা	224
লাফ	224
পারেনি	223
পার্টি	223
নেওয়া	223
সারাজীবন	221
একাই	221
করবি	221
চাচ্ছে	220
চাইবে	220
মিসেস	220
মাল	220
দেশে	220
তাও	220
হোমস	220
হুমম	220
দলের	219
এজন্য	219
ঢুকে	219
চালাও	219
ইচ্ছে	219
সুতরাং	219
ভাগ্যবান	218
অনুযায়ী	218
ঘুমাতে	218
চাচ্ছিলাম	218
দেরী	218
গেছো	218
দিয়ে	218
টেনে	217
ফাইল	217
সাত	216
বিশ্বের	216
চাস	216
করল	215
হুমকি	215
চার্লি	215
গিয়েছিলো	215
হচ্ছি	214
কেও	214
স্মৃতি	214
মুছে	214
ব্ল্যাক	214
পালাতে	213
যায়নি	213
ছড়িয়ে	213
বাহিনী	213
এমনটা	213
পাব	213
বাবু	213
কোটি	213
আলোচনা	212
আমরাও	212
হৃদয়	212
লাখ	212
চিন্তিত	212
শেষে	212
জাহাজের	212
উনাকে	212
কয়েকটা	211
যাত্রা	211
সবগুলো	211
অপেক্ষায়	211
ত্যাগ	211
বিল্ডিং	210
জ্ঞান	210
করবেনা	210
নোংরা	210
সাহায্যের	210
পালাও	210
সু	210
ব্যক্তিগত	209
ঢুকতে	209
নিব	209
মেয়েরা	209
সরো	209
জোর	209
উঠতে	209
মানুষদের	209
যেনো	209
ঘন্টার	208
হোন	208
তাইলে	208
বিষয়টা	208
বুঝি	208
কাছেই	208
থাকেন	208
এস	208
ভরসা	208
পিচ্চি	208
প্রমান	207
পারিনা	207
চিহ্ন	207
পোশাক	207
তদন্ত	207
লজ্জা	206
বৃষ্টি	206
শিখতে	206
নির্দেশ	206
অামার	206
বসুন	205
কতদিন	205
যায়	205
থাকতো	204
স্ত্রীর	204
সরি	204
বাতাস	204
ইঁদুর	204
আগ	203
জানলে	203
লিখে	203
এইমাত্র	203
সিরিয়াস	203
স	203
প্রতিটা	202
পড়ছে	202
পায়ের	202
বন্দী	202
যেমনটা	202
মাংস	202
জন্মদিন	202
সংকেত	202
প্রতিশোধ	202
গ্রামে	202
তাছাড়া	201
দুনিয়ার	201
পাচ্ছো	201
ইয়েস	201
জমি	201
ভাইজান	201
দিবেন	200
দয়া	200
জানতো	200
করতেই	200
অনুমান	200
বাধা	200
আমরাই	200
বাড়িতে	200
পিকে	200
চাইনি	199
নেবো	199
বড়	199
বাচ্চার	198
স্পেশাল	198
টার্গেট	198
ভাড়া	198
জিন	198
পড়া	197
পরিণত	197
ডি	197
গাড়িটা	197
করেছিস	197
পক্ষ	197
গায়ে	197
খোলো	197
বব	196
ভাইয়ের	196
ধরেছি	196
০০০	196
ব্র্যান্ড	196
মোটেও	196
দিয়েই	195
কল্পনা	195
করাতে	195
রাখি	195
ঘটবে	195
খোঁজ	195
রেখেছি	195
যাবেনা	195
বার্তা	195
দাদা	195
ধারনা	194
সবুজ	194
হারাতে	194
পাখি	194
পার্থক্য	193
যেরকম	193
ম্যাম	193
ব্যাবহার	193
মরবে	193
শুন	193
মিথ্যে	193
প্রশ্নের	192
পারবি	192
জবাব	192
সার্জেন্ট	192
যোদ্ধা	192
রাখবো	192
স্কুলের	192
লি	192
দীর্ঘ	191
জটিল	191
অভিযোগ	191
যেত	191
হেনরি	191
ওটাকে	191
নিরাপদে	191
সূর্য	191
পিতা	191
রানী	191
মার্ফ	191
যিনি	190
হচ্ছিল	190
আজব	190
পাশ	190
বাম	190
গলা	190
অত্যন্ত	189
ডেকে	189
মিটিং	189
বলতো	189
নেব	189
তিনটা	189
জেমস	189
ঘুমিয়ে	189
প্রতিজ্ঞা	189
এইবার	189
লাগিয়ে	189
স্যুট	188
পাঠাতে	188
কালকে	188
ভেঙে	188
কারও	188
বানর	188
ঠিকাছে	188
ঐটা	187
বেড়ে	187
বাঁচতে	187
অপরাধী	187
এরিক	187
দেখেছে	186
চাচ্ছেন	186
দেখবো	186
সমস্যাটা	186
টম	186
আছিস	185
থাকবেন	185
মাসের	185
দুরে	185
হারিয়েছি	185
রক্তের	185
ডাক	184
নাক	184
দাড়িয়ে	184
জঘন্য	184
বন্ধুর	184
ভর্তি	184
গ্রেফতার	184
মেরি	184
আসেন	184
তোমাদেরকে	184
স্টার্ক	184
ওসব	183
প্রস্তাব	183
ইউ	183
শরীরের	183
দেখছো	183
শিশু	183
ধেত্তেরি	183
বিল	183
কন্ট্রোল	183
চার্লস	183
পেয়েছিলাম	183
বাহুবালি	183
দায়ী	182
সরকার	182
পারছ	182
বোঝাতে	182
নেওয়ার	182
প্রস্তত	182
ছাড়ো	182
ভয়	182
এটাতে	181
দলে	181
বালের	181
কবর	181
পূর্ণ	181
যেগুলো	180
সেরকম	180
পায়ে	180
পাচ্ছে	180
নেয়ার	180
চুমু	180
পারছো	180
অর্জন	180
বিভিন্ন	180
পূরণ	180
প্রোগ্রাম	180
দেখেছেন	179
নকল	179
পেরেছ	179
পারতে	179
নারী	179
গেট	179
ফ্লাইট	179
গাছের	179
মুন্নি	179
লোককে	178
খুনি	178
অনুভূতি	178
ভাবছ	178
কান	178
সংখ্যা	178
গিয়েছিলে	178
প্লেন	178
জুতা	178
মেসেজ	178
খুঁজছি	178
কোম্পানি	177
বামে	177
ভাষায়	177
সহজে	177
কীসের	177
দাঁড়া	177
জ্বী	177
ব্যাখ্যা	176
করলেন	176
পয়সা	176
অফিস	176
সমস্যার	176
এসেছিলাম	176
কতো	176
গেছ	176
শত	176
স্যরি	176
প্রায়	176
বুদ্ধিমান	175
দাবি	175
সন্ধ্যা	175
হবেন	175
শালার	175
মোটা	175
লাইনে	175
নিশ্চয়	175
যতদিন	175
ধরার	175
ভাইয়া	175
শোনা	174
প্রচুর	174
সুরক্ষিত	174
নামাও	174
দেখাবে	174
পার্ক	174
বুলেট	174
রাখবেন	173
যেকোনো	173
জনের	173
ভাবলাম	173
সিগারেট	173
গ্রামের	173
ভালোভাবে	173
রাজ্য	173
একমত	172
ইনি	172
আহত	172
নামিয়ে	172
ড্রাগন	172
হু	172
পি	171
ইতিহাস	171
এখুনি	171
চেয়েছিল	171
পাঠাও	171
রাত্রি	171
আরেক	171
করুক	171
দরজার	170
ওষুধ	170
দক্ষিণ	170
ব্যাটা	170
ওনার	170
চালাক	170
মেয়েটার	170
নামটা	170
নাহ	170
জাদুর	170
সরাও	169
সেখান	169
সারাদিন	169
জানিয়ে	169
নৌকা	169
ঝুঁকি	169
আট	168
আপনিই	168
বলেনি	168
ঘরের	168
দখল	168
ভাবি	168
দুনিয়া	168
শুনেছ	168
নিচ্ছে	168
উঠ	168
সেট	168
অনেকদিন	168
বোনের	168
লুসি	168
ঘোষণা	167
কতক্ষণ	167
নাইট	167
মিউজিক	167
ঘোড়া	167
ধাক্কা	167
শো	167
মুখোমুখি	167
গ্রেস	167
উহ	166
সর্বোচ্চ	166
সাহসী	166
ফায়ার	166
মানব	166
ওপরে	166
কিনতে	166
খেলার	165
চারপাশে	165
সম্ভাবনা	165
সৈন্য	165
ফেলি	165
আগ্রহী	165
সালে	165
নং	165
প্লীজ	165
চিন্তার	164
দোকান	164
অতিরিক্ত	164
নির্ভর	164
ফুট	164
টাইম	164
চাচা	164
ঠিকানা	164
ছুটি	164
ওভার	164
পরেও	163
জানালা	163
বোধ	163
গতি	163
বিচার	163
সাক্ষাৎ	163
উড়িয়ে	163
টুকরো	163
রা	163
সপ্তাহের	163
মেয়েটাকে	163
দেখানোর	163
নয়তো	163
বলেছিলো	163
বিমান	163
অবিশ্বাস্য	162
দেখায়	162
বছরে	162
কিছুদিন	162
কৌশল	162
গিয়েছি	162
উড়ে	162
দেখছ	162
পালন	162
কার্ল	162
উদ্দেশ্যে	162
পরিস্কার	162
রাস্তার	161
হন	161
বারবার	161
মাতাল	161
হাল	161
ওখান	161
হলেই	161
আগামী	161
নিজ	161
স্বপ্নের	161
জানেনা	161
প্রত্যেকটা	161
আত্মহত্যা	161
দক্ষ	160
ডিনার	160
আমেরিকান	160
ক্ষুধা	160
বুঝিয়ে	160
দুজনের	160
পানিতে	160
ভালোবাসার	160
রবার্ট	160
পরামর্শ	160
এলেক্স	160
গ্রাম	160
টনি	160
বয়সে	159
দৃষ্টি	159
হয়তো	159
যাইহোক	159
ক্লাস	159
বি	159
বলেছো	159
পারবোনা	159
জার্মান	159
ফোনটা	159
বউ	159
পয়েন্ট	158
মানসিক	158
নেতা	158
রাজ্যের	158
মারবে	158
পাল্টে	158
আনো	158
ওয়েন	158
৪০	157
স্বাদ	157
খতম	157
সর	157
কোম্পানির	157
সিকিউরিটি	157
দৈত্য	157
পেয়েছো	157
ভালোবাসে	156
চাইতে	156
বুঝবে	156
আসেনি	156
বেন	156
ডাকে	155
আরেকবার	155
পুনরায়	155
পরিবারকে	155
কানে	155
চেনো	155
হয়নি	155
সবসময়	155
গো	155
নম্বর	154
ক্ষুধার্ত	154
দিচ্ছ	154
দিয়েছিলে	154
টুকরা	154
প্রশংসা	154
আঙ্গুল	154
খুলতে	153
লাগতে	153
উঠবে	153
যন্ত্র	153
মরা	153
সম্পন্ন	153
দেখেন	153
হচ্ছেনা	153
হাজির	153
পারছেন	152
নির্দোষ	152
নন	152
দেবার	152
এলে	152
টিভি	152
ইংলিশ	152
ভালভাবে	152
মাত্রই	152
বাঁচানোর	152
মাটি	152
এগুলা	152
এখানের	151
স্পষ্ট	151
নিয়েই	151
ফোনে	151
এলো	151
সি	151
জো	151
করছিলে	151
আকাশে	151
উপযুক্ত	151
কৃতজ্ঞ	151
বহন	151
দিয়েছিলো	151
পেয়েছিলাম	151
এনা	151
পাচ্ছেন	150
ভীত	150
পরেই	150
এলাম	150
রোবট	150
কাগজ	150
২৫	150
উপায়	150
আলাপ	149
নিচের	149
খায়	149
সহ	149
এনেছে	149
অস্তিত্ব	149
কথাবার্তা	149
আক্রান্ত	149
ধোঁকা	149
ডন	149
হাওয়ার্ড	149
লোগান	149
দাগ	148
মহিলার	148
জানত	148
বেলা	148
সদস্য	148
ভরে	148
তারমানে	148
ভরা	148
দ্য	148
প্রাইভেট	148
লোকটাকে	147
ভদ্র	147
শরীরে	147
থামুন	147
লাথি	147
সত্যটা	147
হোটেলে	147
স্টার	147
এমনিতেই	147
বানিয়েছে	147
গ্লাস	147
অতীত	147
মারটি	147
প্ল্যাট	147
শেফ	147
এরকমই	146
প্রভাব	146
ওঠ	146
হোয়াইট	146
সবকিছুর	146
সিক্রেট	146
ক্রিসমাস	146
হো	146
ফারুক	146
মামলা	145
নইলে	145
বেচারা	145
উপরের	145
নিশানা	145
বিশ্বাসই	145
ডুবে	145
আমেরিকা	145
দুর্ঘটনা	145
উইলিয়াম	145
২৪	145
দোষী	144
পারতো	144
দেখানো	144
আসলো	144
বাসা	144
ঝগড়া	144
ভয়ে	144
কিং	144
তর	144
গ্যাস	144
গ্রেপ্তার	143
কিছুনা	143
ফিরতে	143
আসবেন	143
ইতিমধ্যে	143
মাইক	143
অদৃশ্য	143
ওয়ান	143
ভিক্টর	143
এসেছিলো	143
দিয়েছো	143
লাইট	142
দেবেন	142
দরজাটা	142
বাহ্	142
লাগানো	142
পুরোনো	142
বেল	142
চাইনিজ	142
থাকত	142
ওদিকে	142
জিনিষ	142
উড়তে	142
অপরের	142
ফেরার	141
রাখছি	141
কুত্তার	141
তোরে	141
কারণেই	141
একদমই	141
অভিনয়	141
মুখের	141
ডানে	141
ইয়র্ক	141
দ্যাখো	141
সুপার	141
বলছিস	140
আক্রমন	140
যেদিন	140
সান	140
টিকে	140
এইদিকে	140
পৌছে	140
ধনী	140
পাহাড়ের	140
গিয়েছ	140
ভ্রমণ	140
ডাকো	140
গ্রহ	140
হোটেল	140
চিকিৎসা	140
কমান্ডার	140
স্যাটেলাইট	140
মধ্য	140
এতটা	139
ট্রেনে	139
পুরাই	139
চাইছি	139
খুজতে	139
তৃতীয়	139
কম্পিউটার	139
কর্নেল	139
অন্ধ	139
আনন্দিত	139
সম্পদ	139
সংগ্রহ	139
ভগবানের	139
রন	139
জেল	138
খুনের	138
যাবি	138
দেখব	138
গর্বিত	138
সৈনিক	138
৫০০	138
এম	138
কোত্থেকে	138
রেড	138
প্রথমবার	138
ফলাফল	138
দুজনেই	138
পূর্ব	138
এইখানে	138
গ্রহন	137
অতিক্রম	137
পদ্ধতি	137
স্বাধীনতা	137
লাগাও	137
আমিতো	137
ফরেস্ট	137
নিজস্ব	137
বাতিল	137
মিনিটে	136
বেশিই	136
অস্থির	136
তোমাকেও	136
কনর	136
জঙ্গলে	136
শয়তানের	136
তলোয়ার	136
হার্ভি	136
খেল	135
লক	135
বর্তমান	135
ডাকা	135
পেট	135
এলাকা	135
ভয়াবহ	135
জিতে	135
বিষ	135
উপস্থিত	135
মেরী	135
প্রাণী	135
রহস্য	135
একসময়	135
তাড়া	135
ধ্যাত	135
বসতে	134
১১	134
করেনা	134
গোয়েন্দা	134
কয়টা	134
বাঁধা	134
বলেই	134
তারিখ	134
ব্যাক্তি	134
নিলাম	134
সম্মানের	134
অভিশাপ	134
হাঁ	133
ছাড়া	133
পড়ার	133
মূল্যবান	133
বিরক্তিকর	133
হাস্যকর	133
লেফটেন্যান্ট	133
হিসাব	133
সম্মানিত	133
চেন	133
ইন	133
চীফ	133
জল	133
বাচ্চাকে	133
তাকান	132
মুভি	132
কাটা	132
মুহুর্তে	132
যেতাম	132
ভাবছো	132
নিষেধ	132
রেগে	132
স্থানে	132
অন্যের	132
ভ্যান	132
বুঝেছো	132
জন্যও	131
লিখতে	131
বিড়াল	131
উচ্চ	131
শিট	131
পুরা	131
ফলে	131
হার্ট	131
মুহূর্ত	131
চলেছে	131
ওয়াদা	131
লক্ষ	131
অন্যরকম	131
দুটি	131
ডম	131
ঘটনার	130
নির্দিষ্ট	130
পাগলামি	130
জিনিসের	130
চুপচাপ	130
সেটাও	130
পাপ	130
স্বপ্নে	130
বন্ধুকে	130
তলায়	130
পৃথিবীকে	130
মহামান্য	130
কথার	129
ওনাকে	129
অন্যকিছু	129
আরাম	129
সাহায্যে	129
ভাগো	129
মিল	129
জানাচ্ছি	129
সৎ	129
অ্যান্ডি	129
মন্দ	129
নদীর	129
ছুরি	128
এগুলোর	128
যতটা	128
দিয়া	128
জড়িয়ে	128
বাইরের	128
বিস্তারিত	128
ঘোড়ার	128
মাসে	128
লেডি	128
মাঝখানে	128
প্রাচীন	128
সূর্যের	128
আল্লাহ্	128
সাধারণত	128
কাপ	128
আজিজ	128
আবিষ্কার	127
পিস্তল	127
দিতাম	127
টান	127
কিস	127
জগতে	127
আমাকেও	127
মিথ্যুক	127
দের	127
অনুষ্ঠান	127
ধরবে	127
শিশুর	127
ঘটছে	126
বুঝাতে	126
জানবে	126
ফেলার	126
সামলাতে	126
খোদার	126
হার	126
খুঁজছে	126
সুবিধা	126
জাহাজে	126
কুকুরের	126
ক্লিয়ার	126
তিনজন	126
ফল	126
আল্লাহর	126
ভোট	125
শেয়ার	125
দিয়েছিলেন	125
থাকতাম	125
আনার	125
যাচ্ছিলাম	125
দেখাচ্ছি	125
পাস	125
বুক	125
জামা	125
ইউনিট	125
মিটার	125
আঙ্কেল	125
বলছিল	125
স্বর্গের	125
উঁচু	125
পাসপোর্ট	125
কমে	125
যখনই	125
ঘটতে	125
কোন	125
মারামারি	124
ঘড়ি	124
কুত্তা	124
কাটাতে	124
দুধ	124
পরো	124
নড়াচড়া	124
সাড়া	124
আফসোস	124
হেয়	124
কান্না	124
তুলতে	123
বলিস	123
হারামজাদা	123
পাইলট	123
ফেলেছ	123
বিচ্ছিন্ন	123
হালকা	123
ড্রিংক	123
আটকা	123
সেনা	123
বসবাস	123
জাদুকর	123
রেডিও	123
পার্কার	123
শারম্যান	123
ওটাই	122
ওয়েল	122
সাধারন	122
পাশের	122
শিক্ষক	122
বোঝার	122
শেষবার	122
পরেছে	122
কেক	122
ভালোবাসো	122
দেখছে	122
বিশ্ব	122
জঙ্গল	122
ওয়েল	122
জরুরি	122
মানি	122
লাগাতে	121
তারপরও	121
স্মার্ট	121
উজ্জ্বল	121
বিয়ার	121
ঘিরে	121
দেহ	121
বিপদের	121
সিট	121
পছন্দের	121
অন্ধকারে	121
থাকুক	121
এন্ড	121
দিই	121
রাইট	121
তুমার	121
মিউট্যান্ট	121
সেকেন্ডের	120
পূর্বে	120
পড়ি	120
ঢুকিয়ে	120
পেরে	120
ওয়াইন	120
আমারা	120
স্বাক্ষর	120
সুখী	120
ট্রাক	120
সক্ষম	120
দেওয়া	120
ভবিষ্যত	120
অভ্যাস	119
বিছানায়	119
বাকী	119
কথাও	119
জায়গার	119
বাড়িয়ে	119
মর	119
মানা	119
একটুও	119
পারিস	119
চাচ্ছো	119
শক্তির	119
নিখুঁত	119
বিনিময়ে	119
ফ্রেঞ্চ	119
ঝামেলায়	119
সংযোগ	119
খুনী	118
পাউন্ড	118
পরিমাণ	118
দিত	118
আমেরিকার	118
মারাত্মক	118
হতেই	118
নাম্বারে	118
লোকটার	118
রেখ	118
দানব	118
অনেকেই	118
করছিলো	118
মান	118
অপমান	118
হ্যাগ্রিড	118
সেবা	117
ছাড়তে	117
ভায়া	117
অপরকে	117
দাঁত	117
পুরানো	117
আকাশ	117
ট্রেনিং	117
বেঁধে	117
থমাস	117
পরিশোধ	117
পরাজিত	117
সমেত	117
ছাপ	116
ধার	116
সেটাকে	116
ভাইকে	116
এমনভাবে	116
পকেটে	116
অস্বীকার	116
আসলাম	116
ওজন	116
গোসল	116
করাটা	116
এড	116
জানানো	116
বাছাই	116
হেরে	116
সঙ্গী	116
ধর্ম	116
রিমোট	116
হেলিকপ্টার	116
জিম	116
ম্যাক্স	116
করতেন	115
শুনবে	115
পালানোর	115
গ্রুপ	115
চাকরী	115
জমা	115
আনবে	115
যেওনা	115
টু	115
ড্রাইভ	115
সুস্বাদু	115
ঠিকঠাক	115
চিকেন	115
পাহাড়	115
রোগ	115
চেয়েছিলে	115
জাতীয়	115
ভয়ঙ্কর	115
পেয়েছেন	114
টার	114
দোকানে	114
জনকে	114
বৃদ্ধ	114
থেমে	114
পাতা	114
দুনিয়ায়	114
কলেজে	114
কইরা	114
এতদিন	114
ফার্স্ট	114
তেল	114
জানোয়ার	114
সিগন্যাল	114
রজার	114
বলতেই	114
ছাই	114
নাটক	114
আগ্রহ	114
পাওয়া	114
দেখাশোনা	114
মিসাইল	114
ভাবিনি	113
খেলায়	113
নিয়া	113
করলেই	113
দুইজন	113
সহজেই	113
শুনি	113
এল	113
নিঃসন্দেহে	113
উন্নতি	113
সন্ত্রাসী	113
ছিনিয়ে	113
জিগ্যেস	113
স্টেশন	113
হয়েছেন	112
লোকটি	112
বাচ্চাটাকে	112
বুকে	112
টায়	112
খুশী	112
পরোয়া	112
যেখান	112
এইভাবে	112
ক্রিস	112
এটাতো	112
নিলে	112
ক্যাপ	112
সমুদ্র	112
নীচে	112
গর্ত	112
স্বাগত	112
কোনকিছু	112
বয়ে	112
ভবিষ্যতে	112
মোবাইল	112
সবচে	112
ডাকাতি	112
বিরাট	112
নো	112
দাড়ান	112
জানু	112
সবচেয়ে	111
আনন্দের	111
রাখব	111
উত্তেজিত	111
কতবার	111
নিগ্রো	111
জড়িত	111
উন্মাদ	111
ছাড়বে	111
ফিট	111
বানানোর	111
যুক্ত	111
চায়না	111
মিলিয়ে	111
খুলো	111
কোরনা	111
দিনটা	111
বোলো	111
চেয়েছিলো	111
ঘুরতে	111
আব্বা	111
জায়গা	111
মন্ত্র	111
কঠোর	111
টিকেট	110
বলদ	110
দরজায়	110
১৮	110
অপরাধের	110
মানতে	110
হবেই	110
নাচ	110
এমনি	110
টেবিলে	110
ঠিকমত	110
অনুগ্রহ	110
সম্পত্তি	110
রোল	110
তোলে	110
আর্থার	110
কতটুকু	110
সমস্যায়	110
পুলিশকে	109
যুক্তি	109
সাক্ষী	109
সিনেমা	109
রঙ	109
পালিয়েছে	109
যেখানেই	109
কামনা	109
বাচ্চাটা	109
ভারী	109
বরফ	109
শাবাশ	109
চাঁদ	109
ভালবাসে	109
গ্রে	109
কারনেই	109
উকিল	109
দাদু	109
ভয়ের	108
ক্লাসে	108
সোনামণি	108
আমাকেই	108
ভবিষ্যতের	108
শত্রুদের	108
স্ত্রীকে	108
সোনার	108
ডাকতে	108
পারত	108
ফাইট	108
বানিয়েছি	108
অসংখ্য	108
বিলি	108
সর্বশেষ	108
জু	108
বিজয়ী	108
বাজরাঙ্গি	108
আয়লা	108
হতাশ	107
দিলেন	107
দেখেনি	107
আরেকজন	107
উপদেশ	107
দেখছেন	107
মারি	107
রূপ	107
খেলে	107
চাইছে	107
বাঁচিয়ে	107
নিবো	107
শোনার	107
ব্রুস	107
প্রেমিক	107
আহ্	107
গুপ্তচর	107
বেড়িয়ে	107
মাইকেল	107
ফ্রোডো	107
বেতন	107
পার্সি	107
মহারাজ	107
জিনিসপত্র	106
দিচ্ছেন	106
বারের	106
দেখেই	106
চামড়া	106
ডেভ	106
সুখ	106
কিছুক্ষণ	106
যেটার	106
ট্যাক্সি	106
ওমর	106
আনছি	106
হামলার	106
পদক্ষেপ	106
তারাতারি	106
যৌনসঙ্গম	106
অামাকে	106
পুরোটা	105
শুনছি	105
অথচ	105
এইডা	105
নিঃশ্বাস	105
ব্রেক	105
সেরে	105
তুমিতো	105
১৩	105
বরাবর	105
নিয়েছ	105
দড়ি	105
ঐযে	105
দিবি	105
নদী	105
কেসের	105
ক্রেন	105
হ্যাঙ্ক	105
অাছে	105
হত্যার	104
আপনিও	104
ঘণ্টার	104
আসিনি	104
ড্যানি	104
নিরাপত্তার	104
শার্ট	104
খাবারের	104
ভাইরাস	104
পাগলা	104
অনন্ত	104
পিবডি	104
শ	103
বাদে	103
পাবেনা	103
বলতাম	103
দুঃখের	103
গল্পটা	103
আজকাল	103
এমনই	103
মম	103
জীবনটা	103
ভালবাসার	103
স্বামীর	103
খাই	103
ঐখানে	103
উঠেছে	103
কর্তব্য	103
প্রকৃতির	103
ছাদে	103
চেনা	103
প্রশিক্ষণ	103
ড্রাইভার	103
সূত্র	103
রাশিয়ান	103
নেতৃত্ব	103
হেঁটে	102
ওরকম	102
শান্তিতে	102
হতাম	102
সরকারের	102
আর্মি	102
সই	102
কলেজ	102
হাসপাতাল	102
অপহরণ	102
চকলেট	102
সিংহ	102
স্টিভ	102
স্টিফেন	102
জ্বিন	102
দেখবেন	101
ধরুন	101
দৌড়ে	101
পাবার	101
দেয়াল	101
বিপজ্জনক	101
ছাত্র	101
বেকুব	101
আইনের	101
ঘটেছিল	101
ঘুমের	101
ভান	101
আশেপাশে	101
সর্বদা	101
তাজা	101
ডাক্তারের	101
তোলা	101
ভীষণ	101
লা	101
প্রস্তুতি	101
জিসাস	101
বক্সিং	101
বিবেচনা	101
ফ্রাঙ্ক	101
হলেন	100
ভিত্তি	100
দেয়নি	100
কতজন	100
এক্স	100
সকালের	100
পার্টিতে	100
পরা	100
টাকাটা	100
টেবিল	100
তোমাকেই	100
১৪	100
সন্তানের	100
বিবাহিত	100
দ্বীপে	100
বন্দি	100
ক্যান	100
মুন	100
স্কট	100
আরেকটি	99
পিছিয়ে	99
মতন	99
একেবারেই	99
গেম	99
পোলা	99
টেস্ট	99
মানুষেরা	99
চালানো	99
খাদ্য	99
ঐদিকে	99
মেরেই	99
দোহাই	99
অনুষ্ঠানে	99
প্রকৃত	99
বলবেনা	99
এটুকুই	99
বুঝা	99
এডি	99
নিয়ন্ত্রন	99
ভিক্ষা	99
শুভেচ্ছা	99
ভাঙ্গা	98
বিজ্ঞান	98
বলত	98
যাচ্ছিস	98
প্রায়ই	98
বোতল	98
পরবে	98
হয়েছ	98
খান	98
যন্ত্রণা	98
সংরক্ষণ	98
থামবে	98
হারানো	98
সলোমন	98
সাইন	98
হারানোর	98
দেখান	98
বলবি	98
অবসর	98
তীর	98
জঙ্গলের	98
রাজ্যে	98
ছেলেদের	98
হুহ	98
ভর	98
মেলম্যান	98
জা	98
দৌড়	97
৬০	97
অভ্যস্ত	97
দিছে	97
টিকিট	97
নড়বে	97
মোকাবেলা	97
সন্ধান	97
দেয়ালের	97
হাতিয়ার	97
সংবাদ	97
পেরেছো	97
রিং	97
ভাইয়েরা	97
ফুটবল	97
পল	97
শিভাম	97
যেয়ে	97
ছুটে	97
পেরেছে	96
প্রতিরক্ষা	96
অভিজ্ঞতা	96
ভুয়া	96
অবৈধ	96
প্রাপ্য	96
আমারই	96
তোমারে	96
কিউট	96
সেন্ট	96
প্যান্ট	96
লাগলে	96
চালানোর	96
গ্রহের	96
মাত্রা	96
বানায়	96
করনি	96
দর্শন	96
আমারটা	96
চায়	96
প্রতিরোধ	96
অস্কার	96
লড়তে	96
কিছুতেই	96
দোয়া	96
চেয়েছি	96
ভূত	96
মুখোশ	96
কুমার	96
যেসব	95
ব্লক	95
লাক	95
অসাধারন	95
উপকার	95
রাজকুমারী	95
এতই	95
পিছন	95
বাসে	95
বেঞ্জামিন	95
মাটির	95
সার্ভিস	95
হ্যাপি	95
বাতাসের	95
চেয়ে	95
মায়ের	95
গুহা	95
নির্বোধ	95
প্রতীক	95
ডাম্বলডোর	95
তিনটি	94
দৃশ্য	94
দামী	94
পুড়িয়ে	94
পশ্চিম	94
আগুনের	94
তারপরে	94
সবারই	94
অপারেশন	94
আস্থা	94
কমিশনার	94
স্বাধীন	94
দাস	94
বিদ্যুৎ	94
রাম	94
মেজর	94
আংটি	94
ফলো	94
মার্ক	94
স্টেশনে	94
মন্দির	94
বোকার	93
তারাও	93
আশ্চর্য	93
ভেবেছি	93
গুজব	93
ওঠে	93
সময়টা	93
পেছন	93
সন্ধ্যায়	93
খেলনা	93
অতি	93
গর্ব	93
দিয়ো	93
দেবতার	93
রাণী	93
ছাগলছানা	93
ছেলেটার	92
হাঁটতে	92
ভাবতাম	92
ঝড়	92
আসছেন	92
ফাঁকা	92
জানাও	92
পরতে	92
খিত	92
ব্যাস্ত	92
বোর্ড	92
বিজনেস	92
একাকী	92
হারিয়ে	92
শুনেছো	92
গবেষণা	92
গার্ড	92
বোনকে	92
লী	92
বদলাতে	91
মহিলাকে	91
পাশেই	91
এদিক	91
কপাল	91
সামনেই	91
ডার্লিং	91
ভাবনা	91
বাইক	91
জানাই	91
চলা	91
টন	91
ব্লু	91
বাতাসে	91
প্যারিস	91
পাখির	91
টানো	91
দা	91
পেওনা	91
ডিটেকটিভ	91
টের	91
জানতেন	91
আলফা	91
বললি	91
বন	91
যেতো	91
নিহত	91
ঋণ	91
আকাশের	91
অধীনে	91
ব্রিটিশ	91
কেড়ে	91
আংকেল	91
সামরিক	91
স্যুপ	91
রাজ	91
ঔ	91
স্টারলিং	91
ডায়ানা	91
ক্রিশ্চিয়ান	91
সাক্ষ্য	90
কাছের	90
রুমের	90
ইতিহাসের	90
দেখাই	90
ভেতরের	90
বইয়ের	90
তারাই	90
যতই	90
তত	90
কড়া	90
পুড়ে	90
পড়লে	90
পরী	90
ধাপ	90
আলোর	90
পর্বত	90
ফ্রি	90
চাল	90
ডিল	90
তাক	90
ক্যাট	90
ধোকা	90
প্লান	90
হিউ	90
দেখতেই	89
গভীরে	89
ছুড়ে	89
চাইতাম	89
ব্যবসার	89
কৌতুক	89
দান	89
কথাগুলো	89
শিখে	89
লাঠি	89
দম	89
ছিঁড়ে	89
কবিতা	89
সময়ই	89
যাদুকর	89
সারপ্রাইজ	89
জিততে	89
লগ	89
জুড়ে	89
ফাঁদ	89
মরেছে	89
পরিবর্তে	89
ডিরেক্টর	89
ক্রস	89
বাইবেল	89
শিশুদের	88
পারছে	88
অতিথি	88
গলায়	88
কয়েকজন	88
ভাবছে	88
থাকবেনা	88
শুনলে	88
আহা	88
দাড়া	88
গুলির	88
উৎস	88
২০০	88
বহু	88
ট্যাংক	88
বিস্ফোরণ	88
এয়ার	88
নেন	88
মস্তিষ্ক	88
নাস্তা	88
ঢোকার	88
এলাকায়	88
মানচিত্র	88
লোকে	88
দিকেই	88
চ্যালেঞ্জ	88
হয়েই	88
ভারতীয়	88
সত্ত্বেও	88
বয়কা	88
ব্যাটম্যান	88
নর্ম	88
ডিউক	88
আদালতে	87
পেল	87
অনেকে	87
নরকে	87
চাইছ	87
কষ্টের	87
খুঁজছেন	87
দূরত্ব	87
জন্মের	87
যাবত	87
ব্যাবস্থা	87
সাথেও	87
প্রথমত	87
প্রতিভা	87
সকলের	87
এইজন্য	87
চার্জ	87
পেতাম	87
কভার	87
সেন্ট্রাল	87
মর্ফিয়াস	87
একত্রিত	87
গ্রেট	87
মারবো	87
মিলিটারি	87
বয়ফ্রেন্ড	87
অস্বাভাবিক	87
সাগর	87
কাগজপত্র	87
ব্রো	87
ভিজয়	87
আকর্ষণ	86
আবর্জনা	86
আইনজীবী	86
সমর্থন	86
দ্বিতীয়	86
যতক্ষন	86
হয়েছিলাম	86
উল্টাপাল্টা	86
জমে	86
দুষ্ট	86
ঋণী	86
পো	86
অন্যরা	86
অহ	86
মাঠে	86
একসঙ্গে	86
ব্রায়ান	86
লোকজনদের	86
স্টার্ন	86
সেজন্য	86
হচ্ছিলো	86
শুনছো	86
নগদ	86
জেন	86
অন্যায়	86
ধৈর্য	86
রাজত্ব	86
যাস	86
কুবরা	86
হোপার	86
পেপার	85
প্রদান	85
অত	85
গল্পের	85
বদমাশ	85
রাজী	85
একত্র	85
ড্রাগ	85
আদর্শ	85
ভাবেই	85
বটে	85
ক্ষমতার	85
কাউকেই	85
তোলো	85
আবেগ	85
প্যাক	85
পাহারা	85
সাইকেল	85
পুতুল	85
সৌভাগ্য	85
চাওয়া	85
হাতটা	85
সমুদ্রের	85
অবস্থার	85
রয়ে	85
সরাতে	85
ব্যবহৃত	85
দয়ালু	85
টাওয়ার	85
করাও	85
রাজনৈতিক	85
আনবো	85
ম	85
পেয়ে	85
উন্নত	85
অমন	85
কেমনে	85
কিম	85
মাষ্টার	85
এটায়	85
মিরে	85
উর	85
গুস্তো	85
গতরাতে	84
সিঁড়ি	84
১৬	84
অনেকগুলো	84
পাওনা	84
নীতি	84
জোড়া	84
গর্জন	84
সেভাবে	84
সাপ	84
হিট	84
উঠাও	84
অনুসন্ধান	84
পাগলের	84
আধা	84
চাবিটা	84
জীবনেও	84
কমপক্ষে	84
ভেসে	84
জগতের	84
নিয়েছিলাম	84
পশু	84
মুক্তির	84
চিনে	84
কিছুক্ষণের	84
টিভিতে	84
অশুভ	84
ভালোর	84
এসেছিলেন	84
আড্ডা	84
চেয়ারম্যান	84
দেয়	84
বাড়ি	84
পাহাড়ে	84
ইশান	84
ওঝা	84
ভরটেক্স	84
হেইজেল	84
জেরেন	84
বসা	83
ওভাবে	83
ভাবা	83
পাবলিক	83
শ্রদ্ধা	83
খুলবে	83
দুশ্চিন্তা	83
জানোই	83
খোঁজার	83
তাহলেই	83
লিস্ট	83
রোস	83
রেখেছিলাম	83
এইরকম	83
ডানদিকে	83
লাঞ্চ	83
অফিসের	83
গ্রহে	83
লন্ডনে	83
ফোর্স	83
বিশ	83
শখ	83
বজায়	83
সম্বন্ধে	83
পেয়েছেন	83
বন্ড	83
গেলেন	82
মনকে	82
হারিয়েছে	82
বিরতি	82
সত্যিটা	82
গুরু	82
ওইখানে	82
উল্টো	82
গুরুত্ব	82
গেছিলাম	82
পাঠানোর	82
স্থির	82
টমি	82
ভেবেছিলে	82
নিকট	82
রোগী	82
ভাগ্যের	82
আটকাতে	82
হট	82
বোকামি	82
এড়িয়ে	82
বন্ধুত্ব	82
করোনি	82
সমাপ্তি	82
ভিলেন	82
তারপরেও	82
বাহিনীর	82
পড়ে	82
শ্রেষ্ঠ	82
প্রতারণা	82
নিষিদ্ধ	82
মন্দিরে	82
সৈন্যদের	82
আসলান	82
মিলিয়ন	82
বাজবে	82
কু	82
আলি	82
সম্মুখীন	81
যাচ্ছিল	81
মেইল	81
জাহান্নামে	81
আমাগো	81
গেলেই	81
স্বর্গে	81
ঘুমাও	81
অফার	81
বিশ্বস্ত	81
শট	81
লুকানো	81
হ্যাক	81
লাগতো	81
ছিলোনা	81
যতটুকু	81
চেয়েছিলেন	81
ছাগল	81
উল্লেখ	81
আন	81
জিউস	81
ইথান	81
টার্স	81
কোর্ট	80
তরুণ	80
নোট	80
সেসব	80
ভোগ	80
পরিস্থিতিতে	80
ওইটা	80
তোমারও	80
ব্যাক	80
শত্রুর	80
করছিনা	80
শেষের	80
পার্টির	80
পৌঁছাতে	80
লাগবেনা	80
পাওনি	80
জানাবে	80
পরিশ্রম	80
দুজনকে	80
শক	80
জন্যেই	80
প্রেমের	80
শিখেছি	80
মন্ত্রী	80
পেয়েছি	80
আশীর্বাদ	80
পুরাতন	80
ওয়াটসন	80
ঘড়ির	80
চলো	80
লরা	80
চেয়েছে	79
সস্তা	79
হলুদ	79
পাবি	79
পাল	79
গাধার	79
সেক্রেটারি	79
বেল্ট	79
কোনদিন	79
খাবো	79
জাতির	79
ডিজাইন	79
সত্যিকার	79
দেখাবো	79
প্রকার	79
টুপি	79
সঙ্গ	79
মেরেছি	79
এক্ষুণি	79
বললেই	79
বিয়েতে	79
রকেট	79
পাকিস্তানি	79
দিচ্ছো	79
ফেলেছো	79
বালক	79
পাকিস্তান	79
ওয়া	79
পোষাক	79
অনুসারে	78
ভক্ত	78
পরিচালনা	78
ময়লা	78
রাতেই	78
নরম	78
পুরোটাই	78
চশমা	78
সামাজিক	78
দেখেছিলে	78
এসেছিস	78
পাইয়ে	78
স্মরণ	78
মানিয়ে	78
এতটুকুই	78
উত্তরে	78
খোলার	78
সরকারী	78
অভিযান	78
বুড়ি	78
অনুসরন	78
ছুঁড়ে	78
নিশ্চয়তা	78
ব্যাটারি	78
বাক্স	78
গড়ে	78
খোঁজে	78
শাসন	78
প্রিয়	78
তাড়াতাড়ি	78
দক্ষতা	78
গুপ্ত	78
মনেহয়	78
মায়া	78
স্পাইডার	78
হিউজ	78
ফেলছে	77
পায়নি	77
দুজনই	77
করায়	77
বিছানা	77
হচ্ছেন	77
থাকবি	77
মুগ্ধ	77
পরিপূর্ণ	77
চড়ে	77
বলতেন	77
শুনছ	77
এনেছ	77
সারাহ	77
দেখছিলাম	77
মহৎ	77
লিস্টে	77
প্যারিসে	77
দায়িত্বে	77
কাটতে	77
উঠুন	77
চাপা	77
নড়বেনা	77
কলা	77
অন্যদিকে	77
ক	77
পেটে	77
খনি	77
প্রাসাদ	77
দিলেই	77
শোধ	77
ধর্মের	77
অনুশীলন	77
অস্ত্রের	77
আসবি	77
সার্কাস	77
র‍্যাচেল	77
এডমান্ড	77
জেনি	77
আজাইরা	76
ট্রেনের	76
ধরেই	76
ভাবছেন	76
জে	76
ততক্ষণ	76
কাপুরুষ	76
শিওর	76
সেইরকম	76
স্বর্গ	76
আরকি	76
বরফের	76
ওঠা	76
সম্পর্কিত	76
তালা	76
তাকেই	76
নমুনা	76
মিশে	76
প্রয়োজনীয়	76
সাক্ষাত	76
সুরক্ষা	76
সুদর্শন	76
শান্তির	76
উঠছে	76
হুকুম	76
চালায়	76
রোমান	76
বিজ্ঞানী	76
এডওয়ার্ড	76
কর্মী	76
ওস্তাদ	76
অ্যাভাটার	76
গীতা	76
অপরাধীদের	75
ব্রিজ	75
গিয়েছিলেন	75
ড্যাড	75
প্লেনে	75
প্রেমিকা	75
ঘুরছে	75
বানাবো	75
পাঠাচ্ছি	75
জীবন্ত	75
বেলায়	75
দেখাব	75
ঘুরাও	75
আসছো	75
ব্যারি	75
স্থাপন	75
নিজেও	75
সুখে	75
লোকজনের	75
বড়ই	75
বেকার	75
জগত	75
নেশা	75
নায়ক	75
করলি	75
সন্তানদের	75
অজানা	75
হিংস্র	75
মানুষটা	75
অভিযুক্ত	75
রঞ্জিত	75
বাড়িটা	75
রক্ষার	75
আম্মা	75
সাইমন	75
অ্যান	75
ওয়াল	75
জেড	75
কাটাপ্পা	75
ছেলেটি	74
লুকানোর	74
তর্ক	74
রকমের	74
বাপরে	74
মে	74
লাইসেন্স	74
১০০০	74
মঙ্গল	74
মামনি	74
কয়েক	74
জুতার	74
পড়লো	74
তোল	74
এতোটা	74
করাই	74
টাই	74
ঘ্রাণ	74
আল	74
খোকা	74
যুবক	74
লন্ডন	74
জনগণের	74
নিখোঁজ	74
নেটওয়ার্ক	74
কাজেই	74
দিতো	74
দাওয়াত	74
হয়েছো	74
কাটার	74
লুক	74
ব্যাংকে	74
ফিশার	74
জাং	74
এফবিআই	74
ব্লেক	74
অংশীদার	74
প্রধানমন্ত্রী	74
ওয়ালেস	74
স্প্যারো	74
পবন	74
শুনেছেন	73
থামতে	73
বুঝতেই	73
০	73
ছেলেটাকে	73
ফাঁদে	73
নামতে	73
এখনকার	73
বীর	73
বস্তু	73
আয়োজন	73
স্প্যানিশ	73
ইংল্যান্ড	73
মাস্ক	73
জ্বালিয়ে	73
মুভির	73
হোসেন	73
সাব	73
নিজেরাই	73
দ্যাখ	73
প্রভুর	73
মিলিত	73
জাদুকরী	73
ফোনের	73
উ	73
কেইস	73
জোকার	73
ছাড়বো	73
মোর	73
ডং	73
ফিলিপ	73
মহেশ্মতি	73
সাড়ে	72
নেবার	72
সীমা	72
বিপক্ষে	72
তখনও	72
এলাকার	72
এতক্ষণে	72
রঙের	72
তাইতো	72
যেতেই	72
ছবিটা	72
বৃদ্ধি	72
পিছনের	72
মেয়েটি	72
তলা	72
ড্যাডি	72
দাফন	72
উডি	72
আগুনে	72
আমদের	72
মাসুম	72
জানবো	72
জলদস্যু	72
তামিল	72
ব্যক্তির	72
আন্তর্জাতিক	72
শন	72
শিকারী	72
ক্ষুদ্র	72
পরেছি	72
নিশ্চই	72
পরও	72
হাটতে	72
অধিক	72
হাওয়া	72
অার	72
তোমাকে	72
সংযুক্ত	72
এলিস	72
সংযুক্তি	72
ইপ	72
অজ	72
রেমী	72
লিঙ্গুঈনি	72
ডিগ্রী	71
টেবিলের	71
তুলনায়	71
এছাড়া	71
শুভরাত্রি	71
প্রজাতির	71
এদেরকে	71
বানাও	71
কপালে	71
আমারো	71
শুকিয়ে	71
রাউন্ড	71
হচ্ছেটা	71
হাউজ	71
পশ্চিমে	71
প্রয়োগ	71
গায়েব	71
চলেন	71
বায	71
ঘড়িটা	71
নিক	71
বেশিক্ষণ	71
ড্রাইভিং	71
লেডিস	71
নাচতে	71
জানাবো	71
রেখেছ	71
হায়রে	71
গোত্রের	71
মেডিকেল	71
গিয়েছিলাম	71
শুনেছিলাম	71
পিল	71
বাপের	71
উইল	71
প্যান	71
বিদেশী	71
আটক	71
বোম	71
ভগবানকে	71
মেজাজ	70
সনাক্ত	70
সহকারী	70
লেগেছিল	70
পাছা	70
চারিদিকে	70
গা	70
হেটে	70
ইহুদী	70
অভাব	70
বিশ্বাসঘাতক	70
টাইপের	70
টিচার	70
চেপে	70
সম্রাট	70
নিচ	70
অপরিচিত	70
পড়ুন	70
বাঁচার	70
৩০০	70
হঠাত	70
বক্স	70
ঘুরিয়ে	70
জেসি	70
আসছ	70
সামর্থ্য	70
চিয়ার্স	70
গোপনে	70
জুন	70
ঢেকে	70
সাবেক	70
ব্যাগটা	70
মাংসের	70
ইঞ্জিনিয়ার	70
চার্চ	70
ন্যায়	70
পথের	70
ইয়োং	70
খাইছে	70
ক্লার্ক	70
থরিন	70
জামাল	70
গেন্ডালফ	70
শুনিনি	69
মারে	69
দুটোই	69
লোকগুলো	69
চিহ্নিত	69
ব্যাংকের	69
ঔষধ	69
চালান	69
নিয়েছিল	69
ভুলেই	69
জোস	69
খা	69
সেক্স	69
একটার	69
সেল	69
ফেললাম	69
পাড়ি	69
খাঁটি	69
লিখেছে	69
জিনিসগুলো	69
পুরষ্কার	69
ছবিগুলো	69
টাকাগুলো	69
পুরুষদের	69
বেড়াচ্ছে	69
নিই	69
সুরক্ষার	69
কমান্ড	69
এতক্ষণ	69
এমনিতেও	69
মিশিয়ে	69
দোস্তরা	69
সম্প্রতি	69
মস্তিষ্কের	69
যাওয়া	69
ফসল	69
জনগণ	69
ডানা	69
ভি	69
ইন্সপেক্টর	69
কলম	69
ভেবেছ	69
অভিশপ্ত	69
পাইছি	69
প্রদর্শন	69
বাচাতে	69
হেলেন	69
হইবো	69
ইভা	69
লুকাস	69
আরিয়া	69
ক্যালেব	69
লিওয়ার	69
বয়	68
ছবির	68
ভঙ্গ	68
অর্থহীন	68
আদালত	68
চেইন	68
নির্ধারণ	68
নিবেন	68
ব্যাক্তিগত	68
দায়	68
ফেলেছিলাম	68
পারছিলাম	68
ফেললে	68
একটাও	68
৯০	68
হাসতে	68
বানাবে	68
বিস্মিত	68
ঘটলো	68
ঠিকভাবে	68
বাস্তবতা	68
নাচের	68
ম্যাচ	68
নিষ্ঠুর	68
পাঁচটা	68
আশ্রয়	68
পাচ্ছিনা	68
ডে	68
আর্ট	68
নিরাশ	68
দুর্বলতা	68
ফরহাদ	68
চুলের	68
আন্টি	68
নিয়ন্ত্রণ	68
ছুটির	68
চ্যানেল	68
একরকম	68
উত্তরের	68
ডাকছে	68
ডাইনি	68
ধর্ষণ	68
পাছায়	68
৩য়	68
হাড্ডি	68
ঘুষ	68
ভাইস	68
ইগো	68
কুবরার	68
ডেন্ট	68
নেয়তিরি	68
শিবা	68
সাবমিসিভ	68
গুরুজি	68
খুজছি	67
ঘটনাটা	67
মধু	67
বেশিরভাগ	67
দেখিয়েছে	67
ক্ষত	67
বর্ণনা	67
প্রশ্নটা	67
গ্যারান্টি	67
সাজা	67
ওঠার	67
মারব	67
মাথাটা	67
আস্ত	67
চলার	67
বিশেষজ্ঞ	67
ধরেছে	67
জাতি	67
নকশা	67
জোগাড়	67
খুলুন	67
করবনা	67
দ্বীপ	67
ক্যাম্প	67
সিটে	67
ব্যাগে	67
কামান	67
নিয়ন্ত্রণে	67
দেয়ালে	67
আবাল	67
সো	67
গিফট	67
প্লেনের	67
ম্যাসেজ	67
বিদায়	67
বনে	67
রুটি	67
কেনার	67
দেবী	67
ওহো	67
উধাও	67
আনন্দে	67
ইহা	67
ইব্রু	67
এগসি	67
এনাসতাসিয়া	67
ছাড়াও	66
মানুষই	66
আসামী	66
দুইবার	66
কমিয়ে	66
লাগেনি	66
ঘুমানোর	66
মতামত	66
জীবনকে	66
মূলত	66
কুৎসিত	66
গেছিস	66
কষ্টে	66
আগাও	66
থাকিস	66
মেরো	66
জাননা	66
মাইরালা	66
টেপ	66
জিনিয়াস	66
পাপা	66
নামো	66
১৭	66
হৃদয়ের	66
সাঁতার	66
তোলার	66
রাখেন	66
বসের	66
ঢুকেছে	66
প্লেট	66
কোনভাবেই	66
দিওনা	66
বলছিলো	66
ঘুষি	66
পথেই	66
তরবারি	66
সমগ্র	66
দাদার	66
টেডি	66
অ	66
কেট	66
বলছিনা	66
ল্যাব	66
প্রতিক্রিয়া	66
জ্যাজ	66
নিষ্পাপ	66
বাঘ	66
কো	66
মৃদুহাসি	66
ল্যারি	66
ইপস	66
বেইলী	66
পড়েছিলাম	65
তালিকা	65
ডিনারের	65
সালের	65
পেয়েছিল	65
কেভিন	65
বলছিলে	65
আবেদন	65
পারফেক্ট	65
বাঁচবে	65
পিঠে	65
হাড়	65
আশার	65
দিকের	65
বোট	65
আসবেনা	65
ফাঁস	65
মালপত্র	65
ভাববে	65
ছাদ	65
ভেবো	65
বিকল্প	65
পাসওয়ার্ড	65
ফিরবে	65
শারীরিক	65
গার্লফ্রেন্ড	65
প্রতিশ্রুতি	65
রওনা	65
বাজছে	65
ব্যাস	65
পারা	65
কৃষক	65
শর্ত	65
গানের	65
লক্ষণ	65
ছায়া	65
স্ক্যান	65
ডাকবো	65
খাতিরে	65
মূর্খ	65
দিস	65
কন্যা	65
মুকুট	65
শহরবাসী	65
পিট	64
কাজই	64
চেনেন	64
পরিবেশ	64
৪৫	64
বাসার	64
সম্ভাব্য	64
আশায়	64
ডলারের	64
শুনছেন	64
কাটিয়ে	64
২য়	64
যতদূর	64
সৌন্দর্য	64
কেননা	64
নিজেদেরকে	64
মুখটা	64
ডাবল	64
ফ্যাক্টরি	64
পাগলামো	64
কাঠের	64
পত্র	64
আপাতত	64
সৈন্যরা	64
মোট	64
দৃষ্টিতে	64
সামলাও	64
সেভাবেই	64
গড়বড়	64
ভাঙ্গার	64
গাম্প	64
এনেছো	64
রক্ষক	64
হাসান	64
অমর	64
সময়ে	64
বইটা	64
বিশ্বাসঘাতকতা	64
লাশের	64
শেষবারের	64
হ্যান্ড	64
দুর	64
বৈজ্ঞানিক	64
সিদ্ধার্থ	64
জ্বীন	64
নিরীহ	64
কতোটা	64
টে	64
স্কারলেট	64
সালাম	63
চেনে	63
খেলো	63
হি	63
হাঁটু	63
ফাদার	63
করবা	63
বাঁ	63
মডেল	63
আধুনিক	63
রাজপুত্র	63
গোলাম	63
পেও	63
ইতিহাসে	63
পাথরের	63
উচু	63
লিফট	63
চেম্বার	63
ফেলেছিল	63
সবখানে	63
ভুলতে	63
আপনাদেরকে	63
মাঝেমধ্যে	63
অক্সিজেন	63
সহযোগিতা	63
দুঃস্বপ্ন	63
মহাকর্ষ	63
অসীম	63
যাদেরকে	63
আমন্ত্রণ	63
আত্মার	63
মেরামত	63
আয়রন	63
লাইগা	63
উপাদান	63
লগে	63
খোজ	63
মরিস	63
বু	63
নানা	63
পারমাণবিক	63
টেইলর	63
হিউস্টন	63
বাবুর্চি	63
আজু	63
চেজ	63
বাথরুমে	62
কোর্টে	62
বুকের	62
করানো	62
গর্তে	62
ফেলেছেন	62
উপস্থাপন	62
কোনভাবে	62
পেছনের	62
জ্বলে	62
পড়াশোনা	62
বডি	62
অটো	62
পারোনা	62
মেশিনের	62
ছাড়ার	62
বাকিরা	62
মানেই	62
মিশনে	62
টাইলার	62
ক্যান্সার	62
হাতেই	62
মরণ	62
লোড	62
চালাকি	62
নার্স	62
ধরি	62
হয়েছিল	62
ধরবো	62
রক্তে	62
মেলে	62
রাখলাম	62
ভিতরের	62
তাড়িয়ে	62
আইডি	62
শ্রমিক	62
গরু	62
জনতা	62
ভিসা	62
রুপ	62
শুনবো	62
আসতেছে	62
বিন্দু	62
রাজকন্যা	62
লঞ্চ	62
ম্যাপ	62
আঃ	62
ড্যাশ	62
বিচারক	61
প্রাথমিক	61
কেটেছে	61
জ্ঞানী	61
নিয়মিত	61
বুঝেছেন	61
ইতিমধ্যেই	61
গিয়েছেন	61
সিনেমার	61
বয়সী	61
লস	61
আপন	61
থামানোর	61
ক্লাব	61
উল্টা	61
হেড	61
ডাকবে	61
রাখছে	61
টাকায়	61
যেটাকে	61
চারটা	61
সুর	61
ব্যয়	61
কিডন্যাপ	61
রেঞ্জার	61
কাঁদতে	61
খেলি	61
কয়েকদিন	61
অন্যকোন	61
উদ্ভট	61
জাল	61
উদযাপন	61
অলৌকিক	61
ড্যান্স	61
বাকিটা	61
গাড়ী	61
দৃঢ়	61
যাচ্ছিলো	61
সন্দেহভাজন	61
মোড়	61
টবি	61
পাঠাবো	61
সরল	61
দেখিয়েছ	61
সরানো	61
হারমায়োনি	61
পিতার	61
উভয়	61
বীজ	61
টাস্ক	61
দীর্ঘশ্বাস	61
দক্ষিন	61
তারে	61
ভিনু	61
রেডঃ	61
গুরুতর	60
খেয়েছে	60
বেয়ে	60
নামা	60
বিভ্রান্ত	60
অংশটা	60
গ্যাং	60
পঞ্চাশ	60
গোল	60
লজ্জিত	60
পরিস্থিতির	60
শুভকামনা	60
লুইস	60
যায়গা	60
লিখা	60
রেখেছিল	60
পৌঁছানোর	60
টাইপ	60
বিশ্বাসের	60
প্র্যাকটিস	60
ভীতু	60
উষ্ণ	60
নৌকায়	60
সেরকমই	60
রেডিওতে	60
নির্দেশনা	60
বানান	60
সারারাত	60
হারাবে	60
এতদূর	60
পাল্টাতে	60
খাচ্ছি	60
ট্রিনিটি	60
মদের	60
পরীক্ষার	60
মাঝেই	60
৮০	60
একজনই	60
সিং	60
স্টাইল	60
বাচাও	60
যুগের	60
বাঁচিয়েছে	60
পুনরাবৃত্তি	60
সাগরের	60
পার্কের	60
দি	60
টপ	60
ভার্ন	60
নির্বাচন	60
ব্লাক	60
গ্রাগ	60
টরেটো	60
সেইলর	60
যুবরাজ	60
কুইল	60
জেফ	60
বয়স্ক	59
আপত্তি	59
ইচ্ছুক	59
পরীক্ষায়	59
আঙ্গুলের	59
পেলেন	59
কণ্ঠ	59
অতটা	59
অচেনা	59
ডেরেক	59
ডেনিস	59
রইল	59
হাসবে	59
তুইও	59
চাইছিলাম	59
ভুত	59
সন্দেহজনক	59
জন্মগ্রহণ	59
বেটা	59
সমুদ্রে	59
আম্মুকে	59
বাবাও	59
তাকেও	59
পতন	59
পর্যাপ্ত	59
তুলবে	59
উঠা	59
আমেরিকায়	59
হ্যাট	59
ভুলের	59
শেরিফ	59
কুংফু	59
ডজন	59
অন্তর	59
পারনা	59
লড়াইয়ের	59
হৃদয়	59
স্ট্রিট	59
একশ	59
ধেৎ	59
থাকছি	59
কাছেও	59
আসতো	59
লিটল	59
জানান	59
অবস্থানে	59
প্রাপ্ত	59
এটিকে	59
গেলি	59
দেবতাদের	59
শুভসকাল	59
সরকারি	59
লেভেল	59
বলোনি	59
চূড়ান্ত	59
পাকা	59
দেখেছিস	59
যাদু	59
বিষয়ে	59
রিচার্ড	59
স্কিপার	59
রস	59
গোথামের	59
গীতাকে	59
স্টুয়ার্ট	59
অর্চি	59
সরফরাজ	59
এডওয়ার্ডস	59
শাহিদা	59
বন্য	58
পড়েছ	58
পর্যায়ে	58
অপছন্দ	58
কাগজে	58
ডিনারে	58
চুমো	58
বানাচ্ছি	58
গুছিয়ে	58
ইঁদুরের	58
ভ্রমন	58
ড্রেস	58
শিল্পী	58
পার্টনার	58
লেজ	58
পাইপ	58
লিডার	58
দিবনা	58
ব্যাপক	58
ভবিষ্যদ্বাণী	58
মর্নিং	58
শুরুর	58
হাতি	58
জানানোর	58
ডা	58
বংশের	58
শতাব্দী	58
স্পট	58
বৈধ	58
ভলডেমর্ট	58
স্নেইপ	58
চরিত্র	58
জমির	58
মাননীয়	58
কাওকে	58
নাভোরস্কি	58
অ্যালাকি	58
প্রেত	58
হ্যানর‍্যাটি	58
দিলেক	58
মতো	58
ইঞ্চি	57
নাকের	57
করেননি	57
পারতেন	57
জানলেন	57
খাচ্ছে	57
দিয়েছিস	57
দিছি	57
গেড়ে	57
এসবে	57
সাইজ	57
সেলাই	57
পার্কিং	57
দশটা	57
সময়মত	57
কোট	57
ঠেলে	57
ঘাড়ে	57
গর্ডন	57
যোগদান	57
দুজনকেই	57
উঠিয়ে	57
কক্ষনো	57
যাইনি	57
খেয়েছি	57
প্রাকৃতিক	57
গুহায়	57
রেস্তোরাঁ	57
করলেও	57
তোমারই	57
রেখেছো	57
ইয়র্কে	57
জুনিয়র	57
জয়ের	57
বোঝানো	57
নমস্কার	57
জামাই	57
আংটিটা	57
নির্মাণ	57
ফেটে	57
সিংহাসন	57
পেশ	57
এগুলি	57
ডেট	57
দৌড়াতে	57
বাজারে	57
পরিবর্তিত	57
অতীতের	57
২৩	57
জিরো	57
পলাতক	57
ইন্ডিয়া	57
পরিণতি	57
হ্যান্ডেল	57
তামাশা	57
আত্মসমর্পণ	57
বিষ্ঠা	57
বিদ্রোহ	57
শ্য	57
সিমবা	57
ইবরু	57
এটম	57
নির্বাচিত	56
অনেকবার	56
মিথ্যাবাদী	56
ঝুলিয়ে	56
অংশে	56
ধারণ	56
মুরগী	56
০০	56
বাহির	56
বুঝেছিস	56
জিগায়	56
ভাঙা	56
ওয়ালা	56
জেলের	56
এটুকু	56
একত্রে	56
নার্ভাস	56
নাম্বারটা	56
মাছের	56
আদর	56
পোষা	56
বানাই	56
এয়ারপোর্টে	56
যেভাবেই	56
পুরুষের	56
আম	56
আমকে	56
ক্রেডিট	56
গর্দভ	56
এসেছিলে	56
মেয়েটিকে	56
মহা	56
সেজন্যই	56
অত্যাচার	56
প্রেস	56
সেনাপতি	56
আক্রমণের	56
দেখিস	56
প্রান্তে	56
লোকেদের	56
চলেছি	56
বিমানে	56
কোলে	56
তাঁদেরকে	56
ছুটিতে	56
শেখার	56
টার্নার	56
রেস	56
আইল্যান্ড	56
গুন্ডা	56
বাজাও	56
উমম	56
ফক্স	56
ল্যাবে	56
ডেলিভারি	56
যৌন	56
শোনে	56
করতেছে	56
কেবলমাত্র	56
সুলি	56
প্রচার	56
আমিন	56
পুস	56
পিয়া	56
এসপোসিতো	56
ফ্লাগ	56
ক্লারিক	56
মৈদেন	56
বাঁচাবে	55
বিচারের	55
ব্যবসায়	55
শব্দটা	55
ফেসবুক	55
গঠন	55
ফেলছি	55
অব	55
একবারে	55
শালারা	55
জীব	55
নিউক্লিয়ার	55
রাজকুমার	55
রোম	55
আসুক	55
প্রক্রিয়া	55
নর্থ	55
ক্লাবে	55
প্রত্যাশা	55
আসতাম	55
নিয়েছেন	55
এমিলি	55
ব্যপারে	55
হোটেলের	55
গাছে	55
চাষ	55
সচেতন	55
নিশ্চিতভাবে	55
নিচ্ছ	55
ঘাস	55
ওয়াশিংটন	55
২৭	55
অজ্ঞান	55
রোজ	55
বনের	55
ধ্বংসের	55
আনে	55
সিটি	55
ফিল	55
সন্তুষ্ট	55
পার্কে	55
বোধহয়	55
হইলো	55
বিয়ে	55
একাউন্ট	55
তখনি	55
চারদিকে	55
শ্বশুর	55
বিশপ	55
চেন্নাই	55
পেগাসাস	55
রিচার	55
ক্যাটনিস	55
অন্যভাবে	54
সুইচ	54
মহিমা	54
হত্যাকারী	54
মাঠ	54
নাগরিক	54
স্থানীয়	54
হাসছে	54
মিলার	54
ঐতিহাসিক	54
বিষাক্ত	54
পাত্তা	54
পাইনা	54
করেও	54
বারে	54
সাল	54
বমি	54
মর্যাদা	54
নাতো	54
বক্তব্য	54
বুঝছি	54
মিটিয়ে	54
তীব্র	54
বাড়াও	54
থাকলো	54
পাখা	54
জিতেছি	54
স্বামীকে	54
আড়ালে	54
নিলো	54
শীত	54
নিকটে	54
সভ্য	54
ফেলুন	54
মারলে	54
বাজিয়ে	54
হসপিটালে	54
যাচাই	54
ঐসব	54
এমনিই	54
ডেকেছে	54
রোমান্টিক	54
নেবেন	54
ঢাকা	54
ভাত	54
চালাবে	54
পাউডার	54
নরক	54
ছোটো	54
জায়গায়	54
ততই	54
বুম	54
ডাউন	54
খোঁজা	54
অনুবাদকঃ	54
ওপারে	54
সাগরে	54
প্রকৃতি	54
প্রত্যেকে	54
বালি	54
রাখলে	54
পাঠিয়েছেন	54
কামড়	54
উৎসর্গ	54
সাফ	54
উস্তাদ	54
মাধ্যাকর্ষণ	54
গলার	54
দাদীমা	54
কাঁটা	54
পর্যবেক্ষণ	54
তল্লাশি	54
প্রতিষ্ঠান	54
চিনতাম	54
ফিল্ম	54
ওয়াকার	54
মোলকের	54
ইংলিশঃ	54
নেড	54
ভিনসেন্ট	54
বাজার	53
নক	53
ন্যায্য	53
গোপনীয়তা	53
পানীয়	53
চেহারার	53
লাইনের	53
চায়নি	53
পেরিয়ে	53
১৯	53
চেয়ার	53
এনেছেন	53
নাইলে	53
ক্ষমতাধর	53
দাবী	53
মাইয়া	53
চিন্তায়	53
খেলছে	53
পাঠিয়েছি	53
এন	53
জিনিসই	53
বন্দুকের	53
বিগ	53
সাজানো	53
শুক্রবার	53
রাতটা	53
গোপনীয়	53
ভাগ্যে	53
মনেকরি	53
অনুষ্ঠানের	53
খাবেন	53
দেহে	53
উঠার	53
৭০	53
বকবক	53
রাগান্বিত	53
বাতি	53
কতদূর	53
কাট	53
চার্চে	53
ক্রাইস্ট	53
এতেই	53
চাইছো	53
দুর্গন্ধ	53
ব্যাকআপ	53
স্টেট	53
ইংরেজী	53
আত্মীয়	53
বিবাহ	53
লোভ	53
নিয়েছো	53
ছিলি	53
স্বাধীনতার	53
ইট	53
মানবজাতির	53
নিক্ষেপ	53
দামি	53
শিক্ষিত	53
ভালুক	53
রইলো	53
একবারও	53
কর্তৃত্ব	53
জানব	53
অনুমোদন	53
দ্রুতই	53
পাঠ	53
মৃতদেহ	53
চালক	53
সংরক্ষিত	53
দিমু	53
হাউজে	53
রিকো	53
অ্যালফ্রেড	53
ফগ	53
শতাংশ	53
কলেজের	53
ড্রপ	53
প্রিয়া	53
ডিসেম্বর	53
ওয়েড	53
অ্যালান	53
ভদ্রলোক	52
ভাঙতে	52
সমাজের	52
পকেট	52
অপ্রত্যাশিত	52
ছাদের	52
ঝামেলার	52
মাইন	52
হারামি	52
ঘুমাচ্ছে	52
চালা	52
মধুর	52
যায়গায়	52
আজকেই	52
চিরদিনের	52
ডক	52
সেবায়	52
দেখলেই	52
তোমারটা	52
মানুষরা	52
রেখেছেন	52
সিন্দুক	52
হ্যান্ডসাম	52
আজীবন	52
কাটানোর	52
মেরেছ	52
নিয়তি	52
প্রজন্ম	52
খুঁজছিলাম	52
ভবন	52
তাপ	52
দাঁড়াবে	52
ইয়র্কের	52
দুঃখজনক	52
বারোটা	52
সহায়তা	52
ডট	52
মেরিন	52
চালাচ্ছে	52
ধরছি	52
ডার্ক	52
আপেল	52
মেঘ	52
বুঝিনি	52
ভেতরেই	52
গুলোর	52
থাকলেই	52
বিজ্ঞানের	52
প্রতিযোগিতা	52
বাঁচা	52
মৃত্যুকে	52
সৃষ্টিকর্তা	52
বয়সের	52
পেনি	52
বাদাম	52
ভূমি	52
গাড়ী	52
দেও	52
বাহু	52
রাজাকে	52
সফর	52
নারনীয়ার	52
ফিলিয়েস	52
ভালোয়	52
রাহুল	52
এমিল	52
ব্রেন্ডা	52
ষ্টেইল	52
সুসু	52
শব্দের	51
এগুলোই	51
স্বাস্থ্য	51
মাইর	51
বিলিয়ন	51
লুট	51
দুর্ভাগ্যবশত	51
খাবি	51
কাজিন	51
প্রথমেই	51
কাঁধে	51
কোনদিকে	51
সারাটা	51
খেলাটা	51
ভাবতেও	51
চিপ	51
মহিলাদের	51
টাইট	51
দুর্ভাগ্য	51
খারাপের	51
চাবুক	51
অন্যকে	51
ক্যাম্পে	51
শিখিয়ে	51
ফটো	51
শূন্য	51
পাপের	51
প্যাকেট	51
প্রতিবেশী	51
ক্লাবের	51
আত্না	51
প্রজন্মের	51
দুর্দান্ত	51
টেলিফোন	51
মানিব্যাগ	51
গ্র্যান্ড	51
যন্ত্রপাতি	51
প্রত্যেকেই	51
পড়বো	51
পরই	51
বে	51
জোসেফ	51
পেলো	51
এজন্যেই	51
জানিও	51
খুলি	51
ডাইনী	51
বার্নি	51
গরীব	51
কাঠ	51
চিনেন	51
খুল	51
যত্তসব	51
নাতি	51
রয়েছে	51
ওয়াশিংটন	51
চাকা	51
মোঃ	51
মাদার	51
কারিগর	51
সুপারম্যান	51
বাজানো	51
সবজি	51
ক্যাটরিনা	51
হোচা	51
উকং	51
মিত্রান	51
জগগু	51
সুপারিশ	50
অনুভুতি	50
২২	50
শোনাচ্ছে	50
ঠিকমতো	50
জিজ্ঞাসাবাদ	50
কালকের	50
গালি	50
নিল	50
যাওনি	50
সকালেই	50
সেনাবাহিনী	50
বুঝছ	50
রাজকীয়	50
নিয়োগ	50
নিউজ	50
কাইল	50
পরিমান	50
সামুদ্রিক	50
আম্মুর	50
কান্নাকাটি	50
ববি	50
দেখাশুনা	50
হবু	50
প্রত্যেকের	50
আশাকরি	50
উপলব্ধি	50
ব্যাবসা	50
পরিবর্তনের	50
বেহুদা	50
সার্চ	50
প্রজেক্ট	50
যাবৎ	50
হোম	50
লাগছিল	50
পেটের	50
পিঠ	50
চতুর্থ	50
সোনালী	50
ট্যাক্স	50
কারাগারে	50
ট্র্যাক	50
সোজাসুজি	50
বদলায়	50
কিরে	50
কতগুলো	50
ছি	50
আমাদেরও	50
বিজয়	50
যুগ	50
প্রেতাত্মা	50
দক্ষিণে	50
ডিভাইস	50
গর্ভবতী	50
গন্তব্য	50
সাবটাইটেলটি	50
একি	50
বাজাতে	50
অমান্য	50
উদ্বিগ্ন	50
ইন্টারনেট	50
কুইন	50
পুল	50
রাখিস	50
ব্লা	50
হমম	50
চিংড়ি	50
শালাকে	50
প্যাট্রিক	50
মুরগির	50
রজার্স	50
মরটি	50
চেস্টা	50
ব্রুণো	50
কেভেন	50
যাত্রী	49
থামান	49
কেনা	49
অসহায়	49
দখলে	49
বিশৃঙ্খলা	49
সিদ্ধান্তে	49
আসতেই	49
নিজেরা	49
পরিবারে	49
লজ্জাজনক	49
হইয়া	49
ভাইদের	49
চেয়েছিলেন	49
মায়েরে	49
চমকে	49
ছোটবেলায়	49
চিঠিটা	49
জ্যাম	49
কোনরকম	49
ভালোবাসতে	49
খবরের	49
নজরে	49
ইঞ্জিনের	49
দয়াকরে	49
নামবে	49
জাহান্নাম	49
হওয়ায়	49
সুবিধার	49
জানোনা	49
লক্ষ্যে	49
লড়াইয়ে	49
অপচয়	49
মুহুর্ত	49
দেইনি	49
লু	49
যীশু	49
বেশ্যা	49
চিরকাল	49
মোটামুটি	49
থাকলেও	49
ফ্রেন্ড	49
মিন	49
ব্যক্তিত্ব	49
চলি	49
অপূর্ব	49
দ্যাট	49
ল্যান্ড	49
সাবাস	49
গ্যান্ডালফ	49
শিখা	49
গোটা	49
পতাকা	49
গানটা	49
পাঠায়	49
জন্তু	49
বিপরীত	49
জিনি	49
খাব	49
পদ	49
আদৌ	49
সহকর্মী	49
সুখের	49
স্বর্গীয়	49
মেহমান	49
শর্ট	49
পরি	49
প্রথমবারের	49
কার্ডটা	49
হেলমেট	49
রেসিপি	49
মেমোরি	49
ট্রাফিক	49
আবশ্যক	49
বাকিদের	49
নাবিক	49
আসন	49
ষ্টেশন	49
বেস	49
গিয়া	49
মো	49
রোডস	49
হোল	49
আউ	49
ওয়াহ	49
গাস	49
মারটিন	49
ইশ্বর	49
চেয়ারম্যান	49
হারলি	49
মাউই	49
বেইম্যাক্স	49
৭৫	48
বাথরুম	48
চিনো	48
ওটাতে	48
কাদের	48
পাচ্ছিস	48
অজুহাত	48
ঘটার	48
গুণ	48
হয়ো	48
রান্নাঘরে	48
অর্থাৎ	48
কাটুক	48
থাকাটা	48
কর্তৃপক্ষ	48
টিমের	48
স্নো	48
ঐতিহ্য	48
উদাহরণ	48
বেড়াতে	48
পাঠান	48
শুকনো	48
গুন	48
পেলেই	48
তারের	48
স্যান্ডউইচ	48
সাবান	48
গোলমাল	48
২১	48
ধূমপান	48
দিকটা	48
সবসময়ের	48
টানা	48
এক্সিডেন্ট	48
কোম্পানিতে	48
খাইয়ে	48
সম্পাদনা	48
ক্রিসমাসের	48
জন্যেও	48
কিলোমিটার	48
বসবে	48
২টা	48
আজও	48
ফেরৎ	48
দেখালে	48
ক্ষতির	48
এগোও	48
মার্কিন	48
ভাবার	48
মাউন্ট	48
এগিয়ে	48
পায়	48
দুদিন	48
সহায়	48
প্রহরী	48
জিম্মি	48
গাইতে	48
ভার	48
মৃদু	48
যেয়ো	48
সম্মতি	48
বর্ম	48
সংস্থা	48
টাকে	48
শিক	48
বেশিদিন	48
বাঁধ	48
উলফ	48
মশিউর	48
কিরকম	48
যাচ্ছেনা	48
প্রদর্শনী	48
ঠিকআছে	48
গোথাম	48
ল্যান্ডিং	48
ক্রেকোঝিয়া	48
ফারহান	48
ভরুন	48
ফ্রান্সিস	48
অামরা	48
ডবি	48
থামিয়ে	47
জানালার	47
সত্যের	47
দেখলেন	47
বিভাগ	47
কানের	47
পন্থা	47
পড়েছিল	47
যাওয়াটা	47
সোমবার	47
মহিলারা	47
পড়ল	47
ছোকরা	47
গেলেও	47
মেলাতে	47
করানোর	47
তারই	47
লাগত	47
বাঁশ	47
প্রচন্ড	47
দোকানের	47
ইতোমধ্যেই	47
এইচ	47
প্রমাণিত	47
ওও	47
তাল	47
ফ্রান্সের	47
হচ্ছো	47
জ্যান্ত	47
ট্রাকে	47
উপড়ে	47
প্রিয়তমা	47
অশ্বারোহী	47
অযোগ্য	47
হৃদয়ে	47
মূর্তি	47
জেন্টলম্যান	47
হ্যাম	47
ব্রেইন	47
জুতো	47
মালিকের	47
লাইফ	47
অবতরণ	47
স্যুটকেস	47
ব্যান্ড	47
আমাদেরই	47
অনুবাদকদের	47
তবু	47
প্রজাতি	47
হিল	47
উহু	47
পুলিশে	47
ইত্যাদি	47
তম	47
দেখছিস	47
বলেছিলি	47
চারজন	47
উৎসাহ	47
উচ্চারণ	47
দিয়েছে	47
অন্ধকারের	47
বিস্ফোরিত	47
টেড	47
শিখাতে	47
খুশির	47
দিয়েন	47
মরবো	47
উঠলো	47
দেবতারা	47
কক্ষে	47
ইংরেজি	47
খবরটা	47
অধ্যাপক	47
তুলনা	47
স্যারের	47
কমলা	47
অর্ধ	47
ব্যাজ	47
আলী	47
ক্যামনে	47
যাইতে	47
একর	47
পাচ্ছিলাম	47
ধাতু	47
অকেজো	47
কেইল	47
কোরালাইন	47
পেরেছেন	46
চেয়ারে	46
সেগুলোর	46
লেখার	46
চিরতরে	46
পালাচ্ছে	46
ব্যস	46
গতিতে	46
মেঝেতে	46
মধ্যেও	46
ঝুলে	46
করছিলেন	46
চাইছেন	46
মেধাবী	46
তুলেছে	46
গু	46
ড্যান	46
পারিবারিক	46
সমাজ	46
জেসন	46
মশাই	46
অল	46
ততটা	46
নত	46
সমাধানের	46
খেয়েছ	46
জ্বর	46
২০০০	46
হরিণ	46
আইডিয়াটা	46
অভিভাবক	46
নৌকার	46
মজবুত	46
জেনেছি	46
নির্যাতন	46
ফেরা	46
গলফ	46
কোনকিছুই	46
দ্বিতীয়বার	46
নালিশ	46
১২টা	46
নদীতে	46
যাওয়াই	46
এন্ডারসন	46
পরম	46
চিকিৎসার	46
মুশকিল	46
ধাওয়া	46
এফ	46
সর্বনাশ	46
অতো	46
মেকানিক	46
সম্পাদনাঃ	46
সৃষ্টির	46
আঘাতের	46
একদল	46
প্রাণীর	46
বাগান	46
বহিষ্কার	46
পত্রিকা	46
কালি	46
জেইন	46
ম্যারি	46
ইউনিফর্ম	46
পোস্ট	46
বৎস	46
তদন্তের	46
খাওয়া	46
কর্মকর্তা	46
লক্ষী	46
গুরুত্বপূর্ন	46
কেসটা	46
মাদারচোদ	46
কাউন্সিল	46
সুপারহিরো	46
জন্মদিনের	46
নামক	46
ভারতের	46
পাস্পারতু	46
ওহে	46
স্টোন	46
উইক	46
স্পাই	46
রাজু	46
যাহোক	46
বর্তমানে	46
্যাঞ্ছ	46
কুপ	46
ঠেই	46
রেন	46
ক্যাসি	46
রুপাঞ্জেল	46
জিয়ান	46
মুন্নী	46
জালাল	46
শুরুতে	45
বেরোতে	45
সুন্দরভাবে	45
দরিদ্র	45
বুঝলেন	45
ছাড়িয়ে	45
বাস্তবে	45
বৃষ্টির	45
বিশ্রী	45
বেজে	45
কারণটা	45
৩৫	45
বলেছিস	45
বোঝে	45
সাপোর্ট	45
পিস্তলটা	45
বোতাম	45
নারীর	45
পড়লাম	45
বারো	45
ভাজা	45
ঘাড়	45
বিস্ময়কর	45
বামন	45
স্বার্থপর	45
ডেকেছেন	45
দাওনি	45
ছবিতে	45
শ্রেণীর	45
ভদ্রমহিলা	45
সরবরাহ	45
প্রবেশের	45
কৃতজ্ঞতা	45
ঘোরাও	45
বিভাগে	45
জানই	45
আছেই	45
বিস্ফোরক	45
বাহিরের	45
ছোটখাটো	45
ম্যানেজার	45
মারবেন	45
এয়ারপোর্ট	45
দুজনে	45
পুরস্কার	45
সেকেন্ডে	45
মৃত্যুতে	45
ট্রান্সফার	45
বিনিয়োগ	45
বয়সী	45
দানবের	45
জাতের	45
ধারালো	45
পচা	45
খোঁজো	45
হাউস	45
তোমরাই	45
গুলা	45
চাকু	45
সিংহের	45
বড়ো	45
ধারণাই	45
চমক	45
গভীরভাবে	45
প্রিন্স	45
ষড়যন্ত্র	45
বাগানের	45
লেখক	45
হাসো	45
আন্ট	45
মজাদার	45
এরিস	45
পাত্র	45
ভ্রমণের	45
পেয়ো	45
পরার	45
মন্দিরের	45
সুসান	45
নাহয়	45
রোমে	45
জর্ডান	45
বইয়ে	45
ইয়োর	45
প্রান	45
শান	45
মিলস	45
প্যারিশ	45
রেফিকা	45
অজয়	45
আনু	45
মারসেলাস	45
শিন্ডলার	45
গুস্তোর	45
হূ	45
চলমান	44
পড়ছি	44
ভেবেছিল	44
উঠল	44
হওয়াটা	44
বুঝলি	44
লোকই	44
দাঁড়াতে	44
চামড়ার	44
আটকাও	44
দিচ্ছিল	44
চাকরির	44
অফিসারের	44
উত্তম	44
৩৬	44
শুয়োর	44
২৬	44
তারচেয়ে	44
বাটন	44
দুর্লভ	44
ধরিয়ে	44
তাপমাত্রা	44
তুলি	44
গোলা	44
বাংলায়	44
জেমি	44
ইতোমধ্যে	44
ঐদিন	44
উড়ন্ত	44
মেয়েটির	44
অসভ্য	44
ক্লু	44
তখনো	44
বিছানার	44
আঁকা	44
বেস্ট	44
জোন্স	44
ধর্মীয়	44
বোঝাই	44
দিবেনা	44
কাকু	44
হক	44
জাগিয়ে	44
ঘুমায়	44
ধন	44
পাঠাবে	44
ম্যাট্রিক্স	44
আন্দাজ	44
জারি	44
আবদ্ধ	44
জানিয়েছে	44
১ম	44
ইয়ং	44
আত্মহত্যার	44
বরখাস্ত	44
শপিং	44
ক্যামেরার	44
মেরেছো	44
প্রত্যাহার	44
আকর্ষণীয়	44
সেনাবাহিনীর	44
মানুষজন	44
মাঝ	44
দেখনি	44
দলকে	44
চেহারাটা	44
ডাকি	44
অস্পষ্ট	44
ডিপার্টমেন্ট	44
মোহাম্মদ	44
বিরোধী	44
নির্ধারিত	44
ফ্রেড	44
রক	44
চার্চের	44
বহুত	44
স্যান্ডি	44
স্টাফ	44
বিভাগের	44
করনা	44
মরবি	44
ভূমিকম্প	44
যতো	44
কব	44
লেনদেন	44
জ্বালানি	44
ভেবেছো	44
মাঝেও	44
গাড়ি	44
বুঝো	44
সিগনাল	44
আর্তনাদ	44
দুর্ঘটনায়	44
ম্যালফয়	44
ধারে	44
ট্রাভেল	44
যুবা	44
প্রেসিডেন্টের	44
গ্রূ	44
স্টার্কের	44
ভাবী	44
টোরুক	44
মোয়ানা	44
সিয়ার্সো	44
কুট্টান	44
দিভিয়া	44
ডমিনেন্টের	44
মুহূর্তের	43
আরেকজনের	43
চালাই	43
কিনেছি	43
অনেকক্ষণ	43
কর্মচারী	43
শুনেছে	43
প্রতিদিনই	43
নিতাম	43
সেখানকার	43
ভাবুন	43
পাল্টা	43
ভারি	43
বিশ্বাসী	43
ভদ্রমহোদয়গণ	43
বেড়ায়	43
দৌড়া	43
শেখাতে	43
চিফ	43
কাটানো	43
প্রত্যাখ্যান	43
বসিয়ে	43
স্মৃতির	43
গরুর	43
জিজ্ঞাস	43
কিচেনে	43
নামও	43
৪৮	43
এইটাই	43
ক্রু	43
বলনি	43
পারলেন	43
সম্পর্কের	43
ব্যবসায়ী	43
করবোনা	43
স্পেস	43
সুইট	43
কেন্দ্র	43
দুর্ঘটনার	43
বানাচ্ছে	43
প্রেসার	43
বোঝো	43
সাইফার	43
নিয়েছিলো	43
মাইকি	43
কিসে	43
ভারসাম্য	43
রোগীর	43
ইদানীং	43
বর	43
চাকুরী	43
বার্থডে	43
যোগ্যতা	43
মানায়	43
শহীদ	43
টো	43
ছুঁয়ে	43
বুদ্ধিমানের	43
উত্তরাধিকারী	43
জিতবে	43
সাপ্লাই	43
সকলে	43
বিচি	43
ক্ষতিকর	43
হাতির	43
লুকাতে	43
বাচিয়ে	43
শিরোনাম	43
ঐটাই	43
বন্ধন	43
সংক্ষিপ্ত	43
চালাচ্ছি	43
হউ	43
হচ্ছ	43
বাচানোর	43
পশুর	43
লিন	43
সংস্থার	43
নিস	43
নেভিগেশন	43
দাদী	43
বাঁচান	43
ডাকাত	43
রোগের	43
নেকড়ে	43
ফালাও	43
জশ	43
ফুলের	43
ভালোভাবেই	43
বন্যা	43
গণনা	43
ন	43
মিলিওন	43
মিনা	43
ড্রোন	43
ফিরিয়ে	43
উমার	43
চিহ	43
নরম্যান	43
বিল্বো	43
ছয়	42
বিরত	42
মঙ্গলবার	42
শিখিয়েছে	42
ফাউল	42
দ্বিতীয়ত	42
আসিস	42
পারবা	42
আরামে	42
চুরির	42
সজাগ	42
চাকরিটা	42
বাড়বে	42
জলে	42
ভুলেও	42
টিকতে	42
ঘণ্টায়	42
ইঙ্গিত	42
অধিকাংশ	42
এগুলোকে	42
সক্রিয়	42
শুভসন্ধ্যা	42
ভালোবেসে	42
যাচ্ছিনা	42
কোণায়	42
ম্যানের	42
রহস্যময়	42
দর্শক	42
থাকেনা	42
আয়োজন	42
ধরেছ	42
চাহিদা	42
আপনাকেও	42
মাদক	42
বাড়াবাড়ি	42
কাবাব	42
অলরেডি	42
মোটেই	42
বেয়াদব	42
বন্দীদের	42
মশকরা	42
দুপুরের	42
পড়া	42
ধনুক	42
নজরদারি	42
বুঝার	42
যদিনা	42
ফেলবেন	42
পেলি	42
অশ্রু	42
অ্যালেন	42
এটির	42
হাতুড়ি	42
কষ্টকর	42
টয়লেটে	42
স্থানান্তর	42
ঢেউ	42
পৃষ্ঠা	42
দূর্ঘটনা	42
হারাবো	42
দ্বিগুণ	42
বাঘের	42
প্রপোজ	42
বাড়ী	42
বেগম	42
মাত্রার	42
হইসে	42
এরচেয়ে	42
পেয়েছিলে	42
অবলম্বন	42
ডাল্টন	42
হুজুর	42
বিদ্রোহী	42
আক্ষরিক	42
সকলকে	42
কানা	42
প্রেসিডেন্টকে	42
বোটে	42
গিয়ে	42
অর্জুন	42
মোজাম্বিকে	42
ব্রাভো	42
ফিউরি	42
মিউট্যান্টদের	42
রোনান	42
ডিয়েটার	42
জপ	42
আবহাওয়া	41
সিনেটর	41
হইনি	41
প্রভাবিত	41
ন্যায়বিচার	41
চলন্ত	41
আচার	41
সিটির	41
খাপ	41
আটকানো	41
আচরন	41
ছিদ্র	41
হাসির	41
মারছে	41
স্বাস্থ্যের	41
নিগ্রোদের	41
থামানো	41
এইগুলা	41
খুশিতে	41
ভোর	41
জননী	41
শিকারের	41
পরিচালিত	41
ফেলল	41
দিতেই	41
চাচার	41
তরফ	41
পাতলা	41
এমনটাই	41
উচ্চতা	41
চর্চা	41
কয়	41
জনপ্রিয়	41
ধাপে	41
ক্যাপ্টেনের	41
অবশিষ্ট	41
মার্কাস	41
লাগছেনা	41
উপরেই	41
ট্রাকের	41
লুকাও	41
গোল্ডেন	41
জুস	41
পরিচালক	41
পদার্থ	41
ভিত্তিতে	41
আরেকজনকে	41
এতগুলো	41
খাটো	41
জাস্ট	41
বান্ধবী	41
প্রযুক্তি	41
সেনাদের	41
রশি	41
আনি	41
দিয়েছেন	41
সতর্কতা	41
ততদিন	41
ফ্লোরে	41
ত	41
এহ	41
ভূমিকা	41
ক্যান্ডি	41
আলাইকুম	41
কোমল	41
মানবে	41
ঘন্টায়	41
টাওয়ারের	41
তেমনি	41
আন্তরিক	41
ফাইনাল	41
সেকশন	41
হংকং	41
রনি	41
আসতেছি	41
জলিল	41
আজরাতে	41
বাচ্চাটার	41
প্যাচ	41
বঙ্গানুবাদে	41
পজিশন	41
বিধবা	41
গ্লোরিয়া	41
ক্রোধ	41
দুষ্টু	41
এরপরে	41
হাজারো	41
তিমি	41
ওয়াশিংটনের	41
মোরালেস	41
ইলিয়াস	41
ব্যাঙ্ক	41
ডস	41
দিল্লি	41
ইউজিন	41
গোমেজ	41
মিলারের	41
ওয়াটসন	41
অামাদের	41
পারস্য	41
জানাবেন	40
কতক্ষন	40
তিনিই	40
ঘুমোতে	40
উত্তরটা	40
বিশুদ্ধ	40
কাকতালীয়	40
হিসেবেই	40
আনুন	40
দুনিয়াতে	40
পত্রিকায়	40
সহজভাবে	40
ভালভাবেই	40
দিয়েও	40
পদ্ধতিতে	40
হেসে	40
সর্বশ্রেষ্ঠ	40
ছয়টা	40
পিস	40
পুত	40
হুমকির	40
চাক	40
জায়গামত	40
মাতা	40
এখানেও	40
প্ল্যানটা	40
তোমারা	40
অভিযানে	40
সঠিকভাবে	40
একবারই	40
নামার	40
জারজ	40
বিকেলে	40
হাঁটা	40
জায়গাতেই	40
এটাকেই	40
কার্যক্রম	40
পরিণাম	40
চোরের	40
ডাইনোসর	40
বিস্কুট	40
ফ্যামিলি	40
টয়লেট	40
শনিবার	40
হতেও	40
প্রতিশোধের	40
নাম্বারের	40
ফ্লোর	40
চেতনা	40
পারলো	40
স্মিথ	40
আসেনা	40
বেধে	40
ক্যাথরিন	40
বউয়ের	40
ম্যাজিক	40
মঞ্চে	40
হস্তক্ষেপ	40
পৃথিবীটা	40
শক্তিকে	40
ড্রাগনের	40
ভাষণ	40
গাও	40
নিঃসঙ্গ	40
শোক	40
হওয়া	40
সিল্ক	40
তরে	40
আনব	40
লোভী	40
থামা	40
ডিভোর্স	40
নীরব	40
উইজলি	40
ঘোরাফেরা	40
ধরব	40
রীতি	40
ঐশ্বরিক	40
ফুটেজ	40
আজেবাজে	40
জেট	40
ফুর্তি	40
ইয়ে	40
কিনবে	40
বদল	40
এক্কেবারে	40
ভুলবেন	40
পর্বতে	40
চান্স	40
তুমাকে	40
সবাইকেই	40
পোপ	40
ইসলাম	40
পেয়েছিস	40
প্যান্ডোরা	40
দেশকে	40
দুনিয়াটা	40
মার্শাল	40
জোকারের	40
কার্টার	40
ভালোবাসবে	40
হোয়া	40
অয়	40
টিঙ্কার	40
ক্রমে	40
টিসু	40
অ্যাবাগ্নেল	40
পার্ল	40
মুসা	40
ডিনো	40
জায়গাতে	39
উপায়ে	39
করতেও	39
জ্যাকেট	39
করিয়েছে	39
জেতার	39
রান্নাঘর	39
ব্যক্তিগতভাবে	39
চতুর	39
পেত	39
প্রচেষ্টা	39
যুবতী	39
খানেক	39
দায়ে	39
চেখে	39
ছাড়ব	39
দিচ্ছিস	39
সন্তানকে	39
গ্রাস	39
বিনা	39
চেঞ্জ	39
ছোটবেলা	39
সস	39
অন্যতম	39
চকোলেট	39
ইচ্ছার	39
সাজিয়ে	39
বন্দুকটা	39
নিয়মের	39
উপস্থিতি	39
খুঁজবে	39
কারবার	39
কেবিন	39
শুটিং	39
যুগে	39
ঘোড়ায়	39
পর্দা	39
মুস্কিল	39
কার্ডের	39
চাকুরি	39
জ্ঞানের	39
প্রবাহিত	39
কৃত্রিম	39
নরকের	39
সাফল্যের	39
ইজ	39
ফেললো	39
বুঝবো	39
বিধ্বস্ত	39
নেতৃত্বে	39
ওখানকার	39
নাকে	39
বিষয়	39
মনযোগ	39
নিয়েছে	39
বাণী	39
পরিমাণে	39
বানিয়েছ	39
তারকা	39
লোহার	39
সৌভাগ্যের	39
সরঞ্জাম	39
লাকি	39
টানতে	39
গল্পে	39
২৮	39
কাঁচের	39
ভালবাসো	39
চীনা	39
মাঝেমাঝে	39
জালে	39
এতিম	39
ভারত	39
প্রচণ্ড	39
রূপে	39
ফেলতাম	39
ধীর	39
বিড়ালের	39
ওয়ারেন্ট	39
মারিয়া	39
আত্মাকে	39
অঞ্চলের	39
প্রয়োজনীয়	39
শেখানো	39
কামরুল	39
কমতি	39
অগাস্টাস	39
রোদ	39
লোন	39
বান্দর	39
ফ্ল্যাশ	39
ওয়েলকাম	39
বিয়ার	39
অলিভিয়া	39
খুঁজো	39
চিওল	39
সেলিন	39
পিছাও	39
মিত্রা	39
গরডো	39
ল্যানিস্টার	39
বালান	39
তমিজ	39
রবিবার	38
আশ্চর্যজনক	38
যেটাতে	38
লাগানোর	38
বিবৃতি	38
সমৃদ্ধ	38
জীবনযাপন	38
যুদ্ধক্ষেত্রে	38
গেছিল	38
তুচ্ছ	38
দোষারোপ	38
ভাবলে	38
লজ্জার	38
বাইর	38
ফাটিয়ে	38
একের	38
সিস্টেমের	38
আরামদায়ক	38
কাজটি	38
ধুয়ে	38
পড়েছেন	38
তীরে	38
কিছুক্ষন	38
মানছি	38
ভেজা	38
ভুলো	38
একলা	38
তন্ন	38
চিন্তাও	38
দরকারি	38
যাবনা	38
ঘা	38
পাঠাই	38
আওতায়	38
মাধ্যমেই	38
জেসাস	38
ত্রুটি	38
পিয়ানো	38
মেডিক্যাল	38
অন্যকেউ	38
রোড	38
এইগুলো	38
অক্ষত	38
ইশারা	38
পনির	38
মাখন	38
সাউথ	38
পাশাপাশি	38
বেশির	38
রাত্রে	38
তাকাবে	38
সেক্সি	38
তুলো	38
বিমানের	38
উৎসব	38
খাঁচা	38
রূপকথা	38
দ্বীপের	38
চূড়ায়	38
অ্যান্ড	38
বাড়ছে	38
নেভিল	38
নয়ত	38
দ্রুতগামী	38
আয়না	38
তালি	38
টমাস	38
প্রানী	38
পালানো	38
ফ্রেডি	38
বলেনা	38
জগৎ	38
হাসপাতালের	38
কারখানা	38
সহযোগী	38
মাগী	38
ঠোঁট	38
একক	38
অনুভূত	38
দেখবি	38
চিট	38
হউক	38
উইলসন	38
যুক্তরাষ্ট্রের	38
ভরপুর	38
ফাতেমা	38
সমাপ্ত	38
কাঁদছে	38
নাচো	38
জুং	38
ক্রাইম	38
নায়ক	38
ইঞ্জিনিয়ারিং	38
প্রিন্সেস	38
ত্রিশূল	38
ক্লিক	38
লাইগ্যা	38
ইসমাইল	38
জিবা	38
ডিজে	38
হেমা	38
জিয়া	38
ফিটজেরাল্ড	38
ফ্যান	37
জানলাম	37
ছেলেটির	37
তৈরির	37
ছুরিটা	37
ঝড়ের	37
কয়েকবার	37
সিস্টেমে	37
আদালতের	37
ছিড়ে	37
গুষ্টি	37
মাথামোটা	37
অসুখ	37
মার্টিন	37
আপু	37
মার্কা	37
প্রশিক্ষিত	37
ওয়েটার	37
লাগার	37
ডিগ্রি	37
শিল্প	37
জাগো	37
আকস্মিক	37
হুট	37
সালাদ	37
এপ্রিল	37
পারলেই	37
ঈশ্বরকে	37
ডেক	37
বদ্ধ	37
স্লিপ	37
কিছুতে	37
অসহ্য	37
ক্ষতিপূরণ	37
চাওয়ার	37
মানুষটাকে	37
মিশনের	37
খেলবে	37
বোঝানোর	37
পার্ট	37
ক্রেতা	37
নখ	37
ভাগাভাগি	37
ডেকেছি	37
কুখ্যাত	37
প্রোগ্রামের	37
মানবজাতি	37
বিসর্জন	37
কোনোভাবেই	37
প্রশ্নই	37
প্রাক্তন	37
কিক	37
লাগেনা	37
ঢোকা	37
রাজধানী	37
দুর্গ	37
দুপুর	37
অ্যামো	37
গর্ডি	37
বিলবো	37
ভেদ	37
ঘোড়া	37
রাক্ষস	37
পাক	37
দুইজনের	37
থামাবে	37
পঞ্চম	37
খেলোয়াড়	37
সাদমান	37
প্রসারিত	37
স্টার্ট	37
কিটি	37
প্রাণীদের	37
অসুবিধা	37
ফাজলামি	37
জরিমানা	37
লিখিত	37
বলনা	37
সারিয়ে	37
অপারেশনের	37
ধরেছিলাম	37
তোমরাও	37
এলা	37
সামাল	37
পয়সার	37
৩টা	37
কর্ম	37
হেল্প	37
শিম	37
দেহের	37
কামাই	37
যথেষ্ঠ	37
দিদি	37
ছায়ার	37
শ্রী	37
বদ	37
ছুড়ি	37
পঙ্গু	37
ধ্যাৎ	37
অপরাধীরা	37
সানি	37
কাজগুলো	37
প্যারিসের	37
ইয়েহ	37
এমা	37
সবথেকে	37
ইউরো	37
অ্যানা	37
কেহ	37
ওম	37
অ্যাকাউন্ট	37
নর্থাপ	37
ইবি	37
করতেছো	37
নিকোলাস	37
রিড	37
চড়	36
বাক্সে	36
নিযুক্ত	36
এগোতে	36
ব্যাপারটাই	36
তাতেই	36
ব্যতিক্রম	36
কাপড়	36
চুক্তির	36
ফেসবুকে	36
প্রোফাইল	36
সময়েই	36
চিত্র	36
অফিসারদের	36
ভেবেছে	36
রাজনীতি	36
দাঁড়ায়	36
সিরিয়াল	36
সাক্ষর	36
ভালবাসতে	36
বলবনা	36
ট্যাঙ্ক	36
ওষুধের	36
প্রতিযোগী	36
কেজি	36
খোদাই	36
অনর্থক	36
বসার	36
ব্যবহারের	36
মাপ	36
মন্তব্য	36
কাটো	36
সাইট	36
কেসে	36
দুপুরে	36
এরজন্য	36
জোশ	36
জ্বলছে	36
অনেকের	36
সারিতে	36
বসকে	36
তিনবার	36
কাপড়ের	36
জয়েন	36
পরেরবার	36
পৌছতে	36
হার্ড	36
এসেই	36
মেইন	36
প্রোগ্রামে	36
নিচ্ছো	36
যারাই	36
বৈদ্যুতিক	36
কয়জন	36
সাইড	36
কেন্দ্রে	36
ভিতরেই	36
আশে	36
একশো	36
সিনিয়র	36
বিকাল	36
সন্ধ্যার	36
ব্যাগিন্স	36
আয়	36
জলদিই	36
বন্ধুগণ	36
সীমানা	36
গোষ্ঠী	36
ড্যানিয়েল	36
কারুর	36
গভর্নর	36
কার্যকর	36
ওতো	36
উফ	36
কালের	36
গবেষণার	36
এটিই	36
সমবেদনা	36
আপা	36
জাদুকরদের	36
মেরেছিল	36
দুনিয়াকে	36
পয়দা	36
সংখ্যায়	36
অর্থে	36
মেয়ের	36
চিত্কার	36
বুদ্ধিটা	36
বহুদিন	36
দেখভাল	36
ঘৃনা	36
তেজ	36
ইনজেকশন	36
ডোজ	36
পাতায়	36
কমই	36
ওপাশে	36
করতেছি	36
শেষমেশ	36
উৎপাদন	36
স্থল	36
ম্যালেনা	36
বিজয়ের	36
জুলস	36
সুং	36
দেখোনি	36
সাধু	36
যেটাই	36
ইংল্যান্ডের	36
সোহাগ	36
মেয়র	36
লুসিয়াস	36
বিবেক	36
কাউন্সিলর	36
নৌসেনা	36
ভালবাসেন	36
ট্রেভর	36
ডল	36
জাফর	36
বাচ্চাকাচ্চা	36
সাংঘাতিক	36
প্যাটসি	36
নাতাশা	36
এমব্রোজ	36
গীতার	36
ভানু	36
এমএলএ	36
নেকড়ে	36
হ্যানাহ্	36
সাধুবাবা	36
ওনা	36
লকি	36
বুভ	36
বললেও	35
দেড়	35
রাগী	35
লিখেছি	35
আহ্বান	35
অপরাধীকে	35
পটভূমি	35
সেতো	35
জলের	35
বাঁচানো	35
চু	35
বজ্জাত	35
দিলি	35
বর্ডার	35
গ্রিন	35
উড়ছি	35
চিন্তাভাবনা	35
খাওয়াতে	35
আসছিল	35
পোলাপান	35
গজ	35
ডিজিটাল	35
শত্রুরা	35
স্থায়ী	35
নির্জন	35
সাতটা	35
বাড়তি	35
আকার	35
পোকা	35
ব্রিজের	35
উপযোগী	35
সরা	35
কল্পনাও	35
বার্ন	35
ল্য	35
সেক্টর	35
সুড়ঙ্গ	35
দায়িত্ব	35
চেহারায়	35
অক্ষর	35
হাটু	35
কম্পিউটারে	35
চাওনা	35
ঘটেছিলো	35
তরঙ্গ	35
বিস্ফোরণের	35
হিসেব	35
দুধের	35
শুনেই	35
ঘাঁটিতে	35
সিদ্ধান্তের	35
বয়েজ	35
পাকিস্তানের	35
জন্মদিনে	35
ছাগলের	35
ব্যাগের	35
ঢাল	35
চাইব	35
শিলা	35
স্পষ্টভাবে	35
কিছুদিনের	35
রাষ্ট্রপতি	35
আফ্রিকার	35
সংশোধন	35
যাচ্ছিলে	35
বসি	35
আচরণের	35
উন্মুক্ত	35
শিষ্য	35
গ্রীষ্মের	35
টাইগার	35
ধৈর্য্য	35
হ্যাল	35
মক্কেল	35
খ্যাতি	35
দিতেন	35
জিউসের	35
তেমনটা	35
খুঁজি	35
স্থগিত	35
ফ্রান্স	35
হাহ্	35
ক্যাসেল	35
শুয়োরের	35
রুট	35
পেয়েছিলো	35
গ্রুপের	35
ব্যালথাজার	35
তুষার	35
নেওয়া	35
স্টপ	35
সততা	35
ঘনিষ্ঠ	35
সচল	35
ডিস্ক	35
পর্বতের	35
ততক্ষণে	35
মেশিনটা	35
জ্যো	35
ছিঃ	35
ব্যাট	35
আঙ্কল	35
লেকটার	35
মুসলিম	35
চল্লিশ	35
সীল	35
ফাইন	35
ওয়ান্ডা	35
অনুমিত	35
ডুফ্রেইন	35
ওয়াউ	35
টরাস	35
গ্রেইস	35
কোলোস্কি	35
ইঁসা	35
ডম্	35
ডুয়েন	35
আসো	35
বাজরাং	35
মামলার	34
বিশ্লেষণ	34
ধারনাই	34
ইচ্ছামত	34
বাদামী	34
ট্যাটু	34
অঞ্চলে	34
প্রতিষ্ঠা	34
ঢেলে	34
পূজা	34
তাকা	34
লাগা	34
এটাক	34
ধরছে	34
অতীতে	34
বেশীরভাগ	34
স্কাইনেট	34
জড়ো	34
পাচ	34
চলাফেরা	34
এতটুকু	34
পারছনা	34
বসেছে	34
কক্ষ	34
তত্ত্ব	34
চাঁদের	34
জ্যাকব	34
মানের	34
চামচ	34
তাস	34
রাখতাম	34
সুনাম	34
উনাদের	34
ভালোবাসায়	34
খেজুর	34
ইউনাইটেড	34
ভেস্তে	34
গিলে	34
লাগলাম	34
আকারে	34
মোতাবেক	34
ধ্যান	34
বার্ন্স	34
তেমনই	34
শাহরিয়ার	34
সাহেবের	34
ফিরেছে	34
স্রেফ	34
কাকা	34
চাইতো	34
পদত্যাগ	34
প্রাণের	34
দলনেতা	34
পতিত	34
নিশ্চয়ই	34
জড়িত	34
নিতেই	34
তাকিয়ে	34
চাকর	34
প্রাসাদে	34
পুনরায়	34
শিং	34
নক্ষত্র	34
স্বর্ণ	34
সাম্রাজ্যের	34
ভালবাসবে	34
চিনিস	34
ঘোর	34
লাস	34
হুইস্কি	34
ফর্ম	34
কলার	34
ঢুকলে	34
সমীকরণ	34
এতটাই	34
বোবা	34
পরিকল্পনার	34
রূপান্তরিত	34
চাইলেই	34
বশ	34
লন্ডনের	34
খাবারটা	34
পরিত্যক্ত	34
রসায়ন	34
মেঘের	34
অভিষেক	34
সেভেন	34
আপলোড	34
ঐতো	34
সাবাশ	34
পেশা	34
বিনামূল্যে	34
তথ্যগুলো	34
স্বর্ণের	34
ভালোবাসতো	34
অ্যাটাক	34
শেখান	34
ফ্রান্সে	34
আরম্ভ	34
খামার	34
নির্মিত	34
শিমুল	34
লোকসান	34
নিয়েও	34
ইন্টারভিউ	34
নাহ্	34
রাণীর	34
অগ্নি	34
গ্যাংস্টার	34
গ্যারেজ	34
করাবে	34
প্রশান্ত	34
ফার্ম	34
রেট	34
এলিজাবেথ	34
জয়	34
আউচ	34
কলি	34
দ	34
ব্লাকউড	34
গার্ডিয়ান	34
জাজ্ঞু	34
ঘটেনি	33
কারোর	33
দুইটি	33
আশেপাশের	33
হাল্কা	33
বিচারকের	33
ওদিক	33
তারও	33
ভাববেন	33
ক্লাসের	33
এলেন	33
পড়ালেখা	33
গায়ের	33
চালিয়েছে	33
মরো	33
চক্কর	33
বার্গার	33
রায়ান	33
ছোঁয়া	33
টেক	33
আশেপাশেই	33
মস্তিষ্কে	33
পারনি	33
পৌছাতে	33
গোলাপি	33
ত্রিশ	33
ধাঁধা	33
হারায়	33
লুকোচুরি	33
বক্সে	33
জাহাজটা	33
অংশগ্রহণ	33
সদস্যদের	33
আগমন	33
কাস্টমার	33
কিউ	33
আমেন	33
ধ্বংসাবশেষ	33
হিংসা	33
সইতে	33
আনুগত্য	33
খুললে	33
বিক্রির	33
ট্যুর	33
স্বভাব	33
পেন্সিল	33
মরব	33
দাবার	33
বসতি	33
সবচাইতে	33
চাচ্ছিল	33
পাক্কা	33
গাছটা	33
চুলে	33
পারোনি	33
ইয়ার	33
হাফ	33
পাচার	33
চালাবো	33
কাক	33
গ্রেনেড	33
ঢুকবে	33
সিংহাসনের	33
সমাধি	33
১৫০	33
ফাইভ	33
পিন	33
গলে	33
আমান্ডা	33
আভা	33
একেই	33
অগ্রসর	33
ক্যামেরাটা	33
আসসালামু	33
অন্যথায়	33
বুঝবেন	33
শিকারি	33
ক্সি	33
রোমের	33
ভারতে	33
অনুপস্থিত	33
সকলেই	33
অঙ্গ	33
৯৯	33
সাথী	33
উড়ার	33
৪০০	33
ইন্টারনেটে	33
রইলাম	33
পালিশ	33
গোলাপ	33
মারবি	33
ভূতের	33
দুবার	33
তুলনায়	33
গ্লুভার	33
পেরেছিলাম	33
মাইন্ড	33
দাড়	33
অ্যাঁ	33
একইভাবে	33
ভাইরাসের	33
পাঠাচ্ছে	33
কনফারেন্স	33
ফ্রিজ	33
হাডসন	33
সমকামী	33
তারপরই	33
সাফল্য	33
রাজকুমারের	33
জর্জিয়া	33
আসলানের	33
জাঁহাপনা	33
মোকাবিলা	33
শহরকে	33
ফিং	33
হুঁ	33
শামিল	33
সভা	33
সিংহাসনে	33
টেনশন	33
অধ্যায়	33
ঘেউ	33
খোজার	33
উড়ে	33
নেগেটিভ	33
সার্ভিসের	33
মমম	33
হাম্পটি	33
রি	33
ভাল্লুক	33
মিনাম্মা	33
পিং	33
গ্লিন্ডা	33
হ্যান্স	33
যন্ত্রটা	33
কার্ট	33
লেইন	33
জ্বিনদের	33
প্রত্যেকদিন	33
এক্ষণ	33
তপস্বীজি	33
গ্রুট	33
শিব	33
ইৎজাক	33
রেইভেন	33
টেমপ্লেটন	33
বিন্স	33
রণ	33
হিরা	33
মিলসঃ	33
জেমা	33
ট্রেসারেক্ট	33
চান্দ	33
ভল্লালদেব	33
কাটিয়েছি	32
প্রমাণের	32
ছেলেটিকে	32
চাইছিল	32
একথা	32
বানিয়েছেন	32
মাইরা	32
পারছিস	32
বেজন্মা	32
ঘটনায়	32
এরকমটা	32
ঘুরো	32
অপরাধে	32
আজই	32
জামাটা	32
কোনটি	32
গেছিলো	32
ডিফেন্স	32
ব্যাপারই	32
আজগুবি	32
দাড়াতে	32
স্বরূপ	32
উঠেছি	32
দেখাচ্ছ	32
৩০০০	32
শিশুকে	32
পরবর্তীতে	32
সত্যতা	32
মূল্যায়ন	32
আমন্ত্রন	32
সীমিত	32
অভদ্র	32
নাচবে	32
সময়ও	32
নড়ছে	32
কফিন	32
ছড়ি	32
সারাক্ষণ	32
রুল	32
দাত	32
পরছে	32
নির্ভরশীল	32
কাল্পনিক	32
চাইলেও	32
খুঁজছো	32
ক্ষমাপ্রার্থী	32
ফেলেছিলো	32
ইস	32
দিনগুলো	32
দ্বিধা	32
ফিরছি	32
পুলিশরা	32
বসন্ত	32
ঠাট্টা	32
দিনই	32
ম্যানেজ	32
জাতিসংঘ	32
আইরিন	32
মরেই	32
ঘন	32
যোদ্ধার	32
পরিত্যাগ	32
বয়স	32
রেখেছিলো	32
কল্পনার	32
ভয়ানক	32
টমেটো	32
চাইবেন	32
বিভক্ত	32
দেখায়	32
আগত	32
আকৃষ্ট	32
বৃথা	32
কোরোনা	32
ধন্য	32
কাউন্ট	32
করিও	32
ফু	32
কন্ঠ	32
সাংবাদিক	32
জিতেছে	32
সিটিতে	32
বিদ্যমান	32
রেটিং	32
উইশ	32
লিখেছেন	32
চিকন	32
ফুরিয়ে	32
প্রান্ত	32
দৌড়ানো	32
বাসের	32
ফৌজ	32
বর্শা	32
বিশ্বে	32
ডিস্টার্ব	32
নরমাল	32
ব্যাঙ	32
সাম্প্রতিক	32
রোমান্স	32
আঙ্গুলগুলো	32
রুমটা	32
যামু	32
রাশিয়া	32
যাবা	32
মূল্যে	32
বিলাল	32
যোগাযোগের	32
ওগুলোর	32
স্তর	32
অস্ত্রটা	32
এলার্ম	32
ভেগে	32
ওন	32
থানায়	32
শোনেন	32
চ্যান	32
ট্রিপ	32
সংঘর্ষ	32
বদমাইশ	32
কবরের	32
মিনিয়ন	32
মেট্রো	32
মইরা	32
ছদ্মবেশ	32
ফ্লিন	32
জিন্দাবাদ	32
ল	32
মজাই	32
মনিব	32
প্রার্থনার	32
অসৎ	32
শোনাও	32
বেগুনী	32
সাদিক	32
হাউজের	32
পারার	32
কেডা	32
বাবল	32
লায়ন	32
হারান	32
সোভিয়েত	32
নিউইয়র্ক	32
আঁটকে	32
জেন্টলমেন	32
পর্ব	32
লাস্ট	32
ক্যারল	32
যন্ত্রণাভোগ	32
নাপ	32
বুংডং	32
কুবরাকে	32
অসম্মান	32
কিন্তুু	32
মোটো	32
অ্যামেরিকান	32
ইওয়া	32
ফুফা	32
মাছলি	32
কনফার্মড	32
স্ফটিক	32
সোফি	32
লুপ	32
জায়া	32
কনারস	32
ওর্ব	32
ওয়াল্টার	32
ড্যুড	32
অ্যাঞ্জিয়ার	32
বর্ডেন	32
সমারসেটঃ	32
মেরিডা	32
ডোয়ালিন	32
ড়ু	32
দেবসেনা	32
হাকান	32
চাইবো	31
বলেননি	31
জিনিসটার	31
নিচেই	31
চলছিল	31
চাইত	31
দোষটা	31
সর্দার	31
সংক্রান্ত	31
হারামী	31
ফুসফুস	31
এলি	31
ওঠাও	31
উপেক্ষা	31
ধোঁয়া	31
আসবেই	31
নিয়োজিত	31
মনোভাব	31
ভুগতে	31
মাহমুদ	31
রাইফেল	31
সঙ্গীত	31
রোবটের	31
করুণা	31
কম্পিউটারের	31
থাকতেই	31
হয়েছিলে	31
খোশ	31
উঠলে	31
পুনরুদ্ধার	31
রাশিয়ার	31
ব্রাউন	31
অভিজ্ঞ	31
বিশেষভাবে	31
পরিদর্শন	31
জানায়	31
ডিয়ার	31
শুনছে	31
আতঙ্কিত	31
জয়ী	31
ফেলত	31
নির্বাচনে	31
কীরকম	31
প্রতিভাবান	31
তলব	31
একসাথেই	31
মাউন্টেন	31
কমবয়সী	31
করছেনা	31
চোখগুলো	31
বউকে	31
বিলের	31
প্রমোশন	31
লে	31
পাউন্ডের	31
যাওয়ার	31
বাড়ির	31
রেহাই	31
চাচাতো	31
পরিচয়	31
উদারতা	31
সিরিয়াসলি	31
মুই	31
এসবই	31
প্রেরণা	31
পড়তো	31
প্রতিদ্বন্দ্বী	31
৬০০	31
সংগ্রাম	31
দেখেননি	31
সশস্ত্র	31
মৃত্যুদণ্ড	31
শেষপর্যন্ত	31
সারে	31
পায়না	31
নিশ্বাস	31
প্রকৃতপক্ষে	31
খাল	31
বোঝাপড়া	31
মৌলিক	31
আকৃতি	31
আলামত	31
ক্যারিয়ার	31
কন	31
আবিষ্কৃত	31
আলিঙ্গন	31
শ্যাম্পেন	31
বোঝায়	31
করমু	31
খুজছে	31
মূল্যহীন	31
রিলাক্স	31
ভাবছিস	31
তরুন	31
দিনেই	31
চীন	31
হস্তান্তর	31
দিলেও	31
টোপ	31
ওটায়	31
পুরোই	31
অ্যালেক্স	31
এলোমেলো	31
ক্ষতিগ্রস্ত	31
সবশেষে	31
নিয়েছিলে	31
বুড়া	31
হয়া	31
হয়েও	31
থাকায়	31
বানালাম	31
ক্ষেত্র	31
উদ্ভিদ	31
করিয়ে	31
চলছি	31
এইত	31
উনিই	31
৬৭	31
মোটর	31
পিটিয়ে	31
প্রাচীরের	31
স্যুপটা	31
ইশ	31
বেরিয়েছে	31
প্রতিনিধিত্ব	31
সামার	31
মিশেল	31
লড়বো	31
চৌধুরী	31
প্রেমিকার	31
সম্প্রচার	31
সুইজারল্যান্ড	31
অকর্মার	31
মিস্	31
ক্ষিপ্ত	31
ফর্ড	31
হিন্দু	31
আনান্দ	31
হায়ড্রা	31
সেথু	31
সেটিংস	31
রমিলি	31
পশুশাবক	31
গণেশ	31
র‍্যাংগো	31
চ্যান্সেলর	31
অবন্তিকা	31
তোই	31
ফিরদাউস	31
চারপাশ	30
সুস্পষ্ট	30
খুজছিলাম	30
সেটি	30
দূরের	30
জেলা	30
ঘড়ি	30
লাশটা	30
ঝুকি	30
লোকটিকে	30
শুতে	30
বলটা	30
লং	30
সারাজীবনের	30
জানলো	30
অন্তরে	30
আমেরিকানদের	30
তিনজনের	30
শেখা	30
চড়তে	30
ধোয়া	30
সিজার	30
নিয়ন্ত্রণের	30
ধরেছিল	30
হইতাছে	30
শশশ	30
আবিস্কার	30
আলু	30
ভিজে	30
থ্রি	30
ভাবতেই	30
উল্টে	30
দেখেশুনে	30
পরিবেশের	30
প্রত্যেকটি	30
চায়ের	30
তারার	30
ঢুকছে	30
দাঁড়	30
শিকাগো	30
টেন	30
দেখতেও	30
অন্যকোথাও	30
রিসার্চ	30
ইমারজেন্সি	30
ট্রাই	30
নির্দয়	30
নেয়নি	30
বেলুন	30
স্পীড	30
লাগিয়েছে	30
নামই	30
পলিসি	30
বুধবার	30
ঘটনাস্থলে	30
রিপোর্টে	30
ফ্রাই	30
কাজকর্ম	30
যাপন	30
ফেলতো	30
যন্ত্রের	30
অচল	30
দুঃখে	30
কোনোভাবে	30
অব্যাহত	30
আতঙ্ক	30
মেয়েও	30
পারদর্শী	30
বড্ড	30
ছেলেই	30
দম্পতি	30
ইদুর	30
ওলি	30
ভূমিতে	30
দুর্গে	30
সাথের	30
ফিরবো	30
বাড়তে	30
প্রতারক	30
ঢোকে	30
মৃতদের	30
ভল্ট	30
লাঞ্চের	30
ফোর	30
খাঁচায়	30
সৈকতে	30
টাকাই	30
উড়ছে	30
কেঁদো	30
ছেড়ো	30
অহংকারী	30
ফাস্ট	30
অদ্বিতীয়	30
রেখা	30
অস্তিত্বের	30
বস্তা	30
যখনি	30
অভাবে	30
ব্যাটাকে	30
জানাব	30
শিখবে	30
শিখ	30
পেইন্টিং	30
বুদ্ধির	30
অবচেতন	30
স্বেচ্ছায়	30
সিল	30
বিস্তার	30
হর্ন	30
জেনারেটর	30
প্রতিদান	30
ফটোগ্রাফার	30
পেশাদার	30
হয়ছে	30
লাইভ	30
ভূল	30
সোলজার	30
শুনেছিস	30
অর্থের	30
লোকজনকে	30
ফ্ল্যাটে	30
যোগাড়	30
ব্যর্থতা	30
ইউসুফ	30
অযথা	30
ষ্টেশনে	30
উদ্ধত	30
টিপ	30
হারামির	30
বলতেছি	30
রান	30
বরবাদ	30
কামড়ে	30
জনসংখ্যা	30
তৈরীর	30
বিট	30
বৃক্ষ	30
ইচ্ছায়	30
বলোনা	30
আর্মির	30
আঙুল	30
সিআইএ	30
নিয়েছিলেন	30
গাইছে	30
ঢং	30
চাচ্ছিস	30
বক্তৃতা	30
যাকিছু	30
দমন	30
অনুতপ্ত	30
পলি	30
সনি	30
কারেন	30
কোম্পানী	30
যুদ্ধটা	30
ঘোষনা	30
পিরামিড	30
গিয়েছো	30
চুক্তিটা	30
ম্যানুয়াল	30
ক্রিকেট	30
লেটি	30
পূজার	30
ফুফু	30
ওনি	30
নাসা	30
দায়ের	30
ভ্যাটিক্যান	30
টাকারঃ	30
জিয়াং	30
থাকলাম	30
কিট	30
ওয়ার্ড	30
বঁড়শি	30
হ্যাচ	30
শ্রেডার	30
অ্যারোরা	30
বেলর	30
ওলেক	30
শাস্ত্রী	30
কোলেট	30
বেঞ্জি	30
বাইরেই	29
ডাকাতির	29
ব্রেকফাস্ট	29
উকিলের	29
বলায়	29
বাসিন্দা	29
পরিনত	29
বাগানে	29
চাপের	29
খোলে	29
সেথ	29
লোভে	29
ভেড়ার	29
প্রতিবাদ	29
আল্লার	29
বুড়ির	29
খবরে	29
সফলতা	29
অস্ত্রে	29
বিশ্বাসযোগ্য	29
সম্পুর্ন	29
পরিবেশন	29
খুলছে	29
মনটা	29
বোর্ডে	29
ধুলো	29
টেকনোলজি	29
কোটিপতি	29
ক্রীতদাস	29
পরিবেশে	29
স্বর্গীয়	29
ঈর্ষা	29
দক্ষতার	29
বো	29
তেলের	29
ধোঁকাবাজ	29
প্রার্থী	29
মুভিতে	29
ফিল্ড	29
কোনকিছুর	29
যথাযথ	29
পদে	29
লাগায়	29
ফেসে	29
লেক	29
ধ্যাত্তেরি	29
লাগাবে	29
জায়ন	29
বুঝিনা	29
আহারে	29
চিড়িয়াখানা	29
চিত্তাকর্ষক	29
ইন্টারেস্টিং	29
ফুড	29
পূর্বের	29
পদাতিক	29
চারটি	29
বুনো	29
নিজেকেই	29
বহর	29
লবণ	29
পালস	29
আতশবাজি	29
সাইজের	29
তাকিও	29
ধারা	29
বিকৃত	29
চেকটা	29
ক্যাশ	29
সার্কাসের	29
হাঁটার	29
জিনের	29
বাছারা	29
ম্যাগাজিন	29
লেগ	29
টিমে	29
তাহমিদ	29
মানবিক	29
ডাঃ	29
অঙ্গীকার	29
হবি	29
পড়েছিলো	29
এছাড়াও	29
হুশ	29
পাতার	29
শাসক	29
অবগত	29
প্রতিবন্ধী	29
পরেছ	29
মন্ত্রণালয়	29
শুনানি	29
শাস্তির	29
বেচারি	29
প্রতিষ্ঠানের	29
আইসক্রিম	29
তারিখে	29
গ্রিক	29
পাঠিয়েছিলাম	29
হান	29
বলছিলেন	29
এজেন্টের	29
ওয়ার্ল্ড	29
বেহুঁশ	29
সর্বত্র	29
নোটিশ	29
চীনে	29
মাও	29
ডেটিং	29
ম্মম	29
কারখানার	29
ট্রিগার	29
হারিয়েছো	29
শহরটা	29
শনি	29
বিয়েটা	29
সম্মানে	29
বাচতে	29
লড়ে	29
কোনটাই	29
থামেন	29
বালির	29
মনু	29
মহারাণী	29
এলাকায়	29
লড়াই	29
স্টিভেন	29
কস	29
হতবুদ্ধি	29
শীতল	29
বেঁছে	29
সেজে	29
মানুষটার	29
খোজে	29
ইং	29
জানিয়েছেন	29
ভাড়াটে	29
লড়বে	29
শায়েস্তা	29
পাঠাব	29
রানীর	29
উল্লাস	29
ব্রাশ	29
হাতছাড়া	29
ডাক্তাররা	29
বালতি	29
রাশিয়ান	29
বিপদমুক্ত	29
ফেজ	29
ভুট্টা	29
অপর	29
পিটা	29
রেস্তোরাঁয়	29
নেম	29
বুদ্ধা	29
আক্রমনের	29
ড্রাকুলা	29
সহানুভূতি	29
চাওনি	29
ক্ষেত্রেই	29
হৃদয়টা	29
এনি	29
মহামারী	29
ফাক	29
ব্রুকস	29
জিগু	29
পারফিউম	29
বোস	29
মারুন	29
লুই	29
কম্পাস	29
বাচস	29
স্নোডেন	29
অাপনি	29
অ্যালবি	29
সাব্যস্ত	28
ওইসব	28
জনই	28
সিঁড়ির	28
অনুযায়ী	28
লোকটির	28
বাড়িতেই	28
উঁচুতে	28
রকি	28
জিহ্বা	28
থাকছে	28
খুলবেন	28
দেখেছিল	28
সামলাচ্ছি	28
মাছি	28
সুযোগটা	28
সীমান্ত	28
মাম্মা	28
সারতে	28
চাদর	28
লাভের	28
হানি	28
নাইন	28
ক্যাম্পের	28
পরলে	28
বার্লিন	28
নীরবতা	28
লোকগুলোর	28
ভাংতি	28
চোখেই	28
কেঁদে	28
পজিশনে	28
বাচ্চাগুলো	28
লাইনটা	28
সম্মত	28
ডায়মন্ড	28
আইরিশ	28
উত্তরাধিকার	28
ফাজিল	28
আদরের	28
উপত্যকায়	28
খুঁজছ	28
আপডেট	28
খানিকটা	28
ধরলে	28
সার্জ	28
শান্তভাবে	28
লঙ্ঘন	28
এন্টি	28
ওরাও	28
লাফাও	28
গিয়ার	28
ফ্লাইটে	28
ইয়াং	28
অন্তরের	28
ব্লাড	28
হতাশা	28
মাদারচোত	28
পোড়া	28
দেখতাম	28
সুজান	28
চালিত	28
বেতনের	28
বাঁদর	28
পৃথক	28
কর্তৃপক্ষের	28
কারাগার	28
পড়েছো	28
অপারেটর	28
লাগবেই	28
ন্যাংটা	28
তেলুগু	28
নিয়েন	28
ডকুমেন্ট	28
চাইলো	28
আফ্রিকা	28
মার্কেট	28
চারপাশের	28
নারে	28
স্নাইপার	28
প্রত্যেককে	28
মেডেল	28
কবির	28
দেয়া	28
সময়ের	28
যায়নি	28
বিস্ফোরণে	28
অটোগ্রাফ	28
ভেগাসে	28
মাঝের	28
গে	28
স্কোয়াড	28
গেয়ে	28
স্ট্রাইকার	28
ছাপা	28
দেখলো	28
মিয়াঁ	28
তাহলেও	28
বিশেষত্ব	28
কারখানায়	28
মেধা	28
প্রদর্শনীর	28
মসৃণ	28
উড়বে	28
শ্রমিকদের	28
রহমত	28
বানাব	28
হ্যারির	28
অফিসিয়াল	28
অলস	28
শিকারে	28
অঞ্চল	28
পিঠা	28
ফিতা	28
ওয়াটার	28
করবেই	28
স্বল্প	28
পৌছানোর	28
ক্যাপটেন	28
জমজ	28
স্রষ্টা	28
পাকিস্তানে	28
ইন্ডিয়ার	28
মামুলি	28
সাব্বাস	28
দূষিত	28
বর্বর	28
আগাম	28
শুকরিয়া	28
মাথাব্যথা	28
বড়দের	28
শুনবেন	28
২৯	28
বেরোও	28
মুরগি	28
মহিলাটা	28
বেড়েই	28
কোমর	28
উপন্যাস	28
ঝাপ	28
আয়নার	28
পশুদের	28
জ্বলন্ত	28
অবিলম্বে	28
গুনে	28
ছাইড়া	28
এডমন্ড	28
কাস্পিয়ান	28
চূড়ান্ত	28
করেছিলি	28
ওয়ার্ডেন	28
তারপরেই	28
কারোরই	28
সালাহ্	28
অবস্থিত	28
উদার	28
বাবাই	28
ক্রাম	28
দূর্বল	28
ভ্যাল্কিরি	28
কার্বন	28
আকর্ষন	28
রিপোর্টার	28
সাইডে	28
রাডার	28
এতদিনে	28
কোনায়	28
ড্রাগান	28
দর্শকদের	28
কাং	28
চোই	28
কিলি	28
অজি	28
মোলক	28
বাঁধন	28
মূহুর্তে	28
সামলা	28
৩২	28
টিকটিকি	28
পেঙ্গুইন	28
রাফায়েল	28
ফাউন্টেন	28
মালার	28
ওমাটিকায়া	28
ইওয়ার	28
পুজা	28
আইরিস	28
ভানুকে	28
ডোনাল্ড	28
১৯৯১	28
জেক	28
সুরিয়া	28
অাপনার	28
মাহিমা	28
কারপভ	28
টিউরিং	28
গিবস	28
ডমিনেন্ট	28
তোমারই	28
উটগুলোর	28
স্লিদারিন	28
যোগাযোগ	28
ক্ষমার	27
আওয়াজের	27
বিপরীতে	27
ছিনতাই	27
দাঁড়ানো	27
ইউরোপ	27
আড়াল	27
এধরনের	27
অনুগত	27
পারেননি	27
গুলিয়ে	27
নিচ্ছেন	27
পড়ত	27
৫০০০	27
এতকিছু	27
শত্রুতা	27
যেতেও	27
লিখবে	27
পশ্চিমের	27
কিলাই	27
মুড	27
গর্বের	27
মেক্সিকান	27
যুদ্ধক্ষেত্র	27
কেই	27
ছোটখাট	27
মানুষগুলো	27
কইরো	27
সেইটা	27
টিভির	27
হইতে	27
দেখুক	27
প্রতিবার	27
অন্তর্ভুক্ত	27
নিবি	27
সতেজ	27
ইতালিয়ান	27
ম্যাট	27
প্যাটার্ন	27
মেশিনে	27
ধুলা	27
লাগবো	27
ফাটাফাটি	27
প্রতিবেদন	27
গুপ্তধন	27
দামে	27
গোল্ড	27
টানে	27
তৃতীয়	27
বেডরুমে	27
মলি	27
হওনি	27
বাড়ানো	27
মনিকা	27
বাঁচিয়েছ	27
জ্যাকের	27
রেল	27
উঠছি	27
সর্বশক্তিমান	27
রহস্যের	27
ইন্ডি	27
স্টাইলে	27
ট্রান্সমিটার	27
সফলতার	27
দুঃসংবাদ	27
সেলে	27
বদলা	27
পড়ব	27
চলবেনা	27
ময়লার	27
দাঁতের	27
আসছেনা	27
খুলব	27
কোষ	27
ফর্মুলা	27
থিওরি	27
সিন	27
অন্যকারো	27
একদিনের	27
প্রোজেক্ট	27
ঝেড়ে	27
সাক্ষাতের	27
গন্ধটা	27
ল্যাটিন	27
কয়েন	27
বলিনা	27
দেউলিয়া	27
ভাগ্যবতী	27
এমনিতে	27
অ্যাম	27
শ্যাম	27
সবগুলোই	27
সেলফি	27
কিনবো	27
কেবলই	27
ময়না	27
রেকর্ডিং	27
রেজাল্ট	27
বেসামরিক	27
সিপাহী	27
ডেল্টা	27
অভিযানের	27
উত্তেজনা	27
সেন্টার	27
থাপ্পড়	27
ছাড়ুন	27
বেড়াবে	27
প্রয়োজনে	27
টায়ার	27
অনার	27
পরদিন	27
প্রত্যাবর্তন	27
ধুরো	27
দাঁড়াও	27
মাঠের	27
দুনিয়া	27
বামনদের	27
সৈন্যবাহিনী	27
নিশ্চিহ্ন	27
সেতু	27
বোঝাও	27
হলি	27
অহংকার	27
ডোর	27
৭২	27
চাপে	27
নিয়মে	27
পালাবে	27
দাবা	27
পেশাব	27
নারীদের	27
তথ্যের	27
জমিয়ে	27
আবিষ্কারের	27
উপকূল	27
স্টর্ম	27
বিগত	27
খুনির	27
সেপ্টেম্বর	27
সংগঠন	27
পটারের	27
কমন	27
মাগল	27
শিখেছ	27
সময়কে	27
কালে	27
মাফিয়া	27
হাফেজ	27
অপরাধীর	27
রেখেই	27
প্রাইস	27
চাবির	27
ওইদিকে	27
এইটার	27
ফাঁকি	27
বাচার	27
পরিকল্পনায়	27
কাদা	27
কফির	27
ভাঙার	27
মানিয়েছে	27
ম্যাল	27
গির্জা	27
মগজ	27
গুলোকে	27
ডাল	27
জঞ্জাল	27
নিয়ো	27
অবিবাহিত	27
আলগা	27
দয়ার	27
মাইক্রফট	27
শুষ্ক	27
পড়ুক	27
অসাম	27
৫টা	27
চোলা	27
মেয়েরা	27
বুইড়া	27
একদা	27
বেচেঁ	27
যাবোনা	27
বলাবলি	27
জুড়ে	27
নেতাদের	27
টানেল	27
সূচনা	27
ফায়ার	27
জৈব	27
আরোহণ	27
এরমধ্যে	27
ভ্রমণে	27
ছেঁড়ে	27
মুনাফা	27
মরি	27
কাটছে	27
চড়া	27
ফরেনসিক	27
হাততালি	27
গরিব	27
জেরি	27
সিস্টার	27
চাকার	27
তারিফ	27
জার্মানি	27
জলহস্তী	27
কং	27
গর্ধব	27
বলুক	27
ব্যাটম্যানের	27
স্যুটের	27
ভালা	27
হারিয়েছেন	27
একদিকে	27
এগুলো	27
ধাতুর	27
বিশ্ববিদ্যালয়	27
নিয়ম	27
স্কার	27
সিডনি	27
একেকটা	27
মুম্বাই	27
ফাইলে	27
মঞ্জুর	27
বাক	27
প্যারাসুট	27
ক্লিমেন্স	27
আইজ্যাক	27
হায়দ্রাবাদ	27
সেলফোন	27
ক্লাঙ্ক	27
ইঁদুরটা	27
রিখটার	27
এনগেজমেন্ট	27
ডুবি	27
ফরাসি	27
শেখর	27
ক্লেয়ার	27
আর্ক	27
ফ্যারিস	27
শাইরন	27
কোর্লেয়নে	27
ম্যালকম	27
তপস্বী	27
ডাঙ্কা	27
আ্যমন	27
আইলা	27
হান্ট	27
ইভি	27
ব্লাহ	27
পার্সিয়াস	27
মুন্নিকে	27
দুঃখটা	27
বেসবল	26
রয়েছি	26
তুলবো	26
বুঝাচ্ছি	26
জেরা	26
এপার্টমেন্ট	26
থাকতেন	26
চিনিনা	26
ডাকছি	26
সাজাতে	26
কিসব	26
ব্যাপারটার	26
বলের	26
চান্দু	26
কোর্টের	26
হোমওয়ার্ক	26
বর্ডারের	26
কোরিয়ান	26
ওটাও	26
প্রতিহিংসা	26
অফিসারকে	26
জড়াতে	26
বটেই	26
বুট	26
ব্যপারটা	26
খাড়া	26
বাছাধন	26
ফোর্ড	26
পুরে	26
ডাক্তারকে	26
শাহাজাদি	26
কবি	26
ফাজলামো	26
ইটালিয়ান	26
মালামাল	26
ছাতা	26
চাইতেও	26
যতবার	26
ফুটে	26
লক্ষ্মী	26
রেখেছিলে	26
কানুন	26
জার্মানদের	26
অভিনেত্রী	26
হীরা	26
তলিয়ে	26
ভিড়ের	26
দিনকে	26
মণি	26
আপনাকেই	26
ফাটল	26
লোহা	26
মরুভূমিতে	26
মিশরের	26
আরব	26
কদম	26
অজ্ঞাত	26
দেখছিনা	26
অগণিত	26
অতোটা	26
ডগ	26
প্যাকেজ	26
সূর্যাস্তের	26
বাঁয়ে	26
ঘুমাই	26
স্ব	26
ডিউটি	26
মার্থা	26
ব্যাপারেও	26
রুপে	26
দুজনেরই	26
বিশ্বাসে	26
পথটা	26
সংক্ষেপে	26
ঢোকো	26
আদিম	26
শীর্ষ	26
সময়টাতে	26
পক্ষের	26
অব্যাহতি	26
চওড়া	26
গালে	26
পে	26
ডাকার	26
হতোনা	26
মধ্যকার	26
পৃষ্ঠায়	26
অপদার্থ	26
বেআইনি	26
অনুমতির	26
৪৭	26
খবরদার	26
রক্তপাত	26
আংটির	26
হবিট	26
শয়তান	26
হয়েছি	26
নাচে	26
সীমানার	26
দাঁড়ান	26
ভাষায়	26
তুলছে	26
বালিন	26
দিসে	26
হইলে	26
মহোদয়গণ	26
হারালে	26
অগ্রাধিকার	26
দুইজনকে	26
টেকনিক	26
গতির	26
ওয়েট	26
তলার	26
খানা	26
কাগজের	26
বৈশিষ্ট্য	26
কুকুরটা	26
বছরেরও	26
এও	26
টমের	26
বিলুপ্ত	26
গ্র্যান্ট	26
নামেই	26
এইগুলি	26
গোত্র	26
ঘোরাঘুরি	26
আসছিলো	26
ভাংতে	26
পেঁচা	26
মার্লিন	26
শিক্ষার্থীদের	26
ছাত্রী	26
নিদর্শন	26
গুটিয়ে	26
পেরেক	26
ইদানিং	26
ড্রাগস	26
কান্ড	26
কিনব	26
ভালবেসে	26
ফোটা	26
আলবার্ট	26
কাটে	26
খেয়েছিল	26
নির্বাচনের	26
জ্যাকসন	26
হেডিস	26
নয়ই	26
কয়েদি	26
আত্মাদের	26
ক্ষমতায়	26
কোডটা	26
বিদেশে	26
চেয়েছেন	26
বোঝেন	26
সহচর	26
দুর্বৃত্ত	26
গ্যারেজে	26
গাজর	26
বৃত্ত	26
ওয়েস্ট	26
বেরুতে	26
পড়াশুনা	26
কলমের	26
ফ্যাক্টরির	26
সরুন	26
মস্কো	26
মুভিটি	26
তালে	26
টাকাপয়সা	26
পাগলী	26
পশ্চিমা	26
শূকর	26
থাবা	26
কৃষকদের	26
এমনটি	26
অবিচার	26
চেষ্টাই	26
বিধ্বংসী	26
জেলখানায়	26
মেয়াদ	26
শিকল	26
ধ্বনি	26
সর্বদাই	26
অ্যাম্বুলেন্স	26
আহসান	26
উপজাতি	26
সিনেমায়	26
কুইডিচ	26
গ্রেঞ্জার	26
ভবনের	26
টামনাস	26
আদম	26
মিটে	26
শিপে	26
পর্যবেক্ষন	26
লোকরা	26
মোটোর	26
পালের	26
কাভার	26
জ্বালানী	26
জর্ডানের	26
কেয়ার	26
গোলক	26
কিংকি	26
মন্ত্রীর	26
মাদারচো	26
পূর্ন	26
ফুঁ	26
ইজাবেল	26
জপমালা	26
অ্যাডামস	26
রাস্তাটা	26
হারুন	26
কুফুরি	26
ডাউনলোড	26
ঝাঁপ	26
স্পন্দন	26
উপনিবেশ	26
উৎসবের	26
ক্লিনার	26
জুবি	26
রিক	26
কোহলি	26
বিক্রম	26
এনিগমা	26
আমম	26
শি	26
সিদ্ধার্থের	26
গ্রূট	26
পীচ	26
ডিস্ট্রিক্ট	26
মিক	26
রাজমাতা	26
ড্রাক	26
ওয়াজদা	26
মুন্নির	26
প্রযোজ্য	25
রায়	25
এসি	25
মামলাটা	25
পপ	25
নির্মাতা	25
পরপরই	25
খেলছি	25
আদায়	25
দিনকাল	25
ঘরেই	25
ফুটো	25
বুঝিস	25
ফেঁসে	25
ইহুদীদের	25
ইহুদীর	25
নিয়েছিস	25
নেতার	25
আসাটা	25
গোল্লায়	25
সিগারেটের	25
বিপ	25
ব্রেকিং	25
অনুপ্রবেশ	25
আনলে	25
আমদেদ	25
কাজও	25
হাবিজাবি	25
হাঁস	25
করুণ	25
নামাতে	25
ঘাড়	25
বীমা	25
বাড়াতে	25
গ্রুপে	25
আঁকতে	25
সাপের	25
পালক	25
আলোতে	25
ভাষার	25
ডুবিয়ে	25
বার্লিনে	25
নিভে	25
নয়টা	25
শেষটা	25
খুঁজেছি	25
ইয়ার্ড	25
দাড়ি	25
গাই	25
বাঁচিয়েছেন	25
তরল	25
মার্লা	25
চ্যাম্পিয়ন	25
চক্র	25
উভয়	25
এতসব	25
লাফিয়ে	25
বলিদান	25
পরিচিতি	25
উপরই	25
ডাকলে	25
সীমার	25
লিফটের	25
টীম	25
অবিশ্বাস	25
ওরাকল	25
শিপের	25
জায়গাটাকে	25
ফ্ল্যাট	25
ততটাই	25
চললে	25
ফ্যাশন	25
অনলাইনে	25
ইডিয়ট	25
সোর্স	25
ম্যাডামের	25
প্রমিজ	25
শৃঙ্খলা	25
প্রফেশনাল	25
চারিদিক	25
ইরাক	25
ফেলবি	25
বদলানোর	25
সবটুকু	25
শে	25
মার্কেটে	25
বাহিনীকে	25
মৃত্যুই	25
অস্ত্রগুলো	25
প্রতারিত	25
আর্থ	25
কাবু	25
শক্তিমান	25
জমিতে	25
জাদুকরের	25
মিনার	25
কাটাবো	25
নতুবা	25
পাল্টায়	25
এবারের	25
নির্মম	25
মাঝামাঝি	25
নিন্দা	25
গাওয়া	25
হতচ্ছাড়া	25
ভবনে	25
আধ	25
এলিয়েন	25
পৌঁছেছে	25
পাঁচটি	25
স্বয়ং	25
হাট	25
মহাশয়	25
বিজ্ঞানীরা	25
প্রস্রাব	25
মেমার	25
ওরাই	25
ঠাক	25
ছাত্রদের	25
চিঠিতে	25
ছেলেও	25
বরঞ্চ	25
দেননি	25
হগওয়ার্টসের	25
ডাইনীর	25
অপেক্ষার	25
মরতেই	25
অতিবাহিত	25
আসছিলাম	25
ধরবেন	25
কিংবদন্তী	25
ঘটুক	25
বিপ্লব	25
মারছি	25
জানুক	25
ডাটা	25
থামাই	25
পরবো	25
যোদ্ধাদের	25
দেবদূত	25
ব্যাঙ্কের	25
কোনোদিন	25
ইংল্যান্ডে	25
জেইড	25
কৌশলটা	25
স্তরে	25
দেখিয়েছো	25
ইনফরমেশন	25
মরিয়া	25
হুমমম	25
অ্যালার্ম	25
মনোরম	25
ডিএনএ	25
নববর্ষ	25
ডু	25
ফ্যাক্টরিতে	25
স্বীকারোক্তি	25
জ্বালাও	25
ততক্ষন	25
শয়তানদের	25
রেবেকা	25
শুঁকে	25
ছানা	25
ডেপুটি	25
পার্থক্যটা	25
ফেলছ	25
অনুরোধে	25
জেন্টেলম্যান	25
স্ট্রিটে	25
এক্সেল	25
কোয়ান্টাম	25
ন্যাশনাল	25
সায়কভ	25
কবরে	25
আগ্নেয়াস্ত্র	25
কোরআন	25
ফেডারেল	25
মাইলের	25
জাদুমন্ত্র	25
বসন্তের	25
শাখা	25
লেকচার	25
বাব	25
বুলেটপ্রুফ	25
ডেটা	25
প্রশিক্ষন	25
স্বাদের	25
জিমির	25
পরিধান	25
গার্ল	25
ধার্মিক	25
বিকিরণ	25
উপার্জন	25
দৈনন্দিন	25
মার্গারেট	25
রানা	25
হাতকড়া	25
জেতা	25
ভেজাল	25
ভন্ড	25
হুক	25
মার্চ	25
মেম	25
কইতাছি	25
সড়ে	25
অ্যাবি	25
এক্কেরে	25
অাগে	25
কুয়েতী	25
অশোক	25
হায়তি	25
কিথ	25
সোহেল	25
গ্র্যাডি	25
থামিসটিক্লিস	25
গুণ্ডা	25
যমুনা	25
০০৭	25
অফেলিয়া	25
গ্রেনোলি	25
ভবানী	25
কাটিয়া	25
উঠলাম	24
ওভাবেই	24
খারাপভাবে	24
শব্দও	24
পড়তাম	24
রসিকতা	24
সংগ্রহের	24
বিজ্ঞাপন	24
হাসাহাসি	24
বদলাবে	24
প্রিন্সিপাল	24
আসায়	24
তিক্ত	24
অগ্রাহ্য	24
ফিরব	24
কিলার	24
নিশ্চিন্তে	24
পুরন	24
দপ্তর	24
চর্বি	24
চমকপ্রদ	24
মাকড়সা	24
লেখাপড়া	24
হুইল	24
ক্যাবল	24
১০১	24
মনেকর	24
শিপ	24
হৈচৈ	24
পোশাকের	24
রোগে	24
উপহারের	24
পড়েনি	24
বোর্ডের	24
ভিড়	24
বান্দা	24
কাঁদবে	24
ইন্টেলিজেন্স	24
দুশমন	24
ইতি	24
বলির	24
অনৈতিক	24
গলি	24
গ্লাসের	24
মার্কার	24
মনোবল	24
ক্রিম	24
ক্র্যাশ	24
সেফটি	24
জব	24
রেস্তোরাঁর	24
কেনই	24
ওখানের	24
কমসে	24
ক্যান্সারের	24
পরিবহন	24
যাত্রার	24
পরিচ্ছন্ন	24
বানাচ্ছ	24
হিন্দি	24
সফটওয়্যার	24
খোলাখুলি	24
শতাব্দীর	24
বায়ো	24
রোমাঞ্চকর	24
সমস্যাই	24
কোডের	24
খাচ্ছ	24
ভাঙ্গতে	24
হেলেনা	24
একবারের	24
বাঁধতে	24
পারবিনা	24
উপহাস	24
বাথরুমের	24
বিরক্তি	24
মানাবে	24
বুঝছো	24
কোমায়	24
পিশাচ	24
খালাস	24
ব্রাদার	24
বাজিতে	24
এবারই	24
নির্দেশে	24
করস	24
অবিনশ্বর	24
প্রস্থান	24
ছাড়াই	24
ওতে	24
এতোদিন	24
ওল্ড	24
সম্পদের	24
কোয়ার্টার	24
আটটা	24
যমজ	24
গার্ডের	24
ফাকা	24
তোয়ালে	24
লাগিয়েছি	24
ব্যার্থ	24
দিচ্ছিলাম	24
বান	24
দেখাবেন	24
দুইদিন	24
অভ্যন্তরীণ	24
পরিয়ে	24
বিষয়ের	24
কার্লো	24
প্রবল	24
বিচ্ছেদ	24
ব্যাটারী	24
সৈন্যদল	24
তিনদিন	24
দিনও	24
রাজধানীর	24
তিনজনকে	24
জাত	24
নাগরিকদের	24
ভুলটা	24
ফিসফিস	24
প্রাইম	24
ব্যাপারেই	24
ডিপার্টমেন্টে	24
সংস্কৃতি	24
ফাঁসিতে	24
একাধিক	24
বাইবেলের	24
বুঝায়	24
প্রজাপতি	24
গ্রেড	24
আইনস্টাইন	24
টিকবে	24
সমালোচনা	24
ইজি	24
রেস্টুরেন্ট	24
সরান	24
একাউন্টে	24
স্টেশনের	24
শত্রুকে	24
৬টা	24
পালিয়ে	24
অগ্রগতি	24
ঠেকাতে	24
আসক্ত	24
হাইড্রা	24
বৈঠা	24
দিচ্ছিলো	24
মুখ্য	24
ঘুমানো	24
কাণ্ড	24
কর্মীদের	24
যুক্তরাষ্ট্র	24
অনুভূতিটা	24
ওষুধটা	24
জেরেমি	24
সারি	24
বেপরোয়া	24
বার্ট	24
এতোই	24
লক্ষন	24
ডেটে	24
মিলোস	24
রক্ষাকর্তা	24
ইন্ডিয়ান	24
খাইতে	24
ঊর্ধ্বশ্বাস	24
প্রেরণ	24
মেমরি	24
বায়ু	24
সাবমেরিন	24
মনস্টার	24
কুকুরছানা	24
রিসেট	24
দুষ্টুমি	24
ম্যাপে	24
ফাঁসি	24
বেড়েছে	24
গুডবাই	24
শুনছিস	24
হাগু	24
গ্রামবাসী	24
ফেলেছিলে	24
বাণিজ্য	24
মুসলমান	24
বানিয়েছিল	24
যতগুলো	24
চাবায়	24
দেরিতে	24
নৃত্য	24
প্রস্ততি	24
ট্র্যাফিক	24
দশা	24
জুলিয়ান	24
যাদুর	24
গতকালের	24
পাঞ্চ	24
এক্সও	24
প্যাক্স	24
হেলস	24
ভী	24
স্পেল্মেন	24
দায়ীত্ব	24
থ্যাংকস	24
ফরাসী	24
শিখাও	24
অভিজাত	24
কুকুরকে	24
মুঠোয়	24
ব্যারেল	24
লিঙ্ক	24
অক্ষম	24
ইংরেজ	24
ক্রে	24
নেপোলিয়ন	24
কমিটির	24
নোয়া	24
বইছে	24
আটকিয়ে	24
বাঁচিয়েছি	24
গাজ্জা	24
রিসিভ	24
কৃতিত্ব	24
দিনটি	24
সার্ভার	24
থান্ক	24
সমন্ধে	24
নামুন	24
গ্রিনি	24
লিও	24
পুড়িয়ে	24
ঘোঁৎ	24
পরমাণু	24
কওলাস্কি	24
এলিজা	24
আদুরে	24
ডেন্টের	24
টেলমারিন	24
জাম্প	24
ফুফি	24
বেলার	24
মুভ	24
ইক্রান	24
মাক্তো	24
নান্দু	24
আনুকে	24
সুলিভান	24
পেগি	24
বার্ন্সকে	24
আঁহ	24
পান্ডা	24
বানাইছে	24
ইউস্টেস	24
মোর্স	24
এডমন্ডসের	24
ওগো	24
ফ্র্যাঙ্কি	24
নিসা	24
ল্যান্ডন	24
গ্রিফিন্ডর	24
লোক	24
বড়দিন	24
প্রয়োজন	24
বাগিন্স	24
মহেশ্মতির	24
শিবগামী	24
ভেদালাম	24
বসবো	23
বিব্রত	23
বাড়ীতে	23
গ্যারেজের	23
কয়েকটি	23
মানসিকভাবে	23
পত্রিকার	23
করবই	23
নভেম্বর	23
দেখেছিলেন	23
জেনেই	23
মামলায়	23
আমেরিকানরা	23
রেখেছিস	23
সঞ্চয়	23
রুখে	23
প্রতিফলন	23
ওয়াস্তে	23
১২০	23
যেটায়	23
নিজেরে	23
ভাবিস	23
একঘেয়ে	23
তাকাতে	23
ঘটা	23
দুর্দশা	23
বুঝ	23
ছিন্ন	23
রাকিব	23
সিক্স	23
বৃহস্পতিবার	23
বছরেও	23
নগ্ন	23
বুদ্ধিমত্তা	23
পেট্রোল	23
শনাক্ত	23
পূর্বেই	23
জিনিসটি	23
জানতেও	23
শিখেছিলাম	23
বংশ	23
তৎক্ষণাৎ	23
একটুর	23
উপাধি	23
পাঠিয়েছিল	23
ভুলবো	23
সূক্ষ্ম	23
মিডিয়ার	23
শিশুরা	23
সৃষ্টিকর্তার	23
অনুসন্ধানে	23
জার্মানরা	23
ভালবাসত	23
মরুভূমি	23
লিংক	23
পাঠা	23
কাউবয়	23
বাঁশি	23
জিনিসপাতি	23
নেক্সট	23
জাপান	23
পাপি	23
গিয়েই	23
ক্যাচ	23
বিল্ডিংয়ের	23
মৃত্যুবরণ	23
আকর্ষণীয়	23
ড্রিঙ্কস	23
বাড়ানোর	23
ইমেইল	23
স্প্রে	23
থাকল	23
সবদিক	23
ট্রেস	23
ধুস	23
নিঃশেষ	23
হেলিকপ্টারের	23
জানিই	23
চিঠির	23
উপকারে	23
এনেছিলাম	23
ক্রিমিনাল	23
শাট	23
মিটিংয়ে	23
সাধ্য	23
হেলো	23
নিজেরই	23
কিলো	23
নেলসন	23
ভাগে	23
এনেছিস	23
হয়েছিলো	23
চেয়েও	23
জেলখানা	23
বেরি	23
ক্লায়েন্ট	23
পৌছায়	23
গ্রিড	23
খাঁচার	23
আজিব	23
উঠাতে	23
বিচলিত	23
ভাইসব	23
আবদুল্লাহ	23
ওজনের	23
বোনেরা	23
রয়েছেন	23
টাকাও	23
নিকুচি	23
কেওই	23
কয়েকদিনের	23
আহাম্মক	23
ভাবেন	23
চেষ্টায়	23
ভলডেমর্টের	23
অধিকারী	23
ডিমেন্টর	23
সহিত	23
বসেছিল	23
ধরেছেন	23
আভাস	23
কাটাও	23
মিথ্যার	23
চিন	23
হয়েছেটা	23
কার্যকরী	23
বিষয়গুলো	23
শিখিয়েছেন	23
বিকেল	23
সংস্করণ	23
সহিষ্ণুতা	23
আসনে	23
ইনু	23
কাধে	23
শীতের	23
সবজায়গায়	23
পাবলো	23
লোকগুলোকে	23
ওগুলোকে	23
আছো	23
পোশাকটা	23
লোকদেরকে	23
খাবারে	23
বেবী	23
সরকারকে	23
থার্ড	23
সেইসব	23
অন্যথায়	23
জোড়	23
যোগসূত্র	23
বিক্রয়	23
শকুন	23
অসন্তুষ্ট	23
রোপণ	23
উদ্ধারের	23
খালা	23
সুপ্রভাত	23
রিয়েল	23
পয়সাও	23
কালকেই	23
ব্যাটার	23
মরিয়ার্টি	23
হতভাগা	23
উন্মোচন	23
ক্যাং	23
বশে	23
চুং	23
অনুবাদেঃ	23
শাওন	23
ধংস	23
কা	23
য়ের	23
ক্যামেরাম্যান	23
সেটের	23
আব্বার	23
ডিমের	23
অনুপ্রেরণা	23
ইচ্ছাকৃতভাবে	23
মুহূর্তেই	23
পেমেন্ট	23
সিকার	23
অপমানিত	23
মেয়েই	23
ওইদিন	23
ভীতুর	23
ধারন	23
টিমকে	23
রহম	23
আফগানিস্তানে	23
তাকানো	23
স্টক	23
পোর্টাল	23
চরিত্রের	23
হানা	23
টাইবেরিয়াস	23
যাহাই	23
লড়ো	23
কমছে	23
মোরা	23
নির্ণয়	23
আসোনি	23
সেনানী	23
দ্বন্দ্ব	23
রুমাল	23
মঞ্চ	23
গ্রিফিন্ডরের	23
ইভান	23
থ	23
খুঁজব	23
কিছুতো	23
মাননীয়া	23
পালাবার	23
ইয়াং	23
বাদুর	23
বৃহৎ	23
আমগো	23
থেইকা	23
আবু	23
লরেন্স	23
গাড়ির	23
লিভার	23
শিস	23
আগামীতে	23
একদিনে	23
মেক্সিকো	23
নালা	23
উপলক্ষে	23
চমত্কার	23
কলোনি	23
হার্টবিট	23
বেদনা	23
আমস্টারডাম	23
কিংস	23
বুজতে	23
উদযাপনের	23
থর	23
ভাইসাব	23
গাড়ীর	23
সততার	23
বস্তুর	23
লিফম্যান	23
অও	23
ভিখারি	23
হসপিটাল	23
সমানভাবে	23
কবজা	23
আইপিএস	23
গম	23
সাইবার	23
জিম্মায়	23
শক্তিতে	23
তৃষ্ণার্ত	23
বেলাঃ	23
বজ্রপাত	23
ল্যাংডন	23
ক্যামেরায়	23
পথিক	23
ব্যারো	23
১৬ই	23
প্রত্যেকেরই	23
কাই	23
ডেডপুল	23
ডেডশট	23
বিয়ের	23
ভারতীয়	23
ডোনি	23
কমিক	23
হোরাস	23
ডেসমন্ড	23
পেরমুল	23
শিবের	23
খাত্তাবের	23
মাসি	23
খালিসি	23
গুডউইন	23
পোলার্ড	23
কাঞ্চন	23
বিবরণ	22
শুরুতেই	22
বুঝানোর	22
ঘুরবে	22
বিন্দুমাত্র	22
যন্ত্রনা	22
সত্যকে	22
পড়েন	22
ঘৃণ্য	22
স্কোর	22
হারাচ্ছি	22
লজ্জায়	22
বনাম	22
চিপায়	22
বালছাল	22
বিন	22
প্রেমিকাকে	22
ভদ্রতা	22
ক্রাশ	22
পাকিয়ে	22
জোক	22
দিবা	22
অনুশোচনা	22
প্রদত্ত	22
ছাল	22
জোনস	22
সেরাটা	22
আঘাতে	22
জিনিসে	22
সেক্ষেত্রে	22
পাঠালো	22
আমরাতো	22
খাটিয়ে	22
খেলবো	22
ডেকের	22
পোষণ	22
ভেন	22
বিনোদনের	22
সমাজে	22
থুথু	22
উনারা	22
স্মৃতিগুলো	22
বাঁধো	22
গ্রাম্য	22
বারান্দা	22
যথাসাধ্য	22
বোঝ	22
জানাচ্ছে	22
টেম্পল	22
সেটাতে	22
অমূল্য	22
শরবত	22
বদনাম	22
মুরগীর	22
সুসংবাদ	22
থেকেছি	22
দেখত	22
লিফটে	22
রাখাই	22
হইল	22
ইয়েন	22
তাকালে	22
বৃত্তের	22
ব্যর্থতার	22
একইরকম	22
টেলিভিশন	22
রিলে	22
ফুলে	22
খোজা	22
সীমাবদ্ধ	22
উহ্	22
ছন্দ	22
জামাকাপড়	22
থেক	22
এয়ারলাইন	22
কথোপকথন	22
মোক্ষম	22
লেট	22
ঝাড়ু	22
কাজটাই	22
ট্যাপ	22
ম্যাট্রিক্সের	22
দেবেনা	22
প্রতিষেধক	22
টেক্সট	22
আরেহ	22
জোকস	22
উঠবো	22
১টা	22
জিতলে	22
জানামতে	22
প্রিন্ট	22
তাড়াহুড়ো	22
ব্যবস্থার	22
বিমানবন্দর	22
সপ্তাহেই	22
ব্যক্তিকে	22
সা	22
উপদেষ্টা	22
অবহেলা	22
ঢুকাতে	22
দায়ভার	22
কাঁচা	22
তীক্ষ্ণ	22
রাজকীয়	22
খনন	22
শিখার	22
বড়সড়	22
ওগুলা	22
ছাড়ে	22
ডাকব	22
মরুভূমির	22
পালটে	22
মাস্টারের	22
ভুতের	22
আত্মবিশ্বাস	22
সরানোর	22
অধীর	22
ঝড়ে	22
লেবু	22
ওনারা	22
তালিকায়	22
সুলতান	22
আধটু	22
আশ্চর্যের	22
ঢালু	22
জনাবা	22
এক্সপেক্টো	22
ভার্নন	22
কাঁদে	22
ডেথ	22
মিলেছে	22
বিস্তৃত	22
৯০০	22
সৌভাগ্যবশত	22
বিশিষ্ট	22
ভঙ্গি	22
যীশুর	22
নিছক	22
সায়েন্স	22
ইচ্ছেমত	22
কুল	22
স্মৃতিতে	22
বিষের	22
৪টা	22
ঝুঁকিতে	22
দৃষ্টির	22
ডিলান	22
সমকক্ষ	22
আবেগের	22
জেনেও	22
মল	22
বিনোদন	22
ছু	22
বাক্সটা	22
ঢিলা	22
গোছগাছ	22
ডাবলিন	22
৫ম	22
স্বস্তি	22
মানচিত্রের	22
ক্লোজ	22
মাঝরাতে	22
চৌদ্দ	22
ক্ষেপে	22
কৌতূহল	22
চেয়েছো	22
ধর্ষণের	22
পরিক্ষা	22
মনেই	22
ছেড়েছে	22
হেল	22
আদেশে	22
৪র্থ	22
দেখিয়েছেন	22
ধইরা	22
হাসিখুশি	22
স্নেহ	22
পাজি	22
পিচ্ছি	22
আহহ	22
হিরোর	22
হারে	22
জেনেটিক	22
জানোয়ারের	22
মারাত্নক	22
ব্যাক্তির	22
লড়াকু	22
কাটাবে	22
আলোচনার	22
মালটা	22
তাকাই	22
তেরেসা	22
আলাদাভাবে	22
জাঁ	22
দৈনিক	22
জায়গাটি	22
রেইনল্ড	22
কচ্ছপ	22
বোমার	22
নাস্তার	22
কলিজা	22
সেলিম	22
মাশাআল্লাহ	22
হার্ব	22
সন্ত্রস্ত	22
শাপ	22
জীবনটাই	22
ভীষন	22
দৌড়ানোর	22
বেক	22
গোথামে	22
করুনা	22
টমির	22
দক্ষিনে	22
কোনদিনও	22
চইলা	22
কুমারী	22
ওয়াং	22
দুর্নীতি	22
সিলভার	22
লেক্স	22
ত্রিমাত্রিক	22
কোর	22
আগমনের	22
অভ্যুত্থান	22
মাইক্রো	22
সোডা	22
হুয়ান	22
অ্যামের	22
গতিপথ	22
বাসি	22
মিথিলা	22
কয়দিন	22
কিইবা	22
একভাবে	22
বাঁচি	22
টাক	22
কাহিনীর	22
কার্তিক	22
মোবাইলে	22
মোবাইলের	22
তোদেরকে	22
ঝুলন্ত	22
ফিন	22
মেরেছেন	22
গড়াগড়ি	22
অপশন	22
গ্রাউন্ড	22
এছাড়াও	22
ক্লারিস	22
স্ক্যানার	22
মিয়ার	22
ফান্ড	22
বাঁচবো	22
ভালোবাসতাম	22
শেকড়	22
জিন্দা	22
লেকের	22
পরিকল্পনাটা	22
চাইলেন	22
ভূলে	22
ইসরা	22
গাড়ীতে	22
মডিউল	22
আত্তা	22
সোনামনি	22
ময়দানে	22
হায়দ্রাবাদে	22
থ্যাঙ্কিউ	22
প্রোব	22
ধ্বংশ	22
স্টেজ	22
শেখাবে	22
শাসকের	22
স্যর	22
কনে	22
রাইডার	22
পল্লম	22
ভানুর	22
অ্যান্ট	22
ব্যানার	22
ভিসন	22
আহমেদ	22
দিগন্ত	22
দৌঁড়াও	22
কুট্টা	22
রাজেন্দার	22
জমিটা	22
আইলিন	22
ডোরিয়া	22
দানিয়েল	22
প্রেস্টন	22
বেয়ার	22
আর্কটা	22
কোবা	22
ডমকে	22
কেন্টন	22
জাফরান	22
গার্ডনার	22
আর্চার	22
অ্যালেক্সেই	22
গর্গ	22
আরলো	22
নিকারসন	22
মহামন্ত্রী	22
চুইংগাম	21
ভেবেছিলেন	21
দালাল	21
শুরুটা	21
চেনার	21
পণ্য	21
ভীতিকর	21
ইতিবাচক	21
মাঝারি	21
তুলুন	21
আগামি	21
শোবার	21
ফাঁসির	21
একজনও	21
ইংলিশে	21
শালায়	21
দোকানটা	21
বেশিরভাগই	21
কুন	21
বাস্কেটবল	21
ইন্টারনেটের	21
ফায়দা	21
নির্ঘাত	21
মিটমাট	21
কাউরে	21
ধরল	21
বুঝেছিলাম	21
লেজার	21
খুলবো	21
গাড়িটি	21
টিস্যু	21
রাবার	21
আসামীকে	21
একধরণের	21
হাঁদারাম	21
রমণী	21
একখান	21
লিখ	21
লিখুন	21
মেখে	21
জিতেছ	21
চিজ	21
শয়তানটা	21
নানু	21
ভাবনার	21
বৃষ্টিতে	21
অভ্যর্থনা	21
আমেরিকাতে	21
পিস্তলের	21
আইস	21
অগ্রহণযোগ্য	21
বিহীন	21
অপ্রয়োজনীয়	21
অন্যটা	21
নৌকাতে	21
দৃষ্টান্ত	21
সমঝোতা	21
রক্তাক্ত	21
নিলেন	21
উড়াও	21
আকারের	21
কিচ্ছুনা	21
ঢুকাও	21
কাঁপছে	21
জলদস্যুদের	21
শুনব	21
মাশুল	21
বড়লোক	21
হাসছ	21
উঠি	21
নেশায়	21
চেয়েছ	21
ইনস্যুরেন্স	21
ভয়েস	21
পেরেছিল	21
যেগুলোর	21
ঘুর	21
ম্যাডামকে	21
বিরোধিতা	21
আনছে	21
সোশ্যাল	21
ফেলছো	21
ধরন	21
দেখছিলে	21
পালাই	21
যান্ত্রিক	21
চাচ্ছিলো	21
দিতেও	21
গাঁজা	21
কস্টিউম	21
ঢুকছি	21
দেখেছিলো	21
কৌশলে	21
মুডে	21
সতর্কতার	21
সিউর	21
ছাড়ছি	21
ফোর্সের	21
চপার	21
রশ্মি	21
ধরেছো	21
একার	21
শ্বেত	21
চোখটা	21
অনেকটাই	21
কাউন্সিলের	21
সাম্রাজ্য	21
ঝুঁকিপূর্ণ	21
মাপের	21
ভেবেছেন	21
নজরদারির	21
জনেই	21
পোর্ট	21
দুইটাই	21
দেখাচ্ছিল	21
ভল্টে	21
নাচবো	21
কত্ত	21
হাঙ্গামা	21
ড্রাইভারের	21
বগ	21
থালা	21
বোরিং	21
হারবে	21
বহিস্কার	21
ঘুমাবো	21
শোনাবে	21
কিছুকে	21
ভুলগুলো	21
কার্বি	21
ট্রাকটা	21
ওটাতো	21
উদ্বেগ	21
ভোগে	21
ড্রাম	21
খাওয়ানোর	21
মেরেছিলাম	21
সুতা	21
শুনানির	21
ডাম্বলডোরের	21
থামলে	21
ব্রেন	21
ম্যাকগোনাগল	21
শেখায়	21
নিবন্ধন	21
পর্যন্তও	21
পর্যায়ের	21
দাওয়া	21
সহকর্মীদের	21
গুড়িয়ে	21
কাহিনি	21
আততায়ী	21
একধরনের	21
শেখ	21
মহাবীর	21
টক	21
কর্মের	21
কালার	21
আপেক্ষিকতা	21
মেসেজটা	21
পিজ্জা	21
নারীকে	21
করো	21
পুলিশদের	21
ইউরি	21
ডেস্কের	21
টার্মিনাল	21
রিমা	21
আল্লাহকে	21
পানীয়	21
শেষকৃত্য	21
আলোক	21
নামছি	21
লোটাস	21
অ্যানি	21
দায়িত্বের	21
এড়াতে	21
গুলিটা	21
স্কটল্যান্ড	21
বাজেয়াপ্ত	21
দেয়না	21
খিদে	21
বাচ্চাদেরকে	21
ঘড়িতে	21
ভাগের	21
কথামত	21
অকর্মা	21
এক্সপার্ট	21
রাষ্ট্র	21
দাদীর	21
পরিষ্কারভাবে	21
মার্টিনি	21
নামান	21
ফসকে	21
ভেতরটা	21
রাউল	21
কান্নার	21
ওকেই	21
তথাকথিত	21
খুনিকে	21
হেফাজতে	21
পরীক্ষামূলক	21
আও	21
থাইকা	21
প্রবাহ	21
ধোন	21
উলঙ্গ	21
নির্বাসিত	21
রাস্তাই	21
সিঁড়িতে	21
লিওন	21
গেইম	21
সাধ্যমত	21
অস্বস্তি	21
রেস্টুরেন্টে	21
জিপিএস	21
অকে	21
নিয়ন্ত্রনে	21
নিয়ন্ত্রনের	21
বিরাজ	21
ভেবেছিস	21
প্রতিনিধি	21
জেরুজালেমের	21
তীরের	21
তবেই	21
প্রজাদের	21
ধরলাম	21
প্রথা	21
কাশি	21
ভাসিয়ে	21
চিড়িয়াখানায়	21
গোলকধাঁধায়	21
ব্যপার	21
থিয়েটার	21
সিভিল	21
আছিলো	21
কাটলো	21
ডিপার্টমেন্টের	21
মাইরি	21
৮০০	21
৩১	21
তোমায়	21
বিষয়টি	21
দায়ী	21
সেনেটর	21
নিষ্ক্রিয়	21
সেইন্ট	21
পাপ্পি	21
গ্রিম	21
চাবিকাঠি	21
স্পিড	21
জবাবদিহি	21
ব	21
মমমম	21
প্রকাশিত	21
কোলাকুলি	21
খুলেছে	21
ফেস	21
বেসে	21
আর্মিদের	21
গোয়েন্দাগিরি	21
বাঁকা	21
স্তব্ধ	21
আশ্বাস	21
টার্গেটে	21
গেইট	21
শিল্ড	21
ফ্র‍্যান্স	21
মস্ত	21
মহারাজের	21
সর্বপ্রথম	21
অঙ্কুর	21
কূজন	21
এক্সপ্লোরার	21
হ্যারা	21
তুলা	21
প্যাটস	21
ক্ষোভ	21
চিওলের	21
গোলাপের	21
ফ্রস্ট	21
ফেয়ারী	21
কারলেনকো	21
যাইবো	21
অর্থেই	21
ক্লিন্ট	21
পিয়ার্স	21
২০১	21
পিম	21
ড্যারেন	21
হায়ার	21
ওয়ালার	21
কনস্টেবল	21
ঘন্টাধ্বনি	21
ডয়েল	21
গারগ্যানচুয়ার	21
অনুবাদঃ	21
ম্যালি	21
গার্ডো	21
মিলা	21
রামেস	21
শিন্ডলারের	21
নয়েজি	21
কমরেড	21
ক্রিসঃ	21
জ্যান	21
ম্যাডি	21
মেভিস	21
ব্রিজার	21
জুয়েন্না	21
চীপটা	21
তাকায়	20
স্থানান্তরিত	20
সংস্কার	20
পালায়	20
আবর্জনার	20
ব্লেড	20
ছুরিকাঘাত	20
ঘাম	20
মহিলাটি	20
অ্যাপার্টমেন্ট	20
দাঁড়িয়েছে	20
মক্কেলের	20
সদর	20
নামছে	20
জ্বালাতন	20
ষাঁড়	20
নিজেরটা	20
ব্যাপারটি	20
পারল	20
মিলছে	20
মান্য	20
বিচ	20
দেইখা	20
লেখেন	20
খেলব	20
উন্নতির	20
মাম্মি	20
নিতো	20
ঠান্ডায়	20
চিরদিন	20
নিরপরাধ	20
পাইলাম	20
এপার্টমেন্টে	20
সাউন্ড	20
মনোমুগ্ধকর	20
নম্র	20
প্লাস্টিক	20
দুঃখী	20
এখনতো	20
খাইছি	20
মসলা	20
করাটাই	20
ইহুদি	20
জোয়ান	20
গোসলের	20
কাঠামো	20
ফেলেছিলেন	20
মুকুটের	20
লিবার্টি	20
অস্তিত্বই	20
রক্ষাকারী	20
পর্যন্তই	20
নবীর	20
রূপান্তর	20
ম্যারিয়ন	20
পদক	20
বেঈমান	20
শোকরিয়া	20
পাবনা	20
কার্গো	20
আস্তানা	20
পিছলে	20
শেভ	20
বুলস্	20
ভেবোনা	20
সঙ্গীদের	20
গ্যাংয়ের	20
প্লাস্টিকের	20
ভিলেনের	20
আড়াই	20
হুবহু	20
পার্সোনাল	20
মধ্যরাতে	20
ভাবত	20
সপ্তম	20
ফোর্ট	20
সামগ্রী	20
যেকেউ	20
ধমকি	20
প্রসাব	20
অভিযোগে	20
মোজা	20
সৈকত	20
ক্ষমতাবান	20
টার্গেটের	20
হ্যাকার	20
অনলাইন	20
প্ল্যান্ট	20
সভ্যতা	20
প্রত্যেকবার	20
ধাতব	20
বন্ধুবান্ধব	20
নানান	20
রূপসী	20
চললাম	20
ফিরলে	20
অনুমোদিত	20
মাত্রায়	20
মর্গে	20
বিরিয়ানি	20
অর্জনের	20
ফলের	20
ধারনার	20
দেখাচ্ছো	20
স্যারকে	20
পরস্পর	20
হেলিকপ্টারে	20
আগাতে	20
তালগোল	20
টিকিয়ে	20
আগস্ট	20
ছোট্টো	20
আগলে	20
লুকিয়ে	20
বিছানায়	20
কমাতে	20
অর্ক	20
দক্ষিণের	20
পৌরাণিক	20
প্রাসাদের	20
ক্যাসিনো	20
বেনেডিক্ট	20
কমলার	20
ভদকা	20
সেন্সর	20
সুগন্ধি	20
জাহান্নামের	20
পাড়ে	20
সবে	20
উঠেছিল	20
শব্দগুলো	20
উড়া	20
চিরজীবন	20
থ্যাংক	20
পালাবো	20
বিদ্যুতের	20
স্বর	20
সবজান্তা	20
মারলাম	20
মহাকাশে	20
স্রোত	20
রেভারেন্ড	20
জ্বালাতে	20
ডিমেন্টররা	20
রাজনীতিবিদ	20
ক্ষান্ত	20
ডিমেন্টরদের	20
হগওয়ার্টসে	20
শুদ্ধ	20
কদর	20
ঠোঁটের	20
রূপকথার	20
সম্পূর্ণরূপে	20
মহাসাগর	20
সুখি	20
কবরস্থানে	20
শুনতেই	20
অপবিত্র	20
মহিমান্বিত	20
প্রচলিত	20
হাঁটি	20
আওয়াস্তি	20
আয়নায়	20
ফেরেশতা	20
স্রোতের	20
পড়াই	20
ছাড়েন	20
সংখ্যার	20
ব্লকের	20
ম্যানকে	20
ওউ	20
বাদামের	20
ব্রান্ট	20
ডায়না	20
ভাল্লাগে	20
সার্ভিসে	20
বলবা	20
পুঁচকে	20
পরিত্রাণ	20
সাহসিকতা	20
রুক্ষ	20
রাখবি	20
হাসিব	20
পটাতে	20
হোমসের	20
হাজারের	20
অভিভূত	20
গাল	20
বগিতে	20
সিদ্ধান্তটা	20
দশক	20
বায়ু	20
ছায়ায়	20
গোয়েন্দা	20
মারলো	20
দুয়েক	20
ডেস্ক	20
ক্যাব	20
এখানটা	20
সোনালি	20
দুটা	20
দৌড়াবে	20
যুক্তরাষ্ট্রে	20
স্মৃতিশক্তি	20
ব্রা	20
কষ্টদায়ক	20
লাগুক	20
হদিস	20
কাস্টমারদের	20
বাঁচো	20
ইঞ্জেকশন	20
পঁচা	20
শিভা	20
ভোজ	20
তহবিল	20
আসলেন	20
যাচ্ছিলেন	20
ক্ষেতে	20
প্রতিক্রিয়া	20
বিরল	20
বিশ্রামের	20
খারাপও	20
দিচ্ছিনা	20
পার্শ্ব	20
করতাছি	20
মেডিক	20
সংসার	20
মুল্য	20
চুক্তিতে	20
বোতলের	20
ফাইলটা	20
এঙ্গেল	20
সুস্থ্য	20
সাহসে	20
তালিকার	20
দুর্গের	20
সন্ধি	20
সেইরাম	20
চারদিক	20
লেগেছিলো	20
দাদাভাই	20
টোকা	20
কাহিনীটা	20
জেন্টালম্যান	20
প্রাচীর	20
আইজকা	20
দুরের	20
চেষ্টাও	20
অনুতাপ	20
ঘেরাও	20
মুখোশের	20
নিয়মগুলো	20
স্থানীয়দের	20
লোকজনরা	20
করপোরাল	20
শিউর	20
স্বার্থে	20
পারস	20
বিবর্তনের	20
কাটবে	20
জিনিষটা	20
কোর্স	20
বসেছিলাম	20
পড়বেন	20
বদলানো	20
হোয়াট	20
জোন	20
স্রষ্টার	20
থাকাই	20
পৃষ্ঠ	20
নিচতলায়	20
এমেলিয়া	20
ওয়ারেন	20
ইয়াপ	20
ঠেকছে	20
ছিলেনা	20
পরওয়া	20
স্যালুট	20
ইরিস	20
পাকড়াও	20
আর্মিতে	20
পাঁচজন	20
আসছিস	20
স্কুটার	20
সুইটি	20
ঢুকেছি	20
বেষ্টনী	20
গুলিতে	20
পরেরটা	20
সিনিয়র	20
পরীদের	20
ঘাপলা	20
অবদান	20
আদেশের	20
লেখো	20
ফ	20
ডুয়ার্ফ	20
দিবস	20
রোনিন	20
সর্বাধিক	20
করবিন	20
গিঁট	20
অপারেশনে	20
পাগলামী	20
তাকিয়ো	20
সর্তক	20
বিনিময়	20
সিওক	20
দুটোর	20
আঙুলের	20
সাইকল	20
ব্যয়	20
প্রসিকিউটর	20
ওয়েন	20
অডিশন	20
আয়ু	20
সর্বস্বান্ত	20
পররাষ্ট্র	20
নারিকেল	20
কেরে	20
জ্যাকসুলি	20
লুসিন্ডা	20
নাম্বারগুলো	20
বাব্বা	20
জয়ী	20
ওগউয়ে	20
ব্রিট	20
কোঅপ	20
বনরক্ষক	20
রিকোলেটি	20
ল্যান্ডার	20
অাসো	20
ভাষী	20
মিথ্রান	20
আন্না	20
গ্যারিডো	20
মনুষ্যসৃষ্ট	20
জনাথন	20
জ্যাকি	20
শেফের	20
ইলা	20
ইএমপি	20
জগন্নাধাম	20
উটগুলো	20
খালাদের	20
ভাসাও	20
বেনজি	20
লাযলো	20
ক্রিসটোফার	20
লংশ্যাঙ্কস	20
তো	20
নৌ	20
ওডী	20
ভিতালি	20
গ্লইন	20
বুভরা	20
রিচেপ	20
ফিউরিয়োসা	20
তাড়াতাড়িই	19
ঢুকিয়েছে	19
এজেন্সি	19
শব্দটি	19
হত্যাকাণ্ডের	19
মারামারির	19
বাচ্চাটি	19
হামাগুড়ি	19
পেপারে	19
চাপিয়ে	19
এতক্ষনে	19
বগি	19
শুনেনি	19
হাটা	19
লাইটের	19
এসবকিছু	19
জুয়া	19
মেকআপ	19
শিখেছে	19
ইয়ো	19
বাজী	19
গেটের	19
প্রতিনিয়ত	19
ধুমপান	19
প্রতিদ্বন্দ্বিতা	19
তোকেই	19
কোচ	19
পরব	19
মেটাতে	19
আইছে	19
সজ্জিত	19
থেমো	19
১০ই	19
স্ক্রু	19
আচমকা	19
হাওয়ায়	19
হাঁটো	19
নড়ো	19
জংলী	19
সিদ্ধ	19
অপরাহ্ন	19
দেখতো	19
বানিয়েছিলাম	19
পাল্টাবে	19
ফুলগুলো	19
সবটা	19
ঘটল	19
টেলিভিশনের	19
তলদেশে	19
অনন্তকাল	19
ডওসন	19
টাইটানিক	19
পরিষ্কারের	19
কিনেছে	19
পোকার	19
পোশাকে	19
পুতুলের	19
দরজাগুলো	19
পড়েই	19
ভদ্রভাবে	19
লাঠির	19
ছুবেনা	19
জানেমন	19
নেমেছে	19
মোটকু	19
ফ্রেশ	19
গাইড	19
ঢুকো	19
বেগে	19
ভৌ	19
পাল্টাও	19
ফ্লাইটের	19
একটুখানি	19
গাড়িগুলো	19
অপরিহার্য	19
ধোঁয়ার	19
কর্মকান্ড	19
বলদের	19
মঙ্গলের	19
রাঁধতে	19
সার্জারি	19
ভালবাস	19
সারির	19
প্রস্তাবটা	19
ব্রিজে	19
কেন্দ্রীয়	19
মেশিনরা	19
শেখানোর	19
সেন্টিনেল	19
ভিটামিন	19
আয়েশ	19
করিয়েছি	19
ডাক্তারি	19
সন্ধানে	19
আলখাল্লা	19
নাটকের	19
ঐশ্বরিয়া	19
আগেকার	19
ফেলেছিস	19
শুনার	19
কব্জা	19
নিরস্ত্র	19
রানীকে	19
বুঝছিস	19
গ্রামস	19
গোলাবারুদ	19
এলভিশ	19
গোলামের	19
চাচাকে	19
দত্তক	19
খোঁচা	19
ঝাপসা	19
ইভ	19
দিয়েছি	19
ভেগাস	19
কৌশলের	19
চিনবে	19
ব্যাবসার	19
মানতেই	19
মেঝে	19
আফ্রাদ	19
মরন	19
ড্রিল	19
কাঁদছ	19
তখনকার	19
অভিবাদন	19
মানুষও	19
সাধ্যের	19
রাজকন্যার	19
প্রতিযোগিতার	19
ফোঁটা	19
পরীর	19
উদয়	19
বাধার	19
খুলছি	19
স্যান	19
দেওয়াল	19
প্রয়োজনের	19
গাড়িটাকে	19
আপদ	19
একটাকে	19
ঢুকলো	19
সেডরিক	19
ছাড়লে	19
শরীরটা	19
ধান্দায়	19
গাড়িকে	19
ডিন	19
পরিশেষে	19
ক্রো	19
মরেনি	19
মানানসই	19
অন্তিম	19
বংশধর	19
অবসরে	19
শব্দে	19
রাও	19
আবাসিক	19
৩৮	19
বাক্য	19
শুন্য	19
দুষ্টামি	19
এরপরেও	19
সাজাও	19
ধরণ	19
ঝাঁপিয়ে	19
আইটেম	19
নিচ্ছিলাম	19
টাওয়ারে	19
নথি	19
জগাখিচুড়ি	19
হোল্ড	19
বর্ষিত	19
পুত্রের	19
বাপকে	19
ধর্ষন	19
পার্স	19
লোকেশন	19
জায়গাটায়	19
মহলে	19
দ্বায়িত্ব	19
খুনীর	19
আঁকড়ে	19
পিনটা	19
কর্পোরেশনের	19
গোলাগুলি	19
ভেবেছিলো	19
সংখ্যাটা	19
থাকাটাই	19
এরাই	19
পাছার	19
লেন	19
পরিশ্রমের	19
সাং	19
এটিএম	19
যিশু	19
চায়নার	19
সাজাই	19
সুইমিং	19
খোলামেলা	19
ডেকো	19
রুখতে	19
লাগি	19
চুমুক	19
ব্লগ	19
রুটিন	19
প্রেমিকের	19
নাভিদ	19
গুম	19
যেটি	19
লিপ্ত	19
যাহ	19
গুরুত্বপুর্ন	19
বাস্তবিক	19
খরগোশ	19
গার্লফ্রেন্ডের	19
কন্ট্রোলে	19
ঘাটতি	19
টোস্ট	19
বিরতির	19
বরাবরের	19
লোকাল	19
অভিযাত্রী	19
গবেষক	19
সদ্য	19
ছোটবেলার	19
দিব্যি	19
প্যান্টের	19
গম্ভীর	19
গৃহীত	19
ইস্ট	19
ছড়ায়	19
উল	19
গতবার	19
প্রতারনা	19
জখম	19
স্লো	19
ফকির	19
ঘনিয়ে	19
এখনে	19
মামার	19
এ্যা	19
নামঃ	19
লালন	19
এখানটায়	19
একান্তে	19
লাগান	19
সেনাবাহিনীতে	19
ইগোর	19
ছুঁতে	19
রিল্যাক্স	19
লো	19
ফন	19
অপহরন	19
পাথুরে	19
ওহহ	19
মতলব	19
দৈত্যদের	19
ভয়েস	19
সওদা	19
বৌ	19
আপনে	19
লাব্বাইক	19
আফ্রিকায়	19
যাজক	19
কচি	19
মাফিয়ার	19
বাইকে	19
পেতো	19
কলের	19
জনগনের	19
বরাদ্দ	19
রাজশাহী	19
পদচিহ্ন	19
সন্ন্যাসীদের	19
বজায়	19
পদের	19
মনিটর	19
ঘুরাঘুরি	19
কাটছি	19
কমানোর	19
পাখিরা	19
কন্ট্রাক্ট	19
বাইরেও	19
খাওয়াও	19
মারল	19
তেমনটাই	19
হাসিটা	19
ল্যান্স	19
বোলেন্স	19
অ্যারন	19
জার্ভিস	19
সন্ত্রাসীদের	19
তুল	19
ম্যালেকিথ	19
ডাকতো	19
লতা	19
দৈত্যরা	19
রাজকুমারীর	19
চোরকে	19
সিরাম	19
মেক্সিকোতে	19
মেরামতের	19
ধান্দা	19
জুলাই	19
কর্মকর্তাদের	19
বালিকা	19
আলফ্রেড	19
আর্কাইভ	19
লোকঃ	19
এন্টিবডি	19
এসরা	19
শয়তানি	19
জ্বিনরা	19
অনিচ্ছাকৃত	19
এইডাই	19
ফুলার	19
কথিত	19
আটকানোর	19
জার্মানিতে	19
ক্রিস্টোফার	19
ব্যাটম্যানকে	19
বুঝনি	19
জানেমান	19
গিরগিটি	19
উইন্টার	19
চিতা	19
ভ্যাটিক্যানের	19
এঞ্জেলো	19
বিপন্ন	19
অবাধ্য	19
দেখেও	19
ছাপ্পা	19
সোকোভিয়া	19
স্কি	19
গণ	19
শশ	19
গহ্বর	19
দুর্মূল্য	19
ডকিং	19
কক্ষপথের	19
থ্রাস্টার	19
দিগন্তের	19
কোথায়	19
লেইনা	19
ভিকি	19
হোমস্টিড	19
মেট	19
কস্টেলো	19
তাদাশি	19
ড্যুনান	19
ব্রু	19
ঋষি	19
ম্যাগি	19
হ্যানড্রিক্স	19
খ্রিস্ট	19
স্লিদারিনের	19
লেফট	19
ক্রিস্টা	19
হিলিয়াস	19
এ্যালেক্স	19
পার্থজ	19
বাজ্রাঙ্গি	19
নওয়াব	19
মিনহো	19
ভ্যাম্পায়ার	19
এত্ত	18
শুনেন	18
জিনিসটাকে	18
জিনিসটাই	18
মতভেদ	18
বিক্রেতা	18
বীট	18
জানালায়	18
পরিহিত	18
প্রিয়তম	18
দাড়ায়	18
ঝরে	18
লিভিং	18
এক্সট্রা	18
বিস্ময়কর	18
বিপর্যস্ত	18
হিটলার	18
অধিকারের	18
আপনারই	18
আলেকজান্ডার	18
জিতি	18
হাতাহাতি	18
হুররে	18
অধিবাসী	18
গুল্লি	18
খাস	18
ভিডিওটা	18
পাঙ্গা	18
বলিও	18
এমনে	18
তাতেও	18
মাইনাস	18
পড়ছ	18
মিটারের	18
বিনাশ	18
জিনিসও	18
কিছুক্ষনের	18
স্নান	18
মরছি	18
নাচি	18
উতলা	18
সইছে	18
জেদ	18
ছিটিয়ে	18
ব্রিফকেস	18
সংকেতের	18
জীবনই	18
সিধান্ত	18
পিষে	18
ঘুমিয়েছি	18
টিকিটের	18
কম্পন	18
কোটের	18
৭০০	18
চেম্বারে	18
জিনিসকে	18
পথিমধ্যে	18
ভেড়া	18
হাঙ্গর	18
চ্যানেলে	18
পুশ	18
জাপানে	18
নির্লজ্জ	18
সিড	18
জেব্রা	18
রত্ন	18
খাটাতে	18
ওয়ালেট	18
ফোকাস	18
মুহুর্তের	18
কমিটি	18
এরিকা	18
ব্যায়াম	18
গুহার	18
চুদতে	18
ব্লাস্ট	18
দৃষ্টিভঙ্গি	18
ভালবাসতাম	18
নাচানাচি	18
নিওনা	18
আবরণ	18
কেমিক্যাল	18
নিরপেক্ষ	18
ভেঙ্গেছে	18
আধ্যাত্মিক	18
সেটিং	18
ম্যাট্রিক্সে	18
ওর‍্যাকল	18
প্লাগ	18
দারোয়ান	18
ভাবছিলে	18
কাটাচ্ছে	18
সোনাটা	18
শ্যাম্পেইন	18
অবজ্ঞা	18
নিচ্ছিস	18
পজিটিভ	18
৩৪	18
জীবনও	18
আপনারটা	18
চেয়ারম্যানের	18
ভেবেই	18
এজন্যে	18
১৬০	18
কিউবান	18
ফায়ারিং	18
আদিবাসী	18
পৌঁছাবে	18
আহতদের	18
অবস্থানের	18
পৌঁছানো	18
নামবো	18
সাহসের	18
বেয়াদবি	18
নিজেরও	18
চলবো	18
প্রধানের	18
লর্ডের	18
প্রলুব্ধ	18
পেয়েছে	18
টেক্কা	18
হওয়ার	18
নাগালের	18
সামলানোর	18
সেদিনই	18
অতীতকে	18
অবস্থায়	18
চকচকে	18
পূর্বপুরুষ	18
ঘুরাতে	18
মুক্তা	18
ক্যাসিনোতে	18
সার্কিট	18
দূরত্বে	18
অর্ধেকটা	18
আনলাম	18
বেঈমানি	18
হারতে	18
গানে	18
পুরান	18
চিটিং	18
কাধ	18
মহাসাগরের	18
সীমায়	18
সুইটহার্ট	18
জেলখানার	18
জনসন	18
মর্ম	18
বইতে	18
দিইনি	18
প্রকল্প	18
হ্যামন্ড	18
বোঝাচ্ছি	18
দূতাবাস	18
খুঁজবো	18
ধুতে	18
মঠ	18
সান্ত্বনা	18
সংখ্যক	18
ছয়জন	18
ফিনিক্স	18
দরখাস্ত	18
তাবিজ	18
রীতিনীতি	18
দিচ্ছেনা	18
এক্সপেলিআর্মস	18
শিক্ষার্থী	18
কয়েদী	18
আজকাবানে	18
জৈবিক	18
স্থানের	18
যাযাবর	18
এইটুকুই	18
অত্যধিক	18
মোমবাতি	18
স্ট্রবেরি	18
রাখছ	18
টিচারের	18
পোস্টার	18
কতখানি	18
হয়েছিলেন	18
শুনা	18
বিশ্বকে	18
জ্বালা	18
নিরাপত্তায়	18
হউন	18
এইহানে	18
ইন্টারন্যাশনাল	18
মরলে	18
দুদিনের	18
অদ্ভুদ	18
ভাতিজা	18
কাপুরুষের	18
ঈদ	18
বধ	18
কাঁচ	18
গ্রীক	18
রহমান	18
এগুলোতে	18
লেবেল	18
খেলাম	18
বিপ্লবের	18
গড়িয়ে	18
লুকোনো	18
মনেও	18
ভুগছে	18
বারান্দায়	18
গোলকধাঁধার	18
মেধার	18
তাকালাম	18
শালি	18
রাখছো	18
ঘোরে	18
জাগুয়ার	18
ছড়িয়েছে	18
মারেনি	18
চিকিৎসক	18
ডো	18
কোরিয়ার	18
মামণি	18
রিপোর্টটা	18
যাত্রায়	18
যোদ্ধারা	18
হোভার্ট	18
টেসলা	18
এন্টেনা	18
অনু	18
দাতা	18
চুক্তিপত্র	18
অন্তঃত	18
আবাস	18
প্রেগন্যান্ট	18
আশঙ্কা	18
নার্নিয়ার	18
এস্টাস	18
চিড়িয়াখানার	18
বন্দর	18
ছিটকে	18
পরেন	18
সমাহিত	18
ছড়িয়ে	18
প্রতিষ্ঠিত	18
বধির	18
সচিব	18
ডেন্টিস্ট	18
পেশায়	18
হইতো	18
এক্সপেরিমেন্ট	18
পরছি	18
বিয়েও	18
সমর্থক	18
সম্পত্তির	18
সবকিছুতেই	18
মারলি	18
টুর্নামেন্ট	18
ফয়সালা	18
অকৃতজ্ঞ	18
ওম্পা	18
চুরমার	18
হেয়ার	18
খারাপই	18
কোল	18
সালিম	18
ধকল	18
আঠা	18
নামগুলো	18
ব্যাথার	18
ড্যারো	18
জিমিকে	18
যন্ত্রণাদায়ক	18
পটারকে	18
হারিয়েছ	18
লিলি	18
ঝাক্কাস	18
সম্বল	18
ঘড়িটার	18
শীতকাল	18
নারনীয়া	18
তাহলেতো	18
লিগ	18
ধোঁকাবাজি	18
অন্তর্ভূক্ত	18
অসময়ে	18
সামনাসামনি	18
কলিং	18
সিস্টেমটা	18
ছোড়া	18
বাফালো	18
রয়্যাল	18
বিস্ময়	18
ফগের	18
লাও	18
ফিক্স	18
নেও	18
বিদ্রোহীদের	18
পেঙ্গুইনদের	18
বিশেষত	18
বেনি	18
ওয়েস্টার্ন	18
ব্লুপ্রিন্ট	18
মহাসাগরে	18
পুমবা	18
পেয়েও	18
ভ্যানে	18
ফাদে	18
কর্নার	18
বোমাটা	18
খাটি	18
বিড়ি	18
ফ্লয়েড	18
মশা	18
অ্যালগরিদম	18
চোখকে	18
নামলে	18
কুমির	18
সয়ার	18
সম্ভাবনাময়	18
উভয়ের	18
পানপাত্র	18
খুকি	18
ইন্টেল	18
সীমানায়	18
পশুপাখি	18
মঠের	18
হং	18
বোং	18
ফিলি	18
প্রহরীদের	18
লাগাম	18
ওয়ার্ল্ডস	18
পুলিস	18
গজরানি	18
বালা	18
জ্বীনদের	18
নিরীক্ষা	18
হ্যামিল্টন	18
ব্যবস্থাপনা	18
ব্যাঘাত	18
জ্যাং	18
নিশ্চিন্ত	18
সিন্ডিকেট	18
আরিয়ান	18
নায়ের	18
গুয়াং	18
জোকারকে	18
ইউনিটের	18
ফিস	18
দিছিলো	18
টেস্টিং	18
টিংকার	18
সুইস	18
পেগাসাসঃ	18
অ্যা	18
রিকার্ডো	18
লিলিয়ানা	18
রেসিং	18
ফ্লাক্স	18
শেখরের	18
লিখি	18
খোঁজখবর	18
সাজানোর	18
নিনা	18
সেরিব্রো	18
মেলবিন	18
হ্যায়	18
মুখ্যমন্ত্রী	18
ওয়ারিয়র	18
ক্রেইন	18
কাতিয়াল	18
পুডিন	18
বাচাঁতে	18
জলদস্যুর	18
জাপানের	18
ডীন	18
এনার	18
এমিলিয়া	18
কৃষ্ণগহবরের	18
মারকাজ	18
পাথরটা	18
শিল্পা	18
লউরার	18
মঙ্গেয়া	18
ঢিল	18
আব্বাজান	18
থানোস	18
নোভা	18
টিমোথি	18
ওয়াটার্স	18
ড্যান্টন	18
ইবনে	18
সন্ধা	18
গেটো	18
ক্যারিনা	18
ফ্লামেল	18
ওয়াচের	18
সতীর্থ	18
গাওয়ার	18
ড্রেম্যান	18
ধনিয়া	18
লিঙ্গুঈনির	18
রাটাটূই	18
কাসুমী	18
রোষ্ট	18
নাগাটা	18
রেইক্স	18
ব্ল্যাকবিয়ার্ড	18
এডওয়ার্ডসের	18
মানুভাই	18
ব্যাপারগুলো	17
ঘটনাগুলো	17
হলের	17
ব্যাপারটায়	17
অ্যাপার্টমেন্টে	17
স্বীকৃতি	17
বলাটা	17
চিল্লাচিল্লি	17
পথই	17
নেচে	17
সম্ভাবনার	17
ওয়াই	17
ক্যামেরন	17
শহরেই	17
কালা	17
প্রতিবারই	17
মারিস	17
ওসবের	17
কাটায়	17
বাড়ো	17
মিডিয়া	17
এগুলার	17
পচে	17
পাবা	17
ফাঁক	17
হেক্টর	17
সাংবাদিকদের	17
স্কিনার	17
ঠাণ্ডায়	17
মহারাজা	17
ঘরটা	17
১৮০	17
বলাই	17
জবান	17
থিয়েটারে	17
সভ্যতার	17
এক্ষেত্রে	17
বালিশ	17
ঢুকার	17
কাহিল	17
পড়েছিলে	17
নিস্তার	17
লাকড়ি	17
গতকালই	17
আঁকানো	17
ক্যাল	17
তাকাচ্ছে	17
বরফে	17
আসনি	17
মহিলাটিকে	17
পাখিদের	17
গেটে	17
চ্যাপ্টার	17
নবী	17
কিরণ	17
জানবেন	17
তাকিওনা	17
সুইসাইড	17
বদলি	17
পিক	17
ইও	17
মিউজিয়ামে	17
পিৎজা	17
গুড়া	17
দ্বার	17
স্তন	17
ওয়্যার	17
খেয়েই	17
বিশ্বযুদ্ধ	17
জিনিসপত্রের	17
সিকিউরিটির	17
খরগোশের	17
গোয়া	17
সবখানেই	17
হারালাম	17
আঁচড়	17
বর্জ্য	17
অভিনেতা	17
সবরকম	17
কাছাকাছিই	17
বিবর্তন	17
সহজাত	17
ফ্রিজের	17
অ্যালিস	17
হয়েছিস	17
সদয়	17
ভাস্কর্য	17
পটানোর	17
আসলি	17
বাজাই	17
মেডিসিন	17
বদমাশের	17
ডিপোজিট	17
রোগীকে	17
নেশাখোর	17
গৌতম	17
বার্ষিক	17
কর‍তে	17
ক্ষুধায়	17
বিষয়টি	17
ডেভিডকে	17
বসেই	17
পিকনিক	17
ড্রাগনকে	17
বার্ড	17
বেড়া	17
দেখলি	17
ঘটনাস্থল	17
গ্যাসের	17
উত্তপ্ত	17
এলফ	17
জোট	17
উঁকি	17
রাস্তায়	17
এতোগুলো	17
ছদ্মবেশে	17
উঠুক	17
বন্ধুত্বের	17
পড়ো	17
নাচছে	17
অমঙ্গল	17
টেরি	17
কমাও	17
ডেল	17
লাভজনক	17
অপরাহ্ণ	17
ওগুলি	17
টেঁস	17
প্রকারের	17
দাদীমার	17
সরু	17
ঝুঁকির	17
আরিফ	17
জামান	17
ফি	17
ধরবি	17
হচ্ছিস	17
রেঞ্জ	17
মডেলের	17
দেওয়াটা	17
ম্যানহাটন	17
স্বয়ংক্রিয়	17
সভায়	17
লিখবো	17
সেদিকে	17
সেন্টারে	17
গণ্ডগোল	17
দয়ায়	17
ঘাসের	17
স্বভাবের	17
উপকারী	17
পুতে	17
কৃষি	17
অশেষ	17
স্টেইন	17
স্লিপিং	17
জনগণকে	17
পেট্রোনাম	17
জিজ্ঞাসাবাদের	17
হারাম	17
পারছেনা	17
তুফান	17
নৃশংস	17
লিন্ডা	17
অধিকাংশই	17
মাইক্রোফোন	17
প্রবৃত্তি	17
বিপর্যয়	17
কন্ঠস্বর	17
যৌক্তিক	17
হিব্রু	17
শৈশবের	17
আরোগ্য	17
সরতে	17
কবিতার	17
গড়তে	17
সুবাস	17
আলোকিত	17
মিকি	17
ক্ষেত	17
অবসান	17
ইন্টারপোল	17
মনেহচ্ছে	17
টাচ	17
তুলেছিল	17
বুকিং	17
পার্সেল	17
অতঃপর	17
জান্নাতে	17
তুইতো	17
হৃদপিণ্ড	17
মিউট্যান্টের	17
আপোষ	17
কারফিউ	17
জট	17
দারাও	17
পেইন্ট	17
পর্দার	17
চিঠিগুলো	17
স্যু	17
সার্জারির	17
অসামাজিক	17
ওফ	17
চলছিলো	17
সার্কাসে	17
ঘোরা	17
প্রাণে	17
যৌথ	17
উকিলকে	17
গ্রীন	17
এনো	17
কমান্ডের	17
চিরকালের	17
আফ্রিকান	17
ভৃত্য	17
কিছুরই	17
জনমের	17
ল্যাপটপ	17
পুলে	17
রোদে	17
টাটকা	17
জালিয়াতি	17
আব্বুর	17
মিসিং	17
খুনটা	17
মেলা	17
ভোরের	17
আগামীকালের	17
বীর্য	17
তরবারির	17
বেকি	17
বিভ্রম	17
হ্রদয়	17
বয়ান	17
গেসে	17
অকাজের	17
প্রবাদ	17
বেশিকিছু	17
সুই	17
ঠোট	17
ছ	17
পুরু	17
মানবতার	17
অনুষ্ঠিত	17
প্রতিবেশীদের	17
হইবে	17
পশম	17
টিক	17
ঘিলু	17
লিঙ্গ	17
রক্সেন	17
বিপর্যয়	17
ফাস	17
প্ল্যাটফর্ম	17
তলোয়ারের	17
রোগটা	17
পুঁতে	17
খেয়েছেন	17
গলিতে	17
অনিশ্চিত	17
এলান	17
রিলিজ	17
ডিলিট	17
যুদ্ধা	17
রানার	17
মোড	17
আত্মরক্ষা	17
প্রতিহত	17
ফাইটার	17
শিখলে	17
কারাগারের	17
ফইন্নির	17
ইশ্বরের	17
পরাজয়	17
ওয়ালাইকুম	17
ঘোঁতঘোঁত	17
চকলেটের	17
অনেককিছু	17
বৃক্ষের	17
ডেনিজ	17
হুসেইন	17
মলে	17
চেষ্টার	17
ওকেও	17
ডেনহ্যাম	17
অস্বস্তিকর	17
হ্যাগ্রিডের	17
অ্যাপয়েন্টমেন্ট	17
তিনিও	17
গন্তব্যে	17
ভয়ঙ্কর	17
ফিরতি	17
কনফার্ম	17
সৈনিকদের	17
অপেক্ষমান	17
দূর্বলের	17
বিতৃষ্ণা	17
সিন্ডারেলা	17
উদঘাটন	17
চন্দ্র	17
লাজুক	17
ইচ্ছাই	17
ড্রিঙ্ক	17
ন্যাট	17
পাপী	17
তুলেছি	17
চার্লির	17
বাইকটা	17
নেট	17
মেন	17
এন্ট্রি	17
কাউফড	17
ব্যাক্তিদের	17
সেভ	17
ভার্জিনিয়া	17
বসেন	17
চাকুরীর	17
স্বরে	17
প্রদেশ	17
দিনার	17
কিংবদন্তি	17
খ্রিষ্টান	17
ধর্মগুরু	17
তীরন্দাজ	17
কক্ষপথে	17
কনর্স	17
সুড়ঙ্গ	17
চেয়েছেন	17
ভীতর	17
কর্তৃক	17
আর্থিক	17
পাইলটের	17
মস্কোতে	17
সাম্বা	17
নেইনি	17
স্মৃতিই	17
এইজন্যই	17
বাবাজি	17
টাইমিং	17
হয়ার	17
খ	17
রকমই	17
অস্ট্রেলিয়া	17
শাড়ি	17
করবোই	17
কিলিয়ান	17
সুইজারল্যান্ডে	17
কবচ	17
একপাশে	17
পূরন	17
লোকি	17
ষড়যন্ত্রের	17
মজুদ	17
বাচ্ছা	17
সাহায্যকারী	17
লেখ	17
বাকিটুকু	17
হাম	17
হেইয়া	17
এপ	17
নরি	17
প্রহরীরা	17
পর্যায়	17
পোষ্ট	17
বিস্ট	17
সর্বোপরি	17
টুট	17
ওইতো	17
আমীন	17
বাঁচায়	17
সক্রিয়	17
চাইয়া	17
মেরিট	17
ব্যালেন্স	17
ইস্যু	17
শুটার	17
সাতার	17
উহা	17
রুপি	17
দস্যু	17
টাটা	17
সর্বকালের	17
ভূমিকম্পের	17
প্রানীদের	17
আসন্ন	17
বক	17
৪২	17
প্রেসের	17
অজয়কে	17
বয়সেই	17
রিজ	17
এরিসের	17
চড়ার	17
ধোলাই	17
৩৩	17
রাজধানীতে	17
রয়েল	17
হায়ড্রার	17
সমাজকে	17
বহমান	17
দেবতাকে	17
অলিভার	17
ভ্যালেন্টাইন	17
মাদুরাই	17
মারফি	17
বেড়া	17
ঘূর্ণন	17
গ্রহটা	17
খোঁদা	17
পিটারসন	17
সুয়েন	17
গায়েত্রী	17
মালায়ালি	17
অ্যাঞ্জেলিনা	17
ক্যাপ্টেনকে	17
ব্রাহ্মণ	17
সেলকি	17
গুলিবর্ষণ	17
কুদরেত	17
ইয়াকুব	17
সরফরাজকে	17
নোয়া	17
স্বরণ	17
বাডি	17
এপস	17
মাসটাং	17
সেদা	17
কুণ্ডলিবিশিষ্ট	17
টারগেরিয়ান	17
ডেনিয়েলস	17
টেনিসি	17
কমোডোর	17
মহাপ্রাচীরের	17
উইন্টারফেলে	17
গ্লেনব্রুক	17
ব্যাপটিস্ট	17
ডরি	17
দেবসেনাকে	17
সরদার	17
মোকাদ্দার	17
তামিযা	17
বোধি	17
ছুরির	16
লাইটটা	16
পরুন	16
প্রমানিত	16
ঝগড়ার	16
থিয়েটারের	16
হয়তবা	16
গেঁথে	16
অটল	16
প্রতিযোগিতায়	16
কল্পনায়	16
হিটলারের	16
শালারে	16
ব্যান্ডের	16
অংক	16
মিলিয়নের	16
মিটাতে	16
শুষে	16
দাঙ্গা	16
ইহুদীরা	16
কিনারায়	16
লুথার	16
লাগাই	16
বইলা	16
এদিকেই	16
অশিক্ষিত	16
শুনিয়ে	16
শর্তে	16
বইগুলো	16
কুড়ে	16
হালার	16
ঝাল	16
পাম্প	16
ভেংগে	16
বিকালে	16
টার্মিনেটর	16
জানবেনা	16
করবার	16
গুলিও	16
স্মরণীয়	16
উট	16
জন্মেছি	16
কালই	16
সবগুলোর	16
আবোল	16
তাবোল	16
নিশ্চুপ	16
সবটাই	16
ডাইনিং	16
বেডরুমের	16
অংশটি	16
মানুষগুলোর	16
নির্বোধের	16
শরীরকে	16
ডুয়েট	16
সান্তা	16
বন্দরে	16
চালাব	16
বাঁচিয়েছিল	16
বিক্ষিপ্ত	16
নিমন্ত্রণ	16
কয়লা	16
যাত্রীরা	16
এনেছিল	16
জেরুজালেম	16
নগরী	16
ছাড়বেনা	16
লেভেলের	16
সিন্দুকের	16
মাধ্যম	16
সঙ্গেই	16
রেক্স	16
প্লেয়ার	16
আমলের	16
সিটবেল্ট	16
গাছপালা	16
খাটাও	16
বাঁদিকে	16
বললেনা	16
প্রায়শ্চিত্ত	16
লিপস্টিক	16
হাসিল	16
বদলাও	16
পাল্টানোর	16
দর্শকরা	16
হৃদস্পন্দন	16
রিকি	16
আসত	16
এট	16
চাননি	16
হালায়	16
অবিরত	16
আন্ডারগ্রাউন্ড	16
স্ট্রীট	16
চুদি	16
বিল্ডিংয়ে	16
আরামসে	16
ঝাঁঝরা	16
যতোটা	16
অ্যাডাম	16
ক্যারিয়ারের	16
অদ্ভূত	16
সমন্বয়	16
অন্যদেরকে	16
জন্মানো	16
বারণ	16
ইমরান	16
বাঁচে	16
লড়ার	16
এজেন্টরা	16
নড়তে	16
হারফোর্ড	16
নস	16
গ্লাসটা	16
চাইবেনা	16
ভিক্টরের	16
হাসা	16
বাজাবে	16
স্কচ	16
কোলা	16
যাওয়ায়	16
গেস্ট	16
ওয়েবসাইট	16
ভিউ	16
চাইছিলো	16
ভাবলো	16
ভিডিওতে	16
ক্ষমতাশালী	16
সামলানো	16
বিতরণ	16
ঘাঁটি	16
নির্ভরযোগ্য	16
বিল্ডিঙের	16
লড়েছি	16
বাহানা	16
তুলছি	16
শুইয়ে	16
পাইছে	16
ম্যাক	16
মানবজাতিকে	16
অনন্য	16
মিস্টি	16
কীইবা	16
কামরা	16
মর্জি	16
চেয়েছিলাম	16
শৈশব	16
অবশ্যম্ভাবী	16
চাইতেন	16
বায়ে	16
ডুব	16
শেখো	16
ব্যাবসায়	16
লিখব	16
এক্সেস	16
অবস্থাতেই	16
ইস্পাতের	16
কমিশন	16
হাং	16
শাওলিন	16
সুন্দরি	16
বুকটা	16
বিবি	16
আত্মবিশ্বাসী	16
সুযোগই	16
সিঙ্গেল	16
পরলাম	16
কতই	16
প্রতিচ্ছবি	16
ব্যথার	16
ক্রুদ্ধ	16
বুদ্ধিমত্তার	16
অনুভূতির	16
নখের	16
নির্ভেজাল	16
ভাঁজ	16
কাঠি	16
খুঁটিনাটি	16
খুঁজুন	16
কেনাকাটা	16
হাফেয	16
চাক্ষুষ	16
রাগে	16
রাখলো	16
ঢোক	16
থম্পসন	16
গণ্ডার	16
নিভিয়ে	16
বোতলটা	16
তোয়াক্কা	16
সুঁই	16
মন্ত্রণালয়ের	16
হেডমাস্টার	16
বুঝবেনা	16
মানলাম	16
সেভেরাস	16
উইংস	16
সুনির্দিষ্ট	16
হারাব	16
নির্ভুল	16
ভ্যাম্পায়ার	16
বিষয়ক	16
প্রকৌশলী	16
অক্সফোর্ড	16
গ্রহণযোগ্য	16
অসমাপ্ত	16
নক্ষত্রের	16
ইউরোপে	16
নতজানু	16
অতিপ্রাকৃত	16
স্নাতক	16
শিক্ষার	16
গুটি	16
ব্রহ্মাণ্ড	16
মর্মাহত	16
মনোযোগী	16
বাজারের	16
বাজতে	16
সাবজেক্ট	16
আইল্যান্ডে	16
খেয়ালে	16
মাকড়সার	16
ধূর্ত	16
কষে	16
ভাবতো	16
সেন্স	16
হারাও	16
খুজছো	16
ইন্টারপোলের	16
বেলিকফ	16
সাদ্দাম	16
অবস্থাটা	16
গভীরতা	16
নিত	16
দাঁড়িয়ে	16
মেয়েকে	16
রাখত	16
কবলে	16
গার্ডদের	16
বাংলাদেশের	16
কুনের	16
চলাচল	16
খুনীকে	16
রাখছিলাম	16
দর	16
সংখ্যাগুলো	16
এনেছিলো	16
ফাইজলামি	16
আঞ্চলিক	16
কীসে	16
সাইতো	16
আইডিয়ার	16
পারছোনা	16
জানতেই	16
ব্যবসায়িক	16
রবার্টের	16
ঘুমন্ত	16
দলিল	16
দেবোনা	16
মুক্তভাবে	16
বানী	16
স্বচ্ছ	16
ফাইলের	16
দাড়াঁও	16
সুস্বাগতম	16
কুত্তী	16
অপরাধমূলক	16
প্রতিষ্ঠানে	16
রুমমেট	16
ঝলক	16
জয়ন্ত	16
রক্তক্ষরণ	16
মোড়ে	16
চাইলাম	16
নির্যাতনের	16
মদ্ধে	16
ঐক্যবদ্ধ	16
ঘটাতে	16
ডাহা	16
ভীতি	16
পার্সিয়ান	16
প্লে	16
বর্ণ	16
বছরই	16
ভিয়েতনামের	16
নিছি	16
আন্টির	16
প্রতিবেদনে	16
গোলকধাঁধা	16
দাঁড়ানো	16
শেয়ার	16
অর্জিত	16
কোণে	16
আনুমানিক	16
ব্রিটেনের	16
ডিক	16
পুরোহিত	16
চক্ষু	16
মেগামাইন্ড	16
মহাকাশ	16
যুগল	16
সমর্পণ	16
কাপড়ে	16
জাহাঁপনা	16
প্রশ্বাস	16
ভেষজ	16
সাধারনত	16
আতংক	16
ইংরেজিতে	16
পরিকল্পিত	16
সদা	16
প্রত্যক্ষদর্শী	16
ট্রফি	16
সৌভাগ্যবান	16
পন্ডিত	16
সঙ্গীরা	16
সাহসিকতার	16
গার্লস	16
ঘুরঘুর	16
পারলেও	16
খেয়েছো	16
বুদ্ধিমতী	16
হ্যাইস	16
ভাসমান	16
জলদী	16
ভীরু	16
বাপু	16
বৎসর	16
দুশমনদের	16
কায়দা	16
ফুসা	16
কানাডা	16
দীর্ঘজিবী	16
ঠিকানায়	16
মারছো	16
ডায়াল	16
লক্ষ্যের	16
মানো	16
র‍্যাচেলের	16
শয়তানকে	16
ব্ল্যাকমেইল	16
জেগেছে	16
বেঙ্গল	16
বেইজিং	16
ক্লোনড	16
ক্রাইও	16
বস্তাগুলো	16
ফাইবার	16
জনিত	16
প্যান্ডোরায়	16
পাত্রটিকে	16
খাইয়া	16
কাঁধ	16
বন্দোবস্ত	16
মরতেও	16
কোনটার	16
কনো	16
হযরত	16
ভিস্তা	16
স্যামি	16
কুত্তাটাকে	16
ঝামেলাটা	16
বুঝিয়েছি	16
ওনাদের	16
কোক	16
ব্যাতিক্রম	16
২৫০	16
হাড়	16
প্রসেসর	16
ব্যাক্তিগতভাবে	16
নির্মমভাবে	16
ব্লকে	16
ওইযে	16
ভবিষ্যতবানী	16
ভুমি	16
ঝরছে	16
পুষ্প	16
প্রধানমন্ত্রীর	16
অবসরের	16
বাক্সের	16
বর্ষের	16
ইঞ্জিনে	16
চালিয়েছি	16
এরকমভাবে	16
রেমাস	16
ওডি	16
উড়াতে	16
মুফাসা	16
হাকুনা	16
ওয়াক	16
ম্যাপটা	16
ওরফে	16
ট্যাঙ্গো	16
সেকশনে	16
ডাকুন	16
সুখবর	16
ফুটবে	16
ট্র্যাকিং	16
মাচো	16
দিয়েছিলি	16
ফাইলগুলো	16
সূর্যকে	16
হাইওয়ে	16
পালে	16
প্ল্যানে	16
হ্যান্ডশেক	16
গ্রন্থ	16
ডিডরা	16
হতাশার	16
অপ্রাসঙ্গিক	16
হব্	16
ভালুকের	16
আনুষ্ঠানিকভাবে	16
শিফট	16
সিম	16
মাথায়	16
মিনিস্টার	16
ন্যায়বিচার	16
পাহারাদার	16
সূচক	16
প্রায়ই	16
দূত	16
কিবলেদেরে	16
বরের	16
আয়াত	16
গুপ্তধনের	16
ওভাররাইড	16
বাজানোর	16
বেহালা	16
পোলাপানের	16
মাংশ	16
উদাহরন	16
গোল্ডমুনের	16
অ্যান্টোনি	16
পাউডারের	16
মৃত্যুটা	16
পাঠিয়েছিলেন	16
পোষাকের	16
ফুয়েল	16
কলিন্স	16
কেনিয়া	16
তদন্তকারী	16
জ্বলদি	16
ইউর	16
মোনা	16
পাঠাল	16
সান্দোভাল	16
সান্দোভালকে	16
ইসিদোরো	16
রাজকন্যাকে	16
ট্রুডি	16
ডিউড	16
ট্রমা	16
পাপার	16
দিনটিকে	16
পঁচিশ	16
গুঁতা	16
পং	16
কইছে	16
কেকটা	16
বয়েড	16
ওয়ালেসের	16
রোমানফ	16
ইনসাইট	16
গণিত	16
সংযত	16
নজরদারিতে	16
মিস্টিক	16
ওয়াচ	16
শিফু	16
দিল্লির	16
কাউন্টার	16
জামিনে	16
পিতামহ	16
বাইনারি	16
মহাকর্ষের	16
পটল	16
জানুর	16
কাউন্টডাউন	16
কর্প	16
গ্রেগ	16
সম্মানী	16
স্বপ্নপুরী	16
ইয়র্ক	16
প্যাটি	16
লোথার	16
র্যাকুন	16
ভোরে	16
তাতাগ্লিয়া	16
ট্যাকা	16
রবি	16
অজনুর	16
বড়ি	16
মঞ্চের	16
গ্যাস্টন	16
পিগ	16
মানসন	16
স্কটল্যান্ডের	16
কুরাইশের	16
কুরাইশদের	16
ডলি	16
নেং	16
ব্ল্যাকবেয়ার্ড	16
মার্সেডিজ	16
অ্যালবেনিয়ান	16
এজেনর	16
ইয়ু	16
বফুর	16
গল্লুম	16
এ্যলিস	16
মারচিসন	16
পুচি	16
গ্যালি	16
সিন্ডিকেটের	16
বাহুবালিকে	16
মহাসেনা	16
পাথু	16
ফেয়জা	16
শম্ভু	16
শুনলেন	15
দৃশ্যটা	15
নামটি	15
৩৭	15
যুক্তিযুক্ত	15
উঠান	15
কৃতকর্মের	15
রেকর্ডের	15
ছেলেমেয়ে	15
থাকবেই	15
ফেললেন	15
ভদ্রলোকের	15
ক্ষেত্রেও	15
অতএব	15
বিবরন	15
প্রতিদিনের	15
গোছানো	15
রুমেই	15
করতেছিস	15
ভর্তা	15
করুম	15
ভার্জিন	15
প্যান্টে	15
চিপস	15
বানোয়াট	15
জীবাণু	15
মমকে	15
মটু	15
স্ট্যাসি	15
খাতির	15
রাগের	15
জায়গায়ই	15
স্বাভাবিকভাবেই	15
ছিঁড়তে	15
জিভ	15
পিছনেই	15
ইমার্জেন্সি	15
অসংগতি	15
রোডে	15
রিচ	15
সাইবর্গ	15
দক্ষিনের	15
ব্যান্ডেজ	15
গুদাম	15
মুল	15
ছাড়াতে	15
আয়ত্তে	15
মাশরুম	15
শিক্ষিকা	15
মেরীর	15
কর্নারে	15
সেখানেও	15
স্টিয়ারিং	15
বাজাচ্ছে	15
লুকোতে	15
গোলাপী	15
বক্সের	15
ভা	15
গল্পগুলো	15
ডাকতাম	15
জাহাজটি	15
সম্পূর্ণভাবে	15
অ্যাকসিডেন্ট	15
সপ্তায়	15
নতুনভাবে	15
মানুষটি	15
দেখিয়েছি	15
জ্যাককে	15
হোয়াইট	15
জেরুজালেমে	15
গজব	15
সৃষ্ট	15
বাইবেলে	15
পরতাম	15
ডুপ্লিকেট	15
অন্তহীন	15
দিনটার	15
টয়	15
কমপ্লিট	15
পৌঁছেছি	15
ফাউন্ডেশন	15
প্ল্যানেট	15
পরেছিল	15
বাড়ে	15
মরছে	15
সাবানের	15
কার্ডে	15
উত্তেজক	15
ব্র্যান্ডের	15
বাচ্চাও	15
সড়	15
বলাতে	15
মূল্যের	15
ভয়কে	15
বাপ্রে	15
ফ্রী	15
সবসময়েই	15
ধরেছিলো	15
ধারণার	15
কাঁটার	15
জন্মায়	15
এজেন্টদের	15
মেশিনদের	15
ভোঁতা	15
রসালো	15
বুঝেছে	15
শীতে	15
একেক	15
ব্যাধি	15
বামের	15
বলবোনা	15
রোগীদের	15
ক্রিসমাসে	15
খেয়েছিলাম	15
জাগ্রত	15
ফর	15
জাদুঘরে	15
প্রযুক্তির	15
ফেভারিট	15
স্টুপিড	15
তৃষ্ণা	15
প্রকাশের	15
পানিও	15
মাসেই	15
জ্বালানো	15
সন্দেহের	15
লাগালে	15
ডেভিডের	15
অনাথ	15
ওয়ে	15
গতবছর	15
ওয়াশিংটনে	15
অক্টোবর	15
রাতারাতি	15
গুনতে	15
লাগছিলো	15
সেনারা	15
বামদিকে	15
জানালে	15
প্যানেল	15
বয়রা	15
আপস	15
করছোটা	15
জাতিকে	15
বিজয়	15
রেখেছিলেন	15
খেয়াল	15
তছনছ	15
স্বেচ্ছায়	15
সসেজ	15
গর্দভের	15
উপত্যকা	15
পাহাড়	15
প্রশ্নগুলো	15
রক্ষী	15
লুকা	15
সবগুলা	15
পাঠিয়েছ	15
হাঁটুর	15
অ্যামেরিকার	15
থুতু	15
গ্লাভস	15
প্লাস	15
জারগা	15
কাদায়	15
ইলেক্ট্রোম্যাগনেটিক	15
বক্সার	15
চামড়ায়	15
হইতেছে	15
বল্টু	15
বাসন	15
জন্মে	15
সার্টিফিকেট	15
অনুদান	15
ঘাড়ের	15
কণা	15
আর্জেন্ট	15
রোস্ট	15
সামান্থা	15
ঢুকবো	15
জীবিতদের	15
খুঁড়ে	15
হাড়ের	15
কাটিয়েছে	15
ভুলি	15
জ্বালায়	15
ঝাপিয়ে	15
ঘটনাটি	15
পাথরে	15
বরাবরই	15
উচ্চতায়	15
গির্জায়	15
বুঝছেন	15
সেদিনের	15
ঢেউয়ের	15
নাজাফ	15
মেঘে	15
সুরে	15
তারিখের	15
লাগাচ্ছি	15
পালান	15
উঠেছিলো	15
গোবর	15
উপজাতিদের	15
ভেঙেছে	15
পালালো	15
কৃষ্ণ	15
পাইন	15
ফাজ	15
সুস্থতা	15
পৌছিয়ে	15
বুঝব	15
রোনাল্ড	15
ট্যাবলেট	15
পরাস্ত	15
গডফাদার	15
শঙ্কিত	15
বালকের	15
ঠিকে	15
দৃষ্টিকোণ	15
এরও	15
অবহিত	15
কিছুও	15
সীমাহীন	15
যত্নশীল	15
চোয়াল	15
একান্ত	15
কৌতুহল	15
টিপে	15
ছড়াতে	15
ততদিনে	15
হারকিউলিস	15
গর্ভে	15
পরিহাস	15
টানাটানি	15
২৫য়ে	15
গিয়েছিলি	15
গানও	15
আঙ্কেলের	15
চাচ্ছিনা	15
আমাদেরকেও	15
বিষণ্ণ	15
ডনি	15
কারেন্ট	15
নাটকে	15
জানিয়ো	15
রাষ্ট্রীয়	15
জনে	15
স্থানীয়	15
প্রতিষ্ঠাতা	15
নিশ্চয়	15
বুঝবি	15
সুদ	15
ছিলা	15
ভাইয়ের	15
মেরেছিস	15
অর্গল	15
ফ্রিজে	15
পড়েছিস	15
তাকানোর	15
হাসিবুজ্জামান	15
নাড়া	15
বসানোর	15
কানেকশন	15
কেল্লা	15
বন্ধের	15
বাগড়া	15
লুকিস	15
চীনের	15
গরীবদের	15
উড়াল	15
ফিশারের	15
স্বপ্নগুলো	15
রড	15
সাধনা	15
ছুটবে	15
স্যুপের	15
কীট	15
ব্যক্তিদের	15
বোস্টনে	15
বাগদত্তা	15
ভাববো	15
নতুনের	15
বেচতে	15
দেখাতেই	15
ভুনা	15
বডিগার্ড	15
মিলন	15
ঐভাবে	15
মিসাইলের	15
সুত্র	15
দেবীর	15
বকছো	15
ডিভিডি	15
শুনেছিলে	15
খানকির	15
সংঘটিত	15
করাবেন	15
আসামি	15
লিকে	15
বেশ্যার	15
পুতুলটা	15
বাজির	15
জাপানি	15
প্রতিস্থাপন	15
থামছি	15
লিখেছিল	15
যথা	15
রাজকুমারকে	15
মহোদয়	15
বাতাসকে	15
সহকারে	15
থু	15
একতা	15
পেগ	15
হারাই	15
বুড়োর	15
হাসুন	15
তীরন্দাজরা	15
শ্রুতি	15
জনসংখ্যার	15
চিকিত্সা	15
ডিসি	15
উদ্যোগ	15
স্লাইড	15
ইতালি	15
পনের	15
পেনশন	15
সোভিয়েত	15
ছারখার	15
মুখোশটা	15
মাগো	15
এটাইতো	15
রেডিয়েশন	15
পাইপের	15
ভাইরাসে	15
সম্পুর্ণ	15
পনেরো	15
টার্নারের	15
লাপাত্তা	15
অবধি	15
তুমিত	15
উভয়ই	15
বাইকের	15
বাজাব	15
লড়ি	15
গ্রীস	15
গুনবো	15
অবরোধ	15
পোপের	15
অসম্ভবকে	15
পাঠালেন	15
বোনাস	15
ওসমান	15
সংলাপ	15
ক্ষুধার	15
লিখছি	15
রানওয়ে	15
লেবুর	15
সেগুলোকে	15
সীমারেখা	15
এক্সপ্রেস	15
পেছনেই	15
স্পেনে	15
স্বপ্নেও	15
রান্নার	15
চেঁচামেচি	15
পয়েন্টে	15
গুল	15
বরদাশত	15
এতক্ষন	15
আঘাতপ্রাপ্ত	15
সার্থক	15
একারনেই	15
নিষ্ঠাবান	15
ইন্দ্রিয়	15
বাঁধাই	15
৯টায়	15
হয়রানি	15
মারাটা	15
বুদ্ধ	15
দৃশ্যত	15
পার্টস	15
ক্লিপ	15
পেপারের	15
অস্থি	15
ইউনিভার্সিটি	15
ফিঙ্গারপ্রিন্ট	15
মনিক	15
রডিন	15
ঈগল	15
ষাট	15
কমান্ডারের	15
ঈগলের	15
ঘুরিয়ে	15
বোর্ডিং	15
কমিশনারের	15
বছরখানেক	15
ভিজা	15
সংকট	15
য়	15
রাষ্ট্রের	15
বোগার্ট	15
টেক্সাসের	15
বাজেট	15
স্যুটে	15
মারেন	15
মাতাতা	15
প্রজারা	15
সব্বাই	15
মিশনটা	15
গণতন্ত্র	15
সেবার	15
চার্ট	15
কেঁপে	15
শচীন	15
আমাদেরটা	15
ডিনা	15
স্ক্রিন	15
স্টার্ককে	15
থামে	15
উচুতে	15
রাখতো	15
পালনের	15
বিয়া	15
চাপুন	15
জায়গাগুলো	15
প্রোটোকল	15
জঙ্গি	15
ইনকামিং	15
জিম্মিদের	15
বোকাচোদা	15
হানতে	15
ফীনলে	15
ব্রিটা	15
দেয়াটা	15
পাঠিয়েছিলো	15
কাজকে	15
মাসিক	15
রাষ্ট্রীয়	15
পৌঁছতে	15
আঁচ	15
উল্যাণ্ডা	15
ময়লা	15
আইসক্রীম	15
যেমনটি	15
থামি	15
ছবিও	15
আদান	15
ভ্যালেন্টাইনের	15
প্রতিভাসম্পন্ন	15
হেইডা	15
যাইতাছি	15
আপনের	15
তত্ত্বাবধায়ক	15
সাহেবা	15
নিগ্রোরা	15
আর্মসবি	15
বুদ্ধের	15
হওয়াতে	15
কাজেরই	15
বিদেশ	15
আলাপের	15
পার্ককে	15
গঠিত	15
রুপী	15
বাপে	15
নস্ট	15
সুবিধাজনক	15
ওয়াইবি	15
চলেছেন	15
ধর্মে	15
মনই	15
প্রিমিয়ার	15
্যাঞ্ছর	15
নামানো	15
ভালোমতো	15
থ্যাঙ্ক	15
যেঁ	15
দুর্যোগ	15
গোপাল	15
গার্ডঃ	15
মেক্সিকোর	15
পাল্টেছে	15
বিদেশের	15
অ্যাভেঞ্জার্স	15
বানালে	15
সম্রাজ্যের	15
ভেস্ট	15
ভিন্নভাবে	15
উপরওয়ালার	15
কখনোও	15
সাবাহ	15
নূর	15
মাতার	15
আড়ম্বরপূর্ণ	15
পচ্ছন্দ	15
দেখতেছি	15
কুয়েত	15
হাঃ	15
নিভি	15
ভাইর	15
হারিস	15
অ্যাক্সেস	15
ওয়ার্মহোল	15
ইজেক্ট	15
কেন্ট	15
গানঃ	15
কন্ঠঃ	15
অায়	15
আবদি	15
রাফ	15
প্রতিমা	15
দিছ	15
লউরা	15
কলোনিতে	15
চ্যান্ডলার	15
শেরে	15
কিড	15
স্রোতে	15
কুক	15
ভোম্বল	15
ওলসন	15
যেইদা	15
সরফরাজের	15
উলংগ	15
গ্রেগরি	15
প্যল	15
কিংসম্যান	15
কুনজু	15
টিনা	15
অ্যাকাউন্টেন্ট	15
থালাবাসন	15
পার্লম্যান	15
জেভিয়ার	15
কাথির	15
ইয়াকাযা	15
সানসা	15
ইয়ন্ডু	15
ল্যাম	15
সাইফারকে	15
নাইওবি	15
পিটারসেন	15
পার্লে	15
সিক্রেটস	15
লেভিওসা	15
ফ্যালন	15
বেডফোর্ড	15
বাদুড়	15
গ্রেইল	15
মশ্যিউর	15
জনঃ	15
বীপিং	15
লকির	15
রুডি	15
মরডু	15
মডি	15
রাডাগাস্ট	15
হারমিওন	15
আপ্নে	15
সালেহীন	15
এলেঙ্গা	15
টাঙ্গাইল	15
হোপ	15
ভল্লালদেবের	15
উন্নি	15
আইএমএফ	15
ফোরম্যান	14
সাইরেন	14
আবহাওয়ার	14
ব্যাখা	14
জনকেই	14
গল্পটি	14
গরমে	14
বিদ্ধ	14
খেলেছি	14
ডেড	14
আইনজীবীর	14
খোলেন	14
৪৩	14
বন্ধুত্বপূর্ণ	14
সানগ্লাস	14
ডেভিস	14
সম্পৃক্ত	14
লেখতে	14
ডেস্কে	14
তোরও	14
এঞ্জেলসে	14
উত্তরসূরি	14
ছোঁড়	14
এইখান	14
বাড়িঘর	14
অযৌক্তিক	14
বঞ্চিত	14
বুঝেন	14
বস্তুত	14
পঁচে	14
ফাঁকে	14
সংগঠিত	14
আগেরবার	14
বালটা	14
রচনা	14
স্বার্থ	14
ববের	14
দেখিনা	14
ল্যাবের	14
লোকটাই	14
দরকারও	14
বিস্ময়ের	14
বাজ	14
টাউন	14
চুষে	14
ঘুমান	14
বিকাশ	14
পাবেই	14
খেত	14
গায়	14
বার্লিনের	14
কেকের	14
উজবুক	14
মজাটা	14
মোরগ	14
নম্বরটা	14
শার্টের	14
মির	14
টাইটানিকের	14
ফ্রেম	14
ট্রেসি	14
মিউজিয়াম	14
পরেছিলাম	14
সোফা	14
৫৪	14
বহনের	14
অংশের	14
এঁকে	14
আবহাওয়া	14
পতিতা	14
চিনেছি	14
গৌরবের	14
আপানার	14
চাকরের	14
বোঝাবুঝি	14
যাননি	14
মহাবিশ্বের	14
পরিমানে	14
শিল্পীদের	14
ভয়াবহ	14
চুলা	14
গাণিতিক	14
তুললে	14
বিবাহের	14
উঠবেন	14
কোটটা	14
যাত্রীদের	14
তথ্যই	14
রবিবারের	14
শুভবিকাল	14
মারধোর	14
ড্রেসটা	14
ভাণ্ডার	14
লাইটইয়ার	14
অ্যান্ডিকে	14
অ্যান্ডির	14
ডাইনোসরের	14
তাড়াহুড়া	14
কিনলে	14
এরিয়া	14
চিরজীবনের	14
বানরের	14
টাইলারের	14
শুক্রবারে	14
লিসা	14
অস্থায়ী	14
ডার্ডন	14
করতনা	14
আর্টিকেল	14
ষষ্ঠ	14
বহাল	14
বোতলে	14
হাতিয়ে	14
রুপের	14
একটূ	14
সেনাদল	14
মেম্বার	14
অর্থনৈতিক	14
অভাগা	14
ওয়েলস	14
মাউস	14
বাস্তবতার	14
গলিয়ে	14
প্রোগ্রামটা	14
ইমেজ	14
প্রতিরোধের	14
সাইফারের	14
চূর্ণ	14
কোডগুলো	14
হাঙ্গেরিয়ান	14
দুটোকে	14
কেপ	14
ভাঁড়	14
বীভৎস	14
অ্যাওয়ার্ড	14
কোমা	14
বলোতো	14
কোম্পানিকে	14
সাক্ষি	14
হামলায়	14
চালালে	14
৪৬	14
ঝকঝকে	14
প্রলাপ	14
ভূপাতিত	14
দুর্ঘটনাস্থলে	14
জোয়েস	14
প্রান্তের	14
চলতেই	14
চালনা	14
মর্ডরের	14
শায়ার	14
ওয়েস্ট	14
প্রথমদিকে	14
চিয়ার্স	14
চর	14
গাছগুলো	14
আগাছা	14
শিকারীদের	14
বেরিয়ে	14
গড়ে	14
ধ্বংসকারী	14
এরাগর্ন	14
এলেই	14
আঘাতটা	14
শিঙ্গা	14
ডমিনিক	14
ভল্টের	14
সেফ	14
এরেস্ট	14
ভ্যানের	14
উৎপত্তি	14
দাঁড়ানোর	14
করাব	14
গলাতে	14
পোজ	14
পূর্বপুরুষদের	14
লাভার	14
শোনাই	14
কোনোদিনই	14
ছড়ানো	14
স্ক্যানিং	14
বোতামটা	14
সদ্ব্যবহার	14
শোতে	14
ধরেছিলে	14
সিয়েরা	14
জমাট	14
আদি	14
তাদেরকেই	14
ফেলুক	14
সম্পাদক	14
বার্ষিকী	14
পথপ্রদর্শক	14
এরিকের	14
আফগানি	14
এটারই	14
আফগানিস্তান	14
ভাড়া	14
লাঠিটা	14
সার	14
সাঁজোয়া	14
বর্ডারে	14
বারবোসা	14
তাকাবেন	14
মানুষটিকে	14
জালের	14
অটোমেটিক	14
কেউনা	14
ধুলোয়	14
ষাঁড়ের	14
সংগঠনের	14
আরোপ	14
প্রতিরক্ষার	14
হগওয়ার্টস	14
যন্ত্রণায়	14
হ্যারিকে	14
আত্নসমর্পণ	14
বলছনা	14
ধরবেনা	14
আপনজন	14
গিয়েছিস	14
নামকরণ	14
১১০	14
প্রক্রিয়ায়	14
ঘৃণার	14
তু	14
ঈশ্বরে	14
নাস্তিক	14
ঘায়েল	14
চক্রান্ত	14
তুল্য	14
করুণাময়	14
পাগলাটে	14
মাত	14
ব্যখ্যা	14
খুজছ	14
চাদের	14
ব্রেনে	14
আদিবাসীদের	14
উঠেই	14
হাওয়ার	14
মিনিটেই	14
পুরুষকে	14
খেলতাম	14
পাঠিয়েছিলে	14
ব্যক্তিটি	14
বুলেটের	14
রিজার্ভ	14
চেকের	14
হাঁসের	14
ভবঘুরে	14
অপব্যবহার	14
পাখিটা	14
নির্বাহী	14
কন্যার	14
কণ্ঠস্বর	14
পাইছো	14
মানেটা	14
মরণশীল	14
প্রানের	14
বার্তাবাহক	14
মুদ্রা	14
কোনপ্রকার	14
ছেয়ে	14
প্রবেশদ্বার	14
ফেলেন	14
বদলেছে	14
রক্তপিপাসু	14
গতিবিধি	14
প্রাণঘাতী	14
৩৯	14
কৌতুহলী	14
বিলম্বিত	14
বাঁক	14
ভেঙ্গেছি	14
অনীক	14
আন্দালিব	14
জানেনই	14
প্রজেকশন	14
স্তরের	14
এঞ্জেলস	14
দ্বিধায়	14
ঘুমাবে	14
থামায়	14
বানিয়েছো	14
গহীন	14
লাত্থি	14
মেরেছিলো	14
শুকরের	14
অস্র	14
বুথ	14
ফেব্রুয়ারি	14
দাদাকে	14
প্রতিকূল	14
ক্যামেরাগুলো	14
বুদ্ধু	14
এগোচ্ছে	14
চিনতো	14
মালিককে	14
ভেনাস	14
হাসছিস	14
ইয়ার্কি	14
চই	14
পরীক্ষক	14
তুইই	14
ফিরি	14
অজ্ঞতা	14
মরগানাকে	14
কাগজটা	14
গ্রীমহোল্ডটা	14
কুড়িয়ে	14
খেয়ালই	14
ভালোবাস	14
বুঝাচ্ছ	14
টাইমে	14
রুপান্তর	14
পৃথিবীটাকে	14
বিশ্ববিদ্যালয়ে	14
ট্রান্সমিশন	14
এতিমখানায়	14
নেশার	14
নিরাপদেই	14
এবারে	14
ভদ্রমহোদয়	14
কেন্দ্রীয়	14
দিছো	14
শুকর	14
মৃতরা	14
পরিত্রাণের	14
শ্লোক	14
নাবিকদের	14
তাবু	14
কুয়াশা	14
৭টা	14
স্টেক	14
জিল	14
দশকে	14
মৌসুমে	14
ফস্টার	14
আব্বুকে	14
অজান্তেই	14
তোরটা	14
মুভিটা	14
সজ্জন	14
দুঃসাহসী	14
সূত্রপাত	14
প্রাণীকে	14
মেট্রোম্যান	14
এসোনা	14
করতেছ	14
ইউয়ান	14
সম্ভাষণ	14
পুরণ	14
ইনস্পেক্টর	14
উনিও	14
র‍্যাচেলকে	14
এতোটাই	14
পরপর	14
কম্বল	14
খুজ	14
লেগেই	14
নির্মল	14
গর্ডনের	14
মিথ্যেবাদী	14
ধমক	14
আটকেছে	14
ইউরোপের	14
ভূমির	14
শান্তিপূর্ণ	14
অরক্ষিত	14
পানিকে	14
নগন্য	14
ত্রাস	14
সাফল্যে	14
জনতার	14
লড়ছি	14
কোনোরকম	14
চলেই	14
গাম	14
দেখাতো	14
সুইজারল্যান্ডের	14
নিস্তেজ	14
বসেছি	14
ঘোড়াগুলো	14
চেয়েছিলি	14
সেদিক	14
ভালোমত	14
বিস্কিট	14
প্রিস্টন	14
ঝুড়ি	14
ভাগি	14
বান্দরের	14
গোনার	14
কাটাদাগ	14
যাচ্ছনা	14
আদব	14
কবরস্থান	14
কোয়ালস্কি	14
সর্ব	14
শোননি	14
গণ্য	14
অপ্রতিরোধ্য	14
পেভেন্সি	14
সামলাবে	14
ক্ষিধা	14
মাথাই	14
সীট	14
কর্মফল	14
বিজনেসের	14
ফ্যামিলির	14
বারুদ	14
পত্রের	14
পৌছেছি	14
প্রাকৃতিকভাবে	14
পোষন	14
প্যাটেল	14
ম্যা	14
ঘেঁটে	14
মর্মান্তিক	14
রাইখা	14
পিয়েত্রো	14
থাকছেন	14
অনুধাবন	14
আরেকদিন	14
দেখাত	14
অ্যান্থনি	14
মালা	14
মোরি	14
সেটায়	14
শোনায়	14
মেড	14
লাইম	14
কেনেডি	14
কটা	14
সুযোগের	14
এরই	14
তুলেছ	14
বাঁচাব	14
গুয়েন	14
উদ্দেশে	14
হুইসেল	14
রোচ	14
বায়ুর	14
ফ্রান্সিসকো	14
রাসায়নিক	14
ফলিত	14
বোর	14
বিদ্রোহীরা	14
পালনে	14
ড্রামের	14
অন্তর্গত	14
ভিসার	14
বাড়িও	14
নিউটন	14
দেওয়ালের	14
বেকারি	14
লোককেই	14
লুপিন	14
ফরচুনা	14
বাকপিক	14
নিয়োগের	14
বিশ্বযুদ্ধের	14
এয়ারক্রাফট	14
খোলস	14
কলঙ্কিত	14
তাহসান	14
হার্টের	14
জাজু	14
শুনলেই	14
একগাদা	14
থাপ্পর	14
হার্স্ট	14
ফার্মে	14
জেরী	14
দুঃসাহস	14
পরোয়াই	14
টার্গেটকে	14
সেইদিন	14
ঘুমোও	14
খাটাশ	14
ভালোবাসিস	14
স্পিকার	14
জানিয়েছি	14
লড়ছে	14
ওয়ার	14
মিটিংয়ের	14
চিমটি	14
মারছ	14
পাওয়ারফুল	14
স্থানাঙ্ক	14
যাবো	14
আলোকে	14
ইজ্জত	14
বেড়াই	14
ইথার	14
মনুষ্য	14
আব্রাহাম	14
দেশপ্রেমিক	14
আসবা	14
চষে	14
যাবজ্জীবন	14
ওলাভসেন	14
কালেকশন	14
রসিক	14
নোঙর	14
ছুটতে	14
বিবাদী	14
চুন	14
দৈহিক	14
আরভিং	14
নির্দেশাবলী	14
পিষ্টক	14
ভূগর্ভস্থ	14
ইউরেকা	14
সময়কার	14
হানিমুন	14
জ্বীনের	14
গবেষনা	14
জ্বিনকে	14
কুবলাদার	14
ইরহান	14
করুণার	14
এয়ারলক	14
ক্লাসিক	14
পড	14
মাইয়ার	14
পর্যটক	14
ইনিই	14
সম্পূর্ন	14
গোত্রদের	14
আবালের	14
আশাই	14
বিনীত	14
মুম্বাইয়ের	14
দুলাভাই	14
য	14
সাথ	14
হের	14
চেরি	14
এব্যাপারে	14
মাকুঙ্গা	14
তিৎসি	14
নেকড়ের	14
ফ্রাইডে	14
দোল	14
সাড়া	14
অনবরত	14
ধর্মগুরুদের	14
বিবেচনায়	14
বীরত্বের	14
রয়েস	14
সিসিটিভি	14
একইসাথে	14
ফিনিশ	14
ওয়াংরু	14
কম্পানির	14
ভ্যাকুয়েম	14
অজয়ের	14
দিকেও	14
বলিসনি	14
স্কাইনেটের	14
বিচারপতি	14
অবসরপ্রাপ্ত	14
বুয়েন্স	14
শিকড়	14
কর্নেলের	14
পাগুলো	14
ব্যানার্জী	14
কালবাপুড়ি	14
প্রসাদ	14
শিখিয়েছি	14
হারা	14
দুর্বলদের	14
প্যানকেক	14
ওয়লফ	14
মুলার	14
অধিপতি	14
মোরে	14
চার্লসের	14
পোলাও	14
পোলার	14
উপ্রে	14
পান্ডাদের	14
ডুড	14
নিমিষেই	14
বোকাচন্দ্র	14
মিউটেশন	14
জাও	14
সমারসেট	14
ইচ্ছাটা	14
ফ্লাওয়ার	14
বাড়ীতে	14
ড্যাভিড	14
নিরাময়	14
বাড়াতে	14
পাড়া	14
এনডিউরেন্সের	14
রম	14
বুসানে	14
রামানা	14
বলেও	14
বিবপ	14
গিনিপিগ	14
রিচার্জ	14
অ্যামডারস্কি	14
জোওন	14
অয়েস	14
কেভ	14
এইস	14
সোলোজো	14
জোসে	14
ইয়নডু	14
গামোরা	14
শায়ামা	14
উইন্ড	14
হাউটেন	14
পুনঃপ্রচলন	14
গড়	14
এভারডিন	14
লিওনাইডাস	14
শিবকে	14
লিয়ন	14
কোভেন্যান্ট	14
ড্রাক্স	14
এইটি	14
চুক্তিপত্রের	14
হারমায়োনি	14
জেইমি	14
পুর্ণ	14
নবাব	14
কস্টেলোর	14
ক্রিডি	14
ফ্র্যাজিয়ার	14
ভ্যান্ডি	14
তাজোমারু	14
সত্যিৎ	14
হোপারের	14
বোনসোন	14
মঁসিয়োর	14
বাকবিক	14
রাসিকা	14
জলতি	14
গ্ল্যাস	14
কালকেয়ার	14
মাহির	14
চেমিল	14
রিকটাস	14
কোত্তাতিল	14
ব্যাপারটাকে	13
সীটে	13
পারছিলেন	13
বাচ্চাটিকে	13
বহুবার	13
বাবারা	13
দেখাচ্ছেন	13
ছিন্নভিন্ন	13
ঘুসি	13
সুবর্ণ	13
অনেকক্ষন	13
পাওয়াটা	13
হাজারবার	13
আপাতদৃষ্টিতে	13
উপরতলায়	13
বস্তির	13
টুর্নামেন্টের	13
কয়েকজনকে	13
টেনিস	13
থামবেন	13
চিন্তাই	13
অনুবাদকের	13
দ্বিধাগ্রস্ত	13
নিগ্রোর	13
খতিয়ে	13
সাহিত্য	13
পরজীবী	13
ইউরোপিয়ান	13
বসবাসের	13
শুনলি	13
আনুষ্ঠানিক	13
আন্তরিকভাবে	13
নেভাও	13
কদিন	13
বিদেশি	13
বিশৃঙ্খল	13
চুলগুলো	13
লেখে	13
বিষয়েই	13
থাকবা	13
অন্যান্যদের	13
পড়িয়ে	13
শিখলাম	13
তাকিয়েই	13
প্লাজমা	13
মিলিমিটার	13
জবানবন্দী	13
অটোম্যাটিক	13
জানালো	13
কুকুরদের	13
মৌমাছি	13
ধরেন	13
৫৫	13
সেবক	13
উচ্চতর	13
স্বপ্নই	13
করছেটা	13
পরিদর্শক	13
শিখেছো	13
রাতেও	13
উচ্চারন	13
স্টোর	13
জায়গাটার	13
ভিতরটা	13
টিকিটটা	13
কমানো	13
ললিপপ	13
লুকোনোর	13
খেলছিলাম	13
টার্মিনালে	13
সিন্দুকটা	13
ভালোবাসেন	13
কুর	13
শেখাও	13
ম্যাড	13
সূত্রে	13
থামবো	13
আর্টিস্ট	13
জীবনরক্ষাকারী	13
রাখেনি	13
ইতর	13
৬৫	13
আপনারও	13
অরিজিনাল	13
সিন্দুকে	13
কুয়া	13
অংকের	13
ডলারে	13
জেনেছে	13
পিপ	13
উলটো	13
রেজিস্টার	13
থাকবনা	13
ল্যাংড়া	13
প্যাডেল	13
এজেন্টকে	13
এইসবের	13
থেরাপি	13
মরবেনা	13
বৃহস্পতিবারে	13
টিউমার	13
প্রতিরাতে	13
ব্রেসলেট	13
সিটের	13
ঘাবড়ে	13
শান্তশিষ্ট	13
ইলেকট্রিক	13
গ্রাহক	13
রিল	13
নিঃস্ব	13
পারতনা	13
ডেটোনেটর	13
কনডম	13
নাড়াতে	13
মেন্টাল	13
পুর	13
পৌঁছেছেন	13
ছেলেখেলা	13
কমিউনিটি	13
কানেক্ট	13
চাচ্ছিলে	13
গ্যালন	13
অসম্পূর্ণ	13
হাতজোড়	13
লেফটেনেন্ট	13
কলটা	13
হোসাইন	13
বর্ষণ	13
ব্যবসায়ী	13
প্রক্রিয়ার	13
বিজয়ীদের	13
প্রোটিন	13
শিরায়	13
ক্যাফেতে	13
ডাক্তারদের	13
অন্যজন	13
বিউটি	13
খেলছিলে	13
সেকেন্ডেই	13
ফিলিংস	13
বোঝোই	13
ক্লায়েন্টের	13
জমবে	13
পালিত	13
ট্যাক্সিতে	13
এনজয়	13
ওয়ার্নিং	13
ব্রিলিয়ান্ট	13
ওয়েবসাইটে	13
সাজার	13
বদলিয়ে	13
মিত্র	13
অতর্কিত	13
নিয়ন্ত্রিত	13
জেনারেলকে	13
উড্ডয়ন	13
হাতিয়ারের	13
পায়খানা	13
বাহিনীতে	13
স্বরাষ্ট্র	13
মার্কেটের	13
আনাড়ি	13
ক্ষয়	13
এলাকাটা	13
চালাবি	13
কর্পোরাল	13
গন্ধে	13
মিডল	13
চলতো	13
চাটনি	13
নেয়া	13
মহানুভবতা	13
দূরবর্তী	13
পড়	13
ফেরি	13
দৌড়	13
অর	13
ঘুমিয়ে	13
১০টা	13
জড়ো	13
প্রতারণার	13
নিয়েছি	13
নিঃশ্বাসের	13
তলোয়ার	13
ভাগ্যকে	13
শুয়ে	13
খাতায়	13
অভিমত	13
মনি	13
দুইজনেই	13
গ্রান্ড	13
ঘেরা	13
ড্যাম	13
মিরাজ	13
নামেও	13
স্টেজে	13
স্কিন	13
আঙ্গুলে	13
উৎসবে	13
স্কাই	13
অন্ধের	13
৯১১	13
মিউ	13
ড্রাইভারকে	13
করছটা	13
আটকাবে	13
বাজান	13
নিকটবর্তী	13
হারিয়েছিল	13
পিতামাতার	13
চেহারাও	13
কাটবো	13
গতবারের	13
ম্যাগাজিনে	13
সচরাচর	13
অনুপ্রাণিত	13
মিনতি	13
আলোয়	13
আবৃত	13
জমানো	13
দড়িটা	13
র‍্যাপ্টর	13
রিকা	13
পারিশ্রমিক	13
ওড়ার	13
পেয়েই	13
দেখাশোনার	13
পাকানো	13
এম্পুডি	13
পাননি	13
আসলেও	13
জবাই	13
পাত্রের	13
হোঁচট	13
মাডব্লাড	13
লংবটম	13
ছড়াচ্ছে	13
ডিগরি	13
দমিয়ে	13
বর্ষে	13
ঘুড়িয়ে	13
ডিউটিতে	13
দ্বারাই	13
দৈত্যের	13
মহল	13
বজ্জাৎ	13
উত্তেজনার	13
ভাল্লুকের	13
কলমে	13
প্রসঙ্গ	13
দাতব্য	13
গুহামানব	13
দেখল	13
খাতা	13
পরিচয়পত্র	13
বাহ্যিক	13
সংক্রমিত	13
জানল	13
মিলবে	13
হাজারটা	13
প্রতিধ্বনি	13
নৈতিক	13
ত্রাণকর্তা	13
ভালোবাসাকে	13
হাসে	13
শিল্পের	13
খোসা	13
ট্রেক	13
জর্জরিত	13
পিপাসা	13
মুখস্ত	13
রোববার	13
স্তম্ভ	13
কুড়াল	13
ওয়াইল্ড	13
খাদ	13
ঐরকম	13
ফ্লিন্ট	13
তারচেয়েও	13
হাসছো	13
রক্তচাপ	13
নাইস	13
পরিত্যাক্ত	13
এভিনিউ	13
হত্যাকারীকে	13
ওয়েটিং	13
শান্তিমত	13
করিসনা	13
ঐখানেই	13
বাজনা	13
সম্প্রদায়ের	13
বিদ্যা	13
পসেইডনের	13
থেকেছে	13
জিউসকে	13
পাড়া	13
আশংকা	13
যুক্তিতে	13
দোস্তো	13
ফিরলো	13
চায়নাতে	13
হজম	13
তক্তা	13
আকাঙ্ক্ষা	13
কৃমি	13
বাসাটা	13
ইশারায়	13
জগতটা	13
অবচেতনের	13
পাল্টানো	13
দেখাটা	13
ক্যামন	13
সায়	13
খারিজ	13
বিদায়ী	13
রামছাগল	13
সিউল	13
সবল	13
অপহৃত	13
সঙ্কেত	13
দরকারী	13
লিপ	13
ডেক্ল্যান	13
ওয়াশিং	13
বিড়ালটা	13
জিতবো	13
গাদা	13
খাওয়াবো	13
প্রস্তাবের	13
সন্ত্রাস	13
তদন্তে	13
অতুলনীয়	13
ব্যাংকার	13
সাক্ষীর	13
সান্তোস	13
সৌভাগ্যক্রমে	13
বৃহত্তম	13
পরামর্শদাতা	13
গাধাটাকে	13
ডায়েরি	13
সিমেন্ট	13
দেহকে	13
ইউন	13
যৌনসঙ্গম	13
হোস	13
ডাই	13
বিশ্বাসঘাতকতার	13
যতোসব	13
বিদ্বেষ	13
আঙটি	13
বললা	13
বলতেছো	13
জানের	13
দেখবা	13
উপরেও	13
সিগন্যালের	13
পর্ণ	13
সুলভ	13
ক্লাশ	13
গুলোই	13
টয়লেটের	13
করাবো	13
অভূতপূর্ব	13
ভ্রমনে	13
ঐন্দ্রজালিক	13
দুঃসাহসিক	13
সারেন্ডার	13
এতোদূর	13
ঘুরান	13
জাতীয়	13
দেওয়ার	13
প্রতিকার	13
খাইনি	13
সন্ধ্যায়	13
সমীপবর্তী	13
পণ	13
বৈঠক	13
এনার্জি	13
রিডিং	13
ডেকেছ	13
ডেকেছিলাম	13
আত্নার	13
টাইটেল	13
ম্যালেনার	13
রিও	13
কভু	13
হাবা	13
সংকুচিত	13
দিবসের	13
পরিনতি	13
খাইসে	13
দেখিও	13
করতাছে	13
হাইভের	13
চলেছিল	13
উশুর	13
বয়সও	13
বহুকাল	13
চির	13
চড়ি	13
অ্যান্ডারসন	13
সৈনিকের	13
দেশি	13
শিগগিরই	13
বাঁচলাম	13
গেমের	13
ফ্রিতে	13
নাড়িভুঁড়ি	13
মেয়েকেই	13
উঠব	13
টুর্নামেন্টে	13
এথেন্স	13
ব্যালিয়ান	13
রাখিনি	13
পিতাকে	13
আরবের	13
খ্রীষ্টান	13
গ্রামবাসীদের	13
স্থাপিত	13
উদ্দিন	13
জলিলের	13
হয়োনা	13
ছাড়ানোর	13
করবিনা	13
বকবকানি	13
বাদশাহ	13
রোমাঞ্চ	13
নির্মাতাঃ	13
ড্রাইসকোল	13
বোটের	13
পরোয়ানা	13
কমেডি	13
আত্মত্যাগ	13
গড়া	13
বার্টি	13
ভেবেচিন্তে	13
পাল্লা	13
পরবর্তি	13
তুষারপাত	13
হেরেছি	13
মারিনি	13
আশির্বাদ	13
সাংহাই	13
মামুলী	13
জ্যাকেটের	13
আর্ল	13
অস্ত্রশস্ত্র	13
পরিক্ষায়	13
খদ্দের	13
৫২০	13
সিকোয়েন্স	13
নড়বড়ে	13
অপমানজনক	13
কোমরের	13
কামানোর	13
কইলাম	13
ন্যুডলস	13
সম্ভাব্যতা	13
গর্ববোধ	13
ডাকত	13
পলির	13
চীজ	13
কোদাল	13
বাসো	13
জেনারেলের	13
বুঝলো	13
জানো	13
ডগলাস	13
ঘটায়	13
বন্ধুটা	13
সেখানের	13
অনুসন্ধানের	13
চ্যাপেল	13
লিটার	13
উভয়ের	13
মিলিটারির	13
কণ্ঠে	13
বেড়াচ্ছি	13
ডেকেছিল	13
ব্রিটেন	13
প্রকৌশল	13
জন্মেছে	13
বাঁচালে	13
দিয়েছিলেন	13
ভরার	13
চৌম্বক	13
মনোনীত	13
রক্ষীদের	13
নিউইয়র্কে	13
৬১	13
নয়া	13
প্লেনটা	13
স্ক্যাবারস	13
পোষ্য	13
গোল্ডবার্গ	13
নায়িকা	13
রজার্সের	13
রাজনীতির	13
কর্মীরা	13
হাওয়াই	13
পৌঁছায়	13
দূষণ	13
লোম	13
খেও	13
ক্লার্কি	13
লুকিয়েছে	13
ব্যবসায়ীর	13
পরকাল	13
মহিন	13
বাগদাদ	13
গাড়িটার	13
ডাইরেক্টর	13
জেলি	13
চ্যাট	13
টাকলা	13
খোলাই	13
উল্টোটা	13
দেখাচ্ছিস	13
ইউটিউব	13
ব্যান্ডে	13
স্বাভাবিকভাবে	13
অ্যানার	13
ট্যুরে	13
ফুটন্ত	13
ম্যান্ডারিন	13
বাবুর্চী	13
নিছে	13
সিড়ি	13
গর্দান	13
ক্ষণিকের	13
অণু	13
চ্যানেলের	13
নাড়াচাড়া	13
থাকছ	13
এভানোরা	13
ভোজন	13
এলসি	13
ক্রিস্টিনা	13
দিয়	13
টাইসন	13
মারথা	13
জাহাজকে	13
বজ্র	13
কেঁড়ে	13
জ্যাকঃ	13
জন্মেছিল	13
রোডেরিক	13
দ্বিগুন	13
এহন	13
মিদো	13
আড়ি	13
অঁ্যা	13
পাসে	13
মার্ট	13
সূর্যাস্ত	13
আন্দোলন	13
পাহাড়ি	13
হোলে	13
পাতি	13
নিদ্রালু	13
বোথ	13
হাস্যময়	13
মানচিত্রে	13
তুমিকি	13
চব্বিশ	13
দরগা	13
মরণের	13
এখনোও	13
লিখো	13
বেবস্থা	13
অক্সিজেনের	13
ম্যাডে	13
সহযোগিতায়	13
কহন	13
তলে	13
পোলাপাইন	13
চললো	13
চটপটে	13
পদ্ধতির	13
মারাই	13
বোকচোদ	13
ক্ষমতাটা	13
রক্ষায়	13
সাক্ষাৎকার	13
চিওলকে	13
কাউন্সিলে	13
হাউসে	13
ভিনুর	13
সেজন্যে	13
হবস্	13
কেবিনে	13
শার্লি	13
লুঙ্গি	13
চিতার	13
অস্পষ্টভাবে	13
প্রমে	13
টেক্সাস	13
ক্যারালাইন	13
স্ক্রুজ	13
টিমি	13
রাজেশ	13
রশ্মির	13
পাদ্রী	13
পদার্থবিদ	13
ক্যাম্পাসে	13
সুখকর	13
গাড়ীটা	13
রেডির	13
বোম্ব	13
ওলো	13
কক্ষপথ	13
দুরত্ব	13
ড্রয়ারে	13
বাবুর	13
জনৈকঃ	13
হেইউড	13
বগস	13
ম্যারেজ	13
ঝাকানাকা	13
বিচক্ষণ	13
মারভিন	13
গোপনীয়তার	13
ভিয়েনায়	13
রোমেনোফ	13
অ্যালেক্সান্ডার	13
নিরুদ্দেশ	13
সম্রাজ্য	13
পাঁচশত	13
দানবরা	13
খয়রাতের	13
দেবের	13
মিউট্যান্টরা	13
জাগাতে	13
সমর্থনযোগ্য	13
সহায়ক	13
ইয়াম	13
দিল্লিতে	13
ডায়লগ	13
ওত	13
এন্ডি	13
বাঁচাবো	13
সার্ফ	13
আইনে	13
ধান	13
উঁহু	13
কেরালায়	13
খেতাব	13
ঠাট	13
ভূট্টা	13
উত্থাপিত	13
প্রতিশ্রুত	13
ভূতটা	13
এডমন্ডস	13
অনন্যতা	13
নগরে	13
বন্ধুও	13
অাসলে	13
স্পেন	13
এ্যালি	13
কেসি	13
যুবকের	13
বিলিয়নের	13
শিল্পার	13
ফেলিক্স	13
এলসা	13
টরাসের	13
চাঁবি	13
লকার	13
রিয়েলস	13
মুসার	13
গেমস	13
গুনথের	13
আছে৷	13
বলবীর	13
ভিগো	13
প্রেতের	13
লান্সেলট	13
মারধর	13
ব্যাঙ্গালোরে	13
রেসের	13
ক্রেমলিন	13
টোবি	13
চ্যাং	13
জিবার	13
ফেলিসিটি	13
ল্যানিস্টারদের	13
মহাদয়া	13
টুথ	13
খালার	13
প্রমত্ত	13
বেনিন	13
অ্যারেন	13
তোমরা	13
লিনডা	13
ড্যাংলার	13
প্রসেট	13
এলিনর	13
কন্সটেন্স	13
তেসা	13
বুভদের	13
গ্রিভার	13
একান	13
মেথিও	13
পেল্ট	13
সাঙ্গা	13
ছায়াছবিঃ	13
কামবুর	13
মৈদেনের	13
ইউটাহ	13
আপনারাই	12
ভদ্রলোকগণ	12
অবাস্তব	12
বয়	12
পরিসংখ্যান	12
গতানুগতিক	12
কারণই	12
ওইরকম	12
বস্তি	12
আপনারাও	12
প্রমানের	12
বদলায়নি	12
শোনেনি	12
উপরতলার	12
কাঁধের	12
কাশির	12
কথাটি	12
প্রতিবেশীরা	12
জবাবদিহিতা	12
হাঁটছি	12
পয়েন্ট	12
ঝরনা	12
তাদেরও	12
কুসংস্কার	12
চশমার	12
চাননা	12
বহিষ্কৃত	12
ভোদাই	12
সুইনি	12
ভিনিয়ার্ড	12
পরিবেশগত	12
কারে	12
ফন্দি	12
ইয়াহু	12
দারিদ্র	12
বিপুল	12
বোগাস	12
পুলিশেরা	12
অন্যায়ের	12
শক্তিশালি	12
সুস্থে	12
ছাতার	12
বর্ণের	12
ফাও	12
উপসংহারে	12
লইয়া	12
মর্ট	12
সঞ্চালন	12
ধুসর	12
বিলীন	12
ঠেকিয়ে	12
ঘন্টাখানেক	12
শিখিয়েছিল	12
নড়বেন	12
ভাসে	12
আত্মরক্ষার	12
প্লেটে	12
ঝুকে	12
কিচেন	12
কার্পেট	12
নীরবে	12
ভালবাসায়	12
ট্যাঙ্কের	12
মিলেমিশে	12
খেওনা	12
ফিরছে	12
চিং	12
অভিজ্ঞতার	12
উদ্ধারকারী	12
বৃদ্ধা	12
প্রচারের	12
হতেন	12
পড়েছিলেন	12
৫২	12
মিসস	12
ফিরেও	12
ফিশিং	12
আপ্যায়ন	12
মের	12
কাউন্টেস	12
শ্রেণী	12
ম্যাচের	12
ডুবতে	12
পেয়েছিলেন	12
রংয়ের	12
খোদাকে	12
নীচু	12
নিলেই	12
ভাবলেন	12
সাইটে	12
প্রতিভার	12
ঈসা	12
ক্রিস্টাল	12
অনিবার্য	12
পালতে	12
জেদি	12
ছাড়বনা	12
এলার্ট	12
স্কেচ	12
ব্র্যান	12
উড	12
নিবেনা	12
সঙ্গীকে	12
চেহারাই	12
ঘুমে	12
হানিমুনে	12
উপস্থিতিতে	12
ফ্লু	12
ভঙ্গুর	12
বাকিগুলো	12
টায়ারের	12
স্টোরি	12
ধোঁয়ায়	12
স্টাইলের	12
ঘাঁটাঘাঁটি	12
আক্রান্তদের	12
কর্নিলিয়াস	12
দুয়ারে	12
নারকেল	12
খরচের	12
ট্রিপে	12
জ্বলতে	12
ত্যানা	12
কলঙ্ক	12
সন্ন্যাসী	12
হতনা	12
লিখেছিলাম	12
সের	12
কুত্তারবাচ্চা	12
অসুস্থতা	12
কর্পোরেট	12
এম্বুলেন্স	12
আলহামদুলিল্লাহ	12
বাধো	12
কেন্দ্রের	12
জানতোনা	12
আবেগকে	12
কুকি	12
থাকাকালীন	12
দৌড়ের	12
পুরুষরা	12
পেশাগত	12
ইভিনিং	12
স্বপ্নটা	12
খাম	12
স্যালি	12
নিকের	12
বসানো	12
প্রজেক্টের	12
বয়ফ্রেন্ডের	12
যারে	12
ক্যাথি	12
নট	12
গৌতমের	12
রঘু	12
সাইকো	12
ট্রাস্ট	12
ওপেন	12
মার্জিত	12
ছুড়তে	12
ঢুকানোর	12
সড়ক	12
মরেছি	12
ধেয়ে	12
স্কটি	12
লেজের	12
রিলোড	12
বাবারে	12
সেসময়	12
ভিয়েতনাম	12
বুজে	12
কীর্তি	12
ওপরের	12
ঘাট	12
ব্রি	12
বেকন	12
উঠেছেন	12
আগন্তুক	12
খেয়ে	12
উপত্যকার	12
ধাঁধাঁ	12
গুহাতে	12
আধার	12
সেতুর	12
বাহক	12
নিতান্তই	12
অহেতুক	12
বজ্রপাতের	12
প্রদীপ	12
ফেলছেন	12
বেনেডিক্টের	12
সাউল	12
ডেমো	12
উৎসুক	12
একজোড়া	12
হিসাবের	12
ফ্লোরের	12
৯৫	12
মনিটরের	12
ফাং	12
আইসা	12
মিউজিকের	12
জীবনটাকে	12
সাধ	12
আমাদেরকেই	12
মেকা	12
ফার্মের	12
এমনেই	12
অপরিবর্তনীয়	12
ইউজ	12
লকারে	12
চুপি	12
একমাস	12
আয়া	12
বাহন	12
মেলায়	12
মানুষে	12
বরণ	12
খুঁজছিলে	12
রাখতেই	12
আক্ষেপ	12
যাচ্ছেতাই	12
মিশ্রিত	12
অস্টিন	12
চাঁদে	12
কমেছে	12
তাঁবু	12
মজুরি	12
হিসাবটা	12
দাওনা	12
মালিকানা	12
যানবাহন	12
শ্রম	12
পাড়	12
কর্মকর্তার	12
বুঝাও	12
পিঠের	12
প্রণাম	12
সার্কেল	12
ভাজি	12
যন্ত্রপাতির	12
প্যারা	12
হেডকোয়ার্টারে	12
কোকিল	12
ডাম্বলডোরকে	12
মার্লিনের	12
আজকাবান	12
গুরুত্বের	12
লিখছে	12
স্টূপিফাই	12
শিকারকে	12
পরিসীমা	12
বাহিরেই	12
ভাবটা	12
বোর্ন	12
দশকের	12
নবীন	12
হাড়ে	12
উষ্ণতা	12
শস্য	12
একট	12
বুঝতাম	12
সংক্রমণ	12
দুর্ভাগ্যক্রমে	12
দানবেরা	12
বোস্টন	12
ফিজিক্স	12
পালিয়েছি	12
ঘুরেছি	12
নির্ভীক	12
হোস্টেলে	12
রাজান	12
আজে	12
নিকুম্ব	12
স্বপ্নকে	12
বচ্চন	12
সবকিছুরই	12
চুম্বন	12
মহাবিশ্ব	12
ভুলবে	12
ব্রক	12
মার্কো	12
পিটারকে	12
ফোন	12
সেরাদের	12
মিখাইল	12
পুলিশও	12
জোরদার	12
খাওয়ানো	12
ঘুমাব	12
কামের	12
কেজির	12
আঙ্গুরের	12
সুটকেস	12
ড্রাই	12
শালী	12
মাহিয়া	12
নিসার	12
খচ্চর	12
মসজিদ	12
আশি	12
হইছিলো	12
পুরাপুরি	12
গৌরব	12
বেথ	12
একমিনিট	12
মহিষ	12
পটু	12
বিদঘুটে	12
দুর্ভাগা	12
বাংলাদেশ	12
জুতোর	12
বেরোয়	12
চাবে	12
সংকেতটা	12
চিহ্নটা	12
টিউব	12
পাচারের	12
শ্যেন	12
শিল্পীরা	12
ওপরতলায়	12
কর্মরত	12
কর্পোরেশন	12
ঝুঁকিটা	12
দালানের	12
সম্পর্কটা	12
ফিশারকে	12
কাটাই	12
এইড	12
ভাগিয়ে	12
চোরদের	12
কামানো	12
জং	12
কাঁদছো	12
ইঞ্চির	12
কন্যাকে	12
ডাবলিনে	12
সম্মেলন	12
মগ্ন	12
ফ্লাশ	12
দেনা	12
সৌন্দর্যের	12
ডাকবেন	12
স্টেফানো	12
মার্ফির	12
সেকেলে	12
শান্তিময়	12
দশটায়	12
কনি	12
বেশীই	12
নাচা	12
বিদেয়	12
ছটফট	12
দাঁড়াচ্ছে	12
দেয়ায়	12
কিমা	12
বেগ	12
খুনে	12
মারাত্মকভাবে	12
প্রফেসরের	12
ভিকটিম	12
কাতর	12
নিয়ন্ত্রক	12
জাদুবিদ্যা	12
ভিরোনিকা	12
মরগানা	12
বোল্ট	12
নৈতিকতা	12
সম্ভবনা	12
স্পৃহা	12
অভিনয়ের	12
প্রত্যাখ্যাত	12
নাবালক	12
কৃষ্ণা	12
গুন্ডারা	12
ফা	12
ব্লাডি	12
পূর্বপুরুষের	12
সবধরনের	12
লড়	12
উপভোগ্য	12
সাহায্যই	12
জাদুমন্ত্রের	12
অত্যাচারী	12
থামাবো	12
জরিয়ে	12
সংস্পর্শে	12
ক্রমবর্ধমান	12
দ্রুততম	12
খাদ্যের	12
বেশীদিন	12
ভ্রম	12
ভুতুড়ে	12
শ্বাসের	12
সুযোগে	12
শিথিল	12
দন্ড	12
খুবি	12
সিগনোরা	12
কোমরে	12
রেঞ্জের	12
কমিউনিস্ট	12
উৎসাহিত	12
মন্দের	12
মাকড়	12
আলাপচারিতা	12
চোখা	12
টাইটেন	12
কিল	12
ট্যাগ	12
হাইভে	12
হাইভ	12
উৎপন্ন	12
এইভাবেই	12
ভাতের	12
সীমান্তের	12
বেসরকারি	12
মাতলামি	12
আন্দাজে	12
লাভটা	12
হালা	12
কামে	12
বাচ্চাই	12
চলেও	12
শিগ্রই	12
দৃশ্যমান	12
অবিকল	12
ফাংশন	12
এঙ্গেজমেন্ট	12
মাগি	12
কামিয়ে	12
ভালটা	12
মিশর	12
হ্রেষাধ্বনি	12
আস্	12
ঝুলানো	12
গোঁড়া	12
বিশ্বস্ততার	12
বাঁচব	12
বাস্তবায়ন	12
চিতকার	12
পালটা	12
লাশকে	12
আকবার	12
আজীবনের	12
খাচ্ছিলাম	12
চারজনের	12
অবস্থাই	12
খুদে	12
পেঁচানো	12
পাহাড়া	12
জানতামই	12
যোগায়	12
পাইপে	12
হাবুডুবু	12
রাখুক	12
নিরেট	12
দুশ্চিন্তার	12
ওয়ার্মটেল	12
একাডেমী	12
মাশাল্লাহ	12
গাছকে	12
দিনশেষে	12
কামড়ায়	12
মজায়	12
নারনীয়ায়	12
আলমারীর	12
ভোদড়	12
জানাওনি	12
ডাইনীটা	12
পেরুতে	12
একটাতে	12
সাগরেদ	12
ন্যায়বিচারের	12
পাগলদের	12
রসিদ	12
শুয়েছিলাম	12
মেরুদন্ড	12
সঙ্ক্রান্ত	12
অর্থনীতিতে	12
তালিকাভুক্ত	12
কৃতকার্য	12
অগাস্টিন	12
প্যান্ডোরার	12
সাক্ষাৎকারের	12
শিষ্টাচার	12
স্করপিওন	12
শেখাবো	12
আনঅবটেনিয়াম	12
রেকন	12
ফালামু	12
ওহহো	12
রোজা	12
কুফা	12
পারতেই	12
দিনটাকে	12
উৎসাহী	12
দাহদাহ	12
শোও	12
ভাগ্নে	12
ডাকাতরা	12
ইনকাম	12
সকালটা	12
ডেজার্ট	12
টানবে	12
সহযোগিতার	12
পোড়া	12
শিখছি	12
স্টুডেন্ট	12
সমর্থ	12
অভদ্রতা	12
কাস্টমারের	12
আসক্তি	12
অফিসাররা	12
ভরসায়	12
সম্ভ্রান্ত	12
মিনিস্টারের	12
স্টেশনটা	12
খরচে	12
মসজিদে	12
রসুন	12
নাইটস	12
উরিয়ে	12
অধিকতর	12
নিম্ন	12
উডস	12
সৌর	12
পুনর্বিবেচনা	12
স্ট্যান্ড	12
বিনষ্ট	12
এপয়েন্টমেন্ট	12
জেনো	12
কুপন	12
জাগে	12
মাস্টার্ড	12
১২০০	12
দেখতেন	12
মার্জ	12
অন্যকাউকে	12
অন্ধকূপ	12
ঝাড়ুলাঠির	12
আকর্ষিত	12
রাখবেনা	12
বায়ুমণ্ডলের	12
কন্টাক্ট	12
ল্যান্ডিংয়ে	12
ধ্বসে	12
কলোনির	12
অংশকে	12
ভরিয়ে	12
জায়গাই	12
জলপ্রপাত	12
অস্ত	12
পিঁপড়া	12
কোত্থাও	12
আলতু	12
সম্বন্ধ	12
পস্তাবে	12
বেড়ানো	12
তিমন	12
খানে	12
ভিজিয়ে	12
শ্যান্কস	12
লটারি	12
কষ্টটা	12
সাজেশন	12
সন্মান	12
ট্র্যাকার	12
মেরেছিলে	12
গার্লফ্রেন্ডকে	12
ওখানেও	12
অবতরণের	12
মোবাইলটা	12
শুনিয়েছে	12
শালীন	12
চারপাশটা	12
হঠাৎই	12
অল্ড্রিচ	12
জুম	12
ম্যান্ডারিনের	12
জানাশোনা	12
বন্দুকে	12
রেটিনা	12
উদ্যমতা	12
রোডি	12
ঘুমাইনি	12
ক্রুডস	12
ওইটার	12
দাদি	12
তুষারের	12
গোয়াতে	12
রাহুলের	12
উদাসীন	12
ইন্টার্ন	12
ব্রহ্মাণ্ডের	12
নৌ	12
ওয়াশিংটনের	12
স্টেনজ	12
বলিয়ে	12
বন্ধী	12
বেলি	12
করান	12
প্যাচসমূহ	12
বিস্ময়	12
বিজ্ঞ	12
জায়গামতো	12
এলসির	12
ধাবিত	12
সত্বেও	12
উপদেবতা	12
ঘটাবে	12
পৌছাবে	12
জর্জের	12
মাথাওয়ালা	12
মুকুটটি	12
ঢেকি	12
শিমগুলো	12
রাজকুমারীকে	12
মিয়াকে	12
স্পেনের	12
হর্ণ	12
ভায়োলেট	12
ভুলিয়ে	12
ডাক্তারটা	12
যাদুমন্ত্র	12
কাতুকুতু	12
অপহরণকারী	12
এরেবর	12
ভক্ষক	12
পাথরগুলো	12
কোষগুলো	12
নিম	12
খুজবে	12
কলিটা	12
হেক্স	12
নেয়	12
কুড়ান	12
খ্রীষ্টের	12
প্রদর্শিত	12
আমিত	12
মনসাই	12
কুবিলায়	12
জ্বিনের	12
আন্টিকে	12
তিলে	12
আঘ	12
নব	12
চ্যাপিন	12
টিবিটস	12
মূলক	12
১৩৮	12
ট্রিচ	12
চাবুকের	12
ততোটা	12
লাভবান	12
কইতে	12
দর্শকের	12
৮২	12
আরা	12
ড্রাইভে	12
গন্য	12
মেতে	12
ট্রাফিকের	12
ডাকলো	12
খোজখবর	12
প্রতিজ্ঞাবদ্ধ	12
গ্র্যান্ডপা	12
কিমের	12
এদিকটা	12
জানস	12
মরিয়ার্টি	12
ধরিস	12
ওয়ার্ট্	12
ম্যারনি	12
গুন্ডাদের	12
ডেন্টকে	12
কুর্ট	12
ছাড়ি	12
পরীরা	12
সংক্রামক	12
টিঙ্ক	12
মোকাবেলার	12
সোয়ান	12
অ্যারিজোনা	12
জেস	12
ম্যাসন	12
ভিক্টোরিয়া	12
স্টপেজ	12
মিরিয়াম	12
মই	12
হোলি	12
মটরশুটি	12
দুনিয়াটাকে	12
জম্বি	12
লিফলেট	12
ভরটেক্সের	12
বাব্বি	12
পিংকে	12
চাতুর	12
মুখস্থ	12
প্রভাত	12
খুললো	12
সবায়	12
স্কটিশ	12
রোমানো	12
মুদি	12
নোটারি	12
দর্জি	12
টিসাহিক	12
ভিনগ্রহী	12
সাহেলু	12
টেকসই	12
নেয়তিরির	12
কোয়ারিচ	12
য়েক্টান	12
ত্রাসের	12
ধ্ধংস	12
বিন্যাস	12
মেরির	12
খেলাধুলা	12
দুঃখজনকভাবে	12
নোটবুক	12
মহালক্ষ্মী	12
ফুফার	12
ভেঙ্কানা	12
নাগাভেলি	12
নান্দুর	12
ভিক	12
আর্নি	12
গ্লেন	12
ঘরবাড়ি	12
মন্থর	12
বানি	12
রামলোর	12
এতকিছুর	12
১১৭টা	12
নিউক	12
ভিয়েনাতে	12
রসের	12
সংঘর্ষের	12
লেমুরিয়ান	12
গুটিবাজ	12
খুনিদের	12
পরচুলা	12
চিরে	12
প্যাচাল	12
দানবদের	12
হাউগুয়া	12
রব	12
ট্রিগারে	12
প্যারাসোর্স	12
মারতো	12
প্রুডোম	12
ক্যালিবান	12
সাইলেক্স	12
উচ্ছৃঙ্খল	12
সিএমএস	12
আথ্রেয়া	12
খায়া	12
উপায়ই	12
ডাম্পলিং	12
জ্যোতির্ময়	12
অমরিতা	12
লাখো	12
কিশোরী	12
মিউটেশনের	12
ফাইটিং	12
প্রবেশাধিকার	12
যথার্থ	12
কেইবা	12
ছুইয়	12
পুরোদমে	12
ওয়েইন	12
প্রবালপ্রাচীরের	12
কারিকালানকে	12
কলিন	12
লাইকানদের	12
ম্যারিয়াস	12
লাইকান	12
গ্রেগর	12
এমিলিয়া	12
জমিজমা	12
কিডস	12
যন্ত্রগুলো	12
ল্যাজারাস	12
সত্যয়ম	12
বক্সটার	12
কেঁটে	12
সেবাস্তিয়ান	12
সুরাজ	12
ইন্ডিয়াতে	12
স্ক্রিপগুলো	12
বিটার	12
তাতয়া	12
আল্লারে	12
হর্নস	12
ট্যাংকের	12
জান্ডার	12
প্রাইভেটের	12
সিস্কো	12
সাধুবাবাকে	12
মুর্তি	12
নিক্কু	12
বৌয়ের	12
কেইন	12
জ্যাফেথ	12
অস্কারি	12
গ্রেসন	12
স্টোনব্যাংকস	12
গ্রানিওন	12
এলিনা	12
কারিগরদের	12
হির্শ	12
গোয়েথ	12
জুলিয়া	12
ইয়েরেথ	12
ট্রাস্ক	12
ওলভারিন	12
ব্রিউস্টার	12
ম্যাভেরিক	12
অ্যারো	12
ল্যানিস্টাররা	12
বৈশালী	12
কোটাই	12
স্প্যারোর	12
ক্যাটের	12
জোয়ে	12
এলিয়েট	12
এলিয়ট	12
সেটলে	12
সাবমিসিভের	12
ডেকার্ড	12
ধর্মপ্রচারের	12
মাখজুমের	12
তোতলান	12
রাঘবান	12
প্লুটোনিয়াম	12
ইকারাস	12
জাদুটা	12
সুসুকে	12
রামধনু	12
হালেলুয়াহ	12
কুইনানের	12
কুইনান	12
হাউসার	12
ক্রিটিক	12
আ্যন্টন	12
লিক্লেয়ার	12
রিয়াল	12
ডোনাভান	12
ম্যাডেলিন	12
গইকো	12
দিয়েগো	12
স্টোন	12
ল্যাপ্টেনেন্ট	12
নরকী	12
উচ্ছলতা	12
ট্রাপিজ	12
ওইন	12
বম্বুর	12
বেন্সট্রম	12
স্ক্যাবার্স	12
এডওয়ার্ডসকে	12
দেবরাজের	12
খাঁড়ার	12
পাতায়া	12
জেনী	12
মাতাব্বর	12
লুতফিয়া	12
মুক্কামের	12
পার্থসারথী	12
কয়া	12
এটলি	12
হাতল	11
আআ	11
জালিয়াতির	11
মহিলাটির	11
হত্যাকাণ্ডটি	11
জোরালো	11
শিক্ষকের	11
দোকানদার	11
ছুরিটি	11
বিচিত্র	11
পাচ্ছিল	11
বাচ্চাটির	11
ন্যস্ত	11
চিৎকারের	11
কারনটা	11
দৌড়াচ্ছে	11
গোয়েন্দারা	11
ধূসর	11
দৃষ্টিশক্তি	11
পকেটের	11
ভ্রান্ত	11
নোটটা	11
উত্থান	11
বলছিলি	11
চামচা	11
মাগনা	11
হপ	11
জ্যাকেটটা	11
প্রমিস	11
পরিশ্রমী	11
স্ট্যাচু	11
চালাচ্ছিল	11
হিংসার	11
প্রবণতা	11
দরদ	11
কাম্য	11
পার্টিটা	11
হটো	11
পট	11
একবছর	11
হবা	11
মগজের	11
জেলেই	11
নোটের	11
উক্তি	11
ছবিটার	11
প্যান্টি	11
বাধিয়ে	11
ওয়াশরুমে	11
ইউনিটকে	11
স্ট্রীটে	11
ইউনিটে	11
ঘটনাই	11
জেলার	11
জন্মই	11
নাইট্রোজেন	11
যন্ত্রণার	11
শিখবো	11
পরিপূর্ন	11
রবিন	11
কথাতো	11
ভাঙবে	11
বদমাশটা	11
ঢুকানো	11
বাহুতে	11
চাচ্ছিলেন	11
সসের	11
রবিবারে	11
ঘুরপাক	11
বেড়ানোর	11
যেতেন	11
আমারতো	11
সম্পর্কেও	11
ভিয়েনা	11
ছবিটি	11
পরতেন	11
ডায়মন্ডের	11
বানালো	11
গর্তের	11
সাহিত্যের	11
উত্তাপ	11
অ্যান্ডও	11
বীরত্বপূর্ণ	11
ভালোবাসাই	11
বেড়াচ্ছ	11
মুলত	11
বেড়াও	11
বেশে	11
পরিচালনার	11
বিপদজ্জনক	11
খণ্ড	11
সতর্কবার্তা	11
দুর্ভাগ্যের	11
ব্রান্ডি	11
হাঁটবে	11
নাৎজি	11
মূসা	11
অপরাজেয়	11
দখলের	11
অচিরেই	11
ষ্টেট	11
নার্সের	11
গ্রিল	11
জারী	11
ব্যাকপ্যাক	11
পটেটো	11
আপনাআপনি	11
জেসিকে	11
আস্তানায়	11
নাচছি	11
সুড়সুড়ি	11
হাসার	11
রঙিন	11
বিজ্ঞাপনে	11
উঠেন	11
মাঝখানের	11
অরেঞ্জ	11
বৃদ্ধির	11
মরিচা	11
মুখেই	11
ফ্রন্ট	11
আস্তা	11
কয়েকবছর	11
কিনি	11
ব্যানিং	11
বেড	11
ঢিলে	11
চাইছিলে	11
খুজো	11
খাটে	11
সময়মতো	11
ডোজার	11
ভূ	11
মর্ফিয়াসের	11
রুথ	11
পিচ্ছিল	11
ওয়াশ	11
নিওকে	11
দেয়ালটা	11
ভাঙ্গবে	11
নেতাকে	11
মিরাকল	11
গ্যালারি	11
নিচ্ছিল	11
কোকেইন	11
নাড়াও	11
সেক্সের	11
দেইনা	11
ভাড়ার	11
নিরিবিলি	11
জানলেই	11
অনেককে	11
ক্যাফে	11
বিশালাকার	11
বিকেলের	11
সানন্দে	11
নানি	11
হওয়াই	11
কলিগ	11
লাঞ্চে	11
শ্রমিকের	11
ভামসি	11
গেছিলে	11
রেস্ট	11
জয়কে	11
বেড়াতো	11
পাগলটা	11
ম্যানেজারের	11
আওতার	11
বুদ্ধিতে	11
হেব্বী	11
ম্যাথিউস	11
ক্ষমতাকে	11
স্যাপার	11
রোমিও	11
পাহারায়	11
এরপরও	11
অন্ততপক্ষে	11
মরফিন	11
বাঁচিয়েছো	11
গ্যারি	11
গহীনে	11
পায়ের	11
পড়বে	11
ইচ্ছাতেই	11
বিকট	11
ভুয়া	11
কর্কশ	11
গিজগিজ	11
রোজি	11
পড়তে	11
ছিনিয়ে	11
ছায়া	11
ফেলনা	11
নির্বাসন	11
আমন্ত্রিত	11
আড়াল	11
প্রতিফলিত	11
গভীরতম	11
শূন্যতা	11
গোষ্ঠীর	11
শক্তিই	11
যদ্দূর	11
ভাজ	11
সতের	11
হাসবো	11
মিনি	11
আবুল	11
কৌচ	11
ওদেরই	11
এবারও	11
জোড়ে	11
ফেসিয়াল	11
গায়ক	11
ষ্টিল	11
অশান্তি	11
টেল	11
মগজে	11
হকিং	11
কথাটাই	11
টিন	11
পাওয়ায়	11
মেকার	11
প্রবন্ধ	11
চুক্তিপত্রে	11
মার্টিনের	11
লাগ	11
লিখেছ	11
পাচ্ছিলো	11
চাঙ্গা	11
চিনত	11
সী	11
পাস্তা	11
তুর্কী	11
সত্তা	11
স্টিল	11
বর্ষা	11
মৌসুমের	11
পদার্থের	11
সুবিশাল	11
সুপারস্টার	11
নারাজ	11
পরেছিলো	11
কৌতূহলী	11
নাগাল	11
চোপ	11
অবৈধভাবে	11
ইয়াক	11
ক্লাচ	11
ঘুমিয়েছে	11
নৌবাহিনী	11
ন্যায়ের	11
ডাডলি	11
মাগলদের	11
মুডি	11
মাথাকে	11
অ্যালবাস	11
কেয়ারটেকার	11
ফিলচ	11
লিখলে	11
সম্মানার্থে	11
দরকারই	11
সেকেন্ডও	11
কপালের	11
মিনিটও	11
এরমধ্যেই	11
প্রস্তর	11
ওয়ান্টেড	11
পুনর্জন্ম	11
ধারনাও	11
আজিজের	11
উদিত	11
বাণিজ্যিক	11
গুলোতে	11
এডিথ	11
ক্রুশ	11
বিশ্বাসও	11
অনুবাদে	11
মত্ত	11
বাচিয়েছি	11
জুপিটার	11
পরেনি	11
সাজিয়েছে	11
ভাঙ্গে	11
ঠোঁটে	11
তন্দ্রা	11
সায়েন্টিস্ট	11
ছাত্রের	11
ঘাটাঘাটি	11
উদাস	11
অন্যজনের	11
করতালি	11
হতভম্ব	11
সেইসাথে	11
নব্বই	11
মরিচ	11
পরস্পরকে	11
বিনয়ী	11
জেনিফার	11
মীমাংসা	11
রাশিয়ানরা	11
ক্ষতিগ্রস্থ	11
ফিরেছি	11
হুদাই	11
হয়েগেছে	11
ওপরেই	11
চয়ন	11
পসেইডন	11
প্রকট	11
সন্তানেরা	11
ক্যারে	11
স্যাটায়ার	11
প্রলোভন	11
ফেরে	11
ঝড়ো	11
মাইলস	11
ফ্রেন্স	11
আগামিকাল	11
শক্তিধর	11
গজিয়েছে	11
যথাযথভাবে	11
গ্যাঞ্জাম	11
সেক্রেটারির	11
জাঙ্গিয়া	11
ডেলিভারী	11
আন্ডারওয়ার্ল্ডের	11
পক্ষেই	11
পাচারকারী	11
দলটা	11
সাজ	11
দিচ্ছিলে	11
অ্যাই	11
ঈমস	11
দৈর্ঘ্য	11
এটর্নি	11
বিলিয়ে	11
মালবাহী	11
ভরবে	11
টগবগ	11
জেমসের	11
ধ্যাত্তেরিকা	11
বানাচ্ছো	11
আসামীর	11
ভিলা	11
চিনা	11
ওবামা	11
হুঙ্কার	11
বিকল	11
জেলায়	11
সিউলে	11
নানী	11
বেডরুম	11
বাইপাস	11
পিছপা	11
খাপে	11
পরিশোধের	11
পোঁটলা	11
তাদেরকেও	11
পড়িস	11
ঘেন্না	11
রাখাটা	11
ইয়ান	11
কাস্টোমার	11
আত্মঘাতী	11
জাহির	11
কাদার	11
দানবীয়	11
সিয়ং	11
মর্মস্পর্শী	11
ময়নাতদন্তের	11
প্রফেসরকে	11
প্রমাণাদি	11
চল্	11
মধ্যস্থতা	11
গুপ্তঘাতক	11
অন্ধকারকে	11
অটুট	11
বলতেছে	11
চেষ্ঠা	11
মামু	11
বিশ্লেষন	11
করছিলি	11
অবস্থাও	11
খুজেছি	11
মন্তর	11
ভোলা	11
স্টিলের	11
আবেগী	11
উপহারটা	11
ডেইলি	11
রুচি	11
হাজারে	11
নোঙ্গর	11
আসিও	11
বেরুচ্ছে	11
এইটুকু	11
মাতৃভূমি	11
মুভিঃ	11
রানি	11
ন্যারো	11
অধীন	11
বোকারা	11
দ্বীপটা	11
খুজবো	11
সম্প্রদায়ের	11
রুপান্তরিত	11
স্থায়ী	11
সংস্কৃতির	11
কংগ্রেস	11
ডাল্টনের	11
কমতে	11
মিমি	11
লায়ার	11
ব্যারন	11
কারী	11
চীনাবাদাম	11
হাঁটছে	11
৮৫	11
ওওও	11
রক্সি	11
আম্ব্রেলা	11
রিসার্চের	11
বলতেছ	11
রোধ	11
এন্টিভাইরাস	11
কমান্ডো	11
পারলি	11
নার্ভ	11
হুঁশ	11
সুগন্ধ	11
চালাচ্ছেন	11
শুনলো	11
পাঠিয়েছো	11
ড্রাগের	11
ছেলেমানুষি	11
স্ট্যাটাস	11
ফ্লিনের	11
তহ	11
স্থিতিশীল	11
দরদী	11
দাসত্ব	11
পাংচার	11
অন্যকারও	11
খুলবেনা	11
বাসস্থান	11
পারুম	11
গ্রীসের	11
শুনতাম	11
বসলো	11
লড়াইতে	11
মায়রে	11
মুসলমানদের	11
কার্য	11
যিশুর	11
হুঁশিয়ার	11
শৈশবে	11
পুত্রকে	11
কামার	11
ভালকরে	11
টানেলের	11
ছন্দে	11
ডায়ালগ	11
প্লেটগুলো	11
ইন্ডিয়ানদের	11
খালাম্মা	11
কলাম	11
গোলামি	11
পাবোনা	11
জলি	11
থামলো	11
বাচ্চাগুলোর	11
জন্মস্থান	11
ইব্রাহিম	11
উপলক্ষ্যে	11
আবিষ্কারক	11
লুটে	11
ফিদা	11
তোমাদেরই	11
শিক্ষার্থীরা	11
মানিনা	11
ড্রাগনদের	11
খারপ	11
মার্টল	11
পোশন	11
বাড়ায়	11
পরেরদিন	11
টিনের	11
সুগার	11
দূর্গ	11
তাতো	11
ছক	11
ঠেকাও	11
ওয়েনের	11
দফা	11
প্রতিবেশীর	11
ফ্যালকনির	11
পরদাদা	11
বাহাদুর	11
ক্রয়	11
ভদ্রমহোদয়গন	11
প্রানীরা	11
হৃৎপিন্ড	11
উদ্বেগহীন	11
ভাইটি	11
বায়োমেট্রিক্স	11
রিফ্লেক্স	11
উড়াই	11
ব্যাচেলর	11
জানেই	11
জজ	11
পরিষদ	11
পানিটা	11
কমেন্ট	11
বুঝেই	11
ফেলছিলাম	11
জয়েন্ট	11
খাক	11
সার্জন	11
বাঁধায়	11
খেটেছি	11
ছোঁয়ার	11
ব্রুকলিনের	11
অশুদ্ধ	11
ধারের	11
উদ্দীপনা	11
কুচি	11
সাইলেন্সার	11
কিনেছিলাম	11
খাওয়াবে	11
মায়েরা	11
হাটুর	11
পারবো	11
মেশিনটি	11
ক্লিনিকে	11
শিমের	11
নেইল	11
প্রেশাস	11
আইভি	11
পারকিং	11
আফটারনুন	11
দুর্ভেদ্য	11
রাজমুকুট	11
সীমাবদ্ধতা	11
উড়োজাহাজ	11
মহাপ্রাচীর	11
খুঁজছিলেন	11
ইরাকে	11
মসজিদের	11
ল্যান্সেলোট	11
আমিনুল	11
খুশিই	11
বাচ্চাকেও	11
য়	11
ঝড়	11
চেম্বারের	11
ঘটিয়েছে	11
ক্রুজ	11
বোমের	11
মর্যাদার	11
ওমা	11
বিড়ালকে	11
হাওয়ালা	11
প্যাট	11
হলিউড	11
ওক	11
সামর্থ্যের	11
বসাবে	11
কাঠমিস্ত্রি	11
কোম্পানীর	11
ভাতিজার	11
অনুপ্রবেশকারী	11
জন্তুর	11
বাদামি	11
কামড়েছে	11
ছোঁয়ায়	11
আনন্দময়	11
উইনস্টন	11
সন্ত্রাসীর	11
আসছনা	11
ট্রুপ	11
করিয়েছিল	11
বকা	11
পোলিশ	11
হারামিটা	11
ডেলটা	11
অমানবিক	11
নিনজা	11
অমিতাভ	11
মানিব্যাগটা	11
খাওয়ায়	11
হিজ	11
সুযোগও	11
প্রশাসন	11
প্যাট্রিয়ট	11
এরিন	11
স্যুটটা	11
বাচাবে	11
একটিভেট	11
লাভা	11
ছক্কা	11
আব্বাকে	11
সর্ম্পকে	11
পড়াবো	11
ফাইটের	11
বন্ধনে	11
বাবাজী	11
খবিশ	11
কয়েদীর	11
ক্ষয়ক্ষতি	11
কমবে	11
নিশানায়	11
৩টি	11
কর্মকর্তারা	11
দৌড়ান	11
ডায়াবেটিস	11
অপপ্রচার	11
০১	11
নাউক	11
শয়তানটাকে	11
ঢুকাবে	11
শূন্যে	11
গুঁড়ো	11
তালিয়া	11
প্রমোদ	11
স্বজাতির	11
জাহাপানা	11
এলমন্ট	11
ঝুলছে	11
মন্টে	11
হীরার	11
ভেলা	11
হোয়ান	11
চিরতরুণ	11
শিকারীর	11
ক্যাথলিক	11
হারিয়েছে	11
যাত্রায়	11
এডওয়ার্ড	11
ফিটিং	11
শিন	11
পেস্টর	11
নউ	11
টাউনের	11
অনুশীলনের	11
মতবাদ	11
মার্টি	11
বন্ধনী	11
পাওয়ার	11
অধ্যায়	11
অডিও	11
কারাদন্ড	11
লোপ	11
নিশ্চয়তা	11
কিহ	11
উপস্থিতির	11
নির্ধারন	11
টানুন	11
গোছল	11
দুরান	11
গ্রামটা	11
জ্বীনকে	11
সারেকে	11
ছাড়লো	11
ম্যাথিউ	11
শিখো	11
স্বয়ংক্রিয়ভাবে	11
গোলমেলে	11
তোমাগো	11
অন্যেরা	11
কমু	11
অজ্ঞ	11
ট্রেসলার	11
হেলমেটের	11
সামান্যতম	11
ল্যাং	11
দৃঢ়তা	11
হাস	11
পটিয়ে	11
লাগতাছে	11
ব্রিফিং	11
বাট	11
সক্ষমতা	11
বয়সে	11
সাবমেরিনের	11
আন্ডারওয়ার্ল্ড	11
মেলভিন	11
ষড়যন্ত্রকারী	11
গ্রেটেল	11
জিউ	11
ডিমটা	11
রামের	11
লতিকা	11
বাবুর্চির	11
ডেকেছো	11
আত্মসমর্পন	11
পোষাকে	11
নভেম্বরের	11
ঘটিয়ে	11
হয়রান	11
মেইনল্যান্ডে	11
ট্রেঞ্চ	11
রূপার	11
পেঙ্গুইনেরা	11
মনোনিবেশ	11
মানাতে	11
অ্যালেস	11
মহিলাঃ	11
সার্বভৌম	11
জানাল	11
সভার	11
গ্যালিলিও	11
এ্যালুমিনাটি	11
মাত্রাতিরিক্ত	11
লড়ব	11
বর্মের	11
্যাঞ্ছদাস	11
হ্	11
স্কুটারে	11
কারের	11
একরের	11
খাবারগুলো	11
ছেড়েছি	11
আরিয়াকে	11
শার্টটা	11
ভালমতো	11
চিরুনি	11
তারটা	11
সন্ধায়	11
অর্চনা	11
পুণরায়	11
সনে	11
গায়িকা	11
বোমারু	11
বন্দুকধারী	11
বেলজিয়ামে	11
নৌবাহিনীর	11
মোচন	11
প্লেটের	11
বেজমেন্টে	11
ইচ্ছামতো	11
তেলাপোকা	11
করলা	11
ফিল্ডে	11
নির্নয়	11
বাসটা	11
হ্যারিস	11
সুর্য	11
হ্যাডলিঃ	11
কক্ষণো	11
প্রসব	11
চরিত্রে	11
পিজন	11
মদ্যপান	11
কার্টুন	11
হিম	11
পরিবর্তনশীল	11
উকান্ডান	11
প্যানেলের	11
এনক্রিপ্ট	11
শ্যারন	11
পুষিয়ে	11
সাজতে	11
পোল্যান্ড	11
ধৈর্যশীল	11
রেভেন	11
এঞ্জেল	11
উমা	11
শেরিন	11
অঞ্জলি	11
উদ্ভাবিত	11
জামাতা	11
খামারে	11
বেসরকারী	11
হনুমান	11
মিডিয়া	11
সাথিয়া	11
ফ্রেন্ডের	11
পদতলে	11
বিশ্বব্রহ্মাণ্ড	11
রিবন	11
ভারতীয়রা	11
আইচ্ছা	11
মেগান	11
জেপি	11
সালমা	11
তুমুল	11
সুপারম্যানকে	11
কিছুএকটা	11
সেভিওর	11
টাপির	11
পুর্বে	11
একশোবার	11
লিপ্ট	11
লাইকানরা	11
কতোদিন	11
মহাকর্ষীয়	11
শ্বাসরোধ	11
স্পিন	11
প্রশংসনীয়	11
আবর্তন	11
স্থানাংক	11
ওয়ার্মহোলের	11
আলোকের	11
উচ্চারণে	11
কৃষ্ণগহবর	11
আনেনি	11
অারো	11
অাশির্বাদ	11
ক্যাস	11
মাইকেলস	11
মেডিসিনের	11
ফুটের	11
লিওনার্দো	11
যুদ্ধজাহাজ	11
রাজনীতিতে	11
লোয়িস	11
অপহরণকারীদের	11
জেনেরিক	11
বৈঠকে	11
সোয়ামিকে	11
আদ্রিয়ান	11
সোনিয়া	11
গ্যারিডোর	11
দূর্গে	11
ঠিকাছো	11
সালয়া	11
অ্যামেরিকা	11
ক্যাডিল্যাক	11
কাস্টমাররা	11
নানুমনি	11
ক্যালাগান	11
ট্যালস	11
রোনানকে	11
নাথান	11
ডেভের	11
ল্যাঙ্কাস্টার	11
অন্নাবেল	11
স্ট্যাগ	11
দড়ির	11
ঠাকুরের	11
পিটাকে	11
পেছাও	11
পরশপাথর	11
এডয়ার্ড	11
জুনায়েদ	11
বিষদাঁত	11
মালারভিড়ি	11
প্রধানমন্ত্রীকে	11
ওরাম	11
সালাজার	11
ত্রিশূলের	11
ডাকোটা	11
নাইড়ু	11
ল্যু	11
উইনগার্ডিয়াম	11
ট্রল	11
আপারকাট	11
মরমন্ট	11
ব্যারাথিয়ন	11
সার্গেই	11
মর‍্যো	11
উইসট্রম	11
উইন্টারফেল	11
ইয়ুথ	11
ছোট	11
কোল্ডলো	11
গেয়র্গ	11
জারস্	11
রয়টর	11
ফিসিট	11
অফিসারঃ	11
ভ্রনস্কি	11
রর্ক	11
হুইপপ্লেশ	11
ব্রুলভ	11
স্মেক	11
আমারমম	11
অর্লান্ডো	11
ভাল্লা	11
চিমলে	11
আয়লার	11
ফিরদাউসের	11
অভিশম্পাত	11
কয়াঃ	11
যুক্তিসঙ্গত	10
শাবল	10
গাঁথা	10
মুভিটির	10
প্ররোচিত	10
বাড়ীর	10
মারপিট	10
পাখনা	10
শুনাচ্ছে	10
শোনেননি	10
ছেঁড়া	10
এড়ানোর	10
হত্যাকাণ্ড	10
খেলেছে	10
কোণ	10
বাকীদের	10
আলোচনায়	10
হারাবার	10
পড়িনি	10
চিন্তাধারা	10
হিস্টোরি	10
সন্ধির	10
এইডস	10
বেদনাদায়ক	10
মেহমানদের	10
সোফায়	10
ক্লান্তি	10
পূরণের	10
ভাইঙ্গা	10
প্রতিহিংসার	10
হাইওয়েতে	10
শ্রোতা	10
চাইবি	10
ওইত্তেরি	10
বিগড়ে	10
করছিলা	10
গন্ডগোল	10
টিভিটা	10
কোর্সের	10
ভাগছে	10
বাচ্চু	10
সাংবাদিকরা	10
প্রশ্নে	10
প্রতিপক্ষ	10
আনলো	10
পরলো	10
মেটাল	10
আহামরি	10
স্বেচ্ছাসেবক	10
বীরের	10
ইনফ্রারেড	10
চরকায়	10
শাওয়ার	10
ফিউজ	10
কামঅন	10
পোড়াতে	10
ফেলাই	10
সুবাদে	10
কামাতে	10
মদন	10
ফর্মটা	10
ছুবে	10
গুঁজে	10
মাখা	10
প্রাইমারি	10
থামার	10
গাট্টা	10
বিলম্ব	10
বললঃ	10
চি	10
লিড	10
ভাষান্তর	10
দীর্ঘদিন	10
মুখেও	10
উপগ্রহ	10
অচেতন	10
ডানদিক	10
নিশ্চিতভাবেই	10
অনুরাগী	10
দেখিয়েছেন	10
অপরিষ্কার	10
ঋণের	10
নিলামে	10
কনের	10
হাতটি	10
দৃশ্যের	10
দুর্ভাগ্যজনক	10
হিটার	10
পুরুষেরা	10
দড়িগুলো	10
রাগিয়ে	10
দাঁড়ি	10
শিরস্ত্রাণ	10
কারণের	10
দিচ্ছনা	10
বানরটা	10
আরবদের	10
বাচ্চারাও	10
যাকগে	10
ঢালো	10
মশাল	10
দুল	10
বাঁচাল	10
লিজ	10
গেমিং	10
রকেটের	10
করছনা	10
গাদ্দার	10
লবিতে	10
এক্সাইটেড	10
তুফানের	10
বুঝছিনা	10
বুড়োদের	10
কেশ	10
ক্যান্সারে	10
দিওয়ানা	10
মেডিটেশন	10
নাওনি	10
শিডিউল	10
আর্টের	10
গড়	10
ঘুমাচ্ছিলে	10
ভবিষ্যতকে	10
বুঝতেও	10
জানতনা	10
সাধারণভাবে	10
চলতাম	10
জিমে	10
এসেও	10
থাকতনা	10
অপরিচিতদের	10
ট্রি	10
মেরুদণ্ড	10
একদিক	10
অন্ত	10
রাস্তাঘাট	10
রহস্যজনক	10
চাকুটা	10
দৌড়ালাম	10
দোষের	10
জবরদস্ত	10
আইআরএস	10
কর্মচারীর	10
পিলটা	10
ঢুকি	10
শতকের	10
জায়নের	10
কমব্যাট	10
উদ্ভাবন	10
ক্ষিপ্র	10
এগুচ্ছে	10
মেইনফ্রেমে	10
বলেছিই	10
খাওনি	10
যব	10
টুনা	10
ফুলদানি	10
সৌন্দর্যে	10
এলাকাতে	10
পাতাল	10
উঠেনা	10
একজনকেও	10
সন্ধ্যাটা	10
বাসনা	10
হেরোইন	10
ঠিকানাটা	10
রহস্যটা	10
সহবাস	10
সম্মতিতে	10
ব্যবস্থাই	10
পালাচ্ছি	10
ঐশ্বরিয়ার	10
নাড়ু	10
বেটার	10
টেকনিক্যালি	10
অ্যাক্সিডেন্ট	10
প্রাথমিকভাবে	10
চো	10
কর্মচারীদের	10
মার্ডার	10
চিন্তে	10
খেলছো	10
প্ল্যানের	10
অত্যাচারের	10
স্পন্সর	10
উপজাতির	10
অনাহারে	10
গলানো	10
কিউবায়	10
ফুটা	10
এভার্সম্যান	10
জওয়ান	10
ঠেকে	10
পেরেছিস	10
গুড়ো	10
যেদিকে	10
ঘুরার	10
জুলিয়েট	10
পূর্বদিকে	10
শালাদের	10
কনভয়	10
চালাচ্ছো	10
বাঁধার	10
আগাচ্ছি	10
মরুক	10
র‍্যান্ডি	10
জানাইনি	10
রগ	10
রাতভর	10
ডুমের	10
সাওরন	10
নিয়ন্ত্রণের	10
মহার্ঘ	10
১৪০০	10
সুদূর	10
তুলেছেন	10
লাইব্রেরীতে	10
আসাতে	10
টুক	10
গিয়েছে	10
সাওরনের	10
আরোহী	10
প্রান্তরে	10
ক্ষতটা	10
রাজাদের	10
লাগাবো	10
শোনোনি	10
কুঠার	10
খনির	10
চারদিন	10
ধারক	10
ভয়ংকর	10
বাহার	10
হারাচ্ছে	10
জ্বলজ্বল	10
সীমান্তে	10
গেমে	10
উল্টিয়ে	10
দিবাস্বপ্ন	10
ভেগাসের	10
স্নায়ু	10
ঘটানোর	10
ডাকনাম	10
৪৪	10
জাদুঘর	10
দিনগুলি	10
পন্ড	10
একটায়	10
স্পোর্টস	10
উপস	10
বেশ্যাদের	10
মঙ্গলবারে	10
শুট	10
সাময়িক	10
উন্নয়ন	10
কাকের	10
টস	10
আসবাবপত্র	10
খেলাই	10
ওদেরও	10
ফাইনালে	10
ওকি	10
হুর	10
কঠোরভাবে	10
স্বীকৃত	10
শতাধিক	10
প্রাচীনতম	10
ঘাতক	10
ক্রম	10
ভাসা	10
রোদের	10
ভেলকি	10
প্রেরিত	10
বেড়াচ্ছো	10
নারীরা	10
উৎকৃষ্ট	10
সাতটি	10
ফোটে	10
ঘেঁষে	10
ভাবেনি	10
পুনরুজ্জীবিত	10
প্রাণীগুলো	10
পারস্পরিক	10
জুরাসিক	10
যন্ত্রটি	10
লেনদেনের	10
মাইনে	10
ভেঙেছি	10
খানিক	10
বাজা	10
যাকেই	10
তেড়ে	10
আফগান	10
বাজেভাবে	10
জীবিকা	10
ভাইরে	10
পরিচালনায়	10
ঘষে	10
প্রমাণও	10
হটাত	10
শোকের	10
বোগা	10
হোতা	10
ভাগেন	10
কপিকল	10
ব্রিটিশদের	10
করিডোর	10
নাড়িয়ে	10
আটা	10
মেমো	10
লুনা	10
শিক্ষার্থীকে	10
টক্কর	10
পেট্রোনাস	10
শুভাকাঙ্ক্ষী	10
ভাবনি	10
বাকীটা	10
রিপন	10
শিখাবে	10
হরিণের	10
বিদ্যার	10
লিখছ	10
১৪০	10
বাড়া	10
অনুরাগ	10
চিবিয়ে	10
পুর্ব	10
বৃহত্তর	10
পাঠাইনি	10
অনুরূপ	10
মোজেস	10
ফিরল	10
বৌদ্ধ	10
বিলাপ	10
হার্ভার্ড	10
কিনারা	10
বিচরণ	10
দিনগুলোর	10
প্রত্নতত্ত্ববিদ	10
গারদে	10
শিক্ষকতা	10
রিহার্সাল	10
শিখব	10
পদবিন্যাস	10
থুবড়ে	10
স্যাটার্ন	10
ভাইয়ার	10
দুচোখ	10
সাইকেলের	10
স্কেল	10
এঁকেছি	10
জনক	10
জমিনে	10
পড়তেই	10
মস্তিস্ক	10
নোবেল	10
অন্যসব	10
দিনেও	10
সাঁতরে	10
পোল	10
ঠক	10
৬২	10
বাজায়	10
এধরণের	10
ফ্রুটিকা	10
তিনশ	10
সুপ	10
আবে	10
অন্যকিছুর	10
প্রকাশ্যে	10
দাসী	10
মলিন	10
নীতির	10
পালাব	10
দুইজনকেই	10
অ্যাানা	10
পড়বি	10
হেডিসের	10
পাতালে	10
দ্বিতীয়টা	10
প্রতিরূপ	10
লুকের	10
স্বাক্ষরিত	10
প্রদেশের	10
ধংস্ব	10
আসেননি	10
হারিয়ো	10
প্রশিক্ষণের	10
চিড়	10
অঙ্কের	10
ঢুকেছিলো	10
আঠারো	10
হ্যাং	10
জ্যু	10
মরলো	10
চোরটা	10
বেড়াল	10
আর্থারের	10
তথ্যটা	10
নিখুঁতভাবে	10
উদ্দেশ্যটা	10
কল্পনাশক্তি	10
যাইনা	10
পণ্ড	10
গোলযোগ	10
অগোছালো	10
রক্ষীরা	10
থাকেই	10
পুসি	10
হাইজ্যাক	10
দৌড়ে	10
২০১৬	10
বিচ্ছিরি	10
এত্তগুলা	10
মিশ্র	10
বাগদান	10
ভাবছিল	10
স্যুটকেসটা	10
সবকিছুকে	10
পেঁয়াজ	10
চালাচ্ছিলাম	10
শুকনা	10
রোববারে	10
স্টাডি	10
জানলেও	10
লেসট্রাড	10
তরমুজের	10
বোমাবাজ	10
ভাল্লাগলো	10
চিনতেন	10
কতোটুকু	10
চোটে	10
খাওয়াটা	10
বলতেও	10
হসপিটালের	10
প্রকল্পের	10
বিক্ষোভ	10
সং	10
বাঁধের	10
ছাপও	10
করাত	10
ক্ষতের	10
সম্পর্কযুক্ত	10
মধ্যের	10
ম্যাজিকের	10
গ্রাজুয়েশন	10
ট্রাকিং	10
ট্রিপের	10
স্টেপ	10
মন্ত্রের	10
আটকায়	10
প্যাড	10
অগ্রিম	10
শুনছিলাম	10
বিষন্ন	10
যাহা	10
আটকাবার	10
পেনশনের	10
ভুকমীর	10
সকলেরই	10
এতবড়	10
কসাই	10
বাচঁতে	10
নায়কের	10
মূর্তির	10
ভিয়েতনামে	10
বাইতে	10
ফিগার	10
বার্নস	10
পুচকে	10
সাইজে	10
রেশন	10
গাউন	10
জাদুতে	10
রক্ষিত	10
বন্ধ্যা	10
এগারো	10
উল্লেখযোগ্য	10
নীচ	10
ক্যাপিটল	10
ওরকমই	10
বলবান	10
আবদার	10
ফ্যাসিস্ট	10
হীন	10
ইউনিয়ন	10
পড়েছি	10
পুটকি	10
মেরুর	10
চঞ্চল	10
দরিদ্রের	10
লজ্জাকর	10
প্রতিষ্ঠার	10
তামা	10
সাদরে	10
বারনার্ড	10
হাসালে	10
জব্দ	10
তাকিয়েছিলে	10
ছ্যাকা	10
বাড়াবে	10
ধূর	10
কারি	10
বিশৃঙ্খলার	10
জাহাপনা	10
আইজ	10
নিবেদন	10
প্রাণবন্ত	10
পেশার	10
মৃতের	10
গলানোর	10
সার্কিটের	10
গ্রিডে	10
রিঞ্জলার	10
তুমাদের	10
আক্রমণাত্মক	10
সিস্টেমকে	10
তাকাচ্ছ	10
কিউং	10
চুই	10
পাল্লায়	10
কাঁদি	10
কোরিয়া	10
ধৃষ্টতা	10
হালারপুত	10
খেটে	10
হইলি	10
পরিচয়ের	10
কথাটার	10
সত্ত্বা	10
কৌশলী	10
এইখানেই	10
জনগন	10
পদক্ষেপে	10
প্রত্যাশিত	10
ফ্লেভার	10
বন্ধই	10
পারবেই	10
কাজকর্মের	10
গোঁফ	10
কাঠবিড়ালী	10
পর্দায়	10
দেখবেনা	10
গ্রীষ্মকালে	10
ইন্ডিয়ানরা	10
পড়লেন	10
পারতি	10
আখড়া	10
আবেগে	10
দাদুর	10
শোনাবো	10
তালাক	10
দমাতে	10
লাগিয়েছো	10
ম্যাশিন	10
একবারো	10
আরেকটার	10
ভুলিনি	10
ট্রাক্টর	10
খোলাসা	10
খুচরা	10
শুনতেও	10
লোকবল	10
খাইসি	10
জোরসে	10
নওজোয়ান	10
জানলা	10
কমনরুমে	10
ঝাড়ুলাঠি	10
মূলে	10
দাঁতে	10
ফোর্সে	10
খাবারও	10
স্টিভি	10
নারনীয়াকে	10
ঘণ্টাখানেক	10
ব্যবহারে	10
অতিথী	10
চড়াও	10
দেখছিলো	10
মু	10
থামবেনা	10
বিচারককে	10
চিল	10
ফিঞ্চ	10
বাদুড়	10
দেওয়াই	10
পাগলই	10
কায়েম	10
বেতনও	10
নিংড়ে	10
প্রবনতা	10
কুটনৈতিক	10
সতর্কবানী	10
খাওয়াই	10
স্করদিয়া	10
ফষ্টিনষ্টি	10
খাসা	10
পাইসি	10
হইব	10
অভিহিত	10
যোগান	10
ঠ্যাং	10
এইটাও	10
বীন	10
আর্মস্ট্রং	10
মাঝখান	10
আল্লাহু	10
কাপড়টা	10
চলত	10
গ্যাংস্টারের	10
টমিকে	10
ঢোল	10
শটগান	10
ওতেই	10
ছুঁড়ো	10
একাজে	10
গিটার	10
প্রি	10
কেঁদেছি	10
১৯৮৪	10
সর্বনিম্ন	10
৫৭	10
অভিনয়	10
লিখেছিলেন	10
চিপটা	10
প্রথমটা	10
ধরনা	10
আইল্যান্ডের	10
বিপক্ষের	10
পেমরি	10
রিপ্লাই	10
মাংকি	10
সঙ্কুচিত	10
হারাবেন	10
অপসারণ	10
তোতলামি	10
গ্রেফতারের	10
হারাইনি	10
নাইটদের	10
গাইবে	10
মোদের	10
যুদ্ধবিরতি	10
এন্টার্কটিকা	10
রাসায়নিক	10
উপায়ে	10
হোস্ট	10
অনুগ্রহপূর্বক	10
রিটার্ন	10
বৈধতা	10
কূটনৈতিক	10
ডিক্সন	10
পার্লামেন্ট	10
ততোক্ষণ	10
এনরিক	10
টোরেস	10
আত্মপক্ষ	10
ডিসকভারি	10
চাকরীর	10
হেরি	10
গুপ্তা	10
নিতম্ব	10
মুহূর্তটা	10
কলড্রন	10
বাবাকেও	10
সদস্যরা	10
ফিল্মের	10
হিংস্রতা	10
তেলাপোকার	10
জিপ	10
অনুচিত	10
স্টাফদের	10
বদৌলতে	10
মেয়েলি	10
জট্টিল	10
ভরতে	10
শিক্ষককে	10
শেষমেষ	10
পলক	10
বেড়িয়েছি	10
ফেরাতে	10
এক্সট্যাসি	10
স্ল্যাশা	10
সেগুলি	10
মেয়েটাও	10
একসাথ	10
এরচে	10
জুরিখ	10
লাগিয়েছিল	10
গুলার	10
শহরটাকে	10
কোকেন	10
সেকি	10
জন্মেছিলাম	10
বোমটা	10
সরাবে	10
চালাকির	10
আভার	10
গিরি	10
গ্রু	10
মালিকদের	10
ছুঁয়েছে	10
মার্গো	10
ঔষধের	10
পাঠালে	10
হিলে	10
ব্রডকাস্ট	10
ড্রাগসের	10
উঠবেনা	10
সিগনালের	10
ছোড়ো	10
পরিবারটাকে	10
মোচড়	10
মাঝপথে	10
স্মাগলার	10
সামলায়	10
সুখেই	10
মেরুতে	10
জীবনভর	10
হামিংবার্ড	10
কিপ	10
রয়	10
মুল্যবান	10
ধারায়	10
লাইব্রেরি	10
য়ে	10
গুঁড়িয়ে	10
তাঁরাই	10
সুড়ঙ্গের	10
বানিয়েছিলেন	10
টপকে	10
পেশী	10
জোড়াতালি	10
দানা	10
হাম্বা	10
ভয়াল	10
বাগে	10
পরেরজন	10
কাগজগুলো	10
তালিয়ার	10
বস্তুকে	10
উপকূলে	10
খন্ড	10
স্কাউট	10
মাউ	10
ক্ষেতের	10
নাগালে	10
নারকীয়	10
লেটিকে	10
যহন	10
বন্ডের	10
রিভার্স	10
কোবরা	10
পইরা	10
কাঁদো	10
সাম	10
সুক	10
কাপড়গুলো	10
রাক্ষসের	10
উড়ন্ত	10
প্রহার	10
মধ্যম	10
৫৪৮২	10
আমারটাও	10
সবাইরে	10
কক্ষের	10
ফুসফুসের	10
নেওয়াটা	10
বাধন	10
আর্কেনস্টোন	10
স্মাগ	10
আযোগ	10
শরৎ	10
কেয়ামত	10
ওরি	10
লারা	10
জর	10
শোষণ	10
হার্ডি	10
হিসু	10
নড	10
গম্ভীরভাবে	10
মুমুর্ষু	10
পাঠিয়ে	10
পরিবেষ্টিত	10
হালকাভাবে	10
প্রতীকের	10
আশ্বস্ত	10
রাষ্ট্রপতির	10
ওইখানেই	10
২০৬৬	10
তাকাবি	10
সুপ্ত	10
২৩০	10
আছর	10
টোনা	10
বিশ্ববিদ্যালয়ের	10
তুলব	10
হেফাজত	10
বিজ্ঞানে	10
কাচ্চা	10
বেচারী	10
ধৈর্যের	10
লিখলাম	10
সহায়ক	10
ইয়ো	10
ফিরা	10
ছুড়িটা	10
অ্যালোঞ্জো	10
পরিমানের	10
র‍্যান্ডাল	10
কইবা	10
চাকরানী	10
সজীব	10
হমু	10
কইরেন	10
মরবা	10
তুলার	10
নিগ্রোকে	10
দীক্ষা	10
ঘোড়সওয়ারী	10
বাটির	10
ইথিয়েন	10
সহকর্মীর	10
কার্যকলাপের	10
অর্জনে	10
সিটটা	10
রবিনসন	10
গুদামের	10
চুক্তিবদ্ধ	10
গোল্ডমুন	10
হ্যাকারদের	10
চুক্তিটার	10
আনুষ্ঠানিকতা	10
লোনের	10
অফিশিয়াল	10
হটাৎ	10
ফিড	10
দুর্ঘটনাটা	10
ততোক্ষন	10
স্টেডিয়ামের	10
জবানবন্দি	10
মোচ	10
শিশুসুলভ	10
করতি	10
ওপরই	10
দুবাই	10
বিভ্রান্তিকর	10
চেয়ারম্যানের	10
কাটলে	10
সিঁড়ি	10
বড়দিন	10
ম্যারনির	10
বোতামের	10
হার্ভির	10
ডাকাতদের	10
বাচিয়েছে	10
রেসে	10
জার্মানী	10
পামু	10
পুরি	10
থ্যাঙ্কস	10
কুত্তাটা	10
মিরাজকে	10
সবকটাকে	10
ছাড়ছে	10
বট	10
ম্যানুয়াল	10
সঙ্গীতের	10
কিশোর	10
ভাবলি	10
আটটার	10
শাখার	10
টিংক	10
শীতকালে	10
বিস্ফোরন	10
শীতনিদ্রায়	10
পরিশ্রান্ত	10
ব্লাকের	10
জেসিকাঃ	10
এডওয়ার্ডঃ	10
হাঁপানো	10
যতক্ষণে	10
পুরাটা	10
এবেনেজার	10
জীবের	10
টাইনি	10
ফাদারের	10
পেজ	10
এনাকে	10
দাগা	10
রিসিপশনিস্ট	10
রোলস	10
স্পাইডারম্যান	10
ব্রান্ড	10
পণ্ডিত	10
মৃতদেহের	10
হেসটিংস	10
বাইজ	10
ছিভিলকয়ের	10
পদোন্নতি	10
স্তম্ভের	10
একপ্রকার	10
ছুঁড়ছি	10
পিচ	10
লর্ডস	10
মিট	10
হায়দ্রাবাদী	10
মামী	10
জানিয়েই	10
পরশু	10
ধরেও	10
আনাসুয়া	10
ভেঙ্কানার	10
শক্তভাবে	10
টেরোরিস্ট	10
গুপ্তচরবৃত্তি	10
শীর্ষে	10
ডেলিভারির	10
বিংক	10
কটওয়েল	10
চিংড়ি	10
ডিসচার্জ	10
লাগতেছে	10
নর্টন	10
নেক	10
কুরে	10
জেনারেশন	10
বুগি	10
রাউন্ডে	10
ফোরস	10
রামলো	10
মানবীয়	10
জিমো	10
অতিমানবের	10
প্রকাশ্য	10
নেটওয়ার্কের	10
রেনাটা	10
সন্ত্রাসীরা	10
ইকো	10
পালাচ্ছ	10
সম্রাটের	10
অতিথির	10
বাগদাদে	10
কন্সট্রাকশনের	10
হয়ত	10
প্যারাসোর্সের	10
আফিম	10
ম্যাগনিটো	10
টাওয়ার	10
কিউবাতে	10
এসপি	10
মানু	10
যন্ত্রনাদায়ক	10
স্পর্শও	10
পদায়ের	10
জয়প্রকাশ	10
ধনুশ	10
বিয়েতে	10
সুদৃশ্য	10
সেথুরামান	10
অটোতে	10
ভাগতে	10
টাইগ্রেস	10
ম্যান্টিস	10
পিসি	10
নুডলস	10
কাঁপিয়ে	10
বাত্তা	10
বুঝাবে	10
নায়ার	10
কুরিয়েন	10
চাখাম	10
লুকাবো	10
নগরের	10
মরেও	10
ফিস্ট	10
গ্যাব্রিয়েল	10
টুইটারে	10
কংগ্রেসের	10
প্রেতাত্মার	10
গেরে	10
পার্কটা	10
ডারলিং	10
আজকেও	10
নিভির	10
মাল্লি	10
কারিকালান	10
কুমারের	10
বিলুপ্তির	10
কোয়ান্টাম	10
হুপার	10
মার্ফের	10
সাসপেন্ড	10
গারগ্যানচুয়া	10
বন্ধুগন	10
আপের	10
সুনামি	10
ভাইও	10
অলরাইট	10
মেয়েগুলো	10
জিগ্গেস	10
ইয়াহ্	10
বানাইছো	10
হ্যাকিং	10
নেটওয়ার্কে	10
শ্রেডারকে	10
করাল	10
হায়দার	10
মিনাক্ষী	10
রূপালী	10
টাপাস	10
সরাইখানায়	10
এমি	10
স্বাধীনভাবে	10
স্বরাষ্ট্রমন্ত্রীর	10
ব্যবসায়ীদের	10
ভিকিকে	10
গ্রেভস	10
নৌকাটা	10
২০১৫	10
কয়বার	10
পলা	10
ডারসি	10
ফ্র্যাঙ্কের	10
এমআইসিআর	10
স্যারা	10
অ্যাশল্যান্ড	10
লুথেরান	10
গ্র্যাজুয়েট	10
লাচ্যান্স	10
স্বাস্থ্যসেবা	10
ভন	10
অলিম্পাস	10
ব্রিয়ারিওস	10
ব্রোনাক	10
মাকা	10
লুজার	10
ব্যারির	10
দ্রুতাবাসে	10
সাধুবাবার	10
পিলিজ	10
লাহোর	10
ডাঙ্গা	10
ট্রান্সফর্ম	10
সংখ্যাপাতকরণ	10
স্পর্শমণি	10
কর্কশকণ্ঠ	10
রশির	10
স্পার্টা	10
পন্স	10
গালগো	10
প্রেশার	10
র‍্যালফি	10
ম্যাককল	10
পুশকিন	10
ডিব্বায়	10
ছাউনিতে	10
সূরা	10
স্নার্ট	10
বহিরাগত	10
অধ্যবসায়ী	10
তিরুনেলভেলি	10
লরার	10
একবেলা	10
অমরেন্দ্র	10
ওয়েলসবোরো	10
লেইসি	10
ট্রেডস্টোন	10
নরবার্ট	10
এনালিস্ট	10
ব্র্যান্ডিট	10
জিলঃ	10
কিটির	10
হাম্পটির	10
মরুভুমিতে	10
তিমির	10
বিলিগার্ড	10
রিহেগো	10
না৷	10
খ্রীস্টান	10
লেইগ	10
এ্যামোর	10
ট্রয়	10
পাইলটঃ	10
স্টিভা	10
কনস্ট্যান্টিন	10
যোগাযোগের	10
জোরে	10
শাবাল	10
ক্লেয়ার	10
ডিংওয়াল	10
গব্লিন	10
বেরট	10
থোমাস	10
মামাজী	10
পিসিন	10
পিয়েরেত্তি	10
রউফ	10
কামিল	10
বাজ্রাংবালি	10
বাজ্রাংবালির	10
গর্গরা	10
মিনিয়নরা	10
এসেক্স	10
গুনগান	10
মহেস্মতি	10
সাবু	10
তাহেরি	10
ইফরিত	10
আতিয়ে	10
স্বপ্নপুরীর	10
আংঘারাদ	10
চিডো	10
ম্যানুয়েল	10
ষ্টেপ	10
অনেকদূর	9
জন্মগত	9
এককথায়	9
উদ্দেশ্যই	9
মুষ্টি	9
সংবেদনশীল	9
বন্ধকী	9
বেচা	9
কাটিয়েছেন	9
সংস্থায়	9
জানালাটা	9
ট্রেনটি	9
আত্মীয়	9
সাক্ষীরা	9
গ্রহনের	9
স্ট্রোক	9
আটলান্টিক	9
৪১	9
মুঠো	9
জল্লাদ	9
নকশার	9
ঢাকার	9
কারনের	9
অংশটুকু	9
বদলাচ্ছি	9
মিমাংসা	9
এপাশ	9
ঘুরত	9
ভেনিস	9
সাদাদের	9
রিভিউ	9
কনুই	9
ধ্বংসযজ্ঞ	9
কুকর্মের	9
হিপ	9
ড্যানির	9
নিঃশব্দে	9
টাল	9
১৩০	9
ছোঁবে	9
লিজি	9
ফাঁসিয়ে	9
উদ্দেশ্যের	9
খাওয়াব	9
বুঝতেছ	9
হইলাম	9
সাফাই	9
মাইরালাইছে	9
টানার	9
সিরিজের	9
খুনিটা	9
একধাপ	9
মাংসে	9
হাঁটাহাঁটি	9
পৌছুতে	9
ডিমগুলো	9
ঘুরছি	9
ধাক্কার	9
গুরুত্তপুর্ন	9
মাসল	9
ঘোড়াটা	9
বড়জোর	9
ম্যাথ	9
কর্তা	9
বাদই	9
বসলে	9
জুড়েই	9
গাঁজাখুরি	9
স্ত্রীও	9
ভয়ই	9
নেমেছি	9
বিছিন্ন	9
ওপস	9
পাত্রে	9
পিটসবার্গ	9
তারিখটা	9
রুমগুলো	9
পাতাগুলো	9
দ্বিমত	9
আচারন	9
সস্তায়	9
আয়ারল্যান্ড	9
ডিজাইনের	9
আইরিশদের	9
লেকে	9
ইঞ্চিও	9
সবদিকে	9
আয়ের	9
সেনার	9
ইস্পাত	9
ভুগছেন	9
ফুসফুসে	9
ভদ্রমহিলাগন	9
যত্নের	9
ডোবার	9
ছবিগুলোর	9
দূরবীন	9
ডকে	9
অকল্পনীয়	9
ধারণক্ষমতা	9
টিকেটের	9
ইউনিভার্সিটিতে	9
নাৎজিরা	9
টুকরোগুলো	9
মিশরে	9
পিপাসার্ত	9
শ্রমিককে	9
কোনদিনই	9
পেরেশান	9
আনিনি	9
প্রতিবিম্ব	9
হছে	9
লনে	9
বাঁদরের	9
থাই	9
প্রসপেক্টর	9
খেলনার	9
ফটক	9
শস্যাগার	9
স্প্রিং	9
উত্তেজনায়	9
বান্ধব	9
অণ্ডকোষ	9
গোলাকার	9
প্যাসিফিক	9
স্যাম্পল	9
দিকটাই	9
হাসিতে	9
তালায়	9
গ্র্যাজুয়েশন	9
সবকটা	9
বানাতাম	9
দেখেনা	9
মানাচ্ছে	9
গ্যাসে	9
বংশে	9
অনুপস্থিতি	9
বেশরম	9
রেমন্ড	9
স্টুডিওতে	9
অতৃপ্ত	9
চপ	9
প্যলসন	9
যতসব	9
গার্ডেনে	9
খেলছ	9
ফ্যাকাশে	9
ডাটাবেজ	9
ছদ্মনাম	9
সন্ত্রাসীকে	9
এপক	9
পরিধি	9
দেখলেও	9
নেব্যুক্যানেজার	9
চোরা	9
লোডিং	9
শতভাগ	9
উম্ম	9
নির্ঝর	9
সিস্টেমই	9
নিশ্চল	9
মস্তিষ্ককে	9
ডাকছেন	9
এক্সিট	9
পুনঃস্থাপন	9
মাফিক	9
ঈর্ষান্বিত	9
বসবেন	9
রওয়ানা	9
ঘোমটা	9
হলোনা	9
তরুণী	9
বোঝনি	9
জানায়নি	9
অ্যাপয়েন্টমেন্ট	9
লাগিয়েছিলে	9
ফান	9
চপ্পল	9
কুরিয়ার	9
হালুয়া	9
সেম	9
এডভেঞ্চার	9
মোহন	9
ক্যাথরিনের	9
এঙ্গেজমেন্টের	9
বেচারার	9
চোট	9
জিন্স	9
এরাও	9
অবলম্বনে	9
গ্যারিসন	9
অভ্যাসে	9
গৃহ	9
ইরাকের	9
খায়নি	9
স্ট্রেচার	9
টোম্বলি	9
আগাচ্ছে	9
বাকীরা	9
কোনোকিছু	9
চলেছো	9
প্যাঁচাল	9
মুড়ে	9
নিষ্ঠুরতা	9
ঢালে	9
দাগাও	9
ফিসফিসানি	9
দিয়েছিলাম	9
হায়	9
এলফদের	9
গন্ডরের	9
বেড়ে	9
আরামের	9
সারুমন	9
শর্টকাট	9
পড়েছে	9
বিস্মৃত	9
হাহাকার	9
কাফেলা	9
চাচ্ছেনা	9
মৌরিয়ার	9
সন্দেহে	9
নামানোর	9
আশ্রয়	9
দুর্গম	9
নিমজ্জিত	9
ভূষিত	9
পায়ে	9
লাউঞ্জ	9
শেন	9
আসছিলে	9
আলোটা	9
মাস্তি	9
৮৭	9
কাউন্টারে	9
সৌজন্য	9
দরজাগুলি	9
শত্রুপক্ষের	9
লোশন	9
আমদানি	9
লড়াইটা	9
ধুশ	9
ভাঙো	9
গার্ডরা	9
তের	9
ইভিল	9
শিখাব	9
থিকা	9
এটাতেই	9
সিওর	9
চলেনা	9
দেখিয়েছিলে	9
চাইল	9
অংশগ্রহন	9
ভক্তদের	9
ব্যতীত	9
প্রেক্ষিতে	9
টিউলিপ	9
রাজপুত্রের	9
লেলিয়ে	9
পয়সায়	9
আর্নল্ড	9
সঙ্গিনী	9
সাধন	9
চিড়ে	9
একজোট	9
টুথব্রাশ	9
ফিরলাম	9
রপ্তানি	9
কিচেনের	9
আওয়াজটা	9
বিলির	9
যায়গাটা	9
সেইই	9
ঝামেলাই	9
বর্জন	9
শিশির	9
আণ্ডা	9
সংকটের	9
ক্যালেন্ডার	9
ফুঁসে	9
জানোয়ারটা	9
দেখাচ্ছিলো	9
বিদ	9
বাচ্চাগুলোকে	9
পিকনিকে	9
পেতুনিয়া	9
প্যাডফুট	9
টানছে	9
ডাকিনীবিদ্যা	9
আমব্রিজ	9
অভাবনীয়	9
ভবিষ্যৎবাণী	9
নাইজেল	9
জিনির	9
মালুম	9
পড়নি	9
ভেবনা	9
মোস্ট	9
কল্পকাহিনী	9
মরতাম	9
দেহগুলোকে	9
বন্ধুসুলভ	9
রসবোধ	9
বার্থ	9
পরিপাটি	9
কাত	9
জিদ	9
অবাধে	9
অবমাননা	9
হিন্দিতে	9
আঁকে	9
উচ্চস্বরে	9
ছুতে	9
পাচ্ছনা	9
বর্ননা	9
মূক	9
নল	9
ক্রিস্টি	9
স্মরণে	9
ময়দান	9
তাকি	9
মলম	9
বসব	9
কিনারে	9
সাইন্স	9
তারজন্য	9
ফাকি	9
শু	9
সহযোগীরা	9
ডর	9
বন্ধুই	9
জর্জিয়ার	9
হেলথ	9
রাজন	9
পাঠিয়েছেন	9
মারছিস	9
পরিমাপ	9
পাখিটাকে	9
মাওলানা	9
শুনবি	9
টাকলু	9
শিবির	9
নির্দেশের	9
কদাকার	9
জাগা	9
মধ্যরাত	9
পোড়াও	9
ঘৃণিত	9
ব্যাঙ্কে	9
সিবাশ্চিয়ান	9
ঘোরানো	9
বুলেটটা	9
ইয়ার্ডে	9
মতোন	9
চক্রের	9
বেনামী	9
ব্রিটেনে	9
ভ্রাম্যমাণ	9
ট্রে	9
সটকে	9
ফিলিপা	9
রোগা	9
দুঃস্বপ্নের	9
ব্রাউনিং	9
পর্যবেক্ষণের	9
মুখগুলো	9
কম্বিনেশন	9
মুক্তিপণ	9
ভরো	9
বোঝাবো	9
গড়ার	9
টার্ন	9
মালের	9
হিরোইন	9
শ্রেনীর	9
নাটকীয়	9
সাদামাটা	9
সোয়া	9
ধমনী	9
বিষফোঁড়া	9
মেনু	9
ট্যাক্সির	9
যাবতীয়	9
সাদাকালো	9
ভ্রমণটা	9
আয়ারল্যান্ডের	9
কেনে	9
সাহসিক	9
হইয়ো	9
ভাবলেই	9
বাঁচালাম	9
ট্রেইনার	9
রেট্রো	9
হাসতো	9
বুস্টার	9
ওঃ	9
কেনি	9
অত্যাধিক	9
ওয়াকি	9
গৃহহীন	9
প্রতিও	9
বল্	9
সিওং	9
সমাবেশ	9
নেবুলাস	9
সিক	9
প্রভাবশালী	9
ডগায়	9
ফাঁসানোর	9
নড়বি	9
ছেলেগুলোর	9
ভেবেছিলি	9
দুশ্চরিত্রা	9
ক্রোধের	9
কার্যকলাপ	9
হৃদয়কে	9
বেনেট	9
দলগত	9
ঘি	9
পুরানা	9
সাবওয়ে	9
চেনাজানা	9
টুপির	9
মানিক	9
পুর্ন	9
খাচায়	9
মার্লেনিয়ান	9
উপস্থাপনা	9
সফলভাবে	9
কিংকং	9
ইটের	9
বুঝতেছি	9
ঘোরার	9
হাঁপিয়ে	9
দূর্ঘটনায়	9
বেড়ার	9
প্রো	9
সাইকোলজিস্ট	9
মাদকাসক্ত	9
সৃস্টিকর্তা	9
নির্মূল	9
প্রেমিককে	9
রক্ষিবাহিনী	9
দিছিলাম	9
ছত্রখান	9
সর্প	9
আতঙ্কে	9
কাঁদিস	9
দীর্ঘজীবি	9
সুসানের	9
ছবিটিতে	9
নিজেকেও	9
কিই	9
মিথ্যাটা	9
খাজানা	9
ফালা	9
আবর্তিত	9
গ্লোবাল	9
নিয়েছেন	9
ঐতিহ্যগত	9
হত্তয়া	9
ধ্বংসাত্মক	9
অধ	9
বৈচিত্র্য	9
অভিব্যক্তি	9
অনুসারী	9
কার্যত	9
হ্রাস	9
নিকৃষ্ট	9
রাষ্ট্রদূত	9
দুর্বিপাক	9
ক্ষেপণাস্ত্র	9
জানোস	9
নিনো	9
গিনা	9
খ্রিস্টান	9
তালাবদ্ধ	9
থ্রেড	9
নিভাও	9
অকথ্য	9
ভালবেসেছি	9
পাচ্ছেনা	9
দুর্ধর্ষ	9
সর্বশক্তি	9
সঞ্চার	9
ঠেলা	9
আন্ডারগ্রাউন্ডে	9
বলতাছে	9
আচুদা	9
রিস্ক	9
কাজী	9
উত্তাল	9
বাচিয়েছ	9
দুজনার	9
আলুর	9
যত্নে	9
গুগল	9
তরুণদের	9
ক্লারা	9
ঘষা	9
ডানদিকের	9
অ্যাঞ্জেলো	9
খারাপটা	9
মিলিটারিতে	9
যদ্দুর	9
ট্রন	9
এনকম	9
তুমরা	9
ইউজার	9
কোওরা	9
পরিনাম	9
অস্বীকৃতি	9
প্রোগ্রামকে	9
এগুচ্ছি	9
হচ্ছিলাম	9
মুড়ি	9
স্কার্ট	9
ইন্টেলিজেন্সের	9
ক্যাপসুল	9
গাগা	9
সিলভা	9
প্যাঁক	9
খিচ্চা	9
তামাসা	9
খেতেই	9
তোকেও	9
বহিঃপ্রকাশ	9
ঘোড়াও	9
সম্মুখে	9
তদের	9
রাঁধুনি	9
সুসজ্জিত	9
সমৃদ্ধি	9
তিনশত	9
লাশগুলো	9
মেশিনগুলো	9
টাকাটাই	9
ইনজয়	9
পাইপটা	9
বেত	9
জোরেই	9
পছন্দই	9
ঝিনুক	9
সায়েন্সের	9
পনিরের	9
সবুর	9
ডেনিজের	9
বলেছিনা	9
বিবাদ	9
বাচ্চাকাচ্চাদের	9
আসবোনা	9
ইস্তাম্বুলে	9
প্রাণীরা	9
মাথাচাড়া	9
পড়েনা	9
ফর্সা	9
তাজ্জব	9
খাইনা	9
সিঙ্গাপুর	9
রহস্যময়ী	9
নরওয়ের	9
হৃৎপিণ্ড	9
ট্রাইউইজার্ড	9
খামোশ	9
গয়েল	9
ঘুমুতে	9
লেক্সিংটন	9
ডিয়াগো	9
ঘুরেফিরে	9
রেডিওঃ	9
মেলাও	9
মহারানী	9
উলটে	9
বন্দিদের	9
চমকাচ্ছে	9
শাখায়	9
ড্যান্সার	9
মাতলামী	9
ফ্যালকনি	9
আছিল	9
কীজন্য	9
জেসিকা	9
ছেড়া	9
স্পেশালিষ্ট	9
ডিসকাউন্ট	9
ডুবানো	9
কিনার	9
স্কেয়ারক্রো	9
হাজতে	9
ক্যান্সেল	9
গজের	9
লুপ্ত	9
সানশাইন	9
কান্সাসে	9
জনগোষ্ঠী	9
নিউরোটক্সিন	9
পূর্ণাঙ্গ	9
পেশির	9
স্নায়ুতন্ত্র	9
ঈশ্বরপ্রদত্ত	9
০৮০০	9
গ্রা	9
এ্টা	9
আইতাছে	9
উনারে	9
পাইলে	9
ধরবা	9
উদ্যম	9
ট্রায়াল	9
৬৩	9
এইটাকে	9
আশাও	9
নাসার	9
আসলটা	9
তাসের	9
মাফিয়ারা	9
ধান্ধা	9
এয়ারপোর্টের	9
ফ্রাঙ্কি	9
টনির	9
উইগ	9
মাতব্বরি	9
ভিনি	9
চেটে	9
ছোটলোক	9
হট্টগোল	9
কুঠুরিতে	9
ফালি	9
বেলের	9
জানবেও	9
জেলাস	9
পৌঁছলাম	9
কিস্তি	9
একশন	9
ব্রীজ	9
মেশিনকে	9
আইনি	9
রাখবা	9
একটিও	9
অপ্রীতিকর	9
দাঁতগুলো	9
হাসিমুখে	9
হ্যানিবল	9
লেকটারের	9
উল্লেখিত	9
মেয়েগুলোর	9
মেরুদণ্ডের	9
ইউএস	9
অ্যাটর্নি	9
রিপিট	9
অর্ডারের	9
য়া	9
ধারার	9
ভ্রমনের	9
পাগড়ি	9
থামাব	9
স্নেক	9
বন্ধুক	9
ঘোঁৎঘোঁৎ	9
আগ্রা	9
তোমকে	9
ডিঙ	9
শনির	9
কলে	9
গুনগুন	9
প্যাসয়ো	9
সেলের	9
খ্রিষ্টানদের	9
বেপার	9
ঋনী	9
পাঠাচ্ছেন	9
তিনটার	9
আত্নহত্যা	9
প্রাচীরে	9
ভাগ্যই	9
লুকান	9
ধ্রুবক	9
এছাড়া	9
আমারটার	9
মরিনি	9
ট্রানজিট	9
সাংকেতিক	9
অফিসিয়ালি	9
দায়িত্বে	9
গ্রস্থ	9
বেড়ান	9
মাছটা	9
গোরান	9
রানওয়ের	9
ঘুমাচ্ছেন	9
খুঁজছিল	9
ফটকে	9
মানসিকতার	9
রিডিকিলাস	9
স্নেইপকে	9
অতল	9
জানোয়ারদের	9
পড়াতে	9
সাহায্যেই	9
ঢালতে	9
ক্যালিফোর্নিয়া	9
ক্যালিফোর্নিয়ায়	9
বন্ধক	9
সেরকমটা	9
ব্যয়বহুল	9
হিউজের	9
শিখিয়েছ	9
রেডিওর	9
পরিচর্যা	9
প্রতিদ্বন্দ্বীতা	9
কতটি	9
শারিরীক	9
মোছার	9
পেয়ারের	9
লাড্ডু	9
মুফাসার	9
খাবারই	9
বর্তমানের	9
মাটিতেই	9
চার্চিল	9
এগুলির	9
সিডি	9
জিতলাম	9
ইস্ত্রি	9
পুড়তে	9
লটকে	9
হোলো	9
মেলামেশা	9
খেলছিল	9
উচ্চপদস্থ	9
ইংরেজরা	9
টেকা	9
নিস্ক্রিয়	9
বাচাঁও	9
ইয়েয়ে	9
মিষ্টির	9
সাইলাস	9
এগনেস	9
পার্টনারের	9
সড়িয়ে	9
ড্রিংকস	9
ভালোবাসবো	9
ওরও	9
সার্জনফিশ	9
আঙ্কেলকে	9
রোসিটা	9
পাজামা	9
ছাড়বেন	9
টীচার	9
চাইনিজদের	9
পরোটা	9
টনিকে	9
মায়ামি	9
ভেনেসা	9
বেটে	9
কচ্ছপের	9
গুহাবাসী	9
পাড়ায়	9
ঠেলাঠেলি	9
ব্যতিত	9
বড়ি	9
মুম্বাইয়ে	9
দেস	9
কম্বান	9
দিছেন	9
প্যাকিং	9
গ্রামবাসীর	9
নয়টি	9
উঠানোর	9
থার্মাল	9
ফিনারটি	9
জেনেছ	9
মারগারেট	9
ফ্রিকোয়েন্সি	9
করাতো	9
জোম্বি	9
লক্ষ্যবস্তু	9
থাইল্যান্ড	9
লক্ষণীয়	9
তলায়	9
কুড়ি	9
পুলের	9
বিদ্রোহের	9
ভ্লাদ	9
এমারেল্ড	9
সাজে	9
রিংহোম	9
সহযোগীতা	9
পের	9
সাইক্লোপস	9
দানবকে	9
নাবিকেরা	9
করেছেনঃ	9
বয়সি	9
ভায়েরা	9
আলোগুলো	9
পদবি	9
বীণা	9
স্যাটেলাইটের	9
পালোয়ান	9
রেসার	9
ষ্টেশনের	9
এলেনা	9
১৫টা	9
কাপুরুষতা	9
পায়চারি	9
ভালো	9
নিয়মিত	9
বড়টা	9
এইমাত্রই	9
সর্দি	9
মনগড়া	9
গ্যান্ডাল্	9
অর্ক্	9
ঠাডা	9
ঢুক	9
ক্রিপ্টন	9
উত্তোলন	9
মাব	9
দৌড়াব	9
অপেক্ষিত	9
পূরণে	9
সুপরিচিত	9
কাকতালীয়	9
এনকোড	9
বাজেয়াপ্ত	9
সম্মুখের	9
অশ্বারোহণে	9
আর্মিরা	9
পরকালে	9
জ্বীনেরা	9
একাত্তর	9
বুঝাচ্ছে	9
কলিজার	9
সারের	9
শাস্ত্র	9
কথামতো	9
৭১৭৫	9
হিংসুটে	9
ভণ্ড	9
কিনেছিল	9
আপনাদেরই	9
খুলেন	9
অনুভতি	9
সহায়তার	9
আইএসএস	9
থ্রাস্ট	9
আনিঙ্গাক	9
যোগদানের	9
আইবো	9
কেড়েছে	9
বেহালাটা	9
ব্যাবসায়ী	9
তাঁরে	9
উঠবি	9
বেত্রাঘাত	9
বারথোলোমেও	9
সাবাথ	9
লোককাহিনী	9
উপরওয়ালা	9
হালেলুজাহ	9
গরমের	9
অর্লিন্সে	9
মারতেই	9
সংগীত	9
নিয়মকানুন	9
উম্মোচন	9
সচেষ্ট	9
দুর্বলতার	9
বন্ধুদেরকে	9
টুপিতে	9
পাবলিকের	9
ক্ষুদার্থ	9
লেটেস্ট	9
ক্রিমিনালদের	9
অবিরাম	9
অফিশিয়ালি	9
যৌবন	9
সাবধানতা	9
আত্মসাৎ	9
সুজি	9
ঘোলাটে	9
মালায়লাম	9
তুলকালাম	9
ঊর্ধ্বতন	9
কামাল	9
ফোনও	9
গ্যালান্ট্রি	9
শুটারের	9
যেরকমটা	9
দায়িত্বভার	9
অইদিন	9
রাইফেলের	9
কর্মক্ষেত্রে	9
শপথের	9
শাড়িটা	9
সার্ভারে	9
নিষ্ঠুরভাবে	9
বইটার	9
অপু	9
হিজু	9
এলিট	9
অতিষ্ঠ	9
মোড়	9
দূতাবাসে	9
আল্লু	9
অর্জুনের	9
চাচীর	9
গিয়েছিল	9
পুনরূজ্জীবিত	9
থামালে	9
ফ্যাল্কন	9
ক্রুটি	9
চুড়ি	9
একাউন্টের	9
অনর	9
মেয়রের	9
মারবেনা	9
শ্যামুয়েল	9
অমিতাব	9
রাইতে	9
কইয়া	9
দেছে	9
ফিফটি	9
জিতছে	9
সৈন্যের	9
সোমবারের	9
ডিরেক্টিভ	9
কাপটা	9
পশুরা	9
গণতন্ত্রের	9
সত্তর	9
পারফর্ম	9
মণিমুক্তা	9
গুরত্বপূর্ণ	9
শৈল্পিক	9
গ্রীষ্ম	9
উড়	9
ছুটছে	9
স্টুডেন্টদের	9
হাঁট	9
ম্যানঃ	9
কার্রলা	9
কোল্ড	9
মোটেলে	9
ভাইরা	9
শাসনের	9
মূঢ়	9
তজ্জাতীয়	9
ডাইনির	9
খোঁড়া	9
চুম্বক	9
আর্কাইভে	9
ঔষুধ	9
টেরেসার	9
স্কোয়ার	9
ক্যাসেট	9
পামেলা	9
শুশান	9
ইযিঃ	9
শাম্বাল	9
সামারঃ	9
পুডভকিন	9
উম্মম	9
টিমোক্সি	9
বায়ুত্যাগ	9
দেরীতে	9
হারার	9
শাড়ী	9
কিচ্ছুই	9
প্রার্থীর	9
চ্যাম্প	9
বক্সটা	9
সূর্যোদয়ের	9
ঝুড়িতে	9
টাইপরাইটার	9
একান্তই	9
ঘাঁটির	9
অস্ত্রকে	9
গ্রেসের	9
রাস্তাটি	9
কঠিনভাবে	9
বায়োলজিতে	9
সিএস	9
রক্স	9
লেস্ত্রাড	9
জর্জকে	9
আতঙ্কের	9
ব্লাকউডের	9
প্রশ্নোত্তর	9
স্টেসি	9
ঢাকনা	9
জোনাথন	9
কুঁড়েঘর	9
ব্যাড	9
ভ্যাকসিন	9
মুছতে	9
চালাচ্ছ	9
লালা	9
সালাদের	9
চকোলেটের	9
এলাবামা	9
আম্বার	9
টেলিভিশনে	9
রেডিং	9
উদ্দাম	9
এনটআন	9
বাচসের	9
গুনছি	9
টেনেছেন	9
অ্যাভেঞ্জার	9
ওয়ার্ডে	9
ফিউরিকে	9
তুলেছিলে	9
অনৈচ্ছিক	9
হাল্ক	9
ক্যাপের	9
জেটে	9
সোকোভিয়ান	9
স্যামকে	9
স্ট্যাঙ্ক	9
কৃপা	9
গদা	9
খেচ্চর	9
পাদ্মে	9
রাজের	9
জেভ	9
বাগদাদের	9
ইউনিফর্মটা	9
শিখেছেন	9
মারকোভিচ	9
আইপি	9
লেনশার	9
ম্যাকটাগার	9
কিউবা	9
ত্রিশুল	9
নাম্বারটি	9
হৈ	9
ঘটানো	9
আমাদিগের	9
অনি	9
পরীক্ষাটা	9
নির্বাক	9
উদাহরণস্বরূপ	9
ইস্কাডউস	9
কুয়েতে	9
সিমু	9
দিদা	9
বলদা	9
যতবারই	9
লেখকের	9
জ্যেষ্ঠ	9
সৈনিকরা	9
ফিসা	9
এসএমএস	9
হাওয়াইয়ের	9
মজাও	9
ব্যাটসি	9
জাদুকারিনী	9
ভুপাতিত	9
ধাত্তারি	9
সম্মাননা	9
মুচড়ে	9
টাপিরের	9
বিলুপ্তি	9
স্টেটস	9
পিরিয়ড	9
মালায়ালাম	9
কইলো	9
অংকে	9
খুজেঁ	9
গনেশ	9
কুমারকে	9
টকি	9
সেলিনকে	9
গাদ্দারি	9
স্ট্রেঞ্জ	9
নাঃ	9
আপেক্ষিক	9
হাইড্রোকার্বন	9
রিকোলেটির	9
পড়ার	9
অকাল	9
কারমাইকেল	9
অমীমাংসিত	9
রোজই	9
এনডিউরেন্স	9
পরিমাণের	9
নিউটনের	9
কতোজন	9
অাসে	9
অাবার	9
জোয়ি	9
জাগছে	9
এন্ড্রিও	9
কামানের	9
ছেলেরই	9
স্যাক্রিফাইস	9
তোমর	9
শায়িত	9
প্রোগ্রামিং	9
শিধু	9
সিদ্ধার্থকে	9
অজানায়	9
মিরান্ডা	9
কামিয়েছি	9
জোছনা	9
লিস্টের	9
জনসাধারণের	9
ইনভাইটেশন	9
ব্যবসায়ীদের	9
অভিশংসকের	9
ঢুকেছিল	9
পরখ	9
ভ্যালি	9
উৎসে	9
ক্রুদের	9
একাকীত্ব	9
হাইবারনেশন	9
ডকের	9
প্যাট্রিকের	9
নেকড়ের	9
আইজ্যাকস	9
পাটিল	9
১৯৬৭	9
র‍্যাটি	9
উকুন	9
১৬তম	9
ভাঙাতে	9
ভাঙানো	9
পরাতে	9
ব্লেয়ার	9
আল্ড্রিচ	9
দ্রব্য	9
বীরত্ব	9
পোলি	9
ম্যো	9
উঃ	9
কোবাল্ট	9
হ্যামার	9
এগুতে	9
থ্রী	9
পাশা	9
উন্নতমানের	9
মহামহিম	9
অ্যাডমিরাল	9
ঘোড়ার	9
বাজনার	9
সিংকে	9
বায়োডাটা	9
তপস্বীর	9
অ্যাম্বেসীতে	9
ফিনিক	9
যুদ্ধবিরতির	9
জিংলিং	9
সিজারের	9
গানার	9
আশরাফুল	9
টাম্ব্রিয়া	9
সত্ত্বার	9
স্টার্নকে	9
থালাবাসনের	9
কারিগররা	9
ডেকচি	9
গ্রস	9
পোল্ডেক	9
কুন্ডার	9
ক্র্যাকোতে	9
হাইম	9
অ্যশউইৎয	9
কিতাব	9
স্ট্যাগেল	9
শার্ফ	9
কার্ভার	9
জিবাকে	9
৭৭৩০	9
লুমিয়েরা	9
দানবটা	9
ডেনেরিস	9
গ্রেজয়	9
মেইস্টার	9
বাইরাভা	9
ব্রাহ্মণদের	9
ওরিগে	9
রিকস	9
স্প্যারোকে	9
জঘণ্য	9
বইটি	9
আত্মহারা	9
গ্যাব্রিয়েলা	9
নোড়ো	9
এগ্রো	9
বাহুবলি	9
জিহাদ	9
ওমরকে	9
লুডেনডর্ফ	9
কমাণ্ডার	9
সোয়ান	9
বৃস্টি	9
জীন	9
ব্লাজার	9
স্নিচ	9
কোনর	9
ফ্লাফি	9
টারগ্যারিয়ান	9
ডোথরাকি	9
কসাইয়ের	9
বোয়েন	9
হেনড্রি	9
মোয়রা	9
মর্ড	9
অ্যাঞ্জিয়ারের	9
গ্লাসকে	9
উইসলার	9
স্পিগেল	9
সাটলার	9
রেনাটার	9
রেসিপির	9
হেল্	9
গ্রেইলের	9
বালদিনি	9
সাইকি	9
চামড়াগুলো	9
কুম্বায়া	9
বিড়বিড়	9
বারটন	9
ক্রনস	9
এজে	9
এনলরড	9
ওয়ারগ	9
রিড্ডিকুলাস	9
কাশ্মীর	9
জানকি	9
মিনিয়নদের	9
নিউট	9
ড্রাইভটি	9
মাহা	9
ফাথমস	9
দেবসেনার	9
ভল্লাল	9
ভল্লালদেবকে	9
বাহুবালির	9
মহেস্মতির	9
রক্তচোষা	9
পেরিচালি	9
মুক্কাম	9
গুরুজী	9
পুলিভেট্টি	9
আঁচার	9
কুতাপিঃ	9
ওজাকি	9
হান্টলি	9
লেইনের	9
সিনেমাতে	8
রাইস	8
চিন্তাকে	8
বেশিক্ষন	8
ডাকলেন	8
আজকালকার	8
গন্ধও	8
বুঝাচ্ছেন	8
গুরুত্বহীন	8
প্রমাণগুলো	8
ঘ্যানঘ্যান	8
রুপকথা	8
এজেন্সির	8
কমলালেবুর	8
মতনই	8
কাঠগড়ায়	8
নকশাটা	8
চাপতে	8
দাম্ভিকতা	8
ঠিকভাবেই	8
উঠানে	8
বেসবলের	8
মদ্যপ	8
ওপাশ	8
বেহায়া	8
সংগ্রামের	8
কর্মকাণ্ড	8
আমেরিকাকে	8
বানা	8
নাটের	8
দেশটা	8
বানচোত	8
উথলে	8
পন্থায়	8
আন্দোলনের	8
নগর	8
কালোদের	8
ভরি	8
ধর্ষিত	8
৬৮	8
লাফালাফি	8
আইনকে	8
নাকটা	8
ডরিস	8
হুউউ	8
চখাম	8
অপরাধবোধ	8
ন্যাড়া	8
আগেরটার	8
সেগুলা	8
চাদরের	8
গুদামে	8
কারাদণ্ড	8
ঢোকাতে	8
প্রশ্নটাই	8
শিঘ্রই	8
হেসো	8
পড়ানো	8
জিঞ্জার	8
ছয়টি	8
সোফার	8
দোহায়	8
প্লেসে	8
এ্যাম্বুলেন্স	8
টেকনিক্যাল	8
লটে	8
দিনরাত	8
কনরের	8
কনরকে	8
অত্যাধুনিক	8
সিরাপ	8
মৌমাছির	8
কবুতর	8
অমলেট	8
ভাড়ায়	8
ল্যাবরেটরিতে	8
বায়	8
ভাগ্যিস	8
নির্ভয়ে	8
স্কুলটা	8
স্টাইলটা	8
৮টায়	8
অনুপাত	8
লোকও	8
রেলওয়ে	8
অফুরন্ত	8
ব্রেড	8
প্রতিযোগীদের	8
তৃতীয়ত	8
আজো	8
শিয়ালের	8
কিচ্ছা	8
পোড়ানোর	8
দৌড়াদৌড়ি	8
সবঠিক	8
লুয়িস	8
কাঁপুনি	8
ছবিটির	8
ওশেন	8
রাশিয়ানদের	8
হকলি	8
ভেদাভেদ	8
সিগারেটটা	8
মনমরা	8
হাতগুলো	8
অলংকার	8
বীচে	8
চড়বো	8
তামাক	8
নাচব	8
পুকুরের	8
ঘোরো	8
অল্পের	8
আলমারিতে	8
নৌকাগুলো	8
ঘোরাতে	8
মাঝি	8
ক্ষীণ	8
সুদের	8
স্তূপ	8
দশটি	8
বালুঝড়	8
কুয়ার	8
পর্বতমালা	8
ডাস্টবিনে	8
ক্যালকুলেশন	8
প্লেনেই	8
অদম্য	8
উডির	8
উডিকে	8
ইইই	8
পিছের	8
বাঁচাতেই	8
মাবুদ	8
ভস্ম	8
তুলবেন	8
পলকেই	8
পুড়ছে	8
কাটাব	8
স্টিকার	8
রাবারের	8
পপকর্ন	8
মেইহেমের	8
গোড়া	8
উদ্যমী	8
জন্মগ্রহন	8
থমাসের	8
পার্থিব	8
ক্লোয়ি	8
মার্লার	8
অভিমান	8
অপ্রচলিত	8
ভাঁওতাবাজি	8
স্যুটকেসে	8
দিতনা	8
সম্বোধন	8
বানাত	8
গান্ধী	8
দাগগুলো	8
সিরিয়ার	8
ট	8
খুজব	8
বিত্তবান	8
কাপড়চোপড়	8
কমদামী	8
বসেও	8
মায়ামির	8
ভালবেসেছিলাম	8
ভেঙ্গেই	8
পদ্ধতিটা	8
তুম	8
ধসে	8
বাহুল্য	8
অক্ষরে	8
ট্রেইনিং	8
স্বাভাবিকের	8
রক্ষার্থে	8
শুনছিলে	8
স্বর্ণকেশী	8
বার্লি	8
ইন্টেরেস্টিং	8
দুঃশ্চিন্তা	8
ফ্রাঙ্কলিন	8
আমলে	8
ঘন্টাখানেকের	8
গতরাতের	8
কার্লের	8
মিলিচ	8
জিনিষপত্র	8
শোচনীয়	8
কালশিটে	8
ক্যাথেরিন	8
পরেছো	8
সেন্ড	8
উফফ	8
কোকো	8
অফিসটা	8
জার্নি	8
ধরলো	8
যোগ্যতার	8
টুল	8
বেঠিক	8
ট্যালেন্ট	8
আশ্রমে	8
হতাশায়	8
পুকুরে	8
খাদে	8
অ্যাকাউন্টে	8
তোরই	8
পরিসমাপ্তি	8
ক্রসের	8
জাতিসংঘের	8
গ্রেপ্তারের	8
রাঘব	8
খুঁজেও	8
টেক্সাসে	8
গণহত্যা	8
লিমো	8
টড	8
মগ	8
চালে	8
ফেলেছিলি	8
আদর্শবাদী	8
আমর	8
আব্দি	8
বিল্ডিঙে	8
অলিম্পিক	8
সামলাবো	8
সেদিকেই	8
বকছে	8
গাড়	8
গ্যালেন্টাইন	8
ভরসার	8
যোগাযোগে	8
রোডের	8
ভিড়ে	8
বলাও	8
বেরো	8
স্টেডিয়ামে	8
শুভ্র	8
ইসিলডুর	8
হবিটদের	8
হিসেবেও	8
জাঁকজমক	8
বাসায়	8
রুটির	8
বছরও	8
পরিনি	8
বিলবোর	8
বইবে	8
ডুম	8
নেয়ার	8
এড়িয়ে	8
চামড়া	8
টাউনে	8
দ্রুতগতিতে	8
নিয়তি	8
হৃদয়ের	8
উপনীত	8
নিকষ	8
লেগোলাস	8
তাড়া	8
কাফেলার	8
নিজেরাও	8
আটজন	8
মুক্তো	8
রাণীকে	8
উত্তীর্ণ	8
মোহ	8
কারোই	8
পারছিল	8
চেকে	8
চলল	8
টাইমার	8
সুট	8
খুজা	8
আনবেন	8
আপনা	8
নেভাদা	8
কাগজপত্রের	8
হাসছি	8
সবগুলি	8
করিয়েছ	8
মনিটরে	8
অধিকারে	8
ম্যাচে	8
লোকেরাই	8
লবন	8
পরিস্কারের	8
সপ্ন	8
দৌড়িয়ে	8
শিখিয়েছিলেন	8
কস্ট	8
৫৯	8
ডিব্বা	8
বেসিক	8
সম্মানজনক	8
ব্যারিকেড	8
মামুন	8
ভালবাসাই	8
বিশ্বস্ততা	8
প্রটোকল	8
জাগতে	8
টেডির	8
ওষুধগুলো	8
জুটি	8
বিষয়টার	8
রোবটকে	8
হাউন্ড	8
জন্মেছো	8
সংযোজন	8
সম্ভাবনাও	8
অন্বেষণ	8
আত্ম	8
মতামতের	8
বিষাদ	8
পাড়িয়ে	8
অধ্যায়টা	8
ইসলা	8
তফাৎ	8
এটিতে	8
মেই	8
খাদক	8
তাড়াতে	8
নেভি	8
লতিফ	8
বোনদের	8
বেকারিতে	8
কয়েকশো	8
চলচ্চিত্র	8
নাশক	8
পাথরও	8
সহিংসতার	8
হায়েনা	8
সদস্যের	8
ওপার	8
চুলওয়ালা	8
দোভাষী	8
বার্তাটা	8
হেডউইগ	8
চলব	8
ঘুরাবে	8
ভুলই	8
চিরবিদায়	8
এতদুর	8
কাটল	8
দিনদিন	8
টিচারকে	8
ব্ল্যাকের	8
কাপে	8
আ্যলবাস	8
টোষ্ট	8
আশ্রয়ে	8
বসতির	8
উজ্জল	8
সিরিয়াসকে	8
পুডিং	8
আতিকুল	8
গনি	8
বিদ্যুত	8
তান্ত্রিক	8
বুজলে	8
ম্যাগনন	8
বিকশিত	8
কোষের	8
শতাব্দীতে	8
আঁকার	8
বক্তব্যে	8
রকে	8
আইফেল	8
রাখল	8
ভিত্তিক	8
অতিরঞ্জিত	8
অপ্রত্যাশিতভাবে	8
বাস্তবতায়	8
১৭০	8
অনুপস্থিতিতে	8
অবাধ্যতা	8
নিঃসঙ্গতা	8
ঝুলতে	8
ম্যারির	8
বাড়ার	8
শিখি	8
আলোকপাত	8
কদর্য	8
এড়ানো	8
ডজনের	8
ভাবল	8
অমায়িক	8
সমূহ	8
দার্শনিক	8
অপেরা	8
কতক্ষণের	8
বিবেচিত	8
জটিলতা	8
ভক্তি	8
ভাষাটা	8
নিষ্কৃতি	8
আনছ	8
জ	8
চিলি	8
উইলি	8
শাহ	8
বাধ	8
বিফল	8
ঘুরি	8
অক্ষরগুলো	8
করিসনি	8
সোলার	8
শুননি	8
লেখায়	8
বাজেটের	8
থাকিনা	8
এস্টেট	8
শনিবারে	8
পেয়াজ	8
খুজছেন	8
ট্র্যাকে	8
তারসাথে	8
হতবাক	8
মোশন	8
ইলেক্ট্রিসিটি	8
পেইন্টার	8
ফ্লিপ	8
শিখবেন	8
দেখাল	8
ভাগ্যটা	8
কোনটাকে	8
বাকস	8
আকৃতির	8
অবকাশ	8
যাওয়াতে	8
বেলিকফের	8
নজরদারী	8
আশাবাদী	8
হ্যাহ	8
খাইছো	8
ভালর	8
মাফিয়াদের	8
ট্রান্সপোর্ট	8
গ্রাহকদের	8
হোটেলটা	8
এটারও	8
নামি	8
দেহরক্ষী	8
পাখিকে	8
দরকারটা	8
বলছিলা	8
উপার্জনের	8
বিমানবন্দরে	8
এতটাও	8
ফেলিস	8
টারটারাসের	8
সত্যই	8
অগোচরে	8
আনান্দের	8
কাইরন	8
অর্গলটি	8
মুক্তাটা	8
এইদিক	8
আবছা	8
হাইড্রার	8
গজাবে	8
ক্রমশ	8
বৈধভাবে	8
খেয়ো	8
অ্যাানাবেথ	8
অরে	8
আছাড়	8
মধ্যরাতের	8
ততোই	8
পারলেনা	8
মেসেজের	8
পছন্দমত	8
এপয়েন্টমেন্ট	8
চৌকস	8
উন্মাদনা	8
ডায়রী	8
লিখেছিলো	8
হারিয়েছিলো	8
বলিষ্ঠ	8
সনাতন	8
গুণ্ডাদের	8
গতিশীল	8
ড্র্যাগন	8
ফেললেই	8
উল্টোপাল্টা	8
জাগাও	8
আর্কিটেক্ট	8
ঘষতে	8
সাবজেক্টের	8
নাতনী	8
নির্মাণের	8
ডিটেইলস	8
ধাঁধার	8
রাজত্বের	8
বলছেনা	8
মস্তিস্কের	8
বোঝোনি	8
গবেষণায়	8
ভেতরেও	8
সনদ	8
চার্লসকে	8
অ্যান্টি	8
হইনা	8
পারছিলো	8
চুড়ান্ত	8
মাদারচোঁত	8
উম্মাদ	8
আঁকি	8
পারসেন্ট	8
ভাবুক	8
পাঠিও	8
মাইয়ুং	8
কিডনি	8
রেকর্ডে	8
গন	8
নির্মান	8
প্রশিক্ষক	8
স্বাস্থ্যকর	8
খেলেছো	8
ইমেইলে	8
মেরুদন্ডে	8
দেশটার	8
সেটাতেই	8
বাড়িটার	8
দেখালো	8
বেড়েছে	8
সোনারা	8
নিকটতম	8
জংলি	8
রিমোটটা	8
পরানো	8
বিশেষজ্ঞরা	8
স্টিকটা	8
৮টা	8
নিরুপায়	8
জুতোগুলো	8
প্রিন্সের	8
বাগদত্তার	8
জিহবা	8
হারামজাদার	8
নিলয়	8
কেষ্ট	8
ব্যাচ	8
শিফটে	8
বোকামির	8
গর্ভ	8
ফাহিম	8
নম্বরে	8
সংকটে	8
অপর্যাপ্ত	8
এক্সিডেন্টে	8
টাইয়েন	8
মৃত্যুদন্ড	8
জন্মেছিলে	8
শয়তানী	8
কয়েল	8
থামব	8
এরিয়ার	8
কারসাজি	8
কম্পনের	8
ধরাবো	8
কইছি	8
ডিশ	8
ইয়োগা	8
ক্লিন	8
ঋন	8
৭৩	8
আপনজনদের	8
জাগানো	8
ষাড়ের	8
পিকচার	8
স্ক্রিপ্ট	8
বিধায়	8
লাগাচ্ছে	8
ফোনেই	8
পরমানন্দ	8
বেরুচ্ছি	8
উঠায়	8
আছস	8
লক্ষি	8
বুজ্জি	8
দাড়িওয়ালা	8
শিল্পপতি	8
নিরবতা	8
ব্যাপকভাবে	8
লোকগুলা	8
যাত্রাপথে	8
হেনলি	8
আছেটা	8
সওদাগর	8
ইদুরের	8
জুলুম	8
অনুর্বর	8
গেছিলেন	8
অস্ত্রাগার	8
স্ট্রিপ	8
বুর্কিনা	8
ফাসো	8
নিদ্রা	8
অধ্যয়ন	8
ছাড়ার	8
গবাদি	8
পুরস্কৃত	8
যৌগ	8
পর্যায়ে	8
বেপরোয়া	8
ক্রয়	8
গ্রীষ্মে	8
অন্যত্র	8
উদ্ভাবনী	8
ধরিনি	8
ক্যালি	8
ডাল্টনকে	8
ইনফেকশন	8
এওয়ার্ড	8
রেনাই	8
দামও	8
অবিচলিত	8
দেখাইনি	8
সিসিলিয়ান	8
স্কডিয়া	8
দীর্ঘজীবী	8
করছস	8
অংশই	8
খাওয়ানো	8
পেটাতে	8
মানুষগুলোকে	8
ওহহহ	8
প্রবেশপথ	8
চয়েস	8
কঙ্কাল	8
জিতেছো	8
রেইন	8
অগ্নিমূর্তি	8
লেভেলে	8
ক্রমাগত	8
রাজবংশের	8
গভর্ণর	8
রিসার্চে	8
মারাও	8
হারিয়েই	8
নেয়াই	8
আফগানিস্তানের	8
গোয়েন্দার	8
আত্মীয়স্বজন	8
গাড়িতেই	8
পাঠালাম	8
তাকাচ্ছো	8
পোস্টে	8
বম	8
এনকমের	8
সিইও	8
অপারেটিং	8
গেইমে	8
গ্রিডের	8
দৌড়ায়	8
সবগুলাকে	8
বাচবে	8
ইওন	8
কতদিনের	8
গাড়িও	8
হাসছেন	8
লেগেছি	8
জামিন	8
কুস্তি	8
করোস	8
মাস্তান	8
দেখাস	8
ব্রাজিলের	8
কল্লা	8
টানছি	8
লড়েছো	8
শেকল	8
তর্কের	8
দোজখে	8
তোয়ালেটা	8
সিবিলা	8
সঙ্ঘের	8
শাটিলন	8
প্রাচ্যের	8
পরিষদের	8
আড়াআড়ি	8
সম্মিলিত	8
রাজ্যকে	8
বিপর্যয়ের	8
গির্জার	8
পদক্ষেপের	8
বশ্যতা	8
খুঁজেই	8
একটানা	8
সেটাতো	8
সুপ্রিয়	8
খুকী	8
গুপ্তচরদের	8
লোভের	8
যতদুর	8
জার্নাল	8
চুলকানি	8
চিরস্থায়ী	8
আইসক্রিমের	8
রুপকথার	8
দুইটার	8
ওইটাই	8
জানিয়েছিলাম	8
চাচ্চু	8
শরম	8
প্রতিবছর	8
ছুয়ে	8
উঠোনে	8
মেহেরবানী	8
পরিচ্ছন্নতা	8
নামটাই	8
গাছটার	8
ভাইজানকে	8
ভূমিকায়	8
বিপ্লবী	8
শ্যুটিং	8
কোণঠাসা	8
বুটের	8
ট্রয়	8
পেয়ালায়	8
ভাষ্য	8
অতিসত্বর	8
সুইডিশ	8
পলিজুস	8
একজনেরও	8
রুকউড	8
ক্র্যাব	8
আনুগত্যের	8
লোকমুখে	8
শিখানো	8
মারটির	8
পাবিনা	8
সোনাকে	8
সড়ুন	8
ড্রিমস	8
ছোয়া	8
রাজত্বে	8
রাজাও	8
মাঝখানেই	8
অসহ্যকর	8
চিন্তাটা	8
গাছগুলোর	8
নড়া	8
রানির	8
তোষামোদ	8
জন্তুটা	8
ক্যার	8
সানওয়ো	8
যাওয়াটাই	8
ডাকের	8
প্রতিশ্রুতিশীল	8
দলা	8
জানতি	8
শুনানিতে	8
ছুঁতেও	8
মিটানোর	8
প্রতিদানে	8
পাগলাগারদে	8
শোভা	8
দৌলত	8
চেকআপ	8
প্রোডাকশনের	8
পথভ্রষ্ট	8
মারবনা	8
লাভে	8
আর্বিভাব	8
গুনসম্পন্ন	8
কামারখানাতে	8
সর্বশক্তিতে	8
দুঃখময়	8
খোশমেজাজ	8
সুলিকে	8
ছুরিওলা	8
উদ্বেগও	8
চুক্তিটি	8
জিনোম	8
আলোকবর্ষ	8
মহাজগত	8
সুবিধামতো	8
বিপদ্	8
ভেঞ্চুর	8
মাছিরা	8
বসবাসকারীরা	8
হাড়্গুলো	8
প্রশিক্ষনে	8
অ্যাভাটারে	8
দুরনিয়ন্ত্রীত	8
প্রোপ্রাইওসেপ্টিভ	8
সিমগুলো	8
স্রাবন	8
সঙ্গতিপূর্ন	8
উন্মাদীয়ভাবে	8
চালকরা	8
সিগারেটটি	8
উদ্ভিদবিদ্যা	8
ব্যাঙ্	8
ব্যবচ্ছেদ	8
সেলফ্রিজে	8
প্রস্থানের	8
হোভার	8
স্কোয়াক	8
আইডেন্ট	8
সহ্রদয়	8
মস্তিস্কবিহীন	8
মুখবিষয়ক	8
স্বাস্থ্যবিজ্ঞানী	8
আত্মীয়তা	8
কেজিতে	8
বন্যরা	8
অপারেশনকে	8
প্রতিকুল	8
বিতৃষ্ণ	8
হোয়াইটের	8
অধ্যায়কে	8
সক্রিয়তা	8
মনির	8
সহজবভাবে	8
ট্রাংকাল	8
উদ্ভ্রান্ত	8
নাড়াচ্ছো	8
ডিস্টাল	8
অসাড়তা	8
এগিও	8
সমন্ধীয়	8
গারনিতে	8
অ্যাভাটারের	8
সাপিটোক্যাম	8
জী্য	8
নাম্বনাটস	8
স্ক্যাট	8
খোকারা	8
অবসন্ন	8
অভিযানগুলোতে	8
ওয়েনফ্লিট	8
নাইনের	8
ক্যাপিটাইন	8
লতান	8
উদ্ভিদগুলোতে	8
মাধ্যাকর্ষন	8
ভেনেজুয়েলা	8
ঝোঁপ	8
ঝাড়	8
জার্মানির	8
হ্যায়	8
ল্যাংটা	8
তোগো	8
রেনেতো	8
কেদেই	8
পারোস	8
রাগোভ	8
মাজা	8
গাছটি	8
উম্মে	8
লাগালাম	8
কিউব	8
হেনরিকে	8
ফার	8
পুরাটাই	8
দেখলা	8
বান্ধবীর	8
বকছ	8
ভালোও	8
খেলত	8
বিবাদে	8
খাট	8
মহাভারত	8
কুলাঙ্গার	8
পিণ্ডি	8
মালগুলো	8
তাকাইও	8
ধাম	8
আটলান্টার	8
আটলান্টা	8
মাইকেলকে	8
দেখছিল	8
আহাম্মকের	8
ফ্লোরিডা	8
শাশুড়ির	8
চিনিয়ে	8
বিলিয়ন	8
জাজমেন্ট	8
আওয়াজ	8
গবেট	8
সুইচটা	8
পাঙ্খা	8
থাকো	8
ভেব	8
বিব্রতকর	8
ইয়ামি	8
টুপিটা	8
কেলভিন	8
বিতর্কিত	8
বুদ্ধার	8
অতিথিদের	8
ক্ষ্যাপা	8
কতবড়	8
অধিষ্ঠিত	8
রোমানদের	8
অভ্যস্থ	8
স্যাক্সনদের	8
ক্লেশ	8
ধর্মই	8
যুদ্ধেই	8
পাগলামির	8
এদেশের	8
পিচ্চিটা	8
প্রারম্ভিক	8
ঋতু	8
প্রণীত	8
সোয়েটার	8
নেতৃত্বের	8
ইচ্ছেমতো	8
ফ্রেঙ্ক	8
ভাষাই	8
ভঙ্গের	8
ধর্মসভা	8
পাজলের	8
লুকায়	8
শাশুড়ি	8
ওষুধগুলি	8
অশান্ত	8
কোনখানে	8
ব্যাপারটাতে	8
ছোড়ার	8
বেরনোর	8
লিকি	8
দুর্গন্ধময়	8
ব্ল্যাককে	8
ফুঁক	8
পড়ানোর	8
খুলেছ	8
বুলিয়ে	8
পেট্টিগ্রূ	8
কেল্লায়	8
উপঢৌকন	8
ট্যাক্সের	8
খোয়াতে	8
হারলো	8
আসনের	8
উচ্চতার	8
ট্যাংকে	8
চক্করে	8
কেটি	8
জ্বলবে	8
ভাষ্যমতে	8
রাসেল	8
আটলান্টিকের	8
বুঝোনা	8
একচেটিয়াভাবে	8
জিমের	8
পিষ্ট	8
থানা	8
পড়বেই	8
কন্সট্রাকশন	8
পোহাতে	8
অমানুষ	8
বোকারাম	8
ঢাকো	8
ওভাল	8
কোথার	8
জিনকে	8
কাঙ্খিত	8
কাপছে	8
গুজবে	8
কিলবান	8
গ্রিনউইচ	8
নাগরিকের	8
গোডাউনে	8
ভেঙ্গেছো	8
কেবলি	8
পুলিশটা	8
জুলু	8
করাচি	8
জোনে	8
ফাটাতে	8
শীগ্রই	8
খেলিনি	8
খিদেয়	8
খানি	8
অবশ	8
মেক	8
খুলেছি	8
প্রাণনাশ	8
মেয়েদেরকে	8
স্পীকার	8
ফালানোর	8
চলছো	8
নাতে	8
জ্বালাবো	8
আগেরটা	8
ডাকলাম	8
নির্গত	8
কাউ	8
লড	8
সোজাসাপ্টা	8
ফেরেনি	8
এক্সট্রেমিস	8
বিফলে	8
সুপারহিরোর	8
ইরান	8
মেরনা	8
সন্ত্রাসবাদী	8
শুওরেরবাচ্চা	8
নির্দেশনার	8
পারো	8
ভিন্নতা	8
ইডিয়েট	8
রামেশ্বর	8
টাংগাবালি	8
খুনও	8
খামু	8
গেছিলি	8
মারাঠি	8
গরীবের	8
আ্যসগার্ডের	8
ব্রহ্মাণ্ডে	8
আ্যসগার্ড	8
বানাবেন	8
ডার্সি	8
পরিহার	8
একাজ	8
জেনা	8
ট্রিট	8
বর্গ	8
পেন্টাগনে	8
প্রশ্নটি	8
বেষ্ট	8
বেইজমেন্টে	8
মুক্তিপণের	8
মারছেন	8
ব্যালকনিতে	8
আত্মাহুতি	8
ফ্যালকন	8
হানবে	8
আক্রমণে	8
কনকে	8
ব্যাপী	8
সন্দেহভাজনকে	8
এলচি	8
পিক্সি	8
ভুলব	8
গেইল	8
ছেড়েই	8
দেখালাম	8
কাচ	8
সন্তোষজনক	8
সেরেছে	8
দৃষ্টিভঙ্গির	8
প্রতিবন্ধকতা	8
নিদ্রায়	8
যথাসম্ভব	8
তাৎক্ষনিক	8
ভয়েই	8
বাজিয়েছে	8
শুধায়ো	8
বছরগুলো	8
ব্যাক্তিকে	8
সুধা	8
ফাই	8
পদাঘাত	8
রাইলি	8
কইল	8
পেতেই	8
ডমের	8
পালাচ্ছিলে	8
টোকিও	8
অলক্ষুণে	8
জ্ঞাপন	8
বেরোবো	8
কীটের	8
জাপানী	8
জ্বরে	8
বাঁধে	8
সম্মোহিত	8
কেটেছি	8
বাজাবো	8
চড়	8
জাদুদণ্ড	8
ধর্মীয়	8
মতানুযায়ী	8
কেসটার	8
প্রসিকিউশন	8
ছোটদের	8
বাড়ীওয়ালা	8
গ	8
পুরোপুরিই	8
চিহ্নই	8
ঘোষিত	8
ডিউরিন	8
টারা	8
কমান্ডিং	8
গুলু	8
শামুক	8
টিপস	8
দেয়াই	8
খানের	8
হম	8
ম্যাসি	8
হাতকড়া	8
সঙ্গতি	8
উইলিয়াম	8
উত্তরণ	8
বেটসি	8
পরিবহনের	8
কুশল	8
গেটওয়ে	8
সীসা	8
উন্মুখ	8
ইতস্তত	8
আহরণ	8
এবিগেল	8
মূর্ত	8
কিভবে	8
বেক্কল	8
এলার্জি	8
ফিরত	8
লকডাউন	8
দমকল	8
জ্বীনে	8
আত্মারা	8
জ্বীনরা	8
অনাগত	8
সোপর্দ	8
নাড়ি	8
এমনও	8
হেডাম	8
দ্বিতীয়বারের	8
শরীফ	8
প্রক্রিয়া	8
শেঞ্জহউ	8
অন্ধকারাচ্ছন্ন	8
সেইখানে	8
অনাহূত	8
সাহেবার	8
তাগো	8
করিবে	8
মইধ্যে	8
সুবিচার	8
জড়ানোর	8
জাদুকররা	8
জনপ্রিয়তা	8
ঘোড়সওয়ারীরা	8
প্রতিযোগীতা	8
মারলেন	8
সত্যিকারে	8
খেলছিস	8
মর্গ	8
সুরাহা	8
ছুঁচো	8
খাচ্ছিস	8
দেখসস	8
ডেঞ্জারাস	8
ঢেঁকি	8
জানাবি	8
সমাপ্তির	8
প্রশ্নগুলোর	8
২০০৯	8
মুম্বাইতে	8
পড়াশোনার	8
পরিস্থিতিটা	8
বিবেকের	8
কেরালার	8
ওরই	8
সুখময়	8
তালিকাটা	8
ধামাচাপা	8
নিরামিষ	8
চশমাটা	8
কাচের	8
ফর্মুলাটা	8
অর্কিড	8
রামচন্দ্রন	8
হলনা	8
এতিমখানা	8
সহায়তা	8
খুজতেছি	8
মর্টেম	8
পৌঁছালাম	8
ইবির	8
অভিন্ন	8
রীজ	8
ছাড়েনি	8
স্পিরিট	8
ইহাই	8
লাইফলাইন	8
গানটি	8
তাজমহল	8
মেয়েমানুষ	8
বোম্বের	8
আসতেন	8
সপেস্পিয়ান	8
টেলমারিনরা	8
অটোপাইলট	8
মহাকাশের	8
কোর্সে	8
ম্যাসেজটা	8
মাটিকে	8
উড়ছিলাম	8
ইশ্	8
যুবার	8
নিস্কর্মা	8
অ্যালকোহল	8
অনুভূতিগুলোকে	8
পাচটা	8
বাছুর	8
হাতকে	8
রোপন	8
আত্মায়	8
বন্যায়	8
মেয়েঃ	8
ছেলেঃ	8
গ্রেডের	8
বেলাকে	8
কার্রলাঃ	8
কথাবার্তার	8
্যাকেল	8
পরিবর্তনকারী	8
ডুমুর	8
নাইরোবি	8
চালিয়ে	8
সজ্জা	8
ভরাট	8
নিম্নলিখিত	8
সমর্থিত	8
নৃশংসভাবে	8
ছোটোখাটো	8
স্লিপার	8
ইয়ু	8
গাইবো	8
ইউনিয়ন	8
হেলে	8
এ্যালুমিনাটিরা	8
অসুস্থতার	8
ভেট্রা	8
রাফায়েলের	8
বেরনিনি	8
ভীড়	8
সর্বাত্মক	8
ক্যামারলেনু	8
খুবলে	8
২টো	8
রোবটটা	8
সুইং	8
মাঃ	8
ন্যাভিগেশন	8
বিঙ্গো	8
চাহনি	8
কামড়ানো	8
ডিরেক্টরের	8
শীষ	8
চাঁনচাঁড়	8
সরবরাহের	8
বিতর্কের	8
হাড়িয়ে	8
পামপা	8
পারামপাম্	8
বিভাজন	8
ফুংসুখ	8
রাস্তগী	8
উদ্ভাসিত	8
ভাইরাসটা	8
দিলা	8
সন্দেহই	8
রণক্ষেত্রে	8
কোপে	8
কারণও	8
চাকাটা	8
মানবতা	8
মোরালেসের	8
হোমো	8
মেন্ডেজ	8
কোলোট্টো	8
শূন্যতায়	8
কাসেরেস	8
জুজুই	8
পছন্দসই	8
গোমেজকে	8
এঙ্গেজড	8
ঐসকল	8
কয়েদীকে	8
ড্যাব	8
বাজাচ্ছি	8
অগাস্টিনের	8
সেইভাবে	8
স্কা	8
য়াটি	8
য়াট	8
এইটুকেন	8
আধ্যাত্তিক	8
অভিসার	8
সিলোয়ানিন	8
বোকামী	8
ভিএফআর	8
নাররী	8
স্কাউং	8
হারাচ্ছ	8
শিকারীরা	8
সংযুক্তির	8
বানশী	8
ভোর্টেক্স	8
প্যাগান	8
ভারসাম্যজনিত	8
ভীরা	8
চালকের	8
যন্ত্রপাতিগুলো	8
০৩০	8
গানরানার	8
ঘেষতে	8
তারাদের	8
৬টায়	8
একলাই	8
রক্ষীবাহিনী	8
মাক্তোর	8
মিথুন	8
কুকুরটাকে	8
ঘটবেই	8
রিওরড্যান	8
কাওয়ারড	8
বার্তার	8
লিক	8
সামনা	8
ফাঁসিয়েছে	8
দায়িত্বশীল	8
কয়েদখানা	8
নিরামিষভোজী	8
প্রভাবে	8
এলিসন	8
নেভানোর	8
ফ্লেয়ার	8
মহালক্ষ্মীর	8
হিলস	8
বাভা	8
থ্যাংক্স	8
কামনায়	8
ঠান্ডার	8
স্ট্রং	8
খাচ্ছো	8
ডাকছো	8
আনাসুয়াকে	8
কুত্তি	8
ফিরেছ	8
প্রক্সি	8
রাশিয়ায়	8
রেখার	8
মধ্যবর্তী	8
নামলো	8
অপহরণের	8
দাঁড়ালে	8
জেনির	8
প্লাটুন	8
নিতম্বে	8
লিখেছিলে	8
রিচমন্ড	8
জীবনেরই	8
জবাবে	8
আইনজীবীঃ	8
হ্যাডলি	8
ফাটা	8
পোর্টল্যান্ড	8
পোস্টকার্ড	8
শব্দটার	8
ব্রেট	8
যডি	8
ভ্যানিলা	8
ঘোঁৎ	8
বেড়াতাম	8
মোটরসাইকেল	8
ঘামায়	8
লাগোস	8
টহলদার	8
রজার্সকে	8
বিপরীতমুখী	8
বার্ফ	8
মহত্ত্ব	8
স্পেনসার	8
গতমাসে	8
লাগোসে	8
ফিউরির	8
ডিভিশন	8
ড্রামা	8
স্টারে	8
জোলা	8
জোলার	8
হ্যালিক্যারি	8
বার্ন্সের	8
বলিব	8
রসকে	8
কর্তব্যপরায়ণ	8
পাহাড়ী	8
আত্মিক	8
এরে	8
পথহারা	8
বেশীক্ষণ	8
কখোনো	8
বিচারে	8
নামকরা	8
টার্নারকে	8
ফুরিয়েছে	8
আইনত	8
অঙ্কন	8
ম্যাককয়	8
প্রিয়তম	8
পোল্যান্ডের	8
বকছিস	8
সম্প্রদায়কে	8
এয়ারপোর্ট	8
ঠাকুরমা	8
একচেটিয়া	8
অনুসৃত	8
শ্রীনগর	8
বাবুকে	8
চেন্নাইতে	8
স্মারক	8
দোস্তি	8
লুটিয়ে	8
প্রশান্তি	8
বইন	8
ভারতীয়দের	8
কৃষিকাজ	8
নিধন	8
লোমশ	8
প্যাকেটে	8
হেহ	8
জোক্স	8
তরিকা	8
মাথাকাটা	8
ভুইলা	8
আকাম	8
মহিলাটার	8
ডাচ	8
এপিক	8
সুবিধে	8
নেতারা	8
গুরুত্বপুর্ণ	8
হাজত	8
কুইঞ্জেল	8
আরগুস	8
ওয়ালারকে	8
গঠনের	8
মিডওয়ে	8
তোমাদেরকেই	8
বস্তায়	8
ভার্সন	8
ভাল্লাগছে	8
সালার	8
জুনকে	8
মতুলুই	8
স্মোক	8
ভয়েট	8
কোনসময়	8
মোগো	8
কোট্টাম	8
জুনের	8
ফটোটা	8
থাকারই	8
রাজীর	8
ব্রীজের	8
বাচ্চাগো	8
এলকোহল	8
খের	8
বড়ভাই	8
মেয়েদের	8
ফ্যান্টাস্টিক	8
ভার্গা	8
সেলিনের	8
পারভেজ	8
ছিলোই	8
তাজ	8
ব্লাইট	8
ছদ্ম	8
অভিকর্ষ	8
ছায়াপথ	8
পর্যায়	8
বাতিঘর	8
প্যানিক	8
সাধিত	8
কোপ	8
আমায়	8
গিয়েছিলে	8
সমাধানটা	8
গণিতের	8
অমরত্ব	8
পাতাপচা	8
সৌরজগতে	8
মার্ফকে	8
হাতই	8
জ্বালানির	8
এমোনিয়ার	8
প্রজাতিকে	8
টার্সকে	8
ইচ্ছেটা	8
নোঙরের	8
র‍্যেন	8
এএসপি	8
রোজগার	8
অাপনাকে	8
হরিদাস	8
কৃষ্ণের	8
ডাকেন	8
স্বরুপ	8
চেন্নাইয়ের	8
মারকাজের	8
টার্টল	8
মাইকির	8
৪৯	8
ক্রাং	8
হাড়গোড়	8
ভাবিও	8
কৃতজ্ঞতার	8
সুপারম্যানের	8
মেট্রোপলিস	8
ওয়েইন	8
চুল্লী	8
গ্রাফিটি	8
জানুকে	8
করতেছিলাম	8
বাসতে	8
রক্ষিতা	8
সিক্ত	8
মোজার্ট	8
চাক্করা	8
ফুপু	8
সেঙ্গালভারায়ান	8
সেঙ্গাল	8
মিথ্রানের	8
সিরিয়াস	8
রামার	8
অ্যাঞ্জেলিনার	8
প্যারেড	8
মানিমেকালাই	8
বারুদের	8
ব্রুনো	8
জালিয়াত	8
প্যাকেজটা	8
দড়িতে	8
দাঁড়িয়েছিল	8
কলুষিত	8
হোরাসের	8
মালিকা	8
আনুবিস	8
থিতু	8
লুপে	8
ঝাঁক	8
অনুভুতির	8
টর	8
সরাইয়া	8
সম্মানবোধ	8
এইট	8
ডেডহেড	8
চেকগুলো	8
ফেডেরাল	8
বুঝলা	8
খসে	8
বার্কলি	8
লুইজিয়ানার	8
পরীক্ষাটায়	8
স্টুয়ার্ডেস	8
ল্যুক	8
বিষ্টা	8
আলম	8
নানুমনির	8
লাগলেও	8
ওঝার	8
চেম্বার্স	8
ঝোপের	8
মোহে	8
ক্যালিফোর্নিয়া	8
স্যানটিনো	8
বললামই	8
হামাদা	8
গুণ্ডারা	8
সেলকির	8
নেবুলা	8
কর্পের	8
শিয়াল	8
চারটে	8
মরিয়ম	8
অ্যামাজন	8
ভাল্লাগসে	8
গ্যাগ	8
অক্টোপাস	8
মেডুসা	8
ডেবি	8
ছা	8
আফ্রিদি	8
চেইনটা	8
লিডাভিগ	8
শিকলের	8
সাংবাদিকতা	8
গোঙানি	8
বিনকোভস্কি	8
ভারপ্রাপ্ত	8
ইস্টার	8
হাফিজ	8
নবীজী	8
ফতোয়া	8
ডান্সিং	8
শিভ	8
জৈন	8
থেংকু	8
পারমিশন	8
শিষ	8
আশ্রিত	8
কার্টেন	8
কিপার	8
ওয়ানা	8
আর্টেমিশিয়া	8
ব্যর্থতায়	8
বুগিম্যান	8
বিংগো	8
স্টেফান	8
থোর্ন	8
পদব্রজে	8
মরিয়ার্টির	8
শারম্যানকে	8
গ্রানার	8
গুপ্তধনগুলো	8
গণহত্যার	8
স্ল্যাভি	8
৯০০০	8
বেঈমানী	8
জম্ম	8
লেনদেনে	8
ছাউনির	8
ফেন্স	8
কিসকো	8
সংস্কৃত	8
সম্প্রদায়	8
ছুড়বো	8
লেফ্যু	8
জানোয়ারটাকে	8
ওয়াকারদের	8
ল্যানিস্টারের	8
ক্যাসেন্ড্রা	8
হসকিন্স	8
ইনগুভা	8
সারানাম	8
গাচ্চামি	8
লেডওয়ার্ড	8
রোহান	8
বেইলি	8
স্ক্রাম	8
ডাইপার	8
কেভানাগ	8
স্টেইল	8
পুলা	8
পাঁ	8
গ্রেঃ	8
জমাইমুনে	8
হুমমমম	8
সেটল	8
পছন্দনীয়	8
কামড়াচ্ছ	8
ক্রিশ্চিয়ানের	8
ক্ষতিক্ষারক	8
সাথেসাথেই	8
এ্যানি	8
খেলাঘরে	8
গননা	8
ক্যাটেরিং	8
হিং	8
বোনটি	8
বণিক	8
হবস	8
নাথিং	8
চাচাত	8
ঠেজ	8
জিহাদে	8
আমিরুল	8
মুমিনিন	8
খাত্তাব	8
কুরাইশ	8
ইয়াস্রিবের	8
মাঞ্জানান	8
শামসের	8
উটের	8
সিরিয়ায়	8
ঘাসসানের	8
বাইজান্টাইনের	8
বাইজান্টাইন	8
ন্যায়পরায়ণতা	8
লাতের	8
শ্বশ্রু	8
মিউনিখ	8
ডন্টলেস	8
বুটস্ট্র্যাপ	8
মায়ানেকড়ে	8
হাফলপাফ	8
মোনিং	8
কুইরেল	8
আ্যলোহমোরা	8
অন্ধকূপে	8
দর্শকমন্ডলী	8
মাইডাস	8
নিকো	8
খালীসি	8
দ্রোগো	8
জফ্রি	8
জোরাহ	8
গোমস্তা	8
স্ট্যানিস	8
বুটস	8
লেই	8
ফাহাই	8
জিয়ানের	8
অ্যামিগো	8
সূতা	8
কল্টার	8
ইয়র্কে	8
ডিগনাম	8
ইঁদুরকে	8
ট্রান্সপোর্টেড	8
সিল্যান্ড	8
টুইসেল	8
হায়াবুজা	8
কোরমা	8
র‍্যাম্বো	8
ম্যারন	8
সেরিওঝা	8
ফ্রু	8
রোস্ট	8
মারবো	8
চোখ	8
যেকোন	8
কোর্স	8
ভেষ্ট	8
কন্ট্রোল	8
লোড	8
টরেন্ট	8
বাজতেছে	8
১১৮	8
জনাথোন	8
গ্রামা	8
পসাইডন	8
জিং	8
ফারগাস	8
ইকবাল	8
পেট্টিগ্রু	8
ভ্যালু	8
কুঞ্জাপান	8
থেরিসিয়া	8
হামিদ	8
শাহিদাকে	8
স্পাইয়ের	8
এন্ড্রিয়াস	8
টুচি	8
স্কারলেটের	8
ওরল্যান্ডো	8
ক্রিটার	8
সৎমা	8
একানের	8
ইন্ডোমিনাস	8
ডায়মন	8
মেলভিল	8
স্টানসিলস	8
জলপর্বতে	8
শিবলিঙ্গ	8
অবন্তি	8
জলপর্বত	8
যুবরাজই	8
সেনানায়েক	8
মাতৃভুমির	8
নাড়িভুরি	8
আতিয়া	8
গ্যাজোলিন	8
সিটাডেল	8
যুদ্ধযান	8
মৈদেনকে	8
এলাঙ্গো	8
পুলি	8
কার্টেলের	8
গিয়ারমো	8
কোলকাতা	8
শাম্ভু	8
বাধ্যতামূলক	7
লাঞ্ছনা	7
ধরতেই	7
নেয়াটা	7
গালের	7
নেতিবাচক	7
প্রত্যক্ষ	7
জায়গাটিকে	7
জুরি	7
বসাতে	7
সমর্থনের	7
শরীরটি	7
মামলাটি	7
মাঝরাত	7
চেচামেচি	7
যুক্তিসংগত	7
এগোচ্ছি	7
ভাবিনা	7
তাদেরই	7
কয়েকজনের	7
ঢুকলাম	7
মুভিটার	7
ছিলই	7
রান্নাঘরের	7
দাঁড়াবেন	7
এসবকে	7
চুপিচুপি	7
দেখালেন	7
নর্দমায়	7
ব্যক্তিরা	7
তুললো	7
আকস্মিকভাবে	7
একটিই	7
ভন্ডামি	7
অভিবাসন	7
দেশটাকে	7
চাঁদা	7
মাসখানেক	7
নোংরামি	7
ডেভিনা	7
চারশ	7
অধিবাসীদের	7
শিকাগোর	7
রডনি	7
কথাতেই	7
সংগ্রামী	7
উউউ	7
গুডনাইট	7
ছিঁচকে	7
কান্ট্রি	7
ভাইয়ে	7
জাঙিয়া	7
মিডিয়াম	7
পাইছ	7
এরপরই	7
ঘ্রাণটা	7
সপ্তা	7
মেজাজে	7
হইছি	7
কার্যক্রমে	7
গেলা	7
কচু	7
হাজিরা	7
কিনছি	7
ঘৃণাকে	7
দেখাইতে	7
ভেগেছে	7
বখশিশ	7
পাইয়া	7
কাটবেন	7
ত্বক	7
গর্ভপাত	7
সারাহকে	7
বেঞ্চে	7
পালিয়েছিলে	7
শয়তানরা	7
ইয়াঙ্কি	7
ট্যাঙ্কি	7
ফুটিয়ে	7
গুলোও	7
আকবর	7
চেয়ারটা	7
অইটা	7
এঙ্গেলে	7
মুগ্ধকর	7
ধাঁধাটা	7
স্বভাবতই	7
পর্দাটা	7
খেয়েছিলে	7
ততবারই	7
অস্থিরতা	7
শতকরা	7
স্ট্রবেরী	7
পুরষ্কারের	7
ধরতো	7
হাসাতে	7
জানালাগুলো	7
বোরাক	7
হকি	7
টাইটানিকে	7
কেবিনের	7
প্রতিপালিত	7
চ্যালেঞ্জের	7
জুতাগুলো	7
হেডলাইন	7
বোস্টনের	7
চুলার	7
চাকরানীর	7
আহবান	7
স্মিত	7
বেল্টের	7
শিশুটিকে	7
শক্তকরে	7
গর্ধবের	7
এরিয়াতে	7
বেলক	7
ইন্ডিয়ানা	7
প্রত্নতাত্ত্বিক	7
আমেরিকানের	7
এতবার	7
অবুঝ	7
কানাকড়িও	7
আঁধার	7
সতর্কবাণী	7
প্রদর্শনের	7
ঐদিক	7
তাকাবেনা	7
আ্যল	7
বাস্টার	7
দেখছেনা	7
টিকবেনা	7
ডানপাশে	7
ছড়িয়েছিল	7
জিনিসপত্রে	7
পরিবারই	7
এমিলির	7
এ্যকশন	7
কাঁদার	7
সুস্বাস্থ্য	7
চিবোও	7
পুনরুত্থান	7
ট্যুরিস্ট	7
নামীদামী	7
স্পীডে	7
লোকজনও	7
স্কয়ার	7
বুথে	7
আচ্ছাদিত	7
বিয়ারের	7
ওয়েটারের	7
সিরিজ	7
অষ্টম	7
আত্নাকে	7
সুন্দরীর	7
ক্লিনিক	7
এসিড	7
বাচা	7
অনুকূল	7
মানিব্যাগে	7
বাঙ্ক	7
দাফনের	7
মেহনত	7
সেমিনার	7
ঘুমাচ্ছিলাম	7
ববকে	7
বানাচ্ছেন	7
মানবের	7
চুদো	7
তিরস্কার	7
লিডারের	7
স্ট্রীটের	7
শিরা	7
চয়	7
ঢুকেছিলে	7
ফেলতেও	7
বাস্তবের	7
আকাশকে	7
বিদ্রুপ	7
ভোল্টের	7
স্নায়ু	7
খনিজ	7
খেতাম	7
বেঁকে	7
বেঁচেই	7
ডাইনোসরদের	7
প্লেগ	7
ফারাক	7
সব্বাইকে	7
ইনভাইট	7
সঙ্গীর	7
অনিচ্ছা	7
নেশাগ্রস্ত	7
আরামদায়ক	7
বিবস্ত্র	7
বিলে	7
সেবন	7
জমকালো	7
বেমানান	7
লাগিয়েছিলাম	7
হেঁয়ালি	7
অনেক্ষণ	7
এমবিএ	7
রীতিতে	7
ফিলিং	7
ছোটকাল	7
ইমোশনাল	7
ক্যাথরিনকে	7
উদগ্রীব	7
প্যাশন	7
গন্তব্যস্থল	7
আইয়ো	7
টুরিস্ট	7
কাকার	7
খুঁজছিলো	7
ভিজিটর	7
এরকমটাই	7
ভালোনা	7
যেটুকু	7
আলমারি	7
তত্ত্বাবধানে	7
আদিদের	7
ক্লিফ	7
ডুরান্ট	7
ব্ল্যাকবার্ন	7
নামাজের	7
আসমানে	7
৫১	7
৬৪	7
ছাড়িস	7
শিশুও	7
দক্ষিণপূর্ব	7
বেরোচ্ছে	7
দোষে	7
গর্ডনকে	7
ফ্যাল	7
ছাঁদে	7
ফিরো	7
মাহমুদুল	7
নিহিত	7
উপকথা	7
রয়ে	7
বাহককে	7
সাদাসিধে	7
সবসময়ই	7
জামের	7
ডোয়ার্ফদের	7
গবলিন	7
গিয়েছিলো	7
অর্কদের	7
উদ্দেশ্যেই	7
বানিয়ে	7
শুই	7
পরামর্শের	7
রশিটা	7
বয়স্ক	7
স্ট্রাইডার	7
লম্বু	7
ভদ্রমহোদয়গণ	7
সংকর	7
গিমলি	7
পুনর্নির্মাণ	7
অপেক্ষায়	7
বুঝিয়ে	7
উর্ধ্বে	7
জমিন	7
পিছিয়ে	7
নিঃশ্বাসে	7
রুপার	7
সাঁতারু	7
ওসবে	7
ওশান	7
বেলাজিও	7
প্রাকটিস	7
আবহাওয়ায়	7
লাগিয়েছ	7
ট্র্যাপ	7
ক্ষেত্রের	7
এলিভেটর	7
সপ্তাহান্তে	7
ক্রেজি	7
টেকনিশিয়ান	7
নামাবো	7
রেস্টুরেন্টের	7
নামটাও	7
পরস্পরের	7
স্পষ্টত	7
বাইনচোত	7
বাশ	7
ফেলবেনা	7
ভেঙ্গেছ	7
ঢুকল	7
৮৮	7
সংমিশ্রণ	7
জনেরই	7
মানুষেরই	7
গুরুকে	7
আইলো	7
ভাবব	7
বালিশের	7
ফুটবলের	7
নষ্টের	7
বলটাকে	7
খুজেই	7
নিয়মই	7
জুতাটা	7
জামার	7
ঘাটে	7
পরিমাণটা	7
জিতব	7
জলবায়ু	7
শিখরে	7
জলজ্যান্ত	7
দৃষ্টিকে	7
প্রশ্বাসের	7
উদ্দীপনার	7
রও	7
ডলফিন	7
ব্যথায়	7
ফেয়ার	7
রোমাঞ্চিত	7
পানে	7
ঘটলে	7
অন্তঃসত্ত্বা	7
কোয়ালিটি	7
রোবটদের	7
বাক্যের	7
ভাঙলো	7
ভালবাসবো	7
অ্যালি	7
আংশিক	7
খুলির	7
এন্টারপ্রাইজ	7
অ্যাম্যান্ডা	7
সমতুল্য	7
হার্ডওয়্যারের	7
ক্লিপটা	7
বেনের	7
ঠেলো	7
তিনটে	7
ভাসছে	7
নদীটা	7
শ্যাডো	7
ঝলকানি	7
বিলটা	7
ধোয়ার	7
বাকা	7
শতবার	7
ভিক্ষুক	7
মুহাম্মাদ	7
ডিজাইনে	7
জলাশয়	7
প্রাণীই	7
আদিবাসীরা	7
উপকারিতা	7
আছড়ে	7
সিপাহীরা	7
হারামিরা	7
কৃপায়	7
শুয়োরটা	7
শাদা	7
নাছোড়বান্দা	7
একঘণ্টা	7
কুকর্ম	7
শ্রেয়	7
কথ্য	7
সত্যে	7
সিমাস	7
ক্লাসরুমে	7
জ্ঞানই	7
লড়েছিল	7
প্র্যাকটিসের	7
চিরসবুজ	7
মফিজ	7
পাকনা	7
ঐসময়	7
উইজলির	7
সাপটা	7
ইটার	7
ফেরারি	7
কার্স	7
বদমেজাজি	7
খানাপিনা	7
সুরঙ্গ	7
সামলাব	7
হাড্ডিসার	7
ধীরগতির	7
বনভূমি	7
শহুরে	7
হস্তনির্মিত	7
ছাড়াছাড়ি	7
কতৃপক্ষ	7
কেন্দ্রীভূত	7
বৌদ্ধের	7
মঙ্গলবারের	7
ছাইপাঁশ	7
বইপত্র	7
দ্রুততার	7
জড়	7
মেশানো	7
কব্জি	7
এশিয়ান	7
বিচক্ষণতা	7
ঘূর্ণায়মান	7
আপেলের	7
অলীক	7
চিনিও	7
ইওহান	7
এবসেন্ট	7
ইশানের	7
লিখিনি	7
সুরেশ	7
করবেননা	7
মাছেরা	7
সোনায়	7
বদমাশি	7
ভিঞ্চি	7
এডিসন	7
ডিজনি	7
প্রসিদ্ধ	7
ল্যাংগুয়েজ	7
ইউনিক	7
বর্ণমালা	7
সেন	7
কাটালাম	7
উদ্দীপ্ত	7
প্রশংসার	7
মনোহর	7
দৌঁড়ে	7
ঠিকঠাকভাবে	7
খুললাম	7
পতাকার	7
ভার্সিটি	7
হ্যালো	7
যত্নবান	7
হেব্বি	7
ছাপানো	7
উল্কা	7
কোনকিছুতে	7
জিম্মিকে	7
পুলিশি	7
বেলিকফকে	7
মস্কোর	7
খামটা	7
কাঠবিড়াল	7
বিশেষকরে	7
উৎপাদনের	7
পিটের	7
ট্রাঙ্ক	7
রিমাকে	7
তারাতাড়ি	7
তাকাস	7
সালা	7
গজায়	7
পৃথীবিতে	7
হাউসের	7
পেছনটা	7
কন্যারা	7
বোঝাবে	7
পারসি	7
হরণ	7
হারিয়েছিলাম	7
এথেন্সের	7
অ্যাকশন	7
জোরাজুরি	7
অনুভূতিকে	7
হলিউডে	7
নজিরবিহীন	7
দুর্দশার	7
দেবলোকের	7
কুকুরগুলোকে	7
ধূলিসাৎ	7
প্রতিপক্ষকে	7
কেচাপ	7
ব্যবধান	7
ঘন্টাই	7
কাঁটাচামচ	7
সাংবাদিকের	7
ইলেকট্রনিক	7
দাহ্য	7
পিএ	7
বৃহস্পতিবারের	7
পালাবি	7
ওভারটাইম	7
শেষটাও	7
পিনের	7
টানেলে	7
ফেললি	7
বলাটাই	7
আইডিয়াই	7
আফসোসে	7
ব্যাকুল	7
সচেতনভাবে	7
জড়ালো	7
ঢুকিয়েছিলাম	7
ঘুরতেই	7
অবনতি	7
সিডনী	7
ইমিগ্রেশন	7
কাটাচ্ছি	7
ভালবাসতো	7
মার্কেটিং	7
দামই	7
স্বপ্নেই	7
আকর্ষনীয়	7
হারামীর	7
মোড়ানো	7
শেওক	7
শৈলী	7
২০০৬	7
মামনির	7
কোরিয়া	7
কাঁচুমাচু	7
বক্তব্যের	7
লুফে	7
অভেদ্য	7
ব্যতিক্রমী	7
রিজার্ভেশন	7
চমকানোর	7
ঝাঁকি	7
যাত্রীবাহী	7
ট্রেনটা	7
সরছে	7
করলোনা	7
হারবো	7
ভিডিওর	7
রান্নায়	7
সাপ্তাহিক	7
বাসিন্দারা	7
ভেতরই	7
লিবি	7
জমিদার	7
আন্ডা	7
মাপছি	7
লিখেছো	7
পিংক	7
ভাইটা	7
করছোনা	7
ঘুরাফেরা	7
সেক্সী	7
ছয়টার	7
আন্ডারওয়্যার	7
দুশ্চিন্তায়	7
২০০০০	7
বোনটা	7
খোরাক	7
সহ্যের	7
ঢুকেছো	7
পাল্টায়নি	7
শোনাতে	7
শখের	7
হাইড্রোজেন	7
বেকুবি	7
ধ্রুব	7
পরিচিতদের	7
রাতদিন	7
খাওয়ালে	7
আগ্রহের	7
উদ্বুদ্ধ	7
জারজের	7
রিপোর্টের	7
পড়ুয়া	7
এটাকেও	7
মেডিক্যালের	7
বিশ্বাসঘাতকদের	7
নিয়তির	7
জাদুবিদ্যার	7
অযথাই	7
কারেন্টের	7
কয়েদ	7
মোদ্দা	7
বায়োমেট্রিক	7
নিখুত	7
এডিশন	7
ঢোকানোর	7
ফ্যাশনের	7
রাজনীতিবিদদের	7
দিছিস	7
ধরছিস	7
উচ্চমানের	7
তাড়ি	7
লোকদেরকেই	7
ভিলেনদের	7
ভিকটিমের	7
মেটানোর	7
পাঁঠা	7
লালিত	7
প্রখ্যাত	7
ফোনকল	7
সাপেক্ষে	7
বুঝাচ্ছো	7
বালুর	7
মেয়েরাও	7
কফিনে	7
আবাসস্থল	7
যাত্রাপথের	7
সম্বলিত	7
পোকামাকড়ের	7
স্বার্থের	7
রিপ	7
কাউন্সিলকে	7
দামটা	7
লুসিকে	7
বিক্রিত	7
প	7
হুকুমের	7
ব্যাবহারের	7
অর্পণ	7
দিনগুলোতে	7
পরিপ্রেক্ষিতে	7
উর্বর	7
নবজন্ম	7
বিশেষজ্ঞদের	7
উদ্ভিদের	7
ঘটাচ্ছে	7
গাভী	7
মীমাংসিত	7
প্রতিনিধির	7
রেসপন্স	7
সমস্য	7
বাইসাইকেল	7
কিংডম	7
কাস্টম	7
রেনেটো	7
সংবাদপত্র	7
অপরাজেয়	7
ক্যাডেই	7
কাটিয়েছ	7
জিতবেন	7
খানায়	7
এনেছিলেন	7
সম্পদশালী	7
হ্যাঁয়	7
ঝকমকে	7
তামার	7
হিরোদের	7
উপকরণ	7
করাতেই	7
তাকিয়েছিলাম	7
দেখতাছি	7
অপারেট	7
আগানো	7
কও	7
রাখছিল	7
হবেও	7
হইছিল	7
কর্ণেল	7
প্রমোশনের	7
গাড়িবহর	7
মুষ্ঠি	7
নৈপুণ্য	7
স্বজন	7
হাঁটবো	7
করনের	7
বেড়াবো	7
মৃত্যুও	7
কয়েনের	7
বেশিও	7
লিলিপুট	7
মেলানো	7
কাঁপতে	7
ডেটের	7
জেরার	7
প্যাসেঞ্জার	7
স্ট্রিটের	7
ডিজাইনার	7
ব্রাডলি	7
পৈতৃক	7
ছাত্রছাত্রীদের	7
কর্মক্ষম	7
প্রতিপক্ষের	7
ফেইল	7
এলিয়েনের	7
পোর্টালে	7
লড়েছে	7
ভিত	7
চিফের	7
মারতাম	7
লামা	7
পর্বে	7
ব্রাজিল	7
টার্বো	7
কলোম্বিয়া	7
অনুকূলে	7
আকাঙ্ক্ষিত	7
সেজন্যেই	7
শোকাহত	7
বেদুইনদের	7
গডফ্রে	7
ভিনদেশী	7
নিষ্পত্তি	7
অসহায়দের	7
বীরযোদ্ধা	7
সালামু	7
আরবি	7
কেরাকে	7
আহার	7
নিবেদিত	7
পৌঁছার	7
শর্তের	7
সমর্পন	7
টেলিগ্রাম	7
বেশকিছু	7
যাবেই	7
প্রাইজ	7
স্বাদটা	7
হারালো	7
ওখানটা	7
চিনবেন	7
সার্ভিসকে	7
ক্ষুদে	7
থাকাকালে	7
ডেন্টিস্টের	7
টফি	7
ছুঁড়ছে	7
বাটনে	7
পরিবারও	7
আলতো	7
লিউক	7
রান্নাবান্না	7
নাতির	7
গোণার	7
ঘোড়াটাকে	7
গুদামঘরে	7
ধুম	7
মেহমানরা	7
নিশাচর	7
বড়লোকের	7
আঙ্গুর	7
রহমতে	7
মোস্তফা	7
পড়বেনা	7
নিচ্ছিলো	7
স্কুলেই	7
পানিই	7
মেলতে	7
মরেনা	7
শোনানো	7
কয়টি	7
অনাবৃত	7
অনুভূতিগুলো	7
সাধ্যমতো	7
মাথাব্যাথা	7
ধ্বংসস্তূপ	7
দাবীদার	7
এলোপাথাড়ি	7
পস্তাতে	7
সৃষ্টিকর্তাকে	7
পোষ	7
মন্ত্রণালয়ে	7
ড্রেকো	7
সম্মোহন	7
ফ্লেউর	7
শিক্ষার্থীর	7
ইগর	7
রণকৌশল	7
প্যাঁচানো	7
পতনের	7
মুলতবি	7
বাগ	7
স্মৃতিকে	7
কামড়িয়েছে	7
দেখিয়েছিস	7
কেলি	7
ভাবেনা	7
নিঃশব্দ	7
পাঠায়নি	7
এলেক্সকে	7
মটর	7
ডিজেল	7
যুদ্ধও	7
পরিচয়টা	7
বুদ্ধিমতি	7
চাপার	7
ঢোকাও	7
এক্সরে	7
কাটেনি	7
সেক্টরে	7
শেয়ারের	7
থাকাতে	7
সাঁতরাতে	7
প্রোজেক্টের	7
চার্জশিট	7
সাপ্লাইয়ের	7
গোথামকে	7
তাণ্ডব	7
ঘুরুন	7
কিছুইনা	7
ছিড়া	7
পুতেরা	7
আর্মড	7
খায়না	7
ইউনিফর্মের	7
সাহেবকে	7
এখতিয়ার	7
ভালোবাসাও	7
লালবাতি	7
যাইস	7
কার্ডগুলো	7
জীবনটাও	7
স্বাদে	7
রেগুলার	7
ব্যবসাই	7
ইনশাআল্লাহ	7
কবুল	7
শুনুক	7
কনফিউজ	7
ঢাকতে	7
পটে	7
পিটি	7
জন্মালে	7
স্ত্রীদের	7
গুণী	7
কাটি	7
ওকলাহোমা	7
ড্রিংকের	7
রংধনুর	7
সেকথা	7
স্যান্ডির	7
স্যান্ডিকে	7
মাইকেলের	7
ঝোল	7
অলিভ	7
মূল্যই	7
কফিনের	7
চোরাই	7
নায়কদের	7
স্ত্রীরা	7
অবজেকশন	7
টারমিনেটর	7
বসেছিলে	7
কৌশলগত	7
রাশিয়া	7
ভাঙ্গেনি	7
কিভাব	7
ব্যুরো	7
চিলটন	7
মিগ	7
সৃতি	7
ছেলেগুলো	7
সেলফ	7
আবেগতাড়িত	7
প্রশস্ত	7
মিডিয়াকে	7
কলমটা	7
অধরা	7
সকালবেলা	7
মেষশাবক	7
এলোমেলোভাবে	7
থেমেছে	7
কিটসনার	7
গণ্যমান্য	7
ফগকে	7
জিরাফ	7
এডিকে	7
এক্সপ্রেসে	7
থামলাম	7
দশম	7
মাউথ	7
হংকংয়ে	7
ঘনিষ্ট	7
তাঁবুতে	7
কাঁদিও	7
গোলাগুলির	7
সাদ্দামের	7
দেখতেছে	7
করতেছেন	7
পারতোনা	7
পুর্বপুরুষদের	7
আর্তরিয়াস	7
স্যাক্সন	7
নাইটেরা	7
অথিতিদের	7
পারমিট	7
কাঠামোর	7
উদ্ভিন্ন	7
ঘন্টায়	7
সামিট	7
স্পাইনাল	7
মৃগয়া	7
জাজ	7
৭৬	7
গারদ	7
সংকটাপন্ন	7
পরেছেন	7
আজরাতেই	7
এয়ারলাইন্স	7
পেইজ	7
ভীর	7
এককালে	7
টার্মিনালের	7
বিনিময়	7
এতা	7
পিছেই	7
ফর্মে	7
ঘটাও	7
কীসব	7
একারণেই	7
ম্যাপের	7
ঢুকেছিলাম	7
ইস্তফা	7
চাকরিতে	7
হলিউডের	7
তৃপ্তি	7
হেপবার্ন	7
আকাশপথে	7
লাডলো	7
অশ্লীল	7
গণিতবিদ	7
ডারনেল	7
প্রফুল্লতা	7
ব্রুস্টার	7
ডানপাশের	7
বাড়াচ্ছি	7
করাচ্ছি	7
রুটে	7
উড়ব	7
ফ্ল্যাপ	7
লাইটার	7
পাত	7
প্রজেক্টে	7
মারতেন	7
নীতিবাক্য	7
বংশগত	7
আলঝেইমার	7
বাংলাদেশে	7
প্রাইড	7
ধুত	7
রকের	7
সমানে	7
শুকানোর	7
পাত্তাই	7
বুজেছ	7
উঠানামা	7
বন্ধুটি	7
পালট	7
মিলিটারিদের	7
বালাই	7
জুরিখে	7
ব্যালিস্টিক	7
অস্ত্রই	7
জিজ	7
ঢুকেছ	7
প্রাইভেসি	7
সংবর্ধনা	7
নিস্পাপ	7
প্লানটা	7
জমেছে	7
লিফ্টের	7
লীলা	7
ফেয়ারি	7
নেফারিও	7
হাঙরের	7
আগ্নেয়গিরিতে	7
কুক্কুট	7
লুসিয়া	7
রেড্ডি	7
কামনার	7
বিশ্লেষক	7
ফেইসবুক	7
মিলিয়েছে	7
সতী	7
বেরিয়েছি	7
মনুষ্যত্ব	7
রিংটোন	7
নাম্বারই	7
কার্তিককে	7
টুইস্ট	7
পেন	7
শাক	7
মারুক	7
পাসপোর্টের	7
ন্যানি	7
বোলেন্সের	7
ওখানটায়	7
পাজল	7
ভিক্টিমের	7
খুনগুলো	7
হোকনা	7
পেন্টাগন	7
উম্	7
প্রহর	7
প্রচারকের	7
টেলিফোনের	7
জাপানিজ	7
৳	7
বাসী	7
মাকড়শা	7
ব্রেইনের	7
বকো	7
দাদীকে	7
শ্রদ্ধার	7
প্রবলেম	7
সাইডের	7
আবোলতাবোল	7
শমসের	7
পড়ছো	7
কপিরাইট	7
মেনুতে	7
এরিককে	7
তালুতে	7
সেলভিগ	7
প্রাণহানি	7
যানে	7
শীট	7
হাউজকে	7
২০০৫	7
সম্মেলনের	7
ডিভোর্সের	7
জগিং	7
কনফারেন্সের	7
আবেগপ্রবণ	7
ক্যাসেলের	7
বাসস্থানের	7
কিলিক	7
অভ্যাসের	7
ঝর্নার	7
ডাটাবেজে	7
গোনা	7
কেনইবা	7
তত্ত্বাবধায়ক	7
বেচতাম	7
তোমাতে	7
যাদুকরকে	7
পরাক্রমশালী	7
কামরায়	7
ভালবাসিস	7
এটাকি	7
সর্বোত্তম	7
মস্ত্রোম	7
বেণী	7
ভালোবাসতেন	7
পোঁতা	7
বপন	7
অসন্তোষ	7
প্রফুল্ল	7
নিমু	7
প্রজনন	7
প্রতিরোধী	7
অ্যাপোলো	7
ফলা	7
রুমালটা	7
সাইক্লোপসের	7
অনধিকার	7
ফ্লোরিডায়	7
টেক্সি	7
দিশা	7
১০টি	7
বেচার	7
ছুটছি	7
আশ্রয়ের	7
রসদ	7
অমৃত	7
ফো	7
ব্যায়	7
লেটির	7
হইতাসে	7
চুলটা	7
যাইব	7
মাইয়ারা	7
ব্রাগা	7
ঢুকিয়েছি	7
চিন্তাশক্তি	7
ভাঙলে	7
সুশি	7
ভয়ও	7
মেয়র	7
কুমড়া	7
ত্বরা	7
ধর্ষক	7
রায়	7
বলস	7
ঘুমাচ্ছ	7
দরুন	7
আগুনটা	7
প্রদানের	7
শিকারিরা	7
ফের	7
পৌঁছাই	7
এগুলোও	7
ভাঙ্গো	7
ক্রিপ্টনের	7
সঞ্চিত	7
জড	7
রাজদ্রোহ	7
ছেলেটাও	7
সপ্তাহখানেক	7
ছারা	7
নমনীয়	7
নথিগুলো	7
জঙ্গলকে	7
বিভেদ	7
প্রর্দশিত	7
জনসাধারণ	7
কয়েকদিন	7
থর্নটন	7
শীতকালীন	7
উপলব্ধ	7
মায়াবী	7
দেহাবশেষ	7
গ্রেপ্তারি	7
পরিতৃপ্তি	7
জাজ্বল্যমান	7
ডাইনিদের	7
বাড়ী	7
হাস্য	7
ত্যাজ্য	7
রবে	7
প্রচারিত	7
কেপ্টেন	7
বাধতে	7
নিজেদেরই	7
অনধিকারপ্রবেশকারী	7
৯৬	7
১৯৮৬	7
পেলেও	7
কাটছিল	7
তেইশ	7
ফুফুর	7
ভাবাচ্ছে	7
কাফনের	7
ঝোলানো	7
বাচান	7
সংগ্রহে	7
অক্কা	7
মুর	7
সবকিছুতে	7
সমস্যাটার	7
মহাশূন্যে	7
চালাতাম	7
গ্রাসের	7
শীঘ্র	7
মডিউলের	7
কোম্পানিটি	7
ওয়াগন	7
নাবিকরা	7
সমঝোতার	7
নেবোই	7
বাইচ্চা	7
যাহারা	7
সুনজর	7
ঘিন্না	7
পারমু	7
এডউইন	7
হানে	7
পালিয়েছিলি	7
এ্যাটলাস	7
মিশতে	7
কোম্পানীতে	7
আরিয়ার	7
গড়পড়তা	7
তালুর	7
শ্রাইক	7
অর্থবহ	7
টুইট	7
৮১	7
কাইট্টা	7
অনুপ্রানিত	7
এডা	7
প্রধানরা	7
ইয়ানবিয়ানের	7
ছিলও	7
ঘায়ে	7
ছিটা	7
টেনশনে	7
পৌছানো	7
আগা	7
দুর্ঘটনাবশত	7
গতকালকের	7
আপনারে	7
অন্যদিক	7
অ্যাসিস্ট্যান্ট	7
কেরালা	7
সংজ্ঞাটা	7
শুকে	7
নেভির	7
হত্যাকারীর	7
গিলতে	7
গিয়েও	7
শক্তিমত্তা	7
উতসর্গ	7
হত্যাকান্ডের	7
শার্প	7
নিষ্ঠা	7
তানভির	7
জিওন	7
ট্রেনিংপ্রাপ্ত	7
গুপ্তচরের	7
কন্ডিশন	7
গুপ্তচরকে	7
সামঞ্জস্যপূর্ণ	7
ডিলেট	7
মেয়েটা	7
ভিলাতে	7
ঠিকানাও	7
ন্যায়	7
রক্তই	7
লালনপালন	7
পার্টিকে	7
গড়বর	7
অপরাধীদেরকে	7
বুঝাই	7
রালফ	7
বোধয়	7
বনবে	7
করন	7
আইতাছি	7
মিলিয়নিয়ার	7
দুইটাকে	7
পন্টিং	7
কোনই	7
তেমনটিই	7
প্রোবের	7
কাঁদা	7
জন্মাবে	7
কোটিতে	7
ওমন	7
শিডিউলের	7
হ্যাটটা	7
বসন্তে	7
ফেয়ারীরা	7
পরাগ	7
উড়ো	7
বাজপাখি	7
টুকটাক	7
হিয়াহ	7
অল্পই	7
কোনমতেই	7
গ্রীষ্মকাল	7
সুপ্রসন্ন	7
মৃদুস্বরে	7
এরিকঃ	7
এঞ্জেলাঃ	7
রোজেলি	7
থিম	7
ড্যান্সের	7
ছেলেমেয়েদের	7
পুষে	7
জেসপার	7
শেষদিন	7
মুভমেন্ট	7
অঙ্কুরিত	7
গুচ্ছ	7
এয়ার	7
সাধুদের	7
দণ্ড	7
ববিনস্কি	7
মায়েদের	7
কুমড়া	7
পার্লারে	7
উঠলেন	7
দানের	7
দাড়িয়েছে	7
স্যন্টি	7
ভোটের	7
চমকিত	7
ভলিবল	7
এড্রেস	7
উইং	7
দৌড়ানি	7
পথনির্দেশ	7
ফলমূল	7
আইসিই	7
শার্টে	7
৯৪	7
উঠাবে	7
ঘড়িটি	7
বসো	7
শূণ্য	7
আঁ	7
চাইতি	7
চয়েজ	7
টাও	7
হারাল	7
কাশী	7
কাস্তে	7
তাকাচ্ছিস	7
বাসর	7
জ্বালাই	7
ব্ল্যায়ার	7
স্কাইনেটে	7
১৯৭৪	7
গাধাটা	7
নজরের	7
বিধি	7
ফটোগ্রাফ	7
করালাম	7
ব্যাংকেই	7
ফিরতাম	7
ব্যবহারকারী	7
দৃষ্টিসীমার	7
ব্লাকউডকে	7
বুযতে	7
অভ	7
ফিল্টার	7
হতভাগ্য	7
মিং	7
মিডিয়ায়	7
ভয়াবহতা	7
এবিষয়ে	7
সমান্তরাল	7
ক্যাপসুলের	7
ছায়াপথে	7
উপরও	7
বিঘ্ন	7
ভ্রান্তি	7
ডটার	7
কামিং	7
ফুফাতো	7
ভুলভাল	7
প্রতাপ	7
নেওয়াই	7
কমেডিয়ান	7
ডাকাডাকি	7
কনফিউশন	7
বোঝেনা	7
অলসতা	7
চালেই	7
সাবটা	7
ডাউনটাউন	7
ভিকো	7
নরবি	7
ডরোথি	7
জানতামনা	7
গ্রাহাম	7
ওয়ালেসকে	7
বাব্বার	7
থেকনা	7
স্ট্রংগার্ম	7
লিমা	7
বাব্বাকে	7
লুইজ	7
আনতাম	7
রক্তমাখা	7
গুয়ের	7
হাতুড়িটা	7
দাঁড়ালো	7
বাড়	7
কয়েদিরা	7
বন্ধুরাও	7
খাজনা	7
র‍্যাকেল	7
বকর	7
আসামীদের	7
খুঁড়তে	7
জায়গাগুলোতে	7
কারার	7
মারসেলাসের	7
ব্রেকফাস্টের	7
দানশীল	7
কৌশল	7
কুত্তাটার	7
রিংগো	7
সমাধানে	7
ঊষা	7
অগ্নিকুন্ড	7
নাইজেরিয়ার	7
উকান্ডার	7
নাইজেরিয়ায়	7
অ্যাভেঞ্জারদের	7
ওয়াসিংটন	7
ভাঙ্গলো	7
উইডো	7
হামফ্রে	7
ঘোরেই	7
শিল্ডের	7
কূটনীতি	7
জলদস্যুরা	7
করসি	7
আজরাইল	7
জার্সি	7
ভার্জিনিয়ার	7
চিনব	7
লুকায়িত	7
এগোলে	7
সন্মানিত	7
সোভিয়েতরা	7
প্রতিস্থাপিত	7
স্বর্গরাজ্যে	7
ভিক্ষাবৃত্তি	7
স্বর্ণালী	7
কিম্ভুতকিমাকার	7
মহোদয়া	7
উদ্ভুত	7
কপালপোড়া	7
বারকে	7
সংগৃহীত	7
ন্যান্সি	7
ধাঁধায়	7
প্রাণভিক্ষা	7
সহকারীকে	7
মর্গান	7
ডাণ্ডা	7
বকেয়া	7
থামালো	7
লুকাচ্ছে	7
পেয়েছো	7
ফাইলটি	7
শোধরাতে	7
উন্মোচিত	7
মাসুদ	7
শটের	7
আত	7
মুষ্ট্যাঘাত	7
আইএএস	7
উত্পাত	7
আরোহন	7
বাবুটা	7
খুলেই	7
মেকানিকের	7
জোচ্চোর	7
হাহা	7
উভয়েই	7
বরখেলাপ	7
পুননির্মান	7
ওগউয়ের	7
গোছাও	7
উপোস	7
ইরাকী	7
ক্যান্টিন	7
দূতাবাসের	7
মন্ত্রনালয়	7
চক্রাকারে	7
লরেক্স	7
অদ্রি	7
নির্দ্বিধায়	7
গাছপালার	7
কাকুর	7
এপ্রিলের	7
হাতা	7
বানাইছি	7
সাহয্য	7
বসিয়েছে	7
জের	7
রামায়ণ	7
বোরকা	7
ট্রেলার	7
মানসিকতা	7
নামবেন	7
স্টুয়ার্টের	7
খর্ব	7
সংবাদপত্রের	7
হাওয়াইতে	7
কেনান	7
এঞ্জি	7
টির	7
মুনের	7
কুমিরের	7
উরন্ত	7
গুলিই	7
গ্রিগস	7
দেখভালের	7
রাউটিং	7
ভেরিফাই	7
আগেভাগেই	7
স্বজনদের	7
আবির্ভাব	7
দুমড়ে	7
যাহ্	7
একঘন্টা	7
প্রস্তাবে	7
শ্বশুরমশাই	7
বন্ধুকের	7
পায়খানা	7
ওয়াইন	7
ঘুরা	7
ভিক্টরকে	7
আসেও	7
আনোয়ার	7
ক্ষমতাসীন	7
দীর্ঘমেয়াদী	7
ক্ষুধায়	7
বাল্ক	7
ধর্মঘট	7
উপযোগ	7
নাড়ি	7
কিলিং	7
কালিমা	7
উড়িয়ে	7
আঙুলে	7
রেঞ্জারে	7
এপাশে	7
ম্যানুয়ালি	7
আপেক্ষিকতার	7
ধাপটা	7
গ্রহেও	7
নেলসনের	7
প্রেরণার	7
আঁধারের	7
করবোটা	7
আদ্র	7
নিকোলাই	7
পারকিন্স	7
স্কোয়াড	7
মানুষকেও	7
শংকর	7
আসাটাই	7
দীক্ষিত	7
চলতেছে	7
ছোটভাই	7
সবাইকেও	7
বুসানের	7
স্পিডে	7
অাছি	7
অাছেন	7
পারতেছো	7
নুয়ে	7
ল্যাংলি	7
থিনিং	7
যতোক্ষণ	7
সমূদ্র	7
আজুর	7
পাত্রী	7
গোপণ	7
রেমেডিস	7
উইলফ্রেড	7
শ্রেডারের	7
স্টকম্যানের	7
স্টকম্যান	7
ইঁদুরটাকে	7
সদরদপ্তরে	7
উপাদানের	7
ক্রিপ্টোনিয়ান	7
মেট্রোপলিসের	7
গ্রীকদের	7
খুঁটিয়ে	7
রূপান্তরের	7
অ্যাপাচি	7
সামারা	7
রকিং	7
কেঊ	7
থাকলেন	7
দিগন্তে	7
লাইব্রেরিতে	7
বেজ	7
হতাশাজনক	7
মিত্রানের	7
উলটাপালটা	7
কয়েকমাস	7
ফ্ল্যাশলাইট	7
কোষাগার	7
পাহারে	7
গৃহে	7
জাহাজেই	7
সত্যও	7
সিলিং	7
ফ্রোজেন	7
কটাক্ষপাত	7
স্ক্রিপ	7
জিএমপি	7
বকশিশ	7
বয়ের	7
গ্রহনযোগ্য	7
রাশিয়ানরা	7
লেসলি	7
ওওহ্	7
এলিসিয়া	7
ভাঙাই	7
সিনে	7
মিচ	7
দশটার	7
সাদারল্যান্ড	7
জুকার	7
উইন	7
জিনা	7
টুইন	7
লুথা	7
খেটেছে	7
ফুডের	7
জনিকে	7
ফ্রেডো	7
তুর্কিতে	7
ব্রাযিনি	7
পাইলি	7
হর্নসের	7
ব্রিফকেসটা	7
সিয়ার্সোর	7
মাকার	7
মহাজগতের	7
সমীকরণের	7
ট্যুরিং	7
শাহরুখ	7
মৎস্যকন্যা	7
থামল	7
আমস্টারডামে	7
দোলনা	7
ইউনিকর্নের	7
অ্যামেরিকানরা	7
সামান্যই	7
প্রতিবেদনের	7
মাদকদ্রব্য	7
জাভা	7
নবজাতক	7
ডিরেক্ট	7
মারতেসি	7
সুরা	7
ব্ল্যাকে	7
বানাইছেন	7
কম্পানি	7
হিমালয়ে	7
ম্যানেজাররা	7
ডিসুজা	7
তালির	7
খোয়া	7
সুজা	7
রুপির	7
আগরবাতি	7
দড়ি	7
রিপোর্টিং	7
কাঠবিড়াল	7
ইতালিয়ান	7
প্রিম	7
জাহাজই	7
জাহাজগুলো	7
মাস্তুল	7
রাজসাক্ষীর	7
বানাইনি	7
সান্ড্রা	7
সাদিকুল	7
ষ্টীল	7
ওয়েব্যাক	7
জ্যোতিষী	7
কূপে	7
গ্যালাহ্যাড	7
রুফাস	7
কার্তুজ	7
সামী	7
ডুবাও	7
কর্নেলকে	7
পরছেনা	7
মার্ক্স	7
ফ্রাঞ্জ	7
হুয়ার	7
গোশত	7
বিসমিল্লাহ্	7
ডেনিস্টন	7
শব্দজট	7
ব্লেচলি	7
স্বরূপে	7
ভিয়েতনামি	7
গ্রামবাসীরা	7
মার্শালের	7
লিওনের	7
এনিটা	7
এরমানে	7
অন্যরাও	7
দিলেকের	7
পেয়োনা	7
মোহাম্মাদ	7
ম্যাস্ত্রো	7
বেইলিশ	7
ফ্যাসিলিটি	7
অ্যাংকর	7
আয়েশা	7
চোঁখ	7
অপারগ	7
লেখেছে	7
অন্নপূর্ণা	7
ডিজের	7
ছড়া	7
গডস্	7
গাঁধার	7
সান্তিনো	7
উৎসবটা	7
ব্রোড	7
ফিলিপসের	7
এরিসকে	7
ধপ	7
হাওয়া	7
জেমির	7
এরল	7
উম্বাসি	7
মাশিডো	7
ডোথরাকিরা	7
ডায়ারউলফ	7
ব্যারিস্টান	7
উঠতি	7
গুরুজির	7
ম্যাকট্যাগার্ট	7
টিরিয়ন	7
কিউপিড	7
গ্লিটারিং	7
অ্যাকুয়া	7
নেব৷	7
ফিটজ	7
মারিয়া	7
সমাজতন্ত্র	7
আকৃতিতে	7
উদ্দিনরকি	7
তাকিয়েছেন	7
পোর্ট	7
হায়াতে	7
জাম্বো	7
গবাটো	7
সাবিনা	7
ওয়াইমি	7
অজয়	7
জলাতঙ্ক	7
হেফাসটিস	7
প্লুটোনিয়াম	7
ডুবোয়া	7
ম্যাকিনটশ	7
ম্যাকগাফিন	7
মরটান	7
পিসিং	7
লায়লা	7
পল্লবি	7
উটিতে	7
পল্লবির	7
সুলতানপুর	7
করমজিত	7
নাটালি	7
বুভের	7
নাকগলানো	7
নেকড়েটি	7
ক্ল	7
লাকা	7
এলার	7
ব্যাগটি	7
ইয়েলোজ্যাকেট	7
নানটাকেটের	7
কালকেয়া	7
শিবু	7
আম্মাচী	7
মিজগিন	7
নষ্টা	7
রামাচন্দ্রা	7
ইন্দিরা	7
কার্টেল	7
জর্জঃ	7
বেঞ্জিকে	7
নির্দোষের	6
ভদ্রলোকেরা	6
ঘুমিয়েই	6
ক্লিভল্যান্ড	6
মতের	6
কাটাকাটি	6
ছেলেমেয়েরা	6
অনেকগুলি	6
পক্ষেও	6
প্রচারক	6
স্থপতি	6
বারি	6
ব্যাপারটাও	6
শুনেও	6
বানালেন	6
মিলাতে	6
অবহেলিত	6
কনভেনশন	6
হাটে	6
জুরিদের	6
রহস্যময়	6
লিং	6
হিংসাত্মক	6
রঙ্গিন	6
দূরদর্শী	6
হাইস্কুলে	6
বিচের	6
সাদার	6
বিচে	6
কল্যাণে	6
মাদকের	6
নেভাতে	6
কীরে	6
ওপারের	6
জেনেশুনে	6
দাসদের	6
স্বাস্থ্যবান	6
ঝাড়া	6
সুদৃঢ়	6
ছেড়েছ	6
মুদির	6
এলেও	6
মরেছিস	6
হারামজাদারা	6
করায়া	6
কুত্তাদের	6
সংশয়	6
নেটিভ	6
সন	6
পড়ায়	6
সূর্যোদয়	6
পেতেও	6
উদ্ধৃতি	6
বিশ্রামে	6
লই	6
নিউজে	6
হান্টার	6
টেকনোলোজি	6
আর্মার	6
ঘোরের	6
হাতও	6
ম্যানহাটনে	6
কর্ন	6
ভাঙেনি	6
ঘুমোচ্ছি	6
শুয়রের	6
সাবলীল	6
কর্তার	6
তদারকি	6
চাপো	6
দশেক	6
লুকনো	6
২০টা	6
লেখাতে	6
হাটো	6
ধীরেসুস্থে	6
সারাক্ষন	6
মুন্ডু	6
অন্যদেরও	6
পিচ্চির	6
শোনাব	6
কম্বলটা	6
ভূতুড়ে	6
বিশ্বজুড়ে	6
অনেকই	6
শিকলে	6
ভীষণভাবে	6
বাহাদুরি	6
যুক্তির	6
লাফাচ্ছে	6
বিলাসবহুল	6
মাংসও	6
কুকুরগুলো	6
ঝরনার	6
ঝুঁকে	6
প্রজাপতির	6
শেখাব	6
ভিন্নমত	6
মুহূর্তও	6
সুপ্রিম	6
পেরেছিলেন	6
গতিবেগে	6
পৌঁছাব	6
সংকল্প	6
কবেই	6
বুধবারে	6
আন্ডারে	6
কষাকষি	6
কায়রো	6
ট্যানিস	6
মিশরীয়	6
ফারাও	6
নগরীতে	6
ছড়ির	6
জিনিসগুলোর	6
সালাহ	6
ফেললেও	6
গলাবেনা	6
বুলডোজার	6
নাড়াবে	6
যার্গের	6
যার্গকে	6
ফায়ারের	6
হুইজি	6
নাগরিকগণ	6
আঁকো	6
কিডন্যাপার	6
সেলাইয়ের	6
পেশেন্ট	6
বোঝাব	6
হ্যামবার্গার	6
ভিন	6
লাফাতে	6
শার্ক	6
সিঙ্গারা	6
এমনকিছু	6
আপগ্রেড	6
প্রাধান্য	6
ডাস্ট	6
প্যারাসাইট	6
কাটাতাম	6
গ্যাসোলিন	6
ভোক্তা	6
চোপড়	6
ইলেকট্রিসিটি	6
প্লাস্টার	6
দুদু	6
চিকনা	6
আফসোসের	6
ডিনামাইট	6
শপ	6
ক্ষার	6
ব্যথাকে	6
জলন্ত	6
খোদায়	6
ডাস্টবিন	6
আসবনা	6
খামে	6
স্পেসে	6
শোরগোল	6
থান্ডার	6
আনবেনা	6
বর্বরতা	6
খুনখারাবী	6
বাটপার	6
ক্র্যাক	6
ধুরর	6
কর্মীকে	6
সংজ্ঞা	6
একুশ	6
ঝলসে	6
২৫০০০	6
চেতনাকে	6
দেখিয়েছিলো	6
প্রোগ্রামগুলো	6
ঘোষ	6
পেশীর	6
ট্রিন	6
আইনজীবি	6
নর্দমা	6
ভাবোনি	6
মর্ফিয়াসকে	6
এতোটুকুই	6
বাস্তবতাকে	6
বিস্তর	6
বামেরটা	6
গলির	6
পেজার	6
সুফল	6
নাইটিংগেল	6
ম্যান্ডি	6
একাকি	6
কল্পনাতেও	6
উন্মাদের	6
রোসা	6
জঞ্জালের	6
টনিক	6
পিটারের	6
বেজেছে	6
ঢুকা	6
তুলনামূলক	6
বিসর্জনের	6
ইলেক্ট্রনিক	6
থাকছো	6
সিম্পল	6
দৌঁড়াতে	6
দূরেই	6
দৌঁড়াচ্ছে	6
অনিরাপদ	6
রুলস	6
ইটস	6
গৌতমকে	6
১টাই	6
গ্লাসে	6
শরীরেই	6
ইউটিউবে	6
ভিডিওটি	6
লাইক	6
বয়ফ্রেন্ডকে	6
ইনার	6
হাইওয়ের	6
ঐশ্বরিয়াকে	6
উদ্যোক্তা	6
১৯৯২	6
আদিদ	6
ফেলতেন	6
পাকিস্তানী	6
বাকারা	6
পারাটা	6
রকমে	6
খিদা	6
নামাজ	6
ডেল্টার	6
ভিতরেও	6
স্ট্রুকার	6
বহরের	6
মেশিনগান	6
ভুলিস	6
ক্ষতস্থান	6
মেডিভ্যাক	6
মরণাপন্ন	6
বিতর্ক	6
হত্যাযজ্ঞ	6
গোড়ালি	6
যুদ্ধবাজ	6
আধিপত্য	6
আতংকের	6
রো	6
চাষবাস	6
তৈরিতে	6
আজকেরটা	6
কোনোটাই	6
দেয়ার	6
ভোজবাজির	6
মর্ডর	6
জাপ্টে	6
খোদ	6
মর্ডরে	6
মিনারের	6
পিপিন	6
কোণার	6
এড়াতে	6
রিভেন্ডেলে	6
কয়টা	6
মাউন্টেনের	6
উঠছেন	6
চাওয়া	6
অমরত্বের	6
ম্লান	6
অর্করা	6
বস্তাবন্দী	6
পালকের	6
বহনকারী	6
দেয়াল	6
মেলো	6
ডোয়ার্ফ	6
বশীভূত	6
ঝর্ণা	6
সম্মানও	6
দুর্গন্ধযুক্ত	6
কোয়ার্টারে	6
ডিলারের	6
তারকাদের	6
লাগায়া	6
দুখিত	6
ক্যামেরাতে	6
যাতায়াত	6
নগদে	6
পিঞ্চ	6
আঠার	6
ক্ষণ	6
পৌঁছালে	6
দৌড়াইয়া	6
টায়ারে	6
বম্ব	6
টেপটা	6
জুতায়	6
প্রচারণার	6
এডভান্স	6
বানের	6
ছিঁড়া	6
চামে	6
খপ্পরে	6
লাগাব	6
একবারেই	6
মহাপাপ	6
মাজতে	6
পোটলা	6
দাওতো	6
সঙ্গি	6
রেডী	6
ছাপিয়ে	6
পিনোকিও	6
খাওয়াদাওয়া	6
কাঁচি	6
কেটেছিলাম	6
১০২	6
জানবেই	6
লোহালক্কড়	6
স্ক্রিনে	6
উদ্দেশ্যহীন	6
হেনরির	6
তথ্যে	6
লিখার	6
জাতে	6
মহাসমুদ্র	6
তারপরের	6
উপাত্ত	6
জাগবে	6
দেখবার	6
মাংসাশী	6
তালু	6
অবশিষ্টাংশ	6
ইউডেস্কি	6
পড়ছিলাম	6
বেরাচ্ছে	6
ওড়া	6
উপকূলের	6
খরচা	6
শব্দটাকে	6
অভিপ্রায়	6
মহাকাশচারী	6
বাঁচিয়েছিলাম	6
মুদ্রার	6
বাতিটা	6
অধম	6
রাজমিস্ত্রি	6
হুইলচেয়ার	6
তারকার	6
ওইগুলি	6
বিবর্ণ	6
ডগা	6
ছিনতাইয়ের	6
সংবাদটা	6
নিত্য	6
করিডোরে	6
মন্ত্রীসভার	6
খুনিরা	6
ফেলছিলে	6
এন্ড্রু	6
রোভার	6
ব্যাগগুলো	6
ওগুলোও	6
উদ্যোগে	6
চেপেছে	6
চাঁছাছোলা	6
গেরিলা	6
জানাটা	6
খাইয়েছে	6
শিখাচ্ছি	6
সার্কেলে	6
চারকোনা	6
সেনাবাহিনীদের	6
গিয়ারের	6
গিয়ারে	6
কাটিয়েছো	6
পোকামাকড়	6
এনোনা	6
হগওয়ার্টস	6
উইচক্র্যাফট	6
হ্যার	6
সামনেও	6
এজ্যনই	6
পড়াবেন	6
নতুনত্ব	6
চ্যো	6
শ্রিকিং	6
বমির	6
পোর্টকি	6
পাগলও	6
খেদমত	6
বদলাচ্ছে	6
ষড়যন্ত্র	6
মুনি	6
বুঝেনা	6
চালাকের	6
গগের	6
এতটুকুও	6
সূচালো	6
খোঁড়াখুঁড়ি	6
তাপে	6
প্রক্রিয়াটা	6
ক্ষতিকারক	6
কলম্বাস	6
সময়েও	6
তাড়িত	6
মহাদেশ	6
পরিভ্রমণ	6
ধরাও	6
ফ্রয়েড	6
পরিপূর্ণতা	6
সারছে	6
অভিনব	6
গলাবাজি	6
পূর্বেও	6
তাকাল	6
১৬০০	6
প্রতিমূর্তি	6
উৎসের	6
বাণীর	6
শিক্ষায়	6
অস্বাভাবিকতা	6
পশ্চিমাদের	6
মধ্যযুগীয়	6
ইহুদিদের	6
বিলাসী	6
সুমন	6
বাক্যটা	6
সহস্র	6
ডানায়	6
প্লুটো	6
লেটার	6
দোলাও	6
তাড়াহুড়ার	6
ইন্টার	6
প্রতিবন্ধি	6
ডালে	6
বিভ্রান্তি	6
বেচারাকে	6
ইফেক্ট	6
এডিসনের	6
ব্রাশের	6
মৌখিক	6
হোস্টেল	6
বিষণ্ণতা	6
পার্কারের	6
স্পাইডি	6
বেটি	6
তোলাটা	6
সম্পাদকের	6
ভূয়া	6
ব্যাপারের	6
অংশগুলো	6
পার্টটা	6
ভাগ্যক্রমে	6
নমুনাটা	6
মুচকি	6
কারিশমা	6
শা	6
চলুক	6
লেগেছ	6
ক্লায়েন্টদের	6
পতিতালয়	6
রাশিয়াতে	6
ঘুমা	6
ট্রাভেলের	6
আপনিতো	6
শান্তিতেই	6
ফিডার	6
আগালে	6
পারিয়ে	6
কিনেছ	6
পেয়	6
দাড়াচ্ছে	6
ক্ষমতাহীন	6
৩০টা	6
মুন্না	6
শিভামের	6
গাড়ীর	6
ড্রেনে	6
মক্কা	6
লাখের	6
মোটকা	6
স্বদেশ	6
বাকিরাও	6
পাঠিয়েছে	6
নামায	6
আলীয়া	6
উপার্জিত	6
বেষ্টিত	6
ছোঁ	6
লাহোরের	6
লক্ষ্যভ্রষ্ট	6
শালীকে	6
আপনজনের	6
ভগবানই	6
ঐদিনের	6
নামহীন	6
লুকাচ্ছি	6
লট	6
পৌঁছা	6
জায়গার	6
আচারণ	6
ক্রনাস	6
পূর্ণতা	6
ভাসতে	6
ডেরায়	6
দর্শনার্থী	6
বিদারক	6
বিধান	6
মোরগের	6
ডেরা	6
সময়সীমা	6
চলন	6
একজনকেই	6
ঘাতকতা	6
চায়ে	6
গ্রাফিতিটা	6
ট্রেডিং	6
হংকংয়ের	6
নেমেছিলো	6
বিশেষজ্ঞের	6
পেইন্টের	6
ফিরিয়েও	6
এশিয়াতে	6
তুলেছিলাম	6
চকচক	6
টং	6
প্রাচ্য	6
নেবোনা	6
সাজাবো	6
ট্রামওয়ে	6
সেমি	6
সাঈম	6
ব্যাকটেরিয়া	6
কপ্টার	6
ইনসেপশন	6
পারিও	6
ভারাক্রান্ত	6
মানলে	6
দেখিওনা	6
ফুটছে	6
আচ্ছন্ন	6
ইউসুফের	6
ব্যবস্থায়	6
শুধরে	6
ব্যাটারে	6
কিনো	6
খাটা	6
মারানো	6
দো	6
কোনার	6
কাইয়ু	6
চুম্মা	6
পরীক্ষিত	6
ওবামার	6
দফারফা	6
প্রধানত	6
প্রুফ	6
জায়গাকে	6
স্টুডিও	6
১১টায়	6
জানোও	6
এংগেজমেন্ট	6
আয়ারল্যান্ডে	6
ডাবলিনের	6
বাথরুমটা	6
কেনাকাটার	6
দয়াবান	6
পলকে	6
ধাঁধাঁর	6
বুঝোই	6
দ্বারপ্রান্তে	6
পুঙ্খানুপুঙ্খভাবে	6
বোঝেনই	6
আলবৎ	6
পারায়	6
বাজলো	6
ক্যারেন	6
ছড়াছড়ি	6
লাভই	6
ব্লগের	6
কোরিয়ায়	6
কাঁদছেন	6
ওষুধে	6
জ্যানাস	6
কারস	6
রক্তও	6
বোটক্স	6
পেইন্টিংটা	6
ট্রাউজার	6
গ্যালারিতে	6
চিত্রকর্ম	6
স্বকীয়তা	6
বাঁকের	6
ধারেকাছেও	6
সৌরজগতের	6
কিসিমের	6
রশিদ	6
ঝাড়ি	6
উন	6
লিমিটেড	6
বিয়ং	6
বস্	6
কিমি	6
জোয়ার	6
কর্	6
মণ্ডল	6
পাড়ের	6
ইয়ুন	6
ফিরবেন	6
ছাত্রীকে	6
অস্ত্রটি	6
বাচাল	6
জোরপূর্বক	6
যোনিতে	6
লাশটি	6
ধুত্তুরি	6
টুকে	6
যেকিনা	6
হটে	6
গুলিকে	6
মনটাই	6
ঈশ্বরই	6
ফে	6
আবুলের	6
সাতজন	6
জানিয়েছ	6
উঠলেই	6
দাদির	6
ট্রিক	6
বেইমানি	6
খাইলে	6
ধুরা	6
ডানহাত	6
দরকারের	6
নাগাদ	6
চুলায়	6
পদবী	6
সম্পূর্ণই	6
কিন্ডারগার্টেন	6
মঙ্গলজনক	6
অতটুকুই	6
চোদা	6
মাদারচোতেরা	6
লগইন	6
ট্র্যাজেডি	6
পান্ডিয়া	6
অনেকদিনের	6
চোলাদের	6
রাজারা	6
বইসা	6
থামিস	6
হইছো	6
কেম্নে	6
বসাও	6
সেনাবাহিনীকে	6
শূকরের	6
বার্তাই	6
নরবে	6
ঠাই	6
ওয়ালে	6
গেথে	6
পারাপার	6
কুয়াশার	6
আতঙ্কজনক	6
ঘরটায়	6
ড্রেসিং	6
অনুমানে	6
প্রদর্শক	6
জ্বেলে	6
মৃতু্য	6
ডবল	6
ট্রিপল	6
ময়দা	6
ডালপালা	6
পূর্বাভাস	6
পরিব্যাপ্ত	6
সঞ্চালিত	6
জোয়ার	6
প্রকৃতিতে	6
ঘনত্ব	6
ভুক্তভোগী	6
আইভরি	6
খাতে	6
করতেনা	6
বাটি	6
মেপে	6
বাঁকানো	6
টেস্টের	6
বুঝছনা	6
পাল্টিয়েছি	6
ইতালিয়ানদের	6
অঙ্গুষ্ঠ	6
ডাকল	6
মিত্রশক্তি	6
সুবাসিত	6
উপযোগ্য	6
কেরানি	6
স্পন্দিত	6
রূপবতী	6
কাটিং	6
কলেরা	6
বেশ্যাকে	6
ছাঁটাই	6
জোড়ার	6
বদলাবেনা	6
কেন্দ্রস্থলে	6
ঘনীভূত	6
পিতামাতা	6
পেতেন	6
বন্দুকও	6
কারিগরি	6
শক্তিহীন	6
ধ্বংসলীলা	6
ছেড়েও	6
মহোদয়গণ	6
ঐটাও	6
আসতাছে	6
ব্রেকার	6
চার্য	6
অমুল্য	6
নাকচ	6
যোদ্ধাকে	6
উঠেছ	6
টুকিটাকি	6
বিষটা	6
থামাচ্ছি	6
পাইলটকে	6
পেছনেও	6
চুমুর	6
উবে	6
করারই	6
বমিতে	6
ছিটে	6
খুনীটা	6
মহিলাই	6
ড্রাইভারটা	6
ততো	6
১৯৮৫	6
নিকি	6
ট্রেড	6
নাখোশ	6
কাছা	6
এটেনশন	6
শেলফে	6
সবগুলাই	6
গোবরে	6
খুলা	6
ধনীরা	6
প্রবর্তন	6
সম্পাদন	6
অনুমতিতে	6
সারানো	6
পাওয়াই	6
খেললে	6
আতিথেয়তা	6
দাগী	6
চোরাচালান	6
হেস্তনেস্ত	6
বুড়ার	6
জেরিকো	6
ভুমিতে	6
খোঁড়ার	6
ক্ষমতাও	6
গডফ্রের	6
প্রভুকে	6
পৃথিবীটাই	6
সময়টায়	6
জন্মভূমি	6
জড়ানো	6
যীশুকে	6
অবতীর্ণ	6
কৃত	6
পাষাণ	6
রোমানরা	6
বিশপের	6
পোড়ানো	6
ফ্যাক্টরিটা	6
ভে	6
করমর্দন	6
মিঠাই	6
চাটতে	6
চুইংগামের	6
৪০০০	6
উৎফুল্ল	6
ডেনিজকে	6
পেরেছিলো	6
ঝিম	6
ঘুমোবো	6
বালককে	6
কাওকেই	6
জাম্পার	6
ছেলেটাই	6
ভরেছে	6
মোলাকাত	6
রাখোনি	6
যোগার	6
পারিসনি	6
বদলাওনি	6
প্রথমদিন	6
ঐটার	6
পাণ্ডুলিপি	6
প্রার্থীরা	6
অডিশনের	6
ন্যূনতম	6
ফ্লপ	6
বৈদেশিক	6
মুগুর	6
সিঙ্গাপুরে	6
সাক্ষাতে	6
দ্বিধাবোধ	6
ঠুকে	6
চলাচলের	6
হুইলটা	6
প্রশিক্ষণপ্রাপ্ত	6
হিমালয়ের	6
নড়ছি	6
আইতাসে	6
পুতেরে	6
অবলা	6
সরেন	6
পাম্পকিন	6
পেস্ট্রি	6
শাশ্বত	6
বসায়	6
স্প্রাউট	6
রিটা	6
খ্যাতির	6
শুভদিন	6
ছেপেছে	6
সত্ত্বে	6
পঙ্খীরাজ	6
কাপের	6
মমতা	6
ধ্যানে	6
পশুপাখির	6
রঙা	6
পেঙ্গুইনরা	6
ঘুমাচ্ছি	6
বানাচ্ছিল	6
মারটিকে	6
হেরেছে	6
কোডিং	6
নাস্তায়	6
কতদুর	6
যেকরেই	6
বাস্তবায়িত	6
জিতেছিস	6
ম্যাকরেডি	6
ঘুমপাড়ানি	6
শীঘ্রি	6
রাজভোগ	6
টামনাসকে	6
কেটলি	6
ধরায়	6
ডাইনীকে	6
ভোগান্তি	6
ভোদড়রা	6
এগুনো	6
বসেছিলো	6
মৃত্য	6
ছোড়	6
দুলে	6
হীসো	6
ভঙ্গিতে	6
হারামখোর	6
রফা	6
বদমাশদের	6
প্যানথার	6
জুয়েলারি	6
ক্রোধে	6
জানতেনা	6
গরিবদের	6
আওয়াজে	6
ডনের	6
আনাতে	6
ডাইভিং	6
মোলায়েম	6
ঘটনাও	6
প্রোটোটাইপ	6
বসছে	6
৫টায়	6
ধইঞ্চা	6
আছিলাম	6
আছোস	6
মাইয়াদের	6
কুয়ায়	6
ভাতা	6
বিশ্বাসঘাতকের	6
রিফিউজি	6
ভালোবেসেছি	6
সুদসহ	6
অফারটা	6
পারবোই	6
মরলেই	6
দোস্তোরা	6
চারা	6
দপ্তরে	6
সাধারণের	6
রাসূল	6
জান্নাত	6
টডি	6
কমিউনিটির	6
চালানের	6
কংগ্রাচুলেশনস	6
গ্রাজুয়েশনের	6
ক্যাশে	6
ঢুকব	6
মণ্ডলী	6
থামেনি	6
হাবড়া	6
বেড়াত	6
ছিঁচকাঁদুনে	6
চলছিলাম	6
বেলকে	6
স্টিক	6
নুডুলস	6
বাসবো	6
১৯৯৭	6
করছো	6
অন্যমনস্ক	6
ব্যাটারির	6
কিংডমে	6
বুঝেছিল	6
মলের	6
আরোও	6
একাডেমীতে	6
এফবিআইয়ের	6
পুষ্টিকর	6
পিউর	6
মফেট	6
বুড়	6
নিতম্বের	6
অবজেক্ট	6
স্বপক্ষে	6
ট্র্যান্সসেক্সসিউয়াল	6
আত্মীয়ের	6
মনেকরে	6
ডিলের	6
শেরিফের	6
টেট	6
গর্দফ	6
পাম	6
লিপম্যানের	6
পিয়ার	6
ফিজিক্সের	6
অ্যাকাডেমিতে	6
অ্যাকাডেমি	6
কোনরূপ	6
বিজ্ঞানীর	6
পদমর্যাদা	6
শৌখিন	6
কুকুররা	6
হহহ	6
ছল	6
অ্যারেস্ট	6
হাপি	6
ভু	6
গোসলে	6
ক্ষমতাই	6
বিষয়ই	6
হর্নের	6
পুরোপরি	6
আসাধারন	6
ডানার	6
উচ্চহাসি	6
ইংরেজীতে	6
তাহলো	6
হাঁটে	6
চড়ো	6
গুলিগুলো	6
সর্বত্রই	6
জগাখিচুড়ি	6
সন্তানও	6
পুর্বপুরুষের	6
স্যাক্সনরা	6
লক্ষে	6
ফসলের	6
পৃথিবীতেই	6
নিরর্থক	6
সেগুলোই	6
ম্যাগাজিনের	6
আগাইয়া	6
গিয়ার	6
আমানত	6
জন্মদান	6
১৬১	6
ক্রেকোঝিয়ার	6
দরজাগুলির	6
গতকালকেই	6
দিনটাই	6
মাসও	6
বোল	6
স্টেলিওন	6
আশ্রয়কেন্দ্র	6
জুলাইয়ের	6
অভাবের	6
কন্ট্রাক্টর	6
সাধারনের	6
হোমল্যান্ড	6
দামাদামি	6
আধারে	6
ক্যানটার	6
নান	6
গাঁজার	6
আওয়ার	6
পালাল	6
অভ্যেস	6
পুরোপুরিভাবে	6
হগসমিডে	6
বোগার্টের	6
ওয়েরউলফ	6
প্রথমবারেই	6
শুর	6
অনুযায়ি	6
লন	6
মায়ার	6
কছে	6
যুদ্ধটি	6
হর্সপাওয়ার	6
ইউনিভার্সিটির	6
অকল্যান্ড	6
সাইলেন্ট	6
কূপ	6
ঝলমলে	6
রিপাবলিকান	6
ইয়ট	6
ভাঙ্গাচোরা	6
ওয়ার্নার	6
পালালে	6
এডিট	6
অ্যালুমিনিয়াম	6
নগণ্য	6
রেকর্ডার	6
দেখাবেনা	6
রোলান্ড	6
কমিউনিস্টদের	6
কমিটিতে	6
জনসম্মুখে	6
উসুল	6
উড়েছে	6
চলাকালীন	6
এয়ারফোর্স	6
বোয়িং	6
আগামীর	6
কাঠমিস্ত্রী	6
আনাড়ির	6
নিবদ্ধ	6
হারলে	6
জায়গাও	6
কোণা	6
বৃদ্ধদের	6
তরকারি	6
লোমের	6
সৃষ্টিকে	6
ভাবভঙ্গি	6
ধরাশায়ী	6
থোড়াই	6
ক্যাকটাস	6
দাঁড়াবো	6
চেইনের	6
রূপের	6
সময়টাই	6
একাকার	6
শীল	6
এডির	6
হলদে	6
ইন্সুরেন্স	6
কোডি	6
নৌকাওয়ালা	6
চিহ্নও	6
দীর্ঘমেয়াদী	6
শার্লট	6
দিনগুলির	6
পেকে	6
খেলাও	6
দুক্ষিত	6
ইনস্পেকটর	6
যমদূত	6
লাফা	6
ঢুকাবো	6
সপ্তাহান্তের	6
কর্তব্যের	6
গাড়িটায়	6
জ্বালাবে	6
মেইলের	6
গিফ্ট	6
ভায়োলেন্স	6
দাসের	6
চেও	6
৫৩	6
ঘুমাচ্ছো	6
ভর্তির	6
সেরাম	6
আন্ডারকভার	6
ইয়ামা	6
ছেলেটাকেও	6
রঙ্গের	6
নানুর	6
মুল্যে	6
কার্তিকের	6
নিঁখুত	6
ভালোবাসাটা	6
তাকিয়েছে	6
আনলি	6
অভিনয়ে	6
নিলি	6
শ্রুতির	6
শ্রুতিকে	6
শালাবাবু	6
কিনছো	6
থমকে	6
লুকালে	6
বন্ধুটাকে	6
দেখিয়েছিলাম	6
অসফল	6
মার্গি	6
চাইল্ড	6
মূত্র	6
এগীথ	6
মিলানো	6
অর্ধেকও	6
রায়ের	6
আপীল	6
এঁকেছে	6
কুয়েতের	6
উপাসনা	6
হারালেন	6
শ্রেণীবদ্ধ	6
লোকির	6
পেপারকে	6
মুহুর্তেই	6
স্বার্থপরতা	6
দাদাগিরি	6
অয়েল	6
রোড্	6
চলেছ	6
রাগকে	6
এসময়	6
চরে	6
জ্বলো	6
শেল	6
কামড়াচ্ছে	6
জিত	6
ঘুমাচ্ছিল	6
গ্রাগের	6
দাড়াল	6
সূক্ষ	6
নাটকীয়তা	6
২০১৩	6
দাদাজী	6
ননসেন্স	6
ডুবাতে	6
সুন্দরের	6
করিয়েন	6
পুরাপরি	6
বেহাল	6
সিদুর	6
হিম্মত	6
পিটপিট	6
দৌড়াচ্ছি	6
আ্যসগার্ডে	6
মধ্যাকর্ষণ	6
মহলের	6
ওয়ার্ল্ডে	6
পূর্বপুরুষরা	6
তিভান	6
প্রেসিডেন্সিয়াল	6
প্যালেস	6
সংবিধানের	6
দিবসে	6
সংঘাত	6
গেইটে	6
কেভিনের	6
আলভিন	6
টায়লার	6
অ্যাপল	6
পেন্টাগনের	6
লঞ্চার	6
ওয়াকারকে	6
সেহেতু	6
অফিসেই	6
আব্বাস	6
প্রাণপ্রিয়	6
কাতানা	6
শিকারিদের	6
ডকুমেন্টস	6
বাগদানের	6
আগান	6
অন্যথা	6
পাপাত্মা	6
সুবিধের	6
জব্বর	6
অনিষ্ট	6
ফ্যাল্ক	6
ফোনটি	6
গ্রিনিতে	6
ভবিষ্যদ্বাণীর	6
একটিবারের	6
রুমালের	6
কন্ঠে	6
বাতলে	6
কাছিয়ে	6
উটকো	6
পরিচারিকা	6
কতৃক	6
কচুকাটা	6
বোল্ড	6
তেলে	6
শাব্বাস	6
এতোকিছু	6
ভাইসকল	6
কৃত্তিম	6
কার্লোর	6
নাইটশেড	6
দিসি	6
কইতাসি	6
টাইটানিয়াম	6
অনেককেই	6
কায়দায়	6
সোনামণির	6
মুতে	6
১০০টা	6
নেইনা	6
পোলারে	6
ঊন	6
কেঁদেছে	6
নোক	6
সুমি	6
খুলিনি	6
পেন্টহাউজ	6
কামড়	6
ট্রাইয়াল	6
আগামীকালকে	6
বিবাদীর	6
পুনরাবৃত্তির	6
কয়েদীরা	6
০৩১	6
জুরির	6
১০০৪	6
শূনতে	6
দুইদিনের	6
গাদাগাদি	6
বীমার	6
খেলাঘর	6
পড়তেও	6
সুন	6
বিপক্ষ	6
আসামিপক্ষ	6
উকিলও	6
দণ্ডিত	6
দারা	6
মনিবের	6
জমপেশ	6
সীমারেখার	6
ফাউন্টেনের	6
ফোয়ারা	6
ডুবন্ত	6
ঘ্রাণের	6
পাটাতন	6
পতঙ্গ	6
সূর্যগ্রহণ	6
আঁটকা	6
ঘোষণাকারী	6
শামুকের	6
টিপতে	6
শিরশ্ছেদ	6
মেগাটন	6
নেটওয়ার্ক	6
বিশদ	6
উন্মুক্তভাবে	6
বোল্যান্ড	6
একনায়ক	6
সিনথিয়া	6
রেজিমেন্ট	6
অশ্বচালনা	6
একো	6
চৌকাঠের	6
পিয়ানো	6
অস্বীকৃত	6
পূর্বনির্দিষ্ট	6
বিবদমান	6
কর্ডগুলি	6
শতক	6
ইব্রাহীমের	6
ইমন	6
মাইয়্যা	6
ট্রাফিকে	6
তাকাউ	6
কন্টেইনার	6
মহামারি	6
টেস্টে	6
চত্বর	6
মূহুর্ত	6
ছাড়ায়	6
স্নিডার	6
অকাট্য	6
কামড়াতে	6
চিনেছেন	6
আকাত	6
চালিয়েছ	6
চটে	6
এরদাল	6
কারাদুমান	6
ঘুমিয়েছিলাম	6
কালোজাদু	6
ক্লিকের	6
আষাঢ়ে	6
পচাত্তর	6
ইচ্ছাপূরণ	6
চাষা	6
অভিশাপের	6
জাহরিয়েব	6
যুযুলা	6
ডকুমেন্টারি	6
বেগতিক	6
হাম্মাদ	6
রবের	6
আফসুস	6
উঠাই	6
পরতো	6
বোর্ডটা	6
অকার্যকর	6
গ্রাসে	6
জালাও	6
ফাটার	6
ড্রাইভের	6
রাডারে	6
লাফাবে	6
সুদক্ষ	6
প্রতিভাও	6
সলোমনের	6
জনরে	6
থাওন	6
টিককা	6
জ্যাস্পার	6
এলিজার	6
প্রাসঙ্গিকভাবেই	6
চ্যাম্পলেন	6
কান্দা	6
ঢাইকা	6
তুলাটা	6
২৪০	6
১৮২	6
গড়ের	6
৫১২	6
প্যাটসিকে	6
প্যাটসকে	6
প্রবলভাবে	6
অশ্রদ্ধা	6
তৃপ্ত	6
পড়লা	6
ইয়ার্নার	6
আবাদকারী	6
সাদাসিধা	6
অনুপযুক্ত	6
চিরন্তন	6
তুড়ি	6
ব্যাবসায়িক	6
শ্যাম্পু	6
ফাঁদের	6
টেলিপোর্টেশন	6
সারাজীবনে	6
কষ্টার্জিত	6
বলো	6
সহযোগীদের	6
ভ্রাম্যমান	6
জোছনায়	6
বুদ্ধিশুদ্ধি	6
ট্র্যাকারটা	6
শোন্	6
জেইবাম	6
সিওকের	6
বুড়োটা	6
পক্ষই	6
যমের	6
লাই	6
বাকিদেরও	6
সেগুলোতে	6
এক্সিকিউটিভ	6
বজ্জাতটা	6
পরিস্কারভাবে	6
জাগানোর	6
নিয়েছিলি	6
সকালেও	6
ভিআইপি	6
দূরত্বটা	6
রয়কে	6
অভিজ্ঞতাসম্পন্ন	6
রেবেকার	6
ডায়েরী	6
খুটিনাটি	6
মালিশ	6
ধুকে	6
বাহুডোরে	6
অর্পন	6
ঘটনাটাই	6
এসেছিলি	6
কামাবো	6
ন্যাটালী	6
শুরুই	6
ঘরটাকে	6
খবরই	6
গমের	6
চালের	6
দলত্যাগীদের	6
পুয়ের্তো	6
গুরুতরভাবে	6
সুশীল	6
মেয়েটাই	6
ফইন্নি	6
চিতায়	6
ক্রিস্টোফারের	6
আব্দুল্লাহ	6
ভেরোনিকা	6
বিশ্ববিদ্যালয়	6
কোনরকমে	6
চক্রটা	6
ভান্ডার	6
ক্যালিবার	6
আয়ত্তের	6
নাগরিককে	6
অনুরোধের	6
একরাতে	6
বিজনেসম্যান	6
ক্লায়েন্টকে	6
হার্ভিকে	6
বার্বারা	6
সন্ত্রাসের	6
পাতো	6
অদূর	6
প্রাণীটার	6
রিজকে	6
বোটগুলো	6
আলফাতে	6
কৃষকেরা	6
চাওয়ালা	6
দ্যান	6
আঙ্গো	6
মাস্কিটার	6
১৯৭৩	6
মাগার	6
হারবার	6
বোম্বে	6
মিনারেল	6
মস্করা	6
হয়নাই	6
ছাঁদ	6
পারাভেল	6
নিখোজ	6
কাজটাও	6
গুলতি	6
মিরাজের	6
নারনীয়ানদের	6
আত্মসম্মান	6
করতোনা	6
বোঝাচ্ছে	6
পাটাতনে	6
সংজ্ঞায়িত	6
বোঝাচ্ছ	6
আইপড	6
ইয়র্কবাসী	6
তিৎসিকে	6
ঘণ্টি	6
গ্লোরিয়াকে	6
প্রসবকালীন	6
টেনো	6
মোন্টে	6
কাঁদছিলাম	6
৭৭	6
বুঝিয়েছে	6
বিন্দুমাত্রও	6
ঐত্তেরি	6
কাঁদছি	6
অস্ত্রধারী	6
মতেই	6
উড়বো	6
ভিদ্যা	6
হাচি	6
ফ্লাওয়ার	6
ক্লারীওন	6
বেড়িয়েছে	6
বছরেই	6
ভুমিকা	6
গাছগুলোকে	6
ফলেই	6
মহাদেশের	6
খালের	6
গুতা	6
বায়োলজি	6
রুদ্ধশ্বাস	6
ভাম্পায়ার	6
পিপাসার	6
ব্যাঙের	6
এডওয়ার্ডের	6
টানব	6
ছলনা	6
দক্ষতায়	6
অরণ্য	6
লাগলেন	6
নষ্ঠ	6
মৌ	6
অপেক্ষাকৃত	6
ড্যানিয়েল	6
প্রচারণা	6
সহিংসতা	6
উত্তেজনাপূর্ণ	6
রূপক	6
সমর্থকদের	6
ওয়াইবর্ণ	6
উত্তেজনাকর	6
যেগুলা	6
লুপার	6
উকি	6
জেসমিন	6
নাশতা	6
স্বার্থপরতার	6
টার্কি	6
ইভেন্ট	6
রশ্নির	6
চিহ্নের	6
গর্জে	6
এ্যালুমিনাটিদের	6
ঐটাতে	6
গীর্জা	6
পিরামিডের	6
৯৭	6
নোটগুলো	6
তেও	6
টর্চ	6
বিরোধীতা	6
২জন	6
কিবোর্ড	6
তোশিবা	6
ইনটিলিজেন্স	6
বিড়ালটি	6
আহঃ	6
কোয়ার্টারমেইনঃ	6
বনেট	6
দামের	6
তাকারঃ	6
রুবারব	6
আরটেম	6
পুডিকিন	6
রিমুভাল	6
রানস্টক	6
কেজিবি	6
সচিবঃ	6
অজেয়	6
কারলেনকোকে	6
কোয়ারটারমেইন	6
আরমিটেজ	6
অবসাদগ্রস্থ	6
টিমক্সিলিন	6
বারবেবিউটেনল	6
একপথে	6
এসেন্ডার	6
একমুখী	6
স্লেটার	6
প্রধানমন্ত্রীঃ	6
অগ্রগতির	6
শ্রেষ্ঠত্বের	6
ক্লাশে	6
যেগুলোতে	6
গাঁয়ে	6
শিক্ষকদের	6
রাজুর	6
কম্মো	6
ইনভার্টার	6
যৌতুক	6
দায়িত্বজ্ঞানহীন	6
অন্তরঙ্গ	6
চাকরীটা	6
ভাইরাসকে	6
বকিস	6
ইস্	6
অস্ত্রও	6
নেইম	6
গেছিরে	6
জাপানিরা	6
গেটস	6
অপবাদ	6
ভুলনা	6
দুইজনই	6
উইলিয়ামস	6
মুহুরি	6
মোরালেসকে	6
মিস্ত্রি	6
লিলিয়ানাকে	6
গোমেজের	6
রোমানোর	6
ভাগাড়ে	6
ছিভিলকয়ে	6
টোর	6
মেসিয়াস	6
আনিদো	6
পেদ্রো	6
কিনেছিলো	6
সংশ্লিষ্ট	6
শিখানোর	6
আদিবাসীদেরকে	6
মূলা	6
শাওয়ারের	6
বান্ধবীকে	6
স্যামসন	6
সরছি	6
ফেসবুকের	6
মদে	6
ফিলিপস	6
নিচতলা	6
দিকটায়	6
ব্যাথাটা	6
ঐটাকে	6
মেরিকে	6
বিরিয়ানির	6
খুলার	6
ওয়াইনের	6
বিরুদ্ধ	6
সায়ানাইড	6
গার্ডকে	6
বানিয়েছিলো	6
ক্যালিবারের	6
মটকু	6
উড়ানোর	6
আইডিয়াকে	6
ভেরি	6
পূর্বনির্ধারিত	6
প্রত্যেককেই	6
গানগুলো	6
পার্সেন্ট	6
আনুর	6
জুবলি	6
কামেশ্বরী	6
মেয়েরে	6
জাক্কা	6
মাঙ্গামা	6
খুশিতেই	6
মেকাপ	6
নেইরে	6
হেঁসে	6
নাগাভেলির	6
নাগাভেলিকে	6
বেরোচ্ছি	6
তত্ত্বাবধান	6
১০টায়	6
বোনও	6
ভ	6
ভালমত	6
ভয়হীন	6
বিং	6
অ্যান্ড্রুস	6
আমারদের	6
ফুটপাতে	6
সিলগালা	6
চুষতে	6
গ্রিনবো	6
জেনিকে	6
আশঙ্কায়	6
থেকেছ	6
পাথরকে	6
টেক্স	6
ড্যানের	6
ঢুকাই	6
স্যা	6
পাঠাবেন	6
ইনভেস্ট	6
ইঙ্ক	6
শশাঙ্ক	6
মটুটা	6
মটুঃ	6
শপের	6
হোমরা	6
বায়রন	6
লাইব্রেরির	6
কবুতরদের	6
বাকোয়াজ	6
বাত্তি	6
পাঠক	6
গন্ধওয়ালা	6
বিবৃতিতে	6
ফাঁকফোকর	6
মানসম্মান	6
স্ট্যাম্প	6
হেন	6
স্বাক্ষী	6
পোলাটা	6
খারাবি	6
বুগিতে	6
আমস্টারডামের	6
বিষপান	6
আজম	6
জোকটা	6
অ্যাটাকের	6
ব্লুবেরি	6
স্বচ্ছতা	6
দঙ্গল	6
পদ্ধতিগুলো	6
মেলাবে	6
ডকুমেন্টগুলো	6
কার্টারকে	6
প্রতিজ্ঞ	6
স্বাক্ষরটা	6
মানবকে	6
ব্যাট্রক	6
সিটওয়েল	6
ব্যাট্রককে	6
হায়ড্রাকে	6
প্রোমোশন	6
দাঁড়িয়েছিলাম	6
রিপোর্টারের	6
উকান্ডা	6
সন্দেহভাজনের	6
চাল্লা	6
পাপরিকা	6
প্রফুলতা	6
শিল্ডটা	6
ব্লেজার	6
সাইবেরিয়া	6
চুক্তিগুলো	6
পরিস্কারভাবেই	6
আন্টকে	6
ওয়ান্ডাকে	6
থামছে	6
কুইন্সে	6
ব্রুকলিন	6
ভাইটাল	6
ফিউচারিস্ট	6
শব্দটাই	6
সাজসজ্জা	6
জ্যাপ	6
উড়িয়েছি	6
পাহাড়িয়া	6
চক্ষুযুগল	6
অমরণশীল	6
ধারণে	6
মেঘমালা	6
পাপেট	6
মজাক	6
ঘুষিতে	6
ঝিঁ	6
উওর	6
বানাস	6
ঠিকাদার	6
পরিবারদের	6
যথার্থই	6
পেরেছিলে	6
সেকারণেই	6
জেনেছো	6
তেলেসমাতি	6
সিবিলি	6
উঠেছো	6
দোজখের	6
সামার্স	6
সাবের	6
অল্পকিছু	6
অজানাকে	6
সিঙ্ক	6
কনফিউজড	6
গল্পই	6
যুগান্তকারী	6
দলবল	6
চর্চিত	6
ডাম্প	6
প্রেমময়	6
করেননা	6
স্ক্রলিং	6
গিফটের	6
এতোক্ষনে	6
রইছে	6
শুনতেছি	6
ছুতেও	6
বকছেন	6
টোকেন	6
পারতেছি	6
ভাঙ্গি	6
তুলেছো	6
জননীর	6
ভাইপার	6
খড়	6
শাও	6
লুতুপুতু	6
চাট	6
অক্ষয়	6
মিশ্রা	6
গাল্প	6
ধোকাঁ	6
সিদ্ধান্তও	6
বাচিঁয়ে	6
লুটপাট	6
জন্মেও	6
বালডা	6
পিছলা	6
ট্রাংকে	6
ঈদের	6
ঘুরানো	6
স্টেজের	6
লুকাতাম	6
কর্মক্ষমতা	6
একগুঁয়ে	6
বদখত	6
কাজকর্মে	6
ফাউ	6
লজ্জ্বা	6
হ্যারিসন	6
এডমিরাল	6
লিন্ডসে	6
প্রিজম	6
মারওয়ান	6
লক্ষ্যবস্তুর	6
কৃতিত্বের	6
জেনাইন	6
জেনেভার	6
ঘূর্ণি	6
অননুমোদিত	6
প্রকাশে	6
সেগুলোও	6
কেরি	6
তোমারত	6
ভারাটে	6
নরপশুর	6
এটাত	6
ডিগার	6
বোমারেজ	6
চাতু	6
ক্রোক	6
কোনটির	6
জাদুকারিণী	6
ক্লোনেল	6
ওয়ালারের	6
ল্যাস্টার	6
অয়ালার	6
দেন্ধা	6
দারান	6
প্রেরণামূলক	6
কাটানা	6
ব্রাভোর	6
পিংকি	6
ডিটেক্টর	6
অবলাদের	6
কানুনের	6
ডিয়াব্লো	6
স্যাটালাইট	6
নিশ্ছিদ্র	6
জড়াজড়ির	6
অতিভুজ	6
দ্বীপকে	6
পূর্বপুরুষেরা	6
পুরিয়ে	6
বলদটাকে	6
কেতন	6
ওড়ানো	6
মেয়েটিই	6
বারকায়ি	6
তিনদিনের	6
শেষকৃত্যের	6
একহাতে	6
নিভিকে	6
চেতন	6
চেতনের	6
কুরুভিল্লা	6
চালাতেন	6
ভিজয়ের	6
ভাঙে	6
জ্যোতিষীর	6
চাচী	6
অশ্বিন	6
মুখমন্ডল	6
রামাকৃষ্ণাণ	6
হাটবো	6
ট্রেনিংয়ের	6
কমসেকম	6
জিগ্যাশাবাদ	6
লাখে	6
ভানাম্মালাইয়ের	6
প্রচলন	6
সংখ্যাটি	6
জানুন	6
রেলওয়ে	6
ওয়ারেন্ট	6
তাড়িত	6
শিহরিত	6
কারাতে	6
ম্যারিয়াসকে	6
জয়ধ্বনি	6
সেমিরা	6
উপায়ও	6
১৯৭৭	6
প্রণালী	6
খোকামনি	6
পোঁদ	6
দেউলিয়া	6
আকরিক	6
অনাহারী	6
স্ট্রাটস্ফিয়ারে	6
ব্যতিক্রমসমূহ	6
খেই	6
কেজ	6
কথায়	6
বাক্পটুতাপূর্ণ	6
ঝাঁকান	6
এমনিয়া	6
বধূ	6
স্ট্র্যান্ড	6
বেড়াচ্ছে	6
দাবিদার	6
বধূটা	6
কৃষিকাজই	6
জমাচ্ছে	6
ঘাপলাটা	6
নক্ষত্রে	6
ক্রোধোন্মত্ত	6
দিনান্তে	6
সারাংশ	6
বায়ুমণ্ডলে	6
ঘোরাঘুরিটা	6
অভিকর্ষের	6
ভণ্ডুল	6
মার্ফি	6
জায়গামতই	6
সম্পর্কই	6
খাবারদাবার	6
পৃষ্ঠতল	6
অথোরাইজড	6
জাদুটাকে	6
কাঁটায়	6
নির্ণয়ের	6
সেনাপতিদের	6
সভাকক্ষে	6
লীনকে	6
লীন	6
টোকাই	6
ছোট্র	6
পাথরটি	6
প্রাশাদের	6
অসাড়	6
চেয়েছিস	6
ঢেঁউ	6
মধ্যমাঙ্গুলি	6
অধিনায়ক	6
স্ন্যাপ	6
খাদ্যে	6
যানবাহনের	6
কনস্ট্রাকশন	6
প্রজেক্টটা	6
এক্সিডেন্টের	6
কনভিন্স	6
দলই	6
ধ্বস	6
বিপত্তি	6
অাজ	6
অামায়	6
হমমম	6
শ্রিয়া	6
অামিও	6
হরি	6
অাসবে	6
অারেকটা	6
মেরেছিলি	6
দিতেছে	6
কিংয়ের	6
করিওনা	6
কৃষ্ণামূর্তি	6
আজমল	6
ঘরোয়া	6
আনিস	6
রেমেডিসের	6
পার্থাসারাথির	6
ক্লান	6
বিবস	6
নির্বাণ	6
টেকনোড্রোম	6
ভার্চুয়াল	6
বৈশ্বিক	6
মার্সি	6
ভাবতেন	6
পিঁপড়ার	6
চিটে	6
দৃঢ়	6
ওয়েপন	6
খুনোখুনি	6
ঘোউল	6
ইয়েই	6
এরপরের	6
সেব	6
বিক	6
জানোতো	6
বয়জিতে	6
কাস্টিং	6
পছন্দও	6
চিনলে	6
বুনেছি	6
সংঘর্ষে	6
চেন্নাইয়ে	6
অপরাধগুলো	6
মাহিমার	6
সবদিকেই	6
টানবো	6
পুরস্কারটি	6
ব্যবসায়ের	6
কারখানাতে	6
পূরনে	6
হাগ	6
ভেদাপালানিতে	6
খেলাধুলায়	6
চুক্তিপত্রটা	6
হাজারেরও	6
ফাসিতে	6
৭১৫	6
দোষীকে	6
ভ্যালিতে	6
সাহিত্যে	6
ভুলবশত	6
চলবেন	6
পুনর্জনম	6
চোখদুটো	6
পূজারী	6
তরতাজা	6
ইগোকে	6
স্টারশীপ	6
অ্যাভলোনের	6
পরিকল্পনাকারী	6
পাড়াতে	6
পুড়ে	6
পরীক্ষণ	6
মোডে	6
মিনেসোটা	6
সোমবারে	6
প্যাট্রিককে	6
মটরশুঁটি	6
ফরেভার	6
সানাই	6
বল্লা	6
দংশন	6
ভগবন্	6
আর্কের	6
পার্শ্বদেশ	6
লকারের	6
আলমা	6
ভক্তরা	6
লড়ছো	6
মহাপ্লাবন	6
আম্ব্রেলার	6
কেঁদোনা	6
প্রধানদের	6
এয়ারওয়েজের	6
ওয়্যাগনার	6
ফেটিয়ে	6
ইয়াঙ্কিরা	6
চেইস	6
অ্যাবাগ্নালি	6
মাডরিক	6
যন্ত্রে	6
মঁরিশার	6
চেকও	6
কন্টিনেন্টাল	6
শপে	6
থামতেই	6
হলিংসওয়ার্থ	6
বেড়ালে	6
ল্যানডন	6
সিমান্তে	6
ক্ষুদার্ত	6
গেমার	6
রাশি	6
তরকারী	6
প্রথমজন	6
ক্রেইনের	6
সাতরে	6
উয়ান	6
টেরেসা	6
ডাকিস	6
দশজনের	6
শিক্ষানবিস	6
ডেনির	6
নামলাম	6
অ্যাশ	6
হ্যাগেন	6
সোলোজোকে	6
জুয়ার	6
তেসিও	6
পেস্ট	6
বাইবেলটা	6
গোগো	6
ছাত্ররা	6
মাইক্রোবট	6
যাদি	6
মিত্রদের	6
অলিম্পাসের	6
ফিটফাট	6
পৃষ্টা	6
ভেংচি	6
গামোরাকে	6
গোপনীয়তা	6
ইনফিনিটি	6
দুশমনকে	6
পডে	6
ক্যারোলিন	6
পরমাণুর	6
খিচুড়ি	6
চিজি	6
আভাঃ	6
প্রয়োজনীয়তা	6
কমান্ডারকে	6
লিপিবদ্ধ	6
টুলিও	6
তুলতুলে	6
ফেউ	6
আল্লা	6
বন্দীকে	6
পাওয়ারের	6
চালাচালি	6
বাব্বাহ	6
হাউটেনের	6
ছোকরারা	6
অরণ্যে	6
ভক্তের	6
হ্যামবুর্গে	6
ডোনাট	6
প্রবৃত্ত	6
মেকানিক্যাল	6
ট্র্যাভার্স	6
গিট	6
কুরআনের	6
ফলস্বরূপ	6
সিকুরিটি	6
নিওম	6
পাল্টায়া	6
ফুলঝারিয়া	6
শুলে	6
খাচ্ছেন	6
সিগেরেট	6
বেলজিয়াম	6
নাড়াবো	6
তপস্বীকে	6
পাগড়ী	6
তপস্বীজিকে	6
থাঙ্কু	6
সেখতে	6
জগগুর	6
তাপিও	6
জেনিক	6
স্থিতিশীলতা	6
ক্যাপচার	6
নিয়োগ	6
সর্বশেষে	6
পর্জন্য	6
বাফেলো	6
অভিযোগের	6
বিভোর	6
ভূতুরে	6
ড্যারিয়াস	6
ভয়ের	6
তরবারী	6
ইওসেফ	6
কেসিং	6
ঘাবড়ানোর	6
ধরাছোঁয়ার	6
ম্যাক্সের	6
ইউরোপোলের	6
ড্রামার	6
৩০বছর	6
২০১২	6
প্রাণিবিদ্যা	6
ঠ	6
অফলাইন	6
উপ	6
টরপেডো	6
মালকিন	6
গানপাউডার	6
পেনির	6
শারম্যানাস	6
দাউ	6
সঙ্গত	6
অপ্রিয়	6
কিংসম্যানের	6
আল্লাহই	6
সবজির	6
পুশকিনের	6
বরকে	6
হেতে	6
হির্	6
সালোমান	6
ওয়াইসমান	6
ফেবের	6
লুদউইগ	6
ক্লাইন	6
স্টাইনার	6
পার্নো	6
জ্	6
লিপোয়া	6
মানাত	6
ব্লশেইন	6
তারকে	6
ধাতুকে	6
চিপা	6
কিউবার	6
দ্রব্যসামগ্রী	6
ডোরম্যান	6
ব্যাকপ্যাকে	6
টাউবার	6
খাদের	6
ছাউনি	6
ক্র্যাকো	6
হারমান	6
প্ল্যাযাও	6
ক্র্যস	6
রেজিনা	6
প্ল্যাযাওতে	6
দৌলতের	6
অন্যটার	6
বোলে	6
উফ্	6
গোয়েথের	6
খেয়ালের	6
পেফারবার্গ	6
ন্যাখা	6
ব্রিনলিৎযে	6
জিতো	6
ন্যজব্যাম	6
ফার্বর	6
রাবাই	6
ঝোলাবে	6
ট্রাস্ককে	6
পাহারাদারদের	6
ডিসট্রিকটের	6
ঝি	6
গোয়াং	6
জিঞ্জাস	6
অঙ্কিতা	6
মনাক	6
ইনগ্রাম	6
রজ্যার	6
উমারের	6
দিলেককে	6
ইয়াসিন	6
নিম্বাস	6
কগসউর্থ	6
আস্হা	6
প্লুমেটি	6
ফ্রৌফ্রৌ	6
পটস	6
ফ্রে	6
স্টার্কদের	6
ওয়াচে	6
জফরি	6
ক্যাস্টারলি	6
একফোঁটা	6
রূপাঞ্জেল	6
উমঃ	6
হোয়াটসঅ্যাপে	6
দুভভাদা	6
মহাকালের	6
টেরাফর্মিং	6
পদ্ম	6
ক্রাগলিন	6
মাইডাসের	6
ডাঙায়	6
রক্তবিন্দু	6
ব্ল্যাকবার্ড	6
নিঝুম	6
কুকুরছানাটার	6
চিউ	6
তামাশার	6
ভুগ	6
এলোকেশের	6
ভাসাব	6
ধী	6
ট্যাংকটা	6
ক্যালিভান	6
ইডেন	6
চাওয়ায়	6
জুসের	6
ডায়মন্ডস	6
মাইথিল	6
শাস্ত্রীর	6
প্রকাশকে	6
সিউন	6
বেকা	6
ডায়নাকে	6
বঙ্গানুবাদ	6
ইরামুলমোরশেদ	6
ট্যাজ	6
খাঁটিয়ে	6
এন্তোনিও	6
সঁপে	6
ওহহহহহহ	6
পশুগুলোকে	6
ধর্মান্তরিত	6
অধীনস্থ	6
ডাইনা	6
আমাজনদের	6
লুডেনডর্ফের	6
ওর‍্যাকলের	6
ধূলো	6
নায়িকার	6
প্যানকেকস	6
গুবলেট	6
আয়কর	6
তাছাড়াও	6
ভাওয়েল	6
নেভাডায়	6
ব্রেমেন	6
সাবরিনা	6
প্রচন্ডভাবে	6
ইন্টারসেপ্টর	6
ভায়া	6
কটন	6
পরমানবিক	6
কটিবন্ধ	6
উমমম	6
জিংক্স	6
মানিপেনি	6
হারমায়োনির	6
রিডল	6
রুনি	6
রুনির	6
গ্রিংগট্	6
কুইরেলের	6
হুচ	6
কোয়াফল	6
ফ্লাফির	6
ডেব্রা	6
স্যাডো	6
ফারা	6
লেমকোভা	6
এটমের	6
স্টার্করা	6
ডেইনেরিস	6
টাইউইন	6
আখলাক	6
কিংডমের	6
ড্যাথোরাকি	6
লরেস	6
মর‍্যোর	6
চিয়াং	6
প্রেতরা	6
জিয়ানকে	6
পয়সাটা	6
শর্তগুলো	6
শুস্ক	6
ম্যারিমাক	6
ব্রান	6
উইন্টারফেলের	6
ওয়াকাররা	6
দাই	6
ফাউন্টেনে	6
কনসোল	6
অ্যাঞ্জেলিকা	6
সিরিনা	6
ভাদ্রিস	6
সৌন্যদল	6
মহামান্যা	6
ওয়াট	6
খোলা	6
কিনবো৷	6
সাজান	6
গার্চেস	6
অতিথিকে	6
কস্টিগান	6
কস্টেলোকে	6
নটর	6
প্রেস্টিজ	6
বর্ডেনের	6
স্ট্যাসী	6
শ্রোতাদের	6
ডাব্লু	6
ডাসকম্ব	6
ক্রিডির	6
আ্যনিওয়ান	6
বিজলীত	6
লারৌস	6
সলিন	6
ক্রিটিকদের	6
ভাববঙ্গি	6
শিকটা	6
অসিয়তের	6
কড়কড়ে	6
লালো	6
শেফকে	6
ইঁদুরই	6
মানতাম	6
আ্যমব্রিস্টার	6
রেমি	6
ইনস্পেক্টরকে	6
গুস্তোয়	6
ক্রিসটোফারকে	6
স্টকব্রোকার	6
ক্রিসটোফারঃ	6
মাউন্টটেন	6
সুরক্ষাও	6
পারফিউমার	6
ওয়েদারবাই	6
তারকাটা	6
এক্সচেঞ্জ	6
হিরাটা	6
কনোতে	6
ম্যাগ্নেটো	6
ভালুকটা	6
ম্যাকক্যুলিখ	6
ইংরেজদের	6
ক্যালিফোর্নিয়াঃ	6
রেইনমেকার	6
মিস্টিরিয়াস	6
শনের	6
ডলির	6
কারেনিন	6
লোকটি	6
তোর	6
হোক	6
গোল	6
জোড়া	6
স্কোর	6
আলো	6
পতাকায়	6
যেগুলো	6
লোকদের	6
কোথা	6
ন্যাগরেডি	6
এগুলোকে	6
নাড়ানো	6
স্টারবোর্ড	6
পাবো	6
টুরন্ট	6
ষে	6
ফ্রেংক	6
চোষা	6
স্টু	6
ফেইজ	6
জার্ভেস	6
এন্ড্রোমিডা	6
পার্সিয়াসের	6
পসাইডনের	6
আমেরিকানো	6
জিয়া	6
পাত্রদের	6
অ্যাঙ্গাস	6
তীরন্দাজি	6
শিশি	6
থরর	6
এল্ভস	6
আবদুর	6
ল্যুসানে	6
ফ্লুরট	6
এ্যমনেশিয়া	6
মেনন	6
সামিরা	6
সম্ভাশিবা	6
এনগেজমেন্টের	6
দেবরাজ	6
আপ্নের	6
ফালাইছে	6
আফা	6
কানি	6
কুঞ্জাপা	6
কুঞ্জাপো	6
চত্রায়াভেদি	6
শাহ্	6
হোলাম	6
রিডিক	6
গর্গদের	6
হাম্বাআআ	6
কাভালেটিস	6
এলবার্ট	6
ল্যাভেন্ডারের	6
অ্যানাস্তেসিয়া	6
পেইল	6
এস্তাইল	6
র‍্যাপ্টরদের	6
লৌরি	6
লিটভিঙ্ক	6
লিটভিঙ্ককে	6
পোওয়াকা	6
নানটাকেট	6
বাঁচাতেও	6
কালখেয়ার	6
ফয়সাল	6
মাষ্টর	6
গফুর	6
আয়লাকে	6
গামজে	6
জুমা	6
মলু	6
বালানের	6
মাতৃদুগ্ধ	6
পোঁটলাকে	6
মর্সোভ	6
মুক্কামে	6
আপ্পু	6
কাঞ্চনের	6
কোঝান্দাই	6
মেসার	6
ডিয়াজের	6
ঊরি	6
কোলাকজুহিঃ	6
তোকমা	6
কোদাইকানাল	6
পভু	6
আটটি	6
আইএমএফের	6
ইলসা	6
দরজাটি	5
বসাচ্ছি	5
বস্তিতে	5
সংবিধানে	5
করোনার	5
অভিনেতাদের	5
এপার্টমেন্টের	5
তফাত	5
এজেন্সিতে	5
অনুমানের	5
তালার	5
বাল্টিমোর	5
পালায়নি	5
বাড়ান	5
ভণ্ডামি	5
সবগুলোকে	5
থাকিনি	5
নববর্ষের	5
০৫	5
উঠানো	5
বেকসুর	5
গ্রাহ্য	5
বিঘ্নিত	5
প্রসঙ্গে	5
বর্ণবাদী	5
একখানা	5
হতাশাগ্রস্ত	5
কালুয়াদের	5
ডিলার	5
কল্যাণ	5
বানামু	5
বিহিত	5
ধান্ধায়	5
চাইও	5
হেগে	5
কাজকারবার	5
বসলাম	5
ঘুরব	5
ঢালার	5
সংবিধান	5
চুলোয়	5
ভাঙল	5
আগ্রাসী	5
ছ্যাঁচড়া	5
দীর্ঘস্থায়ী	5
লিংকন	5
বজ্জাতের	5
মমি	5
খাটার	5
বুলি	5
শকুনের	5
ডের	5
প্যাঁচ	5
বইলো	5
ডোনাটের	5
পর্যালোচনা	5
বেরোনোর	5
খাচ্ছিল	5
খাওয়াচ্ছে	5
স্কোয়াডে	5
আইসিইউ	5
আধাঘন্টার	5
সতেজতা	5
প্রবৃত্তির	5
দিতাছি	5
বারবিকিউ	5
ভ্যালির	5
অনেক্ষন	5
শুক্রবারের	5
গিট্টু	5
গাচ্ছে	5
চিনতেই	5
যুদ্ধকে	5
গগলস	5
তখুনি	5
মোটেল	5
লিজেন্ড	5
খারাপি	5
হুল	5
ঠাসা	5
মহাজাতক	5
দৌড়াচ্ছ	5
ভেঙ্গেছিলাম	5
স্যামন	5
ভেজে	5
মহোদয়গন	5
সিল্কের	5
চালিও	5
বুঝতেন	5
নানুকে	5
ধন্যাবাদ	5
পুরষ্কারটা	5
মাইকে	5
রাতই	5
ফী	5
মগের	5
মুল্লুক	5
চালাতেই	5
ধুচ্ছি	5
জিতেই	5
ট্যাঙ্কে	5
অজুহাতে	5
ঐগুলো	5
আত্মত্যাগের	5
মেঝের	5
কলটি	5
শতকে	5
টিট	5
ঘটিয়েছিল	5
টনের	5
ডুববে	5
৫৬	5
করেছন	5
কেউকে	5
নটিক্যাল	5
নিঃশ্বাসও	5
বাঁচালেন	5
বাঁধবে	5
বেরুনোর	5
তাকাচ্ছিল	5
অসভ্যের	5
শুরুকরি	5
শেখনি	5
সমুদ্রযাত্রা	5
ফলস	5
ক্যাভিয়ার	5
ব্র্যান্ডি	5
অশান্তির	5
বাড়াবো	5
জোসেফিন	5
কাঁপছ	5
বন্দরের	5
মানুষকেই	5
গতিবেগ	5
ধনীদের	5
পিতলের	5
অনুগ্রহে	5
বোধশক্তি	5
প্রতিজ্ঞার	5
বাঁচিয়েছিলেন	5
মূর্তিটা	5
এশিয়ার	5
খোঁজাখুঁজি	5
সমতল	5
তাচ্ছিল্য	5
ডাকিনি	5
খুলছেনা	5
ওমরের	5
রুমেও	5
হ্যাটের	5
আ্যল্	5
কাঁদছিল	5
ওরিজিনাল	5
গডজিলা	5
এপিসোড	5
টোকিওর	5
বার্বি	5
ফ্যাক্স	5
মুর্খ	5
লুটতে	5
গ্রাভিটি	5
স্টোরিতে	5
টুথপেস্ট	5
সিঙ্গার	5
গ্যালাক্সি	5
কষ্টকে	5
সিজ	5
চেহারাতে	5
অন্যকিছুও	5
বুঝেশুনে	5
কনক্রিট	5
কিন	5
দুষ্প্রাপ্য	5
সেলিব্রেটি	5
শানদার	5
শিল্পে	5
গলদা	5
যেতনা	5
পলিশ	5
গোলার	5
অণ্ডকোষের	5
প্ল্যাস্টিক	5
সিলিন্ডার	5
অংশবিশেষ	5
ভালবেসেছে	5
বয়েজ	5
মিহি	5
ধামাকা	5
দুধগুলো	5
বোঝাবোঝি	5
লিডারদের	5
নেতিয়ে	5
সিয়ার্স	5
ফ্রাইড	5
হেডকোয়ার্টার	5
ঢের	5
ডাইরেক্ট	5
স্ক্রীনে	5
খ্রিষ্ট	5
পিনিক	5
পুরোটার	5
রাইটার	5
সহকর্মীরা	5
ধুত্তোরি	5
ধারণাটা	5
সত্যিটাই	5
অমিল	5
পরপারে	5
ক্ষয়ে	5
১৯৯৯	5
সত্তার	5
মানবপ্রজাতিকে	5
পুনঃনির্মাণ	5
জুজুৎসু	5
নিয়মকে	5
ওয়াহিদ	5
সাঈদ	5
সৌরভ	5
রিগ্যান	5
কাবাবের	5
এককোষী	5
জাম	5
বোঝাচ্ছেন	5
দেজা	5
ভ্যু	5
এরি	5
আবালটা	5
কাকতাল	5
র‍্যাংকিং	5
স্তন্যপায়ী	5
বন্দীশালা	5
ভালবাসব	5
ক্লাসমেট	5
হওয়ারই	5
বাড়িয়েছে	5
ধুরছাই	5
পড়ছেনা	5
ছোকরার	5
তাকিয়েছিল	5
অভিমানী	5
উঠেছিলাম	5
ম্যারিওন	5
মিশিগান	5
পরিবর্তনটা	5
পরিবেশটা	5
আত্নীয়	5
কাস্টমারকে	5
মাস্কটা	5
হেসেই	5
অসুবিধার	5
গ্যারাজে	5
কুইনের	5
বেইজ্জতি	5
লাশে	5
ব্যস্	5
শপিংয়ে	5
ফিরছো	5
বাঁচতো	5
অডি	5
ভোলে	5
বাড়িতেও	5
রজনী	5
পুরস্কারের	5
নেহি	5
বিপদসংকুল	5
গুন্ডামি	5
জয়গৌরি	5
শত্রুতার	5
ফকিন্নির	5
চাকুরিটা	5
শব্দগুলোর	5
জেরক্স	5
আশ্রম	5
ভামসির	5
ভামসিকে	5
এতজনকে	5
আশ্চর্য্য	5
স্ক্যামের	5
ঢুকালে	5
দুর্ভিক্ষ	5
মোগাদিশু	5
এলভিস	5
তেরো	5
টাইপিং	5
জীপ	5
ডেল্টারা	5
দলবদ্ধ	5
পরুক	5
স্টিলির	5
গানশিপের	5
বিল্ডিংটা	5
গুডলাক	5
দেশপ্রেম	5
পিলার	5
ম্যাডক্স	5
ইউরেক	5
মেডিকেলে	5
স্টিলি	5
রোটর	5
পাইলটই	5
মিছিল	5
ব্যাটালিয়ন	5
রইবে	5
হৃৎস্পন্দন	5
স্টেডিয়াম	5
পাইলটদের	5
বদলালো	5
আক্রোশ	5
লালসা	5
থাকেনি	5
পড়লো	5
ইসিলডুরের	5
অন্যায়	5
চুরুট	5
বয়ে	5
বহুদূর	5
১১১	5
অপ্রস্তুত	5
শুকিয়ে	5
রোজিকে	5
ফলন	5
শায়ারের	5
স্যামওয়াইজ	5
গ্যামজি	5
ধোঁয়া	5
তামাকের	5
দীপ্ত	5
বুঝাবো	5
ঘামাতে	5
পাইন্ট	5
রিভেন্ডেল	5
আমন	5
শ্রবণ	5
বোঝাটা	5
বাষ্প	5
বরোমির	5
পাহাড়ের	5
দৌড়াও	5
ক্ষিধে	5
বানাবার	5
বিস্ময়ের	5
বাজপাখির	5
সৌজন্যমূলক	5
ফিরেছো	5
রুপালী	5
ভাঙ্গন	5
মনেপ্রাণে	5
পূর্ণবয়স্ক	5
ছুরিগুলো	5
ছাড়িয়ে	5
ভয়ে	5
আশেপাশেও	5
আনবি	5
টেবিলটা	5
ড্র	5
জিবনেও	5
পোক্ত	5
অনভিজ্ঞ	5
ক্যাসিনোর	5
ব্রোঞ্জ	5
মারত	5
ঘুরাচ্ছি	5
বাশার	5
বুবি	5
ফেরো	5
চায়নিজ	5
ভাঙবো	5
পারমানবিক	5
কমিশনের	5
দাঁড়িয়েছ	5
তিনটাই	5
ডলারই	5
ভেরা	5
আশপাশের	5
ব্রিফকেসে	5
রাখেননি	5
কইসি	5
ডেলিভার	5
আপসেট	5
শুনোনি	5
গার্ডেরা	5
প্যাজ	5
শাওলিনের	5
শুধো	5
কুংফুকে	5
গুরুর	5
আইরন	5
গাওয়ার	5
খেলেন	5
শিখাবেন	5
দেখোনা	5
ডায়েট	5
দাদাও	5
নোনতা	5
চোরামি	5
চ্যাম্পিয়নশিপ	5
নিউরন	5
বৈশিষ্ট্যের	5
বোঝাচ্ছিলাম	5
পরিশুদ্ধ	5
করারও	5
ভেতরকার	5
নাট	5
কাশো	5
দেওয়ায়	5
চাঁদটা	5
থলের	5
রুজ	5
অনুসন্ধানী	5
খেসারত	5
প্রোফেসর	5
রোবটরা	5
খুঁত	5
ছোটার	5
কুঁকড়ে	5
কবিতায়	5
প্রতিভাবানদের	5
অনুনাদী	5
কল্পনারও	5
সর্ণা	5
মর্ত্যের	5
দেখাবার	5
জীবাশ্ম	5
দেওয়ালে	5
ইন্ধন	5
পেতেছে	5
ফেলেও	5
ভুলোনা	5
পাঠাইছে	5
হইও	5
শ্রমিকরা	5
অল্পবয়সী	5
পাটা	5
দেশেরই	5
বাকাও	5
পড়েও	5
ঈসমাইল	5
ডাক্তারও	5
পৃথক্	5
হাঁটাচলা	5
ফটোগ্রাফি	5
কালাহারি	5
কালাহারির	5
রঙে	5
বিছিয়ে	5
থলে	5
ক্ষমাপ্রার্থনা	5
ব্যস্ততা	5
বোতসোয়ানাতে	5
নায়িকাদের	5
চারজনকে	5
নেতৃত্বাধীন	5
সংঘটনের	5
মুখো	5
আন্তরিকতার	5
পেট্রোলের	5
পদদলিত	5
জ্বলছিলো	5
পরেছিলেন	5
নামাই	5
জন্তুটি	5
১৯৮০	5
জন্তুকে	5
আবেদনময়ী	5
ঘুমাতেই	5
মেরোনা	5
বানিয়েই	5
ক্ষণে	5
ভলডেমর্টকে	5
কোলের	5
এইনা	5
আরোপিত	5
ব্রায়ান	5
ম্যালফয়ের	5
ম্যাজিকাল	5
নওজোয়ানদের	5
পড়ালেখায়	5
পরবেনা	5
রীতিমত	5
অন্যসবাই	5
দুরবস্থা	5
ডাম্বলডোরও	5
বিপদকে	5
খেলবেনা	5
মেহনতের	5
ফিনিয়াস	5
কাবুতে	5
গ্র্যপি	5
আবেগি	5
স্নেইপের	5
ক্রূসিও	5
চিমনি	5
আভাদা	5
কেদাভ্রা	5
অরোর	5
সিরিয়াসের	5
অধ্যাপনা	5
মেয়েরও	5
দাওয়াই	5
বরদাস্ত	5
অযাচিত	5
খাঁজ	5
মূলধন	5
জ্ঞানে	5
সুসংগঠিত	5
জীবনকাল	5
শিখিনি	5
প্রাগৈতিহাসিক	5
১হাজার	5
তীব্রতা	5
ভূখণ্ড	5
আগেরটাই	5
গুরুত্বর	5
অনুশাসন	5
মাছির	5
পাঠ্যবই	5
রচিত	5
কাউচে	5
ঘাটতে	5
মাপতে	5
মহাজাগতিক	5
কারারুদ্ধ	5
জীবনযাত্রা	5
মনস্তাত্ত্বিক	5
কুঁজো	5
এখনিই	5
এ্যালিয়েন	5
পৌত্তলিক	5
সহজতর	5
লৌকিক	5
কেনেডির	5
খুঁটি	5
বিভ্রান্তির	5
ধাপ্পাবাজি	5
লেখি	5
গল্পটার	5
আসর	5
নয়ের	5
মার্স	5
বেকুবের	5
বছরটা	5
প্রিন্সিপালের	5
দিওয়ালী	5
নিরবে	5
শয়ে	5
নন্দকিশোর	5
আসমান	5
তিওয়ারি	5
ভোতা	5
আঁকবো	5
আটকাবেনা	5
বাঁশিও	5
ঝর্না	5
নিস্তব্ধতা	5
শুনেনা	5
উসিলা	5
চিনেনা	5
ভিঞ্চির	5
লিখত	5
শঙ্কর	5
জিওগ্রাফিক	5
রঙয়ের	5
নেয়না	5
খামারের	5
প্রাণশক্তি	5
বাচ্চারাই	5
অংশুশিরা	5
স্কুলেও	5
মেলার	5
ফ্রেন্ডস	5
৬ষ্ঠ	5
ভালবাসতেন	5
উপলক্ষ্য	5
চালালো	5
পার্শ্ববর্তী	5
আংকেলের	5
৯৮	5
পার্কারকে	5
পোঁদে	5
এম্পায়ার	5
বর্ধিত	5
তাঁরই	5
ফিরাতে	5
ইন্টারপুলের	5
গলদ	5
তৈয়ার	5
জিজ্ঞেসা	5
প্লাটফর্মে	5
কাচা	5
মারবেও	5
আটটায়	5
হয়ছিল	5
জ্যোৎস্না	5
কারু	5
বেশুমার	5
হাউ	5
উসকো	5
খুঁজা	5
পাঠাবি	5
বেচি	5
নিঃসঙ্গতার	5
পড়ছেন	5
উঠতেই	5
গাড়ীতে	5
রিমার	5
দাসত্বের	5
চাইলি	5
নাযিল	5
অনুসরণের	5
সাবস্টিটিউট	5
নর্দমার	5
ক্রনসকে	5
ব্রুনার	5
সেখনে	5
হারু	5
ইংরেজীর	5
দেবলোকে	5
প্রশংসনীয়	5
হারি	5
মুখমুখি	5
মুড়িয়ে	5
দেবতাই	5
মরনশীল	5
লোকেশনটা	5
কৈ	5
ঘন্টাও	5
সাবাই	5
কমপ্লেক্স	5
বিজেতা	5
ঢাললে	5
কেতলি	5
হীরের	5
গপ্পো	5
ম্যানহাটনের	5
উইলিয়ামের	5
ডিমক	5
সকেট	5
চালিয়েছিলো	5
শোনাবেন	5
সাদৃশ্য	5
টীমের	5
রিসিপ্ট	5
মিলছেনা	5
পাহাড়সম	5
অর্থোদ্ধার	5
ইয়াও	5
অন্যগুলোর	5
বসদের	5
ইডি	5
তারিখগুলো	5
বেনামে	5
সামলাতেই	5
উপদেশের	5
স্টার্লিং	5
সেকেণ্ডে	5
গায়েও	5
লাগালেই	5
শামস	5
থেরাপিস্ট	5
সোনামণিরা	5
উগরে	5
মারবোনা	5
কোম্পানিটা	5
আরিয়াডনি	5
ঐখান	5
ততটুকু	5
ম্যালের	5
প্রয়োজনটা	5
মেলানোর	5
হাঁটুতে	5
দায়িত্বটা	5
সামলেছি	5
ভড়কে	5
কম্বিনেশনটা	5
বদমাশগুলো	5
ব্যথাটা	5
কিকের	5
চাইছিলেন	5
পৌছার	5
হিরোইনের	5
এরিয়ায়	5
কাটাকাটির	5
অর্ধেকে	5
কিনলাম	5
চমৎকারভাবে	5
শিকের	5
নথিপত্র	5
সমূদ্রে	5
পিপড়া	5
মামনিকে	5
স্বর্নের	5
রুচির	5
এস্টেটের	5
ইয়ারের	5
দেশীয়	5
ক্যানসেল	5
পাবোই	5
প্রার্থনাই	5
অন্নেক	5
বড়ই	5
একদন	5
কত্তো	5
প্রতিবেশি	5
পঁচাত্তর	5
লাগেজ	5
প্রথার	5
ঘুরছিলাম	5
নিলা	5
কাজটাকে	5
বৈবাহিক	5
ফোনগুলো	5
মুরগিটা	5
আইরিশরা	5
ছোরা	5
কেইসটা	5
আত্মীয়দের	5
একরোখা	5
সূত্রের	5
তুললাম	5
ক্যানেল	5
মংকফোর্ড	5
কাহিনীতে	5
বোমাবাজি	5
স্বরাষ্ট্রমন্ত্রী	5
থাবায়	5
দেখামাত্র	5
মাস্টারপিস	5
শ্বাসরুদ্ধ	5
মাস্টারকে	5
এলেক্সের	5
জানেননা	5
১১টা	5
সুপারনোভা	5
মাইক্রফটের	5
হ্যানিবাল	5
সাইকোলজি	5
নিহতের	5
গ্রানাইট	5
কিউম	5
উপকূলীয়	5
শোধনাগার	5
পোলিও	5
পরিবারকেও	5
ছাপের	5
একেও	5
পোস্টমর্টেম	5
ডেকেছিলেন	5
সাক্ষীদের	5
ভোলার	5
সঙ্গম	5
কারাবন্দী	5
প্রশ্নবিদ্ধ	5
কোষে	5
মহাকাল	5
দুয়ার	5
উপশম	5
আসতেও	5
বেড়	5
চিরস্থায়ী	5
ভীতরে	5
আমা	5
এসছে	5
ন্যায়পরায়ণ	5
মন্ত্রটা	5
রাইজিং	5
মামুরা	5
এন্টিক	5
প্রেমী	5
ক্যালমা	5
শক্তিটা	5
পটকা	5
হটতে	5
ম্যাক্সিম	5
লাইব্রেরী	5
খুইয়ে	5
ডাকছিল	5
মহিলাটাই	5
ভালোবেসেছিলাম	5
নহে	5
হালে	5
গেছোস	5
সময়টাকে	5
লাইলা	5
টেসলার	5
শিল্পীর	5
দূর্ঘটনার	5
মাগীর	5
হারাচ্ছো	5
মাগীটাকে	5
পেশাজীবী	5
ট্রান্সমিট	5
মন্দীভূত	5
সার্বিয়ান	5
খানকি	5
কানটা	5
বাড়িটাই	5
আজ্ঞা	5
অজস্র	5
আনিতা	5
তাদেরতো	5
এম্নে	5
স্বাধীনতাকে	5
জোঁক	5
খেয়েও	5
তেঁতো	5
ভাড়াটে	5
উড়ায়	5
গালাগালি	5
নড়লেই	5
আক্রমনাত্মক	5
পাইছিস	5
চরণে	5
ডেকেছিলে	5
টেলমার	5
ঝাটকা	5
স্লেভ	5
লর্ডরা	5
মটকাবো	5
জুটেছে	5
অস্তিত্বকে	5
তারাকে	5
উদ্যোগী	5
নিতেও	5
এনাদের	5
বিষয়ক	5
নিষ্প্রাণ	5
সাহেল	5
নিষ্করুণ	5
ব্যায়াম	5
পেটানো	5
সমন্বয়	5
বৃত্তি	5
বুশ	5
পুনর্বাসন	5
ব্যবসায়ীরা	5
চালনার	5
অবিশ্বাস্যভাবে	5
প্রখর	5
দর্শনের	5
আনয়ন	5
সম্প্রসারণ	5
ধার্মিকতা	5
উপস্থাপনের	5
বিলিং	5
রেখনা	5
গানই	5
রাতও	5
অন্যসবার	5
মানবেনা	5
চেয়ারের	5
চালাবেন	5
হৃদয়ে	5
বাঁচাবেন	5
ইউনিফর্মে	5
পর্যবেক্ষক	5
কসিমনো	5
ক্লায়েন্ট	5
থিসিস	5
মোটু	5
এন্টোনিও	5
নাৎসি	5
অপদস্থ	5
চোষক	5
কর্ণ	5
সিন্ধান্ত	5
গুনতেই	5
পছন্দটা	5
করালো	5
রিচি	5
রক্সেনা	5
গম্বুজ	5
আহহহ	5
খারাপদের	5
শূন্যস্থান	5
অসুখী	5
প্রলুব্ধকর	5
বেসম্ভব	5
হাহাহা	5
ছুঁড়তে	5
জানোয়ারকে	5
পড়ছিলে	5
টাডা	5
ইশশ	5
মেনেই	5
গৌরবময়	5
চ	5
বাড়িই	5
জেডি	5
কুইনকে	5
লাইটগুলো	5
কনফিউস	5
পুনর্জীবিত	5
ব্রেইনে	5
কইত্তে	5
এক্ষনি	5
বাড়ালে	5
মহিউদ্দিন	5
উশু	5
প্লাটুনের	5
পেয়ালা	5
জিনিসগুলোই	5
রপ্ত	5
জানালাম	5
শুনতো	5
বিকৃতি	5
উদ্ধারে	5
নাদান	5
ভিত্রে	5
চ্যালেঞ্জার	5
বিতাড়িত	5
লোকটিই	5
কিলারের	5
চিন্তারও	5
ঠোঁটটা	5
ভায়োলিন	5
অপছন্দের	5
ইঞ্জিনিয়ারকে	5
ডনোভান	5
একঘেঁয়ে	5
নিচেও	5
গোড়ালিতে	5
জন্মশত্রু	5
সমস্যাটাই	5
ফোনটাও	5
নর্দাম্বারল্যান্ড	5
সম্ভাবনাই	5
দূরত্বের	5
খাটানো	5
অ্যাড্রেস	5
ক্যাবি	5
ওয়েবসাইটের	5
খেলেই	5
গোনায়	5
উগ্র	5
ফরচুন	5
মিস্টেক	5
একটিভ	5
যুদ্ধারা	5
রাখতেন	5
লিগ্যাল	5
অপসারন	5
ত্রান	5
লড়েছেন	5
অপূর্ণ	5
উসকে	5
গুলাকে	5
সরবরাহকারী	5
পোর্টালের	5
পৌঁছেছ	5
সিউলের	5
ক্যাপসুলে	5
প্রেসক্রিপশন	5
পেয়েছিলি	5
বুঝোনি	5
জিতল	5
ব্যাথায়	5
গড়ায়	5
কাটালে	5
গোছের	5
চাইছিস	5
আসোলে	5
খাটতে	5
পরাভূত	5
লাগাস	5
মুখরোচক	5
বাঁচবি	5
বলপ্রয়োগ	5
ধন্যবাদান্তেঃ	5
ফেসবুকেঃ	5
বেদুইন	5
জগতটাকে	5
ইবেলিনের	5
ইতালীয়	5
পুঁজ	5
বয়সটা	5
চেতনার	5
রেশম	5
খ্রিস্টানদের	5
খানেকের	5
ইবেলিন	5
যিশুকে	5
পবিত্রতা	5
তথাপি	5
যেগুলি	5
রেশমি	5
মনঃস্থির	5
গাইয়ের	5
জেরুজালেমকে	5
কুলপতি	5
মুসলমানরা	5
দোষীদের	5
অর্পিত	5
তোমারদের	5
বাকেট	5
স্বচক্ষে	5
চকলেটটা	5
মতোও	5
সুপারী	5
মোড়ক	5
ছাড়লাম	5
বিক্রিও	5
অতিথিবৃন্দ	5
যথাসময়ে	5
লোম্পা	5
লোম্পাদের	5
লোম্পারা	5
বেরীর	5
খেয়েছিলেন	5
কির	5
হ্যামস্টার	5
জেদী	5
আদরে	5
ট্যাফি	5
বাড়িটাতে	5
ঘুমোচ্ছে	5
রেললাইন	5
পৌঁছাবো	5
থেকোনা	5
বাচ্চারে	5
ওয়্যারলেস	5
দৌড়ালে	5
হাতেও	5
গুনাহ	5
জামাইয়ের	5
জমিজমার	5
কমিকস	5
করালি	5
থামতো	5
অকাতরে	5
বসছি	5
বউটা	5
যাসনি	5
ততোটাই	5
সমবেত	5
লয়	5
ক্ষণস্থায়ী	5
বিঁধে	5
কল্পনাই	5
খেকো	5
কমান	5
লেন্স	5
পরিণতির	5
তেলাপোকাদের	5
পশুটি	5
মেহমানদারী	5
ক্রাউচ	5
আ্যলেস্টর	5
ডেলাকৌর	5
ছেলেকেই	5
ভুলভাবে	5
মানেনা	5
চললেই	5
দুশমনের	5
ওরকমভাবে	5
গিলিউইড	5
কাপকে	5
টিকা	5
অস্বাস্থ্যকর	5
ক্রাইসলার	5
ফুসারা	5
এট্যাক	5
গুসি	5
বৃটেনে	5
তারমত	5
ছিলামনা	5
জঙ্গলটা	5
আছেতো	5
একসপ্তাহ	5
আদমের	5
বাচানো	5
সুড়ঙ্গে	5
কামড়ের	5
শেখোনি	5
ডাইনীটার	5
জ্ঞ্যান	5
বাং	5
সিড়ির	5
ডায়াল	5
ম্যানেজমেন্ট	5
বেশীর	5
থাক্	5
অস্রের	5
মিসড	5
ছলচাতুরি	5
ড্যস	5
ভ্রষ্ট	5
শুধরানো	5
ঝটকা	5
সন্ধার	5
এইসবকিছু	5
মালিকানায়	5
হিংসায়	5
গায়বে	5
কাটবেনা	5
নিচ্ছিলে	5
রোমাঞ্চের	5
লোকদেখানো	5
মিটিয়েছি	5
মেশাতে	5
বানাইসে	5
উনিতো	5
টর্পেডো	5
খুইল্লা	5
উঠানের	5
বুইঝা	5
আসছোস	5
থামরে	5
সম্মানীয়	5
পইড়া	5
কুসিমানো	5
রটে	5
লুইচ্চা	5
সুতার	5
আবৃত্তি	5
খুইজা	5
হইতেসে	5
ফাঁসানো	5
লিখছো	5
মারছিলাম	5
ইমার্জেন্সী	5
তারছিঁড়া	5
টারজান	5
প্রতেক	5
ক্যাডিলাক	5
কামলা	5
তল্পিতল্পা	5
গুঁটিয়ে	5
পলিকে	5
দুর্বিষহ	5
বান্ধবীদের	5
চেলা	5
টেইলরের	5
সুধী	5
নিইনি	5
কৃষকের	5
ছুঁলে	5
গালিগালাজ	5
ব্যাটস	5
কামিয়েছে	5
শ্বেতাঙ্গ	5
সেরাতে	5
জেনিস	5
পিটিয়েছি	5
সসটা	5
রেজিস্টারে	5
প্যারোলে	5
লাউঞ্জে	5
আকর্ষণের	5
বান্ডিল	5
আনোনি	5
চটি	5
গাবো	5
হেলিকপ্টারটা	5
বন্দুকগুলো	5
নাড়াচ্ছি	5
নাম্বারও	5
কোলাহল	5
ভাড়াও	5
প্রোটেকশন	5
টেলিফোনে	5
গহনা	5
জামাকাপড়	5
সহিংস	5
নিপীড়ন	5
এড়ানো	5
ভিত্তিহীন	5
পাচ্ছো	5
আতংকে	5
যাচ্ছো	5
ব্যথাই	5
পারছো	5
অবস্থানটা	5
কিলারদের	5
বিলকে	5
জেনারেশনের	5
রেফারেন্স	5
অ্যানাগ্রাম	5
মন্দা	5
স্পষ্টই	5
সাক্ষ্যপ্রমাণ	5
এটুকোই	5
ট্রান্সমিশনের	5
ব্লাউজ	5
তীব্রভাবে	5
ট্র্যান্সফার	5
জন্স	5
বদমাইশটা	5
চারিত্রিক	5
শিকাগোতে	5
ব্যাংককে	5
অ্যালাম	5
বাশির	5
চেঁচামিচির	5
অ্যামেরিকানের	5
বাবাঃ	5
স্টিমার	5
ইস্তাম্বুল	5
অনুপ্রেরনা	5
কিনেছেন	5
মনিকের	5
ফ্রেঞ্চদের	5
ক্যালার	5
নুড়ি	5
যেকেউই	5
গাইছিল	5
হারায়নি	5
বাজাচ্ছ	5
আব্দুল	5
আসসালাম	5
মাইনগুলো	5
ভবিষ্যতবাণী	5
করিম	5
এগ্রিন	5
কেরোসিন	5
৩৫০০	5
বাইকটি	5
শহরটি	5
এনেছিলে	5
ঘটতেছে	5
অভিভুত	5
বোকাদের	5
অসামান্য	5
নাইটরা	5
বেপারে	5
ছাড়পত্র	5
পুর্বের	5
ছাড়বি	5
মারলিন	5
আগমনে	5
পুর্বদিকে	5
নড়লে	5
সার্বজনীন	5
সেল্ফ	5
বাসযোগ্য	5
খুজুন	5
উপাস্যদের	5
বিলাসিতা	5
কালচার	5
ইতালীয়	5
রামাদা	5
হতাহত	5
হানাহানিতে	5
মাদ্রিদ	5
প্যাঁচের	5
ইন্টার্ভিউ	5
ছাগলটা	5
বেজার	5
হিউগো	5
রোমানিয়াতে	5
জবাবের	5
ছেলেরাই	5
ব্যাজটা	5
খবার	5
পাঞ্জা	5
আর্ন	5
পৌনে	5
বইলেন	5
টমকে	5
ডিভাইনেশন	5
বাকবিককে	5
পমফ্রে	5
পাঠাত	5
মামুর	5
হয়রানির	5
যবে	5
কুঠরিতে	5
সন্দিহান	5
পারলনা	5
কতকিছু	5
প্লেনগুলো	5
এয়ারপ্লেন	5
বার্গ	5
খুলছেন	5
লেডির	5
মোহনীয়	5
রেকর্ডও	5
অগ্রদূত	5
ফটোগ্রাফির	5
উৎপাত	5
ফ্লায়িং	5
জীবিকার	5
বেট	5
বাটিতে	5
গ্রিজ	5
তোমা	5
ডোমার্গ	5
ভালোবাসিনা	5
কমাচ্ছি	5
তিনগুণ	5
ফাঁপা	5
কোম্পানিই	5
শেয়ারহোল্ডাররা	5
ঘুরানোর	5
রক্ষণাবেক্ষণের	5
পাওয়ারে	5
বন্ধুকেও	5
ভুলোমনা	5
রাখলেন	5
অ্যালবাম	5
ওয়াশরুম	5
ঘৃণায়	5
মাপার	5
জাহিদ	5
দেখছস	5
৯টা	5
সারানোর	5
সর্বনাশা	5
খেপে	5
ভাইজানের	5
নাচার	5
দেখায়নি	5
পুকুর	5
ধুত্তোর	5
মনও	5
মূলমন্ত্র	5
পাল্টাবো	5
অজানার	5
ল্যান্ডে	5
দাগও	5
সমাপ্তিটা	5
টেরেন্স	5
প্রসারণ	5
গোয়েন্দাকে	5
প্রত্যেকটার	5
নামিয়েছে	5
কাইত	5
উন্মাদদের	5
গোলমালের	5
নেয়ায়	5
ল্যারির	5
ডিউককে	5
ওইপাশে	5
খরিদ	5
হ্যাল্লো	5
ইনভেস্টিগেশন	5
ম্যানচেস্টার	5
ভবনটা	5
অমনটা	5
পর্তুগিজ	5
পাঠের	5
ধরতাম	5
পৌছালে	5
বাহমা	5
মেটাবে	5
গোরস্থানে	5
দ্বাসত্ব	5
ভাবসো	5
করিয়েছো	5
আদায়ের	5
এগিয়েছে	5
নায়িকার	5
লটারী	5
ছাড়ঁ	5
রিজেক্ট	5
ফ্রেডের	5
বাড়িয়েছি	5
ছেলেকেও	5
লিগে	5
গুগলে	5
ফোনই	5
দেখাবি	5
জ্যামের	5
পান্ডু	5
ধরছো	5
চাপাতে	5
মানবো	5
শাস্তিটা	5
কাজেও	5
দেতো	5
সবটুকুই	5
বিষয়টাকে	5
পছন্দে	5
গাড়িটাও	5
দেখিতো	5
কোটা	5
ভালোবাসলে	5
হেনরিক	5
ইয়েলো	5
সারাবছর	5
মাছগুলো	5
হীজ	5
রাগটা	5
টয়েন	5
ঘটতো	5
ব্যবস্থাও	5
ওয়ালের	5
প্রতিপত্তি	5
দেলে	5
অঙ্গপ্রত্যঙ্গ	5
ওয়ার্কশপে	5
পট্	5
সেলসিয়াস	5
উদ্ভিদবিজ্ঞানী	5
লাগাবেনা	5
মেরামতকারী	5
সুপারভাইজার	5
সদের	5
চাদ	5
দোস্তদের	5
নাৎসিদের	5
প্রোডাক্ট	5
রিবুট	5
বাঘে	5
ব্যাং	5
রাত্রের	5
চালাতো	5
চিনিই	5
বাতিলের	5
শোনো	5
বুদ্ধিহীন	5
উঠছো	5
মিষ্টিওয়ালা	5
টুইটার	5
পাইছোস	5
কিডনাপ	5
পেরিয়া	5
দাড়াই	5
পলানোর	5
ইজ্জতের	5
শ্রীলংকা	5
দেখায়া	5
হেলপ	5
তাকালো	5
আকাশটা	5
বানায়া	5
সিজন	5
তিতা	5
মার্কস	5
রেখায়	5
ইথারকে	5
কয়েদীখানায়	5
হোগান	5
ভাটা	5
গর্বে	5
ওডিন	5
সয়ে	5
সংগম	5
জেনের	5
বিনম্র	5
মুচড়িয়ে	5
উইকিপিডিয়া	5
কংক্রিটের	5
সমন্বয়ে	5
কাটান	5
মাইরেন	5
অ্যালার্মটা	5
পাকিয়ো	5
সংশোধনী	5
সময়মতই	5
সদস্যকে	5
ত্যাগের	5
পাঠাচ্ছ	5
ছোটাছুটি	5
সৈন্যদলের	5
লাইনেই	5
জ্যাভেলিন	5
মেয়েকেও	5
ম্যান্টল	5
কইছিলো	5
পশুটাকে	5
ধনবাদ	5
যাদুকরের	5
উপস্থাপক	5
ক্ষমতাশীল	5
হাটাও	5
কাবার	5
পরছ	5
মহারাজার	5
দজ্জাল	5
যাদুকরই	5
গেসি	5
অভ্যন্তরীন	5
ডাইনিটাকে	5
হননি	5
পরিত্রান	5
টুকরোটা	5
ত্রিভুজ	5
হুই	5
প্রিয়জন	5
যেখানকার	5
খড়ের	5
হেরাল্ড	5
অহহ	5
আঁটসাঁট	5
বাচ্চাকাচ্চার	5
বার্গারের	5
এস্পেন	5
নরওয়েজিয়ান	5
ফ্র‍্যাঙ্কেল	5
দুমুখো	5
মরেছ	5
ক্যাম্পকে	5
কথক	5
বিনয়ের	5
দেবতাদেরও	5
সন্তানই	5
পলিফিউমাস	5
পার্শ্বপ্রতিক্রিয়া	5
স্বর্ণমুদ্রা	5
কোমরবন্ধ	5
লুককে	5
ইন্ডাস্ট্রির	5
চুলও	5
রেগেই	5
অভিমুখে	5
হাঙর	5
সার্সি	5
সুক্ষ	5
বন্ধি	5
অবশেষ	5
ঘুড়ে	5
পাগলে	5
পাচ্ছিলে	5
মুকুটটা	5
ব্রাজিলে	5
ব্যাঁ	5
হইলেই	5
রংটা	5
স্টেডি	5
টরেটোকে	5
পুটকির	5
আউন্স	5
হাতকড়ি	5
বলবিনা	5
ছে	5
পৃথিবীও	5
বিশ্বকাপ	5
অনুষ্ঠানটা	5
গাইব	5
বহুমূল্য	5
প্রিয়জনের	5
তোলা	5
হান্টিং	5
অ্যাসিড	5
থিংস	5
বেদনাদায়ক	5
হৃদয়স্পর্শী	5
কাউন্টি	5
হারিয়েছেন	5
ছাড়ুন	5
পৌঁছাল	5
জালিয়াতি	5
ব্যভিচার	5
১৮ই	5
দয়ে	5
এতীম	5
কাচি	5
সিগন্যালই	5
কেসটাকে	5
অসম্মতি	5
ক্ষতিও	5
ট্রায়ালের	5
বাৎসরিক	5
ফিলিপাইন	5
নরছে	5
ডুয়ার্ফের	5
ডুয়ার্ফদের	5
পর্বতমালার	5
তাঁরার	5
ট্যরিয়েল	5
দুশমনরা	5
ব্যাপারী	5
বেইন	5
ঘাপটি	5
মারলেই	5
সুঘ্রাণ	5
মুড়ির	5
ক্রিপ্টনকে	5
কানাডার	5
পাঁজি	5
হাঁসি	5
পতঙ্গের	5
ম্যানড্রেক	5
বাপারে	5
নতুনদের	5
বাড়ে	5
খসড়া	5
বোকচন্দর	5
ক্যাটরিনার	5
সমাধিগৃহ	5
আঁকুন	5
বিন্দুতে	5
ঝুলিতে	5
দুর্ভোগ	5
২০১৪	5
অইখানে	5
ফলাফলের	5
খুজি	5
ক্ষয়ক্ষতির	5
আছতো	5
আম্ম	5
করতাছ	5
কানেক্টেড	5
এরহান	5
১৩০০	5
ওস্তাদের	5
ছোটকালে	5
ঝরণা	5
ঝিমঝিম	5
ফেনা	5
চিকিৎসায়	5
বকাবকি	5
করণীয়	5
ইসা	5
আগায়	5
সাইন্টিফিক	5
এতোটুকু	5
কুফুরির	5
ভ্রুণের	5
বাদশা	5
ওয়েব	5
পাপে	5
যাহুরিয়াশ	5
মেরেছিলেন	5
তাকিয়েছি	5
ইঞ্জিনিয়াররা	5
হাটার	5
দৃশ্যপট	5
সিদ্ধান্তই	5
বিচ্ছিন্নকরণ	5
নয়টার	5
সাতটার	5
ঘুরলে	5
সূর্যটাকে	5
অসধারন	5
ঝেরে	5
বাদক	5
অদেখা	5
আন্তর্জাতিকভাবে	5
মজুরির	5
সপ্তাহটা	5
টাহা	5
হাছা	5
নাবিকের	5
শ্যাষ	5
যথার্থভাবে	5
ওঠান	5
আপনেরা	5
ফিটের	5
তাহারা	5
২৯৫	5
করিয়ো	5
উদ্বেগটা	5
ফারাওদের	5
পরিপুর্ন	5
আঁধারে	5
নপুংসক	5
বেতের	5
মাস্টারদের	5
ফকিন্নি	5
বেয়াদপ	5
অপকর্মের	5
খুশিমতো	5
অবর্ণনীয়	5
জিবনের	5
জ্যানেট	5
ব্রুকলিনে	5
আরাধ্য	5
ওয়াইল্ডার	5
প্রত্যক্ষদর্শীর	5
আকর্ষনের	5
প্রাতিষ্ঠানিক	5
সর্দারেরা	5
থামলেন	5
লায়োনেল	5
শ্রাইকের	5
বসতো	5
স্বাক্ষরের	5
প্রদর্শনীতে	5
বিপথগামী	5
ব্যাখ্যার	5
পরিয়েছে	5
বোঝান	5
১৪৪	5
অগো	5
কুটি	5
নিয়োগপ্রাপ্ত	5
প্রবেশপথে	5
সরিয়েছি	5
জাম্পস্যুট	5
গোল্ডমুনকে	5
আবালচোদা	5
মস্তি	5
মেয়েমানুষের	5
তেড়িবেড়ি	5
উকিলরা	5
ঘেঁটু	5
হেনেছে	5
কনিষ্ঠ	5
বংস	5
জ্বলা	5
গদি	5
তোমারটাও	5
পু	5
চায়নাকে	5
নাগর	5
কয়টার	5
আউটগোয়িং	5
নারায়ণ	5
টেরোরিস্টকে	5
হার্টে	5
রিমান্ডে	5
সম্মানটা	5
অস্ত্রপাতি	5
মদও	5
মেডিক্যালে	5
গেটটা	5
পরিস্থিতে	5
কাপিয়ে	5
নায়িকাকে	5
পড়োনি	5
চটকদার	5
পীড়া	5
পৃষ্ঠাটা	5
খাকি	5
মনস্থির	5
অ্যাওয়ার্ডটা	5
সত্যিকারভাবে	5
কমিশনারকে	5
কোচি	5
দুর্গন্ধে	5
ঘরটার	5
টায়	5
স্কার্ফ	5
কোরিয়ার	5
আয়া	5
স্বতন্ত্র	5
তাড়ার	5
কনটেন্ট	5
২১৩	5
চেয়েছিল	5
বেড়ালাম	5
স্যামুয়েল	5
ডিজিট	5
চার্লিকে	5
ইবিকে	5
৭ম	5
লাশও	5
জেসির	5
বাধ্যবাধকতা	5
চূড়া	5
ক্যাফের	5
সংঘবদ্ধ	5
কামাব	5
একগুঁয়ে	5
ম্যানর	5
দেড়টা	5
ফান্ডের	5
হওনা	5
মারনি	5
ডিব্	5
রাডারের	5
জুলুমের	5
সংগ্রহকারী	5
ইমপ্রেস	5
অবগতির	5
ভাঙ্গব	5
যেকন	5
আটকাই	5
পেন্টের	5
সৈন্যকে	5
হেইল	5
দুলি	5
কাপর	5
এলশা	5
শ্রমিকেরা	5
মার্চে	5
আথোস	5
আআআ	5
ভিক্ষে	5
পুলটা	5
লাইফে	5
কর্জ	5
পাইলা	5
অ্যান্সার	5
টেন্ডুলকার	5
শিখিয়েছিলাম	5
সেন্টারের	5
ফিলিস	5
পথও	5
নবম	5
অপেক্ষাতেই	5
তাকাওনি	5
অসভ্যদের	5
বসাবো	5
গনণা	5
আক্রমনে	5
নিস্ফল	5
ধন্যি	5
ঘোড়সওয়ার	5
এক্সিয়ম	5
লন্ড্রির	5
লেডিজ	5
চাষাবাদ	5
পাহাড়চূড়ায়	5
বীজকে	5
দাগটা	5
ব্রিডিং	5
মানুষরাই	5
পঙ্খিরাজ	5
জিনিষের	5
দুধভাত	5
ভাংবে	5
ব্রনসন	5
বাঘকে	5
স্টান্ট	5
কালোর	5
ফোঁটাও	5
গুণবে	5
আগ্রহে	5
উড়েছি	5
বাড়িকে	5
স্নাইপারের	5
পিঠটা	5
হাঁটতেও	5
ইহ	5
সুরের	5
বালকটাকে	5
তোতলাবে	5
কোটির	5
ঠুনকো	5
মাইলখানেক	5
নেকড়েটা	5
হাঙ্গরের	5
বিতরন	5
মরুভুমি	5
তুখোড়	5
ইম্পালা	5
সামর্থ	5
চার্লিঃ	5
বৃষ্টিকে	5
কাঁতর	5
তেজস্ক্রিয়	5
তাত্ত্বিকভাবে	5
ম্যাসিভ	5
ফক্সে	5
কণ্ঠঃ	5
বাঁচিয়েছিলে	5
মানবাধিকার	5
ঐতিহ্যগতভাবে	5
উত্থিত	5
গৃহপালিত	5
লিবারেশন	5
সভাপতি	5
ঘুঘু	5
সংসদ	5
অটলভাবে	5
শিক্ষাবিদ	5
সংস্কারের	5
স্পিঙ্ক	5
বিলাই	5
বিড়ালটাকে	5
টিউলিপের	5
যথেষ্টই	5
অনেকগুলা	5
চিমনির	5
দিলবার	5
কোমলতা	5
ঘটনাগুলি	5
বিচ্যুত	5
আয়ন	5
এন্টিমেটার	5
চিত্রকর	5
অলিভেটি	5
চার্চকে	5
ধর্মগুরুর	5
জেনেভা	5
শেষেই	5
হাভার্ড	5
ঠেকানোর	5
পৃথিবীই	5
অগ্নির	5
বেরোবে	5
মিনিটেরও	5
সহনীয়	5
ছুঁড়েছে	5
ব্যাথ্যা	5
বুদ	5
নচেৎ	5
হাসবেন	5
অচেনাদের	5
আগাগোড়া	5
উহহ	5
স্বচ্ছন্দ	5
পরিচয়ে	5
দুর্গটি	5
এগিয়েছি	5
ফেলোনা	5
ফুটেজটা	5
করনীয়	5
ভাগার	5
উউউউ	5
প্যান্টটা	5
ঘুড়ির	5
ইঞ্জিনিয়ারের	5
এইসময়	5
যেগুলোকে	5
তাপমাত্রায়	5
তুলিস	5
অন্ধভাবে	5
লবো	5
ভবিষৎ	5
থামনা	5
খুউব	5
দিল্লীতে	5
বিয়েই	5
মহাপুরুষ	5
পড়াশোনায়	5
লাইব্রেরিয়ান	5
দেশেই	5
কমোড	5
করছিসটা	5
পিয়াকে	5
ধিক্কার	5
শ্যামল	5
জাপানীরা	5
ভাইয়াকে	5
দিদির	5
ফুটবলার	5
ছোটে	5
দাড়াবে	5
গজনী	5
চূর্ণবিচূর্ণ	5
বিড়ম্বনায়	5
বেঁড়ে	5
ঠিকনা	5
গঙ্গা	5
কুপিয়ে	5
কুকুরও	5
ফুলটা	5
ভালবাসাকে	5
কষ্টই	5
টুকুই	5
কমান্ডে	5
টেপে	5
ভালও	5
বিল্ডার	5
এ্যালবাম	5
বুড়িটাকে	5
গালা	5
সাঞ্চেজ	5
ভোলানো	5
ড্রয়ার	5
লক্ষীটি	5
কফিই	5
গলাটা	5
ড্রেনের	5
উত্তেজনাটা	5
অল্পবয়স্ক	5
প্রতিক্রিয়ার	5
দুষিত	5
গ্রামটিতে	5
দুঃসাধ্য	5
ব্যক্তিসত্তা	5
চালাঘর	5
সংযোগটা	5
রঙ্গীন	5
বহিরাগতরা	5
গোত্রকে	5
শাটলে	5
উন্নতিতে	5
সর্বব্যাপী	5
শর্তও	5
বিশ্বাসঘাতকরা	5
লোকজনেরা	5
তির	5
থামালেই	5
হানার	5
আর্ম	5
সার্জারিতে	5
অপেরায়	5
আডলার	5
জলপাই	5
ডক্টরকে	5
থিওরির	5
কারুকাজ	5
পুরোহিতের	5
ব্রেস	5
ডিভাইসটা	5
বেতার	5
নিবা	5
মঙ্গলকর	5
পালিয়েছিলাম	5
সাজাবে	5
ফার্মটা	5
সিলেক্ট	5
বলয়	5
নেমন্তন্ন	5
কুলিং	5
প্রাণিদের	5
উনারই	5
লিস্টটা	5
রামা	5
হাঁসে	5
দুটোতে	5
মিনিটই	5
রাক্ষসী	5
বরংচ	5
সময়ঃ	5
রাবণের	5
শটে	5
ডাকুক	5
পাল্টিয়ে	5
রাগও	5
ডোন্ট	5
ক্যাটারিং	5
মরবেন	5
অন্যজনকে	5
পজেটিভ	5
খাবা	5
ফিল্ডের	5
কানাডায়	5
দ্বৈত	5
লেনে	5
বেবির	5
প্রাপ্তবয়স্ক	5
হ্যানকক	5
এলাবামার	5
গেলনা	5
ভিভিয়ান	5
আনারস	5
পেয়না	5
উলের	5
পার্টনারশিপ	5
ঘুরিয়েছে	5
তুর্কি	5
টাইমস	5
বাদিকে	5
ফরেস্টের	5
মাকেও	5
ঘুমাতাম	5
কুয়েন্টিন	5
ভোটকা	5
এরাম	5
ডুফ্রেইনের	5
সবাইঃ	5
আজাদ	5
জেইক	5
সিস্টার্সরা	5
চোমরা	5
পাঠাগার	5
চাইতেই	5
অকারণে	5
বাজাতাম	5
স্টিভেনসন	5
ঘামাচ্ছি	5
ভাবীকে	5
একনিষ্ঠ	5
ব্রুক	5
পেরোতে	5
টেস্টটি	5
ভিনসেন্টকে	5
প্যাসেজ	5
অবরুদ্ধ	5
বামদিকের	5
জ্যাকর	5
্যাবিট	5
মিল্ক	5
জোকগুলো	5
মারসেলাসকে	5
বৃদ্ধরা	5
নার্সরা	5
কিনেছিলেন	5
সমুদ্রপথে	5
বিজয়ী	5
খজনক	5
কুত্তাকে	5
আয়নাতে	5
মানুষটির	5
মেনার্ড	5
হ্যান্ডল	5
কফিটা	5
উইনসটন	5
ট্রাঙ্কে	5
সাজিয়েছি	5
ঘেলু	5
নিয়ন্ত্রণে	5
নিষ্ক্রিয়	5
গাড়িতে	5
ব্রিফক্রেস	5
শোয়া	5
দ্বীপপুঞ্জে	5
ব্যাগগুলি	5
অনুষদ	5
যুগিয়েছিল	5
অঙ্গীকারবদ্ধ	5
পাঠোদ্ধার	5
মৃত্যুতেও	5
হিরোগিরি	5
বর্তাবে	5
পার্ফেক্ট	5
লক্	5
বাকির	5
রফাদফা	5
হার্ডওয়্যার	5
লঞ্চের	5
এনক্রিপশন	5
টার্গেটিং	5
বিউক্যানান	5
টুইন্সের	5
সুপারহিরোদের	5
সমর্থনে	5
ইজারা	5
একঘরে	5
পলাতককে	5
জাতিসংঘে	5
উৎসটা	5
কুইন্স	5
ট্রেইলার	5
বাঁধাতে	5
লেগেছো	5
১৮টা	5
হারতেই	5
টপকাতে	5
থামছো	5
সিগনেচার	5
হাদারাম	5
ছুড়ো	5
বলতেছেন	5
মালে	5
ইয়াঙ্কিসের	5
রিতা	5
অলাইন	5
ছেলেপেলে	5
খনিতে	5
মৃতপ্রায়	5
বাধাহীন	5
জারে	5
চেনোনা	5
রগচটা	5
অ্যাপ্লিকেশন	5
দুর্নীতির	5
গ্রীনের	5
মানাইছে	5
টর্চার	5
এন্থনি	5
এসপিন	5
হরমোন	5
গাড়িগুলোর	5
বাক্সগুলো	5
ফতে	5
ঘটিয়েছ	5
ক্যারি	5
চালানর	5
বস্টনে	5
বলেছিলা	5
সম্মেলনে	5
মেলবিনের	5
রাজিব	5
মিথ্যের	5
পৌছেছে	5
এসিপি	5
রেড্ডির	5
রেজিস্ট্রার	5
হাহহাআহাহা	5
কারগিল	5
বিধায়কদের	5
চড়ান	5
পদক্ষেপগুলো	5
শীটার	5
উত্পাদক	5
উন্নয়নে	5
খুঁড়েছে	5
অসাবধান	5
বয়ফ্রেন্ড	5
বধূমাতা	5
ঝক	5
্বস্য	5
সিএ	5
পৌরসংঘ	5
মাং	5
নাফা	5
জড়িয়ে	5
কল্পী	5
ভালবাসায়	5
রয়েছেন	5
উচ্চশিক্ষার	5
উইনিং	5
টপলেস	5
জীপ্	5
ুন	5
মূল্যটা	5
মানির	5
দাদাজানের	5
ধোনি	5
পারতাছি	5
সেথুরামানের	5
কব্জিতে	5
মিত্রানকে	5
তিনজনকেই	5
মশলা	5
শ্বাসকষ্ট	5
হকের	5
শুঁকতে	5
ব্যাক্তিরা	5
ছাগলামি	5
বাচ্ছারা	5
শ্চিন্তা	5
আয়ত্ত	5
আর্মিকে	5
স্কোয়াড্রন	5
দানবাকৃতির	5
এমির	5
ইন্ডিয়ায়	5
হবারও	5
শাজিন	5
দেতে	5
আমান	5
ফুঁড়ে	5
ওয়ান্স	5
লার	5
ওয়ান্সি	5
সহিসালামতে	5
হুইলের	5
গোলাবারুদের	5
একজনরে	5
যাইতাম	5
মূহর্ত	5
আইছো	5
চালাস	5
সম্পাদকঃ	5
দোপিন্দার	5
মাখানো	5
জিনস	5
মেগানের	5
ফ্রান্সিসের	5
৮৯	5
সারার	5
ফিল্মি	5
আগুয়ান	5
তন্দুরি	5
রোলটা	5
ফেব্রুয়ারী	5
২০১৭	5
নড়	5
ব্যারাক	5
শ্রদ্ধাশীল	5
সাইটের	5
ভদ্রমহোদয়েরা	5
রুশ	5
শেল্টার	5
বৈরুতে	5
ব্যাটাদের	5
রিপার	5
ইচ্ছাকৃত	5
হিংসে	5
উর্ধ্বতন	5
গ্রাহকের	5
পিটাব	5
ওইখান	5
হামলাকারীর	5
হয়ঃ	5
অস্ট্রেলিয়ার	5
ভস্মীভূত	5
প্রেসিডেন্টকেই	5
শেতাঙ্গ	5
ঘটিত	5
ড্রিংস	5
কথাগুলি	5
বাহিনীদের	5
ঘৃণাই	5
বন্দির	5
বক্রতার	5
বন্ধুত্ত	5
হোমি	5
ছদ্মবেশী	5
শক্তিও	5
অবিক্রীত	5
অকুতোভয়	5
স্প্যানিশদের	5
আমির	5
কামরান	5
প্যালেসে	5
শেষকৃত্যে	5
স্টেটের	5
মাপসই	5
জানলার	5
গলিত	5
হোমে	5
৩৬০	5
মোটমাট	5
চাক্কার	5
জিগ্যেশ	5
জামায়	5
চেটা	5
শিক্ষাসফরে	5
বাবদ	5
বিক্রয়	5
হোমটাউন	5
চতুর্থাংশ	5
হুইলচেয়ার	5
খেলুন	5
পরোয়া	5
আদা	5
অনিচ্ছুক	5
মানিয়ে	5
দ্বাদশ	5
রিভেঞ্জ	5
রইলেন	5
মহেন্দ্র	5
হাইব্রিড	5
এমিলিয়ার	5
এতোসব	5
কুপোকাত	5
পাগড়ি	5
খাড়া	5
নিষিক্ত	5
হাস্যরস	5
নিউট্রন	5
শিখর	5
ক্লোরিন	5
খাটান	5
শার্লককে	5
ঝামেলায়	5
নির্ঘাৎ	5
কারমাইকেলের	5
দাঁড়াতে	5
ধুলোর	5
পতনে	5
হারামজাদাটা	5
ছায়াও	5
গতিদানব	5
রোবটগুলো	5
মহাকর্ষে	5
টেকার	5
সৌরজগত	5
তত্ত্বটা	5
ভরেনি	5
মেসেজে	5
ধারণাও	5
নিরাপদও	5
হরিণকে	5
উস্কে	5
বাঁকিয়ে	5
মিলারেরটা	5
আশাজনক	5
সমান্তরালে	5
নানার	5
মিথ্যেটা	5
মেঘগুলো	5
পিছুটান	5
লকআউট	5
ল্যান্ডারের	5
ঘামাই	5
জানাচ্ছেন	5
শৌর্য	5
অস্ত্রশালার	5
মাগফিরাত	5
হান্স	5
বাঁচাচ্ছি	5
বাঁচিয়েছিস	5
শুনাও	5
হৃদপিন্ড	5
কলোনেল	5
টিকাপ	5
চরা	5
মুকেশ	5
যাইতো	5
শক্তিশালীরা	5
রাঘভ	5
মুখ্যমন্ত্রীর	5
জংশনে	5
হৃদয়ই	5
মেরেও	5
কন্ডাক্টর	5
লক্ষ্ণী	5
জুরে	5
দাইজিউনে	5
মাকরান্দ	5
হায়াথি	5
অ্যাপ্লাই	5
অাপনাদের	5
মেয়েরাই	5
অাসবো	5
মূলকথা	5
ফেলবো	5
জোরা	5
কোরিন	5
বয়স্কদের	5
কংগ্রেসম্যান	5
অঘটন	5
উইন্ডো	5
আপার	5
কোয়ামবাটুরে	5
জানলি	5
রকস্টেডি	5
ম্যানহোলের	5
টার্টলদের	5
রকস্টেডিকে	5
দৈত্যাকার	5
নড়ে	5
চেকপয়েন্ট	5
চারজনই	5
ইশরাক	5
কিফ	5
লুথারের	5
ঊর্ধ্বে	5
আইনই	5
ডারউইন	5
সিনেটরের	5
খুলেছিল	5
উপসাগর	5
শিপটা	5
ওয়েভ	5
গুনছে	5
মানুষিক	5
মহেশ	5
বাড়ো	5
সনির	5
পিটাবো	5
নিয়মটা	5
স্মিটি	5
হাওয়েল	5
টিচ	5
ইচ্ছাকে	5
বিবেকহীন	5
বহুদূরে	5
টুকু	5
পাশবিক	5
করাচ্ছে	5
ইন্টারেস্ট	5
বকতে	5
সতেরো	5
হাতছানি	5
নেভাডার	5
অভিনেত্রীর	5
নস্টালজিক	5
চাহনিতে	5
নৃত্যে	5
আঁকছ	5
জনা	5
রাজনীতিবিদরা	5
ঘুড়ী	5
ফহিন্নির	5
ছিনতাইয়ের	5
উপকারের	5
খবরটি	5
পোস্টিং	5
পান্ডে	5
সোয়ামি	5
জনসম্পদ	5
মুরালি	5
পদ্মশ্রী	5
খ্যাতনামা	5
রুপিতে	5
অ্যাঞ্জেলিনাকে	5
পাঠাবার	5
মেইলে	5
দাড়িয়েছিল	5
দিনেরই	5
ওঁ	5
মূখ্যমন্ত্রী	5
ভিকির	5
ঈশ্বরও	5
এনকাউন্টার	5
সিরামিক	5
গুডম্যান	5
বির্হে	5
স্নায়বিক	5
কল্যাণকর	5
ওসাইরিস	5
থঠ	5
পুনর্জনমের	5
মৃতকে	5
গোবরের	5
তেজী	5
বাচিঁয়েছি	5
ভাবাই	5
প্রাপ্তি	5
সুযোগ	5
দিনভর	5
রাঙ্গিয়ে	5
সমস্যাগুলো	5
নির্গমন	5
গাসের	5
ম্যানচেস্টারে	5
বেটেনি	5
মিনেসোটায়	5
আয়োজনের	5
ঘুমালে	5
অন্ত্যেষ্টিক্রিয়া	5
ব্যানানা	5
আনছেন	5
এদেরকেই	5
অগত্যা	5
লগিন	5
দেশঃ	5
ভাষাঃ	5
উদারতার	5
বাঙ্কার	5
এমেট	5
মাইরালায়	5
দেখতেছো	5
ব্যারাকে	5
ভাস্কর	5
পদমর্যাদার	5
ভাইবোনদের	5
কারিন	5
আসামির	5
লুকাচ্ছ	5
মঙ্গেশ	5
বরন	5
প্রশংসাও	5
অর্চিকে	5
চলরে	5
জিদ্দি	5
অ্যামেরিকানদের	5
ব্যাঙ্কই	5
চেকিং	5
অঙ্কটা	5
সেভিংস	5
বাছতে	5
৪১৫	5
অলঙ্কার	5
মানচিত্রটা	5
আল্লাহরে	5
টেলার	5
ম্যাগনেটিক	5
শুদু	5
সিমান্ত	5
সিমান্তের	5
টবায়েস	5
ব্যাসার্ধের	5
যতোদিন	5
বাঁধিয়ে	5
ক্রেইনকে	5
ক্রিল	5
ছোঁড়া	5
হার্বার	5
লাগেরে	5
ডাকবি	5
তালাটা	5
ভাসি	5
উঠিস	5
জমাতে	5
ডুশ্যাম্প	5
ব্রোকার	5
ভার্নো	5
জাংক	5
নরম্যান্ডির	5
পুড়িয়েছে	5
টোকাও	5
ভোম্বলের	5
পার্সে	5
আইবল	5
নানীর	5
কোর্লেয়নের	5
জনির	5
তাতাগ্লিয়ার	5
জিম্মাদার	5
হারামিগুলো	5
ট্রিগারটা	5
কামাচ্ছে	5
আগন্তক	5
বলদটা	5
যাইগা	5
ঠেকায়	5
অক্সাইড	5
মাসকট	5
ক্যালাগানের	5
মাইক্রোবটগুলো	5
ব্যাবস্থার	5
ব্রিয়ারিওসের	5
খেলনাটা	5
মিলান	5
নিউইয়র্কের	5
তাহমীদ	5
পার্থক্যই	5
পৌঁছেই	5
ক্রী	5
ম্যাসাজ	5
বনি	5
গ্যাল্যাক্সি	5
কুইলকে	5
পৌঁছলে	5
গার্ডিয়ান্স	5
ব্রায়ানের	5
মেসন	5
স্বতঃস্ফূর্ত	5
সবকিছুকেই	5
ইলেইন	5
উদ্ভব	5
সংঘটন	5
যা্ও	5
পেঙ্গুইনের	5
উইন্ডের	5
ডেভকে	5
কিউটি	5
ডাইভারশন	5
বিস্মৃতি	5
স্মরণিকা	5
জিনিদের	5
জলাঞ্জলি	5
দশের	5
মম্	5
প্যারামেডিক	5
চাকরিদাতা	5
ভালবাসবেন	5
দরবারে	5
বিভীষিকাময়	5
গ্রাডি	5
কোরআনের	5
৮৩	5
বশবর্তী	5
বেহেশত	5
গভিরে	5
মিতু	5
ভাবছিলেন	5
পারিই	5
ভন্ডর	5
নাড়বো	5
পাইলস	5
বেত্তমিজ	5
ফ্যাক্টরীর	5
পূত্র	5
ভাঙ্গিয়ে	5
গ্রহকে	5
শেঠ	5
হতই	5
ভয়ার্ত	5
জীবিতই	5
নেভী	5
নেকী	5
পালনকর্তা	5
দয়িত	5
লেঙ্গুড়	5
প্যানেম	5
কোয়েলের	5
ডিসট্রিক্ট	5
মুক্তিকামী	5
বিটি	5
মকিং	5
স্পার্টান	5
গ্রীসকে	5
একটির	5
ঢালের	5
অরেলিও	5
প্লেস	5
রিটালিন	5
ম্যারিকে	5
অ্যানোনিমাস	5
সপ্রতিভ	5
হারামজাদাকে	5
মেঞ্জ	5
দেখনা	5
আশপাশে	5
পুরুষমানুষ	5
মহীয়ান	5
তেজস্ক্রিয়	5
এনালগ	5
আকাশচুম্বী	5
শুকরগুলো	5
আসিফ	5
গ্যাপ	5
শারম্যানের	5
ভার্সাই	5
উই	5
রাজতন্ত্র	5
ডগি	5
তুত	5
উদহারন	5
অলিভেট	5
সুতাকাটার	5
অভিশাপটি	5
এইজন্যে	5
জিগরি	5
এগি	5
যতদিনে	5
চেস্টার	5
থ্যাচারের	5
গুঁড়া	5
শালাই	5
ঔষুধের	5
একাধারে	5
চিন্নাম্মা	5
যদিবা	5
রাশিচক্র	5
সাবটাইটেলঃ	5
সংগীতকার	5
কারিগরের	5
চালব	5
রাখিনা	5
ফুরিয়ে	5
শক্তিশালীকে	5
আজরাইলের	5
মেঞ্জিস	5
দশজন	5
টিউরিংয়ের	5
অ্যালানের	5
তাকায়নি	5
বিবর্তিত	5
সেন্টিনেলরা	5
আমন্ত্রণপত্র	5
লোটজে	5
জিবানন্দাম	5
ফ্যাক্টরী	5
ড্যারেয়াল	5
শেলবী	5
চাচ্ছো	5
রেডনেক	5
বিলকিস	5
মানুষখেকো	5
শুনেছিলেন	5
লিওনার্ড	5
ল্যাব্	5
শীতলতা	5
জন্তুটাকে	5
ক্যাসল	5
লিটলফিঙ্গার	5
ক্লিগেন	5
গাঙ	5
ফেং	5
অভিষেকের	5
ভিরাম	5
বুদ্ধিও	5
রাঁধলে	5
স্রীবৎস	5
চেজার	5
ডিঙিয়ে	5
দরজাই	5
ড্রাক্সের	5
টেজারফেস	5
ইয়ন্ডুর	5
নৌবহর	5
চকমক	5
বেঁজে	5
ক্যারেক্টার	5
ওমম	5
পরিশ্রমই	5
আফ্রিকাতেও	5
এটিও	5
তোলেনি	5
ঘুমিয়েছেন	5
গ্রের	5
অনুসারেই	5
সীমাছাড়া	5
ঘুরিয়েছি	5
জর্জিয়াতে	5
এডাম	5
পৌছাচ্ছি	5
মামি	5
পাসোতে	5
সীলমোহর	5
বাড়িয়েছিল	5
এক্কেবারেই	5
ভিগ	5
সদাই	5
নাইড়ুর	5
আমারেন্দ্র	5
বাহুবলির	5
মহিষ্মতী	5
বিগিনিং	5
মহত্ব	5
সফি	5
থ্যাচার	5
ক্রেইগ	5
টিবিলিসির	5
কাজিনের	5
হাভানা	5
অবস্থানকে	5
পাঁচহাজার	5
বেন্টলি	5
রোডস্	5
মক্কার	5
বাসস্থল	5
সীমাকে	5
দায়িত্বকে	5
দায়িত্বগুলো	5
কর্তব্যকে	5
মক্কায়	5
বাণিজ্যে	5
কবিদের	5
দেবঘাতী	5
কিনবেন	5
জায়নে	5
সেরাফ	5
মেরোভিনজিয়ান	5
ফ্রেঞ্চম্যানের	5
কৌতুকাভিনেতা	5
অচপল	5
স্লাইডে	5
হয়ছে	5
জিম্মা	5
উল্লাসের	5
উঠছিলাম	5
কার্সন	5
চকমকি	5
দায়ের	5
আদ্রে	5
নরিংটন	5
স্থানও	5
রৌগ	5
স্কটের	5
স্কটকে	5
ক্রিপকির	5
ত্রয়ীর	5
সামগ্রিক	5
সুলিভানের	5
গুস্তাভ	5
জুয়ারি	5
গ্রেভসের	5
ভোল্ট	5
গ্রামাটন	5
কেনের	5
মার্সে	5
একপক্ষের	5
ম্যান্ড্রাক	5
গ্রিফিন্ডরে	5
র‍্যাভেনক্ল	5
সিক্রেটসের	5
ফ্যাং	5
হেসনা	5
অ্যাম্বুশ	5
ম্যাক্সকে	5
স্পেয়ারিং	5
কিংপিন	5
এটমকে	5
সেলিব্রেট	5
শাসনকর্তা	5
নাইমেরিয়া	5
বেনজেন	5
এডআর্ড	5
মহাপ্রাচীরে	5
ব্র্যানের	5
জোরি	5
কিংডমস	5
উইসট্রমকে	5
গরুটা	5
যুবকদের	5
লোকালয়ে	5
নির্যাস	5
পায়চারি	5
দুচোখে	5
নাদুসনুদুস	5
যজ্ঞ	5
লেভিন	5
অরাল	5
মাদাম	5
নর্দার্ন	5
বাটুল	5
রেনজার	5
কোয়ার্টারমাস্টার	5
পাইর্সড	5
ডিসডেন	5
ফেনট্রেস	5
বিধবার	5
ভেল	5
ক্রাকেন	5
বালকেরা	5
আয়রোন	5
স্কয়্যার	5
সিরিও	5
বেইলীর	5
জর্জি	5
রন্ধন	5
ওয়েলশ	5
কারমেন	5
ম্যাসাচুসেটস	5
বিভাগকে	5
লেনিন	5
জিডিআর	5
লুকাচ্ছো	5
প্রোথেরোর	5
চ্যান্সেলরকে	5
দান্তে	5
ফেসেছি	5
নোনা	5
খাচার	5
দেরির	5
ট্যায়ার	5
চাপাস্বরে	5
ওলটার	5
খ্রীস্ট	5
ক্রিপটেক্স	5
মূহুর্তের	5
মিচেল	5
ওয়াসা	5
হিরার	5
জার্নালিস্ট	5
সলো	5
জাগুয়ারের	5
প্রধানেরা	5
হামিশ	5
লকল্যান	5
ডেভিসঃ	5
গৌল্ড	5
গৌল্ডকে	5
আ্যব	5
উইমেন	5
রক্তবর্ণ	5
কস্ট্যা	5
ভ্রনস্কির	5
মেভি	5
ড্রাকুলার	5
মেভিসের	5
লেডী	5
সেল্ভিগ	5
কউলসন	5
এভেঞ্জার্সের	5
এভেঞ্জার্স	5
টারটারাস	5
এলগোরিদম	5
ওস্কোর্পে	5
ব্র্যানযিনো	5
টিয়ান	5
ক্লিয়ার	5
দোং	5
ফ্যাঙ্গ	5
স্বমস্বরে	5
মহারাণীকে	5
রাজমাতার	5
আশাকে	5
গব্লিন্স	5
বেন্নেট	5
নূরা	5
লুমোসম্যাক্সিমা	5
ভোল্ডেমর্ট	5
উইসলি	5
ম্যানার্সের	5
কুলি	5
সীতা	5
নাইডুর	5
জাইগা	5
তাপইকা	5
যুবরাজের	5
জাহানাবাদ	5
কুস্তিতে	5
ডুকে	5
বাজ্রাঙ্গির	5
সুলতানপুরের	5
বাজরাঙ্গির	5
মমের	5
কয়েট	5
ফ্রানসিস্কো	5
এন্টেনার	5
গ্রেটুইটি	5
কেভেনের	5
স্কারলেটকে	5
গুনন	5
বাড়িটাকে	5
ড্রিসেলা	5
গ্রেডি	5
এসআই	5
রাজেন্দ্রন	5
বিনোদ	5
পার্টিকল	5
বলসে	5
প্যাক্সটন	5
ক্যাসির	5
পেল্টগুলো	5
গ্ল্যাসের	5
এসেক্সের	5
চরকী	5
বাঁচতেই	5
মনোমুগ্ধকারিনী	5
ইয়ে	5
সান্জু	5
আক্কু	5
নূপুর	5
ফায়জো	5
আজিজেরে	5
ডেভেলপ	5
মালায়লিয়ান	5
কোজিকোড	5
আপ্পুভাই	5
হর্নে	5
আলেহান্দ্রো	5
কোলকাতায়	5
ভায়ের	5
তমিজের	5
কারাসব	5
সার্ডিন	5
লোনাপ্পান	5
মাভা	5
জাষ্টিন	5
ইউনানী	5
ওজাকির	5
পার্থিয়ান	5
কনসাল	5
হান্টকে	5
লেইনকে	5
ফৌজদারি	4
ব্যালট	4
বস্তাপচা	4
বিচারকদের	4
চারদিকেই	4
নালিশের	4
মৃত্যুমুখে	4
হিজিবিজি	4
খুনটি	4
খুললেন	4
আবেগপ্রবন	4
যুক্তিহীন	4
মোড়টা	4
সাক্ষীকে	4
প্রমানও	4
ওইভাবে	4
ঘুসির	4
আশপাশ	4
হাটছিলাম	4
সুইচছুরি	4
একগুয়ে	4
আগাবো	4
ট্রিকস	4
জানালাও	4
অ্যাপার্টমেন্টের	4
বিন্যস্ত	4
সুইচটি	4
রায়ে	4
দাঁড়াবার	4
অ্যান্ড্রু	4
কোচের	4
মুষলধারে	4
বারবারা	4
নিম্নগামী	4
অনুযোগ	4
প্রাকৃতিকভাবেই	4
অঙ্গভঙ্গি	4
রক্তক্ষরণের	4
সড়কের	4
লাগব	4
ওয়	4
বুঝায়া	4
খবিশের	4
বখাটে	4
গুরুত্বারোপ	4
কার্টিস	4
খোর	4
অফেন্স	4
পয়েন্টের	4
করিয়েছিস	4
বালটাও	4
ক্লিনটন	4
কাশতে	4
পাঠাতো	4
সাংবিধানিক	4
বাঞ্চোত	4
দোকানপাট	4
লুটের	4
ক্ষুন্ন	4
কতৃত্ব	4
বাঁদরটা	4
কজন	4
নির্যাতিত	4
সাজিয়েছ	4
যন্ত্রণাটা	4
বাঁধিয়েছ	4
বান্দরদের	4
হিটলারকে	4
সমন্বিত	4
কোনটাতেই	4
নিশান	4
সামলাই	4
লার্জ	4
ঢুকছ	4
পুরুষই	4
আগামাথা	4
হাইস্কুল	4
মেস	4
নিশপিশ	4
মাসব্যাপী	4
প্যারোল	4
ওর্ডার	4
পয়েন্টটা	4
কার্লা	4
ম্যাটের	4
কালারের	4
হাইপার	4
চেনাই	4
বেঁধেছিল	4
আবির্ভূত	4
ন্যাংটো	4
গণ্ডগোলের	4
অতীতকালের	4
অনুপ্রেরণার	4
সপ্নে	4
বাসতাম	4
সমাগম	4
টুপ	4
ঘুমোবে	4
হুড	4
বইও	4
পত্রে	4
সহকারীর	4
জনমেও	4
তাড়ায়	4
লবস্টার	4
প্রনাম	4
ইচ্ছাশক্তি	4
অক্টোপাসের	4
চুইয়ে	4
সন্তুষ্টির	4
প্রিন্সিপ্যাল	4
ধরলেই	4
মানত	4
নাভি	4
দরজাও	4
নেচেছিলাম	4
কতক্ষনের	4
উজাড়	4
ভিজতে	4
সবকয়টাকে	4
কাঙ্ক্ষিত	4
নিমন্ত্রন	4
সাইকেলটা	4
লিরা	4
ঘোড়াকে	4
ক্যাঙ্গারু	4
সুন্দরই	4
চড়োনি	4
আম্মুও	4
ফ্রুট	4
দেখছোনা	4
তারাতো	4
গোল্লা	4
কাপড়ই	4
গাউনটা	4
নোংড়া	4
শুকায়	4
চুলো	4
ট্রাকগুলো	4
রাশেদুজ্জা	4
রাশেদুজ্জামান	4
ডাইভ	4
অনুসন্ধানকারী	4
পিয়ানোর	4
কুত্তাগুলো	4
পুনরুদ্ধারের	4
৮৪	4
ওশেনের	4
ক্যালভাট	4
বেড়াচ্ছেন	4
দ্রুততর	4
রেকর্ডারটা	4
সারিবদ্ধভাবে	4
সযত্নে	4
পিকাসো	4
কোস্ট	4
সারাবিশ্বের	4
বিরামহীন	4
লম্পট	4
পড়তেন	4
বিচক্ষণতার	4
পোশাকগুলো	4
বিশ্ববিদ্যালয়ের	4
সেন্টের	4
দিগন্তকে	4
স্পষ্টতই	4
সারাদিনে	4
নীচের	4
মিলের	4
স্বার্থপরের	4
পথনির্দেশক	4
বিস্ময়করভাবে	4
প্রশান্তির	4
লোকগুলার	4
দুবে	4
ইঁদুরটার	4
সিলভারের	4
আলমারির	4
দিকেরটা	4
বাঁধুন	4
বিশটি	4
ঈষৎ	4
লাগায়নি	4
অর্জনকারী	4
কায়রোর	4
আ্যবনার	4
প্রেতাত্নাদের	4
প্রত্যাবর্তনের	4
মধ্যখানে	4
চমকাবে	4
তাৎপর্য	4
আদমি	4
ফেরাউন	4
মাথায়ও	4
দেমাগ	4
প্রত্নতত্ত্ব	4
বিষধর	4
চাইবেই	4
সন্তোষ	4
যার্গ	4
চাপলে	4
বুটে	4
জিগার	4
হাটবে	4
আলুভর্তা	4
দলছুট	4
হল্ট	4
যাবই	4
এমিলিও	4
রাউন্ডআপ	4
ইন্টারকমে	4
শিখিয়েছিলে	4
ছেড়েছিলে	4
খিটখিটে	4
বাবুজি	4
নিয়ন্ত্রিত	4
দেখাদেখি	4
ল্যাম্প	4
ঢুকছেন	4
এ্যনিমেল	4
মিথ্যাও	4
ট্রাভিস	4
প্রত্যকে	4
কেপে	4
পেট্রল	4
ভদ্রতার	4
কনক্রিটের	4
একরম	4
স্টেরিও	4
লেপ	4
সেলিব্রেটির	4
মেডুলা	4
ওয়েটারকে	4
ময়দার	4
কেয়ামতের	4
আত্নহত্যার	4
দুশমনি	4
সিরিয়াসভাবে	4
ধৌত	4
চর্বির	4
স্টোরে	4
অফিসেও	4
স্যালারি	4
বেসমেন্ট	4
দুরকম	4
টাইমসে	4
মেইহেমে	4
ওপারেশন	4
কোনধরনের	4
পারতেনা	4
পিটিয়েছে	4
ফেলছিল	4
ক্যাম্পিং	4
বেসমেন্টে	4
বাথটাব	4
ঢুকায়	4
সবুজটা	4
অহংবোধ	4
হিথ্রো	4
কর্মচারীরা	4
খুঁজবেন	4
খুঁজেছো	4
পেশীগুলো	4
সালটা	4
হামলাটা	4
ব্যাটারীর	4
বিক্রিয়ার	4
চৌবাচ্চার	4
অভিযোজন	4
টেকনিকে	4
স্কুইডি	4
গাঠনিক	4
সম্প্রচারের	4
বিচূর্ণ	4
প্লাগটা	4
ভোগান্তির	4
ভাঙবেই	4
বাঁচ	4
এস্কেপ	4
পরিবর্তনকে	4
বিরতিতে	4
জানিসই	4
দুয়েকের	4
বানানটা	4
সেশন	4
কুমারীত্ব	4
রঙধনুর	4
বোধগম্য	4
সামারে	4
নেভাল	4
শোকে	4
স্মৃতিচারণ	4
বাজিয়েছ	4
বানাচ্ছিস	4
অনেককিছুই	4
অপেরার	4
খয়েরি	4
অফিসার্স	4
পাসওয়ার্ডটা	4
হাসছিল	4
কয়টায়	4
সবকয়টা	4
ক্যাপাচিনো	4
কার‍্যান	4
পত্রিকাতে	4
সিনের	4
লিখন	4
গ্যাজেট	4
দেখেক	4
স্যান্ডাল	4
ব্রান্ডের	4
ক্যারেট	4
সুপারহিট	4
বাত	4
হাতাতে	4
মেটানো	4
রজনীকান্ত	4
এলোনা	4
খোঁজও	4
বেডে	4
বেডের	4
এরইমধ্যে	4
বিয়েতেও	4
মিলেও	4
মার্ডারের	4
গারু	4
মামাকে	4
ময়নাতদন্ত	4
শ্রীনিধি	4
চালাচ্ছিলো	4
রোজকার	4
শুনলেও	4
অপকর্ম	4
চিন্তাগ্রস্ত	4
বিনিয়োগে	4
রামপ্রকাশ	4
ওঠানো	4
ফারাহ	4
ত্রাণ	4
আগস্টের	4
আদিদকে	4
বোয়াল	4
মিলিশিয়ার	4
শিবিরের	4
চুক্তিও	4
বাস্তববাদী	4
নিয়মানুযায়ী	4
ডিকশনারিতে	4
কুসুম	4
আঙ্গুলই	4
রেঞ্জারদের	4
কমিক্স	4
পরিস	4
সোমালি	4
সোমালিদের	4
ক্যানের	4
মৃগী	4
ম্যাকনাইট	4
বাতির	4
হ্যারেল	4
খটকা	4
গ্রামসি	4
জনবহুল	4
হাউলওয়াদিগে	4
স্মিড	4
শিশ	4
সেনাকে	4
ওলকটের	4
গুণতে	4
দুর্ঘটনাস্থলের	4
স্যাটেলাইটে	4
পাইলটরা	4
ম্যাটি	4
শগার্ট	4
রেঞ্জাররা	4
পিঠও	4
উরুর	4
কোস্টে	4
আম্মাকে	4
ফুঁড়িয়ে	4
এফোঁড়	4
ওফোঁড়	4
দেশগুলো	4
হবিটরা	4
গ্রামকে	4
প্রজন্মে	4
ঘটনাটার	4
একদিনও	4
ছাড়বে	4
জীর্ণ	4
চ্যাপ্টা	4
নিয়েছিলাম	4
গ্রাব	4
ফ্রোডোর	4
খামের	4
উঠলোই	4
এতোবার	4
চিহ্নগুলো	4
ভরাতে	4
শায়ারে	4
জীবনীশক্তি	4
ঘিরেই	4
কাটছিলাম	4
আত্মপ্রকাশ	4
শিকড়	4
ঠেকানো	4
ব্রী	4
গ্যান্ডালফের	4
এথেলাস	4
বাঁচবেনা	4
লোনলি	4
দেখিয়েছে	4
কোণায়	4
ঝগড়া	4
স্টিং	4
রোহানের	4
ধস	4
হারিয়েছি	4
গোপনীয়তার	4
অত্যাচারিত	4
মুক্তার	4
জ্যোতি	4
কিছুকেই	4
শত্রুদেরকে	4
জানিয়ে	4
ঘেঁষতে	4
হ্রদ	4
নির্জনতা	4
ছুটবো	4
রাস	4
এইবারে	4
ভাল্লাগেনা	4
অসম্ভবের	4
কমাবে	4
করতেসো	4
জেতে	4
বানাইয়া	4
পেন্সিলের	4
৭১	4
ঐগুলি	4
লিভিংস্টোন	4
উটাহ	4
প্রতিটার	4
এলিভেটরে	4
সুরঙ্গের	4
অন্ধত্ব	4
জিনিসগুলা	4
ডেনহাম	4
সামাজিকতা	4
লাইমান	4
বাছাইয়ের	4
টেরির	4
এলেভেটর	4
স্বয়ংক্রিয়ভাবে	4
কার্ডিয়াক	4
লাইনাস	4
ভ্লাদিমির	4
ওয়ালশ	4
সাজাপ্রাপ্ত	4
কৃষ্ণাঙ্গ	4
ভল্টেই	4
চিনবো	4
চরমভাবে	4
ভ্যানটা	4
বসিয়েছি	4
খেলাতে	4
স্নাতকোত্তর	4
কুংফুর	4
ঃ	4
বগানি	4
হারিকেন	4
লাগাইছ	4
চেষ্টাতো	4
সর্বশ্রেষ্ট	4
আফনে	4
ওইগুলা	4
সুপুরুষ	4
লাঞ্ছ	4
কুট্যি	4
খেলোয়াড়ের	4
নিরব	4
সাপোর্টের	4
বারিয়ে	4
মিটেছে	4
ভাবির	4
ব্যাটারা	4
অ্যামস্টারডাম	4
বৈরি	4
দেশগুলোর	4
সংবেদী	4
লাইসেন্সের	4
নৈতিকতার	4
গোণা	4
অক্ষরের	4
রবো	4
সক্রেটিস	4
বানানোতে	4
কোনোদিনও	4
ময়ূর	4
ঝুড়ির	4
চেস্ট	4
মিন্ট	4
ধোরো	4
ঘোঁট	4
মার্টিনকে	4
ফ্লেশ	4
তারারা	4
উঁচিয়ে	4
১৩৩	4
কামড়াবো	4
উচ্চাভিলাষী	4
শোয়ের	4
বুড়োরা	4
পরীকে	4
সবজান্তাকে	4
পরিচয়ও	4
ঝাপটানোর	4
শিশুটি	4
প্রফেসার	4
শতশত	4
শিখায়	4
মনিকার	4
গুণে	4
নড়েনি	4
জন্মায়নি	4
র‍্যাপ্টরের	4
ডাইনোসরেরা	4
বিবর্তনে	4
ফসিল	4
ইনজেন	4
ছাঁচ	4
টুকরোতে	4
প্রেরণাদায়ক	4
ঝাপটা	4
প্রাণীরাই	4
দলপতি	4
স্টেটস্	4
ওড়াতে	4
প্রকৃতিকে	4
রেক্সের	4
ওদিকেই	4
ঘুরতাম	4
ওপাড়ে	4
ওঠেনি	4
মাচ	4
সিমেন্টের	4
ছেলেপুলে	4
তারাতারিই	4
জোগার	4
একাকীত্বের	4
নাজি	4
ফুয়াদ	4
প্রোডাকশন	4
জাহান	4
কালাহারিতে	4
সাপও	4
সৃজনশীল	4
দেখালেও	4
অপরিচিতের	4
আশ্রয়স্থল	4
আগুনকে	4
অলক্ষণে	4
জীপে	4
হত্যাকাণ্ডে	4
মিঞা	4
বেবুন	4
গণ্ডারের	4
দেখিয়েই	4
থামিয়েছি	4
বোগাকে	4
খুড়ে	4
পড়ছিলো	4
মাকড়শার	4
সবিনয়ে	4
বনমানুষের	4
বেলচা	4
মোজাম্বিকের	4
জন্তুগুলো	4
মাষ্টারকে	4
পরনের	4
শিখাইনি	4
জানাবা	4
সবাইক	4
ক্রূকশ্যাঙ্কস	4
আগস্টে	4
কাকতালীয়ভাবে	4
মহল্লায়	4
ডলোরেস	4
আউলস	4
কালির	4
পেটুক	4
মিনার্ভা	4
হেডমাস্টারের	4
হারমায়োনিকে	4
আত্নবিশ্বাস	4
পরগাছা	4
চামচের	4
সান্টা	4
মেহমানের	4
গাদ্দারদের	4
মৌসুম	4
খুলেনি	4
ছিদ্রটা	4
বাকীগুলো	4
সঙ্গের	4
লর্ডকে	4
দৈববাণী	4
কমজোর	4
দীর্ঘায়ু	4
আছিই	4
বুঝালে	4
সদৃশ	4
কল্পিত	4
কৌতুহলি	4
জীববিজ্ঞানী	4
কোষগুলোকে	4
পাকস্থলীর	4
ছলে	4
পাদদেশ	4
অপরদিকে	4
বুদ্ধিদীপ্ত	4
কৌতুকের	4
খামারী	4
তুন্দ্রা	4
আঁকাবাঁকা	4
আবেদনপত্র	4
হয়ও	4
সমবয়সী	4
অতিমানব	4
পরিবর্তনে	4
সুমেরিয়ান	4
নিউমোনিয়া	4
বস্তুগত	4
ঘড়িকে	4
ঝাঁকুনি	4
স্ত্রীকেও	4
অন্যায্য	4
আজন্ম	4
সম্প্রসারিত	4
নির্দেশিকা	4
ভীড়ের	4
ধূলা	4
উজ্জীবিত	4
সভ্যতায়	4
পুরাণের	4
ক্রিস্টিয়ান	4
দিশেহারা	4
অধার্মিক	4
প্রকৃতিস্থ	4
উপাসক	4
আস্থার	4
শিখছে	4
পরামর্শক	4
পূর্বদিক	4
সর্পিল	4
ছিটানো	4
বৈদ্য	4
ঝুলি	4
গাধামী	4
সম্ভাবনায়	4
নিবন্ধ	4
মার্কের	4
হবনা	4
ঈমানের	4
বিশেষণ	4
হুমড়ি	4
লিখতেই	4
তারাবাজি	4
স্কেচবুক	4
বিশেষ্য	4
ভূগোল	4
উঠেছিলে	4
সমাহার	4
মহল্লার	4
কুঁড়ি	4
ঝিলে	4
লেখাপড়ার	4
পড়ালেখার	4
জিনগত	4
হাজারও	4
কোমলমতি	4
আঙ্গুলও	4
কার্টুনের	4
লেখিকা	4
স্কুলই	4
টিচাররা	4
টিচারদের	4
দুইটাকেই	4
গ্রামার	4
সাবটাইটেলে	4
চার্জিং	4
মারকো	4
গুইন	4
ডেইলী	4
টাইমসের	4
ফ্রিল্যান্স	4
মিশ্রণ	4
গ্যারির	4
রিহার্সেল	4
পিচ্চিরা	4
গতকালকে	4
ইস্টার্ন	4
বেনকে	4
সমাধির	4
ইমেজের	4
অবনত	4
প্রার্থনায়	4
ফ্লিম	4
থিউরী	4
মানবেন	4
চিনেছে	4
ইন্টারপুল	4
ষোল	4
আইয়া	4
যাইতাছে	4
খুজছিলে	4
দয়াকর	4
খুদা	4
নিকা	4
এতবছর	4
মালিকেরা	4
কেরামতি	4
শুপ্রভাত	4
দরদাম	4
ছোটটা	4
বিজ্ঞাপনের	4
সান্তনা	4
ফিউনারেল	4
ফিউনারেলে	4
জেনারেটরের	4
কাঁচামাল	4
পরবেই	4
পাকাতে	4
পচিশ	4
অকৃতকার্য	4
ডিসটার্ব	4
কার্যক্রমের	4
সর্বাঙ্গ	4
নর্তকী	4
ঐভাবেই	4
দায়	4
সময়জ্ঞান	4
বোকাও	4
হইছেটা	4
মাইরো	4
ঈমান	4
একরকমের	4
বেলাল	4
ফেলবনা	4
গ্রামেই	4
মৃতদেহকে	4
পরবা	4
গেব	4
হারকিউলিক্স	4
দানবী	4
পড়লেই	4
ক্যাম্পটা	4
জ্যাকসনের	4
অউ	4
কটু	4
বজ্রবিদ্যুত	4
মহড়া	4
অপয়া	4
থামাতেই	4
গার্ডেন	4
চৌরাস্তায়	4
মুখমণ্ডল	4
চৌকি	4
র‍্যাপিড	4
দানবটাকে	4
রিপোর্টটি	4
অতিকায়	4
গার্লের	4
ছগল	4
যুদ্ধই	4
নড়াচড়াও	4
ভার্সিটিতে	4
চালাকিটা	4
স্প্ল্যাশ	4
ইনাম	4
পেঁচিয়ে	4
লিখতো	4
মাখে	4
অক্সফোর্ডে	4
শেকলে	4
ব্যাংকেও	4
রঙটা	4
বদমায়েশ	4
পাউন্ডে	4
পিক্যাডেলি	4
টিউবে	4
কভারটা	4
খামাখাই	4
গ্রাফিতি	4
মাঠকর্মী	4
লন্ডনেই	4
গার্লফ্রেণ্ড	4
গামলায়	4
একারই	4
মরণপণ	4
ডেন	4
ছোঁয়াচে	4
তাকিয়েছিলো	4
চেনেনা	4
সূতো	4
আমারটায়	4
কোবল	4
প্রজেকশনগুলো	4
অবচেতনে	4
প্যারাডক্স	4
সুস্থির	4
আইডিয়াটাই	4
গুজবের	4
বানাচ্ছিলাম	4
ঘোরালে	4
শিডিউলে	4
৭৪৭	4
ব্যাপারস	4
মুহুর্তটা	4
স্যুইট	4
লিম্বো	4
টাইমের	4
সেফটা	4
মৃত্যুশয্যায়	4
শব্দই	4
আত্মাগুলো	4
ছেলেমেয়ের	4
রাখলেই	4
এগোনো	4
অস্থিতিশীল	4
মিউজিকটা	4
ঢোকাবে	4
রান্ডি	4
উঠিয়েছি	4
ওঠাতে	4
ছিনাল	4
পারলা	4
কাইয়ুর	4
ত্বকের	4
পালিয়েছিলো	4
ক্ষুদা	4
কোরিয়ানরা	4
উল্লুক	4
খেয়েছিলো	4
বীজে	4
১০৪	4
সুতো	4
উল্লাসিত	4
ঘামানোর	4
মিলাও	4
দাঁতটা	4
প্রস্তুতির	4
জার	4
জ্যামে	4
২৯শে	4
হুটহাট	4
১৯৮৭	4
১৯৮৯	4
ভয়টাই	4
স্যুটকেসের	4
মাড়িয়ে	4
বৃহস্পতি	4
ধোঁকাবাজদের	4
ফাটতে	4
পড়েছিল	4
ব্র্যাডিকালাগান	4
ট্রাইপ	4
বাসাতেই	4
টুকরোর	4
বেশতো	4
ঠিকঠাকমতোই	4
ধাপ্পা	4
সুন্দরীকে	4
একরাত	4
আটার	4
করিয়েছিলাম	4
কপালেই	4
মানিব্যাগের	4
খুচরো	4
গেসিলাম	4
আভি	4
তুলছো	4
কলহ	4
হতাহতের	4
ফ্ল্যাটের	4
ক্রিমের	4
মনযোগী	4
লাগিয়েছিলো	4
সীটের	4
কলাম্বিয়ান	4
প্রিন্সকে	4
ধনুষ্টংকারের	4
গাঢ়	4
কনির	4
বেড়ালের	4
দ্যাখোনি	4
গোলেম	4
চাকরিও	4
উডব্রিজ	4
কেয়ার্নস	4
চুলকাচ্ছে	4
ধরানো	4
থাকবোনা	4
রাইফেলটা	4
খুলছো	4
এন্টিবায়োটিক	4
সেমিস্টার	4
গ্রামাঞ্চলে	4
রিম	4
অপরাধটা	4
কংক্রিট	4
চৌরাস্তার	4
মিয়ারা	4
ঠিকাদারি	4
খুনখারাবি	4
দুভাগ	4
অক্ষমতা	4
গর্তটা	4
কর্দমাক্ত	4
জ্যাকেটে	4
জানবার	4
আপাত	4
পিয়ং	4
মাধ্যমিক	4
সহজলভ্য	4
জেলেও	4
সাতটায়	4
বেজন্মার	4
জোয়ারের	4
ভুগবে	4
বিশ্লেষণের	4
ঘটনাকে	4
মতও	4
বানিয়েছিস	4
বেদনার	4
পানের	4
কেটেছিল	4
বুয়া	4
কেদো	4
আলোও	4
অধিকারি	4
অজ্ঞতার	4
চক্রে	4
শুন্যতা	4
বিগ্রহ	4
মুখোশে	4
বানাতেও	4
বিকালের	4
গর্জিয়াস	4
প্লেজার	4
হলফ	4
বোঝই	4
পদার্থে	4
নিরিক্ষা	4
আগেভাগে	4
স্নায়ুবিক	4
কইস	4
বিশালদেহী	4
উচ্চমাত্রার	4
শয়তানির	4
অমর্যাদা	4
শর্টকার্ট	4
শোনানোর	4
চোরাবালি	4
মহিমায়	4
ওগুলার	4
চুকে	4
ওয়াদার	4
লাফানো	4
রিই	4
অকালে	4
সার্বিয়াতে	4
ভাইটাকে	4
ডিপ্লোমা	4
ফ্যান্টাসি	4
ব্রেনের	4
বিষ্ঠার	4
মক্কেলদের	4
সবর্দাই	4
খাঁড়া	4
বারেই	4
রাইকো	4
দৃস্টি	4
পশুটা	4
চুদে	4
সৃস্টি	4
কিন্ডারগার্টেনে	4
দেশটাই	4
পশ্চাতদেশে	4
অবাধ	4
বেশ্যাটা	4
সন্নাসীরা	4
একমাসের	4
থাঞ্জাভুর	4
সময়কাল	4
পৌছালো	4
রাজাই	4
রমেশ	4
বদমাইশের	4
অস্পৃশ্য	4
সাম্বার	4
খননের	4
খাইস	4
লাঞ্চার	4
উত্যক্ত	4
লিপি	4
এইগুলার	4
ঘুমাস	4
ঘাড়টা	4
এনারা	4
জলাধার	4
উত্সর্গ	4
নাচবি	4
অভিনয়েঃ	4
ক্লারেন্স	4
হ্যারল্ড	4
অ্যাডভেঞ্চার	4
ক্যামব্রিজে	4
সাতজনের	4
বিড	4
কেউতো	4
ফাদ	4
শান্তিবাদী	4
ভাবিই	4
আধমরা	4
কোরিয়াকিন	4
জাদুকে	4
প্রলোভনে	4
জরাজীর্ণ	4
হাটাহাটি	4
মায়াবী	4
ড্রাগনে	4
দাড়ানো	4
তরবারিটা	4
কেটেই	4
সংগ্রামে	4
সাহারা	4
অভিধান	4
সিকি	4
দেশটি	4
চাষীদের	4
মালি	4
আশ্রয়ের	4
কোরান	4
জ্বাল	4
পেয়েছিলেন	4
মরিয়া	4
প্রযুক্তিগত	4
বিনিয়োগ	4
ব্যয়বহুল	4
সেদ্ধ	4
ফুটপাত	4
উইপোকা	4
ক্ষিতি	4
পুন	4
প্রতিনিধিদের	4
ঘরকে	4
ওঠেন	4
উপকণ্ঠে	4
ছেলেমেয়েদের	4
অপ্রয়োজনীয়	4
কিস্তিতে	4
সহন	4
অতীব	4
প্রশাসনের	4
উপস্থাপনার	4
শুনছিল	4
পার্বত্য	4
রাজস্ব	4
দেখাতাম	4
ভাইকেও	4
পুষ্ট	4
ব্লিডিং	4
লোরেইন	4
পাদ্রীর	4
ঘুমিয়েছিলে	4
মুসাফির	4
হারামজাদী	4
গ্রামোফোন	4
প্রতিপালক	4
ফ্যাসিবাদী	4
পীড়িত	4
ত্রুটিপূর্ণ	4
কসিম্যানো	4
দন্ত	4
বাঁটকুল	4
লজ্জাহীন	4
বসবি	4
চরিতার্থ	4
বিভাগীয়	4
সিসিলি	4
বেনামি	4
ধ্বংসই	4
হওয়াটাও	4
সবগুলোতে	4
সম্পাদনায়ঃ	4
সেইটাই	4
আস্তানার	4
ঝাঁকাচ্ছি	4
মেগামাইন্ডকে	4
মরীচিকা	4
অপরূপ	4
ফুলকি	4
জায়গাগুলোর	4
ফুটপাথ	4
সামাজিকভাবে	4
নায়ককে	4
আমব্রেলা	4
মায়	4
অদক্ষ	4
ফেক	4
প্রোগ্রামার	4
মৃত্যর	4
আসতাছি	4
রু	4
সময়জ্ঞান	4
বিষমুক্ত	4
অসুস্থদেরকে	4
চোখই	4
রক্তশূন্য	4
৫টি	4
রেসলিং	4
পোলাডা	4
মাতালের	4
সুতোয়	4
জগটা	4
একশত	4
ছাতাটা	4
দালান	4
ঠেকা	4
সদ্যই	4
ফ্লোরিডাতে	4
ব্যাপারস্যাপার	4
লরিস্টন	4
কাঁপে	4
উন্মাদটা	4
শার্লকের	4
২২১	4
খুঁজলাম	4
মুখিয়ে	4
আইকিউ	4
ডাকলেও	4
মরেছিল	4
পোড়ার	4
হ্যান্ডেলের	4
দর্শনীয়	4
উদ্বোধন	4
মার্ভ	4
অবতরন	4
খুশিও	4
গেইমের	4
দায়ি	4
অভিপ্রেত	4
ভূখণ্ডে	4
মিলি	4
ওয়াইফাই	4
অপূর্ণতা	4
যানটি	4
সপ্তাহই	4
ইনস্যুরেন্সের	4
চাং	4
সাধের	4
পরেছিস	4
শুওর	4
পাইলেই	4
জাংয়ের	4
কমও	4
পেইন	4
শুওরের	4
হওন	4
রেজো	4
আন্দ্রে	4
মাস্তানদের	4
যৌথভাবে	4
খাটাশের	4
কুস্তী	4
টুর্বো	4
রাউন্ডের	4
সময়টুকু	4
টানছিস	4
ঠাপ	4
ডলা	4
ধুঁকে	4
সজোরে	4
কর্মসূচী	4
তাঁরাও	4
অনুচর	4
শিরচ্ছেদ	4
সিরিয়া	4
ঢেকুর	4
ব্ল্যাকস্মিথ	4
তীরটা	4
মনিবকে	4
কার্যালয়	4
বানিজ্য	4
ম্	4
শাটিলনের	4
ধ্বনিতে	4
অহঙ্কারের	4
দুর্দশাগ্রস্ত	4
পরিনতির	4
পৌছাব	4
প্রকৃতই	4
ষাড়	4
সমর্থনকারী	4
শাসনভার	4
সেনাপ্রধান	4
হ্যাঁলো	4
রটেছে	4
গোলাবর্ষণ	4
বাসীর	4
বোলোনা	4
বেরও	4
চাবাতে	4
যাওনা	4
কল্পনাতীত	4
দাঁড়াতেই	4
আচরণে	4
ভালবাসলে	4
বং	4
ঘটেই	4
ফ্লেভারের	4
বিচ্ছু	4
ছেলেবেলার	4
বেরী	4
স্ফীত	4
নালায়	4
অমনি	4
টেলিপোর্টার	4
মাথাতে	4
বাটনটা	4
মাথাতেই	4
দিবোনা	4
সোনামানিক	4
ধরলেন	4
হাটুতে	4
এরপরেই	4
সোনাদানা	4
চিল্লাপাল্লা	4
সাকিন	4
টাথা	4
বাসাতেও	4
নুরান	4
আসোতো	4
মিলনমেলা	4
জোচ্চুরি	4
দাদুকে	4
ছাইপাশ	4
উঠেনি	4
উঠোন	4
হলোটা	4
ভুললে	4
কিনেছো	4
টার্কিশ	4
খেয়েছিস	4
মধ্যবিত্ত	4
মারবিনা	4
বদলেছি	4
পাছে	4
আটকান	4
ড্রেসে	4
এন্ডিং	4
ওয়েস্টন	4
বৃত্তান্ত	4
থাকাও	4
রাজপ্রাসাদ	4
মরিন	4
ক্যামরা	4
মেকআপের	4
কুপারের	4
বিজয়ীর	4
সয়	4
শিহরণ	4
পৃষ্ঠার	4
শেষেরটা	4
এগুবো	4
লাম্পি	4
পোশাকটি	4
অবসাদে	4
দ্বীপটি	4
উঠিনি	4
পেছাতে	4
ওয়াইড	4
দৃশ্যে	4
দৌড়াবো	4
সুবোধ	4
কমোডে	4
বোকামো	4
নৌকাটি	4
বিনিময়েই	4
মাঝপথেই	4
ক্রোমিয়াম	4
শহরটিকে	4
লণ্ডভণ্ড	4
নামেন	4
তুলেন	4
সবা	4
ক্রামের	4
গবলেট	4
হার্বোলজি	4
পোষাকটা	4
মঞ্জিলের	4
গোছাতে	4
লবণাক্ত	4
প্রতিযোগীকে	4
উইজলিকে	4
সাক্ষ্যি	4
দাঁড়াল	4
ষ্টোর	4
ডোনেশন	4
পারসোনাল	4
কস্কি	4
কানেটিকাটে	4
গুষ্ঠি	4
হিশু	4
সেন্ট্রালে	4
নিক্স	4
জিরাফের	4
কর্তৃপক্ষদের	4
শ্	4
ক্যালিফোর্নিয়ার	4
অবধারিত	4
কামড়াও	4
আামার	4
ফিজি	4
খালমারী	4
গাছও	4
কিকরে	4
ঘুমকাতুরে	4
ব্যপারনা	4
মহারাণীর	4
মগ্রিম	4
চারজনকেই	4
আসলানকে	4
খুজেছে	4
ছকের	4
সেইজন্যই	4
ওরিয়াস	4
ফিঞ্চলে	4
এপর্যন্ত	4
অশ্বমানব	4
জিতিয়ে	4
জাডিস	4
যাদুবিদ্যা	4
হরিণটা	4
সপ্নের	4
উঠছিলো	4
বেকের	4
সাক	4
ভিষন	4
বিজ্ঞতার	4
করেতে	4
অপেশাদার	4
রগে	4
বাধ্যতা	4
সাথীদের	4
ন্যায়নিষ্ঠবান	4
ফক্সের	4
ফাউন্ডেশনের	4
জাম্পিং	4
মালকড়ি	4
ডিলারদের	4
ডনকে	4
বখে	4
ল্যব	4
কার্যক্ষমতা	4
পরছায়া	4
এন্টিডট	4
সাপ্লাইয়ে	4
ক্লিয়ারেন্স	4
মসীহ	4
পরামর্শটা	4
ছেদ	4
ডিউস	4
কিনছে	4
দুইয়ে	4
ফালাইবো	4
কামডা	4
হাফপ্যান্ট	4
কানাঘুষো	4
সাইকেলে	4
অপমানে	4
সম্পর্ককে	4
পয়সাওয়ালা	4
বাবারও	4
চালায়া	4
হাজবেন্ড	4
ম্যালেরিয়া	4
জড়াজড়ি	4
তুলেছিলো	4
স্কয়ারের	4
ধরাধরি	4
ঠ্যালা	4
বাচ্চাগুলার	4
ছাড়লেন	4
ডিসমিস	4
ক্যালরি	4
৬০০০	4
সম্মোহনের	4
স্পাইসি	4
ম্যাসেজের	4
বৃষ্টিপাত	4
পরাও	4
ছিয়া	4
বিস্ফোরণতো	4
হবারই	4
আঙগুল	4
শিখাবই	4
হাবিযাবি	4
চোখদিয়ে	4
উদেশ্যের	4
অস্রযোদ্ধা	4
আস্তাছে	4
মুহাম্মদ	4
স্ট্যাকস	4
চালাত	4
স্ট্যান্ডের	4
ইতালির	4
অর্গানাইজেশন	4
জয়েন্টে	4
ইউনিয়নের	4
এন্টোনি	4
সিটিজেন	4
চিত	4
গড়গড়	4
ক্রেডিটের	4
মোরির	4
ফিটিংয়ের	4
পাসনি	4
শুনিস	4
ছুঁয়েও	4
কিলবিল	4
ঘুরছিল	4
কামায়	4
ক্রুরা	4
ট্রাংক	4
মাফিয়াকে	4
জুনিয়রকে	4
বেচছে	4
ক্রল	4
উইকেন্ডে	4
সিংহকে	4
কাটত	4
মাংসটা	4
পিটসবার্গের	4
কনসার্ট	4
মেশানোর	4
ভিড়িয়ে	4
সিটার	4
ঘানি	4
প্রোগ্রামেই	4
কাস্টোমারের	4
জড়িয়েছ	4
বন্দক	4
স্টোরের	4
রেজিস্ট্রি	4
হিলকে	4
ওয়ালাদের	4
করবো	4
ঝাকুনি	4
প্রানীর	4
প্যাকেটের	4
কাটিয়েছি	4
ভেঙেছো	4
জায়গাটা	4
সরিয়ে	4
যেকোনভাবে	4
আঘাতও	4
দিয়েছিল	4
অন্যটি	4
পালিয়েছিল	4
জরুলি	4
লেকটারকে	4
১৯৮১	4
জোকের	4
রাসপেল	4
দৃশ্যকল্প	4
প্রোফাইলের	4
বিমেল	4
এলাকাগুলো	4
শারীরিকভাবে	4
লামার	4
দাতের	4
ইয়উং	4
প্রণোদিত	4
সুমদ্র	4
কীটপতঙ্গের	4
হাঁটলেই	4
লোশনটা	4
স্কিনে	4
বয়েল	4
প্রাসঙ্গিক	4
ঠাণ্ডার	4
স্পীকারে	4
স্বাচ্ছন্দ্যবোধ	4
ঝনঝন	4
বোনরা	4
ফোঁস	4
চেঁচিয়ে	4
প্রতিশ্রুতির	4
যতদ্রুত	4
বিস্ময়ে	4
অবজ্ঞাসূচক	4
ঐতিহ্যের	4
পৃথিবীকেও	4
ইনসপেকটর	4
দূষণের	4
প্রণয়ন	4
ফিকস	4
হুইসেলের	4
মধ্যদিয়ে	4
প্রহরীর	4
বিদ্রূপ	4
কেলভিনের	4
মৌসুমি	4
স্টিম	4
বেড়াচ্ছিল	4
অ্যাকাডেমির	4
রাবিশ	4
নিস্তব্ধ	4
মাইনের	4
তুৃমি	4
সাটেলাইট	4
কয়েকটাই	4
সেইরুক	4
ডিগ	4
সরবে	4
শিখিয়েছো	4
খুঁজতেছি	4
সাহসীকতা	4
নিজেদেরকেই	4
কাসটাস	4
রোমকে	4
ড্যাগ	4
সারমাশিয়ান	4
অত্যান্ত	4
এলেক্টো	4
শোনাচ্ছেন	4
পোপকে	4
আসতেছ	4
পেড়িয়ে	4
ফরমায়েশ	4
বিদ্রহীদের	4
উৎপাদিত	4
অভীষ্ট	4
মুখপাত্র	4
বানিও	4
রোমানের	4
সমস্যাতে	4
বৃত্তাকার	4
অ্যাজটেক	4
বিজয়ের	4
কোরবানির	4
অগ্নিসংযোগ	4
কুশ্রী	4
এয়ারলাইন্স	4
ইন্সপেক্টরকে	4
কাস্টমস	4
কোঝিয়া	4
বিরোধীদের	4
ভাগোবাগিন	4
জ্যামাইকা	4
ফরমটা	4
পেলেস	4
এখনোই	4
মপ	4
সিবিপি	4
এলিয়েনদের	4
লোকগুলিকে	4
কেন্টালনি	4
খুবোই	4
চের	4
পেনটি	4
মেডিসিনগুলি	4
পিলগুলি	4
কারনই	4
কেনেনোলি	4
ক্রয়স্যান্ট	4
পেজারটা	4
এখনেই	4
জোসেফিনকে	4
উত্তরই	4
গলসন	4
স্যাক্সোফোন	4
পুরনের	4
ক্ষমতাচ্যুত	4
লকেট	4
পর্যটন	4
১৯৭৯	4
উড্ডয়নের	4
বার্সেলোনা	4
১৫০০	4
লবি	4
বেসটা	4
লুমোস	4
স্ট্যান	4
আসতেসে	4
চাকরানীকে	4
আজকাবানের	4
হিপোগ্রিফ	4
নম্রতা	4
ডিমেন্টরের	4
ভালাই	4
ভূতদের	4
প্রংস	4
সৌজন্যে	4
মরেডার্স	4
এইদিকেই	4
রোজমার্তা	4
অন্তঃস্থল	4
নক্স	4
ঘুরছ	4
ধ্যান্দা	4
নিভাতে	4
পার্সির	4
কোয়ারেন্টিন	4
ডিগ্রীতে	4
ডিট্রিখ	4
অ্যাসিস্টেন্ট	4
রক্ষণাবেক্ষণ	4
শ্যুট	4
প্রতিদ্বন্দ্বীদের	4
সিগার	4
পৃথিবীজুড়ে	4
রোষ্ট	4
ফিল্মে	4
পোস্টের	4
লকহেড	4
এভিয়েশন	4
ইঞ্জিনিয়ারিংয়ের	4
হিংস্রতার	4
দৈর্ঘ	4
ছুটছ	4
জখমের	4
গ্লোভ	4
কুকুরটার	4
স্পেন্সার	4
বিক্রয়ের	4
কাভারেজ	4
কৃপণতা	4
কাশ্মীরি	4
ব্রুস্টারের	4
বেভারলি	4
ক্ষতচিহ্ন	4
ওগুলোতে	4
আর্টি	4
লম্বাচওড়া	4
ব্রুস্টারকে	4
সৎভাবে	4
মিথ্যারোপ	4
থ্রোটল	4
টার্বাইন	4
তুরুপের	4
বদরাগী	4
দেখোই	4
চপস্টিক	4
কখোনোই	4
ওঠেনা	4
দাঁড়িয়েই	4
বদলিয়েছে	4
পিঁপড়াদের	4
ছাড়তেই	4
দেবনা	4
হিসাবও	4
রাগারাগি	4
ফেরাবে	4
ফেরানো	4
উপলক্ষ	4
ঘাসে	4
বাতের	4
কেশর	4
জ্বলজ্বলে	4
পদার্পণ	4
যো	4
দৃশ্যপটে	4
কেম্ব্রিজ	4
ফ্যাক্টর	4
ফুটাতে	4
লিওনেল	4
পাঁচটায়	4
গলাকাটা	4
ভ্যানর	4
শিম্পাঞ্জি	4
ট্যামি	4
চলতি	4
বাচচা	4
খুনিটাকে	4
ধরছেনা	4
টিপটো	4
ব্রাইটনে	4
১৮৫	4
করবী	4
দিনগুলিতে	4
সমকামি	4
সার্বিয়ানদের	4
কাদছিল	4
ডিউকের	4
ব্যাপারগুলি	4
মিলেছ	4
ঘটনাক্রমে	4
সরবারহ	4
সিডিটা	4
দুপক্ষের	4
কালারে	4
ট্রেভ	4
কারট্রিজের	4
এলবি	4
হাবার	4
ডকি	4
হুইলচেয়ারে	4
বেজন্মাকে	4
কেয়ারে	4
পুনর্মিলনের	4
এগোয়	4
বাথ্রুমে	4
ভুগিয়েছ	4
সফলতায়	4
মধ্যস্থতাকারী	4
২০১০	4
চাকায়	4
স্মৃতিসৌধ	4
ফাটবে	4
নিরীক্ষণ	4
ভাতৃত্ব	4
লিমিট	4
ফেরতও	4
খুইয়েছে	4
ওয়াকিটকি	4
চাকুরে	4
ফোটার	4
ফাটাবো	4
১০০তম	4
দাড়াঁ	4
ঘুরলাম	4
বদমাইস	4
যতখানি	4
কনসার্টে	4
দাড়িঁয়ে	4
ফ্লেমিং	4
জিলিয়ান	4
টিজার	4
মেরু	4
লিগের	4
র‍্যামসবটম	4
হাস্যজনক	4
ইউনিকর্ন	4
ডাম্পটি	4
সওয়ারি	4
চেহারাকে	4
আলিশান	4
আম্রে	4
ফিজিক্যাল	4
ডার্ট	4
ভোদকা	4
কইলা	4
মমিন	4
হাসিবুল	4
পাত্রীর	4
ক্যান্টিনে	4
ক্রিকেটার	4
ট্রেনিংটা	4
দাঁড়াব	4
করাবি	4
বন্ধুটির	4
ভাঙছি	4
অনুভূতিও	4
বারই	4
চাইছিলি	4
ভালোবাসলাম	4
কেলেঙ্কারি	4
লুকিয়েই	4
শ্রাবণী	4
বুঝতি	4
দেওয়াটাই	4
একেবার	4
শ্রিনিভাস	4
পিনাট	4
রেজিন	4
বেনশপ	4
মাল্টি	4
চুপটি	4
১৯৪২	4
ফ্রাঙ্গোইজ	4
লেটুস	4
সাময়িকভাবে	4
অ্যানাকে	4
এ্যডভান্সড	4
মেকানিক্	4
আফগানী	4
ঘুমাননি	4
প্রিহেনসাল	4
পারবেননা	4
ম্যান্ডারিনকে	4
মস্তিস্কে	4
টয়লেটেও	4
রাখছেন	4
প্রিন্টারের	4
সাগরেদরা	4
পলিটিক্স	4
আঙ্গুলটা	4
নান্না	4
মনজুর	4
ব্রডকাস্টের	4
উদহারণ	4
মানুষদেরকে	4
দোস্তের	4
কম্পাউন্ডে	4
কয়জনকে	4
গদিতে	4
ফাটাও	4
মশায়	4
মুখকে	4
নাটকীয়ভাবে	4
শূয়োর	4
ছুঁয়ো	4
পাখিটি	4
শিখলো	4
সেটাইতো	4
ক্রডস	4
ডাইনিকে	4
আলকাতরা	4
বাচিয়েছো	4
বৈরী	4
ভিমল	4
কারনও	4
গোয়ার	4
শেষপ্রান্তে	4
কল্যানে	4
ফালায়	4
টিসি	4
ছাইয়ের	4
করতাছো	4
মাতৃভাষা	4
নর্থে	4
ভেবেচিন্তেই	4
ঠাংগাবালির	4
বুঝছে	4
বাপও	4
দেখছোস	4
রেফারি	4
টিংগু	4
বুঝছোস	4
স্মাগলিং	4
টাংগাবালির	4
কোলাকোলি	4
গ্রামবাসীকে	4
গামছা	4
হালুয়াওয়ালা	4
ইন্দুর	4
সেজেগুজে	4
জান্নাতের	4
ম্যারাথনের	4
উদ্ভাবনের	4
বিনাশের	4
আম্মাজান	4
বড়গুলো	4
হায়েমডাল	4
ধন্যবাদের	4
ভেজিটেরিয়ান	4
জুতোটা	4
বাঁদিকের	4
জেনকে	4
জ্বলছ	4
সিনেট	4
ভোটাধিকার	4
পর্যবেক্ষণে	4
সন্নিকটে	4
থেমেছি	4
দলবেঁধে	4
স্পিকারের	4
সমাদর	4
পরিদর্শনে	4
ভালোকরে	4
স্ট্যান্ডার্ড	4
প্রদেশে	4
কুণ্ডলী	4
কংগ্রেশনাল	4
নিয়মেই	4
লিঙ্গের	4
বোলিং	4
ব্লগে	4
ম্যারিন	4
বেজমেন্ট	4
ওয়াকারের	4
গেসিরে	4
২৫তম	4
ডলারগুলো	4
ম্যালকাহি	4
মারটিনের	4
দায়িত্বপ্রাপ্ত	4
ফটোগুলো	4
প্রবেশমুখে	4
অগোরে	4
ফ্রিম্যান	4
জ্যাকপট	4
চুকিয়ে	4
মিসাইলগুলো	4
পাঠানোটা	4
লাউড	4
মধ্যপ্রাচ্যে	4
ব্যাংকক	4
সেন্টিমিটার	4
সিডনিতে	4
বুজেছি	4
আসেই	4
মরুভুমির	4
ইসাক	4
লতাপাতা	4
প্রানে	4
বাঁটুল	4
সবের	4
ঘেনঘেনানি	4
লাফিয়েছে	4
অধিকারীরাই	4
উলটা	4
মাঞ্চিন	4
আগাই	4
বিশ্বাসকে	4
খুক	4
সালফার	4
ট্রলি	4
নগরবাসী	4
আসবিনা	4
জোরের	4
লেখালেখির	4
ফিয়ালব্যাকা	4
১৯৪৬	4
১৯৪৩	4
চুপিসারে	4
দুবছর	4
নরওয়েতে	4
সুইডেনের	4
সার্বক্ষণিক	4
নিশ্চিৎ	4
হ্যান্সের	4
যাচ্ছোনা	4
লটের	4
ওলাভসেনকে	4
হারম্যান	4
গন্তব্যস্থলে	4
এইইই	4
দেখোতো	4
সত্যটাই	4
১৯৪৪	4
পেরি	4
বাধাই	4
রক্তকে	4
প্রসন্ন	4
ফ্লোরিডার	4
রথ	4
শরাব	4
নেক্টার	4
ভাবানুবাদঃ	4
চাচি	4
নিষেধাজ্ঞা	4
হেডস	4
সহায়তায়	4
ঘটাবো	4
বয়েস	4
অভ্যন্তরে	4
কাপ্তান	4
সৈকতের	4
রাইড	4
দৈত্যটা	4
সমসময়	4
পুত্রদের	4
তলোয়ারটি	4
জরিত	4
খাউ	4
কাঁথা	4
ঝাঁকে	4
ইশ্বরকে	4
মহামারীতে	4
রাজপ্রাসাদে	4
রোডেরিককে	4
বন্যদের	4
সংক্ষেপ	4
ধোয়ায়	4
বিচির	4
ম্যাকাও	4
কাবুল	4
লাগসে	4
ক্ল্যস	4
আমাগোর	4
ফটোকপি	4
আসছিলনা	4
পাল্টাই	4
নিলামের	4
হইলেও	4
চাইবনা	4
করছিলনা	4
পেপারওয়ার্ক	4
টরেটোর	4
রাশান	4
ডোবে	4
এবি	4
তথ্যও	4
নড়িস	4
স্পর্শে	4
ব্যাচের	4
রিফাত	4
ফারজানা	4
ফুলতে	4
কুটির	4
ঘূর্ণায়মান	4
প্রদীপ্ত	4
ক্রলিং	4
এদেশে	4
অশ্লীলতা	4
ডার্কনেস	4
ডাইস	4
ডেবরা	4
ব্রেকআপ	4
বিচারকার্য	4
ফুটানো	4
কেপ্টেইন	4
বেক্তি	4
৭৪৫	4
৮৭০০	4
৩৭৫	4
এতীমখানায়	4
ভ্যাসেলিন	4
কিলোগ্রাম	4
৮০৩৮	4
অভিবাহকদের	4
গেতে	4
পড়শি	4
ফাঁসীর	4
নিউহ	4
সিগন্যালটা	4
হুন	4
ভরসাদায়ক	4
পিছনটা	4
ব্রেকে	4
ইটা	4
হৃত্পিণ্ড	4
পুনঃশক্তিসঞ্চার	4
ফলাফলই	4
প্রমাণই	4
প্রিন্সিপ্যালের	4
হেইও	4
পাখীর	4
এরেবরে	4
বম্বার	4
ওকেনশিল্ড	4
বাসীরা	4
শৃঙ্গে	4
এল্	4
ঘুরেছে	4
এগোব	4
মাউন্টেইন	4
প্রয়াস	4
রূপা	4
হাতিয়ারও	4
হিলসে	4
মাষ্টারের	4
প্রাণীটা	4
ভাণ্ডারে	4
বসবাসযোগ্য	4
কোডেক্স	4
কেলেক্স	4
কেলর	4
মহাবিশ্বে	4
ক্রিসসি	4
লোইছ	4
পঁচার	4
দলনেতাও	4
তাছারা	4
ব্যাক্তিই	4
ওওয়া	4
নথিতে	4
সহপাঠী	4
সর্বচ্চো	4
থিকই	4
নারীসমাজ	4
পৃষ্ঠাটি	4
কিমস	4
জোগাড়	4
কাঁপানো	4
রহস্যোদ্ঘাটন	4
ডায়ালিং	4
আয়াত	4
পোকামাকড়	4
কম্পমান	4
ধ্বনিবিশিষ্ট	4
সমাধিস্থ	4
গলায়	4
অঙ্কিত	4
ট্যুরিজম	4
পরলোক	4
কচ্কচিয়া	4
অ্যাপ	4
ওপেনহাইমার	4
ক্র্যাকিং	4
সেগুলিকে	4
জাস্টিস	4
ওয়ান	4
দর্শনে	4
উত্থাপন	4
চড়নদার	4
কেড়ে	4
জাদুমন্ত্রোচ্চারণ	4
সাময়িক	4
ব্যক্তিই	4
খেঁকী	4
পতনশীল	4
পরিতোষ	4
পাথ	4
নিদারুণভাবে	4
বেদীর	4
দয়ালু	4
নৈবেদ্য	4
যাচ্ছই	4
বয়সেও	4
নভি	4
কোরিয়াতে	4
ভাইরাসটি	4
মিনকি	4
নম্বার	4
রুগী	4
মনসাইকে	4
সাংসদ	4
সেক্টরের	4
সংক্রামিত	4
সহমত	4
ধরনে	4
এন্টিবডির	4
গিয়েছেল	4
প্রোটকল	4
কৈফিয়ত	4
নুরহান	4
শিক্ষকেরা	4
কালাম	4
ইয়ারে	4
গোরস্থান	4
ভেড়াওয়ালা	4
চোখওয়ালা	4
মুঠি	4
দুরানের	4
পারসোনালিটি	4
অধিকর্তা	4
সারাবিশ্বে	4
রেমজি	4
দেহেই	4
পুনর্স্থাপন	4
মড়ক	4
কোরআনে	4
সংকেতে	4
দাব্বে	4
বিজ্ঞানসম্মত	4
মেডিকেলের	4
লোকগুলি	4
ওয়ালাইকুমুস	4
চালিয়েছো	4
ছোটোবেলায়	4
হাঁটুন	4
যাচ্ছিলনা	4
হাঁটছিলাম	4
অল্পবয়সী	4
দুহাত	4
মুসলিমদের	4
ক্রুসিফাইড	4
শব্দকে	4
জানাতো	4
কমিউনিকেশন	4
বিয়াল্লিশ	4
হিউস্টনের	4
টেলিস্কোপ	4
এক্সপ্লোরারে	4
এনাটলি	4
ট্রান্সপোর্টের	4
খুজেও	4
বেসের	4
সয়োজ	4
এয়ারলকের	4
টিয়াংগং	4
তরঙ্গে	4
উলট	4
বেতে	4
বেতটা	4
খোশাটা	4
স্তূপের	4
বপনকারী	4
শন্দ	4
বিনয়কে	4
ব্যান্ডটাকে	4
কসরতবিদ	4
খ্যাতিসম্পন্ন	4
পরিবেশনায়	4
সারাগোটায়	4
অনস্বীকার্য	4
হ্যামিলটন	4
সারাগোটার	4
বাসস্থানও	4
সারাগোটা	4
জর্জিয়ান	4
মেজে	4
আইব	4
অবস্থাডা	4
তুইল্যা	4
খোঁজতাছে	4
গুনতাছে	4
লোকশিল্পী	4
পাডানোর	4
অর্লিন্স	4
যেইখানেই	4
যাইবা	4
কাউরেই	4
কওন	4
অইছে	4
জোনাস	4
সম্পতি	4
বাচমু	4
অকারনে	4
রাইখ্যা	4
আব্রাহামের	4
মতবাদে	4
পানিপথে	4
গোস্তের	4
থাকিবে	4
ডুবিয়া	4
ইন্দ্রিয়কে	4
পিপা	4
রেশমী	4
ভঙ্গকারী	4
মাঠেই	4
গড়ালো	4
বিরক্তিতে	4
পশুগুলো	4
যেইসব	4
জাগালাম	4
ভুলক্রমে	4
সরলভাবে	4
মানুষজাতি	4
নিজেরি	4
কতা	4
হ্যাম্পটন	4
স্ট্যানটন	4
ম্যাককিনি	4
মিষ্টার	4
মহাশূন্য	4
চম্পট	4
একগুচ্ছ	4
সহযোগীকে	4
পন	4
ভেল্কি	4
নাড়ানো	4
জোসেফা	4
সম্ভবই	4
দাড়াবেন	4
স্বনামধন্য	4
টিভিঃ	4
লাথ	4
ট্রাকটাকে	4
পয়েন্টজ	4
পর্বের	4
অংশটার	4
বিরাজমান	4
বুঝিয়েছেন	4
আবহ	4
কালোবাজারির	4
ইনচেয়ন	4
ভাবীর	4
থাপড়	4
জিব	4
রুই	4
কাতলা	4
মিয়াঁকে	4
জেইল	4
৮টি	4
বংশোদ্ভূত	4
ম্যানেজিং	4
জাংকে	4
ধড়াম	4
আবালদের	4
কসাইদের	4
খুঁজতেই	4
গুর	4
ধ্যাততেরি	4
রোলেক্স	4
আখ্যা	4
দুয়ে	4
রাখছিস	4
হিজড়াদের	4
গ্যাছে	4
উঠেপড়ে	4
গলিও	4
জংলীদের	4
টসটসে	4
চিল্লাবি	4
ডাটাবেস	4
সুংকে	4
অ্যাকশনে	4
প্রাণপণ	4
আত্মদান	4
জিন্দালাশের	4
ইয়োসু	4
উচুঁ	4
গাধাগুলো	4
প্লানের	4
অন্তরালে	4
ডিলটা	4
মড়ার	4
গ্যাঞ্জামের	4
সর্বোৎকৃষ্ট	4
ভবঘুরেদের	4
বাচঁবো	4
ব্যারেলের	4
মাদারচোদের	4
সংশোধিত	4
ব্যঘাত	4
মুভিরনামঃ	4
দেখিয়েছিল	4
দুর্ব্যবহার	4
আকাশেই	4
গভর্নরের	4
চিনতোও	4
বাসিন্দাদের	4
তদন্তটা	4
আরিয়ানের	4
সিদ্ধান্তগুলো	4
দিল্লীর	4
শুনাই	4
মৃত্যুবার্ষিকী	4
আইজি	4
সুযোগটাও	4
নজরদারীর	4
অভিযোগটা	4
চাকুরীতে	4
সেটারই	4
দিনটিতে	4
জায়গাটাতে	4
ব্যাখ্যাও	4
উপসংহার	4
এসিপির	4
এমতাবস্থায়	4
হাইডোজ	4
মৃত্যুশয্যা	4
বিড়ালগুলো	4
তন্ত্রমন্ত্রের	4
ন্যাচুরম	4
ডেমোন্টো	4
কান্	4
জোঁকের	4
পাড়ানি	4
কেদনা	4
আসাদুজ্জামান	4
আবল	4
তাবল	4
বকে	4
ইয়ংগ্যাং	4
তথ্যচিত্র	4
নিবন্ধিত	4
সিরিঞ্জ	4
বাড়ানোর	4
মোড়ের	4
প্রিন্টের	4
পরিমার্জিত	4
সিরিল	4
চার্জার	4
ক্রিস্টির	4
ক্রিস্টোফারকে	4
দিয়েছিলে	4
থামাবেন	4
ট্যাটুটা	4
পথটাই	4
মরিয়ার্টির	4
ভোল্টেজ	4
লেফট্যানেন্ট	4
হেডলাইটের	4
প্রগতিশীল	4
এন্টারপ্রাইজের	4
অ্যাকাউন্টটা	4
প্রিমা	4
রোমবাসীরা	4
মুখোশধারী	4
নিশানাওয়ালা	4
খোলাতে	4
প্লেটস	4
টাকাগুলোর	4
অঙ্কে	4
সুরিলো	4
লুব	4
যকে	4
মেয়রকে	4
যেরকমভাবে	4
লড়ছ	4
জীবনযাপনের	4
খেলছিনা	4
ধুরু	4
কভারে	4
অ্যাভিনিউ	4
রীজকে	4
ল্যাম্বোরগিনি	4
হসপিতালে	4
ড্যাভিস	4
গণ্ডিতে	4
ভ্যানকে	4
রামিরেজ	4
বোটকে	4
ক্লাউন্স	4
ক্লাউন্সরা	4
বেঈমানির	4
ঝুকিপূর্ণ	4
বানাতো	4
স্থানকে	4
ফেদা	4
লিজট	4
ইহার	4
ছেদন	4
পাভেল	4
সৈন্যে	4
কটলার	4
আকাঙ্খা	4
কমানডেন্ট	4
প্রতিযোগীর	4
পারলামনা	4
পরথোস	4
রুপীর	4
গোড়ায়	4
কাষ্টমার	4
লেখাটা	4
যাবেননা	4
সুরদাস	4
মিরা	4
আব্বে	4
তাইলেই	4
ম্যালা	4
পাইছস	4
অক্লান্ত	4
মমতাজের	4
হাসপাতালেই	4
শিমলা	4
আইছি	4
অরবিন্দ	4
ষ্ট্রীটে	4
অহন	4
মামন	4
কম্পিউটারজি	4
জাভেদ	4
কেন্দ্রবিন্দু	4
চীট	4
বেশীরভাগই	4
আরামিস	4
প্রভূ	4
রাজপুত্রকে	4
এগিয়েছো	4
ঝরেছে	4
সুযোগেই	4
হয়ছিলো	4
শিঙ্গাটা	4
কয়েকশ	4
নিকাব্রিক	4
পট্টি	4
নারনীয়ান	4
নারনীয়ানরা	4
কাস্পিয়ানকে	4
শাস্তিও	4
লড়েছিলে	4
কখনওই	4
করতামনা	4
টেলমারিনদের	4
গড়ায়না	4
নেননি	4
শিঘ্রী	4
সৌভাগ্যবতী	4
নিমিত্তে	4
সেতুতে	4
এক্সিওম	4
উপরিভাগ	4
হোয়াহ	4
গাছটাকে	4
বিরাম	4
নিখোঁজের	4
দেম	4
পংক্তি	4
অ্যাটেনশন	4
হারাবি	4
বাঁচলে	4
যুবাকে	4
অ্যালাকিকে	4
যাসনে	4
ভক্ষণ	4
মরছেনা	4
পারবই	4
আসলনা	4
নুড্যুলস	4
প্রতিদিনকার	4
ক্যামেরাও	4
১০৩	4
প্রেজেন্ট	4
রেসিপিটা	4
ঢলে	4
ছুড়েছে	4
হিরোকে	4
আততায়ীকে	4
অর্থই	4
সাইবর্গটির	4
আকা	4
কিছুকিছু	4
মেইনল্যান্ড	4
শীতযাপনতা	4
পোলেন	4
খানার	4
ফেয়ারীর	4
ফিসফিসিয়ে	4
জাগাব	4
তারায়	4
দেড়শ	4
ফাকে	4
বাচ্চাদেরও	4
বনাঞ্চল	4
তৃতীয়াংশ	4
মোকাবেলায়	4
ভাগই	4
সমুদ্রপৃষ্ঠ	4
সারস	4
একেকটি	4
ওয়েলন	4
পেঁয়াজের	4
জ্যাকসনভিলে	4
কেঁচো	4
কনট্রোল	4
বডিটা	4
নিঃশর্তভাবে	4
গ্রাজুয়েট	4
জেসপারঃ	4
স্টুডিওর	4
প্রটেক্ট	4
নার্সারি	4
সাংস্কৃতিক	4
ভ্যাকুয়াম	4
চালায়	4
শর্তাবলী	4
জ্যোতির্বিদ্যা	4
তাড়িয়ে	4
উত্সাহিত	4
চিনাবাদাম	4
প্রাচুর্য	4
বিবাহবিচ্ছেদ	4
গুলিয়ে	4
আমূল	4
ট্রাঙ্কের	4
আমের	4
পাঠালেই	4
ফোরসিবল	4
লাফানি	4
বাজাচ্ছিল	4
আত্মাও	4
থাকছিনা	4
ইল	4
ঘোস্ট	4
শিলিং	4
ডিসেম্বরে	4
ইভের	4
সরিষার	4
জোড়ায়	4
সাতদিন	4
সাবধানতার	4
ভোজের	4
ঘোঁত	4
যেমনি	4
স্পেক্টার	4
দিকি	4
প্রোটোন	4
চৌম্বকত্ব	4
ফিডব্যাক	4
সিলভানো	4
কলাকৃতি	4
ধর্মও	4
ধর্মকে	4
স্কোয়ারে	4
উল্টাও	4
ভ্যাটিক্যানে	4
নিজদের	4
নিতেন	4
৭৪	4
পৌছালাম	4
বাগ্গিয়া	4
মারতেও	4
চলেছিলাম	4
সমবেতভাবে	4
লিখবেন	4
দুটোরই	4
বাহবা	4
অন্যদিন	4
পাঞ্চিং	4
পারফিউমটা	4
হাঁড়	4
গতরাত্রে	4
ঘুমিয়েছো	4
নাইবা	4
শক্তিমানের	4
আমন্ত্রণে	4
সামগ্রীর	4
অকপটে	4
জিনিসটাও	4
আবরণে	4
বলোঃ	4
রিসিভার	4
ঘটিয়েছিলে	4
কন্টাক্টের	4
অসুস্থই	4
নিরাপত্তাই	4
ভাষাবিদ	4
অপারেশনগুলো	4
প্রতিযোগিতামূলক	4
বিজনেসে	4
ওইদিক	4
এশিয়া	4
চিননা	4
দ্বিতীয়টি	4
পাপমোচনের	4
চুক্তিমত	4
হৃদরোগে	4
হৃদকম্পন	4
ভিজুয়াল	4
লোকেটর	4
ধ্বস্তাধস্তির	4
মাইরের	4
সংঘাতপূর্ণ	4
ফ্রিকোয়েন্সিতে	4
ডিলন	4
কুঁড়ে	4
শ্যামলদাস	4
১৯৭৮	4
দরাদরি	4
ক্যাম্পাসের	4
মুত্র	4
করাকে	4
শাস্ত্রবুদ্ধ	4
কোয়েল	4
জায়গায়ও	4
এত্তো	4
ঘুরতো	4
এবছর	4
একটিবার	4
বুজলাম	4
হিরোশিমা	4
ক্ষুধার্থ	4
প্যারালাইসিস	4
সিসি	4
পণির	4
ঢেঁড়শ	4
খুজলি	4
রুবি	4
মটরশুটির	4
কইরে	4
চাতুরের	4
কবিরাজ	4
ডাকেনি	4
সাইলেন্সারের	4
অপমানের	4
স্টেশনেই	4
গাধাদের	4
পারাম	4
মানানো	4
দিল্লী	4
যাবোই	4
সিক্সের	4
পড়াচ্ছে	4
২৬টি	4
পচতে	4
কাঁদবেন	4
নরমালি	4
কাপুর	4
ভাববার	4
ঢুকলা	4
্যাঞ্ছকে	4
শেরওয়ানী	4
আদর্শবান	4
সবক	4
বেবিকে	4
প্রবণ	4
নামতো	4
বিজ্ঞানি	4
নামব	4
শ্যালক	4
স্বয়ংসম্পূর্ণ	4
হইস	4
৬৬৬	4
ছুঁয়েছ	4
চিচিং	4
বন্ধুত্তের	4
কারনুলে	4
ইষ্টেশনে	4
হারানোটা	4
কোষ্ঠী	4
সাক্রিফাইস	4
ঘণ্টাই	4
অস্ত্রেলিয়ায়	4
পরিমাণও	4
বলবেই	4
ওলসেন	4
সৎকার	4
মেশিনগুলোর	4
এশডন	4
লিডারকে	4
চৌচির	4
মারিয়ানো	4
পাল্টাচ্ছি	4
মামলাগুলো	4
চত্বরে	4
টাইপরাইটারের	4
রাইমুন্ডো	4
অনুচ্ছেদ	4
নিস্পত্তি	4
রোবলেস	4
আর্জেন্টাইন	4
সিকোরার	4
পেটানোর	4
মৃত্যুদণ্ডের	4
মুহূর্তগুলো	4
আলফোনসো	4
মেন্ডেজের	4
চাকুরির	4
ফার্নানদেজ	4
চলেছিলো	4
ড্রয়ারটা	4
ম্যানফ্রেদিনির	4
মাঞ্জা	4
ম্যানফ্রেদিনি	4
বাভাসত্রো	4
ফরচুনার	4
ভূবন	4
গোদোয়	4
দিনটায়	4
আইরিনের	4
চুরিই	4
খেলেছিলো	4
জিতেছিলো	4
সনের	4
সান্দোভালের	4
এডুয়ার্ডো	4
কোলোট্ট	4
লিলিয়ানার	4
ব্যবহারিক	4
১২৮	4
তেনো	4
দুচেছি	4
দুচে	4
ছেড়েছো	4
আর্জেন্টিনার	4
নৎসি	4
শূণ্যতায়	4
টেকে	4
মুক্তিতে	4
ধরবোই	4
গোমেজও	4
নাইজেরিয়া	4
সময়োচিত	4
সু্যোগ	4
জাইরিন	4
শ্ত্রুবাহিনীর	4
একত্রতায়	4
কাগজপত্রে	4
পদচারনা	4
নর্মকে	4
স্টারমবিস্টের	4
ডানপাশ	4
ইডিয়টই	4
প্রোলিমোরিস	4
শিখছিল	4
অনুবীক্ষন	4
স্টিংব্যাটস	4
ট্রান্সডাকশন	4
বদ্ধমাতাল	4
বর্মটা	4
অঞ্চলভিত্তিক	4
আহাম্মকী	4
আপাতভাবে	4
অশুভরা	4
ভিনগ্রহীকে	4
অগাস্টিনকে	4
মস্তিষ্কবিকৃতী	4
ক্ষ্মা	4
নেয়তিলি	4
ঝোঁপঝাড়ে	4
থেনেটরের	4
প্র্যাক্টিক্যালি	4
বানরগুলো	4
আনঅবটেনিয়া্মের	4
হলুদগুলোর	4
ডোজাররা	4
নেত্রী	4
শামানের	4
যতকিছু	4
কিন্ডারগারটেন	4
সিলোয়ানিনের	4
শ্বাসপ্রশ্বাস	4
স্তম্ভগুলোর	4
ক্ষুদ্রভাবে	4
নিয়ন্ত্রনও	4
হালেলুয়া	4
যন্ত্রপাতিগুলোর	4
ভোরটেক্সে	4
ম্যাগ্লেভ	4
এফেক্ট	4
সুপারকনডাক্টর	4
বস্তুগুলো	4
উপরেরটা	4
বিউলা	4
শাহেলু	4
টারোনিউ	4
নাভী	4
টুরনি	4
নর্মের	4
য্তেকি	4
চিহ্নরেখা	4
য়াটএর	4
এপেটিট	4
দেহটাকে	4
ট্রুপাররা	4
সিলোয়ানিনকে	4
ইক্রানে	4
বানশীরা	4
রাহ	4
বৈশিষ্টপুর্ন	4
বন্ধনীটা	4
ওড়	4
বায়োলজিক্যালি	4
কৌতুহলপুর্ন	4
সুস্পষ্টভাবে	4
লিওনোপ্টেরিক্স	4
চড়েছিলেন	4
দৃঢ়সংকল্পকে	4
করেছও	4
সীমাবদ্ধতায়	4
নাভীরা	4
ওমাটিকায়ার	4
লোকজনেরই	4
উত্রায়া	4
মোক্রি	4
কন্ঠস্বরের	4
ঝামেলাহীনভাবে	4
বাসবৃক্ষ	4
নিনাত	4
নিনাতকে	4
বেইরাল	4
ঞ্জেসাস	4
আদিবাসীকে	4
ব্লেডকে	4
ইওয়াকে	4
খাঁজে	4
ওমাটিকায়াদের	4
ফার্নগাছ	4
ঈশ্বরএর	4
ভুডুর	4
ইলেক্ট্রোকেমিক্যাল	4
মুলগুলোর	4
নিউরনের	4
লাইল	4
এঙ্গেলের	4
স্টিপ	4
এম্পস্যুটে	4
ধরিয়েছে	4
ন্যুনতম	4
গানশিপগুলো	4
ইনিশিয়েটিং	4
ইউটুকান	4
আবাসকে	4
টারগেট	4
কুটনীতি	4
ছুঁড়েছ	4
জঘন্যরা	4
স্তম্ভগুলো	4
আবাসের	4
অনধিকারভাবে	4
কিটটা	4
ভোর্টেক্সের	4
রুপকথায়	4
আটেইয়োর	4
দাড়াচ্ছি	4
আকশের	4
উইন্ডসের	4
শত্রুবাহিনীদের	4
বিধ্ধস্ত	4
এম্পটিভ	4
সাম্প্রদায়িক	4
ফাঁটল	4
যুদ্ধযাত্রা	4
শাটলকে	4
প্যালেটগুলোকে	4
পাহাড়গুলোকে	4
গতিবিধিও	4
বোম্বারকে	4
পুর্বপুরুষ	4
শাটলের	4
সুইভেলের	4
সারজেন্ট	4
উড়োযান	4
পিছাচ্ছে	4
প্রতিচ্ছায়া	4
ভিনগ্রহীরা	4
পাঁজরের	4
সুচতুর	4
অ্যালিবাই	4
লেস্ট্রাড	4
গেলোনা	4
কার্যকারিতা	4
বামনটা	4
ততবার	4
অ্যাডলার	4
হস্তান্তরের	4
খোঁদাই	4
বাথটাবের	4
গৃহযুদ্ধ	4
যুক্তিবাদী	4
সুত্রে	4
দিকটি	4
সংসদের	4
বিক্রিয়া	4
স্বাদহীন	4
অবিস্মরণীয়	4
অনসরন	4
মরিয়ারটি	4
গুনি	4
করছিই	4
পচন	4
রুপক	4
পার্সোনালি	4
চোরাকারবারী	4
মেসেজটি	4
খেসারৎ	4
ড্রয়িং	4
টপিক	4
হাজারখানেক	4
নাম্বারগুলোর	4
লেখাই	4
হেডলাইনে	4
দাওয়াতে	4
বাসায়ও	4
তারিখেই	4
৪টায়	4
নিথিন	4
সাবটি	4
মুখও	4
ম্যাডামও	4
রামালিঙ্গাম	4
খোলসা	4
বেঁচেছে	4
কৃষ্ণমূর্তী	4
চাউল	4
টাঙ্গা	4
জনার্ধন	4
আটকালে	4
ডাকছিলো	4
বাজেটে	4
বিহারী	4
কানেও	4
অ্যাক্টিং	4
দরকারে	4
আত্মীয়তার	4
এক্সারসাইজ	4
বালাজি	4
রিমুভ	4
ভাঙতেই	4
কাঁদতো	4
হাঁসতেই	4
বধু	4
ঝামেলাও	4
সামান্থার	4
ভল্লম	4
অ্যাকশান	4
বোঝোনা	4
তীক্ষ্ম	4
সাজেস্ট	4
প্রতিবারের	4
ফাইনালি	4
শেখরকে	4
ঘুমাচ্ছিলেন	4
বাভাগারু	4
বিহারি	4
বান্না	4
লেভেলও	4
ঝরবে	4
সম্পর্কও	4
ঘামাবে	4
খুললেই	4
ছুড়েছেন	4
ইনবক্সে	4
ফ্রিক	4
অতিথিরা	4
অভিষিক্ত	4
ওয়াকিবহাল	4
শিখছ	4
স্থানেই	4
ফাঁশ	4
স্পেসবার	4
রৌদ্রজ্জ্বল	4
মহিলাটাকে	4
গিটারের	4
সরাবেনা	4
ক্যাঙ্গারুর	4
কোনদিক	4
একসময়ের	4
শুনত	4
দৌড়াই	4
বাম্পার	4
আতঙ্কবাদী	4
হ্য	4
পোর্টল্যান্ডের	4
চারটাই	4
ঘামাচি	4
শুয়োরের	4
পাছাটা	4
ওয়ার্ডেনের	4
মটুর	4
চুমা	4
টাইরেল	4
ততোক্ষণে	4
কোয়ার্টজ	4
সর্বস্ব	4
ব্যাংকারের	4
মার্বেল	4
পড়ছিল	4
থামলি	4
বানাক	4
অব্যক্ত	4
বুঝলেই	4
ট্রেজার	4
ধোঁয়াশা	4
ঘুষের	4
রেখাটা	4
সাহায্যও	4
১৯৬৫	4
আধাআধি	4
সংশয়ের	4
জিওহাতানেও	4
রাজনীতিবিদের	4
হানিবানি	4
হরর	4
বলপার্কের	4
পতিতার	4
ভিনসেন্টের	4
বার্গারগুলো	4
কামনাকারী	4
তিনশো	4
খেলতেই	4
খেলেছ	4
ইনজেকশনটা	4
কাশবে	4
হাঁপাবে	4
বাচসকে	4
হুউ	4
ফাবি	4
ভাষাও	4
অনুকুলে	4
মোছা	4
ডিভোস	4
চাকরদের	4
রাকুয়েল	4
অপ্রবিত্র	4
অর্থপূর্ণ	4
ফানি	4
ধুম্রজাল	4
গুনো	4
জগতকে	4
শেপার্ড	4
বাধাঁতেও	4
রেঞ্জারটাকে	4
লালটার	4
বুলেটপ্রুফও	4
নিরাপত্তাকর্মী	4
রামলোকে	4
জীবতাত্ত্বীক	4
এক্সট্রাক	4
রেডউইং	4
ভেজাতো	4
পার্শ্বে	4
বাটে	4
বাইবো	4
বড়দিনে	4
ক্যানডিস	4
সোমাবার	4
বিদ্রুপতা	4
সম্ভাবনাময়তার	4
খরচপূর্ণ	4
আঘাতদায়ক	4
হিপ্পোক্যাম্পাসকে	4
৬১১	4
পরীক্ষণের	4
চ্যালেঞ্জগুলো	4
চ্যালেঞ্জগুলোর	4
সন্মুখীন	4
কড়িহীন	4
উদ্বোধনী	4
ফান্ডেশন	4
রুদ্ধশ্বাসীয়	4
টেলিপ্রমটার	4
পটের	4
পাপিষ্ঠটার	4
প্রতিক্রিয়াই	4
জনকল্যাণ	4
সোকোভিয়াতে	4
মার্সেনারির	4
ম্যাক্সিমোফের	4
ভিস	4
এ্যাটার্ক	4
ঘন্টাব্যপী	4
পরিপ্রেক্ষিত	4
কেন্দ্রিক	4
অসঙ্কোচেই	4
কার্যদর্শন	4
বর্ণনামতে	4
মাট	4
স্তুপে	4
কনগ্রেশনাল	4
১১৭	4
সূচকীয়ভাবে	4
ঘটনাবলীর	4
উদ্দীপণা	4
ত্রুটিকে	4
ডিগ্রিপ্রাপ্ত	4
হেমন্তে	4
গোঁজার	4
গ্রীষ্মটা	4
ঠেঁটামি	4
এজেন্ডাযুক্ত	4
এজেন্ডা	4
স্বাধীণতাকে	4
শোভন	4
চন্দন	4
আত্নীয়তার	4
দশজনে	4
কনগ্রেসে	4
লাইটে	4
প্যারারেস্কিউ	4
অভ্যাসটা	4
বানিওনা	4
কম্পার্টমেন্টালাইজেশন	4
ইনসাইটে	4
তুলসীপাতা	4
হাওলিং	4
ডিক্রিপশন	4
পিঁপড়ের	4
ফ্র্যাকচার	4
পাল্টাব্যবস্থা	4
ঢালা	4
হোল্ডিং	4
মিতা	4
সিগন্যালও	4
স্কালের	4
পরল	4
হায়ড্রায়	4
করালে	4
হ্যালিক্যারিতে	4
জাহাজও	4
ইউক্রেন	4
শয়তানও	4
চমৎকারের	4
মেনেছি	4
ঠেলতে	4
সমাবেশের	4
ছুঁড়বে	4
ওগুলোই	4
বুখারেস্ট	4
যাদুঘরে	4
সরলাম	4
সোলজারের	4
স্কিল	4
ক্ষমতাগুলো	4
হ্যাঙ্গারে	4
ফাইবারের	4
নমনীয়তার	4
চালাচ্ছিলে	4
খন্ডের	4
বছরগুলোতে	4
আটকের	4
হেলমুট	4
ল্যান্ডিংয়ের	4
স্যাটেলাইটগুলোকে	4
রোডসের	4
হিমায়ক	4
অতগুলো	4
কয়েদখানায়	4
আশ্চর্যরকমের	4
কান্ডের	4
ছুড়	4
অন্তর্নিহিত	4
প্রার্থনাগুলো	4
বিশালাকৃতি	4
আমিষ	4
ঠেকেছি	4
তেজপাতা	4
কুত্তায়	4
স্রষ্টাকে	4
আউলা	4
বিএসসিইনকম্পিউটারসাইন্সএন্ড	4
অমৃতের	4
রিচারকে	4
নিরাপত্তামূলক	4
পার্টসের	4
এমারসন	4
বেজম্যান	4
চালায়না	4
বার্ষিকীতে	4
আরচার	4
ব্যবসাকে	4
৫জন	4
কিলোর	4
স্যন্ডি	4
গুলিটি	4
অলিভারের	4
কয়েকঘন্টা	4
সহযোগীতার	4
চেলোভেক	4
লীচ	4
মরগান	4
বোরখা	4
জানিয়েছো	4
হুজুগে	4
স্পেশালিস্ট	4
প্রুডোমকে	4
সমকামীদের	4
ঘিঞ্জি	4
পিটানো	4
রেশ	4
নাইটক্রাউলার	4
শুনছেনা	4
চোরটাকে	4
জেভিয়ার	4
অপটিক	4
জাগরণ	4
ফোর্সও	4
জিবনে	4
পারেননা	4
স্কেলের	4
সত্যমূর্তীর	4
টুগেদার	4
শেরিনের	4
বাড়ছিল	4
ঘৃন্য	4
আগামীকালই	4
ডোজের	4
নাওয়া	4
কাদে	4
কাদিস	4
প্রিয়াকে	4
রেঁধে	4
কিরণমালা	4
নির্দয়ের	4
নাইমা	4
দাড়ায়া	4
অগাধ	4
সাথিয়াবামা	4
ভারতকে	4
ভয়াবহভাবে	4
মালী	4
জিতেছেন	4
দিছিল	4
পাঠায়া	4
দিছিলেন	4
এইগুলাই	4
শরীক	4
শ্রেষ্ঠত্ব	4
শিখাই	4
বার্তাটি	4
পোষ্টার	4
সেনাদলের	4
ওয়াওও	4
ফিরাও	4
উম্মাহ	4
আব্বুরা	4
গড়াতে	4
সর্বেসর্বা	4
সফলকাম	4
পোর	4
জম্বিদের	4
চিটি	4
উড়ি	4
তামশা	4
মেহের	4
ইরাকীরা	4
তারিক	4
ঝটকায়	4
পুনাওয়ালা	4
চেষ্টাটা	4
খুজতেছে	4
রেশমের	4
করিয়া	4
শামসু	4
কলিজাটা	4
উরি	4
গল্পকে	4
প্রাণীগুলোকে	4
হেঁহেঁ	4
মজনুর	4
তরকারীর	4
গীটার	4
বীজটা	4
ফ্লাইং	4
বুড়িগঙ্গার	4
চুদার	4
মাইরালাইচে	4
স্বাস্থের	4
টবে	4
খেলমু	4
যৌনতা	4
বানাইতে	4
টুকরার	4
কোণের	4
থাইরয়েড	4
গ্রন্থি	4
গেলুম	4
এজাক্স	4
নীতিতে	4
তকে	4
ভাংগা	4
চড়ুই	4
যথাস্থানে	4
বান্দু	4
মাজেজা	4
ফ্রান্সিসকে	4
মার্চেন্ট	4
পরাণ	4
অসহায়ের	4
গুটিবাজি	4
দেশী	4
ফ্যাট	4
করাতের	4
মিশা	4
হাজী	4
সিংগেল	4
লুলা	4
ওয়ার্কশপ	4
অমানুষিক	4
রহিম	4
কোটে	4
লোগো	4
প্রতিকারের	4
মরণে	4
মৃত্যুঞ্জয়	4
সিনটা	4
হামদর্দের	4
কলিকাতা	4
হরলিক্স	4
মাস্টারপ্লান	4
হবে৷	4
দই	4
নাচগান	4
কোপা	4
শুটকি	4
পটি	4
এভেঞ্জারস	4
বাঁচাটা	4
বানিয়ো	4
পেয়ারা	4
ক্যাম্পবেল	4
চমকটা	4
ইউয়েন	4
জেনেভাতে	4
দেখাশুনার	4
পাইথন	4
আইটি	4
বাজারেও	4
পদোন্নতির	4
ভাবলেও	4
গুছাতে	4
ড্রোনের	4
দায়বদ্ধ	4
তালিকাবদ্ধ	4
লোয়েল	4
পদটা	4
স্কাইপ	4
দেখাচ্ছিলাম	4
রাউটার	4
শোষণের	4
স্নোডেনকে	4
অস্ট্রিয়ার	4
একযোগে	4
সসও	4
হাজতখানা	4
বেরে	4
প্রহরীকে	4
কাজটুকু	4
অলিখিত	4
গর্তেই	4
মিলায়	4
হাজতের	4
অর্ধেকই	4
ধারণকৃত	4
কখোনই	4
গ্রন্থের	4
তেহেরানে	4
আমিগো	4
সট	4
স্লিক	4
নতুনটা	4
বিশ্বব্যাপী	4
যুদ্ধাস্ত্র	4
স্লিপনট	4
অইদিকে	4
ত্রিভুজাকার	4
হাবি	4
জাবি	4
ভাললাগে	4
দুর্বা	4
এজ	4
সেন্সরটি	4
দিয়না	4
বারতে	4
চাপ্টার	4
বলবেঃ	4
এসবি	4
বোম্বটা	4
চাপও	4
বন্ধুত্বে	4
রুগ্ন	4
সোয়ার	4
জেলেরা	4
গুড়ি	4
টোপের	4
প্রবালপ্রাচীর	4
মতুলুইএর	4
মেয়েদেরও	4
দৈত্যর	4
পৌছাচ্ছে	4
সোয়ানযো	4
ঘষবি	4
নাতনি	4
যমজের	4
নোয়াতে	4
শেষকালে	4
মানুষরূপী	4
লাগতেও	4
প্রস্তুতিতে	4
রিয়ন	4
ফিলিপাইনে	4
উঠবেই	4
স্যাম্পলগুলো	4
রাজধানীকে	4
জ্যাকস	4
মাইককে	4
মেডে	4
উৎসর্গের	4
বেজন্মাগুলোকে	4
ওয়ি	4
পালাচ্ছিস	4
উড়ালে	4
থেরি	4
ধীরু	4
আইপিএসের	4
কিনেছিস	4
এহানে	4
হালারপো	4
ভাল্লুর	4
কবিতাটি	4
উপ্পিলি	4
কিনুন	4
দমদম	4
কামরাজ	4
ভাঁড়ামি	4
বড়রা	4
আনুষ্ঠানিকতার	4
খুশিমনে	4
ঝুঁটি	4
পুত্রবধূ	4
টেকো	4
থানায়	4
ভরেছিলো	4
স্টপেজের	4
মৃত্যুপূর্ব	4
পঞ্চায়েত	4
তামিলনাড়ুতে	4
মিত্রার	4
পল্লবী	4
ছোটবোন	4
মিত্রাকে	4
ভানাম্মালাই	4
তদন্দ	4
বুড়োটার	4
রত্নামকে	4
ফট	4
ফাদেঁ	4
ব্র্যাডলি	4
রাত্রির	4
বুঝুন	4
প্রয়োগ	4
গোপনীয়	4
মাসালা	4
চিঠিপত্র	4
সর্বাঙ্গে	4
নন্দিনী	4
পক্ষাঘাতগ্রস্ত	4
দ্বিতীয়ত	4
দাড়ি	4
সিমিরা	4
ক্যাসিয়াস	4
বুদাপেস্ট	4
ভ্যাম্পায়ারের	4
লিনা	4
স্টেম	4
পালমার	4
ডেথের	4
সুনামের	4
ক্রিস্টিন	4
প্যাংবর্ন	4
গ্রস্ত	4
এনসিয়েন্ট	4
পটির	4
শেক	4
ডীল	4
পৌঁছবো	4
ইঞ্জিনিয়ারদের	4
এমআরআই	4
সহপাঠীদের	4
পদাঙ্ক	4
অনাবশ্যক	4
শুঁয়া	4
রেন্জার্স	4
বহুমুখী	4
শুঁটি	4
অপূর্ণাঙ্গ	4
সহায়তাকারী	4
গ্রহনক্ষত্রের	4
আবক্র	4
ভাসিতে	4
জুজু	4
কাটনা	4
পূর্বানুমতি	4
ব্যবহারকারীর	4
স্লিপেজ	4
স্ফটিকের	4
কয়েকটি	4
নিঃস্বার্থভাবে	4
অপটিক্যাল	4
টেপা	4
স্তন্যদান	4
স্মৃতিচারণায়	4
ফেলেনি	4
অন্তর্দৃষ্টি	4
হোমসকে	4
বিষয়টা	4
জমছে	4
পাততে	4
অনেকেরই	4
কল্পনাপ্রবণ	4
এডলার	4
জটিলতার	4
পালাচ্ছো	4
উড়তো	4
ঢাকতাম	4
শেলফ	4
চালালেই	4
উহুঁ	4
কেচি	4
ভ্যাকুয়াম	4
সালামতে	4
নালীর	4
অসংগতির	4
ব্যবস্থাটা	4
ডিম্বাণু	4
সমানও	4
থাকারও	4
ঠোঁটকাটা	4
হওয়ারও	4
ড্র্যামামিন	4
জরাগ্রস্ত	4
গ্রহই	4
স্ফুলিঙ্গের	4
পেরিস্কোপ	4
বৃত্তকে	4
গ্রহটার	4
বাঁচাবি	4
কমাবো	4
উল্টোদিকে	4
সিদ্ধান্তটাই	4
ধূমকেতু	4
সমীকরণটা	4
ট্রান্সমিটারটা	4
ছেড়েছিলাম	4
গ্রহটাই	4
কবিতাটা	4
উপায়েই	4
যাতায়াতের	4
কুপারকে	4
চিনের	4
হোত	4
উপজাতিরা	4
ঝুলাবে	4
বালার্ড	4
ট্রোভার	4
ফ্র্যাংক্সদের	4
নৈ	4
বাসিকে	4
ঘাতকরা	4
ফিউজে	4
চৌম্বকের	4
ফলশ্রুতিতে	4
ধোর্য	4
পাউডারই	4
হোলেই	4
হলিয়ুডে	4
সোহান	4
বিষয়টিকে	4
প্রশ্নটার	4
চালিকাশক্তি	4
বাচাঁর	4
বৃত্তে	4
প্রসঙ্গক্রমে	4
লক্ষ্যমাত্রা	4
সোপান	4
বসছ্	4
স্থাপনার	4
কলোনী	4
সরকারও	4
কিনছেন	4
সেইফ	4
বিধানসভা	4
নিজার	4
পদ্মা	4
হায়দ্রাবাদের	4
বিকাশের	4
কষ্টও	4
ফুটেজে	4
হারাইছে	4
কারবারটা	4
বুসান	4
যাত্রীকে	4
টিকেটটা	4
যাত্রাপথটা	4
শহরজুড়ে	4
মোতায়েন	4
ফালায়া	4
প্রদানে	4
বদ্ধপরিকর	4
আতংকিত	4
অাপনারা	4
অানন্দ	4
অামারে	4
কামাতি	4
অানতে	4
প্রেমকাহিনী	4
অাছো	4
জান্টুস	4
জামাইর	4
জানোয়ারটার	4
প্রশংসিত	4
কুকুরেরা	4
হায়তিকে	4
খুজতেছিল	4
খুজতেছো	4
কাদবে	4
বাজীতে	4
কঠিনই	4
মারকাস	4
থিনিংয়ে	4
ভাষণের	4
জর্জিনা	4
স্টারের	4
ছাত্রীর	4
সমৃদ্ধির	4
একেকজন	4
সোপানে	4
ছাঁড়ো	4
হত্যাকান্ড	4
বেসি	4
সমন্ধ	4
সুব্বু	4
গায়েত্রীর	4
ডিপার্ট্মেন্ট	4
বদলির	4
পদস্থ	4
নামী	4
বিস্ফোরকের	4
স্পিকারে	4
সুপারি	4
সুরিয়ার	4
সেলভাম	4
পরশুদিন	4
বক্সটারের	4
মতিগতি	4
মাইকিকে	4
এখতিয়ারের	4
নিমেষে	4
হ্যাঁরে	4
কনসার্টের	4
জানতিস	4
ঘাটিতে	4
মহাকাশযান	4
এতিমদের	4
গাধাকে	4
কলগুলো	4
আইনসভার	4
চাষার	4
নিয়মমাফিক	4
ফলাফলে	4
পৌঁছল	4
ভাবতেছো	4
হাসছিলো	4
টেষ্ট	4
আনলিমিটেড	4
ভালোবাসব	4
আঁকছি	4
সাময়ীক	4
তিনজনই	4
আকাইম্মা	4
স্বপ্না	4
অজান্তে	4
ভুলা	4
হেঁটেই	4
কানাঘুষা	4
গভর্মেন্ট	4
কর্তব্যবোধে	4
ডসের	4
আখ্যায়িত	4
হেলমেটটা	4
জেঁকে	4
বাঁচালো	4
কোডে	4
বুড়োটাকে	4
দেখাক	4
ফাংশনস	4
বশির	4
এমাউন্ট	4
উপদ্রব	4
নিরাশায়	4
বোসো	4
বসিও	4
বসেছ	4
রোমান্টিকের	4
সেটলিস্ট	4
বদলালে	4
থড়বড়	4
কর্মীর	4
এতদূরে	4
দৃশ্যপটের	4
নারীই	4
কাসাব্ল্যাংকা	4
মিটস	4
সিওসি	4
জ্যাজের	4
অরলিন্সের	4
ট্রাম্পেট	4
বিশালতা	4
সেবস	4
লাইটহাউজের	4
বয়জি	4
ভূতে	4
লাভলী	4
কীবোর্ড	4
হেসেছে	4
বাজাচ্ছেন	4
ক্লিফটন	4
ঘাড়ে	4
ম্যানিকাভেলের	4
ফহিন্নি	4
মেয়েসহ	4
এসএমএসটা	4
মুস্সৌরি	4
নির্বিঘ্নে	4
বসত	4
হেলাফেলা	4
মাহি	4
পৃষ্ঠায়	4
যতি	4
তিনজনেরই	4
মাদুরাইয়ে	4
অলরাউন্ডার	4
চিন্তন	4
অভিমন্যু	4
চেহারাটাও	4
সংরক্ষন	4
ইমপ্ল্যান্ট	4
ডোজটা	4
রেস্পন্স	4
অফিসারটা	4
অনন্যা	4
অনন্যাকে	4
শিল্পাকে	4
র‍্যাম্পে	4
চার্টার্ড	4
অজ্ঞাতসারেই	4
অ্যাপয়েন্টমেন্টও	4
কড়ায়	4
গন্ডায়	4
প্রানটাও	4
মাহিমাকে	4
পন্ডিচেরি	4
ফ্যাক্সটা	4
সোয়ামির	4
শূলে	4
মশাটা	4
ডায়াবেটিক	4
প্যাটেন্ট	4
ঝুলাও	4
লোকচক্ষুর	4
প্রিয়তমার	4
লউরাকে	4
দানিয়েলের	4
তত্ত্বাবধানের	4
গাঢাকা	4
ওসাইরিসের	4
সিংহটা	4
হ্যাথোর	4
মিশরকে	4
আরশু	4
মরুভূমিকে	4
সফরে	4
রাস্তাও	4
স্পিংক্সের	4
সম্রাজ্যে	4
ভাবাও	4
অপোফিস	4
কোনসময়ই	4
অ্যাভলোন	4
স্যুইটে	4
চুল্লি	4
আমাদেকে	4
স্লোগান	4
ক্লক	4
সিস্টেমটাই	4
স্ক্যামান্ডার	4
জোরালোভাবে	4
যন্ত্রটাই	4
ন্যাপকিন	4
অন্ত্যেষ্টিক্রিয়ার	4
সিলভি	4
ফার্নেস	4
মোটরের	4
এসেক্সে	4
রুবেল	4
পিপে	4
উন্নতচরিত্র	4
স্কন্ধ	4
অহে	4
নকুল	4
যাত্তয়া	4
অল্পমাত্র	4
সাবালক	4
রৌপ্য	4
সত্ত্বাকে	4
জ্ঞানীর	4
সানির	4
বুঁকে	4
ফ্লুইড	4
৫০টা	4
যতোক্ষন	4
মস্তক	4
ফিস্	4
ওয়ারিয়র্স	4
জলা	4
পশ্চাদপসরণ	4
আর্টস	4
জোরাব	4
স্লেভা	4
তারদিকে	4
স্বামির	4
আঁকছে	4
সম্পাদনায়	4
ওয়েস্কার	4
ক্লোন	4
বায়ুবাহিত	4
নূহ	4
অর্চির	4
আবা	4
চাইতেছি	4
তেষ্টা	4
পারস্যের	4
ঊঠ	4
লোকজনে	4
কিটিকে	4
অঁ	4
ইউরোপীয়	4
রোশেল	4
রোটারি	4
১৯১৯	4
ছাড়ল	4
ছাড়োনি	4
২১টা	4
পিনস্ট্রাইপ	4
রোশেলের	4
ব্র্যাড	4
রবার্টার	4
ডেভেনপোর্ট	4
ভাঁজের	4
জোয়্যানা	4
স্যান্ডউইচের	4
কেসনার	4
অ্যাশলি	4
এয়ারলাইন্সে	4
ভালবাসাসহ	4
৭০৭	4
টালি	4
চেকগুলোর	4
মালেন	4
ফ্র্যান্সিসকো	4
ক্রিমে	4
ড্রাফটিং	4
হুডের	4
ভাগ্যটাই	4
শেরিল	4
ভাঙাবে	4
অ্যাঞ্জেলেসে	4
আর্মসে	4
সংগ্রাহক	4
ডাকলেই	4
অ্যাপলব্যাওমের	4
ফিটজসিমন্স	4
রিকভারিতে	4
তারাটা	4
কিল্ডেয়ার	4
গুছাও	4
সইয়ের	4
পাতেরও	4
ট্যাক্সিক্যাব	4
হাইডেলবার্গ	4
মঁ	4
বীনস	4
বাঁধেন	4
বিভিআই	4
গ্রেইসকে	4
ইনের	4
বেলরকে	4
বাড়িটি	4
দূঃখীত	4
মারশাল	4
তোমারো	4
যত্তোসব	4
মানুষজনের	4
বয়েসী	4
অবিশ্বাসী	4
ভাঙচুর	4
দূর্বলতা	4
রিকগনিশন	4
মানষিক	4
বেশিদূর	4
কমিউনিজম	4
এসপ্রেসো	4
সমাজতান্ত্রিক	4
সোভিয়েতদের	4
সোনাখোর	4
আড্ডায়	4
টেরেল	4
জুড়িয়ে	4
করমিয়ার	4
পুড়িয়েই	4
কুটনি	4
চমকানোয়	4
ভার্নের	4
পাউন্ডেরও	4
পক্ষী	4
ব্রাসি	4
ওল্ৎ্	4
ফন্টেন	4
সোলোজোর	4
ক্লেমেঞ্জা	4
লুকার	4
হারামিটাকে	4
চাইন	4
গার্ড্	4
বার্যিনির	4
এরজন্যই	4
চালবে	4
লটারির	4
গ্রেসা	4
ত্যাড়া	4
রেতের	4
রেত	4
এইখানের	4
ক্লেমেন্তে	4
টম্যাটো	4
রেতরে	4
জুলিয়ার্ড	4
ফার্নান্দেজ	4
রোলার	4
সান্তোসের	4
আবি	4
খুঁইজা	4
ধরাটা	4
ক্যাফেটা	4
সাসপেনশান	4
দাগের	4
ওয়াসাবি	4
৬মাস	4
ঘটালে	4
সারাতে	4
স্থিরতা	4
মামারা	4
ফ্রেডরিখ	4
নিউরো	4
চিলেকোঠায়	4
দেহি	4
ক্যালাগানকে	4
বিশ্বযুদ্ধে	4
বিমূর্ত	4
ওলসনের	4
আইরিসকে	4
সেন্সরগুলো	4
রিসিপশনে	4
মন্ডল	4
লীর	4
শেখেনি	4
পেঁচক	4
পেঁচারা	4
বুড়িটা	4
এঁকেছিলাম	4
অশ্রুর	4
বয়ামগুলো	4
ভেলায়	4
র‍্যাকুন	4
ফাঁসাতে	4
কোঅর্ডিনেট	4
মায়াজালে	4
সিডের	4
পরেনা	4
ডিজেবল	4
জান্ডারের	4
ব্যান	4
কাব্য	4
মহাজগৎ	4
সাড়াটা	4
আইনস্টাইনের	4
তত্ত্বে	4
বোরডিয়াক্সে	4
এলাকাতেই	4
কিয়োকো	4
নাথানকে	4
হচ্ছেই	4
আণবিক	4
ক্রিয়া	4
পুণ্যে	4
হিত্তীয়	4
সূচিত	4
উপরাজ	4
ক্যানান	4
এরোন	4
পৌছা	4
মেষ	4
অতিশয়	4
সংকীর্ন	4
অনায়াসে	4
পাড়ার	4
বাদশাহ্	4
প্লেজ	4
কুকুরছানার	4
ইয়াল্লা	4
কত্তগুলা	4
ব্যাঙ্গালুর	4
পারফরমেন্স	4
প্রাইভেটকে	4
নাশপাতি	4
মমম্	4
ডিভারশন	4
তবারক	4
এখনের	4
নিয়তিকে	4
গোজি	4
জিন্দেগি	4
ভাবের	4
প্লট	4
অন্ত্যেষ্টিক্রিয়ায়	4
চুমাচুমি	4
কার্লোস	4
চেলুলা	4
গিয়াস	4
২০০১	4
হ্যামবুর্গ	4
হমম্	4
বাকম্যান	4
যেজন্য	4
ফ্রাউ	4
ভান্ডারে	4
জার্মানের	4
উভয়ে	4
হেঁচকি	4
পৌঁছুতে	4
ল্যাবসে	4
ঘর্ষণ	4
স্ট্যাগের	4
ক্লোনিং	4
গয়না	4
গ্রিফিন	4
চ্যাঁচামেচি	4
কচ	4
প্লেটটা	4
মারসে	4
হইত	4
১১৩	4
আইনগত	4
বান্দার	4
এফি	4
গ্যালাক্সির	4
ভারতমাতা	4
পার্টটাইম	4
পাপাকে	4
ধরনেরই	4
কনট্রল	4
লুল	4
ফাইজলামির	4
চামরার	4
ওইদিনই	4
দুঃক্ষের	4
কারোটা	4
বুঝতেছিনা	4
পাহারের	4
দুঃক্ষ	4
ভক্তকে	4
কুকুরই	4
গড়ানি	4
ভাবছিলো	4
পিকের	4
সওয়াবের	4
পাবই	4
জাজ্ঞুর	4
গেছিলা	4
পাইছিলাম	4
সবখানের	4
ভাঙ্গাবো	4
দরদের	4
দৌড়াবি	4
জ্বলবি	4
নাম্বারওয়ালা	4
তাড়াও	4
প্রবোধ	4
গেছেই	4
প্রাণি	4
খোলাখুলিই	4
মেথুসেলাহ	4
স্যামিয়াজা	4
বিদেশীদের	4
আমিস্বর্গে	4
জিয়ান	4
হাতিয়ার	4
করিয়া	4
আপনিএকটি	4
লিফ্ট	4
শিয়াল	4
রুযী	4
এরখাওয়া	4
সূর্যোদয়	4
স্বর্গেরপ্যাচ	4
বিআর	4
উপাস্য	4
লাঞ্ছিত	4
কস্তুরী	4
ক্যাটনিসকে	4
প্লুটার্ক	4
জ্বলি	4
দামামা	4
জংগল	4
দুঃসময়	4
ওরাকেলের	4
এথেন্সকে	4
ম্যারাথন	4
গ্রীকরা	4
এথেনিয়ান	4
নিষ্ঠার	4
জেরাক্সিস	4
কয়লার	4
ম্যাসেনজার	4
থামিস্টিক্লিভস	4
মনপ্রাণ	4
বোঝেনি	4
স্পার্টানদের	4
সপে	4
তোমাদের	4
প্রত্যেকজনকে	4
সম্পদকে	4
উইকের	4
কন্টিনেন্টালে	4
প্যারাডাইজ	4
অসম্ভবকেই	4
ভোটে	4
হ্যানে	4
ইউরোপোলে	4
বেমালুম	4
ট্রোজান	4
হর্স	4
গজাল	4
ডক্টরের	4
আসিছে	4
বাচাই	4
ইয়্যাং	4
গাইজ	4
৪টি	4
নরকীয়	4
বন্দীরা	4
সিসমিক	4
অধ্যয়নরত	4
অফশোর	4
পণ্যসম্ভার	4
হাওয়াই	4
বিড়াল	4
বুলডগ	4
পেন্ডেল	4
মালকিনের	4
মূর্ছা	4
মালকিনকে	4
সিপাহি	4
ঘৃণাও	4
জন্	4
মরিয়ার্টিকে	4
ওয়েব্যাকের	4
শাহী	4
জল্লাদের	4
পেনিকে	4
অলিগলিতে	4
রাজ্যটি	4
কিংসম্যানে	4
ব্রোগ	4
মায়েরও	4
দৌলতে	4
লান্সেলটের	4
দিতি	4
বড়লোকদের	4
এমআই৬	4
মোসাদ	4
জীবনেই	4
সমূলে	4
গ্যালাহ্যাডের	4
ছোঁড়ার	4
অনুমতিপ্রাপ্ত	4
সাব্বাশ	4
মাছটার	4
৯৮০০	4
আন্দ্রেই	4
শ্রাদ্ধ	4
কৃষ্ণাণ	4
দিভিয়ার	4
হগ্গল	4
আপুকুট্টান	4
শান্তা	4
মিনাক্ষীর	4
শিবই	4
নাতাশার	4
দর্জিরা	4
মোহর	4
ড্রয়ারের	4
উদ্যোক্তাদের	4
প্রশাসক	4
কনিয়াক	4
হাড্ডিকে	4
টেনেছি	4
লেভি	4
কদমের	4
মিলিমিটারের	4
পশ্চিমেও	4
কতোগুলো	4
পিছ	4
মাতোয়ারা	4
খাঁচাতেই	4
কেমব্রিজে	4
বার্তাগুলো	4
ছয়টায়	4
এতজন	4
বিয়েল	4
সংসারী	4
বিশপকে	4
ট্রাস্কের	4
তাহাদিগের	4
একশোতে	4
মিউটেশনটা	4
দ্রুতগতির	4
আযাযিল	4
বদের	4
সেরিব্রোর	4
শোধবোধ	4
জলখাবার	4
বাদেই	4
ডিসট্রিকট	4
ফরম	4
০০০০০	4
কৃষককে	4
টোন	4
ধুয়েই	4
কাঁপাতে	4
ব্রিউস্টারের	4
রেসাররা	4
সংকীর্ণ	4
মোল্লা	4
উমারকে	4
বিড়	4
ছুরা	4
প্রবাল	4
সেদার	4
বিসমিল্লাহির	4
আহির	4
ঢুকছেনা	4
স্নার্টের	4
স্নার্টকে	4
বানিয়েছিলে	4
চরণ	4
ঠিকটাক	4
নেকড়েদের	4
বাদ্যযন্ত্র	4
হ্যালোঁ	4
উত্তরবাসী	4
যুদ্ধকৌশল	4
সার্সেই	4
সুনিশ্চিত	4
স্যামওয়েল	4
১২ই	4
মানছিনা	4
আলোকচ্ছটা	4
প্যাসকেল	4
ফিটজারবার্ট	4
ইউজিনের	4
আরিয়ানা	4
আস্তিন	4
বৈশালীর	4
বাহুবলী	4
কাঁদাবে	4
নাইট্রাস	4
লাফিং	4
যথাযোগ্য	4
প্রেমকে	4
বুদ্ধাম	4
যুদ্ধাম	4
কলোনিস্ট	4
সিক্সে	4
ডিসিশন	4
ল্যান্ডারে	4
বাটনাগার	4
লাইফেও	4
আদুরা	4
অন্ধতো	4
আসোই	4
কুরুক্ষেত্র	4
স্টাকার	4
ইয়ন্ডুকে	4
মেন্টিস	4
হ্যাসেলহফ	4
গ্যালাক্সিকে	4
কৃ	4
চাপবি	4
বারবৌসা	4
দয়ামায়া	4
গিলোটিন	4
দ্রাঘিমাংশ	4
কবরস্থানের	4
কঙ্গো	4
খুশিরই	4
জিম্বো	4
নুক	4
কোলোজাল	4
সুঁড়সুঁড়ি	4
আররঘঘঘ	4
মহাদেশে	4
রেকর্ডারটি	4
ইন্টারভিও	4
কথাবলছে	4
এনাস্টাসিয়া	4
কেভানাগের	4
রেকর্ডারের	4
সংবাদপত্রে	4
সাক্ষাৎকারটি	4
পত্রিকাটি	4
এইটাইতো	4
টেলিযোগাগোগ	4
খাতেও	4
অনেকধরণের	4
শার্লোটি	4
ব্রোন্টে	4
প্রশ্নেরই	4
টাপুর	4
টুপুর	4
ব্যক্তিত্বসম্পন্য	4
টিপাটিপির	4
প্রফেসরে	4
পাড়তাছে	4
দুনোটায়	4
হাসতাছে	4
খরব	4
বাজতাছে	4
মাস্কিং	4
লাগাটা	4
শেরাটনে	4
সরাচ্ছেই	4
প্রমিক	4
মিটিমিটি	4
নিকটাত্মীয়	4
ফ্যান্সি	4
প্যান্স	4
কর্তৃত্বপ্রিয়	4
শেরাটনেই	4
বদলিয়েছেন	4
পিরিতি	4
চাহিদাটা	4
ঠোটগুলোকে	4
অনুবাদক্রমে	4
ওমরফারুকসুমন	4
উড়াবেন	4
দন্ডনায়ক	4
দেখেতো	4
সারছ	4
সরাব	4
ক্রিশিয়ান	4
ট্রিভেলিয়ান	4
ঘুরাত	4
লালঘরে	4
বুঝাইমুনে	4
এলিয়েটের	4
বিষয়সমুহ	4
খাদ্যতালিকা	4
প্রদশন	4
ডমিনেন্টকে	4
সাবমিসিভকে	4
অন্যকোনভাবে	4
নিয়মনীতি	4
কতুটুকু	4
বিজনের	4
১৫২০	4
ইচ্ছাকেই	4
যোনী	4
বুটপ্লাগ	4
পৃষ্টাতেই	4
সন্তুষ্ঠ	4
ল্যাদারকাপ	4
হ্যান্ডকাপ	4
অংশগ্রহণে	4
মোহের	4
মিগ্যান	4
সোলাইয়া	4
হাইন্স	4
কাক্কু	4
সেটেলে	4
গ্রেজুয়েশন	4
ঘুরিয়েছ	4
করমুনে	4
চুটিয়ে	4
চালাইও	4
ক্যারিক	4
মন্টেসানো	4
জর্জিয়ায়	4
সেভানা	4
ইন্ডিয়ারে	4
মুলা	4
সাস্থ্যসম্মত	4
পাদতে	4
মুলাকে	4
বোম্পে	4
স্যাপেয়ার	4
পৃষ্টার	4
সুরই	4
আসবার	4
মেলবন্ধন	4
সিকিভাগ	4
উলভারিন	4
ফিনিক্সে	4
স্পেসিয়েশন	4
মুছা	4
গোট্টা	4
লোপেজ	4
সাগরেই	4
পূবে	4
শতবর্ষী	4
পূব	4
আলোকছটা	4
ট্রান্সিজেন	4
শুক্রাণু	4
লরাকে	4
ওরেগন	4
কপচানো	4
দক্ষতাই	4
কাজগুলোই	4
রুদ্রক্ষা	4
তুলবি	4
টিল্লু	4
মার্শেট	4
আপেয়ালি	4
কাকী	4
সিএম	4
ব্যাক্টেরিয়া	4
শাস্ত্রীকে	4
বাংলাসাবটাইটেলতৈরিকরেছেন	4
টাকাটাও	4
দারূন	4
গাঁ	4
বেকস	4
আম্মি	4
অসুখের	4
খ্রিস্টের	4
রোজামুন্ড	4
ভিনাইল	4
আবক্ষ	4
যেদিক	4
খামোখা	4
নরবিউরি	4
এতদিনের	4
চুক্তিই	4
সুইফট	4
সাবমেরিনটা	4
চেরোকি	4
ফেড	4
চোঁখে	4
ধুরর্	4
নোবডি	4
অস্ত্রসহ	4
ছুড়ে	4
ক্যামোরা	4
একোনি	4
এ্যানিভার্সারি	4
প্রমাণটা	4
ফেরিতে	4
জরিপের	4
আনন্দদায়কও	4
দানবটাই	4
পেলেছ	4
অনেকখানিই	4
অধিনস্ত	4
প্রজার	4
নিষেধসমূহ	4
অজ্ঞকে	4
বেখবরকে	4
নির্দেশনাকামী	4
মুমিন	4
রত	4
পাপকাজ	4
প্রশ্রয়দাতাদের	4
আল্লাহরর	4
অন্তর্দৃষ্টিসম্পন্ন	4
নির্বুদ্ধিতার	4
প্রদেশসমূহে	4
অবিচারকার্যের	4
শাসকে	4
শাসককে	4
শাসকদের	4
গনপ্রশাসনে	4
অধিকারকে	4
হজ্জ	4
দ্বিমতকে	4
অবারিত	4
পরিক্ষিত	4
উটকে	4
কুরাইশিদের	4
প্রয়োজের	4
খড়িগুলো	4
পেয়েছই	4
হান্তামার	4
তায়েফের	4
কিশমিশ	4
দেখভালকারীর	4
উটগুলোও	4
উতবা	4
রাবি	4
আব্দে	4
ওয়ালিদ	4
মুঘিরা	4
গোত্রগুলো	4
কাশিম	4
আব্দ	4
জুমাহ	4
মর্যাদায়	4
তরক	4
পৌঁছুবে	4
ভ্রতসনা	4
আগমনকে	4
মৃত্যুক্ষণে	4
পরিজনকে	4
খাঁটায়	4
উটই	4
হুবুহু	4
দলীয়ভাবে	4
ভেড়াকেই	4
পরিপূর্ণভাবে	4
ওপরকে	4
মুরুব্বিরা	4
বনিক	4
রমণীদের	4
দামেস্ক	4
সর্দারের	4
ববাইজান্টাইন	4
হাঁকার	4
হাঁকাবো	4
বেচছি	4
সওদাগুলো	4
বাইজান্টাইনীয়রা	4
ভাষাভাষী	4
ইয়েমেনী	4
আবিসিনিয়ার	4
বনিকদের	4
আবলুস	4
দাব	4
মালামালগুলো	4
হাঁকাবে	4
সঠিকের	4
অনৈতিকভাবে	4
মন্দফল	4
আচরণকে	4
দেবদেবী	4
অনুসরনীয়	4
বায়জান্টাইন	4
মহাশক্তি	4
বাইজান্টিনীয়রা	4
রাজকার্যে	4
দামেস্কের	4
জারজিসের	4
দিহরাম	4
দিহ্রাম	4
দোকানি	4
সাফওয়ান	4
দিহরামের	4
বিক্রয়কারী	4
গরিবী	4
আমিরের	4
লাত	4
উজ্জার	4
ইয়াস্রিবে	4
পালাম	4
যবগুলো	4
পচাগুলো	4
পশুদেরকেই	4
রক্ষণাবেক্ষনের	4
পচেছে	4
কুরাইজার	4
দাবির	4
আওস	4
খাজরাজের	4
যায়েদের	4
আদের	4
জনগণেরা	4
বোঝালো	4
খানসা	4
চাঁচা	4
ওয়ারকা	4
নওফাল	4
তালিবের	4
খাদিজা	4
স্বর্গীয়দূত	4
বস্ত্রাবৃত	4
বস্ত্রকে	4
প্রতিমাদের	4
বোনই	4
ওপ	4
মারু	4
সমীর	4
সান্ধ্যকালীন	4
সাতি	4
প্রকৃতিই	4
লোগোস	4
কাছাকাছিও	4
মিফুনি	4
থালায়	4
অনিতা	4
স্ম্যাক	4
শিহরিয়া	4
ধড়াস্	4
অপসৃত	4
দপ্তরের	4
শুভস্য	4
পীড়াপীড়ি	4
পৌরুষপূর্ণ	4
উড্ডয়ন	4
নববধূ	4
রণন	4
উঅলত্স্	4
চর্বিহীন	4
সংবাদের	4
স্খলিত	4
প্রার্থিত	4
নাড়ুর	4
খসা	4
নাড়া	4
সংকোচন	4
খুনগুলোর	4
ওইহানে	4
নির্বাপক	4
বেশ্যারা	4
চারী	4
বেতনভোগী	4
রেসকিউ	4
ইন্ডিয়া	4
মাইয়্যা	4
এলিজাবেথকে	4
নাবিককে	4
জেটটা	4
লরিও	4
অ্যালকালাই	4
স্ট্রাইকারের	4
জাদুই	4
কেথরিন	4
ক্রাস	4
ঠিকানার	4
চুলহীন	4
রাইডিং	4
একনজর	4
নেব্যুক্যানেজারকে	4
সুলিভানকে	4
মহানুভবতার	4
ডিলেকটাডোস	4
ফ্যালকো	4
আইসল্যান্ডে	4
বহুল	4
অসঙ্গত	4
লিব্রিয়া	4
নিরাময়	4
প্রোজিয়াম	4
ইসি	4
ঢুকতেই	4
পেট্রিজ	4
উদ্যত	4
ভিসাও	4
ডবির	4
লকহার্ট	4
ম্যান্ড্রাকের	4
অরগাস	4
প্ল্যাটফর্মে	4
সাপকে	4
সর্পভাষা	4
হ্যাগ্রিডকে	4
বাসিলিস্ক	4
নিটি	4
ট্রাক্টরটাকে	4
দূর্ঘটনায়	4
ছড়িটা	4
বটের	4
ম্যালফয়	4
শরবৎ	4
লুটার	4
লংবটমকে	4
ফাঁদওয়ালা	4
ঝারা	4
লেভিও	4
ট্রলকে	4
ভুলানোর	4
মঞ্জিলে	4
ফ্লাফিকে	4
জলছে	4
উজিরের	4
সুপ্রীয়	4
ওয়েভি	4
স্পেকট্রাম	4
চ্যাম্পের	4
পেশাদারি	4
ডোথরাকিদের	4
দ্রোগোর	4
নর্থের	4
বিকলাঙ্গ	4
ওয়াইল্ডলিং	4
ব্র্যানকে	4
ঝাক	4
ইম্পকে	4
ব্রানকে	4
ক্লিগেঞ্জ	4
ট্রিয়ন	4
বাধিত	4
জেইমির	4
ইজল্যান্ড	4
ব্যারাথিওন	4
বালকটা	4
ঈশ্বরদের	4
খালিসির	4
স্ট্যানিসের	4
রেনলি	4
বগডান	4
ক্রেমলিনে	4
লেওনিদ	4
ভালোটা	4
নেবেনা	4
পাল্টাব	4
ইমেল্ডা	4
রিকার্ডোর	4
ভিক্ষু	4
ঔষুধি	4
সারায়	4
সাধক	4
গুগি	4
গুগু	4
ডুডল	4
শিষ্যগন	4
সর্পিণী	4
আগুনও	4
সেব্যাস্টিয়ান	4
টেলিপ্যাথ	4
টেলিপ্যাথটা	4
নামাবে	4
চিল্লাবে	4
নিসব্ধ	4
ব্যাংকটা	4
স্পন্স	4
থ্রোন	4
ওয়াইল্ডলিংদের	4
জবরদস্তি	4
ক্ষুর	4
অ্যারেনের	4
জশেমি	4
খুঁজার	4
জলকন্যা	4
ঠ্যাঙা	4
ব্লাকবেয়ার্ড	4
হ্যান্ডের	4
তাদেরটা	4
ইম্প	4
ভ্যারিস	4
স্পাইকে	4
এইরিস	4
জফরির	4
কুঁড়েঘরে	4
ডাকাতটা	4
ম্যান্স	4
রিভারল্যান্ডস	4
রাস্তাতে	4
হোডোর	4
সওয়ারির	4
ওয়েনরাইট	4
মধুযামিনী	4
ম্যাকরল	4
বিল্ড	4
গাত্তয়া	4
ওয়েল্চ	4
দারুচিনি	4
ফেরিরো	4
বয়েসের	4
মরক্কোতে	4
সেরানো	4
জায়াগায়	4
পাপাস	4
কুইনানকে	4
ল্যাংফোর্ড	4
প্রাণীটিকে	4
থিয়েটার	4
মার্তা	4
হাউসারের	4
সহপাঠীর	4
বার্ষিকীর	4
গ্রাবিট্	4
তল্লাশী	4
আকর	4
প্রোথেরো	4
সাটলারের	4
লার্কহিলের	4
পেরিমিটার	4
ফরাসীরা	4
ফ্রান্সেই	4
ঠেকছেনা	4
কুকর্মে	4
ওভেন	4
নাড়িয়েছ	4
শুনছনা	4
ঠোঙ্গা	4
খাবেনা	4
হসি	4
খুলল	4
হ্যাপিনেস	4
০২৫৬	4
রয়টরে	4
সর্বোচ্ছ	4
অসাধরন	4
সরিয়ো	4
সালপিস	4
নেভিউ	4
ম্যাগডিলান	4
বল্লম	4
গ্রেনোলির	4
পারফিউমের	4
ঘ্রাণকে	4
এ্যালবিন	4
আয়ানে	4
জিগ	4
হাড্ডির	4
এনেস্থেটিক্স	4
চাবিটি	4
জেফের	4
মিশনটি	4
চাবা	4
মশারি	4
নবাবের	4
রেস্কিউ	4
ট্রাষ্ট	4
হার্নান্দেজ	4
খরেদ্দার	4
ম্যাগ্নেটোর	4
ঘোৎ	4
ভোগের	4
দিছস	4
এডিনবার্গে	4
নিরুৎসাহিত	4
ক্যাপ্টেনঃ	4
কতোইনা	4
আ্যবের	4
প্লাও	4
গবাটোর	4
ব্যাকফায়ার	4
হৃদরোগ	4
ক্রাচ	4
আইরীন	4
দিয়েগোর	4
মূকাভিনেতা	4
কুর্ত	4
কোবেইন	4
আস্কা	4
যিক	4
এক্সিলেন্সি	4
দিমিত্রিয়েভিচ	4
আনিয়া	4
সত্যিৎকার	4
এগুলোর	4
স্টেশানে	4
পাঠানো	4
তোকে	4
অনেকগুলো	4
হচ্ছো	4
খেলোয়াড়	4
সত্যিৎকারে	4
উঠো	4
নিয়োগ	4
সোজা	4
চাচ্চি	4
খোলো	4
ঘুণা	4
এ্যাডমিরাল	4
ভদ্রলোকেরা	4
সম্মানকে	4
চালানো	4
ডোনাল্ডা	4
থার্মাপ	4
পাগুলো	4
জানানো	4
পা্চ্ছি	4
স্কোপ	4
স্কোয়ার্ড	4
নরকি	4
হেলেমসম্যান	4
আবোল	4
তাবোল	4
গোলাবারুদ	4
সিনিয়ার	4
দিবো	4
পেনলোপ	4
হেলমেটটি	4
সুনামী	4
বুয়েজ	4
প্লোট	4
কোয়াটার্স	4
ক্যাম্পু	4
স্পোটারে	4
রিলোড	4
স্ট্যাটিক	4
ধারণায়	4
কুসিমদো	4
প্রানবন্ত	4
বারটোন	4
তেসেরাক্তের	4
আসগার্ডিয়ান	4
দলটার	4
কাইমিরা	4
বুকার	4
মোনাকো	4
প্রোমোটার	4
দিয়াবলের	4
কনসালটেন্ট	4
অনুকরণ	4
কর্মসংস্থান	4
অর্থঃ	4
জায়াগামত	4
ঢালুন	4
স্কোয়াশ	4
অরি	4
ওয়াকেনসিল্ড	4
হবিটকে	4
দিখন্ডকারী	4
মিথ্রান্ডির	4
সারুম্যান	4
গালাড্রেল	4
মলিটর	4
রবির	4
যশোদা	4
বিষ্ণু	4
হাসসা	4
সাহাবীগণ	4
টানাতে	4
বর্গিওস	4
শরাবিয়	4
পিয়েরেত্তির	4
হোগার্টস	4
এক্সপেলিআর্মাস	4
ম্যানার্স	4
গ্রামসের	4
কন্সটেন্সের	4
গিজ	4
রচেস্টার	4
লেঃ	4
এ্যন্জেল	4
শোধাক্ষমতা	4
প্লানার	4
সবাইও	4
শ্যালকের	4
একশজনকে	4
দেহেন	4
ক্যাডা	4
প্রতাপগড়	4
মোহামেডান	4
মাজারে	4
বোবাও	4
পরটা	4
প্রতাপগড়	4
প্রতাপগড়ের	4
দয়ানন্দ	4
চত্রাবেদির	4
রাসিকার	4
পুরোসত্তম	4
মুন্নিতো	4
হিন্দুস্তান	4
চত্রাভেদি	4
পবনের	4
নোয়াব	4
নওয়াবের	4
পুলিসের	4
গজরা	4
করিমাবাদ	4
গজরাতে	4
দয়াময়	4
মূহূর্তে	4
চাওড়া	4
জবি	4
ভূমিকম্পটি	4
লারিসা	4
ইনহেলার	4
হুশহাশ	4
গর্গের	4
জুতাটি	4
স্লাশিয়াস	4
কইলি	4
মিনিয়ন্স	4
পিঙ্কি	4
ব্লার্ব	4
ফেব্রিস	4
গ্লোব	4
গ্লেড	4
ওহাওও	4
মোষ	4
মোষের	4
জাগলিং	4
নৈরাজ্যবাদী	4
সাগরেদের	4
সৎবোনেরা	4
খানসামা	4
সেলিনাকে	4
ওবারহাউজার	4
একানকে	4
মিস্রানি	4
ময়লায়	4
আক্কা	4
প্রোগ্রামটি	4
ডেজ	4
বাস্কিন	4
সাবঅ্যাটোমিক	4
বেকেট	4
ফ্রাইম্যান	4
গ্রিজলি	4
স্যাবার	4
রুপো	4
জিজাস	4
ব্রিজারকে	4
ফিটজেরাল্ডকে	4
সাহাজ্য	4
মাস্তল	4
সংলগ্ন	4
রামসডেল	4
প্রায়শ্চিত্ব	4
মাহেশ্মতি	4
মাহেন্দ্র	4
মহারাণীই	4
আরতো	4
মনোকামনা	4
দৌড়াঝাপ	4
পেচিয়ে	4
জলপর্বতের	4
সাঙ্গার	4
চিল্লাইতেছে	4
অবন্তিকাকে	4
অসাবধানতার	4
নিঃস্তব্ধতায়	4
শব্দেও	4
মাহিস্মতি	4
অসম্পুর্ন	4
লাকরি	4
আম্বুলি	4
মহাশিবই	4
চেহেরায়	4
দেখলামই	4
স্থাপনা	4
লক্ষটাকেও	4
লক্ষটাও	4
মাহেস্মতি	4
ছাড়িয়েই	4
প্রতিশব্দ	4
প্রতিমাই	4
ভাদ্রা	4
দেখিওনি	4
প্রতিক্ষার	4
রাজসিংহাসনে	4
বিজ্জল	4
বিজ্জলদেবের	4
শিবগামীকে	4
কাটাপ্পাকে	4
উগ্রে	4
করেছিসরে	4
যুদ্ধরীতি	4
দেশবাসীর	4
অস্ত্রবিদ্যা	4
যুবরাজদের	4
পাহারাদাররা	4
আক্রমনও	4
ব্যুহ	4
একবেলার	4
আধাবেলাও	4
নির্ণয়ও	4
কালকেয়াকে	4
যুদ্ধময়দানে	4
পুর্বজনদের	4
নেওয়াজ	4
দেবীমা	4
দেবীমার	4
বোবাপ্রাণীর	4
মাতৃভুমিকে	4
ভল্লালের	4
সর্বসেনার	4
দুইহাতে	4
সিপাহীর	4
বাঁচিয়েই	4
শুভসময়	4
মহাপুরুষকে	4
সাগের	4
ফোরের	4
জলধারাই	4
শীবা	4
অমাবশ্যা	4
সম্বু	4
আসলামজি	4
ভল্লালদেবা	4
কালখেয়া	4
কালখেয়াকে	4
ডেভিডসন	4
রেশমীনা	4
ফাতিমা	4
বদ্দা	4
ওলালা	4
দেখস	4
আইতেসে	4
মোঁচ	4
ইলচি	4
জগণ্য	4
বিরূপ	4
আয়দিলেক	4
এমিনে	4
এঁ	4
মোকাদ্দারের	4
ফ্যান্টাসটিক	4
ডেবস্	4
রিডের	4
ব্যাঙ্গালুরু	4
স্কুটারটা	4
কামাক্রাজির	4
গিডি	4
উৎপাদিকাদের	4
হাইড্রোলিকস	4
যুদ্ধযানটা	4
নাইট্রো	4
নাক্স	4
মাদি	4
খয়রাতি	4
মাধব	4
মাদ্রাজ	4
মশালের	4
২০৬৫	4
সিথার	4
কোঝান্দাইকে	4
ডিয়াজ	4
গোমতী	4
৭৯১	4
টার্গিন	4
বাস্কো	4
চুড়িদার	4
জাহাঙ্গীরঃ	4
মাজুঃ	4
কোলাকজুহির	4
বুড়ায়	4
কোলাকজুহি	4
রসায়নে	4
জোজো	4
ষ্টুডেন্ট	4
আরিভাজগন	4
ইভাইনিয়া	4
ফারিকের	4
রিগাম	4
চীপ	4
হান্টের	4
অভিযুক্তের	3
অভিযুক্তকে	3
সর্বসম্মত	3
উকিলদের	3
তফাতটা	3
অ্যাটর্নির	3
ধারাবাহিকতা	3
চালিয়েছেন	3
এগার	3
ডজনেরও	3
শতবছর	3
বদলাব	3
বদলাবার	3
অনাথাশ্রমে	3
লাইনটি	3
উপলব্দি	3
সময়টি	3
ভুলও	3
ভেঙ্গেও	3
সিনেমাটার	3
বেরিয়েছিলাম	3
১৫তম	3
দোষীর	3
উপহাসের	3
আচারের	3
বগির	3
বাড়ালেই	3
অসহনীয়	3
ইলেক্ট্রিক্যাল	3
হাঁটছিল	3
ইংরেজিও	3
আইনজীবীরা	3
লাশটিকে	3
চিল্লান	3
শুনেছিল	3
গল্পটাকে	3
জিনিসটায়	3
যেদিকেই	3
তাকাচ্ছি	3
বিচারটা	3
বিজ্ঞাপিত	3
ইনিংসে	3
উঠতাম	3
অনুষ্ঠানটি	3
গঠনমূলক	3
পশমী	3
ঘষছিলাম	3
শশহ	3
ডেরিক	3
চিন্তাভাবনার	3
জিন্দেগীতেও	3
ভইরা	3
ক্ষমতায়ন	3
ডেরেককে	3
লোকরে	3
মহামারীর	3
বেকুবটার	3
এডলফ	3
হাঁপ	3
আঁকিয়ে	3
নিশ্চত	3
ভোদাইটা	3
ক্যামেরনের	3
শিখলি	3
সোরেন	3
কালুয়া	3
বকছি	3
গাঞ্জা	3
ছুটেছে	3
গ্যাঁড়াকলে	3
লিবার্টিতে	3
আর্চি	3
মাগীটা	3
বসল	3
আইনসঙ্গত	3
ড্যানিকে	3
কালুয়ার	3
সন্তানরা	3
ছুঁতেই	3
অগ্রযাত্রা	3
গেটগুলো	3
শুয়োরটাকে	3
লাগাইতে	3
সেক্সে	3
এইটারে	3
দেরকে	3
ছুইড়া	3
টাওয়েল	3
দেখমু	3
০০টায়	3
মূলনীতি	3
উদ্দ্যেশ্য	3
ফিরিস	3
বন্ধনকে	3
পাউরুটি	3
বিফ	3
অটোও	3
দুরত্বে	3
হ্যান্ডগান	3
ব্লাউজের	3
ফিটেরও	3
লঙ্কাকাণ্ড	3
ছাইও	3
মেশিনেরও	3
ওভারকোট	3
আবর্জনায়	3
তলদেশ	3
স্কাইনেটকে	3
শৈশবটা	3
বক্ররেখা	3
আগামীকালও	3
হোটেলেই	3
নীরবতাই	3
বিছানাটা	3
রান্নাঘরটা	3
বেড়াবার	3
চিল্লাইলে	3
একথাই	3
জাঁদরেল	3
সাক্ষাতই	3
থাকেও	3
মরাও	3
প্রত্যেকদিনই	3
কিডনী	3
তেতো	3
ঘামান	3
জাতিগত	3
বিজ্ঞানীদের	3
আইস্ক্রিম	3
বেটাকে	3
সারবো	3
গুনব	3
ভেঙ্গেছিল	3
বদমাশগুলোর	3
বীজগণিত	3
জার্মানীতে	3
মিসঃ	3
পতিতালয়ে	3
ট্যাঙ্কটা	3
যন্ত্রনায়	3
ক্রসিং	3
যাচ্ছিটা	3
থামিয়েছে	3
বাসেই	3
চেয়েই	3
ডিগ্রীর	3
ফস্কে	3
লিখিয়ে	3
হেসেছি	3
প্লেইন	3
ছিড়েই	3
ভিজলে	3
২নং	3
খেলাটাই	3
হাটি	3
অপলক	3
কিস্তিমাত	3
দেরিও	3
১৯১২	3
ডেকেও	3
গবেষণাগার	3
আভিজাত্য	3
ক্যালভেট	3
অবস্থানকালে	3
জন্মও	3
লেজি	3
ন্যাথান	3
নথিভুক্ত	3
খণ্ডের	3
কিছুসময়	3
ঘুমায়নি	3
হইচই	3
ওলাফ	3
শিল্পির	3
ইজসমি	3
পরিবেশকে	3
অযৌক্তিক	3
রেলের	3
লাভজয়	3
খুবিই	3
স্মরন	3
প্যারি	3
এঁকেছ	3
চিবাই	3
কফ	3
সদয়	3
ক্যাবিনে	3
ক্রীতদাসদের	3
উত্তরাধিকারসূত্রে	3
বিক্রী	3
অঙ্ক	3
ক্যালকে	3
রেলিং	3
মনেট	3
আঁকবে	3
পোরে	3
নড়াবে	3
আবহওয়া	3
গধফ	3
কোমাও	3
ঘোরানোর	3
পাম্পগুলো	3
অভিজ্ঞদের	3
ব্রাইড	3
পুরুষগণ	3
কৃতজ্ঞতাস্বরূপ	3
মারডকের	3
মরদস	3
রেলে	3
পাপীদের	3
সার্ফিং	3
জনেরও	3
প্রচেষ্টায়	3
চাবুকটা	3
প্রত্নতত্ত্বের	3
বস্ত	3
ট্যানিসের	3
কমান্ডমেন্টস	3
ফলক	3
ফেরাউনের	3
র‍্যাভেনউড	3
নাৎজিদের	3
টেলিগ্রামে	3
পাগলামোর	3
নগরীকে	3
উঠবস	3
খোদাইয়ের	3
কট্টর	3
ডুবানোর	3
বংশীয়	3
সঙ্গেও	3
কাতাঙ্গা	3
খেলনাদের	3
সেমিনারে	3
স্লিঙ্ক	3
খেলনারা	3
মোটকুর	3
এচ	3
বাযকে	3
প্রভাবটা	3
মহাকাশচারীরা	3
বুদবুদ	3
ডিসপ্লে	3
বোঝনা	3
চ্যালা	3
লাইটইয়ারকে	3
সুসময়	3
কালেমা	3
দেখবনা	3
সিগন্যালে	3
বার্নে	3
পাঁচবার	3
ধ্বংসযজ্ঞের	3
মাইক্রোসফট	3
থমাসকে	3
বাড়াই	3
তালাকপ্রাপ্ত	3
ঈমানদার	3
কাঁদ	3
কঙ্কালের	3
পর্ন	3
ফোঁড়া	3
কফিও	3
পালার	3
ডালাস	3
ইন্টারন্যাশনালে	3
মাখনের	3
উঠত	3
বহির্গমন	3
ছাড়েনা	3
ধরিনা	3
পুরুষাঙ্গ	3
ইশশ্	3
দারিদ্র্য	3
স্টূয়ার্ট	3
মালিকানার	3
ইন্ডাস্ট্রিতে	3
স্যাঁতস্যাঁতে	3
ফার্নিচার	3
হেমিংওয়ে	3
হস্তমৈথুন	3
জিতের	3
বাটপারি	3
টাইলারকে	3
সুন্দরীও	3
অন্যপাশে	3
করিডোরের	3
আয়েশের	3
ভাঙাচোরা	3
লকে	3
মাঝমধ্যে	3
স্কাউটের	3
নাইট্রোগ্লিসারিন	3
জ্ঞানদান	3
হত্যাও	3
সুধু	3
দিচ্ছিলনা	3
ক্যাসেলে	3
ডেন্টাল	3
জীববিজ্ঞান	3
ক্ষোভ	3
ব্যাল্যান্স	3
অন্তরীক্ষ	3
ভোটকু	3
তদন্তকারীরা	3
জীবকে	3
প্রারম্ভ	3
আঁকাতে	3
দাখিল	3
লেদারের	3
সোপ	3
মিস্ত্রী	3
বন্ধুগুলো	3
ক্ল্যাম	3
চোডার	3
রোগীও	3
মেট্রোপলিটন	3
গুপ্তচরটা	3
কিনিনি	3
লোকেই	3
কক্ষটা	3
মাচা	3
হেলান	3
কৃতজ্ঞতাটা	3
অ্যালিসের	3
দ্রষ্টব্য	3
সারাজীবনই	3
অনুভূতিটাই	3
চিরশত্রু	3
ক্যানসাস	3
অবিকৃত	3
প্রতিকৃতি	3
ইলেকট্রিক্যাল	3
বিংশ	3
স্পষ্টতার	3
নগ্নতা	3
দিইনা	3
খুশিমত	3
ভারমুক্ত	3
ওরাকলের	3
সফটওয়্যারে	3
লুকাই	3
শিট্	3
তড়িৎ	3
বার্লির	3
সিনথেটিক	3
ভবিষ্যদ্বাণীটা	3
প্রবীণ	3
সত্যিটাকে	3
আত্মাটা	3
পাইপলাইনের	3
বুমম	3
ঢুকাইতে	3
ঢুকেও	3
শ্রেণীবিন্যাস	3
বংশবিস্তার	3
বালবোয়া	3
পিয়ানিস্ট	3
কাটিয়েছিল	3
কতকিছুই	3
জিগলারের	3
পৌঁছিয়ে	3
চোদার	3
টেপো	3
নুনুটা	3
হেলেনার	3
নিচ্ছেনা	3
শান্তিপূর্ণভাবে	3
রুমমেটের	3
ভডকা	3
বাজাস	3
টাক্সিডো	3
ফিডেলিও	3
বেশিক্ষণের	3
ট্যাক্সিটা	3
জ্ঞাপনের	3
চুদছিলাম	3
নাইটিংগেলের	3
মিলারকে	3
স্যান্ডার্স	3
ডমিনো	3
অ্যামান্ডা	3
ছলচাতুরী	3
রিসেপশনিস্টের	3
নিককে	3
সাবধানবাণী	3
সন্তষ্ট	3
সময়গুলো	3
ভাঙাচোড়া	3
চেপ্পু	3
ওটারও	3
ফটোতে	3
বেরবো	3
ডিরেক্টলি	3
মাটন	3
নাচছো	3
কোরাইকানাল	3
পুরস্কারটা	3
ফাউন্ডেশনে	3
বাস্তবেও	3
হ্যালুসিনেশন	3
জিনিসকেও	3
ছুটা	3
অ্যাক্সিডেন্টে	3
হত্যাই	3
স্ক্যামে	3
টিপা	3
ভিজিট	3
প্রেজেন্টেশনের	3
ডিজাইনটা	3
জেলও	3
ওয়ান্ডারফুল	3
কেঁদেছিলাম	3
মারোনি	3
জয়গৌরির	3
বিনিয়োগকারীরা	3
সমাধানও	3
বিনিয়োগের	3
হৃদয়বিদারক	3
সোমালিয়া	3
মোহমেদ	3
১৯৯৩	3
মিলিশিয়া	3
গুদামঘর	3
শিবিরে	3
নাভিশ্বাস	3
কার্থ	3
কোঅরডিনেট	3
মিটিঙের	3
পিংপং	3
সোমালিরা	3
করতিস	3
সাই	3
দিনটাতে	3
সড়কে	3
একঘণ্টার	3
স্নাইপারদের	3
বহরে	3
উনিফর্ম	3
পিলা	3
ডোমিনিক	3
ধারী	3
দুর্ঘটনাস্থল	3
টোম্বলিকে	3
দিকনির্দেশনা	3
ডিটোমাসো	3
প্যাডল	3
ডুরান্টের	3
ওপাশের	3
শত্রুপক্ষ	3
এভার্সম্যানের	3
স্যান্ডারসন	3
নামাচ্ছি	3
অ্যামোর	3
ম্যাগজিন	3
উত্তরপূর্ব	3
অণ্ডকোষে	3
স্মিথের	3
ক্ষতে	3
রেইডের	3
হেলি	3
ব্যাটেলিয়ন	3
গাড়িগুলোকে	3
কয়ে	3
আম্মার	3
মোশাররফ	3
প্রবাহে	3
নয়টা	3
ছেড়ো	3
জওয়ান	3
গোলামকে	3
অশরীরী	3
ফার্দিং	3
হবিটের	3
বর্ধনশীল	3
বুড়ো	3
উপদ্রবকারী	3
কড়া	3
ছড়ানো	3
চাইওনা	3
ব্র্যান্ডিবাক	3
বইয়ের	3
ছায়ার	3
আগুনই	3
মাথাব্যাথার	3
চিরকুমারী	3
বাড়াও	3
চলিত	3
পুনর্নির্মিত	3
আংটিটাও	3
পনি	3
আড়ি	3
প্রকাণ্ড	3
মরগুল	3
বাঁধাকপি	3
ছাড়তে	3
ছাড়ো	3
আন্ডারহিল	3
একসময়	3
এলরন্ডের	3
খায়	3
দিয়েছিলো	3
আইজেনগার্ডের	3
কুড়মুড়ে	3
বনরক্ষী	3
রেইথ	3
বামনটাকে	3
নয়তো	3
চেয়েছিলো	3
সারবে	3
সহনশীলতা	3
পরাজয়	3
জাতিই	3
পুব	3
বিরুদ্ধেই	3
দিয়েই	3
বিরান	3
গন্ডর	3
মিথরিল	3
ডানল্যান্ডের	3
বাড়ছে	3
রাগিও	3
হাড়ে	3
ঘটলেই	3
নির্ধারণের	3
হয়না	3
দুনিয়ার	3
হয়েছেন	3
ভারে	3
যশ	3
শিঙ্গার	3
থামবি	3
করাতাম	3
খাননি	3
জলাভূমি	3
গোষ্ঠীকে	3
ক্যাটন	3
রুবেন	3
রাখসে	3
কারুকার্য	3
ফ্রাঙ্কের	3
ঘোড়দৌড়ের	3
ভাইটামিন	3
তূমি	3
দোতলা	3
হাইন্ড	3
লিনাস	3
ভিতরকার	3
আনাগোনা	3
ঝরানো	3
হলওয়ের	3
সরাবো	3
ওইরকমই	3
পরিপন্থী	3
দুইটায়	3
যেবার	3
পাকস্থলী	3
ব্যাবসায়ি	3
সেফে	3
ক্ষতিপূরণের	3
দিকগুলি	3
নরহত্যা	3
বউরে	3
উইলিস	3
র‍্যামন	3
কোনখানকার	3
করিডরে	3
সেন্সরে	3
দুটাই	3
বিমানবন্দরের	3
ক্ষমতাসম্পন্ন	3
বাঁদরামি	3
ঘটেইনি	3
এতগুলি	3
দাঁড়ালাম	3
বাধাতে	3
খ্যাতিই	3
সুযোগটাকে	3
বন্ধুরে	3
সৃজনশীলতা	3
আন্তরিকতা	3
বড়দা	3
পোঁ	3
ষ্টাইল	3
ছিড়তে	3
মেজদা	3
ততটুকুই	3
খাওনের	3
স্ট্রাইক	3
লাইফের	3
থাকতেও	3
লালটা	3
মজমুত	3
জেতাতে	3
টীমকে	3
আইসে	3
মনেরেখ	3
ওরাতো	3
পোঁছে	3
ধিরে	3
আজকালের	3
হেট	3
রমনি	3
হৃদয়হীন	3
হারব	3
ড্রাগগুলো	3
মরজিনা	3
শহরগুলো	3
দেশগুলোতে	3
রাখতেও	3
ওটুকুই	3
প্রতিমাসে	3
বানানোই	3
আবেদনের	3
আদমকে	3
শরতের	3
কঠিনতম	3
অদরকারি	3
জীবনযাত্রার	3
৯টার	3
অকারণ	3
ময়ূরের	3
আসলের	3
প্যাট্রিশিয়া	3
লাইলি	3
বেড়িও	3
হন্যে	3
যন্ত্রদের	3
কৃত্রিমতা	3
পুড়িও	3
সুইডেনে	3
পয়সাকড়ি	3
সবজান্তার	3
দেশজুড়ে	3
ক্যাটাগরি	3
অকৃত্রিম	3
জিনিসটির	3
দ্বীপটিকে	3
প্রকোষ্ঠ	3
করোটির	3
সর্বাপেক্ষা	3
সম্বন্ধীয়	3
কোষ্টা	3
ন্যাশ	3
মারফত	3
মজাটাই	3
হাড়গুলো	3
ফাঁসিয়েছ	3
নামিনি	3
বইটিতে	3
ইনজেনের	3
ম্যালকমের	3
জ্যোতির্বিদ	3
অধ্যয়ন	3
তুলছিল	3
ভদ্রমহিলাকে	3
জানাতেই	3
দুনিয়াটাই	3
বারান	3
নসিব	3
ছারাই	3
দেশবাসীকে	3
ফার্সি	3
ইন্সপেক্টররা	3
দেওয়ালটা	3
তুষারমানব	3
করোগে	3
নিছো	3
সেজেছো	3
ঝগড়াটে	3
দেয়ালগুলো	3
বুঝতেছে	3
ততদিনের	3
নাহাস	3
রেজা	3
আহমাদ	3
মহামারির	3
রেষারেষি	3
গোত্রে	3
বনবাসীরা	3
গোলমালে	3
পাদ	3
আঠালো	3
জীবজন্তু	3
স্নিগ্ধ	3
কোলাহলে	3
দানি	3
আনমনা	3
ট্রেডমার্ক	3
মন্ত্রীকে	3
পাঁচজনকে	3
ডুমগাজের	3
রাষ্ট্রপতিকে	3
বাজুকা	3
ক্ষতিটা	3
মাবুলায়	3
খৃষ্টান	3
সবেগে	3
দেওয়াতে	3
জ্বালাচ্ছি	3
ফ্যাকাসে	3
বুঝালো	3
বনমানুষ	3
গজিয়ে	3
থিসিসের	3
চরমপন্থি	3
পূর্বক	3
ফুলবাবু	3
সাজছো	3
কিকো	3
বেআইনিভাবে	3
শ্রমের	3
পূর্বদিকের	3
ঠাট্টার	3
ভুগে	3
সেডরিককে	3
জাদুছড়ি	3
নাবলক	3
ওয়্যারউলফ	3
ক্রিচার	3
ফিনিক্সের	3
গডফাদারের	3
হাতানোর	3
সংগঠনে	3
পার্সিভ্যাল	3
মাগলরা	3
মোকাদ্দমা	3
লুনি	3
আমব্রিজকে	3
ফাজের	3
জানাবার	3
স্কুলকে	3
সোণা	3
ডিগরির	3
শিক্ষার্থীদেরকে	3
আমব্রিজের	3
করতা	3
শিখাচ্ছে	3
রিডাক্টো	3
জ্বালিয়েছে	3
গুপ্তদুয়ার	3
হেডকোয়ার্টারের	3
মেনেছে	3
বেল্লাট্রিক্স	3
লেস্ট্র্যাঞ্জ	3
ক্রূসিয়াটাস	3
ব্যাপারও	3
ম্যাক্সিমা	3
রনের	3
ভূমিষ্ঠ	3
টোটালাস	3
ভোজনে	3
গেলেনা	3
ঝক্কি	3
পাল্টালো	3
বাড়েনি	3
সেমিস্টারে	3
সালাপ	3
তোতাপাখির	3
ম্যাগডালেনিয়ান	3
পাস্তুর	3
কলম্বাসের	3
স্পুক	3
সহস্রাব্দ	3
শিশুকাল	3
গিরিখাত	3
বেলজিয়ামের	3
এঁকেছেন	3
ছাত্রছাত্রী	3
উষ্ণতর	3
জলবায়ুর	3
ফলানোর	3
কপার	3
জেনেছিলেন	3
বিশ্বাসযোগ্যতা	3
মনোবিজ্ঞানের	3
ফেরানোর	3
জীবনকালের	3
কয়েকশত	3
টাইফয়েড	3
দেয়ালেরও	3
আহাম্মকি	3
ডক্টরেট	3
বাঁচলো	3
মাপে	3
চোদ্দ	3
বুঝেছিলে	3
কেল্লার	3
দৃঢ়ভাবে	3
ইতিহাসকে	3
অনুন্নত	3
ঠিকতে	3
গিনির	3
এপ্রিলে	3
চারপাশেই	3
সাপে	3
আস্তরণ	3
বিজ্ঞানমনস্ক	3
চেতনায়	3
ক্রুশবিদ্ধ	3
শিখেছিল	3
কুমারীর	3
পুরাণ	3
আরাধনা	3
বিভ্রমের	3
সক্ষমতার	3
ঝোলা	3
প্রকান্ড	3
ভরের	3
ধারণাগুলো	3
অভিব্যক্তিতে	3
ভারসাম্যের	3
ইস্টারের	3
ঝলসানো	3
ইয়েসাস	3
কেউয়েই	3
পুঙ্খানুপুঙ্খ	3
শুনাত	3
খ্রিস্টানের	3
হারিশ	3
গাওয়ালানি	3
সাবজেক্টে	3
ক্যামিস্ট্রি	3
বাচে	3
ফুলিয়ে	3
দ্যাখা	3
ফোটায়	3
প্যারাগ্রাফ	3
বিশেষণগুলো	3
পড়ন্ত	3
ছেরে	3
বাউন্ডারি	3
তিনের	3
অ্যাকুরিয়াম	3
পালিয়েছ	3
ওয়ার্ক	3
ক্লাসকে	3
থ্রিতে	3
ছার	3
শেখায়নি	3
দামদারান	3
পাটেল	3
ক্রিয়া	3
গণিতে	3
হল্কার	3
কল্পনাকে	3
বললনা	3
রিহার্সালের	3
নিঃস্বার্থ	3
চুড়ির	3
মুঠোতে	3
চমকায়	3
মধ্যাহ্ন	3
যতক্ষনে	3
চিল্লাতে	3
স্নায়বিক	3
কারনেও	3
বাচ্চারই	3
উচ্চাকাঙ্ক্ষা	3
কেদোনা	3
লিওনার্দ	3
ওয়াল্ট	3
ট্রাষ্টিদের	3
বিয়োগ	3
শ্রীমতী	3
ললিতা	3
লাজমি	3
আঁকছেন	3
মোম	3
মিঠা	3
স্যারও	3
পেইন্টিংয়ের	3
শিল্পকর্ম	3
দেখেতে	3
সাঁতারের	3
ধরেছিলেন	3
রাখো	3
ক্যাপাসিটর	3
এগোন	3
সেন্ট্রালের	3
বাগলে	3
ওর্ক	3
পোলে	3
ফটোগ্রাফারের	3
নাটকীয়তার	3
জোনাহ	3
বার্নাড	3
আংকেলকে	3
অফিসারগণ	3
ম্যাডিসন	3
পদার্থবিজ্ঞানী	3
পাশ্ববর্তী	3
ভেজালে	3
চান্সই	3
তরুণীকে	3
ব্রডওয়েতে	3
শোনাল	3
রোমার	3
অভি	3
এমেরিকান	3
পলিটিকাল	3
গুডনায়েভ	3
পাঁচজনের	3
নাআআআ	3
হপে	3
তানাহলে	3
উডরে	3
জেনকিস	3
আগাব	3
চিকা	3
কুড়ি	3
সাইবেরিয়াতে	3
জড়িয়েছে	3
আন্ডারওয়ার	3
সুচনা	3
পেন্টি	3
আন্ডার	3
আমো	3
ধারাবাহিকভাবে	3
ইনাকে	3
থামায়নি	3
মুন্নাকে	3
মুন্নার	3
বেদের	3
জিস্কি	3
তোহ	3
জিনে	3
অনুগ্রহকরে	3
মুখামুখি	3
পরোনি	3
কামাও	3
সন্ন্যাসীরা	3
ইনচার্জ	3
আস্তিক	3
খাওয়াবি	3
আয়েশা	3
সন্তুষ্টি	3
আনেন	3
বাচাইছে	3
সন্ন্যাসীর	3
শিপিং	3
কলকাতা	3
বেড়াব	3
ভ্রাতা	3
এউ	3
ডডস	3
যথারীতি	3
চামরা	3
কামড়িয়ে	3
খুলিস	3
নবাগত	3
দেবলোক	3
হারমিসের	3
কুনজর	3
এতোদিনে	3
উড়ুক্কু	3
পারসিফোনি	3
কোকাকোলা	3
যাচ্ছিলি	3
অ্যাানি	3
তরুনী	3
মূর্তিগুলো	3
প্রসেইডন	3
অর্গলটা	3
পিতামাতারা	3
সল্প	3
ব্যাক্তিটা	3
১৫০০০	3
দেবলোককে	3
আমাতে	3
দৌরাও	3
বার্নিশ	3
ঝাপ্টা	3
মনোযোগে	3
উপাদানটি	3
বিরক্তও	3
মডেলটা	3
গচ্চা	3
ঘাটার	3
আঁকলো	3
ইমেইলের	3
লেসট্রাডকে	3
বেখাপ্পা	3
তাকালেই	3
ট্রেডার	3
খুলিতে	3
চামার	3
গুলিবিদ্ধ	3
কথাকে	3
এটুকুতেই	3
স্পাইডারম্যানের	3
শিল্পীকে	3
প্রপার্টি	3
পুনর্বাসনের	3
ম্যাজিস্ট্রেটের	3
ঘাড়ত্যাড়া	3
ডেলিভারীর	3
অ্যাথলেটিক	3
দূরেও	3
পাত্রগুলো	3
লোটাসের	3
প্রত্নরত্ন	3
মর্মোদ্ধার	3
অনুমানযোগ্য	3
ডেইটের	3
হলরুম	3
তল্লাশির	3
জাদুঘরের	3
হকার	3
উল্লাহ	3
চিন্তাগুলো	3
অবচেতনকে	3
সাইতোকে	3
মঞ্জিল	3
মহিলাও	3
কার্পেটটা	3
কার্পেটে	3
সাইতোর	3
এঞ্জিনিয়ারিং	3
ঢোকাই	3
স্তরগুলো	3
আইনসম্মত	3
ভগ্নাংশ	3
ধরতেও	3
কফিশপ	3
টোটেম	3
নাচাচ্ছে	3
চাচ্ছোনা	3
ধাপ্পাবাজ	3
ঘষো	3
রুপটা	3
একচেটিয়া	3
স্থাপত্য	3
পেনরোজ	3
কেমিক্যালের	3
ঢোকাবো	3
আপসের	3
গড়ি	3
ঝামেলাতেই	3
স্তরেই	3
ছুটিয়ে	3
কিকগুলো	3
সার্জারী	3
খুঁড়ছে	3
কেঁচোর	3
গন্তব্যটা	3
অ্যামবুশ	3
বোঝালাম	3
শংকিত	3
সুস্থতার	3
কাজটার	3
দিকগুলো	3
বৃষ্টিও	3
ধাক্কাটা	3
লুকোচ্ছে	3
নিষ্কাশন	3
বোমাগুলো	3
ধ্বংসও	3
বাস্তবেই	3
আসলটার	3
সিড়িতে	3
শুনিয়েছি	3
জমাও	3
হাইয়ো	3
ওয়াহ্	3
শেখে	3
পিটাচ্ছে	3
শক্তপোক্ত	3
হাইয়ুং	3
যকৃত	3
১৯৯৮	3
শীর্ষস্থানীয়	3
ছূড়ে	3
৮০০০	3
আটের	3
শনাক্তকরণ	3
ওভেনে	3
কল্পকথা	3
অ্যাওর্টা	3
যাত্রীগণ	3
হবোই	3
ঝড়কে	3
কার্ডিফ	3
ব্ল্যাকবেরি	3
বিকালেই	3
ভিটন	3
পথগুলো	3
দাঁড়াক	3
একগুঁয়েমি	3
ফাটে	3
গ্রেইনি	3
ভালোবাসেনি	3
শ্বাসরুদ্ধকর	3
ট্রেইন	3
মিছেমিছি	3
তেরি	3
মুর্দাবাদ	3
পরিবেশনের	3
কার্ডিওলজিস্ট	3
বাঁচাক	3
ধুয়েমুছে	3
পুরুষত্ব	3
দাড়ালো	3
ছয়শো	3
ধর্মযাজক	3
টিয়ে	3
গুণাগুণ	3
বিনুদুন	3
এত্তোগুলা	3
শাদি	3
রিভার	3
ফুটেছে	3
কেইলি	3
স্যাঁতসেঁতে	3
সোন্দর	3
চালাইতে	3
করছিলোনা	3
কেইসের	3
ক্ষিদে	3
দাম্পত্য	3
ধ্বংসপ্রাপ্ত	3
বোহেমিয়ান	3
প্রজাতন্ত্রের	3
গ্রীনিচ	3
পাওয়ার্স	3
পার্টিংটন	3
ওয়েস্টি	3
ধসিয়ে	3
ঘুরছো	3
ইউয়ার্ট	3
নিকোটিন	3
হিমায়িত	3
ওয়ালেটে	3
নিলেনা	3
বিড়ালটাই	3
খুনীদের	3
টকির	3
ভাঙছে	3
বেচবে	3
সুপারনোভাতে	3
ড্রাইভাররা	3
ওয়েস্টের	3
দুলাভাইকে	3
মনোরঞ্জন	3
মাইক্রফটকে	3
ছড়াবে	3
আয়োজনে	3
সঙ্গমের	3
অ্যালার্জি	3
বীর্যের	3
নৃশংসতা	3
একাডেমীর	3
পানশালায়	3
যোনি	3
লবণের	3
স্থলে	3
পরিবেশবাদী	3
নিয়মিতভাবে	3
ভেনাসের	3
বলেতে	3
বিষয়েও	3
আহমদ	3
অঙ্গহানি	3
উপন্যাসের	3
পিজ্জার	3
হাঁটতেই	3
খাটুনি	3
স্কালপেল	3
আয়তন	3
ঢুকিয়েছেন	3
গেঁড়ে	3
মনটাও	3
বাদী	3
পাতছি	3
কিশোরীর	3
দাতার	3
জানুয়ারি	3
মামলাও	3
অনিশ্চয়তা	3
মরিচের	3
হলঃ	3
সামঞ্জস্য	3
জাদুকরেরা	3
মরগানার	3
পুতুলে	3
মার্লিলিয়ান	3
বেকিকে	3
কাকতলীয়	3
জগ	3
উঠলি	3
শিখাবি	3
চিয়ারলিডার	3
বার্নাস	3
আরকানা	3
এঞ্জয়	3
এয়ারে	3
অনাকাঙ্খিত	3
জাকজমক	3
শিখাবো	3
জন্মগতভাবেই	3
পরিস্তিতি	3
আঙ্গটির	3
হোভার্টকে	3
জাদুগর	3
শিল্পকলা	3
তাছাড়াও	3
মরগানিয়ানদের	3
লেপার্ড	3
জনপ্রতি	3
পড়াশুনার	3
পুতুলটার	3
ভালোবেসেছো	3
ছাগলটাকে	3
এতগুলা	3
ছোবল	3
হলা	3
স্বর্ণাক্ষরে	3
দিলের	3
জাদুকরকে	3
বিল্ডিংগুলোর	3
যেকোনকিছু	3
পর্ণগ্রাফি	3
মারছিলে	3
এসকল	3
চুদেছি	3
পর্ণগ্রাফির	3
শিশ্ন	3
তাগাদা	3
স্টান্ড	3
জেকা	3
কনভেন্স	3
সেইক্ষেত্রে	3
ঝরাতে	3
কান্ট	3
কামুক	3
ফাকিং	3
পরমানন্দের	3
ডেলেভারি	3
দূর্লভ	3
অন্ডকোষ	3
মেশায়	3
বংশধরদের	3
জানিয়েছিল	3
দূর্দান্ত	3
রভি	3
দলটির	3
অনাকাঙ্ক্ষিত	3
দুরূহ	3
শেইভ	3
সুরত	3
নম্রভাবে	3
বাক্সগুলা	3
শুইতে	3
ভরানো	3
খোঁড়াখুঁড়ির	3
মাতৃভূমিতে	3
পুর্বপুরুষেরা	3
বিশ্রামাগার	3
দ্বিধান্বিত	3
ছারবে	3
লিয়াম	3
নার্নিয়াতে	3
ইদুরটা	3
তরমুজ	3
আশাহীন	3
অচিহ্নিত	3
অসুখে	3
তলোয়ারটা	3
লেজটা	3
অত্যাচারীর	3
অদৃশ্যদের	3
লিখতেও	3
লুসির	3
সুরসুরি	3
স্কুইড	3
বাচাঁনোর	3
রামান্ডু	3
পাঠিয়ো	3
প্রজা	3
আগ্নেয়গিরি	3
ড্রাগনটাকে	3
লিপ্সা	3
খরা	3
ঔষধি	3
পাঠিয়েছিলেন	3
ক্ষুদ্রতম	3
হয়রানি	3
হরতাল	3
উত্পাদন	3
বেকড	3
ভূত্বক	3
খাত	3
চ্যালেঞ্জিং	3
খনক	3
শিক্ষানবিশ	3
উদ্যোগের	3
উপজাতীয়	3
পুষ্টি	3
বয়সের	3
আবাদ	3
যুব	3
ক্রিয়াকলাপের	3
রিয়েল	3
নহি	3
কেন্দ্রস্থল	3
দৃঢ়ভাবে	3
উঠছেনা	3
নলটা	3
ভলিউম	3
দাড়িয়েই	3
বাসাটায়	3
থাকনা	3
জশের	3
মানিয়েছ	3
বিকেলেই	3
নাহল	3
রূহানী	3
বুড়িকে	3
এলিসের	3
দৃশ্যগুলো	3
নিকোলা	3
সাসা	3
মেলেনার	3
কারটা	3
ম্যালেনাকে	3
উলটাইয়া	3
পত্নী	3
ধরবেই	3
স্কডিয়াকে	3
জার্মানে	3
ডেন্টিস	3
কেনও	3
মর্যাদাহানি	3
আকুল	3
ক্লিনিকের	3
আইনজীবীকে	3
অঙ্গবিন্যাস	3
হামলায়	3
বেজন্মারা	3
স্কয়ারে	3
মচৎকার	3
সোনাই	3
সীমালঙ্ঘন	3
ধাঁচের	3
আদিল	3
উল্লসিত	3
ব্যাবধানে	3
ঠকাচ্ছে	3
বস্তুই	3
প্রতিভাধর	3
সুইমিংপুল	3
ওয়েডিং	3
সম্মিলন	3
খলনায়ক	3
স্টেয়ার্ড	3
মন্ত্রশহর	3
হুউউউ	3
উৎসাহের	3
ব্যাংকগুলো	3
বীরপুরুষ	3
দুর্ঘটনায়	3
ইচ্ছের	3
মুণ্ডু	3
উম্মা	3
থামালাম	3
মর্গের	3
খেলিস	3
ডুকতে	3
ছেঁকা	3
আহহহহ	3
পাগলার	3
জিতবেনা	3
জঘন্যভাবে	3
জনসাধারনের	3
ভাইরাল	3
খোলবে	3
কর্পোরেশনে	3
অপারেটিভ	3
রেক্কন	3
কেপলান	3
কয়েদিদের	3
এক্টিভেট	3
হলোগ্রাফিক	3
শুনাবে	3
আমব্রেলার	3
এনএসএ	3
যাইতেছ	3
বোর্ডকে	3
ইলেক্ট্রিক	3
মেরুদন্ডের	3
স্পেন্স	3
ট্রেনেই	3
একসেস	3
শক্তিগুলো	3
বিশৃঙ্খলায়	3
কুইক	3
টনটনে	3
আয়ুর্বেদিক	3
ফিংকে	3
হারাবোই	3
কেঠা	3
হোগায়	3
বুঝবা	3
প্রাণভরে	3
অপরাজিত	3
লড়বেন	3
প্রকৃতপক্ষেই	3
নির্মাণাধীন	3
ধারাবাহিক	3
লেসট্রাডের	3
নেয়াটাই	3
স্ট্যামফোর্ড	3
বাজালে	3
পেশাটা	3
ফোনটাকে	3
জায়গাটাও	3
চার্জে	3
ডিওডেরেন্ট	3
ঘাঁটা	3
খুলতো	3
কলারের	3
মেগে	3
অতটুকু	3
উইলসনের	3
সাইকোপ্যাথ	3
সচ্ছল	3
সিগ্রেট	3
স্পাইগিরির	3
ধুত্তেরি	3
মনোযোগের	3
মধ্যমণি	3
নীরস	3
ক্যাবের	3
অদ্ভূদ	3
স্যুটকেসেই	3
রোল্যান্ড	3
চারবার	3
ধোঁকার	3
ফোম	3
ফ্রেমটা	3
ঋজু	3
ক্ষিধেয়	3
চিত্রাঙ্কন	3
অদ্ভুতকান্ড	3
উদাও	3
১৯৮২	3
মেম্বাররা	3
প্রতিজ্ঞায়	3
ভাগ্যলিপি	3
প্রস্থুত	3
কাছি	3
কন্ট্রল	3
জিপার	3
প্লাটফর্ম	3
ইউজারের	3
নিরাপদের	3
আইডেন্টিটি	3
অগনিত	3
আমোদ	3
রিস্টার্ট	3
ইস্টের	3
ডিভাইসের	3
বিনীতভাবে	3
দূরদর্শিতা	3
কবজির	3
প্রেগনেন্ট	3
চিফকে	3
হোল্ডার	3
ছাত্রীদের	3
আসিনা	3
হিয়ান	3
স্বর্গসুখ	3
ভাবনায়	3
জুয়াড়ি	3
লাম	3
ডুপন্ট	3
সাও	3
পাওলো	3
পকপক	3
সমিতি	3
কয়েদীদের	3
বাহাদুরির	3
ব্রাজিলিয়ান	3
আন্দ্রিয়াগো	3
কুইনোনেস	3
নেস	3
জানোসই	3
হুমুন্দির	3
মুনাফার	3
হলোঃ	3
ভিতো	3
জিতবোই	3
আমেরিকানকে	3
ধরেছিস	3
কারোও	3
নৈশভোজের	3
কুড়ালটা	3
ধর্মযুদ্ধে	3
রুপা	3
পদবির	3
মেসিনা	3
মোচনের	3
লড়েছ	3
ভ্রাতুষ্পুত্র	3
কাফেরকে	3
ভাগ্যগুণে	3
জন্মেছ	3
ধর্মযুদ্ধ	3
ইতালী	3
লুসিগনান	3
চিত্তে	3
জনগনকে	3
গুণাবলী	3
অনুগ্রহের	3
কেরাকের	3
শান্তিচুক্তি	3
ক্ষেপিয়ে	3
খুঁতখুঁতে	3
সন্দেহাতীত	3
বাক্যে	3
কাদামাটির	3
অন্তরাত্মা	3
কোনটিই	3
ইসলামের	3
স্ত্রীই	3
পুনরাবৃত্ত	3
স্ফুলিঙ্গ	3
নগরীর	3
ক্ষণের	3
কারীদের	3
নিদারুণ	3
নিন্ম	3
ভগিনী	3
কল্যাণের	3
গোলাবর্ষণের	3
চারশত	3
বৃথাই	3
রাশিদ	3
বিশিষ্টতা	3
কোনগুলো	3
হেটেই	3
পরিবারটা	3
নুন	3
চকলেটগুলো	3
লিখল	3
অনন্তের	3
হুল্লোড়	3
ব্যাপারনা	3
মাখনও	3
এ্যালার্ম	3
বাজল	3
পেলোনা	3
দুচোখের	3
থলি	3
এইডের	3
আঁচড়ে	3
বোকাই	3
কোনোটা	3
প্রধানকে	3
হাঁপাচ্ছে	3
মওকুফ	3
উড়াবে	3
ত্যাঁদড়	3
বেত্রাঘাতী	3
স্বাদও	3
এরকমের	3
টিকটিক	3
চাপবেন	3
পণ্যের	3
অল্পতেই	3
উচ্চতাটা	3
রাজহাঁসের	3
বিনিময়েও	3
বন্টন	3
ক্লাবেও	3
ফেলবোনা	3
বালিশটা	3
ছেড়োনা	3
চিনবেনা	3
ঘেমে	3
ঘড়	3
ডাইনীদের	3
সাদিকের	3
গোমড়া	3
বউমা	3
আপ্লুত	3
চাচ্চুর	3
দাদাভাইয়ের	3
সেগুল	3
ছোটও	3
ইজমিরে	3
কিচ্ছুটি	3
ফ্যানের	3
মেজাজটা	3
হুসেইনের	3
পাতানো	3
ভালোবাসোনা	3
লাগো	3
পাঠাবেনা	3
ঘুমাওনি	3
জুতাই	3
আশপাশটা	3
লক্ষীসোণা	3
গপাগপ	3
তাকাচ্ছেন	3
এইগুলোর	3
গুলবেয়াজ	3
বোতামে	3
ভালোলাগা	3
সাদিককে	3
জামাইকে	3
আরেব্বাহ	3
আখেরে	3
ব্যাটে	3
লেখালেখি	3
পড়োনা	3
সইছেনা	3
ঘুরছিলো	3
সুস্থই	3
মুটকি	3
দাঁড়াতাম	3
ইব্রাহীম	3
কেটেছো	3
ভিজবে	3
ব্যাক্সটার	3
লোকেশনে	3
তাড়ানোর	3
অনুমতিপত্র	3
পেছানো	3
যোগ্যতাসম্পন্ন	3
নাট্যকার	3
চলচ্চিত্রে	3
সমাপ্তিও	3
পছন্দমতো	3
গ্রহণকারী	3
দৃশ্যটি	3
পাণ্ডুলিপিতে	3
কুয়াশায়	3
লিখছেন	3
খসড়া	3
গ্রেফতারি	3
ভিড়তে	3
রেঙ্গুনের	3
ফ্যাথম	3
অগভীর	3
ফেটেছে	3
মাইকের	3
সাধুবাদ	3
হার্বের	3
লভ্যাংশ	3
নেচেছি	3
ঝাঁজরা	3
গুঁড়ি	3
এডভেঞ্চারের	3
জন্তুটিকে	3
প্রতীক্ষায়	3
সেড	3
বিশ্বকাপের	3
অনুগত্য	3
ডাবলমেন্ট	3
প্রতিযোগিতা	3
তরুণীদের	3
ডার্মস্ট্র্যাংগ	3
টাস্কে	3
ডাকিনীবিদ্যার	3
আনফরগিভেবল	3
পেঁচার	3
পার্বতি	3
যাছি	3
হর্নটেইল	3
ব্যাজের	3
বেআদব	3
ছাড়ছিনা	3
বিজয়ীরা	3
অত্যাবশ্যক	3
বুলগেরিয়ান	3
ফরমাল	3
ইউল	3
মেজবান	3
পরিবেশনা	3
নৃত্যের	3
ফুর্তিতে	3
বিচারকরা	3
বাঁচাত	3
কাজগুলোর	3
প্রতিযোগীরা	3
শরীরেও	3
চিরতরের	3
কসরৎ	3
চতুষ্পদ	3
কানেটিকাট	3
ঠাকুর	3
এপার	3
রঙ্গে	3
নিকৃষ্টতম	3
ফুসাদের	3
ম্যানকিউইক্	3
শুনিসনি	3
নেবনা	3
মাদাগাস্কারে	3
মাদা	3
হাপিয়ে	3
সিংহটাকে	3
হেরেছিস	3
বন্ধুকেই	3
কামড়াবে	3
এবাড়িতে	3
মাছও	3
উপহারই	3
সঙ্গিত	3
বেরুবো	3
কাদছে	3
টাম	3
ভবিষৎবাণী	3
বংশগতভাবে	3
ভীক্ষা	3
বিরুদ্ধাচারন	3
সম্রাজ্ঞী	3
ছকে	3
আমৃত্যু	3
নির্দোষকে	3
ন্যায়পরায়ন	3
ব্যবসাও	3
ফিলিপাইনের	3
মুসাং	3
২৮০	3
গি	3
ফেলছিলো	3
বিপরিতে	3
পেশাদারী	3
দেখ্	3
দাড়ালাম	3
ভুলকে	3
নিনজার	3
বিষে	3
রুমই	3
কার্মাইন	3
ওসবকিছু	3
বেঈমানদের	3
অনীহা	3
হত্যাকারীদের	3
গ্যাংয়ে	3
মেম্বারদের	3
ডাইভিংয়ের	3
ওয়ারের	3
মীরজাফর	3
ঘুরবেনা	3
ধরেনা	3
অণুগুলো	3
থ্রটল	3
এসিস্ট্যান্ট	3
মাইক্রোওয়েভ	3
বাষ্পে	3
লোকসানের	3
ডেকোরেশনের	3
এক্সপেরিমেন্টের	3
কমস	3
ড্রাগসে	3
কন্টেইনারে	3
প্রোটেইন	3
বটম	3
শুনবেনা	3
এন্টারপ্রাইজে	3
অর্থনীতি	3
দারিদ্রতা	3
পয়গাম	3
প্লাম্বিং	3
চেইনগুলো	3
প্রতিক	3
মাইয়াডা	3
ক্যাসেলকুতোর	3
লাইগাই	3
ফালাইয়া	3
দোকানদারের	3
লুইচ্চার	3
বুজছো	3
এইটাতো	3
ঠ্যাংয়ের	3
জড়ালেন	3
এডভোকেট	3
কুসিমানোর	3
যুবতি	3
ময়দা	3
ছড়ানোর	3
সহকারি	3
পাইতে	3
শালারপুতেরা	3
টেলিকম	3
বানাচ্ছিলো	3
১৭২	3
উড়াধুরা	3
হোমপেজ	3
লিখালিখি	3
ব্যাম	3
বিপদসংকেত	3
জিনিশ	3
নেয়াতে	3
ফকিরের	3
খেঁটে	3
তাকাত	3
বেকারির	3
বারটেন্ডারকে	3
বদমাইশদের	3
শলা	3
চিংড়ির	3
ট্রাকার	3
ধর্মঘটের	3
কলুর	3
ফ্রেঞ্চি	3
তাগড়া	3
হাসাচ্ছি	3
আড্ডার	3
টডির	3
কানেই	3
কারেনের	3
বোকো	3
মিয়ামি	3
নিট	3
স্বামীরা	3
উপরি	3
মাদারচোতকে	3
আরেকদিকে	3
পারফর্মার	3
শহরতলীর	3
বালই	3
খাটিস	3
মাগীদের	3
ব্যান্ডেজটা	3
চটকাচ্ছ	3
সশ্রম	3
দোস্তর	3
বান্দাদের	3
আটলান্টায়	3
কোরাস	3
জড়াব	3
লুফথানসা	3
জার্সির	3
রাগছ	3
ফ্রাংকি	3
মাস্টারমাইন্ড	3
চটকানো	3
ফ্রাংক	3
ক্রুয়ের	3
ইতালিতে	3
পাইক	3
ফুসকুড়ি	3
মিলিগ্রামের	3
কাটলেট	3
পুলিশই	3
নার্ক	3
স্টেটে	3
রাখাল	3
দুধে	3
জুরিকে	3
কম্পিউটারকে	3
বিষয়টির	3
ধারনাটি	3
২০২৯	3
ধরলেও	3
ঢুকান	3
ইনস্টিটিউট	3
ঐই	3
পাগলটাকে	3
মিলিগ্রাম	3
পরবর্তীটা	3
আস্তালা	3
হিউম্যান	3
টেকিলা	3
নিবো	3
কর্ড	3
লোকজন	3
তর্কে	3
জড়াবে	3
দেখাচ্ছিলে	3
স্টোরেজ	3
হেস্টটার	3
বস্তুতপক্ষে	3
ভার্জিনিয়াতে	3
রেপ	3
ফ্রেডিকা	3
পাঠাতাম	3
শেরীফ	3
কব্জির	3
গোড়ালির	3
গঠনপ্রণালী	3
নেড়ে	3
স্টিকের	3
শুঁয়াপোকা	3
মেম্পিস	3
রিপাবলিক	3
রাজনৈতিকভাবে	3
আলোড়ন	3
বিশ্ববাসী	3
সেন্টমার্টিন	3
স্মাগলারের	3
প্রত্যক্ষভাবে	3
পারস্পারিক	3
হপকিন্স	3
মেম্পিসে	3
কাঁটাতে	3
নীচতলায়	3
মেষশাবকগুলোর	3
ব্রেকফাস্টে	3
আশঙ্কাজনক	3
মটকে	3
প্রতিবন্ধকতাকে	3
চট	3
অসম্মানজনক	3
বৃত্তাকারে	3
বিদ্যুৎশক্তি	3
সায়েন্সে	3
বেঁটে	3
প্রদিক্ষন	3
বিদ্রূপাত্মক	3
নজির	3
উচ্চপদে	3
দুর্নীতিবাজ	3
কল্পনাশক্তির	3
শ্যাম্পেইনের	3
ছবিতেই	3
সমালোচক	3
অবাধ্যতার	3
স্করপিয়ন	3
ভ্রমণকারী	3
ট্রেনকে	3
নামমাত্র	3
টাইগারের	3
হুং	3
টাং	3
বাস্তবসম্মত	3
কাগজেও	3
যাত্রাকে	3
ব্যাঙ্গ	3
মাঝেমাঝেই	3
শৃঙ্খলার	3
সুযোগকে	3
মরচে	3
টাইগার্স	3
সানফ্রানসিসকো	3
মচকে	3
জিতেও	3
উইলবার	3
অরভেল	3
জেতানোর	3
জানাতাম	3
কামড়েই	3
দুর্ভাগ্যজনকভাবে	3
জিতেছিলেন	3
ঘণ্টাধ্বনির	3
নাফিস	3
বিদ্যালয়	3
এইই	3
বিস্ফোরনে	3
সাচ্চা	3
অনাথের	3
শুনিও	3
দিনারের	3
ক্যানিবো	3
২৫০০	3
মুল্যের	3
ডিস	3
ইসমায়েল	3
কাঁদছিলো	3
গন্ধের	3
বালকটি	3
মাস্কটি	3
উদ্বাস্তু	3
ছিয়ানব্বই	3
বিদ্যালয়ে	3
শুনতেছো	3
গনিত	3
শ্রেণির	3
দুইশত	3
তুমিনা	3
জানোনি	3
মরাই	3
সওদার	3
জড়ায়	3
সাম্রাজ্যকে	3
জার্মানিয়াস	3
ধুর্ত	3
ড্যাগনেট	3
জন্মভুমি	3
জোলস	3
গিলি	3
সাম্যবাদী	3
খেলোয়ার	3
মরিয়াস	3
দিনটির	3
পলাতকদের	3
ত্রিস্টান	3
অভিশাপও	3
পরাজয়ের	3
খানেই	3
জার্মেনিয়াস	3
পাপীরা	3
উৎসর্গিত	3
পাপীর	3
শোনাত	3
যতজন	3
পরিবারহীন	3
চলছিলেন	3
অ্যালেক্টো	3
তটরেখা	3
বোরস	3
তীরন্দাজেরা	3
পরিক্ষার	3
নেপাল	3
সেবাস্টিয়ান	3
পেপসি	3
বিনিময়ে	3
সম্ভবতঃ	3
তুরপুন	3
চর্বণ	3
জেরাল্ড	3
নলখাগড়া	3
বায়ুমণ্ডলের	3
প্রবাহের	3
ইলেকট্রন	3
চুম্বকত্ব	3
স্ট্রেইট	3
কতকাল	3
রুশো	3
প্রবেশদ্বারে	3
নাড়াচাড়া	3
প্রাপ্তবয়স্কদের	3
বংশবৃদ্ধি	3
মরেছিলো	3
ভ্রমণকারীর	3
সারসংক্ষেপ	3
আসছিলেন	3
ইর	3
জায়গারই	3
শ্রেণীদের	3
লাউঞ্জের	3
পেইড	3
কলসি	3
মনোনীত	3
পিতাদের	3
পালাইছে	3
দাগটার	3
হাঙ্গরকে	3
বদলিয়েছি	3
ঘুড়তে	3
কাজগুলি	3
ক্যানটা	3
সালসা	3
৮০১	3
ভার্শনটা	3
অতিমানবীয়	3
৩রা	3
জানুয়ারী	3
আখরোট	3
প্রেসকিপশন	3
তরোয়াল	3
কার্টে	3
রোমানিয়ান	3
এজেন্টটা	3
পরিচারক	3
মধে	3
চিমনীর	3
বিঁধিমালা	3
পাগলটার	3
মিশরীয়রা	3
স্বভাবে	3
জ্বালানোর	3
অ্যানসিয়েন্ট	3
রুনস	3
খোঁচাখুঁচি	3
আসাই	3
হ্যান্ডব্যাগ	3
জাদুকরই	3
গুণটা	3
ওয়েরউলফের	3
আ্যনিমেগাস	3
পূর্ণিমার	3
পাওয়াটাই	3
সামর্থের	3
পুলাপান	3
শরীরও	3
ঝাড়ুলাঠিতে	3
ভাঙ্গাভাঙ্গি	3
স্ক্যাবার	3
মিশচেফ	3
ডাকিনীবিদ্যায়	3
ভেঙ্গেচুরে	3
বলসি	3
শ্যাকে	3
কামড়ানোর	3
ঘন্টি	3
ঐপাশে	3
ভোরবেলায়	3
লিলির	3
সঙ্গরোধ	3
ক্লাইম্যাক্স	3
বিষয়াদি	3
কিনবেনা	3
ট্র্যাক্টর	3
শনিবারের	3
মহাকাব্যিক	3
স্ট্রাট	3
রিলটা	3
রিলের	3
অনুসরণে	3
গলফের	3
স্কারফেস	3
কিসমিস	3
মায়ার	3
ক্যাথারিন	3
মায়ারের	3
ভাইব্রেশন	3
ইলেকট্রিকাল	3
খামখেয়ালী	3
গয়া	3
জলপথে	3
রাসেলের	3
ব্রিন	3
এসোসিয়েশন	3
উলওয়ার্থ	3
গোয়ান্দাগিরি	3
পরিসর	3
এরোনটিক্স	3
বোর্ডও	3
বাটনের	3
ক্যাথোলিক	3
অ্যাভা	3
ট্রান্স	3
সায়মন	3
কন্ট্রোলের	3
পুড়েছে	3
এয়ারলাইনের	3
টেলিফোনেও	3
এয়ারলাইনই	3
পেরু	3
গতবছরের	3
উঠাব	3
বেলুনের	3
ধনদৌলত	3
উদ্বেগের	3
গ্রহণের	3
ঘুরাব	3
টেকঅফের	3
মাইক্রোফোনের	3
ফুর্তিবাজ	3
প্রথমটার	3
এগোবো	3
ঝরঝরে	3
ঝর্ণার	3
চোঁখের	3
প্রবাদের	3
কোষগুলোর	3
মস্তিষ্কটা	3
ঢোকানো	3
ফষ্টি	3
অদ্ভুতভাবে	3
কাপড়ও	3
পদধূলি	3
সারাবি	3
সিমবার	3
ডিব্বাটা	3
সিমবাকে	3
ঘিনঘিনে	3
সসম্মানে	3
বানজাই	3
অনিচ্ছাকৃতভাবে	3
ধারেকাছে	3
সিংহদের	3
ধাক্কায়	3
মুফাসাকে	3
তৈরিই	3
নাইরে	3
হায়েনাদের	3
বাঁচিয়েছিলো	3
সবেমাত্র	3
হুস	3
মুখটি	3
জিনিসটাতে	3
গেড়েছে	3
শিক্ষাও	3
হিংস্রভাবে	3
আছেঃ	3
গ্রিনহাউস	3
মোন	3
রাজড়াদের	3
উপন্যাসে	3
পাল্টাচ্ছে	3
মনমতো	3
মূখ	3
এগুলিকে	3
অ্যাস্টন	3
পেরছো	3
খবরাখবর	3
কাড়াকাড়ি	3
ওলট	3
যুদ্ধাপরাধের	3
ঘাটের	3
বেশ্যাটাকে	3
কুং	3
খুনোখুনির	3
দরজাটাও	3
ঢুকিয়েছ	3
পোলাপানরা	3
পাতালঘরে	3
খুজলেও	3
পেলামনা	3
রিসার্ভ	3
টিয়া	3
প্রাদেশিক	3
পাড়তে	3
সর্ষেফুল	3
চে	3
ভুলাতে	3
ওঁকে	3
লাকির	3
বলতাছি	3
নয়টায়	3
ট্যাম	3
চুনোপুঁটি	3
তুর্কিদের	3
লুকালো	3
তুলতাম	3
লিফ্টে	3
এক্সপ্রেশন	3
ছিঁড়বে	3
কোনকিছুকে	3
জনপদ	3
দূর্ভাগ্যবশত	3
গাইডের	3
৭১২	3
বালে	3
তুলল	3
৯ম	3
শ্রেণি	3
পালিয়েছো	3
ডানের	3
পুলিশটাকে	3
আঁচড়ও	3
জোনের	3
নিয়ন্ত্রণহীন	3
করদাতা	3
সন্তোস্ত্র	3
গণন্ত্রাতিক	3
স্বপ্নদোষ	3
ভেঙ্গেছিলে	3
লাগলেই	3
আগ্রহই	3
ভোগা	3
দুর্নাম	3
কবজি	3
দাগানো	3
লিপির	3
বিদায়ের	3
বৃস্টিতে	3
চিল্লা	3
চিল্লি	3
কাপল	3
পুরুষে	3
তর্জনী	3
ধোও	3
মুডটা	3
প্রিন্সেসের	3
কায়েল	3
ক্যামিকেল	3
এভরি	3
এইসবই	3
মিনিওন	3
বৈকি	3
মাগা	3
জোশের	3
হুঁশে	3
ডাইনামাইট	3
পায়জামা	3
আঁচড়িয়ে	3
অখাদ্য	3
সেরামের	3
মিশুক	3
ভালবাসেনা	3
ট্র্যাস	3
হোস্টেস	3
মুরগিটাকে	3
ধূপ	3
ফেলছিস	3
মাছেদের	3
পড়লি	3
সুখবরটা	3
কাজি	3
মনটাকে	3
ক্লাশমেট	3
ড্রেসের	3
সংস্কৃতিতে	3
খেলেছিস	3
তোড়া	3
ডেটল	3
সিনেমাটা	3
কেটো	3
বসটা	3
ব্যাটিং	3
উন্মাদনার	3
ধরবই	3
ঝগড়ায়	3
মারারও	3
পাগলাগারদের	3
ভিকারাবাদ	3
দেবই	3
সময়টার	3
বকবে	3
প্রত্যাশায়	3
ফিশ	3
ডার্টফিশ	3
ঐকান্তিক	3
কিঞ্চিত	3
করিয়েছিলেন	3
অ্যারনকে	3
অ্যারনের	3
বেনশপের	3
মায়েরাও	3
মাছকে	3
জানালাটাও	3
ডিকসম্যানের	3
কয়েকজনকেই	3
প্রয়োজনই	3
রোসিটার	3
কেসগুলো	3
ভলিউমটা	3
ক্র‍্যাশ	3
ট্রায়ালে	3
ঘুষখোর	3
স্বশরীরে	3
ঊ	3
হ্যানসেন	3
লাগিওনা	3
জানিওনা	3
কলোরাডোর	3
স্যান্ড	3
ঘুমাতেন	3
গভর্ণরের	3
কর্টেক্স	3
টাংকি	3
ঘরেও	3
স্যাভিন	3
মিথ্যায়	3
শুভেচ্ছার	3
বাচিয়েছিলাম	3
সিকিউর	3
নির্বুদ্ধিতা	3
ইন্ডিয়ানের	3
সাতে	3
রংবেরঙের	3
ব্রন	3
কন্ট্রাক্টের	3
পাচ্ছিলনা	3
পালি	3
ইন্সটল	3
প্রতিবেশীরাও	3
ভক্ষন	3
চরতে	3
পথটি	3
দেবো	3
কমবেশী	3
মেশে	3
চূড়ার	3
এটা্	3
তোমারকি	3
একেছি	3
ওটাকি	3
মধ্যেতো	3
চাইতো	3
ধস্তাধস্তি	3
পালিয়ো	3
এমারজেন্সি	3
একাগ্রতা	3
ওইটাকে	3
খেলতাছে	3
সর্ম্পক	3
শচীনের	3
রামেশ্বরেই	3
রামেশ্বরের	3
স্যান্ডেল	3
বিজি	3
প্যা	3
তালুক	3
বুঝতাছি	3
দিতাছো	3
লোচিনী	3
পেচি	3
একেকজনের	3
জেনুইন	3
এক্সপেরিয়েন্স	3
এক্সপ্রেসের	3
চিনলেন	3
্	3
ঠাংগাবালি	3
মিনাকে	3
করছোস	3
ডাকতাছে	3
অবুঝের	3
অর্ঘ	3
৫টার	3
শ্রীলংকান	3
মরহুম	3
দেখাবা	3
অন্যরকমই	3
তামিলে	3
ঘুরাচ্ছে	3
ছাড়ুম	3
সুরভীর	3
সাউথে	3
গলাই	3
৬৬	3
ষোলশ	3
এল্ভ	3
ইথারের	3
বাইফ্রস্ট	3
অলফাদারের	3
পাগলকে	3
জ্যোতিঃপদার্থবিজ্ঞানী	3
সৌন্দর্যকে	3
ধরছ	3
প্রদক্ষিণ	3
ফ্রিগা	3
অস্ত্রাগারে	3
দেশদ্রোহ	3
মায়ান	3
স্নোডন	3
আ্যসগার্ডিয়ান	3
সৃষ্টিই	3
কালেক্টর	3
সভাপতিত্ব	3
ইলিনোইস	3
খাওয়ান	3
সংঘাতের	3
হৃৎপিণ্ডের	3
সেমিস্টারের	3
কতৃপক্ষের	3
সারাউন্ড	3
ফ্লোরেই	3
মিউরিয়েল	3
শরিফের	3
হলওয়ে	3
সবগুলারে	3
বেদখল	3
শুনাবেন	3
নেবই	3
সবমিলিয়ে	3
একহাত	3
স্কিপ	3
নাইনার	3
মটস	3
ত্যাগস্বীকার	3
বিশ্বসেরা	3
ক্ষোভে	3
বাবুরা	3
ভূগর্ভে	3
ক্লিকার	3
গ্রাউন্ডে	3
আত্মরক্ষামূলক	3
বেষ্টনীর	3
লিমোজিন	3
টিউমারের	3
আবিষ্ট	3
ফ্লোরটা	3
জেফারসনের	3
আশ্চর্যজনকভাবে	3
খাইসেরে	3
উইপন	3
ধোনের	3
আক্রোশের	3
সেরেই	3
আনলক	3
হারামজাদি	3
এমিলিকে	3
অঞ্চলটা	3
বিচ্ছিন্নতাবাদীদের	3
এশিয়ার	3
সংবরণ	3
মাড	3
বোকারাই	3
সাখারত	3
ঘুষির	3
ওটি	3
বালটাকে	3
আখ	3
ফুকেত	3
অফিসিয়াল	3
বিচ্ছিন্নতাবাদী	3
খেলেছিলাম	3
হাতিকে	3
উঠিয়ে	3
সূচনার	3
বক্ষ	3
সুযোগ্য	3
দিবালোকের	3
হাটাতে	3
মোটের	3
বাউম	3
পাজী	3
পরিপূরক	3
ভেল্কী	3
মেলাই	3
শপথটা	3
দলেই	3
তাহল	3
কাঁদতেও	3
ডাইনীটাকে	3
গঠনে	3
সরাই	3
কাকগুলো	3
এতিমের	3
সিংহাসনকে	3
চাদরটা	3
এমারেল্ডে	3
সবজান্তারা	3
পালাতো	3
বিবেচনার	3
এলসিকে	3
ফিয়ালব্যাকাতে	3
১৩৬	3
রিংহোমের	3
জিনিসপত্রগুলো	3
ফিয়ালব্যাকাতেই	3
ট্রাজেডি	3
গড়মিল	3
ওলাভসন	3
পরিচিতই	3
অনুপ্রবেশকারীরা	3
ক্রেমার	3
বীজের	3
চাঁপা	3
হারো	3
ক্লারিসের	3
ওকথা	3
নিম্ফ	3
দুলছে	3
অরাকলের	3
আন্ডারউড	3
বারমুডা	3
ইকনেউটি	3
অভিযানটা	3
অরাকল	3
ভবিষ্যদ্বানী	3
ড্রাকমা	3
হারমিস	3
সেলেনা	3
গ্লুভারকে	3
হেসেছিলাম	3
রিয়ারডন	3
ফিরছিল	3
স্বজাতি	3
বোধোদয়	3
আনতেই	3
পৌত্র	3
বৃটেনের	3
দৈত্যেরা	3
বংশধরকে	3
করছিটা	3
এইধরনের	3
মঠে	3
সবসময়য়	3
গড়েছি	3
বর্গা	3
গান্টুয়ার	3
শোনাতেন	3
নিবারণ	3
রোডেরিকের	3
মরোনি	3
বন্দিরা	3
নিভৃত	3
দৈত্যটাকে	3
বীরদের	3
ফাম	3
এন্সার	3
ফটকের	3
কাইরো	3
ইন্টারপোলে	3
পিয়ার্স	3
ছবিগুলা	3
চামেলি	3
সম্পত	3
ব্রাগার	3
ঢুকিয়েছিল	3
রিওতে	3
বাচিয়েছিলে	3
বাড়াচ্ছ	3
মানায়না	3
স্পষ্টতা	3
বাটার	3
মিলবেই	3
চিপের	3
জিতার	3
পাল্টাবেনা	3
যাইতাসে	3
লাউ	3
দয়াই	3
গিফট্	3
খেলাধূলা	3
হুমম্	3
বেরোলে	3
প্রত্যক্ষদর্শীদের	3
খেতো	3
কোঁচকানো	3
ছুন	3
ঝলমল	3
রাঁধুনীর	3
সর্বকনিষ্ঠ	3
হোয়াং	3
লেখাগুলো	3
গোসলখানার	3
ডায়রীতে	3
পিঁপড়ে	3
খুলবি	3
দিনটাও	3
উত্তরগুলো	3
স্থানটি	3
২৭০	3
আভ্যন্তরীণ	3
আলাপন	3
এলামনাই	3
পরেরটায়	3
আনিয়েছি	3
সেলুন	3
কলংক	3
লড়ছিলে	3
মিদোকে	3
পার্টে	3
হাজা	3
অন্বেষী	3
ট্রলস	3
রোজগারের	3
চুর	3
সিকনেস	3
ব্রুম	3
নাড়িভুঁড়ি	3
জায়গাটি	3
ব্যাধিযুক্ত	3
পড়ল	3
তটস্থ	3
বিশ্রামবারে	3
পোঁটা	3
ঠক্ঠক্	3
চৌ	3
৬৩৮	3
কিনতেই	3
সাহেবও	3
ভির	3
৩০৫	3
বাথরুমও	3
কোরাসে	3
তথ্যকে	3
জনকেও	3
দিতেছিস	3
খুলেছিলাম	3
পিছলিয়ে	3
পরিস্থিতিগত	3
কখনকার	3
কালী	3
বেলায়ই	3
খুলেছিলে	3
তদন্তই	3
পুরটাই	3
আদেশকে	3
ময়নাতদন্তে	3
বিচারকাজ	3
আদেশই	3
ফোলাতে	3
একেছ	3
ইয়ং	3
দণ্ডাদেশ	3
পৌঁছবে	3
মৈত্রীবন্ধন	3
ঘোড়াদের	3
জুসে	3
রত্নভাণ্ডার	3
ড্রামে	3
র‍্যাডাগ্যাস্ট	3
রত্নভাণ্ডারে	3
বাণিজ্যের	3
মেনো	3
মরবনা	3
লিভারটা	3
তেজস্ক্রিয়তা	3
থেতলে	3
খামখেয়ালি	3
খেলতেও	3
প্ল্যানেটের	3
ডিভিশনে	3
মুনহ্যাভেন	3
সম্ভাবত	3
তুনি	3
পূর্ণিমা	3
ঊহ	3
সবুজে	3
লিফম্যানরা	3
ছারপোকা	3
বিজয়ীকে	3
পালকে	3
বুফো	3
পচাদের	3
উঘ	3
দাওয়াতের	3
কলির	3
আমারাই	3
ফড়িং	3
লার্ভা	3
তোমারাও	3
ডাকছ	3
পাখিও	3
রকমটা	3
বিনামূল্যের	3
চিঠিপত্রের	3
তেলা	3
কমনীয়	3
টেলিযোগাযোগ	3
নিপূণভাবে	3
রেফারেন্সড	3
গরমিল	3
জেফারসন	3
ধর্মবিরোধী	3
জ্বালিয়ে	3
অনুপ্রবেশের	3
নেওয়ার	3
হত্তন	3
উইলস	3
স্থানগুলো	3
ব্যানারম্যান	3
গর্ভনর	3
পরোয়ানা	3
চাটুকারদের	3
প্রজ্বলিত	3
সঙ্কট	3
বারংবার	3
স্বীকারোক্তির	3
পল্লব	3
লীগ	3
ওয়ে	3
অভিপ্রায়	3
লগিং	3
বোঝাপড়া	3
ডব্লিউ	3
স্বরণে	3
অধ্যাপকের	3
কভেন্ট্রি	3
উলকি	3
উদয়	3
নিয়েছিল	3
কারণটি	3
পাঠায়	3
প্রাণীদেরও	3
পিরিত	3
আফিসার	3
কন্টেইনারের	3
এভিয়ান	3
থামিও	3
আচ্ছ	3
ঢাক	3
ইন্দোনেশিয়া	3
হেলিকপ্টারটি	3
তাবুতে	3
গুয়াংহুমুম	3
৮৪৯৮	3
ভেরিফিকেশন	3
মাগিটাকে	3
এইমূহুর্তে	3
অব্যশই	3
শতাংশে	3
অধিবাসীরা	3
মনোবিজ্ঞানী	3
হুজুরের	3
অভিষপ্ত	3
প্রফেসরদের	3
গবেষনার	3
মনোবিদের	3
নম্বরের	3
সাজালে	3
সংমিশ্রণে	3
ধরণেরই	3
বহে	3
ইবরুকে	3
অনিদ্রা	3
ফারুকের	3
মন্ত্রগুলো	3
সুইচে	3
পোতা	3
বাণ	3
কিয়ামতের	3
নেবেই	3
আলুলু	3
ছেড়েছুড়ে	3
যাদুমন্ত্রের	3
আরবিতে	3
পিসিতে	3
অদৃশ্যের	3
লীলাখেলা	3
চরিত্রহীন	3
ভার্সিটির	3
খেলেছেন	3
আরবী	3
হরফ	3
তড়িৎচুম্বকীয়	3
পরোপকারের	3
কুফল	3
স্থাপত্যের	3
মারহাবা	3
কণ্ঠধ্বনি	3
ফুটফুটে	3
আনের	3
ভ্রূণের	3
গর্ভের	3
থাকাবস্থায়	3
এসবও	3
তথা	3
বুঝেননি	3
রতনের	3
ভিভো	3
বিধর্মীদের	3
ভিটে	3
স্ট্যান্ডবাই	3
জ্বালানীর	3
ইঞ্জিনিয়ারদের	3
হিউস্টনকে	3
হাবল	3
এইসবে	3
স্টোনকে	3
ধ্বংসাবশেষের	3
মারদি	3
জরুরীভাবে	3
টেলিকমিউনিকেশন	3
ছাড়ান	3
বাধবো	3
যুরিচ	3
ঢক	3
সয়োজটাকে	3
সিমুলেটর	3
অনেকখানি	3
শোনাতাম	3
নিক্ষেপন	3
পঁয়তাল্লিশ	3
কাহিনির	3
ফ্রিকোয়েন্সি	3
পৌঁছানের	3
উঠমু	3
পোলাপানগুলারে	3
পরেত্তন	3
নিগ্রোগো	3
যেইহানে	3
টিইক্কা	3
নিচা	3
কইতাছো	3
এইডারে	3
ফরাসিদের	3
লেথি	3
অরেন	3
নিগ্রোগুলোকে	3
এজরা	3
পরিবারডারে	3
থাকমু	3
একদাম	3
কুড়ানি	3
এলিজাকে	3
কানার	3
নিকটও	3
মহাবিস্মিত	3
বাইয়ো	3
স্থলের	3
নদীপথটাকেই	3
ইঞ্জিনিয়ারই	3
নরটিক	3
তত্ত্বাবধায়নে	3
ডুইব্বা	3
কান্দন	3
থামাইছো	3
তাগোরে	3
শোইলের	3
ফর্ডরে	3
খাইট্টা	3
ফর্ডই	3
দ্যাহো	3
কাইটটা	3
মোডা	3
থাকনের	3
অসম্মানের	3
থাহনই	3
কানতে	3
পাইবে	3
তাহাদের	3
যাঁতাকলে	3
পড়িলেও	3
মরিবে	3
কাপুড়	3
চাকরানীও	3
হইতাম	3
এমিলিরে	3
গেরস্থালীর	3
পাইল	3
শ্যাষম্যাশ	3
দেয়াতেই	3
কাইল্যা	3
নিগ্রোটা	3
প্ল্যাটকে	3
ফর্ডকে	3
বাড়িঘরের	3
সম্মতভাবে	3
ফিবির	3
১৪৫	3
২০৬	3
২২৯	3
চেনেভিলে	3
শুয়োরটার	3
প্যাটসির	3
মেজাজটাকে	3
চিরকুটটা	3
ফ্রীম্যান	3
পরমিত	3
মেয়েবাজি	3
সংবেদনশীলতা	3
মাঠেও	3
উত্তোলনকারি	3
নৈশ	3
অভিসাপ	3
সাবাথেও	3
ধন্যবাদ্	3
মুখটাতে	3
কুচিন্তা	3
মনুষ্যত্বহীন	3
জাইগ্যা	3
জিবনডারে	3
শরীলডারে	3
চাইপ্পা	3
ঠাইস্যা	3
যতখুন	3
পুইড়া	3
হালাও	3
ভাইব্যা	3
জীবনডায়	3
পাইতাছি	3
চামু	3
জাহান্নামী	3
জাহান্নামেই	3
অধার্মিকতা	3
উদ্বেগকে	3
বরান্দার	3
বাইউর	3
মহামারীকে	3
দূরীভূত	3
চললেট	3
প্যটসির	3
অনির্ভর	3
উপদর্শক	3
চাকরগিরি	3
মার্কসভিলে	3
পোস্টঅফিসে	3
অলঙ্ঘনীয়	3
মারকসভিলে	3
দিক্ষা	3
দীক্ষাগুরু	3
পারশ্রমিক	3
সহজভাবেই	3
ব্যাবসায়ে	3
ন্যায়নিষ্ঠা	3
সত্যগুলোই	3
ইয়ানকিস	3
থাকনি	3
ফিবস	3
কিসসুই	3
প্রতারনায়	3
ওয়ালাকে	3
গাইছিস	3
গতরে	3
হানের	3
কইনা	3
ফালাইলেও	3
লাগছেই	3
ক্যানাডায়	3
ক্যানাডা	3
মন্ট্রিল	3
কিংস্টন	3
কুইন্সটন	3
ক্রীতদাসের	3
স্বাধীনতাই	3
সম্পত্তিতে	3
সুর্যাস্তের	3
চিত্রায়ন	3
জেন্টেল	3
মেল	3
পিরানহা	3
অহংকারের	3
৮ম	3
জাদুগুলো	3
অর্ধেকেরও	3
খেলেছিলে	3
ঔদ্ধত্য	3
ছাঁড়	3
কৌশলগুলো	3
সংঘঠিত	3
ঘোড়সওয়ারীদের	3
ড্যানিয়েলের	3
রুদ্ধ	3
আর্থের	3
মেজাজের	3
মর্যাদাপূর্ন	3
চাহিদার	3
মেধাবীদের	3
প্রতারনার	3
ড্যাবরা	3
অলৌকিকভাবে	3
খামগুলো	3
৫৬২	3
উচ্ছেদ	3
বাল্যকালের	3
সংস্থাকে	3
অরা	3
পারুক	3
উপরমহলের	3
এফডিআর	3
সিডান	3
অধ্যায়ে	3
কোমড়ে	3
ঠিকাদারের	3
এলকর্ন	3
বিনোদনদাতা	3
চর্চার	3
ছলাকলা	3
বছরব্যাপী	3
যথন	3
বোঝাচ্ছো	3
দৃষ্টিকটু	3
মুহূর্তেও	3
ধোঁকাবাজের	3
নিমকহারামের	3
কাগজও	3
ঢঙের	3
রাখছিলি	3
স্বভাবটা	3
কার্টিজের	3
শুকোয়	3
আসরে	3
লিখিতভাবে	3
গ্যাংকে	3
আদলে	3
অফিসিয়ালভাবে	3
পোশাকি	3
প্রাণটাই	3
নিয়োগে	3
খাওয়াদাওয়ার	3
ভাবতাছ	3
হারবালের	3
বৈঠকটা	3
চালটা	3
শয়তানগুলোর	3
পাকাবে	3
লাথিও	3
চাকুরীটা	3
প্রাণপণে	3
খাইয়েছি	3
ভাগীদার	3
পারষ্পরিক	3
বাংলোতে	3
নুনের	3
চাকুতে	3
ডুববো	3
সমাধা	3
চেয়ারম্যানকে	3
লাইনআপ	3
খেয়েছিলি	3
একবছরের	3
ক্ষুদ্ধ	3
সম্পর্কীয়	3
পৌছবে	3
ভেজাতে	3
জাতক	3
বসেরা	3
উত্তরাধীকারি	3
ডায়লোগ	3
মাখি	3
রূঢ়	3
বজ্জাতগুলো	3
ছুঁচা	3
লঙ্ঘনের	3
রেস্টুরেন্টটা	3
ছদ্দবেশে	3
ফাইলও	3
জায়গাটাতেই	3
সময়টাতেই	3
সেরকমটাই	3
আনিয়ে	3
কাতারে	3
কর্মপন্থা	3
তোলেন	3
ঝুটঝামেলা	3
ডায়েরীতে	3
শ্রদ্ধেয়	3
সাজি	3
ভিক্টিম	3
জিপে	3
কোচিতে	3
স্কেচের	3
ডায়েরিটা	3
রেপুটেশন	3
তদন্তভার	3
ব্র্যাঞ্চে	3
১৮০০	3
কপালটা	3
যাতা	3
ভ্রমনটা	3
জ্যাকবের	3
খেলোয়াড়রা	3
ঠা	3
লক্ষ্যভেদ	3
উপরমহলে	3
অভিজ্ঞতায়	3
সুধাকরন	3
ভুলুন্ঠিত	3
সূত্রটা	3
কতোখানি	3
ব্যালাস্টিক	3
ক্ষুরধার	3
মালিকদেরও	3
খুলেছিস	3
যোগ্যতম	3
লাগাবনা	3
শিফ্	3
ততক্ষনে	3
আকড়ে	3
অবস্তায়	3
এখা	3
গ্রুভি	3
এখনপর্যন্ত	3
সৌন্দর্যটা	3
পিয়ংইয়াং	3
পদত্যাগপত্র	3
উন্নয়ন	3
গৃহকর্মী	3
৩য়	3
লির	3
লেনাদেনা	3
তরুনদের	3
সাক্ষাত্কার	3
পিস্তলে	3
দিবালোকে	3
স্যান্টাক্লজ	3
করতেছিলে	3
লের	3
নিয়োগকর্তা	3
এতিমখানার	3
পদার্থবিজ্ঞান	3
ল্যাবরেটরি	3
চেয়েছি	3
মিসকল	3
তমি	3
আসবো	3
জলপ্রপাতে	3
১২টার	3
হিসাবেও	3
এলার্মের	3
ক্রেতার	3
দেখচ্ছি	3
রেডিয়েশনের	3
যন্ত্রপাতিতে	3
ইনভেস্টে	3
আমদানির	3
ঘুরুক	3
সত্যর	3
অ্যারিজোনায়	3
মদ্যপায়ী	3
বিচারকও	3
জান্য	3
সুধিবৃন্দ	3
বার্মায়	3
হীরাগুলো	3
ফিঙ্গারপ্রিন্টের	3
থামাবার	3
প্রাণীটাকে	3
গর	3
ছাপই	3
খারাপজন	3
রঙ্গিলা	3
আনন্দটা	3
ভাবেননি	3
বোটেই	3
নিশানার	3
ছানাকে	3
স্কুলও	3
পুরণো	3
ইহাকে	3
অতপর	3
উহাই	3
জিউয়ের	3
মূহর্তে	3
অসার	3
তুি	3
ভিন্য	3
খুড়তে	3
শ্রীনিবাস	3
বিজলী	3
মাইক্রোচিপ	3
লাহান	3
হায়হায়	3
মাস্কিটারস	3
অমিতাবের	3
ওইডা	3
কন্সটেবল	3
হইবার	3
পয়গম্বর	3
কইবার	3
কইতাছে	3
লমু	3
প্যাটের	3
দৌড়াইতাছে	3
ভাগা	3
প্রসবের	3
কোর্তা	3
ইন্স্যুরেন্স	3
দ্যাখেন	3
চৌপাটি	3
বোম্বেতে	3
তরা	3
কোল্ট	3
খুজতাছি	3
মামনের	3
প্রশ্নঃ	3
আলেক্সান্দ্রা	3
চাচির	3
তোমারাই	3
দেওয়াও	3
সঙ্গীও	3
নাচতো	3
বদমেজাজী	3
পেরিয়েই	3
তোড়ে	3
বন্যপ্রানী	3
লড়তেই	3
করছেননা	3
কুর্ণিশ	3
দুইদল	3
শীঘ্রী	3
উগলে	3
গন্ডি	3
একফোটা	3
সেদিনকার	3
আক্ষেপের	3
আসছোনা	3
বহির্গত	3
ক্রেতারা	3
পূর্তি	3
ক্রুজের	3
প্রভাবের	3
ক্ষয়ের	3
ত্রুটিযুক্ত	3
লবনাক্ত	3
ছাঁটা	3
স্নানের	3
শপিংমল	3
যাপনের	3
জেন্টেলমেন	3
নাচতেই	3
বোনার	3
কেঁচি	3
আয়াতুল	3
কুরসি	3
দিলেনা	3
শিকারিকে	3
ছালা	3
ম্যাকডোনাল্ডস	3
বান্দররা	3
হাতেখড়ি	3
প্যালেসের	3
দক্ষতাকে	3
বলবই	3
স্বপ্নদর্শী	3
কারনা	3
সুরটা	3
নাচছ	3
নেচেছে	3
২০০৮	3
দোকানেই	3
দেখাইছি	3
লটারীর	3
মানবী	3
অর্গানিক	3
দৌঁড়া	3
কেনতা	3
মরছ	3
দাদীমাকে	3
হৃদয়ও	3
রাজনান	3
অজ্ঞাতনামা	3
আততায়ীর	3
ভিনগ্রহ	3
এইবারের	3
সাইবর্গটি	3
মিউজিসিয়ান	3
হলোতে	3
উজ্জ্বলতা	3
রসিতা	3
ডেইজি	3
শুভবিদায়	3
গেজ	3
সুতারাং	3
কিচকিচ	3
সিলভিমিস্ট	3
রংধনু	3
ফনঃ	3
পরিদর্শনের	3
পিঙ্ক	3
চিসের	3
একেবারের	3
কাঁপবে	3
নাচুনে	3
ওয়েন্ডি	3
ভালুকটি	3
ডুবছে	3
আমুর	3
ঝরিয়ে	3
ঋতুতে	3
উষ্ণতার	3
ক্রান্তীয়	3
মহাসাগরেও	3
পাদদেশে	3
প্রান্তেই	3
পথিকের	3
মিলতে	3
দলটি	3
ইম্পালাটি	3
দলটিকে	3
এন্টার্কটিকার	3
সংস্থান	3
ফীচারের	3
জেসিকার	3
কলিন্সের	3
ইমেট	3
ফোনেঃ	3
ফিনেক্সে	3
প্রম	3
রোজেলিঃ	3
সপ্তায়ে	3
রিজে	3
কলিন্সরা	3
পাইয়ের	3
প্রথমতঃ	3
কেমনভাবে	3
কামড়টা	3
কামর	3
ভূতরে	3
ইজমি	3
বিষয়কে	3
মিশবে	3
পার্মানেন্ট	3
জ্যাকসনভিল	3
বোলার	3
অনুসরণকারী	3
রিঅ্যাকশন	3
ট্র্যাকারটাকে	3
অ্যালেসঃ	3
রিনিঃ	3
ডানাহীন	3
রক্তস্রাব	3
কুয়াশা	3
ষাটের	3
পৃষ্ঠের	3
বনজ	3
অফসেট	3
ইউরোপীয়	3
ক্ষমতায়	3
কেনিয়ানরা	3
ঔপনিবেশিক	3
মালিকানাধীন	3
কবুতরের	3
উহুরু	3
অ্যানাটমি	3
এড়ানোর	3
চেয়ার	3
সংসদে	3
প্রেক্ষিত	3
সম্প্রদায়	3
গণতান্ত্রিক	3
অপব্যবহারের	3
হারায়	3
প্রাঙ্গনে	3
সমালোচনামূলক	3
কুয়াটা	3
মাথাতেও	3
রাত্তিরে	3
কক্ষনও	3
মাঙ্কি	3
পেছনেরটা	3
হ্যামিশ	3
শুনাবো	3
বাদুরের	3
অয়াজ	3
রেইনকোট	3
কুমড়ার	3
শুকতে	3
নেংটা	3
বেলডাম	3
এগুলিও	3
বাতিক	3
ভাঙ্গিনি	3
পাল্টালে	3
লেমনেড	3
পার্লামেন্টে	3
ক্রাটচিট	3
সারাদিনের	3
অপব্যাবহার	3
বেকারের	3
স্ক্রুজের	3
অপরিবর্তিত	3
বালিকার	3
ভুলবোনা	3
গতিপ্রকৃতি	3
বহুদিনের	3
উচ্চতম	3
ডিরেক্টরকে	3
মহারথী	3
তৎকালীন	3
খ্রীস্টের	3
৮৬	3
ধ্বংসে	3
মাঝরাতের	3
লাইব্রেরীর	3
মৃত্যূর	3
ক্যামেরলেনু	3
দৈবিক	3
প্রার্থনাস্থলের	3
নির্বাচক	3
জনসংযোগ	3
এখানি	3
নিজেস্ব	3
সলিল	3
ঘটত	3
ক্রশ	3
গোলাকৃতি	3
ফেরেশতাদের	3
স্কোয়ারের	3
মিশ্রন	3
ইন্টারনাল	3
স্ট্রাউস	3
একটারও	3
টুরিস্টের	3
ধর্মগুরুরা	3
আশান্বিত	3
জানতোই	3
নিরাশাজনক	3
পরদিনই	3
ধর্মগুরুগণ	3
পিয়াজ্জা	3
মানছে	3
উড়াবো	3
সিদ্ধান্তকে	3
ডেলা	3
দুগ্ধদাঁত	3
শর্টগান	3
তৈরীতে	3
অন্যগুলো	3
বিমানটা	3
পারফর্মেন্স	3
ঘুমিয়েছ	3
ছুঁড়লাম	3
কাটব	3
নড়েছে	3
জুসটা	3
১ঃ	3
রিসিপশনিস্টঃ	3
ক্যামরার	3
স্বদেশপ্রেম	3
ফিলবি	3
মনস্ত্বাতিক	3
বেপারগুলো	3
হিসাবেই	3
তিতুস	3
প্রিমিয়ারদের	3
এংল	3
মিউউউউ	3
অ্যামব্রোসঃ	3
ওয়ালটাকে	3
মেপেছিলাম	3
ষোলোকলা	3
প্যাচকে	3
কোয়ার্টারমেইন	3
ডোরবেল	3
সবদিন	3
ফেন্টম	3
অটোমোবাইলের	3
কণ্ঠেই	3
ভি১৬	3
দিভাইস	3
সেমটেক্স	3
জেন্টালমেন	3
লজেন্সটা	3
মাজেস্টি	3
ধরিয়ো	3
বিষয়না	3
জিয়াং	3
তিনটির	3
ফিশারঃ	3
ওয়াংঃ	3
জলযানটি	3
বন্দরেও	3
শেন্ডী	3
ঘতেছিল	3
জিনযউ	3
প্রিমিয়ারদেরকে	3
গুপ্তঘাতকদল	3
গলিয়াথকে	3
ভরটেক্সকে	3
ইযি	3
বাগানটা	3
রুবারবঃ	3
সচিবের	3
চাইস	3
রুবারবকে	3
পেগাসাসকে	3
চারটির	3
সবগুল	3
উচ্ছগতিসম্পন্ন	3
আচরণগত	3
ভঙ্গিগুলো	3
আবেগিয়	3
তুরি	3
বাজাচ্ছিনা	3
হুম্মম্মম্মম	3
শামব্যাল	3
শামব্যালঃমানুষএখনপরিষ্কারভাবেইসবকিছুবলছে	3
সরঞ্জামগুলি	3
মোজাম্বিকেই	3
সদস্যই	3
দুইজায়গার	3
গোমোড়ফাঁশ	3
হুমকিগুলকে	3
সারগেই	3
ওয়াকউড	3
এডামস	3
কারলেঙ্কোই	3
পুসিকিন	3
এক্সেপ্টেড	3
পুদভকিন	3
টিটুস	3
ফিশারও	3
নিতোনা	3
ট্রেনিংের	3
হোন্ডা	3
টাঙ্গো	3
১৩২৮	3
ডিঙ্ঘামে	3
এ্যাম্বুলেন্সটার	3
কারলেণকো	3
ইন্দুরও	3
এগোবেনা	3
স্থাপত্যবিদ্যা	3
প্রকৌশলের	3
যারমধ্যে	3
রোমেইন	3
কন্টি	3
চামচও	3
এটন	3
ধোঁকাবাজিতে	3
একমাসে	3
হাঁটছ	3
অকপটেই	3
ডীপ	3
ভাইন	3
মাংসপিণ্ডের	3
শাম্বেল	3
টিমক্সিন	3
এজেন্টরাও	3
টাইতুস	3
দৃঢ়সংকল্প	3
মুগ্ধকরেছ	3
মনিগুলো	3
রাখনি	3
শুনেননি	3
বাস্টিওন	3
গ্রাপল	3
সুইসদের	3
মর্টার	3
আক্রমণেও	3
ভেন্টিলেটর	3
টিমোক্সিলিন	3
সংবরন	3
ড্রাগেই	3
বুড়িটার	3
ফ্লাইটটা	3
চাইনিজটা	3
চাইনিজরা	3
পেগাসাসের	3
ব্যারেলটা	3
এমব্রোজঃ	3
বিগ্ন	3
এমব্রোজকে	3
নাড়ির	3
ওয়াঙঃ	3
উন্মক্ত	3
পুনঃজন্ম	3
গাইডলাইন	3
৫ঃ	3
অর্থদাতারা	3
পুনর্বহাল	3
বিশ্বই	3
মোবাইলটি	3
হইছেরে	3
সেড়েছে	3
ইম্পেরিয়াল	3
বাংলো	3
মরু	3
চানচাঁড়	3
স্পার্ম	3
কোরেশী	3
রাস্তগি	3
লন্ড্রি	3
উইঠা	3
বকশিস	3
সিনিয়রদের	3
ভিরু	3
শুনতেন	3
বলপেন	3
সবাইতো	3
বর্ষ	3
ভাইবা	3
ধুনা	3
আত্মহত্যায়	3
বত্রিশ	3
শেখাচ্ছে	3
বাঘও	3
পড়াবে	3
বিষাদে	3
ঝালাপালা	3
প্যাঁচে	3
নমস্তে	3
আদ্দি	3
দিসনি	3
রাজুকে	3
কম্মোর	3
ছুটো	3
অবিশ্রান্তভাবে	3
শীটটা	3
ছান্দুচাঁড়	3
কড়তালি	3
গড়েছেন	3
সোহাস	3
ন্যাক্কারজনক	3
পিজা	3
সর্বচ্চ	3
আজতো	3
নিনাদ	3
হবহু	3
বৃষ্টিতেই	3
পুলিশকেও	3
গোবিন্দ	3
শিমলাতে	3
্যঞ্ছদাস	3
ওয়াংরুর	3
হ্যান্ডস	3
ছ্যোটে	3
টেনের	3
জানানোই	3
রাখেনা	3
ইনারা	3
জিনিয়াসের	3
অব্যবহৃত	3
ডরে	3
পাছ	3
ব্যাকগ্রাউন্ড	3
ঘোমটার	3
আন্দোলিত	3
উঠতো	3
ইন্টারভিউয়ের	3
বিধাতা	3
প্রশ্নপত্র	3
হিজড়া	3
বাঁইচা	3
ফেঁটে	3
ক্রাউনিং	3
হোস্টেলের	3
ব্লোয়ার	3
কিছুইতো	3
পাপিষ্ঠ	3
ভালোমতোই	3
বাঁচাতাম	3
রেডিওটা	3
সফটওয়ারের	3
সমস্যাও	3
লিডাররা	3
বুদ্ধিটুকুও	3
মাঝেরটা	3
ছুঁয়েছি	3
বেডরুমটা	3
কখনোয়	3
দায়িত্ববোধ	3
ভালবাসাটা	3
কেঁদেছিল	3
মদটা	3
পাবেননা	3
কবরটা	3
গর্দন	3
পাইছেন	3
নেংটি	3
মরল	3
বোকাটাকে	3
পেটা	3
শ্বশুরবাড়ি	3
আসতি	3
পাওয়াটাও	3
উনিশ	3
অস্ট্রেলিয়ায়	3
বদলাস	3
বিটের	3
ব্রিফ	3
গ্রিফিথ	3
সলিড	3
১৯৭৫	3
ট্রান্সপোর্টে	3
হৃদ	3
মিশনটাকে	3
মেশিনও	3
আচারটা	3
ওজর	3
সম্প্রতিই	3
ধাড়ি	3
সংখা	3
গাধাও	3
১৪৩	3
মামলাটার	3
জিগ্যেসাবাদ	3
লতির	3
ছিলোও	3
সারাদিনই	3
গ্র্যাজুয়েশনের	3
গড়ানো	3
ছবিটায়	3
পুজো	3
মিথ্যেও	3
কাউন্সিলরের	3
মাতালটা	3
দেওলিয়া	3
একটু্	3
খিচ	3
গুনতিতে	3
বোকামিই	3
কবেকার	3
অনেকবারই	3
মাড়ায়	3
পালাস	3
২১শে	3
সুগঠিত	3
উপন্যাসটা	3
জেলখাটা	3
চেয়ারটায়	3
পেটটা	3
পুলিশম্যান	3
রামসে	3
যৌতুকের	3
ম্যাকমার্ডো	3
ঝা	3
পশুকে	3
ফাসির	3
উদ্দেশের	3
ভাবায়	3
মারবার	3
ধারাল	3
দীর্ঘজীবন	3
এগোলো	3
জীবিতরা	3
উত্তরপশ্চিম	3
কর্ক	3
কাজতো	3
দুপুরবেলা	3
স্ট্যান্ডিশ	3
এল্মস	3
মোশনে	3
আমই	3
ভাগ্যবশত	3
আশাক	3
গর্ভস্থ	3
কসাইখানার	3
ফাসি	3
তুরস্কে	3
প্রতিঞ্জা	3
দূর্গের	3
শ্যাম্পুর	3
বালকদের	3
সাসপেক্ট	3
শোনাটা	3
সামনি	3
তালিম	3
সতর্কতামূলক	3
গলাও	3
প্রমাণটাই	3
বেল্টটা	3
একতাবদ্ধ	3
স্পেসশিপ	3
এঁকেছো	3
উত্তরসূরিদের	3
৫০তম	3
মহাশূন্যের	3
কেমিকেল	3
কেসলার	3
ক্যালেবের	3
স্টুডেন্টরা	3
ধাক্কাধাক্কি	3
জেসনের	3
উপসাগরে	3
লুকোচ্ছো	3
পাস্ট	3
সচেতনতা	3
সম্প্রচারে	3
ক্ষমাসুন্দর	3
বিজয়াড়ার	3
সম্মানসূচক	3
আখি	3
বলাতেই	3
মুথু	3
খু	3
নিয়াই	3
থামোতো	3
দেওয়াকে	3
টিটি	3
বেয়েই	3
লেবার	3
ছায়াটা	3
মিষ্টিগুলো	3
কাঁদাও	3
বাকর	3
বউও	3
দেচ্ছে	3
ছোটই	3
স্পেলিং	3
পেলেনা	3
মামাতো	3
মামীর	3
সিঙেল	3
ঝেড়েই	3
কাকি	3
নাজেহাল	3
হারাবা	3
জেতো	3
লাইটস	3
মেয়েরই	3
বলাবলির	3
ফেলাও	3
থামিওনা	3
নাইটও	3
প্রেমময়	3
অভিবাসী	3
রক্ষণ	3
ফেইক	3
ঘাড়কে	3
দমনকারী	3
ডিকোড	3
আনেক	3
আনড়ি	3
ক্লিনারের	3
মেইলটা	3
পাসওর্য়াড	3
মিলানোর	3
ত্বকে	3
ফূর্তি	3
লিখতাম	3
ঘুমখোর	3
স্টপেজে	3
হামাগুঁড়ি	3
টোল	3
ব্যা	3
খিঁচুনি	3
অন্তর্বাস	3
বইকে	3
টিকটক	3
লাগাত	3
রাউট	3
প্রশ্নবোধক	3
দোলা	3
চাইতনা	3
ডামি	3
আসলেনা	3
বলিয়েছেন	3
এভিনিউয়ের	3
কলেজেও	3
জিতছি	3
সিঙ্গারায়	3
মেমফিস	3
গাচ্ছি	3
স্নাইপাররা	3
ফোর্থ	3
ঠোটে	3
যুবকরা	3
ঠেস	3
প্লাটুনকে	3
ওয়েসলি	3
লেনন	3
জিসাসকে	3
বাত্রে	3
লেনর	3
ইন্ড্রাস্ট্রি	3
শ্রিম্প	3
দৌড়াচ্ছেন	3
স্পটস	3
লুকোচুরিতে	3
গল্ফ	3
বুলেটে	3
যুগলের	3
ক্ষমতাবলে	3
১৯৪৭	3
স্কিট	3
ট্যানয়ঃ	3
শশাঙ্কে	3
পাউডারে	3
পাগলপ্রায়	3
মায়ে	3
পাদের	3
আওয়াজও	3
সহ্যই	3
সাঝে	3
কুড়ালের	3
কেমুন	3
ঠাট্টাটা	3
ডুফ্রেইনকে	3
ব্লিচিং	3
শশশ্	3
জুটেছিলো	3
উনপঞ্চাশের	3
সুবিধাও	3
কপালটাই	3
গাঁটের	3
ঠকাতে	3
বলাটাও	3
আয়েশে	3
কালোগুলো	3
ফ্যারেল	3
গণনার	3
১১৯	3
ঘষামাজা	3
ছেলেদেরকে	3
ব্রুকসের	3
উপরন্তু	3
স্তুপ	3
লাটে	3
পৌর	3
ঠকাই	3
ভাবতেছি	3
ব্ল্যাচ	3
লোকটাকেই	3
বুদ্ধিশুদ্ধিও	3
জানেও	3
হেইগ	3
পোস্টারের	3
ডজনখানেক	3
খালিই	3
রয়েছ	3
শহরটার	3
অশ্বেতাঙ্গ	3
গারসন	3
মানিব্যাগগুলো	3
হ্যাশ	3
পাইলটে	3
হটবো	3
কুত্তারা	3
পক্ষাঘাত	3
ডেটিংয়ে	3
কাহুনা	3
ছন্দময়	3
চুমুকের	3
ইজিকেল	3
বেড়াজাল	3
খোঁজকারী	3
সমুচিত	3
তিক্ততা	3
ম্যাচটা	3
রাতটি	3
ছিদ্রের	3
প্রত্যেকটিই	3
কোকের	3
বেলুনগুলো	3
নেশাখোরদের	3
বিশ্ববিখ্যাত	3
দম্পতিকে	3
দম্পতির	3
সেলালি	3
সেলিও	3
ডাবেলউ	3
ঘড়িটাকে	3
আকিজ	3
ইসমারেলডা	3
ফাবিয়ানো	3
আনন্দদায়ক	3
লবনের	3
রিটাড	3
মোঙ্গল	3
বিউটিফুল	3
বোরা	3
দনদে	3
ইস্তা	3
য়াস	3
প্যানকেকের	3
ব্যবসায়	3
গ্রিমকে	3
ফাবিও	3
চোপার	3
গুলিগুলোকে	3
বানির	3
কম্বলের	3
গাড়িটিকে	3
কন্রাড	3
অরুচিকর	3
সহানুভূতিশীল	3
কারেক্টর	3
শুকোরের	3
খাচ্ছিলে	3
ব্রিফক্রেসের	3
৪জনকে	3
২জনকে	3
ভবঘুরেটা	3
ভবিষ্যতটা	3
চালি	3
তিলকে	3
হামলাকারীকে	3
জ্ঞাতার্থে	3
উড়বেনা	3
থামিয়েছিল	3
আনন্দও	3
অনুভূতিনাশক	3
ট্যাক	3
বিকিনি	3
দ্বিতীয়তে	3
মরণব্যাধি	3
ফিটে	3
গোপনভাবে	3
পরিশোধন	3
খালিদ	3
অ্যালেকজান্ডার	3
আটকাবেন	3
শিকাগোকে	3
সাউথওয়েস্ট	3
নার্সকে	3
বেরঙের	3
গোয়েন্দাগিরির	3
প্রশংসাসূচক	3
আইনসভা	3
সঙ্গটা	3
রাজনীতিটা	3
কূটনৈতিকতা	3
চুরিকৃত	3
ভাইব্রেনিয়াম	3
উকান্ডায়	3
উত্তারধিকার	3
যেসকল	3
অখ্যাত	3
দূর্ভাগ্যকে	3
স্টাইলিশ	3
হলটার	3
উইনটার	3
ফরেন্সিকদের	3
অন্তিমকালের	3
১৯৪৫	3
মুটি	3
ভবনটায়	3
পাপরিকাস	3
এমিগডালার	3
এমিগডালা	3
অন্যে	3
ভাইব্রেনিয়ামের	3
উকান্ডাকে	3
আবরণটা	3
সাইকোলজিকাল	3
বহিঃসমর্পণ	3
এভারেট	3
শোনাবেনই	3
ডানাগুলোও	3
১৯৪১	3
মিত্রবাহিনীকে	3
হাইড্রাকে	3
আল্ট্রন	3
ঘন্টাকে	3
পূর্ণবহাল	3
ল্যাপ	3
মজলিশ	3
তোলাও	3
রোমানিয়া	3
ব্রুকলিনও	3
বেসামরিকদের	3
গানশিফ	3
গুঁজতে	3
গুপ্তহত্যা	3
অস্থিতিশীলতা	3
রিকন	3
স্টিভকে	3
বাহুটা	3
লঘু	3
অনুদানটা	3
প্লেয়ারটা	3
আকর্ষণীয়া	3
প্রসারণসাধ্য	3
ইনপুটের	3
সিস্টেমিক	3
লাইসেন্সই	3
ছাড়াচ্ছি	3
ফেশিয়াল	3
অডিশনটা	3
যাত্রীবৃন্দ	3
ত্যাঁড়া	3
ধৈর্য্যে	3
কুলোচ্ছে	3
আন্ডোরুজ	3
ক্লিন্টকে	3
দ্যুর্ব্যবহার	3
ম্যাক্সিমোফ	3
ক্যাপকে	3
সুড়সুড়িও	3
ভিসনের	3
ডানাগুলো	3
কাঠিন্যের	3
ইতিপূর্বে	3
বিগড়েছে	3
পদার্থবিদ্যার	3
পাকড়ে	3
এ্যারো	3
ভিসনকে	3
ছোট্টবাবু	3
রোডিকে	3
স্টাইকস	3
টার্গেটা	3
বিপজনকভাবে	3
লেবেন	3
টুটেছে	3
কর্ডে	3
রোডিই	3
চেলেছি	3
সাইকোলজিস্টকে	3
থিও	3
ব্রুসার্ডকে	3
হরিনী	3
স্কোর্পিয়ন	3
ব্রুসার্ডের	3
জিমোর	3
স্কানের	3
বার্টন	3
দাল	3
রকাওয়ে	3
বিছ	3
হেরেছিলে	3
ডোলোরেস	3
খাটুনির	3
রাস্ট্র	3
আয়রণ	3
কমব্যাটে	3
প্রতিব্যবস্থা	3
প্যাঁদানো	3
ঐতিহাসিকভাবে	3
উড়িয়েছিলাম	3
চুক্তিগুলোর	3
আর্মিতেও	3
মনকেই	3
আটঁ	3
সাটেঁ	3
চেনবে	3
শোষক	3
স্বর্গপুরীর	3
নেজাহর	3
অবমাননাকে	3
বানররাজ	3
একমহানায়কেরপ্রত্যাবর্তন	3
অধিপতির	3
উদোরপূর্তির	3
উত্তরণের	3
ধুলাই	3
নিষ্কৃতির	3
জগৎটাকে	3
একমুষ্টি	3
প্রতিরূপে	3
হানাহানির	3
দৌঁড়ান	3
বান্দরটা	3
নুন্নর	3
লুকাচুপিতে	3
যাত্রাসঙ্গীর	3
গদাটা	3
নেজহা	3
গাদী	3
পাদ্মা	3
বানরটাই	3
মায়াজাল	3
উস্তাদের	3
চানগাং	3
মাপব	3
খুশকো	3
হাড়গোড়কে	3
অর্ধাহারে	3
হয়ায়	3
মন্ত্রমুগ্ধ	3
সহস্রের	3
বিছরি	3
বদলাই	3
ফাপর	3
দালালী	3
ড্রাগনেরা	3
বেড়ানোতেই	3
উস্তাদকে	3
বাপুরা	3
ভীষম	3
আপনাদে	3
চাংগাংয়ের	3
চাংগাং	3
চাংগাংয়ে	3
রাত্রিটা	3
ছাগলামী	3
ভূলেই	3
ফলাদি	3
গাছালি	3
অনাবিল	3
চ্যাংদোলা	3
বাউলা	3
বাছাধনেরা	3
খবিস	3
গ্রন্থে	3
নরবলির	3
ফুলকির	3
৭২টা	3
পিচ্ছিদের	3
বক্ষে	3
সম	3
বুলবুল	3
মেডিশন	3
সময়ক্ষণ	3
দাঁড়াস	3
জিরিয়ে	3
খাসি	3
রায়হান	3
রক্তিম	3
এমেরিকায়	3
জিম্মিতে	3
খুনখারাপি	3
ক্রিসি	3
শিকারদের	3
১৯৬৮	3
ঠিকঠাকই	3
বেজবল	3
বারও	3
কোনটিতে	3
জেভের	3
পাচ্ছোনা	3
পিছনটায়	3
খোঁজাটা	3
গ্যানি	3
সরাতেই	3
৪জন	3
ঘুরেন	3
টানবেন	3
অবর্তমানে	3
অধিনায়ক	3
ভরণ	3
হার্ডডিস্ক	3
তালিবানদের	3
গরজেই	3
অধ্যাদেশ	3
মরেন	3
ভাগাড়	3
মানতো	3
দেশদ্রোহী	3
সিবিলির	3
দাঁড়াচ্ছি	3
৩৫০	3
ডিকুর্ডো	3
দুনিয়াই	3
নাইন্থ	3
সারলাম	3
রয়াল	3
উপহারও	3
স্থানান্তরণ	3
কাঁদছিস	3
ওটাতেই	3
বিশ্বজুড়ে	3
পড়েননি	3
জগৎকে	3
মজনু	3
শরিরে	3
ভ্রাতৃত্বের	3
ছাইলক	3
ওয়াও	3
ক্যাম্পাস	3
ওইগুলো	3
কণ্ঠটা	3
পিরামিডে	3
কমিটিকে	3
থাকবার	3
ফিয়াট	3
কলই	3
ডেকেছিলো	3
দেড়টার	3
কোনোই	3
সবশেষ	3
সত্যমূর্তী	3
সাইনুদ্দিন	3
নাটকটা	3
বিকারগ্রস্ত	3
মেলভিনের	3
খাচা	3
কেন্দ্রবিন্দুতে	3
সেলিব্রিটি	3
রনিকে	3
সুদূরপ্রসারী	3
গুল্টু	3
দুষ্টুটা	3
অইতো	3
মশাও	3
বাক্সটার	3
খই	3
আয়নাটা	3
ল্যাবটা	3
বলমু	3
সারাভানা	3
চোরে	3
ঝাড়ুপেটা	3
টায়রা	3
ঘড়িও	3
নিছিলাম	3
খাটাখাটনি	3
ভবিষ্যতেও	3
ফ্রিতেই	3
এইচএমটি	3
পাওয়ারই	3
শাড়িতে	3
ধুমধাম	3
ইমাজিনারোম্যানসোফিলা	3
ভয়টা	3
আথ্রেয়ার	3
বাপধন	3
কথাবার্তায়	3
কথাগুলা	3
বলতেছিল	3
শিক্ষাই	3
বুঝছিলাম	3
নাতনীর	3
গোপালসামুদ্রাম	3
ভাইঝি	3
১৯৯০	3
গালগপ্পো	3
নাড়িনক্ষত্র	3
নীরিক্ষা	3
রয়েছিস	3
ওয়াচম্যান	3
জীবনটার	3
টফু	3
উপত্যকাকে	3
কতক	3
ঘুর্ণন	3
অগ্নিদাহ্য	3
অপমানকর	3
নিজেতে	3
আগন্তুকের	3
কাইকে	3
জীবনধারণ	3
নিষ্ঠুরতার	3
বেচারাদের	3
দমানোর	3
ক্ষিদা	3
জায়গাটির	3
চিটচাট	3
দুররানী	3
রাত্র	3
উধাউ	3
ইরাকীদের	3
সিমুকে	3
জিনিসেরই	3
নাতিনাতনিদের	3
টিপু	3
সামলান	3
সারপ্রাইজের	3
আনলেন	3
সাহসটা	3
তুলছেন	3
জোসেফের	3
ডিসকো	3
বেড়িয়েছিলাম	3
ধ্যত	3
ট্রাফুলা	3
অপরাধও	3
গোঁফলাল	3
বৈপ্লবিক	3
আগাবে	3
হইতাছি	3
বীজটি	3
সরবরাহে	3
পূর্ণাঙ্গভাবে	3
সবধরণের	3
তারছিড়া	3
মনচায়	3
ফইট	3
কইছিলাম	3
যাইয়া	3
হোগার	3
পায়খানার	3
সিংহছানা	3
আগানোর	3
ড্রামস	3
দায়মুক্ত	3
ভেনেসার	3
স্প্যানিশে	3
মন্তব্যের	3
নাবের	3
গ্রীণ	3
ঠাপামু	3
গিতাকে	3
বান্ধু	3
গিতার	3
বান্দুকে	3
ফেসের	3
বালিকাকে	3
ভৌতিক	3
চক্ষাম	3
আক্রমণকারী	3
নেগাসনিক	3
কলোসাস	3
গুনছেন	3
কিতা	3
হিসাবমতে	3
আল্লাগো	3
চুলটাও	3
মাইরালামু	3
নামায়	3
বিরিয়ানী	3
মরছিস	3
ঘুমাইছি	3
হ্যালোউইন	3
ওয়্যাম	3
চেচনিয়া	3
অদলবদল	3
চুপসে	3
কুকাম	3
মাইয়ারে	3
ঘুষিটা	3
অ্যাঞ্জেল	3
চুম্বকের	3
দেওয়ারও	3
মুখখানা	3
প্রব্লেম	3
স্ট্রেস	3
চুতমারানি	3
সহনশীল	3
এটারে	3
পপি	3
মেনদের	3
ঝিলিক	3
তরী	3
দামড়া	3
পাশটা	3
প্রেমপত্র	3
ফাটিয়েছে	3
অনুবাদঃপ্যারাডক্স	3
চুক্তিভিত্তিক	3
টানি	3
সংযোগে	3
দায়টা	3
আটত্রিশ	3
আড়ষ্ট	3
দুটোতেই	3
বুশকে	3
বৈদেশীক	3
আইনী	3
গার্ডিয়ান	3
বুয	3
এইটাতে	3
যাজকের	3
জাস্টিন	3
গিলছে	3
আলোচ্য	3
সিন্ডি	3
ওয়েবক্যাম	3
ছমছমে	3
খোঁচাচ্ছে	3
বারাক	3
পাতছে	3
মেরিল্যান্ডে	3
এলানের	3
চারটার	3
গুছানো	3
হার্টবিটের	3
গোদা	3
কংগ্রেসে	3
পরোক্ষভাবে	3
ট্রেভরের	3
প্রতিদ্বন্দী	3
ব্যবস্থাটাকে	3
স্নোডেনের	3
আত্মগোপন	3
বিমানকে	3
খাবারসময়	3
বন্ধুরাই	3
ফ্লায়েড	3
এটাকেবলাহয়	3
পেস্তা	3
অপদার্থেদেরই	3
আরআমিতোকেমুষলধারে	3
যেভাবেভুতপিটিয়েতারায়	3
স্টাফকে	3
টেইট	3
জলদিকরবন্ধুরা	3
সেক্টরসি	3
সতর্কথাক	3
আমারঈশ্বর	3
আমিক্লান্ত	3
আমারসাথেখেল	3
ভেনিলা	3
লম্বাছুটি	3
রুপেও	3
পাগলামিতেও	3
গগনজুরে	3
আরএটিআবারওপাল্টেগিয়েছিলযখনসে	3
আরতাকরেনি	3
বীরকে	3
কেনারি	3
কানারি	3
গুজবগুলিআসলেসঠিক	3
অতিমানবদের	3
মানবজাতিরহস্তক্ষেপ	3
কেপেয়েআমরাভাগ্যবানছিলাম	3
করাবেনা	3
লাওটন	3
নিশ্চিতকারি	3
লেথেল	3
অভিজ্ঞঃ	3
৯এম	3
গ্যাটলিং	3
রিভাল্ভার	3
পটেটু	3
বলতেঃ	3
খরিদ্দারও	3
জন্যএটাকে	3
দুর্বলতাকেই	3
জুই	3
তারপালিয়েসারকাসেযোগ	3
দেওয়ারআগে	3
আরকাম	3
এসিলাম	3
মনোরোগ	3
ড্রিংসও	3
সেখুবইআবেগপ্রবণ	3
ডেডির	3
এইসুদর্শনহুংকাহুংকাকেপ্রদানেরজন্যতুমিআমারগিফট	3
মেয়েটিতো	3
তুমিকিনিজেনিজেইমজাকর	3
রাত্রবেলা	3
ডেডশটের	3
হারকনেস	3
বুমারেজ	3
হার্কনেস	3
অভিযোগঃ	3
অতিগুরুত্বপুর্ণ	3
অবস্থাঃ	3
সেবনকারী	3
যাওআরগাড়িনিয়েআস	3
হোমবয়	3
সান্তানা	3
পথেঘাটেতারাতাকেএলডিয়াব্লোবলে	3
গ্যাংভেঞ্জার	3
রাইয়ট	3
জিজাজ	3
আজবটা	3
অয়েলুন	3
এটাখোলারাখ	3
উল্ট	3
স্মিতি	3
খাওয়ারচেষ্টাকরতনা	3
দানবীয়প্রবণতা	3
টাইপেরযোদ্ধা	3
সোয়ারেররাজা	3
দানবে	3
গথাম	3
সেরাটিকেই	3
জাদুকারিনীঃ	3
মুনঃ	3
শ্রেণিবদ্ধ	3
হয়েছেঃ	3
বয়সঃ	3
৬৩৭৩	3
ব্যাপ্তিঃ	3
আত্মীয়ঃ	3
ইঙ্কাবাস	3
প্রেতাত্মাদের	3
প্রেতাত্মাকে	3
গাংব্যাঞ্জার	3
ভুইল	3
বিরোদ্ধে	3
ফাইনেস্ট	3
ইন্সারজারি	3
গলফে	3
হান্ডিকাপ	3
কুরিয়ায়	3
অ্যান্থ্রাক্সের	3
ফ্লোরাইড	3
দানবগুলাকে	3
মোড়কেই	3
মেজিক	3
প্লানটিই	3
রিভে	3
হোলা	3
আর্জিটা	3
মাথাচারা	3
বিধায়ই	3
আমস	3
ব্রাউজারে	3
ম্যাগজিনটা	3
প্রদর্শনীমূলক	3
কুকিটা	3
অত্তরি	3
বেবস্থাপনা	3
কিন্তুতারবয়ফ্রেন্ডআসতেপারবেনা	3
পরাশোনার	3
ইয়েয়াল	3
নামিদামিগুলির	3
ভালকরেই	3
বেলাই	3
লুসিয়ানায়	3
গ্রিজত	3
জাদুকরীনি	3
ভাইয়াআমিতোমাকেমুক্তকরেদিলাম	3
একইদুনিয়ায়শুধুএকটুদেরিতে	3
কিহয়েছে	3
মানবজাতিআমাদেরবিরুদ্ধেচলে	3
কিন্তুতারাতোআমাদেরপুজাকরত	3
আমরাতোতাদেরঈশ্বরসরূপছিলাম	3
ধ্যাত্তারি	3
এটা২১	3
আমারএদিকেমেডিক্যালপাঠানোরব্যাবস্থাকরুন	3
ঝুরি	3
হতচ্ছরাগুলি	3
হাআ	3
মুখফসকেবেরহয়ে	3
মাজং	3
ইঞ্জেকশান	3
হান্ড	3
ছাইমাথা	3
জেক্সনের	3
ব্যাবহৃত	3
প্রত্যেকবারই	3
শুভাকাঙ্ক্ষীরা	3
বল্ল	3
আড়ম্বরপূর্ণতা	3
সবারি	3
শহরটির	3
কলোনিল	3
আমিঅগ্নিনির্বাপণেরলোক	3
বিনিময়েতো	3
তুমিসুযোগবুঝেসটকেযাবে	3
এপ্স	3
হলিওড	3
স্ক্যইয়ার	3
নরঘাতক	3
সিলের	3
পুতুল্মুখি	3
এগিয়া	3
ভালইত	3
ব্লাস্টমুখ	3
এমনটাইতো	3
এহে	3
বিদখুটে	3
সত্যিকরে	3
বিরক্তবোধ	3
এদিকটি	3
মনেকরবে	3
পেসি	3
সেকিউর	3
নাকশা	3
ফ্লাগের	3
হমি	3
ছোব	3
ছুইলাম	3
জেক্সন	3
হৃদপিণ্ডের	3
বশ্যতায়	3
সমাজতন্ত্রের	3
সুটারদের	3
বাহিনিকে	3
অসস্থিবোধ	3
নির্ভুলতার	3
এটামেনেনাও	3
আমারটাইঠিক	3
মেয়েবান্ধবীর	3
আঘাতটাও	3
পদ্ধতিটি	3
পদক্ষেপই	3
মেন্ডেলাকে	3
সৈনিকসুলভ	3
হয়েগেছ	3
ভুলকেও	3
আরনয়ত	3
হালিকপ্টার	3
গুলিকরওই	3
হ্যাঁলিকপ্টারেত	3
ওকিছুনা	3
অপ্স	3
উর্ধগামী	3
গোলকের	3
যাদুকরীনি	3
এইখারাপআত্মাপারত	3
শুধুবাটনেচাপদাও	3
আরচলেআস	3
অয়ালারের	3
জানাবেও	3
আমারআশাছিল	3
শুনাচ্ছ	3
এইসি	3
অধিকাংস	3
জুরেই	3
ব্যাবসায়ের	3
অগ্নিক্ষমতা	3
মনেহতো	3
সেকিন্তুসবসময়আমার	3
প্রার্থনাকরত	3
লীগকে	3
ছোঁড়াছুড়ি	3
পরতেকটা	3
বেরায়	3
দ্বৈত্তের	3
খাটব	3
পুসিস	3
আমরাত	3
অগুলো	3
অইটার	3
সাতারুরা	3
বোম্বটি	3
তরবারিটিই	3
সবাইত	3
তোমারি	3
ফাজলেমি	3
পারাব	3
ব্যাটকে	3
বারছে	3
মানবরাই	3
ওটাত	3
ফাজিল্টা	3
কর্তিত্ত্ব	3
পুডিনকে	3
উতপাত	3
বেরকরে	3
ফিরেয়ে	3
সিলিয়েছি	3
সাতরিয়ে	3
সবকিছুইত	3
বুদবুদি	3
জাবতজীবন	3
দূরুত্ব	3
রাস্থার	3
মদ্ধবর্তী	3
এঙ্গেলগুলো	3
বৈচিত্র্যও	3
জানইত	3
মুখমোখি	3
তূমিত	3
বেরহয়ে	3
ধরেনাও	3
শক্তিপ্রয়োগে	3
গহ্বরে	3
দেখই	3
বিষয়গুলি	3
রত্নের	3
হৃদয়টি	3
পাতালের	3
ঐতিহ্যবাহী	3
কণ্ঠটি	3
চুড়ায়	3
লেগুনে	3
আপ্রাণ	3
বঁড়শির	3
আনন্দদায়ক	3
জয়লাভ	3
হৃদয়টির	3
ওটিকে	3
মাহাসাগর	3
চীফের	3
চকমকে	3
কাঁকড়া	3
ঝলসানি	3
সাগরও	3
গ্রামটি	3
ফ্রগের	3
নোসের	3
কোকোয়া	3
লিফের	3
দশবার	3
তাঁড়াও	3
পিতারা	3
পাগলামিকে	3
কলহই	3
ছুলবো	3
মস	3
সাবটাইটেলটির	3
বারকায়ির	3
ট্রামবল	3
বৃটিশ	3
ব্রিটিশরা	3
৪০টি	3
ভিন্নভিন্ন	3
ড্যাডিকে	3
সাউথপো	3
চেলসি	3
সাউথপোকে	3
জ্যাক্স	3
সরকারদের	3
প্রেমিকারা	3
হোতাকে	3
কোনা	3
কমান্ডকে	3
একহাজার	3
ব্যাথিত	3
চালানোটা	3
সময়নিষ্ঠ	3
একেঁ	3
দিসেন	3
চালাতেও	3
ফালাইলো	3
এডাতো	3
মাচি	3
পুলিশকেই	3
আশির্বাদে	3
ওডারে	3
স্মৃতিস্তম্ভ	3
ভাল্লুভার	3
কোমনের	3
চাকুর	3
ছ্যাঁক	3
কৃপণ	3
চান্দা	3
বালও	3
ওদেরকেও	3
সিগনালে	3
পেশীবহুল	3
ফিতার	3
খুজলাম	3
গয়নাগাটি	3
করিয়েছেন	3
সোনা	3
বয়ানে	3
কুত্তাটারে	3
৯৩	3
সমৃদ্ধিশালী	3
মৃতদেহে	3
থেঁতলে	3
উপরতলা	3
জমলো	3
বাথ	3
মরতেছে	3
ভাববি	3
সম্পর্কেই	3
গলাবো	3
অহোরাত্র	3
ড্রাইভারটাকে	3
স্পটে	3
মিলিয়েছো	3
যেকোনসময়	3
লেখারও	3
পাহারার	3
জিগ্যাসাবাদ	3
ভাষাতেই	3
জ্বালাবেন	3
ফল্ট	3
মেথর	3
আউটপুট	3
পরিষেবা	3
গুঁড়া	3
রাজস্থান	3
ইনসাইড	3
টায়ার	3
গিয়েছিলেন	3
প্রসাদের	3
স্মাইল	3
শ্রবণযোগ্য	3
গট	3
দেখিয়ে	3
ভ্যাম্পায়াররা	3
চাঁদকে	3
ম্যারিয়াসের	3
ভ্যাম্পায়ারদের	3
গুজবটা	3
দলগুলোর	3
কাবিল	3
উত্তরদিকে	3
ভীতুরা	3
জয়ে	3
শক্তিশালীও	3
নিউরোসার্জন	3
বন্দুকবাজ	3
টেবিলেই	3
আত্ববিশ্বাস	3
চূর্ণনশব্দ	3
পর্যায়ের	3
মিছরি	3
বিক্ষিপ্তচিত্ত	3
কন্ট্রোলার	3
পঞ্চদশ	3
ভুট্টার	3
বিয়োগ	3
ইগনিশন	3
উদ্দিষ্ট	3
থার্টি	3
জীববিদ্যা	3
গোড়ার	3
ঝুলন	3
চমকের	3
প্রেরক	3
গালগল্প	3
সুতনু	3
বাঁজা	3
ইউটিলিটি	3
প্রত্যাশী	3
বেয়ে	3
মুভিং	3
ফোটাতে	3
রেখাযুক্ত	3
হাব	3
স্ক্র্যাচ	3
নামানুসারে	3
চাষের	3
স্থাপনের	3
প্রতিষ্ঠাপন	3
ব্ল্যাকমেইলের	3
ফাংশনিং	3
সোশিওপ্যাথ	3
জলবৎ	3
তরলং	3
পদ্মরাগমণি	3
চিত্রকরের	3
ইন্সপেক্টরের	3
ইয়ার্ডের	3
বিবাহবার্ষিকী	3
লাশঘরে	3
গুলিতেই	3
গ্রহণকালীন	3
বক্রতা	3
দেয়ালে	3
জিগায়	3
এগুলোতেই	3
বিচিতে	3
আবেগহীন	3
সম্পাদককে	3
ভূতটাকে	3
বাড়িয়ে	3
১৮৯৫	3
এমআই৫	3
সাজবো	3
চলাফেরার	3
ফাটায়ে	3
ক্রমানুসারে	3
লাশটাকে	3
অবহেলার	3
মহিলাদেরকে	3
বর্ণনার	3
নাটকীয়	3
ভূতুড়ে	3
নালীটা	3
ফলতো	3
বইপত্রও	3
পোল্টারগেইস্ট	3
বিজ্ঞানভিত্তিক	3
ভূতকে	3
ধুলাঝড়	3
ঢেঁড়শের	3
হ্যানলির	3
বুড়োমশাই	3
টায়ারটা	3
অতিরিক্তটা	3
এয়ারফোর্সের	3
সৌরকোষ	3
ড্রোনটার	3
চৌবাচ্চাটার	3
উড়ছিলো	3
কন্ট্রোলও	3
ফ্ল্যাটব্লেড	3
কম্বাইন	3
আর্মিও	3
মাপছেন	3
হ্যানলি	3
বুদ্ধিমানও	3
রাশিয়াকে	3
প্রোপাগান্ডা	3
অপচয়গুলো	3
অ্যাপোলোর	3
কনট্রোলারটা	3
কম্পাসে	3
ট্রাকটরগুলো	3
ছয়শ	3
ধুলার	3
গিরিখাদের	3
ক্ষেতখামার	3
বড়োসড়ো	3
তেত্রিশ	3
কাটুরে	3
ইউনিটও	3
ব্র্যান্ডকে	3
প্রিন্সিপালদেরকে	3
স্থানাংকটা	3
সহি	3
দুর্ভিক্ষের	3
ফলাচ্ছি	3
ডাস্টবোলের	3
ভুট্টাও	3
মহাশূন্যযান	3
স্ট্র্যাটোস্ফিয়ারও	3
মজুদে	3
শীতনিদ্রা	3
উদ্ধারকারীদের	3
উৎক্ষেপণ	3
ভবনটাই	3
ওড়াবেন	3
অসংগতিটাই	3
যতোদিনে	3
জন্মানোর	3
রইবো	3
হওয়ামাত্রই	3
মাক	3
মাইটস	3
পোর্টে	3
১জি	3
যাত্রাপথ	3
শনিতে	3
সায়াহ্নে	3
আঁধারই	3
বুঝাচ্ছিলাম	3
খোঁজাটাই	3
পিছুটানহীন	3
৩জনকে	3
ধুলাটুলা	3
প্যাথলজি	3
এডভান্সড	3
এগ্রিকালচার	3
ইয়টচালকদের	3
ছায়াপথটার	3
ঝোলানোর	3
ঘোরানোটা	3
ক্রিয়াকৌশল	3
গহবরকে	3
ওয়ার্মহোলকে	3
সৌরজগতকে	3
ছায়াপথকে	3
এপাশের	3
কৃষ্ণগহ্বরটাকে	3
রিংয়ের	3
বাস্কেটবলের	3
কৃষ্ণগহ্বরের	3
তারাটার	3
কুপারই	3
কক্ষপথটা	3
নক্ষত্রটা	3
রেঞ্জারের	3
অ্যারোডায়নামিক্স	3
বাগড়াতেই	3
মিতব্যয়ী	3
ধ্বংসস্তুপ	3
ঢেউটা	3
ধইরো	3
ডয়েলকে	3
তথ্যটারই	3
গিরিখাদ	3
অক্সিজেনকে	3
স্ফুলিংগ	3
বাস্তবতাটা	3
কার্লিং	3
শক্তিক্ষেত্রে	3
স্বীকার্যগুলো	3
পাল্টাইনি	3
আন্তঃনাক্ষত্রিক	3
আয়ুর	3
যাত্রাটায়	3
কাকতালই	3
এডমন্ডসকে	3
মৃতদেরকেও	3
সুফ্লে	3
ফুসফুসটা	3
ডুবিয়েছি	3
ক্ষারীয়	3
যৌগের	3
মানগুলো	3
যৌগকে	3
মেকানিকসকে	3
মুক্তোটা	3
বিশ্বাসটা	3
পেরোয়নি	3
করাচ্ছিলেন	3
ভূতটার	3
ঘুমাবোই	3
কৃষ্ণগহবরটা	3
প্রোবটা	3
টার্সই	3
মহাঝামেলা	3
পাতনের	3
দূরপাল্লার	3
কাশিটা	3
নামলেই	3
মিশনগুলোতে	3
মৃত্যুভয়	3
ইচ্ছেটাই	3
সন্তানকেও	3
সুড়ঙ্গতে	3
সন্তানদেরকে	3
শুনিয়েছিলো	3
এমোনিয়া	3
রেঞ্জারকে	3
এনডিউর‍্যান্সে	3
ইমপারফেক্ট	3
কনট্যাক্ট	3
ডিসএঙ্গেইজড	3
ইমার্জেন্সিতে	3
কুপারেরও	3
ঘূর্ণনকে	3
স্ট্র্যাটোস্ফিয়ারে	3
দুঃসংবাদও	3
ফেরাবো	3
ঘুরপথটার	3
কোডগুলোকে	3
টেসারেক্ট	3
চতুর্মাত্রিক	3
১২৪	3
শনিকে	3
দুয়েকদিনের	3
কৌতুকঃ	3
গাড়ছে	3
অপার	3
নিছকই	3
পর্যটককে	3
কোথাই	3
মিনারে	3
দেহগুলো	3
ফেলবেই	3
নামদার	3
নালার	3
হোলেও	3
কুচকাওয়াজ	3
অসঙ্গতির	3
আহম্মেদ	3
নুইয়ে	3
স্ক্রীনিং	3
প্রতিদ্বন্দিতাপূর্ণ	3
প্রয়োজনে	3
যতোটুকু	3
ভোগদখল	3
যাওয়াদের	3
নেকলেস	3
নলের	3
নীড়	3
ডাম্বো	3
সুশৃঙ্খল	3
অসতর্কতার	3
প্রণামাম	3
চাওয়াটা	3
ছয়মাস	3
উপকৃত	3
প্রস্তাবিত	3
আর্থিকভাবে	3
কমপ্লেক্সের	3
গ্যারেজই	3
মোড়কটা	3
এবারো	3
রাগলে	3
বুঝানো	3
ইয়াজিন	3
নেহা	3
বাসিন	3
বুঝতেছেন	3
সুখভিন্দর	3
শ্বেতা	3
দেখানোই	3
করছেই	3
ছড়ালে	3
সিনা	3
বোসের	3
চিন্না	3
বাচ্চাকালে	3
দাদিমা	3
চিউনেনে	3
কওয়া	3
দাইজিউন	3
স্লিপি	3
সুহ	3
টাইয়ের	3
অাশা	3
সুবিধাটা	3
অাজকের	3
দায়িত্বপ্রাপ্ত	3
অাশীর্বাদ	3
প্রিয়ার	3
শাকিব	3
অামারও	3
বলিনাই	3
মারতেছে	3
পুসো	3
নেটে	3
ধরতেছে	3
ব্লাকমেল	3
দেখছো	3
নায়	3
অামিই	3
খাইয়েছিলাম	3
বয়কে	3
হোয়াটসঅ্যাপ	3
অারেকবার	3
ক্যা	3
চালাচ্ছিস	3
ফিগারের	3
চিত্রাঙ্গদা	3
চাইতেছে	3
কাদতেছো	3
দুঃক্ষিত	3
শয্যাশায়ী	3
অাফ্রিকা	3
বাগা	3
বিচেই	3
ছুলে	3
ঠিকঠাকমত	3
হানিমুনের	3
পাঠাচ্ছো	3
সারাহ্	3
ব্রিচ	3
রেডিংয়ের	3
কেলান	3
অপরাধকে	3
উডস্	3
লকড্	3
ব্যস্ততার	3
টিমটা	3
অনেকজন	3
ছুঁটে	3
ডিপিসি	3
স্টুডেন্টদেরকে	3
সংকটময়	3
লাইভে	3
ডকুমেন্টের	3
রমলি	3
টেস্টি	3
যামুনা	3
জাকার্তা	3
কাইটা	3
মানুষগুলার	3
ঝালাই	3
বাচ্চাগুলা	3
মুর্থি	3
বৈজ্ঞানিকভাবে	3
পাকোড়া	3
জ্বরের	3
শাকসবজি	3
আচু	3
এসিসটেন্ট	3
নিরাময়ের	3
ভেঙ্কাটাচালাপাথি	3
রিয়াস	3
ভিতরগত	3
পার্থাসারাথি	3
রেকোডিং	3
ব্যবসায়ে	3
দুবাইতে	3
চিয়ারস	3
কুকারের	3
ফার্মঘরে	3
অষ্ট্রেলিয়ায়	3
দাঁড়িয়েছি	3
ফরমেশন	3
নিকস	3
দর্শকবৃন্দ	3
ক্লানের	3
ফেনউইক	3
মিছিলে	3
কাটাবি	3
ফাঁটবে	3
উত্তোলনের	3
টেলিপোর্ট	3
মোটরসাইকেলে	3
রাস্তাকে	3
বিবৃতির	3
প্রফেশনালদের	3
নিউস্টেডার	3
বেগুনি	3
ক্যানিস্টার	3
জাগিয়েছে	3
মিউট্যান্টগুলো	3
লাগিয়েই	3
স্ক্যানারের	3
পেশীতে	3
ভাবাতে	3
অর্ডিনেট	3
কনসোলে	3
গোঁদের	3
মাইকেলেঞ্জেলো	3
রাফাত	3
হানলো	3
স্তরটি	3
ব্রহ্মাস্ত্র	3
মমতার	3
নাকিরে	3
ব্যালে	3
হুম্ম	3
মহাকাব্য	3
ট্রেতে	3
সুলতানের	3
জ্বালালে	3
দুনিয়াটার	3
কেলেঙ্কারির	3
লোলা	3
শ্রেষ্ঠতম	3
মার্থাকে	3
দয়াল	3
উড়াউড়ি	3
শুয়েই	3
সজীবকরণের	3
পাপকে	3
ক্যালভিন	3
বর্শাটা	3
বিদেহী	3
সহানুভূতির	3
প্রলয়	3
ব্রুশ	3
ন্যায়বিচারের	3
উদঘাটিত	3
তেলুগুর	3
মেয়েটির	3
চিটটা	3
আঁকাআঁকির	3
দেখাইছে	3
অফের	3
ভালোবাসছি	3
দুলাভাইয়ের	3
নড়োনা	3
মতাদর্শ	3
একটিমাত্র	3
সেইজন্য	3
ক্যাম্পাসেই	3
ইচছা	3
মিথ্যাবাদীর	3
লংকা	3
সামলিয়ে	3
হেডলাইট	3
হইছ	3
রুবা	3
গাঢ়	3
ভালোবাসছো	3
অসম্মানিত	3
চিটার	3
প্রেমিকারে	3
হুয়া	3
বন্দুককে	3
সহিংসতায়	3
গানবাজনা	3
আর্ভ	3
বাঁচল	3
ভিটো	3
যাবোও	3
কেন্দ্রটা	3
হোস্টদের	3
আমারেও	3
স্বপ্নগুলোকে	3
অধ্যায়ের	3
উদযাপনে	3
ওয়েস্টওয়ার্ল্ডে	3
বাঁচুন	3
ভিগনেশ্বর	3
তোমারর	3
ফিক্সড	3
গারি	3
বোরড	3
ডোসা	3
গড়ো	3
দিবই	3
ডেনভার	3
বিকে	3
টিটকারি	3
সাজগোজ	3
স্ক্যানে	3
লাগাল	3
পেশাদারের	3
চাবিটাও	3
চাবিও	3
নামল	3
এপ্রন	3
ইংগ্রিড	3
ককটেল	3
মেলোডি	3
ফুরোবে	3
পানামা	3
মিউজিশিয়ান	3
ডালাসে	3
বেলস	3
চাপাবাজি	3
ওম্যান	3
সয়েছি	3
তাঁদেরই	3
হেসেছিল	3
দালানটা	3
সেলো	3
সেঙ্গাল্ভারায়ান	3
জুনিয়র	3
জনমনে	3
এনিয়ে	3
ঘণ্টাও	3
সৌম্য	3
সম্পৃক্ততা	3
সুপারিশের	3
ছেমড়ি	3
ক্যান্ডিটা	3
ঘ্যাচাং	3
খুঁজছিস	3
এরসাথে	3
সুউচ্চ	3
ম্যানেজমেন্টের	3
মন্ত্রণালয়	3
গয়না	3
ব্যবসায়িক	3
ফলপ্রসূ	3
লুটপাটের	3
ল্যাবেই	3
অযাচিতভাবে	3
তাড়না	3
ডিসমিসড	3
বেরেটা	3
ডিসেম্বরের	3
প্রচেষ্টার	3
উচ্চমূল্যের	3
রিফিউজ	3
অ্যান্ডারসনের	3
করায়ত্ত	3
কনফারেন্সে	3
ডিলে	3
ফালতুর	3
হৃদস্পন্দনের	3
সার্থে	3
হাঁসপাতালে	3
কুকীর্তির	3
মেডিসিনটা	3
নরপিশাচ	3
খুচিয়ে	3
কথাবার্তাই	3
বেতনভুক্ত	3
তাড়তাড়ি	3
২০১১	3
রিলেশনশিপ	3
সাপোর্টার	3
পাওয়ারও	3
ওয়ার্ল্ডের	3
মনপ্রান	3
মাথাটাথা	3
চড়কায়	3
মূখ্যমন্ত্রীর	3
মূখ্যমন্ত্রি	3
মর্মে	3
বানায়নি	3
অভিমন্যুকে	3
মানিমেকালাইয়ের	3
নেশাদ্রব্য	3
অঢেল	3
প্রেয়সী	3
বর্ষসেরা	3
ক্যারিয়ারে	3
বির্হেতে	3
সমপন্ন	3
হরিণটার	3
স্ক্র‍্যাপইয়ার্ডের	3
রূপটা	3
অভিশংসক	3
উতরে	3
নামধারী	3
বেলাভিস্তায়	3
প্রলোভিত	3
নিকটস্থ	3
তথ্যসমূহ	3
মহিমার	3
ধনীর	3
পুনর্জনমে	3
ফাদঁ	3
সেটকে	3
লও	3
অতোটাও	3
বদমেজাজ	3
মোবারক	3
বালিতে	3
শয়তানটার	3
নেীকায়	3
বুঝবেও	3
নভোযানে	3
জেগেছি	3
মোকা	3
কাপাচিনো	3
যাত্রীর	3
অটোডক	3
ব্যাঙ্কার	3
রোধক	3
যন্ত্রাংশ	3
দেত্তয়া	3
একপ্রান্ত	3
দ্বীপটাকে	3
ভাড়াটিয়ার	3
মাতৃত্ব	3
র‍্যান্ডির	3
অ্যাথলেট	3
বৃদ্ধাঙ্গুলি	3
বোটটাকে	3
ওঁত	3
ঘামাও	3
নিখাদ	3
চ্যান্ডলারের	3
মিগান	3
মিনেটংকা	3
হাঁটলাম	3
অপ্রাপ্তবয়স্ক	3
ব্যক্তিবর্গ	3
মজুরী	3
পিস্টন	3
অ্যাসাইনমেন্ট	3
১৯৫৯	3
উন্নতিলাভ	3
ময়ুর	3
জাঙ্গল	3
নোয়ান	3
দংশিত	3
পলান	3
স্তূপাকার	3
পিঁপড়ে	3
পেঁপে	3
পালাক্রমে	3
রাগিয়ো	3
সিটিজেনদের	3
শোধনাগারে	3
চালানোটাও	3
পূণরাবৃত্তির	3
ভাল্লুকটা	3
প্রজাতিকেই	3
নাগরিকত্ব	3
উনাকেও	3
মুক্তিযোদ্ধা	3
এই্	3
লুপটা	3
মেশিনটার	3
রিভাররানের	3
রেনটন	3
সানিকে	3
জেনেছিলে	3
ফ্রিকুয়েন্সি	3
অমানুষের	3
ছন্নছাড়া	3
ধ্যাত্	3
বারবারই	3
সিকুয়েন্স	3
তালাবন্ধ	3
নৌবাহিনীতে	3
তুখোর	3
সামারের	3
লড়াকুরা	3
নেভিতে	3
ফিল্ট্রাশন	3
নাভাল	3
বর্ণন	3
অরোধ্য	3
হেফাজতকারী	3
ঘোড়দৌড়	3
কারাকক্ষ	3
ওয়াদা	3
অবিশ্বস্ত	3
ফরোয়ার্ড	3
ঘের	3
আরো	3
ফাইটে	3
প্রতিদ্বন্দীকে	3
বুদাপেস্টের	3
লড়ছিলাম	3
চ্যাম্পিয়নেরর	3
ছেলেরে	3
কশমার	3
মার্কাসের	3
আইজ্যাকসকে	3
তুলছ	3
প্রত্যাশার	3
বাউডেন	3
পাটিলের	3
রানার্স	3
সাজবে	3
রাইত	3
আইতেছি	3
জামাটাও	3
পঙ্গুটায়	3
সুমধুর	3
তারেই	3
স্যারে	3
একটুকুই	3
ছুঁবি	3
বুলেটও	3
ডালটা	3
গাছটায়	3
বাপটারে	3
কর্মালা	3
আম্বাদাস	3
অশ্বিনী	3
ভুগেছি	3
দিদিমা	3
যামুনে	3
১৯৬৪	3
আবেদনে	3
৫৭টা	3
৫৮টা	3
সরাবি	3
খাটনি	3
হবেটা	3
সেলসম্যান	3
কাগজটায়	3
ডালভাত	3
টমেটোগুলো	3
আর্টিকেলে	3
থেকেছেন	3
মিউচুয়াল	3
বাইরেটা	3
পুয়ের্তো	3
রিকান	3
ধরণটা	3
মারফ	3
দাঁও	3
জোকারটাকে	3
সেভেনটিন	3
রূপালি	3
তিনটায়	3
ঘাঁটব	3
কসমিক	3
শ্লোগান	3
কিশোরের	3
অ্যাশট্রে	3
গর্তটায়	3
বোতলগুলো	3
আমারগুলো	3
জীবনবৃত্তান্ত	3
বিশজন	3
ব্যপ্তি	3
দুর্ঘটনাই	3
১২টায়	3
তাহিতি	3
কনার	3
ছোটা	3
ক্যারোল	3
লোকসহ	3
লেডিকে	3
ইউরোপজুড়ে	3
রাস্তাগুলো	3
পলায়নপর	3
দন্ডের	3
মিটিংটা	3
লাগছি	3
বেইলর	3
নড়াছড়া	3
পুটকিতে	3
মাদুকা	3
খুভ	3
বুজি	3
নদিতে	3
রেলপথ	3
নাটুকে	3
মরবেই	3
বর্শার	3
শোকর	3
জংগলে	3
ট্রিটমেন্টের	3
অনেকসময়	3
ট্রিটমেন্টটা	3
ছোট্টবন্ধু	3
কাঁটতে	3
অবস্থাটাও	3
সিনর	3
ভুগছি	3
কম্বোডিয়ায়	3
আড্রিয়ান	3
খেলাধুলার	3
পিনাটের	3
ফুটেন	3
নিলেও	3
পাগলি	3
মেন্যু	3
বতক	3
ব্রাউয়ার	3
ডজ	3
উদ্ধারকর্তা	3
টিফিনের	3
সরিয়েছে	3
গর্ডো	3
চুলই	3
তোরাই	3
ট্রেনিংয়ে	3
মাইলো	3
কুলক্ষণ	3
মাইনকা	3
সমতলের	3
মাইটি	3
থ্যাংস	3
ডেভি	3
মোগলাই	3
মোটকি	3
গুফি	3
ব্রাউয়ারের	3
পক্ষীটা	3
লাইফস্টাইল	3
এনযো	3
ইটালিতে	3
কন্ট্রাক্টে	3
দক্ষ্য	3
ধান্দার	3
সনিকে	3
খারাবী	3
ভাবছিনা	3
স্যানটিনোর	3
ফ্রেডিকে	3
ব্রাযিনির	3
সবময়	3
খাতাটা	3
আসমু	3
পুলিশরে	3
দিমুনে	3
জোয়াও	3
কন্ডিশনার	3
চাকরীচ্যুত	3
যেইখানে	3
হইসিলো	3
খরচাপাতি	3
মতলবটা	3
লাগাতো	3
করসে	3
বাইবেলও	3
এইডাতো	3
যাইতাসি	3
সন্ধ্যে	3
ছড়াও	3
২২৬	3
কাইট্টালা	3
মিমাংসায়	3
সৃষ্টিকারী	3
অবরোধের	3
হাইড্রোজেন	3
লেমন	3
উপরিভাগের	3
নিষ্ক্রয়	3
আঙ্গিকে	3
ভুগছো	3
কাবুকি	3
সহচরে	3
নাইফ	3
খাইতাম	3
সেন্সরটা	3
কুয়ারান্টিন	3
শুন্যের	3
সাধনে	3
রোবটিক্স	3
অভিক্ষা	3
জেদের	3
বিচ্যুতি	3
বিস্ফোরিত	3
মোড়ো	3
বাঘারপাড়া	3
আশাবাদি	3
কিলোমিটারের	3
ওয়ার্ম	3
আইরিসের	3
ট্রাইটনের	3
ঘুমোবার	3
পাকায়	3
পৌঁছব	3
মোয়া	3
তাইওয়ান	3
রিচার্ডকে	3
নিউরোন	3
সাধনের	3
থিওরী	3
কম্পিউটারটা	3
পরিমাপের	3
অরাজকতা	3
শিনাকি	3
পেঁচাগুলো	3
হ্যালোইনের	3
সেলকিকে	3
লাইনগুলো	3
প্রেতদের	3
লুঠেরা	3
ব্যাধির	3
সাইবারনেটিক	3
টেরা	3
ড্র্যাক্স	3
বায়ার	3
কোয়ার্নিক্স	3
তোমাদেরটা	3
মেহেদি	3
পার্সেন্টিজ	3
ডেনারিয়ান	3
ডক্টোরেট	3
ভাইভা	3
সিঙ্গুলারিটি	3
পেশীগুলোর	3
স্টিফেনের	3
ক্রমেই	3
থর্ন	3
হোলের	3
যেয়েই	3
স্বামীও	3
ওয়াগনার	3
বিষয়বস্তু	3
পোলক	3
ক্যানভাস	3
চিত্রকলা	3
ডান্স	3
স্মৃতিটা	3
আরোবাংলাসাবটাইটেলপেতেভিজিটকরুন	3
ধংশ	3
তেরী	3
বাচিয়েছিল	3
জারসম	3
মিশরবাসী	3
হিব্রুতে	3
বিদ্যায়	3
রামেসের	3
দাড়ালে	3
হোচট	3
শিখুক	3
অ্যামাজনে	3
কার্নিভাল	3
মশারা	3
খেলুম	3
যাদুকরী	3
পেঙ্গুইনগুলো	3
ভেন্ডিং	3
ল্	3
অক্টোভিয়াস	3
মারণাস্ত্র	3
ডিস্ট্র্যাক্ট	3
দূর্ধর্ষ	3
সুইচের	3
ডিগবাজি	3
বিপদটা	3
মনো	3
হুয়াহ	3
সাংহাইয়ের	3
মৎস্য	3
মৎস্যকন্যারা	3
মৎস্যকন্যার	3
ডাঙা	3
শেয়ালের	3
ঠেসে	3
গায়া	3
সাকিব	3
লাগতাসে	3
মাখিয়ে	3
ল্যুকিমিয়া	3
ঠাঁই	3
ওয়াটার্সের	3
আইজ্যাকের	3
কালকেও	3
রূপকের	3
স্মিটসের	3
সারভাইভর	3
ফাঙ্কি	3
যতসম্ভব	3
ওরাঞ্জি	3
কণ্ঠগুলো	3
কচ্ছপটা	3
অসীমতার	3
অস্তিত্বও	3
খাড়ুশ	3
অ্যানের	3
উঠছিল	3
শরীরটাই	3
বক্তা	3
কমেনি	3
দাম্ভিক	3
বাধাঁ	3
ফিলিস্তিনে	3
মেলিক	3
ইরনা	3
চেচেন	3
ইসলামী	3
হামবুর্গে	3
হযবরল	3
বিপদগ্রস্ত	3
বিষয়বস্তু	3
চেচনীয়	3
ইয়েমেনের	3
বিমানেই	3
হামবুর্গ	3
নাজুক	3
বারাকুডা	3
বজ্রের	3
কোমাতে	3
কেইটলিন	3
সুপারসনিক	3
ক্লাইড	3
অভাবই	3
প্রবন্ধের	3
নিবন্ধের	3
অঙ্গের	3
অকৃতজ্ঞের	3
বাঁচাচ্ছে	3
তাত্ত্বিক	3
আআহ	3
ঘটাই	3
ক্রোশ	3
কলিয়ার	3
ওয়ারড্যাডি	3
কাফের	3
বিড়ালছানা	3
হারামিগুলারে	3
গুলারে	3
কইলজা	3
বামপাশের	3
পিতৃ	3
যাত্রাটা	3
স্বজনেরা	3
দোযখে	3
ওড়না	3
থাকতি	3
স্পেসশিপকে	3
শেয়ারে	3
জন্মদাগ	3
সম্পদে	3
নিছিলো	3
শুলের	3
বিধবাকে	3
ভাঙ্গ	3
কুটে	3
কাকটা	3
অনুমুতি	3
সাথি	3
বেঞ্চ	3
ওইগুলাই	3
খাইছিস	3
ভীনগ্রহ	3
সার্টিফিকেটে	3
কামাসুত্র	3
আতশবাজী	3
চেইনটাও	3
পুন্যে	3
পুন্যের	3
বিকলাংগ	3
প্রাঠান	3
শিলিগুড়ি	3
গ্যাংটক	3
পাদিয়াত্রা	3
পঞ্চনজঙ্ঘা	3
গ্যরান্টি	3
তপস্বীজির	3
ম্যনেজারদের	3
অ্যালকোহলও	3
মদপানও	3
ফ্যাক্টরীতে	3
দোকানপাটে	3
কামালও	3
মাজহাব	3
ভাইগন	3
সুখীন্দর	3
জাইন	3
ক্রীস্টোফার	3
সাহানী	3
এইবেটাকে	3
আজাবের	3
অংগার	3
পাতেন	3
কাস্টমাররাই	3
লুটিয়েই	3
রংনাম্বার	3
ভয়টয়	3
ঠিকাদারেরা	3
গরুটাকে	3
মন্সটার	3
খ্রীষ্টানের	3
বিস্মব্রম্মান্ড	3
মাস্টারপ্লানের	3
আটোমেটিক	3
দানপাত্রে	3
মালিশের	3
এইগুলোতে	3
পাততাড়ি	3
জিতবেই	3
বিজ্ঞতি	3
হাটছিল	3
আমিএই	3
মান্ডাওয়াতে	3
ডমরু	3
পেয়াছেন	3
তপস্বীই	3
অভিনবত্বে	3
মশগুল	3
হাপিস	3
ঠেকাব	3
পিঙে	3
ব্যক্তিত্বর	3
বিভেদের	3
ঠান্ডু	3
টুট্টারি	3
ডমরুর	3
ফ্যানে	3
তাগা	3
আশাটুকু	3
দোস্তও	3
ভগবানে	3
মিথ্যবাদী	3
বিশ্বব্রম্মন্ড	3
গোলের	3
বিশ্বব্রম্মান্ড	3
একপাটি	3
ভগবানদের	3
রেজিস্টারের	3
উদ্দ্যেশ্যে	3
উদ্ঘাটন	3
নম্বরটি	3
স্নাতকবর্ষের	3
শিক্ষার্থি	3
নিতু	3
লাউডস্পীকারে	3
অ্যামবেসী	3
এসেছেরে	3
সরজরাজ	3
ইয়ুসুফ	3
আছেনা	3
ট্রাফিকও	3
নাঙ্গা	3
মুতু	3
জাঙ্গিয়ার	3
চুরে	3
ফুলস্পীডে	3
অ্যাা	3
এনোস	3
প্রাণশক্তির	3
বিদীর্ণ	3
মরবার	3
নিরীহদের	3
বিশ্বাসঘাতককে	3
অলৌকিকতায়	3
তাছাড়া	3
শ্যামের	3
নোয়ার	3
রাতকে	3
কেইনের	3
শামস্	3
রেদওয়ান	3
টাঙানো	3
শিংওয়ালা	3
ফিনল্যান্ডের	3
শেয়াল	3
এইত্তো	3
গ্রুপকে	3
নিগৃহীত	3
সুনামির	3
গুপ্তি	3
ধার্য	3
ঘুঁটা	3
উড়া	3
ঘটায়	3
শৃঙ্খলাবদ্ধ	3
আমিএকটি	3
ওলে	3
পুচ্ছ	3
প্রাণরস	3
শান্তিপ্রিয়	3
হৃদপিণ্ডে	3
মেলার্ক	3
জোহানা	3
ট্রিংকেট	3
পরশ	3
ডিস্ট্রিক্টে	3
লেলিহান	3
দেখানোতে	3
ভালোবাসত	3
হটছে	3
মণিহার	3
সাজ্জাদ	3
ডোরগুলো	3
মহানুভব	3
জুনাইদ	3
কয়লায়	3
এথেনিয়ান্সরা	3
দেবতারাই	3
অঙ্গই	3
লক্ষাধিক	3
কাপুরুষদের	3
স্পার্টার	3
লিওনাইডাসের	3
পার্সিয়ানরা	3
স্পার্টাকে	3
গোগরা	3
জারিক্সেজের	3
নৌবহরকে	3
ভ্রাতৃত্ব	3
অগ্নিপরীক্ষা	3
দ্বায়িত্ব	3
অসহায়	3
মোকাবেলা	3
বুগিম্যানকে	3
উইককে	3
কন্ট্রাক্টটা	3
মারের	3
ভরছে	3
ফার্মেসি	3
সন্ধ্যেটা	3
হ্যাকিংয়ের	3
পিপলস	3
বোকাচোদার	3
পলের	3
যেইমাত্র	3
ফেলাটা	3
সেকেণ্ড	3
কোনোমতে	3
কাজটায়	3
ঝোলায়	3
রাজনীতিবিদকে	3
এক্সপেন্ডেবল	3
হচ্ছে৷	3
হগ	3
সাক্ষাতেই	3
ক্রেতাদের	3
হগে	3
ভালোমানুষ	3
বিল্লি	3
স্যার্	3
ক্লান্তিকর	3
আলিমুল	3
নয়ন	3
সেশনঃ	3
মরলাম	3
জোটরা	3
মারিনা	3
বন্দুকটি	3
বীজগুটি	3
র্যান্ডম	3
আচ্ছাদন	3
টিউন	3
গজিরা	3
সাময়িকভাবে	3
ছায়ামূর্তি	3
ওয়ারহেড	3
ডটকমকে	3
ইনস্টল	3
রক্তলাল	3
রৌপ্যচূর্ণ	3
শুকরদের	3
ক্ষুধাও	3
গ্রেগরিকে	3
আশীর্বাদে	3
তোমাদেরকেও	3
উদাসী	3
পরশপাথরের	3
করিয়েছিলে	3
নেভীতে	3
শফি	3
ভাল্লাগছেনা	3
মাইক্রফট্	3
ক্রিমিন্যাল	3
মালিকটা	3
ওয়াটসনকে	3
সুবিধামত	3
পৌঁছালো	3
পাল্টেছো	3
খরবুজ	3
চশমায়	3
এরোর	3
টোগা	3
কন্টিনামে	3
জিনিয়াসদের	3
পুচকি	3
রাজ্যজুড়ে	3
খারাফ	3
পড়তেছে	3
শয়তানেরা	3
মেডেলটা	3
ডিনের	3
এগসির	3
পুড়ি	3
ব্যবহারেই	3
তরুণকে	3
নিকিতা	3
ডিগবি	3
অ্যামিলিয়া	3
স্নরকেল	3
রেডার	3
রেডারে	3
ভিয়ার	3
রাজপরিবারের	3
চেনোই	3
ঘোড়দৌড়ে	3
গ্যাজেল	3
পেজগি	3
ডাকাইত	3
পুষেছি	3
চৌদ্দগুষ্টি	3
কাউন্টডাউনের	3
আলুও	3
মাছটাকে	3
নাপোলি	3
হৃদয়বান	3
ম্যককল	3
মাইসর	3
পালাতাম	3
হিন্দী	3
খালাকে	3
শিষ্যের	3
শোন	3
এসসি	3
ফিশারিজ	3
হরোউইৎয্	3
সালোমন	3
স্নাইডার	3
হুদাস	3
হ্যপ্টমান	3
কাইম	3
এলজা	3
বাউমান	3
ইওজেফ	3
ডবিডুউইচ	3
ইগনাসি	3
পওলা	3
বিফার	3
নাদেরল	3
রাহেলা	3
গারত্রূডা	3
হিলদা	3
ইয়ারি	3
আ্যগনিজকা	3
শোনালে	3
গাইবেনা	3
লোট	3
রিসলিং	3
বার্দো	3
লাতৌর	3
মারগুস	3
বুরগোইন	3
রোমানি	3
কোন্তি	3
জানিরে	3
বদলাবদলি	3
কামাবার	3
কামাবেন	3
টাকাপয়সার	3
লোটি	3
র‍্যাশন	3
কনকনে	3
কেনাবেচা	3
অন্যমালপত্র	3
পোলডেক	3
ইউদানরাতে	3
পোলডিক	3
কাটসাট	3
পয়সাই	3
গেটোতে	3
মুনাফায়	3
অর্থবিভাগে	3
লুকাবনা	3
রজনোতে	3
হাইড্রোইলেকট্রিক	3
ফার্মেসিতে	3
পোল্ডিক	3
ইমালসনে	3
ব্যাঙ্কিয়ার	3
বোলকে	3
চিমটা	3
এনামেলের	3
সলিউশনে	3
ফাইলিং	3
শর্টহ্যান্ড	3
টাইপিংও	3
কেলব্যাসা	3
বেলুগা	3
ক্যাভিয়ার	3
সিগারের	3
ডিব্বাও	3
টেস্টিংয়ের	3
কনিয়াক	3
হেনেসি	3
পেরিনন	3
শ্যেম্পেইন	3
লিপানো	3
সার্ডাইন্সের	3
নাইলনের	3
স্টকিং	3
কারাখানা	3
প্রতিদ্ধন্দি	3
দ্রব্যসামগ্রীর	3
অন্তস্থল	3
ম্যাড্রিচের	3
ক্লনোস্কা	3
ম্যারেক	3
কারখানাকে	3
গতমাস	3
লোয়েন্সটেইন	3
মেহেরবানীতে	3
কারখানের	3
রল্	3
রাইখ	3
হাতওয়ালা	3
মেশিনিস্ট	3
প্রোডাকশনে	3
বিঁধিমালাগুলোর	3
ধারণাকে	3
উঠায়নি	3
গেটোকে	3
কর্মচারি	3
অসুস্থরা	3
ধর্মস্থান	3
আস্তাবল	3
একান্ন	3
মুচি	3
বাসাবাড়ির	3
ইউরোপা	3
ইঞ্জিয়ারিং	3
গ্র্যাজুয়াটপ্রাপ্ত	3
যুবকেরা	3
কাজিমার্জ	3
শিল্পীকলায়	3
ব্লশেইনের	3
লুকিয়েছিলাম	3
ড্রেজনার	3
কেলার	3
ফাবের	3
ডরোথিয়া	3
গোল্ডস্টেইন	3
ওয়ার্মবার্গার	3
কারখানাগুলো	3
ধামাকার	3
ম্যাড্রিচকে	3
প্লাযাওয়ের	3
শার্নার	3
স্পেসিফিকেশন	3
কিলোগ্রামস	3
সেরামিক	3
ইনস্যুলেটর	3
কিউবিক	3
হিলোয়িশ	3
চুলকাচ্ছি	3
তফসিল	3
ইওগোস্লাভিয়া	3
আ্যঙ্গেল	3
শুনতেনা	3
পিনে	3
কাপড়টাও	3
ইমপোর্টার	3
আশ্যয়	3
গোয়েথে	3
বাস্কি	3
পালাচ্ছিল	3
গোল্ডবার্গকে	3
ইহুদীদেড়	3
ইহুদীকে	3
অডিটররা	3
স্যাডেলের	3
টানছিল	3
হারপিক	3
ফাঁসাচ্ছিস	3
আ্যপলপ্ল্যাৎযে	3
অসুস্থদের	3
আলাদ	3
ডাঙ্কাকে	3
ডাকনি	3
ম্যাড্রিচ	3
ইমালিয়াতে	3
রিসেটলম্যান্ট	3
চুমায়	3
টাইফয়েডের	3
হিটলরারের	3
আজকার	3
ন্নয়	3
চেকোস্লোভাকিয়া	3
গোলন্দাজের	3
কামাচ্ছ	3
বিনিয়োগকারী	3
ফিগেনব্যম	3
ফিগেনবাম	3
লুতেক	3
নাখা	3
মোরাভিয়া	3
ধরালেন	3
মিটাচ্ছেন	3
টাইপিংয়ের	3
হেলেনকে	3
ভিয়েনা	3
ড্রেসনার	3
ইয়ুদা	3
ইওনাস	3
ডোনাতা	3
রোজনার	3
ম্যানসি	3
হায়েম	3
নোয়াক	3
উল্কান	3
মার্কোস	3
লেম্পার	3
ব্য	3
রোজালিয়া	3
লেভার্টব	3
আন্ড্রেজ	3
ফ্রিখফ	3
ফিশল	3
মিয়াতেক	3
পেম্পার	3
পিফারবার্গ	3
হরোউইৎয	3
ডোলেক	3
মার্সেল	3
ক্লিপস্টাইন	3
ইজাক	3
অল্টম্যান	3
গ্রূনবার্গ	3
লুফটিগ	3
হিলম্যান	3
এরনা	3
রথবার্গ	3
জুকারম্যান	3
ইয়ুতি	3
বরফকে	3
বুডযিন	3
অ্যশউৎইযে	3
আটষট্টি	3
কাশুন	3
ছেষট্টি	3
ফার্বেন	3
অধিদপ্তর	3
ফার্বেনকে	3
খোলসকে	3
ঐধরণের	3
কদমও	3
তেই	3
আশউইৎয	3
স্যাবাথের	3
আইজেনহাওয়ারের	3
জোদল	3
স্বজাতীয়	3
এক্সপেডিশনারি	3
জার্মানিরা	3
নির্ভিক	3
কমান্ডাররা	3
ইজিপ্সি	3
দশজনকে	3
বাঁচাইনি	3
সিস	3
সিমিয়ান	3
রিঅ্যাকটার	3
অনির্দিষ্টকালের	3
জড়াই	3
তারবার্তা	3
কতজনকে	3
এনিগমায়	3
প্লাগবোর্ড	3
১৫৯	3
এনিগমার	3
অমার্জনীয়	3
রাজদ্রোহের	3
ক্লার্ককে	3
অবস্থানগুলো	3
চলছেই	3
ভেঙেছ	3
টিউরিংকে	3
ক্যারোলাইন	3
ছুতা	3
পাইট	3
কেয়ার্নক্রস	3
বার্তায়	3
এইচএমএস	3
সিক্রেটটা	3
পক্ষেরই	3
রেইভেনকে	3
রেইভেনের	3
টানের	3
ব্যানশি	3
দৃঢ়প্রতিজ্ঞ	3
বৈমানিক	3
দেখছিলেন	3
লেনশারের	3
লোগানের	3
ভলান্টিয়ার	3
হিয়ুন	3
ধইঞ্চাটা	3
সমন্ধেও	3
মিনকে	3
তাড়	3
অফিসারেরা	3
স্লিপে	3
কারাদণ্ডের	3
ক্রিমিনালের	3
কালেক্টার	3
ভিশন	3
লড়িতে	3
গণণা	3
ভোটার	3
শুনানো	3
পৃষ্টায়	3
দুবাইয়ে	3
স্যাম্পু	3
ডিনোকে	3
ইন্ডিতে	3
বেশীকিছু	3
পাঁছার	3
গ্রেন	3
টবির	3
অ্যালুমিনিয়াম	3
ফেরারী	3
কয়েন্সএগ	3
ক্যালফোর্নিয়া	3
দেখো	3
ওয়েস্টবাউন্ড	3
ফিনকে	3
মার্শালকে	3
ব্যাম্বিনো	3
বিছানো	3
ফেড়ে	3
লুজিয়ানা	3
মার্কারের	3
টুনি	3
আগষ্ট	3
ফিল্মটা	3
ত্রিভুজের	3
ওযান	3
কন্ঠের	3
রহমানির	3
আলুযাক	3
সিগ্নে	3
ভিঞ্চেস	3
পটায়	3
বেহুশ	3
ডাকাতিতে	3
সাংবাদিকতার	3
ছদ্মনামে	3
সোহো	3
এঁটে	3
চারগুন	3
পাপড়ি	3
রবার্টকে	3
পিলিপ্পে	3
রুচিশীল	3
এ্যাগাতা	3
কক্ষনোই	3
ড্রাগনগ্লাস	3
মেনের	3
সৈন্যবাহিনীর	3
গ্রেজয়দের	3
পূবের	3
সিটাডেলে	3
নাইটের	3
টার্লি	3
রাজপথ	3
টারগেরিয়ানরা	3
ইউরিয়ং	3
১১ই	3
ঈশ্বরেরা	3
ওয়াতাবে	3
যুদ্ধরত	3
ওপ্টিমাস	3
ট্রিলিয়ন	3
দাড়াঁবো	3
তানভীর	3
পরিতৃপ্ত	3
একরাতের	3
ফেলানো	3
প্রহরা	3
বদভ্যাসের	3
মালদার	3
৫০০০০	3
রিনিউ	3
তিরুনেলভেলির	3
কোয়ামবেদু	3
কলেজগুলোতে	3
তিরুনেলভেলিতে	3
কান্নু	3
বৈশালীকে	3
কেসকে	3
হাতটাই	3
ভ্রূণ	3
শুঁকলে	3
মানুষদেরও	3
অসুস্থতায়	3
বদদোয়া	3
কোটাইয়ের	3
বেড়ানোটা	3
গডস	3
ডালিম	3
থ্রাস্টার্স	3
ফলানো	3
অফলাইনে	3
ওয়েল্যান্ডের	3
কেরিন	3
লেডওয়ার্ডের	3
ডগার	3
ছিদ্রে	3
বাইরন	3
ড্যানিয়েলকে	3
আপঅর্থ	3
বুস্ট	3
এরমনে	3
বন্দুরা	3
মিসৌরির	3
ডান্সার	3
পাকেনি	3
কয়েকটাকে	3
গুঁতো	3
ফাঁদও	3
রেভেজারদের	3
বুঝেনি	3
কোটর	3
পারাবার	3
ডুবায়নি	3
ডাচম্যান	3
ট্রায়াঙ্গলের	3
অভিশাপে	3
ডাইনিটা	3
ধরেনি	3
স্হানে	3
ভাসবে	3
খুজঁলি	3
ডেস	3
কাপকেককে	3
দোরগোড়ায়	3
নেংটু	3
খাওয়াচ্ছি	3
হাসলে	3
ম্যানিলা	3
কুকিও	3
চাঁকা	3
লেফট্	3
লিনজি	3
উপুর	3
ছয়বার	3
পাইছত	3
ফনসি	3
সৈকতেই	3
জলতরঙ্গ	3
পেজে	3
বোটটা	3
মেঝেটা	3
পিছেও	3
জিনিসরে	3
ধর্মকর্ম	3
খামখেয়ালিপনার	3
সিংহী	3
কুলায়	3
বেভারেজ	3
বিজয়াড়া	3
সীতাকে	3
শর্মা	3
নির্মাণে	3
ভিগস	3
সালমান	3
এপ্রিশিয়েট	3
রান্নাও	3
ব্রেকের	3
সলভ	3
ক্যাম্নে	3
ঈগো	3
জেনেছেন	3
ডিজেকে	3
মেম্বারের	3
বাহুব	3
ডিফিউজ	3
গেসিল	3
ডায়নার	3
মালবেরি	3
কিভেবে	3
রাইখো	3
তিব্বতে	3
বুলাও	3
বাহে	3
অন্যটাকে	3
বর্জিয়া	3
খাচ্ছিলো	3
এতটুকুতে	3
প্যাঁচা	3
মৎস্যাধার	3
আগ্রাকে	3
১৯৫৭	3
ফ্রন্টের	3
ড্রাগনস	3
তবলা	3
বাবারই	3
কোস্টের	3
৭৫০	3
ভি৮	3
ডিএসএস	3
সোয়াট	3
তাকাতাম	3
পোল্টাভা	3
লকের	3
সম্পুর্নরূপে	3
ডমেনিক	3
একারণে	3
ধরতেছি	3
ল্যাম্বারগিনির	3
ড্রাগনস্	3
হ্যান্ডকাফ	3
ওউয়েন	3
মিলেই	3
অ্যাকাউন্টের	3
সাবমেরিনটাকে	3
পারকার	3
ডোম	3
সেটিকে	3
ভালোবসি	3
টানটান	3
অশ্বশক্তির	3
কাঠামোগত	3
নিউকস	3
সাবমেরিনকে	3
ভাতিজাকে	3
জিয়ানা	3
পেয়্যাবল	3
সান্তিনোকে	3
আর্মেনেট	3
প্রতিনিয়তই	3
ভুতূড়ে	3
স্থায়ীভাবে	3
আইলার	3
গোপনীয়তাকে	3
মেশিনটাও	3
যন্ত্রটার	3
পরকালের	3
চাঁপিয়ে	3
প্রাণচঞ্চল	3
ফিলিপসকে	3
পুণরাবৃত্তি	3
প্রতিবেশমুলক	3
টেনা	3
খেয়া	3
স্যুটটি	3
ভালোভাসো	3
আমাজনের	3
অটোমান	3
নোটবই	3
রক্ষণশীল	3
মারুর	3
মার্কসম্যান	3
মরদ	3
টাওয়ারটা	3
রসায়নবিদ	3
ট্রেইনম্যান	3
নিওর	3
ক্ষমাও	3
দৈবযোগ	3
পরেছিলে	3
রেহানা	3
আখতার	3
ঋত্বিক	3
নতিস্বীকার	3
বানিয়েছে	3
অর্ধঘণ্টা	3
বিশ্বাস্য	3
অনুরক্ত	3
মিটান	3
ডিম্বপ্রসর	3
বেরাচ্ছেন	3
ভাইজ	3
আসিবে	3
কোয়ার্টারের	3
পোঁটা	3
রচয়িতা	3
ফন্দিবাজ	3
লটকান	3
করেছিলা	3
মোকাবেলায়	3
নিষ্কাশিত	3
বন্দীর	3
রিপোর্টগুলো	3
এইগুলান	3
জিনিকে	3
সাজারও	3
নোটবুকে	3
অভিনেত্রীকে	3
জর্জও	3
মোটেলের	3
রিভারের	3
ব্যক্তিত্বসত্ত্বার	3
অক্ষাংশ	3
ইতালীয়রা	3
স্লোভেনিয়া	3
বেলগ্রেড	3
গ্রিটিংস	3
কেনটাকি	3
ধৃষ্ট	3
নাজমুল	3
অনুপ	3
নাইমুল	3
সর্বসাধারণের	3
টরটুগা	3
থমথমে	3
পুতুলী	3
পার্লের	3
আয়রে	3
টুইগ	3
বারবোসার	3
নামিয়ে	3
দস্যুরা	3
কইসে	3
টিয়া	3
খাইবো	3
মদখোর	3
ডুইব্যা	3
হালায়	3
কামারের	3
কোলার	3
হাজারগুন	3
জলদস্যুতা	3
নৈরাজ্য	3
থাবাগুলো	3
সেটুকুই	3
পাইরো	3
রাস্তাটার	3
ভ্রমে	3
ফায়ারওয়াল	3
চিল্লাচ্ছে	3
কাপাকাপি	3
নিচুতে	3
খেকে	3
হাতব্যাগ	3
লাটিমের	3
ধো	3
বৃস্টির	3
হিন্ট	3
পোস্টকার্ডটি	3
থানার	3
বানচো	3
পেপারগুলো	3
কম্যান্ডার	3
কারণটাই	3
খাওয়াচ্ছো	3
স্মরণকালের	3
আহবানে	3
অভী	3
বাড়তেই	3
নাচিয়ে	3
বেলিন্ডা	3
রুক্ষতা	3
ল্যান্ডমাইন	3
কট্টরপন্থীরা	3
এনজাইম	3
প্রতিষেধকের	3
আলভারেজ	3
মোজিতো	3
মাদকসেবী	3
ভেরিটি	3
স্টেরয়েড	3
পড়াটা	3
মৃদুভাবে	3
অ্যামেরিকানকে	3
বন্ডকে	3
টেট্রাগ্রামাটন	3
টেট্রাগ্রামাটনের	3
ইকুইলিব্রিয়াম	3
অফেন্ডার	3
নেদারে	3
ক্লারিকের	3
জুর্জেন	3
বাচ্চাদেরকেও	3
নিকুয়ানা	3
ট্রেডস্টোনের	3
উম্বাসির	3
আ্যলিয়েন্স	3
উম্বাসিকে	3
নিকিকে	3
রুমও	3
ডবিকে	3
উইজার্ড্রিতে	3
বকাঝকা	3
প্রফসর	3
নরিস	3
নরিসকে	3
ভেরতো	3
্যাভেনক্ল	3
ক্র্যাবল	3
আ্যরাগগ	3
আরানিয়া	3
এক্সোমাই	3
নিচ্ছিনা	3
মাকড়সাদের	3
ডাম্বলডর	3
রক্ষকের	3
রুনিকে	3
যেইদিন	3
ম্যাগুয়ার	3
র‍্যান্স	3
রাস্তাতেই	3
বার্মা	3
দেখাশোনায়	3
উইজার্ড	3
দাঁড়াত	3
পড়ান	3
নড়ছিল	3
স্বর্ণে	3
পানকারী	3
তালাশে	3
নামবেনা	3
আলখাল্লার	3
মনোবলের	3
তামাকাসা	3
অ্যাম্বুশের	3
চার্লজ	3
ইটালি	3
রুবিকনের	3
রাউন্ডেই	3
ভার্সনে	3
মাশিডোর	3
জ্যাব	3
পাড়বো	3
কম্বো	3
সিটিস	3
এরিয়ানাতে	3
চ্যাম্পিয়ানশিপ	3
দর্শকও	3
মসনদনামা	3
আশাইয়ের	3
ইলিরিয়ো	3
কাস্টারলি	3
হাতমোজা	3
লুউইন	3
বীরপুরুষেরা	3
রাজশক্তির	3
প্রেমলীলা	3
বাগদত্তাকে	3
মেয়েছেলে	3
মাইকাহকে	3
ডায়ারউলফটার	3
মাইস্টার	3
পায়সেল	3
ল্যানিস্টারকে	3
রাজপ্রসাদে	3
ক্যাথেলিন	3
কিংসেলেয়ার	3
থ্রোনে	3
স্যাডোক্যাট	3
ভোজোত্সব	3
ড্যাথোরাকিরা	3
রাখারো	3
হ্যানাওয়ে	3
ববক্যাট	3
কোবাল্টের	3
ক্রেমলিনের	3
এগরভ	3
মিত্রতা	3
হ্যানড্রিক্সের	3
মিসাইলকে	3
কোডকে	3
উইসট্রমের	3
হেল্পার	3
লেন্সের	3
ক্রোয়েশিয়ায়	3
গভর্মেন্টের	3
নাথ	3
অতই	3
প্রেমিকপুরুষ	3
জিলের	3
তুললেন	3
হাঁসকে	3
মিঁয়াও	3
হাঁসটা	3
তানা	3
ঝরাও	3
আনল	3
সন্ধিক্ষণে	3
কাঁদবো	3
জিনই	3
শ্মিডট	3
গিলো	3
খেতা	3
হ্যাভক	3
উদ্ভুট্টি	3
কোয়ার্টারস	3
দাগাতে	3
র্ক	3
সাইরেনের	3
নম্বরটার	3
গ্যালনের	3
জাক	3
খাড়ির	3
ঝুলাতে	3
ডিনেরিস	3
ডথ্রাকিরা	3
ঘোড়াসহ	3
রডরিক	3
বামনরা	3
ছোট্ট	3
নাচাতে	3
জারজকে	3
স্প্যানিশরা	3
টানও	3
ফার্স্টমেট	3
হতবুদ্ধ	3
ধর্মপ্রচারক	3
ভিতুর	3
খব	3
সাবধানী	3
পানপাত্রের	3
আলোড়োন	3
অশ্রুবিন্দু	3
চিড়া	3
বাল্ব	3
রাতলেজ	3
উন্মত্ততা	3
জিনটা	3
এরিনের	3
বেশ্যালয়ে	3
ইয়োরেন	3
বেঞ্জিন	3
গাঁধা	3
ল্যানিস্টারসরা	3
ভিসেরিস	3
ছুড়ির	3
ক্যাটেলিন	3
নীডল	3
উলটোটা	3
গাথা	3
চর্বিতে	3
আথজাহাকার	3
খরগোস	3
সিটাডেলের	3
বজ্রধ্বনি	3
চ্যা	3
মোমের	3
উচ্চতাভীতি	3
শ্রবণশক্তি	3
টেলিগ্রামটা	3
চাল্লু	3
পোষ্টকার্ড	3
নিন৷	3
ছিলেননা	3
রুথের	3
শশশশ	3
জারা	3
কৌতুক	3
আতঙ্কগ্রস্ত	3
ছেলেমেয়েরা	3
গাছবিশেষ	3
কোম্পানীটির	3
নব্বুই	3
জোয়ান	3
বস্ত্র	3
দাড়িয়ে	3
জয়মাল্য	3
বিমাপত্র	3
লবঙ্গ	3
ভাইডাল	3
তোরন	3
জম্মের	3
জ্যাকির	3
স্টেফানি	3
নিরীক্ষার	3
কানেফিক	3
কানবেরি	3
ব্রাঞ্চে	3
দিসস	3
কাউন্সেলর	3
একদিনেই	3
ওয়েন্স	3
কলোরাডো	3
স্তম্ভিত	3
প্যাঁচাতে	3
খাঁচাটা	3
প্রতীকটা	3
লাইভস	3
আদারস	3
তথ্যদাতা	3
অস্থায়ী	3
হেম্	3
পফ	3
সিল্যান্ডের	3
ড্রেম্যানকে	3
মাইনেকে	3
ব্রেখট	3
স্ট্যাসীর	3
হাইনরিশ	3
হাইনে	3
বুদ্ধিজীবী	3
ওয়াল	3
বিশ্বাসেই	3
গায়	3
জাঁকালো	3
ডেইট্রেক	3
অস্ত্রসজ্জিত	3
পাথরগুলোর	3
মনডেগো	3
লার্কহিল	3
সংশোধনের	3
ডেলিয়া	3
লংঘন	3
সহযোগিতা	3
ছোটোবেলা	3
বুঝুক	3
দেশুগুলো	3
অগাস্ট	3
রন্ধনপ্রণালীর	3
শেফদের	3
কুকবুক	3
রান্নাবান্নাকে	3
লেবুরও	3
নেকীর	3
যেরকমই	3
হাটছিস	3
মাশরুমটা	3
মিলাব	3
এ্যন্টেনা	3
স্বাদটার	3
কুকিং	3
গুস্তোটা	3
নির্ভীকই	3
পর্যালোচনার	3
বন্ধুদেরকেও	3
কুঁচি	3
আলফ্রেডো	3
ভাইজার	3
রাঁধবে	3
ঢেঁকিকে	3
টেঙ্গি	3
নয়তোবা	3
নাড়িয়েছিলে	3
মসলায়	3
ভবিষ্যতই	3
তালমিল	3
কোনজায়গায়	3
কোলেটের	3
রান্নাবান্নার	3
পাবলিসিটির	3
পাপিস	3
অসিয়তে	3
ওয়ারিশ	3
গুস্তোকের	3
স্টাইলও	3
আস্তিনও	3
দাগহীন	3
আ্যপ্রন	3
রুটিটেই	3
হর্স্ট	3
বসিয়েছিলাম	3
পম্পিডোর	3
বাবুর্চিই	3
কাস্টমারই	3
ছত্রাক	3
যেহেতুর	3
রেসিপিতে	3
সিরকা	3
চলছনা	3
মদকে	3
আক্কলের	3
খাছিস	3
কুড়কুড়ে	3
অল্পখানি	3
কটাও	3
স্বাদকে	3
আজপর্যন্ত	3
শোনায়না	3
পরিক্ষক	3
হিসবে	3
পাখিকেই	3
নীড়	3
আপনজনই	3
পাল্টানটাই	3
ভটভটি	3
চালিওনা	3
ফুচকার	3
লেখিনি	3
বয়ার্ডে	3
এইসবকিছুই	3
মাছটাও	3
বলেছিলান	3
বাবুর্চুর	3
প্যাটিস	3
ফুচকা	3
চটপটি	3
অসিয়ত	3
ওরটায়	3
দাতে	3
এহ্	3
পক্ব	3
গিলিনা	3
বেআদবির	3
রায়ই	3
কোলেটও	3
ইঁদুরটাই	3
কলোনিকে	3
অহং	3
মেন্যুতে	3
ফ্রোযেন	3
লিঙ্গুঈনিকে	3
শেফই	3
আটাকাও	3
ডেল্	3
রেমীকে	3
চুলোর	3
ক্রিটিকের	3
ক্রিটিককে	3
রন্ধনশিল্পে	3
ধ্যানধারণা	3
চুড়মাড়	3
রান্ন	3
রেপুটেশনও	3
বানানে	3
বাড়িভাড়া	3
ইনটার্নশিপের	3
ডেকেয়ারে	3
সম্পূর্ণটা	3
৪৭৯৬	3
বিল্ডিংগুলো	3
ফেলের	3
আনতো	3
রিবনের	3
সেইলবি	3
খ্রীস্টধর্ম	3
ফিবোনাক্কি	3
ছবিতো	3
ঠাকুরদার	3
টেম্পলার	3
টেম্পলারদের	3
ব্যঙ্গ	3
ক্রুশে	3
টেবিং	3
পরদাদার	3
প্রায়শ্চিত্তের	3
রোজলিনের	3
গ্যায়ার্ল্ড	3
গ্রীমালের	3
পিলিসিয়ার	3
জিওসাপ্পি	3
মুকুল	3
স্টোরাক্স	3
পাতন	3
ইনফ্লোরাসের	3
ড্রু	3
ফ্রান্সওয়াছ	3
বিবাহবার্ষিকীতে	3
হায়াতের	3
লেয়ন	3
ওইয়েদারবাই	3
টেপটি	3
প্রতিরোধক	3
বেছেছেন	3
১২১	3
লাওসের	3
প্যারেক	3
নুকরুক	3
রাইফেলটি	3
প্রপাত	3
খোমা	3
ওয়ালিয়া	3
পত্রিকাতেও	3
স্টিভো	3
খুলিয়েছে	3
অ্যালবেনিয়ার	3
জানতই	3
ডামেরজিয়ান	3
কেনেথ	3
রাজপ্রাসাদের	3
অভ্যন্তর	3
কতযির	3
ফ্রিটাউনে	3
ডায়মন্ডটা	3
মিথ্যাবাদি	3
আফ্রিকানরা	3
এঙ্গোলায়	3
৬৯	3
বাবুন্সদের	3
বুঝলামনা	3
যেইভর	3
এরকমটি	3
কোশ	3
আকাশকুসুম	3
দৌঁড়োও	3
ম্যাকআন্দ্রিস	3
বীরেরা	3
স্কটল্যান্ডে	3
করতেছস	3
মর্নি	3
ব্যালিওল	3
ওয়েলশ	3
টেইলরঃ	3
ওদিকটা	3
ট্যালবটঃ	3
এলাই	3
ট্যালবট	3
ভদ্রমহিলাগণ	3
টার্ম	3
দর্শাতে	3
সমারসেটকে	3
নিশ্বাসের	3
রাশোমোন	3
আকিরা	3
ডাকাতের	3
কিমোনো	3
লুপকে	3
খবরদারি	3
স্টিভেন্সন	3
স্বাস	3
এডলারকে	3
সারায়েভো	3
যোরান	3
স্কুলশিক্ষিকা	3
সারায়েভোতে	3
নির্ভানার	3
অসম্ভবই	3
সুপারমডেল	3
ততক্ষণই	3
গৃহশিক্ষিকার	3
আনাকে	3
তাশখন্দ	3
আর্গোশোভো	3
এক্সেলেন্সি	3
ডিভোর্সটা	3
সেরিওঝাকে	3
সম্মানহানি	3
টেলিগ্রাফ	3
পরীক্ষাই	3
অনলাইনেই	3
প্ল্যানিং	3
শুয়ারের	3
ছাত্রকে	3
তথ্যাদি	3
রকমেই	3
হৃদপিন্ডের	3
অলৌকিক	3
ম্যানুয়ালী	3
গৌরবান্বিত	3
ব্যাক্তিটি	3
পরিস্ফুটন	3
নিরূত্তর	3
হুইপ্লেশ	3
অনুসরণপূর্বক	3
গিয়ারের	3
রাপিড	3
ধুকপুক	3
শস	3
প্রসাদে	3
লিজার্ড	3
ফ্রেংকস্টাইন	3
জনিস্টাইন	3
জনাবড্রাকুলা	3
এসমারালদা	3
কোঁকড়ানো	3
লাবভ	3
উইনি	3
মাহবুব	3
ট্রেসারেক্টের	3
কিউবটা	3
আসগার্ড	3
চিতউরি	3
ইরিডিয়াম	3
ফৌজবাহিনী	3
সেল্ভিগের	3
কিউবটাকে	3
পড়িনা	3
কলকাতায়	3
পানিয়	3
সেপ্টার	3
ডিকে	3
গুভেরা	3
রডরিগো	3
স্প্যানডেক্স	3
গুয়েনের	3
ওস্কোর্পের	3
এন্টিটিউড	3
ব্রাস্ট	3
টল	3
রিংয়ে	3
টাইটরোপে	3
শিঙা	3
তাড়াহুড়া	3
টহল	3
কণ্ডরা	3
গোষ্ঠীরা	3
রাখাটাই	3
ভাস্করের	3
অভিমানে	3
হানাদার	3
শিল্পশালায়	3
অহঙ্কারে	3
ভোজবাজি	3
নেহাত	3
টায়রা	3
আত্মীয়ের	3
মর্যাদাপূর্ণ	3
এমনটাও	3
বাইফুর	3
বিল্বোর	3
বড়র	3
যোদ্ধাও	3
সেবাস্টেইন	3
চামড়ার	3
এংমার	3
ফুটলেই	3
ওয়ারজ	3
কাওলাক	3
মাফলার	3
জোসেপ	3
সাইমনকে	3
পন্ডিচেরিতে	3
ফরাসিরা	3
আনন্দী	3
প্রাণীটি	3
প্রাণীখেকো	3
বড়শির	3
শাল্লাহ	3
আবীরের	3
আবীর	3
তেলাওয়াত	3
গোঁফওয়ালা	3
মুসলমানগণ	3
নেতৃস্থানীয়	3
তাজবিদ	3
আব্দিল	3
সালেহ	3
আবদুল	3
হুব্বান	3
কাবিরান	3
আখেরাতে	3
চাকরিটার	3
চিনই	3
হচ্ছিলে	3
জাদুকরীদের	3
ব্লাককে	3
ভোল্ডেমর্টের	3
ডরমিটরিতে	3
৩৯৪	3
মায়ানেকড়ের	3
পার্চমেন্ট	3
গোলগাল	3
পেট্টিগ্রুকে	3
খেমটা	3
মন্ত্রীমহোদয়	3
শিশুদেরকে	3
পিটারসেনের	3
গুস্তের	3
এন্থ্যনি	3
এল্ম	3
লিভারওয়ার্সট	3
রোব	3
স্নায়ুর	3
রোগীরা	3
এ্যমনেশিয়ার	3
কাম্বারল্যান্ড	3
চিরতনের	3
স্কিয়িং	3
নিশি	3
রাইতের	3
শেয়ারগুলো	3
ভ্যালুর	3
জুবিলি	3
রিয়েলিটি	3
কোলাসানি	3
যোগেশকে	3
সুভ্যালক্ষ্মী	3
রাশিতে	3
ধুতি	3
উটি	3
জামাইবাবু	3
ভাল্লির	3
অর্জুনকে	3
অভ্র	3
ব্যাঙ্গালুরে	3
কুরুভিলার	3
আমিনি	3
সুনি	3
কইছেন	3
খুইলা	3
অহনই	3
দেহা	3
থাহে	3
ঐদিনই	3
পিল্লাই	3
এইজন্যেই	3
স্পাইগিরি	3
ঢ্যারঢ্যারে	3
কুঞ্জাপ্পপাস	3
ছাকুপুকাল	3
মারাথু	3
ফরিদাবাদ	3
রামপুর	3
পোস্টমাস্টার	3
করিয়েছি	3
ক্ষত্রিয়	3
চুড়ি	3
জিন্নাহ	3
রফিক	3
কল্যাণকামী	3
দরগাহ	3
গুটিয়ে	3
বাচ্চাতো	3
বাজ্রাংবলি	3
কোফতা	3
শূদ্রীয়ও	3
এম্বাসিতে	3
বানাইনা	3
বাবাতো	3
অনুসারি	3
চাওডা	3
ওরপে	3
ডুকেছে	3
আসেপাশের	3
শূদ্রীয়	3
সবেতে	3
কল্যাণময়	3
ব্লেককে	3
ফ্রানসিস্কোর	3
টেটোনিক	3
ফ্রানসিস্কোতে	3
জ্যামিতিতে	3
বুভেরা	3
বাহঃ	3
টাচিং	3
ওভারকিল	3
ল্লা	3
ভাল্লুকটি	3
বাচায়ালা	3
দুলাচ্ছে	3
খেক	3
উইন্সটন	3
থান্ডারক্লাপ	3
ন্যাস	3
ওহোওও	3
ঝুলানোর	3
ডেমের	3
এদুটো	3
ইয়র্কার	3
অভ্যুত্থানে	3
ট্রিমেইন	3
জ্যাকুলিন	3
সিন্ডার	3
আল্টোসি	3
ব্লোফেল্ড	3
পঙ্গুটাকে	3
পরিচ্ছদ	3
গোলযোগের	3
খুঁজ	3
কেবিনকে	3
মেটি	3
আততায়ী	3
মামলায়	3
শাসানি	3
ডেলরিগো	3
ডিজ	3
আর্নেস্টো	3
রেগুলেটরের	3
কাহৌয়া	3
দৌঁড়	3
ফিৎজ	3
ঘোড়াগুলো	3
মেয়েলোক	3
সাধ্যি	3
নানটাকেটে	3
হারপুনার	3
আবহাওয়ার	3
মিনিমাম	3
শিবজী	3
সিঁদুর	3
আমাবশ্যা	3
কাসি	3
কুন্তলা	3
মহেশ্মতিতে	3
গোলান	3
সিকান্দার	3
মঙ্গোলিয়া	3
সাজাচ্ছি	3
সাজাছি	3
হিচরে	3
দেওয়াবে	3
প্রেমও	3
আনিলা	3
মমতায়	3
রাজদ্রোহীকে	3
রাজদ্রোহী	3
সিঙ্গাপুরামে	3
দিলকে	3
মহাবীরের	3
শিবকেই	3
জন্মান্তর	3
অম্রেন্দ্র	3
মারতন্ড	3
হুইশেল	3
বীরতা	3
দুইচারজনকে	3
স্বপ্নীল	3
ঝরতে	3
শেয়ারের	3
আভাকাডো	3
ফ্রাঙ্কেনস্টাইন	3
কোত্তেকে	3
চান্দ্রিকা	3
জাডায়ি	3
দুঃখীত	3
পাথুর	3
রেগি	3
জাদায়া	3
চিন্নু	3
ধানক্ষেতে	3
ইতারে	3
হাজেরা	3
সেতি	3
শুড়ু	3
জ়্বী	3
মাতব্বর	3
আজিজরে	3
ইয়েমেন	3
কার্নোস	3
ফিরদাউসকে	3
রিডকে	3
ভুন	3
রিচার্ডস্	3
মানবি	3
ফিচার	3
মায়াকাড়া	3
চোরাবালিতে	3
আঁকছিস	3
৮৯০	3
৮৯১১	3
মেয়েটারে	3
স্যান্ডুইচ	3
উমর	3
স্কেচগুলো	3
কাঞ্চনমালা	3
কোজিকোডে	3
সমাজতন্ত্রী	3
কুঞ্জিভাই	3
কাঞ্চনকুট্টি	3
লাঙ্গল	3
কোয়িম্বাতুরে	3
কোঝান্ধাভেলু	3
পোনপাথিকোটাম	3
গিরিধারা	3
আরুমুগাম	3
পার্থসারথীর	3
কোঝান্দাইভেলের	3
খাইছিলাম	3
সোনোরা	3
রেজ	3
হুয়ারেজে	3
টুসোনে	3
ম্যানুয়েলকে	3
ডিয়াজকে	3
মেডিইন	3
সেথা	3
কোলকাতার	3
ভেদালামের	3
পঁনের	3
সমচা	3
কারাসবের	3
কুইও	3
টার্গিনের	3
পিরেনের	3
মাছওয়ালী	3
ম্যারিঃ	3
শম্ভুঃ	3
ম্যারিরে	3
কোকা	3
অশালীন	3
এলাচের	3
মিসের	3
চিচির	3
মিডিয়ামে	3
চাওডারের	3
হানরা	3
বাউচৌ	3
সেঞ্চুরিয়ান	3
পূবিলিয়াস	3
অ্যানকে	3
ভিন্টার	3
জানিক	3
হাতুড়ে	3
অপেরাতে	3
মরক্কো	3
ইথানকে	3
ইলসার	3
২২০০০	3
কিপলিং	3
পূর্বকল্পিত	2
আইনগুলো	2
ঝুকির	2
বিচারকগন	2
কুয়াশাচ্ছন্ন	2
ঢুকিনি	2
জ্বালান	2
উউ	2
জগের	2
বসাই	2
বাধ্যতামুলক	2
জ্ঞানহীন	2
বক্তৃতার	2
বাউন্স	2
ভদ্রলোককে	2
প্রসিকিউশনের	2
সিনেমাহলে	2
মরছিল	2
এপারে	2
মারামারিতে	2
সবাইই	2
চ্চা	2
গোছানোর	2
চেয়ারটি	2
কিনল	2
ছুরিটির	2
আইনবিরুদ্ধ	2
ঝরাই	2
গুরুত্তপূর্ন	2
কাদাতে	2
ভোটকে	2
দাঁড়িয়েছেন	2
উদ্দেশ্যকে	2
বাসস্থানে	2
কণ্ঠকে	2
চিল্লানো	2
কতক্ষণে	2
কল্পনাপ্রসূত	2
অব্যর্থ	2
মামলাতে	2
আশাপ্রদ	2
নির্দোষী	2
কৌতুকে	2
নামছিল	2
ঢুকেছেন	2
ঘটনাগুলোর	2
গনতন্ত্র	2
বিদ্যালয়	2
কুইন্সের	2
চেচিয়ে	2
টোপে	2
এগোনোর	2
অন্যত্রস্থিতি	2
১৯৫৪	2
আবরন	2
ইঞ্ছির	2
ইঞ্ছি	2
যাদেরই	2
ক্ষতটি	2
কেউও	2
নির্দোষে	2
খালাসের	2
ঘষতেছিলেন	2
ঘোলা	2
তিনেক	2
কাম্পফ	2
ভোদাইদের	2
ডেরিকের	2
আত্মজীবনী	2
এসাইনমেন্ট	2
কাম্ফ	2
লাগছিস	2
হাইস্কুলের	2
সমূহের	2
ন্যাঁড়া	2
পরিবেশক	2
ডেরেকের	2
টেপটায়	2
এলএ	2
কাউন্টির	2
ফায়ারম্যান	2
কর্মঠ	2
বর্ণগত	2
বিন্দুও	2
ফায়ারসার্ভিস	2
চিত্রটা	2
বালছালে	2
এলাকাটাকে	2
দুচি	2
আঁটছে	2
দোসর	2
ইসরাইলি	2
নীতিকথা	2
হিলারি	2
সুইনির	2
ধুমপানের	2
ছেলেপেলেদের	2
ধুমায়া	2
জানপাখি	2
মাখাও	2
দাঙ্গার	2
হানাহানি	2
পরিসংখ্যানের	2
গর্বিতও	2
পুলিশেরাই	2
আটকাল	2
কেকেকে	2
বান্দরকে	2
লিবারেলদের	2
কোর্টেই	2
ফুটপাতের	2
হাতদুটো	2
ধান্দাবাজ	2
কমি	2
নোটে	2
লিখবি	2
সিয়াটল	2
বিছানাগুলো	2
বুঝত	2
কড়াই	2
মেক্সিকানটার	2
মিচের	2
ছাড়বা	2
নিগার	2
কতটাই	2
শুইয়া	2
তাকাইয়ো	2
গন্ধটার	2
ফুরফুরে	2
ঝাড়ার	2
আচ্ছামত	2
সেলটিকস	2
বস্টন	2
মালিকও	2
মারসি	2
লুকাবেন	2
বিড়ির	2
আক্রমণটা	2
প্রশমিত	2
প্রীতি	2
ম্যাপল	2
শান্তিই	2
হাটাহাটির	2
আমারি	2
প্যান্টু	2
বার্লিবিফ	2
উজি	2
বোতামগুলো	2
হারামীটা	2
নামটার	2
স্টান	2
ফোনবুক	2
সংবাদে	2
বুলেভার্ড	2
মাইক্রোপ্রসেসর	2
রোবটেরা	2
দৃষ্টিকোন	2
তর্কাতর্কি	2
পরিণীত	2
ক্যাডিলাকের	2
কিডো	2
ভালোবোধ	2
টার্মিনেটরদের	2
রেকর্ডই	2
তত্ত্বীয়ভাবে	2
লোকটাও	2
টেররিস্ট	2
সমানই	2
করিইনি	2
চাইওনি	2
বেঁধেছ	2
টিকি	2
হইলোরে	2
কাইলকে	2
স্ক্রুটা	2
পসরা	2
লেখকদের	2
চিল্লাইতে	2
চিল্লাও	2
চিল্লাচ্ছো	2
ক্যাপটা	2
১টায়	2
দস্তখত	2
গড়িমসি	2
নিশানাতো	2
ছোলা	2
খেতেও	2
সহজও	2
মাথায়ই	2
নামিয়েছিল	2
পাঠার	2
মাছই	2
কুড়মুড়ে	2
চেষ্টাটাই	2
সর্বনিন্ম	2
নীতিমালা	2
গড়ন	2
বিজ্ঞানীরাও	2
বাইসেপ	2
ভেনিসে	2
ফাজিলটা	2
হেচকি	2
উল্লাসে	2
স্কার্টটা	2
মূখ্য	2
চাবিটাই	2
মেরীকে	2
উল্লুকটা	2
মাখাবে	2
বিচক্ষন	2
প্রতিক্রিয়াটা	2
বিদ্যালয়ের	2
রাতটায়	2
আমুদে	2
যুতসই	2
টায়ার্ড	2
তাপমাত্রাও	2
কুত	2
চ্যাম্বারে	2
বারন	2
চেকাপ	2
ওয়াটারের	2
মিছে	2
চাইছোনা	2
চার্টটা	2
ভাঙ্গাবে	2
ভেজার	2
ভাষান্ত	2
জাহাজটির	2
ঘুমাত	2
উল্টাতে	2
অ্যাঙ্গেলে	2
পার্টনাররা	2
ধ্বংসবশেষের	2
উপগ্রহের	2
গল্পগুলোর	2
নিদর্শনগুলো	2
চোরও	2
লভেল	2
সিবার	2
কালডিসে	2
১৭৯২	2
হীরাটি	2
রেকর্ডগুলো	2
তাহালে	2
অংশটির	2
পেসার	2
মোরেতিনিয়ার	2
জাহাজটিকে	2
ডোবাতে	2
মালপত্রগুলো	2
টিকিটগুলো	2
ফাব্রিজো	2
পেলেয়ার	2
রাজকীয়ভাবে	2
শুবে	2
এঁকো	2
উঠেছিলেন	2
আকারটা	2
দঢ়তা	2
ডাওসন	2
ফেব্রিজ	2
ব্র্যান্ডিতে	2
অন্তরর্ভুক্ত	2
কৌতূহলী	2
রাজকীয়তার	2
পাতাও	2
প্রশ্নটির	2
শিল্পি	2
ইচ্ছাকৃতভাবেই	2
পোশাক	2
প্রয়োজনবোধ	2
ইঞ্জিনগুলোর	2
সুমদ্রে	2
ডওসনকে	2
অ্যাসটর	2
ম্যাডলিন	2
গুগিনহাম	2
উপপত্নী	2
সুইপি	2
এখনো	2
তেমনিই	2
ভদ্রমহাশয়গন	2
কোরা	2
ট্রেডি	2
নিরাপত্তাহীন	2
হকলির	2
অশোভন	2
সরূপ	2
সারাবিশ্ব	2
নিদিষ্ট	2
হালের	2
আঁকেন	2
রোসকে	2
ইঁদুরগুলো	2
ধারণকারী	2
বাঁধনগুলো	2
অ্যাটল্যান্টিকের	2
উপহারটি	2
ভদ্রপুরুষদের	2
লুস	2
লুচি	2
মাম্মির	2
ডায়মণ্ড	2
লাঠিগুলো	2
গুগেনহাইম	2
ক্যাপিটিন	2
অলি	2
জেতাটা	2
জসেফিন	2
ভাসছিল	2
কেলডিস	2
হবিটোস	2
ফরেস্টাল	2
খোঁজাখুঁজির	2
অক্ষুণ্ণ	2
মিউজিয়ামের	2
র‍্যাভেনউডের	2
প্রত্নতত্ত্ববিদের	2
আ্যবনারের	2
খুঁজনি	2
নেপালে	2
খুঁজতাম	2
উইস্কি	2
মেরিনের	2
ম্যরিয়ন	2
শিরস্ত্রাণের	2
বানাল	2
তোমারটার	2
ইজলিস	2
বারস	2
মশালটা	2
জোন্সের	2
মশালগুলো	2
সাধনার	2
খোঁজের	2
হুলিয়া	2
সাধনায়	2
দেখাচ্ছেনা	2
মলির	2
ইবলিস	2
শেল্ভে	2
ধুলাবালি	2
শধু	2
কিডন্যাপারের	2
বক্সেই	2
মান্ধাতা	2
কনিশি	2
কাউবয়ের	2
মেনেছিল	2
পোঁছানোর	2
স্লিঙ্কি	2
আ্যলকে	2
চাঁদাবাজি	2
জাগিওনা	2
বার্নের	2
হুইলস	2
সিরিজে	2
কিনেনি	2
ছাপছি	2
শর্টকার্টে	2
বেরোলাম	2
ড্যান্সিং	2
প্লেয়ারে	2
ব্লাস্টার	2
মাইলেজ	2
কামাইয়ের	2
মাংসপেশি	2
হাইমলিক	2
বাগ্	2
পটিয়েছ	2
পোষ্টারে	2
ডার্ডনকে	2
থিয়েটারের	2
কলামে	2
ক্রান্তি	2
অণ্ডকোষ	2
স্টেলার	2
এডাল্ট	2
ইন্টেরিওর	2
গুল্মবিশেষ	2
জুসার	2
কাঁদলাম	2
ঘুমায়না	2
স্তনে	2
অসুস্থতাই	2
যক্ষ্মারোগের	2
ক্লোয়িকে	2
বাহিয়ে	2
রুপার্ট	2
যক্ষ্মারোগ	2
সতি	2
ছয়দিন	2
বাওয়েল	2
হ্যারে	2
কন্ডিশনারের	2
দির্ঘস্থায়ী	2
শূন্যতে	2
মডার্ন	2
হারের	2
ফলাফলটা	2
নিষ্পত্তির	2
মাপকাঠি	2
গৃহস্থালির	2
হ্যান্ডলার	2
রেফ্রিজারেটরের	2
প্রোজেক্টর	2
স্ক্রিনের	2
কর্মকান্ডের	2
প্রেসম্যান	2
ডেজার্টে	2
অনুগ্রহটা	2
তালাও	2
রেফ্রিজারেটর	2
আচে	2
ঈশারা	2
অপচয়	2
মডেলদের	2
শেষদিকে	2
আরসন	2
ডোরের	2
কার্যকলাপে	2
সৌখিন	2
সোডিয়াম	2
নাইট্রেট	2
অপরিণত	2
অন্যকিছুতে	2
সেমিঅটোমেটিক	2
কলিগদের	2
চেহার	2
মধ্যখানের	2
বিষন্নতা	2
রকস্টার	2
নারায	2
ইঞ্জেক্টর	2
কোনকিছুকেই	2
এ্যসাইনমেন্ট	2
অপক্ষা	2
হেসেল	2
পশুচিকিৎসক	2
মানকির	2
প্রতিভাবানও	2
বিরুদ্ধের	2
উন্নয়নের	2
পথচলা	2
খাঁদে	2
মাদারচোতের	2
চিকেনের	2
সেরকমভাবে	2
শুনবনা	2
আন্দাজা	2
ফ্র্যাঙ্কলিন	2
সুপারভাইজারের	2
শাখাও	2
বিল্ডিংগুলোতে	2
রংয়েরটা	2
আদেশটা	2
ম্যাস্কালিন	2
প্রশ্নগুলাই	2
উত্তরটাই	2
অফিসটাতে	2
মাচাটা	2
দুদিকেই	2
বাড়িওয়ালি	2
কম্পিউটারজনিত	2
অন্যটির	2
সওয়াল	2
জওয়াবের	2
দাসত্বে	2
ওয়ান্ডারল্যাণ্ডেই	2
সীটবেল্ট	2
প্রতিরুপ	2
ঝলসাচ্ছে	2
২১৯৯	2
প্লাগগুলোও	2
অবয়বকে	2
সৌরশক্তির	2
বিটিইউ	2
শস্যক্ষেত্রগুলো	2
মৃতদেরকে	2
নিয়মকানুনগুলোও	2
নিয়মগুলোর	2
খালেদ	2
ইমাম	2
গতিশক্তি	2
প্রথমবারে	2
ছুতার	2
সিস্টেমেরই	2
ঐদিকটায়	2
চুম্বকীয়	2
ট্রান্সলেটর	2
কোডগুলোও	2
চুলওয়ালী	2
ঢোঁক	2
করিঃ	2
অজ্ঞতাই	2
পাকাপাকি	2
পোচ	2
বাটিভর্তি	2
ন্যাটা	2
মুরগীকে	2
বাধাঁর	2
নিষিদ্ধের	2
নুডুলসটা	2
নির্দেশক	2
চামচটাকে	2
বাঁকানোর	2
ফুলদানিটা	2
চাক্কা	2
আপাদমস্তক	2
কৌতুকটা	2
টাগ্য	2
পরিবর্তনটাই	2
পোন্দে	2
ম্যাট্রিক্সই	2
এপকের	2
চৌবাচ্চায়	2
সুইচকে	2
নিওই	2
শূয়োরের	2
হবিই	2
প্রতিভায়	2
অচেতনভাবে	2
ব্যাচটাই	2
ম্যাট্রিক্সকে	2
মেইনফ্রেমের	2
বশেই	2
২১২	2
অনিবার্যতার	2
ওয়াবাশ	2
৩০৩	2
রয	2
ক্যাবটা	2
বদলাসনি	2
দুর্যোগপূর্ণ	2
বাধ্যকতা	2
প্রান্তদেশে	2
ব্রোঞ্জের	2
যুগটা	2
সর্বক্ষণ	2
ভাংবেনা	2
এলিভেটরের	2
নড়তেই	2
হেলেনাকে	2
বুয়ার	2
ভিলেজে	2
যেকারো	2
গ্রেনিংকে	2
রেইনবো	2
সতর্কতাই	2
ছোড়াছুড়ি	2
রিসেপশনিস্ট	2
হাজারগুণ	2
ক্লজ	2
ফ্রেন্ডদের	2
২টাই	2
হেডফোন	2
ভিএফএক্স	2
জার্নির	2
রীতির	2
সিনক্রিয়েট	2
সিকিউরিটিকে	2
সেলফির	2
পোশাকই	2
জয়রাম	2
মোল্লাপুরি	2
মোহনের	2
জুড়ি	2
স্বাচ্ছন্দ্য	2
ফলই	2
জনাবারা	2
প্রতিযোগীতায়	2
দম্পতিরা	2
কোরাইকানালের	2
বৈশিষ্ঠ্য	2
সাতশো	2
ট্র্যাভেল	2
ফ্রীতে	2
বেরিয়েছিলো	2
রিচেবল	2
ভালোবেসেছিলে	2
হায়াৎ	2
নিথ্যিয়া	2
যাচাইয়ের	2
২০০নং	2
নানির	2
ফিন্যান্স	2
পড়িয়েছিলো	2
ব্রুশারস	2
বিজড়িত	2
বর্ণমালার	2
রিস্কের	2
চরি	2
অরজিনাল	2
টদ	2
জয়ই	2
দর্শনাম	2
মামাই	2
ঢুকবা	2
জয়ও	2
আইশু	2
থ্রিল	2
কাকাকে	2
উঠিয়েছে	2
শত্রুই	2
সেফটির	2
জীবনসঙ্গী	2
বিগ্রহের	2
প্রতিবাদের	2
বাছাইকৃত	2
উৎখাত	2
মিলিশিয়াদের	2
আট্টো	2
মিয়ামিতে	2
সুধীমণ্ডলী	2
বত্রিশটা	2
হাতিয়ারটা	2
চাটাবো	2
হাউলওয়াদিগ	2
এক্সট্রাকশন	2
ম্যাকনাইটের	2
সামলাবেন	2
গানশিপ	2
সিজমোর	2
বালু	2
জনগণও	2
বার্বার	2
কণে	2
ধুর্বাল	2
হামভির	2
দলটাকে	2
অস্ত্রধারীরা	2
ওরিয়ন	2
স্ট্রুকারের	2
রোডব্লক	2
উইলকি	2
ইন্সট্রুমেন্ট	2
রুইজ	2
আহতকে	2
কনভয়ের	2
নাইটভিশন	2
ষোলো	2
পৌঁছালেই	2
ক্রিবস	2
বাঁধবো	2
বাঁধছি	2
একশোটা	2
ঘটনাস্থলের	2
সংঘ	2
হেলিকপ্টারকে	2
গুনার	2
গাড়িগুলোতে	2
ককপিট	2
বুঝবেই	2
ছাড়ছিলাম	2
১৯৯৬	2
শাহরিয়ার	2
ওয়াহিদ	2
জুনায়েদ	2
আসাদ	2
মুহতাসিম	2
সেজান	2
আংটিগুলোর	2
শিখায়	2
আংটিতে	2
আওতায়	2
ঘনিয়ে	2
আঁকড়ে	2
ইসিলডুরকে	2
আড়ালে	2
চায়নি	2
সেপ্টেম্বরের	2
পাড়ি	2
বিলবোকে	2
টিলার	2
শুভাকাংক্ষী	2
স্যাকভিল	2
বাড়িটা	2
স্মরণীয়	2
বোলজার	2
নির্জীব	2
বড়টা	2
ব্রেইসগার্ডল	2
গ্যাফার	2
আইডিয়া	2
জায়গাতে	2
পেরিগ্রিন	2
চাব	2
স্বত্ত্বেও	2
চালাকিতে	2
তাকের	2
ইচ্ছেই	2
সম্পত্তিও	2
নিয়তির	2
চড়া	2
ঘোচাতে	2
মজাতেই	2
তমসায়	2
নিয়েছিলো	2
গুহায়	2
বারাদ	2
ডুর	2
অবিচ্ছিন্ন	2
প্রলাপের	2
প্র্যান্সিং	2
সংঘের	2
পেতেছিলে	2
পাতিনি	2
শিগগীরই	2
মিনাস	2
কয়েকটা	2
দৌড়া	2
দাঁড়ি	2
পড়েনি	2
মৃতও	2
এগারোটার	2
উপড়ে	2
কিংসফয়েল	2
বিষক্রিয়া	2
অসতর্ক	2
আরউইন	2
সারুমনের	2
দুশ্চিন্তায়	2
মার্কউডের	2
বোধহয়	2
অভিযানেই	2
দুটোকেই	2
পাহাড়ে	2
ভগ্নাবশেষ	2
স্মৃতিচিহ্নের	2
স্বয়ং	2
এ্ররাগর্ন	2
নশ্বর	2
দাঁড়ানোর	2
করছিলোঃ	2
এলরন্ড	2
প্রান্তর	2
নিয়েও	2
মূর্খতা	2
এলফের	2
নয়জন	2
সহযাত্রী	2
তরবারিটিকে	2
বেড়াতে	2
নাচাও	2
মৌরিয়া	2
খাজাদ	2
জাগিয়ে	2
বৃদ্ধকে	2
পাসওয়ার্ড	2
দরজায়	2
জলকে	2
আতিথেয়তা	2
বালিনের	2
পালিয়েছে	2
আংটিটাকে	2
খে	2
পরিতাপ	2
দুনিয়াতে	2
ডংকা	2
গাধামি	2
ব্যালরগ	2
সেতুটা	2
ছুঁড়ে	2
সময়টা	2
যায়না	2
শয়তানকে	2
অন্ধকারেও	2
হালদির	2
এলভিসদের	2
একচুল	2
আতশবাজির	2
বর্ষার	2
প্রভুরা	2
বাকিদেরকে	2
উডল্যান্ডের	2
এলেনডিল	2
এলেসার	2
অনিশ্চয়তা	2
গোলকধাঁধাতে	2
পেয়েছিস	2
ছেলেগুলোকে	2
কাইজারের	2
রামন	2
রাসটি	2
টাকাতেই	2
বামদিক	2
জেলখানাতে	2
ইনকাদের	2
সমাধিতে	2
আবেগটাকে	2
ট্রফার	2
খেলাতেই	2
বাজীটা	2
বেলাজিওতে	2
মিরেজ	2
ঘুইরা	2
পেক	2
সাউলকে	2
আলসার	2
ধরছিলাম	2
গোল্ডফিশ	2
কাডওয়েলের	2
ডিলাররা	2
গুলাই	2
প্রাকটিসের	2
মেখেছি	2
ফলিও	2
চুরিতে	2
করাতেও	2
ঢু	2
ওশানের	2
রাবল	2
ভাবাভাবির	2
আহম্মক	2
কালিতে	2
দিসিলো	2
টেঁসকে	2
দেখাটাই	2
এমজিএম	2
সময়সূচী	2
স্লটে	2
পিঞ্চের	2
শেল্ডন	2
এস্কালান্তে	2
টার্ক	2
রোলারের	2
ইয়ারফোন	2
এলেভেটরের	2
ভৃত্যের	2
টারমাকে	2
সেডান	2
লেগের	2
সংমিশ্রিত	2
লাথির	2
ঝারুদারের	2
মারপিটের	2
লোকেরাও	2
আশিষ	2
দাশ	2
ঝালমুড়ি	2
সইরষা	2
মনেরও	2
গুলাও	2
যাইতাছ	2
কাইট্যা	2
বানাইছ	2
জড়া	2
টুনারমেন্টে	2
পুরুস্কার	2
এককোটি	2
দেইখাই	2
মক্কেলরা	2
টাঙ্কি	2
ভোঁটকা	2
শুন্যে	2
যৌবনে	2
জীভ	2
অলসের	2
পেপারটা	2
সেজদা	2
রেফরি	2
ফেন	2
পুরুনো	2
যুধ্য	2
খেলুক	2
ঝাড়ুদার	2
চালাকিকে	2
ফুটবলে	2
জুতাকে	2
সারাজিবনের	2
দেখাওতো	2
মাজ	2
ভাব্ব	2
কোঁচ	2
অতিত	2
লোভি	2
ফেডারেশন	2
থ্র	2
ইনজুরিতে	2
সহজই	2
ব্যারিকেডের	2
জুতোয়	2
কাবিলা	2
দুর্ভিক্ষে	2
গর্ভধারণের	2
অনুষঙ্গ	2
জয়যাত্রার	2
অনুভূতিতে	2
চিন্তাভাবনায়	2
দম্পতিদের	2
অতিক্ষুদ্র	2
শোককে	2
সাইবারট্রনিক্সে	2
ঘূর্ণিঝড়	2
ডানাওয়ালা	2
পিনোকিওকে	2
রোস্টে	2
১৬টা	2
আদার	2
চরমে	2
ডাস	2
ভেসেছে	2
ফকফকা	2
ক্রিকের	2
ফ্লেয়ারের	2
রমণীকে	2
বৈষম্য	2
বাইকার	2
বুড়োকে	2
সার্ভ	2
অভিনয়ই	2
ঈশ	2
খদ্দেররা	2
অর্কিডের	2
ঊষর	2
ভাসাচ্ছে	2
যন্ত্রকে	2
পরীও	2
টেনেছে	2
উভচর	2
হাস্যরত	2
গোছা	2
কাটিয়েছিলো	2
মনিকাকে	2
আলোছায়া	2
ঝাঁকানো	2
ততটাও	2
তৃনভোজী	2
তত্ত্বগুলো	2
জীবাশ্মের	2
করোটি	2
বাস্তববুদ্ধিসম্পন্ন	2
কথোপকথনের	2
র‍্যাপ্টররা	2
কৃত্রিমভাবে	2
অমসৃণ	2
ওড়ানোর	2
কেনাবেচার	2
সাঁ	2
জুয়াঁ	2
পালটিকে	2
নুব্লার	2
ওঁরা	2
টালির	2
ওয়েস্টগেট	2
সেটিও	2
হিল্ডেব্র্যান্ডের	2
ওদিকটায়	2
যৌবনের	2
তাড়নায়	2
জ্যোতির্বিদরা	2
ভাল্ব	2
মন্টানা	2
তোমান	2
মেমারকে	2
তারি	2
আফগানদের	2
সুষ্ঠু	2
সুলেরুন	2
ইনসানিয়াত	2
দুঃস্বপ্নে	2
নাজাফকে	2
নার্সারিতে	2
নামছিলাম	2
বোকাটা	2
রহমতকে	2
দিয়োনা	2
ফরাজ	2
সিগারেটই	2
দিচ্ছোনা	2
বাবাকেই	2
পোড়ানো	2
সেবাতেই	2
তিনমাস	2
আফগানিস্থান	2
আফগানিস্থানে	2
রেজার	2
আপানাকে	2
চিত্রনাট্য	2
মাজিদ	2
মাজিদি	2
সৈয়দ	2
বেহযাদ	2
কাজাজি	2
নদীও	2
তৃণভোজী	2
বনবাসী	2
শিকর	2
বিচ্ছিন্নভাবে	2
ধমকের	2
তীরটি	2
জাতিদের	2
হাড়কে	2
মদপান	2
বোতসোয়ানার	2
বুধ	2
সুরও	2
বাঁধিয়েছে	2
বোগার	2
পকর	2
ক্র্যাঙ্ককেস	2
দাঁড়াই	2
ক্সির	2
ব্যাগও	2
গণ্ডারটা	2
নিভিয়েছে	2
যানের	2
মন্ত্রীসভাকে	2
দেবতাও	2
বাটালি	2
পৌঁছবেন	2
শোকসভায়	2
বউদের	2
জানোয়ারগুলোর	2
পাওয়ালা	2
বনমানুষদের	2
হতভাগারা	2
কায়িক	2
মেয়াদের	2
মোটাম্বি	2
হাঁটাও	2
পাহাড়টা	2
অপহরণকারীকে	2
পাড়ানোর	2
ভিমরুলের	2
রোভারে	2
আসলটাকে	2
গণ্ডা	2
ফ্রিউডিয়ান	2
সিন্ড্রোম	2
ডিগরিকে	2
কিংসলি	2
নিমফারডোরা	2
সাড়িতে	2
মানাই	2
করবটা	2
সবরকমের	2
মিটানো	2
চেঁচাচ্ছ	2
নেভিলের	2
টানছেনা	2
নার্গলদের	2
কেয়ার	2
ক্রিয়েচার্স	2
খুঁতিয়ে	2
এক্সামিনেশন	2
সিলেবাস	2
প্রয়োগের	2
শিখবনা	2
জালিম	2
ডিটেনশন	2
অভিভাবকরা	2
লড়াইও	2
লাগাচ্ছেন	2
ধৈর্যবান	2
প্রতিরোধে	2
পড়াচ্ছি	2
চালছে	2
শিখতেই	2
সেডরিকের	2
সংগঠনকে	2
অমান্যকারী	2
লেভিকর্পাস	2
ফোঁড়ার	2
হারাতেও	2
নার্গল	2
বাছাইয়ে	2
আর্থারকে	2
যসি	2
কাতরাতে	2
ইটারদের	2
ফাজকে	2
বোম্বার্ডা	2
দিতামনা	2
লেজিলিমেন্স	2
প্রোটেজে	2
জ্যাকুইস	2
ছাপাও	2
পড়াও	2
লেখব	2
প্রস্তরযুগের	2
দানকৃত	2
নিয়মানুসারে	2
প্লাইস্টোসিন	2
মানুষতো	2
নৃতাত্ত্বিক	2
১৯০	2
বিষক্রিয়ায়	2
পাঠ্যপুস্তকের	2
ঘটনাবলী	2
পুনর্জন্মলাভের	2
টার্মের	2
শুকুরের	2
লিটিল	2
স্মারকলিপি	2
ক্ষিপ্রতা	2
একিই	2
ম্যাডিটারেনিয়ান	2
ব্যাবিলন	2
হাম্বুরাবির	2
বহির্ভূত	2
অবিশ্বাসের	2
ফাজলামোর	2
চিকিত্সক	2
গলাটিপে	2
সংযোজিত	2
চিরজীবী	2
কৌতূহলোদ্দীপক	2
পরিপক্ব	2
প্রাণীও	2
হারানোয়	2
সমগোত্রীয়	2
পিতৃতান্ত্রিক	2
সংস্কারে	2
ছাপ্পর	2
বার্ধক্যের	2
রহস্যে	2
বাইবেলিয়	2
অপবিত্রতা	2
উপদেশগুলো	2
নিয়মাবলীর	2
সাম্রাজ্যে	2
তকমা	2
সনাক্তের	2
অনুসারীরা	2
অসনাক্ত	2
জল্পনা	2
১৯২৮	2
অবিবেচকের	2
নির্জনে	2
শোভাযাত্রা	2
নির্ণায়ক	2
গুহামানবের	2
নেপোলিয়ান	2
প্রত্যাখ্যানের	2
হাঁটাচলার	2
স্বর্গদূত	2
জুতসই	2
সমষ্টি	2
ফর্মের	2
বিটোভ্যান	2
খ্রিস্টধর্মের	2
নিয়মাবলী	2
পুনরুত্থানের	2
থাকাটাকে	2
তিল	2
ঢিলার	2
শিখাচ্ছিলাম	2
পর্যবক্ষেণ	2
ছুটেছি	2
মিলিয়েছ	2
সাইকোলজির	2
কুকুরে	2
গ্রুবার	2
তানিয়া	2
অদিত	2
লাম্বা	2
কেওয়াল	2
টব	2
ছিরে	2
ওমলেট	2
নৃত্যরত	2
ম্যাথের	2
আকর্ষিক	2
বোনা	2
সাধাসিধে	2
ঋণে	2
বানানই	2
খুজতাম	2
রাশিয়ানের	2
সাইনের	2
দিওয়ালীর	2
পাঠিওনা	2
শয়তানকেও	2
সংস্পর্শ	2
পানিভর্তি	2
মিনু	2
আঁক	2
হাসবেনা	2
সংযোগ	2
ব্যাকরণ	2
উনমুক্ত	2
ওয়া	2
বুনি	2
বামচিক	2
কনা	2
স্বপনে	2
ফুলকে	2
মৃদুমন্দ	2
মুরুব্বী	2
ভাবনাহীন	2
আচ্চা	2
বানানও	2
অক্ষরকেই	2
ডিসলেক্সিয়া	2
ডিসলেক্সিয়ার	2
নিত্যদিনের	2
গুরুজন	2
অসমান	2
মূলধারায়	2
ডিস্কো	2
দুনিয়াতেই	2
ফেলেনা	2
শব্দবহুল	2
পরদা	2
আঁকাও	2
বাতাসা	2
অথিতি	2
বার্ষিকি	2
প্রচ্ছদ	2
শিষ্যকে	2
প্রোগ্রেস	2
দিবেননা	2
পাইপার	2
এভিনিউতে	2
ক্রেনের	2
জনবল	2
বেঁয়ে	2
হাতেনাতে	2
প্রাকটিসে	2
বাসিন্দাগণ	2
অস্বস্তিদায়ক	2
প্যাকার	2
আংটিটার	2
দৌঁড়ায়	2
ছাড়াতো	2
ফেলই	2
চুমোর	2
বিপের	2
স্ট্যাসির	2
এইলোক	2
ক্যারাডিনি	2
৬৪২	2
১০৭	2
বালুঝড়	2
চ্যাটের	2
১২তম	2
পিঠাটা	2
এডিটরকে	2
প্রতাহ্যার	2
কনোরস	2
পিন্ডের	2
বাহকের	2
স্টাফের	2
দ্যাটস	2
স্পাইডারকে	2
জিম্মির	2
স্যান্ডম্যান	2
ব্যাহত	2
শহরবাসীর	2
অবমাননার	2
ডুকলে	2
অর্গানাইজেসন	2
কন্ঠনালী	2
নিস্কৃত	2
শুয়ালো	2
হেতু	2
দ্বন্দ	2
সেক্রেট	2
মক্কেলটা	2
মিলিটিসিয়া	2
জনদের	2
মরাদেহ	2
তলাতে	2
সম্ভবতো	2
জেনকিন	2
চার্টার	2
বুঝছস	2
পারায়া	2
মিখাইলের	2
মৃতই	2
ট্রেনই	2
বাচায়	2
দূর্ভাগ্যক্রমে	2
এরেষ্ট	2
উদরে	2
বিছানাতে	2
অভদ্রের	2
বাহুর	2
৭ই	2
পলিটিক্যাল	2
বেনেফিট	2
চিপমঙ্ক	2
টমেটোর	2
ডিনারটা	2
পাল্টিয়েছো	2
লাইনস	2
কেডর	2
কমপ্যাক্ট	2
২০৩	2
ডানহাতে	2
মানান	2
২৪৫	2
ধ্বঃস	2
দৃষ্টিগোচর	2
ক্যাথেড্রালে	2
দড়জা	2
অবমূল্যায়ন	2
ফাঁসছ	2
স্বিদ্ধান্ত	2
ম্যাগাজিনটি	2
রাশিয়ানদের	2
রনির	2
খাচ্চর	2
ঢুকাব	2
মনোজ	2
নাচায়	2
সামহোয়ার	2
সামওয়ান	2
চাহে	2
রিয়ালিটি	2
খোয়াব	2
বুনু	2
রাং	2
ভিখিরি	2
সাঃ	2
মদীনায়	2
মালিকগণদের	2
দাসতো	2
শৈলীর	2
দাওয়া	2
যোধপুর	2
মাওলানার	2
তাবিজটা	2
তোওবা	2
পালনকর্তার	2
তোড়	2
সয়ং	2
চাসনি	2
ফ্লাইটেই	2
মাইরালবাম	2
নদীকে	2
প্রকোপ	2
পোষার	2
শাবক	2
বেরাবো	2
পরিবর্তিন	2
রিমাটা	2
ম্যানশনে	2
পাসপোর্টই	2
পূণ্য	2
ফায়ারিং	2
আয়নান্ত	2
পরাভুত	2
সন্তানসন্ততির	2
হস্তে	2
জায়গাটাই	2
পুতরে	2
পার্সিকে	2
গ্লুবার	2
এগুলোতো	2
গোশ	2
মরণশীলদের	2
ঐগুলোই	2
ছারপোকার	2
সবসমই	2
খোকার	2
রণকৌশলের	2
রুস্তম	2
পাতালপুরীতে	2
ডেমিগড	2
মেলেনি	2
একশটা	2
পারসিফোনির	2
মুক্তাগুলো	2
ঠাহর	2
আঁচিল	2
মেদুসার	2
জ্যকেট	2
ন্যাশভিল	2
শারিরিক	2
উগলিয়ানো	2
রানওয়েতে	2
ব্যাটেলিয়ান	2
কাসিনো	2
লেজে	2
কিছুসময়ের	2
জ্যকসন	2
গ্রান্ট	2
চড়াবে	2
আহে	2
ভাইদেরকে	2
দোহ	2
মুক্তায়	2
দ্বায়ি	2
অমনোযোগী	2
কেতলিটি	2
কেতলিটার	2
কেতলিগুলো	2
কাদামাটিতে	2
বেকম্মা	2
কেইসটার	2
জারিয়া	2
লালবাগ	2
ডাইনিংয়ে	2
টাইতে	2
স্মৃতিস্বরূপ	2
টয়লেটও	2
ব্রাইটলিং	2
ফেব্রুয়ারিতেই	2
প্রাপককে	2
প্রেরককে	2
সম্ভাবনাটা	2
ট্রেডাররা	2
বারান্দাটা	2
দিয়েছিলয়	2
মেসেজগুলো	2
বিলগুলো	2
অভ্যাসবশত	2
ঢোকামাত্রই	2
পেরোতেই	2
পুষিয়েও	2
বসও	2
ব্যাঙ্কাররা	2
পাষণ্ড	2
ক্রিসপিয়ানে	2
চেংহুয়া	2
গতানুগতিকই	2
ক্ল্যারিনেট	2
দেয়ালভেদী	2
বেদবাক্যের	2
ঘুলঘুলি	2
চাতালে	2
ইস্যুর	2
সংকেতটাই	2
সংকেতবিদ্যা	2
জিংক	2
র‍্যাজ	2
আঁকিনি	2
সিরামিক্স	2
ড্যালিয়ান	2
ফিরলেন	2
এ্যামেন্ডা	2
এস্কেলেটরে	2
নেমেছিলে	2
রিসিপ্টগুলো	2
দোকানটাতে	2
সংকেতটার	2
হকাররা	2
ইমপোরিয়ামে	2
ভ্যাটহীন	2
হাতটানের	2
কোনজন	2
ফ্ল্যাটটায়	2
চ্যাঁচাচ্ছি	2
ক্রীড়াবিদের	2
ইয়াওকে	2
পাত্রগুলোর	2
কাদাটা	2
লুকিয়েছো	2
ভিক্ষুকদের	2
পাচারকারীরা	2
আমাজে	2
লিয়াং	2
সিঁথি	2
পার্লার	2
বিশ্বাসভিত্তিক	2
কালোবাজার	2
পৃষ্ঠাতে	2
দুখিঃত	2
ডেইট	2
উঠতেও	2
ড্রিংকে	2
উদ্ধারমূলক	2
ধনুকটার	2
ফসকানোর	2
ওজনটা	2
ইয়াংজি	2
চন্দ্রস্নাত	2
মাইর‍্যালা	2
হিজিবিজিগুলো	2
সুপারমার্কেট	2
গ্যালারীর	2
ব্যবহা	2
উদ্যানের	2
ডেবিট	2
এনডব্লিউ১	2
চন্দস্নাত	2
হেয়ারপিন	2
খুনীও	2
এম্যান্ডা	2
চুকলি	2
মিলিলিটারের	2
ক্রীম	2
চামড়াটাই	2
জাপানীজ	2
বকছিলো	2
অন্ত্রের	2
এক্সট্র্যাকটর	2
বিবাহিতা	2
ধোঁকাটা	2
বোঝেননি	2
টিকবো	2
পশমের	2
নানাকে	2
জুটিয়ে	2
ইনসেপশনের	2
ওদেরকেই	2
স্বপ্নদর্শীকে	2
ইন্টার্নশিপ	2
অনুভবও	2
সাবজেক্টকে	2
বাস্তবই	2
গঠনটা	2
ঢালবে	2
পদার্থবিজ্ঞানের	2
বৈশিষ্ট্যগুলো	2
ফোনবুথ	2
কবকে	2
মোম্বাসায়	2
বৈচিত্র্যময়	2
কেমিস্ট	2
সিমন্স	2
খসানো	2
স্ববিরোধী	2
শহরও	2
কবের	2
পর্যটকদের	2
শীগগিরই	2
ধর্মপিতা	2
মরিসকে	2
খেয়ালও	2
ব্রাউনিংকে	2
শিখছো	2
যেতোনা	2
অবনতির	2
ঔষধটা	2
স্বপ্নদর্শীদের	2
অনাকাংখিত	2
বিমানটাকে	2
মুহুর্তগুলো	2
মুহুর্তটার	2
বিবাহবার্ষিকীর	2
সিডনীতে	2
মাইলসকে	2
শ্যাম্পেনটা	2
গিলেছো	2
ওয়ালেটের	2
নকশায়	2
জাগাবেনা	2
মরিসের	2
ভ্যানটায়	2
দলিলটা	2
কম্বিনেশনের	2
স্বতঃস্ফূর্তভাবে	2
টানলে	2
৫২৮	2
আচরণই	2
চালচলন	2
কিডন্যাপাররা	2
পাগলামিটা	2
যাওয়ারও	2
বাজলেই	2
থামলেই	2
হাসপাতালটা	2
কব্জাতেই	2
খাটাবো	2
বীজই	2
সন্দেহবাদী	2
অপরাধবোধে	2
অস	2
অসন্তু	2
করিৎকর্মা	2
নড়বড়ে	2
নখে	2
ভাগবো	2
বাঁশটা	2
জীবানু	2
জুডো	2
প্রকারে	2
পগার	2
চুতিয়া	2
মুতের	2
৫১২৪	2
করায়ে	2
রামরোয়ান	2
ডেলিভারীতে	2
বলানোর	2
ভুমিকায়	2
ডাক্তারী	2
বিষ্ফোরন	2
সদস্যপদ	2
স্বেচ্ছাসেবী	2
গুড়	2
বিধ্বংস	2
এম্বুলেন্সে	2
দুত	2
চায়নাটাউনে	2
পিচ্চিকে	2
পরিবেশিত	2
প্রার্থীদের	2
স্বপ্নও	2
এংগেজমেন্টের	2
ব্র্যাডি	2
রপ্তানী	2
হৃদরোগের	2
দাদীই	2
খেলটা	2
নাতনির	2
৭টায়	2
মহাধমনী	2
ইয়াম্মি	2
উদযাপিত	2
ওয়েলসের	2
বেরিল	2
কর্কের	2
ফেরী	2
ডিংগল	2
ঝামেলাকে	2
অস্ট্রেলিয়ান	2
কারাক	2
লালচুলোদের	2
কালসাপ	2
জমিয়েছে	2
হলঘরের	2
লাগাচ্ছিলাম	2
সৌজন্যতা	2
রেনোল্ট	2
কার্ডিওলোজিস্ট	2
ফেলানোর	2
ছুঁতো	2
ভদ্রবেশী	2
বিটকেল	2
তুলনাহীন	2
কুমড়োপটাশ	2
ইয়োহান	2
ব্যালিকারবেরী	2
স্টেজিং	2
বলেইছিলাম	2
ফিয়ন	2
ডায়ার্মুড	2
শ্যানন	2
মোহিত	2
প্রসংশা	2
রোদেলা	2
বংশকে	2
ঘুমোচ্ছেন	2
বাথটাবে	2
গোসলখানা	2
আয়ি	2
দাড়াও	2
এতোক্ষণে	2
একশবার	2
ইটালিয়ানও	2
আব্বুও	2
বড়দিনের	2
গাজরকুচি	2
ভাসছ	2
শিলাবৃষ্টি	2
বসছেন	2
চারঘন্টা	2
চুলকায়	2
করোই	2
হাংকি	2
পাংকি	2
ঘটনাবহুল	2
হবোনা	2
সুযোগসন্ধানী	2
জনম	2
ববটা	2
উদ্ধারকর্মী	2
উল্টোভাবে	2
লাগতোই	2
পাকিও	2
অলক্ষণ	2
মুছছিলাম	2
ধরছিল	2
বেলারুশ	2
সৌরজগৎ	2
ঢোকালে	2
শিরশিরানি	2
লাইলোটা	2
শাওয়ারে	2
স্টিকে	2
ব্লগার	2
সোসাইটি	2
বেইজমেন্টের	2
কাঁদছিনা	2
পেয়ালার	2
সৌজন্যসূচক	2
নতুনই	2
ফিতে	2
একজিমা	2
ভক্সহল	2
নকশাতে	2
বটুলাইনাম	2
কম্পার্টমেন্টে	2
মাজদা	2
বেঁধেছি	2
মাখামাখি	2
কলাম্বিয়ায়	2
পিনিকে	2
রূপচর্চার	2
রূপচর্চা	2
হচ্ছিলেন	2
দিতোনা	2
বোমাবাজের	2
আইফোন	2
তৃতীয়জন	2
ফ্যানদের	2
সাইটগুলো	2
জীবাণুনাশকের	2
রাউলের	2
এতোক্ষণ	2
দিচ্ছিলেন	2
সাউথওয়ার্ক	2
ওয়াটারলু	2
শ্বাসরোধে	2
মাইয়্যারা	2
ধরাই	2
ওয়েন্সেসলাস	2
কাটাচ্ছিলাম	2
জীবাণুমুক্ত	2
ধৈর্য্যের	2
শার্ল	2
আর্জেন্টিনা	2
চিত্রকর্মটা	2
সিঁদ	2
পয়েন্টস	2
বুদুর	2
চুদুর	2
থামিয়েছিলাম	2
পারবেও	2
সমস্যাগুলোকে	2
কাছেধারে	2
প্রভুভক্ত	2
পোড়াবো	2
বাছাগণ	2
দামাল	2
এনাফাইল্যাকটিক	2
ওনের	2
গাউচারস	2
ডিজিজ	2
পিয়ন	2
চললেন	2
বোঁটা	2
ঢিবির	2
সমুদ্রতীরে	2
চুদির	2
ক্লান্তও	2
মোহনা	2
এলাকাবাসীর	2
ঘোড়াগুলোকে	2
গ্রানাইটের	2
মোহনায়	2
খুনেরই	2
উৎপাদনে	2
বইটির	2
দেহটিকে	2
দাবিটা	2
মোচড়ানো	2
শিখেছিস	2
স্থানীয়রা	2
বায়েজিদ	2
খুরশিদ	2
লেখকই	2
এসময়ে	2
ঘামছেন	2
নমুনার	2
ঘোড়াকে	2
মনুষের	2
ওয়ারেন্টের	2
ঠাকই	2
ভোঁদাইটা	2
পিওং	2
গণধর্ষণ	2
ধর্ষিতার	2
আসামিরা	2
প্রতিবাদী	2
শোনাচ্ছ	2
ক্যাংকে	2
কক্ষনই	2
কিশোরীকে	2
যোনির	2
সঙ্গমে	2
পরীক্ষকের	2
আকে	2
মক্কেলকে	2
যথেষ্টের	2
ফিঙ্গারপ্রিন্টও	2
পাওয়াও	2
অধিকারই	2
সম্মতিতেই	2
বিশুদ্ধতা	2
চৈ	2
২০০৩	2
ছেঁকে	2
দেহটা	2
বাজতো	2
ক্ষোভের	2
গারুদা	2
চেরনাং	2
গুরা	2
অভিশাপটা	2
ফরমান	2
বন্দিকে	2
আয়োথায়া	2
অবসানের	2
উঠিয়েও	2
সিনেমাটি	2
হুমকিস্বরুপ	2
জাদুগরের	2
হোভার্টের	2
চেহাড়া	2
জাদুগরদের	2
ব্যালথাজারকে	2
হোভার্টকেও	2
জন্মদিনেও	2
ফোরে	2
স্টালার	2
গ্লুকোজের	2
তাড়াতাড়ই	2
মিরাকেল	2
সস্তার	2
অপ্রাসাঙ্গিক	2
গ্রীমবোল্ড	2
পুতুলটাকে	2
মুল্যায়ন	2
ডাউনটাউনে	2
ডাউনটাউনের	2
আনবিক	2
কম্পিত	2
মাইনকার	2
গ্রীমহোল্ড	2
হ্য়	2
টাদু	2
জাদুগ্রন্থ	2
ইতিহাসও	2
সোল	2
যোগাবে	2
কয়েলের	2
উপদেশক	2
ব্রেসলেটটা	2
চুলকানির	2
বাজিয়েছিলাম	2
মখা	2
আঙ্গটি	2
বাথরুমেই	2
মিরর	2
গ্রীমহোল্ডটাতে	2
জাগাবেন	2
ভাগিদার	2
একজনেরই	2
একত্রীকরণ	2
জাদুও	2
কন্টোল	2
বিল্ডিংএর	2
২০বছরের	2
ব্যালথাজারের	2
দিনগুলা	2
ড্রেক	2
পাটকেল	2
পিন্টো	2
ভিরোনিকাকে	2
মাগুর	2
বাচলাম	2
অ্যান্টেনা	2
ট্রিকের	2
এতকাল	2
খেলছিলো	2
ভালমতোই	2
সুইডিস	2
মেগা	2
দুঃচিন্তা	2
অভিনেতারা	2
দাড়াঁতে	2
অংকটা	2
সিনই	2
১৯৯৪	2
নারীসঙ্গ	2
প্রযোজক	2
বোবার	2
চুসবো	2
জিনিষও	2
তথ্যানুযায়ী	2
বাচ্চাকেই	2
একঝাঁক	2
অর্থনীতির	2
ভিকটিমরাই	2
জাতিটাই	2
উদ্দীপক	2
কমায়	2
ষাঁড়দের	2
কফিতে	2
স্টাড	2
সতন্ত্র	2
আনলেই	2
যৌনতার	2
মহিলায়	2
গ্রীস্মের	2
পিচ্চিটাকে	2
লালনপালনের	2
মিংহু	2
কাগজপত্রগুলো	2
লাভাণ্য	2
ভিরাপান্ডিয়ান	2
ভুখন্ড	2
দেখাইস	2
উঠতেছে	2
কাঁপছি	2
ভয়ভীতি	2
কৃষকই	2
চাটনী	2
চোখমুখের	2
পরিখা	2
চেহারাতেই	2
নিমের	2
আনিতাকে	2
মাদ্রাজে	2
পাগলীটাকে	2
লাগাইলি	2
ফাডায়	2
দিছিলি	2
নটরাজন	2
নটরাজনের	2
সুর্যোদয়	2
ঘুরিস	2
উটটা	2
ঘোড়	2
চোলারা	2
আরামেই	2
কাঁদবেনা	2
দেভার	2
ব্রত	2
ভিন্নকিছু	2
মলমূত্রের	2
অতৃপ্তি	2
মাতৃভূমির	2
বার্তাবাহকের	2
পৌছাবেন	2
ব্যাটালিয়নের	2
আলবাট্রা	2
স্ক্রাব	2
দূরসম্পর্কের	2
আত্মীদের	2
অ্যাডভেঞ্চারে	2
সবমসময়	2
ঔসব	2
গোবড়চন্ডি	2
সাতারাও	2
রেপিচিপ	2
যেসময়	2
খঞ্জর	2
লুকিয়েছিলো	2
হ্যাভেন	2
ড্রিনিয়ান	2
জেলেদের	2
ঘ্রান	2
লর্ডদের	2
কমলাটা	2
ছোকড়া	2
তলোয়ারবাজ	2
পাগলখানায়	2
পরবেন	2
কথাবলা	2
খড়ের	2
নার্নিয়া	2
ড্রাগনটা	2
বাচিঁ	2
বৈচিত্র্যের	2
নার্নিয়ানরা	2
দন্ডপ্রাপ্ত	2
পিশে	2
উপরটা	2
কেদোঁ	2
দারিদ্রের	2
ম্যাডনেস	2
সঙ্কটের	2
বাজরা	2
হয়রান	2
কুরআনিক	2
কুরআন	2
ক্ষুণ্ণ	2
স্টল	2
অনিয়মিত	2
সেচ	2
পড়লেন	2
অক্সফাম	2
বর্ষাকালে	2
গবেষণায়	2
সমষ্টিগত	2
প্রক্রিয়ায়	2
প্রবর্তিত	2
তাৎক্ষণিক	2
জৈববস্তুপুঞ্জ	2
অত্যাশ্চর্য	2
ঝোপ	2
আলেয়া	2
জনার	2
উত্সাহে	2
ওয়েলস	2
উপস্থাপিত	2
বৃষ্টিপাতের	2
অর্থকরী	2
নিদর্শনাবলী	2
কোস্টা	2
যায়গায়	2
উর্বরতা	2
মোড়ানো	2
নিরূপণ	2
সোলো	2
ঝুড়ি	2
সংজ্ঞায়িত	2
পূর্বানুমান	2
জীবনধারা	2
বিলটি	2
কণ্ঠভোটে	2
গানকে	2
হৃষ্ট	2
কিছুইতেই	2
সলিউশন	2
টিউবের	2
ফস্টারকে	2
চিকিৎসাও	2
পাদ্রীকে	2
ট্রাইফিল্ড	2
চমতকার	2
এলিসকে	2
রেনিয়ার	2
ছোট্টবেলায়	2
জমায়	2
তাপস	2
ঘটিকায়	2
মুসুলিনী	2
প্যাডেলগুলো	2
ব্রেকগুলো	2
চেনটি	2
চাকচিক্য	2
বাতকর্ম	2
চেরা	2
হলী	2
রান্ট	2
নুনু	2
পালিয়েছিস	2
ট্রাউজার্স	2
নিনোর	2
খোশগল্প	2
যৌনসংগম	2
দরজি	2
ধরাব	2
ব্যভিচারী	2
দলিলপত্র	2
ম্যাডোনা	2
কামার্ত	2
বেয়াদবের	2
আলবেনিয়ায়	2
নৈমিত্তিক	2
প্রাক	2
বার্ধক্যজনিত	2
বৃদ্ধর	2
ব্যাপৃত	2
খানকিটা	2
সার্ভিসিং	2
পৌরুষ	2
লুপেত্তা	2
ভালে	2
জিওভান্নি	2
শরণার্থী	2
অন্যসময়	2
শেষটার	2
গোডী	2
বিলাসিতায়	2
ভালোরা	2
শিখছিলাম	2
বস্তুতে	2
সুনাগরিক	2
দুর্বৃত্তই	2
শিল্পকে	2
যাদুঘর	2
আহহহহহহহ	2
এইইইই	2
তামায়	2
বাঁজাও	2
চন্দ্রের	2
খুশিতো	2
ফটোগ্রাফারকে	2
বাধাহীনভাবে	2
টাইফুন	2
মেগামাইন্ডের	2
ডিএনএর	2
ওপিট	2
এসছো	2
প্রথাগত	2
অন্তরীপ	2
খারাপরা	2
মলাট	2
জায়গায়তেই	2
মহামানবের	2
টাইটেনকে	2
পরিনা	2
রক্সেনকে	2
মরবোনা	2
হাঁয়	2
সর্ববৃহৎ	2
বানিজ্যিক	2
সমস্যটা	2
এক্টিভ	2
ম্যানসন	2
হ্যালন	2
অটোমেটিকভাবে	2
খোলায়	2
বাড়লে	2
গুলাগুলি	2
জমাটবাধা	2
বলতাছ	2
হেলা	2
কাটছ	2
আইডিটা	2
ঐখানেও	2
কার্যকারী	2
কামড়ই	2
চরকির	2
প্রানি	2
হবই	2
বেহুস	2
টিস্যুতে	2
তোমাদেরও	2
মাষ্টারদের	2
আবির্ভুত	2
খাড়ায়া	2
সম্রাটকে	2
তথাস্তু	2
চড়েছ	2
ইংকে	2
নানাভাইকে	2
লৌহ	2
ব্লেডের	2
বেইডোউ	2
বিনামুল্যে	2
মাংসপেশী	2
বিষক্রিয়া	2
স্যাজ	2
স্যাজের	2
দুঃখই	2
ফেডারেশনের	2
রৌপ্যমুদ্রা	2
আনতাছি	2
লিগা	2
উচিয়ে	2
মুষ্ঠির	2
পাঁড়	2
বিদেশীরা	2
কাকুকে	2
ঘটতেই	2
দেখছেনই	2
আত্মহত্যাই	2
দোষগুলো	2
বাড়িওয়ালীর	2
সফটওয়ার	2
গার্ডেনস	2
বনিবনা	2
চার্জারের	2
টিমই	2
ভাড়াতে	2
প্রেমিকরা	2
কার্ডিফে	2
লিখছিল	2
ছিটের	2
হোটেলেও	2
দশায়	2
নাটুকেপনা	2
হাডসনের	2
গার্ডেনসে	2
শিকারই	2
জড়াও	2
ল্যাসট্রাড	2
শোঁকা	2
মাইক্রোওয়েভের	2
মগজটা	2
থেমেছিলে	2
শার্লকই	2
অংশটাই	2
শেভিং	2
বেশিদিনের	2
বাতচিত	2
অপশনটা	2
বন্দুকই	2
একঘেঁয়েমি	2
দুষ্টের	2
শিরোমণি	2
বাঁধিও	2
ইউজারদের	2
উম্মুক্ত	2
সীমান্তকে	2
রিচারড	2
সুজোগ	2
ক্রাক	2
এলগরিদম	2
আরকেইডের	2
আপনই	2
অভিবাধন	2
মুক্তিদাতা	2
স্বৈরশাসন	2
ট্রনকে	2
আসেছি	2
উইদাউট	2
নিদারুন	2
শেখাচ্ছেন	2
এনকমে	2
সঙ্গির	2
মিনিটখানেক	2
গভির	2
অগ্নিশিখার	2
পদ্মফুল	2
লড়তাম	2
ক্লুকে	2
পুনঃপ্রতিষ্ঠার	2
লড়ত	2
চেকপয়েন্টে	2
ফাংশনের	2
কবলিত	2
কাস্টর	2
প্রমোদের	2
পার্জের	2
বেশভূষা	2
বাহনের	2
লেখেননি	2
পরিপূর্ণতার	2
জানাত	2
সরাচ্ছে	2
দুর্লব	2
বাচবেন	2
ত্রুটিমুক্ত	2
এসেগেছে	2
প্লানকে	2
নড়াও	2
যৌনাঙ্গে	2
পিয়ুং	2
ভাঙ্গল	2
মাগির	2
পস্তাবি	2
মারিসনা	2
খুলোনা	2
পিটার্সবার্গের	2
মানবতাবাদী	2
সিদ্ধান্তটি	2
সায়কভের	2
কোলেস্টেরল	2
চীজবার্গার	2
পেত্রোস	2
মাভরস	2
ক্লিয়ারওয়াটার	2
টাকলুর	2
দূরদৃষ্টি	2
কাঠখড়	2
ক্রোয়েশিয়ার	2
পিডা	2
উপকারি	2
কলাম্বিয়া	2
কলাম্বিয়ানের	2
হারামজাদায়	2
জিততেই	2
সারাটি	2
সেমিফাইনালের	2
মিটিয়েছে	2
প্রকোষ্ঠে	2
ঢুকবি	2
যাওয়াতেও	2
ফইন্নিরা	2
নিঃশর্ত	2
খুইয়েছি	2
চিনোই	2
ভেঙেছিলি	2
যুক্তিটা	2
বিপদগ্রস্থ	2
উত্তরাধীকারী	2
ধর্মযাজকের	2
সহানুভুতি	2
নির্মানের	2
পরামর্শই	2
প্রাণকেন্দ্রে	2
যেদিকের	2
নির্ভুলভাবে	2
তোমি	2
খুঁযে	2
পুরোহিতকে	2
পরিণামে	2
তীর্থযাত্রীদের	2
আয়ত্বের	2
ইতালীয়ান	2
প্রসংসা	2
সাহসীর	2
সমুন্নত	2
ডণ্ডায়মান	2
ঘোড়াটি	2
দামেস্কতে	2
যুদ্ধবন্দি	2
টাইবেরিয়াসের	2
সিদ্ধান্তহীন	2
নগরদুর্গের	2
এলাকাটি	2
উদ্যেশ্যে	2
শরবতে	2
ব্যাভিচার	2
পাপাচার	2
হিতোপদেশ	2
ভাগ্নের	2
রাজ্যভিষেকের	2
অ্যাক্রে	2
অ্যাস্কেলন	2
আহলে	2
ক্ষনিকের	2
সাঙ্গ	2
গাইকে	2
যুদ্ধার	2
কতোই	2
সীলটা	2
কুষ্ঠ	2
লক্ষিটি	2
গুঁজব	2
ব্যালিয়ানকে	2
পুড়াই	2
পরিজন	2
শহরেরই	2
ধুলিসাৎ	2
স্বিকারের	2
সৈন্যদেরকে	2
ব্যবসায়ীরা	2
বাঁধাকপির	2
চকলেটই	2
চিনির	2
ছাড়ানো	2
ক্যান্ডির	2
হাঅ	2
চাবিয়ে	2
ঐরকমই	2
ক্যাভিটি	2
কিনবি	2
১লা	2
ময়লাগুলো	2
পুতুলরা	2
চকলেটিয়ার	2
ফ্যাক্টরিতেই	2
কর্মীগুলো	2
প্রাইজটা	2
আত্মবিশ্বাসীই	2
এটাসেটা	2
জটলা	2
বাদবাকী	2
ঝাঁকায়	2
হালকার	2
পাইপগুলো	2
কাটুন	2
ভোঁ	2
শুয়োপোকার	2
ফাঁপ	2
পাইপটাকে	2
স্ট্র	2
লাঠিও	2
আবৃতি	2
নিঃসরণ	2
গ্রবস্ট্রপারস	2
ভালকথা	2
গামের	2
কোনোকিছুতেই	2
মচমচে	2
লাগারই	2
জ্যুসিং	2
জ্যুস	2
সুপারীর	2
তোতা	2
বন্ধও	2
গারবেজ	2
কলিংবেল	2
পুতুলদের	2
আবিষ্কারগুলো	2
ছবিকে	2
শিখালাম	2
পুলারে	2
পুলার	2
ফ্লেক্সিবল	2
ছাপালো	2
রাকি	2
আবহাওয়াটা	2
ফিরবোনা	2
ইয়াংম্যান	2
রাখালবালক	2
চাচ্চুকে	2
গুছা	2
খাবোনা	2
লাজ	2
করোতো	2
ছোট্টটি	2
করাস	2
আড্ডাবাজি	2
ঘুমোলে	2
শোনোনা	2
সম্বন্ধেও	2
গোলামির	2
চড়িয়ে	2
বিঁধিয়ে	2
কমিকসের	2
দোকানই	2
ভাল্লাগবে	2
অতটাও	2
হাসিখুশিই	2
ন্যাকামো	2
ছোকড়াটা	2
গুপ্তধনে	2
নিবাস	2
চীয়ার্স	2
যাওতো	2
ইব্রাহিমকে	2
দুর্বার	2
হাসিলের	2
দায়দায়িত্ব	2
থাকিতে	2
আয়তো	2
আগেতো	2
নার্সটা	2
গাড়িতো	2
মাঠটায়	2
আটকাতাম	2
ক্রোয়েসাস	2
স্যাররা	2
ম্যাশিনটা	2
আনিয়েছেন	2
বিনে	2
নিবোই	2
হলেনা	2
প্রয়োজনও	2
ঘ্যান	2
সংখ্যাও	2
প্রতিভাহীন	2
ফুটেজের	2
শুটিঙের	2
ম্যানেজারকে	2
মরিনের	2
ভদভিলেতে	2
গমন	2
কাঁদিয়ে	2
সুখ্যাতি	2
এংলেহর্ন	2
সমুদ্রযাত্রার	2
ক্যাবিন	2
ধীরেই	2
রুমটি	2
নিভু	2
এটিতেই	2
মেয়াদে	2
অভিযাত্রা	2
বোঁচা	2
স্কাল	2
বলশেভিক	2
ঘুরেও	2
সিঙ্গাপুরের	2
গতরাত	2
সেন্টে	2
মুমূর্ষ	2
প্রাচীরটি	2
শিলাখণ্ড	2
ঠেক	2
কৌতূহলের	2
কিম্ভূতকিমাকার	2
জনবসতি	2
চলচ্চিত্রটি	2
ক্যাবলগুলো	2
গিরায়	2
প্রাণীগুলোর	2
অপূরণীয়	2
সাহসীরা	2
জানোয়ারটি	2
সিদ্ধহস্ত	2
অস্টাশ্চর্য	2
নয়নাভিরাম	2
রেস্তোরায়	2
গরিলার	2
গাইছি	2
সোনাপাখি	2
পাঁয়তারা	2
পশুটিকে	2
নাগিনী	2
অমোস	2
নওজোয়ানরা	2
বিশ্বকাপে	2
বাচ্চাছেলে	2
মুখোশওয়ালা	2
মানুষেরও	2
দুর্বলচিত্তের	2
বক্সবেটন	2
ফিনিগান	2
মৃত্যুদায়ী	2
ক্ষেত্রবিশেষ	2
ভয়ংকরও	2
বাছাইকরণ	2
পেয়ালাতে	2
ছোটকালের	2
খ্যাত	2
পেঁচাকে	2
হাইল্যান্ড	2
ম্যাজিক্যাল	2
ডিনকে	2
আঁচড়িয়েছ	2
জানোয়ারে	2
কৈশোরের	2
ফায়ারবল্ট	2
নির্দেশটা	2
সুমহান	2
ডেলাকৌরকে	2
খানদানী	2
প্যাটেলের	2
সুরেলা	2
উদ্ভিদে	2
কথ	2
নিচ্ছনা	2
রোজিয়ার	2
চোখও	2
ক্রাউচের	2
ভলডেমর্টও	2
বাগিচায়	2
মৎস	2
ঝুকিয়ে	2
অ্যালাস্টর	2
বন্ধুত্বকে	2
হ্যালোইন	2
অ্যান্টার্কটিকা	2
পেঙ্গুইনকে	2
থার্মোমিটার	2
শুনছিনা	2
বলিসনা	2
গাইলাম	2
মাছুম	2
হরফে	2
মোরটি	2
হাসিনি	2
লেমুরদের	2
স্বঘোষিত	2
গিনিপিগদের	2
ঝোপঝাড়ে	2
অ্যাকমপ্লিশ্	2
রন্ধনপ্রণালী	2
পায়া	2
অতলে	2
উঠরে	2
আস্কার	2
কামড়িয়েছিস	2
কেল্লাফতে	2
আলসে	2
লাইফবোটে	2
হুংকার	2
একটাকেও	2
মাতাশ্রী	2
ল্যাটিনদের	2
দাড়িছাড়া	2
লুকাচ্ছিলাম	2
খালমারি	2
আলমারী	2
খালামারি	2
বেশিদুরে	2
গরমও	2
প্রতিদিনতো	2
স্কেট	2
স্নোবল	2
ক্রিসমাসও	2
ফনরা	2
ক্লান্তই	2
গুপ্তচররা	2
সামলিয়েছো	2
জিনারব্রিক	2
আদমসন্তান	2
ফনের	2
পিটারও	2
এডমান্ডও	2
হাউসকিপারের	2
কাদুনে	2
ফেলছেই	2
উইকেট	2
বাতাশ	2
ধাক্কানোটা	2
লুসিই	2
টামনাসের	2
যৌক্তিকভাবে	2
জেডিস	2
ভুলছিনা	2
দেখশুনে	2
নিশাচরে	2
এরাতো	2
কুলাতোনা	2
ফুরাবে	2
আপ্যায়নের	2
ভোদড়ের	2
রসগোল্লা	2
এছি	2
ব্যাজার	2
একপাও	2
আজগুবী	2
মুচড়ামুচড়ি	2
এবছরের	2
অঠা	2
বিরুধে	2
যুধের	2
ভোদড়টা	2
ফনটাকে	2
ছেড়েদাও	2
স্বাধীনতাকামী	2
মাথ	2
নারনীয়াও	2
আপনরা	2
ধনুকে	2
বাজাবেন	2
বরফও	2
বাস্তব্বাদী	2
শুনোনা	2
নদীরও	2
বিশ্বাষঘাতক	2
ঝাড়াঝাড়ি	2
রূড়	2
প্যরাভেল	2
সম্মানীত	2
ভবিষৎবাণীতে	2
যাদুতে	2
পরিবারকেই	2
খাটিও	2
আইনানুযায়ী	2
ধুলিস্যাত	2
এপর্যন্তই	2
বিশ্বাসঘতকের	2
সাগরীয়রা	2
দীপ্তমান	2
সৌরবাসী	2
অমায়ীক	2
আকাশবাসী	2
জাকজমকপুর্ণ	2
দমের	2
আলমারীতে	2
নড়াচ্ছে	2
হাসলো	2
বাতাসও	2
যথেস্ট	2
ভালোবাসোনি	2
কথাবর্তা	2
তারুণ্য	2
স্থূল	2
তিনগুন	2
কোমো	2
জায়গায়	2
চকচকা	2
মরনের	2
ভাবছিলা	2
ভাবতেছিস	2
ঠুং	2
রাজনীতিবিদেরা	2
ইনসাফ	2
ইনসাফের	2
ভীতদের	2
হারাওনি	2
আটকিয়েছ	2
আপিল	2
অপরাধই	2
ফ্যাডেন	2
শাহজাদা	2
রহমের	2
নির্মুল	2
ছাড়িনি	2
শ্যাডোর	2
আড্ডাখানা	2
বিষণ্ণতার	2
ট্যাংকি	2
জাস	2
মেন্টালি	2
বাচাচ্ছি	2
শিপমেন্ট	2
সেটারও	2
আর্লের	2
ব্যাবহারিক	2
ম্যাগন্যাটিক	2
কয়জনই	2
ক্লথ	2
কোটিপতির	2
বাজারজাত	2
বাদুড়ে	2
স্টায়েস	2
তলপেটে	2
পূজারি	2
নাটূকেপনা	2
পোলো	2
এমিটার	2
সরবরাহকে	2
পাগলরা	2
ন্যারোর	2
হেলুসিনেজন	2
কম্পাউন্ড	2
টীকা	2
নেইতো	2
ক্রেনকে	2
লেমানকে	2
আরখাম	2
আর্কাইভের	2
ওকালতি	2
রূপকে	2
আইটেমের	2
চামচাগিরি	2
দূর্নীতির	2
আমাদে	2
খুড়িয়ে	2
কাঠটা	2
চামচাদের	2
লরতে	2
ডাকতি	2
সকলকেই	2
মুসোলিনি	2
ক্যারা	2
আকাশপথ	2
সমুদ্রপথের	2
পিঁপড়াটা	2
ডিশটাব	2
পলাইয়া	2
হওনের	2
আছিলেন	2
পোলাগো	2
ব্র‍্যান্ড	2
বিয়েতেই	2
পাকনামি	2
কইরোনা	2
বন্ধুবান্ধবদের	2
পক	2
ব্যারনের	2
শুনছোস	2
কমরেডগণ	2
শোকাগ্রস্ত	2
নাগরিকরা	2
পিনিকের	2
জন্মগতভাবে	2
উড়োচিঠি	2
স্করদিয়াকে	2
কুদৃষ্টি	2
যাওয়াও	2
সবগুলার	2
এইরকমই	2
হাতায়	2
ফালাইসি	2
বেশ্যাপনা	2
কইসোস	2
ফাটাইয়া	2
মাদারটোস্ট	2
সাহেবই	2
আনিত	2
আগেরদিন	2
ছড়াচ্ছেন	2
বিচারিক	2
ভটকু	2
ঘর্মাক্ত	2
মিত্রপক্ষ	2
অকাজ	2
টাইন্না	2
মাগীগিরি	2
বেঁধেছে	2
মাইরালছে	2
আমরোসো	2
বেটারা	2
ফাঁকাই	2
পতিতালয়ের	2
সিসিলির	2
গুডমর্নিং	2
জাদুমণি	2
হাঁটছিলো	2
বলিরেখা	2
গড়িয়েছে	2
ইরতেফা	2
গুড়গুড়	2
জমানোর	2
হাঁসছানা	2
পেডোমিটারে	2
শরতে	2
ক্যারামেল	2
হাগা	2
ডায়নোসরের	2
কাকতাড়ুয়া	2
আশানুরুপ	2
জানাটাই	2
ফান্দে	2
এটুকুও	2
হয়েছেই	2
আমারর	2
প্রত্যাখান	2
মধ্যস্ততা	2
প্রযোয্য	2
আখিরাতে	2
স্ট্যান্ডে	2
নেইবারহুডে	2
সিসেরো	2
ওভেনের	2
একজনে	2
ছয়জনের	2
ভ্রূ	2
কুঁচকে	2
দালানে	2
নড়েচড়ে	2
আইরিশম্যান	2
জিমকে	2
বলদেরা	2
৪৬৯	2
অ্যালার্মের	2
কমান্ডেন্ট	2
আগাছার	2
হাসানোর	2
তোতলানো	2
বোঝালে	2
হালচাল	2
ডিসকাউন্টে	2
ডাইয়ান	2
আত্মীয়রা	2
ডায়েটে	2
ডেজার্টের	2
চিল্লাচ্ছিল	2
হিলের	2
অর্ধেকের	2
কামকাজ	2
কলাগাছ	2
৪২০	2
সামারটা	2
ডাইম	2
ছোঁয়	2
গিলেছি	2
সয়েছে	2
তৎপর	2
শর্টকাটে	2
সমন	2
স্বামীই	2
খুঁড়েছিস	2
পোলাটাকে	2
বেশিরভাগেরই	2
ব্যাটসের	2
ফ্রায়েড	2
কারুকাজটা	2
খেলেছিল	2
কিডে	2
শুদ্ধি	2
ম্যানিয়াক	2
খুঁড়ব	2
খুঁড়েছি	2
বড়িতে	2
রসি	2
রোসি	2
সঠিকটা	2
হারামিকে	2
টাইপিস্ট	2
গার্লিক	2
রেজর	2
সামলাতো	2
বাছুরের	2
কাটাচ্ছিল	2
হর্তাকর্তা	2
তালপাতার	2
গোদের	2
সালামি	2
শাদাও	2
প্যারল	2
হারামিদের	2
গ্রিবসের	2
ব্যবসাটা	2
বসতেও	2
মাতালটার	2
বাজাত	2
স্ট্যাকসকে	2
কন্টিনিউ	2
মাফিয়াগিরি	2
স্ট্যাকসের	2
মোরিস	2
মোরিকে	2
পিটাচ্ছি	2
বুলেভার্ডে	2
রকওয়ে	2
লুফথানসার	2
ভালিয়াম	2
ভিল	2
ভাজার	2
লয়েস	2
শালিকে	2
কেকই	2
জামানতের	2
পেতই	2
ছোঁয়নি	2
বেইমান	2
অ্যান্থনির	2
ব্রংকিয়াল	2
উইটনেস	2
তুলসী	2
কোকেনের	2
ঠগ	2
ফ্লাট	2
স্পেঘেটির	2
তমাল	2
রোগীটা	2
কারখানায়	2
বলেছো	2
ফাইজলামী	2
টানছো	2
নিউরাল	2
অর্থায়ন	2
জ্যামিতিক	2
ক্যালকুলেটর	2
লাগালো	2
টার্মিনেটরটি	2
ডাইসন	2
রাজপথের	2
কার্ডটি	2
ক্রামির	2
সন্দেহভাজনরা	2
ঢালুতে	2
দ্রবীভূত	2
নোটিস	2
ইউভিএ	2
মনস্তত্ত্ব	2
গ্রাজিউয়েট	2
ক্যানিবল	2
বুধবারের	2
সতর্কভাবে	2
বালটিমোর	2
সান্নিধ্য	2
পরনি	2
মিগের	2
আপত্তিকর	2
কম্যান্ড	2
৩১০৯	2
প্ররিশ্রম	2
লাইটা	2
ক্যারিয়ারকে	2
ভলিয়ম	2
সাক্ষ্যপ্রমান	2
বসালেই	2
ওজনই	2
এলক	2
পারকিন	2
সৌজন্যতার	2
সোর্সের	2
উচ্চপর্যায়ে	2
করুনাময়	2
ইন্টারর্ভিউ	2
তৃতীয়বারের	2
সেনেটরের	2
অফারের	2
অফারটি	2
অ্যানিম্যাল	2
মন্টেনিয়াতে	2
রিজেক্ত	2
ভিক্তি	2
অপব্যাবহারের	2
ট্র্যান্সসেক্সসিউয়ালে	2
পরিচয়কে	2
মাখবে	2
বাস্কেটের	2
বাস্কেটে	2
টেনেসিনে	2
লিওটেন্ট	2
হলফনামা	2
বাল্টিমোরে	2
জম্ন	2
খামারবাড়ি	2
খামারবাড়িতে	2
মেষশাবকগুলোকে	2
মেষশাবকের	2
পেমরিকে	2
ভয়ানকভাবে	2
স্যালাইন	2
্যানডম	2
কাস্টমের	2
কার্টন	2
জেম	2
কারুরই	2
ফ্যামিলিকে	2
ফ্রেডরিকা	2
পাওডার	2
দীর্ঘসময়	2
ফোঁসফোঁস	2
জ্ঞাত	2
বায়ুচালিত	2
সরবরাহকৃত	2
বিধিবিধান	2
অনাবিষ্কৃত	2
আরব্যান	2
বাধাগ্রস্ত	2
গুরুত্বই	2
মান্ধাতার	2
ভীতিজনক	2
ছিনতাইকারীর	2
এতদ্বারা	2
গ্রহণযোগ্যতা	2
ভোলালা	2
শেডিউলে	2
মূর্তিতে	2
চোরগুলো	2
চলছ	2
গতিই	2
নেকেড	2
হাপির	2
শেডিউল	2
রাদারফোর্ড	2
আতিথেয়তার	2
ফিকসের	2
বর্ণনানুযায়ী	2
সরোবোরি	2
শাসনে	2
মূল্যেই	2
আগ্রায়	2
কম্ফু	2
হহ	2
পরাটা	2
বিদেশিদের	2
তিতে	2
সরলতার	2
শোভনতা	2
জোক্কা	2
ডোমেহু	2
সোলে	2
মাটিনি	2
ডাং	2
সেবাটা	2
ফাইফাই	2
ছড়াচ্ছ	2
জীবজন্তুর	2
য়ু	2
স্বপ্নবিলাসী	2
হামিং	2
রেশিও	2
জিতুন	2
ভ্রাতৃদ্বয়	2
জুতাও	2
পোড়াব	2
হাসব	2
নিপলস	2
নিউজিল্যান্ড	2
ফিলিয়েসকে	2
কাটাকে	2
তুর্য	2
মুশফিকুর	2
মুশফিক	2
তানজিনা	2
হালাবচেহ	2
উদ্বাস্তুদের	2
আনিও	2
জিনেদিন	2
জিদান	2
আরাবিলে	2
ইরানি	2
ভরানোর	2
করিমের	2
রহমানের	2
রহিমের	2
জমিতেই	2
খুঁজেছে	2
হেনগোভ	2
বুশের	2
রিগা	2
পাল্টিয়েছে	2
সর্বোচচ	2
কুর্দ	2
বাইশ	2
প্যাসয়োর	2
রাখিও	2
৬৫০	2
হ্যানগোভ	2
দুশো	2
থাকিও	2
ঈসমাইলকে	2
অ্যার্থার	2
প্রাচ্যে	2
সারমাশিয়ার	2
ঋনের	2
পেলাজিয়াস	2
হাড্রিয়ান্স	2
গোয়েনের	2
প্যালাজিয়াস	2
তুলিনি	2
মহানায়ক	2
মরিয়াসের	2
ধর্মপুত্র	2
বোরকে	2
ভ্যানোরা	2
বাচ্ছাকে	2
পাহার	2
গোয়েন	2
কাংখিত	2
হরটন	2
পাদ্রি	2
আসতেছেন	2
গ্যানিস	2
বয়োজ্যেষ্ঠ	2
বাঁচাচ্ছ	2
লোকদেরই	2
প্রাচিরে	2
প্রান্তরের	2
শিখাতেন	2
পালাতেই	2
রিওয়ার্ল্ড	2
ঝরিয়েছি	2
লিফ	2
প্রাপ্তির	2
স্ট্রীম	2
স্ট্যাফোর্ড	2
লোমযুক্ত	2
রূপরেখা	2
কম্বোডিয়ার	2
কাঠুরিয়া	2
দিয়া	2
মনোনীতদের	2
বিছা	2
ক্যাটালগ	2
ভাস্কর্যশিল্পঅলংকৃত	2
শিলালিপিসমন্বিত	2
শবাধার	2
স্থিত	2
স্ল্যাব	2
পুনঃগঠিত	2
বউল	2
৯৪৩৫	2
সি৪২	2
ফরমখানা	2
কাস্টমসের	2
ঘোষণাপত্র	2
অরল্যান্ডো	2
আইবিআইএস	2
মন্টিরিয়াল	2
৭৪৬	2
ইমিগ্রেশনের	2
কার্যপ্রণালী	2
পাসপোর্টটাও	2
জেএফকে	2
সমস্যাযুক্ত	2
দোভাষীর	2
কর্তক	2
জারীকৃত	2
প্রজাতন্ত্র	2
চিপসটাকে	2
চিপসটা	2
আপেলটাকে	2
বহির্মুখী	2
প্রদর্শনি	2
জেনটি	2
মিস্ফিটস	2
নাইকি	2
গ্রেফতারও	2
ভাউচার	2
এইগুলিকে	2
৮৫৪	2
ওয়ার্সও	2
ইয়োট	2
কারিদের	2
পতাকাকে	2
পোডিয়ামের	2
পাবলিকদের	2
মালিকহীন	2
সেইদিনই	2
প্রক্রিয়ার	2
উদাহরণের	2
কলম্বিয়ান	2
শরণার্থীদের	2
থারম্যান	2
বাধছে	2
বুয়েনোস	2
এয়ারস	2
শুঁকছো	2
ব্রডওয়ের	2
মেইনিতে	2
ষ্ট্যাম্প	2
সহায়তাকারী	2
লিয়াসন	2
সহায়তার	2
লিয়াসোন	2
স্টেলিয়ন	2
ডেলরেস	2
শ্যালমনে	2
গ্রোচিস্তা	2
ইঔম্যান্	2
রান্ড	2
ধর্মসভায়	2
ইয়েওমেন	2
রেন্ড	2
ডুমস	2
ক্রুস্কাচ	2
সেচরা	2
প্রশ্নগুলি	2
আস্রয়কেন্দ্রে	2
ক্রেকোঝিয়ায়	2
রুমটাকে	2
ভুতকে	2
সংসারই	2
বিপার	2
ক্যানেলোনি	2
নাদিয়া	2
পজিশনটা	2
সময়ানুবর্তীতার	2
৪৫১	2
১২২৬	2
কার্নিশের	2
আলিটালিয়া	2
চিংড়ীর	2
রেভোইলি	2
এরোফ্লোট	2
কেভিয়ার	2
স্টেভি	2
ওন্ডার	2
নারিতা	2
হেলনা	2
গলধকরন	2
ইন্সপেকশন	2
অফিসগুলি	2
নভোরস্কি	2
কারগারে	2
প্যাসেঞ্জারের	2
নিউআর্ক	2
নিলিদ্রাগোভিচ	2
মেডিসিনগুলিকে	2
নিলোদ্রাগোভিচ	2
ক্রোকাজিয়া	2
মুসছে	2
এইগুলিই	2
আইল	2
ক্যানটায়	2
মাদ্রাসে	2
পুলিশটাই	2
হৃদপিণ্ডকে	2
২৭০৩	2
সি৪৩	2
১৪৯	2
বহিঃপ্রাঙ্গণ	2
হানল	2
এয়ারলাইনে	2
ঠিকানাগুলি	2
সিডিউল	2
খাবারগুলি	2
সেবারো	2
লেক্সিন্টন	2
এয়ারপোর্টেই	2
বাভারিয়া	2
১৯৫৮	2
সপ্তাহজুরে	2
কামিন্সকি	2
স্নুকিস	2
প্রতিজ্ঞাগুলি	2
ডানপন্থী	2
বিভ্রান্তে	2
জোসেফিনের	2
বারগুলিও	2
ডেলোরেস	2
তত্ত্বাবধানকারি	2
ব্যাজটার	2
সিপিবি	2
কর্তিতই	2
মূলরয়	2
বেবস্থাও	2
আঘাতকারি	2
ওটায়া	2
৩০৯	2
ঋণগ্রস্থ	2
সাহসটুকু	2
৮৬৫	2
ট্যাক্সিং	2
৮৬৬	2
ক্যাটিয়া	2
এক্সপ্রেসওয়ে	2
কুইন্সবর	2
এলবানিয়া	2
টোকিয়ো	2
গোলসন	2
মার্জের	2
পিটায়	2
কনডাক্টর	2
জাদুমন্ত্রী	2
হাউজকিপিং	2
সমাধিক্ষেত্র	2
বাবুর্চিকে	2
অনড়	2
রুবিয়াস	2
কাণ্ডকারখানা	2
ট্রিলনী	2
গেলামরে	2
ড্রেকোর	2
ধোঁয়াকে	2
বোগার্টরা	2
মনোরঞ্জক	2
পরবর্তিতে	2
লুপিনের	2
থা	2
ওয়ের	2
বুনে	2
পায়চারী	2
ফিলচের	2
ম্যানাজড	2
শ্যাকের	2
ম্যাকগোনাগলের	2
দুশ্চরিত্রের	2
পেট্টিগ্রূকে	2
গডফাদারও	2
চার্ম	2
আত্নরক্ষার	2
খুঁজত	2
বাকপিককে	2
ওয়াকিং	2
ত্যাগকে	2
কিছুট	2
পুর্বেই	2
ইঁদুরে	2
লিলিকে	2
বড়কিছু	2
ভুলবনা	2
ঝিলের	2
পরিবর্তক	2
হচ্ছিনা	2
আকাশেও	2
ম্যানেজড	2
চারগুণ	2
এয়ারপ্লেনের	2
খোদাইয়ে	2
হিউস্টনে	2
ডারবি	2
বারার	2
মোনোপ্লেন	2
স্ট্রাটের	2
ওয়াস্প	2
পেরেশানি	2
অকল্যান্ডে	2
উদ্যান	2
সাউন্ডের	2
ধ্বসের	2
বানায়না	2
নেমেছেন	2
এঞ্জেলসের	2
হিউজকে	2
রস্কো	2
রিভেট	2
ভ্যারিয়েটি	2
শেড	2
বরিস	2
আদিযুগের	2
ইউরোলজিস্ট	2
হাওয়ার্ডের	2
নির্বোধেরা	2
ক্স	2
আগামীকালে	2
সামলিয়েছি	2
শালীনতা	2
ভেঙ্গেছেন	2
বিমানচালনার	2
মাইলফলক	2
আলাস্কাতে	2
এভিয়েশনে	2
অ্যাবস্ট্রাক্ট	2
রুজভেল্টের	2
ডোবারম্যান	2
ডাশহান্ড	2
পেইন্টিংটার	2
নান্দনিক	2
বকবেনা	2
দেশপ্রেমের	2
লম্বায়	2
ব্রিনের	2
বৈশিষ্ট	2
ব্রেনসন	2
স্তনের	2
মাপা	2
স্ক্যান্ডালের	2
ছাপানোর	2
গ্যালিওন	2
ক্রিসমাসেও	2
নাওনা	2
কন্সটেলাশন	2
উঠালে	2
চলাটা	2
ফেইথ	2
লয়িকে	2
সামলাচ্ছে	2
গাড়বে	2
জয়েস	2
আস্তিনের	2
ডিফেন্সে	2
সিনেটরদের	2
শোয়	2
হাইড্রলিক	2
ঝাঁটা	2
উইলশায়ার	2
থুতনি	2
হারকিউলিসের	2
উড়ানো	2
কালভার	2
বস্তকে	2
উড়োজাহাজের	2
পর্বতকে	2
ট্রান্সক্রিপ্ট	2
সাজিয়েছেন	2
লড়ছেন	2
চমরী	2
মেহেরবানি	2
ট্রিপকে	2
বেলুনটা	2
রুটের	2
কামাবে	2
আপ্লূত	2
শোনান	2
লুটি	2
দেশভক্ত	2
ছুটেননা	2
করছনে	2
রৌদ্র	2
ফোর্সকে	2
উড়েনি	2
অনেকরকম	2
এঞ্জেলেস	2
উড়াব	2
যোগাযোগঃ	2
সিলেট	2
স্মরণশক্তি	2
মীমের	2
রাখবার	2
প্লাজার	2
অর্ধচন্দ্র	2
দেবেই	2
ঢুকলেই	2
নাপিতের	2
সারিকা	2
লাইনও	2
তাহসানের	2
বিষাদময়	2
পাতিল	2
লক্ষণগুলো	2
ডেস্কটা	2
শ্বাশুড়ী	2
মিথিলার	2
ওড়ালে	2
সওয়ার	2
গ্লু	2
ধমনি	2
স্মৃতিবিহীন	2
অস্বস্তিবোধ	2
৬টার	2
নষ্টি	2
রোজার	2
আনবার	2
গরিবখানায়	2
সেলাম	2
জোটেনি	2
পরিবারেই	2
আলাম্পনা	2
ততদূর	2
শাসনকালের	2
লাফে	2
অ্যান্টিলোপ	2
শেখাই	2
দৌড়িও	2
খেললেই	2
ভালোটাই	2
গোরস্তান	2
জাজুকে	2
পরম্পরায়	2
গর্জনটা	2
বুলবুলি	2
দেয়ে	2
মহাবিপদে	2
শেনজি	2
নির্দেশনায়	2
বিদূষক	2
নালাকে	2
সিংহই	2
আবালে	2
হলুম	2
স্বর্ণালি	2
নাড়ছে	2
নিরবচ্ছিন্ন	2
সভাসদ	2
পাথরটার	2
সারপ্রাইজটা	2
ওয়াইল্ডবিস্ট	2
দৌড়াচ্ছিলো	2
হায়েনারা	2
অতীতটা	2
জ্বলছি	2
আঁচলে	2
দানাও	2
জোনাকি	2
আমাদেরগুলো	2
সিংহরাজ	2
মানেটাই	2
গোলাচ্ছি	2
স্কারকে	2
মেরামতি	2
পেরোনোর	2
গোস্ত	2
দশগুণ	2
বাসাবাসির	2
হানিশ	2
১শ	2
রিডারের	2
সেস্ত	2
মতইঃ	2
মাশিন	2
জিনিশের	2
হেরোইনকে	2
শ্লাভো	2
অফদর্ফে	2
দর্ফে	2
কোরও	2
গুরুত্বপূর্ণঃ	2
লাঞ্চটাইম	2
ষ্টোক	2
পয়াসা	2
স্ক্যালিওয়াগস	2
ঝুট	2
করেছিলুম	2
ক্যাশিয়ার	2
স্নাপ	2
ক্রাকল	2
পাওনাদার	2
জন্যা	2
এসছ	2
পশ্চিমাঞ্চল	2
জটপাকানো	2
ক্রিঙ্কি	2
মরটিকে	2
ম্যাকগুয়ারেকে	2
চারটায়	2
ভাঁড়টার	2
খূব	2
পার্কহার্স্ট	2
স্ক্রাবস	2
বাক্তিগতভাবে	2
পিলে	2
লিভারপুল	2
দালালটি	2
কোথায়ও	2
পাখীগুলির	2
গোনাগুনির	2
জাঙ্কি	2
তাড়াহুড়ায়	2
আমস্টারডার্ম	2
ভাঁড়টা	2
গনহত্যা	2
ন্যায়নীতির	2
সট্রাট	2
জাতীয়তাবাদী	2
হেঁচড়া	2
পিলের	2
ঠেকলো	2
দেখসো	2
মুল্যই	2
শামুকে	2
উপায়ের	2
ব্রাইটন	2
কিংকিকে	2
বকতেসে	2
ডজি	2
টিপটোর	2
আ্যামবুল্যান্স	2
মর্টিমার	2
বস্তাভর্তি	2
কামিকাজি	2
থাকতোনা	2
দমকা	2
উপরদিকে	2
গুলিভর্তি	2
আরাধনার	2
বুঝদার	2
অতিথিপরায়ণ	2
বাচ্ছাগুলা	2
ঝড়বে	2
ব্যক্তিগভাবে	2
শিম্পাঞ্জিগুলা	2
নিপলের	2
বেজন্মাটা	2
শার্লটের	2
রেমোরা	2
জালিয়েছে	2
সামাজিকতার	2
জমালো	2
মন্ত্রির	2
বিনিয়োগই	2
টিম্বাকুটু	2
সল্পমেয়াদী	2
কম্যুনিস্ট	2
কম্যুনিস্টরা	2
অভ্যুথান	2
ব্যংক	2
হারবেও	2
তাঁরচেও	2
মাইসন	2
গ্র্যান্ডে	2
খানাপিনায়	2
লোকগুলাকে	2
শুনানোর	2
মালসহ	2
হিসাবরক্ষকের	2
মাজো	2
মধ্যদুপুরে	2
লরিগুলা	2
ডিউকে	2
ফস্ত	2
সেগুলির	2
জোগাড়ে	2
নেকড়েগুলি	2
ইউরোতে	2
মালগুলি	2
ডিলাররাও	2
জিনো	2
ভিকটিমঃ	2
গোওয়ার	2
মরটিমার	2
টাইলাররা	2
ইমিগ্রেশনে	2
মাংসলোভী	2
খেললো	2
ওড়ায়	2
ল্যারিকে	2
মেসডেমস	2
মশিয়ের	2
এনফেন্ট	2
বাঁয়ের	2
ড্রাগানকে	2
ইনটেন্সিভ	2
গেলাউস	2
তহবিলে	2
খেপিয়ে	2
কক্স	2
ফক্সক্রোট	2
বন্দিগুলা	2
ইন্ডিগো	2
ডিন্গো	2
বন্গো	2
পিছিনে	2
ঘইসা	2
এরিজোনায়	2
চিকিৎসালয়ে	2
নোংরামির	2
টাকাগুলি	2
আ্যান্জেলো	2
আডিওস	2
আমিগোস	2
মর্দন	2
হাঁসো	2
লাফি	2
সংখ্যালঘু	2
সন্মানের	2
পেটাবো	2
পালালাম	2
সাম্যতা	2
জেমস্	2
বোমাকে	2
ফোটানো	2
খসাতে	2
নেহায়েত	2
বাহমার	2
প্যাঁদানি	2
প্যানের	2
হাঁদারামের	2
৯২৯৩	2
দেয়ালটি	2
যতবড়	2
ততোবড়	2
বন্	2
দাসীর	2
চিপস্	2
বহিস্কৃত	2
ডিপ্রেশনে	2
খুজঁছি	2
মারাত্বক	2
অগ্নিবাণ	2
বেতনে	2
মানবিকতা	2
গনিতে	2
ফরেস্টে	2
প্রণয়িনী	2
নয়নখানি	2
জোয়ারে	2
দমে	2
টার্নিং	2
পেত্নীর	2
চিরদিনই	2
সেকেন্ডই	2
সাহসই	2
বৃদ্ধাঙ্গুল	2
চান্সপ্রাপ্তদের	2
গ্রূযিঙ্কারবেল	2
ন্যাটালি	2
একশনে	2
আর্কটিক	2
প্যারাডাইস	2
ইম্পসিবল	2
লিসাকে	2
জেলিতে	2
অসুস্বাদু	2
এ্যডভেঞ্চার	2
পাদা	2
সেভেনের	2
কাপকেক	2
চাচ্ছিলনা	2
নিবনা	2
থ্রো	2
বেরাও	2
শোপিস	2
সন্দেহভাজনদের	2
ফিটনেস	2
স্বরভঙ্গি	2
ডেটেই	2
জেলির	2
অস্ট্রেলিয়া	2
সাজিয়েছিলাম	2
খাটাস	2
পার্টনারকে	2
বিষনাশক	2
মেহেদী	2
ব্যাচে	2
সাথীর	2
প্রস্তাবনা	2
কাটতো	2
ভেনু	2
টাকেও	2
সুধীর	2
কণ্ঠের	2
চিনেও	2
টোথ	2
দেখিইনি	2
হেটো	2
ট্রিক্স	2
প্রিয়ে	2
তিরুপাঠি	2
ইয়েন্দামুরি	2
শ্রাবণীর	2
মিলিয়েছি	2
নাড়ালে	2
বদমাস	2
ঠকিয়েছ	2
ভুলছি	2
মুখই	2
কন্ঠটা	2
ছিনিমিনি	2
১২৬	2
মোবাইলেও	2
খুজছিস	2
ভালোবাসলো	2
তোড়াটা	2
খুশিটা	2
অসুবিধায়	2
শাড়ির	2
কোমরটা	2
বলিয়েছি	2
রিসোর্ট	2
আন্দামান	2
স্থলপথে	2
পাটানচিরু	2
এরনাকুলাম	2
গুন্ডাকে	2
দেখালেই	2
শাসিয়েছে	2
চোখেও	2
খাইয়েছিস	2
অপেক্ষায়ই	2
আমাদেরসব	2
ওরটা	2
হৃদয়টাকে	2
ইলেক্ট্রিকাল	2
প্যালেট	2
ট্যাং	2
অ্যাকুরিয়ামের	2
এগিথ	2
বেআইনী	2
হুমকিস্বরূপ	2
শোনামাত্রই	2
করেছেটা	2
ছুটিটা	2
অ্যাকুরিয়াম	2
জিনিসপত্রও	2
খায়েশ	2
ডিফেন্সের	2
২০শে	2
বানাতেন	2
ঈষ্ট	2
প্রতিবন্ধীত্ব	2
প্রডিউসারের	2
মাছদের	2
লোণা	2
পীনাট	2
আড়চোখে	2
অসংলগ্ন	2
নিবোনা	2
তথ্যপ্রমাণই	2
সাসপেক্টের	2
অস্বীকারও	2
ড্রইং	2
বীচ	2
ডেকার	2
ধ্যাৎতেরি	2
আলাদাই	2
হাদাঁরাম	2
পাজলটা	2
শুয়েছে	2
রই	2
মুজিবের	2
ইয়েনসিন	2
বডিগার্ডে	2
মালগুলোর	2
থিওরিই	2
কেমিক্যালি	2
রোগও	2
টেলোমরেজ	2
ফুর্তিকে	2
রিপিটার	2
অটোনোমাস	2
প্রপালশন	2
খানেরটা	2
ক্রিকে	2
শায়েন	2
বাহাদুররা	2
পাঠগুলোর	2
দিচ্ছেননা	2
বিমানবাহিনীকে	2
ডিভাইসটাকে	2
ক্যাসিং	2
মর্ডার্ন	2
শুন্যেও	2
পেনসিল	2
অতিমাত্রা	2
যন্ত্রণাও	2
বাম্বি	2
থেরাপিস্টদের	2
ব্রহ্মান্ডের	2
সমাটোসেন্সরি	2
বায়োলেক্ট্রিকাল	2
ইন্টার্নিদের	2
হাসত	2
শুহু	2
শখকে	2
গিফটকে	2
খরগোসটা	2
কিলিয়ানের	2
রোম্যান্টিক	2
কথাবার্তাও	2
ফেলছেনা	2
পুনর্গঠন	2
থার্মোজেনিক	2
ক্লাউড	2
সিগনেচারে	2
টেনেসিতে	2
মায়া	2
শুধ	2
মাউন্টেনে	2
টেনেসি	2
অনেককিছুর	2
রেটরো	2
হার্লি	2
বায়োলজিক্যাল	2
হেয়ারকাট	2
কাউকেও	2
রক্সন	2
একাউন্টেন্ট	2
সকে	2
ব্ল	2
স্পীডের	2
ম্যডাম	2
হার্লে	2
স্পীচ	2
ডিগ্রিতে	2
স্ল্যাটারি	2
গোপনতা	2
লাদেন	2
ষ্টেজ	2
এক্টর	2
উন্মাদকে	2
নওতো	2
ভাংলে	2
হেদার	2
ছোঁয়াছুঁয়ি	2
ভিউটা	2
গ্লাসটায়	2
শেখাচ্ছ	2
উঠনা	2
আমে	2
মার্কে	2
মূর্খদের	2
খেলনাও	2
এলেমেলো	2
গর্টজ	2
হর্কস	2
এর্ফ	2
থর্গজ	2
ক্রডসের	2
বুহ	2
ততদ্রুত	2
ঢুকবো	2
গুহাবাসীর	2
গোছলের	2
সূরক্ষা	2
ক্রিসপি	2
সন্তস্ত্র	2
মাফিকভাবে	2
ক্রিসপির	2
কৌ	2
তূ	2
বু্ঝেছি	2
থ্যান্ক	2
আলোচক	2
সার্কেলের	2
ছেলেতে	2
ঘুষার	2
আষাক	2
লেজই	2
ঘাষের	2
খেয়োনা	2
অতদূর	2
বাচবোই	2
কাকড়ার	2
কাকড়াটা	2
কাকড়াটাকে	2
উগগা	2
খাবরের	2
বাড়তিও	2
টুইষ্ট	2
চরবে	2
তক্তার	2
হেটো	2
তক্তায়	2
বন্দিবস্থা	2
গুহাবাসীদের	2
ফালাচ্ছি	2
সবাইকি	2
হুহুহুহুহু	2
লেটেষ্ট	2
টর্গ	2
পরিক্রমার	2
গ্রাগকে	2
স্নাপশট	2
এগোতে	2
থাকতো	2
শুনতো	2
শোনলে	2
প্রনোদিত	2
পরায়ন	2
রাগায়	2
এগুলাকি	2
বাচো	2
করো্য	2
কিন্তু্	2
সূর্যটা	2
ঝুকিপূর্নও	2
ছন্দের	2
পেয়োনা	2
সূর্যে	2
বাশি	2
বাজাচ্ছিলো	2
তামাটে	2
নিয়মটাকে	2
বেরসিকের	2
প্রীতির	2
টেন্ডুলকারের	2
সবুরে	2
মেওয়া	2
শুনোই	2
২৪৯	2
ইল্লে	2
টিসিও	2
বিভান্ত	2
আর্ঘ	2
দুর্গেশ্বর	2
পিগাথালে	2
কালনাম	2
গ্রামও	2
মরনাপন্ন	2
দাড়াবো	2
মাধি	2
বলতাছো	2
মিনাম্মার	2
হ্যাই	2
পাইয়ো	2
বলশালি	2
ব্যাকুলভাবে	2
বানীর	2
কাউয়া	2
লাচ্ছি	2
খাওয়ামু	2
আর্ন্তজাতিক	2
জলসীমা	2
দাদাই	2
ভালোমতই	2
পড়ছিস	2
চুইং	2
মিনাম্মাকে	2
ধুয়া	2
খাইতাছে	2
হিন্দির	2
বাপেরও	2
লাগছো	2
খুজতাছে	2
বাচাবো	2
ভিডামবা	2
কুনজাম	2
বেলতলায়	2
ভাগছি	2
মিথ্যাই	2
বেটির	2
ভাবতাছি	2
পতিদেব	2
জগিংয়ে	2
পরাবো	2
সর্ম্পূন	2
উৎর্সগ	2
সরলতা	2
ভালোদের	2
দেখালি	2
বাচাইছি	2
অন্যর	2
ভালাবাসার	2
আইকন	2
চিত্রা	2
পুনে	2
অন্ধকারেই	2
ব্রহ্মাণ্ডকে	2
বদলেই	2
ছেলেখেলার	2
মিডগার্ড	2
জন্মাধিকার	2
ফ্রিগার	2
থরের	2
প্রথমটায়	2
গোসলও	2
ট্যুরিস্টদের	2
ফোনটার	2
ট্রিলিয়ন	2
ধেত্তেরিকা	2
ইন্টার্নের	2
এল্ভদের	2
বহুরূপী	2
জগতগুলো	2
কয়েদীখানা	2
আরেকটাকে	2
স্পাইক	2
ম্যালেকিথকে	2
অসুরক্ষিত	2
আ্যসগার্ডকে	2
বানাবেনা	2
দুষ্কর	2
ওডিনের	2
আন্দাজের	2
আঁতেল	2
সংগমের	2
কেটোনা	2
স্টপে	2
তানলিয়ার	2
পরিষদে	2
ভোটাভুটি	2
দিকটাও	2
ক্যান্ডেললাইট	2
ব্যাজে	2
উম্মুখ	2
শরিফ	2
ক্যালেন্ডারে	2
ইরানের	2
ফ্রেঞ্চরা	2
রাফেলসন	2
মডিফাইড	2
ফিনারটিকে	2
২০০২	2
পালাচ্ছিলাম	2
সেশনে	2
সিমানা	2
ক্যাফেইন	2
বাচ্চাগুলোই	2
সনিক	2
মনরো	2
গভর্নমেন্ট	2
প্রতিষ্ঠাতারা	2
ডিম্বাকার	2
৪১২	2
১৪৭	2
ফায়ারপ্লেস	2
অপারেশনস	2
বাংকার	2
শিয়া	2
বৃটিশরা	2
১৮১২	2
ডাইনিংএ	2
র‍্যালি	2
ক্যাপিটলের	2
ক্যাপিটলে	2
প্যারিমিটার	2
শস্ত্র	2
করসস	2
রেসিডেন্সের	2
ভাডিম	2
মটশ	2
শাফট	2
সচিবকে	2
কলফিল্ড	2
কায়েদা	2
জ্যাভলিন	2
ভূপৃষ্ঠ	2
কর্তৃত্বে	2
শত্রুমুক্ত	2
ভ্যাডিম	2
বাসভবনে	2
বেইজমেন্ট	2
মরসে	2
বদমাশকে	2
দুরন্ত	2
মিলিয়নেরও	2
চেহারাগুলো	2
কায়েদার	2
অস্বিকার	2
ছাড়ছো	2
দৃশ্যাবলী	2
আমেরিকাতেই	2
অ্যাম্বার	2
লক্ষ্যবস্তুতে	2
জিম্মিদেরকে	2
ওহিও	2
চীফকে	2
অ্যাপলের	2
মরছিরে	2
অর্থলোভী	2
২৪টা	2
মিত্ররা	2
চাহ	2
টার্গেটেড	2
টাব্রিজ	2
নিশ্চিতকরণ	2
লক্ষ্যবস্তুকে	2
রণক্ষেত্র	2
উড়াচ্ছে	2
ট্যুরটা	2
পার্টিশন	2
থাইল্যান্ডের	2
নাড়ায়	2
শেখাচ্ছো	2
লড়তে	2
বিড়ালছানা	2
সত্যটি	2
এশিয়া	2
ছেঁটে	2
ফাইটারের	2
জনমে	2
কাতানার	2
অপরিমেয়	2
বোমে	2
ওখনে	2
মিরকুটস্ক	2
বাদ্য	2
ভগ্ন	2
ফারনেন্ডা	2
রমণীর	2
দেখছনা	2
গেইলের	2
কান্সাস	2
বেবুনের	2
জঙ্গলেই	2
সম্পাদিত	2
সুবিবেচক	2
রাজদণ্ড	2
হত্যায়	2
জাদুদন্ড	2
অন্ধকূপের	2
আড়ত	2
জন্তুদের	2
কাঠিটা	2
এগুবে	2
কুচক্রী	2
দেয়াটাই	2
উচ্ছ্বাস	2
খানখান	2
পাপাচারে	2
ভালোতো	2
বাধবে	2
পরাস্থ	2
আলভা	2
ফোনোগ্রাফ	2
ডাইনীরা	2
ফাঁকিবাজি	2
পপির	2
রক্তক্ষয়ী	2
চালকেরা	2
এমারেল্ডের	2
বোঝাপড়াটা	2
টোরে	2
হিডেন	2
সন্তানাদি	2
নরওয়ে	2
নরওয়েবাসীদের	2
ডেনমার্ক	2
হচ্ছেঃ	2
ফ্রাঙ্কেল	2
জঘন্যতম	2
ব্রিটস	2
চাবেন	2
ঐটায়	2
উঠোনের	2
উত্তরদিক	2
এরিকাকে	2
আস্কিল্ডসেন	2
নড়বিনা	2
করিয়েছিলো	2
হাতবদল	2
গ্রিনির	2
রুখছি	2
দেবালয়	2
অ্যানাবেথ	2
নিম্ফের	2
হানছে	2
ভবিষ্যবানীর	2
ভবিষ্যবানী	2
হারকিউলিক্সের	2
সহস্রাধিক	2
ভবিষ্যৎবাণীর	2
সেচ্ছায়	2
রুমালটি	2
দৈববলে	2
জেনারেলরা	2
সৈন্যরাও	2
দেবালয়কে	2
পলিফিউমাসের	2
প্রহরায়	2
মিস্ট	2
সাইক্লোপসই	2
ফ্লরিডায়	2
দস্তানার	2
রের	2
নেকটার	2
গ্লভারকে	2
ঝিমিয়ে	2
সাপেরা	2
ডেমি	2
ছেলেমেয়েগুলো	2
বাস্টস	2
নিমিষে	2
ব্রিগ	2
পিতামাতাদের	2
পরাজিতদের	2
পর্বতারোহী	2
দৈন্য	2
পাকস্থলির	2
পাকস্থলীতে	2
ক্লপসিস	2
জনকভাবে	2
২০তম	2
গান্টুয়া	2
এজাবেল	2
এডভেঞ্চারে	2
চান্দি	2
ঝাঁকা	2
আবেল	2
এলিমন্ট	2
যুগিয়েছি	2
চালার	2
ছাদটা	2
লুকিয়েছিল	2
শাখাগুলো	2
গলাবে	2
মহাশয়া	2
আনান্দঘন	2
শাবাস	2
রাজ্যগুলো	2
জরো	2
পাজা	2
বাইচা	2
চর্বিযুক্ত	2
থলথলে	2
এন্টিন	2
থকবে	2
থেতলিয়ে	2
টানাসেতু	2
যম	2
মহারাজকে	2
রক্ষণাত্বক	2
ভঙ্গিমায়	2
অতশত	2
সেনর	2
আসামীরা	2
মিটাব	2
বাচ্চাগোর	2
ইউনিটটা	2
সৈনিককে	2
খরেদ্দারের	2
করতাসিনা	2
হইতাসেনা	2
চলতাসে	2
থাকস	2
কালু	2
স্পোর্ট	2
এক্সপার্টের	2
দেখতাসি	2
এসকর্ট	2
লাগলনা	2
বুঝবার	2
বুঝবিনা	2
বেড়াজালে	2
টরিনো	2
ক্যাবলটা	2
টিমেই	2
স্বাধীনতাও	2
চারদিকের	2
পাখাটায়	2
জিযেইল	2
পুড়াইয়া	2
কদু	2
উশুল	2
অসভ্যতা	2
খাড়াও	2
নৌকো	2
হী	2
পালংশাক	2
ছাং	2
চপস্টিকটা	2
ফুলুরী	2
ঘণ্টাধ্বনি	2
বকচোদের	2
রাঁধুনী	2
লান	2
ঢুকায়ে	2
পিঁপড়েগুলো	2
স্টকহোম	2
ক্রিস্টো	2
রেখেছিলি	2
গোপনীয়তাই	2
চুতমারানীর	2
ইয়ুং	2
হোয়ানের	2
চিরতরুণের	2
এনেছিলি	2
আইডির	2
মিদোর	2
নির্যাতনও	2
সয়েছো	2
প্রিন্টিং	2
ক্লিনিং	2
৭৯	2
রেকর্ডটা	2
চিনলাম	2
এলবাম	2
গ্রেডও	2
০৫ই	2
ক্রিং	2
সউল	2
সুইমিংপুলে	2
জেমন	2
চৌষট্টি	2
শুয়েছিলে	2
রসকষহীন	2
গর্ভধারণ	2
আমারবোনএবংআমি	2
এতদ্দ্বারা	2
সংখ্যায়	2
হওয়ায়	2
বার্নিং	2
জাউ	2
বেঙ	2
যন্ত্রণাহীন	2
হুঁশিয়ার	2
রিউ	2
শিয়ং	2
রিয়ং	2
এবরাকা	2
নসীবে	2
দুরবস্থার	2
ধর্মগ্রন্থে	2
ন্যায়নিষ্ঠ	2
হেলালুইইয়াহ	2
মোক	2
পুনর্বিচার	2
প্রমাণগুলি	2
রেকর্ডসমুহকে	2
মনগড়া	2
কিরণের	2
জুদ্ধ	2
দুবারও	2
দোকানগুলি	2
ব্যাগটাই	2
বেক্তিকে	2
গালেও	2
চুমোও	2
মেয়েক	2
ধোয়াধুয়ি	2
খাচ্চোর	2
বিওম	2
সিও	2
আত্মাহুতির	2
১৯৬১	2
ইচেওন	2
আংকেলরা	2
অ্যান্টিরা	2
খূলে	2
২৮৭	2
২৯৮	2
৩০১	2
শূনো	2
৬৪৩	2
১৫৭৩	2
আদ্দেখলা	2
শয়তানগুলি	2
ঠকবাজ	2
প্রহরি	2
বেস্ততা	2
খাহ	2
আমন্তন	2
ফাঁসী	2
বিয়োম	2
ওখন	2
হেলুলুইয়াহ	2
মঙ্ক	2
পারোছ	2
বোদ্ধ	2
ঘিলুছারা	2
চুলগুলি	2
মিউন	2
কুলখানি	2
কোঁথাও	2
শিক্ষিকাও	2
৬৩৮৮০	2
বোয়াম	2
ইনিস্টেন্ট	2
নুদুলস	2
ভালোইওয়ালা	2
আলালের	2
দুলাল	2
বক্সই	2
বিস্কুটগুলি	2
বানরেরও	2
অশিক্ষার	2
ং	2
ু	2
জলদীই	2
ভরসাজনক	2
বেথা	2
পাপগুলি	2
রঞ্চালন	2
নির্বাহের	2
হেলিলুইইয়াহ	2
পেস্টোর	2
চোউ	2
ভাওতাবাজির	2
ওভাররুল্ড	2
বিবাদীদল	2
জেং	2
সঞ্চালনের	2
রক্তসঞ্চালন	2
পুনঃসক্রিকরন	2
পুনঃসঞ্চালন	2
পক্রিয়া	2
বুদ্ধিপ্রতিবন্ধী	2
কাগজগুলি	2
আত্মোৎসর্গ	2
নরাবে	2
করেো	2
জবানবন্দীই	2
দৃষ্টিকোণকে	2
আঘতে	2
পুরপুরিই	2
আসামীপক্ষের	2
প্রতিবন্ধকতার	2
মৃত্যুদণ্ডে	2
সত্যবাদী	2
ইলেকশন	2
মোরফিন	2
চুম	2
ছেমড়া	2
হুড়রে	2
আকবে	2
স্যুপটার	2
জাবার	2
বরবটি	2
অঙ্গীকারনামা	2
ডিউরিনের	2
রাজভান্ডার	2
সিঁধেল	2
ধাক্কাও	2
বলশালী	2
সংখ্যালঘুদের	2
লুটত	2
মার্কউড	2
এলভেন	2
জ্ঞাতিবর্গের	2
পরছায়ায়	2
নেক্রোম্যান্সার	2
এরেবরের	2
ঢালুর	2
এগোবে	2
পর্বতমালায়	2
সৌভাগ্যজনক	2
মিথ্যুকও	2
পায়জামায়	2
নক্ষত্রালোক	2
অজগরের	2
গুলডুরে	2
এল্ভসরা	2
অমূল্যবান	2
হেঁটেছি	2
ব্যাপারীদের	2
বার্গম্যান	2
ফাঁসেনি	2
আটকাব	2
কিনারার	2
ড্রামগুলো	2
উডল্যান্ড	2
পুরবে	2
থাকবেও	2
অনীহার	2
পানিতেই	2
গ্লোইন	2
মেলাচ্ছে	2
উইন্ডলান্স	2
গির্টন	2
মন্দকে	2
ডুয়ার্ফরা	2
ডেলের	2
উচ্চাকাঙ্ক্ষার	2
ছুড়েছিল	2
খাঁজকে	2
শূকরকে	2
দেখামাত্রই	2
সাউরন	2
অবশই	2
সড়াও	2
থরিনকে	2
সিকিও	2
টুকরোও	2
কামারশালার	2
কাউনছিল	2
জননেতা	2
প্রক্ষেপণের	2
হারাকা	2
জডের	2
জাতিচ্যুত	2
নভোযানটা	2
নভোযান	2
অনুচরদের	2
অনন্তকালের	2
এলের	2
রিগ	2
কানসাসে	2
সাঁতরাও	2
দৈব	2
জোনাথান	2
রাগছো	2
জোও	2
হার্ডই	2
সোভিয়েতের	2
অম	2
দৌড়াচ্ছো	2
গাঁধাটার	2
ল্যার	2
অ্যাম্বুস	2
জন্মাতে	2
বাদুড়ের	2
ওড়ে	2
বিড়ম্বনা	2
তত্বাবধায়ক	2
খোলক	2
চোয়ালের	2
উড়ছিল	2
শামুকদের	2
মুখপোড়া	2
ক্ষমাশীল	2
নিরবিচ্ছিন্ন	2
লিফম্যানদের	2
ফুঁটবে	2
মুনহ্যাভেনে	2
বৎস্য	2
কৌটা	2
ফুটতে	2
তরঙ্গের	2
একর্ণ	2
স্থানটিকে	2
ফোটোগ্রাফিক	2
মেমরির	2
পেজিং	2
সসম্ভ্রমে	2
কোলন	2
নির্দেশাবলীর	2
তাঁহাকে	2
নেভিগেট	2
জাঁক	2
পুঁজিবাদের	2
এনকোডেড	2
গসপেলের	2
স্কাল্পেল্	2
ক্রুপ	2
ভার্জিনিয়া	2
পুনরুত্থিত	2
বরফপূর্ণ	2
চরাবার	2
অট্ট	2
সিরি	2
ফেয়ারওয়েল	2
সীবনকারী	2
অপ্রাকৃত	2
পুঁতি	2
পাহারায়	2
এডভেন্ঞার	2
জয়ে	2
গার্গল	2
আর্মাগেডন	2
কবরকে	2
ফ্যারাওদের	2
ভারনন	2
অধ্যায়গুলির	2
স্নাতকের	2
বন্দিশিবির	2
ঢিলেঢালাভাবে	2
অ্যারিস্টট্ল	2
অপ্রভাবিত	2
অংশগুলি	2
মিলিয়ে	2
ইয়াহিয়ার	2
প্রতিলিপি	2
ক্লিয়ারিং	2
বেভেলড	2
ঘড়ির	2
বাড়ল	2
আইএম	2
কৃষিজমি	2
সিসা	2
ভার্জিনিয়ার	2
দ্বেষ	2
কামারশালা	2
ডেভন	2
মার্কুই	2
উচ্চভূমি	2
সাজসরঞ্জাম	2
মিতব্যয়িতা	2
প্রতিমুহূর্তে	2
ডিভন	2
স্ল্যাম	2
পূর্বাশঙ্কা	2
অগ্নিসদৃশ	2
পৃষ্ঠাগুলি	2
দোয়া	2
বিরচন	2
তাত্পর্য	2
খাত্তয়া	2
ভাঁড়িয়ে	2
তওবাকারিণী	2
আলোড়ন	2
বরাদ্দকরণ	2
কর্নওয়ালিস	2
নিষ্পত্তিমূলক	2
চেড়	2
ভাতাদি	2
তর্পণ	2
মৃদুহাস্য	2
মিলফোর্ড	2
পুস্তিকা	2
বচসা	2
ঘেনঘেন	2
প্রতিবেশ	2
কামশট	2
আয়াতসূহ	2
অন্তর্জগৎ	2
আধিবিদ্যক	2
পরিভাষা	2
ব্যয়ের	2
মাদুলি	2
রেডিয়েন্ট	2
রাজমিস্ত্রির	2
বাঁধলাম	2
ভয়েসেস	2
কয়েকবার	2
রেকর্ডকৃত	2
ট্যায়ার	2
ব্যুত্পত্তি	2
অবীগলের	2
জুড়তে	2
কৃষ্ণতা	2
মরেছেন	2
নিরঙ্কুশ	2
এঁড়ে	2
সাক্ষ্যরূপে	2
আনন্দপূর্ণ	2
ওয়ার	2
ভিতে	2
ধন্যবাদও	2
পারতা	2
আরমানির	2
জুকজন	2
ডোং	2
২৬শে	2
ডিগ্রির	2
পরীক্ষাগারে	2
ইউনিটই	2
কোথাওই	2
জনগণদের	2
বুংডুং	2
আক্রান্তরা	2
এভাইন	2
মানবদেহ	2
ভেরিফিকেশনের	2
দেখুনতো	2
শতাংশের	2
মোবাইলফোন	2
ফ্রম	2
২০৬৭	2
ইক	2
৩৮৯০	2
আশ্রয়কেন্দ্রে	2
৩৮৮৯	2
অধৈর্য্য	2
বাচাতেই	2
শালারপুত	2
শোচনীয়	2
লুকিয়েছিলে	2
ডাক্তারদেরও	2
সরবো	2
লরবে	2
ভাইরাসটির	2
সংবাদপত্রেও	2
কুবিলে	2
চেমিলি	2
নটি	2
মুসিবত	2
হাতমুখ	2
সাক্ষাতকার	2
ওষুধও	2
বেরিয়েছিল	2
পকেটেই	2
শরীফের	2
মনোবিজ্ঞান	2
বুরসা	2
শিখলেন	2
পথঘাট	2
পাহাড়েই	2
সাদাটা	2
হাসপাতালেও	2
হাটুন	2
পর্যটকের	2
মানুষগুলোই	2
এভাষায়	2
ওইদিকের	2
মৃগীরোগ	2
পরির	2
একেছে	2
বইয়েও	2
ডিসঅর্ডারে	2
জাদুটোনার	2
অবস্থায়ই	2
ডাব্বে	2
কোনোকিছুর	2
ইচ্ছাপুরণ	2
বাচালেই	2
সাতাত্তর	2
হিদায়েত	2
চারিপাশে	2
মানবদেহের	2
জ্বীনেদের	2
সম্পূর্ণরুপে	2
রেজমি	2
আরবরা	2
মরদেহ	2
ঘুমাক	2
ক্রসে	2
ঈসাকে	2
ঠুকতে	2
সংখ্যাটার	2
ঘুচে	2
বাচব	2
বেশিদুর	2
আঘাতজনিত	2
গীবত	2
কুলটা	2
স্বামি	2
ভুড়ি	2
ফারক	2
কাবাল্লা	2
নানাভাবে	2
মউলায়	2
ক্লাসিক্যাল	2
শিখালো	2
সেমেরকান্দি	2
একদিকের	2
ডুবলে	2
তুরষ্কের	2
কতগুলি	2
ভেড়াগুলি	2
মাশা	2
ইব্রুর	2
স্বাভাবিকই	2
কুবালদার	2
হুজুররা	2
চাদরে	2
চুনাপাথরের	2
সোলাইমান	2
ইসরাইল	2
আযাব	2
দাব্বের	2
প্রসার	2
ওয়েবে	2
হেদায়েত	2
ছবিগুলি	2
বাড়িগুলি	2
মনঃচিকিৎসক	2
রেমযি	2
আজ্ঞে	2
রেমিয	2
আহ্লাদি	2
ল্যাপটপে	2
জ্বিনেরা	2
ইব্রুকে	2
ইউসূফ	2
ওঝাকে	2
ইসিজি	2
ডায়গনিস্টিক	2
করভেটি	2
চালুর	2
বিশ্লেষণে	2
কম্পোনেন্টগুলোও	2
ধ্বংসস্তূপের	2
যাকিনা	2
জিনসটা	2
ফিয়ে	2
এয়ারলোক	2
রিয়েকশন	2
স্যাটেলাইটকে	2
এইমুহূর্তে	2
এক্সপ্লোরারটা	2
বারোটার	2
স্ট্রাকচার	2
দশমিক	2
শাটেলে	2
১৫৭	2
সয়োজটা	2
ফিউম	2
বকি	2
ষ্টেশনটা	2
আমাই	2
শিখায়নি	2
উপকারই	2
দিকই	2
দ্রত	2
খোট	2
জ্যানেটকে	2
এ্যাঞ্জেলেস	2
টাইমারটা	2
আশংকাজনক	2
মনোতত্বীয়	2
রিভস	2
নাম্বারসহ	2
ক্রেডিয়া	2
ট্রেসলারের	2
সাইনবোর্ডে	2
এ্যালমা	2
দ্রে	2
অরকেষ্টার	2
মাধ্যমেও	2
বেশীক্ষন	2
অধিকাংশরাই	2
থ্যাডিস	2
হৃদয়স্পর্শী	2
হারডি	2
জেসমিনের	2
স্নাফলস	2
থমসন	2
কুশম্যান	2
আর্মিটেইজ	2
বাল্যকালে	2
রূমের	2
ক্লেয়া	2
দুইপাশেই	2
বাধানো	2
নড়চড়	2
জলাশয়ে	2
দাসীদের	2
মাপকাঠির	2
ভুমিকম্পের	2
এ্যাবরা	2
তুলতুলি	2
সম্পূর্নভাবে	2
বাক্সটাকে	2
আশাকরছি	2
সবারটা	2
ক্লেমেন্ট	2
রবার্টসন	2
খামটি	2
ইত্যাদির	2
চিহ্নটাকে	2
বিভ্রান্তিতে	2
ভয়গুলো	2
সম্পুর্নভাবে	2
বুজেছো	2
বর্হিগমন	2
গেলো	2
উচ্চগতির	2
৫৯তম	2
উম্মোচিত	2
ইভানস	2
টানছিলো	2
সার্ভারের	2
অযোগ্যতা	2
নিয়েছো	2
টলাতে	2
এ্যাটলাসঃ	2
মেজরের	2
এফবিআইকে	2
ভঙ্গিমা	2
পূনরায়	2
তত্ব	2
আত্ন	2
করতো	2
অন্যদিনের	2
ম্যাচিং	2
প্রযোজকঃ	2
ঘটাল	2
শৈথিল্য	2
সাংহাইকে	2
অথারিটি	2
বেরসিক	2
বিচিই	2
ঝিঝি	2
ভায়াগ্রার	2
চালিয়েছিল	2
সানগ্লাসের	2
ভাবসাবই	2
এডাও	2
থাবড়া	2
আন্	2
ডাটাই	2
আবালগুলো	2
বিড়ালে	2
ঘেটুপুত্রদের	2
মিয়াঁর	2
দাফনও	2
কালিই	2
ভুরিভোজ	2
রক্ষিতার	2
আসনটি	2
নর্থমুন	2
নর্থমুনের	2
জেইবামের	2
স্পটটা	2
ঘামানো	2
কামাস	2
রাগিস	2
ভজঘট	2
ধান্ধাটা	2
মর্	2
বান্দির	2
টিনেজ	2
ঢালি	2
আবালচোদারাও	2
প্রটোকলের	2
শিডিউলটা	2
সবুজেই	2
পানিপথের	2
হিউং	2
গুকে	2
গোল্লাছুটের	2
ঠোলা	2
ছুঁচোদের	2
যথাসময়েই	2
লোকগুলোকেই	2
লাগাবেন	2
জংলিগুলোকে	2
গোনে	2
তৈলমর্দন	2
গেলাবো	2
ঘাবড়াস	2
চানেরা	2
হাভাতের	2
ফিরনি	2
পয়সাটাও	2
খেলাপ	2
জংলিগুলোর	2
ইঞ্চিয়ন	2
গাঁইয়া	2
বুঝছস্	2
ছুঁচোদেরই	2
চারপাশটার	2
যত্নআত্তি	2
ডাটাবেসও	2
জংলীগুলো	2
ইনচিয়নের	2
জিন্দাই	2
পিছা	2
ইয়ানবিয়ান	2
বাইজি	2
ফিগারটাও	2
মাগিটা	2
মাগীই	2
খবিশটা	2
ইনসট্রাক্টর	2
মহাগুরুই	2
পাঠও	2
আউলাইয়ে	2
হারামজাদাগুলো	2
জংলীর	2
মাগিরে	2
চাইনিজের	2
ডুবাবো	2
আশীর্বাদও	2
মুকে	2
জেইলরাও	2
জাংকেও	2
তথ্যগুলোও	2
ছুঁচোর	2
ঢুকালো	2
জেইবামদের	2
কিয়ুং	2
বিপজ্জনকও	2
সুংকেই	2
আশীর্বাদস্বরূপ	2
গড়লাম	2
সেলুকাস	2
চুংকে	2
পেশাবের	2
প্যান্টেও	2
ন্যাকেড	2
প্রযোজনা	2
চার্যগুলো	2
বৃদ্ধের	2
নু	2
ভূলোনা	2
সিন্ডিকেটে	2
অধীনস্ত	2
৩নং	2
দ্বন্দে	2
নির্নয়ের	2
কার্যকরীভাবে	2
কর্তিত	2
স্থায়িত্ব	2
আলোড়িত	2
পোজটা	2
নার্ভগুলো	2
গ্লাসগুলো	2
কাধেঁ	2
অ্যাকসিডেন্টে	2
অন্ডুকোষ	2
ছিটাবো	2
ভোজ্য	2
শ্চিন্তার	2
পৌছিয়েছে	2
ঝটিকা	2
কাটাচ্ছ	2
সারপ্রাইজড	2
স্তনগুলো	2
কুত্তির	2
চীনেটা	2
রিটায়ার্ড	2
সামর্থ্যবান	2
মাদারচোদেরা	2
শকের	2
র্যাঙ্ক	2
পেশি	2
রুপান্তরের	2
ছোঁবেও	2
জিপটা	2
খুঁটির	2
হদীস	2
জিপের	2
ঔষধগুলো	2
শিভান	2
সূত্রও	2
পাইলেন	2
লাগতেছিল	2
চলবি	2
জ্যাকবকে	2
নিদর্শনসরূপ	2
দুমাস	2
দমবন্ধ	2
ফুসফুসও	2
ব্যাসার্ধ	2
১২৭	2
কাছেপিঠে	2
ছুবেন	2
বেঢপ	2
জবানবন্দির	2
বসবাসরত	2
চিন্তাচেতনা	2
ডায়েরিতে	2
গোমর	2
দায়ভারটা	2
কর্তাব্যক্তিদের	2
কোথ	2
সেরকমও	2
অস্ত্রশস্ত্রে	2
ধড়	2
রয়ের	2
সুগম	2
এফআইআর	2
জেমসকে	2
খাম্বার	2
অ্যালকোহলের	2
কিউ১	2
লাগতেই	2
তাজে	2
খুটি	2
পূর্নতা	2
পৌঁছুলাম	2
বলদটার	2
পাশার	2
আরিয়ানও	2
নেমেই	2
জুটিয়েছিস	2
খেলোয়াড়দের	2
বেদম	2
অনুরোধটা	2
রেঞ্জে	2
মন্ডিত	2
বারোজন	2
তলাটা	2
গুলিবর্ষন	2
চারতলায়	2
করিডরের	2
উচ্ছ্বসিত	2
মুখাপেক্ষী	2
হত্যাকান্ডে	2
শুটারদের	2
চাকরিজীবনে	2
পক্ষপাতিত্বহীন	2
সার্বভৌমত্ত	2
জনমানুষের	2
অ্যান্টোনির	2
সার্থেই	2
বিনয়	2
দাড়াতো	2
খুটিয়ে	2
হওয়াটাই	2
সুবর্ন	2
রূপদান	2
গতকালও	2
যুক্তিমতে	2
প্রতক্ষ্যদর্শী	2
বন্ধুত্বটা	2
হিংস্রতাকে	2
ডিপার্টম্যান্টে	2
অসংখ্যবার	2
অনানুষ্ঠানিকভাবে	2
ধরনি	2
মাদককে	2
টিনএজ	2
টেশা	2
সামারেও	2
ড্রাগসগুলো	2
সিঁড়িটা	2
কুন্	2
আ্যসট্রাটা	2
মোন্টুসে	2
পরিস্কারে	2
পুড়ছেনা	2
বলেল	2
অলিভিয়ার	2
ইনফেক্টেড	2
দৈত্যে	2
ধেতেরি	2
বলিয়েছ	2
খানকিমাগী	2
ক্যান্ডারিয়ান	2
বর্নমালা	2
মলাটটা	2
বর্ণগুলো	2
পিশাচের	2
প্রেতাত্নারা	2
পিশাচরা	2
ছায়াকে	2
পিশাচকে	2
প্রতিমাসেশত	2
শতকরে	2
প্রতিবছরে	2
হাজারমানুষ	2
অবৈধপ্রবাসীউত্তরথেকেপালাচ্ছে	2
উত্তরথেকেদলত্যাগীদেরসংখ্যাঅতিক্রমকরেছে	2
শালাটা	2
চেয়ারম্যানকে	2
স্নিফার	2
ভাবিয়ে	2
ক্লায়েন্টের	2
ওয়ালথার	2
পি৯৯	2
জাওং	2
কর্নেলই	2
আমাকেগুলিকর	2
হিসেবটা	2
লেগনা	2
লিগুয়াংজো	2
শনাক্তকরো	2
শকড	2
ময়নাতদন্ত	2
কিন্তুকেন	2
চশমাতে	2
করেত	2
চোইকে	2
মার্টে	2
১৫৩	2
ছাপটা	2
ট্রিগারের	2
সিডিতে	2
হ্যাংক্যাং	2
এরকমি	2
যানেন	2
রিপোর্টারকে	2
আপনিকিমনেকরেন	2
প্রাচীনকাল	2
ডাইরেক্টরকিমকেকে	2
আপনিএইঘটনাসম্পর্কেকিমনেকরেন	2
উত্তরাঞ্চলের	2
প্রহসন	2
কর্মসূচির	2
জেনেটিকালি	2
মডিফাই	2
দুঃখকষ্ট	2
সুসম্পর্ক	2
মেকানিকও	2
গেষ্ট	2
সরকারিভাবে	2
বেসরকারীভাবে	2
সঞ্চয়	2
ইবেনযার	2
সারপ্রাইস	2
সিআই	2
দিব্যা	2
লুকাবে	2
আনোয়ার	2
কোট্টালামে	2
বললো	2
ফাংশনে	2
খেয়ালই	2
কোয়াগুলেন্ট	2
বেলায়	2
সনদে	2
নেপোলিয়ন	2
কোট্টালাম	2
তালিকায়	2
শীর্ষের	2
মর্গেও	2
বাধে	2
বুঝালাম	2
শুধু্	2
করাচ্ছিস	2
বিক্ষত	2
ব্র্যাঞ্চ	2
বাজছেনা	2
বোমগুলো	2
ভোল্টে	2
দেখশোনা	2
কুকুরগুলোর	2
ক্রিকেটের	2
এগুলোরর	2
ব্যাটম্যানও	2
প্রসিকিউটরকে	2
হেড্	2
ফ্রিল	2
ক্যারামাইন	2
স্যালভাটর	2
ফ্যাল্কনের	2
সাক্ষ্যদের	2
মেরামতকারীদের	2
ধুকিয়েছি	2
আফিসাররা	2
ব্যাংকগুলোর	2
প্রবৃদ্ধির	2
ঘুমোচ্ছিলেন	2
ব্যলেন্স	2
গতরাতেও	2
একশনের	2
পরিদর্শকেরও	2
ব্যালারিনা	2
রেস্তোরাঁ	2
মুখোশধারীকে	2
অপরাধীধের	2
ডেন্টই	2
দেখতই	2
দব	2
অন্যদেশে	2
পেন্সিলটাকে	2
ক্যালেন্ডারের	2
টিভিওয়ালা	2
গোডাউনটাকে	2
রামিরেযের	2
বেঈমানের	2
গাওয়াব	2
কামাইয়ে	2
স্ট্যাবিলাইজার	2
এজেন্টদেরকে	2
উইভ	2
ফাইবারস	2
কেভ্লার	2
নমনীয়তার	2
পাষাণও	2
পোঁচ	2
হোল্ডিংসের	2
কেরানী	2
মিউজিউয়াম	2
জেলওয়ালাদের	2
৮৪৯	2
২৮৬	2
৫৮৭টা	2
৫৪৯	2
সুরিলোকে	2
ন্যায়বিচারে	2
হাইকোর্টে	2
আন্ডারওয়ার্ল্ডই	2
ডসকেও	2
পোস্টারে	2
স্লোগানটা	2
হার্ভিই	2
সুরিলোর	2
আন্ডারওয়ার্ল্ডকে	2
কমিশনাররা	2
চেয়েছুলাম	2
চয়ন	2
কেসই	2
মেক্সি	2
খুজেনা	2
ধমকানো	2
শ্রদ্ধাঞ্জলিও	2
হোল্ডিংয়ের	2
আ্যপ্লায়েড	2
লুবের	2
ডেটাবেস	2
এড্রেসগুলো	2
পার্কসাইড	2
প্যারাড	2
র‍্যান্ডল্	2
গারদেও	2
লোকপ্রিয়	2
ইউনিফর্মও	2
শ্রদ্ধায়	2
ক্রাইমসে	2
এ্যনালাইসিস	2
ব্রুসে	2
চাওলে	2
ফালাতে	2
টেইল্	2
কুরবানি	2
শহরবাসীদের	2
মুখোশকে	2
করফারেন্সে	2
সন্ত্রাসির	2
খামখেয়ালির	2
হোল্ডিংয়ে	2
বাযুকা	2
প্ল্যানগুলোতে	2
ফোর্সই	2
ডেন্টালেরও	2
কাপরেও	2
লাগেলেই	2
ভালোজন	2
ঘু	2
ভেবেছিলামা	2
সীস্যারোতে	2
র‍্যাচেলই	2
বার্মার	2
গলাতাম	2
মুর্দা	2
উন্মাদটার	2
ভাগটা	2
পুড়াচ্ছি	2
ব্যাটম্যানহীন	2
কোলম্যান	2
দ্রতু	2
এডমিশন্স	2
ব্যাটপড	2
রিচার্ডসের	2
আত্নিয়দের	2
য্যাখারিকে	2
ফিন্তা	2
গর্ডনেরও	2
ষড়যন্ত্রকারীদের	2
ষড়যন্ত্রকারীরাই	2
ধর্ষণকারীকে	2
প্ল্যানেরই	2
সাউথইস্ট	2
বাসও	2
এঙ্গেলও	2
টুনাইটের	2
গাদ্দারকেও	2
সেলফোনকে	2
মাইক্রোফোনে	2
রিসিভারও	2
ডেটাবেসের	2
র‍্যাঞ্জে	2
ধমকির	2
ইস্টার্ণ	2
বন্দিরাও	2
গার্লফ্রেন্ডেকে	2
লাফাবার	2
যেব	2
প্রিউইট	2
বোটেও	2
এ্যনা	2
কবজায়	2
বেটাতে	2
ফালিয়ে	2
সর্বমোট	2
ফুটবেনা	2
ফুটল	2
মনুষত্য	2
মাধ্যাকর্ষণের	2
বাচাওনি	2
পেতেনা	2
র‍্যাচলের	2
ক্রিমিনিলারের	2
ভালোজনকে	2
পরানোর	2
গেয়েছিলে	2
টিউটর	2
উহার	2
এডভেঞ্জার	2
কাপবোর্ড	2
কুঠুরি	2
আঘাতই	2
সৈন্যেরা	2
ধুমনালী	2
জিও	2
দুলিতে	2
মিথ্যাচার	2
নৈশভোজ	2
আবহাওয়াতে	2
জিউকে	2
চেণো	2
নাশ্তা	2
শায়ামুয়েল	2
তৎসম্পর্কিত	2
চেয়ো	2
নাড়ূ	2
পাজামার	2
জুহু	2
নলেজ	2
এগোরে	2
১৬০০০	2
মাস্কিটারের	2
ঘনশ্যাম	2
পীর	2
ক্যালা	2
হাচাই	2
বটগাছ	2
ক্যানরে	2
থাকুম	2
গেলরে	2
হাছাই	2
যাওন	2
তুইলা	2
সুন্দরতম	2
পরিশ্রমে	2
ধোপা	2
পড়ছেই	2
আমেরিকাও	2
লিঙ্কন	2
আইছোস	2
ভুইল্লা	2
মাইয়াগো	2
এইরে	2
ভোলেনা	2
স্যামুয়েল	2
নেড়ী	2
ফিরেছিলো	2
বারডি	2
আলফির	2
ম্যাকিন্টশ	2
কিইই	2
ফ্লাটে	2
সারকাস	2
ডিশওয়াসার	2
দেখতেছিস	2
বাচবো	2
সেঞ্চুরি	2
স্লেইটার	2
তুড়িতে	2
একরাতেই	2
সেকেন্ডস	2
প্র	2
জমজমাট	2
যুক্তিগুলো	2
স্মরনীয়	2
ডুমাস	2
কার্ডিনাল	2
টআনান	2
প্লানচেট	2
ডুমাসের	2
গ্লজেল	2
প্রুনাপিসমিয়া	2
ফিনবারস	2
হেন্ডন	2
লাথিটা	2
ধাক্কাবার	2
মোতেই	2
কামড়ালো	2
খুচিও	2
দোষি	2
নেতাগন	2
এব্যপারে	2
নইলেতো	2
কাস্পিয়ানের	2
কাস্পিয়ানও	2
নাড়াতো	2
ড্যাপ	2
ড্যাপানোটা	2
বহুদুর	2
নারনীয়াতে	2
জাকজমকীয়	2
রুটিটা	2
ট্রাম্পকিন	2
ধর্মশালা	2
উত্তরিধাকারী	2
লাইব্রেরীটা	2
কুসঙ্ককার	2
কুসঙ্ককারটা	2
সদস্যদেরই	2
বেরুনায়	2
সংখ্যায়ও	2
অশ্বমানবদের	2
নিরস্ত্রের	2
লড়িনা	2
রিপিচিপ	2
ট্রাফলহান্টার	2
বেরুনার	2
ভাল্লুকটার	2
শিঙ্গাই	2
জাবাবদিহীতা	2
জবাবদিহীও	2
টারভা	2
আলাম্বিল	2
উর্ধ	2
হয়ছেন	2
ফেরাবার	2
বড়গিরী	2
মনেমনে	2
একজনো	2
শেষরাতে	2
প্রশিক্ষনের	2
গোয়ারের	2
লক্কড়	2
ক্ষ্যান্ত	2
পিতৃহীন	2
থামতেন	2
বেরুনা	2
গালমা	2
তাসবান	2
এতিন্সমুর	2
শিঙ্গায়	2
আসলানকেও	2
তৃষ্নার্ত	2
আমদেরই	2
নিকারব্রিক	2
হারাননি	2
ঐতীহ্য	2
খরচেও	2
দখলকারী	2
আহব্বান	2
আমৃত্য	2
সংখ্যাকে	2
আস্বীকার	2
আজুহাত	2
ঘোড়রাখাল	2
হবেননা	2
আত্মসমর্পনের	2
সহানুভুতির	2
ঘোড়সেনা	2
দৃড়	2
আসছেননা	2
সিংহীর	2
বেরুনাতে	2
বইবোনা	2
শীক্ষনীয়	2
নারনীয়ানদেরই	2
টেলমারদের	2
গিরীপথ	2
১১জন	2
আফজাল	2
বার্ণাবি	2
বার্নাবি	2
ডেলমনিকো	2
রূপবিশারদ	2
ঘোষণার	2
২৫৫	2
লগটা	2
আমারমনেহয়	2
শঙ্কা	2
ইয়	2
বিশ্লেষিত	2
হোডাউন	2
দূঃখজনক	2
একচোখা	2
গুণাবলি	2
সিংহটার	2
প্রাণীকুলের	2
লায়নও	2
কনটেইনারে	2
মণিমুক্তার	2
এন্তনে	2
গুছিয়েছি	2
সর্বোবৃহৎ	2
মর্টকে	2
মাদাগাস্কারেই	2
বদনামে	2
জাতবংশ	2
পেঙ্গুইনে	2
চেকমেট	2
ঘুমুতেও	2
সামলাচ্ছিলাম	2
বালকে	2
অ্যালাকাই	2
বাঁচতনা	2
অন্যকাজে	2
জিতলেই	2
পেপার্ড	2
লেজেন্ডের	2
দুলাবে	2
লড়িনি	2
নেচেছ	2
পেনিসিলিন	2
ষ্টীমের	2
হটের	2
জেব্রাদের	2
নিজেরটাই	2
গর্তগুলোতে	2
পশুপাখিগুলোকে	2
বাঁচবনা	2
বাঁশিওয়ালা	2
পাথেয়	2
খাটাতাম	2
ঝুঁকবে	2
গর্তকে	2
ভাজবেনা	2
হাসাব	2
দাড়াইনি	2
সামসামনি	2
বারোতম	2
গ্লোরিয়ার	2
চিড়িয়াখানাই	2
সিংহরা	2
নাচেনা	2
বিপরে	2
ডিনারকে	2
কারেক্ট	2
আগ্নেয়গিরিতে	2
পপুলার	2
উদহারনের	2
কার্লোতে	2
কাটাতা	2
মেনুটা	2
বোরডেক্সও	2
দৌঁড়	2
দৃষ্টিশক্তিও	2
ন্যানো	2
এন্ডো	2
কিতামুরা	2
সাটো	2
ফ্রেশনেস	2
দূর্ঘটনাটা	2
রয়োস্কি	2
খেঁজুর	2
জন্মাই	2
পরিভ্রমণের	2
টয়োকনি	2
আচানক	2
দাওয়াও	2
তাকেশী	2
ভাঙ্গছে	2
কয়টাকে	2
হিতে	2
পেয়েছটা	2
ব্যবহারও	2
ঘুষিও	2
২০৭০	2
রোবটটি	2
বোনাসও	2
দীপ্তি	2
বাবুসোনার	2
আহ্লাদিত	2
বিষ্ময়	2
সিলভারমিস্ট	2
অট্টহাসি	2
হেডি	2
কাতরালো	2
সারিবদ্ধ	2
বীজগুলো	2
হাপানো	2
পরিমাপক	2
প্রেরন	2
বিষ্মিত	2
চিস	2
কাটাগাছ	2
ইরিদেসসা	2
তরঙ্গকে	2
মেইনল্যান্ডের	2
রসিতাঃ	2
আআআআআ	2
এক্সকিউস	2
টিঙ্কারস	2
স্প্লেন্ডিড	2
ক্লান্তির	2
পটিয়েছে	2
সুর্যের	2
সিলভিমিষ্ট	2
ঠাস	2
জাদুকরি	2
অনুশীলনে	2
জলবিন্দু	2
ঝাকিয়ো	2
গোংরানো	2
টিঙ্ককে	2
হাহাহাহা	2
ওওওওও	2
বিশ্রান্ত	2
সম্মতিসূচক	2
মিসি	2
ছুয়ো	2
ইরিডেসা	2
কিচ	2
হুড়মুড়	2
বসন্তকে	2
আগমুহূর্তে	2
ফলাতে	2
পূরনের	2
বাচাঁবে	2
ইঙ্গিতে	2
এম্পেরর	2
হিমাংকের	2
গলতে	2
আগমনী	2
ছানারা	2
মঞ্চস্থ	2
বিশালত্ব	2
সদ্যজাত	2
পালটি	2
হট্টগোলে	2
অক্ষাংশে	2
এলাকাকে	2
জঙ্গলগুলিতে	2
চিতাগুলির	2
কবল	2
অক্ষের	2
ঋতুবৈচিত্র্য	2
ঝাকে	2
সাইবেরিয়ান	2
একরকমই	2
আরেকটির	2
উপাদেয়	2
ভাগ্যও	2
বাতাশে	2
আমাজন	2
প্রানদায়ী	2
মহিষের	2
ওকাওয়াঙ্গার	2
বাধাগ্রস্থ	2
ইতমধ্যেই	2
ধুলি	2
পথচলার	2
আলদা	2
কানগুলো	2
নড়াচড়ার	2
ইম্পালার	2
অংশগ্রহনের	2
পুরুষটি	2
ডিমটি	2
কুঞ্জন	2
রিনি	2
ইঞ্জিনটা	2
ক্লাচটা	2
তিনকোনা	2
টাইলারঃ	2
আলাস্কা	2
মলিনা	2
সেলফোনে	2
কাউন্টিতে	2
পর্যায়ক্রমে	2
প্রফেজ	2
অ্যানাফেজ	2
ড্যাডির	2
কম্পনমান	2
থামিয়েছিলে	2
কলিন্সকে	2
মলিনাঃ	2
গ্লাভগুলো	2
শিরশির	2
কষাঘাত	2
এডওয়ার্ডকে	2
কুয়িন্টি	2
জ্যাকবঃ	2
কলিন্সদের	2
গাল্ড	2
ওয়েলনকে	2
চূড়ান্তভাবে	2
মন্টি	2
উদ্ভিদভোজী	2
ড্রিঙ্কের	2
ভাম্পায়াররা	2
কুইট	2
স্থিরভাবে	2
আম্পায়ার	2
ইমেটঃ	2
ব্যালেই	2
ভিক্টোরিয়ার	2
ড্যাডের	2
জেমসঃ	2
ড্যাডকে	2
লাইটিং	2
স্টাইক	2
সরাইনি	2
কাঠিম	2
সৃতির	2
উদ্ভূত	2
জন্মায়	2
অধিকৃত	2
বাস্তু	2
ইউরোপীয়দের	2
কার্বোহাইড্রেট	2
অল্পে	2
প্রয়োজনের	2
বাড়া	2
সুগন্ধিবিশেষ	2
ঔপনিবেশিকরা	2
দেশীয়	2
ধর্মপ্রচারকদের	2
কেনিয়ার	2
ধর্মান্ধদের	2
মুক্তিযোদ্ধাদের	2
ভেড়া	2
উন্নীত	2
বাড়িগুলোর	2
অন্তরণ	2
খাওয়াবো	2
ধর্মগ্রন্থ	2
নাইরোবিতে	2
ছুঁয়েছে	2
শিক্ষায়	2
হইওনা	2
পিসতুত	2
বিদ্যালয়ে	2
উচ্চাভিলাষ	2
কাঙ্গাল	2
স্ক্রল	2
উপায়ও	2
প্রণয়ন	2
নিপীড়নের	2
অন্তর্ঘাত	2
সৌভাগ্যবসত	2
ক্যাথিড্রাল	2
বুনিয়াদ	2
ফ্রিডম	2
সিভিক	2
দাঁড়িয়েছে	2
বিক্ষোভের	2
পন্টিয়াক	2
মধ্যিখানে	2
লোভাট	2
ক্যারালাইনের	2
জোন্সি	2
লাগাওনি	2
পরিজ	2
ক্যাটালগটা	2
মুশকাসের	2
উম্পাহ	2
টুডল	2
পাল্টেছি	2
ওয়ালপেপারের	2
কেটলিটা	2
উলং	2
বানানা	2
ড্যাং	2
বাচ্চো	2
বির	2
দুইজনে	2
বন্ধুটিকে	2
ফোলানো	2
বিড়ালরা	2
অবসসই	2
বিপথে	2
ব্যাথাই	2
গুবরে	2
হাঁক	2
আঙ্গাস	2
স্কোয়াশ	2
নাশতার	2
চোখগুলা	2
লুকিয়েছ	2
অমার্জিত	2
ভাগিনা	2
একাংশ	2
শৃঙ্খল	2
ফিরছ	2
জীবনটাকেই	2
গিডিয়াপ	2
ফিজউইগ	2
উইকিনস	2
ভায়ারা	2
মায়েস্ত্রো	2
আদর্শের	2
মাপকাঠিতে	2
ভিক্ষুককে	2
পরিণতিটা	2
বালকটির	2
ঘুরবো	2
গর্তও	2
অতিকষ্টে	2
ক্রাউন	2
ফ্যানি	2
রাজে	2
অ্যাম্বিগ্রাম	2
চাইনিজে	2
ক্যপ্টেন	2
লজ্জ্বাজনক	2
নিশ্চহ্ন	2
জাতিরা	2
উদ্বগ্ন	2
অনুপস্থিতে	2
পাইয়াস	2
আমল	2
এ্যান্টিমেটার	2
লিখতেন	2
খোজাখুজি	2
খ্রিস্টীয়দের	2
পরিপূর্নভাবে	2
৫০৩	2
ডায়াগ্রামা	2
বর্নিত	2
প্যাপিরাস	2
হল্যান্ড	2
প্যগান	2
খ্রিষ্টের	2
ক্ষুধার্তদের	2
অনুযায়ীই	2
এ্যাঞ্জেলো	2
তিনজাপ্যারিন	2
স্বাস্থ্যগত	2
হেমারেজ	2
চেষ্ট	2
মহত্ত্বের	2
কাফন	2
বিদ্যূত	2
বেঞ্চটা	2
নির্বাচকের	2
পোপলো	2
ফেরেশতার	2
ভিট্টোরিয়া	2
বাজলে	2
প্রতিনিধিকে	2
হেফাজতের	2
ঝাড়বাতিটা	2
ফসফোরেসেন্ট	2
হেডব্যান্ড	2
ক্রিস্টিনার	2
ত্রিভূজের	2
কাজল	2
শিফ্ট	2
খেলেও	2
অন্ততঃ	2
স্বত্বেও	2
মুছো	2
চাটিয়েছ	2
ক্রিস্টিনাকে	2
বাবস্থা	2
বিহারে	2
চাতুরকে	2
৮টার	2
মোজার	2
কূয়ায়	2
বাইট	2
বকশিসের	2
হীম্যান	2
করাইতে	2
সাস্থের	2
বলছেটা	2
করিবেন	2
প্রস্বাব	2
মগজকে	2
২টায়	2
কোকিলের	2
ডিমগুলোকে	2
কলমটি	2
অডিনারি	2
পুড়া	2
স্ক্র	2
ফীস	2
জনো	2
ক্লাশের	2
চারিদিকেই	2
জ্ঞাণ	2
সমাবর্তন	2
রির্জাভ	2
স্ট্রোকের	2
সাড়াটি	2
কুইজ	2
ঘুমিয়েও	2
কড়াইতে	2
ফুসলিয়ে	2
বক্	2
রী	2
ভবিষৎএ	2
বোকাগুলো	2
ঘাড়েই	2
চাপাবে	2
সিস্টেমটাকে	2
শেখাবেন	2
দুটির	2
ফারহানের	2
ফারহানকে	2
তুলেছিস	2
জনাবের	2
বন্যপ্রানীর	2
৯১	2
১৯৫০	2
২৮শে	2
ঢেঁরশ	2
ফুলকপি	2
সঙ্কটে	2
য়ালা	2
বলবেটা	2
সুহাসের	2
ম্যান্ডালে	2
পুদিনার	2
এডজাস্ট	2
নবদম্পতির	2
দেবেননা	2
ওটির	2
উৎকর্ষ	2
দুবেজী	2
রামলিংগাম	2
গাড়ীগুলো	2
তপস্যা	2
প্রতিষ্ঠানটি	2
লিখলি	2
ভুলবেনা	2
বিজ্ঞানকে	2
সাফল্যই	2
পরিচালকের	2
হিপক্রাটিক	2
নড়ব	2
চাটনীর	2
মেঘমুক্ত	2
আসমানের	2
আধাঘন্টা	2
সরতো	2
অদ্ভত	2
্যাঙ্ক	2
দিস্	2
দিবিনা	2
বড়ির	2
গীতায়	2
্যঞ্ছ	2
গিনেস	2
সিমলা	2
চক্করটা	2
স্যানফ্রান্সিসকো	2
বাংরু	2
পেটেন্ট	2
তীর্থযাত্রায়	2
গুণবো	2
ভস্মাধার	2
সাবই	2
লাদাখ	2
উুঁ	2
উনাদেরকে	2
ভাঁজা	2
ইস্তেভান	2
হাঙ্গেরী	2
ফটোগ্রাফীকে	2
মেধাকে	2
হুও	2
বরযাত্রী	2
অপরিপাটি	2
প্যারালাইজড	2
সাসপেনশন	2
দ্যাখতো	2
পারিসনা	2
জ্বালাচ্ছিস	2
ফাজিলটার	2
হবেতো	2
নামেনি	2
কাণ্ডজ্ঞান	2
প্রতিভাত	2
কুশলী	2
মানবোনা	2
পৌঁছে	2
সোহাসের	2
কিপিং	2
রাবনের	2
চাবী	2
দিদিকে	2
ডায়াগ্রাম	2
তারগুলো	2
দ্যাখে	2
নববধূর	2
বকতো	2
ব্যবস্থাকে	2
ভাংবি	2
পরিবর্তনই	2
হয়নিরে	2
টসে	2
জিততি	2
আলোচোনা	2
জিতবি	2
অসম্পূর্ণতা	2
গীতাও	2
ভালবাসবেই	2
একনাম্বার	2
মুহূর্তটাতে	2
৯৯৯	2
চাকুরীজীবী	2
ছুইনি	2
আনছিলাম	2
ছুঁইনি	2
মোমবাতিটা	2
উতলে	2
নাগো	2
পত্রটা	2
চাকুরীজীবীর	2
রাইয়ালাসিমা	2
উপদলীয়	2
ভেঙ্কাত	2
রেডিকে	2
বাসেনি	2
বরপক্ষ	2
কাঠে	2
হাতটাও	2
জিতেছিল	2
ভিরা	2
ফ্রেমে	2
বাঁধাবো	2
উঠেছিস	2
দেখছিলি	2
তিক্কি	2
বন্ধুত্বটাই	2
কলমও	2
সাঁতারও	2
ইষ্টেশোনে	2
ভালবাসাতেই	2
পুত্রবধু	2
চরিত্রটা	2
সুব্বি	2
পরিকল্পনাতে	2
বেঁধেছিলাম	2
করেছেও	2
ভালোবেসেছিল	2
পরিসরে	2
ব্রাঞ্চের	2
এন্টিবায়োটিকস	2
বোম্বিং	2
চুকাতে	2
ফির	2
ব্রেইনও	2
মাইনফিল্ডে	2
ব্রেকার্সফিল্ড	2
রেনো	2
সেরেনা	2
আকাশযান	2
ফুয়েলের	2
ট্রেনটির	2
কোলোট্টোর	2
রাত্রিবাসে	2
ফুলগুলি	2
আলাপচারি	2
মকদ্দমার	2
অবসরগ্রহণ	2
কফিগুলো	2
বেনঞ্জামিন	2
এসপোসিতোর	2
মানার্থ	2
গ্রিষ্মের	2
ইনর্টাণ	2
তারটায়	2
ভরেই	2
ফাইলগুলা	2
সাহায্যকামী	2
বেওয়ারিশ	2
অবসরপ্রাপ্তের	2
কেনায়	2
ওলিভেট্টিটা	2
স্টোরেজে	2
অক্ষরটা	2
সেক্সুয়ালদের	2
প্রতিচ্ছবিটি	2
হারবার্ড	2
হেটিংস	2
কোর্নেলে	2
হার্ভাডে	2
মাতি	2
ছাভেজের	2
কটকটে	2
এক্তিয়ারকে	2
ফরচুনাকে	2
জিনায়াস	2
গাধাগুলির	2
বেঞ্জা	2
স্টেমেন্টে	2
লাক্যালিকে	2
১৪১	2
১৪২	2
লাক্যালি	2
বিকারগ্রস্থতায়	2
নিকোলোসি	2
যাচিন্ত	2
বলিভিয়ান	2
যুয়ান	2
সরিষা	2
টালাকোয়ানো	2
বক্তৃতাবাজ	2
সবর্দা	2
বাঁধাও	2
এতরাতে	2
ছিবিলকয়	2
মামির	2
আলমাগ্রোর	2
পক্ষপাতি	2
লাপোর্তা	2
রদ্রিগেজ	2
কার্দোজ	2
সিমোনি	2
নজরটা	2
কতসময়	2
নিঃসঙ্গভাবে	2
কারনগুলো	2
নির্মানাধীন	2
মন্টেভিডিও	2
লানুসের	2
চাকুরিটার	2
ছিভিলকয়েতে	2
আইরিনকে	2
সর্ষে	2
পরশুদিনের	2
খুঁজবা	2
বাভাস্ত্রোর	2
বিপরীতটাই	2
রাগতস্বরে	2
ছিভিলকয়	2
৮০৯	2
শহরটায়	2
মিস্ত্রির	2
গ্রান্দে	2
জাস্টো	2
এভালেনেডা	2
এনিদো	2
ওলিনিয়াক	2
ছিভিকয়ের	2
বিচারপতিকে	2
ল্যারিটা	2
অনমনীয়	2
পাশটায়	2
এক্তিয়ারের	2
মামলারে	2
কেশে	2
গতকার	2
টার্মিনালগুলোতে	2
করুণাদায়ক	2
নিস্মরিত	2
যাতাকলে	2
বিচারপতির	2
স্টেটমেন্টগুলো	2
গাঁদা	2
টালাকোয়ানোতে	2
৩১টা	2
অদৃশ	2
সরুপ	2
পার্টিও	2
এন্দেট্টা	2
ওলেনিয়াকের	2
জুয়ান	2
কোর্লোস	2
ওলেনিয়াক	2
জুনিয়রে	2
রেসিংয়ে	2
লোরেঞ্জোর	2
প্লাটো	2
একাডেমীটা	2
মেসিয়াসের	2
গোলিতে	2
নেগ্রী	2
ব্লাংকো	2
সাচ্চি	2
কোরবাট্টা	2
পিজ্জুটি	2
ম্যানসিলা	2
সোসা	2
বেলেন	2
বাভাসত্রোর	2
ওয়ালডিমার	2
হুলিও	2
ফরওয়ার্ড	2
সাঞ্চেজের	2
গোলির	2
আতুলফো	2
১৭টা	2
চেম্পিয়ানশিপ	2
আসক্তিই	2
আসক্তিকে	2
খুড়ি	2
অর্ডোনেজ	2
রবার্টিনোতে	2
নেস্টোর	2
৭৪০	2
৯২৫	2
মোকোরপটা	2
২৪২৮	2
কাসানোভা	2
রাইটারটা	2
কোলোট্টর	2
ডিফেন্ডারের	2
এসাইন	2
পাইড্রাস	2
বাঞ্ছনীয়	2
বীর্যপাত	2
পরিবর্তনীয়	2
ভীতুটার	2
প্যারাইটাল	2
যোনীতে	2
আততায়ীটার	2
এনারটার	2
চাস্	2
পিনাটা	2
ফেল্লাম	2
এক্তিয়ারে	2
হারবার্ডে	2
এগারজাবাল	2
প্রকৌশলীটাকে	2
যাপিওলা	2
উড়টুবিওলা	2
অভিযোগগুলো	2
ইমমোরটালসে	2
রিচমন্ডে	2
মর্দ্দের	2
মর্দ্দ	2
মাদারচোদদের	2
শিকে	2
ভুন্ডুলকারী	2
পাখাগুলো	2
খাটাশটা	2
জমিদারের	2
জুজুইতে	2
টুকরোটায়	2
লেখন	2
উদ্বুগ্ধ	2
বিশ্বাসযোগ্যও	2
কাঁদলো	2
ব্যবহারিকভাবে	2
আন্দিজ	2
অপরুপা	2
খুরি	2
ফর্মাল	2
এসপোরা	2
৬৯২	2
আগষ্টিন	2
মাদারচোদগুলো	2
কেয়ারই	2
ফুলটাও	2
দূর্ঘটনাবসত	2
মাদারচোদটাকে	2
অথোরিটির	2
শূন্যতায়পূর্ণ	2
বলেছিলেনা	2
মাথাটাকে	2
স্টোভ	2
ছুয়েও	2
লাগাবার	2
পত্রিকাটা	2
পরিচারিকার	2
রেডফ্রড	2
একাধিকবার	2
বন্যভাবে	2
সুতরো	2
সম্রাজ্জের	2
পেশাদারিত্বের	2
রাগবি	2
জিপসি	2
পটাসিয়াম	2
বুযলে	2
ড্রেজার	2
গ্লাডস্টোন	2
গাজীপুরে	2
ক্যাম্পফায়ার	2
বিধিবদ্ধ	2
স্টান্ডিশ	2
আতংকটা	2
জন্মদাতা	2
তারটার	2
ক্লোস	2
রিওরড্যানকে	2
কনটেনার	2
আর্তচিৎকার	2
কসাইখানা	2
ট্যানার	2
হিউমার	2
ইয়ার্ডের	2
পার্লামেন্টের	2
জমায়েত	2
নীলচে	2
সায়ানাইডের	2
উশৃঙ্খল	2
বিশ্বকেও	2
অসহায়ভাবে	2
যন্ত্রটাকে	2
ঢালাই	2
বিস্ফোরণকে	2
কালেই	2
কুখ্যাতি	2
কাজগুলা	2
বুজবে	2
তারহীন	2
বাকিগুলা	2
ফটোই	2
অনাক্রম্য	2
রেফার	2
সিনক্রোনাইজ	2
পাচারকারীদের	2
ইন্টার্নাল	2
নড়বা	2
নিকাশ	2
শোচনীয়ভাবে	2
মধ্যবিত্তদের	2
কোনক্রমে	2
দাড়াঁয়	2
ব্যাপটাইজড	2
বসবাসকারীদের	2
বর্তায়	2
টাউয়ার	2
প্রেসিডেন্টই	2
মতবিরোধ	2
উদ্বাসনের	2
সমঝোতায়	2
চাবিই	2
মনোভাবের	2
রিসিভড্	2
পলিটিশিয়ানদের	2
সেক্টরটি	2
নৈকট্য	2
উদ্বোধনের	2
ধারণের	2
বিক্ষিপ্ততা	2
নিশ্চয়তার	2
নিশ্চয়তাবাদ	2
হিলিয়াম	2
ভাবনাটা	2
ক্যালেবকে	2
গেয়েছো	2
শোনোইনি	2
হ্যারিকেন	2
তারিখগুলোর	2
ঘেটে	2
চিন্তাশক্তির	2
লুসিন্ডাকে	2
ক্যাপসুলটা	2
স্মৃতিশক্তির	2
ট্রান্সমিশনে	2
রিপোর্টারদের	2
উপসাগরীয়	2
এভিয়েশনের	2
জাতিয়	2
সায়েন্টিফিক	2
তাপমাত্রার	2
ফোনিক্সে	2
ওভারডোজ	2
অ্যাবির	2
কক্ষোনো	2
আটকাতেই	2
ভবিষ্যদ্বক্তা	2
নাম্বারগুলোই	2
এগোবেন	2
টলিউডের	2
সাবটিতে	2
এনজয়েবল	2
থাকাতেই	2
জন্মদিনেই	2
২৩তম	2
যমকে	2
সানিয়া	2
মির্জা	2
সাইনা	2
নেহওয়াল	2
আইসক্রীমের	2
৮৫২৪	2
প্যাঁচিও	2
মর্যাদাসম্পন্ন	2
সিটিং	2
ম্যাডামই	2
দূর্গা	2
রামালিঙ্গামের	2
মাঙ্গাম্মাকে	2
ঠ্যাংই	2
২টার	2
গোপালকে	2
নিচতলাতেই	2
কামরাতেও	2
জিন্সের	2
নাগেশ্বরা	2
দাওয়ায়	2
ঘরবাড়িতে	2
নিথিনের	2
আম্বুঝাম	2
কালবাপুড়িতে	2
মাঠভরা	2
নাকও	2
তেলেই	2
নামাটাই	2
ফাঁটিয়ে	2
মাঙ্গাম্মা	2
১০দিন	2
শ্বাসও	2
কনভার্ট	2
মেজাজই	2
২০০টিভিও	2
জিরোসাইজ	2
পিটানি	2
গ্রামাফোনের	2
স্পীডকে	2
শিখিয়েন	2
আজকালকের	2
এনেই	2
ফুফাকে	2
চেচাচ্ছো	2
সলুশন্সেন	2
পারোটা	2
স্ট্রেচ	2
দৌঁড়ানো	2
অন্ধ্রপ্রদেশের	2
কল্লুরে	2
ভাঙাবো	2
ভানুমতিকে	2
গোজ	2
ভারতনাট্যম	2
কুচিপুড়ি	2
কড়িচি	2
কাথাকলি	2
মনিপুরি	2
বাজানোতে	2
বর্ষাকালের	2
রাভা	2
গেলোরে	2
ভানুরে	2
হাঁসিমুখে	2
নানিগো	2
মারায়	2
ঈ	2
বুঝিয়েছিলো	2
বাঁধলে	2
বেড়াতেই	2
গেলিনা	2
নাগাভেলিও	2
ব্যক্তব্য	2
বলারও	2
ভেঙ্কা	2
বাদরকে	2
শূর্পণখাকে	2
রাবণকে	2
পাওয়ান	2
কালিয়ান	2
টেমে	2
দেখবেনই	2
কোলবালিশও	2
এদিনে	2
হাঁসছিলে	2
বাড়াবাড়িও	2
মাঙ্গামার	2
সোণামণির	2
মাঙ্গা	2
আগষ্টেই	2
প্যাচিও	2
শ্বাশুড়ির	2
অর্থও	2
হাঁসার	2
টাইমিংও	2
ইডিয়টরা	2
এভান্ডি	2
কালবাপুড়ির	2
সত্যম	2
চাওয়াতে	2
রেখেও	2
সিউরিটি	2
বর্গাও	2
শকেই	2
উদাহরণস্বরুপ	2
পরপুরুষের	2
এন্টারটেইন	2
সেইড	2
অ্যাসিট্যান্ট	2
নারায়ণা	2
প্রোডাক্টগুলো	2
অবিক্রিত	2
হেয়ারস্টাইল	2
হাঁসছে	2
ড্যাঞ্জারাস	2
ছিটাচ্ছিস	2
ছিটাতে	2
অনর্থ	2
আনাসল	2
বাঙলো	2
দুইমাসের	2
জমিগুলোই	2
কল্পনীয়	2
থিংকিং	2
মহার	2
মহালক্ষ্মীকে	2
পরিশোধে	2
কৃষ্ণমূর্তীর	2
আনান্দকে	2
গিলবি	2
সেটুকুতেই	2
মূথ্যিয়ম	2
সুব্রমনিয়ামের	2
মূর্থ্যিয়ম	2
ভাঙছো	2
পন্ডিতমশাই	2
পরশুর	2
ভানুও	2
পাঠানোই	2
ক্যারম	2
কাঁদিয়েছি	2
এসির	2
নিজস্বগুলোই	2
ফুফুকে	2
আষাঢ়	2
প্রসারের	2
হাফই	2
ফাইটিংয়ে	2
সাবটির	2
অনুরোধটি	2
তারকারই	2
চাপিয়েছে	2
দরের	2
ডেভোলপ্ট	2
মিউটিটিভ	2
বায়োক্যামিক্যাল	2
দেখিই	2
গুনলাম	2
খুমা	2
আাবার	2
নিউক্লিয়	2
ফিগারকে	2
৯০৯	2
ভাবসি	2
গার্লফ্রেন্ডর	2
পূর্বেকার	2
অ্যানালাইজ	2
ভাঙব	2
আাচ্ছা	2
অ্যাড	2
ওউচ	2
ভাঙত	2
যেহুতু	2
অর্ডারকৃত	2
অনুমদিত	2
ট্রেইনারকে	2
নির্দশ	2
পাসওর্য়াডটা	2
চী	2
বলবানা	2
গিলবারটাইন	2
উইলিকে	2
ফটোগ্রাফার্স	2
বিষণ্ন	2
ব্যায়ামটা	2
চ্যালেঞ্জটাকে	2
সৌন্দর্য্য	2
হামটি	2
ডামটিকে	2
গ্রেসম	2
কটওয়েলের	2
ডেপকি	2
সেকরম	2
রসাতলে	2
জোকারি	2
স্টারবোর্ডের	2
কাঁড়ি	2
ভালবাসাও	2
বেশীও	2
ধুরন্ধর	2
মব	2
সাইক্লোনের	2
মিডিয়াতে	2
ধনুর্বন্ধনী	2
দুলিয়ে	2
গেয়েছিল	2
বসবেনা	2
গাজরের	2
রেকুন্স	2
প্রাণিবিশেষ	2
একনায়কতন্ত্র	2
চড়েছি	2
স্ট্যু	2
রাতেরবেলা	2
বাঙ্কে	2
লাগছ	2
হারমোনিয়াম	2
স্লিং	2
ব্যাটালিয়নের	2
ডেট্রয়েট	2
ব্রাদারের	2
গুরুতবপূর্ণ	2
কামড়িয়েছিল	2
ড্যানও	2
ঘুমেও	2
লেফটেন্যন্ট	2
জনসনের	2
গ্রিনবোতে	2
এলাবামায়	2
বেশিভাগ	2
কাটাত	2
এস্টর	2
শ্রদ্ধাঞ্জলি	2
বেচেছিল	2
নৌকাটার	2
নৌকাই	2
শ্রিম্পস	2
মিলমিশ	2
যাওয়াটাও	2
ফাদাররা	2
পারিনাই	2
এতদুরে	2
স্টিকারের	2
পায়খানায়	2
দৌড়াচ্ছিলাম	2
দৌড়েছি	2
থির	2
রিনোতে	2
কুয়েন্টিনের	2
ডুফ্রেইনঃ	2
বিচারবুদ্ধি	2
বুলেটগুলোর	2
পাওয়াতে	2
সমস্যাজনকই	2
ছাপসহ	2
সেটাতেও	2
যুবতীকে	2
তারর	2
রিভলবারে	2
অনুতাপহীন	2
পুরিয়া	2
রিবক	2
১৯৪৯	2
হেওয়ার্থকে	2
ডাকবা	2
কোনটায়	2
খুয়াইলি	2
মোটকাটার	2
কাটাসুদ্ধা	2
ধরলা	2
হাজিরার	2
ডাইনে	2
ঘোর্	2
কারারক্ষী	2
নিয়মঃ	2
ঈশ্বরনিন্দা	2
হেলাফেলায়	2
নর্টনঃ	2
গরাদগুলো	2
কাঁদবেই	2
লিখ্যা	2
নিতাছো	2
শিশশ	2
পুরানোরা	2
নতুনগুলাকে	2
পায়ুকামী	2
ফর্শা	2
লাগাইছি	2
নিতেছে	2
গরাদটা	2
গাটারে	2
শোঁক	2
সব্বার	2
মটুটাকে	2
কইসা	2
মাসেরও	2
ট্যানয়	2
বুরওয়েল	2
মাইকা	2
পায়ুকামীরা	2
খোয়াবে	2
চুইংগামও	2
হেক্সলাইট	2
হারতো	2
আউটডোরের	2
মৌজই	2
একশোরও	2
আঙ্গার	2
বেরাদররা	2
পার্সেন্টও	2
পালাইছিল	2
উকিলটা	2
আয়কর	2
গদাম	2
চৌক্ষে	2
কপালডাই	2
ছিবড়ে	2
দাঁড়ায়ে	2
ছাদেই	2
হেওয়ার্থ	2
খাবারটাও	2
ভুলচুক	2
খিয়াল	2
কৈরা	2
দুয়েকটা	2
সমিতিতে	2
ডিকিনস	2
ডিকিনসের	2
মিলালো	2
শশাঙ্কের	2
খাজনার	2
মারবা	2
সেটুকু	2
ব্রুকসঃ	2
হুলুস্থুল	2
রিক্ত	2
ছটফটে	2
কুঠুরির	2
হারমোনিকা	2
যাবজ্জীবনের	2
ল্যুইস	2
শিক্ষামূলকের	2
দুম্বা	2
পাঠাগারে	2
নাআআ	2
প্রকল্পটা	2
কেকটার	2
নম্বুরি	2
জমার	2
লন্ড্রিতে	2
পোর্টল্যান্ডে	2
খালকে	2
সাধ্বী	2
ওয়ার্ডেনও	2
স্টিভেন্স	2
ছুপা	2
সাফাইয়ের	2
গাপ	2
ভাঙচুরের	2
পিচ্চিকাল	2
১৯৬৬	2
ফুরানোর	2
এলমো	2
বলেছিলো	2
পরকীয়া	2
স্বজনের	2
কদ্দিন	2
মেক্সিকানরা	2
ফ্রস্টের	2
দিলামই	2
রক্ষীঃ	2
অস্থিরতায়	2
কয়েদিকে	2
আরেকবারও	2
মানিকজোড়	2
ভূতত্ত্ব	2
দুর্গন্ধের	2
নীরবতার	2
চাঙ্গে	2
পুর্নবাসন	2
প্যারোলের	2
ভাঙলাম	2
পাতিহাঁস	2
পাতিহাঁসের	2
পোট্যাবল	2
কুমড়ো	2
খরগোশ	2
প্রত্যেকই	2
হ্যান্ডডেট	2
অ্যামস্টারডামের	2
ফ্রাইয়ের	2
জনপ্রিয়তার	2
একটিতে	2
প্যাকরাও	2
কাঁচে	2
ফিকশন	2
স্পাইট	2
ঘটালাম	2
স্বৈরশাসকদের	2
ভিগা	2
অ্যামস্টারডামে	2
আক্কেল	2
টাকওয়লা	2
শরীরলের	2
নিপলে	2
ছিদ্রগুলো	2
জিহ্বাতে	2
পাণ্ডা	2
দিনগুলোতেই	2
গ্রামই	2
ত্রুডি	2
মোটরগাড়ি	2
কারগাড়ি	2
লিঙ্ককন	2
কুম	2
প্রানঘাতী	2
বিভ্রান্তবোধ	2
টেস্টটা	2
ওয়েটারটা	2
মনোরস	2
ডিউটির	2
ট্রফিটি	2
রুমকে	2
তালের	2
টোকে	2
গর্দফটাকে	2
টোট্যাম	2
কুলেজ	2
সৈন্যগুলোর	2
উনাকি	2
ইন্দো	2
বক্সারকে	2
্যাবের	2
লবস	2
স্কটিকে	2
ছড়াচ্ছি	2
সেক্সির	2
বাড়াটা	2
কিয়ামত	2
জাপাতোরিয়া	2
ড্রিম	2
মোটরবাইক	2
বিলিভ	2
হুণ্ডা	2
সলিটেয়ার	2
চালাচ্ছিলেন	2
উপো	2
আর্তনাদের	2
জেডের	2
পিস্তলটি	2
খেয়ালী	2
মারভিনের	2
পর্বতময়	2
টুলুকা	2
টারান্টিনো	2
সংরক্ষণাগার	2
বিয়েকে	2
কোঠার	2
ওয়লফে	2
অথিতিরা	2
টুকরোগুলোকে	2
সিটগুলো	2
মেসের	2
শার্টগুলো	2
অনর্গল	2
ব্রিফক্রেসটা	2
ফাইটা	2
ব্রিফক্রেসে	2
ব্যক্তিত্বকে	2
অংশেই	2
ব্রিফক্রেসটি	2
অধীনের	2
পনেরশো	2
ম্যাচটি	2
সেবনের	2
মেনাডের	2
অভিজ্ঞতাকে	2
পরিস্থিতিকে	2
ধান্দাবাজি	2
নোটিশের	2
ইঞ্জিনরুমে	2
লাফানোর	2
ক্রিস্টিনের	2
বলসিলাম	2
জাগসে	2
ডুরান্ডকে	2
নেগোশিয়েট	2
রোমানফকে	2
রোমানফের	2
সিপাহীকে	2
বাজত	2
হ্যালিক্যারিস	2
রিপালসার	2
পরিসীমার	2
থ্রেট	2
এ্যনালাইস	2
গ্রেটেস্ট	2
রাষ্ট্রনায়ক	2
ত্যাগস্বীকারের	2
সোলজারে	2
কমান্ডোস	2
নাৎজির	2
তুষারঝড়ের	2
মানুষটিকেও	2
সঠিকটাই	2
কার্যকরিতা	2
জলদুস্যুরা	2
পাইরেসিকে	2
হ্যালিক্যারিগুলো	2
সেলফিও	2
ব্যাগকে	2
উসেইন	2
রাইলিকে	2
ক্যালকুল্যাট	2
অন্যপথ	2
প্রতিচ্ছেদ	2
জাগার	2
তেজি	2
মেটালের	2
ব্যালিস্টিক্স	2
নেইবার	2
বোগটায়	2
সিকিউরিটের	2
সুয়ারেজ	2
আলজিয়ার্সের	2
ব্যাট্রকের	2
শেষটি	2
ভিচের	2
ভিচ	2
এলমার্স্ট	2
ক্লাসিফায়েড	2
বেচাকেনা	2
নিকই	2
জিনিষকে	2
সমন্বয়কারী	2
এডমিনিস্ট্রেশন্স	2
বাল্টিমর	2
রেগান	2
ফিউজিটিভ	2
ওডেসার	2
ইঞ্জিয়ারের	2
পালাবেনা	2
মালওয়্যার	2
তৃতীয়তে	2
ক্যাম্পেই	2
ব্যারেকের	2
নাতালিয়া	2
আলিয়ানোভনা	2
আর্নিম	2
ডেটাবেসে	2
পেপারক্লিপ	2
সায়েন্টিস্টকে	2
ইনসাইটের	2
টাইমটেবিল	2
জোলাকে	2
সিটওয়েলও	2
বায়োডেটা	2
বাখমালা	2
খান্দিল	2
মিডে	2
ষ্টীলের	2
নির্বাচনী	2
একাউন্টিংয়ের	2
ল্যরা	2
লিলিয়ান	2
টপার	2
স্ট্র্যাঞ্জ	2
হ্যালিক্যারির	2
নড়বরে	2
অক্ষকাস্থি	2
টেট্রোডোটক্সিন	2
পাল্	2
শতাব্দীকে	2
অর্ডারই	2
কুশন	2
বায়োমেট্রোকালি	2
ডিশের	2
কিছুদিনে	2
আদেশও	2
হায়ড্রারও	2
চেপেছিল	2
বোগটা	2
স্ক্যানও	2
নর্থওয়েস্ট	2
পোটোম্যাকে	2
ডুবেনি	2
জড়িওনা	2
স্ট্রাকার	2
ভলান্টিয়ারদের	2
টুইন্স	2
বছরখানিক	2
আঙ্গিনায়	2
অপাররেশন	2
এ্যামেজিং	2
স্কান	2
ভরসাযোগ্য	2
সাগরেদকে	2
শোঁকে	2
হয়েচজে	2
ফাহিমহাম্মাদ	2
ফেইসবুকআইডি	2
রিচারটা	2
নিম্নমানের	2
জীবনটাতে	2
অগ্রীম	2
যেকারণে	2
হারেন	2
বেরনের	2
গিয়ছিলো	2
বুনতে	2
কার্যকরভাবে	2
পরিবারগুলোর	2
রিচারের	2
বন্যেরা	2
সমুদ্রপাড়ে	2
রিসি	2
ফেলাস	2
প্লাজা	2
ড্যারেনের	2
দৈবক্রমে	2
লিস্টও	2
দেহগুলা	2
শিকারীকে	2
সালফারের	2
সারমর্মে	2
বিন্দুর	2
সনাক্তকরণ	2
১টি	2
১ঘন্টা	2
খেলোনি	2
নিজহাতে	2
জেককে	2
প্রতারককে	2
নাড়ে	2
মাছটি	2
৩৮০	2
বেজেই	2
রেমন	2
চিরকালই	2
ডায়ারে	2
ভরন	2
ডাটনের	2
পোষণের	2
ক্যান্ডেন্স	2
পিছনেও	2
সেকারণে	2
খুঁজলে	2
ঘাটির	2
নামজাদা	2
মুরক্রফটের	2
সালিভান	2
জজের	2
বাঁধিয়েছো	2
লকড	2
পরিবহণ	2
চিনেছো	2
বাগ্রামে	2
পিমব্রোকে	2
ঘুরেছো	2
অরলিন্স	2
দাবীর	2
খিদায়	2
সুখকে	2
প্রুডোমের	2
বাগ্রামের	2
বাঁধলো	2
ফ্রাঙ্কফুর্ট	2
থামোই	2
এসপিনকে	2
নিকোলস	2
ওয়ার্ফ	2
নিকোল	2
দেনার	2
গুপ্তচরবৃত্তির	2
আঁশ	2
তন্ময়	2
প্রতিদ্বন্দ্বি	2
ডেভিল	2
জেভিয়ার্স	2
অগ্রবর্তী	2
ফেলছনা	2
ওপাশেই	2
দৌড়ও	2
উপকেন্দ্র	2
আগ্রাসনের	2
ইউনিয়নের	2
সুপারপাওয়ার্স	2
লেনসার	2
নাইটক্রলার	2
ওয়্যাগনার	2
ভেক্টর	2
শক্তিশালীদের	2
প্রফেসরও	2
পাঁচগুণ	2
তাৎক্ষণিকভাবে	2
পৃথিবীটাও	2
সংযোগের	2
যুক্তরাজ্যের	2
বিবরণে	2
উত্পন্ন	2
সির	2
চৌম্বকীয়	2
উপাদানে	2
আয়রন	2
নিকেল	2
জনতাকে	2
নাইটক্রাউলারকে	2
ধবংসের	2
সহযোগীতায়	2
গ্রান্ডপা	2
ধস্তা	2
কেসটি	2
সাক্ষাৎকারী	2
ব্যালকনি	2
শ্রেয়ার	2
যীশুই	2
মেলবিনকে	2
পাইপলাইন	2
প্রতিটাদিন	2
ফিলিপকে	2
আত্নবিশাস	2
মেলভিনকে	2
সাইলেক্সকে	2
এনজেল	2
শিশুটাকে	2
বল্লো	2
পিকআপ	2
টিফিন	2
চিন্তাধারাও	2
অপরাধগুলোর	2
রহস্যটার	2
সোনাটাকে	2
হরেক	2
ন্যাওটা	2
বীণ	2
বদ্ধমূল	2
জন্মবার্ষিকী	2
এতোক্ষন	2
দিবার	2
কোনহানকার	2
পিষি	2
যেইটা	2
কালাচান	2
চলাচলে	2
অর্ধমৃত	2
ঐশ্বর্য	2
বেহেশতের	2
মরমু	2
সারাভানাকে	2
মিলায়া	2
খাটনির	2
যাইতেছি	2
মিচকা	2
শয়তানে	2
শাড়িটাও	2
বলতেছিস	2
খোপায়	2
চিপক	2
বিলবোর্ডে	2
সেইজন	2
মুসিবতের	2
পরকিয়ার	2
ট্যাকার	2
নির্মাতার	2
হইতেছেন	2
চৈতন্য	2
হিমশীতল	2
আইয়ুশমান	2
বিজ্ঞাপনটা	2
ধূলোয়	2
বাপকা	2
চৌকষ	2
আবেগটা	2
করিতকর্মা	2
ছিমছাম	2
পাইছিল	2
লতায়	2
পাইরা	2
কাদছিলাম	2
অবিবাহিতা	2
প্রপিতামহ	2
আসক্তির	2
ওয়াচমেকার	2
গরিবের	2
ঘরির	2
লক্ষনটা	2
পাগলপারা	2
নাটবল্টু	2
খাওয়ালাম	2
কুদরত	2
টেংরি	2
রাঘু	2
যাতনা	2
স্কুলটাকে	2
রামান	2
অভিভাবকদের	2
মাসাধিক	2
মহিয়সী	2
ওপরেও	2
ট্রাভেলার	2
কালাই	2
গতিসম্পন্ন	2
টাইগ্রেসের	2
নুডল	2
গাইরালা	2
ট্রাইগেস	2
বাঁচাইছে	2
টোই	2
কিকিং	2
এগুলাই	2
খরগোশদের	2
অপেক্ষারত	2
বোঝাপড়ার	2
পান্ডার	2
ওয়ারিয়রের	2
গন্ডারের	2
গন্ডার	2
যন্ত্রসঙ্গীত	2
জিঙ্গস	2
নিত্যনৈমিত্তিক	2
চিনছি	2
সজারু	2
যুদ্ধক্ষেত্রের	2
নেয়াও	2
তিরিশ	2
ক্রমান্বয়ে	2
সাধ্যানুযায়ী	2
মেং	2
তুত্ত	2
রাত্তে	2
মতানৈক্যের	2
অনুশোচনার	2
হোও	2
পান্ডারা	2
একশতম	2
ভাগ্যবরণ	2
চাক্কু	2
কমিউনিটিতে	2
দিকভ্রান্ত	2
ওয়াক্সি	2
কাইয়ের	2
তোত্ত	2
বাবুটার	2
ফিঙ্গার	2
হোহ	2
উইই	2
এহহ	2
আব্বুদের	2
লল	2
বিশারদ	2
হোওও	2
নাহহ	2
পোকে	2
পাপড়ির	2
সঞ্জীব	2
ইনশাল্লাহ	2
ফাওয়াদ	2
রক্তটা	2
কুয়েতীদের	2
৩টায়	2
সরকারে	2
নায়ারকে	2
ক্রেনে	2
নায়ারের	2
বডির	2
লিষ্ট	2
সুপারমার্কেটে	2
সুপারমার্কেটের	2
প্রেসিডেন্টও	2
শৃঙ্খলাই	2
বেধেঁ	2
২রা	2
বাচঁলাম	2
হুসাইন	2
ক্লিচা	2
বাংলাদেশি	2
মুশকিলের	2
আমনার	2
মন্ত্রীজী	2
বাবুমশাই	2
কিনতো	2
মসলাদার	2
আরবীতে	2
নামলেন	2
কাগজপত্রও	2
চেপকার	2
উজার	2
মুবারক	2
উড়িয়েছে	2
খায়ালা	2
কাশেম	2
ডালপালাযুক্ত	2
অক	2
কিরুপে	2
পন্য	2
হেহে	2
বায়ুমণ্ডল	2
আক্কাস	2
জানিসনা	2
ঘুণাক্ষরেও	2
ফুড়ে	2
শুনাইলা	2
কেটেছ	2
বিদ্যুৎচমক	2
মাছিও	2
অফকোর্স	2
কেন্দে	2
পিপসকুইক	2
খাটটা	2
আইলাম	2
চোখেচোখে	2
পুকুরুৎ	2
ছাপে	2
চেনই	2
বোঝাবুঝির	2
খাতিরেই	2
ভাতে	2
অস্বস্তিতে	2
অসুন্দর	2
প্রশাসনিক	2
রেধে	2
হেয়ারের	2
মাইন্দার	2
ছুহ	2
বিশ্রি	2
যানি	2
উইগিন্স	2
ঝোঁক	2
গোঁফটা	2
ড্যাফডিলের	2
গিতা	2
সুঠাম	2
গড়ম	2
আচুদার	2
ঠাপাও	2
মারমু	2
ক্রাস্ট	2
গোলফ	2
ঐডা	2
চুদাই	2
চেনতা	2
ভাংখোর	2
আবালডারে	2
দিতা	2
শুক্রবারটা	2
চেতনাদণ্ডে	2
চাছ	2
ম্রা	2
খুচা	2
মুহর্তে	2
পাইতাছে	2
ভাংখোড়	2
উচা	2
২৭৫	2
মহামানব	2
স্ক্রীপ্ট	2
তাগিদে	2
ধীরেধীরে	2
এভাবেতো	2
ঘরই	2
ডেডপুলকে	2
পেচাল	2
রেহমানের	2
নিস্তব	2
নিরবতার	2
ফেবুতে	2
টাইমলাইন	2
মাসিকের	2
বানাইয়ো	2
বক্তিতা	2
সিরামের	2
কবিরা	2
ব্যথিত	2
ফাইচ্ছা	2
সমস্যাডা	2
সহযোগি	2
প্রিয়জনকে	2
ভাংছে	2
রবিনও	2
পলাতকের	2
মনেকরো	2
ভ্যানেসা	2
ফ্র্যান্সিস	2
ইমো	2
হাসিমুখ	2
চুদা	2
১১৬	2
আনছিস	2
কিডানাপ	2
এইজন	2
তুতেন	2
ঘামের	2
দুষ্টামির	2
বাহারি	2
ছন্দটা	2
বাঘা	2
ফ্লাইওভার	2
সুবিধাগুলো	2
অরফ্লোসকি	2
পোড়ে	2
মার্গারেটের	2
নাগাসাকির	2
গিলছো	2
ফেল্	2
গামলা	2
বাঁশের	2
কুতকুত	2
লাইফটা	2
ওষুধপাতি	2
ধারাভাষ্য	2
বেধড়ক	2
নূরানি	2
গেছস	2
পথ্য	2
৪১টা	2
বিক্রেতাদের	2
সফলও	2
সিনেমাতেও	2
পচানি	2
স্পয়লার	2
ভালমন্দ	2
অস্বস্তির	2
ডিএনএকে	2
একেকভাবে	2
আমদানিকৃত	2
আগেরগুলো	2
নায়লা	2
ইরানী	2
জঙ্গীবাদি	2
কুত্তারে	2
ক্ষেপা	2
চাপাতি	2
বলবিই	2
বয়ষ্ক	2
হারবাল	2
নুসরাত	2
খোকাবাবুর	2
ছোকরাটাকে	2
জন্য৷	2
উইলসনকে	2
অন্ধত্বের	2
কলকাতার	2
বনেটে	2
বনেটের	2
টাকি	2
স্টাইলেই	2
বানায়ে	2
মাদারচোদটার	2
খারাপকে	2
জাইংগা	2
বিস্টকে	2
তুলনাই	2
মুনমুন	2
প্রোস্ট্যাট	2
হাস্যরসের	2
বেগমের	2
কস্টিউমে	2
বদমাইশগুলা	2
চুষতাসিস	2
ক্রুগার	2
কাটামু	2
পেয়ারার	2
অপদার্থের	2
স্লোগানের	2
ওয়ার্স	2
এটুকুতে	2
ট্রাঙ্কটা	2
ড্যাশবোর্ডে	2
বদভ্যাস	2
অবকাঠামো	2
ধাপের	2
বিশ্লেষকের	2
মুক্তমনা	2
গাধাগুলোর	2
সর্বাধিনায়ক	2
ভংগ	2
প্রায়শই	2
পরিছন্ন	2
সন্ত্রাসবাদের	2
ম্যালওয়্যার	2
মননশীল	2
ম্যাকআস্কিল	2
গ্লেনের	2
গার্ডিয়ানের	2
ভাবমূর্তি	2
সাংবাদিককে	2
গিনেজ	2
আইনজীবিদের	2
ত্রুটিগুলো	2
আপত্তিপত্র	2
বুখারেস্টের	2
চার্চইয়ার্ড	2
অজগর	2
কিওয়ার্ড	2
দূতের	2
বাগাতে	2
লাদেনের	2
সৌদি	2
বালিশে	2
ধরাতে	2
পরিচিতরা	2
মধ্যপ্রাচ্যের	2
কোটিপতিকে	2
ম্যাককেইন	2
কলোরাডোতে	2
লুকোচ্ছি	2
অজুহাতের	2
বদলী	2
সিএনএন	2
নিরাপত্তাকে	2
আচ্ছে	2
জনগণই	2
জাপানীদের	2
ব্রাযিল	2
যৌণ	2
ফুজি	2
হুইসলব্লোয়ার	2
লাগাতার	2
তথ্যভান্ডার	2
এডের	2
মিডের	2
আদেশনামা	2
সংস্করণে	2
ভেরিযন	2
গুপ্তবৃত্তি	2
বাড়িয়েছ	2
দেখাওনি	2
পুফ	2
পরিবারটাই	2
বোয়ালদের	2
পলিগ্রাফে	2
লিন্ডসের	2
এনক্রিপটেড	2
গণমাধ্যমকে	2
ওবামাকে	2
বাড়াচ্ছে	2
তিনতলায়	2
টিব্বোর	2
সমর্থকেরা	2
হ্যাকারকে	2
শাসনামলে	2
পাসপোর্টটা	2
সোচ্চার	2
অধিকারগুলো	2
ফোনালাপ	2
যতটুকিম্রিয়মাণস্মৃতিআমারছিল	2
বৃশৃঙ্খল	2
এসবঔষধনিয়েইকিতুমি	2
প্রাকটিসকরেছ	2
দাঁতগুলি	2
যখনবিদ্যুৎপ্রবাহতোমারমস্তিষ্ককেআঘাতকরবে	2
সত্যিসত্যিইতোমারজন্যদারুণকিছুএনেছিআজকে	2
এটাকিসত্যি	2
সেএকঅবলার	2
হাতখেয়েফেলেরেখেছিল	2
এইযেএদিকেএটাদেখ	2
গন্ধকমিশ্রিতরাবার	2
তোমাকেধরারজন্যআমাকেবাধ্যকরনা	2
টাবারকিকিছুলাগবেতোমার	2
যাওওরখাওয়ারব্যবস্থাকর	2
আজরাতেতোমারমন	2
মানষিকতারকিঅবস্থা	2
আমিডাবলচিজবার্গার	2
পিয়াজেররিং	2
আরসামান্যবাধাকফিরসালাদএনেছি	2
আরএকটিবড়	2
সড়চামড়াছাড়ানোছাগল	2
আমিএমনটাকরছি	2
দায়িত্বরত	2
গেইটটি	2
এখনতারামেশিনকেপুজাকরে	2
তাইআমিএকটিমেশিনবানাবযাতাদেরসবাইকেধ্বংসকরে	2
ক্রিসের	2
যেয়না	2
দেখদেখকত	2
সুন্দরআলো	2
মানুষবাচানোরকাজকরিনা	2
ফ্লাগকে	2
স্বাধীনতারে	2
সেটাত	2
বাস্টাডের	2
থাইক	2
মানুষখেকোরে	2
হয়েছেতো	2
এইলোকটির৩০০০	2
এরঘড়িআছে	2
এমূহুর্তে	2
তুমিআমাকেসফলহতে	2
সহায়তাকরবে	2
আরআমিতোমাকে	2
টেনেতোলারব্যবস্থা	2
ওয়ালারপুতুলেরমতোদায়িত্বপালন	2
তুমিআমারজন্যবলারমতোকিছুই	2
করতেপারবেনা	2
আমারপর্যাপ্তপরিমাণেনিজস্বলোকরয়েছে	2
তোমাকেটেনেতোমারমতো	2
তুমিকেবলসবাইকেঐটার্গেটকরাবিল্ডিংএনিয়েযাবে	2
আরআমারপুনরুদ্ধারেসহায়তাকরবে	2
ঐএক্সট্রাকশনহেলরউপর	2
আরতুমিনিশ্চয়তাদিচ্ছযে	2
আমিআমারপ্রপ্যটাপাব	2
হ্যাতুমিপাবে	2
তুমিপাবে	2
তুমিকেবলভালকরেশুরুকর	2
অদিকে	2
বোকামাথা	2
খেতেওকি	2
লোকটিকে	2
আগেত	2
শুধমাত্র	2
রেস্টুরেন্টোই	2
চাকতে	2
চিকিৎসকের	2
ঘৃনাও	2
দেওরে	2
এ্যাথলেটিক	2
মুখশের	2
নেশাগ্রস্থের	2
আমিঅপ্রিতীকরকিছুরগন্ধপাচ্ছি	2
আমিচাইতুমিঅন্যান্যদেরসাথে	2
ভালব্যবহারইকরবে	2
সেল্যুট	2
আমরও	2
তুমিকেনবললে	2
লেন্ডিং	2
সিতোমাকেকোনটাদেব	2
ব্লাডিমেরি	2
ড্রিকংসমস্তিষ্কেরকার্যক্ষমতানষ্টকরেদেয়	2
সিপৃথিবীতপ্রায়ধ্বংসেরপর্যায়ে	2
আমাদেরসাথেএকটুড্রিংসকরতেইপার	2
এইতলাইনেএসেছে	2
একটাবিয়ারদাও	2
তোমাকেকোনটাদিব	2
গরমবস্তু	2
এটাএকটাচমৎকারআইডিয়া	2
আমিআসলেনিজেকেএকজনজায়গাবদলের	2
বিশেষজ্ঞদেরসম্পদবলেভাবতেপছন্দকরি	2
তোমরাত	2
আমাদেরসবাইকেব্যর্থহওয়ারজন্যইবাছাই	2
করাহয়েছে	2
হ্যাআমিসেটাজানি	2
তারমানেএখনতুমিআমাদেরবলবেযেফ্লাগের	2
সাথেতোমার	2
গোপনচুক্তিটি	2
সেটাইযাওয়ালারআমাকেঅফার	2
তোমাকেহত্যাকরা	2
বাবাহওয়ারএকটিসুযোগ	2
বাইরেরএকমুক্তজীবনেরপ্রতিচ্ছবিরসুযোগ	2
আমিফ্লাগকেবিশ্বাসকরি	2
এইলোকটাকেআমারভাল	2
লোকজনআমাদেরভালবাসে	2
আমরাসাদামাটাথাকতে	2
কাদাঁ	2
আমিভাবতামভালবাসাএকটা	2
ফালতুজিনিস	2
যাইবলনা	2
সাত্যিকার	2
তোমারপিছনেআমিআছি	2
এটাসত্যনয়	2
বাচাঁলাম	2
আরতুমিআমারআইনীনিয়ম	2
কানুনগুলিবুঝ	2
তুমিএখনকি	2
হৃদয়য়ের	2
হন্য	2
দুঃসময়ে	2
নারিকেলটি	2
নারিকেলের	2
তাঁরাকে	2
নৌকাটিকে	2
গড়ব	2
উপকুলে	2
সাগরকে	2
উত্তরটি	2
মহাসমুদ্রের	2
মারপ্যাঁচ	2
মতু	2
বাধাপ্রাপ্ত	2
হৃদয়টিকে	2
উপদেবতাকে	2
নড়ানোর	2
মাউইএর	2
সত্তিকারের	2
লালোতাই	2
ধনাঢ্য	2
নানিয়া	2
অন্ডকোষগুলো	2
পূর্বমুহূর্তে	2
অন্ডকোষের	2
গন্ধযুক্ত	2
চিন্তাগ্রস্থ	2
জীবনীশক্তিকে	2
নাশ	2
সূর্যোদয়ে	2
চেওড়া	2
মোটামাথা	2
দুঃখভরা	2
পশুরাও	2
অতৃপ্তির	2
লচেল	2
মাতারা	2
সিবা	2
হৃদয়েও	2
মহাশোকের	2
সৃষ্টিকর্তাদের	2
কুকুল্কান	2
গৌরবকে	2
সুযোদ্ধা	2
ককুল্কানের	2
এক্চুয়াহ	2
মদ্যপদের	2
মেয়েটেই	2
স্কিয়ের	2
এখানো	2
আগমণের	2
ইমপ্রুভ	2
ভাষাগত	2
ক্রেডিটও	2
৮০০০০	2
ক্যাথলিকদের	2
থাকাকালিন	2
ম্যানিলায়	2
টাবার	2
ম্যাট্রেস	2
সিনেটের	2
রাজপরিবার	2
রাষ্ট্রপ্রধান	2
মোনাকোর	2
ক্যাথেড্রালের	2
জ্যাকেল	2
বুঝিয়েছ	2
এবিতে	2
রাস্তাঘাটের	2
ডাউনিং	2
স্টিংগারস	2
এমব্যাসিতে	2
এইমুহুর্তে	2
গাট্টিবস্তা	2
নিরাপরাধ	2
আঘাতেই	2
লন্ডনকে	2
মিলিটারিরা	2
জ্যাকলিন	2
ব্যবহারই	2
এমব্যাসি	2
একশর	2
বসোনা	2
পতাকাও	2
ফেছি	2
চোখকান	2
বড়ড়ড়	2
খুলেছো	2
অপচয	2
রুটিতে	2
ঠোকর	2
পরিপূরকের	2
টিচাকে	2
ময়ূরই	2
চাপড়িয়ে	2
চাপড়ালেই	2
ডাকতেন	2
দাড়াচ্ছেন	2
শান্তশিষ্টই	2
জড়াচ্ছেন	2
ভালবেসো	2
নিবেদিতা	2
বাচিয়েছেন	2
গলালেন	2
ঝামান্ডে	2
অতোদূরে	2
চেতনকে	2
ফুচ্চুত	2
মুরুগা	2
ভ্যাকভ্যাগ	2
অসভ্যটায়	2
ঘুমাচ্ছিস	2
মোগোই	2
থিরুভান্মায়ুর	2
ওডার	2
দিকা	2
ইলায়থালাপতি	2
থিরুভাল্লুভারের	2
ভাইঙা	2
বেমালা	2
বোর্ডেরও	2
ঠিকতো	2
নায়লাপুরের	2
পারিবারিকভাবে	2
সুব্যবহার	2
অঞ্জনাকে	2
জ্যোতিষীটা	2
তুকি	2
কিনেন	2
নেছে	2
গুন্ডাটার	2
গোঙ্গাটারে	2
আয়ে	2
সবমিলে	2
আরক	2
গনেশের	2
বুঝাইলা	2
ইন্টার্নশীপ	2
ঠালা	2
সংবহনতন্ত্রের	2
চোখের	2
ট্রাজেডিই	2
রয়েপেট্টায়	2
সুমলতাকে	2
মিটারওয়ালা	2
বদলেছিস	2
চেনগালপেট	2
পোগো	2
করানোটা	2
ভিজয়কে	2
ব্যাগপত্রসহ	2
তাম্বারামের	2
লোফারের	2
ব্যবস্থাপকের	2
বন্ধুবান্ধবও	2
সবগুলে	2
দুরত্বের	2
কানাইয়া	2
ম্যাজিস্ট্রেটও	2
নাড়িরও	2
ধর্ষকরা	2
আইনজীবিকে	2
খবরকে	2
যেখনে	2
নেতে	2
ফুসকুড়ির	2
ধর্ষককে	2
অফিসারও	2
সন্ধের	2
ফ্লাশব্যাক	2
বিশ্বনাথান	2
মোহানসমুদ্রম	2
বন্ধনকেই	2
সৎপথে	2
পল্লবীকে	2
শেফকেও	2
পানিয়ারাম	2
শুনাচ্ছি	2
দীপাবলিতে	2
কফিটুকু	2
টেনেটুনে	2
সিনটাও	2
সাধারনভাবে	2
মিলাবে	2
সুইটু	2
চাকরিকে	2
শ্বাশুরীমা	2
নিভিই	2
মনুকে	2
দীপাবলির	2
ভাজছিলাম	2
মার্ডারটার	2
নিভিকেও	2
তাকালেও	2
চেটার	2
মিসকে	2
শিক্ষাসফর	2
বেবিরা	2
কুট্টার	2
কেঁদেছো	2
চালককে	2
গনেশা	2
শুক্লা	2
গনেশান	2
থানায়ই	2
স্বভাবমতোই	2
চান্দ্রুকে	2
৩৭৭৭	2
ধোঁয়াটে	2
পেশাদারীদের	2
রত্নাম	2
নিরাত্তা	2
কনট্রাকটর	2
সাইথ	2
স্বজনও	2
কারিকালানের	2
মৃত্যুভীতি	2
বহুতলা	2
ঘাবড়ে	2
সতিষ	2
রিভার্সে	2
পরলি	2
কেরাল	2
হণ্যে	2
গাধাটাও	2
আইসাক	2
যেনামে	2
হানাদারী	2
বেয়াদবী	2
বাবারাও	2
শিবি	2
পাল্টালাম	2
ফন্ট	2
সান্স	2
সেরিফ	2
সাইরাস	2
পড়ান	2
আর্নেস্ট	2
জিজ্ঞাসিত	2
প্রিজনার	2
অনুপ্রবিষ্ট	2
স্ক্যামারদের	2
ঘোরান	2
কূপের	2
কিয়েভ	2
দাঁড়াচ্ছে	2
যোহন	2
তামিলনাড়ু	2
ইমেল	2
চাওয়ার	2
থট	2
কন্যাগণ	2
প্যারাশুট	2
প্রজ্ঞাময়	2
মানসম্পন্ন	2
সেক	2
উড়তে	2
অনুভূমিক	2
ডুবিয়ে	2
আপনজনেরা	2
ফেলতেছে	2
ভ্যাম্পায়ারকে	2
এমিলা	2
রীতিমতো	2
লাইকানের	2
আপনজনকে	2
হুমকিটা	2
ওইদিকেই	2
শামলে	2
১৫শ	2
বেঁচেছি	2
সেইতো	2
এমার্জেন্সি	2
নিউরোলজিক্যাল	2
বিমানবাহিনীর	2
হাটছিলো	2
প্রিন্টে	2
খূঁজে	2
সি৭	2
সি৮	2
সেটাকেই	2
নিরিক্ষার	2
সাতবার	2
উদ্ভিদনাশক	2
ঢেঁড়শ	2
একঘেয়ে	2
চাঁচল্য	2
চমত্কারভাবে	2
এশিয়ান	2
জঙ্গী	2
মুষ্টিমেয়	2
বিশ্ববিদ্যালয়ে	2
কটিরেখা	2
ইঞ্জিনিয়ার	2
নাতিনাতনির	2
চান্দ্র	2
পাঠ্যপুস্তক	2
ঢালাও	2
পিলিং	2
থাকটি	2
বলখেলা	2
অস্বভাবিক	2
একত্রিশ	2
পদস্খলিত	2
স্যালভেজ	2
ব্যত্যয়	2
জনমত	2
আয়ারল্যান্ডের	2
বায়ুমন্ডলে	2
খেয়েছি	2
মূল্যায়ন	2
পিংস	2
পুষ্টিসাধন	2
মাপক	2
ব্যঙ্গাত্মক	2
কীটবিশেষ	2
পরামিতি	2
তিমিরে	2
যুগ্ম	2
শ্রেষ্ঠতা	2
স্পার্ক	2
রোগতত্ত্ব	2
আয়নাযুক্ত	2
যন্ত্রবিশেষ	2
আয়তন	2
বহুলাংশে	2
বায়ুমণ্ডলীয়	2
এন্ট্রির	2
বায়ুগতিবিদ্যা	2
নির্দলীয়	2
চিতান	2
প্লাবিত	2
জলমগ্ন	2
ড্রেন	2
পঁয়তাল্লিশ	2
অন্ত্যেষ্টিক্রিয়া	2
ঢুকিয়ে	2
ভাবনাটি	2
রিকার্সিভ	2
নক্ষত্রমণ্ডলগত	2
আয়ু	2
গ্রহাণু	2
দ্ব্যর্থহীন	2
ফেনিল	2
হিমায়িত	2
উদ্ধরণ	2
ডেডিকেটেড	2
বলবিজ্ঞান	2
অক্জিলিয়ারী	2
স্ক্রাবার	2
মহাফেজখানায়	2
ভাঁটি	2
ঝড়ো	2
হাওয়ার	2
উপজ	2
অ্যামোনিয়া	2
তুবড়ি	2
স্বনির্দেশকারী	2
লোয়ার	2
রেস্প	2
ত্রুটিপূর্ণভাবে	2
অপ্রবৃত্ত	2
স্খলন	2
ন্যাভিগেশানাল	2
শক্তিপ্রদত্ত	2
ঋণগ্রহণকারী	2
ম্যানুয়ালি	2
লঘিমা	2
ওয়াই	2
মাত্রিক	2
বাচক	2
তরঙ্গদৈর্ঘ্যের	2
গণনীয়	2
প্রসূত	2
স্বনির্ধারণ	2
স্বম্বল	2
শিরায়	2
পড়লাম	2
রিজেন্ট	2
রগরগে	2
কাহিনীগুলো	2
স্পর্শকাতর	2
এবোমিনেবল	2
ডায়লগ	2
মনযোগের	2
ইয়ার্ড	2
তাড়াহুড়ো	2
ঘটনায়	2
অপচয়ের	2
লাশঘরের	2
নিয়মে	2
ওয়াটসনের	2
এমিলিয়ার	2
সমাধানই	2
যক্ষ্মার	2
ময়না	2
হাডসনকে	2
ডিমও	2
বেয়াদবি	2
ওয়াইল্ডার	2
বাঁচবেন	2
হয়ই	2
জুয়া	2
রয়্যাল	2
সমাজতন্ত্রবাদীরা	2
স্কটিশরা	2
সহায়	2
ছিঁড়ে	2
লাগেই	2
দেখাননি	2
বিচিগুলো	2
রিভলবার	2
বিভাগটা	2
বিতর্কে	2
আবেগই	2
পাঠকেরা	2
ব্যাখ্যাটা	2
অপরাধস্থলে	2
নাটকীয়তার	2
তলিয়ে	2
রাইখেনবাখ	2
তাড়াতে	2
প্রাসাদটা	2
নিয়েছো	2
জেলখানায়	2
দ্রবণ	2
মিসেসে	2
ওনাকেই	2
মৃত্যুটাকে	2
কারমাইকেলকে	2
হতদরিদ্র	2
উন্মত্ত	2
পরিমিত	2
দলিলগুলো	2
পুঁতেছে	2
লাশটার	2
জাগিনি	2
মঞ্চটা	2
মাড়াতে	2
ওভারডোজের	2
নানাজান	2
গিয়ারটা	2
বান্দাকে	2
নাতিরা	2
মিশনগুলো	2
মানেন	2
সিস্ট	2
মারামারিও	2
কম্বাইনগুলো	2
অভিযাত্রিক	2
ধুলামাটির	2
কাঁটাতারের	2
অসংগতিগুলো	2
রসিকতার	2
হ্যাব	2
গোপনীয়তারও	2
সেটিংসও	2
এলুমিনিয়াম	2
ওয়ার্মহোলটা	2
ছিটায়ো	2
দ্বিমাত্রিকে	2
এনডিউর‍্যান্সকে	2
খেজুরে	2
গতিটা	2
গুণছি	2
ব্র্যাণ্ড	2
অল্পসল্প	2
ফর্টি	2
পুনরাবৃত্তিমূলক	2
কৃষ্ণগহবরকে	2
পর্যবেক্ষণযোগ্য	2
শুরুতেও	2
নেমেছিলাম	2
পৃষ্ঠতলে	2
স্বল্পতার	2
অহংকারে	2
কান্নায়	2
কিপের	2
গাড়া	2
আবেগটাই	2
চাপি	2
এনডিউর‍্যান্স	2
দোলনার	2
চালিয়েছিস	2
তরঙ্গদৈর্ঘ্যেই	2
পাঠালেও	2
বাইনারিতে	2
পরিমাপযোগ্য	2
মোর্সে	2
সত্তারা	2
৮৫০০	2
১৭০০	2
উপকথার	2
প্যেইজ	2
নাযিদ	2
রসদের	2
চুম্বকটি	2
রেজেটি	2
প্রহরীগুলোকে	2
ঝলকেই	2
তরবারিতেও	2
ধুয়োর	2
বুরুজ	2
শালির	2
গালিটা	2
দীনটির	2
লালগুলো	2
সৈন্যদলটি	2
চক্ষম	2
আকরে	2
ওটিই	2
সড়তে	2
সরলে	2
পালাবিটা	2
বুদ্ধিরও	2
পর্জটকদুটোকে	2
ওটারই	2
কূটনীতিক	2
খাটাই	2
জন্তুগুলোর	2
নৈপূন্যতার	2
নিপুণতার	2
নিয়মিতই	2
পশ্চাত্তদেশবাশি	2
সেনাদলে	2
হ্যারল্ডের	2
ড্যান্সদের	2
ব্যেল্যুউনদের	2
মনমুঘধকর	2
শস্ত্রই	2
প্রান্তই	2
গোড়ও	2
পেতেছিলো	2
সেনাপতিগণ	2
লীনের	2
চৌম্বকটি	2
জালই	2
আংটা	2
গ্রস্থের	2
মিশ্রণটি	2
পারাতে	2
তুলুক	2
এটিকেও	2
বগে	2
লোড়তে	2
শক্তিশালীরাই	2
বাদশাকে	2
সেনাপতিগণকে	2
বালার্ডের	2
অর্থলিপ্সার	2
যুদ্ধগুলো	2
পৌছনোর	2
নিরীক্ষাই	2
চৌম্বকটিই	2
খুঁড়েছে	2
দুরুত্ত্বই	2
স্থলেই	2
যেটিকে	2
বেধেছি	2
ক্ষতর	2
বল্লমটি	2
ফুচকিও	2
উত্তরপশ্চিমাঞ্চলের	2
৩৩০	2
ঢেউঁ	2
রক্তক্ষরন	2
পলায়ন	2
নোঁনা	2
ঔখানে	2
ছায়াপথের	2
গৌণ	2
উপাদানটা	2
হেনেছিল	2
পাখিগুলো	2
ঔদিকে	2
সরিয়েছো	2
মহিলাগণ	2
বয়স্করা	2
ভাল্লুককে	2
ভাল্লুকটাকে	2
পরিজনের	2
দাড়াঁন	2
ভূমিকম্পে	2
অবচয়	2
ওয়াকার	2
স্কোয়াডের	2
প্রতিভাবানের	2
ভাবপ্রবণ	2
চারের	2
শুনায়	2
নিষ্কাশনের	2
ওম্পাকে	2
রেজনিক	2
পরক	2
ওয়েক	2
ড্যামেজ	2
ওয়ান্ডারল্যান্ড	2
নড়বে	2
নিয়োগপ্রাপ্তরা	2
ক্যাসিউপিয়া	2
পরাশুনার	2
সাইদুলু	2
সাতপাল	2
ব্যবসায়ীক	2
চেকপোস্ট	2
হ্যালোও	2
ছিড়বি	2
কেমিক্যালসে	2
সুনন্দা	2
নিউরোলজিস্ট	2
বুজ্জির	2
বিধাতাই	2
পেয়ারি	2
ঐগুলা	2
আকশা	2
তারপরো	2
ফেলিও	2
স্টাডির	2
শ্রিনু	2
মানসিকতাও	2
এমএলএকে	2
ভেসপার	2
স্পেয়ার	2
সাক্ষাতটা	2
মাইনিং	2
তাড়ার	2
কিছুলোক	2
নিয়মবহির্ভূত	2
গল্পগুজব	2
রাখছিলো	2
ভালটাই	2
রিয়া	2
দায়িত্ববান	2
মানুষগুলোও	2
নিয়মও	2
ইস্যুতে	2
রিপেয়ার	2
মাধুরী	2
চন্দশেখর	2
বিস্ফোরণকারী	2
বমা	2
৬৬৮৮	2
নাগপুর	2
রেললাইনে	2
বাড়াবি	2
দাড়ানোর	2
কাসুন্দি	2
সুয়েনের	2
হাজারগুণে	2
প্রত্যেকটাকে	2
মেদুশি	2
বোধবুদ্ধি	2
দাঙ্গাবাজরা	2
জানমালের	2
দাইজিউনের	2
উপকন্ঠে	2
স্ট্যালিওন	2
কাদেরকে	2
ছাড়তেছিস	2
থেমেছিল	2
রিংটোনটা	2
কামড়ায়নি	2
হার্টঅ্যাটাক	2
ধাচের	2
অ্যারেষ্ট	2
যায়গার	2
টেনশনের	2
ইসকন	2
রুক্মিণী	2
জুটবে	2
অাসি	2
অাসতেছে	2
হায়াতি	2
ইউরোস	2
লইছে	2
বুঝতিস	2
অাহ্	2
নষ্টামি	2
বাড়াচ্ছো	2
ক্যান্ডিজ	2
অালান্দা	2
অাসার	2
অাসতেছি	2
ব্যাকসাইড	2
রামানাকে	2
ঢেকির	2
খেয়েছিলো	2
অাসবি	2
অাসল	2
কৃষ্ণকে	2
সম্ভবপর	2
কাদবো	2
মিত্যা	2
ঢেকিটা	2
মলিস	2
বুঝতেছো	2
অাস্তে	2
অ্যামেরিকায়	2
অাগেও	2
অাবারও	2
রোডটা	2
করতেছিলো	2
কতজনের	2
সিংগারা	2
অাসলি	2
কেদেছে	2
মানছেন	2
ছোকরাগুলো	2
১কোটি	2
অানবো	2
অামাকেই	2
বাশঁ	2
মেয়েগুলোকে	2
অাবারো	2
পোরা	2
সোনামনিরা	2
কাঁটানোর	2
পপটার্ট	2
কেল্যান	2
অস্টিনের	2
ভিত্তিতেই	2
প্রকৃতভাবে	2
ভাষণে	2
কোয়ার্টারব্যাক	2
সবেচেয়ে	2
১২শ	2
কংগ্রাচুলেশন্স	2
দেয়াটাও	2
শিক্ষার্থীরাই	2
রাষ্ট্রকে	2
নেতৃবৃন্দের	2
১০ম	2
ভিন্স	2
বেখেয়ালি	2
স্টুডেন্টকে	2
স্বস্তির	2
সাখাওয়াত	2
সনেট	2
সেলাইগুলো	2
বালামার	2
জাকার্তায়	2
ত্থামো	2
পেডেল	2
পোলাডারে	2
ডাকাতেরা	2
বাচ্চাগুলাকে	2
তেজো	2
জায়াগা	2
অনুভুতিটা	2
ডায়াগনোসিস	2
আইপ্যাড	2
মাইক্রোসফটের	2
মিনিমাইস	2
সারাথি	2
বোডিং	2
লক্ষণের	2
সম্বন্ধের	2
পচ্ছন্দের	2
গৃহবধূ	2
ব্যবধানে	2
বিহার	2
ফার্মাসিউটিক্যাল	2
কার্থিকেয়ান	2
বর্ণণা	2
ভেঙ্কাটাচালাপাথির	2
ম্যাগনেট	2
মেডাম	2
গোপণে	2
চাথুরাঙ্গা	2
কোন্দল	2
রাজিয়া	2
কোচিং	2
প্রদক্ষেপ	2
শ্রীঘরে	2
ওস্তাদি	2
রেফারিকে	2
নিনজারা	2
বোধিসত্ত্ব	2
ফিনল্যান্ড	2
তৃতীয়টা	2
ঢাকনি	2
স্প্লিনটার	2
জানিয়েছিস	2
টুকরাগুলো	2
বুনোশুয়োর	2
ক্যানিস্টারটা	2
ডোনাটেলো	2
রোমশ	2
রকস্টেডির	2
ডোনিকে	2
দফতরে	2
ডোনির	2
নাম্বারি	2
সংযম	2
আপোষের	2
ক্রিসলার	2
অনুপ্রবেশকারীদের	2
কাছিম	2
মেরুদণ্ডহীন	2
টার্টলের	2
ইয়াকিন	2
সাজ্জাদুর	2
তূর্য	2
মিনহাজুল	2
হীরন	2
এঙ্গেজ	2
৫৮	2
বাঁচাবার	2
পাকাচ্ছে	2
লেক্সকর্পের	2
লেক্সের	2
গোরে	2
ক্রিপ্টনিয়ান	2
শক্তিসম্পন্ন	2
প্রতিবন্ধক	2
মেটা	2
পরিবারেরও	2
ড্যান্সারের	2
একনায়ক	2
সাহারায়	2
ওয়েইনের	2
দাওয়াত	2
প্রমিথিউস	2
পার্টনারও	2
একতরফা	2
ধরেননি	2
মতবাদের	2
১৯৩৮	2
হ্যাজার	2
চটজলদি	2
আসনটায়	2
কর্মদক্ষতা	2
ক্রিপটনের	2
ফাটায়	2
বেড়েছিল	2
উজানে	2
জমিদারি	2
কদর্যতা	2
পৃথকীকরণ	2
বিমানগুলো	2
যোগ্যতাই	2
পোর্টের	2
মাথাও	2
পাপীকে	2
নিক্ষেপের	2
ক্রিপ্টোনাইট	2
পোর্টটা	2
শিশিরের	2
অখুশি	2
জমিদারী	2
নক্ষত্রপুঞ্জ	2
মুহম্মদ	2
শব্দাংশ	2
বলবোই	2
ভালোবাসিছ	2
একেছো	2
কলেজটা	2
সঞ্জয়	2
রোম্যান্স	2
হাসতেছো	2
কনফিডেন্সের	2
সাগ্রহে	2
হারাইছো	2
তুমিইতো	2
দোয়ার	2
চাউলের	2
আঁকলাম	2
রামকে	2
খুজেছো	2
মিক্স	2
জপান	2
নিয়োগের	2
পদচারণা	2
দীর্ঘতম	2
সিতার	2
বলতি	2
গেটাপে	2
চিটের	2
তমার	2
যাইতেছে	2
মানুষরে	2
বলকে	2
মাড়তে	2
লাভারকে	2
গেমটি	2
ন্য	2
ফরোয়ার্ড	2
তোমারতো	2
মুহুর্তটাকে	2
হেডলাইটকে	2
ফিলসপি	2
তুলছিস	2
ইনোসেন্স	2
উইশের	2
মল্লিকা	2
লুকিয়া	2
রিলেশন	2
চামুচ	2
বাস্তবিকভাবে	2
জবে	2
ভাঙবি	2
ঝুড়িটা	2
শিরার	2
হ্রদের	2
ঢুকাইয়া	2
ট্রাউজারের	2
পাটকাঠির	2
অস্ত্রটাকে	2
পাটকাঠি	2
পরতেও	2
ডসকে	2
ক্ষতবিক্ষত	2
প্রটেকশন	2
ক্যানন	2
যেমনভাবে	2
৯৬তম	2
গ্লোভার	2
জাপানীজরা	2
র‍্যালফ	2
বাংকারের	2
পালাবদল	2
নিশানাটা	2
ঝটপট	2
দশমিনিট	2
খুশীতে	2
কন্ঠস্বরই	2
পরিচালকদের	2
পাঁচার	2
দুনিয়াটাও	2
চেহারাটাই	2
অভ্যাসও	2
আরতুমি	2
ধাপই	2
হোস্টরা	2
ফ্যাসিলিটির	2
আনন্দগুলোর	2
সমাপ্তিটাও	2
সজ্ঞানে	2
আকৃতিটা	2
ওয়েস্টওয়ার্ল্ড	2
অ্যান্ডোরেট	2
ওয়েবপেইজ	2
ওয়েবস্পেস	2
ওয়েবব্রাউজার	2
গুগলগ্রুপ	2
অনুপম	2
গোস্বামী	2
রুবায়েদ	2
টাকাকে	2
মাত্থুকুট্টি	2
একটুকুও	2
প্রকাশন	2
ডিপোজিটের	2
চেকবুকে	2
১৪টা	2
ফরমটি	2
মসিনাগুড়িতে	2
কোনরকমভাবে	2
মোরগটা	2
সাবিত্রী	2
আগপর্যন্ত	2
আনারসের	2
জিনিসেরও	2
কোনখান	2
বিদ্যাজি	2
টাকাকেই	2
সান্তাফের	2
গ্রেহাউন্ড	2
কাটাতেই	2
মূর্ছনা	2
বাউলপনায়	2
অগ্রজরা	2
নিয়নের	2
ছটায়	2
ভাসাবে	2
শেক্সপিয়রইনলভকেসহআগেই	2
রুবী	2
ক্লিশে	2
প্রতীক্ষার	2
বাঁচিও	2
খুলিয়া	2
সফলদের	2
হগি	2
টুলে	2
কার্পেটও	2
দরবেশের	2
ট্যাটুওয়ালা	2
ঠকান	2
জিটি	2
অ্যাক্রোম্যাটোপসিয়া	2
কেলিয়ে	2
রিকুয়েস্ট	2
পিয়ানোওয়ালা	2
ডাগর	2
রিকুয়েস্টটা	2
ব্রাদার্সের	2
ক্যাম্পবেলকে	2
গোল্ডলিকস	2
ফ্রানচাইজ	2
টয়োটার	2
বর্মধারী	2
হংস	2
জন্মান্তরের	2
হেনো	2
সাপ্টা	2
পলেস্টার	2
প্রেমেতে	2
ছুতো	2
বার্গম্যানকে	2
বেইজ	2
চিক	2
উইব	2
জড়ালে	2
নাট্যদলে	2
বোল্ডার	2
নটোরিয়াস	2
ব্রিঙ্গিং	2
নাটকগুলো	2
সেটটা	2
আর্মস্ট্রঙের	2
ফ্লপহাউজে	2
বেশেট	2
কেজ্যাজ	2
চ্যানলের	2
বাদককে	2
অকালেই	2
ডোলান	2
অকারণেই	2
বুলেটস	2
রিয়ালটোতে	2
ক্যাপিস	2
হলগুলো	2
ভ্যাপসা	2
চেঞ্জিং	2
নিকারাগুয়ায়	2
নিকারাগুয়া	2
উন্নয়নশীল	2
নেটিভরা	2
চীনও	2
জিমস্টার্ক	2
ওয়ানওয়ে	2
ব্যস্তও	2
কাবাবে	2
যতিচিহ্ন	2
ইউনিভার্সালের	2
ব্যানারে	2
শুক্ল	2
কেটেছেটে	2
জ্যাজকে	2
লাইটহাউজে	2
থেলোনিয়াস	2
মঙ্কের	2
ঘটিয়েছিলেন	2
আলিঙ্গনে	2
জলসা	2
ভীরের	2
কুহেলিকায়	2
প্রেমই	2
স্পন্দনে	2
অনামিকা	2
শিহরণে	2
সঙ্গীতে	2
বয়জির	2
করাচ্ছ	2
খুলছ	2
জিঙ্গেল	2
করছিও	2
ফটোশুটিং	2
মোজোর	2
টবা	2
কামড়াব	2
কীবোর্ডের	2
কামড়িও	2
পর্বটা	2
ডোলানকে	2
পাড়াপড়শি	2
অডিশনে	2
শিকারির	2
ভুলিলি	2
পাগলামিই	2
বিদ্রোহকে	2
শোলক	2
ছোঁটা	2
বেরচ্ছি	2
চেলসির	2
ন্যাটলিকে	2
জাভিয়ের	2
গঞ্জালেস	2
ট্রাম্পেটে	2
নেদ্রা	2
হুইলার	2
খাইর	2
সেবসে	2
ঃঅনুবাদ	2
ইন্টারভিউটা	2
সমর্থকের	2
নির্বাচনও	2
নচি	2
কুপ্পাম	2
ঝগড়াঝাঁটি	2
ঠকানোর	2
জাতিভেদ	2
রামালিঙ্গম	2
দেখভালও	2
আর্জি	2
বসাচ্ছেন	2
মামলাটির	2
চাঞ্চল্যের	2
অপহরণকারীরা	2
ডেকেই	2
শিভাগামী	2
বউকেই	2
আমমুলু	2
হতভাগী	2
কইবি	2
মইচ্চি	2
রামানাথনের	2
স্পিরিটটা	2
অপহরণে	2
রামালিঙ্গমের	2
অভাবীদের	2
অবিলম্বেই	2
ট্রান্সপ্ল্যান্টের	2
আয়ও	2
প্রতিষ্ঠানগুলোতে	2
চপেটাঘাতের	2
আড়ালেই	2
কাসাবের	2
পোস্টিংই	2
জবাবদিহিতার	2
শেষও	2
ইভটিজিংয়ের	2
বয়স্করাই	2
নারীবাদের	2
সর্বভারতীয়	2
আইপিএসে	2
ট্র্যাকিংয়ের	2
তুষারপাতের	2
চুলোয়	2
অ্যাডজাস্ট	2
প্রপোজাল	2
গতিপথটা	2
কীর্তিকলাপের	2
সিনিয়রদেরকে	2
এড়িয়েই	2
ওঠাচ্ছি	2
হুডির	2
ফাইন্ড	2
অ্যাপটা	2
প্যারির	2
চিন্নাথাম্বি	2
স্ট্রীটেই	2
খাঁড়ান	2
হগলডি	2
বর্বরোচিতভাবে	2
টুর্তি	2
ব্লকটা	2
সৈনিকগণ	2
বুকভরা	2
স্যালুটের	2
মুখটাও	2
লুকিয়েছি	2
সদুত্তর	2
রামারের	2
ভয়ঙ্করভাবে	2
উত্তরটাও	2
ঘামাইনি	2
ফোকাসটা	2
অ্যাম্বুলেন্সটির	2
ঘরবাড়ি	2
শত্র	2
পেরুমল	2
পেরমল	2
বিশ্লেষণও	2
অপরাধটাও	2
ইনকিউবেটরের	2
ওষুধগুলোই	2
খাওয়াতাম	2
আশংকাটা	2
বিষয়সহ	2
রামানাথন	2
কিডন্যাপিংয়ের	2
পান্ডিয়ান	2
প্রেক্ষাপট	2
আইওয়াশ	2
৬তে	2
অক্ষয়	2
তৃতীয়া	2
ঘাঁটাঘাটি	2
সেকশনটি	2
সেকশনের	2
যোগানদাতা	2
অর্থলিপ্সু	2
ক্রোধটা	2
শত্রুটা	2
প্রেস্ক্রাইব	2
চেল্লাদুরাই	2
প্রাকৃতক	2
বিজন্যাসে	2
আধিপত্ত	2
প্রতিদ্ধন্দী	2
তরান্বিত	2
চেল্লুদুরাই	2
বৈঠকের	2
সেঙ্গাল্ভারিয়ান	2
ছোয়াটা	2
জনসেবা	2
সিধু	2
একাও	2
বলেছিরে	2
নির্দেশমত	2
বিস্ময়পুরুষ	2
শ্রি	2
অভিমন্যুর	2
গৌরবজনক	2
ভুষিত	2
প্রতিনিধিত্ত	2
শরীরকেও	2
ইনকুয়ারি	2
মস্তকহীন	2
পকাল	2
দাঙ্গাটার	2
পাজানি	2
শাসিয়েছিল	2
ধরাছোয়ার	2
প্রাচুর্যের	2
প্রাচুর্যকে	2
সাবডিরেক্টরের	2
উপবেষ্ঠিত	2
ভদ্রমহোদয়বৃন্দ	2
হিন্দ	2
বিজেতাদের	2
রণজিত	2
স্পেশালাইজেশন	2
উত্তীর্ন	2
শ্রেনিবিভাগ	2
প্রবেশনার	2
ড্রিলে	2
কম্ব্যাট	2
ঘুনেধরা	2
ঘুনপোকা	2
ট্রানসেকশন	2
মরিশাসের	2
সম্মিলিতভাবে	2
মরিশাস	2
লোকজনদেরকেই	2
অ্যাঞ্জেলিমা	2
হাজারেই	2
ওষুধটি	2
রোগির	2
উচ্চমূল্যে	2
একীভূত	2
আঁতাত	2
পর্ষদে	2
শংকার	2
মরনব্যাধিতে	2
নিয়তিটাই	2
কষেছে	2
বোয়ালকে	2
ট্রান্সেকশনটা	2
পরিকল্পনামতই	2
নিয়ন্ত্রনেই	2
গার্ডও	2
ঢুকছিলো	2
মরিশাসে	2
এরিয়াটা	2
অ্যাটাচ	2
মুখ্যমন্ত্রীকে	2
কারুনাকারান	2
তামিলিয়ানদের	2
দুঃখজক	2
কোব	2
অশোকসহ	2
একঃ	2
দুইঃ	2
তিনঃ	2
তামিলনাড়ুর	2
শিখিয়েছিলি	2
পায়রারও	2
বিরক্তই	2
পেরমুলের	2
হিয়েছিলাম	2
খোজখবরই	2
ছোটবেলাতেই	2
সারপ্রাইজিংও	2
দুশ্চিন্তাগ্রস্ত	2
কার্ডটাও	2
পাস্পোর্ট	2
হাটাচলা	2
রয়েছিল	2
রামচন্দ্র	2
তিরুনেভেলি	2
শরমিন্দা	2
সখা	2
সখিরা	2
সখি	2
চিনচিনে	2
গোয়ার্তুমি	2
প্রমানসরূপ	2
চরনে	2
হিসেবনিকেশ	2
ভোমরায়	2
খোলসের	2
মানিকালামের	2
বয়ফ্রেন্ডও	2
কাঞ্চিপুরানে	2
থিরুবালুর	2
থিরিভালাই	2
রাঘাব	2
মিরুথান	2
মানিমেকালার	2
মিথুরান	2
কারখানাটা	2
ক্লিঙ্কার	2
০০০০১	2
হলকাই	2
প্রতিজ্ঞাই	2
বাইকটাও	2
বাড়াস	2
বেসামালভাবে	2
কেসটাতে	2
গেঁথেছিল	2
খেতাবপ্রাপ্ত	2
অনুষ্ঠানটার	2
যুক্তই	2
পড়ানোয়	2
অনন্যার	2
আত্নবিশ্বাসের	2
কুড়িটিরও	2
দেনদরবার	2
চড়কি	2
পাশাপাশিই	2
অনন্যাই	2
শিল্পাও	2
থিরুভালাই	2
ধৈর্যটাই	2
রাঝি	2
একঘুয়েমিতে	2
বেইমানিতেই	2
টোনে	2
মাহিমাকেও	2
পৌঁছেছিস	2
প্রভাকরের	2
শোনাচ্ছিল	2
টিপেই	2
অগচরেই	2
অ্যাপয়েন্টমেন্টটা	2
অর্গানাইজারদের	2
যতভাবে	2
মানিমেকালারের	2
ধান্দাবাজিই	2
ফাইলটার	2
লগু	2
মানিমেকালাইকে	2
কষছিল	2
লগুকে	2
ভাদাপালানির	2
এরিয়াতেই	2
ভেদাপালানির	2
খুলছিস	2
পোরাল	2
অশোককে	2
পারবেনই	2
রাতসায়	2
মাতলামো	2
আসীন	2
বাস্তবায়নের	2
সিএমের	2
জানাকে	2
পেতি	2
বানরকে	2
৩৭০	2
অবস্থাতে	2
সাম্রাজ্যটাকে	2
যোগাযোগও	2
বাপকেও	2
ডিপার্টম্যান্টের	2
পাযানি	2
ার	2
প্রস্তুতই	2
কুকীর্তি	2
ভিদালের	2
প্রিয়জনের	2
ফেলিক্সের	2
সোনিয়াকে	2
সর্বপ্রথমে	2
বেলাভিস্তা	2
দুঃস্বপ্নটা	2
জোরও	2
বার্সেলোনায়	2
বাজছিলো	2
স্টার্টার	2
ন্যাচার	2
বিপত্তিতে	2
এলভিরা	2
টমাসকে	2
নির্ঘুম	2
শীর্ষস্থানে	2
সমাপ্তিতে	2
ডোরিয়াকে	2
বির্হের	2
বিএমডব্লিউ	2
ধনীই	2
ধনসম্পদ	2
বিবৃত	2
বিপরীতধর্মী	2
গুটিকয়েক	2
বিপত্তির	2
গ্যারিডোদের	2
গ্যারিডোকে	2
প্রেরকের	2
অসম্পৃক্ত	2
কৃতকর্ম	2
ফরেনসিকে	2
ডুবিয়েছিলেন	2
অনিয়ন্ত্রিত	2
জানাচ্ছিল	2
রিজার্ভেশনও	2
উদারভাবে	2
ভাও	2
দেবতারাও	2
সবলভাবে	2
রত্নে	2
নেপথায়েস	2
জায়াকে	2
পুরোদিন	2
হাসিটাই	2
নেপথায়েসের	2
পূজারীদের	2
থুব	2
নেভানো	2
ছিলো	2
খোড়া	2
মৃত্যুলোক	2
হোরাসকে	2
উদারতায়	2
বাঞ্ছনীয়	2
থঠের	2
আনবোই	2
আনুবিসের	2
জীবলোক	2
খাজানার	2
ওসাইরিসকে	2
আপসুস	2
সুবিধাপ্রাপ্ত	2
নাতী	2
অ্যাভলোনে	2
জাগেনি	2
হেমন্ত	2
অ্যারোরাকে	2
স্লেট	2
অ্যারোরার	2
চুল্লির	2
টিস্যুর	2
অ্যাঙ্কর	2
প্রেস্টনের	2
অপশনের	2
শিস্	2
কাজগুলোকে	2
ছিপি	2
ছিপিটা	2
মিস্ত্রীর	2
টাইলস	2
চৌবাচ্চা	2
ওজলেন	2
ইমারি	2
বিয়ারটা	2
মিনেটঙ্কা	2
হ্যালারিন	2
কনজেস্টিভ	2
ফেইলুর	2
লোকেরই	2
পয়জন	2
সাঁতরায়	2
আটকিয়েছে	2
মাইজারি	2
গৃহিনী	2
গ্লাওস্টারে	2
ভদ্রও	2
স্টারট্রেক	2
কয়দিনের	2
ট্রেককে	2
হেরেছ	2
প্যাটিকে	2
দম্ভ	2
ডনির	2
মূর্খের	2
র‍্যান্ডিকে	2
চালিয়ো	2
শিহান	2
উনানে	2
অছি	2
বংশধরেরা	2
বেইস	2
স্পেলে	2
জমাচ্ছি	2
আধাটা	2
ত্রিপল	2
জেফরি	2
সাজানোই	2
রেচেল	2
লাইসেন্সটা	2
আসবাবপত্রের	2
ক্রিস্টফ	2
হাঁটব	2
অ্যানিমেশনটি	2
আমলা	2
দ্রাক্ষালতা	2
নিরস্ত	2
শুষ্কতম	2
নদীতীরের	2
শুয়োর	2
ওয়াটার	2
প্যাকগুলি	2
উঠিবে	2
গুঁড়ি	2
বাজাল	2
নীলগাই	2
গুরুত্বপূর্ণভাবে	2
ক্ষরণ	2
লেহন	2
চয়েস	2
গাছটির	2
পেঁর্পেগাছ	2
সুরুক	2
জাহাজসমূহ	2
টকিং	2
সুস্বাস্থ্যের	2
অ্যাঞ্জেলস্	2
ছয়দিনের	2
প্যারামিলিটারিরা	2
পরিচালকেরা	2
হ্যানাহ	2
ফেলিনি	2
লুপের	2
কায	2
৩ঘন্টা	2
সেলগুলো	2
জোগান	2
সেলগুলোকে	2
কুরু	2
মোবিয়াস	2
অরোবোরাস	2
ফোরটি	2
ক্রিমিনালটাকে	2
রেনটনের	2
চার্জড্	2
ব্লককে	2
ডেসট্রাক্ট	2
প্রম্পটা	2
জিএমপিরা	2
হতাশাবাদী	2
ইন্টারাপশন	2
ভিডিওটার	2
সিকুয়েন্সের	2
বিদ্যূতের	2
হাওয়ার্ড	2
এমেটের	2
কোস্টার	2
মিল্ড্রেডের	2
ফিরছিলাম	2
উল্কি	2
মানেও	2
মনোপলি	2
পাত্রটা	2
গোলমরিচের	2
উম্মাদের	2
দরজাতে	2
লক্ষ্যেই	2
চমকদার	2
কানবালা	2
নিদৃষ্ট	2
পারক্লোরিক	2
ব্যাটন	2
উপশিরোনাম	2
ফন্টের	2
উদর	2
পদধ্বনি	2
হেদায়েত	2
অসদৃশ	2
মহাশক্তিধর	2
গোষ্ঠীপ্রধান	2
ক্ষতিগ্রস্তদের	2
বস্তুরই	2
খিলান	2
গচ্ছিত	2
সর্দারদের	2
অবিভাজিত	2
ডুয়েল	2
কষ্টসাধ্য	2
আন্ডারগ্রাউন্ডের	2
বিভাগীয়	2
হেলায়	2
অপচয়ের	2
ড্রোভনি	2
কিভে	2
গলাচ্ছি	2
নখদর্পনে	2
ঝরিয়েছ	2
কোনন	2
কজতেভ	2
কারাবাস	2
সৃষ্টকর্তা	2
উপহারকে	2
অনুশোচিত	2
ঘটনাটাকে	2
প্রোগ্রামটাকে	2
এন্টিভাইরাসটা	2
ক্লোনকে	2
নাস্তিকদের	2
জোড়াল	2
ক্রিটিন	2
সারবেরাস	2
ইয়ারপিস	2
পাঁখাগুলা	2
এলিসিয়ার	2
রেকর্ডিংয়ের	2
ছেলেবেলা	2
ক্রিকেটপ্রেমী	2
মহিত	2
পারস্যকে	2
গরুরে	2
খাওয়াইতে	2
মঙ্গেয়ার	2
মিথুনাডা	2
জনসভা	2
বেড়াস	2
সংখ্যয়া	2
ছখিনা	2
পড়াশুনাও	2
কুয়োতে	2
তাকাচ্ছিলে	2
এন্টার	2
যাইবে	2
করগে	2
অনির	2
ঐদিকের	2
হুন্ডা	2
গুঠকা	2
সাহ	2
পরিচত	2
শুয়েছিস	2
বিটারগ্রাম	2
ঐপাড়ে	2
শোবে	2
চিল্লানোর	2
থিয়েটারে	2
আরু	2
মাইলেরও	2
লুইজিয়ানা	2
অঙ্গরাজ্যের	2
পঞ্চাশটি	2
অঙ্গরাজ্যে	2
১৯তম	2
পয়সারই	2
পেশাগুলোই	2
অ্যাবাগ্নেলকে	2
শাস্তিযোগ্য	2
মঁসিয়ে	2
অনারে	2
বার্নসের	2
নাচিস	2
নাচছিলে	2
ঠাসল	2
সোশাল	2
মেয়েমানুষই	2
ছাড়লামও	2
ছাড়িওনি	2
মরারে	2
নাচলেই	2
মেডাল	2
বুঝই	2
খাটনিও	2
সেন্টিপিড	2
ব্যাঙ্কটাই	2
ওয়েস্টবোর্নের	2
এনসাইক্লোপিডিয়া	2
বেচছ	2
অ্যাবাগ্নেইলি	2
আগিয়েছ	2
লেখাব	2
বেলারমিন	2
জেফারসনে	2
গ্ল্যাসারের	2
গ্ল্যাসার	2
ট্রেন্টনের	2
দশই	2
ঝগড়াঝাঁটি	2
ঈভের	2
পড়লেও	2
প্যারাটা	2
লাইনটায়	2
উল্টাপ্রান্তে	2
পার্কমুখী	2
মিডটার্ম	2
পাঁচটাই	2
কার্লসন	2
ম্যোরো	2
মর্গানের	2
কনস্টেলেশন	2
অ্যামেরটার	2
এফএএ	2
পোলারয়েড	2
আনানো	2
ফ্র্যান্সিসকোতে	2
বিল্ট	2
রোসেনকে	2
১৬৪	2
মোডিগার	2
কর্মরতদের	2
কার্লটনের	2
ভাঙায়	2
এয়ারলাইনগুলো	2
ডেডহেডিং	2
লারকিন	2
বুঝেনই	2
ছোটামোটা	2
সুইমস্যুট	2
আলোহা	2
নিলামকারী	2
আইটেমও	2
এনকোডার	2
ফ্লোট	2
ঘুরানিটা	2
ম্যানুয়ালভাবে	2
রিজার্ভের	2
মধ্যভাগের	2
চেকবই	2
পোস্টকার্ডগুলো	2
কাঁটাচামচটা	2
ছাদখোলা	2
ভিলের	2
অ্যান্	2
হারুপাট্টি	2
বুকই	2
জালিয়াতিতে	2
কেরানিদের	2
ভাঙিয়েছেন	2
কোণাটা	2
টন্দুকও	2
হিউমারের	2
আইবিএম	2
সিলেক্ট্রিক	2
দুইশরও	2
খামও	2
নামাবেন	2
মানিব্যাগটাই	2
পিস্তলটাও	2
উঠাচ্ছে	2
অ্যাঞ্জেলেস	2
খেতেন	2
সাক্ষ্যপ্রমাণগুলো	2
বুঝলেনই	2
এলএপিডি	2
জালিয়াতের	2
লুকোছাপার	2
জ্বালায়ও	2
শাখাপ্রধান	2
উড়ালপঙ্খী	2
উড়ালপঙ্খীটা	2
অ্যামই	2
টিডব্লিউএ	2
ট্র্যাঙ্কুইলাইজার	2
স্যুটটাই	2
কাভারে	2
ক্যাশিয়ারস	2
সামনাসামনিই	2
স্টাইভেসেন্ট	2
৩১১৩	2
স্টাইভেসেট	2
আলেন	2
বার্গারটা	2
স্বর্ণদানবের	2
ইয়র্কই	2
ইয়াঙ্কিদের	2
ইয়ারবুকটা	2
খন্ডকালীন	2
মেলানি	2
ম্যোয়েট	2
শার্টই	2
অ্যাপলব্যাওম	2
শেরউড	2
তাড়াবে	2
সার্কল	2
ব্রেসগুলো	2
ব্রেসগুলোতে	2
সুপারভাইজর	2
শিফটের	2
কনেলি	2
ব্যাসম্যান	2
মেইস	2
স্যানফোর্ড	2
কোডেইন	2
পোড়াটার	2
প্যাটেলার	2
টিবিয়া	2
বাড়িওয়ালা	2
রিভারবেন্ড	2
এপার্টমেন্টস	2
ল্যান্ডওভার	2
গর্ভপাতটা	2
সারপ্রাইজে	2
আইনজীবীও	2
বার্কলিতে	2
পড়াতো	2
ব্রেন্ডার	2
পাইলটও	2
দোলাই	2
ক্যারোলকে	2
পকেটা	2
অরলিন্সে	2
ওন্য	2
রিগবির	2
ম্যাককিথেনের	2
প্রেন্টিস	2
সইয়েরই	2
সাইমনের	2
অঙ্গরাজ্য	2
লুইজিয়ানাকে	2
পেনাল্টি	2
বার্নসকে	2
শেরিভপোর্টে	2
মেয়েটাকেও	2
আয়োজকের	2
গরিবই	2
লিংবা	2
ব্রেন্ডাকে	2
ট্যাক্সিচালককে	2
কোণারটা	2
সেরাসোটা	2
ট্যাম্পা	2
টিকিও	2
পাসপোর্টও	2
আটলান্টাতেও	2
রবার্টস	2
বিশ্ববিদ্যালয়কে	2
সাইডওয়াকের	2
মিগি	2
অ্যাকার	2
ম্যাকমিলান	2
হেস্টন	2
চুলেরজনকে	2
টেলিফোনটি	2
ক্যুপ	2
ভিলে	2
মাদ্রিদে	2
ছাপাতো	2
আলাদাকরণ	2
ইস্ট্রা	2
ডায়নোসর	2
শুঁকেই	2
গ্রামটার	2
ক্রিসমাসেই	2
আনবনা	2
কেরানিকে	2
ত্তোমার	2
লাগার্ডিয়া	2
নামঞ্জুর	2
কারাদন্ডের	2
ব্রিফকেসটায়	2
লেইকস	2
স্টেনসিল	2
নয়গুলো	2
স্টেশনারির	2
অপারেটরের	2
৩৫৫	2
নেওায়	2
পারপিনিয়ান	2
মিথ্যাতেই	2
রিটারের	2
ফ্ল্যাগস্ট্যাফে	2
সইটাই	2
হাইড্রোক্লোরাইডও	2
ব্লিচও	2
রিমুভার	2
অ্যাসিটোন	2
বদিয়ে	2
ব্যাঙ্ককে	2
ব্যালেন্সটা	2
ধরাটাই	2
জেইলর	2
একাতো	2
সাদারল্যান্ডকে	2
সাদারল্যান্ডের	2
কর্ণারে	2
প্রমোটার	2
বুজছি	2
মায়ানমারে	2
সুনামধন্য	2
জিম্লিং	2
টোবায়েস	2
শ্যুটার	2
টুকরায়	2
ডিং	2
এল্ড্রিক	2
দূঃখিত	2
বিশেষাধিকার	2
পুঁজি	2
বাচ্ছাদের	2
নিছ	2
পেট্রলের	2
বাজিমাত	2
পেলেছি	2
উভয়কে	2
আমাশয়ে	2
হওয়াকে	2
পুঙিবাজ	2
ব্রীজে	2
বুজাতে	2
জিসাসের	2
হেরেছো	2
লড়াকুর	2
গল্পটাও	2
বড়ও	2
বহুগুণে	2
নানাভাই	2
চলতেন	2
এথন	2
কাউন্টারের	2
আঁটকাবে	2
প্রিয়তমাকে	2
ঘুমোয়	2
সুযোগটাই	2
বাস্তবতাই	2
ঘাঁড়ে	2
সবগল্পে	2
তেমনটাও	2
গল্পেরই	2
ছুঁবে	2
ঘুরলেই	2
ছাঁই	2
সবুজের	2
শিঁকড়	2
কোনোকিছুই	2
সুস্থতায়	2
নানুমনিকে	2
ভ্রু	2
অতিষ্ট	2
কাজটা্	2
মিলই	2
বুঝেছিলেন	2
মালয়েশিয়ার	2
সাঙ্গপাঙ্গ	2
কুকের	2
বিলিয়নিয়ার	2
বিস্তারিতভাবে	2
ফ্লোরপ্ল্যান	2
রিফের	2
পুলটি	2
ভার্নার	2
সিসটেম	2
জায়গাটিতে	2
ধুরবাল	2
ওয়ারলর্ড	2
মেক্সিকোকে	2
কারবারে	2
বসনিয়ায়	2
উভয়েরই	2
পৌঁছনোর	2
সহৃদয়	2
সোনাখোরকে	2
বাছ	2
ছাড়তো	2
বগলের	2
কোপাতে	2
মুরোদ	2
বয়েই	2
পোষায়	2
এইমস	2
দেরে	2
ঠাপিয়ে	2
মাসতুতো	2
উয়ানের	2
কণিকার	2
ভাসিস	2
গলাচ্ছিস	2
গামি	2
আফ্রোডেশিয়া	2
পড়িও	2
এঁটো	2
বসরে	2
চললেও	2
ছারতে	2
দুর্বৃত্তদের	2
ছুরিকাহত	2
বসম্যান	2
ঝুল	2
এঁকেছিল	2
কাপঝাপ	2
ঠেকেছে	2
টিভিতেও	2
সেরের	2
ডেনি	2
ইয়াংকি	2
ব্রাওয়ারের	2
ফ্রেন্ডকে	2
সেন্টস	2
জেরোনিমো	2
অ্যানেটের	2
ভোকচোদ	2
তরকারিটা	2
গর্ডির	2
জ্বালাস	2
দালালের	2
বেসিনের	2
বেজেছিল	2
পৌঁছাইনি	2
ডারহাম	2
বলদদের	2
মাইয়াও	2
হাসিস	2
হাইবয়েড	2
রসে	2
তাকালেন	2
উইগিনসের	2
সমিতির	2
মহোৎসব	2
চিজবার্গার	2
ফ্লেবারের	2
সাইমন্স	2
ছোপ	2
চিনতি	2
শর্টকাটটা	2
ছেলেমানুষ	2
পিঠেও	2
ঝোপঝাড়ের	2
শরীরটাও	2
চোষ	2
সহযাত্রীর	2
বোনাসেরা	2
সমস্যাকে	2
তুলবনা	2
স্যান্ড্রা	2
এ্যডাম্	2
নাদানের	2
নভেলের	2
স্বত্ব	2
দোস্তকে	2
খারতউম	2
আমন্ত্রণের	2
সিসিলিতে	2
ব্রাসিকে	2
কোর্লেয়নেকে	2
গ্যাংগুলো	2
রোকো	2
এঞ্জো	2
কুতুবের	2
ম্যাকক্লাস্কিকে	2
ম্যাকক্লাস্কি	2
সন্ধিপত্র	2
পোলাপাইনের	2
টমাসিনো	2
ছেলেপিলেদের	2
ফ্যাবরিযো	2
আ্যপোলোনিয়া	2
বার্যিনি	2
কানিও	2
স্টেটেন	2
স্ট্রাচি	2
জায়েজ	2
অন্ধবিশ্বাসী	2
ভাংবনা	2
সিনেটার	2
মারেনা	2
বার্যিনিকে	2
পিটকে	2
ওয়েলের	2
ভবে	2
ঘোষ্ট	2
রিযী	2
ভ্যাকেশন	2
নিমক	2
কার্লোকে	2
মারিয়ার	2
ফালাইস	2
পুরুষ্কার	2
দিসোস	2
রেতো	2
খুঁজতাসে	2
তগো	2
সামলাইয়া	2
খাওয়াইয়া	2
প্রাপক	2
চাকরিচ্যুত	2
থামাইয়া	2
হটোচ্ছারা	2
গেমসের	2
হইবোনা	2
রাফায়েলকে	2
জাইনা	2
লাইয়ার	2
চিঠিডা	2
জায়গাডা	2
ধইরাই	2
ক্লেমেন্তের	2
ছিলোঃ	2
ফাঁসবে	2
ঔদার্য	2
ফ্রিজটা	2
মার্কোর	2
পাইস	2
পর্নো	2
বানাইবো	2
ভিডিওচিত্র	2
ঘুমাইয়া	2
বাইবেলডা	2
দুইডায়	2
নাচাই	2
আলোচিত	2
অলিম্পিকের	2
মচি	2
ন্যাও	2
ইলেক্ট্রম্যাগ	2
তড়িৎচৌম্বকিয়	2
পিন্ড	2
ফ্রেডই	2
ফরমুলা	2
সঙ্কলিত	2
বেইম্যাক্সে	2
মার্শম্যালো	2
টাইটানিয়ামের	2
কার্বনের	2
রোবটিক্সের	2
একাগ্র	2
৪দিন	2
সাইক্লিং	2
মাইক্রোবটগুলোকে	2
ট্রান্সমিটারের	2
অপরিসীম	2
মাইক্রোবটেরা	2
ফাটাই	2
সেইরম	2
অ্যালেস্টার	2
খাটালাম	2
বগলে	2
কিশোরদের	2
শঃ	2
উইইই	2
তাদাশির	2
উদাসীনতার	2
অগ্নিকান্ডের	2
লোপাট	2
বাম্প	2
বাম্পের	2
সইরা	2
ড্রাইভিংয়ের	2
হিথক্লিফ	2
মানবটা	2
হেয়ালি	2
ট্যান	2
গড়াচ্ছে	2
ফিস্টের	2
থ্রাসটার্স	2
ক্রমশই	2
যাতায়ত	2
দূতেরা	2
পান্না	2
মূলতত্ত্ব	2
বিচরন	2
নভোযানটি	2
প্ল্যানডা	2
দেখাইলিরে	2
প্রোগামিং	2
স্বাস্থ্যসেবার	2
নেওয়াটাই	2
কার্যনির্বাহী	2
পৃথিবীবাসির	2
পাইলটটা	2
বাধাগুলো	2
এইডারেই	2
পোর্টালটি	2
থ্রাস্টারগুলো	2
যশোর	2
ভেগেছ	2
ব্যাটারিতে	2
হেকাটনকিরিস	2
হাঙ্গামার	2
তাগিদ	2
ট্যালসের	2
মানবসভ্যতা	2
হর্নসকে	2
দেখেছই	2
জনশূন্য	2
মোহাচ্ছন্ন	2
ট্যাংকগুলো	2
জানাচ্ছ	2
ড্যুনানের	2
মিশনকে	2
অদল	2
ব্রিফকেসের	2
শব্দতরঙ্গ	2
সহযোগীতাই	2
অপরিপূরক	2
আত্মনির্ভরশীলতা	2
ফিকশনের	2
নাম্বারটাও	2
ভালোবাসাবাসি	2
গল	2
প্যারিসেই	2
হোঁৎকা	2
গাড়ীটার	2
ঝুলছিল	2
শঙ্খ	2
ডিনাশি	2
পৌঁছাবেই	2
মূর্তিটার	2
পাহাড়গুলো	2
বাবুটাকে	2
বয়ামগুলোর	2
গল্পগুলোতে	2
ডাকু	2
বেরিত	2
খেটেছ	2
করাকেই	2
ধর্মান্ধ	2
ভাবসাব	2
জান্ডারিয়ানদের	2
প্রোফেশনাল	2
গ্যাল্যাক্সিতে	2
নেবুলাকে	2
উডনতা	2
কিল্	2
আইনকানুন	2
সিন্ধুক	2
ইয়নডুর	2
বায়ারের	2
গামোরার	2
ওয়াচটাওয়ারে	2
ডিকশনারি	2
গ্যাল্যাক্সির	2
রেজালা	2
ওয়াচটাওয়ার	2
নেক্রোক্র্যাফট	2
কারিনা	2
নহয়ের	2
ব্যাকন	2
হাসছেনা	2
ইন্ডাস্ট্রিয়াল	2
হ্যাড্রন	2
ইনফোর্সার	2
শিপকে	2
এরকমভাবেই	2
স্টোনটা	2
সাকারান	2
জান্ডারে	2
সিভিলিয়ানদের	2
অথর্ব	2
শীর্ষক	2
পরীক্ষাগুলো	2
ক্রকোয়েট	2
আলট্রা	2
আল্ট্রাভায়োলেট	2
হাস্যোজ্জ্বল	2
ক্ষুদ্রতর	2
অণুর	2
অতিপারমাণবিক	2
নড়াচড়ায়	2
ন্যাচারাল	2
বসছ	2
শুণ্য	2
তাপীয়	2
থার্মোডায়নামিক	2
পিচ্চিটাই	2
জগা	2
স্টিফেনকে	2
বর্ণে	2
ইন্টারফেস	2
চুক্তিনামা	2
দুইভাবেই	2
তত্ত্বের	2
সহধর্মিনী	2
পার্টিই	2
ভণিতা	2
সরাসরিই	2
বাণীও	2
অবিন্যস্ত	2
আভাকে	2
জানছি	2
নাথানের	2
কাটের	2
ফ্লার্ট	2
ওয়ার্প	2
কাজকর্মগুলো	2
ছাত্রদেরকে	2
ইনডাকশন	2
সমভূমিতে	2
পূর্বসূরিদের	2
ফেলারই	2
আক্ষরিকভাবেই	2
ে	2
কাদেশ	2
সব্বোর্চ	2
উপরাজের	2
জনশক্তি	2
আছিয়ার	2
আছিয়া	2
কারক	2
উপদেষ্টার	2
মুসাকে	2
জিপরাহ	2
অংঙ্গীকার	2
আরোহনের	2
সুচক	2
মাতাকে	2
ইতহেমার	2
পিটাও	2
খড়কুটা	2
আর্শিবাদ	2
বেননু	2
জাকারিয়া	2
ডিভিশনের	2
ক্যানানে	2
দেখতাছে	2
হাতুড়ির	2
রাফি	2
আ্যমাজনের	2
জুয়েল	2
মন্টেরো	2
টুলিওকে	2
রাই	2
জালেম	2
অনুপযোগী	2
প্রামাণ্য	2
প্রকৃতিরই	2
উইগটা	2
ভালোকথা	2
মতামতকে	2
বুউউ	2
মূর্তিমান	2
নাড়ো	2
গ্লোবের	2
সম্ভার	2
ডেরেল	2
নিজদেরকে	2
সাবমেরিনে	2
ডগের	2
এতোগুলা	2
১০৯	2
পৌঁছায়নি	2
গাঁদায়	2
ওসাকা	2
গাট্টি	2
বোঁচকা	2
মৎস্যকন্যাদের	2
ভেসেই	2
২০০৪	2
সেক্রেটারিকে	2
অক্টোপাসগুলোর	2
সিক্রেটের	2
উল্লুকের	2
জেটপ্যাক	2
বিষণ্ণতায়	2
অ্যাকিউট	2
অপারেশনটার	2
কোস্টারে	2
কেমো	2
কয়দিনই	2
শাঁকচুন্নি	2
চীনারা	2
সঙ্গতিপূর্ণ	2
ভাঙি	2
পাঠকের	2
সিসিফাসের	2
ঝাড়তে	2
ইনবক্স	2
পরামর্শে	2
সাহিত্যিক	2
পক্ষপাতদুষ্ট	2
উড়িয়েছ	2
ক্যান্সারমুক্ত	2
পিইটি	2
হেইজেলের	2
এন্ডোথিলিয়াল	2
গ্রোথের	2
দোলনাটা	2
জাঁকজমকপূর্ণ	2
ক্যারট	2
ধূলায়	2
অসীমতা	2
সিলিন্ডারের	2
মহামাতব্বর	2
সিক্যুয়েল	2
বালছালের	2
আলাদীনের	2
টবর	2
রীতিটা	2
চাবিগুলো	2
চেহারাটার	2
ইআর	2
অমনিস	2
আন্ত	2
সংস্থাগুলির	2
দুর্ভোগের	2
ম্যাক্সি	2
১১টার	2
চেচেনীয়	2
জেহাদী	2
গুনৄথের	2
সাইপ্রাস	2
কারপভকে	2
হ্যামবুের্গ	2
ডায়েটার	2
বরবাত	2
বোমাটি	2
জাতীয়তা	2
হ্যামবুর্গের	2
সন্ত্রাসিদের	2
খ্যাতিমান	2
এইজে	2
নৌভ্রমণ	2
সংকলন	2
সেন্কচরি	2
গ্রেগোরি	2
বরিসোভিচ	2
অনুভূতিহীন	2
র্স্পশকাতর	2
জোহানেস	2
পারিপার্শ্বিক	2
ফয়সাল	2
নেটওয়ার্কের	2
বেলাতেই	2
সিদ্বান্ত	2
জঙ্গিদের	2
কাঁঠাল	2
জানবনা	2
চরমপন্থী	2
উভয়ই	2
আপোস	2
চাপাচাপি	2
ধর্ণাঢ্য	2
লক্ষের	2
তহবিলের	2
পরিচালন	2
অহ্	2
ধোঁয়াটা	2
পীজ	2
মারডন	2
গ্লক	2
স্ট্যাগকে	2
প্রতিস্থাপনের	2
রাগাতে	2
কেইটলিনের	2
ট্রেডমিল	2
শর্করার	2
বিপাকীয়	2
ধমকাতে	2
বাচ্চাদেরই	2
কাতরানি	2
ব্যারিকে	2
নিরাপত্তারক্ষীর	2
নকশাগুলো	2
এলিজাবেথের	2
অ্যাবল	2
খোঁচানোর	2
করতাসস	2
মিসৌরি	2
পায়ুকামি	2
ধর্মভীরু	2
জার্মানদেরকে	2
ঠোঁটগুলো	2
বদনখানা	2
অধীনেই	2
আগ্নেয়াস্ত্রগুলো	2
গোলন্দাজ	2
ট্যাংকও	2
ইবাদাত	2
ক্রুদেরকে	2
শেখাচ্ছি	2
কাইট্টালবাম	2
গলিটা	2
খাড়ান	2
বিমর্ষ	2
ঝুলিয়েছে	2
লম্বুটাকে	2
মানুষজনকে	2
চুদেই	2
বেটাগিরি	2
খাইয়েছো	2
উপ্স	2
সম্মুখ	2
পিটারসনকে	2
ঘুরতাসে	2
মারতাসি	2
উপরওয়ালাই	2
আটকাবো	2
পরিচ্ছেদ	2
হালারা	2
ঢাকনাটা	2
ওগোরে	2
১১৪	2
ইহসান	2
হোজ্জা	2
ঘৃনার	2
অনিচ্ছায়	2
দূর্ভোগ	2
কুদরেতের	2
স্বজনেরাও	2
সোয়াব	2
আস্সালামু	2
শ্বাশুড়ি	2
বিজ্ঞানিরা	2
মঙ্গলে	2
উঠাইছি	2
বচ্চনের	2
যতগুলা	2
লেখছে	2
প্লিইইইইইজ	2
ধোকাবাজ	2
সাবধানের	2
গুস্টি	2
ভাগতেছে	2
জেনারশনটাই	2
দিনেরে	2
শুনাইছে	2
পড়াইছি	2
ক্ষেপাতো	2
ডিস্কানেক্ট	2
সবজায়গায়ই	2
দাতও	2
বিডিংয়ের	2
দেবীকে	2
বেয়ামের	2
আন্মহত্যা	2
করছেটাই	2
সাহানি	2
সাবেব	2
ওপরা	2
রেজিস্ট্রারে	2
নিউসের	2
লাইফটাই	2
টেকচি	2
টেক্সিদের	2
জজ্ঞু	2
সিংয়ের	2
আত্মহননের	2
বিষাদগ্রস্ততা	2
সিজোফ্রিয়ারা	2
প্রতিষ্ঠাতার	2
কাহিনিটা	2
দানবাক্স	2
দিছই	2
করতেছিলেটা	2
মন্দিরটা	2
থেংক্স	2
বোর্ডিংয়ে	2
আইস্টারোনট	2
এস্ট্রনট	2
টাদে	2
পন্ডিইইইইত	2
ভুজপরি	2
বোঝাবুঝিই	2
একসিডেন্ট	2
শিখাচ্ছো	2
অঙ্গভঙ্গিও	2
ভৌজপুরি	2
ভুজপুরি	2
ঢিলেঢালা	2
ছবিরই	2
ফ্যাশনে	2
ফ্যাশনটাই	2
কস্টটা	2
বুঝতেছিরে	2
ছাড়িসনারে	2
পায়ই	2
বন্ধুত্বপুর্ন	2
রুপবতী	2
হানিমুল	2
ঐজায়গার	2
করলোটা	2
বারির	2
কমদামে	2
খুজতেছিস	2
ভগবানটা	2
ফিউসই	2
এইশহরেরসবাইজানে	2
যেবানাইছেসে	2
এদেরসাথেইথাকে	2
গলিতেই	2
টেরাই	2
টাস্কিত	2
ফিরায়া	2
করতেছেনা	2
সমস্যাওয়ালা	2
সুখঃ	2
ট্রাসমিটার	2
টিটার	2
ভগবানরে	2
অ্যায়	2
খাইছেন	2
বাঁধাবেন	2
মানুষগুলা	2
এইমহিলাকেখুবমনখারাপদেখাচ্ছিলো	2
কারনজানতেআমিতার	2
শাড়িদেখেমাথায়ঢুকেনাইনাকিহ্যা	2
বুজছিস	2
কম্পানিকে	2
ভগবানকেই	2
কনফিউসড	2
বাজাইছি	2
ম্যানেজারেরা	2
কোরবানী	2
মারতেছিস	2
মহাকাশজানের	2
মহাকাশজান	2
হিমালয়	2
প্রুভুর	2
সাইক্রিয়াটিস্ট	2
মানুষটাকেই	2
৫স্টার	2
জমাতো	2
বানাবাই	2
এলিয়ান	2
লেব্রটরিতে	2
নিছেই	2
দানবাক্সে	2
কানই	2
নেংটাই	2
চোখেরঅপারেশনথেকেমরলোকিভাবে	2
সার্কিফিকেটে	2
রিমোটকে	2
উল্টাপালটা	2
আছেফুটপাতে	2
ভাঙ্গাই	2
টিয়ারপি	2
ডানদিকেও	2
কামসুত্র	2
ফ্লেবার	2
কন্ডম	2
মুক্তহস্তে	2
রাথর	2
ব্যাণ্ণগট	2
কন্তাজঙ্গার	2
গেরান্টি	2
পোছায়	2
কৃশ্নের	2
নির্মানে	2
গজনি	2
ধর্মটা	2
মুছ	2
বিধার্মিককে	2
কেড়েও	2
পুরবি	2
ছাত্রিরা	2
চাদা	2
জন্মাইতাম	2
পড়ালেখাতে	2
অসন্তুস্ট	2
সারাদেশ	2
বিরুপ	2
ভুইলেন	2
টেলিভিষনে	2
রজনিকান্ত	2
রাজনি	2
গেছিসরে	2
গিফটও	2
জানতা	2
ওইসবফোনরং	2
নাম্বারেযায়	2
টুটারি	2
দুধর্ষ	2
হদুল	2
ঠুকার	2
ছিনিয়েই	2
কাদতেছিলাম	2
মানতেছি	2
এককটা	2
তোষামদের	2
হটিয়ে	2
ঘুরতেছে	2
ডেঞ্জার	2
ক্ষ্তিকর	2
জজ্ঞুর	2
দিছেই	2
আনছো	2
ঘোড়ান	2
পাঠাইছিলো	2
চিনছিল	2
চিনতা	2
ছাত্রপরিষদের	2
দ্রুতাবাস	2
আসছিলা	2
দাড়াওও	2
রেকর্ডেই	2
দেখাইয়ো	2
লুকাচ্ছিলো	2
শিখিয়েও	2
৪শ	2
কিসিং	2
টিসিং	2
আন্ডারপ্যান্টের	2
ঢুকাবেন	2
ইস্পিডে	2
জোহার	2
স্রস্টার	2
দাবানল	2
প্রতিরক্ষামূলক	2
টুকরোটাও	2
পাখিগুলোকে	2
পাঠাননি	2
হামাগুড়ি	2
স্পর্ধা	2
জওয়ানরা	2
জ্যাফেথের	2
চেল্লাচিল্লি	2
নায়েল	2
বেরিগুলো	2
জীবে	2
পরিপুর্ণ	2
ধমনীতে	2
যাত্রিবাহী	2
প্যারাসুটই	2
সিআইএর	2
জ্যামার	2
ফিরায়	2
আশচর্যজনকভাবে	2
মুশকিলই	2
বিমানবহরকে	2
জুতাওয়ালা	2
পিচ্চিরে	2
ওয়ানের	2
হাটূ	2
জগতেরশুরুথেকে	2
পরাধীন	2
উত্সৃষ্ট	2
নিষ্পিষ্ট	2
পুণ্য	2
এবংকোন	2
অকাতরেতাকে	2
তিনিআসে	2
জমাকৃত	2
এবংপর্জন্য	2
ঠাটহয়	2
চিন্তাধারাথেকে	2
দৈত্যস্বর্গে	2
রেজুমে	2
পৃথিবীপ্রদর্শিত	2
গেটখোলা	2
তিনিস্বর্গে	2
সারসংকলন	2
ম্যানুয়ালরূপালী	2
ভেস্তা	2
পাহরাদার	2
সবলে	2
শ্বরনাশ	2
নিন্দিত	2
সাহসযে	2
ভয়ঙ্করভাবে	2
বানরহতে	2
টনউপর	2
তত্পর	2
এটাআমার	2
প্রস্ফুটিত	2
আপনিখাক	2
জিনিষএকদিন	2
পুনরুদ্দীপ্ত	2
আপনাকেগ্রেপ্তারের	2
আপনাকেদক্ষ	2
গুহাভিতরে	2
বানরস্পর্শ	2
টনঘাবড়াবেন	2
গভীরএটা	2
আমারবলুন	2
এখনথেকে	2
দ্রুততাদের	2
বুটহয়	2
লোকভালো	2
পিযাকসমেত	2
ভাললোকবা	2
গুলিদেখতেখারাপলোক	2
এটাআপনার	2
টনযে	2
তাফিরে	2
সুনামিরযিনি	2
জেরবার	2
অনেকটাআছে	2
টুটা	2
আইটেমটি	2
চুক্তিতেপৌঁছেছেন	2
বসবাসকারী	2
তাযত্ন	2
আপনাকেমাউন্ট	2
আমিযেহেতু	2
খুবআপ	2
অধিকতম	2
সূর্যোদয়দেখতে	2
সূর্যআজ	2
ট্রায়ালজন্য	2
আমিগ্রেফতার	2
ভালুককোনো	2
জোয়ারের	2
আছেযত	2
দেবতাহিসাবে	2
ভালনিজেকে	2
আস্বাদিত	2
আপনিআরো	2
আপনিহয়	2
চানকোথাও	2
এটিআমার	2
প্রভূত	2
স্বর্গেযেতে	2
অমরহতে	2
মৃতপুনঃপ্রচলন	2
আত্মাশক্তিশালী	2
ক্ষমতাআছে	2
আমিতাকে	2
প্রাসাদসংক্রান্ত	2
বিশ্রামযত্ন	2
থান্ডারবোল্ট	2
আমিআপনাকেথামাতেযাচ্ছেনা	2
তাইখাক	2
আমিএ	2
বন্ধুরঅধ	2
ব্যতিক্রমহয়	2
এখানেহল	2
আপনিজেডসম্রাটহয়	2
মহিমাতাকে	2
অবিনীত	2
সন্তানসন্ততি	2
আপনিচিন্তা	2
আপনিলেগেছে	2
রয়েল	2
সংসর্গে	2
আমিভয়ঙ্কর	2
বিষয়গুলি	2
কঠোরভাবেআবশ্যক	2
কোর্সএর	2
বছরলাগে	2
পীচহল	2
একমাত্রআমন্ত্রণ	2
আপনিআমাদের	2
আমরাস্বর্গীয়	2
অনুক্রমের	2
শেইম	2
আলুজন্য	2
টনউপাস্যদের	2
গোলযোগপূর্ণ	2
ওয়ানাপীচ	2
সমস্তআহত	2
সম্রাটকাছে	2
আত্মাকিভাবে	2
আলোড়িত	2
স্বর্গেরএর	2
চটান	2
নেত্রবিশিষ্ট	2
আর্থধ্বংস	2
উপাস্যদেরবিরুদ্ধে	2
এবংআবার	2
ধৈর্যধারণ	2
আমিস্বর্গের	2
উভয়চান	2
বর্তা	2
মৃন্ময়	2
সুপ্রসিদ্ধ	2
সম্রাটমার্কিন	2
স্পর্শমণিনেওয়ার	2
বিজ্ঞতা	2
নিবৃত্তি	2
মথন	2
নিয়মঅনুসরণ	2
বড়িএর	2
পীচচুরি	2
এবংএ	2
আপনিহত্যা	2
তাকেযাওয়া	2
তাকেছাড়তে	2
সৈন্যদেরএই	2
স্বর্গেরপরিত্রাণ	2
স্বর্গেরবিরুদ্ধে	2
ইস্টএ	2
রাষ্ট্রভাষা	2
ভালবাসারকারণ	2
তিনিমন্দ	2
সুযোগদেবার	2
আমিকোন	2
আমিনিজেকে	2
পিলাইভসমনেঅনির্দেশ্য	2
এইআপনার	2
ওয়াজিব	2
পায়রা	2
মোল	2
অনাহার	2
ডেসটিনি	2
প্রতিসম	2
ক্যাডার	2
লিনেন	2
হাংগার	2
জোহানার	2
অ্যানিও	2
ডিস্ট্রিক্টকে	2
ভাঙ্গিস	2
সেতুবন্ধন	2
প্যানেমের	2
রাজসাক্ষী	2
বজ্রপাতে	2
মীরজাফরের	2
যোগানো	2
ক্রেস্টা	2
প্রাণও	2
জিনিষই	2
বিদ্রোহীর	2
ঈর্ষার	2
অপ্রশিক্ষিত	2
ক্যাটনিসের	2
ক্রেসিডা	2
ক্যাস্টর	2
পোলোক্স	2
ডিসট্রিক্টগুলোকে	2
জ্বলবেন	2
বিদ্রোহে	2
৯১৫	2
দুরুদুরু	2
যেথায়	2
বর্বরোচিত	2
দলঃ	2
ডপলারে	2
বাঙ্কারের	2
বিড়ালটির	2
ফিরেছিল	2
নিক্ষেপক	2
ভেন্টিলেশন	2
অ্যানিকে	2
ভালোবাসাটাই	2
এতেও	2
মাতিয়ে	2
স্পন্সররা	2
বঞ্চনা	2
মানুষদেরই	2
সাঁজা	2
হেইমিচ	2
স্মৃতিও	2
দারুণভাবে	2
ধুলাবালিতে	2
এথেনিয়ান্সরাই	2
ডেরিয়াস	2
পার্সিয়ানদেরকে	2
পার্সিয়ানদের	2
বলিদানের	2
আগুণ	2
গ্রিসের	2
নিমন্ত্রিত	2
তৃষ্ণায়	2
বিকারগ্রস্থ	2
আত্মাদেরকে	2
জ্বলছিল	2
লোমহীন	2
জেরাক্সিজের	2
যশের	2
থামিস্টিক্লিসের	2
থামিস্টিক্লিস	2
ড্যারিয়াসের	2
রাজাকাররা	2
স্বেচ্ছাসেবকদের	2
খাওয়ানোর	2
বানডারি	2
অলঙ্ঘনীয়	2
আনকোরা	2
কাসানি	2
সর্বনাশের	2
এথেন্সে	2
কুঁজো	2
ড্যাক্সস	2
সালামিস	2
লিওনিডাস	2
পুতুলমাত্র	2
জাহাজগুলোকে	2
লড়েছিলাম	2
স্যারেন্ডার	2
ট্যারাসফ	2
ভিগোর	2
অসাধ্য	2
কন্টিনেন্টালের	2
অ্যাডি	2
ম্যানেজম্যান্টের	2
বদলায়না	2
হেলিপ্যাডে	2
হ্যাকিংয়ে	2
পোশাকও	2
সহযোদ্ধা	2
হ্যাকারই	2
বদমায়েশি	2
অনার্সের	2
কোনোকিছুকে	2
ওটুকু	2
অর্ধেককেও	2
আত্নবিশ্বাসী	2
অ্যাপ্লিকেশনের	2
স্বভাবগতভাবেই	2
চকো	2
ড্যানিশ	2
পিচ্চিটার	2
০৪	2
সাইবারক্রাইম	2
ব্র‍্যান্ডে	2
ধরাছোঁয়া	2
ব্র‍্যান্ডের	2
লিজার্ডসেক	2
ক্লাউনের	2
ক্লাউন	2
মুখোশটাও	2
পোরশে	2
গাঁথতে	2
গের্ডি	2
ইনপুট	2
বাগিয়ে	2
ব্যাকডোর	2
অ্যানে	2
বেঞ্জামিনের	2
বলুনতো	2
পার্সোনালিটি	2
ইউরোপোল	2
প্রোগ্রামই	2
৮বছর	2
এসম্পর্কে	2
ব্যাঙ্গপূর্ন	2
ক্রিস্টমাস	2
রুটিনের	2
হাউমাউ	2
ক্রাফট	2
জ্যান্টলম্যান	2
বোনাপার্তে	2
গ্যালগো	2
চীরযৌবনের	2
৩বার	2
বার্স্ট	2
স্মাইলি	2
বাচি	2
সমতা	2
লন্ডভন্ড	2
এমেচার	2
কারটেল	2
বাইওমেট্রিক	2
সার্ভেইলেন্স	2
হার্টটা	2
ইমপ্রেসড	2
কুকাজ	2
বাহুতেই	2
ঝড়টা	2
বার্নির	2
হটস্পট	2
স্প্যানিস	2
এমবুশের	2
টরেস	2
বিকৃতমস্তিষ্ক	2
একজায়গা	2
ইভ্যাকুয়েশন	2
কূল	2
ট্রেঞ্চের	2
রিটায়ার	2
মস্তিষ্কবিকৃত	2
বাক্যগুলো	2
গোডাউন	2
টর্নেডো	2
আম্মাও	2
উড়াচ্ছি	2
পারলোনা	2
বাঁচবোনা	2
মরছিনা	2
বেঁচেছিল	2
ঘাঁটবে	2
দূর্গন্ধ	2
লুকাচ্ছিল	2
কসরত	2
জাপানিদের	2
উদ্দীপন	2
প্রেরণায়	2
শ্রেনী	2
গ্রাফ	2
খাঁজকাটা	2
চেকপয়েন্ট	2
ওহঃ	2
ষাঁড়	2
ট্রান্সফরমার	2
গামা	2
বিচারব্যবস্থা	2
রেডিয়াল	2
ইউএসএস	2
প্রাক্কালে	2
ফোটান	2
স্বয়ংক্রিয়	2
আয়ে	2
ভূখন্ড	2
সমকেন্দ্রি	2
পশ্চাদ্ধাবন	2
চোয়াল	2
শাসিত	2
প্রণয়ী	2
দ্বীপপুঞ্জ	2
বুদ্বুদ	2
ইলেকট্রনিক্স	2
ফ্রাইং	2
কমরেডদের	2
ওস্তাদগ্রেগরি	2
প্রতিধ্বনিত	2
ছোঁড়ো	2
ওয়ার্ডের	2
গ্রেগরির	2
তান্ত্রিকের	2
জাদুশক্তির	2
প্যান্ডেল	2
ডাইনিদেরকে	2
সাথিরা	2
রাদু	2
ভিরাহার্দা	2
চন্দ্রগ্রহণ	2
তান্ত্রিককে	2
উরাগ	2
ঘ্রাণশক্তি	2
দানবগুলো	2
জড়িয়ো	2
ন্যাহ	2
চ্যু	2
বেদরকারী	2
ওত্তেরি	2
ফিতাটা	2
শ্বাসে	2
বলোই	2
সামারসন	2
এফেয়ার	2
দেইখ্যা	2
ফালাইবেন	2
ওয়েস্টমিন্সটার	2
খুশিমনেই	2
তেতে	2
রাখোনা	2
কর্মকাণ্ডের	2
গোয়েন্দাদের	2
সূত্রগুলো	2
ওয়েস্টমিন্সটারের	2
হাড্ডাহাড্ডি	2
ডাকোনি	2
ডাকোনা	2
এম্ব্যুলেন্স	2
ধরোনা	2
রইলে	2
হার্ভার্ডে	2
হেলানো	2
ভোজনবিলাসের	2
মারির	2
হ্যাভ	2
কেটেছিলেন	2
অপ্রামাণিক	2
পারডি	2
প্যাসন	2
জুনিপার	2
জরিপ	2
সিগমুন্ড	2
ওয়েব্যাকে	2
পানীয়টার	2
খাটালে	2
মুত	2
খলিফা	2
নাঙা	2
তুতের	2
দেখসোস	2
অ্যাগামেনন	2
গ্রানিওনকে	2
ফ্লোরেন্সে	2
ট্রয়ে	2
পিবডির	2
ওয়েব্যাককে	2
রাজ্যত্ব	2
উত্তরাধিকারিণী	2
সুখশান্তি	2
রাজত্বও	2
টাকু	2
টাকুটি	2
অল্পকিছুদিন	2
পরিরা	2
সুন্দরির	2
চুমোয়	2
এরর	2
ম্যাপটি	2
প্রাসাদটির	2
কাহিনীটি	2
দরজাগুলোর	2
টাম্ব্রিয়ার	2
এটাতেও	2
দড়িটি	2
পিসস	2
দূর্গটি	2
আরলিন	2
হেলমেটে	2
আলিঙ্গনের	2
সেরাটাই	2
রাজকুমারই	2
ডনে	2
বালকসুলভ	2
তারকাছে	2
আজহারুল	2
নোবিপ্রবি	2
বাজপাখিকে	2
জনসমক্ষে	2
অপারেটরকে	2
ডালমোর	2
ছিটেফোঁটাও	2
অখন	2
কুনহানের	2
ওগুলির	2
আনউইন	2
কয়জনের	2
অনূর্ধ্ব	2
চটপট	2
খ্যাতা	2
হস	2
প্রিটি	2
সংস্থাগুলোর	2
কেমব্রিজ	2
টিমওয়ার্ক	2
১০৫	2
মানবসৃষ্ট	2
আর্নল্ডকে	2
মহব্বত	2
ব্যবস্থাগুলো	2
স্ক্যান্ডিনেভিয়ান	2
টেরই	2
বাছি	2
বিস্ফোরণটা	2
বেজোড়	2
মানবজাতিই	2
বিসমিল্লাহ	2
গ্লেইড	2
সমাজসেবক	2
কোটিরও	2
সীলমোহরের	2
কাউলা	2
ভ্যালেন্টাইনকে	2
পাগলগুলার	2
প্রতারকের	2
কিংসম্যানদের	2
আনাও	2
দেখিয়েছিলেন	2
জ্বরটা	2
কমাই	2
টিস্যুকে	2
মাইকটা	2
ঢুকলেন	2
এক্ষণি	2
আসলা	2
চাকরীতে	2
অ্যাভোকাডো	2
টুনার	2
কচমচে	2
পিম্প	2
হেঁইয়ো	2
তোমারটাই	2
বিপত্নীক	2
একানব্বইটা	2
বইপড়া	2
আইসিইউতে	2
ফার্মেসীতে	2
এলিনার	2
তেভি	2
দিমিত্রির	2
যিশুখ্রিস্ট	2
আটাশ	2
আমাক	2
কতটুকুই	2
চামচামি	2
স্ল্যাভির	2
হপ্তায়	2
সখ	2
মার্টের	2
টন্দুক	2
রেজিস্টারটা	2
সামারভিলে	2
পেরঝকি	2
করতাসে	2
পেডারসন	2
সুজানকে	2
দোস্তোকে	2
ট্র্যাঙ্কে	2
লেগেছিস	2
জানলাটা	2
মাস্টারস	2
১৫৫	2
অনুভূতিই	2
ছিপির	2
মস্কোয়	2
হুমড়ি	2
বেরংয়ের	2
মিষ্ট	2
কুনজুন্নি	2
মেয়েদেরই	2
কষ্টি	2
অশণি	2
জ্যেতিষীর	2
ওকালোহোমা	2
জিপসী	2
শোভার	2
মাইসরে	2
ব্যাঙ্গালোর	2
পালাঘাটে	2
পুঁজা	2
কুট্টুস	2
স্টুডবেকার	2
কইতাছেন	2
এইরম	2
একডা	2
বাবুরে	2
পূণ্যের	2
হাসবি	2
কুট্টানকে	2
ম্যাংগো	2
ফান্ডকে	2
কুট্টানের	2
শৃংখলা	2
গেঁয়ো	2
বাসু	2
মানুষেই	2
দিভিয়াকে	2
কাজিনরা	2
কগজ	2
ধাপড়া	2
হসনি	2
নিষেধাজ্ঞার	2
ভাদাইম্মা	2
অয়না	2
মোবিল	2
সারাকে	2
ফ্রান্সিসকোর	2
বিরোধ	2
সিডিসি	2
এপদের	2
এপসের	2
আলেক্স	2
সাতারের	2
ড্রেফাস	2
স্টাল	2
শব্দজটের	2
ব্লেচলির	2
স্যান্ডউইচই	2
টুরিং	2
নিয়মানুবর্তিতা	2
অ্যালানকে	2
মেঞ্জিসের	2
সেক্রেটারিদের	2
বান্ধবের	2
ক্রিপ্টোগ্রাফি	2
ব্লেচলিতে	2
গোপনই	2
স্তালিনের	2
মেট্রিক্সে	2
ফুলও	2
০৬০০	2
বেয়াড়া	2
দ্বিতীয়জন	2
অমূলদ	2
উপপাদ্য	2
খরুচে	2
সরালে	2
সাইফারটা	2
খুঁজলেই	2
জোওনের	2
ভাগানোর	2
স্কেটিং	2
অপরপক্ষের	2
ভার্শন	2
ভার্শনের	2
এইবেলা	2
সেটিংসজুড়ে	2
ডেনিস্টনের	2
ডেনিস্টনকে	2
কার্লাইল	2
সন্দেহপ্রবণ	2
গিলাতে	2
রুজভেল্ট	2
ব্লিঙ্ক	2
ছিলেই	2
বলিভার	2
সেন্টিনেলের	2
শুয়েছি	2
দশভাগের	2
নিয়েন্ডারথ্যালেসিস	2
জ্ঞাতিভ্রাতা	2
স্যাপিয়েন্স	2
বিচ্যুতিস্বরূপ	2
প্রজাতিগণের	2
ঘটিয়া	2
ফ্যাসিলিটিতে	2
দেশটায়	2
পরিমাণেই	2
ভংচং	2
যাওয়াকে	2
কামেল	2
সিবি	2
মাথাটার	2
কীর্তির	2
হস্তক্ষেপের	2
এসিডের	2
সেন্টিনেলগুলো	2
পলিমার	2
অস্থিমজ্জা	2
পঞ্চান্ন	2
মায়াবতী	2
পিবিএস	2
ডেফকন	2
নিপীড়িত	2
ভীতিতে	2
ইতিহাসটা	2
লুকিসের	2
জঙ্গলই	2
এপয়েন্টমেন্টের	2
সতর্কীকরণ	2
মধ্যই	2
শেষকৃত্যর	2
বোকচোদরে	2
মগডালের	2
ব্যাপ্তি	2
পেত্নী	2
জানেমানের	2
কালপিটটা	2
সামানে	2
দোকানটি	2
টোস্টের	2
জলখাবারের	2
ইয়াংজাতে	2
তোমাক	2
পিগি	2
নিউং	2
সড়ান	2
ব্যাডা	2
মারিমুথুর	2
ব্যাংককের	2
রেজিস্টেশন	2
জেলাতে	2
চুলকে	2
ওয়ালটন	2
ফুয়ারা	2
মারিমুথুকে	2
দ্বারান	2
লাগেজগুলো	2
শিরাক	2
জেলারই	2
গণণার	2
অনুরোধেই	2
কৃষকেরাই	2
তুলতো	2
চ্যাম্পিয়নের	2
হেভি	2
ডিনোর	2
ম্যানহ্যাটন	2
উড়ছিলে	2
মেমোটা	2
ভূয়াবাজি	2
শেলবীর	2
স্পিডের	2
অ্যাগার	2
হিলস্	2
দড়াম	2
ইঞ্জিনকে	2
খাপছাড়া	2
ঘামিয়ে	2
ফ্রান্সিসকোতে	2
ব্রিউস্টারকে	2
অনুরাগের	2
ঘ্রাণও	2
দৌঁড়ের	2
জ্ন্য	2
পিষবো	2
নিমরড	2
ঝুলবে	2
দৌঁড়িয়ে	2
স্ক্যানের	2
বুগাত্তি	2
স্যালিন	2
গুচ	2
মলমের	2
অগ্রগামী	2
স্ক্যানারে	2
ন্যাভেরো	2
গ্যারেল্ড	2
সেরানি	2
চোরই	2
দাব্বাতুল	2
আরদ্ব	2
ওঠেছে	2
মূর্খরা	2
হারিসের	2
হারিসকে	2
ক্রোধান্বিত	2
ব্যাটাতো	2
বিলকিসের	2
রাকিবুল	2
রাহিমা	2
হারুত	2
ঝাঁড়ফুক	2
আলাইহি	2
সাল্লাম	2
ইয়াকাযাদের	2
বুরসায়	2
চেঁচিয়ো	2
গতিকে	2
বজ্রাঘাত	2
বজ্রমানবের	2
বোভাইন	2
১৭টি	2
হীরে	2
দেকার্তে	2
খাটবে	2
অবস	2
তীরন্দাজের	2
নারীতে	2
আশাহত	2
সুশ্রী	2
দেহী	2
আনুকূল্য	2
মোমবাতির	2
পুবের	2
দুর্বোধ্য	2
রদ	2
ছিছকে	2
চাপ্যু	2
ঝাকি	2
বিস্বাদ	2
নেকড়েরা	2
ধূলিমাখা	2
মনমাতানো	2
চোবান	2
নাচিনি	2
ঠিকবে	2
জন্ত	2
বকছিল	2
জন্তটাকে	2
দস্যুর	2
চাকতি	2
খুজোঁ	2
ওয়ালডার	2
কাঁটাতেই	2
অতিথিদেরকে	2
মীরা	2
ড্রাগনগ্লাসের	2
উত্তরাঞ্চল	2
ইস্টওয়াচ	2
হার্থ	2
কারহোল্ড	2
র‍্যামজির	2
কারস্টার্ক	2
ইউরন	2
ওয়েস্টোরস	2
সদিচ্ছার	2
ওয়েল্যান্ড	2
আর্চমাস্টার	2
হৃদপিন্ডটা	2
এইগন	2
ভেইলের	2
সেপ্ট	2
ড্রাগনপিট	2
থোরোস	2
নামগন্ধ	2
পর্বতও	2
ড্রাগনস্টোনের	2
শেয়ারকরুনকাছেরমানুষদেরসাথে	2
টারগেরিয়ানদের	2
নিবিড়ভাবে	2
শাই	2
জাকে	2
চলাকালে	2
কুনিও	2
সপরিবারে	2
শীর্ষস্থানীয়	2
লুকোই	2
জন্মানোই	2
সময়ক্ষেত্রের	2
সঞ্জীবনী	2
গথেল	2
ফানুস	2
উড়াচ্ছিল	2
নিয়ামক	2
সাজসজ্জার	2
ডেম	2
খোঁপা	2
পানিগুলো	2
কাটাবেন	2
জানাজানি	2
এস্ট	2
ভউস	2
আগুনকেও	2
গিয়েছিলা	2
বেলুড়	2
থেনি	2
র্যা	2
ঙ্ক	2
চিরকুট	2
হোস্টেলটা	2
অভিভাবকেরা	2
ট্যাব	2
ফিরতো	2
কোনোপ্রকার	2
কলেজকে	2
টুনির	2
পান্ডি	2
কাটতি	2
তল্লাসি	2
লাগিয়েছেন	2
ধোলাইটা	2
ডিটেইল	2
নিপীড়ন	2
ভাগ্নি	2
ভিরামের	2
বুলেটই	2
৩২৪	2
টাকাপয়সাও	2
নির্বাচনেই	2
মালাটা	2
হাসের	2
কুন্দানকুলামে	2
সবাইর	2
সুশিক্ষা	2
আথার্ভা	2
কড়ে	2
ইনটু	2
ভ্যালহালা	2
অর্কেস্ট্রা	2
ক্রিটিকাল	2
রিচার্জের	2
গ্রহতে	2
আরিব্বাস	2
ইলেকট্রম্যাগনেটিক	2
আপলিঙ্ক	2
বিটা	2
ওরামকে	2
বাঁশিতে	2
কীর্তিরাশি	2
অতুল	2
বৈভব	2
মাদারের	2
অতক্ষণ	2
স্পেসের	2
মজ্জাগত	2
প্রজাতিদের	2
স্বপ্নবাজ	2
বেহেশতে	2
বিকন	2
ঘুমিও	2
তবিয়তে	2
সম্প্রচারিত	2
সামাদ	2
কাধের	2
শুনালি	2
কুইলের	2
অ্যানুলাক্স	2
হারব্লুলারি	2
সভারিন	2
বার্থিং	2
আয়েশার	2
নাচছিল	2
নাচাত	2
ডুবেই	2
সোভেরিন	2
জাইলাক	2
মাঞ্চ	2
থোতা	2
রেভেজার	2
ইয়োন্ডু	2
বুঝিও	2
চাকন	2
ইয়ন্ডুই	2
সঙ্গীরাও	2
ঘোরপ্যাঁচ	2
হাড়ি	2
মেজাজি	2
নীলা	2
বেড়াচ্ছিলাম	2
রসিয়ে	2
উডনটা	2
নামকে	2
আলাভোলা	2
হিস্যা	2
জিতত	2
শরীরই	2
ছেঁচা	2
ক্যাপ্টেনরা	2
অপরজন	2
অন্তরটা	2
কার্পণ্য	2
অস্তিত্বে	2
খোলসে	2
দুশ্চিন্তাও	2
ফুটায়	2
চারাগাছ	2
স্হান	2
জলদস্যুকে	2
সালাজারের	2
মার্টিনে	2
ক্রনোমিটার	2
দিগুন	2
রাখায়	2
ছাটাই	2
জাদুকরীর	2
শরমের	2
অসঙ্গতিপূর্ণ	2
ক্র্যাকান	2
মানচিত্রই	2
জেটির	2
মানচিত্রেই	2
হরোলজিস্ট	2
ঠিকেই	2
জলদস্যুই	2
দুস্তো	2
গড়বে	2
২১৬	2
পার্লকে	2
জীবিতের	2
ত্রিশূলটা	2
১৮টি	2
গ্রাউন্ডহগ	2
জ্যাকফ্রস্ট	2
সোফাটা	2
কেনোনা	2
চাকরীও	2
অফিসও	2
মিটিংও	2
সোনামনিটা	2
ল্যামকে	2
ঘুমপাড়ানী	2
দাওয়ার	2
মিডেল	2
ফুঁরিয়ে	2
ভালোবেসেছে	2
কুকুরছানারা	2
ভবিষ্যৎই	2
ট্রিপলেটস্	2
বোঁকা	2
বহুবছর	2
পিউ	2
চাকরিটাও	2
চাগা	2
ইউজিনিয়া	2
বেবিসিটার	2
নুডুলসের	2
টেলিফোনটা	2
জন্মাইনি	2
হাতলটা	2
এলভিসের	2
হতোই	2
হার্টব্রেক	2
বেতনই	2
কনফিউজড্	2
হিসেবের	2
থিওডর	2
হাসিবুজ্জামানহাসিব	2
জদা	2
ভার্সনের	2
প্লেটটার	2
দকে	2
পর্নোগ্রাফার	2
ট্রিপটা	2
শটগানের	2
ক্রুগারের	2
লাগটা	2
উলভি	2
গ্যাব্রিয়েলাকে	2
অ্যালক্যালাই	2
ট্রান্সিয়েন	2
ধকলটা	2
টোগাযোগ	2
বলয়ের	2
গেলেছে	2
মচমচিয়ে	2
চিজকেকের	2
বড়িগুলো	2
আলবাইনোর	2
সাতপাঁচে	2
লিবার্টির	2
ফিউট্যান্ট	2
কেইজ	2
ধ্যানজ্ঞান	2
গুনছো	2
পর্যবেক্ষণগুলোর	2
দরকষার	2
দমই	2
জমাচ্ছ	2
পাটাতনের	2
চার্লসে	2
অ্যাডামেন্টিয়াম	2
কেবলিই	2
ক্ষতস্থানের	2
ইবুপ্রোফেন	2
মগটা	2
এভার	2
উলভারিনকে	2
ঠিকানাতে	2
ভালমানুষটার	2
ইয়েলাপাতে	2
ওখানটাতে	2
ব্রেইনকে	2
ডেস্ট্রাকশনের	2
গ্যাব্রিয়েলার	2
ম্যাসেজে	2
লাশখানা	2
যেভিয়ার	2
মাথাকেও	2
ভাগারে	2
কুটিকুটি	2
ক্যালিভানকে	2
ছড়াটা	2
ট্রান্সিজেনের	2
আলোবাতাস	2
হ্যালোউইনে	2
অ্যালকালির	2
আমারটাই	2
ইয়াংকির	2
এসোল্ডো	2
পেলুম	2
ফায়দাবাজ	2
ঠাকুমার	2
ছোবড়া	2
চলৎশক্তি	2
ওয়েস্টচেস্টারের	2
আলোই	2
ফেঁদেছে	2
মাদারীর	2
ট্রাকগুলা	2
ভুঁড়ি	2
নখর	2
প্রায়চিত্ত	2
দুনিয়াও	2
নগণ্যই	2
আলজহেইমার	2
বার্ধক্য	2
অন্নের	2
ইডেনে	2
টাবটা	2
সিংকটা	2
সিংক	2
পাম্পিং	2
ঠুকেছে	2
কেইনউড	2
এদিকের	2
আমাদেরটুকু	2
খাটাচ্ছে	2
মাসকয়েক	2
ফেঁপে	2
ভুট্টাগুলো	2
ড্রিংকগুলোতে	2
আবেদনময়	2
ব্রেকএওয়ে	2
রোপিং	2
পেইন্টিঙ্গের	2
ন্যাটের	2
কার্যকারিতাও	2
খেলোগে	2
জাগিয়ো	2
ওয়েস্টারে	2
কেনউড	2
ফার্মারদের	2
উঠছ	2
হেমোস্টাসিস	2
এনজিওজেনেসিস	2
এপিথেলিয়ালাইজেশন	2
প্রোলাইফিরেশন	2
কুলুপ	2
এঁটেছিলে	2
ইডেনের	2
ডাকোটায়	2
কাটাছেড়া	2
পুরী	2
জুয়ারেজের	2
ট্র‍্যাকার	2
রিকটর	2
এডামান্টিয়াম	2
আলকালি	2
আমেক	2
ডেলিলাহ	2
ইফেক্টটা	2
ক্লও	2
হাওলেট	2
অবিমার	2
সিরামেও	2
জেন্ডার	2
ধ্বংসকারীর	2
পানীয়ে	2
পোলিওর	2
সিংগাম	2
বিসাব	2
অনলি	2
অগ্রাহাম	2
রাবন	2
নার্সিং	2
গাণাপতি	2
কাম্মা	2
এন্টারটেইনিং	2
ল্যাঙ্গুয়েজ	2
বুঝিসনি	2
আলমের	2
কাজলের	2
ফটোও	2
ভিগনেশ্বরা	2
দেখিসনি	2
সম্পূর্ণেশ	2
নাতনিদের	2
পায়েশ	2
মাস্টার্স	2
পরেরবারের	2
ঝাঝরা	2
বেয়াই	2
বর্তমানকে	2
কনফিউশনে	2
রাঁধুনীকে	2
মার্ডারার	2
সুরি	2
লজিক	2
কাথায়ানির	2
কাথু	2
নাইটেই	2
বৌমা	2
পাত্রকে	2
প্রতঙ্গ	2
মার‍তে	2
ইন্নোসেন্ট	2
পুরুষোত্তম	2
পায়াম্মা	2
খেলছেন	2
অপরাধপটে	2
কিউন	2
সিউ	2
ইন্সটাগ্রাম	2
পুইয়ং	2
গাড়িটাতে	2
এইদিকটা	2
আউল	2
দাওয়াটুকু	2
মিঃডিউক	2
পড়বা	2
বুলেটিনে	2
এস্টার	2
বাতিগুলা	2
সুস্ত	2
গেসিলো	2
যুবতীর	2
পপকর্ণ	2
টপিকস	2
ধুত্তরি	2
ল্যাপড	2
ল্যাংডেল	2
পরলক	2
ললি	2
সোসিওপ্যাথ	2
মরণোত্তর	2
সামারাতে	2
তাড়ানো	2
প্রত্যঙ্গ	2
ক্যাবিনেট	2
রিসেপশনিস্টরা	2
পাব্লিক	2
ছবিটাও	2
বর্জিয়ার	2
রহস্যগুলোর	2
কেনেন	2
গ্রেটা	2
বেংসডটার	2
অধিবেশন	2
বার্নিকটের	2
ল্যামবেথ	2
রোজির	2
ছড়াচ্ছিলো	2
ওমেন	2
এক্সরসিস্টের	2
এন্টিক্রাইস্ট	2
স্নায়ুযুদ্ধের	2
টিবিলিসি	2
স্যান্ডেফোর্ডের	2
হার্কার	2
কমতো	2
গেব্রিয়েল	2
অ্যামুনিশনের	2
গড়াবে	2
দলেরই	2
ছক্কার	2
স্মলউড	2
ডাকঘরের	2
প্লাইমাউথ	2
লাইনটাকে	2
ইএমপিটা	2
বাটারফ্লাই	2
ক্যাচাল	2
ব্যপারটাকে	2
চারতলার	2
আগন্তকের	2
ভুতনি	2
র‍্যামসি	2
চায়নায়	2
আচরণকেই	2
খেয়েদেয়ে	2
ডিউরাম্যাক্স	2
রাশিয়ানকে	2
চিপে	2
বাঁচেনি	2
সম্ভাবনাগুলো	2
গাইডেন্স	2
স্ল্যাখ	2
জ্যাখ	2
মিসাইলটাকে	2
সাবটাকে	2
সাবমেরিনটার	2
হোল্ডের	2
বেকুবগুলো	2
লালচুলো	2
প্রযুক্তিবিদ	2
বাসায়ই	2
মাইলে	2
স্যান্টিয়াগো	2
অস্তিত্বহীন	2
গ্রুপও	2
৬৭৫৩	2
্যামজি	2
নির্দেশই	2
ঘাঁড়	2
এম১৫৩	2
সহিহ্	2
ওয়ারেন্টি	2
আঁটকাতে	2
ধন্যবাদটা	2
এথানে	2
লেথা	2
বাঁধটা	2
ল্যাম্বারগিনি	2
নার্ড	2
ইচে	2
চ্যাম্পিয়নশিপ	2
জোড়া	2
দূর্নীতি	2
রামজি	2
থামাওনি	2
ছেকে	2
চাপবো	2
ণা	2
ব্লাইন্ড	2
বিক্রেতার	2
অনির্দিষ্ট	2
বিচ্ছিন্নতাবাদীরা	2
এরিয়াল	2
কজ	2
নেটওয়ার্কে	2
খট	2
চেপো	2
সাবকে	2
নিরাস	2
বাঁচিয়েছি	2
গায়ক	2
ফিউরিয়াস	2
লোককেও	2
বাস্টার্ড	2
বেকে	2
বাড়ীটা	2
এন্তোনিওর	2
রায়টা	2
এন্তোনিওকে	2
অস্ট্রিয়ান	2
মোড়া	2
সিলিকন	2
প্রহরে	2
গ্রিপ	2
ক্যাসিয়ান	2
রাউন্ডটা	2
পেশাগতভাবে	2
রিক্টর	2
জানতামও	2
আয়ত্বে	2
সাহচর্য	2
আবিষ্কারে	2
হারবারের	2
সিজনে	2
উপসর্গ	2
ডিসকভারির	2
মুহূর্তটাকে	2
ইমোশোনাল	2
গ্রুভস	2
লেইসির	2
গুঁটিকয়েক	2
থামাতেও	2
সংসারে	2
স্কার্টের	2
বোধ্য	2
জন্যগণ	2
জঘন	2
মতএদের	2
এড়া	2
পবিএ	2
এন্টিওপ	2
সৃষ্টিদের	2
হিপ্পোলাইটা	2
থেমিস্কিরা	2
ইসাবেল	2
সম্মুখভাগ	2
আল্পস	2
কাইজারকে	2
যুদ্ধবিরতিতে	2
কাইজার	2
তরবারীটা	2
জেনারেলদের	2
সফরের	2
নোটবুকটা	2
অধ্যুষিত	2
ঠকে	2
থাকাটাও	2
দুলতে	2
থেমিস্কিরার	2
হিপ্পোলাইটার	2
মারছিল	2
দেবঘাতক	2
সবভাবেই	2
ক্যারেল	2
ব্যালথজার	2
ব্রাট	2
ইই	2
ছুড়বে	2
শত্রুও	2
ক্ষতগুলো	2
ভিডিটি	2
বন্দুকগুলোতে	2
রিসাইক্লিং	2
ফ্রেঞ্চম্যান	2
রমা	2
সাতিকে	2
কর্মফলে	2
নমুনায়	2
সেরাফের	2
উদ্দেশ্যমূলক	2
খননযন্ত্রগুলোকে	2
আপলিংক	2
স্পার্কি	2
অনুমেয়	2
শারা	2
দিগ্রী	2
সেন্টিনেলকে	2
মিফুনির	2
পারেও	2
জায়নকে	2
কয়টাই	2
পূর্ববর্তীরা	2
বয়াম	2
নির্লজ্জভাবে	2
ল্যাংড়া	2
ছাঁকা	2
নেহাৎ	2
ভালমানুষ	2
রেনবো	2
মন্দিরটি	2
টিশ	2
টিএ	2
ডিএ	2
হিস্টরিয়া	2
ঢামালি	2
গোকুল	2
বড়াই	2
ভাস	2
ধাবমান	2
দুর্বিনীত	2
চড়েছে	2
নিরীক্ষক	2
ওয়াকআউট	2
যুক্তিবিজ্ঞান	2
তাহাদেরই	2
প্রণয়কটাক্ষ	2
চিত্তভ্রংশ	2
রোমিং	2
স্থাপত্যশিল্পে	2
প্রমোদসম্মেলন	2
বীরাঙ্গনা	2
পাঁইট	2
ইয়োরোপ	2
তিুমি	2
আলবাৎ	2
অদোদুল্যমান	2
দার্জিলিং	2
হেঁচকা	2
দিয়ো	2
বাড়িটি	2
অলিন্দ	2
উইকএন্ডে	2
সোয়াইন	2
জবুথবুভাব	2
ডুবা	2
সর্বদর্শী	2
বোঝায়	2
বিঁধ	2
তীর্থযাত্রা	2
দাঁড়াতেই	2
ভারগ্রস্ত	2
দায়িত্ববান	2
প্রভিডেন্ড	2
নির্দ্বিধায়	2
গিয়েছেন	2
অনুস্মারক	2
সাবাড়	2
ছোঁড়ার	2
সারিয়ে	2
ফসকান	2
দৌড়াতে	2
হিসাবহীন	2
ঘেঙানি	2
পাট্টা	2
রমরমা	2
পরবর্তীদের	2
পৌছেনি	2
ছিনান	2
অর্থী	2
এপার্টমেন্টসে	2
িক	2
প্রিয়তমা	2
ফোঁপানো	2
অনন্তর	2
ওঁর	2
ডায়ালকৃত	2
পরিবারবর্গের	2
কোরিয়ান	2
শব্দসমূহ	2
উপভাষা	2
অতিথিপরায়ণ	2
ভৃল	2
শর্তাদিতে	2
মিথ্যাভাবে	2
ক্যারোলিনার	2
ডায়রিটা	2
থামছেনা	2
এন্ডারসনের	2
দশদিনের	2
ফাইসা	2
সৎবাবা	2
ছিইড়্যা	2
হালামু	2
খুলবনা	2
খুনগুলি	2
পোক	2
নেভাডা	2
ব্যক্তিত্বসত্ত্বা	2
রিভার্সকে	2
নয়জন	2
স্টটগর্ট	2
লাওস	2
ডেটোনা	2
কমিয়ে	2
স্ক্র্যাপ	2
প্রয়াস	2
আল্পসের	2
ক্রোম	2
বিবিসি	2
পড়ুন	2
কাদামাটি	2
পরশ্রীকাতর	2
টয়লেট	2
অভ্যুত্থানের	2
ইরাকি	2
ভালভ	2
নির্ধারক	2
বায়েজীদ	2
শিকদার	2
হিল্লোল	2
দত্ত	2
নিলয়	2
গাওয়া	2
উড়াও	2
নরিংটনের	2
পরাশক্তি	2
রয়্যালে	2
জিলেট	2
হাতছাড়া	2
দস্যুদের	2
সোয়ানকে	2
এট্টু	2
ফন্দিটা	2
উঠাবি	2
বীতস্পৃহ	2
দুর্বৃত্তের	2
নোঙ্গরের	2
গোঁয়ার	2
লড়াইয়ে	2
টরটুগাতে	2
টরটুগার	2
জিসেল	2
নাবিকদল	2
কর্টেজের	2
নিয়েই	2
যাওনের	2
একজোড়া	2
রক্তেই	2
মুনে	2
লয়	2
বারবোসাকে	2
দাঁড়গুলো	2
নোঙ্গরটা	2
স্বর্ণমুদ্রাটা	2
মেয়েটাকে	2
জামাতে	2
নরিংটনকে	2
ভূখণ্ডের	2
বদদোয়া	2
বুটস্ট্র্যাপের	2
বুটস্ট্র্যাপে	2
কয়	2
অতর্কিতে	2
সানডে	2
মানডে	2
রক্তপাতেই	2
সৈন্যটা	2
নৌকায়	2
করসিলো	2
ছদ্মবেশধারণ	2
ঝুলিয়ে	2
বদমাইশি	2
ম্যাগনিটোর	2
মিউট্যান্টকে	2
প্রশ্নও	2
অপস	2
আইসম্যান	2
কমবেশি	2
মৌচাকের	2
অ্যাডাম্যান্টিয়ামের	2
অ্যাডাম্যান্টিয়াম	2
প্রেপ	2
ছাত্রাবাস	2
তরলটা	2
জন্মেরও	2
হ্যান্সকম	2
কণ্ঠস্বরও	2
লাইম্যান	2
ঘনত্বের	2
তব	2
হুমকিকে	2
নিচ্ছিলেন	2
ঔপন্যাসিকের	2
রজ্জুকে	2
দারাতে	2
লেক্সাস	2
উপড়ের	2
মইক	2
ব্যাসমেন্ট	2
সাঙ্কির	2
সাইবাড্রিন	2
লিউকেমিয়া	2
যানজট	2
বাছার	2
সিআরএস	2
স্বশাসিত	2
সস্ত্র	2
মানার	2
দেহার	2
প্রোসেসিং	2
ষাটডাউন	2
আত্তসচেতন	2
অগাস্টে	2
স্থানটা	2
জ্যোতিষ	2
রেস্তোরা	2
আঁচড়ের	2
মামাবাড়ি	2
নিভানোর	2
শ্বাসরোধের	2
বৃস্টিস্নাত	2
রিকোয়েস্ট	2
হেসেছিলো	2
দমনের	2
ভূলতে	2
ভায়োলেন্ট	2
শরীরচর্চা	2
ব্যবস্থাপক	2
ক্যাপ্টেনদের	2
হামান	2
রডের	2
ঠিকমতই	2
ফেরেস্তা	2
কীমেকার	2
কার্যকারণ	2
উইন্সলো	2
ফ্রিওয়ের	2
মোটরসাইকেলের	2
২৭টা	2
৩১৪	2
অনিবার্যভাবেই	2
অসঙ্গতি	2
ধুইয়া	2
মাথাটি	2
গ্রাফাটকে	2
চিৎকারটা	2
সেলিনা	2
থর্টন	2
জয়ি	2
পারফরম্যান্স	2
জেমিকে	2
কুঁড়ি	2
অহমিকার	2
অন্যায়ও	2
রোলিন্	2
কাটিয়েছিলাম	2
বিয়ার্ক	2
মাইনফিল্ড	2
ভেনম	2
জুল	2
কাটাচ্ছেন	2
এক্সপোর্ট	2
ঢাললেই	2
অরগানোস	2
থেরাপির	2
ফিদেল	2
পক্ষিবিজ্ঞানি	2
আইসল্যান্ড	2
প্রশিক্ষণে	2
গুঞ্জন	2
অতিমাত্রায়	2
কনফ্লিক্ট	2
ভ্যানিশ	2
খনিটা	2
অনুমানও	2
সংরক্ষণে	2
চাপড়ে	2
লিব্রিয়ান্স	2
দ্বিমাত্রিক	2
নেদারস	2
বারেবারে	2
নেদারের	2
কাটাস	2
বিটোফেন	2
প্রানীগুলো	2
তল্লাসী	2
উগ	2
পলিগ্রাফ	2
ফাদারকে	2
ভিভিয়ানা	2
মৃত্যূ	2
খুশীর	2
প্রমাণপত্র	2
এইনাও	2
থেকেছিল	2
ল্যবিতে	2
ক্লডিয়া	2
ঢুকেনি	2
মরক্কোর	2
ডায়াগন	2
ছুমন্তরগলি	2
গার্লফ্রেন্ডও	2
জাদুকরও	2
নেওয়ায়	2
কানটুপি	2
গিল্ডরয়	2
লকহার্টের	2
উত্তরাধিকারীদের	2
গড্রিক	2
শুদ্ধরক্ত	2
মিল্কশেক	2
সর্পভাষী	2
সাপদের	2
মিলিসেন্ট	2
ক্র্যাবের	2
ছাপেনি	2
হামলাকারী	2
কর্নেলিয়াস	2
গভর্নররা	2
আরাগগ	2
মাকড়সারা	2
বাসিলিস্কের	2
সিক্রেটসে	2
সিঙ্কের	2
বাসিলিস্ককে	2
ডায়েরির	2
মহানতম	2
ফকেস	2
সর্টিং	2
১৯৩১	2
মাইককেও	2
বেশিনা	2
রেন্সকে	2
সূচী	2
ইউনিয়নে	2
ক্যালভিনো	2
যেকোনও	2
দুইশ	2
হিসাবরক্ষক	2
হর্নটা	2
খুনিরাই	2
ব্রিস্টল	2
যথাসময়	2
পেতুনিয়া	2
গুনেছি	2
গতবছরে	2
শুনেল	2
চিঠিও	2
রুবিয়াস	2
হগওয়ার্টসের	2
কয়েকবছরের	2
আত্নহারা	2
মায়াবিদ্যা	2
বুড়াকে	2
পিউটার	2
হ্যারিকের	2
ক্রকফোর্ড	2
উত্তরদাতা	2
ডায়াগন	2
অ্যালিতে	2
লাইড	2
ওলিভ্যান্ডার্সে	2
মায়াপাখি	2
ছড়িতে	2
ছড়িই	2
মায়াপাখির	2
ছড়িতেই	2
ডাকিনী	2
কাটাদাগটা	2
শাপেই	2
শাপে	2
টিকেটে	2
মাগলু	2
রনও	2
মেনথলও	2
স্বাদেরও	2
জমিয়েছিলাম	2
আকাছে	2
পারেবেন	2
পটারও	2
স্লিদারিনেই	2
বোন্স	2
ভোজোৎসব	2
কাটালেন	2
মাথাহীন	2
কাপুট	2
ড্রাকুনিস	2
মেয়েদেরগুলো	2
তারিফের	2
মন্ত্রতন্ত্র	2
নিগূঢ়	2
খ্যাতিকে	2
নেহায়েৎ	2
রজনীগন্ধাকে	2
বেজোয়ার	2
চারার	2
রিমেমব্রল	2
ভুলেছি	2
গবলিনরা	2
আ্যমান্ডা	2
একটুসময়	2
ঝাড়ুও	2
খোমাটা	2
প্যাটার	2
উড়েছ	2
উডের	2
ফ্লিচের	2
ফ্লিচ	2
দেখারই	2
কোয়াফল	2
কোয়াফলকে	2
সিকারের	2
ভাসানো	2
পর্বতি	2
বিপরীতেও	2
ল্যাংরিয়ে	2
হাটছে	2
জিনিসটারই	2
সিজনের	2
স্নিচও	2
ফ্লিন্টের	2
ল্যাকারনাম	2
ইনফ্লেমারি	2
ধরেচে	2
আইরিশম্যানের	2
হাম্বলডোরকে	2
ফ্লামেলের	2
খুজনি	2
ক্যাপ্টেনও	2
এরিসেডের	2
আয়নার	2
পৌরণিক	2
হাসিঠাট্টার	2
শুধুশুধু	2
ডেঙ্গিয়ে	2
পন্থাগুলো	2
সময়কালে	2
ইউনিকর্নকে	2
ফিরেঞ্জ	2
নেবিল	2
পার্টিফিকার	2
ঘুমচ্ছে	2
বীণায়	2
হারমাইয়োনি	2
লিউমাস	2
সোলেম	2
একানে	2
হ্যারমায়োনি	2
পেয়াদা	2
আউলরিতে	2
স্নেপ	2
কুইরেলকে	2
হ্যান্ডশ্যাক	2
বুদ্ধিগুলোর	2
টফির	2
কর্ণমল	2
গ্রেঞ্জারকে	2
গ্রিফিন্ডরকে	2
ওয়েকি	2
২০২০	2
গরজ	2
ডিসুম	2
সুদুর	2
ভদ্রোমহোদয়	2
মহোদয়াগন	2
ধ্বংসলীলার	2
রোবটটাও	2
ডেব্রার	2
কালোবাজারি	2
ধ্যন	2
হপ্তার	2
লড়েছিলো	2
সালভো	2
পাগলাটাকে	2
ডাস্টবিনের	2
সার্চলাইট	2
ঠীক	2
সামানা	2
অনুকরন	2
নিকোকে	2
ট্যান্ডি	2
শিখাইছিলো	2
এক্সেলর্ড	2
বুরিটো	2
মোড়াও	2
মেট্রোর	2
রাক্ষসটার	2
জিতা	2
নিজস্বতা	2
আন্ডারকার্ট	2
সুইটে	2
ম্যাক্সই	2
হদ্দ	2
একটামাত্র	2
শোটাইম	2
চ্যাম্পকে	2
তান্ডব	2
দর্শকমন্ডলো	2
কুত্তিকে	2
বিচারকগনের	2
পেন্টোস	2
চড়াবো	2
সমাধিক্ষেত্রে	2
বনেদি	2
কামারকে	2
বারাথিয়নের	2
হর্সলর্ডকে	2
অবাচ্য	2
রেইগার	2
টারগ্যারিয়ানকে	2
বলাতকারী	2
ড্রাগনরা	2
কার্থের	2
প্রমোদখানায়	2
আনুগত্যকে	2
ভ্যালিরিয়ান	2
কিংসরোড	2
ইলিন	2
ভোজে	2
জফ	2
নেকড়েটাকে	2
দেনায়	2
বিছায়ায়	2
সেচ্ছাসেবী	2
বামনের	2
ওরিস	2
আ্যলেক্স	2
গরিমা	2
লিয়ানা	2
দ্বন্দ্বযুদ্ধে	2
ইজল্যান্ডের	2
বেলন	2
থিওন	2
শিঙাটা	2
এডার্ড	2
ভ্যারেস	2
ন্যায়সঙ্গত	2
বাকিগুলোর	2
আনডাল	2
ওয়েস্টেরোস	2
ডোয়ানিস	2
জন্মস্থানে	2
শিখল	2
ডারিওন	2
একচোখ	2
আস্তাবলে	2
অশ্বচালক	2
জফ্রিকে	2
সৌন্যদের	2
ব্যারাথিওনের	2
প্রটেক্টর	2
টমেন	2
জফ্রির	2
রক্তা	2
রাজ্যাভিষেকের	2
স্ট্রেট	2
মারেক	2
স্টেফেন্সকি	2
অস্ত্রওয়ালা	2
স্যাবিন	2
হাস্পাতালে	2
বুর্জ	2
হ্যান্ড্রিক্স	2
রিপ্রোগ্রাম	2
হ্যান্ড্রিক্সকে	2
লেওনিদকে	2
বেনজিকে	2
সাইবেরিয়ানকে	2
ডায়মন্ডগুলো	2
ট্যাক্টিকাল	2
ডিভাইসটাও	2
হ্যান্ড্রিক্সের	2
অ্যারের	2
বিলিনিওর	2
র‍্যাঙ্ক	2
লতানো	2
মাফিন	2
বিড়ালদের	2
তেলতেলে	2
ডিমটার	2
কিংবদন্তিদের	2
পুসঃ	2
কিটিঃ	2
দানবই	2
এখানকারই	2
ওড়্	2
হাম্পটিঃ	2
সেলেই	2
রিকার্ডোকে	2
বুটজোড়া	2
ভাবানুবাদ	2
মোচনে	2
সান্নিধ্যে	2
প্যাগোডায়	2
জিনসাং	2
প্যাগোডা	2
সিনং	2
ঔষুধির	2
আসুখ	2
ফুলটাকেও	2
বেকুবটা	2
ঐগুলোতে	2
পাহাড়টাকে	2
চিচিয়াং	2
লান্তেরন	2
প্রেতগুলো	2
কাটানোও	2
জিন্সেন	2
হেংযউ	2
পাল্টাবেন	2
বেকুবটাকে	2
অধরে	2
সমর্পিত	2
লোকালয়	2
কুটিরে	2
সুকুমার	2
ওইগুলোকে	2
প্রীতিকর	2
চপলা	2
কুঠিটি	2
বানিয়ছে	2
পূর্ণিমাতে	2
কুঠি	2
কুঠিতে	2
কিন্থু	2
কুড়াই	2
খেত্রেও	2
জিন্সান	2
প্রচারকারী	2
কানতো	2
শ্বদন্ত	2
নিবারণকারী	2
সন্ধানকার্য	2
উপ্রের	2
সরষে	2
গ্রীবায়	2
চাখবে	2
কামড়েছ	2
ঘাবড়িয়ো	2
সুসুর	2
স্বপ্নাতীত	2
সমুচ্চ	2
যৌতূক	2
সুসুকেও	2
কুরুচিকর	2
অর্ধাঙ্গী	2
ন্যূনত	2
অকস্মাৎ	2
চটচটে	2
অত্যাবশ্যকীয়	2
সঞ্চায়ক	2
ওষুধকে	2
করুনায়	2
মায়াময়	2
দিব্য	2
স্বীয়	2
নম্রতার	2
শাস্তিকে	2
বাঁচবেই	2
ক্ষতিই	2
মায়ায়	2
জাতিতে	2
উপভোগে	2
সাপটি	2
সাপটিই	2
বয়স্কা	2
বাঁচাই	2
মৃতকেও	2
শেকড়ে	2
কর্তারা	2
শেকড়টা	2
প্রেত্ররা	2
চোরতো	2
পদস্ত	2
ভিক্ষুকে	2
লউহান	2
ভিক্ষুরা	2
বিঘ্নতা	2
যজ্ঞে	2
বিপদও	2
০১৯১৮১১০০৯৯	2
প্রেতাত্মারা	2
সেধেছ	2
মেললেই	2
ধুলোতে	2
মিশাও	2
খাঁদ	2
উন্মোচনের	2
হেটেরোক্রোমিয়া	2
বলিয়া	2
আর্জেন্টিনায়	2
হেলফায়ার	2
চাষি	2
এমসিআর১	2
রাব	2
আকাংক্ষা	2
বেরোই	2
মাথাব্যথার	2
ফতুর	2
ওপারেই	2
সহ্যক্ষমতার	2
জেকিল	2
ওগুলোরই	2
অসাধারণই	2
জাহাজটাকে	2
প্লেনটাকে	2
অস্ত্রগুলোকে	2
নড়বো	2
বিবিধ	2
ভালবাসাহীন	2
টিমস	2
গুটিসুটি	2
খরার	2
গায়কের	2
পুতানেস্কা	2
কোয়ার্ট	2
র‍্যাংগোর	2
দায়িত্বও	2
ডার্টের	2
শেক্সপিয়ার	2
স্বাদু	2
র‍্যাটল	2
স্নেকটার	2
অ্যাকুইফার	2
কিভাবেই	2
বুলাতে	2
হিস্পিয়ান্স	2
বিশাস	2
জেঙ্কিন্স	2
সবগুলির	2
সেলাইটা	2
ধনুকের	2
আনদালের	2
এ্যাডার্ড	2
টিরিয়নের	2
সেলার	2
ব্রানডন	2
বাইবে	2
বাড়িগুলো	2
ইলিরিও	2
ড্রগো	2
ড্রগোর	2
বেনজিন	2
নর্থম্যান	2
ইরি	2
লায়সা	2
ডথ্রাকির	2
জরাহ	2
বেয়ার	2
ম্যাজিস্টার	2
অ্যান্ডালস	2
দাঁড়কাক	2
বাঁড়া	2
ব্র্যানডন	2
বাটুলটা	2
ডাকনামটা	2
নিটোল	2
ভাজভান	2
ভিসিরিস	2
দ্রোগোকে	2
বসালে	2
হমফ	2
সত্যিসত্যিই	2
মোটুরাম	2
অ্যান্ডাল	2
ডোথরাকিতে	2
পরান	2
পাইয়ার্সড	2
ডিসডেইন	2
খাটিয়েছ	2
বন্ধুকধারিরা	2
ঘুরায়	2
কেবিনেই	2
ঝর্ণায়	2
হাড্ডিগুড্ডি	2
জলকন্যার	2
আঞ্জেলিকা	2
জলকন্যারা	2
আন্ড	2
থাউজেন্ড	2
গাঙচিলের	2
আরেকটাতে	2
দুটাতেই	2
বাঁচত	2
মিশনারির	2
ভিজলাম	2
কৃতার্থ	2
সেইগুলো	2
ক্যাঁচক্যাঁচ	2
প্যাঁচিয়ে	2
জলোচ্ছ্বাস	2
গ্যাটর	2
শনকে	2
হরতন	2
পাশ্চাত্য	2
মালগাড়ি	2
হেয়ার	2
কোকির	2
গুডউইনকে	2
প্যারাবলিক	2
ইলিনয়	2
রাতলিজ	2
নেলিস	2
বলতনা	2
বাঁকে	2
ডেনোফ	2
দ্বন্দ্বযুদ্ধ	2
বালকটার	2
বুকপ্লেট	2
মুতি	2
মাথানত	2
ফ্লাওয়ারস	2
লেয়সের	2
ডাথোরাকি	2
পাটক	2
অঙ্গহানী	2
সর্বদার	2
মনোবাসনা	2
আড়াআড়ি	2
বোকাকে	2
সবজায়গার	2
লুণ্ঠন	2
দলনেতার	2
রাজ্যও	2
দিবেই	2
যেখানটা	2
পাইসেল	2
স্মল	2
কিংসরোডের	2
যারপরনাই	2
বেছেছিলাম	2
নিযুক্তির	2
রাজকোষ	2
টাইউইনের	2
নর্দানারদের	2
ভিনদেশি	2
মানছো	2
শুসস	2
করাটাও	2
সেবারও	2
ক্যাসলে	2
নিচুজাতের	2
ভেঙেছিস	2
দুশ্চিন্তাটা	2
ল্যান্সেল	2
তোতলা	2
সেপাইয়ের	2
নজরানা	2
শিখছেন	2
ঐদিকেই	2
উদ্বেগজনক	2
লর্ডেরা	2
স্ট্যালিওনের	2
কোহোরে	2
ভায়েস	2
ফোরেল	2
ব্রাভোসের	2
ওয়েস্টেরোসের	2
হাআআআ	2
হাপ	2
বেশ্যালয়	2
ব্রানঃ	2
ব্যানারম্যানদের	2
গ্রেগরের	2
স্টেফোন	2
ভোজনের	2
ঝড়াতে	2
ছোকরা	2
শোয়ার	2
খরচটা	2
খুলিগুলো	2
সরাইখানা	2
ফুলছে	2
ওজনদার	2
চিলড্রেন	2
ড্যান্সাররা	2
হোল্ডফাস্টের	2
অ্যালিসার	2
ভ্যারিসের	2
স্যামের	2
জাগিয়েছো	2
ঠাণ্ডাটা	2
হাউন্ডের	2
টাওয়ারস	2
বেইলীকে	2
ধন্যবাদ৷	2
হুরেই	2
নাও৷	2
ব্লেইন	2
একফোঁটাও	2
কমবয়েসী	2
পড়না	2
ফাটলের	2
চাইবোনা	2
ডাকিন	2
টিলি	2
তমাকে	2
হোমসিক	2
হ্যাঁ৷	2
দোস্ত	2
কাহারও	2
এক্সটেনশন	2
বিদায়৷	2
অনুমোদন	2
বাঁশজাতীয়	2
নিয়ার	2
ফোঁড়া	2
ঠাউর	2
জবুথবু	2
উচ্চাকাঙ্ক্ষী	2
ভিড়	2
কৃত্য	2
র্ষাপরায়ণ	2
করছে৷	2
এটাই৷	2
ভোজ	2
মধ্যরাত্রি	2
নিউমোনিয়া	2
পারমেশ্বর	2
রিপোর্টার্স	2
ইকুইটি	2
করণিক	2
পড়াচ্ছে	2
বিস্মরণ	2
কাপড়ে	2
ছিল৷	2
পাপড়ি	2
ঠাসাঠাসি	2
দাঁড়াবেন	2
নিমগ্ন	2
ঝরা	2
দরজী	2
গেরিলাদের	2
সেবিকা	2
দুখী	2
মন্না	2
অতিব্যস্ত	2
অ্যান্টিবায়োটিক	2
চাঁবিটা	2
ফ্রাঙ্কোর	2
রেখছে	2
ছড়াই	2
ক্ষমাশীলতা	2
মাশরুমের	2
ইয়োরসেলফ	2
স্বাতন্ত্র্য	2
কষ্টিগান	2
গুলাতে	2
ফ্রান	2
ফ্রিটজি	2
ব্যতিব্যস্ত	2
গর্দভটার	2
সিগ	2
উথান	2
অয়ারচেস্টারের	2
জ্যাকিকে	2
ম্যাস	2
রিভলভার	2
খাওয়াচ্ছ	2
সাথীকে	2
মিলটা	2
কুই	2
বুকি	2
ডাড	2
সিনিয়রকে	2
ফিটগিবন্স	2
মাম	2
নেশাখোরের	2
ডেলাহান্ট	2
ফিটজি	2
কথাটাও	2
গ্লচেস্টার	2
ন্যাকড়া	2
৩৪৪	2
ডেমে	2
ডিগনামের	2
জিয়েন	2
ফ্রাঙ্ককে	2
ট্রুপার	2
চানই	2
বাজাননি	2
কৌশলগুলোর	2
ফ্যালনের	2
মিল্টন	2
একারম্যান	2
গিঁটটা	2
ভার্জিলের	2
পঙ্গুর	2
ফ্যালনকে	2
দর্শককে	2
স্বেচ্ছাসেবকেরা	2
আরেকহাত	2
অ্যালবার্ট	2
ডায়েরীর	2
সময়সাপেক্ষ	2
দ্বিখণ্ডিত	2
দস্তানা	2
অর্ধেকটাও	2
জাদুটার	2
স্টাইলই	2
অ্যাঞ্জিয়ারকে	2
অলিভিয়া	2
স্প্রিংস	2
দর্শকমণ্ডলী	2
সরঞ্জামগুলো	2
সরঞ্জামের	2
ডেমোক্রেটিক	2
হোহেনসনহাউসেন	2
ব্যাপারটির	2
২২৭	2
গেয়র্গ	2
মৌর্ন	2
গ্রাবিটজ	2
লেখকেরা	2
হাউসারকে	2
সোয়ালবার	2
গুনী	2
মেয়েবন্ধু	2
প্রিমিয়ারে	2
হেমফ্	2
জম্মদিন	2
ভাবাটা	2
হনেকার	2
স্টিগলার	2
গাধারা	2
সেটির	2
ভালোমানুষের	2
মারিয়ার	2
বাইমলার	2
গণনায়	2
গননায়	2
হাঙ্গেরি	2
রলফ	2
মারগট	2
রলফি	2
ডেনমার্কের	2
আন্দোলনে	2
সম্মন্ধে	2
টাইপফেস	2
ভুক্ত	2
ড্রেম্যানের	2
ওয়ালনার	2
স্ট্রেন	2
আন্দ্রেয়া	2
কোলিব্রি	2
প্রাঙ্গন	2
কুঠরি	2
হেমপ্	2
পরছেন	2
এক্সে	2
আজিজা	2
জুবায়ের	2
চারশো	2
দর্শনকে	2
পাছামারা	2
রোগাক্রান্ত	2
ফিঙ্গারম্যান	2
শেকসপীয়ারের	2
ম্যাকবেথ	2
ব্যক্তিত্বের	2
খেলিনা	2
ভণ্ডের	2
সাক্ষীদেরকে	2
নৈরাজ্যের	2
ফিঙ্গারম্যানরা	2
তারিখকে	2
খোঁজেন	2
ভায়োলা	2
ভায়াডক্সিক	2
প্রতিশোধকে	2
লার্কহিলে	2
লিলিম্যান	2
পার্থ	2
চ্যান্সেলরের	2
চতুর্দশ	2
সংহতি	2
মাদমোয়াজেল	2
সাটলারকে	2
ডেইট্রিক	2
ভ্যালেরি	2
শিখিয়েছিলো	2
অ্যাজমা	2
গৃহযুদ্ধের	2
ফিঙ্গারম্যানদের	2
পার্সী	2
ক্রিডিকে	2
ভাসছিলো	2
সাতচল্লিশটা	2
সম্মতির	2
দৃষ্টান্তমূলক	2
ক্ষমাহীন	2
ওকল্যান্ডে	2
কছাকাছি	2
রিসোস	2
বন্যানজ্যা	2
অস্থিতত্ত্ব	2
ড্রাইভারঃ	2
লিনডাঃ	2
ইন্টার্নশিপের	2
৮৪৬	2
৮৬৪	2
ডেকেয়ার	2
জেঃ	2
স্যাল্যারি	2
ওয়ান্ডারের	2
কাস্টটমার	2
রপ	2
ফ্রাকেশ	2
ব্যাকসে	2
ধর্মপ্রচারকঃ	2
মাউন্টটেনের	2
ফরহাম	2
প্যাসিফিকে	2
গতমাসের	2
ঘাউ	2
কাল্প	2
কলেট	2
ছবিটাকে	2
রক্ষাকারীরা	2
বেজু	2
সংযোগস্থল	2
পঞ্চভূজ	2
পরম্পরা	2
ল্যাংডনকে	2
অ্যাম্বাসি	2
এ্যাম্বাসি	2
ঠাকুরদা	2
সিওনের	2
ল্যাংডনের	2
মঠই	2
খুজছিল	2
মালিকই	2
দুইভাগ	2
থালাটা	2
ফলাও	2
গর্ভাশয়	2
ম্যাকডিলানের	2
প্যাগানরা	2
দৃষ্টিপাত	2
পরদাদাকে	2
লেইগকে	2
নিজর	2
সজ্জ্বিত	2
ব্যাপটিস্টকে	2
ব্যাপটিস্টের	2
প্রদানটা	2
বালদিনির	2
চিনিয়ার	2
ভারহামন্টের	2
সুগন্ধী	2
প্যাচূলী	2
আামাকে	2
নাড়তে	2
আত্মতৃপ্তি	2
ফুলগুলোকে	2
মরকিউ	2
ফ্রেমগুলো	2
জাননে	2
প্রয়োগকারী	2
অঙ্গচ্ছেদ	2
ফোঁটায়	2
ঢালবো	2
ভালবাসাতে	2
কুস্তিগির	2
ফেম	2
লেওন	2
টানাহেঁচড়া	2
টিনার	2
কুস্তির	2
ভাগাবে	2
হেলেনাই	2
কথাটিই	2
চেইনে	2
মরুন	2
শকে	2
প্রতিটির	2
প্রতিহিংসাপরায়ণ	2
তর্জন	2
দুঃখকে	2
সাঙ্ঘাতিক	2
র‍্যাডার	2
সাম্রাজ্যবাদী	2
ইয়ুক	2
অরগ্যান	2
বর্ষাকাল	2
জাম্ব	2
লাওশিয়ান	2
পায়েস	2
৪ঠা	2
ভাগেরটা	2
ধামকি	2
ভিয়েতকং	2
ভিয়েতকংরা	2
প্রমাণিকরণ	2
খাইছেরে	2
গ্রসম্যানের	2
ব্রিফিংয়ের	2
এগ্রিমেন্ট	2
ক্ষতিসাধন	2
ক্যামেরাটার	2
লুটছে	2
অ্যালবেনিয়া	2
কনস্যুলেটে	2
হোজা	2
কেসটাও	2
শুকিয়েছে	2
শোনাচ্ছি	2
গর্জনের	2
জিম্মিরা	2
হচ্ছনা	2
ফিরবেনা	2
ভ্যালারি	2
কিপসেক	2
অ্যালাবাই	2
কোর্লিওনে	2
অপ	2
কাতার	2
যুদ্ধাপরাধ	2
লিওনে	2
লাইবেরিয়ার	2
কর্ডেল	2
জংলিদের	2
গুন্ডার	2
জমিগুলো	2
বাচেনি	2
সিপাহির	2
সেনাবাহিনীরা	2
কোনকিছুতেই	2
লাইবেরিয়া	2
একাউন্টস	2
হিরাটাই	2
তালেবানদের	2
এফেয়ারস	2
কতযি	2
আমু	2
নাবিল	2
হিরাটার	2
খুদেছি	2
খুদতে	2
গিনিতে	2
মন্ট্রিলে	2
লুকাচ্ছেন	2
ব্রাদারহুডে	2
ওয়ার্দিংটন	2
স্টোর্ম	2
অরথিংটন	2
সার্থপর	2
ছাড়াটা	2
শান্তিকে	2
বড়োটা	2
সেইবা	2
সুরজরোধী	2
কুকুলকান	2
তুষ্ট	2
গাছেই	2
দৌড়োতে	2
বলস্	2
আব্বাও	2
সোয়াঞ্জো	2
অসুখটা	2
ককুল্কান	2
ওঠাবে	2
ব্রুসের	2
১৭তম	2
তীরন্দাজদের	2
পোলারা	2
উৎসাহে	2
একশজন	2
চেলথেম	2
ক্ল্যান	2
শাসনব্যবস্থা	2
এডিনবার্গের	2
হানবো	2
মৈত্রী	2
মর্নির	2
আনুগত্যে	2
সোজাসুজিই	2
ছুঁই	2
ময়নাতদন্তকারী	2
রিপোর্টারঃ	2
লস্ট	2
বাচ	2
ফার্স্টনেম	2
জবজবে	2
অতিভোজন	2
গৌল্ডের	2
ট্রেসিঃ	2
মিলসকে	2
ভাড়াটিয়া	2
সারাঃ	2
বিলঃ	2
ধারি	2
বেশ্যাটার	2
স্কোয়াডকে	2
কুরোসাওয়া	2
পুরোহিতও	2
ওয়াজ	2
মজারই	2
ইয়ামাশিনা	2
পালকওয়ালা	2
ক্ষিপ্রতার	2
দুঃখও	2
পিছুপিছু	2
লুপারের	2
স্ট্যাজের	2
এইনামে	2
লুপারদের	2
গ্যাট	2
সেথকে	2
আ্যবকে	2
অপিরিচিত	2
রেইনমেকারের	2
রেইনমেকারকে	2
আটে	2
নওজোয়ানকে	2
ছেলেপিলেরা	2
সিডকে	2
ভার্নিয়ান	2
১৮৮৩	2
প্যাসিফিকের	2
জিতেছিলে	2
কাইলানি	2
হ্যারিক্যানের	2
ব্লন্ড	2
র‍্যাংক	2
কর্ত্রী	2
কেইট	2
স্বমূর্তি	2
উড়ায়ে	2
ফাইন্যাল	2
কভেন্ট্রিতে	2
ঢুকবেনা	2
টীচারের	2
হ্যাটওয়ালা	2
কেমিস্ট্রি	2
হাঁটাবো	2
কভেন্ট্রির	2
সুষম	2
খাওনা	2
জেমার	2
এম্বেসির	2
বসনিয়াতে	2
গ্রেনেডের	2
আন্দ্রিচের	2
বহির্বিশ্বে	2
পসারিণী	2
স্ত্রীলিঙ্গবাচক	2
কাফকা	2
অরেলিয়া	2
মাঠটা	2
টৈ	2
জিমনেস্ট	2
হারামজাদাটাকে	2
গুটিগুটি	2
নির্ভানা	2
স্প্যাজম	2
তারকারা	2
নাভোনা	2
খামচি	2
মিলাদিও	2
গ্রিশা	2
ভাসিয়া	2
ল্যুকিচ	2
পিটারসবার্গ	2
সামথিং	2
শারব্যাটস্কি	2
লাংলেতেয়ার	2
পোটাজওশ্যু	2
আলার‍্যুস	2
লেভিনের	2
স্টিভার	2
বোলোগোয়ে	2
ব্যারোনেস	2
পিয়ের	2
তাশখন্দের	2
বেটসির	2
অ্যালেক্সেইকে	2
আনুশকা	2
জ্বলত	2
চিংকি	2
পিটারসবার্গে	2
কাশিন	2
জিনিসটাতেই	2
সারস্কো	2
আলেক্সান্দ্রোভিচ	2
আলিওশা	2
সরোকিনা	2
আলেক্সান্দার	2
অশোভন	2
থিওডোর	2
জিপসিদের	2
পরস্ত্রীর	2
ভ্রনস্কিকে	2
অভাগী	2
গ্রামেও	2
নীললোহিত	2
প্রীন্স	2
প্ল্যানেটগুলো	2
প্ল্যানেটরা	2
ভোজন	2
প্ল্যানেটকে	2
বায়ুমন্ডল	2
হা্ওয়াইয়ের	2
ওরবিট	2
ঘোড়ার	2
ডিসগুলো	2
বছরটি	2
স্ফুর্তি	2
স্ফুর্তিমান	2
প্রসংশিত	2
কেককাপের	2
তোল	2
তোলে	2
তোমাকেও	2
মোমবাতিতে	2
উইস	2
একান্তর	2
গজালের	2
সিইন	2
মেয়েছিকে	2
চিনো	2
জিনিসগুলোই	2
আলোচনা	2
মিমাংশা	2
ব্যামায়	2
১৪জন	2
যৌদ্ধার	2
যৌথভাবে	2
উপেরর	2
খেলো	2
রড়	2
মিজাইল	2
হিরো	2
বোর্ডে	2
আসলো	2
বোনাস	2
রেপারী	2
পড়লো	2
মারো	2
দিচ্ছো	2
সুটারের	2
হোপারই	2
আরেকগুলো	2
কিপারের	2
ক্রসবার	2
গোলের	2
বৈশিষ্ট্যমূলক	2
হারল	2
বার্ণ	2
হইয়ো	2
চোখে	2
কথাগুলো	2
মজারও	2
ঝাকঝমক	2
হ্যঁ	2
কর্তকর্তারা	2
ঐতিহাসিকদের	2
যুদ্ধজাহাজগুলো	2
দক্ষরা	2
যোগ	2
কামান্ডিং	2
লুও	2
মালেশিয়া্	2
তোমারে	2
ক্রদের	2
সত্যিৎকারেই	2
ক্র	2
এ্যামিরাল	2
খূবই	2
টুকরো	2
স্কান্ডারস	2
র্	2
কৃতজ্ঞাপূর্ণ	2
গোসলখানার	2
মেঝেছিল	2
হোমার	2
অধিনায়কত্ব	2
সিদ্থান্ত	2
নেয়ের	2
উপভোগ	2
যুদ্ধগেমসেসবাইকেপ্রথমদিনের	2
কন্ট্রোলে	2
বিধ্বর্ম্থ	2
স্যান্ডারস	2
টায়সন	2
রেডিক্স	2
টায়সান	2
প্রখরতা	2
তোষামদ	2
ল্যাপ্টেন্টেট	2
হলনে	2
ফোনটা	2
ফেলিছি	2
মনোযোগ	2
শারিরর	2
অনুভবনীয়তা	2
প্রামণ	2
ব্রোনজ	2
যোদ্ধা	2
আরোহী	2
মুনা	2
কীয়াতে	2
শব্দগুলো	2
রার্ডারে	2
তথ্যগুলোর	2
বোবা	2
বোবার	2
বন্তু	2
ফোনেই	2
জিপাটা	2
চাইনিজও	2
উৎসরিত	2
ছুটেই	2
হবো	2
৫টির	2
আইওয়াহ	2
থিউরিরর	2
সত্যিৎকারের	2
সম্ভাবতা	2
পরিপেক্ষিতে	2
এ্লিয়েনের	2
রেপন্স	2
প্যানেটের	2
চাইনিজই	2
লৌহ	2
জোরেও	2
নমুনাটি	2
সোলার	2
বিয়ারিং	2
স্টোয়ারডেল	2
দূরুত্বে	2
টেইলব	2
অনুশীনের	2
অনুরোধ	2
কার্গো	2
অ্যাচার্ট	2
বোর্ডার	2
রিগান	2
ওগ	2
কোরিয়া	2
আশ্চার্য	2
ক্যায়াভিস	2
রিমোটের	2
হানতেছে	2
রিপোর্টে	2
কাঠামো	2
ব্রিজরিপোটঃ	2
এরকেউই	2
বেঁচেনেই	2
সবহারালো	2
টার্গেটেরা	2
অস্ক্র	2
মিনিটা	2
নাগাটাকে	2
তুলো	2
ফাইজলী	2
ফ্রিকুয়েন্সিতে	2
স্ট্রিক	2
বেষ্টনির	2
শ্যান	2
নৌবাহিনী	2
তিনিট	2
মোবাইল	2
বাহিদের	2
এলো	2
দেখাছো	2
ভেনসি	2
গিয়েছিলো	2
ভাঙ্গাচুরা	2
পটাস	2
ফ্ল্যাসলাইটটা	2
হতাহতরা	2
চাবিগুলো	2
মেরো	2
জেপাটা	2
আলোক	2
রোবট	2
শান্ত্র	2
মর্জির	2
চায়নাদের	2
ধরণা	2
টেলিফোনের	2
ভিজিটররা	2
স্টেশানটিতে	2
সম্পত্তিস্বরূপ	2
অভিয়ানটি	2
ফোর্সদের	2
অবিশ্বাসই	2
পাঁচিটি	2
৫০টি	2
গিরগিটির	2
পরবো	2
মৌলিক	2
গোছা	2
সংবাদটি	2
চাঞ্চল্য	2
নুন্যতম	2
সোরে	2
কো	2
বসাবো	2
ট্রান্সমিশান	2
সূর্যরশ্মি	2
স্যাটেলাইটটি	2
জায়ায়	2
নি্বে	2
আলোর	2
জানির	2
নড়াছড়ায়	2
ট্রান্সমেটিং	2
ডিসপেসমেন্ট	2
ফ্রিকুয়েন্সিটা	2
ওভাতে	2
ঘটনাগুলো	2
হোপারদের	2
কৌশলগত	2
ধ্বংশযজ্ঞের	2
ইলেক্ট্রনিক্যাল	2
এ্যানালাইজারটা	2
শপত	2
ব্রডকাষ্ট	2
এ্যালিয়েনদের	2
ট্যার্গেট	2
স্টীলের	2
দূর্বলচেতা	2
ফিছনের	2
হিটম	2
ট্রান্সমিড	2
পাঠানোর	2
আরেকটিকে	2
লাপাচ্ছে	2
লাইনই	2
সূর্যোদয়ের	2
জারদ	2
কোথোও	2
ঘুরবো	2
স্রোত	2
মোটেও	2
মৌড়	2
ঘুরানোর	2
নাটসু	2
ধরো	2
ক্যম্পু	2
ওঠো	2
ওঠুন	2
পানতে	2
বোড	2
পিজিশনের	2
ঢুকো	2
অকেজ	2
স্ট্রিম	2
প্রয়োজনীয়	2
চালানোর	2
লক্ষ্যস্থলে	2
চুমো	2
নোঙ্গল	2
এখানই	2
নোঙ্গর	2
কাটলো	2
উচ্চক্ষমতা	2
নতে	2
টরেন্টে	2
টিগারে	2
আনো	2
তোরা	2
গোলা	2
সম্মানটুকু	2
গৌরবের	2
নির্ভীকতা	2
সবচেযে	2
ল্যাপ্টেনেট	2
যুক্তরাষ্টের	2
ক্যানেলস	2
হোপারকে	2
অসাধাণ	2
প্রতিভাপন্ন	2
তোলো	2
জানোয়ারটি	2
করওন্ডো	2
কোনটা	2
কোথাও	2
বাঁচানো	2
কোস্টারিকাতে	2
কেম্পটাউন	2
ইচ্ছায়	2
শাবালের	2
স্থিতি	2
নিষ্কর্ষ	2
শাঁস	2
ফিলিপিন	2
জিহাদী	2
বিয়ারিং	2
নেকড়েবিশেষ	2
এসাল্ট	2
হৃত্স্পন্দন	2
নায়কের	2
হাশ	2
ফ্রেংকি	2
মারী	2
শবযান	2
উচ্ছলিত	2
ভালবসি	2
দাড়া	2
অসাধারণের	2
হাইড্রাবারগ	2
মিজ	2
স্বরটা	2
ডিভাল্ড	2
ঘ্যানর	2
ড্রাকুলারা	2
কাটাওয়ালা	2
রসুনের	2
ব্যথভেন	2
অধিকারীর	2
দরি	2
কফিনটা	2
সাবালিকা	2
আআমার	2
দয়	2
৫০এ	2
স্টাফরা	2
উচ্ছল	2
ভেড়ার	2
চুমোটা	2
সালাহবোব	2
এলাকাই	2
এভ্যঞ্জার্স	2
সর্পে	2
ভারসাম্যহীন	2
ঘুমেয়েছি	2
ডিসিতে	2
রিয়েক্টরের	2
কউলসনের	2
ফর্মুলার	2
আসগার্ডের	2
জিজ্ঞাসার	2
স্পেকট্রমিটার	2
ব্যানারকে	2
সময়তো	2
দারিয়ে	2
বাচালো	2
মঙ্গলকামী	2
বারটনকে	2
রোজার্স	2
রোটরস	2
ডিস্ট্রয়ার	2
সাবওয়েতে	2
এভেঞ্জার্সদের	2
প্রাচীনকালে	2
ক্রনসের	2
এন্ড্রোমিডার	2
পিচফর্ক	2
আফ্রোদিতি	2
অভ্যন্তরের	2
কোরিনা	2
ভারটা	2
মাখাই	2
কন্ডেন্সর	2
১০৮	2
মিডটাউন	2
কনর্সের	2
পারকিনসন	2
সমুদ্রেই	2
গানালি	2
চেতে	2
এম্ব্যুলেন্সকে	2
ঝুলছি	2
গিরগিটিতে	2
পালটায়	2
ওস্কোর্প	2
গিরগিটিটি	2
দোলন	2
প্যাকেজটায়	2
ইউকে	2
সেরেয়ালে	2
প্লাম	2
চালাল	2
এদেরকেও	2
ভ্রুম	2
নিউকুলার	2
ভাঙ্গারির	2
ট্রাপিজের	2
ময়	2
বাঘটা	2
লাফাত	2
দাড়ির	2
ফ্যামিলিরা	2
চৌপায়া	2
ডুবোয়ার	2
জান্টুশ	2
বেই	2
খামখেয়াল	2
অভিনীত	2
লিউ	2
ওয়েই	2
কিয়াং	2
আদায়	2
ঝাও	2
শৃঙ্গ	2
বক্সিংকে	2
কমপ্লিটলি	2
পেনিসমূহ	2
রাশেস	2
ছত্রভঙ্গ	2
ম্যজিক	2
ভল্লুক	2
জ্বলিয়া	2
মূহুর্তটির	2
হানাদারদের	2
কুমারীকে	2
তীরটাই	2
কাঠকে	2
দেখাবেই	2
ঝুলাবো	2
শাদীর	2
হট্টগোলকে	2
নেতৃবৃন্দ	2
কেকটায়	2
ভালুকরূপী	2
ডাইনিটাই	2
কুঁড়েঘরটি	2
শিশিটা	2
উইকারমেন	2
স্টরনোওয়ে	2
ছুড়েছিলাম	2
ভালুকটার	2
শাণিত	2
সূর্যদয়	2
ভালুকটাকে	2
ঘনক্ষেত্র	2
উত্ক্রান্ত	2
বিবাদীকে	2
শিরোলেখ	2
টুনাইট	2
যিশুখ্রিষ্ট	2
পূনর্গঠনকারী	2
মেডেলের	2
ম্যানহাটান	2
মহামূল্যবান	2
অসাধারণভাবে	2
থ্রান্ডুইল	2
কড়্কড়্	2
কিচিরমিচির	2
সেকভিলে	2
প্রাচুর্যময়	2
টোক	2
ডেখুর	2
ভাঁড়ার	2
লুঠতরাজ	2
চোর	2
ডেইন	2
নির্দেশনাবলী	2
থ্রেইন	2
জানাজার	2
ভাবিয়া	2
একমুঠো	2
মাইরটাল	2
দিলনা	2
ডুরিন	2
বাদামীপেঁচার	2
হাঁচি	2
সিটকাচ্ছে	2
ওয়েবস	2
গুল্ডুর	2
লিন্ডির	2
থ্রাইন	2
হাতুড়ি	2
জাদুঅক্ষর	2
ডুরিনদের	2
গুল্ডুরে	2
গালাড্রেইল	2
ভউ	2
এলফস	2
বাগিন্সেস	2
বচ্চাদের	2
বায়োটিক	2
ভাসায়	2
ফ্রান্সিস্কা	2
রাধা	2
কাস্তরিনি	2
তাতিয়ানা	2
পাশেদি	2
পিসু	2
হৃদয়গ্রাহী	2
দশমিকের	2
পন্ডিচেরির	2
বোট্যানিক্যাল	2
হিন্দুরা	2
কোঁকাতে	2
গীর্জার	2
তলাতেই	2
চিড়িয়াখানায়	2
যাবৎকালের	2
পৌরসভা	2
চিড়িয়াখানাটা	2
ওরাংওটাংকে	2
সমুদ্রপীড়ার	2
লাইফবোটটিকে	2
অবলোকনের	2
দ্বীপটাই	2
এ্যাসিডে	2
উদবিড়াল	2
বাঁচবার	2
সাধ্যে	2
মারিয়ামের	2
মাহরুম	2
কাবিন	2
সহীহ	2
এইনে	2
প্রতিপালকের	2
পয়গম্বরদিগকে	2
রাসুলের	2
রাহমানির	2
রাহিম	2
রাসূলের	2
অমুসলিমদের	2
ঘোরতর	2
দোকানী	2
২২তম	2
হিরোভিচ	2
ভিড়লেন	2
ভালোবসত	2
সুসম্পর্কও	2
সরতেন	2
স্বাচ্ছেন্দ্য	2
সুরায়	2
কাটলাম	2
ভালেবাসলে	2
পাপোশের	2
তরুনীরা	2
সুবার্বান	2
দুগ্ধ	2
ভালোবাসবেন	2
বর্গিওসের	2
প্রতিক্ষীত	2
শয়ন	2
ধ্যাত্তরি	2
সমাধানেই	2
হাসিখুশিতে	2
চাইঃ	2
রেইনকোটটা	2
রেইনকোটটি	2
সুখটুকুকে	2
ব্রুটাসে	2
জাদুমন্ত্রনালয়ের	2
খালুর	2
হোগার্টসে	2
ট্রেলাওয়েনি	2
ভবিষ্যতকথন	2
ধরবার	2
পার্বতী	2
স্মৃতিটাকে	2
হানিডিউকের	2
জঙ্কোর	2
হেডবয়	2
চালাবার	2
এ্যানিমেগাস	2
জাদুঝাড়ু	2
সহপাঠীরা	2
জঞ্জালটা	2
উদ্যেশ্য	2
পটারদের	2
মারেইনি	2
চড়েছিলাম	2
বাকবিকের	2
অনাহুত	2
মোঃমুশফিকুররহমানমিনার	2
ইসিইবিভাগ	2
কুয়েট	2
পোষ্যের	2
৭টার	2
বিকি	2
মুজাহীদিন	2
টাঙাবো	2
নিরিবিলিতে	2
সালুন	2
এন্যালাইসিস	2
ঠেলায়	2
হ্যানিশ	2
আয়তাকার	2
ব্রুলভের	2
আলাপে	2
সাইকোএন্যালাইসিস	2
লইতে	2
ডগস	2
ঠের	2
প্যারানয়েড	2
অসমর্থ	2
পরিকর	2
উত্ত্যক্ত	2
ফিলাডেলফিয়া	2
সাইকোএন্যালাইজড	2
টাফ	2
সহকর্মীকে	2
ক্র্যাকার্স	2
ব্রোমাইডস	2
এ্যনালিস্ট	2
রিসোর্টের	2
কলম্বিয়া	2
ব্যালেন্টাইন	2
রোগটি	2
রোগীটি	2
স্বাস্হ্যের	2
মৃত্যুসীমা	2
হিরোতে	2
বৃন্দাবন	2
ঔদিন	2
অাসতে	2
রৌদ্রে	2
ভাইঝির	2
ঔযে	2
অাসুন	2
ভ্যালুস	2
কাদেঁ	2
উকুনে	2
৩৬টা	2
ফুলই	2
বিয়েটাও	2
বরপক্ষের	2
এনগেজমেন্টে	2
নাইডু	2
জমিটার	2
রেড্ডিয়ারপট্টি	2
বেচেছিলো	2
দেবারাজু	2
বাধলে	2
পোনগাভানাম	2
বেয়াইকে	2
স্ট্রেটস	2
ইদুরটিকে	2
দেবরাজকে	2
গেঞ্জি	2
তারাহুরা	2
দেবরাজু	2
যোগী	2
সামিরার	2
ভাল্লি	2
ভীরাস্বীমা	2
ভীরাস্বামী	2
রক্তবন্যা	2
মাতালদের	2
৩০০কোটি	2
ভীরাস্বামীর	2
দেছো	2
পড়ালেহার	2
আপনেও	2
সাইপ্রাইজ	2
কুরুভিলা	2
কুরুভিলাকে	2
ঘুরবেন	2
খারায়া	2
গুড়ের	2
ঘুমাইতাছে	2
স্যাররে	2
পাইবো	2
আপাও	2
কিল্লিগা	2
ক্যামুন	2
দারূণ	2
কুলসুমের	2
মৃ	2
করছেনটা	2
কইয়াই	2
আন্নামা	2
ঘুঁটি	2
দালালি	2
থানিয়া	2
মারছস	2
যাবান	2
যাইয়েন	2
লাগেন	2
কানির	2
থানিয়াকে	2
লক্ষনই	2
দাদিমার	2
তেসাকে	2
তেসার	2
বাসস্টপ	2
পুরাম	2
পুরামে	2
ওয়েটনি	2
ভারতীয়দের	2
নাচলে	2
উপনাম	2
দয়ানন্দ	2
বস্তুতঃ	2
বোন	2
ব্রহ্ম	2
মহাভারতে	2
কুরুক্ষেত্রের	2
পারাপারের	2
অ্যামেজিং	2
চাওলা	2
হাইওয়ে	2
দোরগোড়ায়	2
অপশনটি	2
আত্মসমর্থন	2
ওয়েবসাইট	2
উসাইন	2
শাহেদ	2
রউপ	2
দিল্লিতো	2
আমেরিকাতো	2
ভারতীয়রা	2
আর্শিবাদে	2
নেচেছেন	2
দিনতো	2
পায়েল	2
পরটার	2
সংস্কৃতে	2
হারিয়া	2
নাড়াবি	2
মেরুত্র	2
গাওলিওর	2
জান্সি	2
পাতিয়ালা	2
আম্রিতাসার	2
জদেবপুর	2
জয়পুর	2
আমবালা	2
বারদা	2
দেহদারুন	2
কাশলি	2
স্বাস্থ্যও	2
কুস্তিতেও	2
নেতাগিরিতে	2
করাইছো	2
দয়ানন্দর	2
পরোটার	2
লবণও	2
খাটের	2
ত্রিভেদি	2
রাসিকাকে	2
ব্রাহ্মণের	2
ওযে	2
ব্রাহ্মণই	2
রাসিকারো	2
ভিরাট	2
কহেলি	2
যুবি	2
ধাওয়ান	2
শেওয়াগ	2
ছাদেও	2
বাররা	2
মাকানি	2
কাদাই	2
তাওয়া	2
তান্দুরি	2
কলহাপুরি	2
কাশ্মিরি	2
হায়দ্রাবাদি	2
রাইচ	2
মাঞ্ছুরিয়ান	2
আছারি	2
ছদুরি	2
রান্নাটা	2
ফর্সাও	2
ভেজ	2
নাচতেছে	2
পাঠনোর	2
কুরুক্ষেত্রতে	2
স্টেটমেন্টে	2
পৌঁছানর	2
রিকশায়	2
৪৪০	2
ডুকছে	2
উটেরা	2
সাইডেই	2
বিশ্রামতো	2
আলীটা	2
বিল্লাল	2
শচিন	2
বিল্লালের	2
ওয়াগাহ	2
সম্পকে	2
মুন্নিই	2
বুলেটিন	2
জিব্বা	2
ইসলামাবাদে	2
গুপ্তচরি	2
আলিপুরের	2
মহাসড়কের	2
পাহাড়তো	2
কাশ্মীরে	2
অ্যাটম	2
শুইয়েছেন	2
পরিয়েছেন	2
আটারিতে	2
পাকিস্তানিরা	2
কানিওয়াল	2
নরমভাবে	2
ভ্রমণকারীদের	2
কেনেওয়ালের	2
দারোগা	2
আপানাদের	2
কেনয়ালে	2
আসছিতো	2
করেছিতো	2
আল্লাকে	2
হেডকোয়াটার	2
নাওয়াব	2
নাতনিকে	2
বকার	2
বকুন	2
হাসানকে	2
পরপরি	2
হিন্দুস্তানি	2
স্পাইওয়ালা	2
স্পাইই	2
ভাগছিলা	2
দরগায়	2
দরগাতে	2
দেখেো	2
শর্টও	2
মাত্রতো	2
কয়েকজনে	2
রিওয়াইণ্ড	2
উসেন	2
দরগার	2
দেশেকে	2
নওয়াবে	2
ঘৃণাতে	2
নোরওয়ার	2
চত্রায়াভেদিকে	2
খুলতেন	2
নাজিমুদ্দিন	2
আওলিয়া	2
ইনশা	2
ধমাধম	2
সবখান	2
হৄদয়	2
চউক	2
চন্দনি	2
চৌধুরি	2
মোরগে	2
বুখারি	2
নালি	2
নিহারি	2
কাঁপেরে	2
তোতে	2
নোওয়াব	2
দৄশ্য	2
দুখে	2
জুড়াও	2
চান্দে	2
উরসিল	2
নোরওয়াল	2
গেইন্স	2
ফল্টটি	2
ফেলকাও	2
হোভারড্যাম	2
ফ্রানসিস্কোয়	2
এলেক্সি	2
পুর্বাভাস	2
আফটারশক	2
ইলেকট্রনিকের	2
ম্যালরির	2
ক্যালোফোর্নিয়ায়	2
কেলটেকের	2
ফন্টলাইন	2
ম্যালরিকে	2
ব্লেকের	2
ব্লে	2
পলায়নে	2
বুভগণ	2
গুনলেই	2
গ্যালাক্সিতে	2
বুভকে	2
পেয়ার	2
টেকনোলজির	2
চিনস	2
তারজন্যই	2
হালারে	2
শ্লাসিয়াস	2
ফেলেই	2
ওয়াপন	2
শীপ	2
মাদারশিপ	2
করিছিলাম	2
৩৫৭	2
মিনিয়নের	2
ডিপজল	2
৫৪৫	2
বেফুক	2
ন্যালসন	2
এনার্জির	2
মাছুয়া	2
সহকর্মি	2
রত্নটি	2
কস্টিউমটা	2
পুতুলটি	2
অতন্দ্র	2
কেভো	2
বইং	2
রক্ষনের	2
মহারানীকে	2
মমতাজ	2
উপড়	2
আল্টিমেট	2
ফুটার	2
বেঘোরে	2
কুউউউ	2
এ্যাঁ	2
লেকচারার	2
পাপাগিনো	2
সাথীরা	2
ফিসলিপ্স	2
ফ্ল্যাক্স	2
পানসে	2
শুকরছানাগুলো	2
অনুবাদিত	2
মাহমুদুর	2
অ্যালবির	2
অ্যালবিকে	2
গ্যালিকে	2
সিরিঞ্জটা	2
গ্রিভারদের	2
গ্রিভাররা	2
ধারাটা	2
ভুগেছে	2
গটচা	2
রাসলারস	2
কুমিরকে	2
দর্শকেরা	2
জাগলার	2
দেখামু	2
ক্যাবলের	2
ভ্যান্ডাল	2
কাভালেটিসটা	2
কস্টিউমের	2
কারাবাইনার	2
ট্যাকল	2
আটি	2
ইয়র্কের	2
টোজলি	2
এলেভেটরে	2
আর্কিটেক্টের	2
পেতিত	2
বাক্সকে	2
পুনরালোচনা	2
জাহান্নামটা	2
শূন্যতার	2
সিলানি	2
লাগানোটা	2
অপচ্ছায়া	2
প্যাপিলন	2
লুসিফার	2
এতোদিনের	2
সৎবোনদের	2
থুক্কু	2
কুমড়াকে	2
গাড়োয়ান	2
মিই	2
যারাগোজার	2
কন্যাদ্বয়	2
চাকুরেদের	2
একীভূতকরণ	2
সিয়ারা	2
তিউনিসিয়ায়	2
০০৯	2
সিয়ারার	2
গ্যেরা	2
অস্ট্রিয়ায়	2
থ্যালিয়াম	2
হফলার	2
ডিঙি	2
ডাইজেস্টিভ	2
চৌদ্দগুষ্টির	2
শিফ	2
সুঁইটা	2
আর্নস্ট	2
স্টাভরো	2
টেম্পাস	2
ফিউজিট	2
মোরন	2
রোবি	2
জ্যাকগুলো	2
মেকানিকাল	2
মোটিভেশন	2
পঙ্গুত্ব	2
হারিও	2
জিনতত্ত্বের	2
বর্ণসঙ্কর	2
ট্রাইসেরাটপ্স	2
রিস্টব্যান্ড	2
পশ্চিমদিকের	2
স্থানান্তরের	2
প্রগতি	2
গবেষণাগারে	2
মোসাসরাস	2
চমৎকারী	2
সুরক্ষাই	2
জাইরোস্ফীয়ার	2
দৌড়ও	2
এখণ	2
বীমাপত্র	2
প্যাসওয়ার্ড	2
মূত্যুর	2
ডায়মনগুলি	2
ওআ	2
সম্ভন্ধে	2
ম্ম	2
ড্রাইভটির	2
ডায়মনের	2
ফেইস	2
পাটি	2
সিইআইএ	2
কেইপ	2
রিলেক্স	2
বিএসি	2
সম্মুখযুদ্ধে	2
লেপন	2
নির্দ্ধিধায়	2
হঠা	2
কারাদন্ডে	2
দন্ডিত	2
উত্সব	2
সদয়ভাবে	2
ইন্দ্রি়গত	2
লোকনৃত্য	2
নিম্নরূপ	2
ভাটার	2
ডিস্ক্রিপ্টরের	2
বন্দুকযুদ্ধে	2
টুতিকোরিন	2
শাড়ি	2
কুলো	2
প্রেয়সী	2
জুঁই	2
সোপানযুক্ত	2
ভেঙ্কটেশ	2
উন্মথিত	2
দুর্নীতিগ্রস্ত	2
রেসিডেন্সি	2
ফলবতী	2
শহিদুল	2
ক্লিয়ারেন্স	2
ঝিলিমিলি	2
লক্ষ্মীনারায়ণ	2
ডিফেন্ডার	2
সুবিধাবাদী	2
মান্দারিন	2
সাবডার্মাল	2
বিল্ডিংটি	2
ম্যাঙ্গো	2
রবিন্সের	2
পার্টিকলের	2
দূরত্বকে	2
হ্যাঙ্কের	2
ইয়েলোজ্যাকেটের	2
ব্যর্থতাই	2
মাইয়্যার	2
কার্লোসকে	2
প্যারাপোনেরা	2
ক্ল্যাভাটা	2
রিয়ালিটিতে	2
ফিউচার	2
রেগুলেটর	2
ডিকয়	2
ইগ্নাসিওর	2
দেখসেন	2
হাঁচা	2
অবদি	2
কোল্টারকে	2
কোথেকে	2
ভালুকছানা	2
পট্টিটা	2
দাড়ান	2
বিশেক	2
আন্ডাও	2
পওনি	2
লিভেনওয়ার্থ	2
সবকয়টার	2
জপে	2
পাতালেন	2
বকছিলেন	2
লতার	2
দাড়িয়ে	2
কাঠবিড়ালি	2
অবগাহন	2
অবলোকন	2
সিয়াওজ	2
ঈশ্বরেরর	2
মিঁয়া	2
বাড়তি	2
শ্রমও	2
চিলে	2
হক্	2
হেরফের	2
প্রশাখার	2
কাণ্ডের	2
পূবদিকে	2
ঘোড়াতো	2
টুস্যান্ট	2
মালপাতির	2
তুষারাবৃত	2
লেভেনওর্থ	2
আরিকারার	2
কিনেছো	2
ফিৎজারেল্ড	2
ডব	2
যদিওবা	2
এইকটাই	2
ঝড়ে	2
কামড়ে	2
ইয়োলোস্টোনের	2
ড্রিঙ্কসের	2
ওয়েসটন	2
জনস	2
উড়িয়ে	2
গিয়ে৷	2
ভালো৷	2
হককে	2
যাওবা	2
দুপুরেই	2
সন্ধ্যাও	2
পড়ছে	2
সপ্তাহেও	2
করেছি৷	2
কাল্টারকে	2
সাহাজ্যের	2
বিভারের	2
পোয়াকা	2
উপজাতী	2
পাও্যা	2
এখোনো	2
ব্যাবসাই	2
গ্ল্যাসকে	2
মূলের	2
১৮৫০	2
হোয়েলার	2
বারজিল্লা	2
স্থলবাসী	2
হ্যালিফ্যাক্স	2
গ্রীনহর্ন	2
ডাঙ্গার	2
লিচ	2
ক্যাপিতান	2
নিরক্ষীয়	2
লরেন্সকে	2
সাবধাণে	2
আঁচরের	2
বেহালার	2
হথ্রোন	2
ডুসি	2
উইকস	2
পোলার্ডের	2
১৮২১	2
ফিবি	2
মবি	2
সাংগা	2
পিষেই	2
হিন্দুদের	2
শিবাজী	2
সমপ্রতিদ্বন্দ্বী	2
গোলামী	2
ওয়াদাকারী	2
চতুর্দশীতে	2
বেঈমানীর	2
উদীয়মান	2
ষাঁড়টাকে	2
রাতগুলোতে	2
মিলনে	2
জন্মনিব	2
জয়জয়কার	2
লামলাতে	2
সিঁদুরের	2
ক্ষত্রীয়	2
মার্তন্ড	2
শুনিয়েই	2
রাজমন্দিরে	2
বল্লাল	2
সাকেত	2
ইমানদারী	2
মালপানি	2
কালকেয়াও	2
অস্ত্রশাস্ত্র	2
ত্রিশুন	2
নিজলিখা	2
নিঃসন্তান	2
ভাগিরতি	2
ঝর্ণাকে	2
জীবনসাথী	2
দেভসেনাকে	2
দিলিপকেও	2
বীরগতি	2
শয়তানগুলো	2
কস্টে	2
করিকালা	2
নাডর	2
বিশ্বস্ততারও	2
গয়ালটাকে	2
ভল্লা	2
ভোগতে	2
শোয়াবে	2
ধোঁয়াচ্ছন্ন	2
প্রতিঘাত	2
মহিশ্মতি	2
সীদ্দা	2
ধরনীতে	2
দূদুল্যমান	2
ভরাবে	2
সুগন্ধে	2
যুদ্ধনীতি	2
নির্মমতা	2
শ্মশান	2
কালখেয়াও	2
সেনাদেরকে	2
শ্বাসন	2
লৌগ্রান	2
কিডস্	2
বাজো	2
ঘূর্ণিত	2
শ্রদ্ধেয়	2
গোঁ	2
খাদ্যশস্য	2
বাইকিং	2
বিপন্নতা	2
জানিয়েছে	2
প্রপৌত্র	2
কাইল্লা	2
এন্তোনি	2
ডালাপতি	2
পত্থন	2
অভিজিৎ	2
নন্দী	2
এন্তনি	2
মাথায়ার	2
রামায়ন	2
গলাধঃকরণ	2
থাকিয়ে	2
দুলানী	2
শরবতের	2
কানিহা	2
পটানো	2
দূর্যোগ	2
রাজনীতিক	2
পোলাটারে	2
করায়ছে	2
তোইও	2
প্রফেশন	2
পাথুকে	2
পাসের	2
উটিয়ে	2
জেনীর	2
দোসা	2
অবশ্যেই	2
আধাকার	2
রেশমিনা	2
স্টেপগুলো	2
কমপ্লেইন	2
আমানিল্লাহ	2
জাঝাকি	2
হ্যাআআআ	2
স্কুলতো	2
গোয়ালঘরে	2
আপনেরে	2
কইলে	2
লাফায়	2
জালালের	2
লানত	2
চনা	2
নিশ্বাঃস	2
তগোরে	2
আসসালামুয়ালাইকুম	2
কেমিল	2
মাদ্রেসের	2
স্বরনে	2
সেতে	2
পরতাসে	2
আজিজকে	2
লেইখা	2
কান্দিস	2
দেহিস	2
গুনবতী	2
টেগরা	2
কান্দে	2
বেডা	2
মরুর	2
বর্ণোবা	2
সুলাইমান	2
তুলের	2
ডিসোডার	2
ডাইমেনশনে	2
পরীক্ষাকে	2
আসোজা	2
ভারীতর	2
মোকাদ্দারকে	2
শিবাসের	2
জুমার	2
ধৈর্য্যশক্তি	2
তাহেরির	2
থেঁতলানো	2
ভূলবো	2
জাফরের	2
সত্যনিষ্ট	2
ট্রিটমেন্ট	2
জাফরকে	2
আগামিবার	2
ঝড়টি	2
পাকীয়ে	2
প্যাজে	2
রিচার্ডের	2
থামই	2
লিউনার্ড	2
খালাম্মারা	2
মীনা	2
মনকাড়া	2
পিরিতের	2
কাড়িকাড়ি	2
গুষ্টির	2
ছিলিস	2
ব্যাঙ্গালুরুর	2
ফিচারটা	2
বিয়েশাদি	2
চারাটা	2
ভেজিটেবল	2
উপচায়া	2
বালানকে	2
পেইন্টিংস	2
কার্টুনিস্ট	2
সময়গুলোতে	2
স্কুটারের	2
রাহুলকে	2
শিলাকে	2
শিলার	2
ফ্লোরেন্সের	2
স্কলারশিপের	2
সময়কালেই	2
অমত	2
ম্যাক্সঃ	2
গ্যাজোলিনের	2
পথসৈনিক	2
অস্থিগুলো	2
রোক্টানস্কি	2
গোলার্ধজুড়ে	2
জিন্দারা	2
মুর্দারা	2
ভূমিই	2
তাড়নাই	2
ফুকাশিমা	2
রণনায়িকা	2
অর্ধজীবি	2
ধূলিপূর্ণ	2
টাউনকে	2
রক্তদাতা	2
ভোগসামগ্রী	2
দাঁড়াতোই	2
জিন্দালাশ	2
রক্তদাতাকে	2
ঝোলাবো	2
ফ্রুটিকার	2
অঙ্গবিদ	2
পোঁটলাটাকে	2
ওক্কে	2
পেলোই	2
ঘুরিয়েছেন	2
কনফুকামাস	2
ফুটাচ্ছে	2
গ্যাসটাউন	2
খাতিরদারি	2
শকুনেরা	2
ঘোল	2
গুলিবাজদের	2
কোঁপাও	2
শকুনগুলোর	2
মোর্সোভ	2
কাটারটা	2
স্মেগ	2
মুলোমুলির	2
পৌছাবেই	2
সম্পদগুলো	2
খাম্বাবাহিনী	2
আগুনবাজ	2
কামাক্রাজি	2
আপদটাকে	2
ব্যাপারি	2
পুরেছে	2
উৎপাদিকা	2
পডটা	2
সেনানীকে	2
যুদ্ধযানে	2
পোঁটলার	2
পৌছাবোই	2
আংঘারাড	2
অবিনশ্বরের	2
নায়কগুলোর	2
ব্যারিও	2
নির্বীজকারী	2
৩০০০০	2
প্রাণনাশী	2
টহলযান	2
ফিউরিয়োসার	2
আলোটাকে	2
পুড়িয়েছি	2
যুদ্ধযানকে	2
ভুভালিনী	2
কনকানন	2
জাবাসা	2
সোয়াডল	2
জাবাসার	2
৭০০০	2
মাটিগুলো	2
ফলছিল	2
অন্যপ্রান্তে	2
নৈশব্দ	2
সেনাধিপতি	2
হেডশট	2
আদিবীজ	2
প্রকরণ	2
লবণপথ	2
মরীচিকার	2
শস্যও	2
দুসপ্তাহ	2
রণবাহিনীকে	2
ট্যাংকারটা	2
বাধাটা	2
সেনাপতিরাই	2
সেনানীরা	2
আগালেও	2
বেঁধাতে	2
উড়িয়ো	2
জাঁতা	2
মীরজাফরী	2
একনং	2
নংও	2
অঙ্গুলিযুক্ত	2
ট্যাঙ্কারকে	2
হারপুন	2
ছেঁদক	2
হটাচ্ছি	2
বাধাটার	2
দাঁইড়া	2
কইরতে	2
হেতেরে	2
বুঝাইছে	2
গান্ধীজীর	2
মাধবের	2
ইন্দিরাজীর	2
কাঞ্চনকে	2
বিচ্যুতিটা	2
ঈরুভানজি	2
পুনুরের	2
সোপি	2
লাব	2
নীলগিরি	2
পেরুমান্না	2
রারুকুট্টি	2
মার্কায়	2
একনায়কতন্ত্রের	2
প্রতিবাদে	2
কুরুপের	2
সম্ভাবনাময়	2
মাঞ্জিলিদাম	2
মানুর	2
বালিগুলো	2
নেীকা	2
এলাংগো	2
লগ্নি	2
গ্যাংএর	2
ব্লেন্ডার	2
প্রফিট	2
এলাঙ্গোর	2
থিলাগান	2
কাঁদেনি	2
মিটিংটাকে	2
যেদিনই	2
সিথারের	2
হারাইছেন	2
রামাস্বামী	2
আন্ধা	2
এনালাইসিস	2
এনকাউন্টারের	2
কোঝান্দাইভেল	2
এনকাউন্টারে	2
পাচাইমুথু	2
কোঝান্দাইভেলকে	2
শুনাচ্ছিস	2
ঘটছিলো	2
জিএম	2
ভিকার্স	2
ফাস্তো	2
আলার্কোন	2
গিয়ারমোর	2
এনফোর্সমেন্ট	2
আলেহান্দ্রোর	2
হুয়ারেজ	2
নোগালেস	2
রেভিনিউ	2
সফটবল	2
মার্সিডিজ	2
ইন্ডো	2
চ্যাটার্জী	2
তামিজা	2
প্রতিভাশালী	2
স্টানার	2
ট্যাক্সিড্রাইভার	2
ট্যাক্সিচালক	2
জুনিয়রস	2
সহ্ন	2
মরটেম	2
আর্জুন	2
তামিযার	2
স্টকের	2
মানিমারান	2
মানিমারাম	2
ইসতার	2
নড়িয়ে	2
জগহেড	2
সামপাত	2
তমিজকে	2
ঐখানকার	2
বুঝাবুঝি	2
হুবলি	2
কাঁটো	2
কাচঁ	2
অপেক্ষাও	2
মাস্কেটিয়ার্স	2
বেনেটকে	2
লাগাইয়া	2
পাচঁ	2
্যন্ত	2
প্রেমাম	2
কয়ারে	2
জাওয়াদ	2
ভিনোদ	2
কুতাপি	2
মাজু	2
মালায়াম	2
কোলাকজুহিরে	2
রিসিভারটা	2
বুড়ারে	2
লেখছস	2
মিথোলজিটা	2
কালাপ্রামবাটু	2
বলমুই	2
শার্টওয়ালা	2
শারজাহ	2
জ্যান্সি	2
ওইখানেও	2
নামুক্কু	2
পারকান	2
মুনডিরি	2
মাধ্যমিকে	2
রেগিং	2
আলুভা	2
অন্জলী	2
রোভাষ্ট	2
স্	2
নাশপাতির	2
আরিভু	2
পডি	2
রিওয়াইন্ড	2
পিটাইতে	2
ধুইছিলি	2
বাউল	2
বেড়াইতে	2
আফতাব	2
গাছগুলোতে	2
ফরেষ্ট	2
ক্রিষ্টি	2
আত্বীয়	2
পিসতা	2
আরশোলা	2
আইসো	2
ভেলভেট	2
একপিস	2
টেষ্টি	2
কভারের	2
সোমরস	2
ভারগেস	2
ব্রিগহ্যাম	2
পটোসিতে	2
মোক্ষ	2
অ্যাটলান্টিকে	2
স্যালোস	2
চাওডার	2
সামসারা	2
গ্রুমেট	2
প্রত্মতাত্বিক	2
কাষ্টম	2
৩৬টি	2
ক্রাসাস	2
পূবিলিয়াসকে	2
আপামনি	2
ইচ্ছাপূর্বক	2
পুননির্মানে	2
সিআইএতে	2
সিন্ডিকেটটা	2
ব্রুমস্টোন	2
কোনোরুপ	2
আইএমএফে	2
ইথানের	2
কাসাব্লাংকা	2
হান্টলির	2
প্রোফাইলটা	2
শীতাতপ	2
চীপটার	2
রেটিনাল	2
সিন্ডিকেটকে	2
এটলির	2
রায়ই	1
দ্বায়িত্বের	1
অধিদপ্তরে	1
বসেছেন	1
ঘোলাও	1
বার্তাবহ	1
উঠালাম	1
বসিনি	1
লাথিই	1
খাটছিল	1
একাধিকার	1
জন্মেছেন	1
অন্তর্নির্মিত	1
প্রতারণামূলক	1
মধ্যরাত্রিকে	1
জানালাটি	1
বুগির	1
অ্যাটর্নিও	1
পেটাত	1
চোয়ালে	1
বিচারকে	1
পুঙ্খানুপুঙ্খরুপে	1
অবস্থাগত	1
ব্যাপারগুলোকে	1
উৎকীর্ণ	1
সরাইখানার	1
সিনেমাহলেই	1
চিনছে	1
মুছতেও	1
ভোলেনি	1
বিক্রেতাও	1
মিলিওনেও	1
সারারাতও	1
ভোটেই	1
নাড়ালেন	1
স্বরিত	1
হৃদয়কে	1
সুবিধাবঞ্চিত	1
ধারনাকে	1
পতাকাদন্ড	1
ফ্যানটার	1
২৭০০০	1
রাতটিতে	1
বিন্দুটি	1
বানাতেই	1
জ্যাকেটটি	1
গুরুত্ত	1
ভদ্রলোকটি	1
সংজ্ঞার	1
সমস্তকিছুই	1
প্যাচাচ্ছে	1
গ্যাজাতে	1
ভালবাসুন	1
নির্মূলকারী	1
দৌড়িয়েছে	1
হাঁটেন	1
কেটেছেন	1
গুরুত্বপূর্ণই	1
কিরকমের	1
পদদলন	1
রক্তাত্ত	1
অবিচারের	1
স্বনিয়োজিত	1
শাস্তিদাতার	1
দায়িত্ত	1
ঝুঁকানো	1
ঘামেন	1
পারুন	1
আড্ডাবাজ	1
হুশশ	1
ফ্যানটির	1
স্তিভেন	1
ফেলবার	1
শাস্তিদাতা	1
শ্যামলা	1
কোণটা	1
প্রতিবেশিদের	1
ভুলবার	1
দোষীতে	1
বেশীরভাগেরই	1
ছুরিকাঘাতটি	1
এপারের	1
ছুরিকাঘাতের	1
টলানোর	1
ভোটগ্রহন	1
সময়সীমার	1
ঘষছিলেন	1
ঘষতেছিল	1
ঘষাঘষি	1
পাশটাকে	1
তাকিয়েছিলেন	1
প্যাচিয়েছে	1
ঢুকলি	1
হোলস্টার	1
কারণটাও	1
পথিকৃৎ	1
ধারনায়	1
অনার্স	1
মাথাখারাপ	1
সমসাময়িক	1
টিচাররে	1
কইছিস	1
পাইতেছিস	1
ধলাটারে	1
ন্যাঁড়ামাথাদের	1
খাটছে	1
ভিনিয়ার্ডের	1
ন্যাঁড়ামাথা	1
তাইন	1
মাথাদের	1
কৃতি	1
ভিডিওচিত্রের	1
কলামও	1
ডেরিককে	1
বাউণ্ডুলে	1
পেলেদের	1
এনবিসি	1
আখড়ায়	1
স্বর্গরাজ্য	1
পরজীবীর	1
বিরোধের	1
বর্ণরা	1
স্পেনিশ	1
এশিয়ানদের	1
দারিদ্রর	1
সংখ্যালঘুরা	1
জেনারেশনেই	1
তাকানোরই	1
ইংগলউড	1
বানচোতটাই	1
পোলাই	1
সাদারা	1
জংলীটাকে	1
ঘুর্ণি	1
ধলার	1
কালাগুলারে	1
ধরলি	1
স্কোরই	1
জেত	1
সামিনে	1
সামান	1
রক্ষণাত্মক	1
ডিফেন্ড	1
সরাইছে	1
কালুয়াগুলোকে	1
ছেয়েছিলাম	1
বৈঠকখানার	1
চুলগুলোর	1
ওস্তাদরে	1
ডেকেছিস	1
ডেমোক্রেট	1
ডেভিনার	1
প্রভাবকে	1
তাবিথা	1
এমটিভিতে	1
শুয়োরগুলোকে	1
রডহ্যাম	1
কমিয়েছিস	1
কমাইছি	1
চুলগুলা	1
পাকিয়েছিস	1
লিখেছিস	1
কালুয়ারে	1
লেখাচ্ছে	1
ফুঁকছিস	1
রুমটায়	1
জ্বলতেছে	1
মামদোবাজি	1
কাটিও	1
গিলতো	1
আত্মসম্মানবোধ	1
খাতিরদারিতে	1
আইএনএস	1
যৌক্তিকতাই	1
পরজীবীগুলো	1
নাগরিকই	1
দালানটিতেই	1
মাইকও	1
ডিটারজেন্ট	1
মমও	1
ধাতস্থ	1
দেশেও	1
ওয়াটস	1
দাঙ্গাকে	1
পাট	1
নেইই	1
সাদারাও	1
কুসংস্কারচ্ছন্ন	1
বৈষম্যগুলোতেও	1
ঢুকাচ্ছেন	1
কেসটায়ও	1
পাওয়েল	1
পেটাচ্ছে	1
ব্রিসেনো	1
আগ্রাসীর	1
পিসিপি	1
আমারিকানদের	1
ধান্ধামী	1
গেটকে	1
কালুয়াকে	1
ইহুদীবাদ	1
রাগিয়েছ	1
ইহুদির	1
পিতৃহারা	1
এলিকে	1
স্বার্থন্বেষী	1
শেভেজ	1
পাকিয়েছে	1
সমন্বিতও	1
মেক্সকানদের	1
ক্যম	1
ডিয়াগোর	1
ছেডে	1
ক্যাম	1
সোজাভাবে	1
মুরগীগুলোকে	1
কুট	1
দাঁডিয়ে	1
ড্যানিও	1
বেঁহুশ	1
টিকব	1
গবেটের	1
পাকাস	1
আসামিরাই	1
শুঁকতো	1
মিডিয়ামগুলা	1
মিডিয়ামের	1
লার্জগুলা	1
লার্জের	1
মাজছি	1
চাইবা	1
রংবাজ	1
বাঁচায়া	1
চইল	1
বুজরুকি	1
ছোটটাকেও	1
চাদরগুলা	1
পাঠাতেই	1
বসবা	1
করাবা	1
লাগাইছিস	1
মতাদর্শে	1
গন্ধটাকে	1
জিতবা	1
লেকার্স	1
সেলটিকসদের	1
সেলটিকসরা	1
মাদারচোতদের	1
ম্যাকহেলের	1
ওয়ার্দি	1
বাঙ্গির	1
রাখছেই	1
চ্যাংড়া	1
হাসতাছো	1
সেইভাবেই	1
মতাদর্শের	1
ফোকরগুলো	1
অবস্থানটার	1
কালুয়ারা	1
ছেঁচুক	1
টিকবার	1
কাপুরুষগুলোকে	1
মাসটা	1
বইকো	1
তারছিঁড়ার	1
গামু	1
বুজরুকিতে	1
ফাঁসলাম	1
সুখানুভূতি	1
বেনস	1
পিরিয়ডে	1
টিচারটা	1
পড়াচ্ছেন	1
বইয়েই	1
ক্ল্যান্সি	1
গেলার	1
সাম্যবাদ	1
কর্মস্থানে	1
সম্প্রীতিপূর্ণ	1
বান্ধবকে	1
সামর্থ্যে	1
খাওয়াচ্ছেন	1
উপসংহারটা	1
তাদেরটাই	1
লতাগুলো	1
আলোকরাশি	1
ঈস্বর	1
সাইটিং	1
অস্ত্রগুলোই	1
বাজনাযন্ত্র	1
উইফারস	1
টুইটারস	1
চাটবো	1
জিঞ্জারের	1
বাঙ্কি	1
পাগস্লিকে	1
মাস্কি	1
পাগস্লি	1
ফোনবুকের	1
এনসারিং	1
সাড়াশব্দ	1
গীত	1
শিয়ালগুলোকে	1
চ্যানেলটা	1
লিথেনান	1
ট্রাক্সলার	1
টেকনয়ার	1
পিকো	1
গাড়িটির	1
ওয়েস্টবামে	1
ওয়েস্টনাণ্ড	1
অভারল্যান্ডের	1
সাইবারডেন্স	1
সাইব্যানেটিক্স	1
পরছিলো	1
সাইবর্গের	1
সাইবর্গরা	1
বুঝানোও	1
ব্রডওয়ে	1
নিচতলাতে	1
কিলারস	1
ক্যাম্পেইন	1
আনায়ন	1
শেখালো	1
শক্তিরূপে	1
মেটালদের	1
বডিগুলো	1
সিলবারম্যান	1
পেরির	1
সাইবারমেট	1
সাইবারম্যানের	1
করলনা	1
বুহ্য	1
এড়িয়া	1
জীবসত্তা	1
প্রমাণেরও	1
উইল্ডশিড	1
অনুভবই	1
কাউচ	1
বিল্ডিঙ্গে	1
ক্যালোফর্নিয়ায়	1
আচর	1
প্রস্তু	1
চেকবুকও	1
সম্মুখিন	1
টার্মিনেটররা	1
নির্বাসিতদের	1
ঠিকানাটি	1
মথবলস	1
অ্যামোনিয়া	1
ক্ষারক	1
ঢাকনাটি	1
কাপছি	1
যন্ত্রনাকে	1
বিদীর্ন	1
অনুজ্জল	1
ছবিটাতেও	1
টার্মিনেটরের	1
জন্মাতেই	1
আউলিয়ে	1
এঁটেছ	1
কল্পগল্পের	1
বাহারী	1
এড়াবি	1
আউড়াচ্ছিলে	1
ব্রেকফেল	1
কইন্যা	1
সম্রাজ্যই	1
পরিক্রমায়	1
আদ্দিস	1
আবাবা	1
জলহস্তীও	1
শাহাজাদির	1
শাহজাদি	1
ফুটিয়েছে	1
হুলের	1
বিধেনি	1
শাহাজাদা	1
চারনের	1
বিছানাতেই	1
ঘুমোতো	1
সাইকেলও	1
দৌড়াইতে	1
গাইয়াদের	1
ক্যাপতো	1
পায়াটা	1
চটকনা	1
ভাংতো	1
পাখনার	1
চামড়াতো	1
মুরগীতে	1
গুরুজনের	1
সুর্যমুখীরাও	1
সুর্‍্যের	1
ভিতরই	1
ঘুমিয়েইতো	1
বিটলামি	1
সম্মোহক	1
নড়াচরা	1
হুরপরী	1
এক্টাই	1
কতক্ষনে	1
বখশিস	1
খাবেনই	1
গরমাগরম	1
ভূড়ি	1
ফিজিসিয়ান	1
প্রাইমেরি	1
শিক্ষকবৃন্দ	1
পরিচ্ছন্নতার	1
লতিটা	1
ঝাকাতে	1
বাকানোও	1
গর্বও	1
নাভিটা	1
বৈশিষ্ঠ	1
সেপ	1
ট্রাইসেপ	1
কানটাতেই	1
ফেরাও	1
তাড়াহুড়োয়	1
অপেরাটা	1
আইস্ক্রিমেই	1
ছাদনাটা	1
ছুড়েই	1
আইস্ক্রিমের	1
আবেগরা	1
ভেজাটা	1
ক্যাপটাই	1
খোশামদেদ	1
রেস্টরুমটা	1
কনেকে	1
স্টলের	1
যাস্ট	1
শিল্পগুন	1
শুনেতো	1
জাতটাই	1
ব্লকেই	1
সমস্যারে	1
ঝাঁকাস	1
ফুরফুরা	1
কিচেনটা	1
সুধীমন্ডলী	1
উপহারঃ	1
ইথোপিয়ান	1
বাজিওনা	1
হাফিয়ে	1
বৃহঃ	1
মঞ্জরী	1
দাঁড়ানোটা	1
বলেঃ	1
পুরষ্কারটাই	1
ওজনতো	1
যবো	1
রেফারী	1
কাবাডি	1
ম্যামটা	1
চেঁচানো	1
শুকায়নি	1
দাইড়াবান্ধা	1
যত্ত	1
৬৮৭	1
চাইছনা	1
জমেছিল	1
কামানটা	1
শুধাও	1
প্লাটিপাস	1
হাঁসই	1
ঘুমোতেও	1
ভিজব	1
ট্রাকগুলোতে	1
মেশিনগানের	1
৯৪০	1
সোয়েটারটাও	1
ত্যাগপূর্ন	1
জমিয়েছি	1
ধ্বংসবশেষ	1
৮২১	1
ইঞ্চিতে	1
মাইক্রোসেকেন্ডে	1
কোয়াটারের	1
নামিয়েছিলে	1
দরজাটির	1
দেওয়ালটি	1
ওয়ারড্রপ	1
ডাইমণ্ড	1
গারলিডোর	1
ভগ্নাবশেষের	1
হফারের	1
অপসারনের	1
সম্পরন্ন	1
নেকলেসের	1
চেলসিস	1
লকআপের	1
সমালোচনার	1
নীতিবিজ্ঞান	1
নিদর্শনটি	1
ভলিওমটা	1
এক্সপার্টদের	1
ধ্বংসবাশেষগুলো	1
তালিকাভুক্তি	1
অক্ষতভাবে	1
অলক্ষিত	1
লাভিট	1
আথবা	1
বুকাটের	1
বৃদ্ধার	1
শাইলক	1
রাপিডের	1
রাপিডও	1
হীরাটা	1
বোরক	1
লোভেল	1
ক্যাবিনের	1
নানুজানের	1
নানুজান	1
হীরাটির	1
নেকলেসটি	1
ক্যালডনের	1
হীরাটিও	1
প্রতিফলনেরই	1
জলরোধক	1
পার্টিশনগুলোর	1
দ্রুততরভাবে	1
কাঠামোটি	1
অপরটি	1
বোঝনোর	1
বডিন	1
চীনারাও	1
যাত্রীরগন	1
নোঙ্গরস্থান	1
বিলাসবহুলয়	1
যাত্রীরদেরকে	1
হারানোরও	1
যাচায়েই	1
ফেবি	1
রাজমর্যাদার	1
ওয়ারডফের	1
আঙুলগুলো	1
সামথিংক	1
ওয়্যারড্রফে	1
সারব্রউগ	1
মারগ্রারেট	1
অডুবোনীয়	1
হাসব্যান্ডের	1
সুমুদ্রে	1
মারডচ	1
মোদি	1
স্ট্যাটু	1
নির্মাটা	1
ইজমিসের	1
বাবস্থাপনা	1
আধিপত্যতা	1
মৎস্যবিশেষ	1
বিলাসপ্রিয়তা	1
ফয়েদকে	1
ভেতেরে	1
ফয়েদ	1
আদশস্বরূপ	1
উইসকনছিলে	1
ছিপিয়ারের	1
ভসোতা	1
বুকেটর	1
শরীরলে	1
মেশিনারী	1
ফিতাগুলো	1
জ্যাকেটা	1
ক্যারটের	1
দুর্বলতাই	1
ফিলাডেলফিয়ার	1
অপমানও	1
হাতগুলোকে	1
আদন্দ	1
বিজু	1
হ্যাসব্যান্ড	1
আতিবাহিত	1
যাত্রাটিকে	1
নিউওয়ার্কে	1
মন্তেরি	1
অঙ্গেলসের	1
সারপিং	1
ন্যক্কারজনক	1
লিভাবের	1
কৌতুহলী	1
প্রচারনা	1
ডওসনের	1
সাহেবদেরও	1
রটস	1
পরনিন্দা	1
অ্যালবেয়ার	1
কসমো	1
লুসিও	1
ডফ	1
স্বর্ণখনির	1
ডাওসনের	1
চিপুয়া	1
পরিবাবের	1
একপাশ	1
ক্যাভিয়ারের	1
অনুগ্রহপ্রার্থী	1
স্টিমারের	1
ভবঘুরেরা	1
মূলহীন	1
আঁকানোর	1
শ্যামপেইন	1
অপব্যয়	1
ব্রাউনের	1
শুকরশাবকের	1
শের্মানের	1
রকফেলার	1
সুনামই	1
খেলাবে	1
চারিদেকে	1
বুকেটার	1
মূল্যায়নযোগ্য	1
রোসের	1
বিপদগুলোর	1
নোরডামের	1
অবস্থানকারী	1
লৌহদণ্ড	1
এনগেজড	1
লুচিকে	1
সহচরীর	1
দুঃসাহসিকভাবে	1
ল্যাভেণ্ডার	1
রুটস	1
ফ্রাঞ্চের	1
মাড়বোলের	1
চীনামাটির	1
সোফাতে	1
মসীয়ার	1
মনেটের	1
স্থলভাগের	1
বোডিন	1
ক্রুই	1
খণ্ডকে	1
ভাঙ্গনের	1
চাকরকে	1
সাউথহামটন	1
সমকক্ষদের	1
অভিবাদনকালীন	1
বিদায়কালীন	1
ব্যবহত	1
দৌড়ছে	1
বড়োলোকেদের	1
আমারাও	1
ঘোরাচ্ছে	1
মুরদস	1
পাখার	1
খুঁজতেছিলাম	1
গোছাচ্ছিলে	1
রয়েসের	1
মারদস	1
কোলাহলপূর্ণ	1
কারর	1
সর্বোচ্চ	1
আনন্দদের	1
ক্যালডন	1
স্টুয়ার্ড	1
ম্যাডম	1
সিঁড়ী	1
মধ্যা	1
বিমাক্রিত	1
লাইহনার	1
বেলফাস্টে	1
লাইহলার	1
লিয়ো	1
অরফিয়েস	1
আশাকারি	1
যন্ত্রগুলোকে	1
মম্মি	1
জেনট্যালম্যান	1
তাড়নানগের	1
চিরযৌবনের	1
ভদ্রমহাশয়	1
সুইসগুলো	1
ইনাদের	1
দাঁড়গুলো	1
নৌকাগুলোর	1
দিয়িছে	1
শ্রদ্ধাটুকু	1
ডুবছিল	1
নৌকাগুলোতে	1
দাদাকেও	1
স্মৃতিতেই	1
খুঁজেছিল	1
ফিরেনি	1
ফালান	1
হ্যাজেল্টনের	1
টার্কডিন	1
যেটাতা	1
অঙ্গপ্রত্যঙ্গের	1
ওরকমও	1
লোককথার	1
মাইকেলসন	1
গেস	1
মারাকেশ	1
পিসগুলো	1
মারাকেশের	1
তন্ত্রমন্ত্রে	1
ইশতেহার	1
ডেভেলপমেন্টের	1
রাবেনউড	1
ইহুদিরা	1
তূর	1
কানানে	1
শীশাক	1
আ্যবনারকে	1
টোনায়	1
ফকিরবাবার	1
পিসের	1
পিসটা	1
হুকুমই	1
খোদাইকারক	1
খেদমতের	1
বেলশ	1
নিশানাগুলোর	1
ট্যানিসে	1
ইনসানের	1
লাগানই	1
মউত	1
জানুটা	1
সালাহের	1
খুঁজিনি	1
খুনখারাবীর	1
হকারের	1
ফিউরার	1
হায়াত	1
বুযুর্গের	1
কিনারাটা	1
অসমতল	1
ক্রিস্টালের	1
তাআল	1
জামানার	1
বেলকের	1
ধারেনা	1
সন্তোষজনক	1
প্রেতাত্না	1
টুকরি	1
দুর্বব্যবহারের	1
অংশেও	1
অন্যকোনদিন	1
ফণা	1
যেওয়া	1
সিন্দুককে	1
গবলার	1
রাখনা	1
জোন্সকে	1
বিধিবিধানগুলোতে	1
মার্সেনারিদের	1
পুরষ্কারে	1
ব্রডি	1
ঘোরাবে	1
স্পেলের	1
গোলালু	1
অপশনে	1
খেলবনা	1
ভাঙ্গারি	1
ট্রয়কাস	1
মিটাইনি	1
লাউজি	1
টেকেই	1
বজরঙবলি	1
এক্সপেরিমেন্স	1
স্পুট	1
কাউগার্ল	1
মানেনি	1
চিকেনে	1
উডিকেও	1
চিটারের	1
গলিকে	1
ব্যাচেলরদের	1
করভেট	1
আ্যলের	1
জন্মসূত্র	1
আঁটখানা	1
কাউবয়কে	1
ঢল	1
উত্তলন	1
পরিবাহক	1
ইয়েনে	1
ফোমের	1
মাধ্যাকর্ষণহীন	1
বাক্সবন্দী	1
যুগযুগ	1
লাইটওয়েট	1
খাটাব	1
গরুরু	1
মানবনা	1
বাবুজির	1
ওয়ান্ড	1
ফ্ল্যাশটা	1
আ্যমিকে	1
রাউন্ডআপের	1
বেঁচেছিলে	1
সিলিয়েছে	1
যতদিনই	1
বাউন্সিং	1
শুটিংয়ে	1
বানারের	1
বানরেরা	1
ট্র্যাশ	1
তরফা	1
গণবিধ্বংসী	1
উচ্ছেদকারী	1
ধূমায়িত	1
টেস্টিকুলার	1
হারমন	1
টেসটসটেরোন	1
ইস্ট্রোজেনের	1
স্তনদ্বয়	1
ইনসমনিয়া	1
অন্তরীক্ষে	1
স্ফিয়ার	1
স্টারবাক্	1
আইকি	1
পেকারি	1
রাফল্	1
কিনবই	1
ক্লিপ্স	1
হোভারট্রেক	1
এক্সারবাইক	1
ওমাশাব	1
রিশলাম্পা	1
সূচিপত্র	1
ডিজাইনওয়ালা	1
সেটও	1
ইনসমনিয়ার	1
নার্কোলেপ্সি	1
টিউনাল	1
সেকোনাল্	1
ভ্যালারিয়ান	1
সর্বরোগহর	1
মেথোডিট	1
মিন্ডি	1
টলমল	1
হাটত	1
বডিবিল্ডার	1
স্টেরয়েড	1
ডায়াবনাল	1
ওয়েস্ট্রল	1
সম্পূর্নতা	1
খারাপকিছু	1
সিঙ্গারের	1
ক্লিয়ারে	1
রক্তদান	1
হোপে	1
দ্বিমাসিক	1
ট্যুরিস্টের	1
ধরাধরির	1
সিঙ্গারকে	1
ইমসমনিয়া	1
জেগেও	1
আলাপনের	1
আ্যনের	1
মেডিটেশনের	1
আরোগ্য	1
তিব্বতী	1
দর্শনশাস্ত্র	1
মেলানোমায়	1
গ্রুপেও	1
প্রায়কটিস	1
কাঁদুন	1
লিম্ফোমা	1
ডিমেনশিয়া	1
ফিলসফি	1
সীট্যাকে	1
ওয়ার্থ	1
হার্বর	1
মাইক্রোওয়েভে	1
শ্যাম্পো	1
মাউথওয়াশের	1
টুকরাও	1
পুনরাহ্বান	1
সমন্বয়কারী	1
এপ্লাই	1
টিনেজারের	1
ছাইদানিতে	1
পুনরাহ্বানের	1
বদলাবেন	1
ইমারজেন্সির	1
নাপাম	1
বোমায়	1
থক্থকে	1
ব্যাগেজ	1
ভাইব্রেট	1
রেজরের	1
কাস্টমসওয়ালারা	1
ভলিউমে	1
কমপ্রেসর	1
ধরলনা	1
ওয়্যারড্রব	1
জীবনশৈলীর	1
ম্যগাজিন	1
চ্যানেলওয়ালা	1
স্টূয়ার্টের	1
ডুববেই	1
দব্যসামগ্রীর	1
জীবনধারার	1
পেঁচানোর	1
প্রোজেক্টশনিস্ট	1
ডট্	1
চিংড়িতে	1
জানালাই	1
সিড়িও	1
ওব্ল্যানগ্যাটা	1
মলাশয়	1
খাটাশদের	1
সঙ্গিও	1
রাগা	1
হাটতাম	1
অফিসকে	1
সাইবারনেটিং	1
আইকনটা	1
ঘুষাঘুষি	1
শ্যাটনার	1
শ্যাটনারের	1
আত্মোন্নতির	1
অন্যনাম	1
কাটতাম	1
মাহাত্মা	1
গ্রুপগুলোতেও	1
ডেবটর্	1
এ্যনঅনিমাসে	1
পিশাচীনি	1
চুদেনি	1
ঝেন	1
ফ্রিওন	1
আ্যমোনিয়ামের	1
অক্সোলাইট	1
পটাশিয়ামের	1
ক্লোরাইডের	1
ফার্নিচারকে	1
একাডেমীকে	1
কনডমকে	1
অপিরিচিতকে	1
থ্রিফ্	1
লাইপোসাকশন	1
বিত্তবানদের	1
চর্বিকে	1
গ্লিসারিনের	1
নাইট্রিক	1
গুঁড়ো	1
আশ্লিষ্ট	1
এ্যনিমেলকে	1
ভিনেগার	1
ডিপার্টমেন্টাল	1
অনিদ্রায়	1
এ্যর্মালাইট	1
কার্বাইন	1
কুড়ানো	1
কমপ্লায়েন্স	1
লায়াবিলিটি	1
পয়স	1
হ্যানিভার	1
রেইন্	1
ডার্ডনের	1
বিভিন্নরকম	1
বিষন্নতাই	1
ফিল্মস্টার	1
টাভেন	1
আরভিনের	1
আরভিন	1
ঢেলেছেন	1
কনসালটেন্টের	1
স্পন্সরশীপ	1
শোরগোলের	1
প্রেসমেন	1
স্যুপে	1
হোমওয়ার্কের	1
ডেলাওয়্যার	1
পেন্	1
গ্রুভেও	1
মেয়াদোত্তীর্ণ	1
হেসেলের	1
একমদই	1
পুলাপাইন	1
মানকি	1
পোলাপাইনরা	1
বানাচছে	1
বর্বরতার	1
ক্লাবগুলোর	1
প্রোজেক্টে	1
টাইম্	1
দেখেশোনা	1
করেবেনা	1
মেইহেম	1
ফলফল	1
ক্যানিয়নের	1
ঝঞ্জালে	1
টাইলারও	1
টাইলারই	1
শুওরেরবাচ্চারা	1
নামতাম	1
ভ্রমের	1
চুদাচুদি	1
ফ্র্যাঙ্কলিস	1
করেবন	1
শিফন	1
ব্যাক্তিক্ত	1
ব্যক্তিক্ত	1
চোদাচুদি	1
আবেগপ্রবণতা	1
সবারও	1
সন্ত্রাসীদলের	1
আত্নকের	1
মাটিয়ে	1
ভাঁজতে	1
ভাংতেই	1
সাম্যাবস্থার	1
সিরায়াল	1
বন্দুকটাও	1
দুর্গন্ধটা	1
চেওনা	1
দুজর	1
প্রশ্নগুলোই	1
কোম্পানিগুলোর	1
রাইনহার্ট	1
করবেনই	1
পরিহাসমূলকভাবে	1
রেটে	1
বড়ভাই	1
শস্যক্ষেত্র	1
বায়েজীদ	1
মনগুলো	1
মারণযন্ত্র	1
কৃষ্ণকেশী	1
অ্যামিনো	1
ভণ্ডদের	1
রেলস্টেশন	1
পাম্পস	1
অধীনতাহীন	1
সীমান্তহীন	1
বেডসাইড	1
রযকে	1
বেবিসিটারের	1
নাটক্র্যাকার	1
ইলোনা	1
অস্টিওপাথের	1
জিগলার	1
সান্দোর	1
সাভোস্ত	1
ওভিডের	1
সোহোর	1
আর্টে	1
চারুতা	1
প্রবঞ্চনার	1
অতটাই	1
নুয়ালা	1
উইন্ডসরকে	1
নুয়ালার	1
রকাফেলার	1
প্লাজাতে	1
ফোটো	1
রূমাল	1
আদর্শপুরুষ	1
প্রান্তদেশ	1
গ্যালারিটা	1
রেনেসাঁ	1
রিহ্যাব	1
জ্যানেলকে	1
জিগলারকে	1
উপহারগুলো	1
মোড়াবে	1
পটাচ্ছিলাম	1
মডলকে	1
চুদবেনা	1
দায়বদ্ধতা	1
কডের	1
সর্বক্ষণই	1
পছন্দনীয়	1
আতঙ্কটা	1
ন্যাথানসন	1
ন্যাথানসনের	1
সারদিন	1
রোসার	1
আত্মীয়কে	1
নিযুক্তি	1
ওয়েস্টে	1
সিয়াটলে	1
গিগ	1
বেটোফেনের	1
তবুই	1
গ্রিনিংয়ের	1
গ্রেনিংয়ের	1
ক্ষমাপার্থী	1
রঙচটা	1
ট্রাইকোলজিস্টকে	1
তরুণীই	1
বেজির	1
ডোরা	1
স্বদিচ্ছায়	1
পরিস্থিতিত	1
ভাংলাম	1
মানবশূন্য	1
জাগিয়েছ	1
নাইটিংগেলকে	1
বাজিয়েছিল	1
মাস্কের	1
হারফোর্ডকে	1
ঙ্গাপনাকেও	1
রিসিট	1
কস্টিউমই	1
অ্যাকলি	1
কোমিন্সকি	1
শাপিরো	1
ডমিনোর	1
অপিরিমিত	1
ক্যারান	1
অসময়ের	1
অমিশ্রিত	1
স্কচটা	1
প্লেয়ারটার	1
খচ্চরটাকে	1
সিয়াটলের	1
পাসওয়ার্ডের	1
পাসওয়ার্ডই	1
লিমোজিনে	1
রিসিটও	1
সাবরিনাকে	1
ত্রুটিও	1
ভাবাবে	1
ভাগ্যেরই	1
ভিজ্যুয়াল	1
এফেক্টের	1
শামিয়েল	1
যীশুখ্রিস্ট	1
ভেঞ্জি	1
চেপ্পুল	1
চেপ্পাল	1
সার্টিফিকেটের	1
আহমেদাবাদ	1
মাল্টিন্যাশনাল	1
ফিগ্রী	1
বেরোচ্ছো	1
ভাগ্নী	1
মাবাইয়াহ	1
এন্ট্রিটাই	1
হেল্পফুল	1
অ্যাহ	1
টাইমপাস	1
সিজি	1
ট্যালেন্টেড	1
অভিনেতারে	1
সিনেমাটিক	1
অরুণ	1
ব্যবসায়কে	1
বক্তৃত্বা	1
তারথেকেও	1
থ্রিলে	1
থালাইভা	1
ফ্যাক্ট	1
সিটই	1
মেলেনা	1
ক্ষুধাতে	1
কচ্ছে	1
আইকোআইকোর	1
লাভারস্পিক	1
অংশগ্রহণকারীদের	1
খাদ্যও	1
পেটপূজা	1
ডাইট	1
কোই	1
হিরোইনকে	1
মেঝোতে	1
কোরাইনাকাল	1
মর‍তে	1
নার্সই	1
ট্রিহাউজ	1
মীনাক্ষী	1
আউটারিং	1
এঙ্গেজমেন্টে	1
ট্রেকিং	1
গৌতকে	1
সৃষ্টিকর্তাই	1
জয়ালক্ষ্মী	1
জোসেফই	1
হাফে	1
অ্যাক্সিডেন্টের	1
যশোধাকে	1
যশোধা	1
সেবনে	1
ডেভিডকেও	1
অ্যাঙ্গেজমেন্টের	1
কাকেই	1
চাকুরীরও	1
শাটআপ	1
রিংয়িং	1
বর্ণটা	1
বোতামটার	1
পর্ণস্টারের	1
বোতামটি	1
ক্লাইন্টের	1
কোম্পামি	1
এক্সসিলেন্ট	1
এক্সট্রঅর্ডিনারি	1
নববর্ষে	1
২য়টি	1
ভারতেও	1
বিপি	1
মাসেও	1
চশমাতেই	1
ফ্লিপকার্টে	1
ক্যাশব্যাক	1
বার্থডেতে	1
ভেকেশ্বর	1
ড্রোপ	1
ক্যাথিরিন	1
বুকড	1
বিঃদ্রঃ	1
ওয়ার্কস	1
থ্রীডি	1
দালানগুলোর	1
ফোল্ডারই	1
নিথিয়া	1
সেলেব্রেটি	1
কাবালির	1
টিজারের	1
ডিশ্চার্জ	1
অনাথআশ্রমে	1
অনাথআশ্রম	1
নিচ্ছোই	1
বিদ্যুৎও	1
চ্যারিটেবল	1
মহিষকে	1
মহিষটি	1
বুঝিকি	1
বদমাইশকে	1
ঢুকালাম	1
নিথ্যিয়ার	1
জয়রাজ	1
জয়রামই	1
এক্সাইমেন্টও	1
স্পন্সরের	1
ফিন্যান্সে	1
বাঁচবেও	1
আইসিওতে	1
অরুণকে	1
জয়গৌরিতে	1
লাভসহ	1
যেকোনোভাবে	1
গৌরির	1
এরইমাঝে	1
ভামসিরও	1
ডিমান্ড	1
ভামসিও	1
পরিস্থিতিগুলো	1
সাহসেই	1
শহীদেরাই	1
প্লেটো	1
বছরভর	1
ত্রাণসমূহ	1
বন্দরেই	1
ক্ষুধাই	1
রাষ্ট্রগুলোর	1
প্রতিষ্ঠায়	1
বোলিভার	1
বেলিকোসো	1
টোয়াল	1
পোস্টারও	1
সেঁটে	1
আনায়	1
ঘুমানোরও	1
ধানের	1
আরকানসাসের	1
শ্বেতাঙ্গদের	1
আট্টোকে	1
উলকট	1
ফেডারেলের	1
ইন্ডিকেশন	1
হরহামেশা	1
বাগধারায়	1
সৈকতটা	1
হাঙ্গরে	1
মোগাদিশুর	1
জাওয়ান	1
বিলসের	1
পিণ্ডিতে	1
অকলেস	1
পোলারাইজ	1
ঘুঁটির	1
রানীরে	1
ব্বাস	1
এভার্সম্যানকে	1
ক্যানে	1
রেঞ্জাররাই	1
কেবিনেটের	1
রেঞ্জার্স	1
পক্ষীও	1
লেফ	1
স্পেকটর	1
স্পেকটার	1
শহরতলীতে	1
গাঢ়ও	1
পানামায়	1
গ্রামসির	1
গানারকে	1
চাইতিস	1
ওয়াডেলের	1
জরুর	1
ডেল্টারাই	1
আদোনিস	1
হতিস	1
ছলকে	1
স্টেফনি	1
রেন্ডির	1
রেন্ডি	1
গেলেয়	1
রেস্তোরার	1
পোড়াচ্ছে	1
চুষছো	1
বিছাও	1
জওয়ানের	1
হামভিতে	1
এগো	1
হামভি	1
ফিলা	1
দুর্ঘটনাস্থলকে	1
বহরকে	1
দলেরা	1
ইউরেককে	1
স্যার্ভেল্যান্স	1
চপারেই	1
গোলাগুলিতে	1
মেশিনগানে	1
ওথিক	1
এয়ারফিল্ডে	1
স্ট্রুকারকে	1
মিত্রবাহিনী	1
কাস্ট	1
চিল্লাইস	1
বলদরা	1
মরছিলি	1
কনভয়ে	1
মারেহান	1
লাগোয়া	1
গোফিনা	1
অথিক	1
সার্ভেল্যান্স	1
মালয়	1
গুলজার	1
চারিদিকের	1
মার্গারিতা	1
নামাজে	1
দৌঁড়াবি	1
স্মিথকে	1
উরুতে	1
ঢুকুক	1
মেডিভ্যাকের	1
মিলিশিয়ারা	1
মার্কিনীরা	1
সোমালিয়াতে	1
ছিঁড়েছে	1
গোটাও	1
ডিটোমাসোর	1
মিত্রকে	1
টোম্ব	1
এভ	1
ধানাই	1
পানাই	1
লোরেনজো	1
ব্ল্যাকবার্নের	1
পরিস্থিতিই	1
মোগাদিশুতে	1
কম্পনে	1
ডোয়ার্ফদেরকে	1
খনিকর	1
কারুশিল্পী	1
ঝাঁপিয়ে	1
আড়াই	1
সুড়ঙ্গে	1
নিংড়ে	1
পুবদিকের	1
কুড়িয়ে	1
হবিটরাই	1
ব্যাগশট	1
হবিটন	1
নীরবতায়	1
রীতিনীতিগুলো	1
তাড়াহুড়োও	1
পৌঁছায়	1
মাতিয়ে	1
শায়ারকে	1
বাকীরাও	1
ব্যাগিন্সরা	1
বাড়েনি	1
ওয়াইনের	1
১২৯৬	1
স্পঞ্জ	1
আত্মীয়দের	1
হার্ডবোটলের	1
ব্রেসগার্ডল	1
ফ্যাটি	1
কব্জায়	1
চিবুবে	1
জেলী	1
আগায়	1
খেয়েছেন	1
মেরীয়াডক	1
বফিন্স	1
হর্নব্লোয়ার	1
প্রাউডফুট	1
প্রাউডফিট	1
১১১তম	1
সংখ্যককেই	1
হাল্কাভাবে	1
সবসময়ের	1
৩৪৩৪	1
হবিটনে	1
ঝর্ণাধারার	1
টুকের	1
বিয়ারের	1
নাড়ছে	1
পাহাড়গুলো	1
ব্যাগিন্সের	1
স্বর্ন	1
শরাবের	1
পটাচ্ছিস	1
আহাম্মকদেরকে	1
পেয়েছিলো	1
মালিকানায়	1
থামিয়ে	1
ছেয়ে	1
দেখিয়ো	1
একমাসেই	1
হতচ্ছাড়া	1
জেটিতে	1
হেভেনস	1
তোষক	1
আইজেনগার্ডে	1
শায়ারেই	1
সাওরনকে	1
পায়নি	1
দৃষি	1
মণিহীন	1
আর্থকে	1
পালানটির	1
দৃষ্টিপাতের	1
শিলাগুলো	1
আইজেন	1
মিডসামার	1
আরোহীর	1
ওয়াইজ	1
ম্যাগটের	1
গাজরই	1
বাকলবেরী	1
ঘাটটা	1
ব্র্যান্ডিওয়াইন	1
বামনদেরকে	1
আণ্ডারহিল	1
আসবেনই	1
পাইন্টের	1
খেয়েছো	1
বনরক্ষীদের	1
বাদাড়ে	1
টেনেছো	1
লোকচক্ষু	1
নাজগুল	1
জীবিতও	1
প্রাতঃরাশের	1
লুথিয়েন	1
মরণশীলকে	1
কদমে	1
শেকড়	1
সুল	1
টমেটোতে	1
ছয়দিন	1
গোয়াইহির	1
দুনিয়ায়	1
আসফালথ	1
২৪শে	1
পেরুলেই	1
ছুঁড়লে	1
পাটকেলটি	1
ছাড়েইনি	1
দক্ষতায়	1
চেয়েছিলে	1
বেড়াবে	1
পুবদিকে	1
রিভেন্ডেলের	1
মিত্রের	1
গবলিনদের	1
ধেয়ে	1
আইজেনগার্ড	1
নিউমেনরের	1
মর্যাদাও	1
মানবজাতিদের	1
নেতৃত্বহীন	1
নার্সিলের	1
শিরাতেও	1
নিকটেই	1
ইমলাদ্রিসে	1
দেওয়ান	1
গন্ডরকে	1
আজ্ঞাবাহী	1
এরাথর্নের	1
প্রয়োজনও	1
গ্লয়িনের	1
অগ্নিশিখায়	1
ঘুমায়	1
১০০০০	1
বহনে	1
পরিষদেও	1
ফলাটা	1
ছড়ায়	1
সময়গুলোতে	1
আঁশের	1
অনড়	1
মুক্তপ্রাণের	1
আংটিবাহকের	1
পিপ্পিন	1
সংবর্ধনাও	1
ক্রেবাইন	1
কারাধ্রাস	1
গিরিপথ	1
ফ্রোডোকে	1
কারাধ্রাসের	1
রেডহর্ন	1
পড়তেই	1
খনিকে	1
ডোয়ার্ফরা	1
ইথিলডিন	1
ডুরিনের	1
টাট্টুঘোড়ার	1
এলফরা	1
মেল্লন	1
প্রজ্জ্বলিত	1
চোলাই	1
ছাড়াও	1
আ্মাদের	1
অর্কের	1
জায়গাগুলোতে	1
রত্নও	1
মিথরিলের	1
থরিনের	1
স্মিগলের	1
স্মিগল	1
পরিতাপের	1
পেয়েও	1
পরিতাপই	1
থামিয়েছিলো	1
ব্যাক্তিও	1
নিয়তিতেও	1
দর্শনটা	1
মেরিয়াডক	1
ডোয়ারোডেলফ	1
ফুনডিনের	1
সুদূরে	1
ছায়ারা	1
মৌরিয়াতে	1
শুকরেরও	1
খাযাদ	1
শয়তানটা	1
ঝোঁকো	1
অগ্নিশিষ্য	1
আনোর	1
উডুন	1
পাহাড়গুলোতে	1
লথলোরিয়েনের	1
তাকায়	1
শেয়ালের	1
তীরবিদ্ধ	1
থ্রান্ডিলের	1
লরিয়েন	1
ডুনেডাইনের	1
সৌজন্যের	1
কলিযুগের	1
কারাস	1
গ্যালাথন	1
এলভিনডমের	1
কেলেবোর্ন	1
জ্যোতিসম্রাজ্ঞী	1
গালাদ্রিয়েলের	1
ছায়াতে	1
মর্গথের	1
হৃদয	1
গ্লোয়িনের	1
গ্যান্ডালফকে	1
সুঁইয়ের	1
ডগায়	1
নড়লেই	1
শোকগাথা	1
ক্ষতই	1
শুকোয়নি	1
ফুলবৃষ্টির	1
কাছেধারেও	1
ইকথেলিয়নের	1
ওড়ে	1
নিনাদে	1
আয়নাতে	1
সর্বজ্ঞানীরাও	1
আয়না	1
উষার	1
কপট	1
ভিত্তির	1
গালাদ্রিয়েল	1
হয়েই	1
নেনিয়া	1
এডামেন্ট	1
কোপানলে	1
উরুখাই	1
নরমাংস	1
লেম্বাস	1
যাত্রাকালীন	1
কামড়ই	1
নিবারণের	1
খেয়েছিস	1
বাড়বে	1
আনডুইন	1
তীরেও	1
শ্বেতহস্তধারী	1
আলোয়	1
নদীপথেই	1
রাউরোস	1
গ্যালাদ্রিম	1
আত্মীয়র	1
নল্ডোরিন	1
পেরেগ্রিন	1
হিথলাইন	1
গ্যালাদ্রিমের	1
কর্ত্রীর	1
চাওয়াটা	1
আরউইনের	1
ভ্যালিনরের	1
এরেনডিল	1
বিদায়ে	1
নদীপথে	1
ছাড়াতে	1
হওয়াটা	1
ঘুমাচ্ছেনও	1
টিরিথ	1
মর্ডরকে	1
এলফদেরকে	1
বাধলো	1
উদ্যমও	1
আর্গোনাথ	1
রাজাদেরকে	1
ইমিন	1
মুইলের	1
অর্কেরা	1
তীরকে	1
শংকা	1
দিয়োনা	1
নয়ই	1
শোনালেও	1
আশাটাও	1
বরোমিরকে	1
আগ্নেয়গিরি	1
ডুবিয়েছি	1
শৌর্যের	1
লড়েছো	1
গোষ্ঠীকেও	1
ছাড়তেও	1
পিপিনকে	1
ভাঙ্গবেন	1
খানেকে	1
অভিজুক্ত	1
নিকেলে	1
রামোন	1
লইতাসো	1
ব্রুক্স	1
বার্নই	1
ব্লাকজ্যাক	1
খেলোয়াড়কে	1
উঠিও	1
লক্ষ্যটা	1
ক্যাসিন	1
ব্যাবসাকে	1
যেইটুকু	1
মৌজ	1
বেরাইতেস	1
ঠিকমতোন	1
দেখতেসো	1
আটকায়া	1
শার্পনারের	1
ফ্লামিঙ্গোতে	1
পাইসিলো	1
বাদাইম্মা	1
কাইজারে	1
বেরানির	1
নিকোইসের	1
বেলিজির	1
ব্রঙ্কাইটিস	1
মালোইসের	1
মরমন	1
উতাহ	1
ইলেক্ট্রনিক্স	1
খানটায়	1
রেডিওশ্যাক	1
মিউনিশন	1
টরেন্টাইন	1
কাটাইছিলাম	1
ট্রাপিং	1
লাইনার	1
স্কামব্যাগ	1
ট্র্যাপের	1
গ্রিগকে	1
ম্যানস	1
উঠেও	1
কুপার্সটাউনে	1
ম্যাকির	1
ববির	1
স্টকব্রোকারদের	1
তীর্থস্থান	1
জমিনের	1
কাটনের	1
বেলাজিওর	1
নরাচারা	1
কণ্ঠস্বরের	1
সুনির্মিত	1
সেন্সরের	1
নিয়মমতে	1
ক্যসিনোগুলিতে	1
হর্সেও	1
বাশারের	1
ক্লোজড	1
চারমাইন	1
আম্মিকে	1
৪৩৩	1
০৫২	1
আজ্ঞাবহ	1
ছিটাচ্ছ	1
ছায়াকেও	1
উল্টাভাবে	1
১৮৫০০	1
ঘামে	1
ষোলতে	1
জাপানিটাও	1
অগুলি	1
আকাংক্ষিত	1
দুর্বলতায়	1
বেনেডিক্টে	1
ভাসাভাসা	1
মিরাডর	1
ভারমিরটা	1
ম্যানেটে	1
রক্ষিতাকে	1
ম্যানেটের	1
সিফিলিস	1
আকত	1
মিশেছ	1
সেফের	1
স্বার্থহানি	1
সাউলের	1
অঙ্গীকারাবদ্ধ	1
বশত	1
বারনি	1
ব্রডব্যান্ড	1
সার্কিটে	1
হিরোশিমার	1
সপ্তদশ	1
পিঞ্চই	1
ইভেল	1
নিভেল	1
ডনাটের	1
আলবারট	1
লেভিনকে	1
শব্দেই	1
একদৃষ্টিতে	1
নির্দিষ্টভাবে	1
খেলাপাগল	1
এরেনায়	1
হেভিওয়েট	1
ব্ল্যাকজ্যাক	1
ওয়ালশকে	1
ক্যসিনোর	1
বুকানান	1
সারাটগা	1
মিকায়েল	1
পেনেকে	1
এনজিসির	1
একমন	1
কমিশনে	1
লিন্ডলেকে	1
ট্রপিকানায়	1
শুনসস	1
হোয়াইটজ্যাক	1
ভারজিল	1
বাশারকে	1
ফণ	1
এগারোটায়	1
ব্রুসার	1
এসআপ	1
রাস্টির	1
তর্কটা	1
ইয়েনকে	1
ট্রাপড	1
পোটলাই	1
বিস্ফোরকসহ	1
পাল্টাপালটির	1
স্লটের	1
চিহ্নবিহীন	1
পরিখার	1
টাকাগুলাও	1
সোয়াত	1
নিউপোর্ট	1
১০০০০০	1
ম্যাককারেন	1
বিদ্যুৎের	1
সারো	1
টেপের	1
এলেভটর	1
ওশানকে	1
নুজেন্ট	1
রুপালি	1
রাসটির	1
ফিক্সিং	1
ভেঙ্গার	1
ইভিলের	1
পালছি	1
ছলনাটা	1
ল্যাংড়ার	1
লালসার	1
প্রয়োজনীয়তার	1
উদ্ধাবন	1
ব্যাবহ্রিত	1
স্বত্বাধিকারী	1
পাগ্লা	1
শিখতেন	1
ধির	1
আবর্জনাগুলা	1
ভারিরে	1
আন্য	1
গরমা	1
দেখাইলি	1
ধরাইলি	1
হুন্সোস	1
হরষে	1
হইয়্যা	1
ফহাইলামি	1
মুটেই	1
সউভ	1
লাড়কির	1
ডায়নামাইট	1
উদ্দিপ্ত	1
বুকটার	1
ছিল্লা	1
ছুইল্লা	1
নিত্যশিল্পি	1
লুনাটিক্স	1
উদ্ভধোন	1
নিভবে	1
জ্বলেই	1
ফেই	1
মধ্যমে	1
হেডের	1
মন্তবে	1
শুরো	1
কাষ্টমারের	1
এতক্ষনের	1
পাগ্লার	1
মার্দ	1
প্রেইং	1
মেন্টিন্স	1
ছেড়াও	1
কাপুরুষরা	1
ছোটদা	1
বিজনেসম্যানের	1
সেইইইই	1
সুপারকাপ	1
আপ্নেরে	1
ফুলব্যাক	1
টেকনিকটা	1
সম্ভা	1
কয়েনটাকে	1
কয়েনটার	1
নাদুস	1
নুদুস	1
দৌড়াতেও	1
ভুঁড়ির	1
পিরিতির	1
রুবেলের	1
যোগ্যই	1
কচিকচি	1
ফ্লাটটাতো	1
অটবির	1
সুইচ্চ	1
পত্রও	1
সচারচর	1
ভেন্টিলেটরটা	1
স্থায়ি	1
লেগটা	1
ঘণ্টারও	1
ফুটবলতো	1
বলটাতো	1
ড্রিবল	1
হল্ড	1
ডিমকে	1
ম্যাটচ্	1
লাগেছে	1
ল্যাংড়াটা	1
টুনারমেন্ট	1
এপ্লিকেশন	1
অংশগ্রন	1
মৌজা	1
জনস্রোতা	1
পটোগ্রাফারদের	1
যাযাযাযাযাযাযাযাযাযা	1
চালাকিই	1
কুংফুই	1
মুইকে	1
শরিল	1
আকটু	1
ওলা	1
ঈদে	1
জ্জগ	1
ড্রেসই	1
ঠাট্রা	1
হ্যাড	1
চ্যাকে	1
অবসরকালিন	1
চালছি	1
টীমও	1
মিষ্টিতে	1
ছাড়ছিল	1
আমিরিকান	1
লাইনন্সম্যান	1
এ্যাসোসিয়েশন	1
টাইমেই	1
শাউলিন	1
চোরামিটা	1
মত্র	1
ডিস্কোয়ালিফাই	1
কিকও	1
গহিনে	1
তাহিলে	1
গাওলি	1
ইটির	1
ব্যাটি	1
প্রস্রাবে	1
পাগলনির	1
হাযার	1
হেস	1
জিনিসদুটো	1
গ্রীনহাউস	1
উপকূলও	1
প্রজন্মেরগুলো	1
গড়নে	1
প্রদর্শনে	1
নিউজার্সির	1
সাইবারট্রনিক্স	1
সর্বজন	1
মেকাটি	1
সম্প্রদায়কে	1
প্রাত্যহিক	1
সিকোয়েন্সিং	1
স্নায়ুকোষ	1
উপায়টি	1
সায়াতো	1
সামা	1
ত্বককে	1
পিতামাতাকে	1
নিউরোনাল	1
ফিডব্যাকসহ	1
উপমা	1
চিন্তাশৈলির	1
মেকাদের	1
এতরকম	1
কাঙাল	1
নীরোগ	1
পরিবর্তনবিহীন	1
সন্তানবিহীন	1
মার্কেটই	1
মারিয়ানের	1
ফ্রেজিয়ার	1
জার্নালে	1
প্রবন্ধটা	1
চিকিৎসাবিজ্ঞানের	1
স্ক্রিনিং	1
প্রকিয়াটা	1
একদলা	1
কুণ্ড	1
মানবশিশু	1
করণের	1
সিরাস	1
ডেসিবেল	1
সুইন্টন	1
ফোনকে	1
চুল্লীতে	1
পুড়ছিল	1
হার্লেকুইন	1
পাঞ্চিনেলোকে	1
মনটার	1
জোসেফাইন	1
জমতো	1
কাটব্যাকের	1
ম্যানুয়ালটা	1
ফর্কটা	1
সার্ফেসটা	1
পাকিয়েছ	1
স্পিনাচ	1
পপাই	1
রোবোট	1
ঢুকোও	1
বাঁপাশের	1
ডিএক্টিভেটর	1
আমুকে	1
একগোছা	1
নেকলেসে	1
ঘচ	1
শেখাটাও	1
বল্টুর	1
মিয়াঁরা	1
ফ্রেজিয়ারকে	1
অন্যরাই	1
উইলিয়ামসন	1
বেওয়ারিশদের	1
বেভিনস	1
কাটছিলই	1
লাইসেন্সবিহীন	1
এক্সপাইরেশন	1
নিবন্ধিতদের	1
লোহালক্কড়দের	1
ট্রেনটনের	1
ইচ্ছামতন	1
হাউন্ডস	1
প্রপেলারে	1
হাউন্ডরা	1
মাতামাতি	1
খোঁয়াড়ে	1
খোঁয়াড়ের	1
সংখ্যাগুরু	1
কড়িকাঠে	1
নির্মাণকারীর	1
রবিভিল	1
সিমুলিট	1
সাইবারট্রোনিক্স	1
টিংকারটয়	1
সৃজনশীলতার	1
যন্ত্ররা	1
হ্যাডনফিল্ডের	1
সখনো	1
ডেলাওয়ারের	1
সিটেতে	1
বিষাদের	1
কাকুতি	1
গিগোলো	1
রুজে	1
টেইলস	1
রসিকতাও	1
মিলড্রেড	1
মিলড্রেডের	1
নির্মাণকারীকে	1
গুণা	1
আসকোলা	1
মেডা	1
কোলোদির	1
মর্মর	1
সারসী	1
প্রান্তকে	1
হাটন	1
সৃষ্টিজগতকে	1
বুদ্ধিমত্তাদের	1
লক্ষণীয়	1
ফ্লাডলাইটের	1
খাঁচাকে	1
পরীকেও	1
কেটেছিলে	1
শিল্পকলায়	1
মমিভূত	1
পুনরুজ্জীবিতরা	1
ভুলোনি	1
পেইন্টিঙগুলো	1
মোমবাতিতে	1
পূরণই	1
ডেভিডও	1
দ্বীপটির	1
অর্নারের	1
উদ্ধৃতিটা	1
জীবাশ্মবিজ্ঞানী	1
আমাদে‍র	1
সূক্ষবুদ্ধিসম্পন্ন	1
গড়েছিলো	1
তিমিদের	1
অগ্রভাগের	1
স্বরযন্ত্র	1
দুইয়ের	1
কথোপকথনে	1
জীবাশ্মবিজ্ঞানীদের	1
ডিয়েগোর	1
তত্ত্বটি	1
নেশনস্	1
শিলায়	1
শিলাতেই	1
গ্যাসচালিত	1
এইনহর্ন	1
ক্যালসিয়াম	1
জীবাশ্মীকরণের	1
ব্রেনান	1
গোটাতে	1
ভেলোসির‍্যাপ্টরের	1
আসাধারণ	1
প্রশংসক	1
সান্ধ্যভোজন	1
আম্যান্ডা	1
ক্যাটফিশ	1
নীলনদ	1
গ্যালাপ্যাগোস	1
গড্উইন	1
বাণিজ্যকভাবে	1
টিকিটও	1
চালনায়	1
বহির্গামী	1
যাঁরা	1
নিউজিল্যান্ডের	1
ধরাম্	1
ডারউইনবাদ	1
হাড়গুলোর	1
কার্বিদের	1
উড়ছেন	1
ব্র্যাকিওসরাসের	1
ট্রাইসেরাটপস্	1
নামাবার	1
টাইরানোসরাস	1
রেডিওটাও	1
ঘাবড়াবার	1
প্যারাসেলিং	1
হিল্ডেব্র্যান্ড	1
ডাইনোসরে	1
কাটতেও	1
সুকোমিমাস	1
ব্যারিওনিক্স	1
কুঁজ	1
স্পাইনোসরাস	1
অ্যাজিপ্টিকাস	1
গডউইন	1
চড়ছিলেন	1
শিখরের	1
ওকলাহোমার	1
ইনিডে	1
অর্থপিপাসু	1
ট্রাইসাইক্লোপটস্	1
তুলছিলাম	1
মূর্খগুলোকে	1
বইই	1
ছোটোগুলোকে	1
বড়োগুলোকে	1
ধাতের	1
লিমিটেরও	1
বুইক	1
উদ্ধারকার্যের	1
অ্যালেনই	1
উপকূলই	1
ঘুরেছ	1
খাদটায়	1
ন্যাশকে	1
তাড়াহুড়োর	1
তফাতই	1
উপকুলের	1
গুয়াডালাজারাতে	1
বনিটো	1
বাক্সটায়	1
নামালাম	1
ডাইভার	1
হারভারদিন	1
লাতিফ	1
কার্ডটার	1
মেমারকেমনে	1
৪৮০	1
দোতালা	1
প্যারাছুট	1
ইঙ্গিনিয়ার	1
মজুরিই	1
তোমাস	1
ইরানিয়ান	1
ইরানীয়ান	1
ফার্সির	1
আমাটার	1
শিখোনি	1
বাতিগুলির	1
আমআর	1
আফগানিরা	1
আফগানিকে	1
আফগানিদের	1
অধমের	1
ফরায	1
দারিয়ানি	1
দারিয়ান	1
এতাই	1
পাওায়া	1
লতিফের	1
মনটানা	1
একশোটার	1
আফগানরা	1
অধিনে	1
সুলতানকে	1
আফগানির	1
আফগানিই	1
ভোররাতে	1
দিরুন	1
মেমারও	1
সোয়েব	1
সোজাও	1
ঠিকও	1
ততখন	1
উপরতালার	1
সঞ্ছিত	1
আল্লহর	1
আলাহর	1
আরদেবিল	1
লজ্জিতবোধ	1
শোয়েব	1
স্রাইনে	1
বামিয়ান	1
আছিও	1
পকেটগুলি	1
দাক্ষিণ্যের	1
অভিনয়ে	1
আবেদিনি	1
রেযা	1
যাহরা	1
বাহরামি	1
রাহিমি	1
মাহজুব	1
প্রযোজনায়	1
গ্রহণে	1
দাভুদি	1
ডিরেক্টার	1
সাইদ	1
সাইদজাদে	1
এডিটর	1
হাসানদোস্ত	1
দেলপাক	1
পেযমান	1
শব্দগ্রহণে	1
ইয়াদোল্লাহ	1
নাজাফি	1
রূপসজ্জায়	1
মহসেন	1
মোসাভি	1
কাস্টউম	1
মালেক	1
খাজাই	1
আহমাদী	1
নাতিদীর্ঘ	1
খালবিল	1
চারণভূমিতে	1
কালাহারিকে	1
মুষ্টিমেয়	1
খোশখেয়ালী	1
স্বপ্ল	1
অনুগ্রাহী	1
স্বাচ্ছন্দ্যে	1
ওলের	1
সন্তর্পণে	1
ঝোপঝাড়কে	1
ওল	1
ছোবলের	1
কিশোরেরা	1
হিরণের	1
হরিণটি	1
তৃণভূমি	1
পরিবেশকেই	1
লাঘবকারী	1
চারপাশকে	1
পাঠশালায়	1
ঝাপটে	1
ধরণীতে	1
পোবোর	1
পোবো	1
লাঘব	1
দানির	1
টোমা	1
গাবু	1
গোবো	1
বিরানি	1
কাবিন্ডা	1
শিক্ষামন্ত্রী	1
গণপূর্ত	1
ছয়জনকে	1
আনাড়িদের	1
শিক্ষামন্ত্রীকে	1
দীর্ঘক্ষণ	1
বেবুনটির	1
টিউনিং	1
গোবরগুলোতে	1
বোরনের	1
হামাডুলাসে	1
এম্পুডিকে	1
মাবুলা	1
অর্ধকে	1
রেভারেন্ডের	1
ফিনাস	1
অগ্নিনির্বাপক	1
গণ্ডারটি	1
গণ্ডারটাই	1
তেসোয়ানা	1
নাড়ানোর	1
বেরিয়ার	1
অখণ্ড	1
ওয়াটেপ	1
সুটকেসের	1
ঝালরওয়ালা	1
ঢাকছিলো	1
সুকৌশলে	1
বনমানুষটা	1
বোতলটার	1
ফেলিয়ে	1
খুঁড়ি	1
দুর্দশাও	1
ওয়েটেপ	1
অন্তর্বাসে	1
টনাম	1
প্রতিরোধও	1
ক্সিয়ের	1
চমকালো	1
বনমানুষকে	1
কিকোকে	1
ক্সিকে	1
অনিয়ামাটোকিউতে	1
বোতসোয়ানা	1
ডিহাইড্রেশনে	1
ধবল	1
মাহাডি	1
টুক্তি	1
চিতাবাঘকে	1
মোটাম্বির	1
হেডকোয়ার্টারকে	1
খৈ	1
নিওকোয়	1
লুডু	1
ধমকাবে	1
মহোদয়েরা	1
স্টেইনকে	1
মাচাডিতে	1
মৃগ	1
নামাচ্ছে	1
উটপাখি	1
কোঙ্গা	1
বনমানুষরা	1
বন্দুকধারীরা	1
থম্পসনকে	1
বনমানুষটিকে	1
হতভাগার	1
থম্পসনের	1
সোঁকা	1
সিন্ড্রোমে	1
পণ্ডিতের	1
বালিশকে	1
পাউনা	1
পটা	1
ফিগ	1
যতকিছুই	1
সোনামণিটা	1
ধৈর্যে	1
কুলাচ্ছেনা	1
বিঁধিমালার	1
শাস্তিস্বরূপ	1
উইজার্ড্রি	1
মাফাল্ডা	1
হফকার্ক	1
কিচিক্স	1
টংস	1
ডাকবেনা	1
ক্রিচারকে	1
লিখেছিলামও	1
করাছিলাম	1
স্নিভেলাস	1
স্নেইপও	1
বিলাইয়ের	1
উইজানগটে	1
বিরুদ্ধেও	1
ছাপিয়েছে	1
অপ্রাণ	1
জাদুকররাই	1
ক্রিয়েচার্সও	1
এনট্রানস	1
সত্যেই	1
হুইংগিং	1
উলফ্রিক	1
আরোপগুলো	1
জানাসত্ত্বেও	1
মাগলের	1
উইজানগটের	1
জাদুকরগণ	1
হুইনজিংয়ে	1
মিথ্যাকে	1
আন্ডারসেক্রেটারি	1
বোয়ালের	1
পাল্টানোও	1
আজাকাবানে	1
ম্যাককিনন	1
আজকবানের	1
লাভগুড	1
নেকলেসটা	1
নার্গলটা	1
স্টাফে	1
গ্রাবলি	1
প্ল্যাঙ্ককে	1
হেডমাস্টারই	1
গলাচ্ছে	1
সিমাসের	1
সেইরাতে	1
অর্ডিনারি	1
উইজার্ডিং	1
লেভেন	1
জপতে	1
মানসম্মতভাবে	1
অনুমোদনপ্রাপ্ত	1
ঝুঁকিবিহীনভাবে	1
এজনই	1
স্কাইভিং	1
স্ন্যাকবক্স	1
গায়ব	1
থেসট্র্যাল্	1
কর্নিলিয়াসকে	1
ট্রিলনিকে	1
সিবিলকে	1
সিবিল	1
শিক্ষাগত	1
সুরক্ষাকে	1
মায়েরি	1
বসিলিস্ককে	1
শ্যাক	1
রিকোয়ারমেন্ট	1
হগওয়ার্টসও	1
চ্যাপ্টারটা	1
ভাবারও	1
স্টানিং	1
নারীজাতির	1
ডিমিনিউন্ডো	1
আউলসে	1
এভারার্ড	1
গ্রিমোল্ডে	1
লেজিলিমান্স	1
গিফটে	1
চাচ্ছনা	1
মফিজের	1
চৌকিদারের	1
দলও	1
দৈত্যরাই	1
মিনিস্টারদেরকে	1
ততক্ষনই	1
স্বত্বকে	1
গতিবিধির	1
প্রতিদিনে	1
ড্যলিশ	1
শ্যাকলবোল্ট	1
রাষ্ট্রদ্রোহিতার	1
মেয়েদেয়ের	1
মেনেছিলাম	1
কমিয়েছে	1
ইম্পেডিমেন্টা	1
বাহানায়	1
ধূম্র	1
আলোহমরা	1
হেডমিস্ট্রেস	1
ভেরিটাসেরাম	1
চ্যোর	1
প্যাডফুটটা	1
খোডা	1
ক্রূসেটিয়াস	1
কার্সই	1
সেনট্যুর	1
ইনকারসেরাস	1
গ্র্যপ	1
পিউকিং	1
প্যাসটিলিজ	1
ছিনিয়া	1
তুলু	1
পুলু	1
দৈববাণীটা	1
হাফব্লাড	1
দৈববাণীকে	1
কাটাদাগের	1
দৈববাণীতে	1
পেট্রিফিকাস	1
গডসন	1
স্ট্যানফোর্ডে	1
টাকিটোস	1
রোস্টি	1
টোস্টি	1
টাকিটোসেই	1
পিপ্ট	1
ট্রিমবেল	1
ক্কি	1
কন্ডেপরানিস	1
স্ট্যাচারের	1
যোগব্যায়াম	1
যোগসাধনা	1
ফিভার	1
ফ্যাকাল্টির	1
এডিথের	1
টেলিস্কোপিক	1
অসামের	1
লিন্ডাকে	1
টিদায়	1
আর্কিওলজি	1
জেনকিনস	1
জুকি	1
অশুচি	1
ক্ষেপাতে	1
ওল্ডম্যানের	1
ছেনির	1
যুগেরও	1
ক্ষোদনয্ন্ত্র	1
ক্ষোদনযন্ত্র	1
শিংয়ে	1
কোঁচের	1
ম্যাগডালেনিয়ানদের	1
প্রায়োগিক	1
সামগী	1
ওজার্কস	1
দীর্ঘাকৃতি	1
উচ্চাকৃতির	1
জলবায়ুতে	1
বিকরিত	1
নিয়ানডার্থালদের	1
বিদ্যেটাও	1
অঙ্গসূমহের	1
পরিকল্পিতভাবে	1
পূর্ববর্তী	1
অগ্ন্যাশয়	1
ক্রিয়ার	1
দুর্দশাটা	1
ডিটক্সে	1
পুনরুদ্ধারে	1
কোপার্নিকাস	1
এরিস্টার্কাস	1
অভিযাত্রীই	1
বর্তমানেও	1
১দিনেও	1
ট্র্যাকের	1
মেসোপটেমিয়ার	1
পটভূমির	1
পর্বতাচ্ছন্ন	1
সমভূমি	1
দীপপুঞ্জ	1
বৃহদাকার	1
ছায়াবৃত্তে	1
স্মৃতিগুলি	1
তথ্যগুলোর	1
হিঁচড়ে	1
যাচ্চেতায়েই	1
উত্পত্তি	1
আশীর্বাদপুষ্ট	1
এলির	1
মিডটার্মের	1
সাময়িকীর	1
মিড	1
হেগেলের	1
তুলিতে	1
সিজানে	1
পিসারো	1
নোল্ডে	1
লেন্ডস্কেপ	1
ভৌগোলিক	1
হ্যান্সেনের	1
স্থাপনায়	1
অসীমতায়	1
বস্তুুর	1
মুক্তরাস্তা	1
জলাবদ্ধতা	1
পরিচিতির	1
১৮৬২	1
১বছর	1
১৮৯০	1
অভিবাসীর	1
খামখেয়ালিপনা	1
ধংসাবশেষ	1
হস্তলিপি	1
বিপজ্জনকভাবে	1
এইটুকুতেই	1
সন্তানাদির	1
সুবিন্যস্ত	1
যুগেই	1
আঁকত	1
দৃষ্টিকোণে	1
বল্গাহরিণ	1
ম্যামথ	1
পোষতে	1
শিখতাম	1
ফিনিশিয়ান	1
কঠোরতা	1
অভিনয়ও	1
ভারতবর্ষের	1
বিস্তারটা	1
অবান্তর	1
উত্সাহী	1
কাহার	1
নৃতাত্ত্বিকরা	1
প্রেক্ষিতেই	1
সইলে	1
উচিতও	1
ভদ্রোচিত	1
খোঁচান	1
অন্তরায়	1
আপেক্ষিকতাবাদও	1
অসম্মত	1
ততদিনও	1
লিলিপুটদের	1
জীববিদ্যায়	1
১৮৪০	1
বৈশিষ্ট্যসমূহ	1
ছড়াতো	1
ন্যানোসেকেন্ড	1
ন্যানোসেকেন্ডে	1
হপিস	1
অন্তরালেও	1
নির্দেশিত	1
পরিবর্তিতও	1
স্যামনস	1
জেনেছিল	1
সমন্বয়ের	1
কাউচটা	1
হৃত্পিণ্ডের	1
প্রসঙ্গটা	1
টরণ	1
স্চ্ছোয়	1
বিশ্লষণ	1
বীজও	1
ভ্যাম্প্যায়ার	1
আত্মপ্রত্যয়ী	1
অপছেন্দর	1
স্বাচ্ছন্দ্যের	1
উইলের	1
অগ্ন্যাশয়ের	1
এ্যালজাইমার	1
অভিমানীর	1
সেরেড	1
কার্ডও	1
উদযাপনও	1
নাচাইতেছো	1
দেখঃ	1
ট্টেক্ট	1
ট্টুক্ট	1
ট্টাক্ট	1
১২৯২	1
খ্রিস্টপূর্বে	1
বিদ্বানের	1
নিজস্বলব্দ	1
ব্রাসেলসের	1
নির্লজ্জতা	1
জনাকীর্ণ	1
পূজনীয়	1
আধৌত	1
মধ্যযুগ	1
অন্তর্বাসের	1
অধিকাংশের	1
লাপাস	1
পুঞ্জীভূত	1
জমিনকে	1
উত্থাপককে	1
উত্থাপকের	1
দেয়ি	1
বাইবেলেই	1
রূপকবর্ণনা	1
মাইজিস	1
সিরিয়ান	1
ফুটত	1
নিয়মাবলীও	1
ফালির	1
প্রচারকদের	1
মধ্যেঃ	1
ট্যান্ডেল	1
সংশোধনীয়	1
উদ্ঘাটিত	1
পারিঃ	1
আধুনিকায়ন	1
টোরায়	1
হিন্দুশাস্ত্রে	1
ধর্মযুদ্ধের	1
বসছো	1
বিদ্বানদের	1
আধুনিকই	1
এট্রাসক্যান	1
অহিংস	1
ভিন্নমতাবলম্বী	1
তিব্বত	1
প্রক্রিয়াও	1
পরমানন্দায়ক	1
বুঝাওনি	1
বেধেছিল	1
আর্যজাতি	1
কেশবিন্যাসকারী	1
আলকেমি	1
প্রকৃতিগত	1
গ্রিকে	1
সোটার	1
মেষপালক	1
প্রবর্তনকারী	1
অলিম্পাসে	1
গ্যাথস্যামেনির	1
প্রতিনিধিরা	1
পান্ডুলিপি	1
ভ্রাতৃত্ববোধ	1
বাস্তবতাও	1
পুরোহিতরা	1
পরিশুদ্ধি	1
ভ্যাটিকানদের	1
শুদ্ধতার	1
পাপও	1
ধার্মিকদের	1
রোডম্যাপ	1
ভাবেেই	1
মনোচিকিত্সক	1
পাওয়াটাকে	1
বিরুদ্ধাচরণ	1
খ্রিস্টধর্ম	1
অধর্ম	1
শিক্ষাটায়	1
ভুলটায়	1
বুদ্ধিমত্তায়	1
সুনিশ্চিতভাবেই	1
নিয়ন্ত্রকদের	1
অসংলগ্নতা	1
আয়ত্ত্বে	1
বৌদ্ধধর্ম	1
সমালোচকের	1
কথন	1
কথাতেও	1
গূঢ়	1
তারকাকে	1
কেনেডিকে	1
দেবতুল্য	1
সহস্রাব্দের	1
দ্বৈববাণী	1
অগ্নিকুন্ডের	1
গোছাইনি	1
হতবিহবল	1
ভলতেয়ার	1
বিস্কোরণে	1
গ্যেটে	1
নীহারিকা	1
ছায়াপথ	1
শাঁসের	1
প্রজাতিসমূহের	1
আইসিসের	1
দেহধারণ	1
কাঠবিড়ালে	1
খাওয়াকে	1
শাস্ত্রের	1
বাণীগুলো	1
চার্চগুলো	1
ইয়ুহানান	1
ইউশোয়া	1
ইয়েসুস	1
ল্যাটিনে	1
জ্ঞানীই	1
অল্পবিস্তর	1
পূর্বাঞ্চল	1
ধর্মাপদেশ	1
চিকিত্সার	1
বাটালিটা	1
কল্পকাহিনীর	1
উন্মত্তের	1
বিশ্লষণের	1
মিলাবো	1
নৃতত্ত্ববিদ	1
সাহিত্যক	1
এরশাদ	1
উচ্চারণটা	1
এডিথকে	1
আর্টও	1
স্যডিস্ট	1
ঝুড়ে	1
বুঝতামও	1
মতিস্হির	1
জানায়ো	1
প্যালি	1
স্যাভেজ	1
হাভার্ডে	1
নোলা	1
ওল্পি	1
চন্দ্রপ্রকাশ	1
সিরোহা	1
গৌ্রভ	1
হিতেশ	1
তালয়ার	1
তালওয়ার	1
সিনহা	1
নিমেশ	1
দেসাই	1
নিতিন	1
শুননা	1
শেরু	1
এলজেব্রা	1
জ্যামিতি	1
জিওগ্রাফি	1
শিখাননি	1
রঞ্জিতের	1
রোববারের	1
জিম্মেদারি	1
মেহেনত	1
ইসান	1
পরিছন্নতা	1
সোয়েটারের	1
ছারিয়ে	1
বিস্ময়াভিভূত	1
দুনিয়াকে	1
তমের	1
হাতেরলেখা	1
ক্লাসেই	1
পিরিওডের	1
পেপারও	1
করাইনি	1
লিখবনা	1
ইম্পসিবলে	1
সিস্টের	1
প্লুটোতে	1
নভোযানকে	1
বিসায়	1
হাটছিলে	1
আওয়াস্তির	1
সুরেশের	1
ট্রাষ্টি	1
নির্লজ্জের	1
ইওহানকে	1
দিওয়ালীতে	1
ফুটাবনা	1
ফুটাচ্ছনা	1
আভয়	1
তইরি	1
বকত	1
খুজত	1
ব্ল্যাকবোর্ডে	1
পেচার	1
সত্যজিত	1
ভাটকার	1
সর্বনাম	1
বিশেষ্যর	1
অব্যয়	1
সর্বনামের	1
দিনি	1
হস্তাক্ষর	1
হোমওয়ার্ক	1
ছেলেতো	1
নির্বোধএর	1
হাউজমাস্টার	1
জাজিম	1
নিউজিল্যান্ডকে	1
ঘূর্ণিপাক	1
ওড়েনা	1
এভাবেও	1
মিট্মিটিয়ে	1
বিন্দাছ	1
ভাইয়াও	1
ক্লাসওয়ার্ক	1
রাখতনা	1
গেয়েছিলেন	1
বাজাচ্ছিলেন	1
গেয়েছি	1
বাজিয়েছি	1
পড়াওনা	1
নিয়মনিষ্ঠ	1
দামোদারান	1
জাবিন	1
প্রদিউম্না	1
সাহিল	1
আলোতেও	1
রংধনুও	1
পদ্মের	1
সহচরী	1
অঙ্গন	1
আলকিত	1
স্বপন	1
প্রত্যাসার	1
বিশাদএর	1
তিব্রতা	1
নিরমল	1
সঙ্কার	1
নিকম্ব	1
পাঞ্ছাগানি	1
এগুল	1
নুর	1
ঝোরে	1
ছোয়ায়	1
ভাললাগা	1
খাওয়াবেন	1
নিশানাই	1
অক্ষরই	1
চেতনাও	1
চূর্ণবিচুর্ণ	1
ইশানই	1
যেকারও	1
রঙআঁকছে	1
প্রতিযোগিতামূলক	1
এরকমে	1
আঙ্গুলকে	1
টানতেই	1
খোদাহাফেজ	1
কাদেনা	1
নাচত	1
ব্রউনিয়ান	1
ফটোইলেক্ট্রিক	1
১৯২১	1
উড়জাহাজ	1
আল্ভা	1
বেচারারও	1
বুঝতনা	1
মাউসের	1
লেখত	1
এ্যগাথা	1
চিত্রই	1
চারদেয়ালের	1
টীচাররাও	1
আনুযায়ী	1
সাব্জেক্টগুলোতে	1
অসূয়ক	1
তাৎপয্য	1
চিন্তাধারাকে	1
আরোগ্যের	1
স্নেহময়	1
চিত্রটাই	1
ফাসিয়ে	1
প্রিন্সিপালকে	1
স্যারদের	1
ইশানকে	1
রাজানের	1
ঝরো	1
সেজেছে	1
হারয়ান	1
নক্ষত্রালোক	1
ভাসাছে	1
চিক্চিক্কময়	1
ছোটবেলাও	1
নিকুম্বের	1
বিপাকে	1
উভয়সঙ্কট	1
ধ্যবাদ	1
দেভ	1
চিত্রশিল্পী	1
নিকুম্বকে	1
পাইড	1
কর্মচঞ্চল	1
হ্যামিলটোনিয়ান	1
এনার্জী	1
কাপছিল	1
ঝকমক	1
ডিফাইভ	1
রির্চাজ	1
মার্শালল্যান্ডে	1
তারতম্য	1
সিলিকনের	1
ডিমলিকিউলারাইজেশন	1
মনেয়	1
তোমাদেরতে	1
আটঁকে	1
মিনমিনে	1
পৌঁছায়	1
ম্যানও	1
সঙ্গবদ্ধ	1
কপিয়ার	1
ব্যাকগ্রাউন্ডে	1
এডিসনকে	1
মডেলিং	1
ঈশ্বকে	1
বাগলের	1
ছেলেপেলের	1
কর্মসংস্থানের	1
জেমসন	1
বাগল	1
এরিকসন	1
শার্টেটা	1
স্পাইডির	1
ব্রুকনার	1
বার্নসটেইনস	1
এরটাকে	1
সস্তাও	1
জোনা	1
জেমারসন	1
বিস্কুটের	1
কৌঁটা	1
চিয়ারলিডারদের	1
প্যাডটা	1
হাসিটি	1
পেজের	1
রিভিউটা	1
ওর্কের	1
চায়ও	1
প্যারাস্যূট	1
আপনারেক	1
শ্যাজাম	1
শ্যাম্পেনের	1
মিউজিসিয়ানরা	1
মশিউ্যর	1
হ্যালুইনের	1
আইকনে	1
বুলতে	1
নেজেকে	1
কনোরের	1
পোর্টফোলিওর	1
গ্যারেট	1
সঙ্গীমাত্র	1
সেলমেটের	1
পার্কওয়ে	1
বয়স্কলোক	1
ওয়াব্যাস	1
৫৫৬	1
১০৩১	1
এইভ	1
১০২০	1
৫৪০	1
অভিযোগকারী	1
হেনরী	1
আবাসকি	1
৭৩৮১৮	1
সিমবায়টের	1
২০২	1
বিসমার্ক	1
কারশিমা	1
জাগুক	1
বার্নার্ড	1
অসবর্ন	1
ডিটকোভিচ	1
গ্রেডে	1
ভোগাও	1
ইরসুলা	1
পিওনিস	1
হন্তদন্ত	1
ভালবাসতার	1
গয়ে	1
তারজ্য	1
ফুঁটলো	1
ন্যায়টা	1
বিবেকবান	1
সোর্সকে	1
পোটলাপুটঁলি	1
১৯৭০	1
উগ্রতা	1
পজিসনের	1
এরআগে	1
লেগস	1
রুদ্ধকর	1
এককাঠি	1
ডুগেন	1
গ্লাইডার	1
টনটন	1
তোমারটাকে	1
চাবো	1
বিচ্চু	1
পক্ষপাতিত্য	1
সরকারেরও	1
আততায়ীদের	1
চাহিদাও	1
কাটছস	1
কন্টাক্টর	1
থিউরীইতো	1
বদৌলেতে	1
বাউনা	1
অভিকে	1
অভির	1
ফ্রুটিকাতে	1
বাঙালি	1
সূক্ষু	1
স্পেসিফিকস	1
চরমপন্থিরা	1
ধু	1
ত্র	1
পিটারবার্গে	1
ইতপূর্বে	1
বিলিকফকে	1
দেহরক্ষীকে	1
দেহরক্ষীর	1
দৃষ্য	1
ন্যাসেল	1
চেতাশ	1
খুইজ্জা	1
পুরামু	1
হুয়াটিয়ার	1
পেটেরসবার্গ	1
ভালতো	1
উৎপাটনের	1
মারকোভ	1
লইছস	1
কৈইথ্যা	1
হেডফোনটা	1
গোড়াতেই	1
ফ্রিল্যান্সের	1
মনেহচ্ছিল	1
মস্কের	1
আর্টক্যাল	1
সরাসরী	1
অধিক্ষেত্র	1
ব্যাম্ব	1
দেহাইতাছো	1
প্যানানি	1
পলামু	1
মৃতব্যক্তি	1
জানটু	1
খাওয়ায়া	1
হোসাইনের	1
মিখাইলও	1
ছদ্যবেশী	1
চুড়াচালন	1
সীমান্তরক্ষী	1
পিটারবার্গ	1
কমুটার	1
গিলানোর	1
লাষ্ট	1
মাথাওলাকে	1
আতেলের	1
মিলিতশিয়ারা	1
জীবনডা	1
পাজর	1
গলাচ্ছ	1
দুভাবে	1
অৎপর	1
মেডেলাস	1
অভিশংক	1
রাখুম	1
মরণও	1
বাঁচাবেও	1
হান্দামু	1
ডিংগা	1
খাল্লি	1
বাল্লি	1
লোকাও	1
ইউরির	1
দ্রুতো	1
মনেহল	1
বেলকফের	1
প্রাইসের	1
প্রাইসকে	1
ইসতাবুলে	1
জেনক্স	1
গরিমার	1
ইউরূপ	1
সাবস্টেশনে	1
নরদান	1
শিঠি	1
লাঞ্চন	1
আর্টিফিসিয়াল	1
টিসকা	1
ল্যানটিল	1
ফায়ারআর্ম	1
আন্ডারগার্মেন্টস	1
ফ্রুটকা	1
খায়াও	1
খুঁজেন	1
ওয়িথ	1
ব্যারল	1
লান্সার	1
ডিক্টেটররা	1
৬৩এস	1
স্টকপাইল্ড	1
বিশদপরিসরে	1
ম্যাকারভ	1
ওহা	1
ফ্রুটাকা	1
হাতেরতার	1
যাওগা	1
পেঙ্গুয়িন	1
পেঙ্গুয়িনের	1
আর্টিক্যাল	1
লটরবহর	1
টেপরেকর্ডার	1
ফোরপ্লের	1
আঙ্গুরক্ষেত	1
জেনকস	1
এস্টি	1
সুটকেসে	1
সভাপতির	1
উর্ডে	1
ইন্সতাবুলে	1
মস্কতো	1
বেলিকফকেও	1
মিনিষ্ট্রি	1
ইনভেষ্টিগেশন	1
মিনিষ্টার	1
বারাবারি	1
ইউরী	1
মারকফ	1
উর্দে	1
ঝামেলাতে	1
আপাততো	1
স্পেসিয়াল	1
আততায়ীও	1
দূর্ঘনা	1
লোকজনই	1
দেশবাসীদের	1
সষ্ট্রাকে	1
আরচিবিশপের	1
মশকভার	1
জেংক্স	1
সাওথওয়েষ্ট	1
গানশিপে	1
নিকার	1
মিলিয়নেরো	1
বুলেশটিক্স	1
নাইটস্ট্যান্ড	1
কল্লাণের	1
রোমানিয়ায়	1
সাদমানসানজি	1
বিড়ালের	1
চিরেছে	1
হয়েগেছিস	1
সিলভিয়া	1
অডিটর	1
ব্যবসাটাও	1
আছেনতো	1
শরীরতো	1
হাফেজও	1
গনা	1
আখো	1
ইনতেজার	1
কামি	1
রাহে	1
বেকারার	1
মুঝপে	1
মুঝসে	1
ওফা	1
ওফাদার	1
হুয়াই	1
লিএ	1
জিন্দিগি	1
চামকিলি	1
ছারে	1
উনমে	1
আকসার	1
খায়ালো	1
সোচা	1
কাহে	1
মেরা	1
দিলদার	1
নম্বরগূলা	1
নিরীক্ষণে	1
নম্বরগুলা	1
খুবী	1
সিলভিয়াকে	1
ঘুমহরণ	1
বুঝাইস	1
ভীরুর	1
বুঝাইসি	1
এবংগর্ব	1
শায়িত	1
স্ত্রীলোকের	1
অনুপায়	1
করনারে	1
করছিরে	1
মাত্র২০	1
টাকায়স্যার	1
আলাকে	1
উপায়তো	1
পাখিগুলার	1
পখিগুলাকে	1
মালটাকে	1
পাইছিরে	1
মোটকাকে	1
দিয়ার	1
থামালি	1
এহান	1
হয়েগেছিস	1
জীবনদান	1
এনছো	1
সুপথ	1
আসবাতো	1
বিশ্বমায়া	1
কার্ডতো	1
পলাইতাম	1
হয়েগেল	1
বানাইতেদিছিলাম	1
আশ্বাসতো	1
উপাসনালয়	1
তাবিজের	1
লাগাউ	1
মিনিটেরই	1
সয্যের	1
চাইছিলা	1
করতেছিলা	1
শুনছতো	1
ওপরওলাকে	1
বলাইতো	1
অযাথা	1
মিলাইছেন	1
আলীয়া	1
নির্লজ্জতার	1
সবসীমা	1
নির্ভীকভাবে	1
তাকাইছিস	1
একেতে	1
হারামের	1
এখনইতো	1
তাবিজটার	1
সানজি	1
আলিয়া	1
পেশায়	1
হস্তক্ষেপইয়করে	1
বুঝেছিলি	1
আসছিলি	1
চেতেতো	1
সেখানটায়	1
ব্যাগতো	1
গরিবকে	1
করেতো	1
আছিসতো	1
জোরজবরদস্তি	1
চালাইছি	1
সংগ	1
উভয়কে	1
ইণ্ডিয়া	1
সুযোগপেয়েছি	1
কবিরকে	1
বৃষ্টিরুপে	1
ফেলিনা	1
কমার	1
এককোণায়	1
মৃত্যুকেউ	1
গোসলকরাতেহবেতো	1
পম	1
গানা	1
সৌভাগ্যবানরে	1
অংশীদারিত্বের	1
শিভামকে	1
শিভামতো	1
প্রেমীকদের	1
পৌছায়ে	1
পাসপোর্টবিহীন	1
পলাচ্ছি	1
আলীয়ার	1
বেরাচ্ছি	1
বেরাব	1
জন্যেতো	1
বিলালকে	1
ভরংবাজি	1
মেয়েগুলা	1
কিমও	1
যাও্যা	1
ম্যাকাউ	1
কেচাল	1
চাংকিং	1
ডকসে	1
তওবা	1
অসহায়কে	1
মনুষত্বকে	1
বেহেশ্তে	1
বজ্রমেঘ	1
কর্কটক্রান্তি	1
কতোক্ষণ	1
সেক্সপিয়র	1
যাদুবলে	1
অলিম্পিয়ান	1
আকিলিস	1
পারসিউস	1
বধের	1
জানোয়ারটিকে	1
দানবীতে	1
স্থান্তরিত	1
মত্ত্যের	1
আত্মরক্ষার্থে	1
ক্র্যাচে	1
হাটিস	1
পরিবেষণ	1
খটাশ	1
হোইছে	1
চুকিয়েছি	1
অনযানয	1
ধাঁধানোর	1
ব্রুনারের	1
বন্ধগণ	1
দেবীদের	1
বর্মভূষিত	1
ডিলেক্সিয়া	1
যুদ্ধবিদ্যার	1
এথেনার	1
সেনটর	1
এফ্রডাইটির	1
প্রেমদেবী	1
স্যাটায়ারস	1
সমুদ্রদেবতা	1
ঘ্রানকে	1
তৈরিকৃত	1
কর্কটক্রান্তির	1
দুনিয়ারই	1
অগ্নুৎপাত	1
মিনোটোর	1
বীরপুরুষগণ	1
যোদ্ধাগণ	1
কাইরণ	1
হুইলচেয়ারটা	1
ঝান্ডাটা	1
মহাদয়গণ	1
প্রসেইডনপুত্র	1
সেরকমতো	1
আহমিকা	1
ইন্দ্র	1
মিনটোরকে	1
হেডিসে	1
জুনিয়ার	1
যায়গাকে	1
নবযুগের	1
বস্তুমেলা	1
শতটা	1
অরফিউস	1
হওযাই	1
অন্তি	1
এমস	1
এম্পরিয়াম	1
দ্বিতীয়টার	1
পশ্চাতে	1
থামাস	1
আন্তিভিলে	1
অধিদপ্তরকে	1
ফারডিন্যান্ড	1
ফারদিন্যান্দ	1
মেদুসা	1
অ্যাাথেনার	1
রাজমহলে	1
পাণিপ্রার্থীর	1
পতিফলনের	1
বেথকে	1
মেডুসাকে	1
সংগ্রহশালার	1
খুলতেই	1
হাসিবু	1
হাসিবুজ্জা	1
ডেটীং	1
গ্রুভার	1
বাচ্চাগুলোকেই	1
দৃষ্টিজোড়া	1
পসেইডোন	1
পিচেটে	1
মেডুসার	1
ন্যাশভিলের	1
পার্থেননে	1
আঁখরা	1
এথেনাকে	1
অরসজাত	1
অ্যালকোহলে	1
গেভ	1
স্ক্রাচ	1
পর্দাগুলো	1
বাস্তায়	1
পারথিওনন	1
পুলকিত	1
স্ক্রাচটা	1
একঘন্টার	1
পার্কটি	1
র‍্যাবের	1
প্রতিক্ষায়ই	1
মধ্যেরটা	1
দাঁতগুলোতো	1
ঝাপটানো	1
নিয়িমিত	1
অনুষ্ঠানমালা	1
একখন্ড	1
এশিয়াকে	1
অনেকাংশে	1
উপকূলবর্তী	1
খারাপটার	1
অপেক্ষাই	1
গ্লভার	1
কাসিনোর	1
লীল	1
ফুলটি	1
জড়বুদ্ধি	1
১৯৭১	1
জাগ	1
খেকোদের	1
২১তারিখ	1
৫দিন	1
রেডিওঃএখন	1
বরাত	1
অথরিটিরা	1
ভাবাপন্ন	1
পিছেন	1
খেয়ামাঝিকে	1
মুজিবুর	1
কক্সেসবাজার	1
কৃতঘ্নতা	1
পাতালরাজ্যে	1
ইচ্ছাসমুহ	1
ঘন্ধ	1
পারসেফোনি	1
সমঝতায়	1
ভেবেছিলামি	1
কোনকালেই	1
অভিষ্ঠ্যলক্ষ্য	1
বসুন্ধরা	1
ইন্দ্রলোকের	1
তোমাদেরতো	1
সাঁজাতে	1
ইন্দ্রলোক	1
দৈবনির্দিষ্ট	1
রক্ষি	1
পাতালপুরী	1
শয়নে	1
গেবকে	1
গন্ধটাতো	1
কাইরনঃ	1
ধৈয্য	1
পরেরটাতো	1
প্রবৃত্তিকে	1
মর্ত্যে	1
বঙ্গবীর	1
স্বসম্মানে	1
গাড়ে	1
এক্সট্র্যাকশন	1
এক্সট্রাকটরের	1
সিন্দুকেই	1
পেইন্টারদের	1
জাগছেনা	1
রক্ষীরাও	1
লুকানোটা	1
দিলেনই	1
পলিস্টারের	1
কার্পেটের	1
কার্পেটটাকে	1
কিয়োটোতে	1
ঘটনাটায়	1
বুয়েনস	1
আইরেস	1
খুপরির	1
প্রাণীওয়ালা	1
শেখাইনি	1
ছাত্রটাকে	1
কল্পনাগুলো	1
তৈরিও	1
আর্কিটেক্টরা	1
স্বপ্নগুলোর	1
বুকস্টোর	1
স্বপ্নদ্রষ্টার	1
শ্বেতকণিকা	1
জীবাণুকে	1
উপাদানগুলো	1
টোটেমের	1
ধরবোনা	1
ভরবেনা	1
কোবলের	1
বানানের	1
কাকতাড়ুয়াটার	1
আইডিয়াটাও	1
টিকলোনা	1
খসালেই	1
সীমানাগুলো	1
জগতটাই	1
অনুরোধটার	1
আইডিয়ায়	1
সুপারপাওয়ার	1
ভেক	1
প্রজেকশনটাই	1
মুরুব্বিয়ানা	1
টোটেমটা	1
ধাঁধাগুলো	1
নকশাটার	1
স্বপ্নদ্রষ্টারাই	1
বিন্যাসটা	1
ম্যালকে	1
শোনামাত্র	1
মারপ্যাঁচকে	1
তিক্তই	1
আবেগগুলো	1
খারাপগুলোর	1
বিশুদ্ধিকরণ	1
অবদানের	1
পদাংক	1
ঝামেলাহীন	1
মস্তিষ্ককেও	1
ঢোকেনা	1
অন্তঃকর্ণ	1
অস্ত্রোপচারের	1
ফ্লাইটগুলোর	1
অ্যাটেনডেন্টকেও	1
এয়ারলাইনটাই	1
দ্বন্দ্বটা	1
আর্থারকেও	1
ফিশারদের	1
অনন্তকালও	1
ডিমভাজি	1
শেলফের	1
লিমবো	1
ভ্যানসহ	1
মরোর	1
টানলেন	1
লাগতোনা	1
লিম্বোই	1
আইডিয়াতে	1
পার্থক্যগুলো	1
কার্নিশে	1
ফিলিপার	1
মনোবিজ্ঞানীর	1
অনুতাপেই	1
বিশুদ্ধিকরণও	1
বিদ্বেষটা	1
ধর্মপিতায়	1
ধর্মপিতার	1
চার্লসটা	1
ওঠামাত্র	1
স্টেইনের	1
শিখেছিলে	1
নারীটা	1
লাফটা	1
কিকেই	1
শোনাচ্ছিলাম	1
ওয়ালেটটার	1
ওয়ালেটটা	1
নিরাপত্তাকর্মীরা	1
এক্সট্র্যাকশনের	1
স্বপ্নদর্শীর	1
এক্সট্র্যাকটরদের	1
স্বপ্নটার	1
পাঁচতলায়	1
শশস্	1
কিডন্যাপড	1
অর্জনগুলোর	1
ছুটতেই	1
কমপ্লেক্সে	1
স্ট্রংরুমের	1
স্ট্রংরুমে	1
অ্যান্টিচেম্বারে	1
ডিফেব্রিলেটর	1
কিকটা	1
সন্দেহও	1
শোনাচ্ছো	1
ভুগি	1
আশাহতই	1
বিভ্রান্তই	1
অপরাধবোধটা	1
ঢুকিয়েছিলে	1
থাকছিও	1
জটিলতাগুলো	1
অনন্যতাগুলো	1
খুঁতগুলো	1
খাটাচ্ছি	1
দলিলটার	1
প্যথেই	1
বড়সর	1
নাড়ানাড়ি	1
ছেলেধরা	1
বাচ্চদের	1
হারামীকে	1
ভাইটচং	1
গাজা	1
স্বর্নখনি	1
ইউএন	1
ছিঁড়াও	1
আবর্জনাকে	1
ইয়োন	1
পা্রবে	1
দেনাপাওনা	1
মাকালফল	1
ডাকছিলে	1
প্যাদানী	1
পাছাও	1
ভাগানো	1
দেড়মাসের	1
মুলধন	1
ঘুসাঘুসি	1
ব্যাবসায়ীরা	1
রেস্তারা	1
ড্যান্ডি	1
বোঝাছো	1
কেওয়াং	1
জায়	1
সেওং	1
হাইয়াং	1
ইয়োংসান	1
ডোংজা	1
ইয়োংসানের	1
দোকান	1
বৃন্দ	1
শিঘ্রি	1
বর্ন	1
সূর্যোদয়ের	1
দোবো	1
কেওনের	1
কৌতহল	1
ওনো	1
ভাঙ্গাভাঙ্গিতে	1
ডলচ	1
গাব্বানা	1
মানন্সম্মত	1
অনুক্রমে	1
জামিনদার	1
যুদ্ধোপকরণ	1
লুন্ঠনের	1
বাকিতে	1
মহাসভার	1
দাপ্তরিক	1
নবায়ন	1
ডচির	1
বাস্পীয়	1
ডচি	1
ক্রনিক	1
কোষ্ঠকাঠিন্য	1
ডায়ালিসিস	1
হারামীরে	1
ষ্টেষনে	1
কর্নিয়া	1
সন্দেহকারী	1
গুপ্তবাহিনী	1
শেও	1
কর্নাধার	1
শিঙ্ক	1
হাইয়ু	1
ষ্টেষনের	1
চায়নাটাউন	1
ঋনগ্রস্ত	1
৪০২	1
ওখনেই	1
মৃত্যূতে	1
নোহ	1
মরনখেলা	1
চিবাবো	1
আপলোডের	1
রুখ	1
নিয়ন্ত্রনণেই	1
স্টেজার	1
ড্যাভেনপোর্ট	1
চালচুলোহীন	1
ড্যাভেনপোর্টে	1
স্ট্যান্ডার্ডের	1
অফারও	1
পাকামোর	1
শেনবম	1
লাঞ্চটা	1
বায়না	1
প্রিসকো	1
প্রিসকোতে	1
মেইলিং	1
গারকন	1
আমদানী	1
ভানুমতীর	1
কর্মব্যস্ততার	1
স্লোয়ান	1
কালোত্তীর্ণ	1
ফেব্রুয়ারীতে	1
দেয়ালটাকে	1
কানেকটিং	1
ওয়েলসে	1
সরবেন	1
রানওতে	1
আয়ারল্যান্ডগামী	1
রিংগাসকিডি	1
ডিংগলে	1
টাস	1
ডিংগেল	1
কারাখ	1
কারাগ	1
সন্ধানী	1
বউকেও	1
সিজনসের	1
আথিথেয়তার	1
ক্রিয়াপদ	1
প্লাগে	1
গ্রামটাই	1
কিন্ত্যু	1
দুর্যোগে	1
খাটাশমার্কা	1
কিস্তিই	1
টমো	1
মন্তপূত	1
ঝামেলাপূর্ণ	1
বাংলার	1
ম্যাগপাই	1
দোকানগুলো	1
কেনাকাটাও	1
চাওই	1
ঐতিহ্যটা	1
ঐতিহ্যও	1
জেরেমির	1
তিতকুটে	1
কঠা	1
পাছাগুলো	1
গরুদের	1
ব্যাক্তিত্বের	1
চড়তাম	1
রূপসীরা	1
একাদশে	1
রাষ্ট্রদূতকে	1
সিড়ি	1
থুত্থুরে	1
বুড়োটা	1
পানীয়তে	1
ডায়ার্মুডের	1
গোলাঘরে	1
ঘুমিয়েছিলো	1
ফিয়নকে	1
অনুতাপে	1
ভুগছিলেন	1
আগন্তুককে	1
সপ্তাশ্চর্যের	1
টিপারেরির	1
বৃষ্টিই	1
কালাগান	1
উত্তরাধিকারি	1
টানায়	1
শুচ্ছেন	1
সাম্যের	1
গোসলখানাতেই	1
বারসা	1
লাগায়ি	1
দিলকো	1
ইয়াদ	1
উঁকিঝুঁকি	1
নাড়িভুড়ি	1
ডকার্টি	1
রাধুনিই	1
বড়ো	1
বাহামাতে	1
বাধাকপি	1
ভেজেটিরিয়ান	1
তাপটা	1
ভুনাটা	1
চুমুটা	1
বুড়োদের	1
গোসলখানায়	1
টাশকিত	1
পঁচাত্তরই	1
রাত্তির	1
বার্বাডোজে	1
দশগুন	1
কপোত	1
কপোতি	1
পূর্ণিমায়	1
কুসংস্কারে	1
সময়সূচি	1
বাবুনি	1
এইলিন	1
গাড়িটা	1
ঘন্টাতেও	1
হেঁটেও	1
এলোমেলোদের	1
বাগদানও	1
পার্টিটায়	1
বাগড়া	1
কষ্টগুলো	1
মস্তিতে	1
৷একটু	1
কনেপক্ষকে	1
কখনি	1
ওদেরটার	1
শাদীতে	1
মস্তবড়	1
উন্মত্ততাই	1
জোড়	1
দিবোনে	1
ললনা	1
ধান্ধাবাজ	1
চিটাররাই	1
ডাবলিনেই	1
চুলওয়ালি	1
পাবটা	1
ক্লাডাক	1
হৃদপিন্ডে	1
ইর্ষা	1
এডভেঞ্চারেও	1
আত্তি	1
পাবটাকে	1
শাদী	1
দাক	1
মাইনস্ট্রোন	1
কুইশে	1
কালাহান	1
পরিপার্শ্বের	1
মেলাবো	1
ব্র্যাডিকালাহান	1
ব্যাপারখানা	1
ডোবায়	1
একগুয়েমি	1
বেধেছ	1
করতেসিলাম	1
আওরত	1
সামঝে	1
অউর	1
কারতা	1
ঝুলাইতে	1
বিউইক	1
লালার	1
স্যুটকেইস	1
গোলাপীর	1
প্রাইমারী	1
টেডিবিয়ারের	1
সয়না	1
চাকুরিজীবি	1
থ্যাঁতলানো	1
মেমোরী	1
কেইসও	1
ভ্রাতৃযুদ্ধ	1
আশ্চর্যজনকগুলো	1
খোলোনি	1
মেরিডিয়ান	1
পাঠকসংখ্যা	1
বুউউম	1
স্যাঁতস্যাতে	1
আঁচড়ানোর	1
টাওরীন	1
বলিরেখায়	1
তুঙ্গে	1
সোলের	1
সাসেক্সের	1
সাসেক্স	1
রাখতোনা	1
অয়স্টার	1
ব্যাটারসী	1
ক্লসট্রিডিয়াম	1
বিষগুলোর	1
ফিতের	1
পড়লোনা	1
খোঁজেনা	1
ক্রীমটা	1
বোমাবাজকে	1
কর্নওয়ালে	1
বিপরীতের	1
মংকফোর্ডের	1
বিরুদ্ধতা	1
আরএক্স	1
গাড়িভক্ত	1
মংকফোর্ডকে	1
সানবেড	1
ভাংতির	1
মংকফোর্ডেরই	1
বলদগুলো	1
মুখওয়ালা	1
মংকফোর্ডও	1
ভুগছিলো	1
কারসের	1
ইউয়ার্টের	1
পেসো	1
ভাংতিও	1
সানবেডে	1
চুলকাচ্ছিলো	1
পার্সের	1
খুঁতযুক্ত	1
স্যান্তোস	1
পেরেকে	1
স্টেশনারীতে	1
ইয়র্কশায়ারের	1
সূতোগুলো	1
পাতিলের	1
মিলান্তির	1
মিলান্তি	1
ঘোরানোই	1
আরেকভাবে	1
লওরেল	1
হার্ডির	1
ডেডলাইন	1
ধনুষ্টংকার	1
জীবাণুটা	1
খামচাখামচি	1
কেনির	1
কেনিকে	1
ধূমায়ে	1
হাউজবয়	1
পাওয়ারসের	1
বটুলাইনামের	1
কনিকে	1
ক্লাসমেটরা	1
ওয়াটারলুর	1
তোরণদ্বারে	1
স্টোক	1
নিউইংটনে	1
ভার্মিয়ার	1
পোস্টারগুলো	1
গোলেমের	1
খুনীরও	1
জুন্দজা	1
চুলাচুলি	1
প্রহরীই	1
হিকম্যান	1
কর্মচারীকে	1
পুনরাবিষ্কৃত	1
গোলেমকে	1
ল্যান্ডলাইনে	1
নকলটা	1
ওয়েস্টির	1
চিত্রকর্মের	1
নক্ষত্রবিদ	1
কেয়ার্ন্স	1
চুলকাও	1
উডব্রিজকে	1
ফোনবুকে	1
নেপচুন	1
১৮৪৬	1
জুনজা	1
পেইন্টিংটাকে	1
পেইংটিংটা	1
১৮৫৮	1
১৬৪০	1
ফিসফিসানির	1
ওয়েস্টকে	1
লম্ফপ্রেমীদেরকে	1
ট্রেইনে	1
পরেরটাতে	1
হ্যারিসনের	1
দোলালো	1
ট্রেনটাকে	1
মুড়েছে	1
রিজোটো	1
চুদুরবুদুর	1
ওয়াটসনকেও	1
দুনিয়াটাতে	1
আটকাচ্ছো	1
আইটির	1
আন্ডারওয়্যারের	1
ইঙ্গিতটা	1
অসন্তুষ্টও	1
বায়জিদ	1
অ্যাডমিন	1
পুলক	1
পেনিসিলিনে	1
স্বল্পমাত্রার	1
পেনিসিলিনও	1
বিমা	1
গাঁড়	1
কাটছো	1
২১তম	1
উত্তল	1
দেহখানা	1
ছখানা	1
নাসারন্ধ্র	1
কুনসান	1
সমুদ্রতটে	1
পর্	1
আং	1
বিউং	1
যোগাতে	1
গোয়েন্দামশায়গণ	1
আন্দোলনকারীদের	1
খাওয়াচ্ছিলাম	1
বাটকুলের	1
স্তূপে	1
আন্দোলনকারী	1
দাবিতে	1
উদ্দেশহীন	1
ক্যান্টিনের	1
দাদীরও	1
প্রেসেন্টেশনের	1
সাবলীলভাবে	1
পাড়েও	1
নদীটাকেই	1
পূণ্যময়ী	1
নির্বোধদের	1
অনুধাবনমূলক	1
তথ্যমূলক	1
পরিবেশবাদীদের	1
কইলিয়া	1
মোহনাকে	1
টর্ভ	1
বাধানোর	1
মোহনাও	1
ঘড়িটিকে	1
আটকালেন	1
এক্সামিনারের	1
ধাক্কাচ্ছিলাম	1
লাশকাটা	1
করাতটির	1
গরমিলের	1
ডোকে	1
বেটিং	1
ক্ষতস্থানটা	1
আসামিদের	1
স্কালপেলের	1
অটোপসি	1
ঘনত্বও	1
ব্রিফিংয়ে	1
ফেলবোই	1
আহকে	1
বিকোয়	1
গণধর্ষণের	1
সাক্ষ্যর	1
সোনাচান	1
দাঁড়াচ্ছিল	1
টিস্যুগুলো	1
সাক্ষ্যের	1
বিবাদীদের	1
খুনটার	1
কোর্টই	1
যোনীর	1
বাবামায়েরা	1
সাক্ষীকেও	1
উক	1
টাইমিংটাও	1
হোকে	1
সাক্ষ্যটা	1
যুক্তরাষ্ট্রেই	1
দুসপ্তা	1
ম্যারো	1
ট্রান্সপ্লান্টের	1
খরচপাতি	1
যোনিপথ	1
মামণিকে	1
কলঙ্কিনী	1
শুয়েরর	1
বানিয়েছিলি	1
নারীদেশীয়	1
রেজিস্ট্রেশনের	1
ওয়িং	1
ঔশুধি	1
তীর্থ	1
যতরকম	1
অরপিত	1
শিহাদেছু	1
ফফল	1
ধররনের	1
দীর্ঘাইয়িত	1
নসীব	1
দদরুন	1
জ্ঞ্যন	1
ছায়াই	1
পাপগুলোর	1
কারণগুলিই	1
প্রানিকে	1
ভিতরকেও	1
সচেতনা	1
ভয়ংকরভাবে	1
দড়িও	1
দুরিভুত	1
প্রতিহিংসায়	1
শুন্যেই	1
মোঃমিনহাজুলইসলামশাওন	1
অস্বিত্বের	1
দাসবব্ধ	1
আত্নহুতি	1
ভিরোনিকার	1
গ্রীম্বোল্ডে	1
মার্লিলিয়ানকে	1
বেকির	1
হ্যান	1
ড্যান্সটির	1
১০বছরের	1
আঙটিটা	1
পাঠ্যসুচি	1
জাদুরবইয়ের	1
হাইডারম্যান	1
প্রেজেন্টেশন	1
বলদ্গুলাকে	1
হাইবারম্যানের	1
বায়োলজির	1
প্রিন্সটাউন	1
চিয়ারলিডারস	1
উলফদের	1
টুলফ	1
উৎসামুলক	1
কাবানা	1
ট্রিটমেন্টও	1
ভারসাম্যহীনতার	1
হ্যালুজিনেশন	1
টিজিক্স	1
৮জন	1
ফ্রেডিও	1
অনাকঙ্খিত	1
শোয়ই	1
ব্রেভাহার্টের	1
ক্যানো	1
গ্রিম্বোল্ডটা	1
১০বছর	1
বেনোপোর্টের	1
সুষ্পষ্ট	1
গদ্য	1
অতিব	1
ঊঠলে	1
উলভস	1
অলংকরিত	1
ট্রাইস্টেট	1
ক্ষ্যাপায়	1
মরগানিয়ানের	1
কোনাভাবেই	1
কাবানার	1
আঙ্গটিটা	1
ঈগলটায়	1
টও	1
পদার্থবিদ্যা	1
অনুগুলোকে	1
আঙ্গটিটার	1
ছিরা	1
সামন	1
লাগিস	1
হোভার্টএর	1
অ্যাপয়ান্টমেন্ট	1
ম্যান্ডারিনেও	1
ওনাদেরই	1
স্টেপের	1
সেছি	1
সবর	1
সাম্পতিক	1
গ্রীমহোল্ডে	1
৭৭৭ডিগ্রির	1
তড়িতশক্তিতে	1
রুপান্ত্রতিত	1
ছড়িটার	1
চাতুর্যতা	1
যাদুবিদ্যার	1
ফাযলামো	1
ভ্যানিস	1
ছালের	1
তোলাতুলির	1
মার্লেনিয়ানকে	1
শূন্যস্থানের	1
তেসলা	1
বেঞ্ছের	1
স্পেশালিটি	1
খাইয়ো	1
বাচলে	1
কার্ডিও	1
চিত্ত	1
বিক্ষেপক	1
আসসে	1
স্টারকে	1
দুঃর্ভাগ্যবশত	1
ধাক্কাচ্ছে	1
ইয়েপ	1
কয়েলগুলো	1
শব্দকম্পনে	1
বাজছিল	1
আসসো	1
গাইরি	1
কেরিস	1
টাপ	1
খুনখারাবির	1
বেচাড়া	1
চেলাকে	1
ট্রাপ	1
মরগানিয়ান	1
সভত্যাকে	1
উত্তরাধিকারকে	1
শিক্ষাচ্ছি	1
হটার	1
গ্রীমহোল্ডটাকে	1
ফেল্টু	1
সম্নদ্ধে	1
জাদুকরকেই	1
একটাবার	1
চিটচিটে	1
মোতার	1
আবরা	1
ডাবরা	1
অপোপ্রয়োগ	1
তড়িতাহত	1
ঝাড়ুকেই	1
চেয়ারও	1
নড়াতে	1
কফিশপের	1
হহুম	1
একেছিলে	1
আসলে্	1
পটেও	1
আশর্যজনকভাবে	1
জুটলো	1
বেসেছিল	1
আটকাইছো	1
চুকাইলাম	1
প্রতিবিম্বের	1
ভালোলেগেছিল	1
অ্যাবিগালি	1
মরগানাকেও	1
বন্দীদশা	1
চিটিংবাজ	1
হাতিটিতে	1
আঙটির	1
স্বদব্যাবহার	1
জুতাগুলা	1
পাগুলা	1
আঙ্গটিও	1
ইগলে	1
ইগল	1
ছুড়তেও	1
ব্যানেট	1
ছড়িটাতে	1
আঙটিগুলা	1
পরিবাহীতে	1
এক্ষান	1
ডেস্ককে	1
পুর্নউত্থান	1
তড়িতচুম্বকিয়	1
বিবর্ধন	1
বিল্ডিঙ্গগুলোর	1
ঘুতা	1
দুজইনি	1
পিছাবেন	1
টাঙ্গকি	1
ঠিকানাঃ	1
ঝাড়াগুলো	1
গার্লফেন্ডের	1
পিচ্ছিটার	1
সার্জনকে	1
শিশ্নও	1
অকৃত্তিম	1
নুনুর	1
কনডমের	1
বালকান	1
নিলোলা	1
এখই	1
পরিপূর্ণের	1
শৈশবকাল	1
খেচার	1
গ্রাফি	1
ন্যাপকিনে	1
মুভিগুলো	1
ফুটোকেও	1
ছন্দময়তা	1
ইউমিলাইট	1
পশ্চাতদেশ	1
বিজন্মারা	1
কনর্ফারেন্স	1
ট্যালেন্টরা	1
দাড়াঁবে	1
উরা	1
হেগ	1
ট্রাইব্যুনালের	1
কারবারি	1
নিস্ব	1
তারকাকেই	1
ভুকমীরের	1
ধোনটা	1
রিডিসট্রিবিশনের	1
তাড়িই	1
পোষাকধারী	1
আত্নত্যাগের	1
অস্বস্থি	1
মিলোসের	1
চরকাগুলোর	1
চরকাগুলো	1
পরির্বতে	1
কুপরিকল্পিত	1
নরাধম	1
পালবে	1
স্পনসর	1
মোমগুলো	1
মাগীগুলা	1
তিনটাকেই	1
পুরুষত্বহীন	1
চুদেছিলাম	1
দিককার	1
বালগুলোর	1
বালগুলো	1
বেশ্যাপণা	1
শিশুটাসহ	1
ভবিও	1
পিকনিকের	1
চুসতে	1
জীবনব্যপী	1
মোহই	1
ট্রার্ম	1
প্রামাণ	1
উদ্বিগ্নতার	1
ভিকটিমদের	1
পর্ণই	1
জনরা	1
অতিব্যয়	1
হুইস্কিতে	1
ভিয়াগ্রা	1
গতিপ্রেমী	1
গাদ	1
মাগীটাই	1
সেসকল	1
ওয়েনচেসের	1
পেটাও	1
ওরকই	1
আড়ষ্টতার	1
প্রোজেক্টটা	1
চোদাতে	1
সুড়	1
সুড়িয়ে	1
দেবতাদেরকেও	1
চুদতো	1
যৌনাচারের	1
মিলোসও	1
অবক্ষয়	1
কন্যাটারও	1
ওন্ডারল্যান্ডের	1
জেকার	1
হনন	1
কোলেপেকার	1
হাঁটছো	1
হতচ্ছারাটাকে	1
রাসা	1
পাঁঠাকে	1
শ্রেষ্ঠাংশেঃ	1
কার্থি	1
অ্যান্ড্রিয়া	1
জেরেমিয়া	1
পার্থিয়েপান	1
সাবসিনে	1
হেমলেট	1
১৮৭৯	1
খৃষ্টাব্দ	1
প্রত্নতত্ত্ববিদরা	1
রামানাদান	1
নালিনি	1
শশী	1
সিভারাম	1
যোগাযোগমন্ত্রী	1
পক্ষ্য	1
পৌঁছেছিল	1
মজুরকে	1
চুলকায়া	1
মজুর	1
সেয়ানাগিরি	1
ডায়লগে	1
থাইকাও	1
ঝকঝকা	1
কাপতেছে	1
নাচগানের	1
দাসত্বমুক্ত	1
মুংহু	1
চ্যাঁও	1
ভূতেরা	1
দাঁড়ায়া	1
পাডাগোট্টি	1
চাটতেছে	1
সেন্ট্রির	1
মাখতেছো	1
তাড়ানোর	1
এসিতে	1
থাকাচ্ছো	1
ক্যাপসহ	1
শূকরী	1
রেএএএএএএ	1
ধমকাস	1
প্রবচন	1
কয়না	1
লালচে	1
মিলিটারী	1
কোনো	1
সরঞ্জামসহ	1
যোগাযোগব্যবস্থা	1
ফালার	1
মানী	1
বডিগুলা	1
মালথী	1
পুস্পা	1
থিয়াগু	1
নামগুলা	1
পড়তেছো	1
খুঁড়বা	1
মরণফাঁদ	1
লিখছিলো	1
বিশ্বসুন্দরী	1
কাপছিলা	1
কয়েকমিনিটের	1
শুনবা	1
থিল্লাই	1
কালচে	1
মৃত্যুফাঁদে	1
দৌড়াবা	1
এম্নেই	1
জন্মাইছিলি	1
অমাবশ্যার	1
হইছিস	1
হাউজওয়াইফ	1
হ্যান্ডিক্যাম	1
চিপসের	1
লাভান্যকে	1
সুকুমারান	1
শ্মশানের	1
কৃষ্ণান	1
খাদ্যনালী	1
চোলার	1
নাম্বিরাট্টিয়ার	1
মিরুর	1
থাঞ্জাইয়ের	1
উদাইয়ার	1
রাজেন্দ্রাসেনার	1
পান্ডিয়ান	1
রভিশেখারান	1
আশাকরিনা	1
দেবীমূর্তি	1
পান্ডিয়ানদের	1
দোলনায়	1
গীতিকা	1
মেয়েলীপনার	1
চালাকী	1
প্রশংসায়	1
কাঁন্না	1
হতভাগ্যের	1
পোশাকটাও	1
থাঞ্জাভুরের	1
অত্যাচারও	1
মেটায়	1
নিঃস্বদের	1
দূর্দশার	1
সত্যির	1
ভালকিছুর	1
শ্রেষ্ঠত্য	1
পূর্বপুরুষেরাও	1
উদ্বেলিত	1
রমনীর	1
থাঞ্জাভুরে	1
চান্দ্রান	1
অনুগ্রহরাজি	1
নাচবিনা	1
ছারবি	1
স্কান্দার	1
কেইনস	1
পউল্টার	1
নেসন	1
স্ক্রাবের	1
২৫৩তম	1
ইদুরমার্কা	1
কাকিও	1
নৌসেনাও	1
গাজাখুড়ি	1
তথ্যসমৃদ্ধ	1
সাতরাচ্ছি	1
কাসস্পিয়ান	1
নার্নিয়াতেই	1
হনুমানটার	1
চেয়েছিলামম	1
নৌজাহাজ	1
ন্যায়নিষ্ঠ	1
ধুনুক	1
সৈন্যদেরও	1
বুদ্ধিভরা	1
নার্নিয়ারই	1
গরবর	1
ক্যাস্পিয়ানের	1
নাঙর	1
ড্রিনিয়ানের	1
যুক্তিসম্মত	1
কয়েদখানায়য়	1
কুয়াশাটা	1
কুয়াশার	1
সওদাগরদের	1
বেচঁলে	1
আরকেউ	1
হায়জিন	1
পরাপর	1
কাউন্সলের	1
গেয়ল	1
আজবমার্কা	1
কুয়াশারা	1
এডমন্ডও	1
ঘসেই	1
আলাদিনের	1
ঘসতেই	1
ইদুরমারা	1
বিস্ময়বোধক	1
হয়রানী	1
বসতিহীন	1
কুয়াশাকে	1
ফাদঁও	1
উত্তরও	1
আমাদেন	1
মনোরোগের	1
ধর্মতত্ত্ব	1
শূকরটা	1
দুঃস্বপ্নকে	1
বোধগম্যের	1
দুঃস্থ	1
ইদুঁরটা	1
গাইতেছে	1
খারারও	1
রিঞ্চ	1
সমুদ্রপথ	1
দোররা	1
নার্নিয়াকে	1
থেমেছিলেন	1
ইদুঁরটার	1
তরবারিই	1
জানবেনও	1
মেরুদন্ডহীন	1
তোমমার	1
জন্মেনা	1
কামচোর	1
অক্টেসিয়ান	1
পালতোলার	1
তরবারিগুলো	1
ভ্রমনকারীরা	1
রামান্ডুর	1
জাগবেন	1
বেকাবু	1
সপ্তমটা	1
তাব্রোস	1
ইদুঁর	1
ট্রেডারে	1
বাচাঁবো	1
প্রশ্রয়	1
কাটাঁ	1
ভাইবোনরা	1
নার্নিয়ানরাই	1
অনমনীয়	1
অগ্রণী	1
বহি	1
সময়কাল	1
পিটিশনটা	1
মরুকরণ	1
স্ত্রীদিগকে	1
ব্যক্তকারীরূপে	1
পুতলি	1
তানতা	1
দেশত্যাগ	1
প্রবাস	1
আয়ের	1
ভেছিলাম	1
অফলা	1
নিড়ানি	1
গহ্বরের	1
সারগর্ভ	1
উত্পাদনশীলতা	1
খণ্ডিত	1
বণিকদের	1
বৈরিতা	1
কম্প্যাক্ট	1
কনট্যুর	1
চোয়ান	1
শোষিত	1
জয়ের	1
উঁইপোকা	1
কায়সার	1
পুনর্জাত	1
জৈবপদার্থ	1
অধ্যয়নের	1
গবেষকরা	1
বিষ্ময়কর	1
পোতারূঢ	1
উইন্ডব্রেক	1
তদারক	1
উত্তরাঞ্চলে	1
অগ্নিকাণ্ডের	1
উনুন	1
মিক্সিং	1
নাইজার	1
পর্যবেক্ষিত	1
দফতর	1
উপাখ্যান	1
শুল্ক	1
ব্যবস্থায়	1
বেনিফিট	1
ভোল্টেজের	1
সভায়	1
ফলনের	1
অর্জনকে	1
আরবান	1
অত্যয়	1
সংখ্যাগরিষ্ঠ	1
ক্ষেত্রগুলি	1
উৎপাদনশীল	1
উত্পাদনশীল	1
আদায়যোগ্য	1
অধ্যবসায়	1
প্রায়শই	1
এনজিও	1
বিনিয়োগের	1
আমেরিকায়	1
ভাইয়াকেও	1
বক্সগুলোতে	1
উঠছিলে	1
কতইনা	1
সারকার্জ	1
ফিডিং	1
লতি	1
সার্জিক্যাল	1
ক্যালির	1
আরেকজনেরটা	1
বাজাচ্ছিলাম	1
এলার্মটা	1
ভুতুড়ে	1
চলছিনা	1
জশকে	1
বাসাকে	1
স্পেক্স	1
মিটারগুলো	1
স্টারফ্লিট	1
টোস্টার	1
লোরেইনের	1
কুচকুচে	1
আ্যস্ট্রল	1
প্রোজেকশনের	1
অন্যখানে	1
নির্ভীকতাই	1
অপিচ	1
আত্নারা	1
রুহানি	1
তোমদার	1
আঁকাআকিও	1
শাটার	1
পড়লনা	1
মেট্রোনমের	1
সমাপিকা	1
পথনির্দেশিকা	1
ফ্রেমটি	1
গিয়ারটি	1
যুদ্ধার্থ	1
আলবেনিয়ার	1
পিপীলিকা	1
অগোসটিনো	1
টনিয়ো	1
মাপিস	1
ম্যাসিডনি	1
এক্সটা	1
সিলাই	1
অন্তোষ্টক্রিয়ার	1
নিকার্সের	1
ব্যায়ামে	1
মস্তকে	1
নবযুবতী	1
নিনোকে	1
ক্যাশিয়ারে	1
তুলস	1
বন্টার	1
খোলামেলায়	1
পলর্মো	1
শ্রেয়	1
পারম্পর্য	1
কমরেডস	1
দুঃখটাকে	1
শোকাবহ	1
আমাদেরগভীরতমসমবেদনাপ্রকাশকরতে	1
লেফটেন্যান্টনিনো	1
হারানোরজন্য	1
বীরোচিতভাবেকর্মেনিহত	1
এবংতারবধূ	1
জর্জর	1
সেমনেহয়	1
ইতিমধ্যেখুঁজছে	1
কিন্তুসেআত্মাআমাদেরআত্মারসাথেআছেন	1
তাদেরকষ্টদিয়ে	1
মার্চকাঁধেকাঁধে	1
তারদেশেরপ্রতিরক্ষাআমাদেরসহযোগীনাগরিকএকটিঅনর্থকছিলনা	1
ধ্বংসসাধন	1
পচাটাকে	1
প্রবণতার	1
মর্যাদাহানিকর	1
পাছারে	1
ফেটিশ	1
ফ্যাসিষ্ট	1
ভিত্তে	1
অভিপ্রায়ে	1
বিষয়বস্তুর	1
অবক্র	1
ছিঁড়ব	1
ছিঁড়বো	1
গোয়েন্দাগিরি	1
হানির	1
রন্ধনশালা	1
অশ্ব	1
সম্পাদনে	1
সেনটরবি	1
গ্যাসপেয়ার	1
আহরণের	1
স্কডিয়ার	1
বিবেচনায়	1
বিবাহিতদের	1
ডিমিং	1
বিচিত্রদৃক্	1
ওডেসি	1
বৈধব্য	1
আশ্রয়ে	1
সমাপ্তের	1
স্বেচ্ছাকর্মী	1
ধোয়	1
মার্জন	1
প্লাসিডো	1
কটি	1
আন্টোনিও	1
বসিগনোর	1
ভেটর	1
বেধেছে	1
মর্ডাণো	1
হোটেলেরে	1
ব্যায়ামিরা	1
পেতাত্মা	1
পেতাত্মার	1
বন্যের	1
অমরোসো	1
এমরোসো	1
ঘুমাছ	1
আপনিকে	1
তুমিএখানেকি	1
যাওএখানথেকে	1
ব্রাথেলের	1
ম্যাসিনা	1
দেখকেএখানে	1
গিয়রগিও	1
মিসেসস্কডিয়া	1
ভাগ্যবতীহওন	1
সিগনোরাম্যালেনা	1
যেহেতুআমিপালাচ্ছিলাম	1
আকাঙ্ক্ষাথেকে	1
নিরীহতা	1
সময়অতিবাহিতহয়েগেছে	1
আরতারাআমারনিকটেওএসেছিলো	1
এবংযদিকেউজিজ্ঞাসাকরে	1
আমিবলব	1
কিন্তুশুধুমাত্রএকজনকেআমিকখনইভুলতেপারবনা	1
প্রতিদ্বন্দ্বিতার	1
পছন্দকে	1
সোহাগাদের	1
ইসস	1
এতোমধ্যে	1
রুচিকর	1
কুঁড়ায়	1
মন্দদের	1
পরিহাসই	1
তালগাছ	1
শিখছিলো	1
খলনায়ক	1
দুর্বৃত্ততার	1
মুক্তিও	1
ডাকযোগে	1
উদ্ভোধনী	1
কিছুটার	1
একাত্মতা	1
শুনালো	1
রক্সারু	1
থরগডস	1
রোমানিয়ায়	1
প্রলুব্ধকারী	1
কামড়ও	1
বুউউউউউউউ	1
বুউউউউ	1
মজারতো	1
ক্ষয়হীন	1
সুধ	1
এউউউউ	1
গুডি	1
জোড়াও	1
রিচিকে	1
গ্রহণও	1
এএএবং	1
বড়দিনে	1
বাউন্সি	1
হোমমেইড	1
বিয়াদব	1
ভ্যানগাড়ি	1
আত্মভোলা	1
নিরক্ষরতায়	1
সুযোগটুকুও	1
ডিহাইড্রেশন	1
তাঁতে	1
সাতত্রিশ	1
নায়কবিহীন	1
খুশকি	1
পাপোষ	1
আকর্ষনীয়	1
পাঠালেতো	1
নিঞ্জা	1
স্টেয়ার্ট	1
ওয়াহু	1
কুলে	1
স্পেইস	1
সাসাসা	1
ডেইটে	1
টাইটেনটা	1
উপসস	1
হ্যালকে	1
দুর্বৃত্তকে	1
দায়িত্বহীন	1
লেভেলটা	1
হাঁরা	1
ডিজাইনও	1
ব্যাকহ্যান্ড	1
হইয়ে	1
জায়গাবদল	1
তামাতো	1
শক্তিক্ষয়	1
ইসকুল	1
ঝগড়াই	1
মনস্ত	1
মৃত্যুরশ্মি	1
এপিটের	1
আটাশিটা	1
শহরটাতে	1
হারবাজরা	1
হাসতেও	1
আহহহহহহ	1
ওল্লো	1
আধারও	1
প্রতিক্রিয়ায়	1
যোগানদার	1
সুসাস্থের	1
এক্সপেরিমেন্টে	1
আইডিন্টি	1
খোদারে	1
হেলন	1
সলজার	1
প্রতিক্রিয়ায়	1
ভোগতেছে	1
টারে	1
ম্যাথো	1
নকসা	1
আন্ডারগ্রাউন্ডেই	1
শ্রেণিভেদ	1
গ্যাসটির	1
মেমরী	1
হাইভকে	1
বুঝতাছ	1
অস্ত্বিত্ব	1
ইলিক্ট্রিকাল	1
রিবোট	1
অনুরোধের	1
ঘুষ্ঠি	1
জীবিতকে	1
হান্দানের	1
মরতাছে	1
ট্যাকের	1
সহযে	1
ল্যান	1
আমাসের	1
ভাইরাসটার	1
ডেভেলাপ	1
ম্যানসনের	1
খানকিই	1
ব্রেকারের	1
ডিসএবল	1
জম্মায়	1
ভাইরাসকোষবৃদ্ধিতে	1
ডিসেবল	1
যোগাযুগ	1
ঘটাইছ	1
কম্পানিতে	1
ইঞ্জেক্ট	1
ফুযোগে	1
চুদলাম	1
কথারে	1
ডিজিটের	1
প্লাটফর্মেই	1
ক্যাপলেন	1
বাচ্চায়	1
চ্যুত	1
নেমেসিস	1
নজরবন্দি	1
স্বর্ণযুগ	1
১৮৬১	1
নিভুনিভু	1
অবিশ্বাস্যরকম	1
ইতোপুর্বে	1
তীরন্দাজগণ	1
সান্ডে	1
মান্ডে	1
ভাইজা	1
আলম্পনা	1
হুবাই	1
মেহেরবানীর	1
ইউয়ানও	1
গুটিভাই	1
উৎসাহদাতা	1
সিচুয়ানের	1
লুটোপুটি	1
পিপাসিত	1
যোদ্ধারই	1
ক্রিয়াকলাপ	1
আমারপরিবার	1
মনোযোগই	1
পছর	1
স্বাস্থ	1
দাদুভাই	1
পুর্ণাংগভাবে	1
মানবেরা	1
ওয়াইনমেকার	1
সূচগুলো	1
বাটিও	1
খাড়াইছে	1
নৈপুন্যমন্ডিত	1
দুর্বলই	1
সত্যিস্বপ্নেরমত	1
দুর্বলরাই	1
বিষক্রিয়ার	1
সারুন	1
ওঠানামা	1
ইউয়ানের	1
বেচেও	1
ওনাদেরকে	1
আঘাতগুলোর	1
ওয়াইনও	1
আত্মবিশ্বাসও	1
যথেচ্ছাচারী	1
তুমিতোমারআব্বুরসাথেইথাকবে	1
সুরাপানে	1
হেইলনজিয়াং	1
হালার্পুতেরা	1
৩০টি	1
মল্লযুদ্ধের	1
পিপেটাকে	1
চুমুকে	1
রেসলার	1
আন্তন	1
অসীমসম	1
গালীও	1
ফাইটারদের	1
ম্যালটফ	1
আন্তনের	1
খেলোয়াড়টিও	1
চীনালোকটিই	1
চীনালোকটি	1
হারুপার্টি	1
স্বরণীয়	1
ব্লগিং	1
ড্যাভেনপোর্টের	1
জেফ্রি	1
প্যাটারসন	1
ফিলিপমুরের	1
আত্মহত্যাগুলো	1
পরষ্পর	1
বার্টসে	1
বার্টসেই	1
দুইদিনও	1
হয়েছিলই	1
মেখেছো	1
ল্যান্ডফোনে	1
লিপস্টিকে	1
কুলাতে	1
খোঁড়ানোর	1
ঠেকিয়েছিলে	1
ওয়েবসাইটটা	1
কাজটাজ	1
কাটাছেঁড়া	1
গ্যাঞ্জামও	1
বাগবাগ	1
ছাঁট	1
বলন	1
এমপিথ্রি	1
প্লেয়ারও	1
যুদ্ধফেরত	1
বাজারেই	1
আন্দাজটা	1
ফোট্	1
ছাড়াছাড়ির	1
হ্যারিয়েট	1
ছি্লে	1
জুটালে	1
ডনোভানও	1
মেখেছে	1
খাটাচ্ছিলে	1
মেসেজটার	1
প্রভাবেও	1
পেপারেও	1
আত্মহত্যাগুলোরই	1
চল্লিশের	1
ভিজেছে	1
অরগানাইজার	1
চাকাওয়ালা	1
স্যুটকেসই	1
ব্রিক্সটন	1
একঘেঁয়েমিতে	1
অ্যান্থিয়া	1
বিয়েটিয়েও	1
শার্লকে	1
শার্লককেই	1
যুদ্ধক্ষেত্রটাকে	1
প্যাচের	1
সেধেছে	1
লেখোঃ	1
হারিয়েছিলে	1
স্যুটকেসেও	1
খুনীই	1
খুনীটাকে	1
খুলিটা	1
খুলিটার	1
চালাকগুলাকে	1
ভিড়ভাট্টার	1
নজরেই	1
গিয়েছিলেই	1
বাঁধনে	1
নামছেও	1
ক্যালিফোর্নিয়ান	1
নিশানাও	1
তল্লাশিতে	1
বড়োই	1
সিগারেটও	1
সাইকোপ্যাথের	1
ভিকটিমরা	1
উফফো	1
তোপেছনের	1
বটিকা	1
সারতো	1
একাউন্টও	1
স্মার্টফোনে	1
টেরও	1
ব্যাকও	1
হতাশই	1
ট্যাক্সিকে	1
ওয়েবসাইটও	1
ফারদার	1
এডুকেশন	1
ঝাড়ুদাররা	1
হাফডজন	1
হাডসনও	1
খেলছিই	1
প্রেরণাকারী	1
কিলারকে	1
এইটাতেই	1
চাপাচ্ছে	1
হ্যান্ডগানের	1
পোড়	1
নিচটা	1
মনা	1
ফ্রিল্যান্সার	1
সন্ধ্যায়ই	1
ডিমসাম	1
কুকিগুলো	1
সৈনিকটা	1
অ্যাক্টিভ	1
তথ্যগুচ্ছের	1
ডিস্কের	1
প্রতিদ্ধন্দিতাপূর্ণ	1
ফিতারমত	1
ইউজাররে	1
আরকেড	1
স্কুর	1
পথদ্রষ্টা	1
পেরানইয়েডস	1
বিশি	1
ইন্ড্রাস্টির	1
স্ত্রির	1
অকার	1
ব্র্যাডলির	1
হরন	1
অনুগতরা	1
দাদাদাদির	1
ম্যকির	1
ক্লায়ার	1
ফ্লাগশিপ	1
ডিনিঞ্জার	1
ওএস	1
রিলিজের	1
সাথে্	1
টোকিয়োর	1
ইনডেক্সে	1
মূল্যগুলো	1
ঘুড়া	1
সফটওয়্যারটা	1
পরবতি	1
ব্লুকবাস্টারের	1
ম্যাকি	1
শন্ত	1
ম্যাকে	1
জবাবাদিহি	1
পরিকল্পনারই	1
শেয়ারহোল্ডারদের	1
শেয়ারহোল্ডার	1
ধরছিলে	1
দৃশ	1
মার্ভের	1
খুশ	1
আরকেইড	1
টেলিপরটেশন	1
রিকাতে	1
জেলেবন্দি	1
তুমারই	1
ডিস্কে	1
প্রতিবিম্বকরন	1
সিক্রনাইজ	1
যদ্ধা	1
তীব্রতর	1
রেক্টিফায়ারে	1
স্কেজ্যিউল	1
ফাইনার	1
হঠিয়েছেন	1
দারুক	1
অনন্দিত	1
চিৎকারগুলা	1
সাইলেক	1
যেরে	1
অন্তের্বাসী	1
ভিন্টেজ	1
সবচেরে	1
টোলস্টয়	1
ডোস্টয়ভস্কি	1
সমিকরন	1
ক্যাল্টেকে	1
ক্যাল্টেক	1
মার্ভিন	1
কুকুরগুলা	1
স্বপ্নলোক	1
নি্	1
আইসোমরফিক	1
আলগরিদম	1
আয়নাগেরা	1
লড়েন	1
পার্জ	1
ডিস্কই	1
ফলদায়ক	1
বিপ্লবও	1
জড়সড়	1
এলানকে	1
অন্যপাশ	1
ক্লুর	1
কীস্ট্রোক	1
প্রবীণত্ব	1
অনুশরন	1
খুজতেছ	1
সেন্ট্রিরা	1
উৎপত্তিস্থলের	1
রসিকবোধ	1
প্রোগ্রামগুলা	1
বার্টিক	1
ফ্লিনকে	1
নিমন্ত্রণকর্তা	1
প্রাইবেট	1
আসেপাশে	1
তত্যবিজ্ঞে	1
গর্ভিত	1
ডিস্কটা	1
সিমুল্যাশন	1
জেনগুলা	1
কোডটাকে	1
সিকোয়েন্সিং	1
জঠিল	1
আইএসও	1
আইস্কেপগুলা	1
গরিবরা	1
ওয়ারলেস	1
ইন্টারলিঙ্কিং	1
ফিরেন	1
ডুকাটির	1
ডুকল	1
বুঝাপাড়া	1
অখণ্ডনীয়	1
মোঠাশোটা	1
অনুরুধ	1
গুপন	1
আছেও	1
আগডুম	1
বাগডুম	1
অস্বস্তিপূর্ণ	1
আবুইল্লা	1
আঠকাতে	1
খুজেপেলে	1
ভাগলাম	1
গিরে	1
যাচ্চিল	1
ইকুয়েশন	1
ইউজাররা	1
ভ্যাস্ট	1
কর্তব্যনিষ্ট	1
মীরজাফরি	1
কউরা	1
বারটা	1
এগুও	1
কুত্থেকে	1
টারেটে	1
পৌঁছিয়েছি	1
তালুকদার	1
তুষারপাতে	1
হলই	1
গতমাসেই	1
পথিমধ্যেই	1
হোল্ডারকে	1
নিবিনা	1
ঘুচঘুচে	1
টসটসা	1
ভাবসিলাম	1
দেখোনাই	1
দেওনাই	1
ইওনকে	1
ডেক্সিবাপ্রোফেন	1
ডেক্সি	1
শক্তিশালীটা	1
শুওরদের	1
আত্নসমপর্ণ	1
কষ্টভোগ	1
বাঁচবই	1
ভই	1
সায়কভই	1
শসার	1
শুস	1
দালাই	1
গ্রন্থাগারে	1
বিতলামি	1
ক্যাসিনোটি	1
ফ্যার্নাটি	1
নিরামিষাশীদের	1
চাবালেও	1
টার্বোকে	1
আমন্ত্রয়িতা	1
ঠাপাই	1
সাবলীলতা	1
ক্রেটজ	1
ক্রোয়েশিয়া	1
করিদালোস	1
সুপারম্যাক্স	1
লেবোনেট	1
মারসেইল	1
চর্নিয়া	1
চলমি	1
রদ্রিগো	1
দাণিলোঁ	1
ইলিনইস	1
পেনিটেনশিয়ারি	1
কুইনোন্স	1
গর্ডনে	1
ব্যক্তিদেরও	1
চোদনাগুলোরে	1
ঘেরে	1
ক্রেইটজ	1
প্রতিদ্বন্দ্বিতায়	1
রক্ষকরা	1
অগ্নিকুন্ডে	1
গলাবাজিও	1
ফুঁসলালি	1
তাকাসই	1
খোলারও	1
লড়লে	1
কিলাও	1
কুস্তিতেই	1
বাচালেরা	1
টুর্নামেন্টটা	1
বুঝাচ্ছিস	1
চৌকোণা	1
ঘেরেই	1
কবুতরে	1
ছোটোটিকে	1
সেমিফাইনালে	1
কুস	1
আমেরিকানকেও	1
লড়াকুদের	1
মুষ্ঠিযোদ্ধার	1
জঙ্গলটি	1
মরাতেও	1
অক্করে	1
কুইট্টালবাম	1
তেড়ামি	1
যোদ্ধারাই	1
ভিড়েছিস	1
ভিড়েছি	1
সমাপনী	1
কলাম্বিয়ানকে	1
তুললি	1
সমাপনি	1
মুদ্রায়	1
কলাম্বিয়ার	1
প্রত্যুৎপন্ন	1
পলায়নের	1
প্রতিভাকে	1
কোলেস্টেরলের	1
বিহঙ্গ	1
ইউরোপকে	1
অবদমন	1
দারিদ্রতায়	1
পাপমোচন	1
ভাগ্যন্বেষেণের	1
১১৮৪	1
মেষের	1
ক্রসরোডের	1
প্রেতাত্মারাও	1
দরিদ্র্য	1
ধর্মযোদ্ধারা	1
ধর্মালম্বীদের	1
গির্জাটি	1
নতুনেরাও	1
যোদ্ধাই	1
দুটুই	1
ব্ল্যাকস্মিথের	1
চিন্তারোগে	1
ভোগছিল	1
সদুপদেশ	1
অভিজন	1
রাজিদের	1
প্রতিষোধ	1
নাল	1
ধাতবসামগ্রী	1
সৃষ্টিওকর্তা	1
সজ্জনসুলভ	1
প্রতিষ্টা	1
মানুষেজন	1
দুঃসময়েও	1
ইতালিয়ানরা	1
পস্তে	1
ফ্যালকনে	1
অংশটুকুই	1
মনসংযোগ	1
হ্যানরিচ	1
কর্মিরের	1
র‍্যানসনের	1
পদমর্যাদাপ্রাপ্ত	1
পাজরটা	1
মজ্জার	1
মেসিনার	1
ঔরসজাত	1
পোতাশ্রয়	1
ছাঁদের	1
কর্মফলই	1
ক্ষমাশীলতার	1
বন্দরও	1
ত্রাণকর্তার	1
সুব্	1
রাব্বি	1
সুরধ্বনিটা	1
লাঠিই	1
চড়বেন	1
ইবেলিনবাসির	1
সুরিক্ষিত	1
কার্যের	1
উদ্ধেশ্যে	1
উপলব্ধিও	1
মাম্মাদ	1
ফায়েজ	1
মোরব্বি	1
পানীয়র	1
ব্যালিয়ানে	1
ধর্মবিশ্বাস	1
ধর্মবিশ্বাসের	1
ভণ্ডামিকে	1
প্রাণহানী	1
সান্তি	1
চলছেন	1
ধর্মালম্বীদেরকেই	1
মুসলমানেরা	1
বাসীদের	1
ইচ্ছাতেও	1
প্রতক্ষদর্শী	1
জেরুজালেমবাসী	1
ঘোঁচে	1
নির্দেশেই	1
দামেস্কোতেই	1
বাধ্যবাদকতার	1
পানাহার	1
রাজকন্য	1
লোসিগনান	1
সহচরবৃন্দ	1
অনুপস্থিতির	1
রেইনল্ডের	1
বিরাগভাজন	1
সৃষ্টিকারীর	1
সঙ্ঘবদ্ধ	1
চিনেছিলাম	1
কুষ্ঠরোগী	1
বেদুইনরা	1
রাজ্যেবাসীর	1
পদক্ষেপেই	1
শেষটায়	1
যতটুকুই	1
কার্জ	1
শদ্	1
গুণাবলির	1
অমনোনীত	1
উৎকর্ষসাধন	1
অগ্নিনিক্ষেপ	1
ইবেলিনে	1
তীর্থযাত্রার	1
মোসলমান	1
অতিথেয়তা	1
ধৌতকরণ	1
ঐশিক	1
চুনপুটিদের	1
প্রলেপ	1
একাত্বতা	1
আলোকবর্তিকা	1
নাজারাতে	1
কুষ্ট	1
মেথলেহেমকে	1
জিততেও	1
ক্রশচিহ্ন	1
ব্যালিয়ানের	1
দেইনল্ডের	1
সৈন্যসামান্ত	1
অশ্বারোহীদের	1
রেইনল্ডকে	1
চিকিৎসককে	1
শাটীলনের	1
কারাবন্দি	1
প্রাচুর্যতার	1
খ্রিস্টানোরাই	1
বাধাবে	1
রাজপ্রতিভূর	1
বেইরুট	1
যোদ্ধাদেরকে	1
বুঝাপড়ায়	1
ন্যাস্ত	1
বাঁধাব	1
আইনবলে	1
প্রাণবধ	1
যুদ্ধাদেরও	1
সিবিলাকে	1
ঋণবদ্ধ	1
উদ্	1
হ্যানরি	1
বেনেদিচিমোস	1
দোমিনে	1
ঝোপে	1
অভিসন্ধি	1
জিহ্বার	1
চুকচুক	1
অভিলক্ষণ	1
ষোষণা	1
রটণা	1
গুঁজবে	1
সম্পদই	1
লোলন	1
চয়েও	1
ত্রিমূর্তির	1
লুসিগনানকে	1
দামেস্কোতে	1
সমাবেশে	1
অভিজনেরা	1
জেরুজালেমও	1
ধারাবাহিকতাকে	1
পরিষদমণ্ডলীর	1
সুরক্ষাহীন	1
যুদ্ধাদের	1
গৌরবটা	1
পরলোকে	1
বাহকও	1
আদর্শগুলো	1
সাইপ্রাসে	1
টাওয়ারগুলোকে	1
অধিকন্ততু	1
নগরি	1
হারনোর	1
ইহূদিদের	1
যোদ্ধ	1
অ্যালমারিক	1
ইবেলিনবাসী	1
লেবাননে	1
ঈশ্বন	1
ক্রিস্টোফারদের	1
দিকটাতেই	1
সর্বশান্ত	1
আপনাদেরপবিত্র	1
অত্যুসাহী	1
বিপুরীতে	1
বেদুইনের	1
সৈন্যসহ	1
শিশুতে	1
নগরীও	1
ক্রিস্টান	1
সদাচরণ	1
খ্রিস্টানরা	1
মোসলমানকে	1
ত্রিপলির	1
বীরযুদ্ধা	1
পুনঃরুদ্ধারের	1
মরীচিকাই	1
পান্তা	1
ফুরাতো	1
টুকরোটাই	1
আঙুর	1
সূর্যতাপে	1
রাখলেও	1
গলত	1
পন্ডিচেরীর	1
পন্ডিচেরী	1
সিমেন্টগুলোও	1
আসবাবপত্রও	1
প্রখরতাপে	1
ফিকেলগ্রাবার	1
গলবে	1
প্রডনোস	1
স্লাগওয়ার্থ	1
এমনসব	1
কারখানাটি	1
ব্যবসাতে	1
দরজাগুলোতে	1
ঘোলে	1
মাঝরাতেই	1
অসম্ভবটা	1
সম্ভবে	1
পৃথিবীবাসী	1
চকলেটবারের	1
চকলেটবার	1
ক্যান্ডিবার	1
চকলেটবারই	1
প্রচুরহারে	1
নারিকেলও	1
আখরোটও	1
বাদামও	1
ব্রিটলের	1
মিষ্টিও	1
ওমনি	1
ভোটকাই	1
ভয়েকারে	1
রয়শুকারে	1
কয়াকারে	1
মটকুর	1
৩৮১	1
হাঅহ	1
২৬৩	1
চাবক	1
ট্রফিগুলোও	1
কিনলামই	1
অশ্রাব্য	1
কদিনের	1
উর্ধ্বগতিতে	1
বাড়লো	1
টুথপেস্টের	1
বাড়ালো	1
পাতলাই	1
খুলবেই	1
আম্লীগ	1
হাতধুয়ে	1
মনোরোম	1
ঠিক্আছে	1
পোঁড়ার	1
অযোগ্যসব	1
কোর্টগুলো	1
কর্মীগুলোর	1
গরমেই	1
ভেরুকা	1
ভরভর	1
পাকাও	1
নদীটার	1
ঝরনাটাও	1
মাঠটাই	1
নরমাংসভক্ষণ	1
আধুনিকতায়	1
সামাজিকভাবেও	1
লোম্পাল্যান্ড	1
লোম্পাল্যান্ডে	1
শুয়োপোকা	1
মিশাত	1
বাকল	1
খাদ্যটি	1
বিনের	1
মজুরিও	1
উলু	1
উকুনের	1
ভালোরাও	1
কোটেট	1
কিনবেই	1
উলুধ্বনি	1
ব্যারেলে	1
ঘুতিয়ে	1
অচিন্তিত	1
কিনিস	1
এন্ডরফিন	1
বলেনই	1
খিদেতে	1
ঝরনাটা	1
চকলেটকে	1
মিশায়	1
ভুলতাম	1
পিচকী	1
দাঁতকে	1
ফুলস্পিডে	1
আদ্রতা	1
কোনোকিছুতে	1
চাবানোর	1
বাউন্ডুলেরা	1
লোকসঙ্গীত	1
মটরবাইকাররা	1
নির্লজ্জরা	1
মিশ্রণটা	1
তিনবেলার	1
চাবানোতে	1
বিশ্বরেকর্ড	1
রোস্টের	1
চাবাচ্ছে	1
নাকটাতো	1
ভায়োলেটই	1
মিঠাইয়ের	1
বেরীকে	1
প্রতিদ্বন্দিতা	1
চাবিয়েই	1
মাড়ি	1
চোঁয়াল	1
চাবানি	1
জিহ্ববা	1
পাম্পারে	1
হাঁটত	1
রঙেই	1
চাবালে	1
হ্যাভারম্যাক্স	1
কাঠবিড়ালীগুলো	1
কাঠবিড়ালীই	1
সুপারীটা	1
টাট্টুঘোড়া	1
প্যারাকিটস	1
ক্যানারিস	1
চাইই	1
কাঠবিড়ালীদের	1
সুপারীটাও	1
সুপারীগুলো	1
গারবেজের	1
নালাটা	1
ইনসিনেরেটর	1
মঙ্গলবারেই	1
মাছেরই	1
চাবাত	1
সাবাড়	1
সিন্ধু	1
ইনসিনেরেটরটা	1
লিফটটা	1
ওঠানামার	1
এ্যাডমিনিস্ট্রেশন	1
লক্ষ্যহীনভাবে	1
বারাভিয়ায়	1
মুভিতেও	1
অক্ষিগোলক	1
কোনোদিকেই	1
কণার	1
চকলেটটাই	1
শার্পনার	1
মরছেন	1
হাড়গোড়ও	1
বাচ্চাদে	1
সেখানো	1
অসম্ভবভাবে	1
আরগুলোর	1
দ্রুতগতি	1
চেটো	1
চুঙ্গি	1
ছেড়েছিলেন	1
চকলেটিয়ারের	1
ফলাফলও	1
একবা	1
ফুঁটোগুলো	1
কাটালো	1
চকলেটম্যানের	1
ওয়েন্ডেল	1
অল্টার	1
বাইকাসপিড	1
ফ্লস	1
রাজবেরী	1
যষ্টিমধুর	1
তুরস্কের	1
সাদোরে	1
প্র‍্যাক্টিস	1
আয়সুনের	1
আয়সুন	1
লিলিপুটগুলোকে	1
সাত্থে	1
গালিভার	1
আলিশ	1
ঘুমোলো	1
বেগুন	1
কাঁচামরিচ	1
গ্রীষ্মকালই	1
দেমাগের	1
রেকর্ডারই	1
বাজালেন	1
হ্যানত্যান	1
আহম্মকের	1
বদ্রামে	1
ডেনিজকেও	1
মিটবল	1
দুষ্টুমিটুকুও	1
মাসেরটা	1
৮০টার	1
ইন্ডিয়ানস	1
ডেনিসের	1
বুঝলেও	1
দাদাভাইকে	1
দাদাভাইদের	1
ঢুকেই	1
চিকোরি	1
বরবটিও	1
খালাম্মাকে	1
বিনেপয়সায়	1
বেরুচ্ছেন	1
হতচ্ছাড়াটা	1
কানমলা	1
খাওতো	1
করোনাতো	1
হানিফ	1
ছেলেপেলেরাই	1
খাটাচ্ছো	1
জামাইটা	1
ষোলোকলায়	1
খালাম্মারই	1
কয়েকবারই	1
কনিষ্ঠতম	1
খাওয়িয়ে	1
রয়েসয়েই	1
রয়েসয়ে	1
গোঁয়ার	1
সাতপাঁচ	1
অনেকবছর	1
বকবকে	1
প্রথমদিনই	1
ঘুমোবেনা	1
ফাতেমার	1
খেওনাতো	1
নাতিটার	1
হুসেন	1
আঘা	1
বকবিনা	1
গোলামিগুলো	1
টাকাপয়সাই	1
কৃষিতেই	1
ডেনিজও	1
হাঁড়িতে	1
সকালই	1
ঘুমোক	1
ঘোড়ারাতো	1
বিঁধালে	1
লিউকের	1
পালাচ্ছেন	1
নামছিনা	1
হানিফরা	1
সালিমকে	1
হাট্টিমাটিম	1
আসসালামুআলাইকুম	1
টই	1
সেগুলের	1
চিল্লাচ্ছেন	1
বসছেননা	1
পণ্ডিতি	1
বন্ধুবান্ধবরা	1
দাদুদের	1
বলরে	1
এগাছ	1
ওগাছে	1
লাফাতি	1
এতটুকুন	1
শৈশবকালে	1
ঢঙ্গী	1
নিবোনে	1
পত্রিকাও	1
তোরটাকেও	1
বাপই	1
ট্যাক্সাস	1
টমিসের	1
জন্মভূমিকে	1
ভরেছিস	1
খডকুটোয়	1
বিরগুল	1
গাপুস	1
গুপুস	1
ফুলগাছে	1
লেখাগুলোতো	1
এইকথা	1
প্রতিদানই	1
এযুগে	1
গড়ানোর	1
মাঝনদীতে	1
টিকতেও	1
উচ্চমার্গীয়	1
বুদ্ধিজীবীরা	1
ভাইজানদের	1
রাতটার	1
উচ্যবাচ্যও	1
চাওয়ি	1
ট্রাক্টরের	1
চাচ্চুদের	1
নেনে	1
হাতুন	1
শত্রুতের	1
ইঞ্জিনারিং	1
বিরগুলকে	1
বিরগুলের	1
চলতোই	1
বিল্পবী	1
বন্ধুবান্ধবেরা	1
বিজ্ঞাপনী	1
কার্যোদ্ধারের	1
বেলাইনে	1
উঠাটা	1
থাকছোনা	1
ঘেঁষছে	1
সাকিনের	1
রেস্টুরেন্টটায়	1
গুলিওনা	1
ঔষধপত্রও	1
কায়সেরি	1
ওভারটেক	1
বাঁদরামো	1
ঠান্ডাই	1
ড্রয়ারটায়	1
এইটায়	1
আমিওতো	1
কিথা	1
বাগানটাকে	1
কিসমিসের	1
বদলাবোনা	1
মেহমেতকে	1
মেহমেত	1
ক্যানার	1
থামাতাম	1
মরবেতো	1
কলারটা	1
বেঁধেছো	1
ক্রোয়েসাসের	1
বিছে	1
হাঁসবিনা	1
হাঁসিনি	1
আসবেতো	1
নেউ	1
ছানার	1
লক্ষীসোনা	1
বোনেরাও	1
প্রথমদিনে	1
পড়াবেনা	1
তাকাবো	1
লোকটাতো	1
উড়ুক	1
গোপনকক্ষে	1
ওসমানকে	1
ভিজবোনা	1
সোনামানিকটা	1
ফিল্মই	1
সুপারহিরোকে	1
টাট্টুঘোড়ার	1
ঝাঁপাঝাঁপি	1
গড়বি	1
ক্যানিকে	1
সাফারি	1
ম্যাকেঞ্জির	1
কাহিনীতেই	1
বুনোহাঁস	1
অর্থায়ন	1
দুধওয়ালীরাও	1
দুধওয়ালী	1
চাকমা	1
মারমা	1
সাঁওতাল	1
আদিবাসি	1
সত্যজিৎ	1
চলচ্চিত্রকারদের	1
এলকোহলবিহীন	1
ব্যবসাসফল	1
আত্মতুষ্টিসম্পন্ন	1
প্রাণীজগতের	1
ফুটেজগুলো	1
প্রযোজকরা	1
মুদ্রাও	1
ল্যাবেল	1
লেমোনেড	1
মরিনকে	1
মিথ্যেটুকু	1
হোতো	1
হ্যারলোর	1
ম্যারনা	1
ম্যাই	1
ফ্যাই	1
ঊপায়	1
পয়সাটি	1
রাশভারী	1
চলচ্চিত্রকার	1
সমুদ্রগামী	1
হ্যাংলা	1
নিয়তিনির্দিষ্ট	1
কাঁদাতে	1
পাণ্ডুলিপিটি	1
যন্তপাতি	1
ঘুছিয়ে	1
পূর্ণদৈর্ঘ্য	1
মধ্যভাগ	1
চলচ্চিত্রেই	1
খড়কুটো	1
অপসারণযোগ্য	1
প্রানিই	1
ঢুকবেন	1
শিম্পাঞ্জীর	1
শুধরাতে	1
গুরুত্তসহকারে	1
প্রীত	1
সীগাল	1
আলুভাজি	1
গণমানুষের	1
টলমলভাবে	1
ছোঁরা	1
অবশ্যাম্ভাবি	1
নবাগতা	1
ছোঁরাটি	1
স্রোতধারার	1
মার্ক্সবাদী	1
অথৈ	1
তুলতেই	1
সমুদ্রযাত্রিকে	1
সুমাত্রার	1
সমুদ্রযাত্রিটি	1
পশুও	1
বিরাটাকার	1
ছুরিবিদ্ধ	1
রেঙ্গুনে	1
ফ্যাথমেও	1
নেভাচ্ছি	1
শিলাখন্ড	1
পাথরখন্ডে	1
সমুদ্রাভিযানে	1
দৈত্যেকে	1
খাঁচাবন্দী	1
দৌত্য	1
জনমানবশূন্য	1
চিবুতে	1
তেপায়া	1
এঙ্গেলটাই	1
কঙ্কালস্থান	1
প্রাণীরই	1
তাঁকেই	1
তেপায়াটি	1
হার্বার্ট	1
প্রচর	1
এঙ্গলহর্ন	1
ড্যারোকে	1
ব্যাক্তিত্ব	1
এপিঠ	1
ওপিঠ	1
ব্যাক্সটারকেও	1
ইয়ত্তা	1
চলবেই	1
শুকাচ্ছি	1
দিচ্চি	1
ক্লোরোফর্ম	1
ব্রীজটি	1
জেলম্যান	1
আঙ্গুরগুলো	1
মূর্খতাপূর্ণ	1
নমুনাস্বরূপ	1
আরবীয়	1
সৌন্দর্যমণ্ডিত	1
চেহারাটি	1
শিকলগুলো	1
ক্র্যাংকটি	1
মিলনায়তনে	1
ব্যাক্সটারের	1
তরুণীর	1
গরিলা	1
হাবাগোবা	1
সৌন্দর্যই	1
কুম্ভকর্ণের	1
টগবগে	1
মালেট	1
মোরান	1
বুলগেরিওয়ালাদের	1
হুড়ে	1
খেলোয়াড়ই	1
পোর্টকিতে	1
মর্সমর্ড্রে	1
ক্রচ	1
ল্যাকটোগাম	1
মন্ত্রণালয়ও	1
হগওয়ার্টসকে	1
মেজবানি	1
শিক্ষার্থীকেই	1
উত্তরপ্রদেশ	1
ইনস্টিটিউটের	1
কারকারোফকে	1
কোরবেন	1
গেমকিপার	1
বার্তেমিয়াস	1
বেতমিজ	1
মোড়ার	1
আ্যলাস্টার	1
অক্ষমণীয়	1
ইমপেরিয়াস	1
ইঙ্গোরজিও	1
ইমপেরিও	1
দূরস্থ	1
জিনিয়াসকে	1
সেড্রিক	1
সাহসিকাতের	1
ক্ষমতাধারী	1
মোড়তে	1
হলার	1
স্কিটার	1
মাংসপেশির	1
পাঠকরাও	1
ঝাড়ুর	1
হেডউইগকে	1
এতটকু	1
মানুষতা	1
ফায়ারে	1
কারকারফ	1
লকসের	1
পার্বতিকে	1
রোনাল্ডকে	1
আঁচড়িয়েছি	1
ওলায়ম্প	1
ড্রাগন্স	1
শুনলইনা	1
খুবে	1
বেজি	1
ফ্যো	1
বাঁশিকে	1
কারকারোফের	1
আঠামাখা	1
ফায়রবল	1
ডিমে	1
আকিও	1
বোনেট	1
পরছিনা	1
এলোইজ	1
মিডজেনের	1
গর্জিয়ে	1
নেভিলও	1
আ্যঞ্জেলিনা	1
লেস	1
কোম	1
ঢঙ্গিনী	1
আন্তঃরাষ্ট্রীয়	1
বন্ধুত্বই	1
তুমিডিমের	1
গঠনই	1
খুলতাম	1
সাঁতরাচ্ছিলাম	1
পলিজুশ	1
ঝিল	1
থেকেছিলে	1
টাস্কের	1
গোশাকের	1
পীরবাবা	1
তিব্বতি	1
হারমায়োনিরও	1
বক্সবেটনের	1
অংশগ্রহণকারী	1
আ্যসেনডিও	1
দ্বিতীয়তম	1
নৈতিকবান	1
বার্টিমিয়াস	1
ছেলেতা	1
নেতারাই	1
কারকারোফ	1
রোজিয়ার	1
ইটারের	1
ঔৎসুক্য	1
পেনসিভ	1
স্মৃতিপাত্র	1
ভেরিটাসিরাম	1
সোনরাস	1
শ্বাপদসংকুল	1
একাজায়গায়	1
রশ্নি	1
জলদৈত্য	1
পারিকুলাম	1
পুনরাবির্ভাব	1
গতকালেরই	1
ম্যাকনেয়ার	1
ধনুবাদ	1
ঝুকাও	1
এক্সপেলিআ	1
পোর্টিকির	1
আ্যকিও	1
খামুশ	1
মেহনতি	1
ভাষাভাষীর	1
প্রিয়রি	1
ইনক্যানটাটম	1
অবরোহী	1
আপনমনে	1
ঐরাতে	1
মন্ত্রই	1
জেব্রাকে	1
নীলাকাশে	1
জেব্রার	1
এনিমেল	1
প্ল্যানেটে	1
অ্যান্টার্কটিকায়	1
মলাশয়	1
ডেঙ্গুজ্বর	1
কহে	1
ছাড়িয়া	1
ওপারেতে	1
ঘুমটাই	1
গ্রাম্পি	1
স্ট্রাইপ্স	1
ফিফ্	1
চেঁচাতে	1
চুষছ	1
ইনফেকশনের	1
মাইগ্রেশন	1
সেন্ট্রালও	1
লোকালে	1
চ্যাতা	1
বুঝছেনা	1
গোল্ডবার্গের	1
মেলম্যানকে	1
দুগ্ধপায়ী	1
কেনিয়াতে	1
বন্যপ্রাণী	1
ডিব্বাটাকে	1
গেলম্যান	1
রেগিস	1
মেথোর	1
ভাইদেরকেও	1
লেম	1
অপ্রাকৃতিক	1
স্ন্যাক্স	1
থার্টিন	1
তাড়িয়েছেন	1
হুসা	1
গাইবি	1
হেসোনা	1
বাড়াব	1
দেখবিনা	1
দোর	1
ঘুমুচ্ছিলে	1
স্বর্গোদ্যানে	1
দৌড়ায়না	1
কামড়াচ্ছিস	1
কামড়াইনি	1
মেলম্যানের	1
স্যুভেনির	1
টিকটিকিও	1
শাখাকে	1
এশিয়ায়	1
এবালোন	1
হীসোকে	1
বুলাবে	1
হীসোর	1
ছেলেরাও	1
প্যাঁচাইয়েন	1
ঝুলায়া	1
সামসেয়াংগো	1
বাতিটার	1
হেনস্তা	1
সাকের	1
সেউন	1
সামসেওঙ্গেও	1
ব্যপারটাই	1
কে্নো	1
কো্নো	1
খোরা	1
আস্তো	1
দ্যাখ্	1
গাইয়ুংসানের	1
অস্রটা	1
স্টেকিন	1
কেজিবির	1
তরপর	1
নিছিলি	1
কাঁদছিলে	1
গুণেছিলাম	1
ডুকার্ড	1
গুলের	1
শিহরে	1
ব্যাক্তিতে	1
উদ্গত	1
অ্যাম্বুলেন্সের	1
তয়ামকে	1
দ্রুততা	1
নিনজিৎসু	1
খুনিতে	1
কনডেন্সড	1
দারিদ্রতার	1
ভীতির	1
চাকরটার	1
শুনিয়েছিল	1
থাকছিলে	1
ক্রোধকে	1
ঢাকিতে	1
এইলোকদের	1
এন্টারপ্রাজের	1
দিওয়ালা	1
ধনীরাও	1
ব্যাক্তিত্ত	1
পাগলাগারদই	1
ড্যসকে	1
বাদুড়টা	1
বানানোকে	1
বানাতনা	1
গ্র্যাপল	1
মনোফিলামেন্ট	1
পাসলা	1
নোমেক্স	1
সার্ভাইভল	1
ফৌজদের	1
কেভলার	1
বাইওয়েভ	1
তলোয়ারও	1
কোনটাতে	1
গোলামদের	1
ফ্যাডেনকে	1
ওজনে	1
আফটারবার্নার	1
ডিসএঙ্গেজড্	1
শিপমেন্টের	1
লুটেপুটে	1
গ্রাফাইট	1
দুশমনরাও	1
ন্যারোওয়ালাদের	1
এইবারো	1
পাবলিসিটি	1
ব্যাটের	1
কসমও	1
বাদুড়রা	1
বাদুড়রাও	1
ঘুমানোটা	1
পোলোর	1
হিরোইনদের	1
কোস্টগার্ড	1
মাইক্রোয়েভ	1
হাতিয়ারো	1
গ্যরেজে	1
ফ্যালকনিকে	1
আরখামে	1
দুইভাগে	1
কনটেইনার	1
ফক্সকে	1
রিসেপ্টর	1
ক্যাটালিস্টকে	1
ন্যারোসে	1
বড়লোকেরা	1
মস্তিষ্কই	1
মস্তিষ্কওয়ালারাই	1
সাইকোট্রপিক	1
টক্সিক	1
মর্যাদাটা	1
ওয়াটাই	1
মাইক্রোওয়েভার	1
আপনেক	1
ডিল্যান	1
ব্যাক্তিত্তে	1
শুঝিয়ে	1
খাদকের	1
গোথামবাসীর	1
মধ্যেখানে	1
গোথামবাসীকে	1
বিগ্রেডের	1
মনোরেল	1
সর্বানাশা	1
ট্রেনপথে	1
নাটূকেপনার	1
হাবের	1
পর্যন	1
চ্যারিটি	1
উঠিয়েছিলাম	1
ডানদিকেটা	1
টেকনোলোজির	1
আহসা	1
সোহ	1
সোহা	1
ন্যুড	1
সীনে	1
প্রাপ্তবয়স্করাই	1
বাইকও	1
স্থলপথ	1
আলবেনিয়ার	1
পিনো	1
রাষ্ট্রদূতদের	1
কাস্টমাইজ	1
রেসারদের	1
আগোস্তিনো	1
টনিও	1
আন্ডাবাচ্চা	1
স্ট্যাপ্লার	1
ভচকাইয়া	1
ফালাইতাম	1
সততাকে	1
মাইয়াগোরে	1
ম্যালেনারা	1
পাঠাইব	1
করসিলেন	1
লাফাইয়া	1
এইরাম	1
কুপাইয়া	1
মাপামাপি	1
ধুরুব্বাল	1
ছাতারমাথা	1
কারোরটাই	1
পলাইতাসে	1
মেসিডোনিয়া	1
হারামজ্জাদার	1
বাবুসাহেব	1
পালাইলেন	1
পিটাইতাম	1
পোলাপানদের	1
কাটছাঁট	1
বানানোটা	1
বুঝতেসোনা	1
বুঝমু	1
সেক্রেটারিরে	1
এক্সারসাইজে	1
বুমমমমমম	1
টমস্যা	1
পাঠিয়েই	1
পরকিয়া	1
হারাইয়া	1
যাইসনা	1
উল্টাইয়া	1
মরনিং	1
আমোরোসো	1
কস্তানজা	1
উরুসন্ধিতে	1
দর্জিগিরি	1
বাটপারনি	1
বউটাও	1
প্রকাশ্যেই	1
পালেরমোতে	1
কমিউনিকেট	1
যুদ্ধযানের	1
ইয়্যু	1
হারামজাদাআআআআ	1
স্করদিয়ার	1
ম্যাডালোনার	1
জুটাইয়া	1
ফতীত	1
কইরাই	1
ফেন্টিস্ট	1
খুব্বি	1
কাতানিয়ার	1
রাইখাদেই	1
দেখতেসোস	1
বালপাকনার	1
তালপাকনা	1
বুজছোস	1
দেখাইতেসি	1
খাইতেসেনা	1
ইউনিয়নেরও	1
ফ্যাসিবাদীরা	1
ভিট্টোরিও	1
সিকো	1
পকেটটা	1
সিলাইলে	1
সিলাইয়া	1
পকেটই	1
থাকলোনা	1
টরলো	1
শালার্পুত	1
বাইড়াইয়া	1
ফইন্নির্পুত	1
বাইনটোস্ট	1
গর্তওয়ালি	1
ম্যালেনাই	1
লেফটেন্যান্টের	1
মোচড়ামুচড়ি	1
নোটারিতে	1
বুইড়াকে	1
সেন্ত্রোবির	1
কুসিমানোকে	1
ডিউসের	1
যৌনলালসা	1
অপরাধঃ	1
তর্কযুদ্ধের	1
আফ্রিকাকে	1
বাদামগুলো	1
খুউউউবি	1
ভালোবাসলেই	1
সেন্ত্রোবিকে	1
পাঁঠার	1
প্লাসিদো	1
ফুদ্ধ	1
কুলাঙ্গারের	1
বোকাস্টুদা	1
করাইয়া	1
কাওরে	1
এন্টনিও	1
রুটিগুলো	1
ইনিতো	1
বনসিগনোরে	1
সেলভেতোরে	1
এন্টিনিও	1
নাৎসিরা	1
চুলগুলারে	1
চাইতেসে	1
এক্ষনই	1
ফালাই	1
জীম	1
আছড়	1
মাইকেলেঞ্জেলোর	1
মুর্তির	1
দিতেসো	1
মুর্খের	1
আঙ্কেলরেও	1
ঝাড়সে	1
ম্যাশিনও	1
মাগীরে	1
জামাইদের	1
ওরেতো	1
গিউভানি	1
মাকককখননন	1
কফিওয়ালা	1
কাপগুলো	1
ফ্যাসিবাদীদের	1
পতিতাপল্লিতে	1
সিগনোর	1
ভালোবেসেছিলেন	1
উড়োচিঠিতে	1
জর্জিও	1
মোটাও	1
৩০৮	1
লোনস	1
গ্রামছাড়া	1
আণ্ডার	1
বিল্ডিংটাও	1
স্যালভিয়া	1
ওরেত্তেরি	1
গিউন	1
কিপ্টামি	1
খাবোই	1
সুনীল	1
৫২৫	1
হজমের	1
বন্ধুহীন	1
ইনস্ট্যান্ট	1
গ্লুকোসিল	1
স্টেভিয়া	1
ন্যুডুলস	1
লোভটা	1
সারও	1
লুজ	1
ভালমতন	1
ভরায়ে	1
মশার	1
সাম্পান	1
পিঁয়াজের	1
চারপাসে	1
সাদকাহ	1
সাহবীরা	1
পাওয়ামাত্রই	1
মদিনার	1
আখিরাতকে	1
প্রয়োজনিয়	1
শেষভাগে	1
উদাহারন	1
ঘটুনার	1
ভাঁড়ারটা	1
মাতালেও	1
ভিখারিই	1
ক্যানারসির	1
ট্যাক্সিস্ট্যান্ড	1
পিজেরিয়া	1
নেইবারহুডের	1
খাটত	1
সিসেরোরা	1
ছেলেটিই	1
চেড়ে	1
৫১৯	1
রাগতেন	1
মারও	1
ট্রুটান্ট	1
মিকিকে	1
উনিয়নের	1
লেভেলর	1
ট্রিবিউট	1
আমেরিকাতেও	1
ড্রাইভওয়েতে	1
প্রাপ্তবয়স্কদের	1
সেবারই	1
এ্যাপ্রন	1
অ্যাপালেচিয়ানদের	1
কনওয়েনকে	1
ততদিনেই	1
দারোয়ানকে	1
ডিলারকে	1
হাইজ্যাকর	1
ব্লেরেডের	1
চিংড়িই	1
জেন্ট	1
লাকস	1
পালমাল	1
ডকেট	1
আইডিয়াল	1
বান্ধবরা	1
লাইন্স	1
স্টিবল	1
কারবন	1
উয়াপ	1
বলসের	1
ফ্রাঞ্জিস	1
গরমকাল	1
সার্ভিসম্যানরা	1
উইকেন্ডের	1
সিকককাসের	1
ভোঁভোঁ	1
মানুষটাও	1
আরকী	1
আকিকার	1
লেআউটটা	1
মুক্তোর	1
সেফও	1
ব্লেস	1
পলিও	1
যুগেও	1
বেরোয়নি	1
ইহুদীটাকে	1
কাঙ্গালের	1
কাড়তে	1
নড়াচ্ছিল	1
ম্যানিশেউজের	1
প্রেফার	1
মেয়েটারই	1
ভালি	1
শুক্রবারেই	1
ক্রসটা	1
কনস্ট্রাকশনে	1
কন্সট্রাকশনে	1
কোপাকাবানা	1
কমেডির	1
হেনি	1
এনিভার্সেরিতে	1
ওয়েসলার	1
বেরয়ে	1
পারসোনালাইজ	1
ক্লেভল্যান্ড	1
ভিগোরিশের	1
ডিমান্ডের	1
কোনওয়ের	1
লাখোবার	1
কমার্শিয়ালের	1
লুকাইনি	1
ভাইয়েদের	1
জুনিয়ারের	1
ইতালিয়ানই	1
এনভেলপের	1
আধবার	1
জড়িও	1
খায়ও	1
খাটুনে	1
হসটেস	1
আনগি	1
ভিনিকে	1
কুলাঙ্গারটাকে	1
হ্যাটাক	1
শ্মশানে	1
সেইন্টকে	1
মাখতোও	1
নাইটি	1
সিলভেস্ট্রি	1
সার্চে	1
ওয়ারন্টে	1
হ্যান্ডবিল	1
গৃহিণী	1
কনওয়ের	1
মেঝেতেই	1
এনিভার্সেরি	1
ব্যাপ্টিজম	1
গর্দানের	1
গ্যাংস্টারকে	1
ম্যানই	1
সেলিব্রেশন	1
জয়েন্টটা	1
আহাম্মকটার	1
শাইন	1
ভোঁদাইয়ের	1
পোঁদের	1
আপস্টেটে	1
জাগিও	1
শিশার	1
কান্ট্রির	1
থাবাটা	1
খুর	1
গ্রিলে	1
কমপারেস	1
ঠকিয়েছে	1
ইতালীয়তে	1
কুরনাটো	1
কন্টেটো	1
খুনই	1
বেড়িয়েছেন	1
বেরোত	1
গামবিনো	1
ক্রুর	1
কোপায়	1
রূপায়নের	1
কোলকে	1
আঙ্কলকেও	1
ব্যাটসকে	1
আপস্টেটের	1
স্কাঙ্ককে	1
জেনিসকে	1
স্যুইটের	1
আসবাব	1
ভালেন্সিয়ার	1
সিয়াম	1
এঘরেই	1
খিদেই	1
তোতলাচ্ছি	1
স্টেপিন	1
ফেচিটের	1
হাঁটিস	1
বোগার্টটা	1
ওয়াগনগুলো	1
কেসির	1
এনাফ	1
সিম্প্যাথির	1
সমীহ	1
রাঙানি	1
মিরজাফর	1
গিড়ি	1
খুঁড়বি	1
কোদালগুলো	1
সুপারিন্টেনডেন্ট	1
নাঙ	1
স্যারি	1
হিস্টিরিয়ার	1
রোমান্সের	1
টম্পায়	1
লোকেকে	1
ধরিয়েছিল	1
অ্যাটোর্নি	1
খেটেছিল	1
প্যানে	1
মিটবলে	1
পেয়াজের	1
সসে	1
ডিও	1
ব্রইলার	1
প্যানেই	1
রাঁধত	1
গারদের	1
জয়েন্টের	1
নালিশও	1
সেপাইটা	1
প্রোসিকুটো	1
উইকেন্ড	1
রোমিওর	1
ওয়েলফেয়ার	1
পলিকেও	1
রসিকে	1
গোজার	1
অবর্জনার	1
আামি	1
রাখোতে	1
গ্রিবস	1
বেচছিল	1
মেশাত	1
টেনেই	1
পিটবার্গের	1
কনওয়ে	1
দেয়ালটার	1
ইলেক্ট্রিশিয়ানরা	1
ইম্পোর্টেড	1
ঝরাচ্ছি	1
আঁখের	1
গোছাচ্ছি	1
কারবোন	1
ফেঞ্চি	1
রোস্টবিফ	1
এডওয়ার্ডও	1
লোয়েস	1
বার্ডও	1
ডেইরড্রার	1
ডিশওয়াশার	1
পাউডারগুলো	1
রেইডে	1
জেএফকের	1
জিনিয়াসটাকে	1
কুপে	1
রাগছি	1
টানাবে	1
ভোম্বলদাস	1
ক্যাডি	1
মিঙ্ক	1
রিলাক্সই	1
কোটই	1
জুডি	1
আউটফিটটা	1
হানুকাহ	1
রেডিই	1
সোনাবন্ধুকে	1
জানাজাতেও	1
পটটা	1
ট্রাকটার	1
যাবেটা	1
ইতালিয়ানের	1
খাঁড়িতে	1
হাইজ্যাকার	1
অশান্তিতে	1
বলতামও	1
ডিশেস	1
কাটায়নি	1
কানেকশনের	1
কামাচ্ছিল	1
কারবোনকে	1
মিটতে	1
সমারোহের	1
গুডফেলাস	1
স্বজনকে	1
আমারএ	1
নিয়েকিছুইকরারছিলনা	1
ইতালীয়দের	1
লোয়িসের	1
গুডবাইও	1
মুড়িঘণ্ট	1
শোয়াতে	1
কারেনকে	1
শ্যাঙ্ক	1
মাইলেকের	1
বরবটির	1
আপেটাইজার	1
লোয়েসের	1
চাচুর	1
লোয়িসেরযাত্রারজন্যরেডিকরতে	1
প্যাকেজগুলো	1
কুইনাইন	1
লয়েসকে	1
ছেঁড়	1
খ্যাঁত	1
লয়েসের	1
গ্রেভিতে	1
টেপিং	1
নারকোটিক	1
সাঙ্গপাঙ্গরা	1
গ্রোসারির	1
আটিকায়	1
মিটামাট	1
জমের	1
ভরসাতেই	1
ডাইর	1
গুমোর	1
টেপগুলো	1
কনওয়েকে	1
নামেরও	1
সিসেরোকে	1
বৌল	1
ইঁদুরেরা	1
অবকেশন	1
সাস্টেইনড	1
শার্কে	1
মারিনারা	1
এগ	1
পড়তা	1
জন্মাবার	1
দ্বিতীয়টা	1
গেছো	1
হাতিরঝিল	1
ডিকের	1
জবাবই	1
আবেগজাতীয়	1
ডিপ্রেশন	1
স্টেব	1
প্র্শ্ন	1
শিখলা	1
নির্জিব	1
ভিসিটরদের	1
কোম্পানীটিতে	1
স্নায়ুর	1
রিভউ	1
গেলেরিয়ার	1
গেলেরিয়া	1
স্ট্রু	1
কর্মকর্তাকে	1
নিকারাগুয়া	1
টুপিওয়ালা	1
অনায়েসে	1
জানতো	1
টারমিনিটর	1
স্বাক্ষাতের	1
আবর্জনাগুলো	1
খুলো	1
শারীরের	1
জালতি	1
অটমেটিক	1
কভারট	1
ডাম্পিং	1
এসেম্বলিটা	1
বালো	1
চোয়ালটা	1
সু্ন্দর	1
ড্র্যাগ	1
লোকটার	1
স্পেসাল	1
রিভলোটরি	1
বোম্বাররাও	1
জনহীন	1
রাশিয়ার	1
সুপারকন্ডাক্টিং	1
দেখাইছ	1
স্টার্টরটা	1
গৎবাধা	1
শিখাতো	1
সময়ই	1
স্কু	1
কাদো	1
প্রবলেমো	1
ছেড়েও	1
পস্তুত	1
মেশিনটাই	1
স্থিরমস্তিস্কের	1
কৌশলগতভাবে	1
ডাইসনকে	1
শিখোনি	1
এসেছো	1
লেডিসরা	1
সৃষ্টিশীল	1
প্রসেসরটা	1
চিহ্নহীন	1
দেখাবো	1
নিয়মটা	1
ভাববেও	1
গিবনস	1
২১১	1
২১৪৪	1
২১১১	1
রাজারবাগের	1
পড়ো	1
হাসতা	1
শটগানটা	1
ডাকো	1
চিপটি	1
ছুয়ে	1
কাউফডকে	1
জলপ্রপাতের	1
ভারাপিত	1
অপরাধতত্ত্বের	1
গ্র্যাজুউয়েট	1
রেজিনগার	1
বিহেভিয়রাল	1
সাইয়েন্স	1
আচারগত	1
সাবজেক্টটা	1
প্রশ্নবলী	1
ব্যাধিগ্রস্ত	1
নিয়নগুলো	1
স্টেপলার	1
ডিসপেনস্যারিতে	1
মুখপাত্রকে	1
ইকেজে	1
সেলগুলোর	1
গুণান্বিত	1
ইভিয়েন	1
ডিউমো	1
ফ্লোরেন্স	1
প্রশ্নাবলীর	1
প্রশ্নাবলী	1
নিউজপেপার	1
ক্যানাস	1
তীক্ষ্ণবুদ্ধি	1
কিলাররা	1
অস্থিমজ্জাকে	1
স্বরভঙ্গিই	1
ল্যাম্পে	1
ছড়াতেন	1
উপলব্ধিশক্তি	1
লেখাগুলোর	1
হ্যানিব্যাল	1
মফেটকে	1
অন্তর্ভুক্তি	1
৪০৪	1
অদেলিয়া	1
শাস্তা	1
অ্যাপয়ন্টমেন্ট	1
জীবনকালে	1
বিচিত্রটা	1
মনচক্ষু	1
গসপেল	1
ট্র্যান্সফরমেসন	1
ইনস্টিটিউশন	1
মনস্তাতাত্ত্বিক	1
সিনডি	1
কাউফডের	1
জাতিগোত্তের	1
প্রবাহতাড়িত	1
সুক্ষ্মদর্শীসম্পন্ন	1
তাৎক্ষনিকভাবে	1
ট্রেরি	1
আপানকে	1
অ্যাটার্নি	1
জেনারালের	1
একিন	1
লামারকে	1
ডেট্রইয়েট	1
এলিক	1
ক্লাস্টিসটনে	1
আঙ্গুলগুলোতে	1
ছবিগুলোকে	1
ফ্যাক্সের	1
ছাড়পোকার	1
উল্টালে	1
হত্যাকাণ্ডকে	1
শেপের	1
শেরীফকে	1
পোস্টমটেম	1
বংশবৃদ্ধির	1
পোকাগুলো	1
পিএইচডি	1
শুঁয়োপোকার	1
পিলচার	1
মদ্যপানের	1
রডেন	1
একোরোটিক্সস	1
অ্যামেরিকাতে	1
ডনা	1
ফিরুকী	1
লাংহর্ন	1
টেনসিনের	1
ভারমন্ট	1
জম্নদাতা	1
বিশ্ববাসীকে	1
রাসপেলের	1
ভিএ	1
অনিদা	1
বইগুলোর	1
সেন্টমার্টিনে	1
এসডাবেলইউএটি	1
পরিবর্তনযোগ্য	1
ডিজীজ	1
ড্রাগষ্টোরের	1
প্রণোদিতভাবে	1
রেশমকীট	1
রাসপালের	1
গুটিপোকাতে	1
পিউপাতে	1
বিলিও	1
ভাইয়লেন্সের	1
হাজব্যান্ডের	1
মেনিসোটা	1
কলম্বিয়াস	1
আপ্লাই	1
ভাইওলেন্সের	1
মুক্তিপনই	1
মাটিনের	1
মাটিন	1
ব্রুশি	1
সেনেটরকে	1
চেলেছিলাম	1
ক্রেনডার	1
নিপল	1
বদমাশইকে	1
ফিলাডেলফিয়াতে	1
ব্রেকথ্রু	1
ফ্রেডিক	1
চিলটনের	1
কড়াকড়ি	1
ভ্যামপায়ার	1
তোমদের	1
অ্যান্থ্রাক্স	1
সালফাইডও	1
অরুলিয়াসের	1
কারণগুলো	1
গোলাঘরের	1
দৌড়ায়নি	1
মেষশাবকটা	1
লিথুরান	1
ব্রজম্যানে	1
ভনায়ক	1
মেষশাবকগুলো	1
ব্রাডি	1
পেমরির	1
বয়েলের	1
রাউণ্ড	1
সিপি	1
ওয়নিং	1
অ্যাকটিভিটি	1
অ্যাম্বুলেন্সটিকে	1
টুরিস্টকে	1
অদ্রেলিয়া	1
বেল্ভিডিরো	1
ওহাইয়ো	1
সিমপ্লিসিটি	1
বেডরুমকে	1
ড্রেসমেকার	1
রাখেছেন	1
ক্যালুমেট	1
হপিকন্স	1
এএকেএ	1
কাজগপত্র	1
এলএএক্সে	1
সুরিনেম	1
অপহরনের	1
অপহরনকৃত	1
স্নাক	1
ট্রসার	1
ম্যাইনল	1
গ্রান্টের	1
সেলাইই	1
মালাভেসি	1
লিপম্যান	1
বিমেলের	1
অধিগ্রহণ	1
হিজলাটা	1
প্লিলস	1
উত্তেজনাদায়ক	1
স্পৃষ্টকরণে	1
ছিনতাইকারীকে	1
দীর্ঘদিনের	1
থামেননি	1
বাস্পাকারে	1
রামজে	1
বিস্ময়সূচক	1
অপ্রবেশ্য	1
সেলসবেরি	1
ফাংকে	1
অধিগ্রহণে	1
ফোঁসকে	1
বাড়িজুড়ে	1
লন্ডির	1
তথ্যসংবলিত	1
পরিমানও	1
শ্রদ্ধাভাজন	1
হেম	1
পাস্পারটু	1
শিসের	1
আভ্যন্তরিক	1
ক্রমান্বয়ের	1
উন্নতিকে	1
বিশ্বায়নের	1
মোটরচালিত	1
হাস্যখানায়	1
বিশ্বস্তসূত্রে	1
লালচুলের	1
অনবদ্য	1
ডোভার	1
ওরিয়েন্ট	1
ব্রিটেনকে	1
ল্যাবরাটারি	1
বাড়াবেন	1
ক্রাশের	1
অপব্যাবহারই	1
ফিকসকে	1
কনস্টন্টিনোপলের	1
শাকে	1
শ্যাম্পিংনন	1
চাতুয়ু	1
বায়েন	1
ফান্সকুয়া	1
ফয়ে	1
থমাসসন	1
চিত্রকল্পটি	1
শিল্পকর্মটি	1
ঘাসগুলো	1
চিত্রশিল্পীর	1
বৃত্তবান	1
অনুপ্রেরণায়	1
ঘারতি	1
এডিমনকে	1
কৌতুকাভিনয়কারী	1
পায়রার	1
খোপের	1
অনুপ্রেরিত	1
বায়ুপ্রবাহের	1
নকের	1
ফ্রমেজ	1
ফাভর	1
চেঁচামেচির	1
পাস্পাতুর	1
পাস্পারতুর	1
ডাকাতগুলো	1
পাস্পারতুকে	1
কমাচ্ছ	1
ফিজিকস	1
কুত্তাগুলোর	1
ম্যাগনিফিকিউ	1
টটেস	1
চেস	1
ল্যান্দজোকে	1
কনস্টন্টিনোপল	1
পরিরাব	1
টিটির	1
টী	1
ভোজসভায়	1
হ্যাপিকে	1
শেডিউলের	1
হাপিকে	1
সঙ্গীতেও	1
আয়েসখানা	1
চিত্রাবলী	1
আগমনকারী	1
যোক্তিক	1
ফগি	1
কৃষিকাজের	1
উন্নতিসাধন	1
চাকাচালিত	1
বর্ণিল	1
ঝাপটাতে	1
হেইজ	1
মহোদয়রা	1
বীরোচিত	1
বাজিটা	1
স্ককল্যান্ড	1
বোম্বাই	1
ক্যালকাটা	1
ব্রাকে	1
কিংবদন্তীই	1
গলাধাকরন	1
বাধাগ্রস্ত্র	1
হাজব্যান্ড	1
য়েই	1
জ্যোতিষবিদ্যার	1
অপছনন্দ	1
ইংলিশম্যান	1
পালকি	1
পূর্বদিকেগামী	1
দেশই	1
উপনিবেশিক	1
ফিলিয়েসের	1
শাউট	1
হিলিয়ামকে	1
ঠিকঠিকভাবে	1
হাইড্রোজেনকে	1
ইংলিশম্যানের	1
বেঁকিয়ে	1
গৌরবাজ্জ্বলভাবে	1
রেফারেন্সের	1
গাম্পি	1
লেদারলেট	1
ছুরিও	1
ওয়ং	1
লিজেন্ডরা	1
জেন্টালম্যানের	1
গরীবকে	1
দুর্গন্ধই	1
লান্দজু	1
অব্যবহত	1
বুদ্ধাগুলো	1
বুদ্ধাকে	1
হাইস	1
লান্দজো	1
নিরীহব্যক্তির	1
ঠ্যাকাতে	1
এলেভেন	1
অ্যাটলান্টিক	1
হিসাবগুলো	1
হাসেনি	1
বুদ্ধাও	1
কয়েলটিও	1
ক্লুদের	1
পোড়ালেও	1
উড়েই	1
ফিজিকসের	1
স্টিয়ার	1
ফিজিশন	1
রিপ্লেস	1
পারিমানে	1
করনিলিয়াস	1
গ্রেনিচ	1
যোগানোর	1
স্টিয়ারের	1
প্রত্যক্ষদর্শীরা	1
ব্রিটিশের	1
ভাঙ্গড়িটাকে	1
মহিলাকেও	1
সোলসবোরি	1
ব্লাটারের	1
রোওডস	1
গাইগরু	1
সেকেলের	1
একভাবেই	1
পারেতেন	1
বসতেন	1
অখেলোয়াড়ী	1
অপচেষ্টা	1
সৈন্যবাহিনীকে	1
বোধক	1
ফগই	1
মধ্যাহ্নের	1
জোনেরও	1
স্কুলজীবনকে	1
কুর্দিস	1
তুর্কিশ	1
বাহমান	1
ঘোবাডি	1
এন্টেনাকে	1
দেখারও	1
সোরান	1
রহমানকে	1
দড়িই	1
ঘুরাচ্ছো	1
সারগুলি	1
৭০টি	1
অনাথকে	1
কিরকুক	1
সোলায়মানিয়া	1
খবরেরই	1
কিনিও	1
হাতকাটা	1
ঔইখানে	1
থামতিছে	1
আরবিলে	1
শারকুও	1
সর্ব্বোচ্চ	1
এ্যাগ্রিন	1
হেলাবচে	1
সৈন্যটার	1
হেফেনদী	1
আসতিছিলে	1
নিবেই	1
হাতবিহীন	1
করতিছো	1
নামতিছো	1
শিরকো	1
কাস্টমারস	1
ফার্লং	1
টানতেছো	1
২২০০	1
দিনারে	1
আসতিছে	1
বেশীভাগের	1
হালাবচের	1
দুইবারই	1
হালাবচে	1
বাধঁন	1
রহস্যজনকভাবে	1
টানিও	1
শরনার্থীদের	1
বানীটি	1
ঔটার	1
মাইনগুলোর	1
৩৬০০	1
নেকলেসটার	1
সরাবেন	1
পতাকাটিই	1
পাঁচে	1
পাশো	1
ঈসমাইলের	1
ধরিও	1
ঈসমায়েলের	1
ডিসটা	1
আমেরিকানররা	1
আসতিছি	1
আমেরিকানটির	1
খ্রিষ্টাব্দ	1
সারমাশিয়া	1
সেনারাই	1
লিজেন্ডারি	1
অশ্বারোহীতা	1
নাইটরাই	1
দক্ষিনার্ধে	1
পৈতৃকভাবে	1
খেতাবের	1
আমিনু	1
ইসল	1
স্বাধিনতা	1
অপসারণই	1
সাহাস	1
ত্রিসটান	1
ডজনখানিকে	1
গালাহাদ	1
গালাহাদের	1
একডজন	1
চুম্মনকারী	1
পুর্বস্থান	1
কোপানোর	1
বিস্তীর্ণ	1
গোছালো	1
দুর্গকক্ষে	1
নেউস	1
গুলোতেও	1
প্যালাজিয়াসের	1
বারবারিয়ানরা	1
বিরুদ্ধ্যে	1
অরক্ষণীয়	1
বৃথায়	1
অনারিয়াস	1
এলেক্টোকে	1
পোপও	1
স্রোষ্টার	1
স্রোষ্টাকে	1
খোদাও	1
পুরপুরি	1
চুরান্ত	1
রোমানদেরকেই	1
ওপারটা	1
ভোরেই	1
মুক্তিকে	1
মরবোই	1
স্যাক্সনের	1
গালাহাদও	1
উদ্দশ্য	1
মিশবো	1
কোর্টকে	1
উচ্চবর্গীও	1
হটাকে	1
বিদ্রহীরা	1
হাড্রিন্স	1
অক্ষমরা	1
পুর্বপাশে	1
দক্ষিনেই	1
পুর্বেও	1
পিছুন	1
সৃষ্টকর্তার	1
উদাহরণসরুপ	1
বুঝেতে	1
ছেলেটিও	1
ছাড়তেছি	1
গুইনেভেরা	1
ব্রিটিশকে	1
জন্তুরাও	1
চাওয়াও	1
দৌড়িয়েও	1
ধর্মহীন	1
বোজায়	1
রোমেও	1
কশাইদের	1
তলোয়ারকে	1
বর্মভেদক	1
রোমও	1
প্যালাজিয়াসকে	1
পিছুনেই	1
আমন্ত্রনের	1
পুঞ্জিভূত	1
ভাঙতেছে	1
ড্যাগোনেট	1
যিশুই	1
ড্যাগনেটের	1
অমর্যাদার	1
ঝড়িয়েছি	1
অশ্বারোহীরা	1
স্বজাতিদের	1
হাটুগেড়ে	1
বিন্যাস্ত	1
বাডন	1
গুইনিভেরে	1
অবিভক্ত	1
এলিয়েন	1
নেব্রাস্কা	1
খাতের	1
ম্যাক্সওয়েল	1
টিয়োটিহকান	1
হুয়ান	1
ফুরিয়েছে	1
সাধা	1
আন্টার্কটিকা	1
রোবোটিক্স	1
প্রবর্তক	1
গ্রায়েম	1
আলেক্সা	1
প্রকর্মী	1
বক্ল	1
ফেরতের	1
পশ্চাৎপদে	1
ঊর্মিভঙ্গ	1
স্পিরিটের	1
ম্যাপিং	1
জেনারেট	1
বৃহদায়তন	1
মিশরীয়	1
পড়েছেন	1
সহায়তাও	1
ওয়্যার্ড	1
এভারেস্ট	1
প্রোটন	1
শ্যাকলটন	1
বৈঠাচালনা	1
টিকিয়ে	1
স্টেশান	1
হোয়েল	1
দান্ত	1
তাপীয়	1
মিশরীয়দের	1
পেয়ালার	1
জলবায়ু	1
পড়ছিল	1
মোশির	1
হুজুগ	1
ফিরুন	1
তৌল	1
ঋত	1
স্টোনের	1
মেট্রিক	1
গুণিতক	1
হায়ারোগ্লিপ	1
অচলতা	1
হিউম্যানস	1
দৌড়াচ্ছে	1
আস্তকুঁড়ায়	1
ব্রুটোস	1
ব্রুটোসে	1
পিটিয়েই	1
নেশাখোরও	1
ফুটপাথও	1
শ্যানপাইক	1
লন্ডনওয়ালা	1
দুতলা	1
দোশ্ত	1
শেফিল্ডে	1
বিপরিতমূখী	1
ভাংলনা	1
বুঝলেনা	1
ঘরছাড়া	1
দায়িত্বজ্ঞানহীন	1
পোকামাকড়দেরও	1
পেপারকাটিং	1
দেখাচ্ছনা	1
খারপের	1
গাইতেও	1
বিজেতাকে	1
এরমাঝে	1
আভাসও	1
বাকপি	1
ডাফ	1
বোগার্টদের	1
ক্লাসটা	1
জাদুমন্ত্রই	1
কাপড়চোপড়ের	1
অভিভাবকরাই	1
আনত	1
কেল্লাতেই	1
অ্যাস্ট্রোনমি	1
আউলারিতে	1
মঞ্জিলেও	1
পরিস্থতিতে	1
হিঙ্কিপাঙ্কসের	1
বন্ধুদেরও	1
বিস্তারিরভাবে	1
আরেস্টো	1
মামেনটম	1
বর্ষেই	1
হানিডুকে	1
মিশচিফ	1
কেনাকেটা	1
বককব	1
শিখাবেনা	1
আলখাল্লাও	1
রোনাল্ডের	1
ব্যাপারম	1
শুভকামন	1
চাঁদনী	1
আলাউদ্দিন	1
প্রাণকে	1
নয়কি	1
নিষ্পাপদের	1
গন্ধকে	1
ক্রূকশ্যাঙ্কসকে	1
এইসময়ে	1
এক্সপেলিয়ার্মস	1
ওয়ারউলফ	1
আসতনা	1
পড়িয়েছিল	1
অইর	1
আকরব	1
পেট্টিগ্রূর	1
স্যাস	1
মাডব্লাডকে	1
পেট্টাগ্রূ	1
ডার্ডলির	1
বমব্রাডা	1
শুনিওনা	1
জাইরোস্কোপ	1
ভার্টিক্যাল	1
ট্রাজেক্টোরি	1
রোন	1
সিকোয়েন্সটা	1
রেজিউমি	1
টুলসের	1
হিউজস্টনের	1
টুলসে	1
হিউজস্টনে	1
ব্রাউনিংয়ের	1
আফটার	1
মিডনাইট	1
চেনি	1
মেয়ার	1
অ্যাঞ্জেলস	1
ডগফাইট	1
ডিস্ট্রিবিউটর	1
রাজিনা	1
সেসিল	1
ডেমিলের	1
ক্রুশারোহণের	1
ট্রিক্সি	1
থেরেসার	1
থেলমা	1
ওফ্	1
জিনিষে	1
ইউনিভার্সাল	1
ওয়ার্নারদের	1
শ্যুটিংয়ের	1
প্লেনগুলোর	1
ইউনিভার্স্টিতে	1
আবহাওয়াবিদকে	1
রেডিয়াল	1
জোরাগুলো	1
সুসংবাদটা	1
থেডা	1
অকটেন	1
চ্যাট্	1
সওয়ার্থ	1
এনসিনো	1
বেকারফিল্ডে	1
ধাক্কাতে	1
গিন্সবার্গ	1
গাটেনবার্গ	1
এডিটিং	1
দৈর্ঘের	1
হিউস্টনওয়ালাদের	1
দেখবেওনা	1
ভিড়কে	1
হারলোকে	1
ফিল্মটি	1
আরবাকোলের	1
শাবককে	1
গিলমোর	1
গ্লেনকে	1
মানও	1
কারলোফের	1
হোলসের	1
সড়ানো	1
ইবসেন	1
রিপাবলিকানরা	1
গুহামানবদের	1
পটাও	1
ঘামি	1
বডিতে	1
টার্বুলেন্স	1
এগোবনা	1
ডিট্রিখের	1
বিমানচালনা	1
ক্লেমেনটাইন	1
মটল	1
সিনেয়েগাতে	1
এরোলকে	1
লাক্স	1
পড়েননা	1
স্কারফেসে	1
কাস্টিংয়ের	1
হাভিল্যান্ডকে	1
হুইলে	1
সেলোফেন	1
ওয়ালপেপার	1
ডেকোরেটর	1
রুমটাই	1
আগামীকালেরটা	1
ছুটছিল	1
ন্যাকামি	1
ছুঁয়েছেন	1
বিমানচালক	1
সাইবেরিয়ার	1
পথহীন	1
ঐশ্চর্য	1
ভ্রমণপথেই	1
ভাঙ্গভেন	1
কেটকে	1
লিনবার্গ	1
সোশ্যালিস্ট	1
প্রেসদেরও	1
মাখনটা	1
স্প্যানিশরাই	1
ম্যালেট	1
ভারবহনে	1
অশ্লীলভাবে	1
ফিল্মেই	1
রিলিজে	1
শেরিডান	1
ক্লডেট	1
কোলবার্ট	1
হেওয়ার্থ	1
গ্র্যাবল	1
কমনীয়	1
স্তনগুলোর	1
ক্যালিপার	1
ক্লিভেজের	1
ফোর্সওয়ালারা	1
জলপথের	1
ক্রফোর্ড	1
ফন্টেইন	1
বোয়িংকে	1
এয়ারক্রাফটকেও	1
অ্যালয়	1
গ্যালিওনের	1
সিডার	1
শস্যদানা	1
যেকোনকিছুর	1
জাপানিজরা	1
সাইক্লিন	1
বিরতিহীন	1
ল্যাপেলের	1
ডিট্রিখকে	1
পার্থক্যটাও	1
অভিনেত্রীরা	1
গাড়ো	1
আবৃত্তিকারিতা	1
কোকোনাট	1
গ্রুভের	1
ডাগলাসের	1
কন্সটেলাশনের	1
শয়নকক্ষের	1
নিউফাউন্ডল্যান্ড	1
রাম্বা	1
বার্গের	1
বাণিজ্যমন্ত্রী	1
ট্যাক্সে	1
হুয়ানের	1
ট্রেসির	1
পার্টিকেই	1
ট্রুম্যান	1
আন্তঃমহাদেশ	1
মানাবেনা	1
ইনিশিয়াল	1
শাল	1
ডিঙিতে	1
হারেমও	1
চাটবনা	1
সিনও	1
অ্যাসেম্বল	1
যন্ত্রাপাতি	1
ডেডলাইনের	1
ম্যাকওয়ান	1
বার্টর‍্যাং	1
প্রপ	1
এভিয়েটর	1
মুখমণ্ডলে	1
প্রোপেলারের	1
প্রোপ	1
পেনসিলভানিয়ায়	1
ইঞ্জনিয়ারিংয়ের	1
ক্র্যাশের	1
হারকিউলিসে	1
হিসাবনিকাশ	1
পার্কিনসনের	1
জিনিষপত্রের	1
প্লেনও	1
সিনাত্রার	1
ফোনেরটা	1
রটিয়েছ	1
মোঘলের	1
ফার্নান্দো	1
লামাস	1
জাপনাকে	1
উড়াচ্ছিলেন	1
ঢাউস	1
ককপিটেও	1
স্পেন্সারের	1
বেচবনা	1
বিশৃঙ্খলভাবে	1
ভিড়ভাট্টা	1
প্রচারণায়	1
মুঠে	1
মেলেছে	1
উড়বেন	1
আপোষে	1
মেফ্লাওয়ার	1
ক্যাম্পেইনে	1
চালচলনে	1
অ্যামে	1
লিখানো	1
এক্সকিউটিভরা	1
পক্ষপাতিত্ব	1
সিনেটরকে	1
বেচেছেন	1
কমার্শিয়াল	1
ম্যাকনামারা	1
প্লাইউডের	1
ষষ্ঠম	1
মৌসুমটি	1
বিমানচালনায়	1
দৃষ্টিভঙ্গিতে	1
ডাগলাস	1
নর্থরোপ	1
খামখেয়ালী	1
ইন্ডিকেটর	1
হচ্ছিলনা	1
কমার্শিয়ালে	1
গ্রসকে	1
মেহজাবিন	1
মীম	1
হাবিব	1
গাঁথুনি	1
বসানোই	1
অলুক্ষুণে	1
পড়শুদিন	1
সাভারের	1
ছিঁড়লো	1
দেয়ালটাই	1
ভূতও	1
ঠিকসময়ে	1
খোঁচাবে	1
সখিনার	1
কয়েকদিনই	1
অপরিচিতই	1
পুরুত্ব	1
কাঠমিস্ত্রীকেই	1
শিল্পহীন	1
দেখছিই	1
ভিখারী	1
দোকানটার	1
শিল্পীসত্তাকে	1
রক্তস্বল্পতাও	1
বগল	1
শ্বশুরের	1
খোশমেজাজে	1
সাম্প্রতিককালে	1
রক্তস্বল্পতার	1
চাপেরই	1
নিছস	1
একদিকেই	1
ইলেক্ট্রনিক্সগুলো	1
খাটাতেন	1
ভাম	1
পশ্চাদদেশ	1
চিনিইনা	1
শূধু	1
ভ্রূণহত্যা	1
৫৬০০০টাকা	1
৯০হাজার	1
সংখ্যাজ্ঞান	1
জন্মতারিখটা	1
জ্বললে	1
পশ্চিমমূখী	1
শাখাটা	1
ডেস্কগুলো	1
পরীক্ষকেন্দ্রে	1
অসামঞ্জ্যস্যতা	1
সমস্যাটাও	1
আলঝা	1
কাজগুলোও	1
লাঞ্চবক্স	1
অর্ধেকটাই	1
কুঁড়িয়ে	1
চিনতামও	1
শূরু	1
বড়িয়ো	1
কেঁদনা	1
আম্বরখানা	1
৪৬৪	1
উঠিয়েছিস	1
প্রস্রাবও	1
আলঝেইমারের	1
দিনগুলোকে	1
ওইসবই	1
যন্ত্রণাই	1
তাহসানকে	1
ভুলতেও	1
দলিলের	1
প্রবাদটাতো	1
কোকাকোলার	1
তাজিওডং	1
মাধবকুন্ড	1
কেওকারাডং	1
শ্রীমঙ্গলে	1
শুঁকেছি	1
খাবারটাই	1
জলহস্তির	1
সিংহভাগ	1
আমারটাতে	1
লাগিয়েও	1
ডিঙানো	1
অ্যান্টিলোপদের	1
অ্যান্টিলোপেরা	1
মহাচক্রে	1
গুঞ্জনে	1
চিতাবাঘেরা	1
হাতিদের	1
চিতারা	1
চিতাদের	1
ল্যান্ডসে	1
শিকারিগুলোর	1
জানাজানির	1
রাজ্যটা	1
বাপজান	1
সিংহরাই	1
গোসলেরও	1
বাবাজিকে	1
খসাবো	1
তৃণভূমিতে	1
পিতলা	1
ঘুঘুরা	1
পোকাও	1
রাজতন্ত্রের	1
হালই	1
জয়গান	1
ল্যান্ডসের	1
শোরা	1
নিতকু	1
উনছে	1
কাব	1
খানাপিনাদের	1
বিল্লিবাবুরা	1
রাজারাও	1
হায়েনাগুলো	1
তারাগুলোর	1
তারাগুলো	1
মুফাসাটা	1
ঝোলাঝুলি	1
সিংহগুলি	1
দোস্তই	1
বিমোহিত	1
কচুটাও	1
চামচেরও	1
হরদম	1
নবযুগ	1
পোড়ো	1
সিমবাকেও	1
তাইরে	1
তোলায়	1
খিধা	1
স্কারের	1
ছ্যাঃ	1
শোকানলের	1
অভ্যর্থনায়	1
পুমবাও	1
পেছনটাকে	1
অতীতটাকে	1
পুমবাকেই	1
সৌরভে	1
শুনতি	1
জলহস্তি	1
ঝাঁঝালো	1
মচমচেও	1
জ্বলবো	1
তালমার্কা	1
মোক্তার	1
টিং	1
ব্যবস্থাপনার	1
সিংহীরা	1
মুফা	1
পাসা	1
শূকরই	1
বিন্দুগুলো	1
পদার্পণসেবায়	1
চিনেছ	1
গোধূলির	1
আবেশে	1
উচ্ছ্বল	1
প্রশ্রয়ে	1
রাফিকির	1
মোটাতাজা	1
পুমবাকে	1
সিংহীদের	1
মৃত্যুদণ্ডই	1
সিমবাই	1
মরতো	1
দোষেই	1
শ্রোতার	1
স্মবা	1
হায়েনারাই	1
শহরগুলোর	1
কলমকে	1
শেষেরটুকু	1
অ্যান্টেনাটা	1
সাবানটা	1
বদলেও	1
ছিড়ঁবো	1
এক্সপ্রেশনটা	1
ত্রিসীমানায়	1
ছাড়াচ্ছো	1
মেয়েটাতো	1
মেটাও	1
গাড়িই	1
যেনতেন	1
পিঁষবো	1
ভাবই	1
মাদারচোদে	1
প্লেয়াররা	1
ট্রান্সফারে	1
ইকোনোমিক্স	1
এমো	1
ধুয়েছি	1
দূর্ভাগ্যজনকভাবে	1
অনিটল	1
আার্মড	1
পাঠাচ্ছিলাম	1
এক্সপেরিমেন্টাল	1
নিঃশ্বেস	1
পাজিগুলো	1
৭১৩	1
চোদনা	1
পিটিয়েছিলাম	1
কনগ্রাচুলেশন	1
পুঁড়বে	1
ব্রেকও	1
মরোক্কো	1
স্বাধীণতা	1
১৮তে	1
ঢোকারর	1
ছাড়াবো	1
মাইকিং	1
রিস্কি	1
টানেলও	1
জ্যাম্ত	1
ঘুমোচ্ছিস	1
জুটিয়েছো	1
ফুটলে	1
টাইমারে	1
বেমাটা	1
পাত্তি	1
লাঞ্চারকে	1
মোডিফাই	1
টাউয়ারের	1
৮৪৭৩৫	1
বাহমাতে	1
বলোছো	1
খুঁড়েছিলে	1
ট্রান্সফারের	1
রিয়াদ	1
লন্ডনেরটাও	1
তোমরটা	1
নামবেই	1
৯২৯	1
৯৩৯২	1
ফাটানো	1
বিষ্ফোরণ	1
কম্পিটেড	1
৭০৯	1
বিপরীতটা	1
ফাঁসাচ্ছো	1
এখানটাই	1
ঘুমাচ্ছিলি	1
চিল্লাচ্ছিলি	1
ভিজিয়েছিস	1
ছুড়েঁছিলে	1
ছুড়িঁনি	1
মুডটাও	1
সওদাটা	1
আচঁড়	1
আলকাতরাও	1
দ্বাস	1
ত্ব	1
পরিচয়পত্রটা	1
আাদায়	1
অপ্রাপ্তবয়স্কের	1
ভোগার	1
আঁচর	1
বাম্পারের	1
জানালাকে	1
শুমলাম	1
বনভোজনে	1
ছুঁড়বি	1
পরীক্ষাতেও	1
ক্লাশেরই	1
নৈবর্ক্তিক	1
মনুষ্যরুপ	1
নামতাও	1
গুনাতে	1
প্রোপেনের	1
ফর্মুলাগুলোই	1
এইটুকও	1
লাস্টিং	1
আইয়ুব	1
গ্রীস্মটা	1
ছেড়েঁ	1
আটকেছিলাম	1
লুকোলে	1
অতিথিই	1
মু্হূর্ত	1
১০০দিন	1
পড়াচ্ছিলামও	1
পরিস্থিতিও	1
১০সেকেন্ড	1
বুজলেই	1
বামহস্থ	1
শাহদাত	1
বামহস্ত	1
ধর্মাবলম্বী	1
প্রতিক্ষিত	1
কলেজেই	1
ওয়াসিং	1
ছুড়েঁছিস	1
রিফান্ড	1
কিচু	1
এগনেসকে	1
ন্যাটালির	1
লিন্ডার	1
ঝিনঝিন	1
ব্যঙ্ক	1
ক্যপসুল	1
ফুজিকে	1
সঞ্চারিত	1
খরগোশকে	1
বিনাশকারী	1
ফুটপ্রিন্ট	1
জবরদস্তী	1
শিপ্	1
সবাট	1
আমরটাও	1
লিসার	1
ডেটকে	1
স্মুথ	1
বেরিকে	1
পয়	1
নেফারিওকে	1
গুনেছিলাম	1
গোলম	1
জুযিৎসু	1
ক্রাভ	1
এ্যযটেক	1
ওয়ারফেয়ার	1
বদনামের	1
হেড্ডা	1
ব্লুমেন্টফ	1
এডুয়ার্দো	1
পেরেজ	1
উইকে	1
মাচোও	1
গৌরবজনক	1
চুমোচুমি	1
প্র্যাকটিসে	1
ভেটেরান্স	1
প্যাজেন্ট	1
বীম	1
স্যাপ	1
মুরগিটার	1
ইগলসন	1
গ্রূকে	1
শোভাজনক	1
শোপিসটা	1
ডাকিনা	1
মার্গোর	1
গেমসকে	1
ডঙ	1
চিনেওনা	1
মুগ্ধকারী	1
সমাণ	1
ছুটিছাটার	1
জিলিয়ানকে	1
শ্যাননের	1
কেশরাজি	1
স্কুজি	1
টাকই	1
ঈগলসন	1
অপদার্থতা	1
ওয়াইল্ডের	1
অস্ট্রেলিয়ান	1
স্বরভঙ্গিতে	1
ওয়ালাবি	1
ডিজারিটু	1
জ্যাকম্যান	1
মরনি	1
এডুয়ার্দো	1
গ্র্য	1
এডুয়ার্দোই	1
জেলিগুলো	1
কাবঝাব	1
মিনিওনের	1
মিনিওনগুলোর	1
চাপলেই	1
লালই	1
মাইজবাড়ি	1
গফরগাঁও	1
ময়মনসিংহ	1
কাঠির	1
উনাকেই	1
ব্যক্তিতাবাদী	1
কথাতে	1
হলুদটা	1
আননি	1
পাণ্ডুও	1
দাওয়াতি	1
পাদু	1
পটাবি	1
নিবিড়তা	1
প্রথবে	1
মোবাইলেই	1
ফুরালেই	1
শাধুকর	1
ফেইসবুকই	1
ভাঙতেও	1
ভালোবাসুক	1
মিস্ড	1
কলও	1
ক্লাশরুমের	1
ক্রান্তিকে	1
রাস্কেল	1
হেডফোনে	1
বাহ্বা	1
আম্বারপেট	1
নাড়ালাম	1
নাড়ালি	1
ড্রেসটাও	1
মেয়েদেরকেই	1
সমাজটা	1
চাপড়াছে	1
ছুঁইয়েছি	1
নালমালা	1
রাজাকেই	1
নালমালার	1
ভাববোই	1
ঢাকবার	1
ভেন্নেল্লো	1
আন্দাপিলা	1
আস্থাশীল	1
জবাবটা	1
এসোতো	1
সতর্কই	1
ক্ষীর	1
আয়োজনটা	1
ঐইন্দ্রজালিক	1
সফলতারও	1
এইডসে	1
জানিসটা	1
প্রেমটা	1
জরাজরি	1
ড্রিঙ্কসস	1
বোঝাবুঝিরর	1
চোপড়ের	1
বদলাচ্ছো	1
ঘরোয়াভাবে	1
জোকারটা	1
মধুককে	1
শ্রুতিটা	1
পান্ডুর	1
পান্ডুটা	1
লিখেছিলি	1
চাতে	1
বেল্টটাও	1
কাঁদিয়েছে	1
ভালোবেসেছ	1
দেখিয়েছিলি	1
টিংচার	1
লাঙ্কেস্বারাদু	1
চিরঞ্জীবের	1
বিরহের	1
বন্ধুরূপী	1
ফোনকুমারীই	1
মাসীকে	1
খালাতো	1
মেলালো	1
প্রমোশনটা	1
রুশা	1
মধুটা	1
চলাফেরাও	1
গালগুলো	1
কুঁকড়া	1
ইলিয়েনা	1
ভূমিকার	1
অসুবিধাটা	1
দেওনা	1
বয়সটাকে	1
গুমড়ে	1
মলেও	1
রিসর্টে	1
গান্ধিপেট	1
গুহাও	1
খদ্দেরের	1
চিনাতে	1
বদলাবি	1
মোবাইলটার	1
ছুটলি	1
মাথে	1
জোত্যিষি	1
আছিতো	1
কেঁদেই	1
কাঁপছিস	1
পাবেও	1
পিটিয়েছিস	1
ধমকেছে	1
এমনকে	1
শ্রাবণীকে	1
গুলোকেই	1
সঙ্গিনির	1
ভালোবাসছে	1
ভালোবাসনি	1
বকুক	1
চিনতেও	1
ফেইসবুকে	1
জজই	1
এদিকটায়	1
উঠছিলোনা	1
ফ্রাঙ্গোজ	1
গুণগত	1
টয়েনের	1
সেন্সিটিভ	1
মার্থী	1
অপ্রাপ্তবয়স্কদের	1
ভ্যাজাইনা	1
ম্যাচিউরড	1
কপিটা	1
লোস	1
শিশুরাই	1
খুলেছিলো	1
অ্যারনই	1
সাইকোলজিক্যাল	1
সার্জনফিশের	1
পিয়েত	1
আক্কার	1
ছোট্টবেলা	1
পুরষ্কারপ্রাপ্ত	1
আটকাদেশ	1
গেলেতো	1
ডিকসম্যান	1
আংকেলটা	1
ডেকারকে	1
এসোসিয়েশনে	1
হাঁসলেন	1
অসুবিধেয়	1
সোউরডৌ	1
ক্রয়সেন্টও	1
বনরুটি	1
ভালোমতন	1
কেসগুলোর	1
ঘামাবো	1
তথ্যপ্রমাণ	1
ফিল্টারের	1
প্রতিবন্ধীদের	1
ফিল্টারটা	1
সূক্ষ্মভাবে	1
ফ্রায়ারে	1
২৫টার	1
৩৭টা	1
নাগেট	1
রোসিটাকে	1
হ্যানিবেল	1
মার্গির	1
মার্গিতো	1
বাঁচেনা	1
ডিনাও	1
এভিডেন্স	1
অস্ত্রটাও	1
ফীন	1
হীজকে	1
লড়েছিলেন	1
হীজের	1
ডেকারের	1
মেলাচ্ছি	1
আপীলও	1
সার্জিনফিশ	1
হাতরে	1
শিষ্ট	1
ওলোটপালট	1
গুণও	1
জাতিটাকে	1
মাতৃদেব	1
পিতৃদেব	1
ফ্ল্যাটটা	1
বীচেই	1
ডিনাকে	1
ইরিসের	1
ইরিসকে	1
এটর্নির	1
লডের	1
লডকে	1
দেখেছেনও	1
ফ্রেন্ডলি	1
ভিজিটরদের	1
হিজকে	1
মার্থীকেই	1
গেরিট	1
কালোটার	1
ছুরিটার	1
ফাঁসালে	1
রইলোনা	1
পেপ	1
ঘামায়না	1
সেটিংসটা	1
মস্তিষ্কওয়ালা	1
কুকিজের	1
মালিবু	1
ম্যান্ডালিনের	1
ব্যাপ্টিস্ট	1
সেলসিয়াসের	1
ডিগ্রীরটা	1
রাক	1
দ্বিতীয়টাও	1
খরগোশটা	1
ইলেক্ট্রোম্যাগনেট	1
মেরামতকারীর	1
রিফ্লেক্টিভ	1
প্যানেল্	1
নিউম্যাটিক	1
আ্যকচুয়েটর	1
স্ট্যাম্পের	1
কোডার	1
সায়েন্টিস্টের	1
স্প্রিংটায়	1
বাকিগুলোও	1
এ্যভেঞ্জার্	1
ডেভিসকে	1
বোমওয়ালা	1
অন্যজগতের	1
প্রবেশদ্বারকে	1
হাতিয়ারে	1
আঙ্গুলেই	1
মালদের	1
রিসিভারে	1
রিচার্ড্	1
খেলনাগুলোও	1
হ্যাকের	1
ক্যাপ্	1
কের	1
মর্ন	1
রিক্যালিব্রেট	1
ম্যান্ডারিনে	1
প্যাট্রিয়টের	1
জার্ভিসকে	1
ফ্যাসিলিটিস	1
ফ্যাক্টোরিড	1
ম্যান্ডারন	1
মায়ামিতে	1
জার্ভিসের	1
ড্রাইভকে	1
স্যুটা	1
বলেছিলন	1
নেসি	1
কুকিজ	1
পদ্ধদিতে	1
নড়ছিনা	1
আসলগুলো	1
প্লাস্টীক	1
ড্রাগসেরও	1
হামলাগুলোর	1
ক্যারেক্টারে	1
লোকেশনেই	1
দেখছিলনা	1
নামহীনতা	1
টোনি	1
অপশক্তিকে	1
গাদ্দাফি	1
বাইঞ্চত	1
অভারএক্টিং	1
হাতুড়িওয়ালা	1
এক্সট্রেমিসের	1
প্যাট্রিয়টকে	1
লাগেলও	1
স্যুটকে	1
বলছিলিনা	1
ম্যালিবু	1
ছবিতা	1
ফুসলাবার	1
নরকো	1
পেন্সাকোলার	1
বেড়েছি	1
জিনিসগুলও	1
এক্সট্রেমিসকে	1
ইগোরকে	1
হার্টব্রেকার	1
স্ন্যাপারকে	1
যোগু	1
জার্ভি	1
পরনা	1
সালামির	1
কথে	1
ঝিমাচ্ছ	1
১৯৮৩	1
খিচে	1
মিষ্টিই	1
গ্রিনারীর	1
কেজী	1
জিলাপী	1
ট্যাজেডিও	1
টানু	1
রেনু	1
খুলেইনি	1
গিফটটা	1
অটোগ্রাফসহ	1
ঘুরায়া	1
গোয়াতেও	1
পানজিমে	1
প্লটও	1
পরর্বতীতে	1
গংগায়	1
রামেশ্বরে	1
গংগার	1
রামেশ্মরীতে	1
রামেশ্মর	1
পরিবতন	1
কল্যান	1
যাচিছ	1
গংগা	1
কিছুখনের	1
গেছেস	1
তুলছোস	1
গানেই	1
মাশুলও	1
পাঠাইতে	1
বলুম	1
ওরেও	1
তোরেও	1
দাড়াইতে	1
কোম্পানীসহ	1
মিসকীনের	1
বাজবো	1
ভাবতি	1
পড়ুম	1
টিসির	1
অপহরনকারীদের	1
শুসছে	1
থাংগাবালির	1
থাংগাবালি	1
পলাইছি	1
বিয়াও	1
কিডনাপিং	1
ঘুড়ি	1
হাওয়াতে	1
লাছে	1
দিছোস	1
হেলামু	1
চিন্ত‍া	1
ঠাংগাবালিকে	1
শুনছিলো	1
হেলালাম	1
হেলবে	1
উঠাবো	1
হেলাইছি	1
এতখন	1
কোরবানীর	1
ছাগলকেই	1
ফেনসির	1
পুবি	1
পানজাবের	1
লটকাবো	1
মরহুমের	1
হারও	1
বলতাছিলো	1
কবুলও	1
হেলানোর	1
ঠেংগু	1
বনশালী	1
দাগয়ালা	1
নরমালই	1
ন‍া	1
তলদেশের	1
ঘিুরাও	1
কাড়ে	1
দুলের	1
পুষ্পা	1
চম্পাকলি	1
দ্রৌড়ে	1
হেলাবো	1
মটকার	1
ঘুরতাছেন	1
আযাধররররররররর	1
সুন্দরম	1
টিংগুর	1
হ্যাংগারের	1
লটকানো	1
পলাইবি	1
সিক্রেটই	1
শ্রীলংকার	1
গ্রেফতারে	1
রিফিউ	1
ইচ্ছেও	1
খুশীও	1
কম্বানে	1
আসুম	1
বুঝাইছিলাম	1
হ্যাংগার	1
বুঝাইছি	1
নড়ানড়া	1
সর্রি	1
পলাইছিলা	1
পার্কিয়ে	1
এক্কাদোক্কো	1
গাড়িরও	1
প্রবলেমের	1
বিড়ালও	1
ডিকশনারীতে	1
ডিকশনারী	1
এনজেলিনা	1
জোলি	1
দুর্গেশ্বরের	1
ভাগছোস	1
ততখনে	1
টেনশনও	1
সাবটাটেইল	1
আপ্রিয়া	1
সাপ্রিয়া	1
কুছ	1
২য়বার	1
মুছিবত	1
হেলিয়ে	1
হেলাইছো	1
শুইলে	1
কন্ট্রেল	1
কইষা	1
ঘুমাইয়ো	1
পিচ্চিকালের	1
ঘুমামু	1
নবদম্পতিদের	1
উচুস্তরে	1
মিঠাইওয়ালা	1
১০০তে	1
সঠিকমত	1
পন্ডশ্রম	1
সিদুরটা	1
পরালে	1
পটলচেরা	1
একনজরে	1
অসম্পূর্ন	1
অনেকককককক	1
তৈরীও	1
পরিয়েছি	1
স্টুপিডদের	1
বলোস	1
নিমুই	1
আসছিলোই	1
লজে	1
পালিয়েই	1
পুনা	1
ভালাবোসা	1
অনুবাদের	1
পাগলো	1
হালাল	1
বরেন	1
ইচ্ছেটাকে	1
ত্য	1
হেলাবি	1
পয়ত্রিশ	1
দাদাজীর	1
বোরের	1
দানবগুলোর	1
পরাক্রান্ত	1
এল্ভরা	1
কুমিরই	1
জীবনকালটা	1
ধোঁকাবাজকে	1
থরকেই	1
আত্নসমর্পন	1
ভ্যানাহায়েম	1
নরহায়েম	1
রায়াও	1
অন্যসবকিছুই	1
হ্যারোকিনের	1
বিজয়ে	1
অলফাদার	1
কমপ্লিকেটেড	1
পায়জামা	1
দখিন	1
ফাজলামোটার	1
সায়েন্টেফিক	1
ইকুয়েপমেন্টগুলো	1
জামালগোটা	1
শুধরবে	1
স্টোনহেঞ্জে	1
টোস্টারের	1
ডাকতেনা	1
ফেডারেলকে	1
আ্যলগ্রেইম	1
আ্যসগার্ডিয়ানদের	1
উদয়ের	1
বস্তটা	1
ইয়াগ্রাসিলে	1
মিডগার্ডকে	1
ব্রহ্মাণ্ডসংগম	1
জীবগুলো	1
এতসবকিছু	1
অত্রিক্রম	1
জগতেরটা	1
গ্রাভিমেট্রিক	1
সংগমকে	1
হায়েমডালো	1
ম্যালেকিথের	1
এরিকও	1
নক্ষত্রবিজ্ঞানি	1
বাইফ্রস্টকে	1
দ্বাররক্ষক	1
টেসারেক্ত	1
ঠেকিয়েছ	1
জোসভাবে	1
দেশভক্তি	1
থরকে	1
জরজবস্তি	1
আস্তেই	1
খাম্বা	1
ধারাভাষ্যের	1
যানটাকে	1
মধ্যখান	1
ফ্যান্ড্রাল	1
ভাবনারো	1
কারই	1
খয়েরী	1
ডার্সির	1
ওডিনকে	1
ইওথানহায়েমের	1
শুনলেনা	1
রিচার্ডটা	1
গ্রাভিমেট্রিকসহ	1
কয়েকগুণ	1
ব্রহ্মান্ডে	1
মিশরি	1
মধ্যাকর্ষণকে	1
স্টোনহেঞ্জ	1
ওর্ম	1
তলোয়ারওয়ালাটাকে	1
টেসেরাক্ত	1
চ্ছি	1
কালেকশনে	1
আইনসভায়	1
ডেমোক্রেটরা	1
ওমাহা	1
লেজিস্ল্যাটেচারে	1
সবসসময়ই	1
থার্মালে	1
কর্নারের	1
দোকার	1
খাওয়ালেন	1
ক্ষুদার্তকে	1
ফেলতেছ	1
রবিটাসিন	1
কাঠবিড়ালের	1
প্রতিষ্ঠানকে	1
প্রশাসনকেও	1
ভোটাররা	1
আমারিকার	1
বৃহস্পতিবারেই	1
উছিলা	1
খোলোনা	1
মিলিটারিকে	1
গণমাধ্যমের	1
ভোটগুলোও	1
মেয়াদেই	1
টোড	1
লিংকনকে	1
দায়িত্তে	1
অ্যাম্বারকে	1
পতাকাটা	1
মুচরে	1
ক্যাডালাক	1
টর্ন	1
এক্টিং	1
ওয়াইকস	1
অনুগ্রহভাজন	1
টডের	1
ম্যাকানিক	1
ম্যালানি	1
শোপকে	1
ডিভোর্সও	1
কুনার	1
হাম্ভি	1
দ্বিধান্নিত	1
স্পীকারের	1
পুর্নাঙ্গ	1
দেখোঃ	1
জবটি	1
নির্ভরতার	1
লিডারশীপ	1
বাসাথেই	1
বাফেলোতে	1
অভিনন্দনমূলক	1
নেবরাসকা	1
মেরেলিন	1
২২২	1
নির্মাণকাজ	1
মিথক্রিয়া	1
সমন্বয়ঃ	1
ব্যক্তিরাই	1
১৩২	1
পুটিং	1
ঘভিরে	1
বিস্ফোরণেও	1
উইকিলিকস	1
সুন্নিদের	1
ডাব্লিউ	1
কঠোরভাবেই	1
ফ্রিমেনের	1
১৮১৪	1
স্পীকারকে	1
বিভাগেই	1
দুপক্ষকেই	1
কর্পোরেশনটা	1
শাসনব্যবস্থায়	1
নির্বাহীকে	1
হলপথ	1
আবাসিকের	1
কেইলের	1
জিম্মিগুলো	1
ফর্মেশন	1
ক্যালারম্যান	1
স্পিকারকে	1
নীচতলা	1
উড্ডয়নে	1
বাহিরদ্বার	1
বেজমেন্টের	1
কিল্লিক	1
বাকীসব	1
হাবড়াটা	1
ব্যরাম	1
ওয়াইক	1
হালসে	1
সেক্রেটারিরা	1
ওয়ানে	1
ব্যাংকগুলোকে	1
বিস্ফোরকগুলোর	1
মিনিটেও	1
ছাদসহ	1
শীপল	1
লেদিস	1
বাসভবন	1
ক্যাবলে	1
পোসে	1
কমিটেটাস	1
আইনানুসারে	1
গার্ডদেরকে	1
কেন্দ্রিয়করন	1
ছাইছি	1
পতনও	1
টেডকে	1
ডলারেরও	1
ফুয়েলে	1
স্নাইপারও	1
মন্তিসভার	1
তাঁকেও	1
ফেয়ারফ্যাক্সে	1
প্রতিবছরই	1
ইন্ডাস্ট্রিয়ালের	1
রাজনৈতিকরা	1
হাউজেই	1
ডনিও	1
নিউজটা	1
ইমেজগুলোতে	1
লুইনভিলের	1
ওয়াটকিন্স	1
সদস্যও	1
স্কিনারকে	1
বাসভবনেই	1
আইডিয়াগুলো	1
কনরাড	1
সার্ন	1
শেয়ারিং	1
পলিসিতে	1
অপারেশনটি	1
তালিবান	1
কাটাল	1
জিম্মিও	1
পেডসহ	1
৬৪৭৬২	1
প্রস্থানপথে	1
স্টেজকোচ	1
স্টেজকোচে	1
এক্সক্লুসিভ	1
১৩৩৫০	1
গেইটটা	1
তোগোরে	1
সদস্যবৃন্দ	1
আইকনিক	1
ভস্কাইয়া	1
উইন্ডশিল্ড	1
বদমাশগুলারে	1
লিমোটারে	1
বেষ্টনীতে	1
গানপয়েন্টে	1
সন্ত্রাসি	1
রানিং	1
একশরও	1
৪৭তম	1
তাঁরাএসব	1
প্রেসিডেন্টসহ	1
তালাশ	1
টুকরাটা	1
দলচ্যুত	1
জড়িতে	1
ক্যালিকো	1
স্বেচ্ছাচারিতার	1
সুপারস্ট্রাকচার	1
ভরশা	1
পুনঃনির্বাচন	1
ফোর্সেস	1
হকস	1
একটাহোয়াইট	1
ফায়ারওয়ালও	1
এয়ারক্রাফটে	1
লাগাইয়ো	1
নোরাড	1
মুক্তকরন	1
তোমাকেঃ	1
ঠাপাতে	1
রক্তপ্রবাহ	1
ইরানে	1
মধ্যপ্রাচ্য	1
আকামডা	1
স্তম্ব	1
আলবুকোয়ার্ক	1
চায়নাও	1
টার্গেটর	1
অল্টিটিউডেই	1
লনের	1
পুসকি	1
প্রেসিডেন্টদের	1
বর্ধিতাংশের	1
ফুটেরও	1
তেহরান	1
টারগেটিং	1
পরড়ি	1
অনেস্ট	1
অ্যাবে	1
লুটছেন	1
এয়াকার	1
প্যাজার	1
প্যাজেরটা	1
ঢেলেছো	1
জানায়েন	1
ইসরায়েল	1
প্রেসিডেন্টরা	1
শর্তাবলীতে	1
ভোটটা	1
দুতাতি	1
ইয়াম	1
গুং	1
সুরিন	1
শুঁড়	1
পদক্ষেপরকে	1
মোচড়ানো	1
কুনই	1
প্রতিআক্রমণ	1
জাতুরং	1
এব্বটকে	1
সাওয়ারে	1
দামেরও	1
পাড়ছে	1
রেঙ্গেনে	1
চিরা	1
হাতিটি	1
দৌড়েছে	1
রেন্জার্সদের	1
পিয়াক	1
ভিন্নি	1
চাওয়াই	1
মাহ	1
জরিয়েছে	1
দোড়াচ্ছিল	1
নথিও	1
লডতে	1
বালচাল	1
হারাতেই	1
শুইছে	1
এলছি	1
শিপইয়ার্ডে	1
আগেরকার	1
সাখারতের	1
উদ্দেশ্যমূলকভাবে	1
কংকে	1
তরুণাস্থি	1
শ্বাসনালী	1
প্রপেশনাল	1
আকান্ররপঙ্গের	1
গণব	1
এলচির	1
ধরস	1
ফটোগুলি	1
কয়েকমাস	1
সাখারতকে	1
সিডনির	1
কর্মজীবনের	1
দুতাপি	1
থাইল্যান্ডকে	1
ফুকেতে	1
বন্ধুতের	1
কাতানাকে	1
স্টেডিয়াম	1
নিশ্চিয়তা	1
ব্যাবস্তা	1
সেলিং	1
মঞ্ছে	1
জীবদ্দশায়	1
লডাকুরা	1
জয়েন্টগুলোতে	1
জাতুরংকাবাতি	1
আকর্ষণকে	1
এধিক	1
নোড়	1
রাজাকেও	1
সসজ্জিত	1
ক্রেপ্লাচ	1
বক্সটাই	1
সাধুবাদই	1
জেকেট	1
এবিলেনে	1
ভেল্কীবাজি	1
মন্ডলী	1
এরাবিয়ান	1
উপদ্বীপে	1
ধাড়িবাজ	1
বিপর্যয়টা	1
বেড়িয়েছিলে	1
পৌছুতেই	1
হুডনি	1
মিল্বাকিতে	1
বাউন্ডুলে	1
গুটাতে	1
ক্লোনি	1
মদনলাল	1
অহহো	1
সর্গে	1
যোরোয়াস্তের	1
পাদ্রিক	1
নরমেন	1
হেঙ্কেল	1
এম্মেনুয়াল	1
ডিগস	1
রাজদন্ড	1
রাজদণ্ডের	1
রাজদন্ডটাকি	1
ট্রয়ের	1
সুকন্যা	1
এমনটিই	1
ফুহঃ	1
রসজ্ঞান	1
বিউগেলে	1
উইঙ্কি	1
যাদুকরদের	1
উচ্ছাসিত	1
তোষামোদী	1
রমণীটি	1
গেয়	1
ভুতটাকে	1
সুসময়ে	1
রত্নভান্ডার	1
সূতি	1
আলীবাবা	1
যাদুই	1
যাদুদন্ড	1
মহাত্মের	1
মাড়ানো	1
যাদুকাঠি	1
মিস্ত্রিকে	1
টুতুল	1
নিধনে	1
পরিকল্পনাই	1
বোনকেও	1
পাপটা	1
যাদুকাঠিটা	1
ভাঙতাম	1
মুখটাকে	1
বাণীকে	1
ফোটাবে	1
লেপ্টানো	1
কান্সাসের	1
উচ্ছ্বাসের	1
স্বার্থপরও	1
জানোনাটা	1
জনগণতো	1
দূর্ভেদ্য	1
রাজসিংহাসন	1
বিধ্বংসি	1
রুপেই	1
নেতৃত্ত	1
লড়তেতো	1
নিড়ানি	1
নিড়াইতে	1
আশাব্যাঞ্জক	1
চোঁচা	1
পাখনাওয়ালা	1
চাতুরী	1
যাদুকরও	1
নেতৃত্তে	1
কারনতো	1
মেনলো	1
কামনাই	1
ভোজভাজি	1
তড়িঘড়ি	1
প্রাক্সিনোস্কোপ	1
প্রতিটিই	1
পটাশ	1
কুইম্বি	1
২০০টা	1
যিম	1
ঝেড়েঝুড়ে	1
নিয়ন্ত্রনযোগ্য	1
লাগালাগি	1
ঠগবাজের	1
ঠগবাজ	1
ঘোষক	1
চালকঃ	1
পরিকল্পনাতো	1
জোঁকারটা	1
শারীরী	1
এভানোরাকে	1
অসাদাচার	1
উদারতাকে	1
সিংহাসনটা	1
বাবলতো	1
করছেতো	1
ঐক্যের	1
আপদের	1
এমারেল্ডকে	1
দিনটাকেও	1
হাসিতেই	1
গ্লিন্ডার	1
নানুমণিকে	1
জন্মদাত্রী	1
চ্যারিটির	1
পেলেনই	1
পেনশনে	1
তারচাইতে	1
ফিয়ালব্যাকার	1
জোহানসন	1
ফ্রাঙ্কেলের	1
মস্ত্রো	1
চিরশান্তিতে	1
অফডিউটিতে	1
ওয়ারফারিন	1
কপিটায়	1
ক্যানেথ	1
মস্ত্রোমের	1
স্যাকসেনহজেন	1
তরিঘড়ি	1
কর্তব্যই	1
বিমানঘাঁটি	1
পরিকল্পণা	1
ম্যালবার্গ	1
দাদুও	1
ডানপন্থি	1
হুমকিগুলো	1
যুদ্ধাপরাধীর	1
কারাদণ্ডপ্রাপ্ত	1
ফ্যাল্কস	1
এসিস্ট্যান্টের	1
দুঃখগাঁথা	1
ফ্র‍্যাঙ্কেলকে	1
নরয়েজিয়ান	1
ক্যারিনার	1
শুনলোনা	1
বাঁচাতো	1
পাল্টেছেন	1
ইউনিটঃ	1
হুররররররর	1
গোরানকেও	1
চিনতেনা	1
চিল্লাবেন	1
ওলাভসনকে	1
ম্যাগনিফায়িং	1
শত্রুপক্ষদের	1
ক্ষমারও	1
হারম্যানের	1
ব্রিটাকে	1
স্যাকসনহজেন	1
এস্কিল্ডসেন	1
গ্রিনিতেই	1
স্যাকসনহজেনে	1
নাৎসির	1
অতীতগুলো	1
বেলসেন	1
বলেছিলামঃ	1
ওলাভসেনের	1
ঘামাবেনা	1
নরওয়েতেই	1
পুনরোত্থানের	1
বলবোঃ	1
কাহিনীই	1
এলভা	1
হ্যারাল্ড	1
আবাস্থলকে	1
অত্যাচারটা	1
দিয়ানাইসুস	1
জলপরীর	1
সর্পমানবীর	1
তেরিউস	1
ভাগ্যজোরে	1
বেশিবার	1
পৌরানিক	1
অ্যারিসের	1
যুদ্ধরথ	1
টুরনামেন্টে	1
জিতেছিলি	1
সলস্টিক	1
অন্বেষণে	1
থাকতেউ	1
চুষবো	1
দায়িত্বপূর্ণ	1
লুককেই	1
তাত্বিকভাবে	1
রক্তরা	1
গেয়ারজট্রামিনার	1
পাতে	1
দিপ্তি	1
ছড়াচ্ছিল	1
কোলচিস	1
ষাড়কে	1
শ্রদ্ধেয়ভাজন	1
ষাঁড়টা	1
সাইক্লোপসরা	1
ষাঁড়টি	1
প্রহরার	1
বিষপ্রয়োগ	1
বিলোপ	1
ধটনা	1
হারমোনিয়ার	1
ম্যাজিকল	1
গ্র	1
ডেলফির	1
ফোবাস	1
পাইথনের	1
সময়েরও	1
ক্রনাসের	1
ক্রনাসকে	1
সমুদ্রদেব	1
দৈববানীতে	1
বেড়াকে	1
আন্ডারসিট	1
স্যাটায়ারই	1
ট্রাইএঙ্গেল	1
স্যাটায়ারের	1
এনাবেল	1
সেন্টর	1
আবাসস্থলকে	1
ইকনিউটি	1
চ্যাম্পিয়ানের	1
চাম্পিয়ান	1
মল্লযুদ্ধ	1
ঠেকাবে	1
যেখানটায়	1
সেখানটা	1
সার্সিল্যান্ডে	1
সার্সিল্যান্ড	1
সুদর্শনার	1
বাংলাদেশী	1
ক্যাবে	1
ক্যাবটাকে	1
গ্যানিমিড	1
পেয়ালাবাহক	1
এঙ্গার	1
ড্রাইভারে	1
টেমপিস্ট	1
অপশনটার	1
ভেবেছটা	1
খয়রাত	1
দেবালয়ে	1
দেবালকের	1
গ্রহক	1
জাফরি	1
হেকাটানশিরি	1
তারপরেউ	1
আরটিক	1
রোড্রিগেস	1
হেফিস্টাস	1
হারমিসকে	1
সিপ্টে	1
ক্যাসটেলান	1
এইগুলোকে	1
চমৎকারতো	1
টাইটা	1
স্টেইট	1
প্রসেসিং	1
সম্প্রসারণের	1
ইচ্ছাগুলোতো	1
দন্ডে	1
চুলতো	1
লাগাচ্ছনা	1
প্লিজও	1
অথবার	1
বায়বীয়	1
অবমুক্ত	1
জিনিসিটা	1
আন্ড্রমিডা	1
চেসেপিক	1
বিলাসতরী	1
স্ট্যায়ারকে	1
সরাউ	1
কাঠখড়ি	1
রোড্রিগেজ	1
নাকামুরা	1
বোরগারড	1
ব্রিগসে	1
চতুর্ভুজাকৃতির	1
প্রসেইডনের	1
রুমালই	1
ক্লীভিল্যান্ড	1
ধংস্বকারক	1
ব্রিগে	1
এনাবেথ	1
গ্লুভারে	1
বিদ্যাদেবীর	1
দেবলোকবাসীরা	1
হীনমন্যতার	1
তালিয়াকে	1
কেরিবডিস	1
কেরিব	1
গন্ধতো	1
ট্রাইএঙ্গেলের	1
চাওতো	1
বৈদ্যতিক	1
আমাদেরকেউ	1
ভিয়েতমান	1
জম্মি	1
জম্বির	1
জম্বিরা	1
যেয়	1
স্কিলাতে	1
ফ্লরিডা	1
ডাইলেক্সিয়া	1
চোখহীনা	1
পলিফিউমাসকে	1
ব্লাডদের	1
চীৎকার	1
দেখলেতো	1
অডিসিউসকে	1
ট্রজেন	1
ব্লাডকে	1
স্যাটায়ারদের	1
স্যাটায়ারকে	1
জ্বালার	1
দৈত্যটার	1
এঁটেছি	1
ঘুমকে	1
ব্লাডের	1
অভিযানকে	1
পাসি	1
টাইসনের	1
কাসটেলান	1
দুইচোখ	1
ক্যাম্পারকে	1
বৃক্ষে	1
জ্যাকসনঃসমুদ্র	1
সৃষ্টিকর্তারকে	1
বিপদপূর্ণ	1
পশুসমুহ	1
যতোদ্রুত	1
জন্মভূমিতে	1
রাহস্যময়	1
বীচি	1
এরিকতো	1
বিভিন্নভাবে	1
নিভিও	1
লোলুপ	1
মাইয়্যাডার	1
সুমতির	1
পরেউ	1
সন্নাসীটিকে	1
কুর্নিশ	1
ঘোড়াই	1
আশ্রাম	1
এন্সারকে	1
কাশাইয়ের	1
অবশ্যিই	1
পাফিনের	1
শিমগুলোর	1
প্রবঞ্চনা	1
ঘামাবেন	1
গঞ্জে	1
গাড়িটাতো	1
এজাবেলঃ	1
দায়িত্বাবান	1
চাচাঃ	1
অন্ধকারাছন্ন	1
ছুবিগুলো	1
করেছিলামতো	1
রাজরক্ষীরা	1
রাক্ষা	1
অ্যাভেঞ্চারের	1
অভিযানটি	1
পেশাদারদের	1
প্রমানে	1
নর্তকীদের	1
কুসংস্কারাছন্ন	1
টালিহো	1
জাওয়ানেরা	1
রডেরিক	1
কৌশলি	1
এইপথে	1
লেড	1
ল্যাড	1
উজির	1
চেঁচায়	1
যতোদুর	1
শিইখা	1
কইছোস	1
দাপট	1
ফলেন	1
যোগসুত্র	1
মুকুটে	1
বিলিন	1
বন্দিগণ	1
মীর	1
তলোয়ারগুলো	1
এলিমন্টকে	1
গিন্নির	1
কবো	1
ডগাগুলো	1
দূর্বাঘাস	1
দৈত্যটিকে	1
রোডেরিকিকে	1
কিংবদন্তীগুলো	1
নামছো	1
শেষটাতো	1
ফেলোনের	1
হেইয়ো	1
কিংবদন্তীর	1
আশ্রমের	1
ইজাবেলকে	1
শোধাবার	1
রাখাতে	1
ছুটাও	1
মনুষ্যদের	1
আংটাগুলো	1
রাজ্যদের	1
পাটাতনগুলো	1
জিভে	1
স্যাক	1
রক্ষীদল	1
ধুমধামের	1
গগনের	1
পুরুদ্ধার	1
গ্রীনে	1
বলিনকে	1
হিক্	1
টিউনিস	1
হাসপিটালে	1
ডিপ্লোমেটিক	1
আগেরগুলোর	1
স্যান্টসের	1
করতাসি	1
বাস্রাতে	1
সেরাগুলো	1
এহানতে	1
চক্করও	1
আমগোরে	1
ওক্	1
খাটলে	1
আগ্রিম	1
খাটমুই	1
ক্যারামের	1
উড়তাসে	1
পাইতাসত	1
ঐখানের	1
আমগোর	1
এহনি	1
পিষষা	1
যাইত	1
পিষত	1
ভেগ	1
অপরাধীরাই	1
দুর্বলদিক	1
দেখতাসিলাম	1
চিকনি	1
পালটাচ্ছিল	1
সিক্যুয়েনশল	1
হায়ড্রোলিক্স	1
সাস্পেনশন	1
জিযেল	1
কিপটামি	1
৫৬০	1
হর্সপাওয়ারের	1
বাবুর্চিদের	1
মিসকিন	1
বেকারে	1
কইরনা	1
স্পিতজার	1
খাইতেও	1
পারসনা	1
পইট্টা	1
র‍্যাম্প	1
প্যান্টও	1
ঘড়িটাও	1
ক্রেতাকে	1
হেডঅফিসে	1
পেমেন্টের	1
গ্যংয়ের	1
ব্রাগাটা	1
আমরে	1
লূ	1
এদ্বারা	1
ভাংছ	1
স্টেশিয়াক	1
ডেটাতে	1
ব্রাগাকে	1
ধরিসনা	1
টেনসাইল	1
এডার	1
চালাইসি	1
পারলিনা	1
ক্যামারো	1
অর্টিজের	1
পুলিশগিরি	1
সামলাতাম	1
বাড়ানও	1
হাইট্	1
সাঁতরানোর	1
হুঁশিয়ারি	1
সাউথইস্টের	1
তেজকে	1
ধরনেই	1
কম্পোনেন্ট	1
জাহ	1
সড়াতে	1
তারপ	1
পাখাটার	1
পারছস	1
ফেলিসনা	1
গ্যারাজ	1
জিযেলকে	1
পুলিশওয়ালা	1
বন্ধনেরর	1
লাগাইসি	1
মুইত্যা	1
ধরসে	1
ভাস্	1
অর্থকে	1
চেননা	1
বকচোদ	1
শীগগির	1
বাধাস্	1
গুষ্ঠিরে	1
পনেরটা	1
ভ্যালিয়াম	1
চেচেন্	1
পালটানো	1
হিয়নের	1
জের্	1
উৎসগুলো	1
এলবামও	1
বুথের	1
চার্চও	1
সউলের	1
সংসু	1
মাঝামাঝিতে	1
দিনলিপি	1
আত্মকথা	1
কাটছেনা	1
ডায়ানার	1
শপথগ্রহণ	1
হিয়ন	1
ছাওয়া	1
ফোনবুথটা	1
ব্রিম	1
কিয়ং	1
আজইপ্রথমএলাম	1
বৃহষ্পতিবার	1
এমবিসি	1
ইম	1
দুক	1
শরীরচর্চার	1
ইনফ্লুয়েঞ্জার	1
ছিটকিনি	1
স্লাইস	1
সাপোজিটরি	1
হারিয়েছিলেন	1
প্রাপ্যটুকু	1
নিঃসংগ	1
বিভ্রমে	1
পিঁপড়েরা	1
বেজন্মাটাকে	1
ভায়ো	1
ড্র্যাগনের	1
পেঁয়াজপাতাটা	1
বাকিটুকুতে	1
মিটলে	1
রিস্টেডাল	1
সিজোফ্রেনিয়ার	1
সময়কালটা	1
২৬০	1
আইডিঃ	1
ঘনিষ্ঠদের	1
খুঁজুনঃ	1
চিরতরুণটা	1
আইডিটার	1
৪০৭	1
উৎপাটন	1
পেইস্	1
উভয়সংকট	1
নিঃসঙ্গতায়	1
ভুগিনি	1
মিটলনা	1
আড়িপাতার	1
সার্ভিস্	1
বানচোতটা	1
ব্যাচেই	1
হাবছুন	1
দাঁতওয়ালা	1
মুক্তিই	1
নাংচুট্টি	1
ভাতারখাগী	1
উদ্রেককারী	1
বারবিচুরেট	1
পানিচক্র	1
বেশ্যাপনার	1
সিম্	1
মেয়েমহলে	1
শিক্ষাবর্ষ	1
তাৎপর্যটা	1
জানোইনা	1
রটানো	1
ভাগিনার	1
তারিখটাও	1
সম্মোহনকারী	1
রিংটোনের	1
সঙ্গিনীদের	1
জেলটা	1
সাংনোক	1
ত্থেকে	1
স্বত্তেও	1
জিভই	1
সম্মোহনটা	1
পেন্ট	1
সত্তরে	1
পৌঁছুলেই	1
এটাঠিকআমাদেরদুটিছিল	1
কিন্তুআমরাশিখেছিএকটিদম্পতিযেবাড়িতেআটকেযখন	1
মিছরিতৈরিএকটিঘর	1
আপনিযদিকরত	1
একটিহত্যাজাদুকরী	1
আগুনতারগাধাসেট	1
আকর্ষণীয়তা	1
উদ্ভেদ	1
স্থানীয়জায়গাকাছাকাছিযেতেহবেনা	1
তদন্তশুরুকরারভালজায়গাকরুন	1
কোনোবাচ্চাদেরকোনট্রেস	1
আমিদুঃখিতকরুন	1
চন্দের	1
সড়ক	1
লুকানর	1
উল্ফগ্যাঙগ	1
মাত্রায়	1
প্রতিকারও	1
পোকামাকড়ের	1
বিচারালয়	1
হাঙ্গার	1
উদ্রেককর	1
সোয়ালো	1
হেল্পকরুন	1
রোদ	1
ইলেভেন	1
স্ট্রিক্টলি	1
দানশীলতা	1
কোনওটিই	1
অনুযোগ	1
তিনিজাদুবিদ্যা	1
ছে়ড়	1
ডুবো	1
সন্ধ্যাবেলার	1
ব্যাজারের	1
শয্যা	1
এবংতাদেরদুটিসুন্দরশিশুদেরসঙ্গে	1
তারাখুশিকরুন	1
কিন্তুদীর্ঘজন্য	1
চাঁদেরসময়সেখানেএকটি	1
যেআগুনআপনিইমিউনকরতে	1
একটিগ্র্যান্ডহোয়াইটজাদুকরীহৃদয়	1
কিন্তুআপনারমা	1
এটাআপনিহতে	1
এটাআপনারহৃদয়হতে	1
মানুষেরকরুন	1
সেআপনারবাবাআপনাকেআড়ালবনমধ্যেআপনি	1
তিনিতারাতারথেকেকি	1
কিন্তুসেচালানোরজন্যখুবগর্বিতছিল	1
এবংএকটিসাদাজাদুকরীমানুষেরবিরুদ্ধেতার	1
আপনারপিতাতারজন্যফিরে	1
আপনারমায়েরবার্নযৌন	1
সর্বস্বান্তহয়েছিল	1
এবংরক্ত	1
চাঁদেরপাশকরুন	1
উপস্থিতথাকে	1
পশা	1
ওয়াক	1
রিভেঞ্জগতপরিবর্তননা	1
ফিরেআমাদেরবাবাআনতেহবেনা	1
সত্যজানতেকরুন	1
আমরাএখনযারাজানেন	1
তাইনাতারা	1
তারাআমাদেরগল্পজানি	1
আমাদেরক্ষমতা	1
তোমারদর্শনলগ	1
আমরাকিকরতে	1
এবংতারাআমাদেরভয়	1
বিশ্বেরভাল	1
অনুশীলনকারী	1
আমরাআপনারজন্যআসছেহয়	1
যেখানেআপনিকোনব্যাপার	1
আপনাকেখুঁজে	1
এবংমৃতবা	1
আমরাআপনাকেনিচেনেব	1
আমারভোট	1
মৃতকরুন	1
তেষ্টায়	1
স্ট্যাডল	1
ওকেনশিনল্ড	1
থারিনের	1
মাউন্টেনকে	1
ডার্কার	1
চালনাকারীর	1
অগ্নিশ্বাস	1
খারাপে	1
ওয়ার্গ্	1
বেওর্ন	1
টোনার	1
তন্ত্রের	1
আযোগের	1
সংখ্যাগরিষ্ঠদের	1
বহুরূপীদেরকে	1
মোরিয়ার	1
গুলডুরের	1
নেক্রোম্যান্সারদের	1
ভসরা	1
ফল্	1
শায়ার	1
ওভারলুকে	1
গ্রীনউড	1
ধূম্রজালে	1
অস্তের	1
আ্যটারকুপ	1
গাঞ্জার	1
গোলাকারে	1
চীজটা	1
রাজভাণ্ডার	1
থ্রানডুইল	1
ঘরহীন	1
পচো	1
সমঝোতাই	1
সিলভান	1
মেরেথ	1
গিলিথ	1
এলডারদের	1
গ্রীনওয়ে	1
এরিওস	1
মাবূদ	1
রিংরেইথ্	1
দুষ্টকে	1
পট্টী	1
কোটও	1
ভরণপোষণ	1
ধনরত্ন	1
অজ্ঞাতায়	1
মর্গাল	1
ডুয়ার্ফকে	1
বাঁধাকে	1
ছিন্নবিন্ন	1
সীমারেখায়	1
বজ্জাৎটার	1
টোলগেটে	1
এইসবকিছুর	1
ফুঁসলিয়ে	1
পুরাতনরা	1
নতুনরা	1
গুজবও	1
রটিয়েছে	1
চোরটাই	1
ডুয়ার্ভিশ	1
ডেলকে	1
হারপূণের	1
ক্রোবিল	1
ট্যাপেষ্ট্রি	1
অংকিত	1
জবানে	1
থ্রেইনের	1
থ্ররের	1
সন্তাত	1
ধনরত্নে	1
তুফানে	1
গির্টনই	1
তীরই	1
লেকবাসীর	1
বোফার	1
শুনিয়েছেন	1
স্মাগদের	1
জনশূন্যতা	1
ওভারলুক	1
গুলডুর	1
গ্যালাড্রিয়ালের	1
ভাঙ্গতেই	1
ঠোকরাবে	1
থরি	1
কিংসফয়েল	1
রূপকথায়	1
মহানত্ব	1
শুকিনি	1
যাপ	1
আর্কেনস্টোনের	1
ওকেনশিল্ডের	1
প্রত্যন্ত	1
হ্যারিকেনের	1
ওকেনশিল্ডকে	1
ড্রাগনা	1
টিলডা	1
ভেষজের	1
মহীমা	1
কাঁতরে	1
আগুনেই	1
পুড়বে	1
বেলোগুলো	1
দেহলির	1
লেকবাসীদের	1
কাপুরুষগুলো	1
আউটপোস্ট	1
বিধানকর্তা	1
বিপর্যয়কে	1
জডকে	1
লারাকে	1
জনন	1
অচ্ছুত	1
ছিটিডালের	1
কোডেক্সটা	1
তারাগুলির	1
ফ্যানটম	1
ফাওরা	1
ছিটাডালের	1
রক্তপাতই	1
শতবর্ষের	1
প্রক্ষেপণ	1
রিকনডিসনের	1
জালটাকে	1
হেরালডসন	1
উপসাগরেররিগভালভকাজকরছেনা	1
হেরাডসন	1
ভুলেযাওতাদেরকথা	1
বাইনোকুলারটা	1
৬৫১০	1
হ্যালিপ্যাডে	1
কানসাস	1
জোনাথেন	1
লানাও	1
ফোরডহামের	1
ক্লার্কের	1
নভোযানের	1
ধাতুবিদকে	1
সারণীতেও	1
পরিবর্তনগুলিই	1
সারাজীবনও	1
এলসমেয়ারে	1
গর্তটাতে	1
আমেরিকানও	1
ইউবাঙ্কস	1
কলামগুলো	1
বাহিনির	1
নরেলকম	1
হ্যামইল্টন	1
সিকস্কি	1
প্রতিধ্বনির	1
সময়কালের	1
ভুতুরে	1
বছরেরপুরান	1
রক্তপড়া	1
বরফস্তুপের	1
আইসোটোপ	1
উদ্ধারকর্তার	1
সংগ্রামটি	1
বহিঃজাগতিক	1
বোম্বা	1
ফেরাই	1
ঘ্রানশক্তি	1
টারর্টল	1
ব্যাস্ততম	1
সীমানাকে	1
অতীক্রম	1
দলরা	1
উত্তরাধীকার	1
অনুস্থানের	1
ইদূর	1
পেয়াছো	1
পচিয়ে	1
দীপকে	1
বাহিরেও	1
পরমানু	1
দোলাতে	1
ওইটাও	1
ফুলকলির	1
উৎকণ্ঠিত	1
দুর্বলের	1
চাওয়াবে	1
পাখিতে	1
পচারা	1
মুখপোড়ার	1
নটক	1
ছরিয়ে	1
নথিটা	1
কলিটার	1
প্রযত্নে	1
রাত্রিতে	1
চন্দ্রিমা	1
ফোঁটার	1
তদেরকে	1
কলিকে	1
হরিণে	1
মৃতুর	1
ছব্দবেশে	1
মূনহ্যাভেনে	1
সাহসিকতায়	1
উস	1
দেড়ি	1
খোলকের	1
পচাঁরা	1
চুড়াতে	1
এককভাবে	1
পঁচাদের	1
পঁচাকে	1
জাঁহাপানা	1
গতীকে	1
গঠনটাও	1
লিফবয়	1
ভূলভান্তি	1
সিওলের	1
ক্রেনটা	1
দূঘটনাটি	1
ছড়িয়ো	1
নাত	1
কিছ	1
গুরত্তপূর্ণ	1
ফেশন	1
শুনলও	1
এইকাজ	1
বাকরূদ্ধ	1
ব্রেন্ড	1
ধুয়ার	1
আইছেরে	1
বেস্ত	1
মাস্কছাড়া	1
দূরগন্ধরে	1
জালাওত	1
ভালছিলাম	1
পটাটে	1
তাইত	1
পটাইটে	1
পারনাই	1
সুকও	1
উমাইনজার	1
আভিভাবকের	1
খারের	1
জাএ	1
বায়্যাং	1
মানষদের	1
ভিতেরে	1
স্মাট	1
পেছিলাম	1
মূহুতের	1
করনেই	1
অসাভাবিক	1
ওষধেও	1
কন্ট্রেইনারটি	1
সাদাদিধে	1
কন্টাইনারটি	1
দেখের	1
এভাইড	1
দ্রু	1
টিমফ্লু	1
দং	1
নম্বারটি	1
তোমারমত	1
বুনডাং	1
গুরুত্তপূর্ণ	1
৪৭২	1
সিউলেরই	1
ভয়াভহ	1
সোয়াইন	1
ফ্লুর	1
মারাত্তক	1
বুংডাং	1
রোগি	1
আছসি	1
আমিকি	1
মে৪	1
বেলা৩টাবুংডংএপ্রবেশেরপথ	1
মিরেকে	1
স্থীর	1
থেকেউ	1
সদস্যগন	1
সুরুক্ষার	1
যানন	1
আবস্থার	1
মুহূর্তেএ	1
ছাড়বার	1
ছেড়না	1
সময়য়	1
জেই	1
আপনাকেউ	1
একধরনে	1
যেজিয়াং	1
জিয়াংসুতে	1
মানবদেহে	1
রেখেগেল	1
সুস্থদের	1
তরুণা	1
ছেচড়ামি	1
কাশ	1
নাগরিকগন	1
চেতলে	1
স্কুলগুলোতে	1
কিহবে	1
শিউলেও	1
শহরজুরে	1
বির্তক	1
তাদেরকেউ	1
বুংডংকে	1
গুক	1
চুন্নাম	1
তোমারাউ	1
৩৮৭৪	1
৩৮৯৫	1
বলদগুলা	1
ভেরিফাইড	1
নিরোধক	1
শোণ	1
পাঠাইও	1
সবদোষ	1
ফিল্টারিং	1
এখানেত	1
মাস্ককি	1
বেশকিছুক্ষন	1
এন্টিবডিকে	1
হোউ	1
মুইউং	1
চূ	1
মেলিটারি	1
মিরের	1
তারাকি	1
ইন্টারসিটি	1
সিউলকেউ	1
স্নিডের	1
দিয়েছন	1
বিসর্যন	1
গরিষ্ঠদের	1
নির্অস্ত্র	1
এমনিতেউ	1
আনুমতি	1
কোরিয়াকেই	1
বাচাব	1
ওসান	1
ফ্লুতে	1
সু্যোগই	1
প্রতিষেধটি	1
কিসেন	1
বলবেন্	1
রিপোর্টই	1
কারাডুমান	1
এজায়গায়	1
প্রতিবেশীরে	1
ইহকালে	1
পাচজনের	1
আছড়কৃত	1
রোগব্যাধি	1
স্বাগত্যম	1
সারাদেহ	1
পরীক্ষামুলক	1
বিজ্ঞানীরাই	1
মূর্খরাই	1
বেরতে	1
অক্ষরগুলোকে	1
লেখাগুলোকে	1
প্রাণীদেহে	1
অংগপ্রত্যংগে	1
ফ্রিকুয়েন্সির	1
যেগূলো	1
রসায়নবিদ্যা	1
এডানাতে	1
ঝাড়ফুক	1
হাদিয়ার	1
হাদিয়া	1
রেফিকার	1
সমরকান্দি	1
ধুমপায়ী	1
বলী	1
সাজাত	1
মন্ত্রপড়া	1
এলাকাটাই	1
ভেড়াগুলোকে	1
মসজিদটা	1
ডাক্তারেরাই	1
তুলবই	1
ক্যামেরাই	1
স্যারেরা	1
উসমান	1
কোনাটা	1
এরামাইক	1
এরদালের	1
হেটেছিলাম	1
আচড়	1
পোষ্টমর্টেম	1
যাদুমন্ত্রও	1
টাঙিয়ে	1
কালও	1
একচোখওয়ালা	1
মোনাজাত	1
পানাহ	1
অবেচেতন	1
বিশ্বাসগুলোর	1
ঘুমটাও	1
আয়নাগুলো	1
জ্বীনদেরকে	1
মৃত্যুবাণ	1
মনোমালিন্য	1
ভ্রুণ	1
তেইশতম	1
চৌদ্দদিন	1
করায়ত্ব	1
উন্নতিই	1
নিরীক্ষায়	1
আয়নাঘরের	1
একেছিলেন	1
সলোমান	1
ব্যবিলন	1
ইজরায়েলের	1
বশবর্তি	1
ইন্টারনেটই	1
এ্যম্বুলেন্স	1
হাজারবারই	1
পারুবে	1
ইচ্ছাপুরনে	1
দোটানায়	1
ধংসপ্রায়	1
ভাঙাচোরার	1
তেপায়াটা	1
গ্রামেরই	1
কুসংস্কারাচ্ছন্ন	1
হয়েন	1
সুজুলা	1
জ্বীনেরাই	1
প্রতিশোধস্পৃহা	1
পুনর্স্থাপিত	1
গ্রামবাসীদেরও	1
শিশুরাও	1
রোগবালাই	1
গাজাখুরী	1
কাফনে	1
ঘে	1
ধৈর্হ্যের	1
খচখচ	1
প্রশাব	1
সম্পর্কীত	1
ল্যাপটপেই	1
খ্রিস্টকে	1
নবীকে	1
ভিভোকে	1
কবরস্থ	1
জ্বীবিত	1
দেহান্তর	1
আকাতকে	1
এ্যমনেশিয়ায়	1
কারাদুমানের	1
ফ্রণ্ট	1
মনোবিশেষজ্ঞ	1
যতটুক	1
বশীঃভূত	1
রানটাইম	1
ছাড়াচ্ছেন	1
কুলটাগুলিকে	1
কুলটার	1
প্রতিবেশীকে	1
বিক্ষিপ্তভাবে	1
আখিরাত	1
হরহামেশাই	1
ডিজাইনগুলি	1
ওযূ	1
ঔষধে	1
তিনিসহ	1
বিশেষজ্ঞরাই	1
ঢেকেছিলেন	1
খাটালেই	1
নিভালেও	1
সাইন্সে	1
এব্জেদ	1
কাবাল্লাদের	1
গণনানীতি	1
উসিলার	1
অনুবীক্ষণের	1
ভাইরাসও	1
কম্পাঙ্কের	1
লেখাগুলি	1
তড়িৎচৌম্বকীয়	1
ডাক্তারই	1
শিরশিরে	1
পাওয়াকে	1
প্রমাণকে	1
মূল্যায়নটা	1
জড়ালেই	1
কায়চেডিস	1
আলাইকুমুস	1
আশায়াবাজে	1
চিনছেন	1
অপরদিকের	1
ধূমপানের	1
হাড়গুলি	1
গাছগুলি	1
প্রভৃতিকে	1
নিয়্যত	1
ভেড়াগুলিকে	1
পাওয়াবেন	1
আজবাজ	1
দুরানকে	1
কুবলারদা	1
রাস্তায়ই	1
ফ্লাশটা	1
ওনিই	1
আশায়বাজের	1
ছেঁড়েছিলে	1
পরপুরুষ	1
টুরে	1
সলাম	1
বায়ের	1
ভাগুন	1
কুকুরগুলি	1
পস	1
আরামাইক	1
সংখ্যাগুলি	1
এটাকের	1
এড়াতেই	1
কারদুমান	1
চিকিৎসারত	1
সিএসই	1
মধ্যযুগের	1
শাস্ত্রানুযায়ী	1
ঘাতী	1
কর্মটা	1
বিলালের	1
বিচ্ছেদের	1
সিহরি	1
জেন্নে	1
মাতৃগর্ভের	1
বোহধয়	1
উড়িয়েছিলেন	1
জ্বিনটার	1
বেবিলন	1
ছাড়িয়েছেন	1
তুরানের	1
কারীমে	1
জ্বালের	1
কালামের	1
কুবরাতো	1
মারাবেন	1
ছাগু	1
মিটেনি	1
ঐটাতো	1
দুর্ব্যবহারের	1
জড়িয়েছি	1
ভিটা	1
হিস্টরি	1
সংস্কারাছন্ন	1
ইলিয়াসকে	1
পোঁকা	1
ইলিয়াসের	1
ঢুকুন	1
ধনের	1
রতন	1
আজমিরে	1
বংশধরের	1
জিবনীশক্তি	1
সমবয়স্ক	1
যাহুরিয়াশকে	1
সারেনা	1
যাযাবররা	1
খামোকা	1
জ্বিনটা	1
রেমিযের	1
লোভটাই	1
ভোগছে	1
বেঁচেছিস	1
বানমারারমন্ত্র	1
এটিএ	1
ডিএমএ	1
মারগারিতা	1
বুটিং	1
লিংকটি	1
স্ট্যান্ডিং	1
ছিয়ানব্বইয়ে	1
কওলাস্কিও	1
ছুড়েছি	1
এডওয়ার্ডে	1
টিজুওয়ানা	1
জ্যাটপ্যাক	1
প্রোটোটাইপের	1
এক্সিসের	1
ফুটোয়	1
জেটপ্যাকটা	1
ইঞ্জিয়াররা	1
ইঞ্জিনিয়াররাও	1
চলু	1
হাততালিটা	1
মাকারিনা	1
খাওয়াটাকে	1
কম্পোনেন্টগুলির	1
হাবলে	1
জানানর	1
সলভেভ	1
বিলম্বটা	1
চিহুয়াহুয়াকে	1
সপ্তহটা	1
উনহ	1
নোরেড	1
২০হাজার	1
কক্ষপথটি	1
নাড়াচাড়ার	1
কিনারাকে	1
আদিরূপ	1
আদিরূপের	1
হাভর্ড	1
প্যানেলটাকে	1
প্রথমদিনের	1
বারবান	1
ষ্ট্রীট	1
মারগারিটাভিলের	1
জরুরিভাবে	1
ক্ষেপণাস্ত্রের	1
বিক্রিয়া	1
স্যাটেলাইটকেই	1
স্যাট	1
সুচ	1
অনেকগুলিই	1
স্যট	1
আমাদেরযেতেহবে	1
আমাদেরযেতে	1
মিটিওরোলজিকাল	1
আসাকে	1
নেওার	1
রিপোর	1
এক্সপ্লোরারের	1
দৃশ্যম্যান	1
আমিএক্সপ্লোরারকে	1
সাঁটলটা	1
ডায়ালের	1
স্টেশনটাকে	1
রিডিংটা	1
পিএসআই	1
টর্চটা	1
ঁ	1
ডারবিস	1
কক্ষপথকে	1
ঘঠছে	1
দ্যট	1
পলিসিটা	1
কিনারগুলি	1
করছিঃ	1
এসটিএস	1
আমদেরকে	1
পোড	1
গেরেছো	1
ছোঁওয়া	1
ছুয়ি	1
সয়োজটার	1
এইম	1
এয়ারলকটার	1
জায়রা	1
পুনঃঢোকার	1
ঐখানটায়	1
লাইফবোট	1
সয়োজের	1
জিনসটাকে	1
জাহজটা	1
এনাটোলির	1
গেঞ্জিস	1
ক্যানাভেরাল	1
কনফার্মের	1
সটিএস	1
ম্যানুয়ালে	1
অ্যাক্টিভেট	1
এখান্	1
আনহ	1
কোনে	1
টিএমএ	1
জালানি	1
পারানি	1
শোনাচ্ছিলেন	1
এনাটোলি	1
জদরোভজি	1
অবতরণই	1
সিমুলেটরকে	1
রাইডটা	1
পৃথকিকরন	1
আচরাতে	1
আকাশমণ্ডল	1
শোয়জ	1
মাইনি	1
এফএম	1
মধ্যপশ্চিমের	1
ধৈর্যসহকারে	1
জ্যানেটের	1
ওয়্যারেন	1
বেইটি	1
ডেলি	1
চামচটিকে	1
নাড়ানি	1
মাংসাষী	1
পু্রাই	1
ইলেকট্রিশিয়ানকে	1
পরস্পরে	1
যাজিকা	1
বিজ্ঞভাবে	1
কুসংস্কারমুক্ত	1
পক্ষীকূল	1
এলোমেলো	1
সিটেই	1
ফরসিয়ে	1
রিপাবলিকেইন	1
উইনিয়ন	1
প্রতিশ্রুতিই	1
অন্তুভুক্ত	1
অর্ন্তদৃষ্টির	1
পাগড়ীর	1
০৮	1
এরকমতো	1
বায়ূর	1
বাকিদুটো	1
টার্কেলসনকে	1
কাওয়ানের	1
কপারফিল্ড	1
ইন্টাপোলের	1
একুইয়েটজ	1
নির্দেশপ্রাপ্ত	1
নির্বোধগুলোর	1
মনোতত্ব	1
মধ্যেকার	1
ছিলোনা	1
যামানায়	1
অকালপক্ক	1
মনোবিদ	1
মনোতত্ত্ব	1
অডিট	1
মিককিনি	1
স্মৃতিচারনের	1
হেলমেটা	1
দুষ্কর্মের	1
নেভাদার	1
ডিষ্ট্রিক্ট	1
এর্টনী	1
ছঁকে	1
চেনো	1
সেশনের	1
চেহারে	1
চোরেরা	1
অসত্য	1
সীমাব্ধতা	1
সোডাটায়	1
চলচিত্র	1
প্রদশর্নীর	1
কতলোক	1
মাঝারী	1
ব্রাডলির	1
বেড়ি	1
লোকটানার	1
হারমিয়া	1
পর্যায়ক্রমিকভাবে	1
ভাগ্যবানের	1
ভিভা	1
মুদ্রিত	1
সাজোয়া	1
ফিনালে	1
উকিলকেই	1
প্রতিদানহীন	1
প্রাপ্যতার	1
শক্তসামর্থ্য	1
থেডিয়াস	1
সামলেছে	1
হেনলির	1
তূল্য	1
মার্দি	1
অরলিয়েন্সে	1
বলাকে	1
ম্যাক্সমিলান	1
যত্ক্ষন	1
এ্যাটলাসদের	1
দিজ	1
চাবিটাকে	1
নিঁখুতভাবে	1
ভ্রমকে	1
সোয়াম্পল্যান্ডের	1
মরমিবাদের	1
দাড়িয়েছেন	1
দ্বন্দেরও	1
আইনজীবিরাও	1
খুঁড়লে	1
খাওয়াতো	1
হরতনের	1
ভেলভিটিন	1
স্যাভয়	1
খাটিয়েছে	1
কার্ডটাতে	1
কার্ডটাকে	1
পুঙ্গি	1
তুলতুলিকে	1
ছড়িটাকে	1
তুলতুলিটা	1
নিবারন	1
ছেঁড়ার	1
প্রত্যেকেরটা	1
ফ্রেনিক	1
হেকি	1
ব্যালেন্সে	1
গুনুন	1
৬৫০০	1
ট্রেসলারকে	1
ফিনালের	1
তারটাও	1
৬৫১	1
একটাউন্টে	1
জোসেফার	1
৪৭৭	1
লুন্ঠিত	1
পরিশোধকৃত	1
বুরগান্ডির	1
বরবর্নের	1
বারবর্নে	1
নেপলিয়ন	1
খবরঃ	1
সংক্ষমতা	1
নাস্তানবুদ	1
হাতড়ানো	1
এ্যাটলাসকে	1
দিয়েছো	1
হরাসের	1
এবরা	1
অহংবোধের	1
জরিয়েছেন	1
লক্ষ্যই	1
কুন্ঠাবোধ	1
কেনো	1
প্রার্থীকে	1
গুপ্ন	1
এ্যাটলাসের	1
খোঁজো	1
ঠাইসা	1
পুঁড়িয়ে	1
রাধুনীকে	1
সম্ভ্যাব্য	1
প্রত্যক্ষণ	1
টিভিতেঃ	1
এ্যাকশনের	1
ঘোড়সওয়ারীর	1
সহযোগীর	1
কার্যকারন	1
ট্রিকগুলো	1
রাখছিলে	1
কেসেই	1
বেঁধেই	1
সূত্রকে	1
জাদুকরটা	1
এলকর্নের	1
অতিগোপনীয়	1
জাদুকরগুলো	1
অরলিয়ন্সে	1
পিঁছু	1
জাদুরকৌশলের	1
জেন্টেলম্যানেরা	1
এ্যামেরিকান	1
বলেছেো	1
ফ্রেঞ্চদেরও	1
পাহাড়কেও	1
থি	1
আমিকেসটাতেহেরেযাচ্ছি	1
তোবিশ্বাসমহামূল্যবানকিন্তুএটার	1
পরিপূর্নতা	1
মেরিটঃ	1
নির্দেশঅনুসারে	1
বেটোভেনের	1
কনসার্টো	1
ওয়াইল্ডারের	1
কুইনস	1
০৭	1
দেখবো	1
লায়োনের	1
ডিভিডির	1
শৈল্পিকরূপ	1
জীবধারনের	1
আখাম্বা	1
হেল্লো	1
সুন্দুর	1
তদানুযায়ী	1
তেরিকা	1
ভবিষ্যতদ্বানী	1
রোলিং	1
ভালভাবো	1
কক্ষটিও	1
সিন্দুকটিকে	1
কক্ষটাকে	1
কৌশলটাকে	1
ভাবিয়েছে	1
ভাংছিলো	1
অন্যন্য	1
ঘোরসওয়ারীরা	1
পুরন্ত	1
উ্ল্লেখযোগ্যভাবে	1
দাবীকৃত	1
গরিমায়	1
কোনাগুলো	1
দিলেনম	1
দৃঢ়তার	1
যুক্তিসম্পর্কে	1
বাতিকগ্রস্থ	1
নতু	1
চাটছ	1
মার্কাই	1
এলাহি	1
কারচুপি	1
ফাঁকির	1
ফেরিগুলো	1
কষ	1
সোনামনিকে	1
ঝিঁঝির	1
ভায়াগ্রা	1
প্রাপ্যটাই	1
উপাত্তই	1
ছদ্দবেশ	1
বৃদ্ধটাকে	1
অলক্ষুনে	1
বৃদ্ধটার	1
রসিদের	1
উপপত্নীর	1
কন্সট্রাকসনের	1
ত্রয়ীদের	1
শিখরি	1
অতিথেয়তার	1
সাহায্যপ্রাপ্ত	1
পছম্দ	1
হরিয়েছো	1
কারনস্বরুপ	1
প্রসিকিউটেড	1
গ্যাংস্টারে	1
সংস্থাটির	1
ব্যহত	1
দ্বিমতের	1
ঢালামি	1
হাঁদারামগুলো	1
উল্টায়	1
হিজরাগুলি	1
বৃদ্ধটা	1
মড়ায়	1
সন্ধিই	1
বদমাইশটাই	1
আতেল	1
বুঝিয়েছিলাম	1
ধরপর	1
বদমাইশটার	1
চাটুকারগুলো	1
কপির	1
ছুঁচোটা	1
প্রোটোকলের	1
খড়গ	1
অপরাহ্নে	1
চড়বে	1
ভ্রমণপথ	1
চাটুকারিতা	1
চাটুকারদেরও	1
রুঢ়	1
ময়দানের	1
প্রসিকিউট	1
ছুঁচাকে	1
এতকিছুই	1
নোটিসের	1
গ্রুপই	1
আনমনে	1
হিজরাগুলো	1
সুরুচিপূর্ণ	1
রাহাজানি	1
পৌছবো	1
গোচর	1
লক্ষনীয়ভাবে	1
বাচিঁয়েছিলো	1
ষন্ডা	1
প্রসিকিউটের	1
রুচিদায়ক	1
উপার্যনের	1
একমুহুর্তেই	1
লাফির	1
আাদেশ	1
সহযোগিতাপূর্ণ	1
প্রোফিশনাল	1
স্বভাবসুলভ	1
ওয়ারহাইজে	1
ধূমপাণ	1
ইনফো	1
কান্টটা	1
কুত্তিটা	1
কনর্ফাম	1
শোষকটা	1
পশ্চাৎ	1
ইন্সট্রাক্টর	1
মেন্টর	1
মাদারচাদ	1
জারজগুলো	1
গলাটাও	1
চাটুকাররাও	1
ফাঁসালো	1
আশীর্বাদের	1
ফ্লিপড	1
চামচারা	1
পাওয়ারহীন	1
সন্মত	1
বোঝাপরা	1
ডেটাবেজ	1
কন্টাক্টকে	1
চটুকাররা	1
বানচোতের	1
ধোঁকায়	1
হীনজ্ঞান	1
রিকোভারিতে	1
উজর	1
প্রসেসের	1
বেপরোয়াভাব	1
পরিবেষ্টনকারী	1
চনমনে	1
জয়েন্টদের	1
হ্যান্ডেলার	1
ইন্টেলে	1
ব্রাস	1
বিদ্ধস্ত	1
উপর্যুক্ত	1
টানতাম	1
প্রার্থীতা	1
গদির	1
চলচিত্রে	1
মূহর্তেও	1
গাদ্দারই	1
সিউক	1
সংঘঠনে	1
নির্মাণশিল্পের	1
পোলাপানমার্কা	1
চাটছো	1
জুগ	1
খোলাখুলিভাবে	1
লংকাকান্ড	1
ক্ষেতমার্কাই	1
এলাহী	1
ঋণখেলাপ	1
ইয়ানিয়ানের	1
যৌবনখেলার	1
ভবেছিলাম	1
গোল্ডমুঙ্কে	1
সৌভ্যাগ্যের	1
গাদ্দারের	1
রেফ্রিজারেটরটা	1
ঘোরালি	1
গতিপথই	1
পাদপ্রদীপে	1
দর্শনার্থীকে	1
চেলাভানুরের	1
পাপিষ্ঠদের	1
নিরাপদবোধ	1
মতিগতির	1
থেমেছিলি	1
এশিয়ানেট	1
স্বরাষ্ট্রমন্ত্রীও	1
কাতারের	1
পাঠালি	1
এরনাকুয়ালাম	1
খুজছিলি	1
১৪৭৬	1
২০১২১	1
চ্যাম্পিয়নশিপে	1
মহারাষ্ট্রে	1
সুপারিনটেন্ডেন্ট	1
মাটানচ্যারির	1
গভর্নরকে	1
ম্যাডেল	1
সনদপত্র	1
এফোর	1
ওফোড়	1
ছুটোছুটির	1
কিতাবেই	1
ক্ষেত্রবিশেষে	1
মানুষদেরকেও	1
অতিথিও	1
জবানবন্দীর	1
ব্যালস্টিক	1
আটলান্টিস	1
জাংশনে	1
বাড়িটে	1
বিল্ডিঙ	1
সুধাকরনকেও	1
অহংবোধটা	1
ডগস্কোয়াড	1
ঝাকড়া	1
গোলাকৃতির	1
উর্ধতন	1
যাত্রির	1
ঝুটঝামেলার	1
মনমানসিকতা	1
এনগেজম্যান্ট	1
খোলামনেই	1
ইস্যুকে	1
জবানবন্দিগুলোর	1
তাদন্তিক	1
মাওবাদীদের	1
বিশেষায়িত	1
এজেন্সিগুলোকে	1
টেবিলটাতে	1
ডিজিপি	1
রাগতসরে	1
চাপটা	1
ফ্যামিলিও	1
যোগসাজশ	1
সংযোগস্থলটা	1
পিশাচটাকে	1
মোজেসকেই	1
সাক্ষীসবুদ	1
হারাসনি	1
পদার্পন	1
পৌঁছেছিলি	1
উপরমহল	1
জড়বস্তুর	1
শিখেছিলেন	1
ওজনিয়াক	1
স্মৃতিশক্তিটা	1
কর্মস্থলে	1
পৌছতাম	1
এরমই	1
পথকে	1
হালহকিকত	1
গাঘু	1
ঊর্দ্ধতন	1
কমতেই	1
ঘুমাতেও	1
ব্যাক্তিবর্গের	1
দেখাসাক্ষাত	1
নেভালে	1
ম্যাটানচেরির	1
পাকিয়েই	1
ক্যাডাররা	1
নিয়মতান্ত্রিকভাবে	1
আনলোডিং	1
চোত	1
আঁছে	1
বিধানের	1
নীরিক্ষার	1
নেভালের	1
নথিবদ্ধ	1
বান্দ্রাতে	1
ব্র্যাঞ্চেও	1
টেরোরিস্টদের	1
প্রথমদিনেই	1
মুম্বাইতেই	1
আনিয়েছে	1
লেবেলের	1
নিরুপমা	1
তাবুক	1
গয়নার	1
সুনয়না	1
দুঘন্টার	1
নীতিনৈতিকতাই	1
নীতিনৈতিকতার	1
জেভিয়ার্স	1
ভালবাসাতা	1
স্বাগতই	1
বোনটাকে	1
চামচিকা	1
বউটাকে	1
ফাটানোর	1
কুশীলব	1
ডুবাস	1
কলিকাল	1
হর্তাকর্তাদের	1
আবডালে	1
মাওবাদী	1
অনুষ্ঠিতব্য	1
তাহির	1
মোজেসও	1
গোপিনাথ	1
স্বাদরেই	1
স্কিলের	1
সবিস্তারে	1
তাতপর্য	1
উচ্ছৃঙ্খলতা	1
সংজ্ঞাই	1
বারোজনই	1
টিয়ারগ্যাসের	1
আষাড়ে	1
মুলো	1
নিউজের	1
উতপত্তি	1
শালাও	1
গুরুত্বটা	1
পরবাসী	1
কৃতিত্বে	1
দুশ্চিন্তামুক্ত	1
রিলেশনশীপ	1
স্ট্যাটাসটা	1
বরাতেই	1
দুর্ধর্স	1
বরপুত্র	1
অ্যান্টোনিকে	1
গুজরাটে	1
ডিসিপি	1
পুলিশী	1
নোটগুলোও	1
নোটগুলোর	1
পৌছেছিলাম	1
রাখী	1
বেসেই	1
শর্তমতে	1
ইনফর্মারও	1
মাওবাদীরা	1
ইতিহাসমতে	1
শুটারকে	1
কাস্টোডিতে	1
কর্মপদ্ধতিটা	1
সুধাকরনের	1
মিশতাম	1
অফিসারেরই	1
রিজেন্টে	1
কয়েকদিনে	1
ব্যাবহারে	1
শ্রিনিভাসের	1
এএসআইকে	1
এতদিনকার	1
মেমোও	1
সুধাকারান	1
ঝঞ্চা	1
ব্যঙ্গালুরুতে	1
বিরক্তির	1
যটা	1
এএসআই	1
কোচির	1
ভিডিওগ্রাফারের	1
ভাষন	1
মর্মটা	1
অসংখ্যা	1
ভুকে	1
খোজারও	1
নিরাসক্ত	1
নষ্টও	1
সর্বময়	1
অ্যাওয়ার্ডের	1
রেবেকাই	1
আড়ালের	1
ডায়াসে	1
গুলিবর্ষনে	1
গতিপথের	1
তারতম্যের	1
টার্গেটও	1
বিল্ডিংটাই	1
বাধাবিপত্তিমুক্ত	1
খুতবিহীন	1
ত্রুটিবিহীন	1
শুটারই	1
গুলিবর্ষনের	1
দৌরে	1
দ্বিধাদন্দে	1
গাফেলতি	1
শ্রিনিভাসকে	1
আওতামুক্ত	1
নির্বিধায়	1
টীমেই	1
কৌতুহলের	1
আওতাধীনে	1
অ্যামিরেটস	1
আরামও	1
প্রোভাইডারের	1
লুকিয়েছিস	1
চেয়েছিলিস	1
মোজেসকে	1
চলিস	1
মিদিয়া	1
ভাবিওনি	1
অনানুষ্ঠিকভাবে	1
ক্লিপিংসটা	1
কিন্তুন	1
যন্ত্রনাটুকু	1
এইজাইগাটাঅনেকখারাপ	1
উত্তরথেকেদলত্যাগীরাতাদেরজীবনেরঝুঁকি	1
ধরতাকে	1
শালাকেধর	1
আমাকেসাহায্যকরুন	1
ওয়াশিং	1
তুমিএরকমজিদকেন	1
দিয়নি	1
পাইং	1
সূর্যালোক	1
গমও	1
সবকিছুরি	1
ডংডি	1
জেনং	1
৫৮৮	1
সানেই	1
আমাকেকিমহো	1
ওয়াইেরসাথেকথাবলাও	1
তোমাদেরজন্যতোমাদেরস্ত্রীঅপেক্ষাকরছে	1
হুশে	1
পিয়ং	1
সন্দেহভাজনটি	1
দলত্যাগীর	1
মিনই	1
রিফিউজিরা	1
আমরাপ্রতিসপ্তাহেযাটাকা	1
তাঅল্পনয়	1
এতেঅবস্থাআরওভাল	1
ভিতরেরই	1
গৃহকর্মীরাও	1
ডাটাবেসে	1
পিয়ংইয়ং	1
অভ্যন্তরীণভাবে	1
জায়গাটিকেনরকহিসেবেধরাহয়	1
প্রশিক্ষণেরপাশেরহার	1
এরবেশিঅতিক্রমকরেনা	1
যারাপ্রশিক্ষণেপাসকরে	1
তাদেরবাইরেপাঠানোহয়একটি	1
নির্দিষ্টমিশনে	1
এজেন্টরাই	1
জুয়ান	1
কিন্তুওখানথেকেকিছুইপাওয়াযায়না	1
অস্ত্রগুলোআরেকটিনৌকায়সরিয়েতাফিলিপাইনেপাঠিয়ে	1
দেয়াহয়	1
আমরাদের	1
উত্তরাঞ্চলীয়	1
অ্যাসোসিয়েশনের	1
রকমিই	1
হেডকোয়াটারে	1
ফিঙ্গারপ্রিন্টটা	1
নম্বারের	1
রিপোর্টেরের	1
রিফিউজিদের	1
ডংসিওং	1
তথ্যচিত্রের	1
লোকজনগুলো	1
পরিচালকঃ	1
শাং	1
ডংডিমুন	1
নিয়ন্ত্রণকারী	1
যুদ্ধেতুমিএকাথেকেগেছ	1
কিনারারদিকেযা	1
নাহলেতুই	1
তোরআমাকেমারাউচিৎছিল	1
এখনওবুঝছিসনা	1
তুইআমাকেছেড়েদিয়েছিলি	1
চিওংইয়াং	1
সামুই	1
আপনারতাঁকেথামাতেহবে	1
থানাতে	1
আমাকেছেড়েদাও	1
তোমারপিস্তলআমারকাছে	1
এবংআমাকেবলেছিলতুমিআমাকেখুঁজে	1
বেরকরবে	1
ভেরিফাইবহির্গমন	1
সিসিটিভিবহির্গমন	1
সংযুক্তকর	1
সিসিটিভিরমনিটরস্থানান্তরিতহচ্ছে	1
১মতলায়	1
পশ্চিমেরদিকেএক্সিটপথেযাচ্ছে	1
শপিংমলেরসবক্যামেরাএকত্রিতকরো	1
সিস্টেমপ্রক্রিয়ায়রয়েছে	1
মনিটরেরছবিমার্জপ্রক্রিয়াইআছে	1
পর্দায়	1
তালায়	1
তাঁকেদেখাযাচ্ছেনা	1
২য়তলায়ওদেখাযাচ্ছেনা	1
কোথায়গেল	1
সাবধানেখুঁজো	1
সবজরুরিবেরহবারপথগুলোচেককর	1
ছাতারদোকানেনিশ্চিতকরণকর	1
সিসিটিভিরিয়েলটাইমেযাচাইকরাহচ্ছে	1
টার্গেটসিসিটিভিররিয়েলটাইমেনেই	1
চোপড়	1
অডার	1
বয়দের	1
সংগঠনটা	1
যদিওআমিএটাঠিকভাবেবুঝতেপারছি	1
দুইটাগুলিকরাহয়	1
খুতিয়ে	1
মিটিংগুলো	1
দলগুলোকে	1
কর্মক্ষেত্র	1
এবংএকটাসন্তানছিল	1
কিমজংইল	1
মারাযাবারআগে	1
সেতারউত্তরাধিকারীকিম	1
জংউনকে	1
উনের	1
সবকিছুইবদলেযায়	1
শালাবিশ্বাসঘাতক	1
তুইজানিসসে	1
জিডংচিওলকেযেকিজন্যশাস্তি	1
দেয়াহচ্ছেতা	1
সেজানেনা	1
স্ত্রীরখবরপাবারপরসেকারাগারথেকেপালিয়েযায়	1
কিন্তুতারাতারশেষ	1
পরীক্ষায়পরাজিতকরারচেষ্টা	1
আমদেরসাহায্যকরো	1
আমিঅনুরোধকরছি	1
দক্ষিণপালিয়েযায়	1
টর্চারের	1
বানচ্ছিস	1
সামউইতে	1
প্রডাকশন	1
চোইরের	1
সাক্ষীও	1
খুঁজেছ	1
চাংমুড়ো	1
ইয়েওডো	1
হ্যানক্যাং	1
হ্যাংগ্যাং	1
পরিদর্শনকরারজন্যপরবর্তীজায়গাইতালিয়ানসার্জারিহাসপাতাল	1
মহাননেতারাপুরস্কারনেয়	1
গ্যাংনাম	1
যানার	1
২য়	1
ইওএস	1
রেখছো	1
রকমি	1
বক্তে	1
মাইক্রোস্কোপ	1
যেমনরাসায়নিকঅস্ত্রপ্রস্তুতকরনণেব্যবহারকরাহয়	1
উজবেকিস্তানে	1
শক্তিসম্পূর্ণ	1
এটাআবশ্যইপুতেফেলবে	1
ফ্লিমস্ট্রিপের	1
রসায়ন	1
একটুতো	1
মিনের	1
দলত্যাগীরা	1
চুপকর	1
রেখছ	1
মিনও	1
হয়েগেছি	1
পুর্ণাঙ্গভাবে	1
আমিচেষ্টাকরবো	1
অফিসারেরাও	1
যদিতাইহয়	1
ওইলোকযদিআয়া	1
গৃহকর্মীকেহত্যাকরারসময়ধরা	1
ভিডিওটেপের	1
মিডিয়াতে	1
ভিততে	1
তুমিআমারজন্যকিনেএনেছ	1
আমিজানিইনা	1
তুমিকবে	1
এবারতুমিঅনেকদিন	1
তুমিজানো	1
আমিএখনথেকেইবাচ্চাকেওরবাবার	1
গল্পবলি	1
ওযখনবড়	1
দেখতেঠিকতোমারমতই	1
প্রতিদিনওরবাবারগল্পশুনাই	1
তুমিদেখছো	1
তোমারবাবাএসেছে	1
বাবারসাথেকথাবল	1
ধরছনা	1
দিকেরই	1
আজুচ্ছি	1
তানয়আসলে	1
দোষীকেছেড়েদেয়াহয়েছে	1
জুশ	1
সুইের	1
রক্তনালী	1
গুলিটার	1
চোইের	1
ফায়ারওয়ালের	1
অ্যাডমিনস্ট্রেটর	1
অ্যাডমিনিস্ট্রেটরের	1
তোমারমেয়েবেঁচেআছে	1
ভালসিদ্ধান্ত	1
তাদেরপাশেদাড়িয়েছভাল	1
আপনাকেধন্যবাদ	1
আমিআপনাকেআরওটাকাদেব	1
পরবর্তীসময়েসেখানেছোট	1
বাচ্চাবামহিলা	1
কিমসিওকহু	1
তোমারমেয়েকেবেঁচেদিয়েছে	1
ম্যাক্রোফেইস	1
যানতনা	1
সাজিয়েছিল	1
সিডিটার	1
বিভাগিও	1
০৯	1
কোরিয়াতে	1
রসায়নবিদ্যায়	1
অণুজীবের	1
স্থায়িত্ব	1
কাঠামোটা	1
অণুজীব	1
যদিএটারোপণকরতো	1
খাদ্যঘাটতি	1
সমস্যারসমাধান	1
এজন্যেইতিনিএটা	1
পুতেফেলতেবলেছিল	1
গুপ্তচরেরাই	1
বাডিয়ে	1
আমরাআপনারকাছথেকেজানতেচাই	1
তারহাতেএকটিপিস্তল	1
ছিস	1
বর্তমানঅবস্থাকী	1
কিছুবলেনজেনারেল	1
কিমকে	1
দাড়াতে	1
বেচেছিস	1
লিডারেরও	1
আলারাই	1
দয়াকরেবলুন	1
জিডংচিওলকেকেন	1
হাতকরাপরিয়েছেন	1
সংজিওনমু	1
চিওলেরব্যাপারেকি	1
কিছুবলুন	1
তুমিএটাকরতেপারোনা	1
ট্রাফিকিংগ্যাং	1
নারীপাচারগ্যাং	1
অনেকবারকিমেরসাথেএরা	1
যোগাযোগকরেছে	1
শানডং	1
উইহাই	1
ইয়াংটিং	1
খাতেই	1
লিডারমিন	1
সন্ধায়	1
এবংআনুষ্ঠানিকভাবে	1
এরওপরহামলারজন্যক্ষমাচেয়েছে	1
জলদিকরো	1
ঘরেফেরারসময়	1
শুনতেপাচ্ছনা	1
রাত্রিকে	1
নির্মলতাকে	1
রামচন্দ্রনের	1
খোঁজতে	1
হরিয়েছি	1
হাউসিং	1
পুড়ানো	1
বলতেছনা	1
ইয়াকুব	1
পিএফ	1
চাচীকে	1
৫৫তম	1
এবির	1
চেয়ারগুলো	1
প্রাপ্তবয়স্ক	1
ষ্টেশনও	1
খেলতাছস	1
অবশ্যয়	1
শোনিনি	1
অন্যদল	1
আদুর	1
পৌছেছো	1
উর্ধতনের	1
রুবিন	1
তাঁ	1
বিদায়ও়	1
বেঙ্গালুরুতে	1
সুপারিনটেন্টের	1
রিসেপশনিস্টকে	1
পরীক্ষর	1
মধ্যাহ্নভোজের	1
ল্যাবরেটরিটা	1
৭তম	1
৬দিনে	1
মর্গটা	1
দেয়নি	1
নেগেটিভের	1
তাঁরও	1
ভিনুই	1
দেখেছন	1
লাশটির	1
সনদের	1
কারনান	1
ভগৎ	1
হয়নি়	1
পড়েছিলাম	1
মিডো	1
প্যারাসিটামল	1
জানতেো	1
সেহার	1
দিকেে	1
দেড়	1
১০টার	1
জেসিও	1
লুকিয়েছে	1
বেঙ্গালুরুর	1
দরা	1
মৃতদেহগুলো	1
একাডেমিক	1
দাহ	1
সনাক্তকরণের	1
মানছিল	1
সহায়করা	1
কয়েকজন	1
শানকে	1
শেষরাত	1
চূঁড়ায়	1
সাইকলের	1
ফেলনি	1
দাঁড়ালি	1
জড়িয়েছিস	1
ভিনুকে	1
পড়েছিলি	1
বাহকদের	1
খুৃঁজছিল	1
ওঠেছ	1
বেওয়ারিশ	1
আব্রাহামটা	1
শরছে	1
নাথালী	1
তুমরাও	1
আশেপাশ	1
কষ্টিউম	1
প্রাথনা	1
নাথেলী	1
পোষাকগুলো	1
হারচ্ছি	1
সংক্ষক	1
শবজি	1
ব্যবহারযোগ্য	1
বাড়ীতেই	1
দীর্ঘায়িত	1
গতদিনের	1
নিষেদ	1
বহণ	1
মেইনবার্গের	1
ক্ষুদ্রমানব	1
রক্তক্ষরণে	1
শুরূ	1
এফেয়ার্সের	1
রাজকন্না	1
সরাবার	1
তত্ত	1
শূনি	1
খুদার্ত	1
তুমাএ	1
পিতৃভুমির	1
পুনোরুদ্ধার	1
পিতৃভুমি	1
চখের	1
জামাও	1
সৈন্যেদের	1
পাভেলের	1
জালিয়েছ	1
ব্রুণোকে	1
দুলির	1
পুরাচ্ছে	1
টিউটরকে	1
ব্রুণোর	1
দুর্নিতী	1
বাঙ্গ	1
সবস্থানে	1
ব্রুণ	1
মনুষত্বের	1
শাষক	1
ধ্বঃসযোগ্য	1
পেকিশ	1
কমানডান্টের	1
ফিরাব	1
পিত্রভূমিকে	1
মদ্ধ্যে	1
এডভেঞ্জারের	1
সুইজার	1
পিত্রভূমি	1
প্রবর্তনের	1
আমণত্রিত	1
জিজ্ঞেদা	1
চুক্তিবদ্য	1
রাজনিতী	1
অনুমানক্রমে	1
গুরুশ্রেণীদ্বারা	1
কর্তব্যমতে	1
সৈন্যবাস	1
খাচ্ছস	1
খুদ্র	1
হেটেছি	1
অলশ	1
খুদ্রমানব	1
তারন্যকে	1
কর্তিপক্ষকে	1
রির্পোট	1
পুনোরুত্থানের	1
আন্টী	1
লটী	1
হেইডসবার্গে	1
স্যান্ডউয়িচ	1
স্যান্ডুউয়িচ	1
ওঠবেই	1
গ্রিস্মের	1
মিটিঙয়ে	1
ব্রূণো	1
ভাঙ্গুড়ে	1
সাহায্যটা	1
লুকাইছো	1
চিপও	1
জালাতন	1
বোমাবাজির	1
করলেটা	1
৬০০০০	1
বস্তিরকুত্তা	1
কিভায়	1
হেইটা	1
বলডা	1
ফালাইলি	1
এইহানতে	1
পিটাইয়া	1
ভাঙ্গুম	1
আপনাগো	1
খুলতিও	1
আন্সার	1
জাঞ্জির	1
বাইরো	1
করিসনারে	1
গেছেরে	1
ভাগতাছে	1
ভাগাইছোস	1
খারাও	1
এক্কখান	1
মুইও	1
বেইচা	1
প্রতীকে	1
কৃপনতা	1
চৌপাটির	1
ধারিশা	1
দিওয়ালির	1
ভার্মার	1
ক্রাজ	1
স্টেষনের	1
জুহুর	1
মোসলমানগো	1
এহানথে	1
খাওয়াইবো	1
আইবোনা	1
নামডাও	1
কলসেন্টার	1
রুপীতে	1
তুলসিদাস	1
অন্যেগো	1
আঙ্গোখাইতে	1
দ্যায়	1
আরবিন্দ	1
হাসোস	1
মাইরাই	1
পুনোস	1
পিন্নিকে	1
আইছস	1
নিরে	1
সালারা	1
হাসতাছোস	1
ছোটকু	1
নিমুনা	1
কতাছি	1
সবচাইতা	1
ঘুমাগা	1
বাচবি	1
গানফাইটার	1
জামালকে	1
মমন	1
কামামু	1
লাগবোনা	1
করবিতো	1
ড্যান্সে	1
য্যান	1
গাইওনা	1
গাইও	1
বইদলে	1
অ্যাথোস	1
যহনই	1
তহনই	1
হইছস	1
নিবার	1
ভাবিসনা	1
জানেনতো	1
ছূচো	1
ভেস্তো	1
অহনো	1
মরিসনাইরে	1
জিনিসডা	1
হুটেল	1
তাজমহলকে	1
১৬৪৮	1
ইউনেস্কো	1
সীকৃতি	1
অনুগ্রহপুর্বক	1
দর্শনার্থীরা	1
খুরামা	1
ফাইভষ্টার	1
১৫৮৭	1
অকর্মন্য	1
সমাধী	1
রাষ্ট্রনায়কের	1
রোজভেল্ট	1
বখশিশের	1
চাওয়ালাদের	1
বখশীশ	1
খেলবেই	1
গান্ধিজি	1
বুঝতাসোস	1
আইবি	1
কিরা	1
ব্যরামে	1
দৌড়াচ্ছিস	1
ব্যাসাপাতি	1
জন্যি	1
খুজবার	1
এইডায়	1
সেলিমের	1
লইগা	1
হারাইন্না	1
ছাড়নদে	1
ওইডারে	1
নমসকার	1
কছম	1
নোতে	1
গেছসরে	1
মমনের	1
থাকিশ	1
লতিকার	1
টাইমেও	1
গাওমনে	1
সামলাইতাছি	1
এগুলাও	1
কুমারিত্বের	1
মাস্টারজি	1
দুইটাও	1
ব্যাতিক্রমও	1
রিভল্বার	1
তগরেও	1
এইখানথে	1
বিশ্বর	1
কামড়াইতেও	1
ধাধায়	1
ধোকাবাজির	1
এডিনবর্গেও	1
এডিনবর্গ	1
ডায়ালটা	1
টেকনিক্যালের	1
আনজাম	1
কিনুসি	1
নুউ	1
সসিই	1
২৮৩টি	1
১৫টি	1
কেম্ব্রিজে	1
কেম্ব্রিজের	1
সারকাসও	1
ফোনওয়ালাদের	1
জাভেদের	1
বাচাতো	1
ডিশওয়সার	1
বাবুর্চিও	1
চুপবে	1
সেলিমকে	1
ভিটি	1
স্টেষনে	1
৩মিনিট	1
ধনীও	1
আমীর	1
সেঞ্চুরির	1
১৯৭	1
জেন্টল্ম্যান	1
অনুষ্ঠানটায়	1
আমিকিচ্ছু	1
কালরাতে	1
ব্যটা	1
জরে	1
আজসারা	1
রিচেলেউ	1
বেরিয়া	1
লতিকাকে	1
রিচেলিউ	1
উজ্জলতায়	1
ব্রিলিয়ান্টাইন	1
ঘূর্ণির	1
াপনি	1
এইবিশ্বেরবাইরেঅনেকজায়গারয়েছে	1
অবিচ্ছিন্নচার্টতৈরিকরবে	1
সুপাচ্য	1
চেয়ারগুলোর	1
মহাশুন্যই	1
নামুল	1
আপনারআপনাকেউল্লসিতকরুন	1
স্বর্গও	1
শব্দগুলোকে	1
তোমারতোমাকেউল্লসিতকর	1
ড্রাইভিন	1
স্টুয়ার্ডস	1
েখানে	1
ছাঁটবেন	1
বাতাসেভ	1
চুল্লীর	1
পুনরূৎপাদীত	1
বায়ুমন্ডলীয়	1
জাগালে	1
রৌদ্রজ্জল	1
আমাদেরপূর্বপুরুষরা	1
সেপচুয়াসেন্টেনিয়াল	1
কাপকেকটি	1
বহির্বিশ্বের	1
অথবাইভপ্রোব	1
পৃথিবীথেকে	1
ফটোসিনথেসিস	1
সহায়িকার	1
গাছটিশিপেরহলো	1
ডিটেকটরেরাখুন	1
হাড়ের	1
ঙ্খুব	1
তাড়তাড়িই	1
প্রোবটি	1
চালা্তে	1
দ্রব্যটি	1
উপরিতল	1
জাকজমকপূর্ণ	1
পিৎজ্জা	1
মুদ্রনের	1
বিষাক্ততার	1
মহাশুন্যে	1
অটোপাইলটে	1
চলোএখানথেকেবেরিয়েযাই	1
বহনীয়	1
অসামঞ্জস্য	1
ডিটেকটরে	1
আবাসে	1
নির্বোধ	1
আমিএইজাহাজেরক্যাপ্টেন	1
ক্যপটেন	1
অটোপাইলটের	1
হুইইই	1
রূটিন	1
আবাসভূমি	1
সদ্যজন্মানো	1
্যাপিং	1
তাকয়ে	1
ইতরের	1
দৌঁড়াচ্ছি	1
ডেজা	1
ব্যু	1
যন্ত্রমানবী	1
৭৮	1
গালটা	1
হুইসকি	1
বন্দুকধারীর	1
ভবিষ্যতও	1
প্রাণহীন	1
বৃহঃস্পতি	1
নিউরণ	1
পেটীর	1
কিয়াকো	1
ইওয়াশিতা	1
তাইশী	1
কোহেই	1
কুরিহারা	1
ইয়ুচি	1
সিবাস্কি	1
কাউরো	1
সুইমাতসু	1
গিরগিটিটাও	1
রুচিরে	1
ধরনও	1
চাউমাহ	1
আসিরে	1
৬১০	1
ইয়েনের	1
ইয়াহুউউউ	1
অগ্নিকান্ড	1
তরূণীকে	1
অস্বস্থিতে	1
ভূকম্পে	1
ভূকম্পের	1
বৃদ্ধাবস্থার	1
ফার্ণ	1
বাচ্চাকালের	1
গাছওয়ালা	1
স্যারেরাও	1
চড়াতেন	1
উষ্ণতাই	1
পিঠই	1
চড়াই	1
পার্শ্বপ্রতিক্রিয়াও	1
ইঞ্জেকশনের	1
পূর্বপাশের	1
বিল্ডিংটায়	1
নেশাগ্রস্থ	1
কাজমা	1
শিক্ষিকার	1
ব্যাটারীকে	1
নাচলাম	1
জেলাসই	1
কথাগুলোই	1
রাউলকে	1
বুড়িয়ে	1
২১৩৩	1
১৯৭২	1
ব্রুউউউস	1
লীইইইই	1
কপোট্রনে	1
৭৮২	1
বিটকারী	1
পিসটি	1
রোবটটির	1
প্রিসলি	1
সংরক্ষিতে	1
সময়টুকুর	1
ইহাতে	1
সৃষ্টকে	1
ক্ষুদ্রদের	1
সাতরাতে	1
কারুশিল্পি	1
বাবুসোনা	1
লন্ঠন	1
বাবুসোনাআআআআআআর	1
হাসছেইইইইইইইইইইইইইইইইইই	1
ক্যালোরীওন	1
হাসকের	1
তাইইইইইইইইই	1
ক্যারোলীওন	1
হাসলেন	1
ডানাগুলোর	1
প্রমোদিত	1
অবজ্ঞার	1
বিকাশে	1
ঝন	1
টিঙ্কারের	1
বাধাইকারী	1
ফিনেয়াস	1
কেটলী	1
ঢালবাহী	1
ফুউউউ	1
সন্তোস	1
পৌছেছ	1
ফ্লেক	1
অ্যাাম্বারের	1
বনবীথীর	1
ক্লাঙ্কি	1
ঋতুর	1
পিয়াজেরা	1
কিচমিচ	1
টিংকারদের	1
চিকচক	1
খাটবুদ্ধির	1
স্বজোরে	1
এড়ে	1
টিঙ্কারেরা	1
তৈরিকারক	1
স্যাডেলস	1
স্যাচেলস	1
নৈপূন্য	1
হতবম্ব	1
টিঙ্কারিং	1
টলটলায়মান	1
ওইসমস্ত	1
ভিতূভাব	1
ইদুরটার	1
সুগারকেন	1
ঠিকয়াছে	1
বৃষ্টিফোটা	1
ভিতীপ্রদর্শনকারী	1
খোচানো	1
পিটুনিয়া	1
স্পেশালিস্টের	1
সংবেদনশীলতাকে	1
উইট	1
ফুজিসের	1
চাকচিক্যময়	1
নির্মানকারী	1
ব্যাসেল	1
আইজার	1
পিকার	1
প্লাকার	1
বাতাসই	1
পরীরাই	1
টিঙ্কারেরাও	1
উজ্জল্য	1
অসন্মান	1
কোতরানো	1
কানাকানি	1
বিষ্মায়িত	1
নেভারল্যান্ড	1
বিরাজিত	1
ব্যাবহারীত	1
উপল্ক্ষে	1
হুম্মম্মম্ম	1
বেজকোটের	1
বিশ্রুতীতে	1
সয়ংসম্পুর্নভাবে	1
হাহাহহাাহা	1
শেষপুষ্পটি	1
এমাসের	1
ফুউউ	1
টিঙ্কারসদের	1
ওহহহহ	1
চিপমাঙ্কস	1
দাতগুলোও	1
ক্রাঙ্ক	1
কাদলো	1
উপ্পসস	1
উইম্পার্স	1
প্রানপ্রিয়া	1
মেধাবি	1
কোতরাচ্ছেন	1
ভিদ্যাই	1
এনিম্যাল	1
ফুলেদের	1
স্পারোম্যান	1
নিবেদক	1
জ্বলতাম	1
বালিকারা	1
রসিত্তা	1
ঠি	1
কেতলী	1
ব্যাঙ্গের	1
জলকনা	1
জলবিন্দুর	1
পৌছাও	1
জলফোটাকে	1
ক্ষুদ্রকরন	1
গিগেলস	1
ভুলেগেছি	1
গোংরালো	1
ওঁওও	1
তৃষ্ণা্র্ত	1
পার্পল	1
ঘামিনি	1
ক্লাঙ্কঃ	1
বন্দ	1
ঊঠিয়েছে	1
ভক্তিসহকারে	1
উত্তরহীন	1
ওপ্পস	1
চিসকে	1
কাতরাচ্ছিল	1
ঔসর্যের	1
অবিশাষ্য	1
বাজিং	1
ওহায়	1
রসিত্তাঃ	1
নৈপুন্য	1
উদগীরন	1
মেরীঃ	1
নিচেয়	1
সমতায়	1
কয়েকসেকেন্ড	1
ভিডিয়া	1
টুং	1
ফয়ন	1
রোসেটা	1
টিংকারিং	1
রোসিত্তা	1
কাটাগাছের	1
কোরালে	1
আমরই	1
ফুঁপিয়ে	1
কমের	1
পরীদেরকে	1
পাকবে	1
কুমড়োগুলো	1
পাহাড়গুলোয়	1
ডেফোডিল	1
ডাস্টবালক	1
মেধাইতো	1
মাসব্যপির	1
বসন্তফুল	1
পোকাকে	1
ইয়াপ্পি	1
আয়োজনকে	1
কাঁটাগাছের	1
কাঁটাগাছকে	1
নিড়লপয়েন্ট	1
মিইডোতে	1
টিংকাররা	1
নিদের্শ	1
বোবল	1
প্রশাখা	1
মহামন্য	1
সূর্য্যর	1
পুবে	1
বেড়ালি	1
সূয্যের	1
ডাস্টের	1
এন্টার্ক্টিকায়	1
সত্তুর	1
প্রানীকে	1
এন্টার্টিকা	1
পশমগুলি	1
সাগরপৃষ্ঠের	1
সীলমাছ	1
বসন্তও	1
শৈত্য	1
ছোট্টা	1
শীতেই	1
গুহাতেই	1
সাগরপাড়ের	1
ছিটেফোটাও	1
সময়মতোই	1
চাঙড়	1
কারিবু	1
হরিনের	1
স্থলচর	1
পরিভ্রমন	1
সদলবলে	1
একটিকে	1
নেকড়েকেও	1
নাকানিচুবানি	1
তুন্দ্রাতে	1
সূর্যও	1
ঝোপঝাড়গুলোই	1
উত্তুরে	1
বনাঞ্চলের	1
তাইগা	1
সুচাগ্র	1
তাইগাও	1
বনভুমি	1
বায়ুমন্ডলের	1
ছেটে	1
ঝোপঝাড়ও	1
চল্লিশটির	1
অবশিস্ট	1
বাঘগুলিও	1
দোরগোরায়	1
প্রজাতিটির	1
পরিক্রমা	1
ঋতুপরিবর্তনের	1
পাটও	1
চুকতে	1
মৃত্যুতেই	1
জমাবে	1
বৈকাল	1
ঝুটিওয়ালা	1
পাখিটির	1
তকতকে	1
দর্শকইতো	1
রায়টি	1
প্রদর্শনীটাও	1
সন্তুস্ট	1
উপাদানগুলি	1
সাগরগুলি	1
রসনায়	1
প্রাচুর্যতা	1
এসময়েই	1
সীলের	1
হাঙ্গরেরা	1
আবহাওয়াকে	1
জলীয়	1
বাস্প	1
ধুলিঝর	1
ধূলিকণাগুলিকে	1
আর্দ্রতা	1
জলকণাগুলি	1
জলকণাকে	1
ভুমির	1
দক্ষিনাঞ্চলের	1
হাতী	1
দক্ষিনাঞ্চল	1
পালও	1
জলাভুমির	1
বদ্বীপ	1
ধূলিঝড়ে	1
পরিবারটির	1
হাতীই	1
উল্টোপথে	1
ওকাওয়াঙ্গায়	1
এঙ্গোলার	1
উচুভুমিতে	1
যাওয়াগুলোকে	1
মহিষেরা	1
ওকাওয়াঙ্গাতে	1
তৃণভূমির	1
প্রানিদের	1
কেটা	1
পথগুলি	1
উপশিরা	1
লেচোয়ে	1
প্রজাতের	1
খুড়	1
বেবুনেরা	1
কদাচিত	1
স্তন্যপায়ীদের	1
প্রচেস্টা	1
ইম্পালাটার	1
ইম্পালাটাকে	1
কুকুরটি	1
কুকুরটির	1
ইম্পালারা	1
হাতীরাও	1
শেষটুকু	1
হাতীগুলো	1
হাতীগুলির	1
ঋতুচক্র	1
অমানিশার	1
বাচ্চাগুলি	1
রাশেদুজ্জামা	1
ফিনেক্স	1
উত্তাপকে	1
ফিলঃ	1
হাজব্যান্ডকে	1
লোকসংখ্যা	1
ল্যাম্পের	1
রিজাভেশনের	1
লেটেস্টে	1
টুর	1
লানস	1
ফীচার	1
স্পাইকটা	1
মাস্টারপিসের	1
ব্রুটো	1
এঞ্জেলা	1
এডিটোরিয়াল	1
টিনেজদের	1
ড্রিঙ্ককিং	1
সুইম	1
প্যাড্রিং	1
ওলিম্পিক	1
জেসপারের	1
প্লানারিয়ার	1
ফ্লাটওয়ার্মস	1
জাম্বি	1
বাইয়কেম	1
কবলার	1
ভয়েসঃ	1
গ্রিজহ্যাম	1
চুজ	1
মাইকঃ	1
গতসপ্তাহে	1
শিকড়ের	1
অগ্রভাগটা	1
অণুকোষ	1
সেলবিভাজন	1
কাপলকে	1
আর্দ্র	1
আর্দ্রতাপূর্ণ	1
মেটাফেজ	1
ফিলের	1
কনট্র্যাক্ট	1
একসাথেঃ	1
লাইসেন্সকে	1
ইজবেলা	1
জ্যাকসনভিলাতে	1
জেসিকাকে	1
গাঁজরের	1
ভতেরে	1
কম্পপোষ্ট	1
রিসাইকেলিং	1
গুগোলে	1
ফ্লোডিয়ান্স	1
অ্যাও	1
ফিলকে	1
কুইয়েলি	1
তিমিও	1
ক্রুফটনাইট	1
ওলফের	1
এঞ্জেলার	1
আবহওয়াটা	1
ফ্যামিলিগত	1
সোলডার	1
জুয়েলারির	1
লাভানডার	1
বুকষ্টোরে	1
ড্রেসষ্টোরে	1
ম্যাসনে	1
অস্বাভাবিকভাবে	1
আলতে	1
মর্ষকামমূলক	1
দ্বিতীয়তঃ	1
কতটুকো	1
তৃতীয়তঃ	1
প্রমের	1
গ্রাম্বলিং	1
সাকসিডো	1
কার্রলার	1
ইনফ্লুয়েঞ্জাতে	1
ইজমিকে	1
কার্রলাই	1
সদস্যারা	1
অ্যালেসের	1
বিষয়ভিক্তিক	1
স্কিনের	1
সীজনের	1
ম্যারিনার	1
ক্লিনওয়াটারের	1
অন্ধকারাচ্ছান্ন	1
টেলিভিশনেঃ	1
হিটে	1
বিবেচনাযুক্ত	1
রোজেলিকে	1
ডেবুচ্ছি	1
কার্লি	1
সার্থকতা	1
স্টেফেনি	1
সব্জির	1
সালাত	1
যেইহোক	1
কিস্টঅ্যাপ	1
কোরাঃ	1
ধরুক	1
স্পেটা	1
নিরাপেক্ষ	1
বেব	1
লুরান্ট	1
পার্মানেন্টভাবে	1
লুরান্টঃ	1
ভেঙ্কুবারে	1
কবলারের	1
ট্র্যাকারের	1
আর্চ	1
ট্র্যাকারকে	1
এডওয়ার্ডকেও	1
ছেলেবেলাঃ	1
ইন্টারটেইনিং	1
টোয়াইলাইট	1
ক্ষিপ্তভাবে	1
প্যাঁকরাও	1
ঊরুর	1
চুজের	1
ব্লুজসি	1
থামিয়েছ	1
উদ্ধৃতির	1
ওলফটা	1
ডিজেঃ	1
গাইছেঃ	1
পালাস্টিক	1
ঈর্ষানিত	1
অশ্রুপাত	1
রাক্ষুসী	1
গ্রামাঞ্চলের	1
সুশোভিত	1
সহযোগে	1
রেনফরেস্ট	1
চিন্তাধারায়	1
বৃষ্টিবিন্দুর	1
এআই	1
বাড়তে	1
অপুষ্টি	1
কিকু্ইয়ু	1
অংশীদারিত্ব	1
লিংকের	1
ধৈন্যা	1
বাসগৃহ	1
বৃক্ষশূন্য	1
টিরও	1
লুয়ো	1
নির্দয়ভাবে	1
কুঁড়েঘরের	1
একথাও	1
আয়ত্ত	1
স্কিনস	1
আফ্রিকাবাসীদের	1
আফ্রিকায়	1
ছাগলদের	1
উজাড়	1
উচ্ছেদের	1
একদলীয়	1
বেসরকারিকরণ	1
করায়ত্ত	1
জীবভূবিদ্যা	1
বাস্তুসংস্থান	1
সুশাসন	1
স্বদেশবাসীদের	1
কয়েকজনকে	1
ফেইড	1
বলবেনঃ	1
বর্ষজীবী	1
স্বাস্থ্যসম্মত	1
বহুগুণ	1
গগনচুম্বী	1
অট্টালিকা	1
উন্নয়নশীল	1
সাপোর্টিং	1
কুপিত	1
অবমাননাকর	1
নারীত্ব	1
প্রকাশনাগুলোর	1
আলোকচিত্রগুলো	1
হাদীস	1
সংসদীয়	1
ভেটো	1
স্ত্রীলোকটি	1
গ্রামীণ	1
সংসর্গী	1
পোস্টডক্টোরাল	1
হাদীছ	1
অন্ধতম	1
ফেতনার	1
ব্যক্ত	1
কারণগুলোর	1
একাত্মতার	1
রাষ্ট্রবিরোধী	1
প্রকাশনা	1
ছড়াতে	1
টিপুন	1
পিটিশন	1
মায়েরা	1
মায়েদের	1
বীমাকৃত	1
জনপ্রিয়	1
জোটের	1
ভোগেন	1
বহুদলীয়	1
বিরোধে	1
প্রান্তিক	1
আবাদী	1
শিক্ষাদান	1
অংশগ্রহণকারীরা	1
কুপথ	1
কাপুরূষ	1
সংখ্যাবৃদ্ধি	1
গুলান	1
মিটিয়ে	1
বলিয়ে	1
অনুমোদনক্রমে	1
কর্মচারীবৃন্দ	1
উত্সাহ	1
অসলো	1
নরওয়ে	1
ক্রিয়াকলাপ	1
নরওয়েজীয়	1
খেলানোর	1
ঊতাহ	1
দ্বারাও	1
পানিরডাইনি	1
ওয়াইবর্ণের	1
মিশিগানের	1
সেগুলার	1
ততোধিক	1
মিস্টু	1
চার্ডটা	1
ফুসপট	1
কোরালাইনকে	1
মণী	1
কোরালাইনে	1
কোরালাইনের	1
ঝাঁকাচ্ছে	1
ওরেগণে	1
ভিটামিনটা	1
স্লিপারের	1
সেগুলাকে	1
এসাপে	1
নায়িকারা	1
করেবে	1
লাফের	1
মুশকাস	1
পনিরে	1
বিটটা	1
সিভিদানিয়া	1
ইঁদুরগুলা	1
আথলে	1
দেবদূতেরা	1
ব্রাইটনের	1
নাম্বারটাকে	1
স্লাগ	1
স্লাগজিলা	1
কাতকুতু	1
হোয়াই	1
হৃৎপিণ্ডে	1
সার্জেই	1
এসভিদানিয়া	1
স্ন্যাপড্রাগন	1
ঘিয়া	1
ভণ্ডরা	1
সর্ষের	1
ওয়াইবিরও	1
ওয়াইবির	1
টন্য	1
সোটা	1
অশরীরীর	1
মোহিনী	1
মৎস্যকুমারী	1
বিচারবুদ্ধিতে	1
চলাফেরায়	1
তুমে	1
ভল	1
কালোটাই	1
ওয়াইবিকে	1
ঐগুলিই	1
ইঁদুরগুলার	1
জাঞ্জিবারের	1
কোকয়া	1
শুশ	1
হারানোই	1
মিস্ট্রেস	1
বিনুনি	1
ভুতগুলার	1
হইতাছস	1
পুতলা	1
এক্ত	1
প্রত্যাখ্যানও	1
বাগানটার	1
স্কুইশ	1
প্রতিটাতে	1
গালোবুশকা	1
পরজীবীটাকে	1
গ্লোবটা	1
ক্যটালগ	1
জয়াগায়	1
আদরও	1
পিঁজা	1
টিউলিপগুলিকে	1
দুষ্কৃতিকারী	1
আমাদেরর	1
চেস্টনাট	1
নাড়িভুঁড়ির	1
সৃষ্টিদেরকেও	1
সেইকারণেই	1
ক্রাচিট	1
ভালবেসেছ	1
চাইবোও	1
মারলির	1
ওয়ার্কহাউস	1
ঘানিগুলার	1
অপ্রকাশিত	1
ন্যায্যও	1
উইলির	1
গণ্ডগোলও	1
জীবিতাবস্থায়	1
গড়েছিলাম	1
নিকাশের	1
বেহিসেবী	1
আত্মসংযম	1
প্রথমটাকে	1
দ্বিতীয়টাকে	1
তৃতীয়টাকে	1
হাতগুলি	1
কভারলি	1
আকাঙ্ক্ষাকে	1
আবহে	1
এবনেজার	1
যৌতুকবিহীন	1
ঘটনাগুলা	1
জ্বালিয়ো	1
হাঁটনি	1
১৮৪২	1
তাৎপর্যপূর্ণ	1
হাসটা	1
লুকাতেই	1
লভ	1
কপারে	1
হাউসটার	1
ক্র্যাচ	1
কঞ্জুস	1
ভবিষ্যৎেও	1
দানার	1
সল্পসময়ের	1
সংক্ষিপ্তও	1
হার্ক	1
তমাকেই	1
গড়বার	1
কম্বলে	1
জামাগুলোর	1
পোথাই	1
পাওনাদারদের	1
হেঁটেছে	1
জাব	1
রিবিবারে	1
প্রিয়ও	1
পুর্ভাবাস	1
ক্রিসমাসকে	1
বর্তমানেরটাও	1
ভবিষ্যৎেরটাও	1
হাঁসমুরগির	1
ক্রাটচিটের	1
ডিলবার	1
সততায়	1
হুপ	1
ক্যামডেন	1
পোকামাকড়কে	1
একাজটি	1
প্রভি	1
জোরগলায়	1
রাখছিনা	1
সংগ্রামরত	1
ক্রিসামস	1
পানিয়ও	1
হিলি	1
প্রভুও	1
সরকা	1
গুরুদের	1
শবদেহ	1
গুরুই	1
নিজেদেরাই	1
কুফলতার	1
কণ্ট্রোল	1
সূর্যরশ্নির	1
ইন্টারলকের	1
এন্টিম্যাটার	1
পাত্রই	1
সবোচ্চ	1
এন্টিমেটারের	1
নিচেরকার	1
চৌম্বকক্ষেত্র	1
জোতিষ্ক	1
এখও	1
অনুর	1
সমুজ্জ্বল	1
ইলুমিনাটি	1
স্বস্তিকা	1
অ্যালুমিনাটি	1
অ্যাম্বিগ্রামের	1
১৬শতকে	1
ধর্মগুরুকে	1
পোপদের	1
অ্যম্বিগ্রাম	1
পান্ডিত্য	1
রহস্যময়ভাবে	1
প্রিয়ভাজন	1
বুদ্ধমান	1
বুদ্ধিজীবি	1
জ্ঞানলোক	1
জ্যোর্তিবিদ্যায়	1
ভ্যাটিক্যানবাসী	1
চিরুনী	1
ক্যামেরলেনুকে	1
নির্বাচনকে	1
ভাবাবো	1
ইরনাস্ত	1
ইন্সেপেক্টর	1
অনুচরগণের	1
ইটালী	1
বাহিনীও	1
কামোত্তেজক	1
ছেনি	1
মূর্তিকে	1
নপুংসুক	1
প্ল্যাস্টারের	1
লাগনো	1
ভাঙাভাঙির	1
চিহ্নকে	1
অপ্রয়োজনীয়তাকে	1
গবেষকও	1
ক্যানেস্তারাসহ	1
বেন্টিভলগিয়ো	1
ক্যানেস্তারায়	1
জানমাল	1
এ্যান্টিমেটারের	1
ইলেকট্রোম্যাগনেট	1
মেটারের	1
সংস্পর্ষ	1
সংস্পর্ষে	1
পাঁচকিলোটন	1
অপহরিত	1
প্রায়শ্চিতের	1
বিজ্ঞানিকে	1
ছ্যাঁকা	1
পন্থীরা	1
হিংসাপরায়ন	1
এ্যালুমিনাদের	1
পোপেরও	1
প্রথমোক্ত	1
নির্শংস	1
শুদ্ধকরণ	1
সিস্টিন	1
গীজাঘর	1
দুঁঃচিন্তা	1
পরামশ্য	1
ভিলভানো	1
ধর্মসম্মন্ধীয়	1
এ্যালুমিনাটদের	1
ক্যানেস্তারাটা	1
ডিঅ্যাকটিভ	1
ব্যাটারীতে	1
এয়ার্কি	1
পরিণামস্বরূপ	1
বিদুতের	1
গ্যলিলিও	1
আজ্ঞাধারী	1
ক্যাথলিকও	1
এ্যালুমিনশন	1
ভাস্কর্যকে	1
ইমারতে	1
প্রার্থনাস্থলেই	1
প্রার্থনাস্থলকে	1
বেদী	1
বর্হিভূত	1
গালার	1
বায়ুশূন্য	1
স্কুবা	1
নেদারল্যান্ড	1
দশবছর	1
মার্জিনে	1
পাঁচকোনা	1
ডিয়ালোগো	1
ডিস্ক্রোসো	1
ডিয়াগ্রামা	1
ভেরটিটাইটিস	1
বইটাতে	1
লেখাও	1
ছিড়েছেন	1
প্যান্থমে	1
প্যান্থম	1
প্রার্থনাস্থল	1
ডামেস্কের	1
১৭৫৯	1
ছাপার	1
স্যন্টির	1
গোলটা	1
মারিও	1
প্রর্থনালয়	1
উপদানের	1
মৃত্যুপথযাত্রীদের	1
জোগায়	1
খ্রীস্টকে	1
ডমনিক	1
সোলামেরিও	1
এডোয়ার্ডো	1
সংখ্যাধিক্য	1
নিজেদর	1
চ্যরট্রান্ড	1
কলাকার	1
ভ্যাটিক্যানেও	1
ফেরেশতারাই	1
উচ্চস্তরের	1
গীর্জাঘর	1
পিটাররের	1
বাসিল্কিস্ক	1
স্ট্রোকে	1
পর্দাকে	1
সিরিঞ্জের	1
থ্রম্বোফাইবিলটিস	1
তিনজাপ্যারিনের	1
প্রানঘাতি	1
পোস্টমর্টমের	1
দাবীতে	1
গুপ্তসভা	1
বিষযের	1
সিলভ্যানো	1
সন্দহভাজনদের	1
ধর্মস্থল	1
ব্যাংকও	1
ছিড়েছিল	1
মাত্রারিক্ত	1
চিত্রকারের	1
বল্লভের	1
মূর্তিই	1
মূর্তিটাকে	1
অক্সিজেনও	1
আলস্টারের	1
খ্রীস্টধর্মের	1
ইতালীতে	1
মিলিটারিতেউ	1
ইতালীর	1
রক্ষীও	1
ক্যালেস্টাইন	1
অগ্রসরতা	1
পশ্চাদ্বার্তী	1
অলোকিকতা	1
সাদাসিদা	1
কৃপাপ্রার্থনা	1
ভ্যাটক্যান	1
নেবেও	1
তদন্ততে	1
পিয়েজ্জা	1
বারবিনি	1
তেরেসার	1
চার্চটা	1
ক্রশই	1
নাভানা	1
নাভানার	1
নিনি	1
সন্ত্রস্তভাবে	1
ঝর্নাটা	1
এ্যাঞ্জেল	1
এ্যাঞ্জেলেও	1
এ্যাঞ্জেলও	1
সিগন্যল	1
বোমটাও	1
পেন্টাগ্রাম	1
বিস্ফোরকে	1
ভ্যাটিক্যানকে	1
মোবাইলাটাকে	1
এ্যালুমিনাটাস	1
প্রার্থনালয়	1
উপরটাকেই	1
পিটারেই	1
কার্যক্র	1
টলে	1
দৃ্ঢ়	1
ক্যামারালেনু	1
জানিয়	1
রিখটারের	1
ডেভোলি	1
পদার্থবিদই	1
পাদ্রীও	1
সংশয়ে	1
নমনীয়তা	1
ধর্মবিরোধীদের	1
সিমোনকে	1
ম্যাককেনা	1
উগ্রবাদীদের	1
ঘটনি	1
মিলনের	1
হাতলযুক্ত	1
রুমেরটার	1
সহ্যশক্তির	1
চুবাবে	1
স্টপওয়াচ	1
চুবাবো	1
একটাতেই	1
খেলাটার	1
ঝিমুনি	1
হেডব্যান্ডে	1
কোণাগুলো	1
ক্ষেত্রফল	1
ত্রিভূজটি	1
আয়োডিন	1
এন্টিহিস্টামিন	1
ব্যান্ডেজও	1
কাজলটা	1
মিথ্যাচারিতা	1
গুনেছ	1
বিনোদনটা	1
বিজেতার	1
মোজাটা	1
সিংকের	1
ক্লোজেটে	1
পাপস	1
টায়ারও	1
পাপসও	1
পেত্রো	1
এপেন্ডিসে	1
এপেন্ডিস	1
ইন্সট্রাকশন	1
চেতনানাশক	1
টাইলস্	1
১০০বারেরও	1
উৎরাতে	1
প্রাণোজ্জল	1
হ্যান্ডবল	1
কুকুটা	1
ট্রনিংয়ের	1
অবয়ব	1
স্নেহশীল	1
পেন্সিলটা	1
হ্যান্ডব্যান্ড	1
ফসফোরসেন্ট	1
বড়জন	1
উপযুক্তভাবে	1
অন্তঃস্বত্তা	1
৩জন	1
কর্মক্ষমতার	1
আলতোভাবে	1
এইখানটা	1
৯ঘন্টা	1
শৈবালখেকো	1
৩য়টা	1
দুগ্ধদাঁতত	1
গঁজায়	1
পোড়াচ্ছিলাম	1
ঝোঁপের	1
দেখারটা	1
হেডব্যান্ডটা	1
চাটাতে	1
ক্রিড	1
হ্যামারহেড	1
ম্যাকো	1
হাঙ্গরই	1
চেয়াল	1
যেকোনটা	1
কিনিয়েছিল	1
ব্যাথ্যায়	1
ব্যাথ্যানাশক	1
সাজাব	1
নড়ছেও	1
জম্পেশ	1
বর্শাছোড়া	1
বিপ্রদাস	1
এক্সকি	1
ইমার্জেন্সীর	1
ট্যংকির	1
এয়াপোর্টে	1
হাবারাম	1
মাদিআরা	1
ঢকঢক	1
মেপাল	1
ফ্লোরিং	1
সাকসেস্	1
হাবাটাকে	1
দাঁতসব	1
মেতেছিল	1
ছূয়ে	1
রদ্দুরে	1
মরূদ্যান	1
খুশবুতে	1
ভয়হীনতায়	1
সাতারাত	1
প্রানবন্ততায়	1
দ্বিধীতনা	1
বিক্ষিপ্তচিত্তে	1
জিজ্ঞাসাও	1
সক্কল	1
চলবোনা	1
কিলোবাইট	1
মেগাবাইট	1
অগর	1
গিগাবাইট	1
ফ্যামেলি	1
ঈশ্বরভক্ত	1
লাগাইবো	1
কইবো	1
ব্যগ	1
দুইটাকা	1
৫টাকা	1
জাইঙ্গাটা	1
পইরেন	1
উপঢৌকোন	1
ঠাপ্পা	1
পিস্	1
নিবিড়	1
পয়লা	1
নবীনদেরকে	1
শ্রদ্ধাবোধ	1
জাঙ্গে	1
রাঞ্চদাস	1
শুনবিনা	1
ভেঁজা	1
নেরে	1
বুঝাতো	1
প্যান্টস্	1
গইং	1
উগান্ডাতে	1
পন্ডিচেরীতে	1
স্লোলিই	1
বস্ত্রত্যাগের	1
তড়িৎপরিবাহী	1
বইতেই	1
প্রয়গ	1
ইয়ারদের	1
বাঁচানোর	1
ভেলক্র	1
লাগাতেন	1
ঝিরিঝিরি	1
গোবিন্দকে	1
আনপ্রোডাক্টিভ	1
পাখী	1
বাঁধেনা	1
আইসিইতে	1
মহাকাশচারীদের	1
কলমই	1
এ্যাঙ্গেলে	1
মধ্যাকর্ষন	1
ইন্সটিটিউটের	1
ঘাবড়ায়ে	1
নুনুতে	1
খাওয়াল	1
আপমে	1
চিনবেইনা	1
কানুনকে	1
মুক্তমনের	1
প্রফেসারদের	1
কন্ট্রলে	1
চাপলাম	1
সেকেণ্ডই	1
মানেটাও	1
কিতাবী	1
ঢংয়ের	1
গিছিলাম	1
বইএর	1
কালেভদ্রে	1
বর্ষই	1
সেড়ে	1
সন্নবেশিত	1
কোনোকনো	1
জানাতেন	1
পরমর্শ	1
সাবমিট	1
বোকনা	1
সহানূভূতি	1
উড়বেইনা	1
রিআকশন	1
জ্ঞানগর্ভ	1
চকিদার	1
চিল্লাত	1
ঝমেলার	1
জানিনাতা	1
তখক্ষণে	1
কথায়ই	1
বোকারামকে	1
তালেশীষ	1
স্কলাশীপের	1
কমলোনা	1
দেখলোনা	1
বনাবে	1
সতরাং	1
সাইলেন্সারকে	1
রিপোর্টেও	1
শ্বাসনালীর	1
রিপোর্টএ	1
দেখায়ইনি	1
লোকগুলোও	1
তৈরীই	1
তাইবলে	1
পরিসংখ্যানটা	1
দাখেন	1
হন্তারক	1
কিষের	1
ভাবেইনা	1
বিদ্যানাথান	1
রাঞ্চুরদাস	1
উঠাবেন	1
১মিনিট	1
কুকার	1
সুপ্রশিক্ষিত	1
সুশিক্ষিত	1
পড়াচ্ছিলামনা	1
সেটিতে	1
ছাড়িনা	1
ফাটলো	1
নাগাসাকি	1
ভবিষতের	1
ফটোগ্রাফীর	1
চেপেছিলো	1
পশুপাখীর	1
সেবছর	1
হয়াছে	1
তিরস্কারে	1
ছো্ট্ট	1
ফাঁটা	1
স্প্রীং	1
ক্লান্তিহীন	1
যৌতুকে	1
খাবোটা	1
বেঁচবে	1
কামাইও	1
খেটেও	1
মুছাবো	1
পণিরের	1
মলমও	1
খাওয়ালো	1
খাওয়াবিরে	1
২০০টাকার	1
প্রোডাক্টের	1
প্রত্যক্ষ্য	1
আধটা	1
তু্	1
এতবেশি	1
লোডশেডিং	1
ইভার্টার	1
বেওকুফ	1
পড়বোনা	1
খাওয়াত	1
্যাঞ্ছদাসের	1
ফ্যামেলীর	1
শাস্ত্রবুদ্ধের	1
রামালিংগামের	1
চাঁন্দুচাঁড়ের	1
ষঢ়যন্ত্র	1
বকছিস্	1
৫বছরে	1
কেনেনি	1
মহাপুরুষটা	1
্যাঞ্ছদাসে	1
সাফার	1
সাফারই	1
বায়ূ	1
চাপাতো	1
ঘটাত	1
আঁটলো	1
চতুরকে	1
দুবেকে	1
লিখিয়েছিলো	1
উগান্ডা	1
ওদিগে	1
বকতৃতার	1
বলৎকার	1
রোডক্রস	1
তীব্রবেগে	1
ওনামে	1
ডাকবিনা	1
ডাইরেক্টার	1
শিক্ষকগণ	1
৩২বছর	1
মন্ত্রীজীঁ	1
ধর্ষণকারী	1
সদ্বব্যবহার	1
শিখাচ্ছেন	1
শুভক্ষণে	1
বায়ুত্যাগের	1
উচ্চশব্দে	1
নিঃশব্দের	1
বায়ুত্যাগই	1
বছরতো	1
একনও	1
কবিরে	1
রঙ্গমেলা	1
বুঝেইনাই	1
শুয়র	1
পারসোনাললি	1
নিস্	1
পারসোনাললিই	1
বিস্ময়টা	1
ধর্ষনকরতে	1
মেধাই	1
কাঁদবি	1
চড়ছিস	1
ছুটিসনে	1
সুহাস	1
টেন্ডনের	1
ফালাইলোরে	1
ফাক্টারী	1
খাতার	1
খুঁজচ্ছে	1
২৫০টাকা	1
দায়িত্বজ্ঞানহীনতা	1
কালেকশনস্	1
দেখছটা	1
এমটা	1
ভালবাসতেনা	1
ওড়নাটা	1
সিনেমাতেই	1
প্রেসারের	1
এ্যম্বুলেন্সকে	1
এ্যাম্বুলেন্সের	1
স্কুটারেই	1
জীবনেতো	1
পোষ্টমাষ্টার	1
কান্নাভরা	1
চাট্	1
নী	1
ছড়াচ্ছিলে	1
ঘড়িটাই	1
মৃদুগম্ভীর	1
করিতেছে	1
গুঞ্জনরত	1
পাতারা	1
ফুলেতে	1
ভ্রমরা	1
সূর্যটাও	1
পাখীরা	1
ডুকলা	1
চাটনীও	1
রাহুর	1
বিজলি	1
ঠুমকা	1
লাগালি	1
নিরালা	1
নিশিতে	1
পোষ্টমাস্টার	1
৫মিনিট	1
কিডনিই	1
খাতাগুলো	1
ইলেক্ট্রোনিক্সএ	1
নাগ	1
বর্শিত	1
পাসটা	1
ঐশ্বর্যের	1
সর্বশক্তিমানকে	1
সিন্হা	1
অলোক	1
মিত্তাল	1
সাহিলি	1
গ্রেডিং	1
রেজাল্টটাকে	1
আদ্যৌ	1
হিমোগ্লোবিনের	1
রেজাল্টটা	1
ভবিষৎে	1
দিচ্ছিস্	1
ওয়ু	1
ট্যংক	1
হাওয়াকে	1
বৈশ্বয়িক	1
চানাচুর	1
থ্যংকস্	1
্যঞ্ছদাসের	1
রেখো	1
ওয়াংরুকে	1
ওছিলাতেই	1
শিমলার	1
ডারেক্টরি	1
প্লাষ্টিক	1
হরিদুয়ারে	1
টেন্ডারটার	1
টেন্ডার	1
বলছিস্	1
টাঙ্গানো	1
কন্ট্রাক্টস্	1
হাইড্রো	1
ঘূণাক্ষরও	1
হরিদুয়ার	1
তোদেরতাও	1
গঙ্গায়	1
চাপিস	1
মালির	1
জ্ঞানার্জনের	1
লুটতাম	1
খাতাও	1
লিখাতাম	1
গন্যমান্য	1
বাক্তি	1
আঙ্গুলটিপ	1
তেমনটি	1
ছোকড়াকে	1
ডিগ্রীটা	1
আইসিইর	1
বন্দুকওয়ালা	1
কাহীনি	1
লাদাখে	1
রকলেজ	1
্যাঞ্ছটার	1
গুরুত্ববহ	1
জ্ঞানার্জনকে	1
আর্মস্টং	1
আর্মস্টংই	1
পেডেলের	1
এক্সিলেটরে	1
সামান্যের	1
ফেলল্	1
বরবরের	1
জিনিয়াসেরা	1
কম্পানিই	1
অনন্যসাধারন	1
ফারহানাইট্রেট	1
প্রিরাজুলাইজেশন	1
নিরামিষী	1
তুলোস	1
কীষের	1
কোরেশীর	1
আলীকে	1
পাস্	1
মরিসও	1
ডরাস	1
ইন্টাভিউ	1
টুত্তা	1
ডরাই	1
মুগ্ধময়	1
কাটেনা	1
নববধুর	1
এইটুকো	1
জ্যোতিসি	1
সার্কেস	1
সার্কেসের	1
অনিয়মিত	1
পেন্সিলটির	1
অক্ষ	1
অনিয়মিতভাবে	1
ঘুমায়ইনি	1
ব্রওম	1
ব্রও	1
রাস্তগীকে	1
হিস্যু	1
চানচাঁড়ের	1
বিধাতাও	1
প্রত্যয়ে	1
লরবো	1
কনভাবেই	1
মনিটরকে	1
মটিভেট	1
ঔষুধটা	1
ক্যামে	1
গাড়িঘোড়া	1
কম্মোকে	1
বরটা	1
হাঅ্যাঁ	1
করিছিস	1
ফারহানই	1
বোনকে	1
ঢেড়শ	1
কোরবানি	1
ঢেড়শের	1
ইন্টাভিউয়ের	1
এ্যাসিস্ট্যান্ট	1
মৃত্যুশয্যাই	1
সাহেবজাদার	1
কিপ্টেমি	1
এ্যাকসিডেন্ট	1
নবাবজাদাকে	1
রাঞ্চ	1
আত্তঘাতী	1
হাসিমাখা	1
ভাঙ্গাচূরা	1
মৃতদেহটা	1
ল্যাপটপের	1
বাতিলও	1
ক্লায়েটদের	1
দৃষ্টিভঙ্গিকে	1
দিষ্টিভঙ্গি	1
ইন্টারভ্যু	1
গোবি	1
ন্দ	1
আপনিইতো	1
যুগাতে	1
গুজরাটি	1
ফাফরা	1
হান্ডওয়া	1
থেপলা	1
খাঁখড়া	1
খাঁকড়া	1
ফাফড়া	1
জানালামই	1
পেশাবে	1
মানালি	1
লাদাক	1
ফংসুখ	1
ফুজিয়াসি	1
প্রাইসট্যাগ	1
এত্তোক্ষণ	1
শেরওয়ানীটা	1
বাঁকাই	1
লন্ড্রীতে	1
দাগওয়ালা	1
সোহাসকে	1
মন্ত্রপাঠ	1
ঘুরানি	1
গেটেই	1
অবতরনে	1
নর্দমাই	1
ডুবিয়েই	1
কমিন	1
লংকাতে	1
সীলওয়ালা	1
ইনভেলাপ	1
দেখবোনা	1
করেনে	1
গিয়েছিলিরে	1
খোজায়	1
যোগ্যতায়	1
কমিনে	1
সত্যিকারিই	1
বহিঃষ্কার	1
চাবীটা	1
ভাআপনার	1
কতোকাল	1
গিছিল	1
ধেত্তরি	1
পাম্পর	1
মোনা	1
ক্যারেন্ট	1
তু্ই	1
ক্যারেন্টের	1
দিপক	1
ইনভার্টারকে	1
চোষন	1
নাড়িতে	1
কাঁদছেনা	1
নভোচারীরা	1
মধ্যাকর্ষণে	1
্যাঞ্ছই	1
ইডিয়েটটা	1
্যাঞ্ছদাসকে	1
ছটু	1
পারলেননা	1
দুর্জে	1
রোজরাতে	1
দুরাত্মা	1
ইডিয়টের	1
নমষ্কার	1
প্রাইমারীর	1
ছান্দুচাড়	1
শেষবেলা	1
ডায়পার	1
ভাংবো	1
হাঁসবো	1
ঘোষনাপত্র	1
এ্যাসিস্ট্যান্টকে	1
ওরতো	1
চানচাড়	1
চাঁনচাড়	1
হেড়ে	1
যাবেরে	1
্যাঞ্ছরদাস	1
উৎকর্ষকে	1
গামে	1
স্যান্ডেলটা	1
জিতলি	1
ছেঁচব	1
প্রোকাশ	1
প্রোকাশের	1
পেটায়	1
ইস্টেসনে	1
অর্ধেকটুকুই	1
অসহ্যবোধ	1
গ্র্যাজুয়েটই	1
চাকুরীজীবির	1
সিগারেটটাও	1
নিতা	1
খ্যাঁতের	1
দুর্বলতাও	1
গেট্	1
রিএকশন	1
সবায়কে	1
বিশৃঙ্খলতা	1
মানালাম	1
গীতাকেও	1
রয়লাম	1
শেষেরটাই	1
প্রথমটাই	1
দাশাভাতারম	1
চিঠিটাতে	1
লেখেই	1
লেখেনি	1
নকলটার	1
দাসাভাথারামের	1
প্লেটটাই	1
সর্বগুণী	1
পুরষ্কারও	1
সিঙ্কে	1
ছুয়েছিলাম	1
আবেদনগুলো	1
স্কাটের	1
আইডিকার্ড	1
টাকলাটার	1
রাঁধো	1
স্টোররুম	1
স্টোভে	1
সেগুলই	1
পারফেক্টের	1
কাঁটিও	1
দাশাভাতারাম	1
দিকটাকেও	1
পাওার	1
গাড়িটাই	1
সান্ত্বনার	1
দিতিস	1
ঘৃণাটাকে	1
পরিনিত	1
ঘটিয়েছি	1
আত্মহত্যাটাকে	1
ভালইবাসেন	1
রাইয়ালাসিমাতে	1
কারনুল	1
কথাগুলোকে	1
পুরটায়	1
বিয়াই	1
চুলকিয়েছিস	1
বালতির	1
মমতাভরে	1
স্নেহভরে	1
স্নেহময়তা	1
বালতিতে	1
বেনুনি	1
বাসত	1
শেঠী	1
শূয়োরগুলো	1
মিশিয়েছে	1
আপসে	1
খওয়া	1
খাওয়েছেন	1
একও	1
নাত্নি	1
নিয়োনা	1
উপাই	1
আঞ্জি	1
পৌঁছুবি	1
এদিকেও	1
আপ্যায়নটাও	1
সুকরিয়া	1
মানলি	1
পরিকল্পনাটায়	1
আধিপত্যই	1
বাসাভা	1
বাগামপল্লিতে	1
ব্যবস্তা	1
গিতাকেও	1
রিঙ্গা	1
রিঙ্গাটা	1
বাঁচাবনা	1
জিতিস	1
জিতুক	1
ভালবাসেনি	1
দুর্ঘটনাতেও	1
ব্রিজটা	1
চিরুনিওয়ালা	1
ছাড়ছেন	1
এ্যাম্বুলেন্সে	1
দাইয়ালাদিব্বাতে	1
বিশৃঙ্গখলতার	1
হ্যাপির	1
চোখটাকে	1
আস্ফালন	1
বউমাকে	1
বাঁধিনি	1
গিঁটও	1
মুহুরতেই	1
ভেঙ্গেছিস	1
নড়াস	1
মুহূর্তই	1
গীতাকেই	1
ভালোবাসেনা	1
ডায়েরীটাতে	1
কুগান	1
ফ্রান্সিসকোতেই	1
সেরেন	1
ভ্যানগার্ড	1
টিটিও	1
রিরাঊটিং	1
ব্যাটায়	1
স্ট্যান্ট	1
ভবিষ্যতবাণীতে	1
সল্যুশন	1
শর্টওয়েভ	1
চারদিনের	1
আঠাশ	1
হাইড্রোবোট	1
বন্দুকটির	1
২০১৮	1
অভজারভেটরিতে	1
কয়োটি	1
বাসির	1
টিপো	1
কর্টেক্সকে	1
ডিভাইসকে	1
সানফ্রান্সিসকো	1
এরোস্টেট	1
মিহরাদি	1
কয়ট	1
সিক্সটি	1
১২৫৭৯৩	1
লাগাইছে	1
মটো	1
ট্রান্সপোর্টটা	1
বহুক্ষণ	1
রিক্টার	1
মর্ফিন	1
এঞ্জেলসেই	1
মিহার্ডিকে	1
সেরাটাকে	1
বার্নেস	1
ব্ল্যায়ারের	1
সরিয়ও	1
গ্রেটর	1
বোম্বও	1
ব্রেকারসফিল্ড	1
ইনফ্লিট্রেশনের	1
বাছিয়ে	1
ডাইনের	1
কুগানের	1
লসেঙ্কো	1
ছাড়তেও	1
হাইপ্লোভমিক	1
অসতী	1
সার্জনদের	1
হ্রেষা	1
জড়তা	1
স্টোভও	1
জ্বালায়া	1
রাখসো	1
আনতেসে	1
১৫৬	1
ছোঁয়াও	1
হাতুরি	1
চেপেরাখতে	1
টাট্টু	1
গ্ল্যাডস্টোনকে	1
পাইনাই	1
মরসট্যান	1
উইকি	1
ব্যাপারগুলাই	1
ওয়াটসনকেই	1
টেনসিলটাকে	1
সৈনিকেরই	1
বেয়াদবিই	1
রুবির	1
এলবো	1
প্লেক্সাস	1
পারতেও	1
ক্রোমাটিক	1
সুরটাকে	1
এটোনাল	1
ক্লাস্টার	1
বাস্কুল	1
চেকবইয়ের	1
ওয়েস্টকোটটা	1
মানুষগুলাকে	1
বন্দীদেরকে	1
দিনগুলাতে	1
বেরাতে	1
সাইক্লেড	1
খতে	1
হাপ্সবারগের	1
রোমানভের	1
বর্ণানুক্রমিক	1
জার্মানগুলো	1
টেমস	1
বিকৃতভাবে	1
অ্যাডলারকে	1
বাড়িভাড়ার	1
উঠেহেটে	1
একলার	1
ওয়ালারা	1
সিরিসিয়াসলি	1
খেলাটায়	1
স্লাবগুলার	1
সাক্ষীটা	1
কফিনটাকে	1
ডিপটেরা	1
ইঞ্চিযেটা	1
অ্যাডলারের	1
যদির	1
স্টলটাই	1
দেখেছিযার	1
বিবিরনসহ	1
অ্যাঁডলারের	1
নিরসন	1
কোইন্সিডেন্স	1
টেবিলক্লথ	1
টিউমারে	1
ফ্লোরার	1
পাইলানা	1
ভয়ংকরের	1
বামনটার	1
নির্ভার	1
পচনক্রিয়া	1
অ্যামোনিয়াম	1
সালফেট	1
ফসফরাস	1
ফরমালডিহাইড	1
ফরমালিন	1
ম্যাগনেসিয়াম	1
সালটাফেটিক	1
লোহাকেও	1
হাইড্রেটেড	1
রডোডেনডেরন	1
হুম্মম	1
সেগুলাও	1
পদশব্দ	1
জড়াচ্ছ	1
মাঠও	1
পরাতেই	1
নয়াবাজারের	1
চিঠিগুলা	1
লোকরাই	1
ধারাতেই	1
কনসিভ	1
মতানুসারী	1
পুনরুত্থানই	1
থামাবোই	1
কমেট	1
ভিনটেজ	1
ধরনটাই	1
চকের	1
রেলওয়েতে	1
ওয়াইনটার	1
ব্যাপারকে	1
পরিচারিকারা	1
ভাঙবার	1
বাকররাও	1
কাপবোর্ডে	1
ইতিহসের	1
আমাদেরটার	1
পুলুশকে	1
সম্মন্ধীয়	1
উলউইচ	1
আর্সেনাল	1
লাইমহাউস	1
কুইন্সিথে	1
উদ্দেশ্যমুলক	1
জলপথ	1
মদ্য	1
সেন্সের	1
যাওয়াটায়	1
বামনটাই	1
একমিনিটের	1
ভার্স	1
পদ্য	1
কাটতেসে	1
গরুকে	1
কুরবানির	1
ভাল্বটা	1
গ্রেপ্তারী	1
রোগীদেরকেও	1
রদেরাম	1
উঠতেছো	1
শ্রাপনেল	1
ডক্টরটা	1
বন্দিখানায়	1
ধর্মতত্তের	1
ধর্মচর্চা	1
গর্ভস্ত	1
সম্রাটরা	1
স্ফিংস	1
অপরিমেয়	1
চিহ্নগুলা	1
আর্কিটেকচারের	1
সিস্টেমটার	1
অঙ্কটাও	1
পুরোহিতদের	1
বুযলাম	1
ঘুষা	1
কোয়ালিটির	1
কেসগুলোতেই	1
পার্লামেন্টটা	1
আখড়াটা	1
বসেছো	1
তুমিয়ে	1
তুলির	1
হাউসেরই	1
পরিষদবর্গই	1
জ্ঞানীকে	1
ওপরদিক	1
সুয়ারেজে	1
ধোঁয়াশার	1
রঙটার	1
আলমনডের	1
যুদ্ধবিদ্যায়	1
পালটানোর	1
ইলেকট্রড	1
সায়ানাইডকে	1
সিলিন্ডারকে	1
বাকীটুকু	1
অন্যগুলার	1
স্লাব	1
বাথটাবেই	1
দেখিয়ছো	1
কপারের	1
রাষ্ট্রদূতের	1
জাহাজঘাটা	1
গন্ধহীন	1
তরলকে	1
অসাধারণত্ব	1
অনুসারীদের	1
কলিগরা	1
সুন্দরভাবেই	1
আডভেঞ্চার	1
টপকাও	1
বড্ডও	1
দড়িকে	1
গিটটা	1
হারনেসের	1
এরচেও	1
রডোডেনড্রন	1
প্যারালাইজ	1
চিকিৎসকে	1
গ্লাডস্টোনের	1
বহুগুনে	1
ব্লাঙ্ক	1
সাংস্কৃতি	1
স্বাধীণ	1
ঝুঁকতে	1
আাইনের	1
সাবানকে	1
টোপও	1
ধাক্কি	1
মনিটরিং	1
সওদাতে	1
পড়েগিয়েছিল	1
হতচ্ছারা	1
আচঁর	1
ঘুমোনোর	1
নিকটাবর্তী	1
গড়িটা	1
ক্রুজিয়ায়	1
প্রাপ্যটা	1
মটিতে	1
খজনকভাবে	1
উন্নিত	1
বিশ্বস্যতা	1
এতটুকও	1
গনতন্ত্রের	1
টেলিভিসনের	1
লাফিতে	1
কামরাই	1
ভঙ্গকারি	1
আহতরা	1
ঘেরাওকৃত	1
সহ্যতার	1
সমন্বতা	1
গণপ্রজাতন্ত্রের	1
নিয়ন্ত্রের	1
উদ্বাসন	1
উদ্বাসিত	1
নাচাচ্ছি	1
পালোয়ানের	1
আইনেকে	1
জোরদারকারীরা	1
হেলিকাপ্টার	1
কন্ঠসর	1
বিঁধছে	1
ম্যাচিটি	1
প্লানটি	1
নিস্কিয়	1
৩১০	1
আদমশুমারি	1
পৌছেসে	1
ধ্বংসাত্বক	1
বাস্তবাদী	1
মন্দার	1
সৃস্টির	1
ভবনটার	1
পুরোপুরিভাবেই	1
টিলিভিসনে	1
সেক্টরকে	1
মনপুত	1
আওতাধীন	1
একতাবদ্ধভাবেই	1
যাস্	1
কালেকশনের	1
ফ্রান্সবাসী	1
আনব্লক	1
পচাঁ	1
চরমসীমায়	1
এম্ব্রি	1
ক্যাপসুলকে	1
ভাবনাগুলো	1
ড্রয়িংগুলো	1
শোনাচ্ছেনা	1
এন্ডু	1
হেরল্ড	1
এসাইনমেন্টটা	1
ক্যাপসুলটাকে	1
অঙ্গিকার	1
নৌয়িং	1
ভিনগ্রহে	1
কল্পণা	1
ডিস্কোভারি	1
শেষেরদিকে	1
বর্ষপূর্তি	1
টপিকটা	1
বিশ্বব্রহ্মান্ডের	1
পূর্বতন	1
১০হাজার	1
ফারেনহাইট	1
নাইট্রোজেনও	1
সিলেস্টিয়াল	1
বিক্ষিপ্ততার	1
সিমপ্লি	1
ইনসিডেন্স	1
অস্তিত্বটা	1
স্ট্রিং	1
উদ্দশ্যও	1
সকালবেলায়ই	1
কসমোলজি	1
জ্যোতিঃপদার্থবিজ্ঞানের	1
ল্যাট্টে	1
শ্যালিকাকে	1
পুনঃবিবেচনা	1
প্রিসিলা	1
ডেডিকেশনে	1
প্র‍্যাক্টিসের	1
নয়শ	1
নয়শো	1
সময়গুলোতেই	1
পৃথিবীরই	1
সীলগালা	1
আজগুবির	1
সংখ্যাতত্ত্ব	1
কাবালা	1
পিথাগোরাসের	1
এলিসনের	1
পুঁতেছিলো	1
লিখেই	1
লুসিন্ডার	1
কেসলারের	1
পাস্তুরের	1
পাস্তুরেরই	1
দাদুবাড়ির	1
করছিলেনা	1
সৌরঝড়ের	1
অক্টোবরের	1
উদ্ধারকর্মীরা	1
মিডওয়েস্টের	1
উচ্চচাপের	1
সানস্ক্রিন	1
কারপুলে	1
স্পেশ্যাল	1
কলঙ্কৃত	1
মেইনি	1
ইন্টারনেশনাল	1
নেভিগেশনাল	1
হোমওয়ার্কগুলো	1
জানাচ্ছোও	1
ভবিষ্যদ্বাণীটি	1
অঘটিত	1
পুড়ছিলো	1
নেকড়েগুলোকে	1
নেকড়েরাই	1
জিওগ্রাফিতে	1
স্তন্যপায়ীরা	1
প্রাণিগুলো	1
হেয়ারিং	1
এইডটা	1
এসিটা	1
প্যারেন্ট	1
ডিভোর্সি	1
এস্ট্রোফিজিক্স	1
জ্যোতিঃপদার্থবিজ্ঞান	1
ঢুকিয়েছিলেন	1
১৭০জন	1
অ্য্যাবি	1
লাফায়েটের	1
ওর্থ	1
অ্যাবিরও	1
দেয়নিতো	1
ফিসফিসানো	1
অ্যাবিকেও	1
তারিখটির	1
স্থানাংকের	1
লুসিন্ডাও	1
অ্যাবিকে	1
সাবওয়ের	1
এক্টিভিটি	1
পেপারটার	1
চার্টে	1
মাইক্রোটেসলা	1
তরঙ্গদৈর্ঘের	1
ওজনস্তর	1
ঠেকাবো	1
গর্টন	1
পেন্টাকোস্টে	1
অন্তরাত্মার	1
কমবেনা	1
পিছুই	1
সৌরশিখা	1
আশ্রয়স্থলে	1
ওয়েস্টফোর্ডে	1
নাম্বাগুলো	1
লাগাতেই	1
পৌঁছোতে	1
ভূগর্ভের	1
দুর্যোগের	1
বাচ্চাসহ	1
বাছাইকৃতরাই	1
টিকেটগুলি	1
আাফ্রিকান	1
পর্যবেক্ষণকৃত	1
ফেরির	1
আাওতায়	1
কুওি	1
সেক্সই	1
ভাড়াকরা	1
সিডিটি	1
বোনেরই	1
মক্কেলটারে	1
বস্তুুকে	1
এসেটের	1
দেখাকৃত	1
ায়	1
লাগাবা	1
পিচকারি	1
দূর্ঘটনাক্রমেও	1
গবাদিপশুর	1
দুগ্ধাগার	1
ফাইলজাত	1
প্রফাইলে	1
ক্ষিত	1
রেপ্রিজেন্টর	1
পাসওয়ার্টটা	1
পাল্টাবা	1
ক্রডিট	1
বস্তুু	1
ডিভিডিগুলা	1
শিগ্রিই	1
ধারকৃত	1
ভাবসে	1
আাটকিয়ে	1
ত্যারা	1
জ্বালাচ্ছে	1
সভাকক্ষের	1
শিখশিস	1
কাঁপতেসোস	1
সংশয়াতীত	1
আটঁসাটঁ	1
ফিটার	1
ডোরকোড	1
খোসামুদি	1
রেগ	1
উপরালাদের	1
আ্যলফাবেটকে	1
সিরিলিকে	1
সিনগুলা	1
ট্রাক্সি	1
করতেসোস	1
ভূলবা	1
ছুরিকে	1
পূণরায়	1
বাইচ	1
গার্লকে	1
সাহসীরাই	1
স্টানডার্ডস	1
টোস্ট্	1
পরফেক্ট	1
কুকুরীর	1
স্বগর্বে	1
রক্ষন	1
আনবা	1
ট্রাকারটা	1
গিলব	1
ধরনীর	1
লক্ষ্যনীয়	1
সথে	1
হাইলি	1
ট্রেইনড	1
আক্রমণকারির	1
ক্লিনারই	1
দূর্ঘটনাক্রমে	1
ছেড়	1
স্বতন্ত্রভাবে	1
ভরসাহীন	1
কেবলা	1
হরিয়েছ	1
আবেন	1
ডায়মন্ডস্	1
হাটস্	1
প্রসিকিউটরের	1
ইস্যুগুলো	1
আাদান	1
মেইলগুলা	1
ভ্রষ্টতা	1
ত্তা	1
চীফতুইকুত্তা	1
ট্রেইনাররে	1
অ্যাটেন্ড	1
ডাকসে	1
এজেন্টগুলার	1
এজেন্টর	1
কন্টাকের	1
পল্লী	1
দৌড়াত	1
অকুতভয়	1
বাঘগুলা	1
প্রসিকিউটরকেও	1
অলুক্ষনে	1
কন্ঠরোধ	1
হেনরিটা	1
চড়ল	1
কতবারই	1
স্যুয়েটারগুলো	1
ওয়েস্টফলের	1
এগারেটায়	1
কঠিনও	1
মেয়েলিও	1
স্যুয়েটার	1
মিটারটা	1
বেনিংটনের	1
বন্ধুত্বপরায়ণ	1
গার্মেন্ট	1
জুর	1
অধিপত্য	1
বিংকের	1
ডায়াপারগুলোর	1
ধনীব্যক্তির	1
ডলদের	1
বস্তুটাকে	1
পিঠায়	1
কিরেছিল	1
বুঝাবেন	1
ছিটিয়েছো	1
তোলো	1
থেঁতলিয়ে	1
গুজ	1
কর্ণার	1
বরে	1
ম্যানসনে	1
ইন্ডাস্ট্রী	1
বেনিংটন	1
এইটুকুর	1
ভেজালের	1
ম্যাকক্রেস	1
ম্যাকক্রে	1
দুখি	1
বাটারফিংগারস	1
দেখাচ্ছো	1
ফাঁড়া	1
ডিপোতে	1
বান্দরটাকে	1
স্টারবোর্ড	1
খরগোশগুলো	1
টারীতে	1
ফ্লিটলাইন	1
অল্টারনেটর	1
কার্বুরেটর	1
তলানিতে	1
ইন্তেকালের	1
বারবিকিউতে	1
স্কাউটে	1
মন্ডা	1
গ্রিডার	1
নরবির	1
রসিকগিরি	1
গুস	1
গ্যা	1
মিলওয়াকিই	1
খবরগুলো	1
টিনসেল	1
ম্যাককলোস্কিকে	1
টিকটকে	1
সাফা	1
দূর্গন্ধযুক্ত	1
পায়রা	1
হাটলেও	1
বেডফোড	1
আত্নিয়	1
ক্লাক্স	1
প্রেতাত্নার	1
বোঝাতেন	1
মন্টগ্রামি	1
নরমালের	1
আসনা	1
লাগতনা	1
হ্যাটকেস	1
শেখাচ্ছিলাম	1
ড্যান্সটা	1
গিটারটা	1
নাচছিলাম	1
ব্যান্সন	1
অ্যাপ্লায়েন্স	1
যুবককে	1
চড়াটা	1
নওজোয়ানের	1
করেবননা	1
দৌড়াতাম	1
বানাননি	1
ক্রিকমোর	1
রাত্রিবেলায়	1
র‍্যাবিট	1
ওয়ালেস	1
অমেরিকার	1
ভল্লুকজাতীয়	1
ধুকার	1
ডিফেন্সকে	1
বাসিদের	1
ম্যালুনকে	1
তাস্কালুসা	1
মরেননি	1
পারতামনা	1
বয়েযের	1
ইকোনমিক্স	1
আমেরকা	1
বাফর্ড	1
বাত্রা	1
চিংড়িও	1
সেকা	1
সাঁতলান	1
ক্রেওল	1
গাম্বো	1
আলোড়ন	1
ছাপল	1
টেনেসির	1
মেমফিসে	1
ফ্লেম	1
ডায়লানের	1
ফক	1
ডার্লিন	1
চিব	1
প্লাটুনে	1
মাড়ি	1
সিমস	1
রোপ	1
বদমাইশগুলোকে	1
আরকান্স	1
সার্জেন্টের	1
টিলাকে	1
ফেনিক্স	1
মুষলধার	1
আমাদেড়	1
মগাটাকে	1
কলেমন	1
হার্পার	1
কোপার	1
লার্সন	1
ওয়েবস্টার	1
ম্যাকমিল	1
টাইলর	1
নির্বোধই	1
বর্নের	1
নির্বোধটা	1
বার্কেলিতে	1
ঐদেশের	1
সোলজাররা	1
বোঝায়না	1
ক্যালিফর্নিয়াতে	1
ফ্র্যান্সিস্কোতে	1
চাচ্ছিলামনা	1
সাম্যবাদীদের	1
শিখাতাম	1
মূর্খকে	1
দীর্ঘজিবি	1
ভাতায়	1
হাটছি	1
পঙ্গুরা	1
কানিং	1
নির্বোধকে	1
নিক্সলের	1
এবট	1
ফ্ল্যাশলাইটের	1
সেসময়ে	1
পেপার্স	1
ফ্লেক্স	1
প্যাডেলে	1
নৌকাকে	1
কার্মেন	1
বাত্রার	1
শ্রিম্পিং	1
কার্মেনের	1
ড্যাভি	1
ক্রকেটের	1
ড্যানকে	1
বোঝাত	1
ফোরস্কয়ার	1
গোস্পেল	1
একভাগ	1
বাঁদররা	1
জান্নাতবাসী	1
পুরোটাসময়	1
ভালোবাসনা	1
দৌড়াচ্ছিনা	1
দৌড়াবার	1
কাউন্ট্রি	1
স্টেটকে	1
দুবছরের	1
মিসিসিপি	1
গৃহহীনদের	1
পারছিলনা	1
চিজই	1
সবসায়গায়	1
বেরেছে	1
শ্লোগানের	1
শ্লোগানে	1
দুপু	1
লেগান	1
স্যাভানায়	1
স্ক্র্যাপবুক	1
দৌড়িয়েছি	1
টাইটানিয়াম	1
ফরেস্টকে	1
মেঘদের	1
অনে	1
আঁচড়ায়	1
পড়বনা	1
সমন্বয়ক	1
ধান্দাবাজকে	1
পঁচি	1
রাজস্বের	1
করমুক্ত	1
টুকিল	1
ফর্মগুলো	1
বড়লোকি	1
রইছিস	1
বরফশীতল	1
কারারক্ষীদের	1
বদমাশটাকেও	1
আঁচে	1
দাবাই	1
গুটিগুলো	1
সাদাগুলো	1
মার্বেলপাথর	1
সাজিমাটির	1
গিল্ডা	1
আনানোতে	1
বসলি	1
রুস্টারেরটাও	1
ভাঙলি	1
ঢুকাবি	1
শলাটা	1
কোইত্থিকা	1
গোমূর্খ	1
বগসকে	1
সান্ধ্য	1
লকডাউনের	1
আআহহ	1
সম্বর্ধনা	1
বিয়ারগুলোর	1
সাজিমাটি	1
ভূতত্ববিদ	1
ছবিওয়ালা	1
গরাদ	1
১২৩	1
অনুসারীগণ	1
আলোকসজ্জা	1
তল্লাশিটা	1
ধোপাখানায়	1
জিওগ্রাফিকস	1
রিডার্স	1
ডাউজেস্ট	1
ল্যামো	1
স্ট্যানলি	1
গার্ডেনারের	1
১৯০৫	1
ডেকিনসকে	1
হারভার্ড	1
ইয়েলে	1
হতোঃ	1
ধোপাখানা	1
লাইব্রেরিটা	1
ওয়ার্ডেনকে	1
খচ্চরের	1
কিপটা	1
মন্ত্রিসভার	1
নর্টনও	1
সবারটাই	1
ওয়ার্ডেনেরটাও	1
আন্তঃজেল	1
খেলাগুলো	1
খেলোয়াড়রাও	1
মোর্সবি	1
খাপের	1
সহকারীও	1
১০৪০	1
ফর্মটার	1
হেইউডও	1
অবশ্যি	1
হেইউডঃ	1
বাতে	1
জিগারঃ	1
ব্রিউয়ার	1
ছিঁড়েই	1
ম্যানেজারটাকে	1
বিদ্রঃ	1
হেইউডকে	1
হুজ্জোত	1
মোৎজার্টঃ	1
ফিগারো	1
দ্বৈতগান	1
সুলারিয়া	1
যেফিরেত্তো	1
লতাগুল্ম	1
ধাক্কিয়ে	1
গাচ্ছিল	1
অপ্রকাশের	1
কণ্ঠস্বরগুলো	1
চকিত	1
খোলো	1
চালবাজির	1
সপ্তাহকে	1
মোৎজার্ট	1
কাউন্ড	1
ক্রিসকো	1
ক্রিসটো	1
আলেক্সান্দ্রে	1
ডুম্বাস	1
ডুমা	1
সংগ্রহও	1
হান্ক	1
পাহারাতে	1
উন্নয়নমূলক	1
প্রকল্পে	1
সমাজেও	1
দুয়ানোর	1
সবটাতেই	1
ঠিকার	1
সমাজসেবা	1
কর্মসূচি	1
তল	1
শুল্কমুক্ত	1
বন্ডে	1
নর্টনকে	1
লেনদেনেরই	1
বান্দাটা	1
একাউন্টগুলো	1
স্টিভেনের	1
ভুংভাং	1
চরিত্রটাকেই	1
লাইব্রেরিটাও	1
অটিসের	1
চুরিডাকাতির	1
চুরিডাকাতি	1
ফুটানিতে	1
দাদুরা	1
পেলামঃ	1
মামলাতেও	1
ফাঁসাবেন	1
ক্যাশম্যান	1
শিডিউলও	1
ইংল্যান্ডেই	1
খেটেছো	1
ডিপ্লোমার	1
হারাদের	1
খন	1
বর্ণপরিচয়	1
টমিও	1
কুঁড়িকে	1
জেলেখানার	1
ঘরবাড়ির	1
পাথরগুলোকে	1
ঝুলতো	1
নায়িকাটা	1
ব্ন্ধু	1
পাত্তিওয়ালা	1
সেইটাকেও	1
হোমরাচোমরা	1
নামধাম	1
বেড়ো	1
পাইও	1
টমিঃ	1
প্যাক্সোন	1
খুলবা	1
চুষবা	1
চোষাই	1
পদক্ষেপটা	1
হ্যাডলিরও	1
পায়ুকামীদের	1
ঝড়টার	1
বাক্সটনের	1
বাক্সটন	1
আগ্নেয়পাথর	1
হ্যাটলেনের	1
কখনোই	1
ভালোই	1
দুর্ভাবনার	1
ক্ষুরের	1
দোস্তটাকে	1
২৩৭	1
শোনাবা	1
কয়বারই	1
চেনেও	1
স্বাক্ষরটাও	1
ক্যাশিয়ার্স	1
নর্টনের	1
সমকাল	1
হ্যাডলিকে	1
চাবিতে	1
হুডখোলা	1
পেরুনো	1
বুঝাতাম	1
বিভা	1
যলে	1
খাটছি	1
হ্যাটলিন	1
অ্যান্ডিঃ	1
প্রকল্পগুলোতে	1
হাবড়ার	1
প্রারম্ভে	1
বন্ধুটার	1
রাশে	1
নির্দেশদাতার	1
কুলসন	1
আঙুলগুলোও	1
ইংলিশেই	1
গোপনীয়ভাবে	1
কাউন্তটারের	1
জায়গাটিও	1
খাবেই	1
কাস্টমারা	1
হ্যাশের	1
ওড়াবে	1
প্রস্তুতকারক	1
কাপকেই	1
ছন্দোময়	1
উচ্চারণভঙ্গি	1
হল্যান্ডে	1
গুনেনি	1
রাকামোরার	1
হাউজসের	1
পতিতাকে	1
স্পন্ধন	1
মহাপবিত্র	1
আইত্ত	1
পিছুও	1
এনটআনকে	1
পাল্প	1
এতটুকো	1
ডনালেড	1
ওয়েনডে	1
বাস্কে	1
হাওয়ায়েন	1
স্পাইটের	1
ঘটনাটিকে	1
গুরুত্বসহকারে	1
অপমানই	1
বাস্তবতাবাদী	1
অবাস্তবতাবাদী	1
কুত্তারূপি	1
বক্সারদের	1
ম্যাচটাকে	1
ক্যারিবিয়ানে	1
ওয়িনফিল্ড	1
মোটামটি	1
গাংস্টারের	1
জড়িয়	1
অ্যাপেল	1
দূরব্যবহারের	1
অ্যাপেলের	1
শরীল	1
আঠারোটি	1
সূচের	1
ব্রেষ্টের	1
ভ্রুর	1
নাভিতে	1
কিসেও	1
ব্রাভা	1
চোকো	1
হাজ	1
পাঁচশো	1
সেবনকারীরা	1
গর্দফগুলোর	1
সপ্তহার	1
সেলারদের	1
মুছেই	1
ব্যাগি	1
ব্যাগির	1
সূচটা	1
হিরোইনগুলো	1
দামিগুলো	1
প্রাণদণ্ড	1
গর্দভগুলোকে	1
বারগুলো	1
আম্পেয়ারের	1
চ্যারিসেলারে	1
ছুটতাম	1
পপের	1
গেয়েছেন	1
কুরকুরে	1
ড্যাকওয়াট	1
কারবি	1
অ্যান্ডিসন	1
ধরানোর	1
মারসেলা	1
সামারসেট	1
নিয়েল	1
মাষ্টারকেই	1
সবইতো	1
পারদর্শীতা	1
রাভেন	1
ম্যাকই	1
ব্যাকগ্রাউন্ডটা	1
পারফমেন্স	1
কুড়িয়েছে	1
প্রতারণাপূর্ণ	1
নীরবতাও	1
ওয়েটারগিরি	1
মনোরসের	1
মেমি	1
ডরনের	1
ম্যানসফিল্ডকে	1
নিরর্থকতা	1
ইউম	1
হররকে	1
যতটুকো	1
সুধীবৃন্দ	1
কনটেস্টের	1
হ্যাজব্যান্ড	1
আপসোস	1
পারিচয়	1
ভেগা	1
মদ্যপানে	1
ক্ষীণভাবে	1
ড্রিংকই	1
হ্যান্ডডেলিং	1
সেলিউল্যার	1
অসন্তোষ	1
লাফাচ্ছি	1
ওটুকো	1
ডাইরেক	1
হার্টকে	1
হাঁপাতে	1
হ্যান্ডশেখ	1
জোকগুলোর	1
টমেটোকে	1
কোন্স	1
হ্যানইপিটে	1
কুলজ	1
টেনসিন	1
কন্সভেলির	1
হাতঘড়ি	1
ইরায়েন	1
কুলেজকে	1
লাকের	1
মেরিনে	1
শিশুপুত্রকে	1
হানোয়েতে	1
আমাশয়	1
কৌটার	1
হেবিওয়েট	1
চাম্পিয়ানশিপ	1
ফ্লড	1
ক্ষিপ্ততা	1
বক্সারই	1
ক্ষিপ্ততার	1
ক্যানেলে	1
কলম্বিয়ান	1
গোলসফ	1
বিক্সিং	1
ফ্লডের	1
দুর্ভাগ্যবানকে	1
আটজনের	1
ঢাকাতে	1
ঘুমিয়ো	1
ইউহ	1
স্পুন্স	1
ম্যাডনার	1
গোরিলাদের	1
প্লানমত	1
হাফটাইম	1
প্রেমালিঙ্গন	1
পাঁজর	1
প্যাসেফিকের	1
বোরাতে	1
হাইতি	1
বোরার	1
জেলিবিন	1
মোটরবাইকের	1
চমকেছ	1
মনভোলা	1
অরেঞ্চ	1
বোঝায়নি	1
গ্যাংস্টারা	1
খেয়	1
ককুকারাসা	1
রেডিওতেঃ	1
পেটাবে	1
দ্বিধার	1
কণ্ঠরোধ	1
তীব্রস্বরে	1
পারফেকট	1
মোটাটাকে	1
চপেটাঘাত	1
প্রেসটিস	1
প্যান্সার	1
মিস্টারের	1
রেপের	1
হুণ্ডার	1
ব্যাটারমিল্ক	1
কাণ্ডটাই	1
বেলাতে	1
গাড়িসহ	1
বারব্যাংক	1
পিচের	1
মারভিনকে	1
ভেজাচ্ছিলে	1
পরিস্থিথিকে	1
মুভিটিতে	1
সংরক্ষনের	1
গুনবেই	1
গ্রেভইয়ার্ড	1
প্ররিশ্রমের	1
ওয়লফের	1
পৌঁছাবো	1
কারমাজি	1
উড়েছিল	1
শ্বাসত্যাগ	1
মৃতদেহটাকে	1
ক্লিনারগুলো	1
অংশগুলোর	1
রক্তগুলোকে	1
শয্যাচ্ছাদনী	1
অংশগুলোকে	1
আত্মসম্মানে	1
পরিষ্কারে	1
তাকিয়োনা	1
মারসেলাসও	1
বেডরুমও	1
দর্শনশাস্রে	1
তাৎক্ষণিকভাবেই	1
ভ্রষ্টাচরণের	1
হাবে	1
পরিচালকগন	1
অংশটুকো	1
গোসলটা	1
বিশয়ে	1
সর্তেও	1
উভয়সঙ্কটেই	1
রাগচটা	1
উদ্দীপনাকে	1
রিনাডো	1
ইঙ্গুল	1
সম্মাম	1
গুরুজনদের	1
ঘোড়ার	1
শুঁকোর	1
কুমড়ার	1
নোংরা	1
শুকোরগুলো	1
খেয়ালি	1
বিচারই	1
পেপসির	1
যোগ্যতা	1
্যাকেলের	1
ঐশ্বরিকটা	1
কম্ফুদের	1
হাঁটাটাকে	1
আদ্ভুত	1
রাঁধুনিরা	1
দাদুমনি	1
বাড়িয়ো	1
ব্রিফক্রেসটিকে	1
অ্যাটোমেটিকলি	1
রেজিস্টারগুলো	1
প্রিন্সিপ্যালকে	1
ভিনস	1
ন্যায়পরায়ণটাকে	1
মাস্তানি	1
ব্রেটের	1
ওলালেসকে	1
কনটেস্টে	1
ল্যান্সের	1
প্রজম্ন	1
ধারাবাহিকতায়	1
বাচসেকে	1
ঘটনাচক্রে	1
ফাবিয়ানোকে	1
সিচুউয়েশনে	1
জুলসকে	1
টারান্টিনোর	1
কারিশ্মা	1
জুলসের	1
খুললেও	1
পরিচলক	1
মাস্তানির	1
ভিনসেন্টও	1
খুইয়েছ	1
ভবিষ্যতটার	1
ব্যাখ্যাগুলো	1
লেখালে	1
পরিব্যাপন	1
উৎসসমূহ	1
খুইয়েছো	1
উদ্বাস্তুটা	1
জবানি	1
অবসরগ্রহন	1
পার্শ্বীয়	1
রকভিউএর	1
ডেথহাউসের	1
উপদেশমূলক	1
জন্মেছিলো	1
জাতীতে	1
বাল্কান্স	1
সমস্যাকারীও	1
নামেমাত্র	1
উড়তেও	1
লাগলোনা	1
বারতো	1
লিন্সকি	1
নেশাতে	1
বেরাচ্ছো	1
খুনখারাপিগুলো	1
বাদীর	1
ছুঁড়ত	1
শটেই	1
মেরুরজ্জু	1
দুহাজার	1
আসক্তিপূর্ণ	1
অনুভূতিটুকু	1
বিবেকবানরা	1
কাটাচ্ছিলো	1
অধিকারভুক্ত	1
বলছোনা	1
ফ্যারিওর	1
সাধারনণভাবেই	1
অসংবেদনশীল	1
গেজেট	1
সংবাদটুকু	1
আইনজনজীবী	1
চিনোনা	1
বিনামূল্য	1
ঝামেলামুক্ত	1
সন্দেহপ্রবণরাই	1
চাকরানীটার	1
অভ্যাসগত	1
ব্যাভিচারিণি	1
ঘোরাঘোরি	1
খাটাবেনা	1
রিজি	1
বেজম্যন	1
ভাড়াটেগুলা	1
ডেমোক্রেটদের	1
ক্যাডিলাক্স	1
ফেরিওর	1
কামিয়েছিলো	1
করোনাডো	1
মারকোর	1
হোল্ট	1
কেরানীকে	1
১০তম	1
কন্সট্রাকটর	1
ত্রাণে	1
কোম্পানীটার	1
শেষকথাগুলো	1
অচেতনভাবেই	1
অপরিকল্পনীয়ভাবে	1
অপরিকল্পনীয়	1
ন্যান্সির	1
হাটতেছিল	1
সৈনিকটিকে	1
লোকালগুলোর	1
গুলিকারীকে	1
রাখবোনা	1
আঙ্গুলটি	1
তুষারস্পর্শ	1
অন্যানরা	1
গজেরও	1
ভরায়	1
আমিবলিনি	1
জেভকে	1
পকে	1
চেয়োনা	1
ভালোওনা	1
যেকাজে	1
সুকৌশলী	1
নড়ছিলো	1
স্বস্তিতেই	1
পারকিংইয়ের	1
সুবিধামতভাবে	1
অন্যকথায়	1
৬টাই	1
এমারসনও	1
পিচবোর্ডের	1
সারাটাজীবন	1
রস্তার	1
রেজিস্টার্ড	1
আরচারের	1
বিজনেসটার	1
সত্যঘটনা	1
খোলাখোলিভাবে	1
আরকিছু	1
উপরটায়	1
ড্রিঙ্কসে	1
ওহিওতে	1
অলাইনের	1
অলাইনকে	1
এরনি	1
বেকাপ	1
সরবোনা	1
এমারসনের	1
দুর্লভও	1
৩ট	1
আরোন	1
১৯২৫	1
দিনগুলোতেও	1
জর্জিয়ার	1
জুডিশিয়াল	1
ম্যাজিষ্ট্রেট	1
আলবুকারকে	1
সাক্রামেন্টোয়	1
উপরোক্ত	1
অলিওন	1
কতটূকু	1
সবেতো	1
উকিলসহ	1
মফা	1
মাতারীকে	1
নাগালেই	1
আনাড়িকে	1
শুটাররা	1
সেনাটি	1
ত্থাকো	1
শাকের	1
অক্টোবরে	1
অবসরকারী	1
সম্ভবত৩জনআছি	1
মারাগিয়েছে	1
আওতায়ভুক্ত	1
আচরণটা	1
সিআইডির	1
শেরিফকে	1
কলোডোরাডো	1
মুরক্রোফটের	1
উকিলহীন	1
ক্যানডাস	1
ডাটন	1
পতিতাবৃত্তি	1
ডাটনকেও	1
নষ্টির	1
থোবড়া	1
নার্কদের	1
বাগ্রাম	1
সিবিলিকে	1
টার্নারকেও	1
কলোডোরাডোয়	1
হুজুগের	1
বাধকতা	1
মীটিঙের	1
আর্চিবাল্ড	1
মুরক্রফট	1
দায়রা	1
নাগরিদের	1
স্যান্ডউইচও	1
মুরক্রফটকেও	1
ইমেইলগুলোও	1
ট্রুপারদের	1
ক্যাপিটাল	1
পেনিনসিলভিয়াতে	1
তালিবানরা	1
সেনাবাহীনির	1
ন্যাটদের	1
পেনিনসিলভেনিয়া	1
পেনিনসিলভেনিয়ার	1
রেজিস্ট্রেশনটা	1
ইমেইলেও	1
খুঁজোনি	1
ডিআই	1
কর্মচারীও	1
দণ্ডনীয়	1
হার্বতো	1
আড্রেলিন	1
কর্টিসল	1
অ্যান্ড্রেলিন	1
ড্রেসকোডের	1
শিক্ষিকাকে	1
পারোও	1
নিয়মকানুনও	1
ছুঁয়েছিলো	1
হাতগুলোর	1
এপ্লিকেশনের	1
দুলগুলো	1
বাঁধিয়েছিলো	1
নরফোকের	1
ডিসকভার	1
রেজাল্টে	1
সেনাই	1
জেসোক	1
সিলটিম	1
চড়তেই	1
বাঁচাচ্ছো	1
বলদগুলোর	1
আদেশকারী	1
চাইবেও	1
বলাবে	1
ঘুরোঘুরি	1
শক্তিমানরা	1
দুর্বলেরা	1
মারকোভিচের	1
তৎপরতা	1
অপারেটররা	1
বাসরা	1
লেজুড়	1
কেম্যান	1
ওয়ার্ফে	1
সেবীর	1
লঞ্চারে	1
ডফিন	1
১০১৮	1
সামলাচ্ছেন	1
হারকিন্স	1
বাক্সগুলোর	1
খোলাবো	1
মিললো	1
ইভনিং	1
চালিয়া	1
লাফটি	1
কার্কনেসকে	1
মোবারোকবাদ	1
মেয়েতে	1
ওয়েট্রেসটা	1
ভিয়েতনাম	1
মন্ত্রিদের	1
ওয়ান্টেড	1
পেশাতেই	1
অধিকাংশরই	1
মারিই	1
তাকাইবি	1
লড়েছে	1
মারামারিতেই	1
ডানাযুক্ত	1
মুটুর	1
মিউনিছ	1
ভুলেগেছ	1
উত্তেজনাময়	1
বুজাচ্ছো	1
প্রুযকোও	1
মিলজ	1
ঘুমি	1
মিউজিয়াম	1
টেলিপ্যাথিক	1
ম্যাককয়	1
অতিতকে	1
পিছানো	1
লিখলো	1
কার্যক্ষম	1
উয়াও	1
দোলানোর	1
স্প্লিটবল্ট	1
কবেনা	1
মিটারে	1
কায়রো	1
মইরার	1
নিনাকে	1
গুস্কি	1
ছেড়েদিন	1
অভিশাপী	1
জোকারী	1
সেরিব্রোতেও	1
ক্লাসিফাইড	1
প্রবেশপত্র	1
আসির	1
চিত্রলিপিতে	1
শরির	1
বৈচিত্রময়	1
রহস্যউন্মোচনের	1
প্লাবন	1
অ্যাপোক্যালিপসের	1
এ্যাপোলো	1
ব্যাকটেরিয়াকে	1
রাস্তাগুলোতে	1
আওতাই	1
যুক্তরাষ্ট্রও	1
সুপারপাওয়ার্সের	1
৮০র	1
পেরিয়ে	1
ভদ্রলোকটা	1
পরোয়াও	1
মনোবিজ্ঞানীকে	1
পোল্যান্ডে	1
কন্যাও	1
এটুকিই	1
ক্রুলার	1
কোয়ার্টজ	1
বীমকে	1
প্রতিসৃত	1
জিনিয়াস	1
কাঁপছিল	1
বুজাচ্ছি	1
ইয়া	1
ক্যালিবানের	1
অন্ধদের	1
বিরক্ততকর	1
লড়াইয়ের	1
গতিবেগসম্পন্ন	1
সঙ্কোচনীয়	1
শিখাকে	1
অপসারণের	1
লেনসারকে	1
সৈন্যসমাবেশ	1
লেনসারককে	1
লেনসারের	1
দেখছোনাতো	1
শেষাংশটিতে	1
নাহতো	1
মুভিগুলোও	1
বসবাসে	1
ইয়াহ	1
কালারটা	1
ক্ষতিরও	1
উত্ক্ষেপণের	1
পোলারিস	1
সরঞ্জামে	1
মেশিনেও	1
বাবেল	1
ফইন্নিরপুত	1
চূড়ান্তভাবে	1
ইসরায়েল	1
চীনেও	1
ভিন্নতাও	1
পারমাণু	1
হত্তয়ার	1
প্রতিশোধ	1
দেরিতেই	1
কোয়াড	1
চুম্বকীয়	1
আওসুইটয	1
কোবল্ট	1
জায়গাতেই	1
রাগই	1
ছেমরি	1
কুপা	1
গ্রেটার	1
জোগালেন	1
রেভেনের	1
অনুভূতিজাতক	1
ছাত্রও	1
সাবও	1
ধৈর্য্যও	1
নিইনা	1
পেশাটিই	1
কেসটির	1
নামটিই	1
পুতুলটিকে	1
গ্রান্ডপাকে	1
হাঁসছো	1
পদ্মিনী	1
গ্রান্ডপার	1
দ্রুতগতিকে	1
পদ্মিনীর	1
সঞ্জীবন	1
খুজির	1
ধস্তির	1
মেটদের	1
হিস্টোরিতে	1
সেক্সুয়ালী	1
বিষয়গুলোতেই	1
কিডন্যাপিংয়ে	1
সত্যমূর্তির	1
ঢুঁকলো	1
এডিক্টেড	1
নর্মালও	1
উপায়টা	1
যন্ত্রনাছাড়া	1
প্রকাশান	1
কাদাবান্ত্রাতে	1
জায়ালাক্সমি	1
দিককে	1
এডিক্টেডের	1
বেেছ	1
সেরিন	1
ব্যালকনিটাকে	1
এমিলকে	1
উমাকেও	1
উপায়টাই	1
কুরিয়ানকে	1
রাজীব	1
পাহাড়টিতে	1
ঢেঁকে	1
দেহটি	1
আধাত্মিক	1
মিথ্যাকেও	1
মৃতদেহটি	1
গুন্ডায়	1
কেসেরই	1
আসামীটি	1
দৌড়ি	1
সাউনুদ্দিন	1
ইভটিজিং	1
ধস্তিতে	1
বিশ্বাসঘাতকা	1
বিষয়কেই	1
বিশ্বাসঘাতকার	1
ঝুকিপূর্ন	1
বলিয়েই	1
উঠিয়েছো	1
আচরনে	1
ঝাপি	1
কলটার	1
পুর্বপরিকল্পিত	1
সাথিয়ামুর্তির	1
সাইকিয়াট্রিস্টের	1
শ্রীবালার	1
কতৃত্ত	1
জাহ্নবি	1
মরনটা	1
উপযুক্তভাবেই	1
শ্রীবালা	1
কাগজগুলোতে	1
সম্পর্কটাও	1
আলামতই	1
ময়ান্তদন্ত	1
প্রশ্নতেই	1
দূধ	1
রেবাতি	1
নুডুল্স	1
স্রকুট্টান	1
শান্তিতেও	1
বেরোলো	1
এনজেলকে	1
সন্ধেই	1
পাররি	1
বারগেস	1
শ্রিনী	1
থানাতেই	1
টুগেদারে	1
নিখোজের	1
উমাকে	1
আব্রাহামকে	1
টীমে	1
সাইলেক্সের	1
সাইনুদ্দিনের	1
দূতকে	1
তথ্যপ্রমান	1
়	1
মাত্রাটা	1
প্রিন্সিপালটার	1
রংচঙে	1
তাৎপর্য্যপূর্ণ	1
মেঘামালাই	1
গবেষনাগারটাই	1
কেমিক্যালে	1
আবদারেই	1
গবেষণাটা	1
রাজপুত্রটা	1
গুলুগুলু	1
জরা	1
পেলব	1
দোলাবে	1
উধর	1
পুষ্পে	1
খুটখুট	1
জন্মালাম	1
পাষান	1
আয়ুশমান	1
গুণলাম	1
কাস্টোমারদের	1
সাজায়া	1
মরছিলাম	1
দিনকানা	1
পাইলিরে	1
পায়ার	1
কইরাও	1
ব্যবহার্য	1
তৈজসপত্র	1
চাবায়া	1
খাইয়াই	1
এন্তেজাম	1
বিরিয়ানিটা	1
চক্ষুলজ্জা	1
ভুখা	1
পেটকে	1
সারাভানার	1
পূত্রবধূ	1
শুনতেছিস	1
ইচ্ছেখানা	1
ইংগিত	1
অসাবধানে	1
ইংগিতের	1
নিরবতাটা	1
মিথারান	1
মিরাকলই	1
বলতেছিলেন	1
জলসায়	1
বড়োজোর	1
চ্যালাকাঠ	1
ভাঙ্গমু	1
টাইমটাও	1
ঠসা	1
শুনোস	1
ফোকলা	1
খাটাখাটনির	1
ফিরিস্তি	1
ভাগবি	1
বাপরেও	1
কামাক্ষীর	1
সুধাকে	1
ফালাইতাছে	1
তাড়াআড়ি	1
শাফটার	1
অইসময়	1
শাফটারের	1
ভেঙেছেন	1
আধুলিও	1
দাবিদাওয়া	1
শিরোধার্য	1
স্নেহের	1
প্রতীকস্বরূপ	1
আবেগীয়	1
গজিনী	1
স্মৃতিশক্তিকে	1
গ্লাসসহ	1
ড্যামেজই	1
রসিদে	1
২৪৭	1
বলেছিনে	1
ক্লোরোফিল	1
হিমগ্লোবিনের	1
বাসাটাকে	1
উপকারটুকুও	1
কেলেংকারি	1
কিনেছিলে	1
দায়া	1
নিছিস	1
শ্যাওড়া	1
পেত্নির	1
জয়টা	1
চিল্লাতো	1
ইমাজিনো	1
সত্যিকারভাবেী	1
খামাকা	1
বিশ্রিভাবে	1
মালিটার	1
গনহারে	1
করাটাকেই	1
সুব্রামানি	1
উথে	1
নেংটাকালের	1
বিএসআরএম	1
অভিজ্ঞতাটারে	1
সেলুনকে	1
মনটারে	1
কাস্টোমাররা	1
সেলুনে	1
সর্নের	1
ন্যাংটাকালের	1
বানাইছিস	1
নড়ুম	1
যৌবনকালের	1
হলোগ্রামের	1
প্রশান্তিতে	1
পত্রিকাতেই	1
ব্যার্থতার	1
পর্যবসিত	1
আশ্চর্য্যের	1
উদগ্রিব	1
শুধুমাত্রই	1
সাহাচার্য	1
পৈশাচিকভাবে	1
যাত্রাটাই	1
করতাছিল	1
বাচ্চ	1
আব্বাসহ	1
আব্বারে	1
কাদছিলি	1
মাতৃত্বের	1
সত্যা	1
আগলায়া	1
ওয়াদাটা	1
দাদাজানকে	1
দেখেছিলি	1
ইমাজিনেরোমেন্সোফিলিয়াতে	1
প্রেমেই	1
মাডাবিধির	1
১ব	1
মাডাভিদির	1
গোপালসামুদ্রামে	1
ঘরণী	1
খায়েশটা	1
৬০০০১	1
মাডাভিদি	1
ইমাজিনেরোমেন্সোফলো	1
শাড়িটার	1
কিনছিলাম	1
পার্টসও	1
হয়নিতো	1
ইমাজিনোরোম্যান্সফোলিয়া	1
রোমান্সফোলিয়া	1
কাপুনি	1
ক্ষনে	1
নরকযন্ত্রনা	1
বাসনায়	1
নিঃশ্বাসটুকু	1
নাতিও	1
যন্ত্রনাটা	1
ভারাদারাজান	1
ব্রিফক্যাসটা	1
চেকবুকটা	1
ফান্ডে	1
এমাউন্টের	1
হাবভাব	1
এখুন	1
মনোবাঞ্ছা	1
১৩ই	1
অবতীর্ন	1
নিপতিত	1
সন্দেহজক	1
আঙুলটা	1
বাকীদেরকে	1
তোলপাড়	1
ক্ষমতাপ্রাপ্ত	1
ইলেক্ট্রিসিটির	1
মানিকের	1
শতগুণে	1
রেখেচিস	1
ঘড়িই	1
একচ্ছত্র	1
পুড়বো	1
মানিকান্দান	1
গোপালসামুদ্রামেই	1
সাথিয়ার	1
আস্কারা	1
ইমাজিনেরোমেন্সোফিলিয়া	1
চোধুরীর	1
পরবি	1
শশশশশশশস	1
সুটে	1
খাউজানি	1
চ্চু	1
ইয়াহহ	1
প্ল্যাটারস	1
বান্স	1
মাষ্টাররা	1
ডুডস	1
টটেম	1
বাঁশবাগান	1
শিক্ষকতার	1
চাউ	1
হাঁসগুলো	1
পাচ্ছায়	1
ফাইভিং	1
গুপ্তরহস্য	1
মাষ্টারি	1
কভুও	1
জেইডকে	1
বধকর্তা	1
প্রতিহিংসাপরায়ণ	1
খবব	1
মিশানোর	1
মিশাচ্ছো	1
ডেইড	1
বেঁচতে	1
ইয়াউ	1
ফ্রাঞ্চচাইজ	1
এক্সপেনশন	1
সাজো	1
জিতেন	1
শরমদায়ক	1
উয়াম	1
পেটগুলা	1
অস্ত্রাদির	1
জায়গাটাতো	1
উইশপায়ার্সের	1
ভাঙ্গাতে	1
ডলফিনের	1
পানিরোধক	1
রিকশা	1
ধামামা	1
টুই	1
পশ্চাৎপসরণ	1
ছুঁড়েন	1
শাহহ	1
চন্দ্রমল্লিকার	1
চাইয়েন	1
ওয়াউউ	1
মাষ্টারস	1
বাডজারস	1
পিশিয়ে	1
গংগ	1
লিজেন্ডস	1
স্ক্যাচ	1
নরকসম	1
আবলামি	1
পোফ	1
জ্ঞানভান্ডার	1
ঊওর	1
গৌরবাকাঙ্খী	1
আরোগ্যের	1
ধরিত্রীকে	1
পুড়াতে	1
হয়াতে	1
ঠোঁকের	1
প্যাকপাক্যানি	1
ম্যান্টিসকেও	1
উপস্থিতিকে	1
সংকটকালীন	1
দত্তকপুত্র	1
চড়াকে	1
পিঠার	1
স্ন্যাকলেইস	1
নুননর	1
ভোজসভার	1
গড়াইতে	1
মাপো	1
পান্ডারাই	1
উদ্ভিগ্ন	1
পতঙ্গকে	1
প্রস্ফুটন	1
দূপুর	1
গড়াই	1
আগুনেরগোলা	1
খাদ্যপ্রিয়	1
সবকটি	1
মাংকির	1
গড়েছিল	1
ওয়াওওও	1
পান্ডাটা	1
পান্ডারাও	1
অওও	1
ওত্তা	1
রেষ্টুরেন্টের	1
বাচ্ছাটাকে	1
ন্যাপ	1
হ্যামেক্স	1
টাবে	1
দৌঁড়াবো	1
ফিংগার	1
ওয়ারিয়রদের	1
বলদামি	1
শিফুর	1
আমিতে	1
সস্বাগতম	1
রিবনগুলোকে	1
গড়াও	1
কুলাকুলি	1
দশবারের	1
ওয়াহহহঊ	1
পরায়ণ	1
স্পিং	1
এত্তা	1
ইহাহ	1
স্বকীয়তাকে	1
কিকার	1
হিতেবে	1
ওগঊয়ের	1
চিটচ্যাট	1
বাফেটে	1
ওয়াঊ	1
পান্ডাতে	1
পান্ডাকে	1
টোকেই	1
ইয়েং	1
ওওয়াহ	1
শিক্ষকে	1
হ্যালুঊ	1
নিম্রাত	1
কৌর	1
ইনামুল	1
পুরাব	1
বেলায়ড়ী	1
কুট্টি	1
কুমুদ	1
ইরাকীকে	1
মহানুভবতায়	1
লাভটাই	1
দয়াতেই	1
হেমার	1
যেীতুকও	1
ডাইনিরাও	1
১৪বিলিয়ন	1
কুয়েতকে	1
সিমরান	1
কুয়েতবাসী	1
ফয়সালকে	1
চেকপোস্টের	1
সিমরানের	1
তহবিলসংগ্রাহক	1
চেকপোস্টে	1
সাইনি	1
দাসমান	1
হযেছে	1
১৭০০০০	1
সাঈয়াদ	1
ঝুলছিলো	1
জিগ্যেসই	1
ফাসার	1
দোয়ায়	1
আশাটাই	1
শখটা	1
কুলিদের	1
সহকর্মীদদের	1
হিমসিম	1
রঞ্জিতেরও	1
আরবকে	1
সেনাক্যাম্প	1
আনেননি	1
পরিচয়টুকু	1
আছেনই	1
ক্লাসরুম	1
টানিয়ে	1
সিমুর	1
চিল্লালে	1
অ্যাপেক্স	1
করেিছ	1
সেক্রেটারিরর	1
আগষ্টের	1
আসেনই	1
মন্ত্রনালয়ের	1
দরদি	1
নামগুলোকেও	1
নায়ারও	1
চিন্তুা	1
অনুমতিও	1
আসবেও	1
শর্মার	1
ভাসুদেভান	1
ত্রিচুর	1
চেনাপরিচিত	1
মোচের	1
নির্বাচকদের	1
ঘিলুই	1
পাকিস্থানী	1
ক্লিচাই	1
দিল্লিকেও	1
দিল্লিকে	1
কুয়েতীরা	1
পররাষ্ট্রমমন্ত্রী	1
১০০টন	1
চিকিৎসাপত্র	1
বেরহতে	1
সুলতানকেও	1
স্বগঠিত	1
প্রস্তাবকে	1
নাকোচ	1
ক্ষোপের	1
লাহোরে	1
হাসেনা	1
চামচার	1
করালেন	1
বসালেন	1
হয়েছেনা	1
কোনায়ও	1
মানাও	1
ম্যানুফ্যাক্সরিং	1
ডিফেক্ট	1
কাতিয়ালের	1
পরেননি	1
ফিলিংসের	1
ডিভিশনেরও	1
মালয়েশিয়া	1
রিটায়ারমেন্ট	1
আরোকিছু	1
ভাববেনও	1
কুয়েতীও	1
প্রতিজনের	1
পাঞ্জাবে	1
সঞ্জিব	1
কুরিয়েনের	1
অমরিতাকে	1
এমিরের	1
লুঠকৃত	1
সেকাজের	1
ফাওয়াদের	1
ঝুলাবেন	1
সওদাই	1
মেজরটা	1
নেওয়ান	1
বিমানমন্ত্রীর	1
খোলান	1
অমরিত	1
১০৯১	1
জাহারা	1
শাজিনকে	1
কুয়েতীকে	1
কুয়েতীর	1
তাসনীম	1
এয়ারলিপ্টে	1
প্রধানই	1
১৭৫	1
জর্ডানে	1
প্রানটা	1
অর্থমন্ত্রীকে	1
ভোগাবেন	1
ইকনোমিতে	1
এয়ারলাইনস	1
৪৮৮টি	1
কোহলির	1
জিলিওনিয়ার	1
এরোপ্লেন	1
জন্মাত	1
গন্ধরাজ	1
এমেটিক	1
থামবা	1
সত্যিকারেই	1
জনাবকে	1
ঝড়োবেগে	1
শামুককে	1
ঈর্ষনীয়	1
করিব	1
করিতে	1
পারিব	1
এডটা	1
জিঙ্গা	1
খাদু	1
জরুরত	1
কবিরাজও	1
মাম্মিইইই	1
আবিস্কারের	1
চাঁদবদন	1
চাকাগুলা	1
ম্মা	1
যেথা	1
একাত্ব	1
ভূপেন	1
খাওয়াইছেন	1
বৈচিত্র	1
সতর্ককারী	1
বামুনকে	1
জাদুবলে	1
বেয়াদবদের	1
আদেশপ্রাপ্ত	1
থামাবা	1
গোফসহই	1
সুর্যসহ	1
অকর্মের	1
ধুলাবালুতে	1
একারসহ	1
পাড়লাম	1
ভাইগ্না	1
টেডস্টার	1
চাওমিনের	1
চাওমিন	1
ওউপস	1
পকিং	1
ফ্রাংকেনস্টাইনের	1
অ্যাঁম	1
ভুপেন	1
শয়তানিরও	1
এরমাঝেই	1
ইন্টারেস্টেড	1
আবালামি	1
লাইলী	1
পলেস্টারের	1
খাটও	1
ভাস্কো	1
গামার	1
বানপোল	1
থুঃ	1
দেখতেছিলাম	1
বেডসহ	1
অবাঞ্চিত	1
আনন্দেই	1
আবশ্যিকভাবেই	1
তৃতিয়	1
ডূড	1
কলব্রিজ	1
সাপলুডু	1
নম্বটা	1
অলটাইম	1
রৌদ্রোজ্জ্বল	1
গ্রিজেলবা	1
ধরতাছি	1
ধইরালছি	1
পশমওয়ালা	1
ভুতটারে	1
ডাইকা	1
ক্যাঠায়	1
কুফায়	1
বাট্টু	1
থারাপ	1
খ্রাপ	1
আঁটি	1
বানছিলো	1
ঠ্যাকা	1
দূশন	1
ঘরবাড়ী	1
হতোও	1
ট্রাফুলার	1
টাছ	1
উইগিংস	1
দত্তকও	1
জড়িয়েন	1
কুতুব	1
সসার	1
হালার্পো	1
বিচিটা	1
কইলজাডা	1
বাটকুল	1
শিশুটার	1
ফটোসিন্থেসিস	1
লোকগুলারে	1
নর্মা	1
সেকালে	1
ট্রু	1
পাগলাটারে	1
ব্যাক্সাইডে	1
বান্ধুর	1
মনোহরের	1
জগৎটারে	1
গন্ধময়	1
নচ্ছার	1
আগামীমাসের	1
ভাঙন	1
সারামাস	1
মাইরালাচে	1
বলয়টাতে	1
ঝরিয়েছিলে	1
টেনেছিলে	1
গোনায়	1
মধ্যাঙ্গুলি	1
পয়সার	1
হ্যোর	1
চুদিনা	1
নিভায়াই	1
আলামিনের	1
বেডায়	1
গুণতাছে	1
এবংসত্যিকারঅর্থেএসব	1
সাধারণতো	1
তেতুল	1
লাগাইছা	1
খাওন	1
কছ	1
ঝাড়বাত্তি	1
বিলাইতে	1
বিলাইরে	1
যাউজ্ঞা	1
ডরায়া	1
তাকাইছ	1
আইলে	1
আমিত্যারাযে	1
খারাপদেরপাছায়বাঁশ	1
ভাংখোদের	1
কার্ডা	1
আবাসিকেও	1
পটাইতাম	1
আবাসিকে	1
আমদ	1
প্রমোদে	1
লুটিনা	1
চেইত্তো	1
মোটার	1
টুলডারে	1
দেখাইলা	1
খাইলাম	1
ডেডপুলে	1
তুলবা	1
খেইলো	1
ভাংখোড়রা	1
ব্যপারই	1
ফাসছা	1
ঘুমুচ্ছিলাম	1
সত্যিকারার্থে	1
এইডার	1
মুছনি	1
লিটনের	1
মোবারাক	1
শুভেছা	1
দিবেসের	1
চল্লিশা	1
ছুয়েটারটা	1
লালে	1
ঝাকো	1
অন্যরম	1
তারচেহারামনে	1
রাখারচেষ্টাকরছি	1
মহদয়গণ	1
সঙ্গিতের	1
আমারমনেহয়ঐবালডাআমারেছুইড়া	1
আধিকৃত	1
ওয়াম	1
উওয়াম	1
অ্যালব্যামের	1
কামিয়েছিল	1
কেলাবো	1
লিভারে	1
কানপড়া	1
আশারবাণী	1
আমিকে	1
ওহাম	1
দেওন	1
ঠাপে	1
ট্রিকটিয়াম	1
এসটিভউম	1
চেনেয়া	1
ওমনটা	1
জ্য়	1
উয়িস	1
রিপারের	1
পূণর্বাসান	1
কাটাচ্ছো	1
পুরষের	1
শফিক	1
খেচতেও	1
প্রেমিকতো	1
স্ববালেক	1
পাঠামুনে	1
প্যাচালী	1
দেখচো	1
দুটনাময়	1
যাইতাছো	1
স্পইলার	1
অন্তিমে	1
ভালতে	1
হইছেন	1
ল্যান্ট্রাণ	1
এনিমেটেড	1
ল্যান্ট্রাণের	1
পাওয়ারকে	1
মেবি	1
ব্লোজব	1
অবিন্যশ্বর	1
ভাঁজি	1
একেকরমের	1
গুণাহ	1
ভালবাসাময়	1
ক্ষোবকে	1
পোষাকটারে	1
ববানি	1
ধোনডারে	1
লাগাইতা	1
ভাবতাছিস	1
বানাইতাছি	1
সন্ত্রাসাবাদ	1
ফুটকা	1
চুশায়	1
আমিশুধুক্যান্সারমুক্তনই	1
পিরাদায়ক	1
জিবন	1
বর্বাদ	1
বুইড়ার	1
ঠাপাপু	1
লোকানো	1
দাপাচ্ছো	1
অবোঅব	1
দাতওয়ালা	1
লেবুতে	1
আবালা	1
জিগাবি	1
জিগাইছে	1
আমাও	1
ছাও	1
দুটনা	1
মারুম	1
ময়লাস্তুপে	1
পরায়জয়ে	1
উকৃষ্ট	1
১৬টি	1
পেন্টির	1
গন্ধর	1
ডুপ্লেক্স	1
শব্ধ	1
কুলেন	1
হেমেন্স	1
ট্রাইসিল	1
হুড্রালের	1
কুলেনকে	1
মুক্তিলাভ	1
মাঝা	1
নিরাগময়	1
আরোগ্যর	1
ব্যাকটিনে	1
ঘুরতাছি	1
উয়িংসের	1
ব্যকহামের	1
রেনল্ড	1
পেরায়	1
বোকাচন্দকে	1
রাগান্বিতকে	1
ভ্যানেসাকে	1
ইতু	1
ছুক	1
কিনু	1
খোজো	1
হাস্যউজ্জল	1
বোর্জ	1
উর্ভাজে	1
বোর্জে	1
মঞ্চায়	1
দুঃখো	1
লোকানোর	1
অশ্লীলতায়	1
ধোনওয়ালা	1
ব্যান্দুর	1
প্রেয়সীর	1
ফাইফ	1
বাজাইছে	1
মূহর্তের	1
রেজিঃ	1
ফ্যাদা	1
চুশো	1
বন্দুগণ	1
ওয়েস্টলাইনের	1
শব্দগ্রহণ	1
ব্যাথামুক্ত	1
অভিগ্য	1
পরিজনদের	1
শ্ত্রুকে	1
মূহর্তগুলোতে	1
স্বার্থকতা	1
মূহর্তগুলো	1
ঐটুকু	1
ওদাই	1
ড়া	1
ভাইবো	1
মুগরির	1
নুডূলস	1
পোদে	1
ছ্যাবলামি	1
প্রিয়জনই	1
এয়ারটেল	1
নাম্বারটাতো	1
সিকুয়েলের	1
খামেন	1
ঘরজামাই	1
স্বভাবেও	1
ছোটমোটো	1
মুত্রের	1
ধৈর্যকে	1
গড়নকে	1
দুর্গাপূজা	1
মার্ভেল	1
সাবেতে	1
ঘোষণাটি	1
চটকাতে	1
ভারিন	1
দমনও	1
যানজটের	1
নগরবাসীকে	1
পোলাপানগিরিই	1
মাস্তানগিরি	1
কাহিনীরই	1
গুটাচ্ছিস	1
বিএফ	1
স্টোরিই	1
রেডলেজ	1
পাউরুটির	1
হাউয়িকে	1
ঝাড়বাতি	1
বিড়ালরে	1
পটিতে	1
কুমীর	1
উৎপাতকারী	1
ঠিকাসসে	1
কামকাজের	1
অরলোভস্কিকে	1
ছোকরাটাকেও	1
মাইয়াবাজ	1
অজাগায়	1
কুজাগায়	1
মোগাডিসু	1
ইনস্ট্রাগামে	1
নান্নার	1
খালুয়া	1
বেইলিস	1
বাককে	1
জিতেনি	1
বুথকে	1
ধরছিলি	1
নুরুল্লার	1
ভোটকাচুদা	1
খালু	1
খালুরা	1
গামলাতেও	1
ডিপজলের	1
ইয়োগার্ট	1
বলগুলো	1
আলিফ	1
লায়লার	1
খবিশে	1
কুয়েকাফ	1
পেন্সিলে	1
ফলশুন্য	1
রসময়	1
২মিনিট	1
একাদশী	1
গিভিং	1
থ্যাংক্সগিভিং	1
সোয়েটারটা	1
রাঙা	1
বেতাল	1
কোয়ি	1
গ্যায়ার	1
বলিঃ	1
বিটিভির	1
শাবানা	1
জসীমের	1
মারতেছেন	1
বিষেশজ্ঞ	1
শরাফতের	1
পেটাচ্ছেন	1
রুপবান	1
বোলতা	1
ময়ূরী	1
অ্যালবামে	1
গরমকালের	1
ধোয়ামুছা	1
বৎসরের	1
প্রোস্টেট	1
সাকা	1
সখিনা	1
আচোদা	1
উদাযাপন	1
গাছগাছড়া	1
মেক্সিকোও	1
ক্যান্সারকে	1
ভালিয়ে	1
স্কুলভ্যানে	1
ক্যন্সারে	1
মহম্মদ	1
মহসিনের	1
কাজকরি	1
ফেরিওয়ালাদের	1
সৈনিকই	1
সেরার	1
নিসনের	1
ভেনেসারটা	1
সুপারহিরোরা	1
খুঁটিঃ	1
ডিস্কাউন্ট	1
দলীয়	1
নাটিঃ	1
ভালমানুষিগিরি	1
চুলবুল	1
পাণ্ডে	1
ভাবমারানি	1
পেচবুক	1
প্রেন্ড	1
ওয়েইড	1
মিডিল	1
স্টাম্পে	1
বিচিগুলা	1
চুলওয়ালাটা	1
অ্যানিমেটেডও	1
পরিষ্কারই	1
ওয়াংকে	1
খিলাল	1
স্ট্যালোন	1
পিয়নদের	1
চালবাজদের	1
ঢুকাচ্ছি	1
অ্যাঞ্জেলকে	1
থ্যানক্স	1
কুদ্দুস	1
বারেক	1
বরকত	1
যাবেনে	1
বাঘিনী	1
এড্রেনালিন	1
সিরামটার	1
আপডেটেড	1
নেংটাপুটু	1
ঝাঁপানো	1
নাঈমকে	1
ভেনেসাকে	1
লালু	1
চোদানোর	1
উপস্	1
লন্ড্রী	1
হাড়বজ্জাত	1
তিনবেলা	1
হার্টরেট	1
শ্বাসকষ্টে	1
মাগিবাজি	1
ক্যান্সারকেও	1
ইফেক্টও	1
টেকনিকালি	1
নেড়িকুত্তার	1
চেহারারে	1
থোরাই	1
কায়দার	1
ভজকট	1
ভয়ালদর্শন	1
জিতুম	1
কামটায়	1
চাপাতির	1
আবালেরা	1
পোঁদেতে	1
মুলি	1
রামঠাপ	1
মাক্ষণ	1
কেটেকুটে	1
চুদনা	1
বান্দরনি	1
জ্যারেড	1
রবিনের	1
হামদর্দ	1
ওষুধেই	1
যাত্রাবাড়ী	1
হারবালও	1
জিনসেং	1
ফলিকাতায়	1
কচ্ছিস	1
দেখিঃ	1
চোদনাটা	1
ফারিয়ার	1
টাইলিনল	1
পিএম	1
তিনরাত	1
হিমুর	1
দরদটার	1
খিচড়ে	1
কইবে	1
ম্যাকগো	1
আমিনের	1
কাইফের	1
হাতটাকে	1
পারোই	1
ফাপরে	1
অভিধানে	1
করি৷	1
সতীত্বের	1
লৌহমানবী	1
হয়৷	1
হারামজাদাদের	1
দেখি৷	1
অন৷	1
নয়রে	1
তো৷	1
খাটুনি৷	1
করছিল৷	1
দিও৷	1
দেখলাম৷	1
টাইগার৷	1
জিমিনি	1
রিল্যাক্স৷	1
যাচ্ছি৷	1
যে৷	1
যাও৷	1
আভবতাম	1
ডেয়ারডেভিল	1
কাড়লো	1
কাঠেরগুলো	1
বাড়িটির	1
কিতু	1
সেপাইকে	1
ডেডপুলই	1
মানুষটারে	1
ঘেঁটুগানের	1
শারুক	1
ভাবানুবাদের	1
ভচকায়া	1
তেজে	1
আসিলে	1
স্টেনগান	1
দুলিতেছে	1
ফুলিতেছে	1
ভুলিতেছে	1
ছিঁড়িয়াছে	1
ধরিবে	1
হাকিছে	1
মরিছে	1
সন্তরণ	1
কান্ডারী	1
দেখিব	1
মাতৃমুক্তি	1
পুন্দাবে	1
মাইয়াকে	1
দিয়াই	1
ইনও	1
ছেড়ির	1
ফেলাবি	1
চোষণ	1
রেডিসন	1
চ্যাঁপা	1
নার্ভটাও	1
টিকটিকির	1
কুরবানী	1
গুটিবাজির	1
আবালটার	1
আন্ডি	1
চৈকিদার	1
লাইলির	1
জ্বলিলের	1
হিরোইঞ্চিদের	1
নোয়েলের	1
ভোটকি	1
কনডমও	1
চিরচেনা	1
অদি	1
সুটের	1
জিনিসগুলাও	1
ছাড়বোই	1
রাক্ষসরাজ	1
রাবণ	1
অধিবেশনের	1
মামুটা	1
বায়োনিক	1
উঁচা	1
বুকওয়ালা	1
আরেফিন	1
সানী	1
মাহিও	1
অগ্নিতে	1
রিলিজঃ	1
এলিগেটর	1
মশলাদার	1
সেলফোনগুলো	1
লরাই	1
তরংগ	1
জগৎএর	1
ডাকতেও	1
ধ্বজ	1
কীটেরা	1
বেরুও	1
ব্যরাক	1
কারসন	1
রামিরেয	1
কৌলসন	1
দুখানা	1
চলছিলে	1
চাপালে	1
টিবিয়ার	1
ক্রাচে	1
অব্যাহতির	1
কোস্টগার্ডে	1
পারানোর	1
ম্যান্দারিন	1
থ্যরো	1
আয়েন	1
্যান্ড	1
এটলাস	1
শ্রাগড	1
বোমাবাজিতে	1
মাঝদিয়ে	1
করবিনের	1
সিগাবা	1
রোটরে	1
ঘূর্ণিতে	1
চাকাও	1
হটলাইন	1
ফরেস্টার	1
স্বশিক্ষিত	1
সুপারকম্পিউটার	1
পরামর্শকও	1
ফুর্তির	1
সম্মুখযুদ্ধ	1
স্থানই	1
মর্টারের	1
ডিপ্লয়	1
রিস্টোর	1
অনুশীলনীর	1
মোটে	1
ক্রমানুযায়ী	1
ক্রাচসহ	1
ডিপার্টমেন্টটা	1
বলাতেও	1
গুণলে	1
হামবড়াই	1
ক্যাটওয়াক	1
আবেদনপত্রে	1
সর্বাধিনায়কের	1
নীতিই	1
মাধ্যমকে	1
রক্ষণশীলদের	1
উদারনীতির	1
সংবিধানসম্মত	1
সংশোধনীর	1
পত্রিকাগুলোয়	1
দলগুলোয়	1
ফ্রন্টিয়ার	1
গাদায়	1
সূচ	1
টেরাবাইট	1
চূড়োয়	1
ফলটা	1
এগোচ্ছ	1
পরক্ষণেই	1
কর্মসূচীর	1
স্বয়ংক্রীয়	1
তথ্যতে	1
ইন্টেলিজেন্সে	1
উদ্দেশ্যগুলো	1
কন্ট্রাক্টরদের	1
ফরেস্টারের	1
কর্মসূচীরই	1
ইরাককে	1
স্বল্পমেয়াদী	1
অন্তর্জাল	1
চাকরিজীবন	1
বৈচিত্র্যপূর্ণ	1
হেইডেনের	1
গণমাধ্যমে	1
আইনবহির্ভূতভাবে	1
গার্ডিয়ানে	1
মাইক্রোওয়েভটা	1
হাউজকেও	1
দ্রুতপাঠ	1
জেনেভায়	1
ইন্টারফেসের	1
টাইমস্ট্যাম্প	1
শেরম্যান	1
মানবসম্পদ	1
খোঁজাই	1
মানবসম্পদের	1
আপত্তিপত্রও	1
পারচ্ছি	1
মিলানে	1
কোনোটারই	1
সল	1
উইযার্ড	1
ওয়ারলকের	1
ভদ্দরনোকদের	1
হুমকিদাতার	1
আপস্ট্রিম	1
মাস্কুলার	1
টেম্পোরা	1
তুষারকন্যার	1
আপেলওয়ালা	1
ওকল্যান্ড	1
পিনস্কির	1
রোমানিয়ার	1
জিচ্যাট	1
সেগুলো্র	1
তুষারকন্যা	1
সংস্থাতে	1
স্যুইস	1
ডেব্রিনিন	1
মনফোর্টে	1
লিন্ডসেকে	1
০০০এর	1
ঝামেলাবিহীন	1
লাখপতিদের	1
কৃতিত্বটা	1
ওয়েবক্যামের	1
আলোটাও	1
পরিবারটার	1
ফাঁদই	1
ক্যুয়ারি	1
জাস্টিফিকেশন	1
সংবাদদাতা	1
৭০২	1
সিলমোহর	1
বিচারকেরা	1
মোগাম্বো	1
নাদিম	1
জেরাল্ডিন	1
জুলিয়েটের	1
মারওয়ানের	1
সৌদী	1
ছেলেবন্ধুকে	1
সেটাকেও	1
উপক্রম	1
মার্সিডিজকে	1
বাধিয়েছি	1
ছদ্মপরিচয়	1
আইনপ্রয়োগকারী	1
সংস্থাগুলোকে	1
সংবিধানকে	1
শিকাগোয়	1
আরিযোনাতে	1
অংগরাজ্যটিকে	1
ফ্লোরিডারটা	1
ওরেব্বাস	1
উদারনৈতিকতা	1
মিসৌরিতে	1
সপ্তহাএর	1
ঘাটি	1
ব্যক্তিত্বে	1
ম্যাককেইনের	1
অংগরাজ্য	1
জেনাইনের	1
গার্ডিয়ানকে	1
গণহারে	1
উইকিলিকসকে	1
আমজনতার	1
চিন্থটা	1
লেখাটায়	1
বুলাই	1
পোস্টগুলো	1
তথ্যগুলোকে	1
জাপানকে	1
আইনগুলোর	1
পেতেছি	1
থামিনি	1
স্থাপনাগুলোর	1
জাপানেই	1
অস্ট্রিয়াতে	1
ভেনেযুয়েলাও	1
অস্ট্রিয়া	1
বার্তাকে	1
জি৮	1
কষাকষিতে	1
ব্রাযিলের	1
কোম্পানী্র	1
খবরদারী	1
বুঝের	1
সন্ত্রাসবাদ	1
জিতিয়েছিল	1
চলচ্চিত্রের	1
ঘাঁটলে	1
সম্পাদনার	1
সিগিন	1
অপরাধীকেই	1
মেটাডাটাকেও	1
বাফেলোর	1
পরিচিতের	1
তথ্যভান্ডারে	1
কর্পোরেশনগুলোর	1
এমনতর	1
শিল্পসমালোচনা	1
আ্মি	1
প্রসংগ	1
এইডগুলো	1
ভীতিও	1
একথার	1
চাকরিই	1
দায়িত্বশীলতা	1
করবেঃ	1
মেরিল্যান্ডেই	1
বিনি	1
লুমিস	1
কির্ক	1
ড্রেকও	1
ওআহু	1
তৃতীয়টি	1
দুনিয়াজুড়ে	1
আমেরিকানই	1
শত্রুপক্ষও	1
ডরিয়ান	1
সামরিকের	1
শেল্টারের	1
কর্মসূচীতে	1
স্থানান্তরে	1
মোসাদের	1
১০গুণ	1
জাপানেও	1
করবিনকে	1
কর্মসূচীটার	1
সাইবারে	1
সম্পাদিকা	1
সেধেছেন	1
পাস্তাটা	1
মোমবাতিগুলো	1
টেগ্রেটলের	1
হলোই	1
এগুনোর	1
পাড়ছি	1
দায়বদ্ধতা	1
৪টার	1
ওয়াহুতে	1
ক্রিপ্টোগ্রাফিক্যাল	1
চরদের	1
ইউএসবি	1
বৈদুত্যিক	1
গিকদের	1
মিলনমেলায়	1
এলিভেটরটা	1
আক্রমণভাগ	1
হেইনেসের	1
হেইনেস	1
ওয়াজিরিস্তানের	1
স্নিফ	1
চিন্থিত	1
তাশা	1
ঝরায়	1
প্রোগ্রামটার	1
শেল্টারকে	1
লোয়েলের	1
হানছি	1
মাধ্যমের	1
অস্ত্বিতই	1
লজ্জ্বার	1
পুড়েছ	1
ফার্মাসী	1
টেগ্রেটল	1
বাচকে	1
কোম্পানীগুলোর	1
আফগানিস্তানকে	1
শিফটগুলো	1
ন্যুরেমবার্গ	1
নাৎসীদের	1
ঝুলিয়েছিলাম	1
ন্যুরেমবার্গের	1
প্রিন্সিপলগুলো	1
হার্টবিটও	1
হার্টবিটটা	1
লুকোচ্ছিলে	1
আড়িপাতাকে	1
পূর্ণমাত্রার	1
যিরো	1
এক্সপ্লয়েট	1
ইসরায়েলিতে	1
কিডিজ	1
ইসরায়েলীগুলোকে	1
স্বীকারে	1
কোণারগুলো	1
লিংকে	1
আদেশনামাটা	1
মূলধারার	1
এওএল	1
এপল	1
সময়ানুযায়ী	1
কর্মসূচিগুলোর	1
সাম্যাবস্থা	1
কর্মসূচীগুলোকে	1
অপব্যবহাররোধে	1
হ্যামিল্টনের	1
পরিকাঠামো	1
ব্যক্তিটির	1
কামাত	1
ফাঁসের	1
ভয়টি	1
বদলানোটা	1
স্বৈরাচার	1
ব্রীচ	1
খবরগুলোর	1
হোটেলজুড়ে	1
পরেরটুকু	1
উল্টোদিকের	1
আকাশসেতুতে	1
ফাঁসকারী	1
চরবৃত্তি	1
হংকংকে	1
গ্রেপ্তারাদেশ	1
বিভার	1
ইন্টারপলের	1
পেরুবার	1
আত্মগোপনে	1
মায়ানা	1
নবীশ	1
আলোকচিত্রী	1
স্বেচ্ছাবন্দী	1
তদন্তাধীন	1
হংকংএর	1
হিলসের	1
মস্কোগামী	1
উইকিলিকসের	1
ইকুয়েডরে	1
উস্বাস্তুর	1
বলিভিয়ার	1
পরামর্শকের	1
পুতিনের	1
সুবাতাস	1
পৃথিবীজুড়েই	1
তর্কটায়	1
ডিপার্টমেন্টকে	1
হুইসলব্লোয়ারদের	1
জবাদিহি	1
নীতিটাকে	1
সাংবাদিকেরাই	1
নাগরিকেরাও	1
ক্ষমতাশীলেরা	1
বদলেছেন	1
একজনা	1
হুইসলব্লোয়ারই	1
মস্কোতেই	1
সংস্কারগুলোর	1
মুখোমখি	1
বৈচিত্রের	1
রুচিবোধের	1
ভালরা	1
অল্পকে	1
আমারসময়নষ্টকরোনা	1
স্মরণকর	1
আমানডা	1
আমিতারখেয়ালরাখতেপারব	1
আরকাহাম	1
দায়িতরত	1
আমরাকোথায়	1
তাইআমিএকটিমেশিনবানিয়েছি	1
তোমারশক্তিবাড়িয়েতোল	1
মইর	1
হিশশশ	1
হইছেতো	1
কিকরবেতুমি	1
বিষয়বস্তুগুলি	1
বাচালাম	1
এ্যাগ্রোবেজ	1
ইন্ডাষ্ট্রিজ	1
লিঃ	1
এরপক্ষথেকেসবাইকেঅসংখ্য	1
রক্তপিপাসুদের	1
নোয়াই	1
নোয়াচ্ছি	1
কিসসু	1
কিংবদন্তিটা	1
করছিয়াম	1
নাচিয়েরা	1
জালাতে	1
ভবিষ্যৎের	1
উদ্দামতাকে	1
পথবিচ্যুতি	1
ভবিসসত	1
আনাদের	1
অ্যামি	1
সেতা	1
মিসদিয়ার	1
ছিলছিলাম	1
তিমাকে	1
ট্র্যাপে	1
আমেলিওরথের	1
চিয়ানুতে	1
মন্ত্রিসভায়	1
চালেঞ্জ	1
এবিং	1
শূয়রের	1
তোলগে	1
সবগল্প	1
পুরব	1
দাড়ও	1
খুঁড়বে	1
বঁড়শিকে	1
সুত্রের	1
আরহন	1
মায়েদেরও	1
টুইটি	1
দাড়ে	1
জোয়ারকে	1
হেলেদুলে	1
আটকেছি	1
জুরিয়ে	1
জলযাত্রা	1
জোয়ারভাটা	1
পাকিয়েছিল	1
ঈল	1
নাড়িভুঁড়িকে	1
ট্যাঁপেস্ট্রি	1
ট্যাঁপ	1
পেটেতে	1
ঢাকের	1
দার	1
বাইছ	1
কাকামরা	1
পরিস্থিতিকেও	1
দতে	1
টমাটোর	1
পাতগুলো	1
তাঁরাগুলোকে	1
টম্যাটোয়া	1
প্রতিহিংসাকারী	1
টম্যাটোয়ার	1
বাক্যটি	1
অপরিকল্পিত	1
নির্বাচনকারী	1
ছুরে	1
আত্মবিসর্জন	1
টমাটোয়া	1
জমাইয়া	1
লক্ষ্মীছাড়া	1
এতি	1
কাঁকড়াদের	1
ট্যাঁমাটোয়া	1
গ্লামে	1
বন্ধনি	1
খণ্ডাতে	1
কাঁকড়ার	1
মোট্ট	1
বাদ্রামি	1
ট্যাঁটুঁ	1
ভাররক্ষা	1
খজুব	1
কবচের	1
আলগি	1
পরিপুরন	1
আরেক্তি	1
ট্যাটুকে	1
সমসসার	1
লোকদেরও	1
চড়াইয়ের	1
মোরগটি	1
শূল	1
বিধে	1
শপিংমলে	1
দুইশজন	1
১৪৬	1
২৩১	1
ব্যবসায়ির	1
রাহমানের	1
আইএসআই	1
নার্সারির	1
মেজরিটির	1
এরপূর্বে	1
ডাউনি	1
অস্ত্রোপচার	1
পলে	1
আলবার্টো	1
মুকরিন	1
১২টি	1
উনিশটি	1
কার্জক্রমে	1
আফগানিস্তানেও	1
বন্ধুরাষ্ট্র	1
গতরাতটার	1
স্টেন্টটেন্ট	1
ভেকিহল	1
ক্যাথেড্রোলে	1
ঝামেলামার্কা	1
ম্যাকরেল	1
সিনাইতে	1
লিয়ার	1
নার্সারিটা	1
দাঈমা	1
ভদ্রমহোদয়াগন	1
সবকাজ	1
ল্যাঙ্কস্টার	1
একত্রকরনই	1
ক্যাথেড্রলে	1
ওয়েস্টমিনিস্টারেও	1
টেররের	1
হার্ডব্রেক	1
ধ্বসিয়ে	1
সুতোমুনা	1
কুসিমো	1
আন্তোনিও	1
মেইনার	1
লন্ডনবাসীদের	1
নিজনিজ	1
টেররিজম	1
উদ্যমে	1
বেসমারিক	1
আকশে	1
ওয়ানকে	1
ফ্লায়ার	1
জুতাজোড়া	1
হাজারহাজার	1
তড়পাতে	1
এরকাছে	1
একাটি	1
শুনাতে	1
ব্যাবস্থাও	1
ব্যানিংও	1
বামহাতি	1
ডানহাতি	1
উনিশজনকে	1
মৃত্যুগুহায়	1
আত্বসমর্পণ	1
মাধ্যমগুলো	1
ম্যাকরেলকে	1
পৌঁছেও	1
জঘন্যরকম	1
জোকসগুলো	1
বিষয়গুলোর	1
ঘামছে	1
অজন	1
ঘামেনি	1
ট্রামবলের	1
উদ্দীপনামূলক	1
আপমি	1
১১৯টি	1
১১টি	1
ডগাতে	1
ব্রডউইক	1
ল্যাক্সিংটন	1
জ্যাকল	1
এশারকে	1
লিখাতে	1
হ্যাজার্ড	1
যখানে	1
আরপিজি	1
যখুনি	1
বিল্ডিঙয়ে	1
ঘটবার	1
প্রসিডেন্ট	1
ভোঁদাইরা	1
শালারপুতরা	1
ঈদুল	1
ফিতরের	1
বারকায়িকে	1
পৌঁছান	1
প্রজাতিরা	1
পুনর্ঘটিত	1
লন্ডনবাসিদের	1
পাঠাইবো	1
ধর্মেশ্বর	1
মাইক্রোসফটসান্সসেরিফ	1
ফন্টেরআকার	1
এলাইভ	1
নিকেতন	1
অশ্বত্থ	1
সন্তানহীন	1
নয়টার	1
শয়নকক্ষ	1
ডটকমের	1
আম্মান	1
বার্ধক্যে	1
খেয়েছিল	1
অতিথিসেবিকা	1
ফিজিওথেরাপিস্ট	1
ওয়াকি	1
ভান্ডারকর	1
রেথিন্কিং	1
চুবান	1
স্টকিংস	1
সরাসরিভাবে	1
টিপিক্যাল	1
পরাক্রম	1
অবসেশন	1
নম	1
স্পেক্টেটর	1
সাজঘর	1
পুনঃলোড	1
সোয়েটার	1
বিড়বিড়	1
চলনক্ষম	1
জানিতেন	1
ট্রিবিউন	1
শ্বেতপত্র	1
ভর্ত্সনা	1
মিতার	1
পড়েই	1
পড়ছেন	1
নয়তলা	1
ঝাঁকিয়েছিল	1
মমাড়কেস্তু	1
ভেলে	1
প্রয়াত	1
বয়ঃসন্ধিকালের	1
স্বভূমিকায়	1
এয়ারটেল	1
উভকামী	1
রিয়াল	1
ইকোগুলি	1
নয়েজ	1
ম্যান্ডেট	1
টিউনস	1
ফিনিস	1
সেনেট	1
পচাই	1
বিক্রমের	1
প্রতিযোগিতায়	1
জেতেন	1
কর্মহীনতার	1
অসন্দিগ্ধচরিত্র	1
কারামুক্ত	1
মনস্থ	1
ক্ষমতায়ন	1
লেখকেরঅধিকার	1
টাওয়ারের	1
এ্যাড	1
দূর্ঘটনাস্থল	1
তওফীক	1
ওয়ার্কিং	1
পরিসংখ্যা	1
সিসিইউ	1
প্রতীত	1
এন্টিকের	1
কোয়ালিটির	1
অমনোরম	1
ছানাবড়া	1
স্ট	1
বাক্শক্তি	1
ফিরিয়া	1
আত্মীয়স্বজনেরা	1
পূর্বাবস্থায়	1
কাকীমা	1
বুড়া	1
তদবধি	1
বিপদাশঙ্কা	1
দেবদাস	1
কান্নায়	1
নিষ্পেষণ	1
আযরাইলের	1
করভিনের	1
ভ্যাম্পায়ারও	1
লাইকানও	1
অস্তীত্বও	1
সমাজচ্যুত	1
ইভকে	1
ম্যারিয়্যাস	1
ক্যাসিয়াসও	1
প্রুস্তুতি	1
প্রুস্তুত	1
বড়ধরনের	1
ম্যারিয়াসও	1
দুরভাগ্যবশত	1
স্বরুপে	1
আজীব	1
করভিনাসের	1
পুনঃরায়	1
এমিলাকে	1
বলবার	1
ভলহাইনিয়া	1
নর্ডগা	1
থারিংনিয়া	1
পুরাগোষ্টি	1
মূলসহ	1
উপড়িয়ে	1
ফিরলি	1
ট্রেসার	1
স্বয়ংক্রিতভাবে	1
বাস্তববুদ্ধি	1
সম্পন্নও	1
ক্ষতরনাক	1
শক্তিশালীই	1
ট্রামকার্ডও	1
পারাজিত	1
অপছন্দও	1
ভিক্টরকেও	1
প্রবলতা	1
টারও	1
বাহানাই	1
ডাকবার	1
সেমিরাতো	1
ওতটা	1
হাইব্রিডকে	1
বহত	1
আল্ট্রা	1
মনেকরেছিলি	1
সেমিরার	1
সেমিরারও	1
মর্মান্তিকভাবে	1
মৃতূর	1
ড্যাভিডও	1
বিশ্বাষঘাতকা	1
এলেক্সিয়া	1
প্লাটফর্মের	1
ক্যাসিয়াসের	1
হাইব্রিডের	1
ব্রীজটার	1
শান্তিবাদি	1
মোড়াঁনো	1
উত্তিরাধিকারী	1
দোষকে	1
গেঁছিল	1
উত্তরাধিকারীসূত্রে	1
নেত্তৃত্ব	1
ভ্যালিসসা	1
লাইকানকে	1
ভালবেসেছিলেন	1
বয়োজেস্ট	1
ড্যাভিডকে	1
খুনাখুনি	1
সেমিরাকে	1
লোভনীয়	1
কতত	1
পুর্বগেট	1
পশ্চিমগেট	1
ড্যাভিডের	1
আস্তানাকে	1
লাগলই	1
হঠ	1
শাষন	1
স্টিভেনস্ট্রেঞ্জ	1
তুমিযাজানোসবভুলে	1
যাওয়ারচেষ্টাকরো	1
ধর্মমতের	1
কায়সিলিয়াস	1
ম্যানজিওনে	1
তালিকাভূক্ত	1
রিতিমতো	1
এপনিয়েক	1
অ্যাপনিয়া	1
অত্তিসত্বর	1
অপরেশন	1
ফ্লুয়িডে	1
বাহাদূরী	1
নার্ভস	1
লামিনেক্টমী	1
ইমপ্লান্ট	1
সিজোফ্রেনিয়ার	1
তড়িৎ	1
স্টেইনলেস	1
স্টীল	1
লিগামেন্ট	1
শাররীক	1
স্টেন্ট	1
অর্থিহীন	1
ডিগ্রীধারি	1
ভেঙ্গেছিলো	1
হুইলচেয়ারে	1
পাঠিয়েছিলে	1
এতিন	1
ডোনারের	1
থ্রিডি	1
কামিয়েছো	1
আস্তাকুড়ে	1
মহানগর	1
পক্ষাঘাতে	1
ধ্যানরত	1
মহাপূরুষদের	1
শাররিক	1
প্রাপ্তি্তেই	1
কাঠমান্ডু	1
তাজী	1
মরডো	1
হামির	1
জুগিয়েছি	1
মনোদৈহিক	1
বিচ্	1
রহস্যও	1
হারিয়েছিলো	1
পিছুধাওয়ার	1
সমাধানকারী	1
নাটকবাজ	1
কামনায়	1
নর্দমায়	1
বেকাররা	1
জড়োসড়ো	1
চিকিৎসাশাস্ত্রের	1
ভাড়াটা	1
স্ট্যামফোর্ডকে	1
ওয়ান্ডসওয়ার্থে	1
পাইপও	1
৭টায়	1
সময়মত	1
ছাপিয়েছেন	1
বাড়িওয়ালী	1
বাস্কারভিলের	1
রুমটার	1
পাকায়	1
লোমহর্ষক	1
পড়ি	1
কীর্তিটা	1
ওয়াস্তে	1
খাইয়ে	1
দয়ালুমত	1
আশায়	1
আক্কলে	1
সাজলে	1
পতিদেবকে	1
উপায়ই	1
যাওয়াতে	1
ছাড়ানোর	1
জোনসের	1
গ্রেগসনের	1
এঁটেছেন	1
ব্যাঙ্গাত্মক	1
বাড়িওয়ালিদের	1
ল্যাটা	1
চুকলো	1
কর্মকাণ্ডেই	1
জীবনীলেখক	1
বিপদকালীন	1
ছাগুর	1
রসাতলেরও	1
বধূর	1
গেয়েছিলাম	1
আয়োজিত	1
টুটিবে	1
টুইড	1
ভদ্রলোকগুলো	1
ব্যাটাই	1
বেয়াক্কল	1
চালকও	1
ম্মম্মম্মম	1
হামলে	1
উপায়েই	1
চিহ্নগুলোও	1
বধূটাই	1
ধূমায়ে	1
গর্দভদেরকে	1
ছাড়লো	1
গর্দভদের	1
চেয়ারটা	1
জুতোটাও	1
সামলায়	1
মালেকিন	1
থাকেনই	1
পড়ছিলাম	1
পত্রিকায়	1
বিষুবরেখার	1
মহাকাশতলে	1
বিদ্যে	1
গিলছিলে	1
আগন্তুকদের	1
মাছওয়ালা	1
বাড়ন্ত	1
তুললেনই	1
হৃদযন্ত্র	1
বড়জোর	1
কর্নিয়াকে	1
বলয়	1
পুডিংটা	1
অ্যাডামই	1
অ্যাস্ট্রোনমিক্যাল	1
সোসাইটিতে	1
নৈরাজ্যবাদীরা	1
সার্বিয়ান	1
ম্যালিস	1
ফেরিওয়ালাদের	1
লুইসা	1
গোণায়	1
অতিপ্রাকৃতিক	1
পাঠককে	1
মাদকাসক্তটাই	1
তুললেই	1
নিদ্রাভ্রমণ	1
পেয়েছেনই	1
ইউস্টেসকে	1
ধামকির	1
ছায়াতেই	1
গোঁজে	1
নিশানায়	1
স্ত্রীলিঙ্গের	1
দৃষ্টিসম্পন্ন	1
হয়েছেটা	1
ঘড়িটার	1
ভিয়েনার	1
মনোচিকিৎসক	1
প্রেমসংক্রান্ত	1
হৃদয়হীন	1
হিসেবী	1
বানায়নি	1
বানিয়েছি	1
উনবিংশ	1
ওয়াটসনও	1
তদন্তও	1
তত্ত্বীয়ভাবে	1
খাটিয়ে	1
লেসট্রাডও	1
ফ্যালো	1
ছোরার	1
অপরাধস্থল	1
অধ্যাপককে	1
তদন্তকারীর	1
ডেটার	1
জলাশয়	1
খেয়েছে	1
দৌড়াদৌড়ি	1
স্টুয়ার্ড	1
শয়তানের	1
পাঠায়েন	1
গাউনের	1
গুলিভরা	1
পুরুষালি	1
চিত্রশিল্পীও	1
সমাধানগুলোর	1
তাজাই	1
খচখচে	1
সূর্যরশ্মিতে	1
মাথাব্যথাই	1
বধূকে	1
দুনিয়াটা	1
ভেঙেচুরে	1
সরাচ্ছো	1
ওয়ালপেপারের	1
মাকড়সার	1
অবতরণে	1
নির্বাসনটা	1
ছোঁকছোঁক	1
পেয়েই	1
হার্ডড্রাইভে	1
কদ্দূর	1
চিত্রটাতে	1
পড়ছিলে	1
দুনিয়াটাই	1
ওয়েস্টকোটটা	1
বাড়িতেই	1
নেশায়	1
চিন্তাশক্তিতে	1
মাতলামিতে	1
বুঝবেটা	1
নড়োওনি	1
বিচারশক্তিকে	1
প্রতীজ্ঞা	1
কোকেইনের	1
হালতে	1
ঘুষায়ে	1
বাঙ্গী	1
ষড়যন্ত্রের	1
হায়রে	1
বুদ্ধিমানটা	1
খাটছো	1
ঘণ্টাটা	1
ছেটালো	1
ক্যাবচালককে	1
আফিমশালায়	1
প্রতিশোধপরায়ণ	1
অধিকারটুকুও	1
পুরোদস্তুর	1
মানবসভ্যতার	1
সংগঠনগুলোর	1
এমিলিয়াকে	1
কাঁচটার	1
ঘরটাই	1
বধূতে	1
প্রতিশোধপরায়ণ	1
নরপশুগুলোর	1
খুনটাই	1
পিকাবু	1
মানদণ্ডেও	1
ফলকটা	1
ষড়যন্ত্রকারীদের	1
হুপারও	1
মাদকাসক্তরা	1
মৃত্যুপুরী	1
হার্ডড্রাইভ	1
বাঁটু	1
পড়েন	1
গুঁজবো	1
নায়াগ্রার	1
ক্রোধোন্মত্তদের	1
উস্কানিমূলক	1
চাটবে	1
বাড়িয়েছো	1
বিদ্যালয়ের	1
রাগান্তিত	1
অবিশ্বাসযোগ্য	1
লচন্যার	1
আসিফের	1
সুলিব্যান	1
সালমানের	1
এ্যাল্ট্সকুলার	1
এ্যাডিওস	1
ফটকার	1
রেয়েছে	1
প্রতিচ্ছবিটা	1
যুক্তরাষ্ঠ্কে	1
দশদিন	1
উইলসনরা	1
বিদুৎ	1
প্লেনেটের	1
ধব্বংস	1
প্যারিশকে	1
ঢেঁউটা	1
গোলমালটা	1
মহাসাগরকে	1
পখি	1
অপ্রতিরুদ্ধভাবে	1
অন্যস্থানে	1
বাহুসদৃশ	1
সংক্রমণে	1
ছুঁবো	1
স্যামির	1
দেখাশুন	1
কতোদূর	1
ঔখানেই	1
হাট্চফিল্ড	1
কতোজনকে	1
আগাছাগুলো	1
এ্যাসার	1
বস্চ	1
হেক	1
বিদুৎশক্তি	1
লরীগুলো	1
লরী	1
অপেক্ষারতদের	1
বাসগুলো	1
কতোক্ষন	1
মানবদেহকে	1
যাওয়াদেরকে	1
সন্ততির	1
অধিকারীও	1
জোত	1
আবরিত	1
ড্রিউ	1
ডিউ্র	1
১৯৪	1
সঙ্গরোধের	1
সংকেতকে	1
দাড়াঁও	1
সহজগুলো	1
চেহেরার	1
পরিত্রাণতাদের	1
কারণগত	1
শত্রুবাহিনীর	1
ড্রাইভার্স	1
হাইওয়েতে	1
মানবীয়	1
মৃত্যুবরণও	1
ব্যারাকের	1
হীনতা	1
কাঠগুলো	1
র্যালিয়িং	1
পিটারসের	1
ক্রুশকাঠের	1
পড়েছো	1
গুচ্ছে	1
দৃঢ়সংকল্পহীন	1
শ্যূট	1
গফের	1
সম্ভাব্যভাবে	1
শক্তিশালীভাবে	1
মেট্রোপলিটান	1
যুগপূত	1
আবিষ্কারকের	1
ভিউয়ার	1
কন্ডিশনে	1
অপটিক্স	1
২১০০	1
লিজবেথ	1
চিয়ারলিডার	1
পল্লীবাসী	1
স্যামস	1
নাঘেট	1
বাইনচোদরা	1
টিকাপকে	1
ওম্পার	1
ব্যাডাস	1
ডুকিয়ে	1
তালিকাচুক্তি	1
পাউন্ডকেক	1
রেনজিক	1
ট্রেকারসকে	1
আওল	1
জেঝ	1
ধড়	1
টরসো	1
খুজঁছে	1
মৌলিকভাবে	1
৫৪৭	1
নিয়োগপ্রাপ্তদের	1
দ্বিগুণে	1
নড়বেনা	1
ওয়াকারের	1
পড়বেন	1
হার্টিং	1
নামকরণে	1
তারাঁ	1
চাড়া	1
কষ্টকরে	1
জায়গায়ই	1
পরিবারসহ	1
চন্দ্রশেখর	1
করতেছেই	1
আছিসনা	1
সমস্যাগ্রস্থ	1
সন্দীপ	1
মঙ্গলময়	1
সিতারাম	1
অযুহাতের	1
মহাদেব	1
জয়েনিং	1
জীবনসঙ্গিনীর	1
বিরোধীদলকে	1
সর্বদলীয়	1
ভেদা	1
ভেঞ্চারের	1
পার্টনারশিপে	1
আরডিও	1
পেটান	1
দিবনে	1
গাছিবৌলিতে	1
মতামতটা	1
সর্বসম্মতিক্রমে	1
পার্টিরও	1
মুকেশের	1
মূলধনের	1
ঘরগুলো	1
হায়দ্রাবাদ	1
ছাড়পত্র	1
প্রকল্পকে	1
স্যারকেই	1
এসিও	1
লাইটটাও	1
বরুণকে	1
চে্নেন	1
বরুণ	1
এক্সেঞ্চারে	1
জানানোটাই	1
আনান্দই	1
পরাশুনা	1
রেস্ট্রিকশনের	1
পাইতো	1
ভাবতেছে	1
মেয়েগুলা	1
সেন্সটুকু	1
মেয়েপাগল	1
কাজগুলাও	1
ঘুরবা	1
মোড়কটার	1
মাইক্রন	1
মোড়কে	1
যায়গায়ও	1
পুনঃ	1
ভলেসিফেস	1
গুছায়া	1
কমানোই	1
এসএলএম	1
বান্দ্রা	1
রাজনিতিবিদের	1
দেশপান্ডের	1
গযব	1
ক্ষেপলে	1
টর্নেডোর	1
ঘটাইছে	1
সুনন্দার	1
সেগুলায়	1
বুজ্জিকেও	1
রিসেন্টলি	1
এমএলএর	1
লোকজনকেও	1
ক্ষেপছে	1
বোসেরা	1
জানায়াই	1
ঐগুলার	1
শকিং	1
ক্ষমতাবানও	1
পরিবেশবিদ	1
টাইকুনের	1
পেশীশক্তির	1
বাক্সপেটরা	1
গুটায়া	1
ছেলেরও	1
সরিয়েও	1
ভিকাশ	1
জিএইচএমসিতে	1
রাধাকৃষ্ণা	1
২৩টা	1
কমায়া	1
বঊ	1
কোটেশ্বর	1
রাঁধাকৃষ্ণা	1
শচীনই	1
অফিসটাও	1
উড়াইতে	1
দূর্বলকে	1
শিক্ষিতও	1
বোধটুকুও	1
ভুলপথে	1
এতদিনেও	1
ব্যাগপত্র	1
হারাইছি	1
গ্যারেজকেও	1
একজীবনে	1
ভালকিছুই	1
সেলভাদিগি	1
প্রতিরাতেই	1
বড়মা	1
ফিরলেই	1
গ্যারেজটাও	1
জানাইছি	1
দীনেশ	1
কনফিউশনের	1
মানিয়েছেও	1
ফান্ডই	1
সত্যয়মের	1
এহেন	1
গ্যারেজকে	1
রাজনিতিবিদদের	1
জঞ্জালসহ	1
নির্দয়ভাবেই	1
ঘটানোই	1
মুবারাক	1
বাঙ্গারাম	1
ডুন্ডিগাল	1
টানাটা	1
ভিন্নধর্মী	1
অনুমানমূলক	1
ইউনিফর্মই	1
ইউপি	1
লাইল্যান্ড	1
পিটুনি	1
ঠায়	1
মেকানিকই	1
এগুন	1
বিনিয়োগটা	1
আবৃত্তির	1
কাঁদাবি	1
সুয়েনকে	1
্বুসানগামী	1
কায়ো	1
আত্নবিশ্বাসে	1
বলিয়ান	1
জেহি	1
থাকবোই	1
ওয়াশরুমের	1
গোঙানির	1
ওয়াশরুমটাতে	1
পাশেরটাতে	1
ওয়াশরুমেই	1
স্ক্রলে	1
খিচুনি	1
ফ্যাসাদ	1
লকটা	1
থাপড়ায়া	1
বানচোদ	1
রাক্ষসগুলোর	1
প্র্যাগনেন্ট	1
কাছছাড়া	1
অচলাবস্থা	1
ধ্বংসলীলায়	1
উত্তেজনাময়	1
আশু	1
জাঙ্গিল	1
চিউমেনে	1
বাঞ্চোদ	1
অইরকম	1
ধরাবাধা	1
আব্বুটা	1
চেষ্টাতে	1
কেটিএক্সে	1
কেটিএক্স	1
রুমটাতে	1
বিজন্যাস	1
কব্জায়	1
বাইঞ্চোদ	1
অইযে	1
ট্রেইনটা	1
রাক্ষসগুলোকে	1
জপুন	1
গিজিগিজ	1
ধেড়ে	1
খেলেননি	1
নন্দ	1
সার্থপরের	1
পিশাচগুলোর	1
ঘারে	1
বাধুন	1
গিল	1
মাগিকে	1
পৌছেছেন	1
দায়িত্বই	1
দাইগু	1
বাকিযাত্রাপথটাওটাতেইকরেইযান	1
বাংলাসাবটাইটেলবানানোরচেষ্টাকরছি	1
তেলুগুছবি	1
বাগদা	1
কমপ্লেন	1
কমপ্লেইন্ট	1
ধান্ধার	1
সমুদ্রবন্দর	1
অাজাজ	1
বানছে	1
অাপনাদেরকে	1
উরানোর	1
উরাবেন	1
বলিউডের	1
অাইটেম	1
হালকাতেই	1
দোষ	1
অানছো	1
অাসিস	1
দায়িত্বতো	1
অামারতো	1
অাদরও	1
স্নেওরিতা	1
ইবিলোনা	1
হরিদাসকে	1
গীতিকার	1
ব্রোডওয়ের	1
হায়য়াতি	1
হায়য়াথি	1
তি	1
অারও	1
সরলই	1
নারীদেরও	1
পুরনোদের	1
মুডেই	1
দেখতেছেন	1
রোসও	1
অাকা	1
করতেছিল	1
থামসে	1
ওঠছে	1
উৎসাহিতও	1
অাত্মহত্য	1
অানকমন	1
অাগেপিছে	1
অাপনাককে	1
করতিছিস	1
হরির	1
জিনিসেও	1
টেকি	1
বিয়াশাদীর	1
কৃষ্ণকালো	1
রংঙের	1
নালুপু	1
তেলুগুতে	1
বছড়	1
অাচরন	1
পৌছছে	1
নিগ্রোটার	1
কৃষ্ণও	1
খুজতেছিলাম	1
অাউচ	1
অাসছে	1
অাদর্শ	1
অাসব	1
জিগ্গাসা	1
অাকাশ	1
করসো	1
ঠোটের	1
বিরক্তিকরই	1
বিয়েশাদী	1
বানাচ্ছো	1
ঔভাবে	1
সম্মূখীন	1
অামারই	1
ছেলদের	1
অারেক	1
অাধা	1
ভগবানন	1
ককরে	1
অাত্মহত্যা	1
এথেকে	1
অামারা	1
নীতিবাদী	1
দৃশ্যতো	1
কিছুকো	1
হাসতাম	1
কৃষ্ণার	1
ওহহ্	1
পাঠাইছো	1
নাইকার	1
বোঝনাই	1
হরিভজন	1
অাফ্রিকায়	1
অ্যাকাউন্টও	1
ভিখারির	1
কাদুক	1
গোপনকিছু	1
ক্যান্ডেল	1
ব্রেকঅাপ	1
অারেকটি	1
পিছরে	1
চক্রটাকে	1
চক্রটাকেই	1
অাসবোনা	1
অাত্মীয়দের	1
কররে	1
এখানেকোনসাবটাইটেলনেই	1
নিচেনাতাকিয়েউপরেরমারামারিদেখতেথাকুন	1
ভালোলাগলেঅামাকেজানাতেকিন্তুভুলবেননা	1
রেটিংওদিতেপারেন	1
অাগের	1
সরাস	1
খোলামনে	1
ভেববেছিলাম	1
ভালোবেশেছি	1
ইমোশনও	1
যাইও	1
বাংলাসাবটাইটেলটিবানিয়েছিঅামি	1
ঠোটদুটো	1
অান্তর্জাতিক	1
লউরি	1
অাব্দার	1
চিত্রাঙ্গ	1
স্পষ্টভাষী	1
মলিসে	1
নিমন্ত্রণে	1
হায়্	1
হয়েছিলো	1
কাদছো	1
খোজঁ	1
অামেরিকা	1
অার্থিক	1
মাকরান্দেরর	1
পুলিশটার	1
মধুসূদনের	1
অামাদেরকে	1
অালোচনা	1
মধুসূদন	1
বাবাু	1
পারতেছেন	1
অাপনিও	1
অালাদা	1
নেতেছো	1
করতেছিলি	1
রজনি	1
নায়না	1
নয়নতারা	1
নয়না	1
পোষাকটায়	1
লাগতেসে	1
চলনা	1
কেনু	1
অাদেররই	1
অামিতো	1
যায়গাও	1
অারে	1
অাশেপাশে	1
ক্যান্টিনেই	1
স্টপেও	1
বলতেছিলাম	1
পারতেছিস	1
ফেলেসো	1
অহংকারি	1
অানার	1
ওমি	1
কিডন্যাপের	1
ঠিকটা	1
অানিস	1
পারতেছে	1
জাগাই	1
হায়তির	1
কামাতির	1
হায়তিও	1
অনকে	1
খুশিভাবে	1
১দিনের	1
অাশ্বাস	1
ঘুরছিস	1
ঐখন	1
অারপোল	1
পাঞ্জিম	1
অাপনিই	1
৭০লাখ	1
২কোটি	1
অানবোই	1
প্লানই	1
অারাপোল	1
অাসবেই	1
থাঙ্গামালাই	1
অাইস	1
নয়নতারাকে	1
গ্যাংটা	1
হাসমি	1
শর্ষে	1
অাগ	1
নায়াগ্রা	1
অাইডিয়াগুলো	1
অাসো	1
বিয়েথা	1
হ্যব্বি	1
নিরসনে	1
বাংলাসাবটাইটেল	1
ডেরিভেটিভ	1
ইকুয়েশনটা	1
মার্কারগুলো	1
পরীক্ষাের	1
বেদিং	1
ভয	1
বিল্সকিদের	1
বিল্সকি	1
লানা	1
আমমম্	1
গাইডগুলো	1
রেনিং	1
ওয়েনডি	1
ব্যাঙ্কসের	1
প্রেজেন্টার	1
এ্যাড্রেস	1
এভরিওয়ান	1
কাঁটিয়েছো	1
ট্যাবলেটের	1
জেফরিস	1
পিছনেরটাকে	1
বিলিচ	1
হারপার	1
রেক	1
ক্যাসেরোল	1
কোরিনকে	1
জোয়ির	1
কনসোররা	1
কোরিনের	1
বর্ণমালাতে	1
আহাহ্	1
ঘাঁমছি	1
ভিঁজে	1
দু্	1
এল্লো	1
পারসন	1
সমুদ্রগুলো	1
ছুটোছুটি	1
আব্বুদেরকে	1
রাষ্ট্রে	1
চাঙ	1
মারিসা	1
স্যালাজার	1
কেন্ড্রা	1
ট্যাবলেটে	1
চ্যাঙ	1
হালোরান	1
গ্লোবালে	1
ঝুঁলি	1
জরিপে	1
১৯৬টা	1
হওয়াটাকেও	1
পরগাছার	1
ভার্মন্টে	1
ওরিগনে	1
প্রতিযোগীতার	1
ধরেপুরো	1
হলওয়েতে	1
আনন্দঘন	1
লরেন	1
করসেন	1
ছাত্রীটার	1
ইনফোগুলো	1
ইটস্	1
এ্যালিকে	1
হিংসেও	1
এডমিনিস্ট্রেটর	1
স্কুলটি	1
কখা	1
গার্জিয়ানরা	1
শ্চিন্তায়	1
ভোটারদের	1
জটিলতায়	1
ডিটেইলস্	1
সাপ্লাইহীন	1
চ্যানেলগুলো	1
ড্রিংকসে	1
বেখেয়ালিদের	1
মাইকেলসকে	1
শিক্ষকরা	1
এ্যাটেনশন	1
সুনির্দিষ্টভাবে	1
সানডোভালের	1
পুরোটাকেই	1
স্ক্যান্ডালকে	1
পার্সেন্টেজের	1
ছড়ালেও	1
ম্বাস	1
আত্মত্যাগেই	1
বন্দুকগুলা	1
রেপুটেশনের	1
পালিয়েছিলেন	1
রুগিরা	1
হাসপা	1
রুগিই	1
করতাছেন	1
এইহানেই	1
লুকাইতাছেন	1
রিএকশনে	1
ফরেন	1
পার্টিকলস	1
হাইপোক্যাম্পার	1
যানজটে	1
সাকসেস্ফুল	1
ফালাইছস	1
নাক্কি	1
পিচ্চিডারেও	1
আনছোস	1
কুনু	1
স্থানিয়	1
জাকার্তার	1
অদের	1
মেমোরিটা	1
রক্তাত্	1
বাচ্চারাগায়েব	1
স্মাগলারেরা	1
ভয়ংকরতম	1
জ্যাকপটে	1
খোলাভাবে	1
চুকোচুরি	1
চাস্না	1
আবদির	1
বানিলে	1
হেন্স	1
জাহান্নামদের	1
হারামিই	1
টানোর	1
জড়িয়োনা	1
বেস্যা	1
দুইজনরেই	1
কজের	1
ফোল্ডার	1
বোনটার	1
মলা	1
পরিক্ষীত	1
অহমের	1
পড়ালিখায়	1
যোগ্যতাও	1
মাল্টিনেশন	1
কোম্পানিগুলো	1
বহিবিশ্বের	1
হ্যাকারেরা	1
মাইনাসিং	1
মিনিমাইসিং	1
সুব্বালক্ষী	1
চেতায়ই	1
পড়ালিখা	1
মায়োকারডিটিসের	1
ম্যানুফেকচার	1
অপরিকল্পনাহীন	1
পারথাসারাথি	1
আপুর	1
কন্ট্রাকটর	1
অপচ্ছন্দের	1
চাকুরীজীবি	1
সামজিক	1
নীতিবান	1
পারথাসারাথির	1
টেরোরিস্টের	1
নিষ্কাশনে	1
হাউজিং	1
হায়দারবাদের	1
ভাসান্ত	1
আদিয়ার	1
পুরিটিন	1
আল্কেলের	1
তেমনিভাবে	1
এম্বির	1
ইমেলের	1
ড্রাফটে	1
মনুষত্বহীন	1
উলফ্রিড	1
ম্যানাজার	1
ঊর্দ্ধে	1
পিউরিটিন	1
মিনারিল	1
ক্যান্সারস্বরুপ	1
ফিরিশ	1
আইএসসিএ	1
প্রতিষোধকের	1
বডিও	1
অন্তভাগ	1
প্রফেশনালের	1
কোয়ামবাটুরের	1
আডি	1
আরুনা	1
টেকনেশিয়ান	1
জাংশন	1
কানেকটেড	1
জিবির	1
অফিসগুলো	1
নাডুর	1
প্রতিচ্ছবির	1
মারপেচ	1
রেকোড	1
শ্রীলঙ্কার	1
মার্শালাটেও	1
ফ্রীলান্সার	1
বাহুবল	1
ডির	1
এন্ড্রিয়	1
বর্ণানাতীত	1
কলমেও	1
পাচ্ছস	1
শাখাগুলোতে	1
ফরটেক্স	1
মেডিক্স	1
প্রফেশিনালের	1
প্রফেশনালেরা	1
স্ফটওয়্যার	1
ডেভেলপার	1
আলিশা	1
কোচিন	1
ড্রিংক্স	1
কাটাটা	1
গভীরও	1
ফার্মঘরের	1
লুকিয়েছিলেন	1
আরুণা	1
আত্মীয়রাও	1
নড়িও	1
আইনব্যবস্থার	1
প্রতিদ্বন্ধিরা	1
অষ্ট্রেলিয়া	1
কৃষ্ণামূর্তির	1
দেখিয়েন	1
প্রবাসে	1
আমিরাত	1
এয়ারপোর্টেও	1
বর্ণ্না	1
ফরমেশনের	1
সিক্কার	1
নাড়িস	1
১৩৪টি	1
সত্ত্বাধিকারী	1
ননীর	1
ন্যানোরোবোটিক	1
অণুপ্রেরনীয়	1
রিংস	1
ট্রিভর	1
মাসলস	1
বাম্বল	1
আইপ্যেডে	1
পূর্নাঙ্গ	1
অবলিকত্ব	1
গোমরামুখো	1
ধেরে	1
ওয়েল্ডিঙের	1
খ্যাপাটে	1
মাথামোটার	1
বাইকগুলো	1
অ্যামবুশে	1
শটগানে	1
নানচাকু	1
নানচাকুগুলা	1
টার্টলগুলোকে	1
উড়িস	1
বপ	1
ক্রাঙের	1
ক্যাপাসিটরকে	1
টার্টলরা	1
পালতু	1
ক্লানকে	1
নিম্নাঞ্চলীয়	1
সীমান্তরক্ষীর	1
সাঁই	1
মিররে	1
ক্ষুধিত	1
গ্রিলের	1
কারারক্ষীকে	1
স্পেশালভাবে	1
গ্যাটিস	1
গ্যাটিসগুলোর	1
হদিশ	1
ডুবার	1
কিংকর্তব্যমূঢ়	1
বর্ণনাতীত	1
অমনাস	1
পদার্থর	1
গণ্ডারকে	1
হকিস্টিক	1
মোনস	1
ঝোলের	1
চুবিয়ে	1
লালরঙা	1
ভালুকেরা	1
বক্সটারকে	1
গণ্ডারে	1
বুনোশুয়োরে	1
রকস্টডিকে	1
বন্ধুটাকেও	1
রক্তপ্রবাহে	1
শ্রেডারকেও	1
হকির	1
ওয়ারড্রব	1
কুয়োর	1
আমিউসমেন্ট	1
চিরিয়াখানায়	1
টার্টারুগা	1
কোয়াড্রা	1
হেলিক্স	1
মেশাবো	1
আইসোটোপের	1
ক্যাটালিস্টের	1
ফরমুলার	1
লিওকে	1
বিভাগকরণ	1
কুকির	1
এলার্মে	1
নিউট্রোনিয়ামের	1
উপাদন	1
গোমূর্খও	1
উপাত্তগুলো	1
অন্যপ্রান্ত	1
লিওর	1
ভেন্ট	1
সদরদপ্তরের	1
কারমেলো	1
এনথনি	1
থামানোয়	1
আলেসান্দ্রা	1
রফার	1
ডাউনও	1
ফিনউইক	1
প্যানারোমা	1
নড়বেই	1
সদরদপ্তর	1
হদিসই	1
বলতিস	1
এপ্রিলকেও	1
রাফের	1
ভাবানো	1
৩৬০০০	1
৪৯০	1
এয়ারর্পোর্ট	1
বিশ্বাসযোগ্যতায়	1
বিমানবালারা	1
প্যারাসুটের	1
টার্টলগুলো	1
হ্যাম্পশায়ার	1
ফ্যালকনর	1
মিউট্যান্টে	1
যায়রে	1
উজবুকের	1
হারিয়েছিস	1
ছিলিই	1
গ্যালেলিও	1
স্টীভ	1
জবস	1
বিবরণীর	1
পাদটীকায়	1
টেকনোড্রোমে	1
টেকনোড্রোমকে	1
কৈশোর	1
তরুণে	1
ফ্যালকনই	1
মনভর্তি	1
ক্র্যাংকে	1
পাদটীকা	1
ধরণর	1
আল্ট্রাসোনিক	1
টোফ	1
চাবানো	1
বাবলকুমার	1
বিবপের	1
কারাইয়ের	1
হাবক্যাব	1
বাইবাই	1
হাজারোগুণ	1
আপোষহীন	1
অংশিদারীত্বের	1
রফাতেই	1
নিপুণ	1
হীরকের	1
মেট্রোপোলিস	1
ওয়ালি	1
রক্তাভ	1
নাইরোমি	1
বাগালেন	1
আমাজাঘ	1
ইন্টার্ভিউয়ে	1
ইলেক্ট্রনিকস	1
পাইথনকে	1
বুঁদ	1
রেকর্ডটি	1
সমর্থকরাই	1
১৯৩৯	1
হারবারওয়ের	1
হাঁটুতেই	1
জিক	1
টাচডাউন	1
অপদেবতা	1
গণ্ডি	1
আনাতোলি	1
নায়াযেভ	1
হোতার	1
প্রেসে	1
হাঁকায়	1
নির্দোষদের	1
অসহায়ত্বের	1
বিনিয়োগকারীদের	1
জন্মেছিলেন	1
আলুভাজা	1
প্যারেডে	1
স্বৈরাচারীর	1
রিবিল্ড	1
স্মারকচিহ্ন	1
শিল	1
শিলাটি	1
মিথস্ক্রিয়াও	1
অবলুপ্তিকরণ	1
ক্রিপ্টোনীয়	1
এমারাল্ড	1
ক্রিপ্টোনিয়ানদের	1
ধ্বংসাবশেষে	1
খাইও	1
হিরোজ	1
নামাল	1
বলকান	1
স্মলভিল	1
কালোবাজারেও	1
কেচ্ছাও	1
ফাঁদছে	1
ইকোনমি	1
কেনটাকির	1
সুস্থের	1
দাপিয়ে	1
মূত্রকে	1
ঝুলা	1
শয়তানেরা	1
ওয়েইনদের	1
রাশিয়ানটার	1
পর্তুগিজের	1
নিরবিচ্ছিন্নভাবে	1
লুথারই	1
পাঠাগারের	1
লজ্জায়	1
ময়লার	1
ঘাটা	1
মার্টিনিটা	1
পরস্পরবিরোধী	1
বইপড়ার	1
ন্যাড়ার	1
পৃথিবীটাকেই	1
সঙ	1
মেট্রোপলিসে	1
ল্যাবগুলো	1
ত্রাণকর্তায়	1
মতবিরোধের	1
দ্বিপক্ষীয়	1
বিশেষকে	1
স্বত্বাকে	1
ভাবনাকে	1
কোপার্নিকাসের	1
বসিয়েছেন	1
মহাবিশ্বেও	1
জীবও	1
সন্তানহারা	1
নীতিমালার	1
কানসাসেই	1
কাঁটালো	1
ডার্পার	1
চিহ্নযুক্ত	1
সোয়ানউইক	1
সাহসীদের	1
অভিজ্ঞরা	1
দোষও	1
ড্রপবক্স	1
ডাব্লিউপিএ	1
চাঁদরে	1
ভেজানোর	1
ইতিহাসবেত্তা	1
যত্নআত্তির	1
আলেকজান্ডারের	1
চুরিকে	1
অভিনয়গুলো	1
পেয়েছ	1
নিয়েছ	1
বয়সেই	1
ক্রিপ্টোনিয়ান	1
পর্তুগিজে	1
সম্ভাব্যতাও	1
বজ্রমুষ্টি	1
বকুনি	1
ক্যানসাসে	1
লুকোয়	1
গঠনতন্ত্রে	1
আখায়	1
হুমকিও	1
কীর্তিস্তম্ভ	1
নিরোস	1
আকুতি	1
যাচ্ছেই	1
প্রাঙ্গণে	1
এ্যাম্বুশটার	1
সলোদাদ	1
গ্রেগকে	1
নাইরোবির	1
সাহারার	1
ওয়াটারগেট	1
মোকদ্দমার	1
লুথর	1
ছাপতে	1
খাওয়াইনি	1
কেন্টাকির	1
সিনেটকে	1
শুয়োরকে	1
হস্তক্ষেপগুলো	1
মিথ্যাগুলোও	1
বিপর্যস্তদের	1
বিরহ্যাম	1
হুইলচেয়ারের	1
লজ্জাজনকভাবে	1
ক্যানসাসের	1
বোঝাতো	1
জেনেসিস	1
কন্দরের	1
বিকলাঙ্গকে	1
কাউন্সিলটা	1
নারকীয়তায়	1
কিফের	1
সীসার	1
কানসাসের	1
সেচলাম	1
হিরোগিরির	1
ছিঁড়লে	1
ইমারতের	1
ইউক্লিডীয়	1
অসমতা	1
পুণ্যের	1
এপোলো	1
জহোভাহ	1
ক্লাক	1
গোষ্ঠীভুক্ত	1
পক্ষপাতী	1
সরায়	1
নিষ্পাপও	1
অভিসারে	1
মার্থাও	1
পবিত্রতার	1
পঙ্কিলতা	1
বাল্ডউইন	1
বিকিরণের	1
৬১৯৮২	1
হেলিপোর্টে	1
সুপারম্যানও	1
হেলিপোর্ট	1
ছাঁদেই	1
রাশিয়ানটার	1
পরজন্মেও	1
ইমেজিং	1
দুঃসংবাদটা	1
সজীবকরনের	1
পিশাচই	1
লেক্সকর্প	1
আকাশসীমা	1
বার্ডরা	1
জনবসতিহীন	1
পুনঃনিক্ষেপের	1
ক্রিপ্টোনাইটের	1
চামড়াকে	1
ছেঁদ	1
ধাওয়ার	1
আত্তীকরণ	1
ধূলিকণাই	1
চেকবুক	1
প্রতীকী	1
দাফনে	1
মর্যাদাই	1
মরণকালে	1
শতবর্ষ	1
জেলরক্ষক	1
সেলই	1
আর্কহাম	1
অ্যাসাইলামে	1
অন্ধকারতম	1
গুথামের	1
ভিযিলেন্ট	1
গুয়েন্দার	1
আশঙ্কার	1
অপরাদ	1
সমালোচকরা	1
বদযাদ	1
সম্পাদকীয়	1
পাতাটি	1
সমস্থ	1
গুথাম	1
নুংরা	1
লোকেও	1
লক্ষণও	1
বাদিয়েছে	1
গ্ল্যাডিয়েটর	1
রুগি	1
ব্লকবাষ্টার	1
হচ্চে	1
প্রোপোজ	1
ডাকলি	1
পড়বো	1
সহশিক্ষা	1
চাঁদমুখের	1
চাঁদমুখো	1
জোকসটা	1
কনফিডেন্সটা	1
ফরোওয়ার্ড	1
মওবাইল	1
এখনেও	1
সান্তোশ	1
সন্তোশ	1
স্যাটেল	1
স্যাটেলড	1
স্মোকার	1
দেয়ালের	1
ফাঁসালি	1
খুলবোনা	1
অ্যারেঞ্জড	1
ভালোভাসার	1
নববর	1
চিটটায়	1
মোটিফ	1
সন্তোশের	1
খেলতেছি	1
জোকসই	1
জোকসের	1
মরতেছি	1
পাগলিটা	1
মেনেজ	1
পৌছলাম	1
খুজঁছো	1
আবশ্যই	1
ভালোভাসি	1
উচ্চে	1
ফ্রেশনেশ	1
লাভকে	1
রুদ্রভাবে	1
ভালোবাসছিলাম	1
লাভারের	1
শুধুর	1
অদ্ভুতস্বভাবের	1
বাড়িটাও	1
স্টরি	1
বশিষ্ট	1
ওয়ানে	1
স্ট্যাম্পকৃত	1
এইগুল	1
লাভার্	1
বছি	1
অস্ট্রেলিয়াকে	1
আনাকপালি	1
সংগে	1
কালারফুল	1
তাইজানতে	1
দিতেছি	1
রাগো	1
মেকয়াপ	1
হইতেছো	1
ফ্রেশভাবে	1
শোচনীয়ভাবে	1
ফ্লোপ	1
অ্যাকটিং	1
অন্যায়ভাবে	1
সেইটায়	1
রাঊন্ড	1
ডাকতেছে	1
সুরু	1
ক্কেমন	1
এংগযাজমেন্ট	1
এংজ্ঞেজমেন্ত	1
কিরুপ	1
জানুও	1
আত্ববিশ্বাসী	1
কতগুলাকে	1
মানুষ্টি	1
এতগুল	1
সিদ্ধান্তর	1
সিধান্তটা	1
বিদ্বেষমূলক	1
বিদ্বেষের	1
মাড়ামাড়ি	1
চাচাদের	1
যাচছি	1
পাইতেছি	1
জখন	1
সেগুলাকি	1
সোনি	1
ঘ্রিণা	1
ভালোবসা	1
মিথ্য	1
বলনাই	1
আয়াদের	1
সাতয়্যা	1
প্রপোস	1
কোনানকার	1
হ্যাপিলি	1
বিয়েটা	1
সিডিনি	1
গেইমটা	1
খেলছিলা	1
পাঠাইছ	1
স্বপনা	1
টানছ	1
ভালোভাসা	1
হাটতেছে	1
প্রাকটিক্যাল	1
সেওতো	1
একটাসময়	1
বাচঁবেয়া	1
তারভুল	1
নাআমাকে	1
অটোটা	1
যাচ্চ	1
এলাও	1
সিড়িঁর	1
পেয়েছিসএক	1
সর‍্যি	1
এইপ্রথম	1
হাটঁতে	1
মল্লিকার	1
পড়তেছি	1
তাহকে	1
গেইমস	1
লিল্লি	1
স্পর্শের	1
ফ্রেন্ডসদের	1
ভালোবা	1
চমকাচ্ছ	1
নাবাসা	1
পর্জন্ত	1
বাঁচাইছ	1
ইনোসেন্সলি	1
সত্যভাবে	1
পৃথীবি	1
প্রিয়ডের	1
স্টেইজ	1
জীবনব্যাপী	1
দেখতেছ	1
পোলটা	1
ভালোবাসবি	1
যাছনা	1
চাইতাছে	1
ভাবিতেছো	1
সত্যিকারী	1
বেশীপ্রেম	1
গ্রাফিতিগুলো	1
আঁকিয়েছে	1
সাকসেসের	1
মেইনটেইন	1
মেয়েটিমে	1
জানবি	1
চিন্তাবোধ	1
রামই	1
দিছ্	1
চিরঞ্জীবী	1
মহেশ্বর	1
ক্লান্তের	1
দুর্বলদেরও	1
যৌবনও	1
যুবকরাও	1
আইলসা	1
মেইনের	1
পিটাতে	1
ওরেই	1
বার্থা	1
জসুয়ার	1
বাঁধনটা	1
গিলবার্ট	1
বেল্টম্যান	1
হার্টবির্ট	1
ডেটিংয়ের	1
ক্যাপটাও	1
জিদেনকে	1
হ্যালের	1
লিখিয়েছিলাম	1
আগেপিছে	1
বেঁচেও	1
কবিনা	1
র‍্যানডন	1
হিলিবাই	1
কাজিনকে	1
করতাছিলাম	1
কিরিজকিনির	1
ফেলাতে	1
বুলডগের	1
হ্যান্ডসামকে	1
চেহারাসুরত	1
রেকার	1
ছোড়াছুঁড়ি	1
কিরিজকিন	1
চিওকি	1
সোয়ানির	1
কান্দিয়ে	1
গার্টার	1
কাঠবেড়ালি	1
হাসতাছ	1
সাস্থ্য	1
দেখানিওয়ালা	1
তাকিয়েছ	1
রেনিয়েল	1
দুদুর	1
এডভেন্টিস্ট	1
শনিবারই	1
তোমারগুলোর	1
চর্চাও	1
দ্বিধাদ্বন্দ্ব	1
ডেসি	1
এইটের	1
কর্তব্যবোধের	1
আপত্তিটা	1
ট্রেনিংগুলো	1
মালপাতি	1
গ্রেসবেল	1
রাইফেলে	1
চালানোতে	1
স্টেলজার	1
স্টেলজারের	1
তেমনভাবে	1
আদর্শকে	1
জাপানীরাও	1
বন্দীশালায়	1
সাহসীদেরকে	1
লেভেনওয়ার্থে	1
চাড়িয়ে	1
কাপুরুষই	1
ব্রিগেডিয়ার	1
মাসগ্রোভ	1
সপক্ষে	1
স্যাংস্টনের	1
কাঠগড়াতে	1
লিজে	1
বেলউডে	1
মেডেলপ্রাপ্ত	1
ছায়াতলেই	1
আপত্তিকারি	1
প্রতিবাদীর	1
এক্ট	1
শিক্টর	1
ছয়বারই	1
স্কোয়াড্রনের	1
রেডক্রস	1
মার্কগুলো	1
মেডিকদের	1
ওকিনাওয়া	1
জোসেফকে	1
একশট	1
বাংকারগুলো	1
মাথানিচু	1
হ্যাকশ	1
দুইঘন্টা	1
বেগই	1
স্টানফোর্ড	1
মরফিও	1
এংগারও	1
রালস্টেন	1
মাতলামিটা	1
চাবকাত	1
খোরের	1
ইয়ক	1
আর্ভকে	1
জীপটা	1
আর্টিলারি	1
জাপানীও	1
মেডিকের	1
আলৌকিকতার	1
ডসটা	1
ডরোথির	1
নায়কেরা	1
সুইটওয়াটারে	1
উফ্ফ	1
স্তরই	1
আগেরটির	1
দোযখ	1
করবোও	1
গেস্টরাও	1
চুককক্	1
চেয়ারটাতে	1
টাইমিংয়ের	1
ধুররর্	1
বোর্ডএকটাভোটাভুটিরব্যবস্থাকরেছিল	1
মানুষজনদেরকেও	1
ডুবাবি	1
ককককি	1
খোদাদেরকে	1
চাহুনিতে	1
ঘেঁটেছিলাম	1
নির্বিকার	1
গেস্টকে	1
ওশুধুতোমাকেইখুজছে	1
করিনাই	1
বোঝাচ্ছিস	1
ছোটোলোকের	1
ভারসাম্যপূর্ণ	1
এ্কটা	1
ভেতরও	1
প্রাণীটিকেও	1
ভীতিগুলো	1
কাঁটিয়ে	1
ঘেষে	1
তোমাদেরর	1
খেলনাটার	1
কখনেই	1
গোলঁকধাধা	1
পার্কটাতো	1
অংশতো	1
হোস্টদেরকে	1
স্টোরেজের	1
আরহঠাৎকরেইনেটওয়ার্কেরকিছু	1
অংশডাউনহয়েগেছে	1
সার্ভেইলেন্সে	1
যেতামই	1
সৌন্দর্যগুলো	1
টোঁপ	1
যোগদেয়ায়আপনাদেরধন্যবাদ	1
করতামও	1
সৃষ্টিকর্তারা	1
মোরো	1
যতোখানি	1
ইচ্ছেটার	1
মৃত্যুটাও	1
ভেেবই	1
অপরিবতর্নযোগ্য	1
বিনিয়োগকারীকে	1
টানিয়েছিলো	1
দৃষ্টিতেই	1
অপেনহাইমার	1
ডাক্তারেরই	1
আপডেটে	1
ক্ষতগুলোকে	1
ঐতিহ্যে	1
কষ্টগুলোর	1
পাঁপের	1
পছন্দগুলোর	1
খলনায়কের	1
বেঠোফেন	1
চপিন	1
অংশটাও	1
আনাস	1
আহমেদআহমেদ	1
এক্ষন	1
পরিশোধও	1
বিজয়ন	1
নেওয়াকেই	1
বদমাশগুলোকে	1
অল্পতে	1
অপব্যয়ীর	1
কৃষ্ণদাস	1
বয়সই	1
মালাগুলো	1
বেহিসাবিভাভাবে	1
ডিজিয়	1
ডিপোজিটে	1
এফডি	1
মুডই	1
ড্রাইভিংকে	1
পণ্যগুলোর	1
ঘোরাচ্ছেন	1
মস্তিষ্ককের	1
চিবাচ্ছ	1
পাত্রপক্ষ	1
শিধুকে	1
মসিগুড়িতে	1
উট্টিতে	1
চুপ্পু	1
পার্থক্যও	1
অভ্যসটা	1
পারফিউমটি	1
ট্যাটুও	1
স্মিতা	1
হোপলেস	1
চাপাত্তি	1
চাপাত্তিও	1
আন্দাজি	1
চক্কারা	1
রেস্টরুম	1
ডিসকাউন্টের	1
বদলও	1
হাসাচ্ছেন	1
এমাউন্টটা	1
অ্যাডভান্সড	1
আআমি	1
ক্রিয়েট	1
শাজি	1
স্বামীজি	1
লড়ির	1
মসিনাগুড়ি	1
মসিনাগুড়ির	1
স্বাস্থ্যমন্ত্রী	1
স্বাস্থ্যমন্ত্রীর	1
নাড়ুকে	1
এইরুপ	1
মূখ্যমন্ত্রীকে	1
বান্ডেল	1
পিক্সিমের	1
মহাপরিচালক	1
চড়ায়	1
ফাঁসই	1
তেরটা	1
বক্তব্যটা	1
স্পিচটা	1
অ্যাম্বুল্যান্সকে	1
অ্যাম্বুল্যান্স	1
স্পিচে	1
স্পিচ	1
মশাটার	1
বিদ্যুতগতিতে	1
জ্যাতা	1
ইনফর্মারের	1
সিধার্থ	1
অপরচিত	1
মুসিবতে	1
দেখেছেনই	1
ফ্যাসাদের	1
সেঙ্গাল্ভারানকে	1
মন্ত্রীও	1
অবাঞ্ছিত	1
ঠুকেছিলাম	1
অ্যাটাকটা	1
মুঠোর	1
পুরতে	1
বসাবেন	1
ইনডেমনিটি	1
নিন্দাজনক	1
শ্রদ্ধাটা	1
গৌরবগাঁথা	1
ষোলকলা	1
বিজ্ঞানিদের	1
পায়তারা	1
পার্শপ্রতিক্রিয়ার	1
শিশুই	1
প্রমানটা	1
পরিশ্রমকে	1
অঞ্চল্গুলোতেই	1
জনবানবন্দিটা	1
চেল্লুদারাই	1
প্রক্সির	1
নাড়ুতে	1
থিরুমাঙ্গালামে	1
প্যাটেন্টও	1
ওশুধগুলো	1
ফর্মুলাটাই	1
বুলির	1
প্যাটেন্টের	1
বাকবিতন্ডা	1
প্রত্যুত্তরে	1
আবিষ্কারটা	1
পরির্তন	1
ছটা	1
শাস্তিসরূপ	1
খতিয়ান	1
টাইটেলটা	1
ফাসিকাষ্ঠে	1
ভদ্রতাসূচক	1
পোছতে	1
পারাটাই	1
জানিসও	1
বললেছিল	1
আত্নত্যাগ	1
তাদে	1
প্রতিগত	1
মার্কিং	1
পড়ভে	1
সঙ্ঘ	1
শুনেছিলি	1
চাওয়ামত	1
আতং	1
রথী	1
মহারথীদের	1
বিস্ময়কে	1
ভিআইপিদের	1
ছত্রছায়ায়	1
চুক্তিকে	1
লেইভা	1
এওয়ার্ডস	1
ইনোভেশন	1
ডেভেলপমেন্ট	1
সাক্ষ্যতে	1
সম্ভরপরতা	1
বিস্তারিতর	1
হারিনি	1
গোঁড়ার	1
ঘনিষ্ঠতা	1
ইউরোর	1
মৌনতা	1
ক্রয়ের	1
ঠকঠকানি	1
দ্রুতগতিসম্পন্ন	1
ব্রুনোকে	1
ধ্যাততেরিকি	1
মাড়াতো	1
প্রিপেইড	1
এসিস্টেন্সের	1
ইমপ্যাক্ট	1
বারবাস্ত্রোতে	1
রিজার্ভে	1
ক্লাসিকগুলো	1
ঐগুলোর	1
দানিয়েলকে	1
সেলফোনের	1
গিন্নী	1
ফিরার	1
সোনিয়াকেও	1
দাগাবাজ	1
ভাবনাগুলোকে	1
কার্যসিদ্ধি	1
ভবিতব্যের	1
বাবামা	1
গিরিখাতে	1
রেটিনায়	1
গলতি	1
বিলবাও	1
অসমর্থিত	1
সেক্রেটারিকেই	1
সোনিয়াসহ	1
অভিশংসকও	1
চাটুকারিতার	1
হাতিয়েছে	1
পুনর্নির্দেশ	1
কাজকাম	1
ব্যাংকিং	1
এক্সপার্টও	1
নির্ঝঞ্ঝাট	1
ফারমকে	1
ঝুটা	1
টমাসের	1
ভাঁওতা	1
নেকড়েও	1
নেকড়েকে	1
পত্নীর	1
নূন্যতম	1
অপ্রকট	1
ধাঁধাঁটা	1
বাবামার	1
মালমসলা	1
ঘটিয়েছেন	1
মৌনতার	1
পৌঁছাবেন	1
ফোনবুথে	1
পূর্ণচন্দ্র	1
কাহিনীকে	1
আলগ	1
ব্ল্যাকমেইলিং	1
কষ্টকল্পিত	1
বিভ্রান্তিকে	1
ব্ল্যাকমেইলারের	1
কগ	1
ট্রেনটিতে	1
ডোরিয়ার	1
ব্যবসায়ীসম্প্রদায়	1
ফাঁসাইনি	1
শুধুুু	1
চক্রান্তের	1
প্রত্যক্ষদর্শীকে	1
ঘুরপথে	1
কড়িকাঠের	1
কড়িকাঠেও	1
সৌধতে	1
মূলবিন্দু	1
হেঁয়ালির	1
পেতেছিল	1
উলটপালট	1
ভাসিয়েছেন	1
লউরাকেও	1
পদার্পণের	1
দুষ্কর্মটা	1
মারণাস্ত্রের	1
মূলকারণ	1
আনুষঙ্গিক	1
আবেগজনিত	1
এড়াবো	1
জাগিয়েছিলাম	1
অহংকারও	1
শেষদিনে	1
রেকর্ডকে	1
কথাগুলোও	1
অল্পপরিমাণ	1
হাতিয়েছিল	1
মিলছিল	1
এমনিও	1
মাবাবার	1
আপ্পনি	1
ভাসিয়েছ	1
ফাঁসাতেও	1
পায়তারায়	1
ছায়াতে	1
অজ্ঞাতপরিচয়ে	1
বাৎচিত	1
ফেলিক্সকে	1
অলৌকিকতার	1
বি৫২	1
গুডম্যানের	1
গপ্পোটা	1
১১তম	1
ভুলত্রুটি	1
বইতো	1
জীবজন্তুতে	1
নীলনদের	1
একাকিত্বে	1
রায়সম্পন্ন	1
দুর্ভাগ্যবসত	1
হঠকারীতাকে	1
রাজতিলকের	1
রাজতিলকে	1
রাজকুমারীদের	1
বিভূষিত	1
শুভদিনের	1
কানাঘুসা	1
বমনামটা	1
ব্রেসলেটটি	1
২৪টি	1
মিশরও	1
লুটছিলাম	1
গুনও	1
শুভদিনটি	1
পূনর্জনমে	1
ভাইপো	1
পেরেছো	1
যেখানের	1
ভালোবাসি	1
হলো	1
অজ্ঞানীর	1
মিশরেরই	1
প্রার্থনাকারীদের	1
শুনো	1
রেজিট্রেশন	1
পাররে	1
লুটকৃত	1
কোষাগারটা	1
নির্মানকর্তা	1
অগ্নিকুন্ডটা	1
কুন্ড	1
জেলখানাটাও	1
পরমাণ	1
বিছাঁ	1
ভুতবাড়ির	1
সোজাই	1
লকেটটা	1
পূজারীর	1
বুঝতা	1
ববাবাকে	1
আনুবিসকে	1
রোধী	1
মিত্রদেরও	1
চোখটি	1
পিতামহের	1
ছোখ	1
ঘটাকে	1
মানুষেটাকে	1
নীলের	1
অ্যাপোফিসের	1
প্রথমবারই	1
শাসনকে	1
অনিশ্চত	1
বিদ্রোহী	1
পেীছানোর	1
কয়েকফোটা	1
বাচিঁয়েছো	1
অপেক্ষাকে	1
প্লানে	1
মন্ত্রণাদাতা	1
নেপথায়েসকে	1
গরীবরা	1
দদিয়েছিলো	1
কাথে	1
পালিতদের	1
সাপটাকে	1
টোপটাকে	1
স্পিংক্স	1
বেশিরই	1
লুচ্চার	1
কিউটও	1
পরিবাবেরর	1
বাসলে	1
নানাবর্ণের	1
ফ্লোরেট	1
রিযিকে	1
করেছিলো	1
রণনীতি	1
দেসো	1
অনেকভাবে	1
হ্যাথোরের	1
মৃত্যুলোকে	1
৪২টি	1
মেরেছিলো	1
জায়ার	1
বেককেই	1
আনবেই	1
মৃতর	1
চক্রা	1
ঘুরালে	1
দেখবেও	1
দেবতাটা	1
খাচাঁর	1
বাকিটুকুও	1
বদলার	1
কিরনের	1
থাকবো	1
সর্বদৃষ্টির	1
মিনারটা	1
মর্জিতে	1
পুনর্জনমকে	1
হোরাসই	1
অপোফিসকে	1
আংগুলও	1
৭বিলিয়ন	1
তুরা	1
মজুরের	1
৯৩০	1
৯৩১	1
টক্করের	1
চোখটার	1
চোখটাও	1
জোড়িটা	1
অসম্ভবতার	1
দরজাকে	1
পেীছে	1
রত্নকে	1
অটোম্যাটিক্যালি	1
সাজাবেন	1
সহযাত্রীদের	1
ব্যকুল	1
প্যাসেঞ্জারস	1
২৫৮	1
ভাক্তি	1
টেকনিকের	1
কনটাক্ট	1
৮২৬	1
০১২	1
অ্যানড্রয়েড	1
পাম্পকিং	1
স্পাইস	1
নিরাশার	1
অ্যান্ড্রয়েডও	1
জাম্বু	1
স্পেসস্যুট	1
নভোমণ্ডলের	1
পরিবেশও	1
পলিমাইড	1
স্যুটই	1
হ্যান্ডেলকে	1
১৪৫৬	1
পুলিৎজার	1
পুরস্কারপ্রাপ্ত	1
কোলাহলকে	1
ওয়েটারই	1
ভদ্রলোকও	1
চাষাবাদের	1
হাইবারনেশনের	1
গবেষণামূলক	1
ব্যক্তিমালিকানাধীন	1
আর্টিকেলটি	1
যাত্রীও	1
মহাকাশযাত্রার	1
স্লোগানে	1
মূল্যহ্রাস	1
মূল্যহ্রাসে	1
হোমস্টিডকে	1
বেক্কলকে	1
ডোনা	1
ডোনারা	1
সত্য়ি	1
সমুদ্রযাত্রীদের	1
আর্কতুরাস	1
এযাবৎ	1
সাহসি	1
ভালবাসবি	1
ম্যানকুসো	1
হোমস্টিডেরও	1
রোবটগুলা	1
লিফটও	1
২দিন	1
স্থাপনকারী	1
প্রক্রিয়াকরণ	1
বিপর্যয়ের	1
১৪৯৮	1
অ্যানালাইসিস	1
৬১২	1
২৩১৭	1
চেম্বারই	1
সেকশনই	1
চাপপ্রয়োগে	1
চুল্লীকে	1
কমতেছে	1
নির্গমনপথ	1
শিকলও	1
পাড়ানো	1
অটোডকের	1
সহযাত্রীরা	1
ছিপটা	1
ঝড়তেই	1
বৌলের	1
ভাতিজাদের	1
জেনিনের	1
মিত্জ্ভাহ	1
জিজ্ঞেসও	1
কেয়ারটেকারের	1
সম্মোহনে	1
নিচটায়	1
শাওয়ারটা	1
ফ্রেডরিকের	1
সাড়াতে	1
অবন্ধু	1
সকালটাও	1
ইলেকট্রিকের	1
তিনটাতেও	1
লেনি	1
তাকাচ্ছিলাম	1
দেড়েকের	1
জোসের	1
ম্যাকাডেভি	1
মুলারকে	1
কালীন	1
অনুগ্রহপূর্বকনার্সস্টেশনেআসুন	1
র‍্যান্ডিকেই	1
ভেবেছিও	1
বেটেনির	1
ইরিন	1
রোগটাকে	1
অ্যাটাকে	1
পেশীকে	1
অ্যারেস্টের	1
সুস্থ্যবোধ	1
বুঝালেন	1
ফাঙ্গাসের	1
ফেরাচ্ছি	1
এখনটায়	1
দয়াকরেনার্সস্টেশনেআসুন	1
চিঁড়ে	1
ছিপ	1
বড়শিটা	1
বারাকুডাও	1
পেটি	1
ব্লুফিশ	1
স্ট্যানি	1
কাঁদলেও	1
কাঁদাইনি	1
ফুরোয়নি	1
১৪২৮৫৭২টা	1
নাগরদোলায়	1
করছেও	1
সেঠিকআছে	1
রকপোর্টের	1
লীচ্যান্ডলার	1
স্টিকগুলো	1
কুৎসিতও	1
সঙ্কেতটা	1
বেরিয়েছিলেন	1
শ্রেণিতে	1
পরিয়েছিলেন	1
স্টারট্রেকের	1
ওয়ারিওর	1
ঘুমালেও	1
নীচেই	1
ম্যাসেশুসেট	1
গ্যালাঘার	1
ফুন্যারাল	1
ধাপগুলোর	1
মহাসড়কে	1
হাতাহাতির	1
গীটারটা	1
সাধারণভাবেই	1
ব্যয়ের	1
উইসকসিনে	1
চালায়নি	1
নির্বোধগুলোকে	1
ভদ্রই	1
ধ্রুবতারাও	1
কোকেনও	1
৩টার	1
সাইনাসে	1
চড়াচ্ছি	1
মোটরটা	1
ওয়াংকাটংকা	1
কানেক্টিকাটে	1
বেভারলিতে	1
গোরস্থানটা	1
স্নোবার্ড	1
সৎকারের	1
শাবলগুলোর	1
হ্যাভেনের	1
শাবলের	1
প্লটটা	1
মুর্দাফরাশের	1
বাড়ানোই	1
হিমাগার	1
পালটালে	1
্যান্ডি	1
আমিআসলেফোনকরেছিলাম	1
জর্জআমাকেজো	1
রব্যাপারেবলেছে	1
আরআমিআসলেফোন	1
করেছিস্যরিবলারজন্য	1
আশাকরিফোনকরেছিবলেকিছুমনেকরোনি	1
এইমুহূর্তেখুবএকটাভালো	1
সময়তোএটাহতোই	1
কিন্তুএখনোবিশ্বাসকরতেকষ্ট	1
প্যাট্রিকেরকী	1
যদিওবোঝামুশকিল	1
জানিনাকোনআয়োজনকরছকিনা	1
কিন্তুআমিতোমাকেবলতেচাচ্ছিলাম	1
যদিকিছুমনেনাকরো	1
কোনসমস্যানা	1
থাকলেআমি	1
থাকতেচাই	1
এরমানেঅনেককিছুইদাঁড়াতেপারে	1
আচ্ছাযদিজিজ্ঞেসকরি	1
কেমনআছ	1
আমিজানিনা	1
ভালোইচলছেআমাদের	1
তোমাকেহয়তোবলাউচিৎছিল	1
আমিআসলে	1
মানেআমি	1
মানেখুবশীঘ্রইহবে	1
জানিনাতোমাকেবলারদরকারছিলকি	1
বুঝতেইপারছ	1
আমিআসলেবলতেচাচ্ছি	1
আমিআসলেনিশ্চিতহতে	1
চাচ্ছিলামযে	1
আমিআরজোশঅন্ত্যেষ্টিক্রিয়ায়আসলে	1
সমস্যাআছেকিনা	1
দোয়ারইলো	1
জেনিন	1
সিলভিকে	1
কুইন্সির	1
হিমঘরে	1
কুইন্সি	1
একঘণ্টারও	1
রক্সবারিই	1
চড়েও	1
তুমিলীবলছ	1
কুইন্সিতে	1
গ্রীষ্মকালটা	1
স্টেনটোরিয়ান	1
যৌগিক	1
ভগ্নাংশগুলোকে	1
হাউজটা	1
আঙ্কলের	1
ধুবি	1
খ্রিষ্টানধর্মী	1
ক্যাথলিকরাও	1
প্রিয়প্যাট্রিক	1
চিঠিটিলিখছিতোমাকেকৃতজ্ঞতাজানানোরজন্য	1
তারজীবনেফিরেআসারপ্রত্যয়েযেভালোবাসাআরবিশ্বাসদেখিয়েছ	1
কিন্তুআমারধারণাসামনেরএতটা	1
দীর্ঘআরবন্ধুর	1
পথপাড়ি	1
দেয়ারক্ষেত্রে	1
তাইভবিষ্যতেতারসাথেদেখা	1
ব্যবস্থারজন্যআমাকেলিখবে	1
আশাকরিএটাকেঅনধিকারচর্চামনেকরবেনা	1
কয়েকের	1
মিগানের	1
পুড়ছ	1
চার্লস্টনে	1
ট্রাস্টি	1
আপত্তির	1
দাবাড়ু	1
জানলোও	1
সুন্দরে	1
খারাপটাই	1
নজরও	1
জন্মদিনই	1
অসাধারনভাবে	1
বিস্ময়ও	1
ভেস্তেযাবেনা	1
তারকিছুই	1
ইসভেনকেও	1
স্যন্ডুউইচ	1
বোনটির	1
ট্যানশন	1
তুশকা	1
গাচ্ছিলে	1
দমও	1
২০১৮নাগাদ	1
সিকুয়েল	1
যদু	1
সজু	1
হাশেম	1
এক্কা	1
দোক্কা	1
নেক্কা	1
পান্থ	1
লোহিত	1
প্যান্থার	1
কয়েল	1
কামিজ	1
ঊর্ধ্বগামী	1
আঁইশ	1
জমায়েত	1
নাটকগুলি	1
প্রতিরক্ষাকে	1
মৌমাছিরা	1
আলস্য	1
লুকোবার	1
হাইবারনেট	1
বিরূদ্ধে	1
বানিয়ো	1
বেড়ানো	1
তিড়িং	1
গাহ	1
লোগ	1
শৃঙ্খলে	1
জবরদখল	1
মহিমাম্বিত	1
থাম্ব	1
প্রযুক্ত	1
দন্তহীন	1
আত্মসাত্	1
উইজডম	1
বোধগম্যতা	1
এ্যারেস্ট	1
আর্কিং	1
রিকারসিভ	1
কোয়াইন	1
ওউউ	1
টাঁক	1
সন্ত্রাসবাহিনীর	1
মহাপরিচালকরা	1
সায়নাইড	1
থার্মোস্ট্যাটটা	1
যন্ত্রণামুক্ত	1
চেঁপে	1
গ্লাভটা	1
স্টোমাকেম	1
স্ক্রিপে	1
এনভায়রন	1
লিডারদেরকে	1
সুপারভাইজারকে	1
ভাঁওতাবাজ	1
শক্তিসমস্যা	1
ঘুঁটঘুঁটে	1
ক্যারাভানে	1
ওয়েদার	1
যুদ্ধজয়ই	1
কয়বারের	1
পঞ্চমবারের	1
লুপগুলো	1
এএম	1
পূনরাবৃত্তি	1
আমম্	1
ওকাজ	1
গ্রিমই	1
কাস্টরিতে	1
কেঁটেছিলো	1
নেড়েচেড়ে	1
সম্পদটা	1
এত্যো	1
গাধামিতে	1
রেনটনকে	1
পাখিরাও	1
টরাসেরই	1
গাধামির	1
এতোদেরি	1
বেসমেন্টটা	1
স্ক্রিপের	1
তখণই	1
কঁচুর	1
ব্রাদারকে	1
১৯শে	1
স্মৃতিশক্তিতে	1
প্রভাবও	1
ডাটাগুলো	1
স্ট্রাকচারের	1
মাঁলা	1
পৌছলে	1
প্রোম্প	1
আইডিতে	1
প্রোম্পট	1
সিলিন্ডারটা	1
যতোদূর	1
টারবাইন	1
পরিণামটা	1
পূণরাবৃত্তি	1
তাজ্জবের	1
মরতা	1
আমন্ড	1
সায়ানাইডে	1
কর্পোরেশনকে	1
আদর্শবাদী্	1
বাস্বববাদী	1
প্রমাণে	1
ফাটঁল	1
লূপ	1
কাঁটাচ্ছি	1
যাওয়ায়ই	1
শাটডাউন	1
রাজসিক	1
জিএমপিদের	1
সিকুয়েন্সেরই	1
টাইমলাইনটা	1
ব্রোকেন	1
ক্লোভারফিল্ড	1
সমধান	1
সমুদ্রতীরের	1
নিমজ্জ্বিত	1
বলল্বো	1
খামারবাড়ির	1
হামলাতে	1
ভৌতক	1
একুপনিক	1
ফ্রীজার	1
প্লেসম্যাটস	1
জ্বালিয়েও	1
আওয়াও	1
বন্যাও	1
লাগাইনি	1
ধবংস	1
ক্যুইজ	1
সুচিশিল্প	1
এতোদূরে	1
ব্লাকবেল্ট	1
হাওয়ার্ডকে	1
কায়েদা	1
ঝলকানী	1
ভাবনাই	1
কোনোমতেই	1
রাধতে	1
ভাজাও	1
খু্নি	1
ইয়োওলো	1
টিচ্ছা	1
উম্মাদনার	1
মিশেলের	1
ন্যাপকিনটা	1
ম্যাটিক	1
গুড়ার	1
পাত্রটাও	1
বিশ্বাসঘাতিনী	1
লুইসিয়ানা	1
পরেরটাও	1
হার্ডওয়্যার	1
কষিয়ে	1
ঘাবরে	1
খোন্তা	1
পপুলেশন	1
সুইপ	1
এক্সট্রাট্রেসস্ট্রিয়াল	1
বাধিও	1
ব্রিটানি	1
একারাই	1
সমাধাণের	1
আর্টিকেলের	1
ফাজলামী	1
সিক্সটিন	1
ক্যান্ডেলস	1
সিঙ্কও	1
স্যান্টাক্লজের	1
অ্যামোনিয়াম	1
পারক্লোরেটের	1
ক্ষয়কারী	1
মিললে	1
সিবোর্ড	1
আমরাদক্ষিণসিবোর্ডপুনরায়	1
নিদ্রিত	1
য়েতে	1
বিজোড়	1
থামগুলো	1
মহিমায়	1
ব্রতীর	1
ছাড়ব	1
দক্ষিণপূর্বে	1
নিয়োজিত	1
তাড়ন	1
হ্যামলেট	1
আদিষ্ট	1
করিতেছি	1
সাধারণতঃ	1
সঙ্গদান	1
মোচড়ের	1
শিকড়ে	1
রাজ্যগুলির	1
পাশব	1
শিবিকা	1
খাঁচায়	1
প্রিজনার্স	1
ভয়াল	1
বিভীষিকা	1
গ্রন্থকীট	1
শুল্কাধীন	1
পেয়েছিল	1
নিবেশ	1
সালিসি	1
রাজ্যগুলোর	1
হিতৈষী	1
লীজ	1
খুপরি	1
পশ্চাত্পদ	1
আকস্মিকতা	1
শোনায়	1
তর্কবিতর্ক	1
জবর	1
চিত্রণ	1
অগ্নিশর্মা	1
কাপড়ের	1
সেন্ট্রি	1
অন্তক	1
মালভূমি	1
আত্মীয়স্বজন	1
দিগদিগন্তরে	1
ময়ে	1
যাতায়াতের	1
সশ্রদ্ধ	1
পরিবর্তনকল্পে	1
পুড়িয়েছে	1
ক্ষয়প্রাপ্ত	1
পূর্বাঞ্চলে	1
পীড়াদায়ক	1
আড়ে	1
বিয়োগান্ত	1
দৃঢ়সঙ্কল্প	1
গোস্ট	1
পেষ	1
আইডিয়াস	1
ছাড়াইয়া	1
দেশদ্রোহীর	1
ঐক্য	1
অ্যালায়েন্স	1
হাবীব	1
পবিপ্রবি	1
লাকড়িকে	1
আমলকে	1
লেগিটিমেট	1
বাছাইকরন	1
আন্তর্জতিক	1
অ্যাসোসিয়েসন	1
চ্যাম্পিয়নশীপ	1
বুদাপেষ্টে	1
কর্তৃপক্ষরা	1
সর্বোচ্চটুকু	1
দাড়াক	1
অবিসংবাদিত	1
ভদ্রলোকগন	1
মাউথগার্ড	1
বিজয়ির	1
পক্ষাঘাতের	1
জিতছ	1
বয়কার	1
শুইনো	1
ঐগুলান	1
মিনিভ্যানে	1
যাচ্চে	1
অ্যান্টন	1
ল্যাগুনভ	1
উকরেইনে	1
পেপারস	1
কয়েকমিনিট	1
পরিবেশিকা	1
ব্যাতিরেক	1
আলমার	1
অপূরনীয়	1
সেন্টারটি	1
ভিক্টেরর	1
তুমও	1
কিভের	1
রিংএ	1
ওলেজ	1
নিতুন	1
ওলেজের	1
স্লেভাতে	1
ডিবডিব	1
গলালেও	1
তারাররিপোর্ট	1
স্লাভা	1
মুহূর্তটার	1
ঢেলেছ	1
কোনটিরই	1
বিক্রীযোগ্য	1
দ্রুতগামি	1
টারসভ	1
আহ্লাদে	1
গদগদ	1
পোলাপাইনে	1
অজেরভ	1
ভাইদ্বয়	1
নকআউটের	1
বান্ডিলটা	1
নাইটমেয়ার	1
বসছিলাম	1
মাংসপেশীকে	1
বয়কারর	1
জসিমের	1
চালিয়েই	1
কিরিল	1
সাংবাদিককরা	1
মনেপ্রানে	1
চ্যাম্পিন	1
কাজিমির	1
ইগরকে	1
বাসস্টান্ডে	1
হৈছ	1
চ্যাম্পিয়নরে	1
হৈছিল	1
ইউরিকে	1
বিজয়ীরাই	1
প্রজেরিয়া	1
প্রজেরিয়ার	1
এলিসিয়াকে	1
নিরাময়ে	1
আইজ্যাকসের	1
নাড়ার	1
ইন্টারফেসটা	1
৪৪৭২	1
এন্টিভাইরাসের	1
অপারেটরদের	1
অ্যাড্রেলিন	1
আর্কেডিয়ায়	1
সু্স্থ	1
ওয়াশার	1
এমুনেশন	1
ভেন্টগুলো	1
কূপটার	1
স্বয়ংক্রিয়তা	1
এসছি	1
গ্রুপরা	1
দূর্ভিক্ষ	1
প্লানিং	1
বলবৎ	1
পরিস্কৃত	1
টারবাইনকে	1
ক্লেয়ারকে	1
অতিপ্রয়োজনে	1
ক্রায়োজেনিক	1
ডেটেনেটর	1
সাইরো	1
ডেকান্টার	1
চক্ষুশূল	1
সৃতিশক্তি	1
প্রজেরিয়ায়	1
ভোগো	1
আম্ব্রেলাকে	1
ওয়াশিংটনেই	1
মানুষজাতিও	1
হাইকমান্ড	1
বাঁকি	1
বাহিত	1
গতিতেই	1
ধন্যবাদঃ	1
কোনহানে	1
খেলাডাই	1
মামদেয়ার	1
লেজও	1
১১১১১	1
৭৭৭৭	1
চগন	1
আফিমখোর	1
সংযোগই	1
নাগেশ	1
বালাসাহেদ	1
বানসোদ	1
অধিনায়কটা	1
খেলোয়াড়দের	1
অধিনায়কের	1
খাওয়াইবে	1
সুকুনা	1
খেলতেছে	1
অনী	1
মহারাষ্ট্রের	1
আবাকে	1
প্যাভিলিয়নে	1
বয়েচের	1
মধ্যাকার	1
বয়েচকে	1
চিয়ার	1
বাউডেনের	1
স্ট্রাইকে	1
চাতক	1
মহারাজও	1
কালেকে	1
সোনম	1
সাতপুট	1
বিপক্ষীয়	1
শিখুন	1
ঘুমিয়েছিল	1
লিপকিস	1
ওরহম	1
সাবানডা	1
ছাগলগুলা	1
মাখছে	1
করবোনে	1
কুয়োয়	1
বাইইর	1
বেয়কুফ	1
ওররে	1
আনোস	1
প্রানদীপ	1
বাসোদ	1
স্মার্টই	1
ভটভটিকে	1
ফাডাইয়া	1
দেসছ	1
বুলেটকে	1
আমনের	1
পঙ্গুটাও	1
ঘার	1
আইতেছে	1
তাকাচ্ছিলি	1
ঠিকমতন	1
বুঝোস	1
কসক	1
পঙ্গুটার	1
১৩টা	1
স্বপ্নার	1
আইবে	1
কিরহমভাবে	1
তাকাইলো	1
পাঠাইবে	1
দেছ	1
শিখাইবে	1
শিভাজীর	1
জানমু	1
মামাত	1
ছুঁলাম	1
হয়রে	1
চাউনি	1
পলকও	1
ট্রাক্টরও	1
রেীদ্রে	1
তোমারেই	1
চুরিওলার	1
পঙ্গুটা	1
আখের	1
ওদিকেরগুলোও	1
কইতেছ	1
ভাবিবি	1
৯৮২৫১৫৪৭৪৮	1
আছেত	1
জবাবতো	1
নাচাটা	1
ব্যালেন্সই	1
মরবিই	1
আমাগোও	1
চিবাচ্ছিস	1
এতোবড়	1
ওঠালে	1
মারাঠিতেও	1
ডালিট	1
নমদেব	1
ধাসাল	1
কেশাভসুত	1
আসিসনা	1
লোখান্ডে	1
রাখমু	1
সালয়ারেও	1
জ্বালাইয়া	1
যাইতেছিস	1
পারস্যরে	1
পাটিলরাই	1
পড়াশুনায়	1
শোর	1
আপ্পা	1
পাটিলগো	1
লইগাই	1
আইচ্ছ	1
আটকাইয়া	1
থুইতাছি	1
পুনের	1
পারুর	1
ঠাগল	1
অল্পসময়	1
চুড়িওয়ালার	1
কর্ণারটা	1
কাথাগুলো	1
মোটরবোট	1
শহিদ	1
ওটাকেও	1
করেনাই	1
টিকিটছাড়া	1
শুয়োরগুলো	1
স্টেশনেও	1
অনেকগুলারে	1
ডেঞ্জারা	1
রান্নাবারিও	1
বিন্দাস	1
কানাড়ি	1
লেপটার	1
নাকডেকে	1
ডাকিনাই	1
পেঁয়াজ	1
পোস্টারটা	1
ছুলো	1
ছুলতে	1
ফিরতেও	1
শিখবি	1
লবনে	1
পেনড্রাইভ	1
সুমনা	1
ঘেঁসে	1
হবেনই	1
এজন্যইতো	1
ছাড়ছ	1
মৌজমাস্তি	1
থাবাবে	1
ছাঁড়া	1
হাতজোর	1
নবনির্বাচিত	1
সোনালকে	1
মহারাষ্ট্র	1
নেত্রীদের	1
সোনাল	1
জিজাবাঈ	1
সাভিত্রীবাঈর	1
দিদিমার	1
স্বাস্থবান	1
মাথাব্যথাটা	1
আল্পনায়	1
রাহি	1
প্লিচ	1
খাদিমদার	1
বুজছস	1
ঝাকুনিতে	1
প্রতিপক্ষও	1
১৬৮	1
সাদারল্যন্ড	1
কনুইও	1
মুষ্টিযোদ্ধারা	1
বেলরের	1
দ্বিতীয়টাতে	1
রখবা	1
নিষ্টুর	1
কেয়	1
প্রত্যহ	1
বিষ্টার	1
মৃ্ত্যুর	1
পেলছে	1
দূঃখ	1
দূঃখের	1
হ্রদয়স্পর্শি	1
প্রজাতন্ত্রী	1
মায়ানমার	1
সাধরে	1
সিয়াওর	1
স্পার্টো	1
স্লদারহাউজ	1
জেকব	1
ছেল	1
সুভাগ্যবান	1
সফিয়া	1
হিরু	1
মেদুকা	1
জংলের	1
গোপঅন	1
বহিঃরপ্রকাশ	1
অবঘাতী	1
চ্যালেঞ্জে	1
মেডন	1
টুটের	1
কছুর	1
পছন্দতো	1
অধিকন্তু	1
অবিজ্ঞতাকে	1
ক্যামেরাবন্দি	1
জগন্য	1
ক্রাব	1
হ্রিদকম্পন	1
সমতলে	1
দোড়েছে	1
দুত্তেরি	1
রঙক্ষেত্রে	1
এইগুলাকে	1
ধনুকেরে	1
ভালদিন	1
হাতিগুলোর	1
আল্ড্রিচের	1
ঘড়ী	1
দোড়ানোর	1
শিকারীদেরও	1
বিস্বস্ত	1
জড়াইছি	1
জড়াইছ	1
দোড়	1
রেলপথে	1
ওয়েস	1
গৃণা	1
পার্শ্বপতিক্রিয়া	1
পুটা	1
কারমা	1
বুজাইছ	1
তুইটা	1
ক্লিক্স	1
বতল	1
ক্ষতটাকে	1
দোড়াও	1
বিস্রামের	1
গ্রীষ্মকালীন	1
গুণের	1
কামড়াল	1
যেকনো	1
জংলে	1
মারাটাই	1
চাকুরিতে	1
পুটকিরা	1
দুইজনি	1
ভাগকে	1
অবস্বাদে	1
বার্মীজ	1
বাশের	1
মারশালকে	1
পাথরগুলা	1
সফিয়াকে	1
পিরত	1
টুস্কি	1
বানাচ্ছিলে	1
মৈাখিক	1
বুজ	1
অভিযোগ্য	1
এস্পার্টো	1
লক্ষ্যটাকে	1
বিরতী	1
স্পিক	1
ডাগো	1
দেত	1
পেলেছিল	1
পৈাছাতে	1
চাহনী	1
নাভারা	1
নড়তেছ	1
উদ্দিপনার	1
সৈান্যদের	1
হারাইও	1
অনুশুচনা	1
মেডেন	1
অলদ্রিচ	1
উদ্দিপনা	1
হুক্কা	1
টাকাওয়ালা	1
পুটাটাকে	1
কেএ	1
নিবই	1
ঘুরানোটা	1
নিউট্রাল	1
লগারিদম	1
সমানুপাতিক	1
দ্বিগুনের	1
ভিসিআর	1
ভিসিআরের	1
নানাভাইয়ের	1
নানুমনিও	1
ঝাঁকাবো	1
গল্পটল্প	1
ধোঁয়ামোছা	1
জলরং	1
ঘাঁট	1
শাষণ	1
রাজ্যবাসীর	1
জাদুকরবাহিনীর	1
রানীরও	1
ফুঁরোলো	1
রাজকুমারদের	1
প্রজারাও	1
সপ্তাকয়েক	1
কৃষককন্যার	1
রাজ্যবাসীও	1
রাজরাণীরূপে	1
কৃষককন্যা	1
নড়লো	1
রাণীই	1
কৃষককন্যাকে	1
ক্ষেঁপিয়ে	1
কৃষককন্যাদের	1
রাণীও	1
ঘটনাগুলোই	1
পাঁথরের	1
ব্যাগটাও	1
নাঁকের	1
ম্যালির	1
দূর্ব্যবহার	1
শাঁক	1
নানানরকম	1
ফেরেননি	1
আমেরিকানরাও	1
আসছোই	1
এবারেরটার	1
স্রোতধারা	1
দেড়শো	1
শিঁখরে	1
পৌছুলো	1
দিগন্তরেখা	1
আগেরকালে	1
প্রস্তুতকারকদেরকে	1
মানুষজনও	1
পুরহিতের	1
চিকিৎসাক্ষেত্রে	1
বাঁকলের	1
ফুঁটফুঁটে	1
দ্বারস্থ	1
হড়হড়	1
ওঝাই	1
চিমনিটা	1
ফার্নিচারগুলোও	1
চিরসুখের	1
চিরদু	1
সন্ধানই	1
লেখাপড়াটাও	1
শুনিয়েছো	1
ওটাইতো	1
রিভিশন	1
মানুষজনই	1
মানবমনের	1
ওষুধটাতেও	1
চুরচার	1
ওষুধটায়	1
কতোবার	1
মেজাজী	1
কনরও	1
সত্যটুকুই	1
প্রত্যেকটাকেই	1
বিশেষত্বে	1
ওট্টো	1
ফুকেটে	1
এনিটাইম	1
বোটটার	1
প্রদানকারিণী	1
ফ্রাংঙ্ক	1
ব্ল্যাকমেল	1
নিরাময়কারী	1
শিখতো	1
যতবেশী	1
ততবেশী	1
প্নমপেনে	1
পাচারে	1
হওয়াদের	1
আশ্রয়কেন্দ্রের	1
জোডিয়াকে	1
দম্পতিকেই	1
ডোবাও	1
ফোটাটি	1
লোকাজনের	1
পূর্বাঞ্চলীয়	1
ক্রেইনও	1
সত্তেও	1
বাচ্চাগুলোও	1
প্রাইভেসী	1
গণহত্যাকারী	1
হাইপ্রোফাইল	1
পেনজারা	1
কয়েদে	1
বন্দীদশাই	1
অধঃপাতিত	1
কয়েদখানাটি	1
পাহারটা	1
দূরকারী	1
ব্যাজম্যান	1
চার্লিজ	1
টেলর	1
সুদানীজ	1
ভিক্টিমদের	1
ওইলোকটার	1
ক্রিলের	1
ক্রিলকে	1
বডিগার্ডরা	1
দেবেতো	1
খুশীতো	1
জিনাকে	1
হাইরাইজ	1
সুইটটি	1
বৈকল্য	1
রিডারগুলোর	1
মিটারেরও	1
সিডনীর	1
পরিবেশবাদীরা	1
পেন্টহাউজের	1
নিয়মবিরুদ্ধ	1
বদলোক	1
নৌযান	1
ইন্সুরেন্সের	1
হার্বারের	1
পিয়ারে	1
টাকাতো	1
মেয়েবন্ধুটাকে	1
ভার্নাতে	1
চোরাচালানকারী	1
উত্তরপাশে	1
বুলগেরীয়	1
পূনঃস্থাপন	1
ইন্টারকন্টিনেন্টাল	1
মিসাইলসহ	1
ক্রাইল	1
সিরিউরিটি	1
বিল্ডিংটিতে	1
প্রবেশকারীর	1
চিন্থ	1
সমগ্রতাবাদে	1
ফসিলের	1
হোস্টনের	1
কুককে	1
বছরগুলোয়	1
দক্ষিণপন্থী	1
গোলিয়াথের	1
রণাঙ্গন	1
ইথনিকদের	1
ছাটাতে	1
কুর্দিস্তানে	1
চোরাচালানকারীর	1
খোঁজাতে	1
অ্যাডামের	1
অ্যাডামসের	1
মাদারফাকার	1
চিন্থও	1
ফ্লিচার	1
আসিসনি	1
এজন্যইই	1
লিজেন্ডদেরও	1
ফিল্টারটি	1
উপহারটির	1
উয়ানকে	1
হিঞ্চি	1
দেইখেন	1
খুলিয়ে	1
হিঞ্চিখোর	1
লিটলই	1
ভাসো	1
দৌড়চ্ছিলাম	1
বিলাস	1
কুগারের	1
কোপাচ্ছে	1
বেচবা	1
নাচন	1
ডিঅক্সিরাইবোনিউক্লিক	1
পির্স	1
লিটলের	1
শালিরা	1
পড়িমরি	1
পিজ্জো	1
হাসালি	1
ফুঁকতে	1
লুকাচ্ছিস	1
পারিসও	1
বিড়িখোর	1
জুড়ায়	1
মহল্লাতেও	1
বইলে	1
গালিও	1
মাফের	1
পিজ্জাটা	1
জিততাম	1
শ্বেতাঙ্গকে	1
মারিসিও	1
বদলেছিলি	1
দাঁড়াবি	1
সোনাখোরের	1
হাসেন	1
আফ্রোডেসিয়া	1
ট্রাভ	1
টাকাগুলা	1
গুনেছিস	1
পোহাচ্ছি	1
রাঁধি	1
জুকবক্স	1
রূহ	1
নাপাক	1
বাসনগুলো	1
ঝিমান	1
বদলালি	1
ছাড়ছিস	1
বোয়াদ্রির	1
টেরেলকে	1
জিটনিতে	1
তালেও	1
বুঝিসই	1
জিটানিতে	1
বেড়াবি	1
অরিগনের	1
১২৮১	1
পোয়াতি	1
কচুগাছে	1
গর্ডু	1
শীৎকার	1
জারভর্তি	1
পয়সাগুলো	1
ফ্লাওয়ার্স	1
পঙ্খিরাজে	1
প্যাট্রোল	1
চেম্বারলেইন	1
হেঁটেছিল	1
ভংচঙে	1
মেডেলও	1
থাকছিস	1
এঁটেছিস	1
হারলোতে	1
বাসাবন্দী	1
উপস্থিতিই	1
মানাবেও	1
ছ্যাঁচোড়	1
নামালেই	1
সিস্কোর	1
মাইলও	1
শাইলো	1
রুটও	1
কুইডাচোলো	1
বাঁচাচ্ছিলাম	1
আইবলের	1
ইনিংস	1
ডাণ্ডাটা	1
ভাঙ্গারী	1
চপারকে	1
হামলাই	1
বাঁচালি	1
পেরেছিলি	1
উঠালেও	1
চেম্বার্সকে	1
ল্যাচান্স	1
বোঝাচ্ছিল	1
পবিবারকে	1
রেললাইনের	1
তোল্	1
ভানুমতি	1
ব্র্যাকেন	1
ডাকনামে	1
লাচ্যান্সের	1
ছুড়তো	1
লেখেছ	1
হ্যামবার্গারের	1
চপির	1
গুয়ে	1
চপি	1
জ্বালিয়েছিস	1
ভোঁটকার	1
পেকারউডের	1
পাগলাখানার	1
মণ	1
মেন্টালটাকে	1
বদমুখো	1
টেডিকে	1
নরম্যান্ডি	1
রক্তমত	1
পালের্মোর	1
লেবুদুটো	1
প্রটেস্টান্ট	1
ইহুদিও	1
ব্রাওয়ারকে	1
মটন	1
মুততে	1
হাড়গোড়ের	1
মুতবে	1
করমিয়ারের	1
কর্ডেটের	1
ড্রেসার	1
কামারশালায়	1
ভাবিসও	1
মাইয়াবাজি	1
আবালগিরি	1
ঢনঢনে	1
মাউটি	1
লুথামার্কা	1
ডজিং	1
অ্যাবট	1
ভোঁটকাটার	1
মমির	1
জাঙ্গিয়ায়	1
সুখটান	1
হোগানের	1
গ্ল্যান্ডে	1
গ্ল্যান্ড	1
ময়েড	1
ভোঁটকী	1
ডেভির	1
ভাইবোনও	1
আন্তঃজেলা	1
উইগিনস্	1
পোর্টল্যাণ্ড	1
আঁটার	1
মহাশয়েরা	1
হাগবি	1
বিজয়মঞ্চে	1
কেকে	1
টেম্পু	1
দর্শকসারির	1
ট্রাভিসের	1
সাঙ্গপাঙ্গদের	1
গ্র্যান্ডির	1
ডোনেলি	1
যমজরা	1
বুড়িরা	1
৬৪০০০	1
হাওলা	1
কুয়াতা	1
মুখোরা	1
প্রিয়দের	1
জিজ্ঞেসই	1
ভার্নও	1
সাইমন্সকে	1
বহিষ্কারাদেশ	1
চেম্বার্সের	1
লুথামি	1
টুইংকি	1
ব্রাউয়ারকে	1
প্রমত্তা	1
অনেকটুকু	1
ব্যারামওয়ালা	1
পুঁটি	1
চমকেছিস	1
ভার্নকে	1
টেসিওর	1
বাটপারির	1
ছিঁড়ি	1
গর্ডিকে	1
পেছা	1
চান্দুর	1
বিলিই	1
গাড়ছি	1
চোদানির	1
দুদিনেই	1
হাইয়েও	1
হয়ই	1
ফর্কলিফট	1
যাবতই	1
গডমাদার	1
বাড়াওনি	1
ন্যায়বিচারটাকে	1
ক্লেমেঞ্জাকে	1
বার্জিনি	1
আজেকেও	1
পাগলগুলোর	1
জামানত	1
নাযোরিন	1
পেইজনকে	1
হ্যাগেনকে	1
কোর্লেয়নে	1
কোলি	1
ফন্টেনকে	1
স্যানটিনোকে	1
কমজোর	1
টপে	1
চিত্রশালার	1
ক্যারেক্টারের	1
ভার্জিল	1
ফন্টেনের	1
ক্লায়েন্টকেই	1
ইটালিয়ানদের	1
ওল্ত্জ	1
ইন্টারন্যাশনালের	1
বুকেও	1
কণ্ঠী	1
প্রোডিউসার	1
কোর্লিয়নে	1
ফ্রেডির	1
হ্যাগেনের	1
পোলিকে	1
মিলামেশা	1
এতক্ষণেই	1
রটাচ্ছে	1
ট্যাসিওর	1
সনিও	1
লূকার	1
লুকাকে	1
স্ট্রিট্র	1
এতোটুকুও	1
ভাঁজবে	1
পোলির	1
সিভিলিয়ান	1
রুটিওয়ালা	1
তাতাগ্লিয়াকে	1
ব্রুনোর	1
সাহেবেরও	1
পরিবাররা	1
চাইতেনা	1
হাতলে	1
ছোটাছোটি	1
অন্যদিকেও	1
গ্যংগুলো	1
গ্যাংও	1
ডেম্পসির	1
ব্রঙ্কসের	1
দাবারে	1
হলেছে	1
গার্লফ্রেন্ডকেও	1
খালাসা	1
জার্সিতে	1
ঐদিকটা	1
ববকব	1
গ্যাংদেরকেও	1
ফ্রেডোকে	1
ফ্র্যান্সিস্কোর	1
থাবে	1
কুতুবকে	1
জেনকো	1
হার্লেমে	1
ঢুকাবেনা	1
ফিতাও	1
ফ্যাবরিযিও	1
ভিটেলি	1
এসন	1
কিনসিলাম	1
খানকিমাগি	1
চুন্নি	1
বোনাসেরাকে	1
ফিউনেরল	1
লিডারকেও	1
ব্রঙ্কস	1
এসেছন	1
সহযোগীদেরকেও	1
রাজনীতিবিদদেরকে	1
সম্মানদায়ক	1
নাতিদের	1
যেউ	1
তেসিওতে	1
ফয়সালায়	1
নেভাদায়	1
পরামর্শদারা	1
মাগফেরাত	1
ব্যান্ডটাকেও	1
জুয়ারিদের	1
খাটিয়েছিলাম	1
মলিনারি	1
গ্রিনের	1
টেলিফোনওয়ালাকে	1
সামলাবই	1
ভরব	1
অ্যান্টনি	1
ফাসাবে	1
তেসিওর	1
ব্যাপ্টিজমের	1
খ্রীষ্টানদের	1
ঘোষ্টে	1
কুকর্মকে	1
জাঁকজমককে	1
ব্যাপ্টাইজ	1
গডফাদারকে	1
চৌপট	1
ফুসলিয়েছ	1
তাতাগ্লিয়াও	1
পাকরাও	1
দেখামুনে	1
জন্তুটার	1
বিরাল	1
ফালাইসোস	1
রান্ধার	1
হইবোরে	1
২০রিয়েলস	1
তুলতেসেন	1
ওরটাও	1
গুরত্ব	1
দিতেসে	1
২০০০রিয়েলস	1
যাইতেসি	1
ইন্দুরগুলা	1
কিয়ের	1
চাইতাসোস	1
আইলি	1
আইতেই	1
তেইল্লাচুরা	1
চাইতাসে	1
আইসোস	1
কানগুলা	1
আজকা	1
দিতাসে	1
আনসি	1
লকারগুলার	1
একলগে	1
সামলাইতাসি	1
কাল্লুর	1
পড়সিলো	1
দিসিলি	1
কোভা	1
এইট্টুক	1
ইস্পিড	1
লিংকতো	1
ধার্মিককে	1
এক্টিভিস্ট	1
রাখসিলো	1
আন্দোলনেও	1
নামসিলো	1
পুঁইতা	1
ফালাইসে	1
খেলতাসোস	1
ফোট	1
ধরাইন্না	1
ফালাইবি	1
ট্যাকাটা	1
মাইনা	1
জিত্তাসি	1
পাইসিলাম	1
রেস্পেক্ট	1
হারামখোরের	1
সান্তোসকে	1
হওয়াইতো	1
চাইতেসোস	1
জিরাইতে	1
পড়সে	1
পুলিশগুলা	1
কইতাসিলো	1
সান্তোসরে	1
বেটাডা	1
ফেতারা	1
থাকবিনা	1
শুইনা	1
কার্যতভাবে	1
কুড়াইতেসি	1
টস্ত্র	1
কুকুরগুলাকে	1
ঢুকেছিস	1
জেনেছিস	1
১০মিলিয়ন	1
ব্যাগগুলা	1
ফেভর	1
এঞ্জেলোর	1
ক্ষতম	1
বুনেছিলেন	1
ভুগেছেন	1
পুলিশদেরকে	1
সাক্ষাৎপর্ব	1
বাইবেলটায়	1
স্তবক	1
১০০০রিয়েলস	1
কইলেন	1
বাইবেলটার	1
ভাবতাসোস	1
বানাইবেন	1
জিগাইবেন	1
ভাগারের	1
সমালোচনাটাকে	1
পাইতাসোস	1
অসহায়গো	1
অলিভিয়াটা	1
জমাইসি	1
বাঁচাইবো	1
দৌড়ামু	1
রেও	1
টলাইতে	1
চিনোস	1
করসোস	1
সময়ডা	1
বলদই	1
বাঁচাইসে	1
করতাসোস	1
ভরসাই	1
পড়তাসেনা	1
কইসিলেন	1
পারতাসিনা	1
বুজতাসিনা	1
সংখ্যাডা	1
এইখানেও	1
নাম্বারগুলা	1
ট্যাকাগুলা	1
খুজমু	1
খুজুম	1
যেইকোন	1
জায়গাতো	1
এঞ্জেলোরে	1
জীবনপ্রদীপ	1
কওয়াডা	1
পিষবি	1
পিষতেই	1
মানাইয়া	1
নাইতো	1
ভাবতেসোস	1
দিতেসি	1
বাঁচাইয়া	1
জিতাইয়া	1
যবাই	1
আউটলেটরা	1
৫৩৪	1
এটারনাল	1
২২৪	1
১৫২	1
ইউনিভারসাল	1
৭৮৬	1
৫৫৭	1
৪২১	1
রাজপথে	1
অভিযানকারীরা	1
ত্বরাণ্বিত	1
আন্দোলনকারীরা	1
ইয়ামারে	1
কাঁটাছেড়া	1
মেগাবট	1
ইয়ামাকে	1
দোস্তগণ	1
পেয়েছোটা	1
করেছো	1
গর্ধভ	1
ঠেলাতে	1
ক্যাসের	1
বলছো	1
ছাড়বোনা	1
ওতোটা	1
চৌম্বকিয়	1
টাংস্টেন	1
কার্বাইডের	1
ভঙ্গুরক	1
হানিকে	1
হঃ	1
ওয়াসাবির	1
লেসার	1
ডাক্ট	1
টেইপ	1
সচকিত	1
ঘষটে	1
ব্যাকটেরিয়াল	1
স্প্রের	1
ব্যাসিট্রাসিন	1
ব্যাসিট্রাসিনে	1
বাদামে	1
দশহাজারেরও	1
ভাইনল	1
বর্ণালীযুক্ত	1
তন্তু	1
একচুয়েটর	1
লিথিয়াম	1
ক্যপাসিটারে	1
বেয়ারিংয়ের	1
ক্যাটমুল	1
স্প্লাইন	1
অরো	1
সূযোগদানের	1
সেইরমই	1
আহাঃ	1
ঝাকিয়ে	1
ঝাকানো	1
প্রযুক্তিটা	1
কাইন্দনা	1
ডিওড্র্যান্ট	1
ব্রেথ	1
পাবনায়	1
কাঁচিই	1
জোড়াতে	1
দৃশ্যটাই	1
প্রয়োগশীলতা	1
যাতায়তের	1
পাগলু	1
পৌছাতেই	1
চাঁ	1
মাতসুদা	1
ছুড়িদের	1
রেজিষ্ট্রেশনের	1
ভূগছো	1
নিউরোট্রান্সমিটার	1
বয়ঃসন্ধি	1
কামনাও	1
পদার্পনরত	1
বয়ঃসন্ধিকাল	1
বিভান্তিকর	1
মাইক্রোবটদের	1
জুগিয়েছে	1
পূর্ববস্থায়	1
মাইক্রোবটস	1
ডিফিব্রিলেটর	1
অতিন্দ্রিয়	1
লিখিয়েছিলে	1
বেইম্যাক্সও	1
ত্যি	1
লৌ	1
জিহবায়	1
বিলাইয়েরই	1
অন্ত্যত	1
মেদহীন	1
অঃ	1
চিকিৎসাগুলো	1
ধরালো	1
বলনটা	1
বর্মটার	1
ক্যারাটে	1
বেয়ারস	1
ডেটাবেজে	1
ক্যরাটেও	1
আবুল্যার	1
বাঁচাইতেছি	1
লোকটারে	1
মাইক্রোবেটগুলো	1
খাইতেছি	1
চাইতাছো	1
পৌছায়ো	1
ব্লিংকার	1
জখমগুলো	1
তাপমানও	1
কাসা	1
ট্রিজের	1
আইনানুগভাবে	1
দাবড়ানি	1
তাপমান	1
জানিতো	1
সংবলিত	1
স্লটার	1
এমডি	1
নকশাবিদ	1
চ্যাজলটিক	1
অ্যানাইলেটর	1
এক্সওয়ার্দি	1
স্ট্রাক্ট	1
ট্যা	1
কোলেস্টরলের	1
নিরূপন	1
লক্ষেই	1
ফ্রান্সোকিওর	1
সারাজীবনেও	1
বেইম্যাক্সের	1
মেগাবটগুলোর	1
দেখাইতেছে	1
চুবাস	1
ওড়াটা	1
বাঁচাইলা	1
অস্থিরতার	1
কর্মদক্ষতার	1
মারাত্মকই	1
উচ্চতাকে	1
রোগসংক্রমন	1
পূনরাবিস্কার	1
স্বতঃস্ফুর্ত	1
এসছেন	1
নভোযানটির	1
পোর্টালটাও	1
ক্ষেত্রটা	1
গবেষনাটা	1
মাইক্রোবটগুলোর	1
বানায়ালামু	1
গ্যাছি	1
নাচাবো	1
কাইট্টালামু	1
কাইটালামু	1
তেলেসমতি	1
অগ্নিকান্ডে	1
প্রটোকলটি	1
লঙ্ঘিত	1
স্ক্যানারটা	1
ওড়ো	1
ক্ষতিগ্রস্থদের	1
হ্যলো	1
৩৩তম	1
৮৪তম	1
থামো	1
চত্বরটি	1
এবিগেলকে	1
একশানে	1
আইটা	1
ছিইড়া	1
পারতাছিনা	1
উথাল	1
পাথাল	1
মেগাবটগুলোরে	1
ওইগুলার	1
ওহোও	1
চলতাছে	1
সাইনগুলোতে	1
অস্তিত্বটি	1
টেকের	1
রোগীটির	1
বাতলাবো	1
উড়েছো	1
স্বাস্থ্যই	1
পরিস্কারকার্য	1
ফ্রান্সকিওর	1
বাসিন্দার	1
হিরোরা	1
সাফল্যগুলো	1
বিষয়টিই	1
জেতেনি	1
ম্যাথিউসের	1
মাদকসেবীরা	1
ঢোকানোই	1
বিভাজকের	1
যেখানকারই	1
বায়োমেকানিক্যাল	1
বস্তুও	1
অ্যাসল্ট	1
ড্রোনদের	1
ট্রাইটন	1
সেজনা	1
ট্রিট্মেন্ট	1
ঠকবে	1
প্রতিবারে	1
ট্যালসকে	1
যন্ত্রাংশগুলো	1
ব্রিয়ারিওসকেও	1
মানুষটিই	1
ক্ষমতাবানদের	1
রইলনা	1
ক্ষিপ্রগতির	1
চড়ালে	1
দৌড়োও	1
মরিচই	1
বেজন্মাগুলোর	1
ট্যালোস	1
পরীক্ষাধীন	1
তথ্যাবলি	1
অলিম্পাসেও	1
অস্ত্রমুক্ত	1
ট্যালোসের	1
অস্ট্রিচ	1
শক্র	1
অকৃতজ্ঞতা	1
অ্যারাখনয়েড	1
ব্যাটলশিপ	1
রাগি	1
অস্ত্রটার	1
শক্রর	1
ঘটাচ্ছি	1
জেনারেটরটি	1
মডেলটি	1
মানবীর	1
রিসিপশন	1
ব্রিফকেসটার	1
হ্যাটও	1
ছাপাতেও	1
কসমের	1
অতুলনীয়া	1
কাটলেই	1
সপ্তাখানেক	1
চলনশীল	1
শাব্দিক	1
বিষয়টাই	1
তাৎপর্যময়	1
দাগটি	1
গ্রীষ্মেই	1
ভয়াজ	1
উভয়কেই	1
গড়েছে	1
প্রজননের	1
প্রজন্মান্তরে	1
কিচ্ছুক্ষণের	1
হাইপোথিসিস	1
অণুবীক্ষণ	1
বিবর্তনবাদ	1
কুকুরেটার	1
বুলাচ্ছিলে	1
সায়ামিজ	1
লেজকাটা	1
খাইয়েছিলে	1
গর্ভবস্থার	1
ষষ্টতম	1
কৃত্তিমভাবে	1
ল্যাপটপটা	1
সিজনস	1
৭৩৪	1
বিভাজিত	1
থিওরীই	1
মার্বেলের	1
থিওরীর	1
বিপাকক্রিয়া	1
নিউক্লিয়াসের	1
লিভারও	1
লাইফস্টাইলে	1
পিঁয়েরে	1
বাঁদিক	1
পদার্থটা	1
ব্যক্তিকেও	1
তোমরাতাকেআটকেরাখনি	1
প্যাকেটগুলো	1
চালাইনি	1
প্যাকেটটা	1
কান্টিয়ে	1
রিয়ার	1
কামরাটাকে	1
স্পন্দনের	1
মাপদন্ড	1
মাপদন্ডের	1
গাড়ীটিকে	1
নিউক্লিয়াসকে	1
চং	1
যু	1
তামবিয়ান	1
আবলো	1
পোকো	1
ইস্পানাল	1
স্প্যানিশও	1
কোরিয়ানে	1
কেনরে	1
শালীর	1
বেটীতো	1
ডাসা	1
মালরে	1
টিপিস	1
খবরবল	1
আজবঘটনাহয়েছেবস	1
তারাকোথায়এখন	1
আমিতাদেরফলোকরছি	1
পুলিশেরসাথে	1
তোরানজররাখ	1
মাগীটাচিনেনাইএখনওআমারে	1
টিমঃ	1
মাছে	1
সরব	1
গল্পকার	1
সিয়োর্সি	1
নেটেল	1
গুজবেরি	1
গলাগলি	1
ব্রুনাক	1
কুকে	1
ফুঁসতে	1
তোয়ালেগুলো	1
সেলকিকেই	1
সপাদ	1
মসিকেই	1
তান	1
মসি	1
গাইলা	1
গাইতেন	1
ক্লোনমেলন	1
ম্যাকেরেল	1
আলোকেই	1
গোলচত্বরের	1
আলোগুলোই	1
পেঁচাদেরকেও	1
বাজিও	1
বিষকাঁটার	1
কলমী	1
শর্টকাটও	1
সালশা	1
শোনাতো	1
যাতনায়	1
ঝরিয়েছিলেন	1
জাগলো	1
সালকা	1
সেলকিরটা	1
গজাচ্ছে	1
গাইলে	1
সিয়ার্সোকে	1
বয়ামের	1
মানবসন্তান	1
বেচারীর	1
ভ্রমণকে	1
গল্পগুলোয়	1
আলহামদুলিল্লাহ্	1
ব্যাঙকে	1
খোঁচাখোঁচি	1
লেজেন্ডারি	1
মোর‍্যাগ	1
ধারেকাছেই	1
মৌলবাদ	1
আদিগোষ্ঠী	1
জান্ডারিয়ানরা	1
কোরাথ	1
জান্ডারবাসী	1
থাপড়াতে	1
হাসনরাজাকে	1
ফোয়ারার	1
মেশিনহেড	1
লঙ্ঘনকারী	1
গলাবনা	1
স্টেটমেন্ট	1
নির্মমমভাবে	1
টাইটান	1
লুঠেরার	1
খাটেনা	1
হুক্	1
সুইড	1
ডিসট্রয়ার	1
ভৃত্যদের	1
ওভেত	1
ক্যামারিয়াকে	1
র‍্যাজাক	1
ঘাই	1
রাখবনা	1
রোনানকেই	1
দুষছেন	1
কূটনীতিতে	1
ওয়াচটাওয়ারের	1
প্লেবয়	1
বিশালাকৃতির	1
র‍্যাঞ্জার	1
ভরছিলাম	1
উড়াবেনা	1
বায়ারকে	1
বায়ারদের	1
বায়ারটা	1
অমরাত্মার	1
ছ্যাঁচড়ারাই	1
ছ্যাঁচড়াদের	1
ক্লায়েড	1
স্ট্যামোস	1
ওরলোইনি	1
কষাকষির	1
ফুটলুজ	1
প্রাণীজগত	1
প্রত্নসম্পদ	1
ফরমালিটিজ	1
ভালোমানুষি	1
গ্যাল্যাক্সিকে	1
গ্যাল্যাক্সিতেই	1
নোভার	1
পডটায়	1
নেক্রোব্লাস্টদের	1
পডগুলো	1
নহয়েরের	1
জান্ডারকে	1
সেন্টিমেন্ট	1
তুলোধোনা	1
উড়াতাম	1
বিশেষকিছু	1
পার্টের	1
আয়ুকাল	1
ডাবলক্রস	1
ব্যাকনের	1
আস্বাদন	1
আঁকুপাঁকু	1
গ্রূটকে	1
অভার	1
দেবদুতের	1
লেইনে	1
জুতিয়ে	1
সাইন্টিস্ট	1
ব্যোম	1
কসমোলজিস্ট	1
সৃষ্টিতত্ত্ববিদ	1
সৃষ্টিতত্ত্ববিদগণ	1
গড়বড়ে	1
পরীক্ষকগণ	1
ক্লাসই	1
তুষ	1
কোয়াক	1
কোয়ার্ক	1
পূর্বেরটির	1
দুর্জেয়	1
উইগস	1
পেফোন	1
লুচ্চা	1
ক্রকেট	1
পেরছ	1
শায়ামার	1
ওয়াগনারকে	1
গ্র্যাজুয়েটকে	1
ধর্মান্তরের	1
একনায়কের	1
আইবেরিয়ান	1
পেনিনসুলার	1
পেইন্টারকে	1
পেইন্টিংগুলো	1
ব্লেইক	1
এল্ডারফ্লাওয়ার	1
প্যালেস্টাইন	1
অপার্থিব	1
জেইনকে	1
ইসবেল	1
অংশগ্রহণের	1
টাইড	1
ফ্লুরোসেন্ট	1
নক্ষত্রই	1
কুড়িই	1
স্বপ্নবিলাসীর	1
কাঠামোহীন	1
ফিফটিনসার্ভিসট্রেনএখন	1
নম্বরপ্লাটফর্মছেড়েযাচ্ছে	1
লন্ডনএবংকিংসরোএরউদ্দ্যেশ্যে	1
মহাকর্ষীয়	1
পদার্থগুলো	1
ক্ষুদ্রতে	1
একত্ব	1
পেনরোজের	1
শুরুটাকে	1
প্রক্রিয়াটাকেই	1
ঘোড়ানো	1
ঘোড়াচ্ছ	1
উৎকর্ষতা	1
খিল	1
স্নায়ুতাত্ত্বিক	1
শ্বাসক্রিয়া	1
আবশ্যিক	1
সিগন্যালগুলো	1
ক্যামব্রিজ	1
পদার্থবিদের	1
উদ্ভত	1
শীতযাপনের	1
যৌনব্যাধি	1
গেরিগ	1
শিক্ষণীয়	1
মার্থার	1
প্রণয়	1
স্ক্রডিঙ্গার	1
থর্ণ	1
তত্ত্বেই	1
রজারের	1
ধারনাগুলোই	1
অসংজ্ঞায়িত	1
অক্সফোর্ডেও	1
আলস্যের	1
ডিসট্রিক্টে	1
বিকিরণে	1
পার্টিকেল	1
ক্রাঞ্চ	1
খালাত্নিকোভ	1
ওল্ডম্যান	1
থর্নের	1
সাবস্ক্রিপশন	1
বারেবারেই	1
সোপ্রানো	1
সপ্তক	1
মেজ্জো	1
কনুইটা	1
সৃষ্টিতত্ত্বে	1
অপ্রাসঙ্গিকতায়	1
সৃষ্টিকর্তারও	1
পদার্থকে	1
হালেলুইয়া	1
নাস্তিকতা	1
থিয়োরিতে	1
পাশাই	1
লিউকোমিয়া	1
উচ্চাভিলাষীও	1
জগৎবিখ্যাত	1
জনাথনের	1
টিমোথির	1
বাচ্চারদের	1
স্টিফেনেরও	1
বোরডিয়াক্স	1
জনাথনকে	1
বায়ুরন্ধ্র	1
শ্বাসনালীতে	1
অস্ত্রপচার	1
দরোজাটা	1
শেখালেন	1
নিয়ন্ত্রণযোগ্য	1
ইচ্ছানুযায়ী	1
অ্যালফাবেট	1
বক্তব্যগুলোকে	1
উপহাস্য	1
ইলেইনকে	1
নারীকন্ঠ	1
১৯৬৩	1
অসম্ভাব্যতাকে	1
সেকালের	1
বহুদূরের	1
ঊষালগ্নে	1
লিবারেল	1
নাইটহুডের	1
কনসোলের	1
জার্নিটার	1
নাস্তাটা	1
হ্যাংওভার	1
গিললে	1
অক্সিডেন্টস	1
ভাণ	1
ব্যাপারগুলা	1
আরেকটায়	1
কাবার্ড	1
ভাবছিলামই	1
স্বাক্ষরকারী	1
থাকিবেন	1
ফোরামে	1
গুঁতিয়ে	1
কম্পিউটারটার	1
জড়তা	1
বাণীটা	1
নহ	1
মেশিনটাকে	1
আবিস্কারটা	1
দেখিয়েছি	1
ঘোস্টবাস্টারস	1
ঘোস্টবাস্টার	1
ওরাল	1
ক্লকের	1
ব্যাকরণের	1
পাক্ষিক	1
উইটজেনস্টেইন	1
শতাংশই	1
অরিগন	1
জড়ালাম	1
সুরকার	1
ডিপেশে	1
মোডকে	1
সবেই	1
সেসবও	1
ফেলায়	1
নিখুঁতই	1
পুড়িয়েছি	1
মুখভঙ্গি	1
কাণ্ডটা	1
মুখভঙ্গির	1
ফোনগুলা	1
প্রস্তুতকারী	1
কাঠামোবদ্ধ	1
পুনর্বিন্যাস	1
গঠনও	1
ওয়েটওয়্যার	1
ভাবনাতে	1
সমুদ্রপারের	1
করেটা	1
চটিমার্কা	1
যোগাযোগেই	1
ইঞ্জিনগুলো	1
তাড়না	1
প্রবাহমান	1
ক্ষুদ্রানুভূতিতে	1
বাক্সও	1
চিন্তাশীল	1
আবশ্যিকভাবে	1
রানের	1
এনগেজ	1
বিভ্রান্তের	1
ঝলকে	1
ঠকবাজি	1
টাইপটা	1
সমীক্ষা	1
পরিবেশগতভাবে	1
উদ্দেশ্যপ্রণোদিত	1
ট্রেকের	1
কার্ক	1
চিন্তাহীনভাবে	1
ছিটানোর	1
চ্যালেঞ্জটা	1
তরঙ্গদৈর্ঘ্য	1
জ্ঞানও	1
লোডশেডিংটা	1
ওভারলোড	1
প্রোগ্রামারকে	1
রুটিনে	1
ফরম্যাট	1
দেহটাও	1
ধূলিতে	1
কাব্যপ্রতিভা	1
ভেজানো	1
নিঃসীম	1
প্রমিথিয়ান	1
নাতিপুতিদের	1
আদিখ্যেতা	1
ভ্রমণও	1
ভেজাই	1
নাটকীয়তায়	1
ভদকাটা	1
স্রষ্টাকেই	1
বুদ্ধিমত্তাকে	1
সহমর্মিতা	1
রাজপুত্তুর	1
প্রেমিকাবিহীন	1
পর্ণোগ্রাফি	1
এগুতো	1
আরোবাংলা	1
আরোবাংলাসাবটাইটেল	1
আরোবাংলাসাবটাইটেলপেতে	1
আরোবাংলাসাবটাইটেলপেতেভিজিট	1
সত্তি	1
ছাউনী	1
নাড়িভুড়িকে	1
প্রতিরোধমুলক	1
নাড়িভুড়িও	1
সেখমেট	1
অবস্তিত	1
যার্নির	1
এমুন	1
লিডারগিরি	1
হিত্তীর	1
রথটি	1
বলিষ্ঠভাবে	1
আগ্রহিত	1
প্রবন	1
পিতম	1
পাারেন	1
সাত্বনা	1
মৃত্যহার	1
জন্মহারের	1
প্রতিপালনের	1
ক্রুন্ধ	1
রাষ্ট্রদ্রহিতার	1
ইসরায়েলিটি	1
একেরপর	1
ইব্রাহিমের	1
হারেমহেব	1
সভাসদের	1
নহর	1
সমকালীন	1
প্রিথম	1
আসিতেছ	1
শৃংখল	1
প্যারামাসের	1
দেোয়া	1
চিকিতসক	1
বিষাদগ্রস্থ	1
পিথম	1
আলোচ্যসুচি	1
পিথমে	1
পমিানে	1
অনান্য	1
হিব্রুর	1
অবষ্থায়	1
উদ্যেগের	1
বক্কৃতা	1
মর্যাদাবান	1
জিঙ্জাসা	1
জিঙ্জাস	1
কিয়ান	1
তু্লে	1
মুর্হুত	1
স্বরন	1
ছোটর	1
অলিক	1
পরিপুর্নভাবে	1
জারসহোম	1
জোহরা	1
চেখ	1
একাকিত্বর	1
হঠা‍ৎ	1
আত্বরক্ষা	1
জোসুয়া	1
হ্রদপিন্ড	1
হ্রদপিন্ডে	1
পারেব	1
সবকিছূ	1
বলাব	1
শক্তিক্ষয়ের	1
ইশ্বরদের	1
কেবিনেট	1
বিনয়ীভাবে	1
নদ	1
পচাবে	1
কীটপতঙ্গ	1
কল্যানের	1
কোটার	1
দ্বীগুন	1
শ্বাস্তি	1
সমন্বয়হীনতা	1
প্রানীতে	1
ক্যাবিনেটে	1
ঘনফুট	1
শস্যভান্ডার	1
সম্পুরক	1
করুনার	1
মৃত্যমুখে	1
প্রত্যক	1
নদে	1
এখন্ও	1
নির্দয়ভাবে	1
ফেরাউনদের	1
ভিক্সা	1
খিয়ান	1
অপ্রযোজনীয়	1
মুঘ	1
মাতৃভুমিতে	1
দাসকে	1
অধিগ্রহন	1
পশ্চীম	1
সমুদ্রতীর	1
রথের	1
নাআমি	1
রাস্ত	1
কখন্ও	1
তোমার‍া	1
দেখাই্ও	1
অনঢ়	1
জহুয়া	1
খৈয়ান	1
উদ্দিগ্ন	1
দেৌড়	1
টাইনির	1
বুম্	1
কাপাঊ	1
তেঁতোই	1
রাঁধছে	1
আ্যমাজন	1
এক্সপিডিশন	1
অদোন্তফোরাস	1
গুজানেনসিস	1
পাখিটিকে	1
চাইছেনা	1
প্যানকেকে	1
ব্লুবেরিসের	1
ব্লুবেরিস	1
জেনিরোর	1
আশ্রয়স্থলে	1
অ্যামাজনটা	1
বিপদাপন্ন	1
বৃক্ষপ্রেমি	1
মুস্তাক	1
হাওলাত	1
খানকেও	1
মনমত	1
ঝাড়াবে	1
চারাবে	1
চারানো	1
রাক্ষুসে	1
অ্যামাজনের	1
অ্যারোসল	1
পিউরিফায়ার	1
খামাখা	1
কার্নিভালে	1
ভূস্বর্গে	1
প্রাণবিহীন	1
নির্যতন	1
গ্যাবি	1
রিওর	1
মায়াময়ী	1
কাকাতুয়া	1
জ্বলাবে	1
কাকাতুয়া	1
শেক্সপেয়ার	1
প্যাসেঞ্জারগুলো	1
স্থানেও	1
দুষ্টামিতে	1
শুকাতে	1
গুন্টার	1
জেলিফিশগুলোর	1
ফুটেছিল	1
স্বর্ণখনিতে	1
নক্সে	1
বাসনার	1
অবরুদ্ধকারী	1
কেন্টাকি	1
চিপ্	1
লেগছে	1
শাস্ত্রবিদ	1
এনপিআর	1
পরিত্যাজ্য	1
মান্না	1
সেরেছিলাম	1
চেলারা	1
হটেছে	1
আবারা	1
ইবলিশের	1
বস্তুটা	1
আটকালাম	1
প্ল্যনটা	1
গুলগুলে	1
চাটি	1
ঝুড়িভর্তি	1
সীলটার	1
ইন্টিলিজেন্স	1
ডিস্ট্র্যাক্টিভ	1
প্যাডে	1
ব্রায়ানকে	1
ডাচ্	1
ভেড়াটাকে	1
ড্রিক	1
সঙ্গমই	1
ব্যায়ামের	1
বেইবি	1
ভোম্বলদাসগুলোকে	1
অপশনই	1
বাক্সগুলোতে	1
২১৮	1
ডেক্সটারকে	1
ফারাবি	1
পেগুইনের	1
পেঙ্গুইনগুলোকে	1
পেঙ্গুইনকেও	1
পোলাপানগুলা	1
সৈন্যগণ	1
রাগাস	1
খরের	1
গুয়াডালাহোরা	1
ডুসেল্ডর্ফ	1
জেনেরিও	1
রোউগ	1
জেন্ট্	1
লমেন্ট	1
স্পৃহার	1
মোটকাগুলা	1
জলযান	1
টয়লেটটা	1
স্কিপারের	1
ডায়েটের	1
হোমিং	1
৮৯২	1
৮৯৩	1
৮৯৪	1
৮৯৫	1
পেঁচাল	1
পাখনাই	1
আনারসটাকে	1
কোলস্কি	1
তাকাচ্ছিও	1
প্ল্যানটাই	1
শুঁড়গুলো	1
ইয়াহুউউ	1
ফুটানোটা	1
সমালোচকদের	1
সাথীদেরকে	1
জীবনভরেই	1
ম্যনহাটনে	1
আম্মাগো	1
টিপেছি	1
টিপেছ	1
এজেন্টবৃন্দ	1
অক্টোপাসও	1
হেডকোয়ারর্টার	1
পালাচ্ছিও	1
মহাযজ্ঞের	1
বানালি	1
অক্টেভিয়াস	1
উচ্ছেদকারীদের	1
উচ্ছেদকারীরা	1
স্কিপারকে	1
ক্যাটাগরির	1
সিরামকে	1
নির্দেশকে	1
পাণ্ডু	1
বেড়ালছানাদের	1
ফেলু	1
গ্লোবগুলোর	1
অক্টোপাসদের	1
নেহিইই	1
রেমিরেজ	1
শোধরানোর	1
অগ্নিকুণ্ডে	1
প্যাকগুলা	1
রকেটে	1
ব্যথ্যা	1
ইয়াহুউ	1
গ্যাব্রিয়েলের	1
রূপটাকে	1
সতেরতম	1
বুকলেট	1
জোলোফট	1
লেক্সাপ্রো	1
রিচার্ডস	1
মায়ালোয়েড	1
লিম্ফোব্ল্যাস্টিক	1
পিজে	1
নিউরোব্ল্যাস্টোমা	1
ইয়েতে	1
ডিভোর্সড	1
টন্ধু	1
ক্যান্সারসুন্দর	1
উপশহর	1
ক্যান্সারটা	1
আটখান	1
পাতিও	1
স্পিন্ডল	1
সার্কোমা	1
রেটিনোব্ল্যাস্টোমা	1
অস্টিওসার্কোমা	1
ক্লিওপেট্রা	1
মোজার্টকে	1
কোটিবার	1
কিলারও	1
ধরাইনি	1
চতুর্থবার	1
ইনস্ট্রাক্টর	1
থেমেও	1
অ্যান্টিবায়োটিক	1
ক্যান্সারনগরে	1
সেসবের	1
ফ্যালাংক্সিফোর	1
এসএসসি	1
এমসিসি	1
পরিশীলিত	1
পর্ণকুটিরে	1
অগাস্টো	1
পেত্নি	1
গল্পরূপ	1
পরাক্রমশীলতা	1
যৌনরোগ	1
গোলমরিচ	1
বেরির	1
অ্যান্টিঅক্সিডেন্ট	1
রংটাতে	1
নারীপ্রজ্ঞা	1
লাত্থাতে	1
লাগিও	1
ট্রফিটা	1
এন্ডিংটা	1
বৈরাগী	1
হাউটেনকে	1
অভিমতের	1
গ্রেইসের	1
লিখবও	1
বাবাগো	1
গুরুগম্ভীর	1
পানোৎসব	1
লেখনিতে	1
সিক্যুয়েলের	1
মিরাকলের	1
এপকট	1
ঘোরাটা	1
গুফির	1
নড়ন	1
চড়ন	1
কাটিনি	1
রানীকেই	1
বৃত্তটা	1
ভার্জিনদের	1
একপেয়ে	1
বোনস	1
হোয়েপ	1
লিসহাউট	1
ডাচই	1
টিহ্ন	1
স্বগোক্তি	1
জনিয়েছি	1
স্ক্যানটা	1
ছুটিই	1
বিভূঁইয়ে	1
ক্যান্সারও	1
বিশেষরকম	1
জিনিরা	1
পানিটাকে	1
ফ্যালানক্সিফোরের	1
গ্রোথটা	1
পালত	1
আকাশটার	1
দুঃখীমার্কা	1
বসিয়েছিল	1
সামান্যতমও	1
আগাক	1
দোলনাটার	1
প্রীতিপূর্ণ	1
শিশুকামী	1
বরাতে	1
ঘুরবোই	1
ল্যাঙ্কাস্টারেরা	1
ফিচলা	1
ক্যানুলা	1
১৭২১	1
বোর্ডিংয়ের	1
এক্সাইটিং	1
রূপকটা	1
অ্যাটেন্ডেন্টরা	1
কাচগুলো	1
পরবেটা	1
দুরাচারের	1
শ্যাম্পেইনটা	1
পেরিনিয়ন	1
ওরাঞ্জিতে	1
বোতলবন্দী	1
রিসোটো	1
রিসোটোটা	1
পরারটা	1
পোহালাম	1
পনেরোতম	1
রোদন	1
ম্যাগ্রিতের	1
শার্টও	1
সিদ্দান্ত	1
হপের	1
বমফালেরালা	1
ব্যবধানটা	1
কচ্ছপটাকে	1
ক্যান্টরের	1
সাহিত্যিকমার্কা	1
টাবনায়	1
গোণায়	1
তোমতা	1
অনেকগুণ	1
আকাজের	1
বুককেস	1
নিষ্ঠুরতারও	1
ওটো	1
সুখটাকে	1
গগ	1
যকৃতে	1
চেরাগ	1
মরছো	1
ঘেন্নাকর	1
ম্যাসেজও	1
ঢিলাব	1
ঢিলাও	1
ঢিলাতে	1
ঢিলিয়ে	1
আড়াইখান	1
প্যাকেটটার	1
টারিয়ে	1
ঠেলাগাড়ি	1
ঠেলাগাড়ির	1
বৃষ্টিস্নাত	1
ঠেলাগাড়িটা	1
টিউবটার	1
পর্যবেক্ষকের	1
কেমোর	1
ছাপায়	1
রেগেছি	1
নির্মমতাটা	1
স্মরণিকাটা	1
দুপুরেও	1
সমাজকর্মের	1
কাউন্সেলিং	1
ডায়াস	1
নিজেরটায়	1
স্মরণিকায়	1
তুমিহীন	1
ওয়াটার্সবিহীন	1
প্রেমকাহিনীর	1
হওয়াও	1
১১২	1
আটদিন	1
জরি	1
চুমকি	1
রাঙানো	1
আতা	1
উৎঘাটন	1
তুলেছি৷	1
মুসলিমরা	1
আফগাণিস্তানে	1
২৬৷	1
পালাতক	1
করছি৷	1
উমম্	1
র্কাল	1
আশ্রয়গুলিতে	1
নােমর	1
ত্রই	1
বংশনাম	1
থাল	1
বদমাশটাকে	1
সিলভেরসেক্	1
বাের	1
রশিদগুলো	1
সাইপ্রােস	1
ফ্রাংন্কফুটে	1
ডিন্কেলম্যান	1
ব্যাংকারকে	1
কথাা	1
রাশিয়ানটা	1
পেয়েেছন	1
মনেকরিয়ে	1
শর্তোনুযায়ী	1
হয়েছে৷	1
দস্থখত	1
চেঁচনিয়া	1
বিয়েসাধির	1
যাচ্ছে৷	1
পুরুষরেই	1
এর্পাটমেনন্টা	1
ওকটেই	1
র্জামান	1
নাগরিকত্বের	1
৷সম্ভবত	1
উপায়ন্ত	1
বার্লিেন	1
চেচেনটাকে	1
আবদুল্লাহর	1
রাখুন৷	1
এখোন	1
পুরুেষর	1
ফ্রিই৷	1
পর্যলক্ষিত	1
জিহাদীদের	1
সালাফি	1
গ্রুেপর	1
পরপরেই	1
রাশিয়ানকে	1
দাগি	1
সম্প্রদায়েগুলোর	1
তৎপরতার	1
এক্সর্লড	1
সমাধাণ	1
জায়গাটার	1
মালেখ	1
সাক্ষাত্	1
উকল	1
অত্যাচারীত	1
রোজস্কাই	1
বিধিসন্মত	1
চেচনিয়ায়	1
ফ্রাউলিইন	1
প্রায়শ	1
লিপিজ্জানার	1
প্রক্রিয়াটি	1
ব্যবহূত	1
সঙ্কিত	1
সম্প্র্রচার	1
গ্রহিতার	1
৩৪৪৮	1
ঘনই	1
মাননসই	1
ফ্রেরিস	1
গ্রহীতার	1
সূটক্যেস	1
সংকিত	1
উপকরণটা	1
কার্যসাম্পাদনে	1
জটিলতাই	1
ব্রাহাম্স	1
আগুন্তকের	1
গুজিয়ে	1
হিসাবপত্রের	1
ব্যাংকারই	1
ঠেকান	1
ঠুস	1
গ্রিগরিয়েভিচ	1
লিপিজ্জান	1
কার্যসম্পূর্ন	1
৷এটা	1
উপকরণের	1
জীবী	1
চেচনীয়দের	1
রক্তেরঞ্জিত	1
তুরস্ক	1
অপ্রাসংগিক	1
ফ্রউলিইন	1
পাশ্চাত্যের	1
গুয়ানতানামো	1
খোপে	1
পচতেছে	1
করেলেন	1
ধুইলে	1
করাবও	1
যাবারা	1
মক্কেলর	1
পুর্ণবিবেচনা	1
বদলালেন	1
যাকাত	1
দানশীলতার	1
চর্চায়	1
ক্ষুরও	1
ফ্লোরিয়েন	1
মুখী	1
সাহেেবর	1
শিকলটা	1
ঘাঁটার	1
এগুচ্ছেন	1
ছেড়েছিল	1
জিবুতির	1
ইয়েমেনের	1
ক্রয়ে	1
কায়দা	1
হদিসহীন	1
মনেকরেন	1
উড়াচ্ছেনা	1
উদ্যামে	1
কিছুটাই	1
ঠৌকাঠুকি	1
আয়েত্তে	1
চাচ্ছেনতো	1
নাচুন	1
উরসুলা	1
সালির	1
বামপন্থি	1
স্যাংচুরি	1
সৎচরিত্রবান	1
উড়াইয়া	1
বিষ্ঠাগুলি	1
ছিটাছিটি	1
চরমপন্থীদের	1
লক্ষীমেয়ে	1
আনছিল	1
ধ্বস্তাধ্বস্তি	1
উদ্যেশে	1
কারপভের	1
সম্পৃক্তরা	1
জীবনগুলি	1
দাবায়	1
নমনীয়তায়	1
বিতাড়িত	1
নাড়ী	1
দড়িবাঁধা	1
বিবেচনাযোগ্য	1
প্রতিক্ষায়	1
জুতাগুলি	1
যত্মে	1
জামালের	1
অন্যজনও	1
পারচ্ছেন	1
চেচনিয়া	1
আসচ্ছে	1
নির্দেশিনা	1
শোভনীয়	1
নির্দেশানুযায়ী	1
তহবিলটি	1
ধার্মীক	1
পৃষ্ঠপোষক	1
বাধ্যবাধকতার	1
যাচাইয়ের	1
বুর্গডফে	1
বুঝাতেই	1
অস্থিত্ব	1
ক্ষুদ্রাকায়	1
আবহ্	1
উৎসগুলি	1
বাবাদের	1
প্রেমিকদের	1
পোনা	1
আরহার্ট	1
অন্যায়লব্ধ	1
বেইজ্জতির	1
সুনামহানি	1
বহিস্কৃারের	1
প্রদানকারীকে	1
আবদুল্লাহকে	1
ফিরয়ে	1
সকােল	1
বিবরণীসহ	1
প্রাপকের	1
বরাদ্দকৃত	1
প্রতিটিতে	1
মুমম	1
র্দূভাগ্যবসত	1
ফ্রেরিেস	1
ব্লানক্যানেস	1
ধাত	1
জড়িয়েছেন	1
বজ্রগোলকের	1
পেশীকোষগুলো	1
বাড়ছেই	1
অংশটাতে	1
৩৫২	1
অগ্নিনির্বাপণ	1
বেগবর্ধক	1
ক্যাটলিন	1
সংযমের	1
পাঠাচ্ছিল	1
৬টি	1
মতলবে	1
শরৎকালীন	1
দৌড়ুতে	1
সমাজবিজ্ঞানের	1
লোকাচারবিদ্যা	1
আনন্দই	1
সাক্ষ্যপ্রমাণের	1
পুনরুৎপাদন	1
ওলটপালট	1
বন্দুকধারীদের	1
লুটেছে	1
ঘোরাচ্ছিল	1
শর্করা	1
একব্যাগ	1
কার্যক্ষমতার	1
খাদ্যাভ্যাস	1
৮৫০টি	1
টাকো	1
গুয়াকের	1
ব্রাকনার	1
টিটো	1
বারিতো	1
যাগায়	1
ছিনতাইকারী	1
হাইটসে	1
ভ্রমণবৃত্তান্ত	1
বিতরণীতেও	1
জিটারে	1
নিরাপত্তারক্ষীকে	1
জনহিতৈষী	1
গুপ্তঘাতকেরা	1
কর্মসংক্রান্ত	1
আটকাচ্ছি	1
শত্রুভাবাপন্ন	1
থেরাপিউটিক	1
ক্লোনের	1
বজ্রমানব	1
ব্যরি	1
পৌঁছেছিলাম	1
জনহিতৈষীদের	1
ব্যারিই	1
ফুসস	1
একাজের	1
পছন্দেরই	1
হুসস	1
ভাইট্রো	1
কাল্টিভেশন	1
প্রোটিনের	1
দ্রবনে	1
ক্রিয়াগুলো	1
ক্লোনগুলো	1
ব্ল্যাকেরও	1
আসুরিক	1
হাতেকলমে	1
ইন্ডাস্ট্রিস	1
মারডনের	1
মাল্টিপ্লেক্স	1
পেপারোনি	1
জ্যালাপিনো	1
শিশুরই	1
সাহায্যেরও	1
মার্কারি	1
ফ্লাংকের	1
খোঁচাচ্ছি	1
খোঁচাইলে	1
দিতেছেন	1
প্রবেট	1
রেডকে	1
প্লাগগুলো	1
নেইট	1
লিন্ডবার্গ	1
সারাবো	1
এসিস্টেন্ট	1
ক্লিপবোর্ডের	1
আরকানসাস	1
ঠাপায়	1
অপ্সুদীক্ষিত	1
বন্ধীকে	1
মটকাই	1
সিনিয়ররা	1
বন্ধুকসহ	1
ফ্ল্যাঙ্ক	1
ওয়াগোনারের	1
ঢুকাইসস	1
নড়ার	1
নিরীহরা	1
বাঁটে	1
বকেন	1
ঠাপাইতে	1
রাগানোর	1
গজল	1
শুনাইবা	1
ক্ষ্যাপাইয়ো	1
হিটলারও	1
ঠাপাবে	1
হারামিগুলোরে	1
দেইখাও	1
হাড্ডিগুলা	1
বেইজে	1
যুদ্ধক্ষেত্রটা	1
নড়লেও	1
বন্ধীদেরকে	1
ছুটাছুটি	1
বন্ধুকগুলো	1
শত্রুদল	1
পেরিস্কোপে	1
উইল্কো	1
কেওকি	1
বর্মাবৃত	1
খাড়াইয়া	1
ইন্টারকম	1
কুমন্ত্রণা	1
ঘারা	1
খাঁড়াও	1
শেখামু	1
সাইনবোর্ড	1
চুবাইয়ালবাম	1
চুইদ্দালবাম	1
নজের	1
বুঝাইতেছি	1
থাপ্পরের	1
সামেন	1
ট্র্যাভার	1
নিচতলাটা	1
থুবাইয়া	1
ব্যারাম	1
রিঙের	1
পাশেরটা	1
নরম্যানের	1
চিপ্পা	1
মাইরালাই	1
গাধী	1
খায়ের	1
সাহচর্যের	1
সাদলে	1
শুকেই	1
যুদ্ধজয়ের	1
ঝোপঝাঁরময়	1
সারাদেশে	1
চালিয়েছিলাম	1
ক্যানাডিয়ান	1
বুলিয়েছিলাম	1
মাছিগুলো	1
মৌচাকে	1
মনোজ্ঞ	1
ভোজনকালীন	1
উচিৎও	1
আগ্নেয়াস্ত্রের	1
বোমটি	1
আহতদেরকে	1
উতলাইয়া	1
জার্মানিতেই	1
দানবাকার	1
হালারপুতেরে	1
হারামজাদারে	1
মারুদ	1
মারস	1
বাঁইচ্চা	1
ট্র্যভার	1
ফইন্নিরে	1
হালারপুতেরা	1
যন্ত্রই	1
দুষ্কৃতিকারীকে	1
বগিও	1
গোলাবারুদসহ	1
ঘুটিয়ে	1
রোডেই	1
পুঁতব	1
ট্যাংকই	1
এমাকে	1
ধর্মপ্রচার	1
ইসাইয়াহ	1
ঠাপানো	1
ঠিকসে	1
গতিপথে	1
ট্র্যাভারস	1
হারামজাদাগুলারে	1
ঢুকসে	1
বাঞ্চোতগুলা	1
ওগুলোরে	1
শোয়াইয়া	1
পুইত্তালামু	1
ওপাশেরটা	1
লুইচ্চামি	1
ফইন্নিগুলারে	1
হস্তচালিত	1
নবীজি	1
ফু্ঁ	1
যেরভান	1
কূয়াতে	1
তালিবকে	1
তালিব	1
পৌছলেন	1
ফালাক	1
নাস	1
আশরাফ	1
হিমেল	1
চরিত্রসমূহের	1
ওড়নাগুলো	1
বরফপিন্ড	1
পরিচয়হীন	1
কলংকিনী	1
ঠোঁটও	1
গোলাপির	1
ভালমতই	1
আম্মুই	1
প্রসবযন্ত্রনা	1
গর্ভকালীন	1
ব্যথামাত্র	1
মারাত্বকভাবে	1
মুসল্লিগণ	1
সুরার	1
আয়াতে	1
সিজ্জীন	1
মিথ্যারোপকারীদের	1
সীমালংঘনকারী	1
পাপিষ্ঠই	1
দ্বীনের	1
ওজনুর	1
ফাসলি	1
কামনাকে	1
চুড়িগুলোও	1
জাতিবিশেষ	1
এনযার	1
নিসাকে	1
সম্ভবা	1
সম্পূর্নরূপে	1
অন্ত্র	1
মোড়াতে	1
হাঁড়ে	1
শ্বাশুড়িকে	1
ইসমাইলের	1
প্রবীনদের	1
কুদরতের	1
কুদরেতেরও	1
ইচ্ছাপূরন	1
ফলহীন	1
ফলও	1
ছায়াটুকুও	1
ছায়াটাও	1
চিনিসই	1
লেজহীন	1
বাড়িরমালিক	1
চেচিও	1
ইবাদতের	1
নামাযের	1
ইসমাইলও	1
যানাজা	1
মাগরিবের	1
হুজুরকে	1
তায়ালার	1
ত্রুটিপূর্ন	1
কুমন্ত্রনা	1
যাদুমন্ত্রটা	1
আস্সালাম	1
অজনুরকে	1
নবীজীর	1
শিশুটির	1
বিদ্যাটি	1
মুখসহ	1
অজনুরের	1
স্ব্জনেরাও	1
ইমামের	1
ইসলামে	1
মাহালালেল	1
আদতে	1
ন্যায়পরায়ণতার	1
খুঁড়বো	1
উত্তরপুরুষের	1
চরিয়েছে	1
অগ	1
শুনাক	1
শুনাতো	1
হ্মত	1
ভঙ্গুরতা	1
এটাআমাদেরহস্তক্ষেপ	1
তবুওআমরামানবজাতিকেসাহায্যকরার	1
যখনআমরাস্রষ্টারঅবাধ্যহলাম	1
তিনিআমাদেরশাস্তিদিলেন	1
পাথরআরকাঁদাআমাদেরঅগ্নি	1
জ্যোতিকে	1
আমাদেরসাহায্যে	1
শুধুএকজনআমাদেররক্ষাকরেছিল	1
অধিকাংশকেই	1
বাকিবন্দীরাএই	1
পাথুরেশাঁসের	1
এইঅনুর্বরজমিরনির্জনদ্বীপে	1
আমরাস্রস্টারকাছেভিক্ষাচাইতাম	1
কিন্তুতিনিসবসময়ইনীরবছিলেন	1
সামিয়াজা	1
ধ্বংসকে	1
ভ্যাজালকে	1
অবশিষ্টটুকু	1
ঝড়ের	1
টিউবাল	1
কেল্লাটি	1
ল্যামেক	1
পিচ্চিগুলা	1
ল্যামেকের	1
ডজনকে	1
সামের	1
দাপাদাপি	1
মেয়েগুলোকে	1
হ্যামের	1
দয়ায়	1
উভয়েই	1
নোয়াকে	1
নোয়ার	1
দুঃখেরও	1
দিদিমণি	1
হ্যামকে	1
নোয়াকে	1
কিন্তুসৃষ্টিকর্তারপ্রাণস্পন্দিতহল	1
এবংআলোছিল	1
আরএটিখুবইভালোছিল	1
এবংতারপরএই	1
নিরাকারআলো	1
আমাদেরপৃথিবীরজন্মহয়	1
এবংএকটিসুন্দর	1
প্রতিপালন	1
মধ্যস্থলে	1
বিভিন্নরকমমাছেরসৃষ্টিহল	1
এবংপ্রতিটিপশু	1
সবাইছিলতাদেরনিজস্বপরিচয়ে	1
এবংসবাইনিশ্চয়তারমধ্যেইছিল	1
ওটাছিলস্বর্গ	1
তারপরসৃষ্টিকর্তাতৈরিকরলেনপুরুষ	1
তিনিতাদেরপছন্দকরতেদিয়েছেন	1
লোভ	1
অথবাআলোরআশীর্বাদনিতে	1
নির্বাপিত	1
শক্তই	1
অদৃষ্ট	1
মানবতাকে	1
ইলাকে	1
নবজাতককে	1
জানোয়ারগুলো	1
রূপী	1
যথার্থতা	1
দুর্বলতাগুলো	1
দয়াটা	1
বর্তিয়ে	1
নাতনীদের	1
হাতেখড়িঃ	1
কুউসিস্তোর	1
শিক্ষকটা	1
ফিরেছিলাম	1
দাঁড়িয়েছিলে	1
হেলসিংকি	1
জেগেছেন	1
ম্যাডামরে	1
হেলসিংকির	1
বেয়াক্কেলের	1
ফেরাটা	1
ল্যাপল্যান্ডে	1
স্বর্গতুল্য	1
বনবেড়ালসহ	1
ভোঁদাই	1
মালডা	1
পরিবহনকারী	1
ছুটানোর	1
এক্সিলেন্ট	1
ঝাঁকিয়ে	1
দুরনিয়ন্ত্রিত	1
ওইত্তার	1
কিইইহহ	1
ওটিস	1
ক্লে	1
পেন্টাগণ	1
হামলাকারীরা	1
হারবার্টের	1
ল্যাংলিতে	1
ফ্রেডকে	1
ঘটানার	1
হারবার্ট	1
হেলসিংকিতে	1
বাকিগুলোকে	1
নিরাপত্তাবেষ্টনীর	1
ঢূকলো	1
পুকুরুত	1
গ্রাউন্ডের	1
এসেছোই	1
ইটিএ	1
রাষ্টের	1
নিরসনের	1
কষছে	1
মুমকিন	1
আপ্লোড	1
কাজিম	1
ভালুকও	1
সেক্রিফাইস	1
বন্দুকসহ	1
বাধায়	1
রেজুলেশন	1
বিশের	1
পিজ্জাও	1
নামডাক	1
শুনিওনি	1
আরিত্তার	1
তাচ্ছিল্যের	1
ফিনল্যান্ডে	1
দেখাঁতে	1
চাপলো	1
মুতুস	1
আপনারটার	1
যতদুরে	1
জুতাওয়ালার	1
সাথেসাথে	1
নেতাও	1
লড়াইটাই	1
দেখাতেন	1
রবিনহুড	1
স্যাঙ্গাৎরা	1
আগাবা	1
কিমো	1
সাফারির	1
গালফের	1
শেখের	1
নাজায়েজ	1
ধার্মিকও	1
ট্রাডিশন	1
আআআআউউউউচ	1
নোওও	1
ওনেক	1
সিলকে	1
ডূকুমেন্টারি	1
নেংটুস	1
শাব্বাশ	1
সমাচারঃ	1
ওলোটপালোট	1
হাজারকে	1
সানোনা	1
মুইক্কু	1
কুনিতো	1
মাল্য	1
উপরিলাভ	1
ভিন্নরূপে	1
আশাবাদ	1
বিনিদ্র	1
লম্ফ	1
কান্ডে	1
বাতলান	1
ব্যাল	1
অগ্ন্যুত্সব	1
অবিক্ষত	1
অবহসিত	1
ট্রায়াল	1
কয়েদী	1
গেমসে	1
অগ্নিকন্যা	1
বলক্ষেত্রে	1
হাংগামা	1
স্টিস্টেম	1
ফুলকিতে	1
জ্বেলেছিল	1
পিটারই	1
ছাইচাপা	1
প্রিমকে	1
এজেরিয়া	1
প্যানেমবাসী	1
চরমপন্থীর	1
মদদে	1
ডিসট্রিক্টগুলোর	1
বাটারকাপ	1
প্যানেমবাসীদের	1
সাদর	1
ফ্লিকম্যান	1
বিটির	1
এরিনার	1
বলক্ষেত্র	1
ক্যাটনিসই	1
কোনোধারণাছিল	1
স্বেচ্ছামৃত্যুর	1
স্নোর	1
জিতলেও	1
প্রতিযোগীগণ	1
শাস্তিমূলক	1
প্রতিযোগীদেরও	1
এরিনাতে	1
ট্রাইব্যুনাল	1
শিথিলযোগ্য	1
জ্বালাময়ী	1
অগ্নিকুণ্ড	1
হেইমিচের	1
জড়ানোটা	1
যুদ্ধবন্দী	1
পঁচতে	1
গুহাবাসীরা	1
কয়েনও	1
অতিথিগণ	1
আওতাভুক্ত	1
স্বল্পভাষী	1
তুষের	1
রোষানলের	1
নতুনে	1
প্লুটার্ককে	1
বিপ্লবে	1
সিনার	1
সীমান্তবর্তী	1
ব্যাপারটিকে	1
৩টির	1
মানুন	1
প্রস্তাবেরই	1
ফ্যাশনেবল	1
আগ্নেয়	1
ফিনিককে	1
লালটাকে	1
ডিস্ট্রিক	1
হায়নার	1
মেসালা	1
ভাষাবিদ্রোহী	1
পেইলর	1
গণকবর	1
বর্ষণে	1
নিশ্চুপে	1
হামলাও	1
অ্যাজেরিয়া	1
দেশদ্রোহের	1
এভারডিনের	1
সখ্যতা	1
হাসপাতালটিকে	1
ধ্বংসলীলাই	1
প্লুটার্কের	1
বায়ুতরঙ্গ	1
কর্মঘন্টার	1
বৃদ্ধিতে	1
গোলাপটি	1
রাহাজানিতে	1
বলানো	1
স্বরও	1
ঠেকালেও	1
চাবকানি	1
বুঝল	1
শান্তিরক্ষীরা	1
মৃত্যুপুরীর	1
শান্তিরক্ষী	1
ডিঙ্গিয়েছিলাম	1
বোমারুরা	1
নামগন্ধও	1
ঠেলিবে	1
উপমাবিদ	1
চ্যুতির	1
ডিস্টিক্ট	1
শিষ্টতা	1
আত্মসংযমের	1
বকবকানিতে	1
অপরিণামদর্শী	1
বোমাবর্ষণ	1
কাউণ্টার	1
ব্লাষ্টডোর	1
যাছে	1
ব্লাস্টডোর	1
পানিপ্রবাহে	1
ফ্লিট	1
বেডরকস	1
শাফটে	1
অস্ত্রাগারকে	1
বাংকারে	1
করিডোরও	1
সংরক্ষণের	1
হেভেনসবি	1
ডাক্তারির	1
বেড়ালকে	1
জাগি	1
প্যানেমকে	1
সতর্কবাণীর	1
স্নোকে	1
বিধিনিষেধ	1
কাটকে	1
স্বেচ্ছা	1
ওডেয়ার	1
জেনারেটরে	1
আলোহীন	1
বকরী	1
করোলেনিয়াস	1
ধূর্ততার	1
কুক্ষিগত	1
শিবিরেও	1
ব্যাক্তিসত্তার	1
হোভারক্রাফটকে	1
গোলাপগুলোর	1
ফেলাতেই	1
চরমতম	1
ক্যটনিস	1
বিস্তরণ	1
জ্যাকার	1
হুলবিদ্ধ	1
অর্ধচেতন	1
সত্তাকে	1
মৃত্যুস্বরূপ	1
অনাচার	1
নির্মাণেঃ	1
সিয়ামুল	1
রিটু	1
মাদুল	1
সেথায়	1
জুড়ানো	1
দাবানলে	1
গ্রিকের	1
গ্রিসে	1
ভোরবেলায়	1
অভাবনীয়	1
তারমধ্যে	1
যাথাযথ	1
ড্যারিয়াসকে	1
থামিসটিক্লিসকে	1
মানতেন	1
জেরাক্সেজ	1
জানতের	1
ভুলটি	1
কুঁড়েকুঁড়ে	1
জেনারেলগণ	1
উপদেষ্টাদের	1
জেনারেলদেরে	1
আর্টেমিশিয়াকেই	1
উন্মাদতার	1
উইজার্ডদের	1
নির্জনবাসীর	1
শূন্যদৃষ্টিতে	1
টকটকে	1
জোটকে	1
আনেমিশিয়া	1
যড়যন্ত্র	1
গ্রীসে	1
জরাক্সিজের	1
স্পার্টানরে	1
ছেলেগুলারে	1
চোদন	1
পার্সিয়া	1
উভয়দিক	1
ম্যারাথনে	1
নির্মমতার	1
জারিক্সেজ	1
আরগস	1
করিন্থ	1
মেগারা	1
প্রয়োজনীয়	1
শিশুদেরকেও	1
ইউবেয়ার	1
স্পার্টাদের	1
স্পার্টায়	1
জোড়াতালি	1
ঘোড়াগুলোকে	1
স্পার্টারা	1
স্বাস্তি	1
স্পার্টানস	1
স্পার্টানের	1
সিদ্ধিলাভ	1
কমছিল	1
থেবিস	1
ম্যাসেনজারের	1
কার্নিয়ার	1
জেরাক্সিজকে	1
এজিয়ান	1
নামায়নি	1
গুপ্তচরটাকে	1
ক্যালিস্টো	1
ঝানু	1
জারাক্সিজের	1
পরিকল্পনাকে	1
তারসঙ্গে	1
ওরাকেল	1
থার্মোপলির	1
পার্সিয়ার	1
ফ্লিটের	1
ভোর	1
পার্সিদের	1
গ্রিকদের	1
জাহাজগুলকে	1
আর্থাফেনরিস	1
বানডারিকে	1
উত্তাপে	1
ছিঁটে	1
তাঁরসাথে	1
বৃত্তটিকে	1
নিভূল	1
ডারিয়াসকে	1
পেরছি	1
তলোয়ারকে	1
জলসীমায়	1
থামিসটিক্লিসের	1
এজিয়ানের	1
ডারিয়াসকেকে	1
পার্সিয়ানকে	1
এড়িয়ে	1
থ্রারিমিস	1
শিরাতে	1
আমলারা	1
যৌবনকাল	1
অসভ্যটাকে	1
আর্টেমিশিয়াকে	1
তা঳র	1
দেখেল	1
আজিয়ানের	1
অপরাধবোধের	1
প্রতিকূলের	1
শৃঙ্খলাবদ্ধকে	1
স্বাধের	1
থার্মপয়েল	1
স্পার্টারদের	1
শহীদদের	1
সালামিসের	1
টার্সাসের	1
ইফাইটিস	1
তলোয়ারটিকে	1
লিওনাইযাস	1
যতগুল	1
অ্যাথেন্সবাসী	1
ভুলার	1
অ্যাথেনিয়ান	1
শহীদই	1
ধরাচ্ছো	1
আর্টেমিশিয়া	1
বিনষ্টের	1
দানবটার	1
স্পার্টান্সরা	1
স্পার্টান্স	1
রসদসহ	1
তরবারীকে	1
আর্লেমিসিয়ার	1
পৌঁছুবো	1
গ্রীকের	1
গ্রীকগুলোর	1
সৈনরা	1
হাইয়া	1
আত্মসর্মপণ	1
লাগানোও	1
ফিসফিসের	1
মৃতলোকের	1
মাতম	1
লিওনাইডাসদেরকে	1
ডিলফি	1
থিবিস	1
অলিম্পিয়া	1
আর্কাডিয়া	1
এ্যনিভার্সারি	1
দিনটিও	1
জীবনসঙ্গিনী	1
মাসট্যাং	1
কংগ্রাচুলেশন	1
ইয়াগা	1
দৃঢ়পন্থী	1
ইওসেফকে	1
পরিসীমায়	1
লণ্ড্রী	1
বার্বন	1
পারকিন্সকে	1
ম্যানেজম্যান্ট	1
পেতেছ	1
হেলেনের	1
মেম্বারশিপ	1
হেলকপ্টার	1
আড়ালেই	1
মাঝখানটায়	1
ট্র‍্যাজেডি	1
ব্যাটমানের	1
নানীই	1
খুটখাট	1
তুচ্ছই	1
গুঁতোতাম	1
হ্যাকগুলোর	1
কোনোকিছুকেই	1
মহৌষধ	1
মজাকে	1
ঝিমালে	1
স্কুলজীবন	1
রক্ষাকর্তার	1
অ্যাক্সেসটুকুই	1
স্মৃতিচিহ্ন	1
বৈষম্যময়	1
বটনেট	1
স্ক্রিপ্টের	1
মন্দিরকে	1
ধাঁধানো	1
সফটওয়্যারের	1
নানাকিছু	1
মাদারবোর্ড	1
কমবয়সে	1
ভেগেছিলো	1
বাচ্চাকাল	1
চেনানো	1
কদ্দুর	1
ঘাবড়িও	1
উপভোগ্যই	1
তত্ত্বাবধানেই	1
আলঝেইমার্স	1
পালানোটা	1
কেরদানি	1
দুর্বলতাটা	1
অ্যাপ্লিকেশনে	1
আর্টঃ	1
বিশ্বাসপরায়ণ	1
পারবেঃ	1
পিচফল	1
বেচছো	1
সোনালীচুলো	1
ফটোশপে	1
প্রিন্টিংয়ে	1
বোকাচোদারাও	1
বক্তাদের	1
ল্যাপটপটাকে	1
গাণ্ডুরা	1
উপবিষ্টগণ	1
বিদগ্ধ	1
৬২১২	1
ফ্রিয়েদরিখে	1
গ্র‍্যাজুয়েশনে	1
দুটোঃ	1
ডেন্সক	1
জরায়ুর	1
রোগই	1
নিরুত্তাপ	1
বাসাটার	1
ক্লাউনকে	1
খোলসটাও	1
টাকিলা	1
বদলাত	1
ঘামায়নি	1
লিন্ডবার্গকে	1
ফ্র‍্যাঙ্কফ্রুটের	1
হ্যাকাররাই	1
সার্ভারও	1
সেকটেড	1
টোউবোট	1
চতুর্থজন	1
লিন্ডবার্গের	1
অটোমার	1
হিটজফেল্ড	1
রিনাল্টের	1
খোলেই	1
ঠেলার	1
রাস্তাগুলোকে	1
পোরশেতে	1
অদ্যবধি	1
একটাইঃ	1
বিল্লিসোনা	1
গের্ডিই	1
ক্লোনিংয়ের	1
কম্যুনিকেশন	1
ফায়ারওয়ালকে	1
নিরোধী	1
বেজায়	1
মরিটজ	1
লাউয়ার	1
কিস্যু	1
হ্যাকারের	1
চাকুরিজীবিদের	1
গ্রুপেরও	1
অর্থায়নকারী	1
যেটির	1
ছোঁবো	1
প্রিন্টারগুলো	1
ক্র‍্যাক	1
চাকুরিরতদের	1
ডাউনলোড	1
ছবিকেও	1
মূল্যায়ণ	1
চাপবে	1
বোঝাইনি	1
এড্রেসটা	1
সার্ভারটা	1
কাতজা	1
মেসেজঃ	1
অ্যাপ্লিকেশনকে	1
হর্সের	1
নীলচোখা	1
পেস্টের	1
বার্ডেরা	1
হাগের	1
মেথড	1
ঢোকাটা	1
বিশ্বাসপ্রবণ	1
পেটাবেন	1
সার্ভারেও	1
ডার্কনেট	1
অ্যাক্সেসের	1
নির্দেশনাটা	1
ট্রোজানটা	1
কোপেনহেগেন	1
কোপেনহেগেনে	1
গণমাধ্যম	1
পুড়েও	1
স্থানটিতে	1
গুপ্তচরগিরি	1
ছদ্মবেশি	1
ঊনিশ	1
মাসগুলোয়	1
এঙ্গেলকে	1
ক্রাইসিস	1
সিজোফ্রেনিয়া	1
মাল্টিপল	1
ডিসঅর্ডার	1
প্রতিটাকেই	1
ওষুধপত্র	1
কুলোতে	1
সমূহকে	1
ওষুধই	1
বুলেটগুলো	1
স্টেফানের	1
লিন্ডবার্গেরই	1
বড়শি	1
ড্যানযালি	1
ম্যানিয়াকটাকে	1
অপস্	1
প্রিজনে	1
রিলাক্সড	1
গুজমেন	1
ফাকিবাজি	1
এক্সপেন্ডেবলে	1
২২জন	1
ট্যাগটা	1
ভাইকিং	1
ব্লেডটা	1
পাছামরা	1
চেকাপের	1
সন্দেহপূর্ণ	1
বাইরোর	1
সর্বোত্কৃষ্ট	1
ক্রিস্টমাসের	1
বোটা	1
চুষতো	1
বেবিটাকে	1
থার্মোবেরিক	1
পানিভাত	1
যুদ্ধপার্টি	1
কাইন্দা	1
হোয়ো	1
হার্বারে	1
৪০০মিটারে	1
এপোয়েন্টমেন্ট	1
স্যাডলি	1
শালারপুতে	1
বল্লে	1
ঠিকমতোই	1
স্টোনব্যাংকসকে	1
লক্ষ্যভেদের	1
বল্লাম	1
কনার্ড	1
ওয়ারলর্ডদের	1
মার্সেনারীরাই	1
একেছিলো	1
বাচবোনা	1
গুনেও	1
ঋণি	1
সিজারটা	1
দূষ্প্রাপ্য	1
পুরানোটা	1
২১শত	1
একমুখি	1
১৮মাস	1
৩দিনের	1
২জনের	1
উচুশির	1
অটোপাইল্ট	1
জিবনটাকে	1
প্ল্যাক	1
লাংসে	1
ওয়াইল্ডকার্ডে	1
ক্রেডস	1
১৯৮৪তে	1
স্পেনিয়ার্ড	1
বয়ষটা	1
ডার্পাতে	1
ডার্পা	1
প্রজেক্টস	1
মার্লিতো	1
শুটিংয়ের	1
গিফটেড	1
পার্	1
এসল্ট	1
২৫এমএম	1
এক্সপ্লোসিভ	1
ডেটনেট	1
কর্ত্তৃপক্ষ	1
শর্টে	1
বুখারেস্টে	1
আলবেনিয়ান	1
মবস্টারের	1
৩৬ঘন্টা	1
কোঅর্ডিনেটস	1
স্টনব্যাংকস	1
সেফহাউজ	1
সাথের্	1
ইয়ংস্টারদের	1
১০সেকেন্ডে	1
ধারনকারি	1
ল্যাটির	1
পার্ফরমেন্স	1
থেইকাও	1
প্রোটেক্টেড	1
৫তারা	1
মেহমানে	1
সেনসর	1
ফ্যামিলিই	1
ফেলোনস	1
নানাস্থানী	1
আর্টওয়ার্ক	1
গ্যাবিল	1
অলওয়েজ	1
ওয়েপনে	1
ওনার্শিপের	1
এক্সিডেন্টলি	1
পুরছি	1
থাবড়াবে	1
থাবড়াই	1
যুদ্ধাপরাধী	1
প্যাকেজের	1
অমলিন	1
প্রতিযোগী	1
এক্সপেন্ডেবলস	1
স্লাগস	1
ছায়ামূর্তির	1
থাকোনি	1
ট্র্যাকার্	1
১০মিনিট	1
লিডা	1
হার্পো	1
গ্রোচো	1
গুমো	1
শিকা	1
কোলেট্যারল	1
ধারিনা	1
৪৮ঘন্টার	1
ফ্রেন্ডশীপ	1
ক্র্যাট	1
পার্সিশায়ান	1
গাইতাম	1
মিঙ্গোর	1
চিনার	1
কুলেস্ট	1
মিস্টির	1
স্নাইপারকে	1
টেম্পারেচার	1
ইম্পর্টেন্ট	1
জড়াচ্ছে	1
অনুসন্ধিৎসু	1
হবিতে	1
বন্ধুত্ত্ব	1
বাস্টার্ডস	1
আরেকজায়গায়	1
গতীতে	1
ঊড়ছি	1
আজমানাস্তানে	1
স্ট্যাজ	1
কোর্টরুমে	1
হিস্টিরিয়াগ্রস্তের	1
হিস্টিরিক্যালি	1
জিমেও	1
হিস্টিরিক্যাল	1
১৯শত	1
মাইগ্রেইন	1
লম্বুটা	1
বেনগাজি	1
হস্টেজ	1
বাচ্চাগুলেকে	1
কমপ্লেক্সটাই	1
৯০লাগবে	1
জ্যামড	1
২৫মিনিট	1
ফুটিয়ো	1
আজমানাস্তান	1
এক্স্যাক্টলি	1
হিসসস	1
পার্শ্বদেশে	1
ব্রিং	1
শ্যাফট	1
জ্যামারটা	1
হিপনোটিক	1
মিস্টেরিয়াস	1
বিশ্বা	1
১০জন	1
অব্যাবহার	1
ভ্যালেট	1
প্রোফানিটি	1
আরমার	1
হগের	1
ঋনি	1
মজাটাও	1
বদমাসের	1
তুলনীয়	1
উতকৃষ্ট	1
প্রাউড	1
ভাষাটি	1
মার্জনীয়	1
বিধবংসী	1
কাতরাচ্ছে	1
থামছিনা	1
আন্ধার	1
বেঁচেছেন	1
ইউরোপীয়ান	1
ছাড়ারে	1
চিকিৎসাহীন	1
হাঁপায়ে	1
ছিলামরে	1
সনদপ্রাপ্ত	1
ইঞ্জিনটি	1
পাশেরটির	1
সবকয়টি	1
দুটোও	1
শেষরে	1
পাকে	1
মনেহচ্ছেনা	1
এরজন্যমেডেলনিয়েযেতে	1
পেছনেরদিকেমনেহচ্ছেকেউদ্রুত	1
আমিজীবনেওদেখিনি	1
জীবনেওদেখিনি	1
খুঁজবেতো	1
গল্পটির	1
১২টির	1
কীছু	1
তারপরএকদিনএটারসমাপ্তিঘটে	1
তুমিআমাকেসব	1
কাণ্ডজ্ঞানহীনপ্রশ্নকরতে	1
পুরোনোটা	1
টিপেছিলাম	1
সেনানিবাসে	1
ভাবভংগি	1
রাধুনি	1
হাগে	1
ঘোষণায়	1
আবেগাপ্লুত	1
মারেনতো	1
করবেতো	1
এতখানি	1
জলবেনা	1
আড়িপেতে	1
তাকাচ্ছিসনা	1
রাজাকার	1
বয়েড	1
ইউরেনিয়াম	1
অনুঘটক	1
অব্যাখ্যাত	1
ড্রয়ারের	1
সঙ্গনিরোধ	1
ধর্মযোদ্ধা	1
খামখেয়ালি	1
তোপ	1
কাঁটাতার	1
বয়া	1
বেসলাইন	1
মূলকভাবে	1
প্রস্তরযুগ	1
চুষা	1
বর্তনী	1
কর্মিবৃন্দ	1
মর্মস্থল	1
ইপিআই	1
এর্কসহস্রাংশ	1
পিটুইটারি	1
নিঃসৃত	1
হর্মোন	1
প্রস্রাবক্রিয়া	1
কমায়	1
বাড়ায়	1
স্থলজ	1
বায়ুবাহিত	1
নটিলাস	1
প্রবুদ্ধ	1
শমিত	1
অভিযোজিত	1
বহুজাতিক	1
ইন্টেন্টগুলি	1
অজ্ঞাতসারে	1
জাজিরা	1
জোতা	1
উত্তরপশ্চিমাঞ্চলে	1
মার্টিনেজ	1
মর্মপীড়া	1
ডায়মন্ড	1
উত্তরপূর্বে	1
ট্রান্সপন্ডার	1
শয়নকাল	1
সিমিউলেশানে	1
প্লটে	1
বঙ্গোপসাগর	1
মনন	1
কাটিয়ে	1
রেট্রোফিট	1
ব্ল্যাকআউট	1
গৃহমধ্যে	1
বাহা	1
পাড়ান	1
টিক্দান	1
আগুয়ান	1
নিস্বন	1
ছাপিয়ে	1
জিদি	1
ক্রিটিক্যাল	1
অভিসৃতি	1
লিভারমোর	1
গভীরতার	1
ধর্মঘটী	1
কলিসীয়াম	1
ঝঁঝা	1
সন্নিবেশ	1
উচ্চতায়	1
গেলিক	1
সরোবর	1
সন্নিহিত	1
শহরাঞ্চল	1
উতরাই	1
জেটি	1
গ্রাজের	1
নিবন্ধনের	1
দয়াকরো	1
আংশিকভাবে	1
হাতেরচিহ্নইবলেদিচ্ছেআপনি	1
তাড়াতাড়িআসুন	1
কুঠোর	1
তাকেবাঁচান	1
তাকেছেড়েদাও	1
কীহয়েছে	1
তোমারশুকরগুলোকেদেখাশোনাকরারকথা	1
কাঁপছো	1
রোগাটে	1
দানোদের	1
ততক্ষণের	1
লিজ্জি	1
অন্যদেরকেও	1
ঘাঁটালে	1
ঘাঁটাবে	1
ব্রেডলি	1
আনুগত্যশীল	1
অভিশাপগুলোও	1
নিজেরদের	1
তারমানেআপনিএকাইবেঁচেআছেন	1
ডাইনিরা	1
ক্ষয়পূরণ	1
সাতগুণ	1
ঘাতকদল	1
জ্বলুনি	1
চাঁদি	1
মারুয়াদের	1
কেটেল	1
ভার্বানাম	1
সারাকিন	1
চিতাবাঘের	1
গ্রেগরিও	1
জ্যোৎস্নার	1
জোৎস্না	1
দেয়ালঘেরা	1
সারকিন	1
স্ট্রিকক্স	1
মসিবত	1
টেরানিয়ার	1
অমরকে	1
লক্ষগুণে	1
উরাগের	1
শিষ্যও	1
ডাইনিরও	1
মানুষেরাই	1
ভাংগে	1
তন্দ্রার	1
থিওরিগুলো	1
শুনাবা	1
আন্ডারগ্রাউণ্ড	1
হোমস্	1
পাকিয়েছিলে	1
মোপার্শ্যাস	1
জুটলে	1
ফীল্ডওয়ার্ক	1
মুক্তও	1
স্লাভিক	1
হড়কে	1
এণ্ড	1
ছাঁটার	1
মুঘল	1
মেরিলেবোন	1
ইমিলিওঁ	1
অল্পদিনের	1
পরিচয়টাই	1
ওয়েইটারদেরকে	1
সমর্থনটা	1
মুছলে	1
দুয়েকজন	1
বেফাঁস	1
সমমনারা	1
হাউণ্ড	1
খোঁচাওয়ালা	1
ফিশদের	1
খেলাটাতে	1
মহিলাদেরও	1
মহিলারও	1
প্রথমদিককার	1
চ্যুলো	1
আলপাকা	1
লোমে	1
আইসল্যান্ডের	1
তন্তুর	1
দুশ্চিন্তাগ্রস্থ	1
চিবোনো	1
চিবোয়নি	1
নিঃসঙ্গতাটা	1
ক্ষতরোগ	1
রীভস	1
প্রেসব্যুরির	1
হারকোর্ট	1
কলপ	1
হেতেই	1
সেইম	1
এইডাতে	1
ছিদ্রগুলান	1
ভরনের	1
ক্যাথ	1
শিলকট	1
ভিডিওগুলো	1
শকটে	1
ট্রানজিটে	1
থামলোনা	1
মেরিলেবিন	1
স্প্যামের	1
ল্যারী	1
গ্রেসনের	1
কর্মতৎপর	1
ঝুললেও	1
ওয়েসমিন্সটার	1
কম্পার্টমেন্টই	1
বগিটা	1
মোর‍্যান	1
সন্ত্রাসবিরোধী	1
সুমাত্রা	1
মন্ত্রীরা	1
বগিটাই	1
নিষ্ক্রিয়করণ	1
বিশালত্বের	1
ছদ্মনামও	1
এয়ারব্যাগটা	1
সাইক্লিস্ট	1
বগলতলায়	1
ফেলবা	1
মধ্যবিরতি	1
প্রমিজটা	1
জানাটাকে	1
বোকোনা	1
লাফিয়েও	1
মির‍্যাকল	1
ইয়োগার	1
আ্যডাপ্ট	1
শাস্ত্রে	1
ছুটিছাটাতে	1
প্ল্যাঙ্কিং	1
টেয়ারওয়ে	1
জুম্বা	1
ধর্তব্যের	1
পিসার	1
আ্যন্টোইনেটের	1
শাসনকালে	1
শুনল	1
প্যরিসের	1
কুপার্সের	1
পালালেন	1
ম্যানহোল	1
রোব্	1
সপিয়ার	1
মিথেন	1
ফারেনহাইটে	1
আ্যন্টোইনেট	1
বণ্টন	1
ওয়াইল্ড	1
ইক্যুয়েল্	1
জিনিষটি	1
কাটেননি	1
ডেলাওয়্যার	1
ইতিহাসবিদ	1
খাবনা	1
কুকুররাই	1
প্রোমোশনের	1
প্রস্ততির	1
শিখবেনা	1
সোয়াহিলি	1
উৎপীড়ন	1
আইনগতভাবে	1
লালনপালনে	1
গান্ধীজীকে	1
উদ্যোক্তাও	1
ডানজেনেস	1
ব্যাসিল	1
কনকসে	1
ট্রাফল্ড	1
বেরিতে	1
বেক্	1
কামড়াকামড়ির	1
ঠাট্টাতামাশা	1
ফ্লামেনকো	1
ব্যাগপাইপ	1
ডিজেরিডু	1
ট্রমবোন	1
জাইলোফোন	1
জেম্বে	1
ক্যালাওপ	1
ওবো	1
পিকলু	1
তুবা	1
ডব্রো	1
ইওডেলিং	1
গারডি	1
ওকারিনা	1
মিউজিক্যাল	1
ট্র্যাকশন	1
ফ্রয়েড	1
কমতির	1
ফ্রয়েডের	1
বেগওয়ান	1
গিরির	1
প্রগতির	1
সভ্যতাও	1
চোগলখোরদের	1
সাঁজব	1
স্থাবর	1
বস্তের	1
হাতশেপসুত	1
নদের	1
আমুনের	1
আখেনাটনের	1
রাজবংশ	1
তুতেনখামেন	1
তোহফা	1
খলিফায়ে	1
বোঝাবেন	1
ফারাওকে	1
বন্ধিত	1
অঙ্গসংরক্ষণ	1
মমিকরণের	1
কবরগুলোতে	1
চিত্রলিপি	1
পরলোকগমনের	1
আঁচড়ানো	1
পবিত্রকরণে	1
কাচ্চি	1
আজা	1
কমবয়সেই	1
রেনেসাঁস	1
ট্যুরিস্টরা	1
নিয়মনীতির	1
অ্যালগারিদম	1
সায়েন্টিফিকলি	1
ভিঞ্চিকে	1
ক্রোসবো	1
সমীকরণকে	1
ইঞ্জিনিয়ারিংয়ে	1
বানাইসিল	1
মেশি	1
ঝুঁকো	1
বানাচ্ছিনা	1
অ্যাকিলিসের	1
ডায়োমেডিস	1
মেনেলিয়াস	1
ওডিসিয়াস	1
উঁহ্	1
অ্যাথেন্স	1
থিবেস	1
ফৌজি	1
অ্যাজাক্স	1
সঙ্ঘতি	1
বাংক	1
জিবে	1
পারিলে	1
প্যারাডক্সকে	1
কামড়িয়েছেন	1
পিবডিকে	1
পৌঁছলেই	1
ক্রিয়ারই	1
ছেদের	1
গুলতির	1
রোবোটিক	1
কন্যাশিশু	1
কন্যাশিশুটিকে	1
ঊমহ	1
নিজেরমতো	1
যাদুকররা	1
উহারাই	1
অধিবাসিবৃন্দ	1
সত্যিকারেরে	1
ব্যতিক্রমতাকে	1
ঘোষণাতেও	1
অপ্রবেশ্যতার	1
গুঁতোগুঁতি	1
টাকুর	1
খাটিহৃদয়	1
নিদ্রাশ্রয়ে	1
আবেগময়	1
চুম্বনের	1
জাদুটি	1
নিষ্কলঙ্ক	1
পচবি	1
পহেলা	1
বৈশাখ	1
১৪২৪	1
গুমন্ত	1
আশ্রয়স্থানে	1
উমহ	1
সূইয়ের	1
পায়রাটি	1
বিশ্বাসি	1
জীবনধরে	1
হৃদয়চিত্ত	1
কিন্তুক	1
ছেলেমানুষী	1
উদ্দমতা	1
চাঁদটি	1
অনিবার্যভাবে	1
অ্যাঁহ	1
যাদুটি	1
নিদ্রার	1
লিপ্সকম্ব	1
সকালটায়	1
কষাও	1
আত্বগর্ব	1
চুমোটি	1
নোটটি	1
শব্দগুলা	1
লোককাহিনীতে	1
লোককাহিনীটিতে	1
পর্বতগুলোর	1
ভুপ্রকৃতির	1
লোকসকল	1
রাজাকুমারের	1
বুঝাইতেছে	1
ফাকাস্থানের	1
সুন্দরিকে	1
পিচাশ	1
ঘোড়াগুলোর	1
চাবুকআঘাত	1
রাজ্যটির	1
প্রাসাদকে	1
উদ্বিগ্নের	1
লোককাহিনীটি	1
মনেরটাই	1
এখানেটায়	1
ততদুর	1
নৌকাটিও	1
যাচাইয়ে	1
ফ্রেডরিখে	1
চারপাশজুড়ে	1
এরকমকিছু	1
দালানটির	1
তারপুর্বে	1
হ্রদটি	1
নির্জীবদের	1
চোরসুলভ	1
লাত্থানি	1
ডুকেছিলে	1
অভিশাপটিতে	1
নিম্নস্থরের	1
দর্শণার্থী	1
উইলহ্যাম	1
জ্যাকভ	1
দররকার	1
দেয়ালটাতে	1
ব্রিজটি	1
ভুগতেছি	1
একমাএ	1
পিসসট	1
সুড়ঙ্গটা	1
ক্ষতিসাধনে	1
টানব্রিয়া	1
আদায়ে	1
দারলিং	1
স্বর্ণপাতি	1
গ্র্যানার	1
পুরোজায়গায়	1
সরুপথ	1
মহামান্যের	1
কিংবদন্তীরা	1
জিবিত	1
রাক্ষসগুলো	1
পিতামহকে	1
শোনছ	1
শূয়রকে	1
পূর্ববর্তীদের	1
রাজপুত্রই	1
দুর্গটির	1
উদ্দমতার	1
সত্যিবলতে	1
মানুষগুলাই	1
গ্রুলি	1
পিশাচদের	1
পশুসুলভ	1
পূর্ণমিলন	1
পিচাশগুলো	1
জ্যাসন	1
শামলাও	1
রাজত্যের	1
স্বাচ্ছন্দবোধ	1
কোরবান	1
টাম্ব্রিয়াকে	1
বালকটিকে	1
ভালমানুষের	1
হারতেছে	1
প্রত্যকবারই	1
উড়ালপঙ্খিটাকে	1
রাজত্য	1
হৃদয়শূন্য	1
সত্যকারের	1
করর	1
আত্বসমর্পন	1
কুদরতে	1
বেশিসময়	1
একটুখানিমুহূর্ত	1
ড্যাবে	1
সবসময়ে	1
গুণব	1
একটানে	1
হুইস্কিটা	1
১৯৬২	1
অভ্যর্থনাই	1
যুক্তরাজ্য	1
ইউগান্ডা	1
ক্যাথিনোন	1
নরখাদকতা	1
লোকগুলোরই	1
রাসায়নিকের	1
গাইয়া	1
অচেনাই	1
পরীক্ষণটা	1
উঁচুতলার	1
ফিষ্টি	1
তিনজনে	1
অগা	1
বগা	1
ওইগুলারে	1
ভাবছস	1
চুদতেছে	1
থাকছস	1
বাইনচোদ	1
মারখোরটার	1
সরাইছস	1
ঘুরান্টি	1
লগেও	1
এগুলান	1
টিরাকে	1
শখগুলোই	1
জিমন্যাস্টিকসে	1
সৎবাপের	1
হোয়েন	1
পালঙ্কে	1
ভাবেনও	1
চোদাস	1
পশ্চাদ্দেশে	1
তরুণসমাজের	1
দাদাজান	1
ঘেটুপোলা	1
খুঁইজেন	1
ধনকুবেরের	1
উত্থানের	1
গল্পটিকে	1
গালিচায়	1
লক্ষ্যণীয়	1
ইগি	1
আজালিয়া	1
জমানা	1
টেইলার্সে	1
প্লেসেস	1
১৮৪৯	1
টেইলার্স	1
উত্তরাধিকারদের	1
আমলাতন্ত্র	1
রোক্স্যান	1
উইনচেস্টারের	1
এমআইটি	1
গজবমুক্ত	1
দাঁড়ায়নি	1
বেন্ড	1
বেইজিংয়ের	1
আগিয়ে	1
তোমাদেরটাও	1
পুডল	1
পাগ	1
ক্ষেপো	1
রামগরুড়ের	1
মিসকিনরা	1
মেথরামি	1
ঝুলার	1
অঞ্চলগুলো	1
প্রেরণাদায়ী	1
ট্রেনিংও	1
ছয়ে	1
আরিশশালা	1
সহকারীরও	1
ইমপ্ল্যান্টের	1
গপসপ	1
আর্নল্ডের	1
কোনজনের	1
রেডারের	1
ছ্যাঁড়াভেড়া	1
ডানেরজন	1
বেয়াদবিটাও	1
কোটিপতিই	1
ঘেঁটেছি	1
চিজবার্গারের	1
লাফিটের	1
১৯৩৭	1
শ্যাতো	1
কেমের	1
ডোরাকেক	1
অশনি	1
অভিশপ্তের	1
ইদানিংকালেরগুলো	1
পুরনোগুলো	1
দৌলতেই	1
বাতিকগ্রস্ত	1
মীল	1
ন্যানোট্র্যাকার	1
মিশিয়েছি	1
কেন্টাকিভিত্তিক	1
উগ্রপন্থী	1
যুবরানী	1
টিল্ডে	1
ঠিই	1
হিমশিম	1
বিশ্বনেতারা	1
টিল্ডের	1
সংস্থাগুলো	1
অপহরণসমূহের	1
নেলাচ্ছ	1
নব্বইয়ের	1
নেলানো	1
সুনজরে	1
লিঙ্গুইস্টিক	1
শ্যাম্পেনটার	1
আরম্ভকরণ	1
বিষয়টায়	1
মন্টাগু	1
হেরিং	1
রোহিপনল	1
পার্সিভাল	1
ভাঙছিলাম	1
কোনোটার	1
বৈশিষ্ট্যই	1
সুইচেই	1
রেডিমেড	1
কোনোখানেই	1
হুকটা	1
আরেব্বাপরে	1
অক্সফোর্ডগুলোকে	1
অস্ত্রচালনার	1
অভিজাতশ্রেণীর	1
ক্রিয়াশীল	1
স্মোকিং	1
দর্জির	1
প্রস্তাবটার	1
লক্স	1
খাবারটার	1
এরেই	1
ঘোড়দৌড়	1
বাউয়ার	1
অনিচ্ছাসত্ত্বেও	1
রক্সিকে	1
ডেইজ	1
কামলাগুলাকে	1
লাগাইলে	1
রিমোটের	1
ডুবিয়েছ	1
পিকলস	1
সাজিয়েও	1
প্যানক্রিয়াটাইটিসে	1
অ্যামিলিয়ার	1
বিশ্বভ্রমণ	1
বিংগোতে	1
সমকামিতা	1
বিবর্তনবাদী	1
বিজ্ঞানীও	1
সমকামীপ্রেমীরা	1
প্ররোচনায়	1
বাধাদানের	1
সিনেমাগুলোর	1
ভ্যালান্টাইনের	1
স্বীকারোক্তিও	1
১৮১৫	1
নেপোলিয়নের	1
ঐক্যমত্য	1
ব্র্যান্ডিটা	1
ছোটলোকদের	1
হাতসাফাইয়ের	1
ছোটলোকের	1
রিগানের	1
ইমপ্ল্যান্টটা	1
কাউন্টডাউনে	1
উপকারেই	1
বেলুনগুলোও	1
নিমন্ত্রণটা	1
ভূমিকাকে	1
কুঁচকানো	1
ভুরুগুলো	1
নিষেধাজ্ঞায়	1
ভারমুথের	1
মর্টেন	1
লিন্ডস্ট্রম	1
বেলুনটাও	1
দুটাকে	1
দুইদিক	1
ইমপ্ল্যান্টগুলো	1
রাজকন্যাটা	1
অতগুলা	1
থামাওনাই	1
কাঁচটা	1
টিয়াপাখি	1
কারাকাস	1
বাইনচোদটারে	1
ভাগবা	1
ঢঙ্গের	1
স্যাভিল	1
লেগো	1
মুরগিমার্কা	1
জামাটায়	1
মানাইতেছে	1
হোগা	1
চত্বরটা	1
টালবাহানা	1
অগ্নিপুরুষ	1
শস্যের	1
মেয়নেজ	1
গাজরও	1
পুষ্টিও	1
বঁড়শিতে	1
গেথেছে	1
শেয়ারবাজারি	1
ওয়ালস্ট্রিটে	1
গ্লাডি	1
ঘূর্ণিটা	1
ডানদিকেরটা	1
পরছিল	1
মাছটাকেই	1
প্রতিপক্ষদের	1
বাড়ছিলো	1
শুঁয়োর	1
টায়ারকেই	1
ইয়র	1
ভাজাপোড়ায়	1
নিস্তদ্ধ	1
অনামিকায়	1
শামুট	1
টেরিকে	1
আবর্জনাটা	1
ইনভেস্টমেন্ট	1
ঝামেলাওয়ালির	1
ছাব্বিশ	1
সাতাশ	1
গোয়েন্দাপুলিশ	1
হত্যাযজ্ঞের	1
পিডারসন	1
গুপ্তচরই	1
অসময়	1
আচরনের	1
র‍্যালফিকে	1
সূত্রই	1
স্পষ্টবাদিতায়	1
নিশ্চয়তাও	1
জড়িয়েছিল	1
মাম্মাসিতা	1
গ্রিজগুলো	1
অফিসারবৃন্দ	1
দিসিলাম	1
দুর্নীতিগ্রস্থ	1
পাথব	1
হাতিয়েছিলে	1
আধঘণ্টা	1
খাইয়াও	1
পরীটা	1
অপরুপ	1
ছলনাময়ী	1
শালীরে	1
রেস্টুরেন্টটাতেই	1
সোয়ান্ডারস	1
ম্যাককলের	1
ক্লজিট	1
ক্লজিটে	1
বারান্দাও	1
ম্যক্লিযাইন	1
এজেন্সীতে	1
শেষকৃত্যটা	1
পূর্বাঞ্চলের	1
রেনসেন	1
ইচেনকো	1
স্পেৎস্নাজে	1
রেমার	1
টেস্টিকল	1
তুমিতে	1
হেকলার	1
সপ্তাও	1
আঁতাতের	1
পুশকিনকে	1
কেড়েছ	1
ঘুঘুর	1
দুর্ভাগাকে	1
অভাগাকে	1
দিকটার	1
দুর্বৃত্তরা	1
আত্মীয়স্বজনদের	1
মোসলেকে	1
মোসলে	1
ট্যাংকার	1
গ্যাসোলিনের	1
র‍্যালফিরে	1
ইন্ডাষ্ট্রি	1
পোষ্টিং	1
কাপড়গুলা	1
মাসী	1
মাসীর	1
বসিস	1
পুরণে	1
নারীরাই	1
নারীদেরই	1
জ্যেতিষী	1
খোঁড়া	1
পিওন	1
সপ্ত	1
ভ্রমান্ডে	1
পরিনামে	1
পড়াকালীন	1
অ্যপ্লাই	1
কুনজুর	1
নির্ধারণে	1
বসতাম	1
প্রজম্মের	1
সচারাচর	1
অ্যারেঞ্জ	1
স্বাতী	1
ইন্টারও	1
গোপী	1
ভাগভাগি	1
ফুঁকাতাম	1
ব্যঙ্গালোর	1
দেখেনিতো	1
দারকার	1
ভজন	1
অ্যরেঞ্জ	1
নিয়ক	1
পড়শী	1
কুকারে	1
হুইসেলও	1
শিক্ষিতের	1
নিসনি	1
অটোমোবাইল	1
খুলবোই	1
মামনী	1
আপুরা	1
খ্রীসমাস	1
রিসিপশানে	1
পক্ষকে	1
বরতো	1
হয়েছিলি	1
গুরুভায়োর	1
সন্ধ্যেয়	1
কিনতাম	1
ফায়াজ	1
আঁকিবুকি	1
বেলকনিতে	1
আঁকাআকি	1
আঁকতেই	1
ক্যানভাসে	1
আইতে	1
কইছিলেন	1
গরের	1
বাড়িখান	1
হেইয়ার	1
অপিস	1
তহনও	1
ওডেনা	1
পড়চে	1
বিহান	1
তহন	1
থাহুম	1
রাকমু	1
ইয়ামেরিকার	1
হগ্গলরে	1
কইয়েন	1
ট্রেনিংই	1
ভরসাটাই	1
তাতের	1
জীববিঞ্জান	1
দাঁতগুলা	1
ভুটকেল	1
অ্যাপ্রোন	1
চিংড়ী	1
ভুঁনা	1
ওভাবি	1
বসেছিস	1
ইন্সুরেন্সে	1
বেপারটা	1
গুরুভায়োরে	1
কর্নেন	1
ঘরনী	1
মালাই	1
তাড়ৃয়া	1
পৌঁছাতে	1
ললিতার	1
গেলও	1
যািই	1
মুভটা	1
কুট্টানও	1
ঔদ্ধত্ব	1
ল্যাপেও	1
নিষিদ্ধতাকে	1
প্রজম্ম	1
গ্রাজুয়েশান	1
কনসিডার	1
ঘনকালো	1
হরিনি	1
শিনা	1
চড়িনি	1
বিমনে	1
মিনক্ষী	1
ক্লায়েন্টও	1
বলিথান	1
ভাসুট্টান	1
হোসটেজ	1
চিরাচরিত	1
কেনাকাটায়	1
যেকোনটাই	1
পাঞ্জাবী	1
পালাঘাট	1
কাটিয়েছিস	1
কাজিনদের	1
মাঝেপথে	1
রুটিনতো	1
মায়ালাম	1
যীশুখ্রীষ্টের	1
যীশুখ্রীষ্ট	1
যীশুখ্রীষ্টকে	1
চিন্তো	1
কুনজুস	1
ভালমানুষী	1
চিউইং	1
বালাচন্দ্র	1
বাড়িরই	1
নোটিশে	1
জম্মেছি	1
জানতিই	1
গোকুলনাথ	1
ইট্টান	1
বয়ানই	1
আধ্যাতিক	1
দাতারা	1
ব্যঙ্গালোরে	1
ব্যাঙ্গালোরই	1
জ্যেতিষ	1
দুর্ণাম	1
কুড়াস	1
দ্বায়ীত্ববোধ	1
বেতরিবোধ	1
খোলাবেন	1
কারণেও	1
কুরুক্ষেত্রে	1
তালাকই	1
পেয়াঁজ	1
কালনাগিনী	1
বলেছিলেননা	1
রেসই	1
স্ট্রোকেই	1
সারাও	1
ব্যাকগ্রাউন্ট	1
সারারর	1
ভুগছিলাম	1
সয়া	1
হসনা	1
কিরনমালা	1
৩দিন	1
প্রাণায়াম	1
দ্যাখতাছি	1
বিতরে	1
ফির্রা	1
হইরা	1
কুতায়	1
আম্মারে	1
অইচে	1
চইল্লা	1
গেচে	1
করতাচে	1
ওহানে	1
গোছায়	1
যাইতেছো	1
হরে	1
থাহো	1
মাইয়ের	1
দেহায়	1
যাকারিয়া	1
স্পন্সার	1
ওগুলাতে	1
লিলাম্মা	1
রাকেশ	1
কোনো	1
অন্যান্যদেরও	1
ভোগাবে	1
ভুগেছিলেন	1
মান্নাদিয়ারের	1
মডার্ননিজম	1
প্রার্থণা	1
পূণ্যকে	1
গল্পকি	1
দিবানি	1
দ্বায়ীত্ব	1
কমকিছু	1
ছিলিরে	1
গ্যালারীতে	1
পরীক্ষাগার	1
টেষ্টিং	1
রেট্রোভাইরাস	1
শিম্পাঞ্জির	1
চাঞ্চল্যকর	1
নিষ্পত্তিতে	1
এপসেরা	1
নশ্বরতা	1
এয়ারপোর্টে	1
কর্মকর্তাগণ	1
অন্তরন	1
নাগররিক	1
কার্যাবলী	1
সংক্রমণের	1
কাটাছিড়া	1
বলামাত্র	1
সাবার	1
অস্ত্রশক্তি	1
পুনর্নির্মাণের	1
টপস	1
আক্রমনাত্নক	1
অপ্রয়োজনে	1
রুটেও	1
বিদ্যূৎ	1
গ্যাসিফায়ার	1
প্লানেটের	1
হিপি	1
ডিপি	1
তাদেরদের	1
পরিপাকে	1
টেরী	1
গাধু	1
ফুগলি	1
যোগাযোদের	1
টাওয়ারে	1
অ্যাশকে	1
কোবার	1
জনতাম	1
ওয়ের্নার	1
কোবাকে	1
কোনপথে	1
ফিনি	1
বেইসের	1
বংলা	1
চিমটিই	1
স্প্রিংবোর্ণ	1
নেচেও	1
অপছন্দনীয়	1
ভাষাবিদকে	1
জার্মানই	1
ক্রিপ্টোগ্রাফার	1
আনতেন	1
গাদাগাদা	1
ঢোকালেই	1
মিলিয়নই	1
বেছেছি	1
দলীয়ভাবেই	1
নলে	1
জিনিয়াসমার্কা	1
অ্যালেক্সান	1
ব্রেকাররা	1
শতকোটিগুণ	1
অভিযোগটার	1
মেশিনই	1
মটরশুঁটির	1
ভায়োলেন্সে	1
সন্তুষ্টিটাকে	1
অন্তঃসারশূন্য	1
মিলিয়েছিলাম	1
শব্দজটটা	1
মিলিয়েছেন	1
করাটাকে	1
পরিস্থিতিতেই	1
ম্যাজেস্টির	1
অভঙ্গনীয়	1
খেলনাই	1
আয়োজনও	1
নাটকও	1
বার্জেস	1
ম্যাক্লিন	1
স্পাইরা	1
প্রফেসরই	1
আকামের	1
বাড়িওয়ালীও	1
উঁচুতলা	1
সংযোগটাই	1
কাড়ছে	1
সর্বকর্মা	1
ঘাঁটছি	1
আচরণেরই	1
তাড়াতেও	1
রাষ্ট্রদ্রোহের	1
ফেনায়	1
দ্বিতীয়জনকে	1
ভালুককে	1
লাগবেও	1
মূলদ	1
বীজগণিতের	1
অয়লারের	1
কোণাকুণিভাবে	1
পেঁচাও	1
রোটরের	1
সার্বিয়া	1
লিথুয়ানিয়া	1
২৪টিরও	1
গিয়ারগুলো	1
সংস্থানও	1
বাঁধও	1
তাড়ান	1
পাবের	1
দিমাগেই	1
অশালীনতার	1
ব্যাটালোকের	1
কোণাকুণি	1
হিউর	1
ছড়ানোই	1
কাঁদেন	1
পুষ্পরেণুতে	1
ইমিটেশন	1
পরীক্ষণপাত্র	1
পরীক্ষণপাত্রের	1
তাকাইনি	1
সাথেরটা	1
এঙ্গেজমেন্টেই	1
গড়ায়নি	1
আজবরকম	1
ফ্লার্টিং	1
সিলি	1
হিল্টন	1
অক্ষরগুলোতে	1
স্ক্র্যাম্বলার	1
আটকানোটা	1
কেএমএস	1
নাৎজিবাদকে	1
অ্যাডমিরালের	1
বোটগুলোর	1
বহরটায়	1
কার্লাইলে	1
ডেনিস্টনও	1
কোনগুলোকে	1
তথ্যভাণ্ডার	1
হিমলারের	1
৬৩০	1
ডিক্রিপ্	1
ব্রিটেনেরই	1
চরকে	1
ব্রিটিশদেরও	1
জোওনকে	1
ভাতও	1
সংসারের	1
মিত্রশক্তিকে	1
স্তালিনগ্রাদ	1
আর্ডেনের	1
নর্মান্ডির	1
বিজয়গুলো	1
নাৎজিবাদের	1
নৌবহরের	1
গৌরবোজ্জ্বল	1
দৈবক্ষমতার	1
মোর্কম	1
মোর্কমের	1
যক্ষ্মা	1
হরমোনাল	1
বন্ধ্যাত্বকরণ	1
বানানোরটার	1
জক	1
ভবিষ্যৎটা	1
হতশ্রী	1
পূর্বসূরী	1
সানস্পট	1
অল্পজন	1
ওয়ারপ্যাথ	1
ছিলামই	1
ফিরাবে	1
সত্তরের	1
শান্তিচুক্তিতে	1
আশানুরূপ	1
বহুরূপতার	1
হত্যাকাণ্ডটা	1
ইলাস্টিকের	1
পঞ্চাশটা	1
নাগরিকদেরকেই	1
শান্তিপূর্ণভাবেই	1
রুশরা	1
দশভাগ	1
মানবসম্প্রদায়	1
স্যাপিয়েন্সের	1
নিয়েন্ডারথ্যাল	1
পারের	1
গন্ডগোলের	1
বসতবাড়ির	1
হারবেন	1
ইন্ডাস্ট্রিজে	1
ছেলেগুলাকে	1
মাকুন্দ	1
শুটকিই	1
বিস্টু	1
ট্রফেসর	1
সাইনটা	1
জেনেটিক্স	1
নাতকুড়	1
দোহাইয়েই	1
ম্যাগনিটোকেও	1
ফাইট্টা	1
জন্মিলে	1
মরিতে	1
ভারসাম্যে	1
আকাল	1
ভিত্তিটা	1
তেলেসমাতির	1
মর্দ	1
ডিসির	1
স্কার্ফটা	1
ভ্রমণসূচীটা	1
নিবন্ধনটা	1
শর্তগুলোও	1
যন্ত্রণাবিশেষ	1
নিরাপত্তাসম্পন্ন	1
বাপুহে	1
ভবনটি	1
বিভক্তিকরণের	1
ইগুজিমা	1
ইন্তেজার	1
ঙে	1
খতরনাক	1
ভিশুমাক	1
ঢিসুম	1
ঢুসুম	1
এফই	1
সিআইই	1
আটকাবস্থায়	1
হাঁটছও	1
ককপিটে	1
মোছো	1
অগণিতজন	1
চুমুকও	1
কর্তাব্যক্তিরা	1
পৌঁছাচ্ছেন	1
রয়্যালে	1
পররাষ্ট্রমন্ত্রীকে	1
প্রতিরক্ষাহীন	1
পাহারারত	1
হ্যারিয়ার	1
জেটের	1
থার্মো	1
লকহীড	1
বোয়িংয়েই	1
গাইডিং	1
দেখবোই	1
আক্রমণকারীর	1
এলিয়টের	1
কীসবের	1
বাঁধল	1
হত্যাকাণ্ডেও	1
ধাতুতেই	1
চেহারাতেও	1
আক্রমণেরও	1
পোয়াও	1
স্ক্রুও	1
ঠাসবো	1
শেখাওনি	1
বলবও	1
জিনেই	1
সেসবকেও	1
জেনারেটরটা	1
এখ	1
অতসব	1
নিজেরটার	1
ভয়ঙ্করই	1
লোগানকে	1
ন্যায়বান	1
অনিঃশেষ	1
পেছনদিকের	1
নেটওয়ার্কেই	1
তিনটাতেই	1
সময়তত্ত্বে	1
অশোষণযোগ্য	1
অবশ্যম্ভাবীই	1
মারারই	1
সংবাদকর্মীগণ	1
মার্কিনী	1
ওপেনহাইমারের	1
এতগুলোকে	1
হয়েছিলটা	1
ভিন্নদের	1
পরিণতিই	1
মরারই	1
আস্তরণটা	1
সম্মানীর	1
ছুরিতে	1
বাঁহাতি	1
খোয়ালো	1
মিঙ	1
ডকল্যান্ডস	1
ছয়তলা	1
বেয়েছে	1
কুনকে	1
লুকিসকে	1
গুপ্তসংকেতের	1
পারবারিক	1
এ্যান্ডি	1
কাস্টোডি	1
সার্জেন্টদের	1
ডায়েরীটা	1
ক্রিমটার	1
লেবেলটা	1
লুকিসও	1
ফুলদানির	1
পর্যটকদেরকে	1
ইগন	1
রন্যায়	1
সিরামিক্সের	1
দায়িত্ববোধসম্পন্ন	1
ক্রীড়াবিদ	1
উল্কিটা	1
আরেত্তেরি	1
গুপ্তধনটা	1
সম্রাজ্ঞীর	1
ট্রামওয়েতে	1
ড্যালিয়ানে	1
সুগন্ধীযুক্ত	1
টাট্টুকে	1
র্যাট	1
নরদার্ন	1
শ্রাদ্ধের	1
ডিঁকিটা	1
ধোলায়ের	1
ঢেঁকিরা	1
চাদুরা	1
হুমুক	1
ডোহ	1
ভ্রমণেরও	1
আআআআআআ	1
ছাগলদেকে	1
কার্যকারিতার	1
পরিচালনাকারীর	1
বাজিস	1
আআআআ	1
ঝুলায়	1
বিস্ফোরকটি	1
সাংবাদিকদকও	1
প্রদর্শনিতে	1
বোকচোদকে	1
বিস্ফোরনের	1
ধইঞ্চাটাকে	1
পদোন্নতি	1
তামাশাপূর্ণ	1
চালকটি	1
দিবাগত	1
সারাদেশের	1
পেয়েছন	1
আরকেবার	1
মরলেন	1
ডাইলগ	1
জ্বালিয়েই	1
রঙ্গলীলা	1
ধইঞ্চার	1
চমকিয়ে	1
বোকচোদটা	1
টিকেটস	1
কাটবি	1
পানশালা	1
একাবার	1
খরিদদার	1
যাবে্ন	1
ইয়াকুজাও	1
রাজ্যর	1
ইয়াকুজার	1
মাদকদ্রব্যসহ	1
সড়ো	1
বাপচাঁদ	1
ড্রাইবারটা	1
ভিররে	1
ইমেলে	1
ফুপা	1
ফুপির	1
তাড়ছিড়া	1
মাদকদ্রব্যের	1
ঐসবের	1
চাকুরীজীবীদের	1
কবরটাও	1
খুড়বে	1
মাতাপিতার	1
লবডঙ্গা	1
বুদ্ধিমতে	1
ফইট্টার	1
ফইট্টা	1
পিছ্ন	1
ভেলোর	1
জানাশুনা	1
ফরমের	1
আঙ্কিতা	1
পারসোনালই	1
৯৪৪৪৪০৪২৯৬	1
জিঙ্গাসা	1
ছিড়ছিস	1
অঙ্কিতার	1
সধু	1
গুলাগুলির	1
খুজার	1
অর্ডারগুলো	1
থাম্বুরাম	1
সুস্থ্যভাবে	1
পেতেছিলাম	1
শুনাছিলে	1
পরিবেশটাই	1
পারেনাই	1
মৃত্যুদিন	1
দেখিছিলাম	1
ভুতই	1
বাচাইও	1
কিশোরলাল	1
ভিষণভাবে	1
মাইরালাস	1
লাগাইছো	1
বইয়া	1
ওয়াড	1
কনসেলরকে	1
চড়ের	1
ওনাকেউ	1
ইংরেজের	1
পুতরা	1
স্যামসাং	1
মেয়েগুলার	1
রাখলি	1
রিপোর্টাররা	1
চাকুও	1
ইন্ডিয়াতেও	1
পেয়াজটা	1
বুড়োগুলোকে	1
৪ই	1
এওয়ার্ডই	1
তাইলেও	1
এওয়ার্ডের	1
মারানোর	1
সদায়ান	1
জিবানন্দের	1
ক্রেতাও	1
কামারুদ্দিন	1
সানমুগামের	1
আছাপ্পানের	1
প্রশাশকের	1
টেম	1
অভিযোগপত্র	1
জবানন্দাম	1
সেন্থিল	1
জিবানন্দামকে	1
২৪০০	1
পয়সাতেই	1
মুহুর্তও	1
তাকবো	1
বৃদ্ধাশ্রমে	1
শ্রমীকদের	1
৫০হাজার	1
ঝুইলা	1
মাসই	1
চয়েসটা	1
আঈন	1
শুভমোহাম্মদশাওন	1
বাদিন্দা	1
সুনানী	1
পত্রই	1
কুলির	1
কোম্পনির	1
টাংগাইল	1
ছাপবো	1
ইডিট	1
মিটাও	1
কোকিলা	1
পরিচিতজন	1
ভালোমন্দ	1
কৃষকে	1
কৃষকরা	1
মিটবে	1
এনেকেই	1
বৃদ্ধকালেই	1
মহত্মা	1
কোণো	1
পাচটার	1
ড্যামে	1
পুর্বদিকের	1
পাইপেও	1
জিবাই	1
ক্রিমিনালী	1
কথারই	1
এংগেইজমেন্ট	1
এংগেইজড	1
দুইদিনেই	1
শিরাকের	1
বিজনেজের	1
তেত্রিশটা	1
জেলপলাতক	1
টেলিকাস্ট	1
আসুনতো	1
বুড়োগুলো	1
ডেভলপারদের	1
দুর্বিসহ	1
আবাদি	1
ঝৃন	1
৩জি	1
২জিই	1
সেইটাও	1
পানিছাড়া	1
করলিরে	1
কাথিরকে	1
সাক্ষরের	1
সাপ্লাইও	1
শতহলেও	1
অঙ্কিতাকে	1
ট্যাকুইটো	1
ঈগলদের	1
লাগসই	1
লিওয়েন	1
কম্প্রেশন	1
অরেঞ্জের	1
রেডনেককে	1
পিটিয়েছিল	1
আরিজোয়ানা	1
ফ্লাইন	1
হাওয়াইন	1
চেভি	1
আমন্ত্রষ	1
বিকিনিতে	1
মাধূর্য	1
লাইটহাউস	1
প্লেদার	1
চুলকানী	1
তালাগুলো	1
নামিয়েছো	1
ক্যাসিনাতে	1
পাবলিককে	1
চাপামারা	1
টাইনিয়ামের	1
বিঁচি	1
জোশেফ	1
কার্টওয়ালা	1
অবশ্যব	1
বদলেনি	1
বদ্ধরুমে	1
ডিনো	1
ক্যারলের	1
ব্রিউসটারের	1
এনিটার	1
এনিডা	1
হেব	1
ফোর্ডের	1
সুপারচার্জার	1
হেডার্স	1
মরগ্যান	1
কৌতুকগুলোর	1
চালাওনি	1
তত্ত্বীয়	1
স্ট্রয়	1
সাইল্যান্ট	1
দৌঁড়াবে	1
২২৮	1
সেপারটন	1
২৩৪	1
রাস্তাতেও	1
মনাকো	1
বৈধ্যও	1
স্পেক	1
আইডেন্টিক্যাল	1
প্রান্তটা	1
৬৮৪	1
বাম্পারে	1
হচ্ছেও	1
জুলিয়াকে	1
ফিনের	1
ইনগ্রামকে	1
নিমন্ত্রণও	1
রেসটা	1
আমরটা	1
ড্রাইভারদের	1
ক্যালফোর্নিয়ার	1
পাঁছা	1
সিটারকে	1
ট্রাফিকগুলোর	1
যাওয়াটাকে	1
মাসেরাটি	1
ফর্মূলা	1
দুম	1
তোমাকেব	1
৪১৭	1
ডেটট্রয়ে	1
জানালারে	1
উইওয়ার্ড	1
্যাম্পের	1
সটের	1
মডিফাইয়েড	1
ফোর্ড	1
উডওয়ার্ডের	1
সেটআপে	1
লিয়নে	1
সেটআপটা	1
অ্যাকাউন্টিং	1
মনহয়	1
বিস্টে	1
পাওয়রে	1
যাত্রীটা	1
ক্যাসিনা	1
গেটিনস	1
মোটাউন	1
ম্যারথন	1
বেধ	1
কিন্তু২	1
ওয়েস্টবন্ড	1
বিয়ারকে	1
টাইমটাকে	1
দৈৗঁড়ের	1
থেমেই	1
হিটস্	1
গুচি	1
বিয়ারটার	1
ফ্যাঙ্গস	1
ডেট্রয়েটে	1
ঈশরের	1
ফোর্ডে	1
নাড়িভূড়ি	1
বেপোরোয়া	1
স্টুপিডের	1
কসাইটাকে	1
স্টারওয়ালা	1
লাভারস	1
পাছাঁয়	1
ক্রিমাস	1
ঘূর্ণিপাকের	1
মানক	1
নারীটি	1
উচ্চারণওয়ালা	1
চুকিয়েছে	1
ব্রিটিশটা	1
কাঁকড়	1
ক্রিটিনস	1
রোডিও	1
নেবারাস্কা	1
ঘনঘটা	1
ফেলোনি	1
লিজিউন	1
জানালাটায়	1
ধরছিু	1
ইউনিটগুলো	1
৪৪৫	1
ফেলো	1
বাউন্টিকে	1
ড্রিফট	1
টায়ারা	1
সহজাতপ্রবৃত্তি	1
কুত্তীগুলো	1
এনিটাকে	1
বাউন্টি	1
ইউনিটস্	1
১১৫	1
আমারদেরকে	1
যেধরনের	1
ওকরম	1
লিয়নের	1
প্রত্যেকজন	1
স্টার্টিং	1
ভেরনে	1
ল্যম্বোরগিনিতে	1
ম্যাকল্যারেন	1
স্প্যানোতে	1
হারুরা	1
অ্যাগেরা	1
বেশ্যাটি	1
ছিঁটকে	1
বাউন্ড	1
স্যালেন	1
সুধীগণ	1
ম্যাকল্যারানে	1
স্পাইজ	1
ট্রিপস	1
ইউনিটম	1
লিথাল	1
পোর্স	1
মার্কারে	1
সন্দেহভাজনও	1
ব্রাউস্টার	1
মেন্ডো	1
সিন্ড্রেলার	1
স্মোকি	1
জিতলো	1
ল্যাম্বো	1
পাঁক	1
কলারওয়ালা	1
প্লেটস্	1
ভেশ	1
ক্রীটিনস্	1
কয়েন্সএগটি	1
কসে	1
টবিকে	1
বেতরে	1
বেনিকে	1
ভিরানশার	1
ভিরানশের	1
দুঃসপ্ন	1
মনঃস্থ	1
ডাব্বেঃ	1
টুকুর	1
কেড়েছিল	1
ডুকায়েব	1
আরাবী	1
অপরসায়নবিদ	1
আবাস্থলে	1
অপরসায়নে	1
আদ্ব	1
ভার্চুয়ালের	1
সেয়ফেত্তিনের	1
দুষ্টূ	1
বিধিশার	1
নিশার	1
পাচিনো	1
ভিডিওয়ের	1
আদেনত্রো	1
একশান	1
ঘরাণার	1
ফিল্মকে	1
হরুস	1
মিশরীয়এইশয়তানটাএএক	1
চোখেরজনক	1
হরুসের	1
মিশরীয়দের	1
লকেটের	1
রাশিফল	1
এসবকিছুর	1
ফাতে	1
নিভাবো	1
ঘুরালাম	1
ক্রসযুক্ত	1
গলালে	1
কিংকর্তব্যবিমূঢ়	1
ডাকছিলাম	1
হারুনকে	1
লুচু	1
সেইপটা	1
০১৬২৬৮৯৭০৫৩	1
লাইটলাগানোশেষ	1
স্কাইপে	1
আশপাশেই	1
মনঃচিকিৎসকের	1
বুঝাব	1
সাঙ্গপাঙ্গকে	1
বিলকিসকে	1
বিসমিল্লাহি	1
আলমারিটা	1
খেপাটে	1
খেপা	1
রূহের	1
মারুত	1
ফেরেশতাকে	1
শিখাতো	1
মারুতকে	1
ভুক্তভোগীদের	1
ঈসার	1
জ্বিনেদের	1
সজাগের	1
ভাগাতে	1
হিজরি	1
৩১২	1
কনস্টেটিন	1
শব্দগুলি	1
খাটাবে	1
তলপেট	1
সাল্লাল্লাহু	1
সূরার	1
মুরসালাত	1
স্তরগুলি	1
খ্রিষ্টধর্মে	1
মুরসালাতের	1
বুরসাতে	1
ঘাড়ত্যাড়ামি	1
ঘাড়ত্যাড়ামির	1
দাঁড়াতেও	1
ভন্ডামির	1
চালাবেনা	1
খ্রিষ্টানরা	1
আলাচাতি	1
ইজরাইল	1
মহামরী	1
কবরগুলির	1
কঙ্কালটা	1
পাষাণ্ড	1
ধর্মেই	1
কাফেরদের	1
শয়তানেরও	1
কবচগুলো	1
নষ্টকে	1
নষ্টতা	1
টুকাটের	1
নিকটের	1
বুরসার	1
খুনকে	1
বঙানুবাদে	1
ফ্ল্যাশের	1
পূর্বসূত্র	1
১৫৮	1
কর্মপদ্ধতিতে	1
ইমারজেন্সিতে	1
ক্রেনযুক্ত	1
ক্যামেরাগুলোর	1
ঝাড়ত	1
ফ্ল্যা	1
প্রভাষকদের	1
বকবকানির	1
ক্লাসগুলো	1
পরীগুলো	1
বজ্রটা	1
রেখাকে	1
রেস্টুরেন্টেনিয়েযেত	1
থানাগুলো	1
রেখাটিকে	1
প্রেমিকও	1
লিখেও	1
জানালেনা	1
ইন্সটাগ্রামে	1
ঘর্ষণরোধী	1
উপগ্রহও	1
মাঝেমধ্যেই	1
অ্যাঅ্যা	1
কেইটলিনকে	1
অ্যালেনকে	1
সেরেও	1
প্রেমজীবন	1
কর্মজীবনে	1
সিটিও	1
জিটার্	1
কাপুচিনো	1
গুনবিচার	1
কংকাল	1
চশমাও	1
প্রযুক্তিতে	1
ঔজ্জ্বল্য	1
গতিসুত্র	1
১৮৫২	1
জনপদে	1
আন্তঃমহাদেশীয়	1
শহরায়নের	1
বীরপুরুষের	1
খামারি	1
আরডাল	1
কন্সোলিডেট	1
লুটেছ	1
পরিচ্ছন্নতাকর্মী	1
অ্যালেনের	1
পাডাওয়ান্	1
নাইটক্লাবে	1
ডায়রিয়া	1
অজুহাতটা	1
রক্তনালীগুলো	1
স্নায়ুতন্ত্রের	1
পাশও	1
পরমাণুগুলো	1
পরমানুর	1
আন্দোলনও	1
তাপমাত্রাবলে	1
থিয়েটারগামী	1
সিস্কোরও	1
ডিগের	1
দলভুক্ত	1
মাইক্রোকম্পিউটার	1
উপচে	1
ত্রিমুখী	1
শুনেছই	1
হীরেটা	1
সহ্যক্ষমতা	1
সুদর্শনরা	1
জীর্ণশীর্ণ	1
জন্তুতে	1
বাকরদের	1
গোলাপটা	1
পিয়রে	1
ভেরোনার	1
তর্কপ্রিয়	1
অনুকরণীয়	1
আঁকাটার	1
মর্মপীড়ায়	1
নায়কগিরি	1
চিরকুমারীদের	1
এ্যাগাতার	1
বর্বরেরে	1
নিমন্ত্রণকারীকে	1
খাতিরদারির	1
ছিড়বে	1
বিদায়বেলায়	1
ক্যান্ডেলাব্রা	1
বরুশ	1
ওয়্যারড্রোব	1
ড্যে	1
গার্ডেরোব	1
সুনিপুণ	1
গায়িকার	1
ম্যাস্ত্রোকে	1
জনপদের	1
জন্তটার	1
হার্বাল	1
ইলং	1
ক্যমোমাইল	1
শয়নকক্ষ	1
মুগ্ধতার	1
খলবে	1
ছাড়িয়েছিলাম	1
ক্যাদেন্জা	1
কঠিনতর	1
লক্ষিসোনা	1
গাছটাই	1
অনাহারের	1
ভিলেনাভ	1
শুশুরের	1
শুশুর	1
ধংসাত্বক	1
পাপড়িটা	1
পুরাকীর্তির	1
শেকসপিয়র	1
হৃদয়ঘটিত	1
বেদনায়	1
বিলাপে	1
গুনেবার	1
লাঞ্চেলট	1
নটরডেম	1
স্যম্প	1
এ্যালেইজেস	1
মেলি	1
মস্তিক	1
বিকৃতির	1
এ্যাগাতাকে	1
সবচেয়	1
স্বদেশী	1
বলরুমে	1
ধুলোবালি	1
ফিনিশিং	1
পাগলাগারদ	1
সপ্তাহও	1
জন্তটা	1
দুর্বৃত্তকারী	1
তবিয়ত	1
আক্রম	1
ণ	1
নায়কগিরির	1
গ্যাস্টনের	1
চর্বিওয়ালি	1
ছোট্টটিই	1
বিয়াত্রিস	1
গজালে	1
রিভার‍ল্যান্ডের	1
ডোর্নিশ	1
ওয়েডিংয়ে	1
সন্তানসম্ভবা	1
ভেড়াগুলো	1
রীড	1
হাউল্যান্ড	1
রীডের	1
ব্র্যান্ডন	1
হার্ডহোমেও	1
মেইস্টাররা	1
ছেলেগুলোকেও	1
ছেলেদেরকেই	1
জনবলকে	1
নাতনিটার	1
উত্তরেরই	1
রক্ষণের	1
দিকটাতেও	1
লোকবলের	1
ফোকের	1
হার্ডহোমে	1
হার্ডহোমের	1
ক্যাসলটা	1
কারস্টার্করা	1
উত্তরবাসীর	1
প্রাসাদগুলো	1
দুর্গই	1
প্রাসাদগুলোর	1
স্মলজোন	1
কারস্টার্কও	1
দুর্গটাও	1
বিশ্বাসঘাতকদেরকে	1
বিদ্রোহীদেরকে	1
ভিটায়	1
উত্তরবাসীদের	1
লেডিদের	1
জফরিও	1
শাসনকার্যে	1
ঝকা	1
নোংরামিগুলো	1
অ্যান্ডালস্	1
সপ্তরাজ্যের	1
সমরজ্ঞান	1
সুরেই	1
টিরিওনকে	1
ভিড়াবে	1
ড্রাগনস্টোনে	1
স্টানিসও	1
দুর্গটা	1
প্রাসাদেই	1
দক্ষিণেও	1
ইলারিয়া	1
ওলেনা	1
উত্তরেও	1
টাইরেলদের	1
টাইরলদের	1
গবাদিপশুও	1
টাইরেলরা	1
ডথোরাকি	1
আনসালিড	1
মেলাবেই	1
হারলেই	1
টমেনের	1
ল্যানিস্টাররাও	1
ওয়াল্ডার	1
গ্রেজয়দেরকে	1
গ্রেজয়কে	1
শপথভঙ্গ	1
কাঁটাই	1
খুনোখুনিতে	1
আয়রনবর্নদের	1
ড্রাগনরানীকে	1
বিশ্বাসঘাতকগুলোই	1
গ্রেজয়রা	1
নৌবহরে	1
সূচনাটা	1
চেলেছিলে	1
ফাঁটলের	1
দুর্গতি	1
অনুপ্রবেশকারীদেরকে	1
শত্রুদেরকেও	1
রূপসীকে	1
মদখোরের	1
মেইস্টারদের	1
উৎসগুলোর	1
বিদায়ে	1
হেনে	1
ব্ল্যাকওয়াটারের	1
সগর্বে	1
হাউন্ডকে	1
মোকাবেলাতেই	1
ব্রিয়ান	1
র‍্যামজি	1
বোল্টন	1
ছাড়াতেও	1
রিভারল্যান্ডে	1
টুইন্সে	1
ফ্রেদের	1
রোমাঞ্চেই	1
সৈনিকেরাও	1
রানিকে	1
ঘোরাঘুরির	1
ঝোড়ো	1
মানবশূণ্য	1
ধোঁয়াও	1
চামারকে	1
কাটাছিল	1
ডোনডারিওন	1
কেউবা	1
উপাসকের	1
মিশেছে	1
ক্যাসলও	1
সূঁচালো	1
লাশগুলোর	1
মৃতরাও	1
লেজেন্ডস	1
স্টানিস	1
স্টর্মবর্ন	1
গাঙই	1
ছাদটাও	1
হোমওয়ার্কও	1
টিচারও	1
ধর্মসভার	1
ইস্টারে	1
চায়োংসিম	1
আরেহ্	1
পাজীর	1
বিচ্ছুর	1
ইয়োনা	1
ইয়োনাকে	1
ইয়োনার	1
সর্বাবস্থায়	1
হিউজা	1
তাইওয়ানিজ	1
কয়েকটার	1
ফিঙ্গারপ্রিন্টই	1
দামেও	1
শক্তিকেন্দ্রের	1
বৃত্তটাও	1
শাইদের	1
কয়েদীদেরকে	1
নিখোঁজদের	1
জোসিয়নে	1
সেইয়িং	1
লেখাতেও	1
সালেও	1
জাপানিজদের	1
ফলশ্রুতিতেই	1
সেসময়কার	1
অবস্থানও	1
কুসন্তানের	1
৭৫টা	1
বাসিন্দারাই	1
সময়রেখা	1
চিরটাকাল	1
অবিচারই	1
সুদীর্ঘ	1
প্রায়শ্চিত্তগুলো	1
সাবটাইটেলটিঅনুবাদকরেছেন	1
টাস্কি	1
সারমর্ম	1
রূপাঞ্জেলা	1
গথেলর	1
ফিদেলা	1
কাচুলি	1
নাজানা	1
এথেল	1
ভোজনানুষ্ঠানের	1
ওহোহো	1
মোই	1
স্ট্রবেরির	1
সরবতের	1
রোচেস্টারের	1
রুহারফোর্ড	1
কোয়ানটিকোর	1
ভ্যাকুনার	1
প্রাত	1
ভোজনানুষ্ঠান	1
চিবানোর	1
ডিউকগণ	1
মারকিউস	1
ভোজানুষ্ঠান	1
আদেশেই	1
একাকীত্বর	1
গোফ	1
প্রজয়ন	1
ভাজতে	1
কিশোরীদের	1
জটের	1
একটুকরো	1
রহস্যভেদ	1
ফিদেলার	1
পেছিল	1
দাঁড়িও	1
ইউজিনকে	1
লুকাতেও	1
আঙিনায়	1
কিশোরীরা	1
রূপাঞ্জেলের	1
যুদ্ধবিদ্ধস্ত	1
হোয়াঃ	1
প্রন্টো	1
পরিহিতা	1
মঙলের	1
অভিবাষী	1
প্রতিশ্রুতিকে	1
সন্ত্রসীদের	1
টিউক	1
চোরকেও	1
পারবব	1
খোঁপার	1
হাঃহাঃ	1
ছুয়েছিলে	1
ঠিকের	1
অজ্ঞাতে	1
জায়গায়য়	1
দয়াকরেমুভিটিশেষ	1
সেকেন্ডপর্যন্তদেখুন	1
দিনামানি	1
খেলাতো	1
বলও	1
বিরু	1
বাইরাভার	1
পোকায়	1
বীয়ার	1
বিয়েটাই	1
শ্যায়লু	1
কুরিয়ারের	1
শৈলজার	1
৩০০টা	1
বুঝলোনা	1
কোট্টামের	1
ইনডিকেটর	1
আস্তিনে	1
থাকিয়েন	1
বী	1
পুলিশটাও	1
আমকেও	1
মালারভিড়িও	1
আর্য্য	1
ট্রাভেলস	1
কাল্লিদাইকুরচি	1
স্নেহময়	1
ইন্টারমিডিয়েটে	1
নাগেরকোলি	1
ডাক্তারিটা	1
খানিকের	1
নামরে	1
কেরালাতে	1
ক্লাসরুমগুলোও	1
প্রোমোটারস	1
শিক্ষাতে	1
আওওওওওও	1
পড়ালেখাও	1
বেচেছে	1
কোনোপ্রকারে	1
পালসটা	1
স্টেথোস্কোপ	1
স্পেশালী	1
৬০টা	1
কাকপক্ষীও	1
স্টুডেন্টের	1
স্মার্টফোন	1
মাদকদ্রব্যও	1
নেশাসক্ত	1
রিপোর্টও	1
ফ্রেন্ডও	1
ঘুমাবি	1
ছাত্রীবস্থায়	1
মালারভিড়ির	1
উক্ত	1
যোগাড়ের	1
ফিরছিলো	1
রক্তারক্তি	1
কেটেছিলো	1
পেনড্রাইভটা	1
প্রাণটা	1
মাতৃগর্ভে	1
টলেজ	1
দেয়ালেও	1
মানাতো	1
উৎসই	1
কলমদানি	1
ইডলি	1
ইডলির	1
ফর্মালিটি	1
কোয়ামবেদুতে	1
চলর	1
গুণ্ডাও	1
জ্বালাচ্ছেন	1
পড়াতেই	1
ক্রোমোজোম	1
নিষেক	1
গর্ভাবস্থা	1
ম্যাজম্যাজ	1
নাচাইতে	1
দেবেরও	1
হাসাবে	1
পুরুষও	1
১জন	1
ইভটিজিংরত	1
চাকরীটাও	1
কসাইরা	1
তিরুনেলভেলিতেই	1
গুলিতেও	1
শেষমুহুর্তে	1
শুনানিতেই	1
এতিমই	1
মুয়া	1
চিন্তাধারায়	1
মোবাইলও	1
ওভাররুলড	1
কেউটা	1
উসকিয়ে	1
আত্মাই	1
কুম্বাকোনাম	1
নেভার	1
তাম্বারামে	1
কাল্লাইকুরুচিতে	1
আত্মহত্ম্যা	1
অধ্যয়নরত	1
কালেক্ট	1
সাজাটা	1
অভিভাবকদেরও	1
অ্যাওয়ার্ডও	1
প্রধানমন্ত্রীকেই	1
এজেন্টটার	1
হাঁপানি	1
এইচ্চা	1
কিয়া	1
দেখচে	1
মাথামুথা	1
গেচেনে	1
ইনহেলারে	1
মিশানো	1
ভিরামকে	1
হেসেছিলি	1
ননস্টপ	1
এসাক্কি	1
তোরাও	1
বুঝলিনা	1
১৪৪০টা	1
নাগেরকোলির	1
মালারভিড়িকে	1
আমজনতা	1
বিল্ডিংকে	1
সহযোগীদেরও	1
পাল্লায়ামকোটেয়াই	1
পুড়াল	1
গার্ডস	1
শিক্ষার্থীদেরও	1
কলেজগুলোকে	1
অসমর্থন	1
শিক্ষাব্যবস্থায়	1
শিক্ষকেরও	1
সহজবোধ্য	1
উপাদানও	1
ভৈরবা	1
গোছার	1
বুগাটির	1
স্টেইনওয়ে	1
কাটস	1
পিয়েরো	1
ফ্রানসেসকার	1
নেটাভিটি	1
বেসুরো	1
নির্মাণশৈলী	1
কলোনাইজেশন	1
কনভেন্যান্ট	1
২১০৪	1
১১৪০	1
নিউট্রিনো	1
জাগান	1
ক্রিও	1
জেকবের	1
বেগটা	1
আগ্রহও	1
কলোনিস্টদেরও	1
ব্রানসনের	1
খুঁটিগুলোর	1
ভেহিকলগুলো	1
আর্মিং	1
পাইওনিয়ার্সদের	1
কাঠও	1
রেশিওনাল	1
গুটাচ্ছি	1
কমিউনিকেশনে	1
কাঁপা	1
কাঁপি	1
ডেনভারকে	1
জিওমেট্রিক	1
ডেটাও	1
সৌরমণ্ডলের	1
জীবমণ্ডলের	1
এড়াল	1
তন্নতন্ন	1
খুঁজেছিলাম	1
জাম্পের	1
নির্ভয়েই	1
সিমুলেশন	1
ছুটবেন	1
কলোনিস্টকে	1
টক্স	1
আয়নোস্ফিয়ার	1
থার্মোস্ফিয়ারে	1
কোঅরডিনেটের	1
লঞ্চিং	1
ভামটা	1
বুড়োও	1
লুচ্চাজাদা	1
এক্সোফেয়ারে	1
ইয়গা	1
গমগুলো	1
ইকোলজি	1
কারিনের	1
জিনিষগুলো	1
ইন্ডাস্ট্রিজ	1
করছিলটা	1
কোয়ারান্টিন	1
ছোঁয়াবে	1
শোয়াও	1
গ্লভস	1
কারিনকে	1
বালগুলা	1
চিল্লায়ে	1
শিপই	1
প্রমিথিউসের	1
ল্যান্ডিঙের	1
হুটোপুটি	1
ক্রাশে	1
সচক্ষে	1
রবিনশন	1
ক্রুসোর	1
জৈবদের	1
ইনকিউবেটরে	1
গাড়ুন	1
কলোনিস্টদের	1
মিঃশব্দে	1
সিগারেটে	1
ঘটতেও	1
অজিম্যান্ডিয়াস	1
রাজাধিরাজ	1
কালচক্রের	1
আবর্তনে	1
মরুবালি	1
কিমির	1
হুকুমে	1
অফিসারে	1
পোর্টস	1
রোজেন্থাল	1
জীবটা	1
ডিপ	1
এঞ্জিনের	1
জুয়োলজিস্ট	1
লিকুইড	1
পরমাণুতে	1
ভাইরাসগুলো	1
ধৈর্যই	1
পরজীবীরা	1
জন্তুরা	1
রোজেন্থিয়াল	1
ক্যাপ্টেনটা	1
ডেভিডটা	1
সৃষ্টিতে	1
চিরবিদায়ের	1
বিলুপ্তপ্রায়	1
বাঁদরও	1
নিয়ান্ডারথাল	1
নলখাগড়ার	1
অজিমেন্ডিয়াস	1
শেলি	1
সিম্ফনিই	1
বিড়ালটার	1
মডেলগুলো	1
আলোকসংকেত	1
ফ্যান্টমের	1
খোটা	1
মাদারকে	1
ডায়াগনস্টিক	1
হেক্সের	1
কোয়ার্টারের	1
টার্ফে	1
আঠারোতে	1
জগতটাও	1
নিশ্চিন্তি	1
রেইনগোল্ড	1
কলোনিস্টেরা	1
বোমাটারে	1
নাআআআআআআআআ	1
অনূভুতি	1
ইয়্যাহ	1
সার্থহীন	1
নানানানানা	1
গেসো	1
ভঙ্গিটা	1
মেরেডিথ	1
মহাকাশচারীর	1
ডাইমেনশনাল	1
কপাকপ	1
দুদুতে	1
টিপছিলাম	1
সভারিনরা	1
গার্ডিয়ানরা	1
পন্থাই	1
টাকলিকে	1
ভাবেটা	1
জীনের	1
ওভেট	1
নড়ত	1
শুনালে	1
ইয়ারো	1
ভং	1
করছিলিটা	1
বুঝিই	1
মোটিভেশনে	1
সোভেরিনরা	1
ছেঁড়াছিঁড়ি	1
ব্যাটারিগুলো	1
অমান্যের	1
সর্ব্বচ্চ	1
হবিটাল	1
বেরহার্ট	1
গ্রহাণুপুঞ্জের	1
শুবি	1
বালশে	1
হাগুতে	1
গ্রহাণুর	1
ধাড়াক্কা	1
পাখানা	1
দাদাগিরির	1
ঠেলছ	1
মহিলাকেই	1
এলিটা	1
চুনকালি	1
রেভেজারসরা	1
ফ্লেমস	1
অরগর্ডের	1
উডোনটা	1
খুঁজলেন	1
বাঁদরটাও	1
পটবে	1
ক্রিরা	1
পেরুসরা	1
রেভেজাররা	1
জারডু	1
হ্যাসেলফ্রাউয়ের	1
ডেফিড	1
পিচ্চিদের	1
রাইডারের	1
শুটিঙে	1
হ্যাসলহফ	1
শিয়ালটার	1
ওয়েতে	1
সহমর্মিতাকে	1
টেলিপ্যাথি	1
ওভাররিএক্টিং	1
দুঃখীকে	1
পাড়ানোয়	1
গ্রুটকে	1
বাট্টুর	1
ফলব	1
বেইমানী	1
কোপাকুপিই	1
ঝিলমিল	1
পরমাণুগুলোকে	1
দেবারও	1
মেরেডিথের	1
বেসেছেনই	1
টেজার	1
পিটতে	1
টেজারফেসে	1
টেজারফেসের	1
থানোসের	1
শিয়ালটাকে	1
নাচাবে	1
ট্রেনিঙে	1
খেদিয়ে	1
গভীরের	1
ছ্যাঁচড়কে	1
নিবাসে	1
গ্রহটায়	1
কুৎসিতকে	1
সুন্দরেরা	1
মাছিকে	1
ড্রাক্সকে	1
দরজীর	1
চামুণ্ডারা	1
কৃদের	1
রেভেজার্সদের	1
ওরলনি	1
ভরকারের	1
ঘুমানের	1
মাথাটাই	1
কোয়াড্রান্ট	1
আয়েশাকে	1
ভবলীলা	1
দোপেয়েদের	1
ডিয়ান	1
টম্পর্ক	1
পৃথিবীতেও	1
অর্ধেকটারই	1
ঘুমচ্ছ	1
মর্জিনা	1
তেলেবেগুন	1
লুকিং	1
কম্পোজিশনগুলোর	1
পাঞ্জেরির	1
পাঞ্জেরীকে	1
মর্ত্য	1
স্কেলেটর	1
হিথার	1
লকলার	1
চুম্মাচাটির	1
মাখানোর	1
পিওনের	1
মহব্বতের	1
ঘোরাব	1
তমও	1
সুরঙ্গে	1
বিস্তারের	1
ভাবোটা	1
আসকাভারিয়ার	1
গাধারবাচ্চা	1
নিয়ন্ত্রণেই	1
ছানাটা	1
পাইলটস	1
এনভয়	1
পৃষ্ঠতলের	1
শেখাচ্ছিল	1
ছুঁড়ছিস	1
রিঅ্যাকশনের	1
বোমাটাকে	1
কোরের	1
বোতামটায়	1
টেপও	1
রেয়ার	1
সোভেরিনদের	1
পোপিন্সের	1
পোপিন্স	1
কোয়াড্র্যান্ট	1
ক্র্যাগলিনের	1
মেন্টিসকে	1
গুরুদায়িত্ব	1
শতকোটিতে	1
ওয়াকম্যান	1
চারাগাছটার	1
শ্বাসরুদ্ধর	1
থানোসকে	1
জাঙ্কার	1
ইয়ন্ডুরও	1
শবযাত্রা	1
ঝাড়িও	1
ডোপ	1
লতাপাতায়	1
ডাচম্যানে	1
ড্যাচম্যান	1
শাপমোচন	1
খন্ডনো	1
ট্রায়াঙ্গলে	1
ক্যারিবিয়ান	1
বিজ্ঞানমনস্কা	1
ক্যারিবিয়ানের	1
১টন	1
দুর্নীতিপরায়ণ	1
ছুকরিকে	1
চন্দ্রগ্রহণের	1
নিষ্কর্মার	1
মৃত্যুকূপের	1
কাপ্তানের	1
মেসোডনিয়ার	1
ধনসম্পত্তি	1
সবকটাকেই	1
মনার্কের	1
স্রোতেও	1
পলায়নকারী	1
এমনকী	1
প্রেতেও	1
দেবতাগন	1
গ্যালেলির	1
জ্যোতির্বিজ্ঞানীরা	1
ত্রিশূলও	1
কাপুরুষটাকে	1
ডাইনিটার	1
পাইরেটস	1
বিভক্তির	1
সোয়ানের	1
ঘোরেও	1
হিজড়ার	1
চন্দ্রগ্রহনের	1
সালামান্দার	1
সান্ডোবাল	1
চৌকাঠ	1
ত্রিশূলেই	1
দোহন	1
সালজার	1
ডাঙাতেও	1
স্কেলিটনের	1
স্কেলিটন	1
মেয়নিজ	1
তামাডি	1
বদলায়ছি	1
তোমরার	1
হাঁটিয়ে	1
অস্বচ্ছ	1
বুদ্ধিকে	1
কোঠর	1
গরগর	1
জলদস্যুটাকে	1
প্রক্রিয়াতেই	1
খেদমতে	1
সম্মানত্বে	1
কাপুরুষকে	1
বন্দীদ্বয়	1
মাতামাতির	1
ডাইং	1
স্হির	1
জলদস্যুরাও	1
জলপরির	1
বাঁচানোই	1
গতরাতেই	1
সাঁতারে	1
ডাইনিকেও	1
ল্যাফটেন্যান্ট	1
ম্যাটাডোর	1
সাগরকেও	1
করেওছিলাম	1
সহসাই	1
ট্রায়াঙ্গল	1
জাহাজটাও	1
কুন্ডুলির	1
শ্রদ্ধার্ঘ্য	1
লন্ডনেের	1
সমুদ্রপৃষ্টের	1
হরোলজিস্টও	1
নির্মাণবিদ	1
কাঁদতেন	1
হরোলজি	1
বদকপালি	1
দরিয়াতে	1
কটাকে	1
হরোলজিস্টের	1
দিগ্ভ্রান্ত	1
মাঠিতে	1
ক্যারিনায়	1
পাচড়ার	1
আরুবার	1
জবানের	1
হ্যাংম্যানস	1
বিয়াট্রিস	1
তাকানোই	1
আইনানুগ	1
নববধূকে	1
ব্ল্যাকবিয়ার্ড	1
মাটিই	1
অবস্থানই	1
ভূতগুলো	1
যুক্তিতেই	1
হুমকিতে	1
মলাটের	1
আতুর	1
জিবের	1
গোপনীয়তাটা	1
বদসুরত	1
বানরটাকে	1
রেডকোট	1
রেডকোটস	1
ভিড়াও	1
নক্ষত্রগুলো	1
ত্রিশূলই	1
সমাধিস্থল	1
দ্বিখন্ড	1
সমুখে	1
অনুবাদকঃআতিকুলগনিরিপন	1
জ্যাকসপ্যারো	1
মাএ	1
সেলেভার	1
মৃতু্্য	1
বিস্কিটের	1
গোলোকে	1
মাথাগুলো	1
মেরুগুলো	1
ডিঙ্গেল	1
২২টি	1
ছেদক	1
মাড়ির	1
মইনেস	1
২৩নং	1
ম্যাপলে	1
গোলোকটাকে	1
পিচকে	1
গুরগুরানি	1
ডিমই	1
খরগোশেরা	1
চন্দ্রমানব	1
ম্যানি	1
ম্যানির	1
ল্যাপ্রিকন	1
গ্রাউন্ডহগই	1
পাইপকে	1
মিশিগানে	1
ক্লাউডি	1
গাম্ভীর্যে	1
সর্দিকাশি	1
জ্যাকফ্রস্টটা	1
ফেইরীর	1
মজাগুলো	1
ফেইরী	1
স্লেজটা	1
ফেইরিকে	1
দুঃস্বপ্নেরা	1
তুষারঝড়ে	1
ইয়েতিগুলো	1
সেবাযত্ন	1
বস্তার	1
বানিকে	1
ফেইরি	1
টেম্পলটন	1
ভাবালুতা	1
মসলাযুক্ত	1
বাঁদড়ামি	1
কল্পনাজগতে	1
ঠিকাছি	1
ত্রিভুজাকৃতির	1
বন্ধনই	1
সেদিনটাও	1
ধাকতো	1
খেলবেন	1
মাঝরাতেও	1
মূঠোয়	1
২০৫৭	1
ঠেঁকাতে	1
বাবুই	1
উপপসস্	1
ব্রিফকেসও	1
ল্যামের	1
স্বভাবই	1
মুঁঠোয়	1
কার্যকারীতা	1
জন্মতারিখ	1
গুঁটিগুলোর	1
মনোযোগও	1
গুঁটিগুলো	1
গুঁটিও	1
নোটিশে	1
কুকুরছানাদের	1
শিশুদেরকেই	1
আকাঙ্ক্ষার	1
ল্যাবরাডুডলের	1
পিকা	1
চুউইনি	1
চুইউইনি	1
শার	1
পেই	1
কুকুরছানাটি	1
কনভেনশনেই	1
প্রতিযোগিতাটা	1
হুঁমকির	1
অন্যায়কে	1
জয়ীদের	1
স্টিকস	1
নাঁকফুল	1
ভ্রুতেও	1
উউপপসসস্	1
একইঘরে	1
দীর্ঘকায়	1
মিনিটগুলো	1
ঘন্টাগুলো	1
ম্যাককার্টনি	1
বিংকি	1
পাপিশ্	1
হাশি	1
টুটসি	1
শক্তিতেই	1
আলিবাবার	1
শ্রেষ্ঠদের	1
শ্রেষ্ঠরাই	1
কুমড়াও	1
বে্বি	1
আদর্শে	1
ফ্যা	1
ডেক্স	1
টেমপ্লেটনদের	1
গোঁছানো	1
ফর্মুলাটাও	1
নিনজাদেরকে	1
মেমোই	1
বোরিংই	1
বানিজ্যেও	1
হানসেল	1
বুঁড়িটাকে	1
চুঁলোয়	1
মানুষখেঁকো	1
কাঁটছে	1
সুঁড়সুড়ি	1
ভালোওবাসেনি	1
বাবুকেও	1
খূশি	1
পুলও	1
বাই্	1
চোঁথ	1
খসখসে	1
চুলকানো	1
পিচ্চিদেরকে	1
কর্পে	1
হটশট	1
চূঁড়োয়	1
কমোডও	1
কোনোকিছুরই	1
ল্যাক্টোজের	1
ডিরেক্টররা	1
মধ্যমনি	1
ফর্মুলাও	1
হাউজচাইল্ড	1
হাঁদাটার	1
হেঁগে	1
কেকা	1
ঘুর্ণিঝড়	1
ব্স	1
তাঁড়া	1
জ্বলার	1
বাঁড়ি	1
সাফল্যকে	1
পথটাও	1
ডলারখানেক	1
পারফেক্টই	1
জ্বালিয়েছো	1
কর্পই	1
দ্বায়িত্বটা	1
কোম্পানিও	1
এলভিসকে	1
চোঁখা	1
কত্তোবড়	1
লিফট্	1
চুঁমুতে	1
আইসড্	1
ভীড়ে	1
বুঁড়ো	1
কুকুরছানাই	1
ব্যাকস্টেজে	1
পাঁজির	1
দুষ্টুটাকে	1
কুকুরছানাগুলোকে	1
ট্রাইসাইকেল	1
স্কেটস	1
নিজেদেরও	1
যাচ্ছোই	1
উপসসিসসসস্	1
ডোকি	1
আররঘঘঘ্	1
আমারটুকুও	1
ক্যালেন্ডারও	1
কাঁটিয়েছি	1
জন্যতো	1
আরররঘঘঘ্	1
প্রিন্টও	1
হলভিডিও	1
ইসাব	1
ডাব	1
চক্রবর্তীর	1
ধর‍তে	1
ক্লাসেও	1
ফ্রেশার	1
অগ্রাহারাম	1
ভাইজাগের	1
খুললি	1
বুমমম	1
ছত্রিশগড়	1
উড়িষ্যা	1
ঝাড়খান্ড	1
সাচ্চিনারায়ারণপুর	1
কলেজছাত্রী	1
কর‍তাম	1
পার‍তাম	1
ইম্প্রেসড	1
জগন্নাধামের	1
ব্রহ্মশাস্ত্র	1
রিভাইস	1
স্বরাপার্পামে	1
শাসনই	1
একহাতেই	1
বকবকই	1
ব্রাহ্মণরা	1
পরোপুরি	1
কিঞ্চিৎ	1
ধর‍ছিলে	1
হাতাচ্ছে	1
জায়গামতোই	1
ক্যান্ডিডেট	1
বিল্ডআপ	1
বোনসকল	1
ডিজেটা	1
বাঁচিস	1
আড়ুকো	1
ঘোলার	1
কেনবে	1
ডিরেকশনের	1
উঠাচ্ছেন	1
নেচ্ছে	1
পারফর্ম্যান্সের	1
রাশিই	1
চক্রই	1
কিনিনা	1
বিধানও	1
যখনকার	1
টিজারেই	1
ক্ল্যাইম্যাক্স	1
রাঁধে	1
কাচ্চার	1
পায়েও	1
জুতোও	1
স্পুফ	1
ভিগনেশ্বরের	1
মাইথিলের	1
কাটছিলো	1
দূরীকরণের	1
পাওয়ামতো	1
ক্ল্যাপ	1
চিরঞ্জীবি	1
সিলিন্ড্যার	1
লেখলি	1
কাঁদলে	1
কাজলে	1
চেনোনি	1
মহাপাপীর	1
মধ্যবিত্তরাই	1
সুর্দশন	1
ডায়মন্ডসের	1
সিবিআই	1
পেরেকের	1
সুদর্শনকে	1
চামচাকে	1
সুদর্শনের	1
স্ক্যাম	1
লাভলি	1
জীবনী	1
ফ্যানও	1
মেম্বারই	1
পাত্রীকে	1
ব্রান্ডস	1
স্কুটিতে	1
অবিনাশের	1
ভালোবাসলেও	1
পিটাবে	1
গীর্জায়	1
ডিরেকশন	1
লেখেক	1
বিজয়াড়াই	1
স্টেফেনকে	1
আন্ডারেই	1
পার্সন	1
চিৎকারই	1
সিআইডি	1
পুষ্পকের	1
থালে	1
মহাঞ্জারি	1
সেকেন্দ্রাবাদ	1
মহাকালী	1
কাথায়ানিকে	1
সেলফিটা	1
অগ্রাহারামে	1
গান্তা	1
আয়রে	1
পাকাই	1
সেটেল	1
আবেগেই	1
মধ্যস্ত	1
ভিগনেশ	1
ভিগের	1
পরবর্তীতেও	1
আরেকটাও	1
অগ্রাহারামেও	1
স্যাক্রিফাইসের	1
জগু	1
একাকীবোধ	1
বাড়াচ্ছিস	1
ফেসই	1
হনুমানের	1
চেচাচ্ছিস	1
বিয়েশাদীর	1
মাহিশমাতি	1
সাম্রাজ্যও	1
রাঁধুনীকেই	1
তুলেও	1
কুচেলায়	1
গন্ধাম	1
শ্বশুরকে	1
অ্যাসেম্বেলির	1
অ্যাসেম্বেলিতেও	1
ব্রহ্মমন্ত্র	1
সাচ্চিনারায়ণপুর	1
অগ্রাহারামের	1
ক্যাটেরিংয়ের	1
শিবেরও	1
সামলাস	1
সাঠি	1
অ্যাওয়ার্ডই	1
জনগণেও	1
ভড়ে	1
মায়াকান্না	1
কাঁদায়	1
সপ্তমী	1
তৎপুরুষ	1
সমাস	1
হায়দ্রাবাদেই	1
স্টপস	1
মদিনা	1
বিজয়াড়ায়	1
ডিজেও	1
ছিলোরে	1
ফেলাচ্ছে	1
প্রতারিতরা	1
মহিশ্মাতির	1
হটব	1
সিভাগামি	1
ডাওনলোড	1
মর্জাদায়	1
চুলাটা	1
দোতলায়	1
গোসোলের	1
ভুলেন	1
কর্ষতকারি	1
উৎপীড়নমূলক	1
ডিগ্রীগুলো	1
আইনুযায়ী	1
স্বীকারটুকু	1
সিউকে	1
ধর্ষণকারীর	1
ভাউ	1
সাক্ষাতকারী	1
তলপেটের	1
এ্যাম্বুলেন্সটি	1
বিষয়কর্ম	1
ছুটিটাই	1
অনেকদিনপর	1
বিমানবন্দরটি	1
চলছেটা	1
ব্যাক্তিটিকে	1
সেইদন	1
ধষর্ণ	1
ক্লাবটির	1
ব্যাক্তিটিই	1
হাইয়ুংনিম	1
ডেমোলিশার	1
৬০৮৯	1
প্রমাণটি	1
ট্রাকটাকেই	1
গতাকালকের	1
সংবাদটাকি	1
১৩০৬	1
জিউন	1
ইউং	1
সিয়াউ	1
নাটককর্মীর	1
ইউএর	1
ইয়েও	1
সমস্যাটি	1
বলুল	1
বিষন্নতায়	1
বেকারত্ব	1
লজ্জাবোধ	1
কাও	1
লিএর	1
আসামিটা	1
উঠছিস	1
পুনারায়	1
উকিলটার	1
এনাহ	1
ফ্রুটের	1
সংশিত	1
ড্রোনটিকে	1
চেরির	1
চেলেছিস	1
সাজাইলাম	1
পড়ূন	1
দোষারোর	1
আগামীকালকের	1
পশ্চাদনুসরণ	1
ধরছেন	1
কোথাথেকে	1
প্রায়স	1
পরিব্যাপ্তি	1
সর্বদায়	1
উচ্চরোল	1
আওয়াজটাই	1
ইয়ুঙ্গের	1
ডোক	1
ইউই	1
ক্ষেপবে	1
সুনকে	1
প্রোমিজ	1
থাকতেছো	1
বাইচের	1
সকরুণ	1
মৃতু্যসম্বন্ধীয়	1
হলটাকে	1
চিলাম	1
মারটীনের	1
অ্যন্টিডিপ্রেসেন্টস	1
গেসিলে	1
কজা	1
মেডের	1
পিতাহীন	1
মারটিনকে	1
ম্মম্মম্মম্মম্ম	1
মামামামা	1
পালংকেও	1
খড়িমাটি	1
ভালসাতাম	1
ইতিমধ্য	1
হ্যাঁচকা	1
গর্ভধারিণী	1
যন্ত্রনামুলক	1
কাআজ	1
লিল্লাহ	1
রাত্	1
মারটীনকে	1
উম্মম্ম	1
কুত্তীটা	1
দরজাটাকে	1
মাল্ভেরি	1
২৮৩	1
চর্ম	1
সমস্যামুলক	1
অন্ধকারেএক	1
চিকিতসার	1
হতেছিল	1
চর্মের	1
ওয়াট	1
ঘটলটা	1
আমআদের	1
তাহাই	1
রাত্রটা	1
বাতিগুলায়	1
ইতোর	1
বানাইছিল	1
রেকেকা	1
শিউরে	1
অবস্তা	1
অট্টআলিকার	1
যখণ	1
বাধি	1
সচারাচার	1
কানেক্তশন	1
বালছেড়া	1
বূঝেছ	1
ঘুরাচ্ছ	1
তা্র	1
আদ্যবধি	1
ভুতেরা	1
সিপিএস	1
সচারচার	1
সজ্জাঘরে	1
থাকতেছি	1
উম্মম্মম	1
আঁকব	1
কোম্মে	1
হাঁসপাতালের	1
সফিকে	1
আমরক	1
মেরিগোল্ড	1
তাড়াই	1
আন্ড্রু	1
পরযন্ত	1
জ্ঞানি	1
ঘটনাতে	1
ভূমে	1
মাদকমুক্ত	1
ললিই	1
মিভিস	1
নিস্তেজভাবে	1
নিশানারা	1
পৌঁছুলো	1
পৌঁছুনোর	1
সন্ত্রাসজগৎ	1
গ্রন্থিটা	1
গ্রন্থিতে	1
ওষুধটাতে	1
জেলিফিশ	1
জেলিফিশকে	1
ধর্মমাতা	1
ধর্মপিতামাতারা	1
খ্রিস্টীয়	1
খামখেয়াল	1
খেলনাটাকে	1
একুশে	1
অসন্তুষ্টভাবে	1
জ্বলছেন	1
নেভে	1
ভিনাইলের	1
ক্ষততে	1
ডলে	1
জাইলস	1
পিতৃত্ব	1
প্যাম্পার	1
বুটসে	1
প্রক্রিয়াজাত	1
হাসছেনও	1
সীটটা	1
৭০টা	1
কারখানাতেও	1
মুক্তাতেও	1
জালেরই	1
সূতোর	1
সামারায়	1
যমদূতের	1
নিয়তিতে	1
সুমাত্রাতে	1
বণিকটা	1
স্টেলা	1
মুক্তোটার	1
মরেছিলেন	1
হাইপোথার্মিয়া	1
বীমাতেই	1
বামটার	1
শ্রমে	1
এইচকে	1
সুডোকুতে	1
কনুইয়ের	1
আকাকো	1
কিংস্লি	1
জন্মসূত্রে	1
জুয়াড়ী	1
ওয়েলসবোরোর	1
মোহান্দেস	1
হাসানের	1
হলবর্নে	1
সন্দেহভাজনই	1
হলবর্ন	1
কৃষ্ণকেশীর	1
সুগন্ধীর	1
ফরম্যালডিহাইড	1
ক্রেইগের	1
জড়াবো	1
দক্ষতাসম্পন্ন	1
লুকোতাম	1
কসাইখানায়	1
ফাঁসটার	1
এক্সরসিস্ট	1
অস্টালগি	1
স্তালিন	1
সরবরাহকারীদের	1
গেল্ডার	1
কোং	1
বার্নিকট	1
হার্কারের	1
স্যান্ডেফোর্ড	1
ল্যাজ	1
টিবিলিসিতে	1
ভোটকেন্দ্রে	1
লৌহমানবীর	1
শুকোচ্ছিলো	1
কুত্তীটাকে	1
দাবাও	1
এম্ব্যাস্যাডর	1
মাছিটা	1
বুলিয়েছি	1
প্রত্যেকটাতেই	1
থ্যাচারটা	1
অজয়ও	1
পরিবারেও	1
হন্তা	1
লক্ষ্ণৌ	1
৩৭৮	1
রুপগুলো	1
টীমদের	1
প্রভাবশালীদের	1
ভাড়াটেরা	1
উপকারটা	1
অবসরটা	1
খুইয়েছেন	1
হোমসেরও	1
ধারণাটার	1
বোকাচো	1
গুটির	1
সম্ভাব্যতার	1
সম্ভাবনাকে	1
চলকে	1
চলক	1
পচছি	1
গলাটাকে	1
জিম্মিকারীরা	1
আমাস	1
আমাত	1
ডেইজিটা	1
ফুলসমৃদ্ধ	1
আগ্রার	1
বিসর্গও	1
ভাড়াটেদেরকে	1
গার্গলের	1
কর্ফুতে	1
ভাল্লাগেনি	1
বণিকটার	1
যমদূতকে	1
কর্নওয়ালের	1
জিম্মিকারীদেরকেও	1
সন্ত্রাসীদেরকেও	1
কোডনামের	1
ইঙ্গিতও	1
উৎসাহীদের	1
আগ্রাকেও	1
সামলেছেন	1
উইগমোর	1
পেভমেন্ট	1
বিধবাতে	1
বার্মিজ	1
টরটয়েজ	1
কার্ডিগেনে	1
খুঁজতেন	1
মৎস্যাধারে	1
মদপানের	1
হিংসাই	1
শেরিনফোর্ডে	1
ঐদিনটা	1
সামারাকে	1
উল্লেখ্য	1
টাইলের	1
একমাইলেরই	1
কানেকানে	1
এতোদিনেও	1
সাগায্য	1
চাহিদামত	1
সলিনয়েডে	1
যেসবের	1
ফুয়েলতো	1
হারিয়েছিও	1
সান্তিয়াগো	1
ধড়িবাজ	1
পরিস্থিতিতেও	1
এটাকারকে	1
যোদ্ধাদল	1
চিয়ারিং	1
সেকশনটা	1
ডাব্লিউএমডি	1
বরখাস্তই	1
দেওয়াব	1
গর্দভটা	1
চাহনিটা	1
স্ক্র‍্যাম্বলার	1
গুতো	1
আন্ডারওয়ারটা	1
টপকাল	1
আন্তদেশীয়	1
তলের	1
বলেছিও	1
শ্রোতাকে	1
ঠোল্লা	1
উপলক্ষের	1
ফুটানির	1
ঠনঠন	1
প্যাঁদিয়েছিলাম	1
টোরেটো	1
কর্মকান্ডকে	1
তালিকায়ই	1
অবতার	1
অ্যানোনিমাসও	1
পাল্টাল	1
অপরাধীটার	1
বাঁধব	1
ফ্লিয়া	1
সুসংগত	1
বিক্ষেপণ	1
রাশিয়ায়ও	1
ফোঁটাটা	1
কংকাশন	1
চক্ষুকে	1
মারকোস	1
পয়সাপ্রাপ্ত	1
আমিখুব	1
সুন্দরীতমাকে	1
ফ্লাইটস	1
কারসাজির	1
গ্রিডগুলো	1
প্যাটার্নটা	1
লিটারের	1
ড্রাগডিলারে	1
পনিরকেক	1
নিয়ন	1
স্টেশনও	1
কাড়েনা	1
কান্তা	1
প্রতিফলক	1
টায়না	1
ইতোপূর্বেই	1
পেয়েছেনঃ	1
ব্যপক	1
লিমুজিন	1
শোভাযাত্রার	1
ভুতনির	1
বাঁধতাম	1
শোভাযাত্রাকে	1
সেভেনথ	1
গ্যাসট্যাংক	1
তিনহাজার	1
মোসে	1
জাকান্ডে	1
গলিয়েছিল	1
ওড়াব	1
সুপারপাওয়ারদের	1
চুমুতে	1
ব্যপারটার	1
লংগিচিউড	1
ক্রোনয়ার্ট	1
ভ্লাদোভিন	1
ভ্লাদোভিনে	1
উপরওয়ালাদের	1
নাম্বারটায়	1
বসলেও	1
ইএমপিতে	1
ব্যাখ	1
ওড়বে	1
দে্	1
ল্যামবোরে	1
চিপটার	1
উপসাগরেই	1
কারগো	1
বউটাই	1
চালামু	1
ট্র‍্যাক	1
কাঁদিয়েছিস	1
বেঁছেছিল	1
হুইলটাকে	1
হেগেছ	1
শালিটাকে	1
সেক্সুয়ালি	1
ইনকামের	1
ওরটাই	1
ইমার্জেন্সির	1
ফেঁটেও	1
ডাস্টবিনেই	1
শ্রদ্ধাও	1
শ্রদ্ধাটুকুতেই	1
ইমপালা	1
শ্রেষ্ঠদেরকে	1
তোমরই	1
ম্যানিস	1
পেডিস	1
সংখ্যাই	1
ডেমোকলি	1
অস্ত্রব্যবসায়ীর	1
সুইফট্	1
ইয়াপপ্	1
ডাইভার্সনই	1
খাঁটিয়ো	1
স্ক্র্যাম্বলড	1
হুঁমকি	1
জুঁটিয়েছেন	1
ব্ল্যাকলিস্টে	1
মুঁছতে	1
আনঅফিসিয়ালি	1
চিনেনই	1
ভেবেও	1
শিখেনি	1
এবারকার	1
জামাটাতেও	1
বদমায়েশী	1
টিকলো	1
শাঁবল	1
কোঁদাল	1
ডম্ও	1
গোডাইন	1
মাসলগুলো	1
চিরোকি	1
পেঁটাবো	1
সুযোগটার	1
হোয়ার	1
অপকর্মে	1
টপটেন	1
লিস্টেই	1
সিস্টেমটাকেই	1
দুজকে	1
হংকংয়েও	1
টোকিওতেও	1
প্রোগামকে	1
খাঁটিয়েই	1
খখখখখ	1
রাশিয়াতেও	1
কনকাশন	1
বোধশক্তিকে	1
বাঁধাগ্রস্থ	1
বন্দীজীবন	1
নেমটা	1
উপরওয়ালাও	1
নিয়মওয়ালা	1
জাঁলের	1
আঁটক	1
এগুলাতো	1
বিজ্ঞানিরাও	1
দাড়িটাও	1
ব্ল্যানটা	1
স্যান্টা	1
ঠেঁকছে	1
বীরত্বে	1
ঠেঁকানোর	1
হাসাপাতালের	1
ঢুকিয়েই	1
এ্যাক্টিভ	1
ঘাঁপটি	1
গাড়িবহরের	1
এ্যাক্টিভেটেড	1
গাড়িবহরকে	1
আউচ্	1
ঝুম	1
লাঞ্চারের	1
ছুঁটতে	1
আঁটকাচ্ছি	1
শর্টকাটেই	1
আঁটকাও	1
কোডও	1
কোডগুলোতো	1
সি্দ্ধান্ত	1
মোসি	1
জাকানডা	1
পাঁকা	1
ধানে	1
ঘামাতাম	1
পরিবারটাও	1
দ্বায়িত্ববোধ	1
জলাশয়ের	1
নাঁচতাম	1
টিঁকে	1
কনিয়ের্ট	1
ভ্লাডুপি	1
চোঁখেই	1
ভ্লাডিভেন	1
মিলিটারীর	1
বেজটা	1
নম্বরেই	1
প্রতিরক্ষামন্ত্রী	1
মুঁড়ি	1
কারজ্যাক	1
আঁটকানো	1
বোম্বগুলোও	1
এ্যাটাক	1
চাঁপ	1
মিটলো	1
ছেঁড়ো	1
ট্যাজ্	1
টার্গেটটা	1
সিকিউরিটিতে	1
জুঁটে	1
সালামতেই	1
এলেনার	1
এজন্মে	1
পরোয়ানায়	1
প্রেন	1
ধুঁলোয়	1
কোনোভাবই	1
একটাতো	1
বাদঁড়	1
বয়ফ্রেন্ডটাকেও	1
ধেঁয়ে	1
ছাঁড়খাঁর	1
ভুলবোও	1
কাঁটাবে	1
মিলও	1
বোমাবাজীর	1
কৃতিত্বই	1
বিষদৃষ্টি	1
উপাহার	1
ভাইয়েরর	1
গাড়িটি	1
গাড়ীই	1
হূডের	1
মোটরই	1
টার্বোর	1
গাড়ীটিকে	1
স্টিরিয়ারিং	1
দৌড়বাজ	1
ইঞ্জিনওয়ালা	1
জিজ্ঞেশ	1
সেন্সটি	1
ভালোকে	1
য়ামি	1
নিশ্চতভাবে	1
ভিন্নতার	1
সান্টিয়াগো	1
লক্ষ্যকে	1
সবচেয়	1
সংখাই	1
উদ্ধেশ্য	1
ফ্রন্টটের	1
বাটারফ্লাইজ	1
কনসার্টেও	1
সুইফ্ট	1
পোড়াবেই	1
কারাগারেও	1
ড্রাগন্সের	1
কন্সার্টে	1
দেয়াবো	1
মদ্ধেই	1
আমিসহ	1
বার্নার	1
সিগনালকে	1
সুরক্ষিতভাবে	1
হবসকে	1
সামান্যতেই	1
নোডি	1
জার্মানিরাও	1
হারকিউলস	1
হযে	1
প্যাঁচাবো	1
থাকবোও	1
নিরেটভাবে	1
ভংগকারী	1
ধরণে	1
হাতবেঁড়ি	1
টেজ	1
নোবডির	1
বিশ্বব্যাপি	1
এনোনিমাসকে	1
এনোনিমাসও	1
এমপি	1
দুশ্চরিত্রদের	1
নাইটহেড	1
দারোয়েন	1
ফ্লিক	1
একখন	1
হংকংয়ের	1
প্রশান	1
আচল	1
সিগনাল্গুলো	1
রাশিয়ায়	1
ইউরোপেও	1
পালটিয়ে	1
থামাকে	1
লেটিতে	1
রোডসকে	1
কষতে	1
ব্যবহারকে	1
ধরণগুলি	1
ডুরাম্যাক্স	1
ওট	1
নিওন	1
ব্লান্টা	1
দায়িত্বের	1
ভিক্টোরিয়া	1
ডিএসস	1
মাঁজার	1
মিটিংয়ে	1
নেভিগেশনে	1
দসব	1
হাজররে	1
সাহায্যকারীরা	1
ওয়ারেন্টি	1
স্কাউটও	1
গাড়ীটি	1
শটকার্ট	1
যোগা	1
সাহায্যকারীর	1
মোজ	1
জাকান্দে	1
ক্রমবর্ধমানতা	1
ভবেছিলে	1
দায়ীত্ব	1
কয়াতে	1
মোটরযানকে	1
ইয়াল্টা	1
কনিয়ার্ট	1
ভ্লডুপি	1
ভ্লেদিনে	1
রিট্রফিলিকের	1
ক্যাম্পটি	1
বোমাতে	1
তালিকাতে	1
নাম্বারেই	1
দুর্ভাগ্যবশতঃ	1
৩কে	1
রহস্যোদ্ঘাটনের	1
নাড়বে	1
ভদ্রমহিলারা	1
তথ্যবহুল	1
ইএমপির	1
রেনডেভুর	1
ধূরো	1
লেইম্যানের	1
ওয়্যারহাউজে	1
সাবে	1
নিউকসে	1
লিঙ্কটি	1
রামজী	1
চিপকে	1
ক্ষেপনাস্ত্রে	1
বিশ্বেকে	1
ল্যাম্বোরগিনিকে	1
ল্যাম্বোরগিনির	1
কার্গোতে	1
হোল্ডে	1
টর্পেডোর	1
নিউকগুলো	1
তরুণত্বকে	1
বোকাভাবে	1
ভ্রাত্বিত্ত	1
ব্রায়ানের	1
দুসাহসিক	1
শেষহীন	1
ডাউন্টাউন	1
নিতাছি	1
প্রজাতান্ত্রিক	1
আবুধাবি	1
নববর্ষঅকে	1
সবইছু	1
একবং	1
দয়াহীনতা	1
ঐডারে	1
বিনোদন্মূলক	1
ক্ষ্রিপ্র	1
কম্পিউটারটাও	1
বুঝবোনা	1
খুঁনের	1
গাড়ীটাকে	1
চেসিসগুলো	1
ড্রাইভশ্যাফট্	1
উইন্ডশীল্ডটাও	1
২০৩০	1
অবদানটুকু	1
ওইটুকু	1
আক্কেলে	1
বহিস্কারের	1
মার্কারধারীকে	1
সার্ভিসটা	1
ক্যানভাসের	1
চিত্রটাকে	1
ড্রাঙ্গিতা	1
ক্যামোরার	1
মার্কারটা	1
জুলিয়াস	1
রুমগুলোর	1
সাপ্লাইয়ার	1
ভ্যারিটালসে	1
টোয়েন্টি	1
উনত্রিশ	1
ইভেন্টটা	1
গ্রিপে	1
বহির্ভাগ	1
ফ্ল্যারেড	1
ম্যাগওয়েল	1
গতানুগতিকতা	1
সমাধিটার	1
বন্ডেড	1
ট্রিজিকন	1
অ্যাকুপয়েন্ট	1
ম্যাগনিফাইং	1
কার্বাইড	1
ম্যাট্রিসেস	1
ফেব্রিক	1
আস্তরনের	1
বেনেলি	1
সিনোরা	1
ছোরাগুলো	1
মেকাপটা	1
মরবোও	1
বোরবন	1
অভিভাবককে	1
ম্যানেজমেন্টকে	1
স্বীকারোক্তিটা	1
আতঙ্ককে	1
আঁকড়েও	1
ফিরেই	1
ছোরাটা	1
ভাইজানেরা	1
যাপনে	1
ওঠারও	1
ঘুটি	1
বুগিম্যানের	1
কিম্বার	1
১৯১১	1
ফোর্টি	1
পরস্পরিক	1
প্রতিশোধে	1
দানে	1
সান্তিনোর	1
দিগুণ	1
মৃত্যুদণ্ডপ্রাপ্ত	1
এরবেশী	1
পরজন্মের	1
ওয়েভলেন্থ	1
ওয়েভলেন্থগুলো	1
মিলিয়নে	1
ঠেঁকেছে	1
কলিগও	1
অ্যানিভার্সারির	1
মুহূর্তগুলোর	1
দর্শকশূণ্য	1
অনভিজ্ঞদের	1
স্বার্থক	1
হিড়িক	1
অ্যানিভার্সারি	1
চিয়ারলিডারগুলোর	1
নিউরোলোজিস্ট	1
ডায়াগনোসিসে	1
গজানোর	1
মিনিটখানেকের	1
জনশূণ্য	1
আদিপ্রবৃত্তি	1
আঘঘহহহ	1
সুদর্শনা	1
আইলাকে	1
আয়োডাইস	1
মেরিলিন	1
দুষ্টই	1
ট্রেনটার	1
বডিকে	1
ইলেক্ট্রোশক	1
বিপরীতটাকে	1
ধর্মব্যবসা	1
বেরঙয়ের	1
প্রাণশক্তিকে	1
মহাবিশ্বকে	1
পৃখিবীতে	1
শ্রমকে	1
পন্ডশ্রমে	1
কণাকে	1
ছুঁটেছে	1
গল্পটুকু	1
রক্তমাংস	1
মানবমনও	1
আত্মচিন্তারা	1
বাঁটি	1
রসিকতাটা	1
খাঁট	1
যুক্তিই	1
টেম্প	1
জাম্পস্যুটটা	1
আওয়ায়	1
সময়রেখার	1
সুবিস্তৃত	1
মেইডেন	1
যাত	1
কোয়ার্টারেই	1
এ্যাডগার	1
এ্যালান	1
জেগেই	1
ফ্ল্যাটলাইন	1
বাল্বের	1
বাল্বটাকেই	1
ক্রাঞ্চি	1
সিরিএন	1
অফসিজনের	1
অন্নত	1
এ্যানারিজম	1
কনুইয়ে	1
অর্ধেকেই	1
ধারণারও	1
গার্ডিয়ানদেরকে	1
শান্তনা	1
বাঙ্কবেডটা	1
খী	1
উনারও	1
সময়টুকুও	1
ভেদে	1
শি্ওর	1
সুইসাইডে	1
টানাহ্যাঁচড়া	1
ফোকাসটাও	1
এসময়টাতে	1
জানাচ্ছো	1
তাঁক	1
নাট্যকর্ম	1
লেইসিরও	1
পেরেই	1
একত্রেই	1
ফিলিপস্	1
নিয়মগুলোতো	1
অমি	1
মেশিনটায়	1
ক্ষেপেছিলো	1
কাঁটিয়েছে	1
ওভাররিএ্যাক্ট	1
রুমটাও	1
এক্সিডেন্টটার	1
ঘূম	1
ফিলিপসদের	1
পারঝি	1
আলঝেইমারস্	1
দূর্দশা	1
রেকর্ডিংয়েও	1
তোও	1
অস্তিত্বেরই	1
মৃত্যুপথযাত্রী	1
সিঁড়িতেই	1
আক্ষেপটা	1
পরজন্মে	1
প্রম্ন	1
নামোনি	1
বারাবার	1
জীবনগুলোর	1
বদলাবো	1
বদলে্ই	1
জগৎে	1
দেহও	1
পৌছেও	1
বালতিটা	1
অ্যাভেন্জারস	1
হাল্কতো	1
টপের	1
অ্যাভেঞ্জাস	1
দড়ঁজা	1
বাচ্চাসুলব	1
গড়বড়	1
থেকেছো	1
আঁধারটাকে	1
ঝলমলিয়ে	1
নিওবি	1
বিছের	1
টশিক্ষণ	1
বিষিয়ে	1
টিকেনি	1
দাঁড়ালেন	1
শক্তিটুকু	1
স্বররগীয়	1
ভয়ংকরজনই	1
ডায়ান	1
কঠোরতর	1
আক্রমণকারীদের	1
এক্সপিডিশনারী	1
৮১৪১৯২১	1
হেস্টিয়ার	1
ল্যাসো	1
ব্যথাদায়ক	1
গোয়েন্দাবাহিনী	1
তথ্যমতে	1
তুর্কিরা	1
বোমাই	1
উদ্ভাবক	1
২৭টি	1
হত্যাক্ষমতা	1
অনন্তযুদ্ধ	1
এইটুকুও	1
থামানোটাই	1
লিংগের	1
গড়পড়তার	1
উপলদ্ধির	1
আমাজনে	1
আমাযনরা	1
আপনজনদেরকে	1
ওপের	1
শুও	1
ভালোবাসবার	1
গড়েন	1
ক্লিওর	1
কামতৃপ্তির	1
আত্মতুষ্ট	1
হিন্ডেনবার্গ	1
ভদ্দরনোকেরা	1
নোটবইটা	1
কর্তাদের	1
পরনে	1
মেহেরবান	1
নিঁখোজ	1
ভালোলেগেছে	1
পেটওয়ালা	1
নিরস	1
ঢালটাও	1
নোটবইগুলোর	1
পৌছুনো	1
ঘটানোয়	1
পয়জনের	1
হাইড্রোজেনভিত্তিক	1
সম্মুখভাগে	1
লুডেনডর্ফকে	1
আত্মসমর্পণের	1
সেনাপ্রধানরা	1
ধরোনি	1
আলোচনাি	1
ডূবে	1
গালির	1
আঙ্গুরার	1
কাশ্মীরের	1
ভুজুং	1
ভাজুং	1
গ্রীকে	1
কড়ি	1
মুখটার	1
এব্যাপারেই	1
মার্শালে	1
যোয়ান	1
মারুকেও	1
পেন্স	1
পৌছুনোর	1
মিথাবাদী	1
কাউন্সেল	1
যোগানে	1
চলাকালেই	1
লুন্ডেনডর্ফ	1
এডগার	1
রাইজ	1
বারোজের	1
ট্রেঞ্চটা	1
ভেল্ডে	1
মরণদশায়	1
নিয়ন্রণে	1
ঠেকাচ্ছে	1
তোমারটায়	1
ভেল্ড	1
রংতামাশা	1
তারউপর	1
চেষ্টাকেই	1
যুদ্ধবিরতিকে	1
যুদ্ধবিরতিই	1
লুডেনডর্ফই	1
উর্দির	1
স্বর্গদ্বীপে	1
নাচটাও	1
কৃতজ্ঞরা	1
মেশিনগানটা	1
লুকোও	1
রেকি	1
আমন্ত্রণপত্রটা	1
সহস্রবার	1
কলোনেলের	1
ছারপোকাও	1
সন্ধ্যাজুড়ে	1
প্রতিভাধরকে	1
বাসেন	1
এনট্রপির	1
আশ্বাসদায়ক	1
করছি্	1
উপলক্ষটা	1
জার্মানীর	1
থিউসিডাইডস	1
অর্ঘ্য	1
লুন্ডেনডর্ফকে	1
সকলেরটা	1
ছাড়াটাকে	1
মানূষ	1
ক্রুঢ়	1
ঔরসে	1
মন্ত্রণা	1
ঘুচাতে	1
বর্গমাইলের	1
হাইড্রোজেনের	1
সহানূভুতির	1
দুরকমই	1
ইউউ	1
ওয়াহহ	1
ইয়েসসস	1
ইইইইই	1
আরগহ	1
ক্রিশ্চেন	1
মহাসাগরীয়	1
পৌরাণিক	1
স্নায়ুগুলো	1
হলোগ্রাফিকসে	1
মাউজার	1
ট্রেইনম্যানকে	1
অনিশ্চয়তায়	1
রমাকান্দ্র	1
ইন্টারঅ্যাক্টিভ	1
ট্রেইনম্যানটা	1
প্রোগ্রামেরই	1
ট্রেনম্যান	1
ওর‍্যাকলকে	1
ধরনঃ	1
উঠবোই	1
ডানাকাটা	1
মিচকে	1
নায্য	1
বাটিটা	1
সেন্টিনেলগুলোকে	1
মরিচীকার	1
মিশলেই	1
সাজানোটা	1
একদিনেরও	1
হলোগ্রাফিকে	1
স্কুইডগুলো	1
পদাতিকদের	1
ডকটাকে	1
ইগনাইটারে	1
কাঁচগুলোও	1
জংশন	1
ইন্টারসেক্ট	1
চোখেমুখে	1
পরতেই	1
ফিউজের	1
কুত্তীটাকেই	1
বেইনের	1
পিটায়ে	1
নিজেদেরটা	1
পচনশীল	1
কয়েকবারে	1
হারামজাদাগুলোকে	1
ছুঁড়বো	1
পেটেই	1
উড়লাম	1
জুকা	1
খুঁড়	1
আক্রমণস্থলে	1
হলোগ্রাফিকস	1
হামলাগ্রস্ত	1
ব্যবস্থাকেও	1
তেরোটা	1
কাছেরটাকে	1
এদ্দূর	1
শিপগুলোও	1
আসছিনা	1
রুপোর	1
শস্যক্ষেত্রের	1
পর্বতগুলো	1
ইগনাইটার	1
বেপরোয়াভাবে	1
মুহাদ্দিন	1
মেসবাহ	1
রবিউল	1
ফিরোজউদ্দিন	1
মানবমনই	1
এসপিরিনের	1
এউয়ার্থ	1
বাসিন্দাকে	1
বাদীপক্ষ	1
ডায়রি	1
এরাউন্ড	1
অক্ষরটি	1
কিবলস	1
বিটস	1
বজ্রএবংবৃষ্টিপাতএলকোর	1
ডপলারের	1
পারশিং	1
কাউন্টের	1
হাওয়াও	1
গজকাটা	1
সিটবেল্টের	1
টিমোথিকে	1
রামাদায়	1
ড্রাইভারদেরই	1
শ্বাসকষ্টের	1
যায়গাটাও	1
ফিটও	1
ফার্নিচারের	1
ডাইনিংরুম	1
টিমথি	1
কর্মক্ষেত্রের	1
উরাধুরা	1
মৃত্তুদন্ড	1
সুজানটা	1
ঢুকাইছে	1
শান্তই	1
লুকাইয়া	1
ড্রাইভারগিরি	1
বৃষ	1
পরছিলাম	1
মাগীকে	1
বাধবেনা	1
অব্দি	1
স্বীকারই	1
লিখিতভাবেও	1
রাস্ট্রপক্ষের	1
সঙ্ঘটিত	1
মল্লিক	1
অস্তিত্বহীনতায়	1
বিখন্ড	1
ওয়ালেটও	1
ফ্রস্টপ্রুফে	1
ফ্রস্টপ্রুফ	1
খুঁড়াখুঁড়ি	1
ফিজে	1
কমলালেবু	1
লিজিয়ানা	1
ক্যারলিনা	1
আমিকারসাথেকথা	1
আমিএখনকারসাথেকথাবলছি	1
একইদিনে	1
ল্যাম্পার্ড	1
পরিস্ফুটিত	1
দেহটাই	1
ব্যাক্তিত্বসত্ত্বা	1
ম্যালকমকে	1
রিভার্সের	1
মল্লিকের	1
ঝামটা	1
ধর্মত্যাগী	1
স্টুটগার্ট	1
কূটনীতিকদের	1
বিমুখ	1
ফ্রানজ	1
ঘটনাস্থলেই	1
মিডওয়েস্ট	1
ইটন	1
ব্লুগ্রাস	1
সানচেজ	1
অব্যর্থসন্ধানী	1
ইন্টারপ্রেটার	1
স্বাভাবিকতা	1
উচ্চবংশজাত	1
খেলোয়াড়	1
খৃস্টান	1
ওয়ার্ল্ড	1
তদ্বিপরীত	1
ইন্দ্রিয়গ্রাহ্য	1
ইস্তানবুল	1
অবধান	1
এ্যাঙ্গোলা	1
হাইজ্যেকের	1
বয়কট	1
মিয়ামি	1
আলপাইন	1
কেইপার	1
কান্টের	1
মধ্যস্থ	1
লেন্থ	1
অনৈপুণ্য	1
সাংখ্যিক	1
ক্যাফিন	1
বাংকারিং	1
রুলেট	1
শুয়োরের	1
ত্রিয়েস্তে	1
সম্পাদকদের	1
ব্রিগেড	1
স্কিইং	1
অ্যাফেয়ার্স	1
জাগরেব	1
অপরিবর্তনীয়	1
ছেদনকারীদের	1
গুণ্ঠিত	1
নিদ্রাভঙ্গ	1
মোতায়েন	1
কোঁকড়া	1
যুগোস্লাভ	1
শামিয়ানা	1
কাউবয়েজ	1
মিউনিখে	1
আপীত	1
আর্জেন্টিনায়	1
কমিয়া	1
পুড়াই	1
শুনিনা	1
গিবস্	1
গাচ্ছিলো	1
কুয়াশাঘেরা	1
মেয়েও	1
ঝাণ্ডা	1
দড়িতে	1
ডিব্বার	1
পেয়ো	1
মানিয়েছে	1
সর্বাধুনিক	1
সাক্ষাৎপ্রার্থী	1
ফরমাশ	1
ফলার	1
জানিয়ো	1
ওস্তাদকে	1
ভদ্রতাবোধ	1
ভেড়াতে	1
সর্বসাধারণ	1
দ্রতগতির	1
ধরাছোঁয়ার	1
পালতোলা	1
জাহান্নামও	1
স্মিথি	1
জাহাজগুলার	1
আসতোনা	1
কমোডর	1
উদ্ধারকারীকে	1
লটকাও	1
বাঁচিয়েছে	1
দায়মোচনের	1
পড়বেই	1
বদমায়েশ	1
মাননীয়া	1
গোড়ালি	1
ফাঁসিকাঠের	1
ভোরবেলার	1
উপরতলায়	1
তলোয়ারবাজি	1
বানায়	1
মালকে	1
করে্ছেন	1
নেহারী	1
রসাল	1
জলদস্যুটা	1
ধৃষ্টতাপূর্ণ	1
কামানগুলি	1
লোকালয়ে	1
স্টিফেনস	1
পুড়ায়া	1
এহানেই	1
পুতুলামণি	1
করুমনা	1
পুতলামণি	1
ভ্রাতৃসংঘের	1
বার্থেলোমিউ	1
নিয়মডা	1
নিয়মমতে	1
ট্যাঁ	1
নিয়মের	1
দিমুই	1
ব্যাডলাকের	1
ওয়াকথু	1
নেড়িকুত্তা	1
পাল্টায়নি	1
রয়্যালের	1
মুদ্রায়	1
পরিক্রমায়	1
জায়গামতো	1
তৃতীয়ত	1
মার্টগ	1
ধাওয়া	1
গভর্ণরই	1
নাবিকও	1
টল্প	1
জায়গাও	1
জেলগুলো	1
কব্জার	1
উইলিয়ামের	1
জানুপাখির	1
চিন্তামুক্ত	1
ঘাবড়াবেন	1
বলদীয়	1
পিপেতে	1
হ্যাপা	1
ছোটবেলায়	1
হয়েছিলে	1
কাঠবলদ	1
কয়েকজনের	1
ঠকিয়েছিলে	1
ঝুলেই	1
কষ্টময়	1
সুমিষ্ট	1
পড়ুক	1
মায়েরে	1
জাগাবে	1
খাওয়াবে	1
জাগছিই	1
বেকুবীয়	1
বেকুবদের	1
জড়ায়ও	1
হাতিয়ারের	1
খাইবা	1
ঐরাম	1
কারিগরগো	1
উদাম	1
সৌজন্যবোধের	1
পেয়েছোই	1
৮৮২	1
সরালেই	1
উড়ালাম	1
শয্যাসংগীর	1
ছড়াচ্ছিলাম	1
আনন্দদায়ী	1
আজটেক	1
স্বর্ণমুদ্রাগুলো	1
তৃষ্ণায়	1
ধুঁকছি	1
চেহারায়	1
ঝাপটারও	1
উষ্ণতাও	1
নিমকহারাম	1
উত্তেজিতও	1
সমর্থবান	1
সত্যবাদিতার	1
টিয়াটাকে	1
শিখিয়েছি	1
কটনের	1
আনামারিয়া	1
ছাড়বো	1
কাঁপিয়ে	1
কয়জন	1
অধিনায়কের	1
থম	1
বড়লোক	1
হয়া	1
যেইডা	1
কচলাইস	1
কর্টেসের	1
৮৮১	1
প্রভুদের	1
পাইতেসি	1
বুঝুম	1
মরলি	1
বান্দী	1
সোনাডা	1
বয়সও	1
হ্যাতে	1
মিছা	1
বাড়ায়া	1
বুটস্ট্র্যাপকে	1
দ্বন্দযুদ্ধ	1
মাইয়্যার	1
ঢাইল্যা	1
পার্সনিপ	1
পার্সলে	1
কেরামতিতে	1
মেয়েটার	1
নিয়েছিলেন	1
রয়েই	1
উড়াবো	1
মুদ্রাটা	1
হারিয়েছো	1
কয়েদখানায়	1
ক্যারিবিয়ান	1
শোনায়েন	1
বানিয়েই	1
তোদেরকেই	1
আঁকশি	1
ধরায়া	1
আতিথেয়তার	1
দ্যাখতে	1
ফিইর‍্যা	1
আমাগোরে	1
খোদকারি	1
কাপড়টা	1
বানিয়েছিলাম	1
দ্বিতীয়বার	1
পড়েছিলে	1
গুড়ে	1
পৌঁছাবার	1
ন্যাসো	1
লুটেছিলে	1
ছোঁড়া	1
পেয়েছিলে	1
চোরাকারবারিরা	1
ক্যারিবিয়ানে	1
দড়িদড়া	1
চেয়েছো	1
নিশানটা	1
ফূর্তির	1
দস্যুবৃত্তিতে	1
জড়ানোটাও	1
দেওয়াকে	1
ক্যারিবিয়ানের	1
কমোডোরের	1
উইলাম	1
বুইড়া	1
ভুগিচুগি	1
মিলেনা	1
পাডাইছিলো	1
বুইঝ্যা	1
ফালাইসোই	1
হারামও	1
যেইড্যা	1
বাইন্ধ্যা	1
ফিতায়	1
শেষতক	1
বুইড়্যা	1
টার্নাররে	1
কাটাইতে	1
তোয়াক্কা	1
ডিঙ্গিতে	1
দেগে	1
কমোডোরও	1
কমোডোরকে	1
ডরানের	1
ছুডো	1
ফোঁডা	1
কুনো	1
পুরাডা	1
ভাসায়ে	1
ডরাইলেই	1
মেয়েমানুষ	1
খুঁড়ো	1
নাদানটাকে	1
সমঝোতায়	1
ট্রয়ে	1
যেইরাম	1
সেইরা	1
তয়	1
দেহাইতাছে	1
সৎদেরকে	1
কিনারায়	1
মহাযুদ্ধ	1
শেষবিচারের	1
শিঙ্গায়	1
এইরা	1
লইয়া	1
দাঁড়া	1
পাওয়াচ্ছি	1
করসেট	1
বেড়িয়ে	1
অগণিতবার	1
জঘন্যতমগুলো	1
চোরাচালানি	1
নরিংটনও	1
অধীনতা	1
আত্মিকভাবে	1
সার্বিকভাবে	1
বিশুদ্ধভাবে	1
জানুপাখি	1
জলদস্যুতাই	1
সবক্ষেত্রেই	1
ছাড়	1
হেঁইয়ো	1
নেড়ি	1
সন্ধানলাভের	1
সংজ্ঞায়	1
সৌহার্দের	1
টিকেটগুলো	1
একাধিকজন	1
নিরাপত্তাভঙ্গ	1
সংকরই	1
টেলিপ্যাথিটা	1
টেলিপ্যাথিই	1
সরাতেও	1
রৌগকে	1
বন্ডগিরি	1
হাইজের	1
আক্তমণে	1
গরিষ্ঠতা	1
আইনটা	1
আইনটার	1
সেলেম	1
প্রতিষ্ঠানটা	1
ইউরিকো	1
উডস্টকে	1
বরফমানব	1
জেভিয়ারের	1
মিউট্যান্টটার	1
স্মৃতিভ্রম	1
মিউট্যান্টটা	1
এস্তয়	1
তিরান্দো	1
বাসুরা	1
কাপবোর্ডটায়	1
ওলভারিনকে	1
স্কুলেরই	1
স্ট্রাইকারকে	1
পালছে	1
জানোয়ারও	1
চালায়ো	1
সাইক্লপসের	1
আন্দোলনগুলো	1
বিষয়গুলোকে	1
ট্রাকভর্তি	1
নোংরামতন	1
ভেলক্রো	1
নিগ্রহ	1
ভেল্কিবাজ	1
মিউট্যান্টবিদ্বেষী	1
উৎসেই	1
প্রতিভাবানই	1
পুরুষেরাই	1
অবস্থাটি	1
জিব্রাইল	1
স্কুলশিক্ষক	1
ড্রেকের	1
ইনক্রেডিবল	1
সেরিব্রোটা	1
সেবিব্রো	1
মিউট্যান্টদেরকেই	1
স্ট্রাইকারটা	1
জীবনপাত	1
ওলভারিনকেই	1
দুইমাত্র	1
হেলমেটটাই	1
পরিবর্তনগুলো	1
কায়দাকানুন	1
খামচাতে	1
ডুবাচ্ছি	1
কারিকুরি	1
অন্যখান	1
ক্যামেরাগুলা	1
যেয়েন	1
সেরিব্রোতে	1
জুলি	1
খামেলা	1
ধাতুটা	1
কেটেছিলি	1
মরণই	1
থাবাওয়ালা	1
স্বর্গবাসী	1
রহিয়াছে	1
ভার্টিকাল	1
র‍্যাম্পটা	1
শয্যায়	1
শোয়ান	1
অশুভকে	1
দুর্যোগময়	1
মানবঘটনার	1
ফাইলগুলোতে	1
দুপক্ষেই	1
লোকক্ষয়	1
ছাত্রাবস্থায়ও	1
বেরোল	1
সুগন্ধময়	1
চেতনাই	1
বিক্ষভ	1
ধূলোর	1
ঠিকানাহীন	1
অতিতের	1
আজানা	1
বিষয়টাতে	1
আগ্রগামি	1
ধোর্যের	1
সাঠিক	1
অ্যাপ্স	1
দ্রব্যাদির	1
রক্ষনকেন্দ্রগুলো	1
বোললাম	1
বার্গারে	1
রোসে	1
বারেরা	1
উদ্বিগ্নতা	1
জনগনেরা	1
হাঁসপাতাল	1
হারকিউলাস	1
নিউমনিয়া	1
কাসছে	1
হেয়ারবল	1
হেয়ারবলের	1
মনরিও	1
ঘুমাবার	1
হারকিউলাসকে	1
টয়োটা	1
থান্ডরা	1
এম্রি	1
গেঞ্জাম	1
মরস	1
ব্যাটারিটি	1
মেয়টা	1
নেনোট্যাঁকনিকাল	1
ট্র্যান্জেকটর	1
টারমিনেটরদের	1
কিটকাট	1
জিবন্ত	1
জীবনটায়	1
ক্রিপকি	1
বয়সীরা	1
ব্যাসমেন্টে	1
এডোয়ার্ড	1
ভিক্টরভিলার	1
শবদাহ	1
হবও	1
খাওয়ানর	1
নৈরাশার	1
বাগদত্তি	1
গ্রিনলান	1
ছিমেটারি	1
মোরের	1
সিলভারম্যান	1
নিষ্ঠুরতায়	1
কফিনটিও	1
সন্তানরাও	1
হুবু	1
পলিমেটিক	1
বোল্লেও	1
কনফিউসনে	1
ভুগছ	1
জন্মদেয়ার	1
ডেটাব্যাসে	1
টারমিনেটরের	1
ঝুকিগ্রস্ত	1
থামানর	1
বিদ্রহিরা	1
মিসনে	1
২০৩২	1
১১০০	1
নিরাপদই	1
ভেন্ডাবারগের	1
নিয়জিত	1
কম্পিয়টারটি	1
এলাস্কার	1
সেটেলাইট	1
স্টেশনগুলোর	1
সৃষ্টিও	1
বেসমেন্টের	1
চপলতা	1
পরিচলনা	1
ভাইরাসটিকে	1
খোঁদার	1
বিদ্যুৎজনিত	1
সুবিধাপূর্ণ	1
সিরা	1
নিবাদা	1
পেন্ডোরার	1
থ্রটেল	1
সিপিইউ	1
০১৫	1
লালটির	1
১৭৬	1
থেম	1
কম্পিউটারগুলো	1
ভিএইপি	1
নিলিস	1
সাইবারস্পেসে	1
ধংসের	1
থামাবও	1
যুদ্ধটাতো	1
অমিমাংসিত	1
শেষবারে	1
রেস্টুরেন্টটার	1
দোকানেরটা	1
দঁড়ি	1
ঘেড়াও	1
রিপোর্টকারী	1
রিপোর্টকারীকে	1
ফরেনসিকরা	1
দেরীর	1
গাধাগুলার	1
পিছলায়	1
একমনে	1
বুড়িটি	1
শায়তান	1
ভিমরতিগ্রস্ততার	1
দূর্ভাগা	1
ধর্ষকদের	1
স্নিগারের	1
এইা	1
স্নিগারগুলো	1
বেলচাটা	1
পুঁততে	1
ছেলেটাতো	1
কটিবদ্ধের	1
কটিবদ্ধ	1
পড়ালো	1
দৌড়েছিলে	1
দৌড়েছিলি	1
পুরোদেশ	1
ড্রিলের	1
নিয়মসমূহ	1
বস্তুসমূহ	1
কর্ডসমূহ	1
আনপ্লাগ	1
বাতিগুলো	1
হেডলাইনটা	1
অপ্রতিরোধ্যদের	1
চপস্টিকও	1
বিধিবদ্ধকরণের	1
অর্ডারে	1
বিধিবদ্ধকরনে	1
কডগুলো	1
সিমের	1
পূর্ণবির্নস্ত	1
মিস্ট্রিতে	1
১কি	1
নাম্বরটা	1
বরনে	1
ধর্ষনের	1
পুরাতণ	1
মোজাটি	1
পেচাঁনো	1
সর্বাঙ্গীণ	1
মাংসগুলো	1
ফিলে	1
স্নেগার	1
উৎকট	1
ব্যান্ডেরটা	1
স্নেগারটা	1
ডিভিসনের	1
এতরাত্রে	1
পদচিহ্নের	1
ছাতায়	1
সূচি	1
সন্ধ্যাকালীন	1
গানটির	1
গতরাত্রের	1
বেলায়ও	1
রিকোয়েস্টের	1
সমাবেশগুলো	1
পোস্টমার্কে	1
গোছলে	1
গোছলখানার	1
মেটালাম	1
গোছলখানায়	1
১০মি	1
কবচটা	1
মেশাও	1
শুকাবে	1
খেঁচা	1
দৌড়িয়েছো	1
প্রশ্নকরি	1
কামলালসাপূর্ণ	1
একনজরেই	1
মুজা	1
শোয়ালাম	1
২০০মিটারের	1
টানলাম	1
গোরস্তানে	1
মোজাগুলো	1
মুড়িয়েছিলাম	1
জাগলাম	1
ঘরজুড়ে	1
শূককীট	1
আউটহাউজ	1
উলম্ব	1
নুড়িপাথর	1
রটিয়েছিলো	1
কাঁদতেছিলো	1
বৃস্টিপাত	1
চিবুক	1
সিলটা	1
সাংবাদিকগুলো	1
মাদাচো	1
ইসতেহার	1
রিকোয়েস্টকারীর	1
গ্যারিসনরা	1
পীচের	1
অমূলক	1
পোস্টকার্ডটা	1
রেকর্ডগুলোর	1
বেরিয়েছিলে	1
হাসিও	1
বাচ্চারও	1
পোস্টকার্ডকে	1
রেকডিং	1
খাগড়া	1
তৃপ্তিময়তা	1
জবানবন্দিতেই	1
বলেছিতো	1
আর্কেড	1
জিগ্যেসাবাদের	1
হস্ত	1
মৈথুন	1
ফুটোর	1
টিটেনাস	1
বিধঁলে	1
হাটুঁর	1
অনুমোদনপত্র	1
ধৃত	1
স্বভাবত	1
খুঁরের	1
উঠোস	1
জোড়াতো	1
মাশআল্লাহ্	1
তাকাচ্ছিলো	1
সিধা	1
ঠিকঠাকমতো	1
ইসস্	1
ডাকবেনই	1
সম্প্রচারস্থল	1
স্কুইডদের	1
পাইপলাইনগুলোতে	1
নাইওবির	1
পরিকল্পনাধীন	1
খোঁয়াড়বন্দী	1
ধুর্	1
সুপারম্যানগিরি	1
পরামর্শপ্রার্থী	1
ভিড়েছে	1
জমায়েতে	1
পৌঁছাতেই	1
নসিস	1
নেব্যুক্যানেজারের	1
বড়গুলোও	1
টাঙ্ক	1
হামানের	1
নর	1
হলগুলোকে	1
স্বপ্নময়	1
এজেন্টটাকে	1
ম্যাট্ট্রিক্সে	1
ব্যালার্ড	1
এতীমদের	1
ওরাকলকে	1
প্রোগ্রামারের	1
টাম্বলারের	1
বসতেই	1
জিনিসেই	1
নির্বাসনই	1
দীপ্তিময়	1
ট্রিনিটিকে	1
সময়হীন	1
ট্রিনিটির	1
বাহ্যিকভাবে	1
আন্তঃসংযোগের	1
মূর্খামি	1
ভিজিল্যান্ট	1
পার্সিফোনি	1
কৌশলমাত্র	1
শ্যাতু	1
ব্রিয়ন	1
ভাষাকে	1
গালিগালাজের	1
অক্ষমদের	1
বুর্জোয়া	1
ধুকপুকানি	1
অবয়বের	1
কারণটাকে	1
শেকলের	1
ভবিষ্যদ্বক্তাকে	1
কার্যকারণের	1
লায়েক	1
মেকারের	1
ম্যাট্রিকের	1
মেকারকে	1
পয়েন্টই	1
ওভারপাস	1
ফ্রিওয়ে	1
দলত্যাগীটা	1
মোটরবাইকটা	1
দলত্যাগীটাকে	1
অন্যগুলাও	1
ভবনেরই	1
মধ্যরাতেই	1
হানব	1
গুণেই	1
বিকল্পটা	1
মৃত্যুবরণের	1
নাইওবিকে	1
সোরেনের	1
গজাও	1
পঁয়ষট্টি	1
সন্দেহাতীতভাবে	1
উত্তরগুলোর	1
যোগফল	1
নির্ভুলতা	1
অপ্রত্যাশিতও	1
জানেইনা	1
অসঙ্গতিটা	1
সমীকরণেও	1
মাইর‍্যা	1
বুইড়্যা	1
সহজাতভাবেই	1
রাসিফ	1
আজওয়াদ	1
জিবরান	1
স্টেলি	1
উৎকর্ষের	1
অনুভূতিশীল	1
অসচেতন	1
সূতরাং	1
প্রতিক্রিয়াগুলোর	1
প্রত্যাখ্যানই	1
ষষ্ঠবারের	1
জায়নও	1
ব্যক্তিকেন্দ্রিক	1
প্রসঙ্গত	1
ভিত্তিগত	1
যথাযথভাবেই	1
কারণকে	1
সত্যটাকে	1
নিয়ন্ত্রণেরই	1
শোনাচ্ছিলো	1
জীবিতদেরকে	1
ওপি	1
বাহুটি	1
গ্রাফাট	1
মালিকরাও	1
যথাযত	1
ইভেন্টে	1
হ্যাঙ্গার	1
পশ্চিমদিকে	1
হ্যালির	1
বেলিণ্ডা	1
র‍্যাফেল	1
লুইসের	1
সংশোধানাগারে	1
সামাজিকতায়	1
দেখিয়ো	1
কিন্ডারগার্ডেন	1
টেবিলটায়	1
টিউশনি	1
গার্বারের	1
ষ্টেজে	1
বসন্তকালীন	1
বেইরি	1
ব্লেজিং	1
গানসের	1
জেমিহফ	1
প্রকৃতিভাবে	1
দর্শককেই	1
গাওয়াতে	1
গার্বার	1
নাটকেই	1
তিনমাসেও	1
টম্যাটোর	1
ল্যান্ডোন	1
জেমারহফ	1
ল্যাণ্ডন	1
স্ক্রিপ্টটি	1
হায়াকুতাকা	1
বসন্তকালে	1
ডায়ালগগুলা	1
বাস্কেট	1
সমদ্বিবাহু	1
সাইডই	1
চোরাচোখে	1
যুগিয়েছ	1
কোথাগুলো	1
টেলিস্কোপের	1
রেলগাড়িটা	1
গানশুনা	1
কিসটা	1
বেলিন্ডার	1
কথাবার্তাকে	1
ডেটিংয়েতারা	1
নাচিই	1
জানিয়েছিলে	1
তালিকাটায়	1
বেয়োফোর্ট	1
কিসার	1
ফ্লাক্সে	1
কম্বলও	1
রেজিস্ট্রিকরণ	1
প্রজাতিতে	1
অভিকর্ষকে	1
জানিইনা	1
ভাবনাগুলোও	1
অ্যারিস্টটল	1
পারটনের	1
কেয়ারের	1
ভেজাও	1
কাঁচগুলো	1
নলগুলো	1
অ্যাঙ্গার	1
সাক্ষাৎটার	1
হোভারক্রাফট	1
ফুঁতেই	1
গোয়েন্দাটাকে	1
ঘন্টাটার	1
দ্বাররক্ষীদের	1
নিউট্রক্সিন	1
হিসটামিন	1
সেরোটোনিন	1
এন্টিসেরাম	1
অসংক্রমিত	1
আতিথিয়েতা	1
কোরিয়াতেই	1
বিনিময়ের	1
কারাসঙ্গী	1
ফকল্যান্ডে	1
অ্যাট্রোপাইন	1
প্রেসিডেনসিয়াল	1
চিংড়িটা	1
শৈবালের	1
বোলিঙ্গার	1
মর্দনকারিনী	1
মর্দনকারী	1
হাভানায়	1
উনিভারসাল	1
ভোলাডো	1
কোরিয়ানকে	1
ক্ষয়িষ্ণু	1
তাগিদের	1
মোজিটো	1
ক্রুগ	1
ক্যাস্ট্রো	1
গিসিন্তা	1
থার্টিন্থ	1
দুর্ভাগ্যে	1
সূর্যাস্তে	1
পেঁচাদের	1
কর্মই	1
শিল্পিরা	1
হ্যাম্পশায়ারে	1
মেকওভারের	1
যোগাচ্ছে	1
জিনক্স	1
করপোরেশন	1
হীরায়	1
আত্নপ্রচারক	1
অ্যাড্রিনাল	1
অসিক্রীড়া	1
মহত্ত	1
অপ্রস্তুতভাবে	1
মিরান্ডারই	1
গ্রেভসকে	1
লড়তেও	1
হিটের	1
সতর্কীকরন	1
রাসায়নিকভাবে	1
পুড়িয়েছ	1
বায়োগ্রাফি	1
এতিমরা	1
চ্যারিটিতে	1
প্রচারনার	1
পারলার	1
গ্রেভ	1
লক্ষ্যভেদী	1
রিপ্লে	1
রেঞ্জটা	1
অভঙ্গুর	1
এজিয়েটর	1
ইঙ্গিনিয়ারিং	1
ভ্যাঙ্কুইশ	1
প্রেরণকারী	1
পরিমার্জন	1
ইজেক্টর	1
মেয়েবাজ	1
গ্রেভকে	1
নিষ্পাপই	1
ক্রিপ্টোগ্রাফিতে	1
আনন্দকে	1
উত্তেজনাই	1
ক্যাম্পবেলের	1
ব্লুবার্ডের	1
রানেই	1
ছুটেন	1
আজরাতের	1
গুস্তাভের	1
টেকেনা	1
রত্নই	1
ভূপৃষ্ঠের	1
রাঙ্গানো	1
মডিফিকেশনগুলো	1
পাকাপোক্ত	1
লেজারটা	1
পাকিওনা	1
শর্তহীন	1
একনি	1
সাইকেডেলিক	1
কোরিয়ানের	1
কিলের	1
মিরান্ডার	1
থেরাপী	1
প্রতারণামূলকও	1
ডগায়ই	1
জিতিয়েছিলাম	1
সেক্সও	1
ট্র্যাজেডির	1
গতরাতটা	1
ইকারাসের	1
সময়কেও	1
উষ্ণায়ণ	1
তেজস্বী	1
অদৃশ্যতা	1
অদৃশ্যমানতা	1
পুনঃস্থাপিত	1
অসিচালনা	1
কাজটাতে	1
ওয়ার্কের	1
মাইনক্ষেত্রে	1
উৎক্ষেপণের	1
ব্রিটিশটার	1
আকাশসীমায়	1
ঢুঁকে	1
সুইচব্লেড	1
কোরীয়রাও	1
ইকারাসকে	1
অটোমেটিকে	1
বিচারশক্তিহীন	1
আয়নাটাই	1
বিমানটায়	1
নির্বাসনকে	1
প্যারালালে	1
পশ্চিমারা	1
মারাতে	1
নড়াচড়াই	1
গন্তব্যের	1
মাধ্যাকর্ষণকে	1
মোকাবিলার	1
মানুষী	1
অনুভুতিতে	1
চাপানো	1
প্রতিকুলতার	1
নেদার	1
রেটেড	1
সচিত্র	1
কন্টেন্ট	1
ইন্টারেক্টিভ	1
কনক্লিয়ারিটির	1
প্রশিক্ষনেই	1
মনোষ্ট্রিতে	1
বিচক্ষনতার	1
১৩৬৮৯০	1
প্রসকিউটরিয়াল	1
আড়ালেও	1
বকেয়াও	1
প্যাট্রিজের	1
প্যাট্রিজ	1
রিডার	1
যুগপত	1
ক্রিয়াশীল	1
টেলরকে	1
অফেন্সে	1
ইকুইলিব্রিয়ামে	1
সময়নিষ্ঠ	1
শিশা	1
ফেলতেছো	1
ব্রাইন	1
প্রযুক্তিবিদরা	1
লিব্রিয়ারকে	1
এইবেঁচে	1
প্রতিদ্বন্দীদের	1
বহুগুন	1
মর্মবোধ	1
বেদনাহীন	1
প্রোজিয়ামের	1
স্বাতন্ত্রে	1
অসহায়তা	1
অভিন্নতা	1
সমভাবে	1
অসংশয়ের	1
অফেন্ডারস	1
আনুমান	1
লুডউইগ	1
এক্স২৩	1
টি৪৫	1
কঠোর	1
ঘেরো	1
সজজেই	1
স্বছ	1
যদিতুমিএটা	1
টেট্রাগ্রামাটনে	1
তুলানায়	1
প্রোজিয়ামে	1
শক্তশালী	1
ইনসার্টের	1
ম্যানিফেস্টোর	1
ইরল	1
চিন্তাকর্ষক	1
ভুবনে	1
আনুষের	1
অনুভবে	1
মুখোমুখী	1
অডিয়েন্সের	1
অডিয়েন্সদের	1
গ্রামাটনের	1
ক্লারিককে	1
অফেন্ডারের	1
বাসগৃহে	1
ব্রান্ডট	1
বিপরিতের	1
খুঁজতেছো	1
মিলিও	1
মুলক	1
ব্রান্ডটের	1
দেয়ানো	1
অনুভুতিও	1
ধবংসকারী	1
সাবাধান	1
নিম্নোক্ত	1
গাইয়াছ	1
গারম্যানিকাস	1
চালিগুলা	1
গিয়ানকার্লো	1
কষি	1
ব্ল্যাকমেইলার	1
বোর্নের	1
চালাইনা	1
জেমেনশাইড	1
হছেনা	1
বিয়ারিটযের	1
অন্যকো	1
ক্রূট্	1
হ্যানোভার	1
ওয়েল্ডার	1
হ্যানোভারে	1
এসবগুলো	1
খাওয়াতেই	1
ইন্তেকাল	1
কিচেনেও	1
আক	1
সামনেরটা	1
ল্যবির	1
ম্যারিটাইম	1
র‍্যলিন্সের	1
মার্সিলিজের	1
র‍্যলিন্স	1
পামার	1
শিশুপার্ক	1
ভাউচারে	1
এসনা	1
পুলিশওয়ালারা	1
ড্যারিল	1
অনুমতিতেই	1
আ্যলানের	1
আ্যলান	1
রিওম	1
জলসি	1
বাকিসব	1
টানবেনা	1
পন্ট	1
নিফে	1
মাঝাখানের	1
নিকিই	1
মাননা	1
কেনকে	1
ব্ল্যাকব্রায়ার	1
আঙ্কেরল	1
পেঁচাটার	1
আস্তকুড়ায়	1
ডাডলির	1
জাদুকরেদের	1
আরেকটাবার	1
লিখেনা	1
লিখেনি	1
ভাসছি	1
যাবিনা	1
সুপুত্ররা	1
এসেহে	1
আ্যলি	1
গিল্ডরয়	1
আত্নজিবনী	1
ভয়কেই	1
আশ	1
ওভারটাইমের	1
অসম্মানি	1
তন্মধ্যে	1
সত্তে	1
বোঝাবার	1
গ্রীনহাউজ	1
ম্যানড্রাগরা	1
ম্যান্ড্রাকগুলো	1
ক্রিভি	1
গাধাই	1
হাউলার	1
নানুও	1
রোনার	1
ত্যক্তবিরক্ত	1
পিশাচিনী	1
ভূতপ্রেতকে	1
কর্ণিশ	1
পিক্সিজ	1
রাক্ষসরা	1
পেস্কিপিক্সি	1
পেস্তরনামি	1
ইম্মোবোলস	1
স্লিদারিনকে	1
সিকারকে	1
এইসবগুল	1
বিচ্ছা	1
ডাকেনা	1
ভক্তদেরকে	1
মাকড়সাকে	1
ফ্লিঞ্চের	1
সবকছু	1
নরিসের	1
পশুদেরকে	1
গ্রিঞ্জার	1
হেলগা	1
রোয়েনা	1
বংশেই	1
টিচাররাও	1
নিচুজাত	1
পানকারীর	1
গয়েলের	1
ফিনিটে	1
ইনকানটেটম	1
ব্রাকিয়াম	1
এমেন্ডো	1
এরকমও	1
হাড্ডিই	1
ব্লাজারের	1
সিক্রেটসকে	1
ড্রেকোকে	1
মার্টলকে	1
তসরিফ	1
এক্সপেলিয়ার্মেস	1
এভার্টে	1
স্টাটেম	1
রিকটুসেম্	1
প্রা	1
সারপেনসর্টিয়া	1
এলার্টে	1
আসেনডারে	1
ভিপেরা	1
ইভেনেস্কা	1
জাস্টিনের	1
স্লিদারিনও	1
পতার	1
বুলস্ট্রোড	1
ডম্বলডোর	1
বুলস্ট্রোডের	1
মার্টলের	1
মারভোলো	1
ডিপেটের	1
জানোয়াররা	1
সিস্তেম	1
আ্যপেরিও	1
হ্যাগ্রিডই	1
রিডলকে	1
ইদানীংকাল	1
বিচ্ছার	1
কবজের	1
ফুঁকের	1
রিডলের	1
লোকট	1
মন্ত্রণালয়কে	1
সাহায্যপ্রার্থীরা	1
ফ্যাংকে	1
মাকড়সাই	1
হ্যারিড	1
সভব	1
তখনা	1
জীবদের	1
মরলনা	1
পথা	1
জীবটাকে	1
কিনতনা	1
অলিভা	1
অবলিভিয়েট	1
জিনিই	1
হ্যারগিড	1
ডাম্বলডোরই	1
পবে	1
বিশ্বাসীরা	1
চৌকিদারকে	1
স্লিদারিনে	1
গ্রিফিন্ডরই	1
আ্যলিতে	1
হায়মায়োনি	1
অভনন্দন	1
ভোজোৎসব	1
মুবারকবাদ	1
পমফ্রেকে	1
বুরা	1
রুমগুলাতে	1
ফিনেরও	1
ম্যাকগোভার্নকে	1
কবিত্ব	1
গৃহকর্তাকে	1
বেবদের	1
বুঝাবুঝির	1
পোলাপাইনগুলা	1
বাপেগো	1
ম্যাকগোভার্নের	1
স্থানীয়ভাবে	1
মুহূর্তকে	1
বিডের	1
রেন্স	1
ঋণীগুলার	1
ক্যালভানিওকে	1
ক্যালভানিওর	1
পার্লারের	1
আসোনাই	1
জন্মাইলি	1
লিঞ্চের	1
ক্যালাওয়ের	1
আম্র	1
নিটির	1
স্বার্থরক্ষা	1
বিল্ডিঙয়েই	1
তুমিএখনি	1
জাবে	1
হারলেন	1
পারডিশনে	1
অপেরাটর	1
পেশাবও	1
নিজেরেই	1
ক্যাপনে	1
কোনরকে	1
পেডালগুলির	1
দেখাছি	1
ম্যাকডুগালকে	1
ডিপোজিটটা	1
ক্যাপুনের	1
হ্যান্ডলিং	1
সঞ্চয়ের	1
ফালত	1
কোটটুক	1
কক্ষণও	1
ব্রাইডাল	1
পাইবানা	1
ফাইলগুলি	1
গপ	1
ম্যাকগোভার্নস	1
বিশানায়	1
১৪৩২	1
প্যানার	1
জ্যাকও	1
শুনলামই	1
লেন্ড্রো	1
চুক্তিটাকে	1
কতোর	1
বুঝজিস	1
লাফাইতি	1
ষাড়টারে	1
লাগাবি	1
বক্সারের	1
লেন্ড্রোর	1
থান্ডারের	1
তুলোধুনা	1
শিঙের	1
লেন্দ্রোর	1
চিল্লায়	1
পিচ্ছু	1
আগাইলে	1
গচ্ছা	1
ফ্যালোনের	1
কেন্টনের	1
বয়সঃ১১	1
জিম্মাদারীত্ব	1
উপস্থিতিও	1
পাতিতে	1
ক্যারোলাইনের	1
অবস্থাসম্পন্ন	1
অগাস্টের	1
পিড়া	1
কাটিইয়ে	1
বাবাগিরি	1
ঘুনাক্ষরেও	1
সিধান্তে	1
ট্যালেট	1
কইগো	1
মুখখানি	1
বেনা	1
অ্যাম্বুশকে	1
হাজারই	1
বেচলে	1
নাম্বারপাতি	1
ক্যারোলাইনও	1
রয়েছেই	1
রাগছে	1
চেহাড়ার	1
রুবিকে	1
রিকোগনিশন	1
ব্রাজিলিয়ানরা	1
গেমগুলো	1
বকরবকর	1
মাইডাসকে	1
পিসাসু	1
পিম্পড	1
পাঙ্ক	1
ভাংচুরের	1
ম্যাচটার	1
স্কিমিটার	1
ফায়ারফাইট	1
শকফিস্ট	1
ট্রিনিটী	1
স্লাম	1
আপটাউন	1
ফিউড	1
সাউথপাউ	1
রেভেলিউশন	1
পালাইস	1
রুলটুল	1
চেইতা	1
ওভারলর্ড	1
শ্যাটার	1
পান্স	1
রিকল	1
বয়েরও	1
রেকগনিশন	1
পার্টসটা	1
মেইনফ্রেম	1
সার্চলাইটগুলো	1
ব্রাজিনিয়ান	1
গ্রাসিস	1
ম্যাচোডাস	1
জিতসু	1
মুয়ায়	1
বাচায়নি	1
কার্টটা	1
ময়লাটাকে	1
বর্ধন	1
এইদুটো	1
পুজি	1
রোবটটাকে	1
মেমরিতে	1
চিকার	1
পার্টসগুলো	1
ফনিক্স	1
২০০৭	1
নিউজপেপারের	1
আর্টিকেলটা	1
ট্যান্ডির	1
প্রাক্টিস	1
ফোটাও	1
কাদাবে	1
নাচছিলো	1
বেড়াচ্ছিলো	1
তুলাধুনা	1
স্কোরের	1
অপরাজিতের	1
অকমা	1
অপরপক্ষ	1
সোজাসাপটা	1
ছেলাটাকে	1
রোবটই	1
সদয়বান	1
নিয়োমিতো	1
আয়ত্তকরন	1
সিক্সপ্যাকের	1
রোবটা	1
এক্সেলর্ডের	1
এক্সেলর্ডকে	1
টুকরাকে	1
রিমোটে	1
শেখাচ্ছিলে	1
রাউন্ডই	1
একশোর	1
বাজিটাই	1
স্লেগহ্যামার	1
চিল্লায়া	1
সেকেডে	1
দেখাইছো	1
পাটাকেও	1
নড়ানো	1
এটমে	1
মুভের	1
মহানদের	1
রাকিম	1
গ্যামার	1
কান্ডো	1
বক্সিংয়ের	1
রোবটাকে	1
সাইস	1
একখনো	1
নাচেও	1
কেওস	1
আইড	1
রোবটগুলোর	1
থাবার	1
সহজের	1
লিসেনাররা	1
রাখবেঃ	1
চেষ্ঠায়	1
একটূও	1
ভদ্রোমহোদয়গন	1
চ্যাম্পিয়ন্সিপের	1
ডেট্রয়টের	1
বিষ্ময়কর	1
মুশকিলিই	1
জয়স্টিক	1
কনসোলগুলোকে	1
ফাইটারেরা	1
স্পটও	1
আংটার	1
রাউন্ডহাউজ	1
কাউন্ট্রার	1
চ্যাম্পিয়ন্সিপে	1
লড়বই	1
বেচাড়ার	1
টাব	1
তোয়াক্কাই	1
আন্ডারডগ	1
উদবী	1
উপভোগের	1
বুঝিছেয়েন	1
হাটলো	1
আত্নমর্যাদা	1
দাপটের	1
লেমকোভার	1
চেহাড়াই	1
ওওওই	1
আসিয়ো	1
অপারাজেয়	1
কাউকেভয়পায়না	1
সময়সুচি	1
অব্দী	1
শোবোট	1
ইউনিভার্সের	1
চ্যাম্পিয়ান	1
ইউনিভার্সে	1
পরষ্পরের	1
জাইগার	1
তাররোবটকেসুইসাইডকর্নারথেকে	1
তৃতীবার	1
মনস্ট্রার	1
প্যাকড	1
থ্রীলড	1
কর্নারই	1
নৃশংসতাই	1
করিয়েই	1
চেহাড়ায়	1
মেটালকে	1
স্টিলকে	1
ফিউস	1
শোয়ে	1
দাড়ালো	1
উদ্ভাস্তু	1
হতোবুদ্ধের	1
রিকগ্নিশন	1
শাসাচ্ছে	1
ধংসাত্নকভাবে	1
ফোসলাচ্ছে	1
নিট্রোস	1
পরিষ্কারভাবেই	1
ওভাররাইট	1
টূ	1
নিজেইম্যানুয়ালিএই	1
রোবটঅপারেটকরছে	1
থামছেই	1
দাড়াআলো	1
প্রতিউত্তর	1
অবশ্যম্ভাবি	1
ভুতো	1
নিষ্ঠুরই	1
শিরশ্ছেদের	1
দাসব্যবসায়ীদের	1
লর্ডশিপে	1
মরায়	1
ভাইবোন	1
বিস্ময়বোধ	1
অকুতোভয়	1
নারীসংগ	1
ডর্ন	1
বিদঘুটের	1
ঘুষিয়ে	1
ডানাভাঙ্গা	1
আর্তি	1
ঐজন্য	1
পুটলি	1
সংঘে	1
সেপ্টা	1
মর্ডেন	1
পাকাবেই	1
ভারসাম্যটা	1
নিডল	1
সোর্ন	1
কর্তব্যপরায়ণতার	1
কালোতে	1
কিংসরোডে	1
বেক্কা	1
মালটাই	1
অ্যালিনা	1
মেরোল	1
ওয়াইলা	1
ভোলাতে	1
যাচ্ছিও	1
পাথাবে	1
হিম্মতওয়ালা	1
ডোথরাকিও	1
স্বৈরাচারী	1
ডোথরাকির	1
দেয়ও	1
বাজবেই	1
খাসী	1
ঘিলুর	1
সুপ্রাচীন	1
খোক্কশ	1
দাইমারা	1
ছাইপাঁশে	1
হিসাবপত্রটা	1
আতিথ্যে	1
স্টূয়ার্ড	1
রিকনের	1
সূর্যদেবের	1
ব্যবসায়ি	1
নির্দোশ	1
ছ্যাচ্চোড়ের	1
ড্রাগনবোনের	1
গডসউডে	1
মহড়ায়	1
দাড়কাকে	1
হালকে	1
লিসের	1
ইরোজেনিয়া	1
ইরোজেনিয়ার	1
ম্যাজিস্টাররা	1
খালেরা	1
পাণিপ্রার্থি	1
ভাদ্র	1
বাঁদী	1
আজ্জলিন	1
আনহা	1
যালাত	1
ভিতিহেরাত	1
সাঁড়াশি	1
যদুরাম	1
মাইকাহ	1
জফরিকে	1
সালিশ	1
হাততো	1
চাবকে	1
নেকড়েটার	1
দৌড়েছিলো	1
জর্ফ্রির	1
অপরেধের	1
সেটাকি	1
আত্মগর্ব	1
বেপরোয়াপনার	1
সৌন্য	1
ছেলেমেয়েও	1
পঁচবো	1
কয়েকমাসে	1
রাজংশের	1
টারগেরয়ানদের	1
সেপট	1
বেলরে	1
কৃশকায়	1
যতদূরে	1
ততদূরে	1
লিঙ্গকে	1
গরীরে	1
বংসের	1
হারাত	1
মারিয়ে	1
বাসবে	1
জোয়াড়ে	1
খুটির	1
উপবনে	1
পদমর্যাদায়	1
উঁচুদের	1
দক্ষিণবাসীরা	1
দক্ষিণবাসী	1
বেহায়ার	1
অনার্য	1
খোঁচাত	1
স্যাডোক্যাটের	1
বেঞ্জিনের	1
নেডের	1
পদবিগুলো	1
সবটি	1
পোস্তর	1
গাত্রবর্ণ	1
কর্তব্যপরায়ণ	1
ডেনেরিসের	1
কংকরর	1
দলপতিকে	1
বাজারটাকে	1
সামারওয়াইন	1
অশ্বচালকদের	1
আরবরের	1
তৃষার্ত	1
মতদের	1
অবরাধ	1
বাণিকের	1
চোরাকারবারকারী	1
সম্মানহীন	1
গোমস্তার	1
বাক্যগুকো	1
ট্রির	1
ওয়ারউড	1
গডদেরও	1
টারলি	1
গডদের	1
সাতের	1
পিতারও	1
গডরা	1
হালডার	1
টোয়াড	1
মাথ্রার	1
বেলিয়ান	1
রাষ্ট	1
র‍্যানসার	1
এচেইল	1
গোরডো	1
এসকান	1
ভোকরয়	1
জোবি	1
মিনক	1
আল্লো	1
নেলুগো	1
বাঁচিতে	1
নির্মাতারা	1
যিওকে	1
ইস্টওয়াচে	1
বোরক্যাসের	1
জালিয়ে	1
আলিসার	1
গোমস্তারা	1
পরিচালিকা	1
তারোয়ালবাজ	1
আকোরন	1
গাচ্ছিলাম	1
উচিতের	1
চিঠিগুলোও	1
সভাগুলোতেও	1
রাত্রেই	1
উত্তরাধিকারের	1
রবার্টও	1
গোমস্তকে	1
অধিনায়ককে	1
স্ট্যানিসকে	1
মানমর্যাদা	1
রক্ষকর্তা	1
জিফ্রি	1
রেনলিকে	1
বোঝাগুলো	1
ক্যাথেলিনকে	1
খালাসার	1
প্রয়োগকারী	1
আশহায়	1
অদ্ধকারের	1
চরেরা	1
পরিষদকে	1
আপাত্যদের	1
নোংটা	1
পাহাড়ার	1
সুইপারদের	1
সুইপাররা	1
কুরিয়ারটা	1
আউটরিগার	1
হ্যানাওয়ের	1
ফাইলটায়	1
আতঙ্কবাদীর	1
আতঙ্কবাদীই	1
কৌশলবিদ	1
ফেডরভের	1
উত্তেজনামুলক	1
গোফটা	1
জুলিয়ার	1
ব্রাস্টের	1
মিলব	1
টুয়েলভ	1
সুয়ারেজর	1
পেচানো	1
প্ল্যন	1
এক্সপার্টরা	1
আক্রমণও	1
মন্তণালয়	1
এক্সিডেট	1
আনয়া	1
রাস্ট্রপতিকে	1
ব্র্যনডিট	1
ইউনিভার্সিটিটে	1
রাস্ট্রপতি	1
ব্র্যান্ডিটের	1
উদ্দেশ্যও	1
আবর্তনকারী	1
র‍্যাঙ্কো	1
বেচেছি	1
অনুভতিশুন্য	1
ধ্বংসাত্ব	1
আদেশেও	1
ছোয়	1
হ্যানড্রিক্সই	1
হামলাকারি	1
দুবাইয়ের	1
মারিয়াস	1
হ্যনড্রিক্সকে	1
বেচাকেনাটাকে	1
উইস্ট্রমের	1
হ্যানাওয়েকে	1
হ্যানড্রিক্সকে	1
উইস্ট্রম	1
সাজব	1
ইউসুফকে	1
ডাক্টস	1
সেনসিটিভ	1
মর‍্যোকে	1
পরবনা	1
পেপারটাকে	1
লেসেঙ্কার	1
রিপ্রোগরাম	1
জঙ্গির	1
অসফলতা	1
ভালোকেই	1
কম্বিনিশন	1
লেওনিদের	1
তুমিশুনতে	1
হেনড্রিক্সকে	1
বালুঝড়ে	1
ইম্পরট্যান্ট	1
এজেন্টই	1
ঐসময়ও	1
চেতা	1
বগডানের	1
টেলিকমের	1
ব্যাগগুলোতে	1
সিদরোভ	1
পুঁজিপতি	1
স্যাটেলাইটগুলোও	1
গুরুতবপুর্ণ	1
অ্যারে	1
কাজগুলোতে	1
ঘামিওনা	1
বাড়বেই	1
যেকাউকেই	1
ফাসাতে	1
ইউরেনাস	1
সাটার্ন	1
ফুসলাচ্ছি	1
টাইপেরই	1
পাছি	1
ছাত্তারপুর	1
ইচ্ছাগুলো	1
নাথকে	1
প্রমাণীকরণ	1
যাচাইকরণের	1
ডিভাইসটায়	1
কানেশন	1
হ্যান্ডিক্সের	1
অস্ত্রোওয়ালার	1
উল্কাপিণ্ড	1
দিনেরবেলাও	1
স্টিকেল	1
কান্দাহারে	1
জানলইনা	1
হেরেছিলাম	1
সাইবেরিয়ানদের	1
শর্তেই	1
জঙ্গিদল	1
বেশিরভাগের	1
মার্গারিটা	1
কলঙ্কমুক্ত	1
সৌভাগ্যপূর্ণ	1
ছেঁচড়ে	1
সূতার	1
রাগিয়েছো	1
রাগানো	1
মোমদানী	1
বিড়ালই	1
জিলকে	1
পিঠাই	1
কাঠবিড়ালির	1
ঘিলুটাই	1
একচুলও	1
চড়ব	1
সর্দারকে	1
ভেঙাও	1
বিড়ালী	1
কোমলতম	1
রওনাও	1
ডিমদের	1
মুচড়ানো	1
হুইস্কার্স	1
শিংটা	1
ঘোরাই	1
ঘুরিও	1
ঘুরিয়ো	1
হুইস্কার	1
জোল্টার	1
পেতামও	1
সেনাপতির	1
সিলভারস্মিথ	1
ভাবনাজুড়ে	1
হতাশাটুকু	1
রিকার্ডোতে	1
ডায়াপার	1
হ্যামলক	1
নখই	1
হ্যামলকের	1
শূকরছানা	1
বানরটার	1
ডিমটাকে	1
বিড়ালেরা	1
সেতুই	1
ছিঁড়েছিলাম	1
গাছেরও	1
তরলের	1
বীনস্টক	1
দানবটি	1
একেকটাই	1
স্বর্ণই	1
আকর্ষণে	1
কিংবদন্তির	1
গরমগরম	1
ক্যাটনিপ	1
গ্লুকোমার	1
বিনস্টক	1
শিমগুলোকে	1
হাম্পটিকে	1
ঢোকাব	1
করিন্থিয়ান	1
বুয়াকে	1
সোনাবাবু	1
নর্ম্যান	1
সিরিয়াসলিই	1
ড্রিঙ্কটা	1
গজানো	1
ওয়েইট্রেসের	1
হেটারোক্রোমিয়া	1
ছুপানো	1
শোনাক	1
মাস্ত	1
কালান্দার	1
শোনাবি	1
সহাবস্থান	1
থাকিত	1
তাহাও	1
তথ্যপ্রমাণে	1
হইয়াছে	1
মিউটেশনকৃত	1
মানবসম্প্রদায়ের	1
স্বর্ণটার	1
আমারগুলোও	1
সোনাটাই	1
রক্তপণ	1
ছোঁবেন	1
শ্মিডটকে	1
ক্লাউস	1
গ্রাহকেরা	1
ফিলিংটা	1
ভিয়া	1
গেসেল	1
ন্যাটোর	1
ইটালির	1
লকহেডের	1
কিগো	1
মিশিয়েছেন	1
জিনোমের	1
দাগানোর	1
ম্যাককোন	1
পেরিয়েছেন	1
বিশেষজ্ঞকে	1
জেনেটিক্সের	1
পড়ালে	1
ডাকটাতে	1
বিটবুর্গার	1
ডুসেলডর্ফে	1
ডুসেলডর্ফের	1
ঝরাবেন	1
ফ্র্যাংকেনস্টাইনের	1
কাইন্দালছি	1
প্রেজেন্টেশনটার	1
প্রেজেন্টেশনে	1
লেকচারটা	1
থিসিসে	1
ছিটওয়ালা	1
চকমকা	1
ডিমোশনের	1
খাদ্যবিভাগে	1
বসাচ্ছে	1
ট্রিকটা	1
মুলতবী	1
অমনই	1
গবেষকদের	1
বলিওনি	1
অনভিপ্রেত	1
পররাষ্ট্রমন্ত্রী	1
গ্রিমকো	1
রাশিয়ামোটেওকোনসামরিক	1
বাইরেটায়	1
আগবাড়াতে	1
আগবাড়াওনি	1
জোড়ি	1
বদলাতাম	1
অবাকই	1
ক্ষোভটা	1
ইনস্টলেশনকে	1
ট্র্যান্সমিটারে	1
বিবর্ধিত	1
টেলিপ্যাথির	1
ইনস্টলেশনটা	1
ইলেকট্রোডের	1
ট্র্যান্সমিটারটার	1
কেচে	1
সামারসের	1
টুরতে	1
মাছগুলোর	1
সোনারে	1
সূচনালগ্নে	1
ছদ্মনামের	1
খাপও	1
কান্দুনি	1
অননুমতিপ্রাপ্ত	1
উদ্ভুট্টিদের	1
উদ্ভুট্টিরা	1
নিবেদিতপ্রাণ	1
ডালাটা	1
মামাবাড়ির	1
ডুবাইস	1
জানটুস	1
প্রবেশঘরে	1
দরজাটার	1
সংজ্ঞানুযায়ীই	1
হেনস্থার	1
অ্যামেরিকানগুলো	1
ফ্লোরিডারও	1
আর্মিভোলকফ	1
ডারউইনকে	1
কবরও	1
খোলেও	1
মেইন্টেইন	1
যুদ্ধবিশারদদের	1
কূলে	1
ফৌজকে	1
অত্ত	1
সম্ভাবনাটাকে	1
সহিষ্ণু	1
শব্দতরঙ্গকে	1
কম্পাঙ্ক	1
হাইড	1
নিশ্চিতই	1
শেখাবই	1
ডিজাইনটার	1
জোশিলা	1
মাপবে	1
প্যানেলটা	1
মাঝেরটায়	1
জীনগুলো	1
মানুষেরগুলোর	1
শ্বেতকণিকাগুলো	1
উজ্জ্বলতম	1
ক্ষোভই	1
জওয়াব	1
কিউবাকে	1
বেষ্টনকারী	1
অতিক্রমকারী	1
পরাশক্তির	1
বাঁধছে	1
বিক্রিবাট্টা	1
মার্কারটাকে	1
অ্যান্টিবায়োটিকের	1
কোষকে	1
সমাজেরই	1
নেওয়াও	1
রুখি	1
রোধে	1
মোয়রার	1
রেইভেনকেই	1
মিউটেশনে	1
সেজেগুজেই	1
ভেঙ্গাবে	1
ভেঙ্গাচ্ছিলাম	1
মারডালাই	1
যুদ্ধাস্ত্রে	1
ব্যগ্র	1
রণতরীর	1
ওডেসা	1
অতিক্রমের	1
ইন্ডিপেন্ডেন্স	1
নেভস্কি	1
সিনক্ল্যান্টের	1
এড়িয়েছ	1
কমরেডের	1
খড়ে	1
চুলাটাকে	1
টেলিপোর্টারটার	1
বোমায়	1
গাইগার	1
কাউন্টটা	1
বাহিনীকেই	1
চেনাতে	1
মধ্যেখান	1
সঙ্কটাপন্ন	1
খামচাখামচিই	1
নাড়াব	1
কামানগুলোকে	1
এককাট্টা	1
ব্র্যাভো	1
জাহাজগুলোতে	1
কমরেডরা	1
চেলেছে	1
পাগুলোর	1
থ্যাঙ্কসগিভিং	1
গুণগুলোর	1
র‍্যাঙ্গো	1
দ্রবণীয়	1
মালভোলিও	1
নায়কটি	1
ঠিকঠিকানা	1
বাদাড়ে	1
কঙ্গোতে	1
কিরছ	1
মোহাভে	1
শুঁড়	1
এবংআরেকটা	1
ঘরানার	1
ক্র্যাকার	1
স্ল্যাপার	1
উমি	1
কিন্তুআমি	1
শ্যাফ্টের	1
আগন্তকটি	1
আগন্তুকরা	1
মেরিমাক	1
স্পিটুনটা	1
ক্যাকটাসের	1
ফ্রুটকাপ	1
ছিটাই	1
পরিপাকতন্ত্রের	1
বুযতেই	1
ওটস	1
মরডিকাই	1
আত্নীয়ের	1
র‍্যাঞ্ছ	1
ইনফেকশনে	1
সোড	1
বুস্তার	1
বন্ধকের	1
জেনকিন্স	1
পুনর্বিবেচনার	1
অন্যরকমভাবে	1
ক্ষন	1
বন্যার	1
এবংআমি	1
আঞ্জেলিকের	1
আঞ্জেলিক	1
হ্যনককে	1
মেলামেশার	1
খামারটা	1
অ্যামোসও	1
অ্যামোস	1
আসাধারনভাবে	1
কোনওভাবে	1
ছ্য়	1
গরডি	1
জেডিয়াহ	1
ধাধার	1
লুফাহ	1
এজকেল	1
জেদিদাহ	1
মিজৌরির	1
পেরিমিটারটা	1
তন্তুগুলি	1
ইউরিনের	1
মোষগুলো	1
দাড়িতে	1
সরীসৃপরা	1
টরটিলার	1
জলজ	1
হ্যাটে	1
রোলের	1
পাখিদেরও	1
বাক্সসহ	1
চরছি	1
মার্সম্যালো	1
ক্যাম্পিঙয়ের	1
বাহনে	1
ভবিষ্যৎদ্রষ্টা	1
র‍্যাটলস্নেকটার	1
সাপটার	1
র‍্যাংগোকে	1
যেকোনোভাবেই	1
ড্যাগার	1
সৎছেলের	1
ভারমিন্তস	1
পরিকিল্পনা	1
বুযেছে	1
ভদ্রমহদয়গণ	1
লুপনের	1
যাত্রাপালাটা	1
স্টেটসে	1
কিউপিডের	1
পৃথ্বী	1
মেয়বেল	1
শ্রোতারা	1
জেডিডাহ	1
শ্ত্রুতার	1
বসিফাস	1
জীবনধারণের	1
গুরুত্বপ্রন	1
সাগরেদদের	1
ঘড়ের	1
আত্নীয়রা	1
ডাকাতগুলোকে	1
এবংআমার	1
লুটেরাদের	1
ম্যারিমাকের	1
র‍্যাটলস্নেক	1
ব্লাডারের	1
সমায়	1
নোভাকের	1
আগুয়া	1
মুল্যহীন	1
দুভাগে	1
আইনমানব	1
বন্দুকবাজদের	1
নায়করা	1
স্বার্থটা	1
ইখানে	1
সঙ্গীসাথীরা	1
আযাচিত	1
ওয়াকরদের	1
মৃত্যদন্ড	1
ওদরে	1
মোট	1
নির্দশন	1
ওদরেকে	1
লানিস্টার	1
লানিস্টাররা	1
উত্তরীয়	1
তবিয়্যতে	1
অন্যান্যরাও	1
মরিয়ে	1
লোমওয়ালাদের	1
দর্শনদারী	1
সাক্ষাৎই	1
ওঁনার	1
বাওয়া	1
দিচ্ছলাম	1
তূগর্ভস্থ	1
সেসম্পর্কে	1
বিপথগামিতার	1
থিরিয়ন	1
বেশ্যাখানায়	1
বোনগুলোর	1
ব্যগ্রকামনা	1
দৃষ্টিআকর্ষণ	1
স্টাররা	1
টাইগারিয়ানসরা	1
শ্রান্ত	1
শাসনামল	1
সময়জ্ঞানের	1
ভিসেরিয়াস	1
দেখোছো	1
হারেননি	1
থাকনে	1
অপ্রশস্ত	1
ড্রগোকে	1
ল্যারিস্টারদের	1
প্রাচীরতো	1
খপ্পর	1
কেঁটেছি	1
নকি	1
প্রতিযোগীতাটা	1
এমরকম	1
ল্যুইন	1
ইরিতে	1
খুঁটায়	1
ইনাকেই	1
নিষ্প্রভ	1
ডথ্রাকি	1
ডথ্রাকিতে	1
বিশ্বাস্ত	1
নিমর্ম	1
গর্দানটা	1
বারাথিয়ন	1
র‍্যালম	1
সেনটেন্স	1
চিড়িয়া	1
নগরদ্বারে	1
দেবতাদেরই	1
দক্ষিণী	1
গুতিয়েছে	1
আপমারই	1
জিতিয়েছিস	1
লুচ্চামি	1
বেশ্যালয়ের	1
আকাঙ্ক্ষাগুলো	1
পদগুলোর	1
টারগ্যারিয়ানরা	1
ইলিরিয়োর	1
উমমমম	1
সময়ানুবর্তিতার	1
আথচোমার	1
চোমাকান	1
রাইটফুল	1
হুশিয়ারি	1
চৌদ্দগুষ্টিকে	1
শিগগিরি	1
দাবড়ে	1
বামনই	1
বাড়ছো	1
বেয়াইন	1
পদবীর	1
হাশির	1
গিধড়ের	1
এইরি	1
এইরিতে	1
লাইসার	1
হ্যান্ডকে	1
উপলক্ষণ	1
উপলক্ষণের	1
ক্ষ্যাতাপুড়ি	1
পানশে	1
জাদি	1
ঝেই	1
আনদালি	1
খালেসির	1
আবর্তে	1
লক্ষচ্যুত	1
ফাঁসিটা	1
লুন্ঠনকারী	1
বিশার	1
কারজে	1
স্পারো	1
রামধোলাই	1
ব্রান্সউইক	1
লুনেবার্গ	1
চিররক্ষাকর্তা	1
সম্রাজের	1
মিলল	1
অপরান্হ	1
রক্ষাকার্জে	1
কর্ত্রীপক্ষের	1
থিক	1
ডুবিস	1
একটাকরে	1
পূর্ণআত্মবিশ্বাস	1
পুরস্কৃতও	1
রক্ষিদের	1
ঊনার	1
জোচ্চর	1
গুজবই	1
অনাবিকসুলভ	1
প্রয়জনে	1
পচিয়েছি	1
অসুবিধাজনক	1
বাপার	1
ঠাং	1
দুখখিত	1
জম্বিফাইড	1
অফিসারই	1
দয়াহীন	1
প্রানহীন	1
কেউকি	1
অসময়েই	1
বিপক্ষেও	1
আমরণ	1
বান্দরেরা	1
বিদ্রোহটা	1
প্রত্যেক্যে	1
ডিঙিনৌকা	1
দেখাবারও	1
ক্লেষ	1
জন্ন	1
চারেদিকে	1
ধোঁকাবাজীর	1
অনিচ্ছাকৃতআমি	1
স্বভাবজাত	1
দাঁতাল	1
প্রতিহিংসাপরায়ন	1
সুইটনেস	1
ছুঁচার	1
রক্তমাংসের	1
সাগরই	1
ভদ্রলকেরা	1
পেচান	1
উল্টান	1
খাওনো	1
মোচড়ান	1
মারটিনিক	1
আরামি	1
পছন্দেরটাই	1
তুমিকে	1
বিধাতার	1
জলকন্যাদের	1
জালানো	1
প্যারেন্টস	1
মেইডস	1
হুওভার	1
প্লাউস	1
র‍্যাগীং	1
অশ্রুটা	1
যানাতে	1
জলকন্যাটাকে	1
মেয়দের	1
সময়র	1
ডোবানালা	1
কোয়ার্টরমাস্টার	1
এগুলাতে	1
বাঁচবা	1
হাতদিয়ে	1
প্রানিগুলোর	1
সরিয়েছিলে	1
তাহেল	1
আগানোটাই	1
কোয়ার্টারমাষ্টার	1
প্রাণই	1
দুঃখবোধ	1
সেভিল	1
দাগিয়ে	1
বিলাসিতার	1
পশমি	1
ব্ল্যাকবেইয়ার্ড	1
বন্দিগুলো	1
পালানর	1
মানুস	1
অ্যাঞ্জেলিকার	1
দ্বিতীয়ই	1
চারপাওয়ালা	1
বেয়ার্ড	1
ব্যবহারটা	1
শেষগন্তব্য	1
ভিদা	1
সন্তোষ্টির	1
বাঁকান	1
পৈশাচিক	1
সিনোরিতা	1
শিরকী	1
মাখান	1
পাপমুক্তি	1
বেসেছি	1
বাসব	1
তর্তুগায়	1
ধাড়ী	1
নিউগিনি	1
ক্রুস	1
বালুঘড়ি	1
স্বত্বার	1
রোটেশন	1
ভিজ্যুয়াল	1
প্যাটার্নের	1
কার্ডকে	1
ডেটোনেট	1
সন্ত্রাসীটাকে	1
প্রাণগুলোকে	1
প্যানেলে	1
বয়টাকে	1
স্বৈর	1
ইজিপশিয়ান	1
গালফ	1
লেবানিজ	1
নামিয়েছি	1
মেকানিক্স	1
ক্যালকুলাস	1
হালো	1
বৈশিষ্ট্যও	1
মর্টেমের	1
ফেনট্রেসের	1
উইলমেট	1
আটাকানো	1
কম্পার্টমেন্ট	1
স্ট্রংবক্স	1
বসবনা	1
স্ট্রংবক্সের	1
পারফরম্যান্সের	1
ট্যাকটিকাল	1
এয়ারবোনে	1
ঢুকিওনা	1
রীডে	1
এয়ারবোর্ন	1
ওয়াটের	1
ফেব্রুয়ারিতে	1
ব্রডকাস্টে	1
কানদাহারের	1
বিধ্বস্তে	1
ক্যাপসুলও	1
শৃঙ্খলাকে	1
শুনতনা	1
উড়িওনা	1
ট্রক্সেল	1
ইলিনয়ের	1
রেডিওএকটিভ	1
সন্ত্রাসবাদীর	1
প্রতিবম্ব	1
শুধরনোর	1
রাতলিজকে	1
ফান্ডিং	1
ইরেজিং	1
এ্যনালাইজিং	1
স্টিভেনকে	1
কল্টারের	1
গুনতাম	1
লেকফ্রন্টে	1
মিডওয়েতে	1
হাসিয়েছে	1
রাতলিজের	1
হিউয়ের	1
বাঁছে	1
সিস্টারস	1
ট্রাইডেন্টে	1
পাছাওয়ালা	1
বোকাটার	1
একবিচি	1
বর্মও	1
বল্লমের	1
অনুপ্রেরণাময়	1
গ্রেগরকে	1
আনন্দঘর	1
প্রতারণায়	1
জুতোগুলোর	1
প্রয়াসের	1
ছোঁড়াটা	1
গুপ্তঘাতককে	1
কণ্ঠরোধ	1
রড়রিক	1
বাঁধনমুক্ত	1
তীরন্দাজে	1
নৌচালনা	1
প্রণয়জ্ঞপন	1
মুকুটধারী	1
ওয়েস্টারল্যান্ডস	1
লানিস্টারস	1
নীতিবাক্যে	1
অমায়িকতাপূর্ণ	1
মার্টেল	1
হর্নউড	1
টাল্লিদের	1
সপ্তাহধরে	1
ট্রিয়নের	1
সহহ	1
বামনটি	1
ওয়েস্টরসে	1
রাঁধুনিকে	1
চুদেছিল	1
ছোটতে	1
রানীই	1
সম্ভ্রমের	1
সাপেক্ষ	1
রংহীন	1
আওয়াজঃ	1
বইটাও	1
অসভ্যরা	1
অধ্যবসায়কে	1
রেডউইন	1
মারলোন	1
টুম্বোস্টোন	1
হাতকাটাদের	1
চোখগুলোর	1
বাঁমে	1
ছাপ্পড়	1
জারজটিকে	1
পুড়ো	1
ইগান	1
এরিই	1
উত্তরেই	1
ভিসেরিসকেও	1
জুড়ো	1
জোরহা	1
সৈনদল	1
ডাথোরাকিদের	1
জ্ঞানভরা	1
দয়াশীল	1
কণ্ঠলীন	1
কাঁপত	1
শব্দটাও	1
তলোয়ারবাজ	1
হেওয়ার্ড	1
আস্তাবলের	1
চিনিতে	1
এরিনকে	1
মর্ডের	1
বর্মে	1
তরোয়ালবাজ	1
রবর্টা	1
হত্যাকান্ডকে	1
র্থ	1
জর্ফি	1
চিংড়ির	1
বোকই	1
ড্যাথোরাকিদের	1
কৃতদাস	1
তুষারে	1
সস্তানকে	1
শুয়	1
জারজদের	1
মায়েস্টার	1
রাজারই	1
শিটস	1
ওয়াইপস	1
আঁচড়	1
চিন্তেই	1
পারদর্শি	1
গোরস্থানের	1
ঘুমনোর	1
ন্যায়ের	1
টারগ্যারিয়ানের	1
ঢুকাতাম	1
আরোগ্যলাভের	1
ধকলে	1
ব্র্যানডনকেও	1
কণ্ঠাস্থি	1
বাছিনি	1
টালিকে	1
ম্যাটারস	1
কর্জে	1
রাজকোষের	1
ডায়ারউলফের	1
চেচিয়েছি	1
পার্বণে	1
কুমারীদের	1
দাক্ষিণ্য	1
নর্দানাররা	1
কেভান	1
বেরাদারদের	1
গডসও	1
ভদ্রমেয়ের	1
মারসেলার	1
মিক্কেনের	1
নামওয়ালা	1
খোঁচাতে	1
সানসাকে	1
সানসার	1
ডানকান	1
টলের	1
ভয়েরগুলো	1
শীতকালের	1
মেষপালকদেরও	1
জীবন্মৃত	1
ম্যাকম্বার	1
দশাই	1
ছোড়াটা	1
নর্থেও	1
আয়োজিত	1
জৌসটিংয়ে	1
বাটপারগুলোকে	1
দাড়কাক	1
জানালেই	1
গ্রেনের	1
রড্রিকের	1
অ্যাট	1
আর্মসের	1
বেগার	1
দুর্নামটাতো	1
সারসি	1
লিটলফিঙ্গারকে	1
টাইরোশি	1
কলিজায়	1
ব্যাটল	1
সামারহলে	1
উচুবংশে	1
ব্রেস্টপ্লেটে	1
পাঁজরও	1
আগমুহুর্তে	1
টার্লিরা	1
নেমকহারাম	1
কিংস্লেয়ার	1
আত্মতৃপ্তির	1
মহাপরাক্রমশালি	1
নিতান্ত	1
ব্রাদারহুডের	1
টয়েনকে	1
পুরুষগুলোর	1
রক্তেরা	1
ঝাঁককে	1
খালেসারে	1
জোটা	1
ডর্নিশ	1
বাটপারদের	1
দুমুঠো	1
পাওয়াতেই	1
সঙের	1
ওয়াইল্ডলিংয়ের	1
ওয়াইল্ডলিংরা	1
ওয়াইল্ডলিংয়েরা	1
ডানজন	1
জাকার	1
আথ	1
হাকার	1
ডোথরাকানদের	1
ডোথরাকান	1
বর্মপরিহিত	1
শোরি	1
তাওয়াকোফ	1
আরাখ	1
ব্রডসোর্ডের	1
ভ্রোয	1
ভার্বোর	1
ব্লাডরাইডার	1
নেমকহারামি	1
ডোথরাকে	1
এইমন	1
ধরাপরা	1
ল্যানিসপোর্টের	1
মৎসকন্যা	1
ছেলেপুলেদের	1
ক্যাসলগুলোর	1
জঙ্গলও	1
গ্রেটসোর্ড	1
হাতেরই	1
সীলর্ড	1
সোর্ড	1
কোপানো	1
খোঁচালে	1
হিমু	1
কৈফিয়ত	1
ট্রিয়নকে	1
জেইমিকে	1
গ্রাউন	1
মুতো	1
ভালোবাসিনি	1
ব্যাচটা	1
চোকাতে	1
দাঁড়ো	1
মধ্যেদিয়ে	1
ঘোড়াটাও	1
রেয়ডারের	1
ড্রোনে	1
ওয়াকারস	1
ইজল্যান্ডে	1
ফসকালে	1
কণ্ঠনালী	1
কারাপরিদর্শক	1
জোরিকে	1
ধর্মযাজিকা	1
অশ্বচালাচ্ছে	1
খুরের	1
ক্রন্দন	1
খালাসারে	1
ভেস	1
ডাথোরাকে	1
তিনটিই	1
তাঁবুর	1
প্রবাদটা	1
কক্ষগুলো	1
স্কোয়ারকে	1
একবাটি	1
স্ট্যুতে	1
ডুবিয়েছিলাম	1
সসেজের	1
ছিলেছিলাম	1
নেড়া	1
স্ট্যুর	1
বেশ্যেলয়ে	1
ওইসবের	1
খুঁজিও	1
চোকাব	1
এরিতে	1
রবিনকে	1
মানুষ্টাকে	1
ইম্পের	1
সেলমি	1
ছদ্মবেশীদের	1
চুদেছ	1
চুদছো	1
তারো	1
টাল্লির	1
টাল্লি	1
গ্রামগুলোর	1
বেরিক	1
ডনডারিয়ান	1
আনডালস	1
প্রোটেক্টোর	1
রিলেম	1
ব্যানারম্যানের	1
সৌন্যরা	1
দক্ষিণা	1
সেপটা	1
লেডিরা	1
হারবোর	1
স্টার্রকে	1
সিরিয়র	1
সিরিয়কে	1
নরগ	1
সেপটার	1
লয়োনেল	1
ভগ্নবস্তু	1
বুড়িমার	1
সমাদরটা	1
কায়দাটা	1
স্যাডল	1
চাপরাশিকে	1
লাগামের	1
প্রতিবন্ধিদের	1
চৌহদ্দির	1
বন্দীকারিদের	1
গ্রেজয়ের	1
ঠেকবে	1
চাকরে	1
ল্যানিসপোর্টে	1
নৌবহর	1
স্বদেশীদের	1
আটাতে	1
নিবাসী	1
র‍্যাস্ট	1
জারজে	1
শুয়োরানীকে	1
জারজটাকে	1
লড়েছিস	1
লড়নি	1
ডোথরাক	1
হর্সলর্ডদের	1
নাদা	1
উপদেশদাতাদের	1
দেশছাড়া	1
ভ্যালিরিয়া	1
নিশ্বাসে	1
ঝাপটায়	1
পারাতেই	1
বোম্বেটের	1
কীপের	1
সারিগুলো	1
হাটাতো	1
কাছেরগুলো	1
থ্রোনের	1
ঘিসকার	1
ভ্যালরায়োন	1
ভার্মিথ্র্যাক্স	1
এসোভিয়াস	1
আরকোনেই	1
মারাক্সিস	1
ভেইগার	1
ব্যালারিয়ন	1
ড্রেড	1
খুলিগুলোর	1
জালেমটা	1
গুড়োগুলো	1
ছিটিয়েছে	1
প্রণয়ীনী	1
গাধারে	1
ভদ্রে	1
নেকড়েগুলো	1
কনকুয়েরর	1
কীপ	1
মেইগর	1
ক্রুয়েল	1
এইরিসের	1
সরাইয়ে	1
বেশ্যালয়ে	1
সিস্টারসে	1
বজায়ই	1
খরচটাও	1
যথাযোগ্যভাবেই	1
বনেদিরা	1
গরিবদেরও	1
ফুরসত	1
হাটতেই	1
টার্নিতে	1
গরমরে	1
নর্দার্নারদের	1
হ্যান্ডেরা	1
লিনিয়েজ	1
হিস্টোরিস	1
হাউসেস	1
উইথ	1
ডিসক্রিপশন	1
মেনি	1
নোবল	1
হারকন	1
হোথার	1
এ্যামারিলিস	1
আম্বারের	1
এইগনের	1
১৮৩তম	1
হার্থে	1
জখমে	1
পরলোকগামী	1
রোগটাই	1
অসিযোদ্ধারই	1
কিংসগার্ডের	1
বিল্ডারের	1
কাপছো	1
১৮তম	1
কদিনে	1
উপাধির	1
একখানে	1
আরতুইজিনথেকেপড়েগিয়েমরবি	1
তোরমাকেআমিযাবলবো	1
লড়াবে	1
ক্যাটকে	1
সেপ্টাকে	1
হিউকে	1
অ্যারেনকে	1
সশরীরে	1
চেতিয়ে	1
যথাজ্ঞা	1
গেনড্রি	1
হান্ডকে	1
লর্ডশিপ	1
পাড়াতো	1
মিয়ারের	1
খুশবু	1
মাগীরা	1
শুয়োরানীর	1
বেকনের	1
পশমটাও	1
ছোবে	1
ছিঁচকাঁদুনী	1
দিচ্ছিও	1
জেতোনি	1
হর্সলর্ডের	1
নিইয়ে	1
চুরিয়ে	1
শুয়েছো	1
কূলনাম	1
খুলছিলো	1
চাকরেরা	1
রেইডার	1
রেইডারের	1
গোড়াশুদ্ধ	1
শিগগিরিই	1
বসুক	1
রাজাগোজাদের	1
সৈন্যসামন্ত	1
ফিঙ্গারস	1
জৌস্ট	1
ক্লিগেইন	1
ভেইল	1
ভ্রাতৃপ্রেমের	1
জন্মেই	1
টুটি	1
গনগনে	1
মারানোটা	1
আশবে	1
কোনোরকমে	1
নিধনের	1
ব্লেসিংস	1
নর্দার্নাররা	1
কামরাও	1
হ্যারেনহলের	1
হোয়েন্ট	1
হস্টার	1
রিভাররানে	1
ব্রাকেনকে	1
আস্থায়	1
ঈর্ষে	1
কূলচিহ্নও	1
৯০তম	1
খরগোশের	1
ক্লারেন্সকে	1
ঔষধালয়	1
কোরাল	1
অভিযাত্রীরাই	1
সোসাইটির	1
সদস্যপদের	1
হারেম	1
ইনফ্লুয়েঞ্জায়	1
ব্লেইনকে	1
ডিপথেরিয়া	1
ঝড়োহাওয়া	1
ত্রিশটা	1
সাহায্যসংস্থা	1
বেইলিদের	1
ঔষধতো	1
ক্যাপসুলগুলোর	1
ক্যাপস্যুলের	1
ওষুধবিক্রেতা	1
ওষুধগুলোর	1
কাউকেইনা	1
সমরকন্দ	1
সেকেন্ডহ্যান্ড	1
গাওয়ারের	1
নৌকায়	1
নৌকা	1
ফুটা৷	1
দিয়োনাতো	1
মেয়েবাচ্চা	1
মেয়েই	1
গ্র্যজুয়েশন	1
ড্রেসআপ	1
টাক্স	1
পিঠাগুলোকি	1
ঝাড়ু	1
গেছি৷	1
কয়েকডজন	1
ডিরক্টরে	1
ভালোভাবেঈ	1
হ্যারিকেও	1
মিলিয়নের	1
হাতপা	1
বাচাঁনো	1
কৃপণের	1
মাথামোটারা	1
চিনেনতো	1
ওয়েইনরাইট	1
আনাড়ি	1
তোমাকেইতো	1
পার্টৃজ	1
মেয়েরাও	1
হওতো	1
গল্পতে	1
জুটিই	1
ওথেলো	1
অল্পবয়েসী	1
কাপড়ছাড়া	1
কমবয়স্ক	1
গ্র্যানভিল	1
কলোসিয়াম	1
এয়ারফিল্ড	1
সমইয়	1
ঠিকরে	1
টাকমাথায়	1
পেয়েছি৷	1
ইউরোপযাত্রা	1
স্কুলযাত্রা	1
অপরিচ্ছন্ন	1
মটকাতে	1
মৃতুতে	1
নিষ্ঠাই	1
বেইলীই	1
সত্যতাপত্র	1
এখানাকার	1
মিতব্যয়ী	1
শ্রমিকশ্রেণীর	1
স্বপ্নদ্রষ্টারা	1
করেন্নি	1
বস্তিগুলো	1
ছেলেমেয়ে	1
নিষ্কর্মাদের	1
বইয়ে	1
পাননা	1
ঊঠিয়ে	1
ছাপ্পান্ন	1
কলেজও	1
ভেনেজুয়েলা	1
ইঞ্জিনিয়ারিং	1
মোটরগাড়ির	1
কাপ্পা	1
ভৌগলিক	1
স্লেজগাড়ী	1
চর্বিওয়ালা	1
বেতনভোগী	1
জয়যাত্রা	1
মেরিতো	1
জোনাকির	1
নিউইয়র্ক	1
প্রয়জন	1
পর্জি	1
পাইনের	1
শুঁকবো	1
বলবলি	1
পিকেটিং	1
বেরিয়েছিলাম	1
বেরিয়েছিলে	1
নিউইয়র্কে	1
ফলসের	1
আওগ্রহ	1
বেরোবেনা	1
শুভরাত্রি৷	1
ডাকবো৷	1
এক্সটেনশান	1
একতলা	1
পাত্তয়া	1
হটেস্ট	1
খুঁজেছেন	1
ঋণদান	1
লাগিয়া	1
অর্থপ্রদানকারী	1
গোছগাছ	1
লোটোখেলা	1
রেলগাড়ি	1
প্রণয়	1
ওয়ান্টস	1
যকৃৎ	1
বড়িগুলো	1
নকড়া	1
দ্বীপপুঞ্জের	1
চাঁদিনী	1
পেয়ার	1
উইন্ডোজ	1
গোমশতা	1
অনিয়মিতভাবে	1
পাঠাইয়া	1
অতিশয়	1
উত্তরীয়	1
দ্রোহী	1
মতানুসারে	1
বাড়ান	1
ওয়েবে	1
কনফিগারেশন	1
মাকড়সা	1
ঝাঁকুনিদার	1
এইচএম	1
হাফডোর	1
ঘায়েল	1
রবার	1
চার্জের	1
ডিসটেন্স	1
খ্রিস্টমাসের	1
ক্রটি	1
এড়ি	1
টালা	1
ভ্রাতুস্পুত্র	1
দেনাগ্রস্ত	1
খাওয়ার	1
প্রদেয়	1
দিকে৷	1
পারবেন৷	1
লবান	1
ঘটিরাম	1
এগন	1
রিপোর্টারস	1
কার্যালয়	1
অধিবৃত্তি	1
করবো৷	1
পেরেছি৷	1
জীবনবীমা	1
নিবন্ত	1
উরোগামী	1
ম্যানিপুলেশন	1
স্প্যাঘেটি	1
ভাগো	1
আন্ডারওয়্যার	1
শোষক	1
নিষ্পন্ন	1
হনু	1
চীয়ারীত্ত	1
বক্ষোদেশ	1
উতরান	1
গাব্রিয়েল	1
বিস্কুটবিশেষ	1
বায়ুমণ্ডল	1
পৌঁছয়	1
যাপিত	1
বিষণ	1
স্বতন্ত্র্র	1
সম্মোহকারী	1
হত্ত	1
প্রস্থিত	1
ভাইডি	1
কুঁড়েঘর	1
তরূণ	1
ওয়াচ	1
সম্মোহিত	1
কর্মখালি	1
ভীম	1
আসুন৷	1
এসাইলাম	1
কপর্দকশূন্য	1
রাশীকৃত	1
বড়বাজার	1
শোনা	1
ফেরেশতাগণ	1
সুজাত	1
আনন্দময়	1
নেশনস	1
জয়জয়কার	1
দেবদূতসংক্রান্ত	1
তুষারঝড়	1
গোধূমচূর্ণ	1
স্টিকিং	1
চারন	1
ঔষূধ	1
বাসাবো	1
বিলাতো	1
গর্ভাবস্থার	1
বেয়োনা	1
ক্যাপ্টন	1
বর্ষপঞ্জি	1
অনুসুরন	1
পাতালপুরের	1
নীচেও	1
অদ্ভূৎ	1
ঘুমাতো	1
শিকড়ে	1
ঝঙ্কার	1
পোকামাকর	1
ভাঁড়ারঘর	1
কথয়	1
অফেলিয়ার	1
বছেরের	1
সংক্ষিপ্তভাবে	1
হাতঘড়ি	1
ধাঁধাতে	1
চক	1
নারচিকো	1
পেনা	1
সোরিয়ানো	1
দেইখো	1
ঘুমপাড়ানি	1
প্রানীটাকে	1
ঐশ্বর্যবান	1
অরুজো	1
তিরিগো	1
পিলিটোকে	1
কানাডিয়ান	1
হাবলুস	1
ডুয়োইট	1
এইসেন	1
কাটাকাটিতে	1
চকটা	1
বালিঘড়ি	1
জাকা	1
ভাইডালের	1
মার্সেডিজের	1
কিছি	1
বেঁচ	1
মার্সডিজ	1
গোনো	1
জাগিয়েছি	1
ফেরিরোর	1
তাতজাঙ্কের	1
মানতেছো	1
জোড়াজুড়ি	1
অবর্ণনীয়	1
কার্তুজকে	1
বিজ্ঞতায়	1
তোতলাটা	1
ষ্টোররুমে	1
কপিটি	1
অদ্ভুৎ	1
ষ্টোররুম	1
ভাংচুর	1
জা্নো	1
মাদারচোঁদ	1
নাড়িভুড়ি	1
স্বাপেক্ষে	1
পূর্নিমা	1
ছোঁড়ার	1
ঝড়ালে	1
নিস্পাপের	1
চার্চই	1
জোটাতে	1
বোতলও	1
বোলোগনা	1
গোজের	1
আলফোনসাসের	1
ব্যালিসটীকস	1
নির্বাপকরা	1
সমকামীর	1
পেন্সিলস	1
কোর্সটা	1
ব্লোওজব	1
কমনওয়েলথ	1
রুমি	1
এলারবির	1
ডিয়াগামের	1
মারশের	1
ডিয়ারফিল্ডের	1
লাজিও	1
ব্রকটনে	1
ডিলাহান্ট	1
উন্নতিও	1
মুণ্ড	1
হথন	1
শেক্সপিয়ারের	1
ম্যাসাচুসেটসের	1
গ্যারান	1
টিড	1
স্টেফানির	1
বোনাসের	1
কস্টিগানের	1
বাদবাকিরা	1
টূলিশ	1
বুযেছো	1
রিকানেই	1
কষ্টেলো	1
বুযেছি	1
বিভাগটার	1
কাজগুলির	1
বিস্তৃতি	1
অধীনস্থরা	1
ইরাকিদের	1
সাউদি	1
বাগিয়েছে	1
সার্টিফিকেটটা	1
হাইবেরিয়ান	1
লিকোর	1
কানেফিককে	1
তথ্যগুলি	1
ব্যুরোর	1
সাফোক	1
সাফকে	1
ইউম্যাসে	1
ম্যাডোলিন	1
গ্রাফিত্তির	1
ক্লায়েন্টরা	1
গার্জিয়ান	1
হারুপাটটি	1
কুইলার	1
ফ্রেঞ্চের	1
চিল্লাফাল্লা	1
রিস্তিন	1
কমাপার্টম্যান্টের	1
এলারবিকে	1
লেননকে	1
লিংকনের	1
লেননের	1
রিটাকে	1
বোনো	1
পাগলাটা	1
ব্যাগসের	1
বাড়াচ্ছিল	1
পারতোও	1
বেড়ায়নি	1
হীনতার	1
চুলকাটার	1
ক্যাডেটদের	1
একাডেমি	1
কান্নাকাটিও	1
ব্যাগস	1
মাদারফা	1
মেরেছেই	1
প্রাকৃত	1
লোরাজিপাম	1
কাউন্সেলরের	1
প্রসেসরের	1
লেনদেনটা	1
খেলোয়াড়দেরকে	1
কথামালা	1
ধুরতে	1
কারাটের	1
৮০৭টা	1
লাগাইসে	1
গাধাগুলা	1
জালিয়াতিও	1
ফিতজ	1
গাড়িগুলি	1
খানকার	1
কষ্টেলোর	1
কলিনকে	1
গোছ	1
ল্যারিজেনকটেনমি	1
বাহী	1
নটরডেমে	1
ঢালছি	1
সাজাচ্ছে	1
ষ্টুপিড	1
দাঁতালো	1
উইলিয়াল	1
ইঁদুরদের	1
ইদুরকে	1
বিবরণী	1
যদিতারাতোমাকেবিয়ারনাখাওয়ায়বাতাদের	1
বালতিও	1
কুইনানই	1
ভাড়াটিয়াও	1
এসকেপ	1
থিকাছে	1
দকার	1
ফেনওয়ে	1
ডেলাহান্টের	1
ফেনওয়ের	1
যেকারনেই	1
সরম	1
ইদুরে	1
শেফিল্ডের	1
ঝিকিমিকি	1
টেপগুলি	1
বাদ্যি	1
ডিগনামকে	1
পেয়ছো	1
ব্যারিগানকে	1
কস্টিগানকে	1
জাদুকৌশলে	1
চাকুরিদাতা	1
ট্যাংককে	1
অলক্ষ্যে	1
জাদুজগতের	1
জাদুগুলোর	1
জাদুরই	1
মূল্যবানটা	1
অতীতও	1
চাইবার	1
কাহিনীও	1
নোটবুকের	1
সংকেতগুলো	1
দৃঢ়তাও	1
উচ্চতারই	1
স্প্রিংসে	1
চূড়াটা	1
নোটিশটা	1
১৮৯৭	1
অর্ফিয়াম	1
উৎসর্গীকৃত	1
দুটোকেও	1
টেনলী	1
গোল্ডফিশের	1
ঘুরিয়েছিলাম	1
গিঁটের	1
অচিন্ত্যনীয়	1
কীই	1
মঞ্চপ্রীতি	1
কৌশলটাই	1
বাড়িওয়ালার	1
তেন	1
কৌশলই	1
ডুবেছিলো	1
কুশলীর	1
ট্যাঙ্কটার	1
বেদনাময়	1
অন্তঃস্বত্ত্বা	1
্যাকারম্যানকে	1
ম্যাককালোহকে	1
হলভর্তি	1
জাদুটাতে	1
উইন্সকম্ব	1
পাখিটার	1
দুপাশে	1
দর্শকে	1
আঙ্গিক	1
ড্যান্টনের	1
নিউইয়র্ককে	1
ঘূর্ণনরত	1
ওয়ার্ডটা	1
কিনতেও	1
পর্যায়বৃত্ত	1
টেসলাকে	1
যাসেকরবেনা	1
পরমুহূর্তেই	1
শ্রান্তিহীন	1
ওয়েন্সকে	1
১৮৯৯	1
পরিবাহিত	1
পরিবহনে	1
যা্ন	1
অনুবাদকদেরআড্ডা	1
ফেসবুকগ্রুপ	1
জাকির	1
জিতু	1
জাদুময়	1
বাজিয়েছিলো	1
ওঠারই	1
নকলটাই	1
প্রেস্টিজের	1
ইচ্ছেগুলো	1
পারফর্ম্যান্স	1
ফাউস্টে	1
রুটকে	1
চুটকি	1
প্রেস্টিজে	1
তোলাটাই	1
ওয়ারড্রোব	1
কিনলেন	1
শয্যাসঙ্গিনী	1
ওয়েন্সকম্ব	1
মেথডের	1
সাফল্যও	1
ম্যাজিশিয়ান	1
দেখাইনা	1
মহাজাদু	1
প্যান্টেজেস	1
অনুপ্রবেশকে	1
বেচারাটাকে	1
ওয়ার্কশপে	1
বললোনা	1
অকেজো	1
ওয়ার্ডটাই	1
পোষাচ্ছে	1
দামীটা	1
ওয়েনসকম্ব	1
ওয়েন্সকম্বকে	1
দাড়িটা	1
গোপনীয়তাই	1
বোঝেননা	1
ঢাকবেন	1
চাট্টিখানি	1
চাহিদামতো	1
সামলেছো	1
প্রত্যাশামত	1
ডজনখানেকবার	1
শিম্পাঞ্জিগুলো	1
ফ্যালনকেও	1
কর্মীদেরকে	1
অভাবনীয়তাকে	1
বাক্সতে	1
দুর্দশাই	1
জার্নালের	1
কৌশলগুলি	1
ট্র্যান্সপোর্টেড	1
ব্যবস্থাপনাটা	1
অ্যাকারম্যান	1
ভালবাসিনি	1
ভালবেসেছিলো	1
দুইবছর	1
লন্ডনবাসী	1
কৌশলটি	1
এ্কশোটা	1
কোল্ডলোই	1
ফ্যালনও	1
ঝুলাচ্ছো	1
কোল্ডলোর	1
ইংল্যাণ্ডের	1
মানুষ্টার	1
ঢুকতো	1
অলিভিয়াকে	1
দেদারসে	1
অভিব্যক্তির	1
গ্লাসনস্ত	1
সর্বহারা	1
একনায়কত্ব	1
সিষ্টেম	1
নাম্বারঃ	1
ডাইটার	1
পিরমাসেন্স	1
বিবরনে	1
ট্রেপটো	1
মেমোরিয়ালে	1
কির্শনারের	1
পোটসডাম	1
স্কুলেরবন্ধুম্যাক্সকির্শনার	1
নাদজাকে	1
অধ্যাপনার	1
জার্মানীকে	1
মোটারা	1
বাজনাও	1
স্টালিনের	1
নাঁচের	1
সমাজতন্ত্রে	1
হেমফ	1
সোয়ালবারের	1
রূঢ়ভাবে	1
আরক্ষুদ্রচাষীরজন্যজমি	1
প্রিমিয়ারে	1
পরিপুষ্ট	1
প্রজেক্টর	1
কালোলিস্ট	1
জর্জিয়ান	1
লুকিয়ো	1
মাইস্ট্রো	1
ভাববাদী	1
অনুগামীতা	1
রুচিবোধ	1
এ্মন	1
চুলকানীটা	1
সারলো	1
র‍্যাপ	1
শান্তিকামীতা	1
এঙ্গারলিন	1
পদ্ধতিতেই	1
দুপরের	1
বিএসজি	1
পর্যবেক্ষক্ষণ	1
সেক্রেটারী	1
আক্সেল	1
বিভাগঃ	1
উস্কানীমূলক	1
হিমশৈলের	1
কার্যালয়ে	1
তোমারটিও	1
হোনেকার	1
মেট্রোপুলে	1
সন্ধ্যাবেলা	1
বেশিক্ষনের	1
পাশ্চিমে	1
নিষেধাজ্ঞাতে	1
বিটোফেনের	1
আপাসোনেটা	1
ঢোকায়	1
স্যুইচের	1
বাথরুমেও	1
শত্রুকেও	1
নোওয়াক	1
আলবার্টের	1
শ্রোতারাও	1
গিয়র্গ	1
অন্তরঙ্গতা	1
বাল্টিক	1
রক্তপিপাসার	1
প্যানকাউ	1
মেমোরিয়াল	1
ক্রিস্টাকে	1
বন্ধু্র	1
হেসনস্টাইন	1
হনেকারের	1
গেয়র্গের	1
সুলথাইস	1
স্টাসীর	1
লেইয়ে	1
উপকরন	1
হেসেনস্টাইন	1
পাকাচ্ছো	1
স্টাসী	1
অন্তর্ধান	1
রাইটারের	1
জাযক	1
সাবভারসিভ	1
প্রিজন	1
তত্ত্বালোচক	1
হিস্টিরিয়া	1
এনথ্রোপোসেনটিস্ট	1
কেলেঙ্কারী	1
প্রক্রিয়ায়	1
আঁকতেও	1
লিখোঃ	1
যেটিতে	1
রিসেনহুবার	1
কালোতালিকা	1
জানুয়ারীর	1
গ্রাফোলজিস্ট	1
বর্নণা	1
ভিইবি	1
গ্রোমা	1
বনানো	1
অপটিমা	1
খসরা	1
লিখেন	1
ওয়ান্ডারারের	1
৫সেমি	1
৯৯সেমি	1
৫৫সেমি	1
উইসলারের	1
ড্রেমনকে	1
ভুঁয়া	1
প্রেনযেলাউয়ের	1
এ্টিতে	1
জ্বেলেছেন	1
বয়সেন	1
গ্রেসকা	1
হেইজি	1
পোড়ালেন	1
নিচুমানের	1
হোনেকারের	1
সুষ্ঠ	1
হোহেনসনহাউসেনে	1
যের	1
জেরাকারী	1
৬৬২	1
ভন্ডুল	1
রোয়েসিং	1
মেনশন	1
পঁচতেছে	1
দজার	1
চেহারা্র	1
দায়ীত্ববোধ	1
উইসলারকে	1
ক্রিশনারেরর	1
ডোরসিল	1
সমঝতার	1
ক্যারিয়ার	1
ভুগর্ভস্থ	1
সেলারে	1
গর্বাচেভ	1
শ্রোতাবৃন্দ	1
৯ই	1
বংশজাত	1
লেখোনি	1
প্রজাতন্ত্রে	1
ক্রিস্টার	1
সাঙ্কেতিক	1
মোড়ক	1
সুচীপত্র	1
বর্ধমান	1
অবসাদ	1
সিল্যান্ডকে	1
আসে্ন	1
হুফল্যান্ড	1
উৎসর্গকৃত	1
১৬০৫	1
দর্শনটাকে	1
কলোনিগুলোকে	1
কুষ্ঠরোগীদের	1
প্লেগও	1
ইলিংটন	1
এনফিল্ড	1
প্রবাসী	1
একতাই	1
কারফিউয়ের	1
বেড়ালছানার	1
নখও	1
উত্তরোত্তর	1
নিয়তিকেকাঁচকলাদেখিয়ে	1
খোলাতরবারিহাতেনিয়ে	1
ওফেলিয়া	1
দোষআমাদেরই	1
স্নেহেরআবরণএবং	1
নৈতিকক্রিয়াকলাপেরমাধ্যমে	1
বিজড়িত	1
পুড়বো	1
ছাড়বোনা	1
প্রতিশোধেই	1
মানবতাবোধ	1
অতিকথন	1
বাগাড়ম্বরপূর্ণ	1
জাস্টিসের	1
অন্তরা	1
এথরিজ	1
টিউনটা	1
চায়কোভস্কির	1
ভবনগুলোর	1
পচনযুক্ত	1
সুদিনের	1
সারভেইলেন্স	1
মেয়েটারও	1
স্থানটাও	1
বিস্ফোরকেরই	1
ভবনটাকে	1
প্যাট্রেশিয়া	1
এস্প্রেসো	1
শরীরটাকে	1
ল্যাসার	1
ল্যাস	1
মারটাই	1
প্রাত্যাহিক	1
অবকাশের	1
ফুলপ্রুফ	1
অসহিষ্ণুতা	1
একসময়ে	1
নজরদারিতা	1
ঠাওরানো	1
নৈতিকতাকে	1
বিবেককে	1
শরণাপন্ন	1
শৃংখলার	1
দুনিয়াবাসীকে	1
পার্লামেণ্টের	1
৫ই	1
কেরোসিনের	1
অনুষ্ঠানসূচীর	1
আতংকবাদীরা	1
আতংকবাদী	1
আতংকবাদীর	1
বস্তুসমূহের	1
ডিটেকটিভকে	1
বাসাও	1
চালাকদের	1
বেলমার্শের	1
অনশনে	1
অগ্নিকাণ্ড	1
টুয়েল্ফথ	1
সরকারেরই	1
ধরনটাও	1
প্রতীককে	1
প্যাডিকে	1
চাপাবাজের	1
নীতিবিবর্জিত	1
সন্ত্রাসবাদকে	1
পুনর্মিলনে	1
সাটলারও	1
লণ্ডনের	1
বিশ্বাসযোগ্যতার	1
কষ্টহীন	1
লণ্ডন	1
ফার্মাসিউটিক্যালের	1
কাকতালে	1
আমরাওআসি	1
মারসেডেস	1
বিটিএন	1
হৃদযন্ত্রের	1
প্রোথেরোকে	1
ফিঙ্গারম্যানদেরকে	1
সহিংসতাকে	1
কুর্দিস্তান	1
সুদান	1
যোগসূত্রের	1
সালিসবুরির	1
বিশৃংখল	1
ঝামেলাগুলো	1
সর্বোচ্চটাই	1
লিডস	1
কাগুজে	1
ভিভেরিভেনিভার্সামভিভাসভিসি	1
জীবদ্দশাতেই	1
ফাউস্ট	1
প্রতিদানের	1
লাবণ্যকে	1
শেকসপীয়ারেররিচার্ডথ্রিথেকে	1
ঢাকি	1
ফোকর	1
দরবেশ	1
করতামই	1
শোভনীয়	1
গ্যালারী	1
কাব্যিক	1
সমাজস্বীকৃত	1
রেজিস্ট্রিতে	1
ডায়ানা	1
সারিজ	1
সন্ত্রাসীটা	1
কাকতালের	1
মানহানিকর	1
সন্ত্রাসীরই	1
২৩শে	1
হাঁট্	1
২৭শে	1
প্রিস্ট	1
লিলিম্যানকে	1
ভাগেরও	1
লক্ষণগুলোর	1
ক্যাটাগরিতেই	1
বঁজুখ	1
মুখোশপ্রেমী	1
ভোগাচ্ছে	1
জীবাণুর	1
ধর্মান্ধরা	1
মৃত্যুদণ্ডও	1
ঘটনাপ্রবাহ	1
কাকতালগুলো	1
অডিওর	1
তরুণীরা	1
গড্	1
সন্ত্রাসমূলক	1
আর্	1
নটিংহামে	1
টটলব্রুকে	1
গ্রামারে	1
দামেই	1
সল্ট	1
ফ্ল্যাটস্	1
স্টেশনগুলোও	1
ফোটেনি	1
নর্সফায়ার	1
রুথকে	1
কাঁদিনি	1
চুমুও	1
হ্যামণ্ডকে	1
বেড়িয়ো	1
কুঠুরীতে	1
৮৭২টা	1
কোনোটাতেই	1
অত্যাচারই	1
ক্রিয়ারই	1
পরিণামের	1
সুড়ঙ্গগুলো	1
অভাবকে	1
মন্ত্রণালয়ের	1
কুপনের	1
মূল্যবৃদ্ধি	1
জীবাণুতে	1
মগজেই	1
মতাদর্শিক	1
দেশকেই	1
উস্কানিতে	1
মেরীস	1
প্ল্যানও	1
আড়িপাতা	1
জানতেনই	1
১৩৭	1
কোপের	1
যুক্তরাজ্যে	1
লার্কহিলেরও	1
ব্রিক্সটনে	1
ক্যাশিয়ারকে	1
নৃত্যবিহীন	1
প্রতিবাদীকে	1
উস্কানিদাতাকে	1
আন্দোলনকারীকে	1
তুলছেনা	1
শেকসপীয়ার	1
ছদ্মবেশই	1
সংকল্পের	1
টুয়েলফথ	1
বিধ্বংসীযান	1
সশস্ত্রদের	1
সুড়ঙ্গগুলোতে	1
দেশবাসী	1
ছাড়হীন	1
লড়বি	1
কারাতেবিদ্যা	1
এক্রয়েড	1
ট্রাফালগার	1
আনাগোণা	1
পার্ককিং	1
স্কনার	1
ডেকেয়ারের	1
টিকিটগুলোর	1
ক্রিসটোপারঃ	1
ক্রিসটোপারের	1
সিনথিয়া	1
হেলিকাপটারের	1
নিকাশে	1
ঘাটতির	1
সেপটেম্বারের	1
সমপরিমান	1
১৯৬০	1
গভার্ণমেন্ট	1
বিলিয়নে	1
ব্রোকারেজ	1
শিপটেই	1
ক্রিসটোফারের	1
ঝুলেছিল	1
ট্রিম	1
ব্রফি	1
আপ্লিকেশনটা	1
আপ্লিকেশন	1
আপ্লিকেশনগুলোও	1
মাদকসেবনকারী	1
চাকুরীটি	1
শিক্ষাগতযোগ্যতার	1
ঘোরাতেও	1
ঘনকটি	1
কেজেএসএফের	1
রিচমণ্ডে	1
অ্যাডজেকটিভ	1
নাউন	1
নীতিবাক্যের	1
লুজিয়ানায়	1
বন্যানজ্যাতে	1
কার্টুনবিশেষ	1
রিসোর্সের	1
টুইসেলের	1
ডেলসির	1
বিক্রয়কর্মী	1
ফার্মও	1
মাইক্রসকোপ	1
ধুলাগুলো	1
একসকিউজ	1
জাফারসন	1
করলামঃ	1
রয়টার	1
৮১৮	1
পয়েন্টটারে	1
৮৬৪২	1
বেনসনের	1
পরিশোধিত	1
আগ্রাহানিত	1
অধ্যবসায়ের	1
প্লেয়িং	1
ক্রিসকে	1
ইন্টার্ভিউতে	1
ব্রোকারেজে	1
রিসোর্সে	1
টুইসেলকে	1
কাগজটি	1
ইনফরমেশনগুলো	1
ইনটার্নশিপ	1
বাণিজ্যিকভাবে	1
আলোকরশ্মি	1
সম্ভবনাময়	1
ইলিশ	1
এক্সাম	1
মূল্যায়নের	1
আপ্লিক্যান্টদের	1
ফ্রহাম	1
টেক্সসাসের	1
দিনেগুলোতে	1
ফ্রাকেশঃ	1
ফ্রাকেশের	1
করাতেন	1
লানচ	1
রোনান্ড	1
মরিং	1
হায়ারেড	1
হবকে	1
ক্লাইয়েন্টের	1
শিটের	1
নিশ্চয়টা	1
প্রডাকট	1
বার্সা	1
প্রডাকটের	1
ব্রমারের	1
ক্যালারের	1
হাইয়ার	1
গ্রাইন্ড	1
রিসটুকাকে	1
ডক্টরদের	1
ছিটবে	1
নির্ণয়নের	1
সিডুইল	1
ক্যান্ডলস্টিকসে	1
ব্যাকস	1
রিবনঃ	1
ঐক্যকে	1
রয়টরের	1
স্ট্যানলির	1
সরসারি	1
হেভেনের	1
চিঠিটি	1
হেন্রিক্সের	1
টেলম	1
ঠিকভবে	1
ডাইনোসরগুলোর	1
ডাইনোসরগুলো	1
সাক্রামেন্টতো	1
প্যাসবিল	1
দেবোরা	1
গ্লাইড	1
মেমোরিয়ালে	1
দরোজা	1
ককারসের	1
প্যালাসোতে	1
লাইভস্টাইল	1
মাউন্টটেন্সগুলো	1
শিল্পীঃ	1
গ্রাফের	1
রবার্টটা	1
ফ্লাক্সের	1
চম্বুক	1
রয়ছে	1
সপ্তায়ের	1
২২০	1
হেডে	1
সুন্দরবনের	1
জাতিবাদ	1
ক্লুক্স	1
চোঙা	1
চিন্ত	1
পোসেইডন	1
প্যাগানদের	1
হোরেস	1
সন্ধানের	1
হাভার্ডের	1
সম্মানীয়প্রফেসর	1
বিল্ডেং	1
জিওমেট্রির	1
কিউরেটরকে	1
অকুস্থল	1
মগজধোলাই	1
ধর্মমত	1
শব্দতেই	1
ব্রতের	1
মারাকে	1
হয়েছেপৌরাণিক	1
কাহিনীটার	1
একেছেন	1
শব্দগুচ্ছ	1
চেনানোর	1
নেভিও	1
কোয়ার্টাস	1
ফিবনাক্কি	1
ব্যখা	1
সোভি	1
মেসেজিং	1
ল্যাংডনমেসেজ	1
শুনুনআর	1
বিশ্রামগার	1
দেখভো	1
দেখেনই	1
ফেসকে	1
খ্যাপা	1
হেডকোয়ার্টাস	1
নেভিউকে	1
অর্থপূর্ন	1
শব্দগুচ্ছর	1
মোনালিসার	1
লেডুক্স	1
কাৎ	1
সংস্থাদের	1
ভিঞ্চিও	1
সিউনদের	1
দৈবক	1
উচ্চপদ	1
গমনকৃত	1
রেখাকেই	1
ব্রাসেলের	1
ফাসিয়েছো	1
পাজেল	1
জেরুজালিমে	1
প্রখরতর	1
সেন্যদের	1
ততকালীন	1
পোপগণ	1
উপসাক	1
পুরোপুরে	1
১৩০৭	1
কলাকৃতির	1
পৃথিবির	1
নিচেকার	1
উপরকার	1
জোব	1
সিউনের	1
বান্দারা	1
দেবদূতগণ	1
পরমপ্রভুর	1
প্রমানহীন	1
ঝড়েছে	1
সদস্যরাও	1
রূপপোজিবনী	1
সোফিকে	1
এ্যাকাউন্টের	1
বয়সীটার	1
উল্টোদিক	1
সরলভাবেই	1
একাউ্ন্ট	1
তাড়াতিড়	1
দরজটা	1
ট্রাকেরই	1
৩০শে	1
সাইলাসের	1
মনুষ্যত্বের	1
ভিনেগারের	1
ভিনেগারে	1
প্রত্যেকটাতে	1
২৬টা	1
সাইকোলজিস্টও	1
হেনলীতে	1
পন্ডিতকে	1
চ্যাট্টো	1
কলেটের	1
নিভেউ	1
নিভাউ	1
পরায়ণতার	1
সিলেটী	1
প্রত্যাবর্তণ	1
যু্দ্ধ	1
লজ্জ্বিত	1
সুরক্ষাকর্মী	1
রহস্যকে	1
ভুর	1
উৎসর	1
কাটিয়েছিলেন	1
স্মরনাতীতকাল	1
ঈশ্বরবাদ	1
মৃথ্যুর	1
পূজারীরা	1
ঘটছিল	1
ফেরশতা	1
সম্পর্কেরও	1
ঈশ্বরত্ব	1
খ্রীস্টানের	1
ঈশ্বরত্ত্ব	1
কাজকর্মকে	1
প্রশ্রয়ের	1
শিষ্যদের	1
অসাধরণ	1
পাত্রও	1
সময়টাকেই	1
ত্রিকোনাকার	1
পৌরুষত্ব	1
পোশাকেও	1
পদমর্যাদাও	1
থালি	1
নারীত্বের	1
পন্ডতগণ	1
স্ত্রীসুলভ	1
বক্ষেরও	1
৫৯১	1
কল্পনাকেই	1
আকানোতেই	1
ম্যাকডিলানই	1
উল্টাপাল্টার	1
ম্যাগডিলানকে	1
চার্চেকে	1
মেরিও	1
পুরাকথা	1
গর্ভাশয়ে	1
কণ্যাসন্তানের	1
যৌণমিলনের	1
ক্যাথলিকরা	1
মেলিউস	1
মেলিফিকারম	1
হাতুড়ী	1
মুক্তচিন্তাকারী	1
নারীহত্যার	1
রক্ষণাবেক্ষণকারী	1
ম্যাগডিলানেরও	1
ঔদ্ধতা	1
অসম্ভবও	1
ভার্নেটও	1
সম্পর্কিতদের	1
ভরসাপূর্ন	1
রবাট	1
কাঙ্খিতভাবে	1
ফেসও	1
কট্টরপন্থী	1
গণই	1
সিগনার	1
শ্বাসই	1
দূতরা	1
প্রমানাদিসহ	1
বংশেরধারা	1
বলিতে	1
চড়িয়েছিলেন	1
বংশধরেরও	1
জীবিতি	1
দেহাবশের	1
ঝুকানো	1
স্মরণের	1
ভাষাতে	1
চিন্তাতো	1
লিওনার্দোর	1
সেটানে	1
রাজত্বকালের	1
কনফেসন	1
স্বীকারক্তি	1
হকারকে	1
নরখাদক	1
বন্দীও	1
অ্যাপোন্টমেন্ট	1
ফরাসীদের	1
খারা	1
দুইহাতই	1
একমুহুর্তের	1
জটা	1
অকাজে	1
ক্রিপটেক্সকে	1
বোজাপড়া	1
চেলসা	1
আধঘন্টা	1
এপোপ	1
সন্ন্যাসীও	1
দৌড়াদৌড়ির	1
ট্রিঙ্গুলেশ	1
অন্তেষ্টিক্রিয়ায়	1
আলেক্সান্ডার	1
গোলকটা	1
গর্ভাশয়ের	1
রাশির	1
দেবদূতদের	1
সুরক্ষতি	1
খুনীদেরকেই	1
খেলল	1
নিচর	1
ওঠাতেই	1
অকুস্থলের	1
শুধামাত্র	1
রেক্টর	1
ক্ষমতাহীনদের	1
ক্রিপটেক্সটা	1
ধ্ব্ংস	1
জোটে	1
ধর্মবিশ্বাসীদের	1
ঝুকানোর	1
গ্রেইর	1
সমস্তে	1
জোগাল	1
টেম্পলাররা	1
রোজলিন	1
হাবিলদারও	1
যীহুদী	1
ম্যসকানো	1
মূর্তিপূজারী	1
টেম্পলারের	1
মূর্তিপূজারীদের	1
মূর্তিপূজারীরা	1
ম্যাগডেলিন	1
সপ্তান্তে	1
পরবার	1
এতোকিছুর	1
উত্তরাধিকারীনী	1
সিয়ন	1
ডগির	1
মানবীয়তাই	1
যীশুও	1
ওয়াইনে	1
নেশাদ্রব	1
বেছেছিলেন	1
তৈরীকারী	1
গ্রেনোলিকে	1
প্রর্দশন	1
আঠারোশো	1
সুগন্ধের	1
দূর্গন্ধময়	1
স্থানগুলোর	1
দেয়াছিল	1
স্তুপাকার	1
ট্যানারিতে	1
গ্যায়ার্ল্ডের	1
ট্যানারীতে	1
স্থিতিস্থাপক	1
ট্যানারীর	1
স্বপ্নরাজ্য	1
মন্ড	1
টুকরোগুলোর	1
পাছাটাকে	1
সাইক	1
ম্যামজায়েল	1
পয়ন্ট	1
চ্যঞ্জ	1
নির্ধিদ্বায়	1
স্যুইন্ডালরের	1
আন্ড্রে	1
নমুনাও	1
সিভিট	1
আনাড়ী	1
পিসিয়ার	1
লবঙ্গের	1
ট্যানারি	1
চামড়গুলোকে	1
পিলিসিয়ারের	1
কাপালে	1
চিরহরিৎ	1
প্যাচূ	1
প্রতিভাতে	1
পাঁকাতে	1
ব্যর্থতাও	1
ফ্ল্যাস্ক	1
তেলগুলোকে	1
মিশাতে	1
পারফিউমকে	1
ঝাঁকাতে	1
গ্রীমাল	1
পারফিউমারদের	1
রহস্যগুলো	1
পারফিউমে	1
সমন্বয়পূর্ণ	1
স্থায়ীত্ব	1
ইজিপশিয়ানরা	1
সংযোজনের	1
বাজিমাৎ	1
উপাদানকে	1
পাতনযন্ত্র	1
বাষ্পীয়	1
স্থাপনে	1
তাপমাত্রাটা	1
তুদি	1
উপাদানগুলোকে	1
ঘ্রাণকেও	1
সুপারিশকারী	1
দূষণমুক্ত	1
ঘ্রাণশূন্য	1
চোপড়ে	1
শেওল্যার	1
ঠাসবে	1
দলাচ্ছো	1
শিল্পটা	1
পুষ্পের	1
কুড়িগুলো	1
মইটা	1
আনুলফি	1
ছুঁবেন	1
অপচয়টা	1
চর্বিটা	1
গোলাপগুলো	1
মন্টসকিউকে	1
ফ্লোরেসের	1
এরচেয়েও	1
ইদুরটাকে	1
ইনফ্লোরাস	1
জেসমিনকে	1
ব্যক্তিটিকে	1
দেথেছেন	1
প্রেতমূর্তি	1
খুনো	1
খ্রিস্ট্রীয়	1
দুশ্চরিত্র	1
পিশাচটি	1
কন্যাদেরকেই	1
ফুলগুলোকেও	1
আচারণে	1
বিদ্বেষপরায়ণ	1
কলঙ্কময়	1
এইমূহুর্ত	1
বধকারী	1
মায়াবিদ্যা	1
আত্মারদের	1
অমানুষটা	1
গ্রেনাবল	1
শুকরিয়ার	1
খুনগুলোসহ	1
এ্যান্টোনি	1
মন্টসকিউ	1
মাদামজোয়াল	1
হয়েছো	1
মরকিউকে	1
মনেস্ট্রিতে	1
শোয়ানো	1
চোখর	1
অভিজ্ঞতাটা	1
সাংঘর্ষিক	1
লেফটেন্টকে	1
ভারসাইল	1
পারফিউমযুক্ত	1
দুনিয়াদারী	1
অম্লান	1
সাবটাইটেলটিকে	1
হায়াতেকে	1
পাল্টিয়েছ	1
মন্টিসে	1
প্রতিযোগিতাই	1
লজ্জাই	1
টুর্নামেন্টর	1
পাছাতে	1
প্রাইজমানি	1
ভ্রমণটি	1
দলটাই	1
জানাটায়	1
পৌঁছিয়েছ	1
ডোনোভান	1
ডগলাসের	1
সহকারীরা	1
ওয়েদারবায়	1
মুভনেন্ট	1
ডাটাবেসটা	1
ডাটাবেসের	1
ব্রেসলেটের	1
ব্যাতিত	1
পরাজিতরা	1
ব্যামান	1
প্যারাগুয়ের	1
আমন্ত্রণও	1
অহঙ্কার	1
দীপের	1
ভল্টা	1
হেলেনায়	1
সুন্দরীদের	1
স্বস্তিবোধ	1
প্যাদাবে	1
শুইনি	1
ছো্ট	1
সঙ্গীই	1
আইসল্যন্ড	1
বাইমান	1
কম্বলটায়	1
জিনিসগুলোকে	1
মারত্মক	1
সুয়ারেজের	1
পরীক্ষাকেন্দ্র	1
ম্যাধ্যমে	1
হায়াতেও	1
লাগনি	1
হৃদয়েই	1
ওয়েলিংটন	1
ওয়ালাবাই	1
ফরবিডেন	1
ন্যানোবোটগুলো	1
মাদারবাই	1
গবেষণাকে	1
ঘটবেনা	1
তর্কও	1
করলও	1
স্টেপস	1
ডোনাভানের	1
মুহূর্তটির	1
অনু্ষ্ঠান	1
সম্প্রচারেরর	1
বাইম্যান	1
ধুলায়	1
অয়েদারবাই	1
থেকেবের	1
বাস্ট	1
অয়ালবাই	1
ওইয়ালবাই	1
ম্যাথিউজ	1
খেলাটি	1
নিদর্শনের	1
জিগস	1
মিনিটটি	1
থ্রেডি	1
বোলাস	1
ওপরতলার	1
ক্লিনিক্যালি	1
ফ্রন্টাল	1
লোব	1
অনির্দেশ্য	1
প্রবৃদ্ধি	1
মাইটোসিস	1
এপপ্টোসিসের	1
অশোধিত	1
চিকিৎসাবিদ্যার	1
অপভাষাগুলো	1
নিয়মগুলো	1
কলারে	1
টর্চলাইট	1
সত্তিই	1
কর্টিকয়েড	1
স্বশোষণ	1
ভীরুতা	1
খুলবার	1
খুজবেন	1
মাথাব্যাথাতে	1
বাছবার	1
স্বত্বের	1
ভস্মীকরণ	1
মাথাব্যথাও	1
দক্ষতাও	1
অসস্তি	1
এনেস্থেসিয়া	1
সিরিঞ্জে	1
বাড়াবেই	1
আলনা	1
স্বার্থেই	1
হত্যাকারিদের	1
বাচাননি	1
আগামিকালের	1
সুযোগটিও	1
চারপাশই	1
মাটিচাপা	1
প্রতিহিংসাকে	1
সংঘাতময়	1
সঙ্গঠিত	1
লাউস	1
বস্তুগুলোকেই	1
সদ্ব্যবহারের	1
ছুড়িই	1
পাতাটাকে	1
অবস্থাটাই	1
দুলাউ	1
বুঝাইনি	1
অ্যামেরিকাকে	1
নিয়েছও	1
সইছিলো	1
পার্লরের	1
কাটিয়েই	1
বুটগুলো	1
চার্লিও	1
মুগিয়া	1
৬১৯৫	1
৬৭২৭৯	1
ডিট	1
ক্ষতিকে	1
পস্রাব	1
মিলবন্ধন	1
অঞ্চলটি	1
লেসারড	1
ফারকাস	1
অশ্রবণীয়	1
যুদ্ধেও	1
অধঃপতিত	1
পাইতাম	1
পুতগুলারে	1
পিডাইতাম	1
হিটলারটা	1
দুর্ভাগাদের	1
ফঙ	1
প্রুসেট	1
বিমানেরও	1
দুর্ঘটনাটি	1
ড্যাবরুইন	1
রুক	1
বসেনি	1
দেয়াতে	1
শুঁটকী	1
অতদিন	1
২২০৭	1
প্রসেটের	1
গেইটের	1
ওয়েসন	1
পেরেকটা	1
প্রত্যঙ্গের	1
এটাযে	1
ম্যাকং	1
ফিসফাস	1
পার্সেলে	1
দুঃসহ	1
সোঁদা	1
ওয়াইল্ডবার্গ	1
প্লেনগুলোকে	1
ক্যানোপি	1
চুষবে	1
ম্যারিনা	1
টুয়ো	1
বাইশে	1
শুকালে	1
ক্র্যাপ	1
কনটেইনারের	1
রাইফেলগুলো	1
টিলায়	1
বোটম	1
রাস্পবেরি	1
ফিরনী	1
ড্রিংকসের	1
ফেনাগুলো	1
প্যাগ	1
ঢোকালাম	1
ফাটায়ালামু	1
মুহুর্মুহু	1
ফলেনি	1
ক্রসফায়ার	1
রয়েছো	1
মরেছিলে	1
মাডি	1
তিরকে	1
জুতোটাকে	1
ভিয়েতকংদের	1
এগুলাকে	1
কাৎরানোর	1
কুঁড়েঘরবহুল	1
মাডিতে	1
হাঁড়কাঁপুনির	1
হেলিকপ্টারগুলো	1
অর্ডিন্যান্সের	1
বাগদত্তির	1
ব্যাক্তিগতভাবেই	1
গুয়াম	1
ডেক্সেকেন	1
উইরংলি	1
চুলকাতে	1
ফিরেছিলেন	1
গ্রাহকরা	1
সূফী	1
হেরোইনখোর	1
গ্রোসম্যান	1
নেগোশিয়েটর	1
ফ্র্যাজিয়ের	1
ফরেইন	1
অ্যাকসেন্টে	1
প্রস্তরখণ্ডে	1
চিরনিদ্রায়	1
গেবল	1
গ্রসম্যান	1
ফ্র্যাজিয়েরই	1
বার্ক	1
ট্যাক্টিক্যাল	1
সিচুয়েশন	1
ক্রাইস	1
পারচেজ	1
মর্টগেজ	1
সাউথহ্যাম্পটন	1
মারেননি	1
গ্লাক	1
উঠালেই	1
ধনকুবেরা	1
গিরগিটিদের	1
মালিকরা	1
গিরগিটিরা	1
স্টিভোর	1
ফ্রিডকিন	1
মেমোরিয়াল	1
ফান্ডরেইজার	1
চার্জকে	1
অসম্ভবেই	1
অজ্ঞত	1
অফিশিয়ালদের	1
ট্রাষ্টের	1
নেগোশিয়েটররা	1
লোয়ার	1
পাগড়ির	1
র‍্যান্ডম	1
সিলেকশনে	1
র‍্যানডমের	1
ঘটাবনা	1
ট্রান্সমিটারগুলো	1
বক্সগুলো	1
অ্যামাজনেই	1
চাবেনা	1
নেগোশিয়েশন	1
পিৎজাগুলো	1
পরবোনা	1
ধাতানি	1
হাঙ্গেরিয়ানও	1
ইলিনা	1
মিরিতিয়া	1
ক্যাপিটালিজম	1
হোজার	1
খুইয়েছিলাম	1
টিউয়ানা	1
চুষব	1
চুষশ	1
সারপিকো	1
ডমেরজিয়ান	1
আর্মেনিয়ান	1
আর্মেনিয়া	1
মিত্রতায়	1
নীতিহীন	1
সুপরিকল্পিত	1
নিয়োগকর্তার	1
বিব্রতজনক	1
গোপ	1
আবির্ভাবই	1
লিকার	1
রাইকারস	1
পড়েল	1
নির্বোধগুলো	1
গুণ্ডাগুলো	1
টিয়ার	1
বুলশিট	1
রিসেপশন	1
রৌর্ক	1
নিরাপদভাবে	1
ম্যাজিশিয়ানকে	1
উঠছিনা	1
ব্যাক্তিকেও	1
জুভেনাইল	1
রথচাইল্ডের	1
উক্তিটার	1
মর্মার্থ	1
লাগামে	1
খটমটে	1
সারকথা	1
কার্টিয়ার	1
প্যারিসীয়	1
ধনবান	1
শোনালাম	1
ভাগ্নেকে	1
অ্যাভিনিউতে	1
বলতেনা	1
রেফারেন্সে	1
অর্গানাইজেশনের	1
কাবঝাবটা	1
সালেই	1
খুলেছিলেন	1
ইউথোপিয়া	1
সায়েন্সও	1
ভোটও	1
পরেরটাকে	1
উইটনেসের	1
আমেরিকাই	1
ফ্রিটাউনের	1
মাস্টাররা	1
জিরোকে	1
জিরোর	1
লাইবেরিয়াতে	1
লাইবেরিয়ান	1
ম্যারাকাজের	1
স্মাগলিংয়ের	1
আটাকাতে	1
নিমকহারামির	1
সিমন্সকে	1
মারাম্পা	1
শপিংয়ের	1
রোদেশিয়া	1
জিম্বাবুয়ে	1
জায়াগাটাকে	1
করনে	1
কর্প্স	1
সম্যসার	1
লাগছনা	1
ব্ল্যাং	1
চাবনা	1
রপ্তানির	1
লাইবেরিয়ায়	1
বিলিওন	1
এলাইস	1
ফেসেছিলে	1
বাটোয়ারা	1
ধনি	1
এঙ্গোলাতে	1
স্যানিটাইযারের	1
সপ্নবিলাসি	1
ম্যাগাজিনগুলোতে	1
আফ্রিকানরাই	1
ফ্রিটাউন	1
ন্যাশনও	1
রিলিফ	1
এজেন্সিগুলো	1
ব্রিজটাই	1
জানটা	1
টিয়েরা	1
শর্তটা	1
গেনিতে	1
সিএনএনে	1
কডুর	1
গুন্ডাও	1
পাহাড়গুলোর	1
সিয়া	1
কনোর	1
ইনফর্মার্শালের	1
ফোলা	1
খারাবির	1
মনরোভিয়ার	1
কস্টমসে	1
এন্টওয়ার্পে	1
হিরাকে	1
শ্রেণীভক্ত	1
হিরাগুলোর	1
সিমন্সের	1
খবরও	1
সোডামিশ্রিত	1
এতটুকুতেই	1
কোরবাল্ড	1
আগ্রহি	1
সুপারবয়	1
বিদেশিরাই	1
স্যাঙ্খ	1
কালরাত্রি	1
ক্যামাজোরস	1
মার্গাই	1
বেলজিয়ান	1
লিওপেড	1
বয়ফ্রেন্ডই	1
বোজ	1
জসির	1
ভাওয়	1
নিয়ত	1
খেজুরের	1
রোধেশিয়ায়	1
সমন্বয়সাধন	1
জানতইনা	1
সাম্যবাদের	1
কেদেছিলাম	1
জগটায়	1
নাড়ির	1
ঘায়ের	1
তাবুর	1
ছাপবে	1
নির্বধ	1
পেড়েছ	1
এঙ্গোলা	1
চমকাতো	1
ম্যাভোকো	1
বাবুন্স	1
বানরজাতীয়	1
জিনিসকেই	1
ম্যানার	1
কাফির	1
নরবেনা	1
ঘরও	1
জিম্বাবুয়েতে	1
নওত	1
মেন্ডে	1
তেমনের	1
হেলিকটার	1
খোদাইওয়ালাকে	1
পরস্থিতিতে	1
খোদাইওয়ালার	1
অনুভুবের	1
নিলামীর	1
গাভীগুলো	1
ম্যাডির	1
কনেক্যারি	1
কনেক্রিতে	1
অপুর্ব	1
সলোমনকে	1
আনছনা	1
পৌছলেই	1
আওয়াজকে	1
প্রত্যাশাই	1
প্রয়োজনেই	1
লিফলেটটা	1
ঢিলাঢিলি	1
ঢিলটা	1
ম্যাগনিটোকে	1
লিসবন	1
ন্যাভস্যাট	1
এফডিএ	1
কায়েদখানায়	1
খেতাবী	1
ডার্কহোম	1
উস্কানিই	1
বন্দীদশার	1
বসাটা	1
নীতিগত	1
প্রয়োগটাই	1
সার্থসিদ্ধিতে	1
ধ্বংসযজ্ঞে	1
ক্ষমতাধরদের	1
মানবঘটিত	1
স্টাডিটা	1
ওরোরো	1
নোটিসে	1
এখানেরই	1
সেদিকেও	1
সেক্রেটারিই	1
মিস্টিককে	1
দুর্ভাগ্যটা	1
কোষীয়	1
বিপাকের	1
ভাইবোনেরা	1
ঝরাবে	1
জোব্বা	1
টেলিকাইনেটিক	1
বলয়ে	1
দ্বৈতসত্ত্বা	1
প্রবৃত্তিমূলক	1
শান্তিপূর্ণই	1
কমটাকে	1
চিন্তাতেই	1
অপমানবোধ	1
ওষুধটার	1
৪১২০৫	1
ম্যাড্রক্স	1
এজন	1
এইজনকে	1
জাগারনট	1
কর্মপন্থার	1
ওষুধটাকে	1
ইলেক্ট্রো	1
দুক্ষে	1
গলিয়ো	1
শোনাটাই	1
বিদ্বেষে	1
যুগিয়েছেন	1
সহচার্যে	1
টানতেও	1
শক্তিধরকে	1
নিয়ন্ত্রনহীন	1
স্কুলটার	1
রগকে	1
পেচ্ছাপ	1
নিরাপত্তাহীনতায়	1
ভুগবেন	1
প্রানান্ত	1
বেয়নেট	1
কার্টিজ	1
আল্কাট্রাজ	1
স্যটেলাইটের	1
পৌছুব	1
ম্যাগ্নেটোকে	1
আল্কাট্রেজ	1
জামাতো	1
প্রফেসরকেও	1
দাড়াব	1
সৈন্যরাই	1
ব্রিজকে	1
আর্ক্লাইট	1
শকওয়েভকে	1
জন্মা	1
প্রলয়ঙ্করী	1
জুগারনাট	1
প্রতিষেধকটা	1
সাহায্যপ্রার্থী	1
আক্রমনই	1
নেশনের	1
এম্বাসেডর	1
ম্যাকয়	1
অ্যাপোক্লিপ্টো	1
সভ্যতাকে	1
মেটে	1
কলজে	1
নাকটার	1
দশবারই	1
সোয়াঁৎজো	1
বয়সভর	1
বিষিয়েছে	1
পিতৃপুরুষগণের	1
ঠকিয়েছো	1
নাতিপুতি	1
ছেলেটিকেও	1
বড়োটার	1
ছোটোটার	1
একলোক	1
জীবজন্তুদের	1
প্রাণীদেরকে	1
কিরতে	1
ফোলাটা	1
ইক্সেল	1
করুণাময়ী	1
জিরোচ্ছে	1
জিরোও	1
স্ত্রীগণ	1
সইবো	1
নরকযন্ত্রণা	1
পুণ্যক্ষণ	1
আকাশও	1
জাগুয়ারলোক	1
ফসলে	1
একশেষ	1
চাবকাচ্ছে	1
ব্যক্তিগণ	1
ঈশ্বরতুল্য	1
প্রকোপে	1
দগ্ধ	1
যুগান্তর	1
চুয়াহ	1
শ্যাওলা	1
আকাশপুত্র	1
লাফাবো	1
পিতৃগণ	1
আর্ত	1
ককোয়া	1
১০বার	1
বলগুলা	1
খাওনাই	1
এইডাও	1
থাম্	1
মাখতে	1
ঘষবা	1
জ্বালাইবো	1
ঢেকী	1
দেখাইয়া	1
হাসতাছস	1
বদলাইয়া	1
ঝুলিয়েই	1
হাটতেও	1
পশুই	1
দিলোঃ	1
উদ্গ্রীব	1
বলছেঃ	1
ইচেল	1
ওঠ্	1
প্রাণদন্ডে	1
দণ্ডিতদের	1
ততগুলো	1
পূনর্জীবিত	1
চিতাবাঘটি	1
পুরূষের	1
পীড়ায়	1
গৌরবে	1
শেষমাথায়	1
একচুয়াহ	1
ছিলব	1
স্কাইয়ের	1
বড়রাই	1
আরগাইল	1
প্রদেশগুলো	1
জ্ঞানীরা	1
বাড়াচ্ছেন	1
অপরিশোধ	1
পুরুষত্বের	1
ছুড়েছ	1
ওওওহ	1
কাটাবার	1
চিনিনি	1
পিলগ্রিম্যাগ	1
ম্যাকক্লোনাথ	1
পারিবার	1
আইনবর্জিত	1
কর্পোল	1
ইচ্ছপূরণ	1
ম্যাকগ্রেগরস	1
ল্যানার্ক	1
ম্যাজিস্ট্রেট	1
ম্যাজিস্ট্রেটকে	1
সদব্যবহার	1
আপোসহীন	1
কুকুরেরও	1
বুঝঃ	1
আশ্বারোহী	1
আরগেইল	1
দ্যুজন	1
ফউড্রন	1
বলাচ্ছে	1
স্টেফেন	1
ডাকহরকরা	1
রেলিতে	1
হাইল্যান্ডার্সরা	1
স্কার্লেট	1
চেভরন	1
হারামীদের	1
স্কটল্যান্ডকে	1
অগ্নিদৃষ্টি	1
ঝলসিয়ে	1
ইয়র্কশেয়ার	1
পরম্পরাগত	1
অশ্বারোহীও	1
শক্তিগুলোকে	1
স্কটরা	1
এইডে	1
পরম্পরার	1
থাকোনা	1
ক্ল্যান্স	1
দুপাশেই	1
এরম	1
গোঁড়াতে	1
প্রস্তাবগুলো	1
আক্রমনণ	1
স্কটিশকে	1
ঝুলিয়েছ	1
সিন্দুকভর্তি	1
জুডাস	1
শস্যাগারে	1
চিন্তাভাবনাকে	1
অসর্তক	1
প্রতিরক্ষী	1
নিশ্চিয়	1
আপনাদেরকেও	1
এখুনিই	1
লংশ্যাংকস	1
স্টির্লিং	1
ব্রুসও	1
হুমকী	1
ভাল্লাগতাছে	1
মর্নিকে	1
ফলকার্ক	1
রাখালটাকে	1
অসতর্কিত	1
হামিলটন	1
রাজরানীকে	1
স্কটদের	1
সহোযোগিতা	1
মিথ্যেবাদীর	1
শপথই	1
কিছুমাত্র	1
ফালকির্ক	1
হওয়াটায়	1
ম্যারনকে	1
ব্রুসকে	1
লংশ্যাঙ্কসের	1
প্রধানদেরও	1
প্রতারণামুলক	1
রাখুনঃ	1
র‍্যাকে	1
ধুয়েছ	1
১৩১৪	1
দেশপ্রেমিকেরা	1
ব্যানকব্যার্ন	1
বীরযোদ্ধাদের	1
স্কটসম্যান	1
শুনেছিলো	1
ঘন্টাদুয়েক	1
দ্বি	1
সদ্যপরিচিতকে	1
খোঁচানোটা	1
ট্রেসিঃআমি	1
দৌড়ঝাঁপ	1
পিঁচুটি	1
স্পেগেত্তির	1
উপুড়	1
গাদার	1
টক্ত	1
নীলঃ	1
বিষজাতীয়	1
ফরেনসিকদের	1
তোমারটাতেও	1
সান্টিয়াগোঃ	1
পাকস্থলীটা	1
অরিফাইস	1
ক্ষুদ্রান্তের	1
মলদ্বার	1
ট্রান্সভার্স	1
অ্যাবডোমিনাল	1
মাজলের	1
খাইয়েই	1
মুহূর্তটায়	1
মোটিভ	1
পুনঃনিয়োগ	1
কেসগুলোও	1
দ্বন্দ্বের	1
অফিসারকেই	1
তদন্তকার্যে	1
মিলসের	1
বেড়িয়েছিল	1
দোজখ	1
মিল্টনের	1
গ্রীজ	1
পেটুকতা	1
কামুকতা	1
তাসগুলো	1
সংস্কৃতিবোধ	1
কম্পোজিশন	1
অফিসেরই	1
অপরপ্রান্তে	1
২১৫৭	1
এলোমেলোই	1
একপর্যায়ে	1
স্বামীকেই	1
পাতালরেল	1
ট্রেসিরও	1
কম্পনশীল	1
সিকিউরিটিদের	1
বিরোধীপক্ষীয়	1
সোমবারেই	1
ক্লিনাররা	1
সোমবারও	1
নিক্তির	1
পাপগুলো	1
মধ্যযুগে	1
শিক্ষাদানের	1
পারসোনের	1
পাপীদেরকে	1
সপ্তচত্ত্বর	1
বইগুলোই	1
ঘটনারই	1
চেঁচাবে	1
চেঁচালে	1
কুকুরদেরকে	1
কয়েদির	1
সরায়নি	1
পরীক্ষাকারীদের	1
মোচড়ানোর	1
অমুকে	1
জোডি	1
ঘুরেটুরে	1
জোগাড়ের	1
টময়	1
মরুময়	1
কুকাজে	1
হাজতবাস	1
চেপেছিলাম	1
অ্যাম্বুলেন্সে	1
সোয়াটের	1
টিমকেও	1
ভাসালে	1
শুনছিই	1
ফটোসাংবাদিক	1
বিয়ার্ডস্লেইঃ	1
খাদ্যসারের	1
ওষুধসম্পন্ন	1
অ্যান্টিবায়োটিকও	1
চমকেও	1
ধরুণ	1
ফাইভে	1
পড়াতাম	1
স্কুলগুলো	1
মেইলবক্সে	1
টাকাভর্তি	1
জবানবন্দীঃ	1
৩০৬	1
অভিযোগও	1
ভাড়াটিয়াই	1
পক্ষাঘাতগ্রস্থ	1
খুনীটি	1
পঞ্চাশের	1
ক্যান্টেবিউরির	1
ছাড়ের	1
স্বাস্থ্যবিধির	1
জরিমানার	1
ক্যাম্ফ	1
পার্গেটোরি	1
হেল্টার	1
স্কেল্টার	1
পাগলেরা	1
মারকুইস	1
সাডে	1
মারকিউ	1
দাঁ	1
সাদে	1
আকু	1
অ্যাকুইনাস	1
জিভটাকে	1
বাচ্	1
ফটোসাংবাদিকটাই	1
রশিদটাই	1
আজপাতালরেলেএকজনমানুষআমার	1
তুচ্ছভাব	1
তিনিঅসন্তুষ্টহলেন	1
হাসতেই	1
নোটবুকগুলো	1
পঞ্চাশজন	1
খুঁড়িয়ে	1
অভিনয়শিল্পী	1
চুলওয়ালীকে	1
সময়জুড়েই	1
শালাকেই	1
ঝোলাসহ	1
স্যুটকেসও	1
এইধরণের	1
লটো	1
উদাসীনতাও	1
জগাখিচুড়ী	1
টেলিফোনটাও	1
উপরদিকটা	1
সার্জেন্টঃ	1
অ্যানসারিং	1
কূলকিনারা	1
টাকাসহ	1
উচ্চশিক্ষিত	1
উদ্দেশ্যপূর্ণ	1
মুতছে	1
পুরেছি	1
আত্নতৃপ্তির	1
ইচ্ছেকে	1
সাংবাদিকেরা	1
রকেটও	1
বোঁটাটা	1
গায়েই	1
উন্মাদই	1
শহীদত্ব	1
জানালাবিহীন	1
আইনজীবীটিকে	1
ধর্ষকদেরকে	1
অনুসরণীয়	1
যীশুখ্রীস্ট	1
শোকাগ্রস্থ	1
সোডোম	1
গোমারাহ	1
বর্ণিতঃ	1
সমকামিতায়	1
টাওয়ারগুলো	1
কাপড়ধারীটির	1
ইশারার	1
ড্রাইভারটিকে	1
দৃষ্টিসীমায়	1
প্রশংসাকারী	1
নিহোঙ্গো	1
রিয়ুনোসুকে	1
আকুতাগাওয়া	1
শিনোবু	1
হাশিমোতো	1
চিত্রগ্রহন	1
কাজুও	1
মিয়াগাওয়া	1
তোশিরো	1
মিফুনে	1
মাচিকো	1
কিয়ো	1
তাকাশি	1
শিমুরা	1
মাসায়ুকি	1
মিনোরু	1
চিয়াকি	1
কিয়োমিজু	1
সামুরাই	1
বর্ডারয়ালা	1
তবজির	1
সেকিয়ামা	1
তলোয়ারটাই	1
কাৎসুরা	1
উজানের	1
ঝুলাবেই	1
লুকোব	1
তাজোমারুই	1
পলকের	1
ঢিপি	1
নিথর	1
আবেগপূর্ণ	1
সম্মানজনকভাবে	1
ঠেকিয়েছিলাম	1
খচিত	1
দাসীকে	1
ফাঁদল	1
আত্মসমর্পণে	1
চাহনিটার	1
পুকুরটার	1
পাহাড়টার	1
দিশাহারা	1
ভোলানোর	1
নিজেদেরকেও	1
গল্পও	1
সদ্	1
সতীত্ব	1
মোহগ্রস্তের	1
ডাকাতটাও	1
নাড়লেই	1
সুনসান	1
স্তব্ধতার	1
রাশোমোনে	1
ডাকাতিও	1
বিলাসের	1
নামতেও	1
শাসানোর	1
পুরুষকেই	1
নিতই	1
তবজিটা	1
হাসাইলি	1
আদালতকে	1
মুক্তাখচিত	1
ডাকাতকে	1
আত্মাকেই	1
কিনেই	1
ঝ্যাক	1
ট্রাভেলে	1
গুনগুনিয়ে	1
টিপার	1
ব্লান্ডারবাস	1
মুরগিও	1
চোকার	1
লালনপালান	1
আ্যসপিরিন	1
কোটটাও	1
দুইপায়ের	1
মেকানিজমের	1
ঘাঁটিয়ে	1
সেথের	1
আইড্রপ	1
ক্রছিলাম	1
পাগলকেও	1
রেমিংটন	1
বাযার	1
স্ক্রুড্রাইভারটা	1
খানিকক্ষণ	1
রাখছনা	1
জ্যোকে	1
দুইদিনে	1
অপিচিত	1
ব্লকেও	1
ব্লকগুলোর	1
ভালবাসুক	1
বাসুক	1
নিশানাবাজ	1
বুকশল্	1
সিডই	1
ধুরশালা	1
যেকাউকে	1
টুয়েন্টি	1
লিগস	1
এগুলোরমাঝেপ্রায়সবগুলোই	1
কল্পকাহিনি	1
ভার্নই	1
ঘসার	1
অহো	1
হাপানোর	1
অফিসারস	1
সাতরাইতে	1
ম্যাকগিলিতেসের	1
ক্ষতিপূরনের	1
ঘটীয়েছিলে	1
হেওই	1
জিজ্ঞগেস	1
বুঝাচ্ছিলে	1
সমপর্ক	1
ক্রিপ্টোগ্রাম	1
মর্স	1
দুটী	1
শব্দাংস	1
জিনিশপত্র	1
সিগন্যালকে	1
ভার্নিয়ানরা	1
আঠারোশ	1
১৪৮৩সালে	1
দোড়বিদ	1
দৌরালে	1
রছফোর্ড	1
জিতেছিলাম	1
সুবিধাজনকভাবে	1
আইল্যান্ড্র	1
সমর্থিন	1
মর্গেজ	1
গন্ত্যব্য	1
জাদুটোনা	1
ভ্রমনপিয়াসী	1
মানুশ	1
হাঊয়াই	1
প্রিন্টিংয়ের	1
সাটটা	1
নেগা	1
রচফোর্ড	1
ইসাবেলার	1
ইসবেলা	1
আমেরিকান্স	1
হউয়ার	1
দ্বীপটাতে	1
মাঝিদের	1
লাগাওটান	1
ইয়ের	1
একটী	1
রউনা	1
পালাওয়ের	1
হ্যঙ্ক	1
বিমানটার	1
অনুসন্ধানঙ্কারী	1
টাতে	1
ফুরানো	1
লাক্সারী	1
পাকৃতিক	1
লউ	1
প্রশানত	1
জ্বালাইবা	1
দ্রাঘিমাং	1
ভাংগার	1
মাধ্যাকর্ষের	1
ঈজ	1
ভাইংগা	1
মরনে	1
আর্তানাদ	1
বহুৎ	1
হাসব্যান্ড	1
কমিকসগুলো	1
টাইটেলের	1
মক্কেলগুলো	1
ছোপযুক্ত	1
ডাসলডর্ফে	1
ভাগ্যবলে	1
আটশো	1
পঁচানব্বই	1
২৪৩	1
নাভিকুন্ড	1
কেইসগুলো	1
টুষি	1
ঘাসটা	1
চলেনি	1
মিউট	1
সাক্ষীছাড়া	1
হৃদরোগীদের	1
দুইদিকে	1
শৈশবটাই	1
বিশ্বাসেরও	1
ঘামাইনা	1
বকাসকা	1
চাকরিদাতার	1
ছবিগুলোই	1
পাল্টাওনি	1
টামা	1
গোয়েন্দাদেরকেও	1
মেধাবীরাই	1
ব্যাকফায়ারের	1
ঘটবেটা	1
অংকটাতে	1
ক্রমটা	1
গুণলেই	1
ভ্যাটিকান	1
ক্যামিওজ	1
নাইটহুড	1
বগলদাবা	1
বুমেরাং	1
বকছিলে	1
যৌনকর্মীর	1
জেলমুক্তির	1
অনুমানটাই	1
হুইপ	1
টেক্সটে	1
সাউন্ডটা	1
ইন্টেরেস্টেড	1
দুঃখমেশানো	1
শিংগুলো	1
নাকওয়ালা	1
অপনয়ন	1
ক্রিসমাসই	1
ডর্সেটে	1
পিই	1
হুপারের	1
ব্রেস্টের	1
গণছো	1
চিনলো	1
গার্লফ্রেণ্ডদেরকেও	1
কুকুরকেও	1
গার্লফ্রেণ্ডের	1
সারিটা	1
কম্পোজ	1
কষ্টভরা	1
সংরক্ষককে	1
কেইসে	1
খোঁচামাস্টার	1
কমাবেনা	1
বার্টে	1
সতর্কতায়	1
দুষ্টামিও	1
১০৫৮	1
হেমিশ	1
ইমেইলটা	1
বাল্টিমোরের	1
কেইসটাতে	1
প্রস্থে	1
আঁটে	1
বর্ণগুলোর	1
জুটিরা	1
চওড়ায়	1
৫৫টা	1
কুসংস্কারগ্রস্ত	1
এয়ারলাইন্সগুলো	1
দুর্যোগটা	1
মানবহীন	1
পাঠ্যবইয়ের	1
ইমেইলটার	1
পরামর্শদাতাকে	1
ভ্রাতৃদ্বয়কে	1
পিউপিল	1
রসায়নটা	1
টিকবোনা	1
ক্যাফেতেও	1
এডলারের	1
দুলটা	1
ম্মম্ম	1
সাতসকাল	1
স্মৃতিচারণে	1
রকার	1
স্লাদোলেদ	1
হাঁটাটাই	1
গেস্টহাউজে	1
মিলাচকার	1
উপদ্রপ	1
বরফই	1
জীবদ্দশায়	1
বিষয়বস্তুটা	1
গোরখোদক	1
খনননকারী	1
কবিকে	1
থুথুও	1
সবগুলোও	1
বেভিচের	1
বোয়ান	1
সেক্সোফোনবাদক	1
ম্লাদো	1
ভাষ্কর	1
স্কিয়ার	1
ফটোগ্রাফারদের	1
যাবৎই	1
ক্যামারুতে	1
মিরনা	1
ঘুমোবেন	1
এলানা	1
কার্বোনারা	1
আমেরিকানটা	1
কার্বোনারাও	1
আরমান্ডো	1
গিয়েছিলেম	1
বদলাইনি	1
পশ্চাৎদেশ	1
কাদাপানির	1
কাদাপানি	1
নামফলকে	1
পর্যায়েই	1
গইকোর	1
হৃদস্পন্দনই	1
ভালোবাসাগুলোই	1
মজে	1
সিডির	1
প্রারম্ভবিক	1
বাখ	1
সন্যাসী	1
পিয়েত্রোর	1
ডিম্বাণুতে	1
বন্ধ্যাত্বের	1
বন্ধ্যাত্ব	1
দীর্ঘমেয়াদি	1
আকুপাকু	1
ঔরসের	1
প্যান্টেই	1
ভাজির	1
কন্টেইনারটা	1
মারাকানা	1
টাগস	1
ঘটলেও	1
টুদ্ধ	1
ফ্লিকার	1
ডিম্বাশয়	1
কোনএকজন	1
স্বাস্থ্যবতী	1
গর্ভেই	1
লাইটওয়ালা	1
স্টাইলিস্টটার	1
কমিউনাল	1
সারাক্ষণই	1
পন্দ্রবায়ু	1
চাষাকে	1
কেতনিক	1
উস্তেশিয়া	1
সারায়েভিয়ান	1
কবিতে	1
মিলিওনিয়ার	1
ইন্টেনশন	1
ক্রোয়েশিয়ান	1
ডয়েচের	1
মেরীও	1
সান্যিধ্য	1
ডিম্বস্ফুটন	1
সঙ্গিকে	1
যাচ্ছেটা	1
ন্যাচারালিই	1
হাঁসির	1
ফটোগ্রাফারই	1
দাঁতহীন	1
চলোনা	1
মধুমিলন	1
সারদিনিয়া	1
দেখাসাক্ষাৎ	1
একটাবারের	1
মুরগিগুলো	1
আর্টিস্টও	1
পাসপোর্টটাকে	1
সোনাবন্ধু	1
বেড়িয়েছিলো	1
বাবাটা	1
কাফকাকে	1
ফুলচাষী	1
মার্কেল	1
জোভান	1
আনছোনা	1
দিবোই	1
কবরবেষ্টিত	1
চারকোণা	1
খেলতেন	1
ফ্রান্সেসকো	1
টট্টি	1
উঠোতো	1
সারায়েভোর	1
সারায়েভোতেই	1
গাঁইগুঁই	1
ষষ্ঠইন্দ্রিয়ের	1
নেড়েই	1
সাবিনাও	1
অলিম্পিকে	1
ধরলামঃ	1
কমেডিয়ানের	1
কীটোনের	1
সৌন্দর্যটাই	1
ষণ্ডামার্কা	1
পিয়েত্রোও	1
মরলেনা	1
গল্পটাই	1
দারিয়া	1
আলেক্সান্দ্রোভনা	1
বুওঝাই	1
ভ্রনস্কায়া	1
চিরকভকে	1
হারমিটেজে	1
হার্মিটেজের	1
টনটনা	1
একাতেরিনা	1
খিত্রোভকা	1
ইউনিকর্নে	1
পুঁজিপতির	1
নিকোলায়েভনা	1
কৃষাণীকে	1
পেক্রভস্কো	1
ক্যারেজ	1
অব্লনস্কির	1
কারেনিনা	1
কারেনিনারও	1
মুখটায়	1
পিটারসবার্গের	1
অনুতাপটা	1
ববরিশেভদের	1
বোরিস	1
নাচবার	1
মাজুরকা	1
রেলস্টেশনে	1
রঙ্গমঞ্চ	1
দোহাইয়ে	1
পিরিচ	1
সমঝদার	1
লিডিয়া	1
দাওয়াতটা	1
সম্মিলনের	1
লেকচারের	1
পিটারসবার্গেই	1
ক্রিস্তফের	1
লণ্ঠন	1
ভেরস্কোয়দের	1
জমাটি	1
অ্যালেক্সান্দ্রোভিচ	1
শুযবার্গ	1
সসটার	1
রুবল	1
কোপেক	1
দুদণ্ড	1
অসাবধানতা	1
টেনেছ	1
সম্মানহানিকর	1
একসূত্রে	1
বেঁধেছেন	1
ঈশ্বরবিরুদ্ধ	1
আগাফিয়া	1
লাংলেতেয়ারের	1
গরমকালে	1
কাশিনে	1
খালামণি	1
অত্তসব	1
তাওলে	1
স্বর্গেই	1
পিটারহফে	1
কুৎসা	1
রটাবে	1
সাশা	1
মাখোতিনের	1
গ্ল্যাডিয়েটর	1
কারেনিনকে	1
ভাসিলি	1
কুসেলভ	1
অসামান্যা	1
পুরুষালী	1
অশিষ্ট	1
বাকরেরা	1
বলেইনি	1
অভিনন্দিত	1
টম্মান	1
বেয়াল্লিশজন	1
তোলেননি	1
ছোটজন	1
দুঃস্বপ্নই	1
মাগীগুলির	1
চাপল	1
কারেনিনের	1
ঈশ্বরভীরু	1
প্রদেশগুলোতে	1
সম্মানহীনা	1
নর্ডস্টন	1
শারব্যাটস্কিদের	1
অ্যাসপারাগাস	1
ভেগো	1
অব্লনস্কি	1
পরিবারদুটোর	1
পিটারসবার্গীরা	1
প্রিয়াচনিকভ	1
ভিতস্কির	1
প্রিয়াচনিকভের	1
স্বামীটাকে	1
মনুষ্যত্বকে	1
আনাই	1
বলবেনই	1
থামাইনি	1
রাখাটাও	1
ভাঁড়ের	1
পরকীয়ার	1
ফেদেরভনা	1
ভেরস্কায়া	1
আইনমতে	1
পাপটাই	1
ভাঙিয়াছে	1
যেবা	1
বাঁধি	1
নাদিয়ার	1
আগাফিয়ার	1
সুগন্ধির	1
হ্যান্ডব্যাগের	1
স্ত্রেমভ	1
কাঁদব	1
ইয়াশভিন	1
এস্টেটটা	1
অপেরাতেই	1
মিখায়া	1
মন্ত্রীমশাই	1
ক্যাটালগের	1
ভারিয়ার	1
আলখেল্লাটা	1
ভব্যতার	1
কলঙ্কজনক	1
অবস্থাটায়	1
দেখামতে	1
বিধবাটাকে	1
স্টিভাকে	1
সরোকিনার	1
ফালতুই	1
পেছালেই	1
রোববারেই	1
ভুলানো	1
ভদ্রসমাজে	1
দলবলের	1
সেসবই	1
বিকার	1
বাচ্চাটাই	1
আমিআমাকে	1
পতপত	1
রিংটি	1
মধ্যেস্ত	1
বাদ্যযন্ত্রের	1
আনন্দধ্বনি	1
বাচ্চামি	1
ম্যাকাদামিয়া	1
ফকনার	1
তেকামশে	1
মারগুলিয়েস	1
সন্ত্রাসদমন	1
জয়সূচক	1
যচ্ছিস	1
জোরহুকুম	1
কলোম্বিয়া	1
কলম্বিয়া	1
মলিক	1
সম্প্রদায়ে	1
অনুদানের	1
ডিইএ	1
খ্রিস্টর	1
উড়ন্তকা্লীন	1
তাকেসহ	1
ইয়র্কএ	1
পরানের	1
ব্রাদারহুড	1
আমিএকজন	1
ওয়ার্ড	1
ডাম্ব	1
এমনতো	1
ডাউনরেঞ্জ	1
মেজোভ	1
পাহাড়াদার	1
দুষকৃতকাজ	1
কোমস	1
রেডিওম্যান	1
গ্যাংল্যান্ডে	1
সতীর্থকে	1
মুয়ে	1
ত্রিনিদাদে	1
কবেন	1
অনরগল	1
সবতথ্য	1
শ্রবণাতীত	1
কার্যপদ্ধতি	1
পাগুলোকে	1
এবংআমরা	1
আমিএবং	1
আমিতাহলে	1
আমিআর	1
কেরোল	1
ধূমপানকারীদের	1
প্রফুল্লিত	1
খিস্টঃ	1
ফোনালাপন	1
হাঁহা	1
ওয়াল্টার	1
মাফিয়া	1
ফার্ক	1
শাবেল	1
জাহানের	1
আল্লহ	1
অনিচ্ছায়	1
বেজলেন	1
ইন্দোনেশিয়া	1
থকে	1
টহলরত	1
সংখ্যকও	1
এইরূপ	1
জঙ্গিবাদী	1
দৃশ্যেত	1
মোরালেসও	1
অসভ্যতাও	1
আমিতোমাদের	1
ডোমিনিকান	1
সবচেহে	1
স্যান্ডী	1
সকলই	1
চিত্রাবলীতে	1
০৬	1
সেটে	1
নারীটির	1
গোঙ্গানোর	1
এগারোটা	1
আগ্রাসক	1
রোজালেস	1
কানকে	1
রেলি	1
হুইপ্লেসের	1
ফাইস্যা	1
সিয়েরাস	1
বেরনো	1
ভোঁসকাইয়া	1
শাস্ত্রীয়	1
তিভিতে	1
হতাস	1
ইয়েভগেনি	1
খুঁজেতে	1
মানবকুলকে	1
উঠাউনি	1
জিহাদি	1
চোরাকারবারি	1
এসআর	1
ধড়ে	1
আনবারের	1
হও্য়ার	1
স্প্লেশিং	1
ডুবান	1
শিঙার	1
মিটিংয়ের	1
স্প্লেশ	1
ঘোড়ানোর	1
ঘর্ষন	1
ফিলিপিনরা	1
প্রার্থনারত	1
বিদায়ী	1
সিয়েরা	1
টেগ	1
বহুসংখ্যক	1
বারোটায়	1
লাস্টবারের	1
চাইতেসি	1
রাশিয়ানের	1
আপনারতো	1
জিহাদিদের	1
অতিমাত্রায়	1
রেডিওতেআমি	1
ন্যাশন	1
মুহূর্ততেই	1
ঠেলছে	1
বিয়ারিংসের	1
ডিটেক্টার	1
ডিটেক্ট	1
দিয়েগো	1
ক্রন্দিত	1
রাট	1
বাহিরহো	1
ট্রাকসহ	1
ন্যতো	1
জেহাদীদের	1
৭ঃ০০	1
রাষ্ট্রপক্ষের	1
পেড্রোজ	1
সুর্যোদয়ের	1
সুয়ারেজর	1
প্রসোব	1
জ্বালাক	1
উর্ধ্বতনদের	1
মোগাদিসু	1
ভীতিপ্রদ	1
কতে	1
সহায়তাকারীদের	1
টানেলটা	1
সুড়ঙ্গপথ	1
সম্পন্য	1
হিস	1
টার্গেটপূরণ	1
প্রবেশপথের	1
ওইদিকটা	1
কথোপকথোন	1
ব্যাথাদায়ক	1
তোমাকেউ	1
তোওমার	1
জয়ওপরাজয়	1
দুটিই	1
স্বীকৃতিস্বরূপ	1
কান্দিয়া	1
শঙ্খছিল	1
উরবান	1
ছিঁড়ছে	1
বেচবো	1
দাঁড়িয়েছো	1
ধুলোতেও	1
ফুঁটো	1
ভ্যাপায়ার	1
কামরে	1
জবরদস্থি	1
বাচ্চাসোনা	1
ভুডু	1
পোড়ো	1
বনফাইয়ার	1
ট্র্যান্সল্ভানিয়া	1
১৮৯৮	1
গন্তব্ব	1
ভ্রমণবৃত্তান্তের	1
উন্মাদনাকে	1
নিরাপত্তাটাকেই	1
গোলিগান	1
৩৪৮	1
বিগফুট	1
আচোরন	1
সংসারটা	1
ময়লাটা	1
কুঞ্জুস	1
ইঞ্জিনগুলীতে	1
আগস্তাস	1
পরিগি	1
ফ্রাংকেস্টাইনের	1
উলফি	1
টাইগ্রিস	1
রস্তাটা	1
নাইলের	1
ট্রাফিকই	1
লবির	1
হান্সবেক	1
স্পস্টভাবে	1
ধন্নব্দা	1
চালনর	1
ভালোমন্দের	1
প্যারাডাইসে	1
কবরস্থানটা	1
উচ্চসরে	1
ইয়ুনিস	1
খুবলিয়ে	1
সত্বর	1
বিশ্বাস্যই	1
পোড়াবে	1
ডামির	1
ডামিটা	1
বেরাচ্ছ	1
শসস	1
জাদুসোনা	1
ততোদিন	1
কেঁচোরকেক	1
উহফ	1
বারোতো	1
বনফায়ার	1
ইয়ুথ	1
হোস্টেলগুলিতে	1
শিয়াতসু	1
অ্যারোমাথেরাপি	1
মেভির	1
বেলচাগুলি	1
উল্টো	1
নিয়ন্ত্রক	1
অভয়ারণ্য	1
মেভিসটা	1
রুমমেটদের	1
হ্যম্বারগ	1
বলেহিলাম	1
কাপড়গুলি	1
ব্যাকপ্যাকটাকে	1
কাতাকুতু	1
ফ্রেংকেন	1
স্নিফি	1
প্লিহা	1
করাচ্ছো	1
জনিই	1
মেথুসের	1
খাতি	1
জ্যয়গাটা	1
নিপীড়নের	1
উদবেগমুক্ত	1
ফ্রাংকেস্টাইন	1
কাস্টঊমটা	1
জনালা	1
আচছা	1
ইমারজেন্সিটা	1
পরিকল্পনাও	1
কীলের	1
মধুচন্দ্রিমার	1
হাড়ুপার্টিরা	1
ব্যান্ডস্ট্যান্ড	1
গাইনা	1
ফ্রাংঙ্কেস্টাইন	1
জম্বীর	1
দনব	1
বৈষম্যতা	1
ষষ্ঠতম	1
স্টাইন	1
রিক্রুট	1
দৃষ্টিকোণের	1
বনিয়েছে	1
মোচড়াও	1
মোচর	1
বিউবোনিক	1
আমলেট	1
ভদ্রভার	1
কেননবল	1
বিশৃঙ্খলতায়	1
দৌরাচ্ছে	1
ফিরেবে	1
কুসন	1
কামড়েছিল	1
রসূন	1
উত্তাপের	1
ঘামও	1
দেখচ্ছে	1
হাসচ্ছে	1
মতরা	1
অলতে	1
অলে	1
মেভিসকে	1
টেবিলগুলো	1
৪৮এ	1
গাম্ভীর্র্যমুখ	1
ধুসরফেং	1
ওহও	1
ব্যকপ্যাঁক	1
আদরনীয়	1
ভালবসা	1
ইউনিস	1
ইয়হ	1
হউনি	1
কুয়াসি	1
আগ্র	1
প্যাঁকের	1
দোস্তটা	1
অন্ত্যেষ্টিক্রিয়ার	1
হঠাৎমহিলারসাথেদেখাহয়	1
রহসসজনক	1
গ্রেমলিন	1
জন্মদিনটা	1
ফাঙ্কেইন্সটাইন	1
জ্বল	1
হস্তীর	1
পারফেক	1
এটাতোমারজন্যএকটিবড়রাত	1
পুরই	1
কয়াজ	1
যাওয়ারও	1
গ্রামটাকে	1
জম্বিরাই	1
পোকি	1
জত্তসব	1
সৃতিই	1
অল্পবয়স্ক	1
তখনোই	1
ভবেছি	1
সপ্নই	1
মিনিবারের	1
মিনিবারটাকে	1
ছুয়েছে	1
উছলতা	1
রস্তায়	1
কেয়ারও	1
রস্তা	1
৪৯৭	1
ট্র্যান্সল্ভানিয়াতে	1
মেলাটা	1
ড্রাকের	1
জনসাধারণেরা	1
চোষাদের	1
ঞ্জিনিস	1
সুধি	1
সহযোগীও	1
পচ্ছিলাম	1
কর্মা	1
জাগরিত	1
চাতৌরি	1
জ্বলেপুড়ে	1
সেলভিগকে	1
জায়গায়টা	1
সক্রিয়ই	1
দিয়েছিলেনা	1
ক্যলকুলেশন	1
ব্রিফকেসটাকে	1
বিপেদ	1
সন্ধাটা	1
লারমেনটভ	1
এক্সপোর্টের	1
লারমেনটভকে	1
সিলেন্সকি	1
প্লাজায়	1
গোঙাচ্ছে	1
খুজেছ	1
ইওগার	1
বিশ্বটাকে	1
রেডিয়েশনকে	1
ফিউরের	1
মহোদয়বৃন্দ	1
নেটয়ার্ক	1
সিপাহীদের	1
দুনিয়ে	1
ওইসময়	1
সাংবাদিকদেরো	1
বিল্ডিঙয়ের	1
এইসময়টা	1
কওলসন	1
সেরেছি	1
স্নাফু	1
বিল্ডিলংটায়	1
মেস্যাজ	1
আর্জেন্টলি	1
সিলেক্টও	1
পিয়ানোওয়ালির	1
কেমিক্যালই	1
এরস্কিন	1
ব্যানারও	1
ঘুমিয়েছিলেন	1
স্ট্রাইপের	1
আচরণও	1
যতক্ষণনা	1
রোজারস	1
কাউলসন	1
রিফেকশান	1
ল্যাবরটারি	1
উল্কাপিন্ডে	1
প্রোটন্স	1
লাবে	1
স্টার্টগ্রাট	1
থাকছেনা	1
প্রকৃতজাত	1
আত্নমর্যাদার	1
বল্গাহরিণের	1
চমকানোটা	1
গডের	1
বাইফ্রোস্ট	1
গাড়ায়	1
ফিয়েছ	1
জানয়ারদের	1
ওডিনসন	1
শেক্সপেয়ারের	1
হাতুড়িটাকে	1
ম্যগাজিনের	1
আসগারর্ডের	1
জগতেরও	1
জ্যোতিঃপদার্থবিজ্ঞ	1
কিউবকে	1
কোয়ান্টম	1
রিয়েক্টরেই	1
ওইটারও	1
ওয়েপনের	1
টেরাফ্লপ্স	1
হার্লেম	1
আসতামনা	1
অসিম	1
কুতসিৎ	1
গুরুত্তবপুর্ণ	1
ব্লবেরি	1
ছাপলে	1
পোশাকটার	1
সেল্ভিগকে	1
ওইভাবেই	1
আসগার্ডে	1
শিংয়ের	1
জানয়ার	1
লাগতাম	1
শাস্তিই	1
চুপিচাপি	1
বারটোনের	1
ড্রেকোভসের	1
ধরবনা	1
হাল্ককে	1
থরকেও	1
নিকতটম	1
ধীরগতিতে	1
দুরেই	1
মোকবিলা	1
সাথির	1
বুলে	1
ঝগড়াও	1
প্রয়োগকৃত	1
ফুসলিওনা	1
ফুসলাই	1
বিলিনিওয়র	1
বিশ্বপ্রেমিক	1
জাহানও	1
ল্যাবরেটরির	1
দেখছিলামনা	1
রখতে	1
বুড়াদের	1
গোড	1
তারবাইনের	1
ইঞ্জিনটাকে	1
সিস্টেমও	1
সুপারকনডাক্টিং	1
রোটর্সগুলো	1
প্যানেলটায়	1
স্টেটর	1
পোলারিটিকে	1
ম্যাঘলেভ	1
সোজাসোজি	1
লেভেরটা	1
হ্যাঙ্গারগুলো	1
রেসার্চ	1
এস্কোর্ট	1
হিরোই	1
কিউবের	1
কউলসনকেও	1
ইনিশিয়েটিভ	1
সেইখানটা	1
নাচছিনা	1
স্টার্টগ্রাটে	1
ট্রেইলর	1
কাউলসনের	1
রিয়েক্টর	1
ডিভাইসটাতো	1
চমকানো	1
ধমকাচ্ছি	1
ভাবপ্রবণতা	1
ট্রেনিঙ্গের	1
এরিয়াটাকে	1
সড়াবেনা	1
হাল্কের	1
রাগার	1
ওদরকে	1
থেকে৩	1
প্রবেশদ্বারটাকে	1
সাহায্যেও	1
ইগনোর	1
ম্যানহ্যাটোন	1
জানতেননা	1
দুশমনে	1
পটসকে	1
বিলিনিয়র	1
করেনিতো	1
ছোয়ার	1
এভেঞ্জার্সদেরকে	1
ভ্রমাক্ষ্ম	1
কমজোরও	1
অসুররা	1
ইচ্ছাশক্তিসম্পন্ন	1
টাইটানরা	1
পরিণতিও	1
প্রথমটি	1
শক্তিবিন্দু	1
পুণর্মিলন	1
হিলিয়াসকে	1
আয়ো	1
বিস্মৃতিতে	1
ঘামছো	1
চলাই	1
ক্ষমতাটুকু	1
রুখবো	1
কাইমিরাদের	1
এরিসই	1
খোচানোর	1
সকালবেলার	1
রাণীসাহেবা	1
খরগোসের	1
রত্নগুলো	1
মাথানষ্ট	1
দোযখের	1
মুদ্রাতেই	1
গজিয়েছিলো	1
রেজিমেন্টের	1
টাইরিন	1
গিরিপথে	1
হেফাসটাস	1
ডুবিয়ো	1
ছোঁব	1
গ্যালেনস	1
ফ্রাকেন	1
সাইক্লোপেরা	1
শূষে	1
কারাগারকে	1
কুপুত্র	1
প্রান্তগুলো	1
পথপ্রদর্শককে	1
মৎসকন্যাদের	1
টারটারাসে	1
কাপুরুষত্বের	1
নিরপরাধদের	1
বিশ্বজগতকে	1
হেফাসটিসকে	1
নির্বাসনে	1
ম্যানিটাস	1
বর্শাই	1
এজেনরের	1
ফ্যালাংসেস	1
খোড়ো	1
জন্যো	1
পথপ্রদর্শকের	1
আরগসকে	1
স্কেটবোর্ডটা	1
তুলছিনা	1
ডাক্তারেরে	1
পাইপওয়ালারা	1
ওসবোর্নের	1
ওস্কর্প	1
জৈবচিকিত্সার	1
সিনিওর	1
সরীসৃপ	1
দুস্কর	1
শরিরের	1
ওস্কর্পের	1
ওস্কর্পে	1
রডরিগ	1
সায়েন্সকে	1
বায়রিয়েক্টরের	1
ওসবোর্ন	1
ম্যাকরনি	1
ইন্টার্নি	1
কমিউনিটিতেই	1
ওস্কোর্পেও	1
ব্যাকবোর্ডের	1
মেকে	1
ক্রোমাটোগ্রাফি	1
ট্রাঞ্জেনিক্স	1
অসুখকে	1
টক্সিন	1
ধুকানোর	1
ইমিউন	1
পেপটাইড	1
পূনবৃদ্ধি	1
উইলমার	1
বোঝাক	1
করলেনা	1
আর্টিস্টকে	1
বুড়োদেরও	1
অঙ্গবিদ্যার	1
ডক্টররা	1
লাইটওইয়েট	1
কেবলের	1
মিটারও	1
মেটারিয়াল	1
ভেলসিটি	1
পেন্ডুলাম	1
ফ্রিকোয়েন্সির	1
বেগের	1
ওসবোর্নও	1
ফ্ল	1
জেদিভাব	1
ল্যাবরটরি	1
রিসার্চও	1
পছিন্দ	1
বিরক্তকর	1
ব্রোকলিন	1
হল্টন	1
ব্যজ	1
অপরাধীরাও	1
নড়চড়া	1
সিটটাকে	1
উইলামসবার্গ	1
চাক্ষুস	1
মুখোশটাকে	1
গিরগিটিকে	1
রক্তওয়ালাদের	1
তাপমারায়	1
জীববিজ্ঞানি	1
এডমিসনের	1
বাটলার	1
চাপমাত্রা	1
রাক্তের	1
মাসলে	1
সায়েক্রাইটিষ্টের	1
কাদব	1
বলেলেই	1
বাচবেনা	1
১২৩৮৯	1
ক্যানাল	1
কামিক্যাল	1
আছা	1
ওলস্কি	1
এভিনিউয়ে	1
গিরগিটিটাকে	1
আঙ্কেলও	1
এম্বুল্যান্স	1
এন্টিটিউডের	1
বায়োটক্সিনের	1
বাসিরা	1
বেনও	1
রিটার	1
সিন্ধুপালচক	1
খুলবিনা	1
চাইনিজকে	1
ফ্র্যাঙ্কেন্সটেইন	1
কোটিপতিটাকে	1
রিংটা	1
সার্ভিসওয়ালাদের	1
লাগাচ্ছ	1
স্কিটগুলো	1
ডিব্বাকে	1
ধোকাতেও	1
ভালবাসলেও	1
অন্তরও	1
জানটাকে	1
বাউন্সার	1
ছাড়তেনা	1
ভাববেননা	1
গ্যাযাক	1
ধুকিয়ে	1
স্ট্রাকটার	1
তালেবান	1
চাইছিলনা	1
পালতাম	1
জনেকই	1
বাহাদুরদের	1
প্লুটোনিয়ামটা	1
বাচ্চাটাকেও	1
সোফিয়া	1
তদেরও	1
কিলোতে	1
ঘুসিতেই	1
বুল্গেরিয়ান	1
রেইনের	1
সুইপারের	1
ওয়ারে	1
সেরেয়াল	1
ক্রিস্পি	1
গ্যাংটার	1
হস্টন	1
কোবরাটা	1
স্যাংভিনির	1
সবচেইয়ে	1
স্যাংভিনকে	1
ক্লোজের	1
ব্ল্যাকফোর্ড	1
মনবুদ্ধির	1
স্যাংকে	1
স্যাং	1
ছেলেদেরও	1
ইগোই	1
৮৫২	1
বারুদটা	1
ছুড়িও	1
জিদিত	1
কক্সবাজার	1
থুড়থুড়ে	1
লতাপতা	1
ট্রাইবরো	1
ফিফথ	1
ডুয়ান	1
রিডসও	1
এয়ারবাস	1
তৈরিটা	1
খাটবেনা	1
লেমুর	1
চেলেছেন	1
ডুবোয়াকে	1
আক্রমণাত্বক	1
বিনোদনমূলক	1
লাক্সারি	1
বাঁদরদের	1
অ্যাম্বাসেডর	1
পাপারাজ্জি	1
তুলবেনা	1
চালাচ্ছেনা	1
চুষবেনা	1
বাটনগুলো	1
ওমেগা	1
চ্যান্টাল	1
চলছিস	1
কোয়ালস্কির	1
ইউরেনিয়াম	1
ব্ল্যাঙ্কেটের	1
কমছেনা	1
বেচব	1
লুকাব	1
ভিতালির	1
ভাঙ্গিনা	1
বলিবার	1
কলোসিয়াম	1
হাউজফুল	1
প্রোমাটারের	1
জাগুয়ার	1
ভাবোনা	1
উঠিয়েছিলে	1
যার্গোযা	1
প্রজ্বলনীয়	1
মিউজিশিয়ানের	1
লোমও	1
সার্কাসও	1
ক্ল্যাসিক	1
উদ্যমতার	1
কানাডিয়ানদের	1
মেপল	1
মাতাব	1
উড়েছিলাম	1
কিউটিপাই	1
নেটের	1
আমেরিকানোতে	1
কেশো	1
প্রোমোটারের	1
ভিতালিক	1
ভিতালিকে	1
একটুই	1
জ্বলবেনা	1
লাফাব	1
অনগোয়িং	1
উঠাতেনা	1
ওসবকিছুও	1
ফিরবনা	1
তাকাবনা	1
এইদিন	1
বাঁচছিলাম	1
বিপদজনকও	1
অ্যাফরো	1
স্টেফানোকে	1
রোমাঞ্চে	1
টেকওভারের	1
গ্র্যান্ডমাস্টার	1
ঝগড়ার	1
খামখেয়ালইউয়ান	1
অলিম্পিকমার্শাল	1
আর্টচ্যাম্পিয়নশিপবিজয়ীদ্বারাঅভিনীত	1
প্রেষিত	1
ম্যানশন	1
আন্ডারওয়ার্ল্ড	1
গাড়া	1
বিনোদনকারী	1
মুত্যু	1
স্নিক	1
পিকদানি	1
রেলপথের	1
ঝেং	1
ঝু	1
হুয়াই	1
অধ্যক্ষতা	1
চড়ে	1
দিনদুই	1
ওয়েস্টার্ন	1
ধান্ত	1
রেফারেল	1
বাবলা	1
লিয়াং	1
নারীমঠ	1
পচান	1
মেয়াদী	1
নফর	1
বহিরাগতই	1
গ্রামগুলোতে	1
পাড়ার	1
চিম্টি	1
পরামর্শকদের	1
হগয়	1
প্রহৃত	1
জনৈক	1
বিজ্ঞপ্তি	1
সুড়ঙ্গের	1
নিরলসভাবে	1
লিভ	1
জেলায়	1
সেতুবন্ধ	1
বিপর্যয়কারী	1
প্লেক	1
জ্ঞানীজন	1
গড়িমসি	1
কোচিংয়ে	1
দিয়াবল	1
কসাইয়ের	1
আটকাইয়া	1
নিষ্প্রয়োজন	1
পিওএস	1
মাটিরই	1
ওৎপ্রোতভাবে	1
ভাগ্যকেই	1
দৈত্যকার	1
হিউবার্ট	1
পিচ্চিগুলো	1
খিলখিল	1
প্রত্যাশাও	1
ভল্লুকটিকে	1
সহসা	1
হাতিয়ারই	1
শেখাটা	1
ক্রোন	1
রাজাদেরই	1
হ্যাগী	1
দলনেতারা	1
পাণিপ্রার্থী	1
গোষ্ঠীরাই	1
গোষ্ঠীই	1
প্লেটই	1
ঘোষণারও	1
নড়তেও	1
পিপাসু	1
মর্কট	1
দাঁতও	1
মিটিয়েছ	1
দলপতির	1
সন্তানকেই	1
প্রথানুযায়ী	1
খেলাকেই	1
জোরছে	1
চুলগুলোও	1
ছোড়ারও	1
পশুস্বভাবের	1
আলাপচারিতার	1
ফ্যালফ্যাল	1
কাকটি	1
খরিদ্দারের	1
ভেল্কিবাজি	1
উপভোগ্যও	1
মেহেগনি	1
ক্রয়কৃত	1
সংহারের	1
তরবারীর	1
নিক্ষেপে	1
অনতিবিলম্বে	1
পশমে	1
আর্তচীৎকার	1
ছুকরী	1
ড্রাগনও	1
স্বল্পমূল্যের	1
কড়াইয়ে	1
গেইলজাতির	1
বালিকাটি	1
লম্বালম্বিভাবে	1
হট্টগোলের	1
আচারানুষ্ঠানও	1
ফুসছে	1
চালছো	1
ভাওতাবাজি	1
গোষ্ঠীগুলোই	1
ডিংওয়ালকে	1
বর্শাকে	1
সুসংহত	1
জিনিসটিই	1
প্রথারও	1
মতামতটাই	1
ভান্ডারেই	1
বিবাহপ্রার্থীদের	1
এলিনরের	1
হাপাচ্ছে	1
হুবার্ট	1
হ্যামিশকে	1
দুষ্টুগুলো	1
আগেইে	1
আনুসন্ধান	1
কক্ষন	1
সবজায়গা	1
ঘুড়ালাম	1
রাজারাই	1
গোষ্ঠই	1
জায়নি	1
প্রেয়সি	1
করাবার	1
বিরবিড়	1
কুমারি	1
অনুরাগবশে	1
শাস	1
ঐশ্বর্যে	1
চূল	1
এবংঅংশগ্রহণ	1
প্রথাসিদ্ধ	1
প্রথমসন্তান	1
ছোড়ব	1
আভিশাপ	1
পশুস্বভাববিশিষ্ট	1
সেরকমভাবেই	1
ফেলফেল	1
অসন্তষ্ট	1
কিহুই	1
গুরত্বপূর্ন	1
এক্টুখানি	1
পারছিলামনা	1
কর্তে	1
তোমাত	1
বদলিয়েছ	1
শয়তানটাকেটাকে	1
দেখতা	1
সুচে	1
এইখানটায়	1
কড়াইয়ের	1
অপরিবর্তনশীল	1
প্রাতরাশ	1
পুরনোটা	1
কাপড়টার	1
নিয়মবহির্ভুত	1
চালছ	1
রাজমাতাকে	1
রুপকথাই	1
গোষ্ঠীদের	1
দৌড়াচ্ছিলে	1
অন্তরকে	1
নেতাবৃন্দ	1
যুবকরাই	1
পেয়ের	1
পাজির	1
রাণিকে	1
পালগুলো	1
নেতৃত্বধীন	1
ডাকবিলি	1
হৃদয়ঙ্গম	1
ছোড়া	1
গির্জায়	1
উদ্বর্তিত	1
শেয়ারিং	1
পুত্রত্ব	1
পরীক্ষাকরণ	1
কল্লোল	1
হেয়	1
ক্ষণস্থায়ী	1
কর্মশালা	1
ছোপানো	1
পাঁচড়া	1
কোঁকড়া	1
পইঠা	1
মুলতুবি	1
কন্ডাক্ট	1
হয়রানিমূলক	1
ভগ	1
খ্রীষ্ট	1
অভু্যত্থান	1
মোটরসাইকেল	1
স্ট্যানফোর্ড	1
বায়ুকোণ	1
ইমপ্রেশন	1
আড়া	1
জয়যুক্ত	1
টোয়েন্টি	1
পরিতোষ	1
কুকুরপালের	1
ঝোলান	1
যোগাড়	1
সাউট	1
স্পটলাইট	1
চৌকি	1
জোটবদ্ধ	1
অনাক্রম্যতা	1
গেজেটে	1
ইন্ডিকমেন্টস	1
দলগুলো	1
শিরোনামটি	1
সার্চইঞ্জিন	1
অঞ্চলেই	1
বিষয়গুলির	1
চিল্	1
উল্টানো	1
স্কোয়াড্রন	1
বিষণ্নতা	1
মুদ্রাস্ফীতি	1
এক্সট্যাসী	1
মুছুন	1
সমস্যাগুলি	1
ন্যায়ত	1
মটরসাইক্ল	1
আরোপ	1
খোঁচা	1
চুদছি	1
সাতিশয়	1
প্রচারাভিযান	1
দেয়ঃ	1
অনাখাঙ্খিত	1
ক্ষমতাবান্	1
হেওন	1
স্থর	1
অতুলনীয়	1
নীলকান্তমণি	1
আরকেন	1
এল্ভেন	1
বেশীদিনের	1
সজাক	1
হারিকেনের	1
বায়ুতে	1
অভিলাষী	1
লুঠ	1
ক্রোধ	1
এল্ভেস	1
শ্রমজীবী	1
মায়াবি	1
আখা	1
টিপিয়া	1
বেগিন্সেস	1
অমায়িক	1
লোবেলিয়া	1
বাতকর্মকে	1
গোঁটা	1
ফারথিং	1
সকালকেই	1
বেলাডোনা	1
বিচরণকারী	1
ইভেতে	1
আতশবাজিকে	1
সিটকানো	1
খোকা	1
ঝাড়ানো	1
নামমাত্রও	1
ভোঁতাবুদ্ধি	1
জোর	1
বগিন্স	1
হলপথে	1
তুলনার	1
ওায়াইন	1
মুঙ্গের	1
ক্যামোমিল	1
ওহুপ	1
প্রাইজউইনার	1
বামনি	1
সুরভি	1
পেটতো	1
পানীয়ের	1
পানীয়টা	1
নরির	1
চালাকিটাও	1
খাঁটাতে	1
মৃত্শিল্প	1
মেদ	1
হাড়গুলো	1
মাদুরে	1
ছিটাও	1
গৃহসামগ্রী	1
ভিজাও	1
খুঁটিতে	1
কঙ্কারস	1
মুদিদারই	1
লুইন	1
রেভেন্সকে	1
দুর্যোগ	1
নখরগুলো	1
কাচির	1
পাঁজরে	1
গমনপথ	1
মধ্যপ্রদেশ	1
ভদ্রলোকদের	1
১৪তম	1
বাগিন্সকে	1
কাঁটাছেঁড়ার	1
বাঁধাধরা	1
ফোঁপানো	1
ভাবিয়ো	1
তাপের	1
ফুড়ুৎ	1
বংশেরও	1
বুলরূরের	1
বর্মা	1
সৌন্দয্র্য	1
ভহুল	1
মনখোলা	1
পাইনগুলো	1
কেঁদেছিলো	1
ওকানন্সিল্ড	1
একদিনতো	1
ফ্রগমরটন	1
হাঁচির	1
ইউস	1
নিস্তব্দ	1
দৈত্যদেরকে	1
বাহিনীরা	1
আভিযানকারী	1
ডূরিন	1
সুরক্ষাবাহিনীকে	1
থ্রইন	1
নেতাশূন্য	1
লড়ছিলো	1
বুঝেছিলো	1
ডোয়ারভিস	1
বেঁচেছিলাম	1
দৈত্যেটার	1
বিজলীর	1
ডোয়ারফ	1
সারুমান	1
পঞ্চমজন	1
পর্বতেই	1
মরিয়ার	1
পবিত্রতাকে	1
অসম্মানকারী	1
পছন্দটাই	1
ডেইসি	1
বুঙ্গ	1
মিন্টী	1
কালপেঁচার	1
শস্যপেঁচার	1
আরকেটু	1
রসাস্বাদন	1
ছিটিয়ে	1
ওবুক	1
মোচড়া	1
মুচড়ি	1
একগাল	1
ছুট্টো	1
বস্তাই	1
কাঠিতে	1
খাঁ	1
চোরাহবিটকে	1
কিলিকে	1
ইটেনমর্ষ	1
ট্রলদের	1
গন্ডলেন	1
দীর্ঘকালীন	1
এল্ভিসদের	1
গ্লবিনরা	1
জিব্বার	1
ডগাতেই	1
ক্ষয়ে	1
এঙ্গলিয়ান	1
দুর্গটাতো	1
ওয়ারগস	1
রসগোবেল	1
ইম্লাড্রিস	1
যাদুও	1
থররদের	1
ক্লেভার	1
গ্রামড্রিং	1
গন্ডলিন	1
এল্ভসদের	1
এনলরডকে	1
এল্ভিস	1
আলোতেই	1
অর্ধচন্দ্রাকার	1
বিজ্ঞদের	1
ওয়াকেনসিল্ডকে	1
গেলাড্রেইল	1
ট্রলরা	1
ঝাপসাকাঠুরি	1
কাঠুরিয়া	1
মেতেছে	1
ঘোলা	1
ইস্টারি	1
অশোভনীয়	1
সুঞ্ছিলো	1
মরডর	1
মরগাল	1
রুদা	1
খোলস	1
ব্রুইনেন	1
ব্লেইড	1
হেঁয়ালির	1
হাঁপাচ্ছ	1
বজ্রঝড়	1
গুহাগুলো	1
একাত্ম	1
ডাকাবো	1
ছোটকে	1
পর্বতই	1
দিখন্ড	1
গোঙ্গাচ্ছে	1
মজারে	1
এলফিস	1
মেতেছো	1
হাঁরে	1
তিরিশটা	1
ঝাঁপটায়	1
দাঁতছাড়া	1
হবিটসেস	1
জানোয়ার	1
চিবায়	1
কামড়ায়	1
গব্লিনের	1
বাঁদুরের	1
পকেটগুলোতে	1
গুঁড়	1
আঘাতকারী	1
হাইরে	1
মস্কারি	1
ডরির	1
ছেঁড়েই	1
নায়কও	1
রেকর্ডকরা	1
পরিবারগুলির	1
বন্ধ্	1
ম্যাদাম	1
নালিস	1
মৌসুমটা	1
ছুটিগুলো	1
আর্চিস্টিক	1
ঘোরাঘোরির	1
অন্যদেরটা	1
লুকাসের	1
থকাবে	1
ওয়েল্	1
পোস্টটা	1
গাছেটা	1
পচ্ছো	1
লেবেগুলি	1
জোসেপকে	1
জেনকভা	1
কাদুম	1
পাসেদি	1
স্টলম্যান	1
সুইডেন	1
ঔসুধ	1
ওর্চিড	1
দুইভাই	1
বারন্দায়	1
সমুদ্রটা	1
ওর্চিডে	1
সুমিংপুলের	1
মেজু	1
ছোটটাকে	1
পাল্ম	1
লুকাসকে	1
চুয়াত্তর	1
নক্ষত্রপুঞ্জের	1
কাথুয়া	1
আপাল	1
দেখাছে	1
জখমটা	1
কেথি	1
সুরাত	1
থানিতে	1
হসপিটালেই	1
অপারেশান	1
সরিসৃপবিদের	1
গিরিগিটি	1
কেশোয়ারির	1
ঘুরিয়েছিলেন	1
চর্মসার	1
সাঁতারই	1
মুখভর্তি	1
পর্যটকরাই	1
পুলটিই	1
প্রত্যেকটিতেই	1
কাটতেন	1
শুচি	1
প্রস্রাবখানায়	1
শিক্ষকরাও	1
গ্যাসটা	1
ষোড়শ	1
গণিতেও	1
পরিধির	1
দৈর্ঘ্যের	1
২০টি	1
ক্লাসটি	1
জনমানবহীন	1
লিখছিলাম	1
উপন্যাসটির	1
পর্তুগাল	1
সাশ্রয়ী	1
সঞ্চারের	1
গোঙ্গাল	1
কাশল	1
মামাজীর	1
স্বভাবটাই	1
কানাডিয়ান	1
নিয়তিতেই	1
এগোলেই	1
পেরোলেই	1
খ্রীষ্টাব্দে	1
গার্ডেনটির	1
উদ্ভিদবিদ	1
লক্ষণকে	1
পার্বতীর	1
বিপণ্ন	1
অকূল	1
আলোকসজ্জার	1
বনতে	1
অন্ধকারাচ্ছন্নতা	1
বিম্বাস	1
মুনার	1
সহজগম্য	1
দুঃখভোগ	1
প্রায়শ্চিত্ত	1
উল্টোটাই	1
ভালবাসলেন	1
একজাত	1
আল্রাহু	1
পাইয়েরও	1
বিজ্ঞানই	1
নিরামিষাশী	1
বাপ্তিস্ম	1
হিন্দুও	1
ইহুদীও	1
কাব্বালায়	1
ত্রুটির	1
কীপার	1
পশুরও	1
সেলভামকে	1
বলেছেই	1
গুজরাট	1
তামিলনাডু	1
কর্তৃত্বের	1
উপাত্ত্ব	1
আনন্দীর	1
বাদ্যের	1
সম্পূত	1
এটই	1
উইনিপেগ	1
ভাসানোর	1
গ্রেভি	1
শূকরটাকে	1
সবজিখোরদের	1
ভাতই	1
ঝোলকে	1
জুসকে	1
গোলানো	1
সাফসুতরো	1
পশুগুলোর	1
মারিয়ানা	1
স্মিৎসাম	1
ভাবখানা	1
বজ্রঝড়	1
বজ্রাহত	1
নৌকাটা	1
জীবনযুদ্ধে	1
গাওয়াও	1
ঝড়োন্মুখ	1
জাহাজডুবির	1
লাইফবোটটি	1
অতিসত্ত্বর	1
জায়গাটুকুর	1
ধীরস্থিরভাবে	1
বাঁশিটি	1
বাঁশির	1
সমুদ্রপীড়ায়	1
দীর্ঘকাল	1
সমুদ্রেরে	1
ধ্বনিত	1
তূরীবাদ্য	1
বাঘেরা	1
চনমনিয়ে	1
খাবারটি	1
তিরানব্বইটা	1
হাতুড়	1
বাটাল	1
দয়াময়	1
করুণাময়	1
ফ্লাইট্র্যাপের	1
মাটিও	1
উদবিড়ালগুরো	1
গেড়েছিল	1
উদবিড়ালের	1
দ্বীপটিও	1
নৌকাটাকে	1
শৈবাল	1
নামান্তর	1
বইতেও	1
ভিড়লে	1
কষ্টেমষ্টে	1
বালিটা	1
আড়মোড়া	1
লেপ্টে	1
সম্পর্কটার	1
অঝোরে	1
সাদামাটাভাবে	1
দুষ্টিই	1
চিড়িয়াখানা	1
সহবর্তী	1
জাহাজডুবি	1
লোককে	1
অনুলিপি	1
উদবিড়ালে	1
ওরাংওটাংটা	1
লাইফবয়	1
সপ্তাহখানেকের	1
শুকাল	1
নাবিকটি	1
রাগতে	1
বাবুর্চীটা	1
কচ্ছপকে	1
তক্ষুণি	1
ভেলার	1
হাঙ্গরগুলো	1
বিবেকও	1
বেঞ্চিতে	1
জায়গা্য়	1
নাবিকটাকে	1
সত্তাটাকে	1
অনুসন্ধানকারীদের	1
টোতে	1
হায়ে়নাটা	1
ওরাংওটাং	1
গল্পেই	1
গল্পটায়	1
মধুরেণ	1
সমাপয়েৎ	1
অদিতা	1
শিক্ষকদেরও	1
আগ্নেয়	1
সোপের	1
কুলাবেনা	1
আব্দুল্লাহের	1
হাসসার	1
আতরের	1
নাউজুবিল্লাহ	1
হাসসাকে	1
সেওকি	1
ফাইটারকে	1
পিথাগোরাস	1
মারগুগ	1
ফান্ডেই	1
দোকানির	1
ইকবালে	1
মিক্সড	1
শব্দার্থ	1
শানে	1
নুযূল	1
সুবহানাল্লাহ	1
দেরাহ	1
এগোচ্ছিনা	1
ওয়াজদার	1
জান্নাতি	1
ইকবালের	1
পয়সাকড়িও	1
ছারখারা	1
তেলাওয়াতকারীদের	1
অন্তরআত্নার	1
ফজরের	1
চালাওনা	1
ওজু	1
ইদ্গাম	1
গুন্নাহ	1
সওয়াব	1
ওয়াজদাকে	1
জমিলা	1
প্রয়াশ	1
ফাতেন	1
চালাচালির	1
রাশেদ	1
তারতীল	1
সালমার	1
পরওয়ারদিগারের	1
তায়ালা	1
শিরেকি	1
ভ্রান্তিতে	1
রাখেবনা	1
কোটগুলো	1
দয়াশীলতা	1
সাদাকাতুহুন	1
ফুরকান	1
আদাব	1
যায়িক	1
ইয়াসমিন	1
বাকারাহ	1
খাতামাল্লাহু	1
আলা	1
কুলুবিহিম	1
চক্ষুর	1
বুঝেওনা	1
রোগকে	1
মিথ্যাচারীতার	1
উদ্ভাদনকারী	1
বিশৃঙ্খলাকারী	1
সামিআল্লাহ্	1
হুলিমান	1
হামিদাহ	1
সাফফান	1
কাদছ	1
আলোজ্বালবারজাদুমন্ত্র	1
হ্যারিপটারএবংআজকাবানেরবন্দি	1
ফর্মটাতে	1
ডাডার	1
ভাইপোটি	1
হতচ্ছাড়াদের	1
ডেপো	1
ছোকরাদের	1
বদরক্ত	1
কুত্তীটার	1
শানপাইক	1
ঝাঁকুনিপূর্ণ	1
কাটাচামচ	1
নকটার্ন	1
আ্যালি	1
শেফিল্ড	1
পাঠায়না	1
ফোলানোর	1
হাউসকিপিং	1
ব্রাশওয়ালার	1
ক্রুকশ্যাঙ্কস	1
পুজাও	1
ক্লিপিংটা	1
ভুতও	1
রাধুনী	1
ট্য়লেট	1
ভোল্ডেমর্টকে	1
অনুগামী	1
মুর্ছা	1
লুপিনকে	1
এগেনস্ট	1
শূণ্যপদ	1
ঐসময়ে	1
প্রতঙ্গগুলোকে	1
হোগার্টসের	1
ঘটাবেনা	1
জ্বালবার	1
টার্মে	1
ট্যাসোমেনসির	1
পড়বার	1
তু্মি	1
ভাবাবেগে	1
চিহ্নগুলোর	1
পাঠ্যবিষয়	1
নেওয়াচ্ছেন	1
হিপোগ্রিফকে	1
গর্হিত	1
সংযোগস্থলে	1
ড্রাকো	1
খোয়াতাম	1
গাধাটার	1
ড্রাকোর	1
ডাফটাউন	1
ক্লাসটাই	1
মন্ত্রোচ্চারণই	1
বোগার্টকে	1
সঙ্কোচের	1
ভূষা	1
ওয়ার্ডরোবটা	1
হগসমিড	1
গ্রামটাতে	1
পেতনা	1
বাধাবার	1
জোকশপের	1
কোনটারই	1
বিদঘুটেভাবে	1
গাইত	1
চারভাগে	1
এস্ট্রোনমি	1
পেঁচাশালা	1
আউলারি	1
তলাতেও	1
সাঁতরাক	1
লালটুপি	1
হিঙ্কিপাঙ্কদের	1
পশুতে	1
ডাকেই	1
এ্যাংলো	1
নেকড়েমানব	1
আ্যরেস্টো	1
মোমেন্টাম	1
হোম্পিং	1
উইলোর	1
জাদুঝাডুর	1
তাড়িয়েছিলেন	1
উইসলিকে	1
বোঝাচ্ছনা	1
বেজিগুলো	1
আলখাল্লাটাও	1
কর্নেলিয়াস	1
ইঁচড়ে	1
পটারে	1
পেট্টিগ্রুকেও	1
পটারদেরকে	1
উঁচুমাপের	1
জাদুমন্ত্রটা	1
সেখাব	1
এক্সপেক্ট	1
ঝাড়ুতে	1
স্মৃতিটাই	1
ছেড়াছেড়িটা	1
ছেড়াছেড়ি	1
তাকানমাত্র	1
মাকড়শাগুলোকেই	1
পিছেপিছে	1
উদ্যেশ্যহীনভাবে	1
খোলতো	1
নাকটাকে	1
জ্যোৎস্নারাতে	1
বেড়িয়েছ	1
কৌতুহলজনক	1
কালোজাদুতে	1
আত্মদানের	1
অরক্ষিতভাবে	1
ম্যাপটায়	1
অন্তর্চক্ষুর	1
পরিশোধণের	1
ভবিষ্যৎকথনের	1
মানসিকতাটাই	1
হিপোগ্রিফটার	1
গ্রিফিন্ডরদের	1
বাংলাভাষায়সাবটাইটেলতৈরিকরেছেন	1
মাতৃভাষায়হ্যারিপটারেরমুভিরস্বাদনিন	1
মাতৃভাষায়	1
ক্রুকশ্যাঙ্কসের	1
ইশশশ	1
জন্তুবিষয়ক	1
দণ্ডপ্রাপ্ত	1
কামড়ালে	1
লক্ষ্মণ	1
এনিমেগাস	1
বেশামাল	1
রচনাটা	1
বুড়িদের	1
কাঁপবেনা	1
পেট্টিগ্রুর	1
কাপুরুষটা	1
কামড়টার	1
ছুটছিলাম	1
ফ্লি	1
পরজীবি	1
হেঁটেছিলাম	1
ফ্লোবারওয়ার্ম	1
কমজনকেই	1
ঘোরালেই	1
সাময়িকের	1
ত্যাঁদোর	1
মাডব্লাডটাকে	1
কুঁড়েতে	1
তড়াতাড়ি	1
বেজিটাকে	1
ডিপেট	1
লাগিয়েছিলেন	1
মাঠগুলোতে	1
ইমোবুলাস	1
পেট্রোনাসটা	1
ডার্সলিদের	1
পড়াক	1
অগ্নিশিখা	1
ফায়ারবোল্ট	1
দেশটিকে	1
ক্রমপরম্পরায়	1
ওয়ারফেয়ারের	1
বাহিনীগুলো	1
প্রতীয়মান	1
দায়িত্বটি	1
বিগ্রহে	1
শোণিত	1
ওতপ্রোতভাবে	1
পাথরটিকে	1
মূর্তিটি	1
মূর্তিটির	1
স্বরূপটাকে	1
এটিকেই	1
ট্রটম্যান	1
অনানুষ্ঠানিক	1
যুক্ততার	1
চিনবোই	1
চ্যানিনকে	1
চ্যানিন	1
গ্রিগসের	1
সৈনিকও	1
কর্মীও	1
পর্যটকও	1
খোস্ট	1
সরঞ্জামাদি	1
অভিজ্ঞতাই	1
জ্যাসিন	1
নিরস্ত্রীকরণ	1
মুক্তিযোদ্ধারা	1
নতি	1
স্বীকারের	1
ভিয়েতনামেই	1
চেঙ্গিস	1
আফগানীরা	1
বলতোঃ	1
আফগানীদের	1
গুহাটি	1
পঞ্চ	1
রাজাটি	1
দলত্যাগী	1
পয়োনিষ্কাশন	1
লেগম্যান	1
বেয়োনেট	1
খুঁচিয়ে	1
অগ্নিকুণ্ডলিতে	1
মুজাহীদিনরা	1
নির্বিচারে	1
আমেরিকানটি	1
নাবালকের	1
সাবালকের	1
ভেড়াটি	1
ক্ষতস্থানে	1
মৃত্যুদূত	1
মিসকারমাইকেল	1
নিঃশ্বাসেও	1
সরিও	1
আশাকরিতুমিআজভালোবোধকরছ	1
আমারকাছেপুরোব্যাপারটাফালতুমনেহয়	1
রোগীরাতো	1
দুঃখপ্রকাশ	1
অসুখটাকে	1
এইরকমেই	1
কেউএকজনযখনখুব	1
হুহ্	1
বলছিলো	1
গোঁফে	1
দেমাক	1
চিড়িয়াকে	1
ফ্লোরট	1
নিভৃতে	1
মহিলারে	1
ঘাঘু	1
প্রেমমুগ্ধ	1
ধুকধুকানি	1
সমালোচনারজন্যমাফ	1
পেশাতে	1
শিখনি	1
প্রবীণদেরকে	1
নবীনদের	1
প্রবীণদের	1
আনন্দমুখর	1
কর্মজীবনকে	1
আমিজানি	1
বাচ্চাওয়ালা	1
মহামতি	1
মারচিসনের	1
ইনস্টিটিউশনের	1
উৎসবমুখর	1
ডঃএডওয়ার্ডস	1
লাগামটা	1
কর্মস্থল	1
মন্ত্রমুগ্ধের	1
চিত্তবিনোদনের	1
জিমন্যাস্ট	1
খেলাগুলি	1
একজাতীয়	1
অপচনশীল	1
সাইকিয়াট্রির	1
লবণদানীও	1
সম্মানাত্বে	1
সান্ধ্যভোজের	1
টেবিলেও	1
বসলেন	1
আতঁলামি	1
মনোঃচিকিৎসা	1
বাহুবন্ধী	1
চুম্মাচাটি	1
উহহহ	1
মতিভ্রম	1
অন্যায়টা	1
আত্মবিশ্বাসটা	1
হ্যানিশের	1
ক্লিপ্টোম্যানিয়্যাক	1
ক্লিপ্টোম্যানিয়্যাকের	1
নরমা	1
কিচির	1
মিচির	1
লজ্জাবতী	1
তুফাইন্যা	1
অর্কেস্টার	1
এইতো	1
সেক্সপিয়রের	1
অধ্যাপিকা	1
চুগি	1
পার্ডন	1
ভাটায়	1
আমোদে	1
প্যাচালটা	1
কাচার	1
ক্যাসানোভা	1
দুরু	1
চাতা	1
রোবে	1
চাপছে	1
ফ্লুরটকে	1
দেখায়লাম	1
কাটাকুটি	1
অসুস্হ	1
ধারণাটাই	1
পারতেছিনা	1
আঁতকে	1
আদ্যক্ষরের	1
ভন্ডটা	1
সত্যটার	1
কর্মকাণ্ডে	1
ক্ষীণদৃষ্টির	1
পরিচয়দারী	1
ভুগিয়েছে	1
পূজারিও	1
বদলান	1
ফ্লুরটের	1
রটল্যান্ড	1
মিংকস	1
জানাশোনাটা	1
পিটসবার্গে	1
তাকাচ্ছিলেন	1
সাইকেলজি	1
৩০৩৩	1
গতকালটা	1
বাচায়ছে	1
খোঁচানি	1
কোয়াডরেন্টে	1
ডায়াগনসিস	1
ব্লাডার	1
প্রতারকটা	1
সাইকাইট্রিস্ট	1
চিড়িয়ার	1
হস্তাক্ষরের	1
পুড়েছিল	1
বার্মিংহাম	1
হাঁটাহাটি	1
ছো	1
থামছিলাম	1
তুলতেছ	1
আত্মঅহংকারী	1
মাস্টারনির	1
পুড়ার	1
যুদ্ধবিমান	1
প্রবণতাকে	1
দেমাগী	1
মারই	1
ইন্টার্নী	1
যন্ত্রণাতেই	1
সাজায়তাছো	1
সর্দির	1
হ্যানাসির	1
নারকটিক্স	1
হ্যানাসি	1
অা	1
ভদ্রলোকরা	1
গিলেস্পি	1
গতকালেই	1
সাইকিয়াট্রি	1
কনভেনশনে	1
এ্যানালিস্ট	1
সাইকোসিসের	1
স্কেটিংয়ে	1
ছিপাগলিতে	1
যেগুলিতে	1
ফোবিয়া	1
কোটিপতিদের	1
ওপেনার	1
হাউজকিপার	1
যেডা	1
রাধতেও	1
ঘরদোর	1
চমৎকৃত	1
যানেনবাম	1
প্যাঁচগোছ	1
ফস্কানোর	1
ফিকির	1
ফাটসে	1
এথিকস	1
টেবিলক্লথে	1
উল্টাটা	1
মাইনষে	1
বুইড়ারা	1
কাউচের	1
মনস্তত্ত্বে	1
মিলাতেও	1
চোপর	1
বাস্তবিকই	1
ব্রোমাইড	1
পরিমানটা	1
উদ্বিগ্নও	1
অসীমত্ব	1
গোঁজামিল	1
ব্যাহ্	1
আমারেই	1
ম্যাও	1
মানসিকতাটা	1
স্কিজোফ্রেনিক	1
প্রেমগাঁথা	1
আইচ্চা	1
মনস্তত্ত্ববিদ	1
স্কুলবালিকার	1
নিম্নশ্রেণীর	1
খালিপেটে	1
অয়া	1
বাচাবোই	1
২০গুন	1
৬মাসের	1
বুঝতেছনা	1
এইটাহ	1
খাওয়াইলো	1
তুলিয়ো	1
করচি	1
ফ্রয়েডিয়	1
ছিনালটাকে	1
সংকোচ	1
ইচ্ছামাফিক	1
উল্টালো	1
ডিমখাদক	1
তর্জমা	1
মালিকটাকে	1
ফটোফোবিয়া	1
স্লেজ	1
টেবিলক্লথের	1
রোবের	1
ডিসঅর্ডারের	1
রিসোর্টেরে	1
খাড়ি	1
একঘন্টারমধ্যেএকটাট্রেনআছে	1
নির্দোষতা	1
অতিমাত্রার	1
স্মৃতিকেই	1
এলবামে	1
সালুনের	1
জানালেন	1
কুয়াশাচ্ছন্ন	1
ঘটনাবলিই	1
প্রেমময়ী	1
সাহার	1
সাদ	1
সাজের	1
গিলেস্পিকে	1
মানসিকতাকে	1
জন্যদেয়ালে	1
ইচ্ছাশক্তির	1
হারহামেশায়	1
খুইয়েছিলে	1
ম্যানার্সে	1
নির্দোষতার	1
স্বল্পবসনা	1
প্রত্যক্ষরুপে	1
বিশ্লেষককে	1
সাইকোএন্যালাইটিক	1
রিভলভারটা	1
বিবরণের	1
তারুণ্যের	1
ব্যালেন্টাইনের	1
প্রেমাসক্ত	1
পরিচারিকাদের	1
উপেন্দ্রা	1
নিতিয়া	1
রাজেন্দ্র	1
প্রসাধ	1
ব্রক্ষ্মানন্দম	1
মানুষেরভুলহবেই	1
আমারওহয়েছে	1
অনুরোধই	1
প্রেরনাদায়ক	1
অাজো	1
হারাতো	1
মতামতগুলো	1
শেয়ারও	1
বড়ভাইও	1
অাত্মিয়রা	1
সাম্ভাশিবা	1
খুজলে	1
পকেটও	1
ভৈযাগে	1
ভৈযাগ	1
দূরত্বটাও	1
অাটকা	1
শেয়ারই	1
সাক্ষরে	1
আমেরপিটে	1
মার্সিডিজে	1
ছামুসা	1
অাংটি	1
পড়াবার	1
অাছেই	1
ডিবোর্সের	1
লটারিতে	1
ভাবীরও	1
জনও	1
গিপ্ট	1
চকলেটও	1
অত্তোগুলা	1
ফ্লাটের	1
মাপলে	1
শোরুমে	1
পাকিস্তানীরা	1
হাতলোনের	1
স্টাপ	1
ফ্রাস্ট্রেশন	1
প্লানও	1
আপনারএনগেজমেন্ট	1
লুঙি	1
অসম্মানেরর	1
পাঠিয়েছিলি	1
প্রতিশোধই	1
পরাবে	1
ন্যারা	1
পুরো	1
স্টাইলিস	1
দেবগণই	1
দুধরনেরই	1
কাটতেছি	1
বউমার	1
লিপস্টিকের	1
কিনেও	1
কাটাচেরা	1
স্যুগার	1
চলনভঙ্গি	1
অান্টি	1
অাড়ি	1
অকি	1
আউটার	1
উকিলবাবু	1
নানাক্রামগুডার	1
ডিজেলের	1
কার্যক্ষমতাও	1
বেয়কুপ	1
বুজনা	1
পারসো	1
যায়গাটায়	1
অাসেন	1
মূর্তিজী	1
বাধলি	1
ঘটকালি	1
এভারেষ্ট	1
পল্লবিকে	1
ভরনপোষনের	1
ভরনপোষন	1
কাদছিলো	1
জলও	1
কাদো	1
কেদেও	1
অাবেগী	1
কাদাঁর	1
বিরক্তকারী	1
উদারহন	1
প্রেরনা	1
ইতঃতস্ত	1
কৌরবরা	1
হেরেছিলো	1
অামন্ত্রন	1
উইস্কির	1
রাজবাবুর	1
ঘীলু	1
অামস্টারডাম	1
হর্টিকালচার	1
সাজেসন্স	1
চাবাবে	1
৩মাস	1
বরপক্ষকে	1
রামাম	1
সেন্টিমেন্টাল	1
বাঙালির	1
যোগেশের	1
যোগেশ	1
মিলিয়েছিলি	1
বেচারিকে	1
রামামকে	1
ট্যাবলেটও	1
অানলাম	1
সুগারের	1
অাসিনি	1
নাওও	1
স্যুটকেসটাই	1
লসের	1
১ঘন্টার	1
যোগেশই	1
অাংটিটি	1
মিশি	1
সুইটির	1
ভেঙেছিলো	1
পটালে	1
দুঘন্টা	1
পল্লবিও	1
দেয়ালকে	1
পুনর্বাসনে	1
অন্যেদর	1
মহাভারতের	1
কর্নের	1
ভ্যালুই	1
দামকে	1
হরিশ্চনদ্রের	1
সাথেরেখে	1
একছত্র	1
লঙ্কিনী	1
মূল্যনির্ধারণ	1
লব	1
কুশ	1
দাড়ানা	1
শ্যালকে	1
কাগজগুলোকে	1
অর্জিনালের	1
ধর্মরাজও	1
উদাহরনটা	1
দেসে	1
সামিরাকে	1
রেড্ডিয়ারপট্টির	1
যাত্রীগন	1
সিগনালেই	1
১০০র	1
বাধলেন	1
দেখলেনতো	1
নামতেছে	1
ভদ্রাম	1
দেবরাজও	1
ইংলিশও	1
শ্যালককে	1
অশিক্ষিতই	1
ভদ্রামই	1
সন্ধ্যের	1
শোবেন	1
হাসতেছেন	1
আনন্দর	1
ডালগুলো	1
ভীরাসীমা	1
কাঁটাচামমচ	1
ভয়তে	1
আমামাকে	1
পরলেন	1
ভাল্লিকে	1
মিলিয়েছিলো	1
স্নানে	1
কাদঁবো	1
কাদলে	1
সংস্কৃতর	1
ছাগলকেও	1
রকমভাবে	1
বাজীর	1
সপ্তাহভর	1
পৃথকভাবে	1
রেচের	1
সুপাররর	1
ফুটপাতেই	1
ভগবৎ	1
ডিসেল	1
ভরেছিলাম	1
ভাড়াটা	1
সিনেম	1
চাকুই	1
টেলি	1
সামাদের	1
বাচাঁন	1
বাচাঁনোটা	1
বাচানোটা	1
লাগছা	1
গর্দবের	1
ত্যাগী	1
প্রভাষের	1
মহালক্ষী	1
কমনসেন্স	1
দ্বিতীয়বারও	1
আসনু	1
শ্বশুরবাড়ির	1
গ্রাম্যরাতো	1
কুমারস্বামী	1
ভাবসেন	1
শালাকেও	1
কাদঁলে	1
বাখো	1
কোডা	1
বাধেঁ	1
হেয়ারস্প্রে	1
আশ্চর্যও	1
২নাম্বার	1
ভালোতে	1
চমৎকারে	1
শালাবাবুকে	1
কাপরওয়ালা	1
কেনছে	1
৩০টায়	1
৪০এ	1
৪৫এ	1
৫৫এ	1
চিত্রনাট্যই	1
লেখছিলেন	1
ভীরস্বামীর	1
ভগ্নীপতি	1
মারততে	1
ভাঙতো	1
যেপথে	1
অ্যমবুলেন্স	1
আম্রসার	1
কগজগুলো	1
ভালোদিক	1
মহানদিক	1
৪সপ্তাহ	1
কাদঁছো	1
ঢকমতো	1
দেবা	1
১০কোটি	1
সুইটিকে	1
ফিরসে	1
কোডাবাবু	1
মানুষমাত্রইভুলথাকে	1
তারব্যতিক্রমনই	1
নমস্কারআরোএকবার	1
ভালোথাকবেনআর	1
পড়ালেহা	1
জোগায়া	1
হুনছি	1
মতোনই	1
জাফিনা	1
ট্রতিজ্ঞা	1
জাফিনার	1
বিরাতে	1
মর্ডান	1
বদলাবিনা	1
খেলোয়ারদের	1
আঁকাআঁকি	1
আদ্রাপা	1
বিদেশিরা	1
টুরিস্টরা	1
যেলোক	1
আমিনিরে	1
কিনছিলো	1
আইজকাই	1
কুলসুম	1
আবুটিক্কা	1
ছিটকিনিও	1
রুমগুলিও	1
রুমগুলি	1
সটান	1
গেজাইলে	1
থলির	1
ভাল্ভ	1
পোলাপানরে	1
জিনিসপত্রেরও	1
গীতিকবিতাও	1
আপনেই	1
সয়াবিন	1
ভাজবো	1
করিসও	1
আনমু	1
জখন্য	1
লুক্সেমবার্গ	1
সেচুজান	1
খাইছিলি	1
লগেই	1
বৌও	1
হাসতাছিলো	1
হুইন্না	1
আপারে	1
জানাইয়া	1
ছ্যাড়াব্যাড়া	1
সিতায়	1
সিতা	1
হুদাহুদি	1
কইতাছিলাম	1
পাল্টাইবেন	1
স্প্রেও	1
চলেছিস	1
টাকরি	1
মাইয়াগুলা	1
সারারাইত	1
মেছেজ	1
ক্রিয়েটিভ	1
দিবোনি	1
আপ্নেও	1
নিছেন	1
পরমু	1
লাগবই	1
পোড়াইয়া	1
বেরাশ	1
করাইস	1
সইরেন	1
ভাগিস	1
স্কুটারও	1
ছাগলওয়ালা	1
টিক্কার	1
রাহিয়া	1
পাত্থুআসের	1
প্রথমই	1
ফেরেশতারা	1
গিয়েছেলি	1
চরিত্রই	1
পানিক্কার	1
নাকগলিও	1
কেউকেটা	1
কাথিরেন্মা	1
ভেনিমালা	1
অন্তদৃষ্টি	1
গানওয়ালা	1
বকেছে	1
বকেনি	1
বাড়িটায়	1
গতকালতো	1
ধোয়াটা	1
ট্যাকাডা	1
এইহান	1
ছেড়ি	1
মনডা	1
কসনা	1
ছেড়িগো	1
ডাকমু	1
পার্থজরেই	1
খানাতে	1
ঢালবি	1
মাইয়াডার	1
ভাইবাই	1
আপ্নেই	1
পরিদের	1
সাগররে	1
মাছেরেও	1
জেলেগো	1
ম্যাদালিনার	1
জোয়ারধারার	1
সাঁতরাইয়া	1
কানলো	1
মাঝেমইধ্যে	1
ঐবার	1
দেখাইছিলো	1
চাচ্চুরেই	1
পাউলিনা	1
পৌছায়া	1
রইছি	1
হইবই	1
রইছত	1
চোট্টা	1
সুজনের	1
সাথেরজন	1
মাইনষের	1
ডরাইতাছত	1
ডরানোর	1
বিলান	1
থানিয়ারে	1
একলোকের	1
পেডের	1
বৌডারে	1
মাইডারেও	1
প্রভাবশালি	1
তারজন্যে	1
আসামাত্রই	1
এঁটেছে	1
বাকিটুক	1
খুজাই	1
কুনোহানে	1
বাইকটাকে	1
চেহারাডা	1
কাইলকা	1
আপ্নারে	1
দিনেরবেলা	1
দিনেরবেলায়	1
বাড়িডা	1
আফনেরা	1
শাহিনা	1
ওদেকে	1
অগোচরেও	1
উসমানকে	1
থানিয়ার	1
ভান্ডারের	1
শুদ্ধকর	1
স্বামিকে	1
ঢ্যারাঢ্যারা	1
ফাজিলের	1
ভায়ার	1
মারিয়াম্মার	1
ভেংগাইস	1
মারিয়াম	1
থাকুপুকাল	1
থেরিসিয়াই	1
তীরেই	1
থেরিসিয়াদের	1
বর্ষাস্নাত	1
কুন্নজাপান	1
ছাক্কু	1
বলছিসই	1
ওইদিনও	1
থেরেসিয়ার	1
কাপছিলো	1
মূষলধারে	1
বৃষ্টিটা	1
কমলেই	1
একসা	1
প্রতিজ্ঞাটা	1
তেরিসাকে	1
চিরকুমার	1
মাক্স	1
মনিষী	1
প্রশান্তিও	1
কতবছর	1
ভেঙ্গিয়েছে	1
লাথিটাই	1
সাপেও	1
কাঞ্জিমারতমে	1
কিঃমিঃ	1
ভাট্টাবাদা	1
অতিতই	1
কানন	1
রিলেশনশিপে	1
অন্তসত্ত্বা	1
ট্যাকেট	1
বলাস	1
ঘোট	1
কামবাম	1
থেনিতে	1
এমবাসামুদ্রামে	1
নিউটাল	1
পাহাড়কে	1
থেরিসাকে	1
আশ্রয়হীন	1
পাউলসয়া	1
দাদিমাকে	1
গোছাচ্ছে	1
৭০তম	1
নিশ্চিন্তভাবে	1
ভাইলোগ	1
তাড়াইয়া	1
পাহাড়বাসি	1
থেরিয়াজ	1
ঝিনুকের	1
খোলশে	1
কাবালামে	1
ছাকু	1
সিস্টাররা	1
বেরোন	1
কুদামালর	1
কুরিশুমালায়	1
সিস্টারদেরকে	1
পুরোনে	1
গোলথি	1
ডায়েবেটিস	1
মনিমালা	1
তাপইকাও	1
গাছটাতে	1
সেগুলোতো	1
যাইবেন	1
কুঞ্জাপ্পান	1
এতোদুরে	1
নিদির্ষ্ট	1
চিন্তাধারাটা	1
ফাজিলদের	1
থ্রিশুর	1
পাম্পাদি	1
রাজনরা	1
আদিত্য	1
আরিপা	1
কুনামকুলাম	1
ইতিকুরা	1
পাপান	1
কাঠমুন্ডুর	1
গোকারনাম	1
দেখাকরি	1
কুঞ্জাপানের	1
বয়েসেই	1
সেমিনারিতে	1
এক্ষুনী	1
থিরু	1
পন্ডিতে	1
তেসাটা	1
অইবো	1
পড়ূক	1
কষা	1
ওয়েটনিকে	1
হারমিউস	1
অধৈর্য	1
গাড়লাম	1
কৃপায়	1
নিরক্ষর	1
নিয়েছিলে	1
কার্নিভালের	1
ঝাঁকাও	1
মিরাট	1
গোয়ালিয়র	1
ঝাঁসি	1
পাতিয়ালা	1
অমৃতসর	1
জয়পুর	1
আম্বালা	1
বরোদা	1
দেরাদুন	1
শাশুড়ি	1
রেস্টলিং	1
মাননীয়	1
বস্তুসামগ্রী	1
গালাগাল	1
উত্ত্যক্তকারীর	1
ভাড়াটেদের	1
পড়াশোনা	1
ত্রিবেদী	1
বলতঃ	1
প্লেয়ার	1
খাচ্ছিলেন	1
ফ্রায়েড	1
বিরিয়ানি	1
শাকসব্জী	1
হয়োনা	1
শ্রীকৃষ্ণ	1
ছাড়ছি	1
আন্তঃসীমান্ত	1
আগুন্তুক	1
বিদ্যুৎস্পৃষ্ট	1
স্তন্যপান	1
বিএসএফ	1
বালিয়াড়ী	1
লঙ্কাবাটা	1
ওয়াগাহ	1
ইউসেফ	1
ইসলামাবাদ	1
আলীপুর	1
মহাসড়কে	1
কাশ্মিরে	1
সুন্নত	1
ধড়াচূড়া	1
যবনিকা	1
অসাধুতা	1
মারদাঙ্গা	1
মাজার	1
যত্নসহকারে	1
অনারিং	1
প্রতিবেদক	1
ঘটিয়েছে	1
ইউসিফ	1
তোমাদিগকে	1
অল্পসংখ্যকই	1
আজহার	1
প্রোফাইলঃ	1
পোছানোর	1
শাহিদার	1
বাজ্রাংবালিতে	1
চেহেরাতো	1
অর্ধেকটাতো	1
দোকানদারকে	1
হারিয়ালি	1
করেবেন	1
হিন্টসতো	1
এম্বাসির	1
এম্বাসি	1
গভিন্দ	1
বাজ্রাংবলির	1
হাজারি	1
ডিবির	1
বাজ্রাংবালিকে	1
মরিচবাটা	1
শাকও	1
হাতকড়িও	1
পাকিস্তানেও	1
খাত্না	1
ঠিকানাতো	1
ফোনতো	1
জারনালিস্ত	1
ভিতরেতো	1
পলিশের	1
ঘরতো	1
নামেইতো	1
কুরুকশেত্রা	1
বান্ধা	1
বাজ্রাঙ্গিকে	1
বুজেছেন	1
ম্যাচটিতে	1
ব্যাটসম্যান	1
শহী্দ	1
জিতাতে	1
আফ্রিদির	1
বাউন্ডারির	1
নিজাম	1
ওলীর	1
ফিরেনা	1
সাহিদা	1
জ্যোতিময়	1
আন্তরে	1
বদ্ধতা	1
সুমুন্দি	1
লাড়কী	1
ইইইইইইইইইইইইই	1
হবিনা	1
পূর্ণতার	1
হৄদয়ের	1
চাইগো	1
পরশে	1
স্বপনের	1
এতাহ	1
কলমগঞ্জ	1
মুনন	1
হারিয়াল্	1
খাওয়ারে	1
বুটি	1
শোর্বস	1
অনশন	1
মন্দি	1
অযধ্যা	1
প্রতাপগঞ্জ	1
মুরাদাবাদ	1
ঝুমরি	1
তালাইয়্যা	1
আসানসল	1
ক্রিজে	1
ফিল্ডার	1
কিস্তান	1
দয়ালদাতা	1
এম্বেসি	1
হুনুমানকে	1
এম্বেসিতে	1
বালিকে	1
দূর্গম	1
শালগম	1
বুবু	1
সালামা্লেইকুম	1
মুটু	1
চাম্মো	1
দিওয়ানি	1
ইয়ারকি	1
ওটই	1
সালামালেই	1
আরশাদ	1
খৎনা	1
কৄতজ্ঞ	1
বাজরাংবালির	1
ভাতরে	1
রংয়ে	1
আলিপুর	1
করহে	1
৬বছর	1
বাজরাংগি	1
আন্তর	1
বাজরাঙ্গিকে	1
ছাড়বিতো	1
স্বজনে	1
স্বা	1
বেলগ্রামে	1
ছয়শটি	1
স্যাটালাইটের	1
স্কিডের	1
চপারের	1
গজফিতা	1
সেন্ডার	1
১৯০০	1
এংকরাকা	1
কেঁপেছিল	1
হিরোশিমায়	1
সাউদান	1
চিলির	1
বেলাডেবিয়ায়	1
হিলো	1
হাওয়াইকে	1
টেটনিক	1
চপারটার	1
করেছটা	1
টানাহ্যাচড়া	1
মার্টিনেজকে	1
এলগিন	1
ভুমিকম্পেরে	1
তেইশটি	1
পঁয়ত্রিশ	1
হোভারড্যামের	1
ত্বত্তের	1
দেরাজের	1
ওয়াড্রবের	1
মমকেও	1
অনুভত	1
একলাফে	1
ভুমিকম্প	1
হাভাসু	1
নিডেলস	1
ব্লেথ	1
লজ	1
ডিপার্মেন্টও	1
কমতেও	1
বাড়তেও	1
থিয়েটরে	1
ম্যাচও	1
ত্রিশের	1
হাজেরখানেক	1
আগামবার্তা	1
কলোরোডা	1
ভূতাত্ত্বিকভাবে	1
ভূমিটা	1
ড্যাডর	1
আর্কিটিক্ট	1
এত্তগুলান	1
ফেলিসস	1
ওয়েস্টোনে	1
দুইধাপ	1
একশোগুন	1
ভবনটিই	1
ফাটলগুলো	1
লিমোতে	1
বিমটি	1
সাচ্ছন্দে	1
রেটের	1
ফল্টলাইনের	1
ইন্সটিটিউট	1
রাষ্ট্রবিজ্ঞানে	1
ল্যান্ডলাইন	1
ম্যালোরির	1
ম্যালরি	1
ধ্বংসবশাষের	1
ধাক্কাটি	1
এঞ্জলসের	1
সাউদার্ন	1
রাজ্যই	1
অনুভুত	1
প্রডিউসার	1
হায়েসের	1
ভূতাত্ত্বিকদের	1
ক্যালোফোর্নিয়ার	1
আফটাশক	1
হারাতাম	1
জীবনটি	1
কাটাইনি	1
আটানব্বই	1
টুপিটি	1
সম্পর্কটি	1
র‍্যামবোর্ড	1
প্রস্তুতকৃত	1
তিনবছর	1
হেলিকপ্টরে	1
ল্যান্ডলাইনের	1
টেকটিক্যাল	1
হিলেই	1
এম্বারকাডো	1
এটিএনটি	1
লরেন্সের	1
ভলান্টিয়ারের	1
ফাটলটি	1
ফ্রানসিস্কোবাসিদের	1
স্কেলে	1
সমূহে	1
নাপা	1
মন্টেরি	1
দেড়ঘন্টা	1
ভূতাত্ত্বিকবীদরা	1
প্লেটগুলোর	1
বিতরণের	1
স্বেচ্ছাসেবকরা	1
আকাশযানের	1
বিরক্তিসূচক	1
কাপুরুষতায়	1
পলায়ন	1
মিল্কিওয়ে	1
পৌঁছাচ্ছি	1
জিনিয়াসরে	1
খাবারটির	1
ভেজাইল্যা	1
১৭৯	1
সেকারনেই	1
এককাপ	1
বার্বাডোস	1
১৯৫	1
নরবার	1
পাঠাইস	1
বাটনটার	1
জাতিরে	1
কাঠটি	1
ফাটিও	1
বন্ধুত্বপ্রিয়	1
পালানোও	1
খুইজ্যা	1
গ্রহটারে	1
ফালাইছিলাম	1
ক্যমনে	1
বুভদেরকে	1
ভদ্রবুভগন	1
পাসওয়ার্ডকে	1
ইতরটার	1
বলেনারে	1
খুঁজুক	1
লাগবোই	1
পাঠাইয়া	1
গন্ধটাও	1
বরারর	1
দ্রুম	1
কার্যকরি	1
পোষে	1
হুশহাশের	1
স্মেককে	1
অকর্মটা	1
লিবার্টিকেও	1
ন্টা	1
জুতাচোর	1
বাংলাতেই	1
পাসওয়ার্ডটিই	1
কাতারেই	1
বুভরে	1
হালাইছো	1
শুনাইলি	1
আইনা	1
পলাতকটাকে	1
পাসওয়ার্ডটি	1
বুভে	1
নাজানি	1
আরছ	1
আগালো	1
কইছচ	1
কাইট্টালাবে	1
মাইরালাবে	1
ইবলিশ	1
পাগালামি	1
প্ল্যানগুলো	1
বুভটা	1
স্মেকল্যান্ডে	1
ক্যাপস	1
আমারমমকে	1
গ্রাচুইটি	1
চিন্যা	1
অইবে	1
পাঁচেক	1
গণা	1
ফাটকে	1
ভরুম	1
কইতেই	1
রোধকটা	1
মারতাছে	1
নাগালও	1
বাচাইতে	1
যিতে	1
পুম্প	1
পলাইতে	1
চিত্রশিল্প	1
গানিতিক	1
৯৩৪৮	1
মেকুর	1
ভূলগুলোই	1
ভুলানাথ	1
স্মেকল্যান্ড	1
আর্থল্যান্ডে	1
বার্বাডসের	1
ভুত্নি	1
আমারমমে	1
শরবতও	1
গাওয়ায়	1
মেকানিজম	1
শিপও	1
পঙ্খীরাজের	1
স্লাশিয়াসকে	1
স্মেকও	1
পালানোতে	1
মাদারশীপ	1
জানসই	1
মিশেছিলাম	1
প্রাপ্যও	1
হাশহুশ	1
হুশাহাশ	1
বুউইয়াহ	1
টিপ্পি	1
একদন্ডের	1
বুভরাই	1
শোধরাচ্ছি	1
খুঁজবেই	1
গর্গটাই	1
পিগক্যাট	1
জিক্স	1
শইল্লের	1
নড়তাছে	1
মিল্কিওয়েতে	1
ব্লুরে	1
আপলোডঃ	1
কলাই	1
প্রত্ন	1
উন্থানের	1
ডায়নসরদের	1
তাৎকনিক	1
এহেম	1
চিরতরেই	1
চছু	1
সওদাগরের	1
প্রচেষ্টাই	1
লক্ষ্যহীন	1
বলহীন	1
মনোবলই	1
গুহোর	1
মরীয়া	1
ডিপজলকে	1
কলাটিকে	1
আলোহার	1
এন্টেনায়	1
স্পোন্সোর্ড	1
মিলনমালা	1
প্রভাষক	1
খল	1
ছুটিতেই	1
অর্লান্ডোতে	1
পাইবেন	1
ভাইয়্যা	1
সাদ্ধমত	1
ওয়েনে	1
প্রাণীগুলোও	1
চোখো	1
বাড়ন্ত	1
রাতারাতিই	1
কত্তগুলো	1
বুটকু	1
আলতা	1
পলিস	1
ভিলেনপুর	1
ছ্যাঁচড়ামি	1
বাটপাড়ের	1
অলংকারটি	1
পদটি	1
ওউফ	1
টিইইইইইইইইইইইইইইম	1
সুযোগটি	1
০১৭৫৩৩৩	1
মিসড্	1
পাখিটাও	1
সেক্সপিয়ারের	1
সুপের	1
উয়ু	1
কুকারাচা	1
ইংল্যান্ডকে	1
নেপালি	1
হেন্রি	1
টানির	1
সেভেন্থ	1
স্টুপারম্যান	1
পিটস্টু	1
হ্যিপ্নো	1
হ্যিপ্নোটাইজ	1
গপ্পটা	1
গপ্প	1
বান্ধবরাও	1
নেকড়েটির	1
মিশত	1
মুকুটটিই	1
ছানাগুলোকে	1
ছানাগুলো	1
ঝোঁকা	1
কেতরাপাইন	1
প্রিও	1
মেনিক	1
মতিন	1
মুকুটা	1
কোচটি	1
লেদাটাকে	1
লেদা	1
চুটকিয়াটাকে	1
পাচ্চি	1
হৌলদা	1
ব্যাকিংহাম	1
হুররাহ	1
য়েহ	1
টুনটুনি	1
গেন্দা	1
শালীনতার	1
মাথামুটোরা	1
রাজাসন	1
ওয়েস্টমিনিস্টার	1
অভদ্রভাবে	1
বিশ্বেও	1
ইংল্যান্ডকেই	1
হ্রিদয়টাকেও	1
পুরষ্কারই	1
খাইয়্যে	1
মিনিয়নেরা	1
আকামো	1
জল্লাদদের	1
হামেশা	1
রতনেরা	1
বেদন	1
খারাইয়্যা	1
হার্বই	1
ধোর্জের	1
মাইরালার	1
খারায়ালা	1
মাজাক্কালি	1
টেফিটা	1
আর্মোর	1
ড়ি	1
টুনে	1
পুচিকে	1
আহহা	1
মৈামাছি	1
মহত্তের	1
শালিক	1
চুটকিটা	1
দাঁতকেও	1
স্টুয়ার্টকে	1
ইনিশিয়েটেড	1
ডুপার	1
ইয়েপি	1
গর্বানুভুতি	1
মতিনা	1
পাবে২০১৭এর	1
শয়তানীতে	1
ডেস্পিকেবল	1
গর্ভদ	1
উঁ	1
মূহুর্তেই	1
মিনিয়নদেরকে	1
হ্যাঁচ্চো	1
জীবনরীতি	1
কলাটি	1
ডরাইতেছস	1
সোরে	1
ওম্মা	1
ধরছস	1
ভলবাসা	1
স্টুয়ার্টও	1
নাড়াছাড়া	1
ভিনেল	1
পৃষ্ঠপোষকতায়	1
পাপায়া	1
ওয়েনিতে	1
পিচ্চিগুলোও	1
নেলসনস	1
শিখছই	1
প্রতিদ্বন্ধি	1
ইয়াআআ	1
দ্যুমো	1
স্যুমো	1
লীলাভূমি	1
ওরল্যান্ডোতে	1
লাআআআ	1
কপিকে	1
গ্রেটদের	1
টিমমম	1
এইসকল	1
হ্যালোওওও	1
বাবুতা	1
শেকসপীয়ারকে	1
হলদেটে	1
শূন্যতাকে	1
পোড়ামুখীটাই	1
স্টুপার	1
আবিষ্কারটি	1
হিপনো	1
হিপনোটাইজ	1
নাড়ল	1
শুকরসহ	1
কর্পদহীন	1
শুকরগুলোকে	1
নেকডেটি	1
মুছড়ে	1
শুকরছানারা	1
বদমাইশেরা	1
ভেঙ্গানো	1
মিথ	1
জন্ডিসে	1
বার্কিংহাম	1
হুররর	1
সমারোহে	1
কাঁদত	1
রুচিশীলতা	1
বর্গক্ষেত্র	1
স্থলাভিষিক্ত	1
ওয়েস্টমিনিষ্টার	1
অ্যাবিতে	1
ইংল্যান্ডই	1
প্রাপ্যই	1
ভূগর্বস্থ	1
অনুমেয়ই	1
উজ্জ্বলরঙ	1
কটিদেশের	1
মিশ্রণে	1
বাঞ্চনীয়	1
ওয়েভিং	1
অর্গানিষ্টটা	1
এডনার	1
এডনা	1
প্যাড্রে	1
মৃত্যুদন্ডের	1
আগুন্তকেরা	1
দাঁতগুলোকে	1
পিচ্চিগুলার	1
বাটনটি	1
ঠেলবেন	1
হাতলটি	1
কেভিনই	1
ইয়াআআআ	1
এগস	1
কেভিনকে	1
ইয়েএএ	1
বন্ধ্রুরা	1
অভ্যার্থনা	1
সবশষে	1
সাহাসের	1
উৎযাপন	1
আগুন্তক	1
সুপারভিলেন	1
প্রানীগুলোও	1
ওরলান্দোতে	1
বিল্লিগুলো	1
বেডটাইম	1
শুকরছানা	1
শুকরছানাকে	1
তৈ	1
নাহিদ	1
সাবটাইটেলের	1
এজয়েনকরুন	1
এলাইকদিয়েওনতুননতুন	1
সাবপেতেপারেন	1
রৌদ্রোজ্জল	1
গ্যালির	1
রানারদের	1
রানাররাই	1
বিল্ডার্স	1
বান্নার	1
লতাটা	1
ইনফেকশনটা	1
বাঁশগুলো	1
উঠিয়েই	1
ফালাইছ	1
রানাররা	1
গ্রিভারের	1
বঝাতে	1
গোলকধাঁধাটা	1
গ্রিভারটাকে	1
কাছথেকে	1
বাক্সটাও	1
বিদঘুইট্টা	1
কানাগলি	1
বেরুবার	1
জার্ট	1
অন্যপাশেই	1
দেখানর	1
মরনপন	1
সেকশনগুলো	1
ক্যাটাসট্রফি	1
কিলজোন	1
রাগত	1
বহির্বিশ্ব	1
গিলেছে	1
পিচকু	1
ওউউউ	1
যাতো	1
এউটাস	1
ওওওউ	1
হেনরিয়েটা	1
ফুটলেস	1
পঁচবে	1
চুরিও	1
মার্কটা	1
তেরছা	1
তেরসা	1
ছাওরা	1
ভিতু	1
লিবির	1
উঘঘ্	1
পুচকা	1
ডিসট্রাকটর	1
ক্রাশার	1
গ্রুবি	1
হেমোরয়েড	1
স্কুয়ার্ট	1
স্টিঙ্কি	1
লুনেটিক	1
বর্ষনে	1
হইলদা	1
ভুতমা	1
ধুসসসস	1
হুইই	1
রাসলারকেও	1
রাসলারদের	1
হাউডি	1
লারলিন	1
বুব্বাহ্	1
পারভিস	1
প্রবেশকারীকে	1
ফাইনডার্স	1
কিপার্স	1
ইয়েইই	1
হাআআ	1
ক্রিটারকে	1
লয়ের	1
সুচালো	1
হ্যাচকা	1
ওহাআ	1
চিবানো	1
পাঁচদিন	1
জম্মগত	1
পালটাকে	1
ওহাওওও	1
স্পটের	1
প্যারিসকে	1
গাতকের	1
ভালওবাসে	1
হঠার	1
ছবিসহ	1
ওমানকস্কি	1
ডেভিলস	1
ওমানকোস্কি	1
সিনিয়রের	1
এক্রোব্যাট	1
শব্দহীন	1
জানানোটা	1
প্রকাশেরও	1
পারফর্মারের	1
হাটতেসি	1
প্রদর্শনীই	1
ভাঁড়	1
হাঁটলে	1
জুটতো	1
তারটাকে	1
আকাশছোঁয়া	1
এনির	1
এনিকেও	1
শিল্পীই	1
মাস্তুলের	1
বাফার	1
নড়ানড়ি	1
ধাপগুলি	1
উপদেশটা	1
ম্যাপেও	1
জলাভূমির	1
গানবাজনার	1
টার্নটেবিল	1
স্বরের	1
কলকল	1
ধরারও	1
রুডির	1
সেইনে	1
নটরডেমের	1
সুতাটাকে	1
সকালবেলায়	1
রচয়তা	1
ফিলিপঃ	1
এনিঃ	1
শেশ	1
লক্ষণই	1
শূন্যতাই	1
ইংরেজিতেই	1
ওগুলিকে	1
লম্বি	1
আনুভূমিক	1
কাভালেটি	1
ক্ল্যাম্পে	1
প্রশস্ততা	1
বল্টুতে	1
বিল্ডিংটার	1
বিরা	1
আধখানা	1
কাভালেটিতে	1
ওয়্যারে	1
হাটতেন	1
ফ্রাঁসোয়া	1
ছত্রিশ	1
৮১কে	1
৬ই	1
পলিপ্রপিলিন	1
হেম্প	1
রেঞ্চেস	1
মেজারস	1
টাওয়ারই	1
টুলজ	1
কেজান	1
আর্কিটেকচার	1
বোঝাইকারির	1
তদ্দিনে	1
ক্রাচটা	1
উচ্চতায়ও	1
টুলেও	1
ইন্টারফোন	1
বোক	1
চন্দর	1
তারওয়ালা	1
পিয়েরে	1
বসানোয়	1
আলমিরার	1
ক্রাইস্লার	1
প্রমোদভ্রমণ	1
এলবার্টকে	1
মিলনস্থানে	1
দড়িটাও	1
সম্পর্কীয়	1
৩৬৫টা	1
শাকসবজিকে	1
শাকসবজিতে	1
দড়ির	1
অযত্নবান	1
লুইকে	1
আটাচে	1
ওগুলিতে	1
রাখালবালকেরা	1
৮২তলায়	1
ডেলিভারিই	1
কালাব্রিজ	1
কালামারি	1
ভরায়া	1
নিক্সন	1
মরগানের	1
ফরাসীদেশের	1
লোকগুলাকে	1
বিদ্যুতায়িত	1
ইন্সুলেটরের	1
ইন্সুলেটর	1
ওয়্যারিং	1
কমেডাস	1
গাইলাইন	1
বীমের	1
টকিকে	1
সঙ্গিহীন	1
হলটা	1
হাতদুইটা	1
দুলাতে	1
বাইনোকুলার	1
মাপবো	1
গারবোস্কি	1
পেপারনি	1
এংকর	1
বসিয়েছ	1
৯৬কে	1
প্রাইভেটে	1
ছিঁড়াবিড়া	1
গলাবদ্ধ	1
তারটাকেই	1
অসীমের	1
তক্ষুনি	1
অনুভর	1
কাভালেটির	1
উলটানো	1
বলটু	1
টাওয়ারকে	1
শান্তিদায়ক	1
১০০টি	1
কুঞ্চিত	1
ফুরায়নি	1
উত্তোলক	1
ফরাসিগুলাকে	1
নিজেক	1
পেতিতকে	1
লক্ষ্যস্থির	1
দুটিকে	1
সেট্রাল	1
টোজলিকে	1
অবজার্ভেশন	1
চিন্তাগুলি	1
অনুভুতিরা	1
প্যাকের	1
পশুপাখিরা	1
হয়আন	1
রাজ্যেই	1
সুখীই	1
সুসময়ের	1
গাইছিলাম	1
মার্সাস	1
গিল্ডের	1
সেপাই	1
বুদ্ধিসম্পন্ন	1
জিতিয়েছে	1
মেটিল্ডা	1
বোনেদের	1
লেইসফিতা	1
ব্যাতিক্রমী	1
লেইস	1
গাত্রবর্ণের	1
চিলেকোঠা	1
ঝগড়াঝাটি	1
সৎবোন	1
পঞ্জিকা	1
লেইসের	1
বিষয়টাও	1
এলাকেই	1
দয়াবশত	1
এলাকে	1
বন্ধদেরকে	1
ফায়ারপ্লেসের	1
সিন্ডারওয়েঞ্চ	1
প্রাণীতে	1
পাওনার	1
যেনে	1
সময়ানুবর্তীতা	1
হরিণটাকে	1
চোমড়া	1
অভিজাতদের	1
এগোচ্ছেন	1
বালিশও	1
কিটকে	1
আটকাবোই	1
দর্জিকে	1
অ্যানাস্তেসিয়ার	1
ড্রিসেলার	1
সজীবতা	1
অনুষ্ঠানেও	1
সুবিধার্থে	1
নবিস	1
ছলনাময়ীর	1
বাহিরেরটা	1
বানাচ্ছিলেন	1
সহযোগিতাও	1
নয়নের	1
মণিরা	1
হলপ	1
করবেও	1
কুমারীকেই	1
কাঁধটা	1
মান্ধতার	1
দুধই	1
অনুগ্রহটাই	1
খরমুজ	1
বাঙ্গি	1
থকথকে	1
ম্যাজিকটা	1
গাড়োয়ানটাকে	1
রাজহাঁস	1
সাজটাই	1
ঝাড়বাতিগুলো	1
ফুজিয়ান	1
সেলজক্স	1
শাহর্জাদ	1
শাওনার	1
ইমানি	1
ক্রিসেন্থেমাম	1
হিনা	1
ভেনেরিং	1
কন্যাদেরকে	1
মেজেজে	1
শিক্ষানবিসও	1
ব্লডউইন	1
রাজকুমারও	1
সেলিনার	1
বাগিচা	1
রাতটির	1
বেছেছ	1
হাঁদার	1
আলসের	1
কুৎসিতের	1
দেখাতেও	1
ঝেটিয়ে	1
চয়েসই	1
যারগোজার	1
কন্যাদের	1
লোকটাকেও	1
ড্রিসেলাকে	1
মেয়েদেরকেও	1
পায়েই	1
যেমনিভাবে	1
ভেড়াদের	1
সম্পদও	1
সিন্ডারেলার	1
সাথা	1
রদবদলের	1
ডেনবিগ	1
ইন্টেলিজেন্সকে	1
স্কাইফল	1
সাজাওনি	1
জানাজায়	1
সিয়ারাকে	1
বসিয়া	1
মন্ত্রীপাড়ার	1
টোকিওতে	1
নিরাপত্তাব্যবস্থা	1
আমাদেরটাসহ	1
প্যাঁড়ায়	1
হোয়াইটহলে	1
বসছিলো	1
ন্যানোটেকনোলজি	1
রিডিংগুলো	1
ভেলকিও	1
স্টিয়ারিংটা	1
বিড়ালগুলোর	1
কভারেজে	1
পড়তি	1
পাঠাবোনে	1
ডিবি	1
দেরিই	1
বাঁচেন	1
মওতনামা	1
সংস্থাটা	1
পালাৎজো	1
কারদেঞ্জায়	1
ঢুঁ	1
কাটাতো	1
ফিলিক্স	1
লুচিয়া	1
এইচআইভি	1
অনকোলজির	1
পাচারবিরোধী	1
কিংকে	1
উত্তরসূরী	1
তিউনিসিয়া	1
সংস্থাই	1
মোড়ল	1
প্রস্তাবটির	1
সর্বসম্মতি	1
চেলসিতে	1
বাহাদুরিই	1
আফ্রিকানদের	1
সুপথে	1
লেগেছেই	1
নজরদারিটা	1
জনগুরুত্বপূর্ণ	1
এজেন্টদেরও	1
সোজাসাপ্টাই	1
সোরবঁ	1
ডক্টরস	1
বর্ডারসের	1
কাউই	1
ঢালছেন	1
দেখানে	1
মৃত্যুসংবাদ	1
প্রোলিক্টিভ	1
টাইবার	1
প্রোটোটাইপটার	1
মানিপেনির	1
ক্যারিয়ারও	1
বরফধ্বসে	1
ঠাটা	1
পেভসনার	1
প্রোলেক্টিভ	1
সংস্থাটার	1
ওবারহাউজারের	1
ঢলাঢলি	1
কথাটাকে	1
তোখ	1
মারামারিই	1
অন্যেরাও	1
দেখানোও	1
অ্যাপেটিরিফ	1
ডার্টি	1
পাদ্রীগিরি	1
১৯৪৮	1
ধূমকেতুর	1
কার্টেনহফ	1
ধূমকেতুটা	1
ভরবেগ	1
পুনর্মিলনী	1
সরকারীভাবে	1
লিন্ডের	1
চিলো	1
বুঝতো	1
কতভাবে	1
স্কী	1
ফিউজিফর্ম	1
জাইরাসের	1
স্পেক্টারের	1
সদ্যমৃত	1
এমকে	1
কেয়ারলেস	1
তোমারগুলো	1
জগতেই	1
মূল্যবোধের	1
ম্যালোরি	1
বহিরাবরণ	1
নাড়িও	1
এস্তেলি	1
খুঁলির	1
থুতুনির	1
মার্সেনারি	1
চ্যাপলিন	1
হুডিটা	1
টুডু	1
দিমিত্রি	1
ম্যাপটার	1
জ্বালিয়েছি	1
কনফিউজিং	1
এটকা	1
ওলগা	1
কাটয়া	1
আাশাই	1
পাওনাটা	1
এস্তাইলকে	1
কেজে	1
আকান	1
তোরটার	1
মুহূর্তটুক	1
স্বামীতো	1
রিবুটের	1
চাচ্ছেটা	1
জোৎনার	1
ভাঙ্গলে	1
পুনরুজ্জীবন	1
ঢেলেছিল	1
প্রাইজের	1
নীতিশাস্ত্রের	1
সাইবর্গদের	1
টুকি	1
থিওরিমতে	1
হিপ্পি	1
একটুখানিই	1
পেশিতন্ত্র	1
ক্যাডিওভাস্কুলার	1
বুস্টেড	1
কুরিয়াম	1
২৪৪	1
অ্যাটোমিক	1
উন্মেচন	1
একটান	1
স্প্রিডে	1
মাড়িয়েছে	1
প্লেতে	1
স্কানে	1
প্রোটো	1
পচিঁয়ে	1
ল্যাবটাকে	1
পাল্টিও	1
হাতিতে	1
কর্ণেলের	1
দোলে	1
ক্ষেপিও	1
রোডটায়	1
কনফেশন	1
দিমিত্রিকে	1
রক্তি	1
বুস্টারটা	1
ভীতুটা	1
গিলবে	1
খাইয়েছ	1
টিপবে	1
দৌড়বে	1
ভয়েসমেইল	1
পরিষেবায়	1
সেইসঙ্গে	1
অস্টারলি	1
উপরাষ্ট্রপতি	1
ড্রাকার	1
খরচাও	1
অংশীদারেরা	1
স্টেগোসরাসকে	1
খননকারীরা	1
উপভোক্তারা	1
আওয়াজওয়ালা	1
দাঁতযুক্ত	1
সংযুক্তিকরণ	1
জিনতত্ত্ব	1
চালিয়েও	1
প্রাগৈতিহাসিকতার	1
লেজটি	1
সাইটোসিন	1
গুয়ানিন	1
অ্যাডেনিন	1
থাইমিন	1
বোনপো	1
রাত্রেও	1
ডলারেও	1
বর্ণসঙ্কররের	1
ভেরাইজন	1
প্রান্তরগুলো	1
প্যাকিরাইনোসরাস	1
পেপসিসরাস	1
টসটিটোডন	1
বেড়াগুলি	1
প্যাকি	1
কারফেন্টানিল	1
ওটুকুতেই	1
ওড়াচ্ছেন	1
পরিতৃপ্তির	1
হেলিকপ্টারটিকে	1
খরচার	1
পিছুপা	1
দেওয়ালগুলোকে	1
সহোদর	1
শৈশবেই	1
সহোদরটা	1
খাঁচাগুলো	1
হ্যামন্ডও	1
পাঠাচ্ছিলে	1
আটকাচ্ছেন	1
নিয়ন্ত্রণও	1
মাতব্বরগুলোকে	1
বিশ্বস্তদের	1
সড়াবে	1
ট্রাইসেরাটপসটা	1
ঝোলাটিকে	1
ব্যাচেলার	1
রেক্সকে	1
বাংলোয়	1
বেড়াটা	1
নিয়ন্ত্রণই	1
টাকিলাও	1
ডায়েটেই	1
মোসাসরাসও	1
মোসাসরাসকে	1
কর্মসূচিতে	1
আর্কেঅরনিথোমিমাস	1
র‍্যাপ্টরগুলোও	1
সহোদরদের	1
কপিকলটার	1
সুষ্ঠুভাবে	1
ইস্তাহারে	1
চলতেও	1
ডাইনোসরটা	1
উকিলগুলো	1
মিশনটিকে	1
বাঁধেনি	1
খাদ্যতালিকায়	1
১৩৪	1
গবেষণাগারের	1
কলাগুলো	1
কোষপর্দা	1
সংরক্ষকের	1
সওয়ারিতে	1
মনোরেলের	1
জিনতাত্ত্বিক	1
কাটলফিশের	1
কাটলফিশে	1
ক্রোম্যাটোফোর	1
ব্যাঙেরা	1
শব্দটিই	1
মন্তব্যে	1
প্রবৃত্তিগুলো	1
শূন্যস্থানগুলিকে	1
ক্যানারির	1
জাইরোস্ফীয়ারে	1
ডাইলোফোসরাসের	1
ফোঁটাতেই	1
অক্সিনাইট্রাইড	1
গুলিকেও	1
জাইরোস্কোপিক	1
রিসরটে	1
বোনপোরা	1
উপত্যকাতেই	1
বোনপোদের	1
অ্যাঙ্কাইলোসরাস	1
গণিতজ্ঞ	1
জাইরোস্ফেয়ারে	1
দেশলাই	1
র‍্যাঙ্গলার	1
র‍্যাপ্টরগুলোকে	1
র‍্যাপ্টরগুলো	1
ভেলোসির‍্যাপ্টরকে	1
ইন্সট্রাক্টরকে	1
দক্ষিণদিকের	1
বায়ুসেনা	1
ওড়াচ্ছে	1
দক্ষিণদিকে	1
পক্ষিশালার	1
মিস্রানির	1
ইন্ডোমিনাসের	1
তাইই	1
জলজাহাজ	1
পৌঁছচ্ছে	1
ভেলোসির‍্যাপ্টাররা	1
কুড়ুল	1
টোরা	1
সরাচ্ছি	1
ভ্রূণগুলো	1
স্বাস্থ্যকেন্দ্রে	1
দোকানগুলোয়	1
মার্গারিটাভাইলে	1
রুপাদানকারী	1
পদ্ধটি	1
বটকা	1
হওঁ	1
দও	1
অবিশ্বেস্য	1
ঘামিয়	1
নড়েছিস	1
যৌনসঙ্গমে	1
কম্প্রমাইজ	1
গাধাঁ	1
ফান্সি	1
ওয়েনির	1
পেইয়ে	1
জড়াইনি	1
৩০দিন	1
জরানোর	1
যোগাজোগ	1
অস্রধারী	1
পয়েছে	1
নীলটি	1
ব্যাবহারহীন	1
যন্ত্রনাহীন	1
দূরদর্শিতার	1
ব্যাকাপ	1
এখণও	1
নরাচড়া	1
আমাড়	1
ভডিওটা	1
হটেল	1
ইবোলা	1
আউটব্রেক	1
সংস্করন	1
পসেস	1
মায়েটিকে	1
হহয়ে	1
ফারনেল	1
ব্যাড়িকেড	1
ডেক্সটপ	1
ব্যংকে	1
প্যাকেজটি	1
লাবিশ	1
ফেলস	1
দাঙ্কফ	1
৭৪১৫	1
গ্লিন	1
এভিনিও	1
ভালকরেছ	1
মেথও	1
পিন্ডারকে	1
ভ্যামপাইয়াররা	1
কুড়মুড়	1
খেলনাগুলো	1
ভুলেগিয়েছি	1
মম্মির	1
ফুলারের	1
বিদ্রুপাত্তক	1
মেথিওর	1
যৌক্তির	1
ম্যাক্ষাথার	1
জেফেরসন	1
ডুকিয়েছে	1
এক্সিউজ	1
মুর্খদের	1
কোটটি	1
এগুলে	1
টুসি	1
প্রবেশকারী	1
সম্পুর্নরুপে	1
উইন্ডশীল	1
ব্যাক্তিত্ত্বের	1
একজণ	1
ফ্রীলেন্সীং	1
মেম্মবারদের	1
প্যালেস্টাইনের	1
কর্তীপক্ষের	1
মোসাদকে	1
বিরঙ্গনা	1
উদ্বিষ্টকে	1
তিনবোন	1
বীষ্ময়করভাবে	1
বুদ্দিমত্তা	1
নিরেস	1
প্রকোষ্ঠদ্ধ	1
স্নোডেণ	1
অ্যালেক্সসিস	1
সুক্ষতা	1
বম্ম	1
রিডায়েলটি	1
আপছন্দ	1
আদ্ভুতভাবে	1
কেসাব্লেকা	1
ঊশশ	1
ভালকিছু	1
নরবিনা	1
মিক্লার	1
গিয়াছিল	1
ফ্রেঙ্কি	1
মেথিওকে	1
আধিকার	1
মিকারর্টার	1
যথাসাধ্যভাবে	1
বিএসির	1
ইভেন্টের	1
এলিভেন	1
মেসি	1
আফিস	1
লিমিংস	1
সিকোফেন্তিক	1
মিকার্টারের	1
কাজর	1
দড্রাইভের	1
আলেক্সিসের	1
ব্যবসায়ীরাও	1
ক্রমিক	1
উদ্বেল	1
ওভারল্যাপ	1
ব্লাকমেইল	1
অপনোদিত	1
বিভিষীকাময়	1
পুনঃপ্রেরিত	1
ডুরাই	1
মালয়েশিয়া	1
করতল	1
বহ্নিমান	1
স্বহস্তে	1
তাবেদার	1
পঙ্কজ	1
চোরাগোপ্তাভাবে	1
অর্থলোলুপ	1
উল্লিখিত	1
যৌক্তিকতা	1
স্থুল	1
পশ্চাদভাগ	1
মধ্যগগন্	1
বিদায়কালীন	1
বারবনিতা	1
্মদুফ	1
নাড়িয়ে	1
রীল	1
মিশিয়ে	1
চেশায়ারের	1
নড়া	1
ঝাড়া	1
পেয়ারা	1
জুড়ি	1
শান্ডি	1
শাসান	1
রিফ্রেশ	1
মেয়েটি	1
বৃক্করস	1
নেয়ামতে	1
গুটাও	1
গ্ল্যাম	1
পরিদর্শকগণ	1
এসআইদের	1
থোক	1
খুটা	1
মড্যুলেশন	1
পূর্বোক্ত	1
আকীর্ণ	1
পিছান	1
বহুবিবাহ	1
বুরুশ	1
টুথপেষ্ট	1
অক্ষাংশের	1
অঙ্গুলী	1
হ্যাঙ	1
চূর্ণীভবন	1
প্রতিনিধিত্বমূলক	1
বিচল	1
বৈরিতায়	1
বিধানসভার	1
সভাপতিত্বে	1
অভিলাষও	1
নাগরাজ	1
ট্যাগিং	1
প্রজ্ঞা	1
পাদানি	1
খড়ি	1
আক্রোশে	1
ওয়েব	1
গণ্ডমূর্খের	1
ত্তলটপালট	1
অবিদিত	1
পয়সা	1
মুক্তকণ্ঠে	1
সাহসপূর্বক	1
জন্মগ্রহণকারী	1
চুম্বনেই	1
অনায়াসে	1
চোখভরে	1
শসা	1
ময়ূরী	1
কোয়েল	1
টলটলে	1
দেবত্ব	1
ভিজিয়ে	1
ফেনার	1
কর্মজীবন	1
ধা	1
হোয়াইটওয়াশ	1
চোরাগোপ্তা	1
আনাচে	1
সংগের	1
গোদোহন	1
একদৃষ্টি	1
ডায়াবেটিস	1
হ্যান্ডলগুলি	1
সামারিটান	1
পসার	1
অগ্রে	1
লুটিয়ে	1
সংখ্যাগরিষ্ঠতা	1
পরাজয়ের	1
নির্বিশেষে	1
আরকে	1
শ্রীযুক্ত	1
হঠাত্	1
তিরুনেলবেলি	1
ব্যবসায়ীর	1
বেড়াই	1
বেসামাল	1
ব্লুম	1
হাওদা	1
টিল্ট	1
দান্তাল	1
পুষা	1
কুসুমিত	1
আশ্লেষে	1
জড়ানো	1
পর্ণমোচী	1
গীতোচ্ছ্বাস	1
ক্ষিপ্তবৎ	1
জ্যেষ্ঠা	1
জানুয়ারিতে	1
হঠকারী	1
পরলোকগমন	1
টেইলড	1
ময়নাতদন্তের	1
ট্রাম্প	1
লেশ	1
তথ্যদাতার	1
নিজলটবহর	1
প্রোভক্ড	1
আঁকড়ি	1
ত্বরান্বিত	1
ইন্ডিকা	1
তোষণ	1
বিভীষিকাময়	1
মরীচি	1
জিজ্ঞাসু	1
গর্ভনাটিকা	1
ছাড়েনি	1
সংগুপ্ত	1
কেরল	1
কর্তৃপক্ষকে	1
খোঁচানো	1
সিরিয়াল	1
মুরুগান	1
মানবসত্বা	1
সাবজেক্টদের	1
লিটভঙ্কের	1
এজেন্টগুলো	1
আলবার্তো	1
ডেলরিওগো	1
তথ্যটি	1
কাছকাছি	1
শ্লোভাকিয়ার	1
পুলশের	1
রাতযাপন	1
ভেন্টের	1
ফ্রাঙ্কো	1
এমব্যাসির	1
স্কোপ	1
ট্রিগারটিও	1
২০৪৫	1
ফক্কা	1
অনেকভাবেই	1
রাইফেলও	1
ছেলেমেয়েকে	1
ইন্টারগেশন	1
জীনতত্বে	1
পরীক্ষাতে	1
সাবজেক্টটি	1
ক্রিশন	1
রিউম্যাটয়েড	1
আর্থারিস	1
ন্যানোপার্টিকাল	1
ক্যন্সারের	1
ঝুকিপুর্ণ	1
জেরার্ড	1
লিজেন্ডের	1
চাপতো	1
হেডকোয়ার্টারও	1
সিন্ডিকেটরা	1
ক্যামেরাগুলোকে	1
বারকোড	1
অনুভতিই	1
অসঙ্গতিপুর্ণ	1
৯৯৫	1
পিটয়া	1
লিটভিঙ্কর	1
হেলিপ্যাড	1
পিচি	1
চামারের	1
পিচির	1
পাঠাইসে	1
রবিন্সে	1
রবিন্স	1
ধনকুবগুলোকে	1
ওয়াফল	1
খাটসে	1
ভিস্তার	1
লুটছিল	1
ছাড়সে	1
মিলিয়নেয়ার	1
উড়াইতেসে	1
ধূলাবালির	1
ভড়কানোর	1
অজৈব	1
পরিধানকারীর	1
আকারকে	1
সংঘাতে	1
নাশকতা	1
সৃষ্টিকারীদের	1
ব্যবহারকারীদের	1
সেজনই	1
জুটেনা	1
ফিয়ন্সে	1
সামলিয়েই	1
ফর্মুলায়	1
কৃতজ্ঞতাবোধ	1
পিমের	1
চয়নে	1
পরীক্ষাকেন্দ্রে	1
রোজে	1
ধরসিলাম	1
মামুদের	1
বলেনাই	1
অ্যালার্মও	1
বাজেনি	1
কার্বনডেল	1
ডিক্যাপ্রিও	1
মরসিল	1
ক্রেতাই	1
পিষবনা	1
একমদ	1
পিঁপড়ারা	1
স্নায়ুকে	1
নকলের	1
পূণর্জন্মের	1
সিঁধ	1
ক্রসকেও	1
ফায়দার	1
চুটকির	1
মুষ্ঠিতে	1
ক্র্যাশে	1
প্যারাট্রেকাইনা	1
লঞ্জিকর্নিস	1
নির্বাহ	1
পণ্যকে	1
টিউবটি	1
অ্যান্টদের	1
ক্যামপোনোটাস	1
পেনসিলভ্যানিকাস	1
কার্পেন্টার	1
ন্থনি	1
নীলটা	1
সোলেনপ্	1
ম্যান্ডিবুলারিস	1
একজায়গায়	1
কার্স্কে	1
সাইলো	1
ব্লকার	1
কাণ্ডজ্ঞানহীন	1
এভেঞ্জারের	1
ফাঁসাচ্ছে	1
চিমনিতে	1
বান্দরগুলার	1
করসিলাম	1
ঢুকসি	1
চিল্লাইনাই	1
ঝাড়ফুঁক	1
পীরবাবার	1
পাসনে	1
মাশাল্লাহ্	1
জাইঙ্গা	1
স্যুয়েজ	1
দেখতেসি	1
পাপারেনা	1
যাচাইকরণ	1
অথোরাইজেশন	1
সার্ভারগুলো	1
ভ্যানটাকে	1
ফ্রান্সিস্কো	1
পালাইসে	1
কিউর	1
ডিসইন্টিগ্রেশন	1
ফিরিয়েই	1
স্কটির	1
থামাইতে	1
ভাংছেনা	1
রেগুলেটরে	1
চলছেনা	1
পালোয়ান	1
শোনাবিনা	1
ডোরেমন	1
ইগ্নাসিও	1
মাইয়্যাকে	1
দেখসি	1
মাইয়্যাটা	1
বারটেন্ডার	1
ছাপানোতে	1
উঠাবসা	1
রাখসি	1
ইগ্নাসিওরে	1
জিজ্ঞস	1
মাইয়্যাটাকে	1
করিসনে	1
মুততেও	1
আনুক	1
তিনচারদিন	1
বীবরের	1
বৌটার	1
কোল্টার	1
দৌড়াঁ	1
আমোসের	1
পুষ্পকে	1
প্রভাতের	1
দাপিয়ে	1
হপ্তা	1
নৌকাতেই	1
ঘন্টাব্যাপী	1
সমীপেষু	1
ভাগ্যপ্রদীপ	1
ইন্ডিয়ানে	1
দূর্ভাগ্য	1
পাওনিরা	1
জংলীই	1
লিথুয়েনেন্টকে	1
জংলীকে	1
মারছিলি	1
নৌকাটারও	1
জাদুমানিক	1
নাড়ীনক্ষত্র	1
ছোকরাটা	1
নেকড়া	1
ভোগাচ্ছেই	1
টোসেইন	1
রাঁধতেও	1
ফঁরাসিতে	1
পোওয়াগাকে	1
পূর্বপাশ	1
বইবার	1
ফায়দাও	1
কাওকেও	1
আদিবাসীর	1
ভাগটাও	1
ব্রিজারও	1
ওখানটাই	1
লড়ে	1
ডালপালাগুলো	1
প্রস্রাবের	1
আযাবমার্কা	1
সাঁধের	1
শহরটাও	1
খুঁইয়েছে	1
হল্লা	1
বেরুল	1
ঠান্ডাটা	1
ছেলেগুলা	1
পাহাড়টায়	1
বিনাপারিশ্রমিকে	1
নিঃশ্বাসটা	1
লটকেছিস	1
ঝেড়ে	1
ব্যাস্	1
বুঁজে	1
বীবর	1
খাঁড়ির	1
বুদ্ধিজীবীর	1
কড়	1
করছিলেটা	1
বাবা্	1
একতু	1
মাংশটা	1
বাধছিলাম	1
স্ত্রীকেই	1
কাল্টার	1
এমোসের	1
ক্যাননের	1
পেল্টের	1
দাক্তার	1
মিসৌরী	1
আমেরিকাম	1
গ্ল্যসের	1
কাহোয়া	1
দখলি	1
দেখাজাবে	1
উঠিয়া	1
ফিটজেরাল্ডের	1
রুলিন	1
পায়িয়ে	1
এযায়গায়	1
যায়গাটিকে	1
আরিকারা	1
বারী	1
ঝামেলাকর	1
আটকিয়েছি	1
আজন্মা	1
জানওয়ার	1
জানওয়ারই	1
লেফট্যান্যান্টকে	1
জানওয়ারদের	1
জনেরঅও	1
হওরার	1
অবসথান	1
রংটাই	1
যাওয়াট	1
নদীটি	1
একপ্রান্তে	1
ভালোলাগে	1
বাচ্চচা	1
ঘুলো	1
নিগারের	1
এল্যাকায়	1
অমানুষটাকে	1
থয়াকার	1
অজ্ঞ্যান	1
গড়বো	1
তৌসায়েন্ট	1
বারুদই	1
পোয়াকাকে	1
রুখিয়ে	1
৫টী	1
এন্ডারস্ন	1
ভাল্লুকরে	1
গ্ল্যাস্অকে	1
পৌছাবো	1
চোখদুটি	1
ক্যাপ্টে্ন	1
ডুজনের	1
ভাগও	1
পেল্টে	1
পুশিয়ে	1
একদীন	1
৩০০ডলার	1
যাও্যাটা	1
যতক্কন	1
সুশঠ	1
শুওনতে	1
শ্বাস্ও	1
খোঁচার	1
কখনক	1
সেবাদানকারী	1
পাহাড়াএর	1
তোয়ার	1
মেনেছো	1
নিএর	1
ত্রা	1
উদ	1
উষ্ম	1
আলগাতে	1
মারফকে	1
যথেশঠ	1
১২জনের	1
মিসৌরীতে	1
ভাসতি	1
একজনমানুষেরকতোসুবিধাভোগদখলকরতেহবে	1
যেহেতুতিমিরতেলআবিষ্কৃতহয়ে	1
আমাদেরশহরআলোকিতহয়েছে	1
এটাবিশ্বব্যাপীচাহিদাসৃষ্টিকরেছে	1
এইচাহিদামানুষকেবারেবারে	1
অজানানীলবিপদেরদিকে	1
আমরাসাগরেরগভীরতাজানিনা	1
জানিনাকতোদানবআরপ্রানীওখানেবাসকরে	1
তারাকীআসলেইবাস্তব	1
নাকিশুধুআমাদেরসমুদ্রেরঅন্ধকারগোপনীয়তার	1
উভয়প্রশ্নআমাকেকৌতুহলীআরউদ্দীপ্তকরে	1
আরএইকারণেআমি	1
দ্বিতীয়বারের	1
একটামিটিংএর	1
অনুরোধকরছি	1
আপনারসাথেহালকাআলোচনা	1
আরোসুন্দরভাবেমনস্থিরকরতে	1
বর্তমানেযেটামবিডিক	1
নামেঅভিহিত	1
আমিআশাকরিআপনিআমার	1
প্রস্তাববিবেচনাকরবেন	1
বিপদেভরাসেইঅভিযানেরসাথে	1
আরতাই	1
সেইএকি	1
প্রশ্নআমাকেকুরেকুরেখাচ্ছে	1
কীভাবেএকজনমানুষঅজানাকেজেনে	1
হারমানমেলভিল	1
নাছোরবান্দা	1
মানষিকতায়	1
ততোটুকুই	1
সাফল্যকেও	1
হথ্রোনের	1
একগুঁয়েমী	1
ক্যাপ্টেন্সি	1
মানদন্ড	1
নির্নয়ে	1
পৃষ্ঠপোষক	1
চেজের	1
মেধাহীন	1
পেগী	1
সমূদ্রের	1
হেআমারপালনকর্তা	1
একবিশালদৈর্ঘ্যেরবিস্ময়করদৈত্য	1
বিয়ন্ডগর্ভধারণতাঁরঅপরিমিতশক্তি	1
করুনাময়খোদা	1
আমাদেরদরিদ্রদুর্বলমানুষদের	1
পরিবারপরিচালনারশক্তিদিন	1
পোষনের	1
তাঁদেরকেএকসাফল্যপুর্ণসমৃদ্ধসমুদ্রযাত্রারআশ্বাস	1
নিরপদে	1
পিপের	1
ম্যাথু	1
য়ামাদের	1
গোটানো	1
ভার্দেসে	1
অকরা	1
ভ্রমণরত	1
পিটারসনন	1
মেটের	1
আটকানোই	1
উপসাগরীয়	1
ধর্মটাকে	1
আছরে	1
ক্রুকে	1
ল্যাপেলে	1
নামিয়েও	1
বায়ুর	1
পূরুষ	1
ধুমকেতু	1
ওহওও	1
করাছে	1
বালিশটাও	1
স্বল্পস্থায়ী	1
ক্ষিন	1
ভাবলেশ	1
পাচ্ছিলেন	1
এটাকেমস	1
ইকুয়েডর	1
লিখলেই	1
স্থানীয়রা	1
ওয়েলেইডে	1
ক্লমেন্টে	1
পেল্লাইজ	1
মূখী	1
তিমিই	1
মেটানোই	1
মেটকে	1
সম্ভবনার	1
জম্মে	1
কুসংস্কারের	1
ভূলেও	1
বারতি	1
পোর্টসাইডে	1
পোর্টসাইড	1
দাঁড়	1
ফোরইয়ার্ডে	1
বল্লমটা	1
তিমিকে	1
ইস্টন	1
স্যানবোর্ন	1
হারিযেছি	1
বার্য	1
হার্ডট্যাক	1
দাবারের	1
মোহগ্রস্ত	1
থামালেন	1
প্রদক্ষিন	1
সংস্কারমুক্ত	1
লটারীটা	1
নিরক্ষ	1
বারযিল্লা	1
সুতোর	1
দুলছিলো	1
ফেব্রুয়ারি	1
আফুয়েরা	1
পোতাশ্রয়	1
নিরাবতা	1
খোলাশা	1
বিনিয়োগকারীরা	1
সমৃদ্ধশালী	1
কদর্যতার	1
পোলার্ডকে	1
ব্সুন	1
ইকুয়েডরের	1
বেডফোর্ডের	1
বৈষয়িক	1
ফেব্রুয়ারির	1
পটভূমিও	1
পেনসিলভানিয়ায়	1
নাথানিয়েল	1
হোমা্রের	1
অলকানন্দা	1
জটার	1
অর্ধচন্দ্রাকৃতির	1
ভাগীরথী	1
পর্বতকন্যার	1
অক্ষিবিকূর্ণনে	1
নির্দেশনামতই	1
চাকচিক্যপূর্ণ	1
ফণার	1
জটাধার	1
উপদেবতাদের	1
ঝরনায়	1
ঝিলকে	1
ঢূকে	1
বাধাছিল	1
দিলীপ	1
রাক্ষসেরা	1
কারিকালা	1
নাডার	1
ফার্নেসে	1
ঈমানদারী	1
কাট্টাপ্পা	1
অজেয়	1
দশদিকেই	1
গগনস্পর্শী	1
দুইপাশে	1
অশ্বমণ্ডিত	1
শিকলবদ্ধ	1
বদচলন	1
সিদ্ধা	1
নিজেরকাঁধেতুলেনিলেন	1
এইপাশে	1
খাওয়ে	1
বিদ্বান	1
ঠোঁটেতে	1
গাভীর	1
ব্যুহের	1
রহস্যজাল	1
ঝান্ডা	1
সেতুপাথি	1
নায়েক	1
দুইচারজন	1
প্রজাকে	1
জানাতেঃ	1
গ্রুপঃ	1
অকুল	1
আমাবর্ষা	1
পরূন	1
পহরীরা	1
চিতাসাজাচ্ছি	1
চিতাসাজাছি	1
আমারছেলেঅবশ্যইআসবে	1
আরওইভল্লালদেবকেটেনেহিচরেএইচিতারআনবে	1
আরআমারছেলেভল্লালদেবেরচিতায়আমারহাতদিয়েআগুনদেওয়াবে	1
আরমৃত্যুরভয়েযখন	1
ওচিল্লাবে	1
তখনমহেস্মতিমহলখুশিতেনেচে	1
আমারছেলেআসবেই	1
ওমোরখুদা	1
তীরকেনোচালাইতেছিস	1
তুইকিঅনন্তজলিলেরবোনটোনলাগসনাকি	1
কিজিনিসরেবাপ	1
অখনব্যাথাপাইয়ালচি	1
কথাদিলাম	1
শান্তিরনিঃশ্বাসনাও	1
আমারছেলে	1
বাহুবালিফিরেএসেছে	1
আমিজীবিতথেকেওমরে	1
শালারপুতেরেপাইছি	1
মানিলা	1
এদেরকাপড়েরময়লায়মহেস্মতিনোংরাহয়েগেছে	1
রক্তদিয়েগোসলকরিয়েদাও	1
অস্থিরহইছে	1
বাংলামদআছে	1
দুইটাগাভীরসাথেএকটাষাঁড়	1
একঘরেআর	1
কালকেয়াআসলেঅবস্থাএকইহয়	1
দ্রৃশ্য	1
সামনেযাকেপাবিমেরেচুর্ণ	1
বিচুর্নকরেদিবি	1
কেউযেনোনা	1
যুদ্ধেএকশজনকেযে	1
মারতেপারেসেহলোনায়েক	1
কিন্তুযেএকজনেরওজীবনবাঁচায়সেহলো	1
শত্রুউনারকাছেঘেষতেপারতোনা	1
হাতিয়ারওতাকেছুতেভয়পেতো	1
এরকমমহাবীরেরমৃত্যুকিভাবেহলো	1
সেইপাপীহলো	1
আমিনিজে	1
দৃশ্যম	1
দুইযুবরাজমিলেমহেশ্মতিসীমানাপেরিয়ে	1
দুরেরদেশেএসেরাজদ্রোহীকেখুজতেথাকে	1
তখনিউনাদেরকাছেখবর	1
রাজদ্রোহীসিঙ্গাপুরামেলুকিয়েআছে	1
চন্দ্রপ্রভা	1
উড্ডীন	1
পিত্ত	1
ফ্রান্সাইন	1
পাণ্ডুর	1
শিক্ষামূলক	1
প্রুফিং	1
সমবায়	1
সমন্বয়ের	1
শিখিয়েছিলেন	1
ব্লুটুথ	1
দ্বিধায়	1
ওড়ার	1
সময়সূচী	1
অর্ধদিবস	1
ছয়টা	1
ভুগেন	1
টুইঙ্কল	1
নধর	1
চিবান	1
ভেদন	1
ওয়ালি	1
রোদনশীল	1
যোগব্যায়াম	1
খুবানি	1
ময়েশ্চারাইজার	1
শিয়া	1
নেবুলাইজার	1
লার্নিং	1
ধ্বনিবিজ্ঞান	1
বলছোটা	1
নিঃশেষিত	1
নালী	1
পেটব্যথা	1
ছাড়ছে	1
ভ্যামপায়ার্স	1
গিম্মি	1
স্লার্পই	1
ছড়া	1
পেনসিলভানিয়া	1
নলাকার	1
জিনিসগুলি	1
উরতেছি	1
ন্যাভিগেটর	1
হাতজোড়	1
ব্যাডমিন্টন	1
নাফিসা	1
ড্রিলস	1
ঢাকিবার	1
ট্রানসিল্ভেনিয়া	1
লরেটা	1
ডাঙায়	1
সংবেশিত	1
আবদারে	1
ডানপিটে	1
কুহকিনী	1
সিওও	1
পীচফলের	1
জানায়	1
ঘ্রিনা	1
ছম্ছমে	1
বিতরিত	1
বিশালাকায়	1
রেওয়াজ	1
কুঁডে	1
ব্রান্ডন	1
সম্প্রদায়টিতে	1
বইমেলা	1
ডিওডোরেন্ট	1
মুরে	1
পিতামহীর	1
ক্রন্দনকারী	1
বইমেলায়	1
অধ্যক্ষ	1
তীক্ষ্ন	1
বিনষ্টকারী	1
সার্টিফাইড	1
ডোসাটা	1
আওচ	1
কিজন্য	1
পারফর্মস	1
ঘুরাতাম	1
কনফিডেন্স	1
টানিতেছিলাম	1
পূড়িয়ে	1
স্বামিজি	1
উটাও	1
মারমারি	1
লালেট্টান	1
অংহকার	1
অংহকারে	1
ভাঙ্গুক	1
পুঁদাচ্ছো	1
পুঁদিয়ে	1
মাদ্রাস	1
মারাদুতেও	1
চল্লো	1
ড্রামাটিক	1
ইরানুকুলুম	1
অর্থসম্পূর্ন	1
চাক্কাপান	1
বেরোলেন	1
ডাক্তা	1
লোডেড	1
তলাও	1
ব্রেস্ট	1
দশমাস	1
স্ট্যালিন	1
মামাটিল	1
বামপর্শী	1
উত্তান	1
ওপারেটর	1
উপরওলার	1
খিলাড়িদের	1
খিলাড়ি	1
পৃথ্বিরাজ	1
অমরনাথ	1
আমালনাথ	1
রামানান	1
ভয়েজ	1
ফ্রেমস	1
ইন্দুলেখা	1
কোলগেট	1
ডেন্টিস্টদের	1
বৃশ্চিক	1
গারাগুলা	1
রেসমিনা	1
চাদাঁর	1
ফুটপাথে	1
নিল্লিয়ামপাতি	1
সব্জি	1
প্রধানমন্ত্রি	1
স্বস্তা	1
নারেন্দ্রো	1
পাতায়াতে	1
পাত্তায়া	1
উপরওলা	1
শুূুধু	1
জোক্সটা	1
কড়িও	1
থুথুমাখা	1
ঔষুধপত্র	1
জন্মছিল	1
ম্যারিজ	1
একজনেই	1
চাচ্ছস	1
পাতাইয়া	1
সমন্ধী	1
ওয়াট্সএপ	1
গালফ্রেন্ড	1
এন্তো	1
দুূধ	1
ডিজার্ট	1
পাতু	1
পাথুম্মা	1
দারুনভাবে	1
এলিমেনেটেড	1
অল্পবয়সে	1
চ্যালেন্জ	1
তোরর	1
ভরলাম	1
গিভ	1
মুহা	1
ফেসবুকেই	1
ছাড়স	1
ট্রেডিশেনাল	1
কখনে	1
স্পোর্টিং	1
মডার্ণ	1
দূর্যোগের	1
রেজি	1
সিভুর	1
শিভুর	1
অঘটনের	1
যাচ্ছস	1
ডিসাইড	1
ফেল্লা	1
ঠিকসময়	1
সুজিত	1
বাসুদেব	1
স্মার্টনেস	1
জাডায়ু	1
শুুধু	1
দূল	1
দূলুনির	1
ব্যস্ততম	1
বল্লি	1
সাহায্যর	1
ডোনেট	1
তোলছস	1
রাজনীতিবিদেরটা	1
অনুরোধেরটা	1
দুধওয়ালা	1
টোটাল	1
২৪০০০	1
দোলানী	1
কিপটে	1
এক্সসিডেন্ট	1
বিলবোর্ড	1
এইখানকার	1
নার্সদের	1
সিরিয়ালের	1
খটখড়ি	1
দোস্ততত	1
পরিষোধ	1
পচেঁ	1
কলাটা	1
গুরত্বর	1
২৬০০০	1
ইতার	1
পৌছাতেন	1
গ্রুপেই	1
সেহুতু	1
কৃষুপাল্লির	1
ডায়লগটাই	1
থাপ্পড়টা	1
ভাড়াড়ে	1
কেদঁ	1
করাইছিল	1
অসেচতন	1
ঐইটা	1
অযথায়	1
গোয়ালের	1
সংবদ্ধিত্ব	1
বোর্ডটার	1
প্রিয়বন্ধু	1
রাতটাকে	1
কুমারান	1
মাঠি	1
মহাদুঃখে	1
দূর্যোগে	1
অর্থবছরের	1
ব্যার্থতা	1
জেসী	1
সেমী	1
বখাটের	1
গৌরি	1
আনকালচার	1
ঘটনারে	1
চান্সটাকে	1
বুমবাজ	1
ভালবেসেছিল	1
অল্পস্বল্প	1
গাইতেই	1
এট্যাকে	1
তব্দা	1
মানুষষ	1
গ্ল্যামার	1
কিউটনেস	1
রাখলুম	1
ভাবীকেও	1
আনতেছি	1
কিনাব	1
পারতেছস	1
ওয়াইফ	1
পাত্তাও	1
যন্ত্রনাধায়ক	1
লজ্জাদায়ক	1
থাপ্পডের	1
অলমোস্ট	1
পিয়াজ	1
জেনীকে	1
এঞ্জেলের	1
পটেছিল	1
এঞ্জেলকেও	1
পটিয়েছিলাম	1
পটাবো	1
দিচ্ছস	1
ভাজাটা	1
লাশটাই	1
খোড়ার	1
নিছিল	1
রেগীকে	1
গর্তগুলো	1
এইছেলেগুলোই	1
জিজ্ঞেসবাদ	1
খোললেই	1
ট্যুরটাই	1
জঞ্জালে	1
বদ্দাকে	1
সেন্সলেস	1
একটাকাও	1
কান্ডজ্ঞানহীনভাবে	1
ফয়সালের	1
বুদ্ধদের	1
বুদ্ধদেব	1
দূর্গন্ত	1
গিলতেছস	1
ঠিকি	1
রেশমীনার	1
স্যালুন	1
এসবকিছুই	1
ডিজার্ভ	1
তাকাচ্ছস	1
রিভার্সিং	1
চোপডের	1
নাচতেছস	1
প্রতিষ্টাবার্ষিকী	1
অনুষ্টানের	1
১সপ্তাহের	1
এমবুলেন্স	1
মাধ্যেমে	1
প্রস্তাবটাতে	1
এরেও	1
টাকুরদা	1
সাসপেন্স	1
থ্রিলার	1
ওপরওয়ালা	1
চারাগাছে	1
জেনিকেই	1
মাম্মালির	1
স্ট্যাজেই	1
স্কুৃলে	1
খুউববববববব	1
গ্রিনিগার	1
রেসিডেন্স	1
উদৃযাপন	1
বৌদি	1
ফাতরামি	1
উরাধূরা	1
পিটতেছি	1
করতোছো	1
রেগির	1
নির্গাত	1
চান্জ	1
গেঁয়ে	1
হয়ল	1
নাঁচতেছে	1
মাদারি	1
পাতায়ার	1
বৈশিস্ট্যগুলো	1
ফাতিমাও	1
মেয়েশিশু	1
দাপান	1
৫বছর	1
পাকাবার	1
ইয়ংস্টার	1
ঘুৃমিয়ে	1
গাওনা	1
পাষন্ড	1
পাটায়	1
পত্রিকাই	1
রিয়েক্ট	1
দৃশ্যেও	1
রেড়ি	1
করেতিছে	1
অনুবা	1
আব	1
আবদু	1
আলৌ	1
আলৌকি	1
রহ	1
রহমা	1
রুটিরুজি	1
কামড়াইসে	1
হাঙামা	1
অজপাড়া	1
বাচ্চাগুলারও	1
মুষ্কিল	1
ইলমাজ	1
পতির	1
পড়সি	1
এতটুকুরই	1
হাইটা	1
পাহাড়ডা	1
দেখতাসেন	1
হেইডাও	1
লরিসনা	1
করসিনা	1
রাস্তারতে	1
পড়াইতে	1
আইসেন	1
ভুইলাই	1
এয়াগন	1
ইজমির	1
শিক্ষাব্যবস্থা	1
মন্ত্রনালয়ে	1
কার্যালয়ে	1
আমাদেরতো	1
গোয়ালঘর	1
গাধাগুলারে	1
পোলাপাইনেরে	1
সরকারই	1
স্কুলহীন	1
আমনেরে	1
দৌড়াস	1
দেখাইতাসি	1
হুনলে	1
বেডির	1
বাইট্টা	1
উনারাও	1
মাইয়াই	1
পাছাডার	1
বাক্বারা	1
বাক্বারার	1
আয়াতের	1
ঊঠে	1
লম্বাও	1
অসুভিদা	1
নিলোনা	1
সুনামে	1
পঞ্চমুখ	1
বজাত	1
এরুম	1
গুলতান	1
সইতেসে	1
নিভাই	1
আধান	1
মাদ্রেস	1
ওয়ালাইকুময়াসসালাম	1
ডাকাতদলে	1
কেরিয়ার	1
মাথাডা	1
লড়িসনা	1
লড়স	1
লামু	1
কেমিলকে	1
ওয়ালাইকুমআসসালাম	1
অভিভাবকবৃন্দ	1
শিক্ষার্থীগন	1
শিক্ষাকার্য	1
শ্রদ্ধাভরা	1
মোস্তাফা	1
আতার্তুকের	1
কইতাসে	1
মুক	1
উদ্ভোধন	1
মোবারকবাদ	1
ইয়ামলাজ	1
কেমিলের	1
ভিজোনা	1
ঘরেরতে	1
বাইরই	1
শিখুম	1
এগোর	1
ভাগসোস	1
গাধাইয়া	1
ঘূরাফেরা	1
ভ্রমনপাগল	1
শিক্ষালাভ	1
এল্লাইগাই	1
স্কুলেরতে	1
পালাইতাম	1
কাসো	1
আব্বাজানেরে	1
মারসিলো	1
যাইবোতো	1
ফিইরা	1
লেখেছি	1
সেমো	1
অইসে	1
পাইতাসি	1
চেঁতাবানা	1
আজিজও	1
ভাবতেসো	1
লিখতেসিলো	1
কবিরাজি	1
কবিরাজের	1
মাষ্টরে	1
কবিরাজেও	1
আসতাগফিরুল্লাহ	1
এসমাট	1
চিঠিতো	1
বইসে	1
কেলাস	1
আজিজে	1
ইস্টাইল	1
শিখাইতে	1
ঘুইরাও	1
ভাঙস	1
মাষ্টরের	1
অল্পদিনে	1
হিলমি	1
ফিলিজ	1
মিকাইল	1
সাইত	1
আলিকান	1
বুত	1
বরফঢাকা	1
শরত	1
শিখতেছস	1
মুনাফাবাদ	1
শোষনের	1
ফেয়জো	1
আইনো	1
চোখয়ালী	1
ধুই	1
বইনেরা	1
কোনডা	1
বাক্বারাহ	1
২৬৮	1
মাইয়াতো	1
রান্নাবান্নাও	1
সাঁজদাসে	1
কেরুম	1
নাকওয়ালী	1
মোঁচও	1
যাইবার	1
সইতাসে	1
বোজাত	1
তাকাইয়া	1
ফায়েজো	1
সুঁইয়ের	1
সুতাডা	1
তাকাইতে	1
এলচিকে	1
ইসাইয়ে	1
ইক্কা	1
মারছোনা	1
বাঁচাইলেন	1
পালু	1
দাসবুত	1
ভার্সি	1
বাঁচতাম	1
বউয়েরে	1
গেসস	1
আনুম	1
মেয়েতো	1
তেহরী	1
পাসতা	1
কোপ্তা	1
কান্দেনা	1
কান্দিও	1
আজিজই	1
তোমারগুলাও	1
লাহলে	1
বাজাবি	1
দাসবুতের	1
ঢুইকা	1
যেমনে	1
তেমনেই	1
আল্লাহুম	1
মৃগীর	1
উঠাইয়া	1
লইতাসে	1
লইস	1
দাঁড়াইতে	1
পারতাসে	1
করতেসে	1
আইলোরে	1
সবডির	1
থেইক্কাও	1
সেরাডা	1
সুর্যমূখী	1
শুনসি	1
করাইসো	1
মইরাও	1
কইসস	1
বেডারে	1
বেডার	1
লোল	1
ভাইগা	1
পাইসে	1
গর্তডা	1
পাইসোস	1
গ্রামজোড়া	1
গেসেরে	1
কইতাসোস	1
গিন	1
শুড়ুতে	1
ঘোড়াটার	1
লাকড়ী	1
ষিক্ষক	1
জিন্দেগীত	1
রাব্বুল	1
আলামীন	1
বেদুঈন	1
মনুষ্যজাত	1
পদবীগুলো	1
গিট্টুতে	1
ফূঁ	1
হাড্ডিতে	1
এলহামদুলিল্লাহ	1
মধ্যসকাল	1
দেমেতকে	1
প্রস্থেথিসের	1
প্রস্থেথিস	1
ব্যাকারি	1
কারাটেতে	1
জরুরিভিত্তিতে	1
আয়দিন	1
কাঁন্নার	1
এরতার	1
কলোস্ট্রোরেল	1
বন্ধুত্বসুলভ	1
প্রতিক্রিয়াশীলদের	1
ওঠবে	1
ভাবভঙ্গিতে	1
ট্রুমা	1
হ্যালোসিয়েশনে	1
হ্যালোসিয়েশন	1
পিরোক্সিন	1
ভালোবাসোর	1
বীর্যে	1
নিম্নস্তরে	1
সিঁরিজ	1
সিস্টারগিরি	1
নিউরোলজিস্টের	1
রগের	1
অগ্রভাগে	1
মৃগীরোগের	1
মস্তিষ্কজাত	1
নিউরোলজিস্টরা	1
অসজ্ঞায়িত	1
পিরোক্সিনের	1
এরবাজেপিন	1
হ্যালোটা	1
জেরেনের	1
আলেয়াকেও	1
ফলিয়ে	1
ডাক্স	1
শেয়ারেড	1
সাইকোটিক	1
এডাভান্সড	1
ডিসোডারে	1
মিথবিষক্রিয়া	1
জ্বীনটা	1
আঁকছো	1
আওয়াজগুলো	1
ধকধক	1
মনুষ্যজাতের	1
হুলয়া	1
প্যারানরমাল	1
নাচক	1
এযুগের	1
সাইকাটিস্ট	1
প্রায়শ	1
নখড়	1
ফেয়জার	1
পাথরটির	1
মুঠিতে	1
অচৈতন্যদের	1
কাবজেল	1
মিহেয়না	1
জাকুয়ের	1
হেজাল	1
জিন্না	1
জেদরেল্লাজি	1
হুভেয়সা	1
বাঙ্গালী	1
ফেয়জাকে	1
সম্ভ্রমহানি	1
ফায়জা	1
ঔষধিগুলো	1
হিপনোটাইসের	1
হিপনোটিজমকে	1
রহস্যপূর্ণ	1
প্রতিকৃতির	1
অচৈতন্যতার	1
টেট্রাকার্নোস	1
অপরসায়নবিদরা	1
শায়তানুল	1
মাউত	1
লেখনীর	1
মাহতা	1
আরাবিক	1
বাদিক	1
জুয়েন্নাটা	1
স্বভাবগত	1
অভিসম্পাত	1
জাদুগরকে	1
ডিমেলো	1
রেখাগুলোর	1
বিষয়সমূহ	1
সুক্ষ্ম	1
আমড়া	1
টেট্রা	1
অভিসম্পাতিত	1
সাবরিয়ার	1
ইয়ামেনের	1
দন্ডনীয়	1
উতপ্ত	1
বদবখতের	1
উসুলের	1
পিঁপড়াকে	1
পাপিষ্ঠকে	1
আযান	1
উপশমকারী	1
মুমজাস	1
বাস্তা	1
পঁচাবে	1
জনমানব	1
সাদুল্লাহ	1
মানিসা	1
ক্যামেরাটি	1
গোস্বা	1
বন্ধুপ্রতীম	1
দেক	1
কাঁমড়ে	1
গর্ভাবস্থায়	1
ইসলামমতে	1
তুর্কির	1
দেশত	1
কেবির	1
অনাসক্ত	1
পোশাককে	1
খুঁইয়ে	1
ভিডিওটিতে	1
তাহেরিকে	1
নিউরোলজি	1
অল্পবিদ্যা	1
সন্ধিক্ষণের	1
বিজ্ঞানমনষ্ক	1
চেঁচাচ্ছি	1
পীরিতের	1
রুমগুলোতে	1
মোশার	1
সিরাজের	1
দাইফ	1
এতোসবের	1
আক্রান্তের	1
করায়েন	1
অসচ্ছল	1
গুনাহগুলো	1
রিচেপকে	1
সর্তকতার	1
হাজব্রেন্ড	1
হুলয়াকে	1
কুটবুদ্ধির	1
কেইসটি	1
ইয়েমেনকে	1
দিয়ারবালুর	1
বাসস্ট্যান্ডে	1
আয়দিলেকের	1
রক্তধারা	1
নিপীড়িতের	1
কুটিল	1
অবিশ্বাসীর	1
মমত্ব	1
মনুষ্যজাতির	1
অপ্রতুলতা	1
নির্ভরশীলতা	1
নিরীক্ষাও	1
প্রস্তাবটি	1
স্টোর্মকে	1
চখম	1
ড্যাবির	1
আকর্ষণীও	1
অনুর্ভুক্ত	1
মিটিয়েও	1
১বিলিয়ন	1
বিল্ডিংটাকে	1
প্রোজেক্টটি	1
ভ্রমণটিই	1
ঝরের	1
গুণনীয়ক	1
সারাই	1
এক্সটার্নাল	1
বল্টুটাকে	1
সিমুলেটরের	1
অট	1
বেচারারা	1
ক্যাপ্টেইন	1
২৫৪	1
যানকে	1
প্রধানকেও	1
সাঁতরাব	1
সিনথেটিকে	1
মাত্রাকে	1
গরমই	1
আনস্টেবল	1
মলিকিউলস্	1
মিটাবে	1
ওলারা	1
প্লানেটারিয়েম	1
শিল্ডে	1
প্রতিরোধকে	1
নমুনাগুলো	1
ভাঁড়ি	1
সফলতাই	1
নির্ভয়তায়	1
ভাইটালস্ও	1
সঞ্জিত	1
কণিকায়ও	1
পরিক্ষ	1
অর্কিডে	1
সূর্যমুখী	1
থামানোই	1
উঠাতেই	1
আলফ্	1
কানুনে	1
জিপারটা	1
রিজোর্ট	1
ছন্ন	1
ডেবির	1
ধোর	1
সহযাত্রীই	1
টিবি	1
খানকে	1
চিহ্নটার	1
চিংড়িটায়	1
আকুলতা	1
পারেই	1
লুটবি	1
বাটনও	1
ভয়েসটা	1
ডেব	1
দিতাসি	1
৯৫৪	1
পৌঁছচ্ছি	1
রেডিওএক্টিভ	1
যতটুকও	1
ততটুকোই	1
রোগটিকে	1
গ্রিমও	1
উন্মচোন	1
সারাবে	1
দেউলিয়াদের	1
জনপ্রিয়তাকে	1
হাসই	1
বেক্সটারে	1
স্টেন্লি	1
আগাবই	1
হিজি	1
কর্মকে	1
এসপার	1
ওসপার	1
খেলারই	1
ঢেলেছিলাম	1
বুঝিতে	1
পাওয়ারটা	1
আলোককেও	1
মাইরালাইলা	1
নেয়াতেও	1
ঝুঁকিই	1
মণ্ডলে	1
জীবনধারাকে	1
পরিপাক	1
ধাতুতে	1
ডিজিস	1
চকর	1
প্রবাহগুলো	1
প্রবাহকে	1
জইন্যা	1
ইন্ডাস্ট্রি	1
লাইটগুলোর	1
ল্যাটাভেরিয়া	1
বাইকটিকে	1
চরষ	1
বইনটা	1
আরমানি	1
নভোচারী	1
হিউমান	1
থিং	1
নুড়ির	1
পাথইরা	1
উপভোগই	1
এলেশিয়া	1
ঘ্রিনায়	1
লেনা	1
এলেশীয়া	1
গার্ডটার	1
চোখদুটোকে	1
সন্তোষজনকই	1
নার্ভাসই	1
প্রোজেকশনালিস্টকে	1
শেষই	1
পাওয়াগুলো	1
ক্ষে	1
বুঝেছই	1
হিংসেয়	1
ঝড়টাকে	1
ফ্যান্টাস্টিকের	1
বিফলতা	1
করেছেই	1
ভাণ্ডারই	1
লেখিত	1
কেমিস্ট্রির	1
অতিঠান্ডা	1
ভাবছিও	1
রোমান্টিকরে	1
লাগিই	1
টাইমটার	1
প্যাডেলটা	1
সুজানও	1
টুকোই	1
রসায়নের	1
মেশিনটিকে	1
বাহানাও	1
রিমেক	1
অফঃ	1
দিলওয়ালে	1
সিথিতে	1
সিদুঁর	1
ঈশিতা	1
স্রেপ	1
হাবিবুর	1
অহরই	1
সুখসাগরে	1
সূচনাকাব্যটা	1
ফেভিকল	1
কমেন্টে	1
হানিকারকই	1
ইজ্জতেরও	1
দৃড়ভাবে	1
সূক্ষ্ণ	1
গাট্টিবোচকা	1
জিলাপির	1
মাহেন্দ্রক্ষনে	1
ঝিঁঝিঁ	1
পশলা	1
মুক্তোঝরা	1
ক্ষনটা	1
জানেজিগার	1
কিছুদূরে	1
উত	1
স্নায়ুক্ষয়ী	1
গ্রেনেডটা	1
অসতর্কতা	1
কস্মিনকালেও	1
চালচিত্র	1
পিকটা	1
জাকারবার্গ	1
মামায়ও	1
ইনবক্সও	1
গালিযুক্ত	1
ভেটকি	1
আলাপসালাপ	1
টানাটানা	1
গরুরও	1
গেমটা	1
বলতেছিলি	1
নেগেটিভস	1
নীতিনৈতিকতা	1
ভোজভাজির	1
এসএলআর	1
জমানাতেও	1
পটভূমিটা	1
জমানায়	1
মাথামুন্ডুও	1
স্পৃহাটা	1
ক্যাসাব্লাঙ্কা	1
ডায়ালগের	1
ট্যাক্সিটাতেই	1
ছবিগুলোতে	1
হদিশের	1
মেরিয়াম	1
অফিসটাই	1
রামাকৃষ্ণান	1
খুজলির	1
ভাগ্যলিপিতে	1
সুবিধাই	1
আনন্দগাথার	1
নেমপ্লেটটা	1
কফিশপে	1
ব্যায়বহুল	1
প্রোটিনে	1
প্রক্রিয়াটাই	1
আতিপাতি	1
ছবিই	1
কান্নাড়া	1
আইসাও	1
রক্ষে	1
ময়ূরীর	1
সিনেমাগুলো	1
স্মৃতিবিজড়িত	1
মুস্তাফিজের	1
কাটারের	1
আঁকিবুঁকির	1
সূত্রগুলোকে	1
নিষ্প্রান	1
বৃষ্টিমুখর	1
পূতপবিত্র	1
লিস্টেও	1
রংচং	1
সম্পাদককেও	1
এতদিকে	1
ঘাউড়া	1
লিপ্সটিক	1
ব্যানসন	1
ধামড়া	1
কুইট্টা	1
সাইকোটা	1
তাড়তুড়	1
ভোকচোদের	1
ফাপড়	1
বাড়তেছে	1
তবন্ধ	1
লাফালাফির	1
অবশেশে	1
ক্যামেরাটাতে	1
ঘুমায়া	1
ছাপিয়েছিল	1
বরখাস্তের	1
রোমান্সটা	1
যাচ্চো	1
অধিনস্থ	1
খাইলি	1
দুনিয়াতো	1
পাড়লেও	1
রোমান্সই	1
লিলায়	1
উন্মুক্তকরন	1
ভিলেনটা	1
স্রষ্টাপ্রদত্ত	1
বুঝবিও	1
কেলমা	1
ভুড়ু	1
কুচকে	1
ভাঙ্গাচোড়া	1
পরোয়াও	1
শেষ্পর্যন্ত	1
বাহুডোরেই	1
প্রত্যুত্তর	1
তাড়ছিড়াটা	1
ভাংলো	1
ছোবেন	1
ঠুয়া	1
অপকর্মটি	1
অঘারামের	1
পাশেও	1
সাধারন্ত	1
ছটাক	1
আতলামি	1
মঞ্চনাটকে	1
সংলাপের	1
রচয়িতার	1
মেটাবার	1
প্রোফাইলে	1
চড়টা	1
দেখাভাল	1
নাওয়াখাওয়া	1
দোড়াইছিস	1
মেসেজেরও	1
ভদ্রসভ্য	1
জনপ্রীয়	1
মিঠুনকে	1
বুদ্ধীমতি	1
হাঁসফাঁস	1
ঠেলছিস	1
আপ্রান	1
মেডিসিনে	1
ব্যাঙ্গালুরুতে	1
সাধান	1
লক্ষ্ণনের	1
পাতিহাসকে	1
উমরের	1
খানদানি	1
খানাদানার	1
আপয়াতত	1
গেড়েছি	1
বিয়েশাদির	1
ফলাচ্ছো	1
বর্ষনমুখর	1
পয়জনিং	1
থার্টিফাস্ট	1
নাইতে	1
সম্পাদকও	1
ঘামজড়ানো	1
যাতাকল	1
খাপেই	1
ক্যামেরাটাও	1
বাগদানটা	1
প্রপোজও	1
আকাআকি	1
চাচ্ছোটা	1
আকাকাইর	1
টুরিস্টদের	1
আকো	1
ক্যারিয়ারটাকে	1
স্ট্রিপটা	1
গছাতে	1
ওমরকেও	1
বেলটা	1
এরেঞ্জম্যান্টের	1
কেয়ারিংটা	1
সৌভাগ্যবতীটা	1
মাথামুন্ডু	1
শিক্ষারও	1
দিকও	1
পরশ্রিকাতরতা	1
অপরিবর্তিতই	1
নায়েরকে	1
নাশতাটা	1
পুশে	1
মধুচন্দ্রিমাটা	1
কাপলদের	1
ফোয়ারাটা	1
অ্যাম্বাসিতে	1
মাটিটা	1
ক্যারেক্টারগুলোও	1
আভাটা	1
এগোবার	1
হাড়ভাঙ্গা	1
বিয়োগান্তক	1
শান্তিপূর্নভাবে	1
অ্যাম্বাসির	1
ঝুড়িতেই	1
তৃপ্তির	1
ঢেঁকুর	1
রিজাইন	1
দায়িত্বজ্ঞানহীনের	1
উপলক্ষ্যের	1
অবিচ্ছেদ্য	1
পেনড্রাইভে	1
বালানই	1
ফোনেও	1
বার্থডের	1
আকুতিটা	1
শাহরুখের	1
ছেলেদেরই	1
স্কুটারটাতে	1
মাল্লু	1
বয়া	1
৮০৮৯	1
২১২২	1
গোয়ায়	1
ভালোবাসারই	1
সত্ত্যিকারের	1
অর্থটা	1
হেডস্টার্ট	1
মইরতে	1
লাগছত	1
হইপে	1
শিশুরে	1
দেখতাসত	1
জুনায়েদের	1
রাজকে	1
আসিগা	1
সাইমলা	1
তেইজপাতা	1
ছাইড়বো	1
হালত	1
ছাইড়বাম	1
ধইরতাম	1
স্বর্গরাজ	1
পুচকের	1
শুঁইকাই	1
চাইনিজসঙ্গীত	1
হেতেরা	1
ভাবতাছেন	1
ভাগন	1
যাইয়ো	1
পৌঁছাইতে	1
ভাবানুবাদে	1
বিএসসিইনসিএসই	1
কউ	1
বাঁচাইতে	1
যামুঊ	1
খাইতাছোস	1
যাইতাচ্ছে	1
বাঁচাইবে	1
পৃথ্বীরাজ	1
সুকুমারন	1
সাইকুমার	1
লীনা	1
ড্রামাটি	1
পশ্চিমবাংলায়	1
নক্সালাইট	1
নক্সাল	1
চারু	1
মজুমদারকে	1
মেরিনা	1
মুস্কিলের	1
কোনকিছুরই	1
কোট্টাতিল	1
উৎযাপনের	1
কাচাঁ	1
রামেট্টান	1
ফ্লোয়ার	1
কনভেন্টে	1
লেখাপড়াই	1
স্বৈরতন্ত্রের	1
সমাজবাদীরা	1
সাম্য	1
জাতিরপিতা	1
নেহরু	1
সমাজবাদী	1
সসংগ্রামকে	1
পুড়িয়েছিলো	1
ইন্ডিরা	1
অদ্যাবধি	1
আল্লাহও	1
ইন্দিরার	1
সমর্থকরা	1
কংগ্রেসই	1
তোলবার	1
লোফারদের	1
সাপোর্টে	1
গান্ধীর	1
নেতৃত্বই	1
ক্যারিশমা	1
ফুটকো	1
উন্নিভাই	1
আরেকোডার	1
রাধাদি	1
কোরালাপ্পাম	1
পিছিয়েছি	1
পারুকুট্টিয়াম্মা	1
আইবা	1
ককিন্তু	1
খেলতো	1
কটুকৃষি	1
বেরই	1
কুন্নামঙ্গল	1
ছুই	1
কাঞ্চনমালার	1
মৈ	1
মার্ভতি	1
মার্মানি	1
চ্যুতি	1
কাধেঁর	1
কাধঁ	1
বৈদ্যরাজ	1
টোট্টাম	1
সহদেব	1
১০১টা	1
তারওপর	1
সেথুর	1
ব্যথাও	1
কেীলান্ডি	1
আরুকুট্টির	1
ময়ুর	1
পালককে	1
ফাকঁ	1
পেীঁছাবো	1
পেীঁছাবে	1
কাঞ্চনও	1
বািনয়েছেন	1
গৃহপ্রবেশ	1
অকর্মণ্য	1
কোজিকোডও	1
তোমােদর	1
ভালয়ানগাদীর	1
মাম্মালিপারাম্বুর	1
সাওয়াল	1
কাঞ্চনই	1
সহনশীলতার	1
একধর্ম	1
কাধেঁই	1
ছাত্রর	1
মানতেও	1
কাঞ্চনদি	1
কোমনে	1
রামাকুট্টির	1
যৌতুকও	1
৩২টা	1
বেচেই	1
জ্বালানিও	1
সমাজও	1
চরাতে	1
অতোদিন	1
মেয়েগুলোকেও	1
ভাঙবোই	1
মাদাথিপারাম্বিল	1
মার্থান্দাম	1
মাদাথিপারাম্বিলের	1
ঝিমমিক	1
মনোহার	1
ধোকাঁর	1
বাধাঁও	1
১বার	1
মুক্কামেই	1
২বার	1
কোডিয়াথুর	1
চেন্নামানগাল্লুরে	1
৪বার	1
দিল্লিও	1
ত্রিভান্দুরামে	1
পঞ্চায়েতের	1
সন্ধে	1
কুরুপ	1
পঞ্চায়েতের	1
ছোখে	1
ছানি	1
সুবিধায়	1
বাসস্টপের	1
থোটুঙ্গালের	1
মুক্কামকে	1
ঠনেক	1
গণতন্ত্রই	1
লাগাননি	1
রৌদ্রের	1
ঔই	1
গাছগুলোই	1
দ্বারাচ্ছি	1
অতিমন্দা	1
প্রতিদ্বন্দ্বীকে	1
করেদে	1
কাদঁবে	1
কোট্টায়ামে	1
বিক্ষোভও	1
মোছ	1
গান্ধীও	1
কোত্তাতিলের	1
প্রেমীরা	1
সদম্ভে	1
সংঙ্গীত	1
চঙ্গামপুঝা	1
বাকোয়াস	1
মধ্যরাত্রের	1
তোয়ফা	1
ভাবছোস	1
সেথুভাই	1
গুলিটাকে	1
বাওয়াল	1
ভাষ্করের	1
পোঞ্চলা	1
হৃদয়জুরে	1
মুসলিমকে	1
ছোটবোনরা	1
পৌঁছতো	1
সাবিত্রীদির	1
হয়েছা	1
কেদেঁছো	1
কাদঁতে	1
বাচঁবোও	1
পাথুম্মাকে	1
কাঞ্চনকেই	1
লাসের	1
মানুকে	1
বেইলের	1
বেইল	1
মাতারি	1
আত্মসম্মানই	1
ফিরবি	1
মৃত্যুশয্যায়ও	1
নক্সলাইট	1
অজিথা	1
মাজিস্ট্রেটকে	1
নরপিশাচটার	1
কান্নুর্জালি	1
বালিয়াম্বরা	1
পোট্টাটু	1
অভিযুক্তর	1
নাড়িতে	1
গুড়ির	1
অনেবার	1
ওঠেননি	1
সেথুদা	1
সিনেমাহলেও	1
কোয়িম্বাতুর	1
সাঈজি	1
সিনেমাহল	1
সেথুও	1
২টোর	1
রামাচন্দ্রার	1
ভিলেনরূপে	1
দাদাবাবু	1
বকেছি	1
ভাইঝিকে	1
পরোনা	1
বরপক্ষদের	1
বিধবাদের	1
চিন্তাজুরে	1
পালকটি	1
লেখাসহ	1
চিঠিটার	1
এতোবছর	1
মৈদেনেরই	1
কাদেঁই	1
শুভদিনে	1
সাক্ষরই	1
বালিয়াম্বারা	1
বাঝবেই	1
দাঙ্গাও	1
এন্নাসু	1
আয়ুর্ভেদিক	1
বাও	1
বাচাঁ	1
নেীকাডুবিতে	1
মৈদেনসহ	1
ইরুভাণঝিপুঝা	1
অধীরভাবে	1
ইরুভাণঝি	1
পূত্রবধু	1
স্মৃতিগুলির	1
সাবটাইটেলসহ	1
পরীক্ষানিরীক্ষা	1
পরীক্ষারই	1
প্রসেস	1
লিকুইডটি	1
পুরুষদেরও	1
মহাজ্ঞ্যানীদের	1
জ্যোতির্বিদ্যার	1
মুরুগেসান	1
জাতকের	1
ম্যানুয়ালীও	1
লাখা	1
চিন্তাকরে	1
কোয়ালিটিরটাও	1
প্রতিকেজি	1
ভবিষ্যৎবানীটা	1
বিবাহজীবনের	1
সৌকতের	1
বিক্রেতারও	1
প্রজেক্টটার	1
শুনাচ্ছো	1
হালেই	1
মাহেশ	1
সুদই	1
রিলেটেড	1
কপালেও	1
কোষ্ঠীটা	1
লোকারণ্য	1
শাড়িই	1
ইচ্ছামতই	1
সোমাসুন্দ্রাম	1
মাদিপাক্কাম	1
কোষ্ঠীতে	1
রভিশঙ্কর	1
তিরুনালভেলি	1
নেল্লোরের	1
স্ম্যাগলিং	1
খাটছিলো	1
রাজনিতিবিদেরা	1
রাজারথিনাম	1
দলিলে	1
হারাস	1
রেজিষ্ট্রি	1
ড্রাইভটা	1
আরপিএম	1
চাটনির	1
বেন্ডারটা	1
নিয়ন্ত্রীত	1
রেশিওর	1
মিনের্ভা	1
টায়ার্স	1
স্ট্যাটিস্টিক্যালি	1
কোঝান্দাভেলুর	1
রাজারথিরাম	1
কোঝান্দাভেলুকে	1
জগন	1
কোঝান্দাভেলু	1
কাঁদলেই	1
লুঙ্গী	1
কমান্ডই	1
শুনতেছে	1
ইন্সট্রুমেন্টেশন	1
মাদ্রাজের	1
জ্ঞ্যানী	1
বোকারাও	1
ওয়েফার	1
মেটালিক	1
কন্ট্রোলস	1
ফিক্কা	1
বকতেছে	1
বইগুলা	1
ঘটনাগুলোও	1
পরিবর্তনও	1
অগোচরেই	1
পক্ষীয়	1
বাচ্চাকাচ্চাও	1
ঘাঁটানো	1
অপ্রয়োজনে	1
শব্দটিও	1
ভাগায়	1
চালাইয়েন	1
দায়িত্বজ্ঞ্যানহীনের	1
বকতেছো	1
হাইটের	1
খাইছিলো	1
হাইভোল্টেজ	1
বিধির	1
খন্ডাতে	1
সমস্যায়ও	1
গতকালে	1
ফেলতেছি	1
পিঁয়াজ	1
ভরিতে	1
মূল্যস্ফীতি	1
কিনতেছে	1
গহনাগুলো	1
ভাগাভাথার	1
কিটাপ্পা	1
আসছিরে	1
মাথাব্যাথাই	1
জ্যোতিষগিরির	1
রান্নাকরি	1
খেয়েদেয়েই	1
ভাঙ্গেনা	1
খেলতেছো	1
আইটেক্স	1
যাইতি	1
সাধারণতই	1
জ্যোতিষীরা	1
সাঁটায়	1
মানিকাম	1
প্রিয়াম	1
দর্শকবৃন্দকে	1
মার্কশীট	1
আন্নাই	1
একাউন্টটা	1
শেয়ারবাজারে	1
পয়েন্টও	1
প্রোজেক্টগুলো	1
আশানরুপ	1
শেয়ারবাজার	1
ঐদিনটাই	1
ইচ্ছাও	1
দেখবনে	1
নেতাজী	1
হারাইলো	1
ফটোগুলোতেও	1
বস্ত্রালয়ের	1
ব্লাউজে	1
যেম্নে	1
থিলাগানের	1
বন্দুকযুদ্ধ	1
থিলাগানকে	1
ভুয়াও	1
লিওনী	1
কাগজেই	1
টাইমলাইনে	1
কোঝান্দাভেইলের	1
কোট্টিভাক্কামের	1
কোট্টিভাক্কাম	1
বুঝান	1
অ্যানেসথেটিক্স	1
রিলেটিভিটি	1
চেয়ের	1
ডায়লোগগুলো	1
কোঝাইন্দাইভেল	1
কোঝাইদাইভেল	1
ইতস্ততবোধ	1
কয়টারে	1
ঢুকতেছেই	1
কোঝাইন্দাইভেলু	1
সেখাই	1
অতীতেই	1
রয়েই	1
মালয়ালাম	1
হিটস	1
ভিডিওই	1
ফটোর	1
মেকানিকনিকে	1
ভান্নারাপেট	1
স্ম্যাগলার	1
ঘন্টায়ও	1
ব্যবস্যা	1
লাইনক্রস	1
চাওয়াটাকে	1
মার্তন্ডাম	1
শিরোনামে	1
কিজন্যে	1
রিপ্লাইও	1
ভান্নারাপেটে	1
রামিয়া	1
তাড়াতারি	1
ফ্যানরা	1
স্ক্রিপ্টে	1
ডায়গুলো	1
ক্যামিও	1
তুইনা	1
মেকাপম্যান	1
গাড়ীতেই	1
যন্ত্রটাইতো	1
দাড়াইছে	1
বন্ধুরও	1
হোয়াটসএপ	1
মিরাকেলের	1
অ্যাটিক	1
কার্টেলগুলোর	1
তীব্রমাত্রায়	1
কার্টেলদের	1
আর্মস	1
স্কলারশিপ	1
ক্যারোলাইনা	1
ওয়েসিসের	1
ফোরক্লোজার	1
নার্কোটিক্সে	1
গ্রেভার	1
হোমোসাইডের	1
দমনে	1
পাসো	1
বিমানবালা	1
গনোরিয়া	1
মার্শালরা	1
টেক্সানদের	1
মার্শালদের	1
ফেডারেলে	1
এনফোর্সমেন্টের	1
কার্টাহেনা	1
জড়াচ্ছি	1
ট্যাফ্ট	1
ট্যাফ্টকে	1
ছাদগুলোতে	1
লেনের	1
পাসোর	1
সুড়ঙ্গপথের	1
ফাস্তোর	1
ফিস্ককে	1
ভেরদুগো	1
ইভানের	1
রসিদটা	1
ধর্তব্য	1
ততগুলোর	1
উপদেষ্টারা	1
বিচ্ছিরী	1
শুঁয়াপোকার	1
করাবিনা	1
খেলেছিলেন	1
হিটম্যানের	1
সুড়ঙ্গপথ	1
টহলদারদের	1
নোগালেশ	1
উইলকো	1
বোঝাল	1
কলোম্বিয়ান	1
সিলভিও	1
শোকার্ত	1
দাঁড়িওনা	1
ব্রাদার্স	1
বিমানাঙ্গনে	1
বিশ্বাসঘাতকেরা	1
থাকতিস	1
প্রজ্বলন	1
অস্ত্রগুলা	1
জংধরা	1
হাওড়া	1
হত্যাকারি	1
হাসল	1
স্ক্রিনসেভার	1
এলইডি	1
মেসিন	1
পরিকল্পনাহীন	1
হোয়েছো	1
উপযুক্ততা	1
হোয়াটস	1
গল্পগুজবেও	1
সেসন	1
মিত্থা	1
শপথকারীর	1
রুপিজ	1
থালাতে	1
কলসিতে	1
শিশুকণ্ঠ	1
জুনিওরস	1
ঝুঁকাবে	1
সেথার	1
প্রজনীয়তা	1
মুখার্জীর	1
থেকেন	1
হোয়ে	1
প্রাণপ্রার্থী	1
হওয়ালো	1
ট্যাক্সিচালকের	1
ইয়াসফাল	1
এবন	1
অনিকেত	1
ইন্টেলের	1
পূরষ্কৃত	1
ট্যাক্সিচালকদের	1
অস্ত্রবহন	1
খুড়ছো	1
শোধের	1
অংগিকারবদ্ধ	1
জীবি	1
ততক্ষণাৎ	1
এনং	1
দানকারী	1
৬ষ্ট	1
অন্তর্ঘাতে	1
নাচনৃত্যে	1
বউন্সার	1
চুসেছিস	1
অকাতরেই	1
পারিশ্রমিকের	1
কুপিয়েছে	1
হত্যাকারির	1
শ্রদ্ধাভাজনীয়	1
পুত্রবধুর	1
হত্যাকারীই	1
লোডার	1
তাড়ায়ে	1
হাস্যরসিক	1
পাইকারী	1
সবান	1
হাবাগোবার	1
সময়নিরুপন	1
হাসিকে	1
বরকেই	1
অভিব্যাক্তি	1
আচ্ছাদনে	1
তথ্যগুলা	1
ট্র‍্যাকিং	1
ছরিয়া	1
রাসবিহারী	1
এভেনিউ	1
বজায়্	1
লাইটগুলা	1
লুকাচুরি	1
খেলবিনা	1
ধড়া	1
পকেটমার	1
যত্	1
ফাঁটাতে	1
সর্বশক্তিধর	1
আমাদেরজে	1
শশুর	1
সম্পুর্ণই	1
আনকেল	1
অস্থান	1
পৈত্রিক	1
চারমাাস	1
বিল্ডিংএ	1
হুজ্জতি	1
ইস্কু	1
আস্কু	1
চালাবিনা	1
ঘরচুক্তির	1
ককরতে	1
ঘরচুক্তি	1
ফুলগুলা	1
গোলাপগুলার	1
বোটানিক্যাাল	1
বোটানিকাল	1
স্বল্পায়ু	1
খিঁচুনির	1
পাখাটা	1
আত্মাতে	1
ভাঙছেন	1
পাল্টাচ্ছেন	1
কন্যাাকে	1
সস্পর্শ	1
টিএম	1
৪২৮৭	1
রাউডি	1
ডটেড	1
গোমাতি	1
নিরুপণ	1
এবিসি	1
ব্লান্ড	1
পোজে	1
শাস্ত্রীয়	1
জীবনদাতা	1
মশলাযুক্ত	1
ঘামতে	1
গোমারি	1
মেয়েপুর্ণ	1
ধারকটি	1
জাহাজসমুহ	1
ধারকটিকে	1
মেয়েশিশুদের	1
অনাথদের	1
সমুদ্রসৈকতে	1
ধারকটা	1
মানসম্মানের	1
বিভৎস	1
গুণ্ডার	1
ফরমে	1
লড়ছিলেন	1
প্রতিবন্ধকতায়	1
খাবারদাবারের	1
প্রতিহিংসাও	1
জন্মদাতাদের	1
বন্ধনের	1
শুভভাবে	1
নিভতে	1
মানইজ্জত	1
বোকাচণ্ডী	1
ইনজেকশনের	1
প্রত্যয়	1
আঁকানোই	1
ভাইদেরও	1
ফিরবেই	1
সুখদুঃখের	1
লাটসাহেবের	1
ঘুরবি	1
রিভারসাইড	1
বাবুঘাট	1
গার্ডেনের	1
টুকরোয়	1
স্কেরিন	1
কাবানল	1
ওয়েনক্সিয়া	1
প্লানমতো	1
ঝিঙ্কু	1
ঘুরাবো	1
এপয়েন্টমেন্টে	1
ক্লাইন্ট	1
মিটায়	1
মেডেলিন	1
পতনেরর	1
ফাল্লুজায়	1
স্টার়	1
ট্রান্সপোর্টার	1
নিয়োগকারী	1
মজেস্টিক	1
লেডিসদের	1
আর্কডি	1
বেশ্যাগিরির	1
কয়েকজনও	1
হিসাবরক্ষককে	1
৯মিমি	1
প্রমানাদি	1
চক্রায়	1
বনকে	1
নিয়োগকারী	1
লেবেলেই	1
যতখুশি	1
প্রশ্নতো	1
ঔডি	1
প্রমানসহ	1
ম্যাডিটেরিয়ান	1
স্টানসিব	1
এস্টোনিয়ান	1
টাল্লিন	1
পেটেব্যাথা	1
বাচঁবে	1
বাকিরাই	1
ইয়টের	1
ইমাসব	1
উরিকে	1
আর্টাগন	1
অ্যানেসথিসিয়াবিদের	1
পরিবহণের	1
নিরোফ্লাক্সের	1
তারাহুরার	1
নিরোফ্লাক্স	1
স্টাম্প	1
মেরিডোনাল	1
অপ্সরীর	1
বাস্কোর	1
ফাকিঁ	1
মাস্কেটিয়ার্সেও	1
ভরছি	1
লেবেলে	1
সোনামণিদের	1
ঘুমপাড়ানির	1
শুনাচ্ছিলাম	1
রাগেও	1
মার্টিনেট	1
গুজডনের	1
পেটখারাপ	1
গুজডন	1
ক্লিয়ারেন্সের	1
শ্যাম্পেনই	1
উড়ানের	1
উরার	1
শুন্যযান	1
গিনাকে	1
পিরেনে	1
নিরাপত্তাকর্মীদের	1
মরলেও	1
উটুতে	1
সন্না	1
প্যাচাঁও	1
এভিয়ানে	1
ভোদকাও	1
ভোদকার	1
শীতলক	1
লুটবে	1
লুটেছিলো	1
ঊরির	1
ঊরিকেও	1
নিযে	1
ফাঁসলে	1
বেচাঁ	1
ফোলার	1
মাস্কেটিয়ার্সদের	1
জানুরা	1
পতিতায়	1
পৌছেঁ	1
ডিমতো	1
ঠিকটাই	1
বদমাশটার	1
পারছিলে	1
ধোকাবাজিঁ	1
পল্টনের	1
মিলিটারিদেরও	1
সন্দেহটা	1
দুমিনিট	1
দু্ই	1
ইয়টে	1
বাচাঁলে	1
এভিয়ানের	1
স্পিডবোট	1
ইজ্জতহানীর	1
সেটতো	1
হয	1
প্রকৌ	1
তেলাপিয়া	1
কাকড়া	1
সারাঘরে	1
ছোটগুলা	1
ওইগুলাতে	1
মাছওয়ালীঃ	1
এইগুলিতে	1
আঞ্জুরে	1
আড়ৎদার	1
অইডা	1
অইডাই	1
সদাইপাতি	1
সময়জ্ঞানহীন	1
চাইতাছোত	1
কাচটা	1
দোকানদারঃ	1
পুড়তো	1
ছিড়ালামু	1
যাইতাছত	1
খুকিঃ	1
বখাটেগুলার	1
বাড়তাছে	1
লেখতেছিলাম	1
হোমওয়ার্কে	1
তাকাইছিলো	1
প্রিষ্ট	1
মোড়টার	1
চিঠিঠা	1
দৌড়ায়া	1
নিজেগো	1
ছাড়মু	1
ছাড়ায়া	1
গেছেগা	1
আমাগোরেও	1
দোস্তরে	1
মারতাছিলো	1
লেখছি	1
জিগাইবো	1
মিথোলজি	1
মিথোলজীগীরি	1
শম্ভুরেও	1
জিগায়া	1
শম্ভুর	1
কথামতই	1
কামড়াইছে	1
কামড়াইয়া	1
ঠাপ্পড়	1
ফুইলা	1
উন্নিচেতান	1
ম্যাগাজিনটা	1
পড়তাছিলাম	1
জিগাইলো	1
টিউশনমেট	1
কালাপ্রামবাটুর	1
অ্যাকুডাক্ট	1
বুঝাইতে	1
উপাধী	1
ওইডায়	1
নিতাছে	1
খায়মাতে	1
থাকছিলো	1
গিরিরাজন	1
কজি	1
ভ্যাজাল	1
ম্যারিতে	1
থেমেছিলাম	1
বিষন্নভাবে	1
ভাগনের	1
পালায়া	1
আরবপুত্র	1
ভাগ্যভালো	1
হালায়ও	1
গুলাতো	1
ফুলদানীও	1
খুত	1
বেঞ্চগুলা	1
কেডায়	1
দোকনডারে	1
কইরবা	1
ফুলায়া	1
ম্যারিকেই	1
রাস্তাতো	1
কইছিলি	1
বয়েসে	1
গেলাস	1
যামুই	1
ভদ্রছেলের	1
এটুক	1
গিজগিজানি	1
হাটুগাইড়া	1
থুবানাথুমবিকাল	1
আঙ্গুরে	1
সাধারনভাবেই	1
কান্দাকাদি	1
মড়া	1
কপালরে	1
আজান	1
পৌছাইতে	1
রাজামানিকায়ম	1
মারালাইছে	1
রাম্মী	1
চিল্লাইছস	1
দানও	1
হারলাম	1
জোকারও	1
ভাঙ্গবিত	1
সিন্দু	1
লোগোটা	1
ভাগ্যভাল	1
গাড়ীটাই	1
জেরাফা	1
ফ্যানটাসটিক	1
বলছোস	1
কম্প্লেইন	1
ওসমানরে	1
দাড়াইতাছে	1
আসওয়াথি	1
দীপা	1
ত্রিশোর	1
এ্যলকোহল	1
এলাউ	1
ষ্টুডেন্টরা	1
শুনান	1
অল্পসময়ে	1
ইনফরমালি	1
ব্রণ	1
ঘটাবিই	1
এক্সামে	1
সাসপেনশানতো	1
তোদেরও	1
ভিমান	1
স্পাডিকাম	1
ইমম	1
৯৮৯৪১	1
৭৬৫১	1
এএ	1
রোভাসটা	1
পড়াচ্ছিলাম	1
শিখাটা	1
জাভার	1
প্রপারটিজ	1
ছিলামতো	1
ইনহেরি	1
ইনহেরিটেন্স	1
নাম্ভার	1
প্রশ্রাব	1
ফটকাবাজির	1
কেন্টিনে	1
তাকাইলাম	1
জবাবদীহি	1
হাঁসছিস	1
ঘটনাটাতে	1
চাপাবেন	1
চাপান	1
ডিকশনারিতেও	1
অসংবিধানিক	1
এলকোহলের	1
ওয়ালপেপারে	1
ডায়লগটা	1
ফাটায়া	1
দিসো	1
ষ্টেন্ড	1
এ্যাহহ	1
উওও	1
ফিগারটা	1
জোস্	1
এককথা	1
মুখচাইপা	1
তৎক্ষনাত	1
গৃহকর্ত্রী	1
মোরগা	1
পাইতাছোস	1
নিগিলরে	1
ভিমাল	1
সিদ্ব	1
কোদাইকানালই	1
তিরুচি	1
সালেম	1
এলাচ	1
দিঘী	1
ডাকলো	1
বান্ধবির	1
বেইমানের	1
একপ্লেট	1
তাকায়া	1
সুদর্শনও	1
চাটনিটা	1
বিদ্যুৎপৃষ্ট	1
লরির	1
শুকায়া	1
গ্লামার	1
লুকসের	1
ভাজিতো	1
সাজী	1
তামিলিয়ান	1
কোদামবাকামে	1
সন্দেহবাতিকতার	1
বানাইলি	1
আরিভুর	1
ধুচ্ছিলাম	1
বেলী	1
মুল্লা	1
চল্লাম	1
রাম্মি	1
সাম্ভু	1
নন্দিনি	1
ভেজালটা	1
সানগ্লাসটা	1
এনসি	1
মজু	1
কলব্যাক	1
রান্নাবারা	1
ড্যান্সারকে	1
ঝোগা	1
কুচিপুডি	1
ভরতনাট্যম	1
ষ্টেপগুলো	1
ষ্টেপই	1
পোলাপানগুলাও	1
পাড্ডা	1
পাডা	1
মেসে	1
জাষ্টিনরে	1
চুপথাক	1
হইইয়া	1
পরিনাই	1
প্রিন্সিপালরে	1
শুইকা	1
কলেজরে	1
খুড়বো	1
ভাবতেছস	1
ডাকতাছি	1
শিখাইছে	1
ফেষ্টিবাল	1
বাউলাগানে	1
নাচমু	1
ওর্য়াম	1
পেমেন্টে	1
খোলামু	1
হাসন	1
শুনছস	1
ভাগায়া	1
বেড়াইয়ে	1
ঘটব	1
বুঝিনাই	1
গেষ্টলেকচারার	1
টানছেন	1
মালারের	1
হলুদের	1
যাওইয়া	1
হতি	1
এমননা	1
করতাছত	1
ক্লিনিংয়ের	1
জাঁহাপনার	1
এগুলোরে	1
এয়ারফোন	1
ঘুরতাছস	1
ধুত্তেরিকা	1
গপু	1
অর্ডারটা	1
সাজাইছে	1
পেষ্ট্রি	1
মুখতো	1
সমুচা	1
ঘুচাইতে	1
অর্ডারটাতো	1
কাষ্টোমার	1
শোধরাবে	1
ইন্ডিয়ানদেরই	1
দোকানও	1
ধোয়ামোছা	1
৪৫০	1
শুভেচ্ছাও	1
এখাকার	1
ষ্টাফ	1
কলেজমেট	1
ক্রিষ্টিকে	1
কয়ার	1
শাম্ভুর	1
গাইতি	1
আনারকলি	1
এপিসোডটা	1
পুরোনো	1
আলাপও	1
চিচি	1
ডিজাইনিং	1
কনফিউশানে	1
গড়নের	1
এ্যারেঞ্জ	1
সেটেলড	1
ব্যাবধান	1
ফাহাদ	1
নাজরিয়া	1
মূহুতে	1
ষ্টাইলে	1
কনফিডেন্ট	1
ফাউলটাকে	1
আছিলি	1
সিম্পলি	1
নিসে	1
প্রপোজালের	1
মতোই	1
আগাফিতে	1
ঘাটাবে	1
কাষ্টোমাররা	1
পরথেকে	1
উকালতি	1
আসছস	1
বেবিরেও	1
ক্ষেইপা	1
আসতেছস	1
আত্বহত্যা	1
উঠছোস	1
এ্যালকোহল	1
ধোসা	1
ডিশিসান	1
পোলাপাইনগো	1
জেসাসের	1
বাজেই	1
বেবিটা	1
ক্রেকার্স	1
জম্পেস	1
একেটা	1
রিসিপশানের	1
ত্রিশা	1
টানতো	1
বাইনচো	1
বাড়াইছস	1
মার্লের	1
বেমিল	1
আমরাইতো	1
এতবছরে	1
বলতেছস	1
জোজোর	1
ফুলেরাও	1
আল্লাই	1
আইস্ক্রিমটা	1
নির্ভুল্ভাবে	1
এফবিআইতে	1
ইউটিউবের	1
যোগ্যরাই	1
এগুলোকেই	1
হাস্যরসিকও	1
মাহানা	1
একশতলা	1
ছেলেপেলেও	1
পুলিশকর্মীরা	1
অখণ্ডিত	1
ইউএসএর	1
স্রোতশীল	1
ইঙ্গা	1
নদীপ্রপাত	1
সবগুলোরই	1
এভারেস্টের	1
উনো	1
খেলাগুলোকে	1
এথলেট	1
এভারেস্টে	1
নিম্নচাপের	1
আটশ	1
স্নোবোর্ডিং	1
উতরানো	1
আধাঘণ্টার	1
স্কাইডাইভ	1
কারনটি	1
টেস	1
ফ্যাসিলেটিরই	1
পাপাসের	1
সারেনি	1
তলানি	1
রোটিঞ্জার	1
রেসক্রস	1
করতাছিলা	1
ফেলছিলা	1
হিশুও	1
পারবানা	1
ফারিক	1
সার্ফারকে	1
চিনবনা	1
হাড়েহাড়ে	1
খাচ্ছিলা	1
বোধির	1
আধামাইল	1
নিয়মনান্ত্রিক	1
ভাগবে	1
উড়বা	1
মোক্ষে	1
ভারসম্যের	1
আটটিই	1
যায়গাটি	1
ভোরবেলা	1
হুহু	1
ইউট	1
বরফময়	1
মৃত্যুফাঁদ	1
চাওডারকে	1
কইথেকে	1
ডেয়ারডিভিলের	1
পিশাব	1
বিশুদ্ধতায়	1
গল্পটিই	1
কমায়নি	1
দুলাচ্ছিল	1
জঘন্যা	1
আরেকরকম	1
গ্রুমান	1
মিনারেলসের	1
মিলয়ন	1
চলোনি	1
ভারসম্য	1
আত্মত্যাগী	1
অপরাধীই	1
প্রোফাইলও	1
জঘন্যতাই	1
ব্রাঞ্চ	1
ইচ্ছাপূরণের	1
সবগুলোতেই	1
হাতেগোনা	1
ভেনিজুয়েলা	1
ভেনিজুয়েলার	1
বোধিকে	1
পানিময়	1
কাগজপত্রই	1
রিগামের	1
রিগামই	1
স্কানিং	1
চাইকোভস্কি	1
আডাজিওর	1
ওপেরা	1
খৃষ্টপূর্ব	1
যোগ্যতমের	1
আলিসিজিয়াং	1
টাছি	1
খরায়	1
নিয়মানুসারেই	1
আইনসমূহ	1
দেখিনাই	1
বিশটার	1
চল্লিশটা	1
হানকে	1
চোরাচালানির	1
পুননির্মাণের	1
কুইবিং	1
গীস	1
তলোয়ারবাজিতে	1
পাঁচটিই	1
অবসাদের	1
পানিটুকু	1
সুখবরের	1
মরদের	1
কর্পসদের	1
জেরারেল	1
ক্যাপ্টেনটি	1
নুড়ি	1
নুরি	1
নিয়মমাফিকই	1
দেয়ালও	1
তলোয়ারবাজি	1
আঁকতেছ	1
সঙ্গীতটা	1
লিসিনিয়াস	1
ডাইভসের	1
ক্রাসাসের	1
পাঠাতেন	1
পঙ্কিল	1
ডেসিমাস	1
চায়নাতেও	1
মনোনিত	1
আগরিপ্পা	1
স্থিরীকৃত	1
শক্তিবৃদ্ধি	1
বাটু	1
আপামনির	1
আলিজিয়াং	1
অনুগমনের	1
ঐক্যসাধনে	1
ফাঁসবো	1
রোমানরাই	1
মুদ্রাগুলো	1
ক্রোরানে	1
প্রাকটিকাল	1
সৎসাহস	1
অস্ত্রসস্ত্র	1
বেজন্মাদের	1
সশস্ত্রে	1
গুরিয়ে	1
স্টাটিয়াস	1
টেলা	1
পঙ্গপালের	1
পার্থিয়ানরা	1
ক্রাসাসকে	1
গ্যারান্টির	1
তলোয়ার	1
মানুষজাতিকে	1
দ্বন্দ্বে	1
অহমিকা	1
সীমাবদ্ধতাগুলো	1
উপলব্ধিতে	1
হানউয়ান	1
রাসায়	1
অভিজাত্যের	1
যাওয়ারা	1
সম্প্রীতির	1
চমকাতে	1
অনিক	1
ক্যালিফর্নিয়া	1
বিভর	1
আনুভূতি	1
মিন্সক	1
এসাইনমেন্টে	1
মালয়েশিয়াতেই	1
বেঞ্জির	1
বুঝেছিতো	1
এঞ্জিন	1
হাইড্রলিকস	1
ধ্রুপদী	1
দোতারা	1
বাজাতো	1
একতারার	1
ভাবেশ্বরের	1
বেলারুশে	1
ভিএক্স	1
দামাস্কাসে	1
মরণাস্ত্র	1
সন্দেহকে	1
আন্দোলনকে	1
বন্ধুভাবাপন্ন	1
এগুচ্ছিল	1
ম্যাসেজটি	1
স্বীকারও	1
আন্তঃরাষ্ট্রিয়	1
পাঁঠাটার	1
মচকাতে	1
খোলানোর	1
ব্রাবো	1
একাট্টা	1
ভিন্টারকে	1
সাপুড়ে	1
ঝাড়ে	1
ল্যাঙলি	1
৬০৬	1
মোগল	1
ইসরায়েলি	1
যুগসুত্র	1
অপারেশনটা	1
ষড়যন্ত্রমূলক	1
স্যুটটায়	1
সার্চিং	1
জুতোজোড়া	1
বাঁচানোতে	1
ভাসিয়েছি	1
২য়টাতেও	1
নিশ্চিতকারী	1
তদন্তযোগ্য	1
পুরোটায়	1
পৌঁছানোমাত্রই	1
কেএসএ	1
বসফরাসে	1
মালই	1
জাকার্তাতেও	1
২৩৬	1
যাত্রীসহ	1
উধাওয়ের	1
দুর্ঘটনাগুলো	1
বিশ্বব্যাংকের	1
অস্ত্রবিরতি	1
গৃহযুদ্ধে	1
বালছালই	1
প্লান্ট	1
সংরক্ষণাগারও	1
কাসাব্লাংকাতে	1
টাস্কফোর্স	1
টিকিটিরও	1
হান্টলিকে	1
ইথানদের	1
সিআইএকে	1
চীপে	1
উৎপাদনকেন্দ্রের	1
ডাউনলোডের	1
ক্যামরাগুলো	1
এক্কাদোক্কা	1
শেফট	1
কনড্যুয়াট	1
আনয়ন	1
মোদ্দাকথা	1
৭০হাজার	1
প্লান্টের	1
প্রবেশস্থল	1
হ্যাচে	1
পূর্ণস্রোতে	1
ইন্সটলে	1
ছুটকিতেই	1
সালামুলাইকুম	1
নাড়িয়ো	1
পৌঁছানোমাত্র	1
বৃষ্টিজলের	1
এতদিনধরে	1
প্রক্রিয়াধীন	1
লাগছেরে	1
পাল্টাধাওয়া	1
কচ্ছপে	1
তথ্যাগার	1
গঠনপ্রকৃতি	1
তল্পিবাহক	1
হান্টও	1
ছদ্মবেশের	1
স্কেন	1
রেডবক্স	1
নেশাতেই	1
এমুহূর্তে	1
ইথানেরই	1
দিব্যদৃষ্টি	1
ছাড়বেই	1
ছড়ানোয়	1
সংহার	1
জুয়ারির	1
হাজারেরো	1
খলনায়কটা	1
চীপটাকে	1
লেইনও	1
মানুষেরাও	1
পগারপার	1
মশাইকে	1
বড়কথা	1
সঙ্গদোষ	1
ফিরছিলেন	1
সম্মানীয়া	1
দ্বারায়	1
এমুহূর্তের	1
সলোমেন	1
মৃত্যুদন্ডদাতা	1
ঝেড়ো	1
বেরুবেন	1
প্রতিদন্ধী	1
শীর	1
বিগরে	1
ফাঁসিয়েছেন	1
ফাঁসিয়েছিলাম	1
চীপটি	1
সমপরিমাণ	1
দশকেরও	1
সিমটেক্স	1
৫৩০	1
তরুণীটিকে	1
আড়ম্ব	1
আদেশগুলো	1
খাঁচাতে	1
ছাতাটাও	1
কোনাতে	1
জানিয়েছিলেন	1
উচ্চপর্যায়েও	1
ছদ্মবেশটা	1
চালুকরণের	1
